[LEFT ""]
[RIGHT ""]
MAP
201 17
-11119 -10762 -10695 -9422 -9974 -8807 -8745 -9803 -9352 -8363 -7836 -7790 -8577 -8776 -7781 -7523 -8466 -7130 -7244 -7111 -6996 -6810 -6817 -6810 -7808 -6360 -6014 -6255 -6078 -6834 -6125 -5885 -6606 -5558 -5693 -5305 -5585 -5145 -5158 -5093 -5037 -5033 -4909 -4839 -4991 -4371 -4470 -4285 -4640 -4270 -4148 -4157 -3559 -3843 -3645 -3839 -3809 -3646 -3649 -3268 -3781 -3220 -3049 -3104 -3215 -3059 -2836 -2638 -2717 -2485 -2440 -2357 -2085 -2218 -2205 -2085 -2037 -1662 -1913 -2234 -1676 -1466 -1902 -1230 -1385 -1329 -1081 -1036 -869 -974 -589 -677 -420 -583 -581 -394 -634 -533 -320 -164 0 164 320 533 634 394 581 583 420 677 589 974 869 1036 1081 1329 1385 1230 1902 1466 1676 2234 1913 1662 2037 2085 2205 2218 2085 2357 2440 2485 2717 2638 2836 3059 3215 3104 3049 3220 3781 3268 3649 3646 3809 3839 3645 3843 3559 4157 4148 4270 4640 4285 4470 4371 4991 4839 4909 5033 5037 5093 5158 5145 5585 5305 5693 5558 6606 5885 6125 6834 6078 6255 6014 6360 7808 6810 6817 6810 6996 7111 7244 7130 8466 7523 7781 8776 8577 7790 7836 8363 9352 9803 8745 8807 9974 9422 10695 10762 11119
-653 2815 1092 -1308 -2779 1780 608 -4393 4322 2659 -3050 224 5383 -5768 1736 -755 7081 923 3228 -3883 -1562 2025 -4756 -2690 -7202 6457 -5756 4012 2719 8415 5251 800 -8564 -4787 -2711 -3623 -1394 1956 4862 -126 6381 3431 -6706 7546 9935 -2183 -7877 4484 -10176 2691 5606 -4576 8489 3552 6908 -1165 -6416 2030 -93 -8774 949 -5612 5275 -7435 -3576 4086 -1096 3133 -2280 1072 -70 -4854 2182 6448 8135 -7401 4334 -3101 -6297 -9662 -1349 672 10623 -377 -4584 5149 -8128 3551 -5518 -10823 -7307 1158 9745 7911 -6417 -4050 6469 -1517 5226 2535 0 -2535 -5226 1517 -6469 4050 6417 -7911 -9745 -1158 7307 10823 5518 -3551 8128 -5149 4584 377 -10623 -672 1349 9662 6297 3101 -4334 7401 -8135 -6448 -2182 4854 70 -1072 2280 -3133 1096 -4086 3576 7435 -5275 5612 -949 8774 93 -2030 6416 1165 -6908 -3552 -8489 4576 -5606 -2691 10176 -4484 7877 2183 -9935 -7546 6706 -3431 -6381 126 -4862 -1956 1394 3623 2711 4787 8564 -800 -5251 -8415 -2719 -4012 5756 -6457 7202 2690 4756 -2025 1562 3883 -3228 -923 -7081 755 -1736 5768 -5383 -224 3050 -2659 -4322 4393 -608 -1780 2779 1308 -1092 -2815 653
STRONGHOLDS 18 35 46 53 71 75 76 92 100 108 124 125 129 147 154 165 182
4 2 3 4 6
4 2 5 8 9
4 0 1 5 6
7 0 4 6 10 11 15 20
4 0 3 7 10
5 1 2 6 9 14
6 0 2 3 5 11 14
4 4 10 13 19
4 1 9 12 18
5 1 5 8 14 18
6 3 4 7 19 20 23
5 3 6 14 15 17
6 8 16 18 25 27 30
4 7 19 22 24
7 5 6 9 11 17 18 21
7 3 11 17 20 31 36 39
3 12 25 29
5 11 14 15 21 31
7 8 9 12 14 21 27 28
8 7 10 13 22 23 33 34 35
6 3 10 15 23 34 36
6 14 17 18 28 31 37
5 13 19 24 26 33
4 10 19 20 34
4 13 22 26 32
6 12 16 29 30 40 43
5 22 24 32 33 42
6 12 18 28 30 38 41
5 18 21 27 37 41
4 16 25 43 44
5 12 25 27 38 40
6 15 17 21 37 39 60
5 24 26 42 46 48
6 19 22 26 35 42 51
6 19 20 23 35 36 45
6 19 33 34 45 51 64
6 15 20 34 39 45 55
7 21 28 31 41 49 57 60
6 27 30 40 41 47 50
6 15 31 36 55 58 60
6 25 30 38 43 50 54
7 27 28 37 38 47 49 53
6 26 32 33 46 51 56
6 25 29 40 44 52 54
4 29 43 52 82
6 34 35 36 55 64 68
6 32 42 48 56 59 63
6 38 41 50 53 62 65
5 32 46 59 79 89
4 37 41 53 57
5 38 40 47 54 62
7 33 35 42 56 61 64 71
5 43 44 54 74 82
6 41 47 49 57 65 67
7 40 43 50 52 62 73 74
6 36 39 45 58 66 68
6 42 46 51 61 63 78
7 37 49 53 60 67 69 72
6 39 55 60 66 69 70
5 46 48 63 75 79
6 31 37 39 57 58 69
4 51 56 71 78
7 47 50 54 65 73 76 85
5 46 56 59 75 78
6 35 45 51 68 71 77
5 47 53 62 67 76
5 55 58 68 70 80
6 53 57 65 72 76 87
6 45 55 64 66 77 80
6 57 58 60 70 72 81
6 58 66 69 80 81 83
7 51 61 64 77 78 84 88
7 57 67 69 81 87 91 99
6 54 62 74 85 93 96
6 52 54 73 82 92 93
6 59 63 78 79 86 90
5 62 65 67 85 87
8 64 68 71 80 84 95 97 101
8 56 61 63 71 75 88 90 94
6 48 59 75 86 89 108
6 66 68 70 77 83 97
6 69 70 72 83 91 100
5 44 52 74 92 111
5 70 80 81 97 100
4 71 77 88 95
6 62 73 76 87 96 98
5 75 79 90 107 108
7 67 72 76 85 98 99 105
6 71 78 84 94 95 102
4 48 79 108 118
6 75 78 86 94 104 107
5 72 81 99 100 103
6 74 82 93 111 114 121
6 73 74 92 96 110 114
5 78 88 90 102 104
6 77 84 88 101 102 113
6 73 85 93 98 106 110
6 77 80 83 100 101 109
6 85 87 96 105 106 112
6 72 87 91 103 105 123
8 81 83 91 97 103 109 117 119
6 77 95 97 109 113 128
6 88 94 95 104 113 115
6 91 99 100 117 120 123
6 90 94 102 107 115 127
6 87 98 99 112 116 123
5 96 98 110 112 122
6 86 90 104 108 126 127
6 79 86 89 107 118 126
5 97 100 101 119 128
6 93 96 106 114 122 125
4 82 92 121 152
6 98 105 106 116 122 129
7 95 101 102 115 124 128 133
5 92 93 110 121 125
6 102 104 113 124 127 138
4 105 112 123 129
5 100 103 119 120 130
5 89 108 126 148 156
6 100 109 117 128 130 131
6 103 117 123 130 132 134
6 92 111 114 125 141 152
8 106 110 112 125 129 137 139 144
8 99 103 105 116 120 129 132 136
5 113 115 133 135 138
6 110 114 121 122 137 141
6 107 108 118 127 146 148
6 104 107 115 126 138 146
7 101 109 113 119 131 133 143
7 112 116 122 123 136 139 149
6 117 119 120 131 134 142
6 119 128 130 140 142 143
6 120 123 134 136 145 155
6 113 124 128 135 143 147
5 120 130 132 142 145
5 124 133 138 147 153
6 123 129 132 149 155 165
5 122 125 141 144 154
7 115 124 127 135 146 150 153
4 122 129 144 149
6 131 142 143 161 163 169
5 121 125 137 152 154
6 130 131 134 140 145 161
7 128 131 133 140 147 151 163
6 122 137 139 149 154 158
6 132 134 142 155 161 164
7 126 127 138 148 150 157 160
6 133 135 143 151 153 159
5 118 126 146 156 157
7 129 136 139 144 158 165 167
5 138 146 153 160 162
4 143 147 159 163
5 111 121 141 154 168
6 135 138 147 150 159 162
6 137 141 144 152 158 168
6 132 136 145 164 165 166
4 118 148 157 171
6 146 148 156 160 171 175
6 144 149 154 167 168 174
7 147 151 153 162 163 172 173
6 146 150 157 162 170 175
6 140 142 145 164 169 185
6 150 153 159 160 170 173
7 140 143 151 159 169 172 179
6 145 155 161 166 180 185
6 136 149 155 166 167 181
6 155 164 165 177 180 181
6 149 158 165 174 178 181
5 152 154 158 174 176
6 140 161 163 179 183 185
5 160 162 173 175 188
4 156 157 175 184
5 159 163 173 179 182
6 159 162 170 172 182 188
5 158 167 168 176 178
6 157 160 170 171 184 188
4 168 174 178 187
4 166 180 181 190
5 167 174 176 181 187
6 163 169 172 182 183 186
6 164 166 177 185 190 197
8 165 166 167 177 178 187 190 193
7 172 173 179 186 188 191 192
5 169 179 185 186 189
3 171 175 188
7 161 164 169 180 183 189 197
7 179 182 183 189 191 194 195
4 176 178 181 193
6 170 173 175 182 184 192
5 183 185 186 194 197
6 177 180 181 193 196 197
5 182 186 192 195 199
4 182 188 191 199
4 181 187 190 196
6 186 189 195 197 198 200
5 186 191 194 198 199
4 190 193 197 200
7 180 185 189 190 194 196 200
4 194 195 199 200
4 191 192 195 198
4 194 196 197 198
END MAP
TURN 1
COMMAND LEFT START
MOVE A2 18
MOVE A3 35
COMMAND LEFT END
COMMAND RIGHT START
MOVE B1 182
MOVE B2 100
COMMAND RIGHT END
TURN 1 RESULT
TIME LEFT 1 5 RIGHT 1 5
MOVE A2 6
MOVE A3 3
MOVE B1 194
MOVE B2 197
END TURN 1
TURN 2
COMMAND LEFT START
COMMAND LEFT END
COMMAND RIGHT START
COMMAND RIGHT END
TURN 2 RESULT
TIME LEFT 0 5 RIGHT 0 5
MOVE A2 14
MOVE A3 20
MOVE B1 186
MOVE B2 185
END TURN 2
TURN 3
COMMAND LEFT START
COMMAND LEFT END
COMMAND RIGHT START
COMMAND RIGHT END
TURN 3 RESULT
TIME LEFT 0 5 RIGHT 0 5
MOVE A2 18
MOVE A3 34
MOVE B1 182
MOVE B2 161
END TURN 3
TURN 4
COMMAND LEFT START
UPGRADE 18
COMMAND LEFT END
COMMAND RIGHT START
UPGRADE 182
COMMAND RIGHT END
TURN 4 RESULT
TIME LEFT 0 5 RIGHT 0 5
UPGRADE A 18
UPGRADE B 182
MOVE A3 35
MOVE B2 142
END TURN 4
TURN 5
COMMAND LEFT START
COMMAND LEFT END
COMMAND RIGHT START
COMMAND RIGHT END
TURN 5 RESULT
TIME LEFT 0 5 RIGHT 0 5
MOVE B2 130
END TURN 5
TURN 6
COMMAND LEFT START
COMMAND LEFT END
COMMAND RIGHT START
COMMAND RIGHT END
TURN 6 RESULT
TIME LEFT 0 5 RIGHT 0 5
MOVE B2 117
END TURN 6
TURN 7
COMMAND LEFT START
COMMAND LEFT END
COMMAND RIGHT START
COMMAND RIGHT END
TURN 7 RESULT
TIME LEFT 0 5 RIGHT 0 5
MOVE B2 100
END TURN 7
TURN 8
COMMAND LEFT START
COMMAND LEFT END
COMMAND RIGHT START
COMMAND RIGHT END
TURN 8 RESULT
TIME LEFT 0 5 RIGHT 0 5
END TURN 8
TURN 9
COMMAND LEFT START
COMMAND LEFT END
COMMAND RIGHT START
COMMAND RIGHT END
TURN 9 RESULT
TIME LEFT 0 5 RIGHT 0 5
END TURN 9
TURN 10
COMMAND LEFT START
COMMAND LEFT END
COMMAND RIGHT START
COMMAND RIGHT END
TURN 10 RESULT
TIME LEFT 0 5 RIGHT 0 5
END TURN 10
TURN 11
COMMAND LEFT START
COMMAND LEFT END
COMMAND RIGHT START
COMMAND RIGHT END
TURN 11 RESULT
TIME LEFT 0 5 RIGHT 0 5
END TURN 11
TURN 12
COMMAND LEFT START
COMMAND LEFT END
COMMAND RIGHT START
COMMAND RIGHT END
TURN 12 RESULT
TIME LEFT 0 5 RIGHT 0 5
END TURN 12
TURN 13
COMMAND LEFT START
COMMAND LEFT END
COMMAND RIGHT START
COMMAND RIGHT END
TURN 13 RESULT
TIME LEFT 0 5 RIGHT 0 5
END TURN 13
TURN 14
COMMAND LEFT START
COMMAND LEFT END
COMMAND RIGHT START
COMMAND RIGHT END
TURN 14 RESULT
TIME LEFT 0 5 RIGHT 0 5
END TURN 14
TURN 15
COMMAND LEFT START
COMMAND LEFT END
COMMAND RIGHT START
UPGRADE 100
COMMAND RIGHT END
TURN 15 RESULT
TIME LEFT 0 5 RIGHT 0 5
UPGRADE B 100
END TURN 15
TURN 16
COMMAND LEFT START
COMMAND LEFT END
COMMAND RIGHT START
COMMAND RIGHT END
TURN 16 RESULT
TIME LEFT 0 5 RIGHT 0 5
END TURN 16
TURN 17
COMMAND LEFT START
COMMAND LEFT END
COMMAND RIGHT START
COMMAND RIGHT END
TURN 17 RESULT
TIME LEFT 0 5 RIGHT 0 5
END TURN 17
TURN 18
COMMAND LEFT START
COMMAND LEFT END
COMMAND RIGHT START
TRAIN 1
COMMAND RIGHT END
TURN 18 RESULT
TIME LEFT 0 5 RIGHT 0 5
TRAIN B4
END TURN 18
TURN 19
COMMAND LEFT START
COMMAND LEFT END
COMMAND RIGHT START
COMMAND RIGHT END
TURN 19 RESULT
TIME LEFT 0 5 RIGHT 0 5
END TURN 19
TURN 20
COMMAND LEFT START
COMMAND LEFT END
COMMAND RIGHT START
COMMAND RIGHT END
TURN 20 RESULT
TIME LEFT 0 5 RIGHT 0 5
END TURN 20
TURN 21
COMMAND LEFT START
COMMAND LEFT END
COMMAND RIGHT START
COMMAND RIGHT END
TURN 21 RESULT
TIME LEFT 0 5 RIGHT 0 5
END TURN 21
TURN 22
COMMAND LEFT START
COMMAND LEFT END
COMMAND RIGHT START
COMMAND RIGHT END
TURN 22 RESULT
TIME LEFT 0 5 RIGHT 0 5
END TURN 22
TURN 23
COMMAND LEFT START
COMMAND LEFT END
COMMAND RIGHT START
COMMAND RIGHT END
TURN 23 RESULT
TIME LEFT 0 5 RIGHT 0 5
END TURN 23
TURN 24
COMMAND LEFT START
COMMAND LEFT END
COMMAND RIGHT START
COMMAND RIGHT END
TURN 24 RESULT
TIME LEFT 0 5 RIGHT 0 5
END TURN 24
TURN 25
COMMAND LEFT START
UPGRADE 35
TRAIN 1
COMMAND LEFT END
COMMAND RIGHT START
COMMAND RIGHT END
TURN 25 RESULT
TIME LEFT 0 5 RIGHT 0 5
UPGRADE A 35
TRAIN A4
END TURN 25
TURN 26
COMMAND LEFT START
MOVE A4 35
COMMAND LEFT END
COMMAND RIGHT START
COMMAND RIGHT END
TURN 26 RESULT
TIME LEFT 0 5 RIGHT 0 5
MOVE A4 3
END TURN 26
TURN 27
COMMAND LEFT START
COMMAND LEFT END
COMMAND RIGHT START
COMMAND RIGHT END
TURN 27 RESULT
TIME LEFT 0 5 RIGHT 0 5
MOVE A4 20
END TURN 27
TURN 28
COMMAND LEFT START
COMMAND LEFT END
COMMAND RIGHT START
MOVE B3 165
COMMAND RIGHT END
TURN 28 RESULT
TIME LEFT 0 5 RIGHT 0 5
MOVE A4 34
MOVE B3 197
END TURN 28
TURN 29
COMMAND LEFT START
COMMAND LEFT END
COMMAND RIGHT START
COMMAND RIGHT END
TURN 29 RESULT
TIME LEFT 0 5 RIGHT 0 5
MOVE A4 35
MOVE B3 180
END TURN 29
TURN 30
COMMAND LEFT START
MOVE A4 71
COMMAND LEFT END
COMMAND RIGHT START
COMMAND RIGHT END
TURN 30 RESULT
TIME LEFT 0 5 RIGHT 0 5
MOVE A4 51
MOVE B3 166
END TURN 30
TURN 31
COMMAND LEFT START
COMMAND LEFT END
COMMAND RIGHT START
COMMAND RIGHT END
TURN 31 RESULT
TIME LEFT 0 5 RIGHT 0 5
MOVE A4 71
MOVE B3 165
END TURN 31
TURN 32
COMMAND LEFT START
COMMAND LEFT END
COMMAND RIGHT START
UPGRADE 165
COMMAND RIGHT END
TURN 32 RESULT
TIME LEFT 0 5 RIGHT 0 5
UPGRADE B 165
END TURN 32
TURN 33
COMMAND LEFT START
COMMAND LEFT END
COMMAND RIGHT START
COMMAND RIGHT END
TURN 33 RESULT
TIME LEFT 0 5 RIGHT 0 5
END TURN 33
TURN 34
COMMAND LEFT START
COMMAND LEFT END
COMMAND RIGHT START
TRAIN 1
COMMAND RIGHT END
TURN 34 RESULT
TIME LEFT 0 5 RIGHT 0 5
TRAIN B5
END TURN 34
TURN 35
COMMAND LEFT START
UPGRADE 71
COMMAND LEFT END
COMMAND RIGHT START
COMMAND RIGHT END
TURN 35 RESULT
TIME LEFT 0 5 RIGHT 0 5
UPGRADE A 71
END TURN 35
TURN 36
COMMAND LEFT START
COMMAND LEFT END
COMMAND RIGHT START
COMMAND RIGHT END
TURN 36 RESULT
TIME LEFT 0 5 RIGHT 0 5
END TURN 36
TURN 37
COMMAND LEFT START
COMMAND LEFT END
COMMAND RIGHT START
COMMAND RIGHT END
TURN 37 RESULT
TIME LEFT 0 5 RIGHT 0 5
END TURN 37
TURN 38
COMMAND LEFT START
TRAIN 1
COMMAND LEFT END
COMMAND RIGHT START
MOVE B5 147
COMMAND RIGHT END
TURN 38 RESULT
TIME LEFT 0 5 RIGHT 0 5
TRAIN A5
MOVE B5 194
END TURN 38
TURN 39
COMMAND LEFT START
MOVE A5 75
COMMAND LEFT END
COMMAND RIGHT START
COMMAND RIGHT END
TURN 39 RESULT
TIME LEFT 0 5 RIGHT 0 5
MOVE A5 3
MOVE B5 186
END TURN 39
TURN 40
COMMAND LEFT START
COMMAND LEFT END
COMMAND RIGHT START
COMMAND RIGHT END
TURN 40 RESULT
TIME LEFT 0 5 RIGHT 0 5
MOVE A5 10
MOVE B5 179
END TURN 40
TURN 41
COMMAND LEFT START
COMMAND LEFT END
COMMAND RIGHT START
COMMAND RIGHT END
TURN 41 RESULT
TIME LEFT 0 5 RIGHT 0 5
MOVE A5 19
MOVE B5 172
END TURN 41
TURN 42
COMMAND LEFT START
COMMAND LEFT END
COMMAND RIGHT START
COMMAND RIGHT END
TURN 42 RESULT
TIME LEFT 0 5 RIGHT 0 5
MOVE A5 22
MOVE B5 159
END TURN 42
TURN 43
COMMAND LEFT START
COMMAND LEFT END
COMMAND RIGHT START
COMMAND RIGHT END
TURN 43 RESULT
TIME LEFT 0 5 RIGHT 0 5
MOVE A5 26
MOVE B5 147
END TURN 43
TURN 44
COMMAND LEFT START
COMMAND LEFT END
COMMAND RIGHT START
UPGRADE 147
COMMAND RIGHT END
TURN 44 RESULT
TIME LEFT 0 5 RIGHT 0 5
UPGRADE B 147
MOVE A5 42
END TURN 44
TURN 45
COMMAND LEFT START
COMMAND LEFT END
COMMAND RIGHT START
COMMAND RIGHT END
TURN 45 RESULT
TIME LEFT 0 5 RIGHT 0 5
MOVE A5 56
END TURN 45
TURN 46
COMMAND LEFT START
COMMAND LEFT END
COMMAND RIGHT START
TRAIN 1
COMMAND RIGHT END
TURN 46 RESULT
TIME LEFT 0 5 RIGHT 0 5
TRAIN B6
MOVE A5 63
END TURN 46
TURN 47
COMMAND LEFT START
COMMAND LEFT END
COMMAND RIGHT START
COMMAND RIGHT END
TURN 47 RESULT
TIME LEFT 0 5 RIGHT 0 5
MOVE A5 75
END TURN 47
TURN 48
COMMAND LEFT START
UPGRADE 75
COMMAND LEFT END
COMMAND RIGHT START
COMMAND RIGHT END
TURN 48 RESULT
TIME LEFT 0 5 RIGHT 0 5
UPGRADE A 75
END TURN 48
TURN 49
COMMAND LEFT START
COMMAND LEFT END
COMMAND RIGHT START
COMMAND RIGHT END
TURN 49 RESULT
TIME LEFT 0 5 RIGHT 0 5
END TURN 49
TURN 50
COMMAND LEFT START
TRAIN 1
COMMAND LEFT END
COMMAND RIGHT START
COMMAND RIGHT END
TURN 50 RESULT
TIME LEFT 0 5 RIGHT 0 5
TRAIN A6
END TURN 50
TURN 51
COMMAND LEFT START
MOVE A6 46
COMMAND LEFT END
COMMAND RIGHT START
COMMAND RIGHT END
TURN 51 RESULT
TIME LEFT 0 5 RIGHT 0 5
MOVE A6 3
END TURN 51
TURN 52
COMMAND LEFT START
COMMAND LEFT END
COMMAND RIGHT START
COMMAND RIGHT END
TURN 52 RESULT
TIME LEFT 0 5 RIGHT 0 5
MOVE A6 10
END TURN 52
TURN 53
COMMAND LEFT START
COMMAND LEFT END
COMMAND RIGHT START
COMMAND RIGHT END
TURN 53 RESULT
TIME LEFT 0 5 RIGHT 0 5
MOVE A6 19
END TURN 53
TURN 54
COMMAND LEFT START
COMMAND LEFT END
COMMAND RIGHT START
COMMAND RIGHT END
TURN 54 RESULT
TIME LEFT 0 5 RIGHT 0 5
MOVE A6 22
END TURN 54
TURN 55
COMMAND LEFT START
COMMAND LEFT END
COMMAND RIGHT START
COMMAND RIGHT END
TURN 55 RESULT
TIME LEFT 0 5 RIGHT 0 5
MOVE A6 26
END TURN 55
TURN 56
COMMAND LEFT START
COMMAND LEFT END
COMMAND RIGHT START
UPGRADE 200
COMMAND RIGHT END
TURN 56 RESULT
TIME LEFT 0 5 RIGHT 0 5
UPGRADE B 200
MOVE A6 42
END TURN 56
TURN 57
COMMAND LEFT START
COMMAND LEFT END
COMMAND RIGHT START
COMMAND RIGHT END
TURN 57 RESULT
TIME LEFT 0 5 RIGHT 0 5
MOVE A6 46
END TURN 57
TURN 58
COMMAND LEFT START
UPGRADE 46
COMMAND LEFT END
COMMAND RIGHT START
COMMAND RIGHT END
TURN 58 RESULT
TIME LEFT 0 5 RIGHT 0 5
UPGRADE A 46
END TURN 58
TURN 59
COMMAND LEFT START
COMMAND LEFT END
COMMAND RIGHT START
COMMAND RIGHT END
TURN 59 RESULT
TIME LEFT 0 5 RIGHT 0 5
END TURN 59
TURN 60
COMMAND LEFT START
TRAIN 1
COMMAND LEFT END
COMMAND RIGHT START
COMMAND RIGHT END
TURN 60 RESULT
TIME LEFT 0 5 RIGHT 0 5
TRAIN A7
END TURN 60
TURN 61
COMMAND LEFT START
MOVE A7 46
COMMAND LEFT END
COMMAND RIGHT START
COMMAND RIGHT END
TURN 61 RESULT
TIME LEFT 0 5 RIGHT 0 5
MOVE A7 3
END TURN 61
TURN 62
COMMAND LEFT START
COMMAND LEFT END
COMMAND RIGHT START
COMMAND RIGHT END
TURN 62 RESULT
TIME LEFT 0 5 RIGHT 0 5
MOVE A7 10
END TURN 62
TURN 63
COMMAND LEFT START
COMMAND LEFT END
COMMAND RIGHT START
UPGRADE 182
COMMAND RIGHT END
TURN 63 RESULT
TIME LEFT 0 5 RIGHT 0 5
UPGRADE B 182
MOVE A7 19
END TURN 63
TURN 64
COMMAND LEFT START
COMMAND LEFT END
COMMAND RIGHT START
COMMAND RIGHT END
TURN 64 RESULT
TIME LEFT 0 5 RIGHT 0 5
MOVE A7 22
END TURN 64
TURN 65
COMMAND LEFT START
COMMAND LEFT END
COMMAND RIGHT START
TRAIN 1
COMMAND RIGHT END
TURN 65 RESULT
TIME LEFT 0 5 RIGHT 0 5
TRAIN B7
MOVE A7 26
END TURN 65
TURN 66
COMMAND LEFT START
COMMAND LEFT END
COMMAND RIGHT START
MOVE B4 182
COMMAND RIGHT END
TURN 66 RESULT
TIME LEFT 0 5 RIGHT 0 5
MOVE A7 42
MOVE B4 194
END TURN 66
TURN 67
COMMAND LEFT START
COMMAND LEFT END
COMMAND RIGHT START
COMMAND RIGHT END
TURN 67 RESULT
TIME LEFT 0 5 RIGHT 0 5
MOVE A7 46
MOVE B4 186
END TURN 67
TURN 68
COMMAND LEFT START
MOVE A7 108
UPGRADE 0
COMMAND LEFT END
COMMAND RIGHT START
COMMAND RIGHT END
TURN 68 RESULT
TIME LEFT 0 5 RIGHT 0 5
UPGRADE A 0
MOVE A7 59
MOVE B4 182
END TURN 68
TURN 69
COMMAND LEFT START
TRAIN 1
COMMAND LEFT END
COMMAND RIGHT START
COMMAND RIGHT END
TURN 69 RESULT
TIME LEFT 0 5 RIGHT 0 5
TRAIN A8
MOVE A7 79
END TURN 69
TURN 70
COMMAND LEFT START
COMMAND LEFT END
COMMAND RIGHT START
COMMAND RIGHT END
TURN 70 RESULT
TIME LEFT 0 5 RIGHT 0 5
MOVE A7 108
END TURN 70
TURN 71
COMMAND LEFT START
COMMAND LEFT END
COMMAND RIGHT START
COMMAND RIGHT END
TURN 71 RESULT
TIME LEFT 0 5 RIGHT 0 5
END TURN 71
TURN 72
COMMAND LEFT START
COMMAND LEFT END
COMMAND RIGHT START
COMMAND RIGHT END
TURN 72 RESULT
TIME LEFT 0 5 RIGHT 0 5
END TURN 72
TURN 73
COMMAND LEFT START
COMMAND LEFT END
COMMAND RIGHT START
COMMAND RIGHT END
TURN 73 RESULT
TIME LEFT 1 5 RIGHT 1 5
END TURN 73
TURN 74
COMMAND LEFT START
COMMAND LEFT END
COMMAND RIGHT START
COMMAND RIGHT END
TURN 74 RESULT
TIME LEFT 0 5 RIGHT 0 5
END TURN 74
TURN 75
COMMAND LEFT START
UPGRADE 108
COMMAND LEFT END
COMMAND RIGHT START
COMMAND RIGHT END
TURN 75 RESULT
TIME LEFT 0 5 RIGHT 0 5
UPGRADE A 108
END TURN 75
TURN 76
COMMAND LEFT START
TRAIN 1
COMMAND LEFT END
COMMAND RIGHT START
UPGRADE 200
COMMAND RIGHT END
TURN 76 RESULT
TIME LEFT 0 5 RIGHT 0 5
UPGRADE B 200
TRAIN A9
END TURN 76
TURN 77
COMMAND LEFT START
MOVE A9 53
COMMAND LEFT END
COMMAND RIGHT START
COMMAND RIGHT END
TURN 77 RESULT
TIME LEFT 0 5 RIGHT 0 5
MOVE A9 6
END TURN 77
TURN 78
COMMAND LEFT START
COMMAND LEFT END
COMMAND RIGHT START
TRAIN 1
COMMAND RIGHT END
TURN 78 RESULT
TIME LEFT 0 5 RIGHT 0 5
TRAIN B8
MOVE A9 14
END TURN 78
TURN 79
COMMAND LEFT START
COMMAND LEFT END
COMMAND RIGHT START
COMMAND RIGHT END
TURN 79 RESULT
TIME LEFT 0 5 RIGHT 0 5
MOVE A9 21
END TURN 79
TURN 80
COMMAND LEFT START
COMMAND LEFT END
COMMAND RIGHT START
COMMAND RIGHT END
TURN 80 RESULT
TIME LEFT 0 5 RIGHT 0 5
MOVE A9 28
END TURN 80
TURN 81
COMMAND LEFT START
COMMAND LEFT END
COMMAND RIGHT START
COMMAND RIGHT END
TURN 81 RESULT
TIME LEFT 0 5 RIGHT 0 5
MOVE A9 41
END TURN 81
TURN 82
COMMAND LEFT START
TRAIN 1
COMMAND LEFT END
COMMAND RIGHT START
COMMAND RIGHT END
TURN 82 RESULT
TIME LEFT 0 5 RIGHT 0 5
TRAIN A10
MOVE A9 53
END TURN 82
TURN 83
COMMAND LEFT START
MOVE A10 100
UPGRADE 53
COMMAND LEFT END
COMMAND RIGHT START
UPGRADE 165
COMMAND RIGHT END
TURN 83 RESULT
TIME LEFT 0 5 RIGHT 0 5
UPGRADE A 53
UPGRADE B 165
MOVE A10 3
END TURN 83
TURN 84
COMMAND LEFT START
TRAIN 1
COMMAND LEFT END
COMMAND RIGHT START
TRAIN 1
COMMAND RIGHT END
TURN 84 RESULT
TIME LEFT 0 5 RIGHT 0 5
TRAIN A11 B9
MOVE A10 15
END TURN 84
TURN 85
COMMAND LEFT START
MOVE A11 108
TRAIN 1
COMMAND LEFT END
COMMAND RIGHT START
MOVE B6 165
COMMAND RIGHT END
TURN 85 RESULT
TIME LEFT 0 5 RIGHT 0 5
TRAIN A12
MOVE A10 39
MOVE A11 3
MOVE B6 197
END TURN 85
TURN 86
COMMAND LEFT START
MOVE A12 108
TRAIN 1
COMMAND LEFT END
COMMAND RIGHT START
COMMAND RIGHT END
TURN 86 RESULT
TIME LEFT 0 5 RIGHT 0 5
TRAIN A13
MOVE A10 58
MOVE A11 10
MOVE A12 3
MOVE B6 180
END TURN 86
TURN 87
COMMAND LEFT START
MOVE A13 108
COMMAND LEFT END
COMMAND RIGHT START
COMMAND RIGHT END
TURN 87 RESULT
TIME LEFT 0 5 RIGHT 0 5
MOVE A10 70
MOVE A11 19
MOVE A12 10
MOVE A13 3
MOVE B6 166
END TURN 87
TURN 88
COMMAND LEFT START
COMMAND LEFT END
COMMAND RIGHT START
COMMAND RIGHT END
TURN 88 RESULT
TIME LEFT 0 5 RIGHT 0 5
MOVE A10 83
MOVE A11 22
MOVE A12 19
MOVE A13 10
MOVE B6 165
END TURN 88
TURN 89
COMMAND LEFT START
COMMAND LEFT END
COMMAND RIGHT START
UPGRADE 147
COMMAND RIGHT END
TURN 89 RESULT
TIME LEFT 1 5 RIGHT 0 5
UPGRADE B 147
MOVE A10 100
MOVE A11 26
MOVE A12 22
MOVE A13 19
DAMAGE TURRET A10 1
DAMAGE COMBAT A10 1
DAMAGE COMBAT B2 1
END TURN 89
TURN 90
COMMAND LEFT START
MOVE A10 108
COMMAND LEFT END
COMMAND RIGHT START
TRAIN 1
COMMAND RIGHT END
TURN 90 RESULT
TIME LEFT 0 5 RIGHT 0 5
TRAIN B10
MOVE A11 42
MOVE A12 26
MOVE A13 22
DAMAGE TURRET A10 1
DAMAGE COMBAT A10 1
DAMAGE COMBAT B2 1
END TURN 90
TURN 91
COMMAND LEFT START
COMMAND LEFT END
COMMAND RIGHT START
MOVE B7 147
COMMAND RIGHT END
TURN 91 RESULT
TIME LEFT 0 5 RIGHT 0 5
MOVE A11 46
MOVE A12 42
MOVE A13 26
MOVE B7 194
DAMAGE TURRET A10 1
DAMAGE COMBAT B2 1
END TURN 91
TURN 92
COMMAND LEFT START
TRAIN 1
COMMAND LEFT END
COMMAND RIGHT START
COMMAND RIGHT END
TURN 92 RESULT
TIME LEFT 0 5 RIGHT 0 5
TRAIN A14
MOVE A11 59
MOVE A12 46
MOVE A13 42
MOVE B7 186
END TURN 92
TURN 93
COMMAND LEFT START
MOVE A14 71
COMMAND LEFT END
COMMAND RIGHT START
COMMAND RIGHT END
TURN 93 RESULT
TIME LEFT 0 5 RIGHT 0 5
MOVE A11 79
MOVE A12 59
MOVE A13 46
MOVE A14 3
MOVE B7 179
END TURN 93
TURN 94
COMMAND LEFT START
COMMAND LEFT END
COMMAND RIGHT START
COMMAND RIGHT END
TURN 94 RESULT
TIME LEFT 0 5 RIGHT 0 5
MOVE A11 108
MOVE A12 79
MOVE A13 59
MOVE A14 20
MOVE B7 172
END TURN 94
TURN 95
COMMAND LEFT START
COMMAND LEFT END
COMMAND RIGHT START
UPGRADE 100
COMMAND RIGHT END
TURN 95 RESULT
TIME LEFT 0 5 RIGHT 0 5
UPGRADE B 100
MOVE A12 108
MOVE A13 79
MOVE A14 34
MOVE B7 159
END TURN 95
TURN 96
COMMAND LEFT START
UPGRADE 0
COMMAND LEFT END
COMMAND RIGHT START
TRAIN 1
COMMAND RIGHT END
TURN 96 RESULT
TIME LEFT 0 5 RIGHT 0 5
UPGRADE A 0
TRAIN B11
MOVE A13 108
MOVE A14 35
MOVE B7 147
END TURN 96
TURN 97
COMMAND LEFT START
MOVE A11 0
TRAIN 1
COMMAND LEFT END
COMMAND RIGHT START
MOVE B8 100
COMMAND RIGHT END
TURN 97 RESULT
TIME LEFT 0 5 RIGHT 0 5
TRAIN A15
MOVE A11 79
MOVE A14 51
MOVE B8 197
END TURN 97
TURN 98
COMMAND LEFT START
COMMAND LEFT END
COMMAND RIGHT START
COMMAND RIGHT END
TURN 98 RESULT
TIME LEFT 1 5 RIGHT 0 5
MOVE A11 59
MOVE A14 71
MOVE B8 185
END TURN 98
TURN 99
COMMAND LEFT START
MOVE A14 108
COMMAND LEFT END
COMMAND RIGHT START
COMMAND RIGHT END
TURN 99 RESULT
TIME LEFT 0 5 RIGHT 0 5
MOVE A11 46
MOVE A14 78
MOVE B8 161
END TURN 99
TURN 100
COMMAND LEFT START
COMMAND LEFT END
COMMAND RIGHT START
COMMAND RIGHT END
TURN 100 RESULT
TIME LEFT 0 5 RIGHT 0 5
MOVE A11 42
MOVE A14 75
MOVE B8 142
END TURN 100
TURN 101
COMMAND LEFT START
COMMAND LEFT END
COMMAND RIGHT START
UPGRADE 182
COMMAND RIGHT END
TURN 101 RESULT
TIME LEFT 0 5 RIGHT 0 5
UPGRADE B 182
MOVE A11 26
MOVE A14 86
MOVE B8 130
END TURN 101
TURN 102
COMMAND LEFT START
UPGRADE 71
COMMAND LEFT END
COMMAND RIGHT START
TRAIN 1
COMMAND RIGHT END
TURN 102 RESULT
TIME LEFT 0 5 RIGHT 0 5
UPGRADE A 71
TRAIN B12
MOVE A11 22
MOVE A14 108
MOVE B8 117
END TURN 102
TURN 103
COMMAND LEFT START
MOVE A12 71
TRAIN 1
COMMAND LEFT END
COMMAND RIGHT START
MOVE B9 182
COMMAND RIGHT END
TURN 103 RESULT
TIME LEFT 0 5 RIGHT 0 5
TRAIN A16
MOVE A11 19
MOVE A12 86
MOVE B8 100
MOVE B9 194
END TURN 103
TURN 104
COMMAND LEFT START
MOVE A16 71
COMMAND LEFT END
COMMAND RIGHT START
COMMAND RIGHT END
TURN 104 RESULT
TIME LEFT 0 5 RIGHT 0 5
MOVE A11 10
MOVE A12 75
MOVE A16 3
MOVE B9 186
END TURN 104
TURN 105
COMMAND LEFT START
COMMAND LEFT END
COMMAND RIGHT START
COMMAND RIGHT END
TURN 105 RESULT
TIME LEFT 0 5 RIGHT 0 5
MOVE A11 3
MOVE A12 78
MOVE A16 20
MOVE B9 182
END TURN 105
TURN 106
COMMAND LEFT START
COMMAND LEFT END
COMMAND RIGHT START
UPGRADE 165
COMMAND RIGHT END
TURN 106 RESULT
TIME LEFT 0 5 RIGHT 0 5
UPGRADE B 165
MOVE A11 0
MOVE A12 71
MOVE A16 34
END TURN 106
TURN 107
COMMAND LEFT START
MOVE A15 71
COMMAND LEFT END
COMMAND RIGHT START
TRAIN 1
COMMAND RIGHT END
TURN 107 RESULT
TIME LEFT 0 5 RIGHT 0 5
TRAIN B13
MOVE A15 3
MOVE A16 35
END TURN 107
TURN 108
COMMAND LEFT START
UPGRADE 53
TRAIN 1
COMMAND LEFT END
COMMAND RIGHT START
MOVE B10 165
COMMAND RIGHT END
TURN 108 RESULT
TIME LEFT 0 5 RIGHT 0 5
UPGRADE A 53
TRAIN A17
MOVE A15 20
MOVE A16 51
MOVE B10 197
END TURN 108
TURN 109
COMMAND LEFT START
MOVE A17 53
COMMAND LEFT END
COMMAND RIGHT START
COMMAND RIGHT END
TURN 109 RESULT
TIME LEFT 0 5 RIGHT 0 5
MOVE A15 34
MOVE A16 71
MOVE A17 6
MOVE B10 180
END TURN 109
TURN 110
COMMAND LEFT START
MOVE A16 108
COMMAND LEFT END
COMMAND RIGHT START
COMMAND RIGHT END
TURN 110 RESULT
TIME LEFT 0 5 RIGHT 0 5
MOVE A15 35
MOVE A16 78
MOVE A17 14
MOVE B10 166
END TURN 110
TURN 111
COMMAND LEFT START
COMMAND LEFT END
COMMAND RIGHT START
UPGRADE 147
COMMAND RIGHT END
TURN 111 RESULT
TIME LEFT 0 5 RIGHT 0 5
UPGRADE B 147
MOVE A15 51
MOVE A16 75
MOVE A17 21
MOVE B10 165
END TURN 111
TURN 112
COMMAND LEFT START
COMMAND LEFT END
COMMAND RIGHT START
TRAIN 1
COMMAND RIGHT END
TURN 112 RESULT
TIME LEFT 0 5 RIGHT 0 5
TRAIN B14
MOVE A15 71
MOVE A16 86
MOVE A17 28
END TURN 112
TURN 113
COMMAND LEFT START
MOVE A15 108
UPGRADE 35
TRAIN 1
COMMAND LEFT END
COMMAND RIGHT START
MOVE B11 147
COMMAND RIGHT END
TURN 113 RESULT
TIME LEFT 0 5 RIGHT 0 5
UPGRADE A 35
TRAIN A18
MOVE A15 78
MOVE A16 108
MOVE A17 41
MOVE B11 194
END TURN 113
TURN 114
COMMAND LEFT START
MOVE A18 35
COMMAND LEFT END
COMMAND RIGHT START
COMMAND RIGHT END
TURN 114 RESULT
TIME LEFT 0 5 RIGHT 0 5
MOVE A15 75
MOVE A17 53
MOVE A18 3
MOVE B11 186
END TURN 114
TURN 115
COMMAND LEFT START
COMMAND LEFT END
COMMAND RIGHT START
UPGRADE 100
COMMAND RIGHT END
TURN 115 RESULT
TIME LEFT 0 5 RIGHT 0 5
UPGRADE B 100
MOVE A15 86
MOVE A18 20
MOVE B11 179
END TURN 115
TURN 116
COMMAND LEFT START
COMMAND LEFT END
COMMAND RIGHT START
TRAIN 1
COMMAND RIGHT END
TURN 116 RESULT
TIME LEFT 0 5 RIGHT 0 5
TRAIN B15
MOVE A15 108
MOVE A18 34
MOVE B11 172
END TURN 116
TURN 117
COMMAND LEFT START
UPGRADE 75
COMMAND LEFT END
COMMAND RIGHT START
MOVE B12 100
COMMAND RIGHT END
TURN 117 RESULT
TIME LEFT 0 5 RIGHT 0 5
UPGRADE A 75
MOVE A18 35
MOVE B11 159
MOVE B12 197
END TURN 117
TURN 118
COMMAND LEFT START
MOVE A13 75
TRAIN 2
COMMAND LEFT END
COMMAND RIGHT START
COMMAND RIGHT END
TURN 118 RESULT
TIME LEFT 0 5 RIGHT 0 5
TRAIN A19 A20
MOVE A13 86
MOVE B11 147
MOVE B12 185
END TURN 118
TURN 119
COMMAND LEFT START
MOVE A15 127
MOVE A19 71
MOVE A20 71
COMMAND LEFT END
COMMAND RIGHT START
COMMAND RIGHT END
TURN 119 RESULT
TIME LEFT 4 5 RIGHT 0 5
MOVE A13 75
MOVE A15 107
MOVE A19 3
MOVE A20 3
MOVE B12 161
END TURN 119
TURN 120
COMMAND LEFT START
COMMAND LEFT END
COMMAND RIGHT START
TRAIN 2
COMMAND RIGHT END
TURN 120 RESULT
TIME LEFT 0 5 RIGHT 0 5
TRAIN B16 B17
MOVE A15 127
MOVE A19 20
MOVE A20 20
MOVE B12 142
END TURN 120
TURN 121
COMMAND LEFT START
MOVE A15 108
COMMAND LEFT END
COMMAND RIGHT START
MOVE B17 154
COMMAND RIGHT END
TURN 121 RESULT
TIME LEFT 0 5 RIGHT 0 5
MOVE A15 107
MOVE A19 34
MOVE A20 34
MOVE B12 130
MOVE B17 197
END TURN 121
TURN 122
COMMAND LEFT START
UPGRADE 18
TRAIN 1
COMMAND LEFT END
COMMAND RIGHT START
TRAIN 2
COMMAND RIGHT END
TURN 122 RESULT
TIME LEFT 0 5 RIGHT 0 5
UPGRADE A 18
TRAIN A21 B18 B19
MOVE A15 108
MOVE A19 35
MOVE A20 35
MOVE B12 117
MOVE B17 190
END TURN 122
TURN 123
COMMAND LEFT START
MOVE A21 18
COMMAND LEFT END
COMMAND RIGHT START
MOVE B19 18
TRAIN 2
COMMAND RIGHT END
TURN 123 RESULT
TIME LEFT 0 5 RIGHT 0 5
TRAIN B20 B21
MOVE A19 51
MOVE A20 51
MOVE A21 6
MOVE B12 100
MOVE B17 181
MOVE B19 197
END TURN 123
TURN 124
COMMAND LEFT START
COMMAND LEFT END
COMMAND RIGHT START
MOVE B21 100
MOVE B20 100
MOVE B18 100
MOVE B16 100
TRAIN 2
COMMAND RIGHT END
TURN 124 RESULT
TIME LEFT 0 5 RIGHT 0 5
TRAIN B22 B23
MOVE A19 71
MOVE A20 71
MOVE A21 14
MOVE B16 197
MOVE B17 178
MOVE B18 197
MOVE B19 180
MOVE B20 197
MOVE B21 197
END TURN 124
TURN 125
COMMAND LEFT START
MOVE A20 77
MOVE A19 108
COMMAND LEFT END
COMMAND RIGHT START
MOVE B23 100
MOVE B22 100
TRAIN 1
COMMAND RIGHT END
TURN 125 RESULT
TIME LEFT 4 5 RIGHT 0 5
TRAIN B24
MOVE A19 78
MOVE A20 77
MOVE A21 18
MOVE B16 185
MOVE B17 174
MOVE B18 185
MOVE B19 164
MOVE B20 185
MOVE B21 185
MOVE B22 197
MOVE B23 197
END TURN 125
TURN 126
COMMAND LEFT START
MOVE A20 108
UPGRADE 46
TRAIN 1
COMMAND LEFT END
COMMAND RIGHT START
MOVE B24 100
TRAIN 2
COMMAND RIGHT END
TURN 126 RESULT
TIME LEFT 0 5 RIGHT 0 5
UPGRADE A 46
TRAIN A22 B25 B26
MOVE A19 75
MOVE A20 95
MOVE B16 161
MOVE B17 158
MOVE B18 161
MOVE B19 145
MOVE B20 161
MOVE B21 161
MOVE B22 185
MOVE B23 185
MOVE B24 197
END TURN 126
TURN 127
COMMAND LEFT START
MOVE A14 46
MOVE A22 71
COMMAND LEFT END
COMMAND RIGHT START
MOVE B26 100
MOVE B25 100
TRAIN 1
COMMAND RIGHT END
TURN 127 RESULT
TIME LEFT 0 5 RIGHT 0 5
TRAIN B27
MOVE A14 79
MOVE A19 86
MOVE A20 102
MOVE A22 3
MOVE B16 142
MOVE B17 154
MOVE B18 142
MOVE B19 134
MOVE B20 142
MOVE B21 142
MOVE B22 161
MOVE B23 161
MOVE B24 185
MOVE B25 197
MOVE B26 197
END TURN 127
TURN 128
COMMAND LEFT START
COMMAND LEFT END
COMMAND RIGHT START
MOVE B27 100
UPGRADE 154
COMMAND RIGHT END
TURN 128 RESULT
TIME LEFT 0 5 RIGHT 0 5
UPGRADE B 154
MOVE A14 59
MOVE A19 108
MOVE A20 104
MOVE A22 20
MOVE B16 130
MOVE B18 130
MOVE B19 120
MOVE B20 130
MOVE B21 130
MOVE B22 142
MOVE B23 142
MOVE B24 161
MOVE B25 185
MOVE B26 185
MOVE B27 197
END TURN 128
TURN 129
COMMAND LEFT START
COMMAND LEFT END
COMMAND RIGHT START
COMMAND RIGHT END
TURN 129 RESULT
TIME LEFT 0 5 RIGHT 0 5
MOVE A14 46
MOVE A20 107
MOVE A22 34
MOVE B16 117
MOVE B18 117
MOVE B19 103
MOVE B20 117
MOVE B21 117
MOVE B22 130
MOVE B23 130
MOVE B24 142
MOVE B25 161
MOVE B26 161
MOVE B27 185
END TURN 129
TURN 130
COMMAND LEFT START
UPGRADE 108
TRAIN 1
COMMAND LEFT END
COMMAND RIGHT START
UPGRADE 154
COMMAND RIGHT END
TURN 130 RESULT
TIME LEFT 0 5 RIGHT 0 5
UPGRADE A 108
UPGRADE B 154
TRAIN A23
MOVE A20 108
MOVE A22 35
MOVE B16 100
MOVE B18 100
MOVE B19 91
MOVE B20 100
MOVE B21 100
MOVE B22 117
MOVE B23 117
MOVE B24 130
MOVE B25 142
MOVE B26 142
MOVE B27 161
END TURN 130
TURN 131
COMMAND LEFT START
MOVE A23 71
COMMAND LEFT END
COMMAND RIGHT START
MOVE B2 154
COMMAND RIGHT END
TURN 131 RESULT
TIME LEFT 0 5 RIGHT 0 5
MOVE A22 51
MOVE A23 3
MOVE B2 103
MOVE B19 72
MOVE B22 100
MOVE B23 100
MOVE B24 117
MOVE B25 130
MOVE B26 130
MOVE B27 142
END TURN 131
TURN 132
COMMAND LEFT START
MOVE A16 53
MOVE A19 53
MOVE A20 53
COMMAND LEFT END
COMMAND RIGHT START
COMMAND RIGHT END
TURN 132 RESULT
TIME LEFT 0 5 RIGHT 0 5
MOVE A16 107
MOVE A19 107
MOVE A20 107
MOVE A22 71
MOVE A23 20
MOVE B2 123
MOVE B19 57
MOVE B24 100
MOVE B25 117
MOVE B26 117
MOVE B27 130
END TURN 132
TURN 133
COMMAND LEFT START
MOVE A22 18
UPGRADE 71
TRAIN 1
COMMAND LEFT END
COMMAND RIGHT START
UPGRADE 154
COMMAND RIGHT END
TURN 133 RESULT
TIME LEFT 0 5 RIGHT 0 5
UPGRADE A 71
UPGRADE B 154
TRAIN A24
MOVE A16 104
MOVE A19 104
MOVE A20 104
MOVE A22 64
MOVE A23 34
MOVE B2 129
MOVE B19 37
MOVE B25 100
MOVE B26 100
MOVE B27 117
END TURN 133
TURN 134
COMMAND LEFT START
MOVE A24 18
COMMAND LEFT END
COMMAND RIGHT START
MOVE B8 154
COMMAND RIGHT END
TURN 134 RESULT
TIME LEFT 0 5 RIGHT 0 5
MOVE A16 102
MOVE A19 102
MOVE A20 102
MOVE A22 45
MOVE A23 35
MOVE A24 6
MOVE B2 139
MOVE B8 103
MOVE B19 28
MOVE B27 100
END TURN 134
TURN 135
COMMAND LEFT START
COMMAND LEFT END
COMMAND RIGHT START
COMMAND RIGHT END
TURN 135 RESULT
TIME LEFT 0 5 RIGHT 0 5
MOVE A16 95
MOVE A19 95
MOVE A20 95
MOVE A22 55
MOVE A23 51
MOVE A24 14
MOVE B2 144
MOVE B8 123
MOVE B19 18
DAMAGE TURRET B19 1
DAMAGE COMBAT A2 1
DAMAGE COMBAT B19 2
END TURN 135
TURN 136
COMMAND LEFT START
COMMAND LEFT END
COMMAND RIGHT START
MOVE B27 129
COMMAND RIGHT END
TURN 136 RESULT
TIME LEFT 0 5 RIGHT 0 5
MOVE A16 77
MOVE A19 77
MOVE A20 77
MOVE A22 39
MOVE A23 71
MOVE A24 18
MOVE B2 154
MOVE B8 129
MOVE B27 103
DAMAGE TURRET B19 1
DAMAGE COMBAT A2 1
DAMAGE COMBAT B19 2
END TURN 136
TURN 137
COMMAND LEFT START
MOVE A24 71
UPGRADE 53
TRAIN 2
COMMAND LEFT END
COMMAND RIGHT START
TRAIN 2
COMMAND RIGHT END
TURN 137 RESULT
TIME LEFT 0 5 RIGHT 0 5
UPGRADE A 53
TRAIN A25 A26 B28 B29
MOVE A16 80
MOVE A19 80
MOVE A20 80
MOVE A22 31
MOVE A24 21
MOVE B8 139
MOVE B27 123
END TURN 137
TURN 138
COMMAND LEFT START
MOVE A25 71
MOVE A26 71
COMMAND LEFT END
COMMAND RIGHT START
MOVE B29 100
MOVE B28 100
TRAIN 1
COMMAND RIGHT END
TURN 138 RESULT
TIME LEFT 1 5 RIGHT 0 5
TRAIN B30
MOVE A16 70
MOVE A19 70
MOVE A20 70
MOVE A22 21
MOVE A24 31
MOVE A25 3
MOVE A26 3
MOVE B8 144
MOVE B27 129
MOVE B28 197
MOVE B29 197
END TURN 138
TURN 139
COMMAND LEFT START
COMMAND LEFT END
COMMAND RIGHT START
MOVE B30 100
UPGRADE 129
COMMAND RIGHT END
TURN 139 RESULT
TIME LEFT 0 5 RIGHT 0 5
UPGRADE B 129
MOVE A16 69
MOVE A19 69
MOVE A20 69
MOVE A22 18
MOVE A24 39
MOVE A25 20
MOVE A26 20
MOVE B8 154
MOVE B28 185
MOVE B29 185
MOVE B30 197
END TURN 139
TURN 140
COMMAND LEFT START
MOVE A22 71
UPGRADE 35
COMMAND LEFT END
COMMAND RIGHT START
MOVE B26 124
COMMAND RIGHT END
TURN 140 RESULT
TIME LEFT 0 5 RIGHT 0 5
UPGRADE A 35
MOVE A16 57
MOVE A19 57
MOVE A20 57
MOVE A22 21
MOVE A24 55
MOVE A25 34
MOVE A26 34
MOVE B26 109
MOVE B28 161
MOVE B29 161
MOVE B30 185
END TURN 140
TURN 141
COMMAND LEFT START
TRAIN 1
COMMAND LEFT END
COMMAND RIGHT START
UPGRADE 129
COMMAND RIGHT END
TURN 141 RESULT
TIME LEFT 0 5 RIGHT 0 5
UPGRADE B 129
TRAIN A27
MOVE A16 53
MOVE A19 53
MOVE A20 53
MOVE A22 31
MOVE A24 45
MOVE A25 35
MOVE A26 35
MOVE B26 101
MOVE B28 142
MOVE B29 142
MOVE B30 161
END TURN 141
TURN 142
COMMAND LEFT START
MOVE A27 35
MOVE A19 71
MOVE A20 71
COMMAND LEFT END
COMMAND RIGHT START
MOVE B12 129
COMMAND RIGHT END
TURN 142 RESULT
TIME LEFT 0 5 RIGHT 0 5
MOVE A19 57
MOVE A20 57
MOVE A22 39
MOVE A24 64
MOVE A25 51
MOVE A26 51
MOVE A27 3
MOVE B12 103
MOVE B26 113
MOVE B28 130
MOVE B29 130
MOVE B30 142
END TURN 142
TURN 143
COMMAND LEFT START
COMMAND LEFT END
COMMAND RIGHT START
UPGRADE 129
COMMAND RIGHT END
TURN 143 RESULT
TIME LEFT 0 5 RIGHT 0 5
UPGRADE B 129
MOVE A19 60
MOVE A20 60
MOVE A22 55
MOVE A24 71
MOVE A25 71
MOVE A26 71
MOVE A27 20
MOVE B12 123
MOVE B26 124
MOVE B28 117
MOVE B29 117
MOVE B30 130
END TURN 143
TURN 144
COMMAND LEFT START
UPGRADE 75
TRAIN 2
COMMAND LEFT END
COMMAND RIGHT START
MOVE B16 129
COMMAND RIGHT END
TURN 144 RESULT
TIME LEFT 0 5 RIGHT 0 5
UPGRADE A 75
TRAIN A28 A29
MOVE A19 58
MOVE A20 58
MOVE A22 45
MOVE A27 34
MOVE B12 129
MOVE B16 103
MOVE B28 100
MOVE B29 100
MOVE B30 117
END TURN 144
TURN 145
COMMAND LEFT START
MOVE A28 75
MOVE A29 71
COMMAND LEFT END
COMMAND RIGHT START
UPGRADE 124
COMMAND RIGHT END
TURN 145 RESULT
TIME LEFT 0 5 RIGHT 0 5
UPGRADE B 124
MOVE A19 66
MOVE A20 66
MOVE A22 64
MOVE A27 35
MOVE A28 3
MOVE A29 3
MOVE B16 123
MOVE B30 100
END TURN 145
TURN 146
COMMAND LEFT START
COMMAND LEFT END
COMMAND RIGHT START
COMMAND RIGHT END
TURN 146 RESULT
TIME LEFT 0 5 RIGHT 0 5
MOVE A19 68
MOVE A20 68
MOVE A22 71
MOVE A28 10
MOVE A29 20
MOVE B16 129
END TURN 146
TURN 147
COMMAND LEFT START
UPGRADE 18
TRAIN 1
COMMAND LEFT END
COMMAND RIGHT START
MOVE B30 125
COMMAND RIGHT END
TURN 147 RESULT
TIME LEFT 0 5 RIGHT 0 5
UPGRADE A 18
TRAIN A30
MOVE A19 64
MOVE A20 64
MOVE A28 19
MOVE A29 34
MOVE B30 103
END TURN 147
TURN 148
COMMAND LEFT START
MOVE A30 18
COMMAND LEFT END
COMMAND RIGHT START
COMMAND RIGHT END
TURN 148 RESULT
TIME LEFT 1 5 RIGHT 0 5
MOVE A19 71
MOVE A20 71
MOVE A28 22
MOVE A29 35
MOVE A30 6
MOVE B30 123
END TURN 148
TURN 149
COMMAND LEFT START
MOVE A22 77
COMMAND LEFT END
COMMAND RIGHT START
COMMAND RIGHT END
TURN 149 RESULT
TIME LEFT 4 5 RIGHT 0 5
MOVE A22 77
MOVE A28 26
MOVE A29 51
MOVE A30 14
MOVE B30 129
END TURN 149
TURN 150
COMMAND LEFT START
MOVE A22 128
UPGRADE 46
TRAIN 1
COMMAND LEFT END
COMMAND RIGHT START
COMMAND RIGHT END
TURN 150 RESULT
TIME LEFT 4 5 RIGHT 0 5
UPGRADE A 46
TRAIN A31
MOVE A22 101
MOVE A28 42
MOVE A29 71
MOVE A30 18
MOVE B30 122
END TURN 150
TURN 151
COMMAND LEFT START
MOVE A31 46
MOVE A20 124
MOVE A23 124
MOVE A24 124
MOVE A25 124
MOVE A26 124
MOVE A29 124
COMMAND LEFT END
COMMAND RIGHT START
COMMAND RIGHT END
TURN 151 RESULT
TIME LEFT 1 5 RIGHT 0 5
MOVE A20 84
MOVE A22 128
MOVE A23 84
MOVE A24 84
MOVE A25 84
MOVE A26 84
MOVE A28 56
MOVE A29 84
MOVE A31 3
MOVE B30 125
END TURN 151
TURN 152
COMMAND LEFT START
MOVE A22 71
COMMAND LEFT END
COMMAND RIGHT START
COMMAND RIGHT END
TURN 152 RESULT
TIME LEFT 1 5 RIGHT 0 5
MOVE A20 95
MOVE A22 113
MOVE A23 95
MOVE A24 95
MOVE A25 95
MOVE A26 95
MOVE A28 63
MOVE A29 95
MOVE A31 10
END TURN 152
TURN 153
COMMAND LEFT START
UPGRADE 108
TRAIN 1
COMMAND LEFT END
COMMAND RIGHT START
MOVE B18 200
UPGRADE 200
COMMAND RIGHT END
TURN 153 RESULT
TIME LEFT 0 5 RIGHT 0 5
UPGRADE A 108
UPGRADE B 200
TRAIN A32
MOVE A20 113
MOVE A22 95
MOVE A23 113
MOVE A24 113
MOVE A25 113
MOVE A26 113
MOVE A28 75
MOVE A29 113
MOVE A31 19
MOVE B18 117
END TURN 153
TURN 154
COMMAND LEFT START
MOVE A32 108
COMMAND LEFT END
COMMAND RIGHT START
MOVE B1 147
MOVE B20 182
TRAIN 1
COMMAND RIGHT END
TURN 154 RESULT
TIME LEFT 1 5 RIGHT 0 5
TRAIN B31
MOVE A20 124
MOVE A22 84
MOVE A23 124
MOVE A24 124
MOVE A25 124
MOVE A26 124
MOVE A29 124
MOVE A31 22
MOVE A32 3
MOVE B1 172
MOVE B18 130
MOVE B20 119
DAMAGE TURRET A20 1
DAMAGE COMBAT A20 1
DAMAGE COMBAT B26 6
END TURN 154
TURN 155
COMMAND LEFT START
COMMAND LEFT END
COMMAND RIGHT START
TRAIN 1
COMMAND RIGHT END
TURN 155 RESULT
TIME LEFT 0 5 RIGHT 0 5
TRAIN B32
MOVE A22 71
MOVE A31 26
MOVE A32 10
MOVE B1 159
MOVE B18 142
MOVE B20 131
DAMAGE TURRET A20 1
SIEGE B 124 6
END TURN 155
TURN 156
COMMAND LEFT START
MOVE A23 71
MOVE A24 71
MOVE A25 71
MOVE A26 71
MOVE A29 71
UPGRADE 124
COMMAND LEFT END
COMMAND RIGHT START
MOVE B32 100
UPGRADE 125
COMMAND RIGHT END
TURN 156 RESULT
TIME LEFT 4 5 RIGHT 0 5
UPGRADE A 124
UPGRADE B 125
MOVE A23 113
MOVE A24 113
MOVE A25 113
MOVE A26 113
MOVE A29 113
MOVE A31 42
MOVE A32 19
MOVE B1 147
MOVE B18 161
MOVE B20 140
MOVE B32 197
END TURN 156
TURN 157
COMMAND LEFT START
COMMAND LEFT END
COMMAND RIGHT START
MOVE B11 100
COMMAND RIGHT END
TURN 157 RESULT
TIME LEFT 1 5 RIGHT 0 5
MOVE A23 95
MOVE A24 95
MOVE A25 95
MOVE A26 95
MOVE A29 95
MOVE A31 46
MOVE A32 22
MOVE B11 133
MOVE B18 185
MOVE B20 163
MOVE B32 185
END TURN 157
TURN 158
COMMAND LEFT START
UPGRADE 124
TRAIN 2
COMMAND LEFT END
COMMAND RIGHT START
UPGRADE 125
COMMAND RIGHT END
TURN 158 RESULT
TIME LEFT 0 5 RIGHT 0 5
UPGRADE A 124
UPGRADE B 125
TRAIN A33 A34
MOVE A23 84
MOVE A24 84
MOVE A25 84
MOVE A26 84
MOVE A29 84
MOVE A32 26
MOVE B11 128
MOVE B18 197
MOVE B20 172
MOVE B32 161
END TURN 158
TURN 159
COMMAND LEFT START
MOVE A33 124
MOVE A34 71
COMMAND LEFT END
COMMAND RIGHT START
MOVE B21 125
COMMAND RIGHT END
TURN 159 RESULT
TIME LEFT 1 5 RIGHT 0 5
MOVE A23 71
MOVE A24 71
MOVE A25 71
MOVE A26 71
MOVE A29 71
MOVE A32 42
MOVE A33 3
MOVE A34 3
MOVE B11 109
MOVE B18 200
MOVE B20 182
MOVE B21 103
MOVE B32 142
END TURN 159
TURN 160
COMMAND LEFT START
MOVE A23 77
UPGRADE 124
COMMAND LEFT END
COMMAND RIGHT START
MOVE B29 76
MOVE B31 100
COMMAND RIGHT END
TURN 160 RESULT
TIME LEFT 4 5 RIGHT 0 5
UPGRADE A 124
MOVE A23 77
MOVE A32 46
MOVE A33 20
MOVE A34 20
MOVE B11 100
MOVE B21 123
MOVE B29 91
MOVE B31 197
MOVE B32 130
END TURN 160
TURN 161
COMMAND LEFT START
MOVE A23 124
MOVE A24 97
COMMAND LEFT END
COMMAND RIGHT START
UPGRADE 125
COMMAND RIGHT END
TURN 161 RESULT
TIME LEFT 4 5 RIGHT 0 5
UPGRADE B 125
MOVE A23 95
MOVE A24 77
MOVE A32 59
MOVE A33 36
MOVE A34 34
MOVE B21 129
MOVE B29 99
MOVE B31 185
MOVE B32 117
END TURN 161
TURN 162
COMMAND LEFT START
COMMAND LEFT END
COMMAND RIGHT START
MOVE B11 125
TRAIN 1
COMMAND RIGHT END
TURN 162 RESULT
TIME LEFT 0 5 RIGHT 0 5
TRAIN B33
MOVE A23 113
MOVE A24 97
MOVE A32 79
MOVE A33 45
MOVE A34 35
MOVE B11 103
MOVE B21 122
MOVE B29 87
MOVE B31 161
MOVE B32 100
END TURN 162
TURN 163
COMMAND LEFT START
MOVE A24 71
COMMAND LEFT END
COMMAND RIGHT START
MOVE B33 100
TRAIN 2
COMMAND RIGHT END
TURN 163 RESULT
TIME LEFT 0 5 RIGHT 0 5
TRAIN B34 B35
MOVE A23 124
MOVE A24 77
MOVE A32 108
MOVE A33 68
MOVE A34 51
MOVE B11 123
MOVE B21 125
MOVE B29 76
MOVE B31 142
MOVE B33 197
END TURN 163
TURN 164
COMMAND LEFT START
COMMAND LEFT END
COMMAND RIGHT START
MOVE B35 100
MOVE B34 100
UPGRADE 76
COMMAND RIGHT END
TURN 164 RESULT
TIME LEFT 1 5 RIGHT 0 5
UPGRADE B 76
MOVE A24 71
MOVE A33 77
MOVE A34 71
MOVE B11 129
MOVE B31 130
MOVE B33 185
MOVE B34 197
MOVE B35 197
END TURN 164
TURN 165
COMMAND LEFT START
MOVE A24 113
MOVE A22 76
MOVE A25 76
MOVE A26 76
MOVE A29 76
MOVE A34 76
COMMAND LEFT END
COMMAND RIGHT START
UPGRADE 76
COMMAND RIGHT END
TURN 165 RESULT
TIME LEFT 4 5 RIGHT 0 5
UPGRADE B 76
MOVE A22 77
MOVE A24 84
MOVE A25 77
MOVE A26 77
MOVE A29 77
MOVE A33 95
MOVE A34 77
MOVE B11 122
MOVE B31 117
MOVE B33 161
MOVE B34 185
MOVE B35 185
END TURN 165
TURN 166
COMMAND LEFT START
COMMAND LEFT END
COMMAND RIGHT START
MOVE B22 76
COMMAND RIGHT END
TURN 166 RESULT
TIME LEFT 1 5 RIGHT 0 5
MOVE A22 80
MOVE A24 95
MOVE A25 80
MOVE A26 80
MOVE A29 80
MOVE A33 113
MOVE A34 80
MOVE B11 125
MOVE B22 91
MOVE B31 100
MOVE B33 142
MOVE B34 161
MOVE B35 161
END TURN 166
TURN 167
COMMAND LEFT START
UPGRADE 0
TRAIN 1
COMMAND LEFT END
COMMAND RIGHT START
UPGRADE 76
COMMAND RIGHT END
TURN 167 RESULT
TIME LEFT 0 5 RIGHT 0 5
UPGRADE A 0
UPGRADE B 76
TRAIN A35
MOVE A22 83
MOVE A24 113
MOVE A25 83
MOVE A26 83
MOVE A29 83
MOVE A33 124
MOVE A34 83
MOVE B22 99
MOVE B33 130
MOVE B34 142
MOVE B35 142
END TURN 167
TURN 168
COMMAND LEFT START
MOVE A24 71
COMMAND LEFT END
COMMAND RIGHT START
MOVE B23 76
MOVE B32 71
COMMAND RIGHT END
TURN 168 RESULT
TIME LEFT 1 5 RIGHT 0 5
MOVE A22 81
MOVE A24 95
MOVE A25 81
MOVE A26 81
MOVE A29 81
MOVE A34 81
MOVE B22 87
MOVE B23 91
MOVE B32 97
MOVE B33 117
MOVE B34 130
MOVE B35 130
END TURN 168
TURN 169
COMMAND LEFT START
COMMAND LEFT END
COMMAND RIGHT START
TRAIN 2
COMMAND RIGHT END
TURN 169 RESULT
TIME LEFT 1 5 RIGHT 0 5
TRAIN B36 B37
MOVE A22 72
MOVE A24 84
MOVE A25 72
MOVE A26 72
MOVE A29 72
MOVE A34 72
MOVE B22 76
MOVE B23 99
MOVE B32 77
MOVE B33 100
MOVE B34 117
MOVE B35 117
END TURN 169
TURN 170
COMMAND LEFT START
TRAIN 2
COMMAND LEFT END
COMMAND RIGHT START
MOVE B37 100
MOVE B36 100
MOVE B33 108
COMMAND RIGHT END
TURN 170 RESULT
TIME LEFT 1 5 RIGHT 0 5
TRAIN A36 A37
MOVE A22 67
MOVE A24 71
MOVE A25 67
MOVE A26 67
MOVE A29 67
MOVE A34 67
MOVE B23 87
MOVE B32 71
MOVE B33 109
MOVE B34 100
MOVE B35 100
MOVE B36 197
MOVE B37 197
DAMAGE TURRET B32 2
DAMAGE COMBAT A4 1
DAMAGE COMBAT B32 4
END TURN 170
TURN 171
COMMAND LEFT START
MOVE A36 53
MOVE A37 53
MOVE A24 124
TRAIN 2
COMMAND LEFT END
COMMAND RIGHT START
TRAIN 2
COMMAND RIGHT END
TURN 171 RESULT
TIME LEFT 1 5 RIGHT 0 5
TRAIN A38 A39 B38 B39
MOVE A22 76
MOVE A25 76
MOVE A26 76
MOVE A29 76
MOVE A34 76
MOVE A36 6
MOVE A37 6
MOVE B23 76
MOVE B33 101
MOVE B36 185
MOVE B37 185
DAMAGE TURRET A22 2
DAMAGE TURRET B32 1
DAMAGE COMBAT A4 1
DAMAGE COMBAT A22 3
DAMAGE COMBAT B22 5
END TURN 171
TURN 172
COMMAND LEFT START
MOVE A38 71
MOVE A39 71
TRAIN 2
COMMAND LEFT END
COMMAND RIGHT START
MOVE B39 100
MOVE B38 100
TRAIN 2
COMMAND RIGHT END
TURN 172 RESULT
TIME LEFT 0 5 RIGHT 0 5
TRAIN A40 A41 B40 B41
MOVE A24 84
MOVE A36 14
MOVE A37 14
MOVE A38 3
MOVE A39 3
MOVE B33 95
MOVE B36 161
MOVE B37 161
MOVE B38 197
MOVE B39 197
DAMAGE TURRET A22 1
DAMAGE TURRET A25 1
DAMAGE COMBAT A25 3
DAMAGE COMBAT B22 1
DAMAGE COMBAT B23 4
END TURN 172
TURN 173
COMMAND LEFT START
MOVE A40 71
MOVE A41 71
TRAIN 2
COMMAND LEFT END
COMMAND RIGHT START
MOVE B41 100
MOVE B40 100
TRAIN 1
COMMAND RIGHT END
TURN 173 RESULT
TIME LEFT 1 5 RIGHT 0 5
TRAIN A42 A43 B42
MOVE A24 95
MOVE A36 21
MOVE A37 21
MOVE A38 20
MOVE A39 20
MOVE A40 3
MOVE A41 3
MOVE B33 102
MOVE B36 142
MOVE B37 142
MOVE B38 185
MOVE B39 185
MOVE B40 197
MOVE B41 197
DAMAGE TURRET A25 2
DAMAGE COMBAT A26 2
DAMAGE COMBAT B23 2
DAMAGE COMBAT B29 2
END TURN 173
TURN 174
COMMAND LEFT START
MOVE A42 108
MOVE A43 108
TRAIN 2
COMMAND LEFT END
COMMAND RIGHT START
COMMAND RIGHT END
TURN 174 RESULT
TIME LEFT 0 5 RIGHT 0 5
TRAIN A44 A45
MOVE A24 113
MOVE A36 28
MOVE A37 28
MOVE A38 34
MOVE A39 34
MOVE A40 20
MOVE A41 20
MOVE A42 3
MOVE A43 3
MOVE B33 104
MOVE B36 130
MOVE B37 130
MOVE B38 161
MOVE B39 161
MOVE B40 185
MOVE B41 185
DAMAGE TURRET A26 2
DAMAGE COMBAT A26 1
DAMAGE COMBAT B29 3
END TURN 174
TURN 175
COMMAND LEFT START
MOVE A44 108
MOVE A45 71
TRAIN 2
COMMAND LEFT END
COMMAND RIGHT START
COMMAND RIGHT END
TURN 175 RESULT
TIME LEFT 1 5 RIGHT 0 5
TRAIN A46 A47
MOVE A24 124
MOVE A36 41
MOVE A37 41
MOVE A38 35
MOVE A39 35
MOVE A40 34
MOVE A41 34
MOVE A42 10
MOVE A43 10
MOVE A44 3
MOVE A45 3
MOVE B33 107
MOVE B36 117
MOVE B37 117
MOVE B38 142
MOVE B39 142
MOVE B40 161
MOVE B41 161
DAMAGE TURRET A26 1
DAMAGE TURRET A29 1
DAMAGE COMBAT A29 1
DAMAGE COMBAT B29 1
SIEGE B 76 2
END TURN 175
TURN 176
COMMAND LEFT START
MOVE A46 108
MOVE A47 71
MOVE A33 108
TRAIN 2
COMMAND LEFT END
COMMAND RIGHT START
MOVE B42 100
TRAIN 2
COMMAND RIGHT END
TURN 176 RESULT
TIME LEFT 1 5 RIGHT 0 5
TRAIN A48 A49 B43 B44
MOVE A33 115
MOVE A36 53
MOVE A37 53
MOVE A38 51
MOVE A39 51
MOVE A40 35
MOVE A41 35
MOVE A42 19
MOVE A43 19
MOVE A44 10
MOVE A45 20
MOVE A46 3
MOVE A47 3
MOVE B33 108
MOVE B36 100
MOVE B37 100
MOVE B38 130
MOVE B39 130
MOVE B40 142
MOVE B41 142
MOVE B42 197
DAMAGE TURRET A29 2
DAMAGE TURRET B33 2
DAMAGE COMBAT A7 1
DAMAGE COMBAT B33 3
SIEGE B 76 2
END TURN 176
TURN 177
COMMAND LEFT START
MOVE A48 71
MOVE A49 71
MOVE A36 71
MOVE A37 71
TRAIN 2
COMMAND LEFT END
COMMAND RIGHT START
MOVE B44 100
MOVE B43 100
TRAIN 2
COMMAND RIGHT END
TURN 177 RESULT
TIME LEFT 1 5 RIGHT 0 5
TRAIN A50 A51 B45 B46
MOVE A33 104
MOVE A36 57
MOVE A37 57
MOVE A38 71
MOVE A39 71
MOVE A40 51
MOVE A41 51
MOVE A42 22
MOVE A43 22
MOVE A44 19
MOVE A45 34
MOVE A46 10
MOVE A47 20
MOVE A48 3
MOVE A49 3
MOVE B38 117
MOVE B39 117
MOVE B40 130
MOVE B41 130
MOVE B42 185
MOVE B43 197
MOVE B44 197
DAMAGE TURRET A29 2
DAMAGE TURRET B33 2
DAMAGE COMBAT A7 1
SIEGE B 76 2
END TURN 177
TURN 178
COMMAND LEFT START
MOVE A50 53
MOVE A51 53
TRAIN 2
COMMAND LEFT END
COMMAND RIGHT START
COMMAND RIGHT END
TURN 178 RESULT
TIME LEFT 1 5 RIGHT 0 5
TRAIN A52 A53
MOVE A33 107
MOVE A36 60
MOVE A37 60
MOVE A40 71
MOVE A41 71
MOVE A42 26
MOVE A43 26
MOVE A44 22
MOVE A45 35
MOVE A46 19
MOVE A47 34
MOVE A48 20
MOVE A49 20
MOVE A50 6
MOVE A51 6
MOVE B38 100
MOVE B39 100
MOVE B40 117
MOVE B41 117
MOVE B42 161
MOVE B43 185
MOVE B44 185
DAMAGE TURRET A34 2
SIEGE B 76 1
END TURN 178
TURN 179
COMMAND LEFT START
MOVE A39 77
MOVE A52 53
MOVE A53 53
TRAIN 2
COMMAND LEFT END
COMMAND RIGHT START
COMMAND RIGHT END
TURN 179 RESULT
TIME LEFT 4 5 RIGHT 0 5
TRAIN A54 A55
MOVE A33 108
MOVE A36 58
MOVE A37 58
MOVE A39 77
MOVE A42 42
MOVE A43 42
MOVE A44 26
MOVE A45 51
MOVE A46 22
MOVE A47 35
MOVE A48 34
MOVE A49 34
MOVE A50 14
MOVE A51 14
MOVE A52 6
MOVE A53 6
MOVE B40 100
MOVE B41 100
MOVE B42 142
MOVE B43 161
MOVE B44 161
DAMAGE TURRET A34 2
SIEGE B 76 1
END TURN 179
TURN 180
COMMAND LEFT START
MOVE A54 71
MOVE A55 71
MOVE A33 71
MOVE A39 71
MOVE A38 76
MOVE A40 76
MOVE A41 76
TRAIN 2
COMMAND LEFT END
COMMAND RIGHT START
MOVE B24 76
MOVE B25 76
MOVE B28 76
MOVE B46 100
UPGRADE 200
COMMAND RIGHT END
TURN 180 RESULT
TIME LEFT 5 5 RIGHT 0 5
UPGRADE B 200
TRAIN A56 A57
MOVE A33 86
MOVE A36 66
MOVE A37 66
MOVE A38 77
MOVE A39 71
MOVE A40 77
MOVE A41 77
MOVE A42 46
MOVE A43 46
MOVE A44 42
MOVE A45 71
MOVE A46 26
MOVE A47 51
MOVE A48 35
MOVE A49 35
MOVE A50 21
MOVE A51 21
MOVE A52 14
MOVE A53 14
MOVE A54 3
MOVE A55 3
MOVE B24 91
MOVE B25 91
MOVE B28 91
MOVE B42 130
MOVE B43 142
MOVE B44 142
MOVE B46 197
DAMAGE TURRET A34 2
SIEGE B 76 1
END TURN 180
TURN 181
COMMAND LEFT START
MOVE A56 71
MOVE A57 71
TRAIN 2
COMMAND LEFT END
COMMAND RIGHT START
MOVE B31 76
COMMAND RIGHT END
TURN 181 RESULT
TIME LEFT 1 5 RIGHT 0 5
TRAIN A58 A59
MOVE A33 75
MOVE A36 68
MOVE A37 68
MOVE A38 80
MOVE A40 80
MOVE A41 80
MOVE A42 59
MOVE A43 59
MOVE A44 46
MOVE A46 42
MOVE A47 71
MOVE A48 51
MOVE A49 51
MOVE A50 28
MOVE A51 28
MOVE A52 21
MOVE A53 21
MOVE A54 20
MOVE A55 20
MOVE A56 3
MOVE A57 3
MOVE B24 99
MOVE B25 99
MOVE B28 99
MOVE B31 91
MOVE B42 117
MOVE B43 130
MOVE B44 130
MOVE B46 185
END TURN 181
TURN 182
COMMAND LEFT START
MOVE A58 71
MOVE A59 71
TRAIN 2
COMMAND LEFT END
COMMAND RIGHT START
MOVE B34 76
MOVE B41 71
COMMAND RIGHT END
TURN 182 RESULT
TIME LEFT 4 5 RIGHT 0 5
TRAIN A60 A61
MOVE A33 78
MOVE A36 64
MOVE A37 64
MOVE A38 83
MOVE A40 83
MOVE A41 83
MOVE A42 79
MOVE A43 79
MOVE A44 59
MOVE A46 46
MOVE A48 71
MOVE A49 71
MOVE A50 41
MOVE A51 41
MOVE A52 28
MOVE A53 28
MOVE A54 34
MOVE A55 34
MOVE A56 20
MOVE A57 20
MOVE A58 3
MOVE A59 3
MOVE B24 87
MOVE B25 87
MOVE B28 87
MOVE B31 99
MOVE B34 91
MOVE B41 97
MOVE B42 100
MOVE B43 117
MOVE B44 117
MOVE B46 161
END TURN 182
TURN 183
COMMAND LEFT START
MOVE A60 53
MOVE A61 53
MOVE A39 124
TRAIN 2
COMMAND LEFT END
COMMAND RIGHT START
MOVE B35 76
MOVE B42 108
COMMAND RIGHT END
TURN 183 RESULT
TIME LEFT 3 5 RIGHT 0 5
TRAIN A62 A63
MOVE A33 71
MOVE A36 71
MOVE A37 71
MOVE A38 81
MOVE A39 84
MOVE A40 81
MOVE A41 81
MOVE A42 108
MOVE A43 108
MOVE A44 79
MOVE A46 59
MOVE A50 53
MOVE A51 53
MOVE A52 41
MOVE A53 41
MOVE A54 35
MOVE A55 35
MOVE A56 34
MOVE A57 34
MOVE A58 20
MOVE A59 20
MOVE A60 6
MOVE A61 6
MOVE B24 76
MOVE B25 76
MOVE B28 76
MOVE B31 87
MOVE B34 99
MOVE B35 91
MOVE B41 77
MOVE B42 109
MOVE B43 100
MOVE B44 100
MOVE B46 142
END TURN 183
TURN 184
COMMAND LEFT START
MOVE A43 138
MOVE A62 71
MOVE A63 71
MOVE A42 71
TRAIN 2
COMMAND LEFT END
COMMAND RIGHT START
TRAIN 2
COMMAND RIGHT END
TURN 184 RESULT
TIME LEFT 4 5 RIGHT 0 5
TRAIN A64 A65 B47 B48
MOVE A38 72
MOVE A39 95
MOVE A40 72
MOVE A41 72
MOVE A42 86
MOVE A43 107
MOVE A44 108
MOVE A46 79
MOVE A52 53
MOVE A53 53
MOVE A54 51
MOVE A55 51
MOVE A56 35
MOVE A57 35
MOVE A58 34
MOVE A59 34
MOVE A60 14
MOVE A61 14
MOVE A62 3
MOVE A63 3
MOVE B31 76
MOVE B34 87
MOVE B35 99
MOVE B41 71
MOVE B42 101
MOVE B46 130
DAMAGE TURRET B41 2
DAMAGE COMBAT A4 1
DAMAGE COMBAT B41 5
END TURN 184
TURN 185
COMMAND LEFT START
MOVE A64 71
MOVE A65 71
MOVE A50 71
MOVE A51 124
MOVE A52 71
MOVE A53 124
MOVE A44 71
TRAIN 2
COMMAND LEFT END
COMMAND RIGHT START
MOVE B48 100
MOVE B47 100
MOVE B31 100
TRAIN 3
COMMAND RIGHT END
TURN 185 RESULT
TIME LEFT 1 5 RIGHT 0 5
TRAIN A66 A67 B49 B50 B51
MOVE A38 67
MOVE A39 113
MOVE A40 67
MOVE A41 67
MOVE A42 75
MOVE A43 127
MOVE A44 86
MOVE A46 108
MOVE A50 57
MOVE A51 67
MOVE A52 57
MOVE A53 67
MOVE A54 71
MOVE A55 71
MOVE A56 51
MOVE A57 51
MOVE A58 35
MOVE A59 35
MOVE A60 21
MOVE A61 21
MOVE A62 20
MOVE A63 20
MOVE A64 3
MOVE A65 3
MOVE B31 87
MOVE B34 76
MOVE B35 87
MOVE B42 95
MOVE B46 117
MOVE B47 197
MOVE B48 197
END TURN 185
TURN 186
COMMAND LEFT START
MOVE A66 108
MOVE A67 71
TRAIN 2
COMMAND LEFT END
COMMAND RIGHT START
MOVE B36 76
MOVE B37 76
MOVE B38 76
MOVE B51 100
MOVE B50 100
MOVE B49 100
MOVE B34 100
TRAIN 3
COMMAND RIGHT END
TURN 186 RESULT
TIME LEFT 2 5 RIGHT 0 5
TRAIN A68 A69 B52 B53 B54
MOVE A38 76
MOVE A39 124
MOVE A40 76
MOVE A41 76
MOVE A42 78
MOVE A43 138
MOVE A44 75
MOVE A50 60
MOVE A51 72
MOVE A52 60
MOVE A53 72
MOVE A56 71
MOVE A57 71
MOVE A58 51
MOVE A59 51
MOVE A60 28
MOVE A61 28
MOVE A62 34
MOVE A63 34
MOVE A64 20
MOVE A65 20
MOVE A66 3
MOVE A67 3
MOVE B31 99
MOVE B34 87
MOVE B35 76
MOVE B36 91
MOVE B37 91
MOVE B38 91
MOVE B42 102
MOVE B46 100
MOVE B47 185
MOVE B48 185
MOVE B49 197
MOVE B50 197
MOVE B51 197
DAMAGE TURRET A38 2
DAMAGE COMBAT A38 4
DAMAGE COMBAT B24 3
END TURN 186
TURN 187
COMMAND LEFT START
MOVE A39 133
MOVE A68 53
MOVE A69 53
MOVE A33 53
MOVE A36 53
MOVE A37 53
MOVE A45 53
MOVE A47 53
MOVE A48 53
MOVE A49 53
MOVE A54 53
MOVE A55 53
MOVE A56 53
MOVE A57 108
MOVE A43 53
TRAIN 2
COMMAND LEFT END
COMMAND RIGHT START
MOVE B39 76
MOVE B40 76
MOVE B12 76
MOVE B13 129
MOVE B54 100
MOVE B53 100
TRAIN 3
COMMAND RIGHT END
TURN 187 RESULT
TIME LEFT 5 5 RIGHT 0 5
TRAIN A70 A71 B55 B56 B57
MOVE A33 64
MOVE A36 64
MOVE A37 64
MOVE A39 133
MOVE A42 71
MOVE A43 124
MOVE A44 78
MOVE A45 64
MOVE A47 64
MOVE A48 64
MOVE A49 64
MOVE A50 58
MOVE A51 81
MOVE A52 58
MOVE A53 81
MOVE A54 64
MOVE A55 64
MOVE A56 64
MOVE A57 78
MOVE A58 71
MOVE A59 71
MOVE A60 41
MOVE A61 41
MOVE A62 35
MOVE A63 35
MOVE A64 34
MOVE A65 34
MOVE A66 10
MOVE A67 20
MOVE A68 6
MOVE A69 6
MOVE B12 116
MOVE B13 197
MOVE B31 91
MOVE B34 99
MOVE B36 99
MOVE B37 99
MOVE B38 99
MOVE B39 91
MOVE B40 91
MOVE B42 104
MOVE B47 161
MOVE B48 161
MOVE B49 185
MOVE B50 185
MOVE B51 185
MOVE B53 197
MOVE B54 197
DAMAGE TURRET A38 1
DAMAGE TURRET A40 1
DAMAGE COMBAT A40 4
DAMAGE COMBAT B24 3
END TURN 187
TURN 188
COMMAND LEFT START
MOVE A39 124
MOVE A70 53
MOVE A71 108
MOVE A42 53
MOVE A58 108
MOVE A59 53
TRAIN 2
COMMAND LEFT END
COMMAND RIGHT START
MOVE B16 76
MOVE B11 76
MOVE B21 76
MOVE B14 125
MOVE B15 125
MOVE B18 129
TRAIN 2
COMMAND RIGHT END
TURN 188 RESULT
TIME LEFT 5 5 RIGHT 0 5
TRAIN A72 A73 B58 B59
MOVE A33 68
MOVE A36 68
MOVE A37 68
MOVE A39 124
MOVE A42 64
MOVE A43 113
MOVE A44 71
MOVE A45 68
MOVE A47 68
MOVE A48 68
MOVE A49 68
MOVE A50 66
MOVE A51 83
MOVE A52 66
MOVE A53 83
MOVE A54 68
MOVE A55 68
MOVE A56 68
MOVE A57 75
MOVE A58 78
MOVE A59 64
MOVE A60 53
MOVE A61 53
MOVE A62 51
MOVE A63 51
MOVE A64 35
MOVE A65 35
MOVE A66 19
MOVE A67 34
MOVE A68 14
MOVE A69 14
MOVE A70 6
MOVE A71 3
MOVE B11 110
MOVE B12 105
MOVE B13 180
MOVE B14 197
MOVE B15 197
MOVE B16 116
MOVE B18 197
MOVE B21 110
MOVE B31 100
MOVE B34 91
MOVE B36 87
MOVE B37 87
MOVE B38 87
MOVE B39 99
MOVE B40 99
MOVE B42 107
MOVE B47 142
MOVE B48 142
MOVE B49 161
MOVE B50 161
MOVE B51 161
MOVE B53 185
MOVE B54 185
DAMAGE TURRET A40 2
DAMAGE COMBAT A41 3
DAMAGE COMBAT B25 2
END TURN 188
TURN 189
COMMAND LEFT START
MOVE A61 73
MOVE A72 108
MOVE A73 108
MOVE A44 108
MOVE A39 108
TRAIN 2
COMMAND LEFT END
COMMAND RIGHT START
MOVE B3 76
MOVE B6 76
MOVE B2 76
MOVE B45 165
MOVE B52 165
MOVE B31 154
TRAIN 3
COMMAND RIGHT END
TURN 189 RESULT
TIME LEFT 5 5 RIGHT 0 5
TRAIN A74 A75 B60 B61 B62
MOVE A33 66
MOVE A36 66
MOVE A37 66
MOVE A39 115
MOVE A42 68
MOVE A43 101
MOVE A44 78
MOVE A45 66
MOVE A47 66
MOVE A48 66
MOVE A49 66
MOVE A50 68
MOVE A51 97
MOVE A52 68
MOVE A53 97
MOVE A54 66
MOVE A55 66
MOVE A56 66
MOVE A57 86
MOVE A58 75
MOVE A59 68
MOVE A61 65
MOVE A62 71
MOVE A63 71
MOVE A64 51
MOVE A65 51
MOVE A66 22
MOVE A67 35
MOVE A68 21
MOVE A69 21
MOVE A70 14
MOVE A71 10
MOVE A72 3
MOVE A73 3
MOVE B2 137
MOVE B3 136
MOVE B6 136
MOVE B11 96
MOVE B12 87
MOVE B13 166
MOVE B14 190
MOVE B15 190
MOVE B16 105
MOVE B18 180
MOVE B21 96
MOVE B31 103
MOVE B34 100
MOVE B36 76
MOVE B37 76
MOVE B38 76
MOVE B39 87
MOVE B40 87
MOVE B42 108
MOVE B45 197
MOVE B47 130
MOVE B48 130
MOVE B49 142
MOVE B50 142
MOVE B51 142
MOVE B52 197
MOVE B53 161
MOVE B54 161
DAMAGE TURRET A41 2
DAMAGE TURRET B42 2
DAMAGE COMBAT A7 1
DAMAGE COMBAT A41 2
DAMAGE COMBAT B25 1
DAMAGE COMBAT B42 4
END TURN 189
TURN 190
COMMAND LEFT START
MOVE A74 53
MOVE A75 53
MOVE A62 53
MOVE A63 53
MOVE A46 53
TRAIN 2
COMMAND LEFT END
COMMAND RIGHT START
MOVE B8 76
MOVE B1 76
MOVE B5 76
MOVE B34 147
MOVE B55 147
MOVE B25 154
MOVE B62 100
MOVE B61 100
MOVE B38 71
MOVE B37 100
TRAIN 1
COMMAND RIGHT END
TURN 190 RESULT
TIME LEFT 3 5 RIGHT 0 5
TRAIN A76 A77 B63
MOVE A33 58
MOVE A36 58
MOVE A37 58
MOVE A39 104
MOVE A42 66
MOVE A43 97
MOVE A44 75
MOVE A45 58
MOVE A47 58
MOVE A48 58
MOVE A49 58
MOVE A50 64
MOVE A51 101
MOVE A52 64
MOVE A53 101
MOVE A54 58
MOVE A55 58
MOVE A56 58
MOVE A57 108
MOVE A58 86
MOVE A59 66
MOVE A61 62
MOVE A62 64
MOVE A63 64
MOVE A64 71
MOVE A65 71
MOVE A66 26
MOVE A67 51
MOVE A68 28
MOVE A69 28
MOVE A70 21
MOVE A71 19
MOVE A72 10
MOVE A73 10
MOVE A74 6
MOVE A75 6
MOVE B1 133
MOVE B2 122
MOVE B3 123
MOVE B5 133
MOVE B6 123
MOVE B8 137
MOVE B11 85
MOVE B12 76
MOVE B13 165
MOVE B14 181
MOVE B15 181
MOVE B16 87
MOVE B18 166
MOVE B21 85
MOVE B25 85
MOVE B31 123
MOVE B34 109
MOVE B37 87
MOVE B38 67
MOVE B39 76
MOVE B40 76
MOVE B45 180
MOVE B47 117
MOVE B48 117
MOVE B49 130
MOVE B50 130
MOVE B51 130
MOVE B52 180
MOVE B53 142
MOVE B54 142
MOVE B55 194
MOVE B61 197
MOVE B62 197
DAMAGE TURRET B42 1
DAMAGE COMBAT A7 1
END TURN 190
TURN 191
COMMAND LEFT START
MOVE A76 71
MOVE A77 71
MOVE A60 71
MOVE A64 53
MOVE A65 53
TRAIN 2
COMMAND LEFT END
COMMAND RIGHT START
MOVE B56 76
MOVE B57 76
MOVE B58 76
MOVE B12 200
MOVE B28 200
MOVE B40 100
TRAIN 2
COMMAND RIGHT END
TURN 191 RESULT
TIME LEFT 2 5 RIGHT 0 5
TRAIN A78 A79 B64 B65
MOVE A33 60
MOVE A36 60
MOVE A37 60
MOVE A39 107
MOVE A42 58
MOVE A43 83
MOVE A44 86
MOVE A45 60
MOVE A46 107
MOVE A47 60
MOVE A48 60
MOVE A49 60
MOVE A50 71
MOVE A51 113
MOVE A52 71
MOVE A53 113
MOVE A54 60
MOVE A55 60
MOVE A56 60
MOVE A58 108
MOVE A59 58
MOVE A60 57
MOVE A61 73
MOVE A62 68
MOVE A63 68
MOVE A64 64
MOVE A65 64
MOVE A66 42
MOVE A67 71
MOVE A68 41
MOVE A69 41
MOVE A70 28
MOVE A71 22
MOVE A72 19
MOVE A73 19
MOVE A74 14
MOVE A75 14
MOVE A76 3
MOVE A77 3
MOVE B1 128
MOVE B2 112
MOVE B3 105
MOVE B5 128
MOVE B6 105
MOVE B8 122
MOVE B11 76
MOVE B12 87
MOVE B13 149
MOVE B14 178
MOVE B15 178
MOVE B16 76
MOVE B18 165
MOVE B21 76
MOVE B25 98
MOVE B28 87
MOVE B31 129
MOVE B34 128
MOVE B37 99
MOVE B38 72
MOVE B40 87
MOVE B45 166
MOVE B47 100
MOVE B48 100
MOVE B49 117
MOVE B50 117
MOVE B51 117
MOVE B52 166
MOVE B53 130
MOVE B54 130
MOVE B55 186
MOVE B56 197
MOVE B57 197
MOVE B58 197
MOVE B61 185
MOVE B62 185
END TURN 191
TURN 192
COMMAND LEFT START
MOVE A61 110
MOVE A78 71
MOVE A79 71
MOVE A58 71
TRAIN 2
COMMAND LEFT END
COMMAND RIGHT START
MOVE B39 100
MOVE B36 100
MOVE B35 100
TRAIN 2
COMMAND RIGHT END
TURN 192 RESULT
TIME LEFT 5 5 RIGHT 0 5
TRAIN A80 A81 B66 B67
MOVE A33 57
MOVE A36 57
MOVE A37 57
MOVE A39 108
MOVE A42 60
MOVE A43 81
MOVE A44 108
MOVE A45 57
MOVE A46 104
MOVE A47 57
MOVE A48 57
MOVE A49 57
MOVE A51 124
MOVE A53 124
MOVE A54 57
MOVE A55 57
MOVE A56 57
MOVE A58 86
MOVE A59 60
MOVE A60 60
MOVE A61 96
MOVE A62 66
MOVE A63 66
MOVE A64 68
MOVE A65 68
MOVE A66 46
MOVE A68 53
MOVE A69 53
MOVE A70 41
MOVE A71 26
MOVE A72 22
MOVE A73 22
MOVE A74 21
MOVE A75 21
MOVE A76 20
MOVE A77 20
MOVE A78 3
MOVE A79 3
MOVE B1 119
MOVE B2 98
MOVE B3 87
MOVE B5 119
MOVE B6 87
MOVE B8 112
MOVE B12 105
MOVE B13 129
MOVE B14 174
MOVE B15 174
MOVE B18 149
MOVE B25 112
MOVE B28 105
MOVE B31 139
MOVE B34 133
MOVE B35 87
MOVE B36 87
MOVE B37 91
MOVE B38 81
MOVE B39 87
MOVE B40 99
MOVE B45 165
MOVE B49 100
MOVE B50 100
MOVE B51 100
MOVE B52 165
MOVE B53 117
MOVE B54 117
MOVE B55 179
MOVE B56 180
MOVE B57 180
MOVE B58 180
MOVE B61 161
MOVE B62 161
DAMAGE COMBAT A43 1
DAMAGE COMBAT B38 1
END TURN 192
TURN 193
COMMAND LEFT START
MOVE A80 71
MOVE A81 71
MOVE A68 71
MOVE A69 71
MOVE A44 71
MOVE A57 71
MOVE A50 53
MOVE A51 53
MOVE A52 53
MOVE A53 53
TRAIN 2
COMMAND LEFT END
COMMAND RIGHT START
MOVE B67 100
MOVE B66 100
TRAIN 1
COMMAND RIGHT END
TURN 193 RESULT
TIME LEFT 2 5 RIGHT 0 5
TRAIN A82 A83 B68
MOVE A33 53
MOVE A36 53
MOVE A37 53
MOVE A42 57
MOVE A44 86
MOVE A45 53
MOVE A46 102
MOVE A47 53
MOVE A48 53
MOVE A49 53
MOVE A50 64
MOVE A51 113
MOVE A52 64
MOVE A53 113
MOVE A54 53
MOVE A55 53
MOVE A56 53
MOVE A57 86
MOVE A58 75
MOVE A59 57
MOVE A60 58
MOVE A61 110
MOVE A62 58
MOVE A63 58
MOVE A64 66
MOVE A65 66
MOVE A66 59
MOVE A68 57
MOVE A69 57
MOVE A70 53
MOVE A71 42
MOVE A72 26
MOVE A73 26
MOVE A74 28
MOVE A75 28
MOVE A76 34
MOVE A77 34
MOVE A78 20
MOVE A79 20
MOVE A80 3
MOVE A81 3
MOVE B1 117
MOVE B2 85
MOVE B3 76
MOVE B5 117
MOVE B6 76
MOVE B8 98
MOVE B12 123
MOVE B14 158
MOVE B15 158
MOVE B18 129
MOVE B25 122
MOVE B28 123
MOVE B31 144
MOVE B34 147
MOVE B35 99
MOVE B36 99
MOVE B37 100
MOVE B39 99
MOVE B40 91
MOVE B53 100
MOVE B54 100
MOVE B55 172
MOVE B56 164
MOVE B57 164
MOVE B58 164
MOVE B61 142
MOVE B62 142
MOVE B66 197
MOVE B67 197
DAMAGE COMBAT A43 1
DAMAGE COMBAT B38 1
END TURN 193
TURN 194
COMMAND LEFT START
MOVE A61 53
MOVE A36 12
MOVE A82 71
MOVE A83 71
MOVE A33 71
MOVE A37 71
MOVE A45 71
MOVE A47 71
MOVE A48 71
MOVE A67 53
TRAIN 2
COMMAND LEFT END
COMMAND RIGHT START
MOVE B68 100
TRAIN 3
COMMAND RIGHT END
TURN 194 RESULT
TIME LEFT 6 5 RIGHT 0 5
TRAIN A84 A85 B69 B70 B71
MOVE A33 57
MOVE A36 41
MOVE A37 57
MOVE A42 53
MOVE A44 75
MOVE A45 57
MOVE A46 95
MOVE A47 57
MOVE A48 57
MOVE A50 68
MOVE A51 101
MOVE A52 68
MOVE A53 101
MOVE A57 75
MOVE A58 78
MOVE A59 53
MOVE A60 66
MOVE A61 96
MOVE A62 60
MOVE A63 60
MOVE A64 58
MOVE A65 58
MOVE A66 79
MOVE A67 64
MOVE A68 60
MOVE A69 60
MOVE A71 46
MOVE A72 42
MOVE A73 42
MOVE A74 41
MOVE A75 41
MOVE A76 35
MOVE A77 35
MOVE A78 34
MOVE A79 34
MOVE A80 20
MOVE A81 20
MOVE A82 3
MOVE A83 3
MOVE B1 103
MOVE B2 76
MOVE B5 103
MOVE B8 85
MOVE B12 132
MOVE B14 144
MOVE B15 144
MOVE B25 137
MOVE B28 132
MOVE B31 154
MOVE B35 91
MOVE B36 91
MOVE B39 91
MOVE B40 100
MOVE B55 159
MOVE B56 155
MOVE B57 155
MOVE B58 155
MOVE B61 130
MOVE B62 130
MOVE B66 185
MOVE B67 185
MOVE B68 197
DAMAGE COMBAT A43 1
DAMAGE COMBAT B38 1
END TURN 194
TURN 195
COMMAND LEFT START
MOVE A84 71
MOVE A85 71
MOVE A42 71
TRAIN 2
COMMAND LEFT END
COMMAND RIGHT START
MOVE B71 100
MOVE B70 100
MOVE B69 100
TRAIN 2
COMMAND RIGHT END
TURN 195 RESULT
TIME LEFT 2 5 RIGHT 0 5
TRAIN A86 A87 B72 B73
MOVE A33 60
MOVE A36 27
MOVE A37 60
MOVE A42 57
MOVE A44 78
MOVE A45 60
MOVE A46 77
MOVE A47 60
MOVE A48 60
MOVE A50 66
MOVE A51 97
MOVE A52 66
MOVE A53 97
MOVE A57 78
MOVE A58 71
MOVE A60 68
MOVE A61 85
MOVE A62 57
MOVE A63 57
MOVE A64 60
MOVE A65 60
MOVE A66 108
MOVE A67 68
MOVE A68 58
MOVE A69 58
MOVE A71 59
MOVE A72 46
MOVE A73 46
MOVE A74 53
MOVE A75 53
MOVE A76 51
MOVE A77 51
MOVE A78 35
MOVE A79 35
MOVE A80 34
MOVE A81 34
MOVE A82 20
MOVE A83 20
MOVE A84 3
MOVE A85 3
MOVE B1 99
MOVE B5 99
MOVE B8 76
MOVE B12 155
MOVE B14 137
MOVE B15 137
MOVE B25 154
MOVE B28 155
MOVE B35 100
MOVE B36 100
MOVE B39 100
MOVE B55 147
MOVE B56 132
MOVE B57 132
MOVE B58 132
MOVE B61 117
MOVE B62 117
MOVE B66 161
MOVE B67 161
MOVE B68 185
MOVE B69 197
MOVE B70 197
MOVE B71 197
DAMAGE COMBAT A43 1
DAMAGE COMBAT B38 1
END TURN 195
TURN 196
COMMAND LEFT START
MOVE A86 71
MOVE A87 71
MOVE A49 124
MOVE A54 71
MOVE A55 124
MOVE A56 71
MOVE A59 124
MOVE A66 71
MOVE A70 71
MOVE A74 71
MOVE A75 71
TRAIN 2
COMMAND LEFT END
COMMAND RIGHT START
MOVE B13 76
MOVE B18 76
MOVE B10 76
MOVE B2 129
MOVE B3 129
MOVE B59 165
MOVE B54 124
MOVE B53 124
MOVE B51 124
MOVE B50 124
MOVE B49 124
MOVE B48 124
MOVE B47 124
MOVE B46 124
MOVE B44 124
MOVE B43 124
MOVE B40 124
MOVE B39 124
MOVE B37 124
COMMAND RIGHT END
TURN 196 RESULT
TIME LEFT 2 5 RIGHT 1 5
TRAIN A88 A89
MOVE A33 58
MOVE A36 12
MOVE A37 58
MOVE A42 60
MOVE A44 71
MOVE A45 58
MOVE A46 80
MOVE A47 58
MOVE A48 58
MOVE A49 67
MOVE A50 58
MOVE A51 83
MOVE A52 58
MOVE A53 83
MOVE A54 57
MOVE A55 67
MOVE A56 57
MOVE A57 71
MOVE A59 67
MOVE A60 64
MOVE A61 76
MOVE A62 53
MOVE A63 53
MOVE A64 57
MOVE A65 57
MOVE A66 86
MOVE A67 66
MOVE A68 66
MOVE A69 66
MOVE A70 57
MOVE A71 79
MOVE A72 59
MOVE A73 59
MOVE A74 57
MOVE A75 57
MOVE A76 71
MOVE A77 71
MOVE A78 51
MOVE A79 51
MOVE A80 35
MOVE A81 35
MOVE A82 34
MOVE A83 34
MOVE A84 20
MOVE A85 20
MOVE A86 3
MOVE A87 3
MOVE B1 87
MOVE B2 87
MOVE B3 87
MOVE B5 87
MOVE B10 136
MOVE B12 164
MOVE B13 116
MOVE B14 125
MOVE B15 125
MOVE B18 116
MOVE B28 164
MOVE B37 109
MOVE B39 109
MOVE B40 109
MOVE B43 109
MOVE B44 109
MOVE B46 109
MOVE B47 109
MOVE B48 109
MOVE B49 109
MOVE B50 109
MOVE B51 109
MOVE B53 109
MOVE B54 109
MOVE B56 123
MOVE B57 123
MOVE B58 123
MOVE B59 197
MOVE B61 100
MOVE B62 100
MOVE B66 142
MOVE B67 142
MOVE B68 161
MOVE B69 185
MOVE B70 185
MOVE B71 185
DAMAGE TURRET A61 2
DAMAGE COMBAT A43 1
DAMAGE COMBAT A61 5
DAMAGE COMBAT B6 1
DAMAGE COMBAT B38 1
END TURN 196
TURN 197
COMMAND LEFT START
MOVE A44 124
MOVE A57 124
MOVE A58 124
MOVE A76 124
MOVE A77 124
MOVE A63 73
MOVE A88 124
MOVE A89 124
MOVE A36 124
TRAIN 2
COMMAND LEFT END
COMMAND RIGHT START
MOVE B14 76
MOVE B15 76
MOVE B45 76
MOVE B6 125
MOVE B8 125
MOVE B60 165
TRAIN 3
COMMAND RIGHT END
TURN 197 RESULT
TIME LEFT 5 5 RIGHT 0 5
TRAIN A90 A91 B74 B75 B76
MOVE A33 66
MOVE A36 27
MOVE A37 66
MOVE A42 58
MOVE A44 84
MOVE A45 66
MOVE A46 70
MOVE A47 66
MOVE A48 66
MOVE A49 72
MOVE A50 60
MOVE A51 81
MOVE A52 60
MOVE A53 81
MOVE A54 60
MOVE A55 72
MOVE A56 60
MOVE A57 84
MOVE A58 84
MOVE A59 72
MOVE A60 71
MOVE A63 65
MOVE A64 53
MOVE A65 53
MOVE A66 75
MOVE A67 58
MOVE A68 68
MOVE A69 68
MOVE A70 60
MOVE A71 108
MOVE A72 79
MOVE A73 79
MOVE A74 60
MOVE A75 60
MOVE A76 84
MOVE A77 84
MOVE A78 71
MOVE A79 71
MOVE A80 51
MOVE A81 51
MOVE A82 35
MOVE A83 35
MOVE A84 34
MOVE A85 34
MOVE A86 20
MOVE A87 20
MOVE A88 3
MOVE A89 3
MOVE B1 76
MOVE B2 105
MOVE B3 105
MOVE B5 76
MOVE B6 85
MOVE B8 85
MOVE B10 123
MOVE B12 180
MOVE B13 105
MOVE B14 110
MOVE B15 110
MOVE B18 105
MOVE B28 180
MOVE B37 101
MOVE B39 101
MOVE B40 101
MOVE B43 101
MOVE B44 101
MOVE B45 136
MOVE B46 101
MOVE B47 101
MOVE B48 101
MOVE B49 101
MOVE B50 101
MOVE B51 101
MOVE B53 101
MOVE B54 101
MOVE B56 105
MOVE B57 105
MOVE B58 105
MOVE B59 180
MOVE B60 197
MOVE B66 130
MOVE B67 130
MOVE B68 142
MOVE B69 161
MOVE B70 161
MOVE B71 161
DAMAGE COMBAT A43 1
DAMAGE COMBAT B38 2
END TURN 197
TURN 198
COMMAND LEFT START
MOVE A60 124
MOVE A71 124
MOVE A78 124
MOVE A79 124
MOVE A90 124
MOVE A91 124
TRAIN 2
COMMAND LEFT END
COMMAND RIGHT START
MOVE B17 76
MOVE B25 76
MOVE B7 76
MOVE B1 154
MOVE B5 154
MOVE B35 147
MOVE B76 100
MOVE B75 100
MOVE B74 100
TRAIN 2
COMMAND RIGHT END
TURN 198 RESULT
TIME LEFT 2 5 RIGHT 0 5
TRAIN A92 A93 B77 B78
MOVE A33 68
MOVE A36 41
MOVE A37 68
MOVE A42 66
MOVE A43 72
MOVE A44 95
MOVE A45 68
MOVE A46 69
MOVE A47 68
MOVE A48 68
MOVE A49 81
MOVE A50 57
MOVE A51 72
MOVE A52 57
MOVE A53 72
MOVE A54 58
MOVE A55 81
MOVE A56 58
MOVE A57 95
MOVE A58 95
MOVE A59 81
MOVE A60 84
MOVE A63 62
MOVE A66 78
MOVE A67 60
MOVE A68 64
MOVE A69 64
MOVE A70 58
MOVE A71 107
MOVE A72 108
MOVE A73 108
MOVE A74 58
MOVE A75 58
MOVE A76 95
MOVE A77 95
MOVE A78 84
MOVE A79 84
MOVE A80 71
MOVE A81 71
MOVE A82 51
MOVE A83 51
MOVE A84 35
MOVE A85 35
MOVE A86 34
MOVE A87 34
MOVE A88 20
MOVE A89 20
MOVE A90 3
MOVE A91 3
MOVE B1 85
MOVE B2 116
MOVE B3 116
MOVE B5 85
MOVE B6 96
MOVE B7 133
MOVE B8 96
MOVE B10 105
MOVE B12 197
MOVE B13 87
MOVE B14 96
MOVE B15 96
MOVE B17 137
MOVE B18 87
MOVE B25 137
MOVE B28 197
MOVE B35 109
MOVE B37 113
MOVE B39 113
MOVE B40 113
MOVE B43 113
MOVE B44 113
MOVE B45 123
MOVE B46 113
MOVE B47 113
MOVE B48 113
MOVE B49 113
MOVE B50 113
MOVE B51 113
MOVE B53 113
MOVE B54 113
MOVE B56 87
MOVE B57 87
MOVE B58 87
MOVE B59 166
MOVE B60 180
MOVE B66 117
MOVE B67 117
MOVE B68 130
MOVE B69 142
MOVE B70 142
MOVE B71 142
MOVE B74 197
MOVE B75 197
MOVE B76 197
END TURN 198
TURN 199
COMMAND LEFT START
MOVE A92 124
MOVE A93 124
MOVE A80 124
MOVE A81 124
MOVE A72 124
MOVE A73 53
TRAIN 2
COMMAND LEFT END
COMMAND RIGHT START
MOVE B34 76
MOVE B63 76
MOVE B64 76
TRAIN 1
COMMAND RIGHT END
TURN 199 RESULT
TIME LEFT 3 5 RIGHT 0 5
TRAIN A94 A95 B79
MOVE A33 64
MOVE A36 49
MOVE A37 64
MOVE A42 68
MOVE A43 67
MOVE A44 113
MOVE A45 64
MOVE A46 57
MOVE A47 64
MOVE A48 64
MOVE A49 83
MOVE A50 53
MOVE A51 67
MOVE A52 53
MOVE A53 67
MOVE A54 66
MOVE A55 83
MOVE A56 66
MOVE A57 113
MOVE A58 113
MOVE A59 83
MOVE A60 95
MOVE A63 73
MOVE A66 71
MOVE A67 57
MOVE A68 71
MOVE A69 71
MOVE A70 66
MOVE A71 104
MOVE A72 107
MOVE A73 107
MOVE A74 66
MOVE A75 66
MOVE A76 113
MOVE A77 113
MOVE A78 95
MOVE A79 95
MOVE A80 84
MOVE A81 84
MOVE A82 71
MOVE A83 71
MOVE A84 51
MOVE A85 51
MOVE A86 35
MOVE A87 35
MOVE A88 36
MOVE A89 36
MOVE A90 20
MOVE A91 20
MOVE A92 3
MOVE A93 3
MOVE B1 98
MOVE B2 129
MOVE B3 129
MOVE B5 98
MOVE B6 110
MOVE B7 128
MOVE B8 110
MOVE B10 87
MOVE B12 200
MOVE B13 76
MOVE B14 85
MOVE B15 85
MOVE B17 122
MOVE B18 76
MOVE B25 122
MOVE B28 200
MOVE B34 133
MOVE B35 128
MOVE B37 124
MOVE B39 124
MOVE B40 124
MOVE B43 124
MOVE B44 124
MOVE B45 105
MOVE B46 124
MOVE B47 124
MOVE B48 124
MOVE B49 124
MOVE B50 124
MOVE B51 124
MOVE B53 124
MOVE B54 124
MOVE B56 76
MOVE B57 76
MOVE B58 76
MOVE B59 165
MOVE B60 166
MOVE B63 197
MOVE B64 197
MOVE B66 100
MOVE B67 100
MOVE B68 117
MOVE B69 130
MOVE B70 130
MOVE B71 130
MOVE B74 185
MOVE B75 185
MOVE B76 185
DAMAGE TURRET B37 2
DAMAGE COMBAT A20 3
DAMAGE COMBAT A23 6
DAMAGE COMBAT A24 4
DAMAGE COMBAT B37 3
END TURN 199
TURN 200
COMMAND LEFT START
MOVE A63 53
MOVE A62 54
MOVE A94 53
MOVE A95 53
TRAIN 2
COMMAND LEFT END
COMMAND RIGHT START
MOVE B2 76
MOVE B3 76
MOVE B52 76
MOVE B11 129
MOVE B13 129
MOVE B12 165
MOVE B79 100
MOVE B78 100
MOVE B58 100
MOVE B57 100
MOVE B56 100
TRAIN 1
COMMAND RIGHT END
TURN 200 RESULT
TIME LEFT 5 5 RIGHT 0 5
TRAIN A96 A97 B80
MOVE A33 71
MOVE A36 57
MOVE A37 71
MOVE A42 64
MOVE A43 53
MOVE A44 124
MOVE A45 71
MOVE A46 53
MOVE A47 71
MOVE A48 71
MOVE A49 97
MOVE A51 53
MOVE A53 53
MOVE A54 68
MOVE A55 97
MOVE A56 68
MOVE A57 124
MOVE A58 124
MOVE A59 97
MOVE A60 113
MOVE A62 47
MOVE A63 62
MOVE A67 53
MOVE A70 68
MOVE A71 115
MOVE A72 104
MOVE A73 104
MOVE A74 68
MOVE A75 68
MOVE A76 124
MOVE A77 124
MOVE A78 113
MOVE A79 113
MOVE A80 95
MOVE A81 95
MOVE A84 71
MOVE A85 71
MOVE A86 51
MOVE A87 51
MOVE A88 45
MOVE A89 45
MOVE A90 36
MOVE A91 36
MOVE A92 20
MOVE A93 20
MOVE A94 6
MOVE A95 6
MOVE B1 112
MOVE B2 116
MOVE B3 116
MOVE B5 112
MOVE B6 125
MOVE B7 119
MOVE B8 125
MOVE B10 76
MOVE B11 87
MOVE B12 197
MOVE B13 87
MOVE B14 76
MOVE B15 76
MOVE B17 112
MOVE B25 112
MOVE B34 128
MOVE B35 133
MOVE B45 87
MOVE B52 136
MOVE B56 87
MOVE B57 87
MOVE B58 87
MOVE B60 165
MOVE B63 180
MOVE B64 180
MOVE B68 100
MOVE B69 117
MOVE B70 117
MOVE B71 117
MOVE B74 161
MOVE B75 161
MOVE B76 161
MOVE B78 197
MOVE B79 197
DAMAGE TURRET B37 2
DAMAGE COMBAT A24 2
DAMAGE COMBAT A44 7
DAMAGE COMBAT A57 4
DAMAGE COMBAT B39 6
END TURN 200
TURN 201
COMMAND LEFT START
MOVE A96 53
MOVE A97 53
MOVE A43 71
MOVE A46 71
MOVE A50 71
TRAIN 2
COMMAND LEFT END
COMMAND RIGHT START
MOVE B6 76
MOVE B8 76
MOVE B59 76
MOVE B10 125
MOVE B14 125
MOVE B28 165
MOVE B21 100
TRAIN 1
COMMAND RIGHT END
TURN 201 RESULT
TIME LEFT 3 5 RIGHT 0 5
TRAIN A98 A99 B81
MOVE A36 69
MOVE A42 71
MOVE A43 57
MOVE A46 57
MOVE A49 101
MOVE A50 57
MOVE A54 64
MOVE A55 101
MOVE A56 64
MOVE A59 101
MOVE A60 124
MOVE A62 50
MOVE A63 65
MOVE A70 64
MOVE A71 124
MOVE A72 115
MOVE A73 102
MOVE A74 64
MOVE A75 64
MOVE A78 124
MOVE A79 124
MOVE A80 113
MOVE A81 113
MOVE A86 71
MOVE A87 71
MOVE A88 68
MOVE A89 68
MOVE A90 45
MOVE A91 45
MOVE A92 36
MOVE A93 36
MOVE A94 14
MOVE A95 14
MOVE A96 6
MOVE A97 6
MOVE B1 122
MOVE B2 105
MOVE B3 105
MOVE B5 122
MOVE B6 110
MOVE B7 117
MOVE B8 110
MOVE B10 85
MOVE B11 105
MOVE B12 180
MOVE B13 105
MOVE B14 85
MOVE B17 98
MOVE B21 87
MOVE B25 98
MOVE B28 197
MOVE B34 119
MOVE B35 147
MOVE B45 76
MOVE B52 123
MOVE B56 99
MOVE B57 99
MOVE B58 99
MOVE B59 136
MOVE B63 164
MOVE B64 164
MOVE B69 100
MOVE B70 100
MOVE B71 100
MOVE B74 142
MOVE B75 142
MOVE B76 142
MOVE B78 185
MOVE B79 185
DAMAGE TURRET B39 1
DAMAGE TURRET B40 1
DAMAGE COMBAT A57 3
DAMAGE COMBAT A58 7
DAMAGE COMBAT A60 2
DAMAGE COMBAT B40 6
DAMAGE COMBAT B43 2
END TURN 201
TURN 202
COMMAND LEFT START
MOVE A98 71
MOVE A99 71
TRAIN 2
COMMAND LEFT END
COMMAND RIGHT START
MOVE B36 76
MOVE B61 76
MOVE B62 76
MOVE B66 147
MOVE B81 100
MOVE B71 71
MOVE B45 100
TRAIN 3
COMMAND RIGHT END
TURN 202 RESULT
TIME LEFT 12 5 RIGHT 11 5
TRAIN A100 A101 B82 B83 B84
MOVE A36 81
MOVE A43 60
MOVE A46 60
MOVE A49 113
MOVE A50 60
MOVE A54 71
MOVE A55 113
MOVE A56 71
MOVE A59 113
MOVE A62 54
MOVE A63 53
MOVE A70 71
MOVE A72 124
MOVE A73 95
MOVE A74 71
MOVE A75 71
MOVE A80 124
MOVE A81 124
MOVE A88 77
MOVE A89 77
MOVE A90 68
MOVE A91 68
MOVE A92 45
MOVE A93 45
MOVE A94 21
MOVE A95 21
MOVE A96 14
MOVE A97 14
MOVE A98 3
MOVE A99 3
MOVE B1 137
MOVE B2 87
MOVE B3 87
MOVE B5 137
MOVE B6 96
MOVE B7 103
MOVE B8 96
MOVE B10 96
MOVE B11 116
MOVE B12 166
MOVE B13 116
MOVE B14 96
MOVE B17 85
MOVE B21 99
MOVE B25 85
MOVE B28 180
MOVE B34 117
MOVE B36 91
MOVE B45 87
MOVE B52 105
MOVE B56 91
MOVE B57 91
MOVE B58 91
MOVE B59 123
MOVE B61 91
MOVE B62 91
MOVE B63 155
MOVE B64 155
MOVE B66 109
MOVE B71 97
MOVE B74 130
MOVE B75 130
MOVE B76 130
MOVE B78 161
MOVE B79 161
MOVE B81 197
DAMAGE TURRET B43 2
DAMAGE COMBAT A60 5
DAMAGE COMBAT A71 5
DAMAGE COMBAT B43 3
DAMAGE COMBAT B44 6
END TURN 202
TURN 203
COMMAND LEFT START
MOVE A62 74
MOVE A100 53
MOVE A101 53
MOVE A33 53
MOVE A37 53
MOVE A42 53
MOVE A45 53
MOVE A47 53
MOVE A48 53
MOVE A54 53
MOVE A56 53
MOVE A66 53
MOVE A68 53
MOVE A69 53
MOVE A82 53
MOVE A83 53
TRAIN 2
COMMAND LEFT END
COMMAND RIGHT START
MOVE B84 100
MOVE B83 100
MOVE B82 100
TRAIN 1
COMMAND RIGHT END
TURN 203 RESULT
TIME LEFT 5 5 RIGHT 0 5
TRAIN A102 A103 B85
MOVE A33 64
MOVE A36 83
MOVE A37 64
MOVE A42 64
MOVE A43 58
MOVE A45 64
MOVE A46 58
MOVE A47 64
MOVE A48 64
MOVE A49 124
MOVE A50 58
MOVE A54 64
MOVE A55 124
MOVE A56 64
MOVE A59 124
MOVE A62 74
MOVE A66 64
MOVE A68 64
MOVE A69 64
MOVE A73 77
MOVE A82 64
MOVE A83 64
MOVE A88 95
MOVE A89 95
MOVE A90 77
MOVE A91 77
MOVE A92 68
MOVE A93 68
MOVE A94 28
MOVE A95 28
MOVE A96 21
MOVE A97 21
MOVE A98 20
MOVE A99 20
MOVE A100 6
MOVE A101 6
MOVE B1 154
MOVE B2 76
MOVE B3 76
MOVE B5 154
MOVE B6 85
MOVE B7 99
MOVE B8 85
MOVE B10 110
MOVE B11 129
MOVE B12 165
MOVE B13 129
MOVE B14 110
MOVE B17 76
MOVE B21 91
MOVE B25 76
MOVE B28 166
MOVE B34 103
MOVE B36 99
MOVE B45 99
MOVE B52 87
MOVE B56 100
MOVE B57 100
MOVE B58 100
MOVE B59 105
MOVE B61 99
MOVE B62 99
MOVE B63 132
MOVE B64 132
MOVE B66 128
MOVE B71 77
MOVE B74 117
MOVE B75 117
MOVE B76 117
MOVE B78 142
MOVE B79 142
MOVE B81 185
MOVE B82 197
MOVE B83 197
MOVE B84 197
DAMAGE TURRET B44 1
DAMAGE TURRET B46 1
DAMAGE COMBAT A49 7
DAMAGE COMBAT A71 2
DAMAGE COMBAT A73 1
DAMAGE COMBAT B46 6
DAMAGE COMBAT B47 5
DAMAGE COMBAT B71 3
END TURN 203
TURN 204
COMMAND LEFT START
MOVE A76 138
MOVE A102 71
MOVE A103 71
MOVE A62 71
TRAIN 2
COMMAND LEFT END
COMMAND RIGHT START
MOVE B85 100
MOVE B25 92
MOVE B18 100
MOVE B17 100
MOVE B16 100
TRAIN 2
COMMAND RIGHT END
TURN 204 RESULT
TIME LEFT 6 5 RIGHT 0 5
TRAIN A104 A105 B86 B87
MOVE A33 68
MOVE A36 97
MOVE A37 68
MOVE A42 68
MOVE A43 66
MOVE A45 68
MOVE A46 66
MOVE A47 68
MOVE A48 68
MOVE A50 66
MOVE A54 68
MOVE A56 68
MOVE A62 73
MOVE A66 68
MOVE A68 68
MOVE A69 68
MOVE A82 68
MOVE A83 68
MOVE A88 113
MOVE A89 113
MOVE A92 77
MOVE A93 77
MOVE A94 41
MOVE A95 41
MOVE A96 28
MOVE A97 28
MOVE A98 34
MOVE A99 34
MOVE A100 14
MOVE A101 14
MOVE A102 3
MOVE A103 3
MOVE B6 76
MOVE B7 87
MOVE B8 76
MOVE B10 125
MOVE B14 125
MOVE B16 87
MOVE B17 87
MOVE B18 87
MOVE B21 100
MOVE B25 85
MOVE B28 165
MOVE B34 99
MOVE B36 87
MOVE B45 91
MOVE B52 76
MOVE B59 87
MOVE B61 87
MOVE B62 87
MOVE B63 123
MOVE B64 123
MOVE B66 133
MOVE B74 100
MOVE B75 100
MOVE B76 100
MOVE B78 130
MOVE B79 130
MOVE B81 161
MOVE B82 185
MOVE B83 185
MOVE B84 185
MOVE B85 197
DAMAGE TURRET B47 2
DAMAGE COMBAT A55 7
DAMAGE COMBAT A73 1
DAMAGE COMBAT B47 1
DAMAGE COMBAT B48 8
DAMAGE COMBAT B71 5
END TURN 204
TURN 205
COMMAND LEFT START
MOVE A104 71
MOVE A105 71
MOVE A78 71
MOVE A79 71
MOVE A80 71
MOVE A81 71
TRAIN 2
COMMAND LEFT END
COMMAND RIGHT START
MOVE B87 100
MOVE B86 100
MOVE B52 100
MOVE B15 100
MOVE B8 100
TRAIN 2
COMMAND RIGHT END
TURN 205 RESULT
TIME LEFT 3 5 RIGHT 0 5
TRAIN A106 A107 B88 B89
MOVE A33 66
MOVE A36 101
MOVE A37 66
MOVE A42 66
MOVE A43 68
MOVE A45 66
MOVE A46 68
MOVE A47 66
MOVE A48 66
MOVE A50 68
MOVE A54 66
MOVE A56 66
MOVE A62 62
MOVE A66 66
MOVE A68 66
MOVE A69 66
MOVE A73 80
MOVE A82 66
MOVE A83 66
MOVE A88 124
MOVE A89 124
MOVE A90 95
MOVE A91 95
MOVE A92 95
MOVE A93 95
MOVE A94 53
MOVE A95 53
MOVE A96 41
MOVE A97 41
MOVE A98 35
MOVE A99 35
MOVE A100 21
MOVE A101 21
MOVE A102 20
MOVE A103 20
MOVE A104 3
MOVE A105 3
MOVE B7 76
MOVE B8 87
MOVE B15 87
MOVE B16 99
MOVE B17 99
MOVE B18 99
MOVE B25 96
MOVE B34 87
MOVE B36 76
MOVE B45 100
MOVE B52 87
MOVE B59 76
MOVE B61 76
MOVE B62 76
MOVE B63 105
MOVE B64 105
MOVE B66 147
MOVE B78 117
MOVE B79 117
MOVE B81 142
MOVE B82 161
MOVE B83 161
MOVE B84 161
MOVE B85 185
MOVE B86 197
MOVE B87 197
DAMAGE TURRET B49 2
DAMAGE COMBAT A59 5
DAMAGE COMBAT B49 6
DAMAGE COMBAT B50 4
END TURN 205
TURN 206
COMMAND LEFT START
MOVE A106 71
MOVE A107 71
MOVE A63 71
MOVE A94 71
MOVE A95 71
MOVE A88 71
MOVE A89 71
TRAIN 2
COMMAND LEFT END
COMMAND RIGHT START
MOVE B21 76
MOVE B45 76
MOVE B56 76
MOVE B89 100
MOVE B88 100
MOVE B62 100
MOVE B61 100
MOVE B59 100
MOVE B36 100
MOVE B7 100
TRAIN 3
COMMAND RIGHT END
TURN 206 RESULT
TIME LEFT 2 5 RIGHT 0 5
TRAIN A108 A109 B90 B91 B92
MOVE A33 58
MOVE A36 113
MOVE A37 58
MOVE A42 58
MOVE A43 64
MOVE A45 58
MOVE A46 64
MOVE A47 58
MOVE A48 58
MOVE A50 64
MOVE A54 58
MOVE A56 58
MOVE A62 65
MOVE A63 57
MOVE A66 58
MOVE A68 58
MOVE A69 58
MOVE A73 70
MOVE A82 58
MOVE A83 58
MOVE A90 113
MOVE A91 113
MOVE A92 113
MOVE A93 113
MOVE A94 57
MOVE A95 57
MOVE A96 53
MOVE A97 53
MOVE A98 51
MOVE A99 51
MOVE A100 28
MOVE A101 28
MOVE A102 34
MOVE A103 34
MOVE A104 20
MOVE A105 20
MOVE A106 3
MOVE A107 3
MOVE B7 87
MOVE B8 99
MOVE B15 99
MOVE B16 91
MOVE B17 91
MOVE B18 91
MOVE B21 91
MOVE B25 93
MOVE B34 76
MOVE B36 87
MOVE B45 91
MOVE B52 99
MOVE B56 91
MOVE B59 87
MOVE B61 87
MOVE B62 87
MOVE B63 87
MOVE B64 87
MOVE B78 100
MOVE B79 100
MOVE B81 130
MOVE B82 142
MOVE B83 142
MOVE B84 142
MOVE B85 161
MOVE B86 185
MOVE B87 185
MOVE B88 197
MOVE B89 197
DAMAGE TURRET B50 2
DAMAGE COMBAT A59 2
DAMAGE COMBAT A72 2
DAMAGE COMBAT B50 2
DAMAGE COMBAT B51 8
END TURN 206
TURN 207
COMMAND LEFT START
MOVE A108 53
MOVE A109 53
MOVE A51 71
MOVE A52 71
MOVE A53 71
MOVE A64 71
TRAIN 2
COMMAND LEFT END
COMMAND RIGHT START
MOVE B57 76
MOVE B58 76
MOVE B67 76
MOVE B34 100
MOVE B92 100
MOVE B91 100
MOVE B90 100
TRAIN 2
COMMAND RIGHT END
TURN 207 RESULT
TIME LEFT 2 5 RIGHT 0 5
TRAIN A110 A111 B93 B94
MOVE A33 60
MOVE A36 124
MOVE A37 60
MOVE A42 60
MOVE A43 71
MOVE A45 60
MOVE A46 71
MOVE A47 60
MOVE A48 60
MOVE A50 71
MOVE A51 57
MOVE A52 57
MOVE A53 57
MOVE A54 60
MOVE A56 60
MOVE A62 67
MOVE A63 60
MOVE A64 57
MOVE A66 60
MOVE A68 60
MOVE A69 60
MOVE A73 69
MOVE A82 60
MOVE A83 60
MOVE A90 124
MOVE A91 124
MOVE A92 124
MOVE A93 124
MOVE A94 60
MOVE A95 60
MOVE A98 71
MOVE A99 71
MOVE A100 41
MOVE A101 41
MOVE A102 35
MOVE A103 35
MOVE A104 34
MOVE A105 34
MOVE A106 20
MOVE A107 20
MOVE A108 6
MOVE A109 6
MOVE B7 99
MOVE B8 91
MOVE B15 91
MOVE B16 100
MOVE B17 100
MOVE B18 100
MOVE B21 99
MOVE B25 92
MOVE B34 87
MOVE B36 99
MOVE B45 99
MOVE B52 91
MOVE B56 99
MOVE B57 91
MOVE B58 91
MOVE B59 99
MOVE B61 99
MOVE B62 99
MOVE B63 76
MOVE B64 76
MOVE B67 91
MOVE B81 117
MOVE B82 130
MOVE B83 130
MOVE B84 130
MOVE B85 142
MOVE B86 161
MOVE B87 161
MOVE B88 185
MOVE B89 185
MOVE B90 197
MOVE B91 197
MOVE B92 197
DAMAGE TURRET B53 2
DAMAGE COMBAT A72 2
DAMAGE COMBAT B53 6
DAMAGE COMBAT B54 8
END TURN 207
TURN 208
COMMAND LEFT START
MOVE A110 124
MOVE A111 124
MOVE A96 124
MOVE A97 124
MOVE A84 124
MOVE A85 124
MOVE A86 124
MOVE A87 124
MOVE A98 124
MOVE A99 124
MOVE A65 71
MOVE A67 71
MOVE A90 71
MOVE A91 71
MOVE A92 71
TRAIN 2
COMMAND LEFT END
COMMAND RIGHT START
MOVE B16 76
MOVE B17 76
MOVE B18 76
MOVE B79 71
MOVE B64 100
MOVE B63 100
MOVE B94 100
MOVE B93 100
UPGRADE 92
COMMAND RIGHT END
TURN 208 RESULT
TIME LEFT 3 5 RIGHT 0 5
UPGRADE B 92
TRAIN A112 A113
MOVE A33 57
MOVE A37 57
MOVE A42 57
MOVE A45 57
MOVE A47 57
MOVE A48 57
MOVE A51 60
MOVE A52 60
MOVE A53 60
MOVE A54 57
MOVE A56 57
MOVE A62 72
MOVE A63 58
MOVE A64 60
MOVE A65 57
MOVE A66 57
MOVE A67 57
MOVE A68 57
MOVE A69 57
MOVE A73 57
MOVE A76 138
MOVE A78 113
MOVE A79 113
MOVE A80 113
MOVE A81 113
MOVE A82 57
MOVE A83 57
MOVE A84 84
MOVE A85 84
MOVE A86 84
MOVE A87 84
MOVE A88 113
MOVE A89 113
MOVE A90 113
MOVE A91 113
MOVE A92 113
MOVE A94 58
MOVE A95 58
MOVE A96 67
MOVE A97 67
MOVE A98 84
MOVE A99 84
MOVE A100 53
MOVE A101 53
MOVE A102 51
MOVE A103 51
MOVE A104 35
MOVE A105 35
MOVE A106 34
MOVE A107 34
MOVE A108 14
MOVE A109 14
MOVE A110 3
MOVE A111 3
MOVE B7 91
MOVE B8 100
MOVE B15 100
MOVE B16 91
MOVE B17 91
MOVE B18 91
MOVE B21 87
MOVE B34 99
MOVE B36 91
MOVE B45 87
MOVE B52 100
MOVE B56 87
MOVE B57 99
MOVE B58 99
MOVE B59 91
MOVE B61 91
MOVE B62 91
MOVE B63 87
MOVE B64 87
MOVE B67 99
MOVE B79 97
MOVE B81 100
MOVE B82 117
MOVE B83 117
MOVE B84 117
MOVE B85 130
MOVE B86 142
MOVE B87 142
MOVE B88 161
MOVE B89 161
MOVE B90 185
MOVE B91 185
MOVE B92 185
MOVE B93 197
MOVE B94 197
END TURN 208
TURN 209
COMMAND LEFT START
MOVE A93 128
MOVE A112 53
MOVE A113 71
MOVE A76 53
TRAIN 2
COMMAND LEFT END
COMMAND RIGHT START
MOVE B8 76
MOVE B15 76
MOVE B52 76
UPGRADE 92
COMMAND RIGHT END
TURN 209 RESULT
TIME LEFT 6 5 RIGHT 1 5
UPGRADE B 92
TRAIN A114 A115
MOVE A33 53
MOVE A37 53
MOVE A42 53
MOVE A45 53
MOVE A47 53
MOVE A48 53
MOVE A51 58
MOVE A52 58
MOVE A53 58
MOVE A54 53
MOVE A56 53
MOVE A62 81
MOVE A63 66
MOVE A64 58
MOVE A65 60
MOVE A66 53
MOVE A67 60
MOVE A68 53
MOVE A69 53
MOVE A73 53
MOVE A76 124
MOVE A78 95
MOVE A79 95
MOVE A80 95
MOVE A81 95
MOVE A82 53
MOVE A83 53
MOVE A84 95
MOVE A85 95
MOVE A86 95
MOVE A87 95
MOVE A88 95
MOVE A89 95
MOVE A90 95
MOVE A91 95
MOVE A92 95
MOVE A93 133
MOVE A94 66
MOVE A95 66
MOVE A96 72
MOVE A97 72
MOVE A98 95
MOVE A99 95
MOVE A102 71
MOVE A103 71
MOVE A104 51
MOVE A105 51
MOVE A106 35
MOVE A107 35
MOVE A108 21
MOVE A109 21
MOVE A110 20
MOVE A111 20
MOVE A112 6
MOVE A113 3
MOVE B7 100
MOVE B8 91
MOVE B15 91
MOVE B16 99
MOVE B17 99
MOVE B18 99
MOVE B21 76
MOVE B34 91
MOVE B36 100
MOVE B45 76
MOVE B52 91
MOVE B56 76
MOVE B57 87
MOVE B58 87
MOVE B59 100
MOVE B61 100
MOVE B62 100
MOVE B63 99
MOVE B64 99
MOVE B67 87
MOVE B79 77
MOVE B82 100
MOVE B83 100
MOVE B84 100
MOVE B85 117
MOVE B86 130
MOVE B87 130
MOVE B88 142
MOVE B89 142
MOVE B90 161
MOVE B91 161
MOVE B92 161
MOVE B93 185
MOVE B94 185
END TURN 209
TURN 210
COMMAND LEFT START
MOVE A114 71
MOVE A115 71
MOVE A33 71
MOVE A37 71
MOVE A42 71
MOVE A45 71
MOVE A47 71
MOVE A48 71
MOVE A54 71
TRAIN 2
COMMAND LEFT END
COMMAND RIGHT START
MOVE B2 92
MOVE B56 100
MOVE B45 100
UPGRADE 92
COMMAND RIGHT END
TURN 210 RESULT
TIME LEFT 4 5 RIGHT 0 5
UPGRADE B 92
TRAIN A116 A117
MOVE A33 57
MOVE A37 57
MOVE A42 57
MOVE A45 57
MOVE A47 57
MOVE A48 57
MOVE A51 66
MOVE A52 66
MOVE A53 66
MOVE A54 57
MOVE A62 83
MOVE A63 68
MOVE A64 66
MOVE A65 58
MOVE A67 58
MOVE A76 113
MOVE A78 84
MOVE A79 84
MOVE A80 84
MOVE A81 84
MOVE A84 113
MOVE A85 113
MOVE A86 113
MOVE A87 113
MOVE A88 84
MOVE A89 84
MOVE A90 84
MOVE A91 84
MOVE A92 84
MOVE A93 128
MOVE A94 68
MOVE A95 68
MOVE A96 81
MOVE A97 81
MOVE A98 113
MOVE A99 113
MOVE A104 71
MOVE A105 71
MOVE A106 51
MOVE A107 51
MOVE A108 28
MOVE A109 28
MOVE A110 36
MOVE A111 36
MOVE A112 14
MOVE A113 20
MOVE A114 3
MOVE A115 3
MOVE B2 85
MOVE B8 99
MOVE B15 99
MOVE B16 87
MOVE B17 87
MOVE B18 87
MOVE B34 100
MOVE B45 87
MOVE B52 99
MOVE B56 87
MOVE B57 76
MOVE B58 76
MOVE B63 91
MOVE B64 91
MOVE B67 76
MOVE B79 71
MOVE B85 100
MOVE B86 117
MOVE B87 117
MOVE B88 130
MOVE B89 130
MOVE B90 142
MOVE B91 142
MOVE B92 142
MOVE B93 161
MOVE B94 161
DAMAGE TURRET B79 2
DAMAGE COMBAT A4 1
DAMAGE COMBAT B79 6
END TURN 210
TURN 211
COMMAND LEFT START
MOVE A93 138
MOVE A116 124
MOVE A117 124
MOVE A56 124
MOVE A66 124
MOVE A68 124
MOVE A69 71
MOVE A73 124
MOVE A82 71
MOVE A83 124
MOVE A100 71
MOVE A101 124
TRAIN 2
COMMAND LEFT END
COMMAND RIGHT START
MOVE B3 92
MOVE B85 71
MOVE B67 100
MOVE B58 100
COMMAND RIGHT END
TURN 211 RESULT
TIME LEFT 6 5 RIGHT 0 5
TRAIN A118 A119
MOVE A33 60
MOVE A37 60
MOVE A42 60
MOVE A45 60
MOVE A47 60
MOVE A48 60
MOVE A51 68
MOVE A52 68
MOVE A53 68
MOVE A54 60
MOVE A56 67
MOVE A62 80
MOVE A63 64
MOVE A64 68
MOVE A65 66
MOVE A66 67
MOVE A67 66
MOVE A68 67
MOVE A69 57
MOVE A73 67
MOVE A76 101
MOVE A78 71
MOVE A79 71
MOVE A80 71
MOVE A81 71
MOVE A82 57
MOVE A83 67
MOVE A84 124
MOVE A85 124
MOVE A86 124
MOVE A87 124
MOVE A88 71
MOVE A89 71
MOVE A90 71
MOVE A91 71
MOVE A92 71
MOVE A93 133
MOVE A94 64
MOVE A95 64
MOVE A96 83
MOVE A97 83
MOVE A98 124
MOVE A99 124
MOVE A100 57
MOVE A101 67
MOVE A106 71
MOVE A107 71
MOVE A108 41
MOVE A109 41
MOVE A110 45
MOVE A111 45
MOVE A112 21
MOVE A113 34
MOVE A114 20
MOVE A115 20
MOVE A116 3
MOVE A117 3
MOVE B2 96
MOVE B3 85
MOVE B8 87
MOVE B15 87
MOVE B16 76
MOVE B17 76
MOVE B18 76
MOVE B45 99
MOVE B52 87
MOVE B56 99
MOVE B58 87
MOVE B63 100
MOVE B64 100
MOVE B67 87
MOVE B85 97
MOVE B86 100
MOVE B87 100
MOVE B88 117
MOVE B89 117
MOVE B90 130
MOVE B91 130
MOVE B92 130
MOVE B93 142
MOVE B94 142
END TURN 211
TURN 212
COMMAND LEFT START
MOVE A118 71
MOVE A119 71
MOVE A84 53
MOVE A85 71
MOVE A86 53
MOVE A87 71
MOVE A98 53
MOVE A99 71
MOVE A46 147
MOVE A50 147
MOVE A70 147
MOVE A74 147
MOVE A75 147
MOVE A78 147
MOVE A79 147
MOVE A80 147
MOVE A81 147
MOVE A88 147
MOVE A89 147
MOVE A90 147
MOVE A91 147
MOVE A92 147
MOVE A102 147
MOVE A103 147
MOVE A104 147
MOVE A105 147
MOVE A106 147
MOVE A107 147
TRAIN 2
COMMAND LEFT END
COMMAND RIGHT START
MOVE B11 76
MOVE B13 76
MOVE B10 76
MOVE B6 129
MOVE B16 129
MOVE B17 125
MOVE B87 18
COMMAND RIGHT END
TURN 212 RESULT
TIME LEFT 5 5 RIGHT 1 5
TRAIN A120 A121
MOVE A33 58
MOVE A37 58
MOVE A42 58
MOVE A45 58
MOVE A46 84
MOVE A47 58
MOVE A48 58
MOVE A50 84
MOVE A51 64
MOVE A52 64
MOVE A53 64
MOVE A54 58
MOVE A56 72
MOVE A62 77
MOVE A63 71
MOVE A64 64
MOVE A65 68
MOVE A66 72
MOVE A67 68
MOVE A68 72
MOVE A69 60
MOVE A70 84
MOVE A73 72
MOVE A74 84
MOVE A75 84
MOVE A76 97
MOVE A78 84
MOVE A79 84
MOVE A80 84
MOVE A81 84
MOVE A82 60
MOVE A83 72
MOVE A84 113
MOVE A85 113
MOVE A86 113
MOVE A87 113
MOVE A88 84
MOVE A89 84
MOVE A90 84
MOVE A91 84
MOVE A92 84
MOVE A93 135
MOVE A94 71
MOVE A95 71
MOVE A96 97
MOVE A97 97
MOVE A98 113
MOVE A99 113
MOVE A100 60
MOVE A101 72
MOVE A102 84
MOVE A103 84
MOVE A104 84
MOVE A105 84
MOVE A106 84
MOVE A107 84
MOVE A108 53
MOVE A109 53
MOVE A110 68
MOVE A111 68
MOVE A112 28
MOVE A113 35
MOVE A114 34
MOVE A115 34
MOVE A116 20
MOVE A117 20
MOVE A118 3
MOVE A119 3
MOVE B2 93
MOVE B3 96
MOVE B6 87
MOVE B8 76
MOVE B10 110
MOVE B11 116
MOVE B13 116
MOVE B15 76
MOVE B16 87
MOVE B17 85
MOVE B45 91
MOVE B52 76
MOVE B56 91
MOVE B58 99
MOVE B67 99
MOVE B85 77
MOVE B87 81
MOVE B88 100
MOVE B89 100
MOVE B90 117
MOVE B91 117
MOVE B92 117
MOVE B93 130
MOVE B94 130
DAMAGE COMBAT A62 1
DAMAGE COMBAT B85 1
END TURN 212
TURN 213
COMMAND LEFT START
MOVE A120 71
MOVE A121 71
MOVE A108 71
MOVE A109 71
TRAIN 2
COMMAND LEFT END
COMMAND RIGHT START
MOVE B57 100
MOVE B52 100
MOVE B21 100
TRAIN 3
COMMAND RIGHT END
TURN 213 RESULT
TIME LEFT 4 5 RIGHT 0 5
TRAIN A122 A123 B95 B96 B97
MOVE A33 66
MOVE A37 66
MOVE A42 66
MOVE A45 66
MOVE A46 95
MOVE A47 66
MOVE A48 66
MOVE A50 95
MOVE A51 71
MOVE A52 71
MOVE A53 71
MOVE A54 66
MOVE A56 81
MOVE A64 71
MOVE A65 64
MOVE A66 81
MOVE A67 64
MOVE A68 81
MOVE A69 58
MOVE A70 95
MOVE A73 81
MOVE A74 95
MOVE A75 95
MOVE A76 83
MOVE A78 95
MOVE A79 95
MOVE A80 95
MOVE A81 95
MOVE A82 58
MOVE A83 81
MOVE A84 101
MOVE A85 95
MOVE A86 101
MOVE A87 95
MOVE A88 95
MOVE A89 95
MOVE A90 95
MOVE A91 95
MOVE A92 95
MOVE A93 138
MOVE A96 101
MOVE A97 101
MOVE A98 101
MOVE A99 95
MOVE A100 58
MOVE A101 81
MOVE A102 95
MOVE A103 95
MOVE A104 95
MOVE A105 95
MOVE A106 95
MOVE A107 95
MOVE A108 57
MOVE A109 57
MOVE A110 77
MOVE A111 77
MOVE A112 41
MOVE A113 51
MOVE A114 35
MOVE A115 35
MOVE A116 36
MOVE A117 36
MOVE A118 20
MOVE A119 20
MOVE A120 3
MOVE A121 3
MOVE B2 92
MOVE B3 93
MOVE B6 105
MOVE B10 96
MOVE B11 105
MOVE B13 105
MOVE B16 105
MOVE B17 96
MOVE B21 87
MOVE B45 100
MOVE B52 87
MOVE B56 100
MOVE B57 87
MOVE B58 91
MOVE B67 91
MOVE B87 69
MOVE B90 100
MOVE B91 100
MOVE B92 100
MOVE B93 117
MOVE B94 117
DAMAGE COMBAT A62 1
DAMAGE COMBAT B85 3
END TURN 213
TURN 214
COMMAND LEFT START
MOVE A93 128
MOVE A122 71
MOVE A123 71
TRAIN 2
COMMAND LEFT END
COMMAND RIGHT START
MOVE B92 53
MOVE B91 53
MOVE B90 53
MOVE B89 53
MOVE B88 53
MOVE B86 53
MOVE B84 53
MOVE B83 53
MOVE B82 53
MOVE B81 53
MOVE B78 53
MOVE B76 53
MOVE B75 53
MOVE B74 53
MOVE B70 53
MOVE B69 53
MOVE B68 53
MOVE B64 53
MOVE B63 53
MOVE B62 53
MOVE B61 53
MOVE B59 53
MOVE B56 53
MOVE B45 53
MOVE B36 53
TRAIN 3
COMMAND RIGHT END
TURN 214 RESULT
TIME LEFT 6 5 RIGHT 0 5
TRAIN A124 A125 B98 B99 B100
MOVE A33 68
MOVE A37 68
MOVE A42 68
MOVE A45 68
MOVE A46 113
MOVE A47 68
MOVE A48 68
MOVE A50 113
MOVE A54 68
MOVE A56 83
MOVE A65 71
MOVE A66 83
MOVE A67 71
MOVE A68 83
MOVE A69 66
MOVE A70 113
MOVE A73 83
MOVE A74 113
MOVE A75 113
MOVE A76 81
MOVE A78 113
MOVE A79 113
MOVE A80 113
MOVE A81 113
MOVE A82 66
MOVE A83 83
MOVE A84 97
MOVE A85 84
MOVE A86 97
MOVE A87 84
MOVE A88 113
MOVE A89 113
MOVE A90 113
MOVE A91 113
MOVE A92 113
MOVE A93 135
MOVE A96 113
MOVE A97 113
MOVE A98 97
MOVE A99 84
MOVE A100 66
MOVE A101 83
MOVE A102 113
MOVE A103 113
MOVE A104 113
MOVE A105 113
MOVE A106 113
MOVE A107 113
MOVE A108 60
MOVE A109 60
MOVE A112 53
MOVE A113 71
MOVE A114 51
MOVE A115 51
MOVE A116 45
MOVE A117 45
MOVE A118 34
MOVE A119 34
MOVE A120 20
MOVE A121 20
MOVE A122 3
MOVE A123 3
MOVE B3 92
MOVE B6 116
MOVE B10 85
MOVE B11 87
MOVE B13 87
MOVE B16 116
MOVE B17 110
MOVE B21 99
MOVE B36 91
MOVE B45 91
MOVE B52 99
MOVE B56 91
MOVE B57 99
MOVE B58 100
MOVE B59 91
MOVE B61 91
MOVE B62 91
MOVE B63 91
MOVE B64 91
MOVE B67 100
MOVE B68 91
MOVE B69 91
MOVE B70 91
MOVE B74 91
MOVE B75 91
MOVE B76 91
MOVE B78 91
MOVE B81 91
MOVE B82 91
MOVE B83 91
MOVE B84 91
MOVE B86 91
MOVE B87 60
MOVE B88 91
MOVE B89 91
MOVE B90 91
MOVE B91 91
MOVE B92 91
MOVE B93 100
MOVE B94 100
DAMAGE COMBAT A62 1
DAMAGE COMBAT A108 1
DAMAGE COMBAT B85 3
DAMAGE COMBAT B87 2
END TURN 214
TURN 215
COMMAND LEFT START
MOVE A124 53
MOVE A125 53
MOVE A94 53
MOVE A95 53
MOVE A113 53
TRAIN 2
COMMAND LEFT END
COMMAND RIGHT START
MOVE B100 100
MOVE B99 100
MOVE B98 100
MOVE B97 100
MOVE B96 100
MOVE B95 100
TRAIN 3
COMMAND RIGHT END
TURN 215 RESULT
TIME LEFT 4 5 RIGHT 0 5
TRAIN A126 A127 B101 B102 B103
MOVE A33 64
MOVE A37 64
MOVE A42 64
MOVE A45 64
MOVE A46 133
MOVE A47 64
MOVE A48 64
MOVE A50 133
MOVE A54 64
MOVE A56 97
MOVE A66 97
MOVE A68 97
MOVE A69 68
MOVE A70 133
MOVE A73 97
MOVE A74 133
MOVE A75 133
MOVE A76 72
MOVE A78 133
MOVE A79 133
MOVE A80 133
MOVE A81 133
MOVE A82 68
MOVE A83 97
MOVE A84 83
MOVE A85 71
MOVE A86 83
MOVE A87 71
MOVE A88 133
MOVE A89 133
MOVE A90 133
MOVE A91 133
MOVE A92 133
MOVE A93 133
MOVE A94 64
MOVE A95 64
MOVE A96 124
MOVE A97 124
MOVE A98 83
MOVE A99 71
MOVE A100 68
MOVE A101 97
MOVE A102 133
MOVE A103 133
MOVE A104 133
MOVE A105 133
MOVE A106 133
MOVE A107 133
MOVE A113 64
MOVE A114 71
MOVE A115 71
MOVE A116 68
MOVE A117 68
MOVE A118 35
MOVE A119 35
MOVE A120 34
MOVE A121 34
MOVE A122 20
MOVE A123 20
MOVE A124 6
MOVE A125 6
MOVE B6 129
MOVE B10 76
MOVE B11 76
MOVE B13 76
MOVE B16 129
MOVE B17 125
MOVE B21 91
MOVE B36 72
MOVE B45 72
MOVE B52 91
MOVE B56 72
MOVE B57 91
MOVE B59 72
MOVE B61 72
MOVE B62 72
MOVE B63 72
MOVE B64 72
MOVE B68 72
MOVE B69 72
MOVE B70 72
MOVE B74 72
MOVE B75 72
MOVE B76 72
MOVE B78 72
MOVE B81 72
MOVE B82 72
MOVE B83 72
MOVE B84 72
MOVE B86 72
MOVE B88 72
MOVE B89 72
MOVE B90 72
MOVE B91 72
MOVE B92 72
MOVE B95 197
MOVE B96 197
MOVE B97 197
MOVE B98 197
MOVE B99 197
MOVE B100 197
DAMAGE COMBAT A62 1
DAMAGE COMBAT A76 7
DAMAGE COMBAT A108 1
DAMAGE COMBAT B36 1
DAMAGE COMBAT B85 1
DAMAGE COMBAT B87 2
END TURN 215
TURN 216
COMMAND LEFT START
MOVE A126 53
MOVE A127 53
MOVE A85 53
MOVE A87 53
MOVE A99 53
MOVE A114 53
MOVE A115 53
MOVE A96 53
MOVE A97 53
TRAIN 2
COMMAND LEFT END
COMMAND RIGHT START
MOVE B18 100
MOVE B15 100
MOVE B13 100
MOVE B103 100
MOVE B102 100
MOVE B101 100
TRAIN 2
COMMAND RIGHT END
TURN 216 RESULT
TIME LEFT 4 5 RIGHT 0 5
TRAIN A128 A129 B104 B105
MOVE A33 71
MOVE A37 71
MOVE A42 71
MOVE A45 71
MOVE A46 147
MOVE A47 71
MOVE A48 71
MOVE A50 147
MOVE A54 71
MOVE A56 101
MOVE A62 71
MOVE A66 101
MOVE A68 101
MOVE A69 64
MOVE A70 147
MOVE A73 101
MOVE A74 147
MOVE A75 147
MOVE A78 147
MOVE A79 147
MOVE A80 147
MOVE A81 147
MOVE A82 64
MOVE A83 101
MOVE A84 81
MOVE A85 64
MOVE A86 81
MOVE A87 64
MOVE A88 147
MOVE A89 147
MOVE A90 147
MOVE A91 147
MOVE A92 147
MOVE A93 128
MOVE A94 68
MOVE A95 68
MOVE A96 113
MOVE A97 113
MOVE A98 81
MOVE A99 64
MOVE A100 64
MOVE A101 101
MOVE A102 147
MOVE A103 147
MOVE A104 147
MOVE A105 147
MOVE A106 147
MOVE A107 147
MOVE A110 95
MOVE A111 95
MOVE A113 68
MOVE A114 64
MOVE A115 64
MOVE A116 77
MOVE A117 77
MOVE A118 51
MOVE A119 51
MOVE A120 35
MOVE A121 35
MOVE A122 34
MOVE A123 34
MOVE A124 14
MOVE A125 14
MOVE A126 6
MOVE A127 6
MOVE B13 87
MOVE B15 87
MOVE B18 87
MOVE B21 100
MOVE B36 67
MOVE B45 67
MOVE B52 100
MOVE B56 67
MOVE B57 100
MOVE B59 67
MOVE B61 67
MOVE B62 67
MOVE B63 67
MOVE B64 67
MOVE B68 67
MOVE B69 67
MOVE B70 67
MOVE B74 67
MOVE B75 67
MOVE B76 67
MOVE B78 67
MOVE B81 67
MOVE B82 67
MOVE B83 67
MOVE B84 67
MOVE B86 67
MOVE B88 67
MOVE B89 67
MOVE B90 67
MOVE B91 67
MOVE B92 67
MOVE B95 185
MOVE B96 185
MOVE B97 185
MOVE B98 185
MOVE B99 185
MOVE B100 185
MOVE B101 197
MOVE B102 197
MOVE B103 197
DAMAGE TURRET A46 2
DAMAGE COMBAT A46 3
DAMAGE COMBAT A108 1
DAMAGE COMBAT B35 7
DAMAGE COMBAT B55 8
DAMAGE COMBAT B66 5
DAMAGE COMBAT B87 2
END TURN 216
TURN 217
COMMAND LEFT START
MOVE A93 159
MOVE A128 53
MOVE A129 53
MOVE A37 53
MOVE A42 53
MOVE A62 53
MOVE A63 53
TRAIN 2
COMMAND LEFT END
COMMAND RIGHT START
MOVE B105 100
MOVE B104 100
TRAIN 2
COMMAND RIGHT END
TURN 217 RESULT
TIME LEFT 7 5 RIGHT 0 5
TRAIN A130 A131 B106 B107
MOVE A37 64
MOVE A42 64
MOVE A56 113
MOVE A62 64
MOVE A63 64
MOVE A66 113
MOVE A68 113
MOVE A69 71
MOVE A73 113
MOVE A82 71
MOVE A83 113
MOVE A84 72
MOVE A85 68
MOVE A86 72
MOVE A87 68
MOVE A93 143
MOVE A94 66
MOVE A95 66
MOVE A96 101
MOVE A97 101
MOVE A98 72
MOVE A99 68
MOVE A100 71
MOVE A101 113
MOVE A110 113
MOVE A111 113
MOVE A113 66
MOVE A114 68
MOVE A115 68
MOVE A116 95
MOVE A117 95
MOVE A118 71
MOVE A119 71
MOVE A120 51
MOVE A121 51
MOVE A122 35
MOVE A123 35
MOVE A124 21
MOVE A125 21
MOVE A126 14
MOVE A127 14
MOVE A128 6
MOVE A129 6
MOVE B13 99
MOVE B15 99
MOVE B18 99
MOVE B36 53
MOVE B45 53
MOVE B56 53
MOVE B59 53
MOVE B61 53
MOVE B62 53
MOVE B63 53
MOVE B64 53
MOVE B68 53
MOVE B69 53
MOVE B70 53
MOVE B74 53
MOVE B75 53
MOVE B76 53
MOVE B78 53
MOVE B81 53
MOVE B82 53
MOVE B83 53
MOVE B84 53
MOVE B86 53
MOVE B88 53
MOVE B89 53
MOVE B90 53
MOVE B91 53
MOVE B92 53
MOVE B95 161
MOVE B96 161
MOVE B97 161
MOVE B98 161
MOVE B99 161
MOVE B100 161
MOVE B101 185
MOVE B102 185
MOVE B103 185
MOVE B104 197
MOVE B105 197
DAMAGE TURRET A46 2
DAMAGE TURRET B36 2
DAMAGE COMBAT A9 5
DAMAGE COMBAT A16 6
DAMAGE COMBAT A17 6
DAMAGE COMBAT A50 1
DAMAGE COMBAT A108 1
DAMAGE COMBAT A112 7
DAMAGE COMBAT B36 4
DAMAGE COMBAT B66 3
DAMAGE COMBAT B87 2
SIEGE A 53 1
SIEGE B 147 17
END TURN 217
TURN 218
COMMAND LEFT START
MOVE A130 124
MOVE A131 124
MOVE A43 147
MOVE A45 147
MOVE A47 147
MOVE A48 147
MOVE A51 147
MOVE A52 147
MOVE A53 147
MOVE A54 147
MOVE A64 147
MOVE A65 147
MOVE A67 147
MOVE A69 147
MOVE A82 147
MOVE A100 147
MOVE A118 147
TRAIN 2
COMMAND LEFT END
COMMAND RIGHT START
MOVE B107 100
MOVE B106 100
TRAIN 3
COMMAND RIGHT END
TURN 218 RESULT
TIME LEFT 3 5 RIGHT 0 5
TRAIN A132 A133 B108 B109 B110
MOVE A37 68
MOVE A42 68
MOVE A43 84
MOVE A45 84
MOVE A47 84
MOVE A48 84
MOVE A51 84
MOVE A52 84
MOVE A53 84
MOVE A54 84
MOVE A56 124
MOVE A62 68
MOVE A63 68
MOVE A64 84
MOVE A65 84
MOVE A66 124
MOVE A67 84
MOVE A68 124
MOVE A69 84
MOVE A73 124
MOVE A82 84
MOVE A83 124
MOVE A84 67
MOVE A85 66
MOVE A86 67
MOVE A87 66
MOVE A93 151
MOVE A94 58
MOVE A95 58
MOVE A96 97
MOVE A97 97
MOVE A98 67
MOVE A99 66
MOVE A100 84
MOVE A101 124
MOVE A108 58
MOVE A109 58
MOVE A110 124
MOVE A111 124
MOVE A113 58
MOVE A114 66
MOVE A115 66
MOVE A116 113
MOVE A117 113
MOVE A118 84
MOVE A120 71
MOVE A121 71
MOVE A122 51
MOVE A123 51
MOVE A124 28
MOVE A125 28
MOVE A126 21
MOVE A127 21
MOVE A128 14
MOVE A129 14
MOVE A130 3
MOVE A131 3
MOVE B13 91
MOVE B15 91
MOVE B18 91
MOVE B95 142
MOVE B96 142
MOVE B97 142
MOVE B98 142
MOVE B99 142
MOVE B100 142
MOVE B101 161
MOVE B102 161
MOVE B103 161
MOVE B104 185
MOVE B105 185
MOVE B106 197
MOVE B107 197
DAMAGE TURRET A50 2
DAMAGE TURRET B45 2
SIEGE A 53 17
SIEGE B 147 1
END TURN 218
TURN 219
COMMAND LEFT START
MOVE A132 18
MOVE A133 18
MOVE A119 18
MOVE A68 18
MOVE A72 18
MOVE A73 18
MOVE A77 18
MOVE A83 18
MOVE A101 18
MOVE A70 124
MOVE A74 124
MOVE A75 124
MOVE A78 124
MOVE A79 124
MOVE A80 124
MOVE A81 124
MOVE A88 124
MOVE A89 124
MOVE A90 124
MOVE A91 124
MOVE A92 124
MOVE A102 124
MOVE A103 124
MOVE A104 124
MOVE A105 124
MOVE A106 124
MOVE A107 124
UPGRADE 147
TRAIN 2
COMMAND LEFT END
COMMAND RIGHT START
MOVE B6 76
MOVE B16 76
MOVE B14 76
MOVE B7 129
MOVE B21 129
MOVE B34 125
MOVE B110 100
MOVE B109 100
MOVE B108 100
UPGRADE 53
COMMAND RIGHT END
TURN 219 RESULT
TIME LEFT 9 5 RIGHT 0 5
UPGRADE B 53
UPGRADE A 147
TRAIN A134 A135
MOVE A37 66
MOVE A42 66
MOVE A43 95
MOVE A45 95
MOVE A47 95
MOVE A48 95
MOVE A51 95
MOVE A52 95
MOVE A53 95
MOVE A54 95
MOVE A62 66
MOVE A63 66
MOVE A64 95
MOVE A65 95
MOVE A67 95
MOVE A68 113
MOVE A69 95
MOVE A70 135
MOVE A72 113
MOVE A73 113
MOVE A74 135
MOVE A75 135
MOVE A77 113
MOVE A78 135
MOVE A79 135
MOVE A80 135
MOVE A81 135
MOVE A82 95
MOVE A83 113
MOVE A84 53
MOVE A85 58
MOVE A86 53
MOVE A87 58
MOVE A88 135
MOVE A89 135
MOVE A90 135
MOVE A91 135
MOVE A92 135
MOVE A93 159
MOVE A94 60
MOVE A95 60
MOVE A96 83
MOVE A97 83
MOVE A98 53
MOVE A99 58
MOVE A100 95
MOVE A101 113
MOVE A102 135
MOVE A103 135
MOVE A104 135
MOVE A105 135
MOVE A106 135
MOVE A107 135
MOVE A108 66
MOVE A109 66
MOVE A113 60
MOVE A114 58
MOVE A115 58
MOVE A116 124
MOVE A117 124
MOVE A118 95
MOVE A119 64
MOVE A122 71
MOVE A123 71
MOVE A124 41
MOVE A125 41
MOVE A126 28
MOVE A127 28
MOVE A128 21
MOVE A129 21
MOVE A130 20
MOVE A131 20
MOVE A132 6
MOVE A133 6
MOVE B6 116
MOVE B7 103
MOVE B13 100
MOVE B14 110
MOVE B15 100
MOVE B16 116
MOVE B18 100
MOVE B21 103
MOVE B34 103
MOVE B95 130
MOVE B96 130
MOVE B97 130
MOVE B98 130
MOVE B99 130
MOVE B100 130
MOVE B101 142
MOVE B102 142
MOVE B103 142
MOVE B104 161
MOVE B105 161
MOVE B106 185
MOVE B107 185
MOVE B108 197
MOVE B109 197
MOVE B110 197
DAMAGE TURRET A84 1
DAMAGE COMBAT A84 6
DAMAGE COMBAT A86 7
DAMAGE COMBAT A98 7
DAMAGE COMBAT B45 3
END TURN 219
TURN 220
COMMAND LEFT START
MOVE A93 163
MOVE A134 18
MOVE A135 18
MOVE A120 18
MOVE A110 18
MOVE A111 18
MOVE A116 18
MOVE A117 18
MOVE A121 124
MOVE A122 124
UPGRADE 147
TRAIN 2
COMMAND LEFT END
COMMAND RIGHT START
MOVE B94 147
MOVE B92 100
MOVE B91 100
MOVE B90 100
MOVE B89 100
MOVE B88 100
MOVE B86 100
MOVE B84 100
MOVE B83 100
MOVE B82 100
MOVE B81 100
MOVE B78 100
COMMAND RIGHT END
TURN 220 RESULT
TIME LEFT 6 5 RIGHT 1 5
UPGRADE A 147
TRAIN A136 A137
MOVE A37 58
MOVE A42 58
MOVE A43 113
MOVE A45 113
MOVE A47 113
MOVE A48 113
MOVE A51 113
MOVE A52 113
MOVE A53 113
MOVE A54 113
MOVE A62 58
MOVE A63 58
MOVE A64 113
MOVE A65 113
MOVE A67 113
MOVE A68 101
MOVE A69 113
MOVE A70 124
MOVE A72 101
MOVE A73 101
MOVE A74 124
MOVE A75 124
MOVE A77 101
MOVE A78 124
MOVE A79 124
MOVE A80 124
MOVE A81 124
MOVE A82 113
MOVE A83 101
MOVE A85 60
MOVE A87 60
MOVE A88 124
MOVE A89 124
MOVE A90 124
MOVE A91 124
MOVE A92 124
MOVE A93 163
MOVE A94 57
MOVE A95 57
MOVE A96 81
MOVE A97 81
MOVE A99 60
MOVE A100 113
MOVE A101 101
MOVE A102 124
MOVE A103 124
MOVE A104 124
MOVE A105 124
MOVE A106 124
MOVE A107 124
MOVE A108 68
MOVE A109 68
MOVE A110 113
MOVE A111 113
MOVE A113 57
MOVE A114 60
MOVE A115 60
MOVE A116 113
MOVE A117 113
MOVE A118 113
MOVE A119 45
MOVE A120 64
MOVE A121 84
MOVE A122 84
MOVE A124 53
MOVE A125 53
MOVE A126 41
MOVE A127 41
MOVE A128 28
MOVE A129 28
MOVE A130 36
MOVE A131 36
MOVE A132 14
MOVE A133 14
MOVE A134 6
MOVE A135 6
MOVE B6 105
MOVE B7 123
MOVE B14 96
MOVE B16 105
MOVE B21 123
MOVE B34 123
MOVE B78 67
MOVE B81 67
MOVE B82 67
MOVE B83 67
MOVE B84 67
MOVE B86 67
MOVE B88 67
MOVE B89 67
MOVE B90 67
MOVE B91 67
MOVE B92 67
MOVE B94 109
MOVE B95 117
MOVE B96 117
MOVE B97 117
MOVE B98 117
MOVE B99 117
MOVE B100 117
MOVE B101 130
MOVE B102 130
MOVE B103 130
MOVE B104 142
MOVE B105 142
MOVE B106 161
MOVE B107 161
MOVE B108 185
MOVE B109 185
MOVE B110 185
DAMAGE TURRET A124 1
DAMAGE COMBAT A124 6
DAMAGE COMBAT A125 7
DAMAGE COMBAT B45 2
END TURN 220
TURN 221
COMMAND LEFT START
MOVE A93 159
MOVE A136 71
MOVE A137 147
MOVE A70 71
MOVE A74 147
MOVE A75 71
MOVE A78 147
MOVE A79 71
MOVE A80 147
UPGRADE 147
TRAIN 2
COMMAND LEFT END
COMMAND RIGHT START
MOVE B76 100
MOVE B75 100
MOVE B74 100
MOVE B70 100
MOVE B69 100
MOVE B68 100
MOVE B64 100
MOVE B63 100
MOVE B62 100
MOVE B61 100
UPGRADE 53
COMMAND RIGHT END
TURN 221 RESULT
TIME LEFT 6 5 RIGHT 0 5
UPGRADE B 53
UPGRADE A 147
TRAIN A138 A139
MOVE A37 60
MOVE A42 60
MOVE A43 133
MOVE A45 133
MOVE A47 133
MOVE A48 133
MOVE A51 133
MOVE A52 133
MOVE A53 133
MOVE A54 133
MOVE A62 60
MOVE A63 60
MOVE A64 133
MOVE A65 133
MOVE A67 133
MOVE A68 97
MOVE A69 133
MOVE A70 113
MOVE A72 97
MOVE A73 97
MOVE A74 135
MOVE A75 113
MOVE A77 97
MOVE A78 135
MOVE A79 113
MOVE A80 135
MOVE A82 133
MOVE A83 97
MOVE A85 57
MOVE A87 57
MOVE A93 159
MOVE A94 53
MOVE A95 53
MOVE A96 72
MOVE A97 72
MOVE A99 57
MOVE A100 133
MOVE A101 97
MOVE A108 64
MOVE A109 64
MOVE A110 101
MOVE A111 101
MOVE A113 53
MOVE A114 57
MOVE A115 57
MOVE A116 101
MOVE A117 101
MOVE A118 133
MOVE A119 55
MOVE A120 45
MOVE A121 95
MOVE A122 95
MOVE A126 53
MOVE A127 53
MOVE A128 41
MOVE A129 41
MOVE A130 45
MOVE A131 45
MOVE A132 18
MOVE A133 18
MOVE A134 14
MOVE A135 14
MOVE A136 3
MOVE A137 3
MOVE B6 87
MOVE B7 129
MOVE B14 85
MOVE B16 87
MOVE B21 129
MOVE B34 129
MOVE B61 67
MOVE B62 67
MOVE B63 67
MOVE B64 67
MOVE B68 67
MOVE B69 67
MOVE B70 67
MOVE B74 67
MOVE B75 67
MOVE B76 67
MOVE B78 72
MOVE B81 72
MOVE B82 72
MOVE B83 72
MOVE B84 72
MOVE B86 72
MOVE B88 72
MOVE B89 72
MOVE B90 72
MOVE B91 72
MOVE B92 72
MOVE B94 128
MOVE B95 100
MOVE B96 100
MOVE B97 100
MOVE B98 100
MOVE B99 100
MOVE B100 100
MOVE B101 117
MOVE B102 117
MOVE B103 117
MOVE B104 130
MOVE B105 130
MOVE B106 142
MOVE B107 142
MOVE B108 161
MOVE B109 161
MOVE B110 161
DAMAGE TURRET A94 1
DAMAGE COMBAT A94 2
DAMAGE COMBAT A96 7
DAMAGE COMBAT A97 4
DAMAGE COMBAT B56 5
DAMAGE COMBAT B78 2
END TURN 221
TURN 222
COMMAND LEFT START
MOVE A93 163
MOVE A138 147
MOVE A139 147
MOVE A132 124
MOVE A133 71
MOVE A94 124
MOVE A95 71
MOVE A113 124
MOVE A126 71
MOVE A127 124
TRAIN 2
COMMAND LEFT END
COMMAND RIGHT START
MOVE B100 35
COMMAND RIGHT END
TURN 222 RESULT
TIME LEFT 7 5 RIGHT 0 5
TRAIN A140 A141
MOVE A37 57
MOVE A42 57
MOVE A43 147
MOVE A45 147
MOVE A47 147
MOVE A48 147
MOVE A51 147
MOVE A52 147
MOVE A53 147
MOVE A54 147
MOVE A62 57
MOVE A63 57
MOVE A64 147
MOVE A65 147
MOVE A67 147
MOVE A68 80
MOVE A69 147
MOVE A70 95
MOVE A72 80
MOVE A73 80
MOVE A74 147
MOVE A75 95
MOVE A77 80
MOVE A78 147
MOVE A79 95
MOVE A80 147
MOVE A82 147
MOVE A83 80
MOVE A85 53
MOVE A87 53
MOVE A93 163
MOVE A99 53
MOVE A100 147
MOVE A101 80
MOVE A108 71
MOVE A109 71
MOVE A110 97
MOVE A111 97
MOVE A114 53
MOVE A115 53
MOVE A116 97
MOVE A117 97
MOVE A118 147
MOVE A119 39
MOVE A120 55
MOVE A121 113
MOVE A122 113
MOVE A128 53
MOVE A129 53
MOVE A130 68
MOVE A131 68
MOVE A132 28
MOVE A133 21
MOVE A134 18
MOVE A135 18
MOVE A136 20
MOVE A137 20
MOVE A138 3
MOVE A139 3
MOVE B6 76
MOVE B14 76
MOVE B16 76
MOVE B34 122
MOVE B61 72
MOVE B62 72
MOVE B63 72
MOVE B64 72
MOVE B68 72
MOVE B69 72
MOVE B70 72
MOVE B74 72
MOVE B75 72
MOVE B76 72
MOVE B94 133
MOVE B100 83
MOVE B101 100
MOVE B102 100
MOVE B103 100
MOVE B104 117
MOVE B105 117
MOVE B106 130
MOVE B107 130
MOVE B108 142
MOVE B109 142
MOVE B110 142
DAMAGE TURRET A94 1
DAMAGE COMBAT A94 2
DAMAGE COMBAT A97 3
DAMAGE COMBAT B56 3
DAMAGE COMBAT B59 8
DAMAGE COMBAT B78 1
SIEGE B 53 1
END TURN 222
TURN 223
COMMAND LEFT START
MOVE A81 71
MOVE A88 71
MOVE A93 169
MOVE A140 71
MOVE A141 71
MOVE A89 71
MOVE A90 71
MOVE A91 71
MOVE A92 71
MOVE A85 35
MOVE A87 71
MOVE A99 18
MOVE A114 35
MOVE A115 71
MOVE A48 182
MOVE A50 182
MOVE A51 182
MOVE A52 182
MOVE A53 182
MOVE A54 182
MOVE A64 182
MOVE A65 182
MOVE A67 182
MOVE A69 182
MOVE A74 182
MOVE A78 182
MOVE A80 182
COMMAND LEFT END
COMMAND RIGHT START
MOVE B16 100
MOVE B14 100
MOVE B11 100
TRAIN 2
COMMAND RIGHT END
TURN 223 RESULT
TIME LEFT 8 5 RIGHT 0 5
TRAIN B111 B112
MOVE A37 53
MOVE A42 53
MOVE A48 159
MOVE A50 159
MOVE A51 159
MOVE A52 159
MOVE A53 159
MOVE A54 159
MOVE A62 53
MOVE A63 53
MOVE A64 159
MOVE A65 159
MOVE A67 159
MOVE A68 66
MOVE A69 159
MOVE A70 84
MOVE A72 66
MOVE A73 66
MOVE A74 159
MOVE A75 84
MOVE A77 66
MOVE A78 159
MOVE A79 84
MOVE A80 159
MOVE A81 113
MOVE A83 66
MOVE A85 57
MOVE A87 57
MOVE A88 113
MOVE A89 113
MOVE A90 113
MOVE A91 113
MOVE A92 113
MOVE A93 169
MOVE A94 67
MOVE A95 57
MOVE A99 41
MOVE A101 66
MOVE A110 80
MOVE A111 80
MOVE A113 67
MOVE A114 57
MOVE A115 57
MOVE A116 80
MOVE A117 80
MOVE A119 31
MOVE A120 39
MOVE A121 124
MOVE A122 124
MOVE A126 57
MOVE A127 67
MOVE A130 77
MOVE A131 77
MOVE A132 37
MOVE A133 31
MOVE A136 34
MOVE A137 36
MOVE A138 20
MOVE A139 20
MOVE A140 3
MOVE A141 3
MOVE B11 87
MOVE B14 87
MOVE B16 87
MOVE B34 125
MOVE B61 91
MOVE B62 91
MOVE B63 91
MOVE B64 91
MOVE B68 91
MOVE B69 91
MOVE B70 91
MOVE B74 91
MOVE B75 91
MOVE B76 91
MOVE B78 91
MOVE B81 91
MOVE B82 91
MOVE B83 91
MOVE B84 91
MOVE B86 91
MOVE B88 91
MOVE B89 91
MOVE B90 91
MOVE B91 91
MOVE B92 91
MOVE B94 147
MOVE B100 80
MOVE B104 100
MOVE B105 100
MOVE B106 117
MOVE B107 117
MOVE B108 130
MOVE B109 130
MOVE B110 130
DAMAGE TURRET A62 1
DAMAGE TURRET B94 2
DAMAGE COMBAT A43 1
DAMAGE COMBAT A110 1
DAMAGE COMBAT B94 6
DAMAGE COMBAT B100 4
SIEGE B 53 6
END TURN 223
TURN 224
COMMAND LEFT START
MOVE A93 185
MOVE A134 71
MOVE A135 71
MOVE A102 147
MOVE A103 147
MOVE A104 147
MOVE A105 147
MOVE A106 147
MOVE A107 147
MOVE A37 71
MOVE A42 71
MOVE A62 71
MOVE A63 71
MOVE A128 71
MOVE A129 71
COMMAND LEFT END
COMMAND RIGHT START
MOVE B13 76
MOVE B15 76
MOVE B18 76
MOVE B112 100
MOVE B111 100
TRAIN 2
COMMAND RIGHT END
TURN 224 RESULT
TIME LEFT 7 5 RIGHT 1 5
TRAIN B113 B114
MOVE A37 57
MOVE A42 57
MOVE A48 172
MOVE A50 172
MOVE A51 172
MOVE A52 172
MOVE A53 172
MOVE A54 172
MOVE A62 57
MOVE A63 57
MOVE A64 172
MOVE A65 172
MOVE A67 172
MOVE A68 58
MOVE A69 172
MOVE A70 71
MOVE A72 58
MOVE A73 58
MOVE A74 172
MOVE A75 71
MOVE A77 58
MOVE A78 172
MOVE A79 71
MOVE A80 172
MOVE A81 95
MOVE A83 58
MOVE A85 60
MOVE A87 60
MOVE A88 95
MOVE A89 95
MOVE A90 95
MOVE A91 95
MOVE A92 95
MOVE A93 185
MOVE A94 72
MOVE A95 60
MOVE A99 28
MOVE A101 58
MOVE A102 135
MOVE A103 135
MOVE A104 135
MOVE A105 135
MOVE A106 135
MOVE A107 135
MOVE A113 72
MOVE A114 60
MOVE A115 60
MOVE A119 21
MOVE A120 31
MOVE A126 60
MOVE A127 72
MOVE A128 57
MOVE A129 57
MOVE A130 95
MOVE A131 95
MOVE A132 60
MOVE A133 39
MOVE A134 21
MOVE A135 21
MOVE A136 35
MOVE A137 45
MOVE A138 36
MOVE A139 36
MOVE A140 20
MOVE A141 20
MOVE B11 99
MOVE B13 91
MOVE B14 99
MOVE B15 91
MOVE B16 99
MOVE B18 91
MOVE B61 100
MOVE B62 100
MOVE B63 100
MOVE B64 100
MOVE B68 100
MOVE B69 100
MOVE B70 100
MOVE B74 100
MOVE B75 100
MOVE B76 100
MOVE B78 100
MOVE B81 100
MOVE B82 100
MOVE B83 100
MOVE B84 100
MOVE B86 100
MOVE B88 100
MOVE B89 100
MOVE B90 100
MOVE B91 100
MOVE B92 100
MOVE B106 100
MOVE B107 100
MOVE B108 117
MOVE B109 117
MOVE B110 117
MOVE B111 197
MOVE B112 197
DAMAGE COMBAT A110 1
DAMAGE COMBAT B100 4
END TURN 224
TURN 225
COMMAND LEFT START
MOVE A93 147
TRAIN 2
COMMAND LEFT END
COMMAND RIGHT START
MOVE B65 53
MOVE B72 53
MOVE B107 0
MOVE B106 0
MOVE B105 0
MOVE B104 0
MOVE B103 0
MOVE B102 0
MOVE B101 0
MOVE B99 0
MOVE B98 0
MOVE B97 0
MOVE B96 0
MOVE B95 0
MOVE B93 0
MOVE B92 0
MOVE B91 0
MOVE B90 0
MOVE B89 0
MOVE B88 0
MOVE B86 0
MOVE B84 0
MOVE B83 0
MOVE B82 0
MOVE B81 0
MOVE B78 0
MOVE B76 0
MOVE B75 0
MOVE B74 0
MOVE B70 0
MOVE B69 0
MOVE B68 0
MOVE B67 0
MOVE B64 0
MOVE B63 0
MOVE B62 0
MOVE B61 0
MOVE B58 0
COMMAND RIGHT END
TURN 225 RESULT
TIME LEFT 7 5 RIGHT 0 5
TRAIN A142 A143
MOVE A37 60
MOVE A42 60
MOVE A48 182
MOVE A50 182
MOVE A51 182
MOVE A52 182
MOVE A53 182
MOVE A54 182
MOVE A62 60
MOVE A63 60
MOVE A64 182
MOVE A65 182
MOVE A67 182
MOVE A68 60
MOVE A69 182
MOVE A72 60
MOVE A73 60
MOVE A74 182
MOVE A77 60
MOVE A78 182
MOVE A80 182
MOVE A81 84
MOVE A83 60
MOVE A85 58
MOVE A87 58
MOVE A88 84
MOVE A89 84
MOVE A90 84
MOVE A91 84
MOVE A92 84
MOVE A93 169
MOVE A94 81
MOVE A95 58
MOVE A99 18
MOVE A101 60
MOVE A102 147
MOVE A103 147
MOVE A104 147
MOVE A105 147
MOVE A106 147
MOVE A107 147
MOVE A110 66
MOVE A111 66
MOVE A113 81
MOVE A114 58
MOVE A115 58
MOVE A116 66
MOVE A117 66
MOVE A119 18
MOVE A120 21
MOVE A126 58
MOVE A127 81
MOVE A128 60
MOVE A129 60
MOVE A130 113
MOVE A131 113
MOVE A132 58
MOVE A133 55
MOVE A134 31
MOVE A135 31
MOVE A136 51
MOVE A137 68
MOVE A138 45
MOVE A139 45
MOVE A140 34
MOVE A141 34
MOVE B11 91
MOVE B13 99
MOVE B14 91
MOVE B15 99
MOVE B16 91
MOVE B18 99
MOVE B58 83
MOVE B61 83
MOVE B62 83
MOVE B63 83
MOVE B64 83
MOVE B65 197
MOVE B67 83
MOVE B68 83
MOVE B69 83
MOVE B70 83
MOVE B72 197
MOVE B74 83
MOVE B75 83
MOVE B76 83
MOVE B78 83
MOVE B81 83
MOVE B82 83
MOVE B83 83
MOVE B84 83
MOVE B86 83
MOVE B88 83
MOVE B89 83
MOVE B90 83
MOVE B91 83
MOVE B92 83
MOVE B93 83
MOVE B95 83
MOVE B96 83
MOVE B97 83
MOVE B98 83
MOVE B99 83
MOVE B101 83
MOVE B102 83
MOVE B103 83
MOVE B104 83
MOVE B105 83
MOVE B106 83
MOVE B107 83
MOVE B108 100
MOVE B109 100
MOVE B110 100
MOVE B111 185
MOVE B112 185
DAMAGE TURRET A50 2
DAMAGE COMBAT A48 1
DAMAGE COMBAT A50 2
DAMAGE COMBAT B4 4
DAMAGE COMBAT B9 6
DAMAGE COMBAT B20 3
END TURN 225
TURN 226
COMMAND LEFT START
MOVE A70 35
MOVE A75 35
MOVE A79 35
MOVE A108 35
MOVE A109 35
MOVE A123 35
MOVE A142 35
MOVE A143 35
MOVE A121 35
MOVE A122 35
MOVE A1 35
MOVE A5 35
MOVE A99 35
MOVE A119 35
MOVE A100 35
MOVE A102 35
MOVE A103 35
MOVE A104 35
MOVE A105 35
MOVE A106 35
MOVE A107 35
MOVE A118 35
TRAIN 2
COMMAND LEFT END
COMMAND RIGHT START
MOVE B20 200
MOVE B12 200
MOVE B28 200
MOVE B60 200
TRAIN 3
COMMAND RIGHT END
TURN 226 RESULT
TIME LEFT 8 5 RIGHT 0 5
TRAIN A144 A145 B115 B116 B117
MOVE A1 3
MOVE A5 78
MOVE A37 58
MOVE A42 58
MOVE A62 58
MOVE A63 58
MOVE A68 37
MOVE A70 51
MOVE A72 37
MOVE A73 37
MOVE A75 51
MOVE A77 37
MOVE A79 51
MOVE A81 71
MOVE A83 37
MOVE A85 55
MOVE A87 66
MOVE A88 71
MOVE A89 71
MOVE A90 71
MOVE A91 71
MOVE A92 71
MOVE A93 163
MOVE A94 83
MOVE A95 66
MOVE A99 21
MOVE A100 133
MOVE A101 37
MOVE A102 133
MOVE A103 133
MOVE A104 133
MOVE A105 133
MOVE A106 133
MOVE A107 133
MOVE A108 51
MOVE A109 51
MOVE A110 58
MOVE A111 58
MOVE A113 83
MOVE A114 55
MOVE A115 66
MOVE A116 58
MOVE A117 58
MOVE A118 133
MOVE A119 21
MOVE A120 18
MOVE A121 113
MOVE A122 113
MOVE A123 51
MOVE A126 66
MOVE A127 83
MOVE A128 58
MOVE A129 58
MOVE A130 124
MOVE A131 124
MOVE A132 66
MOVE A133 45
MOVE A134 39
MOVE A135 39
MOVE A136 71
MOVE A137 77
MOVE A138 68
MOVE A139 68
MOVE A140 35
MOVE A141 35
MOVE A142 3
MOVE A143 3
MOVE B11 100
MOVE B12 166
MOVE B13 87
MOVE B14 100
MOVE B15 87
MOVE B16 100
MOVE B18 87
MOVE B28 166
MOVE B58 70
MOVE B60 166
MOVE B61 70
MOVE B62 70
MOVE B63 70
MOVE B64 70
MOVE B65 180
MOVE B67 70
MOVE B68 70
MOVE B69 70
MOVE B70 70
MOVE B72 180
MOVE B74 70
MOVE B75 70
MOVE B76 70
MOVE B78 70
MOVE B81 70
MOVE B82 70
MOVE B83 70
MOVE B84 70
MOVE B86 70
MOVE B88 70
MOVE B89 70
MOVE B90 70
MOVE B91 70
MOVE B92 70
MOVE B93 70
MOVE B95 70
MOVE B96 70
MOVE B97 70
MOVE B98 70
MOVE B99 70
MOVE B101 70
MOVE B102 70
MOVE B103 70
MOVE B104 70
MOVE B105 70
MOVE B106 70
MOVE B107 70
MOVE B111 161
MOVE B112 161
DAMAGE TURRET A48 2
DAMAGE COMBAT A48 1
DAMAGE COMBAT B20 3
SIEGE B 182 9
END TURN 226
TURN 227
COMMAND LEFT START
MOVE A120 0
MOVE A81 0
MOVE A88 0
MOVE A89 0
MOVE A90 0
MOVE A91 0
MOVE A92 0
MOVE A136 0
MOVE A130 0
MOVE A131 0
MOVE A48 0
MOVE A51 0
MOVE A52 0
MOVE A53 0
MOVE A54 0
MOVE A64 0
MOVE A65 0
TRAIN 2
COMMAND LEFT END
COMMAND RIGHT START
MOVE B73 165
MOVE B11 53
MOVE B77 165
MOVE B80 165
TRAIN 3
COMMAND RIGHT END
TURN 227 RESULT
TIME LEFT 5 5 RIGHT 0 5
TRAIN A146 A147 B118 B119 B120
MOVE A1 20
MOVE A5 61
MOVE A37 66
MOVE A42 66
MOVE A48 172
MOVE A51 172
MOVE A52 172
MOVE A53 172
MOVE A54 172
MOVE A62 66
MOVE A63 66
MOVE A64 172
MOVE A65 172
MOVE A68 28
MOVE A70 35
MOVE A72 28
MOVE A73 28
MOVE A75 35
MOVE A77 28
MOVE A79 35
MOVE A81 51
MOVE A83 28
MOVE A85 45
MOVE A87 68
MOVE A88 51
MOVE A89 51
MOVE A90 51
MOVE A91 51
MOVE A92 51
MOVE A93 151
MOVE A94 97
MOVE A95 68
MOVE A99 31
MOVE A100 113
MOVE A101 28
MOVE A102 113
MOVE A103 113
MOVE A104 113
MOVE A105 113
MOVE A106 113
MOVE A107 113
MOVE A108 35
MOVE A109 35
MOVE A110 60
MOVE A111 60
MOVE A113 97
MOVE A114 45
MOVE A115 68
MOVE A116 60
MOVE A117 60
MOVE A118 113
MOVE A119 31
MOVE A120 14
MOVE A121 95
MOVE A122 95
MOVE A123 35
MOVE A126 68
MOVE A127 97
MOVE A128 66
MOVE A129 66
MOVE A130 113
MOVE A131 113
MOVE A132 80
MOVE A133 64
MOVE A134 55
MOVE A135 55
MOVE A136 51
MOVE A137 95
MOVE A138 77
MOVE A139 77
MOVE A140 51
MOVE A141 51
MOVE A142 20
MOVE A143 20
MOVE B11 91
MOVE B12 180
MOVE B13 76
MOVE B15 76
MOVE B18 76
MOVE B28 180
MOVE B58 58
MOVE B60 180
MOVE B61 58
MOVE B62 58
MOVE B63 58
MOVE B64 58
MOVE B65 164
MOVE B67 58
MOVE B68 58
MOVE B69 58
MOVE B70 58
MOVE B72 164
MOVE B73 197
MOVE B74 58
MOVE B75 58
MOVE B76 58
MOVE B77 197
MOVE B78 58
MOVE B80 197
MOVE B81 58
MOVE B82 58
MOVE B83 58
MOVE B84 58
MOVE B86 58
MOVE B88 58
MOVE B89 58
MOVE B90 58
MOVE B91 58
MOVE B92 58
MOVE B93 58
MOVE B95 58
MOVE B96 58
MOVE B97 58
MOVE B98 58
MOVE B99 58
MOVE B101 58
MOVE B102 58
MOVE B103 58
MOVE B104 58
MOVE B105 58
MOVE B106 58
MOVE B107 58
MOVE B111 142
MOVE B112 142
DAMAGE TURRET A67 2
SIEGE B 182 5
END TURN 227
TURN 228
COMMAND LEFT START
MOVE A70 0
MOVE A75 0
MOVE A79 0
MOVE A108 0
MOVE A109 0
MOVE A123 0
MOVE A67 0
MOVE A69 0
MOVE A74 0
MOVE A78 0
MOVE A80 0
TRAIN 2
COMMAND LEFT END
COMMAND RIGHT START
MOVE B113 165
MOVE B6 53
MOVE B120 100
MOVE B119 100
TRAIN 3
COMMAND RIGHT END
TURN 228 RESULT
TIME LEFT 4 5 RIGHT 0 5
TRAIN A148 A149 B121 B122 B123
MOVE A1 34
MOVE A5 51
MOVE A37 68
MOVE A42 68
MOVE A48 163
MOVE A51 163
MOVE A52 163
MOVE A53 163
MOVE A54 163
MOVE A62 68
MOVE A63 68
MOVE A64 163
MOVE A65 163
MOVE A67 172
MOVE A68 18
MOVE A69 172
MOVE A70 34
MOVE A72 18
MOVE A73 18
MOVE A74 172
MOVE A75 34
MOVE A77 18
MOVE A78 172
MOVE A79 34
MOVE A80 172
MOVE A81 35
MOVE A83 18
MOVE A85 35
MOVE A87 64
MOVE A88 35
MOVE A89 35
MOVE A90 35
MOVE A91 35
MOVE A92 35
MOVE A93 147
MOVE A94 101
MOVE A95 64
MOVE A99 39
MOVE A100 95
MOVE A101 18
MOVE A102 95
MOVE A103 95
MOVE A104 95
MOVE A105 95
MOVE A106 95
MOVE A107 95
MOVE A108 34
MOVE A109 34
MOVE A110 37
MOVE A111 37
MOVE A113 101
MOVE A114 35
MOVE A115 64
MOVE A116 37
MOVE A117 37
MOVE A118 95
MOVE A119 39
MOVE A120 6
MOVE A121 77
MOVE A122 77
MOVE A123 34
MOVE A126 64
MOVE A127 101
MOVE A128 68
MOVE A129 68
MOVE A130 95
MOVE A131 95
MOVE A132 97
MOVE A133 71
MOVE A134 45
MOVE A135 45
MOVE A136 35
MOVE A137 113
MOVE A138 95
MOVE A139 95
MOVE A140 71
MOVE A141 71
MOVE A142 34
MOVE A143 34
MOVE B6 65
MOVE B11 72
MOVE B12 197
MOVE B28 197
MOVE B58 39
MOVE B60 197
MOVE B61 39
MOVE B62 39
MOVE B63 39
MOVE B64 39
MOVE B65 155
MOVE B67 39
MOVE B68 39
MOVE B69 39
MOVE B70 39
MOVE B72 155
MOVE B73 180
MOVE B74 39
MOVE B75 39
MOVE B76 39
MOVE B77 180
MOVE B78 39
MOVE B80 180
MOVE B81 39
MOVE B82 39
MOVE B83 39
MOVE B84 39
MOVE B86 39
MOVE B88 39
MOVE B89 39
MOVE B90 39
MOVE B91 39
MOVE B92 39
MOVE B93 39
MOVE B95 39
MOVE B96 39
MOVE B97 39
MOVE B98 39
MOVE B99 39
MOVE B101 39
MOVE B102 39
MOVE B103 39
MOVE B104 39
MOVE B105 39
MOVE B106 39
MOVE B107 39
MOVE B111 130
MOVE B112 130
MOVE B113 197
MOVE B119 197
MOVE B120 197
DAMAGE COMBAT A99 7
DAMAGE COMBAT A119 7
DAMAGE COMBAT B78 2
END TURN 228
TURN 229
COMMAND LEFT START
MOVE A68 0
MOVE A72 0
MOVE A73 0
MOVE A77 0
MOVE A83 0
MOVE A85 75
MOVE A93 161
MOVE A101 0
MOVE A114 0
MOVE A133 0
MOVE A140 0
MOVE A141 0
TRAIN 2
COMMAND LEFT END
COMMAND RIGHT START
MOVE B114 182
MOVE B115 165
MOVE B8 53
MOVE B116 182
TRAIN 1
COMMAND RIGHT END
TURN 229 RESULT
TIME LEFT 7 5 RIGHT 0 5
TRAIN A150 A151 B124
MOVE A1 35
MOVE A5 35
MOVE A37 64
MOVE A42 64
MOVE A48 143
MOVE A51 143
MOVE A52 143
MOVE A53 143
MOVE A54 143
MOVE A62 64
MOVE A63 64
MOVE A64 143
MOVE A65 143
MOVE A67 163
MOVE A68 14
MOVE A69 163
MOVE A70 20
MOVE A72 14
MOVE A73 14
MOVE A74 163
MOVE A75 20
MOVE A77 14
MOVE A78 163
MOVE A79 20
MOVE A80 163
MOVE A81 34
MOVE A83 14
MOVE A85 51
MOVE A87 71
MOVE A88 34
MOVE A89 34
MOVE A90 34
MOVE A91 34
MOVE A92 34
MOVE A93 143
MOVE A94 113
MOVE A95 71
MOVE A100 77
MOVE A101 14
MOVE A102 77
MOVE A103 77
MOVE A104 77
MOVE A105 77
MOVE A106 77
MOVE A107 77
MOVE A108 20
MOVE A109 20
MOVE A110 28
MOVE A111 28
MOVE A113 113
MOVE A114 34
MOVE A115 71
MOVE A116 28
MOVE A117 28
MOVE A118 77
MOVE A120 0
MOVE A121 64
MOVE A122 64
MOVE A123 20
MOVE A126 71
MOVE A127 113
MOVE A128 64
MOVE A129 64
MOVE A130 77
MOVE A131 77
MOVE A132 101
MOVE A133 51
MOVE A134 64
MOVE A135 64
MOVE A136 34
MOVE A137 133
MOVE A138 113
MOVE A139 113
MOVE A140 51
MOVE A141 51
MOVE A142 35
MOVE A143 35
MOVE B6 53
MOVE B8 65
MOVE B11 67
MOVE B12 200
MOVE B28 200
MOVE B58 15
MOVE B60 200
MOVE B61 15
MOVE B62 15
MOVE B63 15
MOVE B64 15
MOVE B65 132
MOVE B67 15
MOVE B68 15
MOVE B69 15
MOVE B70 15
MOVE B72 132
MOVE B73 166
MOVE B74 15
MOVE B75 15
MOVE B76 15
MOVE B77 166
MOVE B78 15
MOVE B80 166
MOVE B81 15
MOVE B82 15
MOVE B83 15
MOVE B84 15
MOVE B86 15
MOVE B88 15
MOVE B89 15
MOVE B90 15
MOVE B91 15
MOVE B92 15
MOVE B93 15
MOVE B95 15
MOVE B96 15
MOVE B97 15
MOVE B98 15
MOVE B99 15
MOVE B101 15
MOVE B102 15
MOVE B103 15
MOVE B104 15
MOVE B105 15
MOVE B106 15
MOVE B107 15
MOVE B111 117
MOVE B112 117
MOVE B113 180
MOVE B114 194
MOVE B115 197
MOVE B116 194
MOVE B119 185
MOVE B120 185
END TURN 229
TURN 230
COMMAND LEFT START
MOVE A18 0
MOVE A27 0
MOVE A142 0
MOVE A143 0
MOVE A87 0
MOVE A95 0
MOVE A115 0
MOVE A126 0
TRAIN 2
COMMAND LEFT END
COMMAND RIGHT START
MOVE B12 182
MOVE B28 165
MOVE B124 100
MOVE B123 100
COMMAND RIGHT END
TURN 230 RESULT
TIME LEFT 6 5 RIGHT 2 5
TRAIN A152 A153
MOVE A18 34
MOVE A27 34
MOVE A37 71
MOVE A42 71
MOVE A48 128
MOVE A51 128
MOVE A52 128
MOVE A53 128
MOVE A54 128
MOVE A62 71
MOVE A63 71
MOVE A64 128
MOVE A65 128
MOVE A67 143
MOVE A68 6
MOVE A69 143
MOVE A70 3
MOVE A72 6
MOVE A73 6
MOVE A74 143
MOVE A75 3
MOVE A77 6
MOVE A78 143
MOVE A79 3
MOVE A80 143
MOVE A81 20
MOVE A83 6
MOVE A85 61
MOVE A87 51
MOVE A88 20
MOVE A89 20
MOVE A90 20
MOVE A91 20
MOVE A92 20
MOVE A93 140
MOVE A94 124
MOVE A95 51
MOVE A100 64
MOVE A101 6
MOVE A102 64
MOVE A103 64
MOVE A104 64
MOVE A105 64
MOVE A106 64
MOVE A107 64
MOVE A108 3
MOVE A109 3
MOVE A110 18
MOVE A111 18
MOVE A113 124
MOVE A114 20
MOVE A115 51
MOVE A116 18
MOVE A117 18
MOVE A118 64
MOVE A121 35
MOVE A122 35
MOVE A123 3
MOVE A126 51
MOVE A127 124
MOVE A128 71
MOVE A129 71
MOVE A130 68
MOVE A131 68
MOVE A132 113
MOVE A133 35
MOVE A134 71
MOVE A135 71
MOVE A136 20
MOVE A137 147
MOVE A138 133
MOVE A139 133
MOVE A140 35
MOVE A141 35
MOVE A142 34
MOVE A143 34
MOVE B8 53
MOVE B11 53
MOVE B12 194
MOVE B28 197
MOVE B58 3
MOVE B61 3
MOVE B62 3
MOVE B63 3
MOVE B64 3
MOVE B65 123
MOVE B67 3
MOVE B68 3
MOVE B69 3
MOVE B70 3
MOVE B72 123
MOVE B73 165
MOVE B74 3
MOVE B75 3
MOVE B76 3
MOVE B77 165
MOVE B78 3
MOVE B80 165
MOVE B81 3
MOVE B82 3
MOVE B83 3
MOVE B84 3
MOVE B86 3
MOVE B88 3
MOVE B89 3
MOVE B90 3
MOVE B91 3
MOVE B92 3
MOVE B93 3
MOVE B95 3
MOVE B96 3
MOVE B97 3
MOVE B98 3
MOVE B99 3
MOVE B101 3
MOVE B102 3
MOVE B103 3
MOVE B104 3
MOVE B105 3
MOVE B106 3
MOVE B107 3
MOVE B111 100
MOVE B112 100
MOVE B113 166
MOVE B114 186
MOVE B115 180
MOVE B116 186
MOVE B119 161
MOVE B120 161
MOVE B123 197
MOVE B124 197
DAMAGE COMBAT A70 7
DAMAGE COMBAT A75 7
DAMAGE COMBAT A79 7
DAMAGE COMBAT A108 3
DAMAGE COMBAT A109 7
DAMAGE COMBAT A123 5
DAMAGE COMBAT B58 3
DAMAGE COMBAT B78 3
END TURN 230
TURN 231
COMMAND LEFT START
MOVE A121 0
MOVE A122 0
MOVE A94 0
MOVE A113 0
MOVE A127 0
TRAIN 2
COMMAND LEFT END
COMMAND RIGHT START
MOVE B60 182
MOVE B14 200
UPGRADE 53
COMMAND RIGHT END
TURN 231 RESULT
TIME LEFT 6 5 RIGHT 0 5
UPGRADE B 53
TRAIN A154 A155
MOVE A18 20
MOVE A27 20
MOVE A48 109
MOVE A51 109
MOVE A52 109
MOVE A53 109
MOVE A54 109
MOVE A64 109
MOVE A65 109
MOVE A67 128
MOVE A68 0
MOVE A69 128
MOVE A72 0
MOVE A73 0
MOVE A74 128
MOVE A77 0
MOVE A78 128
MOVE A80 128
MOVE A81 3
MOVE A83 0
MOVE A85 78
MOVE A87 35
MOVE A88 3
MOVE A89 3
MOVE A90 3
MOVE A91 3
MOVE A92 3
MOVE A93 161
MOVE A94 113
MOVE A95 35
MOVE A100 35
MOVE A101 0
MOVE A102 35
MOVE A103 35
MOVE A104 35
MOVE A105 35
MOVE A106 35
MOVE A107 35
MOVE A113 113
MOVE A114 3
MOVE A115 35
MOVE A118 35
MOVE A121 34
MOVE A122 34
MOVE A126 35
MOVE A127 113
MOVE A130 45
MOVE A131 45
MOVE A132 124
MOVE A133 34
MOVE A136 3
MOVE A138 147
MOVE A139 147
MOVE A140 34
MOVE A141 34
MOVE A142 20
MOVE A143 20
MOVE B12 186
MOVE B14 117
MOVE B28 180
MOVE B60 194
MOVE B65 105
MOVE B72 105
MOVE B113 165
MOVE B114 182
MOVE B115 166
MOVE B116 182
MOVE B119 142
MOVE B120 142
MOVE B123 185
MOVE B124 185
DAMAGE COMBAT A81 7
DAMAGE COMBAT A88 7
DAMAGE COMBAT A89 7
DAMAGE COMBAT A90 7
DAMAGE COMBAT A91 5
DAMAGE COMBAT A123 2
DAMAGE COMBAT B58 5
DAMAGE COMBAT B61 4
END TURN 231
TURN 232
COMMAND LEFT START
MOVE A93 147
MOVE A117 27
MOVE A100 0
MOVE A102 0
MOVE A103 18
MOVE A104 147
MOVE A105 0
MOVE A132 18
TRAIN 2
COMMAND LEFT END
COMMAND RIGHT START
COMMAND RIGHT END
TURN 232 RESULT
TIME LEFT 9 5 RIGHT 0 5
TRAIN A156 A157
MOVE A18 3
MOVE A27 3
MOVE A48 97
MOVE A51 97
MOVE A52 97
MOVE A53 97
MOVE A54 97
MOVE A64 97
MOVE A65 97
MOVE A67 109
MOVE A69 109
MOVE A74 109
MOVE A78 109
MOVE A80 109
MOVE A85 75
MOVE A87 34
MOVE A93 140
MOVE A94 95
MOVE A95 34
MOVE A100 34
MOVE A102 34
MOVE A103 34
MOVE A104 64
MOVE A105 34
MOVE A113 95
MOVE A115 34
MOVE A117 27
MOVE A121 20
MOVE A122 20
MOVE A126 34
MOVE A127 95
MOVE A130 36
MOVE A131 36
MOVE A132 113
MOVE A133 20
MOVE A140 20
MOVE A141 20
MOVE A142 3
MOVE A143 3
MOVE B12 182
MOVE B14 130
MOVE B28 166
MOVE B60 186
MOVE B65 87
MOVE B72 87
MOVE B115 165
MOVE B119 130
MOVE B120 130
MOVE B123 161
MOVE B124 161
DAMAGE COMBAT A18 6
DAMAGE COMBAT A27 6
DAMAGE COMBAT A91 2
DAMAGE COMBAT A92 7
DAMAGE COMBAT A114 7
DAMAGE COMBAT A136 6
DAMAGE COMBAT B61 4
DAMAGE COMBAT B62 4
END TURN 232
TURN 233
COMMAND LEFT START
MOVE A37 35
MOVE A137 35
MOVE A138 35
MOVE A117 18
TRAIN 2
COMMAND LEFT END
COMMAND RIGHT START
MOVE B112 35
COMMAND RIGHT END
TURN 233 RESULT
TIME LEFT 8 5 RIGHT 0 5
TRAIN A158 A159
MOVE A37 51
MOVE A48 80
MOVE A51 80
MOVE A52 80
MOVE A53 80
MOVE A54 80
MOVE A64 80
MOVE A65 80
MOVE A67 97
MOVE A69 97
MOVE A74 97
MOVE A78 97
MOVE A80 97
MOVE A87 20
MOVE A93 143
MOVE A94 77
MOVE A95 20
MOVE A100 20
MOVE A102 20
MOVE A103 36
MOVE A104 77
MOVE A105 20
MOVE A113 77
MOVE A115 20
MOVE A117 18
MOVE A121 3
MOVE A122 3
MOVE A126 20
MOVE A127 77
MOVE A130 20
MOVE A131 20
MOVE A132 101
MOVE A133 3
MOVE A137 133
MOVE A138 133
MOVE A140 3
MOVE A141 3
MOVE B14 142
MOVE B28 165
MOVE B60 182
MOVE B65 67
MOVE B72 67
MOVE B112 83
MOVE B119 117
MOVE B120 117
MOVE B123 142
MOVE B124 142
DAMAGE COMBAT A121 7
DAMAGE COMBAT A122 7
DAMAGE COMBAT A133 7
DAMAGE COMBAT A136 1
DAMAGE COMBAT A140 7
DAMAGE COMBAT A141 4
DAMAGE COMBAT B62 4
DAMAGE COMBAT B63 4
END TURN 233
TURN 234
COMMAND LEFT START
MOVE A117 27
MOVE A110 0
MOVE A111 0
MOVE A106 0
MOVE A107 0
MOVE A42 0
TRAIN 1
COMMAND LEFT END
COMMAND RIGHT START
TRAIN 3
COMMAND RIGHT END
TURN 234 RESULT
TIME LEFT 8 5 RIGHT 0 5
TRAIN A160 B125 B126 B127
MOVE A37 35
MOVE A42 51
MOVE A48 66
MOVE A51 66
MOVE A52 66
MOVE A53 66
MOVE A54 66
MOVE A64 66
MOVE A65 66
MOVE A67 80
MOVE A69 80
MOVE A74 80
MOVE A78 80
MOVE A80 80
MOVE A87 3
MOVE A93 147
MOVE A94 68
MOVE A95 3
MOVE A100 3
MOVE A102 3
MOVE A103 39
MOVE A104 95
MOVE A105 3
MOVE A106 34
MOVE A107 34
MOVE A110 14
MOVE A111 14
MOVE A113 68
MOVE A115 3
MOVE A117 27
MOVE A126 3
MOVE A127 68
MOVE A130 3
MOVE A131 3
MOVE A132 97
MOVE A137 113
MOVE A138 113
MOVE B14 161
MOVE B65 53
MOVE B72 53
MOVE B112 80
MOVE B119 100
MOVE B120 100
MOVE B123 130
MOVE B124 130
DAMAGE COMBAT A67 1
DAMAGE COMBAT A87 7
DAMAGE COMBAT A95 7
DAMAGE COMBAT A100 7
DAMAGE COMBAT A102 7
DAMAGE COMBAT A105 1
DAMAGE COMBAT A141 3
DAMAGE COMBAT B63 4
DAMAGE COMBAT B64 8
DAMAGE COMBAT B112 5
END TURN 234
TURN 235
COMMAND LEFT START
MOVE A37 147
MOVE A118 147
TRAIN 2
COMMAND LEFT END
COMMAND RIGHT START
MOVE B127 100
MOVE B126 100
MOVE B18 100
MOVE B72 100
MOVE B65 100
MOVE B115 100
MOVE B113 100
MOVE B80 100
MOVE B116 100
TRAIN 2
COMMAND RIGHT END
TURN 235 RESULT
TIME LEFT 8 5 RIGHT 0 5
TRAIN A161 A162 B128 B129
MOVE A37 64
MOVE A42 35
MOVE A48 55
MOVE A51 55
MOVE A52 55
MOVE A53 55
MOVE A54 55
MOVE A64 55
MOVE A65 55
MOVE A94 45
MOVE A103 31
MOVE A104 113
MOVE A106 20
MOVE A107 20
MOVE A110 6
MOVE A111 6
MOVE A113 45
MOVE A118 64
MOVE A127 45
MOVE A132 80
MOVE A137 95
MOVE A138 95
MOVE B14 185
MOVE B18 87
MOVE B65 67
MOVE B72 67
MOVE B80 155
MOVE B113 155
MOVE B115 155
MOVE B116 172
MOVE B123 117
MOVE B124 117
MOVE B126 197
MOVE B127 197
DAMAGE COMBAT A67 1
DAMAGE COMBAT A105 6
DAMAGE COMBAT A115 7
DAMAGE COMBAT A126 7
DAMAGE COMBAT A130 7
DAMAGE COMBAT A131 3
DAMAGE COMBAT B67 7
DAMAGE COMBAT B112 3
END TURN 235
TURN 236
COMMAND LEFT START
MOVE A72 147
MOVE A116 71
MOVE A117 71
TRAIN 2
COMMAND LEFT END
COMMAND RIGHT START
MOVE B129 100
MOVE B128 100
MOVE B120 124
COMMAND RIGHT END
TURN 236 RESULT
TIME LEFT 9 5 RIGHT 0 5
TRAIN A163 A164
MOVE A37 77
MOVE A42 34
MOVE A48 36
MOVE A51 36
MOVE A52 36
MOVE A53 36
MOVE A54 36
MOVE A64 36
MOVE A65 36
MOVE A67 66
MOVE A69 66
MOVE A72 3
MOVE A74 66
MOVE A78 66
MOVE A80 66
MOVE A94 36
MOVE A103 21
MOVE A104 133
MOVE A106 3
MOVE A107 3
MOVE A110 0
MOVE A111 0
MOVE A113 36
MOVE A116 21
MOVE A117 28
MOVE A118 77
MOVE A127 36
MOVE A132 66
MOVE A137 77
MOVE A138 77
MOVE B14 197
MOVE B18 99
MOVE B65 72
MOVE B72 72
MOVE B80 132
MOVE B113 132
MOVE B115 132
MOVE B116 163
MOVE B120 109
MOVE B123 100
MOVE B124 100
MOVE B126 185
MOVE B127 185
MOVE B128 197
MOVE B129 197
DAMAGE COMBAT A72 3
DAMAGE COMBAT A106 7
DAMAGE COMBAT A107 7
DAMAGE COMBAT A131 4
DAMAGE COMBAT A142 7
DAMAGE COMBAT A143 2
DAMAGE COMBAT B67 1
DAMAGE COMBAT B68 5
END TURN 236
TURN 237
COMMAND LEFT START
MOVE A73 71
TRAIN 2
COMMAND LEFT END
COMMAND RIGHT START
TRAIN 1
COMMAND RIGHT END
TURN 237 RESULT
TIME LEFT 10 5 RIGHT 3 5
TRAIN A165 A166 B130
MOVE A37 95
MOVE A42 20
MOVE A48 20
MOVE A51 20
MOVE A52 20
MOVE A53 20
MOVE A54 20
MOVE A64 20
MOVE A65 20
MOVE A67 55
MOVE A69 55
MOVE A73 3
MOVE A74 55
MOVE A78 55
MOVE A80 55
MOVE A94 20
MOVE A103 18
MOVE A104 147
MOVE A113 20
MOVE A116 31
MOVE A117 37
MOVE A118 95
MOVE A127 20
MOVE A132 58
MOVE A137 64
MOVE A138 64
MOVE B14 200
MOVE B18 91
MOVE B65 91
MOVE B72 91
MOVE B80 120
MOVE B113 120
MOVE B115 120
MOVE B116 140
MOVE B120 101
MOVE B126 161
MOVE B127 161
MOVE B128 185
MOVE B129 185
DAMAGE COMBAT A73 5
DAMAGE COMBAT A143 5
DAMAGE COMBAT B68 2
END TURN 237
TURN 238
COMMAND LEFT START
MOVE A103 71
MOVE A93 71
TRAIN 2
COMMAND LEFT END
COMMAND RIGHT START
MOVE B130 100
MOVE B125 100
MOVE B124 35
TRAIN 3
COMMAND RIGHT END
TURN 238 RESULT
TIME LEFT 10 5 RIGHT 4 5
TRAIN A167 A168 B131 B132 B133
MOVE A37 113
MOVE A42 3
MOVE A48 3
MOVE A51 3
MOVE A52 3
MOVE A53 3
MOVE A54 3
MOVE A64 3
MOVE A65 3
MOVE A67 36
MOVE A69 36
MOVE A74 36
MOVE A78 36
MOVE A80 36
MOVE A93 133
MOVE A94 3
MOVE A103 21
MOVE A113 3
MOVE A116 39
MOVE A117 60
MOVE A118 113
MOVE A127 3
MOVE A132 60
MOVE A137 35
MOVE A138 35
MOVE B18 100
MOVE B65 100
MOVE B68 0
MOVE B69 0
MOVE B70 0
MOVE B72 100
MOVE B74 0
MOVE B75 0
MOVE B76 0
MOVE B80 117
MOVE B81 0
MOVE B82 0
MOVE B83 0
MOVE B84 0
MOVE B86 0
MOVE B88 0
MOVE B89 0
MOVE B90 0
MOVE B91 0
MOVE B92 0
MOVE B93 0
MOVE B95 0
MOVE B96 0
MOVE B97 0
MOVE B98 0
MOVE B99 0
MOVE B101 0
MOVE B102 0
MOVE B103 0
MOVE B104 0
MOVE B105 0
MOVE B106 0
MOVE B107 0
MOVE B113 117
MOVE B115 117
MOVE B116 131
MOVE B120 113
MOVE B124 83
MOVE B125 197
MOVE B126 142
MOVE B127 142
MOVE B128 161
MOVE B129 161
MOVE B130 197
DAMAGE TURRET B68 1
DAMAGE TURRET B69 2
DAMAGE COMBAT A8 5
DAMAGE COMBAT A11 5
DAMAGE COMBAT A35 7
DAMAGE COMBAT A37 1
DAMAGE COMBAT A68 7
DAMAGE COMBAT A110 5
DAMAGE COMBAT B69 6
DAMAGE COMBAT B70 8
DAMAGE COMBAT B74 8
DAMAGE COMBAT B75 8
DAMAGE COMBAT B76 5
DAMAGE COMBAT B120 2
END TURN 238
TURN 239
COMMAND LEFT START
MOVE A120 71
MOVE A144 71
MOVE A145 71
MOVE A146 71
MOVE A147 71
MOVE A148 71
MOVE A149 71
MOVE A150 71
MOVE A151 71
MOVE A152 71
MOVE A153 71
MOVE A154 71
MOVE A155 71
MOVE A156 71
MOVE A157 71
MOVE A158 71
MOVE A159 147
MOVE A160 71
MOVE A161 147
MOVE A162 71
MOVE A163 147
MOVE A164 71
MOVE A165 147
MOVE A166 71
MOVE A167 147
MOVE A168 71
MOVE A137 124
MOVE A138 147
TRAIN 2
COMMAND LEFT END
COMMAND RIGHT START
MOVE B133 100
MOVE B132 100
MOVE B131 100
TRAIN 3
COMMAND RIGHT END
TURN 239 RESULT
TIME LEFT 7 5 RIGHT 1 5
TRAIN A169 A170 B134 B135 B136
MOVE A42 0
MOVE A48 0
MOVE A51 0
MOVE A52 0
MOVE A53 0
MOVE A54 0
MOVE A64 0
MOVE A65 0
MOVE A67 20
MOVE A69 20
MOVE A74 20
MOVE A78 20
MOVE A80 20
MOVE A93 113
MOVE A94 0
MOVE A103 31
MOVE A113 0
MOVE A116 55
MOVE A117 58
MOVE A127 0
MOVE A132 37
MOVE A137 64
MOVE A138 64
MOVE B80 100
MOVE B113 100
MOVE B115 100
MOVE B116 119
MOVE B124 80
MOVE B125 185
MOVE B126 130
MOVE B127 130
MOVE B128 142
MOVE B129 142
MOVE B130 185
MOVE B131 197
MOVE B132 197
MOVE B133 197
DAMAGE TURRET B76 3
DAMAGE COMBAT A37 1
DAMAGE COMBAT A42 7
DAMAGE COMBAT A48 3
DAMAGE COMBAT A51 7
DAMAGE COMBAT A52 6
DAMAGE COMBAT A94 1
DAMAGE COMBAT B81 8
DAMAGE COMBAT B82 8
DAMAGE COMBAT B83 8
DAMAGE COMBAT B84 8
DAMAGE COMBAT B86 8
DAMAGE COMBAT B88 3
DAMAGE COMBAT B120 3
END TURN 239
TURN 240
COMMAND LEFT START
TRAIN 2
COMMAND LEFT END
COMMAND RIGHT START
MOVE B123 147
MOVE B119 147
MOVE B115 147
MOVE B113 147
MOVE B111 147
MOVE B110 147
MOVE B109 147
MOVE B108 147
MOVE B80 147
MOVE B72 147
MOVE B65 147
MOVE B57 147
MOVE B52 147
COMMAND RIGHT END
TURN 240 RESULT
TIME LEFT 6 5 RIGHT 0 5
TRAIN A171 A172
MOVE A67 3
MOVE A69 3
MOVE A74 3
MOVE A78 3
MOVE A80 3
MOVE A103 39
MOVE A116 45
MOVE A117 66
MOVE A132 28
MOVE A137 77
MOVE A138 77
MOVE B52 109
MOVE B57 109
MOVE B65 109
MOVE B72 109
MOVE B80 109
MOVE B108 109
MOVE B109 109
MOVE B110 109
MOVE B111 109
MOVE B113 109
MOVE B115 109
MOVE B116 100
MOVE B119 109
MOVE B123 109
MOVE B124 68
MOVE B125 161
MOVE B126 117
MOVE B127 117
MOVE B128 130
MOVE B129 130
MOVE B130 161
MOVE B131 185
MOVE B132 185
MOVE B133 185
DAMAGE TURRET B88 3
DAMAGE COMBAT A37 1
DAMAGE COMBAT A52 1
DAMAGE COMBAT A53 7
DAMAGE COMBAT A54 7
DAMAGE COMBAT A64 3
DAMAGE COMBAT B88 2
DAMAGE COMBAT B89 8
DAMAGE COMBAT B90 8
DAMAGE COMBAT B91 8
DAMAGE COMBAT B92 8
DAMAGE COMBAT B93 7
DAMAGE COMBAT B120 3
END TURN 240
TURN 241
COMMAND LEFT START
MOVE A62 147
MOVE A63 147
MOVE A128 147
MOVE A129 147
MOVE A104 124
MOVE A139 124
MOVE A134 124
MOVE A135 124
MOVE A113 124
MOVE A127 124
MOVE A169 124
MOVE A170 124
MOVE A171 124
MOVE A172 124
TRAIN 2
COMMAND LEFT END
COMMAND RIGHT START
MOVE B136 100
MOVE B135 100
MOVE B134 100
TRAIN 3
COMMAND RIGHT END
TURN 241 RESULT
TIME LEFT 6 5 RIGHT 0 5
TRAIN A173 A174 B137 B138 B139
MOVE A37 133
MOVE A62 84
MOVE A63 84
MOVE A67 0
MOVE A69 0
MOVE A74 0
MOVE A78 0
MOVE A80 0
MOVE A93 95
MOVE A103 55
MOVE A104 135
MOVE A116 64
MOVE A117 68
MOVE A118 133
MOVE A128 84
MOVE A129 84
MOVE A132 18
MOVE A134 84
MOVE A135 84
MOVE A137 95
MOVE A138 95
MOVE A139 135
MOVE B52 128
MOVE B57 128
MOVE B65 128
MOVE B72 128
MOVE B80 128
MOVE B108 128
MOVE B109 128
MOVE B110 128
MOVE B111 128
MOVE B113 128
MOVE B115 128
MOVE B119 128
MOVE B123 128
MOVE B124 45
MOVE B125 142
MOVE B126 100
MOVE B127 100
MOVE B128 117
MOVE B129 117
MOVE B130 142
MOVE B131 161
MOVE B132 161
MOVE B133 161
MOVE B134 197
MOVE B135 197
MOVE B136 197
DAMAGE TURRET B93 1
DAMAGE TURRET B95 2
DAMAGE COMBAT A64 4
DAMAGE COMBAT A65 6
DAMAGE COMBAT A67 3
DAMAGE COMBAT B95 6
DAMAGE COMBAT B96 8
DAMAGE COMBAT B97 8
DAMAGE COMBAT B98 8
DAMAGE COMBAT B99 8
DAMAGE COMBAT B101 7
END TURN 241
TURN 242
COMMAND LEFT START
MOVE A173 147
MOVE A174 147
MOVE A132 35
TRAIN 2
COMMAND LEFT END
COMMAND RIGHT START
MOVE B139 100
MOVE B138 100
MOVE B137 100
MOVE B127 18
TRAIN 3
COMMAND RIGHT END
TURN 242 RESULT
TIME LEFT 2 5 RIGHT 0 5
TRAIN A175 A176 B140 B141 B142
MOVE A37 147
MOVE A62 95
MOVE A63 95
MOVE A93 84
MOVE A103 45
MOVE A104 124
MOVE A116 71
MOVE A117 64
MOVE A118 147
MOVE A128 95
MOVE A129 95
MOVE A132 21
MOVE A134 95
MOVE A135 95
MOVE A137 113
MOVE A138 113
MOVE A139 124
MOVE B52 133
MOVE B57 133
MOVE B65 133
MOVE B72 133
MOVE B80 133
MOVE B108 133
MOVE B109 133
MOVE B110 133
MOVE B111 133
MOVE B113 133
MOVE B115 133
MOVE B119 133
MOVE B123 133
MOVE B124 35
MOVE B125 130
MOVE B127 81
MOVE B128 100
MOVE B129 100
MOVE B130 130
MOVE B131 142
MOVE B132 142
MOVE B133 142
MOVE B134 185
MOVE B135 185
MOVE B136 185
MOVE B137 197
MOVE B138 197
MOVE B139 197
DAMAGE TURRET B101 1
DAMAGE TURRET B102 2
DAMAGE TURRET B124 2
DAMAGE COMBAT A1 1
DAMAGE COMBAT A65 1
DAMAGE COMBAT A69 6
DAMAGE COMBAT B102 6
DAMAGE COMBAT B103 8
DAMAGE COMBAT B104 8
DAMAGE COMBAT B105 8
DAMAGE COMBAT B106 8
DAMAGE COMBAT B107 7
DAMAGE COMBAT B124 3
END TURN 242
TURN 243
COMMAND LEFT START
MOVE A175 18
MOVE A176 18
MOVE A104 71
MOVE A139 71
MOVE A82 71
MOVE A118 71
TRAIN 2
COMMAND LEFT END
COMMAND RIGHT START
MOVE B142 100
MOVE B141 100
MOVE B140 100
TRAIN 3
COMMAND RIGHT END
TURN 243 RESULT
TIME LEFT 6 5 RIGHT 0 5
TRAIN A177 A178 B143 B144 B145
MOVE A62 113
MOVE A63 113
MOVE A82 133
MOVE A93 71
MOVE A103 64
MOVE A104 113
MOVE A117 71
MOVE A118 133
MOVE A128 113
MOVE A129 113
MOVE A132 31
MOVE A134 113
MOVE A135 113
MOVE A137 124
MOVE A138 133
MOVE A139 113
MOVE B52 147
MOVE B57 147
MOVE B65 147
MOVE B72 147
MOVE B80 147
MOVE B108 147
MOVE B109 147
MOVE B110 147
MOVE B111 147
MOVE B113 147
MOVE B115 147
MOVE B119 147
MOVE B123 147
MOVE B125 117
MOVE B127 69
MOVE B130 117
MOVE B131 130
MOVE B132 130
MOVE B133 130
MOVE B134 161
MOVE B135 161
MOVE B136 161
MOVE B137 185
MOVE B138 185
MOVE B139 185
MOVE B140 197
MOVE B141 197
MOVE B142 197
DAMAGE TURRET B52 2
DAMAGE TURRET B107 1
DAMAGE TURRET B124 2
DAMAGE COMBAT A1 1
DAMAGE COMBAT A37 4
DAMAGE COMBAT A45 7
DAMAGE COMBAT A47 2
DAMAGE COMBAT A69 1
DAMAGE COMBAT B52 3
DAMAGE COMBAT B124 1
END TURN 243
TURN 244
COMMAND LEFT START
MOVE A177 18
MOVE A178 18
TRAIN 2
COMMAND LEFT END
COMMAND RIGHT START
MOVE B145 100
MOVE B144 100
MOVE B143 100
TRAIN 3
COMMAND RIGHT END
TURN 244 RESULT
TIME LEFT 6 5 RIGHT 0 5
TRAIN A179 A180 B146 B147 B148
MOVE A62 133
MOVE A63 133
MOVE A82 113
MOVE A103 71
MOVE A104 95
MOVE A113 3
MOVE A118 113
MOVE A120 3
MOVE A127 3
MOVE A128 133
MOVE A129 133
MOVE A132 39
MOVE A134 124
MOVE A135 124
MOVE A138 147
MOVE A139 95
MOVE A144 3
MOVE A145 3
MOVE A146 3
MOVE A147 3
MOVE A148 3
MOVE A149 3
MOVE A150 3
MOVE A151 3
MOVE A152 3
MOVE A153 3
MOVE A154 3
MOVE A155 3
MOVE A156 3
MOVE A157 3
MOVE A158 3
MOVE A159 3
MOVE A160 3
MOVE A161 3
MOVE A162 3
MOVE A163 3
MOVE A164 3
MOVE A165 3
MOVE A166 3
MOVE A167 3
MOVE A168 3
MOVE A169 3
MOVE A170 3
MOVE A171 3
MOVE A172 3
MOVE A173 3
MOVE A174 3
MOVE A175 6
MOVE A176 6
MOVE A177 6
MOVE A178 6
MOVE B125 100
MOVE B127 60
MOVE B130 100
MOVE B131 117
MOVE B132 117
MOVE B133 117
MOVE B134 142
MOVE B135 142
MOVE B136 142
MOVE B137 161
MOVE B138 161
MOVE B139 161
MOVE B140 185
MOVE B141 185
MOVE B142 185
MOVE B143 197
MOVE B144 197
MOVE B145 197
DAMAGE TURRET B52 2
DAMAGE COMBAT A47 5
DAMAGE COMBAT A138 7
DAMAGE COMBAT B52 1
DAMAGE COMBAT B57 1
SIEGE A 147 1
END TURN 244
TURN 245
COMMAND LEFT START
MOVE A179 18
MOVE A180 18
TRAIN 2
COMMAND LEFT END
COMMAND RIGHT START
MOVE B148 100
MOVE B147 100
MOVE B146 100
TRAIN 3
COMMAND RIGHT END
TURN 245 RESULT
TIME LEFT 5 5 RIGHT 0 5
TRAIN A181 A182 B149 B150 B151
MOVE A62 147
MOVE A63 147
MOVE A82 95
MOVE A104 84
MOVE A113 20
MOVE A118 95
MOVE A120 20
MOVE A127 20
MOVE A128 147
MOVE A129 147
MOVE A132 36
MOVE A139 84
MOVE A144 20
MOVE A145 20
MOVE A146 20
MOVE A147 20
MOVE A148 20
MOVE A149 20
MOVE A150 20
MOVE A151 20
MOVE A152 20
MOVE A153 20
MOVE A154 20
MOVE A155 20
MOVE A156 20
MOVE A157 20
MOVE A158 20
MOVE A159 20
MOVE A160 20
MOVE A161 20
MOVE A162 20
MOVE A163 20
MOVE A164 20
MOVE A165 20
MOVE A166 20
MOVE A167 20
MOVE A168 20
MOVE A169 20
MOVE A170 20
MOVE A171 20
MOVE A172 20
MOVE A173 20
MOVE A174 20
MOVE A175 14
MOVE A176 14
MOVE A177 14
MOVE A178 14
MOVE A179 6
MOVE A180 6
MOVE B127 37
MOVE B131 100
MOVE B132 100
MOVE B133 100
MOVE B134 130
MOVE B135 130
MOVE B136 130
MOVE B137 142
MOVE B138 142
MOVE B139 142
MOVE B140 161
MOVE B141 161
MOVE B142 161
MOVE B143 185
MOVE B144 185
MOVE B145 185
MOVE B146 197
MOVE B147 197
MOVE B148 197
DAMAGE TURRET B57 2
DAMAGE COMBAT A62 2
DAMAGE COMBAT A63 7
DAMAGE COMBAT A128 3
DAMAGE COMBAT B57 4
END TURN 245
TURN 246
COMMAND LEFT START
MOVE A181 18
MOVE A182 18
TRAIN 2
COMMAND LEFT END
COMMAND RIGHT START
MOVE B151 100
MOVE B150 100
MOVE B149 100
MOVE B133 71
TRAIN 3
COMMAND RIGHT END
TURN 246 RESULT
TIME LEFT 6 5 RIGHT 0 5
TRAIN A183 A184 B152 B153 B154
MOVE A82 84
MOVE A104 71
MOVE A113 36
MOVE A118 84
MOVE A120 34
MOVE A127 36
MOVE A132 34
MOVE A139 71
MOVE A144 34
MOVE A145 34
MOVE A146 34
MOVE A147 34
MOVE A148 34
MOVE A149 34
MOVE A150 34
MOVE A151 34
MOVE A152 34
MOVE A153 34
MOVE A154 34
MOVE A155 34
MOVE A156 34
MOVE A157 34
MOVE A158 34
MOVE A159 36
MOVE A160 34
MOVE A161 36
MOVE A162 34
MOVE A163 36
MOVE A164 34
MOVE A165 36
MOVE A166 34
MOVE A167 36
MOVE A168 34
MOVE A169 36
MOVE A170 36
MOVE A171 36
MOVE A172 36
MOVE A173 36
MOVE A174 36
MOVE A175 18
MOVE A176 18
MOVE A177 18
MOVE A178 18
MOVE A179 14
MOVE A180 14
MOVE A181 6
MOVE A182 6
MOVE B127 28
MOVE B133 97
MOVE B134 117
MOVE B135 117
MOVE B136 117
MOVE B137 130
MOVE B138 130
MOVE B139 130
MOVE B140 142
MOVE B141 142
MOVE B142 142
MOVE B143 161
MOVE B144 161
MOVE B145 161
MOVE B146 185
MOVE B147 185
MOVE B148 185
MOVE B149 197
MOVE B150 197
MOVE B151 197
DAMAGE TURRET B57 1
DAMAGE TURRET B65 1
DAMAGE COMBAT A128 4
DAMAGE COMBAT A129 7
DAMAGE COMBAT B65 2
SIEGE A 147 1
END TURN 246
TURN 247
COMMAND LEFT START
MOVE A183 18
MOVE A184 18
MOVE A175 71
MOVE A176 71
MOVE A177 71
MOVE A178 71
TRAIN 2
COMMAND LEFT END
COMMAND RIGHT START
MOVE B154 100
MOVE B132 108
MOVE B153 100
MOVE B152 100
TRAIN 3
COMMAND RIGHT END
TURN 247 RESULT
TIME LEFT 6 5 RIGHT 0 5
TRAIN A185 A186 B155 B156 B157
MOVE A82 71
MOVE A113 45
MOVE A118 71
MOVE A120 35
MOVE A127 45
MOVE A132 35
MOVE A144 35
MOVE A145 35
MOVE A146 35
MOVE A147 35
MOVE A148 35
MOVE A149 35
MOVE A150 35
MOVE A151 35
MOVE A152 35
MOVE A153 35
MOVE A154 35
MOVE A155 35
MOVE A156 35
MOVE A157 35
MOVE A158 35
MOVE A159 45
MOVE A160 35
MOVE A161 45
MOVE A162 35
MOVE A163 45
MOVE A164 35
MOVE A165 45
MOVE A166 35
MOVE A167 45
MOVE A168 35
MOVE A169 45
MOVE A170 45
MOVE A171 45
MOVE A172 45
MOVE A173 45
MOVE A174 45
MOVE A175 21
MOVE A176 21
MOVE A177 21
MOVE A178 21
MOVE A179 18
MOVE A180 18
MOVE A181 14
MOVE A182 14
MOVE A183 6
MOVE A184 6
MOVE B127 18
MOVE B132 109
MOVE B133 77
MOVE B134 100
MOVE B135 100
MOVE B136 100
MOVE B137 117
MOVE B138 117
MOVE B139 117
MOVE B140 130
MOVE B141 130
MOVE B142 130
MOVE B143 142
MOVE B144 142
MOVE B145 142
MOVE B146 161
MOVE B147 161
MOVE B148 161
MOVE B149 185
MOVE B150 185
MOVE B151 185
MOVE B152 197
MOVE B153 197
MOVE B154 197
DAMAGE TURRET B65 2
DAMAGE TURRET B127 2
DAMAGE COMBAT A2 1
DAMAGE COMBAT B127 5
SIEGE A 147 11
END TURN 247
TURN 248
COMMAND LEFT START
MOVE A185 71
MOVE A186 71
MOVE A179 71
MOVE A180 71
MOVE A132 71
MOVE A134 71
MOVE A135 71
MOVE A137 71
TRAIN 2
COMMAND LEFT END
COMMAND RIGHT START
MOVE B157 100
MOVE B156 100
MOVE B155 100
TRAIN 3
COMMAND RIGHT END
TURN 248 RESULT
TIME LEFT 6 5 RIGHT 0 5
TRAIN A187 A188 B158 B159 B160
MOVE A113 68
MOVE A120 51
MOVE A127 68
MOVE A132 51
MOVE A134 113
MOVE A135 113
MOVE A137 113
MOVE A144 51
MOVE A145 51
MOVE A146 51
MOVE A147 51
MOVE A148 51
MOVE A149 51
MOVE A150 51
MOVE A151 51
MOVE A152 51
MOVE A153 51
MOVE A154 51
MOVE A155 51
MOVE A156 51
MOVE A157 51
MOVE A158 51
MOVE A159 68
MOVE A160 51
MOVE A161 68
MOVE A162 51
MOVE A163 68
MOVE A164 51
MOVE A165 68
MOVE A166 51
MOVE A167 68
MOVE A168 51
MOVE A169 68
MOVE A170 68
MOVE A171 68
MOVE A172 68
MOVE A173 68
MOVE A174 68
MOVE A175 31
MOVE A176 31
MOVE A177 31
MOVE A178 31
MOVE A181 18
MOVE A182 18
MOVE A183 14
MOVE A184 14
MOVE A185 3
MOVE A186 3
MOVE B132 101
MOVE B133 71
MOVE B137 100
MOVE B138 100
MOVE B139 100
MOVE B140 117
MOVE B141 117
MOVE B142 117
MOVE B143 130
MOVE B144 130
MOVE B145 130
MOVE B146 142
MOVE B147 142
MOVE B148 142
MOVE B149 161
MOVE B150 161
MOVE B151 161
MOVE B152 185
MOVE B153 185
MOVE B154 185
MOVE B155 197
MOVE B156 197
MOVE B157 197
DAMAGE TURRET B65 2
DAMAGE TURRET B127 1
DAMAGE TURRET B133 2
DAMAGE COMBAT A2 1
DAMAGE COMBAT A12 1
DAMAGE COMBAT B133 6
SIEGE A 147 5
END TURN 248
TURN 249
COMMAND LEFT START
MOVE A187 18
MOVE A188 18
MOVE A182 71
TRAIN 1
COMMAND LEFT END
COMMAND RIGHT START
MOVE B65 100
MOVE B72 100
MOVE B80 100
MOVE B108 100
MOVE B109 100
MOVE B110 100
MOVE B111 100
MOVE B113 100
MOVE B115 100
MOVE B119 100
MOVE B160 100
MOVE B159 100
MOVE B158 100
UPGRADE 147
TRAIN 2
COMMAND RIGHT END
TURN 249 RESULT
TIME LEFT 6 5 RIGHT 0 5
UPGRADE B 147
TRAIN A189 B161 B162
MOVE A113 77
MOVE A120 71
MOVE A127 77
MOVE A132 71
MOVE A134 95
MOVE A135 95
MOVE A137 95
MOVE A144 71
MOVE A145 71
MOVE A146 71
MOVE A147 71
MOVE A148 71
MOVE A149 71
MOVE A150 71
MOVE A151 71
MOVE A152 71
MOVE A153 71
MOVE A154 71
MOVE A155 71
MOVE A156 71
MOVE A157 71
MOVE A158 71
MOVE A159 77
MOVE A160 71
MOVE A161 77
MOVE A162 71
MOVE A163 77
MOVE A164 71
MOVE A165 77
MOVE A166 71
MOVE A167 77
MOVE A168 71
MOVE A169 77
MOVE A170 77
MOVE A171 77
MOVE A172 77
MOVE A173 77
MOVE A174 77
MOVE A175 39
MOVE A176 39
MOVE A177 39
MOVE A178 39
MOVE A179 21
MOVE A180 21
MOVE A182 21
MOVE A183 18
MOVE A184 18
MOVE A185 20
MOVE A186 20
MOVE A187 6
MOVE A188 6
MOVE B65 133
MOVE B72 133
MOVE B80 133
MOVE B108 133
MOVE B109 133
MOVE B110 133
MOVE B111 133
MOVE B113 133
MOVE B115 133
MOVE B119 133
MOVE B132 95
MOVE B140 100
MOVE B141 100
MOVE B142 100
MOVE B143 117
MOVE B144 117
MOVE B145 117
MOVE B146 130
MOVE B147 130
MOVE B148 130
MOVE B149 142
MOVE B150 142
MOVE B151 142
MOVE B152 161
MOVE B153 161
MOVE B154 161
MOVE B155 185
MOVE B156 185
MOVE B157 185
MOVE B158 197
MOVE B159 197
MOVE B160 197
DAMAGE COMBAT A134 1
DAMAGE COMBAT B132 3
END TURN 249
TURN 250
COMMAND LEFT START
MOVE A189 71
MOVE A183 71
MOVE A184 71
MOVE A82 147
MOVE A93 147
MOVE A103 147
MOVE A104 147
MOVE A116 147
MOVE A117 147
MOVE A118 147
MOVE A120 147
MOVE A132 147
MOVE A139 147
MOVE A144 147
MOVE A145 147
MOVE A146 147
MOVE A147 147
MOVE A148 147
MOVE A149 147
MOVE A150 147
MOVE A151 147
MOVE A152 147
MOVE A153 147
MOVE A154 147
MOVE A155 147
MOVE A156 147
MOVE A157 147
MOVE A158 147
MOVE A160 147
MOVE A162 147
COMMAND LEFT END
COMMAND RIGHT START
MOVE B162 100
MOVE B161 100
UPGRADE 147
COMMAND RIGHT END
TURN 250 RESULT
TIME LEFT 6 5 RIGHT 0 5
UPGRADE B 147
MOVE A82 84
MOVE A93 84
MOVE A103 84
MOVE A104 84
MOVE A113 95
MOVE A116 84
MOVE A117 84
MOVE A118 84
MOVE A120 84
MOVE A127 95
MOVE A132 84
MOVE A139 84
MOVE A144 84
MOVE A145 84
MOVE A146 84
MOVE A147 84
MOVE A148 84
MOVE A149 84
MOVE A150 84
MOVE A151 84
MOVE A152 84
MOVE A153 84
MOVE A154 84
MOVE A155 84
MOVE A156 84
MOVE A157 84
MOVE A158 84
MOVE A159 95
MOVE A160 84
MOVE A161 95
MOVE A162 84
MOVE A163 95
MOVE A165 95
MOVE A167 95
MOVE A169 95
MOVE A170 95
MOVE A171 95
MOVE A172 95
MOVE A173 95
MOVE A174 95
MOVE A175 55
MOVE A176 55
MOVE A177 55
MOVE A178 55
MOVE A179 31
MOVE A180 31
MOVE A182 31
MOVE A183 21
MOVE A184 21
MOVE A185 34
MOVE A186 34
MOVE A187 14
MOVE A188 14
MOVE A189 3
MOVE B65 128
MOVE B72 128
MOVE B80 128
MOVE B108 128
MOVE B109 128
MOVE B110 128
MOVE B111 128
MOVE B113 128
MOVE B115 128
MOVE B119 128
MOVE B143 100
MOVE B144 100
MOVE B145 100
MOVE B146 117
MOVE B147 117
MOVE B148 117
MOVE B149 130
MOVE B150 130
MOVE B151 130
MOVE B152 142
MOVE B153 142
MOVE B154 142
MOVE B155 161
MOVE B156 161
MOVE B157 161
MOVE B158 185
MOVE B159 185
MOVE B160 185
MOVE B161 197
MOVE B162 197
DAMAGE COMBAT A134 1
DAMAGE COMBAT B132 5
END TURN 250
TURN 251
COMMAND LEFT START
TRAIN 1
COMMAND LEFT END
COMMAND RIGHT START
MOVE B16 147
UPGRADE 147
COMMAND RIGHT END
TURN 251 RESULT
TIME LEFT 3 5 RIGHT 2 5
UPGRADE B 147
TRAIN A190
MOVE A82 95
MOVE A93 95
MOVE A103 95
MOVE A104 95
MOVE A113 113
MOVE A116 95
MOVE A117 95
MOVE A118 95
MOVE A120 95
MOVE A127 113
MOVE A132 95
MOVE A134 84
MOVE A135 84
MOVE A137 84
MOVE A139 95
MOVE A144 95
MOVE A145 95
MOVE A146 95
MOVE A147 95
MOVE A148 95
MOVE A149 95
MOVE A150 95
MOVE A151 95
MOVE A152 95
MOVE A153 95
MOVE A154 95
MOVE A155 95
MOVE A156 95
MOVE A157 95
MOVE A158 95
MOVE A159 113
MOVE A160 95
MOVE A161 113
MOVE A162 95
MOVE A163 113
MOVE A165 113
MOVE A167 113
MOVE A169 113
MOVE A170 113
MOVE A171 113
MOVE A172 113
MOVE A173 113
MOVE A174 113
MOVE A175 45
MOVE A176 45
MOVE A177 45
MOVE A178 45
MOVE A179 39
MOVE A180 39
MOVE A182 39
MOVE A183 31
MOVE A184 31
MOVE A185 35
MOVE A186 35
MOVE A187 18
MOVE A188 18
MOVE A189 20
MOVE B16 109
MOVE B65 109
MOVE B72 109
MOVE B80 109
MOVE B108 109
MOVE B109 109
MOVE B110 109
MOVE B111 109
MOVE B113 109
MOVE B115 109
MOVE B119 109
MOVE B146 100
MOVE B147 100
MOVE B148 100
MOVE B149 117
MOVE B150 117
MOVE B151 117
MOVE B152 130
MOVE B153 130
MOVE B154 130
MOVE B155 142
MOVE B156 142
MOVE B157 142
MOVE B158 161
MOVE B159 161
MOVE B160 161
MOVE B161 185
MOVE B162 185
END TURN 251
TURN 252
COMMAND LEFT START
MOVE A190 124
MOVE A187 71
MOVE A188 71
TRAIN 2
COMMAND LEFT END
COMMAND RIGHT START
MOVE B18 147
COMMAND RIGHT END
TURN 252 RESULT
TIME LEFT 6 5 RIGHT 0 5
TRAIN A191 A192
MOVE A82 113
MOVE A93 113
MOVE A103 113
MOVE A104 113
MOVE A113 124
MOVE A116 113
MOVE A117 113
MOVE A118 113
MOVE A120 113
MOVE A127 124
MOVE A132 113
MOVE A134 71
MOVE A135 71
MOVE A137 71
MOVE A139 113
MOVE A144 113
MOVE A145 113
MOVE A146 113
MOVE A147 113
MOVE A148 113
MOVE A149 113
MOVE A150 113
MOVE A151 113
MOVE A152 113
MOVE A153 113
MOVE A154 113
MOVE A155 113
MOVE A156 113
MOVE A157 113
MOVE A158 113
MOVE A159 133
MOVE A160 113
MOVE A161 133
MOVE A162 113
MOVE A163 133
MOVE A165 133
MOVE A167 133
MOVE A169 124
MOVE A170 124
MOVE A171 124
MOVE A172 124
MOVE A173 133
MOVE A174 133
MOVE A175 64
MOVE A176 64
MOVE A177 64
MOVE A178 64
MOVE A179 55
MOVE A180 55
MOVE A182 55
MOVE A183 39
MOVE A184 39
MOVE A185 51
MOVE A186 51
MOVE A187 21
MOVE A188 21
MOVE A189 34
MOVE A190 3
MOVE B16 128
MOVE B18 109
MOVE B65 100
MOVE B72 100
MOVE B80 100
MOVE B108 100
MOVE B109 100
MOVE B110 100
MOVE B111 100
MOVE B113 100
MOVE B115 100
MOVE B119 100
MOVE B149 100
MOVE B150 100
MOVE B151 100
MOVE B152 117
MOVE B153 117
MOVE B154 117
MOVE B155 130
MOVE B156 130
MOVE B157 130
MOVE B158 142
MOVE B159 142
MOVE B160 142
MOVE B161 161
MOVE B162 161
END TURN 252
TURN 253
COMMAND LEFT START
MOVE A137 77
MOVE A191 124
MOVE A192 124
MOVE A113 71
MOVE A127 71
MOVE A169 71
MOVE A170 71
MOVE A171 71
MOVE A172 71
TRAIN 2
COMMAND LEFT END
COMMAND RIGHT START
MOVE B12 147
MOVE B60 147
MOVE B28 147
MOVE B73 147
MOVE B14 147
MOVE B65 182
MOVE B72 182
MOVE B80 165
MOVE B108 165
MOVE B151 71
TRAIN 1
COMMAND RIGHT END
TURN 253 RESULT
TIME LEFT 6 5 RIGHT 1 5
TRAIN A193 A194 B163
MOVE A82 133
MOVE A93 133
MOVE A103 133
MOVE A104 133
MOVE A113 113
MOVE A116 133
MOVE A117 133
MOVE A118 133
MOVE A120 133
MOVE A127 113
MOVE A132 133
MOVE A137 77
MOVE A139 133
MOVE A144 133
MOVE A145 133
MOVE A146 133
MOVE A147 133
MOVE A148 133
MOVE A149 133
MOVE A150 133
MOVE A151 133
MOVE A152 133
MOVE A153 133
MOVE A154 133
MOVE A155 133
MOVE A156 133
MOVE A157 133
MOVE A158 133
MOVE A159 147
MOVE A160 133
MOVE A161 147
MOVE A162 133
MOVE A163 147
MOVE A165 147
MOVE A167 147
MOVE A169 113
MOVE A170 113
MOVE A171 113
MOVE A172 113
MOVE A173 147
MOVE A174 147
MOVE A175 71
MOVE A176 71
MOVE A177 71
MOVE A178 71
MOVE A179 45
MOVE A180 45
MOVE A182 45
MOVE A183 55
MOVE A184 55
MOVE A185 71
MOVE A186 71
MOVE A187 31
MOVE A188 31
MOVE A189 35
MOVE A190 20
MOVE A191 3
MOVE A192 3
MOVE B12 172
MOVE B14 194
MOVE B16 133
MOVE B18 128
MOVE B28 155
MOVE B60 172
MOVE B65 119
MOVE B72 119
MOVE B73 155
MOVE B80 117
MOVE B108 117
MOVE B151 97
MOVE B152 100
MOVE B153 100
MOVE B154 100
MOVE B155 117
MOVE B156 117
MOVE B157 117
MOVE B158 130
MOVE B159 130
MOVE B160 130
MOVE B161 142
MOVE B162 142
DAMAGE TURRET A159 2
DAMAGE COMBAT A82 1
DAMAGE COMBAT A159 1
DAMAGE COMBAT B16 6
DAMAGE COMBAT B123 7
END TURN 253
TURN 254
COMMAND LEFT START
MOVE A137 71
MOVE A159 140
MOVE A193 71
MOVE A194 71
MOVE A161 71
MOVE A163 71
MOVE A165 71
MOVE A167 71
MOVE A173 71
MOVE A174 71
MOVE A134 147
MOVE A135 147
MOVE A164 147
MOVE A166 147
MOVE A168 147
MOVE A175 147
MOVE A176 147
MOVE A177 147
MOVE A178 147
MOVE A185 147
MOVE A186 147
COMMAND LEFT END
COMMAND RIGHT START
MOVE B154 108
COMMAND RIGHT END
TURN 254 RESULT
TIME LEFT 6 5 RIGHT 1 5
MOVE A82 147
MOVE A93 147
MOVE A103 147
MOVE A104 147
MOVE A113 95
MOVE A116 147
MOVE A117 147
MOVE A118 147
MOVE A120 147
MOVE A127 95
MOVE A132 147
MOVE A134 84
MOVE A135 84
MOVE A137 71
MOVE A139 147
MOVE A144 147
MOVE A145 147
MOVE A146 147
MOVE A147 147
MOVE A148 147
MOVE A149 147
MOVE A150 147
MOVE A151 147
MOVE A152 147
MOVE A153 147
MOVE A154 147
MOVE A155 147
MOVE A156 147
MOVE A157 147
MOVE A158 147
MOVE A160 147
MOVE A162 147
MOVE A164 84
MOVE A166 84
MOVE A168 84
MOVE A169 95
MOVE A170 95
MOVE A171 95
MOVE A172 95
MOVE A175 84
MOVE A176 84
MOVE A177 84
MOVE A178 84
MOVE A179 64
MOVE A180 64
MOVE A182 64
MOVE A183 45
MOVE A184 45
MOVE A185 84
MOVE A186 84
MOVE A187 39
MOVE A188 39
MOVE A189 51
MOVE A190 36
MOVE A191 20
MOVE A192 20
MOVE A193 3
MOVE A194 3
MOVE B12 159
MOVE B14 186
MOVE B18 133
MOVE B28 145
MOVE B60 159
MOVE B65 131
MOVE B72 131
MOVE B73 145
MOVE B80 120
MOVE B108 120
MOVE B151 77
MOVE B154 109
MOVE B155 100
MOVE B156 100
MOVE B157 100
MOVE B158 117
MOVE B159 117
MOVE B160 117
MOVE B161 130
MOVE B162 130
DAMAGE TURRET A159 2
DAMAGE COMBAT A159 1
DAMAGE COMBAT B123 1
SIEGE B 147 18
END TURN 254
TURN 255
COMMAND LEFT START
MOVE A6 71
MOVE A14 71
MOVE A31 71
MOVE A15 71
MOVE A32 71
MOVE A83 46
MOVE A101 46
MOVE A111 46
MOVE A82 108
MOVE A93 108
MOVE A103 71
MOVE A104 71
MOVE A116 71
MOVE A117 71
MOVE A118 71
MOVE A120 71
MOVE A132 71
MOVE A139 71
MOVE A144 71
MOVE A145 71
MOVE A146 71
MOVE A147 71
MOVE A148 71
MOVE A149 71
MOVE A150 71
MOVE A151 71
MOVE A152 71
MOVE A153 71
MOVE A154 71
MOVE A155 71
MOVE A156 71
MOVE A157 71
MOVE A158 71
MOVE A160 71
MOVE A162 71
TRAIN 2
COMMAND LEFT END
COMMAND RIGHT START
TRAIN 1
COMMAND RIGHT END
TURN 255 RESULT
TIME LEFT 3 5 RIGHT 1 5
TRAIN A195 A196 B164
MOVE A6 56
MOVE A14 56
MOVE A15 86
MOVE A31 56
MOVE A32 86
MOVE A82 135
MOVE A83 3
MOVE A93 135
MOVE A101 3
MOVE A103 133
MOVE A104 133
MOVE A111 3
MOVE A113 84
MOVE A116 133
MOVE A117 133
MOVE A118 133
MOVE A120 133
MOVE A127 84
MOVE A132 133
MOVE A134 95
MOVE A135 95
MOVE A139 133
MOVE A144 133
MOVE A145 133
MOVE A146 133
MOVE A147 133
MOVE A148 133
MOVE A149 133
MOVE A150 133
MOVE A151 133
MOVE A152 133
MOVE A153 133
MOVE A154 133
MOVE A155 133
MOVE A156 133
MOVE A157 133
MOVE A158 133
MOVE A159 143
MOVE A160 133
MOVE A161 133
MOVE A162 133
MOVE A163 133
MOVE A164 95
MOVE A165 133
MOVE A166 95
MOVE A167 133
MOVE A168 95
MOVE A169 84
MOVE A170 84
MOVE A171 84
MOVE A172 84
MOVE A173 133
MOVE A174 133
MOVE A175 95
MOVE A176 95
MOVE A177 95
MOVE A178 95
MOVE A179 71
MOVE A180 71
MOVE A182 71
MOVE A183 64
MOVE A184 64
MOVE A185 95
MOVE A186 95
MOVE A187 55
MOVE A188 55
MOVE A189 71
MOVE A190 45
MOVE A191 36
MOVE A192 36
MOVE A193 20
MOVE A194 20
MOVE B12 147
MOVE B14 179
MOVE B18 147
MOVE B28 142
MOVE B60 147
MOVE B65 140
MOVE B72 140
MOVE B73 142
MOVE B80 132
MOVE B108 132
MOVE B151 71
MOVE B154 101
MOVE B158 100
MOVE B159 100
MOVE B160 100
MOVE B161 117
MOVE B162 117
DAMAGE TURRET B151 2
DAMAGE COMBAT A12 1
DAMAGE COMBAT B151 6
END TURN 255
TURN 256
COMMAND LEFT START
MOVE A195 124
MOVE A196 124
TRAIN 1
COMMAND LEFT END
COMMAND RIGHT START
MOVE B160 0
MOVE B159 0
MOVE B158 0
MOVE B157 0
MOVE B156 0
MOVE B155 0
MOVE B153 0
MOVE B152 0
MOVE B150 0
MOVE B149 0
MOVE B148 0
MOVE B147 0
MOVE B146 0
MOVE B145 0
MOVE B144 0
MOVE B143 0
MOVE B142 0
MOVE B141 0
MOVE B140 0
MOVE B139 0
MOVE B138 0
MOVE B137 0
MOVE B136 0
MOVE B135 0
MOVE B134 0
MOVE B131 0
MOVE B130 0
MOVE B129 0
MOVE B128 0
MOVE B126 0
MOVE B125 0
MOVE B119 0
MOVE B116 0
MOVE B115 0
MOVE B113 0
MOVE B111 0
COMMAND RIGHT END
TURN 256 RESULT
TIME LEFT 2 5 RIGHT 1 5
TRAIN A197
MOVE A6 61
MOVE A14 61
MOVE A15 75
MOVE A31 61
MOVE A32 75
MOVE A82 138
MOVE A83 10
MOVE A93 138
MOVE A101 10
MOVE A103 113
MOVE A104 113
MOVE A111 10
MOVE A113 71
MOVE A116 113
MOVE A117 113
MOVE A118 113
MOVE A120 113
MOVE A127 71
MOVE A132 113
MOVE A134 113
MOVE A135 113
MOVE A139 113
MOVE A144 113
MOVE A145 113
MOVE A146 113
MOVE A147 113
MOVE A148 113
MOVE A149 113
MOVE A150 113
MOVE A151 113
MOVE A152 113
MOVE A153 113
MOVE A154 113
MOVE A155 113
MOVE A156 113
MOVE A157 113
MOVE A158 113
MOVE A159 140
MOVE A160 113
MOVE A161 113
MOVE A162 113
MOVE A163 113
MOVE A164 113
MOVE A165 113
MOVE A166 113
MOVE A167 113
MOVE A168 113
MOVE A169 71
MOVE A170 71
MOVE A171 71
MOVE A172 71
MOVE A173 113
MOVE A174 113
MOVE A175 113
MOVE A176 113
MOVE A177 113
MOVE A178 113
MOVE A183 71
MOVE A184 71
MOVE A185 113
MOVE A186 113
MOVE A187 45
MOVE A188 45
MOVE A190 68
MOVE A191 45
MOVE A192 45
MOVE A193 34
MOVE A194 34
MOVE A195 3
MOVE A196 3
MOVE B14 172
MOVE B28 140
MOVE B65 163
MOVE B72 163
MOVE B73 140
MOVE B80 155
MOVE B108 155
MOVE B111 83
MOVE B113 83
MOVE B115 83
MOVE B116 83
MOVE B119 83
MOVE B125 83
MOVE B126 83
MOVE B128 83
MOVE B129 83
MOVE B130 83
MOVE B131 83
MOVE B134 83
MOVE B135 83
MOVE B136 83
MOVE B137 83
MOVE B138 83
MOVE B139 83
MOVE B140 83
MOVE B141 83
MOVE B142 83
MOVE B143 83
MOVE B144 83
MOVE B145 83
MOVE B146 83
MOVE B147 83
MOVE B148 83
MOVE B149 83
MOVE B150 83
MOVE B152 83
MOVE B153 83
MOVE B154 95
MOVE B155 83
MOVE B156 83
MOVE B157 83
MOVE B158 83
MOVE B159 83
MOVE B160 83
MOVE B161 100
MOVE B162 100
DAMAGE COMBAT A159 1
DAMAGE COMBAT B28 1
END TURN 256
TURN 257
COMMAND LEFT START
MOVE A137 109
MOVE A197 35
MOVE A113 35
MOVE A127 35
MOVE A169 35
MOVE A170 35
MOVE A171 35
MOVE A172 35
MOVE A179 35
MOVE A180 35
MOVE A182 35
MOVE A183 35
MOVE A184 35
MOVE A189 35
COMMAND LEFT END
COMMAND RIGHT START
MOVE B12 100
MOVE B18 100
MOVE B164 100
UPGRADE 147
TRAIN 2
COMMAND RIGHT END
TURN 257 RESULT
TIME LEFT 5 5 RIGHT 0 5
UPGRADE B 147
TRAIN B165 B166
MOVE A6 71
MOVE A14 71
MOVE A15 78
MOVE A31 71
MOVE A32 78
MOVE A82 127
MOVE A83 19
MOVE A93 127
MOVE A101 19
MOVE A103 95
MOVE A104 95
MOVE A111 19
MOVE A113 51
MOVE A116 95
MOVE A117 95
MOVE A118 95
MOVE A120 95
MOVE A127 51
MOVE A132 95
MOVE A134 133
MOVE A135 133
MOVE A137 77
MOVE A139 95
MOVE A144 95
MOVE A145 95
MOVE A146 95
MOVE A147 95
MOVE A148 95
MOVE A149 95
MOVE A150 95
MOVE A151 95
MOVE A152 95
MOVE A153 95
MOVE A154 95
MOVE A155 95
MOVE A156 95
MOVE A157 95
MOVE A158 95
MOVE A160 95
MOVE A161 95
MOVE A162 95
MOVE A163 95
MOVE A164 133
MOVE A165 95
MOVE A166 133
MOVE A167 95
MOVE A168 133
MOVE A169 51
MOVE A170 51
MOVE A171 51
MOVE A172 51
MOVE A173 95
MOVE A174 95
MOVE A175 133
MOVE A176 133
MOVE A177 133
MOVE A178 133
MOVE A179 51
MOVE A180 51
MOVE A182 51
MOVE A183 51
MOVE A184 51
MOVE A185 133
MOVE A186 133
MOVE A187 64
MOVE A188 64
MOVE A189 51
MOVE A190 77
MOVE A191 68
MOVE A192 68
MOVE A193 35
MOVE A194 35
MOVE A195 20
MOVE A196 20
MOVE A197 3
MOVE B12 133
MOVE B14 159
MOVE B18 133
MOVE B28 143
MOVE B65 172
MOVE B72 172
MOVE B73 143
MOVE B80 165
MOVE B108 165
MOVE B111 70
MOVE B113 70
MOVE B115 70
MOVE B116 70
MOVE B119 70
MOVE B125 70
MOVE B126 70
MOVE B128 70
MOVE B129 70
MOVE B130 70
MOVE B131 70
MOVE B134 70
MOVE B135 70
MOVE B136 70
MOVE B137 70
MOVE B138 70
MOVE B139 70
MOVE B140 70
MOVE B141 70
MOVE B142 70
MOVE B143 70
MOVE B144 70
MOVE B145 70
MOVE B146 70
MOVE B147 70
MOVE B148 70
MOVE B149 70
MOVE B150 70
MOVE B152 70
MOVE B153 70
MOVE B154 102
MOVE B155 70
MOVE B156 70
MOVE B157 70
MOVE B158 70
MOVE B159 70
MOVE B160 70
MOVE B164 197
DAMAGE COMBAT A134 2
DAMAGE COMBAT B12 6
DAMAGE COMBAT B18 5
END TURN 257
TURN 258
COMMAND LEFT START
MOVE A19 0
MOVE A31 0
MOVE A33 0
TRAIN 1
COMMAND LEFT END
COMMAND RIGHT START
MOVE B166 100
MOVE B165 100
UPGRADE 147
COMMAND RIGHT END
TURN 258 RESULT
TIME LEFT 4 5 RIGHT 0 5
UPGRADE B 147
TRAIN A198
MOVE A15 71
MOVE A19 51
MOVE A31 51
MOVE A32 71
MOVE A33 51
MOVE A82 107
MOVE A83 22
MOVE A93 107
MOVE A101 22
MOVE A103 84
MOVE A104 84
MOVE A111 22
MOVE A113 35
MOVE A116 84
MOVE A117 84
MOVE A118 84
MOVE A120 84
MOVE A127 35
MOVE A132 84
MOVE A137 97
MOVE A139 84
MOVE A144 84
MOVE A145 84
MOVE A146 84
MOVE A147 84
MOVE A148 84
MOVE A149 84
MOVE A150 84
MOVE A151 84
MOVE A152 84
MOVE A153 84
MOVE A154 84
MOVE A155 84
MOVE A156 84
MOVE A157 84
MOVE A158 84
MOVE A160 84
MOVE A161 84
MOVE A162 84
MOVE A163 84
MOVE A165 84
MOVE A167 84
MOVE A169 35
MOVE A170 35
MOVE A171 35
MOVE A172 35
MOVE A173 84
MOVE A174 84
MOVE A179 35
MOVE A180 35
MOVE A182 35
MOVE A183 35
MOVE A184 35
MOVE A187 71
MOVE A188 71
MOVE A189 35
MOVE A190 95
MOVE A191 77
MOVE A192 77
MOVE A193 51
MOVE A194 51
MOVE A195 36
MOVE A196 36
MOVE A197 20
MOVE B14 147
MOVE B28 147
MOVE B65 182
MOVE B72 182
MOVE B73 147
MOVE B111 58
MOVE B113 58
MOVE B115 58
MOVE B116 58
MOVE B119 58
MOVE B125 58
MOVE B126 58
MOVE B128 58
MOVE B129 58
MOVE B130 58
MOVE B131 58
MOVE B134 58
MOVE B135 58
MOVE B136 58
MOVE B137 58
MOVE B138 58
MOVE B139 58
MOVE B140 58
MOVE B141 58
MOVE B142 58
MOVE B143 58
MOVE B144 58
MOVE B145 58
MOVE B146 58
MOVE B147 58
MOVE B148 58
MOVE B149 58
MOVE B150 58
MOVE B152 58
MOVE B153 58
MOVE B154 104
MOVE B155 58
MOVE B156 58
MOVE B157 58
MOVE B158 58
MOVE B159 58
MOVE B160 58
MOVE B164 185
MOVE B165 197
MOVE B166 197
DAMAGE COMBAT A134 1
DAMAGE COMBAT B18 1
END TURN 258
TURN 259
COMMAND LEFT START
MOVE A113 0
MOVE A127 0
MOVE A169 0
MOVE A170 0
MOVE A171 0
MOVE A172 0
MOVE A179 0
MOVE A180 0
MOVE A182 0
MOVE A183 0
MOVE A184 0
MOVE A189 0
MOVE A15 0
MOVE A32 0
MOVE A187 0
MOVE A188 0
TRAIN 1
COMMAND LEFT END
COMMAND RIGHT START
MOVE B117 182
MOVE B118 182
MOVE B121 182
MOVE B122 182
MOVE B77 182
MOVE B14 200
MOVE B28 200
MOVE B109 200
TRAIN 2
COMMAND RIGHT END
TURN 259 RESULT
TIME LEFT 5 5 RIGHT 0 5
TRAIN A199 B167 B168
MOVE A15 51
MOVE A19 35
MOVE A31 35
MOVE A32 51
MOVE A33 35
MOVE A82 108
MOVE A83 26
MOVE A93 108
MOVE A101 26
MOVE A103 71
MOVE A104 71
MOVE A111 26
MOVE A113 34
MOVE A116 71
MOVE A117 71
MOVE A118 71
MOVE A120 71
MOVE A127 34
MOVE A132 71
MOVE A134 147
MOVE A135 147
MOVE A137 109
MOVE A139 71
MOVE A144 71
MOVE A145 71
MOVE A146 71
MOVE A147 71
MOVE A148 71
MOVE A149 71
MOVE A150 71
MOVE A151 71
MOVE A152 71
MOVE A153 71
MOVE A154 71
MOVE A155 71
MOVE A156 71
MOVE A157 71
MOVE A158 71
MOVE A160 71
MOVE A161 71
MOVE A162 71
MOVE A163 71
MOVE A164 147
MOVE A165 71
MOVE A166 147
MOVE A167 71
MOVE A168 147
MOVE A169 34
MOVE A170 34
MOVE A171 34
MOVE A172 34
MOVE A173 71
MOVE A174 71
MOVE A175 147
MOVE A176 147
MOVE A177 147
MOVE A178 147
MOVE A179 34
MOVE A180 34
MOVE A182 34
MOVE A183 34
MOVE A184 34
MOVE A185 147
MOVE A186 147
MOVE A187 51
MOVE A188 51
MOVE A189 34
MOVE A190 113
MOVE A191 95
MOVE A192 95
MOVE A193 71
MOVE A194 71
MOVE A195 45
MOVE A196 45
MOVE A197 34
MOVE B14 159
MOVE B28 159
MOVE B77 166
MOVE B109 117
MOVE B111 39
MOVE B113 39
MOVE B115 39
MOVE B116 39
MOVE B117 194
MOVE B118 194
MOVE B119 39
MOVE B121 194
MOVE B122 194
MOVE B125 39
MOVE B126 39
MOVE B128 39
MOVE B129 39
MOVE B130 39
MOVE B131 39
MOVE B134 39
MOVE B135 39
MOVE B136 39
MOVE B137 39
MOVE B138 39
MOVE B139 39
MOVE B140 39
MOVE B141 39
MOVE B142 39
MOVE B143 39
MOVE B144 39
MOVE B145 39
MOVE B146 39
MOVE B147 39
MOVE B148 39
MOVE B149 39
MOVE B150 39
MOVE B152 39
MOVE B153 39
MOVE B154 107
MOVE B155 39
MOVE B156 39
MOVE B157 39
MOVE B158 39
MOVE B159 39
MOVE B160 39
MOVE B164 161
MOVE B165 185
MOVE B166 185
DAMAGE TURRET A134 1
DAMAGE COMBAT A134 1
DAMAGE COMBAT A135 1
DAMAGE COMBAT B60 8
DAMAGE COMBAT B73 3
END TURN 259
TURN 260
COMMAND LEFT START
MOVE A103 0
MOVE A104 0
MOVE A116 0
MOVE A117 0
MOVE A118 0
MOVE A120 0
MOVE A132 0
MOVE A139 0
MOVE A144 0
MOVE A145 0
MOVE A146 0
MOVE A147 0
MOVE A148 0
MOVE A149 0
MOVE A150 0
MOVE A137 71
MOVE A151 0
MOVE A152 0
MOVE A153 0
MOVE A154 0
MOVE A155 0
MOVE A156 0
MOVE A157 0
MOVE A158 0
MOVE A160 0
MOVE A161 0
MOVE A162 0
MOVE A163 0
MOVE A165 0
MOVE A167 0
MOVE A173 0
MOVE A174 0
MOVE A193 0
MOVE A194 0
MOVE A135 0
MOVE A164 0
MOVE A166 0
MOVE A168 0
MOVE A175 0
MOVE A176 0
MOVE A177 0
MOVE A178 0
MOVE A185 0
MOVE A186 0
TRAIN 1
COMMAND LEFT END
COMMAND RIGHT START
TRAIN 3
COMMAND RIGHT END
TURN 260 RESULT
TIME LEFT 9 5 RIGHT 1 5
TRAIN A200 B169 B170 B171
MOVE A15 35
MOVE A19 34
MOVE A31 34
MOVE A32 35
MOVE A33 34
MOVE A83 42
MOVE A101 42
MOVE A103 51
MOVE A104 51
MOVE A111 42
MOVE A113 20
MOVE A116 51
MOVE A117 51
MOVE A118 51
MOVE A120 51
MOVE A127 20
MOVE A132 51
MOVE A137 97
MOVE A139 51
MOVE A144 51
MOVE A145 51
MOVE A146 51
MOVE A147 51
MOVE A148 51
MOVE A149 51
MOVE A150 51
MOVE A151 51
MOVE A152 51
MOVE A153 51
MOVE A154 51
MOVE A155 51
MOVE A156 51
MOVE A157 51
MOVE A158 51
MOVE A160 51
MOVE A161 51
MOVE A162 51
MOVE A163 51
MOVE A165 51
MOVE A167 51
MOVE A169 20
MOVE A170 20
MOVE A171 20
MOVE A172 20
MOVE A173 51
MOVE A174 51
MOVE A179 20
MOVE A180 20
MOVE A182 20
MOVE A183 20
MOVE A184 20
MOVE A187 35
MOVE A188 35
MOVE A189 20
MOVE A190 124
MOVE A191 113
MOVE A192 113
MOVE A193 51
MOVE A194 51
MOVE A195 68
MOVE A196 68
MOVE A197 35
MOVE B14 172
MOVE B28 172
MOVE B77 164
MOVE B109 130
MOVE B111 15
MOVE B113 15
MOVE B115 15
MOVE B116 15
MOVE B117 186
MOVE B118 186
MOVE B119 15
MOVE B121 186
MOVE B122 186
MOVE B125 15
MOVE B126 15
MOVE B128 15
MOVE B129 15
MOVE B130 15
MOVE B131 15
MOVE B134 15
MOVE B135 15
MOVE B136 15
MOVE B137 15
MOVE B138 15
MOVE B139 15
MOVE B140 15
MOVE B141 15
MOVE B142 15
MOVE B143 15
MOVE B144 15
MOVE B145 15
MOVE B146 15
MOVE B147 15
MOVE B148 15
MOVE B149 15
MOVE B150 15
MOVE B152 15
MOVE B153 15
MOVE B154 108
MOVE B155 15
MOVE B156 15
MOVE B157 15
MOVE B158 15
MOVE B159 15
MOVE B160 15
MOVE B164 142
MOVE B165 161
MOVE B166 161
DAMAGE TURRET A135 1
DAMAGE TURRET B154 2
DAMAGE COMBAT A82 1
DAMAGE COMBAT A135 1
DAMAGE COMBAT B73 5
DAMAGE COMBAT B154 3
SIEGE B 147 5
END TURN 260
TURN 261
COMMAND LEFT START
MOVE A197 0
MOVE A190 0
TRAIN 2
COMMAND LEFT END
COMMAND RIGHT START
MOVE B163 165
TRAIN 3
COMMAND RIGHT END
TURN 261 RESULT
TIME LEFT 3 5 RIGHT 0 5
TRAIN A201 A202 B172 B173 B174
MOVE A15 34
MOVE A19 20
MOVE A31 20
MOVE A32 34
MOVE A33 20
MOVE A83 46
MOVE A101 46
MOVE A103 35
MOVE A104 35
MOVE A111 46
MOVE A113 3
MOVE A116 35
MOVE A117 35
MOVE A118 35
MOVE A120 35
MOVE A127 3
MOVE A132 35
MOVE A135 133
MOVE A137 77
MOVE A139 35
MOVE A144 35
MOVE A145 35
MOVE A146 35
MOVE A147 35
MOVE A148 35
MOVE A149 35
MOVE A150 35
MOVE A151 35
MOVE A152 35
MOVE A153 35
MOVE A154 35
MOVE A155 35
MOVE A156 35
MOVE A157 35
MOVE A158 35
MOVE A160 35
MOVE A161 35
MOVE A162 35
MOVE A163 35
MOVE A164 133
MOVE A165 35
MOVE A166 133
MOVE A167 35
MOVE A168 133
MOVE A169 3
MOVE A170 3
MOVE A171 3
MOVE A172 3
MOVE A173 35
MOVE A174 35
MOVE A175 133
MOVE A176 133
MOVE A177 133
MOVE A178 133
MOVE A179 3
MOVE A180 3
MOVE A182 3
MOVE A183 3
MOVE A184 3
MOVE A185 133
MOVE A186 133
MOVE A187 34
MOVE A188 34
MOVE A189 3
MOVE A190 113
MOVE A191 124
MOVE A192 124
MOVE A193 35
MOVE A194 35
MOVE A195 77
MOVE A196 77
MOVE A197 34
MOVE B14 179
MOVE B28 179
MOVE B77 161
MOVE B109 142
MOVE B111 3
MOVE B113 3
MOVE B115 3
MOVE B116 3
MOVE B117 182
MOVE B118 182
MOVE B119 3
MOVE B121 182
MOVE B122 182
MOVE B125 3
MOVE B126 3
MOVE B128 3
MOVE B129 3
MOVE B130 3
MOVE B131 3
MOVE B134 3
MOVE B135 3
MOVE B136 3
MOVE B137 3
MOVE B138 3
MOVE B139 3
MOVE B140 3
MOVE B141 3
MOVE B142 3
MOVE B143 3
MOVE B144 3
MOVE B145 3
MOVE B146 3
MOVE B147 3
MOVE B148 3
MOVE B149 3
MOVE B150 3
MOVE B152 3
MOVE B153 3
MOVE B155 3
MOVE B156 3
MOVE B157 3
MOVE B158 3
MOVE B159 3
MOVE B160 3
MOVE B163 197
MOVE B164 130
MOVE B165 142
MOVE B166 142
DAMAGE TURRET B154 2
DAMAGE COMBAT A82 1
DAMAGE COMBAT A113 7
DAMAGE COMBAT A127 7
DAMAGE COMBAT A169 7
DAMAGE COMBAT A170 7
DAMAGE COMBAT A171 7
DAMAGE COMBAT A172 1
DAMAGE COMBAT B111 8
DAMAGE COMBAT B113 4
DAMAGE COMBAT B154 1
END TURN 261
TURN 262
COMMAND LEFT START
MOVE A191 0
MOVE A192 0
MOVE A21 0
MOVE A30 0
TRAIN 1
COMMAND LEFT END
COMMAND RIGHT START
MOVE B65 147
MOVE B72 147
MOVE B174 100
MOVE B173 100
MOVE B172 100
MOVE B122 100
MOVE B121 100
TRAIN 1
COMMAND RIGHT END
TURN 262 RESULT
TIME LEFT 7 5 RIGHT 0 5
TRAIN A203 B175
MOVE A15 20
MOVE A19 3
MOVE A21 14
MOVE A30 14
MOVE A31 3
MOVE A32 20
MOVE A33 3
MOVE A103 34
MOVE A104 34
MOVE A116 34
MOVE A117 34
MOVE A118 34
MOVE A120 34
MOVE A132 34
MOVE A135 113
MOVE A137 71
MOVE A139 34
MOVE A144 34
MOVE A145 34
MOVE A146 34
MOVE A147 34
MOVE A148 34
MOVE A149 34
MOVE A150 34
MOVE A151 34
MOVE A152 34
MOVE A153 34
MOVE A154 34
MOVE A155 34
MOVE A156 34
MOVE A157 34
MOVE A158 34
MOVE A160 34
MOVE A161 34
MOVE A162 34
MOVE A163 34
MOVE A164 113
MOVE A165 34
MOVE A166 113
MOVE A167 34
MOVE A168 113
MOVE A173 34
MOVE A174 34
MOVE A175 113
MOVE A176 113
MOVE A177 113
MOVE A178 113
MOVE A185 113
MOVE A186 113
MOVE A187 20
MOVE A188 20
MOVE A190 95
MOVE A191 113
MOVE A192 113
MOVE A193 34
MOVE A194 34
MOVE A195 95
MOVE A196 95
MOVE A197 20
MOVE B14 186
MOVE B28 186
MOVE B65 172
MOVE B72 172
MOVE B77 169
MOVE B109 161
MOVE B121 172
MOVE B122 172
MOVE B163 180
MOVE B164 117
MOVE B165 130
MOVE B166 130
MOVE B172 197
MOVE B173 197
MOVE B174 197
DAMAGE COMBAT A19 6
DAMAGE COMBAT A31 6
DAMAGE COMBAT A33 6
DAMAGE COMBAT A172 6
DAMAGE COMBAT A179 7
DAMAGE COMBAT A180 4
DAMAGE COMBAT B113 4
DAMAGE COMBAT B115 6
END TURN 262
TURN 263
COMMAND LEFT START
MOVE A137 18
TRAIN 1
COMMAND LEFT END
COMMAND RIGHT START
MOVE B167 147
TRAIN 2
COMMAND RIGHT END
TURN 263 RESULT
TIME LEFT 6 5 RIGHT 0 5
TRAIN A204 B176 B177
MOVE A15 3
MOVE A21 6
MOVE A30 6
MOVE A32 3
MOVE A103 20
MOVE A104 20
MOVE A116 20
MOVE A117 20
MOVE A118 20
MOVE A120 20
MOVE A132 20
MOVE A135 95
MOVE A137 64
MOVE A139 20
MOVE A144 20
MOVE A145 20
MOVE A146 20
MOVE A147 20
MOVE A148 20
MOVE A149 20
MOVE A150 20
MOVE A151 20
MOVE A152 20
MOVE A153 20
MOVE A154 20
MOVE A155 20
MOVE A156 20
MOVE A157 20
MOVE A158 20
MOVE A160 20
MOVE A161 20
MOVE A162 20
MOVE A163 20
MOVE A164 95
MOVE A165 20
MOVE A166 95
MOVE A167 20
MOVE A168 95
MOVE A173 20
MOVE A174 20
MOVE A175 95
MOVE A176 95
MOVE A177 95
MOVE A178 95
MOVE A185 95
MOVE A186 95
MOVE A187 3
MOVE A188 3
MOVE A190 77
MOVE A191 95
MOVE A192 95
MOVE A193 20
MOVE A194 20
MOVE A195 113
MOVE A196 113
MOVE A197 3
MOVE B14 194
MOVE B28 194
MOVE B65 159
MOVE B72 159
MOVE B77 179
MOVE B109 185
MOVE B121 163
MOVE B122 163
MOVE B163 166
MOVE B164 100
MOVE B165 117
MOVE B166 117
MOVE B167 194
MOVE B172 185
MOVE B173 185
MOVE B174 185
DAMAGE COMBAT A15 6
DAMAGE COMBAT A32 6
DAMAGE COMBAT A180 3
DAMAGE COMBAT A182 7
DAMAGE COMBAT A183 7
DAMAGE COMBAT A184 5
DAMAGE COMBAT B115 2
DAMAGE COMBAT B116 8
END TURN 263
TURN 264
COMMAND LEFT START
MOVE A202 21
TRAIN 2
COMMAND LEFT END
COMMAND RIGHT START
MOVE B110 147
MOVE B177 100
MOVE B176 100
TRAIN 2
COMMAND RIGHT END
TURN 264 RESULT
TIME LEFT 6 5 RIGHT 0 5
TRAIN A205 A206 B178 B179
MOVE A21 0
MOVE A30 0
MOVE A103 3
MOVE A104 3
MOVE A116 3
MOVE A117 3
MOVE A118 3
MOVE A120 3
MOVE A132 3
MOVE A135 77
MOVE A137 45
MOVE A139 3
MOVE A144 3
MOVE A145 3
MOVE A146 3
MOVE A147 3
MOVE A148 3
MOVE A149 3
MOVE A150 3
MOVE A151 3
MOVE A152 3
MOVE A153 3
MOVE A154 3
MOVE A155 3
MOVE A156 3
MOVE A157 3
MOVE A158 3
MOVE A160 3
MOVE A161 3
MOVE A162 3
MOVE A163 3
MOVE A164 77
MOVE A165 3
MOVE A166 77
MOVE A167 3
MOVE A168 77
MOVE A173 3
MOVE A174 3
MOVE A175 77
MOVE A176 77
MOVE A177 77
MOVE A178 77
MOVE A185 77
MOVE A186 77
MOVE A190 68
MOVE A191 77
MOVE A192 77
MOVE A193 3
MOVE A194 3
MOVE A195 124
MOVE A196 124
MOVE A202 6
MOVE B14 200
MOVE B28 200
MOVE B65 147
MOVE B72 147
MOVE B77 182
MOVE B109 197
MOVE B110 109
MOVE B121 140
MOVE B122 140
MOVE B163 165
MOVE B165 100
MOVE B166 100
MOVE B167 186
MOVE B172 161
MOVE B173 161
MOVE B174 161
MOVE B176 197
MOVE B177 197
DAMAGE COMBAT A103 7
DAMAGE COMBAT A104 7
DAMAGE COMBAT A116 7
DAMAGE COMBAT A117 7
DAMAGE COMBAT A118 2
DAMAGE COMBAT A184 2
DAMAGE COMBAT B119 8
DAMAGE COMBAT B125 8
DAMAGE COMBAT B126 8
DAMAGE COMBAT B128 8
DAMAGE COMBAT B129 6
END TURN 264
TURN 265
COMMAND LEFT START
TRAIN 1
COMMAND LEFT END
COMMAND RIGHT START
MOVE B179 100
MOVE B178 100
MOVE B175 100
MOVE B171 100
MOVE B118 100
UPGRADE 147
COMMAND RIGHT END
TURN 265 RESULT
TIME LEFT 3 5 RIGHT 0 5
UPGRADE B 147
TRAIN A207
MOVE A135 68
MOVE A137 55
MOVE A164 68
MOVE A166 68
MOVE A168 68
MOVE A175 68
MOVE A176 68
MOVE A177 68
MOVE A178 68
MOVE A185 68
MOVE A186 68
MOVE A190 45
MOVE A191 68
MOVE A192 68
MOVE A202 14
MOVE B109 200
MOVE B110 128
MOVE B118 172
MOVE B121 131
MOVE B122 131
MOVE B167 179
MOVE B171 197
MOVE B172 142
MOVE B173 142
MOVE B174 142
MOVE B175 197
MOVE B176 185
MOVE B177 185
MOVE B178 197
MOVE B179 197
DAMAGE COMBAT A118 5
DAMAGE COMBAT A120 7
DAMAGE COMBAT A132 7
DAMAGE COMBAT A139 7
DAMAGE COMBAT A144 2
DAMAGE COMBAT B129 2
DAMAGE COMBAT B130 8
DAMAGE COMBAT B131 8
DAMAGE COMBAT B134 8
DAMAGE COMBAT B135 7
END TURN 265
TURN 266
COMMAND LEFT START
TRAIN 2
COMMAND LEFT END
COMMAND RIGHT START
MOVE B170 100
MOVE B166 71
COMMAND RIGHT END
TURN 266 RESULT
TIME LEFT 3 5 RIGHT 0 5
TRAIN A208 A209
MOVE A135 45
MOVE A137 39
MOVE A164 45
MOVE A166 45
MOVE A168 45
MOVE A175 45
MOVE A176 45
MOVE A177 45
MOVE A178 45
MOVE A185 45
MOVE A186 45
MOVE A190 36
MOVE A191 45
MOVE A192 45
MOVE A202 21
MOVE B110 133
MOVE B118 163
MOVE B121 119
MOVE B122 119
MOVE B166 97
MOVE B167 172
MOVE B170 197
MOVE B171 185
MOVE B172 130
MOVE B173 130
MOVE B174 130
MOVE B175 185
MOVE B176 161
MOVE B177 161
MOVE B178 185
MOVE B179 185
DAMAGE COMBAT A144 5
DAMAGE COMBAT A145 7
DAMAGE COMBAT A146 7
DAMAGE COMBAT A147 5
DAMAGE COMBAT B135 1
DAMAGE COMBAT B136 8
DAMAGE COMBAT B137 8
DAMAGE COMBAT B138 8
DAMAGE COMBAT B139 4
END TURN 266
TURN 267
COMMAND LEFT START
MOVE A202 18
TRAIN 1
COMMAND LEFT END
COMMAND RIGHT START
TRAIN 3
COMMAND RIGHT END
TURN 267 RESULT
TIME LEFT 6 5 RIGHT 0 5
TRAIN A210 B180 B181 B182
MOVE A135 36
MOVE A137 31
MOVE A164 36
MOVE A166 36
MOVE A168 36
MOVE A175 36
MOVE A176 36
MOVE A177 36
MOVE A178 36
MOVE A185 36
MOVE A186 36
MOVE A190 20
MOVE A191 36
MOVE A192 36
MOVE A202 18
MOVE B110 147
MOVE B118 140
MOVE B121 100
MOVE B122 100
MOVE B166 77
MOVE B167 159
MOVE B170 185
MOVE B171 161
MOVE B172 117
MOVE B173 117
MOVE B174 117
MOVE B175 161
MOVE B176 142
MOVE B177 142
MOVE B178 161
MOVE B179 161
DAMAGE COMBAT A147 2
DAMAGE COMBAT A148 7
DAMAGE COMBAT A149 7
DAMAGE COMBAT A150 4
DAMAGE COMBAT B139 4
DAMAGE COMBAT B140 8
DAMAGE COMBAT B141 8
DAMAGE COMBAT B142 6
END TURN 267
TURN 268
COMMAND LEFT START
MOVE A78 71
MOVE A80 71
MOVE A198 71
MOVE A199 124
MOVE A200 71
MOVE A201 124
MOVE A203 71
TRAIN 2
COMMAND LEFT END
COMMAND RIGHT START
MOVE B182 100
MOVE B181 100
MOVE B180 100
MOVE B165 108
COMMAND RIGHT END
TURN 268 RESULT
TIME LEFT 5 5 RIGHT 0 5
TRAIN A211 A212
MOVE A78 3
MOVE A80 3
MOVE A135 20
MOVE A137 21
MOVE A164 20
MOVE A166 20
MOVE A168 20
MOVE A175 20
MOVE A176 20
MOVE A177 20
MOVE A178 20
MOVE A185 20
MOVE A186 20
MOVE A190 3
MOVE A191 20
MOVE A192 20
MOVE A198 3
MOVE A199 3
MOVE A200 3
MOVE A201 3
MOVE A203 3
MOVE B118 131
MOVE B165 109
MOVE B166 71
MOVE B167 147
MOVE B170 161
MOVE B171 142
MOVE B172 100
MOVE B173 100
MOVE B174 100
MOVE B175 142
MOVE B176 130
MOVE B177 130
MOVE B178 142
MOVE B179 142
MOVE B180 197
MOVE B181 197
MOVE B182 197
DAMAGE TURRET B166 2
DAMAGE COMBAT A12 1
DAMAGE COMBAT A78 7
DAMAGE COMBAT A80 7
DAMAGE COMBAT A150 3
DAMAGE COMBAT B142 2
DAMAGE COMBAT B143 8
DAMAGE COMBAT B144 8
DAMAGE COMBAT B145 8
DAMAGE COMBAT B146 5
DAMAGE COMBAT B166 3
END TURN 268
TURN 269
COMMAND LEFT START
MOVE A204 124
MOVE A205 124
MOVE A206 124
MOVE A207 124
MOVE A208 124
MOVE A209 124
MOVE A210 124
MOVE A211 124
MOVE A212 124
MOVE A195 0
MOVE A196 0
TRAIN 2
COMMAND LEFT END
COMMAND RIGHT START
MOVE B167 100
TRAIN 3
COMMAND RIGHT END
TURN 269 RESULT
TIME LEFT 5 5 RIGHT 0 5
TRAIN A213 A214 B183 B184 B185
MOVE A135 3
MOVE A137 18
MOVE A164 3
MOVE A166 3
MOVE A168 3
MOVE A175 3
MOVE A176 3
MOVE A177 3
MOVE A178 3
MOVE A185 3
MOVE A186 3
MOVE A191 3
MOVE A192 3
MOVE A195 113
MOVE A196 113
MOVE A204 3
MOVE A205 3
MOVE A206 3
MOVE A207 3
MOVE A208 3
MOVE A209 3
MOVE A210 3
MOVE A211 3
MOVE A212 3
MOVE B118 119
MOVE B165 101
MOVE B167 133
MOVE B170 142
MOVE B171 130
MOVE B175 130
MOVE B176 117
MOVE B177 117
MOVE B178 130
MOVE B179 130
MOVE B180 185
MOVE B181 185
MOVE B182 185
DAMAGE TURRET B166 2
DAMAGE COMBAT A12 1
DAMAGE COMBAT A135 4
DAMAGE COMBAT A151 7
DAMAGE COMBAT A152 2
DAMAGE COMBAT B146 3
DAMAGE COMBAT B147 8
DAMAGE COMBAT B148 8
DAMAGE COMBAT B149 8
DAMAGE COMBAT B150 8
DAMAGE COMBAT B152 8
DAMAGE COMBAT B153 6
DAMAGE COMBAT B166 1
END TURN 269
TURN 270
COMMAND LEFT START
MOVE A213 124
MOVE A214 124
TRAIN 2
COMMAND LEFT END
COMMAND RIGHT START
MOVE B185 100
MOVE B184 100
MOVE B183 100
TRAIN 3
COMMAND RIGHT END
TURN 270 RESULT
TIME LEFT 2 5 RIGHT 0 5
TRAIN A215 A216 B186 B187 B188
MOVE A195 95
MOVE A196 95
MOVE A213 3
MOVE A214 3
MOVE B118 100
MOVE B165 95
MOVE B167 128
MOVE B170 130
MOVE B171 117
MOVE B175 117
MOVE B176 100
MOVE B177 100
MOVE B178 117
MOVE B179 117
MOVE B180 161
MOVE B181 161
MOVE B182 161
MOVE B183 197
MOVE B184 197
MOVE B185 197
DAMAGE COMBAT A152 5
DAMAGE COMBAT A153 2
DAMAGE COMBAT A195 1
DAMAGE COMBAT B153 2
DAMAGE COMBAT B155 8
DAMAGE COMBAT B156 8
DAMAGE COMBAT B157 8
DAMAGE COMBAT B158 8
DAMAGE COMBAT B159 8
DAMAGE COMBAT B160 7
DAMAGE COMBAT B165 2
END TURN 270
TURN 271
COMMAND LEFT START
MOVE A215 124
MOVE A216 124
TRAIN 2
COMMAND LEFT END
COMMAND RIGHT START
MOVE B177 124
MOVE B176 124
MOVE B174 124
MOVE B173 124
MOVE B172 124
MOVE B164 124
MOVE B162 124
MOVE B161 124
MOVE B122 124
TRAIN 2
COMMAND RIGHT END
TURN 271 RESULT
TIME LEFT 2 5 RIGHT 0 5
TRAIN A217 A218 B189 B190
MOVE A215 3
MOVE A216 3
MOVE B122 109
MOVE B161 109
MOVE B162 109
MOVE B164 109
MOVE B167 109
MOVE B170 117
MOVE B171 100
MOVE B172 109
MOVE B173 109
MOVE B174 109
MOVE B175 100
MOVE B176 109
MOVE B177 109
MOVE B178 100
MOVE B179 100
MOVE B180 142
MOVE B181 142
MOVE B182 142
MOVE B183 185
MOVE B184 185
MOVE B185 185
DAMAGE COMBAT A153 1
DAMAGE COMBAT A195 1
DAMAGE COMBAT B160 1
DAMAGE COMBAT B165 2
END TURN 271
TURN 272
COMMAND LEFT START
MOVE A217 124
MOVE A218 124
TRAIN 1
COMMAND LEFT END
COMMAND RIGHT START
MOVE B190 100
MOVE B189 100
MOVE B188 100
MOVE B187 100
MOVE B186 100
TRAIN 3
COMMAND RIGHT END
TURN 272 RESULT
TIME LEFT 2 5 RIGHT 0 5
TRAIN A219 B191 B192 B193
MOVE A153 0
MOVE A154 0
MOVE A155 0
MOVE A156 0
MOVE A157 0
MOVE A158 0
MOVE A160 0
MOVE A161 0
MOVE A162 0
MOVE A163 0
MOVE A164 0
MOVE A165 0
MOVE A166 0
MOVE A167 0
MOVE A168 0
MOVE A173 0
MOVE A174 0
MOVE A175 0
MOVE A176 0
MOVE A177 0
MOVE A178 0
MOVE A185 0
MOVE A186 0
MOVE A187 0
MOVE A188 0
MOVE A189 0
MOVE A190 0
MOVE A191 0
MOVE A192 0
MOVE A193 0
MOVE A194 0
MOVE A197 0
MOVE A198 20
MOVE A199 20
MOVE A200 20
MOVE A201 20
MOVE A203 20
MOVE A204 20
MOVE A205 20
MOVE A206 20
MOVE A207 20
MOVE A208 20
MOVE A209 20
MOVE A210 20
MOVE A211 20
MOVE A212 20
MOVE A213 20
MOVE A214 20
MOVE A215 20
MOVE A216 20
MOVE A217 3
MOVE A218 3
MOVE B122 101
MOVE B161 101
MOVE B162 101
MOVE B164 101
MOVE B167 100
MOVE B170 100
MOVE B172 101
MOVE B173 101
MOVE B174 101
MOVE B176 101
MOVE B177 101
MOVE B180 130
MOVE B181 130
MOVE B182 130
MOVE B183 161
MOVE B184 161
MOVE B185 161
MOVE B186 197
MOVE B187 197
MOVE B188 197
MOVE B189 197
MOVE B190 197
DAMAGE COMBAT A195 1
DAMAGE COMBAT B165 2
END TURN 272
TURN 273
COMMAND LEFT START
MOVE A6 124
MOVE A12 124
MOVE A13 124
MOVE A14 124
MOVE A28 124
MOVE A39 124
MOVE A82 124
MOVE A153 75
MOVE A154 75
MOVE A155 108
MOVE A156 108
MOVE A157 21
MOVE A158 124
MOVE A160 124
MOVE A161 124
MOVE A162 124
MOVE A163 124
MOVE A164 124
MOVE A165 124
MOVE A166 124
MOVE A167 124
MOVE A168 124
MOVE A173 124
MOVE A174 124
MOVE A175 124
MOVE A176 124
MOVE A177 124
MOVE A178 124
MOVE A185 124
MOVE A186 124
MOVE A187 124
MOVE A188 124
MOVE A189 124
MOVE A190 124
MOVE A191 124
MOVE A192 124
MOVE A193 124
MOVE A194 124
MOVE A197 124
MOVE A219 124
TRAIN 2
COMMAND LEFT END
COMMAND RIGHT START
MOVE B179 71
MOVE B178 71
MOVE B175 71
MOVE B171 71
MOVE B170 71
MOVE B167 71
COMMAND RIGHT END
TURN 273 RESULT
TIME LEFT 6 5 RIGHT 0 5
TRAIN A220 A221
MOVE A6 84
MOVE A12 84
MOVE A13 90
MOVE A14 84
MOVE A28 90
MOVE A39 107
MOVE A82 107
MOVE A153 3
MOVE A154 3
MOVE A155 3
MOVE A156 3
MOVE A157 6
MOVE A158 3
MOVE A160 3
MOVE A161 3
MOVE A162 3
MOVE A163 3
MOVE A164 3
MOVE A165 3
MOVE A166 3
MOVE A167 3
MOVE A168 3
MOVE A173 3
MOVE A174 3
MOVE A175 3
MOVE A176 3
MOVE A177 3
MOVE A178 3
MOVE A185 3
MOVE A186 3
MOVE A187 3
MOVE A188 3
MOVE A189 3
MOVE A190 3
MOVE A191 3
MOVE A192 3
MOVE A193 3
MOVE A194 3
MOVE A197 3
MOVE A198 34
MOVE A199 36
MOVE A200 34
MOVE A201 36
MOVE A203 34
MOVE A204 36
MOVE A205 36
MOVE A206 36
MOVE A207 36
MOVE A208 36
MOVE A209 36
MOVE A210 36
MOVE A211 36
MOVE A212 36
MOVE A213 36
MOVE A214 36
MOVE A215 36
MOVE A216 36
MOVE A217 20
MOVE A218 20
MOVE A219 3
MOVE B122 113
MOVE B161 113
MOVE B162 113
MOVE B164 113
MOVE B167 97
MOVE B170 97
MOVE B171 97
MOVE B172 113
MOVE B173 113
MOVE B174 113
MOVE B175 97
MOVE B176 113
MOVE B177 113
MOVE B178 97
MOVE B179 97
MOVE B180 117
MOVE B181 117
MOVE B182 117
MOVE B183 142
MOVE B184 142
MOVE B185 142
MOVE B186 185
MOVE B187 185
MOVE B188 185
MOVE B189 185
MOVE B190 185
DAMAGE COMBAT A195 1
DAMAGE COMBAT B165 2
END TURN 273
TURN 274
COMMAND LEFT START
MOVE A220 124
MOVE A221 124
TRAIN 1
COMMAND LEFT END
COMMAND RIGHT START
MOVE B193 108
MOVE B192 100
MOVE B191 100
TRAIN 3
COMMAND RIGHT END
TURN 274 RESULT
TIME LEFT 3 5 RIGHT 0 5
TRAIN A222 B194 B195 B196
MOVE A6 95
MOVE A12 95
MOVE A13 104
MOVE A14 95
MOVE A28 104
MOVE A39 104
MOVE A82 104
MOVE A153 10
MOVE A154 10
MOVE A155 10
MOVE A156 10
MOVE A157 14
MOVE A158 20
MOVE A160 20
MOVE A161 20
MOVE A162 20
MOVE A163 20
MOVE A164 20
MOVE A165 20
MOVE A166 20
MOVE A167 20
MOVE A168 20
MOVE A173 20
MOVE A174 20
MOVE A175 20
MOVE A176 20
MOVE A177 20
MOVE A178 20
MOVE A185 20
MOVE A186 20
MOVE A187 20
MOVE A188 20
MOVE A189 20
MOVE A190 20
MOVE A191 20
MOVE A192 20
MOVE A193 20
MOVE A194 20
MOVE A195 77
MOVE A196 77
MOVE A197 20
MOVE A198 35
MOVE A199 45
MOVE A200 35
MOVE A201 45
MOVE A203 35
MOVE A204 45
MOVE A205 45
MOVE A206 45
MOVE A207 45
MOVE A208 45
MOVE A209 45
MOVE A210 45
MOVE A211 45
MOVE A212 45
MOVE A213 45
MOVE A214 45
MOVE A215 45
MOVE A216 45
MOVE A217 36
MOVE A218 36
MOVE A219 20
MOVE A220 3
MOVE A221 3
MOVE B122 124
MOVE B161 124
MOVE B162 124
MOVE B164 124
MOVE B167 77
MOVE B170 77
MOVE B171 77
MOVE B172 124
MOVE B173 124
MOVE B174 124
MOVE B175 77
MOVE B176 124
MOVE B177 124
MOVE B178 77
MOVE B179 77
MOVE B180 100
MOVE B181 100
MOVE B182 100
MOVE B183 130
MOVE B184 130
MOVE B185 130
MOVE B186 161
MOVE B187 161
MOVE B188 161
MOVE B189 161
MOVE B190 161
MOVE B191 197
MOVE B192 197
MOVE B193 194
DAMAGE TURRET B122 2
DAMAGE COMBAT A36 7
DAMAGE COMBAT A56 2
DAMAGE COMBAT A195 3
DAMAGE COMBAT A196 3
DAMAGE COMBAT B122 3
DAMAGE COMBAT B167 2
END TURN 274
TURN 275
COMMAND LEFT START
MOVE A1 71
MOVE A3 71
MOVE A5 71
MOVE A222 35
TRAIN 1
COMMAND LEFT END
COMMAND RIGHT START
MOVE B196 100
MOVE B195 100
MOVE B194 100
TRAIN 3
COMMAND RIGHT END
TURN 275 RESULT
TIME LEFT 3 5 RIGHT 0 5
TRAIN A223 B197 B198 B199
MOVE A1 51
MOVE A3 51
MOVE A5 51
MOVE A6 113
MOVE A12 113
MOVE A13 115
MOVE A14 113
MOVE A28 115
MOVE A39 115
MOVE A82 115
MOVE A153 19
MOVE A154 19
MOVE A155 19
MOVE A156 19
MOVE A157 21
MOVE A158 36
MOVE A160 36
MOVE A161 36
MOVE A162 36
MOVE A163 36
MOVE A164 36
MOVE A165 36
MOVE A166 36
MOVE A167 36
MOVE A168 36
MOVE A173 36
MOVE A174 36
MOVE A175 36
MOVE A176 36
MOVE A177 36
MOVE A178 36
MOVE A185 36
MOVE A186 36
MOVE A187 36
MOVE A188 36
MOVE A189 36
MOVE A190 36
MOVE A191 36
MOVE A192 36
MOVE A193 36
MOVE A194 36
MOVE A197 36
MOVE A198 51
MOVE A199 68
MOVE A200 51
MOVE A201 68
MOVE A203 51
MOVE A204 68
MOVE A205 68
MOVE A206 68
MOVE A207 68
MOVE A208 68
MOVE A209 68
MOVE A210 68
MOVE A211 68
MOVE A212 68
MOVE A213 68
MOVE A214 68
MOVE A215 68
MOVE A216 68
MOVE A217 45
MOVE A218 45
MOVE A219 36
MOVE A220 20
MOVE A221 20
MOVE A222 3
MOVE B183 117
MOVE B184 117
MOVE B185 117
MOVE B186 142
MOVE B187 142
MOVE B188 142
MOVE B189 142
MOVE B190 142
MOVE B191 185
MOVE B192 185
MOVE B193 186
MOVE B194 197
MOVE B195 197
MOVE B196 197
DAMAGE TURRET B122 2
DAMAGE COMBAT A56 5
DAMAGE COMBAT A66 4
DAMAGE COMBAT A196 4
DAMAGE COMBAT B122 1
DAMAGE COMBAT B161 1
DAMAGE COMBAT B167 1
END TURN 275
TURN 276
COMMAND LEFT START
MOVE A85 71
MOVE A223 35
MOVE A157 35
COMMAND LEFT END
COMMAND RIGHT START
MOVE B199 100
MOVE B198 100
MOVE B197 100
TRAIN 3
COMMAND RIGHT END
TURN 276 RESULT
TIME LEFT 2 5 RIGHT 0 5
TRAIN B200 B201 B202
MOVE A1 71
MOVE A3 71
MOVE A5 71
MOVE A6 124
MOVE A12 124
MOVE A13 124
MOVE A14 124
MOVE A28 124
MOVE A39 124
MOVE A82 124
MOVE A85 78
MOVE A153 22
MOVE A154 22
MOVE A155 22
MOVE A156 22
MOVE A157 31
MOVE A158 45
MOVE A160 45
MOVE A161 45
MOVE A162 45
MOVE A163 45
MOVE A164 45
MOVE A165 45
MOVE A166 45
MOVE A167 45
MOVE A168 45
MOVE A173 45
MOVE A174 45
MOVE A175 45
MOVE A176 45
MOVE A177 45
MOVE A178 45
MOVE A185 45
MOVE A186 45
MOVE A187 45
MOVE A188 45
MOVE A189 45
MOVE A190 45
MOVE A191 45
MOVE A192 45
MOVE A193 45
MOVE A194 45
MOVE A197 45
MOVE A198 71
MOVE A199 77
MOVE A200 71
MOVE A201 77
MOVE A203 71
MOVE A204 77
MOVE A205 77
MOVE A206 77
MOVE A207 77
MOVE A208 77
MOVE A209 77
MOVE A210 77
MOVE A211 77
MOVE A212 77
MOVE A213 77
MOVE A214 77
MOVE A215 77
MOVE A216 77
MOVE A217 68
MOVE A218 68
MOVE A219 45
MOVE A220 36
MOVE A221 36
MOVE A222 20
MOVE A223 3
MOVE B167 71
MOVE B170 71
MOVE B171 71
MOVE B175 71
MOVE B178 71
MOVE B179 71
MOVE B183 100
MOVE B184 100
MOVE B185 100
MOVE B186 130
MOVE B187 130
MOVE B188 130
MOVE B189 130
MOVE B190 130
MOVE B191 161
MOVE B192 161
MOVE B193 182
MOVE B194 185
MOVE B195 185
MOVE B196 185
MOVE B197 197
MOVE B198 197
MOVE B199 197
DAMAGE TURRET B161 2
DAMAGE TURRET B167 2
DAMAGE COMBAT A1 2
DAMAGE COMBAT A3 4
DAMAGE COMBAT A6 4
DAMAGE COMBAT A12 1
DAMAGE COMBAT A66 3
DAMAGE COMBAT B161 5
DAMAGE COMBAT B162 3
DAMAGE COMBAT B167 3
DAMAGE COMBAT B170 3
END TURN 276
TURN 277
COMMAND LEFT START
MOVE A203 35
MOVE A39 35
MOVE A82 35
TRAIN 1
COMMAND LEFT END
COMMAND RIGHT START
MOVE B202 100
MOVE B201 100
MOVE B200 100
TRAIN 3
COMMAND RIGHT END
TURN 277 RESULT
TIME LEFT 2 5 RIGHT 0 5
TRAIN A224 B203 B204 B205
MOVE A85 71
MOVE A153 26
MOVE A154 26
MOVE A155 26
MOVE A156 26
MOVE A157 39
MOVE A158 68
MOVE A160 68
MOVE A161 68
MOVE A162 68
MOVE A163 68
MOVE A164 68
MOVE A165 68
MOVE A166 68
MOVE A167 68
MOVE A168 68
MOVE A173 68
MOVE A174 68
MOVE A175 68
MOVE A176 68
MOVE A177 68
MOVE A178 68
MOVE A185 68
MOVE A186 68
MOVE A187 68
MOVE A188 68
MOVE A189 68
MOVE A190 68
MOVE A191 68
MOVE A192 68
MOVE A193 68
MOVE A194 68
MOVE A197 68
MOVE A199 95
MOVE A201 95
MOVE A204 95
MOVE A205 95
MOVE A206 95
MOVE A207 95
MOVE A208 95
MOVE A209 95
MOVE A210 95
MOVE A211 95
MOVE A212 95
MOVE A213 95
MOVE A214 95
MOVE A215 95
MOVE A216 95
MOVE A217 77
MOVE A218 77
MOVE A219 68
MOVE A220 45
MOVE A221 45
MOVE A222 34
MOVE A223 20
MOVE B186 117
MOVE B187 117
MOVE B188 117
MOVE B189 117
MOVE B190 117
MOVE B191 142
MOVE B192 142
MOVE B193 173
MOVE B194 161
MOVE B195 161
MOVE B196 161
MOVE B197 185
MOVE B198 185
MOVE B199 185
MOVE B200 197
MOVE B201 197
MOVE B202 197
DAMAGE TURRET B162 2
DAMAGE TURRET B170 2
DAMAGE COMBAT A5 4
DAMAGE COMBAT A13 3
DAMAGE COMBAT A82 4
DAMAGE COMBAT A85 1
DAMAGE COMBAT B162 3
DAMAGE COMBAT B164 2
DAMAGE COMBAT B170 3
DAMAGE COMBAT B171 2
END TURN 277
TURN 278
COMMAND LEFT START
MOVE A224 75
TRAIN 1
COMMAND LEFT END
COMMAND RIGHT START
MOVE B205 100
MOVE B204 100
MOVE B203 100
TRAIN 3
COMMAND RIGHT END
TURN 278 RESULT
TIME LEFT 1 5 RIGHT 0 5
TRAIN A225 B206 B207 B208
MOVE A153 42
MOVE A154 42
MOVE A155 42
MOVE A156 42
MOVE A157 36
MOVE A158 77
MOVE A160 77
MOVE A161 77
MOVE A162 77
MOVE A163 77
MOVE A164 77
MOVE A165 77
MOVE A166 77
MOVE A167 77
MOVE A168 77
MOVE A173 77
MOVE A174 77
MOVE A175 77
MOVE A176 77
MOVE A177 77
MOVE A178 77
MOVE A185 77
MOVE A186 77
MOVE A187 77
MOVE A188 77
MOVE A189 77
MOVE A190 77
MOVE A191 77
MOVE A192 77
MOVE A193 77
MOVE A194 77
MOVE A197 77
MOVE A199 113
MOVE A201 113
MOVE A204 113
MOVE A205 113
MOVE A206 113
MOVE A207 113
MOVE A208 113
MOVE A209 113
MOVE A210 113
MOVE A211 113
MOVE A212 113
MOVE A213 113
MOVE A214 113
MOVE A215 113
MOVE A216 113
MOVE A217 95
MOVE A218 95
MOVE A219 77
MOVE A220 68
MOVE A221 68
MOVE A222 35
MOVE A223 34
MOVE A224 3
MOVE B186 100
MOVE B187 100
MOVE B188 100
MOVE B189 100
MOVE B190 100
MOVE B191 130
MOVE B192 130
MOVE B193 162
MOVE B194 142
MOVE B195 142
MOVE B196 142
MOVE B197 161
MOVE B198 161
MOVE B199 161
MOVE B200 185
MOVE B201 185
MOVE B202 185
MOVE B203 197
MOVE B204 197
MOVE B205 197
DAMAGE TURRET B164 2
DAMAGE TURRET B171 2
DAMAGE COMBAT A13 2
DAMAGE COMBAT A14 4
DAMAGE COMBAT A85 4
DAMAGE COMBAT B164 4
DAMAGE COMBAT B171 4
END TURN 278
TURN 279
COMMAND LEFT START
MOVE A225 18
TRAIN 1
COMMAND LEFT END
COMMAND RIGHT START
MOVE B208 100
MOVE B207 100
MOVE B206 100
TRAIN 3
COMMAND RIGHT END
TURN 279 RESULT
TIME LEFT 2 5 RIGHT 0 5
TRAIN A226 B209 B210 B211
MOVE A153 56
MOVE A154 56
MOVE A155 46
MOVE A156 46
MOVE A157 34
MOVE A158 95
MOVE A160 95
MOVE A161 95
MOVE A162 95
MOVE A163 95
MOVE A164 95
MOVE A165 95
MOVE A166 95
MOVE A167 95
MOVE A168 95
MOVE A173 95
MOVE A174 95
MOVE A175 95
MOVE A176 95
MOVE A177 95
MOVE A178 95
MOVE A185 95
MOVE A186 95
MOVE A187 95
MOVE A188 95
MOVE A189 95
MOVE A190 95
MOVE A191 95
MOVE A192 95
MOVE A193 95
MOVE A194 95
MOVE A197 95
MOVE A199 124
MOVE A201 124
MOVE A204 124
MOVE A205 124
MOVE A206 124
MOVE A207 124
MOVE A208 124
MOVE A209 124
MOVE A210 124
MOVE A211 124
MOVE A212 124
MOVE A213 124
MOVE A214 124
MOVE A215 124
MOVE A216 124
MOVE A217 113
MOVE A218 113
MOVE A219 95
MOVE A220 77
MOVE A221 77
MOVE A223 35
MOVE A224 10
MOVE A225 6
MOVE B191 117
MOVE B192 117
MOVE B193 150
MOVE B194 130
MOVE B195 130
MOVE B196 130
MOVE B197 142
MOVE B198 142
MOVE B199 142
MOVE B200 161
MOVE B201 161
MOVE B202 161
MOVE B203 185
MOVE B204 185
MOVE B205 185
MOVE B206 197
MOVE B207 197
MOVE B208 197
DAMAGE TURRET B172 2
DAMAGE TURRET B175 2
DAMAGE COMBAT A14 1
DAMAGE COMBAT A28 4
DAMAGE COMBAT A85 2
DAMAGE COMBAT A198 1
DAMAGE COMBAT B172 6
DAMAGE COMBAT B173 8
DAMAGE COMBAT B174 4
DAMAGE COMBAT B175 4
END TURN 279
TURN 280
COMMAND LEFT START
MOVE A204 71
MOVE A205 71
MOVE A206 71
MOVE A207 71
MOVE A208 71
MOVE A209 128
MOVE A226 18
MOVE A210 35
MOVE A211 35
MOVE A212 35
MOVE A213 35
MOVE A214 35
MOVE A215 35
MOVE A216 35
TRAIN 1
COMMAND LEFT END
COMMAND RIGHT START
MOVE B211 100
MOVE B210 100
MOVE B209 100
TRAIN 3
COMMAND RIGHT END
TURN 280 RESULT
TIME LEFT 5 5 RIGHT 0 5
TRAIN A227 B212 B213 B214
MOVE A153 63
MOVE A154 63
MOVE A155 59
MOVE A156 59
MOVE A157 35
MOVE A158 113
MOVE A160 113
MOVE A161 113
MOVE A162 113
MOVE A163 113
MOVE A164 113
MOVE A165 113
MOVE A166 113
MOVE A167 113
MOVE A168 113
MOVE A173 113
MOVE A174 113
MOVE A175 113
MOVE A176 113
MOVE A177 113
MOVE A178 113
MOVE A185 113
MOVE A186 113
MOVE A187 113
MOVE A188 113
MOVE A189 113
MOVE A190 113
MOVE A191 113
MOVE A192 113
MOVE A193 113
MOVE A194 113
MOVE A197 113
MOVE A217 124
MOVE A218 124
MOVE A219 113
MOVE A220 95
MOVE A221 95
MOVE A224 19
MOVE A225 14
MOVE A226 6
MOVE B191 100
MOVE B192 100
MOVE B193 146
MOVE B194 117
MOVE B195 117
MOVE B196 117
MOVE B197 130
MOVE B198 130
MOVE B199 130
MOVE B200 142
MOVE B201 142
MOVE B202 142
MOVE B203 161
MOVE B204 161
MOVE B205 161
MOVE B206 185
MOVE B207 185
MOVE B208 185
MOVE B209 197
MOVE B210 197
MOVE B211 197
DAMAGE TURRET B174 2
DAMAGE TURRET B175 2
DAMAGE COMBAT A28 2
DAMAGE COMBAT A39 1
DAMAGE COMBAT A198 3
DAMAGE COMBAT B174 2
DAMAGE COMBAT B176 8
DAMAGE COMBAT B177 8
DAMAGE COMBAT B178 3
END TURN 280
TURN 281
COMMAND LEFT START
MOVE A227 124
TRAIN 1
COMMAND LEFT END
COMMAND RIGHT START
MOVE B192 18
MOVE B214 100
MOVE B213 100
MOVE B212 100
TRAIN 3
COMMAND RIGHT END
TURN 281 RESULT
TIME LEFT 2 5 RIGHT 0 5
TRAIN A228 B215 B216 B217
MOVE A39 113
MOVE A153 75
MOVE A154 75
MOVE A155 79
MOVE A156 79
MOVE A158 124
MOVE A160 124
MOVE A161 124
MOVE A162 124
MOVE A163 124
MOVE A164 124
MOVE A165 124
MOVE A166 124
MOVE A167 124
MOVE A168 124
MOVE A173 124
MOVE A174 124
MOVE A175 124
MOVE A176 124
MOVE A177 124
MOVE A178 124
MOVE A185 124
MOVE A186 124
MOVE A187 124
MOVE A188 124
MOVE A189 124
MOVE A190 124
MOVE A191 124
MOVE A192 124
MOVE A193 124
MOVE A194 124
MOVE A197 124
MOVE A204 113
MOVE A205 113
MOVE A206 113
MOVE A207 113
MOVE A208 113
MOVE A209 133
MOVE A210 113
MOVE A211 113
MOVE A212 113
MOVE A213 113
MOVE A214 113
MOVE A215 113
MOVE A216 113
MOVE A219 124
MOVE A220 113
MOVE A221 113
MOVE A224 22
MOVE A225 18
MOVE A226 14
MOVE A227 3
MOVE B192 81
MOVE B193 126
MOVE B194 100
MOVE B195 100
MOVE B196 100
MOVE B197 117
MOVE B198 117
MOVE B199 117
MOVE B200 130
MOVE B201 130
MOVE B202 130
MOVE B203 142
MOVE B204 142
MOVE B205 142
MOVE B206 161
MOVE B207 161
MOVE B208 161
MOVE B209 185
MOVE B210 185
MOVE B211 185
MOVE B212 197
MOVE B213 197
MOVE B214 197
DAMAGE TURRET B178 2
DAMAGE COMBAT A198 2
DAMAGE COMBAT B178 3
END TURN 281
TURN 282
COMMAND LEFT START
MOVE A228 124
MOVE A162 147
MOVE A163 147
MOVE A164 147
MOVE A165 147
MOVE A166 147
MOVE A167 147
MOVE A168 147
MOVE A173 147
MOVE A174 147
MOVE A175 147
MOVE A225 124
TRAIN 1
COMMAND LEFT END
COMMAND RIGHT START
MOVE B217 100
MOVE B216 100
MOVE B215 100
TRAIN 3
COMMAND RIGHT END
TURN 282 RESULT
TIME LEFT 2 5 RIGHT 0 5
TRAIN A229 B218 B219 B220
MOVE A39 95
MOVE A155 108
MOVE A156 108
MOVE A162 135
MOVE A163 135
MOVE A164 135
MOVE A165 135
MOVE A166 135
MOVE A167 135
MOVE A168 135
MOVE A173 135
MOVE A174 135
MOVE A175 135
MOVE A204 95
MOVE A205 95
MOVE A206 95
MOVE A207 95
MOVE A208 95
MOVE A209 128
MOVE A210 95
MOVE A211 95
MOVE A212 95
MOVE A213 95
MOVE A214 95
MOVE A215 95
MOVE A216 95
MOVE A220 124
MOVE A221 124
MOVE A224 26
MOVE A225 28
MOVE A226 18
MOVE A227 20
MOVE A228 3
MOVE B192 69
MOVE B193 108
MOVE B197 100
MOVE B198 100
MOVE B199 100
MOVE B200 117
MOVE B201 117
MOVE B202 117
MOVE B203 130
MOVE B204 130
MOVE B205 130
MOVE B206 142
MOVE B207 142
MOVE B208 142
MOVE B209 161
MOVE B210 161
MOVE B211 161
MOVE B212 185
MOVE B213 185
MOVE B214 185
MOVE B215 197
MOVE B216 197
MOVE B217 197
DAMAGE TURRET B179 2
DAMAGE TURRET B193 2
DAMAGE COMBAT A93 1
DAMAGE COMBAT A198 1
DAMAGE COMBAT B179 3
DAMAGE COMBAT B193 3
END TURN 282
TURN 283
COMMAND LEFT START
MOVE A176 71
MOVE A177 71
MOVE A178 71
MOVE A185 71
MOVE A186 71
MOVE A187 71
MOVE A188 71
MOVE A189 71
MOVE A190 71
MOVE A191 71
MOVE A192 71
MOVE A226 37
MOVE A229 124
MOVE A209 124
TRAIN 1
COMMAND LEFT END
COMMAND RIGHT START
MOVE B14 182
MOVE B28 182
MOVE B109 182
MOVE B168 182
MOVE B169 182
MOVE B118 200
TRAIN 1
COMMAND RIGHT END
TURN 283 RESULT
TIME LEFT 6 5 RIGHT 1 5
TRAIN A230 B221
MOVE A39 77
MOVE A162 147
MOVE A163 147
MOVE A164 147
MOVE A165 147
MOVE A166 147
MOVE A167 147
MOVE A168 147
MOVE A173 147
MOVE A174 147
MOVE A175 147
MOVE A176 113
MOVE A177 113
MOVE A178 113
MOVE A185 113
MOVE A186 113
MOVE A187 113
MOVE A188 113
MOVE A189 113
MOVE A190 113
MOVE A191 113
MOVE A192 113
MOVE A204 84
MOVE A205 84
MOVE A206 84
MOVE A207 84
MOVE A208 84
MOVE A209 133
MOVE A210 77
MOVE A211 77
MOVE A212 77
MOVE A213 77
MOVE A214 77
MOVE A215 77
MOVE A216 77
MOVE A224 42
MOVE A225 37
MOVE A226 28
MOVE A227 36
MOVE A228 20
MOVE A229 3
MOVE B14 194
MOVE B28 194
MOVE B109 194
MOVE B118 117
MOVE B168 194
MOVE B169 194
MOVE B192 60
MOVE B200 100
MOVE B201 100
MOVE B202 100
MOVE B203 117
MOVE B204 117
MOVE B205 117
MOVE B206 130
MOVE B207 130
MOVE B208 130
MOVE B209 142
MOVE B210 142
MOVE B211 142
MOVE B212 161
MOVE B213 161
MOVE B214 161
MOVE B215 185
MOVE B216 185
MOVE B217 185
DAMAGE TURRET A162 2
DAMAGE TURRET B179 2
DAMAGE TURRET B193 2
DAMAGE COMBAT A93 1
DAMAGE COMBAT A162 3
DAMAGE COMBAT A200 1
DAMAGE COMBAT B65 1
DAMAGE COMBAT B72 8
DAMAGE COMBAT B110 1
DAMAGE COMBAT B179 1
DAMAGE COMBAT B193 1
END TURN 283
TURN 284
COMMAND LEFT START
MOVE A230 71
MOVE A193 71
MOVE A194 71
MOVE A197 71
MOVE A199 71
MOVE A201 71
TRAIN 2
COMMAND LEFT END
COMMAND RIGHT START
TRAIN 3
COMMAND RIGHT END
TURN 284 RESULT
TIME LEFT 2 5 RIGHT 0 5
TRAIN A231 A232 B222 B223 B224
MOVE A39 64
MOVE A176 95
MOVE A177 95
MOVE A178 95
MOVE A185 95
MOVE A186 95
MOVE A187 95
MOVE A188 95
MOVE A189 95
MOVE A190 95
MOVE A191 95
MOVE A192 95
MOVE A193 113
MOVE A194 113
MOVE A197 113
MOVE A199 113
MOVE A201 113
MOVE A203 51
MOVE A204 71
MOVE A205 71
MOVE A206 71
MOVE A207 71
MOVE A208 71
MOVE A209 124
MOVE A210 64
MOVE A211 64
MOVE A212 64
MOVE A213 64
MOVE A214 64
MOVE A215 64
MOVE A216 64
MOVE A224 56
MOVE A225 60
MOVE A226 37
MOVE A227 45
MOVE A228 36
MOVE A229 20
MOVE A230 3
MOVE B14 186
MOVE B28 186
MOVE B109 186
MOVE B118 130
MOVE B168 186
MOVE B169 186
MOVE B192 37
MOVE B203 100
MOVE B204 100
MOVE B205 100
MOVE B206 117
MOVE B207 117
MOVE B208 117
MOVE B209 130
MOVE B210 130
MOVE B211 130
MOVE B212 142
MOVE B213 142
MOVE B214 142
MOVE B215 161
MOVE B216 161
MOVE B217 161
DAMAGE TURRET A162 2
DAMAGE COMBAT A163 1
DAMAGE COMBAT A226 1
DAMAGE COMBAT B110 7
DAMAGE COMBAT B192 1
SIEGE B 147 3
END TURN 284
TURN 285
COMMAND LEFT START
MOVE A226 18
MOVE A209 159
MOVE A231 71
MOVE A232 71
TRAIN 2
COMMAND LEFT END
COMMAND RIGHT START
MOVE B224 100
MOVE B223 100
TRAIN 3
COMMAND RIGHT END
TURN 285 RESULT
TIME LEFT 5 5 RIGHT 1 5
TRAIN A233 A234 B225 B226 B227
MOVE A39 35
MOVE A176 84
MOVE A177 84
MOVE A178 84
MOVE A185 84
MOVE A186 84
MOVE A187 84
MOVE A188 84
MOVE A189 84
MOVE A190 84
MOVE A191 84
MOVE A192 84
MOVE A193 95
MOVE A194 95
MOVE A197 95
MOVE A199 95
MOVE A201 95
MOVE A203 35
MOVE A209 135
MOVE A210 35
MOVE A211 35
MOVE A212 35
MOVE A213 35
MOVE A214 35
MOVE A215 35
MOVE A216 35
MOVE A224 63
MOVE A225 58
MOVE A227 68
MOVE A228 45
MOVE A229 36
MOVE A230 20
MOVE A231 3
MOVE A232 3
MOVE B14 182
MOVE B28 182
MOVE B109 182
MOVE B118 142
MOVE B168 182
MOVE B169 182
MOVE B206 100
MOVE B207 100
MOVE B208 100
MOVE B209 117
MOVE B210 117
MOVE B211 117
MOVE B212 130
MOVE B213 130
MOVE B214 130
MOVE B215 142
MOVE B216 142
MOVE B217 142
MOVE B223 197
MOVE B224 197
DAMAGE TURRET A163 2
DAMAGE COMBAT A226 1
DAMAGE COMBAT B192 1
SIEGE B 147 9
END TURN 285
TURN 286
COMMAND LEFT START
MOVE A233 71
MOVE A234 71
MOVE A210 71
MOVE A211 71
MOVE A212 71
MOVE A213 71
MOVE A214 71
MOVE A215 71
MOVE A216 71
MOVE A222 71
MOVE A223 71
TRAIN 1
COMMAND LEFT END
COMMAND RIGHT START
MOVE B169 100
MOVE B168 100
MOVE B117 100
MOVE B114 100
MOVE B109 100
MOVE B227 100
MOVE B226 100
MOVE B225 100
TRAIN 3
COMMAND RIGHT END
TURN 286 RESULT
TIME LEFT 3 5 RIGHT 0 5
TRAIN A235 B228 B229 B230
MOVE A176 71
MOVE A177 71
MOVE A178 71
MOVE A185 71
MOVE A186 71
MOVE A187 71
MOVE A188 71
MOVE A189 71
MOVE A190 71
MOVE A191 71
MOVE A192 71
MOVE A193 84
MOVE A194 84
MOVE A197 84
MOVE A199 84
MOVE A201 84
MOVE A209 147
MOVE A210 51
MOVE A211 51
MOVE A212 51
MOVE A213 51
MOVE A214 51
MOVE A215 51
MOVE A216 51
MOVE A222 51
MOVE A223 51
MOVE A224 75
MOVE A225 66
MOVE A227 77
MOVE A228 68
MOVE A229 45
MOVE A230 34
MOVE A231 20
MOVE A232 20
MOVE A233 3
MOVE A234 3
MOVE B109 172
MOVE B114 172
MOVE B117 172
MOVE B118 161
MOVE B168 172
MOVE B169 172
MOVE B209 100
MOVE B210 100
MOVE B211 100
MOVE B212 117
MOVE B213 117
MOVE B214 117
MOVE B215 130
MOVE B216 130
MOVE B217 130
MOVE B223 185
MOVE B224 185
MOVE B225 197
MOVE B226 197
MOVE B227 197
DAMAGE TURRET A163 2
DAMAGE COMBAT A226 1
DAMAGE COMBAT B192 1
SIEGE B 147 6
END TURN 286
TURN 287
COMMAND LEFT START
MOVE A235 71
MOVE A217 71
MOVE A218 71
MOVE A164 71
MOVE A165 71
MOVE A166 71
MOVE A167 71
MOVE A168 71
MOVE A173 71
MOVE A174 71
MOVE A175 71
MOVE A185 53
MOVE A186 53
MOVE A187 53
MOVE A188 53
MOVE A189 53
MOVE A190 53
MOVE A191 53
MOVE A192 53
MOVE A200 53
MOVE A204 53
MOVE A205 53
MOVE A206 53
MOVE A207 53
MOVE A208 53
COMMAND LEFT END
COMMAND RIGHT START
MOVE B211 124
MOVE B230 100
MOVE B229 100
MOVE B228 100
TRAIN 3
COMMAND RIGHT END
TURN 287 RESULT
TIME LEFT 3 5 RIGHT 1 5
TRAIN B231 B232 B233
MOVE A164 133
MOVE A165 133
MOVE A166 133
MOVE A167 133
MOVE A168 133
MOVE A173 133
MOVE A174 133
MOVE A175 133
MOVE A185 64
MOVE A186 64
MOVE A187 64
MOVE A188 64
MOVE A189 64
MOVE A190 64
MOVE A191 64
MOVE A192 64
MOVE A193 71
MOVE A194 71
MOVE A197 71
MOVE A199 71
MOVE A200 64
MOVE A201 71
MOVE A204 64
MOVE A205 64
MOVE A206 64
MOVE A207 64
MOVE A208 64
MOVE A209 159
MOVE A210 71
MOVE A211 71
MOVE A212 71
MOVE A213 71
MOVE A214 71
MOVE A215 71
MOVE A216 71
MOVE A217 113
MOVE A218 113
MOVE A222 71
MOVE A223 71
MOVE A225 80
MOVE A227 95
MOVE A228 77
MOVE A229 68
MOVE A230 35
MOVE A231 34
MOVE A232 34
MOVE A233 20
MOVE A234 20
MOVE A235 3
MOVE B109 163
MOVE B114 163
MOVE B117 163
MOVE B118 185
MOVE B168 163
MOVE B169 163
MOVE B211 109
MOVE B212 100
MOVE B213 100
MOVE B214 100
MOVE B215 117
MOVE B216 117
MOVE B217 117
MOVE B223 161
MOVE B224 161
MOVE B225 185
MOVE B226 185
MOVE B227 185
MOVE B228 197
MOVE B229 197
MOVE B230 197
DAMAGE COMBAT A226 1
DAMAGE COMBAT B192 1
END TURN 287
TURN 288
COMMAND LEFT START
MOVE A209 124
MOVE A219 131
MOVE A220 35
MOVE A221 35
MOVE A193 53
MOVE A194 53
MOVE A197 53
MOVE A199 53
MOVE A201 53
MOVE A210 53
MOVE A211 53
MOVE A212 53
MOVE A213 53
MOVE A214 53
MOVE A215 53
MOVE A216 53
MOVE A222 53
MOVE A223 53
COMMAND LEFT END
COMMAND RIGHT START
MOVE B233 100
MOVE B232 100
MOVE B231 100
TRAIN 3
COMMAND RIGHT END
TURN 288 RESULT
TIME LEFT 6 5 RIGHT 1 5
TRAIN B234 B235 B236
MOVE A164 113
MOVE A165 113
MOVE A166 113
MOVE A167 113
MOVE A168 113
MOVE A173 113
MOVE A174 113
MOVE A175 113
MOVE A185 68
MOVE A186 68
MOVE A187 68
MOVE A188 68
MOVE A189 68
MOVE A190 68
MOVE A191 68
MOVE A192 68
MOVE A193 64
MOVE A194 64
MOVE A197 64
MOVE A199 64
MOVE A200 68
MOVE A201 64
MOVE A204 68
MOVE A205 68
MOVE A206 68
MOVE A207 68
MOVE A208 68
MOVE A209 147
MOVE A210 64
MOVE A211 64
MOVE A212 64
MOVE A213 64
MOVE A214 64
MOVE A215 64
MOVE A216 64
MOVE A217 95
MOVE A218 95
MOVE A219 133
MOVE A220 113
MOVE A221 113
MOVE A222 64
MOVE A223 64
MOVE A225 97
MOVE A227 113
MOVE A228 95
MOVE A229 77
MOVE A230 51
MOVE A231 35
MOVE A232 35
MOVE A233 34
MOVE A234 34
MOVE A235 20
MOVE B109 140
MOVE B114 140
MOVE B117 140
MOVE B118 197
MOVE B168 140
MOVE B169 140
MOVE B211 101
MOVE B215 100
MOVE B216 100
MOVE B217 100
MOVE B223 142
MOVE B224 142
MOVE B225 161
MOVE B226 161
MOVE B227 161
MOVE B228 185
MOVE B229 185
MOVE B230 185
MOVE B231 197
MOVE B232 197
MOVE B233 197
DAMAGE COMBAT A226 1
DAMAGE COMBAT B192 1
END TURN 288
TURN 289
COMMAND LEFT START
MOVE A83 71
MOVE A101 71
MOVE A111 71
MOVE A93 71
MOVE A155 71
MOVE A156 71
MOVE A158 71
MOVE A163 46
TRAIN 2
COMMAND LEFT END
COMMAND RIGHT START
MOVE B236 100
MOVE B235 100
MOVE B234 100
TRAIN 3
COMMAND RIGHT END
TURN 289 RESULT
TIME LEFT 3 5 RIGHT 2 5
TRAIN A236 A237 B237 B238 B239
MOVE A83 56
MOVE A93 86
MOVE A101 56
MOVE A111 56
MOVE A155 86
MOVE A156 86
MOVE A158 113
MOVE A163 135
MOVE A164 95
MOVE A165 95
MOVE A166 95
MOVE A167 95
MOVE A168 95
MOVE A173 95
MOVE A174 95
MOVE A175 95
MOVE A185 66
MOVE A186 66
MOVE A187 66
MOVE A188 66
MOVE A189 66
MOVE A190 66
MOVE A191 66
MOVE A192 66
MOVE A193 68
MOVE A194 68
MOVE A197 68
MOVE A199 68
MOVE A200 66
MOVE A201 68
MOVE A204 66
MOVE A205 66
MOVE A206 66
MOVE A207 66
MOVE A208 66
MOVE A209 135
MOVE A210 68
MOVE A211 68
MOVE A212 68
MOVE A213 68
MOVE A214 68
MOVE A215 68
MOVE A216 68
MOVE A217 84
MOVE A218 84
MOVE A219 128
MOVE A220 95
MOVE A221 95
MOVE A222 68
MOVE A223 68
MOVE A225 101
MOVE A227 124
MOVE A228 113
MOVE A229 95
MOVE A230 71
MOVE A231 51
MOVE A232 51
MOVE A233 35
MOVE A234 35
MOVE A235 34
MOVE B109 131
MOVE B114 131
MOVE B117 131
MOVE B118 200
MOVE B168 131
MOVE B169 131
MOVE B211 113
MOVE B223 130
MOVE B224 130
MOVE B225 142
MOVE B226 142
MOVE B227 142
MOVE B228 161
MOVE B229 161
MOVE B230 161
MOVE B231 185
MOVE B232 185
MOVE B233 185
MOVE B234 197
MOVE B235 197
MOVE B236 197
DAMAGE COMBAT A158 1
DAMAGE COMBAT A226 1
DAMAGE COMBAT B192 1
DAMAGE COMBAT B211 2
END TURN 289
TURN 290
COMMAND LEFT START
MOVE A236 46
MOVE A237 46
TRAIN 2
COMMAND LEFT END
COMMAND RIGHT START
MOVE B217 0
MOVE B216 0
MOVE B215 0
MOVE B214 0
MOVE B213 0
MOVE B212 0
MOVE B210 0
MOVE B209 0
MOVE B208 0
MOVE B207 0
MOVE B206 0
MOVE B205 0
MOVE B204 0
MOVE B203 0
MOVE B202 0
MOVE B201 0
MOVE B200 0
MOVE B199 0
MOVE B198 0
MOVE B197 0
MOVE B196 0
MOVE B195 0
MOVE B194 0
MOVE B191 0
MOVE B190 0
MOVE B189 0
MOVE B188 0
MOVE B187 0
MOVE B186 0
MOVE B185 0
MOVE B184 0
MOVE B183 0
MOVE B182 0
MOVE B181 0
COMMAND RIGHT END
TURN 290 RESULT
TIME LEFT 3 5 RIGHT 0 5
TRAIN A238 A239
MOVE A83 61
MOVE A93 75
MOVE A101 61
MOVE A111 61
MOVE A155 75
MOVE A156 75
MOVE A163 124
MOVE A164 84
MOVE A165 84
MOVE A166 84
MOVE A167 84
MOVE A168 84
MOVE A173 84
MOVE A174 84
MOVE A175 84
MOVE A185 58
MOVE A186 58
MOVE A187 58
MOVE A188 58
MOVE A189 58
MOVE A190 58
MOVE A191 58
MOVE A192 58
MOVE A193 66
MOVE A194 66
MOVE A197 66
MOVE A199 66
MOVE A200 58
MOVE A201 66
MOVE A204 58
MOVE A205 58
MOVE A206 58
MOVE A207 58
MOVE A208 58
MOVE A209 124
MOVE A210 66
MOVE A211 66
MOVE A212 66
MOVE A213 66
MOVE A214 66
MOVE A215 66
MOVE A216 66
MOVE A217 71
MOVE A218 71
MOVE A219 131
MOVE A220 77
MOVE A221 77
MOVE A222 66
MOVE A223 66
MOVE A225 113
MOVE A229 113
MOVE A231 71
MOVE A232 71
MOVE A233 51
MOVE A234 51
MOVE A235 35
MOVE A236 3
MOVE A237 3
MOVE B109 119
MOVE B114 119
MOVE B117 119
MOVE B168 119
MOVE B169 119
MOVE B181 83
MOVE B182 83
MOVE B183 83
MOVE B184 83
MOVE B185 83
MOVE B186 83
MOVE B187 83
MOVE B188 83
MOVE B189 83
MOVE B190 83
MOVE B191 83
MOVE B194 83
MOVE B195 83
MOVE B196 83
MOVE B197 83
MOVE B198 83
MOVE B199 83
MOVE B200 83
MOVE B201 83
MOVE B202 83
MOVE B203 83
MOVE B204 83
MOVE B205 83
MOVE B206 83
MOVE B207 83
MOVE B208 83
MOVE B209 83
MOVE B210 83
MOVE B212 83
MOVE B213 83
MOVE B214 83
MOVE B215 83
MOVE B216 83
MOVE B217 83
MOVE B223 117
MOVE B224 117
MOVE B225 130
MOVE B226 130
MOVE B227 130
MOVE B228 142
MOVE B229 142
MOVE B230 142
MOVE B231 161
MOVE B232 161
MOVE B233 161
MOVE B234 185
MOVE B235 185
MOVE B236 185
DAMAGE COMBAT A158 1
DAMAGE COMBAT A226 1
DAMAGE COMBAT B192 1
DAMAGE COMBAT B211 4
END TURN 290
TURN 291
COMMAND LEFT START
MOVE A217 35
MOVE A218 35
MOVE A230 35
MOVE A231 35
MOVE A232 35
MOVE A238 35
MOVE A239 35
MOVE A219 35
MOVE A227 35
TRAIN 1
COMMAND LEFT END
COMMAND RIGHT START
MOVE B239 147
TRAIN 3
COMMAND RIGHT END
TURN 291 RESULT
TIME LEFT 3 5 RIGHT 0 5
TRAIN A240 B240 B241 B242
MOVE A83 71
MOVE A93 78
MOVE A101 71
MOVE A111 71
MOVE A155 78
MOVE A156 78
MOVE A163 115
MOVE A164 71
MOVE A165 71
MOVE A166 71
MOVE A167 71
MOVE A168 71
MOVE A173 71
MOVE A174 71
MOVE A175 71
MOVE A185 60
MOVE A186 60
MOVE A187 60
MOVE A188 60
MOVE A189 60
MOVE A190 60
MOVE A191 60
MOVE A192 60
MOVE A193 58
MOVE A194 58
MOVE A197 58
MOVE A199 58
MOVE A200 60
MOVE A201 58
MOVE A204 60
MOVE A205 60
MOVE A206 60
MOVE A207 60
MOVE A208 60
MOVE A210 58
MOVE A211 58
MOVE A212 58
MOVE A213 58
MOVE A214 58
MOVE A215 58
MOVE A216 58
MOVE A217 51
MOVE A218 51
MOVE A219 128
MOVE A220 64
MOVE A221 64
MOVE A222 58
MOVE A223 58
MOVE A227 113
MOVE A230 51
MOVE A231 51
MOVE A232 51
MOVE A233 71
MOVE A234 71
MOVE A235 51
MOVE A236 10
MOVE A237 10
MOVE A238 3
MOVE A239 3
MOVE B109 100
MOVE B114 100
MOVE B117 100
MOVE B168 100
MOVE B169 100
MOVE B181 70
MOVE B182 70
MOVE B183 70
MOVE B184 70
MOVE B185 70
MOVE B186 70
MOVE B187 70
MOVE B188 70
MOVE B189 70
MOVE B190 70
MOVE B191 70
MOVE B192 28
MOVE B194 70
MOVE B195 70
MOVE B196 70
MOVE B197 70
MOVE B198 70
MOVE B199 70
MOVE B200 70
MOVE B201 70
MOVE B202 70
MOVE B203 70
MOVE B204 70
MOVE B205 70
MOVE B206 70
MOVE B207 70
MOVE B208 70
MOVE B209 70
MOVE B210 70
MOVE B212 70
MOVE B213 70
MOVE B214 70
MOVE B215 70
MOVE B216 70
MOVE B217 70
MOVE B223 100
MOVE B224 100
MOVE B225 117
MOVE B226 117
MOVE B227 117
MOVE B228 130
MOVE B229 130
MOVE B230 130
MOVE B231 142
MOVE B232 142
MOVE B233 142
MOVE B234 161
MOVE B235 161
MOVE B236 161
MOVE B239 194
DAMAGE COMBAT A158 1
DAMAGE COMBAT B211 2
END TURN 291
TURN 292
COMMAND LEFT START
MOVE A164 0
MOVE A165 0
MOVE A166 0
MOVE A167 0
MOVE A168 0
MOVE A173 0
MOVE A174 0
MOVE A175 0
MOVE A176 0
MOVE A177 0
MOVE A178 0
MOVE A233 0
MOVE A234 0
TRAIN 1
COMMAND LEFT END
COMMAND RIGHT START
TRAIN 3
COMMAND RIGHT END
TURN 292 RESULT
TIME LEFT 3 5 RIGHT 0 5
TRAIN A241 B243 B244 B245
MOVE A93 71
MOVE A155 71
MOVE A156 71
MOVE A158 95
MOVE A163 102
MOVE A164 51
MOVE A165 51
MOVE A166 51
MOVE A167 51
MOVE A168 51
MOVE A173 51
MOVE A174 51
MOVE A175 51
MOVE A176 51
MOVE A177 51
MOVE A178 51
MOVE A185 57
MOVE A186 57
MOVE A187 57
MOVE A188 57
MOVE A189 57
MOVE A190 57
MOVE A191 57
MOVE A192 57
MOVE A193 60
MOVE A194 60
MOVE A197 60
MOVE A199 60
MOVE A200 57
MOVE A201 60
MOVE A204 57
MOVE A205 57
MOVE A206 57
MOVE A207 57
MOVE A208 57
MOVE A210 60
MOVE A211 60
MOVE A212 60
MOVE A213 60
MOVE A214 60
MOVE A215 60
MOVE A216 60
MOVE A217 35
MOVE A218 35
MOVE A219 101
MOVE A220 35
MOVE A221 35
MOVE A222 60
MOVE A223 60
MOVE A225 124
MOVE A227 95
MOVE A228 124
MOVE A229 124
MOVE A230 35
MOVE A231 35
MOVE A232 35
MOVE A233 51
MOVE A234 51
MOVE A235 71
MOVE A236 19
MOVE A237 19
MOVE A238 20
MOVE A239 20
MOVE B181 58
MOVE B182 58
MOVE B183 58
MOVE B184 58
MOVE B185 58
MOVE B186 58
MOVE B187 58
MOVE B188 58
MOVE B189 58
MOVE B190 58
MOVE B191 58
MOVE B192 18
MOVE B194 58
MOVE B195 58
MOVE B196 58
MOVE B197 58
MOVE B198 58
MOVE B199 58
MOVE B200 58
MOVE B201 58
MOVE B202 58
MOVE B203 58
MOVE B204 58
MOVE B205 58
MOVE B206 58
MOVE B207 58
MOVE B208 58
MOVE B209 58
MOVE B210 58
MOVE B212 58
MOVE B213 58
MOVE B214 58
MOVE B215 58
MOVE B216 58
MOVE B217 58
MOVE B225 100
MOVE B226 100
MOVE B227 100
MOVE B228 117
MOVE B229 117
MOVE B230 117
MOVE B231 130
MOVE B232 130
MOVE B233 130
MOVE B234 142
MOVE B235 142
MOVE B236 142
MOVE B239 186
DAMAGE TURRET B192 1
DAMAGE COMBAT A137 1
END TURN 292
TURN 293
COMMAND LEFT START
MOVE A217 0
MOVE A218 0
MOVE A220 0
MOVE A221 0
MOVE A230 0
MOVE A231 0
MOVE A232 0
MOVE A111 0
MOVE A155 0
MOVE A156 0
MOVE A235 0
MOVE A225 0
MOVE A228 0
MOVE A229 0
TRAIN 1
COMMAND LEFT END
COMMAND RIGHT START
TRAIN 3
COMMAND RIGHT END
TURN 293 RESULT
TIME LEFT 4 5 RIGHT 0 5
TRAIN A242 B246 B247 B248
MOVE A111 51
MOVE A155 51
MOVE A156 51
MOVE A158 84
MOVE A163 88
MOVE A164 35
MOVE A165 35
MOVE A166 35
MOVE A167 35
MOVE A168 35
MOVE A173 35
MOVE A174 35
MOVE A175 35
MOVE A176 35
MOVE A177 35
MOVE A178 35
MOVE A185 53
MOVE A186 53
MOVE A187 53
MOVE A188 53
MOVE A189 53
MOVE A190 53
MOVE A191 53
MOVE A192 53
MOVE A193 57
MOVE A194 57
MOVE A197 57
MOVE A199 57
MOVE A200 53
MOVE A201 57
MOVE A204 53
MOVE A205 53
MOVE A206 53
MOVE A207 53
MOVE A208 53
MOVE A210 57
MOVE A211 57
MOVE A212 57
MOVE A213 57
MOVE A214 57
MOVE A215 57
MOVE A216 57
MOVE A217 34
MOVE A218 34
MOVE A219 77
MOVE A220 34
MOVE A221 34
MOVE A222 57
MOVE A223 57
MOVE A225 113
MOVE A227 77
MOVE A228 113
MOVE A229 113
MOVE A230 34
MOVE A231 34
MOVE A232 34
MOVE A233 35
MOVE A234 35
MOVE A235 51
MOVE A236 22
MOVE A237 22
MOVE A238 34
MOVE A239 34
MOVE B181 39
MOVE B182 39
MOVE B183 39
MOVE B184 39
MOVE B185 39
MOVE B186 39
MOVE B187 39
MOVE B188 39
MOVE B189 39
MOVE B190 39
MOVE B191 39
MOVE B194 39
MOVE B195 39
MOVE B196 39
MOVE B197 39
MOVE B198 39
MOVE B199 39
MOVE B200 39
MOVE B201 39
MOVE B202 39
MOVE B203 39
MOVE B204 39
MOVE B205 39
MOVE B206 39
MOVE B207 39
MOVE B208 39
MOVE B209 39
MOVE B210 39
MOVE B212 39
MOVE B213 39
MOVE B214 39
MOVE B215 39
MOVE B216 39
MOVE B217 39
MOVE B228 100
MOVE B229 100
MOVE B230 100
MOVE B231 117
MOVE B232 117
MOVE B233 117
MOVE B234 130
MOVE B235 130
MOVE B236 130
MOVE B239 179
DAMAGE TURRET A200 2
DAMAGE COMBAT A200 3
DAMAGE COMBAT B6 3
DAMAGE COMBAT B8 6
DAMAGE COMBAT B11 5
END TURN 293
TURN 294
COMMAND LEFT START
TRAIN 1
COMMAND LEFT END
COMMAND RIGHT START
TRAIN 2
COMMAND RIGHT END
TURN 294 RESULT
TIME LEFT 4 5 RIGHT 0 5
TRAIN A243 B249 B250
MOVE A111 35
MOVE A155 35
MOVE A156 35
MOVE A158 71
MOVE A163 78
MOVE A164 34
MOVE A165 34
MOVE A166 34
MOVE A167 34
MOVE A168 34
MOVE A173 34
MOVE A174 34
MOVE A175 34
MOVE A176 34
MOVE A177 34
MOVE A178 34
MOVE A193 53
MOVE A194 53
MOVE A197 53
MOVE A199 53
MOVE A201 53
MOVE A210 53
MOVE A211 53
MOVE A212 53
MOVE A213 53
MOVE A214 53
MOVE A215 53
MOVE A216 53
MOVE A217 20
MOVE A218 20
MOVE A219 64
MOVE A220 20
MOVE A221 20
MOVE A222 53
MOVE A223 53
MOVE A225 95
MOVE A227 64
MOVE A228 95
MOVE A229 95
MOVE A230 20
MOVE A231 20
MOVE A232 20
MOVE A233 34
MOVE A234 34
MOVE A235 35
MOVE A236 26
MOVE A237 26
MOVE A238 35
MOVE A239 35
MOVE B181 15
MOVE B182 15
MOVE B183 15
MOVE B184 15
MOVE B185 15
MOVE B186 15
MOVE B187 15
MOVE B188 15
MOVE B189 15
MOVE B190 15
MOVE B191 15
MOVE B194 15
MOVE B195 15
MOVE B196 15
MOVE B197 15
MOVE B198 15
MOVE B199 15
MOVE B200 15
MOVE B201 15
MOVE B202 15
MOVE B203 15
MOVE B204 15
MOVE B205 15
MOVE B206 15
MOVE B207 15
MOVE B208 15
MOVE B209 15
MOVE B210 15
MOVE B212 15
MOVE B213 15
MOVE B214 15
MOVE B215 15
MOVE B216 15
MOVE B217 15
MOVE B231 100
MOVE B232 100
MOVE B233 100
MOVE B234 117
MOVE B235 117
MOVE B236 117
MOVE B239 172
DAMAGE TURRET A185 1
DAMAGE TURRET A200 1
DAMAGE COMBAT A185 1
DAMAGE COMBAT B11 1
SIEGE B 53 18
END TURN 294
TURN 295
COMMAND LEFT START
MOVE A238 0
MOVE A239 0
MOVE A240 71
MOVE A241 71
MOVE A242 71
MOVE A185 108
MOVE A186 108
MOVE A187 108
MOVE A188 72
MOVE A189 0
MOVE A190 0
MOVE A191 0
MOVE A192 0
MOVE A193 71
MOVE A194 0
MOVE A197 71
MOVE A199 0
MOVE A201 71
MOVE A204 0
MOVE A205 71
MOVE A206 0
MOVE A207 71
MOVE A208 0
MOVE A210 71
MOVE A211 0
MOVE A212 71
MOVE A213 0
MOVE A214 71
MOVE A215 0
MOVE A216 71
MOVE A222 0
MOVE A223 71
TRAIN 1
COMMAND LEFT END
COMMAND RIGHT START
TRAIN 3
COMMAND RIGHT END
TURN 295 RESULT
TIME LEFT 7 5 RIGHT 0 5
TRAIN A244 B251 B252 B253
MOVE A111 34
MOVE A155 34
MOVE A156 34
MOVE A163 63
MOVE A164 20
MOVE A165 20
MOVE A166 20
MOVE A167 20
MOVE A168 20
MOVE A173 20
MOVE A174 20
MOVE A175 20
MOVE A176 20
MOVE A177 20
MOVE A178 20
MOVE A185 57
MOVE A186 57
MOVE A187 57
MOVE A188 67
MOVE A189 41
MOVE A190 41
MOVE A191 41
MOVE A192 41
MOVE A193 57
MOVE A194 41
MOVE A197 57
MOVE A199 41
MOVE A201 57
MOVE A204 41
MOVE A205 57
MOVE A206 41
MOVE A207 57
MOVE A208 41
MOVE A210 57
MOVE A211 41
MOVE A212 57
MOVE A213 41
MOVE A214 57
MOVE A215 41
MOVE A216 57
MOVE A217 3
MOVE A218 3
MOVE A219 35
MOVE A220 3
MOVE A221 3
MOVE A222 41
MOVE A223 57
MOVE A225 77
MOVE A227 35
MOVE A228 77
MOVE A229 77
MOVE A230 3
MOVE A231 3
MOVE A232 3
MOVE A233 20
MOVE A234 20
MOVE A235 34
MOVE A236 42
MOVE A237 42
MOVE A238 34
MOVE A239 34
MOVE A240 3
MOVE A241 3
MOVE A242 3
MOVE B181 3
MOVE B182 3
MOVE B183 3
MOVE B184 3
MOVE B185 3
MOVE B186 3
MOVE B187 3
MOVE B188 3
MOVE B189 3
MOVE B190 3
MOVE B191 3
MOVE B194 3
MOVE B195 3
MOVE B196 3
MOVE B197 3
MOVE B198 3
MOVE B199 3
MOVE B200 3
MOVE B201 3
MOVE B202 3
MOVE B203 3
MOVE B204 3
MOVE B205 3
MOVE B206 3
MOVE B207 3
MOVE B208 3
MOVE B209 3
MOVE B210 3
MOVE B212 3
MOVE B213 3
MOVE B214 3
MOVE B215 3
MOVE B216 3
MOVE B217 3
MOVE B234 100
MOVE B235 100
MOVE B236 100
MOVE B239 159
DAMAGE COMBAT A217 7
DAMAGE COMBAT A218 7
DAMAGE COMBAT A220 7
DAMAGE COMBAT A221 7
DAMAGE COMBAT A230 6
DAMAGE COMBAT B181 8
DAMAGE COMBAT B182 2
END TURN 295
TURN 296
COMMAND LEFT START
MOVE A219 0
MOVE A227 0
MOVE A158 0
MOVE A137 0
MOVE A181 0
MOVE A202 0
MOVE A160 71
TRAIN 1
COMMAND LEFT END
COMMAND RIGHT START
MOVE B109 76
MOVE B114 76
MOVE B117 76
TRAIN 3
COMMAND RIGHT END
TURN 296 RESULT
TIME LEFT 3 5 RIGHT 0 5
TRAIN A245 B254 B255 B256
MOVE A111 20
MOVE A137 14
MOVE A155 20
MOVE A156 20
MOVE A158 51
MOVE A160 113
MOVE A163 46
MOVE A164 3
MOVE A165 3
MOVE A166 3
MOVE A167 3
MOVE A168 3
MOVE A173 3
MOVE A174 3
MOVE A175 3
MOVE A176 3
MOVE A177 3
MOVE A178 3
MOVE A181 14
MOVE A185 69
MOVE A186 69
MOVE A187 69
MOVE A188 72
MOVE A189 28
MOVE A190 28
MOVE A191 28
MOVE A192 28
MOVE A193 60
MOVE A194 28
MOVE A197 60
MOVE A199 28
MOVE A201 60
MOVE A202 14
MOVE A204 28
MOVE A205 60
MOVE A206 28
MOVE A207 60
MOVE A208 28
MOVE A210 60
MOVE A211 28
MOVE A212 60
MOVE A213 28
MOVE A214 60
MOVE A215 28
MOVE A216 60
MOVE A219 34
MOVE A222 28
MOVE A223 60
MOVE A225 68
MOVE A227 34
MOVE A228 68
MOVE A229 68
MOVE A233 3
MOVE A234 3
MOVE A235 20
MOVE A236 46
MOVE A237 46
MOVE A238 20
MOVE A239 20
MOVE B109 91
MOVE B114 91
MOVE B117 91
MOVE B239 147
DAMAGE COMBAT A164 7
DAMAGE COMBAT A165 7
DAMAGE COMBAT A166 7
DAMAGE COMBAT A167 7
DAMAGE COMBAT A168 4
DAMAGE COMBAT A230 1
DAMAGE COMBAT B182 6
DAMAGE COMBAT B183 8
DAMAGE COMBAT B184 5
END TURN 296
TURN 297
COMMAND LEFT START
MOVE A188 0
TRAIN 1
COMMAND LEFT END
COMMAND RIGHT START
MOVE B256 100
MOVE B255 100
MOVE B254 100
MOVE B253 100
MOVE B252 100
MOVE B251 100
MOVE B250 100
MOVE B249 100
MOVE B236 71
UPGRADE 147
COMMAND RIGHT END
TURN 297 RESULT
TIME LEFT 4 5 RIGHT 0 5
UPGRADE B 147
TRAIN A246
MOVE A111 3
MOVE A137 6
MOVE A155 3
MOVE A156 3
MOVE A158 35
MOVE A160 95
MOVE A181 6
MOVE A185 70
MOVE A186 70
MOVE A187 70
MOVE A188 57
MOVE A189 21
MOVE A190 21
MOVE A191 21
MOVE A192 21
MOVE A193 58
MOVE A194 21
MOVE A197 58
MOVE A199 21
MOVE A201 58
MOVE A202 6
MOVE A204 21
MOVE A205 58
MOVE A206 21
MOVE A207 58
MOVE A208 21
MOVE A210 58
MOVE A211 21
MOVE A212 58
MOVE A213 21
MOVE A214 58
MOVE A215 21
MOVE A216 58
MOVE A219 20
MOVE A222 21
MOVE A223 58
MOVE A225 45
MOVE A227 20
MOVE A228 45
MOVE A229 45
MOVE A235 3
MOVE A238 3
MOVE A239 3
MOVE B109 99
MOVE B114 99
MOVE B117 99
MOVE B236 97
MOVE B249 197
MOVE B250 197
MOVE B251 197
MOVE B252 197
MOVE B253 197
MOVE B254 197
MOVE B255 197
MOVE B256 197
DAMAGE COMBAT A111 7
DAMAGE COMBAT A155 7
DAMAGE COMBAT A156 7
DAMAGE COMBAT A168 3
DAMAGE COMBAT A173 7
DAMAGE COMBAT B184 3
DAMAGE COMBAT B185 8
DAMAGE COMBAT B186 8
DAMAGE COMBAT B187 1
END TURN 297
TURN 298
COMMAND LEFT START
TRAIN 1
COMMAND LEFT END
COMMAND RIGHT START
MOVE B235 124
MOVE B234 124
MOVE B233 124
MOVE B232 124
MOVE B231 124
MOVE B230 124
MOVE B229 124
MOVE B228 124
MOVE B227 124
MOVE B226 124
MOVE B225 124
MOVE B224 124
MOVE B223 124
MOVE B180 124
MOVE B169 124
COMMAND RIGHT END
TURN 298 RESULT
TIME LEFT 1 5 RIGHT 1 5
TRAIN A247
MOVE A137 0
MOVE A158 34
MOVE A160 84
MOVE A181 0
MOVE A185 80
MOVE A186 80
MOVE A187 80
MOVE A188 37
MOVE A189 14
MOVE A190 14
MOVE A191 14
MOVE A192 14
MOVE A193 66
MOVE A194 14
MOVE A197 66
MOVE A199 14
MOVE A201 66
MOVE A202 0
MOVE A204 14
MOVE A205 66
MOVE A206 14
MOVE A207 66
MOVE A208 14
MOVE A210 66
MOVE A211 14
MOVE A212 66
MOVE A213 14
MOVE A214 66
MOVE A215 14
MOVE A216 66
MOVE A219 3
MOVE A222 14
MOVE A223 66
MOVE A225 36
MOVE A227 3
MOVE A228 36
MOVE A229 36
MOVE B109 87
MOVE B114 87
MOVE B117 87
MOVE B169 109
MOVE B180 109
MOVE B223 109
MOVE B224 109
MOVE B225 109
MOVE B226 109
MOVE B227 109
MOVE B228 109
MOVE B229 109
MOVE B230 109
MOVE B231 109
MOVE B232 109
MOVE B233 109
MOVE B234 109
MOVE B235 109
MOVE B236 77
MOVE B249 185
MOVE B250 185
MOVE B251 185
MOVE B252 185
MOVE B253 185
MOVE B254 185
MOVE B255 185
MOVE B256 185
DAMAGE COMBAT A174 7
DAMAGE COMBAT A175 7
DAMAGE COMBAT A176 7
DAMAGE COMBAT A177 7
DAMAGE COMBAT B187 7
DAMAGE COMBAT B188 8
DAMAGE COMBAT B189 2
END TURN 298
TURN 299
COMMAND LEFT START
TRAIN 1
COMMAND LEFT END
COMMAND RIGHT START
MOVE B248 100
MOVE B247 100
MOVE B246 100
MOVE B245 100
MOVE B244 100
MOVE B243 100
MOVE B242 100
MOVE B241 100
MOVE B240 100
MOVE B238 100
MOVE B237 100
MOVE B222 100
UPGRADE 147
COMMAND RIGHT END
TURN 299 RESULT
TIME LEFT 4 5 RIGHT 0 5
UPGRADE B 147
TRAIN A248
MOVE A158 20
MOVE A160 71
MOVE A185 77
MOVE A186 77
MOVE A187 77
MOVE A188 21
MOVE A189 6
MOVE A190 6
MOVE A191 6
MOVE A192 6
MOVE A193 68
MOVE A194 6
MOVE A197 68
MOVE A199 6
MOVE A201 68
MOVE A204 6
MOVE A205 68
MOVE A206 6
MOVE A207 68
MOVE A208 6
MOVE A210 68
MOVE A211 6
MOVE A212 68
MOVE A213 6
MOVE A214 68
MOVE A215 6
MOVE A216 68
MOVE A222 6
MOVE A223 68
MOVE A225 20
MOVE A228 20
MOVE A229 20
MOVE B109 76
MOVE B114 76
MOVE B117 76
MOVE B169 101
MOVE B180 101
MOVE B222 197
MOVE B223 101
MOVE B224 101
MOVE B225 101
MOVE B226 101
MOVE B227 101
MOVE B228 101
MOVE B229 101
MOVE B230 101
MOVE B231 101
MOVE B232 101
MOVE B233 101
MOVE B234 101
MOVE B235 101
MOVE B236 71
MOVE B237 197
MOVE B238 197
MOVE B240 197
MOVE B241 197
MOVE B242 197
MOVE B243 197
MOVE B244 197
MOVE B245 197
MOVE B246 197
MOVE B247 197
MOVE B248 197
MOVE B249 161
MOVE B250 161
MOVE B251 161
MOVE B252 161
MOVE B253 161
MOVE B254 161
MOVE B255 161
MOVE B256 161
DAMAGE TURRET B236 2
DAMAGE COMBAT A93 1
DAMAGE COMBAT A178 7
DAMAGE COMBAT A219 7
DAMAGE COMBAT A227 7
DAMAGE COMBAT A231 5
DAMAGE COMBAT B189 6
DAMAGE COMBAT B190 7
DAMAGE COMBAT B236 4
END TURN 299
TURN 300
COMMAND LEFT START
MOVE A160 124
TRAIN 1
COMMAND LEFT END
COMMAND RIGHT START
MOVE B10 147
MOVE B117 100
MOVE B114 100
UPGRADE 147
COMMAND RIGHT END
TURN 300 RESULT
TIME LEFT 5 5 RIGHT 0 5
UPGRADE B 147
TRAIN A249
MOVE A158 3
MOVE A185 95
MOVE A186 95
MOVE A187 95
MOVE A188 14
MOVE A189 0
MOVE A190 0
MOVE A191 0
MOVE A192 0
MOVE A193 64
MOVE A194 0
MOVE A197 64
MOVE A199 0
MOVE A201 64
MOVE A204 0
MOVE A205 64
MOVE A206 0
MOVE A207 64
MOVE A208 0
MOVE A210 64
MOVE A211 0
MOVE A212 64
MOVE A213 0
MOVE A214 64
MOVE A215 0
MOVE A216 64
MOVE A222 0
MOVE A223 64
MOVE A225 3
MOVE A228 3
MOVE A229 3
MOVE B10 87
MOVE B114 87
MOVE B117 87
MOVE B169 113
MOVE B180 113
MOVE B222 185
MOVE B223 113
MOVE B224 113
MOVE B225 113
MOVE B226 113
MOVE B227 113
MOVE B228 113
MOVE B229 113
MOVE B230 113
MOVE B231 113
MOVE B232 113
MOVE B233 113
MOVE B234 113
MOVE B235 113
MOVE B237 185
MOVE B238 185
MOVE B240 185
MOVE B241 185
MOVE B242 185
MOVE B243 185
MOVE B244 185
MOVE B245 185
MOVE B246 185
MOVE B247 185
MOVE B248 185
MOVE B249 142
MOVE B250 142
MOVE B251 142
MOVE B252 142
MOVE B253 142
MOVE B254 142
MOVE B255 142
MOVE B256 142
DAMAGE TURRET B236 2
DAMAGE COMBAT A93 1
DAMAGE COMBAT A158 4
DAMAGE COMBAT A225 7
DAMAGE COMBAT A228 7
DAMAGE COMBAT A229 5
DAMAGE COMBAT A231 2
DAMAGE COMBAT B190 1
DAMAGE COMBAT B191 8
DAMAGE COMBAT B194 5
END TURN 300
TURN 301
COMMAND LEFT START
MOVE A191 39
MOVE A137 124
MOVE A181 124
MOVE A189 124
MOVE A190 124
TRAIN 1
COMMAND LEFT END
COMMAND RIGHT START
TRAIN 1
COMMAND RIGHT END
TURN 301 RESULT
TIME LEFT 5 5 RIGHT 0 5
TRAIN A250 B257
MOVE A137 3
MOVE A160 84
MOVE A181 3
MOVE A185 102
MOVE A186 102
MOVE A187 102
MOVE A188 6
MOVE A189 3
MOVE A190 3
MOVE A191 3
MOVE A193 71
MOVE A197 71
MOVE A201 71
MOVE A205 71
MOVE A207 71
MOVE A210 71
MOVE A212 71
MOVE A214 71
MOVE A216 71
MOVE A223 71
MOVE B10 99
MOVE B114 99
MOVE B117 99
MOVE B169 124
MOVE B180 124
MOVE B222 161
MOVE B223 124
MOVE B224 124
MOVE B225 124
MOVE B226 124
MOVE B227 124
MOVE B228 124
MOVE B229 124
MOVE B230 124
MOVE B231 124
MOVE B232 124
MOVE B233 124
MOVE B234 124
MOVE B235 124
MOVE B237 161
MOVE B238 161
MOVE B240 161
MOVE B241 161
MOVE B242 161
MOVE B243 161
MOVE B244 161
MOVE B245 161
MOVE B246 161
MOVE B247 161
MOVE B248 161
MOVE B249 130
MOVE B250 130
MOVE B251 130
MOVE B252 130
MOVE B253 130
MOVE B254 130
MOVE B255 130
MOVE B256 130
DAMAGE TURRET B169 2
DAMAGE COMBAT A137 6
DAMAGE COMBAT A161 7
DAMAGE COMBAT A181 7
DAMAGE COMBAT A189 7
DAMAGE COMBAT A190 1
DAMAGE COMBAT A209 7
DAMAGE COMBAT A229 2
DAMAGE COMBAT B169 2
DAMAGE COMBAT B194 3
DAMAGE COMBAT B195 8
DAMAGE COMBAT B196 4
SIEGE A 124 1
END TURN 301
TURN 302
COMMAND LEFT START
MOVE A193 18
MOVE A197 18
MOVE A201 18
MOVE A205 0
MOVE A207 0
MOVE A210 0
MOVE A212 0
MOVE A214 0
MOVE A216 0
MOVE A223 0
TRAIN 1
COMMAND LEFT END
COMMAND RIGHT START
MOVE B118 147
TRAIN 3
COMMAND RIGHT END
TURN 302 RESULT
TIME LEFT 2 5 RIGHT 0 5
TRAIN A251 B258 B259 B260
MOVE A160 95
MOVE A185 104
MOVE A186 104
MOVE A187 104
MOVE A188 0
MOVE A193 64
MOVE A197 64
MOVE A201 64
MOVE A205 51
MOVE A207 51
MOVE A210 51
MOVE A212 51
MOVE A214 51
MOVE A216 51
MOVE A223 51
MOVE B10 103
MOVE B114 91
MOVE B117 91
MOVE B118 194
MOVE B222 142
MOVE B237 142
MOVE B238 142
MOVE B240 142
MOVE B241 142
MOVE B242 142
MOVE B243 142
MOVE B244 142
MOVE B245 142
MOVE B246 142
MOVE B247 142
MOVE B248 142
MOVE B249 117
MOVE B250 117
MOVE B251 117
MOVE B252 117
MOVE B253 117
MOVE B254 117
MOVE B255 117
MOVE B256 117
DAMAGE TURRET B169 2
DAMAGE COMBAT A190 6
DAMAGE COMBAT A191 7
DAMAGE COMBAT A232 7
DAMAGE COMBAT A233 1
DAMAGE COMBAT B196 4
DAMAGE COMBAT B197 7
SIEGE A 124 15
END TURN 302
TURN 303
COMMAND LEFT START
MOVE A202 21
TRAIN 1
COMMAND LEFT END
COMMAND RIGHT START
MOVE B260 108
COMMAND RIGHT END
TURN 303 RESULT
TIME LEFT 4 5 RIGHT 0 5
TRAIN A252
MOVE A160 113
MOVE A185 107
MOVE A186 107
MOVE A187 107
MOVE A193 45
MOVE A197 45
MOVE A201 45
MOVE A202 6
MOVE A205 35
MOVE A207 35
MOVE A210 35
MOVE A212 35
MOVE A214 35
MOVE A216 35
MOVE A223 35
MOVE B10 117
MOVE B114 100
MOVE B117 100
MOVE B118 186
MOVE B222 130
MOVE B237 130
MOVE B238 130
MOVE B240 130
MOVE B241 130
MOVE B242 130
MOVE B243 130
MOVE B244 130
MOVE B245 130
MOVE B246 130
MOVE B247 130
MOVE B248 130
MOVE B249 100
MOVE B250 100
MOVE B251 100
MOVE B252 100
MOVE B253 100
MOVE B254 100
MOVE B255 100
MOVE B256 100
MOVE B260 194
DAMAGE TURRET B169 2
DAMAGE COMBAT A233 6
DAMAGE COMBAT A234 7
DAMAGE COMBAT A235 7
DAMAGE COMBAT B197 1
DAMAGE COMBAT B198 7
SIEGE A 124 2
END TURN 303
TURN 304
COMMAND LEFT START
MOVE A188 71
MOVE A192 71
MOVE A194 71
MOVE A199 71
MOVE A83 108
MOVE A93 108
MOVE A101 108
MOVE A204 75
MOVE A206 75
MOVE A208 75
MOVE A211 75
MOVE A213 108
MOVE A215 75
MOVE A222 108
MOVE A243 75
MOVE A244 108
MOVE A245 71
MOVE A246 75
MOVE A247 108
MOVE A248 71
MOVE A249 75
MOVE A250 108
MOVE A251 71
MOVE A252 75
TRAIN 1
COMMAND LEFT END
COMMAND RIGHT START
UPGRADE 124
COMMAND RIGHT END
TURN 304 RESULT
TIME LEFT 3 5 RIGHT 0 5
UPGRADE B 124
TRAIN A253
MOVE A83 78
MOVE A93 78
MOVE A101 78
MOVE A160 124
MOVE A185 108
MOVE A186 108
MOVE A187 108
MOVE A188 3
MOVE A192 3
MOVE A193 55
MOVE A194 3
MOVE A197 55
MOVE A199 3
MOVE A201 55
MOVE A202 14
MOVE A204 3
MOVE A205 34
MOVE A206 3
MOVE A207 34
MOVE A208 3
MOVE A210 34
MOVE A211 3
MOVE A212 34
MOVE A213 3
MOVE A214 34
MOVE A215 3
MOVE A216 34
MOVE A222 3
MOVE A223 34
MOVE A243 3
MOVE A244 3
MOVE A245 3
MOVE A246 3
MOVE A247 3
MOVE A248 3
MOVE A249 3
MOVE A250 3
MOVE A251 3
MOVE A252 3
MOVE B10 119
MOVE B118 179
MOVE B222 117
MOVE B237 117
MOVE B238 117
MOVE B240 117
MOVE B241 117
MOVE B242 117
MOVE B243 117
MOVE B244 117
MOVE B245 117
MOVE B246 117
MOVE B247 117
MOVE B248 117
MOVE B260 186
DAMAGE TURRET A160 1
DAMAGE COMBAT A160 6
DAMAGE COMBAT A188 7
DAMAGE COMBAT A192 7
DAMAGE COMBAT A194 5
DAMAGE COMBAT B180 1
DAMAGE COMBAT B198 1
DAMAGE COMBAT B199 8
DAMAGE COMBAT B200 8
DAMAGE COMBAT B201 8
DAMAGE COMBAT B202 1
END TURN 304
TURN 305
COMMAND LEFT START
MOVE A39 108
TRAIN 1
COMMAND LEFT END
COMMAND RIGHT START
UPGRADE 124
COMMAND RIGHT END
TURN 305 RESULT
TIME LEFT 2 5 RIGHT 0 5
UPGRADE B 124
TRAIN A254
MOVE A39 51
MOVE A83 75
MOVE A93 75
MOVE A101 75
MOVE A193 39
MOVE A197 39
MOVE A201 39
MOVE A202 21
MOVE A205 20
MOVE A207 20
MOVE A210 20
MOVE A212 20
MOVE A214 20
MOVE A216 20
MOVE A223 20
MOVE B10 128
MOVE B118 172
MOVE B222 100
MOVE B237 100
MOVE B238 100
MOVE B240 100
MOVE B241 100
MOVE B242 100
MOVE B243 100
MOVE B244 100
MOVE B245 100
MOVE B246 100
MOVE B247 100
MOVE B248 100
MOVE B260 182
DAMAGE COMBAT A194 2
DAMAGE COMBAT A199 7
DAMAGE COMBAT A204 6
DAMAGE COMBAT B202 7
DAMAGE COMBAT B203 8
DAMAGE COMBAT B204 8
DAMAGE COMBAT B205 1
END TURN 305
TURN 306
COMMAND LEFT START
MOVE A202 35
TRAIN 1
COMMAND LEFT END
COMMAND RIGHT START
UPGRADE 124
COMMAND RIGHT END
TURN 306 RESULT
TIME LEFT 2 5 RIGHT 0 5
UPGRADE B 124
TRAIN A255
MOVE A39 61
MOVE A83 86
MOVE A93 86
MOVE A101 86
MOVE A193 31
MOVE A197 31
MOVE A201 31
MOVE A202 31
MOVE A205 3
MOVE A207 3
MOVE A210 3
MOVE A212 3
MOVE A214 3
MOVE A216 3
MOVE A223 3
MOVE B10 133
MOVE B118 159
MOVE B260 173
DAMAGE COMBAT A204 1
DAMAGE COMBAT A205 7
DAMAGE COMBAT A206 4
DAMAGE COMBAT B205 7
DAMAGE COMBAT B206 8
DAMAGE COMBAT B207 8
DAMAGE COMBAT B208 6
END TURN 306
TURN 307
COMMAND LEFT START
TRAIN 1
COMMAND LEFT END
COMMAND RIGHT START
COMMAND RIGHT END
TURN 307 RESULT
TIME LEFT 2 5 RIGHT 0 5
TRAIN A256
MOVE A39 78
MOVE A83 108
MOVE A93 108
MOVE A101 108
MOVE A193 21
MOVE A197 21
MOVE A201 21
MOVE A202 39
MOVE B10 147
MOVE B118 147
MOVE B260 162
DAMAGE COMBAT A206 3
DAMAGE COMBAT A207 6
DAMAGE COMBAT B208 2
DAMAGE COMBAT B209 8
DAMAGE COMBAT B210 8
DAMAGE COMBAT B212 8
DAMAGE COMBAT B213 1
END TURN 307
TURN 308
COMMAND LEFT START
MOVE A185 71
MOVE A186 71
MOVE A187 71
MOVE A253 75
MOVE A254 71
MOVE A255 75
MOVE A256 71
TRAIN 1
COMMAND LEFT END
COMMAND RIGHT START
TRAIN 1
COMMAND RIGHT END
TURN 308 RESULT
TIME LEFT 2 5 RIGHT 0 5
TRAIN A257 B261
MOVE A39 75
MOVE A185 86
MOVE A186 86
MOVE A187 86
MOVE A193 18
MOVE A197 18
MOVE A201 18
MOVE A202 36
MOVE A253 3
MOVE A254 3
MOVE A255 3
MOVE A256 3
MOVE B260 150
DAMAGE COMBAT A207 1
DAMAGE COMBAT A208 4
DAMAGE COMBAT B213 7
DAMAGE COMBAT B214 8
DAMAGE COMBAT B215 8
DAMAGE COMBAT B216 7
END TURN 308
TURN 309
COMMAND LEFT START
MOVE A257 108
TRAIN 2
COMMAND LEFT END
COMMAND RIGHT START
TRAIN 3
COMMAND RIGHT END
TURN 309 RESULT
TIME LEFT 2 5 RIGHT 0 5
TRAIN A258 A259 B262 B263 B264
MOVE A39 86
MOVE A185 75
MOVE A186 75
MOVE A187 75
MOVE A202 34
MOVE A257 3
MOVE B260 146
DAMAGE COMBAT A208 2
DAMAGE COMBAT B216 1
DAMAGE COMBAT B217 8
END TURN 309
TURN 310
COMMAND LEFT START
MOVE A157 108
MOVE A258 35
MOVE A259 53
TRAIN 1
COMMAND LEFT END
COMMAND RIGHT START
MOVE B235 71
COMMAND RIGHT END
TURN 310 RESULT
TIME LEFT 6 5 RIGHT 1 5
TRAIN A260
MOVE A39 108
MOVE A157 51
MOVE A185 78
MOVE A186 78
MOVE A187 78
MOVE A202 35
MOVE A208 10
MOVE A210 0
MOVE A211 10
MOVE A212 0
MOVE A213 10
MOVE A214 0
MOVE A215 10
MOVE A216 0
MOVE A222 10
MOVE A223 0
MOVE A238 0
MOVE A239 0
MOVE A240 20
MOVE A241 20
MOVE A242 20
MOVE A243 10
MOVE A244 10
MOVE A245 20
MOVE A246 10
MOVE A247 10
MOVE A248 20
MOVE A249 10
MOVE A250 10
MOVE A251 20
MOVE A252 10
MOVE A253 10
MOVE A254 20
MOVE A255 10
MOVE A256 20
MOVE A257 10
MOVE A258 3
MOVE A259 6
MOVE B235 113
MOVE B260 126
END TURN 310
TURN 311
COMMAND LEFT START
MOVE A101 71
MOVE A210 18
MOVE A212 71
MOVE A214 71
MOVE A216 71
MOVE A223 71
MOVE A238 71
MOVE A239 71
MOVE A260 71
TRAIN 1
COMMAND LEFT END
COMMAND RIGHT START
MOVE B234 100
MOVE B233 100
MOVE B232 100
MOVE B231 100
MOVE B230 100
MOVE B229 100
MOVE B228 100
MOVE B227 100
MOVE B226 100
MOVE B225 100
MOVE B264 100
TRAIN 3
COMMAND RIGHT END
TURN 311 RESULT
TIME LEFT 9 5 RIGHT 4 5
TRAIN A261 B265 B266 B267
MOVE A101 86
MOVE A157 61
MOVE A185 71
MOVE A186 71
MOVE A187 71
MOVE A208 19
MOVE A210 6
MOVE A211 19
MOVE A212 3
MOVE A213 19
MOVE A214 3
MOVE A215 19
MOVE A216 3
MOVE A222 19
MOVE A223 3
MOVE A238 3
MOVE A239 3
MOVE A240 34
MOVE A241 34
MOVE A242 34
MOVE A243 19
MOVE A244 19
MOVE A245 34
MOVE A246 19
MOVE A247 19
MOVE A248 34
MOVE A249 19
MOVE A250 19
MOVE A251 34
MOVE A252 19
MOVE A253 19
MOVE A254 34
MOVE A255 19
MOVE A256 34
MOVE A257 19
MOVE A258 20
MOVE A259 14
MOVE A260 3
MOVE B225 113
MOVE B226 113
MOVE B227 113
MOVE B228 113
MOVE B229 113
MOVE B230 113
MOVE B231 113
MOVE B232 113
MOVE B233 113
MOVE B234 113
MOVE B235 95
MOVE B260 108
MOVE B264 197
DAMAGE TURRET B260 2
DAMAGE COMBAT A93 1
DAMAGE COMBAT B260 3
END TURN 311
TURN 312
COMMAND LEFT START
MOVE A261 71
TRAIN 2
COMMAND LEFT END
COMMAND RIGHT START
MOVE B256 53
MOVE B267 100
MOVE B266 100
MOVE B265 100
MOVE B263 100
MOVE B262 100
MOVE B261 100
MOVE B259 100
MOVE B258 100
TRAIN 3
COMMAND RIGHT END
TURN 312 RESULT
TIME LEFT 3 5 RIGHT 0 5
TRAIN A262 A263 B268 B269 B270
MOVE A101 75
MOVE A157 78
MOVE A208 22
MOVE A210 14
MOVE A211 22
MOVE A212 20
MOVE A213 22
MOVE A214 20
MOVE A215 22
MOVE A216 20
MOVE A222 22
MOVE A223 20
MOVE A238 20
MOVE A239 20
MOVE A240 35
MOVE A241 35
MOVE A242 35
MOVE A243 22
MOVE A244 22
MOVE A245 35
MOVE A246 22
MOVE A247 22
MOVE A248 35
MOVE A249 22
MOVE A250 22
MOVE A251 35
MOVE A252 22
MOVE A253 22
MOVE A254 35
MOVE A255 22
MOVE A256 35
MOVE A257 22
MOVE A258 34
MOVE A259 21
MOVE A260 20
MOVE A261 3
MOVE B225 101
MOVE B226 101
MOVE B227 101
MOVE B228 101
MOVE B229 101
MOVE B230 101
MOVE B231 101
MOVE B232 101
MOVE B233 101
MOVE B234 101
MOVE B235 84
MOVE B256 91
MOVE B258 197
MOVE B259 197
MOVE B261 197
MOVE B262 197
MOVE B263 197
MOVE B264 185
MOVE B265 197
MOVE B266 197
MOVE B267 197
DAMAGE TURRET B260 2
DAMAGE COMBAT A93 1
DAMAGE COMBAT B260 1
END TURN 312
TURN 313
COMMAND LEFT START
MOVE A262 71
MOVE A263 71
COMMAND LEFT END
COMMAND RIGHT START
MOVE B270 100
MOVE B269 100
MOVE B268 100
TRAIN 3
COMMAND RIGHT END
TURN 313 RESULT
TIME LEFT 2 5 RIGHT 0 5
TRAIN B271 B272 B273
MOVE A101 78
MOVE A157 75
MOVE A208 26
MOVE A210 18
MOVE A211 26
MOVE A212 34
MOVE A213 26
MOVE A214 34
MOVE A215 26
MOVE A216 34
MOVE A222 26
MOVE A223 34
MOVE A238 34
MOVE A239 34
MOVE A240 51
MOVE A241 51
MOVE A242 51
MOVE A243 26
MOVE A244 26
MOVE A245 51
MOVE A246 26
MOVE A247 26
MOVE A248 51
MOVE A249 26
MOVE A250 26
MOVE A251 51
MOVE A252 26
MOVE A253 26
MOVE A254 51
MOVE A255 26
MOVE A256 51
MOVE A257 26
MOVE A258 35
MOVE A259 28
MOVE A260 34
MOVE A261 20
MOVE A262 3
MOVE A263 3
MOVE B225 109
MOVE B226 109
MOVE B227 109
MOVE B228 109
MOVE B229 109
MOVE B230 109
MOVE B231 109
MOVE B232 109
MOVE B233 109
MOVE B234 109
MOVE B235 71
MOVE B256 72
MOVE B258 185
MOVE B259 185
MOVE B261 185
MOVE B262 185
MOVE B263 185
MOVE B264 161
MOVE B265 185
MOVE B266 185
MOVE B267 185
MOVE B268 197
MOVE B269 197
MOVE B270 197
DAMAGE TURRET B235 2
DAMAGE COMBAT A185 1
DAMAGE COMBAT B235 3
END TURN 313
TURN 314
COMMAND LEFT START
MOVE A210 124
COMMAND LEFT END
COMMAND RIGHT START
MOVE B255 35
MOVE B254 35
MOVE B253 35
MOVE B252 35
MOVE B251 35
MOVE B250 35
MOVE B249 35
MOVE B248 35
MOVE B247 35
MOVE B246 35
MOVE B245 35
MOVE B244 35
MOVE B243 35
MOVE B242 35
MOVE B241 35
MOVE B240 35
MOVE B238 35
MOVE B237 35
MOVE B222 35
MOVE B168 35
MOVE B121 35
COMMAND RIGHT END
TURN 314 RESULT
TIME LEFT 1 5 RIGHT 0 5
MOVE A101 71
MOVE A157 86
MOVE A208 42
MOVE A210 28
MOVE A211 42
MOVE A212 35
MOVE A213 42
MOVE A214 35
MOVE A215 42
MOVE A216 35
MOVE A222 42
MOVE A223 35
MOVE A238 35
MOVE A239 35
MOVE A240 71
MOVE A241 71
MOVE A242 71
MOVE A243 42
MOVE A244 42
MOVE A245 71
MOVE A246 42
MOVE A247 42
MOVE A248 71
MOVE A249 42
MOVE A250 42
MOVE A251 71
MOVE A252 42
MOVE A253 42
MOVE A254 71
MOVE A255 42
MOVE A256 71
MOVE A257 42
MOVE A259 41
MOVE A260 35
MOVE A261 34
MOVE A262 20
MOVE A263 20
MOVE B121 83
MOVE B168 83
MOVE B222 83
MOVE B225 100
MOVE B226 100
MOVE B227 100
MOVE B228 100
MOVE B229 100
MOVE B230 100
MOVE B231 100
MOVE B232 100
MOVE B233 100
MOVE B234 100
MOVE B237 83
MOVE B238 83
MOVE B240 83
MOVE B241 83
MOVE B242 83
MOVE B243 83
MOVE B244 83
MOVE B245 83
MOVE B246 83
MOVE B247 83
MOVE B248 83
MOVE B249 83
MOVE B250 83
MOVE B251 83
MOVE B252 83
MOVE B253 83
MOVE B254 83
MOVE B255 83
MOVE B256 67
MOVE B258 161
MOVE B259 161
MOVE B261 161
MOVE B262 161
MOVE B263 161
MOVE B264 142
MOVE B265 161
MOVE B266 161
MOVE B267 161
MOVE B268 185
MOVE B269 185
MOVE B270 185
DAMAGE TURRET B235 2
DAMAGE COMBAT A185 1
DAMAGE COMBAT B235 1
END TURN 314
TURN 315
COMMAND LEFT START
MOVE A187 77
MOVE A240 92
TRAIN 1
COMMAND LEFT END
COMMAND RIGHT START
MOVE B273 100
MOVE B272 100
MOVE B271 100
TRAIN 3
COMMAND RIGHT END
TURN 315 RESULT
TIME LEFT 5 5 RIGHT 0 5
TRAIN A264 B274 B275 B276
MOVE A157 108
MOVE A187 77
MOVE A208 56
MOVE A210 37
MOVE A211 56
MOVE A212 51
MOVE A213 46
MOVE A214 51
MOVE A215 56
MOVE A216 51
MOVE A222 46
MOVE A223 51
MOVE A238 51
MOVE A239 51
MOVE A240 77
MOVE A243 56
MOVE A244 46
MOVE A246 56
MOVE A247 46
MOVE A249 56
MOVE A250 46
MOVE A252 56
MOVE A253 56
MOVE A255 56
MOVE A257 46
MOVE A259 53
MOVE A260 51
MOVE A261 35
MOVE A262 34
MOVE A263 34
MOVE B121 80
MOVE B168 80
MOVE B222 80
MOVE B237 80
MOVE B238 80
MOVE B240 80
MOVE B241 80
MOVE B242 80
MOVE B243 80
MOVE B244 80
MOVE B245 80
MOVE B246 80
MOVE B247 80
MOVE B248 80
MOVE B249 80
MOVE B250 80
MOVE B251 80
MOVE B252 80
MOVE B253 80
MOVE B254 80
MOVE B255 80
MOVE B256 53
MOVE B258 142
MOVE B259 142
MOVE B261 142
MOVE B262 142
MOVE B263 142
MOVE B264 130
MOVE B265 142
MOVE B266 142
MOVE B267 142
MOVE B268 161
MOVE B269 161
MOVE B270 161
MOVE B271 197
MOVE B272 197
MOVE B273 197
DAMAGE COMBAT A259 1
DAMAGE COMBAT B256 1
END TURN 315
TURN 316
COMMAND LEFT START
MOVE A187 71
MOVE A241 101
MOVE A264 71
MOVE A157 71
TRAIN 2
COMMAND LEFT END
COMMAND RIGHT START
MOVE B276 100
MOVE B275 100
MOVE B274 100
TRAIN 3
COMMAND RIGHT END
TURN 316 RESULT
TIME LEFT 5 5 RIGHT 0 5
TRAIN A265 A266 B277 B278 B279
MOVE A157 86
MOVE A187 71
MOVE A208 63
MOVE A210 60
MOVE A211 63
MOVE A212 71
MOVE A213 59
MOVE A214 71
MOVE A215 63
MOVE A216 71
MOVE A222 59
MOVE A223 71
MOVE A238 71
MOVE A239 71
MOVE A240 80
MOVE A241 84
MOVE A243 63
MOVE A244 59
MOVE A246 63
MOVE A247 59
MOVE A249 63
MOVE A250 59
MOVE A252 63
MOVE A253 63
MOVE A255 63
MOVE A257 59
MOVE A260 71
MOVE A261 51
MOVE A262 35
MOVE A263 35
MOVE A264 3
MOVE B121 68
MOVE B168 68
MOVE B222 68
MOVE B237 68
MOVE B238 68
MOVE B240 68
MOVE B241 68
MOVE B242 68
MOVE B243 68
MOVE B244 68
MOVE B245 68
MOVE B246 68
MOVE B247 68
MOVE B248 68
MOVE B249 68
MOVE B250 68
MOVE B251 68
MOVE B252 68
MOVE B253 68
MOVE B254 68
MOVE B255 68
MOVE B258 130
MOVE B259 130
MOVE B261 130
MOVE B262 130
MOVE B263 130
MOVE B264 117
MOVE B265 130
MOVE B266 130
MOVE B267 130
MOVE B268 142
MOVE B269 142
MOVE B270 142
MOVE B271 185
MOVE B272 185
MOVE B273 185
MOVE B274 197
MOVE B275 197
MOVE B276 197
DAMAGE COMBAT A259 1
DAMAGE COMBAT B256 1
END TURN 316
TURN 317
COMMAND LEFT START
MOVE A187 35
MOVE A212 35
MOVE A214 35
MOVE A216 35
MOVE A223 35
MOVE A238 35
MOVE A239 35
MOVE A242 35
MOVE A245 35
MOVE A248 35
MOVE A251 35
MOVE A254 35
MOVE A256 35
MOVE A260 35
MOVE A101 35
MOVE A185 35
MOVE A265 35
MOVE A266 35
TRAIN 2
COMMAND LEFT END
COMMAND RIGHT START
MOVE B279 100
MOVE B278 100
MOVE B277 100
TRAIN 3
COMMAND RIGHT END
TURN 317 RESULT
TIME LEFT 5 5 RIGHT 2 5
TRAIN A267 A268 B280 B281 B282
MOVE A101 51
MOVE A157 75
MOVE A185 51
MOVE A187 51
MOVE A208 75
MOVE A210 58
MOVE A211 75
MOVE A212 51
MOVE A213 79
MOVE A214 51
MOVE A215 75
MOVE A216 51
MOVE A222 79
MOVE A223 51
MOVE A238 51
MOVE A239 51
MOVE A240 83
MOVE A241 95
MOVE A242 51
MOVE A243 75
MOVE A244 79
MOVE A245 51
MOVE A246 75
MOVE A247 79
MOVE A248 51
MOVE A249 75
MOVE A250 79
MOVE A251 51
MOVE A252 75
MOVE A253 75
MOVE A254 51
MOVE A255 75
MOVE A256 51
MOVE A257 79
MOVE A260 51
MOVE A261 71
MOVE A262 51
MOVE A263 51
MOVE A264 20
MOVE A265 3
MOVE A266 3
MOVE B121 45
MOVE B168 45
MOVE B222 45
MOVE B237 45
MOVE B238 45
MOVE B240 45
MOVE B241 45
MOVE B242 45
MOVE B243 45
MOVE B244 45
MOVE B245 45
MOVE B246 45
MOVE B247 45
MOVE B248 45
MOVE B249 45
MOVE B250 45
MOVE B251 45
MOVE B252 45
MOVE B253 45
MOVE B254 45
MOVE B255 45
MOVE B258 117
MOVE B259 117
MOVE B261 117
MOVE B262 117
MOVE B263 117
MOVE B264 100
MOVE B265 117
MOVE B266 117
MOVE B267 117
MOVE B268 130
MOVE B269 130
MOVE B270 130
MOVE B271 161
MOVE B272 161
MOVE B273 161
MOVE B274 185
MOVE B275 185
MOVE B276 185
MOVE B277 197
MOVE B278 197
MOVE B279 197
DAMAGE COMBAT A259 1
DAMAGE COMBAT B256 1
END TURN 317
TURN 318
COMMAND LEFT START
MOVE A186 35
MOVE A267 71
MOVE A268 71
MOVE A211 71
MOVE A215 71
MOVE A224 71
MOVE A243 71
MOVE A246 71
MOVE A249 71
MOVE A252 71
MOVE A253 71
MOVE A255 35
TRAIN 1
COMMAND LEFT END
COMMAND RIGHT START
MOVE B282 100
MOVE B281 100
MOVE B280 100
TRAIN 3
COMMAND RIGHT END
TURN 318 RESULT
TIME LEFT 2 5 RIGHT 0 5
TRAIN A269 B283 B284 B285
MOVE A101 35
MOVE A157 78
MOVE A185 35
MOVE A186 51
MOVE A187 35
MOVE A210 66
MOVE A211 78
MOVE A212 35
MOVE A213 108
MOVE A214 35
MOVE A215 78
MOVE A216 35
MOVE A222 108
MOVE A223 35
MOVE A224 78
MOVE A238 35
MOVE A239 35
MOVE A240 81
MOVE A241 101
MOVE A242 35
MOVE A243 78
MOVE A244 108
MOVE A245 35
MOVE A246 78
MOVE A247 108
MOVE A248 35
MOVE A249 78
MOVE A250 108
MOVE A251 35
MOVE A252 78
MOVE A253 78
MOVE A254 35
MOVE A255 78
MOVE A256 35
MOVE A257 108
MOVE A260 35
MOVE A262 71
MOVE A263 71
MOVE A264 34
MOVE A265 20
MOVE A266 20
MOVE A267 3
MOVE A268 3
MOVE B121 35
MOVE B168 35
MOVE B222 35
MOVE B237 35
MOVE B238 35
MOVE B240 35
MOVE B241 35
MOVE B242 35
MOVE B243 35
MOVE B244 35
MOVE B245 35
MOVE B246 35
MOVE B247 35
MOVE B248 35
MOVE B249 35
MOVE B250 35
MOVE B251 35
MOVE B252 35
MOVE B253 35
MOVE B254 35
MOVE B255 35
MOVE B258 100
MOVE B259 100
MOVE B261 100
MOVE B262 100
MOVE B263 100
MOVE B265 100
MOVE B266 100
MOVE B267 100
MOVE B268 117
MOVE B269 117
MOVE B270 117
MOVE B271 142
MOVE B272 142
MOVE B273 142
MOVE B274 161
MOVE B275 161
MOVE B276 161
MOVE B277 185
MOVE B278 185
MOVE B279 185
MOVE B280 197
MOVE B281 197
MOVE B282 197
DAMAGE TURRET B121 2
DAMAGE COMBAT A101 7
DAMAGE COMBAT A185 3
DAMAGE COMBAT A187 7
DAMAGE COMBAT A202 4
DAMAGE COMBAT A259 1
DAMAGE COMBAT B121 6
DAMAGE COMBAT B168 8
DAMAGE COMBAT B222 5
DAMAGE COMBAT B256 1
END TURN 318
TURN 319
COMMAND LEFT START
MOVE A214 71
MOVE A216 71
MOVE A223 71
MOVE A238 71
MOVE A239 71
MOVE A241 128
MOVE A269 71
MOVE A213 71
MOVE A222 71
MOVE A244 71
MOVE A247 71
MOVE A250 71
MOVE A257 71
TRAIN 1
COMMAND LEFT END
COMMAND RIGHT START
MOVE B267 71
MOVE B266 71
MOVE B265 71
MOVE B264 71
MOVE B263 71
MOVE B262 71
MOVE B261 71
MOVE B259 71
MOVE B258 71
MOVE B234 71
MOVE B233 71
MOVE B232 71
MOVE B231 71
MOVE B230 71
MOVE B229 71
MOVE B228 71
MOVE B227 71
MOVE B226 71
MOVE B225 71
COMMAND RIGHT END
TURN 319 RESULT
TIME LEFT 5 5 RIGHT 0 5
TRAIN A270
MOVE A157 71
MOVE A186 35
MOVE A210 80
MOVE A211 71
MOVE A213 86
MOVE A215 71
MOVE A222 86
MOVE A224 71
MOVE A240 72
MOVE A241 128
MOVE A243 71
MOVE A244 86
MOVE A246 71
MOVE A247 86
MOVE A249 71
MOVE A250 86
MOVE A252 71
MOVE A253 71
MOVE A255 61
MOVE A257 86
MOVE A264 35
MOVE A265 34
MOVE A266 34
MOVE A267 20
MOVE A268 20
MOVE A269 3
MOVE B225 97
MOVE B226 97
MOVE B227 97
MOVE B228 97
MOVE B229 97
MOVE B230 97
MOVE B231 97
MOVE B232 97
MOVE B233 97
MOVE B234 97
MOVE B258 97
MOVE B259 97
MOVE B261 97
MOVE B262 97
MOVE B263 97
MOVE B264 97
MOVE B265 97
MOVE B266 97
MOVE B267 97
MOVE B268 100
MOVE B269 100
MOVE B270 100
MOVE B271 130
MOVE B272 130
MOVE B273 130
MOVE B274 142
MOVE B275 142
MOVE B276 142
MOVE B277 161
MOVE B278 161
MOVE B279 161
MOVE B280 185
MOVE B281 185
MOVE B282 185
DAMAGE TURRET B222 2
DAMAGE COMBAT A186 7
DAMAGE COMBAT A202 3
DAMAGE COMBAT A203 7
DAMAGE COMBAT A212 2
DAMAGE COMBAT A259 1
DAMAGE COMBAT B222 1
DAMAGE COMBAT B237 8
DAMAGE COMBAT B238 8
DAMAGE COMBAT B240 1
DAMAGE COMBAT B256 1
END TURN 319
TURN 320
COMMAND LEFT START
MOVE A241 163
MOVE A270 71
TRAIN 2
COMMAND LEFT END
COMMAND RIGHT START
MOVE B285 100
MOVE B284 100
MOVE B283 100
TRAIN 3
COMMAND RIGHT END
TURN 320 RESULT
TIME LEFT 5 5 RIGHT 0 5
TRAIN A271 A272 B286 B287 B288
MOVE A210 97
MOVE A213 75
MOVE A222 75
MOVE A240 87
MOVE A241 143
MOVE A244 75
MOVE A247 75
MOVE A250 75
MOVE A255 51
MOVE A257 75
MOVE A265 35
MOVE A266 35
MOVE A267 34
MOVE A268 34
MOVE A269 20
MOVE A270 3
MOVE B225 77
MOVE B226 77
MOVE B227 77
MOVE B228 77
MOVE B229 77
MOVE B230 77
MOVE B231 77
MOVE B232 77
MOVE B233 77
MOVE B234 77
MOVE B258 77
MOVE B259 77
MOVE B261 77
MOVE B262 77
MOVE B263 77
MOVE B264 77
MOVE B265 77
MOVE B266 77
MOVE B267 77
MOVE B271 117
MOVE B272 117
MOVE B273 117
MOVE B274 130
MOVE B275 130
MOVE B276 130
MOVE B277 142
MOVE B278 142
MOVE B279 142
MOVE B280 161
MOVE B281 161
MOVE B282 161
MOVE B283 197
MOVE B284 197
MOVE B285 197
DAMAGE TURRET B240 2
DAMAGE COMBAT A212 5
DAMAGE COMBAT A214 7
DAMAGE COMBAT A216 4
DAMAGE COMBAT A259 1
DAMAGE COMBAT B240 5
DAMAGE COMBAT B241 8
DAMAGE COMBAT B242 4
DAMAGE COMBAT B256 1
END TURN 320
TURN 321
COMMAND LEFT START
MOVE A271 71
MOVE A272 71
TRAIN 2
COMMAND LEFT END
COMMAND RIGHT START
MOVE B17 76
MOVE B30 76
MOVE B2 76
MOVE B114 125
MOVE B117 125
MOVE B218 92
MOVE B288 100
MOVE B287 100
TRAIN 3
COMMAND RIGHT END
TURN 321 RESULT
TIME LEFT 3 5 RIGHT 0 5
TRAIN A273 A274 B289 B290 B291
MOVE A210 101
MOVE A213 78
MOVE A222 78
MOVE A240 98
MOVE A241 163
MOVE A244 78
MOVE A247 78
MOVE A250 78
MOVE A255 35
MOVE A257 78
MOVE A267 35
MOVE A268 35
MOVE A269 34
MOVE A270 20
MOVE A271 3
MOVE A272 3
MOVE B2 93
MOVE B17 110
MOVE B30 110
MOVE B114 103
MOVE B117 103
MOVE B218 197
MOVE B225 71
MOVE B226 71
MOVE B227 71
MOVE B228 71
MOVE B229 71
MOVE B230 71
MOVE B231 71
MOVE B232 71
MOVE B233 71
MOVE B234 71
MOVE B258 71
MOVE B259 71
MOVE B261 71
MOVE B262 71
MOVE B263 71
MOVE B264 71
MOVE B265 71
MOVE B266 71
MOVE B267 71
MOVE B271 100
MOVE B272 100
MOVE B273 100
MOVE B274 117
MOVE B275 117
MOVE B276 117
MOVE B277 130
MOVE B278 130
MOVE B279 130
MOVE B280 142
MOVE B281 142
MOVE B282 142
MOVE B283 185
MOVE B284 185
MOVE B285 185
MOVE B287 197
MOVE B288 197
DAMAGE TURRET B225 2
DAMAGE TURRET B242 2
DAMAGE COMBAT A157 7
DAMAGE COMBAT A211 7
DAMAGE COMBAT A215 5
DAMAGE COMBAT A216 3
DAMAGE COMBAT A223 7
DAMAGE COMBAT A238 4
DAMAGE COMBAT A259 1
DAMAGE COMBAT B225 6
DAMAGE COMBAT B226 6
DAMAGE COMBAT B242 2
DAMAGE COMBAT B243 8
DAMAGE COMBAT B244 8
DAMAGE COMBAT B256 1
END TURN 321
TURN 322
COMMAND LEFT START
MOVE A251 58
MOVE A273 18
MOVE A274 18
MOVE A241 108
TRAIN 2
COMMAND LEFT END
COMMAND RIGHT START
MOVE B273 18
MOVE B291 100
MOVE B290 100
MOVE B289 100
UPGRADE 53
COMMAND RIGHT END
TURN 322 RESULT
TIME LEFT 6 5 RIGHT 0 5
UPGRADE B 53
TRAIN A275 A276
MOVE A210 113
MOVE A213 71
MOVE A222 71
MOVE A240 96
MOVE A241 159
MOVE A244 71
MOVE A247 71
MOVE A250 71
MOVE A257 71
MOVE A269 35
MOVE A270 34
MOVE A271 20
MOVE A272 20
MOVE A273 6
MOVE A274 6
MOVE B2 96
MOVE B17 96
MOVE B30 96
MOVE B114 123
MOVE B117 123
MOVE B218 190
MOVE B273 81
MOVE B274 100
MOVE B275 100
MOVE B276 100
MOVE B277 117
MOVE B278 117
MOVE B279 117
MOVE B280 130
MOVE B281 130
MOVE B282 130
MOVE B283 161
MOVE B284 161
MOVE B285 161
MOVE B287 185
MOVE B288 185
MOVE B289 197
MOVE B290 197
MOVE B291 197
DAMAGE TURRET B226 2
DAMAGE TURRET B245 2
DAMAGE COMBAT A213 7
DAMAGE COMBAT A215 2
DAMAGE COMBAT A222 7
DAMAGE COMBAT A224 2
DAMAGE COMBAT A238 3
DAMAGE COMBAT A239 7
DAMAGE COMBAT A240 3
DAMAGE COMBAT A242 1
DAMAGE COMBAT B2 1
DAMAGE COMBAT B227 8
DAMAGE COMBAT B228 8
DAMAGE COMBAT B245 6
DAMAGE COMBAT B246 8
DAMAGE COMBAT B247 3
END TURN 322
TURN 323
COMMAND LEFT START
MOVE A275 18
MOVE A276 108
MOVE A254 18
MOVE A255 108
MOVE A256 18
MOVE A258 108
MOVE A260 18
MOVE A265 108
MOVE A266 18
TRAIN 2
COMMAND LEFT END
COMMAND RIGHT START
UPGRADE 53
COMMAND RIGHT END
TURN 323 RESULT
TIME LEFT 1 5 RIGHT 0 5
UPGRADE B 53
TRAIN A277 A278
MOVE A210 124
MOVE A241 153
MOVE A270 35
MOVE A271 34
MOVE A272 34
MOVE A273 14
MOVE A274 14
MOVE A275 6
MOVE A276 3
MOVE B114 129
MOVE B117 129
MOVE B218 181
MOVE B273 69
MOVE B277 100
MOVE B278 100
MOVE B279 100
MOVE B280 117
MOVE B281 117
MOVE B282 117
MOVE B283 142
MOVE B284 142
MOVE B285 142
MOVE B287 161
MOVE B288 161
MOVE B289 185
MOVE B290 185
MOVE B291 185
DAMAGE TURRET A210 2
DAMAGE TURRET B229 2
DAMAGE TURRET B247 2
DAMAGE COMBAT A210 3
DAMAGE COMBAT A224 5
DAMAGE COMBAT A240 2
DAMAGE COMBAT A242 6
DAMAGE COMBAT A243 7
DAMAGE COMBAT A244 3
DAMAGE COMBAT A245 3
DAMAGE COMBAT B17 1
DAMAGE COMBAT B180 1
DAMAGE COMBAT B229 6
DAMAGE COMBAT B230 7
DAMAGE COMBAT B247 3
DAMAGE COMBAT B248 8
DAMAGE COMBAT B249 5
END TURN 323
TURN 324
COMMAND LEFT START
MOVE A277 108
MOVE A278 108
MOVE A210 18
TRAIN 2
COMMAND LEFT END
COMMAND RIGHT START
MOVE B268 53
UPGRADE 53
COMMAND RIGHT END
TURN 324 RESULT
TIME LEFT 1 5 RIGHT 0 5
UPGRADE B 53
TRAIN A279 A280
MOVE A241 150
MOVE A271 35
MOVE A272 35
MOVE A273 18
MOVE A274 18
MOVE A275 14
MOVE A276 10
MOVE A277 3
MOVE A278 3
MOVE B114 122
MOVE B117 122
MOVE B218 178
MOVE B268 91
MOVE B273 60
MOVE B280 100
MOVE B281 100
MOVE B282 100
MOVE B283 130
MOVE B284 130
MOVE B285 130
MOVE B287 142
MOVE B288 142
MOVE B289 161
MOVE B290 161
MOVE B291 161
DAMAGE TURRET A210 2
DAMAGE TURRET B230 1
DAMAGE TURRET B231 1
DAMAGE TURRET B249 2
DAMAGE COMBAT A240 2
DAMAGE COMBAT A244 4
DAMAGE COMBAT A245 4
DAMAGE COMBAT A246 7
DAMAGE COMBAT A247 3
DAMAGE COMBAT A248 3
DAMAGE COMBAT B17 1
DAMAGE COMBAT B180 1
DAMAGE COMBAT B231 7
DAMAGE COMBAT B232 4
DAMAGE COMBAT B249 1
DAMAGE COMBAT B250 8
DAMAGE COMBAT B251 8
END TURN 324
TURN 325
COMMAND LEFT START
MOVE A279 18
MOVE A280 18
TRAIN 2
COMMAND LEFT END
COMMAND RIGHT START
MOVE B269 53
TRAIN 3
COMMAND RIGHT END
TURN 325 RESULT
TIME LEFT 1 5 RIGHT 0 5
TRAIN A281 A282 B292 B293 B294
MOVE A241 146
MOVE A275 18
MOVE A276 19
MOVE A277 10
MOVE A278 10
MOVE A279 6
MOVE A280 6
MOVE B17 85
MOVE B30 85
MOVE B114 125
MOVE B117 125
MOVE B218 174
MOVE B268 72
MOVE B269 91
MOVE B273 37
MOVE B283 117
MOVE B284 117
MOVE B285 117
MOVE B287 130
MOVE B288 130
MOVE B289 142
MOVE B290 142
MOVE B291 142
DAMAGE TURRET B232 2
DAMAGE TURRET B252 2
DAMAGE COMBAT A247 4
DAMAGE COMBAT A248 4
DAMAGE COMBAT A249 7
DAMAGE COMBAT A250 1
DAMAGE COMBAT B232 2
DAMAGE COMBAT B233 7
DAMAGE COMBAT B252 6
DAMAGE COMBAT B253 8
DAMAGE COMBAT B254 2
END TURN 325
TURN 326
COMMAND LEFT START
MOVE A281 18
MOVE A282 18
TRAIN 2
COMMAND LEFT END
COMMAND RIGHT START
MOVE B282 108
MOVE B294 100
MOVE B293 100
MOVE B292 100
COMMAND RIGHT END
TURN 326 RESULT
TIME LEFT 1 5 RIGHT 0 5
TRAIN A283 A284
MOVE A241 126
MOVE A276 22
MOVE A277 19
MOVE A278 19
MOVE A279 14
MOVE A280 14
MOVE A281 6
MOVE A282 6
MOVE B17 76
MOVE B30 76
MOVE B218 158
MOVE B268 67
MOVE B269 72
MOVE B273 28
MOVE B282 109
MOVE B283 100
MOVE B284 100
MOVE B285 100
MOVE B287 117
MOVE B288 117
MOVE B289 130
MOVE B290 130
MOVE B291 130
MOVE B292 197
MOVE B293 197
MOVE B294 197
DAMAGE TURRET B233 1
DAMAGE TURRET B234 1
DAMAGE TURRET B254 2
DAMAGE COMBAT A250 6
DAMAGE COMBAT A251 2
DAMAGE COMBAT A252 5
DAMAGE COMBAT B234 7
DAMAGE COMBAT B254 4
DAMAGE COMBAT B255 8
END TURN 326
TURN 327
COMMAND LEFT START
MOVE A283 35
MOVE A284 35
TRAIN 2
COMMAND LEFT END
COMMAND RIGHT START
MOVE B109 100
MOVE B30 100
TRAIN 2
COMMAND RIGHT END
TURN 327 RESULT
TIME LEFT 1 5 RIGHT 0 5
TRAIN A285 A286 B295 B296
MOVE A241 108
MOVE A251 45
MOVE A254 34
MOVE A255 51
MOVE A256 34
MOVE A258 51
MOVE A260 34
MOVE A264 51
MOVE A265 51
MOVE A266 34
MOVE A267 51
MOVE A268 51
MOVE A269 51
MOVE A270 51
MOVE A271 51
MOVE A272 51
MOVE A276 26
MOVE A277 22
MOVE A278 22
MOVE A279 18
MOVE A280 18
MOVE A281 14
MOVE A282 14
MOVE A283 3
MOVE A284 3
MOVE B30 87
MOVE B109 87
MOVE B218 154
MOVE B268 53
MOVE B269 67
MOVE B273 18
MOVE B282 101
MOVE B287 100
MOVE B288 100
MOVE B289 117
MOVE B290 117
MOVE B291 117
MOVE B292 185
MOVE B293 185
MOVE B294 185
DAMAGE TURRET B258 2
DAMAGE TURRET B273 2
DAMAGE COMBAT A193 1
DAMAGE COMBAT A252 2
DAMAGE COMBAT A253 7
DAMAGE COMBAT B258 6
DAMAGE COMBAT B273 6
END TURN 327
TURN 328
COMMAND LEFT START
MOVE A285 35
MOVE A286 108
TRAIN 2
COMMAND LEFT END
COMMAND RIGHT START
MOVE B296 100
TRAIN 3
COMMAND RIGHT END
TURN 328 RESULT
TIME LEFT 2 5 RIGHT 0 5
TRAIN A287 A288 B297 B298 B299
MOVE A251 55
MOVE A254 36
MOVE A255 61
MOVE A256 36
MOVE A258 61
MOVE A260 36
MOVE A264 71
MOVE A265 61
MOVE A266 36
MOVE A267 71
MOVE A268 71
MOVE A269 71
MOVE A270 71
MOVE A271 71
MOVE A272 71
MOVE A276 42
MOVE A277 26
MOVE A278 26
MOVE A281 18
MOVE A282 18
MOVE A283 20
MOVE A284 20
MOVE A285 3
MOVE A286 3
MOVE B30 99
MOVE B109 99
MOVE B218 141
MOVE B269 53
MOVE B282 95
MOVE B289 100
MOVE B290 100
MOVE B291 100
MOVE B292 161
MOVE B293 161
MOVE B294 161
MOVE B296 197
DAMAGE TURRET B259 2
DAMAGE COMBAT A257 7
DAMAGE COMBAT A261 1
DAMAGE COMBAT B259 6
DAMAGE COMBAT B261 5
END TURN 328
TURN 329
COMMAND LEFT START
MOVE A287 108
MOVE A288 108
TRAIN 2
COMMAND LEFT END
COMMAND RIGHT START
MOVE B291 35
MOVE B290 35
MOVE B289 35
MOVE B288 35
MOVE B287 35
MOVE B285 35
MOVE B284 35
MOVE B283 35
MOVE B281 35
MOVE B280 35
MOVE B279 35
MOVE B278 35
MOVE B277 35
MOVE B276 35
MOVE B275 35
MOVE B274 35
MOVE B272 35
COMMAND RIGHT END
TURN 329 RESULT
TIME LEFT 2 5 RIGHT 0 5
TRAIN A289 A290
MOVE A251 58
MOVE A254 39
MOVE A255 78
MOVE A256 39
MOVE A258 78
MOVE A260 39
MOVE A265 78
MOVE A266 39
MOVE A276 46
MOVE A277 42
MOVE A278 42
MOVE A283 34
MOVE A284 34
MOVE A285 20
MOVE A286 10
MOVE A287 3
MOVE A288 3
MOVE B30 91
MOVE B109 91
MOVE B218 121
MOVE B272 83
MOVE B274 83
MOVE B275 83
MOVE B276 83
MOVE B277 83
MOVE B278 83
MOVE B279 83
MOVE B280 83
MOVE B281 83
MOVE B282 102
MOVE B283 83
MOVE B284 83
MOVE B285 83
MOVE B287 83
MOVE B288 83
MOVE B289 83
MOVE B290 83
MOVE B291 83
MOVE B292 142
MOVE B293 142
MOVE B294 142
MOVE B296 185
DAMAGE TURRET B261 2
DAMAGE COMBAT A261 6
DAMAGE COMBAT A262 1
DAMAGE COMBAT B261 1
DAMAGE COMBAT B262 8
DAMAGE COMBAT B263 1
END TURN 329
TURN 330
COMMAND LEFT START
MOVE A241 71
MOVE A251 71
MOVE A289 71
MOVE A290 71
MOVE A273 27
MOVE A274 53
TRAIN 2
COMMAND LEFT END
COMMAND RIGHT START
MOVE B299 100
MOVE B298 100
MOVE B297 100
MOVE B295 100
TRAIN 3
COMMAND RIGHT END
TURN 330 RESULT
TIME LEFT 5 5 RIGHT 0 5
TRAIN A291 A292 B300 B301 B302
MOVE A241 86
MOVE A251 66
MOVE A254 31
MOVE A255 75
MOVE A256 31
MOVE A258 75
MOVE A260 31
MOVE A265 75
MOVE A266 31
MOVE A273 27
MOVE A274 28
MOVE A276 59
MOVE A277 46
MOVE A278 46
MOVE A283 35
MOVE A284 35
MOVE A285 34
MOVE A286 19
MOVE A287 10
MOVE A288 10
MOVE A289 3
MOVE A290 3
MOVE B30 100
MOVE B109 100
MOVE B218 92
MOVE B272 80
MOVE B274 80
MOVE B275 80
MOVE B276 80
MOVE B277 80
MOVE B278 80
MOVE B279 80
MOVE B280 80
MOVE B281 80
MOVE B282 104
MOVE B283 80
MOVE B284 80
MOVE B285 80
MOVE B287 80
MOVE B288 80
MOVE B289 80
MOVE B290 80
MOVE B291 80
MOVE B292 130
MOVE B293 130
MOVE B294 130
MOVE B295 197
MOVE B296 161
MOVE B297 197
MOVE B298 197
MOVE B299 197
DAMAGE TURRET B263 2
DAMAGE COMBAT A262 5
DAMAGE COMBAT B263 5
DAMAGE COMBAT B264 4
END TURN 330
TURN 331
COMMAND LEFT START
MOVE A291 71
MOVE A292 71
MOVE A267 101
MOVE A273 18
TRAIN 2
COMMAND LEFT END
COMMAND RIGHT START
MOVE B302 100
MOVE B301 46
MOVE B300 100
TRAIN 2
COMMAND RIGHT END
TURN 331 RESULT
TIME LEFT 5 5 RIGHT 0 5
TRAIN A293 A294 B303 B304
MOVE A241 75
MOVE A251 68
MOVE A254 21
MOVE A255 86
MOVE A256 21
MOVE A258 86
MOVE A260 21
MOVE A265 86
MOVE A266 21
MOVE A273 18
MOVE A274 41
MOVE A276 79
MOVE A277 59
MOVE A278 59
MOVE A285 35
MOVE A286 22
MOVE A287 19
MOVE A288 19
MOVE A289 20
MOVE A290 20
MOVE A291 3
MOVE A292 3
MOVE B272 68
MOVE B274 68
MOVE B275 68
MOVE B276 68
MOVE B277 68
MOVE B278 68
MOVE B279 68
MOVE B280 68
MOVE B281 68
MOVE B282 107
MOVE B283 68
MOVE B284 68
MOVE B285 68
MOVE B287 68
MOVE B288 68
MOVE B289 68
MOVE B290 68
MOVE B291 68
MOVE B292 117
MOVE B293 117
MOVE B294 117
MOVE B295 185
MOVE B296 142
MOVE B297 185
MOVE B298 185
MOVE B299 185
MOVE B300 197
MOVE B301 194
MOVE B302 197
DAMAGE TURRET B264 2
DAMAGE COMBAT A251 5
DAMAGE COMBAT A262 1
DAMAGE COMBAT A263 3
DAMAGE COMBAT B264 2
DAMAGE COMBAT B265 7
DAMAGE COMBAT B272 1
END TURN 331
TURN 332
COMMAND LEFT START
MOVE A269 35
MOVE A270 35
MOVE A271 35
MOVE A272 35
MOVE A293 35
MOVE A294 35
MOVE A163 35
MOVE A236 35
MOVE A237 35
MOVE A273 35
MOVE A275 35
MOVE A279 35
MOVE A280 35
MOVE A281 35
MOVE A282 35
TRAIN 2
COMMAND LEFT END
COMMAND RIGHT START
MOVE B304 100
MOVE B303 100
TRAIN 3
COMMAND RIGHT END
TURN 332 RESULT
TIME LEFT 2 5 RIGHT 0 5
TRAIN A295 A296 B305 B306 B307
MOVE A163 42
MOVE A236 42
MOVE A237 42
MOVE A241 78
MOVE A254 18
MOVE A255 108
MOVE A256 18
MOVE A258 108
MOVE A260 18
MOVE A265 108
MOVE A266 18
MOVE A273 21
MOVE A274 53
MOVE A275 21
MOVE A276 108
MOVE A277 79
MOVE A278 79
MOVE A279 21
MOVE A280 21
MOVE A281 21
MOVE A282 21
MOVE A286 26
MOVE A287 22
MOVE A288 22
MOVE A289 34
MOVE A290 34
MOVE A291 20
MOVE A292 20
MOVE A293 3
MOVE A294 3
MOVE B272 45
MOVE B274 45
MOVE B275 45
MOVE B276 45
MOVE B277 45
MOVE B278 45
MOVE B279 45
MOVE B280 45
MOVE B281 45
MOVE B282 108
MOVE B283 45
MOVE B284 45
MOVE B285 45
MOVE B287 45
MOVE B288 45
MOVE B289 45
MOVE B290 45
MOVE B291 45
MOVE B292 100
MOVE B293 100
MOVE B294 100
MOVE B295 161
MOVE B296 130
MOVE B297 161
MOVE B298 161
MOVE B299 161
MOVE B300 185
MOVE B301 186
MOVE B302 185
MOVE B303 197
MOVE B304 197
DAMAGE TURRET A274 2
DAMAGE TURRET B265 1
DAMAGE TURRET B266 1
DAMAGE TURRET B282 2
DAMAGE COMBAT A93 1
DAMAGE COMBAT A263 3
DAMAGE COMBAT A274 3
DAMAGE COMBAT B256 1
DAMAGE COMBAT B266 7
DAMAGE COMBAT B267 1
DAMAGE COMBAT B282 6
END TURN 332
TURN 333
COMMAND LEFT START
MOVE A263 35
MOVE A264 35
MOVE A268 35
MOVE A258 46
MOVE A265 46
MOVE A276 46
MOVE A295 35
MOVE A296 35
MOVE A254 35
MOVE A256 35
MOVE A274 35
TRAIN 2
COMMAND LEFT END
COMMAND RIGHT START
MOVE B307 100
MOVE B306 100
MOVE B305 100
TRAIN 1
COMMAND RIGHT END
TURN 333 RESULT
TIME LEFT 2 5 RIGHT 0 5
TRAIN A297 A298 B308
MOVE A163 33
MOVE A236 33
MOVE A237 33
MOVE A241 71
MOVE A254 21
MOVE A256 21
MOVE A258 79
MOVE A265 79
MOVE A273 31
MOVE A275 31
MOVE A276 79
MOVE A277 108
MOVE A278 108
MOVE A279 31
MOVE A280 31
MOVE A281 31
MOVE A282 31
MOVE A286 42
MOVE A287 26
MOVE A288 26
MOVE A289 35
MOVE A290 35
MOVE A291 34
MOVE A292 34
MOVE A293 20
MOVE A294 20
MOVE A295 3
MOVE A296 3
MOVE B272 35
MOVE B274 35
MOVE B275 35
MOVE B276 35
MOVE B277 35
MOVE B278 35
MOVE B279 35
MOVE B280 35
MOVE B281 35
MOVE B283 35
MOVE B284 35
MOVE B285 35
MOVE B287 35
MOVE B288 35
MOVE B289 35
MOVE B290 35
MOVE B291 35
MOVE B295 142
MOVE B296 117
MOVE B297 142
MOVE B298 142
MOVE B299 142
MOVE B300 161
MOVE B301 179
MOVE B302 161
MOVE B303 185
MOVE B304 185
MOVE B305 197
MOVE B306 197
MOVE B307 197
DAMAGE TURRET A274 2
DAMAGE TURRET B267 2
DAMAGE TURRET B272 2
DAMAGE COMBAT A263 1
DAMAGE COMBAT A283 7
DAMAGE COMBAT A284 7
DAMAGE COMBAT A285 3
DAMAGE COMBAT B267 5
DAMAGE COMBAT B268 1
DAMAGE COMBAT B272 5
END TURN 333
TURN 334
COMMAND LEFT START
MOVE A297 18
MOVE A298 18
MOVE A260 108
MOVE A266 108
TRAIN 2
COMMAND LEFT END
COMMAND RIGHT START
MOVE B30 53
MOVE B308 100
TRAIN 3
COMMAND RIGHT END
TURN 334 RESULT
TIME LEFT 2 5 RIGHT 0 5
TRAIN A299 A300 B309 B310 B311
MOVE A163 35
MOVE A236 35
MOVE A237 35
MOVE A254 31
MOVE A256 31
MOVE A258 59
MOVE A260 21
MOVE A264 51
MOVE A265 59
MOVE A266 21
MOVE A267 84
MOVE A268 51
MOVE A269 51
MOVE A270 51
MOVE A271 51
MOVE A272 51
MOVE A273 39
MOVE A275 39
MOVE A276 59
MOVE A279 39
MOVE A280 39
MOVE A281 39
MOVE A282 39
MOVE A286 46
MOVE A287 42
MOVE A288 42
MOVE A291 35
MOVE A292 35
MOVE A293 34
MOVE A294 34
MOVE A295 20
MOVE A296 20
MOVE A297 6
MOVE A298 6
MOVE B30 91
MOVE B295 130
MOVE B296 100
MOVE B297 130
MOVE B298 130
MOVE B299 130
MOVE B300 142
MOVE B301 172
MOVE B302 142
MOVE B303 161
MOVE B304 161
MOVE B305 185
MOVE B306 185
MOVE B307 185
MOVE B308 197
DAMAGE TURRET B274 2
DAMAGE COMBAT A163 2
DAMAGE COMBAT A236 7
DAMAGE COMBAT A237 3
DAMAGE COMBAT A285 4
DAMAGE COMBAT B274 6
DAMAGE COMBAT B275 2
END TURN 334
TURN 335
COMMAND LEFT START
MOVE A299 18
MOVE A300 18
TRAIN 2
COMMAND LEFT END
COMMAND RIGHT START
MOVE B311 100
MOVE B310 100
MOVE B309 100
TRAIN 3
COMMAND RIGHT END
TURN 335 RESULT
TIME LEFT 1 5 RIGHT 0 5
TRAIN A301 A302 B312 B313 B314
MOVE A254 39
MOVE A256 39
MOVE A258 46
MOVE A260 31
MOVE A264 35
MOVE A265 46
MOVE A266 31
MOVE A267 95
MOVE A268 35
MOVE A269 35
MOVE A270 35
MOVE A271 35
MOVE A272 35
MOVE A273 36
MOVE A275 36
MOVE A276 46
MOVE A279 36
MOVE A280 36
MOVE A281 36
MOVE A282 36
MOVE A286 59
MOVE A287 46
MOVE A288 46
MOVE A293 35
MOVE A294 35
MOVE A295 34
MOVE A296 34
MOVE A297 14
MOVE A298 14
MOVE A299 6
MOVE A300 6
MOVE B30 72
MOVE B295 117
MOVE B297 117
MOVE B298 117
MOVE B299 117
MOVE B300 130
MOVE B301 159
MOVE B302 130
MOVE B303 142
MOVE B304 142
MOVE B305 161
MOVE B306 161
MOVE B307 161
MOVE B308 185
MOVE B309 197
MOVE B310 197
MOVE B311 197
DAMAGE TURRET B275 2
DAMAGE COMBAT A237 4
DAMAGE COMBAT A264 7
DAMAGE COMBAT A268 4
DAMAGE COMBAT B275 4
DAMAGE COMBAT B276 8
DAMAGE COMBAT B277 1
END TURN 335
TURN 336
COMMAND LEFT START
MOVE A301 18
MOVE A302 18
TRAIN 1
COMMAND LEFT END
COMMAND RIGHT START
MOVE B314 100
MOVE B313 100
MOVE B312 100
TRAIN 3
COMMAND RIGHT END
TURN 336 RESULT
TIME LEFT 1 5 RIGHT 0 5
TRAIN A303 B315 B316 B317
MOVE A254 36
MOVE A256 36
MOVE A260 39
MOVE A266 39
MOVE A267 101
MOVE A273 34
MOVE A275 34
MOVE A279 34
MOVE A280 34
MOVE A281 34
MOVE A282 34
MOVE A286 79
MOVE A287 59
MOVE A288 59
MOVE A295 35
MOVE A296 35
MOVE A297 18
MOVE A298 18
MOVE A299 14
MOVE A300 14
MOVE A301 6
MOVE A302 6
MOVE B30 67
MOVE B295 100
MOVE B297 100
MOVE B298 100
MOVE B299 100
MOVE B300 117
MOVE B301 147
MOVE B302 117
MOVE B303 130
MOVE B304 130
MOVE B305 142
MOVE B306 142
MOVE B307 142
MOVE B308 161
MOVE B309 185
MOVE B310 185
MOVE B311 185
MOVE B312 197
MOVE B313 197
MOVE B314 197
DAMAGE TURRET B277 2
DAMAGE COMBAT A268 3
DAMAGE COMBAT A269 7
DAMAGE COMBAT A270 3
DAMAGE COMBAT B277 5
DAMAGE COMBAT B278 8
END TURN 336
TURN 337
COMMAND LEFT START
MOVE A267 128
MOVE A303 71
MOVE A297 71
MOVE A298 71
MOVE A277 71
MOVE A278 71
TRAIN 2
COMMAND LEFT END
COMMAND RIGHT START
MOVE B317 100
MOVE B316 100
MOVE B315 100
TRAIN 3
COMMAND RIGHT END
TURN 337 RESULT
TIME LEFT 5 5 RIGHT 0 5
TRAIN A304 A305 B318 B319 B320
MOVE A254 34
MOVE A256 34
MOVE A260 55
MOVE A266 55
MOVE A267 128
MOVE A273 35
MOVE A275 35
MOVE A277 86
MOVE A278 86
MOVE A279 35
MOVE A280 35
MOVE A281 35
MOVE A282 35
MOVE A286 108
MOVE A287 79
MOVE A288 79
MOVE A297 21
MOVE A298 21
MOVE A299 18
MOVE A300 18
MOVE A301 14
MOVE A302 14
MOVE A303 3
MOVE B30 53
MOVE B300 100
MOVE B301 135
MOVE B302 100
MOVE B303 117
MOVE B304 117
MOVE B305 130
MOVE B306 130
MOVE B307 130
MOVE B308 142
MOVE B309 161
MOVE B310 161
MOVE B311 161
MOVE B312 185
MOVE B313 185
MOVE B314 185
MOVE B315 197
MOVE B316 197
MOVE B317 197
DAMAGE TURRET B279 2
DAMAGE COMBAT A270 4
DAMAGE COMBAT A271 7
DAMAGE COMBAT B279 6
DAMAGE COMBAT B280 8
DAMAGE COMBAT B281 3
END TURN 337
TURN 338
COMMAND LEFT START
MOVE A267 71
MOVE A279 71
MOVE A280 71
MOVE A281 71
MOVE A299 27
MOVE A304 71
MOVE A305 71
MOVE A300 71
MOVE A282 71
MOVE A293 71
MOVE A294 71
MOVE A295 71
MOVE A296 71
MOVE A286 71
TRAIN 1
COMMAND LEFT END
COMMAND RIGHT START
MOVE B302 71
MOVE B300 71
MOVE B299 71
MOVE B298 71
MOVE B297 71
MOVE B296 71
MOVE B295 71
MOVE B294 71
MOVE B293 71
MOVE B292 71
MOVE B271 71
COMMAND RIGHT END
TURN 338 RESULT
TIME LEFT 5 5 RIGHT 0 5
TRAIN A306
MOVE A254 35
MOVE A256 35
MOVE A260 68
MOVE A266 68
MOVE A267 113
MOVE A277 75
MOVE A278 75
MOVE A286 86
MOVE A287 108
MOVE A288 108
MOVE A297 31
MOVE A298 31
MOVE A299 27
MOVE A300 21
MOVE A301 18
MOVE A302 18
MOVE A303 20
MOVE A304 3
MOVE A305 3
MOVE B271 97
MOVE B292 97
MOVE B293 97
MOVE B294 97
MOVE B295 97
MOVE B296 97
MOVE B297 97
MOVE B298 97
MOVE B299 97
MOVE B300 97
MOVE B301 124
MOVE B302 97
MOVE B303 100
MOVE B304 100
MOVE B305 117
MOVE B306 117
MOVE B307 117
MOVE B308 130
MOVE B309 142
MOVE B310 142
MOVE B311 142
MOVE B312 161
MOVE B313 161
MOVE B314 161
MOVE B315 185
MOVE B316 185
MOVE B317 185
DAMAGE TURRET B281 2
DAMAGE COMBAT A254 7
DAMAGE COMBAT A256 2
DAMAGE COMBAT B281 3
DAMAGE COMBAT B283 8
DAMAGE COMBAT B284 6
END TURN 338
TURN 339
COMMAND LEFT START
MOVE A299 50
MOVE A306 71
MOVE A301 71
MOVE A302 71
MOVE A287 71
MOVE A288 71
TRAIN 2
COMMAND LEFT END
COMMAND RIGHT START
MOVE B320 100
MOVE B319 100
MOVE B318 100
TRAIN 3
COMMAND RIGHT END
TURN 339 RESULT
TIME LEFT 4 5 RIGHT 0 5
TRAIN A307 A308 B321 B322 B323
MOVE A260 77
MOVE A266 77
MOVE A267 95
MOVE A277 78
MOVE A278 78
MOVE A286 75
MOVE A287 86
MOVE A288 86
MOVE A297 39
MOVE A298 39
MOVE A299 38
MOVE A300 31
MOVE A301 21
MOVE A302 21
MOVE A303 34
MOVE A304 20
MOVE A305 20
MOVE A306 3
MOVE B271 77
MOVE B292 77
MOVE B293 77
MOVE B294 77
MOVE B295 77
MOVE B296 77
MOVE B297 77
MOVE B298 77
MOVE B299 77
MOVE B300 77
MOVE B301 115
MOVE B302 77
MOVE B305 100
MOVE B306 100
MOVE B307 100
MOVE B308 117
MOVE B309 130
MOVE B310 130
MOVE B311 130
MOVE B312 142
MOVE B313 142
MOVE B314 142
MOVE B315 161
MOVE B316 161
MOVE B317 161
MOVE B318 197
MOVE B319 197
MOVE B320 197
DAMAGE TURRET B284 2
DAMAGE COMBAT A256 5
DAMAGE COMBAT A260 7
DAMAGE COMBAT A266 4
DAMAGE COMBAT A272 2
DAMAGE COMBAT B271 2
DAMAGE COMBAT B285 8
DAMAGE COMBAT B287 8
END TURN 339
TURN 340
COMMAND LEFT START
MOVE A307 18
MOVE A308 18
TRAIN 1
COMMAND LEFT END
COMMAND RIGHT START
MOVE B323 100
MOVE B322 100
MOVE B321 100
TRAIN 3
COMMAND RIGHT END
TURN 340 RESULT
TIME LEFT 2 5 RIGHT 0 5
TRAIN A309 B324 B325 B326
MOVE A267 84
MOVE A277 71
MOVE A278 71
MOVE A286 78
MOVE A287 75
MOVE A288 75
MOVE A297 55
MOVE A298 55
MOVE A299 50
MOVE A300 39
MOVE A301 31
MOVE A302 31
MOVE A303 35
MOVE A304 34
MOVE A305 34
MOVE A306 20
MOVE A307 6
MOVE A308 6
MOVE B301 102
MOVE B308 100
MOVE B309 117
MOVE B310 117
MOVE B311 117
MOVE B312 130
MOVE B313 130
MOVE B314 130
MOVE B315 142
MOVE B316 142
MOVE B317 142
MOVE B318 185
MOVE B319 185
MOVE B320 185
MOVE B321 197
MOVE B322 197
MOVE B323 197
DAMAGE TURRET B288 2
DAMAGE COMBAT A266 3
DAMAGE COMBAT A272 4
DAMAGE COMBAT B271 1
DAMAGE COMBAT B288 6
DAMAGE COMBAT B289 8
DAMAGE COMBAT B290 2
END TURN 340
TURN 341
COMMAND LEFT START
MOVE A309 18
TRAIN 2
COMMAND LEFT END
COMMAND RIGHT START
MOVE B326 100
MOVE B325 100
MOVE B324 100
TRAIN 3
COMMAND RIGHT END
TURN 341 RESULT
TIME LEFT 1 5 RIGHT 0 5
TRAIN A310 A311 B327 B328 B329
MOVE A267 71
MOVE A286 71
MOVE A287 78
MOVE A288 78
MOVE A297 45
MOVE A298 45
MOVE A300 55
MOVE A301 39
MOVE A302 39
MOVE A304 35
MOVE A305 35
MOVE A306 34
MOVE A307 14
MOVE A308 14
MOVE A309 6
MOVE B271 71
MOVE B292 71
MOVE B293 71
MOVE B294 71
MOVE B295 71
MOVE B296 71
MOVE B297 71
MOVE B298 71
MOVE B299 71
MOVE B300 71
MOVE B301 88
MOVE B302 71
MOVE B309 100
MOVE B310 100
MOVE B311 100
MOVE B312 117
MOVE B313 117
MOVE B314 117
MOVE B315 130
MOVE B316 130
MOVE B317 130
MOVE B318 161
MOVE B319 161
MOVE B320 161
MOVE B321 185
MOVE B322 185
MOVE B323 185
MOVE B324 197
MOVE B325 197
MOVE B326 197
DAMAGE TURRET B271 2
DAMAGE TURRET B290 2
DAMAGE COMBAT A241 7
DAMAGE COMBAT A267 4
DAMAGE COMBAT A272 1
DAMAGE COMBAT A273 1
DAMAGE COMBAT B271 3
DAMAGE COMBAT B290 4
DAMAGE COMBAT B291 8
DAMAGE COMBAT B292 2
END TURN 341
TURN 342
COMMAND LEFT START
MOVE A310 35
MOVE A311 18
MOVE A286 18
MOVE A299 18
TRAIN 2
COMMAND LEFT END
COMMAND RIGHT START
MOVE B329 100
MOVE B328 100
MOVE B327 100
TRAIN 3
COMMAND RIGHT END
TURN 342 RESULT
TIME LEFT 1 5 RIGHT 0 5
TRAIN A312 A313 B330 B331 B332
MOVE A279 51
MOVE A280 51
MOVE A281 51
MOVE A282 51
MOVE A287 71
MOVE A288 71
MOVE A289 51
MOVE A290 51
MOVE A291 51
MOVE A292 51
MOVE A293 51
MOVE A294 51
MOVE A295 51
MOVE A296 51
MOVE A297 64
MOVE A298 64
MOVE A299 38
MOVE A300 45
MOVE A301 55
MOVE A302 55
MOVE A303 51
MOVE A304 51
MOVE A305 51
MOVE A306 35
MOVE A307 18
MOVE A308 18
MOVE A309 14
MOVE A310 3
MOVE A311 6
MOVE B301 78
MOVE B312 100
MOVE B313 100
MOVE B314 100
MOVE B315 117
MOVE B316 117
MOVE B317 117
MOVE B318 142
MOVE B319 142
MOVE B320 142
MOVE B321 161
MOVE B322 161
MOVE B323 161
MOVE B324 185
MOVE B325 185
MOVE B326 185
MOVE B327 197
MOVE B328 197
MOVE B329 197
DAMAGE TURRET B292 2
DAMAGE COMBAT A267 3
DAMAGE COMBAT A277 7
DAMAGE COMBAT B292 4
DAMAGE COMBAT B293 2
END TURN 342
TURN 343
COMMAND LEFT START
MOVE A312 18
MOVE A313 18
TRAIN 2
COMMAND LEFT END
COMMAND RIGHT START
MOVE B314 108
MOVE B332 100
MOVE B331 100
MOVE B330 100
TRAIN 3
COMMAND RIGHT END
TURN 343 RESULT
TIME LEFT 1 5 RIGHT 0 5
TRAIN A314 A315 B333 B334 B335
MOVE A279 71
MOVE A280 71
MOVE A281 71
MOVE A282 71
MOVE A289 71
MOVE A290 71
MOVE A291 71
MOVE A292 71
MOVE A293 71
MOVE A294 71
MOVE A295 71
MOVE A296 71
MOVE A297 71
MOVE A298 71
MOVE A299 27
MOVE A300 64
MOVE A301 45
MOVE A302 45
MOVE A303 71
MOVE A304 71
MOVE A305 71
MOVE A306 51
MOVE A309 18
MOVE A310 20
MOVE A311 14
MOVE A312 6
MOVE A313 6
MOVE B301 63
MOVE B314 109
MOVE B315 100
MOVE B316 100
MOVE B317 100
MOVE B318 130
MOVE B319 130
MOVE B320 130
MOVE B321 142
MOVE B322 142
MOVE B323 142
MOVE B324 161
MOVE B325 161
MOVE B326 161
MOVE B327 185
MOVE B328 185
MOVE B329 185
MOVE B330 197
MOVE B331 197
MOVE B332 197
DAMAGE TURRET B293 2
DAMAGE COMBAT A278 7
DAMAGE COMBAT A279 2
DAMAGE COMBAT B293 4
DAMAGE COMBAT B294 8
DAMAGE COMBAT B295 8
DAMAGE COMBAT B296 1
END TURN 343
TURN 344
COMMAND LEFT START
MOVE A282 101
MOVE A314 18
MOVE A315 18
MOVE A287 18
MOVE A288 18
MOVE A289 18
MOVE A290 18
MOVE A291 18
MOVE A292 18
MOVE A293 18
MOVE A294 18
MOVE A295 18
MOVE A296 18
MOVE A297 18
MOVE A298 18
MOVE A303 18
MOVE A304 18
MOVE A305 18
TRAIN 2
COMMAND LEFT END
COMMAND RIGHT START
MOVE B335 100
MOVE B334 100
MOVE B333 100
TRAIN 3
COMMAND RIGHT END
TURN 344 RESULT
TIME LEFT 5 5 RIGHT 0 5
TRAIN A316 A317 B336 B337 B338
MOVE A299 18
MOVE A300 71
MOVE A301 64
MOVE A302 64
MOVE A306 71
MOVE A310 34
MOVE A311 18
MOVE A312 14
MOVE A313 14
MOVE A314 6
MOVE A315 6
MOVE B301 46
MOVE B314 101
MOVE B318 117
MOVE B319 117
MOVE B320 117
MOVE B321 130
MOVE B322 130
MOVE B323 130
MOVE B324 142
MOVE B325 142
MOVE B326 142
MOVE B327 161
MOVE B328 161
MOVE B329 161
MOVE B330 185
MOVE B331 185
MOVE B332 185
MOVE B333 197
MOVE B334 197
MOVE B335 197
DAMAGE TURRET B296 2
DAMAGE TURRET B301 2
DAMAGE COMBAT A258 1
DAMAGE COMBAT A279 5
DAMAGE COMBAT A280 1
DAMAGE COMBAT B296 5
DAMAGE COMBAT B297 8
DAMAGE COMBAT B298 8
DAMAGE COMBAT B299 1
DAMAGE COMBAT B301 3
END TURN 344
TURN 345
COMMAND LEFT START
MOVE A316 18
MOVE A317 18
MOVE A306 18
TRAIN 2
COMMAND LEFT END
COMMAND RIGHT START
MOVE B338 100
MOVE B337 100
MOVE B336 100
TRAIN 3
COMMAND RIGHT END
TURN 345 RESULT
TIME LEFT 1 5 RIGHT 0 5
TRAIN A318 A319 B339 B340 B341
MOVE A301 71
MOVE A302 71
MOVE A310 35
MOVE A312 18
MOVE A313 18
MOVE A314 14
MOVE A315 14
MOVE A316 6
MOVE A317 6
MOVE B314 95
MOVE B318 100
MOVE B319 100
MOVE B320 100
MOVE B321 117
MOVE B322 117
MOVE B323 117
MOVE B324 130
MOVE B325 130
MOVE B326 130
MOVE B327 142
MOVE B328 142
MOVE B329 142
MOVE B330 161
MOVE B331 161
MOVE B332 161
MOVE B333 185
MOVE B334 185
MOVE B335 185
MOVE B336 197
MOVE B337 197
MOVE B338 197
DAMAGE TURRET B299 2
DAMAGE TURRET B301 2
DAMAGE COMBAT A258 1
DAMAGE COMBAT A280 3
DAMAGE COMBAT B299 5
DAMAGE COMBAT B300 8
DAMAGE COMBAT B301 1
DAMAGE COMBAT B302 8
END TURN 345
TURN 346
COMMAND LEFT START
MOVE A318 18
MOVE A319 18
MOVE A301 18
MOVE A302 18
TRAIN 1
COMMAND LEFT END
COMMAND RIGHT START
MOVE B341 100
MOVE B340 100
MOVE B339 100
TRAIN 3
COMMAND RIGHT END
TURN 346 RESULT
TIME LEFT 6 5 RIGHT 4 5
TRAIN A320 B342 B343 B344
MOVE A282 84
MOVE A286 64
MOVE A287 64
MOVE A288 64
MOVE A289 64
MOVE A290 64
MOVE A291 64
MOVE A292 64
MOVE A293 64
MOVE A294 64
MOVE A295 64
MOVE A296 64
MOVE A297 64
MOVE A298 64
MOVE A301 64
MOVE A302 64
MOVE A303 64
MOVE A304 64
MOVE A305 64
MOVE A306 64
MOVE A314 18
MOVE A315 18
MOVE A316 14
MOVE A317 14
MOVE A318 6
MOVE A319 6
MOVE B314 102
MOVE B321 100
MOVE B322 100
MOVE B323 100
MOVE B324 117
MOVE B325 117
MOVE B326 117
MOVE B327 130
MOVE B328 130
MOVE B329 130
MOVE B330 142
MOVE B331 142
MOVE B332 142
MOVE B333 161
MOVE B334 161
MOVE B335 161
MOVE B336 185
MOVE B337 185
MOVE B338 185
MOVE B339 197
MOVE B340 197
MOVE B341 197
END TURN 346
TURN 347
COMMAND LEFT START
MOVE A320 18
TRAIN 2
COMMAND LEFT END
COMMAND RIGHT START
MOVE B344 100
MOVE B343 100
MOVE B342 100
TRAIN 3
COMMAND RIGHT END
TURN 347 RESULT
TIME LEFT 1 5 RIGHT 0 5
TRAIN A321 A322 B345 B346 B347
MOVE A282 95
MOVE A286 45
MOVE A287 45
MOVE A288 45
MOVE A289 45
MOVE A290 45
MOVE A291 45
MOVE A292 45
MOVE A293 45
MOVE A294 45
MOVE A295 45
MOVE A296 45
MOVE A297 45
MOVE A298 45
MOVE A301 45
MOVE A302 45
MOVE A303 45
MOVE A304 45
MOVE A305 45
MOVE A306 45
MOVE A316 18
MOVE A317 18
MOVE A318 14
MOVE A319 14
MOVE A320 6
MOVE B314 104
MOVE B324 100
MOVE B325 100
MOVE B326 100
MOVE B327 117
MOVE B328 117
MOVE B329 117
MOVE B330 130
MOVE B331 130
MOVE B332 130
MOVE B333 142
MOVE B334 142
MOVE B335 142
MOVE B336 161
MOVE B337 161
MOVE B338 161
MOVE B339 185
MOVE B340 185
MOVE B341 185
MOVE B342 197
MOVE B343 197
MOVE B344 197
END TURN 347
TURN 348
COMMAND LEFT START
MOVE A321 18
MOVE A322 18
MOVE A299 124
MOVE A307 124
MOVE A308 124
MOVE A309 124
MOVE A311 124
MOVE A312 124
MOVE A313 124
MOVE A314 124
MOVE A315 124
MOVE A316 124
TRAIN 1
COMMAND LEFT END
COMMAND RIGHT START
MOVE B326 71
MOVE B325 75
MOVE B324 75
MOVE B323 75
MOVE B322 75
MOVE B321 75
MOVE B320 75
MOVE B319 75
MOVE B318 75
MOVE B317 75
MOVE B316 75
MOVE B315 75
MOVE B313 75
MOVE B312 75
MOVE B311 75
MOVE B310 75
MOVE B309 75
MOVE B308 75
MOVE B307 75
MOVE B306 75
MOVE B305 75
MOVE B304 75
MOVE B303 75
COMMAND RIGHT END
TURN 348 RESULT
TIME LEFT 2 5 RIGHT 0 5
TRAIN A323
MOVE A282 101
MOVE A286 55
MOVE A287 55
MOVE A288 55
MOVE A289 55
MOVE A290 55
MOVE A291 55
MOVE A292 55
MOVE A293 55
MOVE A294 55
MOVE A295 55
MOVE A296 55
MOVE A297 55
MOVE A298 55
MOVE A299 28
MOVE A301 55
MOVE A302 55
MOVE A303 55
MOVE A304 55
MOVE A305 55
MOVE A306 55
MOVE A307 28
MOVE A308 28
MOVE A309 28
MOVE A311 28
MOVE A312 28
MOVE A313 28
MOVE A314 28
MOVE A315 28
MOVE A316 28
MOVE A318 18
MOVE A319 18
MOVE A320 14
MOVE A321 6
MOVE A322 6
MOVE B303 97
MOVE B304 97
MOVE B305 97
MOVE B306 97
MOVE B307 97
MOVE B308 97
MOVE B309 97
MOVE B310 97
MOVE B311 97
MOVE B312 97
MOVE B313 97
MOVE B314 107
MOVE B315 97
MOVE B316 97
MOVE B317 97
MOVE B318 97
MOVE B319 97
MOVE B320 97
MOVE B321 97
MOVE B322 97
MOVE B323 97
MOVE B324 97
MOVE B325 97
MOVE B326 97
MOVE B327 100
MOVE B328 100
MOVE B329 100
MOVE B330 117
MOVE B331 117
MOVE B332 117
MOVE B333 130
MOVE B334 130
MOVE B335 130
MOVE B336 142
MOVE B337 142
MOVE B338 142
MOVE B339 161
MOVE B340 161
MOVE B341 161
MOVE B342 185
MOVE B343 185
MOVE B344 185
END TURN 348
TURN 349
COMMAND LEFT START
MOVE A282 71
MOVE A323 18
TRAIN 2
COMMAND LEFT END
COMMAND RIGHT START
MOVE B347 100
MOVE B346 100
MOVE B345 100
MOVE B329 35
TRAIN 3
COMMAND RIGHT END
TURN 349 RESULT
TIME LEFT 2 5 RIGHT 0 5
TRAIN A324 A325 B348 B349 B350
MOVE A282 95
MOVE A286 39
MOVE A287 39
MOVE A288 39
MOVE A289 39
MOVE A290 39
MOVE A291 39
MOVE A292 39
MOVE A293 39
MOVE A294 39
MOVE A295 39
MOVE A296 39
MOVE A297 39
MOVE A298 39
MOVE A299 37
MOVE A301 39
MOVE A302 39
MOVE A303 39
MOVE A304 39
MOVE A305 39
MOVE A306 39
MOVE A307 37
MOVE A308 37
MOVE A309 37
MOVE A311 37
MOVE A312 37
MOVE A313 37
MOVE A314 37
MOVE A315 37
MOVE A316 37
MOVE A320 18
MOVE A321 14
MOVE A322 14
MOVE A323 6
MOVE B303 77
MOVE B304 77
MOVE B305 77
MOVE B306 77
MOVE B307 77
MOVE B308 77
MOVE B309 77
MOVE B310 77
MOVE B311 77
MOVE B312 77
MOVE B313 77
MOVE B314 108
MOVE B315 77
MOVE B316 77
MOVE B317 77
MOVE B318 77
MOVE B319 77
MOVE B320 77
MOVE B321 77
MOVE B322 77
MOVE B323 77
MOVE B324 77
MOVE B325 77
MOVE B326 77
MOVE B329 83
MOVE B330 100
MOVE B331 100
MOVE B332 100
MOVE B333 117
MOVE B334 117
MOVE B335 117
MOVE B336 130
MOVE B337 130
MOVE B338 130
MOVE B339 142
MOVE B340 142
MOVE B341 142
MOVE B342 161
MOVE B343 161
MOVE B344 161
MOVE B345 197
MOVE B346 197
MOVE B347 197
DAMAGE TURRET B314 2
DAMAGE COMBAT A39 1
DAMAGE COMBAT B314 3
END TURN 349
TURN 350
COMMAND LEFT START
MOVE A317 57
MOVE A324 18
MOVE A325 18
TRAIN 2
COMMAND LEFT END
COMMAND RIGHT START
MOVE B350 100
MOVE B349 100
MOVE B348 100
TRAIN 3
COMMAND RIGHT END
TURN 350 RESULT
TIME LEFT 5 5 RIGHT 0 5
TRAIN A326 A327 B351 B352 B353
MOVE A282 84
MOVE A286 31
MOVE A287 31
MOVE A288 31
MOVE A289 31
MOVE A290 31
MOVE A291 31
MOVE A292 31
MOVE A293 31
MOVE A294 31
MOVE A295 31
MOVE A296 31
MOVE A297 31
MOVE A298 31
MOVE A299 60
MOVE A301 31
MOVE A302 31
MOVE A303 31
MOVE A304 31
MOVE A305 31
MOVE A306 31
MOVE A307 60
MOVE A308 60
MOVE A309 60
MOVE A311 60
MOVE A312 60
MOVE A313 60
MOVE A314 60
MOVE A315 60
MOVE A316 60
MOVE A317 28
MOVE A321 18
MOVE A322 18
MOVE A323 14
MOVE A324 6
MOVE A325 6
MOVE B303 71
MOVE B304 71
MOVE B305 71
MOVE B306 71
MOVE B307 71
MOVE B308 71
MOVE B309 71
MOVE B310 71
MOVE B311 71
MOVE B312 71
MOVE B313 71
MOVE B315 71
MOVE B316 71
MOVE B317 71
MOVE B318 71
MOVE B319 71
MOVE B320 71
MOVE B321 71
MOVE B322 71
MOVE B323 71
MOVE B324 71
MOVE B325 71
MOVE B326 71
MOVE B329 80
MOVE B333 100
MOVE B334 100
MOVE B335 100
MOVE B336 117
MOVE B337 117
MOVE B338 117
MOVE B339 130
MOVE B340 130
MOVE B341 130
MOVE B342 142
MOVE B343 142
MOVE B344 142
MOVE B345 185
MOVE B346 185
MOVE B347 185
MOVE B348 197
MOVE B349 197
MOVE B350 197
DAMAGE TURRET B303 2
DAMAGE TURRET B314 2
DAMAGE COMBAT A39 1
DAMAGE COMBAT A280 3
DAMAGE COMBAT A281 7
DAMAGE COMBAT A300 7
DAMAGE COMBAT B303 3
DAMAGE COMBAT B314 1
SIEGE A 71 6
END TURN 350
TURN 351
COMMAND LEFT START
MOVE A326 18
MOVE A327 18
TRAIN 1
COMMAND LEFT END
COMMAND RIGHT START
MOVE B353 100
MOVE B352 100
MOVE B351 100
MOVE B335 108
TRAIN 3
COMMAND RIGHT END
TURN 351 RESULT
TIME LEFT 2 5 RIGHT 0 5
TRAIN A328 B354 B355 B356
MOVE A282 71
MOVE A286 21
MOVE A287 21
MOVE A288 21
MOVE A289 21
MOVE A290 21
MOVE A291 21
MOVE A292 21
MOVE A293 21
MOVE A294 21
MOVE A295 21
MOVE A296 21
MOVE A297 21
MOVE A298 21
MOVE A299 58
MOVE A301 21
MOVE A302 21
MOVE A303 21
MOVE A304 21
MOVE A305 21
MOVE A306 21
MOVE A307 58
MOVE A308 58
MOVE A309 58
MOVE A311 58
MOVE A312 58
MOVE A313 58
MOVE A314 58
MOVE A315 58
MOVE A316 58
MOVE A317 37
MOVE A323 18
MOVE A324 14
MOVE A325 14
MOVE A326 6
MOVE A327 6
MOVE B303 78
MOVE B304 78
MOVE B305 78
MOVE B306 78
MOVE B307 78
MOVE B308 78
MOVE B309 78
MOVE B310 78
MOVE B311 78
MOVE B312 78
MOVE B313 78
MOVE B315 78
MOVE B316 78
MOVE B317 78
MOVE B318 78
MOVE B319 78
MOVE B320 78
MOVE B321 78
MOVE B322 78
MOVE B323 78
MOVE B324 78
MOVE B325 78
MOVE B329 68
MOVE B335 109
MOVE B336 100
MOVE B337 100
MOVE B338 100
MOVE B339 117
MOVE B340 117
MOVE B341 117
MOVE B342 130
MOVE B343 130
MOVE B344 130
MOVE B345 161
MOVE B346 161
MOVE B347 161
MOVE B348 185
MOVE B349 185
MOVE B350 185
MOVE B351 197
MOVE B352 197
MOVE B353 197
DAMAGE TURRET B326 2
DAMAGE COMBAT A282 1
DAMAGE COMBAT B326 1
END TURN 351
TURN 352
COMMAND LEFT START
MOVE A328 18
TRAIN 1
COMMAND LEFT END
COMMAND RIGHT START
MOVE B356 100
MOVE B355 100
MOVE B354 100
TRAIN 3
COMMAND RIGHT END
TURN 352 RESULT
TIME LEFT 2 5 RIGHT 0 5
TRAIN A329 B357 B358 B359
MOVE A286 18
MOVE A287 18
MOVE A288 18
MOVE A289 18
MOVE A290 18
MOVE A291 18
MOVE A292 18
MOVE A293 18
MOVE A294 18
MOVE A295 18
MOVE A296 18
MOVE A297 18
MOVE A298 18
MOVE A299 66
MOVE A301 18
MOVE A302 18
MOVE A303 18
MOVE A304 18
MOVE A305 18
MOVE A306 18
MOVE A307 66
MOVE A308 66
MOVE A309 66
MOVE A311 66
MOVE A312 66
MOVE A313 66
MOVE A314 66
MOVE A315 66
MOVE A316 66
MOVE A317 57
MOVE A324 18
MOVE A325 18
MOVE A326 14
MOVE A327 14
MOVE A328 6
MOVE B303 75
MOVE B304 75
MOVE B305 75
MOVE B306 75
MOVE B307 75
MOVE B308 75
MOVE B309 75
MOVE B310 75
MOVE B311 75
MOVE B312 75
MOVE B313 75
MOVE B315 75
MOVE B316 75
MOVE B317 75
MOVE B318 75
MOVE B319 75
MOVE B320 75
MOVE B321 75
MOVE B322 75
MOVE B323 75
MOVE B324 75
MOVE B325 75
MOVE B329 45
MOVE B335 101
MOVE B339 100
MOVE B340 100
MOVE B341 100
MOVE B342 117
MOVE B343 117
MOVE B344 117
MOVE B345 142
MOVE B346 142
MOVE B347 142
MOVE B348 161
MOVE B349 161
MOVE B350 161
MOVE B351 185
MOVE B352 185
MOVE B353 185
MOVE B354 197
MOVE B355 197
MOVE B356 197
DAMAGE TURRET B303 2
DAMAGE TURRET B326 2
DAMAGE COMBAT A153 4
DAMAGE COMBAT A154 7
DAMAGE COMBAT A208 1
DAMAGE COMBAT A282 1
DAMAGE COMBAT B303 1
DAMAGE COMBAT B304 2
DAMAGE COMBAT B326 1
SIEGE A 75 10
END TURN 352
TURN 353
COMMAND LEFT START
MOVE A317 18
MOVE A286 12
MOVE A329 18
MOVE A287 53
MOVE A288 53
MOVE A289 53
MOVE A290 53
MOVE A291 53
MOVE A292 53
MOVE A293 53
MOVE A294 53
MOVE A295 53
MOVE A296 53
TRAIN 1
COMMAND LEFT END
COMMAND RIGHT START
MOVE B359 100
MOVE B358 100
MOVE B357 100
MOVE B341 18
TRAIN 3
COMMAND RIGHT END
TURN 353 RESULT
TIME LEFT 5 5 RIGHT 0 5
TRAIN A330 B360 B361 B362
MOVE A286 12
MOVE A287 28
MOVE A288 28
MOVE A289 28
MOVE A290 28
MOVE A291 28
MOVE A292 28
MOVE A293 28
MOVE A294 28
MOVE A295 28
MOVE A296 28
MOVE A299 80
MOVE A307 80
MOVE A308 80
MOVE A309 80
MOVE A311 80
MOVE A312 80
MOVE A313 80
MOVE A314 80
MOVE A315 80
MOVE A316 80
MOVE A317 37
MOVE A326 18
MOVE A327 18
MOVE A328 14
MOVE A329 6
MOVE B329 35
MOVE B335 95
MOVE B341 81
MOVE B342 100
MOVE B343 100
MOVE B344 100
MOVE B345 130
MOVE B346 130
MOVE B347 130
MOVE B348 142
MOVE B349 142
MOVE B350 142
MOVE B351 161
MOVE B352 161
MOVE B353 161
MOVE B354 185
MOVE B355 185
MOVE B356 185
MOVE B357 197
MOVE B358 197
MOVE B359 197
DAMAGE TURRET B304 2
DAMAGE TURRET B326 2
DAMAGE TURRET B329 2
DAMAGE COMBAT A273 1
DAMAGE COMBAT A282 1
DAMAGE COMBAT B329 3
SIEGE A 75 8
END TURN 353
TURN 354
COMMAND LEFT START
MOVE A330 71
MOVE A297 71
MOVE A286 25
MOVE A298 53
MOVE A301 53
MOVE A302 53
MOVE A303 53
MOVE A304 53
MOVE A305 53
MOVE A306 53
MOVE A318 53
MOVE A319 53
MOVE A320 53
COMMAND LEFT END
COMMAND RIGHT START
MOVE B10 124
MOVE B118 124
MOVE B109 124
MOVE B270 124
MOVE B327 124
MOVE B328 147
MOVE B330 147
MOVE B362 100
MOVE B361 100
MOVE B360 100
UPGRADE 75
TRAIN 3
COMMAND RIGHT END
TURN 354 RESULT
TIME LEFT 5 5 RIGHT 1 5
UPGRADE B 75
TRAIN B363 B364 B365
MOVE A286 25
MOVE A287 41
MOVE A288 41
MOVE A289 41
MOVE A290 41
MOVE A291 41
MOVE A292 41
MOVE A293 41
MOVE A294 41
MOVE A295 41
MOVE A296 41
MOVE A297 21
MOVE A298 28
MOVE A299 97
MOVE A301 28
MOVE A302 28
MOVE A303 28
MOVE A304 28
MOVE A305 28
MOVE A306 28
MOVE A307 97
MOVE A308 97
MOVE A309 97
MOVE A311 97
MOVE A312 97
MOVE A313 97
MOVE A314 97
MOVE A315 97
MOVE A316 97
MOVE A317 28
MOVE A318 28
MOVE A319 28
MOVE A320 28
MOVE A328 18
MOVE A329 14
MOVE A330 3
MOVE B10 135
MOVE B109 109
MOVE B118 135
MOVE B270 109
MOVE B327 109
MOVE B328 109
MOVE B330 109
MOVE B335 102
MOVE B341 69
MOVE B345 117
MOVE B346 117
MOVE B347 117
MOVE B348 130
MOVE B349 130
MOVE B350 130
MOVE B351 142
MOVE B352 142
MOVE B353 142
MOVE B354 161
MOVE B355 161
MOVE B356 161
MOVE B357 185
MOVE B358 185
MOVE B359 185
MOVE B360 197
MOVE B361 197
MOVE B362 197
DAMAGE TURRET B329 2
DAMAGE COMBAT A273 1
DAMAGE COMBAT B329 1
END TURN 354
TURN 355
COMMAND LEFT START
MOVE A286 54
TRAIN 1
COMMAND LEFT END
COMMAND RIGHT START
MOVE B365 100
MOVE B364 100
MOVE B363 100
UPGRADE 75
TRAIN 3
COMMAND RIGHT END
TURN 355 RESULT
TIME LEFT 7 5 RIGHT 1 5
UPGRADE B 75
TRAIN A331 B366 B367 B368
MOVE A286 40
MOVE A287 53
MOVE A288 53
MOVE A289 53
MOVE A290 53
MOVE A291 53
MOVE A292 53
MOVE A293 53
MOVE A294 53
MOVE A295 53
MOVE A296 53
MOVE A297 31
MOVE A298 41
MOVE A299 101
MOVE A301 41
MOVE A302 41
MOVE A303 41
MOVE A304 41
MOVE A305 41
MOVE A306 41
MOVE A307 101
MOVE A308 101
MOVE A309 101
MOVE A311 101
MOVE A312 101
MOVE A313 101
MOVE A314 101
MOVE A315 101
MOVE A316 101
MOVE A317 18
MOVE A318 41
MOVE A319 41
MOVE A320 41
MOVE A329 18
MOVE A330 20
MOVE B10 124
MOVE B109 101
MOVE B118 124
MOVE B270 101
MOVE B327 101
MOVE B328 128
MOVE B330 128
MOVE B335 104
MOVE B341 60
MOVE B345 100
MOVE B346 100
MOVE B347 100
MOVE B348 117
MOVE B349 117
MOVE B350 117
MOVE B351 130
MOVE B352 130
MOVE B353 130
MOVE B354 142
MOVE B355 142
MOVE B356 142
MOVE B357 161
MOVE B358 161
MOVE B359 161
MOVE B360 185
MOVE B361 185
MOVE B362 185
MOVE B363 197
MOVE B364 197
MOVE B365 197
DAMAGE TURRET A287 2
DAMAGE COMBAT A287 3
DAMAGE COMBAT A299 3
DAMAGE COMBAT B30 6
DAMAGE COMBAT B109 8
DAMAGE COMBAT B268 4
DAMAGE COMBAT B270 2
END TURN 355
TURN 356
COMMAND LEFT START
MOVE A331 46
MOVE A317 53
MOVE A321 53
MOVE A322 53
MOVE A323 53
MOVE A324 53
MOVE A325 53
MOVE A326 53
MOVE A327 53
MOVE A328 53
COMMAND LEFT END
COMMAND RIGHT START
MOVE B347 71
MOVE B346 71
MOVE B345 71
MOVE B344 71
MOVE B343 71
MOVE B342 71
MOVE B340 71
MOVE B339 71
MOVE B338 71
MOVE B337 71
MOVE B336 71
MOVE B334 71
MOVE B333 71
TRAIN 1
COMMAND RIGHT END
TURN 356 RESULT
TIME LEFT 2 5 RIGHT 1 5
TRAIN B369
MOVE A286 54
MOVE A297 39
MOVE A298 53
MOVE A301 53
MOVE A302 53
MOVE A303 53
MOVE A304 53
MOVE A305 53
MOVE A306 53
MOVE A317 28
MOVE A318 53
MOVE A319 53
MOVE A320 53
MOVE A321 28
MOVE A322 28
MOVE A323 28
MOVE A324 28
MOVE A325 28
MOVE A326 28
MOVE A327 28
MOVE A328 28
MOVE A330 34
MOVE A331 3
MOVE B328 133
MOVE B330 133
MOVE B333 97
MOVE B334 97
MOVE B335 107
MOVE B336 97
MOVE B337 97
MOVE B338 97
MOVE B339 97
MOVE B340 97
MOVE B341 37
MOVE B342 97
MOVE B343 97
MOVE B344 97
MOVE B345 97
MOVE B346 97
MOVE B347 97
MOVE B348 100
MOVE B349 100
MOVE B350 100
MOVE B351 117
MOVE B352 117
MOVE B353 117
MOVE B354 130
MOVE B355 130
MOVE B356 130
MOVE B357 142
MOVE B358 142
MOVE B359 142
MOVE B360 161
MOVE B361 161
MOVE B362 161
MOVE B363 185
MOVE B364 185
MOVE B365 185
DAMAGE TURRET A287 2
DAMAGE COMBAT A288 2
DAMAGE COMBAT A299 2
DAMAGE COMBAT B268 3
DAMAGE COMBAT B269 8
DAMAGE COMBAT B270 6
DAMAGE COMBAT B327 4
SIEGE B 53 9
END TURN 356
TURN 357
COMMAND LEFT START
MOVE A329 71
MOVE A286 71
TRAIN 1
COMMAND LEFT END
COMMAND RIGHT START
MOVE B369 100
MOVE B368 100
MOVE B367 100
MOVE B366 100
TRAIN 3
COMMAND RIGHT END
TURN 357 RESULT
TIME LEFT 2 5 RIGHT 1 5
TRAIN A332 B370 B371 B372
MOVE A286 62
MOVE A297 55
MOVE A317 41
MOVE A321 41
MOVE A322 41
MOVE A323 41
MOVE A324 41
MOVE A325 41
MOVE A326 41
MOVE A327 41
MOVE A328 41
MOVE A329 21
MOVE A330 35
MOVE A331 10
MOVE B328 147
MOVE B330 147
MOVE B333 77
MOVE B334 77
MOVE B335 108
MOVE B336 77
MOVE B337 77
MOVE B338 77
MOVE B339 77
MOVE B340 77
MOVE B341 28
MOVE B342 77
MOVE B343 77
MOVE B344 77
MOVE B345 77
MOVE B346 77
MOVE B347 77
MOVE B351 100
MOVE B352 100
MOVE B353 100
MOVE B354 117
MOVE B355 117
MOVE B356 117
MOVE B357 130
MOVE B358 130
MOVE B359 130
MOVE B360 142
MOVE B361 142
MOVE B362 142
MOVE B363 161
MOVE B364 161
MOVE B365 161
MOVE B366 197
MOVE B367 197
MOVE B368 197
MOVE B369 197
DAMAGE TURRET A288 2
DAMAGE TURRET B335 2
DAMAGE COMBAT A39 1
DAMAGE COMBAT A299 1
DAMAGE COMBAT B327 4
DAMAGE COMBAT B335 3
SIEGE B 53 9
END TURN 357
TURN 358
COMMAND LEFT START
MOVE A289 73
MOVE A332 46
MOVE A290 71
MOVE A291 71
MOVE A292 71
MOVE A293 71
MOVE A294 71
MOVE A295 71
MOVE A296 71
MOVE A298 71
MOVE A301 71
MOVE A302 71
MOVE A303 71
MOVE A304 71
MOVE A305 71
MOVE A306 71
MOVE A318 71
MOVE A319 71
MOVE A320 71
TRAIN 1
COMMAND LEFT END
COMMAND RIGHT START
MOVE B331 76
MOVE B332 76
MOVE B348 76
MOVE B372 100
MOVE B371 100
MOVE B370 100
UPGRADE 75
TRAIN 3
COMMAND RIGHT END
TURN 358 RESULT
TIME LEFT 5 5 RIGHT 1 5
UPGRADE B 75
TRAIN A333 B373 B374 B375
MOVE A286 65
MOVE A289 65
MOVE A290 57
MOVE A291 57
MOVE A292 57
MOVE A293 57
MOVE A294 57
MOVE A295 57
MOVE A296 57
MOVE A297 45
MOVE A298 57
MOVE A299 113
MOVE A301 57
MOVE A302 57
MOVE A303 57
MOVE A304 57
MOVE A305 57
MOVE A306 57
MOVE A307 113
MOVE A308 113
MOVE A309 113
MOVE A311 113
MOVE A312 113
MOVE A313 113
MOVE A314 113
MOVE A315 113
MOVE A316 113
MOVE A317 53
MOVE A318 57
MOVE A319 57
MOVE A320 57
MOVE A321 53
MOVE A322 53
MOVE A323 53
MOVE A324 53
MOVE A325 53
MOVE A326 53
MOVE A327 53
MOVE A328 53
MOVE A329 31
MOVE A330 51
MOVE A331 19
MOVE A332 3
MOVE B331 91
MOVE B332 91
MOVE B333 71
MOVE B334 71
MOVE B336 71
MOVE B337 71
MOVE B338 71
MOVE B339 71
MOVE B340 71
MOVE B341 18
MOVE B342 71
MOVE B343 71
MOVE B344 71
MOVE B345 71
MOVE B346 71
MOVE B347 71
MOVE B348 91
MOVE B354 100
MOVE B355 100
MOVE B356 100
MOVE B357 117
MOVE B358 117
MOVE B359 117
MOVE B360 130
MOVE B361 130
MOVE B362 130
MOVE B363 142
MOVE B364 142
MOVE B365 142
MOVE B366 185
MOVE B367 185
MOVE B368 185
MOVE B369 185
MOVE B370 197
MOVE B371 197
MOVE B372 197
DAMAGE TURRET B333 2
DAMAGE TURRET B335 2
DAMAGE TURRET B341 2
DAMAGE COMBAT A39 1
DAMAGE COMBAT A193 1
DAMAGE COMBAT A282 4
DAMAGE COMBAT B333 1
DAMAGE COMBAT B335 1
DAMAGE COMBAT B341 3
SIEGE A 71 9
END TURN 358
TURN 359
COMMAND LEFT START
MOVE A333 46
MOVE A317 46
MOVE A321 46
MOVE A322 46
MOVE A323 46
MOVE A324 46
MOVE A325 46
MOVE A326 46
MOVE A327 46
MOVE A328 46
TRAIN 1
COMMAND LEFT END
COMMAND RIGHT START
MOVE B239 124
MOVE B328 124
MOVE B304 124
MOVE B305 124
MOVE B10 147
MOVE B118 147
MOVE B375 100
MOVE B374 100
MOVE B373 100
TRAIN 3
COMMAND RIGHT END
TURN 359 RESULT
TIME LEFT 2 5 RIGHT 1 5
TRAIN A334 B376 B377 B378
MOVE A286 67
MOVE A289 62
MOVE A290 60
MOVE A291 60
MOVE A292 60
MOVE A293 60
MOVE A294 60
MOVE A295 60
MOVE A296 60
MOVE A297 64
MOVE A298 60
MOVE A299 124
MOVE A301 60
MOVE A302 60
MOVE A303 60
MOVE A304 60
MOVE A305 60
MOVE A306 60
MOVE A307 124
MOVE A308 124
MOVE A309 124
MOVE A311 124
MOVE A312 124
MOVE A313 124
MOVE A314 124
MOVE A315 124
MOVE A316 124
MOVE A317 57
MOVE A318 60
MOVE A319 60
MOVE A320 60
MOVE A321 57
MOVE A322 57
MOVE A323 57
MOVE A324 57
MOVE A325 57
MOVE A326 57
MOVE A327 57
MOVE A328 57
MOVE A329 39
MOVE A330 71
MOVE A331 22
MOVE A332 10
MOVE A333 3
MOVE B10 135
MOVE B118 135
MOVE B239 135
MOVE B304 90
MOVE B305 90
MOVE B328 135
MOVE B331 99
MOVE B332 99
MOVE B348 99
MOVE B357 100
MOVE B358 100
MOVE B359 100
MOVE B360 117
MOVE B361 117
MOVE B362 117
MOVE B363 130
MOVE B364 130
MOVE B365 130
MOVE B366 161
MOVE B367 161
MOVE B368 161
MOVE B369 161
MOVE B370 185
MOVE B371 185
MOVE B372 185
MOVE B373 197
MOVE B374 197
MOVE B375 197
DAMAGE TURRET A299 1
DAMAGE TURRET A307 1
DAMAGE TURRET B333 2
DAMAGE TURRET B341 2
DAMAGE COMBAT A193 1
DAMAGE COMBAT A307 3
DAMAGE COMBAT A330 7
DAMAGE COMBAT B180 5
DAMAGE COMBAT B223 5
DAMAGE COMBAT B333 1
DAMAGE COMBAT B341 1
SIEGE A 71 3
END TURN 359
TURN 360
COMMAND LEFT START
MOVE A334 46
MOVE A307 46
MOVE A308 46
MOVE A309 46
MOVE A311 46
MOVE A312 46
MOVE A313 46
MOVE A314 46
MOVE A315 46
MOVE A316 46
TRAIN 1
COMMAND LEFT END
COMMAND RIGHT START
MOVE B349 124
MOVE B350 124
MOVE B351 124
MOVE B352 124
MOVE B333 100
MOVE B334 100
MOVE B336 100
MOVE B337 100
MOVE B338 100
MOVE B339 100
MOVE B340 100
MOVE B342 100
MOVE B343 100
MOVE B344 100
MOVE B345 100
MOVE B346 100
MOVE B359 18
MOVE B325 100
MOVE B324 100
MOVE B323 100
MOVE B322 100
MOVE B321 100
MOVE B320 100
MOVE B319 100
MOVE B318 100
MOVE B317 100
MOVE B316 100
MOVE B315 100
UPGRADE 71
TRAIN 3
COMMAND RIGHT END
TURN 360 RESULT
TIME LEFT 2 5 RIGHT 1 5
UPGRADE B 71
TRAIN A335 B379 B380 B381
MOVE A286 72
MOVE A289 73
MOVE A290 58
MOVE A291 58
MOVE A292 58
MOVE A293 58
MOVE A294 58
MOVE A295 58
MOVE A296 58
MOVE A297 71
MOVE A298 58
MOVE A301 58
MOVE A302 58
MOVE A303 58
MOVE A304 58
MOVE A305 58
MOVE A306 58
MOVE A317 60
MOVE A318 58
MOVE A319 58
MOVE A320 58
MOVE A321 60
MOVE A322 60
MOVE A323 60
MOVE A324 60
MOVE A325 60
MOVE A326 60
MOVE A327 60
MOVE A328 60
MOVE A329 55
MOVE A331 26
MOVE A332 19
MOVE A333 10
MOVE A334 3
MOVE B10 147
MOVE B118 147
MOVE B239 124
MOVE B304 104
MOVE B305 104
MOVE B315 78
MOVE B316 78
MOVE B317 78
MOVE B318 78
MOVE B319 78
MOVE B320 78
MOVE B321 78
MOVE B322 78
MOVE B323 78
MOVE B324 78
MOVE B325 78
MOVE B328 124
MOVE B331 87
MOVE B332 87
MOVE B333 77
MOVE B334 77
MOVE B336 77
MOVE B337 77
MOVE B338 77
MOVE B339 77
MOVE B340 77
MOVE B342 77
MOVE B343 77
MOVE B344 77
MOVE B345 77
MOVE B346 77
MOVE B348 87
MOVE B349 109
MOVE B350 109
MOVE B351 109
MOVE B352 109
MOVE B359 81
MOVE B360 100
MOVE B361 100
MOVE B362 100
MOVE B363 117
MOVE B364 117
MOVE B365 117
MOVE B366 142
MOVE B367 142
MOVE B368 142
MOVE B369 142
MOVE B370 161
MOVE B371 161
MOVE B372 161
MOVE B373 185
MOVE B374 185
MOVE B375 185
DAMAGE TURRET A297 1
DAMAGE TURRET A307 2
DAMAGE COMBAT A297 1
DAMAGE COMBAT A307 1
DAMAGE COMBAT A308 3
DAMAGE COMBAT B223 3
DAMAGE COMBAT B224 6
DAMAGE COMBAT B347 1
END TURN 360
TURN 361
COMMAND LEFT START
MOVE A335 35
MOVE A289 46
MOVE A297 46
TRAIN 1
COMMAND LEFT END
COMMAND RIGHT START
MOVE B376 53
MOVE B377 53
MOVE B378 53
MOVE B379 53
MOVE B380 53
TRAIN 3
COMMAND RIGHT END
TURN 361 RESULT
TIME LEFT 3 5 RIGHT 1 5
TRAIN A336 B382 B383 B384
MOVE A286 81
MOVE A289 62
MOVE A290 66
MOVE A291 66
MOVE A292 66
MOVE A293 66
MOVE A294 66
MOVE A295 66
MOVE A296 66
MOVE A298 66
MOVE A301 66
MOVE A302 66
MOVE A303 66
MOVE A304 66
MOVE A305 66
MOVE A306 66
MOVE A317 58
MOVE A318 66
MOVE A319 66
MOVE A320 66
MOVE A321 58
MOVE A322 58
MOVE A323 58
MOVE A324 58
MOVE A325 58
MOVE A326 58
MOVE A327 58
MOVE A328 58
MOVE A329 45
MOVE A331 42
MOVE A332 22
MOVE A333 19
MOVE A334 10
MOVE A335 3
MOVE B304 115
MOVE B305 115
MOVE B315 71
MOVE B316 71
MOVE B317 71
MOVE B318 71
MOVE B319 71
MOVE B320 71
MOVE B321 71
MOVE B322 71
MOVE B323 71
MOVE B324 71
MOVE B325 71
MOVE B331 76
MOVE B332 76
MOVE B333 97
MOVE B334 97
MOVE B336 97
MOVE B337 97
MOVE B338 97
MOVE B339 97
MOVE B340 97
MOVE B342 97
MOVE B343 97
MOVE B344 97
MOVE B345 97
MOVE B346 97
MOVE B348 76
MOVE B349 101
MOVE B350 101
MOVE B351 101
MOVE B352 101
MOVE B359 69
MOVE B363 100
MOVE B364 100
MOVE B365 100
MOVE B366 130
MOVE B367 130
MOVE B368 130
MOVE B369 130
MOVE B370 142
MOVE B371 142
MOVE B372 142
MOVE B373 161
MOVE B374 161
MOVE B375 161
MOVE B376 197
MOVE B377 197
MOVE B378 197
MOVE B379 197
MOVE B380 197
DAMAGE TURRET A297 1
DAMAGE TURRET A308 2
DAMAGE COMBAT A297 4
DAMAGE COMBAT A308 2
DAMAGE COMBAT A309 1
DAMAGE COMBAT B224 2
DAMAGE COMBAT B239 6
DAMAGE COMBAT B347 1
END TURN 361
TURN 362
COMMAND LEFT START
MOVE A336 35
TRAIN 1
COMMAND LEFT END
COMMAND RIGHT START
MOVE B7 76
MOVE B21 76
MOVE B34 76
MOVE B13 129
MOVE B15 129
MOVE B17 125
MOVE B313 100
MOVE B312 100
MOVE B311 100
MOVE B310 100
MOVE B309 100
MOVE B384 100
MOVE B383 100
MOVE B382 100
MOVE B381 100
UPGRADE 71
TRAIN 3
COMMAND RIGHT END
TURN 362 RESULT
TIME LEFT 3 5 RIGHT 1 5
UPGRADE B 71
TRAIN A337 B385 B386 B387
MOVE A286 83
MOVE A289 65
MOVE A290 68
MOVE A291 68
MOVE A292 68
MOVE A293 68
MOVE A294 68
MOVE A295 68
MOVE A296 68
MOVE A298 68
MOVE A301 68
MOVE A302 68
MOVE A303 68
MOVE A304 68
MOVE A305 68
MOVE A306 68
MOVE A317 55
MOVE A318 68
MOVE A319 68
MOVE A320 68
MOVE A321 55
MOVE A322 55
MOVE A323 55
MOVE A324 55
MOVE A325 55
MOVE A326 55
MOVE A327 55
MOVE A328 55
MOVE A329 64
MOVE A331 46
MOVE A332 26
MOVE A333 22
MOVE A334 19
MOVE A335 20
MOVE A336 3
MOVE B7 116
MOVE B13 87
MOVE B15 87
MOVE B17 85
MOVE B21 116
MOVE B34 110
MOVE B304 124
MOVE B305 124
MOVE B309 78
MOVE B310 78
MOVE B311 78
MOVE B312 78
MOVE B313 78
MOVE B315 77
MOVE B316 77
MOVE B317 77
MOVE B318 77
MOVE B319 77
MOVE B320 77
MOVE B321 77
MOVE B322 77
MOVE B323 77
MOVE B324 77
MOVE B325 77
MOVE B333 100
MOVE B334 100
MOVE B336 100
MOVE B337 100
MOVE B338 100
MOVE B339 100
MOVE B340 100
MOVE B342 100
MOVE B343 100
MOVE B344 100
MOVE B345 100
MOVE B346 100
MOVE B349 113
MOVE B350 113
MOVE B351 113
MOVE B352 113
MOVE B359 60
MOVE B366 117
MOVE B367 117
MOVE B368 117
MOVE B369 117
MOVE B370 130
MOVE B371 130
MOVE B372 130
MOVE B373 142
MOVE B374 142
MOVE B375 142
MOVE B376 180
MOVE B377 180
MOVE B378 180
MOVE B379 180
MOVE B380 180
MOVE B381 197
MOVE B382 197
MOVE B383 197
MOVE B384 197
DAMAGE TURRET A309 2
DAMAGE COMBAT A309 4
DAMAGE COMBAT B239 2
DAMAGE COMBAT B304 4
DAMAGE COMBAT B305 1
END TURN 362
TURN 363
COMMAND LEFT START
MOVE A337 35
TRAIN 1
COMMAND LEFT END
COMMAND RIGHT START
MOVE B114 76
MOVE B3 76
MOVE B25 76
MOVE B333 92
MOVE B334 92
MOVE B336 125
MOVE B387 100
MOVE B386 100
MOVE B385 100
TRAIN 1
COMMAND RIGHT END
TURN 363 RESULT
TIME LEFT 3 5 RIGHT 0 5
TRAIN A338 B388
MOVE A286 80
MOVE A289 67
MOVE A290 64
MOVE A291 64
MOVE A292 64
MOVE A293 64
MOVE A294 64
MOVE A295 64
MOVE A296 64
MOVE A298 64
MOVE A301 64
MOVE A302 64
MOVE A303 64
MOVE A304 64
MOVE A305 64
MOVE A306 64
MOVE A317 45
MOVE A318 64
MOVE A319 64
MOVE A320 64
MOVE A321 45
MOVE A322 45
MOVE A323 45
MOVE A324 45
MOVE A325 45
MOVE A326 45
MOVE A327 45
MOVE A328 45
MOVE A329 71
MOVE A332 42
MOVE A333 26
MOVE A334 22
MOVE A335 34
MOVE A336 20
MOVE A337 3
MOVE B3 93
MOVE B7 105
MOVE B13 105
MOVE B15 105
MOVE B17 96
MOVE B21 105
MOVE B25 93
MOVE B34 96
MOVE B114 110
MOVE B309 71
MOVE B310 71
MOVE B311 71
MOVE B312 71
MOVE B313 71
MOVE B315 97
MOVE B316 97
MOVE B317 97
MOVE B318 97
MOVE B319 97
MOVE B320 97
MOVE B321 97
MOVE B322 97
MOVE B323 97
MOVE B324 97
MOVE B325 97
MOVE B333 91
MOVE B334 91
MOVE B336 103
MOVE B349 124
MOVE B350 124
MOVE B351 124
MOVE B352 124
MOVE B359 37
MOVE B366 100
MOVE B367 100
MOVE B368 100
MOVE B369 100
MOVE B370 117
MOVE B371 117
MOVE B372 117
MOVE B373 130
MOVE B374 130
MOVE B375 130
MOVE B376 164
MOVE B377 164
MOVE B378 164
MOVE B379 164
MOVE B380 164
MOVE B381 185
MOVE B382 185
MOVE B383 185
MOVE B384 185
MOVE B385 197
MOVE B386 197
MOVE B387 197
DAMAGE TURRET A311 2
DAMAGE TURRET A329 1
DAMAGE COMBAT A311 5
DAMAGE COMBAT A312 1
DAMAGE COMBAT A329 6
DAMAGE COMBAT B305 6
DAMAGE COMBAT B347 1
END TURN 363
TURN 364
COMMAND LEFT START
MOVE A338 35
TRAIN 2
COMMAND LEFT END
COMMAND RIGHT START
MOVE B337 76
MOVE B338 76
MOVE B339 76
MOVE B340 71
MOVE B388 100
UPGRADE 71
TRAIN 3
COMMAND RIGHT END
TURN 364 RESULT
TIME LEFT 3 5 RIGHT 1 5
UPGRADE B 71
TRAIN A339 A340 B389 B390 B391
MOVE A286 77
MOVE A289 72
MOVE A290 71
MOVE A291 71
MOVE A292 71
MOVE A293 71
MOVE A294 71
MOVE A295 71
MOVE A296 71
MOVE A298 71
MOVE A301 71
MOVE A302 71
MOVE A303 71
MOVE A304 71
MOVE A305 71
MOVE A306 71
MOVE A317 35
MOVE A318 71
MOVE A319 71
MOVE A320 71
MOVE A321 35
MOVE A322 35
MOVE A323 35
MOVE A324 35
MOVE A325 35
MOVE A326 35
MOVE A327 35
MOVE A328 35
MOVE A332 46
MOVE A333 42
MOVE A334 26
MOVE A335 35
MOVE A336 34
MOVE A337 20
MOVE A338 3
MOVE B3 96
MOVE B7 87
MOVE B13 116
MOVE B15 116
MOVE B17 110
MOVE B21 87
MOVE B25 96
MOVE B34 85
MOVE B114 96
MOVE B309 77
MOVE B310 77
MOVE B311 77
MOVE B312 77
MOVE B313 77
MOVE B315 100
MOVE B316 100
MOVE B317 100
MOVE B318 100
MOVE B319 100
MOVE B320 100
MOVE B321 100
MOVE B322 100
MOVE B323 100
MOVE B324 100
MOVE B325 100
MOVE B333 99
MOVE B334 99
MOVE B336 123
MOVE B337 91
MOVE B338 91
MOVE B339 91
MOVE B340 97
MOVE B359 28
MOVE B370 100
MOVE B371 100
MOVE B372 100
MOVE B373 117
MOVE B374 117
MOVE B375 117
MOVE B376 155
MOVE B377 155
MOVE B378 155
MOVE B379 155
MOVE B380 155
MOVE B381 161
MOVE B382 161
MOVE B383 161
MOVE B384 161
MOVE B385 185
MOVE B386 185
MOVE B387 185
MOVE B388 197
DAMAGE TURRET A290 2
DAMAGE TURRET A312 2
DAMAGE COMBAT A286 5
DAMAGE COMBAT A290 1
DAMAGE COMBAT A312 4
DAMAGE COMBAT A313 2
DAMAGE COMBAT B305 1
DAMAGE COMBAT B309 1
DAMAGE COMBAT B328 4
DAMAGE COMBAT B347 5
SIEGE B 71 12
END TURN 364
TURN 365
COMMAND LEFT START
MOVE A290 35
MOVE A291 35
MOVE A292 113
MOVE A339 35
MOVE A340 35
MOVE A293 46
MOVE A294 46
MOVE A295 46
MOVE A296 46
MOVE A298 46
MOVE A301 46
MOVE A302 46
MOVE A303 46
MOVE A304 46
MOVE A305 46
MOVE A306 46
MOVE A318 46
MOVE A319 46
MOVE A320 46
MOVE A335 46
COMMAND LEFT END
COMMAND RIGHT START
TRAIN 2
COMMAND RIGHT END
TURN 365 RESULT
TIME LEFT 5 5 RIGHT 2 5
TRAIN B392 B393
MOVE A289 69
MOVE A290 51
MOVE A291 51
MOVE A292 84
MOVE A293 61
MOVE A294 61
MOVE A295 61
MOVE A296 61
MOVE A298 61
MOVE A301 61
MOVE A302 61
MOVE A303 61
MOVE A304 61
MOVE A305 61
MOVE A306 61
MOVE A317 33
MOVE A318 61
MOVE A319 61
MOVE A320 61
MOVE A321 33
MOVE A322 33
MOVE A323 33
MOVE A324 33
MOVE A325 33
MOVE A326 33
MOVE A327 33
MOVE A328 33
MOVE A333 46
MOVE A334 42
MOVE A335 33
MOVE A336 35
MOVE A337 34
MOVE A338 20
MOVE A339 3
MOVE A340 3
MOVE B3 85
MOVE B7 76
MOVE B13 129
MOVE B15 129
MOVE B17 125
MOVE B21 76
MOVE B25 85
MOVE B34 76
MOVE B114 85
MOVE B333 105
MOVE B334 105
MOVE B336 129
MOVE B337 99
MOVE B338 99
MOVE B339 99
MOVE B340 77
MOVE B359 18
MOVE B373 100
MOVE B374 100
MOVE B375 100
MOVE B376 132
MOVE B377 132
MOVE B378 132
MOVE B379 132
MOVE B380 132
MOVE B381 142
MOVE B382 142
MOVE B383 142
MOVE B384 142
MOVE B385 161
MOVE B386 161
MOVE B387 161
MOVE B388 185
DAMAGE TURRET A313 2
DAMAGE TURRET B359 2
DAMAGE COMBAT A193 1
DAMAGE COMBAT A286 2
DAMAGE COMBAT A313 3
DAMAGE COMBAT A314 2
DAMAGE COMBAT B309 1
DAMAGE COMBAT B328 4
DAMAGE COMBAT B359 3
END TURN 365
TURN 366
COMMAND LEFT START
MOVE A331 35
MOVE A332 35
MOVE A333 35
TRAIN 2
COMMAND LEFT END
COMMAND RIGHT START
MOVE B315 71
MOVE B316 71
MOVE B375 0
MOVE B374 0
MOVE B373 0
MOVE B372 0
MOVE B371 0
MOVE B370 0
MOVE B369 0
MOVE B368 0
MOVE B367 0
MOVE B366 0
MOVE B365 0
MOVE B364 0
MOVE B363 0
MOVE B362 0
MOVE B361 0
MOVE B360 0
MOVE B358 0
MOVE B357 0
MOVE B356 0
MOVE B355 0
MOVE B354 0
MOVE B353 0
MOVE B346 0
MOVE B345 0
MOVE B344 0
MOVE B343 0
MOVE B342 0
MOVE B325 0
MOVE B324 0
MOVE B323 0
MOVE B322 0
MOVE B321 0
MOVE B320 0
MOVE B319 0
COMMAND RIGHT END
TURN 366 RESULT
TIME LEFT 3 5 RIGHT 1 5
TRAIN A341 A342
MOVE A289 70
MOVE A290 35
MOVE A291 35
MOVE A292 95
MOVE A293 56
MOVE A294 56
MOVE A295 56
MOVE A296 56
MOVE A298 56
MOVE A301 56
MOVE A302 56
MOVE A303 56
MOVE A304 56
MOVE A305 56
MOVE A306 56
MOVE A317 42
MOVE A318 56
MOVE A319 56
MOVE A320 56
MOVE A321 42
MOVE A322 42
MOVE A323 42
MOVE A324 42
MOVE A325 42
MOVE A326 42
MOVE A327 42
MOVE A328 42
MOVE A331 42
MOVE A332 42
MOVE A333 42
MOVE A334 46
MOVE A335 42
MOVE A337 35
MOVE A338 34
MOVE A339 20
MOVE A340 20
MOVE B3 76
MOVE B25 76
MOVE B114 76
MOVE B309 97
MOVE B310 97
MOVE B311 97
MOVE B312 97
MOVE B313 97
MOVE B315 97
MOVE B316 97
MOVE B319 83
MOVE B320 83
MOVE B321 83
MOVE B322 83
MOVE B323 83
MOVE B324 83
MOVE B325 83
MOVE B333 98
MOVE B334 98
MOVE B336 122
MOVE B337 87
MOVE B338 87
MOVE B339 87
MOVE B340 71
MOVE B342 83
MOVE B343 83
MOVE B344 83
MOVE B345 83
MOVE B346 83
MOVE B353 83
MOVE B354 83
MOVE B355 83
MOVE B356 83
MOVE B357 83
MOVE B358 83
MOVE B360 83
MOVE B361 83
MOVE B362 83
MOVE B363 83
MOVE B364 83
MOVE B365 83
MOVE B366 83
MOVE B367 83
MOVE B368 83
MOVE B369 83
MOVE B370 83
MOVE B371 83
MOVE B372 83
MOVE B373 83
MOVE B374 83
MOVE B375 83
MOVE B376 123
MOVE B377 123
MOVE B378 123
MOVE B379 123
MOVE B380 123
MOVE B381 130
MOVE B382 130
MOVE B383 130
MOVE B384 130
MOVE B385 142
MOVE B386 142
MOVE B387 142
MOVE B388 161
DAMAGE TURRET A314 2
DAMAGE TURRET B359 2
DAMAGE COMBAT A193 1
DAMAGE COMBAT A314 3
DAMAGE COMBAT A315 1
DAMAGE COMBAT B349 3
DAMAGE COMBAT B359 1
END TURN 366
TURN 367
COMMAND LEFT START
MOVE A341 35
MOVE A342 35
MOVE A291 46
MOVE A310 46
MOVE A336 46
MOVE A337 46
TRAIN 1
COMMAND LEFT END
COMMAND RIGHT START
MOVE B393 100
MOVE B392 100
MOVE B391 100
MOVE B390 100
MOVE B389 100
MOVE B348 100
MOVE B332 100
MOVE B331 100
MOVE B114 100
MOVE B34 100
MOVE B25 100
TRAIN 3
COMMAND RIGHT END
TURN 367 RESULT
TIME LEFT 3 5 RIGHT 1 5
TRAIN A343 B394 B395 B396
MOVE A289 66
MOVE A291 33
MOVE A292 113
MOVE A293 46
MOVE A294 46
MOVE A295 46
MOVE A296 46
MOVE A298 46
MOVE A301 46
MOVE A302 46
MOVE A303 46
MOVE A304 46
MOVE A305 46
MOVE A306 46
MOVE A310 33
MOVE A317 46
MOVE A318 46
MOVE A319 46
MOVE A320 46
MOVE A321 46
MOVE A322 46
MOVE A323 46
MOVE A324 46
MOVE A325 46
MOVE A326 46
MOVE A327 46
MOVE A328 46
MOVE A331 33
MOVE A332 33
MOVE A333 33
MOVE A335 46
MOVE A336 33
MOVE A337 33
MOVE A338 35
MOVE A339 34
MOVE A340 34
MOVE A341 3
MOVE A342 3
MOVE B25 87
MOVE B34 87
MOVE B114 87
MOVE B309 100
MOVE B310 100
MOVE B311 100
MOVE B312 100
MOVE B313 100
MOVE B315 77
MOVE B316 77
MOVE B319 70
MOVE B320 70
MOVE B321 70
MOVE B322 70
MOVE B323 70
MOVE B324 70
MOVE B325 70
MOVE B331 87
MOVE B332 87
MOVE B333 96
MOVE B334 96
MOVE B336 125
MOVE B337 76
MOVE B338 76
MOVE B339 76
MOVE B342 70
MOVE B343 70
MOVE B344 70
MOVE B345 70
MOVE B346 70
MOVE B348 87
MOVE B353 70
MOVE B354 70
MOVE B355 70
MOVE B356 70
MOVE B357 70
MOVE B358 70
MOVE B360 70
MOVE B361 70
MOVE B362 70
MOVE B363 70
MOVE B364 70
MOVE B365 70
MOVE B366 70
MOVE B367 70
MOVE B368 70
MOVE B369 70
MOVE B370 70
MOVE B371 70
MOVE B372 70
MOVE B373 70
MOVE B374 70
MOVE B375 70
MOVE B376 105
MOVE B377 105
MOVE B378 105
MOVE B379 105
MOVE B380 105
MOVE B381 117
MOVE B382 117
MOVE B383 117
MOVE B384 117
MOVE B385 130
MOVE B386 130
MOVE B387 130
MOVE B388 142
MOVE B389 197
MOVE B390 197
MOVE B391 197
MOVE B392 197
MOVE B393 197
DAMAGE TURRET A315 2
DAMAGE COMBAT A315 4
DAMAGE COMBAT B349 2
END TURN 367
TURN 368
COMMAND LEFT START
MOVE A338 0
MOVE A293 0
MOVE A294 0
MOVE A295 0
MOVE A296 0
MOVE A298 0
MOVE A301 0
MOVE A302 0
MOVE A303 0
MOVE A304 0
MOVE A305 0
MOVE A306 0
MOVE A317 0
MOVE A318 0
MOVE A319 0
MOVE A320 0
MOVE A321 0
MOVE A322 0
MOVE A323 0
MOVE A324 0
MOVE A325 0
MOVE A326 0
MOVE A327 0
MOVE A328 0
MOVE A292 35
MOVE A343 35
TRAIN 1
COMMAND LEFT END
COMMAND RIGHT START
MOVE B396 100
MOVE B395 100
MOVE B394 100
MOVE B339 100
MOVE B338 100
MOVE B337 100
TRAIN 3
COMMAND RIGHT END
TURN 368 RESULT
TIME LEFT 5 5 RIGHT 5 5
TRAIN A344 B397 B398 B399
MOVE A289 68
MOVE A291 42
MOVE A292 95
MOVE A293 42
MOVE A294 42
MOVE A295 42
MOVE A296 42
MOVE A298 42
MOVE A301 42
MOVE A302 42
MOVE A303 42
MOVE A304 42
MOVE A305 42
MOVE A306 42
MOVE A310 42
MOVE A317 42
MOVE A318 42
MOVE A319 42
MOVE A320 42
MOVE A321 42
MOVE A322 42
MOVE A323 42
MOVE A324 42
MOVE A325 42
MOVE A326 42
MOVE A327 42
MOVE A328 42
MOVE A331 35
MOVE A332 35
MOVE A333 35
MOVE A336 42
MOVE A337 42
MOVE A338 34
MOVE A339 35
MOVE A340 35
MOVE A341 20
MOVE A342 20
MOVE A343 3
MOVE B25 99
MOVE B34 99
MOVE B114 99
MOVE B315 71
MOVE B316 71
MOVE B319 58
MOVE B320 58
MOVE B321 58
MOVE B322 58
MOVE B323 58
MOVE B324 58
MOVE B325 58
MOVE B331 99
MOVE B332 99
MOVE B333 93
MOVE B334 93
MOVE B337 87
MOVE B338 87
MOVE B339 87
MOVE B342 58
MOVE B343 58
MOVE B344 58
MOVE B345 58
MOVE B346 58
MOVE B348 99
MOVE B353 58
MOVE B354 58
MOVE B355 58
MOVE B356 58
MOVE B357 58
MOVE B358 58
MOVE B360 58
MOVE B361 58
MOVE B362 58
MOVE B363 58
MOVE B364 58
MOVE B365 58
MOVE B366 58
MOVE B367 58
MOVE B368 58
MOVE B369 58
MOVE B370 58
MOVE B371 58
MOVE B372 58
MOVE B373 58
MOVE B374 58
MOVE B375 58
MOVE B376 87
MOVE B377 87
MOVE B378 87
MOVE B379 87
MOVE B380 87
MOVE B381 100
MOVE B382 100
MOVE B383 100
MOVE B384 100
MOVE B385 117
MOVE B386 117
MOVE B387 117
MOVE B388 130
MOVE B389 185
MOVE B390 185
MOVE B391 185
MOVE B392 185
MOVE B393 185
MOVE B394 197
MOVE B395 197
MOVE B396 197
DAMAGE TURRET A316 2
DAMAGE COMBAT A316 4
DAMAGE COMBAT B349 1
END TURN 368
TURN 369
COMMAND LEFT START
MOVE A331 0
MOVE A332 0
MOVE A333 0
MOVE A339 0
MOVE A340 0
MOVE A334 0
MOVE A335 0
MOVE A273 0
MOVE A275 0
MOVE A290 0
MOVE A288 0
MOVE A258 0
MOVE A265 0
MOVE A276 0
MOVE A39 0
MOVE A344 35
TRAIN 1
COMMAND LEFT END
COMMAND RIGHT START
MOVE B399 100
MOVE B398 100
MOVE B397 100
TRAIN 3
COMMAND RIGHT END
TURN 369 RESULT
TIME LEFT 3 5 RIGHT 0 5
TRAIN A345 B400 B401 B402
MOVE A39 79
MOVE A258 42
MOVE A265 42
MOVE A273 34
MOVE A275 34
MOVE A276 42
MOVE A288 41
MOVE A289 64
MOVE A290 34
MOVE A291 46
MOVE A292 77
MOVE A293 26
MOVE A294 26
MOVE A295 26
MOVE A296 26
MOVE A298 26
MOVE A301 26
MOVE A302 26
MOVE A303 26
MOVE A304 26
MOVE A305 26
MOVE A306 26
MOVE A310 46
MOVE A317 26
MOVE A318 26
MOVE A319 26
MOVE A320 26
MOVE A321 26
MOVE A322 26
MOVE A323 26
MOVE A324 26
MOVE A325 26
MOVE A326 26
MOVE A327 26
MOVE A328 26
MOVE A331 34
MOVE A332 34
MOVE A333 34
MOVE A334 42
MOVE A335 42
MOVE A336 46
MOVE A337 46
MOVE A338 20
MOVE A339 34
MOVE A340 34
MOVE A341 34
MOVE A342 34
MOVE A343 20
MOVE A344 3
MOVE B25 91
MOVE B34 91
MOVE B114 91
MOVE B319 39
MOVE B320 39
MOVE B321 39
MOVE B322 39
MOVE B323 39
MOVE B324 39
MOVE B325 39
MOVE B331 91
MOVE B332 91
MOVE B333 92
MOVE B334 92
MOVE B337 99
MOVE B338 99
MOVE B339 99
MOVE B342 39
MOVE B343 39
MOVE B344 39
MOVE B345 39
MOVE B346 39
MOVE B348 91
MOVE B353 39
MOVE B354 39
MOVE B355 39
MOVE B356 39
MOVE B357 39
MOVE B358 39
MOVE B360 39
MOVE B361 39
MOVE B362 39
MOVE B363 39
MOVE B364 39
MOVE B365 39
MOVE B366 39
MOVE B367 39
MOVE B368 39
MOVE B369 39
MOVE B370 39
MOVE B371 39
MOVE B372 39
MOVE B373 39
MOVE B374 39
MOVE B375 39
MOVE B376 67
MOVE B377 67
MOVE B378 67
MOVE B379 67
MOVE B380 67
MOVE B385 100
MOVE B386 100
MOVE B387 100
MOVE B388 117
MOVE B389 161
MOVE B390 161
MOVE B391 161
MOVE B392 161
MOVE B393 161
MOVE B394 185
MOVE B395 185
MOVE B396 185
MOVE B397 197
MOVE B398 197
MOVE B399 197
DAMAGE TURRET A316 1
DAMAGE COMBAT B349 1
END TURN 369
TURN 370
COMMAND LEFT START
MOVE A337 0
MOVE A193 0
MOVE A197 0
MOVE A201 0
MOVE A291 0
MOVE A310 0
MOVE A336 0
MOVE A83 0
MOVE A255 0
MOVE A345 35
COMMAND LEFT END
COMMAND RIGHT START
MOVE B349 71
MOVE B350 71
MOVE B351 71
MOVE B309 124
MOVE B310 124
MOVE B402 100
MOVE B401 100
MOVE B400 100
TRAIN 3
COMMAND RIGHT END
TURN 370 RESULT
TIME LEFT 2 5 RIGHT 1 5
TRAIN B403 B404 B405
MOVE A39 59
MOVE A83 79
MOVE A193 14
MOVE A197 14
MOVE A201 14
MOVE A255 79
MOVE A258 26
MOVE A265 26
MOVE A273 20
MOVE A275 20
MOVE A276 26
MOVE A288 28
MOVE A289 51
MOVE A290 20
MOVE A291 42
MOVE A292 64
MOVE A293 22
MOVE A294 22
MOVE A295 22
MOVE A296 22
MOVE A298 22
MOVE A301 22
MOVE A302 22
MOVE A303 22
MOVE A304 22
MOVE A305 22
MOVE A306 22
MOVE A310 42
MOVE A317 22
MOVE A318 22
MOVE A319 22
MOVE A320 22
MOVE A321 22
MOVE A322 22
MOVE A323 22
MOVE A324 22
MOVE A325 22
MOVE A326 22
MOVE A327 22
MOVE A328 22
MOVE A331 20
MOVE A332 20
MOVE A333 20
MOVE A334 26
MOVE A335 26
MOVE A336 42
MOVE A337 42
MOVE A338 3
MOVE A339 20
MOVE A340 20
MOVE A341 35
MOVE A342 35
MOVE A343 34
MOVE A344 20
MOVE A345 3
MOVE B25 100
MOVE B34 100
MOVE B114 100
MOVE B309 109
MOVE B310 109
MOVE B319 15
MOVE B320 15
MOVE B321 15
MOVE B322 15
MOVE B323 15
MOVE B324 15
MOVE B325 15
MOVE B331 100
MOVE B332 100
MOVE B337 91
MOVE B338 91
MOVE B339 91
MOVE B342 15
MOVE B343 15
MOVE B344 15
MOVE B345 15
MOVE B346 15
MOVE B348 100
MOVE B349 113
MOVE B350 113
MOVE B351 113
MOVE B353 15
MOVE B354 15
MOVE B355 15
MOVE B356 15
MOVE B357 15
MOVE B358 15
MOVE B360 15
MOVE B361 15
MOVE B362 15
MOVE B363 15
MOVE B364 15
MOVE B365 15
MOVE B366 15
MOVE B367 15
MOVE B368 15
MOVE B369 15
MOVE B370 15
MOVE B371 15
MOVE B372 15
MOVE B373 15
MOVE B374 15
MOVE B375 15
MOVE B376 53
MOVE B377 53
MOVE B378 53
MOVE B379 53
MOVE B380 53
MOVE B388 100
MOVE B389 142
MOVE B390 142
MOVE B391 142
MOVE B392 142
MOVE B393 142
MOVE B394 161
MOVE B395 161
MOVE B396 161
MOVE B397 185
MOVE B398 185
MOVE B399 185
MOVE B400 197
MOVE B401 197
MOVE B402 197
END TURN 370
TURN 371
COMMAND LEFT START
MOVE A341 0
MOVE A342 0
COMMAND LEFT END
COMMAND RIGHT START
MOVE B25 71
MOVE B34 71
MOVE B114 71
MOVE B376 100
MOVE B377 100
MOVE B378 100
MOVE B379 100
MOVE B388 108
MOVE B387 108
MOVE B386 108
MOVE B385 108
MOVE B384 108
MOVE B383 108
MOVE B382 108
MOVE B381 108
MOVE B348 108
MOVE B332 108
MOVE B331 108
MOVE B318 108
MOVE B317 108
MOVE B313 108
COMMAND RIGHT END
TURN 371 RESULT
TIME LEFT 3 5 RIGHT 0 5
MOVE A39 46
MOVE A83 59
MOVE A193 6
MOVE A197 6
MOVE A201 6
MOVE A255 59
MOVE A258 22
MOVE A265 22
MOVE A273 3
MOVE A275 3
MOVE A276 22
MOVE A288 21
MOVE A289 56
MOVE A290 3
MOVE A291 26
MOVE A292 35
MOVE A293 19
MOVE A294 19
MOVE A295 19
MOVE A296 19
MOVE A298 19
MOVE A301 19
MOVE A302 19
MOVE A303 19
MOVE A304 19
MOVE A305 19
MOVE A306 19
MOVE A310 26
MOVE A317 19
MOVE A318 19
MOVE A319 19
MOVE A320 19
MOVE A321 19
MOVE A322 19
MOVE A323 19
MOVE A324 19
MOVE A325 19
MOVE A326 19
MOVE A327 19
MOVE A328 19
MOVE A331 3
MOVE A332 3
MOVE A333 3
MOVE A334 22
MOVE A335 22
MOVE A336 26
MOVE A337 26
MOVE A338 0
MOVE A339 3
MOVE A340 3
MOVE A341 34
MOVE A342 34
MOVE A343 35
MOVE A344 34
MOVE A345 20
MOVE B25 97
MOVE B34 97
MOVE B114 97
MOVE B309 101
MOVE B310 101
MOVE B313 109
MOVE B317 109
MOVE B318 109
MOVE B319 3
MOVE B320 3
MOVE B321 3
MOVE B322 3
MOVE B323 3
MOVE B324 3
MOVE B325 3
MOVE B331 109
MOVE B332 109
MOVE B337 100
MOVE B338 100
MOVE B339 100
MOVE B342 3
MOVE B343 3
MOVE B344 3
MOVE B345 3
MOVE B346 3
MOVE B348 109
MOVE B349 95
MOVE B350 95
MOVE B351 95
MOVE B353 3
MOVE B354 3
MOVE B355 3
MOVE B356 3
MOVE B357 3
MOVE B358 3
MOVE B360 3
MOVE B361 3
MOVE B362 3
MOVE B363 3
MOVE B364 3
MOVE B365 3
MOVE B366 3
MOVE B367 3
MOVE B368 3
MOVE B369 3
MOVE B370 3
MOVE B371 3
MOVE B372 3
MOVE B373 3
MOVE B374 3
MOVE B375 3
MOVE B376 67
MOVE B377 67
MOVE B378 67
MOVE B379 67
MOVE B381 109
MOVE B382 109
MOVE B383 109
MOVE B384 109
MOVE B385 109
MOVE B386 109
MOVE B387 109
MOVE B388 109
MOVE B389 130
MOVE B390 130
MOVE B391 130
MOVE B392 130
MOVE B393 130
MOVE B394 142
MOVE B395 142
MOVE B396 142
MOVE B397 161
MOVE B398 161
MOVE B399 161
MOVE B400 185
MOVE B401 185
MOVE B402 185
DAMAGE COMBAT A273 4
DAMAGE COMBAT A275 7
DAMAGE COMBAT A290 4
DAMAGE COMBAT A331 7
DAMAGE COMBAT A332 7
DAMAGE COMBAT A333 5
DAMAGE COMBAT B319 8
END TURN 371
TURN 372
COMMAND LEFT START
MOVE A292 0
MOVE A343 0
MOVE A338 18
COMMAND LEFT END
COMMAND RIGHT START
MOVE B405 100
MOVE B404 100
MOVE B403 100
UPGRADE 53
TRAIN 1
COMMAND RIGHT END
TURN 372 RESULT
TIME LEFT 2 5 RIGHT 0 5
UPGRADE B 53
TRAIN B406
MOVE A39 42
MOVE A83 46
MOVE A193 0
MOVE A197 0
MOVE A201 0
MOVE A255 46
MOVE A258 19
MOVE A265 19
MOVE A276 19
MOVE A288 14
MOVE A289 46
MOVE A291 22
MOVE A292 34
MOVE A293 10
MOVE A294 10
MOVE A295 10
MOVE A296 10
MOVE A298 10
MOVE A301 10
MOVE A302 10
MOVE A303 10
MOVE A304 10
MOVE A305 10
MOVE A306 10
MOVE A310 22
MOVE A317 10
MOVE A318 10
MOVE A319 10
MOVE A320 10
MOVE A321 10
MOVE A322 10
MOVE A323 10
MOVE A324 10
MOVE A325 10
MOVE A326 10
MOVE A327 10
MOVE A328 10
MOVE A334 19
MOVE A335 19
MOVE A336 22
MOVE A337 22
MOVE A338 6
MOVE A341 20
MOVE A342 20
MOVE A343 34
MOVE A344 35
MOVE A345 34
MOVE B25 77
MOVE B34 77
MOVE B114 77
MOVE B309 113
MOVE B310 113
MOVE B313 101
MOVE B317 101
MOVE B318 101
MOVE B331 101
MOVE B332 101
MOVE B348 101
MOVE B349 84
MOVE B350 84
MOVE B351 84
MOVE B376 72
MOVE B377 72
MOVE B378 72
MOVE B379 72
MOVE B381 101
MOVE B382 101
MOVE B383 101
MOVE B384 101
MOVE B385 101
MOVE B386 101
MOVE B387 101
MOVE B388 101
MOVE B389 117
MOVE B390 117
MOVE B391 117
MOVE B392 117
MOVE B393 117
MOVE B394 130
MOVE B395 130
MOVE B396 130
MOVE B397 142
MOVE B398 142
MOVE B399 142
MOVE B400 161
MOVE B401 161
MOVE B402 161
MOVE B403 197
MOVE B404 197
MOVE B405 197
DAMAGE COMBAT A333 2
DAMAGE COMBAT A339 7
DAMAGE COMBAT A340 7
DAMAGE COMBAT B320 3
END TURN 372
TURN 373
COMMAND LEFT START
MOVE A289 18
MOVE A193 35
MOVE A197 35
MOVE A201 35
COMMAND LEFT END
COMMAND RIGHT START
MOVE B406 100
TRAIN 3
COMMAND RIGHT END
TURN 373 RESULT
TIME LEFT 2 5 RIGHT 0 5
TRAIN B407 B408 B409
MOVE A39 26
MOVE A83 42
MOVE A193 3
MOVE A197 3
MOVE A201 3
MOVE A255 42
MOVE A258 10
MOVE A265 10
MOVE A276 10
MOVE A288 6
MOVE A289 42
MOVE A291 19
MOVE A292 20
MOVE A293 3
MOVE A294 3
MOVE A295 3
MOVE A296 3
MOVE A298 3
MOVE A301 3
MOVE A302 3
MOVE A303 3
MOVE A304 3
MOVE A305 3
MOVE A306 3
MOVE A310 19
MOVE A317 3
MOVE A318 3
MOVE A319 3
MOVE A320 3
MOVE A321 3
MOVE A322 3
MOVE A323 3
MOVE A324 3
MOVE A325 3
MOVE A326 3
MOVE A327 3
MOVE A328 3
MOVE A334 10
MOVE A335 10
MOVE A336 19
MOVE A337 19
MOVE A338 14
MOVE A341 3
MOVE A342 3
MOVE A343 20
MOVE A345 35
MOVE B25 71
MOVE B34 71
MOVE B114 71
MOVE B309 124
MOVE B310 124
MOVE B313 95
MOVE B317 95
MOVE B318 95
MOVE B320 0
MOVE B321 0
MOVE B322 0
MOVE B323 0
MOVE B324 0
MOVE B325 0
MOVE B331 95
MOVE B332 95
MOVE B342 0
MOVE B343 0
MOVE B344 0
MOVE B345 0
MOVE B346 0
MOVE B348 95
MOVE B349 71
MOVE B350 71
MOVE B351 71
MOVE B353 0
MOVE B354 0
MOVE B355 0
MOVE B356 0
MOVE B357 0
MOVE B358 0
MOVE B360 0
MOVE B361 0
MOVE B362 0
MOVE B363 0
MOVE B364 0
MOVE B365 0
MOVE B366 0
MOVE B367 0
MOVE B368 0
MOVE B369 0
MOVE B370 0
MOVE B371 0
MOVE B372 0
MOVE B373 0
MOVE B374 0
MOVE B375 0
MOVE B376 91
MOVE B377 91
MOVE B378 91
MOVE B379 91
MOVE B381 95
MOVE B382 95
MOVE B383 95
MOVE B384 95
MOVE B385 95
MOVE B386 95
MOVE B387 95
MOVE B388 95
MOVE B389 100
MOVE B390 100
MOVE B391 100
MOVE B392 100
MOVE B393 100
MOVE B394 117
MOVE B395 117
MOVE B396 117
MOVE B397 130
MOVE B398 130
MOVE B399 130
MOVE B400 142
MOVE B401 142
MOVE B402 142
MOVE B403 185
MOVE B404 185
MOVE B405 185
MOVE B406 197
DAMAGE TURRET B320 3
DAMAGE COMBAT A21 6
DAMAGE COMBAT A30 6
DAMAGE COMBAT A74 7
DAMAGE COMBAT A77 7
DAMAGE COMBAT B320 2
DAMAGE COMBAT B321 2
DAMAGE HUNGER A343 1
DAMAGE HUNGER A344 1
DAMAGE HUNGER A345 1
SIEGE A 0 7
END TURN 373
TURN 374
COMMAND LEFT START
MOVE A344 0
MOVE A345 0
COMMAND LEFT END
COMMAND RIGHT START
MOVE B409 100
MOVE B408 100
MOVE B407 100
MOVE B351 100
MOVE B350 100
MOVE B349 100
MOVE B340 100
MOVE B316 100
MOVE B315 100
TRAIN 3
COMMAND RIGHT END
TURN 374 RESULT
TIME LEFT 2 5 RIGHT 1 5
TRAIN B410 B411 B412
MOVE A39 22
MOVE A83 26
MOVE A193 20
MOVE A197 20
MOVE A201 20
MOVE A255 26
MOVE A258 3
MOVE A265 3
MOVE A276 3
MOVE A288 0
MOVE A289 33
MOVE A291 10
MOVE A292 3
MOVE A293 0
MOVE A294 0
MOVE A295 0
MOVE A296 0
MOVE A298 0
MOVE A301 0
MOVE A302 0
MOVE A303 0
MOVE A304 0
MOVE A305 0
MOVE A306 0
MOVE A310 10
MOVE A317 0
MOVE A318 0
MOVE A319 0
MOVE A320 0
MOVE A321 0
MOVE A322 0
MOVE A323 0
MOVE A324 0
MOVE A325 0
MOVE A326 0
MOVE A327 0
MOVE A328 0
MOVE A334 3
MOVE A335 3
MOVE A336 10
MOVE A337 10
MOVE A338 18
MOVE A341 0
MOVE A342 0
MOVE A343 3
MOVE A344 34
MOVE A345 34
MOVE B313 102
MOVE B315 77
MOVE B316 77
MOVE B317 102
MOVE B318 102
MOVE B331 102
MOVE B332 102
MOVE B340 77
MOVE B348 102
MOVE B349 77
MOVE B350 77
MOVE B351 77
MOVE B376 100
MOVE B377 100
MOVE B378 100
MOVE B379 100
MOVE B381 102
MOVE B382 102
MOVE B383 102
MOVE B384 102
MOVE B385 102
MOVE B386 102
MOVE B387 102
MOVE B388 102
MOVE B394 100
MOVE B395 100
MOVE B396 100
MOVE B397 117
MOVE B398 117
MOVE B399 117
MOVE B400 130
MOVE B401 130
MOVE B402 130
MOVE B403 161
MOVE B404 161
MOVE B405 161
MOVE B406 185
MOVE B407 197
MOVE B408 197
MOVE B409 197
DAMAGE TURRET B321 3
DAMAGE COMBAT A288 3
DAMAGE COMBAT A293 7
DAMAGE COMBAT A294 7
DAMAGE COMBAT A295 7
DAMAGE COMBAT A296 7
DAMAGE COMBAT A298 1
DAMAGE COMBAT B321 3
DAMAGE COMBAT B322 8
DAMAGE COMBAT B323 8
DAMAGE COMBAT B324 7
DAMAGE HUNGER A342 1
DAMAGE HUNGER A343 1
DAMAGE HUNGER A344 1
DAMAGE HUNGER A345 1
END TURN 374
TURN 375
COMMAND LEFT START
MOVE A304 35
MOVE A305 35
MOVE A306 35
MOVE A317 35
MOVE A318 35
MOVE A319 35
MOVE A320 35
MOVE A321 35
MOVE A322 35
MOVE A323 35
MOVE A324 35
MOVE A325 35
MOVE A326 35
MOVE A327 35
MOVE A328 35
MOVE A341 35
MOVE A342 35
COMMAND LEFT END
COMMAND RIGHT START
MOVE B396 35
MOVE B395 35
MOVE B394 35
MOVE B393 35
MOVE B392 35
MOVE B391 35
MOVE B390 35
MOVE B389 35
MOVE B379 35
MOVE B378 35
MOVE B377 35
MOVE B376 35
MOVE B339 35
MOVE B338 35
MOVE B337 35
COMMAND RIGHT END
TURN 375 RESULT
TIME LEFT 3 5 RIGHT 0 5
MOVE A39 19
MOVE A83 22
MOVE A193 34
MOVE A197 34
MOVE A201 34
MOVE A255 22
MOVE A258 0
MOVE A265 0
MOVE A276 0
MOVE A289 35
MOVE A291 3
MOVE A292 0
MOVE A310 3
MOVE A334 0
MOVE A335 0
MOVE A336 3
MOVE A337 3
MOVE A343 0
MOVE A344 20
MOVE A345 20
MOVE B313 104
MOVE B315 97
MOVE B316 97
MOVE B317 104
MOVE B318 104
MOVE B331 104
MOVE B332 104
MOVE B337 83
MOVE B338 83
MOVE B339 83
MOVE B340 97
MOVE B348 104
MOVE B349 97
MOVE B350 97
MOVE B351 97
MOVE B376 83
MOVE B377 83
MOVE B378 83
MOVE B379 83
MOVE B381 104
MOVE B382 104
MOVE B383 104
MOVE B384 104
MOVE B385 104
MOVE B386 104
MOVE B387 104
MOVE B388 104
MOVE B389 83
MOVE B390 83
MOVE B391 83
MOVE B392 83
MOVE B393 83
MOVE B394 83
MOVE B395 83
MOVE B396 83
MOVE B397 100
MOVE B398 100
MOVE B399 100
MOVE B400 117
MOVE B401 117
MOVE B402 117
MOVE B403 142
MOVE B404 142
MOVE B405 142
MOVE B406 161
MOVE B407 185
MOVE B408 185
MOVE B409 185
DAMAGE TURRET B324 1
DAMAGE TURRET B325 2
DAMAGE COMBAT A258 5
DAMAGE COMBAT A265 7
DAMAGE COMBAT A298 6
DAMAGE COMBAT A342 6
DAMAGE COMBAT A343 5
DAMAGE COMBAT B325 6
DAMAGE COMBAT B342 8
DAMAGE COMBAT B343 8
DAMAGE COMBAT B344 6
END TURN 375
TURN 376
COMMAND LEFT START
MOVE A303 35
MOVE A334 35
MOVE A335 35
COMMAND LEFT END
COMMAND RIGHT START
MOVE B412 100
MOVE B411 100
MOVE B410 100
UPGRADE 53
TRAIN 1
COMMAND RIGHT END
TURN 376 RESULT
TIME LEFT 5 5 RIGHT 0 5
UPGRADE B 53
TRAIN B413
MOVE A39 10
MOVE A83 19
MOVE A193 35
MOVE A197 35
MOVE A201 35
MOVE A255 19
MOVE A289 34
MOVE A291 0
MOVE A310 0
MOVE A336 0
MOVE A337 0
MOVE A344 3
MOVE A345 3
MOVE B313 107
MOVE B315 100
MOVE B316 100
MOVE B317 107
MOVE B318 107
MOVE B331 107
MOVE B332 107
MOVE B337 80
MOVE B338 80
MOVE B339 80
MOVE B340 100
MOVE B348 107
MOVE B349 100
MOVE B350 100
MOVE B351 100
MOVE B376 80
MOVE B377 80
MOVE B378 80
MOVE B379 80
MOVE B381 107
MOVE B382 107
MOVE B383 107
MOVE B384 107
MOVE B385 107
MOVE B386 107
MOVE B387 107
MOVE B388 107
MOVE B389 80
MOVE B390 80
MOVE B391 80
MOVE B392 80
MOVE B393 80
MOVE B394 80
MOVE B395 80
MOVE B396 80
MOVE B400 100
MOVE B401 100
MOVE B402 100
MOVE B403 130
MOVE B404 130
MOVE B405 130
MOVE B406 142
MOVE B407 161
MOVE B408 161
MOVE B409 161
MOVE B410 197
MOVE B411 197
MOVE B412 197
DAMAGE TURRET B344 2
DAMAGE TURRET B345 1
DAMAGE COMBAT A276 7
DAMAGE COMBAT A291 7
DAMAGE COMBAT A292 7
DAMAGE COMBAT A301 4
DAMAGE COMBAT B345 7
DAMAGE COMBAT B346 8
DAMAGE COMBAT B353 8
DAMAGE COMBAT B354 4
END TURN 376
TURN 377
COMMAND LEFT START
MOVE A193 0
MOVE A197 0
MOVE A201 0
MOVE A337 35
COMMAND LEFT END
COMMAND RIGHT START
MOVE B311 53
MOVE B402 46
MOVE B401 46
MOVE B400 46
MOVE B399 46
MOVE B398 46
MOVE B397 46
MOVE B351 46
MOVE B350 46
MOVE B349 46
MOVE B340 46
MOVE B316 46
COMMAND RIGHT END
TURN 377 RESULT
TIME LEFT 2 5 RIGHT 0 5
MOVE A39 3
MOVE A83 10
MOVE A193 34
MOVE A197 34
MOVE A201 34
MOVE A255 10
MOVE A289 36
MOVE A344 0
MOVE A345 0
MOVE B311 91
MOVE B313 108
MOVE B316 97
MOVE B317 108
MOVE B318 108
MOVE B331 108
MOVE B332 108
MOVE B337 68
MOVE B338 68
MOVE B339 68
MOVE B340 97
MOVE B348 108
MOVE B349 97
MOVE B350 97
MOVE B351 97
MOVE B376 68
MOVE B377 68
MOVE B378 68
MOVE B379 68
MOVE B381 108
MOVE B382 108
MOVE B383 108
MOVE B384 108
MOVE B385 108
MOVE B386 108
MOVE B387 108
MOVE B388 108
MOVE B389 68
MOVE B390 68
MOVE B391 68
MOVE B392 68
MOVE B393 68
MOVE B394 68
MOVE B395 68
MOVE B396 68
MOVE B397 97
MOVE B398 97
MOVE B399 97
MOVE B400 97
MOVE B401 97
MOVE B402 97
MOVE B403 117
MOVE B404 117
MOVE B405 117
MOVE B406 130
MOVE B407 142
MOVE B408 142
MOVE B409 142
MOVE B410 185
MOVE B411 185
MOVE B412 185
DAMAGE TURRET B313 2
DAMAGE TURRET B354 3
DAMAGE COMBAT A301 3
DAMAGE COMBAT A302 7
DAMAGE COMBAT A303 1
DAMAGE COMBAT A344 5
DAMAGE COMBAT A345 5
DAMAGE COMBAT B354 1
DAMAGE COMBAT B355 8
DAMAGE COMBAT B356 8
DAMAGE COMBAT B357 8
DAMAGE COMBAT B358 1
SIEGE A 108 14
END TURN 377
TURN 378
COMMAND LEFT START
COMMAND LEFT END
COMMAND RIGHT START
MOVE B413 100
UPGRADE 53
TRAIN 1
COMMAND RIGHT END
TURN 378 RESULT
TIME LEFT 1 5 RIGHT 0 5
UPGRADE B 53
TRAIN B414
MOVE A39 0
MOVE A83 3
MOVE A193 20
MOVE A197 20
MOVE A201 20
MOVE A255 3
MOVE A289 39
MOVE B311 72
MOVE B316 77
MOVE B337 45
MOVE B338 45
MOVE B339 45
MOVE B340 77
MOVE B349 77
MOVE B350 77
MOVE B351 77
MOVE B376 45
MOVE B377 45
MOVE B378 45
MOVE B379 45
MOVE B389 45
MOVE B390 45
MOVE B391 45
MOVE B392 45
MOVE B393 45
MOVE B394 45
MOVE B395 45
MOVE B396 45
MOVE B397 77
MOVE B398 77
MOVE B399 77
MOVE B400 77
MOVE B401 77
MOVE B402 77
MOVE B403 100
MOVE B404 100
MOVE B405 100
MOVE B406 117
MOVE B407 130
MOVE B408 130
MOVE B409 130
MOVE B410 161
MOVE B411 161
MOVE B412 161
MOVE B413 197
DAMAGE TURRET B313 2
DAMAGE TURRET B358 3
DAMAGE COMBAT A39 2
DAMAGE COMBAT A303 6
DAMAGE COMBAT A304 7
DAMAGE COMBAT A305 2
DAMAGE COMBAT B358 4
DAMAGE COMBAT B360 8
DAMAGE COMBAT B361 8
DAMAGE COMBAT B362 3
SIEGE A 108 4
END TURN 378
TURN 379
COMMAND LEFT START
COMMAND LEFT END
COMMAND RIGHT START
MOVE B312 53
MOVE B313 100
MOVE B317 100
MOVE B318 100
MOVE B331 100
MOVE B332 100
MOVE B348 100
MOVE B381 100
MOVE B382 100
MOVE B383 100
MOVE B384 100
MOVE B385 100
MOVE B386 100
MOVE B387 100
MOVE B414 100
TRAIN 3
COMMAND RIGHT END
TURN 379 RESULT
TIME LEFT 1 5 RIGHT 0 5
TRAIN B415 B416 B417
MOVE A83 0
MOVE A193 3
MOVE A197 3
MOVE A201 3
MOVE A255 0
MOVE A289 31
MOVE B311 67
MOVE B312 91
MOVE B313 107
MOVE B316 71
MOVE B317 107
MOVE B318 107
MOVE B331 107
MOVE B332 107
MOVE B337 35
MOVE B338 35
MOVE B339 35
MOVE B340 71
MOVE B348 107
MOVE B349 71
MOVE B350 71
MOVE B351 71
MOVE B376 35
MOVE B377 35
MOVE B378 35
MOVE B379 35
MOVE B381 107
MOVE B382 107
MOVE B383 107
MOVE B384 107
MOVE B385 107
MOVE B386 107
MOVE B387 107
MOVE B389 35
MOVE B390 35
MOVE B391 35
MOVE B392 35
MOVE B393 35
MOVE B394 35
MOVE B395 35
MOVE B396 35
MOVE B397 71
MOVE B398 71
MOVE B399 71
MOVE B400 71
MOVE B401 71
MOVE B402 71
MOVE B406 100
MOVE B407 117
MOVE B408 117
MOVE B409 117
MOVE B410 142
MOVE B411 142
MOVE B412 142
MOVE B413 185
MOVE B414 197
DAMAGE TURRET B337 2
DAMAGE TURRET B362 3
DAMAGE COMBAT A83 7
DAMAGE COMBAT A255 2
DAMAGE COMBAT A305 5
DAMAGE COMBAT B362 2
DAMAGE COMBAT B363 8
DAMAGE COMBAT B364 8
DAMAGE COMBAT B365 4
SIEGE A 35 15
END TURN 379
TURN 380
COMMAND LEFT START
MOVE A338 0
TRAIN 1
COMMAND LEFT END
COMMAND RIGHT START
MOVE B417 100
MOVE B416 100
MOVE B415 100
TRAIN 3
COMMAND RIGHT END
TURN 380 RESULT
TIME LEFT 2 5 RIGHT 0 5
TRAIN A346 B418 B419 B420
MOVE A193 0
MOVE A197 0
MOVE A201 0
MOVE A289 21
MOVE A338 14
MOVE B311 53
MOVE B312 72
MOVE B313 104
MOVE B316 61
MOVE B317 104
MOVE B318 104
MOVE B331 104
MOVE B332 104
MOVE B340 61
MOVE B348 104
MOVE B349 61
MOVE B350 61
MOVE B351 61
MOVE B381 104
MOVE B382 104
MOVE B383 104
MOVE B384 104
MOVE B385 104
MOVE B386 104
MOVE B387 104
MOVE B397 61
MOVE B398 61
MOVE B399 61
MOVE B400 61
MOVE B401 61
MOVE B402 61
MOVE B407 100
MOVE B408 100
MOVE B409 100
MOVE B410 130
MOVE B411 130
MOVE B412 130
MOVE B413 161
MOVE B414 185
MOVE B415 197
MOVE B416 197
MOVE B417 197
DAMAGE TURRET B337 2
DAMAGE TURRET B365 3
DAMAGE COMBAT A193 2
DAMAGE COMBAT A197 4
DAMAGE COMBAT A255 5
DAMAGE COMBAT B365 1
DAMAGE COMBAT B366 8
DAMAGE COMBAT B367 8
DAMAGE COMBAT B368 7
SIEGE A 35 3
END TURN 380
TURN 381
COMMAND LEFT START
MOVE A346 46
COMMAND LEFT END
COMMAND RIGHT START
MOVE B337 100
MOVE B338 100
MOVE B339 100
MOVE B376 100
MOVE B377 100
MOVE B378 100
MOVE B379 100
MOVE B389 100
MOVE B390 100
MOVE B391 100
MOVE B392 100
MOVE B393 100
MOVE B394 100
MOVE B395 100
MOVE B396 100
UPGRADE 108
COMMAND RIGHT END
TURN 381 RESULT
TIME LEFT 1 5 RIGHT 0 5
UPGRADE B 108
MOVE A289 18
MOVE A338 6
MOVE B312 67
MOVE B313 102
MOVE B316 56
MOVE B317 102
MOVE B318 102
MOVE B331 102
MOVE B332 102
MOVE B337 45
MOVE B338 45
MOVE B339 45
MOVE B340 56
MOVE B348 102
MOVE B349 56
MOVE B350 56
MOVE B351 56
MOVE B376 45
MOVE B377 45
MOVE B378 45
MOVE B379 45
MOVE B381 102
MOVE B382 102
MOVE B383 102
MOVE B384 102
MOVE B385 102
MOVE B386 102
MOVE B387 102
MOVE B389 45
MOVE B390 45
MOVE B391 45
MOVE B392 45
MOVE B393 45
MOVE B394 45
MOVE B395 45
MOVE B396 45
MOVE B397 56
MOVE B398 56
MOVE B399 56
MOVE B400 56
MOVE B401 56
MOVE B402 56
MOVE B410 117
MOVE B411 117
MOVE B412 117
MOVE B413 142
MOVE B414 161
MOVE B415 185
MOVE B416 185
MOVE B417 185
DAMAGE TURRET B368 1
DAMAGE TURRET B369 2
DAMAGE COMBAT A197 3
DAMAGE COMBAT A201 5
DAMAGE COMBAT B369 6
DAMAGE COMBAT B370 8
DAMAGE COMBAT B371 8
END TURN 381
TURN 382
COMMAND LEFT START
COMMAND LEFT END
COMMAND RIGHT START
TRAIN 3
COMMAND RIGHT END
TURN 382 RESULT
TIME LEFT 1 5 RIGHT 0 5
TRAIN B421 B422 B423
MOVE A338 0
MOVE B312 53
MOVE B313 95
MOVE B316 46
MOVE B317 95
MOVE B318 95
MOVE B331 95
MOVE B332 95
MOVE B337 68
MOVE B338 68
MOVE B339 68
MOVE B340 46
MOVE B348 95
MOVE B349 46
MOVE B350 46
MOVE B351 46
MOVE B376 68
MOVE B377 68
MOVE B378 68
MOVE B379 68
MOVE B381 95
MOVE B382 95
MOVE B383 95
MOVE B384 95
MOVE B385 95
MOVE B386 95
MOVE B387 95
MOVE B389 68
MOVE B390 68
MOVE B391 68
MOVE B392 68
MOVE B393 68
MOVE B394 68
MOVE B395 68
MOVE B396 68
MOVE B397 46
MOVE B398 46
MOVE B399 46
MOVE B400 46
MOVE B401 46
MOVE B402 46
MOVE B410 100
MOVE B411 100
MOVE B412 100
MOVE B413 130
MOVE B414 142
MOVE B415 161
MOVE B416 161
MOVE B417 161
DAMAGE TURRET B316 1
DAMAGE TURRET B349 1
DAMAGE TURRET B372 3
DAMAGE COMBAT A201 2
DAMAGE COMBAT A306 2
DAMAGE COMBAT B372 5
DAMAGE COMBAT B373 8
DAMAGE COMBAT B374 8
DAMAGE COMBAT B375 1
SIEGE A 46 11
END TURN 382
TURN 383
COMMAND LEFT START
COMMAND LEFT END
COMMAND RIGHT START
UPGRADE 108
COMMAND RIGHT END
TURN 383 RESULT
TIME LEFT 1 5 RIGHT 0 5
UPGRADE B 108
MOVE B313 101
MOVE B317 101
MOVE B318 101
MOVE B331 101
MOVE B332 101
MOVE B337 80
MOVE B338 80
MOVE B339 80
MOVE B348 101
MOVE B376 80
MOVE B377 80
MOVE B378 80
MOVE B379 80
MOVE B381 101
MOVE B382 101
MOVE B383 101
MOVE B384 101
MOVE B385 101
MOVE B386 101
MOVE B387 101
MOVE B389 80
MOVE B390 80
MOVE B391 80
MOVE B392 80
MOVE B393 80
MOVE B394 80
MOVE B395 80
MOVE B396 80
MOVE B413 117
MOVE B414 130
MOVE B415 142
MOVE B416 142
MOVE B417 142
DAMAGE TURRET B316 2
DAMAGE TURRET B375 3
DAMAGE COMBAT A306 1
DAMAGE COMBAT B375 4
SIEGE A 46 7
END TURN 383
TURN 384
COMMAND LEFT START
COMMAND LEFT END
COMMAND RIGHT START
TRAIN 3
COMMAND RIGHT END
TURN 384 RESULT
TIME LEFT 2 5 RIGHT 0 5
TRAIN B424 B425 B426
MOVE A306 3
MOVE A317 3
MOVE A318 3
MOVE A319 3
MOVE A320 3
MOVE A321 3
MOVE A322 3
MOVE A323 3
MOVE A324 3
MOVE A325 3
MOVE A326 3
MOVE A327 3
MOVE A328 3
MOVE A334 3
MOVE A335 3
MOVE A337 3
MOVE A341 3
MOVE A346 3
MOVE B313 109
MOVE B317 109
MOVE B318 109
MOVE B331 109
MOVE B332 109
MOVE B337 83
MOVE B338 83
MOVE B339 83
MOVE B348 109
MOVE B376 83
MOVE B377 83
MOVE B378 83
MOVE B379 83
MOVE B381 109
MOVE B382 109
MOVE B383 109
MOVE B384 109
MOVE B385 109
MOVE B386 109
MOVE B387 109
MOVE B389 83
MOVE B390 83
MOVE B391 83
MOVE B392 83
MOVE B393 83
MOVE B394 83
MOVE B395 83
MOVE B396 83
MOVE B413 100
MOVE B414 117
MOVE B415 130
MOVE B416 130
MOVE B417 130
END TURN 384
TURN 385
COMMAND LEFT START
TRAIN 1
COMMAND LEFT END
COMMAND RIGHT START
TRAIN 3
COMMAND RIGHT END
TURN 385 RESULT
TIME LEFT 1 5 RIGHT 0 5
TRAIN A347 B427 B428 B429
MOVE A306 20
MOVE A317 20
MOVE A318 20
MOVE A319 20
MOVE A320 20
MOVE A321 20
MOVE A322 20
MOVE A323 20
MOVE A324 20
MOVE A325 20
MOVE A326 20
MOVE A327 20
MOVE A328 20
MOVE A334 20
MOVE A335 20
MOVE A337 20
MOVE A341 20
MOVE A346 10
MOVE B313 100
MOVE B317 100
MOVE B318 100
MOVE B331 100
MOVE B332 100
MOVE B337 100
MOVE B338 100
MOVE B339 100
MOVE B348 100
MOVE B376 100
MOVE B377 100
MOVE B378 100
MOVE B379 100
MOVE B381 100
MOVE B382 100
MOVE B383 100
MOVE B384 100
MOVE B385 100
MOVE B386 100
MOVE B387 100
MOVE B389 100
MOVE B390 100
MOVE B391 100
MOVE B392 100
MOVE B393 100
MOVE B394 100
MOVE B395 100
MOVE B396 100
MOVE B414 100
MOVE B415 117
MOVE B416 117
MOVE B417 117
END TURN 385
TURN 386
COMMAND LEFT START
COMMAND LEFT END
COMMAND RIGHT START
TRAIN 3
COMMAND RIGHT END
TURN 386 RESULT
TIME LEFT 1 5 RIGHT 0 5
TRAIN B430 B431 B432
MOVE A306 34
MOVE A317 34
MOVE A318 34
MOVE A319 34
MOVE A320 34
MOVE A321 34
MOVE A322 34
MOVE A323 34
MOVE A324 34
MOVE A325 34
MOVE A326 34
MOVE A327 34
MOVE A328 34
MOVE A334 34
MOVE A335 34
MOVE A337 34
MOVE A341 34
MOVE A346 19
MOVE B415 100
MOVE B416 100
MOVE B417 100
END TURN 386
TURN 387
COMMAND LEFT START
COMMAND LEFT END
COMMAND RIGHT START
TRAIN 3
COMMAND RIGHT END
TURN 387 RESULT
TIME LEFT 1 5 RIGHT 0 5
TRAIN B433 B434 B435
MOVE A306 35
MOVE A317 35
MOVE A318 35
MOVE A319 35
MOVE A320 35
MOVE A321 35
MOVE A322 35
MOVE A323 35
MOVE A324 35
MOVE A325 35
MOVE A326 35
MOVE A327 35
MOVE A328 35
MOVE A334 35
MOVE A335 35
MOVE A337 35
MOVE A341 35
MOVE A346 22
END TURN 387
TURN 388
COMMAND LEFT START
MOVE A317 0
MOVE A318 0
MOVE A319 0
MOVE A320 0
MOVE A321 0
MOVE A306 18
MOVE A322 18
MOVE A323 64
MOVE A324 53
MOVE A325 18
MOVE A326 18
MOVE A327 18
MOVE A328 18
MOVE A334 18
MOVE A335 18
MOVE A337 18
MOVE A341 18
COMMAND LEFT END
COMMAND RIGHT START
TRAIN 3
COMMAND RIGHT END
TURN 388 RESULT
TIME LEFT 4 5 RIGHT 0 5
TRAIN B436 B437 B438
MOVE A306 34
MOVE A317 34
MOVE A318 34
MOVE A319 34
MOVE A320 34
MOVE A321 34
MOVE A322 34
MOVE A323 64
MOVE A324 45
MOVE A325 34
MOVE A326 34
MOVE A327 34
MOVE A328 34
MOVE A334 34
MOVE A335 34
MOVE A337 34
MOVE A341 34
MOVE A346 26
END TURN 388
TURN 389
COMMAND LEFT START
MOVE A323 0
COMMAND LEFT END
COMMAND RIGHT START
MOVE B306 71
MOVE B307 71
MOVE B313 71
TRAIN 3
COMMAND RIGHT END
TURN 389 RESULT
TIME LEFT 4 5 RIGHT 0 5
TRAIN B439 B440 B441
MOVE A306 36
MOVE A317 20
MOVE A318 20
MOVE A319 20
MOVE A320 20
MOVE A321 20
MOVE A322 36
MOVE A323 45
MOVE A324 55
MOVE A325 36
MOVE A326 36
MOVE A327 36
MOVE A328 36
MOVE A334 36
MOVE A335 36
MOVE A337 36
MOVE A341 36
MOVE A346 42
MOVE B306 78
MOVE B307 78
MOVE B313 97
END TURN 389
TURN 390
COMMAND LEFT START
COMMAND LEFT END
COMMAND RIGHT START
TRAIN 3
COMMAND RIGHT END
TURN 390 RESULT
TIME LEFT 1 5 RIGHT 0 5
TRAIN B442 B443 B444
MOVE A306 39
MOVE A317 3
MOVE A318 3
MOVE A319 3
MOVE A320 3
MOVE A321 3
MOVE A322 39
MOVE A323 36
MOVE A324 58
MOVE A325 39
MOVE A326 39
MOVE A327 39
MOVE A328 39
MOVE A334 39
MOVE A335 39
MOVE A337 39
MOVE A341 39
MOVE A346 46
MOVE B306 71
MOVE B307 71
MOVE B313 77
DAMAGE COMBAT A346 7
DAMAGE COMBAT B316 1
END TURN 390
TURN 391
COMMAND LEFT START
COMMAND LEFT END
COMMAND RIGHT START
TRAIN 3
COMMAND RIGHT END
TURN 391 RESULT
TIME LEFT 2 5 RIGHT 0 5
TRAIN B445 B446 B447
MOVE A306 31
MOVE A317 0
MOVE A318 0
MOVE A319 0
MOVE A320 0
MOVE A321 0
MOVE A322 31
MOVE A323 20
MOVE A324 60
MOVE A325 31
MOVE A326 31
MOVE A327 31
MOVE A328 31
MOVE A334 31
MOVE A335 31
MOVE A337 31
MOVE A341 31
MOVE B313 71
END TURN 391
TURN 392
COMMAND LEFT START
MOVE A320 19
MOVE A321 18
MOVE A336 18
MOVE A338 18
MOVE A347 18
COMMAND LEFT END
COMMAND RIGHT START
TRAIN 3
COMMAND RIGHT END
TURN 392 RESULT
TIME LEFT 4 5 RIGHT 0 5
TRAIN B448 B449 B450
MOVE A306 21
MOVE A320 3
MOVE A321 6
MOVE A322 21
MOVE A323 3
MOVE A324 57
MOVE A325 21
MOVE A326 21
MOVE A327 21
MOVE A328 21
MOVE A334 21
MOVE A335 21
MOVE A336 6
MOVE A337 21
MOVE A338 6
MOVE A341 21
MOVE A347 6
END TURN 392
TURN 393
COMMAND LEFT START
COMMAND LEFT END
COMMAND RIGHT START
TRAIN 3
COMMAND RIGHT END
TURN 393 RESULT
TIME LEFT 3 5 RIGHT 1 5
TRAIN B451 B452 B453
MOVE A306 18
MOVE A320 10
MOVE A321 14
MOVE A322 18
MOVE A323 0
MOVE A324 53
MOVE A325 18
MOVE A326 18
MOVE A327 18
MOVE A328 18
MOVE A334 18
MOVE A335 18
MOVE A336 14
MOVE A337 18
MOVE A338 14
MOVE A341 18
MOVE A347 14
DAMAGE TURRET A324 2
DAMAGE COMBAT A324 3
DAMAGE COMBAT B311 1
END TURN 393
TURN 394
COMMAND LEFT START
MOVE A325 0
MOVE A326 0
MOVE A323 18
MOVE A327 53
MOVE A328 53
MOVE A334 53
MOVE A335 53
MOVE A337 53
MOVE A341 53
MOVE A324 18
COMMAND LEFT END
COMMAND RIGHT START
TRAIN 3
COMMAND RIGHT END
TURN 394 RESULT
TIME LEFT 1 5 RIGHT 0 5
TRAIN B454 B455 B456
MOVE A320 19
MOVE A321 18
MOVE A323 6
MOVE A325 14
MOVE A326 14
MOVE A327 28
MOVE A328 28
MOVE A334 28
MOVE A335 28
MOVE A336 18
MOVE A337 28
MOVE A338 18
MOVE A341 28
MOVE A347 18
DAMAGE TURRET A324 2
DAMAGE COMBAT B311 1
END TURN 394
TURN 395
COMMAND LEFT START
MOVE A320 64
COMMAND LEFT END
COMMAND RIGHT START
TRAIN 3
COMMAND RIGHT END
TURN 395 RESULT
TIME LEFT 4 5 RIGHT 0 5
TRAIN B457 B458 B459
MOVE A320 35
MOVE A323 14
MOVE A325 6
MOVE A326 6
MOVE A327 41
MOVE A328 41
MOVE A334 41
MOVE A335 41
MOVE A337 41
MOVE A341 41
END TURN 395
TURN 396
COMMAND LEFT START
COMMAND LEFT END
COMMAND RIGHT START
MOVE B3 53
MOVE B7 53
MOVE B315 53
MOVE B317 53
TRAIN 3
COMMAND RIGHT END
TURN 396 RESULT
TIME LEFT 1 5 RIGHT 0 5
TRAIN B460 B461 B462
MOVE A320 64
MOVE A323 18
MOVE A325 0
MOVE A326 0
MOVE A327 53
MOVE A328 53
MOVE A334 53
MOVE A335 53
MOVE A337 53
MOVE A341 53
MOVE B3 65
MOVE B7 65
MOVE B315 91
MOVE B317 91
DAMAGE TURRET A327 2
DAMAGE COMBAT A327 3
DAMAGE COMBAT B311 6
END TURN 396
TURN 397
COMMAND LEFT START
MOVE A322 0
MOVE A323 0
MOVE A336 0
MOVE A338 0
MOVE A347 0
MOVE A320 0
MOVE A327 0
MOVE A325 18
MOVE A326 18
COMMAND LEFT END
COMMAND RIGHT START
MOVE B318 71
MOVE B331 71
MOVE B332 71
TRAIN 3
COMMAND RIGHT END
TURN 397 RESULT
TIME LEFT 2 5 RIGHT 0 5
TRAIN B463 B464 B465
MOVE A320 45
MOVE A322 14
MOVE A323 14
MOVE A325 6
MOVE A326 6
MOVE A336 14
MOVE A338 14
MOVE A347 14
MOVE B3 53
MOVE B7 53
MOVE B315 72
MOVE B317 72
MOVE B318 97
MOVE B331 97
MOVE B332 97
DAMAGE TURRET A327 2
DAMAGE COMBAT A328 4
DAMAGE COMBAT B3 4
DAMAGE COMBAT B7 2
END TURN 397
TURN 398
COMMAND LEFT START
COMMAND LEFT END
COMMAND RIGHT START
TRAIN 3
COMMAND RIGHT END
TURN 398 RESULT
TIME LEFT 1 5 RIGHT 0 5
TRAIN B466 B467 B468
MOVE A320 36
MOVE A322 6
MOVE A323 6
MOVE A325 14
MOVE A326 14
MOVE A336 6
MOVE A338 6
MOVE A347 6
MOVE B315 67
MOVE B317 67
MOVE B318 77
MOVE B331 77
MOVE B332 77
DAMAGE TURRET A328 2
DAMAGE COMBAT A328 1
DAMAGE COMBAT A334 2
DAMAGE COMBAT B7 3
DAMAGE COMBAT B312 2
END TURN 398
TURN 399
COMMAND LEFT START
COMMAND LEFT END
COMMAND RIGHT START
TRAIN 3
COMMAND RIGHT END
TURN 399 RESULT
TIME LEFT 1 5 RIGHT 0 5
TRAIN B469 B470 B471
MOVE A320 20
MOVE A322 0
MOVE A323 0
MOVE A325 18
MOVE A326 18
MOVE A336 0
MOVE A338 0
MOVE A347 0
MOVE B315 53
MOVE B317 53
MOVE B318 71
MOVE B331 71
MOVE B332 71
DAMAGE TURRET A334 2
DAMAGE COMBAT A334 3
DAMAGE COMBAT A335 1
DAMAGE COMBAT B312 4
END TURN 399
TURN 400
COMMAND LEFT START
MOVE A322 34
MOVE A323 18
MOVE A336 18
MOVE A338 18
MOVE A347 18
COMMAND LEFT END
COMMAND RIGHT START
TRAIN 3
COMMAND RIGHT END
TURN 400 RESULT
TIME LEFT 4 5 RIGHT 0 5
TRAIN B472 B473 B474
MOVE A320 3
MOVE A322 3
MOVE A323 6
MOVE A336 6
MOVE A338 6
MOVE A347 6
DAMAGE TURRET A335 2
DAMAGE COMBAT A335 4
DAMAGE COMBAT B312 2
DAMAGE COMBAT B315 1
END TURN 400
RESULT RIGHT_WIN TURN_LIMIT
