[LEFT ""]
[RIGHT ""]
MAP
219 15
-11011 -10647 -10795 -10364 -9270 -10251 -8725 -8546 -9386 -8497 -8663 -8040 -9092 -7708 -7922 -8775 -8732 -7606 -7571 -8122 -7411 -7282 -7215 -6722 -6547 -6570 -6519 -6446 -6587 -6397 -6101 -6850 -6113 -5932 -6761 -5924 -5494 -5529 -5416 -5618 -5384 -5024 -5680 -5093 -4889 -4800 -4867 -4844 -4806 -4627 -5091 -4593 -4224 -4271 -4070 -3955 -4116 -3832 -3741 -3786 -3772 -3477 -3252 -3677 -3460 -3408 -3191 -3626 -3079 -3329 -2938 -2961 -2745 -2828 -2643 -2632 -2537 -2430 -2399 -2376 -2194 -2208 -2216 -2180 -2012 -1976 -2073 -1570 -1423 -1575 -1447 -1206 -1254 -1263 -1147 -1050 -1206 -1000 -1107 -891 -1110 -815 -262 -578 -419 -431 -305 -84 51 0 -51 84 305 431 419 578 262 815 1110 891 1107 1000 1206 1050 1147 1263 1254 1206 1447 1575 1423 1570 2073 1976 2012 2180 2216 2208 2194 2376 2399 2430 2537 2632 2643 2828 2745 2961 2938 3329 3079 3626 3191 3408 3460 3677 3252 3477 3772 3786 3741 3832 4116 3955 4070 4271 4224 4593 5091 4627 4806 4844 4867 4800 4889 5093 5680 5024 5384 5618 5416 5529 5494 5924 6761 5932 6113 6850 6101 6397 6587 6446 6519 6570 6547 6722 7215 7282 7411 8122 7571 7606 8732 8775 7922 7708 9092 8040 8663 8497 9386 8546 8725 10251 9270 10364 10795 10647 11011
537 2494 -1774 4091 -385 -3555 1439 -1465 5106 3157 -3837 2259 6404 -2478 124 -6888 -5133 -1085 3194 7407 4476 -4185 1478 5519 3132 -1334 -5938 4141 503 -3151 -4478 8862 2232 -261 -7969 7026 4550 1287 6107 -2389 -5471 2280 -9451 -1544 -498 709 3306 -7336 -4018 -2969 9354 -6112 4498 5679 -4866 -1113 7147 -7218 279 2284 -2235 -6069 3773 -8265 8370 -3695 5733 10566 1201 -10658 -4851 -8706 -1905 7341 -719 -2995 2335 -7548 6370 -6525 -3988 595 4763 9907 8350 -8701 -5421 7115 2262 -1976 -3049 472 5691 -6447 -5011 -3992 -697 -8924 10751 -7916 3965 -10824 -1459 7883 -2781 3048 -7020 4863 -6099 0 6099 -4863 7020 -3048 2781 -7883 1459 10824 -3965 7916 -10751 8924 697 3992 5011 6447 -5691 -472 3049 1976 -2262 -7115 5421 8701 -8350 -9907 -4763 -595 3988 6525 -6370 7548 -2335 2995 719 -7341 1905 8706 4851 10658 -1201 -10566 -5733 3695 -8370 8265 -3773 6069 2235 -2284 -279 7218 -7147 1113 4866 -5679 -4498 6112 -9354 2969 4018 7336 -3306 -709 498 1544 9451 -2280 5471 2389 -6107 -1287 -4550 -7026 7969 261 -2232 -8862 4478 3151 -503 -4141 5938 1334 -3132 -5519 -1478 4185 -4476 -7407 -3194 1085 5133 6888 -124 2478 -6404 -2259 3837 -3157 -5106 1465 -1439 3555 385 -4091 1774 -2494 -537
STRONGHOLDS 3 15 44 46 57 64 76 109 142 154 161 172 174 203 215
4 1 2 4 6
4 0 3 6 9
4 0 4 5 7
3 1 8 9
5 0 2 6 7 14
4 2 7 10 16
7 0 1 4 9 11 14 22
7 2 4 5 10 13 14 17
4 3 9 12 20
7 1 3 6 8 11 18 20
5 5 7 13 16 21
4 6 9 18 22
4 8 19 20 23
6 7 10 17 21 25 29
6 4 6 7 17 22 28
3 16 26 34
5 5 10 15 21 26
5 7 13 14 25 28
6 9 11 20 22 24 27
4 12 23 31 35
6 8 9 12 18 23 27
6 10 13 16 26 29 30
8 6 11 14 18 24 28 32 37
7 12 19 20 27 35 36 38
5 18 22 27 32 46
7 13 17 28 29 33 39 43
7 15 16 21 30 34 40 47
6 18 20 23 24 36 46
6 14 17 22 25 33 37
7 13 21 25 30 39 48 49
5 21 26 29 40 48
3 19 35 50
5 22 24 37 41 46
6 25 28 37 43 44 45
4 15 26 42 47
6 19 23 31 38 50 56
6 23 27 38 46 52 53
6 22 28 32 33 41 45
5 23 35 36 53 56
4 25 29 43 49
6 26 30 47 48 51 54
5 32 37 45 46 59
4 34 47 63 69
7 25 33 39 44 49 55 60
5 33 43 45 55 58
7 33 37 41 44 58 59 68
8 24 27 32 36 41 52 59 62
7 26 34 40 42 51 57 63
6 29 30 40 49 54 65
6 29 39 43 48 60 65
5 31 35 56 64 67
5 40 47 54 57 61
5 36 46 53 62 66
5 36 38 52 56 66
6 40 48 51 61 65 70
6 43 44 58 60 72 74
7 35 38 50 53 64 66 73
6 47 51 61 63 77 79
6 44 45 55 68 74 81
6 41 45 46 62 68 76
6 43 49 55 65 72 75
6 51 54 57 70 79 86
7 46 52 59 66 76 82 100
6 42 47 57 69 71 77
6 50 56 67 73 83 84
7 48 49 54 60 70 75 80
7 52 53 56 62 73 78 82
4 50 64 83 98
5 45 58 59 76 81
5 42 63 71 85 101
5 54 61 65 80 86
4 63 69 77 85
5 55 60 74 75 89
6 56 64 66 78 84 87
6 55 58 72 81 89 96
6 60 65 72 80 89 90
6 59 62 68 81 88 100
7 57 63 71 79 85 93 99
5 66 73 82 87 92
5 57 61 77 86 93
7 65 70 75 86 90 94 95
7 58 68 74 76 88 91 96
5 62 66 78 92 100
5 64 67 84 98 103
5 64 73 83 87 103
6 69 71 77 97 99 101
6 61 70 79 80 93 94
7 73 78 84 92 103 110 112
6 76 81 91 100 105 116
7 72 74 75 90 96 102 104
5 75 80 89 95 104
5 81 88 96 109 116
6 78 82 87 100 107 110
7 77 79 86 94 99 106 108
6 80 86 93 95 108 111
6 80 90 94 104 111 113
6 74 81 89 91 102 109
5 85 99 101 115 120
5 67 83 103 117 121
6 77 85 93 97 106 115
7 62 76 82 88 92 105 107
4 69 85 97 120
7 89 96 104 109 113 127 130
7 83 84 87 98 112 119 121
5 89 90 95 102 113
6 88 100 107 114 116 123
5 93 99 108 115 131
6 92 100 105 110 123 124
6 93 94 106 111 126 131
6 91 96 102 116 122 127
6 87 92 107 112 124 125
6 94 95 108 113 118 126
5 87 103 110 119 125
6 95 102 104 111 118 130
5 105 116 123 128 129
7 97 99 106 120 131 134 135
7 88 91 105 109 114 122 129
4 98 121 133 149
7 111 113 126 130 136 142 156
6 103 112 121 125 133 141
5 97 101 115 135 151
5 98 103 117 119 133
6 109 116 127 129 137 144
6 105 107 114 124 128 138
6 107 110 123 125 132 138
7 110 112 119 124 132 139 141
6 108 111 118 131 136 140
5 102 109 122 130 137
5 114 123 129 138 143
7 114 116 122 128 143 144 146
6 102 113 118 127 137 142
7 106 108 115 126 134 140 145
6 124 125 138 139 148 157
6 117 119 121 141 147 149
5 115 131 135 145 154
5 115 120 134 151 154
5 118 126 140 152 156
7 122 127 130 142 144 150 160
7 123 124 128 132 143 148 153
5 125 132 141 157 161
5 126 131 136 145 152
7 119 125 133 139 147 155 161
6 118 130 137 150 156 159
6 128 129 138 146 153 158
6 122 129 137 146 160 163
6 131 134 140 152 154 162
5 129 143 144 158 163
4 133 141 149 155
5 132 138 153 157 164
5 117 133 147 155 176
5 137 142 159 160 173
4 120 135 154 168
7 136 140 145 156 162 165 166
7 138 143 148 158 164 169 170
6 134 135 145 151 162 168
6 141 147 149 161 171 176
7 118 136 142 152 159 166 172
6 132 139 148 161 164 167
6 143 146 153 163 169 175
6 142 150 156 172 173 177
6 137 144 150 163 173 174
6 139 141 155 157 167 171
7 145 152 154 165 168 180 183
6 144 146 158 160 174 175
6 148 153 157 167 170 178
5 152 162 166 180 182
5 152 156 165 172 182
5 157 161 164 171 178
5 151 154 162 183 187
6 153 158 170 175 179 189
6 153 164 169 178 188 189
7 155 161 167 176 178 184 192
8 156 159 166 177 182 186 191 194
7 150 159 160 174 177 181 185
5 160 163 173 175 185
7 158 163 169 174 179 185 193
4 149 155 171 184
5 159 172 173 181 186
6 164 167 170 171 188 192
4 169 175 189 193
5 162 165 182 183 195
6 173 177 185 186 190 196
6 165 166 172 180 191 195
6 162 168 180 187 195 199
4 171 176 192 203
6 173 174 175 181 190 193
5 172 177 181 194 196
3 168 183 199
5 170 178 189 192 197
7 169 170 179 188 193 197 205
6 181 185 193 196 201 204
6 172 182 194 195 198 200
7 171 178 184 188 197 202 203
7 175 179 185 189 190 201 205
5 172 186 191 196 200
7 180 182 183 191 198 199 206
8 181 186 190 194 200 204 207 212
6 188 189 192 202 205 208
6 191 195 200 206 209 210
4 183 187 195 206
6 191 194 196 198 207 209
5 190 193 204 205 211
5 192 197 203 208 213
3 184 192 202
6 190 196 201 211 212 214
6 189 193 197 201 208 211
4 195 198 199 210
4 196 200 209 212
5 197 202 205 211 213
7 198 200 207 210 212 215 217
4 198 206 209 215
7 201 204 205 208 213 214 216
7 196 204 207 209 214 217 218
4 202 208 211 216
5 204 211 212 216 218
3 209 210 217
4 211 213 214 218
4 209 212 215 218
4 212 214 216 217
END MAP
TURN 1
COMMAND LEFT START
MOVE A1 3
MOVE A2 109
COMMAND LEFT END
COMMAND RIGHT START
MOVE B1 109
MOVE B2 109
UPGRADE 218
COMMAND RIGHT END
TURN 1 RESULT
TIME LEFT 8 5 RIGHT 6 5
UPGRADE B 218
MOVE A1 1
MOVE A2 6
MOVE B1 212
MOVE B2 212
END TURN 1
TURN 2
COMMAND LEFT START
COMMAND LEFT END
COMMAND RIGHT START
TRAIN 1
COMMAND RIGHT END
TURN 2 RESULT
TIME LEFT 0 5 RIGHT 0 5
TRAIN B4
MOVE A1 3
MOVE A2 22
MOVE B1 196
MOVE B2 196
END TURN 2
TURN 3
COMMAND LEFT START
UPGRADE 3
COMMAND LEFT END
COMMAND RIGHT START
COMMAND RIGHT END
TURN 3 RESULT
TIME LEFT 0 5 RIGHT 0 5
UPGRADE A 3
MOVE A2 37
MOVE B1 181
MOVE B2 181
END TURN 3
TURN 4
COMMAND LEFT START
COMMAND LEFT END
COMMAND RIGHT START
COMMAND RIGHT END
TURN 4 RESULT
TIME LEFT 0 5 RIGHT 0 5
MOVE A2 45
MOVE B1 173
MOVE B2 173
END TURN 4
TURN 5
COMMAND LEFT START
COMMAND LEFT END
COMMAND RIGHT START
COMMAND RIGHT END
TURN 5 RESULT
TIME LEFT 0 5 RIGHT 0 5
MOVE A2 58
MOVE B1 160
MOVE B2 160
END TURN 5
TURN 6
COMMAND LEFT START
COMMAND LEFT END
COMMAND RIGHT START
COMMAND RIGHT END
TURN 6 RESULT
TIME LEFT 0 5 RIGHT 0 5
MOVE A2 81
MOVE B1 137
MOVE B2 137
END TURN 6
TURN 7
COMMAND LEFT START
COMMAND LEFT END
COMMAND RIGHT START
COMMAND RIGHT END
TURN 7 RESULT
TIME LEFT 0 5 RIGHT 0 5
MOVE A2 91
MOVE B1 127
MOVE B2 127
END TURN 7
TURN 8
COMMAND LEFT START
COMMAND LEFT END
COMMAND RIGHT START
COMMAND RIGHT END
TURN 8 RESULT
TIME LEFT 0 5 RIGHT 0 5
MOVE A2 109
MOVE B1 109
MOVE B2 109
DAMAGE COMBAT A2 2
DAMAGE COMBAT B1 1
END TURN 8
TURN 9
COMMAND LEFT START
COMMAND LEFT END
COMMAND RIGHT START
COMMAND RIGHT END
TURN 9 RESULT
TIME LEFT 0 5 RIGHT 0 5
DAMAGE COMBAT A2 2
DAMAGE COMBAT B1 1
END TURN 9
TURN 10
COMMAND LEFT START
MOVE A3 109
TRAIN 1
COMMAND LEFT END
COMMAND RIGHT START
COMMAND RIGHT END
TURN 10 RESULT
TIME LEFT 0 5 RIGHT 0 5
TRAIN A4
MOVE A3 6
END TURN 10
TURN 11
COMMAND LEFT START
COMMAND LEFT END
COMMAND RIGHT START
COMMAND RIGHT END
TURN 11 RESULT
TIME LEFT 0 5 RIGHT 0 5
MOVE A3 22
END TURN 11
TURN 12
COMMAND LEFT START
COMMAND LEFT END
COMMAND RIGHT START
COMMAND RIGHT END
TURN 12 RESULT
TIME LEFT 0 5 RIGHT 0 5
MOVE A3 37
END TURN 12
TURN 13
COMMAND LEFT START
COMMAND LEFT END
COMMAND RIGHT START
COMMAND RIGHT END
TURN 13 RESULT
TIME LEFT 0 5 RIGHT 0 5
MOVE A3 45
END TURN 13
TURN 14
COMMAND LEFT START
COMMAND LEFT END
COMMAND RIGHT START
COMMAND RIGHT END
TURN 14 RESULT
TIME LEFT 0 5 RIGHT 0 5
MOVE A3 58
END TURN 14
TURN 15
COMMAND LEFT START
COMMAND LEFT END
COMMAND RIGHT START
COMMAND RIGHT END
TURN 15 RESULT
TIME LEFT 0 5 RIGHT 0 5
MOVE A3 81
END TURN 15
TURN 16
COMMAND LEFT START
COMMAND LEFT END
COMMAND RIGHT START
COMMAND RIGHT END
TURN 16 RESULT
TIME LEFT 0 5 RIGHT 0 5
MOVE A3 91
END TURN 16
TURN 17
COMMAND LEFT START
COMMAND LEFT END
COMMAND RIGHT START
COMMAND RIGHT END
TURN 17 RESULT
TIME LEFT 0 5 RIGHT 0 5
MOVE A3 109
DAMAGE COMBAT A3 2
DAMAGE COMBAT B1 1
END TURN 17
TURN 18
COMMAND LEFT START
COMMAND LEFT END
COMMAND RIGHT START
COMMAND RIGHT END
TURN 18 RESULT
TIME LEFT 0 5 RIGHT 0 5
DAMAGE COMBAT A3 2
DAMAGE COMBAT B1 1
END TURN 18
TURN 19
COMMAND LEFT START
TRAIN 1
COMMAND LEFT END
COMMAND RIGHT START
COMMAND RIGHT END
TURN 19 RESULT
TIME LEFT 0 5 RIGHT 0 5
TRAIN A5
END TURN 19
TURN 20
COMMAND LEFT START
MOVE A4 44
COMMAND LEFT END
COMMAND RIGHT START
COMMAND RIGHT END
TURN 20 RESULT
TIME LEFT 0 5 RIGHT 0 5
MOVE A4 4
END TURN 20
TURN 21
COMMAND LEFT START
COMMAND LEFT END
COMMAND RIGHT START
COMMAND RIGHT END
TURN 21 RESULT
TIME LEFT 0 5 RIGHT 0 5
MOVE A4 14
END TURN 21
TURN 22
COMMAND LEFT START
COMMAND LEFT END
COMMAND RIGHT START
COMMAND RIGHT END
TURN 22 RESULT
TIME LEFT 0 5 RIGHT 0 5
MOVE A4 28
END TURN 22
TURN 23
COMMAND LEFT START
COMMAND LEFT END
COMMAND RIGHT START
COMMAND RIGHT END
TURN 23 RESULT
TIME LEFT 1 5 RIGHT 1 5
MOVE A4 33
END TURN 23
TURN 24
COMMAND LEFT START
COMMAND LEFT END
COMMAND RIGHT START
UPGRADE 109
COMMAND RIGHT END
TURN 24 RESULT
TIME LEFT 0 5 RIGHT 0 5
UPGRADE B 109
MOVE A4 44
END TURN 24
TURN 25
COMMAND LEFT START
UPGRADE 44
COMMAND LEFT END
COMMAND RIGHT START
COMMAND RIGHT END
TURN 25 RESULT
TIME LEFT 0 5 RIGHT 0 5
UPGRADE A 44
END TURN 25
TURN 26
COMMAND LEFT START
COMMAND LEFT END
COMMAND RIGHT START
COMMAND RIGHT END
TURN 26 RESULT
TIME LEFT 0 5 RIGHT 0 5
END TURN 26
TURN 27
COMMAND LEFT START
COMMAND LEFT END
COMMAND RIGHT START
TRAIN 1
COMMAND RIGHT END
TURN 27 RESULT
TIME LEFT 0 5 RIGHT 0 5
TRAIN B5
END TURN 27
TURN 28
COMMAND LEFT START
TRAIN 1
COMMAND LEFT END
COMMAND RIGHT START
MOVE B5 142
COMMAND RIGHT END
TURN 28 RESULT
TIME LEFT 0 5 RIGHT 0 5
TRAIN A6
MOVE B5 212
END TURN 28
TURN 29
COMMAND LEFT START
COMMAND LEFT END
COMMAND RIGHT START
COMMAND RIGHT END
TURN 29 RESULT
TIME LEFT 0 5 RIGHT 0 5
MOVE B5 196
END TURN 29
TURN 30
COMMAND LEFT START
COMMAND LEFT END
COMMAND RIGHT START
COMMAND RIGHT END
TURN 30 RESULT
TIME LEFT 0 5 RIGHT 0 5
MOVE B5 186
END TURN 30
TURN 31
COMMAND LEFT START
COMMAND LEFT END
COMMAND RIGHT START
COMMAND RIGHT END
TURN 31 RESULT
TIME LEFT 0 5 RIGHT 0 5
MOVE B5 177
END TURN 31
TURN 32
COMMAND LEFT START
COMMAND LEFT END
COMMAND RIGHT START
COMMAND RIGHT END
TURN 32 RESULT
TIME LEFT 0 5 RIGHT 0 5
MOVE B5 159
END TURN 32
TURN 33
COMMAND LEFT START
COMMAND LEFT END
COMMAND RIGHT START
COMMAND RIGHT END
TURN 33 RESULT
TIME LEFT 0 5 RIGHT 0 5
MOVE B5 142
END TURN 33
TURN 34
COMMAND LEFT START
COMMAND LEFT END
COMMAND RIGHT START
COMMAND RIGHT END
TURN 34 RESULT
TIME LEFT 0 5 RIGHT 0 5
END TURN 34
TURN 35
COMMAND LEFT START
COMMAND LEFT END
COMMAND RIGHT START
COMMAND RIGHT END
TURN 35 RESULT
TIME LEFT 0 5 RIGHT 0 5
END TURN 35
TURN 36
COMMAND LEFT START
COMMAND LEFT END
COMMAND RIGHT START
COMMAND RIGHT END
TURN 36 RESULT
TIME LEFT 0 5 RIGHT 0 5
END TURN 36
TURN 37
COMMAND LEFT START
COMMAND LEFT END
COMMAND RIGHT START
COMMAND RIGHT END
TURN 37 RESULT
TIME LEFT 0 5 RIGHT 0 5
END TURN 37
TURN 38
COMMAND LEFT START
MOVE A6 15
COMMAND LEFT END
COMMAND RIGHT START
COMMAND RIGHT END
TURN 38 RESULT
TIME LEFT 0 5 RIGHT 0 5
MOVE A6 2
END TURN 38
TURN 39
COMMAND LEFT START
COMMAND LEFT END
COMMAND RIGHT START
COMMAND RIGHT END
TURN 39 RESULT
TIME LEFT 0 5 RIGHT 0 5
MOVE A6 5
END TURN 39
TURN 40
COMMAND LEFT START
COMMAND LEFT END
COMMAND RIGHT START
COMMAND RIGHT END
TURN 40 RESULT
TIME LEFT 0 5 RIGHT 0 5
MOVE A6 16
END TURN 40
TURN 41
COMMAND LEFT START
COMMAND LEFT END
COMMAND RIGHT START
UPGRADE 142
COMMAND RIGHT END
TURN 41 RESULT
TIME LEFT 0 5 RIGHT 0 5
UPGRADE B 142
MOVE A6 15
END TURN 41
TURN 42
COMMAND LEFT START
UPGRADE 15
COMMAND LEFT END
COMMAND RIGHT START
COMMAND RIGHT END
TURN 42 RESULT
TIME LEFT 0 5 RIGHT 0 5
UPGRADE A 15
END TURN 42
TURN 43
COMMAND LEFT START
COMMAND LEFT END
COMMAND RIGHT START
TRAIN 1
COMMAND RIGHT END
TURN 43 RESULT
TIME LEFT 0 5 RIGHT 0 5
TRAIN B6
END TURN 43
TURN 44
COMMAND LEFT START
TRAIN 1
COMMAND LEFT END
COMMAND RIGHT START
MOVE B6 172
COMMAND RIGHT END
TURN 44 RESULT
TIME LEFT 0 5 RIGHT 0 5
TRAIN A7
MOVE B6 212
END TURN 44
TURN 45
COMMAND LEFT START
COMMAND LEFT END
COMMAND RIGHT START
COMMAND RIGHT END
TURN 45 RESULT
TIME LEFT 0 5 RIGHT 0 5
MOVE B6 196
END TURN 45
TURN 46
COMMAND LEFT START
COMMAND LEFT END
COMMAND RIGHT START
COMMAND RIGHT END
TURN 46 RESULT
TIME LEFT 0 5 RIGHT 0 5
MOVE B6 186
END TURN 46
TURN 47
COMMAND LEFT START
COMMAND LEFT END
COMMAND RIGHT START
COMMAND RIGHT END
TURN 47 RESULT
TIME LEFT 0 5 RIGHT 0 5
MOVE B6 172
END TURN 47
TURN 48
COMMAND LEFT START
COMMAND LEFT END
COMMAND RIGHT START
COMMAND RIGHT END
TURN 48 RESULT
TIME LEFT 0 5 RIGHT 0 5
END TURN 48
TURN 49
COMMAND LEFT START
COMMAND LEFT END
COMMAND RIGHT START
COMMAND RIGHT END
TURN 49 RESULT
TIME LEFT 2 5 RIGHT 2 5
END TURN 49
TURN 50
COMMAND LEFT START
COMMAND LEFT END
COMMAND RIGHT START
COMMAND RIGHT END
TURN 50 RESULT
TIME LEFT 0 5 RIGHT 0 5
END TURN 50
TURN 51
COMMAND LEFT START
COMMAND LEFT END
COMMAND RIGHT START
COMMAND RIGHT END
TURN 51 RESULT
TIME LEFT 0 5 RIGHT 0 5
END TURN 51
TURN 52
COMMAND LEFT START
COMMAND LEFT END
COMMAND RIGHT START
COMMAND RIGHT END
TURN 52 RESULT
TIME LEFT 0 5 RIGHT 0 5
END TURN 52
TURN 53
COMMAND LEFT START
COMMAND LEFT END
COMMAND RIGHT START
COMMAND RIGHT END
TURN 53 RESULT
TIME LEFT 0 5 RIGHT 0 5
END TURN 53
TURN 54
COMMAND LEFT START
COMMAND LEFT END
COMMAND RIGHT START
UPGRADE 172
COMMAND RIGHT END
TURN 54 RESULT
TIME LEFT 0 5 RIGHT 0 5
UPGRADE B 172
END TURN 54
TURN 55
COMMAND LEFT START
COMMAND LEFT END
COMMAND RIGHT START
COMMAND RIGHT END
TURN 55 RESULT
TIME LEFT 0 5 RIGHT 0 5
END TURN 55
TURN 56
COMMAND LEFT START
UPGRADE 0
COMMAND LEFT END
COMMAND RIGHT START
TRAIN 1
COMMAND RIGHT END
TURN 56 RESULT
TIME LEFT 0 5 RIGHT 0 5
UPGRADE A 0
TRAIN B7
END TURN 56
TURN 57
COMMAND LEFT START
COMMAND LEFT END
COMMAND RIGHT START
MOVE B7 174
COMMAND RIGHT END
TURN 57 RESULT
TIME LEFT 0 5 RIGHT 0 5
MOVE B7 214
END TURN 57
TURN 58
COMMAND LEFT START
COMMAND LEFT END
COMMAND RIGHT START
COMMAND RIGHT END
TURN 58 RESULT
TIME LEFT 0 5 RIGHT 0 5
MOVE B7 204
END TURN 58
TURN 59
COMMAND LEFT START
COMMAND LEFT END
COMMAND RIGHT START
COMMAND RIGHT END
TURN 59 RESULT
TIME LEFT 0 5 RIGHT 0 5
MOVE B7 190
END TURN 59
TURN 60
COMMAND LEFT START
COMMAND LEFT END
COMMAND RIGHT START
COMMAND RIGHT END
TURN 60 RESULT
TIME LEFT 0 5 RIGHT 0 5
MOVE B7 185
END TURN 60
TURN 61
COMMAND LEFT START
COMMAND LEFT END
COMMAND RIGHT START
COMMAND RIGHT END
TURN 61 RESULT
TIME LEFT 0 5 RIGHT 0 5
MOVE B7 174
END TURN 61
TURN 62
COMMAND LEFT START
COMMAND LEFT END
COMMAND RIGHT START
COMMAND RIGHT END
TURN 62 RESULT
TIME LEFT 0 5 RIGHT 0 5
END TURN 62
TURN 63
COMMAND LEFT START
COMMAND LEFT END
COMMAND RIGHT START
COMMAND RIGHT END
TURN 63 RESULT
TIME LEFT 0 5 RIGHT 0 5
END TURN 63
TURN 64
COMMAND LEFT START
COMMAND LEFT END
COMMAND RIGHT START
UPGRADE 174
COMMAND RIGHT END
TURN 64 RESULT
TIME LEFT 0 5 RIGHT 0 5
UPGRADE B 174
END TURN 64
TURN 65
COMMAND LEFT START
UPGRADE 3
COMMAND LEFT END
COMMAND RIGHT START
TRAIN 1
COMMAND RIGHT END
TURN 65 RESULT
TIME LEFT 0 5 RIGHT 0 5
UPGRADE A 3
TRAIN B8
END TURN 65
TURN 66
COMMAND LEFT START
COMMAND LEFT END
COMMAND RIGHT START
MOVE B8 215
COMMAND RIGHT END
TURN 66 RESULT
TIME LEFT 0 5 RIGHT 0 5
MOVE B8 217
END TURN 66
TURN 67
COMMAND LEFT START
TRAIN 1
COMMAND LEFT END
COMMAND RIGHT START
COMMAND RIGHT END
TURN 67 RESULT
TIME LEFT 0 5 RIGHT 0 5
TRAIN A8
MOVE B8 215
END TURN 67
TURN 68
COMMAND LEFT START
MOVE A5 3
COMMAND LEFT END
COMMAND RIGHT START
COMMAND RIGHT END
TURN 68 RESULT
TIME LEFT 0 5 RIGHT 0 5
MOVE A5 1
END TURN 68
TURN 69
COMMAND LEFT START
COMMAND LEFT END
COMMAND RIGHT START
COMMAND RIGHT END
TURN 69 RESULT
TIME LEFT 0 5 RIGHT 0 5
MOVE A5 3
END TURN 69
TURN 70
COMMAND LEFT START
COMMAND LEFT END
COMMAND RIGHT START
COMMAND RIGHT END
TURN 70 RESULT
TIME LEFT 0 5 RIGHT 0 5
END TURN 70
TURN 71
COMMAND LEFT START
COMMAND LEFT END
COMMAND RIGHT START
COMMAND RIGHT END
TURN 71 RESULT
TIME LEFT 0 5 RIGHT 0 5
END TURN 71
TURN 72
COMMAND LEFT START
COMMAND LEFT END
COMMAND RIGHT START
UPGRADE 215
COMMAND RIGHT END
TURN 72 RESULT
TIME LEFT 0 5 RIGHT 0 5
UPGRADE B 215
END TURN 72
TURN 73
COMMAND LEFT START
COMMAND LEFT END
COMMAND RIGHT START
COMMAND RIGHT END
TURN 73 RESULT
TIME LEFT 0 5 RIGHT 0 5
END TURN 73
TURN 74
COMMAND LEFT START
UPGRADE 15
COMMAND LEFT END
COMMAND RIGHT START
TRAIN 1
COMMAND RIGHT END
TURN 74 RESULT
TIME LEFT 0 5 RIGHT 0 5
UPGRADE A 15
TRAIN B9
END TURN 74
TURN 75
COMMAND LEFT START
COMMAND LEFT END
COMMAND RIGHT START
MOVE B9 154
COMMAND RIGHT END
TURN 75 RESULT
TIME LEFT 0 5 RIGHT 0 5
MOVE B9 212
END TURN 75
TURN 76
COMMAND LEFT START
TRAIN 1
COMMAND LEFT END
COMMAND RIGHT START
COMMAND RIGHT END
TURN 76 RESULT
TIME LEFT 0 5 RIGHT 0 5
TRAIN A9
MOVE B9 207
END TURN 76
TURN 77
COMMAND LEFT START
MOVE A7 15
COMMAND LEFT END
COMMAND RIGHT START
COMMAND RIGHT END
TURN 77 RESULT
TIME LEFT 0 5 RIGHT 0 5
MOVE A7 2
MOVE B9 200
END TURN 77
TURN 78
COMMAND LEFT START
COMMAND LEFT END
COMMAND RIGHT START
COMMAND RIGHT END
TURN 78 RESULT
TIME LEFT 0 5 RIGHT 0 5
MOVE A7 5
MOVE B9 198
END TURN 78
TURN 79
COMMAND LEFT START
COMMAND LEFT END
COMMAND RIGHT START
COMMAND RIGHT END
TURN 79 RESULT
TIME LEFT 0 5 RIGHT 0 5
MOVE A7 16
MOVE B9 195
END TURN 79
TURN 80
COMMAND LEFT START
COMMAND LEFT END
COMMAND RIGHT START
COMMAND RIGHT END
TURN 80 RESULT
TIME LEFT 0 5 RIGHT 0 5
MOVE A7 15
MOVE B9 180
END TURN 80
TURN 81
COMMAND LEFT START
COMMAND LEFT END
COMMAND RIGHT START
COMMAND RIGHT END
TURN 81 RESULT
TIME LEFT 0 5 RIGHT 0 5
MOVE B9 162
END TURN 81
TURN 82
COMMAND LEFT START
COMMAND LEFT END
COMMAND RIGHT START
COMMAND RIGHT END
TURN 82 RESULT
TIME LEFT 0 5 RIGHT 0 5
MOVE B9 154
END TURN 82
TURN 83
COMMAND LEFT START
COMMAND LEFT END
COMMAND RIGHT START
UPGRADE 154
COMMAND RIGHT END
TURN 83 RESULT
TIME LEFT 0 5 RIGHT 0 5
UPGRADE B 154
END TURN 83
TURN 84
COMMAND LEFT START
COMMAND LEFT END
COMMAND RIGHT START
TRAIN 1
COMMAND RIGHT END
TURN 84 RESULT
TIME LEFT 0 5 RIGHT 0 5
TRAIN B10
END TURN 84
TURN 85
COMMAND LEFT START
COMMAND LEFT END
COMMAND RIGHT START
MOVE B10 203
COMMAND RIGHT END
TURN 85 RESULT
TIME LEFT 0 5 RIGHT 0 5
MOVE B10 216
END TURN 85
TURN 86
COMMAND LEFT START
COMMAND LEFT END
COMMAND RIGHT START
COMMAND RIGHT END
TURN 86 RESULT
TIME LEFT 0 5 RIGHT 0 5
MOVE B10 213
END TURN 86
TURN 87
COMMAND LEFT START
COMMAND LEFT END
COMMAND RIGHT START
COMMAND RIGHT END
TURN 87 RESULT
TIME LEFT 0 5 RIGHT 0 5
MOVE B10 202
END TURN 87
TURN 88
COMMAND LEFT START
UPGRADE 0
COMMAND LEFT END
COMMAND RIGHT START
COMMAND RIGHT END
TURN 88 RESULT
TIME LEFT 0 5 RIGHT 0 5
UPGRADE A 0
MOVE B10 203
END TURN 88
TURN 89
COMMAND LEFT START
TRAIN 1
COMMAND LEFT END
COMMAND RIGHT START
UPGRADE 203
COMMAND RIGHT END
TURN 89 RESULT
TIME LEFT 0 5 RIGHT 0 5
UPGRADE B 203
TRAIN A10
END TURN 89
TURN 90
COMMAND LEFT START
COMMAND LEFT END
COMMAND RIGHT START
TRAIN 1
COMMAND RIGHT END
TURN 90 RESULT
TIME LEFT 0 5 RIGHT 0 5
TRAIN B11
END TURN 90
TURN 91
COMMAND LEFT START
COMMAND LEFT END
COMMAND RIGHT START
MOVE B11 161
COMMAND RIGHT END
TURN 91 RESULT
TIME LEFT 0 5 RIGHT 0 5
MOVE B11 214
END TURN 91
TURN 92
COMMAND LEFT START
COMMAND LEFT END
COMMAND RIGHT START
COMMAND RIGHT END
TURN 92 RESULT
TIME LEFT 0 5 RIGHT 0 5
MOVE B11 211
END TURN 92
TURN 93
COMMAND LEFT START
COMMAND LEFT END
COMMAND RIGHT START
COMMAND RIGHT END
TURN 93 RESULT
TIME LEFT 0 5 RIGHT 0 5
MOVE B11 205
END TURN 93
TURN 94
COMMAND LEFT START
UPGRADE 44
COMMAND LEFT END
COMMAND RIGHT START
COMMAND RIGHT END
TURN 94 RESULT
TIME LEFT 0 5 RIGHT 0 5
UPGRADE A 44
MOVE B11 189
END TURN 94
TURN 95
COMMAND LEFT START
TRAIN 1
COMMAND LEFT END
COMMAND RIGHT START
COMMAND RIGHT END
TURN 95 RESULT
TIME LEFT 0 5 RIGHT 0 5
TRAIN A11
MOVE B11 188
END TURN 95
TURN 96
COMMAND LEFT START
MOVE A8 44
COMMAND LEFT END
COMMAND RIGHT START
UPGRADE 218
COMMAND RIGHT END
TURN 96 RESULT
TIME LEFT 0 5 RIGHT 0 5
UPGRADE B 218
MOVE A8 4
MOVE B11 178
END TURN 96
TURN 97
COMMAND LEFT START
COMMAND LEFT END
COMMAND RIGHT START
TRAIN 1
COMMAND RIGHT END
TURN 97 RESULT
TIME LEFT 0 5 RIGHT 0 5
TRAIN B12
MOVE A8 14
MOVE B11 167
END TURN 97
TURN 98
COMMAND LEFT START
COMMAND LEFT END
COMMAND RIGHT START
TRAIN 1
COMMAND RIGHT END
TURN 98 RESULT
TIME LEFT 0 5 RIGHT 0 5
TRAIN B13
MOVE A8 28
MOVE B11 161
END TURN 98
TURN 99
COMMAND LEFT START
COMMAND LEFT END
COMMAND RIGHT START
MOVE B13 161
TRAIN 1
COMMAND RIGHT END
TURN 99 RESULT
TIME LEFT 0 5 RIGHT 0 5
TRAIN B14
MOVE A8 33
MOVE B13 214
END TURN 99
TURN 100
COMMAND LEFT START
COMMAND LEFT END
COMMAND RIGHT START
MOVE B14 109
TRAIN 1
COMMAND RIGHT END
TURN 100 RESULT
TIME LEFT 0 5 RIGHT 0 5
TRAIN B15
MOVE A8 44
MOVE B13 211
MOVE B14 212
END TURN 100
TURN 101
COMMAND LEFT START
UPGRADE 3
COMMAND LEFT END
COMMAND RIGHT START
MOVE B15 109
TRAIN 1
COMMAND RIGHT END
TURN 101 RESULT
TIME LEFT 0 5 RIGHT 0 5
UPGRADE A 3
TRAIN B16
MOVE B13 205
MOVE B14 196
MOVE B15 212
END TURN 101
TURN 102
COMMAND LEFT START
TRAIN 1
COMMAND LEFT END
COMMAND RIGHT START
MOVE B16 109
TRAIN 1
COMMAND RIGHT END
TURN 102 RESULT
TIME LEFT 0 5 RIGHT 0 5
TRAIN A12 B17
MOVE B13 189
MOVE B14 181
MOVE B15 196
MOVE B16 212
END TURN 102
TURN 103
COMMAND LEFT START
MOVE A9 3
COMMAND LEFT END
COMMAND RIGHT START
MOVE B17 109
TRAIN 1
COMMAND RIGHT END
TURN 103 RESULT
TIME LEFT 0 5 RIGHT 0 5
TRAIN B18
MOVE A9 1
MOVE B13 188
MOVE B14 173
MOVE B15 181
MOVE B16 196
MOVE B17 212
END TURN 103
TURN 104
COMMAND LEFT START
COMMAND LEFT END
COMMAND RIGHT START
MOVE B18 109
TRAIN 1
COMMAND RIGHT END
TURN 104 RESULT
TIME LEFT 0 5 RIGHT 0 5
TRAIN B19
MOVE A9 3
MOVE B13 178
MOVE B14 160
MOVE B15 173
MOVE B16 181
MOVE B17 196
MOVE B18 212
END TURN 104
TURN 105
COMMAND LEFT START
COMMAND LEFT END
COMMAND RIGHT START
MOVE B19 109
COMMAND RIGHT END
TURN 105 RESULT
TIME LEFT 0 5 RIGHT 0 5
MOVE B13 167
MOVE B14 137
MOVE B15 160
MOVE B16 173
MOVE B17 181
MOVE B18 196
MOVE B19 212
END TURN 105
TURN 106
COMMAND LEFT START
COMMAND LEFT END
COMMAND RIGHT START
COMMAND RIGHT END
TURN 106 RESULT
TIME LEFT 0 5 RIGHT 0 5
MOVE B13 161
MOVE B14 127
MOVE B15 137
MOVE B16 160
MOVE B17 173
MOVE B18 181
MOVE B19 196
END TURN 106
TURN 107
COMMAND LEFT START
UPGRADE 15
COMMAND LEFT END
COMMAND RIGHT START
COMMAND RIGHT END
TURN 107 RESULT
TIME LEFT 0 5 RIGHT 0 5
UPGRADE A 15
MOVE B14 109
MOVE B15 127
MOVE B16 137
MOVE B17 160
MOVE B18 173
MOVE B19 181
END TURN 107
TURN 108
COMMAND LEFT START
TRAIN 1
COMMAND LEFT END
COMMAND RIGHT START
MOVE B14 161
COMMAND RIGHT END
TURN 108 RESULT
TIME LEFT 0 5 RIGHT 0 5
TRAIN A13
MOVE B14 122
MOVE B15 109
MOVE B16 127
MOVE B17 137
MOVE B18 160
MOVE B19 173
END TURN 108
TURN 109
COMMAND LEFT START
MOVE A10 15
COMMAND LEFT END
COMMAND RIGHT START
UPGRADE 161
COMMAND RIGHT END
TURN 109 RESULT
TIME LEFT 0 5 RIGHT 0 5
UPGRADE B 161
MOVE A10 2
MOVE B14 129
MOVE B16 109
MOVE B17 127
MOVE B18 137
MOVE B19 160
END TURN 109
TURN 110
COMMAND LEFT START
COMMAND LEFT END
COMMAND RIGHT START
MOVE B13 109
COMMAND RIGHT END
TURN 110 RESULT
TIME LEFT 0 5 RIGHT 0 5
MOVE A10 5
MOVE B13 157
MOVE B14 128
MOVE B17 109
MOVE B18 127
MOVE B19 137
END TURN 110
TURN 111
COMMAND LEFT START
COMMAND LEFT END
COMMAND RIGHT START
COMMAND RIGHT END
TURN 111 RESULT
TIME LEFT 0 5 RIGHT 0 5
MOVE A10 16
MOVE B13 148
MOVE B14 138
MOVE B18 109
MOVE B19 127
END TURN 111
TURN 112
COMMAND LEFT START
COMMAND LEFT END
COMMAND RIGHT START
COMMAND RIGHT END
TURN 112 RESULT
TIME LEFT 0 5 RIGHT 0 5
MOVE A10 15
MOVE B13 138
MOVE B14 148
MOVE B19 109
END TURN 112
TURN 113
COMMAND LEFT START
UPGRADE 44
TRAIN 1
COMMAND LEFT END
COMMAND RIGHT START
MOVE B15 215
UPGRADE 215
COMMAND RIGHT END
TURN 113 RESULT
TIME LEFT 0 5 RIGHT 0 5
UPGRADE A 44
UPGRADE B 215
TRAIN A14
MOVE B13 128
MOVE B14 157
MOVE B15 127
END TURN 113
TURN 114
COMMAND LEFT START
MOVE A11 44
COMMAND LEFT END
COMMAND RIGHT START
TRAIN 1
COMMAND RIGHT END
TURN 114 RESULT
TIME LEFT 0 5 RIGHT 0 5
TRAIN B20
MOVE A11 4
MOVE B13 129
MOVE B14 161
MOVE B15 137
END TURN 114
TURN 115
COMMAND LEFT START
COMMAND LEFT END
COMMAND RIGHT START
MOVE B14 109
MOVE B20 109
COMMAND RIGHT END
TURN 115 RESULT
TIME LEFT 0 5 RIGHT 0 5
MOVE A11 14
MOVE B13 122
MOVE B14 157
MOVE B15 160
MOVE B20 212
END TURN 115
TURN 116
COMMAND LEFT START
COMMAND LEFT END
COMMAND RIGHT START
COMMAND RIGHT END
TURN 116 RESULT
TIME LEFT 0 5 RIGHT 0 5
MOVE A11 28
MOVE B13 109
MOVE B14 148
MOVE B15 173
MOVE B20 196
END TURN 116
TURN 117
COMMAND LEFT START
COMMAND LEFT END
COMMAND RIGHT START
COMMAND RIGHT END
TURN 117 RESULT
TIME LEFT 0 5 RIGHT 0 5
MOVE A11 33
MOVE B14 138
MOVE B15 181
MOVE B20 181
END TURN 117
TURN 118
COMMAND LEFT START
TRAIN 1
COMMAND LEFT END
COMMAND RIGHT START
MOVE B13 172
UPGRADE 172
COMMAND RIGHT END
TURN 118 RESULT
TIME LEFT 0 5 RIGHT 0 5
UPGRADE B 172
TRAIN A15
MOVE A11 44
MOVE B13 127
MOVE B14 128
MOVE B15 196
MOVE B20 173
END TURN 118
TURN 119
COMMAND LEFT START
TRAIN 1
COMMAND LEFT END
COMMAND RIGHT START
TRAIN 1
COMMAND RIGHT END
TURN 119 RESULT
TIME LEFT 0 5 RIGHT 0 5
TRAIN A16 B21
MOVE B13 137
MOVE B14 129
MOVE B15 207
MOVE B20 160
END TURN 119
TURN 120
COMMAND LEFT START
MOVE A16 46
COMMAND LEFT END
COMMAND RIGHT START
MOVE B21 109
COMMAND RIGHT END
TURN 120 RESULT
TIME LEFT 0 5 RIGHT 0 5
MOVE A16 6
MOVE B13 150
MOVE B14 122
MOVE B15 209
MOVE B20 137
MOVE B21 212
END TURN 120
TURN 121
COMMAND LEFT START
TRAIN 2
COMMAND LEFT END
COMMAND RIGHT START
COMMAND RIGHT END
TURN 121 RESULT
TIME LEFT 0 5 RIGHT 0 5
TRAIN A17 A18
MOVE A16 22
MOVE B13 159
MOVE B14 109
MOVE B15 215
MOVE B20 127
MOVE B21 196
END TURN 121
TURN 122
COMMAND LEFT START
MOVE A18 76
COMMAND LEFT END
COMMAND RIGHT START
COMMAND RIGHT END
TURN 122 RESULT
TIME LEFT 0 5 RIGHT 0 5
MOVE A16 32
MOVE A18 6
MOVE B13 172
MOVE B20 109
MOVE B21 181
END TURN 122
TURN 123
COMMAND LEFT START
MOVE A17 57
COMMAND LEFT END
COMMAND RIGHT START
MOVE B14 203
UPGRADE 203
COMMAND RIGHT END
TURN 123 RESULT
TIME LEFT 0 5 RIGHT 0 5
UPGRADE B 203
MOVE A16 46
MOVE A17 4
MOVE A18 22
MOVE B14 122
MOVE B21 173
END TURN 123
TURN 124
COMMAND LEFT START
UPGRADE 46
COMMAND LEFT END
COMMAND RIGHT START
TRAIN 1
COMMAND RIGHT END
TURN 124 RESULT
TIME LEFT 0 5 RIGHT 0 5
UPGRADE A 46
TRAIN B22
MOVE A17 7
MOVE A18 32
MOVE B14 129
MOVE B21 160
END TURN 124
TURN 125
COMMAND LEFT START
UPGRADE 46
COMMAND LEFT END
COMMAND RIGHT START
MOVE B22 109
COMMAND RIGHT END
TURN 125 RESULT
TIME LEFT 0 5 RIGHT 0 5
UPGRADE A 46
MOVE A17 13
MOVE A18 41
MOVE B14 143
MOVE B21 137
MOVE B22 212
END TURN 125
TURN 126
COMMAND LEFT START
MOVE A12 46
COMMAND LEFT END
COMMAND RIGHT START
COMMAND RIGHT END
TURN 126 RESULT
TIME LEFT 0 5 RIGHT 0 5
MOVE A12 6
MOVE A17 29
MOVE A18 59
MOVE B14 153
MOVE B21 127
MOVE B22 196
END TURN 126
TURN 127
COMMAND LEFT START
COMMAND LEFT END
COMMAND RIGHT START
COMMAND RIGHT END
TURN 127 RESULT
TIME LEFT 0 5 RIGHT 0 5
MOVE A12 22
MOVE A17 30
MOVE A18 76
MOVE B14 164
MOVE B21 109
MOVE B22 181
END TURN 127
TURN 128
COMMAND LEFT START
UPGRADE 76
COMMAND LEFT END
COMMAND RIGHT START
MOVE B16 174
UPGRADE 174
TRAIN 1
COMMAND RIGHT END
TURN 128 RESULT
TIME LEFT 0 5 RIGHT 0 5
UPGRADE A 76
UPGRADE B 174
TRAIN B23
MOVE A12 32
MOVE A17 40
MOVE B14 178
MOVE B16 127
MOVE B22 173
END TURN 128
TURN 129
COMMAND LEFT START
COMMAND LEFT END
COMMAND RIGHT START
MOVE B23 109
COMMAND RIGHT END
TURN 129 RESULT
TIME LEFT 0 5 RIGHT 0 5
MOVE A12 46
MOVE A17 51
MOVE B14 192
MOVE B16 137
MOVE B22 160
MOVE B23 212
END TURN 129
TURN 130
COMMAND LEFT START
UPGRADE 76
COMMAND LEFT END
COMMAND RIGHT START
COMMAND RIGHT END
TURN 130 RESULT
TIME LEFT 0 5 RIGHT 0 5
UPGRADE A 76
MOVE A17 57
MOVE B14 203
MOVE B16 160
MOVE B22 137
MOVE B23 196
END TURN 130
TURN 131
COMMAND LEFT START
TRAIN 1
COMMAND LEFT END
COMMAND RIGHT START
COMMAND RIGHT END
TURN 131 RESULT
TIME LEFT 0 5 RIGHT 0 5
TRAIN A19
MOVE B16 174
MOVE B22 127
MOVE B23 181
END TURN 131
TURN 132
COMMAND LEFT START
MOVE A13 76
COMMAND LEFT END
COMMAND RIGHT START
MOVE B17 142
UPGRADE 142
COMMAND RIGHT END
TURN 132 RESULT
TIME LEFT 0 5 RIGHT 0 5
UPGRADE B 142
MOVE A13 6
MOVE B17 127
MOVE B22 109
MOVE B23 173
END TURN 132
TURN 133
COMMAND LEFT START
COMMAND LEFT END
COMMAND RIGHT START
TRAIN 1
COMMAND RIGHT END
TURN 133 RESULT
TIME LEFT 0 5 RIGHT 0 5
TRAIN B24
MOVE A13 22
MOVE B17 137
MOVE B23 160
END TURN 133
TURN 134
COMMAND LEFT START
UPGRADE 57
COMMAND LEFT END
COMMAND RIGHT START
MOVE B24 109
COMMAND RIGHT END
TURN 134 RESULT
TIME LEFT 0 5 RIGHT 0 5
UPGRADE A 57
MOVE A13 32
MOVE B17 142
MOVE B23 137
MOVE B24 212
END TURN 134
TURN 135
COMMAND LEFT START
COMMAND LEFT END
COMMAND RIGHT START
COMMAND RIGHT END
TURN 135 RESULT
TIME LEFT 0 5 RIGHT 0 5
MOVE A13 41
MOVE B23 127
MOVE B24 196
END TURN 135
TURN 136
COMMAND LEFT START
UPGRADE 57
COMMAND LEFT END
COMMAND RIGHT START
UPGRADE 109
TRAIN 1
COMMAND RIGHT END
TURN 136 RESULT
TIME LEFT 0 5 RIGHT 0 5
UPGRADE A 57
UPGRADE B 109
TRAIN B25
MOVE A13 59
MOVE B23 109
MOVE B24 181
END TURN 136
TURN 137
COMMAND LEFT START
TRAIN 1
COMMAND LEFT END
COMMAND RIGHT START
MOVE B25 109
COMMAND RIGHT END
TURN 137 RESULT
TIME LEFT 0 5 RIGHT 2 5
TRAIN A20
MOVE A13 76
MOVE B24 173
MOVE B25 212
END TURN 137
TURN 138
COMMAND LEFT START
MOVE A14 57
COMMAND LEFT END
COMMAND RIGHT START
COMMAND RIGHT END
TURN 138 RESULT
TIME LEFT 0 5 RIGHT 0 5
MOVE A14 4
MOVE B24 160
MOVE B25 196
END TURN 138
TURN 139
COMMAND LEFT START
COMMAND LEFT END
COMMAND RIGHT START
MOVE B19 154
UPGRADE 154
TRAIN 1
COMMAND RIGHT END
TURN 139 RESULT
TIME LEFT 0 5 RIGHT 0 5
UPGRADE B 154
TRAIN B26
MOVE A14 7
MOVE B19 102
MOVE B24 137
MOVE B25 181
END TURN 139
TURN 140
COMMAND LEFT START
UPGRADE 46
TRAIN 1
COMMAND LEFT END
COMMAND RIGHT START
MOVE B26 109
COMMAND RIGHT END
TURN 140 RESULT
TIME LEFT 0 5 RIGHT 0 5
UPGRADE A 46
TRAIN A21
MOVE A14 13
MOVE B19 113
MOVE B24 127
MOVE B25 173
MOVE B26 212
END TURN 140
TURN 141
COMMAND LEFT START
MOVE A15 46
COMMAND LEFT END
COMMAND RIGHT START
COMMAND RIGHT END
TURN 141 RESULT
TIME LEFT 0 5 RIGHT 0 5
MOVE A14 29
MOVE A15 6
MOVE B19 118
MOVE B24 109
MOVE B25 160
MOVE B26 196
END TURN 141
TURN 142
COMMAND LEFT START
COMMAND LEFT END
COMMAND RIGHT START
MOVE B20 161
UPGRADE 161
COMMAND RIGHT END
TURN 142 RESULT
TIME LEFT 0 5 RIGHT 0 5
UPGRADE B 161
MOVE A14 30
MOVE A15 22
MOVE B19 136
MOVE B20 122
MOVE B25 137
MOVE B26 181
END TURN 142
TURN 143
COMMAND LEFT START
UPGRADE 57
COMMAND LEFT END
COMMAND RIGHT START
TRAIN 1
COMMAND RIGHT END
TURN 143 RESULT
TIME LEFT 0 5 RIGHT 0 5
UPGRADE A 57
TRAIN B27
MOVE A14 40
MOVE A15 32
MOVE B19 140
MOVE B20 129
MOVE B25 127
MOVE B26 173
END TURN 143
TURN 144
COMMAND LEFT START
TRAIN 1
COMMAND LEFT END
COMMAND RIGHT START
MOVE B27 109
COMMAND RIGHT END
TURN 144 RESULT
TIME LEFT 0 5 RIGHT 0 5
TRAIN A22
MOVE A14 51
MOVE A15 46
MOVE B19 145
MOVE B20 128
MOVE B25 109
MOVE B26 160
MOVE B27 212
END TURN 144
TURN 145
COMMAND LEFT START
MOVE A19 57
COMMAND LEFT END
COMMAND RIGHT START
COMMAND RIGHT END
TURN 145 RESULT
TIME LEFT 0 5 RIGHT 0 5
MOVE A14 57
MOVE A19 4
MOVE B19 154
MOVE B20 138
MOVE B26 137
MOVE B27 196
END TURN 145
TURN 146
COMMAND LEFT START
UPGRADE 76
COMMAND LEFT END
COMMAND RIGHT START
MOVE B21 215
UPGRADE 215
TRAIN 1
COMMAND RIGHT END
TURN 146 RESULT
TIME LEFT 0 5 RIGHT 0 5
UPGRADE A 76
UPGRADE B 215
TRAIN B28
MOVE A19 7
MOVE B20 148
MOVE B21 127
MOVE B26 127
MOVE B27 181
END TURN 146
TURN 147
COMMAND LEFT START
TRAIN 1
COMMAND LEFT END
COMMAND RIGHT START
MOVE B28 109
COMMAND RIGHT END
TURN 147 RESULT
TIME LEFT 0 5 RIGHT 0 5
TRAIN A23
MOVE A19 13
MOVE B20 157
MOVE B21 137
MOVE B26 109
MOVE B27 173
MOVE B28 212
END TURN 147
TURN 148
COMMAND LEFT START
MOVE A20 76
COMMAND LEFT END
COMMAND RIGHT START
COMMAND RIGHT END
TURN 148 RESULT
TIME LEFT 0 5 RIGHT 0 5
MOVE A19 29
MOVE A20 6
MOVE B20 161
MOVE B21 160
MOVE B27 160
MOVE B28 196
END TURN 148
TURN 149
COMMAND LEFT START
TRAIN 1
COMMAND LEFT END
COMMAND RIGHT START
MOVE B22 172
UPGRADE 172
TRAIN 1
COMMAND RIGHT END
TURN 149 RESULT
TIME LEFT 0 5 RIGHT 0 5
UPGRADE B 172
TRAIN A24 B29
MOVE A19 30
MOVE A20 22
MOVE B21 173
MOVE B22 127
MOVE B27 137
MOVE B28 181
END TURN 149
TURN 150
COMMAND LEFT START
COMMAND LEFT END
COMMAND RIGHT START
MOVE B29 109
COMMAND RIGHT END
TURN 150 RESULT
TIME LEFT 0 5 RIGHT 0 5
MOVE A19 40
MOVE A20 32
MOVE B21 181
MOVE B22 137
MOVE B27 127
MOVE B28 173
MOVE B29 212
END TURN 150
TURN 151
COMMAND LEFT START
COMMAND LEFT END
COMMAND RIGHT START
COMMAND RIGHT END
TURN 151 RESULT
TIME LEFT 0 5 RIGHT 0 5
MOVE A19 51
MOVE A20 41
MOVE B21 196
MOVE B22 150
MOVE B27 109
MOVE B28 160
MOVE B29 196
END TURN 151
TURN 152
COMMAND LEFT START
COMMAND LEFT END
COMMAND RIGHT START
MOVE B23 203
UPGRADE 203
COMMAND RIGHT END
TURN 152 RESULT
TIME LEFT 0 5 RIGHT 0 5
UPGRADE B 203
MOVE A19 57
MOVE A20 59
MOVE B21 207
MOVE B22 159
MOVE B23 122
MOVE B28 137
MOVE B29 181
END TURN 152
TURN 153
COMMAND LEFT START
COMMAND LEFT END
COMMAND RIGHT START
TRAIN 1
COMMAND RIGHT END
TURN 153 RESULT
TIME LEFT 0 5 RIGHT 0 5
TRAIN B30
MOVE A20 76
MOVE B21 209
MOVE B22 172
MOVE B23 129
MOVE B28 127
MOVE B29 173
END TURN 153
TURN 154
COMMAND LEFT START
COMMAND LEFT END
COMMAND RIGHT START
MOVE B30 109
COMMAND RIGHT END
TURN 154 RESULT
TIME LEFT 0 5 RIGHT 0 5
MOVE B21 215
MOVE B23 143
MOVE B28 109
MOVE B29 160
MOVE B30 212
END TURN 154
TURN 155
COMMAND LEFT START
UPGRADE 0
COMMAND LEFT END
COMMAND RIGHT START
MOVE B24 174
UPGRADE 174
COMMAND RIGHT END
TURN 155 RESULT
TIME LEFT 0 5 RIGHT 0 5
UPGRADE A 0
UPGRADE B 174
MOVE B23 153
MOVE B24 127
MOVE B29 137
MOVE B30 196
END TURN 155
TURN 156
COMMAND LEFT START
COMMAND LEFT END
COMMAND RIGHT START
TRAIN 1
COMMAND RIGHT END
TURN 156 RESULT
TIME LEFT 0 5 RIGHT 0 5
TRAIN B31
MOVE B23 164
MOVE B24 137
MOVE B29 127
MOVE B30 181
END TURN 156
TURN 157
COMMAND LEFT START
TRAIN 1
COMMAND LEFT END
COMMAND RIGHT START
MOVE B31 109
COMMAND RIGHT END
TURN 157 RESULT
TIME LEFT 0 5 RIGHT 0 5
TRAIN A25
MOVE B23 178
MOVE B24 160
MOVE B29 109
MOVE B30 173
MOVE B31 212
END TURN 157
TURN 158
COMMAND LEFT START
MOVE A25 76
TRAIN 2
COMMAND LEFT END
COMMAND RIGHT START
MOVE B25 142
UPGRADE 142
TRAIN 1
COMMAND RIGHT END
TURN 158 RESULT
TIME LEFT 0 5 RIGHT 0 5
UPGRADE B 142
TRAIN A26 A27 B32
MOVE A25 6
MOVE B23 192
MOVE B24 174
MOVE B25 127
MOVE B30 160
MOVE B31 196
END TURN 158
TURN 159
COMMAND LEFT START
MOVE A27 64
MOVE A26 76
COMMAND LEFT END
COMMAND RIGHT START
MOVE B32 109
COMMAND RIGHT END
TURN 159 RESULT
TIME LEFT 0 5 RIGHT 0 5
MOVE A25 22
MOVE A26 6
MOVE A27 6
MOVE B23 203
MOVE B25 137
MOVE B30 137
MOVE B31 181
MOVE B32 212
END TURN 159
TURN 160
COMMAND LEFT START
TRAIN 2
COMMAND LEFT END
COMMAND RIGHT START
COMMAND RIGHT END
TURN 160 RESULT
TIME LEFT 0 5 RIGHT 0 5
TRAIN A28 A29
MOVE A25 32
MOVE A26 22
MOVE A27 11
MOVE B25 142
MOVE B30 127
MOVE B31 173
MOVE B32 196
END TURN 160
TURN 161
COMMAND LEFT START
MOVE A29 109
MOVE A28 76
TRAIN 1
COMMAND LEFT END
COMMAND RIGHT START
UPGRADE 109
TRAIN 1
COMMAND RIGHT END
TURN 161 RESULT
TIME LEFT 0 5 RIGHT 0 5
UPGRADE B 109
TRAIN A30 B33
MOVE A25 41
MOVE A26 32
MOVE A27 18
MOVE A28 6
MOVE A29 6
MOVE B30 109
MOVE B31 160
MOVE B32 181
END TURN 161
TURN 162
COMMAND LEFT START
MOVE A30 76
TRAIN 2
COMMAND LEFT END
COMMAND RIGHT START
MOVE B33 109
COMMAND RIGHT END
TURN 162 RESULT
TIME LEFT 0 5 RIGHT 0 5
TRAIN A31 A32
MOVE A25 59
MOVE A26 41
MOVE A27 20
MOVE A28 22
MOVE A29 22
MOVE A30 6
MOVE B31 137
MOVE B32 173
MOVE B33 212
END TURN 162
TURN 163
COMMAND LEFT START
MOVE A32 142
MOVE A31 76
TRAIN 2
COMMAND LEFT END
COMMAND RIGHT START
MOVE B27 154
UPGRADE 154
TRAIN 1
COMMAND RIGHT END
TURN 163 RESULT
TIME LEFT 0 5 RIGHT 0 5
UPGRADE B 154
TRAIN A33 A34 B34
MOVE A25 76
MOVE A26 59
MOVE A27 23
MOVE A28 32
MOVE A29 37
MOVE A30 22
MOVE A31 6
MOVE A32 6
MOVE B27 102
MOVE B31 127
MOVE B32 160
MOVE B33 196
END TURN 163
TURN 164
COMMAND LEFT START
MOVE A34 161
MOVE A33 76
TRAIN 2
COMMAND LEFT END
COMMAND RIGHT START
MOVE B34 109
COMMAND RIGHT END
TURN 164 RESULT
TIME LEFT 0 5 RIGHT 0 5
TRAIN A35 A36
MOVE A26 76
MOVE A27 38
MOVE A28 41
MOVE A29 45
MOVE A30 32
MOVE A31 22
MOVE A32 22
MOVE A33 6
MOVE A34 6
MOVE B27 113
MOVE B31 109
MOVE B32 137
MOVE B33 181
MOVE B34 212
END TURN 164
TURN 165
COMMAND LEFT START
MOVE A26 174
MOVE A36 172
MOVE A35 76
COMMAND LEFT END
COMMAND RIGHT START
MOVE B28 161
UPGRADE 161
COMMAND RIGHT END
TURN 165 RESULT
TIME LEFT 0 5 RIGHT 0 5
UPGRADE B 161
MOVE A26 88
MOVE A27 56
MOVE A28 59
MOVE A29 58
MOVE A30 41
MOVE A31 32
MOVE A32 37
MOVE A33 22
MOVE A34 22
MOVE A35 6
MOVE A36 6
MOVE B27 118
MOVE B28 122
MOVE B32 127
MOVE B33 173
MOVE B34 196
END TURN 165
TURN 166
COMMAND LEFT START
TRAIN 2
COMMAND LEFT END
COMMAND RIGHT START
TRAIN 1
COMMAND RIGHT END
TURN 166 RESULT
TIME LEFT 0 5 RIGHT 0 5
TRAIN A37 A38 B35
MOVE A26 116
MOVE A27 64
MOVE A28 76
MOVE A29 81
MOVE A30 59
MOVE A31 41
MOVE A32 45
MOVE A33 32
MOVE A34 32
MOVE A35 22
MOVE A36 22
MOVE B27 136
MOVE B28 129
MOVE B32 109
MOVE B33 160
MOVE B34 181
END TURN 166
TURN 167
COMMAND LEFT START
MOVE A38 76
MOVE A37 76
MOVE A28 154
UPGRADE 64
COMMAND LEFT END
COMMAND RIGHT START
MOVE B35 109
COMMAND RIGHT END
TURN 167 RESULT
TIME LEFT 0 5 RIGHT 0 5
UPGRADE A 64
MOVE A26 122
MOVE A28 81
MOVE A29 91
MOVE A30 76
MOVE A31 59
MOVE A32 58
MOVE A33 41
MOVE A34 46
MOVE A35 32
MOVE A36 37
MOVE A37 6
MOVE A38 6
MOVE B27 140
MOVE B28 128
MOVE B33 137
MOVE B34 173
MOVE B35 212
END TURN 167
TURN 168
COMMAND LEFT START
MOVE A30 203
UPGRADE 64
COMMAND LEFT END
COMMAND RIGHT START
COMMAND RIGHT END
TURN 168 RESULT
TIME LEFT 0 5 RIGHT 0 5
UPGRADE A 64
MOVE A26 144
MOVE A28 96
MOVE A29 109
MOVE A30 88
MOVE A31 76
MOVE A32 74
MOVE A33 59
MOVE A34 62
MOVE A35 41
MOVE A36 45
MOVE A37 22
MOVE A38 22
MOVE B27 145
MOVE B28 138
MOVE B33 127
MOVE B34 160
MOVE B35 196
DAMAGE TURRET A29 2
DAMAGE COMBAT A29 5
DAMAGE COMBAT B2 1
END TURN 168
TURN 169
COMMAND LEFT START
MOVE A13 64
UPGRADE 64
COMMAND LEFT END
COMMAND RIGHT START
COMMAND RIGHT END
TURN 169 RESULT
TIME LEFT 0 5 RIGHT 0 5
UPGRADE A 64
MOVE A13 62
MOVE A26 163
MOVE A28 102
MOVE A30 105
MOVE A32 96
MOVE A33 76
MOVE A34 82
MOVE A35 59
MOVE A36 58
MOVE A37 32
MOVE A38 32
MOVE B27 154
MOVE B28 148
MOVE B33 109
MOVE B34 137
MOVE B35 181
END TURN 169
TURN 170
COMMAND LEFT START
MOVE A18 64
TRAIN 2
COMMAND LEFT END
COMMAND RIGHT START
COMMAND RIGHT END
TURN 170 RESULT
TIME LEFT 0 5 RIGHT 0 5
TRAIN A39 A40
MOVE A13 66
MOVE A18 62
MOVE A26 174
MOVE A28 113
MOVE A30 123
MOVE A32 102
MOVE A34 92
MOVE A35 76
MOVE A36 74
MOVE A37 41
MOVE A38 41
MOVE B28 157
MOVE B34 127
MOVE B35 173
DAMAGE TURRET A26 2
DAMAGE COMBAT A26 3
DAMAGE COMBAT B7 1
END TURN 170
TURN 171
COMMAND LEFT START
MOVE A40 76
MOVE A39 76
TRAIN 2
COMMAND LEFT END
COMMAND RIGHT START
MOVE B31 142
COMMAND RIGHT END
TURN 171 RESULT
TIME LEFT 0 5 RIGHT 0 5
TRAIN A41 A42
MOVE A13 73
MOVE A18 66
MOVE A28 118
MOVE A30 138
MOVE A32 130
MOVE A34 110
MOVE A36 96
MOVE A37 59
MOVE A38 59
MOVE A39 6
MOVE A40 6
MOVE B28 161
MOVE B31 127
MOVE B34 109
MOVE B35 160
DAMAGE TURRET A26 2
DAMAGE COMBAT B7 1
END TURN 171
TURN 172
COMMAND LEFT START
MOVE A42 76
MOVE A41 76
MOVE A35 174
COMMAND LEFT END
COMMAND RIGHT START
MOVE B30 218
UPGRADE 218
COMMAND RIGHT END
TURN 172 RESULT
TIME LEFT 0 5 RIGHT 0 5
UPGRADE B 218
MOVE A13 64
MOVE A18 73
MOVE A28 136
MOVE A30 148
MOVE A32 142
MOVE A34 125
MOVE A35 88
MOVE A36 102
MOVE A37 76
MOVE A38 76
MOVE A39 22
MOVE A40 22
MOVE A41 6
MOVE A42 6
MOVE B30 127
MOVE B31 137
MOVE B35 137
DAMAGE TURRET A32 2
DAMAGE COMBAT A32 3
DAMAGE COMBAT B5 1
END TURN 172
TURN 173
COMMAND LEFT START
MOVE A38 215
COMMAND LEFT END
COMMAND RIGHT START
MOVE B32 142
MOVE B33 161
MOVE B34 172
COMMAND RIGHT END
TURN 173 RESULT
TIME LEFT 0 5 RIGHT 0 5
MOVE A18 64
MOVE A28 140
MOVE A30 164
MOVE A34 139
MOVE A35 116
MOVE A36 130
MOVE A38 88
MOVE A39 32
MOVE A40 32
MOVE A41 22
MOVE A42 22
MOVE B30 137
MOVE B31 142
MOVE B32 127
MOVE B33 122
MOVE B34 127
MOVE B35 127
DAMAGE TURRET A32 2
DAMAGE COMBAT B5 1
END TURN 173
TURN 174
COMMAND LEFT START
TRAIN 2
COMMAND LEFT END
COMMAND RIGHT START
MOVE B31 109
COMMAND RIGHT END
TURN 174 RESULT
TIME LEFT 0 5 RIGHT 0 5
TRAIN A43 A44
MOVE A28 145
MOVE A30 178
MOVE A34 161
MOVE A35 122
MOVE A36 142
MOVE A38 116
MOVE A39 41
MOVE A40 41
MOVE A41 32
MOVE A42 32
MOVE B30 160
MOVE B31 137
MOVE B32 137
MOVE B33 129
MOVE B34 137
MOVE B35 109
DAMAGE TURRET A34 2
DAMAGE TURRET A36 2
DAMAGE COMBAT A34 3
DAMAGE COMBAT A36 3
DAMAGE COMBAT B5 1
DAMAGE COMBAT B11 1
END TURN 174
TURN 175
COMMAND LEFT START
MOVE A44 76
MOVE A43 76
TRAIN 2
COMMAND LEFT END
COMMAND RIGHT START
COMMAND RIGHT END
TURN 175 RESULT
TIME LEFT 0 5 RIGHT 0 5
TRAIN A45 A46
MOVE A28 154
MOVE A30 192
MOVE A35 144
MOVE A38 122
MOVE A39 59
MOVE A40 59
MOVE A41 41
MOVE A42 41
MOVE A43 6
MOVE A44 6
MOVE B30 173
MOVE B31 127
MOVE B32 142
MOVE B33 128
MOVE B34 150
DAMAGE TURRET A28 2
DAMAGE TURRET A34 2
DAMAGE TURRET A36 2
DAMAGE COMBAT A28 3
DAMAGE COMBAT B5 1
DAMAGE COMBAT B9 1
DAMAGE COMBAT B11 1
END TURN 175
TURN 176
COMMAND LEFT START
MOVE A46 76
MOVE A45 76
TRAIN 2
COMMAND LEFT END
COMMAND RIGHT START
COMMAND RIGHT END
TURN 176 RESULT
TIME LEFT 0 5 RIGHT 0 5
TRAIN A47 A48
MOVE A30 203
MOVE A35 163
MOVE A38 144
MOVE A39 76
MOVE A40 76
MOVE A41 59
MOVE A42 59
MOVE A43 22
MOVE A44 22
MOVE A45 6
MOVE A46 6
MOVE B30 181
MOVE B31 109
MOVE B33 138
MOVE B34 159
DAMAGE TURRET A28 2
DAMAGE TURRET A30 2
DAMAGE COMBAT A30 3
DAMAGE COMBAT B9 1
DAMAGE COMBAT B10 1
END TURN 176
TURN 177
COMMAND LEFT START
MOVE A48 76
MOVE A47 76
MOVE A40 161
MOVE A39 172
MOVE A37 154
COMMAND LEFT END
COMMAND RIGHT START
MOVE B32 174
COMMAND RIGHT END
TURN 177 RESULT
TIME LEFT 0 5 RIGHT 0 5
MOVE A35 174
MOVE A37 81
MOVE A38 160
MOVE A39 88
MOVE A40 100
MOVE A41 76
MOVE A42 76
MOVE A43 32
MOVE A44 32
MOVE A45 22
MOVE A46 22
MOVE A47 6
MOVE A48 6
MOVE B30 196
MOVE B32 150
MOVE B33 148
MOVE B34 172
DAMAGE TURRET A30 2
DAMAGE TURRET A35 2
DAMAGE COMBAT A35 3
DAMAGE COMBAT B7 1
DAMAGE COMBAT B10 1
END TURN 177
TURN 178
COMMAND LEFT START
MOVE A42 203
TRAIN 2
COMMAND LEFT END
COMMAND RIGHT START
MOVE B34 109
COMMAND RIGHT END
TURN 178 RESULT
TIME LEFT 0 5 RIGHT 0 5
TRAIN A49 A50
MOVE A37 96
MOVE A38 173
MOVE A39 116
MOVE A40 107
MOVE A42 88
MOVE A43 41
MOVE A44 41
MOVE A45 32
MOVE A46 32
MOVE A47 22
MOVE A48 22
MOVE B30 212
MOVE B32 160
MOVE B33 157
MOVE B34 159
DAMAGE TURRET A35 2
DAMAGE COMBAT B7 1
END TURN 178
TURN 179
COMMAND LEFT START
MOVE A50 76
MOVE A49 76
TRAIN 2
COMMAND LEFT END
COMMAND RIGHT START
COMMAND RIGHT END
TURN 179 RESULT
TIME LEFT 0 5 RIGHT 0 5
TRAIN A51 A52
MOVE A37 102
MOVE A38 181
MOVE A39 122
MOVE A40 124
MOVE A42 105
MOVE A43 59
MOVE A44 59
MOVE A45 41
MOVE A46 41
MOVE A47 32
MOVE A48 32
MOVE A49 6
MOVE A50 6
MOVE B30 218
MOVE B32 174
MOVE B33 161
MOVE B34 150
END TURN 179
TURN 180
COMMAND LEFT START
MOVE A52 76
MOVE A51 76
TRAIN 2
COMMAND LEFT END
COMMAND RIGHT START
MOVE B32 142
MOVE B33 109
COMMAND RIGHT END
TURN 180 RESULT
TIME LEFT 0 5 RIGHT 0 5
TRAIN A53 A54
MOVE A37 113
MOVE A38 196
MOVE A39 137
MOVE A40 132
MOVE A42 123
MOVE A43 76
MOVE A44 76
MOVE A45 59
MOVE A46 59
MOVE A47 41
MOVE A48 41
MOVE A49 22
MOVE A50 22
MOVE A51 6
MOVE A52 6
MOVE B32 160
MOVE B33 157
MOVE B34 137
DAMAGE COMBAT A39 1
DAMAGE COMBAT B34 1
END TURN 180
TURN 181
COMMAND LEFT START
MOVE A54 76
MOVE A53 76
TRAIN 2
COMMAND LEFT END
COMMAND RIGHT START
MOVE B31 218
UPGRADE 218
TRAIN 2
COMMAND RIGHT END
TURN 181 RESULT
TIME LEFT 0 5 RIGHT 0 5
UPGRADE B 218
TRAIN A55 A56 B36 B37
MOVE A37 118
MOVE A38 207
MOVE A40 157
MOVE A42 138
MOVE A45 76
MOVE A46 76
MOVE A47 59
MOVE A48 59
MOVE A49 32
MOVE A50 32
MOVE A51 22
MOVE A52 22
MOVE A53 6
MOVE A54 6
MOVE B31 127
MOVE B32 150
MOVE B33 148
DAMAGE COMBAT A39 1
DAMAGE COMBAT B34 1
END TURN 181
TURN 182
COMMAND LEFT START
MOVE A56 76
MOVE A55 76
TRAIN 2
COMMAND LEFT END
COMMAND RIGHT START
TRAIN 3
COMMAND RIGHT END
TURN 182 RESULT
TIME LEFT 0 5 RIGHT 0 5
TRAIN A57 A58 B38 B39 B40
MOVE A37 136
MOVE A38 209
MOVE A40 161
MOVE A42 148
MOVE A47 76
MOVE A48 76
MOVE A49 41
MOVE A50 41
MOVE A51 32
MOVE A52 32
MOVE A53 22
MOVE A54 22
MOVE A55 6
MOVE A56 6
MOVE B31 137
MOVE B32 142
MOVE B33 138
DAMAGE TURRET A40 2
DAMAGE COMBAT A39 2
DAMAGE COMBAT A40 3
DAMAGE COMBAT B11 1
DAMAGE COMBAT B34 1
END TURN 182
TURN 183
COMMAND LEFT START
MOVE A58 76
MOVE A57 76
TRAIN 2
COMMAND LEFT END
COMMAND RIGHT START
MOVE B29 161
TRAIN 3
COMMAND RIGHT END
TURN 183 RESULT
TIME LEFT 0 5 RIGHT 0 5
TRAIN A59 A60 B41 B42 B43
MOVE A37 140
MOVE A38 215
MOVE A42 164
MOVE A49 59
MOVE A50 59
MOVE A51 41
MOVE A52 41
MOVE A53 32
MOVE A54 32
MOVE A55 22
MOVE A56 22
MOVE A57 6
MOVE A58 6
MOVE B29 122
MOVE B33 128
DAMAGE TURRET A38 2
DAMAGE TURRET A40 2
DAMAGE COMBAT A38 3
DAMAGE COMBAT A39 2
DAMAGE COMBAT B8 1
DAMAGE COMBAT B11 1
DAMAGE COMBAT B34 1
END TURN 183
TURN 184
COMMAND LEFT START
MOVE A48 161
MOVE A47 161
MOVE A46 161
MOVE A45 161
MOVE A44 161
MOVE A43 161
MOVE A41 161
MOVE A33 161
MOVE A31 161
COMMAND LEFT END
COMMAND RIGHT START
TRAIN 2
COMMAND RIGHT END
TURN 184 RESULT
TIME LEFT 0 5 RIGHT 0 5
TRAIN B44 B45
MOVE A31 100
MOVE A33 100
MOVE A37 145
MOVE A41 100
MOVE A42 178
MOVE A43 100
MOVE A44 100
MOVE A45 100
MOVE A46 100
MOVE A47 100
MOVE A48 100
MOVE A49 76
MOVE A50 76
MOVE A51 59
MOVE A52 59
MOVE A53 41
MOVE A54 41
MOVE A55 32
MOVE A56 32
MOVE A57 22
MOVE A58 22
MOVE B29 129
MOVE B33 129
DAMAGE TURRET A38 2
DAMAGE COMBAT A39 1
DAMAGE COMBAT B8 1
DAMAGE COMBAT B34 1
END TURN 184
TURN 185
COMMAND LEFT START
COMMAND LEFT END
COMMAND RIGHT START
MOVE B32 109
MOVE B37 109
MOVE B38 109
MOVE B39 109
MOVE B40 109
MOVE B41 109
MOVE B42 109
MOVE B43 109
MOVE B44 109
MOVE B45 109
TRAIN 3
COMMAND RIGHT END
TURN 185 RESULT
TIME LEFT 0 5 RIGHT 0 5
TRAIN B46 B47 B48
MOVE A31 107
MOVE A33 107
MOVE A37 154
MOVE A41 107
MOVE A42 192
MOVE A43 107
MOVE A44 107
MOVE A45 107
MOVE A46 107
MOVE A47 107
MOVE A48 107
MOVE A51 76
MOVE A52 76
MOVE A53 59
MOVE A54 59
MOVE A55 41
MOVE A56 41
MOVE A57 32
MOVE A58 32
MOVE B29 128
MOVE B31 160
MOVE B32 137
MOVE B33 122
MOVE B34 127
MOVE B37 212
MOVE B38 212
MOVE B39 212
MOVE B40 212
MOVE B41 212
MOVE B42 212
MOVE B43 212
MOVE B44 212
MOVE B45 212
DAMAGE TURRET A37 2
DAMAGE COMBAT A37 3
DAMAGE COMBAT B9 1
END TURN 185
TURN 186
COMMAND LEFT START
COMMAND LEFT END
COMMAND RIGHT START
MOVE B46 109
MOVE B47 109
MOVE B48 109
TRAIN 3
COMMAND RIGHT END
TURN 186 RESULT
TIME LEFT 0 5 RIGHT 0 5
TRAIN B49 B50 B51
MOVE A31 124
MOVE A33 124
MOVE A41 124
MOVE A42 203
MOVE A43 124
MOVE A44 124
MOVE A45 124
MOVE A46 124
MOVE A47 124
MOVE A48 124
MOVE A53 76
MOVE A54 76
MOVE A55 59
MOVE A56 59
MOVE A57 41
MOVE A58 41
MOVE B29 138
MOVE B31 173
MOVE B32 127
MOVE B33 109
MOVE B34 109
MOVE B37 196
MOVE B38 196
MOVE B39 196
MOVE B40 196
MOVE B41 196
MOVE B42 196
MOVE B43 196
MOVE B44 196
MOVE B45 196
MOVE B46 212
MOVE B47 212
MOVE B48 212
DAMAGE TURRET A37 2
DAMAGE TURRET A42 2
DAMAGE COMBAT A42 3
DAMAGE COMBAT B9 1
DAMAGE COMBAT B10 1
END TURN 186
TURN 187
COMMAND LEFT START
COMMAND LEFT END
COMMAND RIGHT START
MOVE B49 109
MOVE B50 109
MOVE B51 109
TRAIN 3
COMMAND RIGHT END
TURN 187 RESULT
TIME LEFT 0 5 RIGHT 0 5
TRAIN B52 B53 B54
MOVE A31 132
MOVE A33 132
MOVE A41 132
MOVE A43 132
MOVE A44 132
MOVE A45 132
MOVE A46 132
MOVE A47 132
MOVE A48 132
MOVE A55 76
MOVE A56 76
MOVE A57 59
MOVE A58 59
MOVE B29 148
MOVE B31 181
MOVE B32 109
MOVE B37 181
MOVE B38 181
MOVE B39 181
MOVE B40 181
MOVE B41 181
MOVE B42 181
MOVE B43 181
MOVE B44 181
MOVE B45 181
MOVE B46 196
MOVE B47 196
MOVE B48 196
MOVE B49 212
MOVE B50 212
MOVE B51 212
DAMAGE TURRET A42 2
DAMAGE COMBAT B10 1
END TURN 187
TURN 188
COMMAND LEFT START
MOVE A60 76
UPGRADE 0
COMMAND LEFT END
COMMAND RIGHT START
MOVE B26 161
MOVE B32 161
MOVE B33 161
MOVE B35 161
MOVE B52 161
MOVE B53 161
MOVE B54 161
TRAIN 3
COMMAND RIGHT END
TURN 188 RESULT
TIME LEFT 0 5 RIGHT 0 5
UPGRADE A 0
TRAIN B55 B56 B57
MOVE A31 157
MOVE A33 157
MOVE A41 157
MOVE A43 157
MOVE A44 157
MOVE A45 157
MOVE A46 157
MOVE A47 157
MOVE A48 157
MOVE A57 76
MOVE A58 76
MOVE A60 6
MOVE B26 122
MOVE B29 157
MOVE B31 196
MOVE B32 122
MOVE B33 122
MOVE B35 122
MOVE B37 173
MOVE B38 173
MOVE B39 173
MOVE B40 173
MOVE B41 173
MOVE B42 173
MOVE B43 173
MOVE B44 173
MOVE B45 173
MOVE B46 181
MOVE B47 181
MOVE B48 181
MOVE B49 196
MOVE B50 196
MOVE B51 196
MOVE B52 214
MOVE B53 214
MOVE B54 214
DAMAGE COMBAT A31 1
DAMAGE COMBAT B29 6
END TURN 188
TURN 189
COMMAND LEFT START
COMMAND LEFT END
COMMAND RIGHT START
MOVE B55 161
MOVE B56 109
MOVE B57 109
TRAIN 2
COMMAND RIGHT END
TURN 189 RESULT
TIME LEFT 0 5 RIGHT 0 5
TRAIN B58 B59
MOVE A31 161
MOVE A33 161
MOVE A41 161
MOVE A43 161
MOVE A44 161
MOVE A45 161
MOVE A46 161
MOVE A47 161
MOVE A48 161
MOVE A60 22
MOVE B26 129
MOVE B31 212
MOVE B32 129
MOVE B33 129
MOVE B35 129
MOVE B37 160
MOVE B38 160
MOVE B39 160
MOVE B40 160
MOVE B41 160
MOVE B42 160
MOVE B43 160
MOVE B44 160
MOVE B45 160
MOVE B46 173
MOVE B47 173
MOVE B48 173
MOVE B49 181
MOVE B50 181
MOVE B51 181
MOVE B52 211
MOVE B53 211
MOVE B54 211
MOVE B55 214
MOVE B56 212
MOVE B57 212
DAMAGE TURRET A31 2
DAMAGE COMBAT A31 3
DAMAGE COMBAT B11 1
DAMAGE COMBAT B20 6
DAMAGE COMBAT B28 2
END TURN 189
TURN 190
COMMAND LEFT START
MOVE A58 109
COMMAND LEFT END
COMMAND RIGHT START
MOVE B58 161
MOVE B59 161
TRAIN 3
COMMAND RIGHT END
TURN 190 RESULT
TIME LEFT 0 5 RIGHT 0 5
TRAIN B60 B61 B62
MOVE A58 81
MOVE A60 32
MOVE B26 128
MOVE B31 218
MOVE B32 128
MOVE B33 128
MOVE B35 128
MOVE B37 137
MOVE B38 137
MOVE B39 137
MOVE B40 137
MOVE B41 137
MOVE B42 137
MOVE B43 137
MOVE B44 137
MOVE B45 137
MOVE B46 160
MOVE B47 160
MOVE B48 160
MOVE B49 173
MOVE B50 173
MOVE B51 173
MOVE B52 205
MOVE B53 205
MOVE B54 205
MOVE B55 211
MOVE B56 196
MOVE B57 196
MOVE B58 214
MOVE B59 214
DAMAGE TURRET A31 1
DAMAGE TURRET A33 1
DAMAGE COMBAT A33 1
DAMAGE COMBAT B28 4
SIEGE B 161 5
END TURN 190
TURN 191
COMMAND LEFT START
MOVE A57 142
MOVE A56 174
COMMAND LEFT END
COMMAND RIGHT START
MOVE B36 109
MOVE B60 109
MOVE B61 109
MOVE B62 109
TRAIN 2
COMMAND RIGHT END
TURN 191 RESULT
TIME LEFT 0 5 RIGHT 0 5
TRAIN B63 B64
MOVE A56 88
MOVE A57 81
MOVE A58 91
MOVE A60 41
MOVE B26 138
MOVE B32 138
MOVE B33 138
MOVE B35 138
MOVE B36 212
MOVE B37 127
MOVE B38 127
MOVE B39 127
MOVE B40 127
MOVE B41 127
MOVE B42 127
MOVE B43 127
MOVE B44 127
MOVE B45 127
MOVE B46 137
MOVE B47 137
MOVE B48 137
MOVE B49 160
MOVE B50 160
MOVE B51 160
MOVE B52 189
MOVE B53 189
MOVE B54 189
MOVE B55 205
MOVE B56 181
MOVE B57 181
MOVE B58 211
MOVE B59 211
MOVE B60 212
MOVE B61 212
MOVE B62 212
DAMAGE TURRET A33 2
SIEGE B 161 8
END TURN 191
TURN 192
COMMAND LEFT START
MOVE A55 172
MOVE A54 154
COMMAND LEFT END
COMMAND RIGHT START
MOVE B63 109
MOVE B64 109
TRAIN 2
COMMAND RIGHT END
TURN 192 RESULT
TIME LEFT 0 5 RIGHT 0 5
TRAIN B65 B66
MOVE A54 81
MOVE A55 88
MOVE A56 116
MOVE A57 96
MOVE A58 109
MOVE A60 59
MOVE B26 148
MOVE B32 148
MOVE B33 148
MOVE B35 148
MOVE B36 196
MOVE B37 109
MOVE B38 109
MOVE B39 109
MOVE B40 109
MOVE B41 109
MOVE B42 109
MOVE B43 109
MOVE B44 109
MOVE B45 109
MOVE B46 127
MOVE B47 127
MOVE B48 127
MOVE B49 137
MOVE B50 137
MOVE B51 137
MOVE B52 188
MOVE B53 188
MOVE B54 188
MOVE B55 189
MOVE B56 173
MOVE B57 173
MOVE B58 205
MOVE B59 205
MOVE B60 196
MOVE B61 196
MOVE B62 196
MOVE B63 212
MOVE B64 212
DAMAGE TURRET A33 2
DAMAGE TURRET A58 2
DAMAGE COMBAT A58 5
DAMAGE COMBAT B34 1
SIEGE B 161 5
END TURN 192
TURN 193
COMMAND LEFT START
MOVE A53 215
UPGRADE 161
COMMAND LEFT END
COMMAND RIGHT START
MOVE B65 109
MOVE B66 109
TRAIN 3
COMMAND RIGHT END
TURN 193 RESULT
TIME LEFT 0 5 RIGHT 0 5
UPGRADE A 161
TRAIN B67 B68 B69
MOVE A53 88
MOVE A54 96
MOVE A55 116
MOVE A56 122
MOVE A57 102
MOVE A60 76
MOVE B26 157
MOVE B32 157
MOVE B33 157
MOVE B35 157
MOVE B36 181
MOVE B46 109
MOVE B47 109
MOVE B48 109
MOVE B49 127
MOVE B50 127
MOVE B51 127
MOVE B52 178
MOVE B53 178
MOVE B54 178
MOVE B55 188
MOVE B56 160
MOVE B57 160
MOVE B58 189
MOVE B59 189
MOVE B60 181
MOVE B61 181
MOVE B62 181
MOVE B63 196
MOVE B64 196
MOVE B65 212
MOVE B66 212
END TURN 193
TURN 194
COMMAND LEFT START
MOVE A48 203
UPGRADE 161
COMMAND LEFT END
COMMAND RIGHT START
MOVE B42 142
MOVE B67 109
MOVE B68 109
MOVE B69 109
TRAIN 2
COMMAND RIGHT END
TURN 194 RESULT
TIME LEFT 0 5 RIGHT 0 5
UPGRADE A 161
TRAIN B70 B71
MOVE A48 171
MOVE A53 116
MOVE A54 102
MOVE A55 122
MOVE A56 144
MOVE A57 130
MOVE B26 161
MOVE B32 161
MOVE B33 161
MOVE B35 161
MOVE B36 173
MOVE B42 127
MOVE B49 109
MOVE B50 109
MOVE B51 109
MOVE B52 167
MOVE B53 167
MOVE B54 167
MOVE B55 178
MOVE B56 137
MOVE B57 137
MOVE B58 188
MOVE B59 188
MOVE B60 173
MOVE B61 173
MOVE B62 173
MOVE B63 181
MOVE B64 181
MOVE B65 196
MOVE B66 196
MOVE B67 212
MOVE B68 212
MOVE B69 212
DAMAGE TURRET B26 1
DAMAGE COMBAT A33 1
DAMAGE COMBAT A41 3
DAMAGE COMBAT B26 5
DAMAGE COMBAT B32 2
END TURN 194
TURN 195
COMMAND LEFT START
TRAIN 1
COMMAND LEFT END
COMMAND RIGHT START
MOVE B43 142
MOVE B44 142
MOVE B70 109
MOVE B71 109
TRAIN 2
COMMAND RIGHT END
TURN 195 RESULT
TIME LEFT 0 5 RIGHT 0 5
TRAIN A61 B72 B73
MOVE A48 184
MOVE A53 122
MOVE A54 113
MOVE A55 137
MOVE A56 163
MOVE A57 142
MOVE B36 160
MOVE B42 137
MOVE B43 127
MOVE B44 127
MOVE B52 161
MOVE B53 161
MOVE B54 161
MOVE B55 167
MOVE B56 127
MOVE B57 127
MOVE B58 178
MOVE B59 178
MOVE B60 160
MOVE B61 160
MOVE B62 160
MOVE B63 173
MOVE B64 173
MOVE B65 181
MOVE B66 181
MOVE B67 196
MOVE B68 196
MOVE B69 196
MOVE B70 212
MOVE B71 212
DAMAGE TURRET A57 2
DAMAGE TURRET B32 1
DAMAGE COMBAT A41 4
DAMAGE COMBAT A43 2
DAMAGE COMBAT A55 1
DAMAGE COMBAT A57 3
DAMAGE COMBAT B5 1
DAMAGE COMBAT B32 3
DAMAGE COMBAT B33 3
DAMAGE COMBAT B42 1
END TURN 195
TURN 196
COMMAND LEFT START
MOVE A61 76
TRAIN 2
COMMAND LEFT END
COMMAND RIGHT START
MOVE B40 142
MOVE B41 174
MOVE B72 109
MOVE B73 109
TRAIN 2
COMMAND RIGHT END
TURN 196 RESULT
TIME LEFT 0 5 RIGHT 0 5
TRAIN A62 A63 B74 B75
MOVE A48 203
MOVE A53 144
MOVE A54 118
MOVE A56 174
MOVE A61 6
MOVE B36 137
MOVE B40 127
MOVE B41 127
MOVE B43 137
MOVE B44 137
MOVE B55 161
MOVE B56 109
MOVE B57 109
MOVE B58 167
MOVE B59 167
MOVE B60 137
MOVE B61 137
MOVE B62 137
MOVE B63 160
MOVE B64 160
MOVE B65 173
MOVE B66 173
MOVE B67 181
MOVE B68 181
MOVE B69 181
MOVE B70 196
MOVE B71 196
MOVE B72 212
MOVE B73 212
DAMAGE TURRET A48 2
DAMAGE TURRET A56 2
DAMAGE TURRET A57 2
DAMAGE TURRET B33 1
DAMAGE COMBAT A43 5
DAMAGE COMBAT A44 1
DAMAGE COMBAT A48 3
DAMAGE COMBAT A55 6
DAMAGE COMBAT A56 3
DAMAGE COMBAT B7 1
DAMAGE COMBAT B10 1
DAMAGE COMBAT B17 1
DAMAGE COMBAT B33 2
DAMAGE COMBAT B35 3
DAMAGE COMBAT B42 1
END TURN 196
TURN 197
COMMAND LEFT START
MOVE A13 161
MOVE A18 161
MOVE A20 161
MOVE A25 161
MOVE A49 161
MOVE A50 64
MOVE A21 64
MOVE A63 76
TRAIN 3
COMMAND LEFT END
COMMAND RIGHT START
MOVE B38 174
MOVE B74 203
MOVE B75 109
TRAIN 2
COMMAND RIGHT END
TURN 197 RESULT
TIME LEFT 0 5 RIGHT 0 5
TRAIN A64 A65 A66 B76 B77
MOVE A13 84
MOVE A18 84
MOVE A20 100
MOVE A21 6
MOVE A25 100
MOVE A49 100
MOVE A50 62
MOVE A53 160
MOVE A54 136
MOVE A61 22
MOVE A63 6
MOVE B36 127
MOVE B38 127
MOVE B40 137
MOVE B41 137
MOVE B42 142
MOVE B43 142
MOVE B44 142
MOVE B58 161
MOVE B59 161
MOVE B60 127
MOVE B61 127
MOVE B62 127
MOVE B63 137
MOVE B64 137
MOVE B65 160
MOVE B66 160
MOVE B67 173
MOVE B68 173
MOVE B69 173
MOVE B70 181
MOVE B71 181
MOVE B72 196
MOVE B73 196
MOVE B74 216
MOVE B75 212
DAMAGE TURRET A48 2
DAMAGE TURRET A56 2
DAMAGE TURRET B35 1
DAMAGE COMBAT A44 6
DAMAGE COMBAT A45 1
DAMAGE COMBAT A53 2
DAMAGE COMBAT B14 1
DAMAGE COMBAT B16 1
DAMAGE COMBAT B35 2
DAMAGE COMBAT B52 2
DAMAGE COMBAT B65 1
END TURN 197
TURN 198
COMMAND LEFT START
MOVE A66 76
MOVE A65 76
MOVE A64 76
TRAIN 3
COMMAND LEFT END
COMMAND RIGHT START
MOVE B44 109
MOVE B76 109
MOVE B77 109
TRAIN 2
COMMAND RIGHT END
TURN 198 RESULT
TIME LEFT 2 5 RIGHT 2 5
TRAIN A67 A68 A69 B78 B79
MOVE A13 103
MOVE A18 103
MOVE A20 107
MOVE A21 11
MOVE A25 107
MOVE A49 107
MOVE A50 66
MOVE A54 140
MOVE A61 32
MOVE A63 22
MOVE A64 6
MOVE A65 6
MOVE A66 6
MOVE B36 109
MOVE B38 137
MOVE B40 142
MOVE B41 160
MOVE B44 137
MOVE B60 109
MOVE B61 109
MOVE B62 109
MOVE B63 127
MOVE B64 127
MOVE B67 160
MOVE B68 160
MOVE B69 160
MOVE B70 173
MOVE B71 173
MOVE B72 181
MOVE B73 181
MOVE B74 213
MOVE B75 196
MOVE B76 212
MOVE B77 212
DAMAGE TURRET B52 1
DAMAGE COMBAT A45 6
DAMAGE COMBAT A53 5
DAMAGE COMBAT B52 3
DAMAGE COMBAT B65 1
END TURN 198
TURN 199
COMMAND LEFT START
MOVE A69 76
MOVE A68 76
MOVE A67 76
TRAIN 3
COMMAND LEFT END
COMMAND RIGHT START
MOVE B37 0
MOVE B39 0
MOVE B45 0
MOVE B46 0
MOVE B47 0
MOVE B48 0
MOVE B49 0
MOVE B50 0
MOVE B51 0
MOVE B56 0
MOVE B57 0
MOVE B60 0
TRAIN 1
COMMAND RIGHT END
TURN 199 RESULT
TIME LEFT 0 5 RIGHT 0 5
TRAIN A70 A71 A72 B80
MOVE A13 119
MOVE A18 119
MOVE A20 124
MOVE A21 18
MOVE A25 124
MOVE A49 124
MOVE A50 73
MOVE A54 145
MOVE A61 41
MOVE A63 32
MOVE A64 22
MOVE A65 22
MOVE A66 22
MOVE A67 6
MOVE A68 6
MOVE A69 6
MOVE B37 91
MOVE B38 160
MOVE B39 91
MOVE B41 174
MOVE B44 127
MOVE B45 91
MOVE B46 91
MOVE B47 91
MOVE B48 91
MOVE B49 91
MOVE B50 91
MOVE B51 91
MOVE B56 91
MOVE B57 91
MOVE B60 91
MOVE B63 109
MOVE B64 109
MOVE B65 137
MOVE B66 137
MOVE B67 137
MOVE B68 137
MOVE B69 137
MOVE B70 160
MOVE B71 160
MOVE B72 173
MOVE B73 173
MOVE B74 202
MOVE B75 181
MOVE B76 196
MOVE B77 196
DAMAGE TURRET B52 1
DAMAGE COMBAT A46 6
DAMAGE COMBAT B52 1
DAMAGE COMBAT B53 1
END TURN 199
TURN 200
COMMAND LEFT START
MOVE A72 76
MOVE A71 76
MOVE A70 76
TRAIN 2
COMMAND LEFT END
COMMAND RIGHT START
MOVE B40 109
MOVE B43 109
MOVE B78 109
MOVE B79 109
MOVE B80 109
TRAIN 2
COMMAND RIGHT END
TURN 200 RESULT
TIME LEFT 0 5 RIGHT 0 5
TRAIN A73 A74 B81 B82
MOVE A13 141
MOVE A18 141
MOVE A20 132
MOVE A21 20
MOVE A25 132
MOVE A49 132
MOVE A50 64
MOVE A54 154
MOVE A61 59
MOVE A63 41
MOVE A64 32
MOVE A65 32
MOVE A66 32
MOVE A67 22
MOVE A68 22
MOVE A69 22
MOVE A70 6
MOVE A71 6
MOVE A72 6
MOVE B37 81
MOVE B38 174
MOVE B39 81
MOVE B40 137
MOVE B43 137
MOVE B44 109
MOVE B45 81
MOVE B46 81
MOVE B47 81
MOVE B48 81
MOVE B49 81
MOVE B50 81
MOVE B51 81
MOVE B56 81
MOVE B57 81
MOVE B60 81
MOVE B65 127
MOVE B66 127
MOVE B67 127
MOVE B68 127
MOVE B69 127
MOVE B70 137
MOVE B71 137
MOVE B72 160
MOVE B73 160
MOVE B74 203
MOVE B75 173
MOVE B76 181
MOVE B77 181
MOVE B78 212
MOVE B79 212
MOVE B80 212
DAMAGE TURRET A54 2
DAMAGE TURRET B53 1
DAMAGE COMBAT A46 1
DAMAGE COMBAT A47 4
DAMAGE COMBAT A54 3
DAMAGE COMBAT B9 1
DAMAGE COMBAT B53 2
END TURN 200
TURN 201
COMMAND LEFT START
MOVE A74 142
MOVE A73 76
TRAIN 3
COMMAND LEFT END
COMMAND RIGHT START
MOVE B41 154
MOVE B81 109
MOVE B82 109
TRAIN 2
COMMAND RIGHT END
TURN 201 RESULT
TIME LEFT 0 5 RIGHT 0 5
TRAIN A75 A76 A77 B83 B84
MOVE A13 161
MOVE A18 161
MOVE A20 157
MOVE A21 23
MOVE A25 157
MOVE A49 157
MOVE A61 76
MOVE A63 59
MOVE A64 41
MOVE A65 41
MOVE A66 41
MOVE A67 32
MOVE A68 32
MOVE A69 32
MOVE A70 22
MOVE A71 22
MOVE A72 22
MOVE A73 6
MOVE A74 6
MOVE B37 58
MOVE B39 58
MOVE B40 127
MOVE B41 173
MOVE B43 127
MOVE B45 58
MOVE B46 58
MOVE B47 58
MOVE B48 58
MOVE B49 58
MOVE B50 58
MOVE B51 58
MOVE B56 58
MOVE B57 58
MOVE B60 58
MOVE B65 109
MOVE B66 109
MOVE B67 109
MOVE B68 109
MOVE B69 109
MOVE B70 127
MOVE B71 127
MOVE B72 137
MOVE B73 137
MOVE B75 160
MOVE B76 173
MOVE B77 173
MOVE B78 196
MOVE B79 196
MOVE B80 196
MOVE B81 212
MOVE B82 212
DAMAGE TURRET A54 2
DAMAGE TURRET B53 1
DAMAGE COMBAT A13 2
DAMAGE COMBAT A47 3
DAMAGE COMBAT B19 1
DAMAGE COMBAT B53 3
END TURN 201
TURN 202
COMMAND LEFT START
MOVE A77 76
MOVE A76 76
MOVE A75 76
TRAIN 2
COMMAND LEFT END
COMMAND RIGHT START
MOVE B83 109
MOVE B84 109
TRAIN 2
COMMAND RIGHT END
TURN 202 RESULT
TIME LEFT 0 5 RIGHT 0 5
TRAIN A78 A79 B85 B86
MOVE A20 161
MOVE A21 38
MOVE A25 161
MOVE A49 161
MOVE A63 76
MOVE A64 59
MOVE A65 59
MOVE A66 59
MOVE A67 41
MOVE A68 41
MOVE A69 41
MOVE A70 32
MOVE A71 32
MOVE A72 32
MOVE A73 22
MOVE A74 22
MOVE A75 6
MOVE A76 6
MOVE A77 6
MOVE B37 45
MOVE B39 45
MOVE B40 109
MOVE B41 177
MOVE B43 109
MOVE B45 45
MOVE B46 45
MOVE B47 45
MOVE B48 45
MOVE B49 45
MOVE B50 45
MOVE B51 45
MOVE B56 45
MOVE B57 45
MOVE B60 45
MOVE B70 109
MOVE B71 109
MOVE B72 127
MOVE B73 127
MOVE B75 137
MOVE B76 160
MOVE B77 160
MOVE B78 181
MOVE B79 181
MOVE B80 181
MOVE B81 196
MOVE B82 196
MOVE B83 212
MOVE B84 212
DAMAGE TURRET B54 1
DAMAGE COMBAT A13 4
DAMAGE COMBAT B54 5
END TURN 202
TURN 203
COMMAND LEFT START
MOVE A79 76
MOVE A78 76
TRAIN 3
COMMAND LEFT END
COMMAND RIGHT START
MOVE B36 0
MOVE B40 0
MOVE B43 0
MOVE B44 0
MOVE B61 0
MOVE B62 0
MOVE B63 0
MOVE B64 0
MOVE B66 0
MOVE B67 0
MOVE B68 0
MOVE B69 0
TRAIN 1
COMMAND RIGHT END
TURN 203 RESULT
TIME LEFT 0 5 RIGHT 0 5
TRAIN A80 A81 A82 B87
MOVE A21 56
MOVE A64 76
MOVE A65 76
MOVE A66 76
MOVE A67 59
MOVE A68 59
MOVE A69 59
MOVE A70 41
MOVE A71 41
MOVE A72 41
MOVE A73 32
MOVE A74 37
MOVE A75 22
MOVE A76 22
MOVE A77 22
MOVE A78 6
MOVE A79 6
MOVE B36 91
MOVE B37 37
MOVE B39 37
MOVE B40 91
MOVE B41 172
MOVE B43 91
MOVE B44 91
MOVE B45 37
MOVE B46 37
MOVE B47 37
MOVE B48 37
MOVE B49 37
MOVE B50 37
MOVE B51 37
MOVE B56 37
MOVE B57 37
MOVE B60 37
MOVE B61 91
MOVE B62 91
MOVE B63 91
MOVE B64 91
MOVE B66 91
MOVE B67 91
MOVE B68 91
MOVE B69 91
MOVE B72 109
MOVE B73 109
MOVE B75 127
MOVE B76 137
MOVE B77 137
MOVE B78 173
MOVE B79 173
MOVE B80 173
MOVE B81 181
MOVE B82 181
MOVE B83 196
MOVE B84 196
DAMAGE TURRET B54 1
DAMAGE COMBAT A18 4
DAMAGE COMBAT A74 8
DAMAGE COMBAT B37 1
DAMAGE COMBAT B54 1
DAMAGE COMBAT B55 3
END TURN 203
TURN 204
COMMAND LEFT START
MOVE A1 0
MOVE A5 0
MOVE A9 0
MOVE A6 0
TRAIN 3
COMMAND LEFT END
COMMAND RIGHT START
MOVE B85 109
MOVE B86 109
MOVE B87 109
TRAIN 2
COMMAND RIGHT END
TURN 204 RESULT
TIME LEFT 0 5 RIGHT 0 5
TRAIN A83 A84 A85 B88 B89
MOVE A1 1
MOVE A5 1
MOVE A6 16
MOVE A9 1
MOVE A21 64
MOVE A67 76
MOVE A68 76
MOVE A69 76
MOVE A70 59
MOVE A71 59
MOVE A72 59
MOVE A73 41
MOVE A75 32
MOVE A76 32
MOVE A77 32
MOVE A78 22
MOVE A79 22
MOVE B36 81
MOVE B37 22
MOVE B39 22
MOVE B40 81
MOVE B41 166
MOVE B43 81
MOVE B44 81
MOVE B45 22
MOVE B46 22
MOVE B47 22
MOVE B48 22
MOVE B49 22
MOVE B50 22
MOVE B51 22
MOVE B56 22
MOVE B57 22
MOVE B60 22
MOVE B61 81
MOVE B62 81
MOVE B63 81
MOVE B64 81
MOVE B66 81
MOVE B67 81
MOVE B68 81
MOVE B69 81
MOVE B75 109
MOVE B76 127
MOVE B77 127
MOVE B78 160
MOVE B79 160
MOVE B80 160
MOVE B81 173
MOVE B82 173
MOVE B83 181
MOVE B84 181
MOVE B85 212
MOVE B86 212
MOVE B87 212
DAMAGE TURRET B55 1
DAMAGE COMBAT A18 2
DAMAGE COMBAT A20 1
DAMAGE COMBAT A78 8
DAMAGE COMBAT A79 4
DAMAGE COMBAT B37 2
DAMAGE COMBAT B55 4
END TURN 204
TURN 205
COMMAND LEFT START
COMMAND LEFT END
COMMAND RIGHT START
MOVE B88 109
MOVE B89 109
TRAIN 2
COMMAND RIGHT END
TURN 205 RESULT
TIME LEFT 0 5 RIGHT 0 5
TRAIN B90 B91
MOVE A1 0
MOVE A5 0
MOVE A6 5
MOVE A9 0
MOVE A70 76
MOVE A71 76
MOVE A72 76
MOVE A73 59
MOVE A75 41
MOVE A76 41
MOVE A77 41
MOVE B36 58
MOVE B40 58
MOVE B41 165
MOVE B43 58
MOVE B44 58
MOVE B61 58
MOVE B62 58
MOVE B63 58
MOVE B64 58
MOVE B66 58
MOVE B67 58
MOVE B68 58
MOVE B69 58
MOVE B76 109
MOVE B77 109
MOVE B78 137
MOVE B79 137
MOVE B80 137
MOVE B81 160
MOVE B82 160
MOVE B83 173
MOVE B84 173
MOVE B85 196
MOVE B86 196
MOVE B87 196
MOVE B88 212
MOVE B89 212
DAMAGE TURRET B58 1
DAMAGE COMBAT A20 2
DAMAGE COMBAT A79 4
DAMAGE COMBAT B37 1
DAMAGE COMBAT B58 3
END TURN 205
TURN 206
COMMAND LEFT START
COMMAND LEFT END
COMMAND RIGHT START
MOVE B90 109
MOVE B91 109
TRAIN 2
COMMAND RIGHT END
TURN 206 RESULT
TIME LEFT 0 5 RIGHT 0 5
TRAIN B92 B93
MOVE A6 2
MOVE A73 76
MOVE A75 59
MOVE A76 59
MOVE A77 59
MOVE B36 45
MOVE B37 6
MOVE B39 6
MOVE B40 45
MOVE B41 162
MOVE B43 45
MOVE B44 45
MOVE B45 6
MOVE B46 6
MOVE B47 6
MOVE B48 6
MOVE B49 6
MOVE B50 6
MOVE B51 6
MOVE B56 6
MOVE B57 6
MOVE B60 6
MOVE B61 45
MOVE B62 45
MOVE B63 45
MOVE B64 45
MOVE B66 45
MOVE B67 45
MOVE B68 45
MOVE B69 45
MOVE B78 127
MOVE B79 127
MOVE B80 127
MOVE B81 137
MOVE B82 137
MOVE B83 160
MOVE B84 160
MOVE B85 181
MOVE B86 181
MOVE B87 181
MOVE B88 196
MOVE B89 196
MOVE B90 212
MOVE B91 212
DAMAGE TURRET B58 1
DAMAGE COMBAT A20 2
DAMAGE COMBAT B58 3
END TURN 206
TURN 207
COMMAND LEFT START
COMMAND LEFT END
COMMAND RIGHT START
MOVE B92 109
MOVE B93 109
TRAIN 1
COMMAND RIGHT END
TURN 207 RESULT
TIME LEFT 0 5 RIGHT 0 5
TRAIN B94
MOVE A6 0
MOVE A75 76
MOVE A76 76
MOVE A77 76
MOVE B36 37
MOVE B37 0
MOVE B39 0
MOVE B40 37
MOVE B41 154
MOVE B43 37
MOVE B44 37
MOVE B45 0
MOVE B46 0
MOVE B47 0
MOVE B48 0
MOVE B49 0
MOVE B50 0
MOVE B51 0
MOVE B56 0
MOVE B57 0
MOVE B60 0
MOVE B61 37
MOVE B62 37
MOVE B63 37
MOVE B64 37
MOVE B66 37
MOVE B67 37
MOVE B68 37
MOVE B69 37
MOVE B78 109
MOVE B79 109
MOVE B80 109
MOVE B81 127
MOVE B82 127
MOVE B83 137
MOVE B84 137
MOVE B85 173
MOVE B86 173
MOVE B87 173
MOVE B88 181
MOVE B89 181
MOVE B90 196
MOVE B91 196
MOVE B92 212
MOVE B93 212
DAMAGE TURRET B37 3
DAMAGE TURRET B59 1
DAMAGE COMBAT A1 4
DAMAGE COMBAT A5 4
DAMAGE COMBAT A6 4
DAMAGE COMBAT A20 1
DAMAGE COMBAT B37 1
DAMAGE COMBAT B39 8
DAMAGE COMBAT B45 6
DAMAGE COMBAT B59 3
END TURN 207
TURN 208
COMMAND LEFT START
MOVE A7 0
MOVE A10 0
MOVE A12 0
MOVE A15 0
MOVE A16 0
MOVE A4 0
MOVE A8 0
MOVE A11 0
MOVE A51 0
MOVE A52 0
MOVE A60 0
TRAIN 3
COMMAND LEFT END
COMMAND RIGHT START
MOVE B94 109
TRAIN 3
COMMAND RIGHT END
TURN 208 RESULT
TIME LEFT 0 5 RIGHT 0 5
TRAIN A86 A87 A88 B95 B96 B97
MOVE A4 33
MOVE A7 16
MOVE A8 33
MOVE A10 16
MOVE A11 33
MOVE A12 32
MOVE A15 32
MOVE A16 32
MOVE A51 59
MOVE A52 59
MOVE A60 59
MOVE B36 22
MOVE B40 22
MOVE B43 22
MOVE B44 22
MOVE B61 22
MOVE B62 22
MOVE B63 22
MOVE B64 22
MOVE B66 22
MOVE B67 22
MOVE B68 22
MOVE B69 22
MOVE B81 109
MOVE B82 109
MOVE B83 127
MOVE B84 127
MOVE B85 160
MOVE B86 160
MOVE B87 160
MOVE B88 173
MOVE B89 173
MOVE B90 181
MOVE B91 181
MOVE B92 196
MOVE B93 196
MOVE B94 212
DAMAGE TURRET B45 2
DAMAGE TURRET B46 1
DAMAGE TURRET B59 1
DAMAGE COMBAT A9 5
DAMAGE COMBAT A22 5
DAMAGE COMBAT A25 1
DAMAGE COMBAT B46 7
DAMAGE COMBAT B47 8
DAMAGE COMBAT B59 2
END TURN 208
TURN 209
COMMAND LEFT START
COMMAND LEFT END
COMMAND RIGHT START
MOVE B95 109
MOVE B96 109
MOVE B97 109
TRAIN 2
COMMAND RIGHT END
TURN 209 RESULT
TIME LEFT 0 5 RIGHT 0 5
TRAIN B98 B99
MOVE A4 28
MOVE A7 5
MOVE A8 28
MOVE A10 5
MOVE A11 28
MOVE A12 22
MOVE A15 22
MOVE A16 22
MOVE A51 41
MOVE A52 41
MOVE A60 41
MOVE B36 6
MOVE B40 6
MOVE B43 6
MOVE B44 6
MOVE B61 6
MOVE B62 6
MOVE B63 6
MOVE B64 6
MOVE B66 6
MOVE B67 6
MOVE B68 6
MOVE B69 6
MOVE B83 109
MOVE B84 109
MOVE B85 137
MOVE B86 137
MOVE B87 137
MOVE B88 160
MOVE B89 160
MOVE B90 173
MOVE B91 173
MOVE B92 181
MOVE B93 181
MOVE B94 196
MOVE B95 212
MOVE B96 212
MOVE B97 212
DAMAGE TURRET B48 3
DAMAGE TURRET B59 1
DAMAGE COMBAT A22 1
DAMAGE COMBAT A23 6
DAMAGE COMBAT A25 1
DAMAGE COMBAT B48 5
DAMAGE COMBAT B49 8
DAMAGE COMBAT B50 1
END TURN 209
TURN 210
COMMAND LEFT START
COMMAND LEFT END
COMMAND RIGHT START
MOVE B98 109
MOVE B99 109
TRAIN 2
COMMAND RIGHT END
TURN 210 RESULT
TIME LEFT 0 5 RIGHT 0 5
TRAIN B100 B101
MOVE A4 14
MOVE A7 2
MOVE A8 14
MOVE A10 2
MOVE A11 14
MOVE A12 6
MOVE A15 6
MOVE A16 6
MOVE A51 32
MOVE A52 32
MOVE A60 32
MOVE B36 0
MOVE B40 0
MOVE B43 0
MOVE B44 0
MOVE B61 0
MOVE B62 0
MOVE B63 0
MOVE B64 0
MOVE B66 0
MOVE B67 0
MOVE B68 0
MOVE B69 0
MOVE B85 127
MOVE B86 127
MOVE B87 127
MOVE B88 137
MOVE B89 137
MOVE B90 160
MOVE B91 160
MOVE B92 173
MOVE B93 173
MOVE B94 181
MOVE B95 196
MOVE B96 196
MOVE B97 196
MOVE B98 212
MOVE B99 212
DAMAGE TURRET B50 3
DAMAGE COMBAT A24 6
DAMAGE COMBAT A59 7
DAMAGE COMBAT A62 4
DAMAGE COMBAT B36 8
DAMAGE COMBAT B50 4
END TURN 210
TURN 211
COMMAND LEFT START
COMMAND LEFT END
COMMAND RIGHT START
MOVE B70 0
MOVE B71 0
MOVE B72 0
MOVE B73 0
MOVE B75 0
MOVE B76 0
MOVE B77 0
MOVE B78 0
MOVE B79 0
MOVE B80 0
MOVE B81 0
MOVE B82 0
MOVE B83 0
TRAIN 1
COMMAND RIGHT END
TURN 211 RESULT
TIME LEFT 0 5 RIGHT 0 5
TRAIN B102
MOVE A4 4
MOVE A7 0
MOVE A8 4
MOVE A10 0
MOVE A11 4
MOVE A12 0
MOVE A15 0
MOVE A16 0
MOVE A51 22
MOVE A52 22
MOVE A60 22
MOVE B70 91
MOVE B71 91
MOVE B72 91
MOVE B73 91
MOVE B75 91
MOVE B76 91
MOVE B77 91
MOVE B78 91
MOVE B79 91
MOVE B80 91
MOVE B81 91
MOVE B82 91
MOVE B83 91
MOVE B85 109
MOVE B86 109
MOVE B87 109
MOVE B88 127
MOVE B89 127
MOVE B90 137
MOVE B91 137
MOVE B92 160
MOVE B93 160
MOVE B94 173
MOVE B95 181
MOVE B96 181
MOVE B97 181
MOVE B98 196
MOVE B99 196
DAMAGE TURRET B40 3
DAMAGE COMBAT A7 4
DAMAGE COMBAT A10 6
DAMAGE COMBAT A12 1
DAMAGE COMBAT A62 4
DAMAGE COMBAT B40 5
DAMAGE COMBAT B43 8
DAMAGE COMBAT B44 2
END TURN 211
TURN 212
COMMAND LEFT START
COMMAND LEFT END
COMMAND RIGHT START
MOVE B100 109
MOVE B101 109
MOVE B102 109
TRAIN 2
COMMAND RIGHT END
TURN 212 RESULT
TIME LEFT 2 5 RIGHT 0 5
TRAIN B103 B104
MOVE A4 0
MOVE A8 0
MOVE A11 0
MOVE A51 6
MOVE A52 6
MOVE A60 6
MOVE B70 81
MOVE B71 81
MOVE B72 81
MOVE B73 81
MOVE B75 81
MOVE B76 81
MOVE B77 81
MOVE B78 81
MOVE B79 81
MOVE B80 81
MOVE B81 81
MOVE B82 81
MOVE B83 81
MOVE B88 109
MOVE B89 109
MOVE B90 127
MOVE B91 127
MOVE B92 137
MOVE B93 137
MOVE B94 160
MOVE B95 173
MOVE B96 173
MOVE B97 173
MOVE B98 181
MOVE B99 181
MOVE B100 212
MOVE B101 212
MOVE B102 212
DAMAGE TURRET B44 3
DAMAGE COMBAT A4 4
DAMAGE COMBAT A8 5
DAMAGE COMBAT A12 4
DAMAGE COMBAT B44 3
DAMAGE COMBAT B51 8
DAMAGE COMBAT B56 4
END TURN 212
TURN 213
COMMAND LEFT START
COMMAND LEFT END
COMMAND RIGHT START
MOVE B103 109
MOVE B104 109
TRAIN 2
COMMAND RIGHT END
TURN 213 RESULT
TIME LEFT 0 5 RIGHT 0 5
TRAIN B105 B106
MOVE A51 0
MOVE A52 0
MOVE A60 0
MOVE B70 58
MOVE B71 58
MOVE B72 58
MOVE B73 58
MOVE B75 58
MOVE B76 58
MOVE B77 58
MOVE B78 58
MOVE B79 58
MOVE B80 58
MOVE B81 58
MOVE B82 58
MOVE B83 58
MOVE B90 109
MOVE B91 109
MOVE B92 127
MOVE B93 127
MOVE B94 137
MOVE B95 160
MOVE B96 160
MOVE B97 160
MOVE B98 173
MOVE B99 173
MOVE B100 196
MOVE B101 196
MOVE B102 196
MOVE B103 212
MOVE B104 212
DAMAGE TURRET B56 3
DAMAGE COMBAT A11 6
DAMAGE COMBAT A12 1
DAMAGE COMBAT A15 4
DAMAGE COMBAT B56 1
DAMAGE COMBAT B57 8
DAMAGE COMBAT B60 7
END TURN 213
TURN 214
COMMAND LEFT START
COMMAND LEFT END
COMMAND RIGHT START
MOVE B105 109
MOVE B106 109
TRAIN 2
COMMAND RIGHT END
TURN 214 RESULT
TIME LEFT 0 5 RIGHT 0 5
TRAIN B107 B108
MOVE B70 45
MOVE B71 45
MOVE B72 45
MOVE B73 45
MOVE B75 45
MOVE B76 45
MOVE B77 45
MOVE B78 45
MOVE B79 45
MOVE B80 45
MOVE B81 45
MOVE B82 45
MOVE B83 45
MOVE B92 109
MOVE B93 109
MOVE B94 127
MOVE B95 137
MOVE B96 137
MOVE B97 137
MOVE B98 160
MOVE B99 160
MOVE B100 181
MOVE B101 181
MOVE B102 181
MOVE B103 196
MOVE B104 196
MOVE B105 212
MOVE B106 212
DAMAGE TURRET B60 1
DAMAGE TURRET B61 2
DAMAGE COMBAT A15 2
DAMAGE COMBAT A16 6
DAMAGE COMBAT A51 1
DAMAGE COMBAT B61 6
DAMAGE COMBAT B62 8
END TURN 214
TURN 215
COMMAND LEFT START
COMMAND LEFT END
COMMAND RIGHT START
MOVE B107 109
MOVE B108 109
TRAIN 2
COMMAND RIGHT END
TURN 215 RESULT
TIME LEFT 0 5 RIGHT 0 5
TRAIN B109 B110
MOVE B70 37
MOVE B71 37
MOVE B72 37
MOVE B73 37
MOVE B75 37
MOVE B76 37
MOVE B77 37
MOVE B78 37
MOVE B79 37
MOVE B80 37
MOVE B81 37
MOVE B82 37
MOVE B83 37
MOVE B94 109
MOVE B95 127
MOVE B96 127
MOVE B97 127
MOVE B98 137
MOVE B99 137
MOVE B100 173
MOVE B101 173
MOVE B102 173
MOVE B103 181
MOVE B104 181
MOVE B105 196
MOVE B106 196
MOVE B107 212
MOVE B108 212
DAMAGE TURRET B63 3
DAMAGE COMBAT A51 6
DAMAGE COMBAT B63 5
DAMAGE COMBAT B64 7
END TURN 215
TURN 216
COMMAND LEFT START
MOVE A61 0
MOVE A63 0
MOVE A64 0
MOVE A65 0
TRAIN 3
COMMAND LEFT END
COMMAND RIGHT START
MOVE B109 109
MOVE B110 109
TRAIN 2
COMMAND RIGHT END
TURN 216 RESULT
TIME LEFT 0 5 RIGHT 0 5
TRAIN A89 A90 A91 B111 B112
MOVE A61 59
MOVE A63 59
MOVE A64 59
MOVE A65 59
MOVE B70 22
MOVE B71 22
MOVE B72 22
MOVE B73 22
MOVE B75 22
MOVE B76 22
MOVE B77 22
MOVE B78 22
MOVE B79 22
MOVE B80 22
MOVE B81 22
MOVE B82 22
MOVE B83 22
MOVE B95 109
MOVE B96 109
MOVE B97 109
MOVE B98 127
MOVE B99 127
MOVE B100 160
MOVE B101 160
MOVE B102 160
MOVE B103 173
MOVE B104 173
MOVE B105 181
MOVE B106 181
MOVE B107 196
MOVE B108 196
MOVE B109 212
MOVE B110 212
DAMAGE TURRET B64 1
DAMAGE TURRET B66 2
DAMAGE COMBAT A52 5
DAMAGE COMBAT B66 6
DAMAGE COMBAT B67 8
END TURN 216
TURN 217
COMMAND LEFT START
COMMAND LEFT END
COMMAND RIGHT START
MOVE B111 109
MOVE B112 109
TRAIN 2
COMMAND RIGHT END
TURN 217 RESULT
TIME LEFT 0 5 RIGHT 0 5
TRAIN B113 B114
MOVE A61 41
MOVE A63 41
MOVE A64 41
MOVE A65 41
MOVE B70 6
MOVE B71 6
MOVE B72 6
MOVE B73 6
MOVE B75 6
MOVE B76 6
MOVE B77 6
MOVE B78 6
MOVE B79 6
MOVE B80 6
MOVE B81 6
MOVE B82 6
MOVE B83 6
MOVE B98 109
MOVE B99 109
MOVE B100 137
MOVE B101 137
MOVE B102 137
MOVE B103 160
MOVE B104 160
MOVE B105 173
MOVE B106 173
MOVE B107 181
MOVE B108 181
MOVE B109 196
MOVE B110 196
MOVE B111 212
MOVE B112 212
DAMAGE TURRET B68 3
DAMAGE COMBAT A52 2
DAMAGE COMBAT B68 5
DAMAGE COMBAT B69 8
END TURN 217
TURN 218
COMMAND LEFT START
COMMAND LEFT END
COMMAND RIGHT START
MOVE B113 109
MOVE B114 109
TRAIN 2
COMMAND RIGHT END
TURN 218 RESULT
TIME LEFT 0 5 RIGHT 0 5
TRAIN B115 B116
MOVE A61 32
MOVE A63 32
MOVE A64 32
MOVE A65 32
MOVE B70 0
MOVE B71 0
MOVE B72 0
MOVE B73 0
MOVE B75 0
MOVE B76 0
MOVE B77 0
MOVE B78 0
MOVE B79 0
MOVE B80 0
MOVE B81 0
MOVE B82 0
MOVE B83 0
MOVE B100 127
MOVE B101 127
MOVE B102 127
MOVE B103 137
MOVE B104 137
MOVE B105 160
MOVE B106 160
MOVE B107 173
MOVE B108 173
MOVE B109 181
MOVE B110 181
MOVE B111 196
MOVE B112 196
MOVE B113 212
MOVE B114 212
DAMAGE TURRET B70 3
DAMAGE COMBAT A60 7
DAMAGE COMBAT A80 6
DAMAGE COMBAT B70 5
DAMAGE COMBAT B71 8
END TURN 218
TURN 219
COMMAND LEFT START
COMMAND LEFT END
COMMAND RIGHT START
MOVE B84 0
MOVE B85 0
MOVE B86 0
MOVE B87 0
MOVE B88 0
MOVE B89 0
MOVE B90 0
MOVE B91 0
MOVE B92 0
MOVE B93 0
MOVE B94 0
MOVE B95 0
MOVE B96 0
MOVE B97 0
MOVE B98 0
TRAIN 1
COMMAND RIGHT END
TURN 219 RESULT
TIME LEFT 0 5 RIGHT 0 5
TRAIN B117
MOVE A61 22
MOVE A63 22
MOVE A64 22
MOVE A65 22
MOVE B84 91
MOVE B85 91
MOVE B86 91
MOVE B87 91
MOVE B88 91
MOVE B89 91
MOVE B90 91
MOVE B91 91
MOVE B92 91
MOVE B93 91
MOVE B94 91
MOVE B95 91
MOVE B96 91
MOVE B97 91
MOVE B98 91
MOVE B100 109
MOVE B101 109
MOVE B102 109
MOVE B103 127
MOVE B104 127
MOVE B105 137
MOVE B106 137
MOVE B107 160
MOVE B108 160
MOVE B109 173
MOVE B110 173
MOVE B111 181
MOVE B112 181
MOVE B113 196
MOVE B114 196
DAMAGE TURRET B72 3
DAMAGE COMBAT A80 2
DAMAGE COMBAT A81 8
DAMAGE COMBAT A82 1
DAMAGE COMBAT B72 5
DAMAGE COMBAT B73 7
END TURN 219
TURN 220
COMMAND LEFT START
COMMAND LEFT END
COMMAND RIGHT START
MOVE B115 109
MOVE B116 109
MOVE B117 109
TRAIN 2
COMMAND RIGHT END
TURN 220 RESULT
TIME LEFT 0 5 RIGHT 0 5
TRAIN B118 B119
MOVE A61 6
MOVE A63 6
MOVE A64 6
MOVE A65 6
MOVE B84 81
MOVE B85 81
MOVE B86 81
MOVE B87 81
MOVE B88 81
MOVE B89 81
MOVE B90 81
MOVE B91 81
MOVE B92 81
MOVE B93 81
MOVE B94 81
MOVE B95 81
MOVE B96 81
MOVE B97 81
MOVE B98 81
MOVE B103 109
MOVE B104 109
MOVE B105 127
MOVE B106 127
MOVE B107 137
MOVE B108 137
MOVE B109 160
MOVE B110 160
MOVE B111 173
MOVE B112 173
MOVE B113 181
MOVE B114 181
MOVE B115 212
MOVE B116 212
MOVE B117 212
DAMAGE TURRET B73 1
DAMAGE TURRET B75 2
DAMAGE COMBAT A82 7
DAMAGE COMBAT A83 3
DAMAGE COMBAT B75 6
DAMAGE COMBAT B76 4
END TURN 220
TURN 221
COMMAND LEFT START
COMMAND LEFT END
COMMAND RIGHT START
MOVE B118 109
MOVE B119 109
TRAIN 2
COMMAND RIGHT END
TURN 221 RESULT
TIME LEFT 0 5 RIGHT 0 5
TRAIN B120 B121
MOVE A61 0
MOVE A63 0
MOVE A64 0
MOVE A65 0
MOVE B84 58
MOVE B85 58
MOVE B86 58
MOVE B87 58
MOVE B88 58
MOVE B89 58
MOVE B90 58
MOVE B91 58
MOVE B92 58
MOVE B93 58
MOVE B94 58
MOVE B95 58
MOVE B96 58
MOVE B97 58
MOVE B98 58
MOVE B105 109
MOVE B106 109
MOVE B107 127
MOVE B108 127
MOVE B109 137
MOVE B110 137
MOVE B111 160
MOVE B112 160
MOVE B113 173
MOVE B114 173
MOVE B115 196
MOVE B116 196
MOVE B117 196
MOVE B118 212
MOVE B119 212
DAMAGE TURRET B76 3
DAMAGE COMBAT A61 3
DAMAGE COMBAT A83 5
DAMAGE COMBAT B76 1
DAMAGE COMBAT B77 8
DAMAGE COMBAT B78 4
END TURN 221
TURN 222
COMMAND LEFT START
COMMAND LEFT END
COMMAND RIGHT START
MOVE B120 109
MOVE B121 109
TRAIN 2
COMMAND RIGHT END
TURN 222 RESULT
TIME LEFT 0 5 RIGHT 0 5
TRAIN B122 B123
MOVE B84 45
MOVE B85 45
MOVE B86 45
MOVE B87 45
MOVE B88 45
MOVE B89 45
MOVE B90 45
MOVE B91 45
MOVE B92 45
MOVE B93 45
MOVE B94 45
MOVE B95 45
MOVE B96 45
MOVE B97 45
MOVE B98 45
MOVE B107 109
MOVE B108 109
MOVE B109 127
MOVE B110 127
MOVE B111 137
MOVE B112 137
MOVE B113 160
MOVE B114 160
MOVE B115 181
MOVE B116 181
MOVE B117 181
MOVE B118 196
MOVE B119 196
MOVE B120 212
MOVE B121 212
DAMAGE TURRET B78 3
DAMAGE COMBAT A61 5
DAMAGE COMBAT A63 1
DAMAGE COMBAT B78 1
DAMAGE COMBAT B79 8
DAMAGE COMBAT B80 3
END TURN 222
TURN 223
COMMAND LEFT START
COMMAND LEFT END
COMMAND RIGHT START
MOVE B122 109
MOVE B123 109
TRAIN 2
COMMAND RIGHT END
TURN 223 RESULT
TIME LEFT 0 5 RIGHT 0 5
TRAIN B124 B125
MOVE B84 37
MOVE B85 37
MOVE B86 37
MOVE B87 37
MOVE B88 37
MOVE B89 37
MOVE B90 37
MOVE B91 37
MOVE B92 37
MOVE B93 37
MOVE B94 37
MOVE B95 37
MOVE B96 37
MOVE B97 37
MOVE B98 37
MOVE B109 109
MOVE B110 109
MOVE B111 127
MOVE B112 127
MOVE B113 137
MOVE B114 137
MOVE B115 173
MOVE B116 173
MOVE B117 173
MOVE B118 181
MOVE B119 181
MOVE B120 196
MOVE B121 196
MOVE B122 212
MOVE B123 212
DAMAGE TURRET B80 3
DAMAGE COMBAT A63 4
DAMAGE COMBAT B80 2
DAMAGE COMBAT B81 8
DAMAGE COMBAT B82 1
END TURN 223
TURN 224
COMMAND LEFT START
MOVE A66 0
MOVE A67 0
MOVE A68 0
MOVE A69 0
TRAIN 3
COMMAND LEFT END
COMMAND RIGHT START
MOVE B124 109
MOVE B125 109
TRAIN 2
COMMAND RIGHT END
TURN 224 RESULT
TIME LEFT 0 5 RIGHT 0 5
TRAIN A92 A93 A94 B126 B127
MOVE A66 59
MOVE A67 59
MOVE A68 59
MOVE A69 59
MOVE B84 22
MOVE B85 22
MOVE B86 22
MOVE B87 22
MOVE B88 22
MOVE B89 22
MOVE B90 22
MOVE B91 22
MOVE B92 22
MOVE B93 22
MOVE B94 22
MOVE B95 22
MOVE B96 22
MOVE B97 22
MOVE B98 22
MOVE B111 109
MOVE B112 109
MOVE B113 127
MOVE B114 127
MOVE B115 160
MOVE B116 160
MOVE B117 160
MOVE B118 173
MOVE B119 173
MOVE B120 181
MOVE B121 181
MOVE B122 196
MOVE B123 196
MOVE B124 212
MOVE B125 212
DAMAGE TURRET B82 3
DAMAGE COMBAT A63 2
DAMAGE COMBAT B82 4
DAMAGE COMBAT B83 8
END TURN 224
TURN 225
COMMAND LEFT START
COMMAND LEFT END
COMMAND RIGHT START
MOVE B126 109
MOVE B127 109
TRAIN 2
COMMAND RIGHT END
TURN 225 RESULT
TIME LEFT 0 5 RIGHT 0 5
TRAIN B128 B129
MOVE A66 41
MOVE A67 41
MOVE A68 41
MOVE A69 41
MOVE B84 6
MOVE B85 6
MOVE B86 6
MOVE B87 6
MOVE B88 6
MOVE B89 6
MOVE B90 6
MOVE B91 6
MOVE B92 6
MOVE B93 6
MOVE B94 6
MOVE B95 6
MOVE B96 6
MOVE B97 6
MOVE B98 6
MOVE B113 109
MOVE B114 109
MOVE B115 137
MOVE B116 137
MOVE B117 137
MOVE B118 160
MOVE B119 160
MOVE B120 173
MOVE B121 173
MOVE B122 181
MOVE B123 181
MOVE B124 196
MOVE B125 196
MOVE B126 212
MOVE B127 212
END TURN 225
TURN 226
COMMAND LEFT START
COMMAND LEFT END
COMMAND RIGHT START
MOVE B128 109
MOVE B129 109
TRAIN 2
COMMAND RIGHT END
TURN 226 RESULT
TIME LEFT 0 5 RIGHT 0 5
TRAIN B130 B131
MOVE A66 32
MOVE A67 32
MOVE A68 32
MOVE A69 32
MOVE B84 0
MOVE B85 0
MOVE B86 0
MOVE B87 0
MOVE B88 0
MOVE B89 0
MOVE B90 0
MOVE B91 0
MOVE B92 0
MOVE B93 0
MOVE B94 0
MOVE B95 0
MOVE B96 0
MOVE B97 0
MOVE B98 0
MOVE B115 127
MOVE B116 127
MOVE B117 127
MOVE B118 137
MOVE B119 137
MOVE B120 160
MOVE B121 160
MOVE B122 173
MOVE B123 173
MOVE B124 181
MOVE B125 181
MOVE B126 196
MOVE B127 196
MOVE B128 212
MOVE B129 212
DAMAGE TURRET B84 3
DAMAGE COMBAT A63 1
DAMAGE COMBAT A64 8
DAMAGE COMBAT A65 6
DAMAGE COMBAT B84 5
DAMAGE COMBAT B85 8
DAMAGE COMBAT B86 1
END TURN 226
TURN 227
COMMAND LEFT START
COMMAND LEFT END
COMMAND RIGHT START
MOVE B99 0
MOVE B100 0
MOVE B101 0
MOVE B102 0
MOVE B103 0
MOVE B104 0
MOVE B105 0
MOVE B106 0
MOVE B107 0
MOVE B108 0
MOVE B109 0
MOVE B110 0
MOVE B111 0
MOVE B112 0
MOVE B113 0
TRAIN 1
COMMAND RIGHT END
TURN 227 RESULT
TIME LEFT 0 5 RIGHT 0 5
TRAIN B132
MOVE A66 22
MOVE A67 22
MOVE A68 22
MOVE A69 22
MOVE B99 91
MOVE B100 91
MOVE B101 91
MOVE B102 91
MOVE B103 91
MOVE B104 91
MOVE B105 91
MOVE B106 91
MOVE B107 91
MOVE B108 91
MOVE B109 91
MOVE B110 91
MOVE B111 91
MOVE B112 91
MOVE B113 91
MOVE B115 109
MOVE B116 109
MOVE B117 109
MOVE B118 127
MOVE B119 127
MOVE B120 137
MOVE B121 137
MOVE B122 160
MOVE B123 160
MOVE B124 173
MOVE B125 173
MOVE B126 181
MOVE B127 181
MOVE B128 196
MOVE B129 196
DAMAGE TURRET B86 3
DAMAGE COMBAT A65 2
DAMAGE COMBAT A84 8
DAMAGE COMBAT A85 3
DAMAGE COMBAT B86 4
DAMAGE COMBAT B87 8
END TURN 227
TURN 228
COMMAND LEFT START
COMMAND LEFT END
COMMAND RIGHT START
MOVE B130 109
MOVE B131 109
MOVE B132 109
TRAIN 2
COMMAND RIGHT END
TURN 228 RESULT
TIME LEFT 0 5 RIGHT 0 5
TRAIN B133 B134
MOVE A66 6
MOVE A67 6
MOVE A68 6
MOVE A69 6
MOVE B99 81
MOVE B100 81
MOVE B101 81
MOVE B102 81
MOVE B103 81
MOVE B104 81
MOVE B105 81
MOVE B106 81
MOVE B107 81
MOVE B108 81
MOVE B109 81
MOVE B110 81
MOVE B111 81
MOVE B112 81
MOVE B113 81
MOVE B118 109
MOVE B119 109
MOVE B120 127
MOVE B121 127
MOVE B122 137
MOVE B123 137
MOVE B124 160
MOVE B125 160
MOVE B126 173
MOVE B127 173
MOVE B128 181
MOVE B129 181
MOVE B130 212
MOVE B131 212
MOVE B132 212
DAMAGE TURRET B88 3
DAMAGE COMBAT A85 5
DAMAGE COMBAT A86 6
DAMAGE COMBAT B88 5
DAMAGE COMBAT B89 5
END TURN 228
TURN 229
COMMAND LEFT START
COMMAND LEFT END
COMMAND RIGHT START
MOVE B133 109
MOVE B134 109
TRAIN 2
COMMAND RIGHT END
TURN 229 RESULT
TIME LEFT 0 5 RIGHT 0 5
TRAIN B135 B136
MOVE A66 0
MOVE A67 0
MOVE A68 0
MOVE A69 0
MOVE B99 58
MOVE B100 58
MOVE B101 58
MOVE B102 58
MOVE B103 58
MOVE B104 58
MOVE B105 58
MOVE B106 58
MOVE B107 58
MOVE B108 58
MOVE B109 58
MOVE B110 58
MOVE B111 58
MOVE B112 58
MOVE B113 58
MOVE B120 109
MOVE B121 109
MOVE B122 127
MOVE B123 127
MOVE B124 137
MOVE B125 137
MOVE B126 160
MOVE B127 160
MOVE B128 173
MOVE B129 173
MOVE B130 196
MOVE B131 196
MOVE B132 196
MOVE B133 212
MOVE B134 212
DAMAGE TURRET B89 3
DAMAGE COMBAT A66 8
DAMAGE COMBAT A86 2
DAMAGE COMBAT B90 8
DAMAGE COMBAT B91 5
END TURN 229
TURN 230
COMMAND LEFT START
COMMAND LEFT END
COMMAND RIGHT START
MOVE B135 109
MOVE B136 109
TRAIN 2
COMMAND RIGHT END
TURN 230 RESULT
TIME LEFT 0 5 RIGHT 0 5
TRAIN B137 B138
MOVE B99 45
MOVE B100 45
MOVE B101 45
MOVE B102 45
MOVE B103 45
MOVE B104 45
MOVE B105 45
MOVE B106 45
MOVE B107 45
MOVE B108 45
MOVE B109 45
MOVE B110 45
MOVE B111 45
MOVE B112 45
MOVE B113 45
MOVE B122 109
MOVE B123 109
MOVE B124 127
MOVE B125 127
MOVE B126 137
MOVE B127 137
MOVE B128 160
MOVE B129 160
MOVE B130 181
MOVE B131 181
MOVE B132 181
MOVE B133 196
MOVE B134 196
MOVE B135 212
MOVE B136 212
DAMAGE TURRET B91 3
DAMAGE COMBAT A67 8
DAMAGE COMBAT B92 8
DAMAGE COMBAT B93 3
END TURN 230
TURN 231
COMMAND LEFT START
COMMAND LEFT END
COMMAND RIGHT START
MOVE B137 109
MOVE B138 109
TRAIN 2
COMMAND RIGHT END
TURN 231 RESULT
TIME LEFT 0 5 RIGHT 0 5
TRAIN B139 B140
MOVE B99 37
MOVE B100 37
MOVE B101 37
MOVE B102 37
MOVE B103 37
MOVE B104 37
MOVE B105 37
MOVE B106 37
MOVE B107 37
MOVE B108 37
MOVE B109 37
MOVE B110 37
MOVE B111 37
MOVE B112 37
MOVE B113 37
MOVE B124 109
MOVE B125 109
MOVE B126 127
MOVE B127 127
MOVE B128 137
MOVE B129 137
MOVE B130 173
MOVE B131 173
MOVE B132 173
MOVE B133 181
MOVE B134 181
MOVE B135 196
MOVE B136 196
MOVE B137 212
MOVE B138 212
DAMAGE TURRET B93 3
DAMAGE COMBAT A68 6
DAMAGE COMBAT B93 2
DAMAGE COMBAT B94 8
END TURN 231
TURN 232
COMMAND LEFT START
MOVE A70 0
MOVE A71 0
MOVE A72 0
MOVE A73 0
MOVE A75 0
MOVE A76 0
MOVE A77 0
TRAIN 3
COMMAND LEFT END
COMMAND RIGHT START
MOVE B139 109
MOVE B140 109
TRAIN 3
COMMAND RIGHT END
TURN 232 RESULT
TIME LEFT 0 5 RIGHT 0 5
TRAIN A95 A96 A97 B141 B142 B143
MOVE A70 59
MOVE A71 59
MOVE A72 59
MOVE A73 59
MOVE A75 59
MOVE A76 59
MOVE A77 59
MOVE B99 22
MOVE B100 22
MOVE B101 22
MOVE B102 22
MOVE B103 22
MOVE B104 22
MOVE B105 22
MOVE B106 22
MOVE B107 22
MOVE B108 22
MOVE B109 22
MOVE B110 22
MOVE B111 22
MOVE B112 22
MOVE B113 22
MOVE B126 109
MOVE B127 109
MOVE B128 127
MOVE B129 127
MOVE B130 160
MOVE B131 160
MOVE B132 160
MOVE B133 173
MOVE B134 173
MOVE B135 181
MOVE B136 181
MOVE B137 196
MOVE B138 196
MOVE B139 212
MOVE B140 212
DAMAGE TURRET B95 3
DAMAGE COMBAT A68 2
DAMAGE COMBAT A69 2
DAMAGE COMBAT B95 5
DAMAGE COMBAT B96 8
END TURN 232
TURN 233
COMMAND LEFT START
COMMAND LEFT END
COMMAND RIGHT START
MOVE B141 109
MOVE B142 109
MOVE B143 109
TRAIN 2
COMMAND RIGHT END
TURN 233 RESULT
TIME LEFT 0 5 RIGHT 0 5
TRAIN B144 B145
MOVE A70 41
MOVE A71 41
MOVE A72 41
MOVE A73 41
MOVE A75 41
MOVE A76 41
MOVE A77 41
MOVE B99 6
MOVE B100 6
MOVE B101 6
MOVE B102 6
MOVE B103 6
MOVE B104 6
MOVE B105 6
MOVE B106 6
MOVE B107 6
MOVE B108 6
MOVE B109 6
MOVE B110 6
MOVE B111 6
MOVE B112 6
MOVE B113 6
MOVE B128 109
MOVE B129 109
MOVE B130 137
MOVE B131 137
MOVE B132 137
MOVE B133 160
MOVE B134 160
MOVE B135 173
MOVE B136 173
MOVE B137 181
MOVE B138 181
MOVE B139 196
MOVE B140 196
MOVE B141 212
MOVE B142 212
MOVE B143 212
DAMAGE TURRET B97 3
DAMAGE COMBAT A69 2
DAMAGE COMBAT B97 5
DAMAGE COMBAT B98 7
END TURN 233
TURN 234
COMMAND LEFT START
COMMAND LEFT END
COMMAND RIGHT START
MOVE B114 0
MOVE B115 0
MOVE B116 0
MOVE B117 0
MOVE B118 0
MOVE B119 0
MOVE B120 0
MOVE B121 0
MOVE B122 0
MOVE B123 0
MOVE B124 0
MOVE B125 0
MOVE B126 0
MOVE B127 0
MOVE B128 0
COMMAND RIGHT END
TURN 234 RESULT
TIME LEFT 0 5 RIGHT 0 5
MOVE A70 32
MOVE A71 32
MOVE A72 32
MOVE A73 32
MOVE A75 32
MOVE A76 32
MOVE A77 32
MOVE B99 0
MOVE B100 0
MOVE B101 0
MOVE B102 0
MOVE B103 0
MOVE B104 0
MOVE B105 0
MOVE B106 0
MOVE B107 0
MOVE B108 0
MOVE B109 0
MOVE B110 0
MOVE B111 0
MOVE B112 0
MOVE B113 0
MOVE B114 91
MOVE B115 91
MOVE B116 91
MOVE B117 91
MOVE B118 91
MOVE B119 91
MOVE B120 91
MOVE B121 91
MOVE B122 91
MOVE B123 91
MOVE B124 91
MOVE B125 91
MOVE B126 91
MOVE B127 91
MOVE B128 91
MOVE B130 127
MOVE B131 127
MOVE B132 127
MOVE B133 137
MOVE B134 137
MOVE B135 160
MOVE B136 160
MOVE B137 173
MOVE B138 173
MOVE B139 181
MOVE B140 181
MOVE B141 196
MOVE B142 196
MOVE B143 196
DAMAGE TURRET B98 1
DAMAGE TURRET B99 2
DAMAGE COMBAT A69 4
DAMAGE COMBAT A87 8
DAMAGE COMBAT A88 4
DAMAGE COMBAT B99 6
DAMAGE COMBAT B100 6
END TURN 234
TURN 235
COMMAND LEFT START
COMMAND LEFT END
COMMAND RIGHT START
MOVE B144 109
MOVE B145 109
TRAIN 2
COMMAND RIGHT END
TURN 235 RESULT
TIME LEFT 0 5 RIGHT 0 5
TRAIN B146 B147
MOVE A70 22
MOVE A71 22
MOVE A72 22
MOVE A73 22
MOVE A75 22
MOVE A76 22
MOVE A77 22
MOVE B114 81
MOVE B115 81
MOVE B116 81
MOVE B117 81
MOVE B118 81
MOVE B119 81
MOVE B120 81
MOVE B121 81
MOVE B122 81
MOVE B123 81
MOVE B124 81
MOVE B125 81
MOVE B126 81
MOVE B127 81
MOVE B128 81
MOVE B130 109
MOVE B131 109
MOVE B132 109
MOVE B133 127
MOVE B134 127
MOVE B135 137
MOVE B136 137
MOVE B137 160
MOVE B138 160
MOVE B139 173
MOVE B140 173
MOVE B141 181
MOVE B142 181
MOVE B143 181
MOVE B144 212
MOVE B145 212
DAMAGE TURRET B100 2
DAMAGE TURRET B101 1
DAMAGE COMBAT A88 4
DAMAGE COMBAT A89 8
DAMAGE COMBAT A90 2
DAMAGE COMBAT B101 7
DAMAGE COMBAT B102 3
END TURN 235
TURN 236
COMMAND LEFT START
COMMAND LEFT END
COMMAND RIGHT START
MOVE B146 109
MOVE B147 109
TRAIN 2
COMMAND RIGHT END
TURN 236 RESULT
TIME LEFT 0 5 RIGHT 0 5
TRAIN B148 B149
MOVE A70 6
MOVE A71 6
MOVE A72 6
MOVE A73 6
MOVE A75 6
MOVE A76 6
MOVE A77 6
MOVE B114 58
MOVE B115 58
MOVE B116 58
MOVE B117 58
MOVE B118 58
MOVE B119 58
MOVE B120 58
MOVE B121 58
MOVE B122 58
MOVE B123 58
MOVE B124 58
MOVE B125 58
MOVE B126 58
MOVE B127 58
MOVE B128 58
MOVE B133 109
MOVE B134 109
MOVE B135 127
MOVE B136 127
MOVE B137 137
MOVE B138 137
MOVE B139 160
MOVE B140 160
MOVE B141 173
MOVE B142 173
MOVE B143 173
MOVE B144 196
MOVE B145 196
MOVE B146 212
MOVE B147 212
DAMAGE TURRET B102 3
DAMAGE COMBAT A90 6
DAMAGE COMBAT A91 6
DAMAGE COMBAT B102 2
DAMAGE COMBAT B103 6
END TURN 236
TURN 237
COMMAND LEFT START
COMMAND LEFT END
COMMAND RIGHT START
MOVE B148 109
MOVE B149 109
TRAIN 2
COMMAND RIGHT END
TURN 237 RESULT
TIME LEFT 0 5 RIGHT 0 5
TRAIN B150 B151
MOVE A70 0
MOVE A71 0
MOVE A72 0
MOVE A73 0
MOVE A75 0
MOVE A76 0
MOVE A77 0
MOVE B114 45
MOVE B115 45
MOVE B116 45
MOVE B117 45
MOVE B118 45
MOVE B119 45
MOVE B120 45
MOVE B121 45
MOVE B122 45
MOVE B123 45
MOVE B124 45
MOVE B125 45
MOVE B126 45
MOVE B127 45
MOVE B128 45
MOVE B135 109
MOVE B136 109
MOVE B137 127
MOVE B138 127
MOVE B139 137
MOVE B140 137
MOVE B141 160
MOVE B142 160
MOVE B143 160
MOVE B144 181
MOVE B145 181
MOVE B146 196
MOVE B147 196
MOVE B148 212
MOVE B149 212
DAMAGE TURRET B103 2
DAMAGE TURRET B104 1
DAMAGE COMBAT A70 8
DAMAGE COMBAT A71 1
DAMAGE COMBAT A91 2
DAMAGE COMBAT B104 7
DAMAGE COMBAT B105 7
END TURN 237
TURN 238
COMMAND LEFT START
COMMAND LEFT END
COMMAND RIGHT START
MOVE B150 109
MOVE B151 109
TRAIN 3
COMMAND RIGHT END
TURN 238 RESULT
TIME LEFT 0 5 RIGHT 0 5
TRAIN B152 B153 B154
MOVE B114 37
MOVE B115 37
MOVE B116 37
MOVE B117 37
MOVE B118 37
MOVE B119 37
MOVE B120 37
MOVE B121 37
MOVE B122 37
MOVE B123 37
MOVE B124 37
MOVE B125 37
MOVE B126 37
MOVE B127 37
MOVE B128 37
MOVE B137 109
MOVE B138 109
MOVE B139 127
MOVE B140 127
MOVE B141 137
MOVE B142 137
MOVE B143 137
MOVE B144 173
MOVE B145 173
MOVE B146 181
MOVE B147 181
MOVE B148 196
MOVE B149 196
MOVE B150 212
MOVE B151 212
DAMAGE TURRET B105 1
DAMAGE TURRET B106 2
DAMAGE COMBAT A71 7
DAMAGE COMBAT A72 2
DAMAGE COMBAT B106 6
DAMAGE COMBAT B107 6
END TURN 238
TURN 239
COMMAND LEFT START
MOVE A14 0
MOVE A17 0
MOVE A19 0
MOVE A21 0
MOVE A27 0
MOVE A50 0
MOVE A25 0
MOVE A49 0
TRAIN 3
COMMAND LEFT END
COMMAND RIGHT START
MOVE B152 109
MOVE B153 109
MOVE B154 109
TRAIN 2
COMMAND RIGHT END
TURN 239 RESULT
TIME LEFT 0 5 RIGHT 0 5
TRAIN A98 A99 A100 B155 B156
MOVE A14 51
MOVE A17 51
MOVE A19 51
MOVE A21 56
MOVE A25 139
MOVE A27 56
MOVE A49 139
MOVE A50 56
MOVE B114 22
MOVE B115 22
MOVE B116 22
MOVE B117 22
MOVE B118 22
MOVE B119 22
MOVE B120 22
MOVE B121 22
MOVE B122 22
MOVE B123 22
MOVE B124 22
MOVE B125 22
MOVE B126 22
MOVE B127 22
MOVE B128 22
MOVE B139 109
MOVE B140 109
MOVE B141 127
MOVE B142 127
MOVE B143 127
MOVE B144 160
MOVE B145 160
MOVE B146 173
MOVE B147 173
MOVE B148 181
MOVE B149 181
MOVE B150 196
MOVE B151 196
MOVE B152 212
MOVE B153 212
MOVE B154 212
DAMAGE TURRET B107 2
DAMAGE TURRET B108 1
DAMAGE COMBAT A72 6
DAMAGE COMBAT A73 1
DAMAGE COMBAT B108 7
DAMAGE COMBAT B109 7
END TURN 239
TURN 240
COMMAND LEFT START
COMMAND LEFT END
COMMAND RIGHT START
MOVE B155 109
MOVE B156 109
TRAIN 2
COMMAND RIGHT END
TURN 240 RESULT
TIME LEFT 0 5 RIGHT 0 5
TRAIN B157 B158
MOVE A14 40
MOVE A17 40
MOVE A19 40
MOVE A21 38
MOVE A25 125
MOVE A27 38
MOVE A49 125
MOVE A50 38
MOVE B114 6
MOVE B115 6
MOVE B116 6
MOVE B117 6
MOVE B118 6
MOVE B119 6
MOVE B120 6
MOVE B121 6
MOVE B122 6
MOVE B123 6
MOVE B124 6
MOVE B125 6
MOVE B126 6
MOVE B127 6
MOVE B128 6
MOVE B141 109
MOVE B142 109
MOVE B143 109
MOVE B144 137
MOVE B145 137
MOVE B146 160
MOVE B147 160
MOVE B148 173
MOVE B149 173
MOVE B150 181
MOVE B151 181
MOVE B152 196
MOVE B153 196
MOVE B154 196
MOVE B155 212
MOVE B156 212
DAMAGE TURRET B109 1
DAMAGE TURRET B110 2
DAMAGE COMBAT A73 5
DAMAGE COMBAT B110 6
DAMAGE COMBAT B111 7
END TURN 240
TURN 241
COMMAND LEFT START
COMMAND LEFT END
COMMAND RIGHT START
MOVE B157 109
MOVE B158 109
TRAIN 2
COMMAND RIGHT END
TURN 241 RESULT
TIME LEFT 0 5 RIGHT 0 5
TRAIN B159 B160
MOVE A14 30
MOVE A17 30
MOVE A19 30
MOVE A21 23
MOVE A25 110
MOVE A27 23
MOVE A49 110
MOVE A50 23
MOVE B114 0
MOVE B115 0
MOVE B116 0
MOVE B117 0
MOVE B118 0
MOVE B119 0
MOVE B120 0
MOVE B121 0
MOVE B122 0
MOVE B123 0
MOVE B124 0
MOVE B125 0
MOVE B126 0
MOVE B127 0
MOVE B128 0
MOVE B144 127
MOVE B145 127
MOVE B146 137
MOVE B147 137
MOVE B148 160
MOVE B149 160
MOVE B150 173
MOVE B151 173
MOVE B152 181
MOVE B153 181
MOVE B154 181
MOVE B155 196
MOVE B156 196
MOVE B157 212
MOVE B158 212
DAMAGE TURRET B111 1
DAMAGE TURRET B112 2
DAMAGE COMBAT A73 2
DAMAGE COMBAT A75 8
DAMAGE COMBAT A76 8
DAMAGE COMBAT B112 6
DAMAGE COMBAT B113 7
END TURN 241
TURN 242
COMMAND LEFT START
COMMAND LEFT END
COMMAND RIGHT START
MOVE B129 0
MOVE B130 0
MOVE B131 0
MOVE B132 0
MOVE B133 0
MOVE B134 0
MOVE B135 0
MOVE B136 0
MOVE B137 0
MOVE B138 0
MOVE B139 0
MOVE B140 0
MOVE B141 0
MOVE B142 0
COMMAND RIGHT END
TURN 242 RESULT
TIME LEFT 0 5 RIGHT 0 5
MOVE A14 29
MOVE A17 29
MOVE A19 29
MOVE A21 20
MOVE A25 92
MOVE A27 20
MOVE A49 92
MOVE A50 20
MOVE B129 91
MOVE B130 91
MOVE B131 91
MOVE B132 91
MOVE B133 91
MOVE B134 91
MOVE B135 91
MOVE B136 91
MOVE B137 91
MOVE B138 91
MOVE B139 91
MOVE B140 91
MOVE B141 91
MOVE B142 91
MOVE B144 109
MOVE B145 109
MOVE B146 127
MOVE B147 127
MOVE B148 137
MOVE B149 137
MOVE B150 160
MOVE B151 160
MOVE B152 173
MOVE B153 173
MOVE B154 173
MOVE B155 181
MOVE B156 181
MOVE B157 196
MOVE B158 196
DAMAGE TURRET B113 1
DAMAGE TURRET B114 2
DAMAGE COMBAT A77 8
DAMAGE COMBAT A92 8
DAMAGE COMBAT B114 6
DAMAGE COMBAT B115 4
END TURN 242
TURN 243
COMMAND LEFT START
COMMAND LEFT END
COMMAND RIGHT START
MOVE B159 109
MOVE B160 109
TRAIN 2
COMMAND RIGHT END
TURN 243 RESULT
TIME LEFT 0 5 RIGHT 0 5
TRAIN B161 B162
MOVE A14 13
MOVE A17 13
MOVE A19 13
MOVE A21 18
MOVE A25 82
MOVE A27 18
MOVE A49 82
MOVE A50 18
MOVE B129 81
MOVE B130 81
MOVE B131 81
MOVE B132 81
MOVE B133 81
MOVE B134 81
MOVE B135 81
MOVE B136 81
MOVE B137 81
MOVE B138 81
MOVE B139 81
MOVE B140 81
MOVE B141 81
MOVE B142 81
MOVE B146 109
MOVE B147 109
MOVE B148 127
MOVE B149 127
MOVE B150 137
MOVE B151 137
MOVE B152 160
MOVE B153 160
MOVE B154 160
MOVE B155 173
MOVE B156 173
MOVE B157 181
MOVE B158 181
MOVE B159 212
MOVE B160 212
DAMAGE TURRET B115 3
DAMAGE COMBAT A93 8
DAMAGE COMBAT A94 6
DAMAGE COMBAT B115 1
DAMAGE COMBAT B116 7
END TURN 243
TURN 244
COMMAND LEFT START
COMMAND LEFT END
COMMAND RIGHT START
MOVE B161 109
MOVE B162 109
TRAIN 2
COMMAND RIGHT END
TURN 244 RESULT
TIME LEFT 0 5 RIGHT 0 5
TRAIN B163 B164
MOVE A14 7
MOVE A17 7
MOVE A19 7
MOVE A21 11
MOVE A25 62
MOVE A27 11
MOVE A49 62
MOVE A50 11
MOVE B129 58
MOVE B130 58
MOVE B131 58
MOVE B132 58
MOVE B133 58
MOVE B134 58
MOVE B135 58
MOVE B136 58
MOVE B137 58
MOVE B138 58
MOVE B139 58
MOVE B140 58
MOVE B141 58
MOVE B142 58
MOVE B148 109
MOVE B149 109
MOVE B150 127
MOVE B151 127
MOVE B152 137
MOVE B153 137
MOVE B154 137
MOVE B155 160
MOVE B156 160
MOVE B157 173
MOVE B158 173
MOVE B159 196
MOVE B160 196
MOVE B161 212
MOVE B162 212
DAMAGE TURRET B116 1
DAMAGE TURRET B117 2
DAMAGE COMBAT A94 2
DAMAGE COMBAT A95 8
DAMAGE COMBAT A96 3
DAMAGE COMBAT B117 6
DAMAGE COMBAT B118 1
END TURN 244
TURN 245
COMMAND LEFT START
COMMAND LEFT END
COMMAND RIGHT START
MOVE B163 109
MOVE B164 109
TRAIN 3
COMMAND RIGHT END
TURN 245 RESULT
TIME LEFT 0 5 RIGHT 0 5
TRAIN B165 B166 B167
MOVE A14 4
MOVE A17 4
MOVE A19 4
MOVE A21 6
MOVE A25 46
MOVE A27 6
MOVE A49 46
MOVE A50 6
MOVE B129 45
MOVE B130 45
MOVE B131 45
MOVE B132 45
MOVE B133 45
MOVE B134 45
MOVE B135 45
MOVE B136 45
MOVE B137 45
MOVE B138 45
MOVE B139 45
MOVE B140 45
MOVE B141 45
MOVE B142 45
MOVE B150 109
MOVE B151 109
MOVE B152 127
MOVE B153 127
MOVE B154 127
MOVE B155 137
MOVE B156 137
MOVE B157 160
MOVE B158 160
MOVE B159 181
MOVE B160 181
MOVE B161 196
MOVE B162 196
MOVE B163 212
MOVE B164 212
DAMAGE TURRET B118 3
DAMAGE COMBAT A96 5
DAMAGE COMBAT A97 6
DAMAGE COMBAT B118 4
DAMAGE COMBAT B119 1
END TURN 245
TURN 246
COMMAND LEFT START
TRAIN 1
COMMAND LEFT END
COMMAND RIGHT START
MOVE B165 109
MOVE B166 109
MOVE B167 109
TRAIN 2
COMMAND RIGHT END
TURN 246 RESULT
TIME LEFT 0 5 RIGHT 0 5
TRAIN A101 B168 B169
MOVE A14 0
MOVE A17 0
MOVE A19 0
MOVE A21 0
MOVE A25 32
MOVE A27 0
MOVE A49 32
MOVE A50 0
MOVE B129 37
MOVE B130 37
MOVE B131 37
MOVE B132 37
MOVE B133 37
MOVE B134 37
MOVE B135 37
MOVE B136 37
MOVE B137 37
MOVE B138 37
MOVE B139 37
MOVE B140 37
MOVE B141 37
MOVE B142 37
MOVE B152 109
MOVE B153 109
MOVE B154 109
MOVE B155 127
MOVE B156 127
MOVE B157 137
MOVE B158 137
MOVE B159 173
MOVE B160 173
MOVE B161 181
MOVE B162 181
MOVE B163 196
MOVE B164 196
MOVE B165 212
MOVE B166 212
MOVE B167 212
DAMAGE TURRET B119 3
DAMAGE COMBAT A14 6
DAMAGE COMBAT A17 2
DAMAGE COMBAT A97 2
DAMAGE COMBAT B119 4
DAMAGE COMBAT B120 7
END TURN 246
TURN 247
COMMAND LEFT START
TRAIN 3
COMMAND LEFT END
COMMAND RIGHT START
MOVE B143 0
MOVE B144 0
MOVE B145 0
MOVE B146 0
MOVE B147 0
MOVE B148 0
MOVE B149 0
MOVE B150 0
MOVE B151 0
MOVE B152 0
MOVE B153 0
MOVE B154 0
TRAIN 1
COMMAND RIGHT END
TURN 247 RESULT
TIME LEFT 0 5 RIGHT 0 5
TRAIN A102 A103 A104 B170
MOVE A25 22
MOVE A49 22
MOVE B129 22
MOVE B130 22
MOVE B131 22
MOVE B132 22
MOVE B133 22
MOVE B134 22
MOVE B135 22
MOVE B136 22
MOVE B137 22
MOVE B138 22
MOVE B139 22
MOVE B140 22
MOVE B141 22
MOVE B142 22
MOVE B143 91
MOVE B144 91
MOVE B145 91
MOVE B146 91
MOVE B147 91
MOVE B148 91
MOVE B149 91
MOVE B150 91
MOVE B151 91
MOVE B152 91
MOVE B153 91
MOVE B154 91
MOVE B155 109
MOVE B156 109
MOVE B157 127
MOVE B158 127
MOVE B159 160
MOVE B160 160
MOVE B161 173
MOVE B162 173
MOVE B163 181
MOVE B164 181
MOVE B165 196
MOVE B166 196
MOVE B167 196
DAMAGE TURRET B120 1
DAMAGE TURRET B121 2
DAMAGE COMBAT A17 4
DAMAGE COMBAT A19 5
DAMAGE COMBAT A25 5
DAMAGE COMBAT A49 7
DAMAGE COMBAT B121 6
DAMAGE COMBAT B122 6
DAMAGE COMBAT B129 2
END TURN 247
TURN 248
COMMAND LEFT START
TRAIN 3
COMMAND LEFT END
COMMAND RIGHT START
MOVE B168 109
MOVE B169 109
MOVE B170 109
TRAIN 2
COMMAND RIGHT END
TURN 248 RESULT
TIME LEFT 0 5 RIGHT 0 5
TRAIN A105 A106 A107 B171 B172
MOVE B129 6
MOVE B130 6
MOVE B131 6
MOVE B132 6
MOVE B133 6
MOVE B134 6
MOVE B135 6
MOVE B136 6
MOVE B137 6
MOVE B138 6
MOVE B139 6
MOVE B140 6
MOVE B141 6
MOVE B142 6
MOVE B143 81
MOVE B144 81
MOVE B145 81
MOVE B146 81
MOVE B147 81
MOVE B148 81
MOVE B149 81
MOVE B150 81
MOVE B151 81
MOVE B152 81
MOVE B153 81
MOVE B154 81
MOVE B157 109
MOVE B158 109
MOVE B159 137
MOVE B160 137
MOVE B161 160
MOVE B162 160
MOVE B163 173
MOVE B164 173
MOVE B165 181
MOVE B166 181
MOVE B167 181
MOVE B168 212
MOVE B169 212
MOVE B170 212
DAMAGE TURRET B122 2
DAMAGE TURRET B123 1
DAMAGE COMBAT A19 1
DAMAGE COMBAT A21 6
DAMAGE COMBAT B123 7
DAMAGE COMBAT B124 7
END TURN 248
TURN 249
COMMAND LEFT START
TRAIN 3
COMMAND LEFT END
COMMAND RIGHT START
MOVE B171 109
MOVE B172 109
TRAIN 2
COMMAND RIGHT END
TURN 249 RESULT
TIME LEFT 0 5 RIGHT 0 5
TRAIN A108 A109 A110 B173 B174
MOVE B129 0
MOVE B130 0
MOVE B131 0
MOVE B132 0
MOVE B133 0
MOVE B134 0
MOVE B135 0
MOVE B136 0
MOVE B137 0
MOVE B138 0
MOVE B139 0
MOVE B140 0
MOVE B141 0
MOVE B142 0
MOVE B143 58
MOVE B144 58
MOVE B145 58
MOVE B146 58
MOVE B147 58
MOVE B148 58
MOVE B149 58
MOVE B150 58
MOVE B151 58
MOVE B152 58
MOVE B153 58
MOVE B154 58
MOVE B159 127
MOVE B160 127
MOVE B161 137
MOVE B162 137
MOVE B163 160
MOVE B164 160
MOVE B165 173
MOVE B166 173
MOVE B167 173
MOVE B168 196
MOVE B169 196
MOVE B170 196
MOVE B171 212
MOVE B172 212
DAMAGE TURRET B124 1
DAMAGE TURRET B129 2
DAMAGE COMBAT A27 7
DAMAGE COMBAT A50 7
DAMAGE COMBAT A98 5
DAMAGE COMBAT B125 8
DAMAGE COMBAT B126 3
DAMAGE COMBAT B129 4
END TURN 249
TURN 250
COMMAND LEFT START
TRAIN 3
COMMAND LEFT END
COMMAND RIGHT START
MOVE B173 109
MOVE B174 109
TRAIN 2
COMMAND RIGHT END
TURN 250 RESULT
TIME LEFT 0 5 RIGHT 0 5
TRAIN A111 A112 A113 B175 B176
MOVE B143 45
MOVE B144 45
MOVE B145 45
MOVE B146 45
MOVE B147 45
MOVE B148 45
MOVE B149 45
MOVE B150 45
MOVE B151 45
MOVE B152 45
MOVE B153 45
MOVE B154 45
MOVE B159 109
MOVE B160 109
MOVE B161 127
MOVE B162 127
MOVE B163 137
MOVE B164 137
MOVE B165 160
MOVE B166 160
MOVE B167 160
MOVE B168 181
MOVE B169 181
MOVE B170 181
MOVE B171 196
MOVE B172 196
MOVE B173 212
MOVE B174 212
DAMAGE TURRET B126 3
DAMAGE COMBAT A98 3
DAMAGE COMBAT A99 8
DAMAGE COMBAT A100 5
DAMAGE COMBAT B126 2
DAMAGE COMBAT B127 8
DAMAGE COMBAT B128 6
END TURN 250
TURN 251
COMMAND LEFT START
COMMAND LEFT END
COMMAND RIGHT START
MOVE B175 109
MOVE B176 109
TRAIN 2
COMMAND RIGHT END
TURN 251 RESULT
TIME LEFT 0 5 RIGHT 0 5
TRAIN B177 B178
MOVE B143 37
MOVE B144 37
MOVE B145 37
MOVE B146 37
MOVE B147 37
MOVE B148 37
MOVE B149 37
MOVE B150 37
MOVE B151 37
MOVE B152 37
MOVE B153 37
MOVE B154 37
MOVE B161 109
MOVE B162 109
MOVE B163 127
MOVE B164 127
MOVE B165 137
MOVE B166 137
MOVE B167 137
MOVE B168 173
MOVE B169 173
MOVE B170 173
MOVE B171 181
MOVE B172 181
MOVE B173 196
MOVE B174 196
MOVE B175 212
MOVE B176 212
DAMAGE TURRET B128 2
DAMAGE TURRET B130 1
DAMAGE COMBAT A100 3
DAMAGE COMBAT A101 8
DAMAGE COMBAT A102 3
DAMAGE COMBAT B130 7
DAMAGE COMBAT B131 7
END TURN 251
TURN 252
COMMAND LEFT START
TRAIN 3
COMMAND LEFT END
COMMAND RIGHT START
MOVE B177 109
MOVE B178 109
TRAIN 2
COMMAND RIGHT END
TURN 252 RESULT
TIME LEFT 0 5 RIGHT 0 5
TRAIN A114 A115 A116 B179 B180
MOVE B143 22
MOVE B144 22
MOVE B145 22
MOVE B146 22
MOVE B147 22
MOVE B148 22
MOVE B149 22
MOVE B150 22
MOVE B151 22
MOVE B152 22
MOVE B153 22
MOVE B154 22
MOVE B163 109
MOVE B164 109
MOVE B165 127
MOVE B166 127
MOVE B167 127
MOVE B168 160
MOVE B169 160
MOVE B170 160
MOVE B171 173
MOVE B172 173
MOVE B173 181
MOVE B174 181
MOVE B175 196
MOVE B176 196
MOVE B177 212
MOVE B178 212
DAMAGE TURRET B131 1
DAMAGE TURRET B132 2
DAMAGE COMBAT A102 5
DAMAGE COMBAT A103 7
DAMAGE COMBAT B132 6
DAMAGE COMBAT B133 8
DAMAGE COMBAT B134 1
END TURN 252
TURN 253
COMMAND LEFT START
TRAIN 3
COMMAND LEFT END
COMMAND RIGHT START
MOVE B179 109
MOVE B180 109
TRAIN 2
COMMAND RIGHT END
TURN 253 RESULT
TIME LEFT 0 5 RIGHT 0 5
TRAIN A117 A118 A119 B181 B182
MOVE B143 6
MOVE B144 6
MOVE B145 6
MOVE B146 6
MOVE B147 6
MOVE B148 6
MOVE B149 6
MOVE B150 6
MOVE B151 6
MOVE B152 6
MOVE B153 6
MOVE B154 6
MOVE B165 109
MOVE B166 109
MOVE B167 109
MOVE B168 137
MOVE B169 137
MOVE B170 137
MOVE B171 160
MOVE B172 160
MOVE B173 173
MOVE B174 173
MOVE B175 181
MOVE B176 181
MOVE B177 196
MOVE B178 196
MOVE B179 212
MOVE B180 212
DAMAGE TURRET B134 3
DAMAGE COMBAT A103 1
DAMAGE COMBAT A104 8
DAMAGE COMBAT B134 4
DAMAGE COMBAT B135 8
DAMAGE COMBAT B136 5
END TURN 253
TURN 254
COMMAND LEFT START
TRAIN 3
COMMAND LEFT END
COMMAND RIGHT START
MOVE B181 109
MOVE B182 109
TRAIN 2
COMMAND RIGHT END
TURN 254 RESULT
TIME LEFT 0 5 RIGHT 0 5
TRAIN A120 A121 A122 B183 B184
MOVE B143 0
MOVE B144 0
MOVE B145 0
MOVE B146 0
MOVE B147 0
MOVE B148 0
MOVE B149 0
MOVE B150 0
MOVE B151 0
MOVE B152 0
MOVE B153 0
MOVE B154 0
MOVE B168 127
MOVE B169 127
MOVE B170 127
MOVE B171 137
MOVE B172 137
MOVE B173 160
MOVE B174 160
MOVE B175 173
MOVE B176 173
MOVE B177 181
MOVE B178 181
MOVE B179 196
MOVE B180 196
MOVE B181 212
MOVE B182 212
DAMAGE TURRET B136 3
DAMAGE COMBAT A105 8
DAMAGE COMBAT A106 8
DAMAGE COMBAT A107 3
DAMAGE COMBAT B137 8
DAMAGE COMBAT B138 8
DAMAGE COMBAT B139 2
END TURN 254
TURN 255
COMMAND LEFT START
TRAIN 1
COMMAND LEFT END
COMMAND RIGHT START
MOVE B183 109
MOVE B184 109
TRAIN 2
COMMAND RIGHT END
TURN 255 RESULT
TIME LEFT 0 5 RIGHT 0 5
TRAIN A123 B185 B186
MOVE B168 109
MOVE B169 109
MOVE B170 109
MOVE B171 127
MOVE B172 127
MOVE B173 137
MOVE B174 137
MOVE B175 160
MOVE B176 160
MOVE B177 173
MOVE B178 173
MOVE B179 181
MOVE B180 181
MOVE B181 196
MOVE B182 196
MOVE B183 212
MOVE B184 212
DAMAGE TURRET B139 3
DAMAGE COMBAT A107 5
DAMAGE COMBAT A108 8
DAMAGE COMBAT A109 3
DAMAGE COMBAT B139 3
DAMAGE COMBAT B140 8
DAMAGE COMBAT B141 6
END TURN 255
TURN 256
COMMAND LEFT START
COMMAND LEFT END
COMMAND RIGHT START
MOVE B185 109
MOVE B186 109
TRAIN 2
COMMAND RIGHT END
TURN 256 RESULT
TIME LEFT 0 5 RIGHT 0 5
TRAIN B187 B188
MOVE B171 109
MOVE B172 109
MOVE B173 127
MOVE B174 127
MOVE B175 137
MOVE B176 137
MOVE B177 160
MOVE B178 160
MOVE B179 173
MOVE B180 173
MOVE B181 181
MOVE B182 181
MOVE B183 196
MOVE B184 196
MOVE B185 212
MOVE B186 212
DAMAGE TURRET B141 2
DAMAGE TURRET B142 1
DAMAGE COMBAT A109 5
DAMAGE COMBAT A110 8
DAMAGE COMBAT A111 1
DAMAGE COMBAT B142 7
DAMAGE COMBAT B143 8
END TURN 256
TURN 257
COMMAND LEFT START
COMMAND LEFT END
COMMAND RIGHT START
MOVE B155 0
MOVE B156 0
MOVE B157 0
MOVE B158 0
MOVE B159 0
MOVE B160 0
MOVE B161 0
MOVE B162 0
MOVE B163 0
MOVE B164 0
MOVE B165 0
MOVE B166 0
MOVE B167 0
MOVE B168 0
MOVE B169 0
MOVE B170 0
MOVE B171 0
COMMAND RIGHT END
TURN 257 RESULT
TIME LEFT 0 5 RIGHT 0 5
MOVE B155 91
MOVE B156 91
MOVE B157 91
MOVE B158 91
MOVE B159 91
MOVE B160 91
MOVE B161 91
MOVE B162 91
MOVE B163 91
MOVE B164 91
MOVE B165 91
MOVE B166 91
MOVE B167 91
MOVE B168 91
MOVE B169 91
MOVE B170 91
MOVE B171 91
MOVE B173 109
MOVE B174 109
MOVE B175 127
MOVE B176 127
MOVE B177 137
MOVE B178 137
MOVE B179 160
MOVE B180 160
MOVE B181 173
MOVE B182 173
MOVE B183 181
MOVE B184 181
MOVE B185 196
MOVE B186 196
DAMAGE TURRET B144 3
DAMAGE COMBAT A111 7
DAMAGE COMBAT A112 4
DAMAGE COMBAT B144 5
DAMAGE COMBAT B145 8
END TURN 257
TURN 258
COMMAND LEFT START
COMMAND LEFT END
COMMAND RIGHT START
MOVE B187 109
MOVE B188 109
TRAIN 2
COMMAND RIGHT END
TURN 258 RESULT
TIME LEFT 0 5 RIGHT 0 5
TRAIN B189 B190
MOVE B155 81
MOVE B156 81
MOVE B157 81
MOVE B158 81
MOVE B159 81
MOVE B160 81
MOVE B161 81
MOVE B162 81
MOVE B163 81
MOVE B164 81
MOVE B165 81
MOVE B166 81
MOVE B167 81
MOVE B168 81
MOVE B169 81
MOVE B170 81
MOVE B171 81
MOVE B175 109
MOVE B176 109
MOVE B177 127
MOVE B178 127
MOVE B179 137
MOVE B180 137
MOVE B181 160
MOVE B182 160
MOVE B183 173
MOVE B184 173
MOVE B185 181
MOVE B186 181
MOVE B187 212
MOVE B188 212
DAMAGE TURRET B146 3
DAMAGE COMBAT A112 4
DAMAGE COMBAT A113 5
DAMAGE COMBAT B146 5
DAMAGE COMBAT B147 7
END TURN 258
TURN 259
COMMAND LEFT START
COMMAND LEFT END
COMMAND RIGHT START
MOVE B189 109
MOVE B190 109
TRAIN 3
COMMAND RIGHT END
TURN 259 RESULT
TIME LEFT 0 5 RIGHT 0 5
TRAIN B191 B192 B193
MOVE B155 58
MOVE B156 58
MOVE B157 58
MOVE B158 58
MOVE B159 58
MOVE B160 58
MOVE B161 58
MOVE B162 58
MOVE B163 58
MOVE B164 58
MOVE B165 58
MOVE B166 58
MOVE B167 58
MOVE B168 58
MOVE B169 58
MOVE B170 58
MOVE B171 58
MOVE B177 109
MOVE B178 109
MOVE B179 127
MOVE B180 127
MOVE B181 137
MOVE B182 137
MOVE B183 160
MOVE B184 160
MOVE B185 173
MOVE B186 173
MOVE B187 196
MOVE B188 196
MOVE B189 212
MOVE B190 212
DAMAGE TURRET B147 1
DAMAGE TURRET B148 2
DAMAGE COMBAT A113 3
DAMAGE COMBAT A114 5
DAMAGE COMBAT B148 6
DAMAGE COMBAT B149 5
END TURN 259
TURN 260
COMMAND LEFT START
COMMAND LEFT END
COMMAND RIGHT START
MOVE B191 109
MOVE B192 109
MOVE B193 109
TRAIN 2
COMMAND RIGHT END
TURN 260 RESULT
TIME LEFT 0 5 RIGHT 0 5
TRAIN B194 B195
MOVE B155 45
MOVE B156 45
MOVE B157 45
MOVE B158 45
MOVE B159 45
MOVE B160 45
MOVE B161 45
MOVE B162 45
MOVE B163 45
MOVE B164 45
MOVE B165 45
MOVE B166 45
MOVE B167 45
MOVE B168 45
MOVE B169 45
MOVE B170 45
MOVE B171 45
MOVE B179 109
MOVE B180 109
MOVE B181 127
MOVE B182 127
MOVE B183 137
MOVE B184 137
MOVE B185 160
MOVE B186 160
MOVE B187 181
MOVE B188 181
MOVE B189 196
MOVE B190 196
MOVE B191 212
MOVE B192 212
MOVE B193 212
DAMAGE TURRET B149 3
DAMAGE COMBAT A114 3
DAMAGE COMBAT A115 3
DAMAGE COMBAT B150 8
DAMAGE COMBAT B151 2
END TURN 260
TURN 261
COMMAND LEFT START
COMMAND LEFT END
COMMAND RIGHT START
MOVE B194 109
MOVE B195 109
TRAIN 2
COMMAND RIGHT END
TURN 261 RESULT
TIME LEFT 0 5 RIGHT 0 5
TRAIN B196 B197
MOVE B155 37
MOVE B156 37
MOVE B157 37
MOVE B158 37
MOVE B159 37
MOVE B160 37
MOVE B161 37
MOVE B162 37
MOVE B163 37
MOVE B164 37
MOVE B165 37
MOVE B166 37
MOVE B167 37
MOVE B168 37
MOVE B169 37
MOVE B170 37
MOVE B171 37
MOVE B181 109
MOVE B182 109
MOVE B183 127
MOVE B184 127
MOVE B185 137
MOVE B186 137
MOVE B187 173
MOVE B188 173
MOVE B189 181
MOVE B190 181
MOVE B191 196
MOVE B192 196
MOVE B193 196
MOVE B194 212
MOVE B195 212
DAMAGE TURRET B151 3
DAMAGE COMBAT A115 4
DAMAGE COMBAT B151 3
DAMAGE COMBAT B152 6
END TURN 261
TURN 262
COMMAND LEFT START
TRAIN 3
COMMAND LEFT END
COMMAND RIGHT START
MOVE B196 109
MOVE B197 109
TRAIN 2
COMMAND RIGHT END
TURN 262 RESULT
TIME LEFT 0 5 RIGHT 0 5
TRAIN A124 A125 A126 B198 B199
MOVE B155 22
MOVE B156 22
MOVE B157 22
MOVE B158 22
MOVE B159 22
MOVE B160 22
MOVE B161 22
MOVE B162 22
MOVE B163 22
MOVE B164 22
MOVE B165 22
MOVE B166 22
MOVE B167 22
MOVE B168 22
MOVE B169 22
MOVE B170 22
MOVE B171 22
MOVE B183 109
MOVE B184 109
MOVE B185 127
MOVE B186 127
MOVE B187 160
MOVE B188 160
MOVE B189 173
MOVE B190 173
MOVE B191 181
MOVE B192 181
MOVE B193 181
MOVE B194 196
MOVE B195 196
MOVE B196 212
MOVE B197 212
DAMAGE TURRET B152 2
DAMAGE TURRET B153 1
DAMAGE COMBAT A115 1
DAMAGE COMBAT A116 2
DAMAGE COMBAT B153 7
DAMAGE COMBAT B154 5
END TURN 262
TURN 263
COMMAND LEFT START
TRAIN 3
COMMAND LEFT END
COMMAND RIGHT START
MOVE B198 109
MOVE B199 109
TRAIN 2
COMMAND RIGHT END
TURN 263 RESULT
TIME LEFT 0 5 RIGHT 0 5
TRAIN A127 A128 A129 B200 B201
MOVE B155 6
MOVE B156 6
MOVE B157 6
MOVE B158 6
MOVE B159 6
MOVE B160 6
MOVE B161 6
MOVE B162 6
MOVE B163 6
MOVE B164 6
MOVE B165 6
MOVE B166 6
MOVE B167 6
MOVE B168 6
MOVE B169 6
MOVE B170 6
MOVE B171 6
MOVE B185 109
MOVE B186 109
MOVE B187 137
MOVE B188 137
MOVE B189 160
MOVE B190 160
MOVE B191 173
MOVE B192 173
MOVE B193 173
MOVE B194 181
MOVE B195 181
MOVE B196 196
MOVE B197 196
MOVE B198 212
MOVE B199 212
DAMAGE TURRET B154 3
DAMAGE COMBAT A116 1
END TURN 263
TURN 264
COMMAND LEFT START
TRAIN 3
COMMAND LEFT END
COMMAND RIGHT START
MOVE B200 109
MOVE B201 109
TRAIN 2
COMMAND RIGHT END
TURN 264 RESULT
TIME LEFT 0 5 RIGHT 0 5
TRAIN A130 A131 A132 B202 B203
MOVE B155 0
MOVE B156 0
MOVE B157 0
MOVE B158 0
MOVE B159 0
MOVE B160 0
MOVE B161 0
MOVE B162 0
MOVE B163 0
MOVE B164 0
MOVE B165 0
MOVE B166 0
MOVE B167 0
MOVE B168 0
MOVE B169 0
MOVE B170 0
MOVE B171 0
MOVE B187 127
MOVE B188 127
MOVE B189 137
MOVE B190 137
MOVE B191 160
MOVE B192 160
MOVE B193 160
MOVE B194 173
MOVE B195 173
MOVE B196 181
MOVE B197 181
MOVE B198 196
MOVE B199 196
MOVE B200 212
MOVE B201 212
DAMAGE TURRET B155 3
DAMAGE COMBAT A116 5
DAMAGE COMBAT A117 8
DAMAGE COMBAT A118 4
DAMAGE COMBAT B155 5
DAMAGE COMBAT B156 8
DAMAGE COMBAT B157 4
END TURN 264
TURN 265
COMMAND LEFT START
COMMAND LEFT END
COMMAND RIGHT START
MOVE B202 109
MOVE B203 109
TRAIN 2
COMMAND RIGHT END
TURN 265 RESULT
TIME LEFT 0 5 RIGHT 0 5
TRAIN B204 B205
MOVE B187 109
MOVE B188 109
MOVE B189 127
MOVE B190 127
MOVE B191 137
MOVE B192 137
MOVE B193 137
MOVE B194 160
MOVE B195 160
MOVE B196 173
MOVE B197 173
MOVE B198 181
MOVE B199 181
MOVE B200 196
MOVE B201 196
MOVE B202 212
MOVE B203 212
DAMAGE TURRET B157 3
DAMAGE COMBAT A118 4
DAMAGE COMBAT A119 8
DAMAGE COMBAT A120 3
DAMAGE COMBAT B157 1
DAMAGE COMBAT B158 8
DAMAGE COMBAT B159 6
END TURN 265
TURN 266
COMMAND LEFT START
COMMAND LEFT END
COMMAND RIGHT START
MOVE B172 0
MOVE B173 0
MOVE B174 0
MOVE B175 0
MOVE B176 0
MOVE B177 0
MOVE B178 0
MOVE B179 0
MOVE B180 0
MOVE B181 0
MOVE B182 0
MOVE B183 0
MOVE B184 0
MOVE B185 0
MOVE B186 0
MOVE B187 0
TRAIN 1
COMMAND RIGHT END
TURN 266 RESULT
TIME LEFT 0 5 RIGHT 0 5
TRAIN B206
MOVE B172 91
MOVE B173 91
MOVE B174 91
MOVE B175 91
MOVE B176 91
MOVE B177 91
MOVE B178 91
MOVE B179 91
MOVE B180 91
MOVE B181 91
MOVE B182 91
MOVE B183 91
MOVE B184 91
MOVE B185 91
MOVE B186 91
MOVE B187 91
MOVE B189 109
MOVE B190 109
MOVE B191 127
MOVE B192 127
MOVE B193 127
MOVE B194 137
MOVE B195 137
MOVE B196 160
MOVE B197 160
MOVE B198 173
MOVE B199 173
MOVE B200 181
MOVE B201 181
MOVE B202 196
MOVE B203 196
DAMAGE TURRET B159 2
DAMAGE TURRET B160 1
DAMAGE COMBAT A120 5
DAMAGE COMBAT A121 8
DAMAGE COMBAT B160 7
DAMAGE COMBAT B161 6
END TURN 266
TURN 267
COMMAND LEFT START
COMMAND LEFT END
COMMAND RIGHT START
MOVE B204 109
MOVE B205 109
MOVE B206 109
TRAIN 2
COMMAND RIGHT END
TURN 267 RESULT
TIME LEFT 0 5 RIGHT 0 5
TRAIN B207 B208
MOVE B172 81
MOVE B173 81
MOVE B174 81
MOVE B175 81
MOVE B176 81
MOVE B177 81
MOVE B178 81
MOVE B179 81
MOVE B180 81
MOVE B181 81
MOVE B182 81
MOVE B183 81
MOVE B184 81
MOVE B185 81
MOVE B186 81
MOVE B187 81
MOVE B191 109
MOVE B192 109
MOVE B193 109
MOVE B194 127
MOVE B195 127
MOVE B196 137
MOVE B197 137
MOVE B198 160
MOVE B199 160
MOVE B200 173
MOVE B201 173
MOVE B202 181
MOVE B203 181
MOVE B204 212
MOVE B205 212
MOVE B206 212
DAMAGE TURRET B161 2
DAMAGE TURRET B162 1
DAMAGE COMBAT A122 8
DAMAGE COMBAT A123 3
DAMAGE COMBAT B162 7
DAMAGE COMBAT B163 4
END TURN 267
TURN 268
COMMAND LEFT START
COMMAND LEFT END
COMMAND RIGHT START
MOVE B207 109
MOVE B208 109
TRAIN 2
COMMAND RIGHT END
TURN 268 RESULT
TIME LEFT 0 5 RIGHT 0 5
TRAIN B209 B210
MOVE B172 58
MOVE B173 58
MOVE B174 58
MOVE B175 58
MOVE B176 58
MOVE B177 58
MOVE B178 58
MOVE B179 58
MOVE B180 58
MOVE B181 58
MOVE B182 58
MOVE B183 58
MOVE B184 58
MOVE B185 58
MOVE B186 58
MOVE B187 58
MOVE B194 109
MOVE B195 109
MOVE B196 127
MOVE B197 127
MOVE B198 137
MOVE B199 137
MOVE B200 160
MOVE B201 160
MOVE B202 173
MOVE B203 173
MOVE B204 196
MOVE B205 196
MOVE B206 196
MOVE B207 212
MOVE B208 212
DAMAGE TURRET B163 3
DAMAGE COMBAT A123 5
DAMAGE COMBAT A124 4
DAMAGE COMBAT B163 1
DAMAGE COMBAT B164 8
DAMAGE COMBAT B165 1
END TURN 268
TURN 269
COMMAND LEFT START
COMMAND LEFT END
COMMAND RIGHT START
MOVE B209 109
MOVE B210 109
TRAIN 2
COMMAND RIGHT END
TURN 269 RESULT
TIME LEFT 0 5 RIGHT 0 5
TRAIN B211 B212
MOVE B172 45
MOVE B173 45
MOVE B174 45
MOVE B175 45
MOVE B176 45
MOVE B177 45
MOVE B178 45
MOVE B179 45
MOVE B180 45
MOVE B181 45
MOVE B182 45
MOVE B183 45
MOVE B184 45
MOVE B185 45
MOVE B186 45
MOVE B187 45
MOVE B196 109
MOVE B197 109
MOVE B198 127
MOVE B199 127
MOVE B200 137
MOVE B201 137
MOVE B202 160
MOVE B203 160
MOVE B204 181
MOVE B205 181
MOVE B206 181
MOVE B207 196
MOVE B208 196
MOVE B209 212
MOVE B210 212
DAMAGE TURRET B165 3
DAMAGE COMBAT A124 4
DAMAGE COMBAT A125 3
DAMAGE COMBAT B165 4
DAMAGE COMBAT B166 5
END TURN 269
TURN 270
COMMAND LEFT START
COMMAND LEFT END
COMMAND RIGHT START
MOVE B211 109
MOVE B212 109
TRAIN 2
COMMAND RIGHT END
TURN 270 RESULT
TIME LEFT 0 5 RIGHT 0 5
TRAIN B213 B214
MOVE B172 37
MOVE B173 37
MOVE B174 37
MOVE B175 37
MOVE B176 37
MOVE B177 37
MOVE B178 37
MOVE B179 37
MOVE B180 37
MOVE B181 37
MOVE B182 37
MOVE B183 37
MOVE B184 37
MOVE B185 37
MOVE B186 37
MOVE B187 37
MOVE B198 109
MOVE B199 109
MOVE B200 127
MOVE B201 127
MOVE B202 137
MOVE B203 137
MOVE B204 173
MOVE B205 173
MOVE B206 173
MOVE B207 181
MOVE B208 181
MOVE B209 196
MOVE B210 196
MOVE B211 212
MOVE B212 212
DAMAGE TURRET B166 3
DAMAGE COMBAT A125 5
DAMAGE COMBAT A126 1
DAMAGE COMBAT B167 8
END TURN 270
TURN 271
COMMAND LEFT START
TRAIN 3
COMMAND LEFT END
COMMAND RIGHT START
MOVE B188 0
MOVE B189 0
MOVE B190 0
MOVE B191 0
MOVE B192 0
MOVE B193 0
MOVE B194 0
MOVE B195 0
MOVE B196 0
MOVE B197 0
MOVE B198 0
MOVE B199 0
TRAIN 1
COMMAND RIGHT END
TURN 271 RESULT
TIME LEFT 0 5 RIGHT 0 5
TRAIN A133 A134 A135 B215
MOVE B172 22
MOVE B173 22
MOVE B174 22
MOVE B175 22
MOVE B176 22
MOVE B177 22
MOVE B178 22
MOVE B179 22
MOVE B180 22
MOVE B181 22
MOVE B182 22
MOVE B183 22
MOVE B184 22
MOVE B185 22
MOVE B186 22
MOVE B187 22
MOVE B188 91
MOVE B189 91
MOVE B190 91
MOVE B191 91
MOVE B192 91
MOVE B193 91
MOVE B194 91
MOVE B195 91
MOVE B196 91
MOVE B197 91
MOVE B198 91
MOVE B199 91
MOVE B200 109
MOVE B201 109
MOVE B202 127
MOVE B203 127
MOVE B204 160
MOVE B205 160
MOVE B206 160
MOVE B207 173
MOVE B208 173
MOVE B209 181
MOVE B210 181
MOVE B211 196
MOVE B212 196
DAMAGE TURRET B168 3
DAMAGE COMBAT A126 4
DAMAGE COMBAT B168 5
DAMAGE COMBAT B169 5
END TURN 271
TURN 272
COMMAND LEFT START
TRAIN 3
COMMAND LEFT END
COMMAND RIGHT START
MOVE B213 109
MOVE B214 109
MOVE B215 109
TRAIN 2
COMMAND RIGHT END
TURN 272 RESULT
TIME LEFT 0 5 RIGHT 0 5
TRAIN A136 A137 A138 B216 B217
MOVE B172 6
MOVE B173 6
MOVE B174 6
MOVE B175 6
MOVE B176 6
MOVE B177 6
MOVE B178 6
MOVE B179 6
MOVE B180 6
MOVE B181 6
MOVE B182 6
MOVE B183 6
MOVE B184 6
MOVE B185 6
MOVE B186 6
MOVE B187 6
MOVE B188 81
MOVE B189 81
MOVE B190 81
MOVE B191 81
MOVE B192 81
MOVE B193 81
MOVE B194 81
MOVE B195 81
MOVE B196 81
MOVE B197 81
MOVE B198 81
MOVE B199 81
MOVE B202 109
MOVE B203 109
MOVE B204 137
MOVE B205 137
MOVE B206 137
MOVE B207 160
MOVE B208 160
MOVE B209 173
MOVE B210 173
MOVE B211 181
MOVE B212 181
MOVE B213 212
MOVE B214 212
MOVE B215 212
DAMAGE TURRET B169 3
DAMAGE COMBAT A126 3
DAMAGE COMBAT B170 8
DAMAGE COMBAT B171 5
END TURN 272
TURN 273
COMMAND LEFT START
TRAIN 3
COMMAND LEFT END
COMMAND RIGHT START
MOVE B216 109
MOVE B217 109
TRAIN 2
COMMAND RIGHT END
TURN 273 RESULT
TIME LEFT 0 5 RIGHT 0 5
TRAIN A139 A140 A141 B218 B219
MOVE B172 0
MOVE B173 0
MOVE B174 0
MOVE B175 0
MOVE B176 0
MOVE B177 0
MOVE B178 0
MOVE B179 0
MOVE B180 0
MOVE B181 0
MOVE B182 0
MOVE B183 0
MOVE B184 0
MOVE B185 0
MOVE B186 0
MOVE B187 0
MOVE B188 58
MOVE B189 58
MOVE B190 58
MOVE B191 58
MOVE B192 58
MOVE B193 58
MOVE B194 58
MOVE B195 58
MOVE B196 58
MOVE B197 58
MOVE B198 58
MOVE B199 58
MOVE B204 127
MOVE B205 127
MOVE B206 127
MOVE B207 137
MOVE B208 137
MOVE B209 160
MOVE B210 160
MOVE B211 173
MOVE B212 173
MOVE B213 196
MOVE B214 196
MOVE B215 196
MOVE B216 212
MOVE B217 212
DAMAGE TURRET B171 3
DAMAGE COMBAT A127 8
DAMAGE COMBAT A128 8
DAMAGE COMBAT A129 1
DAMAGE COMBAT B172 8
DAMAGE COMBAT B173 7
END TURN 273
TURN 274
COMMAND LEFT START
TRAIN 2
COMMAND LEFT END
COMMAND RIGHT START
MOVE B218 109
MOVE B219 109
TRAIN 2
COMMAND RIGHT END
TURN 274 RESULT
TIME LEFT 0 5 RIGHT 0 5
TRAIN A142 A143 B220 B221
MOVE B188 45
MOVE B189 45
MOVE B190 45
MOVE B191 45
MOVE B192 45
MOVE B193 45
MOVE B194 45
MOVE B195 45
MOVE B196 45
MOVE B197 45
MOVE B198 45
MOVE B199 45
MOVE B204 109
MOVE B205 109
MOVE B206 109
MOVE B207 127
MOVE B208 127
MOVE B209 137
MOVE B210 137
MOVE B211 160
MOVE B212 160
MOVE B213 181
MOVE B214 181
MOVE B215 181
MOVE B216 196
MOVE B217 196
MOVE B218 212
MOVE B219 212
DAMAGE TURRET B173 1
DAMAGE TURRET B174 2
DAMAGE COMBAT A129 7
DAMAGE COMBAT A130 8
DAMAGE COMBAT B174 6
DAMAGE COMBAT B175 8
DAMAGE COMBAT B176 1
END TURN 274
TURN 275
COMMAND LEFT START
COMMAND LEFT END
COMMAND RIGHT START
MOVE B220 109
MOVE B221 109
TRAIN 2
COMMAND RIGHT END
TURN 275 RESULT
TIME LEFT 0 5 RIGHT 0 5
TRAIN B222 B223
MOVE B188 37
MOVE B189 37
MOVE B190 37
MOVE B191 37
MOVE B192 37
MOVE B193 37
MOVE B194 37
MOVE B195 37
MOVE B196 37
MOVE B197 37
MOVE B198 37
MOVE B199 37
MOVE B207 109
MOVE B208 109
MOVE B209 127
MOVE B210 127
MOVE B211 137
MOVE B212 137
MOVE B213 173
MOVE B214 173
MOVE B215 173
MOVE B216 181
MOVE B217 181
MOVE B218 196
MOVE B219 196
MOVE B220 212
MOVE B221 212
DAMAGE TURRET B176 3
DAMAGE COMBAT A131 8
DAMAGE COMBAT A132 4
DAMAGE COMBAT B176 4
DAMAGE COMBAT B177 8
DAMAGE COMBAT B178 1
END TURN 275
TURN 276
COMMAND LEFT START
TRAIN 3
COMMAND LEFT END
COMMAND RIGHT START
MOVE B222 109
MOVE B223 109
TRAIN 2
COMMAND RIGHT END
TURN 276 RESULT
TIME LEFT 0 5 RIGHT 0 5
TRAIN A144 A145 A146 B224 B225
MOVE B188 22
MOVE B189 22
MOVE B190 22
MOVE B191 22
MOVE B192 22
MOVE B193 22
MOVE B194 22
MOVE B195 22
MOVE B196 22
MOVE B197 22
MOVE B198 22
MOVE B199 22
MOVE B209 109
MOVE B210 109
MOVE B211 127
MOVE B212 127
MOVE B213 160
MOVE B214 160
MOVE B215 160
MOVE B216 173
MOVE B217 173
MOVE B218 181
MOVE B219 181
MOVE B220 196
MOVE B221 196
MOVE B222 212
MOVE B223 212
DAMAGE TURRET B178 3
DAMAGE COMBAT A132 4
DAMAGE COMBAT A133 6
DAMAGE COMBAT B178 4
DAMAGE COMBAT B179 8
DAMAGE COMBAT B180 3
END TURN 276
TURN 277
COMMAND LEFT START
TRAIN 3
COMMAND LEFT END
COMMAND RIGHT START
MOVE B224 109
MOVE B225 109
TRAIN 2
COMMAND RIGHT END
TURN 277 RESULT
TIME LEFT 0 5 RIGHT 0 5
TRAIN A147 A148 A149 B226 B227
MOVE B188 6
MOVE B189 6
MOVE B190 6
MOVE B191 6
MOVE B192 6
MOVE B193 6
MOVE B194 6
MOVE B195 6
MOVE B196 6
MOVE B197 6
MOVE B198 6
MOVE B199 6
MOVE B211 109
MOVE B212 109
MOVE B213 137
MOVE B214 137
MOVE B215 137
MOVE B216 160
MOVE B217 160
MOVE B218 173
MOVE B219 173
MOVE B220 181
MOVE B221 181
MOVE B222 196
MOVE B223 196
MOVE B224 212
MOVE B225 212
DAMAGE TURRET B180 3
DAMAGE COMBAT A133 2
DAMAGE COMBAT A134 6
DAMAGE COMBAT B180 2
DAMAGE COMBAT B181 8
DAMAGE COMBAT B182 7
END TURN 277
TURN 278
COMMAND LEFT START
TRAIN 2
COMMAND LEFT END
COMMAND RIGHT START
MOVE B226 109
MOVE B227 109
TRAIN 2
COMMAND RIGHT END
TURN 278 RESULT
TIME LEFT 0 5 RIGHT 0 5
TRAIN A150 A151 B228 B229
MOVE B188 0
MOVE B189 0
MOVE B190 0
MOVE B191 0
MOVE B192 0
MOVE B193 0
MOVE B194 0
MOVE B195 0
MOVE B196 0
MOVE B197 0
MOVE B198 0
MOVE B199 0
MOVE B213 127
MOVE B214 127
MOVE B215 127
MOVE B216 137
MOVE B217 137
MOVE B218 160
MOVE B219 160
MOVE B220 173
MOVE B221 173
MOVE B222 181
MOVE B223 181
MOVE B224 196
MOVE B225 196
MOVE B226 212
MOVE B227 212
DAMAGE TURRET B182 1
DAMAGE TURRET B183 2
DAMAGE COMBAT A134 2
DAMAGE COMBAT A135 8
DAMAGE COMBAT A136 8
DAMAGE COMBAT B183 6
DAMAGE COMBAT B184 8
DAMAGE COMBAT B185 4
END TURN 278
TURN 279
COMMAND LEFT START
COMMAND LEFT END
COMMAND RIGHT START
MOVE B228 109
MOVE B229 109
TRAIN 2
COMMAND RIGHT END
TURN 279 RESULT
TIME LEFT 0 5 RIGHT 0 5
TRAIN B230 B231
MOVE B213 109
MOVE B214 109
MOVE B215 109
MOVE B216 127
MOVE B217 127
MOVE B218 137
MOVE B219 137
MOVE B220 160
MOVE B221 160
MOVE B222 173
MOVE B223 173
MOVE B224 181
MOVE B225 181
MOVE B226 196
MOVE B227 196
MOVE B228 212
MOVE B229 212
DAMAGE TURRET B185 3
DAMAGE COMBAT A137 8
DAMAGE COMBAT A138 7
DAMAGE COMBAT B185 1
DAMAGE COMBAT B186 8
DAMAGE COMBAT B187 6
END TURN 279
TURN 280
COMMAND LEFT START
COMMAND LEFT END
COMMAND RIGHT START
MOVE B230 109
MOVE B231 109
TRAIN 2
COMMAND RIGHT END
TURN 280 RESULT
TIME LEFT 0 5 RIGHT 0 5
TRAIN B232 B233
MOVE B216 109
MOVE B217 109
MOVE B218 127
MOVE B219 127
MOVE B220 137
MOVE B221 137
MOVE B222 160
MOVE B223 160
MOVE B224 173
MOVE B225 173
MOVE B226 181
MOVE B227 181
MOVE B228 196
MOVE B229 196
MOVE B230 212
MOVE B231 212
DAMAGE TURRET B187 2
DAMAGE TURRET B188 1
DAMAGE COMBAT A138 1
DAMAGE COMBAT A139 8
DAMAGE COMBAT A140 4
DAMAGE COMBAT B188 7
DAMAGE COMBAT B189 7
END TURN 280
TURN 281
COMMAND LEFT START
COMMAND LEFT END
COMMAND RIGHT START
MOVE B200 0
MOVE B201 0
MOVE B202 0
MOVE B203 0
MOVE B204 0
MOVE B205 0
MOVE B206 0
MOVE B207 0
MOVE B208 0
MOVE B209 0
MOVE B210 0
MOVE B211 0
MOVE B212 0
MOVE B213 0
MOVE B214 0
TRAIN 1
COMMAND RIGHT END
TURN 281 RESULT
TIME LEFT 0 5 RIGHT 0 5
TRAIN B234
MOVE B200 91
MOVE B201 91
MOVE B202 91
MOVE B203 91
MOVE B204 91
MOVE B205 91
MOVE B206 91
MOVE B207 91
MOVE B208 91
MOVE B209 91
MOVE B210 91
MOVE B211 91
MOVE B212 91
MOVE B213 91
MOVE B214 91
MOVE B218 109
MOVE B219 109
MOVE B220 127
MOVE B221 127
MOVE B222 137
MOVE B223 137
MOVE B224 160
MOVE B225 160
MOVE B226 173
MOVE B227 173
MOVE B228 181
MOVE B229 181
MOVE B230 196
MOVE B231 196
DAMAGE TURRET B189 1
DAMAGE TURRET B190 2
DAMAGE COMBAT A140 4
DAMAGE COMBAT A141 7
DAMAGE COMBAT B190 6
DAMAGE COMBAT B191 6
END TURN 281
TURN 282
COMMAND LEFT START
COMMAND LEFT END
COMMAND RIGHT START
MOVE B232 109
MOVE B233 109
MOVE B234 109
TRAIN 2
COMMAND RIGHT END
TURN 282 RESULT
TIME LEFT 0 5 RIGHT 0 5
TRAIN B235 B236
MOVE B200 81
MOVE B201 81
MOVE B202 81
MOVE B203 81
MOVE B204 81
MOVE B205 81
MOVE B206 81
MOVE B207 81
MOVE B208 81
MOVE B209 81
MOVE B210 81
MOVE B211 81
MOVE B212 81
MOVE B213 81
MOVE B214 81
MOVE B220 109
MOVE B221 109
MOVE B222 127
MOVE B223 127
MOVE B224 137
MOVE B225 137
MOVE B226 160
MOVE B227 160
MOVE B228 173
MOVE B229 173
MOVE B230 181
MOVE B231 181
MOVE B232 212
MOVE B233 212
MOVE B234 212
DAMAGE TURRET B191 2
DAMAGE TURRET B192 1
DAMAGE COMBAT A141 1
DAMAGE COMBAT A142 8
DAMAGE COMBAT B192 7
DAMAGE COMBAT B193 4
END TURN 282
TURN 283
COMMAND LEFT START
COMMAND LEFT END
COMMAND RIGHT START
MOVE B235 109
MOVE B236 109
TRAIN 2
COMMAND RIGHT END
TURN 283 RESULT
TIME LEFT 0 5 RIGHT 0 5
TRAIN B237 B238
MOVE B200 58
MOVE B201 58
MOVE B202 58
MOVE B203 58
MOVE B204 58
MOVE B205 58
MOVE B206 58
MOVE B207 58
MOVE B208 58
MOVE B209 58
MOVE B210 58
MOVE B211 58
MOVE B212 58
MOVE B213 58
MOVE B214 58
MOVE B222 109
MOVE B223 109
MOVE B224 127
MOVE B225 127
MOVE B226 137
MOVE B227 137
MOVE B228 160
MOVE B229 160
MOVE B230 173
MOVE B231 173
MOVE B232 196
MOVE B233 196
MOVE B234 196
MOVE B235 212
MOVE B236 212
DAMAGE TURRET B193 3
DAMAGE COMBAT A143 7
DAMAGE COMBAT B193 1
DAMAGE COMBAT B194 8
END TURN 283
TURN 284
COMMAND LEFT START
COMMAND LEFT END
COMMAND RIGHT START
MOVE B237 109
MOVE B238 109
TRAIN 2
COMMAND RIGHT END
TURN 284 RESULT
TIME LEFT 0 5 RIGHT 0 5
TRAIN B239 B240
MOVE B200 45
MOVE B201 45
MOVE B202 45
MOVE B203 45
MOVE B204 45
MOVE B205 45
MOVE B206 45
MOVE B207 45
MOVE B208 45
MOVE B209 45
MOVE B210 45
MOVE B211 45
MOVE B212 45
MOVE B213 45
MOVE B214 45
MOVE B224 109
MOVE B225 109
MOVE B226 127
MOVE B227 127
MOVE B228 137
MOVE B229 137
MOVE B230 160
MOVE B231 160
MOVE B232 181
MOVE B233 181
MOVE B234 181
MOVE B235 196
MOVE B236 196
MOVE B237 212
MOVE B238 212
DAMAGE TURRET B195 3
DAMAGE COMBAT A143 1
DAMAGE COMBAT A144 4
DAMAGE COMBAT B195 5
DAMAGE COMBAT B196 4
END TURN 284
TURN 285
COMMAND LEFT START
COMMAND LEFT END
COMMAND RIGHT START
MOVE B215 0
MOVE B216 0
MOVE B217 0
MOVE B218 0
MOVE B219 0
MOVE B220 0
MOVE B221 0
MOVE B222 0
MOVE B223 0
MOVE B224 0
MOVE B225 0
TRAIN 1
COMMAND RIGHT END
TURN 285 RESULT
TIME LEFT 0 5 RIGHT 0 5
TRAIN B241
MOVE B200 37
MOVE B201 37
MOVE B202 37
MOVE B203 37
MOVE B204 37
MOVE B205 37
MOVE B206 37
MOVE B207 37
MOVE B208 37
MOVE B209 37
MOVE B210 37
MOVE B211 37
MOVE B212 37
MOVE B213 37
MOVE B214 37
MOVE B215 91
MOVE B216 91
MOVE B217 91
MOVE B218 91
MOVE B219 91
MOVE B220 91
MOVE B221 91
MOVE B222 91
MOVE B223 91
MOVE B224 91
MOVE B225 91
MOVE B226 109
MOVE B227 109
MOVE B228 127
MOVE B229 127
MOVE B230 137
MOVE B231 137
MOVE B232 173
MOVE B233 173
MOVE B234 173
MOVE B235 181
MOVE B236 181
MOVE B237 196
MOVE B238 196
DAMAGE TURRET B196 3
DAMAGE COMBAT A144 4
DAMAGE COMBAT B196 1
DAMAGE COMBAT B197 7
END TURN 285
TURN 286
COMMAND LEFT START
TRAIN 3
COMMAND LEFT END
COMMAND RIGHT START
MOVE B239 109
MOVE B240 109
MOVE B241 109
TRAIN 2
COMMAND RIGHT END
TURN 286 RESULT
TIME LEFT 0 5 RIGHT 0 5
TRAIN A152 A153 A154 B242 B243
MOVE B200 22
MOVE B201 22
MOVE B202 22
MOVE B203 22
MOVE B204 22
MOVE B205 22
MOVE B206 22
MOVE B207 22
MOVE B208 22
MOVE B209 22
MOVE B210 22
MOVE B211 22
MOVE B212 22
MOVE B213 22
MOVE B214 22
MOVE B215 81
MOVE B216 81
MOVE B217 81
MOVE B218 81
MOVE B219 81
MOVE B220 81
MOVE B221 81
MOVE B222 81
MOVE B223 81
MOVE B224 81
MOVE B225 81
MOVE B228 109
MOVE B229 109
MOVE B230 127
MOVE B231 127
MOVE B232 160
MOVE B233 160
MOVE B234 160
MOVE B235 173
MOVE B236 173
MOVE B237 181
MOVE B238 181
MOVE B239 212
MOVE B240 212
MOVE B241 212
DAMAGE TURRET B197 1
DAMAGE TURRET B198 2
DAMAGE COMBAT A145 3
DAMAGE COMBAT B198 6
DAMAGE COMBAT B199 4
END TURN 286
TURN 287
COMMAND LEFT START
TRAIN 3
COMMAND LEFT END
COMMAND RIGHT START
MOVE B242 109
MOVE B243 109
TRAIN 3
COMMAND RIGHT END
TURN 287 RESULT
TIME LEFT 0 5 RIGHT 0 5
TRAIN A155 A156 A157 B244 B245 B246
MOVE B200 6
MOVE B201 6
MOVE B202 6
MOVE B203 6
MOVE B204 6
MOVE B205 6
MOVE B206 6
MOVE B207 6
MOVE B208 6
MOVE B209 6
MOVE B210 6
MOVE B211 6
MOVE B212 6
MOVE B213 6
MOVE B214 6
MOVE B215 58
MOVE B216 58
MOVE B217 58
MOVE B218 58
MOVE B219 58
MOVE B220 58
MOVE B221 58
MOVE B222 58
MOVE B223 58
MOVE B224 58
MOVE B225 58
MOVE B230 109
MOVE B231 109
MOVE B232 137
MOVE B233 137
MOVE B234 137
MOVE B235 160
MOVE B236 160
MOVE B237 173
MOVE B238 173
MOVE B239 196
MOVE B240 196
MOVE B241 196
MOVE B242 212
MOVE B243 212
DAMAGE TURRET B199 3
DAMAGE COMBAT A145 1
DAMAGE COMBAT B199 1
END TURN 287
TURN 288
COMMAND LEFT START
TRAIN 3
COMMAND LEFT END
COMMAND RIGHT START
MOVE B244 109
MOVE B245 109
MOVE B246 109
TRAIN 2
COMMAND RIGHT END
TURN 288 RESULT
TIME LEFT 0 5 RIGHT 0 5
TRAIN A158 A159 A160 B247 B248
MOVE B200 0
MOVE B201 0
MOVE B202 0
MOVE B203 0
MOVE B204 0
MOVE B205 0
MOVE B206 0
MOVE B207 0
MOVE B208 0
MOVE B209 0
MOVE B210 0
MOVE B211 0
MOVE B212 0
MOVE B213 0
MOVE B214 0
MOVE B215 45
MOVE B216 45
MOVE B217 45
MOVE B218 45
MOVE B219 45
MOVE B220 45
MOVE B221 45
MOVE B222 45
MOVE B223 45
MOVE B224 45
MOVE B225 45
MOVE B232 127
MOVE B233 127
MOVE B234 127
MOVE B235 137
MOVE B236 137
MOVE B237 160
MOVE B238 160
MOVE B239 181
MOVE B240 181
MOVE B241 181
MOVE B242 196
MOVE B243 196
MOVE B244 212
MOVE B245 212
MOVE B246 212
DAMAGE TURRET B200 3
DAMAGE COMBAT A145 4
DAMAGE COMBAT A146 8
DAMAGE COMBAT A147 3
DAMAGE COMBAT B200 5
DAMAGE COMBAT B201 8
DAMAGE COMBAT B202 3
END TURN 288
TURN 289
COMMAND LEFT START
COMMAND LEFT END
COMMAND RIGHT START
MOVE B247 109
MOVE B248 109
TRAIN 2
COMMAND RIGHT END
TURN 289 RESULT
TIME LEFT 0 5 RIGHT 0 5
TRAIN B249 B250
MOVE B215 37
MOVE B216 37
MOVE B217 37
MOVE B218 37
MOVE B219 37
MOVE B220 37
MOVE B221 37
MOVE B222 37
MOVE B223 37
MOVE B224 37
MOVE B225 37
MOVE B232 109
MOVE B233 109
MOVE B234 109
MOVE B235 127
MOVE B236 127
MOVE B237 137
MOVE B238 137
MOVE B239 173
MOVE B240 173
MOVE B241 173
MOVE B242 181
MOVE B243 181
MOVE B244 196
MOVE B245 196
MOVE B246 196
MOVE B247 212
MOVE B248 212
DAMAGE TURRET B202 3
DAMAGE COMBAT A147 5
DAMAGE COMBAT A148 8
DAMAGE COMBAT B202 2
DAMAGE COMBAT B203 8
DAMAGE COMBAT B204 4
END TURN 289
TURN 290
COMMAND LEFT START
TRAIN 3
COMMAND LEFT END
COMMAND RIGHT START
MOVE B249 109
MOVE B250 109
TRAIN 2
COMMAND RIGHT END
TURN 290 RESULT
TIME LEFT 0 5 RIGHT 0 5
TRAIN A161 A162 A163 B251 B252
MOVE B215 22
MOVE B216 22
MOVE B217 22
MOVE B218 22
MOVE B219 22
MOVE B220 22
MOVE B221 22
MOVE B222 22
MOVE B223 22
MOVE B224 22
MOVE B225 22
MOVE B235 109
MOVE B236 109
MOVE B237 127
MOVE B238 127
MOVE B239 160
MOVE B240 160
MOVE B241 160
MOVE B242 173
MOVE B243 173
MOVE B244 181
MOVE B245 181
MOVE B246 181
MOVE B247 196
MOVE B248 196
MOVE B249 212
MOVE B250 212
DAMAGE TURRET B204 3
DAMAGE COMBAT A149 8
DAMAGE COMBAT A150 3
DAMAGE COMBAT B204 1
DAMAGE COMBAT B205 8
DAMAGE COMBAT B206 6
END TURN 290
TURN 291
COMMAND LEFT START
TRAIN 3
COMMAND LEFT END
COMMAND RIGHT START
MOVE B251 109
MOVE B252 109
TRAIN 2
COMMAND RIGHT END
TURN 291 RESULT
TIME LEFT 0 5 RIGHT 0 5
TRAIN A164 A165 A166 B253 B254
MOVE B215 6
MOVE B216 6
MOVE B217 6
MOVE B218 6
MOVE B219 6
MOVE B220 6
MOVE B221 6
MOVE B222 6
MOVE B223 6
MOVE B224 6
MOVE B225 6
MOVE B237 109
MOVE B238 109
MOVE B239 137
MOVE B240 137
MOVE B241 137
MOVE B242 160
MOVE B243 160
MOVE B244 173
MOVE B245 173
MOVE B246 173
MOVE B247 181
MOVE B248 181
MOVE B249 196
MOVE B250 196
MOVE B251 212
MOVE B252 212
DAMAGE TURRET B206 2
DAMAGE TURRET B207 1
DAMAGE COMBAT A150 5
DAMAGE COMBAT A151 4
DAMAGE COMBAT B207 7
DAMAGE COMBAT B208 8
DAMAGE COMBAT B209 2
END TURN 291
TURN 292
COMMAND LEFT START
TRAIN 1
COMMAND LEFT END
COMMAND RIGHT START
MOVE B253 109
MOVE B254 109
TRAIN 2
COMMAND RIGHT END
TURN 292 RESULT
TIME LEFT 0 5 RIGHT 0 5
TRAIN A167 B255 B256
MOVE B215 0
MOVE B216 0
MOVE B217 0
MOVE B218 0
MOVE B219 0
MOVE B220 0
MOVE B221 0
MOVE B222 0
MOVE B223 0
MOVE B224 0
MOVE B225 0
MOVE B239 127
MOVE B240 127
MOVE B241 127
MOVE B242 137
MOVE B243 137
MOVE B244 160
MOVE B245 160
MOVE B246 160
MOVE B247 173
MOVE B248 173
MOVE B249 181
MOVE B250 181
MOVE B251 196
MOVE B252 196
MOVE B253 212
MOVE B254 212
DAMAGE TURRET B209 3
DAMAGE COMBAT A151 4
DAMAGE COMBAT A152 8
DAMAGE COMBAT A153 5
DAMAGE COMBAT B209 3
DAMAGE COMBAT B210 8
DAMAGE COMBAT B211 6
END TURN 292
TURN 293
COMMAND LEFT START
COMMAND LEFT END
COMMAND RIGHT START
MOVE B255 109
MOVE B256 109
TRAIN 2
COMMAND RIGHT END
TURN 293 RESULT
TIME LEFT 0 5 RIGHT 0 5
TRAIN B257 B258
MOVE B239 109
MOVE B240 109
MOVE B241 109
MOVE B242 127
MOVE B243 127
MOVE B244 137
MOVE B245 137
MOVE B246 137
MOVE B247 160
MOVE B248 160
MOVE B249 173
MOVE B250 173
MOVE B251 181
MOVE B252 181
MOVE B253 196
MOVE B254 196
MOVE B255 212
MOVE B256 212
DAMAGE TURRET B211 2
DAMAGE TURRET B212 1
DAMAGE COMBAT A153 3
DAMAGE COMBAT A154 8
DAMAGE COMBAT A155 4
DAMAGE COMBAT B212 7
DAMAGE COMBAT B213 8
END TURN 293
TURN 294
COMMAND LEFT START
COMMAND LEFT END
COMMAND RIGHT START
MOVE B226 0
MOVE B227 0
MOVE B228 0
MOVE B229 0
MOVE B230 0
MOVE B231 0
MOVE B232 0
MOVE B233 0
MOVE B234 0
MOVE B235 0
MOVE B236 0
MOVE B237 0
MOVE B238 0
MOVE B239 0
MOVE B240 0
MOVE B241 0
TRAIN 1
COMMAND RIGHT END
TURN 294 RESULT
TIME LEFT 0 5 RIGHT 0 5
TRAIN B259
MOVE B226 91
MOVE B227 91
MOVE B228 91
MOVE B229 91
MOVE B230 91
MOVE B231 91
MOVE B232 91
MOVE B233 91
MOVE B234 91
MOVE B235 91
MOVE B236 91
MOVE B237 91
MOVE B238 91
MOVE B239 91
MOVE B240 91
MOVE B241 91
MOVE B242 109
MOVE B243 109
MOVE B244 127
MOVE B245 127
MOVE B246 127
MOVE B247 137
MOVE B248 137
MOVE B249 160
MOVE B250 160
MOVE B251 173
MOVE B252 173
MOVE B253 181
MOVE B254 181
MOVE B255 196
MOVE B256 196
DAMAGE TURRET B214 3
DAMAGE COMBAT A155 4
DAMAGE COMBAT A156 8
DAMAGE COMBAT B214 5
DAMAGE COMBAT B215 8
END TURN 294
TURN 295
COMMAND LEFT START
COMMAND LEFT END
COMMAND RIGHT START
MOVE B257 109
MOVE B258 109
MOVE B259 109
TRAIN 2
COMMAND RIGHT END
TURN 295 RESULT
TIME LEFT 0 5 RIGHT 0 5
TRAIN B260 B261
MOVE B226 81
MOVE B227 81
MOVE B228 81
MOVE B229 81
MOVE B230 81
MOVE B231 81
MOVE B232 81
MOVE B233 81
MOVE B234 81
MOVE B235 81
MOVE B236 81
MOVE B237 81
MOVE B238 81
MOVE B239 81
MOVE B240 81
MOVE B241 81
MOVE B244 109
MOVE B245 109
MOVE B246 109
MOVE B247 127
MOVE B248 127
MOVE B249 137
MOVE B250 137
MOVE B251 160
MOVE B252 160
MOVE B253 173
MOVE B254 173
MOVE B255 181
MOVE B256 181
MOVE B257 212
MOVE B258 212
MOVE B259 212
DAMAGE TURRET B216 3
DAMAGE COMBAT A157 8
DAMAGE COMBAT A158 2
DAMAGE COMBAT B216 5
DAMAGE COMBAT B217 6
END TURN 295
TURN 296
COMMAND LEFT START
COMMAND LEFT END
COMMAND RIGHT START
MOVE B260 109
MOVE B261 109
TRAIN 2
COMMAND RIGHT END
TURN 296 RESULT
TIME LEFT 0 5 RIGHT 0 5
TRAIN B262 B263
MOVE B226 58
MOVE B227 58
MOVE B228 58
MOVE B229 58
MOVE B230 58
MOVE B231 58
MOVE B232 58
MOVE B233 58
MOVE B234 58
MOVE B235 58
MOVE B236 58
MOVE B237 58
MOVE B238 58
MOVE B239 58
MOVE B240 58
MOVE B241 58
MOVE B247 109
MOVE B248 109
MOVE B249 127
MOVE B250 127
MOVE B251 137
MOVE B252 137
MOVE B253 160
MOVE B254 160
MOVE B255 173
MOVE B256 173
MOVE B257 196
MOVE B258 196
MOVE B259 196
MOVE B260 212
MOVE B261 212
DAMAGE TURRET B217 2
DAMAGE TURRET B218 1
DAMAGE COMBAT A158 6
DAMAGE COMBAT A159 3
DAMAGE COMBAT B218 7
DAMAGE COMBAT B219 3
END TURN 296
TURN 297
COMMAND LEFT START
COMMAND LEFT END
COMMAND RIGHT START
MOVE B262 109
MOVE B263 109
TRAIN 2
COMMAND RIGHT END
TURN 297 RESULT
TIME LEFT 0 5 RIGHT 0 5
TRAIN B264 B265
MOVE B226 45
MOVE B227 45
MOVE B228 45
MOVE B229 45
MOVE B230 45
MOVE B231 45
MOVE B232 45
MOVE B233 45
MOVE B234 45
MOVE B235 45
MOVE B236 45
MOVE B237 45
MOVE B238 45
MOVE B239 45
MOVE B240 45
MOVE B241 45
MOVE B249 109
MOVE B250 109
MOVE B251 127
MOVE B252 127
MOVE B253 137
MOVE B254 137
MOVE B255 160
MOVE B256 160
MOVE B257 181
MOVE B258 181
MOVE B259 181
MOVE B260 196
MOVE B261 196
MOVE B262 212
MOVE B263 212
DAMAGE TURRET B219 3
DAMAGE COMBAT A159 5
DAMAGE COMBAT A160 2
DAMAGE COMBAT B219 2
DAMAGE COMBAT B220 7
END TURN 297
TURN 298
COMMAND LEFT START
COMMAND LEFT END
COMMAND RIGHT START
MOVE B264 109
MOVE B265 109
TRAIN 2
COMMAND RIGHT END
TURN 298 RESULT
TIME LEFT 0 5 RIGHT 0 5
TRAIN B266 B267
MOVE B226 37
MOVE B227 37
MOVE B228 37
MOVE B229 37
MOVE B230 37
MOVE B231 37
MOVE B232 37
MOVE B233 37
MOVE B234 37
MOVE B235 37
MOVE B236 37
MOVE B237 37
MOVE B238 37
MOVE B239 37
MOVE B240 37
MOVE B241 37
MOVE B251 109
MOVE B252 109
MOVE B253 127
MOVE B254 127
MOVE B255 137
MOVE B256 137
MOVE B257 173
MOVE B258 173
MOVE B259 173
MOVE B260 181
MOVE B261 181
MOVE B262 196
MOVE B263 196
MOVE B264 212
MOVE B265 212
DAMAGE TURRET B220 1
DAMAGE TURRET B221 2
DAMAGE COMBAT A160 6
DAMAGE COMBAT B221 6
DAMAGE COMBAT B222 2
END TURN 298
TURN 299
COMMAND LEFT START
TRAIN 3
COMMAND LEFT END
COMMAND RIGHT START
MOVE B266 109
MOVE B267 109
TRAIN 2
COMMAND RIGHT END
TURN 299 RESULT
TIME LEFT 0 5 RIGHT 0 5
TRAIN A168 A169 A170 B268 B269
MOVE B226 22
MOVE B227 22
MOVE B228 22
MOVE B229 22
MOVE B230 22
MOVE B231 22
MOVE B232 22
MOVE B233 22
MOVE B234 22
MOVE B235 22
MOVE B236 22
MOVE B237 22
MOVE B238 22
MOVE B239 22
MOVE B240 22
MOVE B241 22
MOVE B253 109
MOVE B254 109
MOVE B255 127
MOVE B256 127
MOVE B257 160
MOVE B258 160
MOVE B259 160
MOVE B260 173
MOVE B261 173
MOVE B262 181
MOVE B263 181
MOVE B264 196
MOVE B265 196
MOVE B266 212
MOVE B267 212
DAMAGE TURRET B222 3
DAMAGE COMBAT A161 4
DAMAGE COMBAT B222 3
DAMAGE COMBAT B223 7
END TURN 299
TURN 300
COMMAND LEFT START
COMMAND LEFT END
COMMAND RIGHT START
MOVE B242 0
MOVE B243 0
MOVE B244 0
MOVE B245 0
MOVE B246 0
MOVE B247 0
MOVE B248 0
MOVE B249 0
MOVE B250 0
MOVE B251 0
MOVE B252 0
MOVE B253 0
MOVE B254 0
TRAIN 1
COMMAND RIGHT END
TURN 300 RESULT
TIME LEFT 0 5 RIGHT 0 5
TRAIN B270
MOVE B226 6
MOVE B227 6
MOVE B228 6
MOVE B229 6
MOVE B230 6
MOVE B231 6
MOVE B232 6
MOVE B233 6
MOVE B234 6
MOVE B235 6
MOVE B236 6
MOVE B237 6
MOVE B238 6
MOVE B239 6
MOVE B240 6
MOVE B241 6
MOVE B242 91
MOVE B243 91
MOVE B244 91
MOVE B245 91
MOVE B246 91
MOVE B247 91
MOVE B248 91
MOVE B249 91
MOVE B250 91
MOVE B251 91
MOVE B252 91
MOVE B253 91
MOVE B254 91
MOVE B255 109
MOVE B256 109
MOVE B257 137
MOVE B258 137
MOVE B259 137
MOVE B260 160
MOVE B261 160
MOVE B262 173
MOVE B263 173
MOVE B264 181
MOVE B265 181
MOVE B266 196
MOVE B267 196
DAMAGE TURRET B223 1
DAMAGE TURRET B224 2
DAMAGE COMBAT A161 3
DAMAGE COMBAT B224 6
DAMAGE COMBAT B225 4
END TURN 300
TURN 301
COMMAND LEFT START
TRAIN 1
COMMAND LEFT END
COMMAND RIGHT START
MOVE B268 109
MOVE B269 109
MOVE B270 109
TRAIN 2
COMMAND RIGHT END
TURN 301 RESULT
TIME LEFT 0 5 RIGHT 0 5
TRAIN A171 B271 B272
MOVE B226 0
MOVE B227 0
MOVE B228 0
MOVE B229 0
MOVE B230 0
MOVE B231 0
MOVE B232 0
MOVE B233 0
MOVE B234 0
MOVE B235 0
MOVE B236 0
MOVE B237 0
MOVE B238 0
MOVE B239 0
MOVE B240 0
MOVE B241 0
MOVE B242 81
MOVE B243 81
MOVE B244 81
MOVE B245 81
MOVE B246 81
MOVE B247 81
MOVE B248 81
MOVE B249 81
MOVE B250 81
MOVE B251 81
MOVE B252 81
MOVE B253 81
MOVE B254 81
MOVE B257 127
MOVE B258 127
MOVE B259 127
MOVE B260 137
MOVE B261 137
MOVE B262 160
MOVE B263 160
MOVE B264 173
MOVE B265 173
MOVE B266 181
MOVE B267 181
MOVE B268 212
MOVE B269 212
MOVE B270 212
DAMAGE TURRET B225 3
DAMAGE COMBAT A161 1
DAMAGE COMBAT A162 8
DAMAGE COMBAT A163 8
DAMAGE COMBAT B225 1
DAMAGE COMBAT B226 8
DAMAGE COMBAT B227 2
END TURN 301
TURN 302
COMMAND LEFT START
COMMAND LEFT END
COMMAND RIGHT START
MOVE B271 109
MOVE B272 109
TRAIN 2
COMMAND RIGHT END
TURN 302 RESULT
TIME LEFT 0 5 RIGHT 0 5
TRAIN B273 B274
MOVE B242 58
MOVE B243 58
MOVE B244 58
MOVE B245 58
MOVE B246 58
MOVE B247 58
MOVE B248 58
MOVE B249 58
MOVE B250 58
MOVE B251 58
MOVE B252 58
MOVE B253 58
MOVE B254 58
MOVE B257 109
MOVE B258 109
MOVE B259 109
MOVE B260 127
MOVE B261 127
MOVE B262 137
MOVE B263 137
MOVE B264 160
MOVE B265 160
MOVE B266 173
MOVE B267 173
MOVE B268 196
MOVE B269 196
MOVE B270 196
MOVE B271 212
MOVE B272 212
DAMAGE TURRET B227 3
DAMAGE COMBAT A164 8
DAMAGE COMBAT A165 7
DAMAGE COMBAT B227 3
DAMAGE COMBAT B228 5
END TURN 302
TURN 303
COMMAND LEFT START
TRAIN 1
COMMAND LEFT END
COMMAND RIGHT START
MOVE B273 109
MOVE B274 109
TRAIN 2
COMMAND RIGHT END
TURN 303 RESULT
TIME LEFT 0 5 RIGHT 0 5
TRAIN A172 B275 B276
MOVE B242 45
MOVE B243 45
MOVE B244 45
MOVE B245 45
MOVE B246 45
MOVE B247 45
MOVE B248 45
MOVE B249 45
MOVE B250 45
MOVE B251 45
MOVE B252 45
MOVE B253 45
MOVE B254 45
MOVE B260 109
MOVE B261 109
MOVE B262 127
MOVE B263 127
MOVE B264 137
MOVE B265 137
MOVE B266 160
MOVE B267 160
MOVE B268 181
MOVE B269 181
MOVE B270 181
MOVE B271 196
MOVE B272 196
MOVE B273 212
MOVE B274 212
DAMAGE TURRET B228 3
DAMAGE COMBAT A165 1
DAMAGE COMBAT A166 8
DAMAGE COMBAT A167 5
DAMAGE COMBAT B229 8
END TURN 303
TURN 304
COMMAND LEFT START
COMMAND LEFT END
COMMAND RIGHT START
MOVE B275 109
MOVE B276 109
TRAIN 2
COMMAND RIGHT END
TURN 304 RESULT
TIME LEFT 0 5 RIGHT 0 5
TRAIN B277 B278
MOVE B242 37
MOVE B243 37
MOVE B244 37
MOVE B245 37
MOVE B246 37
MOVE B247 37
MOVE B248 37
MOVE B249 37
MOVE B250 37
MOVE B251 37
MOVE B252 37
MOVE B253 37
MOVE B254 37
MOVE B262 109
MOVE B263 109
MOVE B264 127
MOVE B265 127
MOVE B266 137
MOVE B267 137
MOVE B268 173
MOVE B269 173
MOVE B270 173
MOVE B271 181
MOVE B272 181
MOVE B273 196
MOVE B274 196
MOVE B275 212
MOVE B276 212
DAMAGE TURRET B230 3
DAMAGE COMBAT A167 3
DAMAGE COMBAT A168 8
DAMAGE COMBAT A169 1
DAMAGE COMBAT B230 5
DAMAGE COMBAT B231 1
END TURN 304
TURN 305
COMMAND LEFT START
TRAIN 1
COMMAND LEFT END
COMMAND RIGHT START
MOVE B277 109
MOVE B278 109
TRAIN 2
COMMAND RIGHT END
TURN 305 RESULT
TIME LEFT 0 5 RIGHT 0 5
TRAIN A173 B279 B280
MOVE B242 22
MOVE B243 22
MOVE B244 22
MOVE B245 22
MOVE B246 22
MOVE B247 22
MOVE B248 22
MOVE B249 22
MOVE B250 22
MOVE B251 22
MOVE B252 22
MOVE B253 22
MOVE B254 22
MOVE B264 109
MOVE B265 109
MOVE B266 127
MOVE B267 127
MOVE B268 160
MOVE B269 160
MOVE B270 160
MOVE B271 173
MOVE B272 173
MOVE B273 181
MOVE B274 181
MOVE B275 196
MOVE B276 196
MOVE B277 212
MOVE B278 212
DAMAGE TURRET B231 3
DAMAGE COMBAT A169 7
DAMAGE COMBAT A170 4
DAMAGE COMBAT B231 4
DAMAGE COMBAT B232 1
END TURN 305
TURN 306
COMMAND LEFT START
COMMAND LEFT END
COMMAND RIGHT START
MOVE B255 0
MOVE B256 0
MOVE B257 0
MOVE B258 0
MOVE B259 0
MOVE B260 0
MOVE B261 0
MOVE B262 0
MOVE B263 0
MOVE B264 0
MOVE B265 0
TRAIN 1
COMMAND RIGHT END
TURN 306 RESULT
TIME LEFT 0 5 RIGHT 0 5
TRAIN B281
MOVE B242 6
MOVE B243 6
MOVE B244 6
MOVE B245 6
MOVE B246 6
MOVE B247 6
MOVE B248 6
MOVE B249 6
MOVE B250 6
MOVE B251 6
MOVE B252 6
MOVE B253 6
MOVE B254 6
MOVE B255 91
MOVE B256 91
MOVE B257 91
MOVE B258 91
MOVE B259 91
MOVE B260 91
MOVE B261 91
MOVE B262 91
MOVE B263 91
MOVE B264 91
MOVE B265 91
MOVE B266 109
MOVE B267 109
MOVE B268 137
MOVE B269 137
MOVE B270 137
MOVE B271 160
MOVE B272 160
MOVE B273 173
MOVE B274 173
MOVE B275 181
MOVE B276 181
MOVE B277 196
MOVE B278 196
DAMAGE TURRET B232 3
DAMAGE COMBAT A170 4
DAMAGE COMBAT A171 6
DAMAGE COMBAT B232 4
END TURN 306
TURN 307
COMMAND LEFT START
COMMAND LEFT END
COMMAND RIGHT START
MOVE B279 109
MOVE B280 109
MOVE B281 109
TRAIN 2
COMMAND RIGHT END
TURN 307 RESULT
TIME LEFT 0 5 RIGHT 0 5
TRAIN B282 B283
MOVE B242 0
MOVE B243 0
MOVE B244 0
MOVE B245 0
MOVE B246 0
MOVE B247 0
MOVE B248 0
MOVE B249 0
MOVE B250 0
MOVE B251 0
MOVE B252 0
MOVE B253 0
MOVE B254 0
MOVE B255 81
MOVE B256 81
MOVE B257 81
MOVE B258 81
MOVE B259 81
MOVE B260 81
MOVE B261 81
MOVE B262 81
MOVE B263 81
MOVE B264 81
MOVE B265 81
MOVE B268 127
MOVE B269 127
MOVE B270 127
MOVE B271 137
MOVE B272 137
MOVE B273 160
MOVE B274 160
MOVE B275 173
MOVE B276 173
MOVE B277 181
MOVE B278 181
MOVE B279 212
MOVE B280 212
MOVE B281 212
DAMAGE TURRET B233 3
DAMAGE COMBAT A171 2
DAMAGE COMBAT A172 8
DAMAGE COMBAT A173 8
DAMAGE COMBAT B233 3
SIEGE A 0 4
END TURN 307
TURN 308
COMMAND LEFT START
COMMAND LEFT END
COMMAND RIGHT START
MOVE B233 109
MOVE B234 109
MOVE B235 109
MOVE B236 109
MOVE B237 109
MOVE B238 109
MOVE B239 109
MOVE B240 109
MOVE B241 109
MOVE B242 109
MOVE B243 109
MOVE B244 109
MOVE B245 109
MOVE B246 109
MOVE B247 109
MOVE B248 109
MOVE B249 109
MOVE B250 109
MOVE B251 109
MOVE B252 109
MOVE B253 109
MOVE B254 109
MOVE B282 109
MOVE B283 109
TRAIN 2
COMMAND RIGHT END
TURN 308 RESULT
TIME LEFT 0 5 RIGHT 0 5
TRAIN B284 B285
MOVE B233 6
MOVE B234 6
MOVE B235 6
MOVE B236 6
MOVE B237 6
MOVE B238 6
MOVE B239 6
MOVE B240 6
MOVE B241 6
MOVE B242 6
MOVE B243 6
MOVE B244 6
MOVE B245 6
MOVE B246 6
MOVE B247 6
MOVE B248 6
MOVE B249 6
MOVE B250 6
MOVE B251 6
MOVE B252 6
MOVE B253 6
MOVE B254 6
MOVE B255 58
MOVE B256 58
MOVE B257 58
MOVE B258 58
MOVE B259 58
MOVE B260 58
MOVE B261 58
MOVE B262 58
MOVE B263 58
MOVE B264 58
MOVE B265 58
MOVE B268 109
MOVE B269 109
MOVE B270 109
MOVE B271 127
MOVE B272 127
MOVE B273 137
MOVE B274 137
MOVE B275 160
MOVE B276 160
MOVE B277 173
MOVE B278 173
MOVE B279 196
MOVE B280 196
MOVE B281 196
MOVE B282 212
MOVE B283 212
END TURN 308
TURN 309
COMMAND LEFT START
COMMAND LEFT END
COMMAND RIGHT START
MOVE B284 109
MOVE B285 109
TRAIN 2
COMMAND RIGHT END
TURN 309 RESULT
TIME LEFT 0 5 RIGHT 0 5
TRAIN B286 B287
MOVE B233 22
MOVE B234 22
MOVE B235 22
MOVE B236 22
MOVE B237 22
MOVE B238 22
MOVE B239 22
MOVE B240 22
MOVE B241 22
MOVE B242 22
MOVE B243 22
MOVE B244 22
MOVE B245 22
MOVE B246 22
MOVE B247 22
MOVE B248 22
MOVE B249 22
MOVE B250 22
MOVE B251 22
MOVE B252 22
MOVE B253 22
MOVE B254 22
MOVE B255 45
MOVE B256 45
MOVE B257 45
MOVE B258 45
MOVE B259 45
MOVE B260 45
MOVE B261 45
MOVE B262 45
MOVE B263 45
MOVE B264 45
MOVE B265 45
MOVE B271 109
MOVE B272 109
MOVE B273 127
MOVE B274 127
MOVE B275 137
MOVE B276 137
MOVE B277 160
MOVE B278 160
MOVE B279 181
MOVE B280 181
MOVE B281 181
MOVE B282 196
MOVE B283 196
MOVE B284 212
MOVE B285 212
END TURN 309
TURN 310
COMMAND LEFT START
COMMAND LEFT END
COMMAND RIGHT START
MOVE B286 109
MOVE B287 109
TRAIN 2
COMMAND RIGHT END
TURN 310 RESULT
TIME LEFT 0 5 RIGHT 0 5
TRAIN B288 B289
MOVE B233 37
MOVE B234 37
MOVE B235 37
MOVE B236 37
MOVE B237 37
MOVE B238 37
MOVE B239 37
MOVE B240 37
MOVE B241 37
MOVE B242 37
MOVE B243 37
MOVE B244 37
MOVE B245 37
MOVE B246 37
MOVE B247 37
MOVE B248 37
MOVE B249 37
MOVE B250 37
MOVE B251 37
MOVE B252 37
MOVE B253 37
MOVE B254 37
MOVE B255 37
MOVE B256 37
MOVE B257 37
MOVE B258 37
MOVE B259 37
MOVE B260 37
MOVE B261 37
MOVE B262 37
MOVE B263 37
MOVE B264 37
MOVE B265 37
MOVE B273 109
MOVE B274 109
MOVE B275 127
MOVE B276 127
MOVE B277 137
MOVE B278 137
MOVE B279 173
MOVE B280 173
MOVE B281 173
MOVE B282 181
MOVE B283 181
MOVE B284 196
MOVE B285 196
MOVE B286 212
MOVE B287 212
END TURN 310
TURN 311
COMMAND LEFT START
COMMAND LEFT END
COMMAND RIGHT START
MOVE B288 109
MOVE B289 109
TRAIN 2
COMMAND RIGHT END
TURN 311 RESULT
TIME LEFT 0 5 RIGHT 0 5
TRAIN B290 B291
MOVE B233 45
MOVE B234 45
MOVE B235 45
MOVE B236 45
MOVE B237 45
MOVE B238 45
MOVE B239 45
MOVE B240 45
MOVE B241 45
MOVE B242 45
MOVE B243 45
MOVE B244 45
MOVE B245 45
MOVE B246 45
MOVE B247 45
MOVE B248 45
MOVE B249 45
MOVE B250 45
MOVE B251 45
MOVE B252 45
MOVE B253 45
MOVE B254 45
MOVE B255 22
MOVE B256 22
MOVE B257 22
MOVE B258 22
MOVE B259 22
MOVE B260 22
MOVE B261 22
MOVE B262 22
MOVE B263 22
MOVE B264 22
MOVE B265 22
MOVE B275 109
MOVE B276 109
MOVE B277 127
MOVE B278 127
MOVE B279 160
MOVE B280 160
MOVE B281 160
MOVE B282 173
MOVE B283 173
MOVE B284 181
MOVE B285 181
MOVE B286 196
MOVE B287 196
MOVE B288 212
MOVE B289 212
END TURN 311
TURN 312
COMMAND LEFT START
COMMAND LEFT END
COMMAND RIGHT START
MOVE B290 109
MOVE B291 109
TRAIN 2
COMMAND RIGHT END
TURN 312 RESULT
TIME LEFT 0 5 RIGHT 0 5
TRAIN B292 B293
MOVE B233 58
MOVE B234 58
MOVE B235 58
MOVE B236 58
MOVE B237 58
MOVE B238 58
MOVE B239 58
MOVE B240 58
MOVE B241 58
MOVE B242 58
MOVE B243 58
MOVE B244 58
MOVE B245 58
MOVE B246 58
MOVE B247 58
MOVE B248 58
MOVE B249 58
MOVE B250 58
MOVE B251 58
MOVE B252 58
MOVE B253 58
MOVE B254 58
MOVE B255 6
MOVE B256 6
MOVE B257 6
MOVE B258 6
MOVE B259 6
MOVE B260 6
MOVE B261 6
MOVE B262 6
MOVE B263 6
MOVE B264 6
MOVE B265 6
MOVE B277 109
MOVE B278 109
MOVE B279 137
MOVE B280 137
MOVE B281 137
MOVE B282 160
MOVE B283 160
MOVE B284 173
MOVE B285 173
MOVE B286 181
MOVE B287 181
MOVE B288 196
MOVE B289 196
MOVE B290 212
MOVE B291 212
END TURN 312
TURN 313
COMMAND LEFT START
COMMAND LEFT END
COMMAND RIGHT START
MOVE B266 0
MOVE B267 0
MOVE B268 0
MOVE B269 0
MOVE B270 0
MOVE B271 0
MOVE B272 0
MOVE B273 0
MOVE B274 0
MOVE B275 0
MOVE B276 0
MOVE B277 0
COMMAND RIGHT END
TURN 313 RESULT
TIME LEFT 0 5 RIGHT 0 5
MOVE B233 81
MOVE B234 81
MOVE B235 81
MOVE B236 81
MOVE B237 81
MOVE B238 81
MOVE B239 81
MOVE B240 81
MOVE B241 81
MOVE B242 81
MOVE B243 81
MOVE B244 81
MOVE B245 81
MOVE B246 81
MOVE B247 81
MOVE B248 81
MOVE B249 81
MOVE B250 81
MOVE B251 81
MOVE B252 81
MOVE B253 81
MOVE B254 81
MOVE B255 0
MOVE B256 0
MOVE B257 0
MOVE B258 0
MOVE B259 0
MOVE B260 0
MOVE B261 0
MOVE B262 0
MOVE B263 0
MOVE B264 0
MOVE B265 0
MOVE B266 91
MOVE B267 91
MOVE B268 91
MOVE B269 91
MOVE B270 91
MOVE B271 91
MOVE B272 91
MOVE B273 91
MOVE B274 91
MOVE B275 91
MOVE B276 91
MOVE B277 91
MOVE B279 127
MOVE B280 127
MOVE B281 127
MOVE B282 137
MOVE B283 137
MOVE B284 160
MOVE B285 160
MOVE B286 173
MOVE B287 173
MOVE B288 181
MOVE B289 181
MOVE B290 196
MOVE B291 196
DAMAGE TURRET B255 3
SIEGE A 0 11
END TURN 313
TURN 314
COMMAND LEFT START
COMMAND LEFT END
COMMAND RIGHT START
MOVE B255 109
MOVE B256 109
MOVE B257 109
MOVE B258 109
MOVE B259 109
MOVE B260 109
MOVE B261 109
MOVE B262 109
MOVE B263 109
MOVE B264 109
MOVE B265 109
MOVE B292 109
MOVE B293 109
TRAIN 2
COMMAND RIGHT END
TURN 314 RESULT
TIME LEFT 0 5 RIGHT 0 5
TRAIN B294 B295
MOVE B233 91
MOVE B234 91
MOVE B235 91
MOVE B236 91
MOVE B237 91
MOVE B238 91
MOVE B239 91
MOVE B240 91
MOVE B241 91
MOVE B242 91
MOVE B243 91
MOVE B244 91
MOVE B245 91
MOVE B246 91
MOVE B247 91
MOVE B248 91
MOVE B249 91
MOVE B250 91
MOVE B251 91
MOVE B252 91
MOVE B253 91
MOVE B254 91
MOVE B255 6
MOVE B256 6
MOVE B257 6
MOVE B258 6
MOVE B259 6
MOVE B260 6
MOVE B261 6
MOVE B262 6
MOVE B263 6
MOVE B264 6
MOVE B265 6
MOVE B266 81
MOVE B267 81
MOVE B268 81
MOVE B269 81
MOVE B270 81
MOVE B271 81
MOVE B272 81
MOVE B273 81
MOVE B274 81
MOVE B275 81
MOVE B276 81
MOVE B277 81
MOVE B279 109
MOVE B280 109
MOVE B281 109
MOVE B282 127
MOVE B283 127
MOVE B284 137
MOVE B285 137
MOVE B286 160
MOVE B287 160
MOVE B288 173
MOVE B289 173
MOVE B290 181
MOVE B291 181
MOVE B292 212
MOVE B293 212
END TURN 314
TURN 315
COMMAND LEFT START
COMMAND LEFT END
COMMAND RIGHT START
MOVE B294 109
MOVE B295 109
TRAIN 2
COMMAND RIGHT END
TURN 315 RESULT
TIME LEFT 0 5 RIGHT 0 5
TRAIN B296 B297
MOVE B233 109
MOVE B234 109
MOVE B235 109
MOVE B236 109
MOVE B237 109
MOVE B238 109
MOVE B239 109
MOVE B240 109
MOVE B241 109
MOVE B242 109
MOVE B243 109
MOVE B244 109
MOVE B245 109
MOVE B246 109
MOVE B247 109
MOVE B248 109
MOVE B249 109
MOVE B250 109
MOVE B251 109
MOVE B252 109
MOVE B253 109
MOVE B254 109
MOVE B255 22
MOVE B256 22
MOVE B257 22
MOVE B258 22
MOVE B259 22
MOVE B260 22
MOVE B261 22
MOVE B262 22
MOVE B263 22
MOVE B264 22
MOVE B265 22
MOVE B266 58
MOVE B267 58
MOVE B268 58
MOVE B269 58
MOVE B270 58
MOVE B271 58
MOVE B272 58
MOVE B273 58
MOVE B274 58
MOVE B275 58
MOVE B276 58
MOVE B277 58
MOVE B282 109
MOVE B283 109
MOVE B284 127
MOVE B285 127
MOVE B286 137
MOVE B287 137
MOVE B288 160
MOVE B289 160
MOVE B290 173
MOVE B291 173
MOVE B292 196
MOVE B293 196
MOVE B294 212
MOVE B295 212
END TURN 315
TURN 316
COMMAND LEFT START
COMMAND LEFT END
COMMAND RIGHT START
MOVE B234 0
MOVE B235 0
MOVE B236 0
MOVE B237 0
MOVE B238 0
MOVE B239 0
MOVE B240 0
MOVE B241 0
MOVE B242 0
MOVE B243 0
MOVE B244 0
TRAIN 1
COMMAND RIGHT END
TURN 316 RESULT
TIME LEFT 0 5 RIGHT 0 5
TRAIN B298
MOVE B234 91
MOVE B235 91
MOVE B236 91
MOVE B237 91
MOVE B238 91
MOVE B239 91
MOVE B240 91
MOVE B241 91
MOVE B242 91
MOVE B243 91
MOVE B244 91
MOVE B255 37
MOVE B256 37
MOVE B257 37
MOVE B258 37
MOVE B259 37
MOVE B260 37
MOVE B261 37
MOVE B262 37
MOVE B263 37
MOVE B264 37
MOVE B265 37
MOVE B266 45
MOVE B267 45
MOVE B268 45
MOVE B269 45
MOVE B270 45
MOVE B271 45
MOVE B272 45
MOVE B273 45
MOVE B274 45
MOVE B275 45
MOVE B276 45
MOVE B277 45
MOVE B284 109
MOVE B285 109
MOVE B286 127
MOVE B287 127
MOVE B288 137
MOVE B289 137
MOVE B290 160
MOVE B291 160
MOVE B292 181
MOVE B293 181
MOVE B294 196
MOVE B295 196
END TURN 316
TURN 317
COMMAND LEFT START
COMMAND LEFT END
COMMAND RIGHT START
MOVE B245 0
MOVE B246 0
MOVE B247 0
MOVE B248 0
MOVE B249 0
MOVE B250 0
MOVE B251 0
MOVE B252 0
MOVE B253 0
MOVE B254 0
MOVE B278 0
MOVE B279 0
COMMAND RIGHT END
TURN 317 RESULT
TIME LEFT 0 5 RIGHT 0 5
MOVE B234 81
MOVE B235 81
MOVE B236 81
MOVE B237 81
MOVE B238 81
MOVE B239 81
MOVE B240 81
MOVE B241 81
MOVE B242 81
MOVE B243 81
MOVE B244 81
MOVE B245 91
MOVE B246 91
MOVE B247 91
MOVE B248 91
MOVE B249 91
MOVE B250 91
MOVE B251 91
MOVE B252 91
MOVE B253 91
MOVE B254 91
MOVE B255 45
MOVE B256 45
MOVE B257 45
MOVE B258 45
MOVE B259 45
MOVE B260 45
MOVE B261 45
MOVE B262 45
MOVE B263 45
MOVE B264 45
MOVE B265 45
MOVE B266 37
MOVE B267 37
MOVE B268 37
MOVE B269 37
MOVE B270 37
MOVE B271 37
MOVE B272 37
MOVE B273 37
MOVE B274 37
MOVE B275 37
MOVE B276 37
MOVE B277 37
MOVE B278 91
MOVE B279 91
MOVE B286 109
MOVE B287 109
MOVE B288 127
MOVE B289 127
MOVE B290 137
MOVE B291 137
MOVE B292 173
MOVE B293 173
MOVE B294 181
MOVE B295 181
END TURN 317
TURN 318
COMMAND LEFT START
COMMAND LEFT END
COMMAND RIGHT START
MOVE B296 109
MOVE B297 109
MOVE B298 109
TRAIN 2
COMMAND RIGHT END
TURN 318 RESULT
TIME LEFT 0 5 RIGHT 0 5
TRAIN B299 B300
MOVE B234 58
MOVE B235 58
MOVE B236 58
MOVE B237 58
MOVE B238 58
MOVE B239 58
MOVE B240 58
MOVE B241 58
MOVE B242 58
MOVE B243 58
MOVE B244 58
MOVE B245 81
MOVE B246 81
MOVE B247 81
MOVE B248 81
MOVE B249 81
MOVE B250 81
MOVE B251 81
MOVE B252 81
MOVE B253 81
MOVE B254 81
MOVE B255 58
MOVE B256 58
MOVE B257 58
MOVE B258 58
MOVE B259 58
MOVE B260 58
MOVE B261 58
MOVE B262 58
MOVE B263 58
MOVE B264 58
MOVE B265 58
MOVE B266 22
MOVE B267 22
MOVE B268 22
MOVE B269 22
MOVE B270 22
MOVE B271 22
MOVE B272 22
MOVE B273 22
MOVE B274 22
MOVE B275 22
MOVE B276 22
MOVE B277 22
MOVE B278 81
MOVE B279 81
MOVE B288 109
MOVE B289 109
MOVE B290 127
MOVE B291 127
MOVE B292 160
MOVE B293 160
MOVE B294 173
MOVE B295 173
MOVE B296 212
MOVE B297 212
MOVE B298 212
END TURN 318
TURN 319
COMMAND LEFT START
COMMAND LEFT END
COMMAND RIGHT START
MOVE B299 109
MOVE B300 109
TRAIN 2
COMMAND RIGHT END
TURN 319 RESULT
TIME LEFT 0 5 RIGHT 0 5
TRAIN B301 B302
MOVE B234 45
MOVE B235 45
MOVE B236 45
MOVE B237 45
MOVE B238 45
MOVE B239 45
MOVE B240 45
MOVE B241 45
MOVE B242 45
MOVE B243 45
MOVE B244 45
MOVE B245 58
MOVE B246 58
MOVE B247 58
MOVE B248 58
MOVE B249 58
MOVE B250 58
MOVE B251 58
MOVE B252 58
MOVE B253 58
MOVE B254 58
MOVE B255 81
MOVE B256 81
MOVE B257 81
MOVE B258 81
MOVE B259 81
MOVE B260 81
MOVE B261 81
MOVE B262 81
MOVE B263 81
MOVE B264 81
MOVE B265 81
MOVE B266 6
MOVE B267 6
MOVE B268 6
MOVE B269 6
MOVE B270 6
MOVE B271 6
MOVE B272 6
MOVE B273 6
MOVE B274 6
MOVE B275 6
MOVE B276 6
MOVE B277 6
MOVE B278 58
MOVE B279 58
MOVE B290 109
MOVE B291 109
MOVE B292 137
MOVE B293 137
MOVE B294 160
MOVE B295 160
MOVE B296 196
MOVE B297 196
MOVE B298 196
MOVE B299 212
MOVE B300 212
END TURN 319
TURN 320
COMMAND LEFT START
COMMAND LEFT END
COMMAND RIGHT START
MOVE B280 0
MOVE B281 0
MOVE B282 0
MOVE B283 0
MOVE B284 0
MOVE B285 0
MOVE B286 0
MOVE B287 0
MOVE B288 0
MOVE B289 0
MOVE B290 0
TRAIN 1
COMMAND RIGHT END
TURN 320 RESULT
TIME LEFT 0 5 RIGHT 0 5
TRAIN B303
MOVE B234 37
MOVE B235 37
MOVE B236 37
MOVE B237 37
MOVE B238 37
MOVE B239 37
MOVE B240 37
MOVE B241 37
MOVE B242 37
MOVE B243 37
MOVE B244 37
MOVE B245 45
MOVE B246 45
MOVE B247 45
MOVE B248 45
MOVE B249 45
MOVE B250 45
MOVE B251 45
MOVE B252 45
MOVE B253 45
MOVE B254 45
MOVE B255 91
MOVE B256 91
MOVE B257 91
MOVE B258 91
MOVE B259 91
MOVE B260 91
MOVE B261 91
MOVE B262 91
MOVE B263 91
MOVE B264 91
MOVE B265 91
MOVE B266 0
MOVE B267 0
MOVE B268 0
MOVE B269 0
MOVE B270 0
MOVE B271 0
MOVE B272 0
MOVE B273 0
MOVE B274 0
MOVE B275 0
MOVE B276 0
MOVE B277 0
MOVE B278 45
MOVE B279 45
MOVE B280 91
MOVE B281 91
MOVE B282 91
MOVE B283 91
MOVE B284 91
MOVE B285 91
MOVE B286 91
MOVE B287 91
MOVE B288 91
MOVE B289 91
MOVE B290 91
MOVE B292 127
MOVE B293 127
MOVE B294 137
MOVE B295 137
MOVE B296 181
MOVE B297 181
MOVE B298 181
MOVE B299 196
MOVE B300 196
DAMAGE TURRET B266 3
SIEGE A 0 12
END TURN 320
TURN 321
COMMAND LEFT START
COMMAND LEFT END
COMMAND RIGHT START
MOVE B266 109
MOVE B267 109
MOVE B268 109
MOVE B269 109
MOVE B270 109
MOVE B271 109
MOVE B272 109
MOVE B273 109
MOVE B274 109
MOVE B275 109
MOVE B276 109
MOVE B277 109
MOVE B301 109
MOVE B302 109
MOVE B303 109
TRAIN 1
COMMAND RIGHT END
TURN 321 RESULT
TIME LEFT 0 5 RIGHT 0 5
TRAIN B304
MOVE B234 22
MOVE B235 22
MOVE B236 22
MOVE B237 22
MOVE B238 22
MOVE B239 22
MOVE B240 22
MOVE B241 22
MOVE B242 22
MOVE B243 22
MOVE B244 22
MOVE B245 37
MOVE B246 37
MOVE B247 37
MOVE B248 37
MOVE B249 37
MOVE B250 37
MOVE B251 37
MOVE B252 37
MOVE B253 37
MOVE B254 37
MOVE B255 109
MOVE B256 109
MOVE B257 109
MOVE B258 109
MOVE B259 109
MOVE B260 109
MOVE B261 109
MOVE B262 109
MOVE B263 109
MOVE B264 109
MOVE B265 109
MOVE B266 6
MOVE B267 6
MOVE B268 6
MOVE B269 6
MOVE B270 6
MOVE B271 6
MOVE B272 6
MOVE B273 6
MOVE B274 6
MOVE B275 6
MOVE B276 6
MOVE B277 6
MOVE B278 37
MOVE B279 37
MOVE B280 81
MOVE B281 81
MOVE B282 81
MOVE B283 81
MOVE B284 81
MOVE B285 81
MOVE B286 81
MOVE B287 81
MOVE B288 81
MOVE B289 81
MOVE B290 81
MOVE B292 109
MOVE B293 109
MOVE B294 127
MOVE B295 127
MOVE B296 173
MOVE B297 173
MOVE B298 173
MOVE B299 181
MOVE B300 181
MOVE B301 212
MOVE B302 212
MOVE B303 212
END TURN 321
TURN 322
COMMAND LEFT START
COMMAND LEFT END
COMMAND RIGHT START
MOVE B256 0
MOVE B257 0
MOVE B258 0
MOVE B259 0
MOVE B260 0
MOVE B261 0
MOVE B262 0
MOVE B263 0
MOVE B264 0
MOVE B265 0
MOVE B291 0
TRAIN 1
COMMAND RIGHT END
TURN 322 RESULT
TIME LEFT 0 5 RIGHT 0 5
TRAIN B305
MOVE B234 6
MOVE B235 6
MOVE B236 6
MOVE B237 6
MOVE B238 6
MOVE B239 6
MOVE B240 6
MOVE B241 6
MOVE B242 6
MOVE B243 6
MOVE B244 6
MOVE B245 22
MOVE B246 22
MOVE B247 22
MOVE B248 22
MOVE B249 22
MOVE B250 22
MOVE B251 22
MOVE B252 22
MOVE B253 22
MOVE B254 22
MOVE B256 91
MOVE B257 91
MOVE B258 91
MOVE B259 91
MOVE B260 91
MOVE B261 91
MOVE B262 91
MOVE B263 91
MOVE B264 91
MOVE B265 91
MOVE B266 22
MOVE B267 22
MOVE B268 22
MOVE B269 22
MOVE B270 22
MOVE B271 22
MOVE B272 22
MOVE B273 22
MOVE B274 22
MOVE B275 22
MOVE B276 22
MOVE B277 22
MOVE B278 22
MOVE B279 22
MOVE B280 58
MOVE B281 58
MOVE B282 58
MOVE B283 58
MOVE B284 58
MOVE B285 58
MOVE B286 58
MOVE B287 58
MOVE B288 58
MOVE B289 58
MOVE B290 58
MOVE B291 91
MOVE B294 109
MOVE B295 109
MOVE B296 160
MOVE B297 160
MOVE B298 160
MOVE B299 173
MOVE B300 173
MOVE B301 196
MOVE B302 196
MOVE B303 196
END TURN 322
TURN 323
COMMAND LEFT START
COMMAND LEFT END
COMMAND RIGHT START
MOVE B304 109
MOVE B305 109
TRAIN 2
COMMAND RIGHT END
TURN 323 RESULT
TIME LEFT 0 5 RIGHT 0 5
TRAIN B306 B307
MOVE B234 0
MOVE B235 0
MOVE B236 0
MOVE B237 0
MOVE B238 0
MOVE B239 0
MOVE B240 0
MOVE B241 0
MOVE B242 0
MOVE B243 0
MOVE B244 0
MOVE B245 6
MOVE B246 6
MOVE B247 6
MOVE B248 6
MOVE B249 6
MOVE B250 6
MOVE B251 6
MOVE B252 6
MOVE B253 6
MOVE B254 6
MOVE B256 81
MOVE B257 81
MOVE B258 81
MOVE B259 81
MOVE B260 81
MOVE B261 81
MOVE B262 81
MOVE B263 81
MOVE B264 81
MOVE B265 81
MOVE B266 37
MOVE B267 37
MOVE B268 37
MOVE B269 37
MOVE B270 37
MOVE B271 37
MOVE B272 37
MOVE B273 37
MOVE B274 37
MOVE B275 37
MOVE B276 37
MOVE B277 37
MOVE B278 6
MOVE B279 6
MOVE B280 45
MOVE B281 45
MOVE B282 45
MOVE B283 45
MOVE B284 45
MOVE B285 45
MOVE B286 45
MOVE B287 45
MOVE B288 45
MOVE B289 45
MOVE B290 45
MOVE B291 81
MOVE B296 137
MOVE B297 137
MOVE B298 137
MOVE B299 160
MOVE B300 160
MOVE B301 181
MOVE B302 181
MOVE B303 181
MOVE B304 212
MOVE B305 212
DAMAGE TURRET B234 3
SIEGE A 0 3
END TURN 323
RESULT RIGHT_WIN HQ_DESTROYED
