[LEFT ""]
[RIGHT ""]
MAP
243 19
-11064 -10735 -10873 -10308 -10106 -9958 -8757 -8721 -8681 -8792 -9717 -9185 -8053 -7983 -7917 -9095 -7767 -7561 -7410 -8104 -8477 -7324 -7282 -7124 -7031 -6928 -6702 -6687 -6662 -7481 -6488 -7088 -6409 -6172 -6187 -6194 -5661 -5759 -5786 -5555 -5635 -5554 -5516 -5314 -5371 -5666 -5057 -5150 -5058 -4969 -5565 -4666 -4659 -4402 -4574 -4540 -4433 -4413 -4321 -4148 -4111 -4023 -3923 -4012 -3740 -3572 -4116 -3564 -3357 -3650 -3320 -3225 -3223 -3835 -2994 -3034 -3122 -3006 -3043 -3111 -2789 -2773 -2715 -2646 -2806 -2329 -2810 -2002 -2039 -2095 -2151 -1917 -2103 -1892 -1905 -1810 -1681 -1678 -1614 -1740 -1589 -1201 -1006 -1130 -1114 -1099 -1105 -803 -929 -948 -648 -686 -637 -646 -588 -482 -481 -131 67 -20 -116 0 116 20 -67 131 481 482 588 646 637 686 648 948 929 803 1105 1099 1114 1130 1006 1201 1589 1740 1614 1678 1681 1810 1905 1892 2103 1917 2151 2095 2039 2002 2810 2329 2806 2646 2715 2773 2789 3111 3043 3006 3122 3034 2994 3835 3223 3225 3320 3650 3357 3564 4116 3572 3740 4012 3923 4023 4111 4148 4321 4413 4433 4540 4574 4402 4659 4666 5565 4969 5058 5150 5057 5666 5371 5314 5516 5554 5635 5555 5786 5759 5661 6194 6187 6172 6409 7088 6488 7481 6662 6687 6702 6928 7031 7124 7282 7324 8477 8104 7410 7561 7767 9095 7917 7983 8053 9185 9717 8792 8681 8721 8757 9958 10106 10308 10873 10735 11064
1926 338 -977 -2148 3662 -3187 500 1418 -1034 2255 -4907 4428 -193 -3359 -1942 6092 2445 1144 4370 -5845 -7313 -4291 -921 5888 3209 -3108 -5086 514 -1948 7945 2157 -8456 4446 -616 -3852 -6133 3185 1213 5965 -4812 -2932 7393 -1774 4231 -6745 -9492 5214 2082 186 -3765 9382 6384 -2554 1214 -5340 -1091 -6418 3355 -7480 7674 2361 -4162 -3128 4649 -2005 -7950 -10033 5645 3757 260 6608 -5481 -6564 9793 7653 2833 1578 -4679 -2951 -1080 -8280 -3843 -12 4673 -10606 -1812 9931 -2938 997 2355 6055 -8696 -6726 -620 -4209 7528 -7819 3431 10940 -5230 4893 8688 6480 -10781 95 -2247 2095 -5753 -6792 -4165 5214 -1146 1176 -8223 3796 7925 -3348 2443 -9942 -6977 -4786 0 4786 6977 9942 -2443 3348 -7925 -3796 8223 -1176 1146 -5214 4165 6792 5753 -2095 2247 -95 10781 -6480 -8688 -4893 5230 -10940 -3431 7819 -7528 4209 620 6726 8696 -6055 -2355 -997 2938 -9931 1812 10606 -4673 12 3843 8280 1080 2951 4679 -1578 -2833 -7653 -9793 6564 5481 -6608 -260 -3757 -5645 10033 7950 2005 -4649 3128 4162 -2361 -7674 7480 -3355 6418 1091 5340 -1214 2554 -6384 -9382 3765 -186 -2082 -5214 9492 6745 -4231 1774 -7393 2932 4812 -5965 -1213 -3185 6133 3852 616 -4446 8456 -2157 -7945 1948 -514 5086 3108 -3209 -5888 921 4291 7313 5845 -4370 -1144 -2445 -6092 1942 3359 193 -4428 4907 -2255 1034 -1418 -500 3187 -3662 2148 977 -338 -1926
STRONGHOLDS 8 10 15 16 36 56 93 108 120 121 122 134 149 186 206 226 227 232 234
4 1 4 7 9
5 0 2 6 7 8
3 1 3 8
4 2 5 8 14
4 0 9 11 15
4 3 10 13 14
5 1 7 8 12 17
6 0 1 6 9 16 17
7 1 2 3 6 12 14 22
5 0 4 7 11 16
5 5 13 19 20 21
5 4 9 15 16 18
5 6 8 17 22 27
5 5 10 14 21 25
7 3 5 8 13 22 25 28
5 4 11 18 23 29
7 7 9 11 17 18 24 30
6 6 7 12 16 27 30
6 11 15 16 23 24 32
5 10 20 21 26 35
4 10 19 31 35
6 10 13 19 25 26 34
6 8 12 14 27 28 33
6 15 18 29 32 38 41
5 16 18 30 32 36
6 13 14 21 28 34 40
5 19 21 34 35 39
7 12 17 22 30 33 37 48
6 14 22 25 33 40 42
4 15 23 41 50
7 16 17 24 27 36 37 47
4 20 35 44 45
7 18 23 24 36 38 43 46
6 22 27 28 42 48 55
6 21 25 26 39 40 49
7 19 20 26 31 39 44 54
6 24 30 32 43 47 57
5 27 30 47 48 53
5 23 32 41 46 51
5 26 34 35 49 54
6 25 28 34 42 49 52
6 23 29 38 50 51 59
5 28 33 40 52 55
5 32 36 46 57 63
6 31 35 45 54 56 58
5 31 44 58 65 66
6 32 38 43 51 63 67
6 30 36 37 53 57 60
6 27 33 37 53 55 69
7 34 39 40 52 54 61 62
4 29 41 59 73
6 38 41 46 59 67 70
6 40 42 49 55 62 64
6 37 47 48 60 69 76
7 35 39 44 49 56 61 71
7 33 42 48 52 64 69 79
5 44 54 58 71 72
7 36 43 47 60 63 68 75
5 44 45 56 65 72
6 41 50 51 70 73 74
5 47 53 57 75 76
6 49 54 62 71 77 81
6 49 52 61 64 78 81
6 43 46 57 67 68 83
6 52 55 62 78 79 85
5 45 58 66 72 80
4 45 65 80 84
6 46 51 63 70 83 90
5 57 63 75 83 97
6 48 53 55 76 79 82
6 51 59 67 74 90 95
7 54 56 61 72 77 92 99
6 56 58 65 71 80 92
5 50 59 74 86 98
6 59 70 73 86 95 101
6 57 60 68 76 89 97
7 53 60 69 75 82 88 89
5 61 71 81 94 99
5 62 64 81 85 87
6 55 64 69 82 85 93
7 65 66 72 84 91 92 96
6 61 62 77 78 87 94
5 69 76 79 88 93
6 63 67 68 90 97 100
4 66 80 91 103
7 64 78 79 87 93 105 111
4 73 74 98 101
7 78 81 85 94 105 109 116
7 76 82 89 93 104 106 112
5 75 76 88 97 106
6 67 70 83 95 100 102
6 80 84 96 103 113 118
7 71 72 80 96 99 107 108
6 79 82 85 88 104 111
5 77 81 87 99 109
6 70 74 90 101 102 115
5 80 91 92 108 113
7 68 75 83 89 100 106 114
5 73 86 101 124 139
6 71 77 92 94 107 109
6 83 90 97 102 110 114
6 74 86 95 98 115 124
6 90 95 100 110 115 123
4 84 91 118 144
5 88 93 111 112 121
5 85 87 111 116 125
6 88 89 97 112 114 117
7 92 99 108 109 119 120 132
5 92 96 107 113 119
6 87 94 99 107 116 120
6 100 102 114 122 123 135
7 85 93 104 105 121 125 130
6 88 104 106 117 121 131
6 91 96 108 118 119 127
7 97 100 106 110 117 122 126
6 95 101 102 123 124 129
6 87 105 109 120 125 128
6 106 112 114 126 131 137
6 91 103 113 127 141 144
6 107 108 113 127 132 140
5 107 109 116 128 132
6 104 111 112 130 131 138
5 110 114 126 133 135
6 102 110 115 129 134 135
6 98 101 115 129 139 151
6 105 111 116 128 130 136
6 114 117 122 133 137 155
6 113 118 119 140 141 147
7 116 120 125 132 136 142 145
6 115 123 124 134 146 151
6 111 121 125 136 138 154
7 112 117 121 137 138 149 157
6 107 119 120 128 140 142
6 122 126 135 143 148 155
5 123 129 135 146 150
7 110 122 123 133 134 143 150
6 125 128 130 145 153 154
5 117 126 131 155 157
5 121 130 131 149 154
4 98 124 151 158
6 119 127 132 142 147 152
6 118 127 144 147 156 168
6 128 132 140 145 152 159
6 133 135 148 150 165 171
5 103 118 141 156 169
7 128 136 142 153 159 167 174
5 129 134 150 151 162
6 127 140 141 152 168 172
5 133 143 155 161 165
6 131 138 154 157 160 163
7 134 135 143 146 162 170 171
6 124 129 139 146 158 162
6 140 142 147 159 172 175
5 136 145 154 166 167
7 130 136 138 149 153 160 166
7 126 133 137 148 157 161 164
4 141 144 168 169
7 131 137 149 155 163 164 178
4 139 151 162 176
6 142 145 152 174 175 179
5 149 154 163 166 173
6 148 155 164 165 180 181
7 146 150 151 158 170 176 177
6 149 157 160 173 178 187
5 155 157 161 178 180
5 143 148 161 171 181
7 153 154 160 167 173 182 189
6 145 153 166 174 182 185
6 141 147 156 169 172 183
5 144 156 168 183 192
6 150 162 171 177 184 186
7 143 150 165 170 181 186 188
6 147 152 168 175 183 191
6 160 163 166 187 189 194
5 145 159 167 179 185
6 152 159 172 179 191 196
4 158 162 177 197
5 162 170 176 184 197
6 157 163 164 180 187 190
6 159 174 175 185 196 199
6 161 164 178 181 190 193
6 161 165 171 180 188 193
5 166 167 185 189 195
6 168 169 172 191 192 201
5 170 177 186 197 198
7 167 174 179 182 195 199 206
5 170 171 184 188 198
7 163 173 178 190 194 200 209
7 171 181 186 193 198 203 207
6 166 173 182 194 195 205
6 178 180 187 193 200 202
6 172 175 183 196 201 204
4 169 183 201 213
7 180 181 188 190 202 203 208
6 173 187 189 205 209 215
6 182 185 189 205 206 212
6 175 179 191 199 204 210
5 176 177 184 198 211
6 184 186 188 197 207 211
5 179 185 196 206 210
5 187 190 202 209 214
6 183 191 192 204 213 219
6 190 193 200 208 214 217
5 188 193 207 208 216
5 191 196 201 210 219
5 189 194 195 212 215
6 185 195 199 210 212 218
7 188 198 203 211 216 222 223
6 193 202 203 216 217 221
6 187 194 200 214 215 220
7 196 199 204 206 218 219 224
4 197 198 207 222
7 195 205 206 215 218 225 226
4 192 201 219 227
6 200 202 209 217 220 228
7 194 205 209 212 220 225 230
5 203 207 208 221 223
6 202 208 214 221 228 229
5 206 210 212 224 226
6 201 204 210 213 224 227
6 209 214 215 228 230 234
6 208 216 217 223 229 232
4 207 211 223 232
5 207 216 221 222 232
6 210 218 219 226 227 231
6 212 215 226 230 235 236
7 212 218 224 225 231 233 235
5 213 219 224 231 238
7 214 217 220 229 234 237 239
5 217 221 228 232 237
5 215 220 225 234 236
5 224 226 227 233 238
5 221 222 223 229 237
5 226 231 235 238 242
7 220 228 230 236 239 240 241
6 225 226 233 236 241 242
5 225 230 234 235 241
4 228 229 232 239
4 227 231 233 242
4 228 234 237 240
3 234 239 241
5 234 235 236 240 242
4 233 235 238 241
END MAP
TURN 1
COMMAND LEFT START
UPGRADE 0
COMMAND LEFT END
COMMAND RIGHT START
MOVE B1 226
MOVE B2 121
COMMAND RIGHT END
TURN 1 RESULT
TIME LEFT 0 5 RIGHT 1 5
UPGRADE A 0
MOVE B1 233
MOVE B2 235
END TURN 1
TURN 2
COMMAND LEFT START
MOVE A3 8
COMMAND LEFT END
COMMAND RIGHT START
COMMAND RIGHT END
TURN 2 RESULT
TIME LEFT 0 5 RIGHT 0 5
MOVE A3 1
MOVE B1 226
MOVE B2 225
END TURN 2
TURN 3
COMMAND LEFT START
COMMAND LEFT END
COMMAND RIGHT START
UPGRADE 226
COMMAND RIGHT END
TURN 3 RESULT
TIME LEFT 0 5 RIGHT 0 5
UPGRADE B 226
MOVE A3 8
MOVE B2 215
END TURN 3
TURN 4
COMMAND LEFT START
COMMAND LEFT END
COMMAND RIGHT START
COMMAND RIGHT END
TURN 4 RESULT
TIME LEFT 0 5 RIGHT 0 5
MOVE B2 194
END TURN 4
TURN 5
COMMAND LEFT START
COMMAND LEFT END
COMMAND RIGHT START
COMMAND RIGHT END
TURN 5 RESULT
TIME LEFT 0 5 RIGHT 0 5
MOVE B2 173
END TURN 5
TURN 6
COMMAND LEFT START
COMMAND LEFT END
COMMAND RIGHT START
COMMAND RIGHT END
TURN 6 RESULT
TIME LEFT 0 5 RIGHT 0 5
MOVE B2 160
END TURN 6
TURN 7
COMMAND LEFT START
COMMAND LEFT END
COMMAND RIGHT START
COMMAND RIGHT END
TURN 7 RESULT
TIME LEFT 0 5 RIGHT 0 5
MOVE B2 149
END TURN 7
TURN 8
COMMAND LEFT START
COMMAND LEFT END
COMMAND RIGHT START
COMMAND RIGHT END
TURN 8 RESULT
TIME LEFT 0 5 RIGHT 0 5
MOVE B2 138
END TURN 8
TURN 9
COMMAND LEFT START
COMMAND LEFT END
COMMAND RIGHT START
COMMAND RIGHT END
TURN 9 RESULT
TIME LEFT 0 5 RIGHT 0 5
MOVE B2 121
END TURN 9
TURN 10
COMMAND LEFT START
COMMAND LEFT END
COMMAND RIGHT START
COMMAND RIGHT END
TURN 10 RESULT
TIME LEFT 0 5 RIGHT 0 5
END TURN 10
TURN 11
COMMAND LEFT START
COMMAND LEFT END
COMMAND RIGHT START
COMMAND RIGHT END
TURN 11 RESULT
TIME LEFT 0 5 RIGHT 0 5
END TURN 11
TURN 12
COMMAND LEFT START
COMMAND LEFT END
COMMAND RIGHT START
COMMAND RIGHT END
TURN 12 RESULT
TIME LEFT 0 5 RIGHT 0 5
END TURN 12
TURN 13
COMMAND LEFT START
COMMAND LEFT END
COMMAND RIGHT START
COMMAND RIGHT END
TURN 13 RESULT
TIME LEFT 0 5 RIGHT 0 5
END TURN 13
TURN 14
COMMAND LEFT START
COMMAND LEFT END
COMMAND RIGHT START
UPGRADE 121
COMMAND RIGHT END
TURN 14 RESULT
TIME LEFT 0 5 RIGHT 0 5
UPGRADE B 121
END TURN 14
TURN 15
COMMAND LEFT START
COMMAND LEFT END
COMMAND RIGHT START
COMMAND RIGHT END
TURN 15 RESULT
TIME LEFT 0 5 RIGHT 0 5
END TURN 15
TURN 16
COMMAND LEFT START
UPGRADE 8
COMMAND LEFT END
COMMAND RIGHT START
COMMAND RIGHT END
TURN 16 RESULT
TIME LEFT 0 5 RIGHT 0 5
UPGRADE A 8
END TURN 16
TURN 17
COMMAND LEFT START
COMMAND LEFT END
COMMAND RIGHT START
TRAIN 1
COMMAND RIGHT END
TURN 17 RESULT
TIME LEFT 0 5 RIGHT 0 5
TRAIN B4
END TURN 17
TURN 18
COMMAND LEFT START
COMMAND LEFT END
COMMAND RIGHT START
COMMAND RIGHT END
TURN 18 RESULT
TIME LEFT 0 5 RIGHT 0 5
END TURN 18
TURN 19
COMMAND LEFT START
COMMAND LEFT END
COMMAND RIGHT START
COMMAND RIGHT END
TURN 19 RESULT
TIME LEFT 0 5 RIGHT 0 5
END TURN 19
TURN 20
COMMAND LEFT START
COMMAND LEFT END
COMMAND RIGHT START
COMMAND RIGHT END
TURN 20 RESULT
TIME LEFT 0 5 RIGHT 0 5
END TURN 20
TURN 21
COMMAND LEFT START
COMMAND LEFT END
COMMAND RIGHT START
COMMAND RIGHT END
TURN 21 RESULT
TIME LEFT 0 5 RIGHT 0 5
END TURN 21
TURN 22
COMMAND LEFT START
COMMAND LEFT END
COMMAND RIGHT START
COMMAND RIGHT END
TURN 22 RESULT
TIME LEFT 0 5 RIGHT 0 5
END TURN 22
TURN 23
COMMAND LEFT START
COMMAND LEFT END
COMMAND RIGHT START
COMMAND RIGHT END
TURN 23 RESULT
TIME LEFT 0 5 RIGHT 0 5
END TURN 23
TURN 24
COMMAND LEFT START
COMMAND LEFT END
COMMAND RIGHT START
COMMAND RIGHT END
TURN 24 RESULT
TIME LEFT 0 5 RIGHT 0 5
END TURN 24
TURN 25
COMMAND LEFT START
COMMAND LEFT END
COMMAND RIGHT START
COMMAND RIGHT END
TURN 25 RESULT
TIME LEFT 0 5 RIGHT 0 5
END TURN 25
TURN 26
COMMAND LEFT START
COMMAND LEFT END
COMMAND RIGHT START
COMMAND RIGHT END
TURN 26 RESULT
TIME LEFT 0 5 RIGHT 0 5
END TURN 26
TURN 27
COMMAND LEFT START
COMMAND LEFT END
COMMAND RIGHT START
COMMAND RIGHT END
TURN 27 RESULT
TIME LEFT 0 5 RIGHT 0 5
END TURN 27
TURN 28
COMMAND LEFT START
COMMAND LEFT END
COMMAND RIGHT START
COMMAND RIGHT END
TURN 28 RESULT
TIME LEFT 0 5 RIGHT 0 5
END TURN 28
TURN 29
COMMAND LEFT START
COMMAND LEFT END
COMMAND RIGHT START
MOVE B3 234
COMMAND RIGHT END
TURN 29 RESULT
TIME LEFT 0 5 RIGHT 0 5
MOVE B3 241
END TURN 29
TURN 30
COMMAND LEFT START
COMMAND LEFT END
COMMAND RIGHT START
COMMAND RIGHT END
TURN 30 RESULT
TIME LEFT 0 5 RIGHT 0 5
MOVE B3 234
END TURN 30
TURN 31
COMMAND LEFT START
UPGRADE 8
COMMAND LEFT END
COMMAND RIGHT START
UPGRADE 234
COMMAND RIGHT END
TURN 31 RESULT
TIME LEFT 0 5 RIGHT 0 5
UPGRADE A 8
UPGRADE B 234
END TURN 31
TURN 32
COMMAND LEFT START
COMMAND LEFT END
COMMAND RIGHT START
COMMAND RIGHT END
TURN 32 RESULT
TIME LEFT 0 5 RIGHT 0 5
END TURN 32
TURN 33
COMMAND LEFT START
COMMAND LEFT END
COMMAND RIGHT START
TRAIN 1
COMMAND RIGHT END
TURN 33 RESULT
TIME LEFT 0 5 RIGHT 0 5
TRAIN B5
END TURN 33
TURN 34
COMMAND LEFT START
TRAIN 1
COMMAND LEFT END
COMMAND RIGHT START
COMMAND RIGHT END
TURN 34 RESULT
TIME LEFT 0 5 RIGHT 0 5
TRAIN A4
END TURN 34
TURN 35
COMMAND LEFT START
MOVE A4 8
COMMAND LEFT END
COMMAND RIGHT START
COMMAND RIGHT END
TURN 35 RESULT
TIME LEFT 0 5 RIGHT 0 5
MOVE A4 1
END TURN 35
TURN 36
COMMAND LEFT START
COMMAND LEFT END
COMMAND RIGHT START
COMMAND RIGHT END
TURN 36 RESULT
TIME LEFT 0 5 RIGHT 0 5
MOVE A4 8
END TURN 36
TURN 37
COMMAND LEFT START
TRAIN 1
COMMAND LEFT END
COMMAND RIGHT START
COMMAND RIGHT END
TURN 37 RESULT
TIME LEFT 0 5 RIGHT 0 5
TRAIN A5
END TURN 37
TURN 38
COMMAND LEFT START
MOVE A5 15
COMMAND LEFT END
COMMAND RIGHT START
COMMAND RIGHT END
TURN 38 RESULT
TIME LEFT 0 5 RIGHT 0 5
MOVE A5 4
END TURN 38
TURN 39
COMMAND LEFT START
COMMAND LEFT END
COMMAND RIGHT START
COMMAND RIGHT END
TURN 39 RESULT
TIME LEFT 0 5 RIGHT 0 5
MOVE A5 15
END TURN 39
TURN 40
COMMAND LEFT START
COMMAND LEFT END
COMMAND RIGHT START
COMMAND RIGHT END
TURN 40 RESULT
TIME LEFT 0 5 RIGHT 0 5
END TURN 40
TURN 41
COMMAND LEFT START
COMMAND LEFT END
COMMAND RIGHT START
COMMAND RIGHT END
TURN 41 RESULT
TIME LEFT 0 5 RIGHT 0 5
END TURN 41
TURN 42
COMMAND LEFT START
COMMAND LEFT END
COMMAND RIGHT START
MOVE B5 227
COMMAND RIGHT END
TURN 42 RESULT
TIME LEFT 0 5 RIGHT 0 5
MOVE B5 238
END TURN 42
TURN 43
COMMAND LEFT START
COMMAND LEFT END
COMMAND RIGHT START
COMMAND RIGHT END
TURN 43 RESULT
TIME LEFT 0 5 RIGHT 0 5
MOVE B5 227
END TURN 43
TURN 44
COMMAND LEFT START
COMMAND LEFT END
COMMAND RIGHT START
UPGRADE 227
COMMAND RIGHT END
TURN 44 RESULT
TIME LEFT 0 5 RIGHT 0 5
UPGRADE B 227
END TURN 44
TURN 45
COMMAND LEFT START
COMMAND LEFT END
COMMAND RIGHT START
COMMAND RIGHT END
TURN 45 RESULT
TIME LEFT 0 5 RIGHT 0 5
END TURN 45
TURN 46
COMMAND LEFT START
COMMAND LEFT END
COMMAND RIGHT START
TRAIN 1
COMMAND RIGHT END
TURN 46 RESULT
TIME LEFT 0 5 RIGHT 0 5
TRAIN B6
END TURN 46
TURN 47
COMMAND LEFT START
UPGRADE 15
COMMAND LEFT END
COMMAND RIGHT START
COMMAND RIGHT END
TURN 47 RESULT
TIME LEFT 0 5 RIGHT 0 5
UPGRADE A 15
END TURN 47
TURN 48
COMMAND LEFT START
COMMAND LEFT END
COMMAND RIGHT START
COMMAND RIGHT END
TURN 48 RESULT
TIME LEFT 0 5 RIGHT 0 5
END TURN 48
TURN 49
COMMAND LEFT START
COMMAND LEFT END
COMMAND RIGHT START
COMMAND RIGHT END
TURN 49 RESULT
TIME LEFT 0 5 RIGHT 1 5
END TURN 49
TURN 50
COMMAND LEFT START
COMMAND LEFT END
COMMAND RIGHT START
COMMAND RIGHT END
TURN 50 RESULT
TIME LEFT 0 5 RIGHT 0 5
END TURN 50
TURN 51
COMMAND LEFT START
COMMAND LEFT END
COMMAND RIGHT START
COMMAND RIGHT END
TURN 51 RESULT
TIME LEFT 0 5 RIGHT 0 5
END TURN 51
TURN 52
COMMAND LEFT START
COMMAND LEFT END
COMMAND RIGHT START
COMMAND RIGHT END
TURN 52 RESULT
TIME LEFT 0 5 RIGHT 0 5
END TURN 52
TURN 53
COMMAND LEFT START
COMMAND LEFT END
COMMAND RIGHT START
COMMAND RIGHT END
TURN 53 RESULT
TIME LEFT 0 5 RIGHT 0 5
END TURN 53
TURN 54
COMMAND LEFT START
COMMAND LEFT END
COMMAND RIGHT START
COMMAND RIGHT END
TURN 54 RESULT
TIME LEFT 0 5 RIGHT 0 5
END TURN 54
TURN 55
COMMAND LEFT START
COMMAND LEFT END
COMMAND RIGHT START
UPGRADE 242
COMMAND RIGHT END
TURN 55 RESULT
TIME LEFT 0 5 RIGHT 0 5
UPGRADE B 242
END TURN 55
TURN 56
COMMAND LEFT START
UPGRADE 15
COMMAND LEFT END
COMMAND RIGHT START
COMMAND RIGHT END
TURN 56 RESULT
TIME LEFT 0 5 RIGHT 0 5
UPGRADE A 15
END TURN 56
TURN 57
COMMAND LEFT START
TRAIN 1
COMMAND LEFT END
COMMAND RIGHT START
COMMAND RIGHT END
TURN 57 RESULT
TIME LEFT 0 5 RIGHT 0 5
TRAIN A6
END TURN 57
TURN 58
COMMAND LEFT START
MOVE A6 15
COMMAND LEFT END
COMMAND RIGHT START
COMMAND RIGHT END
TURN 58 RESULT
TIME LEFT 0 5 RIGHT 0 5
MOVE A6 4
END TURN 58
TURN 59
COMMAND LEFT START
COMMAND LEFT END
COMMAND RIGHT START
COMMAND RIGHT END
TURN 59 RESULT
TIME LEFT 0 5 RIGHT 0 5
MOVE A6 15
END TURN 59
TURN 60
COMMAND LEFT START
COMMAND LEFT END
COMMAND RIGHT START
COMMAND RIGHT END
TURN 60 RESULT
TIME LEFT 0 5 RIGHT 0 5
END TURN 60
TURN 61
COMMAND LEFT START
COMMAND LEFT END
COMMAND RIGHT START
COMMAND RIGHT END
TURN 61 RESULT
TIME LEFT 0 5 RIGHT 0 5
END TURN 61
TURN 62
COMMAND LEFT START
COMMAND LEFT END
COMMAND RIGHT START
UPGRADE 234
COMMAND RIGHT END
TURN 62 RESULT
TIME LEFT 0 5 RIGHT 0 5
UPGRADE B 234
END TURN 62
TURN 63
COMMAND LEFT START
COMMAND LEFT END
COMMAND RIGHT START
COMMAND RIGHT END
TURN 63 RESULT
TIME LEFT 0 5 RIGHT 0 5
END TURN 63
TURN 64
COMMAND LEFT START
COMMAND LEFT END
COMMAND RIGHT START
TRAIN 1
COMMAND RIGHT END
TURN 64 RESULT
TIME LEFT 0 5 RIGHT 0 5
TRAIN B7
END TURN 64
TURN 65
COMMAND LEFT START
UPGRADE 8
COMMAND LEFT END
COMMAND RIGHT START
MOVE B4 234
COMMAND RIGHT END
TURN 65 RESULT
TIME LEFT 0 5 RIGHT 0 5
UPGRADE A 8
MOVE B4 241
END TURN 65
TURN 66
COMMAND LEFT START
COMMAND LEFT END
COMMAND RIGHT START
COMMAND RIGHT END
TURN 66 RESULT
TIME LEFT 0 5 RIGHT 0 5
MOVE B4 234
END TURN 66
TURN 67
COMMAND LEFT START
TRAIN 1
COMMAND LEFT END
COMMAND RIGHT START
COMMAND RIGHT END
TURN 67 RESULT
TIME LEFT 0 5 RIGHT 0 5
TRAIN A7
END TURN 67
TURN 68
COMMAND LEFT START
MOVE A7 8
COMMAND LEFT END
COMMAND RIGHT START
COMMAND RIGHT END
TURN 68 RESULT
TIME LEFT 0 5 RIGHT 0 5
MOVE A7 1
END TURN 68
TURN 69
COMMAND LEFT START
COMMAND LEFT END
COMMAND RIGHT START
COMMAND RIGHT END
TURN 69 RESULT
TIME LEFT 1 5 RIGHT 0 5
MOVE A7 8
END TURN 69
TURN 70
COMMAND LEFT START
COMMAND LEFT END
COMMAND RIGHT START
COMMAND RIGHT END
TURN 70 RESULT
TIME LEFT 0 5 RIGHT 0 5
END TURN 70
TURN 71
COMMAND LEFT START
COMMAND LEFT END
COMMAND RIGHT START
COMMAND RIGHT END
TURN 71 RESULT
TIME LEFT 0 5 RIGHT 0 5
END TURN 71
TURN 72
COMMAND LEFT START
COMMAND LEFT END
COMMAND RIGHT START
COMMAND RIGHT END
TURN 72 RESULT
TIME LEFT 0 5 RIGHT 0 5
END TURN 72
TURN 73
COMMAND LEFT START
COMMAND LEFT END
COMMAND RIGHT START
COMMAND RIGHT END
TURN 73 RESULT
TIME LEFT 0 5 RIGHT 0 5
END TURN 73
TURN 74
COMMAND LEFT START
UPGRADE 15
COMMAND LEFT END
COMMAND RIGHT START
COMMAND RIGHT END
TURN 74 RESULT
TIME LEFT 0 5 RIGHT 0 5
UPGRADE A 15
END TURN 74
TURN 75
COMMAND LEFT START
TRAIN 1
COMMAND LEFT END
COMMAND RIGHT START
UPGRADE 242
COMMAND RIGHT END
TURN 75 RESULT
TIME LEFT 0 5 RIGHT 0 5
UPGRADE B 242
TRAIN A8
END TURN 75
TURN 76
COMMAND LEFT START
MOVE A8 15
COMMAND LEFT END
COMMAND RIGHT START
COMMAND RIGHT END
TURN 76 RESULT
TIME LEFT 0 5 RIGHT 0 5
MOVE A8 4
END TURN 76
TURN 77
COMMAND LEFT START
COMMAND LEFT END
COMMAND RIGHT START
TRAIN 1
COMMAND RIGHT END
TURN 77 RESULT
TIME LEFT 0 5 RIGHT 0 5
TRAIN B8
MOVE A8 15
END TURN 77
TURN 78
COMMAND LEFT START
COMMAND LEFT END
COMMAND RIGHT START
COMMAND RIGHT END
TURN 78 RESULT
TIME LEFT 0 5 RIGHT 0 5
END TURN 78
TURN 79
COMMAND LEFT START
COMMAND LEFT END
COMMAND RIGHT START
COMMAND RIGHT END
TURN 79 RESULT
TIME LEFT 1 5 RIGHT 1 5
END TURN 79
TURN 80
COMMAND LEFT START
COMMAND LEFT END
COMMAND RIGHT START
COMMAND RIGHT END
TURN 80 RESULT
TIME LEFT 0 5 RIGHT 0 5
END TURN 80
TURN 81
COMMAND LEFT START
COMMAND LEFT END
COMMAND RIGHT START
COMMAND RIGHT END
TURN 81 RESULT
TIME LEFT 0 5 RIGHT 0 5
END TURN 81
TURN 82
COMMAND LEFT START
COMMAND LEFT END
COMMAND RIGHT START
UPGRADE 227
COMMAND RIGHT END
TURN 82 RESULT
TIME LEFT 0 5 RIGHT 0 5
UPGRADE B 227
END TURN 82
TURN 83
COMMAND LEFT START
COMMAND LEFT END
COMMAND RIGHT START
TRAIN 1
COMMAND RIGHT END
TURN 83 RESULT
TIME LEFT 0 5 RIGHT 0 5
TRAIN B9
END TURN 83
TURN 84
COMMAND LEFT START
COMMAND LEFT END
COMMAND RIGHT START
MOVE B6 227
COMMAND RIGHT END
TURN 84 RESULT
TIME LEFT 0 5 RIGHT 0 5
MOVE B6 238
END TURN 84
TURN 85
COMMAND LEFT START
UPGRADE 0
COMMAND LEFT END
COMMAND RIGHT START
COMMAND RIGHT END
TURN 85 RESULT
TIME LEFT 0 5 RIGHT 0 5
UPGRADE A 0
MOVE B6 227
END TURN 85
TURN 86
COMMAND LEFT START
TRAIN 1
COMMAND LEFT END
COMMAND RIGHT START
COMMAND RIGHT END
TURN 86 RESULT
TIME LEFT 0 5 RIGHT 0 5
TRAIN A9
END TURN 86
TURN 87
COMMAND LEFT START
COMMAND LEFT END
COMMAND RIGHT START
COMMAND RIGHT END
TURN 87 RESULT
TIME LEFT 0 5 RIGHT 0 5
END TURN 87
TURN 88
COMMAND LEFT START
COMMAND LEFT END
COMMAND RIGHT START
UPGRADE 226
COMMAND RIGHT END
TURN 88 RESULT
TIME LEFT 0 5 RIGHT 0 5
UPGRADE B 226
END TURN 88
TURN 89
COMMAND LEFT START
COMMAND LEFT END
COMMAND RIGHT START
TRAIN 1
COMMAND RIGHT END
TURN 89 RESULT
TIME LEFT 0 5 RIGHT 0 5
TRAIN B10
END TURN 89
TURN 90
COMMAND LEFT START
COMMAND LEFT END
COMMAND RIGHT START
MOVE B7 226
COMMAND RIGHT END
TURN 90 RESULT
TIME LEFT 0 5 RIGHT 0 5
MOVE B7 233
END TURN 90
TURN 91
COMMAND LEFT START
COMMAND LEFT END
COMMAND RIGHT START
COMMAND RIGHT END
TURN 91 RESULT
TIME LEFT 0 5 RIGHT 0 5
MOVE B7 226
END TURN 91
TURN 92
COMMAND LEFT START
COMMAND LEFT END
COMMAND RIGHT START
COMMAND RIGHT END
TURN 92 RESULT
TIME LEFT 0 5 RIGHT 0 5
END TURN 92
TURN 93
COMMAND LEFT START
COMMAND LEFT END
COMMAND RIGHT START
COMMAND RIGHT END
TURN 93 RESULT
TIME LEFT 0 5 RIGHT 0 5
END TURN 93
TURN 94
COMMAND LEFT START
COMMAND LEFT END
COMMAND RIGHT START
UPGRADE 121
COMMAND RIGHT END
TURN 94 RESULT
TIME LEFT 0 5 RIGHT 0 5
UPGRADE B 121
END TURN 94
TURN 95
COMMAND LEFT START
COMMAND LEFT END
COMMAND RIGHT START
TRAIN 1
COMMAND RIGHT END
TURN 95 RESULT
TIME LEFT 0 5 RIGHT 0 5
TRAIN B11
END TURN 95
TURN 96
COMMAND LEFT START
COMMAND LEFT END
COMMAND RIGHT START
MOVE B8 121
COMMAND RIGHT END
TURN 96 RESULT
TIME LEFT 0 5 RIGHT 0 5
MOVE B8 235
END TURN 96
TURN 97
COMMAND LEFT START
COMMAND LEFT END
COMMAND RIGHT START
COMMAND RIGHT END
TURN 97 RESULT
TIME LEFT 0 5 RIGHT 0 5
MOVE B8 225
END TURN 97
TURN 98
COMMAND LEFT START
COMMAND LEFT END
COMMAND RIGHT START
COMMAND RIGHT END
TURN 98 RESULT
TIME LEFT 0 5 RIGHT 0 5
MOVE B8 215
END TURN 98
TURN 99
COMMAND LEFT START
COMMAND LEFT END
COMMAND RIGHT START
UPGRADE 234
COMMAND RIGHT END
TURN 99 RESULT
TIME LEFT 0 5 RIGHT 0 5
UPGRADE B 234
MOVE B8 194
END TURN 99
TURN 100
COMMAND LEFT START
COMMAND LEFT END
COMMAND RIGHT START
TRAIN 1
COMMAND RIGHT END
TURN 100 RESULT
TIME LEFT 0 5 RIGHT 0 5
TRAIN B12
MOVE B8 173
END TURN 100
TURN 101
COMMAND LEFT START
COMMAND LEFT END
COMMAND RIGHT START
MOVE B9 234
COMMAND RIGHT END
TURN 101 RESULT
TIME LEFT 0 5 RIGHT 0 5
MOVE B8 160
MOVE B9 241
END TURN 101
TURN 102
COMMAND LEFT START
COMMAND LEFT END
COMMAND RIGHT START
COMMAND RIGHT END
TURN 102 RESULT
TIME LEFT 0 5 RIGHT 0 5
MOVE B8 149
MOVE B9 234
END TURN 102
TURN 103
COMMAND LEFT START
COMMAND LEFT END
COMMAND RIGHT START
COMMAND RIGHT END
TURN 103 RESULT
TIME LEFT 0 5 RIGHT 0 5
MOVE B8 138
END TURN 103
TURN 104
COMMAND LEFT START
UPGRADE 0
COMMAND LEFT END
COMMAND RIGHT START
COMMAND RIGHT END
TURN 104 RESULT
TIME LEFT 0 5 RIGHT 0 5
UPGRADE A 0
MOVE B8 121
END TURN 104
TURN 105
COMMAND LEFT START
TRAIN 1
COMMAND LEFT END
COMMAND RIGHT START
UPGRADE 227
TRAIN 1
COMMAND RIGHT END
TURN 105 RESULT
TIME LEFT 0 5 RIGHT 0 5
UPGRADE B 227
TRAIN A10 B13
END TURN 105
TURN 106
COMMAND LEFT START
COMMAND LEFT END
COMMAND RIGHT START
MOVE B10 227
COMMAND RIGHT END
TURN 106 RESULT
TIME LEFT 0 5 RIGHT 0 5
MOVE B10 238
END TURN 106
TURN 107
COMMAND LEFT START
COMMAND LEFT END
COMMAND RIGHT START
COMMAND RIGHT END
TURN 107 RESULT
TIME LEFT 0 5 RIGHT 0 5
MOVE B10 227
END TURN 107
TURN 108
COMMAND LEFT START
COMMAND LEFT END
COMMAND RIGHT START
COMMAND RIGHT END
TURN 108 RESULT
TIME LEFT 0 5 RIGHT 0 5
END TURN 108
TURN 109
COMMAND LEFT START
COMMAND LEFT END
COMMAND RIGHT START
UPGRADE 226
COMMAND RIGHT END
TURN 109 RESULT
TIME LEFT 0 5 RIGHT 0 5
UPGRADE B 226
END TURN 109
TURN 110
COMMAND LEFT START
COMMAND LEFT END
COMMAND RIGHT START
TRAIN 1
COMMAND RIGHT END
TURN 110 RESULT
TIME LEFT 1 5 RIGHT 0 5
TRAIN B14
END TURN 110
TURN 111
COMMAND LEFT START
COMMAND LEFT END
COMMAND RIGHT START
MOVE B11 226
COMMAND RIGHT END
TURN 111 RESULT
TIME LEFT 0 5 RIGHT 0 5
MOVE B11 233
END TURN 111
TURN 112
COMMAND LEFT START
COMMAND LEFT END
COMMAND RIGHT START
COMMAND RIGHT END
TURN 112 RESULT
TIME LEFT 0 5 RIGHT 0 5
MOVE B11 226
END TURN 112
TURN 113
COMMAND LEFT START
COMMAND LEFT END
COMMAND RIGHT START
UPGRADE 121
COMMAND RIGHT END
TURN 113 RESULT
TIME LEFT 0 5 RIGHT 0 5
UPGRADE B 121
END TURN 113
TURN 114
COMMAND LEFT START
COMMAND LEFT END
COMMAND RIGHT START
TRAIN 1
COMMAND RIGHT END
TURN 114 RESULT
TIME LEFT 0 5 RIGHT 0 5
TRAIN B15
END TURN 114
TURN 115
COMMAND LEFT START
COMMAND LEFT END
COMMAND RIGHT START
MOVE B12 121
COMMAND RIGHT END
TURN 115 RESULT
TIME LEFT 0 5 RIGHT 0 5
MOVE B12 235
END TURN 115
TURN 116
COMMAND LEFT START
COMMAND LEFT END
COMMAND RIGHT START
COMMAND RIGHT END
TURN 116 RESULT
TIME LEFT 0 5 RIGHT 0 5
MOVE B12 225
END TURN 116
TURN 117
COMMAND LEFT START
COMMAND LEFT END
COMMAND RIGHT START
COMMAND RIGHT END
TURN 117 RESULT
TIME LEFT 0 5 RIGHT 0 5
MOVE B12 215
END TURN 117
TURN 118
COMMAND LEFT START
COMMAND LEFT END
COMMAND RIGHT START
TRAIN 2
COMMAND RIGHT END
TURN 118 RESULT
TIME LEFT 0 5 RIGHT 0 5
TRAIN B16 B17
MOVE B12 194
END TURN 118
TURN 119
COMMAND LEFT START
COMMAND LEFT END
COMMAND RIGHT START
MOVE B17 206
COMMAND RIGHT END
TURN 119 RESULT
TIME LEFT 0 5 RIGHT 0 5
MOVE B12 173
MOVE B17 233
END TURN 119
TURN 120
COMMAND LEFT START
COMMAND LEFT END
COMMAND RIGHT START
TRAIN 2
COMMAND RIGHT END
TURN 120 RESULT
TIME LEFT 0 5 RIGHT 0 5
TRAIN B18 B19
MOVE B12 160
MOVE B17 226
END TURN 120
TURN 121
COMMAND LEFT START
COMMAND LEFT END
COMMAND RIGHT START
MOVE B19 232
COMMAND RIGHT END
TURN 121 RESULT
TIME LEFT 0 5 RIGHT 0 5
MOVE B12 149
MOVE B17 218
MOVE B19 241
END TURN 121
TURN 122
COMMAND LEFT START
COMMAND LEFT END
COMMAND RIGHT START
MOVE B18 186
COMMAND RIGHT END
TURN 122 RESULT
TIME LEFT 0 5 RIGHT 0 5
MOVE B12 138
MOVE B17 206
MOVE B18 241
MOVE B19 240
END TURN 122
TURN 123
COMMAND LEFT START
COMMAND LEFT END
COMMAND RIGHT START
UPGRADE 206
TRAIN 1
COMMAND RIGHT END
TURN 123 RESULT
TIME LEFT 0 5 RIGHT 0 5
UPGRADE B 206
TRAIN B20
MOVE B12 121
MOVE B18 234
MOVE B19 239
END TURN 123
TURN 124
COMMAND LEFT START
COMMAND LEFT END
COMMAND RIGHT START
MOVE B20 149
MOVE B16 121
COMMAND RIGHT END
TURN 124 RESULT
TIME LEFT 0 5 RIGHT 0 5
MOVE B16 235
MOVE B18 228
MOVE B19 237
MOVE B20 235
END TURN 124
TURN 125
COMMAND LEFT START
COMMAND LEFT END
COMMAND RIGHT START
UPGRADE 206
COMMAND RIGHT END
TURN 125 RESULT
TIME LEFT 0 5 RIGHT 0 5
UPGRADE B 206
MOVE B16 225
MOVE B18 217
MOVE B19 232
MOVE B20 225
END TURN 125
TURN 126
COMMAND LEFT START
COMMAND LEFT END
COMMAND RIGHT START
TRAIN 1
COMMAND RIGHT END
TURN 126 RESULT
TIME LEFT 0 5 RIGHT 0 5
TRAIN B21
MOVE B16 215
MOVE B18 208
MOVE B20 215
END TURN 126
TURN 127
COMMAND LEFT START
COMMAND LEFT END
COMMAND RIGHT START
MOVE B13 206
UPGRADE 232
COMMAND RIGHT END
TURN 127 RESULT
TIME LEFT 0 5 RIGHT 0 5
UPGRADE B 232
MOVE B13 233
MOVE B16 194
MOVE B18 203
MOVE B20 194
END TURN 127
TURN 128
COMMAND LEFT START
UPGRADE 0
COMMAND LEFT END
COMMAND RIGHT START
COMMAND RIGHT END
TURN 128 RESULT
TIME LEFT 0 5 RIGHT 0 5
UPGRADE A 0
MOVE B13 226
MOVE B16 173
MOVE B18 188
MOVE B20 173
END TURN 128
TURN 129
COMMAND LEFT START
TRAIN 1
COMMAND LEFT END
COMMAND RIGHT START
UPGRADE 232
COMMAND RIGHT END
TURN 129 RESULT
TIME LEFT 0 5 RIGHT 0 5
UPGRADE B 232
TRAIN A11
MOVE B13 218
MOVE B16 160
MOVE B18 186
MOVE B20 160
END TURN 129
TURN 130
COMMAND LEFT START
TRAIN 1
COMMAND LEFT END
COMMAND RIGHT START
TRAIN 1
COMMAND RIGHT END
TURN 130 RESULT
TIME LEFT 0 5 RIGHT 0 5
TRAIN A12 B22
MOVE B13 206
MOVE B16 149
MOVE B20 149
END TURN 130
TURN 131
COMMAND LEFT START
TRAIN 1
COMMAND LEFT END
COMMAND RIGHT START
MOVE B14 232
COMMAND RIGHT END
TURN 131 RESULT
TIME LEFT 0 5 RIGHT 0 5
TRAIN A13
MOVE B14 241
MOVE B16 138
END TURN 131
TURN 132
COMMAND LEFT START
TRAIN 1
COMMAND LEFT END
COMMAND RIGHT START
UPGRADE 149
COMMAND RIGHT END
TURN 132 RESULT
TIME LEFT 0 5 RIGHT 0 5
UPGRADE B 149
TRAIN A14
MOVE B14 240
MOVE B16 121
END TURN 132
TURN 133
COMMAND LEFT START
TRAIN 1
COMMAND LEFT END
COMMAND RIGHT START
COMMAND RIGHT END
TURN 133 RESULT
TIME LEFT 0 5 RIGHT 0 5
TRAIN A15
MOVE B14 239
END TURN 133
TURN 134
COMMAND LEFT START
TRAIN 1
COMMAND LEFT END
COMMAND RIGHT START
UPGRADE 186
COMMAND RIGHT END
TURN 134 RESULT
TIME LEFT 0 5 RIGHT 0 5
UPGRADE B 186
TRAIN A16
MOVE B14 237
END TURN 134
TURN 135
COMMAND LEFT START
TRAIN 1
COMMAND LEFT END
COMMAND RIGHT START
COMMAND RIGHT END
TURN 135 RESULT
TIME LEFT 0 5 RIGHT 0 5
TRAIN A17
MOVE B14 232
END TURN 135
TURN 136
COMMAND LEFT START
TRAIN 1
COMMAND LEFT END
COMMAND RIGHT START
UPGRADE 186
COMMAND RIGHT END
TURN 136 RESULT
TIME LEFT 0 5 RIGHT 0 5
UPGRADE B 186
TRAIN A18
END TURN 136
TURN 137
COMMAND LEFT START
TRAIN 1
COMMAND LEFT END
COMMAND RIGHT START
MOVE B2 186
COMMAND RIGHT END
TURN 137 RESULT
TIME LEFT 0 5 RIGHT 0 5
TRAIN A19
MOVE B2 131
END TURN 137
TURN 138
COMMAND LEFT START
TRAIN 1
COMMAND LEFT END
COMMAND RIGHT START
UPGRADE 149
COMMAND RIGHT END
TURN 138 RESULT
TIME LEFT 0 5 RIGHT 0 5
UPGRADE B 149
TRAIN A20
MOVE B2 137
END TURN 138
TURN 139
COMMAND LEFT START
TRAIN 1
COMMAND LEFT END
COMMAND RIGHT START
TRAIN 1
COMMAND RIGHT END
TURN 139 RESULT
TIME LEFT 0 5 RIGHT 0 5
TRAIN A21 B23
MOVE B2 155
END TURN 139
TURN 140
COMMAND LEFT START
TRAIN 1
COMMAND LEFT END
COMMAND RIGHT START
MOVE B15 149
COMMAND RIGHT END
TURN 140 RESULT
TIME LEFT 0 5 RIGHT 0 5
TRAIN A22
MOVE B2 161
MOVE B15 235
END TURN 140
TURN 141
COMMAND LEFT START
TRAIN 1
COMMAND LEFT END
COMMAND RIGHT START
COMMAND RIGHT END
TURN 141 RESULT
TIME LEFT 0 5 RIGHT 0 5
TRAIN A23
MOVE B2 165
MOVE B15 225
END TURN 141
TURN 142
COMMAND LEFT START
TRAIN 1
COMMAND LEFT END
COMMAND RIGHT START
COMMAND RIGHT END
TURN 142 RESULT
TIME LEFT 0 5 RIGHT 0 5
TRAIN A24
MOVE B2 171
MOVE B15 215
END TURN 142
TURN 143
COMMAND LEFT START
TRAIN 1
COMMAND LEFT END
COMMAND RIGHT START
COMMAND RIGHT END
TURN 143 RESULT
TIME LEFT 0 5 RIGHT 0 5
TRAIN A25
MOVE B2 186
MOVE B15 194
END TURN 143
TURN 144
COMMAND LEFT START
COMMAND LEFT END
COMMAND RIGHT START
COMMAND RIGHT END
TURN 144 RESULT
TIME LEFT 0 5 RIGHT 0 5
MOVE B15 173
END TURN 144
TURN 145
COMMAND LEFT START
TRAIN 1
COMMAND LEFT END
COMMAND RIGHT START
COMMAND RIGHT END
TURN 145 RESULT
TIME LEFT 0 5 RIGHT 0 5
TRAIN A26
MOVE B15 160
END TURN 145
TURN 146
COMMAND LEFT START
TRAIN 1
COMMAND LEFT END
COMMAND RIGHT START
UPGRADE 242
COMMAND RIGHT END
TURN 146 RESULT
TIME LEFT 0 5 RIGHT 0 5
UPGRADE B 242
TRAIN A27
MOVE B15 149
END TURN 146
TURN 147
COMMAND LEFT START
TRAIN 1
COMMAND LEFT END
COMMAND RIGHT START
TRAIN 1
COMMAND RIGHT END
TURN 147 RESULT
TIME LEFT 0 5 RIGHT 0 5
TRAIN A28 B24
END TURN 147
TURN 148
COMMAND LEFT START
TRAIN 1
COMMAND LEFT END
COMMAND RIGHT START
UPGRADE 232
COMMAND RIGHT END
TURN 148 RESULT
TIME LEFT 2 5 RIGHT 0 5
UPGRADE B 232
TRAIN A29
END TURN 148
TURN 149
COMMAND LEFT START
TRAIN 1
COMMAND LEFT END
COMMAND RIGHT START
TRAIN 1
COMMAND RIGHT END
TURN 149 RESULT
TIME LEFT 0 5 RIGHT 0 5
TRAIN A30 B25
END TURN 149
TURN 150
COMMAND LEFT START
TRAIN 1
COMMAND LEFT END
COMMAND RIGHT START
MOVE B21 232
COMMAND RIGHT END
TURN 150 RESULT
TIME LEFT 0 5 RIGHT 0 5
TRAIN A31
MOVE B21 241
END TURN 150
TURN 151
COMMAND LEFT START
COMMAND LEFT END
COMMAND RIGHT START
UPGRADE 206
TRAIN 1
COMMAND RIGHT END
TURN 151 RESULT
TIME LEFT 0 5 RIGHT 0 5
UPGRADE B 206
TRAIN B26
MOVE B21 240
END TURN 151
TURN 152
COMMAND LEFT START
TRAIN 1
COMMAND LEFT END
COMMAND RIGHT START
MOVE B22 206
COMMAND RIGHT END
TURN 152 RESULT
TIME LEFT 0 5 RIGHT 0 5
TRAIN A32
MOVE B21 239
MOVE B22 233
END TURN 152
TURN 153
COMMAND LEFT START
TRAIN 1
COMMAND LEFT END
COMMAND RIGHT START
UPGRADE 186
COMMAND RIGHT END
TURN 153 RESULT
TIME LEFT 0 5 RIGHT 0 5
UPGRADE B 186
TRAIN A33
MOVE B21 237
MOVE B22 226
END TURN 153
TURN 154
COMMAND LEFT START
TRAIN 1
COMMAND LEFT END
COMMAND RIGHT START
TRAIN 1
COMMAND RIGHT END
TURN 154 RESULT
TIME LEFT 0 5 RIGHT 0 5
TRAIN A34 B27
MOVE B21 232
MOVE B22 218
END TURN 154
TURN 155
COMMAND LEFT START
COMMAND LEFT END
COMMAND RIGHT START
MOVE B23 186
UPGRADE 149
COMMAND RIGHT END
TURN 155 RESULT
TIME LEFT 0 5 RIGHT 0 5
UPGRADE B 149
MOVE B22 206
MOVE B23 241
END TURN 155
TURN 156
COMMAND LEFT START
TRAIN 1
COMMAND LEFT END
COMMAND RIGHT START
TRAIN 1
COMMAND RIGHT END
TURN 156 RESULT
TIME LEFT 4 5 RIGHT 0 5
TRAIN A35 B28
MOVE B23 234
END TURN 156
TURN 157
COMMAND LEFT START
TRAIN 1
COMMAND LEFT END
COMMAND RIGHT START
MOVE B24 149
COMMAND RIGHT END
TURN 157 RESULT
TIME LEFT 2 5 RIGHT 0 5
TRAIN A36
MOVE B23 228
MOVE B24 235
END TURN 157
TURN 158
COMMAND LEFT START
TRAIN 1
COMMAND LEFT END
COMMAND RIGHT START
TRAIN 2
COMMAND RIGHT END
TURN 158 RESULT
TIME LEFT 0 5 RIGHT 0 5
TRAIN A37 B29 B30
MOVE B23 217
MOVE B24 225
END TURN 158
TURN 159
COMMAND LEFT START
COMMAND LEFT END
COMMAND RIGHT START
MOVE B30 120
MOVE B29 121
COMMAND RIGHT END
TURN 159 RESULT
TIME LEFT 0 5 RIGHT 0 5
MOVE B23 208
MOVE B24 215
MOVE B29 235
MOVE B30 233
END TURN 159
TURN 160
COMMAND LEFT START
TRAIN 1
COMMAND LEFT END
COMMAND RIGHT START
TRAIN 2
COMMAND RIGHT END
TURN 160 RESULT
TIME LEFT 0 5 RIGHT 0 5
TRAIN A38 B31 B32
MOVE B23 203
MOVE B24 194
MOVE B29 225
MOVE B30 226
END TURN 160
TURN 161
COMMAND LEFT START
TRAIN 1
COMMAND LEFT END
COMMAND RIGHT START
COMMAND RIGHT END
TURN 161 RESULT
TIME LEFT 0 5 RIGHT 0 5
TRAIN A39
MOVE B23 188
MOVE B24 173
MOVE B29 215
MOVE B30 212
END TURN 161
TURN 162
COMMAND LEFT START
COMMAND LEFT END
COMMAND RIGHT START
COMMAND RIGHT END
TURN 162 RESULT
TIME LEFT 0 5 RIGHT 0 5
MOVE B23 186
MOVE B24 160
MOVE B29 194
MOVE B30 195
END TURN 162
TURN 163
COMMAND LEFT START
TRAIN 1
COMMAND LEFT END
COMMAND RIGHT START
COMMAND RIGHT END
TURN 163 RESULT
TIME LEFT 0 5 RIGHT 0 5
TRAIN A40
MOVE B24 149
MOVE B29 173
MOVE B30 182
END TURN 163
TURN 164
COMMAND LEFT START
TRAIN 1
COMMAND LEFT END
COMMAND RIGHT START
COMMAND RIGHT END
TURN 164 RESULT
TIME LEFT 0 5 RIGHT 0 5
TRAIN A41
MOVE B29 160
MOVE B30 167
END TURN 164
TURN 165
COMMAND LEFT START
MOVE A12 16
COMMAND LEFT END
COMMAND RIGHT START
COMMAND RIGHT END
TURN 165 RESULT
TIME LEFT 0 5 RIGHT 0 5
MOVE A12 9
MOVE B29 149
MOVE B30 145
END TURN 165
TURN 166
COMMAND LEFT START
TRAIN 1
COMMAND LEFT END
COMMAND RIGHT START
MOVE B32 121
UPGRADE 242
COMMAND RIGHT END
TURN 166 RESULT
TIME LEFT 0 5 RIGHT 0 5
UPGRADE B 242
TRAIN A42
MOVE A12 16
MOVE B29 138
MOVE B30 128
MOVE B32 235
END TURN 166
TURN 167
COMMAND LEFT START
UPGRADE 16
COMMAND LEFT END
COMMAND RIGHT START
COMMAND RIGHT END
TURN 167 RESULT
TIME LEFT 0 5 RIGHT 0 5
UPGRADE A 16
MOVE B29 121
MOVE B30 120
MOVE B32 225
END TURN 167
TURN 168
COMMAND LEFT START
COMMAND LEFT END
COMMAND RIGHT START
UPGRADE 120
COMMAND RIGHT END
TURN 168 RESULT
TIME LEFT 0 5 RIGHT 0 5
UPGRADE B 120
MOVE B32 215
END TURN 168
TURN 169
COMMAND LEFT START
COMMAND LEFT END
COMMAND RIGHT START
UPGRADE 120
COMMAND RIGHT END
TURN 169 RESULT
TIME LEFT 0 5 RIGHT 0 5
UPGRADE B 120
MOVE B32 194
END TURN 169
TURN 170
COMMAND LEFT START
COMMAND LEFT END
COMMAND RIGHT START
MOVE B8 120
COMMAND RIGHT END
TURN 170 RESULT
TIME LEFT 0 5 RIGHT 0 5
MOVE B8 111
MOVE B32 173
END TURN 170
TURN 171
COMMAND LEFT START
COMMAND LEFT END
COMMAND RIGHT START
UPGRADE 120
COMMAND RIGHT END
TURN 171 RESULT
TIME LEFT 1 5 RIGHT 0 5
UPGRADE B 120
MOVE B8 105
MOVE B32 160
END TURN 171
TURN 172
COMMAND LEFT START
MOVE A13 36
COMMAND LEFT END
COMMAND RIGHT START
TRAIN 1
COMMAND RIGHT END
TURN 172 RESULT
TIME LEFT 1 5 RIGHT 0 5
TRAIN B33
MOVE A13 9
MOVE B8 116
MOVE B32 149
END TURN 172
TURN 173
COMMAND LEFT START
TRAIN 1
COMMAND LEFT END
COMMAND RIGHT START
MOVE B25 120
TRAIN 3
COMMAND RIGHT END
TURN 173 RESULT
TIME LEFT 0 5 RIGHT 0 5
TRAIN A43 B34 B35 B36
MOVE A13 16
MOVE B8 120
MOVE B25 233
MOVE B32 138
END TURN 173
TURN 174
COMMAND LEFT START
TRAIN 1
COMMAND LEFT END
COMMAND RIGHT START
MOVE B36 93
MOVE B35 122
MOVE B34 121
COMMAND RIGHT END
TURN 174 RESULT
TIME LEFT 0 5 RIGHT 0 5
TRAIN A44
MOVE A13 24
MOVE B25 226
MOVE B32 121
MOVE B34 235
MOVE B35 235
MOVE B36 233
END TURN 174
TURN 175
COMMAND LEFT START
COMMAND LEFT END
COMMAND RIGHT START
TRAIN 3
COMMAND RIGHT END
TURN 175 RESULT
TIME LEFT 0 5 RIGHT 0 5
TRAIN B37 B38 B39
MOVE A13 36
MOVE B25 212
MOVE B34 225
MOVE B35 225
MOVE B36 226
END TURN 175
TURN 176
COMMAND LEFT START
UPGRADE 36
COMMAND LEFT END
COMMAND RIGHT START
MOVE B39 108
MOVE B38 134
MOVE B37 121
COMMAND RIGHT END
TURN 176 RESULT
TIME LEFT 0 5 RIGHT 0 5
UPGRADE A 36
MOVE B25 195
MOVE B34 215
MOVE B35 215
MOVE B36 212
MOVE B37 235
MOVE B38 241
MOVE B39 233
END TURN 176
TURN 177
COMMAND LEFT START
COMMAND LEFT END
COMMAND RIGHT START
TRAIN 3
COMMAND RIGHT END
TURN 177 RESULT
TIME LEFT 0 5 RIGHT 0 5
TRAIN B40 B41 B42
MOVE B25 182
MOVE B34 194
MOVE B35 209
MOVE B36 195
MOVE B37 225
MOVE B38 234
MOVE B39 226
END TURN 177
TURN 178
COMMAND LEFT START
COMMAND LEFT END
COMMAND RIGHT START
MOVE B42 56
MOVE B41 36
MOVE B40 121
TRAIN 2
COMMAND RIGHT END
TURN 178 RESULT
TIME LEFT 0 5 RIGHT 0 5
TRAIN B43 B44
MOVE B25 167
MOVE B34 173
MOVE B35 200
MOVE B36 182
MOVE B37 215
MOVE B38 228
MOVE B39 218
MOVE B40 235
MOVE B41 235
MOVE B42 233
END TURN 178
TURN 179
COMMAND LEFT START
COMMAND LEFT END
COMMAND RIGHT START
MOVE B44 16
MOVE B43 121
TRAIN 3
COMMAND RIGHT END
TURN 179 RESULT
TIME LEFT 0 5 RIGHT 0 5
TRAIN B45 B46 B47
MOVE B25 145
MOVE B34 160
MOVE B35 190
MOVE B36 166
MOVE B37 194
MOVE B38 217
MOVE B39 210
MOVE B40 225
MOVE B41 225
MOVE B42 226
MOVE B43 235
MOVE B44 235
END TURN 179
TURN 180
COMMAND LEFT START
TRAIN 1
COMMAND LEFT END
COMMAND RIGHT START
MOVE B47 8
MOVE B46 10
MOVE B45 121
TRAIN 3
COMMAND RIGHT END
TURN 180 RESULT
TIME LEFT 0 5 RIGHT 0 5
TRAIN A45 B48 B49 B50
MOVE B25 128
MOVE B34 149
MOVE B35 180
MOVE B36 154
MOVE B37 173
MOVE B38 208
MOVE B39 196
MOVE B40 215
MOVE B41 215
MOVE B42 218
MOVE B43 225
MOVE B44 225
MOVE B45 235
MOVE B46 233
MOVE B47 233
END TURN 180
TURN 181
COMMAND LEFT START
MOVE A14 10
COMMAND LEFT END
COMMAND RIGHT START
MOVE B50 15
MOVE B49 121
MOVE B48 121
TRAIN 3
COMMAND RIGHT END
TURN 181 RESULT
TIME LEFT 0 5 RIGHT 0 5
TRAIN B51 B52 B53
MOVE A14 1
MOVE B25 120
MOVE B34 138
MOVE B35 161
MOVE B36 130
MOVE B37 160
MOVE B38 203
MOVE B39 175
MOVE B40 194
MOVE B41 194
MOVE B42 206
MOVE B43 215
MOVE B44 215
MOVE B45 225
MOVE B46 226
MOVE B47 226
MOVE B48 235
MOVE B49 235
MOVE B50 235
END TURN 181
TURN 182
COMMAND LEFT START
TRAIN 1
COMMAND LEFT END
COMMAND RIGHT START
MOVE B53 121
MOVE B52 121
MOVE B51 121
TRAIN 3
COMMAND RIGHT END
TURN 182 RESULT
TIME LEFT 0 5 RIGHT 0 5
TRAIN A46 B54 B55 B56
MOVE A14 2
MOVE B34 121
MOVE B35 148
MOVE B36 111
MOVE B37 149
MOVE B38 188
MOVE B39 152
MOVE B40 173
MOVE B41 173
MOVE B42 185
MOVE B43 194
MOVE B44 194
MOVE B45 215
MOVE B46 212
MOVE B47 212
MOVE B48 225
MOVE B49 225
MOVE B50 225
MOVE B51 235
MOVE B52 235
MOVE B53 235
END TURN 182
TURN 183
COMMAND LEFT START
TRAIN 1
COMMAND LEFT END
COMMAND RIGHT START
MOVE B56 121
MOVE B55 121
MOVE B54 121
TRAIN 3
COMMAND RIGHT END
TURN 183 RESULT
TIME LEFT 1 5 RIGHT 1 5
TRAIN A47 B57 B58 B59
MOVE A14 3
MOVE B35 133
MOVE B36 93
MOVE B37 138
MOVE B38 171
MOVE B39 140
MOVE B40 160
MOVE B41 160
MOVE B42 174
MOVE B43 173
MOVE B44 173
MOVE B45 194
MOVE B46 195
MOVE B47 195
MOVE B48 215
MOVE B49 215
MOVE B50 215
MOVE B51 225
MOVE B52 225
MOVE B53 225
MOVE B54 235
MOVE B55 235
MOVE B56 235
END TURN 183
TURN 184
COMMAND LEFT START
TRAIN 1
COMMAND LEFT END
COMMAND RIGHT START
MOVE B59 121
MOVE B58 121
MOVE B57 121
UPGRADE 93
TRAIN 3
COMMAND RIGHT END
TURN 184 RESULT
TIME LEFT 0 5 RIGHT 0 5
UPGRADE B 93
TRAIN A48 B60 B61 B62
MOVE A14 5
MOVE B35 122
MOVE B37 121
MOVE B38 150
MOVE B39 119
MOVE B40 149
MOVE B41 149
MOVE B42 159
MOVE B43 160
MOVE B44 160
MOVE B45 173
MOVE B46 182
MOVE B47 182
MOVE B48 194
MOVE B49 194
MOVE B50 194
MOVE B51 215
MOVE B52 215
MOVE B53 215
MOVE B54 225
MOVE B55 225
MOVE B56 225
MOVE B57 235
MOVE B58 235
MOVE B59 235
END TURN 184
TURN 185
COMMAND LEFT START
COMMAND LEFT END
COMMAND RIGHT START
MOVE B62 121
MOVE B61 121
MOVE B60 121
UPGRADE 122
UPGRADE 93
COMMAND RIGHT END
TURN 185 RESULT
TIME LEFT 0 5 RIGHT 0 5
UPGRADE B 93
UPGRADE B 122
MOVE A14 10
MOVE B38 134
MOVE B39 108
MOVE B40 138
MOVE B41 131
MOVE B42 142
MOVE B43 149
MOVE B44 149
MOVE B45 160
MOVE B46 167
MOVE B47 166
MOVE B48 173
MOVE B49 173
MOVE B50 173
MOVE B51 194
MOVE B52 194
MOVE B53 194
MOVE B54 215
MOVE B55 215
MOVE B56 215
MOVE B57 225
MOVE B58 225
MOVE B59 225
MOVE B60 235
MOVE B61 235
MOVE B62 235
END TURN 185
TURN 186
COMMAND LEFT START
UPGRADE 10
COMMAND LEFT END
COMMAND RIGHT START
MOVE B12 93
UPGRADE 108
COMMAND RIGHT END
TURN 186 RESULT
TIME LEFT 0 5 RIGHT 0 5
UPGRADE A 10
UPGRADE B 108
MOVE B12 104
MOVE B40 121
MOVE B41 112
MOVE B42 132
MOVE B43 138
MOVE B44 131
MOVE B45 149
MOVE B46 145
MOVE B47 154
MOVE B48 160
MOVE B49 160
MOVE B50 160
MOVE B51 173
MOVE B52 173
MOVE B53 173
MOVE B54 194
MOVE B55 194
MOVE B56 194
MOVE B57 215
MOVE B58 215
MOVE B59 215
MOVE B60 225
MOVE B61 225
MOVE B62 225
END TURN 186
TURN 187
COMMAND LEFT START
COMMAND LEFT END
COMMAND RIGHT START
UPGRADE 134
COMMAND RIGHT END
TURN 187 RESULT
TIME LEFT 0 5 RIGHT 0 5
UPGRADE B 134
MOVE B12 93
MOVE B41 106
MOVE B42 107
MOVE B43 121
MOVE B44 112
MOVE B45 138
MOVE B46 128
MOVE B47 130
MOVE B48 149
MOVE B49 149
MOVE B50 149
MOVE B51 160
MOVE B52 160
MOVE B53 160
MOVE B54 173
MOVE B55 173
MOVE B56 173
MOVE B57 194
MOVE B58 194
MOVE B59 194
MOVE B60 215
MOVE B61 215
MOVE B62 215
END TURN 187
TURN 188
COMMAND LEFT START
COMMAND LEFT END
COMMAND RIGHT START
UPGRADE 134
COMMAND RIGHT END
TURN 188 RESULT
TIME LEFT 0 5 RIGHT 0 5
UPGRADE B 134
MOVE B41 89
MOVE B42 92
MOVE B44 88
MOVE B45 121
MOVE B46 116
MOVE B47 111
MOVE B48 138
MOVE B49 138
MOVE B50 131
MOVE B51 149
MOVE B52 149
MOVE B53 149
MOVE B54 160
MOVE B55 160
MOVE B56 160
MOVE B57 173
MOVE B58 173
MOVE B59 173
MOVE B60 194
MOVE B61 194
MOVE B62 194
END TURN 188
TURN 189
COMMAND LEFT START
MOVE A15 93
COMMAND LEFT END
COMMAND RIGHT START
MOVE B16 134
COMMAND RIGHT END
TURN 189 RESULT
TIME LEFT 0 5 RIGHT 0 5
MOVE A15 7
MOVE B16 131
MOVE B41 75
MOVE B42 72
MOVE B44 76
MOVE B46 87
MOVE B47 93
MOVE B48 121
MOVE B49 121
MOVE B50 112
MOVE B51 138
MOVE B52 138
MOVE B53 138
MOVE B54 149
MOVE B55 149
MOVE B56 149
MOVE B57 160
MOVE B58 160
MOVE B59 160
MOVE B60 173
MOVE B61 173
MOVE B62 173
END TURN 189
TURN 190
COMMAND LEFT START
TRAIN 1
COMMAND LEFT END
COMMAND RIGHT START
UPGRADE 122
COMMAND RIGHT END
TURN 190 RESULT
TIME LEFT 1 5 RIGHT 0 5
UPGRADE B 122
TRAIN A49
MOVE A15 17
MOVE B16 137
MOVE B41 57
MOVE B42 56
MOVE B44 60
MOVE B46 78
MOVE B47 79
MOVE B50 106
MOVE B51 121
MOVE B52 121
MOVE B53 121
MOVE B54 138
MOVE B55 138
MOVE B56 138
MOVE B57 149
MOVE B58 149
MOVE B59 149
MOVE B60 160
MOVE B61 160
MOVE B62 160
END TURN 190
TURN 191
COMMAND LEFT START
TRAIN 1
COMMAND LEFT END
COMMAND RIGHT START
MOVE B29 122
UPGRADE 56
COMMAND RIGHT END
TURN 191 RESULT
TIME LEFT 1 5 RIGHT 1 5
UPGRADE B 56
TRAIN A50
MOVE A15 27
MOVE B16 126
MOVE B29 131
MOVE B41 36
MOVE B44 47
MOVE B46 62
MOVE B47 55
MOVE B50 89
MOVE B54 121
MOVE B55 121
MOVE B56 121
MOVE B57 138
MOVE B58 138
MOVE B59 138
MOVE B60 149
MOVE B61 149
MOVE B62 149
DAMAGE TURRET B41 1
DAMAGE COMBAT A13 1
DAMAGE COMBAT B41 1
END TURN 191
TURN 192
COMMAND LEFT START
TRAIN 1
COMMAND LEFT END
COMMAND RIGHT START
UPGRADE 108
COMMAND RIGHT END
TURN 192 RESULT
TIME LEFT 0 5 RIGHT 0 5
UPGRADE B 108
TRAIN A51
MOVE A15 48
MOVE B16 133
MOVE B29 137
MOVE B44 30
MOVE B46 49
MOVE B47 33
MOVE B50 75
MOVE B57 121
MOVE B58 121
MOVE B59 121
MOVE B60 138
MOVE B61 138
MOVE B62 138
DAMAGE TURRET B41 1
DAMAGE COMBAT A13 1
DAMAGE COMBAT B41 1
END TURN 192
TURN 193
COMMAND LEFT START
COMMAND LEFT END
COMMAND RIGHT START
MOVE B32 108
UPGRADE 56
COMMAND RIGHT END
TURN 193 RESULT
TIME LEFT 0 5 RIGHT 0 5
UPGRADE B 56
MOVE A15 69
MOVE B16 135
MOVE B29 126
MOVE B32 111
MOVE B44 16
MOVE B46 34
MOVE B47 22
MOVE B50 57
MOVE B60 121
MOVE B61 121
MOVE B62 121
DAMAGE TURRET B41 1
DAMAGE TURRET B44 1
DAMAGE COMBAT A12 1
DAMAGE COMBAT A13 1
DAMAGE COMBAT B41 1
DAMAGE COMBAT B44 1
END TURN 193
TURN 194
COMMAND LEFT START
MOVE A16 93
MOVE A17 93
MOVE A18 93
MOVE A19 93
MOVE A20 93
MOVE A21 56
MOVE A22 93
MOVE A23 93
MOVE A24 93
MOVE A25 93
MOVE A26 93
MOVE A27 93
MOVE A28 93
MOVE A29 93
MOVE A30 93
MOVE A31 93
MOVE A32 93
MOVE A33 93
MOVE A34 93
MOVE A35 93
MOVE A36 93
MOVE A37 93
MOVE A38 93
MOVE A39 93
MOVE A40 93
MOVE A41 93
MOVE A42 93
MOVE A43 93
MOVE A44 93
MOVE A45 93
MOVE A46 93
MOVE A47 93
MOVE A48 93
MOVE A49 93
MOVE A50 93
MOVE A51 93
TRAIN 1
COMMAND LEFT END
COMMAND RIGHT START
MOVE B34 56
COMMAND RIGHT END
TURN 194 RESULT
TIME LEFT 1 5 RIGHT 1 5
TRAIN A52
MOVE A15 82
MOVE A16 7
MOVE A17 7
MOVE A18 7
MOVE A19 7
MOVE A20 7
MOVE A21 1
MOVE A22 7
MOVE A23 7
MOVE A24 7
MOVE A25 7
MOVE A26 7
MOVE A27 7
MOVE A28 7
MOVE A29 7
MOVE A30 7
MOVE A31 7
MOVE A32 7
MOVE A33 7
MOVE A34 7
MOVE A35 7
MOVE A36 7
MOVE A37 7
MOVE A38 7
MOVE A39 7
MOVE A40 7
MOVE A41 7
MOVE A42 7
MOVE A43 7
MOVE A44 7
MOVE A45 7
MOVE A46 7
MOVE A47 7
MOVE A48 7
MOVE A49 7
MOVE A50 7
MOVE A51 7
MOVE B16 134
MOVE B29 122
MOVE B32 105
MOVE B34 111
MOVE B46 21
MOVE B47 8
MOVE B50 43
DAMAGE TURRET B41 1
DAMAGE TURRET B44 1
DAMAGE TURRET B47 2
DAMAGE COMBAT A3 1
DAMAGE COMBAT A12 1
DAMAGE COMBAT A13 1
DAMAGE COMBAT B41 1
DAMAGE COMBAT B44 1
DAMAGE COMBAT B47 3
END TURN 194
TURN 195
COMMAND LEFT START
COMMAND LEFT END
COMMAND RIGHT START
UPGRADE 134
COMMAND RIGHT END
TURN 195 RESULT
TIME LEFT 0 5 RIGHT 1 5
UPGRADE B 134
MOVE A15 93
MOVE A16 17
MOVE A17 17
MOVE A18 17
MOVE A19 17
MOVE A20 17
MOVE A21 8
MOVE A22 17
MOVE A23 17
MOVE A24 17
MOVE A25 17
MOVE A26 17
MOVE A27 17
MOVE A28 17
MOVE A29 17
MOVE A30 17
MOVE A31 17
MOVE A32 17
MOVE A33 17
MOVE A34 17
MOVE A35 17
MOVE A36 17
MOVE A37 17
MOVE A38 17
MOVE A39 17
MOVE A40 17
MOVE A41 17
MOVE A42 17
MOVE A43 17
MOVE A44 17
MOVE A45 17
MOVE A46 17
MOVE A47 17
MOVE A48 17
MOVE A49 17
MOVE A50 17
MOVE A51 17
MOVE B32 116
MOVE B34 105
MOVE B46 10
MOVE B50 32
DAMAGE TURRET A15 1
DAMAGE TURRET B44 1
DAMAGE TURRET B46 1
DAMAGE TURRET B47 2
DAMAGE COMBAT A3 1
DAMAGE COMBAT A12 1
DAMAGE COMBAT A14 1
DAMAGE COMBAT A15 2
DAMAGE COMBAT B12 1
DAMAGE COMBAT B44 1
DAMAGE COMBAT B46 1
DAMAGE COMBAT B47 1
END TURN 195
TURN 196
COMMAND LEFT START
COMMAND LEFT END
COMMAND RIGHT START
MOVE B37 134
UPGRADE 122
COMMAND RIGHT END
TURN 196 RESULT
TIME LEFT 0 5 RIGHT 0 5
UPGRADE B 122
MOVE A16 27
MOVE A17 27
MOVE A18 27
MOVE A19 27
MOVE A20 27
MOVE A21 14
MOVE A22 27
MOVE A23 27
MOVE A24 27
MOVE A25 27
MOVE A26 27
MOVE A27 27
MOVE A28 27
MOVE A29 27
MOVE A30 27
MOVE A31 27
MOVE A32 27
MOVE A33 27
MOVE A34 27
MOVE A35 27
MOVE A36 27
MOVE A37 27
MOVE A38 27
MOVE A39 27
MOVE A40 27
MOVE A41 27
MOVE A42 27
MOVE A43 27
MOVE A44 27
MOVE A45 27
MOVE A46 27
MOVE A47 27
MOVE A48 27
MOVE A49 27
MOVE A50 27
MOVE A51 27
MOVE B32 109
MOVE B34 87
MOVE B37 131
MOVE B50 18
DAMAGE TURRET A15 1
DAMAGE TURRET B44 1
DAMAGE TURRET B46 1
DAMAGE COMBAT A12 1
DAMAGE COMBAT A14 1
DAMAGE COMBAT A15 2
DAMAGE COMBAT B12 1
DAMAGE COMBAT B44 1
DAMAGE COMBAT B46 1
END TURN 196
TURN 197
COMMAND LEFT START
COMMAND LEFT END
COMMAND RIGHT START
MOVE B40 122
MOVE B62 36
MOVE B61 36
MOVE B60 36
MOVE B59 36
MOVE B58 36
MOVE B57 36
MOVE B56 36
MOVE B55 36
MOVE B54 36
MOVE B53 36
MOVE B52 36
MOVE B51 36
MOVE B49 36
MOVE B48 36
COMMAND RIGHT END
TURN 197 RESULT
TIME LEFT 0 5 RIGHT 0 5
MOVE A16 48
MOVE A17 48
MOVE A18 48
MOVE A19 48
MOVE A20 48
MOVE A21 25
MOVE A22 48
MOVE A23 48
MOVE A24 48
MOVE A25 48
MOVE A26 48
MOVE A27 48
MOVE A28 48
MOVE A29 48
MOVE A30 48
MOVE A31 48
MOVE A32 48
MOVE A33 48
MOVE A34 48
MOVE A35 48
MOVE A36 48
MOVE A37 48
MOVE A38 48
MOVE A39 48
MOVE A40 48
MOVE A41 48
MOVE A42 48
MOVE A43 48
MOVE A44 48
MOVE A45 48
MOVE A46 48
MOVE A47 48
MOVE A48 48
MOVE A49 48
MOVE A50 48
MOVE A51 48
MOVE B32 107
MOVE B34 81
MOVE B37 137
MOVE B40 131
MOVE B48 112
MOVE B49 112
MOVE B50 15
MOVE B51 112
MOVE B52 112
MOVE B53 112
MOVE B54 112
MOVE B55 112
MOVE B56 112
MOVE B57 112
MOVE B58 112
MOVE B59 112
MOVE B60 112
MOVE B61 112
MOVE B62 112
DAMAGE TURRET A15 1
DAMAGE TURRET B46 1
DAMAGE TURRET B50 2
DAMAGE COMBAT A5 1
DAMAGE COMBAT A14 1
DAMAGE COMBAT A15 1
DAMAGE COMBAT B12 1
DAMAGE COMBAT B46 1
DAMAGE COMBAT B50 3
END TURN 197
TURN 198
COMMAND LEFT START
TRAIN 1
COMMAND LEFT END
COMMAND RIGHT START
TRAIN 1
COMMAND RIGHT END
TURN 198 RESULT
TIME LEFT 0 5 RIGHT 0 5
TRAIN A53 B63
MOVE A16 69
MOVE A17 69
MOVE A18 69
MOVE A19 69
MOVE A20 69
MOVE A21 34
MOVE A22 69
MOVE A23 69
MOVE A24 69
MOVE A25 69
MOVE A26 69
MOVE A27 69
MOVE A28 69
MOVE A29 69
MOVE A30 69
MOVE A31 69
MOVE A32 69
MOVE A33 69
MOVE A34 69
MOVE A35 69
MOVE A36 69
MOVE A37 69
MOVE A38 69
MOVE A39 69
MOVE A40 69
MOVE A41 69
MOVE A42 69
MOVE A43 69
MOVE A44 69
MOVE A45 69
MOVE A46 69
MOVE A47 69
MOVE A48 69
MOVE A49 69
MOVE A50 69
MOVE A51 69
MOVE B32 108
MOVE B34 77
MOVE B37 126
MOVE B40 137
MOVE B48 106
MOVE B49 106
MOVE B51 106
MOVE B52 106
MOVE B53 106
MOVE B54 106
MOVE B55 106
MOVE B56 106
MOVE B57 106
MOVE B58 106
MOVE B59 106
MOVE B60 106
MOVE B61 106
MOVE B62 106
DAMAGE TURRET B46 1
DAMAGE TURRET B50 2
DAMAGE COMBAT A5 1
DAMAGE COMBAT A14 1
DAMAGE COMBAT B46 1
DAMAGE COMBAT B50 1
END TURN 198
TURN 199
COMMAND LEFT START
TRAIN 1
COMMAND LEFT END
COMMAND RIGHT START
MOVE B26 121
UPGRADE 108
COMMAND RIGHT END
TURN 199 RESULT
TIME LEFT 0 5 RIGHT 0 5
UPGRADE B 108
TRAIN A54
MOVE A16 82
MOVE A17 82
MOVE A18 82
MOVE A19 82
MOVE A20 82
MOVE A21 39
MOVE A22 82
MOVE A23 82
MOVE A24 82
MOVE A25 82
MOVE A26 82
MOVE A27 82
MOVE A28 82
MOVE A29 82
MOVE A30 82
MOVE A31 82
MOVE A32 82
MOVE A33 82
MOVE A34 82
MOVE A35 82
MOVE A36 82
MOVE A37 82
MOVE A38 82
MOVE A39 82
MOVE A40 82
MOVE A41 82
MOVE A42 82
MOVE A43 82
MOVE A44 82
MOVE A45 82
MOVE A46 82
MOVE A47 82
MOVE A48 82
MOVE A49 82
MOVE A50 82
MOVE A51 82
MOVE B26 235
MOVE B34 71
MOVE B37 133
MOVE B40 126
MOVE B48 89
MOVE B49 89
MOVE B51 89
MOVE B52 89
MOVE B53 89
MOVE B54 89
MOVE B55 89
MOVE B56 89
MOVE B57 89
MOVE B58 89
MOVE B59 89
MOVE B60 89
MOVE B61 89
MOVE B62 89
END TURN 199
TURN 200
COMMAND LEFT START
MOVE A52 121
COMMAND LEFT END
COMMAND RIGHT START
TRAIN 1
COMMAND RIGHT END
TURN 200 RESULT
TIME LEFT 1 5 RIGHT 0 5
TRAIN B64
MOVE A16 93
MOVE A17 93
MOVE A18 93
MOVE A19 93
MOVE A20 93
MOVE A21 54
MOVE A22 93
MOVE A23 93
MOVE A24 93
MOVE A25 93
MOVE A26 93
MOVE A27 93
MOVE A28 93
MOVE A29 93
MOVE A30 93
MOVE A31 93
MOVE A32 93
MOVE A33 93
MOVE A34 93
MOVE A35 93
MOVE A36 93
MOVE A37 93
MOVE A38 93
MOVE A39 93
MOVE A40 93
MOVE A41 93
MOVE A42 93
MOVE A43 93
MOVE A44 93
MOVE A45 93
MOVE A46 93
MOVE A47 93
MOVE A48 93
MOVE A49 93
MOVE A50 93
MOVE A51 93
MOVE A52 7
MOVE B26 225
MOVE B34 56
MOVE B37 135
MOVE B40 122
MOVE B48 75
MOVE B49 75
MOVE B51 75
MOVE B52 75
MOVE B53 75
MOVE B54 75
MOVE B55 75
MOVE B56 75
MOVE B57 75
MOVE B58 75
MOVE B59 75
MOVE B60 75
MOVE B61 75
MOVE B62 75
DAMAGE TURRET A16 1
DAMAGE COMBAT A16 2
DAMAGE COMBAT B12 3
DAMAGE COMBAT B36 8
SIEGE B 93 12
END TURN 200
TURN 201
COMMAND LEFT START
MOVE A17 56
MOVE A18 56
MOVE A19 56
MOVE A20 56
MOVE A22 56
MOVE A23 56
MOVE A24 56
MOVE A25 56
MOVE A26 56
MOVE A27 56
MOVE A28 56
MOVE A29 56
MOVE A30 56
MOVE A31 56
MOVE A32 56
MOVE A33 56
MOVE A34 56
MOVE A35 56
MOVE A36 56
MOVE A37 56
MOVE A38 56
MOVE A39 56
MOVE A40 56
UPGRADE 93
COMMAND LEFT END
COMMAND RIGHT START
MOVE B27 108
UPGRADE 56
TRAIN 1
COMMAND RIGHT END
TURN 201 RESULT
TIME LEFT 3 5 RIGHT 0 5
UPGRADE B 56
UPGRADE A 93
TRAIN B65
MOVE A17 85
MOVE A18 85
MOVE A19 85
MOVE A20 85
MOVE A21 56
MOVE A22 85
MOVE A23 85
MOVE A24 85
MOVE A25 85
MOVE A26 85
MOVE A27 85
MOVE A28 85
MOVE A29 85
MOVE A30 85
MOVE A31 85
MOVE A32 85
MOVE A33 85
MOVE A34 85
MOVE A35 85
MOVE A36 85
MOVE A37 85
MOVE A38 85
MOVE A39 85
MOVE A40 85
MOVE A52 17
MOVE B26 215
MOVE B27 233
MOVE B37 134
MOVE B48 57
MOVE B49 57
MOVE B51 57
MOVE B52 57
MOVE B53 57
MOVE B54 57
MOVE B55 57
MOVE B56 57
MOVE B57 57
MOVE B58 57
MOVE B59 57
MOVE B60 57
MOVE B61 57
MOVE B62 57
DAMAGE TURRET A21 2
DAMAGE COMBAT A21 2
DAMAGE COMBAT B34 1
END TURN 201
TURN 202
COMMAND LEFT START
MOVE A41 56
MOVE A42 56
MOVE A43 56
MOVE A44 56
MOVE A45 56
MOVE A46 56
MOVE A47 56
MOVE A48 56
MOVE A49 56
MOVE A50 56
MOVE A51 56
MOVE A53 56
COMMAND LEFT END
COMMAND RIGHT START
MOVE B65 121
TRAIN 1
COMMAND RIGHT END
TURN 202 RESULT
TIME LEFT 1 5 RIGHT 0 5
TRAIN B66
MOVE A17 78
MOVE A18 78
MOVE A19 78
MOVE A20 78
MOVE A22 78
MOVE A23 78
MOVE A24 78
MOVE A25 78
MOVE A26 78
MOVE A27 78
MOVE A28 78
MOVE A29 78
MOVE A30 78
MOVE A31 78
MOVE A32 78
MOVE A33 78
MOVE A34 78
MOVE A35 78
MOVE A36 78
MOVE A37 78
MOVE A38 78
MOVE A39 78
MOVE A40 78
MOVE A41 85
MOVE A42 85
MOVE A43 85
MOVE A44 85
MOVE A45 85
MOVE A46 85
MOVE A47 85
MOVE A48 85
MOVE A49 85
MOVE A50 85
MOVE A51 85
MOVE A52 27
MOVE A53 1
MOVE B26 194
MOVE B27 226
MOVE B48 36
MOVE B49 36
MOVE B51 36
MOVE B52 36
MOVE B53 36
MOVE B54 36
MOVE B55 36
MOVE B56 36
MOVE B57 36
MOVE B58 36
MOVE B59 36
MOVE B60 36
MOVE B61 36
MOVE B62 36
MOVE B65 235
DAMAGE TURRET A21 2
DAMAGE TURRET B48 1
DAMAGE COMBAT A13 4
DAMAGE COMBAT A21 2
DAMAGE COMBAT B34 1
DAMAGE COMBAT B48 1
SIEGE A 36 6
END TURN 202
TURN 203
COMMAND LEFT START
COMMAND LEFT END
COMMAND RIGHT START
MOVE B28 56
MOVE B48 121
MOVE B49 121
MOVE B51 121
MOVE B52 121
MOVE B53 121
MOVE B54 121
MOVE B55 121
MOVE B56 121
MOVE B57 121
MOVE B58 121
MOVE B59 121
MOVE B60 121
MOVE B61 121
UPGRADE 36
TRAIN 3
COMMAND RIGHT END
TURN 203 RESULT
TIME LEFT 0 5 RIGHT 0 5
UPGRADE B 36
TRAIN B67 B68 B69
MOVE A17 81
MOVE A18 81
MOVE A19 81
MOVE A20 81
MOVE A22 81
MOVE A23 81
MOVE A24 81
MOVE A25 81
MOVE A26 81
MOVE A27 81
MOVE A28 81
MOVE A29 81
MOVE A30 81
MOVE A31 81
MOVE A32 81
MOVE A33 81
MOVE A34 81
MOVE A35 81
MOVE A36 81
MOVE A37 81
MOVE A38 81
MOVE A39 81
MOVE A40 81
MOVE A41 78
MOVE A42 78
MOVE A43 78
MOVE A44 78
MOVE A45 78
MOVE A46 78
MOVE A47 78
MOVE A48 78
MOVE A49 78
MOVE A50 78
MOVE A51 78
MOVE A52 48
MOVE A53 8
MOVE B26 173
MOVE B27 218
MOVE B28 233
MOVE B48 57
MOVE B49 57
MOVE B51 57
MOVE B52 57
MOVE B53 57
MOVE B54 57
MOVE B55 57
MOVE B56 57
MOVE B57 57
MOVE B58 57
MOVE B59 57
MOVE B60 57
MOVE B61 57
MOVE B65 225
END TURN 203
TURN 204
COMMAND LEFT START
COMMAND LEFT END
COMMAND RIGHT START
MOVE B69 121
MOVE B68 121
MOVE B67 121
UPGRADE 36
COMMAND RIGHT END
TURN 204 RESULT
TIME LEFT 0 5 RIGHT 0 5
UPGRADE B 36
MOVE A17 77
MOVE A18 77
MOVE A19 77
MOVE A20 77
MOVE A22 77
MOVE A23 77
MOVE A24 77
MOVE A25 77
MOVE A26 77
MOVE A27 77
MOVE A28 77
MOVE A29 77
MOVE A30 77
MOVE A31 77
MOVE A32 77
MOVE A33 77
MOVE A34 77
MOVE A35 77
MOVE A36 77
MOVE A37 77
MOVE A38 77
MOVE A39 77
MOVE A40 77
MOVE A41 81
MOVE A42 81
MOVE A43 81
MOVE A44 81
MOVE A45 81
MOVE A46 81
MOVE A47 81
MOVE A48 81
MOVE A49 81
MOVE A50 81
MOVE A51 81
MOVE A52 69
MOVE A53 14
MOVE B26 160
MOVE B27 210
MOVE B28 226
MOVE B48 75
MOVE B49 75
MOVE B51 75
MOVE B52 75
MOVE B53 75
MOVE B54 75
MOVE B55 75
MOVE B56 75
MOVE B57 75
MOVE B58 75
MOVE B59 75
MOVE B60 75
MOVE B61 75
MOVE B65 215
MOVE B67 235
MOVE B68 235
MOVE B69 235
END TURN 204
TURN 205
COMMAND LEFT START
COMMAND LEFT END
COMMAND RIGHT START
TRAIN 1
COMMAND RIGHT END
TURN 205 RESULT
TIME LEFT 0 5 RIGHT 0 5
TRAIN B70
MOVE A17 71
MOVE A18 71
MOVE A19 71
MOVE A20 71
MOVE A22 71
MOVE A23 71
MOVE A24 71
MOVE A25 71
MOVE A26 71
MOVE A27 71
MOVE A28 71
MOVE A29 71
MOVE A30 71
MOVE A31 71
MOVE A32 71
MOVE A33 71
MOVE A34 71
MOVE A35 71
MOVE A36 71
MOVE A37 71
MOVE A38 71
MOVE A39 71
MOVE A40 71
MOVE A41 77
MOVE A42 77
MOVE A43 77
MOVE A44 77
MOVE A45 77
MOVE A46 77
MOVE A47 77
MOVE A48 77
MOVE A49 77
MOVE A50 77
MOVE A51 77
MOVE A52 82
MOVE A53 25
MOVE B26 149
MOVE B27 196
MOVE B28 218
MOVE B48 89
MOVE B49 89
MOVE B51 89
MOVE B52 89
MOVE B53 89
MOVE B54 89
MOVE B55 89
MOVE B56 89
MOVE B57 89
MOVE B58 89
MOVE B59 89
MOVE B60 89
MOVE B61 89
MOVE B65 194
MOVE B67 225
MOVE B68 225
MOVE B69 225
END TURN 205
TURN 206
COMMAND LEFT START
COMMAND LEFT END
COMMAND RIGHT START
MOVE B31 36
UPGRADE 36
TRAIN 2
COMMAND RIGHT END
TURN 206 RESULT
TIME LEFT 0 5 RIGHT 0 5
UPGRADE B 36
TRAIN B71 B72
MOVE A17 56
MOVE A18 56
MOVE A19 56
MOVE A20 56
MOVE A22 56
MOVE A23 56
MOVE A24 56
MOVE A25 56
MOVE A26 56
MOVE A27 56
MOVE A28 56
MOVE A29 56
MOVE A30 56
MOVE A31 56
MOVE A32 56
MOVE A33 56
MOVE A34 56
MOVE A35 56
MOVE A36 56
MOVE A37 56
MOVE A38 56
MOVE A39 56
MOVE A40 56
MOVE A41 71
MOVE A42 71
MOVE A43 71
MOVE A44 71
MOVE A45 71
MOVE A46 71
MOVE A47 71
MOVE A48 71
MOVE A49 71
MOVE A50 71
MOVE A51 71
MOVE A52 93
MOVE A53 34
MOVE B26 138
MOVE B27 175
MOVE B28 206
MOVE B31 235
MOVE B48 106
MOVE B49 106
MOVE B51 106
MOVE B52 106
MOVE B53 106
MOVE B54 106
MOVE B55 106
MOVE B56 106
MOVE B57 106
MOVE B58 106
MOVE B59 106
MOVE B60 106
MOVE B61 106
MOVE B65 173
MOVE B67 215
MOVE B68 215
MOVE B69 215
DAMAGE TURRET A17 2
DAMAGE COMBAT A17 2
DAMAGE COMBAT B34 6
DAMAGE COMBAT B42 8
SIEGE B 56 9
END TURN 206
TURN 207
COMMAND LEFT START
MOVE A54 122
COMMAND LEFT END
COMMAND RIGHT START
MOVE B33 36
MOVE B72 121
TRAIN 2
COMMAND RIGHT END
TURN 207 RESULT
TIME LEFT 0 5 RIGHT 0 5
TRAIN B73 B74
MOVE A41 56
MOVE A42 56
MOVE A43 56
MOVE A44 56
MOVE A45 56
MOVE A46 56
MOVE A47 56
MOVE A48 56
MOVE A49 56
MOVE A50 56
MOVE A51 56
MOVE A52 104
MOVE A53 39
MOVE A54 9
MOVE B26 121
MOVE B27 152
MOVE B28 185
MOVE B31 225
MOVE B33 235
MOVE B48 112
MOVE B49 112
MOVE B51 112
MOVE B52 112
MOVE B53 112
MOVE B54 112
MOVE B55 112
MOVE B56 112
MOVE B57 112
MOVE B58 112
MOVE B59 112
MOVE B60 112
MOVE B61 112
MOVE B65 160
MOVE B67 194
MOVE B68 194
MOVE B69 194
MOVE B72 235
DAMAGE TURRET A17 2
SIEGE B 56 9
END TURN 207
TURN 208
COMMAND LEFT START
MOVE A18 36
MOVE A19 36
MOVE A20 36
MOVE A22 36
MOVE A23 36
MOVE A24 36
MOVE A25 36
MOVE A26 36
MOVE A27 36
MOVE A28 36
MOVE A29 36
MOVE A30 36
MOVE A31 36
UPGRADE 56
COMMAND LEFT END
COMMAND RIGHT START
MOVE B74 121
MOVE B73 121
TRAIN 3
COMMAND RIGHT END
TURN 208 RESULT
TIME LEFT 2 5 RIGHT 0 5
UPGRADE A 56
TRAIN B75 B76 B77
MOVE A18 54
MOVE A19 54
MOVE A20 54
MOVE A22 54
MOVE A23 54
MOVE A24 54
MOVE A25 54
MOVE A26 54
MOVE A27 54
MOVE A28 54
MOVE A29 54
MOVE A30 54
MOVE A31 54
MOVE A52 121
MOVE A53 54
MOVE A54 16
MOVE B27 140
MOVE B28 174
MOVE B31 215
MOVE B33 225
MOVE B48 121
MOVE B49 121
MOVE B51 121
MOVE B52 121
MOVE B53 121
MOVE B54 121
MOVE B55 121
MOVE B56 121
MOVE B57 121
MOVE B58 121
MOVE B59 121
MOVE B60 121
MOVE B61 121
MOVE B65 149
MOVE B67 173
MOVE B68 173
MOVE B69 173
MOVE B72 225
MOVE B73 235
MOVE B74 235
DAMAGE TURRET A52 2
DAMAGE COMBAT A52 6
DAMAGE COMBAT B48 1
END TURN 208
TURN 209
COMMAND LEFT START
MOVE A32 36
MOVE A33 36
MOVE A34 36
MOVE A35 36
MOVE A36 36
MOVE A37 36
MOVE A38 36
MOVE A39 36
MOVE A40 36
MOVE A41 36
MOVE A42 36
MOVE A43 36
MOVE A44 36
COMMAND LEFT END
COMMAND RIGHT START
MOVE B61 93
MOVE B60 93
MOVE B59 93
MOVE B58 93
MOVE B57 93
MOVE B56 93
MOVE B55 93
MOVE B54 93
MOVE B53 93
MOVE B52 93
MOVE B51 93
MOVE B49 93
MOVE B48 93
MOVE B45 93
COMMAND RIGHT END
TURN 209 RESULT
TIME LEFT 1 5 RIGHT 0 5
MOVE A18 49
MOVE A19 49
MOVE A20 49
MOVE A22 49
MOVE A23 49
MOVE A24 49
MOVE A25 49
MOVE A26 49
MOVE A27 49
MOVE A28 49
MOVE A29 49
MOVE A30 49
MOVE A31 49
MOVE A32 54
MOVE A33 54
MOVE A34 54
MOVE A35 54
MOVE A36 54
MOVE A37 54
MOVE A38 54
MOVE A39 54
MOVE A40 54
MOVE A41 54
MOVE A42 54
MOVE A43 54
MOVE A44 54
MOVE A53 56
MOVE A54 30
MOVE B27 119
MOVE B28 159
MOVE B31 194
MOVE B33 215
MOVE B45 104
MOVE B48 104
MOVE B49 104
MOVE B51 104
MOVE B52 104
MOVE B53 104
MOVE B54 104
MOVE B55 104
MOVE B56 104
MOVE B57 104
MOVE B58 104
MOVE B59 104
MOVE B60 104
MOVE B61 104
MOVE B65 138
MOVE B67 160
MOVE B68 160
MOVE B69 160
MOVE B72 215
MOVE B73 225
MOVE B74 225
END TURN 209
TURN 210
COMMAND LEFT START
COMMAND LEFT END
COMMAND RIGHT START
MOVE B77 121
MOVE B76 121
MOVE B75 121
TRAIN 3
COMMAND RIGHT END
TURN 210 RESULT
TIME LEFT 2 5 RIGHT 0 5
TRAIN B78 B79 B80
MOVE A18 52
MOVE A19 52
MOVE A20 52
MOVE A22 52
MOVE A23 52
MOVE A24 52
MOVE A25 52
MOVE A26 52
MOVE A27 52
MOVE A28 52
MOVE A29 52
MOVE A30 52
MOVE A31 52
MOVE A32 49
MOVE A33 49
MOVE A34 49
MOVE A35 49
MOVE A36 49
MOVE A37 49
MOVE A38 49
MOVE A39 49
MOVE A40 49
MOVE A41 49
MOVE A42 49
MOVE A43 49
MOVE A44 49
MOVE A54 47
MOVE B27 108
MOVE B28 142
MOVE B31 173
MOVE B33 194
MOVE B45 93
MOVE B48 93
MOVE B49 93
MOVE B51 93
MOVE B52 93
MOVE B53 93
MOVE B54 93
MOVE B55 93
MOVE B56 93
MOVE B57 93
MOVE B58 93
MOVE B59 93
MOVE B60 93
MOVE B61 93
MOVE B65 121
MOVE B67 149
MOVE B68 149
MOVE B69 149
MOVE B72 194
MOVE B73 215
MOVE B74 215
MOVE B75 235
MOVE B76 235
MOVE B77 235
DAMAGE TURRET B48 1
DAMAGE COMBAT A16 5
DAMAGE COMBAT B48 1
SIEGE A 93 6
END TURN 210
TURN 211
COMMAND LEFT START
MOVE A45 36
MOVE A46 36
MOVE A47 36
MOVE A48 36
MOVE A49 36
MOVE A50 36
MOVE A51 36
MOVE A53 36
COMMAND LEFT END
COMMAND RIGHT START
MOVE B45 121
MOVE B48 121
MOVE B49 121
MOVE B51 121
MOVE B52 121
MOVE B53 121
MOVE B54 121
MOVE B55 121
MOVE B56 121
MOVE B57 121
MOVE B58 121
MOVE B59 121
MOVE B60 121
MOVE B80 121
MOVE B79 121
MOVE B78 121
UPGRADE 93
TRAIN 3
COMMAND RIGHT END
TURN 211 RESULT
TIME LEFT 1 5 RIGHT 0 5
UPGRADE B 93
TRAIN B81 B82 B83
MOVE A18 55
MOVE A19 55
MOVE A20 55
MOVE A22 55
MOVE A23 55
MOVE A24 55
MOVE A25 55
MOVE A26 55
MOVE A27 55
MOVE A28 55
MOVE A29 55
MOVE A30 55
MOVE A31 55
MOVE A32 52
MOVE A33 52
MOVE A34 52
MOVE A35 52
MOVE A36 52
MOVE A37 52
MOVE A38 52
MOVE A39 52
MOVE A40 52
MOVE A41 52
MOVE A42 52
MOVE A43 52
MOVE A44 52
MOVE A45 54
MOVE A46 54
MOVE A47 54
MOVE A48 54
MOVE A49 54
MOVE A50 54
MOVE A51 54
MOVE A53 54
MOVE A54 60
MOVE B28 132
MOVE B31 160
MOVE B33 173
MOVE B45 104
MOVE B48 104
MOVE B49 104
MOVE B51 104
MOVE B52 104
MOVE B53 104
MOVE B54 104
MOVE B55 104
MOVE B56 104
MOVE B57 104
MOVE B58 104
MOVE B59 104
MOVE B60 104
MOVE B67 138
MOVE B68 138
MOVE B69 138
MOVE B72 173
MOVE B73 194
MOVE B74 194
MOVE B75 225
MOVE B76 225
MOVE B77 225
MOVE B78 235
MOVE B79 235
MOVE B80 235
END TURN 211
TURN 212
COMMAND LEFT START
COMMAND LEFT END
COMMAND RIGHT START
MOVE B83 121
MOVE B82 121
MOVE B81 121
UPGRADE 93
TRAIN 3
COMMAND RIGHT END
TURN 212 RESULT
TIME LEFT 0 5 RIGHT 0 5
UPGRADE B 93
TRAIN B84 B85 B86
MOVE A18 48
MOVE A19 48
MOVE A20 48
MOVE A22 48
MOVE A23 48
MOVE A24 48
MOVE A25 48
MOVE A26 48
MOVE A27 48
MOVE A28 48
MOVE A29 48
MOVE A30 48
MOVE A31 48
MOVE A32 55
MOVE A33 55
MOVE A34 55
MOVE A35 55
MOVE A36 55
MOVE A37 55
MOVE A38 55
MOVE A39 55
MOVE A40 55
MOVE A41 55
MOVE A42 55
MOVE A43 55
MOVE A44 55
MOVE A45 49
MOVE A46 49
MOVE A47 49
MOVE A48 49
MOVE A49 49
MOVE A50 49
MOVE A51 49
MOVE A53 49
MOVE A54 75
MOVE B28 107
MOVE B31 149
MOVE B33 160
MOVE B45 121
MOVE B48 121
MOVE B49 121
MOVE B51 121
MOVE B52 121
MOVE B53 121
MOVE B54 121
MOVE B55 121
MOVE B56 121
MOVE B57 121
MOVE B58 121
MOVE B59 121
MOVE B60 121
MOVE B67 121
MOVE B68 121
MOVE B69 121
MOVE B72 160
MOVE B73 173
MOVE B74 173
MOVE B75 215
MOVE B76 215
MOVE B77 215
MOVE B78 225
MOVE B79 225
MOVE B80 225
MOVE B81 235
MOVE B82 235
MOVE B83 235
END TURN 212
TURN 213
COMMAND LEFT START
COMMAND LEFT END
COMMAND RIGHT START
MOVE B26 93
MOVE B86 121
MOVE B85 121
MOVE B84 121
UPGRADE 93
COMMAND RIGHT END
TURN 213 RESULT
TIME LEFT 0 5 RIGHT 0 5
UPGRADE B 93
MOVE A18 37
MOVE A19 37
MOVE A20 37
MOVE A22 37
MOVE A23 37
MOVE A24 37
MOVE A25 37
MOVE A26 37
MOVE A27 37
MOVE A28 37
MOVE A29 37
MOVE A30 37
MOVE A31 37
MOVE A32 48
MOVE A33 48
MOVE A34 48
MOVE A35 48
MOVE A36 48
MOVE A37 48
MOVE A38 48
MOVE A39 48
MOVE A40 48
MOVE A41 48
MOVE A42 48
MOVE A43 48
MOVE A44 48
MOVE A45 52
MOVE A46 52
MOVE A47 52
MOVE A48 52
MOVE A49 52
MOVE A50 52
MOVE A51 52
MOVE A53 52
MOVE A54 97
MOVE B26 104
MOVE B28 92
MOVE B31 131
MOVE B33 149
MOVE B72 149
MOVE B73 160
MOVE B74 160
MOVE B75 194
MOVE B76 194
MOVE B77 194
MOVE B78 215
MOVE B79 215
MOVE B80 215
MOVE B81 225
MOVE B82 225
MOVE B83 225
MOVE B84 235
MOVE B85 235
MOVE B86 235
END TURN 213
TURN 214
COMMAND LEFT START
COMMAND LEFT END
COMMAND RIGHT START
MOVE B43 93
MOVE B69 8
TRAIN 3
COMMAND RIGHT END
TURN 214 RESULT
TIME LEFT 0 5 RIGHT 0 5
TRAIN B87 B88 B89
MOVE A18 47
MOVE A19 47
MOVE A20 47
MOVE A22 47
MOVE A23 47
MOVE A24 47
MOVE A25 47
MOVE A26 47
MOVE A27 47
MOVE A28 47
MOVE A29 47
MOVE A30 47
MOVE A31 47
MOVE A32 37
MOVE A33 37
MOVE A34 37
MOVE A35 37
MOVE A36 37
MOVE A37 37
MOVE A38 37
MOVE A39 37
MOVE A40 37
MOVE A41 37
MOVE A42 37
MOVE A43 37
MOVE A44 37
MOVE A45 55
MOVE A46 55
MOVE A47 55
MOVE A48 55
MOVE A49 55
MOVE A50 55
MOVE A51 55
MOVE A53 55
MOVE A54 114
MOVE B26 93
MOVE B28 72
MOVE B31 112
MOVE B33 131
MOVE B43 104
MOVE B69 104
MOVE B72 138
MOVE B73 149
MOVE B74 149
MOVE B75 173
MOVE B76 173
MOVE B77 173
MOVE B78 194
MOVE B79 194
MOVE B80 194
MOVE B81 215
MOVE B82 215
MOVE B83 215
MOVE B84 225
MOVE B85 225
MOVE B86 225
END TURN 214
TURN 215
COMMAND LEFT START
COMMAND LEFT END
COMMAND RIGHT START
MOVE B89 121
MOVE B88 121
MOVE B87 121
TRAIN 3
COMMAND RIGHT END
TURN 215 RESULT
TIME LEFT 0 5 RIGHT 0 5
TRAIN B90 B91 B92
MOVE A18 36
MOVE A19 36
MOVE A20 36
MOVE A22 36
MOVE A23 36
MOVE A24 36
MOVE A25 36
MOVE A26 36
MOVE A27 36
MOVE A28 36
MOVE A29 36
MOVE A30 36
MOVE A31 36
MOVE A32 47
MOVE A33 47
MOVE A34 47
MOVE A35 47
MOVE A36 47
MOVE A37 47
MOVE A38 47
MOVE A39 47
MOVE A40 47
MOVE A41 47
MOVE A42 47
MOVE A43 47
MOVE A44 47
MOVE A45 48
MOVE A46 48
MOVE A47 48
MOVE A48 48
MOVE A49 48
MOVE A50 48
MOVE A51 48
MOVE A53 48
MOVE A54 122
MOVE B28 56
MOVE B31 106
MOVE B33 112
MOVE B43 93
MOVE B69 93
MOVE B72 121
MOVE B73 138
MOVE B74 138
MOVE B75 160
MOVE B76 160
MOVE B77 160
MOVE B78 173
MOVE B79 173
MOVE B80 173
MOVE B81 194
MOVE B82 194
MOVE B83 194
MOVE B84 215
MOVE B85 215
MOVE B86 215
MOVE B87 235
MOVE B88 235
MOVE B89 235
DAMAGE TURRET A18 2
DAMAGE TURRET A54 2
DAMAGE TURRET B28 1
DAMAGE COMBAT A17 1
DAMAGE COMBAT A18 1
DAMAGE COMBAT A54 3
DAMAGE COMBAT B28 1
DAMAGE COMBAT B29 1
DAMAGE COMBAT B62 8
SIEGE B 36 5
END TURN 215
TURN 216
COMMAND LEFT START
TRAIN 1
COMMAND LEFT END
COMMAND RIGHT START
MOVE B92 121
MOVE B91 121
MOVE B90 121
TRAIN 1
COMMAND RIGHT END
TURN 216 RESULT
TIME LEFT 1 5 RIGHT 1 5
TRAIN A55 B93
MOVE A32 36
MOVE A33 36
MOVE A34 36
MOVE A35 36
MOVE A36 36
MOVE A37 36
MOVE A38 36
MOVE A39 36
MOVE A40 36
MOVE A41 36
MOVE A42 36
MOVE A43 36
MOVE A44 36
MOVE A45 37
MOVE A46 37
MOVE A47 37
MOVE A48 37
MOVE A49 37
MOVE A50 37
MOVE A51 37
MOVE A53 37
MOVE B31 89
MOVE B33 106
MOVE B69 79
MOVE B73 121
MOVE B74 121
MOVE B75 149
MOVE B76 149
MOVE B77 149
MOVE B78 160
MOVE B79 160
MOVE B80 160
MOVE B81 173
MOVE B82 173
MOVE B83 173
MOVE B84 194
MOVE B85 194
MOVE B86 194
MOVE B87 225
MOVE B88 225
MOVE B89 225
MOVE B90 235
MOVE B91 235
MOVE B92 235
DAMAGE TURRET A18 2
DAMAGE TURRET A54 2
DAMAGE TURRET B28 1
DAMAGE COMBAT A17 1
DAMAGE COMBAT A54 1
DAMAGE COMBAT B28 1
DAMAGE COMBAT B29 1
SIEGE B 36 13
END TURN 216
TURN 217
COMMAND LEFT START
MOVE A18 56
UPGRADE 36
COMMAND LEFT END
COMMAND RIGHT START
MOVE B28 108
TRAIN 3
COMMAND RIGHT END
TURN 217 RESULT
TIME LEFT 0 5 RIGHT 0 5
UPGRADE A 36
TRAIN B94 B95 B96
MOVE A18 47
MOVE A45 47
MOVE A46 47
MOVE A47 47
MOVE A48 47
MOVE A49 47
MOVE A50 47
MOVE A51 47
MOVE A53 47
MOVE B28 72
MOVE B31 75
MOVE B33 89
MOVE B69 55
MOVE B75 138
MOVE B76 138
MOVE B77 138
MOVE B78 149
MOVE B79 149
MOVE B80 149
MOVE B81 160
MOVE B82 160
MOVE B83 160
MOVE B84 173
MOVE B85 173
MOVE B86 173
MOVE B87 215
MOVE B88 215
MOVE B89 215
MOVE B90 225
MOVE B91 225
MOVE B92 225
END TURN 217
TURN 218
COMMAND LEFT START
COMMAND LEFT END
COMMAND RIGHT START
MOVE B74 56
MOVE B73 56
MOVE B72 56
MOVE B68 56
MOVE B67 56
MOVE B65 56
MOVE B60 56
MOVE B59 56
MOVE B58 56
MOVE B57 56
MOVE B56 56
MOVE B55 56
MOVE B54 56
MOVE B53 56
MOVE B52 56
MOVE B51 56
MOVE B49 56
COMMAND RIGHT END
TURN 218 RESULT
TIME LEFT 0 5 RIGHT 0 5
MOVE A18 37
MOVE A45 36
MOVE A46 36
MOVE A47 36
MOVE A48 36
MOVE A49 36
MOVE A50 36
MOVE A51 36
MOVE A53 36
MOVE B28 92
MOVE B31 57
MOVE B33 75
MOVE B49 111
MOVE B51 111
MOVE B52 111
MOVE B53 111
MOVE B54 111
MOVE B55 111
MOVE B56 111
MOVE B57 111
MOVE B58 111
MOVE B59 111
MOVE B60 111
MOVE B65 111
MOVE B67 111
MOVE B68 111
MOVE B69 33
MOVE B72 111
MOVE B73 111
MOVE B74 111
MOVE B75 121
MOVE B76 121
MOVE B77 121
MOVE B78 138
MOVE B79 138
MOVE B80 138
MOVE B81 149
MOVE B82 149
MOVE B83 149
MOVE B84 160
MOVE B85 160
MOVE B86 160
MOVE B87 194
MOVE B88 194
MOVE B89 194
MOVE B90 215
MOVE B91 215
MOVE B92 215
END TURN 218
TURN 219
COMMAND LEFT START
COMMAND LEFT END
COMMAND RIGHT START
MOVE B77 16
MOVE B96 121
MOVE B95 121
MOVE B94 121
MOVE B93 121
TRAIN 3
COMMAND RIGHT END
TURN 219 RESULT
TIME LEFT 1 5 RIGHT 0 5
TRAIN B97 B98 B99
MOVE A18 48
MOVE B28 108
MOVE B31 36
MOVE B33 57
MOVE B49 105
MOVE B51 105
MOVE B52 105
MOVE B53 105
MOVE B54 105
MOVE B55 105
MOVE B56 105
MOVE B57 105
MOVE B58 105
MOVE B59 105
MOVE B60 105
MOVE B65 105
MOVE B67 105
MOVE B68 105
MOVE B69 22
MOVE B72 105
MOVE B73 105
MOVE B74 105
MOVE B77 104
MOVE B78 121
MOVE B79 121
MOVE B80 121
MOVE B81 138
MOVE B82 138
MOVE B83 138
MOVE B84 149
MOVE B85 149
MOVE B86 149
MOVE B87 173
MOVE B88 173
MOVE B89 173
MOVE B90 194
MOVE B91 194
MOVE B92 194
MOVE B93 235
MOVE B94 235
MOVE B95 235
MOVE B96 235
DAMAGE TURRET B31 1
DAMAGE COMBAT A19 1
DAMAGE COMBAT B31 6
END TURN 219
TURN 220
COMMAND LEFT START
MOVE A20 93
COMMAND LEFT END
COMMAND RIGHT START
MOVE B39 121
MOVE B99 121
MOVE B98 121
MOVE B97 121
TRAIN 3
COMMAND RIGHT END
TURN 220 RESULT
TIME LEFT 0 5 RIGHT 0 5
TRAIN B100 B101 B102
MOVE A18 55
MOVE A20 47
MOVE B33 36
MOVE B39 107
MOVE B49 87
MOVE B51 87
MOVE B52 87
MOVE B53 87
MOVE B54 87
MOVE B55 87
MOVE B56 87
MOVE B57 87
MOVE B58 87
MOVE B59 87
MOVE B60 87
MOVE B65 87
MOVE B67 87
MOVE B68 87
MOVE B69 8
MOVE B72 87
MOVE B73 87
MOVE B74 87
MOVE B77 88
MOVE B81 121
MOVE B82 121
MOVE B83 121
MOVE B84 138
MOVE B85 138
MOVE B86 138
MOVE B87 160
MOVE B88 160
MOVE B89 160
MOVE B90 173
MOVE B91 173
MOVE B92 173
MOVE B93 225
MOVE B94 225
MOVE B95 225
MOVE B96 225
MOVE B97 235
MOVE B98 235
MOVE B99 235
DAMAGE TURRET B33 1
DAMAGE TURRET B69 2
DAMAGE COMBAT A3 1
DAMAGE COMBAT A19 1
DAMAGE COMBAT B33 7
DAMAGE COMBAT B69 3
END TURN 220
TURN 221
COMMAND LEFT START
MOVE A22 93
MOVE A23 93
MOVE A24 93
MOVE A25 93
MOVE A26 93
MOVE A27 93
MOVE A28 93
MOVE A29 93
MOVE A30 93
MOVE A31 122
MOVE A32 93
MOVE A33 93
MOVE A34 93
MOVE A35 93
MOVE A36 93
MOVE A37 93
MOVE A38 93
MOVE A39 93
MOVE A40 93
MOVE A41 93
MOVE A42 93
MOVE A43 93
MOVE A44 93
MOVE A45 93
MOVE A46 93
MOVE A47 93
MOVE A48 93
MOVE A49 93
MOVE A50 93
MOVE A51 93
MOVE A53 93
MOVE A55 93
TRAIN 1
COMMAND LEFT END
COMMAND RIGHT START
MOVE B102 121
MOVE B101 121
MOVE B100 121
TRAIN 3
COMMAND RIGHT END
TURN 221 RESULT
TIME LEFT 0 5 RIGHT 0 5
TRAIN A56 B103 B104 B105
MOVE A18 52
MOVE A20 53
MOVE A22 47
MOVE A23 47
MOVE A24 47
MOVE A25 47
MOVE A26 47
MOVE A27 47
MOVE A28 47
MOVE A29 47
MOVE A30 47
MOVE A31 57
MOVE A32 47
MOVE A33 47
MOVE A34 47
MOVE A35 47
MOVE A36 47
MOVE A37 47
MOVE A38 47
MOVE A39 47
MOVE A40 47
MOVE A41 47
MOVE A42 47
MOVE A43 47
MOVE A44 47
MOVE A45 47
MOVE A46 47
MOVE A47 47
MOVE A48 47
MOVE A49 47
MOVE A50 47
MOVE A51 47
MOVE A53 47
MOVE A55 7
MOVE B39 109
MOVE B49 81
MOVE B51 81
MOVE B52 81
MOVE B53 81
MOVE B54 81
MOVE B55 81
MOVE B56 81
MOVE B57 81
MOVE B58 81
MOVE B59 81
MOVE B60 81
MOVE B65 81
MOVE B67 81
MOVE B68 81
MOVE B72 81
MOVE B73 81
MOVE B74 81
MOVE B77 76
MOVE B84 121
MOVE B85 121
MOVE B86 121
MOVE B87 149
MOVE B88 149
MOVE B89 149
MOVE B90 160
MOVE B91 160
MOVE B92 160
MOVE B93 215
MOVE B94 215
MOVE B95 215
MOVE B96 215
MOVE B97 225
MOVE B98 225
MOVE B99 225
MOVE B100 235
MOVE B101 235
MOVE B102 235
DAMAGE TURRET B69 2
DAMAGE COMBAT A3 1
DAMAGE COMBAT B69 1
END TURN 221
TURN 222
COMMAND LEFT START
MOVE A56 8
COMMAND LEFT END
COMMAND RIGHT START
MOVE B105 121
MOVE B104 121
MOVE B103 121
TRAIN 3
COMMAND RIGHT END
TURN 222 RESULT
TIME LEFT 0 5 RIGHT 0 5
TRAIN B106 B107 B108
MOVE A18 49
MOVE A20 69
MOVE A22 53
MOVE A23 53
MOVE A24 53
MOVE A25 53
MOVE A26 53
MOVE A27 53
MOVE A28 53
MOVE A29 53
MOVE A30 53
MOVE A31 68
MOVE A32 53
MOVE A33 53
MOVE A34 53
MOVE A35 53
MOVE A36 53
MOVE A37 53
MOVE A38 53
MOVE A39 53
MOVE A40 53
MOVE A41 53
MOVE A42 53
MOVE A43 53
MOVE A44 53
MOVE A45 53
MOVE A46 53
MOVE A47 53
MOVE A48 53
MOVE A49 53
MOVE A50 53
MOVE A51 53
MOVE A53 53
MOVE A55 17
MOVE A56 1
MOVE B39 116
MOVE B49 77
MOVE B51 77
MOVE B52 77
MOVE B53 77
MOVE B54 77
MOVE B55 77
MOVE B56 77
MOVE B57 77
MOVE B58 77
MOVE B59 77
MOVE B60 77
MOVE B65 77
MOVE B67 77
MOVE B68 77
MOVE B72 77
MOVE B73 77
MOVE B74 77
MOVE B77 60
MOVE B87 138
MOVE B88 138
MOVE B89 138
MOVE B90 149
MOVE B91 149
MOVE B92 149
MOVE B93 194
MOVE B94 194
MOVE B95 194
MOVE B96 194
MOVE B97 215
MOVE B98 215
MOVE B99 215
MOVE B100 225
MOVE B101 225
MOVE B102 225
MOVE B103 235
MOVE B104 235
MOVE B105 235
END TURN 222
TURN 223
COMMAND LEFT START
COMMAND LEFT END
COMMAND RIGHT START
MOVE B108 121
MOVE B107 121
MOVE B106 121
TRAIN 3
COMMAND RIGHT END
TURN 223 RESULT
TIME LEFT 0 5 RIGHT 0 5
TRAIN B109 B110 B111
MOVE A18 54
MOVE A20 82
MOVE A22 69
MOVE A23 69
MOVE A24 69
MOVE A25 69
MOVE A26 69
MOVE A27 69
MOVE A28 69
MOVE A29 69
MOVE A30 69
MOVE A31 97
MOVE A32 69
MOVE A33 69
MOVE A34 69
MOVE A35 69
MOVE A36 69
MOVE A37 69
MOVE A38 69
MOVE A39 69
MOVE A40 69
MOVE A41 69
MOVE A42 69
MOVE A43 69
MOVE A44 69
MOVE A45 69
MOVE A46 69
MOVE A47 69
MOVE A48 69
MOVE A49 69
MOVE A50 69
MOVE A51 69
MOVE A53 69
MOVE A55 27
MOVE A56 8
MOVE B39 105
MOVE B49 71
MOVE B51 71
MOVE B52 71
MOVE B53 71
MOVE B54 71
MOVE B55 71
MOVE B56 71
MOVE B57 71
MOVE B58 71
MOVE B59 71
MOVE B60 71
MOVE B65 71
MOVE B67 71
MOVE B68 71
MOVE B72 71
MOVE B73 71
MOVE B74 71
MOVE B77 47
MOVE B87 121
MOVE B88 121
MOVE B89 121
MOVE B90 138
MOVE B91 138
MOVE B92 138
MOVE B93 173
MOVE B94 173
MOVE B95 173
MOVE B96 173
MOVE B97 194
MOVE B98 194
MOVE B99 194
MOVE B100 215
MOVE B101 215
MOVE B102 215
MOVE B103 225
MOVE B104 225
MOVE B105 225
MOVE B106 235
MOVE B107 235
MOVE B108 235
END TURN 223
TURN 224
COMMAND LEFT START
COMMAND LEFT END
COMMAND RIGHT START
MOVE B89 8
MOVE B111 121
MOVE B110 121
MOVE B109 121
TRAIN 3
COMMAND RIGHT END
TURN 224 RESULT
TIME LEFT 0 5 RIGHT 1 5
TRAIN B112 B113 B114
MOVE A18 56
MOVE A20 93
MOVE A22 82
MOVE A23 82
MOVE A24 82
MOVE A25 82
MOVE A26 82
MOVE A27 82
MOVE A28 82
MOVE A29 82
MOVE A30 82
MOVE A31 114
MOVE A32 82
MOVE A33 82
MOVE A34 82
MOVE A35 82
MOVE A36 82
MOVE A37 82
MOVE A38 82
MOVE A39 82
MOVE A40 82
MOVE A41 82
MOVE A42 82
MOVE A43 82
MOVE A44 82
MOVE A45 82
MOVE A46 82
MOVE A47 82
MOVE A48 82
MOVE A49 82
MOVE A50 82
MOVE A51 82
MOVE A53 82
MOVE A55 48
MOVE B39 111
MOVE B49 56
MOVE B51 56
MOVE B52 56
MOVE B53 56
MOVE B54 56
MOVE B55 56
MOVE B56 56
MOVE B57 56
MOVE B58 56
MOVE B59 56
MOVE B60 56
MOVE B65 56
MOVE B67 56
MOVE B68 56
MOVE B72 56
MOVE B73 56
MOVE B74 56
MOVE B77 30
MOVE B89 104
MOVE B90 121
MOVE B91 121
MOVE B92 121
MOVE B93 160
MOVE B94 160
MOVE B95 160
MOVE B96 160
MOVE B97 173
MOVE B98 173
MOVE B99 173
MOVE B100 194
MOVE B101 194
MOVE B102 194
MOVE B103 215
MOVE B104 215
MOVE B105 215
MOVE B106 225
MOVE B107 225
MOVE B108 225
MOVE B109 235
MOVE B110 235
MOVE B111 235
DAMAGE TURRET A20 2
DAMAGE TURRET B49 1
DAMAGE COMBAT A18 3
DAMAGE COMBAT A20 3
DAMAGE COMBAT B26 1
DAMAGE COMBAT B49 1
SIEGE A 56 6
END TURN 224
TURN 225
COMMAND LEFT START
TRAIN 1
COMMAND LEFT END
COMMAND RIGHT START
MOVE B49 121
MOVE B51 121
MOVE B52 121
MOVE B53 121
MOVE B54 121
MOVE B55 121
MOVE B56 121
MOVE B57 121
MOVE B58 121
MOVE B59 121
MOVE B60 121
MOVE B65 121
MOVE B67 121
MOVE B68 121
MOVE B72 121
MOVE B73 121
MOVE B114 121
MOVE B113 121
MOVE B112 121
UPGRADE 56
TRAIN 3
COMMAND RIGHT END
TURN 225 RESULT
TIME LEFT 0 5 RIGHT 0 5
UPGRADE B 56
TRAIN A57 B115 B116 B117
MOVE A22 93
MOVE A23 93
MOVE A24 93
MOVE A25 93
MOVE A26 93
MOVE A27 93
MOVE A28 93
MOVE A29 93
MOVE A30 93
MOVE A31 122
MOVE A32 93
MOVE A33 93
MOVE A34 93
MOVE A35 93
MOVE A36 93
MOVE A37 93
MOVE A38 93
MOVE A39 93
MOVE A40 93
MOVE A41 93
MOVE A42 93
MOVE A43 93
MOVE A44 93
MOVE A45 93
MOVE A46 93
MOVE A47 93
MOVE A48 93
MOVE A49 93
MOVE A50 93
MOVE A51 93
MOVE A53 93
MOVE A55 69
MOVE B39 121
MOVE B49 71
MOVE B51 71
MOVE B52 71
MOVE B53 71
MOVE B54 71
MOVE B55 71
MOVE B56 71
MOVE B57 71
MOVE B58 71
MOVE B59 71
MOVE B60 71
MOVE B65 71
MOVE B67 71
MOVE B68 71
MOVE B72 71
MOVE B73 71
MOVE B77 16
MOVE B89 93
MOVE B93 149
MOVE B94 149
MOVE B95 149
MOVE B96 149
MOVE B97 160
MOVE B98 160
MOVE B99 160
MOVE B100 173
MOVE B101 173
MOVE B102 173
MOVE B103 194
MOVE B104 194
MOVE B105 194
MOVE B106 215
MOVE B107 215
MOVE B108 215
MOVE B109 225
MOVE B110 225
MOVE B111 225
MOVE B112 235
MOVE B113 235
MOVE B114 235
DAMAGE TURRET A20 2
DAMAGE TURRET A31 2
DAMAGE TURRET B77 1
DAMAGE COMBAT A12 1
DAMAGE COMBAT A20 1
DAMAGE COMBAT A22 3
DAMAGE COMBAT A31 3
DAMAGE COMBAT B26 6
DAMAGE COMBAT B29 1
DAMAGE COMBAT B43 8
DAMAGE COMBAT B61 8
DAMAGE COMBAT B77 1
DAMAGE COMBAT B89 8
SIEGE B 93 1
END TURN 225
TURN 226
COMMAND LEFT START
MOVE A57 56
TRAIN 1
COMMAND LEFT END
COMMAND RIGHT START
MOVE B92 15
MOVE B91 15
MOVE B90 15
MOVE B88 15
MOVE B87 15
MOVE B86 15
MOVE B85 15
MOVE B84 15
MOVE B83 15
MOVE B82 15
MOVE B81 15
MOVE B80 15
MOVE B79 15
MOVE B78 15
MOVE B76 15
MOVE B75 15
MOVE B48 15
TRAIN 3
COMMAND RIGHT END
TURN 226 RESULT
TIME LEFT 0 5 RIGHT 0 5
TRAIN A58 B118 B119 B120
MOVE A55 82
MOVE A57 1
MOVE B48 112
MOVE B49 77
MOVE B51 77
MOVE B52 77
MOVE B53 77
MOVE B54 77
MOVE B55 77
MOVE B56 77
MOVE B57 77
MOVE B58 77
MOVE B59 77
MOVE B60 77
MOVE B65 77
MOVE B67 77
MOVE B68 77
MOVE B72 77
MOVE B73 77
MOVE B75 112
MOVE B76 112
MOVE B78 112
MOVE B79 112
MOVE B80 112
MOVE B81 112
MOVE B82 112
MOVE B83 112
MOVE B84 112
MOVE B85 112
MOVE B86 112
MOVE B87 112
MOVE B88 112
MOVE B90 112
MOVE B91 112
MOVE B92 112
MOVE B93 138
MOVE B94 138
MOVE B95 138
MOVE B96 138
MOVE B97 149
MOVE B98 149
MOVE B99 149
MOVE B100 160
MOVE B101 160
MOVE B102 160
MOVE B103 173
MOVE B104 173
MOVE B105 173
MOVE B106 194
MOVE B107 194
MOVE B108 194
MOVE B109 215
MOVE B110 215
MOVE B111 215
MOVE B112 225
MOVE B113 225
MOVE B114 225
DAMAGE TURRET A22 2
DAMAGE TURRET A31 2
DAMAGE TURRET B77 1
DAMAGE COMBAT A12 1
DAMAGE COMBAT A31 1
DAMAGE COMBAT B29 1
DAMAGE COMBAT B77 1
SIEGE B 93 17
END TURN 226
TURN 227
COMMAND LEFT START
MOVE A23 121
MOVE A24 121
MOVE A25 121
MOVE A26 121
MOVE A27 121
MOVE A28 121
MOVE A29 121
MOVE A30 121
MOVE A32 121
MOVE A33 121
MOVE A34 121
UPGRADE 93
COMMAND LEFT END
COMMAND RIGHT START
MOVE B120 121
MOVE B119 121
MOVE B118 121
MOVE B117 121
MOVE B116 121
MOVE B115 121
UPGRADE 56
TRAIN 3
COMMAND RIGHT END
TURN 227 RESULT
TIME LEFT 0 5 RIGHT 0 5
UPGRADE B 56
UPGRADE A 93
TRAIN B121 B122 B123
MOVE A23 104
MOVE A24 104
MOVE A25 104
MOVE A26 104
MOVE A27 104
MOVE A28 104
MOVE A29 104
MOVE A30 104
MOVE A32 104
MOVE A33 104
MOVE A34 104
MOVE A55 93
MOVE A57 8
MOVE B48 106
MOVE B49 81
MOVE B51 81
MOVE B52 81
MOVE B53 81
MOVE B54 81
MOVE B55 81
MOVE B56 81
MOVE B57 81
MOVE B58 81
MOVE B59 81
MOVE B60 81
MOVE B65 81
MOVE B67 81
MOVE B68 81
MOVE B72 81
MOVE B73 81
MOVE B75 106
MOVE B76 106
MOVE B78 106
MOVE B79 106
MOVE B80 106
MOVE B81 106
MOVE B82 106
MOVE B83 106
MOVE B84 106
MOVE B85 106
MOVE B86 106
MOVE B87 106
MOVE B88 106
MOVE B90 106
MOVE B91 106
MOVE B92 106
MOVE B93 121
MOVE B94 121
MOVE B95 121
MOVE B96 121
MOVE B97 138
MOVE B98 138
MOVE B99 138
MOVE B100 149
MOVE B101 149
MOVE B102 149
MOVE B103 160
MOVE B104 160
MOVE B105 160
MOVE B106 173
MOVE B107 173
MOVE B108 173
MOVE B109 194
MOVE B110 194
MOVE B111 194
MOVE B112 215
MOVE B113 215
MOVE B114 215
MOVE B115 235
MOVE B116 235
MOVE B117 235
MOVE B118 235
MOVE B119 235
MOVE B120 235
DAMAGE TURRET B77 1
DAMAGE COMBAT A12 1
DAMAGE COMBAT B77 1
END TURN 227
TURN 228
COMMAND LEFT START
MOVE A35 121
MOVE A36 121
MOVE A37 121
MOVE A38 121
MOVE A39 121
MOVE A40 121
MOVE A41 121
MOVE A42 121
MOVE A43 121
MOVE A44 121
MOVE A45 121
MOVE A46 121
MOVE A47 121
COMMAND LEFT END
COMMAND RIGHT START
MOVE B39 56
MOVE B123 121
MOVE B122 121
MOVE B121 121
UPGRADE 56
TRAIN 3
COMMAND RIGHT END
TURN 228 RESULT
TIME LEFT 0 5 RIGHT 0 5
UPGRADE B 56
TRAIN B124 B125 B126
MOVE A23 121
MOVE A24 121
MOVE A25 121
MOVE A26 121
MOVE A27 121
MOVE A28 121
MOVE A29 121
MOVE A30 121
MOVE A32 121
MOVE A33 121
MOVE A34 121
MOVE A35 104
MOVE A36 104
MOVE A37 104
MOVE A38 104
MOVE A39 104
MOVE A40 104
MOVE A41 104
MOVE A42 104
MOVE A43 104
MOVE A44 104
MOVE A45 104
MOVE A46 104
MOVE A47 104
MOVE A57 14
MOVE B39 111
MOVE B48 89
MOVE B49 87
MOVE B51 87
MOVE B52 87
MOVE B53 87
MOVE B54 87
MOVE B55 87
MOVE B56 87
MOVE B57 87
MOVE B58 87
MOVE B59 87
MOVE B60 87
MOVE B65 87
MOVE B67 87
MOVE B68 87
MOVE B72 87
MOVE B73 87
MOVE B75 89
MOVE B76 89
MOVE B78 89
MOVE B79 89
MOVE B80 89
MOVE B81 89
MOVE B82 89
MOVE B83 89
MOVE B84 89
MOVE B85 89
MOVE B86 89
MOVE B87 89
MOVE B88 89
MOVE B90 89
MOVE B91 89
MOVE B92 89
MOVE B97 121
MOVE B98 121
MOVE B99 121
MOVE B100 138
MOVE B101 138
MOVE B102 138
MOVE B103 149
MOVE B104 149
MOVE B105 149
MOVE B106 160
MOVE B107 160
MOVE B108 160
MOVE B109 173
MOVE B110 173
MOVE B111 173
MOVE B112 194
MOVE B113 194
MOVE B114 194
MOVE B115 225
MOVE B116 225
MOVE B117 225
MOVE B118 225
MOVE B119 225
MOVE B120 225
MOVE B121 235
MOVE B122 235
MOVE B123 235
DAMAGE TURRET A23 2
DAMAGE TURRET B77 1
DAMAGE COMBAT A12 1
DAMAGE COMBAT A23 6
DAMAGE COMBAT A24 2
DAMAGE COMBAT B45 8
DAMAGE COMBAT B77 1
DAMAGE COMBAT B93 3
END TURN 228
TURN 229
COMMAND LEFT START
MOVE A58 16
COMMAND LEFT END
COMMAND RIGHT START
MOVE B63 56
MOVE B126 149
MOVE B125 149
TRAIN 3
COMMAND RIGHT END
TURN 229 RESULT
TIME LEFT 0 5 RIGHT 0 5
TRAIN B127 B128 B129
MOVE A35 121
MOVE A36 121
MOVE A37 121
MOVE A38 121
MOVE A39 121
MOVE A40 121
MOVE A41 121
MOVE A42 121
MOVE A43 121
MOVE A44 121
MOVE A45 121
MOVE A46 121
MOVE A47 121
MOVE A57 25
MOVE A58 9
MOVE B39 105
MOVE B48 75
MOVE B49 105
MOVE B51 105
MOVE B52 105
MOVE B53 105
MOVE B54 105
MOVE B55 105
MOVE B56 105
MOVE B57 105
MOVE B58 105
MOVE B59 105
MOVE B60 105
MOVE B63 233
MOVE B65 105
MOVE B67 105
MOVE B68 105
MOVE B72 105
MOVE B73 105
MOVE B75 75
MOVE B76 75
MOVE B78 75
MOVE B79 75
MOVE B80 75
MOVE B81 75
MOVE B82 75
MOVE B83 75
MOVE B84 75
MOVE B85 75
MOVE B86 75
MOVE B87 75
MOVE B88 75
MOVE B90 75
MOVE B91 75
MOVE B92 75
MOVE B100 121
MOVE B101 121
MOVE B102 121
MOVE B103 138
MOVE B104 138
MOVE B105 138
MOVE B106 149
MOVE B107 149
MOVE B108 149
MOVE B109 160
MOVE B110 160
MOVE B111 160
MOVE B112 173
MOVE B113 173
MOVE B114 173
MOVE B115 215
MOVE B116 215
MOVE B117 215
MOVE B118 215
MOVE B119 215
MOVE B120 215
MOVE B121 225
MOVE B122 225
MOVE B123 225
MOVE B125 235
MOVE B126 235
DAMAGE TURRET A24 2
DAMAGE COMBAT A24 4
DAMAGE COMBAT A25 6
DAMAGE COMBAT B93 5
DAMAGE COMBAT B94 8
DAMAGE COMBAT B95 8
DAMAGE COMBAT B96 2
END TURN 229
TURN 230
COMMAND LEFT START
COMMAND LEFT END
COMMAND RIGHT START
MOVE B129 149
MOVE B128 149
MOVE B127 149
TRAIN 3
COMMAND RIGHT END
TURN 230 RESULT
TIME LEFT 0 5 RIGHT 0 5
TRAIN B130 B131 B132
MOVE A57 34
MOVE A58 16
MOVE B39 87
MOVE B48 57
MOVE B49 111
MOVE B51 111
MOVE B52 111
MOVE B53 111
MOVE B54 111
MOVE B55 111
MOVE B56 111
MOVE B57 111
MOVE B58 111
MOVE B59 111
MOVE B60 111
MOVE B63 226
MOVE B65 111
MOVE B67 111
MOVE B68 111
MOVE B72 111
MOVE B73 111
MOVE B75 57
MOVE B76 57
MOVE B78 57
MOVE B79 57
MOVE B80 57
MOVE B81 57
MOVE B82 57
MOVE B83 57
MOVE B84 57
MOVE B85 57
MOVE B86 57
MOVE B87 57
MOVE B88 57
MOVE B90 57
MOVE B91 57
MOVE B92 57
MOVE B103 121
MOVE B104 121
MOVE B105 121
MOVE B106 138
MOVE B107 138
MOVE B108 138
MOVE B109 149
MOVE B110 149
MOVE B111 149
MOVE B112 160
MOVE B113 160
MOVE B114 160
MOVE B115 194
MOVE B116 194
MOVE B117 194
MOVE B118 194
MOVE B119 194
MOVE B120 194
MOVE B121 215
MOVE B122 215
MOVE B123 215
MOVE B125 225
MOVE B126 225
MOVE B127 235
MOVE B128 235
MOVE B129 235
DAMAGE TURRET A25 2
DAMAGE COMBAT A26 8
DAMAGE COMBAT A27 2
DAMAGE COMBAT B96 6
DAMAGE COMBAT B97 8
DAMAGE COMBAT B98 8
END TURN 230
TURN 231
COMMAND LEFT START
COMMAND LEFT END
COMMAND RIGHT START
MOVE B132 149
MOVE B131 149
MOVE B130 149
TRAIN 3
COMMAND RIGHT END
TURN 231 RESULT
TIME LEFT 0 5 RIGHT 0 5
TRAIN B133 B134 B135
MOVE A57 39
MOVE B39 81
MOVE B48 43
MOVE B49 121
MOVE B51 121
MOVE B52 121
MOVE B53 121
MOVE B54 121
MOVE B55 121
MOVE B56 121
MOVE B57 121
MOVE B58 121
MOVE B59 121
MOVE B60 121
MOVE B63 218
MOVE B65 121
MOVE B67 121
MOVE B68 121
MOVE B72 121
MOVE B73 121
MOVE B75 43
MOVE B76 43
MOVE B78 43
MOVE B79 43
MOVE B80 43
MOVE B81 43
MOVE B82 43
MOVE B83 43
MOVE B84 43
MOVE B85 43
MOVE B86 43
MOVE B87 43
MOVE B88 43
MOVE B90 43
MOVE B91 43
MOVE B92 43
MOVE B106 121
MOVE B107 121
MOVE B108 121
MOVE B109 138
MOVE B110 138
MOVE B111 138
MOVE B112 149
MOVE B113 149
MOVE B114 149
MOVE B115 173
MOVE B116 173
MOVE B117 173
MOVE B118 173
MOVE B119 173
MOVE B120 173
MOVE B121 194
MOVE B122 194
MOVE B123 194
MOVE B125 215
MOVE B126 215
MOVE B127 225
MOVE B128 225
MOVE B129 225
MOVE B130 235
MOVE B131 235
MOVE B132 235
DAMAGE TURRET A27 2
DAMAGE COMBAT A27 4
DAMAGE COMBAT A28 8
DAMAGE COMBAT A29 8
DAMAGE COMBAT A30 6
DAMAGE COMBAT B49 6
DAMAGE COMBAT B51 8
DAMAGE COMBAT B52 6
END TURN 231
TURN 232
COMMAND LEFT START
TRAIN 1
COMMAND LEFT END
COMMAND RIGHT START
MOVE B135 149
MOVE B134 149
MOVE B133 149
TRAIN 3
COMMAND RIGHT END
TURN 232 RESULT
TIME LEFT 0 5 RIGHT 0 5
TRAIN A59 B136 B137 B138
MOVE A57 54
MOVE B39 77
MOVE B48 32
MOVE B63 206
MOVE B75 32
MOVE B76 32
MOVE B78 32
MOVE B79 32
MOVE B80 32
MOVE B81 32
MOVE B82 32
MOVE B83 32
MOVE B84 32
MOVE B85 32
MOVE B86 32
MOVE B87 32
MOVE B88 32
MOVE B90 32
MOVE B91 32
MOVE B92 32
MOVE B109 121
MOVE B110 121
MOVE B111 121
MOVE B112 138
MOVE B113 138
MOVE B114 138
MOVE B115 160
MOVE B116 160
MOVE B117 160
MOVE B118 160
MOVE B119 160
MOVE B120 160
MOVE B121 173
MOVE B122 173
MOVE B123 173
MOVE B125 194
MOVE B126 194
MOVE B127 215
MOVE B128 215
MOVE B129 215
MOVE B130 225
MOVE B131 225
MOVE B132 225
MOVE B133 235
MOVE B134 235
MOVE B135 235
DAMAGE TURRET A30 2
DAMAGE COMBAT A32 8
DAMAGE COMBAT A33 8
DAMAGE COMBAT A34 8
DAMAGE COMBAT A35 3
DAMAGE COMBAT B52 2
DAMAGE COMBAT B53 8
DAMAGE COMBAT B54 7
END TURN 232
TURN 233
COMMAND LEFT START
TRAIN 1
COMMAND LEFT END
COMMAND RIGHT START
MOVE B138 149
MOVE B137 149
MOVE B136 149
TRAIN 3
COMMAND RIGHT END
TURN 233 RESULT
TIME LEFT 1 5 RIGHT 0 5
TRAIN A60 B139 B140 B141
MOVE A57 56
MOVE B39 71
MOVE B48 18
MOVE B63 185
MOVE B75 18
MOVE B76 18
MOVE B78 18
MOVE B79 18
MOVE B80 18
MOVE B81 18
MOVE B82 18
MOVE B83 18
MOVE B84 18
MOVE B85 18
MOVE B86 18
MOVE B87 18
MOVE B88 18
MOVE B90 18
MOVE B91 18
MOVE B92 18
MOVE B112 121
MOVE B113 121
MOVE B114 121
MOVE B115 149
MOVE B116 149
MOVE B117 149
MOVE B118 149
MOVE B119 149
MOVE B120 149
MOVE B121 160
MOVE B122 160
MOVE B123 160
MOVE B125 173
MOVE B126 173
MOVE B127 194
MOVE B128 194
MOVE B129 194
MOVE B130 215
MOVE B131 215
MOVE B132 215
MOVE B133 225
MOVE B134 225
MOVE B135 225
MOVE B136 235
MOVE B137 235
MOVE B138 235
DAMAGE TURRET A35 2
DAMAGE TURRET A57 2
DAMAGE COMBAT A35 3
DAMAGE COMBAT A36 8
DAMAGE COMBAT A37 8
DAMAGE COMBAT A38 8
DAMAGE COMBAT A39 1
DAMAGE COMBAT A57 1
DAMAGE COMBAT B54 1
DAMAGE COMBAT B55 8
DAMAGE COMBAT B56 4
DAMAGE COMBAT B74 1
END TURN 233
TURN 234
COMMAND LEFT START
TRAIN 2
COMMAND LEFT END
COMMAND RIGHT START
MOVE B141 10
MOVE B140 149
MOVE B139 149
TRAIN 3
COMMAND RIGHT END
TURN 234 RESULT
TIME LEFT 0 5 RIGHT 0 5
TRAIN A61 A62 B142 B143 B144
MOVE B39 56
MOVE B48 15
MOVE B63 174
MOVE B75 15
MOVE B76 15
MOVE B78 15
MOVE B79 15
MOVE B80 15
MOVE B81 15
MOVE B82 15
MOVE B83 15
MOVE B84 15
MOVE B85 15
MOVE B86 15
MOVE B87 15
MOVE B88 15
MOVE B90 15
MOVE B91 15
MOVE B92 15
MOVE B115 138
MOVE B116 138
MOVE B117 138
MOVE B118 138
MOVE B119 138
MOVE B120 138
MOVE B121 149
MOVE B122 149
MOVE B123 149
MOVE B125 160
MOVE B126 160
MOVE B127 173
MOVE B128 173
MOVE B129 173
MOVE B130 194
MOVE B131 194
MOVE B132 194
MOVE B133 215
MOVE B134 215
MOVE B135 215
MOVE B136 225
MOVE B137 225
MOVE B138 225
MOVE B139 235
MOVE B140 235
MOVE B141 233
DAMAGE TURRET A39 2
DAMAGE TURRET A57 2
DAMAGE TURRET B48 2
DAMAGE COMBAT A5 3
DAMAGE COMBAT A6 5
DAMAGE COMBAT A8 5
DAMAGE COMBAT A39 5
DAMAGE COMBAT A40 8
DAMAGE COMBAT A41 8
DAMAGE COMBAT A42 5
DAMAGE COMBAT A57 2
DAMAGE COMBAT B48 1
DAMAGE COMBAT B56 4
DAMAGE COMBAT B57 5
DAMAGE COMBAT B74 1
DAMAGE COMBAT B75 2
SIEGE A 15 4
END TURN 234
TURN 235
COMMAND LEFT START
MOVE A59 15
MOVE A60 15
MOVE A61 15
TRAIN 1
COMMAND LEFT END
COMMAND RIGHT START
MOVE B144 149
MOVE B143 149
MOVE B142 149
TRAIN 3
COMMAND RIGHT END
TURN 235 RESULT
TIME LEFT 1 5 RIGHT 0 5
TRAIN A63 B145 B146 B147
MOVE A59 4
MOVE A60 4
MOVE A61 4
MOVE B63 159
MOVE B115 121
MOVE B116 121
MOVE B117 121
MOVE B118 121
MOVE B119 121
MOVE B120 121
MOVE B121 138
MOVE B122 138
MOVE B123 138
MOVE B125 149
MOVE B126 149
MOVE B127 160
MOVE B128 160
MOVE B129 160
MOVE B130 173
MOVE B131 173
MOVE B132 173
MOVE B133 194
MOVE B134 194
MOVE B135 194
MOVE B136 215
MOVE B137 215
MOVE B138 215
MOVE B139 225
MOVE B140 225
MOVE B141 226
MOVE B142 235
MOVE B143 235
MOVE B144 235
DAMAGE TURRET A42 2
DAMAGE TURRET A57 1
DAMAGE TURRET B75 2
DAMAGE COMBAT A42 1
DAMAGE COMBAT A43 8
DAMAGE COMBAT A44 8
DAMAGE COMBAT A45 8
DAMAGE COMBAT A46 6
DAMAGE COMBAT B57 3
DAMAGE COMBAT B58 3
DAMAGE COMBAT B74 1
SIEGE A 15 14
END TURN 235
TURN 236
COMMAND LEFT START
COMMAND LEFT END
COMMAND RIGHT START
MOVE B75 149
MOVE B76 149
MOVE B78 149
MOVE B79 149
MOVE B80 149
MOVE B81 149
MOVE B82 149
MOVE B83 149
MOVE B84 149
MOVE B85 149
MOVE B86 149
MOVE B87 149
MOVE B88 149
MOVE B90 149
MOVE B91 149
MOVE B147 149
MOVE B146 149
MOVE B145 149
UPGRADE 15
TRAIN 3
COMMAND RIGHT END
TURN 236 RESULT
TIME LEFT 0 5 RIGHT 1 5
UPGRADE B 15
TRAIN B148 B149 B150
MOVE A59 15
MOVE A60 15
MOVE A61 15
MOVE B63 142
MOVE B75 18
MOVE B76 18
MOVE B78 18
MOVE B79 18
MOVE B80 18
MOVE B81 18
MOVE B82 18
MOVE B83 18
MOVE B84 18
MOVE B85 18
MOVE B86 18
MOVE B87 18
MOVE B88 18
MOVE B90 18
MOVE B91 18
MOVE B121 121
MOVE B122 121
MOVE B123 121
MOVE B127 149
MOVE B128 149
MOVE B129 149
MOVE B130 160
MOVE B131 160
MOVE B132 160
MOVE B133 173
MOVE B134 173
MOVE B135 173
MOVE B136 194
MOVE B137 194
MOVE B138 194
MOVE B139 215
MOVE B140 215
MOVE B141 212
MOVE B142 225
MOVE B143 225
MOVE B144 225
MOVE B145 235
MOVE B146 235
MOVE B147 235
DAMAGE TURRET A46 2
DAMAGE TURRET A59 1
DAMAGE COMBAT A47 8
DAMAGE COMBAT A59 1
DAMAGE COMBAT B58 2
DAMAGE COMBAT B92 3
END TURN 236
TURN 237
COMMAND LEFT START
COMMAND LEFT END
COMMAND RIGHT START
MOVE B123 36
MOVE B122 36
MOVE B121 36
MOVE B120 36
MOVE B119 36
MOVE B118 36
MOVE B117 36
MOVE B116 36
MOVE B115 36
MOVE B114 36
MOVE B113 36
MOVE B112 36
MOVE B111 36
MOVE B110 36
MOVE B109 36
MOVE B108 36
MOVE B107 36
MOVE B106 36
MOVE B105 36
MOVE B104 36
MOVE B103 36
MOVE B102 36
MOVE B101 36
MOVE B100 36
MOVE B99 36
MOVE B73 36
MOVE B72 36
MOVE B68 36
MOVE B67 36
MOVE B65 36
MOVE B60 36
COMMAND RIGHT END
TURN 237 RESULT
TIME LEFT 0 5 RIGHT 0 5
MOVE B60 112
MOVE B63 132
MOVE B65 112
MOVE B67 112
MOVE B68 112
MOVE B72 112
MOVE B73 112
MOVE B75 32
MOVE B76 32
MOVE B78 32
MOVE B79 32
MOVE B80 32
MOVE B81 32
MOVE B82 32
MOVE B83 32
MOVE B84 32
MOVE B85 32
MOVE B86 32
MOVE B87 32
MOVE B88 32
MOVE B90 32
MOVE B91 32
MOVE B99 112
MOVE B100 112
MOVE B101 112
MOVE B102 112
MOVE B103 112
MOVE B104 112
MOVE B105 112
MOVE B106 112
MOVE B107 112
MOVE B108 112
MOVE B109 112
MOVE B110 112
MOVE B111 112
MOVE B112 112
MOVE B113 112
MOVE B114 112
MOVE B115 112
MOVE B116 112
MOVE B117 112
MOVE B118 112
MOVE B119 112
MOVE B120 112
MOVE B121 112
MOVE B122 112
MOVE B123 112
MOVE B130 149
MOVE B131 149
MOVE B132 149
MOVE B133 160
MOVE B134 160
MOVE B135 160
MOVE B136 173
MOVE B137 173
MOVE B138 173
MOVE B139 194
MOVE B140 194
MOVE B141 195
MOVE B142 215
MOVE B143 215
MOVE B144 215
MOVE B145 225
MOVE B146 225
MOVE B147 225
DAMAGE TURRET A59 1
DAMAGE COMBAT A59 1
DAMAGE COMBAT B92 3
END TURN 237
TURN 238
COMMAND LEFT START
COMMAND LEFT END
COMMAND RIGHT START
MOVE B15 121
MOVE B150 121
MOVE B149 121
MOVE B148 121
MOVE B132 121
MOVE B131 121
MOVE B130 121
MOVE B129 121
MOVE B128 121
MOVE B127 121
MOVE B126 121
TRAIN 3
COMMAND RIGHT END
TURN 238 RESULT
TIME LEFT 0 5 RIGHT 0 5
TRAIN B151 B152 B153
MOVE B15 138
MOVE B60 106
MOVE B63 107
MOVE B65 106
MOVE B67 106
MOVE B68 106
MOVE B72 106
MOVE B73 106
MOVE B75 43
MOVE B76 43
MOVE B78 43
MOVE B79 43
MOVE B80 43
MOVE B81 43
MOVE B82 43
MOVE B83 43
MOVE B84 43
MOVE B85 43
MOVE B86 43
MOVE B87 43
MOVE B88 43
MOVE B90 43
MOVE B91 43
MOVE B99 106
MOVE B100 106
MOVE B101 106
MOVE B102 106
MOVE B103 106
MOVE B104 106
MOVE B105 106
MOVE B106 106
MOVE B107 106
MOVE B108 106
MOVE B109 106
MOVE B110 106
MOVE B111 106
MOVE B112 106
MOVE B113 106
MOVE B114 106
MOVE B115 106
MOVE B116 106
MOVE B117 106
MOVE B118 106
MOVE B119 106
MOVE B120 106
MOVE B121 106
MOVE B122 106
MOVE B123 106
MOVE B126 138
MOVE B127 138
MOVE B128 138
MOVE B129 138
MOVE B130 138
MOVE B131 138
MOVE B132 138
MOVE B133 149
MOVE B134 149
MOVE B135 149
MOVE B136 160
MOVE B137 160
MOVE B138 160
MOVE B139 173
MOVE B140 173
MOVE B141 182
MOVE B142 194
MOVE B143 194
MOVE B144 194
MOVE B145 215
MOVE B146 215
MOVE B147 215
MOVE B148 235
MOVE B149 235
MOVE B150 235
DAMAGE TURRET A59 1
DAMAGE COMBAT A59 1
DAMAGE COMBAT B92 2
SIEGE B 15 1
END TURN 238
TURN 239
COMMAND LEFT START
COMMAND LEFT END
COMMAND RIGHT START
MOVE B153 121
MOVE B152 121
MOVE B151 121
MOVE B135 121
MOVE B134 121
MOVE B133 121
TRAIN 1
COMMAND RIGHT END
TURN 239 RESULT
TIME LEFT 0 5 RIGHT 0 5
TRAIN B154
MOVE B15 121
MOVE B60 89
MOVE B63 92
MOVE B65 89
MOVE B67 89
MOVE B68 89
MOVE B72 89
MOVE B73 89
MOVE B75 57
MOVE B76 57
MOVE B78 57
MOVE B79 57
MOVE B80 57
MOVE B81 57
MOVE B82 57
MOVE B83 57
MOVE B84 57
MOVE B85 57
MOVE B86 57
MOVE B87 57
MOVE B88 57
MOVE B90 57
MOVE B91 57
MOVE B99 89
MOVE B100 89
MOVE B101 89
MOVE B102 89
MOVE B103 89
MOVE B104 89
MOVE B105 89
MOVE B106 89
MOVE B107 89
MOVE B108 89
MOVE B109 89
MOVE B110 89
MOVE B111 89
MOVE B112 89
MOVE B113 89
MOVE B114 89
MOVE B115 89
MOVE B116 89
MOVE B117 89
MOVE B118 89
MOVE B119 89
MOVE B120 89
MOVE B121 89
MOVE B122 89
MOVE B123 89
MOVE B126 121
MOVE B127 121
MOVE B128 121
MOVE B129 121
MOVE B130 121
MOVE B131 121
MOVE B132 121
MOVE B133 138
MOVE B134 138
MOVE B135 138
MOVE B136 149
MOVE B137 149
MOVE B138 149
MOVE B139 160
MOVE B140 160
MOVE B141 167
MOVE B142 173
MOVE B143 173
MOVE B144 173
MOVE B145 194
MOVE B146 194
MOVE B147 194
MOVE B148 225
MOVE B149 225
MOVE B150 225
MOVE B151 235
MOVE B152 235
MOVE B153 235
DAMAGE TURRET A59 1
SIEGE B 15 3
END TURN 239
TURN 240
COMMAND LEFT START
COMMAND LEFT END
COMMAND RIGHT START
MOVE B154 121
MOVE B138 121
MOVE B137 121
MOVE B136 121
TRAIN 1
COMMAND RIGHT END
TURN 240 RESULT
TIME LEFT 0 5 RIGHT 0 5
TRAIN B155
MOVE B60 75
MOVE B63 72
MOVE B65 75
MOVE B67 75
MOVE B68 75
MOVE B72 75
MOVE B73 75
MOVE B75 75
MOVE B76 75
MOVE B78 75
MOVE B79 75
MOVE B80 75
MOVE B81 75
MOVE B82 75
MOVE B83 75
MOVE B84 75
MOVE B85 75
MOVE B86 75
MOVE B87 75
MOVE B88 75
MOVE B90 75
MOVE B91 75
MOVE B99 75
MOVE B100 75
MOVE B101 75
MOVE B102 75
MOVE B103 75
MOVE B104 75
MOVE B105 75
MOVE B106 75
MOVE B107 75
MOVE B108 75
MOVE B109 75
MOVE B110 75
MOVE B111 75
MOVE B112 75
MOVE B113 75
MOVE B114 75
MOVE B115 75
MOVE B116 75
MOVE B117 75
MOVE B118 75
MOVE B119 75
MOVE B120 75
MOVE B121 75
MOVE B122 75
MOVE B123 75
MOVE B133 121
MOVE B134 121
MOVE B135 121
MOVE B136 138
MOVE B137 138
MOVE B138 138
MOVE B139 149
MOVE B140 149
MOVE B141 145
MOVE B142 160
MOVE B143 160
MOVE B144 160
MOVE B145 173
MOVE B146 173
MOVE B147 173
MOVE B148 215
MOVE B149 215
MOVE B150 215
MOVE B151 225
MOVE B152 225
MOVE B153 225
MOVE B154 235
DAMAGE TURRET A59 1
SIEGE B 15 2
END TURN 240
TURN 241
COMMAND LEFT START
UPGRADE 15
COMMAND LEFT END
COMMAND RIGHT START
MOVE B135 93
MOVE B134 93
MOVE B133 93
MOVE B132 93
MOVE B131 93
MOVE B130 93
MOVE B129 93
MOVE B128 93
MOVE B127 93
MOVE B126 93
MOVE B59 93
COMMAND RIGHT END
TURN 241 RESULT
TIME LEFT 0 5 RIGHT 0 5
UPGRADE A 15
MOVE B59 104
MOVE B60 57
MOVE B63 56
MOVE B65 57
MOVE B67 57
MOVE B68 57
MOVE B72 57
MOVE B73 57
MOVE B75 89
MOVE B76 89
MOVE B78 89
MOVE B79 89
MOVE B80 89
MOVE B81 89
MOVE B82 89
MOVE B83 89
MOVE B84 89
MOVE B85 89
MOVE B86 89
MOVE B87 89
MOVE B88 89
MOVE B90 89
MOVE B91 89
MOVE B99 57
MOVE B100 57
MOVE B101 57
MOVE B102 57
MOVE B103 57
MOVE B104 57
MOVE B105 57
MOVE B106 57
MOVE B107 57
MOVE B108 57
MOVE B109 57
MOVE B110 57
MOVE B111 57
MOVE B112 57
MOVE B113 57
MOVE B114 57
MOVE B115 57
MOVE B116 57
MOVE B117 57
MOVE B118 57
MOVE B119 57
MOVE B120 57
MOVE B121 57
MOVE B122 57
MOVE B123 57
MOVE B126 104
MOVE B127 104
MOVE B128 104
MOVE B129 104
MOVE B130 104
MOVE B131 104
MOVE B132 104
MOVE B133 104
MOVE B134 104
MOVE B135 104
MOVE B136 121
MOVE B137 121
MOVE B138 121
MOVE B141 128
MOVE B142 149
MOVE B143 149
MOVE B144 149
MOVE B145 160
MOVE B146 160
MOVE B147 160
MOVE B148 194
MOVE B149 194
MOVE B150 194
MOVE B151 215
MOVE B152 215
MOVE B153 215
MOVE B154 225
END TURN 241
TURN 242
COMMAND LEFT START
UPGRADE 15
COMMAND LEFT END
COMMAND RIGHT START
MOVE B155 121
TRAIN 3
COMMAND RIGHT END
TURN 242 RESULT
TIME LEFT 0 5 RIGHT 0 5
UPGRADE A 15
TRAIN B156 B157 B158
MOVE B59 93
MOVE B60 36
MOVE B65 36
MOVE B67 36
MOVE B68 36
MOVE B72 36
MOVE B73 36
MOVE B75 106
MOVE B76 106
MOVE B78 106
MOVE B79 106
MOVE B80 106
MOVE B81 106
MOVE B82 106
MOVE B83 106
MOVE B84 106
MOVE B85 106
MOVE B86 106
MOVE B87 106
MOVE B88 106
MOVE B90 106
MOVE B91 106
MOVE B99 36
MOVE B100 36
MOVE B101 36
MOVE B102 36
MOVE B103 36
MOVE B104 36
MOVE B105 36
MOVE B106 36
MOVE B107 36
MOVE B108 36
MOVE B109 36
MOVE B110 36
MOVE B111 36
MOVE B112 36
MOVE B113 36
MOVE B114 36
MOVE B115 36
MOVE B116 36
MOVE B117 36
MOVE B118 36
MOVE B119 36
MOVE B120 36
MOVE B121 36
MOVE B122 36
MOVE B123 36
MOVE B126 93
MOVE B127 93
MOVE B128 93
MOVE B129 93
MOVE B130 93
MOVE B131 93
MOVE B132 93
MOVE B133 93
MOVE B134 93
MOVE B135 93
MOVE B141 116
MOVE B145 149
MOVE B146 149
MOVE B147 149
MOVE B148 173
MOVE B149 173
MOVE B150 173
MOVE B151 194
MOVE B152 194
MOVE B153 194
MOVE B154 215
MOVE B155 235
DAMAGE TURRET B59 1
DAMAGE TURRET B60 1
DAMAGE COMBAT A19 6
DAMAGE COMBAT A22 3
DAMAGE COMBAT A48 8
DAMAGE COMBAT B59 7
DAMAGE COMBAT B60 1
SIEGE A 36 6
END TURN 242
TURN 243
COMMAND LEFT START
COMMAND LEFT END
COMMAND RIGHT START
MOVE B60 121
MOVE B65 121
MOVE B67 121
MOVE B68 121
MOVE B72 121
MOVE B73 121
MOVE B99 121
MOVE B100 121
MOVE B101 121
MOVE B102 121
MOVE B103 121
MOVE B104 121
MOVE B105 121
MOVE B106 121
MOVE B107 121
MOVE B108 121
MOVE B109 121
MOVE B110 121
MOVE B111 121
MOVE B112 121
MOVE B113 121
MOVE B114 121
MOVE B115 121
MOVE B116 121
MOVE B117 121
MOVE B118 121
MOVE B119 121
MOVE B120 121
MOVE B121 121
MOVE B122 121
MOVE B147 121
MOVE B146 121
MOVE B145 121
MOVE B144 121
MOVE B143 121
MOVE B142 121
MOVE B140 121
MOVE B139 121
MOVE B158 121
MOVE B157 121
MOVE B156 121
UPGRADE 36
TRAIN 3
COMMAND RIGHT END
TURN 243 RESULT
TIME LEFT 0 5 RIGHT 1 5
UPGRADE B 36
TRAIN B159 B160 B161
MOVE B60 57
MOVE B65 57
MOVE B67 57
MOVE B68 57
MOVE B72 57
MOVE B73 57
MOVE B75 112
MOVE B76 112
MOVE B78 112
MOVE B79 112
MOVE B80 112
MOVE B81 112
MOVE B82 112
MOVE B83 112
MOVE B84 112
MOVE B85 112
MOVE B86 112
MOVE B87 112
MOVE B88 112
MOVE B90 112
MOVE B91 112
MOVE B99 57
MOVE B100 57
MOVE B101 57
MOVE B102 57
MOVE B103 57
MOVE B104 57
MOVE B105 57
MOVE B106 57
MOVE B107 57
MOVE B108 57
MOVE B109 57
MOVE B110 57
MOVE B111 57
MOVE B112 57
MOVE B113 57
MOVE B114 57
MOVE B115 57
MOVE B116 57
MOVE B117 57
MOVE B118 57
MOVE B119 57
MOVE B120 57
MOVE B121 57
MOVE B122 57
MOVE B139 138
MOVE B140 138
MOVE B141 87
MOVE B142 138
MOVE B143 138
MOVE B144 138
MOVE B145 138
MOVE B146 138
MOVE B147 138
MOVE B148 160
MOVE B149 160
MOVE B150 160
MOVE B151 173
MOVE B152 173
MOVE B153 173
MOVE B154 194
MOVE B155 225
MOVE B156 235
MOVE B157 235
MOVE B158 235
DAMAGE TURRET B126 1
DAMAGE COMBAT A49 8
DAMAGE COMBAT A50 2
DAMAGE COMBAT B126 5
END TURN 243
TURN 244
COMMAND LEFT START
COMMAND LEFT END
COMMAND RIGHT START
MOVE B161 121
MOVE B160 121
MOVE B159 121
UPGRADE 36
TRAIN 3
COMMAND RIGHT END
TURN 244 RESULT
TIME LEFT 0 5 RIGHT 0 5
UPGRADE B 36
TRAIN B162 B163 B164
MOVE B60 75
MOVE B65 75
MOVE B67 75
MOVE B68 75
MOVE B72 75
MOVE B73 75
MOVE B75 131
MOVE B76 131
MOVE B78 131
MOVE B79 131
MOVE B80 131
MOVE B81 131
MOVE B82 131
MOVE B83 131
MOVE B84 131
MOVE B85 131
MOVE B86 131
MOVE B87 131
MOVE B88 131
MOVE B90 131
MOVE B91 131
MOVE B99 75
MOVE B100 75
MOVE B101 75
MOVE B102 75
MOVE B103 75
MOVE B104 75
MOVE B105 75
MOVE B106 75
MOVE B107 75
MOVE B108 75
MOVE B109 75
MOVE B110 75
MOVE B111 75
MOVE B112 75
MOVE B113 75
MOVE B114 75
MOVE B115 75
MOVE B116 75
MOVE B117 75
MOVE B118 75
MOVE B119 75
MOVE B120 75
MOVE B121 75
MOVE B122 75
MOVE B139 121
MOVE B140 121
MOVE B141 78
MOVE B142 121
MOVE B143 121
MOVE B144 121
MOVE B145 121
MOVE B146 121
MOVE B147 121
MOVE B148 149
MOVE B149 149
MOVE B150 149
MOVE B151 160
MOVE B152 160
MOVE B153 160
MOVE B154 173
MOVE B155 215
MOVE B156 225
MOVE B157 225
MOVE B158 225
MOVE B159 235
MOVE B160 235
MOVE B161 235
DAMAGE TURRET B126 1
DAMAGE COMBAT A50 6
DAMAGE COMBAT A51 4
DAMAGE COMBAT B126 1
DAMAGE COMBAT B127 3
END TURN 244
TURN 245
COMMAND LEFT START
MOVE A62 15
UPGRADE 15
COMMAND LEFT END
COMMAND RIGHT START
MOVE B15 36
MOVE B147 16
MOVE B146 16
MOVE B145 16
MOVE B144 16
MOVE B143 16
MOVE B142 16
MOVE B140 16
MOVE B139 16
MOVE B138 16
MOVE B137 16
COMMAND RIGHT END
TURN 245 RESULT
TIME LEFT 0 5 RIGHT 0 5
UPGRADE A 15
MOVE A62 4
MOVE B15 112
MOVE B60 89
MOVE B65 89
MOVE B67 89
MOVE B68 89
MOVE B72 89
MOVE B73 89
MOVE B75 149
MOVE B76 149
MOVE B78 149
MOVE B79 149
MOVE B80 149
MOVE B81 149
MOVE B82 149
MOVE B83 149
MOVE B84 149
MOVE B85 149
MOVE B86 149
MOVE B87 149
MOVE B88 149
MOVE B90 149
MOVE B91 149
MOVE B99 89
MOVE B100 89
MOVE B101 89
MOVE B102 89
MOVE B103 89
MOVE B104 89
MOVE B105 89
MOVE B106 89
MOVE B107 89
MOVE B108 89
MOVE B109 89
MOVE B110 89
MOVE B111 89
MOVE B112 89
MOVE B113 89
MOVE B114 89
MOVE B115 89
MOVE B116 89
MOVE B117 89
MOVE B118 89
MOVE B119 89
MOVE B120 89
MOVE B121 89
MOVE B122 89
MOVE B137 104
MOVE B138 104
MOVE B139 104
MOVE B140 104
MOVE B141 62
MOVE B142 104
MOVE B143 104
MOVE B144 104
MOVE B145 104
MOVE B146 104
MOVE B147 104
MOVE B148 138
MOVE B149 138
MOVE B150 138
MOVE B151 149
MOVE B152 149
MOVE B153 149
MOVE B154 160
MOVE B155 194
MOVE B156 215
MOVE B157 215
MOVE B158 215
MOVE B159 225
MOVE B160 225
MOVE B161 225
DAMAGE TURRET B127 1
DAMAGE COMBAT A51 4
DAMAGE COMBAT A53 5
DAMAGE COMBAT B127 3
END TURN 245
TURN 246
COMMAND LEFT START
TRAIN 1
COMMAND LEFT END
COMMAND RIGHT START
UPGRADE 36
TRAIN 3
COMMAND RIGHT END
TURN 246 RESULT
TIME LEFT 0 5 RIGHT 1 5
UPGRADE B 36
TRAIN A64 B165 B166 B167
MOVE A62 15
MOVE B15 106
MOVE B60 106
MOVE B65 106
MOVE B67 106
MOVE B68 106
MOVE B72 106
MOVE B73 106
MOVE B99 106
MOVE B100 106
MOVE B101 106
MOVE B102 106
MOVE B103 106
MOVE B104 106
MOVE B105 106
MOVE B106 106
MOVE B107 106
MOVE B108 106
MOVE B109 106
MOVE B110 106
MOVE B111 106
MOVE B112 106
MOVE B113 106
MOVE B114 106
MOVE B115 106
MOVE B116 106
MOVE B117 106
MOVE B118 106
MOVE B119 106
MOVE B120 106
MOVE B121 106
MOVE B122 106
MOVE B137 88
MOVE B138 88
MOVE B139 88
MOVE B140 88
MOVE B141 49
MOVE B142 88
MOVE B143 88
MOVE B144 88
MOVE B145 88
MOVE B146 88
MOVE B147 88
MOVE B148 121
MOVE B149 121
MOVE B150 121
MOVE B151 138
MOVE B152 138
MOVE B153 138
MOVE B154 149
MOVE B155 173
MOVE B156 194
MOVE B157 194
MOVE B158 194
MOVE B159 215
MOVE B160 215
MOVE B161 215
DAMAGE TURRET B127 1
DAMAGE COMBAT A53 3
DAMAGE COMBAT A55 6
DAMAGE COMBAT B128 2
END TURN 246
TURN 247
COMMAND LEFT START
TRAIN 1
COMMAND LEFT END
COMMAND RIGHT START
MOVE B58 36
TRAIN 3
COMMAND RIGHT END
TURN 247 RESULT
TIME LEFT 0 5 RIGHT 0 5
TRAIN A65 B168 B169 B170
MOVE B15 89
MOVE B58 112
MOVE B60 112
MOVE B65 112
MOVE B67 112
MOVE B68 112
MOVE B72 112
MOVE B73 112
MOVE B99 112
MOVE B100 112
MOVE B101 112
MOVE B102 112
MOVE B103 112
MOVE B104 112
MOVE B105 112
MOVE B106 112
MOVE B107 112
MOVE B108 112
MOVE B109 112
MOVE B110 112
MOVE B111 112
MOVE B112 112
MOVE B113 112
MOVE B114 112
MOVE B115 112
MOVE B116 112
MOVE B117 112
MOVE B118 112
MOVE B119 112
MOVE B120 112
MOVE B121 112
MOVE B122 112
MOVE B137 76
MOVE B138 76
MOVE B139 76
MOVE B140 76
MOVE B141 34
MOVE B142 76
MOVE B143 76
MOVE B144 76
MOVE B145 76
MOVE B146 76
MOVE B147 76
MOVE B151 121
MOVE B152 121
MOVE B153 121
MOVE B154 138
MOVE B155 160
MOVE B156 173
MOVE B157 173
MOVE B158 173
MOVE B159 194
MOVE B160 194
MOVE B161 194
DAMAGE TURRET B128 1
DAMAGE COMBAT A55 2
DAMAGE COMBAT B128 1
SIEGE A 93 6
END TURN 247
TURN 248
COMMAND LEFT START
TRAIN 2
COMMAND LEFT END
COMMAND RIGHT START
MOVE B128 121
MOVE B129 121
MOVE B130 121
MOVE B131 121
MOVE B132 121
MOVE B133 121
MOVE B134 121
MOVE B153 8
MOVE B125 121
MOVE B91 121
MOVE B90 121
MOVE B88 121
MOVE B87 121
MOVE B86 121
MOVE B85 121
MOVE B84 121
MOVE B83 121
MOVE B82 121
MOVE B81 121
UPGRADE 93
COMMAND RIGHT END
TURN 248 RESULT
TIME LEFT 0 5 RIGHT 1 5
UPGRADE B 93
TRAIN A66 A67
MOVE B15 75
MOVE B58 106
MOVE B60 121
MOVE B65 121
MOVE B67 121
MOVE B68 121
MOVE B72 121
MOVE B73 121
MOVE B81 138
MOVE B82 138
MOVE B83 138
MOVE B84 138
MOVE B85 138
MOVE B86 138
MOVE B87 138
MOVE B88 138
MOVE B90 138
MOVE B91 138
MOVE B99 121
MOVE B100 121
MOVE B101 121
MOVE B102 121
MOVE B103 121
MOVE B104 121
MOVE B105 121
MOVE B106 121
MOVE B107 121
MOVE B108 121
MOVE B109 121
MOVE B110 121
MOVE B111 121
MOVE B112 121
MOVE B113 121
MOVE B114 121
MOVE B115 121
MOVE B116 121
MOVE B117 121
MOVE B118 121
MOVE B119 121
MOVE B120 121
MOVE B121 121
MOVE B122 121
MOVE B125 138
MOVE B128 104
MOVE B129 104
MOVE B130 104
MOVE B131 104
MOVE B132 104
MOVE B133 104
MOVE B134 104
MOVE B137 60
MOVE B138 60
MOVE B139 60
MOVE B140 60
MOVE B141 21
MOVE B142 60
MOVE B143 60
MOVE B144 60
MOVE B145 60
MOVE B146 60
MOVE B147 60
MOVE B153 104
MOVE B154 121
MOVE B155 149
MOVE B156 160
MOVE B157 160
MOVE B158 160
MOVE B159 173
MOVE B160 173
MOVE B161 173
END TURN 248
TURN 249
COMMAND LEFT START
TRAIN 1
COMMAND LEFT END
COMMAND RIGHT START
MOVE B154 0
MOVE B152 0
MOVE B151 0
MOVE B150 0
MOVE B149 0
MOVE B148 0
MOVE B136 0
MOVE B122 0
MOVE B121 0
MOVE B120 0
MOVE B119 0
MOVE B118 0
MOVE B117 0
MOVE B116 0
MOVE B115 0
MOVE B114 0
MOVE B113 0
MOVE B112 0
MOVE B111 0
MOVE B110 0
MOVE B109 0
MOVE B108 0
MOVE B107 0
MOVE B106 0
MOVE B105 0
MOVE B104 0
MOVE B103 0
MOVE B102 0
MOVE B101 0
MOVE B100 0
MOVE B99 0
MOVE B73 0
MOVE B72 0
MOVE B68 0
MOVE B67 0
COMMAND RIGHT END
TURN 249 RESULT
TIME LEFT 0 5 RIGHT 1 5
TRAIN A68
MOVE B15 57
MOVE B58 89
MOVE B67 104
MOVE B68 104
MOVE B72 104
MOVE B73 104
MOVE B81 121
MOVE B82 121
MOVE B83 121
MOVE B84 121
MOVE B85 121
MOVE B86 121
MOVE B87 121
MOVE B88 121
MOVE B90 121
MOVE B91 121
MOVE B99 104
MOVE B100 104
MOVE B101 104
MOVE B102 104
MOVE B103 104
MOVE B104 104
MOVE B105 104
MOVE B106 104
MOVE B107 104
MOVE B108 104
MOVE B109 104
MOVE B110 104
MOVE B111 104
MOVE B112 104
MOVE B113 104
MOVE B114 104
MOVE B115 104
MOVE B116 104
MOVE B117 104
MOVE B118 104
MOVE B119 104
MOVE B120 104
MOVE B121 104
MOVE B122 104
MOVE B125 121
MOVE B128 121
MOVE B129 121
MOVE B130 121
MOVE B131 121
MOVE B132 121
MOVE B133 121
MOVE B134 121
MOVE B136 104
MOVE B137 47
MOVE B138 47
MOVE B139 47
MOVE B140 47
MOVE B141 10
MOVE B142 47
MOVE B143 47
MOVE B144 47
MOVE B145 47
MOVE B146 47
MOVE B147 47
MOVE B148 104
MOVE B149 104
MOVE B150 104
MOVE B151 104
MOVE B152 104
MOVE B153 93
MOVE B154 104
MOVE B155 138
MOVE B156 149
MOVE B157 149
MOVE B158 149
MOVE B159 160
MOVE B160 160
MOVE B161 160
DAMAGE TURRET B141 1
DAMAGE COMBAT A14 1
DAMAGE COMBAT B141 1
END TURN 249
TURN 250
COMMAND LEFT START
TRAIN 1
COMMAND LEFT END
COMMAND RIGHT START
UPGRADE 93
TRAIN 3
COMMAND RIGHT END
TURN 250 RESULT
TIME LEFT 0 5 RIGHT 0 5
UPGRADE B 93
TRAIN A69 B171 B172 B173
MOVE B15 36
MOVE B58 75
MOVE B67 93
MOVE B68 93
MOVE B72 93
MOVE B73 93
MOVE B99 93
MOVE B100 93
MOVE B101 93
MOVE B102 93
MOVE B103 93
MOVE B104 93
MOVE B105 93
MOVE B106 93
MOVE B107 93
MOVE B108 93
MOVE B109 93
MOVE B110 93
MOVE B111 93
MOVE B112 93
MOVE B113 93
MOVE B114 93
MOVE B115 93
MOVE B116 93
MOVE B117 93
MOVE B118 93
MOVE B119 93
MOVE B120 93
MOVE B121 93
MOVE B122 93
MOVE B136 93
MOVE B137 30
MOVE B138 30
MOVE B139 30
MOVE B140 30
MOVE B142 30
MOVE B143 30
MOVE B144 30
MOVE B145 30
MOVE B146 30
MOVE B147 30
MOVE B148 93
MOVE B149 93
MOVE B150 93
MOVE B151 93
MOVE B152 93
MOVE B153 79
MOVE B154 93
MOVE B155 121
MOVE B156 138
MOVE B157 138
MOVE B158 138
MOVE B159 149
MOVE B160 149
MOVE B161 149
DAMAGE TURRET B141 1
DAMAGE COMBAT A14 1
DAMAGE COMBAT B141 1
END TURN 250
TURN 251
COMMAND LEFT START
TRAIN 1
COMMAND LEFT END
COMMAND RIGHT START
MOVE B60 93
UPGRADE 93
COMMAND RIGHT END
TURN 251 RESULT
TIME LEFT 0 5 RIGHT 0 5
UPGRADE B 93
TRAIN A70
MOVE B58 57
MOVE B60 104
MOVE B67 82
MOVE B68 82
MOVE B72 82
MOVE B73 82
MOVE B99 82
MOVE B100 82
MOVE B101 82
MOVE B102 82
MOVE B103 82
MOVE B104 82
MOVE B105 82
MOVE B106 82
MOVE B107 82
MOVE B108 82
MOVE B109 82
MOVE B110 82
MOVE B111 82
MOVE B112 82
MOVE B113 82
MOVE B114 82
MOVE B115 82
MOVE B116 82
MOVE B117 82
MOVE B118 82
MOVE B119 82
MOVE B120 82
MOVE B121 82
MOVE B122 82
MOVE B136 82
MOVE B137 16
MOVE B138 16
MOVE B139 16
MOVE B140 16
MOVE B142 16
MOVE B143 16
MOVE B144 16
MOVE B145 16
MOVE B146 16
MOVE B147 16
MOVE B148 82
MOVE B149 82
MOVE B150 82
MOVE B151 82
MOVE B152 82
MOVE B153 55
MOVE B154 82
MOVE B156 121
MOVE B157 121
MOVE B158 121
MOVE B159 138
MOVE B160 138
MOVE B161 138
DAMAGE TURRET B137 1
DAMAGE TURRET B141 1
DAMAGE COMBAT A14 1
DAMAGE COMBAT A58 8
DAMAGE COMBAT B137 1
DAMAGE COMBAT B141 1
SIEGE A 16 2
END TURN 251
TURN 252
COMMAND LEFT START
MOVE A63 16
MOVE A64 36
MOVE A65 36
MOVE A66 36
MOVE A67 36
MOVE A68 36
MOVE A69 36
MOVE A70 36
TRAIN 1
COMMAND LEFT END
COMMAND RIGHT START
MOVE B65 93
TRAIN 3
COMMAND RIGHT END
TURN 252 RESULT
TIME LEFT 0 5 RIGHT 0 5
TRAIN A71 B174 B175 B176
MOVE A63 9
MOVE A64 9
MOVE A65 9
MOVE A66 9
MOVE A67 9
MOVE A68 9
MOVE A69 9
MOVE A70 9
MOVE B58 36
MOVE B60 93
MOVE B65 104
MOVE B67 69
MOVE B68 69
MOVE B72 69
MOVE B73 69
MOVE B99 69
MOVE B100 69
MOVE B101 69
MOVE B102 69
MOVE B103 69
MOVE B104 69
MOVE B105 69
MOVE B106 69
MOVE B107 69
MOVE B108 69
MOVE B109 69
MOVE B110 69
MOVE B111 69
MOVE B112 69
MOVE B113 69
MOVE B114 69
MOVE B115 69
MOVE B116 69
MOVE B117 69
MOVE B118 69
MOVE B119 69
MOVE B120 69
MOVE B121 69
MOVE B122 69
MOVE B136 69
MOVE B148 69
MOVE B149 69
MOVE B150 69
MOVE B151 69
MOVE B152 69
MOVE B153 33
MOVE B154 69
MOVE B159 121
MOVE B160 121
MOVE B161 121
DAMAGE TURRET B137 1
DAMAGE TURRET B141 1
DAMAGE COMBAT A14 1
DAMAGE COMBAT B141 1
SIEGE A 16 4
END TURN 252
TURN 253
COMMAND LEFT START
MOVE A71 10
TRAIN 1
COMMAND LEFT END
COMMAND RIGHT START
MOVE B137 121
MOVE B138 121
MOVE B139 121
MOVE B140 121
MOVE B142 121
MOVE B143 121
MOVE B144 121
MOVE B145 121
MOVE B146 121
UPGRADE 16
COMMAND RIGHT END
TURN 253 RESULT
TIME LEFT 0 5 RIGHT 1 5
UPGRADE B 16
TRAIN A72
MOVE A63 16
MOVE A64 16
MOVE A65 16
MOVE A66 16
MOVE A67 16
MOVE A68 16
MOVE A69 16
MOVE A70 16
MOVE A71 1
MOVE B65 93
MOVE B67 48
MOVE B68 48
MOVE B72 48
MOVE B73 48
MOVE B99 48
MOVE B100 48
MOVE B101 48
MOVE B102 48
MOVE B103 48
MOVE B104 48
MOVE B105 48
MOVE B106 48
MOVE B107 48
MOVE B108 48
MOVE B109 48
MOVE B110 48
MOVE B111 48
MOVE B112 48
MOVE B113 48
MOVE B114 48
MOVE B115 48
MOVE B116 48
MOVE B117 48
MOVE B118 48
MOVE B119 48
MOVE B120 48
MOVE B121 48
MOVE B122 48
MOVE B136 48
MOVE B137 30
MOVE B138 30
MOVE B139 30
MOVE B140 30
MOVE B142 30
MOVE B143 30
MOVE B144 30
MOVE B145 30
MOVE B146 30
MOVE B148 48
MOVE B149 48
MOVE B150 48
MOVE B151 48
MOVE B152 48
MOVE B153 22
MOVE B154 48
DAMAGE TURRET A63 1
DAMAGE COMBAT A63 1
DAMAGE COMBAT B147 8
END TURN 253
TURN 254
COMMAND LEFT START
TRAIN 1
COMMAND LEFT END
COMMAND RIGHT START
MOVE B60 36
MOVE B65 36
MOVE B29 36
MOVE B35 36
MOVE B81 36
MOVE B20 122
MOVE B24 122
MOVE B82 93
MOVE B83 93
TRAIN 2
COMMAND RIGHT END
TURN 254 RESULT
TIME LEFT 0 5 RIGHT 1 5
TRAIN A73 B177 B178
MOVE A64 24
MOVE A65 24
MOVE A66 24
MOVE A67 24
MOVE A68 24
MOVE A69 24
MOVE A70 24
MOVE A71 2
MOVE B20 157
MOVE B24 157
MOVE B29 114
MOVE B35 114
MOVE B60 82
MOVE B65 82
MOVE B67 27
MOVE B68 27
MOVE B72 27
MOVE B73 27
MOVE B81 112
MOVE B82 104
MOVE B83 104
MOVE B99 27
MOVE B100 27
MOVE B101 27
MOVE B102 27
MOVE B103 27
MOVE B104 27
MOVE B105 27
MOVE B106 27
MOVE B107 27
MOVE B108 27
MOVE B109 27
MOVE B110 27
MOVE B111 27
MOVE B112 27
MOVE B113 27
MOVE B114 27
MOVE B115 27
MOVE B116 27
MOVE B117 27
MOVE B118 27
MOVE B119 27
MOVE B120 27
MOVE B121 27
MOVE B122 27
MOVE B136 27
MOVE B137 47
MOVE B138 47
MOVE B139 47
MOVE B140 47
MOVE B142 47
MOVE B143 47
MOVE B144 47
MOVE B145 47
MOVE B146 47
MOVE B148 27
MOVE B149 27
MOVE B150 27
MOVE B151 27
MOVE B152 27
MOVE B153 8
MOVE B154 27
DAMAGE TURRET A63 1
DAMAGE TURRET B153 2
DAMAGE COMBAT A4 1
DAMAGE COMBAT B153 3
SIEGE B 16 1
END TURN 254
TURN 255
COMMAND LEFT START
TRAIN 1
COMMAND LEFT END
COMMAND RIGHT START
TRAIN 1
COMMAND RIGHT END
TURN 255 RESULT
TIME LEFT 0 5 RIGHT 1 5
TRAIN A74 B179
MOVE A64 36
MOVE A65 36
MOVE A66 36
MOVE A67 36
MOVE A68 36
MOVE A69 36
MOVE A70 36
MOVE A71 3
MOVE B20 155
MOVE B24 155
MOVE B29 97
MOVE B35 97
MOVE B60 69
MOVE B65 69
MOVE B67 17
MOVE B68 17
MOVE B72 17
MOVE B73 17
MOVE B81 106
MOVE B82 93
MOVE B83 93
MOVE B99 17
MOVE B100 17
MOVE B101 17
MOVE B102 17
MOVE B103 17
MOVE B104 17
MOVE B105 17
MOVE B106 17
MOVE B107 17
MOVE B108 17
MOVE B109 17
MOVE B110 17
MOVE B111 17
MOVE B112 17
MOVE B113 17
MOVE B114 17
MOVE B115 17
MOVE B116 17
MOVE B117 17
MOVE B118 17
MOVE B119 17
MOVE B120 17
MOVE B121 17
MOVE B122 17
MOVE B136 17
MOVE B137 60
MOVE B138 60
MOVE B139 60
MOVE B140 60
MOVE B142 60
MOVE B143 60
MOVE B144 60
MOVE B145 60
MOVE B146 60
MOVE B148 17
MOVE B149 17
MOVE B150 17
MOVE B151 17
MOVE B152 17
MOVE B154 17
DAMAGE TURRET A63 1
DAMAGE TURRET A64 2
DAMAGE TURRET B153 2
DAMAGE COMBAT A4 1
DAMAGE COMBAT A64 3
DAMAGE COMBAT B15 4
DAMAGE COMBAT B58 3
DAMAGE COMBAT B153 1
SIEGE B 16 1
END TURN 255
TURN 256
COMMAND LEFT START
TRAIN 1
COMMAND LEFT END
COMMAND RIGHT START
MOVE B161 8
MOVE B160 8
MOVE B159 8
MOVE B158 8
MOVE B157 8
MOVE B156 8
MOVE B155 8
MOVE B134 8
MOVE B133 8
MOVE B132 8
MOVE B131 8
MOVE B130 8
MOVE B129 8
MOVE B128 8
MOVE B125 8
MOVE B91 8
MOVE B90 8
MOVE B88 8
MOVE B87 8
MOVE B86 8
TRAIN 1
COMMAND RIGHT END
TURN 256 RESULT
TIME LEFT 0 5 RIGHT 0 5
TRAIN A75 B180
MOVE A71 5
MOVE B20 133
MOVE B24 133
MOVE B29 68
MOVE B35 68
MOVE B60 53
MOVE B65 53
MOVE B67 7
MOVE B68 7
MOVE B72 7
MOVE B73 7
MOVE B81 89
MOVE B86 104
MOVE B87 104
MOVE B88 104
MOVE B90 104
MOVE B91 104
MOVE B99 7
MOVE B100 7
MOVE B101 7
MOVE B102 7
MOVE B103 7
MOVE B104 7
MOVE B105 7
MOVE B106 7
MOVE B107 7
MOVE B108 7
MOVE B109 7
MOVE B110 7
MOVE B111 7
MOVE B112 7
MOVE B113 7
MOVE B114 7
MOVE B115 7
MOVE B116 7
MOVE B117 7
MOVE B118 7
MOVE B119 7
MOVE B120 7
MOVE B121 7
MOVE B122 7
MOVE B125 104
MOVE B128 104
MOVE B129 104
MOVE B130 104
MOVE B131 104
MOVE B132 104
MOVE B133 104
MOVE B134 104
MOVE B136 7
MOVE B137 76
MOVE B138 76
MOVE B139 76
MOVE B140 76
MOVE B142 76
MOVE B143 76
MOVE B144 76
MOVE B145 76
MOVE B146 76
MOVE B148 7
MOVE B149 7
MOVE B150 7
MOVE B151 7
MOVE B152 7
MOVE B154 7
MOVE B155 104
MOVE B156 104
MOVE B157 104
MOVE B158 104
MOVE B159 104
MOVE B160 104
MOVE B161 104
DAMAGE TURRET A63 1
DAMAGE TURRET A64 2
DAMAGE COMBAT A64 1
DAMAGE COMBAT A65 1
DAMAGE COMBAT B15 2
DAMAGE COMBAT B123 5
SIEGE B 16 1
END TURN 256
TURN 257
COMMAND LEFT START
MOVE A72 36
MOVE A73 36
MOVE A74 36
MOVE A75 36
TRAIN 1
COMMAND LEFT END
COMMAND RIGHT START
MOVE B180 121
MOVE B179 121
MOVE B178 121
MOVE B177 121
MOVE B176 121
MOVE B175 121
MOVE B174 121
MOVE B173 121
MOVE B80 121
MOVE B79 121
MOVE B172 121
MOVE B171 121
MOVE B170 121
MOVE B169 121
MOVE B168 121
MOVE B167 121
MOVE B166 121
MOVE B165 121
MOVE B164 121
TRAIN 1
COMMAND RIGHT END
TURN 257 RESULT
TIME LEFT 0 5 RIGHT 1 5
TRAIN A76 B181
MOVE A71 10
MOVE A72 9
MOVE A73 9
MOVE A74 9
MOVE A75 9
MOVE B20 122
MOVE B24 122
MOVE B29 57
MOVE B35 57
MOVE B60 47
MOVE B65 47
MOVE B67 0
MOVE B68 0
MOVE B72 0
MOVE B73 0
MOVE B79 138
MOVE B80 138
MOVE B81 75
MOVE B86 93
MOVE B87 93
MOVE B88 93
MOVE B90 93
MOVE B91 93
MOVE B99 0
MOVE B100 0
MOVE B101 0
MOVE B102 0
MOVE B103 0
MOVE B104 0
MOVE B105 0
MOVE B106 0
MOVE B107 0
MOVE B108 0
MOVE B109 0
MOVE B110 0
MOVE B111 0
MOVE B112 0
MOVE B113 0
MOVE B114 0
MOVE B115 0
MOVE B116 0
MOVE B117 0
MOVE B118 0
MOVE B119 0
MOVE B120 0
MOVE B121 0
MOVE B122 0
MOVE B125 93
MOVE B128 93
MOVE B129 93
MOVE B130 93
MOVE B131 93
MOVE B132 93
MOVE B133 93
MOVE B134 93
MOVE B136 0
MOVE B137 88
MOVE B138 88
MOVE B139 88
MOVE B140 88
MOVE B142 88
MOVE B143 88
MOVE B144 88
MOVE B145 88
MOVE B146 88
MOVE B148 0
MOVE B149 0
MOVE B150 0
MOVE B151 0
MOVE B152 0
MOVE B154 0
MOVE B155 93
MOVE B156 93
MOVE B157 93
MOVE B158 93
MOVE B159 93
MOVE B160 93
MOVE B161 93
MOVE B164 235
MOVE B165 235
MOVE B166 235
MOVE B167 235
MOVE B168 235
MOVE B169 235
MOVE B170 235
MOVE B171 235
MOVE B172 235
MOVE B173 235
MOVE B174 235
MOVE B175 235
MOVE B176 235
MOVE B177 235
MOVE B178 235
MOVE B179 235
MOVE B180 235
DAMAGE TURRET A63 1
DAMAGE TURRET A65 2
DAMAGE TURRET B67 3
DAMAGE COMBAT A1 4
DAMAGE COMBAT A2 4
DAMAGE COMBAT A9 6
DAMAGE COMBAT A10 7
DAMAGE COMBAT A11 8
DAMAGE COMBAT A65 1
DAMAGE COMBAT A76 6
DAMAGE COMBAT B67 5
DAMAGE COMBAT B68 1
DAMAGE COMBAT B123 3
SIEGE B 16 1
SIEGE B 36 3
END TURN 257
TURN 258
COMMAND LEFT START
TRAIN 2
COMMAND LEFT END
COMMAND RIGHT START
MOVE B181 121
MOVE B163 121
MOVE B162 121
TRAIN 1
COMMAND RIGHT END
TURN 258 RESULT
TIME LEFT 0 5 RIGHT 0 5
TRAIN A77 A78 B182
MOVE A72 16
MOVE A73 16
MOVE A74 16
MOVE A75 16
MOVE B29 36
MOVE B35 36
MOVE B60 36
MOVE B65 36
MOVE B79 121
MOVE B80 121
MOVE B81 57
MOVE B86 79
MOVE B87 79
MOVE B88 79
MOVE B90 79
MOVE B91 79
MOVE B125 79
MOVE B128 79
MOVE B129 79
MOVE B130 79
MOVE B131 79
MOVE B132 79
MOVE B133 79
MOVE B134 79
MOVE B137 104
MOVE B138 104
MOVE B139 104
MOVE B140 104
MOVE B142 104
MOVE B143 104
MOVE B144 104
MOVE B145 104
MOVE B146 104
MOVE B155 79
MOVE B156 79
MOVE B157 79
MOVE B158 79
MOVE B159 79
MOVE B160 79
MOVE B161 79
MOVE B162 235
MOVE B163 235
MOVE B164 225
MOVE B165 225
MOVE B166 225
MOVE B167 225
MOVE B168 225
MOVE B169 225
MOVE B170 225
MOVE B171 225
MOVE B172 225
MOVE B173 225
MOVE B174 225
MOVE B175 225
MOVE B176 225
MOVE B177 225
MOVE B178 225
MOVE B179 225
MOVE B180 225
MOVE B181 235
DAMAGE TURRET A63 1
DAMAGE TURRET A65 2
DAMAGE TURRET B68 3
DAMAGE COMBAT A65 2
DAMAGE COMBAT A66 2
DAMAGE COMBAT A76 2
DAMAGE COMBAT A77 8
DAMAGE COMBAT A78 8
DAMAGE COMBAT B29 3
DAMAGE COMBAT B60 3
DAMAGE COMBAT B68 3
SIEGE A 0 16
SIEGE B 16 2
END TURN 258
TURN 259
COMMAND LEFT START
COMMAND LEFT END
COMMAND RIGHT START
MOVE B182 121
TRAIN 3
COMMAND RIGHT END
TURN 259 RESULT
TIME LEFT 0 5 RIGHT 0 5
TRAIN B183 B184 B185
MOVE A72 24
MOVE A73 24
MOVE A74 24
MOVE A75 24
MOVE B81 36
MOVE B86 55
MOVE B87 55
MOVE B88 55
MOVE B90 55
MOVE B91 55
MOVE B125 55
MOVE B128 55
MOVE B129 55
MOVE B130 55
MOVE B131 55
MOVE B132 55
MOVE B133 55
MOVE B134 55
MOVE B137 121
MOVE B138 121
MOVE B139 121
MOVE B140 121
MOVE B142 121
MOVE B143 121
MOVE B144 121
MOVE B145 121
MOVE B146 121
MOVE B155 55
MOVE B156 55
MOVE B157 55
MOVE B158 55
MOVE B159 55
MOVE B160 55
MOVE B161 55
MOVE B162 225
MOVE B163 225
MOVE B164 215
MOVE B165 215
MOVE B166 215
MOVE B167 215
MOVE B168 215
MOVE B169 215
MOVE B170 215
MOVE B171 215
MOVE B172 215
MOVE B173 215
MOVE B174 215
MOVE B175 215
MOVE B176 215
MOVE B177 215
MOVE B178 215
MOVE B179 215
MOVE B180 215
MOVE B181 225
MOVE B182 235
DAMAGE TURRET A66 2
DAMAGE TURRET B68 1
DAMAGE TURRET B72 2
DAMAGE COMBAT A66 4
DAMAGE COMBAT B35 2
DAMAGE COMBAT B60 3
SIEGE A 0 14
END TURN 259
RESULT RIGHT_WIN HQ_DESTROYED
