[LEFT ""]
[RIGHT ""]
MAP
193 17
-11000 -10457 -10336 -9061 -9975 -9652 -8344 -9156 -7920 -7890 -7732 -7706 -7193 -7053 -7710 -6744 -8253 -6973 -6821 -6529 -6497 -7518 -6207 -6753 -6328 -6889 -5775 -5740 -5548 -5566 -5496 -5413 -5458 -5144 -4755 -5041 -4757 -4616 -5069 -4565 -4598 -4572 -4265 -4127 -3979 -4139 -3913 -3686 -3695 -3722 -3604 -3678 -3257 -3225 -3208 -3022 -3074 -3220 -3005 -2839 -2895 -2994 -2991 -2417 -2324 -2118 -2406 -2147 -2050 -1891 -1973 -1954 -2368 -1852 -1773 -1782 -1482 -1397 -1225 -970 -1038 -1081 -982 -850 -815 -739 -795 -808 -633 -517 -506 -314 -379 -205 -816 -22 0 22 816 205 379 314 506 517 633 808 795 739 815 850 982 1081 1038 970 1225 1397 1482 1782 1773 1852 2368 1954 1973 1891 2050 2147 2406 2118 2324 2417 2991 2994 2895 2839 3005 3220 3074 3022 3208 3225 3257 3678 3604 3722 3695 3686 3913 4139 3979 4127 4265 4572 4598 4565 5069 4616 4757 5041 4755 5144 5458 5413 5496 5566 5548 5740 5775 6889 6328 6753 6207 7518 6497 6529 6821 6973 8253 6744 7710 7053 7193 7706 7732 7890 7920 9156 8344 9652 9975 9061 10336 10457 11000
-1340 638 2622 -1923 -3384 -5397 -83 4362 -2642 1994 -1133 -4164 3343 -3388 -6046 -2352 6325 4523 948 2564 -1114 -7305 -4017 -8908 6811 8564 5594 3880 -7084 -241 -5130 2370 -6023 -2166 6709 -3789 5171 -6841 9448 3863 822 -9975 1950 -3341 -4551 -804 2962 -5661 -7311 7397 -1957 5681 4400 -8583 -2907 -780 1885 10589 8221 3095 -4126 6549 754 5366 -7902 -50 -6267 -2419 7002 8950 1980 -3481 -10381 -4814 -1295 3513 -7003 996 6465 -5696 8112 -3633 5207 2216 -1426 3774 -11145 -8854 -7202 -2802 710 -4370 -8103 6581 10584 1849 0 -1849 -10584 -6581 8103 4370 -710 2802 7202 8854 11145 -3774 1426 -2216 -5207 3633 -8112 5696 -6465 -996 7003 -3513 1295 4814 10381 3481 -1980 -8950 -7002 2419 6267 50 7902 -5366 -754 -6549 4126 -3095 -8221 -10589 -1885 780 2907 8583 -4400 -5681 1957 -7397 7311 5661 -2962 804 4551 3341 -1950 9975 -822 -3863 -9448 6841 -5171 3789 -6709 2166 6023 -2370 5130 241 7084 -3880 -5594 -8564 -6811 8908 4017 7305 1114 -2564 -948 -4523 -6325 2352 6046 3388 -3343 4164 1133 -1994 2642 -4362 83 5397 3384 1923 -2622 -638 1340
STRONGHOLDS 3 16 26 49 53 68 88 94 96 98 104 124 139 143 166 176 189
3 1 3 4
5 0 2 3 6 9
3 1 7 9
6 0 1 4 6 8 10
5 0 3 5 8 11
4 4 11 14 21
5 1 3 9 10 18
5 2 9 12 16 17
6 3 4 10 11 13 15
7 1 2 6 7 12 18 19
6 3 6 8 15 18 20
6 4 5 8 13 14 22
5 7 9 17 19 27
4 8 11 15 22
7 5 11 21 22 28 30 32
6 8 10 13 20 22 33
4 7 17 24 25
6 7 12 16 24 26 27
8 6 9 10 19 20 29 31 40
5 9 12 18 27 31
5 10 15 18 29 33
4 5 14 23 28
7 11 13 14 15 30 33 35
3 21 28 41
6 16 17 25 26 34 38
3 16 24 38
5 17 24 27 34 36
7 12 17 19 26 31 36 39
8 14 21 23 32 37 41 48 53
5 18 20 33 40 45
6 14 22 32 35 44 47
7 18 19 27 39 40 42 46
5 14 28 30 37 47
8 15 20 22 29 35 43 45 50
6 24 26 36 38 49 51
5 22 30 33 43 44
6 26 27 34 39 51 52
4 28 32 47 48
6 24 25 34 49 57 58
5 27 31 36 46 52
6 18 29 31 42 45 62
4 23 28 53 72
5 31 40 46 56 62
6 33 35 44 50 54 60
5 30 35 43 47 60
6 29 33 40 50 55 62
6 31 39 42 52 56 59
8 30 32 37 44 48 60 66 73
6 28 37 47 53 64 66
5 34 38 51 58 61
6 33 43 45 54 55 67
6 34 36 49 52 61 63
7 36 39 46 51 59 63 75
5 28 41 48 64 72
5 43 50 60 67 71
6 45 50 62 65 67 74
5 42 46 59 62 70
4 38 58 69 94
6 38 49 57 61 68 69
5 46 52 56 70 75
6 43 44 47 54 71 73
5 49 51 58 63 68
8 40 42 45 55 56 65 70 77
7 51 52 61 68 75 78 82
7 48 53 66 72 76 87 92
7 55 62 74 77 84 90 96
6 47 48 64 73 76 79
8 50 54 55 71 74 81 84 89
6 58 61 63 69 78 80
5 57 58 68 80 94
6 56 59 62 75 77 83
5 54 60 67 73 81
5 41 53 64 86 87
7 47 60 66 71 79 81 91
4 55 65 67 84
7 52 59 63 70 82 83 85
5 64 66 79 88 92
5 62 65 70 83 90
5 63 68 80 82 93
7 66 73 76 88 91 99 110
7 68 69 78 93 94 100 105
5 67 71 73 89 91
7 63 75 78 85 93 101 113
7 70 75 77 85 90 95 103
7 65 67 74 89 96 97 102
5 75 82 83 101 103
3 72 87 98
6 64 72 86 92 98 112
4 76 79 92 99
7 67 81 84 91 97 107 109
6 65 77 83 95 96 108
6 73 79 81 89 107 110
6 64 76 87 88 99 112
6 78 80 82 100 104 113
5 57 69 80 105 106
4 83 90 103 108
6 65 84 90 102 108 127
4 84 89 102 109
5 86 87 112 123 135
6 79 88 92 110 112 114
6 80 93 104 105 116 128
6 82 85 103 111 113 119
6 84 96 97 109 115 127
7 83 85 95 101 108 111 125
4 93 100 113 116
6 80 94 100 106 120 128
3 94 105 120
5 89 91 109 110 117
7 90 95 96 103 118 125 127
7 89 97 102 107 115 117 122
7 79 91 99 107 114 117 129
5 101 103 119 121 125
7 87 92 98 99 114 123 124
7 82 93 101 104 116 119 126
5 99 110 112 124 129
5 102 109 122 127 130
5 100 104 113 126 128
7 107 109 110 122 129 133 140
4 108 125 127 137
7 101 111 113 121 126 132 145
5 105 106 128 139 151
5 111 119 125 132 138
6 109 115 117 130 133 136
5 98 112 124 134 135
6 112 114 123 129 131 134
8 103 108 111 118 121 137 138 142
6 113 116 119 128 144 145
7 96 102 108 115 118 130 137
7 100 105 116 120 126 139 144
7 110 114 117 124 131 140 141
8 115 122 127 136 137 147 150 152
5 124 129 134 141 143
6 119 121 138 145 148 149
5 117 122 136 140 146
6 123 124 131 135 143 154
4 98 123 134 154
5 122 130 133 146 150
6 118 125 127 130 142 147
5 121 125 132 142 149
5 120 128 144 151 164
7 117 129 133 141 146 153 156
6 129 131 140 143 156 158
6 125 137 138 147 149 159
5 131 134 141 154 158
6 126 128 139 145 155 164
8 119 126 132 144 148 155 160 162
6 133 136 140 150 153 161
6 130 137 142 152 159 163
5 132 145 149 157 162
6 132 138 142 148 157 159
5 130 136 146 152 161
4 120 139 164 169
6 130 147 150 161 163 174
5 140 146 156 161 165
6 134 135 143 158 167 168
4 144 145 160 164
6 140 141 153 158 165 166
5 148 149 159 162 170
6 141 143 154 156 166 168
8 142 147 149 157 163 170 172 177
5 145 155 162 164 178
7 146 150 152 153 165 173 174
6 145 148 157 160 170 178
5 147 152 159 172 174
8 139 144 151 155 160 169 171 178
7 153 156 161 166 173 175 180
5 156 158 165 168 175
3 154 168 176
6 154 158 166 167 175 176
3 151 164 171
7 157 159 162 177 178 179 181
4 164 169 178 187
5 159 163 174 177 182
5 161 165 174 180 183
8 152 161 163 172 173 182 183 186
6 165 166 168 176 180 185
4 167 168 175 185
6 159 170 172 179 182 184
7 160 162 164 170 171 181 187
4 170 177 181 184
5 165 173 175 183 185
6 170 178 179 184 187 188
6 172 174 177 184 186 189
7 173 174 180 185 186 190 191
6 177 179 181 182 188 189
5 175 176 180 183 190
5 174 182 183 189 191
4 171 178 181 188
5 181 184 187 189 192
6 182 184 186 188 191 192
3 183 185 191
5 183 186 189 190 192
3 188 189 191
END MAP
TURN 1
COMMAND LEFT START
MOVE A2 96
UPGRADE 0
COMMAND LEFT END
COMMAND RIGHT START
MOVE B1 189
MOVE B2 96
COMMAND RIGHT END
TURN 1 RESULT
TIME LEFT 41 5 RIGHT 1 5
UPGRADE A 0
MOVE A2 3
MOVE B1 189
MOVE B2 189
END TURN 1
TURN 2
COMMAND LEFT START
COMMAND LEFT END
COMMAND RIGHT START
UPGRADE 189
COMMAND RIGHT END
TURN 2 RESULT
TIME LEFT 1 5 RIGHT 0 5
UPGRADE B 189
MOVE A2 10
MOVE B2 182
END TURN 2
TURN 3
COMMAND LEFT START
COMMAND LEFT END
COMMAND RIGHT START
COMMAND RIGHT END
TURN 3 RESULT
TIME LEFT 1 5 RIGHT 0 5
MOVE A2 20
MOVE B2 172
END TURN 3
TURN 4
COMMAND LEFT START
COMMAND LEFT END
COMMAND RIGHT START
COMMAND RIGHT END
TURN 4 RESULT
TIME LEFT 1 5 RIGHT 0 5
MOVE A2 29
MOVE B2 163
END TURN 4
TURN 5
COMMAND LEFT START
COMMAND LEFT END
COMMAND RIGHT START
COMMAND RIGHT END
TURN 5 RESULT
TIME LEFT 1 5 RIGHT 0 5
MOVE A2 45
MOVE B2 147
END TURN 5
TURN 6
COMMAND LEFT START
COMMAND LEFT END
COMMAND RIGHT START
COMMAND RIGHT END
TURN 6 RESULT
TIME LEFT 1 5 RIGHT 0 5
MOVE A2 55
MOVE B2 137
END TURN 6
TURN 7
COMMAND LEFT START
COMMAND LEFT END
COMMAND RIGHT START
COMMAND RIGHT END
TURN 7 RESULT
TIME LEFT 1 5 RIGHT 0 5
MOVE A2 65
MOVE B2 127
END TURN 7
TURN 8
COMMAND LEFT START
COMMAND LEFT END
COMMAND RIGHT START
COMMAND RIGHT END
TURN 8 RESULT
TIME LEFT 0 5 RIGHT 0 5
MOVE A2 96
MOVE B2 96
DAMAGE COMBAT A2 1
DAMAGE COMBAT B2 1
END TURN 8
TURN 9
COMMAND LEFT START
MOVE A2 0
COMMAND LEFT END
COMMAND RIGHT START
COMMAND RIGHT END
TURN 9 RESULT
TIME LEFT 0 5 RIGHT 0 5
DAMAGE COMBAT A2 1
DAMAGE COMBAT B2 1
END TURN 9
TURN 10
COMMAND LEFT START
COMMAND LEFT END
COMMAND RIGHT START
COMMAND RIGHT END
TURN 10 RESULT
TIME LEFT 0 5 RIGHT 0 5
DAMAGE COMBAT A2 1
DAMAGE COMBAT B2 1
END TURN 10
TURN 11
COMMAND LEFT START
COMMAND LEFT END
COMMAND RIGHT START
COMMAND RIGHT END
TURN 11 RESULT
TIME LEFT 0 5 RIGHT 0 5
DAMAGE COMBAT A2 1
DAMAGE COMBAT B2 1
END TURN 11
TURN 12
COMMAND LEFT START
COMMAND LEFT END
COMMAND RIGHT START
MOVE B3 96
TRAIN 1
COMMAND RIGHT END
TURN 12 RESULT
TIME LEFT 1 5 RIGHT 0 5
TRAIN B4
MOVE B3 189
END TURN 12
TURN 13
COMMAND LEFT START
TRAIN 1
COMMAND LEFT END
COMMAND RIGHT START
COMMAND RIGHT END
TURN 13 RESULT
TIME LEFT 1 5 RIGHT 0 5
TRAIN A4
MOVE B3 182
END TURN 13
TURN 14
COMMAND LEFT START
MOVE A4 96
COMMAND LEFT END
COMMAND RIGHT START
COMMAND RIGHT END
TURN 14 RESULT
TIME LEFT 1 5 RIGHT 0 5
MOVE A4 3
MOVE B3 172
END TURN 14
TURN 15
COMMAND LEFT START
COMMAND LEFT END
COMMAND RIGHT START
COMMAND RIGHT END
TURN 15 RESULT
TIME LEFT 1 5 RIGHT 0 5
MOVE A4 10
MOVE B3 163
END TURN 15
TURN 16
COMMAND LEFT START
COMMAND LEFT END
COMMAND RIGHT START
COMMAND RIGHT END
TURN 16 RESULT
TIME LEFT 1 5 RIGHT 0 5
MOVE A4 20
MOVE B3 147
END TURN 16
TURN 17
COMMAND LEFT START
COMMAND LEFT END
COMMAND RIGHT START
COMMAND RIGHT END
TURN 17 RESULT
TIME LEFT 1 5 RIGHT 0 5
MOVE A4 29
MOVE B3 137
END TURN 17
TURN 18
COMMAND LEFT START
COMMAND LEFT END
COMMAND RIGHT START
COMMAND RIGHT END
TURN 18 RESULT
TIME LEFT 1 5 RIGHT 0 5
MOVE A4 45
MOVE B3 127
END TURN 18
TURN 19
COMMAND LEFT START
TRAIN 1
COMMAND LEFT END
COMMAND RIGHT START
COMMAND RIGHT END
TURN 19 RESULT
TIME LEFT 1 5 RIGHT 0 5
TRAIN A5
MOVE A4 55
MOVE B3 96
END TURN 19
TURN 20
COMMAND LEFT START
COMMAND LEFT END
COMMAND RIGHT START
UPGRADE 96
COMMAND RIGHT END
TURN 20 RESULT
TIME LEFT 0 5 RIGHT 0 5
UPGRADE B 96
MOVE A4 65
END TURN 20
TURN 21
COMMAND LEFT START
MOVE A5 49
COMMAND LEFT END
COMMAND RIGHT START
COMMAND RIGHT END
TURN 21 RESULT
TIME LEFT 1 5 RIGHT 0 5
MOVE A4 96
MOVE A5 1
DAMAGE TURRET A4 1
DAMAGE COMBAT A4 1
DAMAGE COMBAT B3 1
END TURN 21
TURN 22
COMMAND LEFT START
COMMAND LEFT END
COMMAND RIGHT START
TRAIN 1
COMMAND RIGHT END
TURN 22 RESULT
TIME LEFT 0 5 RIGHT 0 5
TRAIN B5
MOVE A5 9
DAMAGE TURRET A4 1
DAMAGE COMBAT A4 1
DAMAGE COMBAT B3 1
END TURN 22
TURN 23
COMMAND LEFT START
COMMAND LEFT END
COMMAND RIGHT START
COMMAND RIGHT END
TURN 23 RESULT
TIME LEFT 0 5 RIGHT 0 5
MOVE A5 12
DAMAGE TURRET A4 1
DAMAGE COMBAT B3 1
END TURN 23
TURN 24
COMMAND LEFT START
COMMAND LEFT END
COMMAND RIGHT START
COMMAND RIGHT END
TURN 24 RESULT
TIME LEFT 0 5 RIGHT 0 5
MOVE A5 17
END TURN 24
TURN 25
COMMAND LEFT START
COMMAND LEFT END
COMMAND RIGHT START
COMMAND RIGHT END
TURN 25 RESULT
TIME LEFT 0 5 RIGHT 0 5
MOVE A5 26
END TURN 25
TURN 26
COMMAND LEFT START
COMMAND LEFT END
COMMAND RIGHT START
COMMAND RIGHT END
TURN 26 RESULT
TIME LEFT 1 5 RIGHT 0 5
MOVE A5 34
END TURN 26
TURN 27
COMMAND LEFT START
COMMAND LEFT END
COMMAND RIGHT START
COMMAND RIGHT END
TURN 27 RESULT
TIME LEFT 0 5 RIGHT 0 5
MOVE A5 49
END TURN 27
TURN 28
COMMAND LEFT START
UPGRADE 49
COMMAND LEFT END
COMMAND RIGHT START
COMMAND RIGHT END
TURN 28 RESULT
TIME LEFT 1 5 RIGHT 0 5
UPGRADE A 49
END TURN 28
TURN 29
COMMAND LEFT START
COMMAND LEFT END
COMMAND RIGHT START
COMMAND RIGHT END
TURN 29 RESULT
TIME LEFT 1 5 RIGHT 0 5
END TURN 29
TURN 30
COMMAND LEFT START
COMMAND LEFT END
COMMAND RIGHT START
COMMAND RIGHT END
TURN 30 RESULT
TIME LEFT 1 5 RIGHT 0 5
END TURN 30
TURN 31
COMMAND LEFT START
TRAIN 1
COMMAND LEFT END
COMMAND RIGHT START
COMMAND RIGHT END
TURN 31 RESULT
TIME LEFT 1 5 RIGHT 0 5
TRAIN A6
END TURN 31
TURN 32
COMMAND LEFT START
MOVE A6 68
COMMAND LEFT END
COMMAND RIGHT START
MOVE B5 176
COMMAND RIGHT END
TURN 32 RESULT
TIME LEFT 1 5 RIGHT 0 5
MOVE A6 1
MOVE B5 191
END TURN 32
TURN 33
COMMAND LEFT START
COMMAND LEFT END
COMMAND RIGHT START
COMMAND RIGHT END
TURN 33 RESULT
TIME LEFT 0 5 RIGHT 0 5
MOVE A6 9
MOVE B5 190
END TURN 33
TURN 34
COMMAND LEFT START
COMMAND LEFT END
COMMAND RIGHT START
COMMAND RIGHT END
TURN 34 RESULT
TIME LEFT 0 5 RIGHT 0 5
MOVE A6 19
MOVE B5 185
END TURN 34
TURN 35
COMMAND LEFT START
COMMAND LEFT END
COMMAND RIGHT START
COMMAND RIGHT END
TURN 35 RESULT
TIME LEFT 0 5 RIGHT 0 5
MOVE A6 27
MOVE B5 176
END TURN 35
TURN 36
COMMAND LEFT START
COMMAND LEFT END
COMMAND RIGHT START
UPGRADE 176
COMMAND RIGHT END
TURN 36 RESULT
TIME LEFT 0 5 RIGHT 0 5
UPGRADE B 176
MOVE A6 36
END TURN 36
TURN 37
COMMAND LEFT START
COMMAND LEFT END
COMMAND RIGHT START
COMMAND RIGHT END
TURN 37 RESULT
TIME LEFT 0 5 RIGHT 0 5
MOVE A6 51
END TURN 37
TURN 38
COMMAND LEFT START
COMMAND LEFT END
COMMAND RIGHT START
COMMAND RIGHT END
TURN 38 RESULT
TIME LEFT 0 5 RIGHT 0 5
MOVE A6 61
END TURN 38
TURN 39
COMMAND LEFT START
COMMAND LEFT END
COMMAND RIGHT START
TRAIN 1
COMMAND RIGHT END
TURN 39 RESULT
TIME LEFT 0 5 RIGHT 0 5
TRAIN B6
MOVE A6 68
END TURN 39
TURN 40
COMMAND LEFT START
COMMAND LEFT END
COMMAND RIGHT START
COMMAND RIGHT END
TURN 40 RESULT
TIME LEFT 1 5 RIGHT 0 5
END TURN 40
TURN 41
COMMAND LEFT START
COMMAND LEFT END
COMMAND RIGHT START
COMMAND RIGHT END
TURN 41 RESULT
TIME LEFT 0 5 RIGHT 0 5
END TURN 41
TURN 42
COMMAND LEFT START
COMMAND LEFT END
COMMAND RIGHT START
COMMAND RIGHT END
TURN 42 RESULT
TIME LEFT 0 5 RIGHT 0 5
END TURN 42
TURN 43
COMMAND LEFT START
COMMAND LEFT END
COMMAND RIGHT START
COMMAND RIGHT END
TURN 43 RESULT
TIME LEFT 0 5 RIGHT 0 5
END TURN 43
TURN 44
COMMAND LEFT START
COMMAND LEFT END
COMMAND RIGHT START
MOVE B6 166
COMMAND RIGHT END
TURN 44 RESULT
TIME LEFT 0 5 RIGHT 0 5
MOVE B6 191
END TURN 44
TURN 45
COMMAND LEFT START
UPGRADE 68
COMMAND LEFT END
COMMAND RIGHT START
COMMAND RIGHT END
TURN 45 RESULT
TIME LEFT 1 5 RIGHT 0 5
UPGRADE A 68
MOVE B6 183
END TURN 45
TURN 46
COMMAND LEFT START
COMMAND LEFT END
COMMAND RIGHT START
COMMAND RIGHT END
TURN 46 RESULT
TIME LEFT 1 5 RIGHT 0 5
MOVE B6 180
END TURN 46
TURN 47
COMMAND LEFT START
TRAIN 1
COMMAND LEFT END
COMMAND RIGHT START
COMMAND RIGHT END
TURN 47 RESULT
TIME LEFT 1 5 RIGHT 0 5
TRAIN A7
MOVE B6 175
END TURN 47
TURN 48
COMMAND LEFT START
MOVE A7 3
COMMAND LEFT END
COMMAND RIGHT START
COMMAND RIGHT END
TURN 48 RESULT
TIME LEFT 1 5 RIGHT 0 5
MOVE A7 3
MOVE B6 166
END TURN 48
TURN 49
COMMAND LEFT START
COMMAND LEFT END
COMMAND RIGHT START
UPGRADE 166
COMMAND RIGHT END
TURN 49 RESULT
TIME LEFT 0 5 RIGHT 0 5
UPGRADE B 166
END TURN 49
TURN 50
COMMAND LEFT START
COMMAND LEFT END
COMMAND RIGHT START
COMMAND RIGHT END
TURN 50 RESULT
TIME LEFT 0 5 RIGHT 0 5
END TURN 50
TURN 51
COMMAND LEFT START
COMMAND LEFT END
COMMAND RIGHT START
COMMAND RIGHT END
TURN 51 RESULT
TIME LEFT 0 5 RIGHT 0 5
END TURN 51
TURN 52
COMMAND LEFT START
COMMAND LEFT END
COMMAND RIGHT START
COMMAND RIGHT END
TURN 52 RESULT
TIME LEFT 0 5 RIGHT 0 5
END TURN 52
TURN 53
COMMAND LEFT START
COMMAND LEFT END
COMMAND RIGHT START
COMMAND RIGHT END
TURN 53 RESULT
TIME LEFT 0 5 RIGHT 0 5
END TURN 53
TURN 54
COMMAND LEFT START
COMMAND LEFT END
COMMAND RIGHT START
COMMAND RIGHT END
TURN 54 RESULT
TIME LEFT 1 5 RIGHT 0 5
END TURN 54
TURN 55
COMMAND LEFT START
COMMAND LEFT END
COMMAND RIGHT START
COMMAND RIGHT END
TURN 55 RESULT
TIME LEFT 0 5 RIGHT 0 5
END TURN 55
TURN 56
COMMAND LEFT START
COMMAND LEFT END
COMMAND RIGHT START
COMMAND RIGHT END
TURN 56 RESULT
TIME LEFT 0 5 RIGHT 0 5
END TURN 56
TURN 57
COMMAND LEFT START
UPGRADE 3
COMMAND LEFT END
COMMAND RIGHT START
COMMAND RIGHT END
TURN 57 RESULT
TIME LEFT 1 5 RIGHT 0 5
UPGRADE A 3
END TURN 57
TURN 58
COMMAND LEFT START
COMMAND LEFT END
COMMAND RIGHT START
UPGRADE 192
COMMAND RIGHT END
TURN 58 RESULT
TIME LEFT 1 5 RIGHT 0 5
UPGRADE B 192
END TURN 58
TURN 59
COMMAND LEFT START
TRAIN 1
COMMAND LEFT END
COMMAND RIGHT START
COMMAND RIGHT END
TURN 59 RESULT
TIME LEFT 1 5 RIGHT 0 5
TRAIN A8
END TURN 59
TURN 60
COMMAND LEFT START
MOVE A8 16
COMMAND LEFT END
COMMAND RIGHT START
TRAIN 1
COMMAND RIGHT END
TURN 60 RESULT
TIME LEFT 1 5 RIGHT 0 5
TRAIN B7
MOVE A8 1
END TURN 60
TURN 61
COMMAND LEFT START
COMMAND LEFT END
COMMAND RIGHT START
COMMAND RIGHT END
TURN 61 RESULT
TIME LEFT 0 5 RIGHT 0 5
MOVE A8 2
END TURN 61
TURN 62
COMMAND LEFT START
COMMAND LEFT END
COMMAND RIGHT START
COMMAND RIGHT END
TURN 62 RESULT
TIME LEFT 0 5 RIGHT 0 5
MOVE A8 7
END TURN 62
TURN 63
COMMAND LEFT START
COMMAND LEFT END
COMMAND RIGHT START
COMMAND RIGHT END
TURN 63 RESULT
TIME LEFT 0 5 RIGHT 0 5
MOVE A8 16
END TURN 63
TURN 64
COMMAND LEFT START
COMMAND LEFT END
COMMAND RIGHT START
COMMAND RIGHT END
TURN 64 RESULT
TIME LEFT 0 5 RIGHT 0 5
END TURN 64
TURN 65
COMMAND LEFT START
COMMAND LEFT END
COMMAND RIGHT START
COMMAND RIGHT END
TURN 65 RESULT
TIME LEFT 0 5 RIGHT 0 5
END TURN 65
TURN 66
COMMAND LEFT START
COMMAND LEFT END
COMMAND RIGHT START
COMMAND RIGHT END
TURN 66 RESULT
TIME LEFT 0 5 RIGHT 0 5
END TURN 66
TURN 67
COMMAND LEFT START
UPGRADE 16
COMMAND LEFT END
COMMAND RIGHT START
UPGRADE 189
COMMAND RIGHT END
TURN 67 RESULT
TIME LEFT 1 5 RIGHT 0 5
UPGRADE A 16
UPGRADE B 189
END TURN 67
TURN 68
COMMAND LEFT START
COMMAND LEFT END
COMMAND RIGHT START
COMMAND RIGHT END
TURN 68 RESULT
TIME LEFT 1 5 RIGHT 0 5
END TURN 68
TURN 69
COMMAND LEFT START
TRAIN 1
COMMAND LEFT END
COMMAND RIGHT START
TRAIN 1
COMMAND RIGHT END
TURN 69 RESULT
TIME LEFT 1 5 RIGHT 0 5
TRAIN A9 B8
END TURN 69
TURN 70
COMMAND LEFT START
MOVE A9 26
COMMAND LEFT END
COMMAND RIGHT START
MOVE B4 189
COMMAND RIGHT END
TURN 70 RESULT
TIME LEFT 1 5 RIGHT 0 5
MOVE A9 1
MOVE B4 189
END TURN 70
TURN 71
COMMAND LEFT START
COMMAND LEFT END
COMMAND RIGHT START
COMMAND RIGHT END
TURN 71 RESULT
TIME LEFT 2 5 RIGHT 1 5
MOVE A9 9
END TURN 71
TURN 72
COMMAND LEFT START
COMMAND LEFT END
COMMAND RIGHT START
COMMAND RIGHT END
TURN 72 RESULT
TIME LEFT 0 5 RIGHT 0 5
MOVE A9 12
END TURN 72
TURN 73
COMMAND LEFT START
COMMAND LEFT END
COMMAND RIGHT START
COMMAND RIGHT END
TURN 73 RESULT
TIME LEFT 0 5 RIGHT 0 5
MOVE A9 17
END TURN 73
TURN 74
COMMAND LEFT START
COMMAND LEFT END
COMMAND RIGHT START
COMMAND RIGHT END
TURN 74 RESULT
TIME LEFT 0 5 RIGHT 0 5
MOVE A9 26
END TURN 74
TURN 75
COMMAND LEFT START
COMMAND LEFT END
COMMAND RIGHT START
COMMAND RIGHT END
TURN 75 RESULT
TIME LEFT 0 5 RIGHT 0 5
END TURN 75
TURN 76
COMMAND LEFT START
UPGRADE 26
COMMAND LEFT END
COMMAND RIGHT START
COMMAND RIGHT END
TURN 76 RESULT
TIME LEFT 0 5 RIGHT 0 5
UPGRADE A 26
END TURN 76
TURN 77
COMMAND LEFT START
COMMAND LEFT END
COMMAND RIGHT START
COMMAND RIGHT END
TURN 77 RESULT
TIME LEFT 0 5 RIGHT 0 5
END TURN 77
TURN 78
COMMAND LEFT START
COMMAND LEFT END
COMMAND RIGHT START
COMMAND RIGHT END
TURN 78 RESULT
TIME LEFT 0 5 RIGHT 0 5
END TURN 78
TURN 79
COMMAND LEFT START
COMMAND LEFT END
COMMAND RIGHT START
COMMAND RIGHT END
TURN 79 RESULT
TIME LEFT 0 5 RIGHT 0 5
END TURN 79
TURN 80
COMMAND LEFT START
COMMAND LEFT END
COMMAND RIGHT START
UPGRADE 192
COMMAND RIGHT END
TURN 80 RESULT
TIME LEFT 0 5 RIGHT 0 5
UPGRADE B 192
END TURN 80
TURN 81
COMMAND LEFT START
COMMAND LEFT END
COMMAND RIGHT START
TRAIN 1
COMMAND RIGHT END
TURN 81 RESULT
TIME LEFT 0 5 RIGHT 0 5
TRAIN B9
END TURN 81
TURN 82
COMMAND LEFT START
COMMAND LEFT END
COMMAND RIGHT START
COMMAND RIGHT END
TURN 82 RESULT
TIME LEFT 1 5 RIGHT 0 5
END TURN 82
TURN 83
COMMAND LEFT START
COMMAND LEFT END
COMMAND RIGHT START
COMMAND RIGHT END
TURN 83 RESULT
TIME LEFT 0 5 RIGHT 0 5
END TURN 83
TURN 84
COMMAND LEFT START
COMMAND LEFT END
COMMAND RIGHT START
COMMAND RIGHT END
TURN 84 RESULT
TIME LEFT 0 5 RIGHT 0 5
END TURN 84
TURN 85
COMMAND LEFT START
COMMAND LEFT END
COMMAND RIGHT START
COMMAND RIGHT END
TURN 85 RESULT
TIME LEFT 0 5 RIGHT 0 5
END TURN 85
TURN 86
COMMAND LEFT START
COMMAND LEFT END
COMMAND RIGHT START
COMMAND RIGHT END
TURN 86 RESULT
TIME LEFT 0 5 RIGHT 0 5
END TURN 86
TURN 87
COMMAND LEFT START
UPGRADE 0
COMMAND LEFT END
COMMAND RIGHT START
UPGRADE 176
COMMAND RIGHT END
TURN 87 RESULT
TIME LEFT 0 5 RIGHT 0 5
UPGRADE A 0
UPGRADE B 176
END TURN 87
TURN 88
COMMAND LEFT START
COMMAND LEFT END
COMMAND RIGHT START
TRAIN 1
COMMAND RIGHT END
TURN 88 RESULT
TIME LEFT 0 5 RIGHT 0 5
TRAIN B10
END TURN 88
TURN 89
COMMAND LEFT START
COMMAND LEFT END
COMMAND RIGHT START
MOVE B7 176
COMMAND RIGHT END
TURN 89 RESULT
TIME LEFT 0 5 RIGHT 0 5
MOVE B7 191
END TURN 89
TURN 90
COMMAND LEFT START
COMMAND LEFT END
COMMAND RIGHT START
COMMAND RIGHT END
TURN 90 RESULT
TIME LEFT 0 5 RIGHT 0 5
MOVE B7 190
END TURN 90
TURN 91
COMMAND LEFT START
COMMAND LEFT END
COMMAND RIGHT START
COMMAND RIGHT END
TURN 91 RESULT
TIME LEFT 0 5 RIGHT 0 5
MOVE B7 185
END TURN 91
TURN 92
COMMAND LEFT START
COMMAND LEFT END
COMMAND RIGHT START
COMMAND RIGHT END
TURN 92 RESULT
TIME LEFT 0 5 RIGHT 0 5
MOVE B7 176
END TURN 92
TURN 93
COMMAND LEFT START
UPGRADE 3
COMMAND LEFT END
COMMAND RIGHT START
UPGRADE 166
COMMAND RIGHT END
TURN 93 RESULT
TIME LEFT 0 5 RIGHT 0 5
UPGRADE A 3
UPGRADE B 166
END TURN 93
TURN 94
COMMAND LEFT START
TRAIN 1
COMMAND LEFT END
COMMAND RIGHT START
TRAIN 1
COMMAND RIGHT END
TURN 94 RESULT
TIME LEFT 0 5 RIGHT 0 5
TRAIN A10 B11
END TURN 94
TURN 95
COMMAND LEFT START
MOVE A10 3
COMMAND LEFT END
COMMAND RIGHT START
MOVE B8 166
COMMAND RIGHT END
TURN 95 RESULT
TIME LEFT 1 5 RIGHT 0 5
MOVE A10 3
MOVE B8 191
END TURN 95
TURN 96
COMMAND LEFT START
COMMAND LEFT END
COMMAND RIGHT START
COMMAND RIGHT END
TURN 96 RESULT
TIME LEFT 0 5 RIGHT 0 5
MOVE B8 183
END TURN 96
TURN 97
COMMAND LEFT START
COMMAND LEFT END
COMMAND RIGHT START
COMMAND RIGHT END
TURN 97 RESULT
TIME LEFT 0 5 RIGHT 0 5
MOVE B8 180
END TURN 97
TURN 98
COMMAND LEFT START
COMMAND LEFT END
COMMAND RIGHT START
COMMAND RIGHT END
TURN 98 RESULT
TIME LEFT 0 5 RIGHT 0 5
MOVE B8 175
END TURN 98
TURN 99
COMMAND LEFT START
UPGRADE 16
COMMAND LEFT END
COMMAND RIGHT START
UPGRADE 96
COMMAND RIGHT END
TURN 99 RESULT
TIME LEFT 0 5 RIGHT 0 5
UPGRADE A 16
UPGRADE B 96
MOVE B8 166
END TURN 99
TURN 100
COMMAND LEFT START
COMMAND LEFT END
COMMAND RIGHT START
TRAIN 1
COMMAND RIGHT END
TURN 100 RESULT
TIME LEFT 0 5 RIGHT 0 5
TRAIN B12
END TURN 100
TURN 101
COMMAND LEFT START
TRAIN 1
COMMAND LEFT END
COMMAND RIGHT START
MOVE B9 96
COMMAND RIGHT END
TURN 101 RESULT
TIME LEFT 0 5 RIGHT 0 5
TRAIN A11
MOVE B9 189
END TURN 101
TURN 102
COMMAND LEFT START
MOVE A11 16
COMMAND LEFT END
COMMAND RIGHT START
COMMAND RIGHT END
TURN 102 RESULT
TIME LEFT 0 5 RIGHT 0 5
MOVE A11 1
MOVE B9 182
END TURN 102
TURN 103
COMMAND LEFT START
COMMAND LEFT END
COMMAND RIGHT START
COMMAND RIGHT END
TURN 103 RESULT
TIME LEFT 0 5 RIGHT 0 5
MOVE A11 2
MOVE B9 172
END TURN 103
TURN 104
COMMAND LEFT START
COMMAND LEFT END
COMMAND RIGHT START
COMMAND RIGHT END
TURN 104 RESULT
TIME LEFT 0 5 RIGHT 0 5
MOVE A11 7
MOVE B9 163
END TURN 104
TURN 105
COMMAND LEFT START
COMMAND LEFT END
COMMAND RIGHT START
UPGRADE 189
TRAIN 1
COMMAND RIGHT END
TURN 105 RESULT
TIME LEFT 0 5 RIGHT 0 5
UPGRADE B 189
TRAIN B13
MOVE A11 16
MOVE B9 147
END TURN 105
TURN 106
COMMAND LEFT START
UPGRADE 26
COMMAND LEFT END
COMMAND RIGHT START
MOVE B10 189
COMMAND RIGHT END
TURN 106 RESULT
TIME LEFT 0 5 RIGHT 0 5
UPGRADE A 26
MOVE B9 137
MOVE B10 189
END TURN 106
TURN 107
COMMAND LEFT START
TRAIN 1
COMMAND LEFT END
COMMAND RIGHT START
COMMAND RIGHT END
TURN 107 RESULT
TIME LEFT 0 5 RIGHT 0 5
TRAIN A12
MOVE B9 127
END TURN 107
TURN 108
COMMAND LEFT START
MOVE A12 26
COMMAND LEFT END
COMMAND RIGHT START
COMMAND RIGHT END
TURN 108 RESULT
TIME LEFT 0 5 RIGHT 0 5
MOVE A12 1
MOVE B9 96
END TURN 108
TURN 109
COMMAND LEFT START
COMMAND LEFT END
COMMAND RIGHT START
COMMAND RIGHT END
TURN 109 RESULT
TIME LEFT 1 5 RIGHT 0 5
MOVE A12 9
END TURN 109
TURN 110
COMMAND LEFT START
COMMAND LEFT END
COMMAND RIGHT START
UPGRADE 176
TRAIN 1
COMMAND RIGHT END
TURN 110 RESULT
TIME LEFT 0 5 RIGHT 0 5
UPGRADE B 176
TRAIN B14
MOVE A12 12
END TURN 110
TURN 111
COMMAND LEFT START
UPGRADE 49
COMMAND LEFT END
COMMAND RIGHT START
MOVE B11 176
COMMAND RIGHT END
TURN 111 RESULT
TIME LEFT 0 5 RIGHT 0 5
UPGRADE A 49
MOVE A12 17
MOVE B11 191
END TURN 111
TURN 112
COMMAND LEFT START
COMMAND LEFT END
COMMAND RIGHT START
COMMAND RIGHT END
TURN 112 RESULT
TIME LEFT 0 5 RIGHT 0 5
MOVE A12 26
MOVE B11 190
END TURN 112
TURN 113
COMMAND LEFT START
TRAIN 1
COMMAND LEFT END
COMMAND RIGHT START
COMMAND RIGHT END
TURN 113 RESULT
TIME LEFT 0 5 RIGHT 0 5
TRAIN A13
MOVE B11 185
END TURN 113
TURN 114
COMMAND LEFT START
MOVE A13 49
COMMAND LEFT END
COMMAND RIGHT START
UPGRADE 166
COMMAND RIGHT END
TURN 114 RESULT
TIME LEFT 0 5 RIGHT 0 5
UPGRADE B 166
MOVE A13 1
MOVE B11 176
END TURN 114
TURN 115
COMMAND LEFT START
COMMAND LEFT END
COMMAND RIGHT START
TRAIN 1
COMMAND RIGHT END
TURN 115 RESULT
TIME LEFT 0 5 RIGHT 0 5
TRAIN B15
MOVE A13 9
END TURN 115
TURN 116
COMMAND LEFT START
COMMAND LEFT END
COMMAND RIGHT START
MOVE B12 166
COMMAND RIGHT END
TURN 116 RESULT
TIME LEFT 0 5 RIGHT 0 5
MOVE A13 12
MOVE B12 191
END TURN 116
TURN 117
COMMAND LEFT START
UPGRADE 68
COMMAND LEFT END
COMMAND RIGHT START
COMMAND RIGHT END
TURN 117 RESULT
TIME LEFT 1 5 RIGHT 0 5
UPGRADE A 68
MOVE A13 17
MOVE B12 183
END TURN 117
TURN 118
COMMAND LEFT START
TRAIN 1
COMMAND LEFT END
COMMAND RIGHT START
COMMAND RIGHT END
TURN 118 RESULT
TIME LEFT 0 5 RIGHT 0 5
TRAIN A14
MOVE A13 26
MOVE B12 180
END TURN 118
TURN 119
COMMAND LEFT START
MOVE A14 68
COMMAND LEFT END
COMMAND RIGHT START
UPGRADE 96
TRAIN 1
COMMAND RIGHT END
TURN 119 RESULT
TIME LEFT 0 5 RIGHT 0 5
UPGRADE B 96
TRAIN B16
MOVE A13 34
MOVE A14 1
MOVE B12 175
END TURN 119
TURN 120
COMMAND LEFT START
COMMAND LEFT END
COMMAND RIGHT START
MOVE B13 96
COMMAND RIGHT END
TURN 120 RESULT
TIME LEFT 0 5 RIGHT 0 5
MOVE A13 49
MOVE A14 9
MOVE B12 166
MOVE B13 189
END TURN 120
TURN 121
COMMAND LEFT START
COMMAND LEFT END
COMMAND RIGHT START
COMMAND RIGHT END
TURN 121 RESULT
TIME LEFT 0 5 RIGHT 0 5
MOVE A14 19
MOVE B13 182
END TURN 121
TURN 122
COMMAND LEFT START
COMMAND LEFT END
COMMAND RIGHT START
COMMAND RIGHT END
TURN 122 RESULT
TIME LEFT 0 5 RIGHT 0 5
MOVE A14 27
MOVE B13 172
END TURN 122
TURN 123
COMMAND LEFT START
COMMAND LEFT END
COMMAND RIGHT START
TRAIN 1
COMMAND RIGHT END
TURN 123 RESULT
TIME LEFT 1 5 RIGHT 0 5
TRAIN B17
MOVE A14 36
MOVE B13 163
END TURN 123
TURN 124
COMMAND LEFT START
COMMAND LEFT END
COMMAND RIGHT START
MOVE B17 96
TRAIN 2
COMMAND RIGHT END
TURN 124 RESULT
TIME LEFT 3 5 RIGHT 0 5
TRAIN B18 B19
MOVE A14 51
MOVE B13 147
MOVE B17 189
END TURN 124
TURN 125
COMMAND LEFT START
COMMAND LEFT END
COMMAND RIGHT START
MOVE B19 139
MOVE B18 96
COMMAND RIGHT END
TURN 125 RESULT
TIME LEFT 0 5 RIGHT 0 5
MOVE A14 61
MOVE B13 137
MOVE B17 182
MOVE B18 189
MOVE B19 189
END TURN 125
TURN 126
COMMAND LEFT START
COMMAND LEFT END
COMMAND RIGHT START
TRAIN 2
COMMAND RIGHT END
TURN 126 RESULT
TIME LEFT 0 5 RIGHT 0 5
TRAIN B20 B21
MOVE A14 68
MOVE B13 127
MOVE B17 172
MOVE B18 182
MOVE B19 184
END TURN 126
TURN 127
COMMAND LEFT START
TRAIN 2
COMMAND LEFT END
COMMAND RIGHT START
MOVE B21 96
MOVE B20 96
TRAIN 2
COMMAND RIGHT END
TURN 127 RESULT
TIME LEFT 0 5 RIGHT 0 5
TRAIN A15 A16 B22 B23
MOVE B13 96
MOVE B17 163
MOVE B18 172
MOVE B19 179
MOVE B20 189
MOVE B21 189
END TURN 127
TURN 128
COMMAND LEFT START
MOVE A16 55
TRAIN 2
COMMAND LEFT END
COMMAND RIGHT START
MOVE B23 96
MOVE B22 96
TRAIN 1
COMMAND RIGHT END
TURN 128 RESULT
TIME LEFT 1 5 RIGHT 0 5
TRAIN A17 A18 B24
MOVE A16 3
MOVE B17 147
MOVE B18 163
MOVE B19 170
MOVE B20 182
MOVE B21 182
MOVE B22 189
MOVE B23 189
END TURN 128
TURN 129
COMMAND LEFT START
MOVE A17 68
MOVE A18 68
TRAIN 2
COMMAND LEFT END
COMMAND RIGHT START
MOVE B24 96
TRAIN 2
COMMAND RIGHT END
TURN 129 RESULT
TIME LEFT 1 5 RIGHT 0 5
TRAIN A19 A20 B25 B26
MOVE A16 10
MOVE A17 1
MOVE A18 1
MOVE B17 137
MOVE B18 147
MOVE B19 162
MOVE B20 172
MOVE B21 172
MOVE B22 182
MOVE B23 182
MOVE B24 189
END TURN 129
TURN 130
COMMAND LEFT START
MOVE A19 68
MOVE A20 68
TRAIN 2
COMMAND LEFT END
COMMAND RIGHT START
MOVE B26 96
MOVE B25 96
TRAIN 1
COMMAND RIGHT END
TURN 130 RESULT
TIME LEFT 1 5 RIGHT 0 5
TRAIN A21 A22 B27
MOVE A16 20
MOVE A17 9
MOVE A18 9
MOVE A19 1
MOVE A20 1
MOVE B17 127
MOVE B18 137
MOVE B19 160
MOVE B20 163
MOVE B21 163
MOVE B22 172
MOVE B23 172
MOVE B24 182
MOVE B25 189
MOVE B26 189
END TURN 130
TURN 131
COMMAND LEFT START
MOVE A21 68
MOVE A22 68
TRAIN 2
COMMAND LEFT END
COMMAND RIGHT START
MOVE B27 96
TRAIN 2
COMMAND RIGHT END
TURN 131 RESULT
TIME LEFT 1 5 RIGHT 0 5
TRAIN A23 A24 B28 B29
MOVE A16 29
MOVE A17 19
MOVE A18 19
MOVE A19 9
MOVE A20 9
MOVE A21 1
MOVE A22 1
MOVE B17 96
MOVE B18 127
MOVE B19 155
MOVE B20 147
MOVE B21 147
MOVE B22 163
MOVE B23 163
MOVE B24 172
MOVE B25 182
MOVE B26 182
MOVE B27 189
END TURN 131
TURN 132
COMMAND LEFT START
MOVE A23 68
MOVE A24 68
TRAIN 2
COMMAND LEFT END
COMMAND RIGHT START
TRAIN 1
COMMAND RIGHT END
TURN 132 RESULT
TIME LEFT 1 5 RIGHT 0 5
TRAIN A25 A26 B30
MOVE A16 45
MOVE A17 27
MOVE A18 27
MOVE A19 19
MOVE A20 19
MOVE A21 9
MOVE A22 9
MOVE A23 1
MOVE A24 1
MOVE B18 96
MOVE B19 144
MOVE B20 137
MOVE B21 137
MOVE B22 147
MOVE B23 147
MOVE B24 163
MOVE B25 172
MOVE B26 172
MOVE B27 182
END TURN 132
TURN 133
COMMAND LEFT START
MOVE A25 68
MOVE A26 68
TRAIN 2
COMMAND LEFT END
COMMAND RIGHT START
TRAIN 2
COMMAND RIGHT END
TURN 133 RESULT
TIME LEFT 1 5 RIGHT 0 5
TRAIN A27 A28 B31 B32
MOVE A16 55
MOVE A17 36
MOVE A18 36
MOVE A19 27
MOVE A20 27
MOVE A21 19
MOVE A22 19
MOVE A23 9
MOVE A24 9
MOVE A25 1
MOVE A26 1
MOVE B19 139
MOVE B20 127
MOVE B21 127
MOVE B22 137
MOVE B23 137
MOVE B24 147
MOVE B25 163
MOVE B26 163
MOVE B27 172
END TURN 133
TURN 134
COMMAND LEFT START
MOVE A16 3
MOVE A27 68
MOVE A28 68
TRAIN 2
COMMAND LEFT END
COMMAND RIGHT START
UPGRADE 139
COMMAND RIGHT END
TURN 134 RESULT
TIME LEFT 1 5 RIGHT 0 5
UPGRADE B 139
TRAIN A29 A30
MOVE A16 45
MOVE A17 51
MOVE A18 51
MOVE A19 36
MOVE A20 36
MOVE A21 27
MOVE A22 27
MOVE A23 19
MOVE A24 19
MOVE A25 9
MOVE A26 9
MOVE A27 1
MOVE A28 1
MOVE B20 96
MOVE B21 96
MOVE B22 127
MOVE B23 127
MOVE B24 137
MOVE B25 147
MOVE B26 147
MOVE B27 163
END TURN 134
TURN 135
COMMAND LEFT START
MOVE A29 182
MOVE A30 68
TRAIN 2
COMMAND LEFT END
COMMAND RIGHT START
COMMAND RIGHT END
TURN 135 RESULT
TIME LEFT 1 5 RIGHT 0 5
TRAIN A31 A32
MOVE A16 29
MOVE A17 61
MOVE A18 61
MOVE A19 51
MOVE A20 51
MOVE A21 36
MOVE A22 36
MOVE A23 27
MOVE A24 27
MOVE A25 19
MOVE A26 19
MOVE A27 9
MOVE A28 9
MOVE A29 3
MOVE A30 1
MOVE B22 96
MOVE B23 96
MOVE B24 127
MOVE B25 137
MOVE B26 137
MOVE B27 147
END TURN 135
TURN 136
COMMAND LEFT START
MOVE A31 68
MOVE A32 68
TRAIN 2
COMMAND LEFT END
COMMAND RIGHT START
MOVE B23 143
COMMAND RIGHT END
TURN 136 RESULT
TIME LEFT 1 5 RIGHT 0 5
TRAIN A33 A34
MOVE A16 20
MOVE A17 68
MOVE A18 68
MOVE A19 61
MOVE A20 61
MOVE A21 51
MOVE A22 51
MOVE A23 36
MOVE A24 36
MOVE A25 27
MOVE A26 27
MOVE A27 19
MOVE A28 19
MOVE A29 10
MOVE A30 9
MOVE A31 1
MOVE A32 1
MOVE B23 102
MOVE B24 96
MOVE B25 127
MOVE B26 127
MOVE B27 137
END TURN 136
TURN 137
COMMAND LEFT START
MOVE A33 68
MOVE A34 68
TRAIN 2
COMMAND LEFT END
COMMAND RIGHT START
MOVE B32 96
UPGRADE 139
COMMAND RIGHT END
TURN 137 RESULT
TIME LEFT 2 5 RIGHT 0 5
UPGRADE B 139
TRAIN A35 A36
MOVE A16 10
MOVE A19 68
MOVE A20 68
MOVE A21 61
MOVE A22 61
MOVE A23 51
MOVE A24 51
MOVE A25 36
MOVE A26 36
MOVE A27 27
MOVE A28 27
MOVE A29 20
MOVE A30 19
MOVE A31 9
MOVE A32 9
MOVE A33 1
MOVE A34 1
MOVE B23 109
MOVE B25 96
MOVE B26 96
MOVE B27 127
MOVE B32 189
END TURN 137
TURN 138
COMMAND LEFT START
MOVE A35 68
MOVE A36 68
TRAIN 2
COMMAND LEFT END
COMMAND RIGHT START
MOVE B3 139
COMMAND RIGHT END
TURN 138 RESULT
TIME LEFT 1 5 RIGHT 0 5
TRAIN A37 A38
MOVE A16 3
MOVE A21 68
MOVE A22 68
MOVE A23 61
MOVE A24 61
MOVE A25 51
MOVE A26 51
MOVE A27 36
MOVE A28 36
MOVE A29 29
MOVE A30 27
MOVE A31 19
MOVE A32 19
MOVE A33 9
MOVE A34 9
MOVE A35 1
MOVE A36 1
MOVE B3 108
MOVE B23 117
MOVE B27 96
MOVE B32 182
END TURN 138
TURN 139
COMMAND LEFT START
MOVE A37 68
MOVE A38 68
MOVE A16 68
TRAIN 1
COMMAND LEFT END
COMMAND RIGHT START
MOVE B31 96
COMMAND RIGHT END
TURN 139 RESULT
TIME LEFT 2 5 RIGHT 0 5
TRAIN A39
MOVE A16 6
MOVE A23 68
MOVE A24 68
MOVE A25 61
MOVE A26 61
MOVE A27 51
MOVE A28 51
MOVE A29 45
MOVE A30 36
MOVE A31 27
MOVE A32 27
MOVE A33 19
MOVE A34 19
MOVE A35 9
MOVE A36 9
MOVE A37 1
MOVE A38 1
MOVE B3 103
MOVE B23 129
MOVE B31 189
MOVE B32 172
END TURN 139
TURN 140
COMMAND LEFT START
MOVE A17 96
MOVE A18 96
MOVE A19 96
MOVE A20 96
MOVE A21 96
MOVE A22 96
MOVE A23 96
MOVE A24 96
MOVE A39 68
TRAIN 1
COMMAND LEFT END
COMMAND RIGHT START
UPGRADE 139
COMMAND RIGHT END
TURN 140 RESULT
TIME LEFT 3 5 RIGHT 0 5
UPGRADE B 139
TRAIN A40
MOVE A16 18
MOVE A17 63
MOVE A18 63
MOVE A19 63
MOVE A20 63
MOVE A21 63
MOVE A22 63
MOVE A23 63
MOVE A24 63
MOVE A25 68
MOVE A26 68
MOVE A27 61
MOVE A28 61
MOVE A29 55
MOVE A30 51
MOVE A31 36
MOVE A32 36
MOVE A33 27
MOVE A34 27
MOVE A35 19
MOVE A36 19
MOVE A37 9
MOVE A38 9
MOVE A39 1
MOVE B3 111
MOVE B23 131
MOVE B31 182
MOVE B32 163
END TURN 140
TURN 141
COMMAND LEFT START
MOVE A40 68
TRAIN 1
COMMAND LEFT END
COMMAND RIGHT START
MOVE B9 139
COMMAND RIGHT END
TURN 141 RESULT
TIME LEFT 1 5 RIGHT 0 5
TRAIN A41
MOVE A16 31
MOVE A17 75
MOVE A18 75
MOVE A19 75
MOVE A20 75
MOVE A21 75
MOVE A22 75
MOVE A23 75
MOVE A24 75
MOVE A27 68
MOVE A28 68
MOVE A29 65
MOVE A30 61
MOVE A31 51
MOVE A32 51
MOVE A33 36
MOVE A34 36
MOVE A35 27
MOVE A36 27
MOVE A37 19
MOVE A38 19
MOVE A39 9
MOVE A40 1
MOVE B3 119
MOVE B9 108
MOVE B23 143
MOVE B31 172
MOVE B32 147
END TURN 141
TURN 142
COMMAND LEFT START
MOVE A41 68
TRAIN 1
COMMAND LEFT END
COMMAND RIGHT START
MOVE B30 96
COMMAND RIGHT END
TURN 142 RESULT
TIME LEFT 1 5 RIGHT 1 5
TRAIN A42
MOVE A16 39
MOVE A17 83
MOVE A18 83
MOVE A19 83
MOVE A20 83
MOVE A21 83
MOVE A22 83
MOVE A23 83
MOVE A24 83
MOVE A29 96
MOVE A30 68
MOVE A31 61
MOVE A32 61
MOVE A33 51
MOVE A34 51
MOVE A35 36
MOVE A36 36
MOVE A37 27
MOVE A38 27
MOVE A39 19
MOVE A40 9
MOVE A41 1
MOVE B3 126
MOVE B9 103
MOVE B30 189
MOVE B31 163
MOVE B32 137
DAMAGE TURRET A29 2
DAMAGE COMBAT A29 4
DAMAGE COMBAT B13 1
END TURN 142
TURN 143
COMMAND LEFT START
MOVE A25 184
MOVE A42 68
TRAIN 1
COMMAND LEFT END
COMMAND RIGHT START
MOVE B29 96
MOVE B28 96
UPGRADE 143
COMMAND RIGHT END
TURN 143 RESULT
TIME LEFT 1 5 RIGHT 0 5
UPGRADE B 143
TRAIN A43
MOVE A16 52
MOVE A17 90
MOVE A18 90
MOVE A19 90
MOVE A20 90
MOVE A21 90
MOVE A22 90
MOVE A23 90
MOVE A24 90
MOVE A25 78
MOVE A31 68
MOVE A32 68
MOVE A33 61
MOVE A34 61
MOVE A35 51
MOVE A36 51
MOVE A37 36
MOVE A38 36
MOVE A39 27
MOVE A40 19
MOVE A41 9
MOVE A42 1
MOVE B3 128
MOVE B9 111
MOVE B28 189
MOVE B29 189
MOVE B30 182
MOVE B31 147
MOVE B32 127
END TURN 143
TURN 144
COMMAND LEFT START
MOVE A43 68
TRAIN 1
COMMAND LEFT END
COMMAND RIGHT START
COMMAND RIGHT END
TURN 144 RESULT
TIME LEFT 2 5 RIGHT 0 5
TRAIN A44
MOVE A16 63
MOVE A17 96
MOVE A18 96
MOVE A19 96
MOVE A20 96
MOVE A21 96
MOVE A22 96
MOVE A23 96
MOVE A24 96
MOVE A25 93
MOVE A33 68
MOVE A34 68
MOVE A35 61
MOVE A36 61
MOVE A37 51
MOVE A38 51
MOVE A39 36
MOVE A40 27
MOVE A41 19
MOVE A42 9
MOVE A43 1
MOVE B3 139
MOVE B9 119
MOVE B28 182
MOVE B29 182
MOVE B30 172
MOVE B31 137
MOVE B32 96
DAMAGE TURRET A17 2
DAMAGE COMBAT A17 4
DAMAGE COMBAT A18 6
DAMAGE COMBAT A19 1
DAMAGE COMBAT B13 5
DAMAGE COMBAT B17 3
END TURN 144
TURN 145
COMMAND LEFT START
MOVE A44 68
COMMAND LEFT END
COMMAND RIGHT START
COMMAND RIGHT END
TURN 145 RESULT
TIME LEFT 1 5 RIGHT 0 5
MOVE A16 68
MOVE A25 113
MOVE A35 68
MOVE A36 68
MOVE A37 61
MOVE A38 61
MOVE A39 51
MOVE A40 36
MOVE A41 27
MOVE A42 19
MOVE A43 9
MOVE A44 1
MOVE B9 126
MOVE B28 172
MOVE B29 172
MOVE B30 163
MOVE B31 127
DAMAGE TURRET A19 2
DAMAGE COMBAT A19 3
DAMAGE COMBAT A20 6
DAMAGE COMBAT A21 1
DAMAGE COMBAT B17 3
DAMAGE COMBAT B18 3
END TURN 145
TURN 146
COMMAND LEFT START
TRAIN 1
COMMAND LEFT END
COMMAND RIGHT START
UPGRADE 143
COMMAND RIGHT END
TURN 146 RESULT
TIME LEFT 1 5 RIGHT 1 5
UPGRADE B 143
TRAIN A45
MOVE A25 119
MOVE A37 68
MOVE A38 68
MOVE A39 61
MOVE A40 51
MOVE A41 36
MOVE A42 27
MOVE A43 19
MOVE A44 9
MOVE B9 128
MOVE B28 163
MOVE B29 163
MOVE B30 147
MOVE B31 96
DAMAGE TURRET A21 2
DAMAGE COMBAT A21 3
DAMAGE COMBAT A22 6
DAMAGE COMBAT A23 1
DAMAGE COMBAT B18 3
DAMAGE COMBAT B20 1
END TURN 146
TURN 147
COMMAND LEFT START
MOVE A45 68
TRAIN 2
COMMAND LEFT END
COMMAND RIGHT START
TRAIN 1
COMMAND RIGHT END
TURN 147 RESULT
TIME LEFT 2 5 RIGHT 0 5
TRAIN A46 A47 B33
MOVE A25 132
MOVE A39 68
MOVE A40 61
MOVE A41 51
MOVE A42 36
MOVE A43 27
MOVE A44 19
MOVE A45 1
MOVE B9 139
MOVE B28 147
MOVE B29 147
MOVE B30 137
DAMAGE TURRET A23 2
DAMAGE COMBAT A23 3
DAMAGE COMBAT A24 6
DAMAGE COMBAT B20 2
END TURN 147
TURN 148
COMMAND LEFT START
MOVE A16 96
MOVE A26 96
MOVE A27 96
MOVE A28 96
MOVE A30 96
MOVE A31 96
MOVE A32 96
MOVE A33 96
MOVE A46 68
MOVE A47 68
COMMAND LEFT END
COMMAND RIGHT START
MOVE B20 143
MOVE B32 104
MOVE B33 96
COMMAND RIGHT END
TURN 148 RESULT
TIME LEFT 3 5 RIGHT 0 5
MOVE A16 63
MOVE A25 149
MOVE A26 63
MOVE A27 63
MOVE A28 63
MOVE A30 63
MOVE A31 63
MOVE A32 63
MOVE A33 63
MOVE A40 68
MOVE A41 61
MOVE A42 51
MOVE A43 36
MOVE A44 27
MOVE A45 9
MOVE A46 1
MOVE A47 1
MOVE B20 102
MOVE B28 137
MOVE B29 137
MOVE B30 127
MOVE B32 108
MOVE B33 189
END TURN 148
TURN 149
COMMAND LEFT START
TRAIN 1
COMMAND LEFT END
COMMAND RIGHT START
UPGRADE 143
COMMAND RIGHT END
TURN 149 RESULT
TIME LEFT 3 5 RIGHT 0 5
UPGRADE B 143
TRAIN A48
MOVE A16 75
MOVE A25 159
MOVE A26 75
MOVE A27 75
MOVE A28 75
MOVE A30 75
MOVE A31 75
MOVE A32 75
MOVE A33 75
MOVE A41 68
MOVE A42 61
MOVE A43 51
MOVE A44 36
MOVE A45 19
MOVE A46 9
MOVE A47 9
MOVE B20 109
MOVE B28 127
MOVE B29 127
MOVE B30 96
MOVE B32 103
MOVE B33 182
END TURN 149
TURN 150
COMMAND LEFT START
MOVE A34 96
MOVE A35 96
MOVE A36 96
MOVE A37 96
MOVE A38 96
MOVE A39 96
MOVE A40 96
MOVE A41 96
MOVE A48 68
COMMAND LEFT END
COMMAND RIGHT START
MOVE B21 143
COMMAND RIGHT END
TURN 150 RESULT
TIME LEFT 3 5 RIGHT 0 5
MOVE A16 83
MOVE A25 177
MOVE A26 83
MOVE A27 83
MOVE A28 83
MOVE A30 83
MOVE A31 83
MOVE A32 83
MOVE A33 83
MOVE A34 63
MOVE A35 63
MOVE A36 63
MOVE A37 63
MOVE A38 63
MOVE A39 63
MOVE A40 63
MOVE A41 63
MOVE A42 68
MOVE A43 61
MOVE A44 51
MOVE A45 27
MOVE A46 19
MOVE A47 19
MOVE A48 1
MOVE B20 117
MOVE B21 102
MOVE B28 96
MOVE B29 96
MOVE B32 101
MOVE B33 172
END TURN 150
TURN 151
COMMAND LEFT START
TRAIN 1
COMMAND LEFT END
COMMAND RIGHT START
COMMAND RIGHT END
TURN 151 RESULT
TIME LEFT 2 5 RIGHT 0 5
TRAIN A49
MOVE A16 90
MOVE A25 184
MOVE A26 90
MOVE A27 90
MOVE A28 90
MOVE A30 90
MOVE A31 90
MOVE A32 90
MOVE A33 90
MOVE A34 75
MOVE A35 75
MOVE A36 75
MOVE A37 75
MOVE A38 75
MOVE A39 75
MOVE A40 75
MOVE A41 75
MOVE A43 68
MOVE A44 61
MOVE A45 36
MOVE A46 27
MOVE A47 27
MOVE A48 9
MOVE B20 129
MOVE B21 109
MOVE B32 113
MOVE B33 163
END TURN 151
TURN 152
COMMAND LEFT START
MOVE A25 68
MOVE A49 68
TRAIN 1
COMMAND LEFT END
COMMAND RIGHT START
TRAIN 2
COMMAND RIGHT END
TURN 152 RESULT
TIME LEFT 2 5 RIGHT 0 5
TRAIN A50 B34 B35
MOVE A16 96
MOVE A25 177
MOVE A26 96
MOVE A27 96
MOVE A28 96
MOVE A30 96
MOVE A31 96
MOVE A32 96
MOVE A33 96
MOVE A34 83
MOVE A35 83
MOVE A36 83
MOVE A37 83
MOVE A38 83
MOVE A39 83
MOVE A40 83
MOVE A41 83
MOVE A44 68
MOVE A45 51
MOVE A46 36
MOVE A47 36
MOVE A48 19
MOVE A49 1
MOVE B20 131
MOVE B21 117
MOVE B32 104
MOVE B33 147
DAMAGE TURRET A16 2
DAMAGE COMBAT A16 4
DAMAGE COMBAT A26 5
DAMAGE COMBAT B22 6
DAMAGE COMBAT B24 2
END TURN 152
TURN 153
COMMAND LEFT START
MOVE A42 78
MOVE A50 68
TRAIN 1
COMMAND LEFT END
COMMAND RIGHT START
MOVE B35 143
MOVE B34 143
UPGRADE 104
COMMAND RIGHT END
TURN 153 RESULT
TIME LEFT 1 5 RIGHT 0 5
UPGRADE B 104
TRAIN A51
MOVE A25 159
MOVE A34 90
MOVE A35 90
MOVE A36 90
MOVE A37 90
MOVE A38 90
MOVE A39 90
MOVE A40 90
MOVE A41 90
MOVE A42 78
MOVE A45 61
MOVE A46 51
MOVE A47 51
MOVE A48 27
MOVE A49 9
MOVE A50 1
MOVE B20 143
MOVE B21 129
MOVE B33 137
MOVE B34 191
MOVE B35 191
DAMAGE TURRET A26 1
DAMAGE TURRET A27 1
DAMAGE COMBAT A27 5
DAMAGE COMBAT A28 3
DAMAGE COMBAT B24 4
DAMAGE COMBAT B25 3
END TURN 153
TURN 154
COMMAND LEFT START
MOVE A42 68
MOVE A51 68
TRAIN 1
COMMAND LEFT END
COMMAND RIGHT START
MOVE B6 143
MOVE B8 143
MOVE B5 143
MOVE B7 143
MOVE B1 143
TRAIN 2
COMMAND RIGHT END
TURN 154 RESULT
TIME LEFT 1 5 RIGHT 0 5
TRAIN A52 B36 B37
MOVE A25 149
MOVE A34 96
MOVE A35 96
MOVE A36 96
MOVE A37 96
MOVE A38 96
MOVE A39 96
MOVE A40 96
MOVE A41 96
MOVE A42 68
MOVE A45 68
MOVE A46 61
MOVE A47 61
MOVE A48 36
MOVE A49 19
MOVE A50 9
MOVE A51 1
MOVE B1 186
MOVE B5 168
MOVE B6 158
MOVE B7 168
MOVE B8 158
MOVE B21 131
MOVE B33 127
MOVE B34 183
MOVE B35 183
DAMAGE TURRET A28 2
DAMAGE COMBAT A28 1
DAMAGE COMBAT A30 6
DAMAGE COMBAT B25 3
DAMAGE COMBAT B26 6
DAMAGE COMBAT B27 4
END TURN 154
TURN 155
COMMAND LEFT START
MOVE A42 177
MOVE A52 68
TRAIN 1
COMMAND LEFT END
COMMAND RIGHT START
MOVE B14 176
MOVE B15 176
TRAIN 2
COMMAND RIGHT END
TURN 155 RESULT
TIME LEFT 2 5 RIGHT 0 5
TRAIN A53 B38 B39
MOVE A25 132
MOVE A42 78
MOVE A46 68
MOVE A47 68
MOVE A48 51
MOVE A49 27
MOVE A50 19
MOVE A51 9
MOVE A52 1
MOVE B1 183
MOVE B5 158
MOVE B6 143
MOVE B7 158
MOVE B8 143
MOVE B14 191
MOVE B15 191
MOVE B21 143
MOVE B33 96
MOVE B34 180
MOVE B35 180
DAMAGE TURRET A31 2
DAMAGE COMBAT A31 4
DAMAGE COMBAT A32 2
DAMAGE COMBAT B27 2
DAMAGE COMBAT B28 6
DAMAGE COMBAT B29 3
END TURN 155
TURN 156
COMMAND LEFT START
MOVE A53 68
TRAIN 1
COMMAND LEFT END
COMMAND RIGHT START
MOVE B6 166
MOVE B8 166
MOVE B16 189
MOVE B39 104
COMMAND RIGHT END
TURN 156 RESULT
TIME LEFT 1 5 RIGHT 0 5
TRAIN A54
MOVE A25 119
MOVE A42 93
MOVE A48 61
MOVE A49 36
MOVE A50 27
MOVE A51 19
MOVE A52 9
MOVE A53 1
MOVE B1 180
MOVE B5 143
MOVE B6 158
MOVE B7 143
MOVE B8 158
MOVE B14 190
MOVE B15 190
MOVE B16 189
MOVE B34 175
MOVE B35 175
MOVE B39 189
DAMAGE TURRET A32 2
DAMAGE COMBAT A32 2
DAMAGE COMBAT A33 2
DAMAGE COMBAT B29 3
DAMAGE COMBAT B30 6
DAMAGE COMBAT B31 1
END TURN 156
TURN 157
COMMAND LEFT START
MOVE A54 68
TRAIN 1
COMMAND LEFT END
COMMAND RIGHT START
TRAIN 1
COMMAND RIGHT END
TURN 157 RESULT
TIME LEFT 1 5 RIGHT 1 5
TRAIN A55 B40
MOVE A25 113
MOVE A42 113
MOVE A48 68
MOVE A49 51
MOVE A50 36
MOVE A51 27
MOVE A52 19
MOVE A53 9
MOVE A54 1
MOVE B1 175
MOVE B6 166
MOVE B8 166
MOVE B14 185
MOVE B15 185
MOVE B34 166
MOVE B35 166
MOVE B39 184
DAMAGE TURRET A33 2
DAMAGE COMBAT A33 2
DAMAGE COMBAT B31 5
DAMAGE COMBAT B33 4
END TURN 157
TURN 158
COMMAND LEFT START
MOVE A55 68
TRAIN 1
COMMAND LEFT END
COMMAND RIGHT START
MOVE B40 104
TRAIN 2
COMMAND RIGHT END
TURN 158 RESULT
TIME LEFT 1 5 RIGHT 0 5
TRAIN A56 B41 B42
MOVE A25 93
MOVE A42 119
MOVE A49 61
MOVE A50 51
MOVE A51 36
MOVE A52 27
MOVE A53 19
MOVE A54 9
MOVE A55 1
MOVE B1 166
MOVE B14 176
MOVE B15 176
MOVE B34 158
MOVE B35 158
MOVE B39 179
MOVE B40 189
DAMAGE TURRET A34 2
DAMAGE COMBAT A34 1
DAMAGE COMBAT B33 2
SIEGE B 96 6
END TURN 158
TURN 159
COMMAND LEFT START
MOVE A56 68
TRAIN 1
COMMAND LEFT END
COMMAND RIGHT START
MOVE B42 104
MOVE B41 104
TRAIN 2
COMMAND RIGHT END
TURN 159 RESULT
TIME LEFT 1 5 RIGHT 1 5
TRAIN A57 B43 B44
MOVE A25 78
MOVE A42 132
MOVE A49 68
MOVE A50 61
MOVE A51 51
MOVE A52 36
MOVE A53 27
MOVE A54 19
MOVE A55 9
MOVE A56 1
MOVE B1 158
MOVE B34 143
MOVE B35 143
MOVE B39 170
MOVE B40 184
MOVE B41 189
MOVE B42 189
DAMAGE TURRET A34 2
SIEGE B 96 8
END TURN 159
TURN 160
COMMAND LEFT START
MOVE A43 96
MOVE A44 96
MOVE A45 96
MOVE A46 96
MOVE A47 96
MOVE A48 96
MOVE A49 96
MOVE A57 68
TRAIN 1
COMMAND LEFT END
COMMAND RIGHT START
MOVE B44 104
MOVE B43 104
MOVE B35 104
MOVE B34 104
MOVE B23 104
MOVE B21 104
TRAIN 2
COMMAND RIGHT END
TURN 160 RESULT
TIME LEFT 3 5 RIGHT 0 5
TRAIN A58 B45 B46
MOVE A25 68
MOVE A42 149
MOVE A43 63
MOVE A44 63
MOVE A45 63
MOVE A46 63
MOVE A47 63
MOVE A48 63
MOVE A49 63
MOVE A50 68
MOVE A51 61
MOVE A52 51
MOVE A53 36
MOVE A54 27
MOVE A55 19
MOVE A56 9
MOVE A57 1
MOVE B1 143
MOVE B21 141
MOVE B23 141
MOVE B34 141
MOVE B35 141
MOVE B39 162
MOVE B40 179
MOVE B41 184
MOVE B42 184
MOVE B43 189
MOVE B44 189
DAMAGE TURRET A34 1
DAMAGE TURRET A35 1
SIEGE B 96 4
END TURN 160
TURN 161
COMMAND LEFT START
MOVE A35 68
MOVE A36 68
MOVE A37 68
MOVE A38 68
MOVE A39 68
MOVE A40 68
MOVE A58 68
COMMAND LEFT END
COMMAND RIGHT START
MOVE B46 96
MOVE B45 104
COMMAND RIGHT END
TURN 161 RESULT
TIME LEFT 4 5 RIGHT 1 5
MOVE A35 90
MOVE A36 90
MOVE A37 90
MOVE A38 90
MOVE A39 90
MOVE A40 90
MOVE A42 159
MOVE A43 75
MOVE A44 75
MOVE A45 75
MOVE A46 75
MOVE A47 75
MOVE A48 75
MOVE A49 75
MOVE A51 68
MOVE A52 61
MOVE A53 51
MOVE A54 36
MOVE A55 27
MOVE A56 19
MOVE A57 9
MOVE A58 1
MOVE B21 140
MOVE B23 140
MOVE B34 140
MOVE B35 140
MOVE B39 145
MOVE B40 170
MOVE B41 179
MOVE B42 179
MOVE B43 184
MOVE B44 184
MOVE B45 189
MOVE B46 189
END TURN 161
TURN 162
COMMAND LEFT START
COMMAND LEFT END
COMMAND RIGHT START
COMMAND RIGHT END
TURN 162 RESULT
TIME LEFT 2 5 RIGHT 0 5
MOVE A35 83
MOVE A36 83
MOVE A37 83
MOVE A38 83
MOVE A39 83
MOVE A40 83
MOVE A42 177
MOVE A43 83
MOVE A44 83
MOVE A45 83
MOVE A46 83
MOVE A47 83
MOVE A48 83
MOVE A49 83
MOVE A52 68
MOVE A53 61
MOVE A54 51
MOVE A55 36
MOVE A56 27
MOVE A57 19
MOVE A58 9
MOVE B21 133
MOVE B23 133
MOVE B34 133
MOVE B35 133
MOVE B39 126
MOVE B40 162
MOVE B41 170
MOVE B42 170
MOVE B43 179
MOVE B44 179
MOVE B45 184
MOVE B46 182
END TURN 162
TURN 163
COMMAND LEFT START
MOVE A42 68
COMMAND LEFT END
COMMAND RIGHT START
COMMAND RIGHT END
TURN 163 RESULT
TIME LEFT 1 5 RIGHT 0 5
MOVE A35 75
MOVE A36 75
MOVE A37 75
MOVE A38 75
MOVE A39 75
MOVE A40 75
MOVE A42 159
MOVE A43 90
MOVE A44 90
MOVE A45 90
MOVE A46 90
MOVE A47 90
MOVE A48 90
MOVE A49 90
MOVE A53 68
MOVE A54 61
MOVE A55 51
MOVE A56 36
MOVE A57 27
MOVE A58 19
MOVE B21 136
MOVE B23 136
MOVE B34 136
MOVE B35 136
MOVE B39 116
MOVE B40 145
MOVE B41 162
MOVE B42 162
MOVE B43 170
MOVE B44 170
MOVE B45 179
MOVE B46 172
END TURN 163
TURN 164
COMMAND LEFT START
COMMAND LEFT END
COMMAND RIGHT START
COMMAND RIGHT END
TURN 164 RESULT
TIME LEFT 1 5 RIGHT 0 5
MOVE A35 63
MOVE A36 63
MOVE A37 63
MOVE A38 63
MOVE A39 63
MOVE A40 63
MOVE A42 149
MOVE A43 96
MOVE A44 96
MOVE A45 96
MOVE A46 96
MOVE A47 96
MOVE A48 96
MOVE A49 96
MOVE A54 68
MOVE A55 61
MOVE A56 51
MOVE A57 36
MOVE A58 27
MOVE B21 130
MOVE B23 130
MOVE B34 130
MOVE B35 130
MOVE B39 104
MOVE B40 126
MOVE B41 145
MOVE B42 145
MOVE B43 162
MOVE B44 162
MOVE B45 170
MOVE B46 163
END TURN 164
TURN 165
COMMAND LEFT START
MOVE A25 104
MOVE A50 104
MOVE A51 104
MOVE A52 104
MOVE A53 104
MOVE A54 104
UPGRADE 96
COMMAND LEFT END
COMMAND RIGHT START
MOVE B20 104
UPGRADE 104
COMMAND RIGHT END
TURN 165 RESULT
TIME LEFT 3 5 RIGHT 0 5
UPGRADE A 96
UPGRADE B 104
MOVE A25 78
MOVE A35 68
MOVE A36 68
MOVE A37 68
MOVE A38 68
MOVE A39 68
MOVE A40 68
MOVE A42 132
MOVE A50 78
MOVE A51 78
MOVE A52 78
MOVE A53 78
MOVE A54 78
MOVE A55 68
MOVE A56 61
MOVE A57 51
MOVE A58 36
MOVE B20 141
MOVE B21 137
MOVE B23 137
MOVE B34 137
MOVE B35 137
MOVE B40 116
MOVE B41 126
MOVE B42 126
MOVE B43 145
MOVE B44 145
MOVE B45 162
MOVE B46 147
END TURN 165
TURN 166
COMMAND LEFT START
COMMAND LEFT END
COMMAND RIGHT START
UPGRADE 104
COMMAND RIGHT END
TURN 166 RESULT
TIME LEFT 1 5 RIGHT 0 5
UPGRADE B 104
MOVE A25 93
MOVE A42 119
MOVE A50 93
MOVE A51 93
MOVE A52 93
MOVE A53 93
MOVE A54 93
MOVE A56 68
MOVE A57 61
MOVE A58 51
MOVE B20 140
MOVE B21 125
MOVE B23 125
MOVE B34 125
MOVE B35 125
MOVE B40 104
MOVE B41 116
MOVE B42 116
MOVE B43 126
MOVE B44 126
MOVE B45 145
MOVE B46 137
END TURN 166
TURN 167
COMMAND LEFT START
COMMAND LEFT END
COMMAND RIGHT START
TRAIN 2
COMMAND RIGHT END
TURN 167 RESULT
TIME LEFT 1 5 RIGHT 0 5
TRAIN B47 B48
MOVE A25 104
MOVE A42 113
MOVE A50 104
MOVE A51 104
MOVE A52 104
MOVE A53 104
MOVE A54 104
MOVE A57 68
MOVE A58 61
MOVE B20 133
MOVE B21 121
MOVE B23 121
MOVE B34 121
MOVE B35 121
MOVE B41 104
MOVE B42 104
MOVE B43 116
MOVE B44 116
MOVE B45 126
MOVE B46 127
DAMAGE TURRET A25 2
DAMAGE COMBAT A25 4
DAMAGE COMBAT A50 1
DAMAGE COMBAT B32 6
END TURN 167
TURN 168
COMMAND LEFT START
COMMAND LEFT END
COMMAND RIGHT START
MOVE B48 143
MOVE B47 143
TRAIN 2
COMMAND RIGHT END
TURN 168 RESULT
TIME LEFT 1 5 RIGHT 0 5
TRAIN B49 B50
MOVE A42 93
MOVE A58 68
MOVE B20 136
MOVE B21 119
MOVE B23 119
MOVE B34 119
MOVE B35 119
MOVE B43 104
MOVE B44 104
MOVE B45 116
MOVE B46 96
MOVE B47 191
MOVE B48 191
DAMAGE TURRET A50 2
DAMAGE TURRET B46 1
DAMAGE COMBAT A41 1
DAMAGE COMBAT A50 3
DAMAGE COMBAT A51 3
DAMAGE COMBAT B39 5
DAMAGE COMBAT B46 5
END TURN 168
TURN 169
COMMAND LEFT START
MOVE A43 172
MOVE A35 96
MOVE A36 96
MOVE A37 96
MOVE A38 96
MOVE A39 96
MOVE A40 96
MOVE A55 96
MOVE A56 96
MOVE A57 96
MOVE A58 96
UPGRADE 96
COMMAND LEFT END
COMMAND RIGHT START
MOVE B50 143
MOVE B49 143
TRAIN 2
COMMAND RIGHT END
TURN 169 RESULT
TIME LEFT 5 5 RIGHT 0 5
UPGRADE A 96
TRAIN B51 B52
MOVE A35 63
MOVE A36 63
MOVE A37 63
MOVE A38 63
MOVE A39 63
MOVE A40 63
MOVE A42 78
MOVE A43 127
MOVE A55 63
MOVE A56 63
MOVE A57 63
MOVE A58 63
MOVE B20 130
MOVE B21 113
MOVE B23 113
MOVE B34 113
MOVE B35 113
MOVE B45 104
MOVE B47 183
MOVE B48 183
MOVE B49 191
MOVE B50 191
DAMAGE TURRET A51 2
DAMAGE COMBAT A51 1
DAMAGE COMBAT A52 6
DAMAGE COMBAT B39 1
DAMAGE COMBAT B40 3
END TURN 169
TURN 170
COMMAND LEFT START
TRAIN 1
COMMAND LEFT END
COMMAND RIGHT START
MOVE B52 143
MOVE B51 143
TRAIN 2
COMMAND RIGHT END
TURN 170 RESULT
TIME LEFT 1 5 RIGHT 0 5
TRAIN A59 B53 B54
MOVE A35 75
MOVE A36 75
MOVE A37 75
MOVE A38 75
MOVE A39 75
MOVE A40 75
MOVE A42 68
MOVE A43 137
MOVE A55 75
MOVE A56 75
MOVE A57 75
MOVE A58 75
MOVE B20 137
MOVE B21 104
MOVE B23 104
MOVE B34 104
MOVE B35 104
MOVE B47 180
MOVE B48 180
MOVE B49 183
MOVE B50 183
MOVE B51 191
MOVE B52 191
DAMAGE TURRET A53 2
DAMAGE COMBAT A43 1
DAMAGE COMBAT A53 4
DAMAGE COMBAT A54 6
DAMAGE COMBAT B20 1
DAMAGE COMBAT B40 2
END TURN 170
TURN 171
COMMAND LEFT START
MOVE A59 96
MOVE A42 96
TRAIN 1
COMMAND LEFT END
COMMAND RIGHT START
MOVE B54 104
MOVE B53 104
MOVE B45 124
COMMAND RIGHT END
TURN 171 RESULT
TIME LEFT 1 5 RIGHT 0 5
TRAIN A60
MOVE A35 83
MOVE A36 83
MOVE A37 83
MOVE A38 83
MOVE A39 83
MOVE A40 83
MOVE A42 63
MOVE A55 83
MOVE A56 83
MOVE A57 83
MOVE A58 83
MOVE A59 3
MOVE B45 113
MOVE B47 175
MOVE B48 175
MOVE B49 180
MOVE B50 180
MOVE B51 183
MOVE B52 183
MOVE B53 189
MOVE B54 189
DAMAGE COMBAT A43 1
DAMAGE COMBAT B20 1
END TURN 171
TURN 172
COMMAND LEFT START
MOVE A60 96
TRAIN 2
COMMAND LEFT END
COMMAND RIGHT START
TRAIN 2
COMMAND RIGHT END
TURN 172 RESULT
TIME LEFT 1 5 RIGHT 1 5
TRAIN A61 A62 B55 B56
MOVE A35 90
MOVE A36 90
MOVE A37 90
MOVE A38 90
MOVE A39 90
MOVE A40 90
MOVE A42 75
MOVE A55 90
MOVE A56 90
MOVE A57 90
MOVE A58 90
MOVE A59 10
MOVE A60 3
MOVE B45 119
MOVE B47 166
MOVE B48 166
MOVE B49 175
MOVE B50 175
MOVE B51 180
MOVE B52 180
MOVE B53 184
MOVE B54 184
DAMAGE COMBAT A43 1
DAMAGE COMBAT B20 1
END TURN 172
TURN 173
COMMAND LEFT START
MOVE A61 96
MOVE A62 96
TRAIN 1
COMMAND LEFT END
COMMAND RIGHT START
COMMAND RIGHT END
TURN 173 RESULT
TIME LEFT 2 5 RIGHT 0 5
TRAIN A63
MOVE A35 96
MOVE A36 96
MOVE A37 96
MOVE A38 96
MOVE A39 96
MOVE A40 96
MOVE A42 83
MOVE A43 147
MOVE A55 96
MOVE A56 96
MOVE A57 96
MOVE A58 96
MOVE A59 20
MOVE A60 10
MOVE A61 3
MOVE A62 3
MOVE B45 121
MOVE B47 158
MOVE B48 158
MOVE B49 166
MOVE B50 166
MOVE B51 175
MOVE B52 175
MOVE B53 179
MOVE B54 179
END TURN 173
TURN 174
COMMAND LEFT START
MOVE A37 104
MOVE A38 104
MOVE A39 104
MOVE A40 104
MOVE A44 104
MOVE A45 104
MOVE A46 104
MOVE A47 104
MOVE A48 104
MOVE A63 96
COMMAND LEFT END
COMMAND RIGHT START
COMMAND RIGHT END
TURN 174 RESULT
TIME LEFT 3 5 RIGHT 0 5
MOVE A37 108
MOVE A38 108
MOVE A39 108
MOVE A40 108
MOVE A42 90
MOVE A43 163
MOVE A44 108
MOVE A45 108
MOVE A46 108
MOVE A47 108
MOVE A48 108
MOVE A59 29
MOVE A60 20
MOVE A61 10
MOVE A62 10
MOVE A63 3
MOVE B45 125
MOVE B47 143
MOVE B48 143
MOVE B49 158
MOVE B50 158
MOVE B51 166
MOVE B52 166
MOVE B53 170
MOVE B54 170
END TURN 174
TURN 175
COMMAND LEFT START
TRAIN 2
COMMAND LEFT END
COMMAND RIGHT START
MOVE B56 104
MOVE B55 104
MOVE B48 104
MOVE B47 104
TRAIN 2
COMMAND RIGHT END
TURN 175 RESULT
TIME LEFT 1 5 RIGHT 0 5
TRAIN A64 A65 B57 B58
MOVE A37 103
MOVE A38 103
MOVE A39 103
MOVE A40 103
MOVE A42 96
MOVE A43 172
MOVE A44 103
MOVE A45 103
MOVE A46 103
MOVE A47 103
MOVE A48 103
MOVE A59 45
MOVE A60 29
MOVE A61 20
MOVE A62 20
MOVE A63 10
MOVE B45 118
MOVE B47 141
MOVE B48 141
MOVE B49 143
MOVE B50 143
MOVE B51 158
MOVE B52 158
MOVE B53 162
MOVE B54 162
MOVE B55 189
MOVE B56 189
END TURN 175
TURN 176
COMMAND LEFT START
MOVE A43 96
MOVE A64 96
MOVE A65 96
TRAIN 1
COMMAND LEFT END
COMMAND RIGHT START
MOVE B58 104
MOVE B57 104
MOVE B50 104
MOVE B49 104
TRAIN 2
COMMAND RIGHT END
TURN 176 RESULT
TIME LEFT 2 5 RIGHT 0 5
TRAIN A66 B59 B60
MOVE A37 101
MOVE A38 101
MOVE A39 101
MOVE A40 101
MOVE A43 163
MOVE A44 101
MOVE A45 101
MOVE A46 101
MOVE A47 101
MOVE A48 101
MOVE A59 55
MOVE A60 45
MOVE A61 29
MOVE A62 29
MOVE A63 20
MOVE A64 3
MOVE A65 3
MOVE B45 127
MOVE B47 140
MOVE B48 140
MOVE B49 141
MOVE B50 141
MOVE B51 143
MOVE B52 143
MOVE B53 145
MOVE B54 145
MOVE B55 184
MOVE B56 184
MOVE B57 189
MOVE B58 189
END TURN 176
TURN 177
COMMAND LEFT START
MOVE A41 68
MOVE A42 182
MOVE A66 96
TRAIN 1
COMMAND LEFT END
COMMAND RIGHT START
MOVE B60 104
MOVE B59 104
MOVE B52 104
MOVE B51 104
TRAIN 2
COMMAND RIGHT END
TURN 177 RESULT
TIME LEFT 2 5 RIGHT 0 5
TRAIN A67 B61 B62
MOVE A37 113
MOVE A38 113
MOVE A39 113
MOVE A40 113
MOVE A41 90
MOVE A42 127
MOVE A43 147
MOVE A44 113
MOVE A45 113
MOVE A46 113
MOVE A47 113
MOVE A48 113
MOVE A59 65
MOVE A60 55
MOVE A61 45
MOVE A62 45
MOVE A63 29
MOVE A64 10
MOVE A65 10
MOVE A66 3
MOVE B45 115
MOVE B47 133
MOVE B48 133
MOVE B49 140
MOVE B50 140
MOVE B51 141
MOVE B52 141
MOVE B53 126
MOVE B54 126
MOVE B55 179
MOVE B56 179
MOVE B57 184
MOVE B58 184
MOVE B59 189
MOVE B60 189
END TURN 177
TURN 178
COMMAND LEFT START
MOVE A49 68
MOVE A67 96
TRAIN 1
COMMAND LEFT END
COMMAND RIGHT START
MOVE B62 104
MOVE B61 104
TRAIN 2
COMMAND RIGHT END
TURN 178 RESULT
TIME LEFT 3 5 RIGHT 0 5
TRAIN A68 B63 B64
MOVE A37 104
MOVE A38 104
MOVE A39 104
MOVE A40 104
MOVE A41 83
MOVE A42 137
MOVE A43 137
MOVE A44 104
MOVE A45 104
MOVE A46 104
MOVE A47 104
MOVE A48 104
MOVE A49 90
MOVE A59 96
MOVE A60 65
MOVE A61 55
MOVE A62 55
MOVE A63 45
MOVE A64 20
MOVE A65 20
MOVE A66 10
MOVE A67 3
MOVE B45 122
MOVE B47 136
MOVE B48 136
MOVE B49 133
MOVE B50 133
MOVE B51 140
MOVE B52 140
MOVE B53 116
MOVE B54 116
MOVE B55 170
MOVE B56 170
MOVE B57 179
MOVE B58 179
MOVE B59 184
MOVE B60 184
MOVE B61 189
MOVE B62 189
DAMAGE TURRET A37 2
DAMAGE COMBAT A37 4
DAMAGE COMBAT A38 5
DAMAGE COMBAT B21 6
DAMAGE COMBAT B23 2
DAMAGE COMBAT B40 1
END TURN 178
TURN 179
COMMAND LEFT START
MOVE A68 96
TRAIN 1
COMMAND LEFT END
COMMAND RIGHT START
MOVE B64 143
MOVE B63 143
TRAIN 2
COMMAND RIGHT END
TURN 179 RESULT
TIME LEFT 1 5 RIGHT 0 5
TRAIN A69 B65 B66
MOVE A41 75
MOVE A42 147
MOVE A43 127
MOVE A49 83
MOVE A60 96
MOVE A61 65
MOVE A62 65
MOVE A63 55
MOVE A64 29
MOVE A65 29
MOVE A66 20
MOVE A67 10
MOVE A68 3
MOVE B45 117
MOVE B47 130
MOVE B48 130
MOVE B49 136
MOVE B50 136
MOVE B51 133
MOVE B52 133
MOVE B53 104
MOVE B54 104
MOVE B55 162
MOVE B56 162
MOVE B57 170
MOVE B58 170
MOVE B59 179
MOVE B60 179
MOVE B61 184
MOVE B62 184
MOVE B63 191
MOVE B64 191
DAMAGE TURRET A38 1
DAMAGE TURRET A39 1
DAMAGE COMBAT A39 5
DAMAGE COMBAT A40 4
DAMAGE COMBAT B23 4
DAMAGE COMBAT B34 4
END TURN 179
TURN 180
COMMAND LEFT START
MOVE A69 96
TRAIN 2
COMMAND LEFT END
COMMAND RIGHT START
MOVE B66 143
MOVE B65 143
TRAIN 2
COMMAND RIGHT END
TURN 180 RESULT
TIME LEFT 1 5 RIGHT 0 5
TRAIN A70 A71 B67 B68
MOVE A41 63
MOVE A42 163
MOVE A43 96
MOVE A49 75
MOVE A61 96
MOVE A62 96
MOVE A63 65
MOVE A64 45
MOVE A65 45
MOVE A66 29
MOVE A67 20
MOVE A68 10
MOVE A69 3
MOVE B45 129
MOVE B47 137
MOVE B48 137
MOVE B49 130
MOVE B50 130
MOVE B51 136
MOVE B52 136
MOVE B55 145
MOVE B56 145
MOVE B57 162
MOVE B58 162
MOVE B59 170
MOVE B60 170
MOVE B61 179
MOVE B62 179
MOVE B63 183
MOVE B64 183
MOVE B65 191
MOVE B66 191
DAMAGE TURRET A40 2
DAMAGE COMBAT A44 6
DAMAGE COMBAT A45 2
DAMAGE COMBAT B34 2
DAMAGE COMBAT B35 4
END TURN 180
TURN 181
COMMAND LEFT START
MOVE A70 96
MOVE A71 96
TRAIN 1
COMMAND LEFT END
COMMAND RIGHT START
MOVE B68 143
MOVE B67 143
TRAIN 2
COMMAND RIGHT END
TURN 181 RESULT
TIME LEFT 4 5 RIGHT 0 5
TRAIN A72 B69 B70
MOVE A41 68
MOVE A42 172
MOVE A49 63
MOVE A63 96
MOVE A64 55
MOVE A65 55
MOVE A66 45
MOVE A67 29
MOVE A68 20
MOVE A69 10
MOVE A70 3
MOVE A71 3
MOVE B45 124
MOVE B47 125
MOVE B48 125
MOVE B49 137
MOVE B50 137
MOVE B51 130
MOVE B52 130
MOVE B55 126
MOVE B56 126
MOVE B57 145
MOVE B58 145
MOVE B59 162
MOVE B60 162
MOVE B61 170
MOVE B62 170
MOVE B63 180
MOVE B64 180
MOVE B65 183
MOVE B66 183
MOVE B67 191
MOVE B68 191
DAMAGE TURRET A45 2
DAMAGE COMBAT A45 2
DAMAGE COMBAT A46 5
DAMAGE COMBAT B35 2
DAMAGE COMBAT B41 2
END TURN 181
TURN 182
COMMAND LEFT START
MOVE A72 96
MOVE A41 96
TRAIN 1
COMMAND LEFT END
COMMAND RIGHT START
MOVE B70 143
MOVE B69 143
UPGRADE 124
TRAIN 2
COMMAND RIGHT END
TURN 182 RESULT
TIME LEFT 2 5 RIGHT 0 5
UPGRADE B 124
TRAIN A73 B71 B72
MOVE A41 63
MOVE A42 182
MOVE A49 68
MOVE A64 65
MOVE A65 65
MOVE A66 55
MOVE A67 45
MOVE A68 29
MOVE A69 20
MOVE A70 10
MOVE A71 10
MOVE A72 3
MOVE B47 121
MOVE B48 121
MOVE B49 125
MOVE B50 125
MOVE B51 137
MOVE B52 137
MOVE B55 116
MOVE B56 116
MOVE B57 126
MOVE B58 126
MOVE B59 145
MOVE B60 145
MOVE B61 162
MOVE B62 162
MOVE B63 175
MOVE B64 175
MOVE B65 180
MOVE B66 180
MOVE B67 183
MOVE B68 183
MOVE B69 191
MOVE B70 191
DAMAGE TURRET A46 1
DAMAGE TURRET A47 1
DAMAGE COMBAT A47 5
DAMAGE COMBAT A48 1
DAMAGE COMBAT B41 3
END TURN 182
TURN 183
COMMAND LEFT START
MOVE A42 96
MOVE A73 96
MOVE A49 96
TRAIN 1
COMMAND LEFT END
COMMAND RIGHT START
MOVE B72 124
MOVE B71 124
UPGRADE 124
COMMAND RIGHT END
TURN 183 RESULT
TIME LEFT 3 5 RIGHT 0 5
UPGRADE B 124
TRAIN A74
MOVE A41 75
MOVE A42 172
MOVE A49 63
MOVE A64 96
MOVE A65 96
MOVE A66 65
MOVE A67 55
MOVE A68 45
MOVE A69 29
MOVE A70 20
MOVE A71 20
MOVE A72 10
MOVE A73 3
MOVE B47 119
MOVE B48 119
MOVE B49 121
MOVE B50 121
MOVE B51 125
MOVE B52 125
MOVE B55 104
MOVE B56 104
MOVE B57 116
MOVE B58 116
MOVE B59 126
MOVE B60 126
MOVE B61 145
MOVE B62 145
MOVE B63 166
MOVE B64 166
MOVE B65 175
MOVE B66 175
MOVE B67 180
MOVE B68 180
MOVE B69 183
MOVE B70 183
MOVE B71 191
MOVE B72 191
DAMAGE TURRET A48 2
DAMAGE COMBAT A48 3
DAMAGE COMBAT B41 1
END TURN 183
TURN 184
COMMAND LEFT START
MOVE A55 104
MOVE A56 104
MOVE A57 104
MOVE A58 104
MOVE A59 104
MOVE A60 104
MOVE A61 104
MOVE A62 104
MOVE A63 104
MOVE A43 117
MOVE A74 96
TRAIN 1
COMMAND LEFT END
COMMAND RIGHT START
MOVE B56 124
MOVE B55 124
MOVE B54 124
MOVE B53 124
UPGRADE 124
COMMAND RIGHT END
TURN 184 RESULT
TIME LEFT 4 5 RIGHT 0 5
UPGRADE B 124
TRAIN A75
MOVE A41 83
MOVE A42 163
MOVE A43 102
MOVE A49 75
MOVE A55 108
MOVE A56 108
MOVE A57 108
MOVE A58 108
MOVE A59 108
MOVE A60 108
MOVE A61 108
MOVE A62 108
MOVE A63 108
MOVE A66 96
MOVE A67 65
MOVE A68 55
MOVE A69 45
MOVE A70 29
MOVE A71 29
MOVE A72 20
MOVE A73 10
MOVE A74 3
MOVE B47 113
MOVE B48 113
MOVE B49 119
MOVE B50 119
MOVE B51 121
MOVE B52 121
MOVE B53 113
MOVE B54 113
MOVE B55 113
MOVE B56 113
MOVE B57 104
MOVE B58 104
MOVE B59 116
MOVE B60 116
MOVE B61 126
MOVE B62 126
MOVE B63 158
MOVE B64 158
MOVE B65 166
MOVE B66 166
MOVE B67 175
MOVE B68 175
MOVE B69 180
MOVE B70 180
MOVE B71 183
MOVE B72 183
END TURN 184
TURN 185
COMMAND LEFT START
MOVE A75 96
TRAIN 1
COMMAND LEFT END
COMMAND RIGHT START
MOVE B58 124
MOVE B57 124
COMMAND RIGHT END
TURN 185 RESULT
TIME LEFT 4 5 RIGHT 0 5
TRAIN A76
MOVE A41 90
MOVE A42 147
MOVE A43 109
MOVE A49 83
MOVE A55 103
MOVE A56 103
MOVE A57 103
MOVE A58 103
MOVE A59 103
MOVE A60 103
MOVE A61 103
MOVE A62 103
MOVE A63 103
MOVE A67 96
MOVE A68 65
MOVE A69 55
MOVE A70 45
MOVE A71 45
MOVE A72 29
MOVE A73 20
MOVE A74 10
MOVE A75 3
MOVE B47 104
MOVE B48 104
MOVE B49 113
MOVE B50 113
MOVE B51 119
MOVE B52 119
MOVE B53 119
MOVE B54 119
MOVE B55 119
MOVE B56 119
MOVE B57 113
MOVE B58 113
MOVE B59 104
MOVE B60 104
MOVE B61 116
MOVE B62 116
MOVE B63 143
MOVE B64 143
MOVE B65 158
MOVE B66 158
MOVE B67 166
MOVE B68 166
MOVE B69 175
MOVE B70 175
MOVE B71 173
MOVE B72 173
END TURN 185
TURN 186
COMMAND LEFT START
MOVE A76 96
TRAIN 1
COMMAND LEFT END
COMMAND RIGHT START
MOVE B60 68
MOVE B64 124
MOVE B63 124
MOVE B59 124
MOVE B48 124
MOVE B47 124
COMMAND RIGHT END
TURN 186 RESULT
TIME LEFT 1 5 RIGHT 0 5
TRAIN A77
MOVE A41 96
MOVE A42 137
MOVE A43 117
MOVE A49 90
MOVE A55 101
MOVE A56 101
MOVE A57 101
MOVE A58 101
MOVE A59 101
MOVE A60 101
MOVE A61 101
MOVE A62 101
MOVE A63 101
MOVE A68 96
MOVE A69 65
MOVE A70 55
MOVE A71 55
MOVE A72 45
MOVE A73 29
MOVE A74 20
MOVE A75 10
MOVE A76 3
MOVE B47 113
MOVE B48 113
MOVE B49 104
MOVE B50 104
MOVE B51 113
MOVE B52 113
MOVE B53 121
MOVE B54 121
MOVE B55 121
MOVE B56 121
MOVE B57 119
MOVE B58 119
MOVE B59 113
MOVE B60 93
MOVE B61 104
MOVE B62 104
MOVE B63 131
MOVE B64 131
MOVE B65 143
MOVE B66 143
MOVE B67 158
MOVE B68 158
MOVE B69 166
MOVE B70 166
MOVE B71 165
MOVE B72 165
END TURN 186
TURN 187
COMMAND LEFT START
MOVE A43 96
MOVE A77 96
TRAIN 1
COMMAND LEFT END
COMMAND RIGHT START
MOVE B66 88
MOVE B65 124
COMMAND RIGHT END
TURN 187 RESULT
TIME LEFT 2 5 RIGHT 0 5
TRAIN A78
MOVE A42 127
MOVE A43 109
MOVE A49 96
MOVE A55 113
MOVE A56 113
MOVE A57 113
MOVE A58 113
MOVE A59 113
MOVE A60 113
MOVE A61 113
MOVE A62 113
MOVE A63 113
MOVE A69 96
MOVE A70 65
MOVE A71 65
MOVE A72 55
MOVE A73 45
MOVE A74 29
MOVE A75 20
MOVE A76 10
MOVE A77 3
MOVE B47 119
MOVE B48 119
MOVE B51 104
MOVE B52 104
MOVE B53 125
MOVE B54 125
MOVE B55 125
MOVE B56 125
MOVE B57 121
MOVE B58 121
MOVE B59 119
MOVE B60 78
MOVE B63 124
MOVE B64 124
MOVE B65 131
MOVE B66 131
MOVE B67 143
MOVE B68 143
MOVE B69 158
MOVE B70 158
MOVE B71 156
MOVE B72 156
END TURN 187
TURN 188
COMMAND LEFT START
MOVE A41 172
MOVE A78 96
TRAIN 1
COMMAND LEFT END
COMMAND RIGHT START
MOVE B68 124
MOVE B67 124
TRAIN 2
COMMAND RIGHT END
TURN 188 RESULT
TIME LEFT 2 5 RIGHT 0 5
TRAIN A79 B73 B74
MOVE A41 127
MOVE A42 96
MOVE A43 102
MOVE A55 104
MOVE A56 104
MOVE A57 104
MOVE A58 104
MOVE A59 104
MOVE A60 104
MOVE A61 104
MOVE A62 104
MOVE A63 104
MOVE A70 96
MOVE A71 96
MOVE A72 65
MOVE A73 55
MOVE A74 45
MOVE A75 29
MOVE A76 20
MOVE A77 10
MOVE A78 3
MOVE B47 121
MOVE B48 121
MOVE B53 118
MOVE B54 118
MOVE B55 118
MOVE B56 118
MOVE B57 125
MOVE B58 125
MOVE B59 121
MOVE B60 68
MOVE B65 124
MOVE B66 124
MOVE B67 131
MOVE B68 131
MOVE B69 143
MOVE B70 143
MOVE B71 141
MOVE B72 141
DAMAGE TURRET A55 2
DAMAGE TURRET B60 1
DAMAGE COMBAT A6 1
DAMAGE COMBAT A55 4
DAMAGE COMBAT A56 5
DAMAGE COMBAT B42 6
DAMAGE COMBAT B43 3
DAMAGE COMBAT B60 2
END TURN 188
TURN 189
COMMAND LEFT START
MOVE A42 68
MOVE A49 124
MOVE A64 124
MOVE A65 124
MOVE A66 124
MOVE A67 124
MOVE A68 124
MOVE A69 124
MOVE A70 124
MOVE A71 124
MOVE A79 96
TRAIN 1
COMMAND LEFT END
COMMAND RIGHT START
MOVE B74 124
MOVE B73 124
MOVE B70 124
MOVE B69 124
TRAIN 2
COMMAND RIGHT END
TURN 189 RESULT
TIME LEFT 4 5 RIGHT 2 5
TRAIN A80 B75 B76
MOVE A41 137
MOVE A42 90
MOVE A43 96
MOVE A49 102
MOVE A64 102
MOVE A65 102
MOVE A66 102
MOVE A67 102
MOVE A68 102
MOVE A69 102
MOVE A70 102
MOVE A71 102
MOVE A72 96
MOVE A73 65
MOVE A74 55
MOVE A75 45
MOVE A76 29
MOVE A77 20
MOVE A78 10
MOVE A79 3
MOVE B47 125
MOVE B48 125
MOVE B53 127
MOVE B54 127
MOVE B55 127
MOVE B56 127
MOVE B57 118
MOVE B58 118
MOVE B59 125
MOVE B66 114
MOVE B67 124
MOVE B68 124
MOVE B69 131
MOVE B70 131
MOVE B71 131
MOVE B72 131
MOVE B73 191
MOVE B74 191
DAMAGE TURRET A56 1
DAMAGE TURRET A57 1
DAMAGE TURRET B60 1
DAMAGE COMBAT A6 1
DAMAGE COMBAT A57 5
DAMAGE COMBAT A58 3
DAMAGE COMBAT B43 3
DAMAGE COMBAT B44 5
DAMAGE COMBAT B60 2
END TURN 189
TURN 190
COMMAND LEFT START
MOVE A80 96
TRAIN 1
COMMAND LEFT END
COMMAND RIGHT START
MOVE B76 124
MOVE B75 124
TRAIN 2
COMMAND RIGHT END
TURN 190 RESULT
TIME LEFT 1 5 RIGHT 0 5
TRAIN A81 B77 B78
MOVE A41 147
MOVE A42 83
MOVE A49 109
MOVE A64 109
MOVE A65 109
MOVE A66 109
MOVE A67 109
MOVE A68 109
MOVE A69 109
MOVE A70 109
MOVE A71 109
MOVE A73 96
MOVE A74 65
MOVE A75 55
MOVE A76 45
MOVE A77 29
MOVE A78 20
MOVE A79 10
MOVE A80 3
MOVE B47 118
MOVE B48 118
MOVE B53 115
MOVE B54 115
MOVE B55 115
MOVE B56 115
MOVE B57 127
MOVE B58 127
MOVE B59 118
MOVE B66 99
MOVE B69 124
MOVE B70 124
MOVE B71 124
MOVE B72 124
MOVE B73 183
MOVE B74 183
MOVE B75 191
MOVE B76 191
DAMAGE TURRET A58 2
DAMAGE COMBAT A58 1
DAMAGE COMBAT A59 6
DAMAGE COMBAT B44 1
DAMAGE COMBAT B49 5
END TURN 190
TURN 191
COMMAND LEFT START
MOVE A81 96
TRAIN 1
COMMAND LEFT END
COMMAND RIGHT START
MOVE B78 124
MOVE B77 124
TRAIN 2
COMMAND RIGHT END
TURN 191 RESULT
TIME LEFT 0 5 RIGHT 0 5
TRAIN A82 B79 B80
MOVE A41 163
MOVE A42 75
MOVE A49 117
MOVE A64 117
MOVE A65 117
MOVE A66 117
MOVE A67 117
MOVE A68 117
MOVE A69 117
MOVE A70 117
MOVE A71 117
MOVE A74 96
MOVE A75 65
MOVE A76 55
MOVE A77 45
MOVE A78 29
MOVE A79 20
MOVE A80 10
MOVE A81 3
MOVE B47 127
MOVE B48 127
MOVE B53 122
MOVE B54 122
MOVE B55 122
MOVE B56 122
MOVE B57 115
MOVE B58 115
MOVE B59 127
MOVE B66 88
MOVE B73 173
MOVE B74 173
MOVE B75 183
MOVE B76 183
MOVE B77 191
MOVE B78 191
DAMAGE TURRET A60 2
DAMAGE COMBAT A60 4
DAMAGE COMBAT A61 2
DAMAGE COMBAT B49 1
DAMAGE COMBAT B50 3
END TURN 191
TURN 192
COMMAND LEFT START
MOVE A82 96
TRAIN 1
COMMAND LEFT END
COMMAND RIGHT START
MOVE B80 124
MOVE B79 124
MOVE B72 98
UPGRADE 88
COMMAND RIGHT END
TURN 192 RESULT
TIME LEFT 3 5 RIGHT 0 5
UPGRADE B 88
TRAIN A83
MOVE A41 172
MOVE A42 63
MOVE A49 129
MOVE A64 129
MOVE A65 129
MOVE A66 129
MOVE A67 129
MOVE A68 129
MOVE A69 129
MOVE A70 129
MOVE A71 129
MOVE A75 96
MOVE A76 65
MOVE A77 55
MOVE A78 45
MOVE A79 29
MOVE A80 20
MOVE A81 10
MOVE A82 3
MOVE B47 115
MOVE B48 115
MOVE B53 117
MOVE B54 117
MOVE B55 117
MOVE B56 117
MOVE B57 122
MOVE B58 122
MOVE B59 115
MOVE B72 123
MOVE B73 165
MOVE B74 165
MOVE B75 173
MOVE B76 173
MOVE B77 183
MOVE B78 183
MOVE B79 191
MOVE B80 191
DAMAGE TURRET A61 2
DAMAGE COMBAT A61 2
DAMAGE COMBAT A62 3
DAMAGE COMBAT B50 3
END TURN 192
TURN 193
COMMAND LEFT START
MOVE A83 3
MOVE A41 96
TRAIN 2
COMMAND LEFT END
COMMAND RIGHT START
UPGRADE 88
COMMAND RIGHT END
TURN 193 RESULT
TIME LEFT 2 5 RIGHT 1 5
UPGRADE B 88
TRAIN A84 A85
MOVE A41 163
MOVE A42 68
MOVE A49 124
MOVE A64 124
MOVE A65 124
MOVE A66 124
MOVE A67 124
MOVE A68 124
MOVE A69 124
MOVE A70 124
MOVE A71 124
MOVE A76 96
MOVE A77 65
MOVE A78 55
MOVE A79 45
MOVE A80 29
MOVE A81 20
MOVE A82 10
MOVE A83 3
MOVE B47 122
MOVE B48 122
MOVE B53 129
MOVE B54 129
MOVE B55 129
MOVE B56 129
MOVE B57 117
MOVE B58 117
MOVE B59 122
MOVE B72 98
MOVE B73 156
MOVE B74 156
MOVE B75 165
MOVE B76 165
MOVE B77 173
MOVE B78 173
MOVE B79 183
MOVE B80 183
DAMAGE TURRET A49 2
DAMAGE TURRET A62 2
DAMAGE COMBAT A49 4
DAMAGE COMBAT A62 1
DAMAGE COMBAT A63 3
DAMAGE COMBAT A64 5
DAMAGE COMBAT B45 6
DAMAGE COMBAT B51 2
DAMAGE COMBAT B63 3
END TURN 193
TURN 194
COMMAND LEFT START
MOVE A43 182
MOVE A84 96
MOVE A85 96
MOVE A42 96
TRAIN 1
COMMAND LEFT END
COMMAND RIGHT START
MOVE B72 88
UPGRADE 98
TRAIN 1
COMMAND RIGHT END
TURN 194 RESULT
TIME LEFT 2 5 RIGHT 2 5
UPGRADE B 98
TRAIN A86 B81
MOVE A41 147
MOVE A42 63
MOVE A43 127
MOVE A77 96
MOVE A78 65
MOVE A79 55
MOVE A80 45
MOVE A81 29
MOVE A82 20
MOVE A84 3
MOVE A85 3
MOVE B47 117
MOVE B48 117
MOVE B53 124
MOVE B54 124
MOVE B55 124
MOVE B56 124
MOVE B57 129
MOVE B58 129
MOVE B59 117
MOVE B72 87
MOVE B73 141
MOVE B74 141
MOVE B75 156
MOVE B76 156
MOVE B77 165
MOVE B78 165
MOVE B79 173
MOVE B80 173
DAMAGE TURRET A63 2
DAMAGE TURRET A64 1
DAMAGE TURRET A65 1
DAMAGE COMBAT A63 1
DAMAGE COMBAT A65 5
DAMAGE COMBAT A66 6
DAMAGE COMBAT A67 1
DAMAGE COMBAT B51 1
DAMAGE COMBAT B53 5
DAMAGE COMBAT B63 3
END TURN 194
TURN 195
COMMAND LEFT START
MOVE A86 96
MOVE A83 96
TRAIN 1
COMMAND LEFT END
COMMAND RIGHT START
MOVE B36 98
MOVE B62 88
COMMAND RIGHT END
TURN 195 RESULT
TIME LEFT 2 5 RIGHT 1 5
TRAIN A87
MOVE A41 137
MOVE A42 75
MOVE A43 137
MOVE A78 96
MOVE A79 65
MOVE A80 55
MOVE A81 45
MOVE A82 29
MOVE A83 10
MOVE A84 10
MOVE A85 10
MOVE A86 3
MOVE B36 191
MOVE B47 129
MOVE B48 129
MOVE B57 124
MOVE B58 124
MOVE B59 129
MOVE B62 113
MOVE B72 92
MOVE B73 131
MOVE B74 131
MOVE B75 141
MOVE B76 141
MOVE B77 156
MOVE B78 156
MOVE B79 165
MOVE B80 165
DAMAGE TURRET A67 2
DAMAGE COMBAT A67 3
DAMAGE COMBAT A68 6
DAMAGE COMBAT A69 4
DAMAGE COMBAT B53 1
DAMAGE COMBAT B54 4
END TURN 195
TURN 196
COMMAND LEFT START
MOVE A87 96
TRAIN 1
COMMAND LEFT END
COMMAND RIGHT START
MOVE B1 98
TRAIN 1
COMMAND RIGHT END
TURN 196 RESULT
TIME LEFT 2 5 RIGHT 0 5
TRAIN A88 B82
MOVE A41 127
MOVE A42 83
MOVE A43 147
MOVE A79 96
MOVE A80 65
MOVE A81 55
MOVE A82 45
MOVE A83 20
MOVE A84 20
MOVE A85 20
MOVE A86 10
MOVE A87 3
MOVE B1 134
MOVE B36 183
MOVE B47 124
MOVE B48 124
MOVE B59 124
MOVE B62 101
MOVE B72 88
MOVE B73 124
MOVE B74 124
MOVE B75 131
MOVE B76 131
MOVE B77 141
MOVE B78 141
MOVE B79 156
MOVE B80 156
DAMAGE TURRET A69 2
DAMAGE COMBAT A70 6
DAMAGE COMBAT A71 6
DAMAGE COMBAT B47 1
DAMAGE COMBAT B54 2
END TURN 196
TURN 197
COMMAND LEFT START
MOVE A88 96
TRAIN 1
COMMAND LEFT END
COMMAND RIGHT START
MOVE B47 98
MOVE B48 143
COMMAND RIGHT END
TURN 197 RESULT
TIME LEFT 3 5 RIGHT 0 5
TRAIN A89
MOVE A41 96
MOVE A42 90
MOVE A43 163
MOVE A80 96
MOVE A81 65
MOVE A82 55
MOVE A83 29
MOVE A84 29
MOVE A85 29
MOVE A86 20
MOVE A87 10
MOVE A88 3
MOVE B1 123
MOVE B36 180
MOVE B47 123
MOVE B48 131
MOVE B62 103
MOVE B75 124
MOVE B76 124
MOVE B77 131
MOVE B78 131
MOVE B79 141
MOVE B80 141
END TURN 197
TURN 198
COMMAND LEFT START
MOVE A72 124
MOVE A73 124
MOVE A74 124
MOVE A75 124
MOVE A76 124
MOVE A77 124
MOVE A78 124
MOVE A79 124
MOVE A80 124
MOVE A89 96
TRAIN 1
COMMAND LEFT END
COMMAND RIGHT START
MOVE B55 98
MOVE B82 124
UPGRADE 88
COMMAND RIGHT END
TURN 198 RESULT
TIME LEFT 3 5 RIGHT 2 5
UPGRADE B 88
TRAIN A90
MOVE A42 96
MOVE A43 172
MOVE A72 102
MOVE A73 102
MOVE A74 102
MOVE A75 102
MOVE A76 102
MOVE A77 102
MOVE A78 102
MOVE A79 102
MOVE A80 102
MOVE A81 96
MOVE A82 65
MOVE A83 45
MOVE A84 45
MOVE A85 45
MOVE A86 29
MOVE A87 20
MOVE A88 10
MOVE A89 3
MOVE B1 98
MOVE B36 175
MOVE B47 98
MOVE B48 143
MOVE B55 123
MOVE B62 108
MOVE B77 124
MOVE B78 124
MOVE B79 131
MOVE B80 131
MOVE B82 191
END TURN 198
TURN 199
COMMAND LEFT START
MOVE A90 96
TRAIN 1
COMMAND LEFT END
COMMAND RIGHT START
UPGRADE 98
COMMAND RIGHT END
TURN 199 RESULT
TIME LEFT 2 5 RIGHT 2 5
UPGRADE B 98
TRAIN A91
MOVE A43 182
MOVE A72 109
MOVE A73 109
MOVE A74 109
MOVE A75 109
MOVE A76 109
MOVE A77 109
MOVE A78 109
MOVE A79 109
MOVE A80 109
MOVE A82 96
MOVE A83 55
MOVE A84 55
MOVE A85 55
MOVE A86 45
MOVE A87 29
MOVE A88 20
MOVE A89 10
MOVE A90 3
MOVE B36 166
MOVE B55 98
MOVE B62 96
MOVE B79 124
MOVE B80 124
MOVE B82 183
DAMAGE TURRET B62 1
DAMAGE COMBAT A35 1
DAMAGE COMBAT B62 5
END TURN 199
TURN 200
COMMAND LEFT START
MOVE A43 96
MOVE A91 96
TRAIN 1
COMMAND LEFT END
COMMAND RIGHT START
MOVE B56 88
COMMAND RIGHT END
TURN 200 RESULT
TIME LEFT 1 5 RIGHT 0 5
TRAIN A92
MOVE A43 172
MOVE A72 117
MOVE A73 117
MOVE A74 117
MOVE A75 117
MOVE A76 117
MOVE A77 117
MOVE A78 117
MOVE A79 117
MOVE A80 117
MOVE A83 65
MOVE A84 65
MOVE A85 65
MOVE A86 55
MOVE A87 45
MOVE A88 29
MOVE A89 20
MOVE A90 10
MOVE A91 3
MOVE B36 158
MOVE B56 114
MOVE B82 173
END TURN 200
TURN 201
COMMAND LEFT START
MOVE A92 3
MOVE A41 101
TRAIN 2
COMMAND LEFT END
COMMAND RIGHT START
UPGRADE 98
COMMAND RIGHT END
TURN 201 RESULT
TIME LEFT 2 5 RIGHT 2 5
UPGRADE B 98
TRAIN A93 A94
MOVE A41 108
MOVE A43 163
MOVE A72 129
MOVE A73 129
MOVE A74 129
MOVE A75 129
MOVE A76 129
MOVE A77 129
MOVE A78 129
MOVE A79 129
MOVE A80 129
MOVE A83 96
MOVE A84 96
MOVE A85 96
MOVE A86 65
MOVE A87 55
MOVE A88 45
MOVE A89 29
MOVE A90 20
MOVE A91 10
MOVE A92 3
MOVE B36 143
MOVE B56 99
MOVE B82 165
END TURN 201
TURN 202
COMMAND LEFT START
MOVE A93 3
MOVE A94 96
TRAIN 1
COMMAND LEFT END
COMMAND RIGHT START
MOVE B80 26
COMMAND RIGHT END
TURN 202 RESULT
TIME LEFT 2 5 RIGHT 0 5
TRAIN A95
MOVE A41 103
MOVE A43 147
MOVE A72 124
MOVE A73 124
MOVE A74 124
MOVE A75 124
MOVE A76 124
MOVE A77 124
MOVE A78 124
MOVE A79 124
MOVE A80 124
MOVE A86 96
MOVE A87 65
MOVE A88 55
MOVE A89 45
MOVE A90 29
MOVE A91 20
MOVE A93 3
MOVE A94 3
MOVE B36 134
MOVE B56 88
MOVE B80 114
MOVE B82 156
DAMAGE TURRET A72 2
DAMAGE COMBAT A72 4
DAMAGE COMBAT A73 6
DAMAGE COMBAT A74 6
DAMAGE COMBAT A75 1
DAMAGE COMBAT B57 6
DAMAGE COMBAT B58 3
END TURN 202
TURN 203
COMMAND LEFT START
MOVE A95 96
MOVE A92 96
MOVE A93 96
TRAIN 1
COMMAND LEFT END
COMMAND RIGHT START
TRAIN 2
COMMAND RIGHT END
TURN 203 RESULT
TIME LEFT 2 5 RIGHT 0 5
TRAIN A96 B83 B84
MOVE A41 101
MOVE A43 137
MOVE A87 96
MOVE A88 65
MOVE A89 55
MOVE A90 45
MOVE A91 29
MOVE A92 10
MOVE A93 10
MOVE A94 10
MOVE A95 3
MOVE B36 123
MOVE B80 110
MOVE B82 141
DAMAGE TURRET A75 2
DAMAGE COMBAT A75 3
DAMAGE COMBAT A76 6
DAMAGE COMBAT A77 6
DAMAGE COMBAT A78 1
DAMAGE COMBAT B58 3
DAMAGE COMBAT B59 3
END TURN 203
TURN 204
COMMAND LEFT START
MOVE A96 3
MOVE A41 68
TRAIN 1
COMMAND LEFT END
COMMAND RIGHT START
COMMAND RIGHT END
TURN 204 RESULT
TIME LEFT 2 5 RIGHT 0 5
TRAIN A97
MOVE A41 82
MOVE A43 127
MOVE A88 96
MOVE A89 65
MOVE A90 55
MOVE A91 45
MOVE A92 20
MOVE A93 20
MOVE A94 20
MOVE A95 10
MOVE A96 3
MOVE B36 98
MOVE B80 107
MOVE B82 131
DAMAGE TURRET A78 2
DAMAGE COMBAT A78 3
DAMAGE COMBAT A79 6
DAMAGE COMBAT A80 6
DAMAGE COMBAT B59 3
END TURN 204
TURN 205
COMMAND LEFT START
MOVE A42 124
MOVE A81 124
MOVE A82 124
MOVE A83 124
MOVE A84 124
MOVE A85 124
MOVE A86 124
MOVE A87 124
MOVE A88 124
MOVE A96 124
MOVE A97 96
TRAIN 1
COMMAND LEFT END
COMMAND RIGHT START
COMMAND RIGHT END
TURN 205 RESULT
TIME LEFT 3 5 RIGHT 0 5
TRAIN A98
MOVE A41 78
MOVE A42 102
MOVE A43 96
MOVE A81 102
MOVE A82 102
MOVE A83 102
MOVE A84 102
MOVE A85 102
MOVE A86 102
MOVE A87 102
MOVE A88 102
MOVE A89 96
MOVE A90 65
MOVE A91 55
MOVE A92 29
MOVE A93 29
MOVE A94 29
MOVE A95 20
MOVE A96 8
MOVE A97 3
MOVE B80 89
MOVE B82 124
END TURN 205
TURN 206
COMMAND LEFT START
MOVE A98 96
TRAIN 1
COMMAND LEFT END
COMMAND RIGHT START
MOVE B84 124
MOVE B83 124
MOVE B55 124
TRAIN 2
COMMAND RIGHT END
TURN 206 RESULT
TIME LEFT 1 5 RIGHT 0 5
TRAIN A99 B85 B86
MOVE A41 68
MOVE A42 109
MOVE A81 109
MOVE A82 109
MOVE A83 109
MOVE A84 109
MOVE A85 109
MOVE A86 109
MOVE A87 109
MOVE A88 109
MOVE A90 96
MOVE A91 65
MOVE A92 45
MOVE A93 45
MOVE A94 45
MOVE A95 29
MOVE A96 15
MOVE A97 10
MOVE A98 3
MOVE B55 123
MOVE B80 84
MOVE B83 191
MOVE B84 191
END TURN 206
TURN 207
COMMAND LEFT START
MOVE A99 96
MOVE A41 96
TRAIN 1
COMMAND LEFT END
COMMAND RIGHT START
MOVE B86 124
MOVE B85 124
TRAIN 2
COMMAND RIGHT END
TURN 207 RESULT
TIME LEFT 1 5 RIGHT 0 5
TRAIN A100 B87 B88
MOVE A41 63
MOVE A42 117
MOVE A81 117
MOVE A82 117
MOVE A83 117
MOVE A84 117
MOVE A85 117
MOVE A86 117
MOVE A87 117
MOVE A88 117
MOVE A91 96
MOVE A92 55
MOVE A93 55
MOVE A94 55
MOVE A95 45
MOVE A96 33
MOVE A97 20
MOVE A98 10
MOVE A99 3
MOVE B55 124
MOVE B80 65
MOVE B83 183
MOVE B84 183
MOVE B85 191
MOVE B86 191
END TURN 207
TURN 208
COMMAND LEFT START
MOVE A100 3
TRAIN 1
COMMAND LEFT END
COMMAND RIGHT START
MOVE B88 124
MOVE B87 124
TRAIN 2
COMMAND RIGHT END
TURN 208 RESULT
TIME LEFT 1 5 RIGHT 0 5
TRAIN A101 B89 B90
MOVE A41 75
MOVE A42 129
MOVE A81 129
MOVE A82 129
MOVE A83 129
MOVE A84 129
MOVE A85 129
MOVE A86 129
MOVE A87 129
MOVE A88 129
MOVE A92 65
MOVE A93 65
MOVE A94 65
MOVE A95 55
MOVE A96 43
MOVE A97 29
MOVE A98 20
MOVE A99 10
MOVE A100 3
MOVE B80 62
MOVE B83 173
MOVE B84 173
MOVE B85 183
MOVE B86 183
MOVE B87 191
MOVE B88 191
END TURN 208
TURN 209
COMMAND LEFT START
MOVE A101 96
TRAIN 2
COMMAND LEFT END
COMMAND RIGHT START
MOVE B90 124
UPGRADE 192
COMMAND RIGHT END
TURN 209 RESULT
TIME LEFT 2 5 RIGHT 0 5
UPGRADE B 192
TRAIN A102 A103
MOVE A41 83
MOVE A42 124
MOVE A81 124
MOVE A82 124
MOVE A83 124
MOVE A84 124
MOVE A85 124
MOVE A86 124
MOVE A87 124
MOVE A88 124
MOVE A92 96
MOVE A93 96
MOVE A94 96
MOVE A95 65
MOVE A96 60
MOVE A97 45
MOVE A98 29
MOVE A99 20
MOVE A101 3
MOVE B80 56
MOVE B83 165
MOVE B84 165
MOVE B85 173
MOVE B86 173
MOVE B87 183
MOVE B88 183
MOVE B90 191
DAMAGE TURRET A42 2
DAMAGE COMBAT A42 4
DAMAGE COMBAT A81 6
DAMAGE COMBAT A82 6
DAMAGE COMBAT B55 6
DAMAGE COMBAT B64 3
END TURN 209
TURN 210
COMMAND LEFT START
MOVE A102 96
MOVE A103 96
TRAIN 1
COMMAND LEFT END
COMMAND RIGHT START
COMMAND RIGHT END
TURN 210 RESULT
TIME LEFT 2 5 RIGHT 0 5
TRAIN A104
MOVE A41 90
MOVE A95 96
MOVE A96 73
MOVE A97 55
MOVE A98 45
MOVE A99 29
MOVE A101 10
MOVE A102 3
MOVE A103 3
MOVE B80 46
MOVE B83 156
MOVE B84 156
MOVE B85 165
MOVE B86 165
MOVE B87 173
MOVE B88 173
MOVE B90 183
DAMAGE TURRET A83 2
DAMAGE COMBAT A83 4
DAMAGE COMBAT A84 6
DAMAGE COMBAT A85 5
DAMAGE COMBAT B64 3
DAMAGE COMBAT B65 3
END TURN 210
TURN 211
COMMAND LEFT START
MOVE A104 96
TRAIN 1
COMMAND LEFT END
COMMAND RIGHT START
TRAIN 2
COMMAND RIGHT END
TURN 211 RESULT
TIME LEFT 2 5 RIGHT 0 5
TRAIN A105 B91 B92
MOVE A41 96
MOVE A96 79
MOVE A97 65
MOVE A98 55
MOVE A99 45
MOVE A101 20
MOVE A102 10
MOVE A103 10
MOVE A104 3
MOVE B80 39
MOVE B83 141
MOVE B84 141
MOVE B85 156
MOVE B86 156
MOVE B87 165
MOVE B88 165
MOVE B90 173
DAMAGE TURRET A85 1
DAMAGE TURRET A86 1
DAMAGE COMBAT A86 5
DAMAGE COMBAT A87 6
DAMAGE COMBAT A88 3
DAMAGE COMBAT B65 3
DAMAGE COMBAT B67 1
END TURN 211
TURN 212
COMMAND LEFT START
MOVE A105 96
MOVE A100 96
TRAIN 1
COMMAND LEFT END
COMMAND RIGHT START
MOVE B92 96
MOVE B91 88
COMMAND RIGHT END
TURN 212 RESULT
TIME LEFT 2 5 RIGHT 0 5
TRAIN A106
MOVE A96 99
MOVE A97 96
MOVE A98 65
MOVE A99 55
MOVE A100 10
MOVE A101 29
MOVE A102 20
MOVE A103 20
MOVE A104 10
MOVE A105 3
MOVE B80 36
MOVE B83 131
MOVE B84 131
MOVE B85 141
MOVE B86 141
MOVE B87 156
MOVE B88 156
MOVE B90 165
MOVE B91 191
MOVE B92 189
DAMAGE TURRET A88 2
DAMAGE COMBAT A88 1
DAMAGE COMBAT B67 1
END TURN 212
TURN 213
COMMAND LEFT START
MOVE A89 104
MOVE A90 104
MOVE A91 104
MOVE A92 104
MOVE A93 104
MOVE A94 104
MOVE A95 104
MOVE A97 104
MOVE A41 104
MOVE A106 96
TRAIN 1
COMMAND LEFT END
COMMAND RIGHT START
COMMAND RIGHT END
TURN 213 RESULT
TIME LEFT 3 5 RIGHT 0 5
TRAIN A107
MOVE A41 108
MOVE A89 108
MOVE A90 108
MOVE A91 108
MOVE A92 108
MOVE A93 108
MOVE A94 108
MOVE A95 108
MOVE A96 114
MOVE A97 108
MOVE A98 96
MOVE A99 65
MOVE A100 20
MOVE A101 45
MOVE A102 29
MOVE A103 29
MOVE A104 20
MOVE A105 10
MOVE A106 3
MOVE B80 26
MOVE B83 124
MOVE B84 124
MOVE B85 131
MOVE B86 131
MOVE B87 141
MOVE B88 141
MOVE B90 156
MOVE B91 183
MOVE B92 182
DAMAGE TURRET B80 1
DAMAGE COMBAT A9 1
DAMAGE COMBAT B80 2
END TURN 213
TURN 214
COMMAND LEFT START
MOVE A107 3
TRAIN 1
COMMAND LEFT END
COMMAND RIGHT START
COMMAND RIGHT END
TURN 214 RESULT
TIME LEFT 2 5 RIGHT 0 5
TRAIN A108
MOVE A41 103
MOVE A89 103
MOVE A90 103
MOVE A91 103
MOVE A92 103
MOVE A93 103
MOVE A94 103
MOVE A95 103
MOVE A96 124
MOVE A97 103
MOVE A99 96
MOVE A100 29
MOVE A101 55
MOVE A102 45
MOVE A103 45
MOVE A104 29
MOVE A105 20
MOVE A106 10
MOVE A107 3
MOVE B85 124
MOVE B86 124
MOVE B87 131
MOVE B88 131
MOVE B90 141
MOVE B91 173
MOVE B92 172
DAMAGE TURRET A96 2
DAMAGE TURRET B80 1
DAMAGE COMBAT A9 1
DAMAGE COMBAT A96 4
DAMAGE COMBAT B67 1
DAMAGE COMBAT B80 2
END TURN 214
TURN 215
COMMAND LEFT START
MOVE A43 91
MOVE A108 96
MOVE A107 96
TRAIN 2
COMMAND LEFT END
COMMAND RIGHT START
COMMAND RIGHT END
TURN 215 RESULT
TIME LEFT 2 5 RIGHT 0 5
TRAIN A109 A110
MOVE A41 101
MOVE A43 84
MOVE A89 101
MOVE A90 101
MOVE A91 101
MOVE A92 101
MOVE A93 101
MOVE A94 101
MOVE A95 101
MOVE A97 101
MOVE A100 45
MOVE A101 65
MOVE A102 55
MOVE A103 55
MOVE A104 45
MOVE A105 29
MOVE A106 20
MOVE A107 10
MOVE A108 3
MOVE B87 124
MOVE B88 124
MOVE B90 131
MOVE B91 165
MOVE B92 163
END TURN 215
TURN 216
COMMAND LEFT START
MOVE A109 96
MOVE A110 96
TRAIN 1
COMMAND LEFT END
COMMAND RIGHT START
TRAIN 2
COMMAND RIGHT END
TURN 216 RESULT
TIME LEFT 1 5 RIGHT 0 5
TRAIN A111 B93 B94
MOVE A41 113
MOVE A43 89
MOVE A89 113
MOVE A90 113
MOVE A91 113
MOVE A92 113
MOVE A93 113
MOVE A94 113
MOVE A95 113
MOVE A97 113
MOVE A100 55
MOVE A101 96
MOVE A102 65
MOVE A103 65
MOVE A104 55
MOVE A105 45
MOVE A106 29
MOVE A107 20
MOVE A108 10
MOVE A109 3
MOVE A110 3
MOVE B90 124
MOVE B91 153
MOVE B92 147
END TURN 216
TURN 217
COMMAND LEFT START
MOVE A111 96
TRAIN 1
COMMAND LEFT END
COMMAND RIGHT START
MOVE B37 189
MOVE B38 189
MOVE B81 189
TRAIN 1
COMMAND RIGHT END
TURN 217 RESULT
TIME LEFT 1 5 RIGHT 0 5
TRAIN A112 B95
MOVE A41 104
MOVE A43 91
MOVE A89 104
MOVE A90 104
MOVE A91 104
MOVE A92 104
MOVE A93 104
MOVE A94 104
MOVE A95 104
MOVE A97 104
MOVE A100 65
MOVE A102 96
MOVE A103 96
MOVE A104 65
MOVE A105 55
MOVE A106 45
MOVE A107 29
MOVE A108 20
MOVE A109 10
MOVE A110 10
MOVE A111 3
MOVE B37 189
MOVE B38 189
MOVE B81 189
MOVE B91 140
MOVE B92 137
DAMAGE TURRET A41 2
DAMAGE COMBAT A41 3
DAMAGE COMBAT B51 3
DAMAGE COMBAT B52 6
END TURN 217
TURN 218
COMMAND LEFT START
MOVE A43 96
MOVE A112 96
TRAIN 1
COMMAND LEFT END
COMMAND RIGHT START
MOVE B81 124
MOVE B38 124
MOVE B37 124
TRAIN 2
COMMAND RIGHT END
TURN 218 RESULT
TIME LEFT 1 5 RIGHT 0 5
TRAIN A113 B96 B97
MOVE A43 89
MOVE A100 96
MOVE A104 96
MOVE A105 65
MOVE A106 55
MOVE A107 45
MOVE A108 29
MOVE A109 20
MOVE A110 20
MOVE A111 10
MOVE A112 3
MOVE B37 186
MOVE B38 186
MOVE B81 186
MOVE B91 129
MOVE B92 127
DAMAGE TURRET A89 2
DAMAGE COMBAT A89 1
DAMAGE COMBAT B61 6
SIEGE B 104 2
END TURN 218
TURN 219
COMMAND LEFT START
MOVE A98 117
MOVE A113 96
TRAIN 1
COMMAND LEFT END
COMMAND RIGHT START
MOVE B89 189
MOVE B93 189
TRAIN 2
COMMAND RIGHT END
TURN 219 RESULT
TIME LEFT 2 5 RIGHT 0 5
TRAIN A114 B98 B99
MOVE A43 84
MOVE A98 102
MOVE A105 96
MOVE A106 65
MOVE A107 55
MOVE A108 45
MOVE A109 29
MOVE A110 29
MOVE A111 20
MOVE A112 10
MOVE A113 3
MOVE B37 174
MOVE B38 174
MOVE B81 174
MOVE B89 189
MOVE B91 114
MOVE B92 96
MOVE B93 189
DAMAGE TURRET A89 2
DAMAGE TURRET B92 1
DAMAGE COMBAT A35 1
DAMAGE COMBAT B92 6
SIEGE B 104 8
END TURN 219
TURN 220
COMMAND LEFT START
MOVE A99 104
MOVE A100 104
MOVE A101 104
MOVE A102 104
MOVE A103 104
MOVE A104 104
MOVE A105 104
MOVE A114 96
TRAIN 1
COMMAND LEFT END
COMMAND RIGHT START
MOVE B93 124
MOVE B89 124
MOVE B99 124
MOVE B98 124
TRAIN 2
COMMAND RIGHT END
TURN 220 RESULT
TIME LEFT 4 5 RIGHT 0 5
TRAIN A115 B100 B101
MOVE A43 96
MOVE A98 109
MOVE A99 108
MOVE A100 108
MOVE A101 108
MOVE A102 108
MOVE A103 108
MOVE A104 108
MOVE A105 108
MOVE A106 96
MOVE A107 65
MOVE A108 55
MOVE A109 45
MOVE A110 45
MOVE A111 29
MOVE A112 20
MOVE A113 10
MOVE A114 3
MOVE B37 161
MOVE B38 161
MOVE B81 161
MOVE B89 186
MOVE B91 99
MOVE B93 186
MOVE B98 191
MOVE B99 191
DAMAGE TURRET A89 1
DAMAGE TURRET A90 1
SIEGE B 104 8
END TURN 220
TURN 221
COMMAND LEFT START
MOVE A90 68
MOVE A91 68
MOVE A92 68
MOVE A93 68
MOVE A94 68
MOVE A95 68
MOVE A97 68
MOVE A115 96
TRAIN 1
COMMAND LEFT END
COMMAND RIGHT START
COMMAND RIGHT END
TURN 221 RESULT
TIME LEFT 3 5 RIGHT 0 5
TRAIN A116
MOVE A90 93
MOVE A91 93
MOVE A92 93
MOVE A93 93
MOVE A94 93
MOVE A95 93
MOVE A97 93
MOVE A98 117
MOVE A99 103
MOVE A100 103
MOVE A101 103
MOVE A102 103
MOVE A103 103
MOVE A104 103
MOVE A105 103
MOVE A107 96
MOVE A108 65
MOVE A109 55
MOVE A110 55
MOVE A111 45
MOVE A112 29
MOVE A113 20
MOVE A114 10
MOVE A115 3
MOVE B37 153
MOVE B38 153
MOVE B81 153
MOVE B89 174
MOVE B91 88
MOVE B93 174
MOVE B98 183
MOVE B99 183
END TURN 221
TURN 222
COMMAND LEFT START
MOVE A116 3
MOVE A43 3
MOVE A98 96
TRAIN 1
COMMAND LEFT END
COMMAND RIGHT START
MOVE B91 124
MOVE B101 124
UPGRADE 192
COMMAND RIGHT END
TURN 222 RESULT
TIME LEFT 2 5 RIGHT 0 5
UPGRADE B 192
TRAIN A117
MOVE A43 65
MOVE A90 78
MOVE A91 78
MOVE A92 78
MOVE A93 78
MOVE A94 78
MOVE A95 78
MOVE A97 78
MOVE A98 109
MOVE A99 101
MOVE A100 101
MOVE A101 101
MOVE A102 101
MOVE A103 101
MOVE A104 101
MOVE A105 101
MOVE A108 96
MOVE A109 65
MOVE A110 65
MOVE A111 55
MOVE A112 45
MOVE A113 29
MOVE A114 20
MOVE A115 10
MOVE A116 3
MOVE B37 140
MOVE B38 140
MOVE B81 140
MOVE B89 161
MOVE B91 99
MOVE B93 161
MOVE B98 173
MOVE B99 173
MOVE B101 191
END TURN 222
TURN 223
COMMAND LEFT START
MOVE A106 91
MOVE A116 96
MOVE A117 96
TRAIN 1
COMMAND LEFT END
COMMAND RIGHT START
MOVE B90 104
COMMAND RIGHT END
TURN 223 RESULT
TIME LEFT 2 5 RIGHT 0 5
TRAIN A118
MOVE A43 55
MOVE A90 68
MOVE A91 68
MOVE A92 68
MOVE A93 68
MOVE A94 68
MOVE A95 68
MOVE A97 68
MOVE A98 102
MOVE A99 113
MOVE A100 113
MOVE A101 113
MOVE A102 113
MOVE A103 113
MOVE A104 113
MOVE A105 113
MOVE A106 84
MOVE A109 96
MOVE A110 96
MOVE A111 65
MOVE A112 55
MOVE A113 45
MOVE A114 29
MOVE A115 20
MOVE A116 10
MOVE A117 3
MOVE B37 129
MOVE B38 129
MOVE B81 129
MOVE B89 153
MOVE B90 129
MOVE B91 114
MOVE B93 153
MOVE B98 165
MOVE B99 165
MOVE B101 183
END TURN 223
TURN 224
COMMAND LEFT START
MOVE A90 96
MOVE A91 96
MOVE A92 96
MOVE A93 96
MOVE A94 96
MOVE A95 96
MOVE A97 96
MOVE A118 96
TRAIN 2
COMMAND LEFT END
COMMAND RIGHT START
TRAIN 3
COMMAND RIGHT END
TURN 224 RESULT
TIME LEFT 3 5 RIGHT 0 5
TRAIN A119 A120 B102 B103 B104
MOVE A43 45
MOVE A90 63
MOVE A91 63
MOVE A92 63
MOVE A93 63
MOVE A94 63
MOVE A95 63
MOVE A97 63
MOVE A98 96
MOVE A99 104
MOVE A100 104
MOVE A101 104
MOVE A102 104
MOVE A103 104
MOVE A104 104
MOVE A105 104
MOVE A106 89
MOVE A111 96
MOVE A112 65
MOVE A113 55
MOVE A114 45
MOVE A115 29
MOVE A116 20
MOVE A117 10
MOVE A118 3
MOVE B37 124
MOVE B38 124
MOVE B81 124
MOVE B89 140
MOVE B90 117
MOVE B91 124
MOVE B93 140
MOVE B98 156
MOVE B99 156
MOVE B101 173
END TURN 224
TURN 225
COMMAND LEFT START
MOVE A99 68
MOVE A100 68
MOVE A101 68
MOVE A102 68
MOVE A103 68
MOVE A104 68
MOVE A105 68
MOVE A119 96
MOVE A120 96
TRAIN 1
COMMAND LEFT END
COMMAND RIGHT START
MOVE B104 124
MOVE B103 124
MOVE B102 124
TRAIN 2
COMMAND RIGHT END
TURN 225 RESULT
TIME LEFT 3 5 RIGHT 0 5
TRAIN A121 B105 B106
MOVE A43 29
MOVE A90 75
MOVE A91 75
MOVE A92 75
MOVE A93 75
MOVE A94 75
MOVE A95 75
MOVE A97 75
MOVE A99 93
MOVE A100 93
MOVE A101 93
MOVE A102 93
MOVE A103 93
MOVE A104 93
MOVE A105 93
MOVE A106 91
MOVE A112 96
MOVE A113 65
MOVE A114 55
MOVE A115 45
MOVE A116 29
MOVE A117 20
MOVE A118 10
MOVE A119 3
MOVE A120 3
MOVE B89 129
MOVE B90 122
MOVE B93 129
MOVE B98 141
MOVE B99 141
MOVE B101 165
MOVE B102 191
MOVE B103 191
MOVE B104 191
END TURN 225
TURN 226
COMMAND LEFT START
MOVE A106 96
MOVE A121 96
TRAIN 1
COMMAND LEFT END
COMMAND RIGHT START
MOVE B106 124
MOVE B105 124
TRAIN 3
COMMAND RIGHT END
TURN 226 RESULT
TIME LEFT 2 5 RIGHT 0 5
TRAIN A122 B107 B108 B109
MOVE A43 20
MOVE A90 83
MOVE A91 83
MOVE A92 83
MOVE A93 83
MOVE A94 83
MOVE A95 83
MOVE A97 83
MOVE A99 78
MOVE A100 78
MOVE A101 78
MOVE A102 78
MOVE A103 78
MOVE A104 78
MOVE A105 78
MOVE A106 89
MOVE A113 96
MOVE A114 65
MOVE A115 55
MOVE A116 45
MOVE A117 29
MOVE A118 20
MOVE A119 10
MOVE A120 10
MOVE A121 3
MOVE B89 124
MOVE B90 115
MOVE B93 124
MOVE B98 131
MOVE B99 131
MOVE B101 156
MOVE B102 183
MOVE B103 183
MOVE B104 183
MOVE B105 191
MOVE B106 191
END TURN 226
TURN 227
COMMAND LEFT START
MOVE A98 117
MOVE A122 96
TRAIN 1
COMMAND LEFT END
COMMAND RIGHT START
MOVE B93 96
MOVE B91 96
MOVE B89 96
MOVE B88 96
MOVE B87 96
MOVE B86 96
MOVE B85 96
MOVE B84 96
MOVE B83 96
MOVE B82 96
MOVE B81 96
MOVE B79 96
MOVE B78 96
MOVE B77 96
MOVE B76 96
MOVE B75 96
MOVE B74 96
MOVE B73 96
MOVE B71 96
MOVE B70 96
MOVE B69 96
MOVE B68 96
MOVE B67 96
COMMAND RIGHT END
TURN 227 RESULT
TIME LEFT 2 5 RIGHT 0 5
TRAIN A123
MOVE A43 10
MOVE A90 90
MOVE A91 90
MOVE A92 90
MOVE A93 90
MOVE A94 90
MOVE A95 90
MOVE A97 90
MOVE A98 102
MOVE A99 68
MOVE A100 68
MOVE A101 68
MOVE A102 68
MOVE A103 68
MOVE A104 68
MOVE A105 68
MOVE A106 84
MOVE A114 96
MOVE A115 65
MOVE A116 55
MOVE A117 45
MOVE A118 29
MOVE A119 20
MOVE A120 20
MOVE A121 10
MOVE A122 3
MOVE B67 129
MOVE B68 129
MOVE B69 129
MOVE B70 129
MOVE B71 129
MOVE B73 129
MOVE B74 129
MOVE B75 129
MOVE B76 129
MOVE B77 129
MOVE B78 129
MOVE B79 129
MOVE B81 129
MOVE B82 129
MOVE B83 129
MOVE B84 129
MOVE B85 129
MOVE B86 129
MOVE B87 129
MOVE B88 129
MOVE B89 129
MOVE B90 127
MOVE B91 129
MOVE B93 129
MOVE B98 124
MOVE B99 124
MOVE B101 141
MOVE B102 173
MOVE B103 173
MOVE B104 173
MOVE B105 183
MOVE B106 183
END TURN 227
TURN 228
COMMAND LEFT START
MOVE A99 96
MOVE A100 96
MOVE A101 96
MOVE A102 96
MOVE A103 96
MOVE A104 96
MOVE A105 96
MOVE A123 96
TRAIN 1
COMMAND LEFT END
COMMAND RIGHT START
MOVE B109 124
MOVE B108 124
MOVE B107 124
TRAIN 3
COMMAND RIGHT END
TURN 228 RESULT
TIME LEFT 4 5 RIGHT 0 5
TRAIN A124 B110 B111 B112
MOVE A43 3
MOVE A90 96
MOVE A91 96
MOVE A92 96
MOVE A93 96
MOVE A94 96
MOVE A95 96
MOVE A97 96
MOVE A98 109
MOVE A99 63
MOVE A100 63
MOVE A101 63
MOVE A102 63
MOVE A103 63
MOVE A104 63
MOVE A105 63
MOVE A106 96
MOVE A115 96
MOVE A116 65
MOVE A117 55
MOVE A118 45
MOVE A119 29
MOVE A120 29
MOVE A121 20
MOVE A122 10
MOVE A123 3
MOVE B67 117
MOVE B68 117
MOVE B69 117
MOVE B70 117
MOVE B71 117
MOVE B73 117
MOVE B74 117
MOVE B75 117
MOVE B76 117
MOVE B77 117
MOVE B78 117
MOVE B79 117
MOVE B81 117
MOVE B82 117
MOVE B83 117
MOVE B84 117
MOVE B85 117
MOVE B86 117
MOVE B87 117
MOVE B88 117
MOVE B89 117
MOVE B90 118
MOVE B91 117
MOVE B93 117
MOVE B101 131
MOVE B102 165
MOVE B103 165
MOVE B104 165
MOVE B105 173
MOVE B106 173
MOVE B107 191
MOVE B108 191
MOVE B109 191
END TURN 228
TURN 229
COMMAND LEFT START
MOVE A91 88
MOVE A92 88
MOVE A93 88
MOVE A94 88
MOVE A95 88
MOVE A97 88
MOVE A106 88
MOVE A107 88
MOVE A108 88
MOVE A124 96
MOVE A43 96
COMMAND LEFT END
COMMAND RIGHT START
MOVE B112 124
MOVE B111 124
MOVE B110 124
TRAIN 3
COMMAND RIGHT END
TURN 229 RESULT
TIME LEFT 4 5 RIGHT 0 5
TRAIN B113 B114 B115
MOVE A43 10
MOVE A91 84
MOVE A92 84
MOVE A93 84
MOVE A94 84
MOVE A95 84
MOVE A97 84
MOVE A98 117
MOVE A99 75
MOVE A100 75
MOVE A101 75
MOVE A102 75
MOVE A103 75
MOVE A104 75
MOVE A105 75
MOVE A106 84
MOVE A107 84
MOVE A108 84
MOVE A116 96
MOVE A117 65
MOVE A118 55
MOVE A119 45
MOVE A120 45
MOVE A121 29
MOVE A122 20
MOVE A123 10
MOVE A124 3
MOVE B67 109
MOVE B68 109
MOVE B69 109
MOVE B70 109
MOVE B71 109
MOVE B73 109
MOVE B74 109
MOVE B75 109
MOVE B76 109
MOVE B77 109
MOVE B78 109
MOVE B79 109
MOVE B81 109
MOVE B82 109
MOVE B83 109
MOVE B84 109
MOVE B85 109
MOVE B86 109
MOVE B87 109
MOVE B88 109
MOVE B89 109
MOVE B90 125
MOVE B91 109
MOVE B93 109
MOVE B101 124
MOVE B102 156
MOVE B103 156
MOVE B104 156
MOVE B105 165
MOVE B106 165
MOVE B107 183
MOVE B108 183
MOVE B109 183
MOVE B110 191
MOVE B111 191
MOVE B112 191
END TURN 229
TURN 230
COMMAND LEFT START
MOVE A90 16
MOVE A98 96
TRAIN 1
COMMAND LEFT END
COMMAND RIGHT START
MOVE B115 124
MOVE B114 124
MOVE B113 124
TRAIN 2
COMMAND RIGHT END
TURN 230 RESULT
TIME LEFT 2 5 RIGHT 0 5
TRAIN A125 B116 B117
MOVE A43 20
MOVE A90 90
MOVE A91 89
MOVE A92 89
MOVE A93 89
MOVE A94 89
MOVE A95 89
MOVE A97 89
MOVE A98 109
MOVE A99 83
MOVE A100 83
MOVE A101 83
MOVE A102 83
MOVE A103 83
MOVE A104 83
MOVE A105 83
MOVE A106 89
MOVE A107 89
MOVE A108 89
MOVE A117 96
MOVE A118 65
MOVE A119 55
MOVE A120 55
MOVE A121 45
MOVE A122 29
MOVE A123 20
MOVE A124 10
MOVE B67 102
MOVE B68 102
MOVE B69 102
MOVE B70 102
MOVE B71 102
MOVE B73 102
MOVE B74 102
MOVE B75 102
MOVE B76 102
MOVE B77 102
MOVE B78 102
MOVE B79 102
MOVE B81 102
MOVE B82 102
MOVE B83 102
MOVE B84 102
MOVE B85 102
MOVE B86 102
MOVE B87 102
MOVE B88 102
MOVE B89 102
MOVE B90 121
MOVE B91 102
MOVE B93 102
MOVE B102 141
MOVE B103 141
MOVE B104 141
MOVE B105 156
MOVE B106 156
MOVE B107 173
MOVE B108 173
MOVE B109 173
MOVE B110 183
MOVE B111 183
MOVE B112 183
MOVE B113 191
MOVE B114 191
MOVE B115 191
END TURN 230
TURN 231
COMMAND LEFT START
MOVE A109 129
MOVE A125 96
TRAIN 1
COMMAND LEFT END
COMMAND RIGHT START
MOVE B117 124
MOVE B116 124
TRAIN 3
COMMAND RIGHT END
TURN 231 RESULT
TIME LEFT 2 5 RIGHT 0 5
TRAIN A126 B118 B119 B120
MOVE A43 29
MOVE A90 77
MOVE A91 91
MOVE A92 91
MOVE A93 91
MOVE A94 91
MOVE A95 91
MOVE A97 91
MOVE A98 102
MOVE A99 90
MOVE A100 90
MOVE A101 90
MOVE A102 90
MOVE A103 90
MOVE A104 90
MOVE A105 90
MOVE A106 91
MOVE A107 91
MOVE A108 91
MOVE A109 102
MOVE A118 96
MOVE A119 65
MOVE A120 65
MOVE A121 55
MOVE A122 45
MOVE A123 29
MOVE A124 20
MOVE A125 3
MOVE B67 96
MOVE B68 96
MOVE B69 96
MOVE B70 96
MOVE B71 96
MOVE B73 96
MOVE B74 96
MOVE B75 96
MOVE B76 96
MOVE B77 96
MOVE B78 96
MOVE B79 96
MOVE B81 96
MOVE B82 96
MOVE B83 96
MOVE B84 96
MOVE B85 96
MOVE B86 96
MOVE B87 96
MOVE B88 96
MOVE B89 96
MOVE B90 119
MOVE B91 96
MOVE B93 96
MOVE B102 131
MOVE B103 131
MOVE B104 131
MOVE B105 141
MOVE B106 141
MOVE B107 165
MOVE B108 165
MOVE B109 165
MOVE B110 173
MOVE B111 173
MOVE B112 173
MOVE B113 183
MOVE B114 183
MOVE B115 183
MOVE B116 191
MOVE B117 191
DAMAGE TURRET B67 1
DAMAGE COMBAT A35 3
DAMAGE COMBAT A36 6
DAMAGE COMBAT A110 6
DAMAGE COMBAT A111 6
DAMAGE COMBAT A112 2
DAMAGE COMBAT B67 2
DAMAGE COMBAT B68 6
DAMAGE COMBAT B69 3
END TURN 231
TURN 232
COMMAND LEFT START
MOVE A126 3
TRAIN 1
COMMAND LEFT END
COMMAND RIGHT START
MOVE B37 88
MOVE B38 88
MOVE B98 88
MOVE B99 88
MOVE B1 88
MOVE B94 98
MOVE B120 124
MOVE B119 124
TRAIN 2
COMMAND RIGHT END
TURN 232 RESULT
TIME LEFT 2 5 RIGHT 0 5
TRAIN A127 B121 B122
MOVE A43 45
MOVE A90 70
MOVE A91 79
MOVE A92 79
MOVE A93 79
MOVE A94 79
MOVE A95 79
MOVE A97 79
MOVE A98 96
MOVE A99 96
MOVE A100 96
MOVE A101 96
MOVE A102 96
MOVE A103 96
MOVE A104 96
MOVE A105 96
MOVE A106 79
MOVE A107 79
MOVE A108 79
MOVE A109 109
MOVE A119 96
MOVE A120 96
MOVE A121 65
MOVE A122 55
MOVE A123 45
MOVE A124 29
MOVE A125 10
MOVE A126 3
MOVE B1 87
MOVE B37 114
MOVE B38 114
MOVE B90 113
MOVE B94 191
MOVE B98 114
MOVE B99 114
MOVE B102 124
MOVE B103 124
MOVE B104 124
MOVE B105 131
MOVE B106 131
MOVE B107 156
MOVE B108 156
MOVE B109 156
MOVE B110 165
MOVE B111 165
MOVE B112 165
MOVE B113 173
MOVE B114 173
MOVE B115 173
MOVE B116 183
MOVE B117 183
MOVE B119 191
MOVE B120 191
DAMAGE TURRET B69 1
DAMAGE COMBAT A98 6
DAMAGE COMBAT A99 6
DAMAGE COMBAT A100 5
DAMAGE COMBAT A112 4
DAMAGE COMBAT B69 2
DAMAGE COMBAT B70 6
DAMAGE COMBAT B71 6
DAMAGE COMBAT B73 3
END TURN 232
TURN 233
COMMAND LEFT START
MOVE A127 96
MOVE A126 96
TRAIN 1
COMMAND LEFT END
COMMAND RIGHT START
MOVE B122 124
MOVE B121 124
TRAIN 2
COMMAND RIGHT END
TURN 233 RESULT
TIME LEFT 2 5 RIGHT 0 5
TRAIN A128 B123 B124
MOVE A43 55
MOVE A90 56
MOVE A91 88
MOVE A92 88
MOVE A93 88
MOVE A94 88
MOVE A95 88
MOVE A97 88
MOVE A106 88
MOVE A107 88
MOVE A108 88
MOVE A109 117
MOVE A121 96
MOVE A122 65
MOVE A123 55
MOVE A124 45
MOVE A125 20
MOVE A126 10
MOVE A127 3
MOVE B1 92
MOVE B37 99
MOVE B38 99
MOVE B90 104
MOVE B94 183
MOVE B98 99
MOVE B99 99
MOVE B105 124
MOVE B106 124
MOVE B107 141
MOVE B108 141
MOVE B109 141
MOVE B110 156
MOVE B111 156
MOVE B112 156
MOVE B113 165
MOVE B114 165
MOVE B115 165
MOVE B116 173
MOVE B117 173
MOVE B119 183
MOVE B120 183
MOVE B121 191
MOVE B122 191
DAMAGE TURRET A91 2
DAMAGE TURRET B73 1
DAMAGE COMBAT A91 3
DAMAGE COMBAT A100 1
DAMAGE COMBAT A101 6
DAMAGE COMBAT A102 6
DAMAGE COMBAT A103 5
DAMAGE COMBAT B56 6
DAMAGE COMBAT B66 3
DAMAGE COMBAT B73 2
DAMAGE COMBAT B74 6
DAMAGE COMBAT B75 6
DAMAGE COMBAT B76 1
END TURN 233
TURN 234
COMMAND LEFT START
MOVE A128 3
TRAIN 1
COMMAND LEFT END
COMMAND RIGHT START
MOVE B124 124
MOVE B123 124
UPGRADE 104
COMMAND RIGHT END
TURN 234 RESULT
TIME LEFT 2 5 RIGHT 0 5
UPGRADE B 104
TRAIN A129
MOVE A43 65
MOVE A90 46
MOVE A109 129
MOVE A122 96
MOVE A123 65
MOVE A124 55
MOVE A125 29
MOVE A126 20
MOVE A127 10
MOVE A128 3
MOVE B1 88
MOVE B37 88
MOVE B38 88
MOVE B94 180
MOVE B98 88
MOVE B99 88
MOVE B107 131
MOVE B108 131
MOVE B109 131
MOVE B110 141
MOVE B111 141
MOVE B112 141
MOVE B113 156
MOVE B114 156
MOVE B115 156
MOVE B116 165
MOVE B117 165
MOVE B119 173
MOVE B120 173
MOVE B121 183
MOVE B122 183
MOVE B123 191
MOVE B124 191
DAMAGE TURRET A91 1
DAMAGE TURRET A92 1
DAMAGE TURRET B76 1
DAMAGE COMBAT A92 5
DAMAGE COMBAT A93 2
DAMAGE COMBAT A103 1
DAMAGE COMBAT A104 6
DAMAGE COMBAT A105 6
DAMAGE COMBAT A113 2
DAMAGE COMBAT B1 4
DAMAGE COMBAT B37 2
DAMAGE COMBAT B66 3
DAMAGE COMBAT B76 4
DAMAGE COMBAT B77 6
DAMAGE COMBAT B78 3
END TURN 234
TURN 235
COMMAND LEFT START
MOVE A109 96
MOVE A129 96
TRAIN 2
COMMAND LEFT END
COMMAND RIGHT START
UPGRADE 104
COMMAND RIGHT END
TURN 235 RESULT
TIME LEFT 2 5 RIGHT 0 5
UPGRADE B 104
TRAIN A130 A131
MOVE A43 96
MOVE A90 39
MOVE A109 117
MOVE A123 96
MOVE A124 65
MOVE A125 45
MOVE A126 29
MOVE A127 20
MOVE A129 3
MOVE B94 175
MOVE B107 124
MOVE B108 124
MOVE B109 124
MOVE B110 131
MOVE B111 131
MOVE B112 131
MOVE B113 141
MOVE B114 141
MOVE B115 141
MOVE B116 156
MOVE B117 156
MOVE B119 165
MOVE B120 165
MOVE B121 173
MOVE B122 173
MOVE B123 183
MOVE B124 183
DAMAGE TURRET A93 2
DAMAGE TURRET B78 1
DAMAGE COMBAT A43 3
DAMAGE COMBAT A93 2
DAMAGE COMBAT A94 3
DAMAGE COMBAT A113 4
DAMAGE COMBAT A114 6
DAMAGE COMBAT B37 4
DAMAGE COMBAT B38 3
DAMAGE COMBAT B78 2
DAMAGE COMBAT B79 6
DAMAGE COMBAT B81 4
END TURN 235
TURN 236
COMMAND LEFT START
MOVE A117 114
MOVE A130 96
MOVE A131 96
TRAIN 1
COMMAND LEFT END
COMMAND RIGHT START
TRAIN 1
COMMAND RIGHT END
TURN 236 RESULT
TIME LEFT 2 5 RIGHT 0 5
TRAIN A132 B125
MOVE A90 27
MOVE A109 109
MOVE A124 96
MOVE A125 55
MOVE A126 45
MOVE A127 29
MOVE A129 10
MOVE A130 3
MOVE A131 3
MOVE B94 166
MOVE B110 124
MOVE B111 124
MOVE B112 124
MOVE B113 131
MOVE B114 131
MOVE B115 131
MOVE B116 141
MOVE B117 141
MOVE B119 156
MOVE B120 156
MOVE B121 165
MOVE B122 165
MOVE B123 173
MOVE B124 173
DAMAGE TURRET A94 2
DAMAGE TURRET B81 1
DAMAGE COMBAT A94 1
DAMAGE COMBAT A95 3
DAMAGE COMBAT A115 6
DAMAGE COMBAT A116 5
DAMAGE COMBAT B38 3
DAMAGE COMBAT B72 3
DAMAGE COMBAT B81 1
DAMAGE COMBAT B82 6
DAMAGE COMBAT B83 3
END TURN 236
TURN 237
COMMAND LEFT START
MOVE A132 96
MOVE A128 96
TRAIN 1
COMMAND LEFT END
COMMAND RIGHT START
MOVE B95 104
UPGRADE 104
COMMAND RIGHT END
TURN 237 RESULT
TIME LEFT 1 5 RIGHT 0 5
UPGRADE B 104
TRAIN A133
MOVE A90 17
MOVE A109 102
MOVE A125 65
MOVE A126 55
MOVE A127 45
MOVE A128 10
MOVE A129 20
MOVE A130 10
MOVE A131 10
MOVE A132 3
MOVE B94 158
MOVE B95 189
MOVE B113 124
MOVE B114 124
MOVE B115 124
MOVE B116 131
MOVE B117 131
MOVE B119 141
MOVE B120 141
MOVE B121 156
MOVE B122 156
MOVE B123 165
MOVE B124 165
DAMAGE TURRET A95 2
DAMAGE TURRET B83 1
DAMAGE COMBAT A95 1
DAMAGE COMBAT A97 2
DAMAGE COMBAT A116 1
DAMAGE COMBAT A117 6
DAMAGE COMBAT A118 2
DAMAGE COMBAT B72 3
DAMAGE COMBAT B83 2
DAMAGE COMBAT B84 6
DAMAGE COMBAT B85 1
DAMAGE COMBAT B98 2
END TURN 237
TURN 238
COMMAND LEFT START
MOVE A120 117
MOVE A133 96
TRAIN 1
COMMAND LEFT END
COMMAND RIGHT START
MOVE B101 104
TRAIN 1
COMMAND RIGHT END
TURN 238 RESULT
TIME LEFT 1 5 RIGHT 0 5
TRAIN A134 B126
MOVE A90 16
MOVE A109 96
MOVE A125 96
MOVE A126 65
MOVE A127 55
MOVE A128 20
MOVE A129 29
MOVE A130 20
MOVE A131 20
MOVE A132 10
MOVE A133 3
MOVE B94 143
MOVE B95 184
MOVE B101 129
MOVE B116 124
MOVE B117 124
MOVE B119 131
MOVE B120 131
MOVE B121 141
MOVE B122 141
MOVE B123 156
MOVE B124 156
DAMAGE TURRET A97 2
DAMAGE TURRET B85 1
DAMAGE COMBAT A97 2
DAMAGE COMBAT A109 3
DAMAGE COMBAT A118 4
DAMAGE COMBAT B85 4
DAMAGE COMBAT B86 5
DAMAGE COMBAT B98 4
END TURN 238
TURN 239
COMMAND LEFT START
MOVE A134 96
MOVE A90 96
TRAIN 2
COMMAND LEFT END
COMMAND RIGHT START
MOVE B126 124
TRAIN 1
COMMAND RIGHT END
TURN 239 RESULT
TIME LEFT 1 5 RIGHT 0 5
TRAIN A135 A136 B127
MOVE A90 17
MOVE A126 96
MOVE A127 65
MOVE A128 29
MOVE A129 45
MOVE A130 29
MOVE A131 29
MOVE A132 20
MOVE A133 10
MOVE A134 3
MOVE B94 134
MOVE B95 179
MOVE B101 117
MOVE B119 124
MOVE B120 124
MOVE B121 131
MOVE B122 131
MOVE B123 141
MOVE B124 141
MOVE B126 191
DAMAGE TURRET A106 2
DAMAGE TURRET B86 1
DAMAGE COMBAT A106 2
DAMAGE COMBAT A109 3
DAMAGE COMBAT A119 3
DAMAGE COMBAT B87 6
DAMAGE COMBAT B88 3
DAMAGE COMBAT B98 1
DAMAGE COMBAT B99 2
END TURN 239
TURN 240
COMMAND LEFT START
MOVE A135 96
MOVE A136 96
TRAIN 1
COMMAND LEFT END
COMMAND RIGHT START
MOVE B127 124
TRAIN 2
COMMAND RIGHT END
TURN 240 RESULT
TIME LEFT 1 5 RIGHT 0 5
TRAIN A137 B128 B129
MOVE A90 27
MOVE A127 96
MOVE A128 45
MOVE A129 55
MOVE A130 45
MOVE A131 45
MOVE A132 29
MOVE A133 20
MOVE A134 10
MOVE A135 3
MOVE A136 3
MOVE B94 123
MOVE B95 170
MOVE B101 122
MOVE B121 124
MOVE B122 124
MOVE B123 131
MOVE B124 131
MOVE B126 183
MOVE B127 191
DAMAGE TURRET A106 2
DAMAGE TURRET B88 1
DAMAGE COMBAT A107 1
DAMAGE COMBAT A119 3
DAMAGE COMBAT A120 1
DAMAGE COMBAT B88 2
DAMAGE COMBAT B89 6
DAMAGE COMBAT B91 1
DAMAGE COMBAT B99 3
END TURN 240
TURN 241
COMMAND LEFT START
MOVE A137 96
TRAIN 1
COMMAND LEFT END
COMMAND RIGHT START
MOVE B129 124
MOVE B128 124
TRAIN 2
COMMAND RIGHT END
TURN 241 RESULT
TIME LEFT 1 5 RIGHT 0 5
TRAIN A138 B130 B131
MOVE A90 39
MOVE A128 55
MOVE A129 65
MOVE A130 55
MOVE A131 55
MOVE A132 45
MOVE A133 29
MOVE A134 20
MOVE A135 10
MOVE A136 10
MOVE A137 3
MOVE B94 98
MOVE B95 162
MOVE B101 115
MOVE B123 124
MOVE B124 124
MOVE B126 173
MOVE B127 183
MOVE B128 191
MOVE B129 191
DAMAGE TURRET A107 2
DAMAGE TURRET B91 1
DAMAGE COMBAT A107 1
DAMAGE COMBAT A120 2
DAMAGE COMBAT B91 5
DAMAGE COMBAT B93 3
DAMAGE COMBAT B99 2
END TURN 241
TURN 242
COMMAND LEFT START
MOVE A138 96
TRAIN 1
COMMAND LEFT END
COMMAND RIGHT START
MOVE B131 124
MOVE B130 124
TRAIN 3
COMMAND RIGHT END
TURN 242 RESULT
TIME LEFT 1 5 RIGHT 0 5
TRAIN A139 B132 B133 B134
MOVE A90 46
MOVE A128 65
MOVE A129 96
MOVE A130 65
MOVE A131 65
MOVE A132 55
MOVE A133 45
MOVE A134 29
MOVE A135 20
MOVE A136 20
MOVE A137 10
MOVE A138 3
MOVE B95 145
MOVE B101 127
MOVE B126 165
MOVE B127 173
MOVE B128 183
MOVE B129 183
MOVE B130 191
MOVE B131 191
DAMAGE TURRET A107 2
DAMAGE TURRET B93 1
DAMAGE COMBAT A120 1
DAMAGE COMBAT B93 3
SIEGE B 88 2
END TURN 242
TURN 243
COMMAND LEFT START
MOVE A139 96
TRAIN 2
COMMAND LEFT END
COMMAND RIGHT START
MOVE B124 96
MOVE B123 96
MOVE B122 96
MOVE B121 96
MOVE B120 96
MOVE B119 96
MOVE B117 96
MOVE B116 96
MOVE B115 96
MOVE B114 96
MOVE B113 96
MOVE B112 96
MOVE B111 96
MOVE B110 96
MOVE B109 96
MOVE B108 96
MOVE B107 96
MOVE B106 96
MOVE B105 96
MOVE B104 96
TRAIN 3
COMMAND RIGHT END
TURN 243 RESULT
TIME LEFT 1 5 RIGHT 0 5
TRAIN A140 A141 B135 B136 B137
MOVE A90 56
MOVE A120 102
MOVE A128 96
MOVE A130 96
MOVE A131 96
MOVE A132 65
MOVE A133 55
MOVE A134 45
MOVE A135 29
MOVE A136 29
MOVE A137 20
MOVE A138 10
MOVE A139 3
MOVE B95 126
MOVE B101 118
MOVE B104 129
MOVE B105 129
MOVE B106 129
MOVE B107 129
MOVE B108 129
MOVE B109 129
MOVE B110 129
MOVE B111 129
MOVE B112 129
MOVE B113 129
MOVE B114 129
MOVE B115 129
MOVE B116 129
MOVE B117 129
MOVE B119 129
MOVE B120 129
MOVE B121 129
MOVE B122 129
MOVE B123 129
MOVE B124 129
MOVE B126 156
MOVE B127 165
MOVE B128 173
MOVE B129 173
MOVE B130 183
MOVE B131 183
DAMAGE TURRET A108 2
SIEGE B 88 1
END TURN 243
TURN 244
COMMAND LEFT START
MOVE A123 88
MOVE A124 88
MOVE A125 88
MOVE A126 88
MOVE A127 88
MOVE A128 88
MOVE A129 88
MOVE A130 88
MOVE A140 96
MOVE A141 96
COMMAND LEFT END
COMMAND RIGHT START
MOVE B137 124
MOVE B136 124
MOVE B135 124
MOVE B134 124
MOVE B133 124
MOVE B132 124
TRAIN 3
COMMAND RIGHT END
TURN 244 RESULT
TIME LEFT 4 5 RIGHT 0 5
TRAIN B138 B139 B140
MOVE A90 70
MOVE A120 109
MOVE A123 84
MOVE A124 84
MOVE A125 84
MOVE A126 84
MOVE A127 84
MOVE A128 84
MOVE A129 84
MOVE A130 84
MOVE A132 96
MOVE A133 65
MOVE A134 55
MOVE A135 45
MOVE A136 45
MOVE A137 29
MOVE A138 20
MOVE A139 10
MOVE A140 3
MOVE A141 3
MOVE B95 116
MOVE B101 125
MOVE B104 117
MOVE B105 117
MOVE B106 117
MOVE B107 117
MOVE B108 117
MOVE B109 117
MOVE B110 117
MOVE B111 117
MOVE B112 117
MOVE B113 117
MOVE B114 117
MOVE B115 117
MOVE B116 117
MOVE B117 117
MOVE B119 117
MOVE B120 117
MOVE B121 117
MOVE B122 117
MOVE B123 117
MOVE B124 117
MOVE B126 141
MOVE B127 156
MOVE B128 165
MOVE B129 165
MOVE B130 173
MOVE B131 173
MOVE B132 191
MOVE B133 191
MOVE B134 191
MOVE B135 191
MOVE B136 191
MOVE B137 191
DAMAGE TURRET A108 2
SIEGE B 88 1
END TURN 244
TURN 245
COMMAND LEFT START
TRAIN 2
COMMAND LEFT END
COMMAND RIGHT START
MOVE B140 124
MOVE B139 124
MOVE B138 124
TRAIN 3
COMMAND RIGHT END
TURN 245 RESULT
TIME LEFT 1 5 RIGHT 0 5
TRAIN A142 A143 B141 B142 B143
MOVE A90 77
MOVE A120 117
MOVE A123 89
MOVE A124 89
MOVE A125 89
MOVE A126 89
MOVE A127 89
MOVE A128 89
MOVE A129 89
MOVE A130 89
MOVE A133 96
MOVE A134 65
MOVE A135 55
MOVE A136 55
MOVE A137 45
MOVE A138 29
MOVE A139 20
MOVE A140 10
MOVE A141 10
MOVE B95 104
MOVE B101 121
MOVE B104 109
MOVE B105 109
MOVE B106 109
MOVE B107 109
MOVE B108 109
MOVE B109 109
MOVE B110 109
MOVE B111 109
MOVE B112 109
MOVE B113 109
MOVE B114 109
MOVE B115 109
MOVE B116 109
MOVE B117 109
MOVE B119 109
MOVE B120 109
MOVE B121 109
MOVE B122 109
MOVE B123 109
MOVE B124 109
MOVE B126 131
MOVE B127 141
MOVE B128 156
MOVE B129 156
MOVE B130 165
MOVE B131 165
MOVE B132 183
MOVE B133 183
MOVE B134 183
MOVE B135 183
MOVE B136 183
MOVE B137 183
MOVE B138 191
MOVE B139 191
MOVE B140 191
DAMAGE TURRET A108 2
SIEGE B 88 1
END TURN 245
TURN 246
COMMAND LEFT START
MOVE A142 16
MOVE A143 96
MOVE A120 96
TRAIN 1
COMMAND LEFT END
COMMAND RIGHT START
MOVE B96 88
MOVE B97 88
MOVE B100 88
COMMAND RIGHT END
TURN 246 RESULT
TIME LEFT 2 5 RIGHT 0 5
TRAIN A144
MOVE A90 90
MOVE A120 109
MOVE A123 91
MOVE A124 91
MOVE A125 91
MOVE A126 91
MOVE A127 91
MOVE A128 91
MOVE A129 91
MOVE A130 91
MOVE A134 96
MOVE A135 65
MOVE A136 65
MOVE A137 55
MOVE A138 45
MOVE A139 29
MOVE A140 20
MOVE A141 20
MOVE A142 1
MOVE A143 3
MOVE B96 191
MOVE B97 191
MOVE B100 191
MOVE B101 119
MOVE B104 102
MOVE B105 102
MOVE B106 102
MOVE B107 102
MOVE B108 102
MOVE B109 102
MOVE B110 102
MOVE B111 102
MOVE B112 102
MOVE B113 102
MOVE B114 102
MOVE B115 102
MOVE B116 102
MOVE B117 102
MOVE B119 102
MOVE B120 102
MOVE B121 102
MOVE B122 102
MOVE B123 102
MOVE B124 102
MOVE B126 124
MOVE B127 131
MOVE B128 141
MOVE B129 141
MOVE B130 156
MOVE B131 156
MOVE B132 173
MOVE B133 173
MOVE B134 173
MOVE B135 173
MOVE B136 173
MOVE B137 173
MOVE B138 183
MOVE B139 183
MOVE B140 183
END TURN 246
TURN 247
COMMAND LEFT START
MOVE A144 96
TRAIN 1
COMMAND LEFT END
COMMAND RIGHT START
MOVE B102 88
MOVE B103 88
MOVE B36 88
MOVE B47 88
MOVE B5 88
TRAIN 3
COMMAND RIGHT END
TURN 247 RESULT
TIME LEFT 2 5 RIGHT 0 5
TRAIN A145 B144 B145 B146
MOVE A90 96
MOVE A120 102
MOVE A123 79
MOVE A124 79
MOVE A125 79
MOVE A126 79
MOVE A127 79
MOVE A128 79
MOVE A129 79
MOVE A130 79
MOVE A135 96
MOVE A136 96
MOVE A137 65
MOVE A138 55
MOVE A139 45
MOVE A140 29
MOVE A141 29
MOVE A142 2
MOVE A143 10
MOVE A144 3
MOVE B5 131
MOVE B36 87
MOVE B47 87
MOVE B96 183
MOVE B97 183
MOVE B100 183
MOVE B101 113
MOVE B102 114
MOVE B103 114
MOVE B104 96
MOVE B105 96
MOVE B106 96
MOVE B107 96
MOVE B108 96
MOVE B109 96
MOVE B110 96
MOVE B111 96
MOVE B112 96
MOVE B113 96
MOVE B114 96
MOVE B115 96
MOVE B116 96
MOVE B117 96
MOVE B119 96
MOVE B120 96
MOVE B121 96
MOVE B122 96
MOVE B123 96
MOVE B124 96
MOVE B127 124
MOVE B128 131
MOVE B129 131
MOVE B130 141
MOVE B131 141
MOVE B132 165
MOVE B133 165
MOVE B134 165
MOVE B135 165
MOVE B136 165
MOVE B137 165
MOVE B138 173
MOVE B139 173
MOVE B140 173
DAMAGE TURRET B104 1
DAMAGE COMBAT A90 5
DAMAGE COMBAT A121 6
DAMAGE COMBAT A122 6
DAMAGE COMBAT A131 3
DAMAGE COMBAT B104 7
DAMAGE COMBAT B105 2
END TURN 247
TURN 248
COMMAND LEFT START
MOVE A145 96
TRAIN 1
COMMAND LEFT END
COMMAND RIGHT START
MOVE B118 88
MOVE B125 98
MOVE B141 98
TRAIN 1
COMMAND RIGHT END
TURN 248 RESULT
TIME LEFT 2 5 RIGHT 0 5
TRAIN A146 B147
MOVE A120 96
MOVE A123 88
MOVE A124 88
MOVE A125 88
MOVE A126 88
MOVE A127 88
MOVE A128 88
MOVE A129 88
MOVE A130 88
MOVE A137 96
MOVE A138 65
MOVE A139 55
MOVE A140 45
MOVE A141 45
MOVE A142 7
MOVE A143 20
MOVE A144 10
MOVE A145 3
MOVE B5 124
MOVE B36 92
MOVE B47 92
MOVE B96 173
MOVE B97 173
MOVE B100 173
MOVE B101 104
MOVE B102 99
MOVE B103 99
MOVE B118 191
MOVE B125 191
MOVE B128 124
MOVE B129 124
MOVE B130 131
MOVE B131 131
MOVE B132 156
MOVE B133 156
MOVE B134 156
MOVE B135 156
MOVE B136 156
MOVE B137 156
MOVE B138 165
MOVE B139 165
MOVE B140 165
MOVE B141 191
DAMAGE TURRET A123 2
DAMAGE TURRET B105 1
DAMAGE COMBAT A120 2
DAMAGE COMBAT A131 3
DAMAGE COMBAT A132 6
DAMAGE COMBAT A133 6
DAMAGE COMBAT A134 2
DAMAGE COMBAT B105 5
DAMAGE COMBAT B106 3
SIEGE B 88 8
END TURN 248
TURN 249
COMMAND LEFT START
MOVE A146 96
TRAIN 2
COMMAND LEFT END
COMMAND RIGHT START
MOVE B126 88
MOVE B127 88
MOVE B128 88
MOVE B142 143
COMMAND RIGHT END
TURN 249 RESULT
TIME LEFT 2 5 RIGHT 0 5
TRAIN A147 A148
MOVE A138 96
MOVE A139 65
MOVE A140 55
MOVE A141 55
MOVE A142 16
MOVE A143 29
MOVE A144 20
MOVE A145 10
MOVE A146 3
MOVE B5 114
MOVE B36 88
MOVE B47 88
MOVE B96 165
MOVE B97 165
MOVE B100 165
MOVE B102 88
MOVE B103 88
MOVE B118 183
MOVE B125 183
MOVE B126 114
MOVE B127 114
MOVE B128 114
MOVE B130 124
MOVE B131 124
MOVE B132 141
MOVE B133 141
MOVE B134 141
MOVE B135 141
MOVE B136 141
MOVE B137 141
MOVE B138 156
MOVE B139 156
MOVE B140 156
MOVE B141 183
MOVE B142 191
DAMAGE TURRET A123 2
DAMAGE TURRET B106 1
DAMAGE COMBAT A123 2
DAMAGE COMBAT A124 2
DAMAGE COMBAT A134 4
DAMAGE COMBAT A135 6
DAMAGE COMBAT A136 6
DAMAGE COMBAT A137 2
DAMAGE COMBAT B36 3
DAMAGE COMBAT B47 5
DAMAGE COMBAT B106 4
DAMAGE COMBAT B107 1
END TURN 249
TURN 250
COMMAND LEFT START
MOVE A147 96
MOVE A148 96
MOVE A142 96
TRAIN 1
COMMAND LEFT END
COMMAND RIGHT START
MOVE B129 88
MOVE B130 88
MOVE B7 88
TRAIN 1
COMMAND RIGHT END
TURN 250 RESULT
TIME LEFT 2 5 RIGHT 0 5
TRAIN A149 B148
MOVE A139 96
MOVE A140 65
MOVE A141 65
MOVE A142 17
MOVE A143 45
MOVE A144 29
MOVE A145 20
MOVE A146 10
MOVE A147 3
MOVE A148 3
MOVE B5 99
MOVE B7 131
MOVE B96 153
MOVE B97 153
MOVE B100 153
MOVE B118 173
MOVE B125 180
MOVE B126 99
MOVE B127 99
MOVE B128 99
MOVE B129 114
MOVE B130 114
MOVE B132 131
MOVE B133 131
MOVE B134 131
MOVE B135 131
MOVE B136 131
MOVE B137 131
MOVE B138 141
MOVE B139 141
MOVE B140 141
MOVE B141 180
MOVE B142 183
DAMAGE TURRET A124 2
DAMAGE TURRET B107 1
DAMAGE COMBAT A124 2
DAMAGE COMBAT A125 1
DAMAGE COMBAT A137 4
DAMAGE COMBAT A138 6
DAMAGE COMBAT A139 6
DAMAGE COMBAT B36 3
DAMAGE COMBAT B102 4
DAMAGE COMBAT B107 3
SIEGE A 96 1
END TURN 250
TURN 251
COMMAND LEFT START
MOVE A149 96
TRAIN 1
COMMAND LEFT END
COMMAND RIGHT START
MOVE B6 88
MOVE B8 88
MOVE B11 88
MOVE B143 166
MOVE B107 166
MOVE B108 176
TRAIN 1
COMMAND RIGHT END
TURN 251 RESULT
TIME LEFT 1 5 RIGHT 0 5
TRAIN A150 B149
MOVE A140 96
MOVE A141 96
MOVE A142 27
MOVE A143 55
MOVE A144 45
MOVE A145 29
MOVE A146 20
MOVE A147 10
MOVE A148 10
MOVE A149 3
MOVE B5 88
MOVE B6 156
MOVE B7 124
MOVE B8 156
MOVE B11 168
MOVE B96 140
MOVE B97 140
MOVE B100 140
MOVE B107 102
MOVE B108 102
MOVE B118 165
MOVE B125 175
MOVE B126 88
MOVE B127 88
MOVE B128 88
MOVE B129 99
MOVE B130 99
MOVE B132 124
MOVE B133 124
MOVE B134 124
MOVE B135 124
MOVE B136 124
MOVE B137 124
MOVE B138 131
MOVE B139 131
MOVE B140 131
MOVE B141 175
MOVE B142 180
MOVE B143 191
DAMAGE TURRET A125 2
DAMAGE TURRET B109 1
DAMAGE COMBAT A125 3
DAMAGE COMBAT A126 3
DAMAGE COMBAT A140 6
DAMAGE COMBAT A141 6
DAMAGE COMBAT B5 4
DAMAGE COMBAT B102 2
DAMAGE COMBAT B109 2
SIEGE A 96 3
END TURN 251
TURN 252
COMMAND LEFT START
MOVE A150 96
TRAIN 1
COMMAND LEFT END
COMMAND RIGHT START
MOVE B131 88
MOVE B132 88
MOVE B133 88
MOVE B134 143
MOVE B149 124
TRAIN 3
COMMAND RIGHT END
TURN 252 RESULT
TIME LEFT 1 5 RIGHT 0 5
TRAIN A151 B150 B151 B152
MOVE A142 39
MOVE A143 65
MOVE A144 55
MOVE A145 45
MOVE A146 29
MOVE A147 20
MOVE A148 20
MOVE A149 10
MOVE A150 3
MOVE B6 141
MOVE B7 114
MOVE B8 141
MOVE B11 158
MOVE B96 129
MOVE B97 129
MOVE B100 129
MOVE B107 115
MOVE B108 115
MOVE B118 153
MOVE B125 166
MOVE B129 88
MOVE B130 88
MOVE B131 114
MOVE B132 114
MOVE B133 114
MOVE B134 131
MOVE B138 124
MOVE B139 124
MOVE B140 124
MOVE B141 166
MOVE B142 175
MOVE B143 183
MOVE B149 191
DAMAGE TURRET A126 2
DAMAGE TURRET B109 1
DAMAGE COMBAT A126 1
DAMAGE COMBAT A127 6
DAMAGE COMBAT B102 2
DAMAGE COMBAT B103 3
SIEGE A 96 8
END TURN 252
TURN 253
COMMAND LEFT START
MOVE A151 96
COMMAND LEFT END
COMMAND RIGHT START
MOVE B135 88
MOVE B136 88
MOVE B137 88
MOVE B109 124
MOVE B110 124
MOVE B111 124
MOVE B112 124
MOVE B113 124
MOVE B114 124
MOVE B115 124
MOVE B116 124
MOVE B117 124
MOVE B119 124
MOVE B120 124
MOVE B121 124
MOVE B122 124
MOVE B123 124
MOVE B152 68
MOVE B151 124
MOVE B150 124
UPGRADE 96
COMMAND RIGHT END
TURN 253 RESULT
TIME LEFT 2 5 RIGHT 0 5
UPGRADE B 96
MOVE A142 46
MOVE A143 96
MOVE A144 65
MOVE A145 55
MOVE A146 45
MOVE A147 29
MOVE A148 29
MOVE A149 20
MOVE A150 10
MOVE A151 3
MOVE B6 129
MOVE B7 99
MOVE B8 129
MOVE B11 143
MOVE B96 114
MOVE B97 114
MOVE B100 114
MOVE B107 122
MOVE B108 122
MOVE B109 102
MOVE B110 102
MOVE B111 102
MOVE B112 102
MOVE B113 102
MOVE B114 102
MOVE B115 102
MOVE B116 102
MOVE B117 102
MOVE B118 140
MOVE B119 102
MOVE B120 102
MOVE B121 102
MOVE B122 102
MOVE B123 102
MOVE B125 158
MOVE B131 99
MOVE B132 99
MOVE B133 99
MOVE B134 143
MOVE B135 114
MOVE B136 114
MOVE B137 114
MOVE B141 158
MOVE B142 166
MOVE B143 180
MOVE B149 183
MOVE B150 191
MOVE B151 191
MOVE B152 189
DAMAGE TURRET A128 2
DAMAGE TURRET A143 1
DAMAGE COMBAT A128 4
DAMAGE COMBAT A129 2
DAMAGE COMBAT A143 1
DAMAGE COMBAT B103 3
DAMAGE COMBAT B124 1
END TURN 253
TURN 254
COMMAND LEFT START
TRAIN 2
COMMAND LEFT END
COMMAND RIGHT START
MOVE B138 88
MOVE B139 88
MOVE B48 88
TRAIN 1
COMMAND RIGHT END
TURN 254 RESULT
TIME LEFT 1 5 RIGHT 0 5
TRAIN A152 A153 B153
MOVE A142 56
MOVE A144 96
MOVE A145 65
MOVE A146 55
MOVE A147 45
MOVE A148 45
MOVE A149 29
MOVE A150 20
MOVE A151 10
MOVE B6 114
MOVE B7 88
MOVE B8 114
MOVE B11 131
MOVE B48 131
MOVE B96 99
MOVE B97 99
MOVE B100 99
MOVE B107 133
MOVE B108 136
MOVE B109 109
MOVE B110 109
MOVE B111 109
MOVE B112 109
MOVE B113 109
MOVE B114 109
MOVE B115 109
MOVE B116 109
MOVE B117 109
MOVE B118 129
MOVE B119 109
MOVE B120 109
MOVE B121 109
MOVE B122 109
MOVE B123 109
MOVE B125 143
MOVE B131 88
MOVE B132 88
MOVE B133 88
MOVE B135 99
MOVE B136 99
MOVE B137 99
MOVE B138 114
MOVE B139 114
MOVE B141 143
MOVE B142 158
MOVE B143 175
MOVE B149 173
MOVE B150 183
MOVE B151 183
MOVE B152 184
DAMAGE TURRET A129 2
DAMAGE TURRET A143 1
DAMAGE COMBAT A129 2
DAMAGE COMBAT A130 6
DAMAGE COMBAT A143 1
DAMAGE COMBAT B103 2
DAMAGE COMBAT B124 2
END TURN 254
TURN 255
COMMAND LEFT START
MOVE A152 68
MOVE A153 68
TRAIN 2
COMMAND LEFT END
COMMAND RIGHT START
MOVE B7 96
MOVE B126 96
MOVE B127 96
MOVE B128 143
MOVE B133 124
MOVE B132 124
MOVE B153 124
TRAIN 3
COMMAND RIGHT END
TURN 255 RESULT
TIME LEFT 1 5 RIGHT 0 5
TRAIN A154 A155 B154 B155 B156
MOVE A142 70
MOVE A145 96
MOVE A146 65
MOVE A147 55
MOVE A148 55
MOVE A149 45
MOVE A150 29
MOVE A151 20
MOVE A152 1
MOVE A153 1
MOVE B6 99
MOVE B7 79
MOVE B8 99
MOVE B11 124
MOVE B48 124
MOVE B96 88
MOVE B97 88
MOVE B100 88
MOVE B107 140
MOVE B108 146
MOVE B109 117
MOVE B110 117
MOVE B111 117
MOVE B112 117
MOVE B113 117
MOVE B114 117
MOVE B115 117
MOVE B116 117
MOVE B117 117
MOVE B118 114
MOVE B119 117
MOVE B120 117
MOVE B121 117
MOVE B122 117
MOVE B123 117
MOVE B125 134
MOVE B126 79
MOVE B127 79
MOVE B128 99
MOVE B132 99
MOVE B133 99
MOVE B135 88
MOVE B136 88
MOVE B137 88
MOVE B138 99
MOVE B139 99
MOVE B141 134
MOVE B142 143
MOVE B143 166
MOVE B149 165
MOVE B150 173
MOVE B151 173
MOVE B152 177
MOVE B153 191
DAMAGE TURRET A143 1
DAMAGE COMBAT A143 1
DAMAGE COMBAT B124 3
END TURN 255
TURN 256
COMMAND LEFT START
MOVE A154 99
MOVE A155 68
TRAIN 1
COMMAND LEFT END
COMMAND RIGHT START
MOVE B137 124
MOVE B136 124
MOVE B135 124
MOVE B131 124
MOVE B130 124
MOVE B129 124
MOVE B156 124
MOVE B155 124
MOVE B154 124
TRAIN 2
COMMAND RIGHT END
TURN 256 RESULT
TIME LEFT 2 5 RIGHT 0 5
TRAIN A156 B157 B158
MOVE A142 77
MOVE A146 96
MOVE A147 65
MOVE A148 65
MOVE A149 55
MOVE A150 45
MOVE A151 29
MOVE A152 9
MOVE A153 9
MOVE A154 3
MOVE A155 1
MOVE B6 88
MOVE B7 91
MOVE B8 88
MOVE B11 114
MOVE B48 114
MOVE B107 156
MOVE B108 153
MOVE B109 129
MOVE B110 129
MOVE B111 129
MOVE B112 129
MOVE B113 129
MOVE B114 129
MOVE B115 129
MOVE B116 129
MOVE B117 129
MOVE B118 99
MOVE B119 129
MOVE B120 129
MOVE B121 129
MOVE B122 129
MOVE B123 129
MOVE B125 123
MOVE B126 91
MOVE B127 91
MOVE B128 114
MOVE B129 99
MOVE B130 99
MOVE B131 99
MOVE B132 114
MOVE B133 114
MOVE B135 99
MOVE B136 99
MOVE B137 99
MOVE B138 88
MOVE B139 88
MOVE B141 123
MOVE B149 156
MOVE B150 165
MOVE B151 165
MOVE B152 159
MOVE B153 183
MOVE B154 191
MOVE B155 191
MOVE B156 191
DAMAGE TURRET A144 1
DAMAGE COMBAT A144 1
DAMAGE COMBAT B124 2
SIEGE B 96 1
END TURN 256
TURN 257
COMMAND LEFT START
MOVE A156 68
TRAIN 1
COMMAND LEFT END
COMMAND RIGHT START
MOVE B139 124
MOVE B138 124
MOVE B100 124
MOVE B97 124
MOVE B158 124
MOVE B157 124
TRAIN 2
COMMAND RIGHT END
TURN 257 RESULT
TIME LEFT 4 5 RIGHT 0 5
TRAIN A157 B159 B160
MOVE A142 90
MOVE A147 96
MOVE A148 96
MOVE A149 65
MOVE A150 55
MOVE A151 45
MOVE A152 19
MOVE A153 19
MOVE A154 8
MOVE A155 9
MOVE A156 1
MOVE B7 89
MOVE B11 99
MOVE B48 99
MOVE B97 99
MOVE B100 99
MOVE B107 166
MOVE B108 165
MOVE B109 124
MOVE B110 124
MOVE B111 124
MOVE B112 124
MOVE B113 124
MOVE B114 124
MOVE B115 124
MOVE B116 124
MOVE B117 124
MOVE B118 88
MOVE B119 124
MOVE B120 124
MOVE B121 124
MOVE B122 124
MOVE B123 124
MOVE B125 98
MOVE B126 89
MOVE B127 89
MOVE B128 124
MOVE B129 114
MOVE B130 114
MOVE B131 114
MOVE B132 124
MOVE B133 124
MOVE B135 114
MOVE B136 114
MOVE B137 114
MOVE B138 99
MOVE B139 99
MOVE B141 98
MOVE B149 141
MOVE B150 156
MOVE B151 156
MOVE B152 149
MOVE B153 173
MOVE B154 183
MOVE B155 183
MOVE B156 183
MOVE B157 191
MOVE B158 191
DAMAGE TURRET A144 1
SIEGE B 96 5
END TURN 257
TURN 258
COMMAND LEFT START
MOVE A147 68
MOVE A148 68
MOVE A144 68
MOVE A145 68
MOVE A157 68
COMMAND LEFT END
COMMAND RIGHT START
MOVE B118 124
MOVE B160 124
MOVE B159 124
TRAIN 3
COMMAND RIGHT END
TURN 258 RESULT
TIME LEFT 1 5 RIGHT 0 5
TRAIN B161 B162 B163
MOVE A142 96
MOVE A144 90
MOVE A145 90
MOVE A147 90
MOVE A148 90
MOVE A149 96
MOVE A150 65
MOVE A151 55
MOVE A152 27
MOVE A153 27
MOVE A154 15
MOVE A155 19
MOVE A156 9
MOVE A157 1
MOVE B7 84
MOVE B11 88
MOVE B48 88
MOVE B97 114
MOVE B100 114
MOVE B108 175
MOVE B118 99
MOVE B126 84
MOVE B127 84
MOVE B128 131
MOVE B129 124
MOVE B130 124
MOVE B131 124
MOVE B135 124
MOVE B136 124
MOVE B137 124
MOVE B138 114
MOVE B139 114
MOVE B149 131
MOVE B150 141
MOVE B151 141
MOVE B152 132
MOVE B153 165
MOVE B154 173
MOVE B155 173
MOVE B156 173
MOVE B157 183
MOVE B158 183
MOVE B159 191
MOVE B160 191
END TURN 258
TURN 259
COMMAND LEFT START
MOVE A142 68
MOVE A149 68
COMMAND LEFT END
COMMAND RIGHT START
MOVE B96 124
MOVE B48 124
MOVE B163 124
MOVE B162 124
MOVE B161 124
TRAIN 2
COMMAND RIGHT END
TURN 259 RESULT
TIME LEFT 1 5 RIGHT 0 5
TRAIN B164 B165
MOVE A142 90
MOVE A144 83
MOVE A145 83
MOVE A147 83
MOVE A148 83
MOVE A149 90
MOVE A150 96
MOVE A151 65
MOVE A152 36
MOVE A153 36
MOVE A154 33
MOVE A155 27
MOVE A156 19
MOVE A157 9
MOVE B7 96
MOVE B48 99
MOVE B96 99
MOVE B97 124
MOVE B100 124
MOVE B108 176
MOVE B118 114
MOVE B126 96
MOVE B127 96
MOVE B128 143
MOVE B138 124
MOVE B139 124
MOVE B149 124
MOVE B150 131
MOVE B151 131
MOVE B152 119
MOVE B153 156
MOVE B154 165
MOVE B155 165
MOVE B156 165
MOVE B157 173
MOVE B158 173
MOVE B159 183
MOVE B160 183
MOVE B161 191
MOVE B162 191
MOVE B163 191
DAMAGE COMBAT A146 3
DAMAGE COMBAT B7 2
END TURN 259
TURN 260
COMMAND LEFT START
MOVE A150 68
COMMAND LEFT END
COMMAND RIGHT START
MOVE B7 124
MOVE B126 124
MOVE B165 124
MOVE B164 124
TRAIN 3
COMMAND RIGHT END
TURN 260 RESULT
TIME LEFT 1 5 RIGHT 0 5
TRAIN B166 B167 B168
MOVE A142 83
MOVE A144 75
MOVE A145 75
MOVE A147 75
MOVE A148 75
MOVE A149 83
MOVE A151 96
MOVE A152 51
MOVE A153 51
MOVE A154 43
MOVE A155 36
MOVE A156 27
MOVE A157 19
MOVE B48 114
MOVE B96 114
MOVE B118 124
MOVE B150 124
MOVE B151 124
MOVE B152 113
MOVE B153 141
MOVE B154 156
MOVE B155 156
MOVE B156 156
MOVE B157 165
MOVE B158 165
MOVE B159 173
MOVE B160 173
MOVE B161 183
MOVE B162 183
MOVE B163 183
MOVE B164 191
MOVE B165 191
DAMAGE COMBAT A146 3
DAMAGE COMBAT B7 3
END TURN 260
TURN 261
COMMAND LEFT START
MOVE A151 68
TRAIN 2
COMMAND LEFT END
COMMAND RIGHT START
MOVE B168 124
MOVE B167 124
MOVE B166 124
TRAIN 3
COMMAND RIGHT END
TURN 261 RESULT
TIME LEFT 1 5 RIGHT 0 5
TRAIN A158 A159 B169 B170 B171
MOVE A142 75
MOVE A144 63
MOVE A145 63
MOVE A147 63
MOVE A148 63
MOVE A149 75
MOVE A152 61
MOVE A153 61
MOVE A154 60
MOVE A155 51
MOVE A156 36
MOVE A157 27
MOVE B48 124
MOVE B96 124
MOVE B152 93
MOVE B153 131
MOVE B154 141
MOVE B155 141
MOVE B156 141
MOVE B157 156
MOVE B158 156
MOVE B159 165
MOVE B160 165
MOVE B161 173
MOVE B162 173
MOVE B163 173
MOVE B164 183
MOVE B165 183
MOVE B166 191
MOVE B167 191
MOVE B168 191
DAMAGE COMBAT A150 2
DAMAGE COMBAT B126 2
END TURN 261
TURN 262
COMMAND LEFT START
MOVE A158 68
MOVE A159 68
TRAIN 2
COMMAND LEFT END
COMMAND RIGHT START
MOVE B171 124
MOVE B170 124
MOVE B169 124
TRAIN 2
COMMAND RIGHT END
TURN 262 RESULT
TIME LEFT 1 5 RIGHT 0 5
TRAIN A160 A161 B172 B173
MOVE A142 63
MOVE A144 68
MOVE A145 68
MOVE A147 68
MOVE A148 68
MOVE A149 63
MOVE A152 68
MOVE A153 68
MOVE A154 73
MOVE A155 61
MOVE A156 51
MOVE A157 36
MOVE A158 1
MOVE A159 1
MOVE B152 78
MOVE B153 124
MOVE B154 131
MOVE B155 131
MOVE B156 131
MOVE B157 141
MOVE B158 141
MOVE B159 156
MOVE B160 156
MOVE B161 165
MOVE B162 165
MOVE B163 165
MOVE B164 173
MOVE B165 173
MOVE B166 183
MOVE B167 183
MOVE B168 183
MOVE B169 191
MOVE B170 191
MOVE B171 191
DAMAGE COMBAT A150 2
DAMAGE COMBAT B126 2
END TURN 262
TURN 263
COMMAND LEFT START
MOVE A160 68
MOVE A161 68
TRAIN 2
COMMAND LEFT END
COMMAND RIGHT START
MOVE B173 124
MOVE B172 124
TRAIN 3
COMMAND RIGHT END
TURN 263 RESULT
TIME LEFT 1 5 RIGHT 0 5
TRAIN A162 A163 B174 B175 B176
MOVE A142 68
MOVE A149 68
MOVE A154 79
MOVE A155 68
MOVE A156 61
MOVE A157 51
MOVE A158 9
MOVE A159 9
MOVE A160 1
MOVE A161 1
MOVE B152 68
MOVE B154 124
MOVE B155 124
MOVE B156 124
MOVE B157 131
MOVE B158 131
MOVE B159 141
MOVE B160 141
MOVE B161 156
MOVE B162 156
MOVE B163 156
MOVE B164 165
MOVE B165 165
MOVE B166 173
MOVE B167 173
MOVE B168 173
MOVE B169 183
MOVE B170 183
MOVE B171 183
MOVE B172 191
MOVE B173 191
DAMAGE TURRET B152 1
DAMAGE COMBAT A6 1
DAMAGE COMBAT A150 2
DAMAGE COMBAT B126 2
DAMAGE COMBAT B152 7
END TURN 263
TURN 264
COMMAND LEFT START
MOVE A162 68
MOVE A163 68
TRAIN 2
COMMAND LEFT END
COMMAND RIGHT START
MOVE B48 88
MOVE B96 88
MOVE B97 88
MOVE B176 124
MOVE B175 124
MOVE B174 124
TRAIN 2
COMMAND RIGHT END
TURN 264 RESULT
TIME LEFT 1 5 RIGHT 0 5
TRAIN A164 A165 B177 B178
MOVE A154 99
MOVE A156 68
MOVE A157 61
MOVE A158 19
MOVE A159 19
MOVE A160 9
MOVE A161 9
MOVE A162 1
MOVE A163 1
MOVE B48 114
MOVE B96 114
MOVE B97 114
MOVE B157 124
MOVE B158 124
MOVE B159 131
MOVE B160 131
MOVE B161 141
MOVE B162 141
MOVE B163 141
MOVE B164 156
MOVE B165 156
MOVE B166 165
MOVE B167 165
MOVE B168 165
MOVE B169 173
MOVE B170 173
MOVE B171 173
MOVE B172 183
MOVE B173 183
MOVE B174 191
MOVE B175 191
MOVE B176 191
DAMAGE COMBAT A151 2
DAMAGE COMBAT B126 1
END TURN 264
TURN 265
COMMAND LEFT START
MOVE A164 3
MOVE A165 3
MOVE A142 3
MOVE A144 3
MOVE A145 3
MOVE A147 3
MOVE A148 3
MOVE A149 49
MOVE A152 49
MOVE A153 49
MOVE A155 16
MOVE A156 16
MOVE A154 3
TRAIN 1
COMMAND LEFT END
COMMAND RIGHT START
MOVE B94 88
MOVE B125 88
MOVE B100 98
MOVE B109 98
MOVE B178 124
MOVE B177 124
TRAIN 3
COMMAND RIGHT END
TURN 265 RESULT
TIME LEFT 4 5 RIGHT 0 5
TRAIN A166 B179 B180 B181
MOVE A142 63
MOVE A144 63
MOVE A145 63
MOVE A147 63
MOVE A148 63
MOVE A149 61
MOVE A152 61
MOVE A153 61
MOVE A154 79
MOVE A155 61
MOVE A156 61
MOVE A157 68
MOVE A158 27
MOVE A159 27
MOVE A160 19
MOVE A161 19
MOVE A162 9
MOVE A163 9
MOVE A164 3
MOVE A165 3
MOVE B48 99
MOVE B94 87
MOVE B96 99
MOVE B97 99
MOVE B100 123
MOVE B109 123
MOVE B125 87
MOVE B159 124
MOVE B160 124
MOVE B161 131
MOVE B162 131
MOVE B163 131
MOVE B164 141
MOVE B165 141
MOVE B166 156
MOVE B167 156
MOVE B168 156
MOVE B169 165
MOVE B170 165
MOVE B171 165
MOVE B172 173
MOVE B173 173
MOVE B174 183
MOVE B175 183
MOVE B176 183
MOVE B177 191
MOVE B178 191
DAMAGE COMBAT A151 2
DAMAGE COMBAT B126 1
END TURN 265
TURN 266
COMMAND LEFT START
MOVE A164 68
MOVE A165 68
MOVE A166 68
TRAIN 1
COMMAND LEFT END
COMMAND RIGHT START
MOVE B110 88
MOVE B111 88
MOVE B112 88
TRAIN 2
COMMAND RIGHT END
TURN 266 RESULT
TIME LEFT 1 5 RIGHT 0 5
TRAIN A167 B182 B183
MOVE A142 52
MOVE A144 52
MOVE A145 52
MOVE A147 52
MOVE A148 52
MOVE A149 49
MOVE A152 49
MOVE A153 49
MOVE A154 73
MOVE A155 49
MOVE A156 49
MOVE A158 36
MOVE A159 36
MOVE A160 27
MOVE A161 27
MOVE A162 19
MOVE A163 19
MOVE A164 6
MOVE A165 6
MOVE A166 1
MOVE B48 88
MOVE B94 92
MOVE B96 88
MOVE B97 88
MOVE B100 98
MOVE B109 98
MOVE B110 114
MOVE B111 114
MOVE B112 114
MOVE B125 92
MOVE B161 124
MOVE B162 124
MOVE B163 124
MOVE B164 131
MOVE B165 131
MOVE B166 141
MOVE B167 141
MOVE B168 141
MOVE B169 156
MOVE B170 156
MOVE B171 156
MOVE B172 165
MOVE B173 165
MOVE B174 173
MOVE B175 173
MOVE B176 173
MOVE B177 183
MOVE B178 183
DAMAGE COMBAT A151 1
DAMAGE COMBAT B127 1
END TURN 266
TURN 267
COMMAND LEFT START
MOVE A157 96
MOVE A149 68
MOVE A152 68
MOVE A153 68
MOVE A167 68
COMMAND LEFT END
COMMAND RIGHT START
TRAIN 3
COMMAND RIGHT END
TURN 267 RESULT
TIME LEFT 2 5 RIGHT 0 5
TRAIN B184 B185 B186
MOVE A142 39
MOVE A144 39
MOVE A145 39
MOVE A147 39
MOVE A148 39
MOVE A149 61
MOVE A152 61
MOVE A153 61
MOVE A154 60
MOVE A155 34
MOVE A156 34
MOVE A157 63
MOVE A158 51
MOVE A159 51
MOVE A160 36
MOVE A161 36
MOVE A162 27
MOVE A163 27
MOVE A164 18
MOVE A165 18
MOVE A166 9
MOVE A167 1
MOVE B94 88
MOVE B110 99
MOVE B111 99
MOVE B112 99
MOVE B125 88
MOVE B164 124
MOVE B165 124
MOVE B166 131
MOVE B167 131
MOVE B168 131
MOVE B169 141
MOVE B170 141
MOVE B171 141
MOVE B172 156
MOVE B173 156
MOVE B174 165
MOVE B175 165
MOVE B176 165
MOVE B177 173
MOVE B178 173
DAMAGE COMBAT A151 1
DAMAGE COMBAT B127 1
END TURN 267
TURN 268
COMMAND LEFT START
COMMAND LEFT END
COMMAND RIGHT START
UPGRADE 96
COMMAND RIGHT END
TURN 268 RESULT
TIME LEFT 0 5 RIGHT 0 5
UPGRADE B 96
MOVE A142 31
MOVE A144 31
MOVE A145 31
MOVE A147 31
MOVE A148 31
MOVE A149 68
MOVE A152 68
MOVE A153 68
MOVE A154 43
MOVE A155 24
MOVE A156 24
MOVE A157 75
MOVE A158 61
MOVE A159 61
MOVE A160 51
MOVE A161 51
MOVE A162 36
MOVE A163 36
MOVE A164 31
MOVE A165 31
MOVE A166 19
MOVE A167 9
MOVE B110 88
MOVE B111 88
MOVE B112 88
MOVE B166 124
MOVE B167 124
MOVE B168 124
MOVE B169 131
MOVE B170 131
MOVE B171 131
MOVE B172 141
MOVE B173 141
MOVE B174 156
MOVE B175 156
MOVE B176 156
MOVE B177 165
MOVE B178 165
END TURN 268
TURN 269
COMMAND LEFT START
COMMAND LEFT END
COMMAND RIGHT START
MOVE B186 68
MOVE B185 96
MOVE B184 96
MOVE B183 96
MOVE B182 96
MOVE B181 96
MOVE B180 96
MOVE B179 96
MOVE B168 96
MOVE B167 96
MOVE B166 96
MOVE B165 96
MOVE B164 96
MOVE B163 96
MOVE B162 96
MOVE B161 96
MOVE B160 96
MOVE B159 96
MOVE B158 96
COMMAND RIGHT END
TURN 269 RESULT
TIME LEFT 1 5 RIGHT 1 5
MOVE A142 18
MOVE A144 18
MOVE A145 18
MOVE A147 18
MOVE A148 18
MOVE A154 33
MOVE A155 16
MOVE A156 16
MOVE A157 83
MOVE A158 68
MOVE A159 68
MOVE A160 61
MOVE A161 61
MOVE A162 51
MOVE A163 51
MOVE A164 39
MOVE A165 39
MOVE A166 27
MOVE A167 19
MOVE B158 129
MOVE B159 129
MOVE B160 129
MOVE B161 129
MOVE B162 129
MOVE B163 129
MOVE B164 129
MOVE B165 129
MOVE B166 129
MOVE B167 129
MOVE B168 129
MOVE B169 124
MOVE B170 124
MOVE B171 124
MOVE B172 131
MOVE B173 131
MOVE B174 141
MOVE B175 141
MOVE B176 141
MOVE B177 156
MOVE B178 156
MOVE B179 189
MOVE B180 189
MOVE B181 189
MOVE B182 189
MOVE B183 189
MOVE B184 189
MOVE B185 189
MOVE B186 189
END TURN 269
TURN 270
COMMAND LEFT START
MOVE A155 68
MOVE A156 68
TRAIN 2
COMMAND LEFT END
COMMAND RIGHT START
MOVE B171 96
MOVE B170 96
MOVE B169 96
MOVE B157 96
MOVE B156 96
MOVE B155 96
MOVE B154 96
MOVE B153 96
MOVE B151 96
MOVE B150 96
MOVE B149 96
UPGRADE 96
COMMAND RIGHT END
TURN 270 RESULT
TIME LEFT 1 5 RIGHT 1 5
UPGRADE B 96
TRAIN A168 A169
MOVE A142 6
MOVE A144 6
MOVE A145 6
MOVE A147 6
MOVE A148 6
MOVE A154 15
MOVE A155 24
MOVE A156 24
MOVE A157 90
MOVE A160 68
MOVE A161 68
MOVE A162 61
MOVE A163 61
MOVE A164 52
MOVE A165 52
MOVE A166 36
MOVE A167 27
MOVE B149 129
MOVE B150 129
MOVE B151 129
MOVE B153 129
MOVE B154 129
MOVE B155 129
MOVE B156 129
MOVE B157 129
MOVE B158 117
MOVE B159 117
MOVE B160 117
MOVE B161 117
MOVE B162 117
MOVE B163 117
MOVE B164 117
MOVE B165 117
MOVE B166 117
MOVE B167 117
MOVE B168 117
MOVE B169 129
MOVE B170 129
MOVE B171 129
MOVE B172 124
MOVE B173 124
MOVE B174 131
MOVE B175 131
MOVE B176 131
MOVE B177 141
MOVE B178 141
MOVE B179 182
MOVE B180 182
MOVE B181 182
MOVE B182 182
MOVE B183 182
MOVE B184 182
MOVE B185 182
MOVE B186 184
END TURN 270
TURN 271
COMMAND LEFT START
MOVE A149 117
MOVE A168 68
MOVE A169 68
TRAIN 2
COMMAND LEFT END
COMMAND RIGHT START
MOVE B173 96
MOVE B172 96
MOVE B140 96
MOVE B139 96
MOVE B138 96
MOVE B137 96
MOVE B136 96
MOVE B135 96
MOVE B133 96
MOVE B132 96
MOVE B131 96
UPGRADE 96
COMMAND RIGHT END
TURN 271 RESULT
TIME LEFT 1 5 RIGHT 0 5
UPGRADE B 96
TRAIN A170 A171
MOVE A142 3
MOVE A144 3
MOVE A145 3
MOVE A147 3
MOVE A148 3
MOVE A149 63
MOVE A154 8
MOVE A155 34
MOVE A156 34
MOVE A157 96
MOVE A162 68
MOVE A163 68
MOVE A164 63
MOVE A165 63
MOVE A166 51
MOVE A167 36
MOVE A168 1
MOVE A169 1
MOVE B131 129
MOVE B132 129
MOVE B133 129
MOVE B135 129
MOVE B136 129
MOVE B137 129
MOVE B138 129
MOVE B139 129
MOVE B140 129
MOVE B149 117
MOVE B150 117
MOVE B151 117
MOVE B153 117
MOVE B154 117
MOVE B155 117
MOVE B156 117
MOVE B157 117
MOVE B158 109
MOVE B159 109
MOVE B160 109
MOVE B161 109
MOVE B162 109
MOVE B163 109
MOVE B164 109
MOVE B165 109
MOVE B166 109
MOVE B167 109
MOVE B168 109
MOVE B169 117
MOVE B170 117
MOVE B171 117
MOVE B172 129
MOVE B173 129
MOVE B174 124
MOVE B175 124
MOVE B176 124
MOVE B177 131
MOVE B178 131
MOVE B179 172
MOVE B180 172
MOVE B181 172
MOVE B182 172
MOVE B183 172
MOVE B184 172
MOVE B185 172
MOVE B186 177
DAMAGE TURRET A157 2
DAMAGE COMBAT A157 1
DAMAGE COMBAT B127 1
END TURN 271
TURN 272
COMMAND LEFT START
MOVE A142 68
MOVE A144 68
MOVE A145 68
MOVE A147 68
MOVE A148 68
MOVE A170 68
MOVE A171 68
TRAIN 2
COMMAND LEFT END
COMMAND RIGHT START
MOVE B125 124
MOVE B112 124
MOVE B111 124
MOVE B110 124
MOVE B97 124
MOVE B96 124
MOVE B94 124
MOVE B48 124
COMMAND RIGHT END
TURN 272 RESULT
TIME LEFT 2 5 RIGHT 0 5
TRAIN A172 A173
MOVE A142 6
MOVE A144 6
MOVE A145 6
MOVE A147 6
MOVE A148 6
MOVE A149 75
MOVE A154 3
MOVE A155 49
MOVE A156 49
MOVE A164 68
MOVE A165 68
MOVE A166 61
MOVE A167 51
MOVE A168 9
MOVE A169 9
MOVE A170 1
MOVE A171 1
MOVE B48 99
MOVE B94 99
MOVE B96 99
MOVE B97 99
MOVE B110 99
MOVE B111 99
MOVE B112 99
MOVE B125 99
MOVE B131 117
MOVE B132 117
MOVE B133 117
MOVE B135 117
MOVE B136 117
MOVE B137 117
MOVE B138 117
MOVE B139 117
MOVE B140 117
MOVE B149 109
MOVE B150 109
MOVE B151 109
MOVE B153 109
MOVE B154 109
MOVE B155 109
MOVE B156 109
MOVE B157 109
MOVE B158 102
MOVE B159 102
MOVE B160 102
MOVE B161 102
MOVE B162 102
MOVE B163 102
MOVE B164 102
MOVE B165 102
MOVE B166 102
MOVE B167 102
MOVE B168 102
MOVE B169 109
MOVE B170 109
MOVE B171 109
MOVE B172 117
MOVE B173 117
MOVE B177 124
MOVE B178 124
MOVE B179 163
MOVE B180 163
MOVE B181 163
MOVE B182 163
MOVE B183 163
MOVE B184 163
MOVE B185 163
MOVE B186 159
DAMAGE TURRET A157 2
DAMAGE COMBAT A157 1
DAMAGE COMBAT B127 1
END TURN 272
TURN 273
COMMAND LEFT START
MOVE A152 96
MOVE A153 96
MOVE A158 96
MOVE A159 96
MOVE A160 96
MOVE A161 96
MOVE A162 96
MOVE A163 96
MOVE A164 96
MOVE A172 68
MOVE A173 68
MOVE A154 68
COMMAND LEFT END
COMMAND RIGHT START
MOVE B178 96
MOVE B177 96
MOVE B176 96
MOVE B175 96
MOVE B174 96
MOVE B130 96
MOVE B129 96
MOVE B123 96
MOVE B122 96
MOVE B121 96
MOVE B120 96
TRAIN 1
COMMAND RIGHT END
TURN 273 RESULT
TIME LEFT 4 5 RIGHT 0 5
TRAIN B187
MOVE A142 18
MOVE A144 18
MOVE A145 18
MOVE A147 18
MOVE A148 18
MOVE A149 83
MOVE A152 63
MOVE A153 63
MOVE A154 6
MOVE A155 61
MOVE A156 61
MOVE A158 63
MOVE A159 63
MOVE A160 63
MOVE A161 63
MOVE A162 63
MOVE A163 63
MOVE A164 63
MOVE A166 68
MOVE A167 61
MOVE A168 19
MOVE A169 19
MOVE A170 9
MOVE A171 9
MOVE A172 1
MOVE A173 1
MOVE B48 114
MOVE B94 114
MOVE B96 114
MOVE B97 114
MOVE B110 114
MOVE B111 114
MOVE B112 114
MOVE B120 129
MOVE B121 129
MOVE B122 129
MOVE B123 129
MOVE B125 114
MOVE B129 129
MOVE B130 129
MOVE B131 109
MOVE B132 109
MOVE B133 109
MOVE B135 109
MOVE B136 109
MOVE B137 109
MOVE B138 109
MOVE B139 109
MOVE B140 109
MOVE B149 102
MOVE B150 102
MOVE B151 102
MOVE B153 102
MOVE B154 102
MOVE B155 102
MOVE B156 102
MOVE B157 102
MOVE B158 96
MOVE B159 96
MOVE B160 96
MOVE B161 96
MOVE B162 96
MOVE B163 96
MOVE B164 96
MOVE B165 96
MOVE B166 96
MOVE B167 96
MOVE B168 96
MOVE B169 102
MOVE B170 102
MOVE B171 102
MOVE B172 109
MOVE B173 109
MOVE B174 129
MOVE B175 129
MOVE B176 129
MOVE B177 129
MOVE B178 129
MOVE B179 147
MOVE B180 147
MOVE B181 147
MOVE B182 147
MOVE B183 147
MOVE B184 147
MOVE B185 147
MOVE B186 149
END TURN 273
TURN 274
COMMAND LEFT START
TRAIN 1
COMMAND LEFT END
COMMAND RIGHT START
MOVE B119 96
MOVE B118 96
MOVE B117 96
MOVE B116 96
MOVE B187 96
TRAIN 2
COMMAND RIGHT END
TURN 274 RESULT
TIME LEFT 2 5 RIGHT 0 5
TRAIN A174 B188 B189
MOVE A142 31
MOVE A144 31
MOVE A145 31
MOVE A147 31
MOVE A148 31
MOVE A149 90
MOVE A152 75
MOVE A153 75
MOVE A154 18
MOVE A155 68
MOVE A156 68
MOVE A158 75
MOVE A159 75
MOVE A160 75
MOVE A161 75
MOVE A162 75
MOVE A163 75
MOVE A164 75
MOVE A167 68
MOVE A168 27
MOVE A169 27
MOVE A170 19
MOVE A171 19
MOVE A172 9
MOVE A173 9
MOVE B48 124
MOVE B94 124
MOVE B96 124
MOVE B97 124
MOVE B110 124
MOVE B111 124
MOVE B112 124
MOVE B116 129
MOVE B117 129
MOVE B118 129
MOVE B119 129
MOVE B120 117
MOVE B121 117
MOVE B122 117
MOVE B123 117
MOVE B125 124
MOVE B129 117
MOVE B130 117
MOVE B131 102
MOVE B132 102
MOVE B133 102
MOVE B135 102
MOVE B136 102
MOVE B137 102
MOVE B138 102
MOVE B139 102
MOVE B140 102
MOVE B149 96
MOVE B150 96
MOVE B151 96
MOVE B153 96
MOVE B154 96
MOVE B155 96
MOVE B156 96
MOVE B157 96
MOVE B169 96
MOVE B170 96
MOVE B171 96
MOVE B172 102
MOVE B173 102
MOVE B174 117
MOVE B175 117
MOVE B176 117
MOVE B177 117
MOVE B178 117
MOVE B179 137
MOVE B180 137
MOVE B181 137
MOVE B182 137
MOVE B183 137
MOVE B184 137
MOVE B185 137
MOVE B186 132
MOVE B187 189
END TURN 274
TURN 275
COMMAND LEFT START
MOVE A174 3
MOVE A155 3
MOVE A156 3
MOVE A165 3
MOVE A166 26
MOVE A167 49
TRAIN 1
COMMAND LEFT END
COMMAND RIGHT START
MOVE B125 96
MOVE B115 96
MOVE B114 96
MOVE B113 96
MOVE B112 96
MOVE B111 96
MOVE B110 96
MOVE B97 96
MOVE B189 96
MOVE B188 96
TRAIN 3
COMMAND RIGHT END
TURN 275 RESULT
TIME LEFT 3 5 RIGHT 0 5
TRAIN A175 B190 B191 B192
MOVE A142 39
MOVE A144 39
MOVE A145 39
MOVE A147 39
MOVE A148 39
MOVE A149 96
MOVE A152 83
MOVE A153 83
MOVE A154 31
MOVE A155 63
MOVE A156 63
MOVE A158 83
MOVE A159 83
MOVE A160 83
MOVE A161 83
MOVE A162 83
MOVE A163 83
MOVE A164 83
MOVE A165 63
MOVE A166 61
MOVE A167 61
MOVE A168 36
MOVE A169 36
MOVE A170 27
MOVE A171 27
MOVE A172 19
MOVE A173 19
MOVE A174 3
MOVE B97 129
MOVE B110 129
MOVE B111 129
MOVE B112 129
MOVE B113 129
MOVE B114 129
MOVE B115 129
MOVE B116 117
MOVE B117 117
MOVE B118 117
MOVE B119 117
MOVE B120 109
MOVE B121 109
MOVE B122 109
MOVE B123 109
MOVE B125 129
MOVE B129 109
MOVE B130 109
MOVE B131 96
MOVE B132 96
MOVE B133 96
MOVE B135 96
MOVE B136 96
MOVE B137 96
MOVE B138 96
MOVE B139 96
MOVE B140 96
MOVE B172 96
MOVE B173 96
MOVE B174 109
MOVE B175 109
MOVE B176 109
MOVE B177 109
MOVE B178 109
MOVE B179 127
MOVE B180 127
MOVE B181 127
MOVE B182 127
MOVE B183 127
MOVE B184 127
MOVE B185 127
MOVE B186 119
MOVE B187 182
MOVE B188 189
MOVE B189 189
DAMAGE TURRET A149 2
DAMAGE COMBAT A149 4
DAMAGE COMBAT B127 1
END TURN 275
TURN 276
COMMAND LEFT START
MOVE A175 99
TRAIN 1
COMMAND LEFT END
COMMAND RIGHT START
MOVE B192 96
MOVE B191 96
MOVE B190 96
TRAIN 3
COMMAND RIGHT END
TURN 276 RESULT
TIME LEFT 1 5 RIGHT 1 5
TRAIN A176 B193 B194 B195
MOVE A142 52
MOVE A144 52
MOVE A145 52
MOVE A147 52
MOVE A148 52
MOVE A152 90
MOVE A153 90
MOVE A154 39
MOVE A155 52
MOVE A156 52
MOVE A158 90
MOVE A159 90
MOVE A160 90
MOVE A161 90
MOVE A162 90
MOVE A163 90
MOVE A164 90
MOVE A165 52
MOVE A166 51
MOVE A167 49
MOVE A168 51
MOVE A169 51
MOVE A170 36
MOVE A171 36
MOVE A172 27
MOVE A173 27
MOVE A175 3
MOVE B97 117
MOVE B110 117
MOVE B111 117
MOVE B112 117
MOVE B113 117
MOVE B114 117
MOVE B115 117
MOVE B116 109
MOVE B117 109
MOVE B118 109
MOVE B119 109
MOVE B120 102
MOVE B121 102
MOVE B122 102
MOVE B123 102
MOVE B125 117
MOVE B129 102
MOVE B130 102
MOVE B174 102
MOVE B175 102
MOVE B176 102
MOVE B177 102
MOVE B178 102
MOVE B179 96
MOVE B180 96
MOVE B181 96
MOVE B182 96
MOVE B183 96
MOVE B184 96
MOVE B185 96
MOVE B186 113
MOVE B187 172
MOVE B188 182
MOVE B189 182
MOVE B190 189
MOVE B191 189
MOVE B192 189
END TURN 276
TURN 277
COMMAND LEFT START
MOVE A167 16
MOVE A176 16
TRAIN 1
COMMAND LEFT END
COMMAND RIGHT START
MOVE B185 0
MOVE B184 0
MOVE B183 0
MOVE B182 0
MOVE B181 0
MOVE B180 0
MOVE B179 0
MOVE B173 0
MOVE B172 0
MOVE B171 0
MOVE B170 0
MOVE B169 0
MOVE B168 0
MOVE B167 0
MOVE B166 0
MOVE B165 0
MOVE B164 0
MOVE B163 0
MOVE B162 0
MOVE B161 0
MOVE B160 0
MOVE B159 0
MOVE B158 0
MOVE B157 0
MOVE B156 0
MOVE B155 0
MOVE B154 0
MOVE B153 0
MOVE B151 0
MOVE B150 0
MOVE B149 0
MOVE B140 0
MOVE B139 0
MOVE B138 0
MOVE B137 0
MOVE B136 0
MOVE B135 0
MOVE B133 0
MOVE B132 0
COMMAND RIGHT END
TURN 277 RESULT
TIME LEFT 2 5 RIGHT 0 5
TRAIN A177
MOVE A142 63
MOVE A144 63
MOVE A145 63
MOVE A147 63
MOVE A148 63
MOVE A152 96
MOVE A153 96
MOVE A154 52
MOVE A155 39
MOVE A156 39
MOVE A158 96
MOVE A159 96
MOVE A160 96
MOVE A161 96
MOVE A162 96
MOVE A163 96
MOVE A164 96
MOVE A165 39
MOVE A166 36
MOVE A167 34
MOVE A168 61
MOVE A169 61
MOVE A170 51
MOVE A171 51
MOVE A172 36
MOVE A173 36
MOVE A175 8
MOVE A176 1
MOVE B97 109
MOVE B110 109
MOVE B111 109
MOVE B112 109
MOVE B113 109
MOVE B114 109
MOVE B115 109
MOVE B116 102
MOVE B117 102
MOVE B118 102
MOVE B119 102
MOVE B120 96
MOVE B121 96
MOVE B122 96
MOVE B123 96
MOVE B125 109
MOVE B129 96
MOVE B130 96
MOVE B132 65
MOVE B133 65
MOVE B135 65
MOVE B136 65
MOVE B137 65
MOVE B138 65
MOVE B139 65
MOVE B140 65
MOVE B149 65
MOVE B150 65
MOVE B151 65
MOVE B153 65
MOVE B154 65
MOVE B155 65
MOVE B156 65
MOVE B157 65
MOVE B158 65
MOVE B159 65
MOVE B160 65
MOVE B161 65
MOVE B162 65
MOVE B163 65
MOVE B164 65
MOVE B165 65
MOVE B166 65
MOVE B167 65
MOVE B168 65
MOVE B169 65
MOVE B170 65
MOVE B171 65
MOVE B172 65
MOVE B173 65
MOVE B174 96
MOVE B175 96
MOVE B176 96
MOVE B177 96
MOVE B178 96
MOVE B179 65
MOVE B180 65
MOVE B181 65
MOVE B182 65
MOVE B183 65
MOVE B184 65
MOVE B185 65
MOVE B186 93
MOVE B187 163
MOVE B188 172
MOVE B189 172
MOVE B190 182
MOVE B191 182
MOVE B192 182
DAMAGE TURRET A152 2
DAMAGE COMBAT A152 4
DAMAGE COMBAT A153 6
DAMAGE COMBAT A158 3
DAMAGE COMBAT B120 6
DAMAGE COMBAT B127 3
END TURN 277
TURN 278
COMMAND LEFT START
MOVE A177 3
TRAIN 1
COMMAND LEFT END
COMMAND RIGHT START
MOVE B195 94
COMMAND RIGHT END
TURN 278 RESULT
TIME LEFT 2 5 RIGHT 0 5
TRAIN A178
MOVE A142 68
MOVE A144 68
MOVE A145 68
MOVE A147 68
MOVE A148 68
MOVE A154 63
MOVE A155 31
MOVE A156 31
MOVE A165 31
MOVE A166 26
MOVE A167 24
MOVE A168 68
MOVE A169 68
MOVE A170 61
MOVE A171 61
MOVE A172 51
MOVE A173 51
MOVE A175 15
MOVE A176 2
MOVE A177 3
MOVE B97 102
MOVE B110 102
MOVE B111 102
MOVE B112 102
MOVE B113 102
MOVE B114 102
MOVE B115 102
MOVE B116 96
MOVE B117 96
MOVE B118 96
MOVE B119 96
MOVE B125 102
MOVE B132 55
MOVE B133 55
MOVE B135 55
MOVE B136 55
MOVE B137 55
MOVE B138 55
MOVE B139 55
MOVE B140 55
MOVE B149 55
MOVE B150 55
MOVE B151 55
MOVE B153 55
MOVE B154 55
MOVE B155 55
MOVE B156 55
MOVE B157 55
MOVE B158 55
MOVE B159 55
MOVE B160 55
MOVE B161 55
MOVE B162 55
MOVE B163 55
MOVE B164 55
MOVE B165 55
MOVE B166 55
MOVE B167 55
MOVE B168 55
MOVE B169 55
MOVE B170 55
MOVE B171 55
MOVE B172 55
MOVE B173 55
MOVE B179 55
MOVE B180 55
MOVE B181 55
MOVE B182 55
MOVE B183 55
MOVE B184 55
MOVE B185 55
MOVE B186 78
MOVE B187 147
MOVE B188 163
MOVE B189 163
MOVE B190 172
MOVE B191 172
MOVE B192 172
MOVE B195 189
DAMAGE TURRET A158 2
DAMAGE COMBAT A158 1
DAMAGE COMBAT A159 6
DAMAGE COMBAT A160 6
DAMAGE COMBAT A161 3
DAMAGE COMBAT B116 5
DAMAGE COMBAT B120 2
END TURN 278
TURN 279
COMMAND LEFT START
MOVE A142 49
MOVE A144 49
MOVE A178 3
MOVE A166 3
MOVE A145 3
MOVE A147 3
MOVE A148 3
MOVE A168 3
MOVE A169 3
TRAIN 1
COMMAND LEFT END
COMMAND RIGHT START
TRAIN 3
COMMAND RIGHT END
TURN 279 RESULT
TIME LEFT 4 5 RIGHT 0 5
TRAIN A179 B196 B197 B198
MOVE A142 61
MOVE A144 61
MOVE A145 63
MOVE A147 63
MOVE A148 63
MOVE A154 68
MOVE A155 18
MOVE A156 18
MOVE A165 18
MOVE A166 17
MOVE A167 16
MOVE A168 63
MOVE A169 63
MOVE A170 68
MOVE A171 68
MOVE A172 61
MOVE A173 61
MOVE A175 33
MOVE A176 7
MOVE A178 3
MOVE B97 96
MOVE B110 96
MOVE B111 96
MOVE B112 96
MOVE B113 96
MOVE B114 96
MOVE B115 96
MOVE B125 96
MOVE B132 45
MOVE B133 45
MOVE B135 45
MOVE B136 45
MOVE B137 45
MOVE B138 45
MOVE B139 45
MOVE B140 45
MOVE B149 45
MOVE B150 45
MOVE B151 45
MOVE B153 45
MOVE B154 45
MOVE B155 45
MOVE B156 45
MOVE B157 45
MOVE B158 45
MOVE B159 45
MOVE B160 45
MOVE B161 45
MOVE B162 45
MOVE B163 45
MOVE B164 45
MOVE B165 45
MOVE B166 45
MOVE B167 45
MOVE B168 45
MOVE B169 45
MOVE B170 45
MOVE B171 45
MOVE B172 45
MOVE B173 45
MOVE B179 45
MOVE B180 45
MOVE B181 45
MOVE B182 45
MOVE B183 45
MOVE B184 45
MOVE B185 45
MOVE B186 68
MOVE B187 137
MOVE B188 147
MOVE B189 147
MOVE B190 163
MOVE B191 163
MOVE B192 163
MOVE B195 184
DAMAGE TURRET A161 2
DAMAGE TURRET B186 1
DAMAGE COMBAT A6 1
DAMAGE COMBAT A161 1
DAMAGE COMBAT A162 6
DAMAGE COMBAT A163 6
DAMAGE COMBAT A164 6
DAMAGE COMBAT B97 1
DAMAGE COMBAT B116 3
DAMAGE COMBAT B186 5
END TURN 279
TURN 280
COMMAND LEFT START
MOVE A179 3
MOVE A167 3
TRAIN 1
COMMAND LEFT END
COMMAND RIGHT START
MOVE B198 96
TRAIN 3
COMMAND RIGHT END
TURN 280 RESULT
TIME LEFT 2 5 RIGHT 0 5
TRAIN A180 B199 B200 B201
MOVE A142 49
MOVE A144 49
MOVE A145 52
MOVE A147 52
MOVE A148 52
MOVE A155 6
MOVE A156 6
MOVE A165 6
MOVE A166 12
MOVE A167 7
MOVE A168 52
MOVE A169 52
MOVE A172 68
MOVE A173 68
MOVE A175 43
MOVE A176 16
MOVE A179 3
MOVE B132 29
MOVE B133 29
MOVE B135 29
MOVE B136 29
MOVE B137 29
MOVE B138 29
MOVE B139 29
MOVE B140 29
MOVE B149 29
MOVE B150 29
MOVE B151 29
MOVE B153 29
MOVE B154 29
MOVE B155 29
MOVE B156 29
MOVE B157 29
MOVE B158 29
MOVE B159 29
MOVE B160 29
MOVE B161 29
MOVE B162 29
MOVE B163 29
MOVE B164 29
MOVE B165 29
MOVE B166 29
MOVE B167 29
MOVE B168 29
MOVE B169 29
MOVE B170 29
MOVE B171 29
MOVE B172 29
MOVE B173 29
MOVE B179 29
MOVE B180 29
MOVE B181 29
MOVE B182 29
MOVE B183 29
MOVE B184 29
MOVE B185 29
MOVE B187 127
MOVE B188 137
MOVE B189 137
MOVE B190 147
MOVE B191 147
MOVE B192 147
MOVE B195 179
MOVE B198 189
DAMAGE TURRET B186 1
DAMAGE COMBAT A6 1
DAMAGE COMBAT B186 1
END TURN 280
TURN 281
COMMAND LEFT START
MOVE A180 3
MOVE A176 3
MOVE A170 3
MOVE A171 3
MOVE A172 3
MOVE A173 3
MOVE A142 3
MOVE A144 3
TRAIN 1
COMMAND LEFT END
COMMAND RIGHT START
TRAIN 3
COMMAND RIGHT END
TURN 281 RESULT
TIME LEFT 4 5 RIGHT 0 5
TRAIN A181 B202 B203 B204
MOVE A142 34
MOVE A144 34
MOVE A145 39
MOVE A147 39
MOVE A148 39
MOVE A155 3
MOVE A156 3
MOVE A165 3
MOVE A166 9
MOVE A167 9
MOVE A168 39
MOVE A169 39
MOVE A170 63
MOVE A171 63
MOVE A172 63
MOVE A173 63
MOVE A175 60
MOVE A176 7
MOVE A180 3
MOVE B132 20
MOVE B133 20
MOVE B135 20
MOVE B136 20
MOVE B137 20
MOVE B138 20
MOVE B139 20
MOVE B140 20
MOVE B149 20
MOVE B150 20
MOVE B151 20
MOVE B153 20
MOVE B154 20
MOVE B155 20
MOVE B156 20
MOVE B157 20
MOVE B158 20
MOVE B159 20
MOVE B160 20
MOVE B161 20
MOVE B162 20
MOVE B163 20
MOVE B164 20
MOVE B165 20
MOVE B166 20
MOVE B167 20
MOVE B168 20
MOVE B169 20
MOVE B170 20
MOVE B171 20
MOVE B172 20
MOVE B173 20
MOVE B179 20
MOVE B180 20
MOVE B181 20
MOVE B182 20
MOVE B183 20
MOVE B184 20
MOVE B185 20
MOVE B187 96
MOVE B188 127
MOVE B189 127
MOVE B190 137
MOVE B191 137
MOVE B192 137
MOVE B195 170
MOVE B198 182
END TURN 281
TURN 282
COMMAND LEFT START
MOVE A181 3
TRAIN 1
COMMAND LEFT END
COMMAND RIGHT START
MOVE B187 3
MOVE B178 3
MOVE B177 3
MOVE B176 3
MOVE B175 3
MOVE B174 3
MOVE B131 3
MOVE B130 3
MOVE B129 3
MOVE B125 3
MOVE B123 3
MOVE B122 3
MOVE B121 3
MOVE B119 3
MOVE B118 3
MOVE B117 3
MOVE B115 3
MOVE B114 3
MOVE B113 3
MOVE B112 3
MOVE B111 3
COMMAND RIGHT END
TURN 282 RESULT
TIME LEFT 2 5 RIGHT 0 5
TRAIN A182
MOVE A142 26
MOVE A144 26
MOVE A145 31
MOVE A147 31
MOVE A148 31
MOVE A166 6
MOVE A167 6
MOVE A168 31
MOVE A169 31
MOVE A170 52
MOVE A171 52
MOVE A172 52
MOVE A173 52
MOVE A175 73
MOVE A176 9
MOVE A181 3
MOVE B111 65
MOVE B112 65
MOVE B113 65
MOVE B114 65
MOVE B115 65
MOVE B117 65
MOVE B118 65
MOVE B119 65
MOVE B121 65
MOVE B122 65
MOVE B123 65
MOVE B125 65
MOVE B129 65
MOVE B130 65
MOVE B131 65
MOVE B132 10
MOVE B133 10
MOVE B135 10
MOVE B136 10
MOVE B137 10
MOVE B138 10
MOVE B139 10
MOVE B140 10
MOVE B149 10
MOVE B150 10
MOVE B151 10
MOVE B153 10
MOVE B154 10
MOVE B155 10
MOVE B156 10
MOVE B157 10
MOVE B158 10
MOVE B159 10
MOVE B160 10
MOVE B161 10
MOVE B162 10
MOVE B163 10
MOVE B164 10
MOVE B165 10
MOVE B166 10
MOVE B167 10
MOVE B168 10
MOVE B169 10
MOVE B170 10
MOVE B171 10
MOVE B172 10
MOVE B173 10
MOVE B174 65
MOVE B175 65
MOVE B176 65
MOVE B177 65
MOVE B178 65
MOVE B179 10
MOVE B180 10
MOVE B181 10
MOVE B182 10
MOVE B183 10
MOVE B184 10
MOVE B185 10
MOVE B187 65
MOVE B188 96
MOVE B189 96
MOVE B190 127
MOVE B191 127
MOVE B192 127
MOVE B195 162
MOVE B198 172
END TURN 282
TURN 283
COMMAND LEFT START
MOVE A182 3
TRAIN 1
COMMAND LEFT END
COMMAND RIGHT START
MOVE B204 96
MOVE B203 96
MOVE B202 96
MOVE B201 96
MOVE B200 96
TRAIN 3
COMMAND RIGHT END
TURN 283 RESULT
TIME LEFT 2 5 RIGHT 0 5
TRAIN A183 B205 B206 B207
MOVE A142 17
MOVE A144 17
MOVE A145 18
MOVE A147 18
MOVE A148 18
MOVE A166 3
MOVE A167 3
MOVE A168 18
MOVE A169 18
MOVE A170 39
MOVE A171 39
MOVE A172 39
MOVE A173 39
MOVE A175 79
MOVE A176 6
MOVE A182 3
MOVE B111 55
MOVE B112 55
MOVE B113 55
MOVE B114 55
MOVE B115 55
MOVE B117 55
MOVE B118 55
MOVE B119 55
MOVE B121 55
MOVE B122 55
MOVE B123 55
MOVE B125 55
MOVE B129 55
MOVE B130 55
MOVE B131 55
MOVE B132 3
MOVE B133 3
MOVE B135 3
MOVE B136 3
MOVE B137 3
MOVE B138 3
MOVE B139 3
MOVE B140 3
MOVE B149 3
MOVE B150 3
MOVE B151 3
MOVE B153 3
MOVE B154 3
MOVE B155 3
MOVE B156 3
MOVE B157 3
MOVE B158 3
MOVE B159 3
MOVE B160 3
MOVE B161 3
MOVE B162 3
MOVE B163 3
MOVE B164 3
MOVE B165 3
MOVE B166 3
MOVE B167 3
MOVE B168 3
MOVE B169 3
MOVE B170 3
MOVE B171 3
MOVE B172 3
MOVE B173 3
MOVE B174 55
MOVE B175 55
MOVE B176 55
MOVE B177 55
MOVE B178 55
MOVE B179 3
MOVE B180 3
MOVE B181 3
MOVE B182 3
MOVE B183 3
MOVE B184 3
MOVE B185 3
MOVE B187 55
MOVE B190 96
MOVE B191 96
MOVE B192 96
MOVE B195 160
MOVE B198 163
MOVE B200 189
MOVE B201 189
MOVE B202 189
MOVE B203 189
MOVE B204 189
DAMAGE TURRET B132 1
DAMAGE COMBAT A7 5
DAMAGE COMBAT A10 6
DAMAGE COMBAT A155 6
DAMAGE COMBAT A156 6
DAMAGE COMBAT A165 6
DAMAGE COMBAT A166 6
DAMAGE COMBAT A167 4
DAMAGE COMBAT B132 7
DAMAGE COMBAT B133 7
END TURN 283
TURN 284
COMMAND LEFT START
MOVE A183 3
TRAIN 1
COMMAND LEFT END
COMMAND RIGHT START
MOVE B48 88
MOVE B94 88
MOVE B100 88
MOVE B97 124
MOVE B110 124
MOVE B188 98
TRAIN 3
COMMAND RIGHT END
TURN 284 RESULT
TIME LEFT 1 5 RIGHT 0 5
TRAIN A184 B208 B209 B210
MOVE A142 12
MOVE A144 12
MOVE A145 6
MOVE A147 6
MOVE A148 6
MOVE A168 6
MOVE A169 6
MOVE A170 31
MOVE A171 31
MOVE A172 31
MOVE A173 31
MOVE A175 99
MOVE A176 3
MOVE A183 3
MOVE B48 114
MOVE B94 114
MOVE B97 102
MOVE B100 87
MOVE B110 102
MOVE B111 45
MOVE B112 45
MOVE B113 45
MOVE B114 45
MOVE B115 45
MOVE B117 45
MOVE B118 45
MOVE B119 45
MOVE B121 45
MOVE B122 45
MOVE B123 45
MOVE B125 45
MOVE B129 45
MOVE B130 45
MOVE B131 45
MOVE B174 45
MOVE B175 45
MOVE B176 45
MOVE B177 45
MOVE B178 45
MOVE B187 45
MOVE B188 102
MOVE B195 155
MOVE B198 147
MOVE B200 182
MOVE B201 182
MOVE B202 182
MOVE B203 182
MOVE B204 182
DAMAGE TURRET B133 1
DAMAGE COMBAT A167 2
DAMAGE COMBAT A174 6
DAMAGE COMBAT A176 6
DAMAGE COMBAT A177 6
DAMAGE COMBAT A178 6
DAMAGE COMBAT A179 6
DAMAGE COMBAT A180 6
DAMAGE COMBAT B135 8
DAMAGE COMBAT B136 2
END TURN 284
TURN 285
COMMAND LEFT START
MOVE A184 3
MOVE A175 3
TRAIN 1
COMMAND LEFT END
COMMAND RIGHT START
MOVE B109 88
MOVE B189 88
MOVE B190 88
MOVE B144 98
MOVE B210 96
MOVE B209 96
MOVE B208 96
TRAIN 2
COMMAND RIGHT END
TURN 285 RESULT
TIME LEFT 2 5 RIGHT 0 5
TRAIN A185 B211 B212
MOVE A142 9
MOVE A144 9
MOVE A145 3
MOVE A147 3
MOVE A148 3
MOVE A168 3
MOVE A169 3
MOVE A170 18
MOVE A171 18
MOVE A172 18
MOVE A173 18
MOVE A175 79
MOVE A184 3
MOVE B48 99
MOVE B94 99
MOVE B97 109
MOVE B100 92
MOVE B109 87
MOVE B110 109
MOVE B111 29
MOVE B112 29
MOVE B113 29
MOVE B114 29
MOVE B115 29
MOVE B117 29
MOVE B118 29
MOVE B119 29
MOVE B121 29
MOVE B122 29
MOVE B123 29
MOVE B125 29
MOVE B129 29
MOVE B130 29
MOVE B131 29
MOVE B144 191
MOVE B174 29
MOVE B175 29
MOVE B176 29
MOVE B177 29
MOVE B178 29
MOVE B187 29
MOVE B188 109
MOVE B189 84
MOVE B190 84
MOVE B195 144
MOVE B198 137
MOVE B200 172
MOVE B201 172
MOVE B202 172
MOVE B203 172
MOVE B204 172
MOVE B208 189
MOVE B209 189
MOVE B210 189
DAMAGE TURRET B136 1
DAMAGE COMBAT A145 6
DAMAGE COMBAT A147 6
DAMAGE COMBAT A148 6
DAMAGE COMBAT A168 6
DAMAGE COMBAT A169 6
DAMAGE COMBAT A181 6
DAMAGE COMBAT B136 5
DAMAGE COMBAT B137 4
END TURN 285
TURN 286
COMMAND LEFT START
MOVE A185 3
TRAIN 1
COMMAND LEFT END
COMMAND RIGHT START
MOVE B128 88
MOVE B134 88
MOVE B12 88
MOVE B145 143
MOVE B146 143
MOVE B147 166
MOVE B212 96
MOVE B211 96
TRAIN 2
COMMAND RIGHT END
TURN 286 RESULT
TIME LEFT 2 5 RIGHT 0 5
TRAIN A186 B213 B214
MOVE A142 6
MOVE A144 6
MOVE A170 6
MOVE A171 6
MOVE A172 6
MOVE A173 6
MOVE A175 73
MOVE A185 3
MOVE B12 156
MOVE B48 88
MOVE B94 88
MOVE B97 117
MOVE B100 88
MOVE B109 92
MOVE B110 117
MOVE B111 20
MOVE B112 20
MOVE B113 20
MOVE B114 20
MOVE B115 20
MOVE B117 20
MOVE B118 20
MOVE B119 20
MOVE B121 20
MOVE B122 20
MOVE B123 20
MOVE B125 20
MOVE B128 131
MOVE B129 20
MOVE B130 20
MOVE B131 20
MOVE B134 131
MOVE B144 183
MOVE B145 191
MOVE B146 191
MOVE B147 191
MOVE B174 20
MOVE B175 20
MOVE B176 20
MOVE B177 20
MOVE B178 20
MOVE B187 20
MOVE B188 107
MOVE B189 89
MOVE B190 89
MOVE B195 128
MOVE B198 127
MOVE B200 163
MOVE B201 163
MOVE B202 163
MOVE B203 163
MOVE B204 163
MOVE B208 182
MOVE B209 182
MOVE B210 182
MOVE B211 189
MOVE B212 189
DAMAGE TURRET B137 1
DAMAGE COMBAT A182 6
DAMAGE COMBAT A183 6
DAMAGE COMBAT A184 6
DAMAGE COMBAT A185 6
DAMAGE COMBAT B137 3
DAMAGE COMBAT B138 1
SIEGE A 3 11
END TURN 286
TURN 287
COMMAND LEFT START
MOVE A186 3
TRAIN 2
COMMAND LEFT END
COMMAND RIGHT START
TRAIN 2
COMMAND RIGHT END
TURN 287 RESULT
TIME LEFT 2 5 RIGHT 0 5
TRAIN A187 A188 B215 B216
MOVE A142 3
MOVE A144 3
MOVE A170 3
MOVE A171 3
MOVE A172 3
MOVE A173 3
MOVE A175 60
MOVE A186 3
MOVE B12 141
MOVE B97 129
MOVE B109 88
MOVE B110 129
MOVE B111 10
MOVE B112 10
MOVE B113 10
MOVE B114 10
MOVE B115 10
MOVE B117 10
MOVE B118 10
MOVE B119 10
MOVE B121 10
MOVE B122 10
MOVE B123 10
MOVE B125 10
MOVE B128 124
MOVE B129 10
MOVE B130 10
MOVE B131 10
MOVE B134 124
MOVE B138 0
MOVE B139 0
MOVE B140 0
MOVE B144 180
MOVE B145 183
MOVE B146 183
MOVE B147 183
MOVE B149 0
MOVE B150 0
MOVE B151 0
MOVE B153 0
MOVE B154 0
MOVE B155 0
MOVE B156 0
MOVE B157 0
MOVE B158 0
MOVE B159 0
MOVE B160 0
MOVE B161 0
MOVE B162 0
MOVE B163 0
MOVE B164 0
MOVE B165 0
MOVE B166 0
MOVE B167 0
MOVE B168 0
MOVE B169 0
MOVE B170 0
MOVE B171 0
MOVE B172 0
MOVE B173 0
MOVE B174 10
MOVE B175 10
MOVE B176 10
MOVE B177 10
MOVE B178 10
MOVE B179 0
MOVE B180 0
MOVE B181 0
MOVE B182 0
MOVE B183 0
MOVE B184 0
MOVE B185 0
MOVE B187 10
MOVE B188 110
MOVE B189 91
MOVE B190 91
MOVE B195 105
MOVE B198 96
MOVE B200 147
MOVE B201 147
MOVE B202 147
MOVE B203 147
MOVE B204 147
MOVE B208 172
MOVE B209 172
MOVE B210 172
MOVE B211 182
MOVE B212 182
DAMAGE TURRET B138 2
DAMAGE COMBAT A1 4
DAMAGE COMBAT A3 4
DAMAGE COMBAT A15 6
DAMAGE COMBAT A187 6
DAMAGE COMBAT A188 6
DAMAGE COMBAT B138 5
SIEGE A 0 8
END TURN 287
TURN 288
COMMAND LEFT START
MOVE A14 0
MOVE A154 0
MOVE A5 0
MOVE A13 0
MOVE A9 0
MOVE A12 0
MOVE A8 0
MOVE A11 0
MOVE A142 0
MOVE A144 0
MOVE A170 0
MOVE A171 0
MOVE A172 0
MOVE A173 0
MOVE A186 0
TRAIN 1
COMMAND LEFT END
COMMAND RIGHT START
MOVE B216 96
MOVE B215 96
MOVE B214 96
MOVE B213 96
MOVE B207 96
MOVE B206 96
MOVE B205 96
MOVE B199 96
MOVE B109 96
MOVE B100 96
MOVE B94 96
MOVE B48 96
TRAIN 1
COMMAND RIGHT END
TURN 288 RESULT
TIME LEFT 2 5 RIGHT 0 5
TRAIN A189 B217
MOVE A5 34
MOVE A8 7
MOVE A9 17
MOVE A11 7
MOVE A12 17
MOVE A13 34
MOVE A14 61
MOVE A142 0
MOVE A144 0
MOVE A154 61
MOVE A170 0
MOVE A171 0
MOVE A172 0
MOVE A173 0
MOVE A175 43
MOVE A186 0
MOVE B12 129
MOVE B48 79
MOVE B94 79
MOVE B97 124
MOVE B100 79
MOVE B109 79
MOVE B110 124
MOVE B111 3
MOVE B112 3
MOVE B113 3
MOVE B114 3
MOVE B115 3
MOVE B117 3
MOVE B118 3
MOVE B119 3
MOVE B121 3
MOVE B122 3
MOVE B123 3
MOVE B125 3
MOVE B128 114
MOVE B129 3
MOVE B130 3
MOVE B131 3
MOVE B134 114
MOVE B144 175
MOVE B145 180
MOVE B146 180
MOVE B147 180
MOVE B174 3
MOVE B175 3
MOVE B176 3
MOVE B177 3
MOVE B178 3
MOVE B187 3
MOVE B188 114
MOVE B189 79
MOVE B190 79
MOVE B195 94
MOVE B199 189
MOVE B200 137
MOVE B201 137
MOVE B202 137
MOVE B203 137
MOVE B204 137
MOVE B205 189
MOVE B206 189
MOVE B207 189
MOVE B208 163
MOVE B209 163
MOVE B210 163
MOVE B211 172
MOVE B212 172
MOVE B213 189
MOVE B214 189
MOVE B215 189
MOVE B216 189
DAMAGE TURRET B111 1
DAMAGE TURRET B139 2
DAMAGE COMBAT A142 6
DAMAGE COMBAT A144 3
DAMAGE COMBAT A170 6
DAMAGE COMBAT A171 6
DAMAGE COMBAT A172 6
DAMAGE COMBAT A173 6
DAMAGE COMBAT B139 6
DAMAGE COMBAT B140 2
SIEGE A 3 1
END TURN 288
TURN 289
COMMAND LEFT START
COMMAND LEFT END
COMMAND RIGHT START
MOVE B111 96
MOVE B112 96
MOVE B113 96
MOVE B114 96
MOVE B115 96
MOVE B117 96
MOVE B118 96
MOVE B119 96
MOVE B121 96
MOVE B122 96
MOVE B123 96
MOVE B125 96
MOVE B129 96
MOVE B130 96
MOVE B131 96
MOVE B174 96
MOVE B175 96
MOVE B176 96
MOVE B177 96
MOVE B178 96
MOVE B187 96
MOVE B217 96
UPGRADE 94
COMMAND RIGHT END
TURN 289 RESULT
TIME LEFT 1 5 RIGHT 0 5
UPGRADE B 94
MOVE A5 26
MOVE A8 2
MOVE A9 12
MOVE A11 2
MOVE A12 12
MOVE A13 26
MOVE A14 51
MOVE A154 51
MOVE A175 33
MOVE B12 114
MOVE B48 91
MOVE B94 91
MOVE B100 91
MOVE B109 91
MOVE B111 10
MOVE B112 10
MOVE B113 10
MOVE B114 10
MOVE B115 10
MOVE B117 10
MOVE B118 10
MOVE B119 10
MOVE B121 10
MOVE B122 10
MOVE B123 10
MOVE B125 10
MOVE B128 99
MOVE B129 10
MOVE B130 10
MOVE B131 10
MOVE B134 99
MOVE B144 166
MOVE B145 175
MOVE B146 175
MOVE B147 175
MOVE B174 10
MOVE B175 10
MOVE B176 10
MOVE B177 10
MOVE B178 10
MOVE B187 10
MOVE B188 112
MOVE B189 88
MOVE B190 88
MOVE B199 182
MOVE B200 127
MOVE B201 127
MOVE B202 127
MOVE B203 127
MOVE B204 127
MOVE B205 182
MOVE B206 182
MOVE B207 182
MOVE B208 147
MOVE B209 147
MOVE B210 147
MOVE B211 163
MOVE B212 163
MOVE B213 182
MOVE B214 182
MOVE B215 182
MOVE B216 182
MOVE B217 189
DAMAGE TURRET B140 2
DAMAGE COMBAT A186 6
DAMAGE COMBAT A189 6
DAMAGE COMBAT B140 2
SIEGE A 0 12
END TURN 289
RESULT RIGHT_WIN HQ_DESTROYED
