[LEFT ""]
[RIGHT ""]
MAP
201 17
-10530 -10291 -10066 -10223 -10245 -8374 -9605 -8078 -8223 -8558 -9176 -7637 -7640 -8175 -8292 -7557 -7417 -7318 -7039 -7022 -7124 -6876 -7011 -6439 -6579 -6452 -6535 -6901 -6256 -6033 -5829 -5908 -5807 -5594 -5749 -5432 -5097 -5228 -4986 -5212 -5495 -4927 -4995 -4922 -4778 -4792 -4526 -4541 -4274 -5320 -4489 -4113 -4014 -4087 -3501 -3695 -3575 -3566 -3653 -3693 -4006 -3481 -3375 -3099 -3720 -2800 -3154 -2902 -2521 -2610 -2635 -2520 -2376 -2296 -2209 -2085 -1960 -2079 -2039 -1955 -1708 -1421 -1579 -1485 -1369 -883 -1094 -935 -990 -852 -914 -623 -742 -786 -831 -643 -375 -198 -249 -380 0 380 249 198 375 643 831 786 742 623 914 852 990 935 1094 883 1369 1485 1579 1421 1708 1955 2039 2079 1960 2085 2209 2296 2376 2520 2635 2610 2521 2902 3154 2800 3720 3099 3375 3481 4006 3693 3653 3566 3575 3695 3501 4087 4014 4113 4489 5320 4274 4541 4526 4792 4778 4922 4995 4927 5495 5212 4986 5228 5097 5432 5749 5594 5807 5908 5829 6033 6256 6901 6535 6452 6579 6439 7011 6876 7124 7022 7039 7318 7417 7557 8292 8175 7640 7637 9176 8558 8223 8078 9605 8374 10245 10223 10066 10291 10530
1988 4059 509 -977 -2961 2170 -5595 -1652 3567 -3691 6004 1242 4437 -7123 7136 -4737 2513 -2689 -3794 544 -651 3642 8184 -4873 4734 2536 5803 -8165 -1476 -2808 3285 260 -5841 5323 1400 4213 -554 -3831 -1722 6396 -8916 2879 -6580 2044 526 -4904 4636 -2708 3404 9361 7183 5693 1457 -6683 4188 -4774 -3259 7775 -854 -8166 9975 343 -1950 -5744 -10224 -6802 2653 6599 8332 5492 1371 -4165 10923 -833 -2547 -7776 7224 3058 4265 451 -8828 -3182 -5237 1942 -1424 5018 -10845 9679 -25 3169 -6121 -4207 -8252 6355 7639 1310 -1440 8633 -2831 -7124 0 7124 2831 -8633 1440 -1310 -7639 -6355 8252 4207 6121 -3169 25 -9679 10845 -5018 1424 -1942 5237 3182 8828 -451 -4265 -3058 -7224 7776 2547 833 -10923 4165 -1371 -5492 -8332 -6599 -2653 6802 10224 5744 1950 -343 -9975 8166 854 -7775 3259 4774 -4188 6683 -1457 -5693 -7183 -9361 -3404 2708 -4636 4904 -526 -2044 6580 -2879 8916 -6396 1722 3831 554 -4213 -1400 -5323 5841 -260 -3285 2808 1476 8165 -5803 -2536 -4734 4873 -8184 -3642 651 -544 3794 2689 -2513 4737 -7136 7123 -4437 -1242 -6004 3691 -3567 1652 5595 -2170 2961 977 -509 -4059 -1988
STRONGHOLDS 17 20 34 35 45 50 90 98 100 102 110 150 155 165 166 180 183
3 1 2 5
4 0 5 8 10
6 0 3 5 7 11 20
3 2 4 7
4 3 6 7 9
6 0 1 2 8 11 16
4 4 9 13 15
7 2 3 4 9 17 20 28
6 1 5 10 12 16 21
6 4 6 7 15 17 18
5 1 8 12 14 26
7 2 5 16 19 20 25 34
5 8 10 21 24 26
4 6 15 27 32
3 10 22 26
6 6 9 13 18 23 32
5 5 8 11 21 25
5 7 9 18 28 29
6 9 15 17 23 29 37
4 11 20 31 34
6 2 7 11 19 28 31
7 8 12 16 24 25 30 35
5 14 26 39 49 50
5 15 18 32 37 45
5 12 21 26 33 35
7 11 16 21 30 34 41 43
7 10 12 14 22 24 33 39
4 13 32 40 42
7 7 17 20 29 31 36 38
6 17 18 28 37 38 47
4 21 25 35 41
6 19 20 28 34 36 44
6 13 15 23 27 42 45
6 24 26 35 39 46 51
6 11 19 25 31 43 44
7 21 24 30 33 41 46 48
5 28 31 38 44 58
7 18 23 29 45 47 55 56
6 28 29 36 47 58 62
5 22 26 33 50 51
4 27 42 59 64
6 25 30 35 43 48 66
6 27 32 40 45 53 59
6 25 34 41 44 52 66
7 31 34 36 43 52 58 61
6 23 32 37 42 53 55
5 33 35 48 51 54
5 29 37 38 56 62
5 35 41 46 54 66
4 22 50 57 60
6 22 39 49 51 57 67
7 33 39 46 50 54 67 69
5 43 44 61 66 70
6 42 45 55 59 63 65
7 46 48 51 66 69 77 78
6 37 45 53 56 63 71
6 37 47 55 62 71 74
6 49 50 60 67 68 76
6 36 38 44 61 62 73
7 40 42 53 64 65 75 80
4 49 57 68 72
6 44 52 58 70 73 79
6 38 47 56 58 73 74
5 53 55 65 71 82
4 40 59 80 86
6 53 59 63 75 82 90
7 41 43 48 52 54 70 77
5 50 51 57 69 76
6 57 60 72 76 87 94
7 51 54 67 76 78 85 93
6 52 61 66 77 79 83
7 55 56 63 74 81 82 91
4 60 68 87 114
7 58 61 62 74 79 84 88
6 56 62 71 73 81 84
6 59 65 80 90 92 99
6 57 67 68 69 93 94
6 54 66 70 78 83 89
5 54 69 77 85 89
6 61 70 73 83 88 95
6 59 64 75 86 92 103
5 71 74 84 91 98
5 63 65 71 90 91
5 70 77 79 89 95
6 73 74 81 88 96 98
6 69 78 89 93 109 110
5 64 80 103 113 128
5 68 72 94 97 114
6 73 79 84 95 96 100
7 77 78 83 85 95 102 109
7 65 75 82 91 99 107 115
7 71 81 82 90 98 111 115
4 75 80 99 103
6 69 76 85 94 101 110
6 68 76 87 93 97 101
7 79 83 88 89 100 102 104
5 84 88 98 100 105
6 87 94 101 108 114 120
6 81 84 91 96 105 111
6 75 90 92 103 106 107
6 88 95 96 104 105 112
6 93 94 97 108 110 125
6 89 95 104 109 116 119
6 80 86 92 99 106 113
5 95 100 102 112 116
7 96 98 100 111 112 117 121
6 99 103 107 113 124 132
6 90 99 106 115 124 131
4 97 101 120 125
7 85 89 102 110 118 119 129
7 85 93 101 109 118 125 135
7 91 98 105 115 117 122 123
6 100 104 105 116 121 127
5 86 103 106 128 132
5 72 87 97 120 136
6 90 91 107 111 122 131
6 102 104 112 119 126 127
5 105 111 121 123 130
5 109 110 129 135 137
5 102 109 116 126 129
6 97 108 114 125 136 141
6 105 112 117 127 130 139
5 111 115 123 131 146
6 111 117 122 130 134 146
6 106 107 131 132 133 143
6 101 108 110 120 135 141
6 116 119 127 129 138 144
7 112 116 121 126 138 139 142
4 86 113 132 140
7 109 118 119 126 137 144 145
6 117 121 123 134 139 148
7 107 115 122 124 133 146 149
6 106 113 124 128 140 143
5 124 131 143 149 150
7 123 130 146 148 152 157 159
6 110 118 125 137 141 147
4 114 120 141 160
5 118 129 135 145 147
6 126 127 142 144 153 162
6 121 127 130 142 148 156
4 128 132 143 151
7 120 125 135 136 147 158 160
6 127 138 139 156 162 164
6 124 132 133 140 150 151
6 126 129 138 145 153 163
6 129 137 144 147 155 163
7 122 123 131 134 149 152 154
6 135 137 141 145 155 158
5 130 134 139 156 157
7 131 133 146 150 154 161 167
6 133 143 149 151 161 178
4 140 143 150 178
5 134 146 154 159 165
5 138 144 162 163 171
5 146 149 152 165 167
6 145 147 158 163 168 177
7 139 142 148 157 164 166 169
6 134 148 156 159 166 175
6 141 147 155 160 168 173
6 134 152 157 165 170 175
4 136 141 158 173
5 149 150 167 174 178
6 138 142 153 164 171 172
7 144 145 153 155 171 177 182
5 142 156 162 169 172
7 152 154 159 167 170 176 179
6 156 157 169 175 181 189
6 149 154 161 165 174 176
6 155 158 173 177 185 187
6 156 164 166 172 180 181
4 159 165 175 179
6 153 162 163 172 182 183
7 162 164 169 171 180 183 193
4 158 160 168 187
7 161 167 176 178 186 188 190
7 157 159 166 170 179 184 189
5 165 167 174 179 188
5 155 163 168 182 185
5 150 151 161 174 186
7 165 170 175 176 184 188 192
6 169 172 181 189 193 198
4 166 169 180 189
6 163 171 177 183 185 191
5 171 172 182 191 193
5 175 179 189 192 195
6 168 177 182 187 191 194
3 174 178 190
4 168 173 185 194
5 174 176 179 190 192
7 166 175 180 181 184 195 198
5 174 186 188 192 199
6 182 183 185 193 194 196
6 179 184 188 190 195 199
7 172 180 183 191 196 197 198
4 185 187 191 196
6 184 189 192 198 199 200
4 191 193 194 197
3 193 196 198
6 180 189 193 195 197 200
4 190 192 195 200
3 195 198 199
END MAP
TURN 1
COMMAND LEFT START
MOVE A1 20
MOVE A2 100
COMMAND LEFT END
COMMAND RIGHT START
MOVE B2 180
COMMAND RIGHT END
TURN 1 RESULT
TIME LEFT 1 5 RIGHT 40 5
MOVE A1 2
MOVE A2 5
MOVE B2 198
END TURN 1
TURN 2
COMMAND LEFT START
COMMAND LEFT END
COMMAND RIGHT START
COMMAND RIGHT END
TURN 2 RESULT
TIME LEFT 0 5 RIGHT 40 5
MOVE A1 20
MOVE A2 16
MOVE B2 180
END TURN 2
TURN 3
COMMAND LEFT START
UPGRADE 20
COMMAND LEFT END
COMMAND RIGHT START
MOVE B2 200
UPGRADE 180
COMMAND RIGHT END
TURN 3 RESULT
TIME LEFT 0 5 RIGHT 34 5
UPGRADE A 20
UPGRADE B 180
MOVE A2 25
MOVE B2 198
END TURN 3
TURN 4
COMMAND LEFT START
COMMAND LEFT END
COMMAND RIGHT START
MOVE B3 180
COMMAND RIGHT END
TURN 4 RESULT
TIME LEFT 0 5 RIGHT 0 5
MOVE A2 43
MOVE B2 200
MOVE B3 198
END TURN 4
TURN 5
COMMAND LEFT START
COMMAND LEFT END
COMMAND RIGHT START
COMMAND RIGHT END
TURN 5 RESULT
TIME LEFT 0 5 RIGHT 0 5
MOVE A2 52
MOVE B3 180
END TURN 5
TURN 6
COMMAND LEFT START
COMMAND LEFT END
COMMAND RIGHT START
COMMAND RIGHT END
TURN 6 RESULT
TIME LEFT 0 5 RIGHT 0 5
MOVE A2 70
END TURN 6
TURN 7
COMMAND LEFT START
COMMAND LEFT END
COMMAND RIGHT START
COMMAND RIGHT END
TURN 7 RESULT
TIME LEFT 0 5 RIGHT 0 5
MOVE A2 79
END TURN 7
TURN 8
COMMAND LEFT START
COMMAND LEFT END
COMMAND RIGHT START
COMMAND RIGHT END
TURN 8 RESULT
TIME LEFT 0 5 RIGHT 0 5
MOVE A2 88
END TURN 8
TURN 9
COMMAND LEFT START
COMMAND LEFT END
COMMAND RIGHT START
COMMAND RIGHT END
TURN 9 RESULT
TIME LEFT 0 5 RIGHT 0 5
MOVE A2 100
END TURN 9
TURN 10
COMMAND LEFT START
COMMAND LEFT END
COMMAND RIGHT START
COMMAND RIGHT END
TURN 10 RESULT
TIME LEFT 0 5 RIGHT 0 5
END TURN 10
TURN 11
COMMAND LEFT START
COMMAND LEFT END
COMMAND RIGHT START
COMMAND RIGHT END
TURN 11 RESULT
TIME LEFT 0 5 RIGHT 0 5
END TURN 11
TURN 12
COMMAND LEFT START
COMMAND LEFT END
COMMAND RIGHT START
COMMAND RIGHT END
TURN 12 RESULT
TIME LEFT 0 5 RIGHT 0 5
END TURN 12
TURN 13
COMMAND LEFT START
COMMAND LEFT END
COMMAND RIGHT START
COMMAND RIGHT END
TURN 13 RESULT
TIME LEFT 0 5 RIGHT 0 5
END TURN 13
TURN 14
COMMAND LEFT START
UPGRADE 100
COMMAND LEFT END
COMMAND RIGHT START
COMMAND RIGHT END
TURN 14 RESULT
TIME LEFT 0 5 RIGHT 0 5
UPGRADE A 100
END TURN 14
TURN 15
COMMAND LEFT START
COMMAND LEFT END
COMMAND RIGHT START
COMMAND RIGHT END
TURN 15 RESULT
TIME LEFT 0 5 RIGHT 0 5
END TURN 15
TURN 16
COMMAND LEFT START
COMMAND LEFT END
COMMAND RIGHT START
COMMAND RIGHT END
TURN 16 RESULT
TIME LEFT 0 5 RIGHT 0 5
END TURN 16
TURN 17
COMMAND LEFT START
TRAIN 1
COMMAND LEFT END
COMMAND RIGHT START
COMMAND RIGHT END
TURN 17 RESULT
TIME LEFT 0 5 RIGHT 0 5
TRAIN A4
END TURN 17
TURN 18
COMMAND LEFT START
COMMAND LEFT END
COMMAND RIGHT START
COMMAND RIGHT END
TURN 18 RESULT
TIME LEFT 0 5 RIGHT 0 5
END TURN 18
TURN 19
COMMAND LEFT START
COMMAND LEFT END
COMMAND RIGHT START
UPGRADE 200
COMMAND RIGHT END
TURN 19 RESULT
TIME LEFT 0 5 RIGHT 0 5
UPGRADE B 200
END TURN 19
TURN 20
COMMAND LEFT START
COMMAND LEFT END
COMMAND RIGHT START
COMMAND RIGHT END
TURN 20 RESULT
TIME LEFT 0 5 RIGHT 0 5
END TURN 20
TURN 21
COMMAND LEFT START
COMMAND LEFT END
COMMAND RIGHT START
COMMAND RIGHT END
TURN 21 RESULT
TIME LEFT 0 5 RIGHT 0 5
END TURN 21
TURN 22
COMMAND LEFT START
COMMAND LEFT END
COMMAND RIGHT START
COMMAND RIGHT END
TURN 22 RESULT
TIME LEFT 0 5 RIGHT 0 5
END TURN 22
TURN 23
COMMAND LEFT START
COMMAND LEFT END
COMMAND RIGHT START
COMMAND RIGHT END
TURN 23 RESULT
TIME LEFT 0 5 RIGHT 0 5
END TURN 23
TURN 24
COMMAND LEFT START
COMMAND LEFT END
COMMAND RIGHT START
COMMAND RIGHT END
TURN 24 RESULT
TIME LEFT 0 5 RIGHT 0 5
END TURN 24
TURN 25
COMMAND LEFT START
COMMAND LEFT END
COMMAND RIGHT START
COMMAND RIGHT END
TURN 25 RESULT
TIME LEFT 0 5 RIGHT 0 5
END TURN 25
TURN 26
COMMAND LEFT START
COMMAND LEFT END
COMMAND RIGHT START
COMMAND RIGHT END
TURN 26 RESULT
TIME LEFT 0 5 RIGHT 0 5
END TURN 26
TURN 27
COMMAND LEFT START
COMMAND LEFT END
COMMAND RIGHT START
COMMAND RIGHT END
TURN 27 RESULT
TIME LEFT 0 5 RIGHT 0 5
END TURN 27
TURN 28
COMMAND LEFT START
MOVE A3 34
COMMAND LEFT END
COMMAND RIGHT START
TRAIN 1
COMMAND RIGHT END
TURN 28 RESULT
TIME LEFT 0 5 RIGHT 0 5
TRAIN B4
MOVE A3 5
END TURN 28
TURN 29
COMMAND LEFT START
COMMAND LEFT END
COMMAND RIGHT START
COMMAND RIGHT END
TURN 29 RESULT
TIME LEFT 0 5 RIGHT 0 5
MOVE A3 11
END TURN 29
TURN 30
COMMAND LEFT START
COMMAND LEFT END
COMMAND RIGHT START
COMMAND RIGHT END
TURN 30 RESULT
TIME LEFT 0 5 RIGHT 0 5
MOVE A3 34
END TURN 30
TURN 31
COMMAND LEFT START
UPGRADE 34
COMMAND LEFT END
COMMAND RIGHT START
MOVE B4 180
COMMAND RIGHT END
TURN 31 RESULT
TIME LEFT 0 5 RIGHT 0 5
UPGRADE A 34
MOVE B4 198
END TURN 31
TURN 32
COMMAND LEFT START
COMMAND LEFT END
COMMAND RIGHT START
COMMAND RIGHT END
TURN 32 RESULT
TIME LEFT 0 5 RIGHT 0 5
MOVE B4 180
END TURN 32
TURN 33
COMMAND LEFT START
TRAIN 1
COMMAND LEFT END
COMMAND RIGHT START
COMMAND RIGHT END
TURN 33 RESULT
TIME LEFT 0 5 RIGHT 0 5
TRAIN A5
END TURN 33
TURN 34
COMMAND LEFT START
COMMAND LEFT END
COMMAND RIGHT START
COMMAND RIGHT END
TURN 34 RESULT
TIME LEFT 0 5 RIGHT 0 5
END TURN 34
TURN 35
COMMAND LEFT START
COMMAND LEFT END
COMMAND RIGHT START
COMMAND RIGHT END
TURN 35 RESULT
TIME LEFT 0 5 RIGHT 0 5
END TURN 35
TURN 36
COMMAND LEFT START
COMMAND LEFT END
COMMAND RIGHT START
COMMAND RIGHT END
TURN 36 RESULT
TIME LEFT 0 5 RIGHT 0 5
END TURN 36
TURN 37
COMMAND LEFT START
COMMAND LEFT END
COMMAND RIGHT START
UPGRADE 180
COMMAND RIGHT END
TURN 37 RESULT
TIME LEFT 0 5 RIGHT 0 5
UPGRADE B 180
END TURN 37
TURN 38
COMMAND LEFT START
COMMAND LEFT END
COMMAND RIGHT START
COMMAND RIGHT END
TURN 38 RESULT
TIME LEFT 0 5 RIGHT 0 5
END TURN 38
TURN 39
COMMAND LEFT START
COMMAND LEFT END
COMMAND RIGHT START
COMMAND RIGHT END
TURN 39 RESULT
TIME LEFT 0 5 RIGHT 0 5
END TURN 39
TURN 40
COMMAND LEFT START
COMMAND LEFT END
COMMAND RIGHT START
COMMAND RIGHT END
TURN 40 RESULT
TIME LEFT 0 5 RIGHT 0 5
END TURN 40
TURN 41
COMMAND LEFT START
MOVE A5 17
COMMAND LEFT END
COMMAND RIGHT START
COMMAND RIGHT END
TURN 41 RESULT
TIME LEFT 0 5 RIGHT 0 5
MOVE A5 2
END TURN 41
TURN 42
COMMAND LEFT START
COMMAND LEFT END
COMMAND RIGHT START
COMMAND RIGHT END
TURN 42 RESULT
TIME LEFT 0 5 RIGHT 0 5
MOVE A5 7
END TURN 42
TURN 43
COMMAND LEFT START
COMMAND LEFT END
COMMAND RIGHT START
COMMAND RIGHT END
TURN 43 RESULT
TIME LEFT 0 5 RIGHT 0 5
MOVE A5 17
END TURN 43
TURN 44
COMMAND LEFT START
UPGRADE 17
COMMAND LEFT END
COMMAND RIGHT START
TRAIN 1
COMMAND RIGHT END
TURN 44 RESULT
TIME LEFT 0 5 RIGHT 0 5
UPGRADE A 17
TRAIN B5
END TURN 44
TURN 45
COMMAND LEFT START
COMMAND LEFT END
COMMAND RIGHT START
COMMAND RIGHT END
TURN 45 RESULT
TIME LEFT 0 5 RIGHT 0 5
END TURN 45
TURN 46
COMMAND LEFT START
TRAIN 1
COMMAND LEFT END
COMMAND RIGHT START
MOVE B5 180
COMMAND RIGHT END
TURN 46 RESULT
TIME LEFT 0 5 RIGHT 0 5
TRAIN A6
MOVE B5 198
END TURN 46
TURN 47
COMMAND LEFT START
COMMAND LEFT END
COMMAND RIGHT START
COMMAND RIGHT END
TURN 47 RESULT
TIME LEFT 0 5 RIGHT 0 5
MOVE B5 180
END TURN 47
TURN 48
COMMAND LEFT START
COMMAND LEFT END
COMMAND RIGHT START
COMMAND RIGHT END
TURN 48 RESULT
TIME LEFT 0 5 RIGHT 0 5
END TURN 48
TURN 49
COMMAND LEFT START
COMMAND LEFT END
COMMAND RIGHT START
COMMAND RIGHT END
TURN 49 RESULT
TIME LEFT 0 5 RIGHT 0 5
END TURN 49
TURN 50
COMMAND LEFT START
COMMAND LEFT END
COMMAND RIGHT START
COMMAND RIGHT END
TURN 50 RESULT
TIME LEFT 0 5 RIGHT 0 5
END TURN 50
TURN 51
COMMAND LEFT START
COMMAND LEFT END
COMMAND RIGHT START
UPGRADE 180
COMMAND RIGHT END
TURN 51 RESULT
TIME LEFT 0 5 RIGHT 0 5
UPGRADE B 180
END TURN 51
TURN 52
COMMAND LEFT START
COMMAND LEFT END
COMMAND RIGHT START
MOVE B2 166
COMMAND RIGHT END
TURN 52 RESULT
TIME LEFT 0 5 RIGHT 0 5
MOVE B2 195
END TURN 52
TURN 53
COMMAND LEFT START
COMMAND LEFT END
COMMAND RIGHT START
TRAIN 1
COMMAND RIGHT END
TURN 53 RESULT
TIME LEFT 0 5 RIGHT 0 5
TRAIN B6
MOVE B2 189
END TURN 53
TURN 54
COMMAND LEFT START
COMMAND LEFT END
COMMAND RIGHT START
COMMAND RIGHT END
TURN 54 RESULT
TIME LEFT 0 5 RIGHT 0 5
MOVE B2 166
END TURN 54
TURN 55
COMMAND LEFT START
UPGRADE 0
COMMAND LEFT END
COMMAND RIGHT START
MOVE B2 180
COMMAND RIGHT END
TURN 55 RESULT
TIME LEFT 0 5 RIGHT 0 5
UPGRADE A 0
MOVE B2 169
END TURN 55
TURN 56
COMMAND LEFT START
COMMAND LEFT END
COMMAND RIGHT START
MOVE B6 166
TRAIN 1
COMMAND RIGHT END
TURN 56 RESULT
TIME LEFT 0 5 RIGHT 0 5
TRAIN B7
MOVE B2 180
MOVE B6 195
END TURN 56
TURN 57
COMMAND LEFT START
COMMAND LEFT END
COMMAND RIGHT START
COMMAND RIGHT END
TURN 57 RESULT
TIME LEFT 0 5 RIGHT 0 5
MOVE B6 189
END TURN 57
TURN 58
COMMAND LEFT START
COMMAND LEFT END
COMMAND RIGHT START
COMMAND RIGHT END
TURN 58 RESULT
TIME LEFT 0 5 RIGHT 0 5
MOVE B6 166
END TURN 58
TURN 59
COMMAND LEFT START
COMMAND LEFT END
COMMAND RIGHT START
MOVE B6 180
COMMAND RIGHT END
TURN 59 RESULT
TIME LEFT 0 5 RIGHT 0 5
MOVE B6 169
END TURN 59
TURN 60
COMMAND LEFT START
COMMAND LEFT END
COMMAND RIGHT START
MOVE B5 166
COMMAND RIGHT END
TURN 60 RESULT
TIME LEFT 0 5 RIGHT 0 5
MOVE B5 169
MOVE B6 180
END TURN 60
TURN 61
COMMAND LEFT START
COMMAND LEFT END
COMMAND RIGHT START
COMMAND RIGHT END
TURN 61 RESULT
TIME LEFT 0 5 RIGHT 0 5
MOVE B5 166
END TURN 61
TURN 62
COMMAND LEFT START
UPGRADE 17
COMMAND LEFT END
COMMAND RIGHT START
MOVE B5 180
COMMAND RIGHT END
TURN 62 RESULT
TIME LEFT 0 5 RIGHT 0 5
UPGRADE A 17
MOVE B5 169
END TURN 62
TURN 63
COMMAND LEFT START
COMMAND LEFT END
COMMAND RIGHT START
MOVE B6 166
COMMAND RIGHT END
TURN 63 RESULT
TIME LEFT 0 5 RIGHT 0 5
MOVE B5 180
MOVE B6 169
END TURN 63
TURN 64
COMMAND LEFT START
TRAIN 1
COMMAND LEFT END
COMMAND RIGHT START
COMMAND RIGHT END
TURN 64 RESULT
TIME LEFT 0 5 RIGHT 0 5
TRAIN A7
MOVE B6 166
END TURN 64
TURN 65
COMMAND LEFT START
MOVE A4 17
COMMAND LEFT END
COMMAND RIGHT START
MOVE B6 180
UPGRADE 166
COMMAND RIGHT END
TURN 65 RESULT
TIME LEFT 0 5 RIGHT 0 5
UPGRADE B 166
MOVE A4 2
MOVE B6 169
END TURN 65
TURN 66
COMMAND LEFT START
COMMAND LEFT END
COMMAND RIGHT START
MOVE B5 166
COMMAND RIGHT END
TURN 66 RESULT
TIME LEFT 0 5 RIGHT 0 5
MOVE A4 7
MOVE B5 169
MOVE B6 180
END TURN 66
TURN 67
COMMAND LEFT START
COMMAND LEFT END
COMMAND RIGHT START
COMMAND RIGHT END
TURN 67 RESULT
TIME LEFT 0 5 RIGHT 0 5
MOVE A4 17
MOVE B5 166
END TURN 67
TURN 68
COMMAND LEFT START
COMMAND LEFT END
COMMAND RIGHT START
COMMAND RIGHT END
TURN 68 RESULT
TIME LEFT 0 5 RIGHT 0 5
END TURN 68
TURN 69
COMMAND LEFT START
COMMAND LEFT END
COMMAND RIGHT START
MOVE B6 166
COMMAND RIGHT END
TURN 69 RESULT
TIME LEFT 0 5 RIGHT 0 5
MOVE B6 169
END TURN 69
TURN 70
COMMAND LEFT START
COMMAND LEFT END
COMMAND RIGHT START
COMMAND RIGHT END
TURN 70 RESULT
TIME LEFT 0 5 RIGHT 0 5
MOVE B6 166
END TURN 70
TURN 71
COMMAND LEFT START
COMMAND LEFT END
COMMAND RIGHT START
COMMAND RIGHT END
TURN 71 RESULT
TIME LEFT 0 5 RIGHT 0 5
END TURN 71
TURN 72
COMMAND LEFT START
COMMAND LEFT END
COMMAND RIGHT START
UPGRADE 166
COMMAND RIGHT END
TURN 72 RESULT
TIME LEFT 0 5 RIGHT 0 5
UPGRADE B 166
END TURN 72
TURN 73
COMMAND LEFT START
COMMAND LEFT END
COMMAND RIGHT START
COMMAND RIGHT END
TURN 73 RESULT
TIME LEFT 0 5 RIGHT 0 5
END TURN 73
TURN 74
COMMAND LEFT START
COMMAND LEFT END
COMMAND RIGHT START
COMMAND RIGHT END
TURN 74 RESULT
TIME LEFT 0 5 RIGHT 0 5
END TURN 74
TURN 75
COMMAND LEFT START
UPGRADE 0
COMMAND LEFT END
COMMAND RIGHT START
COMMAND RIGHT END
TURN 75 RESULT
TIME LEFT 0 5 RIGHT 0 5
UPGRADE A 0
END TURN 75
TURN 76
COMMAND LEFT START
COMMAND LEFT END
COMMAND RIGHT START
TRAIN 1
COMMAND RIGHT END
TURN 76 RESULT
TIME LEFT 0 5 RIGHT 0 5
TRAIN B8
END TURN 76
TURN 77
COMMAND LEFT START
TRAIN 1
COMMAND LEFT END
COMMAND RIGHT START
MOVE B8 166
COMMAND RIGHT END
TURN 77 RESULT
TIME LEFT 0 5 RIGHT 0 5
TRAIN A8
MOVE B8 195
END TURN 77
TURN 78
COMMAND LEFT START
COMMAND LEFT END
COMMAND RIGHT START
COMMAND RIGHT END
TURN 78 RESULT
TIME LEFT 0 5 RIGHT 0 5
MOVE B8 189
END TURN 78
TURN 79
COMMAND LEFT START
COMMAND LEFT END
COMMAND RIGHT START
COMMAND RIGHT END
TURN 79 RESULT
TIME LEFT 0 5 RIGHT 0 5
MOVE B8 166
END TURN 79
TURN 80
COMMAND LEFT START
COMMAND LEFT END
COMMAND RIGHT START
UPGRADE 166
COMMAND RIGHT END
TURN 80 RESULT
TIME LEFT 0 5 RIGHT 0 5
UPGRADE B 166
END TURN 80
TURN 81
COMMAND LEFT START
COMMAND LEFT END
COMMAND RIGHT START
MOVE B7 183
TRAIN 1
COMMAND RIGHT END
TURN 81 RESULT
TIME LEFT 0 5 RIGHT 0 5
TRAIN B9
MOVE B7 198
END TURN 81
TURN 82
COMMAND LEFT START
UPGRADE 20
COMMAND LEFT END
COMMAND RIGHT START
COMMAND RIGHT END
TURN 82 RESULT
TIME LEFT 0 5 RIGHT 0 5
UPGRADE A 20
MOVE B7 193
END TURN 82
TURN 83
COMMAND LEFT START
TRAIN 1
COMMAND LEFT END
COMMAND RIGHT START
COMMAND RIGHT END
TURN 83 RESULT
TIME LEFT 0 5 RIGHT 0 5
TRAIN A9
MOVE B7 183
END TURN 83
TURN 84
COMMAND LEFT START
MOVE A6 20
COMMAND LEFT END
COMMAND RIGHT START
MOVE B7 180
COMMAND RIGHT END
TURN 84 RESULT
TIME LEFT 0 5 RIGHT 0 5
MOVE A6 2
MOVE B7 193
END TURN 84
TURN 85
COMMAND LEFT START
COMMAND LEFT END
COMMAND RIGHT START
MOVE B9 183
TRAIN 1
COMMAND RIGHT END
TURN 85 RESULT
TIME LEFT 0 5 RIGHT 0 5
TRAIN B10
MOVE A6 20
MOVE B7 180
MOVE B9 198
END TURN 85
TURN 86
COMMAND LEFT START
COMMAND LEFT END
COMMAND RIGHT START
COMMAND RIGHT END
TURN 86 RESULT
TIME LEFT 0 5 RIGHT 0 5
MOVE B9 193
END TURN 86
TURN 87
COMMAND LEFT START
COMMAND LEFT END
COMMAND RIGHT START
COMMAND RIGHT END
TURN 87 RESULT
TIME LEFT 0 5 RIGHT 0 5
MOVE B9 183
END TURN 87
TURN 88
COMMAND LEFT START
UPGRADE 34
COMMAND LEFT END
COMMAND RIGHT START
MOVE B9 180
UPGRADE 183
COMMAND RIGHT END
TURN 88 RESULT
TIME LEFT 0 5 RIGHT 0 5
UPGRADE A 34
UPGRADE B 183
MOVE B9 193
END TURN 88
TURN 89
COMMAND LEFT START
TRAIN 1
COMMAND LEFT END
COMMAND RIGHT START
MOVE B7 183
COMMAND RIGHT END
TURN 89 RESULT
TIME LEFT 0 5 RIGHT 0 5
TRAIN A10
MOVE B7 193
MOVE B9 180
END TURN 89
TURN 90
COMMAND LEFT START
MOVE A7 34
COMMAND LEFT END
COMMAND RIGHT START
COMMAND RIGHT END
TURN 90 RESULT
TIME LEFT 0 5 RIGHT 0 5
MOVE A7 5
MOVE B7 183
END TURN 90
TURN 91
COMMAND LEFT START
COMMAND LEFT END
COMMAND RIGHT START
MOVE B9 183
COMMAND RIGHT END
TURN 91 RESULT
TIME LEFT 0 5 RIGHT 0 5
MOVE A7 11
MOVE B9 193
END TURN 91
TURN 92
COMMAND LEFT START
COMMAND LEFT END
COMMAND RIGHT START
COMMAND RIGHT END
TURN 92 RESULT
TIME LEFT 0 5 RIGHT 0 5
MOVE A7 34
MOVE B9 183
END TURN 92
TURN 93
COMMAND LEFT START
COMMAND LEFT END
COMMAND RIGHT START
UPGRADE 183
COMMAND RIGHT END
TURN 93 RESULT
TIME LEFT 0 5 RIGHT 0 5
UPGRADE B 183
END TURN 93
TURN 94
COMMAND LEFT START
UPGRADE 100
COMMAND LEFT END
COMMAND RIGHT START
COMMAND RIGHT END
TURN 94 RESULT
TIME LEFT 0 5 RIGHT 0 5
UPGRADE A 100
END TURN 94
TURN 95
COMMAND LEFT START
TRAIN 1
COMMAND LEFT END
COMMAND RIGHT START
COMMAND RIGHT END
TURN 95 RESULT
TIME LEFT 0 5 RIGHT 0 5
TRAIN A11
END TURN 95
TURN 96
COMMAND LEFT START
MOVE A8 100
COMMAND LEFT END
COMMAND RIGHT START
TRAIN 1
COMMAND RIGHT END
TURN 96 RESULT
TIME LEFT 0 5 RIGHT 0 5
TRAIN B11
MOVE A8 5
END TURN 96
TURN 97
COMMAND LEFT START
COMMAND LEFT END
COMMAND RIGHT START
MOVE B11 183
COMMAND RIGHT END
TURN 97 RESULT
TIME LEFT 0 5 RIGHT 0 5
MOVE A8 16
MOVE B11 198
END TURN 97
TURN 98
COMMAND LEFT START
COMMAND LEFT END
COMMAND RIGHT START
UPGRADE 183
COMMAND RIGHT END
TURN 98 RESULT
TIME LEFT 0 5 RIGHT 0 5
UPGRADE B 183
MOVE A8 25
MOVE B11 193
END TURN 98
TURN 99
COMMAND LEFT START
UPGRADE 17
COMMAND LEFT END
COMMAND RIGHT START
COMMAND RIGHT END
TURN 99 RESULT
TIME LEFT 0 5 RIGHT 0 5
UPGRADE A 17
MOVE A8 43
MOVE B11 183
END TURN 99
TURN 100
COMMAND LEFT START
TRAIN 1
COMMAND LEFT END
COMMAND RIGHT START
COMMAND RIGHT END
TURN 100 RESULT
TIME LEFT 0 5 RIGHT 0 5
TRAIN A12
MOVE A8 52
END TURN 100
TURN 101
COMMAND LEFT START
MOVE A9 17
COMMAND LEFT END
COMMAND RIGHT START
COMMAND RIGHT END
TURN 101 RESULT
TIME LEFT 0 5 RIGHT 0 5
MOVE A8 70
MOVE A9 2
END TURN 101
TURN 102
COMMAND LEFT START
COMMAND LEFT END
COMMAND RIGHT START
COMMAND RIGHT END
TURN 102 RESULT
TIME LEFT 0 5 RIGHT 0 5
MOVE A8 79
MOVE A9 7
END TURN 102
TURN 103
COMMAND LEFT START
COMMAND LEFT END
COMMAND RIGHT START
TRAIN 1
COMMAND RIGHT END
TURN 103 RESULT
TIME LEFT 0 5 RIGHT 0 5
TRAIN B12
MOVE A8 88
MOVE A9 17
END TURN 103
TURN 104
COMMAND LEFT START
COMMAND LEFT END
COMMAND RIGHT START
COMMAND RIGHT END
TURN 104 RESULT
TIME LEFT 0 5 RIGHT 0 5
MOVE A8 100
END TURN 104
TURN 105
COMMAND LEFT START
UPGRADE 20
COMMAND LEFT END
COMMAND RIGHT START
COMMAND RIGHT END
TURN 105 RESULT
TIME LEFT 5 5 RIGHT 5 5
UPGRADE A 20
END TURN 105
TURN 106
COMMAND LEFT START
TRAIN 1
COMMAND LEFT END
COMMAND RIGHT START
UPGRADE 200
COMMAND RIGHT END
TURN 106 RESULT
TIME LEFT 0 5 RIGHT 0 5
UPGRADE B 200
TRAIN A13
END TURN 106
TURN 107
COMMAND LEFT START
MOVE A10 20
COMMAND LEFT END
COMMAND RIGHT START
COMMAND RIGHT END
TURN 107 RESULT
TIME LEFT 0 5 RIGHT 0 5
MOVE A10 2
END TURN 107
TURN 108
COMMAND LEFT START
COMMAND LEFT END
COMMAND RIGHT START
COMMAND RIGHT END
TURN 108 RESULT
TIME LEFT 0 5 RIGHT 0 5
MOVE A10 20
END TURN 108
TURN 109
COMMAND LEFT START
COMMAND LEFT END
COMMAND RIGHT START
COMMAND RIGHT END
TURN 109 RESULT
TIME LEFT 0 5 RIGHT 0 5
END TURN 109
TURN 110
COMMAND LEFT START
UPGRADE 34
TRAIN 1
COMMAND LEFT END
COMMAND RIGHT START
COMMAND RIGHT END
TURN 110 RESULT
TIME LEFT 0 5 RIGHT 0 5
UPGRADE A 34
TRAIN A14
END TURN 110
TURN 111
COMMAND LEFT START
MOVE A11 34
COMMAND LEFT END
COMMAND RIGHT START
COMMAND RIGHT END
TURN 111 RESULT
TIME LEFT 0 5 RIGHT 0 5
MOVE A11 5
END TURN 111
TURN 112
COMMAND LEFT START
COMMAND LEFT END
COMMAND RIGHT START
COMMAND RIGHT END
TURN 112 RESULT
TIME LEFT 0 5 RIGHT 0 5
MOVE A11 11
END TURN 112
TURN 113
COMMAND LEFT START
COMMAND LEFT END
COMMAND RIGHT START
COMMAND RIGHT END
TURN 113 RESULT
TIME LEFT 0 5 RIGHT 0 5
MOVE A11 34
END TURN 113
TURN 114
COMMAND LEFT START
UPGRADE 100
TRAIN 1
COMMAND LEFT END
COMMAND RIGHT START
TRAIN 1
COMMAND RIGHT END
TURN 114 RESULT
TIME LEFT 0 5 RIGHT 0 5
UPGRADE A 100
TRAIN A15 B13
END TURN 114
TURN 115
COMMAND LEFT START
MOVE A12 100
COMMAND LEFT END
COMMAND RIGHT START
COMMAND RIGHT END
TURN 115 RESULT
TIME LEFT 0 5 RIGHT 0 5
MOVE A12 5
END TURN 115
TURN 116
COMMAND LEFT START
COMMAND LEFT END
COMMAND RIGHT START
COMMAND RIGHT END
TURN 116 RESULT
TIME LEFT 0 5 RIGHT 0 5
MOVE A12 16
END TURN 116
TURN 117
COMMAND LEFT START
COMMAND LEFT END
COMMAND RIGHT START
COMMAND RIGHT END
TURN 117 RESULT
TIME LEFT 0 5 RIGHT 0 5
MOVE A12 25
END TURN 117
TURN 118
COMMAND LEFT START
TRAIN 1
COMMAND LEFT END
COMMAND RIGHT START
COMMAND RIGHT END
TURN 118 RESULT
TIME LEFT 0 5 RIGHT 0 5
TRAIN A16
MOVE A12 43
END TURN 118
TURN 119
COMMAND LEFT START
TRAIN 2
COMMAND LEFT END
COMMAND RIGHT START
COMMAND RIGHT END
TURN 119 RESULT
TIME LEFT 0 5 RIGHT 0 5
TRAIN A17 A18
MOVE A12 52
END TURN 119
TURN 120
COMMAND LEFT START
MOVE A18 35
COMMAND LEFT END
COMMAND RIGHT START
UPGRADE 200
COMMAND RIGHT END
TURN 120 RESULT
TIME LEFT 0 5 RIGHT 0 5
UPGRADE B 200
MOVE A12 70
MOVE A18 5
END TURN 120
TURN 121
COMMAND LEFT START
MOVE A17 50
COMMAND LEFT END
COMMAND RIGHT START
COMMAND RIGHT END
TURN 121 RESULT
TIME LEFT 0 5 RIGHT 0 5
MOVE A12 79
MOVE A17 5
MOVE A18 16
END TURN 121
TURN 122
COMMAND LEFT START
TRAIN 2
COMMAND LEFT END
COMMAND RIGHT START
COMMAND RIGHT END
TURN 122 RESULT
TIME LEFT 0 5 RIGHT 0 5
TRAIN A19 A20
MOVE A12 88
MOVE A17 8
MOVE A18 21
END TURN 122
TURN 123
COMMAND LEFT START
MOVE A20 45
COMMAND LEFT END
COMMAND RIGHT START
COMMAND RIGHT END
TURN 123 RESULT
TIME LEFT 0 5 RIGHT 0 5
MOVE A12 100
MOVE A17 12
MOVE A18 35
MOVE A20 2
END TURN 123
TURN 124
COMMAND LEFT START
COMMAND LEFT END
COMMAND RIGHT START
COMMAND RIGHT END
TURN 124 RESULT
TIME LEFT 0 5 RIGHT 0 5
MOVE A17 26
MOVE A20 7
END TURN 124
TURN 125
COMMAND LEFT START
COMMAND LEFT END
COMMAND RIGHT START
COMMAND RIGHT END
TURN 125 RESULT
TIME LEFT 0 5 RIGHT 0 5
MOVE A17 39
MOVE A20 17
END TURN 125
TURN 126
COMMAND LEFT START
COMMAND LEFT END
COMMAND RIGHT START
COMMAND RIGHT END
TURN 126 RESULT
TIME LEFT 0 5 RIGHT 0 5
MOVE A17 50
MOVE A20 29
END TURN 126
TURN 127
COMMAND LEFT START
COMMAND LEFT END
COMMAND RIGHT START
COMMAND RIGHT END
TURN 127 RESULT
TIME LEFT 0 5 RIGHT 0 5
MOVE A20 37
END TURN 127
TURN 128
COMMAND LEFT START
COMMAND LEFT END
COMMAND RIGHT START
COMMAND RIGHT END
TURN 128 RESULT
TIME LEFT 0 5 RIGHT 0 5
MOVE A20 45
END TURN 128
TURN 129
COMMAND LEFT START
MOVE A19 100
UPGRADE 0
COMMAND LEFT END
COMMAND RIGHT START
COMMAND RIGHT END
TURN 129 RESULT
TIME LEFT 0 5 RIGHT 0 5
UPGRADE A 0
MOVE A19 5
END TURN 129
TURN 130
COMMAND LEFT START
COMMAND LEFT END
COMMAND RIGHT START
COMMAND RIGHT END
TURN 130 RESULT
TIME LEFT 0 5 RIGHT 0 5
MOVE A19 16
END TURN 130
TURN 131
COMMAND LEFT START
COMMAND LEFT END
COMMAND RIGHT START
TRAIN 1
COMMAND RIGHT END
TURN 131 RESULT
TIME LEFT 0 5 RIGHT 0 5
TRAIN B14
MOVE A19 25
END TURN 131
TURN 132
COMMAND LEFT START
UPGRADE 35
COMMAND LEFT END
COMMAND RIGHT START
COMMAND RIGHT END
TURN 132 RESULT
TIME LEFT 0 5 RIGHT 0 5
UPGRADE A 35
MOVE A19 43
END TURN 132
TURN 133
COMMAND LEFT START
COMMAND LEFT END
COMMAND RIGHT START
COMMAND RIGHT END
TURN 133 RESULT
TIME LEFT 0 5 RIGHT 0 5
MOVE A19 52
END TURN 133
TURN 134
COMMAND LEFT START
UPGRADE 50
COMMAND LEFT END
COMMAND RIGHT START
COMMAND RIGHT END
TURN 134 RESULT
TIME LEFT 0 5 RIGHT 0 5
UPGRADE A 50
MOVE A19 70
END TURN 134
TURN 135
COMMAND LEFT START
COMMAND LEFT END
COMMAND RIGHT START
COMMAND RIGHT END
TURN 135 RESULT
TIME LEFT 0 5 RIGHT 0 5
MOVE A19 79
END TURN 135
TURN 136
COMMAND LEFT START
UPGRADE 45
COMMAND LEFT END
COMMAND RIGHT START
COMMAND RIGHT END
TURN 136 RESULT
TIME LEFT 0 5 RIGHT 0 5
UPGRADE A 45
MOVE A19 88
END TURN 136
TURN 137
COMMAND LEFT START
COMMAND LEFT END
COMMAND RIGHT START
COMMAND RIGHT END
TURN 137 RESULT
TIME LEFT 0 5 RIGHT 0 5
MOVE A19 100
END TURN 137
TURN 138
COMMAND LEFT START
UPGRADE 35
COMMAND LEFT END
COMMAND RIGHT START
COMMAND RIGHT END
TURN 138 RESULT
TIME LEFT 0 5 RIGHT 0 5
UPGRADE A 35
END TURN 138
TURN 139
COMMAND LEFT START
MOVE A2 35
COMMAND LEFT END
COMMAND RIGHT START
UPGRADE 200
COMMAND RIGHT END
TURN 139 RESULT
TIME LEFT 0 5 RIGHT 0 5
UPGRADE B 200
MOVE A2 88
END TURN 139
TURN 140
COMMAND LEFT START
COMMAND LEFT END
COMMAND RIGHT START
MOVE B10 165
TRAIN 1
COMMAND RIGHT END
TURN 140 RESULT
TIME LEFT 0 5 RIGHT 0 5
TRAIN B15
MOVE A2 79
MOVE B10 195
END TURN 140
TURN 141
COMMAND LEFT START
UPGRADE 45
TRAIN 1
COMMAND LEFT END
COMMAND RIGHT START
COMMAND RIGHT END
TURN 141 RESULT
TIME LEFT 0 5 RIGHT 0 5
UPGRADE A 45
TRAIN A21
MOVE A2 70
MOVE B10 184
END TURN 141
TURN 142
COMMAND LEFT START
MOVE A13 45
COMMAND LEFT END
COMMAND RIGHT START
COMMAND RIGHT END
TURN 142 RESULT
TIME LEFT 0 5 RIGHT 0 5
MOVE A2 66
MOVE A13 2
MOVE B10 179
END TURN 142
TURN 143
COMMAND LEFT START
UPGRADE 50
COMMAND LEFT END
COMMAND RIGHT START
COMMAND RIGHT END
TURN 143 RESULT
TIME LEFT 0 5 RIGHT 0 5
UPGRADE A 50
MOVE A2 48
MOVE A13 7
MOVE B10 165
END TURN 143
TURN 144
COMMAND LEFT START
TRAIN 1
COMMAND LEFT END
COMMAND RIGHT START
MOVE B10 166
UPGRADE 165
COMMAND RIGHT END
TURN 144 RESULT
TIME LEFT 0 5 RIGHT 0 5
UPGRADE B 165
TRAIN A22
MOVE A2 35
MOVE A13 17
MOVE B10 159
END TURN 144
TURN 145
COMMAND LEFT START
MOVE A14 50
COMMAND LEFT END
COMMAND RIGHT START
TRAIN 1
COMMAND RIGHT END
TURN 145 RESULT
TIME LEFT 0 5 RIGHT 0 5
TRAIN B16
MOVE A13 29
MOVE A14 5
MOVE B10 157
END TURN 145
TURN 146
COMMAND LEFT START
UPGRADE 35
COMMAND LEFT END
COMMAND RIGHT START
MOVE B16 165
COMMAND RIGHT END
TURN 146 RESULT
TIME LEFT 0 5 RIGHT 0 5
UPGRADE A 35
MOVE A13 37
MOVE A14 8
MOVE B10 166
MOVE B16 195
END TURN 146
TURN 147
COMMAND LEFT START
TRAIN 1
COMMAND LEFT END
COMMAND RIGHT START
COMMAND RIGHT END
TURN 147 RESULT
TIME LEFT 0 5 RIGHT 0 5
TRAIN A23
MOVE A13 45
MOVE A14 12
MOVE B16 184
END TURN 147
TURN 148
COMMAND LEFT START
MOVE A15 35
COMMAND LEFT END
COMMAND RIGHT START
COMMAND RIGHT END
TURN 148 RESULT
TIME LEFT 0 5 RIGHT 0 5
MOVE A14 26
MOVE A15 5
MOVE B16 179
END TURN 148
TURN 149
COMMAND LEFT START
UPGRADE 45
COMMAND LEFT END
COMMAND RIGHT START
COMMAND RIGHT END
TURN 149 RESULT
TIME LEFT 0 5 RIGHT 0 5
UPGRADE A 45
MOVE A14 39
MOVE A15 16
MOVE B16 165
END TURN 149
TURN 150
COMMAND LEFT START
TRAIN 1
COMMAND LEFT END
COMMAND RIGHT START
UPGRADE 165
COMMAND RIGHT END
TURN 150 RESULT
TIME LEFT 0 5 RIGHT 0 5
UPGRADE B 165
TRAIN A24
MOVE A14 50
MOVE A15 21
END TURN 150
TURN 151
COMMAND LEFT START
MOVE A16 45
COMMAND LEFT END
COMMAND RIGHT START
MOVE B10 165
UPGRADE 165
COMMAND RIGHT END
TURN 151 RESULT
TIME LEFT 0 5 RIGHT 0 5
UPGRADE B 165
MOVE A15 35
MOVE A16 2
MOVE B10 157
END TURN 151
TURN 152
COMMAND LEFT START
UPGRADE 50
TRAIN 1
COMMAND LEFT END
COMMAND RIGHT START
MOVE B12 150
TRAIN 2
COMMAND RIGHT END
TURN 152 RESULT
TIME LEFT 0 5 RIGHT 0 5
UPGRADE A 50
TRAIN A25 B17 B18
MOVE A16 7
MOVE B10 159
MOVE B12 195
END TURN 152
TURN 153
COMMAND LEFT START
MOVE A21 50
COMMAND LEFT END
COMMAND RIGHT START
MOVE B18 165
COMMAND RIGHT END
TURN 153 RESULT
TIME LEFT 0 5 RIGHT 0 5
MOVE A16 17
MOVE A21 5
MOVE B10 165
MOVE B12 192
MOVE B18 195
END TURN 153
TURN 154
COMMAND LEFT START
TRAIN 1
COMMAND LEFT END
COMMAND RIGHT START
COMMAND RIGHT END
TURN 154 RESULT
TIME LEFT 0 5 RIGHT 0 5
TRAIN A26
MOVE A16 29
MOVE A21 8
MOVE B12 188
MOVE B18 184
END TURN 154
TURN 155
COMMAND LEFT START
MOVE A26 100
TRAIN 2
COMMAND LEFT END
COMMAND RIGHT START
COMMAND RIGHT END
TURN 155 RESULT
TIME LEFT 0 5 RIGHT 0 5
TRAIN A27 A28
MOVE A16 37
MOVE A21 12
MOVE A26 5
MOVE B12 174
MOVE B18 179
END TURN 155
TURN 156
COMMAND LEFT START
MOVE A28 102
MOVE A27 100
COMMAND LEFT END
COMMAND RIGHT START
COMMAND RIGHT END
TURN 156 RESULT
TIME LEFT 0 5 RIGHT 0 5
MOVE A16 45
MOVE A21 26
MOVE A26 16
MOVE A27 5
MOVE A28 5
MOVE B12 161
MOVE B18 165
END TURN 156
TURN 157
COMMAND LEFT START
TRAIN 2
COMMAND LEFT END
COMMAND RIGHT START
COMMAND RIGHT END
TURN 157 RESULT
TIME LEFT 0 5 RIGHT 0 5
TRAIN A29 A30
MOVE A21 39
MOVE A26 25
MOVE A27 16
MOVE A28 16
MOVE B12 150
END TURN 157
TURN 158
COMMAND LEFT START
MOVE A30 98
MOVE A29 100
TRAIN 2
COMMAND LEFT END
COMMAND RIGHT START
MOVE B12 165
UPGRADE 150
COMMAND RIGHT END
TURN 158 RESULT
TIME LEFT 0 5 RIGHT 0 5
UPGRADE B 150
TRAIN A31 A32
MOVE A21 50
MOVE A26 43
MOVE A27 25
MOVE A28 25
MOVE A29 5
MOVE A30 5
MOVE B12 161
END TURN 158
TURN 159
COMMAND LEFT START
MOVE A32 110
MOVE A31 100
TRAIN 2
COMMAND LEFT END
COMMAND RIGHT START
TRAIN 1
COMMAND RIGHT END
TURN 159 RESULT
TIME LEFT 0 5 RIGHT 0 5
TRAIN A33 A34 B19
MOVE A26 52
MOVE A27 43
MOVE A28 41
MOVE A29 16
MOVE A30 11
MOVE A31 5
MOVE A32 5
MOVE B12 167
END TURN 159
TURN 160
COMMAND LEFT START
MOVE A34 90
MOVE A33 100
TRAIN 2
COMMAND LEFT END
COMMAND RIGHT START
MOVE B19 150
COMMAND RIGHT END
TURN 160 RESULT
TIME LEFT 0 5 RIGHT 0 5
TRAIN A35 A36
MOVE A26 70
MOVE A27 52
MOVE A28 66
MOVE A29 25
MOVE A30 19
MOVE A31 16
MOVE A32 16
MOVE A33 5
MOVE A34 2
MOVE B12 165
MOVE B19 195
END TURN 160
TURN 161
COMMAND LEFT START
MOVE A36 155
MOVE A35 100
TRAIN 2
COMMAND LEFT END
COMMAND RIGHT START
COMMAND RIGHT END
TURN 161 RESULT
TIME LEFT 0 5 RIGHT 0 5
TRAIN A37 A38
MOVE A26 79
MOVE A27 70
MOVE A28 77
MOVE A29 43
MOVE A30 31
MOVE A31 25
MOVE A32 25
MOVE A33 16
MOVE A34 20
MOVE A35 5
MOVE A36 5
MOVE B19 192
END TURN 161
TURN 162
COMMAND LEFT START
COMMAND LEFT END
COMMAND RIGHT START
COMMAND RIGHT END
TURN 162 RESULT
TIME LEFT 0 5 RIGHT 0 5
MOVE A26 88
MOVE A27 79
MOVE A28 89
MOVE A29 52
MOVE A30 36
MOVE A31 43
MOVE A32 41
MOVE A33 25
MOVE A34 28
MOVE A35 16
MOVE A36 16
MOVE B19 188
END TURN 162
TURN 163
COMMAND LEFT START
COMMAND LEFT END
COMMAND RIGHT START
COMMAND RIGHT END
TURN 163 RESULT
TIME LEFT 0 5 RIGHT 0 5
MOVE A26 100
MOVE A27 88
MOVE A28 102
MOVE A29 70
MOVE A30 58
MOVE A31 52
MOVE A32 48
MOVE A33 43
MOVE A34 38
MOVE A35 25
MOVE A36 25
MOVE B19 174
END TURN 163
TURN 164
COMMAND LEFT START
COMMAND LEFT END
COMMAND RIGHT START
COMMAND RIGHT END
TURN 164 RESULT
TIME LEFT 0 5 RIGHT 0 5
MOVE A27 100
MOVE A29 79
MOVE A30 73
MOVE A31 70
MOVE A32 54
MOVE A33 52
MOVE A34 47
MOVE A35 43
MOVE A36 41
MOVE B19 161
END TURN 164
TURN 165
COMMAND LEFT START
COMMAND LEFT END
COMMAND RIGHT START
COMMAND RIGHT END
TURN 165 RESULT
TIME LEFT 0 5 RIGHT 0 5
MOVE A29 88
MOVE A30 84
MOVE A31 79
MOVE A32 78
MOVE A33 70
MOVE A34 56
MOVE A35 52
MOVE A36 66
MOVE B19 150
END TURN 165
TURN 166
COMMAND LEFT START
COMMAND LEFT END
COMMAND RIGHT START
UPGRADE 150
COMMAND RIGHT END
TURN 166 RESULT
TIME LEFT 0 5 RIGHT 0 5
UPGRADE B 150
MOVE A29 100
MOVE A30 98
MOVE A31 88
MOVE A32 85
MOVE A33 79
MOVE A34 71
MOVE A35 70
MOVE A36 77
END TURN 166
TURN 167
COMMAND LEFT START
MOVE A38 100
UPGRADE 0
COMMAND LEFT END
COMMAND RIGHT START
MOVE B18 150
UPGRADE 150
COMMAND RIGHT END
TURN 167 RESULT
TIME LEFT 0 5 RIGHT 0 5
UPGRADE A 0
UPGRADE B 150
MOVE A31 100
MOVE A32 110
MOVE A33 88
MOVE A34 82
MOVE A35 79
MOVE A36 89
MOVE A38 5
MOVE B18 167
END TURN 167
TURN 168
COMMAND LEFT START
COMMAND LEFT END
COMMAND RIGHT START
MOVE B13 155
TRAIN 2
COMMAND RIGHT END
TURN 168 RESULT
TIME LEFT 0 5 RIGHT 0 5
TRAIN B20 B21
MOVE A33 100
MOVE A34 90
MOVE A35 88
MOVE A36 109
MOVE A38 16
MOVE B13 198
MOVE B18 161
END TURN 168
TURN 169
COMMAND LEFT START
UPGRADE 102
COMMAND LEFT END
COMMAND RIGHT START
MOVE B21 150
COMMAND RIGHT END
TURN 169 RESULT
TIME LEFT 0 5 RIGHT 0 5
UPGRADE A 102
MOVE A35 100
MOVE A36 129
MOVE A38 25
MOVE B13 193
MOVE B18 150
MOVE B21 195
END TURN 169
TURN 170
COMMAND LEFT START
COMMAND LEFT END
COMMAND RIGHT START
COMMAND RIGHT END
TURN 170 RESULT
TIME LEFT 0 5 RIGHT 0 5
MOVE A36 145
MOVE A38 43
MOVE B13 183
MOVE B21 192
END TURN 170
TURN 171
COMMAND LEFT START
UPGRADE 98
COMMAND LEFT END
COMMAND RIGHT START
COMMAND RIGHT END
TURN 171 RESULT
TIME LEFT 0 5 RIGHT 0 5
UPGRADE A 98
MOVE A36 155
MOVE A38 52
MOVE B13 171
MOVE B21 188
END TURN 171
TURN 172
COMMAND LEFT START
UPGRADE 110
COMMAND LEFT END
COMMAND RIGHT START
COMMAND RIGHT END
TURN 172 RESULT
TIME LEFT 0 5 RIGHT 1 5
UPGRADE A 110
MOVE A38 70
MOVE B13 163
MOVE B21 174
END TURN 172
TURN 173
COMMAND LEFT START
COMMAND LEFT END
COMMAND RIGHT START
COMMAND RIGHT END
TURN 173 RESULT
TIME LEFT 0 5 RIGHT 0 5
MOVE A38 79
MOVE B13 155
MOVE B21 161
DAMAGE COMBAT A36 1
DAMAGE COMBAT B13 1
END TURN 173
TURN 174
COMMAND LEFT START
UPGRADE 90
COMMAND LEFT END
COMMAND RIGHT START
MOVE B13 183
COMMAND RIGHT END
TURN 174 RESULT
TIME LEFT 0 5 RIGHT 0 5
UPGRADE A 90
MOVE A38 88
MOVE B21 150
DAMAGE COMBAT A36 1
DAMAGE COMBAT B13 1
END TURN 174
TURN 175
COMMAND LEFT START
MOVE A35 166
COMMAND LEFT END
COMMAND RIGHT START
COMMAND RIGHT END
TURN 175 RESULT
TIME LEFT 0 5 RIGHT 0 5
MOVE A35 112
MOVE A38 100
DAMAGE COMBAT A36 1
DAMAGE COMBAT B13 1
END TURN 175
TURN 176
COMMAND LEFT START
MOVE A38 165
MOVE A33 180
COMMAND LEFT END
COMMAND RIGHT START
COMMAND RIGHT END
TURN 176 RESULT
TIME LEFT 0 5 RIGHT 0 5
MOVE A33 112
MOVE A35 121
MOVE A38 112
DAMAGE COMBAT A36 1
DAMAGE COMBAT B13 1
END TURN 176
TURN 177
COMMAND LEFT START
MOVE A31 183
MOVE A29 150
COMMAND LEFT END
COMMAND RIGHT START
COMMAND RIGHT END
TURN 177 RESULT
TIME LEFT 0 5 RIGHT 0 5
MOVE A29 105
MOVE A31 112
MOVE A33 121
MOVE A35 139
MOVE A38 121
DAMAGE COMBAT A36 1
DAMAGE COMBAT B13 1
END TURN 177
TURN 178
COMMAND LEFT START
UPGRADE 90
TRAIN 2
COMMAND LEFT END
COMMAND RIGHT START
COMMAND RIGHT END
TURN 178 RESULT
TIME LEFT 0 5 RIGHT 0 5
UPGRADE A 90
TRAIN A39 A40
MOVE A29 117
MOVE A31 127
MOVE A33 139
MOVE A35 156
MOVE A38 130
DAMAGE COMBAT A36 1
DAMAGE COMBAT B13 1
END TURN 178
TURN 179
COMMAND LEFT START
MOVE A8 90
MOVE A40 100
MOVE A39 100
UPGRADE 155
UPGRADE 98
COMMAND LEFT END
COMMAND RIGHT START
TRAIN 1
COMMAND RIGHT END
TURN 179 RESULT
TIME LEFT 0 5 RIGHT 0 5
UPGRADE A 98
UPGRADE A 155
TRAIN B22
MOVE A8 96
MOVE A29 123
MOVE A31 138
MOVE A33 156
MOVE A35 166
MOVE A38 134
MOVE A39 5
MOVE A40 5
DAMAGE TURRET A35 2
DAMAGE COMBAT A35 3
DAMAGE COMBAT B5 1
END TURN 179
TURN 180
COMMAND LEFT START
MOVE A12 98
UPGRADE 102
COMMAND LEFT END
COMMAND RIGHT START
TRAIN 1
COMMAND RIGHT END
TURN 180 RESULT
TIME LEFT 0 5 RIGHT 1 5
UPGRADE A 102
TRAIN B23
MOVE A8 98
MOVE A12 96
MOVE A29 146
MOVE A31 153
MOVE A33 169
MOVE A38 152
MOVE A39 16
MOVE A40 16
DAMAGE TURRET A35 2
DAMAGE COMBAT B5 1
END TURN 180
TURN 181
COMMAND LEFT START
COMMAND LEFT END
COMMAND RIGHT START
MOVE B14 155
COMMAND RIGHT END
TURN 181 RESULT
TIME LEFT 0 5 RIGHT 0 5
MOVE A8 91
MOVE A12 98
MOVE A29 149
MOVE A31 171
MOVE A33 180
MOVE A38 165
MOVE A39 25
MOVE A40 25
MOVE B14 198
DAMAGE TURRET A33 2
DAMAGE TURRET A38 2
DAMAGE COMBAT A33 3
DAMAGE COMBAT A38 3
DAMAGE COMBAT B2 1
DAMAGE COMBAT B10 1
END TURN 181
TURN 182
COMMAND LEFT START
TRAIN 1
COMMAND LEFT END
COMMAND RIGHT START
MOVE B1 140
COMMAND RIGHT END
TURN 182 RESULT
TIME LEFT 0 5 RIGHT 0 5
TRAIN A41
MOVE A8 90
MOVE A29 150
MOVE A31 183
MOVE A39 43
MOVE A40 43
MOVE B1 199
MOVE B14 193
DAMAGE TURRET A29 2
DAMAGE TURRET A31 2
DAMAGE TURRET A33 2
DAMAGE TURRET A38 2
DAMAGE COMBAT A29 3
DAMAGE COMBAT A31 3
DAMAGE COMBAT B2 1
DAMAGE COMBAT B7 1
DAMAGE COMBAT B10 1
DAMAGE COMBAT B18 1
END TURN 182
TURN 183
COMMAND LEFT START
MOVE A22 102
UPGRADE 110
COMMAND LEFT END
COMMAND RIGHT START
COMMAND RIGHT END
TURN 183 RESULT
TIME LEFT 0 5 RIGHT 0 5
UPGRADE A 110
MOVE A22 5
MOVE A39 52
MOVE A40 52
MOVE B1 190
MOVE B14 183
DAMAGE TURRET A29 2
DAMAGE TURRET A31 2
DAMAGE COMBAT B7 1
DAMAGE COMBAT B18 1
END TURN 183
TURN 184
COMMAND LEFT START
TRAIN 1
COMMAND LEFT END
COMMAND RIGHT START
COMMAND RIGHT END
TURN 184 RESULT
TIME LEFT 0 5 RIGHT 0 5
TRAIN A42
MOVE A22 16
MOVE A39 70
MOVE A40 70
MOVE B1 186
MOVE B14 171
END TURN 184
TURN 185
COMMAND LEFT START
MOVE A23 110
UPGRADE 155
COMMAND LEFT END
COMMAND RIGHT START
TRAIN 1
COMMAND RIGHT END
TURN 185 RESULT
TIME LEFT 0 5 RIGHT 0 5
UPGRADE A 155
TRAIN B24
MOVE A22 25
MOVE A23 5
MOVE A39 79
MOVE A40 79
MOVE B1 178
MOVE B14 163
END TURN 185
TURN 186
COMMAND LEFT START
TRAIN 1
COMMAND LEFT END
COMMAND RIGHT START
MOVE B24 98
COMMAND RIGHT END
TURN 186 RESULT
TIME LEFT 0 5 RIGHT 0 5
TRAIN A43
MOVE A22 41
MOVE A23 16
MOVE A39 88
MOVE A40 88
MOVE B1 151
MOVE B14 155
MOVE B24 195
DAMAGE TURRET B14 1
DAMAGE COMBAT A36 1
DAMAGE COMBAT B14 1
END TURN 186
TURN 187
COMMAND LEFT START
MOVE A43 100
TRAIN 2
COMMAND LEFT END
COMMAND RIGHT START
MOVE B14 183
COMMAND RIGHT END
TURN 187 RESULT
TIME LEFT 0 5 RIGHT 0 5
TRAIN A44 A45
MOVE A22 66
MOVE A23 25
MOVE A39 100
MOVE A40 100
MOVE A43 5
MOVE B1 140
MOVE B14 163
MOVE B24 184
END TURN 187
TURN 188
COMMAND LEFT START
MOVE A19 155
MOVE A26 155
MOVE A45 166
MOVE A44 100
UPGRADE 90
COMMAND LEFT END
COMMAND RIGHT START
COMMAND RIGHT END
TURN 188 RESULT
TIME LEFT 0 5 RIGHT 0 5
UPGRADE A 90
MOVE A19 112
MOVE A22 77
MOVE A23 41
MOVE A26 112
MOVE A43 16
MOVE A44 5
MOVE A45 5
MOVE B14 171
MOVE B24 175
END TURN 188
TURN 189
COMMAND LEFT START
MOVE A27 155
TRAIN 1
COMMAND LEFT END
COMMAND RIGHT START
COMMAND RIGHT END
TURN 189 RESULT
TIME LEFT 0 5 RIGHT 0 5
TRAIN A46
MOVE A19 116
MOVE A22 89
MOVE A23 48
MOVE A26 116
MOVE A27 112
MOVE A43 25
MOVE A44 16
MOVE A45 16
MOVE B14 183
MOVE B24 159
END TURN 189
TURN 190
COMMAND LEFT START
MOVE A24 155
TRAIN 1
COMMAND LEFT END
COMMAND RIGHT START
COMMAND RIGHT END
TURN 190 RESULT
TIME LEFT 0 5 RIGHT 0 5
TRAIN A47
MOVE A19 126
MOVE A22 102
MOVE A23 54
MOVE A24 5
MOVE A26 126
MOVE A27 116
MOVE A43 43
MOVE A44 25
MOVE A45 25
MOVE B24 134
END TURN 190
TURN 191
COMMAND LEFT START
MOVE A25 155
TRAIN 1
COMMAND LEFT END
COMMAND RIGHT START
COMMAND RIGHT END
TURN 191 RESULT
TIME LEFT 0 5 RIGHT 0 5
TRAIN A48
MOVE A19 129
MOVE A23 78
MOVE A24 16
MOVE A25 5
MOVE A26 129
MOVE A27 126
MOVE A43 52
MOVE A44 43
MOVE A45 43
MOVE B24 123
END TURN 191
TURN 192
COMMAND LEFT START
MOVE A37 155
TRAIN 1
COMMAND LEFT END
COMMAND RIGHT START
MOVE B7 90
COMMAND RIGHT END
TURN 192 RESULT
TIME LEFT 0 5 RIGHT 0 5
TRAIN A49
MOVE A19 145
MOVE A23 85
MOVE A24 25
MOVE A25 16
MOVE A26 145
MOVE A27 129
MOVE A37 5
MOVE A43 70
MOVE A44 52
MOVE A45 52
MOVE B7 172
MOVE B24 111
END TURN 192
TURN 193
COMMAND LEFT START
MOVE A41 155
TRAIN 1
COMMAND LEFT END
COMMAND RIGHT START
MOVE B10 150
TRAIN 1
COMMAND RIGHT END
TURN 193 RESULT
TIME LEFT 0 5 RIGHT 0 5
TRAIN A50 B25
MOVE A19 155
MOVE A23 110
MOVE A24 41
MOVE A25 25
MOVE A26 155
MOVE A27 145
MOVE A37 16
MOVE A41 5
MOVE A43 79
MOVE A44 70
MOVE A45 70
MOVE B7 164
MOVE B10 167
MOVE B24 98
DAMAGE TURRET B24 1
DAMAGE COMBAT A12 1
DAMAGE COMBAT B24 2
END TURN 193
TURN 194
COMMAND LEFT START
MOVE A42 90
UPGRADE 102
TRAIN 3
COMMAND LEFT END
COMMAND RIGHT START
MOVE B25 165
MOVE B24 150
COMMAND RIGHT END
TURN 194 RESULT
TIME LEFT 0 5 RIGHT 1 5
UPGRADE A 102
TRAIN A51 A52 A53
MOVE A24 66
MOVE A25 41
MOVE A27 155
MOVE A37 25
MOVE A41 16
MOVE A42 2
MOVE A43 88
MOVE A44 79
MOVE A45 79
MOVE B7 156
MOVE B10 161
MOVE B25 195
DAMAGE TURRET B24 1
DAMAGE COMBAT A12 1
DAMAGE COMBAT B24 2
END TURN 194
TURN 195
COMMAND LEFT START
MOVE A19 102
MOVE A53 100
MOVE A52 100
MOVE A51 100
UPGRADE 110
TRAIN 3
COMMAND LEFT END
COMMAND RIGHT START
COMMAND RIGHT END
TURN 195 RESULT
TIME LEFT 0 5 RIGHT 0 5
UPGRADE A 110
TRAIN A54 A55 A56
MOVE A19 145
MOVE A24 77
MOVE A25 66
MOVE A37 41
MOVE A41 25
MOVE A42 20
MOVE A43 100
MOVE A44 88
MOVE A45 88
MOVE A51 5
MOVE A52 5
MOVE A53 5
MOVE B7 148
MOVE B10 150
MOVE B25 184
DAMAGE TURRET B24 1
DAMAGE COMBAT A12 1
DAMAGE COMBAT B24 1
END TURN 195
TURN 196
COMMAND LEFT START
MOVE A46 110
MOVE A56 100
MOVE A55 100
UPGRADE 98
TRAIN 2
COMMAND LEFT END
COMMAND RIGHT START
COMMAND RIGHT END
TURN 196 RESULT
TIME LEFT 0 5 RIGHT 1 5
UPGRADE A 98
TRAIN A57 A58
MOVE A19 129
MOVE A24 89
MOVE A25 77
MOVE A37 66
MOVE A41 41
MOVE A42 28
MOVE A44 100
MOVE A45 100
MOVE A46 5
MOVE A51 16
MOVE A52 16
MOVE A53 16
MOVE A55 5
MOVE A56 5
MOVE B7 134
MOVE B25 179
END TURN 196
TURN 197
COMMAND LEFT START
MOVE A39 98
MOVE A58 100
MOVE A57 100
UPGRADE 155
COMMAND LEFT END
COMMAND RIGHT START
MOVE B2 150
TRAIN 1
COMMAND RIGHT END
TURN 197 RESULT
TIME LEFT 0 5 RIGHT 1 5
UPGRADE A 155
TRAIN B26
MOVE A19 119
MOVE A24 109
MOVE A25 89
MOVE A37 77
MOVE A39 96
MOVE A41 66
MOVE A42 38
MOVE A45 112
MOVE A46 16
MOVE A51 25
MOVE A52 25
MOVE A53 25
MOVE A55 16
MOVE A56 16
MOVE A57 5
MOVE A58 5
MOVE B2 189
MOVE B7 123
MOVE B25 165
END TURN 197
TURN 198
COMMAND LEFT START
TRAIN 2
COMMAND LEFT END
COMMAND RIGHT START
MOVE B26 180
COMMAND RIGHT END
TURN 198 RESULT
TIME LEFT 0 5 RIGHT 1 5
TRAIN A59 A60
MOVE A19 102
MOVE A24 129
MOVE A25 109
MOVE A37 89
MOVE A39 98
MOVE A41 77
MOVE A42 47
MOVE A45 121
MOVE A46 25
MOVE A51 43
MOVE A52 43
MOVE A53 43
MOVE A55 25
MOVE A56 25
MOVE A57 16
MOVE A58 16
MOVE B2 184
MOVE B7 122
MOVE B26 198
END TURN 198
TURN 199
COMMAND LEFT START
MOVE A60 100
MOVE A59 100
TRAIN 3
COMMAND LEFT END
COMMAND RIGHT START
COMMAND RIGHT END
TURN 199 RESULT
TIME LEFT 0 5 RIGHT 1 5
TRAIN A61 A62 A63
MOVE A24 145
MOVE A25 129
MOVE A37 109
MOVE A41 89
MOVE A42 56
MOVE A45 139
MOVE A46 41
MOVE A51 52
MOVE A52 52
MOVE A53 52
MOVE A55 43
MOVE A56 43
MOVE A57 25
MOVE A58 25
MOVE A59 5
MOVE A60 5
MOVE B2 179
MOVE B7 115
MOVE B26 180
END TURN 199
TURN 200
COMMAND LEFT START
MOVE A63 165
MOVE A62 100
MOVE A61 100
TRAIN 1
COMMAND LEFT END
COMMAND RIGHT START
MOVE B10 165
MOVE B18 165
MOVE B19 165
MOVE B21 165
TRAIN 2
COMMAND RIGHT END
TURN 200 RESULT
TIME LEFT 0 5 RIGHT 1 5
TRAIN A64 B27 B28
MOVE A24 155
MOVE A25 145
MOVE A37 129
MOVE A41 109
MOVE A42 71
MOVE A45 156
MOVE A46 48
MOVE A51 70
MOVE A52 70
MOVE A53 70
MOVE A55 52
MOVE A56 52
MOVE A57 43
MOVE A58 43
MOVE A59 16
MOVE A60 16
MOVE A61 5
MOVE A62 5
MOVE A63 5
MOVE B2 176
MOVE B7 90
MOVE B10 161
MOVE B18 161
MOVE B19 161
MOVE B21 161
DAMAGE TURRET B7 2
DAMAGE COMBAT A8 1
DAMAGE COMBAT B7 1
END TURN 200
TURN 201
COMMAND LEFT START
MOVE A64 100
TRAIN 3
COMMAND LEFT END
COMMAND RIGHT START
MOVE B27 166
MOVE B28 150
TRAIN 1
COMMAND RIGHT END
TURN 201 RESULT
TIME LEFT 0 5 RIGHT 1 5
TRAIN A65 A66 A67 B29
MOVE A25 155
MOVE A37 145
MOVE A41 129
MOVE A42 82
MOVE A45 166
MOVE A46 54
MOVE A51 79
MOVE A52 79
MOVE A53 79
MOVE A55 70
MOVE A56 70
MOVE A57 52
MOVE A58 52
MOVE A59 25
MOVE A60 25
MOVE A61 16
MOVE A62 16
MOVE A63 11
MOVE A64 5
MOVE B2 167
MOVE B10 167
MOVE B18 167
MOVE B19 167
MOVE B21 167
MOVE B27 195
MOVE B28 195
DAMAGE TURRET A45 2
DAMAGE COMBAT A45 3
DAMAGE COMBAT B5 1
END TURN 201
TURN 202
COMMAND LEFT START
MOVE A67 100
MOVE A66 100
MOVE A65 100
MOVE A27 100
TRAIN 3
COMMAND LEFT END
COMMAND RIGHT START
MOVE B29 166
MOVE B9 166
TRAIN 2
COMMAND RIGHT END
TURN 202 RESULT
TIME LEFT 0 5 RIGHT 1 5
TRAIN A68 A69 A70 B30 B31
MOVE A27 145
MOVE A37 155
MOVE A41 145
MOVE A42 90
MOVE A46 78
MOVE A51 88
MOVE A52 88
MOVE A53 88
MOVE A55 79
MOVE A56 79
MOVE A57 70
MOVE A58 70
MOVE A59 43
MOVE A60 43
MOVE A61 25
MOVE A62 25
MOVE A63 19
MOVE A64 16
MOVE A65 5
MOVE A66 5
MOVE A67 5
MOVE B2 161
MOVE B9 172
MOVE B10 165
MOVE B18 165
MOVE B19 165
MOVE B21 165
MOVE B27 189
MOVE B28 192
MOVE B29 195
DAMAGE TURRET A45 2
DAMAGE COMBAT A45 1
DAMAGE COMBAT B5 1
END TURN 202
TURN 203
COMMAND LEFT START
MOVE A37 100
MOVE A70 100
MOVE A69 100
MOVE A68 100
TRAIN 3
COMMAND LEFT END
COMMAND RIGHT START
MOVE B30 183
MOVE B10 150
MOVE B12 150
MOVE B18 150
MOVE B31 150
COMMAND RIGHT END
TURN 203 RESULT
TIME LEFT 0 5 RIGHT 2 5
TRAIN A71 A72 A73
MOVE A27 129
MOVE A37 145
MOVE A41 155
MOVE A46 85
MOVE A51 100
MOVE A52 100
MOVE A53 100
MOVE A55 88
MOVE A56 88
MOVE A57 79
MOVE A58 79
MOVE A59 52
MOVE A60 52
MOVE A61 43
MOVE A62 43
MOVE A63 31
MOVE A64 25
MOVE A65 16
MOVE A66 16
MOVE A67 16
MOVE A68 5
MOVE A69 5
MOVE A70 5
MOVE B2 150
MOVE B9 169
MOVE B10 167
MOVE B12 167
MOVE B18 167
MOVE B27 166
MOVE B28 188
MOVE B29 189
MOVE B30 198
MOVE B31 195
END TURN 203
TURN 204
COMMAND LEFT START
MOVE A41 100
MOVE A73 100
MOVE A72 100
MOVE A71 100
TRAIN 3
COMMAND LEFT END
COMMAND RIGHT START
COMMAND RIGHT END
TURN 204 RESULT
TIME LEFT 0 5 RIGHT 1 5
TRAIN A74 A75 A76
MOVE A27 126
MOVE A37 129
MOVE A41 145
MOVE A46 110
MOVE A55 100
MOVE A56 100
MOVE A57 88
MOVE A58 88
MOVE A59 70
MOVE A60 70
MOVE A61 52
MOVE A62 52
MOVE A63 36
MOVE A64 43
MOVE A65 25
MOVE A66 25
MOVE A67 25
MOVE A68 16
MOVE A69 16
MOVE A70 16
MOVE A71 5
MOVE A72 5
MOVE A73 5
MOVE B9 166
MOVE B10 161
MOVE B12 161
MOVE B18 161
MOVE B28 174
MOVE B29 166
MOVE B30 193
MOVE B31 192
END TURN 204
TURN 205
COMMAND LEFT START
MOVE A76 100
MOVE A75 100
MOVE A74 100
TRAIN 3
COMMAND LEFT END
COMMAND RIGHT START
COMMAND RIGHT END
TURN 205 RESULT
TIME LEFT 0 5 RIGHT 1 5
TRAIN A77 A78 A79
MOVE A27 116
MOVE A37 126
MOVE A41 129
MOVE A57 100
MOVE A58 100
MOVE A59 79
MOVE A60 79
MOVE A61 70
MOVE A62 70
MOVE A63 58
MOVE A64 52
MOVE A65 43
MOVE A66 43
MOVE A67 43
MOVE A68 25
MOVE A69 25
MOVE A70 25
MOVE A71 16
MOVE A72 16
MOVE A73 16
MOVE A74 5
MOVE A75 5
MOVE A76 5
MOVE B10 150
MOVE B12 150
MOVE B18 150
MOVE B28 161
MOVE B30 183
MOVE B31 188
END TURN 205
TURN 206
COMMAND LEFT START
MOVE A79 100
MOVE A78 100
MOVE A77 100
TRAIN 3
COMMAND LEFT END
COMMAND RIGHT START
COMMAND RIGHT END
TURN 206 RESULT
TIME LEFT 0 5 RIGHT 1 5
TRAIN A80 A81 A82
MOVE A27 112
MOVE A37 116
MOVE A41 126
MOVE A59 88
MOVE A60 88
MOVE A61 79
MOVE A62 79
MOVE A63 73
MOVE A64 70
MOVE A65 52
MOVE A66 52
MOVE A67 52
MOVE A68 43
MOVE A69 43
MOVE A70 43
MOVE A71 25
MOVE A72 25
MOVE A73 25
MOVE A74 16
MOVE A75 16
MOVE A76 16
MOVE A77 5
MOVE A78 5
MOVE A79 5
MOVE B28 150
MOVE B31 174
END TURN 206
TURN 207
COMMAND LEFT START
MOVE A82 100
MOVE A81 100
MOVE A80 100
TRAIN 3
COMMAND LEFT END
COMMAND RIGHT START
COMMAND RIGHT END
TURN 207 RESULT
TIME LEFT 0 5 RIGHT 2 5
TRAIN A83 A84 A85
MOVE A27 100
MOVE A37 112
MOVE A41 116
MOVE A59 100
MOVE A60 100
MOVE A61 88
MOVE A62 88
MOVE A63 84
MOVE A64 79
MOVE A65 70
MOVE A66 70
MOVE A67 70
MOVE A68 52
MOVE A69 52
MOVE A70 52
MOVE A71 43
MOVE A72 43
MOVE A73 43
MOVE A74 25
MOVE A75 25
MOVE A76 25
MOVE A77 16
MOVE A78 16
MOVE A79 16
MOVE A80 5
MOVE A81 5
MOVE A82 5
MOVE B31 161
END TURN 207
TURN 208
COMMAND LEFT START
MOVE A85 100
MOVE A84 100
MOVE A83 100
TRAIN 3
COMMAND LEFT END
COMMAND RIGHT START
COMMAND RIGHT END
TURN 208 RESULT
TIME LEFT 0 5 RIGHT 2 5
TRAIN A86 A87 A88
MOVE A37 100
MOVE A41 112
MOVE A61 100
MOVE A62 100
MOVE A63 98
MOVE A64 88
MOVE A65 79
MOVE A66 79
MOVE A67 79
MOVE A68 70
MOVE A69 70
MOVE A70 70
MOVE A71 52
MOVE A72 52
MOVE A73 52
MOVE A74 43
MOVE A75 43
MOVE A76 43
MOVE A77 25
MOVE A78 25
MOVE A79 25
MOVE A80 16
MOVE A81 16
MOVE A82 16
MOVE A83 5
MOVE A84 5
MOVE A85 5
MOVE B31 150
END TURN 208
TURN 209
COMMAND LEFT START
MOVE A88 100
MOVE A87 100
MOVE A86 100
TRAIN 3
COMMAND LEFT END
COMMAND RIGHT START
MOVE B1 111
COMMAND RIGHT END
TURN 209 RESULT
TIME LEFT 0 5 RIGHT 0 5
TRAIN A89 A90 A91
MOVE A41 100
MOVE A63 111
MOVE A64 100
MOVE A65 88
MOVE A66 88
MOVE A67 88
MOVE A68 79
MOVE A69 79
MOVE A70 79
MOVE A71 70
MOVE A72 70
MOVE A73 70
MOVE A74 52
MOVE A75 52
MOVE A76 52
MOVE A77 43
MOVE A78 43
MOVE A79 43
MOVE A80 25
MOVE A81 25
MOVE A82 25
MOVE A83 16
MOVE A84 16
MOVE A85 16
MOVE A86 5
MOVE A87 5
MOVE A88 5
MOVE B1 143
END TURN 209
TURN 210
COMMAND LEFT START
MOVE A91 100
MOVE A90 100
MOVE A89 100
TRAIN 3
COMMAND LEFT END
COMMAND RIGHT START
COMMAND RIGHT END
TURN 210 RESULT
TIME LEFT 0 5 RIGHT 0 5
TRAIN A92 A93 A94
MOVE A63 123
MOVE A65 100
MOVE A66 100
MOVE A67 100
MOVE A68 88
MOVE A69 88
MOVE A70 88
MOVE A71 79
MOVE A72 79
MOVE A73 79
MOVE A74 70
MOVE A75 70
MOVE A76 70
MOVE A77 52
MOVE A78 52
MOVE A79 52
MOVE A80 43
MOVE A81 43
MOVE A82 43
MOVE A83 25
MOVE A84 25
MOVE A85 25
MOVE A86 16
MOVE A87 16
MOVE A88 16
MOVE A89 5
MOVE A90 5
MOVE A91 5
MOVE B1 133
END TURN 210
TURN 211
COMMAND LEFT START
MOVE A94 100
MOVE A93 100
MOVE A92 100
TRAIN 3
COMMAND LEFT END
COMMAND RIGHT START
COMMAND RIGHT END
TURN 211 RESULT
TIME LEFT 0 5 RIGHT 0 5
TRAIN A95 A96 A97
MOVE A63 134
MOVE A68 100
MOVE A69 100
MOVE A70 100
MOVE A71 88
MOVE A72 88
MOVE A73 88
MOVE A74 79
MOVE A75 79
MOVE A76 79
MOVE A77 70
MOVE A78 70
MOVE A79 70
MOVE A80 52
MOVE A81 52
MOVE A82 52
MOVE A83 43
MOVE A84 43
MOVE A85 43
MOVE A86 25
MOVE A87 25
MOVE A88 25
MOVE A89 16
MOVE A90 16
MOVE A91 16
MOVE A92 5
MOVE A93 5
MOVE A94 5
MOVE B1 131
END TURN 211
TURN 212
COMMAND LEFT START
MOVE A70 166
MOVE A69 166
MOVE A68 166
MOVE A67 166
MOVE A66 166
MOVE A65 166
MOVE A64 166
MOVE A62 166
MOVE A61 166
MOVE A60 166
MOVE A59 166
MOVE A58 166
MOVE A57 166
MOVE A56 166
MOVE A55 166
MOVE A53 166
MOVE A52 166
MOVE A51 166
MOVE A44 166
MOVE A43 166
MOVE A41 166
MOVE A40 166
COMMAND LEFT END
COMMAND RIGHT START
COMMAND RIGHT END
TURN 212 RESULT
TIME LEFT 0 5 RIGHT 0 5
MOVE A40 112
MOVE A41 112
MOVE A43 112
MOVE A44 112
MOVE A51 112
MOVE A52 112
MOVE A53 112
MOVE A55 112
MOVE A56 112
MOVE A57 112
MOVE A58 112
MOVE A59 112
MOVE A60 112
MOVE A61 112
MOVE A62 112
MOVE A63 152
MOVE A64 112
MOVE A65 112
MOVE A66 112
MOVE A67 112
MOVE A68 112
MOVE A69 112
MOVE A70 112
MOVE A71 100
MOVE A72 100
MOVE A73 100
MOVE A74 88
MOVE A75 88
MOVE A76 88
MOVE A77 79
MOVE A78 79
MOVE A79 79
MOVE A80 70
MOVE A81 70
MOVE A82 70
MOVE A83 52
MOVE A84 52
MOVE A85 52
MOVE A86 43
MOVE A87 43
MOVE A88 43
MOVE A89 25
MOVE A90 25
MOVE A91 25
MOVE A92 16
MOVE A93 16
MOVE A94 16
MOVE B1 122
END TURN 212
TURN 213
COMMAND LEFT START
MOVE A97 100
MOVE A96 100
MOVE A95 100
TRAIN 3
COMMAND LEFT END
COMMAND RIGHT START
COMMAND RIGHT END
TURN 213 RESULT
TIME LEFT 0 5 RIGHT 0 5
TRAIN A98 A99 A100
MOVE A40 121
MOVE A41 121
MOVE A43 121
MOVE A44 121
MOVE A51 121
MOVE A52 121
MOVE A53 121
MOVE A55 121
MOVE A56 121
MOVE A57 121
MOVE A58 121
MOVE A59 121
MOVE A60 121
MOVE A61 121
MOVE A62 121
MOVE A63 165
MOVE A64 121
MOVE A65 121
MOVE A66 121
MOVE A67 121
MOVE A68 121
MOVE A69 121
MOVE A70 121
MOVE A74 100
MOVE A75 100
MOVE A76 100
MOVE A77 88
MOVE A78 88
MOVE A79 88
MOVE A80 79
MOVE A81 79
MOVE A82 79
MOVE A83 70
MOVE A84 70
MOVE A85 70
MOVE A86 52
MOVE A87 52
MOVE A88 52
MOVE A89 43
MOVE A90 43
MOVE A91 43
MOVE A92 25
MOVE A93 25
MOVE A94 25
MOVE A95 5
MOVE A96 5
MOVE A97 5
MOVE B1 111
DAMAGE TURRET A63 2
DAMAGE COMBAT A63 4
DAMAGE COMBAT B16 1
END TURN 213
TURN 214
COMMAND LEFT START
MOVE A100 100
MOVE A99 100
MOVE A98 100
TRAIN 3
COMMAND LEFT END
COMMAND RIGHT START
MOVE B1 123
MOVE B5 200
MOVE B6 200
MOVE B8 200
MOVE B9 200
MOVE B27 200
MOVE B29 200
MOVE B16 200
MOVE B19 200
MOVE B21 200
MOVE B25 166
MOVE B2 165
MOVE B10 165
MOVE B12 165
MOVE B18 165
MOVE B28 165
MOVE B31 165
TRAIN 3
COMMAND RIGHT END
TURN 214 RESULT
TIME LEFT 0 5 RIGHT 4 5
TRAIN A101 A102 A103 B32 B33 B34
MOVE A40 139
MOVE A41 139
MOVE A43 139
MOVE A44 139
MOVE A51 139
MOVE A52 139
MOVE A53 139
MOVE A55 139
MOVE A56 139
MOVE A57 139
MOVE A58 139
MOVE A59 139
MOVE A60 139
MOVE A61 139
MOVE A62 139
MOVE A64 139
MOVE A65 139
MOVE A66 139
MOVE A67 139
MOVE A68 139
MOVE A69 139
MOVE A70 139
MOVE A77 100
MOVE A78 100
MOVE A79 100
MOVE A80 88
MOVE A81 88
MOVE A82 88
MOVE A83 79
MOVE A84 79
MOVE A85 79
MOVE A86 70
MOVE A87 70
MOVE A88 70
MOVE A89 52
MOVE A90 52
MOVE A91 52
MOVE A92 43
MOVE A93 43
MOVE A94 43
MOVE A95 16
MOVE A96 16
MOVE A97 16
MOVE A98 5
MOVE A99 5
MOVE A100 5
MOVE B1 123
MOVE B2 161
MOVE B5 189
MOVE B6 189
MOVE B8 189
MOVE B9 189
MOVE B10 161
MOVE B12 161
MOVE B18 161
MOVE B27 189
MOVE B28 161
MOVE B29 189
MOVE B31 161
DAMAGE TURRET A63 2
DAMAGE COMBAT B16 1
END TURN 214
TURN 215
COMMAND LEFT START
MOVE A79 165
MOVE A103 100
MOVE A102 100
MOVE A101 100
TRAIN 3
COMMAND LEFT END
COMMAND RIGHT START
MOVE B1 134
MOVE B3 200
MOVE B4 200
MOVE B26 200
MOVE B32 180
MOVE B33 180
MOVE B34 180
TRAIN 3
COMMAND RIGHT END
TURN 215 RESULT
TIME LEFT 0 5 RIGHT 2 5
TRAIN A104 A105 A106 B35 B36 B37
MOVE A40 156
MOVE A41 156
MOVE A43 156
MOVE A44 156
MOVE A51 156
MOVE A52 156
MOVE A53 156
MOVE A55 156
MOVE A56 156
MOVE A57 156
MOVE A58 156
MOVE A59 156
MOVE A60 156
MOVE A61 156
MOVE A62 156
MOVE A64 156
MOVE A65 156
MOVE A66 156
MOVE A67 156
MOVE A68 156
MOVE A69 156
MOVE A70 156
MOVE A79 112
MOVE A80 100
MOVE A81 100
MOVE A82 100
MOVE A83 88
MOVE A84 88
MOVE A85 88
MOVE A86 79
MOVE A87 79
MOVE A88 79
MOVE A89 70
MOVE A90 70
MOVE A91 70
MOVE A92 52
MOVE A93 52
MOVE A94 52
MOVE A95 25
MOVE A96 25
MOVE A97 25
MOVE A98 16
MOVE A99 16
MOVE A100 16
MOVE A101 5
MOVE A102 5
MOVE A103 5
MOVE B1 134
MOVE B2 167
MOVE B3 198
MOVE B4 198
MOVE B5 195
MOVE B6 195
MOVE B8 195
MOVE B9 195
MOVE B10 167
MOVE B12 167
MOVE B16 179
MOVE B18 167
MOVE B19 179
MOVE B21 179
MOVE B25 159
MOVE B26 198
MOVE B27 195
MOVE B28 167
MOVE B29 195
MOVE B31 167
MOVE B32 198
MOVE B33 198
MOVE B34 198
END TURN 215
TURN 216
COMMAND LEFT START
MOVE A82 180
MOVE A81 180
MOVE A80 180
MOVE A78 180
MOVE A77 180
MOVE A76 180
MOVE A75 180
MOVE A74 180
MOVE A73 180
MOVE A72 180
MOVE A71 180
COMMAND LEFT END
COMMAND RIGHT START
MOVE B1 137
MOVE B11 200
MOVE B14 200
MOVE B30 200
TRAIN 3
COMMAND RIGHT END
TURN 216 RESULT
TIME LEFT 0 5 RIGHT 4 5
TRAIN B38 B39 B40
MOVE A40 166
MOVE A41 166
MOVE A43 166
MOVE A44 166
MOVE A51 166
MOVE A52 166
MOVE A53 166
MOVE A55 166
MOVE A56 166
MOVE A57 166
MOVE A58 166
MOVE A59 166
MOVE A60 166
MOVE A61 166
MOVE A62 166
MOVE A64 166
MOVE A65 166
MOVE A66 166
MOVE A67 166
MOVE A68 166
MOVE A69 166
MOVE A70 166
MOVE A71 112
MOVE A72 112
MOVE A73 112
MOVE A74 112
MOVE A75 112
MOVE A76 112
MOVE A77 112
MOVE A78 112
MOVE A79 121
MOVE A80 112
MOVE A81 112
MOVE A82 112
MOVE A83 100
MOVE A84 100
MOVE A85 100
MOVE A86 88
MOVE A87 88
MOVE A88 88
MOVE A89 79
MOVE A90 79
MOVE A91 79
MOVE A92 70
MOVE A93 70
MOVE A94 70
MOVE A95 43
MOVE A96 43
MOVE A97 43
MOVE A98 25
MOVE A99 25
MOVE A100 25
MOVE A101 16
MOVE A102 16
MOVE A103 16
MOVE B1 130
MOVE B2 165
MOVE B3 200
MOVE B4 200
MOVE B5 200
MOVE B6 200
MOVE B8 200
MOVE B9 200
MOVE B10 165
MOVE B11 193
MOVE B12 165
MOVE B14 193
MOVE B16 184
MOVE B18 165
MOVE B19 184
MOVE B21 184
MOVE B25 157
MOVE B26 200
MOVE B27 200
MOVE B28 165
MOVE B29 200
MOVE B30 193
MOVE B31 165
MOVE B32 180
MOVE B33 180
MOVE B34 180
DAMAGE TURRET A40 2
SIEGE B 166 18
END TURN 216
TURN 217
COMMAND LEFT START
MOVE A40 100
MOVE A41 100
MOVE A43 100
MOVE A44 100
MOVE A51 100
MOVE A52 100
MOVE A53 100
MOVE A55 100
MOVE A56 100
MOVE A57 100
MOVE A58 100
MOVE A59 100
MOVE A60 100
MOVE A61 100
MOVE A62 100
MOVE A64 100
MOVE A65 100
MOVE A66 100
MOVE A67 100
MOVE A68 100
MOVE A69 100
MOVE A106 100
MOVE A105 100
MOVE A104 100
UPGRADE 166
TRAIN 3
COMMAND LEFT END
COMMAND RIGHT START
MOVE B2 200
MOVE B10 200
MOVE B12 200
MOVE B18 200
MOVE B28 200
MOVE B31 200
TRAIN 3
COMMAND RIGHT END
TURN 217 RESULT
TIME LEFT 0 5 RIGHT 8 5
UPGRADE A 166
TRAIN A107 A108 A109 B41 B42 B43
MOVE A40 156
MOVE A41 156
MOVE A43 156
MOVE A44 156
MOVE A51 156
MOVE A52 156
MOVE A53 156
MOVE A55 156
MOVE A56 156
MOVE A57 156
MOVE A58 156
MOVE A59 156
MOVE A60 156
MOVE A61 156
MOVE A62 156
MOVE A64 156
MOVE A65 156
MOVE A66 156
MOVE A67 156
MOVE A68 156
MOVE A69 156
MOVE A71 121
MOVE A72 121
MOVE A73 121
MOVE A74 121
MOVE A75 121
MOVE A76 121
MOVE A77 121
MOVE A78 121
MOVE A79 130
MOVE A80 121
MOVE A81 121
MOVE A82 121
MOVE A86 100
MOVE A87 100
MOVE A88 100
MOVE A89 88
MOVE A90 88
MOVE A91 88
MOVE A92 79
MOVE A93 79
MOVE A94 79
MOVE A95 52
MOVE A96 52
MOVE A97 52
MOVE A98 43
MOVE A99 43
MOVE A100 43
MOVE A101 25
MOVE A102 25
MOVE A103 25
MOVE A104 5
MOVE A105 5
MOVE A106 5
MOVE B1 121
MOVE B2 179
MOVE B10 179
MOVE B11 198
MOVE B12 179
MOVE B14 198
MOVE B16 195
MOVE B18 179
MOVE B19 195
MOVE B21 195
MOVE B25 166
MOVE B28 179
MOVE B30 198
MOVE B31 179
DAMAGE TURRET B25 1
DAMAGE COMBAT A70 1
DAMAGE COMBAT A71 1
DAMAGE COMBAT B1 4
DAMAGE COMBAT B25 1
END TURN 217
TURN 218
COMMAND LEFT START
MOVE A109 100
MOVE A108 100
MOVE A107 100
TRAIN 3
COMMAND LEFT END
COMMAND RIGHT START
MOVE B3 158
MOVE B4 183
MOVE B5 183
MOVE B6 183
MOVE B25 165
MOVE B8 165
MOVE B9 165
MOVE B26 150
MOVE B27 150
MOVE B29 150
COMMAND RIGHT END
TURN 218 RESULT
TIME LEFT 0 5 RIGHT 3 5
TRAIN A110 A111 A112
MOVE A40 139
MOVE A41 139
MOVE A43 139
MOVE A44 139
MOVE A51 139
MOVE A52 139
MOVE A53 139
MOVE A55 139
MOVE A56 139
MOVE A57 139
MOVE A58 139
MOVE A59 139
MOVE A60 139
MOVE A61 139
MOVE A62 139
MOVE A64 139
MOVE A65 139
MOVE A66 139
MOVE A67 139
MOVE A68 139
MOVE A69 139
MOVE A71 139
MOVE A72 139
MOVE A73 139
MOVE A74 139
MOVE A75 139
MOVE A76 139
MOVE A77 139
MOVE A78 139
MOVE A79 134
MOVE A80 139
MOVE A81 139
MOVE A82 139
MOVE A89 100
MOVE A90 100
MOVE A91 100
MOVE A92 88
MOVE A93 88
MOVE A94 88
MOVE A95 70
MOVE A96 70
MOVE A97 70
MOVE A98 52
MOVE A99 52
MOVE A100 52
MOVE A101 43
MOVE A102 43
MOVE A103 43
MOVE A104 16
MOVE A105 16
MOVE A106 16
MOVE A107 5
MOVE A108 5
MOVE A109 5
MOVE B2 184
MOVE B3 198
MOVE B4 198
MOVE B5 198
MOVE B6 198
MOVE B8 195
MOVE B9 195
MOVE B10 184
MOVE B11 200
MOVE B12 184
MOVE B14 200
MOVE B16 200
MOVE B18 184
MOVE B19 200
MOVE B21 200
MOVE B26 195
MOVE B27 195
MOVE B28 184
MOVE B29 195
MOVE B30 200
MOVE B31 184
DAMAGE TURRET B25 1
DAMAGE COMBAT A70 1
DAMAGE COMBAT B25 1
END TURN 218
TURN 219
COMMAND LEFT START
MOVE A91 183
MOVE A112 100
MOVE A111 100
MOVE A110 100
TRAIN 3
COMMAND LEFT END
COMMAND RIGHT START
MOVE B32 200
MOVE B33 200
MOVE B34 200
MOVE B11 180
MOVE B14 180
MOVE B16 180
COMMAND RIGHT END
TURN 219 RESULT
TIME LEFT 1 5 RIGHT 4 5
TRAIN A113 A114 A115
MOVE A40 121
MOVE A41 121
MOVE A43 121
MOVE A44 121
MOVE A51 121
MOVE A52 121
MOVE A53 121
MOVE A55 121
MOVE A56 121
MOVE A57 121
MOVE A58 121
MOVE A59 121
MOVE A60 121
MOVE A61 121
MOVE A62 121
MOVE A64 121
MOVE A65 121
MOVE A66 121
MOVE A67 121
MOVE A68 121
MOVE A69 121
MOVE A71 156
MOVE A72 156
MOVE A73 156
MOVE A74 156
MOVE A75 156
MOVE A76 156
MOVE A77 156
MOVE A78 156
MOVE A79 152
MOVE A80 156
MOVE A81 156
MOVE A82 156
MOVE A91 112
MOVE A92 100
MOVE A93 100
MOVE A94 100
MOVE A95 79
MOVE A96 79
MOVE A97 79
MOVE A98 70
MOVE A99 70
MOVE A100 70
MOVE A101 52
MOVE A102 52
MOVE A103 52
MOVE A104 25
MOVE A105 25
MOVE A106 25
MOVE A107 16
MOVE A108 16
MOVE A109 16
MOVE A110 5
MOVE A111 5
MOVE A112 5
MOVE B2 195
MOVE B3 193
MOVE B4 193
MOVE B5 193
MOVE B6 193
MOVE B8 184
MOVE B9 184
MOVE B10 195
MOVE B11 198
MOVE B12 195
MOVE B14 198
MOVE B16 198
MOVE B18 195
MOVE B26 192
MOVE B27 192
MOVE B28 195
MOVE B29 192
MOVE B31 195
MOVE B32 198
MOVE B33 198
MOVE B34 198
DAMAGE TURRET B25 1
DAMAGE COMBAT A70 1
DAMAGE COMBAT B25 1
END TURN 219
TURN 220
COMMAND LEFT START
MOVE A115 100
MOVE A114 100
MOVE A113 100
TRAIN 3
COMMAND LEFT END
COMMAND RIGHT START
TRAIN 3
COMMAND RIGHT END
TURN 220 RESULT
TIME LEFT 0 5 RIGHT 5 5
TRAIN A116 A117 A118 B44 B45 B46
MOVE A40 112
MOVE A41 112
MOVE A43 112
MOVE A44 112
MOVE A51 112
MOVE A52 112
MOVE A53 112
MOVE A55 112
MOVE A56 112
MOVE A57 112
MOVE A58 112
MOVE A59 112
MOVE A60 112
MOVE A61 112
MOVE A62 112
MOVE A64 112
MOVE A65 112
MOVE A66 112
MOVE A67 112
MOVE A68 112
MOVE A69 112
MOVE A71 169
MOVE A72 169
MOVE A73 169
MOVE A74 169
MOVE A75 169
MOVE A76 169
MOVE A77 169
MOVE A78 169
MOVE A79 165
MOVE A80 169
MOVE A81 169
MOVE A82 169
MOVE A91 127
MOVE A95 88
MOVE A96 88
MOVE A97 88
MOVE A98 79
MOVE A99 79
MOVE A100 79
MOVE A101 70
MOVE A102 70
MOVE A103 70
MOVE A104 43
MOVE A105 43
MOVE A106 43
MOVE A107 25
MOVE A108 25
MOVE A109 25
MOVE A110 16
MOVE A111 16
MOVE A112 16
MOVE A113 5
MOVE A114 5
MOVE A115 5
MOVE B2 200
MOVE B3 183
MOVE B4 183
MOVE B5 183
MOVE B6 183
MOVE B8 179
MOVE B9 179
MOVE B10 200
MOVE B11 180
MOVE B12 200
MOVE B14 180
MOVE B16 180
MOVE B18 200
MOVE B26 188
MOVE B27 188
MOVE B28 200
MOVE B29 188
MOVE B31 200
MOVE B32 200
MOVE B33 200
MOVE B34 200
DAMAGE TURRET A79 2
DAMAGE TURRET B25 1
DAMAGE COMBAT A70 1
DAMAGE COMBAT B25 1
SIEGE B 165 1
END TURN 220
TURN 221
COMMAND LEFT START
MOVE A79 166
MOVE A94 150
UPGRADE 166
TRAIN 3
COMMAND LEFT END
COMMAND RIGHT START
MOVE B11 200
MOVE B14 200
MOVE B16 200
MOVE B4 180
MOVE B5 180
MOVE B6 180
MOVE B2 183
MOVE B10 183
MOVE B12 183
MOVE B18 165
COMMAND RIGHT END
TURN 221 RESULT
TIME LEFT 0 5 RIGHT 8 5
UPGRADE A 166
TRAIN A119 A120 A121
MOVE A40 100
MOVE A41 100
MOVE A43 100
MOVE A44 100
MOVE A51 100
MOVE A52 100
MOVE A53 100
MOVE A55 100
MOVE A56 100
MOVE A57 100
MOVE A58 100
MOVE A59 100
MOVE A60 100
MOVE A61 100
MOVE A62 100
MOVE A64 100
MOVE A65 100
MOVE A66 100
MOVE A67 100
MOVE A68 100
MOVE A69 100
MOVE A71 180
MOVE A72 180
MOVE A73 180
MOVE A74 180
MOVE A75 180
MOVE A76 180
MOVE A77 180
MOVE A78 180
MOVE A79 159
MOVE A80 180
MOVE A81 180
MOVE A82 180
MOVE A91 138
MOVE A94 105
MOVE A95 100
MOVE A96 100
MOVE A97 100
MOVE A98 88
MOVE A99 88
MOVE A100 88
MOVE A101 79
MOVE A102 79
MOVE A103 79
MOVE A104 52
MOVE A105 52
MOVE A106 52
MOVE A107 43
MOVE A108 43
MOVE A109 43
MOVE A110 25
MOVE A111 25
MOVE A112 25
MOVE A113 16
MOVE A114 16
MOVE A115 16
MOVE B2 198
MOVE B3 182
MOVE B4 193
MOVE B5 193
MOVE B6 193
MOVE B8 165
MOVE B9 165
MOVE B10 198
MOVE B11 198
MOVE B12 198
MOVE B14 198
MOVE B16 198
MOVE B18 195
MOVE B26 174
MOVE B27 174
MOVE B29 174
DAMAGE TURRET A71 2
SIEGE B 180 11
END TURN 221
TURN 222
COMMAND LEFT START
MOVE A121 100
MOVE A120 100
MOVE A119 100
MOVE A118 100
MOVE A117 100
MOVE A116 100
UPGRADE 166
TRAIN 3
COMMAND LEFT END
COMMAND RIGHT START
MOVE B8 150
MOVE B9 150
TRAIN 2
COMMAND RIGHT END
TURN 222 RESULT
TIME LEFT 0 5 RIGHT 5 5
UPGRADE A 166
TRAIN A122 A123 A124 B47 B48
MOVE A79 157
MOVE A91 153
MOVE A94 117
MOVE A98 100
MOVE A99 100
MOVE A100 100
MOVE A101 88
MOVE A102 88
MOVE A103 88
MOVE A104 70
MOVE A105 70
MOVE A106 70
MOVE A107 52
MOVE A108 52
MOVE A109 52
MOVE A110 43
MOVE A111 43
MOVE A112 43
MOVE A113 25
MOVE A114 25
MOVE A115 25
MOVE A116 5
MOVE A117 5
MOVE A118 5
MOVE A119 5
MOVE A120 5
MOVE A121 5
MOVE B2 193
MOVE B3 177
MOVE B4 180
MOVE B5 180
MOVE B6 180
MOVE B8 167
MOVE B9 167
MOVE B10 193
MOVE B11 200
MOVE B12 193
MOVE B14 200
MOVE B16 200
MOVE B18 184
MOVE B26 161
MOVE B27 161
MOVE B29 161
DAMAGE TURRET A71 2
DAMAGE COMBAT A71 3
DAMAGE COMBAT B4 5
DAMAGE COMBAT B5 1
DAMAGE COMBAT B6 5
END TURN 222
TURN 223
COMMAND LEFT START
MOVE A27 166
MOVE A100 165
MOVE A99 165
MOVE A98 165
MOVE A97 165
MOVE A96 165
MOVE A95 165
MOVE A93 165
MOVE A92 165
MOVE A90 165
MOVE A89 165
MOVE A88 165
MOVE A87 165
MOVE A86 165
MOVE A85 165
MOVE A84 165
MOVE A83 165
MOVE A69 165
MOVE A68 165
MOVE A67 165
MOVE A66 165
MOVE A65 165
MOVE A64 165
MOVE A62 165
MOVE A61 165
MOVE A60 165
MOVE A59 165
MOVE A58 165
MOVE A57 165
MOVE A56 165
MOVE A55 165
MOVE A53 165
MOVE A52 165
MOVE A51 165
MOVE A44 165
MOVE A43 165
MOVE A41 165
COMMAND LEFT END
COMMAND RIGHT START
MOVE B11 180
MOVE B14 180
MOVE B16 180
MOVE B48 165
TRAIN 1
COMMAND RIGHT END
TURN 223 RESULT
TIME LEFT 0 5 RIGHT 6 5
TRAIN B49
MOVE A27 112
MOVE A41 112
MOVE A43 112
MOVE A44 112
MOVE A51 112
MOVE A52 112
MOVE A53 112
MOVE A55 112
MOVE A56 112
MOVE A57 112
MOVE A58 112
MOVE A59 112
MOVE A60 112
MOVE A61 112
MOVE A62 112
MOVE A64 112
MOVE A65 112
MOVE A66 112
MOVE A67 112
MOVE A68 112
MOVE A69 112
MOVE A79 166
MOVE A83 112
MOVE A84 112
MOVE A85 112
MOVE A86 112
MOVE A87 112
MOVE A88 112
MOVE A89 112
MOVE A90 112
MOVE A91 171
MOVE A92 112
MOVE A93 112
MOVE A94 123
MOVE A95 112
MOVE A96 112
MOVE A97 112
MOVE A98 112
MOVE A99 112
MOVE A100 112
MOVE A101 100
MOVE A102 100
MOVE A103 100
MOVE A104 79
MOVE A105 79
MOVE A106 79
MOVE A107 70
MOVE A108 70
MOVE A109 70
MOVE A110 52
MOVE A111 52
MOVE A112 52
MOVE A113 43
MOVE A114 43
MOVE A115 43
MOVE A116 16
MOVE A117 16
MOVE A118 16
MOVE A119 16
MOVE A120 16
MOVE A121 16
MOVE B2 183
MOVE B3 168
MOVE B8 161
MOVE B9 161
MOVE B10 183
MOVE B11 198
MOVE B12 183
MOVE B14 198
MOVE B16 198
MOVE B18 179
MOVE B26 150
MOVE B27 150
MOVE B29 150
MOVE B48 195
DAMAGE TURRET A72 2
SIEGE B 180 7
END TURN 223
TURN 224
COMMAND LEFT START
MOVE A72 100
MOVE A73 100
MOVE A74 100
MOVE A75 100
MOVE A76 100
MOVE A77 100
MOVE A78 100
MOVE A80 100
MOVE A81 100
MOVE A124 100
MOVE A123 100
MOVE A122 100
UPGRADE 180
TRAIN 3
COMMAND LEFT END
COMMAND RIGHT START
MOVE B2 200
MOVE B10 200
MOVE B12 200
MOVE B26 165
MOVE B27 165
MOVE B29 165
TRAIN 3
COMMAND RIGHT END
TURN 224 RESULT
TIME LEFT 0 5 RIGHT 4 5
UPGRADE A 180
TRAIN A125 A126 A127 B50 B51 B52
MOVE A27 121
MOVE A41 121
MOVE A43 121
MOVE A44 121
MOVE A51 121
MOVE A52 121
MOVE A53 121
MOVE A55 121
MOVE A56 121
MOVE A57 121
MOVE A58 121
MOVE A59 121
MOVE A60 121
MOVE A61 121
MOVE A62 121
MOVE A64 121
MOVE A65 121
MOVE A66 121
MOVE A67 121
MOVE A68 121
MOVE A69 121
MOVE A72 169
MOVE A73 169
MOVE A74 169
MOVE A75 169
MOVE A76 169
MOVE A77 169
MOVE A78 169
MOVE A80 169
MOVE A81 169
MOVE A83 121
MOVE A84 121
MOVE A85 121
MOVE A86 121
MOVE A87 121
MOVE A88 121
MOVE A89 121
MOVE A90 121
MOVE A91 183
MOVE A92 121
MOVE A93 121
MOVE A94 146
MOVE A95 121
MOVE A96 121
MOVE A97 121
MOVE A98 121
MOVE A99 121
MOVE A100 121
MOVE A104 88
MOVE A105 88
MOVE A106 88
MOVE A107 79
MOVE A108 79
MOVE A109 79
MOVE A110 70
MOVE A111 70
MOVE A112 70
MOVE A113 52
MOVE A114 52
MOVE A115 52
MOVE A116 25
MOVE A117 25
MOVE A118 25
MOVE A119 25
MOVE A120 25
MOVE A121 25
MOVE A122 5
MOVE A123 5
MOVE A124 5
MOVE B2 193
MOVE B3 158
MOVE B8 150
MOVE B9 150
MOVE B10 193
MOVE B11 180
MOVE B12 193
MOVE B14 180
MOVE B16 180
MOVE B18 165
MOVE B26 161
MOVE B27 161
MOVE B29 161
MOVE B48 184
DAMAGE TURRET A91 2
DAMAGE TURRET B11 1
DAMAGE COMBAT A82 3
DAMAGE COMBAT B11 1
SIEGE B 183 1
END TURN 224
TURN 225
COMMAND LEFT START
MOVE A127 100
MOVE A126 100
MOVE A125 100
TRAIN 3
COMMAND LEFT END
COMMAND RIGHT START
MOVE B3 173
MOVE B18 150
MOVE B8 165
MOVE B9 165
MOVE B11 183
MOVE B14 183
MOVE B16 183
MOVE B43 150
MOVE B44 150
COMMAND RIGHT END
TURN 225 RESULT
TIME LEFT 0 5 RIGHT 6 5
TRAIN A128 A129 A130
MOVE A27 139
MOVE A41 130
MOVE A43 130
MOVE A44 130
MOVE A51 130
MOVE A52 130
MOVE A53 130
MOVE A55 130
MOVE A56 130
MOVE A57 130
MOVE A58 130
MOVE A59 130
MOVE A60 130
MOVE A61 130
MOVE A62 130
MOVE A64 130
MOVE A65 130
MOVE A66 130
MOVE A67 130
MOVE A68 130
MOVE A69 130
MOVE A72 156
MOVE A73 156
MOVE A74 156
MOVE A75 156
MOVE A76 156
MOVE A77 156
MOVE A78 156
MOVE A80 156
MOVE A81 156
MOVE A83 130
MOVE A84 130
MOVE A85 130
MOVE A86 130
MOVE A87 130
MOVE A88 130
MOVE A89 130
MOVE A90 130
MOVE A92 130
MOVE A93 130
MOVE A94 149
MOVE A95 130
MOVE A96 130
MOVE A97 130
MOVE A98 130
MOVE A99 130
MOVE A100 130
MOVE A104 100
MOVE A105 100
MOVE A106 100
MOVE A107 88
MOVE A108 88
MOVE A109 88
MOVE A110 79
MOVE A111 79
MOVE A112 79
MOVE A113 70
MOVE A114 70
MOVE A115 70
MOVE A116 43
MOVE A117 43
MOVE A118 43
MOVE A119 43
MOVE A120 43
MOVE A121 43
MOVE A122 16
MOVE A123 16
MOVE A124 16
MOVE A125 5
MOVE A126 5
MOVE A127 5
MOVE B2 198
MOVE B3 173
MOVE B8 161
MOVE B9 161
MOVE B10 198
MOVE B12 198
MOVE B18 167
MOVE B26 167
MOVE B27 167
MOVE B29 167
MOVE B43 195
MOVE B44 195
MOVE B48 179
DAMAGE TURRET A91 2
DAMAGE TURRET B11 1
DAMAGE COMBAT A82 3
DAMAGE COMBAT B11 1
SIEGE B 183 1
END TURN 225
TURN 226
COMMAND LEFT START
MOVE A130 100
MOVE A129 100
MOVE A128 100
TRAIN 3
COMMAND LEFT END
COMMAND RIGHT START
MOVE B3 187
COMMAND RIGHT END
TURN 226 RESULT
TIME LEFT 0 5 RIGHT 6 5
TRAIN A131 A132 A133
MOVE A27 156
MOVE A41 134
MOVE A43 134
MOVE A44 134
MOVE A51 134
MOVE A52 134
MOVE A53 134
MOVE A55 134
MOVE A56 134
MOVE A57 134
MOVE A58 134
MOVE A59 134
MOVE A60 134
MOVE A61 134
MOVE A62 134
MOVE A64 134
MOVE A65 134
MOVE A66 134
MOVE A67 134
MOVE A68 134
MOVE A69 134
MOVE A72 139
MOVE A73 139
MOVE A74 139
MOVE A75 139
MOVE A76 139
MOVE A77 139
MOVE A78 139
MOVE A80 139
MOVE A81 139
MOVE A83 134
MOVE A84 134
MOVE A85 134
MOVE A86 134
MOVE A87 134
MOVE A88 134
MOVE A89 134
MOVE A90 134
MOVE A92 134
MOVE A93 134
MOVE A94 150
MOVE A95 134
MOVE A96 134
MOVE A97 134
MOVE A98 134
MOVE A99 134
MOVE A100 134
MOVE A107 100
MOVE A108 100
MOVE A109 100
MOVE A110 88
MOVE A111 88
MOVE A112 88
MOVE A113 79
MOVE A114 79
MOVE A115 79
MOVE A116 52
MOVE A117 52
MOVE A118 52
MOVE A119 52
MOVE A120 52
MOVE A121 52
MOVE A122 25
MOVE A123 25
MOVE A124 25
MOVE A125 16
MOVE A126 16
MOVE A127 16
MOVE A128 5
MOVE A129 5
MOVE A130 5
MOVE B2 200
MOVE B3 187
MOVE B8 167
MOVE B9 167
MOVE B10 200
MOVE B12 200
MOVE B18 161
MOVE B26 165
MOVE B27 165
MOVE B29 165
MOVE B43 192
MOVE B44 192
MOVE B48 165
DAMAGE TURRET A91 2
DAMAGE TURRET A94 2
DAMAGE TURRET B11 1
DAMAGE COMBAT A82 2
DAMAGE COMBAT B14 1
SIEGE B 150 1
SIEGE A 180 1
SIEGE B 183 1
END TURN 226
TURN 227
COMMAND LEFT START
MOVE A70 180
MOVE A24 180
MOVE A25 180
MOVE A37 180
MOVE A94 90
MOVE A40 155
MOVE A101 155
MOVE A102 166
MOVE A133 100
MOVE A132 100
MOVE A131 100
TRAIN 3
COMMAND LEFT END
COMMAND RIGHT START
MOVE B3 194
MOVE B26 200
MOVE B27 200
MOVE B29 200
MOVE B48 200
TRAIN 3
COMMAND RIGHT END
TURN 227 RESULT
TIME LEFT 1 5 RIGHT 9 5
TRAIN A134 A135 A136 B53 B54 B55
MOVE A24 163
MOVE A25 163
MOVE A27 166
MOVE A37 112
MOVE A40 112
MOVE A41 152
MOVE A43 152
MOVE A44 152
MOVE A51 152
MOVE A52 152
MOVE A53 152
MOVE A55 152
MOVE A56 152
MOVE A57 152
MOVE A58 152
MOVE A59 152
MOVE A60 152
MOVE A61 152
MOVE A62 152
MOVE A64 152
MOVE A65 152
MOVE A66 152
MOVE A67 152
MOVE A68 152
MOVE A69 152
MOVE A70 169
MOVE A72 121
MOVE A73 121
MOVE A74 121
MOVE A75 121
MOVE A76 121
MOVE A77 121
MOVE A78 121
MOVE A80 121
MOVE A81 121
MOVE A83 152
MOVE A84 152
MOVE A85 152
MOVE A86 152
MOVE A87 152
MOVE A88 152
MOVE A89 152
MOVE A90 152
MOVE A92 152
MOVE A93 152
MOVE A94 143
MOVE A95 152
MOVE A96 152
MOVE A97 152
MOVE A98 152
MOVE A99 152
MOVE A100 152
MOVE A101 112
MOVE A102 112
MOVE A110 100
MOVE A111 100
MOVE A112 100
MOVE A113 88
MOVE A114 88
MOVE A115 88
MOVE A116 70
MOVE A117 70
MOVE A118 70
MOVE A119 70
MOVE A120 70
MOVE A121 70
MOVE A122 43
MOVE A123 43
MOVE A124 43
MOVE A125 25
MOVE A126 25
MOVE A127 25
MOVE A128 16
MOVE A129 16
MOVE A130 16
MOVE A131 5
MOVE A132 5
MOVE A133 5
MOVE B3 194
MOVE B8 165
MOVE B9 165
MOVE B14 193
MOVE B16 193
MOVE B18 150
MOVE B26 179
MOVE B27 179
MOVE B29 179
MOVE B43 188
MOVE B44 188
MOVE B48 179
DAMAGE TURRET A91 2
SIEGE B 183 1
END TURN 227
TURN 228
COMMAND LEFT START
MOVE A103 180
MOVE A136 100
MOVE A135 100
MOVE A134 100
TRAIN 3
COMMAND LEFT END
COMMAND RIGHT START
MOVE B8 150
MOVE B9 150
MOVE B18 165
MOVE B2 183
MOVE B10 165
MOVE B12 165
COMMAND RIGHT END
TURN 228 RESULT
TIME LEFT 0 5 RIGHT 3 5
TRAIN A137 A138 A139
MOVE A24 171
MOVE A25 171
MOVE A37 121
MOVE A40 116
MOVE A41 165
MOVE A43 165
MOVE A44 165
MOVE A51 165
MOVE A52 165
MOVE A53 165
MOVE A55 165
MOVE A56 165
MOVE A57 165
MOVE A58 165
MOVE A59 165
MOVE A60 165
MOVE A61 165
MOVE A62 165
MOVE A64 165
MOVE A65 165
MOVE A66 165
MOVE A67 165
MOVE A68 165
MOVE A69 165
MOVE A70 180
MOVE A72 112
MOVE A73 112
MOVE A74 112
MOVE A75 112
MOVE A76 112
MOVE A77 112
MOVE A78 112
MOVE A80 112
MOVE A81 112
MOVE A83 165
MOVE A84 165
MOVE A85 165
MOVE A86 165
MOVE A87 165
MOVE A88 165
MOVE A89 165
MOVE A90 165
MOVE A92 165
MOVE A93 165
MOVE A94 124
MOVE A95 165
MOVE A96 165
MOVE A97 165
MOVE A98 165
MOVE A99 165
MOVE A100 165
MOVE A101 116
MOVE A102 121
MOVE A103 112
MOVE A113 100
MOVE A114 100
MOVE A115 100
MOVE A116 79
MOVE A117 79
MOVE A118 79
MOVE A119 79
MOVE A120 79
MOVE A121 79
MOVE A122 52
MOVE A123 52
MOVE A124 52
MOVE A125 43
MOVE A126 43
MOVE A127 43
MOVE A128 25
MOVE A129 25
MOVE A130 25
MOVE A131 16
MOVE A132 16
MOVE A133 16
MOVE A134 5
MOVE A135 5
MOVE A136 5
MOVE B2 198
MOVE B8 167
MOVE B9 167
MOVE B10 195
MOVE B12 195
MOVE B14 183
MOVE B16 183
MOVE B18 161
MOVE B26 184
MOVE B27 184
MOVE B29 184
MOVE B43 174
MOVE B44 174
MOVE B48 184
DAMAGE TURRET A41 2
SIEGE B 165 17
END TURN 228
TURN 229
COMMAND LEFT START
MOVE A41 100
MOVE A43 100
MOVE A44 100
MOVE A51 100
MOVE A52 100
MOVE A53 100
MOVE A55 100
MOVE A56 100
MOVE A57 100
MOVE A58 100
MOVE A59 100
MOVE A60 100
MOVE A61 100
MOVE A62 100
MOVE A64 100
MOVE A65 100
MOVE A66 100
MOVE A67 100
MOVE A68 100
MOVE A69 100
MOVE A83 100
MOVE A84 100
MOVE A85 100
MOVE A86 100
MOVE A87 100
MOVE A88 100
MOVE A89 100
MOVE A90 100
MOVE A92 100
MOVE A93 100
MOVE A95 100
MOVE A96 100
MOVE A97 100
MOVE A98 100
MOVE A99 100
MOVE A115 150
MOVE A114 150
MOVE A113 150
MOVE A112 150
MOVE A111 150
MOVE A110 150
MOVE A109 150
MOVE A108 150
MOVE A107 150
MOVE A106 150
COMMAND LEFT END
COMMAND RIGHT START
MOVE B14 200
MOVE B16 200
MOVE B23 183
MOVE B28 183
COMMAND RIGHT END
TURN 229 RESULT
TIME LEFT 0 5 RIGHT 2 5
MOVE A24 172
MOVE A25 172
MOVE A37 139
MOVE A40 126
MOVE A41 152
MOVE A43 152
MOVE A44 152
MOVE A51 152
MOVE A52 152
MOVE A53 152
MOVE A55 152
MOVE A56 152
MOVE A57 152
MOVE A58 152
MOVE A59 152
MOVE A60 152
MOVE A61 152
MOVE A62 152
MOVE A64 152
MOVE A65 152
MOVE A66 152
MOVE A67 152
MOVE A68 152
MOVE A69 152
MOVE A72 100
MOVE A73 100
MOVE A74 100
MOVE A75 100
MOVE A76 100
MOVE A77 100
MOVE A78 100
MOVE A80 100
MOVE A81 100
MOVE A83 152
MOVE A84 152
MOVE A85 152
MOVE A86 152
MOVE A87 152
MOVE A88 152
MOVE A89 152
MOVE A90 152
MOVE A92 152
MOVE A93 152
MOVE A94 107
MOVE A95 152
MOVE A96 152
MOVE A97 152
MOVE A98 152
MOVE A99 152
MOVE A101 126
MOVE A102 139
MOVE A103 121
MOVE A106 105
MOVE A107 105
MOVE A108 105
MOVE A109 105
MOVE A110 105
MOVE A111 105
MOVE A112 105
MOVE A113 105
MOVE A114 105
MOVE A115 105
MOVE A116 88
MOVE A117 88
MOVE A118 88
MOVE A119 88
MOVE A120 88
MOVE A121 88
MOVE A122 70
MOVE A123 70
MOVE A124 70
MOVE A125 52
MOVE A126 52
MOVE A127 52
MOVE A128 43
MOVE A129 43
MOVE A130 43
MOVE A131 25
MOVE A132 25
MOVE A133 25
MOVE A134 16
MOVE A135 16
MOVE A136 16
MOVE B2 193
MOVE B8 161
MOVE B9 161
MOVE B10 184
MOVE B12 184
MOVE B14 193
MOVE B16 193
MOVE B18 167
MOVE B23 198
MOVE B26 195
MOVE B27 195
MOVE B28 198
MOVE B29 195
MOVE B43 161
MOVE B44 161
MOVE B48 195
END TURN 229
TURN 230
COMMAND LEFT START
MOVE A139 100
MOVE A138 100
MOVE A137 100
UPGRADE 180
UPGRADE 165
TRAIN 3
COMMAND LEFT END
COMMAND RIGHT START
COMMAND RIGHT END
TURN 230 RESULT
TIME LEFT 0 5 RIGHT 3 5
UPGRADE A 165
UPGRADE A 180
TRAIN A140 A141 A142
MOVE A24 180
MOVE A25 180
MOVE A37 156
MOVE A40 129
MOVE A41 134
MOVE A43 134
MOVE A44 134
MOVE A51 134
MOVE A52 134
MOVE A53 134
MOVE A55 134
MOVE A56 134
MOVE A57 134
MOVE A58 134
MOVE A59 134
MOVE A60 134
MOVE A61 134
MOVE A62 134
MOVE A64 134
MOVE A65 134
MOVE A66 134
MOVE A67 134
MOVE A68 134
MOVE A69 134
MOVE A83 134
MOVE A84 134
MOVE A85 134
MOVE A86 134
MOVE A87 134
MOVE A88 134
MOVE A89 134
MOVE A90 134
MOVE A92 134
MOVE A93 134
MOVE A94 90
MOVE A95 134
MOVE A96 134
MOVE A97 134
MOVE A98 134
MOVE A99 134
MOVE A101 129
MOVE A102 156
MOVE A103 139
MOVE A106 117
MOVE A107 117
MOVE A108 117
MOVE A109 117
MOVE A110 117
MOVE A111 117
MOVE A112 117
MOVE A113 117
MOVE A114 117
MOVE A115 117
MOVE A116 100
MOVE A117 100
MOVE A118 100
MOVE A119 100
MOVE A120 100
MOVE A121 100
MOVE A122 79
MOVE A123 79
MOVE A124 79
MOVE A125 70
MOVE A126 70
MOVE A127 70
MOVE A128 52
MOVE A129 52
MOVE A130 52
MOVE A131 43
MOVE A132 43
MOVE A133 43
MOVE A134 25
MOVE A135 25
MOVE A136 25
MOVE A137 5
MOVE A138 5
MOVE A139 5
MOVE B2 183
MOVE B8 150
MOVE B9 150
MOVE B10 179
MOVE B12 179
MOVE B14 198
MOVE B16 198
MOVE B18 165
MOVE B23 193
MOVE B26 200
MOVE B27 200
MOVE B28 193
MOVE B29 200
MOVE B43 150
MOVE B44 150
MOVE B48 200
DAMAGE TURRET B18 1
DAMAGE COMBAT A100 1
DAMAGE COMBAT B18 1
END TURN 230
TURN 231
COMMAND LEFT START
MOVE A94 100
MOVE A142 100
MOVE A141 100
MOVE A140 100
UPGRADE 180
COMMAND LEFT END
COMMAND RIGHT START
MOVE B2 200
MOVE B8 200
MOVE B9 200
MOVE B43 200
MOVE B44 200
MOVE B30 183
MOVE B18 150
MOVE B31 150
MOVE B32 150
COMMAND RIGHT END
TURN 231 RESULT
TIME LEFT 1 5 RIGHT 3 5
UPGRADE A 180
MOVE A37 169
MOVE A40 145
MOVE A41 130
MOVE A43 130
MOVE A44 130
MOVE A51 130
MOVE A52 130
MOVE A53 130
MOVE A55 130
MOVE A56 130
MOVE A57 130
MOVE A58 130
MOVE A59 130
MOVE A60 130
MOVE A61 130
MOVE A62 130
MOVE A64 130
MOVE A65 130
MOVE A66 130
MOVE A67 130
MOVE A68 130
MOVE A69 130
MOVE A83 130
MOVE A84 130
MOVE A85 130
MOVE A86 130
MOVE A87 130
MOVE A88 130
MOVE A89 130
MOVE A90 130
MOVE A92 130
MOVE A93 130
MOVE A94 91
MOVE A95 130
MOVE A96 130
MOVE A97 130
MOVE A98 130
MOVE A99 130
MOVE A101 145
MOVE A102 166
MOVE A103 156
MOVE A106 123
MOVE A107 123
MOVE A108 123
MOVE A109 123
MOVE A110 123
MOVE A111 123
MOVE A112 123
MOVE A113 123
MOVE A114 123
MOVE A115 123
MOVE A122 88
MOVE A123 88
MOVE A124 88
MOVE A125 79
MOVE A126 79
MOVE A127 79
MOVE A128 70
MOVE A129 70
MOVE A130 70
MOVE A131 52
MOVE A132 52
MOVE A133 52
MOVE A134 43
MOVE A135 43
MOVE A136 43
MOVE A137 16
MOVE A138 16
MOVE A139 16
MOVE A140 5
MOVE A141 5
MOVE A142 5
MOVE B2 193
MOVE B8 161
MOVE B9 161
MOVE B10 165
MOVE B12 165
MOVE B14 200
MOVE B16 200
MOVE B23 183
MOVE B28 183
MOVE B30 198
MOVE B31 195
MOVE B32 195
MOVE B43 161
MOVE B44 161
DAMAGE TURRET B10 1
DAMAGE COMBAT A100 3
DAMAGE COMBAT B10 1
END TURN 231
TURN 232
COMMAND LEFT START
MOVE A27 165
MOVE A79 165
MOVE A12 165
MOVE A72 166
MOVE A73 166
MOVE A74 98
TRAIN 2
COMMAND LEFT END
COMMAND RIGHT START
MOVE B23 200
MOVE B28 200
MOVE B10 200
MOVE B12 200
TRAIN 3
COMMAND RIGHT END
TURN 232 RESULT
TIME LEFT 1 5 RIGHT 12 5
TRAIN A143 A144 B56 B57 B58
MOVE A12 111
MOVE A27 157
MOVE A37 180
MOVE A40 155
MOVE A41 121
MOVE A43 121
MOVE A44 121
MOVE A51 121
MOVE A52 121
MOVE A53 121
MOVE A55 121
MOVE A56 121
MOVE A57 121
MOVE A58 121
MOVE A59 121
MOVE A60 121
MOVE A61 121
MOVE A62 121
MOVE A64 121
MOVE A65 121
MOVE A66 121
MOVE A67 121
MOVE A68 121
MOVE A69 121
MOVE A72 112
MOVE A73 112
MOVE A74 96
MOVE A79 157
MOVE A83 121
MOVE A84 121
MOVE A85 121
MOVE A86 121
MOVE A87 121
MOVE A88 121
MOVE A89 121
MOVE A90 121
MOVE A92 121
MOVE A93 121
MOVE A94 98
MOVE A95 121
MOVE A96 121
MOVE A97 121
MOVE A98 121
MOVE A99 121
MOVE A101 155
MOVE A103 169
MOVE A106 146
MOVE A107 146
MOVE A108 146
MOVE A109 146
MOVE A110 146
MOVE A111 146
MOVE A112 146
MOVE A113 146
MOVE A114 146
MOVE A115 146
MOVE A122 100
MOVE A123 100
MOVE A124 100
MOVE A125 88
MOVE A126 88
MOVE A127 88
MOVE A128 79
MOVE A129 79
MOVE A130 79
MOVE A131 70
MOVE A132 70
MOVE A133 70
MOVE A134 52
MOVE A135 52
MOVE A136 52
MOVE A137 25
MOVE A138 25
MOVE A139 25
MOVE A140 16
MOVE A141 16
MOVE A142 16
MOVE B2 198
MOVE B8 174
MOVE B9 174
MOVE B23 193
MOVE B28 193
MOVE B30 193
MOVE B31 192
MOVE B32 192
MOVE B43 174
MOVE B44 174
DAMAGE TURRET B10 1
DAMAGE COMBAT A100 3
DAMAGE COMBAT B18 1
END TURN 232
TURN 233
COMMAND LEFT START
MOVE A70 100
MOVE A144 100
MOVE A143 100
TRAIN 3
COMMAND LEFT END
COMMAND RIGHT START
TRAIN 3
COMMAND RIGHT END
TURN 233 RESULT
TIME LEFT 1 5 RIGHT 9 5
TRAIN A145 A146 A147 B59 B60 B61
MOVE A12 123
MOVE A27 159
MOVE A41 112
MOVE A43 112
MOVE A44 112
MOVE A51 112
MOVE A52 112
MOVE A53 112
MOVE A55 112
MOVE A56 112
MOVE A57 112
MOVE A58 112
MOVE A59 112
MOVE A60 112
MOVE A61 112
MOVE A62 112
MOVE A64 112
MOVE A65 112
MOVE A66 112
MOVE A67 112
MOVE A68 112
MOVE A69 112
MOVE A70 169
MOVE A72 121
MOVE A73 121
MOVE A74 98
MOVE A79 159
MOVE A83 112
MOVE A84 112
MOVE A85 112
MOVE A86 112
MOVE A87 112
MOVE A88 112
MOVE A89 112
MOVE A90 112
MOVE A92 112
MOVE A93 112
MOVE A94 96
MOVE A95 112
MOVE A96 112
MOVE A97 112
MOVE A98 112
MOVE A99 112
MOVE A103 180
MOVE A106 149
MOVE A107 149
MOVE A108 149
MOVE A109 149
MOVE A110 149
MOVE A111 149
MOVE A112 149
MOVE A113 149
MOVE A114 149
MOVE A115 149
MOVE A125 100
MOVE A126 100
MOVE A127 100
MOVE A128 88
MOVE A129 88
MOVE A130 88
MOVE A131 79
MOVE A132 79
MOVE A133 79
MOVE A134 70
MOVE A135 70
MOVE A136 70
MOVE A137 43
MOVE A138 43
MOVE A139 43
MOVE A140 25
MOVE A141 25
MOVE A142 25
MOVE A143 5
MOVE A144 5
MOVE B2 200
MOVE B8 188
MOVE B9 188
MOVE B23 198
MOVE B28 198
MOVE B30 183
MOVE B31 188
MOVE B32 188
MOVE B43 188
MOVE B44 188
DAMAGE TURRET B18 1
DAMAGE COMBAT A100 1
DAMAGE COMBAT B18 1
SIEGE A 165 1
END TURN 233
TURN 234
COMMAND LEFT START
MOVE A103 100
MOVE A147 100
MOVE A146 100
MOVE A145 100
TRAIN 3
COMMAND LEFT END
COMMAND RIGHT START
MOVE B30 200
MOVE B2 183
TRAIN 2
COMMAND RIGHT END
TURN 234 RESULT
TIME LEFT 1 5 RIGHT 11 5
TRAIN A148 A149 A150 B62 B63
MOVE A12 134
MOVE A27 165
MOVE A41 100
MOVE A43 100
MOVE A44 100
MOVE A51 100
MOVE A52 100
MOVE A53 100
MOVE A55 100
MOVE A56 100
MOVE A57 100
MOVE A58 100
MOVE A59 100
MOVE A60 100
MOVE A61 100
MOVE A62 100
MOVE A64 100
MOVE A65 100
MOVE A66 100
MOVE A67 100
MOVE A68 100
MOVE A69 100
MOVE A70 156
MOVE A72 139
MOVE A73 139
MOVE A79 165
MOVE A83 100
MOVE A84 100
MOVE A85 100
MOVE A86 100
MOVE A87 100
MOVE A88 100
MOVE A89 100
MOVE A90 100
MOVE A92 100
MOVE A93 100
MOVE A94 100
MOVE A95 100
MOVE A96 100
MOVE A97 100
MOVE A98 100
MOVE A99 100
MOVE A103 169
MOVE A106 150
MOVE A107 150
MOVE A108 150
MOVE A109 150
MOVE A110 150
MOVE A111 150
MOVE A112 150
MOVE A113 150
MOVE A114 150
MOVE A115 150
MOVE A128 100
MOVE A129 100
MOVE A130 100
MOVE A131 88
MOVE A132 88
MOVE A133 88
MOVE A134 79
MOVE A135 79
MOVE A136 79
MOVE A137 52
MOVE A138 52
MOVE A139 52
MOVE A140 43
MOVE A141 43
MOVE A142 43
MOVE A143 16
MOVE A144 16
MOVE A145 5
MOVE A146 5
MOVE A147 5
MOVE B2 198
MOVE B8 192
MOVE B9 192
MOVE B12 179
MOVE B18 167
MOVE B23 200
MOVE B28 200
MOVE B30 193
MOVE B31 174
MOVE B32 174
MOVE B43 192
MOVE B44 192
DAMAGE TURRET A106 2
SIEGE B 150 10
END TURN 234
TURN 235
COMMAND LEFT START
MOVE A130 183
MOVE A129 183
MOVE A128 183
MOVE A127 183
MOVE A126 183
MOVE A125 183
MOVE A124 183
MOVE A123 183
MOVE A122 183
MOVE A121 183
MOVE A120 183
MOVE A119 183
MOVE A118 183
MOVE A117 183
MOVE A116 183
MOVE A105 183
MOVE A104 183
MOVE A99 183
MOVE A98 183
MOVE A97 183
MOVE A96 183
MOVE A95 183
MOVE A94 183
MOVE A93 183
MOVE A92 183
MOVE A90 183
MOVE A89 183
MOVE A88 183
MOVE A87 183
MOVE A86 183
MOVE A85 183
MOVE A84 183
MOVE A83 183
MOVE A81 183
MOVE A80 183
MOVE A78 183
MOVE A77 183
MOVE A76 183
MOVE A75 183
MOVE A69 183
MOVE A68 183
MOVE A67 183
MOVE A66 183
MOVE A65 183
MOVE A64 183
MOVE A62 183
MOVE A61 183
MOVE A60 183
MOVE A59 183
MOVE A58 183
MOVE A57 183
MOVE A56 183
MOVE A55 183
MOVE A53 183
MOVE A52 183
MOVE A51 183
MOVE A44 183
COMMAND LEFT END
COMMAND RIGHT START
MOVE B14 183
MOVE B16 183
COMMAND RIGHT END
TURN 235 RESULT
TIME LEFT 2 5 RIGHT 10 5
MOVE A12 152
MOVE A44 112
MOVE A51 112
MOVE A52 112
MOVE A53 112
MOVE A55 112
MOVE A56 112
MOVE A57 112
MOVE A58 112
MOVE A59 112
MOVE A60 112
MOVE A61 112
MOVE A62 112
MOVE A64 112
MOVE A65 112
MOVE A66 112
MOVE A67 112
MOVE A68 112
MOVE A69 112
MOVE A70 139
MOVE A72 156
MOVE A73 156
MOVE A75 112
MOVE A76 112
MOVE A77 112
MOVE A78 112
MOVE A80 112
MOVE A81 112
MOVE A83 112
MOVE A84 112
MOVE A85 112
MOVE A86 112
MOVE A87 112
MOVE A88 112
MOVE A89 112
MOVE A90 112
MOVE A92 112
MOVE A93 112
MOVE A94 112
MOVE A95 112
MOVE A96 112
MOVE A97 112
MOVE A98 112
MOVE A99 112
MOVE A103 156
MOVE A104 112
MOVE A105 112
MOVE A116 112
MOVE A117 112
MOVE A118 112
MOVE A119 112
MOVE A120 112
MOVE A121 112
MOVE A122 112
MOVE A123 112
MOVE A124 112
MOVE A125 112
MOVE A126 112
MOVE A127 112
MOVE A128 112
MOVE A129 112
MOVE A130 112
MOVE A131 100
MOVE A132 100
MOVE A133 100
MOVE A134 88
MOVE A135 88
MOVE A136 88
MOVE A137 70
MOVE A138 70
MOVE A139 70
MOVE A140 52
MOVE A141 52
MOVE A142 52
MOVE A143 25
MOVE A144 25
MOVE A145 16
MOVE A146 16
MOVE A147 16
MOVE B2 193
MOVE B8 195
MOVE B9 195
MOVE B12 184
MOVE B14 198
MOVE B16 198
MOVE B18 161
MOVE B30 198
MOVE B31 161
MOVE B32 161
MOVE B43 195
MOVE B44 195
DAMAGE TURRET A106 2
SIEGE B 150 7
END TURN 235
TURN 236
COMMAND LEFT START
MOVE A106 100
MOVE A107 100
MOVE A108 100
MOVE A109 100
MOVE A110 100
MOVE A111 100
MOVE A112 100
MOVE A113 100
MOVE A114 100
MOVE A150 100
MOVE A149 100
MOVE A148 100
UPGRADE 165
UPGRADE 150
COMMAND LEFT END
COMMAND RIGHT START
MOVE B3 141
COMMAND RIGHT END
TURN 236 RESULT
TIME LEFT 0 5 RIGHT 10 5
UPGRADE A 150
UPGRADE A 165
MOVE A12 165
MOVE A44 127
MOVE A51 127
MOVE A52 127
MOVE A53 127
MOVE A55 127
MOVE A56 127
MOVE A57 127
MOVE A58 127
MOVE A59 127
MOVE A60 127
MOVE A61 127
MOVE A62 127
MOVE A64 127
MOVE A65 127
MOVE A66 127
MOVE A67 127
MOVE A68 127
MOVE A69 127
MOVE A70 121
MOVE A72 166
MOVE A73 166
MOVE A75 127
MOVE A76 127
MOVE A77 127
MOVE A78 127
MOVE A80 127
MOVE A81 127
MOVE A83 127
MOVE A84 127
MOVE A85 127
MOVE A86 127
MOVE A87 127
MOVE A88 127
MOVE A89 127
MOVE A90 127
MOVE A92 127
MOVE A93 127
MOVE A94 127
MOVE A95 127
MOVE A96 127
MOVE A97 127
MOVE A98 127
MOVE A99 127
MOVE A103 139
MOVE A104 127
MOVE A105 127
MOVE A106 149
MOVE A107 149
MOVE A108 149
MOVE A109 149
MOVE A110 149
MOVE A111 149
MOVE A112 149
MOVE A113 149
MOVE A114 149
MOVE A116 127
MOVE A117 127
MOVE A118 127
MOVE A119 127
MOVE A120 127
MOVE A121 127
MOVE A122 127
MOVE A123 127
MOVE A124 127
MOVE A125 127
MOVE A126 127
MOVE A127 127
MOVE A128 127
MOVE A129 127
MOVE A130 127
MOVE A134 100
MOVE A135 100
MOVE A136 100
MOVE A137 79
MOVE A138 79
MOVE A139 79
MOVE A140 70
MOVE A141 70
MOVE A142 70
MOVE A143 43
MOVE A144 43
MOVE A145 25
MOVE A146 25
MOVE A147 25
MOVE A148 5
MOVE A149 5
MOVE A150 5
MOVE B2 183
MOVE B3 187
MOVE B8 200
MOVE B9 200
MOVE B12 195
MOVE B14 193
MOVE B16 193
MOVE B18 150
MOVE B30 200
MOVE B31 150
MOVE B32 150
MOVE B43 200
MOVE B44 200
DAMAGE TURRET B18 1
DAMAGE COMBAT A115 3
DAMAGE COMBAT B31 1
END TURN 236
TURN 237
COMMAND LEFT START
MOVE A12 150
MOVE A27 150
MOVE A8 150
MOVE A41 90
MOVE A43 165
UPGRADE 165
COMMAND LEFT END
COMMAND RIGHT START
MOVE B2 200
MOVE B8 183
MOVE B31 200
MOVE B32 200
COMMAND RIGHT END
TURN 237 RESULT
TIME LEFT 1 5 RIGHT 11 5
UPGRADE A 165
MOVE A8 107
MOVE A12 167
MOVE A27 167
MOVE A41 96
MOVE A43 112
MOVE A44 138
MOVE A51 138
MOVE A52 138
MOVE A53 138
MOVE A55 138
MOVE A56 138
MOVE A57 138
MOVE A58 138
MOVE A59 138
MOVE A60 138
MOVE A61 138
MOVE A62 138
MOVE A64 138
MOVE A65 138
MOVE A66 138
MOVE A67 138
MOVE A68 138
MOVE A69 138
MOVE A70 112
MOVE A75 138
MOVE A76 138
MOVE A77 138
MOVE A78 138
MOVE A80 138
MOVE A81 138
MOVE A83 138
MOVE A84 138
MOVE A85 138
MOVE A86 138
MOVE A87 138
MOVE A88 138
MOVE A89 138
MOVE A90 138
MOVE A92 138
MOVE A93 138
MOVE A94 138
MOVE A95 138
MOVE A96 138
MOVE A97 138
MOVE A98 138
MOVE A99 138
MOVE A103 121
MOVE A104 138
MOVE A105 138
MOVE A106 146
MOVE A107 146
MOVE A108 146
MOVE A109 146
MOVE A110 146
MOVE A111 146
MOVE A112 146
MOVE A113 146
MOVE A114 146
MOVE A116 138
MOVE A117 138
MOVE A118 138
MOVE A119 138
MOVE A120 138
MOVE A121 138
MOVE A122 138
MOVE A123 138
MOVE A124 138
MOVE A125 138
MOVE A126 138
MOVE A127 138
MOVE A128 138
MOVE A129 138
MOVE A130 138
MOVE A137 88
MOVE A138 88
MOVE A139 88
MOVE A140 79
MOVE A141 79
MOVE A142 79
MOVE A143 52
MOVE A144 52
MOVE A145 43
MOVE A146 43
MOVE A147 43
MOVE A148 16
MOVE A149 16
MOVE A150 16
MOVE B2 193
MOVE B3 173
MOVE B8 198
MOVE B12 200
MOVE B14 183
MOVE B16 183
DAMAGE TURRET B31 1
DAMAGE COMBAT A115 2
DAMAGE COMBAT B31 1
END TURN 237
TURN 238
COMMAND LEFT START
MOVE A131 165
TRAIN 1
COMMAND LEFT END
COMMAND RIGHT START
MOVE B14 200
MOVE B16 200
MOVE B9 183
MOVE B12 183
COMMAND RIGHT END
TURN 238 RESULT
TIME LEFT 0 5 RIGHT 12 5
TRAIN A151
MOVE A8 124
MOVE A12 161
MOVE A27 161
MOVE A41 98
MOVE A43 121
MOVE A44 153
MOVE A51 153
MOVE A52 153
MOVE A53 153
MOVE A55 153
MOVE A56 153
MOVE A57 153
MOVE A58 153
MOVE A59 153
MOVE A60 153
MOVE A61 153
MOVE A62 153
MOVE A64 153
MOVE A65 153
MOVE A66 153
MOVE A67 153
MOVE A68 153
MOVE A69 153
MOVE A70 100
MOVE A75 153
MOVE A76 153
MOVE A77 153
MOVE A78 153
MOVE A80 153
MOVE A81 153
MOVE A83 153
MOVE A84 153
MOVE A85 153
MOVE A86 153
MOVE A87 153
MOVE A88 153
MOVE A89 153
MOVE A90 153
MOVE A92 153
MOVE A93 153
MOVE A94 153
MOVE A95 153
MOVE A96 153
MOVE A97 153
MOVE A98 153
MOVE A99 153
MOVE A103 112
MOVE A104 153
MOVE A105 153
MOVE A106 123
MOVE A107 123
MOVE A108 123
MOVE A109 123
MOVE A110 123
MOVE A111 123
MOVE A112 123
MOVE A113 123
MOVE A114 123
MOVE A116 153
MOVE A117 153
MOVE A118 153
MOVE A119 153
MOVE A120 153
MOVE A121 153
MOVE A122 153
MOVE A123 153
MOVE A124 153
MOVE A125 153
MOVE A126 153
MOVE A127 153
MOVE A128 153
MOVE A129 153
MOVE A130 153
MOVE A131 112
MOVE A137 100
MOVE A138 100
MOVE A139 100
MOVE A140 88
MOVE A141 88
MOVE A142 88
MOVE A143 70
MOVE A144 70
MOVE A145 52
MOVE A146 52
MOVE A147 52
MOVE A148 25
MOVE A149 25
MOVE A150 25
MOVE B2 198
MOVE B3 160
MOVE B8 193
MOVE B9 198
MOVE B12 198
MOVE B14 193
MOVE B16 193
DAMAGE TURRET B31 1
DAMAGE COMBAT A115 2
DAMAGE COMBAT B31 1
END TURN 238
TURN 239
COMMAND LEFT START
MOVE A151 100
TRAIN 3
COMMAND LEFT END
COMMAND RIGHT START
TRAIN 3
COMMAND RIGHT END
TURN 239 RESULT
TIME LEFT 0 5 RIGHT 10 5
TRAIN A152 A153 A154 B64 B65 B66
MOVE A8 143
MOVE A12 150
MOVE A27 150
MOVE A41 91
MOVE A43 130
MOVE A44 171
MOVE A51 171
MOVE A52 171
MOVE A53 171
MOVE A55 171
MOVE A56 171
MOVE A57 171
MOVE A58 171
MOVE A59 171
MOVE A60 171
MOVE A61 171
MOVE A62 171
MOVE A64 171
MOVE A65 171
MOVE A66 171
MOVE A67 171
MOVE A68 171
MOVE A69 171
MOVE A75 171
MOVE A76 171
MOVE A77 171
MOVE A78 171
MOVE A80 171
MOVE A81 171
MOVE A83 171
MOVE A84 171
MOVE A85 171
MOVE A86 171
MOVE A87 171
MOVE A88 171
MOVE A89 171
MOVE A90 171
MOVE A92 171
MOVE A93 171
MOVE A94 171
MOVE A95 171
MOVE A96 171
MOVE A97 171
MOVE A98 171
MOVE A99 171
MOVE A103 100
MOVE A104 171
MOVE A105 171
MOVE A106 117
MOVE A107 117
MOVE A108 117
MOVE A109 117
MOVE A110 117
MOVE A111 117
MOVE A112 117
MOVE A113 117
MOVE A114 117
MOVE A116 171
MOVE A117 171
MOVE A118 171
MOVE A119 171
MOVE A120 171
MOVE A121 171
MOVE A122 171
MOVE A123 171
MOVE A124 171
MOVE A125 171
MOVE A126 171
MOVE A127 171
MOVE A128 171
MOVE A129 171
MOVE A130 171
MOVE A131 121
MOVE A140 100
MOVE A141 100
MOVE A142 100
MOVE A143 79
MOVE A144 79
MOVE A145 70
MOVE A146 70
MOVE A147 70
MOVE A148 43
MOVE A149 43
MOVE A150 43
MOVE A151 5
MOVE B2 200
MOVE B3 141
MOVE B8 183
MOVE B9 193
MOVE B12 193
MOVE B14 198
MOVE B16 198
DAMAGE TURRET B31 1
DAMAGE COMBAT A12 1
DAMAGE COMBAT A115 1
DAMAGE COMBAT B31 2
DAMAGE COMBAT B32 1
END TURN 239
TURN 240
COMMAND LEFT START
MOVE A154 100
MOVE A153 100
MOVE A152 100
TRAIN 3
COMMAND LEFT END
COMMAND RIGHT START
MOVE B3 136
MOVE B8 200
MOVE B2 183
COMMAND RIGHT END
TURN 240 RESULT
TIME LEFT 1 5 RIGHT 3 5
TRAIN A155 A156 A157
MOVE A8 150
MOVE A41 90
MOVE A43 134
MOVE A44 183
MOVE A51 183
MOVE A52 183
MOVE A53 183
MOVE A55 183
MOVE A56 183
MOVE A57 183
MOVE A58 183
MOVE A59 183
MOVE A60 183
MOVE A61 183
MOVE A62 183
MOVE A64 183
MOVE A65 183
MOVE A66 183
MOVE A67 183
MOVE A68 183
MOVE A69 183
MOVE A75 183
MOVE A76 183
MOVE A77 183
MOVE A78 183
MOVE A80 183
MOVE A81 183
MOVE A83 183
MOVE A84 183
MOVE A85 183
MOVE A86 183
MOVE A87 183
MOVE A88 183
MOVE A89 183
MOVE A90 183
MOVE A92 183
MOVE A93 183
MOVE A94 183
MOVE A95 183
MOVE A96 183
MOVE A97 183
MOVE A98 183
MOVE A99 183
MOVE A104 183
MOVE A105 183
MOVE A106 105
MOVE A107 105
MOVE A108 105
MOVE A109 105
MOVE A110 105
MOVE A111 105
MOVE A112 105
MOVE A113 105
MOVE A114 105
MOVE A116 183
MOVE A117 183
MOVE A118 183
MOVE A119 183
MOVE A120 183
MOVE A121 183
MOVE A122 183
MOVE A123 183
MOVE A124 183
MOVE A125 183
MOVE A126 183
MOVE A127 183
MOVE A128 183
MOVE A129 183
MOVE A130 183
MOVE A131 130
MOVE A143 88
MOVE A144 88
MOVE A145 79
MOVE A146 79
MOVE A147 79
MOVE A148 52
MOVE A149 52
MOVE A150 52
MOVE A151 16
MOVE A152 5
MOVE A153 5
MOVE A154 5
MOVE B2 198
MOVE B3 136
MOVE B8 193
MOVE B9 183
MOVE B12 183
MOVE B14 200
MOVE B16 200
DAMAGE TURRET A94 2
DAMAGE TURRET B32 1
DAMAGE COMBAT A12 1
DAMAGE COMBAT A94 2
DAMAGE COMBAT B9 5
DAMAGE COMBAT B12 5
DAMAGE COMBAT B32 3
SIEGE B 183 14
END TURN 240
TURN 241
COMMAND LEFT START
MOVE A44 100
MOVE A51 100
MOVE A52 100
MOVE A53 100
MOVE A55 100
MOVE A56 100
MOVE A57 100
MOVE A58 100
MOVE A59 100
MOVE A60 100
MOVE A61 100
MOVE A62 100
MOVE A64 100
MOVE A65 100
MOVE A66 100
MOVE A67 100
MOVE A68 100
MOVE A69 100
MOVE A75 100
MOVE A76 100
MOVE A77 100
MOVE A78 100
MOVE A80 100
MOVE A81 100
MOVE A83 100
MOVE A84 100
MOVE A85 100
MOVE A86 100
MOVE A87 100
MOVE A88 100
MOVE A89 100
MOVE A90 100
MOVE A92 100
MOVE A93 100
MOVE A94 100
MOVE A95 100
MOVE A96 100
MOVE A97 100
MOVE A98 100
MOVE A99 100
MOVE A104 100
MOVE A105 100
MOVE A116 100
MOVE A117 100
MOVE A118 100
MOVE A119 100
MOVE A120 100
MOVE A121 100
MOVE A122 100
MOVE A123 100
MOVE A124 100
MOVE A125 100
MOVE A126 100
MOVE A127 100
MOVE A128 100
MOVE A129 100
MOVE A157 100
MOVE A156 100
MOVE A155 100
UPGRADE 183
TRAIN 1
COMMAND LEFT END
COMMAND RIGHT START
MOVE B3 26
TRAIN 3
COMMAND RIGHT END
TURN 241 RESULT
TIME LEFT 1 5 RIGHT 11 5
UPGRADE A 183
TRAIN A158 B67 B68 B69
MOVE A43 152
MOVE A44 171
MOVE A51 171
MOVE A52 171
MOVE A53 171
MOVE A55 171
MOVE A56 171
MOVE A57 171
MOVE A58 171
MOVE A59 171
MOVE A60 171
MOVE A61 171
MOVE A62 171
MOVE A64 171
MOVE A65 171
MOVE A66 171
MOVE A67 171
MOVE A68 171
MOVE A69 171
MOVE A75 171
MOVE A76 171
MOVE A77 171
MOVE A78 171
MOVE A80 171
MOVE A81 171
MOVE A83 171
MOVE A84 171
MOVE A85 171
MOVE A86 171
MOVE A87 171
MOVE A88 171
MOVE A89 171
MOVE A90 171
MOVE A92 171
MOVE A93 171
MOVE A94 171
MOVE A95 171
MOVE A96 171
MOVE A97 171
MOVE A98 171
MOVE A99 171
MOVE A104 171
MOVE A105 171
MOVE A106 100
MOVE A107 100
MOVE A108 100
MOVE A109 100
MOVE A110 100
MOVE A111 100
MOVE A112 100
MOVE A113 100
MOVE A114 100
MOVE A116 171
MOVE A117 171
MOVE A118 171
MOVE A119 171
MOVE A120 171
MOVE A121 171
MOVE A122 171
MOVE A123 171
MOVE A124 171
MOVE A125 171
MOVE A126 171
MOVE A127 171
MOVE A128 171
MOVE A129 171
MOVE A131 134
MOVE A143 100
MOVE A144 100
MOVE A145 88
MOVE A146 88
MOVE A147 88
MOVE A148 70
MOVE A149 70
MOVE A150 70
MOVE A151 25
MOVE A152 16
MOVE A153 16
MOVE A154 16
MOVE A155 5
MOVE A156 5
MOVE A157 5
MOVE B2 193
MOVE B3 114
MOVE B8 198
DAMAGE TURRET B32 1
DAMAGE COMBAT A12 1
DAMAGE COMBAT B32 2
END TURN 241
TURN 242
COMMAND LEFT START
MOVE A27 100
MOVE A158 100
TRAIN 3
COMMAND LEFT END
COMMAND RIGHT START
COMMAND RIGHT END
TURN 242 RESULT
TIME LEFT 1 5 RIGHT 3 5
TRAIN A159 A160 A161
MOVE A27 149
MOVE A43 165
MOVE A44 153
MOVE A51 153
MOVE A52 153
MOVE A53 153
MOVE A55 153
MOVE A56 153
MOVE A57 153
MOVE A58 153
MOVE A59 153
MOVE A60 153
MOVE A61 153
MOVE A62 153
MOVE A64 153
MOVE A65 153
MOVE A66 153
MOVE A67 153
MOVE A68 153
MOVE A69 153
MOVE A75 153
MOVE A76 153
MOVE A77 153
MOVE A78 153
MOVE A80 153
MOVE A81 153
MOVE A83 153
MOVE A84 153
MOVE A85 153
MOVE A86 153
MOVE A87 153
MOVE A88 153
MOVE A89 153
MOVE A90 153
MOVE A92 153
MOVE A93 153
MOVE A94 153
MOVE A95 153
MOVE A96 153
MOVE A97 153
MOVE A98 153
MOVE A99 153
MOVE A104 153
MOVE A105 153
MOVE A116 153
MOVE A117 153
MOVE A118 153
MOVE A119 153
MOVE A120 153
MOVE A121 153
MOVE A122 153
MOVE A123 153
MOVE A124 153
MOVE A125 153
MOVE A126 153
MOVE A127 153
MOVE A128 153
MOVE A129 153
MOVE A131 152
MOVE A145 100
MOVE A146 100
MOVE A147 100
MOVE A148 79
MOVE A149 79
MOVE A150 79
MOVE A151 43
MOVE A152 25
MOVE A153 25
MOVE A154 25
MOVE A155 16
MOVE A156 16
MOVE A157 16
MOVE A158 5
MOVE B2 183
MOVE B3 87
MOVE B8 200
DAMAGE TURRET B2 1
DAMAGE COMBAT A130 1
DAMAGE COMBAT B2 1
END TURN 242
TURN 243
COMMAND LEFT START
MOVE A161 100
MOVE A160 100
MOVE A159 100
TRAIN 3
COMMAND LEFT END
COMMAND RIGHT START
TRAIN 3
COMMAND RIGHT END
TURN 243 RESULT
TIME LEFT 2 5 RIGHT 13 5
TRAIN A162 A163 A164 B70 B71 B72
MOVE A27 146
MOVE A44 138
MOVE A51 138
MOVE A52 138
MOVE A53 138
MOVE A55 138
MOVE A56 138
MOVE A57 138
MOVE A58 138
MOVE A59 138
MOVE A60 138
MOVE A61 138
MOVE A62 138
MOVE A64 138
MOVE A65 138
MOVE A66 138
MOVE A67 138
MOVE A68 138
MOVE A69 138
MOVE A75 138
MOVE A76 138
MOVE A77 138
MOVE A78 138
MOVE A80 138
MOVE A81 138
MOVE A83 138
MOVE A84 138
MOVE A85 138
MOVE A86 138
MOVE A87 138
MOVE A88 138
MOVE A89 138
MOVE A90 138
MOVE A92 138
MOVE A93 138
MOVE A94 138
MOVE A95 138
MOVE A96 138
MOVE A97 138
MOVE A98 138
MOVE A99 138
MOVE A104 138
MOVE A105 138
MOVE A116 138
MOVE A117 138
MOVE A118 138
MOVE A119 138
MOVE A120 138
MOVE A121 138
MOVE A122 138
MOVE A123 138
MOVE A124 138
MOVE A125 138
MOVE A126 138
MOVE A127 138
MOVE A128 138
MOVE A129 138
MOVE A131 165
MOVE A148 88
MOVE A149 88
MOVE A150 88
MOVE A151 52
MOVE A152 43
MOVE A153 43
MOVE A154 43
MOVE A155 25
MOVE A156 25
MOVE A157 25
MOVE A158 16
MOVE A159 5
MOVE A160 5
MOVE A161 5
MOVE B3 68
END TURN 243
TURN 244
COMMAND LEFT START
MOVE A164 100
MOVE A163 100
MOVE A162 100
TRAIN 1
COMMAND LEFT END
COMMAND RIGHT START
TRAIN 3
COMMAND RIGHT END
TURN 244 RESULT
TIME LEFT 2 5 RIGHT 12 5
TRAIN A165 B73 B74 B75
MOVE A27 123
MOVE A44 127
MOVE A51 127
MOVE A52 127
MOVE A53 127
MOVE A55 127
MOVE A56 127
MOVE A57 127
MOVE A58 127
MOVE A59 127
MOVE A60 127
MOVE A61 127
MOVE A62 127
MOVE A64 127
MOVE A65 127
MOVE A66 127
MOVE A67 127
MOVE A68 127
MOVE A69 127
MOVE A75 127
MOVE A76 127
MOVE A77 127
MOVE A78 127
MOVE A80 127
MOVE A81 127
MOVE A83 127
MOVE A84 127
MOVE A85 127
MOVE A86 127
MOVE A87 127
MOVE A88 127
MOVE A89 127
MOVE A90 127
MOVE A92 127
MOVE A93 127
MOVE A94 127
MOVE A95 127
MOVE A96 127
MOVE A97 127
MOVE A98 127
MOVE A99 127
MOVE A104 127
MOVE A105 127
MOVE A116 127
MOVE A117 127
MOVE A118 127
MOVE A119 127
MOVE A120 127
MOVE A121 127
MOVE A122 127
MOVE A123 127
MOVE A124 127
MOVE A125 127
MOVE A126 127
MOVE A127 127
MOVE A128 127
MOVE A129 127
MOVE A148 100
MOVE A149 100
MOVE A150 100
MOVE A151 70
MOVE A152 52
MOVE A153 52
MOVE A154 52
MOVE A155 43
MOVE A156 43
MOVE A157 43
MOVE A158 25
MOVE A159 16
MOVE A160 16
MOVE A161 16
MOVE A162 5
MOVE A163 5
MOVE A164 5
MOVE B3 57
END TURN 244
TURN 245
COMMAND LEFT START
MOVE A165 100
TRAIN 3
COMMAND LEFT END
COMMAND RIGHT START
TRAIN 3
COMMAND RIGHT END
TURN 245 RESULT
TIME LEFT 2 5 RIGHT 14 5
TRAIN A166 A167 A168 B76 B77 B78
MOVE A27 117
MOVE A44 112
MOVE A51 112
MOVE A52 112
MOVE A53 112
MOVE A55 112
MOVE A56 112
MOVE A57 112
MOVE A58 112
MOVE A59 112
MOVE A60 112
MOVE A61 112
MOVE A62 112
MOVE A64 112
MOVE A65 112
MOVE A66 112
MOVE A67 112
MOVE A68 112
MOVE A69 112
MOVE A75 112
MOVE A76 112
MOVE A77 112
MOVE A78 112
MOVE A80 112
MOVE A81 112
MOVE A83 112
MOVE A84 112
MOVE A85 112
MOVE A86 112
MOVE A87 112
MOVE A88 112
MOVE A89 112
MOVE A90 112
MOVE A92 112
MOVE A93 112
MOVE A94 112
MOVE A95 112
MOVE A96 112
MOVE A97 112
MOVE A98 112
MOVE A99 112
MOVE A104 112
MOVE A105 112
MOVE A116 112
MOVE A117 112
MOVE A118 112
MOVE A119 112
MOVE A120 112
MOVE A121 112
MOVE A122 112
MOVE A123 112
MOVE A124 112
MOVE A125 112
MOVE A126 112
MOVE A127 112
MOVE A128 112
MOVE A129 112
MOVE A151 79
MOVE A152 70
MOVE A153 70
MOVE A154 70
MOVE A155 52
MOVE A156 52
MOVE A157 52
MOVE A158 43
MOVE A159 25
MOVE A160 25
MOVE A161 25
MOVE A162 16
MOVE A163 16
MOVE A164 16
MOVE A165 5
MOVE B3 50
DAMAGE TURRET B3 2
DAMAGE COMBAT A14 1
DAMAGE COMBAT B3 2
END TURN 245
TURN 246
COMMAND LEFT START
MOVE A168 100
MOVE A167 100
MOVE A166 100
TRAIN 3
COMMAND LEFT END
COMMAND RIGHT START
MOVE B8 199
TRAIN 3
COMMAND RIGHT END
TURN 246 RESULT
TIME LEFT 2 5 RIGHT 16 5
TRAIN A169 A170 A171 B79 B80 B81
MOVE A27 105
MOVE A44 100
MOVE A51 100
MOVE A52 100
MOVE A53 100
MOVE A55 100
MOVE A56 100
MOVE A57 100
MOVE A58 100
MOVE A59 100
MOVE A60 100
MOVE A61 100
MOVE A62 100
MOVE A64 100
MOVE A65 100
MOVE A66 100
MOVE A67 100
MOVE A68 100
MOVE A69 100
MOVE A75 100
MOVE A76 100
MOVE A77 100
MOVE A78 100
MOVE A80 100
MOVE A81 100
MOVE A83 100
MOVE A84 100
MOVE A85 100
MOVE A86 100
MOVE A87 100
MOVE A88 100
MOVE A89 100
MOVE A90 100
MOVE A92 100
MOVE A93 100
MOVE A94 100
MOVE A95 100
MOVE A96 100
MOVE A97 100
MOVE A98 100
MOVE A99 100
MOVE A104 100
MOVE A105 100
MOVE A116 100
MOVE A117 100
MOVE A118 100
MOVE A119 100
MOVE A120 100
MOVE A121 100
MOVE A122 100
MOVE A123 100
MOVE A124 100
MOVE A125 100
MOVE A126 100
MOVE A127 100
MOVE A128 100
MOVE A129 100
MOVE A151 88
MOVE A152 79
MOVE A153 79
MOVE A154 79
MOVE A155 70
MOVE A156 70
MOVE A157 70
MOVE A158 52
MOVE A159 43
MOVE A160 43
MOVE A161 43
MOVE A162 25
MOVE A163 25
MOVE A164 25
MOVE A165 16
MOVE A166 5
MOVE A167 5
MOVE A168 5
MOVE B8 199
END TURN 246
TURN 247
COMMAND LEFT START
MOVE A171 100
MOVE A170 100
MOVE A169 100
TRAIN 3
COMMAND LEFT END
COMMAND RIGHT START
TRAIN 3
COMMAND RIGHT END
TURN 247 RESULT
TIME LEFT 7 5 RIGHT 31 5
TRAIN A172 A173 A174 B82 B83 B84
MOVE A27 100
MOVE A151 100
MOVE A152 88
MOVE A153 88
MOVE A154 88
MOVE A155 79
MOVE A156 79
MOVE A157 79
MOVE A158 70
MOVE A159 52
MOVE A160 52
MOVE A161 52
MOVE A162 43
MOVE A163 43
MOVE A164 43
MOVE A165 25
MOVE A166 16
MOVE A167 16
MOVE A168 16
MOVE A169 5
MOVE A170 5
MOVE A171 5
END TURN 247
TURN 248
COMMAND LEFT START
MOVE A174 100
MOVE A173 100
MOVE A172 100
TRAIN 3
COMMAND LEFT END
COMMAND RIGHT START
COMMAND RIGHT END
TURN 248 RESULT
TIME LEFT 8 5 RIGHT 23 5
TRAIN A175 A176 A177
MOVE A152 100
MOVE A153 100
MOVE A154 100
MOVE A155 88
MOVE A156 88
MOVE A157 88
MOVE A158 79
MOVE A159 70
MOVE A160 70
MOVE A161 70
MOVE A162 52
MOVE A163 52
MOVE A164 52
MOVE A165 43
MOVE A166 25
MOVE A167 25
MOVE A168 25
MOVE A169 16
MOVE A170 16
MOVE A171 16
MOVE A172 5
MOVE A173 5
MOVE A174 5
END TURN 248
TURN 249
COMMAND LEFT START
MOVE A177 100
MOVE A176 100
MOVE A175 100
TRAIN 3
COMMAND LEFT END
COMMAND RIGHT START
COMMAND RIGHT END
TURN 249 RESULT
TIME LEFT 8 5 RIGHT 21 5
TRAIN A178 A179 A180
MOVE A155 100
MOVE A156 100
MOVE A157 100
MOVE A158 88
MOVE A159 79
MOVE A160 79
MOVE A161 79
MOVE A162 70
MOVE A163 70
MOVE A164 70
MOVE A165 52
MOVE A166 43
MOVE A167 43
MOVE A168 43
MOVE A169 25
MOVE A170 25
MOVE A171 25
MOVE A172 16
MOVE A173 16
MOVE A174 16
MOVE A175 5
MOVE A176 5
MOVE A177 5
END TURN 249
TURN 250
COMMAND LEFT START
MOVE A180 100
MOVE A179 100
MOVE A178 100
TRAIN 3
COMMAND LEFT END
COMMAND RIGHT START
COMMAND RIGHT END
TURN 250 RESULT
TIME LEFT 9 5 RIGHT 20 5
TRAIN A181 A182 A183
MOVE A158 100
MOVE A159 88
MOVE A160 88
MOVE A161 88
MOVE A162 79
MOVE A163 79
MOVE A164 79
MOVE A165 70
MOVE A166 52
MOVE A167 52
MOVE A168 52
MOVE A169 43
MOVE A170 43
MOVE A171 43
MOVE A172 25
MOVE A173 25
MOVE A174 25
MOVE A175 16
MOVE A176 16
MOVE A177 16
MOVE A178 5
MOVE A179 5
MOVE A180 5
END TURN 250
TURN 251
COMMAND LEFT START
MOVE A183 100
MOVE A182 100
MOVE A181 100
TRAIN 3
COMMAND LEFT END
COMMAND RIGHT START
MOVE B8 124
COMMAND RIGHT END
TURN 251 RESULT
TIME LEFT 10 5 RIGHT 0 5
TRAIN A184 A185 A186
MOVE A159 100
MOVE A160 100
MOVE A161 100
MOVE A162 88
MOVE A163 88
MOVE A164 88
MOVE A165 79
MOVE A166 70
MOVE A167 70
MOVE A168 70
MOVE A169 52
MOVE A170 52
MOVE A171 52
MOVE A172 43
MOVE A173 43
MOVE A174 43
MOVE A175 25
MOVE A176 25
MOVE A177 25
MOVE A178 16
MOVE A179 16
MOVE A180 16
MOVE A181 5
MOVE A182 5
MOVE A183 5
MOVE B8 192
END TURN 251
TURN 252
COMMAND LEFT START
MOVE A186 100
MOVE A185 100
MOVE A184 100
TRAIN 3
COMMAND LEFT END
COMMAND RIGHT START
COMMAND RIGHT END
TURN 252 RESULT
TIME LEFT 11 5 RIGHT 1 5
TRAIN A187 A188 A189
MOVE A162 100
MOVE A163 100
MOVE A164 100
MOVE A165 88
MOVE A166 79
MOVE A167 79
MOVE A168 79
MOVE A169 70
MOVE A170 70
MOVE A171 70
MOVE A172 52
MOVE A173 52
MOVE A174 52
MOVE A175 43
MOVE A176 43
MOVE A177 43
MOVE A178 25
MOVE A179 25
MOVE A180 25
MOVE A181 16
MOVE A182 16
MOVE A183 16
MOVE A184 5
MOVE A185 5
MOVE A186 5
MOVE B8 188
END TURN 252
TURN 253
COMMAND LEFT START
MOVE A189 100
MOVE A188 100
MOVE A187 100
TRAIN 3
COMMAND LEFT END
COMMAND RIGHT START
COMMAND RIGHT END
TURN 253 RESULT
TIME LEFT 13 5 RIGHT 1 5
TRAIN A190 A191 A192
MOVE A165 100
MOVE A166 88
MOVE A167 88
MOVE A168 88
MOVE A169 79
MOVE A170 79
MOVE A171 79
MOVE A172 70
MOVE A173 70
MOVE A174 70
MOVE A175 52
MOVE A176 52
MOVE A177 52
MOVE A178 43
MOVE A179 43
MOVE A180 43
MOVE A181 25
MOVE A182 25
MOVE A183 25
MOVE A184 16
MOVE A185 16
MOVE A186 16
MOVE A187 5
MOVE A188 5
MOVE A189 5
MOVE B8 176
END TURN 253
TURN 254
COMMAND LEFT START
MOVE A192 100
MOVE A191 100
MOVE A190 100
TRAIN 3
COMMAND LEFT END
COMMAND RIGHT START
COMMAND RIGHT END
TURN 254 RESULT
TIME LEFT 13 5 RIGHT 0 5
TRAIN A193 A194 A195
MOVE A166 100
MOVE A167 100
MOVE A168 100
MOVE A169 88
MOVE A170 88
MOVE A171 88
MOVE A172 79
MOVE A173 79
MOVE A174 79
MOVE A175 70
MOVE A176 70
MOVE A177 70
MOVE A178 52
MOVE A179 52
MOVE A180 52
MOVE A181 43
MOVE A182 43
MOVE A183 43
MOVE A184 25
MOVE A185 25
MOVE A186 25
MOVE A187 16
MOVE A188 16
MOVE A189 16
MOVE A190 5
MOVE A191 5
MOVE A192 5
MOVE B8 167
END TURN 254
TURN 255
COMMAND LEFT START
MOVE A195 100
MOVE A194 100
MOVE A193 100
TRAIN 3
COMMAND LEFT END
COMMAND RIGHT START
COMMAND RIGHT END
TURN 255 RESULT
TIME LEFT 27 5 RIGHT 1 5
TRAIN A196 A197 A198
MOVE A169 100
MOVE A170 100
MOVE A171 100
MOVE A172 88
MOVE A173 88
MOVE A174 88
MOVE A175 79
MOVE A176 79
MOVE A177 79
MOVE A178 70
MOVE A179 70
MOVE A180 70
MOVE A181 52
MOVE A182 52
MOVE A183 52
MOVE A184 43
MOVE A185 43
MOVE A186 43
MOVE A187 25
MOVE A188 25
MOVE A189 25
MOVE A190 16
MOVE A191 16
MOVE A192 16
MOVE A193 5
MOVE A194 5
MOVE A195 5
MOVE B8 149
END TURN 255
TURN 256
COMMAND LEFT START
MOVE A171 200
MOVE A170 200
MOVE A169 200
MOVE A168 200
MOVE A167 200
MOVE A166 200
MOVE A165 200
MOVE A164 200
MOVE A163 200
MOVE A162 200
MOVE A161 200
MOVE A160 200
MOVE A159 200
MOVE A158 200
MOVE A157 200
MOVE A156 200
MOVE A155 200
MOVE A154 200
MOVE A153 200
MOVE A152 200
MOVE A151 200
MOVE A150 200
MOVE A149 200
MOVE A148 200
MOVE A147 200
MOVE A146 200
MOVE A145 200
MOVE A144 200
MOVE A143 200
MOVE A142 200
MOVE A141 200
MOVE A140 200
MOVE A139 200
MOVE A138 200
MOVE A137 200
MOVE A136 200
MOVE A135 200
MOVE A134 200
MOVE A133 200
MOVE A132 200
MOVE A129 200
MOVE A128 200
MOVE A127 200
MOVE A126 200
MOVE A125 200
MOVE A124 200
MOVE A123 200
MOVE A122 200
MOVE A121 200
MOVE A120 200
MOVE A119 200
MOVE A118 200
MOVE A117 200
MOVE A116 200
MOVE A114 200
MOVE A113 200
MOVE A112 200
MOVE A111 200
MOVE A110 200
MOVE A109 200
MOVE A108 200
MOVE A107 200
MOVE A106 200
MOVE A105 200
MOVE A104 200
MOVE A103 200
MOVE A99 200
MOVE A98 200
MOVE A97 200
MOVE A96 200
MOVE A95 200
MOVE A94 200
MOVE A93 200
MOVE A92 200
MOVE A90 200
MOVE A89 200
MOVE A88 200
MOVE A87 200
MOVE A86 200
MOVE A85 200
MOVE A84 200
MOVE A83 200
MOVE A81 200
MOVE A80 200
MOVE A78 200
MOVE A77 200
MOVE A76 200
MOVE A75 200
MOVE A70 200
MOVE A69 200
MOVE A68 200
MOVE A67 200
MOVE A66 200
MOVE A65 200
MOVE A64 200
MOVE A62 200
MOVE A61 200
MOVE A60 200
MOVE A59 200
MOVE A58 200
MOVE A57 200
MOVE A56 200
MOVE A55 200
MOVE A53 200
MOVE A52 200
MOVE A51 200
COMMAND LEFT END
COMMAND RIGHT START
COMMAND RIGHT END
TURN 256 RESULT
TIME LEFT 13 5 RIGHT 1 5
MOVE A51 112
MOVE A52 112
MOVE A53 112
MOVE A55 112
MOVE A56 112
MOVE A57 112
MOVE A58 112
MOVE A59 112
MOVE A60 112
MOVE A61 112
MOVE A62 112
MOVE A64 112
MOVE A65 112
MOVE A66 112
MOVE A67 112
MOVE A68 112
MOVE A69 112
MOVE A70 112
MOVE A75 112
MOVE A76 112
MOVE A77 112
MOVE A78 112
MOVE A80 112
MOVE A81 112
MOVE A83 112
MOVE A84 112
MOVE A85 112
MOVE A86 112
MOVE A87 112
MOVE A88 112
MOVE A89 112
MOVE A90 112
MOVE A92 112
MOVE A93 112
MOVE A94 112
MOVE A95 112
MOVE A96 112
MOVE A97 112
MOVE A98 112
MOVE A99 112
MOVE A103 112
MOVE A104 112
MOVE A105 112
MOVE A106 112
MOVE A107 112
MOVE A108 112
MOVE A109 112
MOVE A110 112
MOVE A111 112
MOVE A112 112
MOVE A113 112
MOVE A114 112
MOVE A116 112
MOVE A117 112
MOVE A118 112
MOVE A119 112
MOVE A120 112
MOVE A121 112
MOVE A122 112
MOVE A123 112
MOVE A124 112
MOVE A125 112
MOVE A126 112
MOVE A127 112
MOVE A128 112
MOVE A129 112
MOVE A132 112
MOVE A133 112
MOVE A134 112
MOVE A135 112
MOVE A136 112
MOVE A137 112
MOVE A138 112
MOVE A139 112
MOVE A140 112
MOVE A141 112
MOVE A142 112
MOVE A143 112
MOVE A144 112
MOVE A145 112
MOVE A146 112
MOVE A147 112
MOVE A148 112
MOVE A149 112
MOVE A150 112
MOVE A151 112
MOVE A152 112
MOVE A153 112
MOVE A154 112
MOVE A155 112
MOVE A156 112
MOVE A157 112
MOVE A158 112
MOVE A159 112
MOVE A160 112
MOVE A161 112
MOVE A162 112
MOVE A163 112
MOVE A164 112
MOVE A165 112
MOVE A166 112
MOVE A167 112
MOVE A168 112
MOVE A169 112
MOVE A170 112
MOVE A171 112
MOVE A172 100
MOVE A173 100
MOVE A174 100
MOVE A175 88
MOVE A176 88
MOVE A177 88
MOVE A178 79
MOVE A179 79
MOVE A180 79
MOVE A181 70
MOVE A182 70
MOVE A183 70
MOVE A184 52
MOVE A185 52
MOVE A186 52
MOVE A187 43
MOVE A188 43
MOVE A189 43
MOVE A190 25
MOVE A191 25
MOVE A192 25
MOVE A193 16
MOVE A194 16
MOVE A195 16
MOVE B8 133
END TURN 256
TURN 257
COMMAND LEFT START
TRAIN 3
COMMAND LEFT END
COMMAND RIGHT START
COMMAND RIGHT END
TURN 257 RESULT
TIME LEFT 1 5 RIGHT 0 5
TRAIN A199 A200 A201
MOVE A51 121
MOVE A52 121
MOVE A53 121
MOVE A55 121
MOVE A56 121
MOVE A57 121
MOVE A58 121
MOVE A59 121
MOVE A60 121
MOVE A61 121
MOVE A62 121
MOVE A64 121
MOVE A65 121
MOVE A66 121
MOVE A67 121
MOVE A68 121
MOVE A69 121
MOVE A70 121
MOVE A75 121
MOVE A76 121
MOVE A77 121
MOVE A78 121
MOVE A80 121
MOVE A81 121
MOVE A83 121
MOVE A84 121
MOVE A85 121
MOVE A86 121
MOVE A87 121
MOVE A88 121
MOVE A89 121
MOVE A90 121
MOVE A92 121
MOVE A93 121
MOVE A94 121
MOVE A95 121
MOVE A96 121
MOVE A97 121
MOVE A98 121
MOVE A99 121
MOVE A103 121
MOVE A104 121
MOVE A105 121
MOVE A106 121
MOVE A107 121
MOVE A108 121
MOVE A109 121
MOVE A110 121
MOVE A111 121
MOVE A112 121
MOVE A113 121
MOVE A114 121
MOVE A116 121
MOVE A117 121
MOVE A118 121
MOVE A119 121
MOVE A120 121
MOVE A121 121
MOVE A122 121
MOVE A123 121
MOVE A124 121
MOVE A125 121
MOVE A126 121
MOVE A127 121
MOVE A128 121
MOVE A129 121
MOVE A132 121
MOVE A133 121
MOVE A134 121
MOVE A135 121
MOVE A136 121
MOVE A137 121
MOVE A138 121
MOVE A139 121
MOVE A140 121
MOVE A141 121
MOVE A142 121
MOVE A143 121
MOVE A144 121
MOVE A145 121
MOVE A146 121
MOVE A147 121
MOVE A148 121
MOVE A149 121
MOVE A150 121
MOVE A151 121
MOVE A152 121
MOVE A153 121
MOVE A154 121
MOVE A155 121
MOVE A156 121
MOVE A157 121
MOVE A158 121
MOVE A159 121
MOVE A160 121
MOVE A161 121
MOVE A162 121
MOVE A163 121
MOVE A164 121
MOVE A165 121
MOVE A166 121
MOVE A167 121
MOVE A168 121
MOVE A169 121
MOVE A170 121
MOVE A171 121
MOVE A175 100
MOVE A176 100
MOVE A177 100
MOVE A178 88
MOVE A179 88
MOVE A180 88
MOVE A181 79
MOVE A182 79
MOVE A183 79
MOVE A184 70
MOVE A185 70
MOVE A186 70
MOVE A187 52
MOVE A188 52
MOVE A189 52
MOVE A190 43
MOVE A191 43
MOVE A192 43
MOVE A193 25
MOVE A194 25
MOVE A195 25
MOVE B8 124
END TURN 257
TURN 258
COMMAND LEFT START
TRAIN 3
COMMAND LEFT END
COMMAND RIGHT START
MOVE B8 131
COMMAND RIGHT END
TURN 258 RESULT
TIME LEFT 1 5 RIGHT 1 5
TRAIN A202 A203 A204
MOVE A51 130
MOVE A52 130
MOVE A53 130
MOVE A55 130
MOVE A56 130
MOVE A57 130
MOVE A58 130
MOVE A59 130
MOVE A60 130
MOVE A61 130
MOVE A62 130
MOVE A64 130
MOVE A65 130
MOVE A66 130
MOVE A67 130
MOVE A68 130
MOVE A69 130
MOVE A70 130
MOVE A75 130
MOVE A76 130
MOVE A77 130
MOVE A78 130
MOVE A80 130
MOVE A81 130
MOVE A83 130
MOVE A84 130
MOVE A85 130
MOVE A86 130
MOVE A87 130
MOVE A88 130
MOVE A89 130
MOVE A90 130
MOVE A92 130
MOVE A93 130
MOVE A94 130
MOVE A95 130
MOVE A96 130
MOVE A97 130
MOVE A98 130
MOVE A99 130
MOVE A103 130
MOVE A104 130
MOVE A105 130
MOVE A106 130
MOVE A107 130
MOVE A108 130
MOVE A109 130
MOVE A110 130
MOVE A111 130
MOVE A112 130
MOVE A113 130
MOVE A114 130
MOVE A116 130
MOVE A117 130
MOVE A118 130
MOVE A119 130
MOVE A120 130
MOVE A121 130
MOVE A122 130
MOVE A123 130
MOVE A124 130
MOVE A125 130
MOVE A126 130
MOVE A127 130
MOVE A128 130
MOVE A129 130
MOVE A132 130
MOVE A133 130
MOVE A134 130
MOVE A135 130
MOVE A136 130
MOVE A137 130
MOVE A138 130
MOVE A139 130
MOVE A140 130
MOVE A141 130
MOVE A142 130
MOVE A143 130
MOVE A144 130
MOVE A145 130
MOVE A146 130
MOVE A147 130
MOVE A148 130
MOVE A149 130
MOVE A150 130
MOVE A151 130
MOVE A152 130
MOVE A153 130
MOVE A154 130
MOVE A155 130
MOVE A156 130
MOVE A157 130
MOVE A158 130
MOVE A159 130
MOVE A160 130
MOVE A161 130
MOVE A162 130
MOVE A163 130
MOVE A164 130
MOVE A165 130
MOVE A166 130
MOVE A167 130
MOVE A168 130
MOVE A169 130
MOVE A170 130
MOVE A171 130
MOVE A178 100
MOVE A179 100
MOVE A180 100
MOVE A181 88
MOVE A182 88
MOVE A183 88
MOVE A184 79
MOVE A185 79
MOVE A186 79
MOVE A187 70
MOVE A188 70
MOVE A189 70
MOVE A190 52
MOVE A191 52
MOVE A192 52
MOVE A193 43
MOVE A194 43
MOVE A195 43
MOVE B8 131
END TURN 258
TURN 259
COMMAND LEFT START
TRAIN 3
COMMAND LEFT END
COMMAND RIGHT START
MOVE B8 146
COMMAND RIGHT END
TURN 259 RESULT
TIME LEFT 1 5 RIGHT 1 5
TRAIN A205 A206 A207
MOVE A51 148
MOVE A52 148
MOVE A53 148
MOVE A55 148
MOVE A56 148
MOVE A57 148
MOVE A58 148
MOVE A59 148
MOVE A60 148
MOVE A61 148
MOVE A62 148
MOVE A64 148
MOVE A65 148
MOVE A66 148
MOVE A67 148
MOVE A68 148
MOVE A69 148
MOVE A70 148
MOVE A75 148
MOVE A76 148
MOVE A77 148
MOVE A78 148
MOVE A80 148
MOVE A81 148
MOVE A83 148
MOVE A84 148
MOVE A85 148
MOVE A86 148
MOVE A87 148
MOVE A88 148
MOVE A89 148
MOVE A90 148
MOVE A92 148
MOVE A93 148
MOVE A94 148
MOVE A95 148
MOVE A96 148
MOVE A97 148
MOVE A98 148
MOVE A99 148
MOVE A103 148
MOVE A104 148
MOVE A105 148
MOVE A106 148
MOVE A107 148
MOVE A108 148
MOVE A109 148
MOVE A110 148
MOVE A111 148
MOVE A112 148
MOVE A113 148
MOVE A114 148
MOVE A116 148
MOVE A117 148
MOVE A118 148
MOVE A119 148
MOVE A120 148
MOVE A121 148
MOVE A122 148
MOVE A123 148
MOVE A124 148
MOVE A125 148
MOVE A126 148
MOVE A127 148
MOVE A128 148
MOVE A129 148
MOVE A132 148
MOVE A133 148
MOVE A134 148
MOVE A135 148
MOVE A136 148
MOVE A137 148
MOVE A138 148
MOVE A139 148
MOVE A140 148
MOVE A141 148
MOVE A142 148
MOVE A143 148
MOVE A144 148
MOVE A145 148
MOVE A146 148
MOVE A147 148
MOVE A148 148
MOVE A149 148
MOVE A150 148
MOVE A151 148
MOVE A152 148
MOVE A153 148
MOVE A154 148
MOVE A155 148
MOVE A156 148
MOVE A157 148
MOVE A158 148
MOVE A159 148
MOVE A160 148
MOVE A161 148
MOVE A162 148
MOVE A163 148
MOVE A164 148
MOVE A165 148
MOVE A166 148
MOVE A167 148
MOVE A168 148
MOVE A169 148
MOVE A170 148
MOVE A171 148
MOVE A181 100
MOVE A182 100
MOVE A183 100
MOVE A184 88
MOVE A185 88
MOVE A186 88
MOVE A187 79
MOVE A188 79
MOVE A189 79
MOVE A190 70
MOVE A191 70
MOVE A192 70
MOVE A193 52
MOVE A194 52
MOVE A195 52
MOVE B8 146
END TURN 259
TURN 260
COMMAND LEFT START
TRAIN 3
COMMAND LEFT END
COMMAND RIGHT START
MOVE B8 122
TRAIN 3
COMMAND RIGHT END
TURN 260 RESULT
TIME LEFT 1 5 RIGHT 18 5
TRAIN A208 A209 A210 B85 B86 B87
MOVE A51 157
MOVE A52 157
MOVE A53 157
MOVE A55 157
MOVE A56 157
MOVE A57 157
MOVE A58 157
MOVE A59 157
MOVE A60 157
MOVE A61 157
MOVE A62 157
MOVE A64 157
MOVE A65 157
MOVE A66 157
MOVE A67 157
MOVE A68 157
MOVE A69 157
MOVE A70 157
MOVE A75 157
MOVE A76 157
MOVE A77 157
MOVE A78 157
MOVE A80 157
MOVE A81 157
MOVE A83 157
MOVE A84 157
MOVE A85 157
MOVE A86 157
MOVE A87 157
MOVE A88 157
MOVE A89 157
MOVE A90 157
MOVE A92 157
MOVE A93 157
MOVE A94 157
MOVE A95 157
MOVE A96 157
MOVE A97 157
MOVE A98 157
MOVE A99 157
MOVE A103 157
MOVE A104 157
MOVE A105 157
MOVE A106 157
MOVE A107 157
MOVE A108 157
MOVE A109 157
MOVE A110 157
MOVE A111 157
MOVE A112 157
MOVE A113 157
MOVE A114 157
MOVE A116 157
MOVE A117 157
MOVE A118 157
MOVE A119 157
MOVE A120 157
MOVE A121 157
MOVE A122 157
MOVE A123 157
MOVE A124 157
MOVE A125 157
MOVE A126 157
MOVE A127 157
MOVE A128 157
MOVE A129 157
MOVE A132 157
MOVE A133 157
MOVE A134 157
MOVE A135 157
MOVE A136 157
MOVE A137 157
MOVE A138 157
MOVE A139 157
MOVE A140 157
MOVE A141 157
MOVE A142 157
MOVE A143 157
MOVE A144 157
MOVE A145 157
MOVE A146 157
MOVE A147 157
MOVE A148 157
MOVE A149 157
MOVE A150 157
MOVE A151 157
MOVE A152 157
MOVE A153 157
MOVE A154 157
MOVE A155 157
MOVE A156 157
MOVE A157 157
MOVE A158 157
MOVE A159 157
MOVE A160 157
MOVE A161 157
MOVE A162 157
MOVE A163 157
MOVE A164 157
MOVE A165 157
MOVE A166 157
MOVE A167 157
MOVE A168 157
MOVE A169 157
MOVE A170 157
MOVE A171 157
MOVE A184 100
MOVE A185 100
MOVE A186 100
MOVE A187 88
MOVE A188 88
MOVE A189 88
MOVE A190 79
MOVE A191 79
MOVE A192 79
MOVE A193 70
MOVE A194 70
MOVE A195 70
MOVE B8 122
END TURN 260
TURN 261
COMMAND LEFT START
TRAIN 3
COMMAND LEFT END
COMMAND RIGHT START
MOVE B8 146
TRAIN 3
COMMAND RIGHT END
TURN 261 RESULT
TIME LEFT 1 5 RIGHT 21 5
TRAIN A211 A212 A213 B88 B89 B90
MOVE A51 175
MOVE A52 175
MOVE A53 175
MOVE A55 175
MOVE A56 175
MOVE A57 175
MOVE A58 175
MOVE A59 175
MOVE A60 175
MOVE A61 175
MOVE A62 175
MOVE A64 175
MOVE A65 175
MOVE A66 175
MOVE A67 175
MOVE A68 175
MOVE A69 175
MOVE A70 175
MOVE A75 175
MOVE A76 175
MOVE A77 175
MOVE A78 175
MOVE A80 175
MOVE A81 175
MOVE A83 175
MOVE A84 175
MOVE A85 175
MOVE A86 175
MOVE A87 175
MOVE A88 175
MOVE A89 175
MOVE A90 175
MOVE A92 175
MOVE A93 175
MOVE A94 175
MOVE A95 175
MOVE A96 175
MOVE A97 175
MOVE A98 175
MOVE A99 175
MOVE A103 175
MOVE A104 175
MOVE A105 175
MOVE A106 175
MOVE A107 175
MOVE A108 175
MOVE A109 175
MOVE A110 175
MOVE A111 175
MOVE A112 175
MOVE A113 175
MOVE A114 175
MOVE A116 175
MOVE A117 175
MOVE A118 175
MOVE A119 175
MOVE A120 175
MOVE A121 175
MOVE A122 175
MOVE A123 175
MOVE A124 175
MOVE A125 175
MOVE A126 175
MOVE A127 175
MOVE A128 175
MOVE A129 175
MOVE A132 175
MOVE A133 175
MOVE A134 175
MOVE A135 175
MOVE A136 175
MOVE A137 175
MOVE A138 175
MOVE A139 175
MOVE A140 175
MOVE A141 175
MOVE A142 175
MOVE A143 175
MOVE A144 175
MOVE A145 175
MOVE A146 175
MOVE A147 175
MOVE A148 175
MOVE A149 175
MOVE A150 175
MOVE A151 175
MOVE A152 175
MOVE A153 175
MOVE A154 175
MOVE A155 175
MOVE A156 175
MOVE A157 175
MOVE A158 175
MOVE A159 175
MOVE A160 175
MOVE A161 175
MOVE A162 175
MOVE A163 175
MOVE A164 175
MOVE A165 175
MOVE A166 175
MOVE A167 175
MOVE A168 175
MOVE A169 175
MOVE A170 175
MOVE A171 175
MOVE A187 100
MOVE A188 100
MOVE A189 100
MOVE A190 88
MOVE A191 88
MOVE A192 88
MOVE A193 79
MOVE A194 79
MOVE A195 79
MOVE B8 146
END TURN 261
TURN 262
COMMAND LEFT START
TRAIN 3
COMMAND LEFT END
COMMAND RIGHT START
MOVE B8 123
TRAIN 3
COMMAND RIGHT END
TURN 262 RESULT
TIME LEFT 1 5 RIGHT 21 5
TRAIN A214 A215 A216 B91 B92 B93
MOVE A51 184
MOVE A52 184
MOVE A53 184
MOVE A55 184
MOVE A56 184
MOVE A57 184
MOVE A58 184
MOVE A59 184
MOVE A60 184
MOVE A61 184
MOVE A62 184
MOVE A64 184
MOVE A65 184
MOVE A66 184
MOVE A67 184
MOVE A68 184
MOVE A69 184
MOVE A70 184
MOVE A75 184
MOVE A76 184
MOVE A77 184
MOVE A78 184
MOVE A80 184
MOVE A81 184
MOVE A83 184
MOVE A84 184
MOVE A85 184
MOVE A86 184
MOVE A87 184
MOVE A88 184
MOVE A89 184
MOVE A90 184
MOVE A92 184
MOVE A93 184
MOVE A94 184
MOVE A95 184
MOVE A96 184
MOVE A97 184
MOVE A98 184
MOVE A99 184
MOVE A103 184
MOVE A104 184
MOVE A105 184
MOVE A106 184
MOVE A107 184
MOVE A108 184
MOVE A109 184
MOVE A110 184
MOVE A111 184
MOVE A112 184
MOVE A113 184
MOVE A114 184
MOVE A116 184
MOVE A117 184
MOVE A118 184
MOVE A119 184
MOVE A120 184
MOVE A121 184
MOVE A122 184
MOVE A123 184
MOVE A124 184
MOVE A125 184
MOVE A126 184
MOVE A127 184
MOVE A128 184
MOVE A129 184
MOVE A132 184
MOVE A133 184
MOVE A134 184
MOVE A135 184
MOVE A136 184
MOVE A137 184
MOVE A138 184
MOVE A139 184
MOVE A140 184
MOVE A141 184
MOVE A142 184
MOVE A143 184
MOVE A144 184
MOVE A145 184
MOVE A146 184
MOVE A147 184
MOVE A148 184
MOVE A149 184
MOVE A150 184
MOVE A151 184
MOVE A152 184
MOVE A153 184
MOVE A154 184
MOVE A155 184
MOVE A156 184
MOVE A157 184
MOVE A158 184
MOVE A159 184
MOVE A160 184
MOVE A161 184
MOVE A162 184
MOVE A163 184
MOVE A164 184
MOVE A165 184
MOVE A166 184
MOVE A167 184
MOVE A168 184
MOVE A169 184
MOVE A170 184
MOVE A171 184
MOVE A190 100
MOVE A191 100
MOVE A192 100
MOVE A193 88
MOVE A194 88
MOVE A195 88
MOVE B8 123
END TURN 262
TURN 263
COMMAND LEFT START
TRAIN 3
COMMAND LEFT END
COMMAND RIGHT START
MOVE B8 134
TRAIN 3
COMMAND RIGHT END
TURN 263 RESULT
TIME LEFT 1 5 RIGHT 22 5
TRAIN A217 A218 A219 B94 B95 B96
MOVE A51 195
MOVE A52 195
MOVE A53 195
MOVE A55 195
MOVE A56 195
MOVE A57 195
MOVE A58 195
MOVE A59 195
MOVE A60 195
MOVE A61 195
MOVE A62 195
MOVE A64 195
MOVE A65 195
MOVE A66 195
MOVE A67 195
MOVE A68 195
MOVE A69 195
MOVE A70 195
MOVE A75 195
MOVE A76 195
MOVE A77 195
MOVE A78 195
MOVE A80 195
MOVE A81 195
MOVE A83 195
MOVE A84 195
MOVE A85 195
MOVE A86 195
MOVE A87 195
MOVE A88 195
MOVE A89 195
MOVE A90 195
MOVE A92 195
MOVE A93 195
MOVE A94 195
MOVE A95 195
MOVE A96 195
MOVE A97 195
MOVE A98 195
MOVE A99 195
MOVE A103 195
MOVE A104 195
MOVE A105 195
MOVE A106 195
MOVE A107 195
MOVE A108 195
MOVE A109 195
MOVE A110 195
MOVE A111 195
MOVE A112 195
MOVE A113 195
MOVE A114 195
MOVE A116 195
MOVE A117 195
MOVE A118 195
MOVE A119 195
MOVE A120 195
MOVE A121 195
MOVE A122 195
MOVE A123 195
MOVE A124 195
MOVE A125 195
MOVE A126 195
MOVE A127 195
MOVE A128 195
MOVE A129 195
MOVE A132 195
MOVE A133 195
MOVE A134 195
MOVE A135 195
MOVE A136 195
MOVE A137 195
MOVE A138 195
MOVE A139 195
MOVE A140 195
MOVE A141 195
MOVE A142 195
MOVE A143 195
MOVE A144 195
MOVE A145 195
MOVE A146 195
MOVE A147 195
MOVE A148 195
MOVE A149 195
MOVE A150 195
MOVE A151 195
MOVE A152 195
MOVE A153 195
MOVE A154 195
MOVE A155 195
MOVE A156 195
MOVE A157 195
MOVE A158 195
MOVE A159 195
MOVE A160 195
MOVE A161 195
MOVE A162 195
MOVE A163 195
MOVE A164 195
MOVE A165 195
MOVE A166 195
MOVE A167 195
MOVE A168 195
MOVE A169 195
MOVE A170 195
MOVE A171 195
MOVE A193 100
MOVE A194 100
MOVE A195 100
MOVE B8 134
END TURN 263
TURN 264
COMMAND LEFT START
TRAIN 3
COMMAND LEFT END
COMMAND RIGHT START
MOVE B8 123
TRAIN 3
COMMAND RIGHT END
TURN 264 RESULT
TIME LEFT 0 5 RIGHT 24 5
TRAIN A220 A221 A222 B97 B98 B99
MOVE A51 200
MOVE A52 200
MOVE A53 200
MOVE A55 200
MOVE A56 200
MOVE A57 200
MOVE A58 200
MOVE A59 200
MOVE A60 200
MOVE A61 200
MOVE A62 200
MOVE A64 200
MOVE A65 200
MOVE A66 200
MOVE A67 200
MOVE A68 200
MOVE A69 200
MOVE A70 200
MOVE A75 200
MOVE A76 200
MOVE A77 200
MOVE A78 200
MOVE A80 200
MOVE A81 200
MOVE A83 200
MOVE A84 200
MOVE A85 200
MOVE A86 200
MOVE A87 200
MOVE A88 200
MOVE A89 200
MOVE A90 200
MOVE A92 200
MOVE A93 200
MOVE A94 200
MOVE A95 200
MOVE A96 200
MOVE A97 200
MOVE A98 200
MOVE A99 200
MOVE A103 200
MOVE A104 200
MOVE A105 200
MOVE A106 200
MOVE A107 200
MOVE A108 200
MOVE A109 200
MOVE A110 200
MOVE A111 200
MOVE A112 200
MOVE A113 200
MOVE A114 200
MOVE A116 200
MOVE A117 200
MOVE A118 200
MOVE A119 200
MOVE A120 200
MOVE A121 200
MOVE A122 200
MOVE A123 200
MOVE A124 200
MOVE A125 200
MOVE A126 200
MOVE A127 200
MOVE A128 200
MOVE A129 200
MOVE A132 200
MOVE A133 200
MOVE A134 200
MOVE A135 200
MOVE A136 200
MOVE A137 200
MOVE A138 200
MOVE A139 200
MOVE A140 200
MOVE A141 200
MOVE A142 200
MOVE A143 200
MOVE A144 200
MOVE A145 200
MOVE A146 200
MOVE A147 200
MOVE A148 200
MOVE A149 200
MOVE A150 200
MOVE A151 200
MOVE A152 200
MOVE A153 200
MOVE A154 200
MOVE A155 200
MOVE A156 200
MOVE A157 200
MOVE A158 200
MOVE A159 200
MOVE A160 200
MOVE A161 200
MOVE A162 200
MOVE A163 200
MOVE A164 200
MOVE A165 200
MOVE A166 200
MOVE A167 200
MOVE A168 200
MOVE A169 200
MOVE A170 200
MOVE A171 200
MOVE B8 123
DAMAGE TURRET A70 1
DAMAGE TURRET A94 2
DAMAGE COMBAT A51 8
DAMAGE COMBAT A52 8
DAMAGE COMBAT A53 8
DAMAGE COMBAT A55 8
DAMAGE COMBAT A56 8
DAMAGE COMBAT A57 8
DAMAGE COMBAT A58 8
DAMAGE COMBAT A59 8
DAMAGE COMBAT A60 8
DAMAGE COMBAT A61 2
DAMAGE COMBAT A70 3
DAMAGE COMBAT A106 4
DAMAGE COMBAT B14 4
DAMAGE COMBAT B15 8
DAMAGE COMBAT B16 6
DAMAGE COMBAT B17 8
DAMAGE COMBAT B19 8
DAMAGE COMBAT B20 8
DAMAGE COMBAT B21 8
DAMAGE COMBAT B22 8
DAMAGE COMBAT B23 8
DAMAGE COMBAT B26 8
DAMAGE COMBAT B27 8
DAMAGE COMBAT B28 8
DAMAGE COMBAT B29 8
DAMAGE COMBAT B30 8
END TURN 264
TURN 265
COMMAND LEFT START
TRAIN 3
COMMAND LEFT END
COMMAND RIGHT START
MOVE B8 134
TRAIN 3
COMMAND RIGHT END
TURN 265 RESULT
TIME LEFT 0 5 RIGHT 19 5
TRAIN A223 A224 A225 B100 B101 B102
MOVE B8 134
DAMAGE TURRET A61 3
DAMAGE COMBAT A61 3
DAMAGE COMBAT A62 8
DAMAGE COMBAT A64 8
DAMAGE COMBAT A65 8
DAMAGE COMBAT A66 8
DAMAGE COMBAT A67 8
DAMAGE COMBAT A68 8
DAMAGE COMBAT A69 8
DAMAGE COMBAT A75 8
DAMAGE COMBAT A76 3
DAMAGE COMBAT B33 8
DAMAGE COMBAT B34 8
DAMAGE COMBAT B35 8
DAMAGE COMBAT B36 8
DAMAGE COMBAT B37 8
DAMAGE COMBAT B38 8
DAMAGE COMBAT B39 8
DAMAGE COMBAT B40 8
DAMAGE COMBAT B41 8
DAMAGE COMBAT B42 8
DAMAGE COMBAT B43 8
DAMAGE COMBAT B44 6
END TURN 265
TURN 266
COMMAND LEFT START
TRAIN 3
COMMAND LEFT END
COMMAND RIGHT START
MOVE B8 123
TRAIN 3
COMMAND RIGHT END
TURN 266 RESULT
TIME LEFT 1 5 RIGHT 14 5
TRAIN A226 A227 A228 B103 B104 B105
MOVE B8 123
DAMAGE TURRET A76 3
DAMAGE COMBAT A76 2
DAMAGE COMBAT A77 8
DAMAGE COMBAT A78 8
DAMAGE COMBAT A80 8
DAMAGE COMBAT A81 8
DAMAGE COMBAT A83 8
DAMAGE COMBAT A84 8
DAMAGE COMBAT A85 8
DAMAGE COMBAT A86 4
DAMAGE COMBAT B44 2
DAMAGE COMBAT B45 8
DAMAGE COMBAT B46 8
DAMAGE COMBAT B47 8
DAMAGE COMBAT B48 8
DAMAGE COMBAT B49 8
DAMAGE COMBAT B50 8
DAMAGE COMBAT B51 8
DAMAGE COMBAT B52 8
DAMAGE COMBAT B53 8
DAMAGE COMBAT B54 8
DAMAGE COMBAT B55 3
END TURN 266
TURN 267
COMMAND LEFT START
TRAIN 3
COMMAND LEFT END
COMMAND RIGHT START
MOVE B8 134
TRAIN 3
COMMAND RIGHT END
TURN 267 RESULT
TIME LEFT 0 5 RIGHT 12 5
TRAIN A229 A230 A231 B106 B107 B108
MOVE B8 134
DAMAGE TURRET A86 3
DAMAGE COMBAT A86 1
DAMAGE COMBAT A87 8
DAMAGE COMBAT A88 8
DAMAGE COMBAT A89 8
DAMAGE COMBAT A90 8
DAMAGE COMBAT A92 8
DAMAGE COMBAT A93 8
DAMAGE COMBAT A95 5
DAMAGE COMBAT B55 5
DAMAGE COMBAT B56 8
DAMAGE COMBAT B57 8
DAMAGE COMBAT B58 8
DAMAGE COMBAT B59 8
DAMAGE COMBAT B60 8
DAMAGE COMBAT B61 8
DAMAGE COMBAT B62 8
DAMAGE COMBAT B63 8
DAMAGE COMBAT B64 8
END TURN 267
TURN 268
COMMAND LEFT START
TRAIN 3
COMMAND LEFT END
COMMAND RIGHT START
MOVE B8 123
TRAIN 3
COMMAND RIGHT END
TURN 268 RESULT
TIME LEFT 0 5 RIGHT 9 5
TRAIN A232 A233 A234 B109 B110 B111
MOVE B8 123
DAMAGE TURRET A95 3
DAMAGE COMBAT A96 8
DAMAGE COMBAT A97 8
DAMAGE COMBAT A98 8
DAMAGE COMBAT A99 8
DAMAGE COMBAT A103 8
DAMAGE COMBAT A104 7
DAMAGE COMBAT B65 8
DAMAGE COMBAT B66 8
DAMAGE COMBAT B67 8
DAMAGE COMBAT B68 8
DAMAGE COMBAT B69 8
DAMAGE COMBAT B70 8
DAMAGE COMBAT B71 8
DAMAGE COMBAT B72 8
DAMAGE COMBAT B73 6
END TURN 268
TURN 269
COMMAND LEFT START
TRAIN 3
COMMAND LEFT END
COMMAND RIGHT START
MOVE B8 134
TRAIN 3
COMMAND RIGHT END
TURN 269 RESULT
TIME LEFT 0 5 RIGHT 7 5
TRAIN A235 A236 A237 B112 B113 B114
MOVE B8 134
DAMAGE TURRET A104 1
DAMAGE TURRET A105 2
DAMAGE COMBAT A105 6
DAMAGE COMBAT A107 8
DAMAGE COMBAT A108 8
DAMAGE COMBAT A109 8
DAMAGE COMBAT A110 8
DAMAGE COMBAT A111 4
DAMAGE COMBAT B73 2
DAMAGE COMBAT B74 8
DAMAGE COMBAT B75 8
DAMAGE COMBAT B76 8
DAMAGE COMBAT B77 8
DAMAGE COMBAT B78 8
DAMAGE COMBAT B79 8
DAMAGE COMBAT B80 8
DAMAGE COMBAT B81 6
END TURN 269
TURN 270
COMMAND LEFT START
TRAIN 3
COMMAND LEFT END
COMMAND RIGHT START
MOVE B8 123
TRAIN 3
COMMAND RIGHT END
TURN 270 RESULT
TIME LEFT 0 5 RIGHT 6 5
TRAIN A238 A239 A240 B115 B116 B117
MOVE B8 123
DAMAGE TURRET A111 3
DAMAGE COMBAT A111 1
DAMAGE COMBAT A112 8
DAMAGE COMBAT A113 8
DAMAGE COMBAT A114 8
DAMAGE COMBAT A116 8
DAMAGE COMBAT A117 4
DAMAGE COMBAT B81 2
DAMAGE COMBAT B82 8
DAMAGE COMBAT B83 8
DAMAGE COMBAT B84 8
DAMAGE COMBAT B85 8
DAMAGE COMBAT B86 8
DAMAGE COMBAT B87 8
DAMAGE COMBAT B88 8
END TURN 270
TURN 271
COMMAND LEFT START
TRAIN 3
COMMAND LEFT END
COMMAND RIGHT START
MOVE B8 134
COMMAND RIGHT END
TURN 271 RESULT
TIME LEFT 0 5 RIGHT 5 5
TRAIN A241 A242 A243
MOVE B8 134
DAMAGE TURRET A117 3
DAMAGE COMBAT A117 1
DAMAGE COMBAT A118 8
DAMAGE COMBAT A119 8
DAMAGE COMBAT A120 8
DAMAGE COMBAT A121 4
DAMAGE COMBAT B89 8
DAMAGE COMBAT B90 8
DAMAGE COMBAT B91 8
DAMAGE COMBAT B92 8
DAMAGE COMBAT B93 8
DAMAGE COMBAT B94 8
DAMAGE COMBAT B95 5
END TURN 271
TURN 272
COMMAND LEFT START
TRAIN 3
COMMAND LEFT END
COMMAND RIGHT START
MOVE B8 123
COMMAND RIGHT END
TURN 272 RESULT
TIME LEFT 0 5 RIGHT 3 5
TRAIN A244 A245 A246
MOVE B8 123
DAMAGE TURRET A121 3
DAMAGE COMBAT A121 1
DAMAGE COMBAT A122 8
DAMAGE COMBAT A123 8
DAMAGE COMBAT A124 6
DAMAGE COMBAT B95 3
DAMAGE COMBAT B96 8
DAMAGE COMBAT B97 8
DAMAGE COMBAT B98 8
DAMAGE COMBAT B99 8
DAMAGE COMBAT B100 8
DAMAGE COMBAT B101 6
END TURN 272
TURN 273
COMMAND LEFT START
TRAIN 3
COMMAND LEFT END
COMMAND RIGHT START
MOVE B8 134
COMMAND RIGHT END
TURN 273 RESULT
TIME LEFT 0 5 RIGHT 2 5
TRAIN A247 A248 A249
MOVE B8 134
DAMAGE TURRET A124 2
DAMAGE TURRET A125 1
DAMAGE COMBAT A125 7
DAMAGE COMBAT A126 8
DAMAGE COMBAT A127 2
DAMAGE COMBAT B101 2
DAMAGE COMBAT B102 8
DAMAGE COMBAT B103 8
DAMAGE COMBAT B104 8
DAMAGE COMBAT B105 8
DAMAGE COMBAT B106 8
DAMAGE COMBAT B107 4
END TURN 273
TURN 274
COMMAND LEFT START
TRAIN 3
COMMAND LEFT END
COMMAND RIGHT START
MOVE B8 123
COMMAND RIGHT END
TURN 274 RESULT
TIME LEFT 0 5 RIGHT 1 5
TRAIN A250 A251 A252
MOVE B8 123
DAMAGE TURRET A127 3
DAMAGE COMBAT A127 3
DAMAGE COMBAT A128 8
DAMAGE COMBAT B107 4
DAMAGE COMBAT B108 8
DAMAGE COMBAT B109 8
DAMAGE COMBAT B110 8
DAMAGE COMBAT B111 8
DAMAGE COMBAT B112 7
END TURN 274
TURN 275
COMMAND LEFT START
TRAIN 3
COMMAND LEFT END
COMMAND RIGHT START
MOVE B8 134
COMMAND RIGHT END
TURN 275 RESULT
TIME LEFT 0 5 RIGHT 0 5
TRAIN A253 A254 A255
MOVE B8 134
DAMAGE TURRET A129 3
DAMAGE COMBAT A129 5
DAMAGE COMBAT A132 1
DAMAGE COMBAT B112 1
DAMAGE COMBAT B113 8
DAMAGE COMBAT B114 8
DAMAGE COMBAT B115 8
DAMAGE COMBAT B116 8
DAMAGE COMBAT B117 8
END TURN 275
TURN 276
COMMAND LEFT START
TRAIN 3
COMMAND LEFT END
COMMAND RIGHT START
MOVE B8 123
COMMAND RIGHT END
TURN 276 RESULT
TIME LEFT 0 5 RIGHT 0 5
TRAIN A256 A257 A258
MOVE B8 123
DAMAGE TURRET A132 3
SIEGE B 200 30
END TURN 276
RESULT LEFT_WIN HQ_DESTROYED
