[LEFT ""]
[RIGHT ""]
MAP
209 17
-10860 -10716 -10266 -9677 -10162 -9807 -8539 -8368 -9346 -8200 -7851 -8829 -7898 -7700 -7875 -7582 -7318 -8200 -7224 -8158 -7051 -7040 -6754 -6719 -7406 -6640 -6448 -6916 -6209 -6184 -6113 -6178 -5977 -5982 -5970 -5796 -5548 -5461 -5031 -5366 -5806 -5205 -5098 -5440 -4991 -4735 -4835 -4656 -4584 -4555 -4697 -4530 -4566 -4384 -4225 -4027 -3801 -3546 -3818 -4190 -3690 -4113 -3689 -3376 -3349 -3273 -3339 -3112 -3060 -2911 -2898 -3111 -2929 -2625 -2683 -2167 -2216 -2214 -2151 -1987 -2055 -1921 -1955 -2023 -1938 -1574 -1557 -1373 -1469 -1071 -1229 -1166 -929 -1174 -991 -744 -781 -673 -487 -256 -620 -148 -169 -13 0 13 169 148 620 256 487 673 781 744 991 1174 929 1166 1229 1071 1469 1373 1557 1574 1938 2023 1955 1921 2055 1987 2151 2214 2216 2167 2683 2625 2929 3111 2898 2911 3060 3112 3339 3273 3349 3376 3689 4113 3690 4190 3818 3546 3801 4027 4225 4384 4566 4530 4697 4555 4584 4656 4835 4735 4991 5440 5098 5205 5806 5366 5031 5461 5548 5796 5970 5982 5977 6178 6113 6184 6209 6916 6448 6640 7406 6719 6754 7040 7051 8158 7224 8200 7318 7582 7875 7700 7898 8829 7851 8200 9346 8368 8539 9807 10162 9677 10266 10716 10860
270 2154 -2085 -828 -4126 4161 2294 131 -5992 1227 -3496 5553 -6079 3842 -2584 -1391 -4391 -7608 511 6519 3348 2206 4723 -2598 8317 -837 -6031 -8230 -3561 5803 3082 980 -4730 -2097 4215 -288 2138 -6114 3328 6234 -9113 -1674 1141 8547 4459 -3566 -7257 -2543 378 5360 -755 -6251 -5233 6748 2082 -1485 -7817 -6575 -4509 10085 7854 -10244 4291 -2077 -565 530 5819 2534 3570 7173 1531 -2991 -5434 -3965 -7715 5464 8905 -10498 -1340 6749 -2866 -5138 3318 259 -6894 4595 -8116 1224 2225 -9894 -2432 -238 -5975 11124 -3678 -7274 6315 3532 -1225 -4764 7520 9551 8352 -2331 0 2331 -8352 -9551 -7520 4764 1225 -3532 -6315 7274 3678 -11124 5975 238 2432 9894 -2225 -1224 8116 -4595 6894 -259 -3318 5138 2866 -6749 1340 10498 -8905 -5464 7715 3965 5434 2991 -1531 -7173 -3570 -2534 -5819 -530 565 2077 -4291 10244 -7854 -10085 4509 6575 7817 1485 -2082 -6748 5233 6251 755 -5360 -378 2543 7257 3566 -4459 -8547 -1141 1674 9113 -6234 -3328 6114 -2138 288 -4215 2097 4730 -980 -3082 -5803 3561 8230 6031 837 -8317 2598 -4723 -2206 -3348 -6519 -511 7608 4391 1391 2584 -3842 6079 -5553 3496 -1227 5992 -131 -2294 -4161 4126 828 2085 -2154 -270
STRONGHOLDS 2 7 26 29 42 53 55 90 104 118 153 155 166 179 182 201 206
5 1 2 3 7 9
4 0 5 6 9
4 0 3 4 14
5 0 2 7 14 15
4 2 8 10 14
4 1 6 11 13
6 1 5 9 13 20 21
5 0 3 9 15 18
5 4 10 12 16 17
6 0 1 6 7 18 21
6 4 8 14 16 23 28
4 5 13 19 22
4 8 16 17 26
5 5 6 11 20 22
6 2 3 4 10 15 23
7 3 7 14 18 23 25 33
6 8 10 12 26 28 32
4 8 12 26 27
7 7 9 15 21 25 31 35
4 11 22 24 29
6 6 13 21 22 30 34
7 6 9 18 20 30 31 36
6 11 13 19 20 29 34
5 10 14 15 28 33
4 19 29 39 43
5 15 18 33 35 41
7 12 16 17 27 32 37 46
4 17 26 40 46
7 10 16 23 32 33 45 47
7 19 22 24 34 39 44 49
5 20 21 34 36 38
5 18 21 35 36 42
6 16 26 28 37 45 52
6 15 23 25 28 41 47
6 20 22 29 30 38 44
7 18 25 31 41 42 48 50
6 21 30 31 38 42 54
5 26 32 46 51 52
7 30 34 36 44 54 62 68
5 24 29 43 49 53
4 27 46 56 61
6 25 33 35 47 50 55
5 31 35 36 48 54
5 24 39 53 59 60
5 29 34 38 49 62
6 28 32 47 52 58 71
7 26 27 37 40 51 56 57
7 28 33 41 45 55 63 71
6 35 42 50 54 64 65
6 29 39 44 53 62 66
5 35 41 48 55 64
4 37 46 52 57
7 32 37 45 51 57 58 72
6 39 43 49 60 66 69
8 36 38 42 48 65 67 68 70
5 41 47 50 63 64
5 40 46 57 61 74
7 46 51 52 56 72 74 84
5 45 52 71 72 73
4 43 60 76 93
5 43 53 59 69 76
4 40 56 74 77
6 38 44 49 66 68 75
6 47 55 64 71 78 80
7 48 50 55 63 65 78 83
5 48 54 64 70 83
6 49 53 62 69 75 79
5 54 68 70 82 88
7 38 54 62 67 75 82 85
5 53 60 66 76 79
6 54 65 67 83 87 88
6 45 47 58 63 73 80
6 52 57 58 73 81 84
6 58 71 72 80 81 94
6 56 57 61 77 84 86
6 62 66 68 79 85 96
8 59 60 69 79 93 100 101 102
5 61 74 86 89 115
7 63 64 80 83 90 91 98
6 66 69 75 76 96 100
6 63 71 73 78 90 94
6 72 73 84 92 94 99
5 67 68 85 88 97
6 64 65 70 78 87 91
7 57 72 74 81 86 92 95
6 68 75 82 96 97 109
6 74 77 84 89 95 106
7 70 83 88 91 104 105 110
6 67 70 82 87 97 105
5 77 86 106 107 115
5 78 80 94 98 103
5 78 83 87 98 104
5 81 84 95 99 112
5 59 76 101 119 131
7 73 80 81 90 99 103 111
6 84 86 92 106 108 112
7 75 79 85 100 109 113 116
6 82 85 88 105 109 114
6 78 90 91 103 104 121
6 81 92 94 111 112 123
5 76 79 96 102 113
4 76 93 102 119
6 76 100 101 113 119 122
6 90 94 98 111 120 121
6 87 91 98 110 117 121
6 87 88 97 110 114 118
6 86 89 95 107 108 132
4 89 106 115 132
5 95 106 112 129 132
6 85 96 97 114 116 127
6 87 104 105 117 118 130
6 94 99 103 120 123 126
7 92 95 99 108 123 129 133
6 96 100 102 116 122 124
7 97 105 109 118 127 128 135
5 77 89 107 132 149
5 96 109 113 124 127
5 104 110 121 125 130
5 105 110 114 128 130
5 93 101 102 122 131
6 103 111 121 126 138 141
7 98 103 104 117 120 125 138
6 102 113 119 124 131 134
6 99 111 112 126 133 140
7 113 116 122 127 134 136 151
6 117 121 130 138 143 144
5 111 120 123 140 141
6 109 114 116 124 135 136
6 114 118 130 135 137 145
6 108 112 132 133 139 142
7 110 117 118 125 128 144 145
5 93 119 122 134 147
8 106 107 108 115 129 139 148 149
6 112 123 129 140 142 146
6 122 124 131 147 151 152
6 114 127 128 136 137 150
6 124 127 135 150 151 156
6 128 135 145 150 161 163
6 120 121 125 141 143 154
5 129 132 142 148 155
7 123 126 133 141 146 154 170
5 120 126 138 140 154
6 129 133 139 146 155 159
5 125 138 144 154 160
7 125 130 143 145 153 158 160
6 128 130 137 144 153 161
6 133 140 142 159 164 170
4 131 134 152 168
5 132 139 149 155 165
4 115 132 148 165
5 135 136 137 156 163
7 124 134 136 152 156 157 162
5 134 147 151 162 168
5 144 145 158 161 167
8 138 140 141 143 160 166 170 172
6 139 142 148 159 165 169
7 136 150 151 157 163 171 176
4 151 156 162 171
5 144 153 160 167 173
6 142 146 155 164 169 179
6 143 144 154 158 166 173
7 137 145 153 163 167 175 180
7 151 152 157 168 171 181 182
6 137 150 156 161 176 180
5 146 159 170 174 179
5 148 149 155 169 184
5 154 160 172 173 177
6 153 158 161 173 175 183
4 147 152 162 181
5 155 159 165 179 184
7 140 146 154 164 172 174 178
5 156 157 162 176 182
6 154 166 170 177 178 187
7 158 160 166 167 177 183 190
6 164 170 178 179 186 188
6 161 167 180 183 185 193
6 156 163 171 180 182 192
5 166 172 173 187 190
5 170 172 174 187 188
7 159 164 169 174 184 186 189
7 161 163 175 176 185 192 198
4 162 168 182 191
7 162 171 176 181 191 192 196
5 167 173 175 190 193
4 165 169 179 189
5 175 180 193 194 198
6 174 179 188 189 195 197
7 172 177 178 188 190 199 202
6 174 178 186 187 195 202
4 179 184 186 197
7 173 177 183 187 193 199 201
4 181 182 196 200
6 176 180 182 196 198 200
7 175 183 185 190 194 201 205
6 185 193 198 204 205 206
5 186 188 197 202 203
4 182 191 192 200
4 186 189 195 203
6 180 185 192 194 200 204
6 187 190 201 202 207 208
5 191 192 196 198 204
5 190 193 199 205 208
6 187 188 195 199 203 207
4 195 197 202 207
4 194 198 200 206
5 193 194 201 206 208
4 194 204 205 208
4 199 202 203 208
5 199 201 205 206 207
END MAP
TURN 1
COMMAND LEFT START
UPGRADE 0
COMMAND LEFT END
COMMAND RIGHT START
MOVE B1 206
MOVE B2 104
COMMAND RIGHT END
TURN 1 RESULT
TIME LEFT 0 5 RIGHT 1 5
UPGRADE A 0
MOVE B1 206
MOVE B2 201
END TURN 1
TURN 2
COMMAND LEFT START
COMMAND LEFT END
COMMAND RIGHT START
UPGRADE 206
COMMAND RIGHT END
TURN 2 RESULT
TIME LEFT 0 5 RIGHT 0 5
UPGRADE B 206
MOVE B2 190
END TURN 2
TURN 3
COMMAND LEFT START
COMMAND LEFT END
COMMAND RIGHT START
COMMAND RIGHT END
TURN 3 RESULT
TIME LEFT 0 5 RIGHT 0 5
MOVE B2 173
END TURN 3
TURN 4
COMMAND LEFT START
COMMAND LEFT END
COMMAND RIGHT START
COMMAND RIGHT END
TURN 4 RESULT
TIME LEFT 0 5 RIGHT 0 5
MOVE B2 160
END TURN 4
TURN 5
COMMAND LEFT START
COMMAND LEFT END
COMMAND RIGHT START
COMMAND RIGHT END
TURN 5 RESULT
TIME LEFT 0 5 RIGHT 0 5
MOVE B2 143
END TURN 5
TURN 6
COMMAND LEFT START
COMMAND LEFT END
COMMAND RIGHT START
COMMAND RIGHT END
TURN 6 RESULT
TIME LEFT 0 5 RIGHT 0 5
MOVE B2 125
END TURN 6
TURN 7
COMMAND LEFT START
COMMAND LEFT END
COMMAND RIGHT START
COMMAND RIGHT END
TURN 7 RESULT
TIME LEFT 0 5 RIGHT 0 5
MOVE B2 117
END TURN 7
TURN 8
COMMAND LEFT START
COMMAND LEFT END
COMMAND RIGHT START
COMMAND RIGHT END
TURN 8 RESULT
TIME LEFT 0 5 RIGHT 0 5
MOVE B2 104
END TURN 8
TURN 9
COMMAND LEFT START
COMMAND LEFT END
COMMAND RIGHT START
COMMAND RIGHT END
TURN 9 RESULT
TIME LEFT 0 5 RIGHT 0 5
END TURN 9
TURN 10
COMMAND LEFT START
COMMAND LEFT END
COMMAND RIGHT START
COMMAND RIGHT END
TURN 10 RESULT
TIME LEFT 0 5 RIGHT 0 5
END TURN 10
TURN 11
COMMAND LEFT START
COMMAND LEFT END
COMMAND RIGHT START
COMMAND RIGHT END
TURN 11 RESULT
TIME LEFT 0 5 RIGHT 0 5
END TURN 11
TURN 12
COMMAND LEFT START
COMMAND LEFT END
COMMAND RIGHT START
COMMAND RIGHT END
TURN 12 RESULT
TIME LEFT 0 5 RIGHT 0 5
END TURN 12
TURN 13
COMMAND LEFT START
COMMAND LEFT END
COMMAND RIGHT START
UPGRADE 104
COMMAND RIGHT END
TURN 13 RESULT
TIME LEFT 0 5 RIGHT 0 5
UPGRADE B 104
END TURN 13
TURN 14
COMMAND LEFT START
COMMAND LEFT END
COMMAND RIGHT START
COMMAND RIGHT END
TURN 14 RESULT
TIME LEFT 0 5 RIGHT 0 5
END TURN 14
TURN 15
COMMAND LEFT START
MOVE A3 2
COMMAND LEFT END
COMMAND RIGHT START
COMMAND RIGHT END
TURN 15 RESULT
TIME LEFT 0 5 RIGHT 0 5
MOVE A3 2
END TURN 15
TURN 16
COMMAND LEFT START
UPGRADE 2
COMMAND LEFT END
COMMAND RIGHT START
TRAIN 1
COMMAND RIGHT END
TURN 16 RESULT
TIME LEFT 0 5 RIGHT 0 5
UPGRADE A 2
TRAIN B4
END TURN 16
TURN 17
COMMAND LEFT START
COMMAND LEFT END
COMMAND RIGHT START
COMMAND RIGHT END
TURN 17 RESULT
TIME LEFT 0 5 RIGHT 0 5
END TURN 17
TURN 18
COMMAND LEFT START
COMMAND LEFT END
COMMAND RIGHT START
COMMAND RIGHT END
TURN 18 RESULT
TIME LEFT 0 5 RIGHT 0 5
END TURN 18
TURN 19
COMMAND LEFT START
COMMAND LEFT END
COMMAND RIGHT START
COMMAND RIGHT END
TURN 19 RESULT
TIME LEFT 0 5 RIGHT 0 5
END TURN 19
TURN 20
COMMAND LEFT START
COMMAND LEFT END
COMMAND RIGHT START
COMMAND RIGHT END
TURN 20 RESULT
TIME LEFT 0 5 RIGHT 0 5
END TURN 20
TURN 21
COMMAND LEFT START
COMMAND LEFT END
COMMAND RIGHT START
COMMAND RIGHT END
TURN 21 RESULT
TIME LEFT 0 5 RIGHT 0 5
END TURN 21
TURN 22
COMMAND LEFT START
COMMAND LEFT END
COMMAND RIGHT START
COMMAND RIGHT END
TURN 22 RESULT
TIME LEFT 0 5 RIGHT 0 5
END TURN 22
TURN 23
COMMAND LEFT START
COMMAND LEFT END
COMMAND RIGHT START
COMMAND RIGHT END
TURN 23 RESULT
TIME LEFT 0 5 RIGHT 0 5
END TURN 23
TURN 24
COMMAND LEFT START
COMMAND LEFT END
COMMAND RIGHT START
COMMAND RIGHT END
TURN 24 RESULT
TIME LEFT 0 5 RIGHT 0 5
END TURN 24
TURN 25
COMMAND LEFT START
COMMAND LEFT END
COMMAND RIGHT START
COMMAND RIGHT END
TURN 25 RESULT
TIME LEFT 0 5 RIGHT 0 5
END TURN 25
TURN 26
COMMAND LEFT START
COMMAND LEFT END
COMMAND RIGHT START
COMMAND RIGHT END
TURN 26 RESULT
TIME LEFT 0 5 RIGHT 0 5
END TURN 26
TURN 27
COMMAND LEFT START
COMMAND LEFT END
COMMAND RIGHT START
COMMAND RIGHT END
TURN 27 RESULT
TIME LEFT 0 5 RIGHT 0 5
END TURN 27
TURN 28
COMMAND LEFT START
MOVE A1 7
TRAIN 1
COMMAND LEFT END
COMMAND RIGHT START
COMMAND RIGHT END
TURN 28 RESULT
TIME LEFT 0 5 RIGHT 0 5
TRAIN A4
MOVE A1 7
END TURN 28
TURN 29
COMMAND LEFT START
COMMAND LEFT END
COMMAND RIGHT START
MOVE B3 201
COMMAND RIGHT END
TURN 29 RESULT
TIME LEFT 0 5 RIGHT 0 5
MOVE B3 201
END TURN 29
TURN 30
COMMAND LEFT START
COMMAND LEFT END
COMMAND RIGHT START
UPGRADE 201
COMMAND RIGHT END
TURN 30 RESULT
TIME LEFT 0 5 RIGHT 0 5
UPGRADE B 201
END TURN 30
TURN 31
COMMAND LEFT START
COMMAND LEFT END
COMMAND RIGHT START
COMMAND RIGHT END
TURN 31 RESULT
TIME LEFT 0 5 RIGHT 0 5
END TURN 31
TURN 32
COMMAND LEFT START
COMMAND LEFT END
COMMAND RIGHT START
COMMAND RIGHT END
TURN 32 RESULT
TIME LEFT 0 5 RIGHT 0 5
END TURN 32
TURN 33
COMMAND LEFT START
UPGRADE 7
COMMAND LEFT END
COMMAND RIGHT START
TRAIN 1
COMMAND RIGHT END
TURN 33 RESULT
TIME LEFT 0 5 RIGHT 0 5
UPGRADE A 7
TRAIN B5
END TURN 33
TURN 34
COMMAND LEFT START
COMMAND LEFT END
COMMAND RIGHT START
COMMAND RIGHT END
TURN 34 RESULT
TIME LEFT 0 5 RIGHT 0 5
END TURN 34
TURN 35
COMMAND LEFT START
COMMAND LEFT END
COMMAND RIGHT START
COMMAND RIGHT END
TURN 35 RESULT
TIME LEFT 0 5 RIGHT 0 5
END TURN 35
TURN 36
COMMAND LEFT START
MOVE A2 7
MOVE A1 104
TRAIN 1
COMMAND LEFT END
COMMAND RIGHT START
COMMAND RIGHT END
TURN 36 RESULT
TIME LEFT 0 5 RIGHT 0 5
TRAIN A5
MOVE A1 18
MOVE A2 7
END TURN 36
TURN 37
COMMAND LEFT START
COMMAND LEFT END
COMMAND RIGHT START
COMMAND RIGHT END
TURN 37 RESULT
TIME LEFT 0 5 RIGHT 0 5
MOVE A1 35
END TURN 37
TURN 38
COMMAND LEFT START
COMMAND LEFT END
COMMAND RIGHT START
COMMAND RIGHT END
TURN 38 RESULT
TIME LEFT 0 5 RIGHT 0 5
MOVE A1 48
END TURN 38
TURN 39
COMMAND LEFT START
COMMAND LEFT END
COMMAND RIGHT START
MOVE B5 166
COMMAND RIGHT END
TURN 39 RESULT
TIME LEFT 0 5 RIGHT 0 5
MOVE A1 65
MOVE B5 201
END TURN 39
TURN 40
COMMAND LEFT START
COMMAND LEFT END
COMMAND RIGHT START
COMMAND RIGHT END
TURN 40 RESULT
TIME LEFT 0 5 RIGHT 0 5
MOVE A1 83
MOVE B5 190
END TURN 40
TURN 41
COMMAND LEFT START
MOVE A4 7
MOVE A2 90
TRAIN 1
COMMAND LEFT END
COMMAND RIGHT START
COMMAND RIGHT END
TURN 41 RESULT
TIME LEFT 0 5 RIGHT 0 5
TRAIN A6
MOVE A1 91
MOVE A2 18
MOVE A4 7
MOVE B5 177
END TURN 41
TURN 42
COMMAND LEFT START
COMMAND LEFT END
COMMAND RIGHT START
COMMAND RIGHT END
TURN 42 RESULT
TIME LEFT 0 5 RIGHT 0 5
MOVE A1 104
MOVE A2 35
MOVE B5 166
DAMAGE TURRET A1 1
DAMAGE COMBAT A1 1
DAMAGE COMBAT B2 1
END TURN 42
TURN 43
COMMAND LEFT START
MOVE A1 7
COMMAND LEFT END
COMMAND RIGHT START
UPGRADE 166
COMMAND RIGHT END
TURN 43 RESULT
TIME LEFT 0 5 RIGHT 0 5
UPGRADE B 166
MOVE A2 50
DAMAGE TURRET A1 1
DAMAGE COMBAT A1 1
DAMAGE COMBAT B2 1
END TURN 43
TURN 44
COMMAND LEFT START
COMMAND LEFT END
COMMAND RIGHT START
COMMAND RIGHT END
TURN 44 RESULT
TIME LEFT 0 5 RIGHT 0 5
MOVE A2 64
END TURN 44
TURN 45
COMMAND LEFT START
COMMAND LEFT END
COMMAND RIGHT START
TRAIN 1
COMMAND RIGHT END
TURN 45 RESULT
TIME LEFT 0 5 RIGHT 0 5
TRAIN B6
MOVE A2 78
END TURN 45
TURN 46
COMMAND LEFT START
COMMAND LEFT END
COMMAND RIGHT START
COMMAND RIGHT END
TURN 46 RESULT
TIME LEFT 0 5 RIGHT 0 5
MOVE A2 90
END TURN 46
TURN 47
COMMAND LEFT START
COMMAND LEFT END
COMMAND RIGHT START
COMMAND RIGHT END
TURN 47 RESULT
TIME LEFT 0 5 RIGHT 0 5
END TURN 47
TURN 48
COMMAND LEFT START
UPGRADE 90
COMMAND LEFT END
COMMAND RIGHT START
COMMAND RIGHT END
TURN 48 RESULT
TIME LEFT 0 5 RIGHT 0 5
UPGRADE A 90
END TURN 48
TURN 49
COMMAND LEFT START
COMMAND LEFT END
COMMAND RIGHT START
COMMAND RIGHT END
TURN 49 RESULT
TIME LEFT 0 5 RIGHT 0 5
END TURN 49
TURN 50
COMMAND LEFT START
COMMAND LEFT END
COMMAND RIGHT START
COMMAND RIGHT END
TURN 50 RESULT
TIME LEFT 0 5 RIGHT 0 5
END TURN 50
TURN 51
COMMAND LEFT START
COMMAND LEFT END
COMMAND RIGHT START
COMMAND RIGHT END
TURN 51 RESULT
TIME LEFT 0 5 RIGHT 0 5
END TURN 51
TURN 52
COMMAND LEFT START
MOVE A5 7
MOVE A4 55
TRAIN 1
COMMAND LEFT END
COMMAND RIGHT START
COMMAND RIGHT END
TURN 52 RESULT
TIME LEFT 0 5 RIGHT 0 5
TRAIN A7
MOVE A4 18
MOVE A5 7
END TURN 52
TURN 53
COMMAND LEFT START
COMMAND LEFT END
COMMAND RIGHT START
COMMAND RIGHT END
TURN 53 RESULT
TIME LEFT 0 5 RIGHT 0 5
MOVE A4 35
END TURN 53
TURN 54
COMMAND LEFT START
COMMAND LEFT END
COMMAND RIGHT START
UPGRADE 208
COMMAND RIGHT END
TURN 54 RESULT
TIME LEFT 0 5 RIGHT 0 5
UPGRADE B 208
MOVE A4 50
END TURN 54
TURN 55
COMMAND LEFT START
COMMAND LEFT END
COMMAND RIGHT START
COMMAND RIGHT END
TURN 55 RESULT
TIME LEFT 0 5 RIGHT 0 5
MOVE A4 55
END TURN 55
TURN 56
COMMAND LEFT START
COMMAND LEFT END
COMMAND RIGHT START
COMMAND RIGHT END
TURN 56 RESULT
TIME LEFT 0 5 RIGHT 0 5
END TURN 56
TURN 57
COMMAND LEFT START
COMMAND LEFT END
COMMAND RIGHT START
COMMAND RIGHT END
TURN 57 RESULT
TIME LEFT 0 5 RIGHT 0 5
END TURN 57
TURN 58
COMMAND LEFT START
UPGRADE 55
COMMAND LEFT END
COMMAND RIGHT START
COMMAND RIGHT END
TURN 58 RESULT
TIME LEFT 0 5 RIGHT 0 5
UPGRADE A 55
END TURN 58
TURN 59
COMMAND LEFT START
COMMAND LEFT END
COMMAND RIGHT START
COMMAND RIGHT END
TURN 59 RESULT
TIME LEFT 0 5 RIGHT 0 5
END TURN 59
TURN 60
COMMAND LEFT START
COMMAND LEFT END
COMMAND RIGHT START
COMMAND RIGHT END
TURN 60 RESULT
TIME LEFT 0 5 RIGHT 0 5
END TURN 60
TURN 61
COMMAND LEFT START
COMMAND LEFT END
COMMAND RIGHT START
UPGRADE 206
COMMAND RIGHT END
TURN 61 RESULT
TIME LEFT 0 5 RIGHT 0 5
UPGRADE B 206
END TURN 61
TURN 62
COMMAND LEFT START
MOVE A6 7
MOVE A5 42
TRAIN 1
COMMAND LEFT END
COMMAND RIGHT START
COMMAND RIGHT END
TURN 62 RESULT
TIME LEFT 0 5 RIGHT 0 5
TRAIN A8
MOVE A5 18
MOVE A6 7
END TURN 62
TURN 63
COMMAND LEFT START
COMMAND LEFT END
COMMAND RIGHT START
TRAIN 1
COMMAND RIGHT END
TURN 63 RESULT
TIME LEFT 0 5 RIGHT 0 5
TRAIN B7
MOVE A5 31
END TURN 63
TURN 64
COMMAND LEFT START
COMMAND LEFT END
COMMAND RIGHT START
MOVE B4 206
COMMAND RIGHT END
TURN 64 RESULT
TIME LEFT 0 5 RIGHT 0 5
MOVE A5 42
MOVE B4 206
END TURN 64
TURN 65
COMMAND LEFT START
COMMAND LEFT END
COMMAND RIGHT START
COMMAND RIGHT END
TURN 65 RESULT
TIME LEFT 0 5 RIGHT 0 5
END TURN 65
TURN 66
COMMAND LEFT START
UPGRADE 42
COMMAND LEFT END
COMMAND RIGHT START
COMMAND RIGHT END
TURN 66 RESULT
TIME LEFT 0 5 RIGHT 0 5
UPGRADE A 42
END TURN 66
TURN 67
COMMAND LEFT START
COMMAND LEFT END
COMMAND RIGHT START
COMMAND RIGHT END
TURN 67 RESULT
TIME LEFT 0 5 RIGHT 0 5
END TURN 67
TURN 68
COMMAND LEFT START
MOVE A7 53
TRAIN 1
COMMAND LEFT END
COMMAND RIGHT START
COMMAND RIGHT END
TURN 68 RESULT
TIME LEFT 0 5 RIGHT 0 5
TRAIN A9
MOVE A7 9
END TURN 68
TURN 69
COMMAND LEFT START
COMMAND LEFT END
COMMAND RIGHT START
COMMAND RIGHT END
TURN 69 RESULT
TIME LEFT 0 5 RIGHT 0 5
MOVE A7 21
END TURN 69
TURN 70
COMMAND LEFT START
COMMAND LEFT END
COMMAND RIGHT START
COMMAND RIGHT END
TURN 70 RESULT
TIME LEFT 0 5 RIGHT 0 5
MOVE A7 20
END TURN 70
TURN 71
COMMAND LEFT START
COMMAND LEFT END
COMMAND RIGHT START
COMMAND RIGHT END
TURN 71 RESULT
TIME LEFT 0 5 RIGHT 0 5
MOVE A7 22
END TURN 71
TURN 72
COMMAND LEFT START
COMMAND LEFT END
COMMAND RIGHT START
COMMAND RIGHT END
TURN 72 RESULT
TIME LEFT 0 5 RIGHT 0 5
MOVE A7 29
END TURN 72
TURN 73
COMMAND LEFT START
COMMAND LEFT END
COMMAND RIGHT START
COMMAND RIGHT END
TURN 73 RESULT
TIME LEFT 0 5 RIGHT 0 5
MOVE A7 39
END TURN 73
TURN 74
COMMAND LEFT START
MOVE A8 29
TRAIN 1
COMMAND LEFT END
COMMAND RIGHT START
UPGRADE 208
COMMAND RIGHT END
TURN 74 RESULT
TIME LEFT 0 5 RIGHT 0 5
UPGRADE B 208
TRAIN A10
MOVE A7 53
MOVE A8 9
END TURN 74
TURN 75
COMMAND LEFT START
UPGRADE 53
COMMAND LEFT END
COMMAND RIGHT START
TRAIN 1
COMMAND RIGHT END
TURN 75 RESULT
TIME LEFT 1 5 RIGHT 1 5
UPGRADE A 53
TRAIN B8
MOVE A8 21
END TURN 75
TURN 76
COMMAND LEFT START
COMMAND LEFT END
COMMAND RIGHT START
COMMAND RIGHT END
TURN 76 RESULT
TIME LEFT 0 5 RIGHT 0 5
MOVE A8 20
END TURN 76
TURN 77
COMMAND LEFT START
COMMAND LEFT END
COMMAND RIGHT START
COMMAND RIGHT END
TURN 77 RESULT
TIME LEFT 0 5 RIGHT 0 5
MOVE A8 22
END TURN 77
TURN 78
COMMAND LEFT START
COMMAND LEFT END
COMMAND RIGHT START
COMMAND RIGHT END
TURN 78 RESULT
TIME LEFT 0 5 RIGHT 0 5
MOVE A8 29
END TURN 78
TURN 79
COMMAND LEFT START
COMMAND LEFT END
COMMAND RIGHT START
COMMAND RIGHT END
TURN 79 RESULT
TIME LEFT 0 5 RIGHT 0 5
END TURN 79
TURN 80
COMMAND LEFT START
UPGRADE 29
COMMAND LEFT END
COMMAND RIGHT START
COMMAND RIGHT END
TURN 80 RESULT
TIME LEFT 0 5 RIGHT 0 5
UPGRADE A 29
END TURN 80
TURN 81
COMMAND LEFT START
MOVE A9 2
MOVE A3 26
TRAIN 1
COMMAND LEFT END
COMMAND RIGHT START
UPGRADE 201
COMMAND RIGHT END
TURN 81 RESULT
TIME LEFT 0 5 RIGHT 0 5
UPGRADE B 201
TRAIN A11
MOVE A3 14
MOVE A9 2
END TURN 81
TURN 82
COMMAND LEFT START
COMMAND LEFT END
COMMAND RIGHT START
TRAIN 1
COMMAND RIGHT END
TURN 82 RESULT
TIME LEFT 0 5 RIGHT 0 5
TRAIN B9
MOVE A3 10
END TURN 82
TURN 83
COMMAND LEFT START
MOVE A10 7
MOVE A6 42
TRAIN 1
COMMAND LEFT END
COMMAND RIGHT START
MOVE B6 201
COMMAND RIGHT END
TURN 83 RESULT
TIME LEFT 0 5 RIGHT 0 5
TRAIN A12
MOVE A3 16
MOVE A6 18
MOVE A10 7
MOVE B6 201
END TURN 83
TURN 84
COMMAND LEFT START
COMMAND LEFT END
COMMAND RIGHT START
COMMAND RIGHT END
TURN 84 RESULT
TIME LEFT 0 5 RIGHT 0 5
MOVE A3 26
MOVE A6 31
END TURN 84
TURN 85
COMMAND LEFT START
MOVE A5 118
COMMAND LEFT END
COMMAND RIGHT START
COMMAND RIGHT END
TURN 85 RESULT
TIME LEFT 0 5 RIGHT 0 5
MOVE A5 54
MOVE A6 42
END TURN 85
TURN 86
COMMAND LEFT START
COMMAND LEFT END
COMMAND RIGHT START
COMMAND RIGHT END
TURN 86 RESULT
TIME LEFT 0 5 RIGHT 0 5
MOVE A5 67
END TURN 86
TURN 87
COMMAND LEFT START
UPGRADE 26
COMMAND LEFT END
COMMAND RIGHT START
UPGRADE 166
COMMAND RIGHT END
TURN 87 RESULT
TIME LEFT 0 5 RIGHT 0 5
UPGRADE A 26
UPGRADE B 166
MOVE A5 88
END TURN 87
TURN 88
COMMAND LEFT START
MOVE A11 7
MOVE A10 42
TRAIN 1
COMMAND LEFT END
COMMAND RIGHT START
TRAIN 1
COMMAND RIGHT END
TURN 88 RESULT
TIME LEFT 0 5 RIGHT 0 5
TRAIN A13 B10
MOVE A5 105
MOVE A10 18
MOVE A11 7
END TURN 88
TURN 89
COMMAND LEFT START
COMMAND LEFT END
COMMAND RIGHT START
MOVE B7 166
COMMAND RIGHT END
TURN 89 RESULT
TIME LEFT 0 5 RIGHT 0 5
MOVE A5 118
MOVE A10 31
MOVE B7 201
END TURN 89
TURN 90
COMMAND LEFT START
MOVE A6 153
COMMAND LEFT END
COMMAND RIGHT START
COMMAND RIGHT END
TURN 90 RESULT
TIME LEFT 0 5 RIGHT 0 5
MOVE A6 54
MOVE A10 42
MOVE B7 190
END TURN 90
TURN 91
COMMAND LEFT START
COMMAND LEFT END
COMMAND RIGHT START
COMMAND RIGHT END
TURN 91 RESULT
TIME LEFT 0 5 RIGHT 0 5
MOVE A6 70
MOVE B7 177
END TURN 91
TURN 92
COMMAND LEFT START
UPGRADE 118
COMMAND LEFT END
COMMAND RIGHT START
COMMAND RIGHT END
TURN 92 RESULT
TIME LEFT 0 5 RIGHT 0 5
UPGRADE A 118
MOVE A6 87
MOVE B7 166
END TURN 92
TURN 93
COMMAND LEFT START
MOVE A12 7
MOVE A11 166
TRAIN 1
COMMAND LEFT END
COMMAND RIGHT START
UPGRADE 104
COMMAND RIGHT END
TURN 93 RESULT
TIME LEFT 0 5 RIGHT 0 5
UPGRADE B 104
TRAIN A14
MOVE A6 110
MOVE A11 18
MOVE A12 7
END TURN 93
TURN 94
COMMAND LEFT START
MOVE A13 7
MOVE A12 55
TRAIN 1
COMMAND LEFT END
COMMAND RIGHT START
TRAIN 1
COMMAND RIGHT END
TURN 94 RESULT
TIME LEFT 0 5 RIGHT 0 5
TRAIN A15 B11
MOVE A6 130
MOVE A11 35
MOVE A12 18
MOVE A13 7
END TURN 94
TURN 95
COMMAND LEFT START
COMMAND LEFT END
COMMAND RIGHT START
MOVE B8 104
COMMAND RIGHT END
TURN 95 RESULT
TIME LEFT 0 5 RIGHT 0 5
MOVE A6 145
MOVE A11 50
MOVE A12 35
MOVE B8 201
END TURN 95
TURN 96
COMMAND LEFT START
COMMAND LEFT END
COMMAND RIGHT START
COMMAND RIGHT END
TURN 96 RESULT
TIME LEFT 1 5 RIGHT 0 5
MOVE A6 153
MOVE A11 64
MOVE A12 50
MOVE B8 190
END TURN 96
TURN 97
COMMAND LEFT START
MOVE A4 155
UPGRADE 153
COMMAND LEFT END
COMMAND RIGHT START
COMMAND RIGHT END
TURN 97 RESULT
TIME LEFT 0 5 RIGHT 0 5
UPGRADE A 153
MOVE A4 63
MOVE A11 78
MOVE A12 55
MOVE B8 173
END TURN 97
TURN 98
COMMAND LEFT START
COMMAND LEFT END
COMMAND RIGHT START
UPGRADE 206
COMMAND RIGHT END
TURN 98 RESULT
TIME LEFT 0 5 RIGHT 0 5
UPGRADE B 206
MOVE A4 80
MOVE A11 98
MOVE B8 160
END TURN 98
TURN 99
COMMAND LEFT START
COMMAND LEFT END
COMMAND RIGHT START
TRAIN 1
COMMAND RIGHT END
TURN 99 RESULT
TIME LEFT 0 5 RIGHT 0 5
TRAIN B12
MOVE A4 94
MOVE A11 121
MOVE B8 143
END TURN 99
TURN 100
COMMAND LEFT START
COMMAND LEFT END
COMMAND RIGHT START
MOVE B9 206
COMMAND RIGHT END
TURN 100 RESULT
TIME LEFT 0 5 RIGHT 0 5
MOVE A4 111
MOVE A11 138
MOVE B8 125
MOVE B9 206
END TURN 100
TURN 101
COMMAND LEFT START
MOVE A14 7
MOVE A13 42
TRAIN 1
COMMAND LEFT END
COMMAND RIGHT START
COMMAND RIGHT END
TURN 101 RESULT
TIME LEFT 1 5 RIGHT 0 5
TRAIN A16
MOVE A4 123
MOVE A11 154
MOVE A13 18
MOVE A14 7
MOVE B8 117
END TURN 101
TURN 102
COMMAND LEFT START
MOVE A15 7
MOVE A14 55
TRAIN 1
COMMAND LEFT END
COMMAND RIGHT START
COMMAND RIGHT END
TURN 102 RESULT
TIME LEFT 1 5 RIGHT 0 5
TRAIN A17
MOVE A4 133
MOVE A11 166
MOVE A13 31
MOVE A14 18
MOVE A15 7
MOVE B8 104
DAMAGE TURRET A11 1
DAMAGE COMBAT A11 2
DAMAGE COMBAT B5 1
END TURN 102
TURN 103
COMMAND LEFT START
MOVE A10 182
MOVE A11 153
COMMAND LEFT END
COMMAND RIGHT START
UPGRADE 201
COMMAND RIGHT END
TURN 103 RESULT
TIME LEFT 0 5 RIGHT 0 5
UPGRADE B 201
MOVE A4 142
MOVE A10 54
MOVE A13 42
MOVE A14 35
DAMAGE TURRET A11 1
DAMAGE COMBAT A11 1
DAMAGE COMBAT B5 1
END TURN 103
TURN 104
COMMAND LEFT START
COMMAND LEFT END
COMMAND RIGHT START
TRAIN 1
COMMAND RIGHT END
TURN 104 RESULT
TIME LEFT 0 5 RIGHT 0 5
TRAIN B13
MOVE A4 155
MOVE A10 67
MOVE A14 50
END TURN 104
TURN 105
COMMAND LEFT START
MOVE A12 179
UPGRADE 155
COMMAND LEFT END
COMMAND RIGHT START
MOVE B10 201
COMMAND RIGHT END
TURN 105 RESULT
TIME LEFT 0 5 RIGHT 0 5
UPGRADE A 155
MOVE A10 82
MOVE A12 63
MOVE A14 55
MOVE B10 201
END TURN 105
TURN 106
COMMAND LEFT START
COMMAND LEFT END
COMMAND RIGHT START
COMMAND RIGHT END
TURN 106 RESULT
TIME LEFT 0 5 RIGHT 0 5
MOVE A10 97
MOVE A12 80
END TURN 106
TURN 107
COMMAND LEFT START
COMMAND LEFT END
COMMAND RIGHT START
COMMAND RIGHT END
TURN 107 RESULT
TIME LEFT 0 5 RIGHT 0 5
MOVE A10 114
MOVE A12 94
END TURN 107
TURN 108
COMMAND LEFT START
COMMAND LEFT END
COMMAND RIGHT START
UPGRADE 166
COMMAND RIGHT END
TURN 108 RESULT
TIME LEFT 0 5 RIGHT 0 5
UPGRADE B 166
MOVE A10 135
MOVE A12 111
END TURN 108
TURN 109
COMMAND LEFT START
COMMAND LEFT END
COMMAND RIGHT START
TRAIN 1
COMMAND RIGHT END
TURN 109 RESULT
TIME LEFT 0 5 RIGHT 0 5
TRAIN B14
MOVE A10 150
MOVE A12 126
END TURN 109
TURN 110
COMMAND LEFT START
TRAIN 1
COMMAND LEFT END
COMMAND RIGHT START
MOVE B11 166
COMMAND RIGHT END
TURN 110 RESULT
TIME LEFT 0 5 RIGHT 0 5
TRAIN A18
MOVE A10 156
MOVE A12 140
MOVE B11 201
END TURN 110
TURN 111
COMMAND LEFT START
MOVE A18 7
MOVE A16 118
MOVE A15 42
TRAIN 1
COMMAND LEFT END
COMMAND RIGHT START
COMMAND RIGHT END
TURN 111 RESULT
TIME LEFT 1 5 RIGHT 0 5
TRAIN A19
MOVE A10 171
MOVE A12 146
MOVE A15 18
MOVE A16 9
MOVE A18 7
MOVE B11 190
END TURN 111
TURN 112
COMMAND LEFT START
COMMAND LEFT END
COMMAND RIGHT START
UPGRADE 104
COMMAND RIGHT END
TURN 112 RESULT
TIME LEFT 0 5 RIGHT 0 5
UPGRADE B 104
MOVE A10 182
MOVE A12 159
MOVE A15 31
MOVE A16 21
MOVE B11 177
END TURN 112
TURN 113
COMMAND LEFT START
MOVE A13 201
UPGRADE 182
COMMAND LEFT END
COMMAND RIGHT START
TRAIN 1
COMMAND RIGHT END
TURN 113 RESULT
TIME LEFT 0 5 RIGHT 0 5
UPGRADE A 182
TRAIN B15
MOVE A12 179
MOVE A13 54
MOVE A15 42
MOVE A16 36
MOVE B11 166
END TURN 113
TURN 114
COMMAND LEFT START
UPGRADE 179
COMMAND LEFT END
COMMAND RIGHT START
MOVE B12 104
COMMAND RIGHT END
TURN 114 RESULT
TIME LEFT 0 5 RIGHT 0 5
UPGRADE A 179
MOVE A13 70
MOVE A16 54
MOVE B12 201
END TURN 114
TURN 115
COMMAND LEFT START
COMMAND LEFT END
COMMAND RIGHT START
COMMAND RIGHT END
TURN 115 RESULT
TIME LEFT 1 5 RIGHT 0 5
MOVE A13 87
MOVE A16 67
MOVE B12 190
END TURN 115
TURN 116
COMMAND LEFT START
COMMAND LEFT END
COMMAND RIGHT START
TRAIN 1
COMMAND RIGHT END
TURN 116 RESULT
TIME LEFT 0 5 RIGHT 0 5
TRAIN B16
MOVE A13 110
MOVE A16 88
MOVE B12 173
END TURN 116
TURN 117
COMMAND LEFT START
TRAIN 1
COMMAND LEFT END
COMMAND RIGHT START
TRAIN 1
COMMAND RIGHT END
TURN 117 RESULT
TIME LEFT 0 5 RIGHT 0 5
TRAIN A20 B17
MOVE A13 130
MOVE A16 105
MOVE B12 160
END TURN 117
TURN 118
COMMAND LEFT START
MOVE A5 206
MOVE A20 118
TRAIN 1
COMMAND LEFT END
COMMAND RIGHT START
MOVE B17 182
COMMAND RIGHT END
TURN 118 RESULT
TIME LEFT 1 5 RIGHT 0 5
TRAIN A21
MOVE A5 128
MOVE A13 144
MOVE A16 118
MOVE A20 9
MOVE B12 143
MOVE B17 205
END TURN 118
TURN 119
COMMAND LEFT START
MOVE A21 118
TRAIN 1
COMMAND LEFT END
COMMAND RIGHT START
TRAIN 2
COMMAND RIGHT END
TURN 119 RESULT
TIME LEFT 1 5 RIGHT 0 5
TRAIN A22 B18 B19
MOVE A5 137
MOVE A13 158
MOVE A20 21
MOVE A21 9
MOVE B12 125
MOVE B17 194
END TURN 119
TURN 120
COMMAND LEFT START
MOVE A22 90
TRAIN 1
COMMAND LEFT END
COMMAND RIGHT START
TRAIN 2
COMMAND RIGHT END
TURN 120 RESULT
TIME LEFT 1 5 RIGHT 0 5
TRAIN A23 B20 B21
MOVE A5 161
MOVE A13 173
MOVE A20 36
MOVE A21 21
MOVE A22 3
MOVE B12 117
MOVE B17 198
END TURN 120
TURN 121
COMMAND LEFT START
MOVE A23 118
TRAIN 1
COMMAND LEFT END
COMMAND RIGHT START
TRAIN 2
COMMAND RIGHT END
TURN 121 RESULT
TIME LEFT 1 5 RIGHT 0 5
TRAIN A24 B22 B23
MOVE A5 175
MOVE A13 190
MOVE A20 54
MOVE A21 36
MOVE A22 15
MOVE A23 9
MOVE B12 104
MOVE B17 192
END TURN 121
TURN 122
COMMAND LEFT START
MOVE A24 153
TRAIN 1
COMMAND LEFT END
COMMAND RIGHT START
COMMAND RIGHT END
TURN 122 RESULT
TIME LEFT 1 5 RIGHT 0 5
TRAIN A25
MOVE A5 185
MOVE A13 201
MOVE A20 67
MOVE A21 54
MOVE A22 33
MOVE A23 21
MOVE A24 9
MOVE B17 182
DAMAGE TURRET A13 2
DAMAGE TURRET B17 1
DAMAGE COMBAT A10 1
DAMAGE COMBAT A13 3
DAMAGE COMBAT B3 1
DAMAGE COMBAT B17 1
END TURN 122
TURN 123
COMMAND LEFT START
MOVE A25 118
UPGRADE 0
TRAIN 1
COMMAND LEFT END
COMMAND RIGHT START
MOVE B23 153
COMMAND RIGHT END
TURN 123 RESULT
TIME LEFT 0 5 RIGHT 0 5
UPGRADE A 0
TRAIN A26
MOVE A5 194
MOVE A20 88
MOVE A21 67
MOVE A22 47
MOVE A23 36
MOVE A24 21
MOVE A25 9
MOVE B23 201
DAMAGE TURRET B17 1
DAMAGE COMBAT A10 1
DAMAGE COMBAT B17 1
END TURN 123
TURN 124
COMMAND LEFT START
UPGRADE 153
TRAIN 1
COMMAND LEFT END
COMMAND RIGHT START
MOVE B22 104
MOVE B21 104
MOVE B20 104
MOVE B19 104
MOVE B18 104
MOVE B16 104
TRAIN 2
COMMAND RIGHT END
TURN 124 RESULT
TIME LEFT 0 5 RIGHT 0 5
UPGRADE A 153
TRAIN A27 B24 B25
MOVE A5 206
MOVE A20 105
MOVE A21 88
MOVE A22 71
MOVE A23 54
MOVE A24 36
MOVE A25 21
MOVE B16 201
MOVE B18 201
MOVE B19 201
MOVE B20 201
MOVE B21 201
MOVE B22 201
MOVE B23 190
DAMAGE TURRET A5 2
DAMAGE TURRET B17 1
DAMAGE COMBAT A5 3
DAMAGE COMBAT A10 1
DAMAGE COMBAT B1 1
DAMAGE COMBAT B17 1
END TURN 124
TURN 125
COMMAND LEFT START
MOVE A27 153
COMMAND LEFT END
COMMAND RIGHT START
MOVE B25 104
MOVE B24 104
TRAIN 2
COMMAND RIGHT END
TURN 125 RESULT
TIME LEFT 1 5 RIGHT 0 5
TRAIN B26 B27
MOVE A20 118
MOVE A21 105
MOVE A22 80
MOVE A23 67
MOVE A24 54
MOVE A25 36
MOVE A27 9
MOVE B16 190
MOVE B18 190
MOVE B19 190
MOVE B20 190
MOVE B21 190
MOVE B22 190
MOVE B23 173
MOVE B24 201
MOVE B25 201
END TURN 125
TURN 126
COMMAND LEFT START
MOVE A20 153
COMMAND LEFT END
COMMAND RIGHT START
MOVE B27 182
MOVE B26 104
COMMAND RIGHT END
TURN 126 RESULT
TIME LEFT 0 5 RIGHT 0 5
MOVE A20 128
MOVE A21 118
MOVE A22 90
MOVE A23 88
MOVE A24 70
MOVE A25 54
MOVE A27 21
MOVE B16 173
MOVE B18 173
MOVE B19 173
MOVE B20 173
MOVE B21 173
MOVE B22 173
MOVE B23 158
MOVE B24 190
MOVE B25 190
MOVE B26 201
MOVE B27 205
END TURN 126
TURN 127
COMMAND LEFT START
MOVE A21 153
MOVE A22 153
UPGRADE 179
COMMAND LEFT END
COMMAND RIGHT START
TRAIN 2
COMMAND RIGHT END
TURN 127 RESULT
TIME LEFT 1 5 RIGHT 0 5
UPGRADE A 179
TRAIN B28 B29
MOVE A20 145
MOVE A21 128
MOVE A22 103
MOVE A23 105
MOVE A24 87
MOVE A25 67
MOVE A27 36
MOVE B16 160
MOVE B18 160
MOVE B19 160
MOVE B20 160
MOVE B21 160
MOVE B22 160
MOVE B23 153
MOVE B24 173
MOVE B25 173
MOVE B26 190
MOVE B27 194
DAMAGE TURRET B23 1
DAMAGE COMBAT A6 1
DAMAGE COMBAT B23 1
END TURN 127
TURN 128
COMMAND LEFT START
TRAIN 2
COMMAND LEFT END
COMMAND RIGHT START
MOVE B29 104
MOVE B28 104
TRAIN 2
COMMAND RIGHT END
TURN 128 RESULT
TIME LEFT 0 5 RIGHT 0 5
TRAIN A28 A29 B30 B31
MOVE A20 153
MOVE A21 145
MOVE A22 121
MOVE A23 118
MOVE A24 110
MOVE A25 88
MOVE A27 54
MOVE B16 143
MOVE B18 143
MOVE B19 143
MOVE B20 143
MOVE B21 143
MOVE B22 143
MOVE B24 160
MOVE B25 160
MOVE B26 173
MOVE B27 198
MOVE B28 201
MOVE B29 201
DAMAGE TURRET B23 1
DAMAGE COMBAT A6 1
DAMAGE COMBAT B23 2
END TURN 128
TURN 129
COMMAND LEFT START
MOVE A23 153
MOVE A28 179
MOVE A29 153
TRAIN 1
COMMAND LEFT END
COMMAND RIGHT START
MOVE B31 179
MOVE B30 104
COMMAND RIGHT END
TURN 129 RESULT
TIME LEFT 0 5 RIGHT 0 5
TRAIN A30
MOVE A21 153
MOVE A22 125
MOVE A23 128
MOVE A24 130
MOVE A25 105
MOVE A27 70
MOVE A28 3
MOVE A29 9
MOVE B16 125
MOVE B18 125
MOVE B19 125
MOVE B20 125
MOVE B21 125
MOVE B22 125
MOVE B24 143
MOVE B25 143
MOVE B26 160
MOVE B27 192
MOVE B28 190
MOVE B29 190
MOVE B30 201
MOVE B31 199
DAMAGE TURRET B23 1
DAMAGE COMBAT A6 1
DAMAGE COMBAT A22 5
DAMAGE COMBAT B16 1
END TURN 129
TURN 130
COMMAND LEFT START
MOVE A15 55
MOVE A18 55
MOVE A2 55
MOVE A21 55
MOVE A3 55
MOVE A30 55
TRAIN 2
COMMAND LEFT END
COMMAND RIGHT START
TRAIN 2
COMMAND RIGHT END
TURN 130 RESULT
TIME LEFT 1 5 RIGHT 0 5
TRAIN A31 A32 B32 B33
MOVE A2 80
MOVE A3 32
MOVE A15 48
MOVE A18 18
MOVE A21 144
MOVE A23 145
MOVE A24 145
MOVE A25 118
MOVE A27 87
MOVE A28 15
MOVE A29 21
MOVE A30 7
MOVE B16 117
MOVE B18 117
MOVE B19 117
MOVE B20 117
MOVE B21 117
MOVE B22 117
MOVE B24 125
MOVE B25 125
MOVE B26 143
MOVE B27 182
MOVE B28 173
MOVE B29 173
MOVE B30 190
MOVE B31 187
DAMAGE TURRET B27 1
DAMAGE COMBAT A10 1
DAMAGE COMBAT B27 1
END TURN 130
TURN 131
COMMAND LEFT START
MOVE A25 42
MOVE A31 7
MOVE A32 26
TRAIN 1
COMMAND LEFT END
COMMAND RIGHT START
MOVE B33 104
MOVE B32 104
TRAIN 2
COMMAND RIGHT END
TURN 131 RESULT
TIME LEFT 0 5 RIGHT 0 5
TRAIN A33 B34 B35
MOVE A2 63
MOVE A3 45
MOVE A15 50
MOVE A18 35
MOVE A21 125
MOVE A23 153
MOVE A24 153
MOVE A25 105
MOVE A27 110
MOVE A28 33
MOVE A29 36
MOVE A30 18
MOVE A31 7
MOVE A32 3
MOVE B16 104
MOVE B18 104
MOVE B19 104
MOVE B20 104
MOVE B21 104
MOVE B22 104
MOVE B24 117
MOVE B25 117
MOVE B26 125
MOVE B28 160
MOVE B29 160
MOVE B30 173
MOVE B31 188
MOVE B32 201
MOVE B33 201
DAMAGE TURRET B27 1
DAMAGE COMBAT A10 1
DAMAGE COMBAT A21 1
DAMAGE COMBAT B26 1
DAMAGE COMBAT B27 1
END TURN 131
TURN 132
COMMAND LEFT START
MOVE A23 182
MOVE A24 90
MOVE A33 118
TRAIN 1
COMMAND LEFT END
COMMAND RIGHT START
MOVE B27 206
MOVE B22 155
COMMAND RIGHT END
TURN 132 RESULT
TIME LEFT 7 5 RIGHT 0 5
TRAIN A34
MOVE A2 55
MOVE A3 47
MOVE A15 55
MOVE A18 50
MOVE A23 161
MOVE A24 144
MOVE A25 88
MOVE A27 130
MOVE A28 47
MOVE A29 54
MOVE A30 35
MOVE A32 14
MOVE A33 9
MOVE B22 121
MOVE B24 104
MOVE B25 104
MOVE B27 192
MOVE B28 143
MOVE B29 143
MOVE B30 160
MOVE B31 186
MOVE B32 190
MOVE B33 190
DAMAGE COMBAT A21 1
DAMAGE COMBAT B26 1
END TURN 132
TURN 133
COMMAND LEFT START
MOVE A2 26
MOVE A34 7
MOVE A15 90
TRAIN 2
COMMAND LEFT END
COMMAND RIGHT START
TRAIN 2
COMMAND RIGHT END
TURN 133 RESULT
TIME LEFT 6 5 RIGHT 0 5
TRAIN A35 A36 B36 B37
MOVE A2 47
MOVE A3 55
MOVE A15 63
MOVE A18 55
MOVE A23 163
MOVE A24 125
MOVE A25 67
MOVE A27 145
MOVE A28 71
MOVE A29 70
MOVE A30 50
MOVE A32 10
MOVE A33 21
MOVE A34 7
MOVE B22 120
MOVE B27 198
MOVE B28 125
MOVE B29 125
MOVE B30 143
MOVE B31 179
MOVE B32 173
MOVE B33 173
DAMAGE TURRET B31 1
DAMAGE COMBAT A12 1
DAMAGE COMBAT A21 3
DAMAGE COMBAT B26 2
DAMAGE COMBAT B31 1
END TURN 133
TURN 134
COMMAND LEFT START
MOVE A3 179
MOVE A18 118
MOVE A34 118
MOVE A35 118
MOVE A36 118
TRAIN 1
COMMAND LEFT END
COMMAND RIGHT START
MOVE B25 55
COMMAND RIGHT END
TURN 134 RESULT
TIME LEFT 24 5 RIGHT 0 5
TRAIN A37
MOVE A2 45
MOVE A3 63
MOVE A15 80
MOVE A18 64
MOVE A23 176
MOVE A25 54
MOVE A27 153
MOVE A28 80
MOVE A29 87
MOVE A30 55
MOVE A32 16
MOVE A33 36
MOVE A34 18
MOVE A35 9
MOVE A36 9
MOVE B22 126
MOVE B25 91
MOVE B27 194
MOVE B30 125
MOVE B32 160
MOVE B33 160
DAMAGE TURRET B31 1
DAMAGE COMBAT A12 1
DAMAGE COMBAT A24 4
DAMAGE COMBAT B26 1
DAMAGE COMBAT B31 1
END TURN 134
TURN 135
COMMAND LEFT START
MOVE A27 118
MOVE A30 179
MOVE A37 118
TRAIN 1
COMMAND LEFT END
COMMAND RIGHT START
TRAIN 2
COMMAND RIGHT END
TURN 135 RESULT
TIME LEFT 23 5 RIGHT 0 5
TRAIN A38 B38 B39
MOVE A2 32
MOVE A3 80
MOVE A15 90
MOVE A18 83
MOVE A23 182
MOVE A25 42
MOVE A27 145
MOVE A28 94
MOVE A29 110
MOVE A30 63
MOVE A32 26
MOVE A33 54
MOVE A34 31
MOVE A35 21
MOVE A36 21
MOVE A37 9
MOVE B22 140
MOVE B25 83
MOVE B27 206
MOVE B32 143
MOVE B33 143
DAMAGE TURRET B31 1
DAMAGE COMBAT A12 1
DAMAGE COMBAT A18 1
DAMAGE COMBAT A24 1
DAMAGE COMBAT B25 1
DAMAGE COMBAT B26 1
DAMAGE COMBAT B31 1
END TURN 135
TURN 136
COMMAND LEFT START
MOVE A38 118
COMMAND LEFT END
COMMAND RIGHT START
MOVE B24 153
MOVE B21 153
MOVE B20 153
MOVE B19 153
MOVE B18 153
MOVE B16 153
MOVE B12 153
COMMAND RIGHT END
TURN 136 RESULT
TIME LEFT 1 5 RIGHT 0 5
MOVE A2 26
MOVE A3 94
MOVE A27 128
MOVE A28 111
MOVE A29 130
MOVE A30 80
MOVE A33 67
MOVE A34 42
MOVE A35 36
MOVE A36 36
MOVE A37 21
MOVE A38 9
MOVE B12 117
MOVE B16 117
MOVE B18 117
MOVE B19 117
MOVE B20 117
MOVE B21 117
MOVE B22 146
MOVE B24 117
MOVE B28 117
MOVE B29 117
MOVE B30 117
MOVE B32 125
MOVE B33 125
DAMAGE COMBAT A18 1
DAMAGE COMBAT B25 1
END TURN 136
TURN 137
COMMAND LEFT START
MOVE A16 153
MOVE A2 153
TRAIN 2
COMMAND LEFT END
COMMAND RIGHT START
MOVE B39 182
MOVE B38 104
MOVE B37 104
MOVE B36 104
MOVE B35 104
MOVE B34 104
TRAIN 1
COMMAND RIGHT END
TURN 137 RESULT
TIME LEFT 6 5 RIGHT 0 5
TRAIN A39 A40 B40
MOVE A2 37
MOVE A3 111
MOVE A16 128
MOVE A27 118
MOVE A28 126
MOVE A29 145
MOVE A30 94
MOVE A33 88
MOVE A34 54
MOVE A35 54
MOVE A36 54
MOVE A37 36
MOVE A38 21
MOVE B12 125
MOVE B16 125
MOVE B18 125
MOVE B19 125
MOVE B20 125
MOVE B21 125
MOVE B22 159
MOVE B24 125
MOVE B28 104
MOVE B29 104
MOVE B30 104
MOVE B32 117
MOVE B33 117
MOVE B34 201
MOVE B35 201
MOVE B36 201
MOVE B37 201
MOVE B38 201
MOVE B39 205
DAMAGE COMBAT A18 1
DAMAGE COMBAT B25 1
END TURN 137
TURN 138
COMMAND LEFT START
MOVE A39 153
MOVE A40 153
MOVE A27 153
TRAIN 2
COMMAND LEFT END
COMMAND RIGHT START
MOVE B40 104
TRAIN 2
COMMAND RIGHT END
TURN 138 RESULT
TIME LEFT 7 5 RIGHT 0 5
TRAIN A41 A42 B41 B42
MOVE A2 52
MOVE A3 126
MOVE A16 145
MOVE A27 128
MOVE A28 140
MOVE A29 153
MOVE A30 111
MOVE A33 105
MOVE A34 67
MOVE A35 67
MOVE A36 67
MOVE A37 54
MOVE A38 36
MOVE A39 9
MOVE A40 9
MOVE B12 144
MOVE B16 144
MOVE B18 144
MOVE B19 144
MOVE B20 144
MOVE B21 144
MOVE B22 155
MOVE B24 144
MOVE B32 104
MOVE B33 104
MOVE B34 190
MOVE B35 190
MOVE B36 190
MOVE B37 190
MOVE B38 190
MOVE B39 194
MOVE B40 201
DAMAGE TURRET B22 1
DAMAGE COMBAT A4 1
DAMAGE COMBAT A18 1
DAMAGE COMBAT B22 1
DAMAGE COMBAT B25 1
END TURN 138
TURN 139
COMMAND LEFT START
MOVE A29 118
MOVE A41 118
MOVE A42 118
TRAIN 2
COMMAND LEFT END
COMMAND RIGHT START
MOVE B33 90
MOVE B32 90
MOVE B30 90
MOVE B29 90
MOVE B28 90
COMMAND RIGHT END
TURN 139 RESULT
TIME LEFT 0 5 RIGHT 0 5
TRAIN A43 A44
MOVE A2 58
MOVE A3 140
MOVE A16 153
MOVE A27 145
MOVE A28 146
MOVE A29 145
MOVE A30 126
MOVE A33 118
MOVE A34 88
MOVE A35 88
MOVE A36 88
MOVE A37 67
MOVE A38 54
MOVE A39 21
MOVE A40 21
MOVE A41 9
MOVE A42 9
MOVE B12 153
MOVE B16 153
MOVE B18 153
MOVE B19 153
MOVE B20 153
MOVE B21 153
MOVE B24 153
MOVE B28 98
MOVE B29 98
MOVE B30 98
MOVE B32 98
MOVE B33 98
MOVE B34 173
MOVE B35 173
MOVE B36 173
MOVE B37 173
MOVE B38 173
MOVE B39 198
MOVE B40 190
DAMAGE TURRET B16 1
DAMAGE TURRET B22 1
DAMAGE COMBAT A4 1
DAMAGE COMBAT A6 2
DAMAGE COMBAT A16 5
DAMAGE COMBAT A18 1
DAMAGE COMBAT B16 3
DAMAGE COMBAT B22 1
DAMAGE COMBAT B25 1
END TURN 139
TURN 140
COMMAND LEFT START
MOVE A33 153
MOVE A43 153
MOVE A44 153
TRAIN 1
COMMAND LEFT END
COMMAND RIGHT START
MOVE B42 104
MOVE B41 104
TRAIN 2
COMMAND RIGHT END
TURN 140 RESULT
TIME LEFT 7 5 RIGHT 0 5
TRAIN A45 B43 B44
MOVE A2 73
MOVE A3 146
MOVE A27 153
MOVE A28 159
MOVE A29 128
MOVE A30 140
MOVE A33 128
MOVE A34 105
MOVE A35 105
MOVE A36 105
MOVE A37 88
MOVE A38 67
MOVE A39 36
MOVE A40 36
MOVE A41 21
MOVE A42 21
MOVE A43 9
MOVE A44 9
MOVE B25 64
MOVE B28 90
MOVE B29 90
MOVE B30 90
MOVE B32 90
MOVE B33 90
MOVE B34 160
MOVE B35 160
MOVE B36 160
MOVE B37 160
MOVE B38 160
MOVE B39 192
MOVE B40 173
MOVE B41 201
MOVE B42 201
DAMAGE TURRET B16 1
DAMAGE TURRET B22 1
DAMAGE TURRET B28 1
DAMAGE COMBAT A4 1
DAMAGE COMBAT A15 5
DAMAGE COMBAT A20 5
DAMAGE COMBAT A27 2
DAMAGE COMBAT B12 2
DAMAGE COMBAT B22 1
DAMAGE COMBAT B28 1
END TURN 140
TURN 141
COMMAND LEFT START
MOVE A45 90
TRAIN 2
COMMAND LEFT END
COMMAND RIGHT START
MOVE B44 179
MOVE B43 104
MOVE B27 104
COMMAND RIGHT END
TURN 141 RESULT
TIME LEFT 7 5 RIGHT 0 5
TRAIN A46 A47
MOVE A2 94
MOVE A3 159
MOVE A28 179
MOVE A29 118
MOVE A30 146
MOVE A33 145
MOVE A34 118
MOVE A35 118
MOVE A36 118
MOVE A37 105
MOVE A38 88
MOVE A39 54
MOVE A40 54
MOVE A41 36
MOVE A42 36
MOVE A43 21
MOVE A44 21
MOVE A45 3
MOVE B25 55
MOVE B27 194
MOVE B34 143
MOVE B35 143
MOVE B36 143
MOVE B37 143
MOVE B38 143
MOVE B39 182
MOVE B40 160
MOVE B41 190
MOVE B42 190
MOVE B43 201
MOVE B44 199
DAMAGE TURRET B12 1
DAMAGE TURRET B25 1
DAMAGE TURRET B28 1
DAMAGE TURRET B39 1
DAMAGE COMBAT A14 1
DAMAGE COMBAT A23 1
DAMAGE COMBAT A27 4
DAMAGE COMBAT B12 1
DAMAGE COMBAT B39 1
SIEGE A 90 5
SIEGE A 153 2
END TURN 141
TURN 142
COMMAND LEFT START
MOVE A36 153
MOVE A46 153
MOVE A29 153
MOVE A34 153
MOVE A47 153
TRAIN 1
COMMAND LEFT END
COMMAND RIGHT START
TRAIN 2
COMMAND RIGHT END
TURN 142 RESULT
TIME LEFT 7 5 RIGHT 0 5
TRAIN A48 B45 B46
MOVE A2 103
MOVE A3 179
MOVE A29 128
MOVE A30 159
MOVE A33 153
MOVE A34 128
MOVE A36 128
MOVE A37 118
MOVE A38 105
MOVE A39 70
MOVE A40 70
MOVE A41 54
MOVE A42 54
MOVE A43 36
MOVE A44 36
MOVE A45 15
MOVE A46 9
MOVE A47 9
MOVE B27 185
MOVE B34 125
MOVE B35 125
MOVE B36 125
MOVE B37 125
MOVE B38 125
MOVE B40 143
MOVE B41 173
MOVE B42 173
MOVE B43 190
MOVE B44 187
DAMAGE TURRET B12 1
DAMAGE TURRET B28 1
DAMAGE TURRET B39 1
DAMAGE COMBAT A23 1
DAMAGE COMBAT A33 6
DAMAGE COMBAT B12 1
DAMAGE COMBAT B39 1
SIEGE A 90 1
END TURN 142
TURN 143
COMMAND LEFT START
MOVE A37 153
MOVE A48 153
TRAIN 1
COMMAND LEFT END
COMMAND RIGHT START
MOVE B28 104
MOVE B29 104
MOVE B30 104
MOVE B32 104
MOVE B46 104
MOVE B45 104
UPGRADE 90
COMMAND RIGHT END
TURN 143 RESULT
TIME LEFT 6 5 RIGHT 0 5
UPGRADE B 90
TRAIN A49
MOVE A2 121
MOVE A29 145
MOVE A30 179
MOVE A34 145
MOVE A36 145
MOVE A37 128
MOVE A38 118
MOVE A39 87
MOVE A40 87
MOVE A41 67
MOVE A42 67
MOVE A43 54
MOVE A44 54
MOVE A45 33
MOVE A46 21
MOVE A47 21
MOVE A48 9
MOVE B27 175
MOVE B28 98
MOVE B29 98
MOVE B30 98
MOVE B32 98
MOVE B34 117
MOVE B35 117
MOVE B36 117
MOVE B37 117
MOVE B38 117
MOVE B40 125
MOVE B41 160
MOVE B42 160
MOVE B43 173
MOVE B44 188
MOVE B45 201
MOVE B46 201
DAMAGE TURRET B18 1
DAMAGE TURRET B39 1
DAMAGE COMBAT A23 1
DAMAGE COMBAT B39 1
SIEGE A 153 5
END TURN 143
TURN 144
COMMAND LEFT START
MOVE A38 153
MOVE A49 153
TRAIN 2
COMMAND LEFT END
COMMAND RIGHT START
UPGRADE 90
COMMAND RIGHT END
TURN 144 RESULT
TIME LEFT 6 5 RIGHT 0 5
UPGRADE B 90
TRAIN A50 A51
MOVE A2 125
MOVE A29 153
MOVE A34 153
MOVE A36 153
MOVE A37 145
MOVE A38 128
MOVE A39 110
MOVE A40 110
MOVE A41 88
MOVE A42 88
MOVE A43 70
MOVE A44 70
MOVE A45 47
MOVE A46 36
MOVE A47 36
MOVE A48 21
MOVE A49 9
MOVE B27 161
MOVE B28 104
MOVE B29 104
MOVE B30 104
MOVE B32 104
MOVE B34 104
MOVE B35 104
MOVE B36 104
MOVE B37 104
MOVE B38 104
MOVE B40 117
MOVE B41 143
MOVE B42 143
MOVE B43 160
MOVE B44 186
MOVE B45 190
MOVE B46 190
DAMAGE TURRET B18 1
DAMAGE COMBAT A29 5
DAMAGE COMBAT B18 3
END TURN 144
TURN 145
COMMAND LEFT START
MOVE A50 153
MOVE A51 153
TRAIN 1
COMMAND LEFT END
COMMAND RIGHT START
MOVE B2 90
COMMAND RIGHT END
TURN 145 RESULT
TIME LEFT 6 5 RIGHT 0 5
TRAIN A52
MOVE A2 144
MOVE A37 153
MOVE A38 145
MOVE A39 130
MOVE A40 130
MOVE A41 105
MOVE A42 105
MOVE A43 87
MOVE A44 87
MOVE A45 71
MOVE A46 54
MOVE A47 54
MOVE A48 36
MOVE A49 21
MOVE A50 9
MOVE A51 9
MOVE B2 98
MOVE B27 145
MOVE B40 104
MOVE B41 125
MOVE B42 125
MOVE B43 143
MOVE B44 179
MOVE B45 173
MOVE B46 173
DAMAGE TURRET B18 1
DAMAGE TURRET B44 1
DAMAGE COMBAT A12 1
DAMAGE COMBAT A29 1
DAMAGE COMBAT A34 4
DAMAGE COMBAT A38 1
DAMAGE COMBAT B19 4
DAMAGE COMBAT B27 1
DAMAGE COMBAT B44 4
END TURN 145
TURN 146
COMMAND LEFT START
MOVE A3 118
MOVE A30 118
MOVE A52 153
TRAIN 2
COMMAND LEFT END
COMMAND RIGHT START
MOVE B40 118
MOVE B38 118
MOVE B37 118
MOVE B36 118
MOVE B35 118
MOVE B34 118
MOVE B32 118
MOVE B30 118
MOVE B29 118
COMMAND RIGHT END
TURN 146 RESULT
TIME LEFT 11 5 RIGHT 0 5
TRAIN A53 A54
MOVE A2 153
MOVE A39 145
MOVE A40 145
MOVE A41 118
MOVE A42 118
MOVE A43 110
MOVE A44 110
MOVE A45 80
MOVE A46 70
MOVE A47 70
MOVE A48 54
MOVE A49 36
MOVE A50 21
MOVE A51 21
MOVE A52 9
MOVE B2 90
MOVE B29 110
MOVE B30 110
MOVE B32 110
MOVE B34 110
MOVE B35 110
MOVE B36 110
MOVE B37 110
MOVE B38 110
MOVE B40 110
MOVE B41 117
MOVE B42 117
MOVE B43 125
MOVE B45 160
MOVE B46 160
DAMAGE TURRET B19 1
DAMAGE TURRET B44 1
DAMAGE COMBAT A2 2
DAMAGE COMBAT A12 1
DAMAGE COMBAT A34 2
DAMAGE COMBAT A38 1
DAMAGE COMBAT A43 6
DAMAGE COMBAT A44 3
DAMAGE COMBAT B19 1
DAMAGE COMBAT B20 3
DAMAGE COMBAT B27 1
DAMAGE COMBAT B29 2
END TURN 146
TURN 147
COMMAND LEFT START
MOVE A41 153
MOVE A42 153
MOVE A53 179
MOVE A54 118
TRAIN 1
COMMAND LEFT END
COMMAND RIGHT START
COMMAND RIGHT END
TURN 147 RESULT
TIME LEFT 11 5 RIGHT 0 5
TRAIN A55
MOVE A3 174
MOVE A30 174
MOVE A38 153
MOVE A39 153
MOVE A40 153
MOVE A41 128
MOVE A42 128
MOVE A45 90
MOVE A46 87
MOVE A47 87
MOVE A48 70
MOVE A49 54
MOVE A50 36
MOVE A51 36
MOVE A52 21
MOVE A53 3
MOVE A54 9
MOVE B41 104
MOVE B42 104
MOVE B43 117
MOVE B45 143
MOVE B46 143
DAMAGE TURRET A45 1
DAMAGE TURRET B20 1
DAMAGE COMBAT A2 2
DAMAGE COMBAT A38 1
DAMAGE COMBAT A44 3
DAMAGE COMBAT A45 2
DAMAGE COMBAT B2 1
DAMAGE COMBAT B20 2
DAMAGE COMBAT B21 4
DAMAGE COMBAT B29 1
END TURN 147
TURN 148
COMMAND LEFT START
MOVE A45 153
MOVE A55 153
TRAIN 2
COMMAND LEFT END
COMMAND RIGHT START
TRAIN 2
COMMAND RIGHT END
TURN 148 RESULT
TIME LEFT 6 5 RIGHT 0 5
TRAIN A56 A57 B47 B48
MOVE A3 170
MOVE A30 170
MOVE A41 145
MOVE A42 145
MOVE A46 110
MOVE A47 110
MOVE A48 87
MOVE A49 70
MOVE A50 54
MOVE A51 54
MOVE A52 36
MOVE A53 15
MOVE A54 21
MOVE A55 9
MOVE B29 118
MOVE B30 118
MOVE B32 118
MOVE B34 118
MOVE B35 118
MOVE B36 118
MOVE B37 118
MOVE B38 118
MOVE B40 118
MOVE B43 104
MOVE B45 125
MOVE B46 125
DAMAGE TURRET A45 1
DAMAGE TURRET B21 1
DAMAGE TURRET B29 1
DAMAGE COMBAT A35 6
DAMAGE COMBAT A38 2
DAMAGE COMBAT A45 2
DAMAGE COMBAT B2 1
DAMAGE COMBAT B21 1
DAMAGE COMBAT B24 4
DAMAGE COMBAT B29 1
SIEGE A 118 3
END TURN 148
TURN 149
COMMAND LEFT START
MOVE A56 153
MOVE A57 153
TRAIN 1
COMMAND LEFT END
COMMAND RIGHT START
MOVE B8 90
MOVE B48 104
MOVE B47 104
UPGRADE 90
COMMAND RIGHT END
TURN 149 RESULT
TIME LEFT 0 5 RIGHT 0 5
UPGRADE B 90
TRAIN A58
MOVE A3 154
MOVE A30 154
MOVE A41 153
MOVE A42 153
MOVE A46 130
MOVE A47 130
MOVE A48 110
MOVE A49 87
MOVE A50 70
MOVE A51 70
MOVE A52 54
MOVE A53 33
MOVE A54 36
MOVE A55 21
MOVE A56 9
MOVE A57 9
MOVE B8 98
MOVE B45 117
MOVE B46 117
MOVE B47 201
MOVE B48 201
DAMAGE TURRET B24 1
DAMAGE TURRET B29 1
DAMAGE COMBAT A38 1
DAMAGE COMBAT B24 1
SIEGE A 118 3
END TURN 149
TURN 150
COMMAND LEFT START
MOVE A39 55
MOVE A40 55
MOVE A41 55
MOVE A42 55
MOVE A58 55
COMMAND LEFT END
COMMAND RIGHT START
MOVE B28 90
COMMAND RIGHT END
TURN 150 RESULT
TIME LEFT 2 5 RIGHT 0 5
MOVE A3 143
MOVE A30 143
MOVE A39 144
MOVE A40 144
MOVE A41 144
MOVE A42 144
MOVE A46 145
MOVE A47 145
MOVE A48 130
MOVE A49 110
MOVE A50 87
MOVE A51 87
MOVE A52 70
MOVE A53 47
MOVE A54 54
MOVE A55 36
MOVE A56 21
MOVE A57 21
MOVE A58 7
MOVE B8 90
MOVE B28 98
MOVE B45 104
MOVE B46 104
MOVE B47 190
MOVE B48 190
END TURN 150
TURN 151
COMMAND LEFT START
COMMAND LEFT END
COMMAND RIGHT START
UPGRADE 118
COMMAND RIGHT END
TURN 151 RESULT
TIME LEFT 1 5 RIGHT 0 5
UPGRADE B 118
MOVE A3 144
MOVE A30 144
MOVE A39 125
MOVE A40 125
MOVE A41 125
MOVE A42 125
MOVE A46 153
MOVE A47 153
MOVE A48 145
MOVE A49 130
MOVE A50 110
MOVE A51 110
MOVE A52 87
MOVE A53 71
MOVE A54 67
MOVE A55 54
MOVE A56 36
MOVE A57 36
MOVE A58 18
MOVE B28 90
MOVE B47 173
MOVE B48 173
END TURN 151
TURN 152
COMMAND LEFT START
UPGRADE 182
COMMAND LEFT END
COMMAND RIGHT START
COMMAND RIGHT END
TURN 152 RESULT
TIME LEFT 1 5 RIGHT 0 5
UPGRADE A 182
MOVE A3 130
MOVE A30 130
MOVE A39 121
MOVE A40 121
MOVE A41 121
MOVE A42 121
MOVE A48 153
MOVE A49 145
MOVE A50 130
MOVE A51 130
MOVE A52 110
MOVE A53 80
MOVE A54 88
MOVE A55 70
MOVE A56 54
MOVE A57 54
MOVE A58 35
MOVE B47 160
MOVE B48 160
END TURN 152
TURN 153
COMMAND LEFT START
MOVE A46 182
COMMAND LEFT END
COMMAND RIGHT START
COMMAND RIGHT END
TURN 153 RESULT
TIME LEFT 1 5 RIGHT 0 5
MOVE A3 118
MOVE A30 118
MOVE A39 98
MOVE A40 98
MOVE A41 98
MOVE A42 98
MOVE A46 161
MOVE A49 153
MOVE A50 145
MOVE A51 145
MOVE A52 130
MOVE A53 94
MOVE A54 105
MOVE A55 87
MOVE A56 70
MOVE A57 70
MOVE A58 50
MOVE B47 143
MOVE B48 143
DAMAGE TURRET A3 1
DAMAGE COMBAT A3 3
DAMAGE COMBAT A30 5
DAMAGE COMBAT B30 2
END TURN 153
TURN 154
COMMAND LEFT START
MOVE A30 55
MOVE A47 55
MOVE A48 55
MOVE A49 55
COMMAND LEFT END
COMMAND RIGHT START
MOVE B5 90
MOVE B7 90
MOVE B3 90
MOVE B41 166
MOVE B42 166
TRAIN 1
COMMAND RIGHT END
TURN 154 RESULT
TIME LEFT 2 5 RIGHT 0 5
TRAIN B49
MOVE A39 78
MOVE A40 78
MOVE A41 78
MOVE A42 78
MOVE A46 163
MOVE A47 144
MOVE A48 144
MOVE A49 144
MOVE A50 153
MOVE A51 153
MOVE A52 145
MOVE A53 111
MOVE A54 118
MOVE A55 110
MOVE A56 87
MOVE A57 87
MOVE A58 55
MOVE B3 190
MOVE B5 154
MOVE B7 154
MOVE B41 117
MOVE B42 117
MOVE B47 125
MOVE B48 125
DAMAGE TURRET A30 1
DAMAGE COMBAT A54 6
DAMAGE COMBAT B30 2
END TURN 154
TURN 155
COMMAND LEFT START
MOVE A58 153
COMMAND LEFT END
COMMAND RIGHT START
MOVE B13 201
UPGRADE 118
COMMAND RIGHT END
TURN 155 RESULT
TIME LEFT 1 5 RIGHT 0 5
UPGRADE B 118
MOVE A39 63
MOVE A40 63
MOVE A41 63
MOVE A42 63
MOVE A46 176
MOVE A47 125
MOVE A48 125
MOVE A49 125
MOVE A52 153
MOVE A53 126
MOVE A55 130
MOVE A56 110
MOVE A57 110
MOVE A58 63
MOVE B3 177
MOVE B5 141
MOVE B7 141
MOVE B13 201
MOVE B41 125
MOVE B42 125
MOVE B47 117
MOVE B48 117
DAMAGE COMBAT A47 2
DAMAGE COMBAT B41 3
END TURN 155
TURN 156
COMMAND LEFT START
UPGRADE 153
COMMAND LEFT END
COMMAND RIGHT START
COMMAND RIGHT END
TURN 156 RESULT
TIME LEFT 1 5 RIGHT 0 5
UPGRADE A 153
MOVE A39 55
MOVE A40 55
MOVE A41 55
MOVE A42 55
MOVE A46 182
MOVE A53 140
MOVE A55 145
MOVE A56 130
MOVE A57 130
MOVE A58 78
MOVE B3 166
MOVE B5 120
MOVE B7 120
MOVE B47 104
MOVE B48 104
DAMAGE COMBAT A47 2
DAMAGE COMBAT B41 3
END TURN 156
TURN 157
COMMAND LEFT START
MOVE A51 55
MOVE A52 55
COMMAND LEFT END
COMMAND RIGHT START
MOVE B40 104
MOVE B38 104
MOVE B37 104
MOVE B36 104
MOVE B35 104
MOVE B34 104
TRAIN 1
COMMAND RIGHT END
TURN 157 RESULT
TIME LEFT 3 5 RIGHT 0 5
TRAIN B50
MOVE A51 144
MOVE A52 144
MOVE A53 146
MOVE A55 153
MOVE A56 145
MOVE A57 145
MOVE A58 98
MOVE B3 154
MOVE B5 103
MOVE B7 103
MOVE B34 110
MOVE B35 110
MOVE B36 110
MOVE B37 110
MOVE B38 110
MOVE B40 110
DAMAGE COMBAT A47 1
DAMAGE COMBAT B42 3
END TURN 157
TURN 158
COMMAND LEFT START
MOVE A55 55
COMMAND LEFT END
COMMAND RIGHT START
MOVE B14 166
UPGRADE 118
COMMAND RIGHT END
TURN 158 RESULT
TIME LEFT 2 5 RIGHT 0 5
UPGRADE B 118
MOVE A51 125
MOVE A52 125
MOVE A53 159
MOVE A55 144
MOVE A56 153
MOVE A57 153
MOVE A58 121
MOVE B3 141
MOVE B5 90
MOVE B7 90
MOVE B14 201
MOVE B34 104
MOVE B35 104
MOVE B36 104
MOVE B37 104
MOVE B38 104
MOVE B40 104
DAMAGE COMBAT A47 1
DAMAGE COMBAT B42 3
END TURN 158
TURN 159
COMMAND LEFT START
MOVE A56 55
MOVE A57 55
UPGRADE 179
COMMAND LEFT END
COMMAND RIGHT START
MOVE B5 166
MOVE B34 118
MOVE B33 104
COMMAND RIGHT END
TURN 159 RESULT
TIME LEFT 3 5 RIGHT 0 5
UPGRADE A 179
MOVE A48 121
MOVE A49 121
MOVE A51 121
MOVE A52 121
MOVE A53 179
MOVE A55 125
MOVE A56 144
MOVE A57 144
MOVE A58 125
MOVE B3 120
MOVE B5 103
MOVE B14 190
MOVE B33 98
MOVE B34 110
END TURN 159
TURN 160
COMMAND LEFT START
MOVE A39 179
COMMAND LEFT END
COMMAND RIGHT START
MOVE B48 182
COMMAND RIGHT END
TURN 160 RESULT
TIME LEFT 2 5 RIGHT 0 5
MOVE A39 63
MOVE A48 98
MOVE A49 98
MOVE A51 98
MOVE A52 98
MOVE A55 121
MOVE A56 125
MOVE A57 125
MOVE A58 144
MOVE B3 103
MOVE B5 120
MOVE B14 177
MOVE B33 104
MOVE B34 118
MOVE B48 110
END TURN 160
TURN 161
COMMAND LEFT START
COMMAND LEFT END
COMMAND RIGHT START
TRAIN 1
COMMAND RIGHT END
TURN 161 RESULT
TIME LEFT 3 5 RIGHT 0 5
TRAIN B51
MOVE A39 80
MOVE A48 78
MOVE A49 78
MOVE A51 78
MOVE A52 78
MOVE A55 98
MOVE A56 121
MOVE A57 121
MOVE A58 153
MOVE B3 90
MOVE B5 141
MOVE B14 166
MOVE B48 118
END TURN 161
TURN 162
COMMAND LEFT START
MOVE A58 55
UPGRADE 182
COMMAND LEFT END
COMMAND RIGHT START
MOVE B11 90
MOVE B15 90
MOVE B6 90
MOVE B10 90
MOVE B33 201
MOVE B35 201
MOVE B36 166
TRAIN 2
COMMAND RIGHT END
TURN 162 RESULT
TIME LEFT 2 5 RIGHT 0 5
UPGRADE A 182
TRAIN B52 B53
MOVE A39 94
MOVE A48 63
MOVE A49 63
MOVE A51 63
MOVE A52 63
MOVE A55 78
MOVE A56 98
MOVE A57 98
MOVE A58 144
MOVE B5 154
MOVE B6 190
MOVE B10 190
MOVE B11 154
MOVE B15 199
MOVE B33 117
MOVE B35 117
MOVE B36 117
MOVE B48 128
END TURN 162
TURN 163
COMMAND LEFT START
MOVE A40 182
COMMAND LEFT END
COMMAND RIGHT START
MOVE B53 104
MOVE B52 104
TRAIN 2
COMMAND RIGHT END
TURN 163 RESULT
TIME LEFT 2 5 RIGHT 0 5
TRAIN B54 B55
MOVE A39 111
MOVE A40 64
MOVE A48 55
MOVE A49 55
MOVE A51 55
MOVE A52 55
MOVE A55 63
MOVE A56 78
MOVE A57 78
MOVE A58 125
MOVE B5 166
MOVE B6 177
MOVE B10 177
MOVE B11 141
MOVE B15 187
MOVE B33 125
MOVE B35 125
MOVE B36 125
MOVE B48 135
MOVE B52 201
MOVE B53 201
DAMAGE COMBAT A58 3
DAMAGE COMBAT B33 1
END TURN 163
TURN 164
COMMAND LEFT START
MOVE A41 153
MOVE A42 153
MOVE A48 153
MOVE A49 153
MOVE A51 153
MOVE A52 153
COMMAND LEFT END
COMMAND RIGHT START
MOVE B28 104
TRAIN 2
COMMAND RIGHT END
TURN 164 RESULT
TIME LEFT 7 5 RIGHT 0 5
TRAIN B56 B57
MOVE A39 126
MOVE A40 83
MOVE A41 63
MOVE A42 63
MOVE A48 63
MOVE A49 63
MOVE A51 63
MOVE A52 63
MOVE A55 55
MOVE A56 63
MOVE A57 63
MOVE B6 166
MOVE B10 166
MOVE B11 120
MOVE B15 172
MOVE B28 98
MOVE B48 150
MOVE B52 190
MOVE B53 190
DAMAGE COMBAT A58 3
DAMAGE COMBAT B33 1
END TURN 164
TURN 165
COMMAND LEFT START
MOVE A55 153
COMMAND LEFT END
COMMAND RIGHT START
MOVE B57 104
MOVE B56 104
MOVE B55 104
MOVE B54 104
TRAIN 2
COMMAND RIGHT END
TURN 165 RESULT
TIME LEFT 1 5 RIGHT 0 5
TRAIN B58 B59
MOVE A39 140
MOVE A40 87
MOVE A41 78
MOVE A42 78
MOVE A48 78
MOVE A49 78
MOVE A51 78
MOVE A52 78
MOVE A55 63
MOVE A56 55
MOVE A57 55
MOVE B6 154
MOVE B10 154
MOVE B11 103
MOVE B15 154
MOVE B28 104
MOVE B33 143
MOVE B35 143
MOVE B36 143
MOVE B48 156
MOVE B52 173
MOVE B53 173
MOVE B54 201
MOVE B55 201
MOVE B56 201
MOVE B57 201
END TURN 165
TURN 166
COMMAND LEFT START
MOVE A56 153
MOVE A57 153
COMMAND LEFT END
COMMAND RIGHT START
MOVE B59 179
MOVE B58 104
COMMAND RIGHT END
TURN 166 RESULT
TIME LEFT 2 5 RIGHT 0 5
MOVE A39 146
MOVE A40 105
MOVE A41 98
MOVE A42 98
MOVE A48 98
MOVE A49 98
MOVE A51 98
MOVE A52 98
MOVE A55 78
MOVE A56 63
MOVE A57 63
MOVE B6 141
MOVE B10 141
MOVE B11 90
MOVE B15 141
MOVE B33 160
MOVE B35 160
MOVE B36 160
MOVE B48 171
MOVE B52 160
MOVE B53 160
MOVE B54 190
MOVE B55 190
MOVE B56 190
MOVE B57 190
MOVE B58 201
MOVE B59 199
END TURN 166
TURN 167
COMMAND LEFT START
MOVE A17 2
MOVE A19 2
TRAIN 2
COMMAND LEFT END
COMMAND RIGHT START
TRAIN 2
COMMAND RIGHT END
TURN 167 RESULT
TIME LEFT 0 5 RIGHT 0 5
TRAIN A59 A60 B60 B61
MOVE A17 2
MOVE A19 2
MOVE A39 159
MOVE A40 114
MOVE A41 121
MOVE A42 121
MOVE A48 121
MOVE A49 121
MOVE A51 121
MOVE A52 121
MOVE A55 98
MOVE A56 78
MOVE A57 78
MOVE B6 120
MOVE B10 120
MOVE B15 120
MOVE B33 173
MOVE B35 173
MOVE B36 166
MOVE B48 182
MOVE B52 143
MOVE B53 143
MOVE B54 173
MOVE B55 173
MOVE B56 173
MOVE B57 173
MOVE B58 190
MOVE B59 187
DAMAGE TURRET B48 2
DAMAGE COMBAT A23 1
DAMAGE COMBAT B48 2
END TURN 167
TURN 168
COMMAND LEFT START
MOVE A17 182
MOVE A19 153
TRAIN 2
COMMAND LEFT END
COMMAND RIGHT START
MOVE B61 104
MOVE B60 104
TRAIN 2
COMMAND RIGHT END
TURN 168 RESULT
TIME LEFT 11 5 RIGHT 0 5
TRAIN A61 A62 B62 B63
MOVE A17 3
MOVE A19 14
MOVE A39 179
MOVE A40 135
MOVE A41 125
MOVE A42 125
MOVE A48 125
MOVE A49 125
MOVE A51 125
MOVE A52 125
MOVE A55 121
MOVE A56 98
MOVE A57 98
MOVE B6 103
MOVE B10 103
MOVE B15 103
MOVE B33 190
MOVE B35 190
MOVE B52 125
MOVE B53 125
MOVE B54 160
MOVE B55 160
MOVE B56 160
MOVE B57 160
MOVE B58 173
MOVE B59 188
MOVE B60 201
MOVE B61 201
DAMAGE TURRET B48 2
DAMAGE COMBAT A23 1
DAMAGE COMBAT A41 2
DAMAGE COMBAT B52 6
END TURN 168
TURN 169
COMMAND LEFT START
MOVE A61 182
MOVE A62 153
TRAIN 2
COMMAND LEFT END
COMMAND RIGHT START
MOVE B63 182
COMMAND RIGHT END
TURN 169 RESULT
TIME LEFT 0 5 RIGHT 0 5
TRAIN A63 A64
MOVE A17 7
MOVE A19 23
MOVE A40 150
MOVE A55 125
MOVE A56 121
MOVE A57 121
MOVE A61 9
MOVE A62 9
MOVE B6 90
MOVE B10 90
MOVE B15 90
MOVE B33 201
MOVE B35 201
MOVE B54 143
MOVE B55 143
MOVE B56 143
MOVE B57 143
MOVE B58 160
MOVE B59 186
MOVE B60 190
MOVE B61 190
MOVE B63 205
DAMAGE COMBAT A41 1
DAMAGE COMBAT B53 6
END TURN 169
TURN 170
COMMAND LEFT START
MOVE A64 182
MOVE A63 55
TRAIN 2
COMMAND LEFT END
COMMAND RIGHT START
MOVE B15 104
MOVE B11 104
MOVE B10 104
MOVE B8 104
TRAIN 2
COMMAND RIGHT END
TURN 170 RESULT
TIME LEFT 0 5 RIGHT 0 5
TRAIN A65 A66 B64 B65
MOVE A17 18
MOVE A19 33
MOVE A40 156
MOVE A41 144
MOVE A42 144
MOVE A48 144
MOVE A49 144
MOVE A51 144
MOVE A52 144
MOVE A55 144
MOVE A56 125
MOVE A57 125
MOVE A61 21
MOVE A62 21
MOVE A63 7
MOVE A64 9
MOVE B8 98
MOVE B10 98
MOVE B11 98
MOVE B15 98
MOVE B54 125
MOVE B55 125
MOVE B56 125
MOVE B57 125
MOVE B58 143
MOVE B59 179
MOVE B60 173
MOVE B61 173
MOVE B63 194
DAMAGE TURRET B59 2
DAMAGE COMBAT A28 1
DAMAGE COMBAT A56 4
DAMAGE COMBAT B54 2
DAMAGE COMBAT B59 3
END TURN 170
TURN 171
COMMAND LEFT START
MOVE A65 153
MOVE A66 153
TRAIN 2
COMMAND LEFT END
COMMAND RIGHT START
MOVE B47 155
MOVE B46 155
MOVE B45 155
MOVE B43 155
MOVE B40 155
MOVE B38 155
COMMAND RIGHT END
TURN 171 RESULT
TIME LEFT 12 5 RIGHT 0 5
TRAIN A67 A68
MOVE A17 31
MOVE A19 47
MOVE A40 171
MOVE A41 153
MOVE A42 153
MOVE A48 153
MOVE A49 153
MOVE A51 153
MOVE A52 153
MOVE A55 153
MOVE A61 36
MOVE A62 36
MOVE A63 18
MOVE A64 21
MOVE A65 9
MOVE A66 9
MOVE B8 104
MOVE B10 104
MOVE B11 104
MOVE B15 104
MOVE B38 121
MOVE B40 121
MOVE B43 121
MOVE B45 121
MOVE B46 121
MOVE B47 121
MOVE B58 125
MOVE B60 160
MOVE B61 160
MOVE B63 198
DAMAGE TURRET B59 1
DAMAGE COMBAT A28 1
DAMAGE COMBAT A56 2
DAMAGE COMBAT A57 3
DAMAGE COMBAT B54 2
END TURN 171
TURN 172
COMMAND LEFT START
MOVE A28 155
MOVE A41 155
MOVE A42 155
MOVE A48 155
MOVE A49 155
MOVE A51 155
MOVE A52 155
MOVE A55 155
MOVE A67 155
MOVE A68 155
TRAIN 2
COMMAND LEFT END
COMMAND RIGHT START
TRAIN 2
COMMAND RIGHT END
TURN 172 RESULT
TIME LEFT 11 5 RIGHT 0 5
TRAIN A69 A70 B66 B67
MOVE A17 42
MOVE A19 63
MOVE A28 169
MOVE A40 182
MOVE A41 158
MOVE A42 158
MOVE A48 158
MOVE A49 158
MOVE A51 158
MOVE A52 158
MOVE A55 158
MOVE A61 54
MOVE A62 54
MOVE A63 35
MOVE A64 36
MOVE A65 21
MOVE A66 21
MOVE A67 3
MOVE A68 3
MOVE B38 120
MOVE B40 120
MOVE B43 120
MOVE B45 120
MOVE B46 120
MOVE B47 120
MOVE B60 143
MOVE B61 143
MOVE B63 192
DAMAGE COMBAT A57 3
DAMAGE COMBAT B54 1
END TURN 172
TURN 173
COMMAND LEFT START
MOVE A69 179
MOVE A70 153
COMMAND LEFT END
COMMAND RIGHT START
MOVE B67 104
MOVE B66 104
MOVE B65 104
MOVE B64 104
MOVE B62 104
TRAIN 2
COMMAND RIGHT END
TURN 173 RESULT
TIME LEFT 2 5 RIGHT 0 5
TRAIN B68 B69
MOVE A17 54
MOVE A19 78
MOVE A28 155
MOVE A41 160
MOVE A42 160
MOVE A48 160
MOVE A49 160
MOVE A51 160
MOVE A52 160
MOVE A55 160
MOVE A61 67
MOVE A62 70
MOVE A63 50
MOVE A64 54
MOVE A65 36
MOVE A66 36
MOVE A67 15
MOVE A68 15
MOVE A69 3
MOVE A70 9
MOVE B38 126
MOVE B40 126
MOVE B43 126
MOVE B45 126
MOVE B46 126
MOVE B47 126
MOVE B54 117
MOVE B55 117
MOVE B56 117
MOVE B57 117
MOVE B58 117
MOVE B60 125
MOVE B61 125
MOVE B62 201
MOVE B63 182
MOVE B64 201
MOVE B65 201
MOVE B66 201
MOVE B67 201
DAMAGE TURRET B63 2
DAMAGE COMBAT A40 1
DAMAGE COMBAT B63 2
END TURN 173
TURN 174
COMMAND LEFT START
MOVE A28 182
TRAIN 2
COMMAND LEFT END
COMMAND RIGHT START
MOVE B13 166
MOVE B33 166
MOVE B49 166
MOVE B50 166
MOVE B51 166
TRAIN 2
COMMAND RIGHT END
TURN 174 RESULT
TIME LEFT 4 5 RIGHT 0 5
TRAIN A71 A72 B70 B71
MOVE A17 67
MOVE A19 98
MOVE A28 159
MOVE A41 154
MOVE A42 154
MOVE A48 154
MOVE A49 154
MOVE A51 154
MOVE A52 154
MOVE A55 154
MOVE A61 82
MOVE A62 87
MOVE A63 55
MOVE A64 67
MOVE A65 54
MOVE A66 54
MOVE A67 33
MOVE A68 33
MOVE A69 15
MOVE A70 21
MOVE B13 190
MOVE B33 190
MOVE B38 140
MOVE B40 140
MOVE B43 140
MOVE B45 140
MOVE B46 140
MOVE B47 140
MOVE B49 201
MOVE B50 201
MOVE B51 201
MOVE B54 104
MOVE B55 104
MOVE B56 104
MOVE B57 104
MOVE B58 104
MOVE B60 117
MOVE B61 117
MOVE B62 190
MOVE B64 190
MOVE B65 190
MOVE B66 190
MOVE B67 190
DAMAGE TURRET B63 2
DAMAGE COMBAT A40 1
END TURN 174
TURN 175
COMMAND LEFT START
MOVE A71 55
MOVE A72 55
COMMAND LEFT END
COMMAND RIGHT START
MOVE B68 201
MOVE B8 201
TRAIN 2
COMMAND RIGHT END
TURN 175 RESULT
TIME LEFT 2 5 RIGHT 0 5
TRAIN B72 B73
MOVE A17 82
MOVE A19 121
MOVE A28 164
MOVE A41 170
MOVE A42 170
MOVE A48 170
MOVE A49 170
MOVE A51 170
MOVE A52 170
MOVE A55 170
MOVE A61 97
MOVE A62 110
MOVE A64 82
MOVE A65 70
MOVE A66 70
MOVE A67 47
MOVE A68 47
MOVE A69 33
MOVE A70 36
MOVE A71 7
MOVE A72 7
MOVE B8 117
MOVE B13 177
MOVE B33 177
MOVE B38 146
MOVE B40 146
MOVE B43 146
MOVE B45 146
MOVE B46 146
MOVE B47 146
MOVE B49 190
MOVE B50 190
MOVE B51 190
MOVE B60 104
MOVE B61 104
MOVE B62 173
MOVE B64 173
MOVE B65 173
MOVE B66 173
MOVE B67 173
MOVE B68 201
END TURN 175
TURN 176
COMMAND LEFT START
MOVE A39 155
MOVE A63 155
TRAIN 2
COMMAND LEFT END
COMMAND RIGHT START
MOVE B73 104
MOVE B72 104
MOVE B61 55
TRAIN 1
COMMAND RIGHT END
TURN 176 RESULT
TIME LEFT 10 5 RIGHT 0 5
TRAIN A73 A74 B74
MOVE A17 97
MOVE A19 125
MOVE A28 170
MOVE A39 169
MOVE A41 164
MOVE A42 164
MOVE A48 164
MOVE A49 164
MOVE A51 164
MOVE A52 164
MOVE A55 164
MOVE A61 114
MOVE A62 130
MOVE A63 63
MOVE A64 97
MOVE A65 87
MOVE A66 87
MOVE A67 71
MOVE A68 71
MOVE A69 47
MOVE A70 54
MOVE A71 18
MOVE A72 18
MOVE B8 125
MOVE B13 166
MOVE B33 166
MOVE B38 159
MOVE B40 159
MOVE B43 159
MOVE B45 159
MOVE B46 159
MOVE B47 159
MOVE B49 177
MOVE B50 177
MOVE B51 177
MOVE B61 91
MOVE B62 160
MOVE B64 160
MOVE B65 160
MOVE B66 160
MOVE B67 160
MOVE B72 201
MOVE B73 201
DAMAGE COMBAT A19 1
DAMAGE COMBAT B8 1
END TURN 176
TURN 177
COMMAND LEFT START
MOVE A73 155
MOVE A74 179
TRAIN 2
COMMAND LEFT END
COMMAND RIGHT START
TRAIN 2
COMMAND RIGHT END
TURN 177 RESULT
TIME LEFT 9 5 RIGHT 0 5
TRAIN A75 A76 B75 B76
MOVE A17 114
MOVE A28 154
MOVE A39 155
MOVE A41 159
MOVE A42 159
MOVE A48 159
MOVE A49 159
MOVE A51 159
MOVE A52 159
MOVE A55 159
MOVE A61 135
MOVE A62 145
MOVE A63 80
MOVE A64 114
MOVE A65 110
MOVE A66 110
MOVE A67 80
MOVE A68 80
MOVE A69 71
MOVE A70 70
MOVE A71 35
MOVE A72 35
MOVE A73 3
MOVE A74 3
MOVE B38 155
MOVE B40 155
MOVE B43 155
MOVE B45 155
MOVE B46 155
MOVE B47 155
MOVE B49 166
MOVE B50 166
MOVE B51 166
MOVE B61 83
MOVE B62 143
MOVE B64 143
MOVE B65 143
MOVE B66 143
MOVE B67 143
MOVE B72 190
MOVE B73 190
DAMAGE TURRET B38 1
DAMAGE COMBAT A4 2
DAMAGE COMBAT A19 1
DAMAGE COMBAT A39 4
DAMAGE COMBAT B8 1
DAMAGE COMBAT B38 2
END TURN 177
TURN 178
COMMAND LEFT START
MOVE A75 155
MOVE A76 155
TRAIN 2
COMMAND LEFT END
COMMAND RIGHT START
MOVE B76 182
TRAIN 1
COMMAND RIGHT END
TURN 178 RESULT
TIME LEFT 4 5 RIGHT 0 5
TRAIN A77 A78 B77
MOVE A17 135
MOVE A28 160
MOVE A41 155
MOVE A42 155
MOVE A48 155
MOVE A49 155
MOVE A51 155
MOVE A52 155
MOVE A55 155
MOVE A61 150
MOVE A62 153
MOVE A63 94
MOVE A64 135
MOVE A65 130
MOVE A66 130
MOVE A67 94
MOVE A68 94
MOVE A69 80
MOVE A70 87
MOVE A71 50
MOVE A72 50
MOVE A73 15
MOVE A74 15
MOVE A75 3
MOVE A76 3
MOVE B61 64
MOVE B62 125
MOVE B64 125
MOVE B65 125
MOVE B66 125
MOVE B67 125
MOVE B72 173
MOVE B73 173
MOVE B76 205
DAMAGE TURRET B38 1
DAMAGE COMBAT A19 3
DAMAGE COMBAT A39 2
DAMAGE COMBAT A41 3
DAMAGE COMBAT A42 1
DAMAGE COMBAT B8 1
DAMAGE COMBAT B38 2
DAMAGE COMBAT B40 6
END TURN 178
TURN 179
COMMAND LEFT START
MOVE A62 155
MOVE A77 153
MOVE A78 153
TRAIN 2
COMMAND LEFT END
COMMAND RIGHT START
MOVE B60 42
MOVE B58 42
MOVE B57 42
MOVE B56 42
MOVE B55 42
MOVE B54 42
MOVE B37 42
MOVE B28 42
MOVE B15 42
COMMAND RIGHT END
TURN 179 RESULT
TIME LEFT 0 5 RIGHT 0 5
TRAIN A79 A80
MOVE A17 150
MOVE A28 158
MOVE A61 156
MOVE A62 158
MOVE A63 111
MOVE A64 150
MOVE A65 145
MOVE A66 145
MOVE A67 111
MOVE A68 111
MOVE A69 94
MOVE A70 110
MOVE A71 55
MOVE A72 55
MOVE A73 33
MOVE A74 33
MOVE A75 15
MOVE A76 15
MOVE A77 9
MOVE A78 9
MOVE B8 143
MOVE B15 91
MOVE B28 91
MOVE B37 91
MOVE B54 91
MOVE B55 91
MOVE B56 91
MOVE B57 91
MOVE B58 91
MOVE B60 91
MOVE B61 55
MOVE B62 117
MOVE B64 117
MOVE B65 117
MOVE B66 117
MOVE B67 117
MOVE B72 160
MOVE B73 160
MOVE B76 194
DAMAGE TURRET B43 1
DAMAGE TURRET B61 1
DAMAGE COMBAT A14 1
DAMAGE COMBAT A42 4
DAMAGE COMBAT B43 5
DAMAGE COMBAT B45 1
DAMAGE COMBAT B61 3
END TURN 179
TURN 180
COMMAND LEFT START
MOVE A71 155
MOVE A72 155
MOVE A79 155
MOVE A80 155
TRAIN 2
COMMAND LEFT END
COMMAND RIGHT START
MOVE B77 104
MOVE B75 104
MOVE B74 104
MOVE B51 104
MOVE B50 104
MOVE B49 104
MOVE B36 104
MOVE B33 104
TRAIN 2
COMMAND RIGHT END
TURN 180 RESULT
TIME LEFT 0 5 RIGHT 0 5
TRAIN A81 A82 B78 B79
MOVE A17 156
MOVE A28 167
MOVE A61 171
MOVE A62 160
MOVE A63 123
MOVE A64 156
MOVE A65 153
MOVE A66 153
MOVE A67 123
MOVE A68 123
MOVE A69 111
MOVE A70 130
MOVE A73 47
MOVE A74 47
MOVE A75 33
MOVE A76 33
MOVE A77 21
MOVE A78 21
MOVE A79 3
MOVE A80 3
MOVE B8 160
MOVE B15 83
MOVE B28 83
MOVE B33 160
MOVE B36 160
MOVE B37 83
MOVE B49 160
MOVE B50 160
MOVE B51 160
MOVE B54 83
MOVE B55 83
MOVE B56 83
MOVE B57 83
MOVE B58 83
MOVE B60 83
MOVE B62 104
MOVE B64 104
MOVE B65 104
MOVE B66 104
MOVE B67 104
MOVE B72 143
MOVE B73 143
MOVE B74 201
MOVE B75 201
MOVE B76 198
MOVE B77 201
DAMAGE TURRET B45 1
DAMAGE TURRET B61 1
DAMAGE COMBAT A14 1
DAMAGE COMBAT A42 1
DAMAGE COMBAT A48 2
DAMAGE COMBAT A62 6
DAMAGE COMBAT B8 1
DAMAGE COMBAT B45 4
DAMAGE COMBAT B46 2
DAMAGE COMBAT B61 1
END TURN 180
TURN 181
COMMAND LEFT START
MOVE A65 155
MOVE A66 55
MOVE A81 55
MOVE A82 55
TRAIN 2
COMMAND LEFT END
COMMAND RIGHT START
MOVE B67 55
MOVE B66 55
MOVE B65 55
MOVE B64 55
MOVE B62 55
COMMAND RIGHT END
TURN 181 RESULT
TIME LEFT 0 5 RIGHT 0 5
TRAIN A83 A84
MOVE A17 171
MOVE A28 175
MOVE A61 182
MOVE A63 133
MOVE A64 171
MOVE A65 158
MOVE A66 144
MOVE A67 133
MOVE A68 133
MOVE A69 126
MOVE A70 145
MOVE A71 63
MOVE A72 63
MOVE A73 71
MOVE A74 71
MOVE A75 47
MOVE A76 47
MOVE A77 36
MOVE A78 36
MOVE A79 15
MOVE A80 15
MOVE A81 7
MOVE A82 7
MOVE B8 173
MOVE B15 65
MOVE B28 65
MOVE B33 143
MOVE B36 143
MOVE B37 65
MOVE B49 143
MOVE B50 143
MOVE B51 143
MOVE B54 65
MOVE B55 65
MOVE B56 65
MOVE B57 65
MOVE B58 65
MOVE B60 65
MOVE B62 91
MOVE B64 91
MOVE B65 91
MOVE B66 91
MOVE B67 91
MOVE B72 125
MOVE B73 125
MOVE B74 190
MOVE B75 190
MOVE B76 192
MOVE B77 190
DAMAGE TURRET B46 1
DAMAGE COMBAT A48 2
DAMAGE COMBAT B46 3
DAMAGE COMBAT B47 2
END TURN 181
TURN 182
COMMAND LEFT START
MOVE A83 155
MOVE A84 42
TRAIN 2
COMMAND LEFT END
COMMAND RIGHT START
MOVE B79 104
MOVE B78 104
TRAIN 2
COMMAND RIGHT END
TURN 182 RESULT
TIME LEFT 5 5 RIGHT 0 5
TRAIN A85 A86 B80 B81
MOVE A17 182
MOVE A28 180
MOVE A63 142
MOVE A64 182
MOVE A65 160
MOVE A66 125
MOVE A67 142
MOVE A68 142
MOVE A69 140
MOVE A70 153
MOVE A71 80
MOVE A72 80
MOVE A73 80
MOVE A74 80
MOVE A75 71
MOVE A76 71
MOVE A77 54
MOVE A78 54
MOVE A79 33
MOVE A80 33
MOVE A81 18
MOVE A82 18
MOVE A83 3
MOVE A84 7
MOVE B8 190
MOVE B15 48
MOVE B28 48
MOVE B33 125
MOVE B36 125
MOVE B37 48
MOVE B49 125
MOVE B50 125
MOVE B51 125
MOVE B54 48
MOVE B55 48
MOVE B56 48
MOVE B57 48
MOVE B58 48
MOVE B60 48
MOVE B62 83
MOVE B64 83
MOVE B65 83
MOVE B66 83
MOVE B67 83
MOVE B72 117
MOVE B73 117
MOVE B74 173
MOVE B75 173
MOVE B76 182
MOVE B77 173
MOVE B78 201
MOVE B79 201
DAMAGE TURRET B47 1
DAMAGE TURRET B76 2
DAMAGE COMBAT A40 1
DAMAGE COMBAT A48 1
DAMAGE COMBAT A66 5
DAMAGE COMBAT B33 1
DAMAGE COMBAT B47 3
DAMAGE COMBAT B76 4
END TURN 182
TURN 183
COMMAND LEFT START
MOVE A17 153
MOVE A49 55
MOVE A51 55
MOVE A52 55
MOVE A55 55
MOVE A64 55
MOVE A85 55
MOVE A86 55
COMMAND LEFT END
COMMAND RIGHT START
MOVE B81 182
TRAIN 2
COMMAND RIGHT END
TURN 183 RESULT
TIME LEFT 16 5 RIGHT 0 5
TRAIN B82 B83
MOVE A17 176
MOVE A28 176
MOVE A49 142
MOVE A51 142
MOVE A52 142
MOVE A55 142
MOVE A63 155
MOVE A64 171
MOVE A65 154
MOVE A67 155
MOVE A68 155
MOVE A69 146
MOVE A71 94
MOVE A72 94
MOVE A73 94
MOVE A74 94
MOVE A75 80
MOVE A76 80
MOVE A77 70
MOVE A78 70
MOVE A79 47
MOVE A80 47
MOVE A81 35
MOVE A82 35
MOVE A83 15
MOVE A84 18
MOVE A85 7
MOVE A86 7
MOVE B8 201
MOVE B15 42
MOVE B28 42
MOVE B37 42
MOVE B54 42
MOVE B55 42
MOVE B56 42
MOVE B57 42
MOVE B58 42
MOVE B60 42
MOVE B62 64
MOVE B64 64
MOVE B65 64
MOVE B66 64
MOVE B67 64
MOVE B72 104
MOVE B73 104
MOVE B74 160
MOVE B75 160
MOVE B77 160
MOVE B78 190
MOVE B79 190
MOVE B81 205
DAMAGE TURRET B54 1
DAMAGE COMBAT A25 5
DAMAGE COMBAT A66 1
DAMAGE COMBAT B28 1
DAMAGE COMBAT B33 1
SIEGE A 42 4
END TURN 183
TURN 184
COMMAND LEFT START
MOVE A63 153
MOVE A67 153
MOVE A68 153
TRAIN 2
COMMAND LEFT END
COMMAND RIGHT START
MOVE B10 90
MOVE B11 90
MOVE B72 90
MOVE B30 90
MOVE B69 118
MOVE B83 104
MOVE B82 104
TRAIN 2
COMMAND RIGHT END
TURN 184 RESULT
TIME LEFT 32 5 RIGHT 0 5
TRAIN A87 A88 B84 B85
MOVE A17 163
MOVE A28 182
MOVE A49 133
MOVE A51 133
MOVE A52 133
MOVE A55 133
MOVE A63 159
MOVE A64 156
MOVE A65 170
MOVE A67 159
MOVE A68 159
MOVE A69 159
MOVE A71 111
MOVE A72 111
MOVE A73 111
MOVE A74 111
MOVE A75 94
MOVE A76 94
MOVE A77 87
MOVE A78 87
MOVE A79 71
MOVE A80 71
MOVE A81 50
MOVE A82 50
MOVE A83 33
MOVE A84 31
MOVE A85 18
MOVE A86 18
MOVE B10 98
MOVE B11 98
MOVE B30 110
MOVE B33 117
MOVE B36 117
MOVE B49 117
MOVE B50 117
MOVE B51 117
MOVE B62 55
MOVE B64 55
MOVE B65 55
MOVE B66 55
MOVE B67 55
MOVE B69 205
MOVE B72 98
MOVE B74 143
MOVE B75 143
MOVE B77 143
MOVE B78 173
MOVE B79 173
MOVE B81 194
MOVE B82 201
MOVE B83 201
DAMAGE TURRET B28 1
DAMAGE TURRET B62 1
DAMAGE COMBAT A14 2
DAMAGE COMBAT B62 1
SIEGE A 42 2
SIEGE A 55 3
END TURN 184
TURN 185
COMMAND LEFT START
MOVE A28 55
MOVE A70 55
MOVE A87 55
MOVE A88 55
TRAIN 2
COMMAND LEFT END
COMMAND RIGHT START
MOVE B15 104
MOVE B37 104
MOVE B55 104
MOVE B56 104
MOVE B57 104
MOVE B58 104
MOVE B85 104
MOVE B84 104
UPGRADE 42
TRAIN 2
COMMAND RIGHT END
TURN 185 RESULT
TIME LEFT 5 5 RIGHT 0 5
UPGRADE B 42
TRAIN A89 A90 B86 B87
MOVE A17 161
MOVE A28 171
MOVE A49 123
MOVE A51 123
MOVE A52 123
MOVE A55 123
MOVE A63 164
MOVE A64 150
MOVE A65 164
MOVE A67 164
MOVE A68 164
MOVE A69 179
MOVE A70 144
MOVE A71 123
MOVE A72 123
MOVE A73 123
MOVE A74 126
MOVE A75 111
MOVE A76 111
MOVE A77 110
MOVE A78 110
MOVE A79 80
MOVE A80 80
MOVE A81 55
MOVE A82 55
MOVE A83 47
MOVE A84 42
MOVE A85 35
MOVE A86 35
MOVE A87 7
MOVE A88 7
MOVE B10 90
MOVE B11 90
MOVE B15 48
MOVE B30 104
MOVE B33 104
MOVE B36 104
MOVE B37 48
MOVE B49 104
MOVE B50 104
MOVE B51 104
MOVE B55 48
MOVE B56 48
MOVE B57 48
MOVE B58 48
MOVE B69 193
MOVE B72 90
MOVE B74 125
MOVE B75 125
MOVE B77 125
MOVE B78 160
MOVE B79 160
MOVE B81 198
MOVE B82 190
MOVE B83 190
MOVE B84 201
MOVE B85 201
DAMAGE TURRET A84 1
DAMAGE TURRET B62 1
DAMAGE COMBAT A81 5
DAMAGE COMBAT A84 1
DAMAGE COMBAT B60 1
DAMAGE COMBAT B62 2
END TURN 185
TURN 186
COMMAND LEFT START
MOVE A81 153
MOVE A82 153
MOVE A84 153
MOVE A89 153
MOVE A90 153
TRAIN 2
COMMAND LEFT END
COMMAND RIGHT START
MOVE B87 179
MOVE B86 104
MOVE B72 104
MOVE B11 104
MOVE B10 104
COMMAND RIGHT END
TURN 186 RESULT
TIME LEFT 7 5 RIGHT 0 5
TRAIN A91 A92
MOVE A17 153
MOVE A28 156
MOVE A49 111
MOVE A51 111
MOVE A52 111
MOVE A55 111
MOVE A63 170
MOVE A64 135
MOVE A65 159
MOVE A67 170
MOVE A68 170
MOVE A70 125
MOVE A71 133
MOVE A72 133
MOVE A73 133
MOVE A74 140
MOVE A75 123
MOVE A76 123
MOVE A77 130
MOVE A78 130
MOVE A79 94
MOVE A80 94
MOVE A83 71
MOVE A85 50
MOVE A86 50
MOVE A87 18
MOVE A88 18
MOVE A89 9
MOVE A90 9
MOVE B10 98
MOVE B11 98
MOVE B15 65
MOVE B30 98
MOVE B37 65
MOVE B55 65
MOVE B56 65
MOVE B57 65
MOVE B58 65
MOVE B69 175
MOVE B72 98
MOVE B74 117
MOVE B75 117
MOVE B77 117
MOVE B78 143
MOVE B79 143
MOVE B81 192
MOVE B82 173
MOVE B83 173
MOVE B84 190
MOVE B85 190
MOVE B86 201
MOVE B87 199
DAMAGE TURRET A84 1
DAMAGE TURRET B62 1
DAMAGE COMBAT A81 1
DAMAGE COMBAT A82 4
DAMAGE COMBAT A84 1
DAMAGE COMBAT B60 1
DAMAGE COMBAT B64 2
END TURN 186
TURN 187
COMMAND LEFT START
MOVE A91 7
MOVE A92 7
TRAIN 2
COMMAND LEFT END
COMMAND RIGHT START
TRAIN 2
COMMAND RIGHT END
TURN 187 RESULT
TIME LEFT 26 5 RIGHT 0 5
TRAIN A93 A94 B88 B89
MOVE A28 150
MOVE A49 94
MOVE A51 94
MOVE A52 94
MOVE A55 94
MOVE A63 154
MOVE A64 114
MOVE A65 155
MOVE A67 154
MOVE A68 154
MOVE A70 121
MOVE A71 142
MOVE A72 142
MOVE A73 142
MOVE A74 146
MOVE A75 133
MOVE A76 133
MOVE A77 145
MOVE A78 145
MOVE A79 111
MOVE A80 111
MOVE A83 80
MOVE A85 55
MOVE A86 55
MOVE A87 35
MOVE A88 35
MOVE A89 21
MOVE A90 21
MOVE A91 7
MOVE A92 7
MOVE B10 104
MOVE B11 104
MOVE B15 83
MOVE B30 90
MOVE B37 83
MOVE B55 83
MOVE B56 83
MOVE B57 83
MOVE B58 83
MOVE B69 161
MOVE B72 104
MOVE B74 104
MOVE B75 104
MOVE B77 104
MOVE B78 125
MOVE B79 125
MOVE B81 182
MOVE B82 160
MOVE B83 160
MOVE B84 173
MOVE B85 173
MOVE B86 190
MOVE B87 187
DAMAGE TURRET A84 1
DAMAGE TURRET B64 1
DAMAGE TURRET B81 2
DAMAGE COMBAT A40 1
DAMAGE COMBAT A82 2
DAMAGE COMBAT A84 1
DAMAGE COMBAT A85 2
DAMAGE COMBAT B60 1
DAMAGE COMBAT B64 3
DAMAGE COMBAT B81 3
END TURN 187
TURN 188
COMMAND LEFT START
MOVE A65 153
MOVE A85 153
MOVE A86 153
MOVE A93 153
MOVE A94 153
TRAIN 2
COMMAND LEFT END
COMMAND RIGHT START
MOVE B89 104
MOVE B88 104
MOVE B30 104
UPGRADE 42
COMMAND RIGHT END
TURN 188 RESULT
TIME LEFT 14 5 RIGHT 0 5
UPGRADE B 42
TRAIN A95 A96
MOVE A28 135
MOVE A49 80
MOVE A51 80
MOVE A52 80
MOVE A55 80
MOVE A63 160
MOVE A64 105
MOVE A65 159
MOVE A67 160
MOVE A68 160
MOVE A70 98
MOVE A71 155
MOVE A72 155
MOVE A73 155
MOVE A74 159
MOVE A75 142
MOVE A76 142
MOVE A77 153
MOVE A78 153
MOVE A79 123
MOVE A80 123
MOVE A83 94
MOVE A87 50
MOVE A88 50
MOVE A89 36
MOVE A90 36
MOVE A93 9
MOVE A94 9
MOVE B15 91
MOVE B30 98
MOVE B37 91
MOVE B55 91
MOVE B56 91
MOVE B57 91
MOVE B58 91
MOVE B69 137
MOVE B78 117
MOVE B79 117
MOVE B82 143
MOVE B83 143
MOVE B84 160
MOVE B85 160
MOVE B86 173
MOVE B87 188
MOVE B88 201
MOVE B89 201
DAMAGE TURRET B65 1
DAMAGE TURRET B81 1
DAMAGE COMBAT A40 1
DAMAGE COMBAT A63 2
DAMAGE COMBAT A70 1
DAMAGE COMBAT A85 3
DAMAGE COMBAT B30 1
DAMAGE COMBAT B65 2
DAMAGE COMBAT B84 3
END TURN 188
TURN 189
COMMAND LEFT START
MOVE A95 7
MOVE A96 7
MOVE A71 153
MOVE A72 153
MOVE A73 153
TRAIN 2
COMMAND LEFT END
COMMAND RIGHT START
MOVE B8 90
MOVE B35 90
MOVE B70 90
MOVE B71 90
TRAIN 2
COMMAND RIGHT END
TURN 189 RESULT
TIME LEFT 20 5 RIGHT 0 5
TRAIN A97 A98 B90 B91
MOVE A28 114
MOVE A49 63
MOVE A51 63
MOVE A52 63
MOVE A55 63
MOVE A64 87
MOVE A65 164
MOVE A71 159
MOVE A72 159
MOVE A73 159
MOVE A74 179
MOVE A75 155
MOVE A76 155
MOVE A79 133
MOVE A80 133
MOVE A83 111
MOVE A87 55
MOVE A88 55
MOVE A89 54
MOVE A90 54
MOVE A93 21
MOVE A94 21
MOVE A95 7
MOVE A96 7
MOVE B8 190
MOVE B15 104
MOVE B35 190
MOVE B37 104
MOVE B55 104
MOVE B56 104
MOVE B57 104
MOVE B58 104
MOVE B69 128
MOVE B70 199
MOVE B71 199
MOVE B78 104
MOVE B79 104
MOVE B82 125
MOVE B83 125
MOVE B86 160
MOVE B87 186
MOVE B88 190
MOVE B89 190
DAMAGE TURRET B65 1
DAMAGE COMBAT A63 3
DAMAGE COMBAT A70 1
DAMAGE COMBAT A85 1
DAMAGE COMBAT A86 2
DAMAGE COMBAT B30 1
DAMAGE COMBAT B65 2
DAMAGE COMBAT B66 2
DAMAGE COMBAT B84 3
END TURN 189
TURN 190
COMMAND LEFT START
MOVE A75 153
MOVE A76 153
MOVE A87 153
MOVE A88 153
MOVE A97 153
MOVE A98 153
TRAIN 2
COMMAND LEFT END
COMMAND RIGHT START
MOVE B79 153
MOVE B78 153
MOVE B77 153
MOVE B75 153
MOVE B74 153
MOVE B73 153
MOVE B72 153
MOVE B58 153
MOVE B57 153
MOVE B56 153
MOVE B55 153
MOVE B51 153
MOVE B50 153
MOVE B49 153
MOVE B37 153
MOVE B36 153
MOVE B33 153
MOVE B15 153
TRAIN 2
COMMAND RIGHT END
TURN 190 RESULT
TIME LEFT 23 5 RIGHT 0 5
TRAIN A99 A100 B92 B93
MOVE A28 105
MOVE A49 55
MOVE A51 55
MOVE A52 55
MOVE A55 55
MOVE A64 83
MOVE A65 170
MOVE A70 78
MOVE A71 164
MOVE A72 164
MOVE A73 164
MOVE A75 159
MOVE A76 159
MOVE A79 142
MOVE A80 142
MOVE A83 123
MOVE A89 70
MOVE A90 70
MOVE A93 36
MOVE A94 36
MOVE A97 9
MOVE A98 9
MOVE B8 177
MOVE B15 117
MOVE B33 117
MOVE B35 177
MOVE B36 117
MOVE B37 117
MOVE B49 117
MOVE B50 117
MOVE B51 117
MOVE B55 117
MOVE B56 117
MOVE B57 117
MOVE B58 117
MOVE B69 118
MOVE B70 187
MOVE B71 187
MOVE B72 117
MOVE B73 117
MOVE B74 117
MOVE B75 117
MOVE B77 117
MOVE B78 117
MOVE B79 117
MOVE B82 117
MOVE B83 117
MOVE B87 179
MOVE B88 173
MOVE B89 173
DAMAGE TURRET B66 1
DAMAGE TURRET B87 2
DAMAGE COMBAT A53 1
DAMAGE COMBAT A63 1
DAMAGE COMBAT A67 1
DAMAGE COMBAT A86 2
DAMAGE COMBAT B66 3
DAMAGE COMBAT B67 4
DAMAGE COMBAT B85 3
DAMAGE COMBAT B87 3
END TURN 190
TURN 191
COMMAND LEFT START
MOVE A49 153
MOVE A51 153
MOVE A52 153
MOVE A55 153
MOVE A99 153
MOVE A100 153
TRAIN 2
COMMAND LEFT END
COMMAND RIGHT START
MOVE B80 201
MOVE B90 201
TRAIN 1
COMMAND RIGHT END
TURN 191 RESULT
TIME LEFT 24 5 RIGHT 0 5
TRAIN A101 A102 B94
MOVE A28 87
MOVE A64 64
MOVE A65 154
MOVE A70 63
MOVE A71 170
MOVE A72 170
MOVE A73 170
MOVE A75 164
MOVE A76 164
MOVE A79 155
MOVE A80 155
MOVE A83 133
MOVE A89 87
MOVE A90 87
MOVE A93 54
MOVE A94 54
MOVE A97 21
MOVE A98 21
MOVE A99 9
MOVE A100 9
MOVE B8 166
MOVE B15 125
MOVE B33 125
MOVE B35 166
MOVE B36 125
MOVE B37 125
MOVE B49 125
MOVE B50 125
MOVE B51 125
MOVE B55 125
MOVE B56 125
MOVE B57 125
MOVE B58 125
MOVE B70 172
MOVE B71 172
MOVE B72 125
MOVE B73 125
MOVE B74 125
MOVE B75 125
MOVE B77 125
MOVE B78 125
MOVE B79 125
MOVE B80 201
MOVE B82 104
MOVE B83 104
MOVE B88 160
MOVE B89 160
MOVE B90 201
DAMAGE TURRET B67 1
DAMAGE TURRET B87 1
DAMAGE COMBAT A53 1
DAMAGE COMBAT A67 4
DAMAGE COMBAT A86 1
DAMAGE COMBAT B67 1
DAMAGE COMBAT B85 2
END TURN 191
TURN 192
COMMAND LEFT START
MOVE A79 153
MOVE A80 153
MOVE A101 153
MOVE A102 153
TRAIN 2
COMMAND LEFT END
COMMAND RIGHT START
MOVE B10 42
COMMAND RIGHT END
TURN 192 RESULT
TIME LEFT 6 5 RIGHT 0 5
TRAIN A103 A104
MOVE A28 83
MOVE A49 63
MOVE A51 63
MOVE A52 63
MOVE A55 63
MOVE A64 55
MOVE A65 160
MOVE A70 55
MOVE A71 154
MOVE A72 154
MOVE A73 154
MOVE A75 170
MOVE A76 170
MOVE A79 159
MOVE A80 159
MOVE A83 142
MOVE A86 63
MOVE A87 63
MOVE A88 63
MOVE A89 110
MOVE A90 110
MOVE A93 70
MOVE A94 70
MOVE A97 36
MOVE A98 36
MOVE A99 21
MOVE A100 21
MOVE A101 9
MOVE A102 9
MOVE B8 154
MOVE B10 91
MOVE B15 144
MOVE B33 144
MOVE B35 154
MOVE B36 144
MOVE B37 144
MOVE B49 144
MOVE B50 144
MOVE B51 144
MOVE B55 144
MOVE B56 144
MOVE B57 144
MOVE B58 144
MOVE B70 154
MOVE B71 154
MOVE B72 144
MOVE B73 144
MOVE B74 144
MOVE B75 144
MOVE B77 144
MOVE B78 144
MOVE B79 144
DAMAGE COMBAT A65 3
DAMAGE COMBAT A67 1
DAMAGE COMBAT A71 4
DAMAGE COMBAT B8 2
DAMAGE COMBAT B35 1
DAMAGE COMBAT B85 1
DAMAGE COMBAT B86 2
END TURN 192
TURN 193
COMMAND LEFT START
MOVE A70 153
MOVE A103 153
MOVE A104 153
TRAIN 1
COMMAND LEFT END
COMMAND RIGHT START
UPGRADE 42
COMMAND RIGHT END
TURN 193 RESULT
TIME LEFT 6 5 RIGHT 0 5
UPGRADE B 42
TRAIN A105
MOVE A28 64
MOVE A49 78
MOVE A51 78
MOVE A52 78
MOVE A55 78
MOVE A70 63
MOVE A75 154
MOVE A76 154
MOVE A79 164
MOVE A80 164
MOVE A83 155
MOVE A86 78
MOVE A87 78
MOVE A88 78
MOVE A89 130
MOVE A90 130
MOVE A93 87
MOVE A94 87
MOVE A97 54
MOVE A98 54
MOVE A99 36
MOVE A100 36
MOVE A101 21
MOVE A102 21
MOVE A103 9
MOVE A104 9
MOVE B10 83
MOVE B15 153
MOVE B33 153
MOVE B36 153
MOVE B37 153
MOVE B49 153
MOVE B50 153
MOVE B51 153
MOVE B55 153
MOVE B56 153
MOVE B57 153
MOVE B58 153
MOVE B72 153
MOVE B73 153
MOVE B74 153
MOVE B75 153
MOVE B77 153
MOVE B78 153
MOVE B79 153
DAMAGE TURRET B33 2
DAMAGE COMBAT A17 5
DAMAGE COMBAT A36 6
DAMAGE COMBAT A37 6
DAMAGE COMBAT A50 1
DAMAGE COMBAT A65 3
DAMAGE COMBAT A71 2
DAMAGE COMBAT A72 1
DAMAGE COMBAT B15 6
DAMAGE COMBAT B35 5
DAMAGE COMBAT B86 2
END TURN 193
TURN 194
COMMAND LEFT START
MOVE A83 153
MOVE A105 153
TRAIN 2
COMMAND LEFT END
COMMAND RIGHT START
MOVE B91 118
TRAIN 2
COMMAND RIGHT END
TURN 194 RESULT
TIME LEFT 6 5 RIGHT 0 5
TRAIN A106 A107 B95 B96
MOVE A28 55
MOVE A49 98
MOVE A51 98
MOVE A52 98
MOVE A55 98
MOVE A70 78
MOVE A79 170
MOVE A80 170
MOVE A83 159
MOVE A86 98
MOVE A87 98
MOVE A88 98
MOVE A89 145
MOVE A90 145
MOVE A93 110
MOVE A94 110
MOVE A97 70
MOVE A98 70
MOVE A99 54
MOVE A100 54
MOVE A101 36
MOVE A102 36
MOVE A103 21
MOVE A104 21
MOVE A105 9
MOVE B10 65
MOVE B91 205
DAMAGE TURRET B36 2
DAMAGE COMBAT A50 5
DAMAGE COMBAT A68 3
DAMAGE COMBAT A72 2
DAMAGE COMBAT A77 6
DAMAGE COMBAT A78 5
DAMAGE COMBAT B36 3
DAMAGE COMBAT B70 4
DAMAGE COMBAT B86 1
END TURN 194
TURN 195
COMMAND LEFT START
MOVE A28 153
MOVE A106 153
MOVE A107 153
TRAIN 1
COMMAND LEFT END
COMMAND RIGHT START
MOVE B68 118
MOVE B92 201
TRAIN 2
COMMAND RIGHT END
TURN 195 RESULT
TIME LEFT 5 5 RIGHT 0 5
TRAIN A108 B97 B98
MOVE A28 63
MOVE A49 121
MOVE A51 121
MOVE A52 121
MOVE A55 121
MOVE A70 98
MOVE A79 154
MOVE A80 154
MOVE A83 164
MOVE A86 121
MOVE A87 121
MOVE A88 121
MOVE A89 153
MOVE A90 153
MOVE A93 130
MOVE A94 130
MOVE A97 87
MOVE A98 87
MOVE A99 70
MOVE A100 70
MOVE A101 54
MOVE A102 54
MOVE A103 36
MOVE A104 36
MOVE A105 21
MOVE A106 9
MOVE A107 9
MOVE B10 48
MOVE B68 190
MOVE B91 193
MOVE B92 201
DAMAGE TURRET B36 1
DAMAGE TURRET B37 1
DAMAGE COMBAT A68 3
DAMAGE COMBAT A72 2
DAMAGE COMBAT A78 1
DAMAGE COMBAT A89 6
DAMAGE COMBAT A90 6
DAMAGE COMBAT B37 3
DAMAGE COMBAT B70 2
DAMAGE COMBAT B71 4
DAMAGE COMBAT B86 1
SIEGE A 153 3
END TURN 195
TURN 196
COMMAND LEFT START
MOVE A91 55
MOVE A92 55
MOVE A95 55
MOVE A96 55
MOVE A108 55
TRAIN 1
COMMAND LEFT END
COMMAND RIGHT START
MOVE B80 104
MOVE B90 104
MOVE B93 104
MOVE B94 104
MOVE B95 104
MOVE B37 201
MOVE B49 201
TRAIN 1
COMMAND RIGHT END
TURN 196 RESULT
TIME LEFT 10 5 RIGHT 0 5
TRAIN A109 B99
MOVE A28 78
MOVE A49 125
MOVE A51 125
MOVE A52 125
MOVE A55 125
MOVE A70 121
MOVE A83 170
MOVE A86 125
MOVE A87 125
MOVE A88 125
MOVE A91 18
MOVE A92 18
MOVE A93 145
MOVE A94 145
MOVE A95 18
MOVE A96 18
MOVE A97 110
MOVE A98 110
MOVE A99 87
MOVE A100 87
MOVE A101 70
MOVE A102 70
MOVE A103 54
MOVE A104 54
MOVE A105 36
MOVE A106 21
MOVE A107 21
MOVE A108 7
MOVE B10 42
MOVE B37 158
MOVE B49 158
MOVE B68 173
MOVE B80 190
MOVE B88 143
MOVE B89 143
MOVE B90 190
MOVE B91 175
MOVE B93 201
MOVE B94 201
MOVE B95 201
DAMAGE TURRET B50 2
DAMAGE COMBAT A72 1
DAMAGE COMBAT B71 2
SIEGE A 153 13
END TURN 196
TURN 197
COMMAND LEFT START
MOVE A109 55
TRAIN 1
COMMAND LEFT END
COMMAND RIGHT START
MOVE B96 166
MOVE B97 166
MOVE B98 166
MOVE B50 208
MOVE B51 208
TRAIN 1
COMMAND RIGHT END
TURN 197 RESULT
TIME LEFT 2 5 RIGHT 0 5
TRAIN A110 B100
MOVE A28 98
MOVE A49 144
MOVE A51 144
MOVE A52 144
MOVE A55 144
MOVE A70 125
MOVE A73 160
MOVE A75 160
MOVE A76 160
MOVE A79 160
MOVE A80 160
MOVE A83 154
MOVE A86 144
MOVE A87 144
MOVE A88 144
MOVE A91 35
MOVE A92 35
MOVE A93 153
MOVE A94 153
MOVE A95 35
MOVE A96 35
MOVE A97 130
MOVE A98 130
MOVE A99 110
MOVE A100 110
MOVE A101 87
MOVE A102 87
MOVE A103 70
MOVE A104 70
MOVE A105 54
MOVE A106 36
MOVE A107 36
MOVE A108 18
MOVE A109 7
MOVE B37 173
MOVE B49 173
MOVE B50 158
MOVE B51 158
MOVE B68 158
MOVE B80 173
MOVE B88 125
MOVE B89 125
MOVE B90 173
MOVE B91 161
MOVE B93 190
MOVE B94 190
MOVE B95 190
MOVE B96 201
MOVE B97 201
MOVE B98 201
DAMAGE TURRET B55 2
DAMAGE COMBAT A70 2
DAMAGE COMBAT A93 6
DAMAGE COMBAT A94 5
DAMAGE COMBAT B55 2
DAMAGE COMBAT B88 1
END TURN 197
TURN 198
COMMAND LEFT START
MOVE A94 55
MOVE A110 55
TRAIN 1
COMMAND LEFT END
COMMAND RIGHT START
TRAIN 1
COMMAND RIGHT END
TURN 198 RESULT
TIME LEFT 2 5 RIGHT 0 5
TRAIN A111 B101
MOVE A28 121
MOVE A49 153
MOVE A51 153
MOVE A52 153
MOVE A55 153
MOVE A73 158
MOVE A75 158
MOVE A76 158
MOVE A79 158
MOVE A80 158
MOVE A83 160
MOVE A86 153
MOVE A87 153
MOVE A88 153
MOVE A91 50
MOVE A92 50
MOVE A95 50
MOVE A96 50
MOVE A97 145
MOVE A98 145
MOVE A99 130
MOVE A100 130
MOVE A101 110
MOVE A102 110
MOVE A103 87
MOVE A104 87
MOVE A105 70
MOVE A106 54
MOVE A107 54
MOVE A108 35
MOVE A109 18
MOVE A110 7
MOVE B37 190
MOVE B49 190
MOVE B50 173
MOVE B51 173
MOVE B68 144
MOVE B80 160
MOVE B90 160
MOVE B91 137
MOVE B93 173
MOVE B94 173
MOVE B95 173
MOVE B96 190
MOVE B97 190
MOVE B98 190
DAMAGE TURRET B55 2
DAMAGE COMBAT A49 6
DAMAGE COMBAT A51 3
DAMAGE COMBAT A70 2
DAMAGE COMBAT A83 2
DAMAGE COMBAT A86 1
DAMAGE COMBAT A94 1
DAMAGE COMBAT B56 6
DAMAGE COMBAT B57 2
DAMAGE COMBAT B80 1
DAMAGE COMBAT B88 1
END TURN 198
TURN 199
COMMAND LEFT START
MOVE A111 7
MOVE A51 55
MOVE A52 55
MOVE A55 55
MOVE A87 55
MOVE A88 55
TRAIN 2
COMMAND LEFT END
COMMAND RIGHT START
TRAIN 1
COMMAND RIGHT END
TURN 199 RESULT
TIME LEFT 43 5 RIGHT 0 5
TRAIN A112 A113 B102
MOVE A28 125
MOVE A73 153
MOVE A75 153
MOVE A76 153
MOVE A79 153
MOVE A80 153
MOVE A91 55
MOVE A92 55
MOVE A95 55
MOVE A96 55
MOVE A97 153
MOVE A98 153
MOVE A99 145
MOVE A100 145
MOVE A101 130
MOVE A102 130
MOVE A103 110
MOVE A104 110
MOVE A105 87
MOVE A106 70
MOVE A107 70
MOVE A108 50
MOVE A109 35
MOVE A110 18
MOVE A111 7
MOVE B37 201
MOVE B49 201
MOVE B50 190
MOVE B51 190
MOVE B68 130
MOVE B88 117
MOVE B89 117
MOVE B91 128
MOVE B93 160
MOVE B94 160
MOVE B95 160
MOVE B96 177
MOVE B97 177
MOVE B98 177
DAMAGE TURRET B57 2
DAMAGE COMBAT A51 3
DAMAGE COMBAT A52 6
DAMAGE COMBAT A83 4
DAMAGE COMBAT A101 1
DAMAGE COMBAT B57 2
DAMAGE COMBAT B58 6
DAMAGE COMBAT B68 2
DAMAGE COMBAT B72 4
DAMAGE COMBAT B80 1
END TURN 199
TURN 200
COMMAND LEFT START
MOVE A112 7
MOVE A113 7
MOVE A73 55
MOVE A75 55
MOVE A76 55
MOVE A79 55
MOVE A80 55
MOVE A97 55
MOVE A98 55
TRAIN 2
COMMAND LEFT END
COMMAND RIGHT START
TRAIN 1
COMMAND RIGHT END
TURN 200 RESULT
TIME LEFT 34 5 RIGHT 0 5
TRAIN A114 A115 B103
MOVE A28 144
MOVE A99 153
MOVE A100 153
MOVE A103 130
MOVE A104 130
MOVE A105 110
MOVE A106 87
MOVE A107 87
MOVE A108 55
MOVE A109 50
MOVE A110 35
MOVE A112 7
MOVE A113 7
MOVE B50 201
MOVE B51 201
MOVE B80 143
MOVE B88 104
MOVE B89 104
MOVE B90 143
MOVE B91 118
MOVE B93 143
MOVE B94 143
MOVE B95 143
MOVE B96 166
MOVE B97 166
MOVE B98 166
DAMAGE TURRET B72 2
DAMAGE COMBAT A55 6
DAMAGE COMBAT A73 1
DAMAGE COMBAT A101 1
DAMAGE COMBAT B68 4
DAMAGE COMBAT B73 6
DAMAGE COMBAT B74 6
END TURN 200
TURN 201
COMMAND LEFT START
MOVE A114 7
MOVE A115 7
MOVE A99 55
MOVE A100 55
TRAIN 1
COMMAND LEFT END
COMMAND RIGHT START
MOVE B11 42
MOVE B103 104
MOVE B102 104
MOVE B98 182
COMMAND RIGHT END
TURN 201 RESULT
TIME LEFT 24 5 RIGHT 0 5
TRAIN A116
MOVE A28 153
MOVE A101 145
MOVE A102 145
MOVE A103 145
MOVE A104 145
MOVE A105 130
MOVE A106 110
MOVE A107 110
MOVE A109 55
MOVE A110 50
MOVE A114 7
MOVE A115 7
MOVE B11 91
MOVE B50 208
MOVE B51 208
MOVE B80 125
MOVE B90 125
MOVE B93 125
MOVE B94 125
MOVE B95 125
MOVE B98 173
MOVE B102 201
MOVE B103 201
DAMAGE TURRET B75 2
DAMAGE COMBAT A28 4
DAMAGE COMBAT B75 4
DAMAGE COMBAT B77 6
DAMAGE COMBAT B78 2
END TURN 201
TURN 202
COMMAND LEFT START
MOVE A116 55
TRAIN 2
COMMAND LEFT END
COMMAND RIGHT START
MOVE B101 104
MOVE B100 104
TRAIN 2
COMMAND RIGHT END
TURN 202 RESULT
TIME LEFT 19 5 RIGHT 0 5
TRAIN A117 A118 B104 B105
MOVE A101 153
MOVE A102 153
MOVE A103 153
MOVE A104 153
MOVE A105 145
MOVE A106 130
MOVE A107 130
MOVE A110 55
MOVE A116 7
MOVE B11 83
MOVE B80 117
MOVE B90 117
MOVE B93 117
MOVE B94 117
MOVE B95 117
MOVE B98 167
MOVE B100 201
MOVE B101 201
MOVE B102 190
MOVE B103 190
DAMAGE TURRET B78 2
DAMAGE COMBAT A101 2
DAMAGE COMBAT B78 2
DAMAGE COMBAT B79 6
END TURN 202
TURN 203
COMMAND LEFT START
MOVE A104 55
MOVE A117 55
MOVE A118 55
COMMAND LEFT END
COMMAND RIGHT START
MOVE B91 104
MOVE B97 104
MOVE B96 104
MOVE B105 104
MOVE B104 104
TRAIN 2
COMMAND RIGHT END
TURN 203 RESULT
TIME LEFT 15 5 RIGHT 0 5
TRAIN B106 B107
MOVE A73 144
MOVE A75 144
MOVE A76 144
MOVE A79 144
MOVE A80 144
MOVE A87 144
MOVE A88 144
MOVE A97 144
MOVE A98 144
MOVE A99 144
MOVE A100 144
MOVE A104 144
MOVE A105 153
MOVE A106 145
MOVE A107 145
MOVE A116 18
MOVE A117 7
MOVE A118 7
MOVE B11 65
MOVE B80 104
MOVE B90 104
MOVE B91 110
MOVE B93 104
MOVE B94 104
MOVE B95 104
MOVE B96 160
MOVE B97 160
MOVE B98 175
MOVE B100 190
MOVE B101 190
MOVE B102 173
MOVE B103 173
MOVE B104 201
MOVE B105 201
END TURN 203
TURN 204
COMMAND LEFT START
MOVE A91 153
MOVE A92 153
MOVE A95 153
MOVE A96 153
MOVE A108 153
MOVE A109 153
MOVE A110 153
COMMAND LEFT END
COMMAND RIGHT START
MOVE B107 104
MOVE B106 104
TRAIN 2
COMMAND RIGHT END
TURN 204 RESULT
TIME LEFT 4 5 RIGHT 0 5
TRAIN B108 B109
MOVE A73 125
MOVE A75 125
MOVE A76 125
MOVE A79 125
MOVE A80 125
MOVE A87 125
MOVE A88 125
MOVE A91 63
MOVE A92 63
MOVE A95 63
MOVE A96 63
MOVE A97 125
MOVE A98 125
MOVE A99 125
MOVE A100 125
MOVE A104 125
MOVE A106 153
MOVE A107 153
MOVE A108 63
MOVE A109 63
MOVE A110 63
MOVE A116 35
MOVE A117 18
MOVE A118 18
MOVE B11 48
MOVE B91 104
MOVE B96 143
MOVE B97 143
MOVE B98 180
MOVE B100 173
MOVE B101 173
MOVE B102 160
MOVE B103 160
MOVE B104 190
MOVE B105 190
MOVE B106 201
MOVE B107 201
END TURN 204
TURN 205
COMMAND LEFT START
UPGRADE 55
COMMAND LEFT END
COMMAND RIGHT START
MOVE B109 179
TRAIN 2
COMMAND RIGHT END
TURN 205 RESULT
TIME LEFT 11 5 RIGHT 0 5
UPGRADE A 55
TRAIN B110 B111
MOVE A73 121
MOVE A75 121
MOVE A76 121
MOVE A79 121
MOVE A80 121
MOVE A87 121
MOVE A88 121
MOVE A91 78
MOVE A92 78
MOVE A95 78
MOVE A96 78
MOVE A97 121
MOVE A98 121
MOVE A99 121
MOVE A100 121
MOVE A104 121
MOVE A108 78
MOVE A109 78
MOVE A110 78
MOVE A116 50
MOVE A117 35
MOVE A118 35
MOVE B11 42
MOVE B96 125
MOVE B97 125
MOVE B98 176
MOVE B100 160
MOVE B101 160
MOVE B102 143
MOVE B103 143
MOVE B104 173
MOVE B105 173
MOVE B106 190
MOVE B107 190
MOVE B109 199
END TURN 205
TURN 206
COMMAND LEFT START
MOVE A105 55
COMMAND LEFT END
COMMAND RIGHT START
MOVE B32 90
MOVE B34 90
MOVE B5 90
MOVE B13 90
MOVE B50 90
MOVE B80 166
MOVE B82 166
MOVE B83 118
MOVE B88 118
MOVE B111 104
MOVE B110 104
TRAIN 2
COMMAND RIGHT END
TURN 206 RESULT
TIME LEFT 0 5 RIGHT 0 5
TRAIN B112 B113
MOVE A73 98
MOVE A75 98
MOVE A76 98
MOVE A79 98
MOVE A80 98
MOVE A87 98
MOVE A88 98
MOVE A91 98
MOVE A92 98
MOVE A95 98
MOVE A96 98
MOVE A97 98
MOVE A98 98
MOVE A99 98
MOVE A100 98
MOVE A104 98
MOVE A105 144
MOVE A108 98
MOVE A109 98
MOVE A110 98
MOVE A116 55
MOVE A117 50
MOVE A118 50
MOVE B5 154
MOVE B13 154
MOVE B32 110
MOVE B34 110
MOVE B50 199
MOVE B80 117
MOVE B82 117
MOVE B83 110
MOVE B88 110
MOVE B96 117
MOVE B97 117
MOVE B98 182
MOVE B100 143
MOVE B101 143
MOVE B102 125
MOVE B103 125
MOVE B104 160
MOVE B105 160
MOVE B106 173
MOVE B107 173
MOVE B109 187
MOVE B110 201
MOVE B111 201
DAMAGE TURRET B98 2
DAMAGE COMBAT A40 1
DAMAGE COMBAT B98 3
END TURN 206
TURN 207
COMMAND LEFT START
MOVE A106 182
TRAIN 2
COMMAND LEFT END
COMMAND RIGHT START
MOVE B10 104
MOVE B11 104
MOVE B37 104
MOVE B49 104
MOVE B51 104
MOVE B99 201
MOVE B89 201
MOVE B90 42
MOVE B91 42
TRAIN 2
COMMAND RIGHT END
TURN 207 RESULT
TIME LEFT 10 5 RIGHT 0 5
TRAIN A119 A120 B114 B115
MOVE A73 78
MOVE A75 78
MOVE A76 78
MOVE A79 78
MOVE A80 78
MOVE A87 78
MOVE A88 78
MOVE A91 121
MOVE A92 121
MOVE A95 121
MOVE A96 121
MOVE A97 78
MOVE A98 78
MOVE A99 78
MOVE A100 78
MOVE A104 78
MOVE A105 125
MOVE A106 161
MOVE A108 121
MOVE A109 121
MOVE A110 121
MOVE A117 55
MOVE A118 55
MOVE B5 141
MOVE B10 48
MOVE B11 48
MOVE B13 141
MOVE B32 104
MOVE B34 104
MOVE B37 190
MOVE B49 190
MOVE B50 187
MOVE B51 201
MOVE B80 125
MOVE B82 125
MOVE B83 118
MOVE B88 118
MOVE B89 117
MOVE B90 91
MOVE B91 91
MOVE B96 104
MOVE B97 104
MOVE B99 201
MOVE B100 125
MOVE B101 125
MOVE B102 117
MOVE B103 117
MOVE B104 143
MOVE B105 143
MOVE B106 160
MOVE B107 160
MOVE B109 188
MOVE B110 190
MOVE B111 190
DAMAGE TURRET B98 1
DAMAGE COMBAT A46 1
DAMAGE COMBAT A105 4
DAMAGE COMBAT B80 1
END TURN 207
TURN 208
COMMAND LEFT START
MOVE A119 153
MOVE A120 153
COMMAND LEFT END
COMMAND RIGHT START
MOVE B115 182
TRAIN 2
COMMAND RIGHT END
TURN 208 RESULT
TIME LEFT 0 5 RIGHT 0 5
TRAIN B116 B117
MOVE A73 63
MOVE A75 63
MOVE A76 63
MOVE A79 63
MOVE A80 63
MOVE A87 63
MOVE A88 63
MOVE A91 125
MOVE A92 125
MOVE A95 125
MOVE A96 125
MOVE A97 63
MOVE A98 63
MOVE A99 63
MOVE A100 63
MOVE A104 63
MOVE A106 163
MOVE A108 125
MOVE A109 125
MOVE A110 125
MOVE A119 9
MOVE A120 9
MOVE B5 120
MOVE B10 65
MOVE B11 65
MOVE B13 120
MOVE B32 98
MOVE B34 98
MOVE B37 173
MOVE B49 173
MOVE B50 172
MOVE B51 190
MOVE B89 125
MOVE B90 83
MOVE B91 83
MOVE B102 104
MOVE B103 104
MOVE B104 125
MOVE B105 125
MOVE B106 143
MOVE B107 143
MOVE B109 186
MOVE B110 173
MOVE B111 173
MOVE B115 205
DAMAGE COMBAT A91 5
DAMAGE COMBAT A105 2
DAMAGE COMBAT B80 3
DAMAGE COMBAT B82 5
END TURN 208
TURN 209
COMMAND LEFT START
TRAIN 2
COMMAND LEFT END
COMMAND RIGHT START
MOVE B108 166
TRAIN 2
COMMAND RIGHT END
TURN 209 RESULT
TIME LEFT 6 5 RIGHT 0 5
TRAIN A121 A122 B118 B119
MOVE A73 55
MOVE A75 55
MOVE A76 55
MOVE A79 55
MOVE A80 55
MOVE A87 55
MOVE A88 55
MOVE A97 55
MOVE A98 55
MOVE A99 55
MOVE A100 55
MOVE A104 55
MOVE A106 176
MOVE A119 21
MOVE A120 21
MOVE B5 103
MOVE B10 83
MOVE B11 83
MOVE B13 103
MOVE B32 90
MOVE B34 90
MOVE B37 160
MOVE B49 160
MOVE B50 154
MOVE B51 173
MOVE B90 65
MOVE B91 65
MOVE B106 125
MOVE B107 125
MOVE B108 201
MOVE B109 179
MOVE B110 160
MOVE B111 160
MOVE B115 194
DAMAGE TURRET B109 2
DAMAGE COMBAT A53 1
DAMAGE COMBAT A91 1
DAMAGE COMBAT A92 6
DAMAGE COMBAT A95 1
DAMAGE COMBAT B82 1
DAMAGE COMBAT B89 6
DAMAGE COMBAT B109 3
END TURN 209
TURN 210
COMMAND LEFT START
MOVE A73 153
MOVE A87 153
MOVE A88 153
MOVE A104 153
MOVE A75 153
MOVE A76 153
MOVE A79 153
MOVE A80 153
MOVE A97 153
MOVE A98 153
MOVE A99 153
MOVE A100 153
MOVE A117 153
MOVE A118 153
MOVE A121 153
MOVE A122 153
TRAIN 2
COMMAND LEFT END
COMMAND RIGHT START
MOVE B112 201
MOVE B113 166
MOVE B103 155
MOVE B102 155
MOVE B97 155
MOVE B96 155
MOVE B95 155
COMMAND RIGHT END
TURN 210 RESULT
TIME LEFT 13 5 RIGHT 1 5
TRAIN A123 A124
MOVE A73 63
MOVE A75 63
MOVE A76 63
MOVE A79 63
MOVE A80 63
MOVE A87 63
MOVE A88 63
MOVE A97 63
MOVE A98 63
MOVE A99 63
MOVE A100 63
MOVE A104 63
MOVE A106 182
MOVE A117 63
MOVE A118 63
MOVE A119 36
MOVE A120 36
MOVE A121 9
MOVE A122 9
MOVE B5 90
MOVE B10 91
MOVE B11 91
MOVE B13 90
MOVE B37 143
MOVE B49 143
MOVE B50 141
MOVE B51 160
MOVE B90 48
MOVE B91 48
MOVE B95 121
MOVE B96 121
MOVE B97 121
MOVE B102 121
MOVE B103 121
MOVE B108 190
MOVE B110 143
MOVE B111 143
MOVE B112 201
MOVE B113 201
MOVE B115 198
DAMAGE TURRET B109 1
DAMAGE COMBAT A53 1
DAMAGE COMBAT A95 5
DAMAGE COMBAT A96 1
DAMAGE COMBAT B100 5
END TURN 210
TURN 211
COMMAND LEFT START
MOVE A107 155
MOVE A111 155
MOVE A112 155
MOVE A113 155
MOVE A114 155
MOVE A115 155
MOVE A123 155
MOVE A124 155
MOVE A53 155
MOVE A69 155
TRAIN 2
COMMAND LEFT END
COMMAND RIGHT START
MOVE B34 104
MOVE B32 104
MOVE B13 104
MOVE B7 104
TRAIN 2
COMMAND RIGHT END
TURN 211 RESULT
TIME LEFT 6 5 RIGHT 0 5
TRAIN A125 A126 B120 B121
MOVE A53 169
MOVE A69 169
MOVE A73 78
MOVE A75 78
MOVE A76 78
MOVE A79 78
MOVE A80 78
MOVE A87 78
MOVE A88 78
MOVE A97 78
MOVE A98 78
MOVE A99 78
MOVE A100 78
MOVE A104 78
MOVE A107 158
MOVE A111 18
MOVE A112 18
MOVE A113 18
MOVE A114 18
MOVE A115 18
MOVE A117 78
MOVE A118 78
MOVE A119 54
MOVE A120 54
MOVE A121 21
MOVE A122 21
MOVE A123 3
MOVE A124 3
MOVE B7 98
MOVE B10 104
MOVE B11 104
MOVE B13 98
MOVE B32 98
MOVE B34 98
MOVE B37 125
MOVE B49 125
MOVE B50 120
MOVE B51 143
MOVE B90 42
MOVE B91 42
MOVE B95 120
MOVE B96 120
MOVE B97 120
MOVE B102 120
MOVE B103 120
MOVE B108 177
MOVE B110 125
MOVE B111 125
MOVE B113 190
MOVE B115 192
DAMAGE COMBAT A96 5
DAMAGE COMBAT A108 5
DAMAGE COMBAT B37 2
DAMAGE COMBAT B49 1
DAMAGE COMBAT B100 1
END TURN 211
TURN 212
COMMAND LEFT START
MOVE A125 155
MOVE A126 155
MOVE A74 155
TRAIN 2
COMMAND LEFT END
COMMAND RIGHT START
TRAIN 2
COMMAND RIGHT END
TURN 212 RESULT
TIME LEFT 6 5 RIGHT 0 5
TRAIN A127 A128 B122 B123
MOVE A53 155
MOVE A69 155
MOVE A73 98
MOVE A74 169
MOVE A75 98
MOVE A76 98
MOVE A79 98
MOVE A80 98
MOVE A87 98
MOVE A88 98
MOVE A97 98
MOVE A98 98
MOVE A99 98
MOVE A100 98
MOVE A104 98
MOVE A107 160
MOVE A111 35
MOVE A112 35
MOVE A113 35
MOVE A114 35
MOVE A115 35
MOVE A117 98
MOVE A118 98
MOVE A119 70
MOVE A120 70
MOVE A121 36
MOVE A122 36
MOVE A123 15
MOVE A124 15
MOVE A125 3
MOVE A126 3
MOVE B7 104
MOVE B13 104
MOVE B32 104
MOVE B34 104
MOVE B50 103
MOVE B51 125
MOVE B95 126
MOVE B96 126
MOVE B97 126
MOVE B102 126
MOVE B103 126
MOVE B108 166
MOVE B113 177
MOVE B115 182
DAMAGE TURRET B115 2
DAMAGE COMBAT A46 1
DAMAGE COMBAT A108 1
DAMAGE COMBAT A109 6
DAMAGE COMBAT A110 2
DAMAGE COMBAT B49 3
DAMAGE COMBAT B115 3
END TURN 212
TURN 213
COMMAND LEFT START
MOVE A53 179
MOVE A69 179
MOVE A127 179
MOVE A128 153
TRAIN 2
COMMAND LEFT END
COMMAND RIGHT START
MOVE B114 90
MOVE B116 90
TRAIN 1
COMMAND RIGHT END
TURN 213 RESULT
TIME LEFT 18 5 RIGHT 1 5
TRAIN A129 A130 B124
MOVE A53 169
MOVE A69 169
MOVE A73 121
MOVE A74 155
MOVE A75 121
MOVE A76 121
MOVE A79 121
MOVE A80 121
MOVE A87 121
MOVE A88 121
MOVE A97 121
MOVE A98 121
MOVE A99 121
MOVE A100 121
MOVE A104 121
MOVE A107 154
MOVE A111 50
MOVE A112 50
MOVE A113 50
MOVE A114 50
MOVE A115 50
MOVE A117 121
MOVE A118 121
MOVE A119 87
MOVE A120 87
MOVE A121 54
MOVE A122 54
MOVE A123 33
MOVE A124 33
MOVE A125 15
MOVE A126 15
MOVE A127 3
MOVE A128 9
MOVE B50 90
MOVE B95 140
MOVE B96 140
MOVE B97 140
MOVE B102 140
MOVE B103 140
MOVE B113 166
MOVE B114 199
MOVE B116 199
DAMAGE TURRET B115 1
DAMAGE COMBAT A46 1
DAMAGE COMBAT A110 4
DAMAGE COMBAT B49 1
END TURN 213
TURN 214
COMMAND LEFT START
MOVE A74 153
MOVE A129 153
MOVE A130 153
COMMAND LEFT END
COMMAND RIGHT START
MOVE B124 104
MOVE B123 104
MOVE B122 104
MOVE B121 104
MOVE B120 104
MOVE B50 104
TRAIN 2
COMMAND RIGHT END
TURN 214 RESULT
TIME LEFT 2 5 RIGHT 0 5
TRAIN B125 B126
MOVE A53 179
MOVE A69 179
MOVE A73 125
MOVE A74 159
MOVE A75 125
MOVE A76 125
MOVE A79 125
MOVE A80 125
MOVE A87 125
MOVE A88 125
MOVE A97 125
MOVE A98 125
MOVE A99 125
MOVE A100 125
MOVE A104 125
MOVE A107 170
MOVE A111 55
MOVE A112 55
MOVE A113 55
MOVE A114 55
MOVE A115 55
MOVE A117 125
MOVE A118 125
MOVE A119 110
MOVE A120 110
MOVE A121 70
MOVE A122 70
MOVE A123 47
MOVE A124 47
MOVE A125 33
MOVE A126 33
MOVE A127 15
MOVE A128 21
MOVE A129 9
MOVE A130 9
MOVE B49 117
MOVE B50 98
MOVE B51 117
MOVE B95 146
MOVE B96 146
MOVE B97 146
MOVE B101 117
MOVE B102 146
MOVE B103 146
MOVE B104 117
MOVE B105 117
MOVE B106 117
MOVE B107 117
MOVE B110 117
MOVE B111 117
MOVE B114 187
MOVE B116 187
MOVE B120 201
MOVE B121 201
MOVE B122 201
MOVE B123 201
MOVE B124 201
END TURN 214
TURN 215
COMMAND LEFT START
MOVE A48 179
COMMAND LEFT END
COMMAND RIGHT START
MOVE B126 182
TRAIN 2
COMMAND RIGHT END
TURN 215 RESULT
TIME LEFT 1 5 RIGHT 0 5
TRAIN B127 B128
MOVE A48 169
MOVE A73 144
MOVE A74 164
MOVE A75 144
MOVE A76 144
MOVE A79 144
MOVE A80 144
MOVE A87 144
MOVE A88 144
MOVE A97 144
MOVE A98 144
MOVE A99 144
MOVE A100 144
MOVE A104 144
MOVE A107 164
MOVE A111 63
MOVE A112 63
MOVE A113 63
MOVE A114 63
MOVE A115 63
MOVE A117 144
MOVE A118 144
MOVE A119 130
MOVE A120 130
MOVE A121 87
MOVE A122 87
MOVE A123 71
MOVE A124 71
MOVE A125 47
MOVE A126 47
MOVE A127 33
MOVE A128 36
MOVE A129 21
MOVE A130 21
MOVE B49 104
MOVE B50 104
MOVE B51 104
MOVE B95 159
MOVE B96 159
MOVE B97 159
MOVE B101 104
MOVE B102 159
MOVE B103 159
MOVE B104 104
MOVE B105 104
MOVE B106 104
MOVE B107 104
MOVE B110 104
MOVE B111 104
MOVE B114 172
MOVE B116 172
MOVE B120 190
MOVE B121 190
MOVE B122 190
MOVE B123 190
MOVE B124 190
MOVE B126 205
END TURN 215
TURN 216
COMMAND LEFT START
COMMAND LEFT END
COMMAND RIGHT START
MOVE B128 104
MOVE B127 104
MOVE B125 104
TRAIN 2
COMMAND RIGHT END
TURN 216 RESULT
TIME LEFT 27 5 RIGHT 0 5
TRAIN B129 B130
MOVE A48 179
MOVE A73 153
MOVE A74 170
MOVE A75 153
MOVE A76 153
MOVE A79 153
MOVE A80 153
MOVE A87 153
MOVE A88 153
MOVE A97 153
MOVE A98 153
MOVE A99 153
MOVE A100 153
MOVE A104 153
MOVE A107 159
MOVE A111 80
MOVE A112 80
MOVE A113 80
MOVE A114 80
MOVE A115 80
MOVE A117 153
MOVE A118 153
MOVE A119 145
MOVE A120 145
MOVE A121 110
MOVE A122 110
MOVE A123 80
MOVE A124 80
MOVE A125 71
MOVE A126 71
MOVE A127 47
MOVE A128 54
MOVE A129 36
MOVE A130 36
MOVE B95 155
MOVE B96 155
MOVE B97 155
MOVE B102 155
MOVE B103 155
MOVE B114 154
MOVE B116 154
MOVE B120 173
MOVE B121 173
MOVE B122 173
MOVE B123 173
MOVE B124 173
MOVE B125 201
MOVE B126 194
MOVE B127 201
MOVE B128 201
DAMAGE TURRET B95 1
SIEGE A 155 5
END TURN 216
TURN 217
COMMAND LEFT START
MOVE A100 166
MOVE A104 118
MOVE A117 118
MOVE A118 166
MOVE A73 118
MOVE A75 166
MOVE A76 166
MOVE A79 118
MOVE A80 118
MOVE A87 166
MOVE A88 166
MOVE A97 118
MOVE A98 118
MOVE A99 166
TRAIN 2
COMMAND LEFT END
COMMAND RIGHT START
MOVE B14 90
MOVE B108 90
MOVE B117 90
MOVE B118 90
MOVE B7 166
MOVE B10 166
TRAIN 2
COMMAND RIGHT END
TURN 217 RESULT
TIME LEFT 6 5 RIGHT 0 5
TRAIN A131 A132 B131 B132
MOVE A73 145
MOVE A74 154
MOVE A75 158
MOVE A76 158
MOVE A79 145
MOVE A80 145
MOVE A87 158
MOVE A88 158
MOVE A97 145
MOVE A98 145
MOVE A99 158
MOVE A100 158
MOVE A104 145
MOVE A107 155
MOVE A111 94
MOVE A112 94
MOVE A113 94
MOVE A114 94
MOVE A115 94
MOVE A117 145
MOVE A118 158
MOVE A119 153
MOVE A120 153
MOVE A121 130
MOVE A122 130
MOVE A123 94
MOVE A124 94
MOVE A125 80
MOVE A126 80
MOVE A127 71
MOVE A128 70
MOVE A129 54
MOVE A130 54
MOVE B7 117
MOVE B10 117
MOVE B14 154
MOVE B108 154
MOVE B114 141
MOVE B116 141
MOVE B117 199
MOVE B118 199
MOVE B120 160
MOVE B121 160
MOVE B122 160
MOVE B123 160
MOVE B124 160
MOVE B125 190
MOVE B126 198
MOVE B127 190
MOVE B128 190
DAMAGE TURRET B95 1
DAMAGE COMBAT A74 2
DAMAGE COMBAT A107 5
DAMAGE COMBAT B14 1
DAMAGE COMBAT B95 1
END TURN 217
TURN 218
COMMAND LEFT START
MOVE A119 55
MOVE A131 55
MOVE A132 55
MOVE A107 153
TRAIN 2
COMMAND LEFT END
COMMAND RIGHT START
MOVE B11 90
MOVE B13 90
MOVE B32 90
MOVE B34 90
MOVE B132 104
MOVE B131 104
MOVE B111 55
TRAIN 2
COMMAND RIGHT END
TURN 218 RESULT
TIME LEFT 0 5 RIGHT 0 5
TRAIN A133 A134 B133 B134
MOVE A73 128
MOVE A75 160
MOVE A76 160
MOVE A79 128
MOVE A80 128
MOVE A87 160
MOVE A88 160
MOVE A97 128
MOVE A98 128
MOVE A99 160
MOVE A100 160
MOVE A104 128
MOVE A111 111
MOVE A112 111
MOVE A113 111
MOVE A114 111
MOVE A115 111
MOVE A117 128
MOVE A118 160
MOVE A119 144
MOVE A121 145
MOVE A122 145
MOVE A123 111
MOVE A124 111
MOVE A125 94
MOVE A126 94
MOVE A127 80
MOVE A128 87
MOVE A129 70
MOVE A130 70
MOVE A131 7
MOVE A132 7
MOVE B7 125
MOVE B10 125
MOVE B11 98
MOVE B13 98
MOVE B32 98
MOVE B34 98
MOVE B111 91
MOVE B114 120
MOVE B116 120
MOVE B117 187
MOVE B118 187
MOVE B120 143
MOVE B121 143
MOVE B122 143
MOVE B123 143
MOVE B124 143
MOVE B125 173
MOVE B126 192
MOVE B127 173
MOVE B128 173
MOVE B131 201
MOVE B132 201
DAMAGE TURRET B95 1
DAMAGE COMBAT A74 2
DAMAGE COMBAT A107 1
DAMAGE COMBAT B14 1
DAMAGE COMBAT B95 1
SIEGE A 155 1
END TURN 218
TURN 219
COMMAND LEFT START
MOVE A133 153
MOVE A134 153
TRAIN 2
COMMAND LEFT END
COMMAND RIGHT START
MOVE B92 166
MOVE B99 166
MOVE B119 166
MOVE B129 166
MOVE B130 166
TRAIN 2
COMMAND RIGHT END
TURN 219 RESULT
TIME LEFT 9 5 RIGHT 0 5
TRAIN A135 A136 B135 B136
MOVE A73 118
MOVE A75 166
MOVE A76 166
MOVE A79 118
MOVE A80 118
MOVE A87 166
MOVE A88 166
MOVE A97 118
MOVE A98 118
MOVE A99 166
MOVE A100 166
MOVE A104 118
MOVE A111 123
MOVE A112 123
MOVE A113 123
MOVE A114 123
MOVE A115 123
MOVE A117 118
MOVE A118 166
MOVE A119 125
MOVE A121 153
MOVE A122 153
MOVE A123 123
MOVE A124 123
MOVE A125 111
MOVE A126 111
MOVE A127 94
MOVE A128 110
MOVE A129 87
MOVE A130 87
MOVE A131 18
MOVE A132 18
MOVE A133 9
MOVE A134 9
MOVE B7 143
MOVE B10 143
MOVE B11 90
MOVE B13 90
MOVE B32 90
MOVE B34 90
MOVE B92 190
MOVE B99 190
MOVE B111 83
MOVE B114 103
MOVE B116 103
MOVE B117 172
MOVE B118 172
MOVE B119 201
MOVE B120 125
MOVE B121 125
MOVE B122 125
MOVE B123 125
MOVE B124 125
MOVE B125 160
MOVE B126 182
MOVE B127 160
MOVE B128 160
MOVE B129 201
MOVE B130 201
MOVE B131 190
MOVE B132 190
DAMAGE TURRET A73 2
DAMAGE TURRET A75 2
DAMAGE TURRET B126 2
DAMAGE COMBAT A46 1
DAMAGE COMBAT A73 3
DAMAGE COMBAT A74 2
DAMAGE COMBAT A75 1
DAMAGE COMBAT A119 5
DAMAGE COMBAT B14 1
DAMAGE COMBAT B69 3
DAMAGE COMBAT B88 4
DAMAGE COMBAT B113 6
DAMAGE COMBAT B120 1
DAMAGE COMBAT B126 3
SIEGE B 166 1
END TURN 219
TURN 220
COMMAND LEFT START
MOVE A135 153
MOVE A136 153
TRAIN 2
COMMAND LEFT END
COMMAND RIGHT START
MOVE B133 201
MOVE B34 104
MOVE B32 104
MOVE B13 104
MOVE B11 104
TRAIN 2
COMMAND RIGHT END
TURN 220 RESULT
TIME LEFT 8 5 RIGHT 0 5
TRAIN A137 A138 B137 B138
MOVE A111 133
MOVE A112 133
MOVE A113 133
MOVE A114 133
MOVE A115 133
MOVE A123 133
MOVE A124 133
MOVE A125 123
MOVE A126 123
MOVE A127 111
MOVE A128 130
MOVE A129 110
MOVE A130 110
MOVE A131 35
MOVE A132 35
MOVE A133 21
MOVE A134 21
MOVE A135 9
MOVE A136 9
MOVE B7 160
MOVE B10 160
MOVE B11 98
MOVE B13 98
MOVE B14 141
MOVE B32 98
MOVE B34 98
MOVE B92 177
MOVE B99 177
MOVE B108 141
MOVE B111 64
MOVE B114 90
MOVE B116 90
MOVE B117 154
MOVE B118 154
MOVE B119 190
MOVE B125 143
MOVE B127 143
MOVE B128 143
MOVE B129 190
MOVE B130 190
MOVE B131 173
MOVE B132 173
MOVE B133 201
DAMAGE TURRET A75 2
DAMAGE TURRET A79 2
DAMAGE TURRET B126 1
DAMAGE COMBAT A46 1
DAMAGE COMBAT A79 2
DAMAGE COMBAT A119 1
DAMAGE COMBAT B69 3
DAMAGE COMBAT B83 3
DAMAGE COMBAT B120 1
SIEGE B 166 7
END TURN 220
TURN 221
COMMAND LEFT START
MOVE A137 153
MOVE A138 153
TRAIN 2
COMMAND LEFT END
COMMAND RIGHT START
MOVE B112 166
MOVE B134 166
MOVE B135 166
MOVE B49 201
MOVE B50 201
MOVE B116 104
MOVE B114 104
TRAIN 2
COMMAND RIGHT END
TURN 221 RESULT
TIME LEFT 1 5 RIGHT 1 5
TRAIN A139 A140 B139 B140
MOVE A111 142
MOVE A112 142
MOVE A113 142
MOVE A114 142
MOVE A115 142
MOVE A123 142
MOVE A124 142
MOVE A125 133
MOVE A126 133
MOVE A127 126
MOVE A128 145
MOVE A129 130
MOVE A130 130
MOVE A131 50
MOVE A132 50
MOVE A133 36
MOVE A134 36
MOVE A135 21
MOVE A136 21
MOVE A137 9
MOVE A138 9
MOVE B7 166
MOVE B10 166
MOVE B11 104
MOVE B13 104
MOVE B14 120
MOVE B32 104
MOVE B34 104
MOVE B49 117
MOVE B50 117
MOVE B92 166
MOVE B99 166
MOVE B108 120
MOVE B111 55
MOVE B112 190
MOVE B114 98
MOVE B116 98
MOVE B117 141
MOVE B118 141
MOVE B119 177
MOVE B120 117
MOVE B121 117
MOVE B122 117
MOVE B123 117
MOVE B124 117
MOVE B125 125
MOVE B127 125
MOVE B128 125
MOVE B129 177
MOVE B130 177
MOVE B131 160
MOVE B132 160
MOVE B134 201
MOVE B135 201
DAMAGE TURRET A75 1
DAMAGE TURRET A76 1
DAMAGE TURRET A79 2
DAMAGE TURRET B111 1
DAMAGE COMBAT A64 1
DAMAGE COMBAT A76 4
DAMAGE COMBAT A80 1
DAMAGE COMBAT B7 5
DAMAGE COMBAT B10 2
DAMAGE COMBAT B83 3
DAMAGE COMBAT B111 2
SIEGE B 118 3
END TURN 221
TURN 222
COMMAND LEFT START
MOVE A139 153
MOVE A140 153
TRAIN 2
COMMAND LEFT END
COMMAND RIGHT START
MOVE B11 118
MOVE B13 118
MOVE B32 118
MOVE B34 118
MOVE B51 118
MOVE B140 104
MOVE B139 104
MOVE B110 53
UPGRADE 155
COMMAND RIGHT END
TURN 222 RESULT
TIME LEFT 6 5 RIGHT 0 5
UPGRADE B 155
TRAIN A141 A142
MOVE A111 155
MOVE A112 155
MOVE A113 155
MOVE A114 155
MOVE A115 155
MOVE A123 155
MOVE A124 155
MOVE A125 142
MOVE A126 142
MOVE A127 140
MOVE A128 153
MOVE A129 145
MOVE A130 145
MOVE A131 55
MOVE A132 55
MOVE A133 54
MOVE A134 54
MOVE A135 36
MOVE A136 36
MOVE A137 21
MOVE A138 21
MOVE A139 9
MOVE A140 9
MOVE B11 110
MOVE B13 110
MOVE B14 103
MOVE B32 110
MOVE B34 110
MOVE B49 125
MOVE B50 125
MOVE B51 110
MOVE B108 103
MOVE B110 87
MOVE B112 177
MOVE B114 104
MOVE B116 104
MOVE B117 120
MOVE B118 120
MOVE B119 166
MOVE B120 104
MOVE B121 104
MOVE B122 104
MOVE B123 104
MOVE B124 104
MOVE B125 117
MOVE B127 117
MOVE B128 117
MOVE B129 166
MOVE B130 166
MOVE B131 143
MOVE B132 143
MOVE B134 190
MOVE B135 190
MOVE B139 201
MOVE B140 201
DAMAGE TURRET A76 1
DAMAGE TURRET A80 2
DAMAGE TURRET A87 1
DAMAGE TURRET A111 1
DAMAGE TURRET B111 1
DAMAGE COMBAT A64 1
DAMAGE COMBAT A87 5
DAMAGE COMBAT A88 1
DAMAGE COMBAT A111 5
DAMAGE COMBAT B10 4
DAMAGE COMBAT B92 2
DAMAGE COMBAT B95 1
DAMAGE COMBAT B96 6
DAMAGE COMBAT B111 2
SIEGE B 118 5
END TURN 222
TURN 223
COMMAND LEFT START
MOVE A120 182
MOVE A121 182
MOVE A122 182
MOVE A128 182
MOVE A112 153
MOVE A113 153
MOVE A114 153
MOVE A115 153
MOVE A123 153
MOVE A124 153
MOVE A131 153
MOVE A132 153
MOVE A141 153
MOVE A142 153
TRAIN 1
COMMAND LEFT END
COMMAND RIGHT START
MOVE B93 118
MOVE B94 118
MOVE B101 118
TRAIN 2
COMMAND RIGHT END
TURN 223 RESULT
TIME LEFT 1 5 RIGHT 0 5
TRAIN A143 B141 B142
MOVE A120 161
MOVE A121 161
MOVE A122 161
MOVE A125 155
MOVE A126 155
MOVE A127 146
MOVE A128 161
MOVE A129 153
MOVE A130 153
MOVE A131 63
MOVE A132 63
MOVE A133 70
MOVE A134 70
MOVE A135 54
MOVE A136 54
MOVE A137 36
MOVE A138 36
MOVE A139 21
MOVE A140 21
MOVE A141 9
MOVE A142 9
MOVE B11 118
MOVE B13 118
MOVE B14 90
MOVE B32 118
MOVE B34 118
MOVE B49 143
MOVE B50 143
MOVE B51 118
MOVE B93 110
MOVE B94 110
MOVE B101 110
MOVE B108 90
MOVE B110 88
MOVE B112 166
MOVE B117 103
MOVE B118 103
MOVE B125 104
MOVE B127 104
MOVE B128 104
MOVE B131 125
MOVE B132 125
MOVE B134 177
MOVE B135 177
MOVE B139 190
MOVE B140 190
DAMAGE TURRET A80 2
DAMAGE TURRET A88 2
DAMAGE TURRET A112 1
DAMAGE COMBAT A80 1
DAMAGE COMBAT A88 3
DAMAGE COMBAT A97 4
DAMAGE COMBAT A99 3
DAMAGE COMBAT A112 3
DAMAGE COMBAT B11 5
DAMAGE COMBAT B92 4
DAMAGE COMBAT B97 6
DAMAGE COMBAT B102 2
END TURN 223
TURN 224
COMMAND LEFT START
MOVE A129 182
MOVE A130 182
MOVE A125 153
MOVE A126 153
MOVE A143 153
TRAIN 2
COMMAND LEFT END
COMMAND RIGHT START
MOVE B104 118
MOVE B105 118
MOVE B106 118
MOVE B128 153
MOVE B127 153
MOVE B125 153
MOVE B124 153
MOVE B123 153
MOVE B122 153
MOVE B121 153
MOVE B120 153
MOVE B116 153
COMMAND RIGHT END
TURN 224 RESULT
TIME LEFT 8 5 RIGHT 0 5
TRAIN A144 A145
MOVE A120 163
MOVE A121 163
MOVE A122 163
MOVE A127 159
MOVE A128 163
MOVE A129 161
MOVE A130 161
MOVE A131 78
MOVE A132 78
MOVE A133 87
MOVE A134 87
MOVE A135 70
MOVE A136 70
MOVE A137 54
MOVE A138 54
MOVE A139 36
MOVE A140 36
MOVE A141 21
MOVE A142 21
MOVE A143 9
MOVE B49 160
MOVE B50 160
MOVE B93 118
MOVE B94 118
MOVE B101 118
MOVE B104 110
MOVE B105 110
MOVE B106 110
MOVE B110 82
MOVE B116 117
MOVE B117 90
MOVE B118 90
MOVE B120 117
MOVE B121 117
MOVE B122 117
MOVE B123 117
MOVE B124 117
MOVE B125 117
MOVE B127 117
MOVE B128 117
MOVE B131 117
MOVE B132 117
MOVE B134 166
MOVE B135 166
MOVE B139 173
MOVE B140 173
DAMAGE TURRET A97 2
DAMAGE TURRET A99 2
DAMAGE TURRET A112 1
DAMAGE COMBAT A98 6
DAMAGE COMBAT A99 1
DAMAGE COMBAT A100 6
DAMAGE COMBAT A104 2
DAMAGE COMBAT A112 1
DAMAGE COMBAT A113 1
DAMAGE COMBAT B11 1
DAMAGE COMBAT B13 3
DAMAGE COMBAT B99 3
DAMAGE COMBAT B102 4
DAMAGE COMBAT B103 4
END TURN 224
TURN 225
COMMAND LEFT START
MOVE A144 153
MOVE A145 153
TRAIN 1
COMMAND LEFT END
COMMAND RIGHT START
MOVE B136 166
MOVE B137 166
MOVE B138 166
MOVE B3 208
MOVE B118 104
MOVE B117 104
MOVE B108 104
TRAIN 2
COMMAND RIGHT END
TURN 225 RESULT
TIME LEFT 10 5 RIGHT 0 5
TRAIN A146 B143 B144
MOVE A120 176
MOVE A121 176
MOVE A122 176
MOVE A127 179
MOVE A128 176
MOVE A129 163
MOVE A130 163
MOVE A131 98
MOVE A132 98
MOVE A133 110
MOVE A134 110
MOVE A135 87
MOVE A136 87
MOVE A137 70
MOVE A138 70
MOVE A139 54
MOVE A140 54
MOVE A141 36
MOVE A142 36
MOVE A143 21
MOVE A144 9
MOVE A145 9
MOVE B3 103
MOVE B49 173
MOVE B50 173
MOVE B104 118
MOVE B105 118
MOVE B106 118
MOVE B108 98
MOVE B110 68
MOVE B116 125
MOVE B117 98
MOVE B118 98
MOVE B120 125
MOVE B121 125
MOVE B122 125
MOVE B123 125
MOVE B124 125
MOVE B125 125
MOVE B127 125
MOVE B128 125
MOVE B131 104
MOVE B132 104
MOVE B136 201
MOVE B137 201
MOVE B138 201
MOVE B139 160
MOVE B140 160
DAMAGE TURRET A104 2
DAMAGE TURRET A113 1
DAMAGE TURRET A118 2
DAMAGE COMBAT A104 2
DAMAGE COMBAT A113 1
DAMAGE COMBAT A117 6
DAMAGE COMBAT A118 4
DAMAGE COMBAT A131 3
DAMAGE COMBAT B13 2
DAMAGE COMBAT B99 1
DAMAGE COMBAT B103 2
DAMAGE COMBAT B108 2
SIEGE B 155 5
END TURN 225
TURN 226
COMMAND LEFT START
MOVE A146 153
TRAIN 2
COMMAND LEFT END
COMMAND RIGHT START
MOVE B99 118
MOVE B112 118
MOVE B119 118
MOVE B144 104
TRAIN 1
COMMAND RIGHT END
TURN 226 RESULT
TIME LEFT 10 5 RIGHT 0 5
TRAIN A147 A148 B145
MOVE A113 159
MOVE A114 159
MOVE A115 159
MOVE A120 182
MOVE A121 182
MOVE A122 182
MOVE A123 159
MOVE A124 159
MOVE A125 159
MOVE A126 159
MOVE A128 182
MOVE A129 176
MOVE A130 176
MOVE A133 130
MOVE A134 130
MOVE A135 110
MOVE A136 110
MOVE A137 87
MOVE A138 87
MOVE A139 70
MOVE A140 70
MOVE A141 54
MOVE A142 54
MOVE A143 36
MOVE A144 21
MOVE A145 21
MOVE A146 9
MOVE B3 120
MOVE B49 190
MOVE B50 190
MOVE B99 160
MOVE B110 62
MOVE B112 160
MOVE B116 144
MOVE B119 160
MOVE B120 144
MOVE B121 144
MOVE B122 144
MOVE B123 144
MOVE B124 144
MOVE B125 144
MOVE B127 144
MOVE B128 144
MOVE B136 190
MOVE B137 190
MOVE B138 190
MOVE B139 143
MOVE B140 143
MOVE B144 201
DAMAGE COMBAT A131 3
DAMAGE COMBAT B108 2
END TURN 226
TURN 227
COMMAND LEFT START
MOVE A120 153
MOVE A121 153
MOVE A122 153
MOVE A128 153
MOVE A147 153
MOVE A148 153
TRAIN 1
COMMAND LEFT END
COMMAND RIGHT START
MOVE B141 118
MOVE B1 118
MOVE B4 118
MOVE B5 155
MOVE B129 206
MOVE B13 206
TRAIN 1
COMMAND RIGHT END
TURN 227 RESULT
TIME LEFT 10 5 RIGHT 0 5
TRAIN A149 B146
MOVE A113 164
MOVE A114 164
MOVE A115 164
MOVE A120 176
MOVE A121 176
MOVE A122 176
MOVE A123 164
MOVE A124 164
MOVE A125 164
MOVE A126 164
MOVE A128 176
MOVE A129 182
MOVE A130 182
MOVE A133 145
MOVE A134 145
MOVE A135 130
MOVE A136 130
MOVE A137 110
MOVE A138 110
MOVE A139 87
MOVE A140 87
MOVE A141 70
MOVE A142 70
MOVE A143 54
MOVE A144 36
MOVE A145 36
MOVE A146 21
MOVE A147 9
MOVE A148 9
MOVE B1 194
MOVE B3 141
MOVE B4 194
MOVE B5 103
MOVE B13 128
MOVE B49 201
MOVE B50 201
MOVE B99 144
MOVE B110 49
MOVE B112 144
MOVE B116 153
MOVE B119 144
MOVE B120 153
MOVE B121 153
MOVE B122 153
MOVE B123 153
MOVE B124 153
MOVE B125 153
MOVE B127 153
MOVE B128 153
MOVE B129 177
MOVE B136 177
MOVE B137 177
MOVE B138 177
MOVE B139 125
MOVE B140 125
MOVE B141 205
MOVE B144 190
DAMAGE TURRET B120 2
DAMAGE COMBAT A101 2
DAMAGE COMBAT A102 6
DAMAGE COMBAT A103 1
DAMAGE COMBAT A132 3
DAMAGE COMBAT B108 1
DAMAGE COMBAT B116 1
DAMAGE COMBAT B120 2
END TURN 227
TURN 228
COMMAND LEFT START
MOVE A129 153
MOVE A130 153
MOVE A149 153
TRAIN 2
COMMAND LEFT END
COMMAND RIGHT START
MOVE B142 118
MOVE B143 118
MOVE B145 118
MOVE B107 155
MOVE B32 208
TRAIN 1
COMMAND RIGHT END
TURN 228 RESULT
TIME LEFT 4 5 RIGHT 0 5
TRAIN A150 A151 B147
MOVE A113 170
MOVE A114 170
MOVE A115 170
MOVE A120 163
MOVE A121 163
MOVE A122 163
MOVE A123 170
MOVE A124 170
MOVE A125 170
MOVE A126 170
MOVE A128 163
MOVE A129 176
MOVE A130 176
MOVE A133 153
MOVE A134 153
MOVE A135 145
MOVE A136 145
MOVE A137 130
MOVE A138 130
MOVE A139 110
MOVE A140 110
MOVE A141 87
MOVE A142 87
MOVE A143 70
MOVE A144 54
MOVE A145 54
MOVE A146 36
MOVE A147 21
MOVE A148 21
MOVE A149 9
MOVE B1 185
MOVE B3 154
MOVE B4 185
MOVE B5 111
MOVE B13 137
MOVE B32 128
MOVE B99 130
MOVE B107 121
MOVE B110 53
MOVE B112 130
MOVE B119 130
MOVE B129 190
MOVE B136 166
MOVE B137 166
MOVE B138 166
MOVE B139 117
MOVE B140 117
MOVE B141 193
MOVE B142 205
MOVE B143 205
MOVE B144 173
MOVE B145 205
DAMAGE TURRET B110 1
DAMAGE TURRET B116 2
DAMAGE COMBAT A7 1
DAMAGE COMBAT A103 5
DAMAGE COMBAT A132 3
DAMAGE COMBAT A133 3
DAMAGE COMBAT A137 3
DAMAGE COMBAT B99 2
DAMAGE COMBAT B108 1
DAMAGE COMBAT B110 1
DAMAGE COMBAT B116 3
END TURN 228
TURN 229
COMMAND LEFT START
MOVE A150 153
MOVE A151 153
TRAIN 1
COMMAND LEFT END
COMMAND RIGHT START
MOVE B146 118
MOVE B6 155
MOVE B130 90
MOVE B134 90
MOVE B106 182
TRAIN 2
COMMAND RIGHT END
TURN 229 RESULT
TIME LEFT 4 5 RIGHT 0 5
TRAIN A152 B148 B149
MOVE A113 154
MOVE A114 154
MOVE A115 154
MOVE A120 161
MOVE A121 161
MOVE A122 161
MOVE A123 154
MOVE A124 154
MOVE A125 154
MOVE A126 154
MOVE A128 161
MOVE A129 163
MOVE A130 163
MOVE A135 153
MOVE A136 153
MOVE A139 130
MOVE A140 130
MOVE A141 110
MOVE A142 110
MOVE A143 87
MOVE A144 70
MOVE A145 70
MOVE A146 54
MOVE A147 36
MOVE A148 36
MOVE A149 21
MOVE A150 9
MOVE A151 9
MOVE B1 175
MOVE B3 172
MOVE B4 175
MOVE B5 123
MOVE B6 103
MOVE B13 161
MOVE B32 137
MOVE B106 128
MOVE B107 120
MOVE B117 104
MOVE B118 104
MOVE B129 201
MOVE B130 154
MOVE B134 154
MOVE B139 104
MOVE B140 104
MOVE B141 175
MOVE B142 193
MOVE B143 193
MOVE B144 160
MOVE B145 193
MOVE B146 205
DAMAGE TURRET B110 1
DAMAGE TURRET B121 2
DAMAGE COMBAT A7 1
DAMAGE COMBAT A113 2
DAMAGE COMBAT A120 1
DAMAGE COMBAT A133 3
DAMAGE COMBAT A134 4
DAMAGE COMBAT A137 2
DAMAGE COMBAT B13 1
DAMAGE COMBAT B110 1
DAMAGE COMBAT B112 4
DAMAGE COMBAT B121 4
DAMAGE COMBAT B130 6
DAMAGE COMBAT B134 1
END TURN 229
TURN 230
COMMAND LEFT START
MOVE A152 153
TRAIN 2
COMMAND LEFT END
COMMAND RIGHT START
MOVE B135 155
TRAIN 2
COMMAND RIGHT END
TURN 230 RESULT
TIME LEFT 4 5 RIGHT 0 5
TRAIN A153 A154 B150 B151
MOVE A120 153
MOVE A121 153
MOVE A122 153
MOVE A128 153
MOVE A129 161
MOVE A130 161
MOVE A141 130
MOVE A142 130
MOVE A143 110
MOVE A144 87
MOVE A145 87
MOVE A146 70
MOVE A147 54
MOVE A148 54
MOVE A149 36
MOVE A150 21
MOVE A151 21
MOVE A152 9
MOVE B1 161
MOVE B3 187
MOVE B4 161
MOVE B5 133
MOVE B6 111
MOVE B32 161
MOVE B106 135
MOVE B107 126
MOVE B129 205
MOVE B135 172
MOVE B141 161
MOVE B142 175
MOVE B143 175
MOVE B144 143
MOVE B145 175
MOVE B146 193
DAMAGE TURRET B110 1
DAMAGE TURRET B122 2
DAMAGE COMBAT A7 1
DAMAGE COMBAT A113 1
DAMAGE COMBAT A120 4
DAMAGE COMBAT A129 4
DAMAGE COMBAT A134 2
DAMAGE COMBAT A137 1
DAMAGE COMBAT A138 1
DAMAGE COMBAT B1 2
DAMAGE COMBAT B110 1
DAMAGE COMBAT B112 2
DAMAGE COMBAT B119 4
DAMAGE COMBAT B122 4
DAMAGE COMBAT B123 3
DAMAGE COMBAT B134 5
END TURN 230
TURN 231
COMMAND LEFT START
MOVE A153 153
MOVE A154 153
TRAIN 1
COMMAND LEFT END
COMMAND RIGHT START
MOVE B49 166
MOVE B50 166
MOVE B147 166
MOVE B148 166
MOVE B149 166
MOVE B114 155
MOVE B117 201
MOVE B118 201
MOVE B131 90
TRAIN 2
COMMAND RIGHT END
TURN 231 RESULT
TIME LEFT 4 5 RIGHT 0 5
TRAIN A155 B152 B153
MOVE A114 160
MOVE A115 160
MOVE A123 160
MOVE A124 160
MOVE A125 160
MOVE A126 160
MOVE A143 130
MOVE A144 110
MOVE A145 110
MOVE A146 87
MOVE A147 70
MOVE A148 70
MOVE A149 54
MOVE A150 36
MOVE A151 36
MOVE A152 21
MOVE A153 9
MOVE A154 9
MOVE B3 199
MOVE B5 142
MOVE B6 123
MOVE B49 190
MOVE B50 190
MOVE B106 150
MOVE B107 140
MOVE B114 121
MOVE B117 117
MOVE B118 117
MOVE B129 206
MOVE B131 98
MOVE B135 170
MOVE B142 161
MOVE B143 161
MOVE B144 125
MOVE B145 161
MOVE B146 175
MOVE B147 201
MOVE B148 201
MOVE B149 201
DAMAGE TURRET B123 2
DAMAGE COMBAT A120 1
DAMAGE COMBAT A121 4
DAMAGE COMBAT A129 2
DAMAGE COMBAT A130 5
DAMAGE COMBAT A138 1
DAMAGE COMBAT B1 1
DAMAGE COMBAT B4 1
DAMAGE COMBAT B119 2
DAMAGE COMBAT B123 1
DAMAGE COMBAT B124 5
END TURN 231
TURN 232
COMMAND LEFT START
MOVE A155 153
TRAIN 2
COMMAND LEFT END
COMMAND RIGHT START
MOVE B150 166
MOVE B151 166
MOVE B152 166
MOVE B136 155
TRAIN 2
COMMAND RIGHT END
TURN 232 RESULT
TIME LEFT 4 5 RIGHT 1 5
TRAIN A156 A157 B154 B155
MOVE A114 158
MOVE A115 158
MOVE A123 158
MOVE A124 158
MOVE A125 158
MOVE A126 158
MOVE A138 145
MOVE A139 145
MOVE A140 145
MOVE A141 145
MOVE A142 145
MOVE A143 145
MOVE A144 130
MOVE A145 130
MOVE A146 110
MOVE A147 87
MOVE A148 87
MOVE A149 70
MOVE A150 54
MOVE A151 54
MOVE A152 36
MOVE A153 21
MOVE A154 21
MOVE A155 9
MOVE B3 208
MOVE B5 155
MOVE B6 133
MOVE B49 177
MOVE B50 177
MOVE B106 156
MOVE B107 146
MOVE B114 120
MOVE B117 125
MOVE B118 125
MOVE B131 90
MOVE B135 164
MOVE B136 172
MOVE B144 117
MOVE B146 161
MOVE B147 190
MOVE B148 190
MOVE B149 190
MOVE B150 201
MOVE B151 201
MOVE B152 201
DAMAGE TURRET B124 1
DAMAGE TURRET B125 1
DAMAGE COMBAT A121 2
DAMAGE COMBAT A122 2
DAMAGE COMBAT A130 1
DAMAGE COMBAT B4 1
DAMAGE COMBAT B125 5
END TURN 232
TURN 233
COMMAND LEFT START
MOVE A156 153
MOVE A157 153
TRAIN 2
COMMAND LEFT END
COMMAND RIGHT START
MOVE B3 118
MOVE B9 118
MOVE B153 118
MOVE B34 206
MOVE B51 206
TRAIN 1
COMMAND RIGHT END
TURN 233 RESULT
TIME LEFT 4 5 RIGHT 0 5
TRAIN A158 A159 B156
MOVE A114 153
MOVE A115 153
MOVE A123 153
MOVE A124 153
MOVE A125 153
MOVE A126 153
MOVE A138 153
MOVE A139 153
MOVE A140 153
MOVE A141 153
MOVE A142 153
MOVE A143 153
MOVE A144 145
MOVE A145 145
MOVE A146 130
MOVE A147 110
MOVE A148 110
MOVE A149 87
MOVE A150 70
MOVE A151 70
MOVE A152 54
MOVE A153 36
MOVE A154 36
MOVE A155 21
MOVE A156 9
MOVE A157 9
MOVE B3 205
MOVE B4 137
MOVE B6 142
MOVE B9 194
MOVE B32 175
MOVE B34 128
MOVE B49 166
MOVE B50 166
MOVE B51 128
MOVE B106 171
MOVE B107 159
MOVE B114 126
MOVE B117 143
MOVE B118 143
MOVE B135 159
MOVE B136 170
MOVE B141 137
MOVE B142 137
MOVE B143 137
MOVE B144 104
MOVE B145 137
MOVE B146 137
MOVE B147 177
MOVE B148 177
MOVE B149 177
MOVE B150 190
MOVE B151 190
MOVE B152 190
MOVE B153 205
DAMAGE TURRET B127 2
DAMAGE COMBAT A122 2
DAMAGE COMBAT B127 4
DAMAGE COMBAT B128 6
END TURN 233
TURN 234
COMMAND LEFT START
MOVE A158 53
MOVE A159 53
TRAIN 1
COMMAND LEFT END
COMMAND RIGHT START
MOVE B154 118
MOVE B155 118
MOVE B49 208
MOVE B132 90
MOVE B105 53
UPGRADE 155
COMMAND RIGHT END
TURN 234 RESULT
TIME LEFT 6 5 RIGHT 0 5
UPGRADE B 155
TRAIN A160
MOVE A144 153
MOVE A145 153
MOVE A146 145
MOVE A147 130
MOVE A148 130
MOVE A149 110
MOVE A150 87
MOVE A151 87
MOVE A152 70
MOVE A153 54
MOVE A154 54
MOVE A155 36
MOVE A156 21
MOVE A157 21
MOVE A158 9
MOVE A159 9
MOVE B3 193
MOVE B4 128
MOVE B6 155
MOVE B9 185
MOVE B32 193
MOVE B34 137
MOVE B49 177
MOVE B51 137
MOVE B105 105
MOVE B106 182
MOVE B107 155
MOVE B114 140
MOVE B117 160
MOVE B118 160
MOVE B132 98
MOVE B135 155
MOVE B136 164
MOVE B141 128
MOVE B142 128
MOVE B143 128
MOVE B145 128
MOVE B146 128
MOVE B147 166
MOVE B148 166
MOVE B149 166
MOVE B150 177
MOVE B151 177
MOVE B152 177
MOVE B153 193
MOVE B154 205
MOVE B155 205
DAMAGE TURRET B106 2
DAMAGE COMBAT A46 1
DAMAGE COMBAT B106 3
END TURN 234
TURN 235
COMMAND LEFT START
MOVE A123 182
MOVE A160 153
TRAIN 2
COMMAND LEFT END
COMMAND RIGHT START
UPGRADE 155
COMMAND RIGHT END
TURN 235 RESULT
TIME LEFT 3 5 RIGHT 0 5
UPGRADE B 155
TRAIN A161 A162
MOVE A123 161
MOVE A146 153
MOVE A147 145
MOVE A148 145
MOVE A149 130
MOVE A150 110
MOVE A151 110
MOVE A152 87
MOVE A153 70
MOVE A154 70
MOVE A155 54
MOVE A156 36
MOVE A157 36
MOVE A158 21
MOVE A159 21
MOVE A160 9
MOVE B3 175
MOVE B4 118
MOVE B9 175
MOVE B32 205
MOVE B34 161
MOVE B49 190
MOVE B51 161
MOVE B105 97
MOVE B114 146
MOVE B117 173
MOVE B118 173
MOVE B132 90
MOVE B136 159
MOVE B141 118
MOVE B142 118
MOVE B143 118
MOVE B145 118
MOVE B146 118
MOVE B150 166
MOVE B151 166
MOVE B152 166
MOVE B153 175
MOVE B154 193
MOVE B155 193
DAMAGE TURRET B106 1
DAMAGE COMBAT A61 1
DAMAGE COMBAT A123 2
DAMAGE COMBAT B34 1
END TURN 235
TURN 236
COMMAND LEFT START
MOVE A124 35
MOVE A161 7
MOVE A162 7
TRAIN 1
COMMAND LEFT END
COMMAND RIGHT START
COMMAND RIGHT END
TURN 236 RESULT
TIME LEFT 37 5 RIGHT 0 5
TRAIN A163
MOVE A124 145
MOVE A147 153
MOVE A148 153
MOVE A149 145
MOVE A150 130
MOVE A151 130
MOVE A152 110
MOVE A153 87
MOVE A154 87
MOVE A155 70
MOVE A156 54
MOVE A157 54
MOVE A158 20
MOVE A159 20
MOVE A160 21
MOVE A161 7
MOVE A162 7
MOVE B3 161
MOVE B9 161
MOVE B32 208
MOVE B49 201
MOVE B105 85
MOVE B114 159
MOVE B117 190
MOVE B118 190
MOVE B136 155
MOVE B153 161
MOVE B154 175
MOVE B155 175
DAMAGE COMBAT A123 4
DAMAGE COMBAT B3 1
END TURN 236
TURN 237
COMMAND LEFT START
MOVE A125 182
MOVE A163 153
COMMAND LEFT END
COMMAND RIGHT START
MOVE B32 118
MOVE B50 208
TRAIN 1
COMMAND RIGHT END
TURN 237 RESULT
TIME LEFT 6 5 RIGHT 0 5
TRAIN B157
MOVE A124 130
MOVE A125 161
MOVE A149 153
MOVE A150 145
MOVE A151 145
MOVE A152 130
MOVE A153 110
MOVE A154 110
MOVE A155 87
MOVE A156 70
MOVE A157 70
MOVE A158 22
MOVE A159 22
MOVE A160 36
MOVE A163 9
MOVE B3 137
MOVE B9 137
MOVE B32 205
MOVE B34 175
MOVE B49 208
MOVE B50 177
MOVE B51 175
MOVE B105 75
MOVE B114 155
MOVE B117 201
MOVE B118 201
MOVE B153 137
MOVE B154 161
MOVE B155 161
DAMAGE COMBAT A125 2
DAMAGE COMBAT B154 1
END TURN 237
TURN 238
COMMAND LEFT START
COMMAND LEFT END
COMMAND RIGHT START
MOVE B146 182
COMMAND RIGHT END
TURN 238 RESULT
TIME LEFT 6 5 RIGHT 0 5
MOVE A124 110
MOVE A150 153
MOVE A151 153
MOVE A152 145
MOVE A153 130
MOVE A154 130
MOVE A155 110
MOVE A156 87
MOVE A157 87
MOVE A158 29
MOVE A159 29
MOVE A160 54
MOVE A163 21
MOVE B3 128
MOVE B9 128
MOVE B32 193
MOVE B34 185
MOVE B50 190
MOVE B51 185
MOVE B105 66
MOVE B146 128
MOVE B153 128
DAMAGE COMBAT A125 2
DAMAGE COMBAT B154 1
END TURN 238
TURN 239
COMMAND LEFT START
COMMAND LEFT END
COMMAND RIGHT START
TRAIN 2
COMMAND RIGHT END
TURN 239 RESULT
TIME LEFT 6 5 RIGHT 0 5
TRAIN B158 B159
MOVE A124 87
MOVE A152 153
MOVE A153 145
MOVE A154 145
MOVE A155 130
MOVE A156 110
MOVE A157 110
MOVE A158 39
MOVE A159 39
MOVE A160 70
MOVE A163 36
MOVE B3 118
MOVE B9 118
MOVE B32 175
MOVE B34 194
MOVE B50 201
MOVE B51 194
MOVE B105 53
MOVE B146 135
MOVE B153 118
DAMAGE TURRET B105 1
DAMAGE COMBAT A7 1
DAMAGE COMBAT A125 2
DAMAGE COMBAT B105 1
DAMAGE COMBAT B154 1
END TURN 239
TURN 240
COMMAND LEFT START
MOVE A126 182
TRAIN 2
COMMAND LEFT END
COMMAND RIGHT START
MOVE B49 118
MOVE B156 118
MOVE B157 118
TRAIN 2
COMMAND RIGHT END
TURN 240 RESULT
TIME LEFT 5 5 RIGHT 0 5
TRAIN A164 A165 B160 B161
MOVE A124 83
MOVE A126 161
MOVE A153 153
MOVE A154 153
MOVE A155 145
MOVE A156 130
MOVE A157 130
MOVE A158 53
MOVE A159 53
MOVE A160 87
MOVE A163 54
MOVE B32 161
MOVE B34 206
MOVE B49 205
MOVE B50 208
MOVE B51 206
MOVE B146 150
MOVE B154 137
MOVE B155 137
MOVE B156 205
MOVE B157 205
DAMAGE TURRET B105 1
DAMAGE COMBAT A7 1
DAMAGE COMBAT A126 1
DAMAGE COMBAT B32 1
DAMAGE COMBAT B105 3
END TURN 240
TURN 241
COMMAND LEFT START
MOVE A159 153
MOVE A164 153
MOVE A165 153
COMMAND LEFT END
COMMAND RIGHT START
MOVE B14 118
MOVE B131 118
MOVE B3 90
MOVE B4 90
MOVE B161 104
MOVE B160 104
MOVE B153 104
MOVE B145 104
MOVE B143 104
MOVE B142 104
MOVE B141 104
MOVE B104 104
MOVE B101 104
MOVE B152 104
MOVE B151 104
MOVE B150 104
MOVE B149 104
TRAIN 2
COMMAND RIGHT END
TURN 241 RESULT
TIME LEFT 9 5 RIGHT 0 5
TRAIN B162 B163
MOVE A124 65
MOVE A155 153
MOVE A156 145
MOVE A157 145
MOVE A159 66
MOVE A160 110
MOVE A163 70
MOVE A164 9
MOVE A165 9
MOVE B3 110
MOVE B4 110
MOVE B14 98
MOVE B49 193
MOVE B101 110
MOVE B104 110
MOVE B131 98
MOVE B141 110
MOVE B142 110
MOVE B143 110
MOVE B145 110
MOVE B146 156
MOVE B149 160
MOVE B150 160
MOVE B151 160
MOVE B152 160
MOVE B153 110
MOVE B154 128
MOVE B155 128
MOVE B156 193
MOVE B157 193
MOVE B160 201
MOVE B161 201
DAMAGE COMBAT A126 1
DAMAGE COMBAT A160 6
DAMAGE COMBAT B3 1
DAMAGE COMBAT B32 1
END TURN 241
TURN 242
COMMAND LEFT START
COMMAND LEFT END
COMMAND RIGHT START
MOVE B163 104
MOVE B162 104
MOVE B136 55
MOVE B148 104
MOVE B135 104
MOVE B114 104
TRAIN 2
COMMAND RIGHT END
TURN 242 RESULT
TIME LEFT 7 5 RIGHT 0 5
TRAIN B164 B165
MOVE A124 48
MOVE A156 153
MOVE A157 153
MOVE A159 75
MOVE A163 87
MOVE A164 21
MOVE A165 21
MOVE B3 104
MOVE B4 104
MOVE B14 104
MOVE B49 175
MOVE B101 104
MOVE B104 104
MOVE B114 159
MOVE B131 104
MOVE B135 159
MOVE B136 142
MOVE B141 104
MOVE B142 104
MOVE B143 104
MOVE B145 104
MOVE B146 171
MOVE B148 160
MOVE B149 143
MOVE B150 143
MOVE B151 143
MOVE B152 143
MOVE B153 104
MOVE B154 118
MOVE B155 118
MOVE B156 175
MOVE B157 175
MOVE B160 190
MOVE B161 190
MOVE B162 201
MOVE B163 201
DAMAGE COMBAT A126 1
DAMAGE COMBAT B32 1
END TURN 242
TURN 243
COMMAND LEFT START
TRAIN 2
COMMAND LEFT END
COMMAND RIGHT START
MOVE B153 179
MOVE B145 179
MOVE B144 179
MOVE B143 179
MOVE B142 179
MOVE B141 179
MOVE B140 179
MOVE B139 179
COMMAND RIGHT END
TURN 243 RESULT
TIME LEFT 10 5 RIGHT 0 5
TRAIN A166 A167
MOVE A124 35
MOVE A159 85
MOVE A163 110
MOVE A164 36
MOVE A165 36
MOVE B3 98
MOVE B4 98
MOVE B14 110
MOVE B49 161
MOVE B114 146
MOVE B131 110
MOVE B135 146
MOVE B136 133
MOVE B139 121
MOVE B140 121
MOVE B141 121
MOVE B142 121
MOVE B143 121
MOVE B144 121
MOVE B145 121
MOVE B146 182
MOVE B148 143
MOVE B149 125
MOVE B150 125
MOVE B151 125
MOVE B152 125
MOVE B153 121
MOVE B156 161
MOVE B157 161
MOVE B160 173
MOVE B161 173
MOVE B162 190
MOVE B163 190
DAMAGE TURRET B146 2
DAMAGE COMBAT A61 1
DAMAGE COMBAT A126 3
DAMAGE COMBAT A163 2
DAMAGE COMBAT B14 1
DAMAGE COMBAT B49 1
DAMAGE COMBAT B146 2
END TURN 243
TURN 244
COMMAND LEFT START
MOVE A124 153
MOVE A127 182
MOVE A166 153
MOVE A167 153
TRAIN 2
COMMAND LEFT END
COMMAND RIGHT START
TRAIN 2
COMMAND RIGHT END
TURN 244 RESULT
TIME LEFT 15 5 RIGHT 0 5
TRAIN A168 A169 B166 B167
MOVE A124 48
MOVE A127 186
MOVE A159 97
MOVE A164 54
MOVE A165 54
MOVE A166 9
MOVE A167 9
MOVE B3 90
MOVE B4 90
MOVE B32 137
MOVE B114 140
MOVE B135 140
MOVE B136 123
MOVE B139 120
MOVE B140 120
MOVE B141 120
MOVE B142 120
MOVE B143 120
MOVE B144 120
MOVE B145 120
MOVE B148 125
MOVE B149 117
MOVE B150 117
MOVE B151 117
MOVE B152 117
MOVE B153 120
MOVE B156 137
MOVE B157 137
MOVE B160 160
MOVE B161 160
MOVE B162 173
MOVE B163 173
DAMAGE TURRET B146 2
DAMAGE COMBAT A61 1
DAMAGE COMBAT A163 2
DAMAGE COMBAT B14 1
END TURN 244
TURN 245
COMMAND LEFT START
MOVE A154 160
MOVE A155 190
MOVE A128 35
MOVE A135 35
MOVE A136 35
MOVE A138 35
MOVE A139 35
MOVE A168 7
MOVE A169 7
TRAIN 2
COMMAND LEFT END
COMMAND RIGHT START
TRAIN 2
COMMAND RIGHT END
TURN 245 RESULT
TIME LEFT 20 5 RIGHT 0 5
TRAIN A170 A171 B168 B169
MOVE A124 65
MOVE A127 188
MOVE A128 145
MOVE A135 145
MOVE A136 145
MOVE A138 145
MOVE A139 145
MOVE A154 158
MOVE A155 158
MOVE A159 114
MOVE A164 70
MOVE A165 70
MOVE A166 21
MOVE A167 21
MOVE A168 7
MOVE A169 7
MOVE B32 128
MOVE B114 126
MOVE B135 126
MOVE B136 111
MOVE B139 126
MOVE B140 126
MOVE B141 126
MOVE B142 126
MOVE B143 126
MOVE B144 126
MOVE B145 126
MOVE B148 117
MOVE B149 104
MOVE B150 104
MOVE B151 104
MOVE B152 104
MOVE B153 126
MOVE B156 128
MOVE B157 128
MOVE B160 143
MOVE B161 143
MOVE B162 160
MOVE B163 160
DAMAGE COMBAT A163 2
DAMAGE COMBAT B14 1
END TURN 245
TURN 246
COMMAND LEFT START
MOVE A156 35
MOVE A157 35
MOVE A170 7
MOVE A171 7
TRAIN 2
COMMAND LEFT END
COMMAND RIGHT START
MOVE B101 118
MOVE B104 118
MOVE B149 118
MOVE B155 104
MOVE B154 104
MOVE B169 104
MOVE B168 104
MOVE B167 104
MOVE B166 104
MOVE B165 104
MOVE B164 104
TRAIN 2
COMMAND RIGHT END
TURN 246 RESULT
TIME LEFT 18 5 RIGHT 0 5
TRAIN A172 A173 B170 B171
MOVE A124 83
MOVE A127 187
MOVE A128 130
MOVE A135 130
MOVE A136 130
MOVE A138 130
MOVE A139 130
MOVE A154 160
MOVE A155 173
MOVE A156 145
MOVE A157 145
MOVE A159 128
MOVE A164 87
MOVE A165 87
MOVE A166 36
MOVE A167 36
MOVE A170 7
MOVE A171 7
MOVE B32 118
MOVE B101 110
MOVE B104 110
MOVE B114 120
MOVE B131 118
MOVE B135 120
MOVE B136 94
MOVE B139 140
MOVE B140 140
MOVE B141 140
MOVE B142 140
MOVE B143 140
MOVE B144 140
MOVE B145 140
MOVE B148 104
MOVE B149 110
MOVE B153 140
MOVE B154 110
MOVE B155 110
MOVE B156 118
MOVE B157 118
MOVE B160 125
MOVE B161 125
MOVE B162 143
MOVE B163 143
MOVE B164 201
MOVE B165 201
MOVE B166 201
MOVE B167 201
MOVE B168 201
MOVE B169 201
END TURN 246
TURN 247
COMMAND LEFT START
MOVE A154 153
MOVE A172 153
MOVE A173 153
TRAIN 2
COMMAND LEFT END
COMMAND RIGHT START
MOVE B3 118
MOVE B4 118
MOVE B148 90
MOVE B9 90
MOVE B157 104
MOVE B156 104
MOVE B131 104
TRAIN 2
COMMAND RIGHT END
TURN 247 RESULT
TIME LEFT 19 5 RIGHT 0 5
TRAIN A174 A175 B172 B173
MOVE A124 87
MOVE A127 190
MOVE A128 110
MOVE A135 110
MOVE A136 110
MOVE A138 110
MOVE A139 110
MOVE A154 158
MOVE A155 190
MOVE A156 130
MOVE A157 130
MOVE A159 145
MOVE A164 110
MOVE A165 110
MOVE A166 54
MOVE A167 54
MOVE A172 9
MOVE A173 9
MOVE B3 98
MOVE B4 98
MOVE B9 110
MOVE B101 118
MOVE B104 118
MOVE B114 121
MOVE B131 110
MOVE B135 121
MOVE B136 80
MOVE B139 146
MOVE B140 146
MOVE B141 146
MOVE B142 146
MOVE B143 146
MOVE B144 146
MOVE B145 146
MOVE B148 98
MOVE B149 118
MOVE B153 146
MOVE B154 104
MOVE B155 104
MOVE B156 110
MOVE B157 110
MOVE B160 117
MOVE B161 117
MOVE B162 125
MOVE B163 125
MOVE B164 190
MOVE B165 190
MOVE B166 190
MOVE B167 190
MOVE B168 190
MOVE B169 190
DAMAGE COMBAT A127 6
DAMAGE COMBAT A138 4
DAMAGE COMBAT B9 6
DAMAGE COMBAT B131 1
DAMAGE COMBAT B164 2
END TURN 247
TURN 248
COMMAND LEFT START
MOVE A144 182
MOVE A140 154
MOVE A141 154
MOVE A142 154
MOVE A143 154
MOVE A155 179
MOVE A161 179
MOVE A162 179
MOVE A168 179
MOVE A169 179
MOVE A170 179
MOVE A171 179
MOVE A174 179
MOVE A175 179
TRAIN 2
COMMAND LEFT END
COMMAND RIGHT START
MOVE B50 118
MOVE B158 118
MOVE B159 118
MOVE B150 90
MOVE B149 182
TRAIN 2
COMMAND RIGHT END
TURN 248 RESULT
TIME LEFT 33 5 RIGHT 0 5
TRAIN A176 A177 B174 B175
MOVE A124 110
MOVE A140 158
MOVE A141 158
MOVE A142 158
MOVE A143 158
MOVE A144 161
MOVE A154 153
MOVE A156 110
MOVE A157 110
MOVE A159 153
MOVE A161 18
MOVE A162 18
MOVE A166 70
MOVE A167 70
MOVE A168 18
MOVE A169 18
MOVE A170 18
MOVE A171 18
MOVE A172 21
MOVE A173 21
MOVE A174 3
MOVE A175 3
MOVE B3 104
MOVE B4 104
MOVE B50 205
MOVE B114 104
MOVE B135 104
MOVE B136 63
MOVE B139 159
MOVE B140 159
MOVE B141 159
MOVE B142 159
MOVE B143 159
MOVE B144 159
MOVE B145 159
MOVE B148 90
MOVE B149 128
MOVE B150 98
MOVE B153 159
MOVE B158 205
MOVE B159 205
MOVE B160 104
MOVE B161 104
MOVE B162 117
MOVE B163 117
DAMAGE COMBAT A124 3
DAMAGE COMBAT A155 6
DAMAGE COMBAT B131 5
DAMAGE COMBAT B156 4
DAMAGE COMBAT B164 1
END TURN 248
TURN 249
COMMAND LEFT START
MOVE A48 55
MOVE A145 55
MOVE A146 55
MOVE A149 55
MOVE A150 55
MOVE A153 55
MOVE A154 55
MOVE A53 55
MOVE A69 55
MOVE A147 55
MOVE A148 55
MOVE A151 55
MOVE A152 55
MOVE A159 55
MOVE A176 55
MOVE A177 55
TRAIN 1
COMMAND LEFT END
COMMAND RIGHT START
TRAIN 2
COMMAND RIGHT END
TURN 249 RESULT
TIME LEFT 34 5 RIGHT 0 5
TRAIN A178 B176 B177
MOVE A48 159
MOVE A53 159
MOVE A69 159
MOVE A140 160
MOVE A141 160
MOVE A142 160
MOVE A143 160
MOVE A144 163
MOVE A145 144
MOVE A146 144
MOVE A147 144
MOVE A148 144
MOVE A149 144
MOVE A150 144
MOVE A151 144
MOVE A152 144
MOVE A153 144
MOVE A154 144
MOVE A159 144
MOVE A161 35
MOVE A162 35
MOVE A166 87
MOVE A167 87
MOVE A168 35
MOVE A169 35
MOVE A170 35
MOVE A171 35
MOVE A172 36
MOVE A173 36
MOVE A174 15
MOVE A175 15
MOVE A176 7
MOVE A177 7
MOVE B3 110
MOVE B4 110
MOVE B50 193
MOVE B136 55
MOVE B139 179
MOVE B140 179
MOVE B141 179
MOVE B142 179
MOVE B143 179
MOVE B144 179
MOVE B145 179
MOVE B149 135
MOVE B150 90
MOVE B153 179
MOVE B158 193
MOVE B159 193
MOVE B162 104
MOVE B163 104
MOVE B164 173
MOVE B165 173
MOVE B166 173
MOVE B167 173
MOVE B168 173
MOVE B169 173
DAMAGE TURRET B136 1
DAMAGE TURRET B139 2
DAMAGE COMBAT A64 1
DAMAGE COMBAT A124 3
DAMAGE COMBAT A128 1
DAMAGE COMBAT B3 1
DAMAGE COMBAT B4 2
DAMAGE COMBAT B136 2
DAMAGE COMBAT B156 2
DAMAGE COMBAT B157 4
SIEGE A 179 8
END TURN 249
TURN 250
COMMAND LEFT START
MOVE A178 153
TRAIN 2
COMMAND LEFT END
COMMAND RIGHT START
MOVE B117 166
MOVE B118 166
MOVE B170 166
MOVE B171 90
MOVE B172 90
MOVE B173 90
MOVE B174 90
MOVE B139 201
MOVE B140 201
TRAIN 2
COMMAND RIGHT END
TURN 250 RESULT
TIME LEFT 8 5 RIGHT 0 5
TRAIN A179 A180 B178 B179
MOVE A48 146
MOVE A53 146
MOVE A69 146
MOVE A140 154
MOVE A141 154
MOVE A142 154
MOVE A143 154
MOVE A144 176
MOVE A145 125
MOVE A146 125
MOVE A147 125
MOVE A148 125
MOVE A149 125
MOVE A150 125
MOVE A151 125
MOVE A152 125
MOVE A153 125
MOVE A154 125
MOVE A159 125
MOVE A161 50
MOVE A162 50
MOVE A166 110
MOVE A167 110
MOVE A168 50
MOVE A169 50
MOVE A170 50
MOVE A171 50
MOVE A172 54
MOVE A173 54
MOVE A174 33
MOVE A175 33
MOVE A176 18
MOVE A177 18
MOVE A178 9
MOVE B50 175
MOVE B117 190
MOVE B118 190
MOVE B139 186
MOVE B140 186
MOVE B149 150
MOVE B158 175
MOVE B159 175
MOVE B164 160
MOVE B165 160
MOVE B166 160
MOVE B167 160
MOVE B168 160
MOVE B169 160
MOVE B170 201
MOVE B171 199
MOVE B172 199
MOVE B173 199
MOVE B174 199
DAMAGE TURRET B136 1
DAMAGE TURRET B141 2
DAMAGE COMBAT A64 1
DAMAGE COMBAT A128 1
DAMAGE COMBAT B136 2
DAMAGE COMBAT B157 2
SIEGE A 179 6
END TURN 250
TURN 251
COMMAND LEFT START
MOVE A179 7
MOVE A180 7
MOVE A140 153
MOVE A141 153
MOVE A142 153
MOVE A143 153
TRAIN 1
COMMAND LEFT END
COMMAND RIGHT START
MOVE B175 118
MOVE B176 118
MOVE B34 118
MOVE B51 118
MOVE B177 118
MOVE B32 206
MOVE B93 206
MOVE B141 208
TRAIN 2
COMMAND RIGHT END
TURN 251 RESULT
TIME LEFT 19 5 RIGHT 1 5
TRAIN A181 B180 B181
MOVE A48 140
MOVE A53 140
MOVE A69 140
MOVE A128 87
MOVE A135 87
MOVE A136 87
MOVE A139 87
MOVE A140 160
MOVE A141 160
MOVE A142 160
MOVE A143 160
MOVE A144 182
MOVE A145 121
MOVE A146 121
MOVE A147 121
MOVE A148 121
MOVE A149 121
MOVE A150 121
MOVE A151 121
MOVE A152 121
MOVE A153 121
MOVE A154 121
MOVE A156 87
MOVE A157 87
MOVE A159 121
MOVE A161 55
MOVE A162 55
MOVE A164 130
MOVE A165 130
MOVE A166 130
MOVE A167 130
MOVE A168 55
MOVE A169 55
MOVE A170 55
MOVE A171 55
MOVE A172 70
MOVE A173 70
MOVE A174 47
MOVE A175 47
MOVE A176 35
MOVE A177 35
MOVE A178 21
MOVE A179 7
MOVE A180 7
MOVE B32 128
MOVE B34 194
MOVE B50 161
MOVE B51 194
MOVE B93 128
MOVE B117 177
MOVE B118 177
MOVE B139 188
MOVE B140 188
MOVE B141 186
MOVE B149 156
MOVE B158 161
MOVE B159 161
MOVE B164 143
MOVE B165 143
MOVE B166 143
MOVE B167 143
MOVE B168 143
MOVE B169 143
MOVE B170 190
MOVE B171 187
MOVE B172 187
MOVE B173 187
MOVE B174 187
MOVE B175 205
MOVE B176 205
MOVE B177 205
DAMAGE TURRET B142 2
SIEGE A 179 4
END TURN 251
TURN 252
COMMAND LEFT START
MOVE A181 7
COMMAND LEFT END
COMMAND RIGHT START
MOVE B132 104
MOVE B148 104
MOVE B163 55
UPGRADE 179
TRAIN 1
COMMAND RIGHT END
TURN 252 RESULT
TIME LEFT 22 5 RIGHT 0 5
UPGRADE B 179
TRAIN B182
MOVE A48 126
MOVE A53 126
MOVE A69 126
MOVE A128 83
MOVE A135 83
MOVE A136 83
MOVE A139 83
MOVE A140 158
MOVE A141 158
MOVE A142 158
MOVE A143 158
MOVE A145 98
MOVE A146 98
MOVE A147 98
MOVE A148 98
MOVE A149 98
MOVE A150 98
MOVE A151 98
MOVE A152 98
MOVE A153 98
MOVE A154 98
MOVE A156 83
MOVE A157 83
MOVE A159 98
MOVE A161 63
MOVE A162 63
MOVE A164 145
MOVE A165 145
MOVE A166 145
MOVE A167 145
MOVE A168 63
MOVE A169 63
MOVE A170 63
MOVE A171 63
MOVE A172 87
MOVE A173 87
MOVE A174 71
MOVE A175 71
MOVE A176 50
MOVE A177 50
MOVE A178 36
MOVE A181 7
MOVE B32 137
MOVE B34 185
MOVE B50 137
MOVE B51 185
MOVE B93 137
MOVE B117 166
MOVE B118 166
MOVE B132 98
MOVE B139 187
MOVE B140 187
MOVE B141 188
MOVE B148 98
MOVE B149 171
MOVE B158 137
MOVE B159 137
MOVE B163 91
MOVE B164 125
MOVE B165 125
MOVE B166 125
MOVE B167 125
MOVE B168 125
MOVE B169 125
MOVE B170 177
MOVE B171 172
MOVE B172 172
MOVE B173 172
MOVE B174 172
MOVE B175 193
MOVE B176 193
MOVE B177 193
DAMAGE COMBAT A145 2
DAMAGE COMBAT B132 6
DAMAGE COMBAT B148 5
END TURN 252
TURN 253
COMMAND LEFT START
COMMAND LEFT END
COMMAND RIGHT START
MOVE B182 104
MOVE B181 104
MOVE B147 104
MOVE B138 104
MOVE B153 104
MOVE B145 104
MOVE B144 104
UPGRADE 179
COMMAND RIGHT END
TURN 253 RESULT
TIME LEFT 21 5 RIGHT 0 5
UPGRADE B 179
MOVE A48 111
MOVE A53 111
MOVE A69 111
MOVE A128 65
MOVE A135 65
MOVE A136 65
MOVE A139 65
MOVE A140 153
MOVE A141 153
MOVE A142 153
MOVE A143 153
MOVE A156 65
MOVE A157 65
MOVE A161 80
MOVE A162 80
MOVE A164 153
MOVE A165 153
MOVE A166 153
MOVE A167 153
MOVE A168 80
MOVE A169 80
MOVE A170 80
MOVE A171 80
MOVE A172 110
MOVE A173 110
MOVE A174 80
MOVE A175 80
MOVE A176 55
MOVE A177 55
MOVE A178 54
MOVE B32 161
MOVE B34 175
MOVE B50 128
MOVE B51 175
MOVE B93 161
MOVE B138 160
MOVE B139 199
MOVE B140 199
MOVE B141 187
MOVE B144 159
MOVE B145 159
MOVE B147 160
MOVE B149 182
MOVE B153 159
MOVE B158 128
MOVE B159 128
MOVE B163 83
MOVE B164 117
MOVE B165 117
MOVE B166 117
MOVE B167 117
MOVE B168 117
MOVE B169 117
MOVE B170 166
MOVE B171 154
MOVE B172 154
MOVE B173 154
MOVE B174 154
MOVE B175 175
MOVE B176 175
MOVE B177 175
MOVE B181 201
MOVE B182 201
DAMAGE TURRET B149 2
DAMAGE COMBAT A61 1
DAMAGE COMBAT A145 1
DAMAGE COMBAT B148 1
DAMAGE COMBAT B149 3
END TURN 253
TURN 254
COMMAND LEFT START
MOVE A176 153
MOVE A177 153
COMMAND LEFT END
COMMAND RIGHT START
MOVE B117 118
MOVE B118 118
MOVE B137 118
MOVE B142 118
MOVE B114 166
MOVE B135 166
MOVE B151 179
UPGRADE 179
TRAIN 1
COMMAND RIGHT END
TURN 254 RESULT
TIME LEFT 21 5 RIGHT 0 5
UPGRADE B 179
TRAIN B183
MOVE A48 94
MOVE A53 94
MOVE A69 94
MOVE A128 48
MOVE A135 48
MOVE A136 48
MOVE A139 48
MOVE A145 78
MOVE A146 78
MOVE A147 78
MOVE A148 78
MOVE A149 78
MOVE A150 78
MOVE A151 78
MOVE A152 78
MOVE A153 78
MOVE A154 78
MOVE A156 48
MOVE A157 48
MOVE A159 78
MOVE A161 94
MOVE A162 94
MOVE A168 94
MOVE A169 94
MOVE A170 94
MOVE A171 94
MOVE A172 130
MOVE A173 130
MOVE A174 94
MOVE A175 94
MOVE A176 63
MOVE A177 63
MOVE A178 70
MOVE B32 175
MOVE B34 161
MOVE B50 118
MOVE B51 161
MOVE B93 175
MOVE B114 117
MOVE B117 160
MOVE B118 160
MOVE B135 117
MOVE B137 160
MOVE B138 143
MOVE B139 201
MOVE B140 201
MOVE B141 199
MOVE B142 174
MOVE B144 146
MOVE B145 146
MOVE B147 143
MOVE B151 121
MOVE B153 146
MOVE B158 118
MOVE B159 118
MOVE B163 64
MOVE B164 104
MOVE B165 104
MOVE B166 104
MOVE B167 104
MOVE B168 104
MOVE B169 104
MOVE B171 141
MOVE B172 141
MOVE B173 141
MOVE B174 141
MOVE B175 161
MOVE B176 161
MOVE B177 161
MOVE B181 190
MOVE B182 190
DAMAGE TURRET B149 1
DAMAGE COMBAT A61 1
END TURN 254
TURN 255
COMMAND LEFT START
COMMAND LEFT END
COMMAND RIGHT START
MOVE B152 118
MOVE B154 118
MOVE B155 118
MOVE B178 179
MOVE B159 104
MOVE B158 104
MOVE B104 104
COMMAND RIGHT END
TURN 255 RESULT
TIME LEFT 1 5 RIGHT 0 5
MOVE A48 80
MOVE A53 80
MOVE A69 80
MOVE A128 35
MOVE A135 35
MOVE A136 35
MOVE A139 35
MOVE A145 63
MOVE A146 63
MOVE A147 63
MOVE A148 63
MOVE A149 63
MOVE A150 63
MOVE A151 63
MOVE A152 63
MOVE A153 63
MOVE A154 63
MOVE A156 35
MOVE A157 35
MOVE A159 63
MOVE A161 111
MOVE A162 111
MOVE A168 111
MOVE A169 111
MOVE A170 111
MOVE A171 111
MOVE A172 145
MOVE A173 145
MOVE A174 111
MOVE A175 111
MOVE A176 78
MOVE A177 78
MOVE A178 87
MOVE B32 185
MOVE B34 137
MOVE B51 137
MOVE B93 185
MOVE B104 110
MOVE B114 125
MOVE B117 144
MOVE B118 144
MOVE B135 125
MOVE B137 144
MOVE B138 125
MOVE B141 208
MOVE B142 170
MOVE B144 140
MOVE B145 140
MOVE B147 125
MOVE B151 120
MOVE B152 110
MOVE B153 140
MOVE B154 110
MOVE B155 110
MOVE B158 110
MOVE B159 110
MOVE B163 55
MOVE B171 120
MOVE B172 120
MOVE B173 120
MOVE B174 120
MOVE B175 137
MOVE B176 137
MOVE B177 137
MOVE B178 199
MOVE B181 173
MOVE B182 173
DAMAGE TURRET B163 1
DAMAGE COMBAT A64 1
DAMAGE COMBAT B163 2
END TURN 255
TURN 256
COMMAND LEFT START
MOVE A128 153
MOVE A135 153
MOVE A136 153
MOVE A139 153
MOVE A156 153
MOVE A157 153
TRAIN 1
COMMAND LEFT END
COMMAND RIGHT START
MOVE B50 42
MOVE B94 42
MOVE B183 104
MOVE B169 182
COMMAND RIGHT END
TURN 256 RESULT
TIME LEFT 0 5 RIGHT 0 5
TRAIN A182
MOVE A48 63
MOVE A53 63
MOVE A69 63
MOVE A128 48
MOVE A135 48
MOVE A136 48
MOVE A139 48
MOVE A145 55
MOVE A146 55
MOVE A147 55
MOVE A148 55
MOVE A149 55
MOVE A150 55
MOVE A151 55
MOVE A152 55
MOVE A153 55
MOVE A154 55
MOVE A156 48
MOVE A157 48
MOVE A159 55
MOVE A161 126
MOVE A162 126
MOVE A168 126
MOVE A169 126
MOVE A170 126
MOVE A171 126
MOVE A172 153
MOVE A173 153
MOVE A174 126
MOVE A175 126
MOVE A176 98
MOVE A177 98
MOVE A178 110
MOVE B32 194
MOVE B34 128
MOVE B50 105
MOVE B51 128
MOVE B93 194
MOVE B94 105
MOVE B104 104
MOVE B114 143
MOVE B117 130
MOVE B118 130
MOVE B135 143
MOVE B137 130
MOVE B138 117
MOVE B142 154
MOVE B144 126
MOVE B145 126
MOVE B147 117
MOVE B151 126
MOVE B152 118
MOVE B153 126
MOVE B154 118
MOVE B155 118
MOVE B158 104
MOVE B159 104
MOVE B169 110
MOVE B171 103
MOVE B172 103
MOVE B173 103
MOVE B174 103
MOVE B175 128
MOVE B176 128
MOVE B177 128
MOVE B178 187
MOVE B181 160
MOVE B182 160
MOVE B183 201
DAMAGE TURRET B163 1
DAMAGE COMBAT A64 1
DAMAGE COMBAT A161 4
DAMAGE COMBAT A178 1
DAMAGE COMBAT B144 6
DAMAGE COMBAT B145 2
DAMAGE COMBAT B163 2
DAMAGE COMBAT B169 1
END TURN 256
TURN 257
COMMAND LEFT START
MOVE A140 55
MOVE A182 153
TRAIN 1
COMMAND LEFT END
COMMAND RIGHT START
TRAIN 2
COMMAND RIGHT END
TURN 257 RESULT
TIME LEFT 0 5 RIGHT 0 5
TRAIN A183 B184 B185
MOVE A48 55
MOVE A53 55
MOVE A69 55
MOVE A128 65
MOVE A135 65
MOVE A136 65
MOVE A139 65
MOVE A140 144
MOVE A156 65
MOVE A157 65
MOVE A176 121
MOVE A177 121
MOVE A182 9
MOVE B32 206
MOVE B34 118
MOVE B50 88
MOVE B51 118
MOVE B93 206
MOVE B94 88
MOVE B114 160
MOVE B117 118
MOVE B118 118
MOVE B135 160
MOVE B137 118
MOVE B138 104
MOVE B142 143
MOVE B147 104
MOVE B171 90
MOVE B172 90
MOVE B173 90
MOVE B174 90
MOVE B175 118
MOVE B176 118
MOVE B177 118
MOVE B178 188
MOVE B181 143
MOVE B182 143
MOVE B183 190
DAMAGE COMBAT A161 2
DAMAGE COMBAT A162 1
DAMAGE COMBAT A178 1
DAMAGE COMBAT B145 4
DAMAGE COMBAT B151 4
DAMAGE COMBAT B169 1
END TURN 257
TURN 258
COMMAND LEFT START
MOVE A141 55
MOVE A183 153
TRAIN 1
COMMAND LEFT END
COMMAND RIGHT START
MOVE B185 104
MOVE B184 104
MOVE B174 104
MOVE B173 104
TRAIN 2
COMMAND RIGHT END
TURN 258 RESULT
TIME LEFT 0 5 RIGHT 0 5
TRAIN A184 B186 B187
MOVE A128 83
MOVE A135 83
MOVE A136 83
MOVE A139 83
MOVE A140 125
MOVE A141 144
MOVE A156 83
MOVE A157 83
MOVE A176 125
MOVE A177 125
MOVE A182 21
MOVE A183 9
MOVE B50 67
MOVE B94 67
MOVE B114 166
MOVE B135 166
MOVE B142 144
MOVE B173 98
MOVE B174 98
MOVE B178 186
MOVE B181 125
MOVE B182 125
MOVE B183 173
MOVE B184 201
MOVE B185 201
DAMAGE COMBAT A140 2
DAMAGE COMBAT A141 1
DAMAGE COMBAT A162 2
DAMAGE COMBAT A178 1
DAMAGE COMBAT B142 1
DAMAGE COMBAT B151 2
DAMAGE COMBAT B153 5
DAMAGE COMBAT B169 1
DAMAGE COMBAT B181 3
END TURN 258
TURN 259
COMMAND LEFT START
MOVE A53 153
MOVE A69 153
MOVE A145 153
MOVE A146 153
MOVE A147 153
MOVE A148 153
MOVE A149 153
MOVE A150 153
MOVE A151 153
MOVE A152 153
MOVE A153 153
MOVE A154 153
MOVE A159 153
MOVE A184 153
TRAIN 1
COMMAND LEFT END
COMMAND RIGHT START
MOVE B141 179
TRAIN 2
COMMAND RIGHT END
TURN 259 RESULT
TIME LEFT 8 5 RIGHT 0 5
TRAIN A185 B188 B189
MOVE A53 63
MOVE A69 63
MOVE A128 87
MOVE A135 87
MOVE A136 87
MOVE A139 87
MOVE A145 63
MOVE A146 63
MOVE A147 63
MOVE A148 63
MOVE A149 63
MOVE A150 63
MOVE A151 63
MOVE A152 63
MOVE A153 63
MOVE A154 63
MOVE A156 87
MOVE A157 87
MOVE A159 63
MOVE A182 36
MOVE A183 21
MOVE A184 9
MOVE B50 54
MOVE B94 54
MOVE B141 199
MOVE B173 104
MOVE B174 104
MOVE B178 179
MOVE B183 160
MOVE B184 190
MOVE B185 190
DAMAGE COMBAT A140 2
DAMAGE COMBAT A141 1
DAMAGE COMBAT A162 1
DAMAGE COMBAT A178 1
DAMAGE COMBAT B142 1
DAMAGE COMBAT B153 1
DAMAGE COMBAT B169 1
DAMAGE COMBAT B181 3
END TURN 259
TURN 260
COMMAND LEFT START
MOVE A185 153
TRAIN 1
COMMAND LEFT END
COMMAND RIGHT START
TRAIN 2
COMMAND RIGHT END
TURN 260 RESULT
TIME LEFT 4 5 RIGHT 0 5
TRAIN A186 B190 B191
MOVE A53 78
MOVE A69 78
MOVE A128 110
MOVE A135 110
MOVE A136 110
MOVE A139 110
MOVE A145 78
MOVE A146 78
MOVE A147 78
MOVE A148 78
MOVE A149 78
MOVE A150 78
MOVE A151 78
MOVE A152 78
MOVE A153 78
MOVE A154 78
MOVE A156 110
MOVE A157 110
MOVE A159 78
MOVE A162 140
MOVE A168 140
MOVE A169 140
MOVE A170 140
MOVE A171 140
MOVE A174 140
MOVE A175 140
MOVE A182 54
MOVE A183 36
MOVE A184 21
MOVE A185 9
MOVE B50 42
MOVE B94 42
MOVE B141 187
MOVE B183 143
MOVE B184 173
MOVE B185 173
DAMAGE COMBAT A140 1
DAMAGE COMBAT A141 1
DAMAGE COMBAT A178 1
DAMAGE COMBAT B142 1
DAMAGE COMBAT B169 2
DAMAGE COMBAT B182 3
END TURN 260
TURN 261
COMMAND LEFT START
MOVE A186 153
TRAIN 1
COMMAND LEFT END
COMMAND RIGHT START
MOVE B179 118
MOVE B180 118
MOVE B186 118
MOVE B177 182
COMMAND RIGHT END
TURN 261 RESULT
TIME LEFT 4 5 RIGHT 0 5
TRAIN A187
MOVE A53 98
MOVE A69 98
MOVE A128 130
MOVE A135 130
MOVE A136 130
MOVE A139 130
MOVE A145 98
MOVE A146 98
MOVE A147 98
MOVE A148 98
MOVE A149 98
MOVE A150 98
MOVE A151 98
MOVE A152 98
MOVE A153 98
MOVE A154 98
MOVE A156 130
MOVE A157 130
MOVE A159 98
MOVE A162 146
MOVE A168 146
MOVE A169 146
MOVE A170 146
MOVE A171 146
MOVE A174 146
MOVE A175 146
MOVE A178 130
MOVE A182 70
MOVE A183 54
MOVE A184 36
MOVE A185 21
MOVE A186 9
MOVE B141 188
MOVE B177 128
MOVE B179 205
MOVE B180 205
MOVE B183 125
MOVE B184 160
MOVE B185 160
MOVE B186 205
DAMAGE COMBAT A140 1
DAMAGE COMBAT A141 1
DAMAGE COMBAT A176 1
DAMAGE COMBAT B142 1
DAMAGE COMBAT B182 3
END TURN 261
TURN 262
COMMAND LEFT START
MOVE A187 153
UPGRADE 55
COMMAND LEFT END
COMMAND RIGHT START
MOVE B187 118
MOVE B188 118
MOVE B32 118
MOVE B34 206
MOVE B176 104
MOVE B175 104
MOVE B155 104
MOVE B154 104
MOVE B152 104
MOVE B137 104
MOVE B118 104
MOVE B94 104
MOVE B91 104
TRAIN 2
COMMAND RIGHT END
TURN 262 RESULT
TIME LEFT 4 5 RIGHT 0 5
UPGRADE A 55
TRAIN B192 B193
MOVE A53 121
MOVE A69 121
MOVE A128 145
MOVE A135 145
MOVE A136 145
MOVE A139 145
MOVE A141 125
MOVE A145 121
MOVE A146 121
MOVE A147 121
MOVE A148 121
MOVE A149 121
MOVE A150 121
MOVE A151 121
MOVE A152 121
MOVE A153 121
MOVE A154 121
MOVE A156 145
MOVE A157 145
MOVE A159 121
MOVE A162 159
MOVE A168 159
MOVE A169 159
MOVE A170 159
MOVE A171 159
MOVE A174 159
MOVE A175 159
MOVE A178 145
MOVE A182 87
MOVE A183 70
MOVE A184 54
MOVE A185 36
MOVE A186 21
MOVE A187 9
MOVE B32 194
MOVE B34 128
MOVE B91 48
MOVE B94 48
MOVE B118 110
MOVE B137 110
MOVE B141 186
MOVE B152 110
MOVE B154 110
MOVE B155 110
MOVE B175 110
MOVE B176 110
MOVE B177 135
MOVE B179 193
MOVE B180 193
MOVE B184 143
MOVE B185 143
MOVE B186 193
MOVE B187 205
MOVE B188 205
DAMAGE COMBAT A141 1
DAMAGE COMBAT B183 3
END TURN 262
TURN 263
COMMAND LEFT START
MOVE A142 55
MOVE A179 55
TRAIN 1
COMMAND LEFT END
COMMAND RIGHT START
MOVE B114 179
MOVE B135 179
MOVE B189 179
MOVE B190 179
TRAIN 2
COMMAND RIGHT END
TURN 263 RESULT
TIME LEFT 7 5 RIGHT 0 5
TRAIN A188 B194 B195
MOVE A53 125
MOVE A69 125
MOVE A128 153
MOVE A135 153
MOVE A136 153
MOVE A139 153
MOVE A142 144
MOVE A145 125
MOVE A146 125
MOVE A147 125
MOVE A148 125
MOVE A149 125
MOVE A150 125
MOVE A151 125
MOVE A152 125
MOVE A153 125
MOVE A154 125
MOVE A156 153
MOVE A157 153
MOVE A159 125
MOVE A162 179
MOVE A168 179
MOVE A169 179
MOVE A170 179
MOVE A171 179
MOVE A174 179
MOVE A175 179
MOVE A178 153
MOVE A179 18
MOVE A182 110
MOVE A183 87
MOVE A184 70
MOVE A185 54
MOVE A186 36
MOVE A187 21
MOVE B32 185
MOVE B34 137
MOVE B91 65
MOVE B94 65
MOVE B114 172
MOVE B118 104
MOVE B135 172
MOVE B137 104
MOVE B141 179
MOVE B152 104
MOVE B154 104
MOVE B155 104
MOVE B175 104
MOVE B176 104
MOVE B177 150
MOVE B179 175
MOVE B180 175
MOVE B184 125
MOVE B185 125
MOVE B186 175
MOVE B187 193
MOVE B188 193
MOVE B189 199
MOVE B190 199
DAMAGE TURRET A162 2
DAMAGE COMBAT A53 2
DAMAGE COMBAT A141 1
DAMAGE COMBAT A168 3
DAMAGE COMBAT B141 4
DAMAGE COMBAT B143 3
DAMAGE COMBAT B183 3
DAMAGE COMBAT B184 6
DAMAGE COMBAT B185 6
END TURN 263
TURN 264
COMMAND LEFT START
MOVE A188 153
TRAIN 1
COMMAND LEFT END
COMMAND RIGHT START
MOVE B191 118
MOVE B192 118
MOVE B93 118
MOVE B176 55
MOVE B175 55
MOVE B174 55
MOVE B173 55
MOVE B168 55
MOVE B167 55
MOVE B166 55
MOVE B165 55
MOVE B164 55
MOVE B162 55
MOVE B161 55
MOVE B160 55
MOVE B159 55
MOVE B158 55
MOVE B155 55
MOVE B154 55
MOVE B152 55
MOVE B147 55
MOVE B138 55
MOVE B137 55
TRAIN 2
COMMAND RIGHT END
TURN 264 RESULT
TIME LEFT 9 5 RIGHT 0 5
TRAIN A189 B196 B197
MOVE A69 144
MOVE A142 125
MOVE A145 144
MOVE A146 144
MOVE A147 144
MOVE A148 144
MOVE A149 144
MOVE A150 144
MOVE A151 144
MOVE A152 144
MOVE A153 144
MOVE A154 144
MOVE A159 144
MOVE A176 144
MOVE A177 144
MOVE A179 35
MOVE A182 130
MOVE A183 110
MOVE A184 87
MOVE A185 70
MOVE A186 54
MOVE A187 36
MOVE A188 9
MOVE B32 175
MOVE B34 161
MOVE B91 83
MOVE B93 194
MOVE B94 83
MOVE B114 178
MOVE B135 178
MOVE B137 91
MOVE B138 91
MOVE B147 91
MOVE B152 91
MOVE B154 91
MOVE B155 91
MOVE B158 91
MOVE B159 91
MOVE B160 91
MOVE B161 91
MOVE B162 91
MOVE B164 91
MOVE B165 91
MOVE B166 91
MOVE B167 91
MOVE B168 91
MOVE B173 91
MOVE B174 91
MOVE B175 91
MOVE B176 91
MOVE B177 156
MOVE B179 161
MOVE B180 161
MOVE B186 161
MOVE B187 175
MOVE B188 175
MOVE B189 187
MOVE B190 187
MOVE B191 205
MOVE B192 205
DAMAGE TURRET A168 2
DAMAGE COMBAT A168 1
DAMAGE COMBAT A169 1
DAMAGE COMBAT B143 3
DAMAGE COMBAT B178 3
END TURN 264
TURN 265
COMMAND LEFT START
MOVE A128 55
MOVE A135 55
MOVE A136 55
MOVE A139 55
MOVE A143 55
MOVE A156 55
MOVE A157 55
MOVE A164 55
MOVE A165 55
MOVE A166 55
MOVE A167 55
MOVE A172 55
MOVE A173 55
MOVE A178 55
MOVE A180 55
MOVE A181 55
MOVE A189 55
MOVE A26 55
MOVE A31 55
MOVE A32 55
MOVE A9 55
TRAIN 1
COMMAND LEFT END
COMMAND RIGHT START
MOVE B193 118
MOVE B194 118
MOVE B195 118
TRAIN 2
COMMAND RIGHT END
TURN 265 RESULT
TIME LEFT 14 5 RIGHT 0 5
TRAIN A190 B198 B199
MOVE A9 14
MOVE A26 7
MOVE A31 18
MOVE A32 32
MOVE A69 153
MOVE A128 144
MOVE A135 144
MOVE A136 144
MOVE A139 144
MOVE A142 121
MOVE A143 144
MOVE A145 153
MOVE A146 153
MOVE A147 153
MOVE A148 153
MOVE A149 153
MOVE A150 153
MOVE A151 153
MOVE A152 153
MOVE A153 153
MOVE A154 153
MOVE A156 144
MOVE A157 144
MOVE A159 153
MOVE A164 144
MOVE A165 144
MOVE A166 144
MOVE A167 144
MOVE A172 144
MOVE A173 144
MOVE A176 153
MOVE A177 153
MOVE A178 144
MOVE A179 50
MOVE A180 18
MOVE A181 18
MOVE A182 145
MOVE A183 130
MOVE A184 110
MOVE A185 87
MOVE A186 70
MOVE A187 54
MOVE A188 21
MOVE A189 7
MOVE B32 161
MOVE B34 175
MOVE B91 91
MOVE B93 185
MOVE B94 91
MOVE B114 174
MOVE B135 174
MOVE B137 83
MOVE B138 83
MOVE B147 83
MOVE B152 83
MOVE B154 83
MOVE B155 83
MOVE B158 83
MOVE B159 83
MOVE B160 83
MOVE B161 83
MOVE B162 83
MOVE B164 83
MOVE B165 83
MOVE B166 83
MOVE B167 83
MOVE B168 83
MOVE B173 83
MOVE B174 83
MOVE B175 83
MOVE B176 83
MOVE B177 171
MOVE B179 137
MOVE B180 137
MOVE B186 137
MOVE B187 161
MOVE B188 161
MOVE B189 188
MOVE B190 188
MOVE B191 193
MOVE B192 193
MOVE B193 205
MOVE B194 205
MOVE B195 205
DAMAGE TURRET A169 2
DAMAGE COMBAT A169 1
DAMAGE COMBAT B178 3
SIEGE B 179 2
END TURN 265
TURN 266
COMMAND LEFT START
MOVE A69 55
MOVE A145 55
MOVE A146 55
MOVE A147 26
MOVE A148 2
MOVE A149 55
MOVE A152 55
MOVE A153 55
MOVE A169 55
MOVE A170 55
MOVE A175 55
MOVE A176 55
MOVE A150 55
MOVE A151 55
MOVE A154 55
MOVE A159 55
MOVE A171 55
MOVE A174 55
MOVE A177 55
COMMAND LEFT END
COMMAND RIGHT START
MOVE B196 118
MOVE B197 118
MOVE B198 118
TRAIN 2
COMMAND RIGHT END
TURN 266 RESULT
TIME LEFT 9 5 RIGHT 0 5
TRAIN B200 B201
MOVE A9 23
MOVE A26 18
MOVE A31 35
MOVE A32 45
MOVE A69 144
MOVE A128 125
MOVE A135 125
MOVE A136 125
MOVE A139 125
MOVE A142 98
MOVE A143 125
MOVE A145 144
MOVE A146 144
MOVE A147 144
MOVE A148 144
MOVE A149 144
MOVE A150 144
MOVE A151 144
MOVE A152 144
MOVE A153 144
MOVE A154 144
MOVE A156 125
MOVE A157 125
MOVE A159 144
MOVE A164 125
MOVE A165 125
MOVE A166 125
MOVE A167 125
MOVE A169 159
MOVE A170 159
MOVE A171 159
MOVE A172 125
MOVE A173 125
MOVE A174 159
MOVE A175 159
MOVE A176 144
MOVE A177 144
MOVE A178 125
MOVE A179 55
MOVE A180 35
MOVE A181 35
MOVE A182 153
MOVE A183 145
MOVE A184 130
MOVE A185 110
MOVE A186 87
MOVE A187 70
MOVE A188 36
MOVE A189 18
MOVE B32 137
MOVE B34 185
MOVE B91 104
MOVE B93 175
MOVE B94 104
MOVE B114 179
MOVE B135 179
MOVE B137 64
MOVE B138 64
MOVE B147 64
MOVE B152 64
MOVE B154 64
MOVE B155 64
MOVE B158 64
MOVE B159 64
MOVE B160 64
MOVE B161 64
MOVE B162 64
MOVE B164 64
MOVE B165 64
MOVE B166 64
MOVE B167 64
MOVE B168 64
MOVE B173 64
MOVE B174 64
MOVE B175 64
MOVE B176 64
MOVE B177 182
MOVE B179 128
MOVE B180 128
MOVE B186 128
MOVE B187 137
MOVE B188 137
MOVE B189 186
MOVE B190 186
MOVE B191 175
MOVE B192 175
MOVE B193 193
MOVE B194 193
MOVE B195 193
MOVE B196 205
MOVE B197 205
MOVE B198 205
DAMAGE TURRET B177 2
DAMAGE COMBAT A61 1
DAMAGE COMBAT B177 3
END TURN 266
TURN 267
COMMAND LEFT START
MOVE A182 182
TRAIN 1
COMMAND LEFT END
COMMAND RIGHT START
MOVE B199 118
MOVE B200 118
TRAIN 2
COMMAND RIGHT END
TURN 267 RESULT
TIME LEFT 21 5 RIGHT 0 5
TRAIN A191 B202 B203
MOVE A9 33
MOVE A26 35
MOVE A31 50
MOVE A32 47
MOVE A69 125
MOVE A128 121
MOVE A135 121
MOVE A136 121
MOVE A139 121
MOVE A142 78
MOVE A143 121
MOVE A145 125
MOVE A146 125
MOVE A147 125
MOVE A148 125
MOVE A149 125
MOVE A150 125
MOVE A151 125
MOVE A152 125
MOVE A153 125
MOVE A154 125
MOVE A156 121
MOVE A157 121
MOVE A159 125
MOVE A164 121
MOVE A165 121
MOVE A166 121
MOVE A167 121
MOVE A169 146
MOVE A170 146
MOVE A171 146
MOVE A172 121
MOVE A173 121
MOVE A174 146
MOVE A175 146
MOVE A176 125
MOVE A177 125
MOVE A178 121
MOVE A180 50
MOVE A181 50
MOVE A182 161
MOVE A183 153
MOVE A184 145
MOVE A185 130
MOVE A186 110
MOVE A187 87
MOVE A188 54
MOVE A189 35
MOVE B32 128
MOVE B34 194
MOVE B93 161
MOVE B137 55
MOVE B138 55
MOVE B147 55
MOVE B152 55
MOVE B154 55
MOVE B155 55
MOVE B158 55
MOVE B159 55
MOVE B160 55
MOVE B161 55
MOVE B162 55
MOVE B164 55
MOVE B165 55
MOVE B166 55
MOVE B167 55
MOVE B168 55
MOVE B173 55
MOVE B174 55
MOVE B175 55
MOVE B176 55
MOVE B179 118
MOVE B180 118
MOVE B186 118
MOVE B187 128
MOVE B188 128
MOVE B189 179
MOVE B190 179
MOVE B191 161
MOVE B192 161
MOVE B193 175
MOVE B194 175
MOVE B195 175
MOVE B196 193
MOVE B197 193
MOVE B198 193
MOVE B199 205
MOVE B200 205
DAMAGE TURRET B154 2
DAMAGE TURRET B177 1
DAMAGE COMBAT A48 1
DAMAGE COMBAT A106 1
DAMAGE COMBAT A116 6
DAMAGE COMBAT A179 6
DAMAGE COMBAT A182 3
DAMAGE COMBAT B93 1
DAMAGE COMBAT B154 1
DAMAGE COMBAT B164 2
SIEGE A 55 7
END TURN 267
TURN 268
COMMAND LEFT START
MOVE A183 55
MOVE A191 7
TRAIN 1
COMMAND LEFT END
COMMAND RIGHT START
MOVE B114 166
TRAIN 2
COMMAND RIGHT END
TURN 268 RESULT
TIME LEFT 0 5 RIGHT 0 5
TRAIN A192 B204 B205
MOVE A9 41
MOVE A26 50
MOVE A31 55
MOVE A32 55
MOVE A69 121
MOVE A128 98
MOVE A135 98
MOVE A136 98
MOVE A139 98
MOVE A142 63
MOVE A143 98
MOVE A145 121
MOVE A146 121
MOVE A147 121
MOVE A148 121
MOVE A149 121
MOVE A150 121
MOVE A151 121
MOVE A152 121
MOVE A153 121
MOVE A154 121
MOVE A156 98
MOVE A157 98
MOVE A159 121
MOVE A164 98
MOVE A165 98
MOVE A166 98
MOVE A167 98
MOVE A169 140
MOVE A170 140
MOVE A171 140
MOVE A172 98
MOVE A173 98
MOVE A174 140
MOVE A175 140
MOVE A176 121
MOVE A177 121
MOVE A178 98
MOVE A180 55
MOVE A181 55
MOVE A183 144
MOVE A184 153
MOVE A185 145
MOVE A186 130
MOVE A187 110
MOVE A188 70
MOVE A189 50
MOVE A191 7
MOVE B32 118
MOVE B34 206
MOVE B114 174
MOVE B187 118
MOVE B188 118
MOVE B193 161
MOVE B194 161
MOVE B195 161
MOVE B196 175
MOVE B197 175
MOVE B198 175
MOVE B199 193
MOVE B200 193
DAMAGE TURRET B137 1
DAMAGE TURRET B164 1
DAMAGE COMBAT A31 6
DAMAGE COMBAT A32 6
DAMAGE COMBAT A180 6
DAMAGE COMBAT A181 1
DAMAGE COMBAT A182 3
DAMAGE COMBAT B93 1
DAMAGE COMBAT B137 4
END TURN 268
TURN 269
COMMAND LEFT START
MOVE A184 182
MOVE A192 55
COMMAND LEFT END
COMMAND RIGHT START
MOVE B50 118
MOVE B60 118
MOVE B201 118
MOVE B91 42
MOVE B32 42
MOVE B202 206
TRAIN 1
COMMAND RIGHT END
TURN 269 RESULT
TIME LEFT 1 5 RIGHT 1 5
TRAIN B206
MOVE A9 55
MOVE A26 55
MOVE A69 98
MOVE A128 78
MOVE A135 78
MOVE A136 78
MOVE A139 78
MOVE A142 55
MOVE A143 78
MOVE A145 98
MOVE A146 98
MOVE A147 103
MOVE A148 98
MOVE A149 98
MOVE A150 98
MOVE A151 98
MOVE A152 98
MOVE A153 98
MOVE A154 98
MOVE A156 78
MOVE A157 78
MOVE A159 98
MOVE A164 78
MOVE A165 78
MOVE A166 78
MOVE A167 78
MOVE A169 126
MOVE A170 126
MOVE A171 126
MOVE A172 78
MOVE A173 78
MOVE A174 126
MOVE A175 126
MOVE A176 98
MOVE A177 98
MOVE A178 78
MOVE A183 125
MOVE A184 161
MOVE A185 153
MOVE A186 145
MOVE A187 130
MOVE A188 87
MOVE A189 55
MOVE A192 7
MOVE B32 105
MOVE B50 54
MOVE B60 54
MOVE B91 91
MOVE B93 137
MOVE B114 178
MOVE B191 137
MOVE B192 137
MOVE B193 137
MOVE B194 137
MOVE B195 137
MOVE B196 161
MOVE B197 161
MOVE B198 161
MOVE B199 175
MOVE B200 175
MOVE B201 205
MOVE B202 206
DAMAGE TURRET B137 1
DAMAGE TURRET B138 1
DAMAGE COMBAT A9 5
DAMAGE COMBAT A26 6
DAMAGE COMBAT A142 2
DAMAGE COMBAT A181 5
DAMAGE COMBAT A184 3
DAMAGE COMBAT B138 5
DAMAGE COMBAT B196 1
END TURN 269
TURN 270
COMMAND LEFT START
MOVE A185 55
TRAIN 1
COMMAND LEFT END
COMMAND RIGHT START
MOVE B203 166
MOVE B188 182
MOVE B187 104
MOVE B186 104
MOVE B180 104
MOVE B179 104
TRAIN 2
COMMAND RIGHT END
TURN 270 RESULT
TIME LEFT 4 5 RIGHT 0 5
TRAIN A193 B207 B208
MOVE A69 78
MOVE A128 63
MOVE A135 63
MOVE A136 63
MOVE A139 63
MOVE A143 63
MOVE A145 78
MOVE A146 78
MOVE A147 94
MOVE A148 78
MOVE A149 78
MOVE A150 78
MOVE A151 78
MOVE A152 78
MOVE A153 78
MOVE A154 78
MOVE A156 63
MOVE A157 63
MOVE A159 78
MOVE A164 63
MOVE A165 63
MOVE A166 63
MOVE A167 63
MOVE A169 111
MOVE A170 111
MOVE A171 111
MOVE A172 63
MOVE A173 63
MOVE A174 111
MOVE A175 111
MOVE A176 78
MOVE A177 78
MOVE A178 63
MOVE A183 121
MOVE A185 144
MOVE A186 153
MOVE A187 145
MOVE A188 110
MOVE A192 18
MOVE B32 88
MOVE B50 67
MOVE B60 67
MOVE B91 83
MOVE B93 128
MOVE B114 172
MOVE B179 110
MOVE B180 110
MOVE B186 110
MOVE B187 110
MOVE B188 128
MOVE B191 128
MOVE B192 128
MOVE B193 128
MOVE B194 128
MOVE B195 128
MOVE B199 161
MOVE B200 161
MOVE B201 193
MOVE B203 201
DAMAGE TURRET B147 2
DAMAGE COMBAT A142 4
DAMAGE COMBAT A184 3
DAMAGE COMBAT A188 4
DAMAGE COMBAT A189 6
DAMAGE COMBAT B147 2
DAMAGE COMBAT B179 1
DAMAGE COMBAT B196 1
SIEGE A 55 6
END TURN 270
TURN 271
COMMAND LEFT START
MOVE A186 182
MOVE A193 55
TRAIN 1
COMMAND LEFT END
COMMAND RIGHT START
MOVE B208 104
MOVE B207 104
TRAIN 2
COMMAND RIGHT END
TURN 271 RESULT
TIME LEFT 0 5 RIGHT 0 5
TRAIN A194 B209 B210
MOVE A69 63
MOVE A128 55
MOVE A135 55
MOVE A136 55
MOVE A139 55
MOVE A143 55
MOVE A145 63
MOVE A146 63
MOVE A147 73
MOVE A148 63
MOVE A149 63
MOVE A150 63
MOVE A151 63
MOVE A152 63
MOVE A153 63
MOVE A154 63
MOVE A156 55
MOVE A157 55
MOVE A159 63
MOVE A164 55
MOVE A165 55
MOVE A166 55
MOVE A167 55
MOVE A169 94
MOVE A170 94
MOVE A171 94
MOVE A172 55
MOVE A173 55
MOVE A174 94
MOVE A175 94
MOVE A176 63
MOVE A177 63
MOVE A178 55
MOVE A183 98
MOVE A185 125
MOVE A186 161
MOVE A187 153
MOVE A192 35
MOVE A193 7
MOVE B32 67
MOVE B50 88
MOVE B60 88
MOVE B91 65
MOVE B93 118
MOVE B114 166
MOVE B188 135
MOVE B191 118
MOVE B192 118
MOVE B193 118
MOVE B194 118
MOVE B195 118
MOVE B196 137
MOVE B197 137
MOVE B198 137
MOVE B199 137
MOVE B200 137
MOVE B201 175
MOVE B203 190
MOVE B207 201
MOVE B208 201
DAMAGE TURRET B147 2
DAMAGE COMBAT A128 4
DAMAGE COMBAT A135 6
DAMAGE COMBAT A136 5
DAMAGE COMBAT A178 1
DAMAGE COMBAT A188 2
DAMAGE COMBAT B152 6
DAMAGE COMBAT B155 6
DAMAGE COMBAT B158 2
DAMAGE COMBAT B179 1
END TURN 271
TURN 272
COMMAND LEFT START
MOVE A187 55
MOVE A194 55
TRAIN 1
COMMAND LEFT END
COMMAND RIGHT START
MOVE B195 104
MOVE B194 104
MOVE B193 104
MOVE B192 104
MOVE B191 104
MOVE B117 104
TRAIN 2
COMMAND RIGHT END
TURN 272 RESULT
TIME LEFT 0 5 RIGHT 0 5
TRAIN A195 B211 B212
MOVE A69 55
MOVE A145 55
MOVE A146 55
MOVE A147 58
MOVE A148 47
MOVE A149 55
MOVE A150 55
MOVE A151 55
MOVE A152 55
MOVE A153 55
MOVE A154 55
MOVE A159 55
MOVE A169 80
MOVE A170 80
MOVE A171 80
MOVE A174 80
MOVE A175 80
MOVE A176 55
MOVE A177 55
MOVE A183 78
MOVE A185 121
MOVE A186 163
MOVE A187 144
MOVE A192 50
MOVE A193 18
MOVE A194 7
MOVE B32 54
MOVE B50 105
MOVE B60 105
MOVE B91 48
MOVE B117 110
MOVE B179 104
MOVE B180 104
MOVE B186 104
MOVE B187 104
MOVE B188 150
MOVE B191 110
MOVE B192 110
MOVE B193 110
MOVE B194 110
MOVE B195 110
MOVE B196 128
MOVE B197 128
MOVE B198 128
MOVE B199 128
MOVE B200 128
MOVE B201 161
MOVE B203 177
MOVE B207 190
MOVE B208 190
DAMAGE TURRET B158 2
DAMAGE COMBAT A69 4
DAMAGE COMBAT A136 1
DAMAGE COMBAT A145 3
DAMAGE COMBAT A176 5
DAMAGE COMBAT B158 2
DAMAGE COMBAT B159 6
DAMAGE COMBAT B160 6
DAMAGE COMBAT B161 6
DAMAGE COMBAT B162 3
END TURN 272
TURN 273
COMMAND LEFT START
MOVE A195 55
TRAIN 1
COMMAND LEFT END
COMMAND RIGHT START
MOVE B212 104
MOVE B211 104
MOVE B210 104
MOVE B209 104
TRAIN 2
COMMAND RIGHT END
TURN 273 RESULT
TIME LEFT 4 5 RIGHT 0 5
TRAIN A196 B213 B214
MOVE A147 52
MOVE A148 33
MOVE A169 63
MOVE A170 63
MOVE A171 63
MOVE A174 63
MOVE A175 63
MOVE A183 63
MOVE A185 98
MOVE A186 176
MOVE A187 125
MOVE A192 55
MOVE A193 35
MOVE A194 18
MOVE A195 7
MOVE B32 42
MOVE B50 118
MOVE B60 118
MOVE B91 42
MOVE B117 104
MOVE B188 156
MOVE B191 104
MOVE B192 104
MOVE B193 104
MOVE B194 104
MOVE B195 104
MOVE B196 118
MOVE B197 118
MOVE B198 118
MOVE B199 118
MOVE B200 118
MOVE B201 137
MOVE B203 166
MOVE B207 173
MOVE B208 173
MOVE B209 201
MOVE B210 201
MOVE B211 201
MOVE B212 201
DAMAGE TURRET B162 2
DAMAGE COMBAT A69 2
DAMAGE COMBAT A139 6
DAMAGE COMBAT A143 1
DAMAGE COMBAT B162 1
DAMAGE COMBAT B165 6
DAMAGE COMBAT B166 6
DAMAGE COMBAT B167 6
DAMAGE COMBAT B168 2
END TURN 273
TURN 274
COMMAND LEFT START
MOVE A196 55
TRAIN 1
COMMAND LEFT END
COMMAND RIGHT START
MOVE B200 53
TRAIN 2
COMMAND RIGHT END
TURN 274 RESULT
TIME LEFT 4 5 RIGHT 0 5
TRAIN A197 B215 B216
MOVE A147 37
MOVE A148 23
MOVE A169 55
MOVE A170 55
MOVE A171 55
MOVE A174 55
MOVE A175 55
MOVE A183 55
MOVE A185 78
MOVE A186 182
MOVE A187 121
MOVE A193 50
MOVE A194 35
MOVE A195 18
MOVE A196 7
MOVE B188 171
MOVE B200 105
MOVE B201 128
MOVE B207 160
MOVE B208 160
MOVE B209 190
MOVE B210 190
MOVE B211 190
MOVE B212 190
DAMAGE TURRET B168 2
DAMAGE COMBAT A143 3
DAMAGE COMBAT A169 2
DAMAGE COMBAT B168 2
DAMAGE COMBAT B173 6
DAMAGE COMBAT B174 6
DAMAGE COMBAT B175 6
DAMAGE COMBAT B176 5
END TURN 274
TURN 275
COMMAND LEFT START
MOVE A197 153
TRAIN 1
COMMAND LEFT END
COMMAND RIGHT START
MOVE B195 153
MOVE B194 153
MOVE B193 153
MOVE B192 153
MOVE B191 153
MOVE B187 153
MOVE B186 153
MOVE B180 153
MOVE B179 153
MOVE B118 153
MOVE B117 153
COMMAND RIGHT END
TURN 275 RESULT
TIME LEFT 0 5 RIGHT 0 5
TRAIN A198
MOVE A147 26
MOVE A148 14
MOVE A185 63
MOVE A187 98
MOVE A193 55
MOVE A194 50
MOVE A195 35
MOVE A196 18
MOVE A197 9
MOVE B117 117
MOVE B118 117
MOVE B179 117
MOVE B180 117
MOVE B186 117
MOVE B187 117
MOVE B188 182
MOVE B191 117
MOVE B192 117
MOVE B193 117
MOVE B194 117
MOVE B195 117
MOVE B200 97
MOVE B201 118
MOVE B207 143
MOVE B208 143
MOVE B209 173
MOVE B210 173
MOVE B211 173
MOVE B212 173
DAMAGE TURRET B176 1
DAMAGE TURRET B188 2
DAMAGE COMBAT A106 1
DAMAGE COMBAT A143 1
DAMAGE COMBAT B188 3
END TURN 275
TURN 276
COMMAND LEFT START
MOVE A143 153
MOVE A156 153
MOVE A157 153
MOVE A167 153
MOVE A170 153
MOVE A175 153
MOVE A177 153
MOVE A146 153
MOVE A154 153
MOVE A159 153
MOVE A166 153
MOVE A171 153
MOVE A174 153
MOVE A183 153
MOVE A152 153
MOVE A153 153
MOVE A164 153
MOVE A165 153
MOVE A172 153
MOVE A173 153
MOVE A192 153
MOVE A193 153
MOVE A198 153
COMMAND LEFT END
COMMAND RIGHT START
TRAIN 2
COMMAND RIGHT END
TURN 276 RESULT
TIME LEFT 24 5 RIGHT 0 5
TRAIN B217 B218
MOVE A143 63
MOVE A146 63
MOVE A148 2
MOVE A152 63
MOVE A153 63
MOVE A154 63
MOVE A156 63
MOVE A157 63
MOVE A159 63
MOVE A164 63
MOVE A165 63
MOVE A166 63
MOVE A167 63
MOVE A170 63
MOVE A171 63
MOVE A172 63
MOVE A173 63
MOVE A174 63
MOVE A175 63
MOVE A177 63
MOVE A183 63
MOVE A185 55
MOVE A187 78
MOVE A192 63
MOVE A193 63
MOVE A194 55
MOVE A195 50
MOVE A196 35
MOVE A197 21
MOVE A198 9
MOVE B117 125
MOVE B118 125
MOVE B179 125
MOVE B180 125
MOVE B186 125
MOVE B187 125
MOVE B191 125
MOVE B192 125
MOVE B193 125
MOVE B194 125
MOVE B195 125
MOVE B200 85
MOVE B207 125
MOVE B208 125
MOVE B209 160
MOVE B210 160
MOVE B211 160
MOVE B212 160
DAMAGE TURRET B188 1
DAMAGE COMBAT A106 1
END TURN 276
TURN 277
COMMAND LEFT START
MOVE A114 55
MOVE A115 55
MOVE A122 55
TRAIN 2
COMMAND LEFT END
COMMAND RIGHT START
MOVE B218 104
MOVE B217 104
MOVE B216 104
MOVE B215 104
MOVE B214 104
MOVE B201 104
MOVE B199 104
MOVE B198 104
MOVE B197 104
MOVE B196 104
MOVE B101 104
MOVE B93 104
MOVE B213 104
TRAIN 2
COMMAND RIGHT END
TURN 277 RESULT
TIME LEFT 5 5 RIGHT 0 5
TRAIN A199 A200 B219 B220
MOVE A114 144
MOVE A115 144
MOVE A122 144
MOVE A143 78
MOVE A146 78
MOVE A152 78
MOVE A153 78
MOVE A154 78
MOVE A156 78
MOVE A157 78
MOVE A159 78
MOVE A164 78
MOVE A165 78
MOVE A166 78
MOVE A167 78
MOVE A170 78
MOVE A171 78
MOVE A172 78
MOVE A173 78
MOVE A174 78
MOVE A175 78
MOVE A177 78
MOVE A183 78
MOVE A187 63
MOVE A192 78
MOVE A193 78
MOVE A195 55
MOVE A196 50
MOVE A197 36
MOVE A198 21
MOVE B93 110
MOVE B101 110
MOVE B117 144
MOVE B118 144
MOVE B179 144
MOVE B180 144
MOVE B186 144
MOVE B187 144
MOVE B191 144
MOVE B192 144
MOVE B193 144
MOVE B194 144
MOVE B195 144
MOVE B196 110
MOVE B197 110
MOVE B198 110
MOVE B199 110
MOVE B200 75
MOVE B201 110
MOVE B207 117
MOVE B208 117
MOVE B209 143
MOVE B210 143
MOVE B211 143
MOVE B212 143
MOVE B213 201
MOVE B214 201
MOVE B215 201
MOVE B216 201
MOVE B217 201
MOVE B218 201
DAMAGE COMBAT A114 6
DAMAGE COMBAT A115 3
DAMAGE COMBAT A122 2
DAMAGE COMBAT B179 3
END TURN 277
TURN 278
COMMAND LEFT START
MOVE A185 7
MOVE A194 7
MOVE A199 7
MOVE A200 7
TRAIN 1
COMMAND LEFT END
COMMAND RIGHT START
MOVE B220 182
MOVE B219 104
TRAIN 2
COMMAND RIGHT END
TURN 278 RESULT
TIME LEFT 9 5 RIGHT 0 5
TRAIN A201 B221 B222
MOVE A143 98
MOVE A146 98
MOVE A152 98
MOVE A153 98
MOVE A154 98
MOVE A156 98
MOVE A157 98
MOVE A159 98
MOVE A164 98
MOVE A165 98
MOVE A166 98
MOVE A167 98
MOVE A170 98
MOVE A171 98
MOVE A172 98
MOVE A173 98
MOVE A174 98
MOVE A175 98
MOVE A177 98
MOVE A183 98
MOVE A185 50
MOVE A187 55
MOVE A192 98
MOVE A193 98
MOVE A194 50
MOVE A196 55
MOVE A197 54
MOVE A198 36
MOVE A199 7
MOVE A200 7
MOVE B93 104
MOVE B101 104
MOVE B196 104
MOVE B197 104
MOVE B198 104
MOVE B199 104
MOVE B200 66
MOVE B201 104
MOVE B207 104
MOVE B208 104
MOVE B209 125
MOVE B210 125
MOVE B211 125
MOVE B212 125
MOVE B213 190
MOVE B214 190
MOVE B215 190
MOVE B216 190
MOVE B217 190
MOVE B218 190
MOVE B219 201
MOVE B220 205
DAMAGE COMBAT A115 3
DAMAGE COMBAT B179 1
END TURN 278
TURN 279
COMMAND LEFT START
MOVE A201 153
TRAIN 1
COMMAND LEFT END
COMMAND RIGHT START
MOVE B50 104
MOVE B51 104
MOVE B114 104
MOVE B170 104
MOVE B93 166
MOVE B94 166
MOVE B101 118
MOVE B104 118
UPGRADE 208
COMMAND RIGHT END
TURN 279 RESULT
TIME LEFT 4 5 RIGHT 0 5
UPGRADE B 208
TRAIN A202
MOVE A143 121
MOVE A146 121
MOVE A152 121
MOVE A153 121
MOVE A154 121
MOVE A156 121
MOVE A157 121
MOVE A159 121
MOVE A164 121
MOVE A165 121
MOVE A166 121
MOVE A167 121
MOVE A170 121
MOVE A171 121
MOVE A172 121
MOVE A173 121
MOVE A174 121
MOVE A175 121
MOVE A177 121
MOVE A183 121
MOVE A185 35
MOVE A192 121
MOVE A193 121
MOVE A194 35
MOVE A197 70
MOVE A198 54
MOVE A201 9
MOVE B50 110
MOVE B51 110
MOVE B93 117
MOVE B94 117
MOVE B101 110
MOVE B104 110
MOVE B114 160
MOVE B117 153
MOVE B118 153
MOVE B170 160
MOVE B180 153
MOVE B186 153
MOVE B187 153
MOVE B191 153
MOVE B192 153
MOVE B193 153
MOVE B194 153
MOVE B195 153
MOVE B200 53
MOVE B209 117
MOVE B210 117
MOVE B211 117
MOVE B212 117
MOVE B213 173
MOVE B214 173
MOVE B215 173
MOVE B216 173
MOVE B217 173
MOVE B218 173
MOVE B219 190
MOVE B220 194
DAMAGE TURRET B117 2
DAMAGE TURRET B200 1
DAMAGE COMBAT A158 1
DAMAGE COMBAT B200 1
SIEGE A 153 2
END TURN 279
TURN 280
COMMAND LEFT START
MOVE A199 55
MOVE A200 55
MOVE A202 55
COMMAND LEFT END
COMMAND RIGHT START
MOVE B150 104
MOVE B171 104
MOVE B133 104
MOVE B196 90
MOVE B197 90
MOVE B204 201
MOVE B117 104
MOVE B118 104
MOVE B180 104
MOVE B186 104
MOVE B187 104
MOVE B191 104
MOVE B192 104
MOVE B193 104
MOVE B194 104
COMMAND RIGHT END
TURN 280 RESULT
TIME LEFT 0 5 RIGHT 0 5
MOVE A143 125
MOVE A146 125
MOVE A152 125
MOVE A153 125
MOVE A154 125
MOVE A156 125
MOVE A157 125
MOVE A159 125
MOVE A164 125
MOVE A165 125
MOVE A166 125
MOVE A167 125
MOVE A170 125
MOVE A171 125
MOVE A172 125
MOVE A173 125
MOVE A174 125
MOVE A175 125
MOVE A177 125
MOVE A183 125
MOVE A185 18
MOVE A192 125
MOVE A193 125
MOVE A194 18
MOVE A197 87
MOVE A198 70
MOVE A199 18
MOVE A200 18
MOVE A201 21
MOVE A202 7
MOVE B50 104
MOVE B51 104
MOVE B93 125
MOVE B94 125
MOVE B101 118
MOVE B104 118
MOVE B114 143
MOVE B117 144
MOVE B118 144
MOVE B133 190
MOVE B150 98
MOVE B170 143
MOVE B171 98
MOVE B180 144
MOVE B186 144
MOVE B187 144
MOVE B191 144
MOVE B192 144
MOVE B193 144
MOVE B194 144
MOVE B196 98
MOVE B197 98
MOVE B204 201
MOVE B209 104
MOVE B210 104
MOVE B211 104
MOVE B212 104
MOVE B213 160
MOVE B214 160
MOVE B215 160
MOVE B216 160
MOVE B217 160
MOVE B218 160
MOVE B219 173
MOVE B220 198
DAMAGE TURRET B200 1
DAMAGE COMBAT A143 1
DAMAGE COMBAT A146 1
DAMAGE COMBAT A158 1
DAMAGE COMBAT B93 4
DAMAGE COMBAT B94 6
DAMAGE COMBAT B200 1
END TURN 280
TURN 281
COMMAND LEFT START
TRAIN 2
COMMAND LEFT END
COMMAND RIGHT START
MOVE B195 166
TRAIN 2
COMMAND RIGHT END
TURN 281 RESULT
TIME LEFT 0 5 RIGHT 0 5
TRAIN A203 A204 B223 B224
MOVE A146 144
MOVE A152 144
MOVE A153 144
MOVE A154 144
MOVE A156 144
MOVE A157 144
MOVE A159 144
MOVE A164 144
MOVE A165 144
MOVE A166 144
MOVE A167 144
MOVE A170 144
MOVE A171 144
MOVE A172 144
MOVE A173 144
MOVE A174 144
MOVE A175 144
MOVE A177 144
MOVE A183 144
MOVE A185 7
MOVE A192 144
MOVE A193 144
MOVE A194 7
MOVE A197 110
MOVE A198 87
MOVE A199 35
MOVE A200 35
MOVE A201 36
MOVE A202 18
MOVE B114 125
MOVE B117 125
MOVE B118 125
MOVE B133 173
MOVE B150 104
MOVE B170 125
MOVE B171 104
MOVE B180 125
MOVE B186 125
MOVE B187 125
MOVE B191 125
MOVE B192 125
MOVE B193 125
MOVE B194 125
MOVE B195 158
MOVE B196 90
MOVE B197 90
MOVE B213 143
MOVE B214 143
MOVE B215 143
MOVE B216 143
MOVE B217 143
MOVE B218 143
MOVE B219 160
MOVE B220 192
DAMAGE TURRET B200 1
DAMAGE COMBAT A158 1
DAMAGE COMBAT B200 1
END TURN 281
TURN 282
COMMAND LEFT START
MOVE A147 55
MOVE A185 55
MOVE A191 55
MOVE A194 55
MOVE A203 55
MOVE A204 55
COMMAND LEFT END
COMMAND RIGHT START
MOVE B205 118
MOVE B206 118
MOVE B34 118
MOVE B50 206
MOVE B51 166
MOVE B212 55
COMMAND RIGHT END
TURN 282 RESULT
TIME LEFT 11 5 RIGHT 0 5
MOVE A146 153
MOVE A147 32
MOVE A152 153
MOVE A153 153
MOVE A154 153
MOVE A156 153
MOVE A157 153
MOVE A159 153
MOVE A164 153
MOVE A165 153
MOVE A166 153
MOVE A167 153
MOVE A170 153
MOVE A171 153
MOVE A172 153
MOVE A173 153
MOVE A174 153
MOVE A175 153
MOVE A177 153
MOVE A183 153
MOVE A185 18
MOVE A191 18
MOVE A192 153
MOVE A193 153
MOVE A194 18
MOVE A197 130
MOVE A198 110
MOVE A199 50
MOVE A200 50
MOVE A201 54
MOVE A202 35
MOVE A203 7
MOVE A204 7
MOVE B34 194
MOVE B50 117
MOVE B51 117
MOVE B114 117
MOVE B117 117
MOVE B118 117
MOVE B133 160
MOVE B170 117
MOVE B180 117
MOVE B186 117
MOVE B187 117
MOVE B191 117
MOVE B192 117
MOVE B193 117
MOVE B194 117
MOVE B195 160
MOVE B205 205
MOVE B206 205
MOVE B212 91
MOVE B213 125
MOVE B214 125
MOVE B215 125
MOVE B216 125
MOVE B217 125
MOVE B218 125
MOVE B219 143
MOVE B220 182
DAMAGE TURRET B220 2
DAMAGE COMBAT A106 1
DAMAGE COMBAT B220 3
END TURN 282
TURN 283
COMMAND LEFT START
MOVE A146 26
MOVE A152 55
MOVE A153 55
MOVE A154 55
MOVE A156 55
MOVE A157 55
MOVE A159 55
MOVE A164 55
MOVE A165 55
MOVE A166 55
MOVE A167 55
MOVE A170 55
MOVE A171 55
MOVE A172 55
MOVE A173 55
MOVE A174 55
MOVE A175 55
MOVE A177 55
MOVE A183 55
MOVE A187 7
MOVE A192 55
MOVE A193 55
COMMAND LEFT END
COMMAND RIGHT START
MOVE B129 118
MOVE B221 118
MOVE B222 118
MOVE B150 208
MOVE B171 208
TRAIN 1
COMMAND RIGHT END
TURN 283 RESULT
TIME LEFT 17 5 RIGHT 0 5
TRAIN B225
MOVE A146 144
MOVE A147 45
MOVE A152 144
MOVE A153 144
MOVE A154 144
MOVE A156 144
MOVE A157 144
MOVE A159 144
MOVE A164 144
MOVE A165 144
MOVE A166 144
MOVE A167 144
MOVE A170 144
MOVE A171 144
MOVE A172 144
MOVE A173 144
MOVE A174 144
MOVE A175 144
MOVE A177 144
MOVE A183 144
MOVE A185 35
MOVE A187 50
MOVE A191 35
MOVE A192 144
MOVE A193 144
MOVE A194 35
MOVE A197 145
MOVE A198 130
MOVE A199 55
MOVE A200 55
MOVE A201 70
MOVE A202 50
MOVE A203 18
MOVE A204 18
MOVE B34 185
MOVE B50 130
MOVE B51 125
MOVE B114 104
MOVE B117 104
MOVE B118 104
MOVE B129 194
MOVE B133 143
MOVE B150 117
MOVE B170 104
MOVE B171 117
MOVE B180 104
MOVE B186 104
MOVE B187 104
MOVE B191 104
MOVE B192 104
MOVE B193 104
MOVE B194 104
MOVE B195 166
MOVE B205 193
MOVE B206 193
MOVE B212 83
MOVE B213 117
MOVE B214 117
MOVE B215 117
MOVE B216 117
MOVE B217 117
MOVE B218 117
MOVE B219 125
MOVE B221 205
MOVE B222 205
DAMAGE TURRET B220 1
DAMAGE COMBAT A106 1
DAMAGE COMBAT A198 1
DAMAGE COMBAT B50 1
END TURN 283
TURN 284
COMMAND LEFT START
MOVE A195 7
MOVE A196 7
MOVE A199 7
MOVE A200 7
COMMAND LEFT END
COMMAND RIGHT START
TRAIN 1
COMMAND RIGHT END
TURN 284 RESULT
TIME LEFT 22 5 RIGHT 0 5
TRAIN B226
MOVE A146 125
MOVE A147 47
MOVE A152 125
MOVE A153 125
MOVE A154 125
MOVE A156 125
MOVE A157 125
MOVE A159 125
MOVE A164 125
MOVE A165 125
MOVE A166 125
MOVE A167 125
MOVE A170 125
MOVE A171 125
MOVE A172 125
MOVE A173 125
MOVE A174 125
MOVE A175 125
MOVE A177 125
MOVE A183 125
MOVE A185 50
MOVE A187 35
MOVE A191 50
MOVE A192 125
MOVE A193 125
MOVE A194 50
MOVE A195 50
MOVE A196 50
MOVE A197 153
MOVE A199 50
MOVE A200 50
MOVE A201 87
MOVE A202 55
MOVE A203 35
MOVE A204 35
MOVE B34 175
MOVE B51 143
MOVE B129 185
MOVE B133 125
MOVE B150 125
MOVE B171 125
MOVE B205 175
MOVE B206 175
MOVE B212 64
MOVE B213 104
MOVE B214 104
MOVE B215 104
MOVE B216 104
MOVE B217 104
MOVE B218 104
MOVE B219 117
MOVE B221 193
MOVE B222 193
DAMAGE COMBAT A146 3
DAMAGE COMBAT A198 1
DAMAGE COMBAT B50 1
DAMAGE COMBAT B133 6
DAMAGE COMBAT B150 6
DAMAGE COMBAT B171 6
END TURN 284
TURN 285
COMMAND LEFT START
MOVE A197 55
MOVE A202 7
COMMAND LEFT END
COMMAND RIGHT START
TRAIN 1
COMMAND RIGHT END
TURN 285 RESULT
TIME LEFT 18 5 RIGHT 0 5
TRAIN B227
MOVE A146 121
MOVE A147 55
MOVE A152 121
MOVE A153 121
MOVE A154 121
MOVE A156 121
MOVE A157 121
MOVE A159 121
MOVE A164 121
MOVE A165 121
MOVE A166 121
MOVE A167 121
MOVE A170 121
MOVE A171 121
MOVE A172 121
MOVE A173 121
MOVE A174 121
MOVE A175 121
MOVE A177 121
MOVE A183 121
MOVE A185 55
MOVE A187 18
MOVE A191 55
MOVE A192 121
MOVE A193 121
MOVE A194 55
MOVE A195 35
MOVE A196 35
MOVE A197 144
MOVE A199 35
MOVE A200 35
MOVE A201 110
MOVE A202 50
MOVE A203 50
MOVE A204 50
MOVE B34 161
MOVE B51 160
MOVE B129 175
MOVE B205 161
MOVE B206 161
MOVE B212 55
MOVE B219 104
MOVE B221 175
MOVE B222 175
DAMAGE TURRET B212 2
DAMAGE COMBAT A147 1
DAMAGE COMBAT A198 1
DAMAGE COMBAT B50 1
DAMAGE COMBAT B212 4
END TURN 285
TURN 286
COMMAND LEFT START
COMMAND LEFT END
COMMAND RIGHT START
MOVE B223 118
MOVE B224 118
MOVE B225 118
MOVE B114 208
MOVE B117 208
TRAIN 1
COMMAND RIGHT END
TURN 286 RESULT
TIME LEFT 1 5 RIGHT 0 5
TRAIN B228
MOVE A146 103
MOVE A152 98
MOVE A153 98
MOVE A154 98
MOVE A156 98
MOVE A157 98
MOVE A159 98
MOVE A164 98
MOVE A165 98
MOVE A166 98
MOVE A167 98
MOVE A170 98
MOVE A171 98
MOVE A172 98
MOVE A173 98
MOVE A174 98
MOVE A175 98
MOVE A177 98
MOVE A183 98
MOVE A187 7
MOVE A192 98
MOVE A193 98
MOVE A195 18
MOVE A196 18
MOVE A197 125
MOVE A199 18
MOVE A200 18
MOVE A201 130
MOVE A202 35
MOVE A203 55
MOVE A204 55
MOVE B34 137
MOVE B51 166
MOVE B114 117
MOVE B117 117
MOVE B129 161
MOVE B205 137
MOVE B206 137
MOVE B221 161
MOVE B222 161
MOVE B223 205
MOVE B224 205
MOVE B225 205
DAMAGE COMBAT A198 1
DAMAGE COMBAT B50 1
END TURN 286
TURN 287
COMMAND LEFT START
TRAIN 1
COMMAND LEFT END
COMMAND RIGHT START
MOVE B226 118
MOVE B227 118
TRAIN 2
COMMAND RIGHT END
TURN 287 RESULT
TIME LEFT 3 5 RIGHT 0 5
TRAIN A205 B229 B230
MOVE A146 94
MOVE A152 78
MOVE A153 78
MOVE A154 78
MOVE A156 78
MOVE A157 78
MOVE A159 78
MOVE A164 78
MOVE A165 78
MOVE A166 78
MOVE A167 78
MOVE A170 78
MOVE A171 78
MOVE A172 78
MOVE A173 78
MOVE A174 78
MOVE A175 78
MOVE A177 78
MOVE A183 78
MOVE A192 78
MOVE A193 78
MOVE A195 7
MOVE A196 7
MOVE A197 121
MOVE A198 145
MOVE A199 7
MOVE A200 7
MOVE A201 145
MOVE A202 18
MOVE B34 128
MOVE B114 125
MOVE B117 125
MOVE B129 137
MOVE B205 128
MOVE B206 128
MOVE B221 137
MOVE B222 137
MOVE B223 193
MOVE B224 193
MOVE B225 193
MOVE B226 205
MOVE B227 205
END TURN 287
TURN 288
COMMAND LEFT START
MOVE A195 53
MOVE A196 53
MOVE A199 53
MOVE A200 53
MOVE A205 55
TRAIN 1
COMMAND LEFT END
COMMAND RIGHT START
TRAIN 2
COMMAND RIGHT END
TURN 288 RESULT
TIME LEFT 5 5 RIGHT 0 5
TRAIN A206 B231 B232
MOVE A146 73
MOVE A152 63
MOVE A153 63
MOVE A154 63
MOVE A156 63
MOVE A157 63
MOVE A159 63
MOVE A164 63
MOVE A165 63
MOVE A166 63
MOVE A167 63
MOVE A170 63
MOVE A171 63
MOVE A172 63
MOVE A173 63
MOVE A174 63
MOVE A175 63
MOVE A177 63
MOVE A183 63
MOVE A192 63
MOVE A193 63
MOVE A195 9
MOVE A196 9
MOVE A197 98
MOVE A198 153
MOVE A199 9
MOVE A200 9
MOVE A201 153
MOVE A202 7
MOVE A205 7
MOVE B34 118
MOVE B114 143
MOVE B117 143
MOVE B129 128
MOVE B205 118
MOVE B206 118
MOVE B221 128
MOVE B222 128
MOVE B223 175
MOVE B224 175
MOVE B225 175
MOVE B226 193
MOVE B227 193
END TURN 288
TURN 289
COMMAND LEFT START
MOVE A201 55
MOVE A202 55
MOVE A206 55
UPGRADE 153
COMMAND LEFT END
COMMAND RIGHT START
MOVE B228 206
MOVE B34 206
MOVE B205 153
MOVE B206 153
MOVE B186 153
MOVE B187 153
MOVE B191 153
TRAIN 2
COMMAND RIGHT END
TURN 289 RESULT
TIME LEFT 4 5 RIGHT 0 5
UPGRADE A 153
TRAIN B233 B234
MOVE A146 58
MOVE A152 55
MOVE A153 55
MOVE A154 55
MOVE A156 55
MOVE A157 55
MOVE A159 55
MOVE A164 55
MOVE A165 55
MOVE A166 55
MOVE A167 55
MOVE A170 55
MOVE A171 55
MOVE A172 55
MOVE A173 55
MOVE A174 55
MOVE A175 55
MOVE A177 55
MOVE A183 55
MOVE A192 55
MOVE A193 55
MOVE A195 21
MOVE A196 21
MOVE A197 78
MOVE A199 21
MOVE A200 21
MOVE A201 144
MOVE A202 18
MOVE A205 18
MOVE A206 7
MOVE B34 128
MOVE B114 160
MOVE B117 160
MOVE B129 118
MOVE B186 117
MOVE B187 117
MOVE B191 117
MOVE B205 128
MOVE B206 128
MOVE B221 118
MOVE B222 118
MOVE B223 161
MOVE B224 161
MOVE B225 161
MOVE B226 175
MOVE B227 175
MOVE B228 206
END TURN 289
TURN 290
COMMAND LEFT START
MOVE A147 153
MOVE A157 153
MOVE A159 153
MOVE A170 153
MOVE A171 153
MOVE A177 153
MOVE A183 153
MOVE A152 153
MOVE A156 153
MOVE A164 153
MOVE A167 153
MOVE A172 153
MOVE A175 153
MOVE A185 153
MOVE A153 153
MOVE A154 153
MOVE A165 153
MOVE A166 153
MOVE A173 153
MOVE A174 153
MOVE A191 153
MOVE A192 153
MOVE A193 153
MOVE A194 153
MOVE A203 153
MOVE A204 153
COMMAND LEFT END
COMMAND RIGHT START
MOVE B222 182
MOVE B221 104
MOVE B129 104
MOVE B234 104
MOVE B233 104
TRAIN 2
COMMAND RIGHT END
TURN 290 RESULT
TIME LEFT 6 5 RIGHT 0 5
TRAIN B235 B236
MOVE A146 52
MOVE A147 63
MOVE A152 63
MOVE A153 63
MOVE A154 63
MOVE A156 63
MOVE A157 63
MOVE A159 63
MOVE A164 63
MOVE A165 63
MOVE A166 63
MOVE A167 63
MOVE A170 63
MOVE A171 63
MOVE A172 63
MOVE A173 63
MOVE A174 63
MOVE A175 63
MOVE A177 63
MOVE A183 63
MOVE A185 63
MOVE A191 63
MOVE A192 63
MOVE A193 63
MOVE A194 63
MOVE A195 20
MOVE A196 20
MOVE A197 63
MOVE A199 20
MOVE A200 20
MOVE A201 125
MOVE A202 35
MOVE A203 63
MOVE A204 63
MOVE A205 35
MOVE A206 18
MOVE B34 137
MOVE B114 173
MOVE B117 173
MOVE B129 110
MOVE B186 125
MOVE B187 125
MOVE B191 125
MOVE B205 145
MOVE B206 145
MOVE B221 110
MOVE B222 128
MOVE B223 137
MOVE B224 137
MOVE B225 137
MOVE B226 161
MOVE B227 161
MOVE B233 201
MOVE B234 201
DAMAGE COMBAT A201 3
DAMAGE COMBAT B186 1
END TURN 290
TURN 291
COMMAND LEFT START
MOVE A198 55
TRAIN 2
COMMAND LEFT END
COMMAND RIGHT START
TRAIN 2
COMMAND RIGHT END
TURN 291 RESULT
TIME LEFT 10 5 RIGHT 0 5
TRAIN A207 A208 B237 B238
MOVE A146 37
MOVE A147 78
MOVE A152 78
MOVE A153 78
MOVE A154 78
MOVE A156 78
MOVE A157 78
MOVE A159 78
MOVE A164 78
MOVE A165 78
MOVE A166 78
MOVE A167 78
MOVE A170 78
MOVE A171 78
MOVE A172 78
MOVE A173 78
MOVE A174 78
MOVE A175 78
MOVE A177 78
MOVE A183 78
MOVE A185 78
MOVE A191 78
MOVE A192 78
MOVE A193 78
MOVE A194 78
MOVE A195 22
MOVE A196 22
MOVE A197 55
MOVE A198 144
MOVE A199 22
MOVE A200 22
MOVE A202 50
MOVE A203 78
MOVE A204 78
MOVE A205 50
MOVE A206 35
MOVE B34 161
MOVE B114 190
MOVE B117 190
MOVE B129 104
MOVE B205 153
MOVE B206 153
MOVE B221 104
MOVE B222 135
MOVE B223 128
MOVE B224 128
MOVE B225 128
MOVE B226 137
MOVE B227 137
MOVE B233 190
MOVE B234 190
DAMAGE TURRET B205 1
DAMAGE COMBAT A201 3
DAMAGE COMBAT B186 1
SIEGE A 153 2
END TURN 291
TURN 292
COMMAND LEFT START
MOVE A207 55
MOVE A208 55
TRAIN 1
COMMAND LEFT END
COMMAND RIGHT START
MOVE B238 104
MOVE B237 104
MOVE B236 104
MOVE B235 104
TRAIN 2
COMMAND RIGHT END
TURN 292 RESULT
TIME LEFT 5 5 RIGHT 0 5
TRAIN A209 B239 B240
MOVE A146 26
MOVE A147 98
MOVE A152 98
MOVE A153 98
MOVE A154 98
MOVE A156 98
MOVE A157 98
MOVE A159 98
MOVE A164 98
MOVE A165 98
MOVE A166 98
MOVE A167 98
MOVE A170 98
MOVE A171 98
MOVE A172 98
MOVE A173 98
MOVE A174 98
MOVE A175 98
MOVE A177 98
MOVE A183 98
MOVE A185 98
MOVE A191 98
MOVE A192 98
MOVE A193 98
MOVE A194 98
MOVE A195 29
MOVE A196 29
MOVE A198 125
MOVE A199 29
MOVE A200 29
MOVE A202 55
MOVE A203 98
MOVE A204 98
MOVE A205 55
MOVE A206 50
MOVE A207 7
MOVE A208 7
MOVE B34 175
MOVE B114 201
MOVE B117 201
MOVE B186 144
MOVE B187 144
MOVE B191 144
MOVE B222 150
MOVE B223 118
MOVE B224 118
MOVE B225 118
MOVE B226 128
MOVE B227 128
MOVE B233 173
MOVE B234 173
MOVE B235 201
MOVE B236 201
MOVE B237 201
MOVE B238 201
DAMAGE TURRET B205 1
SIEGE A 153 2
END TURN 292
TURN 293
COMMAND LEFT START
MOVE A197 7
MOVE A209 7
TRAIN 1
COMMAND LEFT END
COMMAND RIGHT START
MOVE B225 104
MOVE B224 104
MOVE B223 104
TRAIN 2
COMMAND RIGHT END
TURN 293 RESULT
TIME LEFT 5 5 RIGHT 0 5
TRAIN A210 B241 B242
MOVE A147 121
MOVE A152 121
MOVE A153 121
MOVE A154 121
MOVE A156 121
MOVE A157 121
MOVE A159 121
MOVE A164 121
MOVE A165 121
MOVE A166 121
MOVE A167 121
MOVE A170 121
MOVE A171 121
MOVE A172 121
MOVE A173 121
MOVE A174 121
MOVE A175 121
MOVE A177 121
MOVE A183 121
MOVE A185 121
MOVE A191 121
MOVE A192 121
MOVE A193 121
MOVE A194 121
MOVE A195 39
MOVE A196 39
MOVE A197 50
MOVE A198 121
MOVE A199 39
MOVE A200 39
MOVE A203 121
MOVE A204 121
MOVE A206 55
MOVE A207 18
MOVE A208 18
MOVE A209 7
MOVE B34 185
MOVE B114 208
MOVE B117 208
MOVE B186 153
MOVE B187 153
MOVE B191 153
MOVE B222 156
MOVE B223 110
MOVE B224 110
MOVE B225 110
MOVE B226 118
MOVE B227 118
MOVE B233 160
MOVE B234 160
MOVE B235 190
MOVE B236 190
MOVE B237 190
MOVE B238 190
DAMAGE TURRET B186 1
SIEGE A 153 2
END TURN 293
TURN 294
COMMAND LEFT START
MOVE A209 55
MOVE A210 55
COMMAND LEFT END
COMMAND RIGHT START
MOVE B186 104
MOVE B187 104
MOVE B191 104
MOVE B205 104
MOVE B221 55
MOVE B227 104
MOVE B226 104
MOVE B242 104
MOVE B241 104
MOVE B240 104
MOVE B239 104
MOVE B232 104
MOVE B231 104
UPGRADE 153
TRAIN 2
COMMAND RIGHT END
TURN 294 RESULT
TIME LEFT 2 5 RIGHT 0 5
UPGRADE B 153
TRAIN B243 B244
MOVE A147 125
MOVE A152 125
MOVE A153 125
MOVE A154 125
MOVE A156 125
MOVE A157 125
MOVE A159 125
MOVE A164 125
MOVE A165 125
MOVE A166 125
MOVE A167 125
MOVE A170 125
MOVE A171 125
MOVE A172 125
MOVE A173 125
MOVE A174 125
MOVE A175 125
MOVE A177 125
MOVE A183 125
MOVE A185 125
MOVE A191 125
MOVE A192 125
MOVE A193 125
MOVE A194 125
MOVE A195 53
MOVE A196 53
MOVE A197 35
MOVE A198 98
MOVE A199 53
MOVE A200 53
MOVE A203 125
MOVE A204 125
MOVE A207 35
MOVE A208 35
MOVE A209 18
MOVE A210 7
MOVE B34 194
MOVE B186 144
MOVE B187 144
MOVE B191 144
MOVE B205 144
MOVE B221 91
MOVE B222 171
MOVE B223 104
MOVE B224 104
MOVE B225 104
MOVE B226 110
MOVE B227 110
MOVE B231 201
MOVE B232 201
MOVE B233 143
MOVE B234 143
MOVE B235 173
MOVE B236 173
MOVE B237 173
MOVE B238 173
MOVE B239 201
MOVE B240 201
MOVE B241 201
MOVE B242 201
END TURN 294
TURN 295
COMMAND LEFT START
MOVE A195 55
MOVE A196 55
MOVE A199 55
MOVE A200 55
TRAIN 2
COMMAND LEFT END
COMMAND RIGHT START
UPGRADE 153
COMMAND RIGHT END
TURN 295 RESULT
TIME LEFT 3 5 RIGHT 0 5
UPGRADE B 153
TRAIN A211 A212
MOVE A147 144
MOVE A152 144
MOVE A153 144
MOVE A154 144
MOVE A156 144
MOVE A157 144
MOVE A159 144
MOVE A164 144
MOVE A165 144
MOVE A166 144
MOVE A167 144
MOVE A170 144
MOVE A171 144
MOVE A172 144
MOVE A173 144
MOVE A174 144
MOVE A175 144
MOVE A177 144
MOVE A183 144
MOVE A185 144
MOVE A191 144
MOVE A192 144
MOVE A193 144
MOVE A194 144
MOVE A195 49
MOVE A196 49
MOVE A197 18
MOVE A198 78
MOVE A199 49
MOVE A200 49
MOVE A203 144
MOVE A204 144
MOVE A207 50
MOVE A208 50
MOVE A209 35
MOVE A210 18
MOVE B34 206
MOVE B186 125
MOVE B187 125
MOVE B191 125
MOVE B205 125
MOVE B221 83
MOVE B222 182
MOVE B226 104
MOVE B227 104
MOVE B231 190
MOVE B232 190
MOVE B233 125
MOVE B234 125
MOVE B235 160
MOVE B236 160
MOVE B237 160
MOVE B238 160
MOVE B239 190
MOVE B240 190
MOVE B241 190
MOVE B242 190
DAMAGE TURRET B222 2
DAMAGE COMBAT A106 1
DAMAGE COMBAT B222 3
END TURN 295
TURN 296
COMMAND LEFT START
MOVE A202 182
MOVE A211 55
MOVE A212 55
COMMAND LEFT END
COMMAND RIGHT START
MOVE B114 153
UPGRADE 153
COMMAND RIGHT END
TURN 296 RESULT
TIME LEFT 22 5 RIGHT 0 5
UPGRADE B 153
MOVE A147 153
MOVE A152 153
MOVE A153 153
MOVE A154 153
MOVE A156 153
MOVE A157 153
MOVE A159 153
MOVE A164 153
MOVE A165 153
MOVE A166 153
MOVE A167 153
MOVE A170 153
MOVE A171 153
MOVE A172 153
MOVE A173 153
MOVE A174 153
MOVE A175 153
MOVE A177 153
MOVE A183 153
MOVE A185 153
MOVE A191 153
MOVE A192 153
MOVE A193 153
MOVE A194 153
MOVE A195 44
MOVE A196 44
MOVE A197 7
MOVE A198 63
MOVE A199 44
MOVE A200 44
MOVE A202 64
MOVE A203 153
MOVE A204 153
MOVE A207 55
MOVE A208 55
MOVE A209 50
MOVE A210 35
MOVE A211 7
MOVE A212 7
MOVE B114 201
MOVE B186 117
MOVE B187 117
MOVE B191 117
MOVE B205 117
MOVE B221 64
MOVE B231 173
MOVE B232 173
MOVE B233 117
MOVE B234 117
MOVE B235 143
MOVE B236 143
MOVE B237 143
MOVE B238 143
MOVE B239 173
MOVE B240 173
MOVE B241 173
MOVE B242 173
DAMAGE TURRET A147 2
DAMAGE TURRET B222 1
DAMAGE COMBAT A144 1
DAMAGE COMBAT A147 1
DAMAGE COMBAT A202 1
DAMAGE COMBAT B206 6
DAMAGE COMBAT B221 1
SIEGE B 153 18
END TURN 296
TURN 297
COMMAND LEFT START
MOVE A147 55
MOVE A152 55
MOVE A153 55
MOVE A154 55
MOVE A156 55
MOVE A157 55
MOVE A159 55
MOVE A164 55
MOVE A165 55
MOVE A166 55
MOVE A167 55
MOVE A170 55
MOVE A171 55
MOVE A172 55
MOVE A173 55
MOVE A174 55
MOVE A175 55
MOVE A177 55
MOVE A183 55
MOVE A185 55
MOVE A191 55
MOVE A192 55
MOVE A193 55
MOVE A194 55
MOVE A197 55
MOVE A203 55
MOVE A204 55
COMMAND LEFT END
COMMAND RIGHT START
TRAIN 2
COMMAND RIGHT END
TURN 297 RESULT
TIME LEFT 0 5 RIGHT 0 5
TRAIN B245 B246
MOVE A147 144
MOVE A152 144
MOVE A153 144
MOVE A154 144
MOVE A156 144
MOVE A157 144
MOVE A159 144
MOVE A164 144
MOVE A165 144
MOVE A166 144
MOVE A167 144
MOVE A170 144
MOVE A171 144
MOVE A172 144
MOVE A173 144
MOVE A174 144
MOVE A175 144
MOVE A177 144
MOVE A183 144
MOVE A185 144
MOVE A191 144
MOVE A192 144
MOVE A193 144
MOVE A194 144
MOVE A195 38
MOVE A196 38
MOVE A197 18
MOVE A198 55
MOVE A199 38
MOVE A200 38
MOVE A203 144
MOVE A204 144
MOVE A209 55
MOVE A210 50
MOVE A211 18
MOVE A212 18
MOVE B114 190
MOVE B186 104
MOVE B187 104
MOVE B191 104
MOVE B205 104
MOVE B231 160
MOVE B232 160
MOVE B233 104
MOVE B234 104
MOVE B235 125
MOVE B236 125
MOVE B237 125
MOVE B238 125
MOVE B239 160
MOVE B240 160
MOVE B241 160
MOVE B242 160
DAMAGE COMBAT A202 1
DAMAGE COMBAT B221 1
END TURN 297
TURN 298
COMMAND LEFT START
TRAIN 2
COMMAND LEFT END
COMMAND RIGHT START
TRAIN 2
COMMAND RIGHT END
TURN 298 RESULT
TIME LEFT 1 5 RIGHT 2 5
TRAIN A213 A214 B247 B248
MOVE A147 125
MOVE A152 125
MOVE A153 125
MOVE A154 125
MOVE A156 125
MOVE A157 125
MOVE A159 125
MOVE A164 125
MOVE A165 125
MOVE A166 125
MOVE A167 125
MOVE A170 125
MOVE A171 125
MOVE A172 125
MOVE A173 125
MOVE A174 125
MOVE A175 125
MOVE A177 125
MOVE A183 125
MOVE A185 125
MOVE A191 125
MOVE A192 125
MOVE A193 125
MOVE A194 125
MOVE A195 54
MOVE A196 54
MOVE A197 35
MOVE A199 54
MOVE A200 54
MOVE A203 125
MOVE A204 125
MOVE A210 55
MOVE A211 35
MOVE A212 35
MOVE B114 173
MOVE B231 143
MOVE B232 143
MOVE B235 117
MOVE B236 117
MOVE B237 117
MOVE B238 117
MOVE B239 143
MOVE B240 143
MOVE B241 143
MOVE B242 143
DAMAGE COMBAT A202 1
DAMAGE COMBAT B221 1
END TURN 298
TURN 299
COMMAND LEFT START
MOVE A213 55
MOVE A214 55
COMMAND LEFT END
COMMAND RIGHT START
MOVE B118 42
MOVE B129 42
MOVE B170 42
MOVE B180 42
MOVE B186 42
TRAIN 2
COMMAND RIGHT END
TURN 299 RESULT
TIME LEFT 0 5 RIGHT 0 5
TRAIN B249 B250
MOVE A147 121
MOVE A152 121
MOVE A153 121
MOVE A154 121
MOVE A156 121
MOVE A157 121
MOVE A159 121
MOVE A164 121
MOVE A165 121
MOVE A166 121
MOVE A167 121
MOVE A170 121
MOVE A171 121
MOVE A172 121
MOVE A173 121
MOVE A174 121
MOVE A175 121
MOVE A177 121
MOVE A183 121
MOVE A185 121
MOVE A191 121
MOVE A192 121
MOVE A193 121
MOVE A194 121
MOVE A195 48
MOVE A196 48
MOVE A197 50
MOVE A199 48
MOVE A200 48
MOVE A203 121
MOVE A204 121
MOVE A211 50
MOVE A212 50
MOVE A213 7
MOVE A214 7
MOVE B114 158
MOVE B118 91
MOVE B129 91
MOVE B170 91
MOVE B180 91
MOVE B186 91
MOVE B231 125
MOVE B232 125
MOVE B235 104
MOVE B236 104
MOVE B237 104
MOVE B238 104
MOVE B239 125
MOVE B240 125
MOVE B241 125
MOVE B242 125
DAMAGE COMBAT A202 1
DAMAGE COMBAT B221 1
END TURN 299
TURN 300
COMMAND LEFT START
TRAIN 1
COMMAND LEFT END
COMMAND RIGHT START
MOVE B250 104
MOVE B249 104
MOVE B248 104
MOVE B247 104
MOVE B246 104
MOVE B245 104
MOVE B244 104
TRAIN 2
COMMAND RIGHT END
TURN 300 RESULT
TIME LEFT 0 5 RIGHT 0 5
TRAIN A215 B251 B252
MOVE A147 98
MOVE A152 98
MOVE A153 98
MOVE A154 98
MOVE A156 98
MOVE A157 98
MOVE A159 98
MOVE A164 98
MOVE A165 98
MOVE A166 98
MOVE A167 98
MOVE A170 98
MOVE A171 98
MOVE A172 98
MOVE A173 98
MOVE A174 98
MOVE A175 98
MOVE A177 98
MOVE A183 98
MOVE A185 98
MOVE A191 98
MOVE A192 98
MOVE A193 98
MOVE A194 98
MOVE A195 50
MOVE A196 50
MOVE A197 55
MOVE A199 50
MOVE A200 50
MOVE A203 98
MOVE A204 98
MOVE A211 55
MOVE A212 55
MOVE A213 18
MOVE A214 18
MOVE B114 153
MOVE B118 83
MOVE B129 83
MOVE B170 83
MOVE B180 83
MOVE B186 83
MOVE B231 117
MOVE B232 117
MOVE B239 117
MOVE B240 117
MOVE B241 117
MOVE B242 117
MOVE B244 201
MOVE B245 201
MOVE B246 201
MOVE B247 201
MOVE B248 201
MOVE B249 201
MOVE B250 201
DAMAGE COMBAT A202 1
DAMAGE COMBAT B221 1
END TURN 300
TURN 301
COMMAND LEFT START
MOVE A215 55
TRAIN 1
COMMAND LEFT END
COMMAND RIGHT START
MOVE B252 182
MOVE B251 104
UPGRADE 153
COMMAND RIGHT END
TURN 301 RESULT
TIME LEFT 0 5 RIGHT 1 5
UPGRADE B 153
TRAIN A216
MOVE A147 78
MOVE A152 78
MOVE A153 78
MOVE A154 78
MOVE A156 78
MOVE A157 78
MOVE A159 78
MOVE A164 78
MOVE A165 78
MOVE A166 78
MOVE A167 78
MOVE A170 78
MOVE A171 78
MOVE A172 78
MOVE A173 78
MOVE A174 78
MOVE A175 78
MOVE A177 78
MOVE A183 78
MOVE A185 78
MOVE A191 78
MOVE A192 78
MOVE A193 78
MOVE A194 78
MOVE A195 55
MOVE A196 55
MOVE A199 55
MOVE A200 55
MOVE A203 78
MOVE A204 78
MOVE A213 35
MOVE A214 35
MOVE A215 7
MOVE B118 65
MOVE B129 65
MOVE B170 65
MOVE B180 65
MOVE B186 65
MOVE B231 104
MOVE B232 104
MOVE B239 104
MOVE B240 104
MOVE B241 104
MOVE B242 104
MOVE B244 190
MOVE B245 190
MOVE B246 190
MOVE B247 190
MOVE B248 190
MOVE B249 190
MOVE B250 190
MOVE B251 201
MOVE B252 205
DAMAGE COMBAT A202 1
DAMAGE COMBAT B221 1
END TURN 301
TURN 302
COMMAND LEFT START
MOVE A195 7
MOVE A196 7
MOVE A197 7
MOVE A198 7
MOVE A199 7
MOVE A200 7
MOVE A205 7
MOVE A206 7
MOVE A216 7
MOVE A207 182
COMMAND LEFT END
COMMAND RIGHT START
UPGRADE 153
COMMAND RIGHT END
TURN 302 RESULT
TIME LEFT 0 5 RIGHT 0 5
UPGRADE B 153
MOVE A147 63
MOVE A152 63
MOVE A153 63
MOVE A154 63
MOVE A156 63
MOVE A157 63
MOVE A159 63
MOVE A164 63
MOVE A165 63
MOVE A166 63
MOVE A167 63
MOVE A170 63
MOVE A171 63
MOVE A172 63
MOVE A173 63
MOVE A174 63
MOVE A175 63
MOVE A177 63
MOVE A183 63
MOVE A185 63
MOVE A191 63
MOVE A192 63
MOVE A193 63
MOVE A194 63
MOVE A195 50
MOVE A196 50
MOVE A197 50
MOVE A198 50
MOVE A199 50
MOVE A200 50
MOVE A203 63
MOVE A204 63
MOVE A205 50
MOVE A206 50
MOVE A207 64
MOVE A213 50
MOVE A214 50
MOVE A215 18
MOVE A216 7
MOVE B118 48
MOVE B129 48
MOVE B170 48
MOVE B180 48
MOVE B186 48
MOVE B244 173
MOVE B245 173
MOVE B246 173
MOVE B247 173
MOVE B248 173
MOVE B249 173
MOVE B250 173
MOVE B251 190
MOVE B252 194
END TURN 302
TURN 303
COMMAND LEFT START
TRAIN 1
COMMAND LEFT END
COMMAND RIGHT START
MOVE B187 153
UPGRADE 153
COMMAND RIGHT END
TURN 303 RESULT
TIME LEFT 0 5 RIGHT 0 5
UPGRADE B 153
TRAIN A217
MOVE A147 55
MOVE A152 55
MOVE A153 55
MOVE A154 55
MOVE A156 55
MOVE A157 55
MOVE A159 55
MOVE A164 55
MOVE A165 55
MOVE A166 55
MOVE A167 55
MOVE A170 55
MOVE A171 55
MOVE A172 55
MOVE A173 55
MOVE A174 55
MOVE A175 55
MOVE A177 55
MOVE A183 55
MOVE A185 55
MOVE A191 55
MOVE A192 55
MOVE A193 55
MOVE A194 55
MOVE A195 35
MOVE A196 35
MOVE A197 35
MOVE A198 35
MOVE A199 35
MOVE A200 35
MOVE A203 55
MOVE A204 55
MOVE A205 35
MOVE A206 35
MOVE A207 83
MOVE A213 55
MOVE A214 55
MOVE A215 35
MOVE B118 42
MOVE B129 42
MOVE B170 42
MOVE B180 42
MOVE B186 42
MOVE B187 117
MOVE B244 160
MOVE B245 160
MOVE B246 160
MOVE B247 160
MOVE B248 160
MOVE B249 160
MOVE B250 160
MOVE B251 173
MOVE B252 198
END TURN 303
TURN 304
COMMAND LEFT START
MOVE A216 55
MOVE A217 55
TRAIN 1
COMMAND LEFT END
COMMAND RIGHT START
MOVE B191 153
MOVE B186 55
COMMAND RIGHT END
TURN 304 RESULT
TIME LEFT 2 5 RIGHT 0 5
TRAIN A218
MOVE A195 18
MOVE A196 18
MOVE A197 18
MOVE A198 18
MOVE A199 18
MOVE A200 18
MOVE A205 18
MOVE A206 18
MOVE A207 87
MOVE A215 50
MOVE A216 18
MOVE A217 7
MOVE B186 48
MOVE B187 125
MOVE B191 117
MOVE B244 143
MOVE B245 143
MOVE B246 143
MOVE B247 143
MOVE B248 143
MOVE B249 143
MOVE B250 143
MOVE B251 160
MOVE B252 192
END TURN 304
TURN 305
COMMAND LEFT START
MOVE A218 55
COMMAND LEFT END
COMMAND RIGHT START
MOVE B180 53
MOVE B170 104
MOVE B129 104
MOVE B118 104
COMMAND RIGHT END
TURN 305 RESULT
TIME LEFT 2 5 RIGHT 0 5
MOVE A195 7
MOVE A196 7
MOVE A197 7
MOVE A198 7
MOVE A199 7
MOVE A200 7
MOVE A205 7
MOVE A206 7
MOVE A207 105
MOVE A215 55
MOVE A216 35
MOVE A217 18
MOVE A218 7
MOVE B118 48
MOVE B129 48
MOVE B170 48
MOVE B180 36
MOVE B186 50
MOVE B187 144
MOVE B191 125
MOVE B244 125
MOVE B245 125
MOVE B246 125
MOVE B247 125
MOVE B248 125
MOVE B249 125
MOVE B250 125
MOVE B251 143
MOVE B252 182
DAMAGE TURRET B252 2
DAMAGE COMBAT A144 1
DAMAGE COMBAT B252 2
END TURN 305
TURN 306
COMMAND LEFT START
MOVE A147 182
MOVE A195 55
MOVE A196 55
MOVE A197 55
MOVE A198 55
MOVE A199 55
MOVE A200 55
MOVE A205 55
MOVE A206 55
TRAIN 1
COMMAND LEFT END
COMMAND RIGHT START
MOVE B192 118
MOVE B193 118
MOVE B194 118
TRAIN 2
COMMAND RIGHT END
TURN 306 RESULT
TIME LEFT 15 5 RIGHT 0 5
TRAIN A219 B253 B254
MOVE A147 64
MOVE A195 18
MOVE A196 18
MOVE A197 18
MOVE A198 18
MOVE A199 18
MOVE A200 18
MOVE A205 18
MOVE A206 18
MOVE A207 114
MOVE A216 50
MOVE A217 35
MOVE A218 18
MOVE B118 65
MOVE B129 65
MOVE B170 65
MOVE B180 38
MOVE B186 55
MOVE B187 153
MOVE B191 144
MOVE B192 110
MOVE B193 110
MOVE B194 110
MOVE B244 117
MOVE B245 117
MOVE B246 117
MOVE B247 117
MOVE B248 117
MOVE B249 117
MOVE B250 117
MOVE B251 125
DAMAGE TURRET B186 2
DAMAGE TURRET B252 2
DAMAGE COMBAT A144 1
DAMAGE COMBAT A149 1
DAMAGE COMBAT B186 1
DAMAGE COMBAT B252 1
END TURN 306
TURN 307
COMMAND LEFT START
MOVE A219 55
TRAIN 1
COMMAND LEFT END
COMMAND RIGHT START
MOVE B198 118
MOVE B199 118
MOVE B201 118
MOVE B242 29
MOVE B241 29
MOVE B240 29
MOVE B239 29
MOVE B238 29
MOVE B237 29
MOVE B236 29
MOVE B235 29
MOVE B234 29
MOVE B233 29
MOVE B232 29
MOVE B231 29
MOVE B227 29
MOVE B226 29
MOVE B225 29
MOVE B224 29
MOVE B223 29
MOVE B219 29
MOVE B218 29
MOVE B217 29
MOVE B216 29
MOVE B215 29
MOVE B214 29
MOVE B213 29
MOVE B211 29
MOVE B210 29
MOVE B209 29
MOVE B208 29
COMMAND RIGHT END
TURN 307 RESULT
TIME LEFT 2 5 RIGHT 0 5
TRAIN A220
MOVE A147 83
MOVE A195 35
MOVE A196 35
MOVE A197 35
MOVE A198 35
MOVE A199 35
MOVE A200 35
MOVE A205 35
MOVE A206 35
MOVE A207 135
MOVE A216 55
MOVE A217 50
MOVE A218 35
MOVE A219 7
MOVE B118 83
MOVE B129 83
MOVE B170 83
MOVE B180 44
MOVE B191 153
MOVE B192 118
MOVE B193 118
MOVE B194 118
MOVE B198 110
MOVE B199 110
MOVE B201 110
MOVE B208 87
MOVE B209 87
MOVE B210 87
MOVE B211 87
MOVE B213 87
MOVE B214 87
MOVE B215 87
MOVE B216 87
MOVE B217 87
MOVE B218 87
MOVE B219 87
MOVE B223 87
MOVE B224 87
MOVE B225 87
MOVE B226 87
MOVE B227 87
MOVE B231 87
MOVE B232 87
MOVE B233 87
MOVE B234 87
MOVE B235 87
MOVE B236 87
MOVE B237 87
MOVE B238 87
MOVE B239 87
MOVE B240 87
MOVE B241 87
MOVE B242 87
MOVE B244 104
MOVE B245 104
MOVE B246 104
MOVE B247 104
MOVE B248 104
MOVE B249 104
MOVE B250 104
MOVE B251 117
DAMAGE COMBAT A147 2
DAMAGE COMBAT B118 1
END TURN 307
TURN 308
COMMAND LEFT START
MOVE A220 55
COMMAND LEFT END
COMMAND RIGHT START
MOVE B205 90
MOVE B207 90
MOVE B244 90
MOVE B245 90
MOVE B254 104
MOVE B253 104
MOVE B250 26
MOVE B194 104
MOVE B193 104
MOVE B192 104
TRAIN 2
COMMAND RIGHT END
TURN 308 RESULT
TIME LEFT 4 5 RIGHT 0 5
TRAIN B255 B256
MOVE A195 50
MOVE A196 50
MOVE A197 50
MOVE A198 50
MOVE A199 50
MOVE A200 50
MOVE A205 50
MOVE A206 50
MOVE A207 150
MOVE A217 55
MOVE A218 50
MOVE A219 18
MOVE A220 7
MOVE B118 91
MOVE B129 91
MOVE B170 91
MOVE B180 49
MOVE B192 110
MOVE B193 110
MOVE B194 110
MOVE B198 118
MOVE B199 118
MOVE B201 118
MOVE B205 98
MOVE B207 98
MOVE B208 88
MOVE B209 88
MOVE B210 88
MOVE B211 88
MOVE B213 88
MOVE B214 88
MOVE B215 88
MOVE B216 88
MOVE B217 88
MOVE B218 88
MOVE B219 88
MOVE B223 88
MOVE B224 88
MOVE B225 88
MOVE B226 88
MOVE B227 88
MOVE B231 88
MOVE B232 88
MOVE B233 88
MOVE B234 88
MOVE B235 88
MOVE B236 88
MOVE B237 88
MOVE B238 88
MOVE B239 88
MOVE B240 88
MOVE B241 88
MOVE B242 88
MOVE B244 98
MOVE B245 98
MOVE B250 98
MOVE B251 104
MOVE B253 201
MOVE B254 201
END TURN 308
TURN 309
COMMAND LEFT START
TRAIN 1
COMMAND LEFT END
COMMAND RIGHT START
MOVE B201 104
MOVE B199 104
MOVE B198 104
MOVE B256 104
MOVE B255 104
TRAIN 2
COMMAND RIGHT END
TURN 309 RESULT
TIME LEFT 1 5 RIGHT 0 5
TRAIN A221 B257 B258
MOVE A195 55
MOVE A196 55
MOVE A197 55
MOVE A198 55
MOVE A199 55
MOVE A200 55
MOVE A205 55
MOVE A206 55
MOVE A207 156
MOVE A218 55
MOVE A219 35
MOVE A220 18
MOVE B118 104
MOVE B129 104
MOVE B170 104
MOVE B180 53
MOVE B192 104
MOVE B193 104
MOVE B194 104
MOVE B198 110
MOVE B199 110
MOVE B201 110
MOVE B205 90
MOVE B207 90
MOVE B208 82
MOVE B209 82
MOVE B210 82
MOVE B211 82
MOVE B213 82
MOVE B214 82
MOVE B215 82
MOVE B216 82
MOVE B217 82
MOVE B218 82
MOVE B219 82
MOVE B223 82
MOVE B224 82
MOVE B225 82
MOVE B226 82
MOVE B227 82
MOVE B231 82
MOVE B232 82
MOVE B233 82
MOVE B234 82
MOVE B235 82
MOVE B236 82
MOVE B237 82
MOVE B238 82
MOVE B239 82
MOVE B240 82
MOVE B241 82
MOVE B242 82
MOVE B244 90
MOVE B245 90
MOVE B250 90
MOVE B253 190
MOVE B254 190
MOVE B255 201
MOVE B256 201
DAMAGE TURRET B180 1
DAMAGE COMBAT A158 1
DAMAGE COMBAT B180 1
END TURN 309
TURN 310
COMMAND LEFT START
MOVE A221 29
COMMAND LEFT END
COMMAND RIGHT START
COMMAND RIGHT END
TURN 310 RESULT
TIME LEFT 0 5 RIGHT 0 5
MOVE A207 171
MOVE A219 50
MOVE A220 35
MOVE A221 9
MOVE B198 104
MOVE B199 104
MOVE B201 104
MOVE B208 68
MOVE B209 68
MOVE B210 68
MOVE B211 68
MOVE B213 68
MOVE B214 68
MOVE B215 68
MOVE B216 68
MOVE B217 68
MOVE B218 68
MOVE B219 68
MOVE B223 68
MOVE B224 68
MOVE B225 68
MOVE B226 68
MOVE B227 68
MOVE B231 68
MOVE B232 68
MOVE B233 68
MOVE B234 68
MOVE B235 68
MOVE B236 68
MOVE B237 68
MOVE B238 68
MOVE B239 68
MOVE B240 68
MOVE B241 68
MOVE B242 68
MOVE B250 80
MOVE B253 173
MOVE B254 173
MOVE B255 190
MOVE B256 190
DAMAGE TURRET B180 1
DAMAGE COMBAT A158 1
DAMAGE COMBAT B180 1
END TURN 310
TURN 311
COMMAND LEFT START
TRAIN 1
COMMAND LEFT END
COMMAND RIGHT START
MOVE B258 104
MOVE B257 104
MOVE B245 104
MOVE B244 104
MOVE B207 104
MOVE B205 104
TRAIN 2
COMMAND RIGHT END
TURN 311 RESULT
TIME LEFT 0 5 RIGHT 0 5
TRAIN A222 B259 B260
MOVE A207 182
MOVE A219 55
MOVE A220 50
MOVE A221 21
MOVE B205 98
MOVE B207 98
MOVE B208 62
MOVE B209 62
MOVE B210 62
MOVE B211 62
MOVE B213 62
MOVE B214 62
MOVE B215 62
MOVE B216 62
MOVE B217 62
MOVE B218 62
MOVE B219 62
MOVE B223 62
MOVE B224 62
MOVE B225 62
MOVE B226 62
MOVE B227 62
MOVE B231 62
MOVE B232 62
MOVE B233 62
MOVE B234 62
MOVE B235 62
MOVE B236 62
MOVE B237 62
MOVE B238 62
MOVE B239 62
MOVE B240 62
MOVE B241 62
MOVE B242 62
MOVE B244 98
MOVE B245 98
MOVE B250 73
MOVE B253 160
MOVE B254 160
MOVE B255 173
MOVE B256 173
MOVE B257 201
MOVE B258 201
DAMAGE TURRET B180 1
DAMAGE COMBAT A158 1
DAMAGE COMBAT B180 1
END TURN 311
TURN 312
COMMAND LEFT START
MOVE A152 53
MOVE A222 29
TRAIN 1
COMMAND LEFT END
COMMAND RIGHT START
COMMAND RIGHT END
TURN 312 RESULT
TIME LEFT 3 5 RIGHT 0 5
TRAIN A223
MOVE A152 50
MOVE A220 55
MOVE A221 20
MOVE A222 9
MOVE B205 104
MOVE B207 104
MOVE B208 49
MOVE B209 49
MOVE B210 49
MOVE B211 49
MOVE B213 49
MOVE B214 49
MOVE B215 49
MOVE B216 49
MOVE B217 49
MOVE B218 49
MOVE B219 49
MOVE B223 49
MOVE B224 49
MOVE B225 49
MOVE B226 49
MOVE B227 49
MOVE B231 49
MOVE B232 49
MOVE B233 49
MOVE B234 49
MOVE B235 49
MOVE B236 49
MOVE B237 49
MOVE B238 49
MOVE B239 49
MOVE B240 49
MOVE B241 49
MOVE B242 49
MOVE B244 104
MOVE B245 104
MOVE B250 58
MOVE B253 143
MOVE B254 143
MOVE B255 160
MOVE B256 160
MOVE B257 190
MOVE B258 190
END TURN 312
TURN 313
COMMAND LEFT START
MOVE A223 29
COMMAND LEFT END
COMMAND RIGHT START
COMMAND RIGHT END
TURN 313 RESULT
TIME LEFT 1 5 RIGHT 0 5
MOVE A152 48
MOVE A221 22
MOVE A222 21
MOVE A223 9
MOVE B208 29
MOVE B209 29
MOVE B210 29
MOVE B211 29
MOVE B213 29
MOVE B214 29
MOVE B215 29
MOVE B216 29
MOVE B217 29
MOVE B218 29
MOVE B219 29
MOVE B223 29
MOVE B224 29
MOVE B225 29
MOVE B226 29
MOVE B227 29
MOVE B231 29
MOVE B232 29
MOVE B233 29
MOVE B234 29
MOVE B235 29
MOVE B236 29
MOVE B237 29
MOVE B238 29
MOVE B239 29
MOVE B240 29
MOVE B241 29
MOVE B242 29
MOVE B250 52
MOVE B253 125
MOVE B254 125
MOVE B255 143
MOVE B256 143
MOVE B257 173
MOVE B258 173
DAMAGE TURRET B208 1
DAMAGE COMBAT A8 5
DAMAGE COMBAT B208 1
SIEGE A 29 6
END TURN 313
TURN 314
COMMAND LEFT START
MOVE A153 53
MOVE A154 53
MOVE A156 53
MOVE A157 53
MOVE A159 53
MOVE A164 53
MOVE A165 53
MOVE A166 53
MOVE A167 53
MOVE A170 53
MOVE A171 53
MOVE A172 53
MOVE A173 53
MOVE A174 53
MOVE A175 53
MOVE A177 53
MOVE A183 53
MOVE A185 53
MOVE A191 53
MOVE A192 53
MOVE A193 53
MOVE A194 53
MOVE A195 53
MOVE A196 53
MOVE A197 53
MOVE A198 53
MOVE A199 53
MOVE A200 53
MOVE A203 53
MOVE A204 53
MOVE A205 53
MOVE A206 53
MOVE A208 53
MOVE A209 53
MOVE A210 53
MOVE A211 53
MOVE A212 53
MOVE A213 53
MOVE A214 53
MOVE A215 53
MOVE A216 53
MOVE A217 53
MOVE A218 53
MOVE A219 53
MOVE A220 53
TRAIN 1
COMMAND LEFT END
COMMAND RIGHT START
MOVE B208 104
MOVE B209 104
MOVE B210 104
MOVE B211 104
MOVE B213 104
MOVE B214 104
MOVE B215 104
MOVE B216 104
MOVE B217 104
MOVE B218 104
MOVE B219 104
MOVE B223 104
MOVE B224 104
MOVE B225 104
MOVE B226 104
MOVE B227 104
MOVE B231 104
MOVE B232 104
MOVE B233 104
MOVE B234 104
MOVE B235 104
MOVE B236 104
MOVE B237 104
MOVE B238 104
MOVE B239 104
MOVE B240 104
MOVE B241 104
COMMAND RIGHT END
TURN 314 RESULT
TIME LEFT 3 5 RIGHT 0 5
TRAIN A224
MOVE A152 54
MOVE A153 50
MOVE A154 50
MOVE A156 50
MOVE A157 50
MOVE A159 50
MOVE A164 50
MOVE A165 50
MOVE A166 50
MOVE A167 50
MOVE A170 50
MOVE A171 50
MOVE A172 50
MOVE A173 50
MOVE A174 50
MOVE A175 50
MOVE A177 50
MOVE A183 50
MOVE A185 50
MOVE A191 50
MOVE A192 50
MOVE A193 50
MOVE A194 50
MOVE A195 50
MOVE A196 50
MOVE A197 50
MOVE A198 50
MOVE A199 50
MOVE A200 50
MOVE A203 50
MOVE A204 50
MOVE A205 50
MOVE A206 50
MOVE A208 50
MOVE A209 50
MOVE A210 50
MOVE A211 50
MOVE A212 50
MOVE A213 50
MOVE A214 50
MOVE A215 50
MOVE A216 50
MOVE A217 50
MOVE A218 50
MOVE A219 50
MOVE A220 50
MOVE A221 29
MOVE A222 20
MOVE A223 21
MOVE B208 49
MOVE B209 49
MOVE B210 49
MOVE B211 49
MOVE B213 49
MOVE B214 49
MOVE B215 49
MOVE B216 49
MOVE B217 49
MOVE B218 49
MOVE B219 49
MOVE B223 49
MOVE B224 49
MOVE B225 49
MOVE B226 49
MOVE B227 49
MOVE B231 49
MOVE B232 49
MOVE B233 49
MOVE B234 49
MOVE B235 49
MOVE B236 49
MOVE B237 49
MOVE B238 49
MOVE B239 49
MOVE B240 49
MOVE B241 49
MOVE B250 37
MOVE B253 117
MOVE B254 117
MOVE B255 125
MOVE B256 125
MOVE B257 160
MOVE B258 160
DAMAGE COMBAT A221 1
DAMAGE COMBAT B242 1
END TURN 314
TURN 315
COMMAND LEFT START
MOVE A221 53
MOVE A224 53
COMMAND LEFT END
COMMAND RIGHT START
UPGRADE 208
COMMAND RIGHT END
TURN 315 RESULT
TIME LEFT 0 5 RIGHT 0 5
UPGRADE B 208
MOVE A152 38
MOVE A153 48
MOVE A154 48
MOVE A156 48
MOVE A157 48
MOVE A159 48
MOVE A164 48
MOVE A165 48
MOVE A166 48
MOVE A167 48
MOVE A170 48
MOVE A171 48
MOVE A172 48
MOVE A173 48
MOVE A174 48
MOVE A175 48
MOVE A177 48
MOVE A183 48
MOVE A185 48
MOVE A191 48
MOVE A192 48
MOVE A193 48
MOVE A194 48
MOVE A195 48
MOVE A196 48
MOVE A197 48
MOVE A198 48
MOVE A199 48
MOVE A200 48
MOVE A203 48
MOVE A204 48
MOVE A205 48
MOVE A206 48
MOVE A208 48
MOVE A209 48
MOVE A210 48
MOVE A211 48
MOVE A212 48
MOVE A213 48
MOVE A214 48
MOVE A215 48
MOVE A216 48
MOVE A217 48
MOVE A218 48
MOVE A219 48
MOVE A220 48
MOVE A222 22
MOVE A223 20
MOVE A224 9
MOVE B208 62
MOVE B209 62
MOVE B210 62
MOVE B211 62
MOVE B213 62
MOVE B214 62
MOVE B215 62
MOVE B216 62
MOVE B217 62
MOVE B218 62
MOVE B219 62
MOVE B223 62
MOVE B224 62
MOVE B225 62
MOVE B226 62
MOVE B227 62
MOVE B231 62
MOVE B232 62
MOVE B233 62
MOVE B234 62
MOVE B235 62
MOVE B236 62
MOVE B237 62
MOVE B238 62
MOVE B239 62
MOVE B240 62
MOVE B241 62
MOVE B250 26
MOVE B253 104
MOVE B254 104
MOVE B255 117
MOVE B256 117
MOVE B257 143
MOVE B258 143
DAMAGE TURRET B250 1
DAMAGE COMBAT A146 1
DAMAGE COMBAT A221 1
DAMAGE COMBAT B242 1
DAMAGE COMBAT B250 1
END TURN 315
TURN 316
COMMAND LEFT START
TRAIN 1
COMMAND LEFT END
COMMAND RIGHT START
MOVE B260 104
COMMAND RIGHT END
TURN 316 RESULT
TIME LEFT 0 5 RIGHT 0 5
TRAIN A225
MOVE A152 44
MOVE A153 54
MOVE A154 54
MOVE A156 54
MOVE A157 54
MOVE A159 54
MOVE A164 54
MOVE A165 54
MOVE A166 54
MOVE A167 54
MOVE A170 54
MOVE A171 54
MOVE A172 54
MOVE A173 54
MOVE A174 54
MOVE A175 54
MOVE A177 54
MOVE A183 54
MOVE A185 54
MOVE A191 54
MOVE A192 54
MOVE A193 54
MOVE A194 54
MOVE A195 54
MOVE A196 54
MOVE A197 54
MOVE A198 54
MOVE A199 54
MOVE A200 54
MOVE A203 54
MOVE A204 54
MOVE A205 54
MOVE A206 54
MOVE A208 54
MOVE A209 54
MOVE A210 54
MOVE A211 54
MOVE A212 54
MOVE A213 54
MOVE A214 54
MOVE A215 54
MOVE A216 54
MOVE A217 54
MOVE A218 54
MOVE A219 54
MOVE A220 54
MOVE A222 29
MOVE A223 22
MOVE A224 21
MOVE B208 68
MOVE B209 68
MOVE B210 68
MOVE B211 68
MOVE B213 68
MOVE B214 68
MOVE B215 68
MOVE B216 68
MOVE B217 68
MOVE B218 68
MOVE B219 68
MOVE B223 68
MOVE B224 68
MOVE B225 68
MOVE B226 68
MOVE B227 68
MOVE B231 68
MOVE B232 68
MOVE B233 68
MOVE B234 68
MOVE B235 68
MOVE B236 68
MOVE B237 68
MOVE B238 68
MOVE B239 68
MOVE B240 68
MOVE B241 68
MOVE B255 104
MOVE B256 104
MOVE B257 125
MOVE B258 125
MOVE B260 201
DAMAGE TURRET B250 1
DAMAGE COMBAT A146 1
DAMAGE COMBAT A221 1
DAMAGE COMBAT B242 2
DAMAGE COMBAT B250 1
END TURN 316
TURN 317
COMMAND LEFT START
MOVE A222 26
MOVE A225 55
COMMAND LEFT END
COMMAND RIGHT START
MOVE B250 90
TRAIN 2
COMMAND RIGHT END
TURN 317 RESULT
TIME LEFT 0 5 RIGHT 0 5
TRAIN B261 B262
MOVE A152 49
MOVE A153 38
MOVE A154 38
MOVE A156 38
MOVE A157 38
MOVE A159 38
MOVE A164 38
MOVE A165 38
MOVE A166 38
MOVE A167 38
MOVE A170 38
MOVE A171 38
MOVE A172 38
MOVE A173 38
MOVE A174 38
MOVE A175 38
MOVE A177 38
MOVE A183 38
MOVE A185 38
MOVE A191 38
MOVE A192 38
MOVE A193 38
MOVE A194 38
MOVE A195 38
MOVE A196 38
MOVE A197 38
MOVE A198 38
MOVE A199 38
MOVE A200 38
MOVE A203 38
MOVE A204 38
MOVE A205 38
MOVE A206 38
MOVE A208 38
MOVE A209 38
MOVE A210 38
MOVE A211 38
MOVE A212 38
MOVE A213 38
MOVE A214 38
MOVE A215 38
MOVE A216 38
MOVE A217 38
MOVE A218 38
MOVE A219 38
MOVE A220 38
MOVE A223 29
MOVE A224 20
MOVE A225 7
MOVE B208 82
MOVE B209 82
MOVE B210 82
MOVE B211 82
MOVE B213 82
MOVE B214 82
MOVE B215 82
MOVE B216 82
MOVE B217 82
MOVE B218 82
MOVE B219 82
MOVE B223 82
MOVE B224 82
MOVE B225 82
MOVE B226 82
MOVE B227 82
MOVE B231 82
MOVE B232 82
MOVE B233 82
MOVE B234 82
MOVE B235 82
MOVE B236 82
MOVE B237 82
MOVE B238 82
MOVE B239 82
MOVE B240 82
MOVE B241 82
MOVE B250 37
MOVE B257 117
MOVE B258 117
MOVE B260 190
DAMAGE COMBAT A221 1
DAMAGE COMBAT B242 3
END TURN 317
TURN 318
COMMAND LEFT START
COMMAND LEFT END
COMMAND RIGHT START
MOVE B256 26
MOVE B255 26
MOVE B254 26
MOVE B253 26
MOVE B251 26
MOVE B249 26
MOVE B248 26
MOVE B247 26
MOVE B246 26
MOVE B245 26
MOVE B244 26
MOVE B207 26
MOVE B205 26
MOVE B201 26
MOVE B199 26
MOVE B198 26
MOVE B194 26
MOVE B193 26
MOVE B192 26
MOVE B170 26
COMMAND RIGHT END
TURN 318 RESULT
TIME LEFT 0 5 RIGHT 0 5
MOVE A152 53
MOVE A153 44
MOVE A154 44
MOVE A156 44
MOVE A157 44
MOVE A159 44
MOVE A164 44
MOVE A165 44
MOVE A166 44
MOVE A167 44
MOVE A170 44
MOVE A171 44
MOVE A172 44
MOVE A173 44
MOVE A174 44
MOVE A175 44
MOVE A177 44
MOVE A183 44
MOVE A185 44
MOVE A191 44
MOVE A192 44
MOVE A193 44
MOVE A194 44
MOVE A195 44
MOVE A196 44
MOVE A197 44
MOVE A198 44
MOVE A199 44
MOVE A200 44
MOVE A203 44
MOVE A204 44
MOVE A205 44
MOVE A206 44
MOVE A208 44
MOVE A209 44
MOVE A210 44
MOVE A211 44
MOVE A212 44
MOVE A213 44
MOVE A214 44
MOVE A215 44
MOVE A216 44
MOVE A217 44
MOVE A218 44
MOVE A219 44
MOVE A220 44
MOVE A221 39
MOVE A222 22
MOVE A224 22
MOVE A225 18
MOVE B170 98
MOVE B192 98
MOVE B193 98
MOVE B194 98
MOVE B198 98
MOVE B199 98
MOVE B201 98
MOVE B205 98
MOVE B207 98
MOVE B208 88
MOVE B209 88
MOVE B210 88
MOVE B211 88
MOVE B213 88
MOVE B214 88
MOVE B215 88
MOVE B216 88
MOVE B217 88
MOVE B218 88
MOVE B219 88
MOVE B223 88
MOVE B224 88
MOVE B225 88
MOVE B226 88
MOVE B227 88
MOVE B231 88
MOVE B232 88
MOVE B233 88
MOVE B234 88
MOVE B235 88
MOVE B236 88
MOVE B237 88
MOVE B238 88
MOVE B239 88
MOVE B240 88
MOVE B241 88
MOVE B244 98
MOVE B245 98
MOVE B246 98
MOVE B247 98
MOVE B248 98
MOVE B249 98
MOVE B250 52
MOVE B251 98
MOVE B253 98
MOVE B254 98
MOVE B255 98
MOVE B256 98
MOVE B257 104
MOVE B258 104
MOVE B260 173
END TURN 318
TURN 319
COMMAND LEFT START
TRAIN 1
COMMAND LEFT END
COMMAND RIGHT START
MOVE B262 182
MOVE B261 104
COMMAND RIGHT END
TURN 319 RESULT
TIME LEFT 0 5 RIGHT 0 5
TRAIN A226
MOVE A153 49
MOVE A154 49
MOVE A156 49
MOVE A157 49
MOVE A159 49
MOVE A164 49
MOVE A165 49
MOVE A166 49
MOVE A167 49
MOVE A170 49
MOVE A171 49
MOVE A172 49
MOVE A173 49
MOVE A174 49
MOVE A175 49
MOVE A177 49
MOVE A183 49
MOVE A185 49
MOVE A191 49
MOVE A192 49
MOVE A193 49
MOVE A194 49
MOVE A195 49
MOVE A196 49
MOVE A197 49
MOVE A198 49
MOVE A199 49
MOVE A200 49
MOVE A203 49
MOVE A204 49
MOVE A205 49
MOVE A206 49
MOVE A208 49
MOVE A209 49
MOVE A210 49
MOVE A211 49
MOVE A212 49
MOVE A213 49
MOVE A214 49
MOVE A215 49
MOVE A216 49
MOVE A217 49
MOVE A218 49
MOVE A219 49
MOVE A220 49
MOVE A221 53
MOVE A222 20
MOVE A224 29
MOVE A225 35
MOVE B170 90
MOVE B192 90
MOVE B193 90
MOVE B194 90
MOVE B198 90
MOVE B199 90
MOVE B201 90
MOVE B205 90
MOVE B207 90
MOVE B208 87
MOVE B209 87
MOVE B210 87
MOVE B211 87
MOVE B213 87
MOVE B214 87
MOVE B215 87
MOVE B216 87
MOVE B217 87
MOVE B218 87
MOVE B219 87
MOVE B223 87
MOVE B224 87
MOVE B225 87
MOVE B226 87
MOVE B227 87
MOVE B231 87
MOVE B232 87
MOVE B233 87
MOVE B234 87
MOVE B235 87
MOVE B236 87
MOVE B237 87
MOVE B238 87
MOVE B239 87
MOVE B240 87
MOVE B241 87
MOVE B244 90
MOVE B245 90
MOVE B246 90
MOVE B247 90
MOVE B248 90
MOVE B249 90
MOVE B250 58
MOVE B251 90
MOVE B253 90
MOVE B254 90
MOVE B255 90
MOVE B256 90
MOVE B260 160
MOVE B261 201
MOVE B262 205
END TURN 319
TURN 320
COMMAND LEFT START
MOVE A221 182
MOVE A223 182
MOVE A226 182
COMMAND LEFT END
COMMAND RIGHT START
TRAIN 3
COMMAND RIGHT END
TURN 320 RESULT
TIME LEFT 1 5 RIGHT 1 5
TRAIN B263 B264 B265
MOVE A153 53
MOVE A154 53
MOVE A156 53
MOVE A157 53
MOVE A159 53
MOVE A164 53
MOVE A165 53
MOVE A166 53
MOVE A167 53
MOVE A170 53
MOVE A171 53
MOVE A172 53
MOVE A173 53
MOVE A174 53
MOVE A175 53
MOVE A177 53
MOVE A183 53
MOVE A185 53
MOVE A191 53
MOVE A192 53
MOVE A193 53
MOVE A194 53
MOVE A195 53
MOVE A196 53
MOVE A197 53
MOVE A198 53
MOVE A199 53
MOVE A200 53
MOVE A203 53
MOVE A204 53
MOVE A205 53
MOVE A206 53
MOVE A208 53
MOVE A209 53
MOVE A210 53
MOVE A211 53
MOVE A212 53
MOVE A213 53
MOVE A214 53
MOVE A215 53
MOVE A216 53
MOVE A217 53
MOVE A218 53
MOVE A219 53
MOVE A220 53
MOVE A221 69
MOVE A222 21
MOVE A223 39
MOVE A224 39
MOVE A225 50
MOVE A226 9
MOVE B170 80
MOVE B192 80
MOVE B193 80
MOVE B194 80
MOVE B198 80
MOVE B199 80
MOVE B201 80
MOVE B205 80
MOVE B207 80
MOVE B208 104
MOVE B209 104
MOVE B210 104
MOVE B211 104
MOVE B213 104
MOVE B214 104
MOVE B215 104
MOVE B216 104
MOVE B217 104
MOVE B218 104
MOVE B219 104
MOVE B223 104
MOVE B224 104
MOVE B225 104
MOVE B226 104
MOVE B227 104
MOVE B231 104
MOVE B232 104
MOVE B233 104
MOVE B234 104
MOVE B235 104
MOVE B236 104
MOVE B237 104
MOVE B238 104
MOVE B239 104
MOVE B240 104
MOVE B241 104
MOVE B244 80
MOVE B245 80
MOVE B246 80
MOVE B247 80
MOVE B248 80
MOVE B249 80
MOVE B250 73
MOVE B251 80
MOVE B253 80
MOVE B254 80
MOVE B255 80
MOVE B256 80
MOVE B260 143
MOVE B261 190
MOVE B262 194
END TURN 320
TURN 321
COMMAND LEFT START
MOVE A153 55
MOVE A154 55
MOVE A156 55
MOVE A157 55
MOVE A159 55
MOVE A164 55
MOVE A165 55
MOVE A166 55
MOVE A167 55
MOVE A170 55
MOVE A171 55
MOVE A172 55
MOVE A173 55
MOVE A174 55
MOVE A175 55
MOVE A177 55
MOVE A183 55
MOVE A185 55
MOVE A191 55
MOVE A192 55
MOVE A193 55
MOVE A194 55
MOVE A195 55
MOVE A196 55
MOVE A197 55
MOVE A198 55
MOVE A199 55
MOVE A200 55
MOVE A203 55
MOVE A204 55
MOVE A205 55
MOVE A206 55
MOVE A208 55
MOVE A209 55
MOVE A210 55
MOVE A211 55
MOVE A212 55
MOVE A213 55
MOVE A214 55
MOVE A215 55
MOVE A216 55
MOVE A217 55
MOVE A218 55
MOVE A219 55
MOVE A220 55
TRAIN 1
COMMAND LEFT END
COMMAND RIGHT START
MOVE B258 55
MOVE B257 55
MOVE B241 55
MOVE B240 55
MOVE B239 55
MOVE B238 55
MOVE B237 55
MOVE B236 55
MOVE B235 55
MOVE B234 55
MOVE B233 55
MOVE B232 55
MOVE B231 55
MOVE B227 55
MOVE B226 55
MOVE B225 55
MOVE B224 55
MOVE B223 55
MOVE B219 55
MOVE B218 55
MOVE B217 55
MOVE B216 55
MOVE B215 55
MOVE B214 55
MOVE B213 55
MOVE B211 55
MOVE B210 55
MOVE B209 55
MOVE B208 55
COMMAND RIGHT END
TURN 321 RESULT
TIME LEFT 3 5 RIGHT 0 5
TRAIN A227
MOVE A153 49
MOVE A154 49
MOVE A156 49
MOVE A157 49
MOVE A159 49
MOVE A164 49
MOVE A165 49
MOVE A166 49
MOVE A167 49
MOVE A170 49
MOVE A171 49
MOVE A172 49
MOVE A173 49
MOVE A174 49
MOVE A175 49
MOVE A177 49
MOVE A183 49
MOVE A185 49
MOVE A191 49
MOVE A192 49
MOVE A193 49
MOVE A194 49
MOVE A195 49
MOVE A196 49
MOVE A197 49
MOVE A198 49
MOVE A199 49
MOVE A200 49
MOVE A203 49
MOVE A204 49
MOVE A205 49
MOVE A206 49
MOVE A208 49
MOVE A209 49
MOVE A210 49
MOVE A211 49
MOVE A212 49
MOVE A213 49
MOVE A214 49
MOVE A215 49
MOVE A216 49
MOVE A217 49
MOVE A218 49
MOVE A219 49
MOVE A220 49
MOVE A221 79
MOVE A222 18
MOVE A223 53
MOVE A224 53
MOVE A225 55
MOVE A226 21
MOVE B170 73
MOVE B192 73
MOVE B193 73
MOVE B194 73
MOVE B198 73
MOVE B199 73
MOVE B201 73
MOVE B205 73
MOVE B207 73
MOVE B208 91
MOVE B209 91
MOVE B210 91
MOVE B211 91
MOVE B213 91
MOVE B214 91
MOVE B215 91
MOVE B216 91
MOVE B217 91
MOVE B218 91
MOVE B219 91
MOVE B223 91
MOVE B224 91
MOVE B225 91
MOVE B226 91
MOVE B227 91
MOVE B231 91
MOVE B232 91
MOVE B233 91
MOVE B234 91
MOVE B235 91
MOVE B236 91
MOVE B237 91
MOVE B238 91
MOVE B239 91
MOVE B240 91
MOVE B241 91
MOVE B244 73
MOVE B245 73
MOVE B246 73
MOVE B247 73
MOVE B248 73
MOVE B249 73
MOVE B250 80
MOVE B251 73
MOVE B253 73
MOVE B254 73
MOVE B255 73
MOVE B256 73
MOVE B257 91
MOVE B258 91
MOVE B260 125
MOVE B261 173
MOVE B262 198
END TURN 321
TURN 322
COMMAND LEFT START
MOVE A224 55
MOVE A227 55
COMMAND LEFT END
COMMAND RIGHT START
MOVE B265 104
MOVE B264 104
MOVE B263 104
TRAIN 3
COMMAND RIGHT END
TURN 322 RESULT
TIME LEFT 0 5 RIGHT 0 5
TRAIN B266 B267 B268
MOVE A153 44
MOVE A154 44
MOVE A156 44
MOVE A157 44
MOVE A159 44
MOVE A164 44
MOVE A165 44
MOVE A166 44
MOVE A167 44
MOVE A170 44
MOVE A171 44
MOVE A172 44
MOVE A173 44
MOVE A174 44
MOVE A175 44
MOVE A177 44
MOVE A183 44
MOVE A185 44
MOVE A191 44
MOVE A192 44
MOVE A193 44
MOVE A194 44
MOVE A195 44
MOVE A196 44
MOVE A197 44
MOVE A198 44
MOVE A199 44
MOVE A200 44
MOVE A203 44
MOVE A204 44
MOVE A205 44
MOVE A206 44
MOVE A208 44
MOVE A209 44
MOVE A210 44
MOVE A211 44
MOVE A212 44
MOVE A213 44
MOVE A214 44
MOVE A215 44
MOVE A216 44
MOVE A217 44
MOVE A218 44
MOVE A219 44
MOVE A220 44
MOVE A221 100
MOVE A222 25
MOVE A223 69
MOVE A224 49
MOVE A226 36
MOVE A227 7
MOVE B170 58
MOVE B192 58
MOVE B193 58
MOVE B194 58
MOVE B198 58
MOVE B199 58
MOVE B201 58
MOVE B205 58
MOVE B207 58
MOVE B208 83
MOVE B209 83
MOVE B210 83
MOVE B211 83
MOVE B213 83
MOVE B214 83
MOVE B215 83
MOVE B216 83
MOVE B217 83
MOVE B218 83
MOVE B219 83
MOVE B223 83
MOVE B224 83
MOVE B225 83
MOVE B226 83
MOVE B227 83
MOVE B231 83
MOVE B232 83
MOVE B233 83
MOVE B234 83
MOVE B235 83
MOVE B236 83
MOVE B237 83
MOVE B238 83
MOVE B239 83
MOVE B240 83
MOVE B241 83
MOVE B244 58
MOVE B245 58
MOVE B246 58
MOVE B247 58
MOVE B248 58
MOVE B249 58
MOVE B250 90
MOVE B251 58
MOVE B253 58
MOVE B254 58
MOVE B255 58
MOVE B256 58
MOVE B257 83
MOVE B258 83
MOVE B260 117
MOVE B261 160
MOVE B262 192
MOVE B263 201
MOVE B264 201
MOVE B265 201
END TURN 322
TURN 323
COMMAND LEFT START
TRAIN 1
COMMAND LEFT END
COMMAND RIGHT START
MOVE B268 104
MOVE B267 104
MOVE B266 104
MOVE B250 104
TRAIN 3
COMMAND RIGHT END
TURN 323 RESULT
TIME LEFT 1 5 RIGHT 0 5
TRAIN A228 B269 B270 B271
MOVE A153 38
MOVE A154 38
MOVE A156 38
MOVE A157 38
MOVE A159 38
MOVE A164 38
MOVE A165 38
MOVE A166 38
MOVE A167 38
MOVE A170 38
MOVE A171 38
MOVE A172 38
MOVE A173 38
MOVE A174 38
MOVE A175 38
MOVE A177 38
MOVE A183 38
MOVE A185 38
MOVE A191 38
MOVE A192 38
MOVE A193 38
MOVE A194 38
MOVE A195 38
MOVE A196 38
MOVE A197 38
MOVE A198 38
MOVE A199 38
MOVE A200 38
MOVE A203 38
MOVE A204 38
MOVE A205 38
MOVE A206 38
MOVE A208 38
MOVE A209 38
MOVE A210 38
MOVE A211 38
MOVE A212 38
MOVE A213 38
MOVE A214 38
MOVE A215 38
MOVE A216 38
MOVE A217 38
MOVE A218 38
MOVE A219 38
MOVE A220 38
MOVE A221 113
MOVE A222 33
MOVE A223 79
MOVE A224 44
MOVE A226 54
MOVE A227 18
MOVE B170 52
MOVE B192 52
MOVE B193 52
MOVE B194 52
MOVE B198 52
MOVE B199 52
MOVE B201 52
MOVE B205 52
MOVE B207 52
MOVE B208 64
MOVE B209 64
MOVE B210 64
MOVE B211 64
MOVE B213 64
MOVE B214 64
MOVE B215 64
MOVE B216 64
MOVE B217 64
MOVE B218 64
MOVE B219 64
MOVE B223 64
MOVE B224 64
MOVE B225 64
MOVE B226 64
MOVE B227 64
MOVE B231 64
MOVE B232 64
MOVE B233 64
MOVE B234 64
MOVE B235 64
MOVE B236 64
MOVE B237 64
MOVE B238 64
MOVE B239 64
MOVE B240 64
MOVE B241 64
MOVE B244 52
MOVE B245 52
MOVE B246 52
MOVE B247 52
MOVE B248 52
MOVE B249 52
MOVE B250 98
MOVE B251 52
MOVE B253 52
MOVE B254 52
MOVE B255 52
MOVE B256 52
MOVE B257 64
MOVE B258 64
MOVE B260 104
MOVE B261 143
MOVE B262 182
MOVE B263 190
MOVE B264 190
MOVE B265 190
MOVE B266 201
MOVE B267 201
MOVE B268 201
DAMAGE TURRET B262 2
DAMAGE COMBAT A144 1
DAMAGE COMBAT B262 3
END TURN 323
TURN 324
COMMAND LEFT START
MOVE A228 55
COMMAND LEFT END
COMMAND RIGHT START
MOVE B271 104
MOVE B270 104
MOVE B269 104
TRAIN 3
COMMAND RIGHT END
TURN 324 RESULT
TIME LEFT 5 5 RIGHT 2 5
TRAIN B272 B273 B274
MOVE A153 54
MOVE A154 54
MOVE A156 54
MOVE A157 54
MOVE A159 54
MOVE A164 54
MOVE A165 54
MOVE A166 54
MOVE A167 54
MOVE A170 54
MOVE A171 54
MOVE A172 54
MOVE A173 54
MOVE A174 54
MOVE A175 54
MOVE A177 54
MOVE A183 54
MOVE A185 54
MOVE A191 54
MOVE A192 54
MOVE A193 54
MOVE A194 54
MOVE A195 54
MOVE A196 54
MOVE A197 54
MOVE A198 54
MOVE A199 54
MOVE A200 54
MOVE A203 54
MOVE A204 54
MOVE A205 54
MOVE A206 54
MOVE A208 54
MOVE A209 54
MOVE A210 54
MOVE A211 54
MOVE A212 54
MOVE A213 54
MOVE A214 54
MOVE A215 54
MOVE A216 54
MOVE A217 54
MOVE A218 54
MOVE A219 54
MOVE A220 54
MOVE A221 124
MOVE A222 28
MOVE A223 100
MOVE A224 38
MOVE A226 67
MOVE A227 35
MOVE A228 7
MOVE B170 37
MOVE B192 37
MOVE B193 37
MOVE B194 37
MOVE B198 37
MOVE B199 37
MOVE B201 37
MOVE B205 37
MOVE B207 37
MOVE B208 55
MOVE B209 55
MOVE B210 55
MOVE B211 55
MOVE B213 55
MOVE B214 55
MOVE B215 55
MOVE B216 55
MOVE B217 55
MOVE B218 55
MOVE B219 55
MOVE B223 55
MOVE B224 55
MOVE B225 55
MOVE B226 55
MOVE B227 55
MOVE B231 55
MOVE B232 55
MOVE B233 55
MOVE B234 55
MOVE B235 55
MOVE B236 55
MOVE B237 55
MOVE B238 55
MOVE B239 55
MOVE B240 55
MOVE B241 55
MOVE B244 37
MOVE B245 37
MOVE B246 37
MOVE B247 37
MOVE B248 37
MOVE B249 37
MOVE B250 104
MOVE B251 37
MOVE B253 37
MOVE B254 37
MOVE B255 37
MOVE B256 37
MOVE B257 55
MOVE B258 55
MOVE B261 125
MOVE B263 173
MOVE B264 173
MOVE B265 173
MOVE B266 190
MOVE B267 190
MOVE B268 190
MOVE B269 201
MOVE B270 201
MOVE B271 201
DAMAGE TURRET B208 2
DAMAGE TURRET B262 2
DAMAGE COMBAT A144 1
DAMAGE COMBAT A149 5
DAMAGE COMBAT A150 6
DAMAGE COMBAT A151 6
DAMAGE COMBAT A225 6
DAMAGE COMBAT B208 2
DAMAGE COMBAT B209 2
DAMAGE COMBAT B262 1
SIEGE A 55 5
END TURN 324
TURN 325
COMMAND LEFT START
COMMAND LEFT END
COMMAND RIGHT START
MOVE B209 104
MOVE B210 104
MOVE B211 104
MOVE B213 104
MOVE B214 104
MOVE B215 104
MOVE B216 104
MOVE B217 104
MOVE B218 104
MOVE B219 104
MOVE B223 104
MOVE B224 104
MOVE B225 104
MOVE B226 104
MOVE B227 104
MOVE B231 104
MOVE B232 104
MOVE B233 104
MOVE B234 104
MOVE B235 104
MOVE B236 104
MOVE B237 104
MOVE B238 104
MOVE B239 104
MOVE B240 104
MOVE B241 104
MOVE B257 104
MOVE B274 182
MOVE B273 104
MOVE B272 104
UPGRADE 55
COMMAND RIGHT END
TURN 325 RESULT
TIME LEFT 1 5 RIGHT 1 5
UPGRADE B 55
MOVE A153 48
MOVE A154 48
MOVE A156 48
MOVE A157 48
MOVE A159 48
MOVE A164 48
MOVE A165 48
MOVE A166 48
MOVE A167 48
MOVE A170 48
MOVE A171 48
MOVE A172 48
MOVE A173 48
MOVE A174 48
MOVE A175 48
MOVE A177 48
MOVE A183 48
MOVE A185 48
MOVE A191 48
MOVE A192 48
MOVE A193 48
MOVE A194 48
MOVE A195 48
MOVE A196 48
MOVE A197 48
MOVE A198 48
MOVE A199 48
MOVE A200 48
MOVE A203 48
MOVE A204 48
MOVE A205 48
MOVE A206 48
MOVE A208 48
MOVE A209 48
MOVE A210 48
MOVE A211 48
MOVE A212 48
MOVE A213 48
MOVE A214 48
MOVE A215 48
MOVE A216 48
MOVE A217 48
MOVE A218 48
MOVE A219 48
MOVE A220 48
MOVE A221 151
MOVE A222 32
MOVE A223 113
MOVE A224 54
MOVE A226 82
MOVE A227 50
MOVE A228 18
MOVE B170 26
MOVE B192 26
MOVE B193 26
MOVE B194 26
MOVE B198 26
MOVE B199 26
MOVE B201 26
MOVE B205 26
MOVE B207 26
MOVE B209 64
MOVE B210 64
MOVE B211 64
MOVE B213 64
MOVE B214 64
MOVE B215 64
MOVE B216 64
MOVE B217 64
MOVE B218 64
MOVE B219 64
MOVE B223 64
MOVE B224 64
MOVE B225 64
MOVE B226 64
MOVE B227 64
MOVE B231 64
MOVE B232 64
MOVE B233 64
MOVE B234 64
MOVE B235 64
MOVE B236 64
MOVE B237 64
MOVE B238 64
MOVE B239 64
MOVE B240 64
MOVE B241 64
MOVE B244 26
MOVE B245 26
MOVE B246 26
MOVE B247 26
MOVE B248 26
MOVE B249 26
MOVE B251 26
MOVE B253 26
MOVE B254 26
MOVE B255 26
MOVE B256 26
MOVE B257 64
MOVE B261 117
MOVE B263 160
MOVE B264 160
MOVE B265 160
MOVE B266 173
MOVE B267 173
MOVE B268 173
MOVE B269 190
MOVE B270 190
MOVE B271 190
MOVE B272 201
MOVE B273 201
MOVE B274 205
DAMAGE TURRET B205 1
SIEGE A 26 6
END TURN 325
TURN 326
COMMAND LEFT START
COMMAND LEFT END
COMMAND RIGHT START
MOVE B170 104
MOVE B192 104
MOVE B193 104
MOVE B194 104
MOVE B198 104
MOVE B199 104
MOVE B201 104
MOVE B205 104
MOVE B207 104
MOVE B244 104
MOVE B245 104
MOVE B246 104
MOVE B247 104
MOVE B248 104
MOVE B249 104
MOVE B251 104
MOVE B253 104
MOVE B254 104
MOVE B255 104
UPGRADE 55
COMMAND RIGHT END
TURN 326 RESULT
TIME LEFT 24 5 RIGHT 0 5
UPGRADE B 55
MOVE A153 50
MOVE A154 50
MOVE A156 50
MOVE A157 50
MOVE A159 50
MOVE A164 50
MOVE A165 50
MOVE A166 50
MOVE A167 50
MOVE A170 50
MOVE A171 50
MOVE A172 50
MOVE A173 50
MOVE A174 50
MOVE A175 50
MOVE A177 50
MOVE A183 50
MOVE A185 50
MOVE A191 50
MOVE A192 50
MOVE A193 50
MOVE A194 50
MOVE A195 50
MOVE A196 50
MOVE A197 50
MOVE A198 50
MOVE A199 50
MOVE A200 50
MOVE A203 50
MOVE A204 50
MOVE A205 50
MOVE A206 50
MOVE A208 50
MOVE A209 50
MOVE A210 50
MOVE A211 50
MOVE A212 50
MOVE A213 50
MOVE A214 50
MOVE A215 50
MOVE A216 50
MOVE A217 50
MOVE A218 50
MOVE A219 50
MOVE A220 50
MOVE A221 157
MOVE A222 26
MOVE A223 124
MOVE A224 48
MOVE A226 97
MOVE A227 55
MOVE A228 35
MOVE B170 37
MOVE B192 37
MOVE B193 37
MOVE B194 37
MOVE B198 37
MOVE B199 37
MOVE B201 37
MOVE B205 37
MOVE B207 37
MOVE B209 83
MOVE B210 83
MOVE B211 83
MOVE B213 83
MOVE B214 83
MOVE B215 83
MOVE B216 83
MOVE B217 83
MOVE B218 83
MOVE B219 83
MOVE B223 83
MOVE B224 83
MOVE B225 83
MOVE B226 83
MOVE B227 83
MOVE B231 83
MOVE B232 83
MOVE B233 83
MOVE B234 83
MOVE B235 83
MOVE B236 83
MOVE B237 83
MOVE B238 83
MOVE B239 83
MOVE B240 83
MOVE B241 83
MOVE B244 37
MOVE B245 37
MOVE B246 37
MOVE B247 37
MOVE B248 37
MOVE B249 37
MOVE B251 37
MOVE B253 37
MOVE B254 37
MOVE B255 37
MOVE B257 83
MOVE B261 104
MOVE B263 143
MOVE B264 143
MOVE B265 143
MOVE B266 160
MOVE B267 160
MOVE B268 160
MOVE B269 173
MOVE B270 173
MOVE B271 173
MOVE B272 190
MOVE B273 190
MOVE B274 194
DAMAGE TURRET A227 1
DAMAGE COMBAT A222 1
DAMAGE COMBAT A227 1
DAMAGE COMBAT B256 1
DAMAGE COMBAT B258 1
END TURN 326
TURN 327
COMMAND LEFT START
MOVE A222 7
MOVE A227 7
COMMAND LEFT END
COMMAND RIGHT START
TRAIN 1
COMMAND RIGHT END
TURN 327 RESULT
TIME LEFT 0 5 RIGHT 0 5
TRAIN B275
MOVE A153 55
MOVE A154 55
MOVE A156 55
MOVE A157 55
MOVE A159 55
MOVE A164 55
MOVE A165 55
MOVE A166 55
MOVE A167 55
MOVE A170 55
MOVE A171 55
MOVE A172 55
MOVE A173 55
MOVE A174 55
MOVE A175 55
MOVE A177 55
MOVE A183 55
MOVE A185 55
MOVE A191 55
MOVE A192 55
MOVE A193 55
MOVE A194 55
MOVE A195 55
MOVE A196 55
MOVE A197 55
MOVE A198 55
MOVE A199 55
MOVE A200 55
MOVE A203 55
MOVE A204 55
MOVE A205 55
MOVE A206 55
MOVE A208 55
MOVE A209 55
MOVE A210 55
MOVE A211 55
MOVE A212 55
MOVE A213 55
MOVE A214 55
MOVE A215 55
MOVE A216 55
MOVE A217 55
MOVE A218 55
MOVE A219 55
MOVE A220 55
MOVE A221 171
MOVE A223 151
MOVE A224 50
MOVE A226 114
MOVE A228 50
MOVE B170 52
MOVE B192 52
MOVE B193 52
MOVE B194 52
MOVE B198 52
MOVE B199 52
MOVE B201 52
MOVE B205 52
MOVE B207 52
MOVE B209 91
MOVE B210 91
MOVE B211 91
MOVE B213 91
MOVE B214 91
MOVE B215 91
MOVE B216 91
MOVE B217 91
MOVE B218 91
MOVE B219 91
MOVE B223 91
MOVE B224 91
MOVE B225 91
MOVE B226 91
MOVE B227 91
MOVE B231 91
MOVE B232 91
MOVE B233 91
MOVE B234 91
MOVE B235 91
MOVE B236 91
MOVE B237 91
MOVE B238 91
MOVE B239 91
MOVE B240 91
MOVE B241 91
MOVE B244 52
MOVE B245 52
MOVE B246 52
MOVE B247 52
MOVE B248 52
MOVE B249 52
MOVE B251 52
MOVE B253 52
MOVE B254 52
MOVE B255 52
MOVE B257 91
MOVE B263 125
MOVE B264 125
MOVE B265 125
MOVE B266 143
MOVE B267 143
MOVE B268 143
MOVE B269 160
MOVE B270 160
MOVE B271 160
MOVE B272 173
MOVE B273 173
MOVE B274 198
DAMAGE TURRET A198 1
DAMAGE COMBAT A198 1
DAMAGE COMBAT A222 1
DAMAGE COMBAT B256 1
DAMAGE COMBAT B258 6
SIEGE B 55 12
END TURN 327
TURN 328
COMMAND LEFT START
MOVE A153 7
MOVE A154 7
MOVE A156 7
MOVE A157 7
MOVE A159 7
MOVE A164 7
MOVE A165 7
MOVE A166 7
MOVE A167 7
MOVE A170 7
MOVE A171 7
MOVE A172 7
MOVE A173 7
MOVE A174 7
MOVE A175 7
MOVE A177 7
MOVE A183 7
MOVE A185 7
MOVE A191 7
MOVE A192 7
MOVE A193 7
MOVE A194 7
MOVE A195 7
MOVE A196 7
MOVE A197 7
MOVE A199 7
MOVE A200 7
MOVE A203 7
MOVE A204 7
MOVE A205 7
MOVE A206 7
MOVE A208 7
MOVE A209 7
MOVE A210 7
MOVE A211 7
MOVE A212 7
MOVE A213 7
MOVE A214 7
MOVE A215 7
MOVE A216 7
MOVE A217 7
MOVE A218 7
MOVE A219 7
MOVE A220 7
COMMAND LEFT END
COMMAND RIGHT START
MOVE B118 118
MOVE B129 118
MOVE B250 118
MOVE B275 104
TRAIN 1
COMMAND RIGHT END
TURN 328 RESULT
TIME LEFT 0 5 RIGHT 0 5
TRAIN B276
MOVE A153 50
MOVE A154 50
MOVE A156 50
MOVE A157 50
MOVE A159 50
MOVE A164 50
MOVE A165 50
MOVE A166 50
MOVE A167 50
MOVE A170 50
MOVE A171 50
MOVE A172 50
MOVE A173 50
MOVE A174 50
MOVE A175 50
MOVE A177 50
MOVE A183 50
MOVE A185 50
MOVE A191 50
MOVE A192 50
MOVE A193 50
MOVE A194 50
MOVE A195 50
MOVE A196 50
MOVE A197 50
MOVE A199 50
MOVE A200 50
MOVE A203 50
MOVE A204 50
MOVE A205 50
MOVE A206 50
MOVE A208 50
MOVE A209 50
MOVE A210 50
MOVE A211 50
MOVE A212 50
MOVE A213 50
MOVE A214 50
MOVE A215 50
MOVE A216 50
MOVE A217 50
MOVE A218 50
MOVE A219 50
MOVE A220 50
MOVE A221 182
MOVE A223 157
MOVE A224 55
MOVE A226 135
MOVE A227 50
MOVE A228 55
MOVE B118 110
MOVE B129 110
MOVE B170 58
MOVE B192 58
MOVE B193 58
MOVE B194 58
MOVE B198 58
MOVE B199 58
MOVE B201 58
MOVE B205 58
MOVE B207 58
MOVE B209 104
MOVE B210 104
MOVE B211 104
MOVE B213 104
MOVE B214 104
MOVE B215 104
MOVE B216 104
MOVE B217 104
MOVE B218 104
MOVE B219 104
MOVE B223 104
MOVE B224 104
MOVE B225 104
MOVE B226 104
MOVE B227 104
MOVE B231 104
MOVE B232 104
MOVE B233 104
MOVE B234 104
MOVE B235 104
MOVE B236 104
MOVE B237 104
MOVE B238 104
MOVE B239 104
MOVE B240 104
MOVE B241 104
MOVE B244 58
MOVE B245 58
MOVE B246 58
MOVE B247 58
MOVE B248 58
MOVE B249 58
MOVE B250 110
MOVE B251 58
MOVE B253 58
MOVE B254 58
MOVE B255 58
MOVE B257 104
MOVE B263 117
MOVE B264 117
MOVE B265 117
MOVE B266 125
MOVE B267 125
MOVE B268 125
MOVE B269 143
MOVE B270 143
MOVE B271 143
MOVE B272 160
MOVE B273 160
MOVE B274 192
MOVE B275 201
DAMAGE COMBAT A222 1
DAMAGE COMBAT B256 1
END TURN 328
TURN 329
COMMAND LEFT START
MOVE A224 7
MOVE A228 7
TRAIN 1
COMMAND LEFT END
COMMAND RIGHT START
MOVE B276 104
TRAIN 3
COMMAND RIGHT END
TURN 329 RESULT
TIME LEFT 0 5 RIGHT 0 5
TRAIN A229 B277 B278 B279
MOVE A153 35
MOVE A154 35
MOVE A156 35
MOVE A157 35
MOVE A159 35
MOVE A164 35
MOVE A165 35
MOVE A166 35
MOVE A167 35
MOVE A170 35
MOVE A171 35
MOVE A172 35
MOVE A173 35
MOVE A174 35
MOVE A175 35
MOVE A177 35
MOVE A183 35
MOVE A185 35
MOVE A191 35
MOVE A192 35
MOVE A193 35
MOVE A194 35
MOVE A195 35
MOVE A196 35
MOVE A197 35
MOVE A199 35
MOVE A200 35
MOVE A203 35
MOVE A204 35
MOVE A205 35
MOVE A206 35
MOVE A208 35
MOVE A209 35
MOVE A210 35
MOVE A211 35
MOVE A212 35
MOVE A213 35
MOVE A214 35
MOVE A215 35
MOVE A216 35
MOVE A217 35
MOVE A218 35
MOVE A219 35
MOVE A220 35
MOVE A223 171
MOVE A224 50
MOVE A226 150
MOVE A227 35
MOVE A228 50
MOVE B118 118
MOVE B129 118
MOVE B170 73
MOVE B192 73
MOVE B193 73
MOVE B194 73
MOVE B198 73
MOVE B199 73
MOVE B201 73
MOVE B205 73
MOVE B207 73
MOVE B244 73
MOVE B245 73
MOVE B246 73
MOVE B247 73
MOVE B248 73
MOVE B249 73
MOVE B250 118
MOVE B251 73
MOVE B253 73
MOVE B254 73
MOVE B255 73
MOVE B263 104
MOVE B264 104
MOVE B265 104
MOVE B266 117
MOVE B267 117
MOVE B268 117
MOVE B269 125
MOVE B270 125
MOVE B271 125
MOVE B272 143
MOVE B273 143
MOVE B274 182
MOVE B275 190
MOVE B276 201
DAMAGE TURRET B274 2
DAMAGE COMBAT A144 1
DAMAGE COMBAT A222 1
DAMAGE COMBAT B256 1
DAMAGE COMBAT B274 4
END TURN 329
TURN 330
COMMAND LEFT START
MOVE A229 7
COMMAND LEFT END
COMMAND RIGHT START
MOVE B250 104
MOVE B129 104
MOVE B118 104
MOVE B279 104
MOVE B278 104
MOVE B277 104
TRAIN 3
COMMAND RIGHT END
TURN 330 RESULT
TIME LEFT 3 5 RIGHT 0 5
TRAIN B280 B281 B282
MOVE A153 18
MOVE A154 18
MOVE A156 18
MOVE A157 18
MOVE A159 18
MOVE A164 18
MOVE A165 18
MOVE A166 18
MOVE A167 18
MOVE A170 18
MOVE A171 18
MOVE A172 18
MOVE A173 18
MOVE A174 18
MOVE A175 18
MOVE A177 18
MOVE A183 18
MOVE A185 18
MOVE A191 18
MOVE A192 18
MOVE A193 18
MOVE A194 18
MOVE A195 18
MOVE A196 18
MOVE A197 18
MOVE A199 18
MOVE A200 18
MOVE A203 18
MOVE A204 18
MOVE A205 18
MOVE A206 18
MOVE A208 18
MOVE A209 18
MOVE A210 18
MOVE A211 18
MOVE A212 18
MOVE A213 18
MOVE A214 18
MOVE A215 18
MOVE A216 18
MOVE A217 18
MOVE A218 18
MOVE A219 18
MOVE A220 18
MOVE A223 182
MOVE A224 35
MOVE A226 156
MOVE A227 18
MOVE A228 35
MOVE A229 7
MOVE B118 110
MOVE B129 110
MOVE B170 80
MOVE B192 80
MOVE B193 80
MOVE B194 80
MOVE B198 80
MOVE B199 80
MOVE B201 80
MOVE B205 80
MOVE B207 80
MOVE B244 80
MOVE B245 80
MOVE B246 80
MOVE B247 80
MOVE B248 80
MOVE B249 80
MOVE B250 110
MOVE B251 80
MOVE B253 80
MOVE B254 80
MOVE B255 80
MOVE B266 104
MOVE B267 104
MOVE B268 104
MOVE B269 117
MOVE B270 117
MOVE B271 117
MOVE B272 125
MOVE B273 125
MOVE B275 173
MOVE B276 190
MOVE B277 201
MOVE B278 201
MOVE B279 201
DAMAGE TURRET B274 2
DAMAGE COMBAT A221 1
DAMAGE COMBAT A222 1
DAMAGE COMBAT B256 1
END TURN 330
TURN 331
COMMAND LEFT START
COMMAND LEFT END
COMMAND RIGHT START
MOVE B282 104
MOVE B281 104
MOVE B280 104
TRAIN 2
COMMAND RIGHT END
TURN 331 RESULT
TIME LEFT 1 5 RIGHT 0 5
TRAIN B283 B284
MOVE A153 7
MOVE A154 7
MOVE A156 7
MOVE A157 7
MOVE A159 7
MOVE A164 7
MOVE A165 7
MOVE A166 7
MOVE A167 7
MOVE A170 7
MOVE A171 7
MOVE A172 7
MOVE A173 7
MOVE A174 7
MOVE A175 7
MOVE A177 7
MOVE A183 7
MOVE A185 7
MOVE A191 7
MOVE A192 7
MOVE A193 7
MOVE A194 7
MOVE A195 7
MOVE A196 7
MOVE A197 7
MOVE A199 7
MOVE A200 7
MOVE A203 7
MOVE A204 7
MOVE A205 7
MOVE A206 7
MOVE A208 7
MOVE A209 7
MOVE A210 7
MOVE A211 7
MOVE A212 7
MOVE A213 7
MOVE A214 7
MOVE A215 7
MOVE A216 7
MOVE A217 7
MOVE A218 7
MOVE A219 7
MOVE A220 7
MOVE A224 18
MOVE A226 171
MOVE A227 7
MOVE A228 18
MOVE B118 104
MOVE B129 104
MOVE B170 90
MOVE B192 90
MOVE B193 90
MOVE B194 90
MOVE B198 90
MOVE B199 90
MOVE B201 90
MOVE B205 90
MOVE B207 90
MOVE B244 90
MOVE B245 90
MOVE B246 90
MOVE B247 90
MOVE B248 90
MOVE B249 90
MOVE B250 104
MOVE B251 90
MOVE B253 90
MOVE B254 90
MOVE B255 90
MOVE B269 104
MOVE B270 104
MOVE B271 104
MOVE B272 117
MOVE B273 117
MOVE B275 160
MOVE B276 173
MOVE B277 190
MOVE B278 190
MOVE B279 190
MOVE B280 201
MOVE B281 201
MOVE B282 201
DAMAGE COMBAT A222 1
DAMAGE COMBAT B256 1
END TURN 331
TURN 332
COMMAND LEFT START
COMMAND LEFT END
COMMAND RIGHT START
MOVE B284 182
UPGRADE 26
COMMAND RIGHT END
TURN 332 RESULT
TIME LEFT 0 5 RIGHT 0 5
UPGRADE B 26
MOVE A224 7
MOVE A226 182
MOVE A228 7
MOVE B170 98
MOVE B192 98
MOVE B193 98
MOVE B194 98
MOVE B198 98
MOVE B199 98
MOVE B201 98
MOVE B205 98
MOVE B207 98
MOVE B244 98
MOVE B245 98
MOVE B246 98
MOVE B247 98
MOVE B248 98
MOVE B249 98
MOVE B251 98
MOVE B253 98
MOVE B254 98
MOVE B255 98
MOVE B272 104
MOVE B273 104
MOVE B275 143
MOVE B276 160
MOVE B277 173
MOVE B278 173
MOVE B279 173
MOVE B280 190
MOVE B281 190
MOVE B282 190
MOVE B284 205
END TURN 332
TURN 333
COMMAND LEFT START
COMMAND LEFT END
COMMAND RIGHT START
MOVE B273 0
MOVE B272 0
MOVE B271 0
MOVE B270 0
MOVE B269 0
MOVE B268 0
MOVE B267 0
MOVE B266 0
MOVE B265 0
MOVE B264 0
MOVE B263 0
MOVE B261 0
MOVE B260 0
MOVE B257 0
MOVE B250 0
MOVE B241 0
MOVE B240 0
MOVE B239 0
MOVE B238 0
MOVE B237 0
MOVE B236 0
MOVE B235 0
MOVE B234 0
MOVE B233 0
MOVE B232 0
MOVE B231 0
MOVE B227 0
MOVE B226 0
MOVE B225 0
MOVE B224 0
MOVE B223 0
MOVE B219 0
MOVE B218 0
MOVE B217 0
MOVE B216 0
MOVE B215 0
MOVE B214 0
MOVE B213 0
MOVE B211 0
MOVE B210 0
MOVE B209 0
COMMAND RIGHT END
TURN 333 RESULT
TIME LEFT 0 5 RIGHT 0 5
MOVE B170 104
MOVE B192 104
MOVE B193 104
MOVE B194 104
MOVE B198 104
MOVE B199 104
MOVE B201 104
MOVE B205 104
MOVE B207 104
MOVE B209 91
MOVE B210 91
MOVE B211 91
MOVE B213 91
MOVE B214 91
MOVE B215 91
MOVE B216 91
MOVE B217 91
MOVE B218 91
MOVE B219 91
MOVE B223 91
MOVE B224 91
MOVE B225 91
MOVE B226 91
MOVE B227 91
MOVE B231 91
MOVE B232 91
MOVE B233 91
MOVE B234 91
MOVE B235 91
MOVE B236 91
MOVE B237 91
MOVE B238 91
MOVE B239 91
MOVE B240 91
MOVE B241 91
MOVE B244 104
MOVE B245 104
MOVE B246 104
MOVE B247 104
MOVE B248 104
MOVE B249 104
MOVE B250 91
MOVE B251 104
MOVE B253 104
MOVE B254 104
MOVE B255 104
MOVE B257 91
MOVE B260 91
MOVE B261 91
MOVE B263 91
MOVE B264 91
MOVE B265 91
MOVE B266 91
MOVE B267 91
MOVE B268 91
MOVE B269 91
MOVE B270 91
MOVE B271 91
MOVE B272 91
MOVE B273 91
MOVE B275 125
MOVE B276 143
MOVE B277 160
MOVE B278 160
MOVE B279 160
MOVE B280 173
MOVE B281 173
MOVE B282 173
MOVE B284 194
END TURN 333
TURN 334
COMMAND LEFT START
COMMAND LEFT END
COMMAND RIGHT START
UPGRADE 26
COMMAND RIGHT END
TURN 334 RESULT
TIME LEFT 1 5 RIGHT 0 5
UPGRADE B 26
MOVE B209 83
MOVE B210 83
MOVE B211 83
MOVE B213 83
MOVE B214 83
MOVE B215 83
MOVE B216 83
MOVE B217 83
MOVE B218 83
MOVE B219 83
MOVE B223 83
MOVE B224 83
MOVE B225 83
MOVE B226 83
MOVE B227 83
MOVE B231 83
MOVE B232 83
MOVE B233 83
MOVE B234 83
MOVE B235 83
MOVE B236 83
MOVE B237 83
MOVE B238 83
MOVE B239 83
MOVE B240 83
MOVE B241 83
MOVE B250 83
MOVE B257 83
MOVE B260 83
MOVE B261 83
MOVE B263 83
MOVE B264 83
MOVE B265 83
MOVE B266 83
MOVE B267 83
MOVE B268 83
MOVE B269 83
MOVE B270 83
MOVE B271 83
MOVE B272 83
MOVE B273 83
MOVE B275 117
MOVE B276 125
MOVE B277 143
MOVE B278 143
MOVE B279 143
MOVE B280 160
MOVE B281 160
MOVE B282 160
MOVE B284 198
END TURN 334
TURN 335
COMMAND LEFT START
COMMAND LEFT END
COMMAND RIGHT START
MOVE B118 26
UPGRADE 26
COMMAND RIGHT END
TURN 335 RESULT
TIME LEFT 0 5 RIGHT 0 5
UPGRADE B 26
MOVE B118 98
MOVE B209 65
MOVE B210 65
MOVE B211 65
MOVE B213 65
MOVE B214 65
MOVE B215 65
MOVE B216 65
MOVE B217 65
MOVE B218 65
MOVE B219 65
MOVE B223 65
MOVE B224 65
MOVE B225 65
MOVE B226 65
MOVE B227 65
MOVE B231 65
MOVE B232 65
MOVE B233 65
MOVE B234 65
MOVE B235 65
MOVE B236 65
MOVE B237 65
MOVE B238 65
MOVE B239 65
MOVE B240 65
MOVE B241 65
MOVE B250 65
MOVE B257 65
MOVE B260 65
MOVE B261 65
MOVE B263 65
MOVE B264 65
MOVE B265 65
MOVE B266 65
MOVE B267 65
MOVE B268 65
MOVE B269 65
MOVE B270 65
MOVE B271 65
MOVE B272 65
MOVE B273 65
MOVE B275 104
MOVE B276 117
MOVE B277 125
MOVE B278 125
MOVE B279 125
MOVE B280 143
MOVE B281 143
MOVE B282 143
MOVE B284 192
END TURN 335
TURN 336
COMMAND LEFT START
TRAIN 1
COMMAND LEFT END
COMMAND RIGHT START
MOVE B129 26
MOVE B275 55
COMMAND RIGHT END
TURN 336 RESULT
TIME LEFT 0 5 RIGHT 0 5
TRAIN A230
MOVE B118 90
MOVE B129 98
MOVE B209 48
MOVE B210 48
MOVE B211 48
MOVE B213 48
MOVE B214 48
MOVE B215 48
MOVE B216 48
MOVE B217 48
MOVE B218 48
MOVE B219 48
MOVE B223 48
MOVE B224 48
MOVE B225 48
MOVE B226 48
MOVE B227 48
MOVE B231 48
MOVE B232 48
MOVE B233 48
MOVE B234 48
MOVE B235 48
MOVE B236 48
MOVE B237 48
MOVE B238 48
MOVE B239 48
MOVE B240 48
MOVE B241 48
MOVE B250 48
MOVE B257 48
MOVE B260 48
MOVE B261 48
MOVE B263 48
MOVE B264 48
MOVE B265 48
MOVE B266 48
MOVE B267 48
MOVE B268 48
MOVE B269 48
MOVE B270 48
MOVE B271 48
MOVE B272 48
MOVE B273 48
MOVE B275 91
MOVE B276 104
MOVE B277 117
MOVE B278 117
MOVE B279 117
MOVE B280 125
MOVE B281 125
MOVE B282 125
MOVE B284 182
DAMAGE TURRET B284 2
DAMAGE COMBAT A221 1
DAMAGE COMBAT B284 5
END TURN 336
TURN 337
COMMAND LEFT START
MOVE A230 182
COMMAND LEFT END
COMMAND RIGHT START
TRAIN 3
COMMAND RIGHT END
TURN 337 RESULT
TIME LEFT 4 5 RIGHT 0 5
TRAIN B285 B286 B287
MOVE A230 9
MOVE B118 80
MOVE B129 90
MOVE B209 35
MOVE B210 35
MOVE B211 35
MOVE B213 35
MOVE B214 35
MOVE B215 35
MOVE B216 35
MOVE B217 35
MOVE B218 35
MOVE B219 35
MOVE B223 35
MOVE B224 35
MOVE B225 35
MOVE B226 35
MOVE B227 35
MOVE B231 35
MOVE B232 35
MOVE B233 35
MOVE B234 35
MOVE B235 35
MOVE B236 35
MOVE B237 35
MOVE B238 35
MOVE B239 35
MOVE B240 35
MOVE B241 35
MOVE B250 35
MOVE B257 35
MOVE B260 35
MOVE B261 35
MOVE B263 35
MOVE B264 35
MOVE B265 35
MOVE B266 35
MOVE B267 35
MOVE B268 35
MOVE B269 35
MOVE B270 35
MOVE B271 35
MOVE B272 35
MOVE B273 35
MOVE B275 83
MOVE B277 104
MOVE B278 104
MOVE B279 104
MOVE B280 117
MOVE B281 117
MOVE B282 117
DAMAGE TURRET B284 1
DAMAGE COMBAT A186 1
END TURN 337
TURN 338
COMMAND LEFT START
COMMAND LEFT END
COMMAND RIGHT START
MOVE B287 104
MOVE B286 104
MOVE B285 104
MOVE B283 104
TRAIN 3
COMMAND RIGHT END
TURN 338 RESULT
TIME LEFT 0 5 RIGHT 0 5
TRAIN B288 B289 B290
MOVE A230 21
MOVE B118 73
MOVE B129 80
MOVE B209 18
MOVE B210 18
MOVE B211 18
MOVE B213 18
MOVE B214 18
MOVE B215 18
MOVE B216 18
MOVE B217 18
MOVE B218 18
MOVE B219 18
MOVE B223 18
MOVE B224 18
MOVE B225 18
MOVE B226 18
MOVE B227 18
MOVE B231 18
MOVE B232 18
MOVE B233 18
MOVE B234 18
MOVE B235 18
MOVE B236 18
MOVE B237 18
MOVE B238 18
MOVE B239 18
MOVE B240 18
MOVE B241 18
MOVE B250 18
MOVE B257 18
MOVE B260 18
MOVE B261 18
MOVE B263 18
MOVE B264 18
MOVE B265 18
MOVE B266 18
MOVE B267 18
MOVE B268 18
MOVE B269 18
MOVE B270 18
MOVE B271 18
MOVE B272 18
MOVE B273 18
MOVE B275 64
MOVE B280 104
MOVE B281 104
MOVE B282 104
MOVE B283 201
MOVE B285 201
MOVE B286 201
MOVE B287 201
END TURN 338
TURN 339
COMMAND LEFT START
COMMAND LEFT END
COMMAND RIGHT START
MOVE B290 104
MOVE B289 104
MOVE B288 104
TRAIN 3
COMMAND RIGHT END
TURN 339 RESULT
TIME LEFT 7 5 RIGHT 0 5
TRAIN B291 B292 B293
MOVE A230 36
MOVE B118 58
MOVE B129 73
MOVE B209 7
MOVE B210 7
MOVE B211 7
MOVE B213 7
MOVE B214 7
MOVE B215 7
MOVE B216 7
MOVE B217 7
MOVE B218 7
MOVE B219 7
MOVE B223 7
MOVE B224 7
MOVE B225 7
MOVE B226 7
MOVE B227 7
MOVE B231 7
MOVE B232 7
MOVE B233 7
MOVE B234 7
MOVE B235 7
MOVE B236 7
MOVE B237 7
MOVE B238 7
MOVE B239 7
MOVE B240 7
MOVE B241 7
MOVE B250 7
MOVE B257 7
MOVE B260 7
MOVE B261 7
MOVE B263 7
MOVE B264 7
MOVE B265 7
MOVE B266 7
MOVE B267 7
MOVE B268 7
MOVE B269 7
MOVE B270 7
MOVE B271 7
MOVE B272 7
MOVE B273 7
MOVE B275 55
MOVE B283 190
MOVE B285 190
MOVE B286 190
MOVE B287 190
MOVE B288 201
MOVE B289 201
MOVE B290 201
DAMAGE TURRET B250 1
DAMAGE COMBAT A153 6
DAMAGE COMBAT A154 6
DAMAGE COMBAT A156 6
DAMAGE COMBAT A157 6
DAMAGE COMBAT A159 6
DAMAGE COMBAT A164 6
DAMAGE COMBAT A165 1
DAMAGE COMBAT A227 4
DAMAGE COMBAT B209 4
DAMAGE COMBAT B210 6
DAMAGE COMBAT B211 6
DAMAGE COMBAT B213 6
DAMAGE COMBAT B214 6
DAMAGE COMBAT B215 6
DAMAGE COMBAT B216 6
DAMAGE COMBAT B217 6
DAMAGE COMBAT B218 1
DAMAGE COMBAT B250 2
END TURN 339
TURN 340
COMMAND LEFT START
COMMAND LEFT END
COMMAND RIGHT START
MOVE B282 2
MOVE B281 2
MOVE B280 2
MOVE B279 2
MOVE B278 2
MOVE B277 2
MOVE B276 2
MOVE B255 2
MOVE B254 2
MOVE B253 2
MOVE B251 2
MOVE B249 2
MOVE B248 2
MOVE B247 2
MOVE B246 2
MOVE B245 2
MOVE B244 2
MOVE B207 2
MOVE B205 2
MOVE B201 2
MOVE B199 2
MOVE B198 2
MOVE B194 2
MOVE B193 2
COMMAND RIGHT END
TURN 340 RESULT
TIME LEFT 6 5 RIGHT 0 5
MOVE A230 54
MOVE B118 52
MOVE B129 58
MOVE B193 91
MOVE B194 91
MOVE B198 91
MOVE B199 91
MOVE B201 91
MOVE B205 91
MOVE B207 91
MOVE B244 91
MOVE B245 91
MOVE B246 91
MOVE B247 91
MOVE B248 91
MOVE B249 91
MOVE B251 91
MOVE B253 91
MOVE B254 91
MOVE B255 91
MOVE B276 91
MOVE B277 91
MOVE B278 91
MOVE B279 91
MOVE B280 91
MOVE B281 91
MOVE B282 91
MOVE B283 173
MOVE B285 173
MOVE B286 173
MOVE B287 173
MOVE B288 190
MOVE B289 190
MOVE B290 190
DAMAGE TURRET B218 1
DAMAGE COMBAT A165 5
DAMAGE COMBAT A166 6
DAMAGE COMBAT A167 6
DAMAGE COMBAT A170 6
DAMAGE COMBAT A171 6
DAMAGE COMBAT A172 3
DAMAGE COMBAT B218 4
DAMAGE COMBAT B219 6
DAMAGE COMBAT B223 7
DAMAGE COMBAT B224 7
DAMAGE COMBAT B225 7
DAMAGE COMBAT B226 7
DAMAGE COMBAT B227 4
END TURN 340
TURN 341
COMMAND LEFT START
TRAIN 1
COMMAND LEFT END
COMMAND RIGHT START
MOVE B293 104
MOVE B292 104
MOVE B291 104
UPGRADE 55
COMMAND RIGHT END
TURN 341 RESULT
TIME LEFT 9 5 RIGHT 0 5
UPGRADE B 55
TRAIN A231
MOVE A230 67
MOVE B118 37
MOVE B129 52
MOVE B193 78
MOVE B194 78
MOVE B198 78
MOVE B199 78
MOVE B201 78
MOVE B205 78
MOVE B207 78
MOVE B244 78
MOVE B245 78
MOVE B246 78
MOVE B247 78
MOVE B248 78
MOVE B249 78
MOVE B251 78
MOVE B253 78
MOVE B254 78
MOVE B255 78
MOVE B276 78
MOVE B277 78
MOVE B278 78
MOVE B279 78
MOVE B280 78
MOVE B281 78
MOVE B282 78
MOVE B283 160
MOVE B285 160
MOVE B286 160
MOVE B287 160
MOVE B288 173
MOVE B289 173
MOVE B290 173
MOVE B291 201
MOVE B292 201
MOVE B293 201
DAMAGE TURRET B227 1
DAMAGE COMBAT A172 3
DAMAGE COMBAT A173 6
DAMAGE COMBAT A174 6
DAMAGE COMBAT A175 6
DAMAGE COMBAT A177 5
DAMAGE COMBAT B227 2
DAMAGE COMBAT B231 7
DAMAGE COMBAT B232 7
DAMAGE COMBAT B233 7
DAMAGE COMBAT B234 7
DAMAGE COMBAT B235 7
END TURN 341
TURN 342
COMMAND LEFT START
MOVE A231 7
COMMAND LEFT END
COMMAND RIGHT START
UPGRADE 55
COMMAND RIGHT END
TURN 342 RESULT
TIME LEFT 8 5 RIGHT 0 5
UPGRADE B 55
MOVE A230 82
MOVE A231 7
MOVE B118 26
MOVE B129 37
MOVE B193 63
MOVE B194 63
MOVE B198 63
MOVE B199 63
MOVE B201 63
MOVE B205 63
MOVE B207 63
MOVE B244 63
MOVE B245 63
MOVE B246 63
MOVE B247 63
MOVE B248 63
MOVE B249 63
MOVE B251 63
MOVE B253 63
MOVE B254 63
MOVE B255 63
MOVE B276 63
MOVE B277 63
MOVE B278 63
MOVE B279 63
MOVE B280 63
MOVE B281 63
MOVE B282 63
MOVE B283 143
MOVE B285 143
MOVE B286 143
MOVE B287 143
MOVE B288 160
MOVE B289 160
MOVE B290 160
MOVE B291 190
MOVE B292 190
MOVE B293 190
DAMAGE TURRET B236 1
DAMAGE COMBAT A177 1
DAMAGE COMBAT A183 6
DAMAGE COMBAT A185 6
DAMAGE COMBAT A187 6
DAMAGE COMBAT A191 1
DAMAGE COMBAT B236 6
DAMAGE COMBAT B237 7
DAMAGE COMBAT B238 7
DAMAGE COMBAT B239 7
DAMAGE COMBAT B240 7
END TURN 342
TURN 343
COMMAND LEFT START
TRAIN 1
COMMAND LEFT END
COMMAND RIGHT START
TRAIN 1
COMMAND RIGHT END
TURN 343 RESULT
TIME LEFT 9 5 RIGHT 0 5
TRAIN A232 B294
MOVE A230 97
MOVE B129 26
MOVE B193 47
MOVE B194 47
MOVE B198 47
MOVE B199 47
MOVE B201 47
MOVE B205 47
MOVE B207 47
MOVE B244 47
MOVE B245 47
MOVE B246 47
MOVE B247 47
MOVE B248 47
MOVE B249 47
MOVE B251 47
MOVE B253 47
MOVE B254 47
MOVE B255 47
MOVE B276 47
MOVE B277 47
MOVE B278 47
MOVE B279 47
MOVE B280 47
MOVE B281 47
MOVE B282 47
MOVE B283 125
MOVE B285 125
MOVE B286 125
MOVE B287 125
MOVE B288 143
MOVE B289 143
MOVE B290 143
MOVE B291 173
MOVE B292 173
MOVE B293 173
DAMAGE TURRET B241 1
DAMAGE COMBAT A191 5
DAMAGE COMBAT A192 6
DAMAGE COMBAT A193 4
DAMAGE COMBAT B241 6
DAMAGE COMBAT B257 7
DAMAGE COMBAT B260 7
DAMAGE COMBAT B261 8
DAMAGE COMBAT B263 2
END TURN 343
TURN 344
COMMAND LEFT START
MOVE A232 7
COMMAND LEFT END
COMMAND RIGHT START
MOVE B117 55
UPGRADE 55
COMMAND RIGHT END
TURN 344 RESULT
TIME LEFT 9 5 RIGHT 0 5
UPGRADE B 55
MOVE A230 114
MOVE A232 7
MOVE B117 199
MOVE B193 33
MOVE B194 33
MOVE B198 33
MOVE B199 33
MOVE B201 33
MOVE B205 33
MOVE B207 33
MOVE B244 33
MOVE B245 33
MOVE B246 33
MOVE B247 33
MOVE B248 33
MOVE B249 33
MOVE B251 33
MOVE B253 33
MOVE B254 33
MOVE B255 33
MOVE B276 33
MOVE B277 33
MOVE B278 33
MOVE B279 33
MOVE B280 33
MOVE B281 33
MOVE B282 33
MOVE B283 117
MOVE B285 117
MOVE B286 117
MOVE B287 117
MOVE B288 125
MOVE B289 125
MOVE B290 125
MOVE B291 160
MOVE B292 160
MOVE B293 160
DAMAGE TURRET B263 1
DAMAGE COMBAT A193 2
DAMAGE COMBAT A194 6
DAMAGE COMBAT A195 3
DAMAGE COMBAT B263 5
DAMAGE COMBAT B264 8
DAMAGE COMBAT B265 8
DAMAGE COMBAT B266 8
END TURN 344
TURN 345
COMMAND LEFT START
TRAIN 1
COMMAND LEFT END
COMMAND RIGHT START
MOVE B170 118
MOVE B114 118
MOVE B187 118
TRAIN 3
COMMAND RIGHT END
TURN 345 RESULT
TIME LEFT 8 5 RIGHT 0 5
TRAIN A233 B295 B296 B297
MOVE A230 135
MOVE B114 145
MOVE B117 187
MOVE B170 110
MOVE B187 145
MOVE B193 23
MOVE B194 23
MOVE B198 23
MOVE B199 23
MOVE B201 23
MOVE B205 23
MOVE B207 23
MOVE B244 23
MOVE B245 23
MOVE B246 23
MOVE B247 23
MOVE B248 23
MOVE B249 23
MOVE B251 23
MOVE B253 23
MOVE B254 23
MOVE B255 23
MOVE B276 23
MOVE B277 23
MOVE B278 23
MOVE B279 23
MOVE B280 23
MOVE B281 23
MOVE B282 23
MOVE B283 104
MOVE B285 104
MOVE B286 104
MOVE B287 104
MOVE B288 117
MOVE B289 117
MOVE B290 117
MOVE B291 143
MOVE B292 143
MOVE B293 143
DAMAGE TURRET B267 1
DAMAGE COMBAT A195 3
DAMAGE COMBAT A196 4
DAMAGE COMBAT B267 7
DAMAGE COMBAT B268 8
DAMAGE COMBAT B269 8
DAMAGE COMBAT B270 4
END TURN 345
TURN 346
COMMAND LEFT START
MOVE A233 7
COMMAND LEFT END
COMMAND RIGHT START
MOVE B192 153
MOVE B283 153
MOVE B229 55
MOVE B297 104
MOVE B296 104
TRAIN 2
COMMAND RIGHT END
TURN 346 RESULT
TIME LEFT 9 5 RIGHT 0 5
TRAIN B298 B299
MOVE A230 150
MOVE A233 7
MOVE B114 128
MOVE B117 172
MOVE B170 118
MOVE B187 128
MOVE B192 117
MOVE B193 14
MOVE B194 14
MOVE B198 14
MOVE B199 14
MOVE B201 14
MOVE B205 14
MOVE B207 14
MOVE B229 199
MOVE B244 14
MOVE B245 14
MOVE B246 14
MOVE B247 14
MOVE B248 14
MOVE B249 14
MOVE B251 14
MOVE B253 14
MOVE B254 14
MOVE B255 14
MOVE B276 14
MOVE B277 14
MOVE B278 14
MOVE B279 14
MOVE B280 14
MOVE B281 14
MOVE B282 14
MOVE B283 117
MOVE B288 104
MOVE B289 104
MOVE B290 104
MOVE B291 125
MOVE B292 125
MOVE B293 125
MOVE B296 201
MOVE B297 201
DAMAGE TURRET B270 1
DAMAGE COMBAT A196 2
DAMAGE COMBAT A197 2
DAMAGE COMBAT B270 3
DAMAGE COMBAT B271 8
DAMAGE COMBAT B272 8
DAMAGE COMBAT B273 8
END TURN 346
TURN 347
COMMAND LEFT START
MOVE A190 2
MOVE A197 2
MOVE A199 2
MOVE A200 2
MOVE A203 2
MOVE A204 2
MOVE A205 2
MOVE A206 2
MOVE A208 2
MOVE A209 2
MOVE A210 2
MOVE A211 2
MOVE A212 2
MOVE A213 2
MOVE A214 2
MOVE A215 2
MOVE A216 2
MOVE A217 2
MOVE A218 2
MOVE A219 2
MOVE A220 2
MOVE A224 2
MOVE A226 30
MOVE A228 2
MOVE A229 2
MOVE A232 2
MOVE A233 2
MOVE A59 2
MOVE A60 2
TRAIN 1
COMMAND LEFT END
COMMAND RIGHT START
MOVE B299 104
MOVE B298 104
MOVE B290 53
MOVE B170 104
COMMAND RIGHT END
TURN 347 RESULT
TIME LEFT 11 5 RIGHT 0 5
TRAIN A234
MOVE A59 2
MOVE A60 2
MOVE A190 2
MOVE A197 3
MOVE A199 3
MOVE A200 3
MOVE A203 3
MOVE A204 3
MOVE A205 3
MOVE A206 3
MOVE A208 3
MOVE A209 3
MOVE A210 3
MOVE A211 3
MOVE A212 3
MOVE A213 3
MOVE A214 3
MOVE A215 3
MOVE A216 3
MOVE A217 3
MOVE A218 3
MOVE A219 3
MOVE A220 3
MOVE A224 3
MOVE A226 171
MOVE A228 3
MOVE A229 3
MOVE A230 156
MOVE A232 3
MOVE A233 3
MOVE B114 118
MOVE B117 154
MOVE B170 110
MOVE B187 118
MOVE B192 125
MOVE B193 2
MOVE B194 2
MOVE B198 2
MOVE B199 2
MOVE B201 2
MOVE B205 2
MOVE B207 2
MOVE B229 187
MOVE B244 2
MOVE B245 2
MOVE B246 2
MOVE B247 2
MOVE B248 2
MOVE B249 2
MOVE B251 2
MOVE B253 2
MOVE B254 2
MOVE B255 2
MOVE B276 2
MOVE B277 2
MOVE B278 2
MOVE B279 2
MOVE B280 2
MOVE B281 2
MOVE B282 2
MOVE B283 125
MOVE B290 87
MOVE B291 117
MOVE B292 117
MOVE B293 117
MOVE B296 190
MOVE B297 190
MOVE B298 201
MOVE B299 201
DAMAGE TURRET B205 1
DAMAGE COMBAT A59 6
DAMAGE COMBAT A60 6
DAMAGE COMBAT A148 6
DAMAGE COMBAT A190 6
DAMAGE COMBAT B193 2
DAMAGE COMBAT B205 2
END TURN 347
TURN 348
COMMAND LEFT START
COMMAND LEFT END
COMMAND RIGHT START
MOVE B187 104
MOVE B114 104
TRAIN 2
COMMAND RIGHT END
TURN 348 RESULT
TIME LEFT 10 5 RIGHT 0 5
TRAIN B300 B301
MOVE A197 2
MOVE A199 2
MOVE A200 2
MOVE A203 2
MOVE A204 2
MOVE A205 2
MOVE A206 2
MOVE A208 2
MOVE A209 2
MOVE A210 2
MOVE A211 2
MOVE A212 2
MOVE A213 2
MOVE A214 2
MOVE A215 2
MOVE A216 2
MOVE A217 2
MOVE A218 2
MOVE A219 2
MOVE A220 2
MOVE A224 2
MOVE A226 156
MOVE A228 2
MOVE A229 2
MOVE A230 171
MOVE A232 2
MOVE A233 2
MOVE B114 110
MOVE B117 138
MOVE B170 104
MOVE B187 110
MOVE B192 144
MOVE B229 172
MOVE B283 144
MOVE B290 88
MOVE B291 104
MOVE B292 104
MOVE B293 104
MOVE B296 173
MOVE B297 173
MOVE B298 190
MOVE B299 190
DAMAGE TURRET B193 1
DAMAGE COMBAT A197 4
DAMAGE COMBAT A199 6
DAMAGE COMBAT A200 6
DAMAGE COMBAT A203 6
DAMAGE COMBAT A204 1
DAMAGE COMBAT B193 3
DAMAGE COMBAT B194 6
DAMAGE COMBAT B198 6
DAMAGE COMBAT B199 6
DAMAGE COMBAT B201 4
END TURN 348
TURN 349
COMMAND LEFT START
COMMAND LEFT END
COMMAND RIGHT START
MOVE B293 7
MOVE B292 7
MOVE B291 7
MOVE B289 7
MOVE B288 7
MOVE B287 7
MOVE B286 7
COMMAND RIGHT END
TURN 349 RESULT
TIME LEFT 9 5 RIGHT 0 5
MOVE A226 136
MOVE A230 182
MOVE B114 104
MOVE B117 121
MOVE B187 104
MOVE B192 153
MOVE B229 154
MOVE B283 153
MOVE B286 91
MOVE B287 91
MOVE B288 91
MOVE B289 91
MOVE B290 82
MOVE B291 91
MOVE B292 91
MOVE B293 91
MOVE B296 160
MOVE B297 160
MOVE B298 173
MOVE B299 173
DAMAGE TURRET B201 1
DAMAGE COMBAT A204 5
DAMAGE COMBAT A205 6
DAMAGE COMBAT A206 6
DAMAGE COMBAT A208 2
DAMAGE COMBAT B201 1
DAMAGE COMBAT B207 6
DAMAGE COMBAT B244 7
DAMAGE COMBAT B245 7
END TURN 349
TURN 350
COMMAND LEFT START
MOVE A230 0
TRAIN 1
COMMAND LEFT END
COMMAND RIGHT START
MOVE B301 104
MOVE B300 104
TRAIN 3
COMMAND RIGHT END
TURN 350 RESULT
TIME LEFT 9 5 RIGHT 0 5
TRAIN A235 B302 B303 B304
MOVE A226 127
MOVE A230 171
MOVE B117 98
MOVE B229 138
MOVE B286 83
MOVE B287 83
MOVE B288 83
MOVE B289 83
MOVE B290 68
MOVE B291 83
MOVE B292 83
MOVE B293 83
MOVE B296 143
MOVE B297 143
MOVE B298 160
MOVE B299 160
MOVE B300 201
MOVE B301 201
DAMAGE TURRET B246 1
DAMAGE COMBAT A208 4
DAMAGE COMBAT A209 6
DAMAGE COMBAT A210 5
DAMAGE COMBAT B246 6
DAMAGE COMBAT B247 7
DAMAGE COMBAT B248 5
END TURN 350
TURN 351
COMMAND LEFT START
TRAIN 1
COMMAND LEFT END
COMMAND RIGHT START
MOVE B304 104
MOVE B303 104
MOVE B302 104
TRAIN 3
COMMAND RIGHT END
TURN 351 RESULT
TIME LEFT 9 5 RIGHT 0 5
TRAIN A236 B305 B306 B307
MOVE A226 109
MOVE A230 156
MOVE B117 78
MOVE B229 121
MOVE B286 65
MOVE B287 65
MOVE B288 65
MOVE B289 65
MOVE B290 62
MOVE B291 65
MOVE B292 65
MOVE B293 65
MOVE B296 125
MOVE B297 125
MOVE B298 143
MOVE B299 143
MOVE B300 190
MOVE B301 190
MOVE B302 201
MOVE B303 201
MOVE B304 201
DAMAGE TURRET B248 1
DAMAGE COMBAT A210 1
DAMAGE COMBAT A211 6
DAMAGE COMBAT A212 6
DAMAGE COMBAT B248 1
DAMAGE COMBAT B249 7
DAMAGE COMBAT B251 7
DAMAGE COMBAT B253 1
END TURN 351
TURN 352
COMMAND LEFT START
COMMAND LEFT END
COMMAND RIGHT START
MOVE B307 104
MOVE B306 104
MOVE B305 104
TRAIN 3
COMMAND RIGHT END
TURN 352 RESULT
TIME LEFT 8 5 RIGHT 0 5
TRAIN B308 B309 B310
MOVE A226 85
MOVE A230 150
MOVE B117 63
MOVE B229 98
MOVE B286 48
MOVE B287 48
MOVE B288 48
MOVE B289 48
MOVE B290 49
MOVE B291 48
MOVE B292 48
MOVE B293 48
MOVE B296 117
MOVE B297 117
MOVE B298 125
MOVE B299 125
MOVE B300 173
MOVE B301 173
MOVE B302 190
MOVE B303 190
MOVE B304 190
MOVE B305 201
MOVE B306 201
MOVE B307 201
DAMAGE TURRET B253 1
DAMAGE COMBAT A213 6
DAMAGE COMBAT A214 4
DAMAGE COMBAT B253 5
DAMAGE COMBAT B254 7
DAMAGE COMBAT B255 1
END TURN 352
TURN 353
COMMAND LEFT START
TRAIN 1
COMMAND LEFT END
COMMAND RIGHT START
MOVE B310 104
MOVE B309 104
MOVE B308 104
TRAIN 3
COMMAND RIGHT END
TURN 353 RESULT
TIME LEFT 9 5 RIGHT 0 5
TRAIN A237 B311 B312 B313
MOVE A226 68
MOVE A230 135
MOVE B117 55
MOVE B229 78
MOVE B286 35
MOVE B287 35
MOVE B288 35
MOVE B289 35
MOVE B290 53
MOVE B291 35
MOVE B292 35
MOVE B293 35
MOVE B296 104
MOVE B297 104
MOVE B298 117
MOVE B299 117
MOVE B300 160
MOVE B301 160
MOVE B302 173
MOVE B303 173
MOVE B304 173
MOVE B305 190
MOVE B306 190
MOVE B307 190
MOVE B308 201
MOVE B309 201
MOVE B310 201
DAMAGE TURRET B255 1
DAMAGE TURRET B290 1
DAMAGE COMBAT A152 1
DAMAGE COMBAT A214 2
DAMAGE COMBAT A215 6
DAMAGE COMBAT B255 5
DAMAGE COMBAT B276 7
DAMAGE COMBAT B290 1
END TURN 353
TURN 354
COMMAND LEFT START
MOVE A237 2
TRAIN 1
COMMAND LEFT END
COMMAND RIGHT START
MOVE B313 104
MOVE B312 104
MOVE B311 104
TRAIN 3
COMMAND RIGHT END
TURN 354 RESULT
TIME LEFT 9 5 RIGHT 0 5
TRAIN A238 B314 B315 B316
MOVE A226 38
MOVE A230 114
MOVE A237 2
MOVE B229 63
MOVE B286 18
MOVE B287 18
MOVE B288 18
MOVE B289 18
MOVE B291 18
MOVE B292 18
MOVE B293 18
MOVE B298 104
MOVE B299 104
MOVE B300 143
MOVE B301 143
MOVE B302 160
MOVE B303 160
MOVE B304 160
MOVE B305 173
MOVE B306 173
MOVE B307 173
MOVE B308 190
MOVE B309 190
MOVE B310 190
MOVE B311 201
MOVE B312 201
MOVE B313 201
DAMAGE TURRET B276 1
DAMAGE TURRET B290 1
DAMAGE COMBAT A152 1
DAMAGE COMBAT A216 6
DAMAGE COMBAT A217 1
DAMAGE COMBAT B277 8
DAMAGE COMBAT B278 3
DAMAGE COMBAT B290 1
END TURN 354
TURN 355
COMMAND LEFT START
MOVE A238 7
TRAIN 1
COMMAND LEFT END
COMMAND RIGHT START
MOVE B114 118
MOVE B170 118
MOVE B187 118
MOVE B316 104
MOVE B315 104
MOVE B314 104
MOVE B299 182
TRAIN 3
COMMAND RIGHT END
TURN 355 RESULT
TIME LEFT 3 5 RIGHT 0 5
TRAIN A239 B317 B318 B319
MOVE A226 30
MOVE A230 97
MOVE A238 7
MOVE B114 110
MOVE B170 110
MOVE B187 110
MOVE B229 55
MOVE B286 7
MOVE B287 7
MOVE B288 7
MOVE B289 7
MOVE B291 7
MOVE B292 7
MOVE B293 7
MOVE B299 110
MOVE B300 125
MOVE B301 125
MOVE B302 143
MOVE B303 143
MOVE B304 143
MOVE B305 160
MOVE B306 160
MOVE B307 160
MOVE B308 173
MOVE B309 173
MOVE B310 173
MOVE B311 190
MOVE B312 190
MOVE B313 190
MOVE B314 201
MOVE B315 201
MOVE B316 201
DAMAGE TURRET B278 1
DAMAGE TURRET B286 1
DAMAGE TURRET B290 1
DAMAGE COMBAT A152 1
DAMAGE COMBAT A217 5
DAMAGE COMBAT A231 6
DAMAGE COMBAT A238 1
DAMAGE COMBAT B278 4
DAMAGE COMBAT B279 6
DAMAGE COMBAT B286 2
DAMAGE COMBAT B290 1
END TURN 355
TURN 356
COMMAND LEFT START
MOVE A218 7
MOVE A219 7
MOVE A220 7
MOVE A224 7
MOVE A228 7
MOVE A229 7
MOVE A232 7
MOVE A239 7
MOVE A226 7
MOVE A233 7
COMMAND LEFT END
COMMAND RIGHT START
MOVE B319 104
MOVE B318 104
MOVE B317 104
TRAIN 3
COMMAND RIGHT END
TURN 356 RESULT
TIME LEFT 5 5 RIGHT 0 5
TRAIN B320 B321 B322
MOVE A226 21
MOVE A230 82
MOVE A239 7
MOVE B114 118
MOVE B170 118
MOVE B187 118
MOVE B299 118
MOVE B300 117
MOVE B301 117
MOVE B302 125
MOVE B303 125
MOVE B304 125
MOVE B305 143
MOVE B306 143
MOVE B307 143
MOVE B308 160
MOVE B309 160
MOVE B310 160
MOVE B311 173
MOVE B312 173
MOVE B313 173
MOVE B314 190
MOVE B315 190
MOVE B316 190
MOVE B317 201
MOVE B318 201
MOVE B319 201
DAMAGE TURRET B279 1
DAMAGE TURRET B286 1
DAMAGE TURRET B290 1
DAMAGE COMBAT A152 1
DAMAGE COMBAT A218 4
DAMAGE COMBAT A238 5
DAMAGE COMBAT A239 2
DAMAGE COMBAT B279 1
DAMAGE COMBAT B280 8
DAMAGE COMBAT B286 2
DAMAGE COMBAT B290 1
END TURN 356
TURN 357
COMMAND LEFT START
TRAIN 1
COMMAND LEFT END
COMMAND RIGHT START
MOVE B322 104
MOVE B321 104
MOVE B320 104
TRAIN 3
COMMAND RIGHT END
TURN 357 RESULT
TIME LEFT 0 5 RIGHT 0 5
TRAIN A240 B323 B324 B325
MOVE A226 9
MOVE A230 67
MOVE B299 128
MOVE B300 104
MOVE B301 104
MOVE B302 117
MOVE B303 117
MOVE B304 117
MOVE B305 125
MOVE B306 125
MOVE B307 125
MOVE B308 143
MOVE B309 143
MOVE B310 143
MOVE B311 160
MOVE B312 160
MOVE B313 160
MOVE B314 173
MOVE B315 173
MOVE B316 173
MOVE B317 190
MOVE B318 190
MOVE B319 190
MOVE B320 201
MOVE B321 201
MOVE B322 201
DAMAGE TURRET B281 1
DAMAGE TURRET B286 1
DAMAGE COMBAT A218 2
DAMAGE COMBAT A239 4
DAMAGE COMBAT B281 7
DAMAGE COMBAT B282 2
DAMAGE COMBAT B286 1
SIEGE A 7 3
END TURN 357
TURN 358
COMMAND LEFT START
MOVE A240 7
TRAIN 1
COMMAND LEFT END
COMMAND RIGHT START
MOVE B325 104
MOVE B324 104
MOVE B323 104
TRAIN 3
COMMAND RIGHT END
TURN 358 RESULT
TIME LEFT 4 5 RIGHT 0 5
TRAIN A241 B326 B327 B328
MOVE A226 7
MOVE A230 54
MOVE A240 7
MOVE B299 135
MOVE B302 104
MOVE B303 104
MOVE B304 104
MOVE B305 117
MOVE B306 117
MOVE B307 117
MOVE B308 125
MOVE B309 125
MOVE B310 125
MOVE B311 143
MOVE B312 143
MOVE B313 143
MOVE B314 160
MOVE B315 160
MOVE B316 160
MOVE B317 173
MOVE B318 173
MOVE B319 173
MOVE B320 190
MOVE B321 190
MOVE B322 190
MOVE B323 201
MOVE B324 201
MOVE B325 201
DAMAGE TURRET B282 1
DAMAGE TURRET B287 1
DAMAGE COMBAT A219 1
DAMAGE COMBAT A226 6
DAMAGE COMBAT B282 5
DAMAGE COMBAT B287 2
END TURN 358
TURN 359
COMMAND LEFT START
MOVE A241 7
TRAIN 1
COMMAND LEFT END
COMMAND RIGHT START
MOVE B328 104
MOVE B327 104
MOVE B326 104
TRAIN 3
COMMAND RIGHT END
TURN 359 RESULT
TIME LEFT 3 5 RIGHT 0 5
TRAIN A242 B329 B330 B331
MOVE A219 3
MOVE A220 3
MOVE A224 3
MOVE A228 3
MOVE A229 3
MOVE A230 36
MOVE A232 3
MOVE A233 3
MOVE A241 7
MOVE B299 150
MOVE B305 104
MOVE B306 104
MOVE B307 104
MOVE B308 117
MOVE B309 117
MOVE B310 117
MOVE B311 125
MOVE B312 125
MOVE B313 125
MOVE B314 143
MOVE B315 143
MOVE B316 143
MOVE B317 160
MOVE B318 160
MOVE B319 160
MOVE B320 173
MOVE B321 173
MOVE B322 173
MOVE B323 190
MOVE B324 190
MOVE B325 190
MOVE B326 201
MOVE B327 201
MOVE B328 201
DAMAGE TURRET B287 1
DAMAGE COMBAT A240 6
DAMAGE COMBAT B287 2
END TURN 359
TURN 360
COMMAND LEFT START
MOVE A242 7
TRAIN 1
COMMAND LEFT END
COMMAND RIGHT START
MOVE B187 104
MOVE B170 104
MOVE B114 104
MOVE B331 104
MOVE B330 104
MOVE B329 104
TRAIN 3
COMMAND RIGHT END
TURN 360 RESULT
TIME LEFT 0 5 RIGHT 0 5
TRAIN A243 B332 B333 B334
MOVE A219 7
MOVE A220 7
MOVE A224 7
MOVE A228 7
MOVE A229 7
MOVE A230 21
MOVE A232 7
MOVE A233 7
MOVE A242 7
MOVE B114 110
MOVE B170 110
MOVE B187 110
MOVE B299 156
MOVE B308 104
MOVE B309 104
MOVE B310 104
MOVE B311 117
MOVE B312 117
MOVE B313 117
MOVE B314 125
MOVE B315 125
MOVE B316 125
MOVE B317 143
MOVE B318 143
MOVE B319 143
MOVE B320 160
MOVE B321 160
MOVE B322 160
MOVE B323 173
MOVE B324 173
MOVE B325 173
MOVE B326 190
MOVE B327 190
MOVE B328 190
MOVE B329 201
MOVE B330 201
MOVE B331 201
DAMAGE TURRET B287 1
DAMAGE COMBAT A219 5
DAMAGE COMBAT A220 1
DAMAGE COMBAT B287 1
DAMAGE COMBAT B288 8
END TURN 360
TURN 361
COMMAND LEFT START
MOVE A243 7
TRAIN 1
COMMAND LEFT END
COMMAND RIGHT START
MOVE B310 2
MOVE B309 2
MOVE B308 2
MOVE B307 2
MOVE B306 2
MOVE B305 2
MOVE B304 2
MOVE B303 2
MOVE B302 2
MOVE B301 2
MOVE B300 2
MOVE B298 2
MOVE B297 2
COMMAND RIGHT END
TURN 361 RESULT
TIME LEFT 0 5 RIGHT 0 5
TRAIN A244
MOVE A230 9
MOVE A243 7
MOVE B114 104
MOVE B170 104
MOVE B187 104
MOVE B297 91
MOVE B298 91
MOVE B299 171
MOVE B300 91
MOVE B301 91
MOVE B302 91
MOVE B303 91
MOVE B304 91
MOVE B305 91
MOVE B306 91
MOVE B307 91
MOVE B308 91
MOVE B309 91
MOVE B310 91
MOVE B311 104
MOVE B312 104
MOVE B313 104
MOVE B314 117
MOVE B315 117
MOVE B316 117
MOVE B317 125
MOVE B318 125
MOVE B319 125
MOVE B320 143
MOVE B321 143
MOVE B322 143
MOVE B323 160
MOVE B324 160
MOVE B325 160
MOVE B326 173
MOVE B327 173
MOVE B328 173
MOVE B329 190
MOVE B330 190
MOVE B331 190
DAMAGE TURRET B289 1
DAMAGE COMBAT A220 4
DAMAGE COMBAT B289 7
DAMAGE COMBAT B291 2
END TURN 361
TURN 362
COMMAND LEFT START
MOVE A244 7
COMMAND LEFT END
COMMAND RIGHT START
MOVE B334 104
MOVE B333 104
MOVE B332 104
MOVE B313 53
TRAIN 3
COMMAND RIGHT END
TURN 362 RESULT
TIME LEFT 0 5 RIGHT 0 5
TRAIN B335 B336 B337
MOVE A230 0
MOVE A244 7
MOVE B297 78
MOVE B298 78
MOVE B299 182
MOVE B300 78
MOVE B301 78
MOVE B302 78
MOVE B303 78
MOVE B304 78
MOVE B305 78
MOVE B306 78
MOVE B307 78
MOVE B308 78
MOVE B309 78
MOVE B310 78
MOVE B313 87
MOVE B314 104
MOVE B315 104
MOVE B316 104
MOVE B317 117
MOVE B318 117
MOVE B319 117
MOVE B320 125
MOVE B321 125
MOVE B322 125
MOVE B323 143
MOVE B324 143
MOVE B325 143
MOVE B326 160
MOVE B327 160
MOVE B328 160
MOVE B329 173
MOVE B330 173
MOVE B331 173
MOVE B332 201
MOVE B333 201
MOVE B334 201
DAMAGE TURRET B291 1
DAMAGE TURRET B299 2
DAMAGE COMBAT A186 1
DAMAGE COMBAT A220 1
DAMAGE COMBAT A224 2
DAMAGE COMBAT B291 5
DAMAGE COMBAT B292 5
DAMAGE COMBAT B299 3
END TURN 362
TURN 363
COMMAND LEFT START
MOVE A230 7
TRAIN 1
COMMAND LEFT END
COMMAND RIGHT START
MOVE B337 104
MOVE B336 104
MOVE B335 104
TRAIN 3
COMMAND RIGHT END
TURN 363 RESULT
TIME LEFT 0 5 RIGHT 0 5
TRAIN A245 B338 B339 B340
MOVE A230 7
MOVE B297 63
MOVE B298 63
MOVE B300 63
MOVE B301 63
MOVE B302 63
MOVE B303 63
MOVE B304 63
MOVE B305 63
MOVE B306 63
MOVE B307 63
MOVE B308 63
MOVE B309 63
MOVE B310 63
MOVE B313 88
MOVE B317 104
MOVE B318 104
MOVE B319 104
MOVE B320 117
MOVE B321 117
MOVE B322 117
MOVE B323 125
MOVE B324 125
MOVE B325 125
MOVE B326 143
MOVE B327 143
MOVE B328 143
MOVE B329 160
MOVE B330 160
MOVE B331 160
MOVE B332 190
MOVE B333 190
MOVE B334 190
MOVE B335 201
MOVE B336 201
MOVE B337 201
DAMAGE TURRET B292 1
DAMAGE TURRET B299 2
DAMAGE COMBAT A186 1
DAMAGE COMBAT A224 2
DAMAGE COMBAT B292 2
DAMAGE COMBAT B293 8
DAMAGE COMBAT B299 1
END TURN 363
TURN 364
COMMAND LEFT START
MOVE A245 182
TRAIN 1
COMMAND LEFT END
COMMAND RIGHT START
MOVE B340 104
MOVE B339 104
MOVE B338 104
TRAIN 3
COMMAND RIGHT END
TURN 364 RESULT
TIME LEFT 0 5 RIGHT 0 5
TRAIN A246 B341 B342 B343
MOVE A245 9
MOVE B297 47
MOVE B298 47
MOVE B300 47
MOVE B301 47
MOVE B302 47
MOVE B303 47
MOVE B304 47
MOVE B305 47
MOVE B306 47
MOVE B307 47
MOVE B308 47
MOVE B309 47
MOVE B310 47
MOVE B313 82
MOVE B320 104
MOVE B321 104
MOVE B322 104
MOVE B323 117
MOVE B324 117
MOVE B325 117
MOVE B326 125
MOVE B327 125
MOVE B328 125
MOVE B329 143
MOVE B330 143
MOVE B331 143
MOVE B332 173
MOVE B333 173
MOVE B334 173
MOVE B335 190
MOVE B336 190
MOVE B337 190
MOVE B338 201
MOVE B339 201
MOVE B340 201
END TURN 364
TURN 365
COMMAND LEFT START
MOVE A246 182
TRAIN 1
COMMAND LEFT END
COMMAND RIGHT START
MOVE B343 104
MOVE B342 104
MOVE B341 104
TRAIN 3
COMMAND RIGHT END
TURN 365 RESULT
TIME LEFT 0 5 RIGHT 0 5
TRAIN A247 B344 B345 B346
MOVE A245 21
MOVE A246 9
MOVE B297 33
MOVE B298 33
MOVE B300 33
MOVE B301 33
MOVE B302 33
MOVE B303 33
MOVE B304 33
MOVE B305 33
MOVE B306 33
MOVE B307 33
MOVE B308 33
MOVE B309 33
MOVE B310 33
MOVE B313 68
MOVE B323 104
MOVE B324 104
MOVE B325 104
MOVE B326 117
MOVE B327 117
MOVE B328 117
MOVE B329 125
MOVE B330 125
MOVE B331 125
MOVE B332 160
MOVE B333 160
MOVE B334 160
MOVE B335 173
MOVE B336 173
MOVE B337 173
MOVE B338 190
MOVE B339 190
MOVE B340 190
MOVE B341 201
MOVE B342 201
MOVE B343 201
END TURN 365
TURN 366
COMMAND LEFT START
MOVE A247 7
COMMAND LEFT END
COMMAND RIGHT START
TRAIN 3
COMMAND RIGHT END
TURN 366 RESULT
TIME LEFT 0 5 RIGHT 0 5
TRAIN B347 B348 B349
MOVE A245 36
MOVE A246 21
MOVE A247 7
MOVE B297 23
MOVE B298 23
MOVE B300 23
MOVE B301 23
MOVE B302 23
MOVE B303 23
MOVE B304 23
MOVE B305 23
MOVE B306 23
MOVE B307 23
MOVE B308 23
MOVE B309 23
MOVE B310 23
MOVE B313 62
MOVE B326 104
MOVE B327 104
MOVE B328 104
MOVE B329 117
MOVE B330 117
MOVE B331 117
MOVE B332 143
MOVE B333 143
MOVE B334 143
MOVE B335 160
MOVE B336 160
MOVE B337 160
MOVE B338 173
MOVE B339 173
MOVE B340 173
MOVE B341 190
MOVE B342 190
MOVE B343 190
END TURN 366
TURN 367
COMMAND LEFT START
MOVE A224 2
MOVE A228 2
MOVE A229 2
MOVE A230 2
MOVE A232 2
MOVE A233 2
MOVE A234 2
MOVE A235 2
MOVE A236 2
MOVE A241 2
MOVE A242 2
MOVE A243 2
MOVE A244 2
MOVE A247 2
TRAIN 1
COMMAND LEFT END
COMMAND RIGHT START
MOVE B349 182
TRAIN 3
COMMAND RIGHT END
TURN 367 RESULT
TIME LEFT 6 5 RIGHT 1 5
TRAIN A248 B350 B351 B352
MOVE A224 3
MOVE A228 3
MOVE A229 3
MOVE A230 3
MOVE A232 3
MOVE A233 3
MOVE A234 2
MOVE A235 2
MOVE A236 2
MOVE A241 3
MOVE A242 3
MOVE A243 3
MOVE A244 3
MOVE A245 54
MOVE A246 36
MOVE A247 3
MOVE B297 14
MOVE B298 14
MOVE B300 14
MOVE B301 14
MOVE B302 14
MOVE B303 14
MOVE B304 14
MOVE B305 14
MOVE B306 14
MOVE B307 14
MOVE B308 14
MOVE B309 14
MOVE B310 14
MOVE B313 49
MOVE B329 104
MOVE B330 104
MOVE B331 104
MOVE B332 125
MOVE B333 125
MOVE B334 125
MOVE B335 143
MOVE B336 143
MOVE B337 143
MOVE B338 160
MOVE B339 160
MOVE B340 160
MOVE B341 173
MOVE B342 173
MOVE B343 173
MOVE B349 205
END TURN 367
TURN 368
COMMAND LEFT START
TRAIN 1
COMMAND LEFT END
COMMAND RIGHT START
MOVE B331 7
MOVE B330 7
MOVE B329 7
MOVE B328 7
MOVE B327 7
MOVE B326 7
MOVE B325 7
MOVE B324 7
MOVE B323 7
MOVE B322 7
MOVE B321 7
MOVE B320 7
MOVE B319 7
MOVE B318 7
MOVE B317 7
MOVE B316 7
MOVE B315 7
MOVE B314 7
MOVE B312 7
MOVE B311 7
MOVE B296 7
MOVE B285 7
MOVE B187 7
COMMAND RIGHT END
TURN 368 RESULT
TIME LEFT 9 5 RIGHT 0 5
TRAIN A249
MOVE A224 2
MOVE A228 2
MOVE A229 2
MOVE A230 2
MOVE A232 2
MOVE A233 2
MOVE A241 2
MOVE A242 2
MOVE A243 2
MOVE A244 2
MOVE A245 67
MOVE A246 54
MOVE A247 2
MOVE B187 91
MOVE B285 91
MOVE B296 91
MOVE B297 2
MOVE B298 2
MOVE B300 2
MOVE B301 2
MOVE B302 2
MOVE B303 2
MOVE B304 2
MOVE B305 2
MOVE B306 2
MOVE B307 2
MOVE B308 2
MOVE B309 2
MOVE B310 2
MOVE B311 91
MOVE B312 91
MOVE B313 53
MOVE B314 91
MOVE B315 91
MOVE B316 91
MOVE B317 91
MOVE B318 91
MOVE B319 91
MOVE B320 91
MOVE B321 91
MOVE B322 91
MOVE B323 91
MOVE B324 91
MOVE B325 91
MOVE B326 91
MOVE B327 91
MOVE B328 91
MOVE B329 91
MOVE B330 91
MOVE B331 91
MOVE B332 117
MOVE B333 117
MOVE B334 117
MOVE B335 125
MOVE B336 125
MOVE B337 125
MOVE B338 143
MOVE B339 143
MOVE B340 143
MOVE B341 160
MOVE B342 160
MOVE B343 160
MOVE B349 194
DAMAGE TURRET B297 1
DAMAGE TURRET B313 1
DAMAGE COMBAT A152 1
DAMAGE COMBAT A224 2
DAMAGE COMBAT A228 6
DAMAGE COMBAT A229 5
DAMAGE COMBAT B297 7
DAMAGE COMBAT B298 8
DAMAGE COMBAT B313 1
END TURN 368
TURN 369
COMMAND LEFT START
COMMAND LEFT END
COMMAND RIGHT START
MOVE B352 104
MOVE B351 104
MOVE B350 104
MOVE B348 104
MOVE B347 104
MOVE B346 104
MOVE B345 104
MOVE B344 104
TRAIN 3
COMMAND RIGHT END
TURN 369 RESULT
TIME LEFT 13 5 RIGHT 0 5
TRAIN B353 B354 B355
MOVE A245 82
MOVE A246 67
MOVE B187 83
MOVE B285 83
MOVE B296 83
MOVE B311 83
MOVE B312 83
MOVE B314 83
MOVE B315 83
MOVE B316 83
MOVE B317 83
MOVE B318 83
MOVE B319 83
MOVE B320 83
MOVE B321 83
MOVE B322 83
MOVE B323 83
MOVE B324 83
MOVE B325 83
MOVE B326 83
MOVE B327 83
MOVE B328 83
MOVE B329 83
MOVE B330 83
MOVE B331 83
MOVE B332 104
MOVE B333 104
MOVE B334 104
MOVE B335 117
MOVE B336 117
MOVE B337 117
MOVE B338 125
MOVE B339 125
MOVE B340 125
MOVE B341 143
MOVE B342 143
MOVE B343 143
MOVE B344 201
MOVE B345 201
MOVE B346 201
MOVE B347 201
MOVE B348 201
MOVE B349 198
MOVE B350 201
MOVE B351 201
MOVE B352 201
DAMAGE TURRET B300 1
DAMAGE TURRET B313 1
DAMAGE COMBAT A152 1
DAMAGE COMBAT A229 1
DAMAGE COMBAT A230 6
DAMAGE COMBAT A232 4
DAMAGE COMBAT B300 7
DAMAGE COMBAT B301 6
DAMAGE COMBAT B313 1
END TURN 369
TURN 370
COMMAND LEFT START
TRAIN 1
COMMAND LEFT END
COMMAND RIGHT START
MOVE B313 42
MOVE B355 104
MOVE B354 104
MOVE B353 104
MOVE B334 29
TRAIN 3
COMMAND RIGHT END
TURN 370 RESULT
TIME LEFT 13 5 RIGHT 0 5
TRAIN A250 B356 B357 B358
MOVE A245 97
MOVE A246 82
MOVE B187 65
MOVE B285 65
MOVE B296 65
MOVE B311 65
MOVE B312 65
MOVE B313 49
MOVE B314 65
MOVE B315 65
MOVE B316 65
MOVE B317 65
MOVE B318 65
MOVE B319 65
MOVE B320 65
MOVE B321 65
MOVE B322 65
MOVE B323 65
MOVE B324 65
MOVE B325 65
MOVE B326 65
MOVE B327 65
MOVE B328 65
MOVE B329 65
MOVE B330 65
MOVE B331 65
MOVE B334 87
MOVE B335 104
MOVE B336 104
MOVE B337 104
MOVE B338 117
MOVE B339 117
MOVE B340 117
MOVE B341 125
MOVE B342 125
MOVE B343 125
MOVE B344 190
MOVE B345 190
MOVE B346 190
MOVE B347 190
MOVE B348 190
MOVE B349 192
MOVE B350 190
MOVE B351 190
MOVE B352 190
MOVE B353 201
MOVE B354 201
MOVE B355 201
DAMAGE TURRET B301 1
DAMAGE COMBAT A232 2
DAMAGE COMBAT A233 6
DAMAGE COMBAT A234 2
DAMAGE COMBAT B301 1
DAMAGE COMBAT B302 8
DAMAGE COMBAT B303 2
END TURN 370
TURN 371
COMMAND LEFT START
COMMAND LEFT END
COMMAND RIGHT START
MOVE B358 104
MOVE B357 104
MOVE B356 104
TRAIN 3
COMMAND RIGHT END
TURN 371 RESULT
TIME LEFT 14 5 RIGHT 0 5
TRAIN B359 B360 B361
MOVE A245 114
MOVE A246 97
MOVE B187 48
MOVE B285 48
MOVE B296 48
MOVE B311 48
MOVE B312 48
MOVE B313 44
MOVE B314 48
MOVE B315 48
MOVE B316 48
MOVE B317 48
MOVE B318 48
MOVE B319 48
MOVE B320 48
MOVE B321 48
MOVE B322 48
MOVE B323 48
MOVE B324 48
MOVE B325 48
MOVE B326 48
MOVE B327 48
MOVE B328 48
MOVE B329 48
MOVE B330 48
MOVE B331 48
MOVE B334 88
MOVE B338 104
MOVE B339 104
MOVE B340 104
MOVE B341 117
MOVE B342 117
MOVE B343 117
MOVE B344 173
MOVE B345 173
MOVE B346 173
MOVE B347 173
MOVE B348 173
MOVE B349 182
MOVE B350 173
MOVE B351 173
MOVE B352 173
MOVE B353 190
MOVE B354 190
MOVE B355 190
MOVE B356 201
MOVE B357 201
MOVE B358 201
DAMAGE TURRET B303 1
DAMAGE TURRET B349 2
DAMAGE COMBAT A186 1
DAMAGE COMBAT A234 4
DAMAGE COMBAT A235 4
DAMAGE COMBAT B303 5
DAMAGE COMBAT B304 4
DAMAGE COMBAT B349 3
END TURN 371
TURN 372
COMMAND LEFT START
TRAIN 1
COMMAND LEFT END
COMMAND RIGHT START
MOVE B114 118
MOVE B170 118
MOVE B332 118
MOVE B340 53
MOVE B339 53
MOVE B338 53
MOVE B337 53
MOVE B336 53
COMMAND RIGHT END
TURN 372 RESULT
TIME LEFT 14 5 RIGHT 0 5
TRAIN A251
MOVE A245 135
MOVE A246 114
MOVE B114 110
MOVE B170 110
MOVE B187 35
MOVE B285 35
MOVE B296 35
MOVE B311 35
MOVE B312 35
MOVE B313 38
MOVE B314 35
MOVE B315 35
MOVE B316 35
MOVE B317 35
MOVE B318 35
MOVE B319 35
MOVE B320 35
MOVE B321 35
MOVE B322 35
MOVE B323 35
MOVE B324 35
MOVE B325 35
MOVE B326 35
MOVE B327 35
MOVE B328 35
MOVE B329 35
MOVE B330 35
MOVE B331 35
MOVE B332 110
MOVE B334 82
MOVE B336 87
MOVE B337 87
MOVE B338 87
MOVE B339 87
MOVE B340 87
MOVE B341 104
MOVE B342 104
MOVE B343 104
MOVE B344 160
MOVE B345 160
MOVE B346 160
MOVE B347 160
MOVE B348 160
MOVE B350 160
MOVE B351 160
MOVE B352 160
MOVE B353 173
MOVE B354 173
MOVE B355 173
MOVE B356 190
MOVE B357 190
MOVE B358 190
DAMAGE TURRET B304 1
DAMAGE TURRET B349 2
DAMAGE COMBAT A186 1
DAMAGE COMBAT A235 2
DAMAGE COMBAT A236 5
DAMAGE COMBAT B304 3
DAMAGE COMBAT B305 5
DAMAGE COMBAT B349 1
END TURN 372
TURN 373
COMMAND LEFT START
MOVE A251 2
COMMAND LEFT END
COMMAND RIGHT START
MOVE B333 118
MOVE B335 118
MOVE B341 118
MOVE B361 104
MOVE B360 104
MOVE B359 104
TRAIN 3
COMMAND RIGHT END
TURN 373 RESULT
TIME LEFT 14 5 RIGHT 0 5
TRAIN B362 B363 B364
MOVE A245 150
MOVE A246 135
MOVE A251 2
MOVE B114 118
MOVE B170 118
MOVE B187 18
MOVE B285 18
MOVE B296 18
MOVE B311 18
MOVE B312 18
MOVE B313 36
MOVE B314 18
MOVE B315 18
MOVE B316 18
MOVE B317 18
MOVE B318 18
MOVE B319 18
MOVE B320 18
MOVE B321 18
MOVE B322 18
MOVE B323 18
MOVE B324 18
MOVE B325 18
MOVE B326 18
MOVE B327 18
MOVE B328 18
MOVE B329 18
MOVE B330 18
MOVE B331 18
MOVE B332 118
MOVE B333 110
MOVE B334 68
MOVE B335 110
MOVE B336 88
MOVE B337 88
MOVE B338 88
MOVE B339 88
MOVE B340 88
MOVE B341 110
MOVE B344 143
MOVE B345 143
MOVE B346 143
MOVE B347 143
MOVE B348 143
MOVE B350 143
MOVE B351 143
MOVE B352 143
MOVE B353 160
MOVE B354 160
MOVE B355 160
MOVE B356 173
MOVE B357 173
MOVE B358 173
MOVE B359 201
MOVE B360 201
MOVE B361 201
DAMAGE TURRET B305 1
DAMAGE COMBAT A236 1
DAMAGE COMBAT A237 5
DAMAGE COMBAT B305 2
DAMAGE COMBAT B306 6
END TURN 373
TURN 374
COMMAND LEFT START
TRAIN 1
COMMAND LEFT END
COMMAND RIGHT START
MOVE B364 104
MOVE B363 104
MOVE B362 104
TRAIN 3
COMMAND RIGHT END
TURN 374 RESULT
TIME LEFT 14 5 RIGHT 0 5
TRAIN A252 B365 B366 B367
MOVE A245 156
MOVE A246 150
MOVE B187 7
MOVE B285 7
MOVE B296 7
MOVE B311 7
MOVE B312 7
MOVE B313 42
MOVE B314 7
MOVE B315 7
MOVE B316 7
MOVE B317 7
MOVE B318 7
MOVE B319 7
MOVE B320 7
MOVE B321 7
MOVE B322 7
MOVE B323 7
MOVE B324 7
MOVE B325 7
MOVE B326 7
MOVE B327 7
MOVE B328 7
MOVE B329 7
MOVE B330 7
MOVE B331 7
MOVE B333 118
MOVE B334 62
MOVE B335 118
MOVE B336 82
MOVE B337 82
MOVE B338 82
MOVE B339 82
MOVE B340 82
MOVE B341 118
MOVE B344 125
MOVE B345 125
MOVE B346 125
MOVE B347 125
MOVE B348 125
MOVE B350 125
MOVE B351 125
MOVE B352 125
MOVE B353 143
MOVE B354 143
MOVE B355 143
MOVE B356 160
MOVE B357 160
MOVE B358 160
MOVE B359 190
MOVE B360 190
MOVE B361 190
MOVE B362 201
MOVE B363 201
MOVE B364 201
DAMAGE TURRET B187 1
DAMAGE TURRET B306 1
DAMAGE COMBAT A237 1
DAMAGE COMBAT A241 4
DAMAGE COMBAT B306 1
DAMAGE COMBAT B307 6
SIEGE A 7 3
END TURN 374
TURN 375
COMMAND LEFT START
MOVE A251 53
TRAIN 1
COMMAND LEFT END
COMMAND RIGHT START
MOVE B187 104
MOVE B285 104
MOVE B296 104
MOVE B311 104
MOVE B312 104
MOVE B314 104
MOVE B315 104
MOVE B316 104
MOVE B317 104
MOVE B318 104
MOVE B319 104
MOVE B320 104
MOVE B321 104
MOVE B322 104
MOVE B323 104
MOVE B324 104
MOVE B325 104
MOVE B326 104
MOVE B327 104
MOVE B328 104
MOVE B329 104
MOVE B330 104
MOVE B341 104
MOVE B335 104
MOVE B333 104
MOVE B332 104
MOVE B170 104
MOVE B114 104
MOVE B313 104
MOVE B367 104
MOVE B366 104
MOVE B365 104
UPGRADE 7
TRAIN 3
COMMAND RIGHT END
TURN 375 RESULT
TIME LEFT 9 5 RIGHT 0 5
UPGRADE B 7
TRAIN A253 B368 B369 B370
MOVE A245 171
MOVE A246 156
MOVE B114 110
MOVE B170 110
MOVE B187 18
MOVE B285 18
MOVE B296 18
MOVE B311 18
MOVE B312 18
MOVE B313 48
MOVE B314 18
MOVE B315 18
MOVE B316 18
MOVE B317 18
MOVE B318 18
MOVE B319 18
MOVE B320 18
MOVE B321 18
MOVE B322 18
MOVE B323 18
MOVE B324 18
MOVE B325 18
MOVE B326 18
MOVE B327 18
MOVE B328 18
MOVE B329 18
MOVE B330 18
MOVE B332 110
MOVE B333 110
MOVE B334 49
MOVE B335 110
MOVE B336 68
MOVE B337 68
MOVE B338 68
MOVE B339 68
MOVE B340 68
MOVE B341 110
MOVE B344 117
MOVE B345 117
MOVE B346 117
MOVE B347 117
MOVE B348 117
MOVE B350 117
MOVE B351 117
MOVE B352 117
MOVE B353 125
MOVE B354 125
MOVE B355 125
MOVE B356 143
MOVE B357 143
MOVE B358 143
MOVE B359 173
MOVE B360 173
MOVE B361 173
MOVE B362 190
MOVE B363 190
MOVE B364 190
MOVE B365 201
MOVE B366 201
MOVE B367 201
DAMAGE TURRET B307 1
DAMAGE COMBAT A241 2
DAMAGE COMBAT A242 2
DAMAGE COMBAT B307 1
DAMAGE COMBAT B308 5
END TURN 375
TURN 376
COMMAND LEFT START
MOVE A252 53
COMMAND LEFT END
COMMAND RIGHT START
MOVE B32 7
MOVE B90 7
MOVE B117 7
MOVE B229 7
MOVE B118 7
MOVE B230 55
MOVE B243 55
MOVE B259 42
TRAIN 2
COMMAND RIGHT END
TURN 376 RESULT
TIME LEFT 14 5 RIGHT 0 5
TRAIN B371 B372
MOVE A245 182
MOVE A246 171
MOVE A252 9
MOVE B32 31
MOVE B90 31
MOVE B114 104
MOVE B117 50
MOVE B118 16
MOVE B170 104
MOVE B187 35
MOVE B229 50
MOVE B230 199
MOVE B243 199
MOVE B259 201
MOVE B285 35
MOVE B296 35
MOVE B311 35
MOVE B312 35
MOVE B313 65
MOVE B314 35
MOVE B315 35
MOVE B316 35
MOVE B317 35
MOVE B318 35
MOVE B319 35
MOVE B320 35
MOVE B321 35
MOVE B322 35
MOVE B323 35
MOVE B324 35
MOVE B325 35
MOVE B326 35
MOVE B327 35
MOVE B328 35
MOVE B329 35
MOVE B330 35
MOVE B332 104
MOVE B333 104
MOVE B334 29
MOVE B335 104
MOVE B336 62
MOVE B337 62
MOVE B338 62
MOVE B339 62
MOVE B340 62
MOVE B341 104
MOVE B344 104
MOVE B345 104
MOVE B346 104
MOVE B347 104
MOVE B348 104
MOVE B350 104
MOVE B351 104
MOVE B352 104
MOVE B353 117
MOVE B354 117
MOVE B355 117
MOVE B356 125
MOVE B357 125
MOVE B358 125
MOVE B359 160
MOVE B360 160
MOVE B361 160
MOVE B362 173
MOVE B363 173
MOVE B364 173
MOVE B365 190
MOVE B366 190
MOVE B367 190
DAMAGE TURRET B308 1
DAMAGE COMBAT A242 3
DAMAGE COMBAT B308 2
DAMAGE COMBAT B309 3
END TURN 376
TURN 377
COMMAND LEFT START
MOVE A245 53
MOVE A253 53
TRAIN 1
COMMAND LEFT END
COMMAND RIGHT START
MOVE B114 42
MOVE B170 26
MOVE B372 182
MOVE B371 104
UPGRADE 7
UPGRADE 29
TRAIN 3
COMMAND RIGHT END
TURN 377 RESULT
TIME LEFT 19 5 RIGHT 0 5
UPGRADE B 7
UPGRADE B 29
TRAIN A254 B373 B374 B375
MOVE A245 171
MOVE A246 182
MOVE A252 21
MOVE A253 9
MOVE B32 18
MOVE B90 18
MOVE B114 91
MOVE B117 35
MOVE B118 10
MOVE B170 98
MOVE B187 48
MOVE B229 35
MOVE B230 187
MOVE B243 187
MOVE B259 190
MOVE B285 48
MOVE B296 48
MOVE B311 48
MOVE B312 48
MOVE B313 83
MOVE B314 48
MOVE B315 48
MOVE B316 48
MOVE B317 48
MOVE B318 48
MOVE B319 48
MOVE B320 48
MOVE B321 48
MOVE B322 48
MOVE B323 48
MOVE B324 48
MOVE B325 48
MOVE B326 48
MOVE B327 48
MOVE B328 48
MOVE B329 48
MOVE B330 48
MOVE B336 49
MOVE B337 49
MOVE B338 49
MOVE B339 49
MOVE B340 49
MOVE B353 104
MOVE B354 104
MOVE B355 104
MOVE B356 117
MOVE B357 117
MOVE B358 117
MOVE B359 143
MOVE B360 143
MOVE B361 143
MOVE B362 160
MOVE B363 160
MOVE B364 160
MOVE B365 173
MOVE B366 173
MOVE B367 173
MOVE B371 201
MOVE B372 205
DAMAGE TURRET B309 1
DAMAGE COMBAT A242 1
DAMAGE COMBAT A243 1
DAMAGE COMBAT B309 4
DAMAGE COMBAT B310 1
END TURN 377
TURN 378
COMMAND LEFT START
MOVE A246 53
MOVE A254 2
TRAIN 1
COMMAND LEFT END
COMMAND RIGHT START
MOVE B375 104
MOVE B374 104
MOVE B373 104
UPGRADE 29
TRAIN 3
COMMAND RIGHT END
TURN 378 RESULT
TIME LEFT 23 5 RIGHT 0 5
UPGRADE B 29
TRAIN A255 B376 B377 B378
MOVE A245 157
MOVE A246 171
MOVE A252 20
MOVE A253 21
MOVE A254 2
MOVE B32 7
MOVE B90 7
MOVE B114 83
MOVE B117 18
MOVE B118 14
MOVE B170 90
MOVE B187 65
MOVE B229 18
MOVE B230 172
MOVE B243 172
MOVE B259 173
MOVE B285 65
MOVE B296 65
MOVE B311 65
MOVE B312 65
MOVE B313 91
MOVE B314 65
MOVE B315 65
MOVE B316 65
MOVE B317 65
MOVE B318 65
MOVE B319 65
MOVE B320 65
MOVE B321 65
MOVE B322 65
MOVE B323 65
MOVE B324 65
MOVE B325 65
MOVE B326 65
MOVE B327 65
MOVE B328 65
MOVE B329 65
MOVE B330 65
MOVE B336 53
MOVE B337 53
MOVE B338 53
MOVE B339 53
MOVE B340 53
MOVE B356 104
MOVE B357 104
MOVE B358 104
MOVE B359 125
MOVE B360 125
MOVE B361 125
MOVE B362 143
MOVE B363 143
MOVE B364 143
MOVE B365 160
MOVE B366 160
MOVE B367 160
MOVE B371 190
MOVE B372 194
MOVE B373 201
MOVE B374 201
MOVE B375 201
DAMAGE TURRET B310 1
DAMAGE TURRET B336 1
DAMAGE COMBAT A243 1
DAMAGE COMBAT B310 5
SIEGE A 53 5
END TURN 378
TURN 379
COMMAND LEFT START
MOVE A244 0
MOVE A247 0
MOVE A254 0
COMMAND LEFT END
COMMAND RIGHT START
MOVE B332 29
MOVE B331 104
MOVE B378 104
MOVE B377 104
MOVE B376 104
UPGRADE 29
TRAIN 3
COMMAND RIGHT END
TURN 379 RESULT
TIME LEFT 16 5 RIGHT 0 5
UPGRADE B 29
TRAIN B379 B380 B381
MOVE A245 151
MOVE A246 157
MOVE A252 22
MOVE A253 20
MOVE B114 65
MOVE B117 7
MOVE B118 15
MOVE B170 80
MOVE B187 83
MOVE B229 7
MOVE B230 154
MOVE B243 154
MOVE B259 158
MOVE B285 83
MOVE B296 83
MOVE B311 83
MOVE B312 83
MOVE B313 104
MOVE B314 83
MOVE B315 83
MOVE B316 83
MOVE B317 83
MOVE B318 83
MOVE B319 83
MOVE B320 83
MOVE B321 83
MOVE B322 83
MOVE B323 83
MOVE B324 83
MOVE B325 83
MOVE B326 83
MOVE B327 83
MOVE B328 83
MOVE B329 83
MOVE B330 83
MOVE B331 18
MOVE B332 87
MOVE B359 117
MOVE B360 117
MOVE B361 117
MOVE B362 125
MOVE B363 125
MOVE B364 125
MOVE B365 143
MOVE B366 143
MOVE B367 143
MOVE B371 173
MOVE B372 198
MOVE B373 190
MOVE B374 190
MOVE B375 190
MOVE B376 201
MOVE B377 201
MOVE B378 201
DAMAGE TURRET B310 1
DAMAGE TURRET B336 1
DAMAGE COMBAT A243 1
SIEGE A 53 1
END TURN 379
TURN 380
COMMAND LEFT START
TRAIN 1
COMMAND LEFT END
COMMAND RIGHT START
MOVE B313 29
MOVE B336 104
MOVE B337 104
MOVE B338 104
MOVE B339 104
MOVE B229 104
MOVE B381 104
MOVE B380 104
MOVE B379 104
UPGRADE 7
UPGRADE 53
TRAIN 3
COMMAND RIGHT END
TURN 380 RESULT
TIME LEFT 0 5 RIGHT 1 5
UPGRADE B 7
UPGRADE B 53
TRAIN A256 B382 B383 B384
MOVE A244 0
MOVE A245 124
MOVE A246 151
MOVE A247 0
MOVE A251 3
MOVE A252 29
MOVE A253 22
MOVE A254 0
MOVE B114 48
MOVE B118 7
MOVE B170 73
MOVE B187 91
MOVE B229 18
MOVE B230 138
MOVE B243 138
MOVE B259 144
MOVE B285 91
MOVE B296 91
MOVE B311 91
MOVE B312 91
MOVE B313 87
MOVE B314 91
MOVE B315 91
MOVE B316 91
MOVE B317 91
MOVE B318 91
MOVE B319 91
MOVE B320 91
MOVE B321 91
MOVE B322 91
MOVE B323 91
MOVE B324 91
MOVE B325 91
MOVE B326 91
MOVE B327 91
MOVE B328 91
MOVE B329 91
MOVE B330 91
MOVE B331 35
MOVE B332 88
MOVE B336 49
MOVE B337 49
MOVE B338 49
MOVE B339 49
MOVE B359 104
MOVE B360 104
MOVE B361 104
MOVE B362 117
MOVE B363 117
MOVE B364 117
MOVE B365 125
MOVE B366 125
MOVE B367 125
MOVE B371 160
MOVE B372 192
MOVE B373 173
MOVE B374 173
MOVE B375 173
MOVE B376 190
MOVE B377 190
MOVE B378 190
MOVE B379 201
MOVE B380 201
MOVE B381 201
DAMAGE TURRET A252 2
DAMAGE COMBAT A252 1
DAMAGE COMBAT B334 1
END TURN 380
TURN 381
COMMAND LEFT START
COMMAND LEFT END
COMMAND RIGHT START
MOVE B172 42
MOVE B196 42
MOVE B333 42
MOVE B335 42
MOVE B341 90
MOVE B342 90
MOVE B361 2
MOVE B360 2
MOVE B359 2
MOVE B358 2
MOVE B357 2
MOVE B356 2
MOVE B355 2
MOVE B354 2
MOVE B353 2
MOVE B352 2
MOVE B351 2
MOVE B350 2
MOVE B348 2
MOVE B347 2
MOVE B346 2
MOVE B345 2
COMMAND RIGHT END
TURN 381 RESULT
TIME LEFT 0 5 RIGHT 0 5
MOVE A245 113
MOVE A246 124
MOVE A251 7
MOVE A253 29
MOVE B114 42
MOVE B170 58
MOVE B172 78
MOVE B187 104
MOVE B196 78
MOVE B229 35
MOVE B230 121
MOVE B243 121
MOVE B259 130
MOVE B285 104
MOVE B296 104
MOVE B311 104
MOVE B312 104
MOVE B313 88
MOVE B314 104
MOVE B315 104
MOVE B316 104
MOVE B317 104
MOVE B318 104
MOVE B319 104
MOVE B320 104
MOVE B321 104
MOVE B322 104
MOVE B323 104
MOVE B324 104
MOVE B325 104
MOVE B326 104
MOVE B327 104
MOVE B328 104
MOVE B329 104
MOVE B330 104
MOVE B331 48
MOVE B332 82
MOVE B333 91
MOVE B335 91
MOVE B336 62
MOVE B337 62
MOVE B338 62
MOVE B339 62
MOVE B341 98
MOVE B342 98
MOVE B345 91
MOVE B346 91
MOVE B347 91
MOVE B348 91
MOVE B350 91
MOVE B351 91
MOVE B352 91
MOVE B353 91
MOVE B354 91
MOVE B355 91
MOVE B356 91
MOVE B357 91
MOVE B358 91
MOVE B359 91
MOVE B360 91
MOVE B361 91
MOVE B362 104
MOVE B363 104
MOVE B364 104
MOVE B365 117
MOVE B366 117
MOVE B367 117
MOVE B371 143
MOVE B372 182
MOVE B373 160
MOVE B374 160
MOVE B375 160
MOVE B376 173
MOVE B377 173
MOVE B378 173
MOVE B379 190
MOVE B380 190
MOVE B381 190
DAMAGE TURRET A251 2
DAMAGE TURRET A252 2
DAMAGE TURRET B372 2
DAMAGE COMBAT A186 1
DAMAGE COMBAT A251 4
DAMAGE COMBAT A252 1
DAMAGE COMBAT B32 1
DAMAGE COMBAT B334 2
DAMAGE COMBAT B372 3
END TURN 381
TURN 382
COMMAND LEFT START
MOVE A244 182
TRAIN 1
COMMAND LEFT END
COMMAND RIGHT START
MOVE B91 7
MOVE B129 7
MOVE B187 7
MOVE B285 7
MOVE B296 7
MOVE B32 26
MOVE B384 104
MOVE B383 104
MOVE B382 104
UPGRADE 53
TRAIN 2
COMMAND RIGHT END
TURN 382 RESULT
TIME LEFT 0 5 RIGHT 1 5
UPGRADE B 53
TRAIN A257 B385 B386
MOVE A244 9
MOVE A245 100
MOVE A246 113
MOVE B32 15
MOVE B91 31
MOVE B129 16
MOVE B170 52
MOVE B172 64
MOVE B187 91
MOVE B196 64
MOVE B229 48
MOVE B230 98
MOVE B243 98
MOVE B259 110
MOVE B285 91
MOVE B296 91
MOVE B313 82
MOVE B331 65
MOVE B332 68
MOVE B333 83
MOVE B335 83
MOVE B336 68
MOVE B337 68
MOVE B338 68
MOVE B339 68
MOVE B341 90
MOVE B342 90
MOVE B345 78
MOVE B346 78
MOVE B347 78
MOVE B348 78
MOVE B350 78
MOVE B351 78
MOVE B352 78
MOVE B353 78
MOVE B354 78
MOVE B355 78
MOVE B356 78
MOVE B357 78
MOVE B358 78
MOVE B359 78
MOVE B360 78
MOVE B361 78
MOVE B365 104
MOVE B366 104
MOVE B367 104
MOVE B371 125
MOVE B373 143
MOVE B374 143
MOVE B375 143
MOVE B376 160
MOVE B377 160
MOVE B378 160
MOVE B379 173
MOVE B380 173
MOVE B381 173
MOVE B382 201
MOVE B383 201
MOVE B384 201
DAMAGE TURRET A253 2
DAMAGE TURRET B372 2
DAMAGE COMBAT A207 1
DAMAGE COMBAT A253 1
DAMAGE COMBAT B334 1
DAMAGE COMBAT B372 1
END TURN 382
TURN 383
COMMAND LEFT START
COMMAND LEFT END
COMMAND RIGHT START
MOVE B197 7
MOVE B341 7
MOVE B311 7
MOVE B312 90
MOVE B314 90
MOVE B315 53
MOVE B386 104
MOVE B385 104
TRAIN 3
COMMAND RIGHT END
TURN 383 RESULT
TIME LEFT 0 5 RIGHT 1 5
TRAIN B387 B388 B389
MOVE A244 21
MOVE A245 79
MOVE A246 100
MOVE B32 14
MOVE B91 18
MOVE B129 10
MOVE B170 37
MOVE B172 48
MOVE B187 83
MOVE B196 48
MOVE B197 78
MOVE B229 65
MOVE B230 78
MOVE B243 78
MOVE B259 87
MOVE B285 83
MOVE B296 83
MOVE B311 91
MOVE B312 98
MOVE B313 68
MOVE B314 98
MOVE B315 87
MOVE B331 83
MOVE B332 62
MOVE B333 65
MOVE B335 65
MOVE B336 82
MOVE B337 82
MOVE B338 82
MOVE B339 82
MOVE B341 78
MOVE B345 63
MOVE B346 63
MOVE B347 63
MOVE B348 63
MOVE B350 63
MOVE B351 63
MOVE B352 63
MOVE B353 63
MOVE B354 63
MOVE B355 63
MOVE B356 63
MOVE B357 63
MOVE B358 63
MOVE B359 63
MOVE B360 63
MOVE B361 63
MOVE B371 117
MOVE B373 125
MOVE B374 125
MOVE B375 125
MOVE B376 143
MOVE B377 143
MOVE B378 143
MOVE B379 160
MOVE B380 160
MOVE B381 160
MOVE B382 190
MOVE B383 190
MOVE B384 190
MOVE B385 201
MOVE B386 201
DAMAGE TURRET A253 2
DAMAGE COMBAT A253 1
DAMAGE COMBAT B334 1
END TURN 383
TURN 384
COMMAND LEFT START
TRAIN 1
COMMAND LEFT END
COMMAND RIGHT START
TRAIN 3
COMMAND RIGHT END
TURN 384 RESULT
TIME LEFT 0 5 RIGHT 0 5
TRAIN A258 B390 B391 B392
MOVE A244 36
MOVE A245 69
MOVE A246 79
MOVE B32 10
MOVE B91 7
MOVE B129 14
MOVE B170 26
MOVE B172 42
MOVE B187 65
MOVE B196 42
MOVE B197 64
MOVE B229 83
MOVE B230 63
MOVE B243 63
MOVE B259 70
MOVE B285 65
MOVE B296 65
MOVE B311 83
MOVE B312 90
MOVE B313 62
MOVE B314 90
MOVE B315 88
MOVE B331 91
MOVE B332 49
MOVE B333 48
MOVE B335 48
MOVE B336 88
MOVE B337 88
MOVE B338 88
MOVE B339 88
MOVE B341 64
MOVE B345 47
MOVE B346 47
MOVE B347 47
MOVE B348 47
MOVE B350 47
MOVE B351 47
MOVE B352 47
MOVE B353 47
MOVE B354 47
MOVE B355 47
MOVE B356 47
MOVE B357 47
MOVE B358 47
MOVE B359 47
MOVE B360 47
MOVE B361 47
MOVE B371 104
MOVE B373 117
MOVE B374 117
MOVE B375 117
MOVE B376 125
MOVE B377 125
MOVE B378 125
MOVE B379 143
MOVE B380 143
MOVE B381 143
MOVE B382 173
MOVE B383 173
MOVE B384 173
MOVE B385 190
MOVE B386 190
END TURN 384
TURN 385
COMMAND LEFT START
MOVE A247 2
MOVE A254 2
MOVE A255 2
MOVE A256 2
MOVE A257 2
MOVE A258 2
COMMAND LEFT END
COMMAND RIGHT START
TRAIN 3
COMMAND RIGHT END
TURN 385 RESULT
TIME LEFT 1 5 RIGHT 1 5
TRAIN B393 B394 B395
MOVE A244 54
MOVE A245 53
MOVE A246 69
MOVE A247 2
MOVE A254 2
MOVE A255 2
MOVE A256 2
MOVE A257 2
MOVE A258 2
MOVE B32 16
MOVE B129 15
MOVE B187 48
MOVE B197 50
MOVE B229 91
MOVE B230 55
MOVE B243 55
MOVE B259 54
MOVE B285 48
MOVE B296 48
MOVE B311 65
MOVE B313 49
MOVE B315 82
MOVE B331 104
MOVE B332 29
MOVE B333 42
MOVE B335 42
MOVE B336 87
MOVE B337 87
MOVE B338 87
MOVE B339 87
MOVE B341 50
MOVE B345 33
MOVE B346 33
MOVE B347 33
MOVE B348 33
MOVE B350 33
MOVE B351 33
MOVE B352 33
MOVE B353 33
MOVE B354 33
MOVE B355 33
MOVE B356 33
MOVE B357 33
MOVE B358 33
MOVE B359 33
MOVE B360 33
MOVE B361 33
MOVE B373 104
MOVE B374 104
MOVE B375 104
MOVE B376 117
MOVE B377 117
MOVE B378 117
MOVE B379 125
MOVE B380 125
MOVE B381 125
MOVE B382 160
MOVE B383 160
MOVE B384 160
MOVE B385 173
MOVE B386 173
DAMAGE TURRET A245 1
DAMAGE COMBAT A244 1
DAMAGE COMBAT A245 1
DAMAGE COMBAT B259 1
DAMAGE COMBAT B340 1
END TURN 385
TURN 386
COMMAND LEFT START
MOVE A247 0
MOVE A254 0
MOVE A255 0
MOVE A256 0
MOVE A257 0
MOVE A258 0
TRAIN 1
COMMAND LEFT END
COMMAND RIGHT START
TRAIN 3
COMMAND RIGHT END
TURN 386 RESULT
TIME LEFT 0 5 RIGHT 0 5
TRAIN A259 B396 B397 B398
MOVE A246 53
MOVE A247 0
MOVE A254 0
MOVE A255 0
MOVE A256 0
MOVE A257 0
MOVE A258 0
MOVE B32 26
MOVE B129 7
MOVE B187 35
MOVE B197 35
MOVE B229 104
MOVE B285 35
MOVE B296 35
MOVE B311 48
MOVE B313 29
MOVE B315 68
MOVE B336 104
MOVE B337 104
MOVE B338 104
MOVE B339 104
MOVE B341 35
MOVE B345 23
MOVE B346 23
MOVE B347 23
MOVE B348 23
MOVE B350 23
MOVE B351 23
MOVE B352 23
MOVE B353 23
MOVE B354 23
MOVE B355 23
MOVE B356 23
MOVE B357 23
MOVE B358 23
MOVE B359 23
MOVE B360 23
MOVE B361 23
MOVE B376 104
MOVE B377 104
MOVE B378 104
MOVE B379 117
MOVE B380 117
MOVE B381 117
MOVE B382 143
MOVE B383 143
MOVE B384 143
MOVE B385 160
MOVE B386 160
DAMAGE TURRET A245 1
DAMAGE COMBAT A244 1
DAMAGE COMBAT A245 1
DAMAGE COMBAT B259 1
DAMAGE COMBAT B340 2
END TURN 386
TURN 387
COMMAND LEFT START
COMMAND LEFT END
COMMAND RIGHT START
TRAIN 3
COMMAND RIGHT END
TURN 387 RESULT
TIME LEFT 2 5 RIGHT 2 5
TRAIN B399 B400 B401
MOVE B187 18
MOVE B197 18
MOVE B285 18
MOVE B296 18
MOVE B311 35
MOVE B315 62
MOVE B341 18
MOVE B345 14
MOVE B346 14
MOVE B347 14
MOVE B348 14
MOVE B350 14
MOVE B351 14
MOVE B352 14
MOVE B353 14
MOVE B354 14
MOVE B355 14
MOVE B356 14
MOVE B357 14
MOVE B358 14
MOVE B359 14
MOVE B360 14
MOVE B361 14
MOVE B379 104
MOVE B380 104
MOVE B381 104
MOVE B382 125
MOVE B383 125
MOVE B384 125
MOVE B385 143
MOVE B386 143
DAMAGE TURRET A245 1
DAMAGE COMBAT A244 1
DAMAGE COMBAT A245 1
DAMAGE COMBAT B259 1
DAMAGE COMBAT B340 2
END TURN 387
TURN 388
COMMAND LEFT START
MOVE A243 0
TRAIN 1
COMMAND LEFT END
COMMAND RIGHT START
TRAIN 3
COMMAND RIGHT END
TURN 388 RESULT
TIME LEFT 11 5 RIGHT 1 5
TRAIN A260 B402 B403 B404
MOVE A243 0
MOVE B187 7
MOVE B197 7
MOVE B285 7
MOVE B296 7
MOVE B311 18
MOVE B315 49
MOVE B341 7
MOVE B345 2
MOVE B346 2
MOVE B347 2
MOVE B348 2
MOVE B350 2
MOVE B351 2
MOVE B352 2
MOVE B353 2
MOVE B354 2
MOVE B355 2
MOVE B356 2
MOVE B357 2
MOVE B358 2
MOVE B359 2
MOVE B360 2
MOVE B361 2
MOVE B382 117
MOVE B383 117
MOVE B384 117
MOVE B385 125
MOVE B386 125
DAMAGE TURRET A246 1
DAMAGE TURRET B345 1
DAMAGE COMBAT A244 1
DAMAGE COMBAT A246 1
DAMAGE COMBAT B259 1
DAMAGE COMBAT B340 1
SIEGE A 2 6
END TURN 388
TURN 389
COMMAND LEFT START
COMMAND LEFT END
COMMAND RIGHT START
TRAIN 3
COMMAND RIGHT END
TURN 389 RESULT
TIME LEFT 0 5 RIGHT 0 5
TRAIN B405 B406 B407
MOVE B311 7
MOVE B315 53
MOVE B382 104
MOVE B383 104
MOVE B384 104
MOVE B385 117
MOVE B386 117
DAMAGE TURRET A246 1
DAMAGE COMBAT A244 1
DAMAGE COMBAT A246 2
DAMAGE COMBAT B259 1
DAMAGE COMBAT B340 1
END TURN 389
TURN 390
COMMAND LEFT START
TRAIN 1
COMMAND LEFT END
COMMAND RIGHT START
TRAIN 3
COMMAND RIGHT END
TURN 390 RESULT
TIME LEFT 0 5 RIGHT 0 5
TRAIN A261 B408 B409 B410
MOVE B385 104
MOVE B386 104
DAMAGE TURRET A246 1
DAMAGE COMBAT A244 1
DAMAGE COMBAT B259 1
DAMAGE COMBAT B340 1
END TURN 390
TURN 391
COMMAND LEFT START
MOVE A243 182
COMMAND LEFT END
COMMAND RIGHT START
TRAIN 3
COMMAND RIGHT END
TURN 391 RESULT
TIME LEFT 1 5 RIGHT 1 5
TRAIN B411 B412 B413
MOVE A243 9
MOVE B259 42
END TURN 391
TURN 392
COMMAND LEFT START
COMMAND LEFT END
COMMAND RIGHT START
TRAIN 3
COMMAND RIGHT END
TURN 392 RESULT
TIME LEFT 0 5 RIGHT 0 5
TRAIN B414 B415 B416
MOVE A243 21
END TURN 392
TURN 393
COMMAND LEFT START
TRAIN 1
COMMAND LEFT END
COMMAND RIGHT START
TRAIN 3
COMMAND RIGHT END
TURN 393 RESULT
TIME LEFT 1 5 RIGHT 1 5
TRAIN A262 B417 B418 B419
MOVE A243 36
END TURN 393
TURN 394
COMMAND LEFT START
COMMAND LEFT END
COMMAND RIGHT START
TRAIN 3
COMMAND RIGHT END
TURN 394 RESULT
TIME LEFT 0 5 RIGHT 0 5
TRAIN B420 B421 B422
MOVE A243 54
END TURN 394
TURN 395
COMMAND LEFT START
TRAIN 1
COMMAND LEFT END
COMMAND RIGHT START
TRAIN 3
COMMAND RIGHT END
TURN 395 RESULT
TIME LEFT 0 5 RIGHT 2 5
TRAIN A263 B423 B424 B425
MOVE A243 67
END TURN 395
TURN 396
COMMAND LEFT START
COMMAND LEFT END
COMMAND RIGHT START
MOVE B114 7
MOVE B172 7
MOVE B196 7
MOVE B259 7
TRAIN 3
COMMAND RIGHT END
TURN 396 RESULT
TIME LEFT 0 5 RIGHT 0 5
TRAIN B426 B427 B428
MOVE A243 82
MOVE B114 31
MOVE B172 31
MOVE B196 31
MOVE B259 31
END TURN 396
TURN 397
COMMAND LEFT START
COMMAND LEFT END
COMMAND RIGHT START
TRAIN 3
COMMAND RIGHT END
TURN 397 RESULT
TIME LEFT 0 5 RIGHT 1 5
TRAIN B429 B430 B431
MOVE A243 97
MOVE B114 18
MOVE B172 18
MOVE B196 18
MOVE B259 18
END TURN 397
TURN 398
COMMAND LEFT START
TRAIN 1
COMMAND LEFT END
COMMAND RIGHT START
TRAIN 3
COMMAND RIGHT END
TURN 398 RESULT
TIME LEFT 0 5 RIGHT 1 5
TRAIN A264 B432 B433 B434
MOVE A243 114
MOVE B114 7
MOVE B172 7
MOVE B196 7
MOVE B259 7
END TURN 398
TURN 399
COMMAND LEFT START
COMMAND LEFT END
COMMAND RIGHT START
MOVE B229 118
MOVE B316 118
MOVE B317 118
TRAIN 3
COMMAND RIGHT END
TURN 399 RESULT
TIME LEFT 0 5 RIGHT 1 5
TRAIN B435 B436 B437
MOVE A243 135
MOVE B229 110
MOVE B316 110
MOVE B317 110
END TURN 399
TURN 400
COMMAND LEFT START
COMMAND LEFT END
COMMAND RIGHT START
TRAIN 3
COMMAND RIGHT END
TURN 400 RESULT
TIME LEFT 1 5 RIGHT 1 5
TRAIN B438 B439 B440
MOVE A243 150
MOVE B229 118
MOVE B316 118
MOVE B317 118
END TURN 400
RESULT RIGHT_WIN TURN_LIMIT
