[LEFT ""]
[RIGHT ""]
MAP
187 13
-11132 -10661 -10324 -10376 -8980 -9899 -9714 -8452 -8333 -8110 -8869 -8604 -7752 -7773 -7738 -7735 -7326 -7291 -6879 -6814 -6711 -6479 -6691 -6376 -6338 -7190 -5982 -5589 -5564 -5962 -5710 -5667 -6385 -5487 -4869 -5847 -5085 -4888 -4683 -4893 -4313 -4392 -4147 -4309 -4272 -4026 -3781 -3902 -4245 -3848 -3516 -3349 -3332 -3093 -3644 -3104 -3512 -3084 -2945 -2951 -2779 -2704 -2937 -2444 -2338 -2126 -2033 -2241 -2136 -2115 -1937 -2012 -1822 -1541 -1656 -1485 -1567 -1594 -1492 -1527 -979 -1052 -786 -640 -1066 -813 -354 -347 -430 -455 -47 -122 -402 0 402 122 47 455 430 347 354 813 1066 640 786 1052 979 1527 1492 1594 1567 1485 1656 1541 1822 2012 1937 2115 2136 2241 2033 2126 2338 2444 2937 2704 2779 2951 2945 3084 3512 3104 3644 3093 3332 3349 3516 3848 4245 3902 3781 4026 4272 4309 4147 4392 4313 4893 4683 4888 5085 5847 4869 5487 6385 5667 5710 5962 5564 5589 5982 7190 6338 6376 6691 6479 6711 6814 6879 7291 7326 7735 7738 7773 7752 8604 8869 8110 8333 8452 9714 9899 8980 10376 10324 10661 11132
621 -1760 2467 -3542 849 -4991 4090 -789 -2713 414 6150 -6748 -3715 1615 -4604 2693 -1904 4113 -3245 179 -6003 -4675 5207 3187 2141 7765 -2338 -3465 1245 -1244 5796 4512 -8456 -6264 6580 9534 -56 3773 -1647 -5052 -6864 7735 -3788 9496 2826 5162 -415 584 -8476 1587 -5838 7050 -1456 8238 10418 2376 -10477 4058 6111 -6881 -4366 897 -2754 -7858 5346 3129 -9125 -302 -5519 10982 1920 -6565 8663 4524 -2826 889 7531 -1553 -7494 -4168 6180 -154 -6376 -5275 -10017 2365 10624 -7331 -4178 -2578 -8292 -1111 3755 0 -3755 1111 8292 2578 4178 7331 -10624 -2365 10017 5275 6376 154 -6180 4168 7494 1553 -7531 -889 2826 -4524 -8663 6565 -1920 -10982 5519 302 9125 -3129 -5346 7858 2754 -897 4366 6881 -6111 -4058 10477 -2376 -10418 -8238 1456 -7050 5838 -1587 8476 -584 415 -5162 -2826 -9496 3788 -7735 6864 5052 1647 -3773 56 -9534 -6580 6264 8456 -4512 -5796 1244 -1245 3465 2338 -7765 -2141 -3187 -5207 4675 6003 -179 3245 -4113 1904 -2693 4604 -1615 3715 6748 -6150 -414 2713 789 -4090 4991 -849 3542 -2467 1760 -621
STRONGHOLDS 10 37 53 55 59 79 93 107 127 131 133 149 176
4 1 2 4 7
4 0 3 7 8
4 0 4 6 15
4 1 5 8 12
6 0 2 7 9 13 15
4 3 11 12 14
4 2 10 15 17
7 0 1 4 8 9 16 19
6 1 3 7 12 16 18
4 4 7 13 19
4 6 17 22 25
4 5 14 20 32
6 3 5 8 14 18 21
5 4 9 15 19 24
5 5 11 12 20 21
7 2 4 6 13 17 23 24
6 7 8 18 19 26 29
6 6 10 15 22 23 31
6 8 12 16 21 26 27
8 7 9 13 16 24 28 29 36
5 11 14 21 32 33
7 12 14 18 20 27 33 39
5 10 17 25 30 31
6 15 17 24 31 37 44
6 13 15 19 23 28 44
6 10 22 30 34 35 41
5 16 18 27 29 38
6 18 21 26 38 39 42
6 19 24 36 44 47 49
5 16 19 26 36 38
5 22 25 31 34 45
6 17 22 23 30 37 45
6 11 20 33 40 48 56
5 20 21 32 39 40
6 25 30 41 45 51 58
4 25 41 43 54
6 19 28 29 38 46 47
5 23 31 44 45 57
8 26 27 29 36 42 46 52 62
6 21 27 33 40 42 50
6 32 33 39 48 50 59
6 25 34 35 43 51 53
6 27 38 39 50 60 62
4 35 41 53 54
7 23 24 28 37 49 55 57
7 30 31 34 37 57 58 64
6 36 38 47 52 61 67
5 28 36 46 49 61
6 32 40 56 59 63 66
5 28 44 47 55 61
6 39 40 42 59 60 68
5 34 41 53 58 76
5 38 46 62 67 77
6 41 43 51 54 72 76
5 35 43 53 69 72
6 44 49 57 61 65 70
4 32 48 66 84
7 37 44 45 55 64 65 73
6 34 45 51 64 76 80
6 40 48 50 63 68 71
6 42 50 62 68 74 79
7 46 47 49 55 67 70 75
6 38 42 52 60 74 77
5 48 59 66 71 78
5 45 57 58 73 80
6 55 57 70 73 85 92
6 48 56 63 78 84 90
6 46 52 61 75 77 81
7 50 59 60 71 79 82 83
3 54 72 86
5 55 61 65 75 85
5 59 63 68 78 82
6 53 54 69 76 86 96
7 57 64 65 80 92 98 103
6 60 62 77 79 88 89
6 61 67 70 81 85 95
7 51 53 58 72 80 96 99
7 52 62 67 74 81 89 91
6 63 66 71 82 87 90
5 60 68 74 83 88
7 58 64 73 76 99 103 104
6 67 75 77 91 93 95
6 68 71 78 83 87 106
6 68 79 82 88 106 113
4 56 66 90 100
6 65 70 75 92 95 97
4 69 72 96 102
5 78 82 90 106 110
6 74 79 83 89 94 113
6 74 77 88 91 94 101
7 66 78 84 87 100 110 114
7 77 81 89 93 101 105 111
5 65 73 85 97 98
4 81 91 95 105
5 88 89 101 113 121
7 75 81 85 93 97 105 109
7 72 76 86 99 102 108 120
6 85 92 95 98 109 112
6 73 92 97 103 107 112
5 76 80 96 104 108
4 84 90 114 117
6 89 91 94 111 116 121
4 86 96 120 130
6 73 80 98 104 107 118
6 80 99 103 108 115 118
6 91 93 95 109 111 119
7 82 83 87 110 113 122 128
5 98 103 112 118 126
6 96 99 104 115 120 123
7 95 97 105 112 119 124 134
7 87 90 106 114 128 133 135
6 91 101 105 116 119 125
6 97 98 107 109 124 126
7 83 88 94 106 121 122 129
6 90 100 110 117 132 133
5 104 108 118 123 127
5 101 111 121 125 131
3 100 114 132
7 103 104 107 115 126 127 136
6 105 109 111 125 134 140
6 96 102 108 123 130 138
6 94 101 113 116 129 131
5 106 113 128 129 141
5 108 115 120 127 138
6 109 112 126 134 144 148
7 111 116 119 131 137 139 140
6 107 112 118 124 136 144
6 115 118 123 136 138 146
6 106 110 122 135 141 152
7 113 121 122 131 141 142 149
4 102 120 138 154
6 116 121 125 129 137 142
5 114 117 133 143 151
6 110 114 132 135 143 145
5 109 119 124 140 148
5 110 128 133 145 152
6 118 126 127 144 146 147
5 125 131 139 142 158
6 120 123 127 130 146 154
5 125 137 140 150 158
6 119 125 134 139 148 150
7 122 128 129 149 152 155 156
7 129 131 137 149 158 162 163
4 132 133 145 151
6 124 126 136 147 148 159
6 133 135 143 151 152 161
6 127 136 138 147 153 154
6 136 144 146 153 159 165
8 124 134 140 144 150 157 159 160
5 129 141 142 155 163
6 139 140 148 157 158 167
4 132 143 145 161
6 128 135 141 145 156 161
5 146 147 154 165 166
6 130 138 146 153 166 175
6 141 149 156 163 164 169
5 141 152 155 161 164
5 148 150 160 167 170
6 137 139 142 150 162 167
6 144 147 148 160 165 168
5 148 157 159 168 170
6 145 151 152 156 164 176
6 142 158 163 167 171 173
6 142 149 155 162 169 171
5 155 156 161 169 176
7 147 153 159 166 168 172 174
5 153 154 165 172 175
8 150 157 158 162 170 173 177 179
6 159 160 165 170 174 178
6 155 163 164 171 176 180
6 157 160 167 168 178 179
7 162 163 169 173 180 182 184
5 165 166 174 175 181
5 162 167 171 177 182
6 165 168 172 178 181 183
4 154 166 172 181
4 161 164 169 180
4 167 173 179 182
6 168 170 174 179 183 185
7 167 170 177 178 182 185 186
4 169 171 176 184
4 172 174 175 183
6 171 173 177 179 184 186
4 174 178 181 185
4 171 180 182 186
4 178 179 183 186
4 179 182 184 185
END MAP
TURN 1
COMMAND LEFT START
MOVE A2 10
UPGRADE 0
COMMAND LEFT END
COMMAND RIGHT START
MOVE B1 176
MOVE B2 93
COMMAND RIGHT END
TURN 1 RESULT
TIME LEFT 4 5 RIGHT 3 5
UPGRADE A 0
MOVE A2 2
MOVE B1 184
MOVE B2 182
END TURN 1
TURN 2
COMMAND LEFT START
COMMAND LEFT END
COMMAND RIGHT START
COMMAND RIGHT END
TURN 2 RESULT
TIME LEFT 0 5 RIGHT 0 5
MOVE A2 6
MOVE B1 180
MOVE B2 177
END TURN 2
TURN 3
COMMAND LEFT START
COMMAND LEFT END
COMMAND RIGHT START
COMMAND RIGHT END
TURN 3 RESULT
TIME LEFT 0 5 RIGHT 0 5
MOVE A2 10
MOVE B1 176
MOVE B2 167
END TURN 3
TURN 4
COMMAND LEFT START
COMMAND LEFT END
COMMAND RIGHT START
UPGRADE 176
COMMAND RIGHT END
TURN 4 RESULT
TIME LEFT 0 5 RIGHT 0 5
UPGRADE B 176
MOVE B2 150
END TURN 4
TURN 5
COMMAND LEFT START
COMMAND LEFT END
COMMAND RIGHT START
COMMAND RIGHT END
TURN 5 RESULT
TIME LEFT 0 5 RIGHT 0 5
MOVE B2 140
END TURN 5
TURN 6
COMMAND LEFT START
COMMAND LEFT END
COMMAND RIGHT START
COMMAND RIGHT END
TURN 6 RESULT
TIME LEFT 0 5 RIGHT 0 5
MOVE B2 119
END TURN 6
TURN 7
COMMAND LEFT START
COMMAND LEFT END
COMMAND RIGHT START
COMMAND RIGHT END
TURN 7 RESULT
TIME LEFT 0 5 RIGHT 0 5
MOVE B2 105
END TURN 7
TURN 8
COMMAND LEFT START
COMMAND LEFT END
COMMAND RIGHT START
COMMAND RIGHT END
TURN 8 RESULT
TIME LEFT 0 5 RIGHT 0 5
MOVE B2 93
END TURN 8
TURN 9
COMMAND LEFT START
COMMAND LEFT END
COMMAND RIGHT START
COMMAND RIGHT END
TURN 9 RESULT
TIME LEFT 0 5 RIGHT 0 5
END TURN 9
TURN 10
COMMAND LEFT START
COMMAND LEFT END
COMMAND RIGHT START
COMMAND RIGHT END
TURN 10 RESULT
TIME LEFT 0 5 RIGHT 0 5
END TURN 10
TURN 11
COMMAND LEFT START
COMMAND LEFT END
COMMAND RIGHT START
COMMAND RIGHT END
TURN 11 RESULT
TIME LEFT 0 5 RIGHT 0 5
END TURN 11
TURN 12
COMMAND LEFT START
COMMAND LEFT END
COMMAND RIGHT START
COMMAND RIGHT END
TURN 12 RESULT
TIME LEFT 0 5 RIGHT 0 5
END TURN 12
TURN 13
COMMAND LEFT START
COMMAND LEFT END
COMMAND RIGHT START
COMMAND RIGHT END
TURN 13 RESULT
TIME LEFT 0 5 RIGHT 0 5
END TURN 13
TURN 14
COMMAND LEFT START
COMMAND LEFT END
COMMAND RIGHT START
COMMAND RIGHT END
TURN 14 RESULT
TIME LEFT 0 5 RIGHT 0 5
END TURN 14
TURN 15
COMMAND LEFT START
COMMAND LEFT END
COMMAND RIGHT START
UPGRADE 93
COMMAND RIGHT END
TURN 15 RESULT
TIME LEFT 0 5 RIGHT 0 5
UPGRADE B 93
END TURN 15
TURN 16
COMMAND LEFT START
UPGRADE 10
COMMAND LEFT END
COMMAND RIGHT START
COMMAND RIGHT END
TURN 16 RESULT
TIME LEFT 0 5 RIGHT 0 5
UPGRADE A 10
END TURN 16
TURN 17
COMMAND LEFT START
COMMAND LEFT END
COMMAND RIGHT START
COMMAND RIGHT END
TURN 17 RESULT
TIME LEFT 0 5 RIGHT 0 5
END TURN 17
TURN 18
COMMAND LEFT START
COMMAND LEFT END
COMMAND RIGHT START
TRAIN 1
COMMAND RIGHT END
TURN 18 RESULT
TIME LEFT 0 5 RIGHT 0 5
TRAIN B4
END TURN 18
TURN 19
COMMAND LEFT START
COMMAND LEFT END
COMMAND RIGHT START
COMMAND RIGHT END
TURN 19 RESULT
TIME LEFT 0 5 RIGHT 0 5
END TURN 19
TURN 20
COMMAND LEFT START
COMMAND LEFT END
COMMAND RIGHT START
COMMAND RIGHT END
TURN 20 RESULT
TIME LEFT 0 5 RIGHT 0 5
END TURN 20
TURN 21
COMMAND LEFT START
COMMAND LEFT END
COMMAND RIGHT START
COMMAND RIGHT END
TURN 21 RESULT
TIME LEFT 3 5 RIGHT 3 5
END TURN 21
TURN 22
COMMAND LEFT START
COMMAND LEFT END
COMMAND RIGHT START
COMMAND RIGHT END
TURN 22 RESULT
TIME LEFT 0 5 RIGHT 0 5
END TURN 22
TURN 23
COMMAND LEFT START
COMMAND LEFT END
COMMAND RIGHT START
COMMAND RIGHT END
TURN 23 RESULT
TIME LEFT 0 5 RIGHT 2 5
END TURN 23
TURN 24
COMMAND LEFT START
COMMAND LEFT END
COMMAND RIGHT START
COMMAND RIGHT END
TURN 24 RESULT
TIME LEFT 0 5 RIGHT 0 5
END TURN 24
TURN 25
COMMAND LEFT START
COMMAND LEFT END
COMMAND RIGHT START
COMMAND RIGHT END
TURN 25 RESULT
TIME LEFT 0 5 RIGHT 0 5
END TURN 25
TURN 26
COMMAND LEFT START
COMMAND LEFT END
COMMAND RIGHT START
COMMAND RIGHT END
TURN 26 RESULT
TIME LEFT 1 5 RIGHT 1 5
END TURN 26
TURN 27
COMMAND LEFT START
COMMAND LEFT END
COMMAND RIGHT START
COMMAND RIGHT END
TURN 27 RESULT
TIME LEFT 1 5 RIGHT 1 5
END TURN 27
TURN 28
COMMAND LEFT START
COMMAND LEFT END
COMMAND RIGHT START
MOVE B3 149
COMMAND RIGHT END
TURN 28 RESULT
TIME LEFT 0 5 RIGHT 0 5
MOVE B3 182
END TURN 28
TURN 29
COMMAND LEFT START
COMMAND LEFT END
COMMAND RIGHT START
COMMAND RIGHT END
TURN 29 RESULT
TIME LEFT 0 5 RIGHT 0 5
MOVE B3 171
END TURN 29
TURN 30
COMMAND LEFT START
COMMAND LEFT END
COMMAND RIGHT START
COMMAND RIGHT END
TURN 30 RESULT
TIME LEFT 0 5 RIGHT 0 5
MOVE B3 163
END TURN 30
TURN 31
COMMAND LEFT START
UPGRADE 10
COMMAND LEFT END
COMMAND RIGHT START
COMMAND RIGHT END
TURN 31 RESULT
TIME LEFT 0 5 RIGHT 0 5
UPGRADE A 10
MOVE B3 149
END TURN 31
TURN 32
COMMAND LEFT START
COMMAND LEFT END
COMMAND RIGHT START
UPGRADE 149
COMMAND RIGHT END
TURN 32 RESULT
TIME LEFT 0 5 RIGHT 0 5
UPGRADE B 149
END TURN 32
TURN 33
COMMAND LEFT START
COMMAND LEFT END
COMMAND RIGHT START
COMMAND RIGHT END
TURN 33 RESULT
TIME LEFT 0 5 RIGHT 0 5
END TURN 33
TURN 34
COMMAND LEFT START
TRAIN 1
COMMAND LEFT END
COMMAND RIGHT START
TRAIN 1
COMMAND RIGHT END
TURN 34 RESULT
TIME LEFT 1 5 RIGHT 1 5
TRAIN A4 B5
END TURN 34
TURN 35
COMMAND LEFT START
MOVE A4 10
COMMAND LEFT END
COMMAND RIGHT START
COMMAND RIGHT END
TURN 35 RESULT
TIME LEFT 0 5 RIGHT 0 5
MOVE A4 2
END TURN 35
TURN 36
COMMAND LEFT START
COMMAND LEFT END
COMMAND RIGHT START
COMMAND RIGHT END
TURN 36 RESULT
TIME LEFT 0 5 RIGHT 0 5
MOVE A4 6
END TURN 36
TURN 37
COMMAND LEFT START
COMMAND LEFT END
COMMAND RIGHT START
COMMAND RIGHT END
TURN 37 RESULT
TIME LEFT 0 5 RIGHT 0 5
MOVE A4 10
END TURN 37
TURN 38
COMMAND LEFT START
COMMAND LEFT END
COMMAND RIGHT START
COMMAND RIGHT END
TURN 38 RESULT
TIME LEFT 0 5 RIGHT 0 5
END TURN 38
TURN 39
COMMAND LEFT START
COMMAND LEFT END
COMMAND RIGHT START
MOVE B5 131
COMMAND RIGHT END
TURN 39 RESULT
TIME LEFT 0 5 RIGHT 0 5
MOVE B5 182
END TURN 39
TURN 40
COMMAND LEFT START
COMMAND LEFT END
COMMAND RIGHT START
COMMAND RIGHT END
TURN 40 RESULT
TIME LEFT 0 5 RIGHT 0 5
MOVE B5 173
END TURN 40
TURN 41
COMMAND LEFT START
COMMAND LEFT END
COMMAND RIGHT START
COMMAND RIGHT END
TURN 41 RESULT
TIME LEFT 0 5 RIGHT 0 5
MOVE B5 162
END TURN 41
TURN 42
COMMAND LEFT START
COMMAND LEFT END
COMMAND RIGHT START
COMMAND RIGHT END
TURN 42 RESULT
TIME LEFT 0 5 RIGHT 0 5
MOVE B5 142
END TURN 42
TURN 43
COMMAND LEFT START
COMMAND LEFT END
COMMAND RIGHT START
COMMAND RIGHT END
TURN 43 RESULT
TIME LEFT 0 5 RIGHT 0 5
MOVE B5 131
END TURN 43
TURN 44
COMMAND LEFT START
COMMAND LEFT END
COMMAND RIGHT START
UPGRADE 131
COMMAND RIGHT END
TURN 44 RESULT
TIME LEFT 0 5 RIGHT 0 5
UPGRADE B 131
END TURN 44
TURN 45
COMMAND LEFT START
COMMAND LEFT END
COMMAND RIGHT START
COMMAND RIGHT END
TURN 45 RESULT
TIME LEFT 0 5 RIGHT 0 5
END TURN 45
TURN 46
COMMAND LEFT START
COMMAND LEFT END
COMMAND RIGHT START
TRAIN 1
COMMAND RIGHT END
TURN 46 RESULT
TIME LEFT 1 5 RIGHT 1 5
TRAIN B6
END TURN 46
TURN 47
COMMAND LEFT START
UPGRADE 10
COMMAND LEFT END
COMMAND RIGHT START
COMMAND RIGHT END
TURN 47 RESULT
TIME LEFT 0 5 RIGHT 0 5
UPGRADE A 10
END TURN 47
TURN 48
COMMAND LEFT START
COMMAND LEFT END
COMMAND RIGHT START
COMMAND RIGHT END
TURN 48 RESULT
TIME LEFT 0 5 RIGHT 0 5
END TURN 48
TURN 49
COMMAND LEFT START
TRAIN 1
COMMAND LEFT END
COMMAND RIGHT START
COMMAND RIGHT END
TURN 49 RESULT
TIME LEFT 1 5 RIGHT 1 5
TRAIN A5
END TURN 49
TURN 50
COMMAND LEFT START
MOVE A5 10
COMMAND LEFT END
COMMAND RIGHT START
COMMAND RIGHT END
TURN 50 RESULT
TIME LEFT 0 5 RIGHT 0 5
MOVE A5 2
END TURN 50
TURN 51
COMMAND LEFT START
TRAIN 1
COMMAND LEFT END
COMMAND RIGHT START
COMMAND RIGHT END
TURN 51 RESULT
TIME LEFT 0 5 RIGHT 0 5
TRAIN A6
MOVE A5 6
END TURN 51
TURN 52
COMMAND LEFT START
MOVE A6 95
COMMAND LEFT END
COMMAND RIGHT START
COMMAND RIGHT END
TURN 52 RESULT
TIME LEFT 0 5 RIGHT 0 5
MOVE A5 10
MOVE A6 4
END TURN 52
TURN 53
COMMAND LEFT START
COMMAND LEFT END
COMMAND RIGHT START
COMMAND RIGHT END
TURN 53 RESULT
TIME LEFT 0 5 RIGHT 0 5
MOVE A6 9
END TURN 53
TURN 54
COMMAND LEFT START
TRAIN 1
COMMAND LEFT END
COMMAND RIGHT START
COMMAND RIGHT END
TURN 54 RESULT
TIME LEFT 0 5 RIGHT 0 5
TRAIN A7
MOVE A6 19
END TURN 54
TURN 55
COMMAND LEFT START
MOVE A7 37
COMMAND LEFT END
COMMAND RIGHT START
COMMAND RIGHT END
TURN 55 RESULT
TIME LEFT 0 5 RIGHT 0 5
MOVE A6 36
MOVE A7 4
END TURN 55
TURN 56
COMMAND LEFT START
COMMAND LEFT END
COMMAND RIGHT START
UPGRADE 186
COMMAND RIGHT END
TURN 56 RESULT
TIME LEFT 1 5 RIGHT 1 5
UPGRADE B 186
MOVE A6 47
MOVE A7 15
END TURN 56
TURN 57
COMMAND LEFT START
COMMAND LEFT END
COMMAND RIGHT START
COMMAND RIGHT END
TURN 57 RESULT
TIME LEFT 0 5 RIGHT 0 5
MOVE A6 61
MOVE A7 23
END TURN 57
TURN 58
COMMAND LEFT START
COMMAND LEFT END
COMMAND RIGHT START
COMMAND RIGHT END
TURN 58 RESULT
TIME LEFT 0 5 RIGHT 0 5
MOVE A6 75
MOVE A7 37
END TURN 58
TURN 59
COMMAND LEFT START
COMMAND LEFT END
COMMAND RIGHT START
COMMAND RIGHT END
TURN 59 RESULT
TIME LEFT 0 5 RIGHT 0 5
MOVE A6 95
END TURN 59
TURN 60
COMMAND LEFT START
COMMAND LEFT END
COMMAND RIGHT START
COMMAND RIGHT END
TURN 60 RESULT
TIME LEFT 0 5 RIGHT 0 5
END TURN 60
TURN 61
COMMAND LEFT START
COMMAND LEFT END
COMMAND RIGHT START
COMMAND RIGHT END
TURN 61 RESULT
TIME LEFT 0 5 RIGHT 0 5
END TURN 61
TURN 62
COMMAND LEFT START
UPGRADE 37
COMMAND LEFT END
COMMAND RIGHT START
COMMAND RIGHT END
TURN 62 RESULT
TIME LEFT 0 5 RIGHT 0 5
UPGRADE A 37
END TURN 62
TURN 63
COMMAND LEFT START
MOVE A6 37
COMMAND LEFT END
COMMAND RIGHT START
UPGRADE 176
COMMAND RIGHT END
TURN 63 RESULT
TIME LEFT 0 5 RIGHT 0 5
UPGRADE B 176
MOVE A6 85
END TURN 63
TURN 64
COMMAND LEFT START
COMMAND LEFT END
COMMAND RIGHT START
COMMAND RIGHT END
TURN 64 RESULT
TIME LEFT 0 5 RIGHT 0 5
MOVE A6 65
END TURN 64
TURN 65
COMMAND LEFT START
COMMAND LEFT END
COMMAND RIGHT START
TRAIN 1
COMMAND RIGHT END
TURN 65 RESULT
TIME LEFT 0 5 RIGHT 0 5
TRAIN B7
MOVE A6 57
END TURN 65
TURN 66
COMMAND LEFT START
COMMAND LEFT END
COMMAND RIGHT START
MOVE B4 176
COMMAND RIGHT END
TURN 66 RESULT
TIME LEFT 0 5 RIGHT 0 5
MOVE A6 37
MOVE B4 184
END TURN 66
TURN 67
COMMAND LEFT START
COMMAND LEFT END
COMMAND RIGHT START
COMMAND RIGHT END
TURN 67 RESULT
TIME LEFT 0 5 RIGHT 0 5
MOVE B4 180
END TURN 67
TURN 68
COMMAND LEFT START
COMMAND LEFT END
COMMAND RIGHT START
COMMAND RIGHT END
TURN 68 RESULT
TIME LEFT 0 5 RIGHT 0 5
MOVE B4 176
END TURN 68
TURN 69
COMMAND LEFT START
UPGRADE 37
COMMAND LEFT END
COMMAND RIGHT START
COMMAND RIGHT END
TURN 69 RESULT
TIME LEFT 0 5 RIGHT 0 5
UPGRADE A 37
END TURN 69
TURN 70
COMMAND LEFT START
COMMAND LEFT END
COMMAND RIGHT START
COMMAND RIGHT END
TURN 70 RESULT
TIME LEFT 0 5 RIGHT 0 5
END TURN 70
TURN 71
COMMAND LEFT START
COMMAND LEFT END
COMMAND RIGHT START
COMMAND RIGHT END
TURN 71 RESULT
TIME LEFT 0 5 RIGHT 0 5
END TURN 71
TURN 72
COMMAND LEFT START
COMMAND LEFT END
COMMAND RIGHT START
COMMAND RIGHT END
TURN 72 RESULT
TIME LEFT 0 5 RIGHT 0 5
END TURN 72
TURN 73
COMMAND LEFT START
COMMAND LEFT END
COMMAND RIGHT START
COMMAND RIGHT END
TURN 73 RESULT
TIME LEFT 0 5 RIGHT 0 5
END TURN 73
TURN 74
COMMAND LEFT START
COMMAND LEFT END
COMMAND RIGHT START
COMMAND RIGHT END
TURN 74 RESULT
TIME LEFT 0 5 RIGHT 0 5
END TURN 74
TURN 75
COMMAND LEFT START
COMMAND LEFT END
COMMAND RIGHT START
COMMAND RIGHT END
TURN 75 RESULT
TIME LEFT 0 5 RIGHT 0 5
END TURN 75
TURN 76
COMMAND LEFT START
UPGRADE 37
COMMAND LEFT END
COMMAND RIGHT START
UPGRADE 186
COMMAND RIGHT END
TURN 76 RESULT
TIME LEFT 0 5 RIGHT 0 5
UPGRADE A 37
UPGRADE B 186
END TURN 76
TURN 77
COMMAND LEFT START
TRAIN 1
COMMAND LEFT END
COMMAND RIGHT START
COMMAND RIGHT END
TURN 77 RESULT
TIME LEFT 0 5 RIGHT 0 5
TRAIN A8
END TURN 77
TURN 78
COMMAND LEFT START
MOVE A8 37
COMMAND LEFT END
COMMAND RIGHT START
TRAIN 1
COMMAND RIGHT END
TURN 78 RESULT
TIME LEFT 0 5 RIGHT 0 5
TRAIN B8
MOVE A8 4
END TURN 78
TURN 79
COMMAND LEFT START
TRAIN 1
COMMAND LEFT END
COMMAND RIGHT START
COMMAND RIGHT END
TURN 79 RESULT
TIME LEFT 0 5 RIGHT 0 5
TRAIN A9
MOVE A8 15
END TURN 79
TURN 80
COMMAND LEFT START
MOVE A9 95
TRAIN 1
COMMAND LEFT END
COMMAND RIGHT START
COMMAND RIGHT END
TURN 80 RESULT
TIME LEFT 0 5 RIGHT 0 5
TRAIN A10
MOVE A8 23
MOVE A9 4
END TURN 80
TURN 81
COMMAND LEFT START
MOVE A10 55
COMMAND LEFT END
COMMAND RIGHT START
COMMAND RIGHT END
TURN 81 RESULT
TIME LEFT 0 5 RIGHT 0 5
MOVE A8 37
MOVE A9 9
MOVE A10 4
END TURN 81
TURN 82
COMMAND LEFT START
COMMAND LEFT END
COMMAND RIGHT START
COMMAND RIGHT END
TURN 82 RESULT
TIME LEFT 0 5 RIGHT 0 5
MOVE A9 19
MOVE A10 13
END TURN 82
TURN 83
COMMAND LEFT START
COMMAND LEFT END
COMMAND RIGHT START
UPGRADE 149
COMMAND RIGHT END
TURN 83 RESULT
TIME LEFT 0 5 RIGHT 2 5
UPGRADE B 149
MOVE A9 36
MOVE A10 24
END TURN 83
TURN 84
COMMAND LEFT START
COMMAND LEFT END
COMMAND RIGHT START
TRAIN 1
COMMAND RIGHT END
TURN 84 RESULT
TIME LEFT 0 5 RIGHT 0 5
TRAIN B9
MOVE A9 47
MOVE A10 44
END TURN 84
TURN 85
COMMAND LEFT START
COMMAND LEFT END
COMMAND RIGHT START
MOVE B6 149
COMMAND RIGHT END
TURN 85 RESULT
TIME LEFT 0 5 RIGHT 1 5
MOVE A9 61
MOVE A10 55
MOVE B6 182
END TURN 85
TURN 86
COMMAND LEFT START
UPGRADE 55
COMMAND LEFT END
COMMAND RIGHT START
COMMAND RIGHT END
TURN 86 RESULT
TIME LEFT 0 5 RIGHT 0 5
UPGRADE A 55
MOVE A9 75
MOVE B6 171
END TURN 86
TURN 87
COMMAND LEFT START
COMMAND LEFT END
COMMAND RIGHT START
COMMAND RIGHT END
TURN 87 RESULT
TIME LEFT 0 5 RIGHT 1 5
MOVE A9 95
MOVE B6 163
END TURN 87
TURN 88
COMMAND LEFT START
MOVE A9 55
COMMAND LEFT END
COMMAND RIGHT START
COMMAND RIGHT END
TURN 88 RESULT
TIME LEFT 0 5 RIGHT 0 5
MOVE A9 75
MOVE B6 149
END TURN 88
TURN 89
COMMAND LEFT START
COMMAND LEFT END
COMMAND RIGHT START
UPGRADE 131
COMMAND RIGHT END
TURN 89 RESULT
TIME LEFT 0 5 RIGHT 0 5
UPGRADE B 131
MOVE A9 70
END TURN 89
TURN 90
COMMAND LEFT START
UPGRADE 55
COMMAND LEFT END
COMMAND RIGHT START
TRAIN 1
COMMAND RIGHT END
TURN 90 RESULT
TIME LEFT 0 5 RIGHT 0 5
UPGRADE A 55
TRAIN B10
MOVE A9 55
END TURN 90
TURN 91
COMMAND LEFT START
COMMAND LEFT END
COMMAND RIGHT START
MOVE B7 131
COMMAND RIGHT END
TURN 91 RESULT
TIME LEFT 0 5 RIGHT 0 5
MOVE B7 182
END TURN 91
TURN 92
COMMAND LEFT START
COMMAND LEFT END
COMMAND RIGHT START
COMMAND RIGHT END
TURN 92 RESULT
TIME LEFT 0 5 RIGHT 0 5
MOVE B7 173
END TURN 92
TURN 93
COMMAND LEFT START
COMMAND LEFT END
COMMAND RIGHT START
COMMAND RIGHT END
TURN 93 RESULT
TIME LEFT 0 5 RIGHT 0 5
MOVE B7 162
END TURN 93
TURN 94
COMMAND LEFT START
COMMAND LEFT END
COMMAND RIGHT START
COMMAND RIGHT END
TURN 94 RESULT
TIME LEFT 0 5 RIGHT 0 5
MOVE B7 142
END TURN 94
TURN 95
COMMAND LEFT START
UPGRADE 55
COMMAND LEFT END
COMMAND RIGHT START
UPGRADE 93
COMMAND RIGHT END
TURN 95 RESULT
TIME LEFT 0 5 RIGHT 0 5
UPGRADE A 55
UPGRADE B 93
MOVE B7 131
END TURN 95
TURN 96
COMMAND LEFT START
TRAIN 1
COMMAND LEFT END
COMMAND RIGHT START
TRAIN 1
COMMAND RIGHT END
TURN 96 RESULT
TIME LEFT 0 5 RIGHT 0 5
TRAIN A11 B11
END TURN 96
TURN 97
COMMAND LEFT START
MOVE A11 55
TRAIN 1
COMMAND LEFT END
COMMAND RIGHT START
MOVE B8 93
COMMAND RIGHT END
TURN 97 RESULT
TIME LEFT 0 5 RIGHT 0 5
TRAIN A12
MOVE A11 4
MOVE B8 182
END TURN 97
TURN 98
COMMAND LEFT START
MOVE A12 95
TRAIN 1
COMMAND LEFT END
COMMAND RIGHT START
COMMAND RIGHT END
TURN 98 RESULT
TIME LEFT 0 5 RIGHT 0 5
TRAIN A13
MOVE A11 13
MOVE A12 4
MOVE B8 177
END TURN 98
TURN 99
COMMAND LEFT START
MOVE A13 95
TRAIN 1
COMMAND LEFT END
COMMAND RIGHT START
COMMAND RIGHT END
TURN 99 RESULT
TIME LEFT 0 5 RIGHT 0 5
TRAIN A14
MOVE A11 24
MOVE A12 9
MOVE A13 4
MOVE B8 167
END TURN 99
TURN 100
COMMAND LEFT START
MOVE A14 59
COMMAND LEFT END
COMMAND RIGHT START
COMMAND RIGHT END
TURN 100 RESULT
TIME LEFT 0 5 RIGHT 2 5
MOVE A11 44
MOVE A12 19
MOVE A13 9
MOVE A14 7
MOVE B8 150
END TURN 100
TURN 101
COMMAND LEFT START
COMMAND LEFT END
COMMAND RIGHT START
UPGRADE 176
COMMAND RIGHT END
TURN 101 RESULT
TIME LEFT 0 5 RIGHT 0 5
UPGRADE B 176
MOVE A11 55
MOVE A12 36
MOVE A13 19
MOVE A14 16
MOVE B8 140
END TURN 101
TURN 102
COMMAND LEFT START
COMMAND LEFT END
COMMAND RIGHT START
TRAIN 1
COMMAND RIGHT END
TURN 102 RESULT
TIME LEFT 0 5 RIGHT 0 5
TRAIN B12
MOVE A12 47
MOVE A13 36
MOVE A14 26
MOVE B8 119
END TURN 102
TURN 103
COMMAND LEFT START
COMMAND LEFT END
COMMAND RIGHT START
MOVE B9 176
COMMAND RIGHT END
TURN 103 RESULT
TIME LEFT 0 5 RIGHT 0 5
MOVE A12 61
MOVE A13 47
MOVE A14 27
MOVE B8 105
MOVE B9 184
END TURN 103
TURN 104
COMMAND LEFT START
COMMAND LEFT END
COMMAND RIGHT START
COMMAND RIGHT END
TURN 104 RESULT
TIME LEFT 0 5 RIGHT 0 5
MOVE A12 75
MOVE A13 61
MOVE A14 39
MOVE B8 93
MOVE B9 180
END TURN 104
TURN 105
COMMAND LEFT START
COMMAND LEFT END
COMMAND RIGHT START
COMMAND RIGHT END
TURN 105 RESULT
TIME LEFT 0 5 RIGHT 0 5
MOVE A12 95
MOVE A13 75
MOVE A14 50
MOVE B9 176
END TURN 105
TURN 106
COMMAND LEFT START
COMMAND LEFT END
COMMAND RIGHT START
UPGRADE 149
COMMAND RIGHT END
TURN 106 RESULT
TIME LEFT 0 5 RIGHT 0 5
UPGRADE B 149
MOVE A13 95
MOVE A14 59
END TURN 106
TURN 107
COMMAND LEFT START
UPGRADE 59
COMMAND LEFT END
COMMAND RIGHT START
TRAIN 1
COMMAND RIGHT END
TURN 107 RESULT
TIME LEFT 0 5 RIGHT 0 5
UPGRADE A 59
TRAIN B13
END TURN 107
TURN 108
COMMAND LEFT START
MOVE A12 55
MOVE A13 55
UPGRADE 59
COMMAND LEFT END
COMMAND RIGHT START
MOVE B10 149
COMMAND RIGHT END
TURN 108 RESULT
TIME LEFT 0 5 RIGHT 0 5
UPGRADE A 59
MOVE A12 75
MOVE A13 75
MOVE B10 182
END TURN 108
TURN 109
COMMAND LEFT START
COMMAND LEFT END
COMMAND RIGHT START
COMMAND RIGHT END
TURN 109 RESULT
TIME LEFT 0 5 RIGHT 3 5
MOVE A12 70
MOVE A13 70
MOVE B10 171
END TURN 109
TURN 110
COMMAND LEFT START
COMMAND LEFT END
COMMAND RIGHT START
COMMAND RIGHT END
TURN 110 RESULT
TIME LEFT 0 5 RIGHT 0 5
MOVE A12 55
MOVE A13 55
MOVE B10 163
END TURN 110
TURN 111
COMMAND LEFT START
MOVE A12 59
UPGRADE 59
COMMAND LEFT END
COMMAND RIGHT START
UPGRADE 131
COMMAND RIGHT END
TURN 111 RESULT
TIME LEFT 0 5 RIGHT 0 5
UPGRADE A 59
UPGRADE B 131
MOVE A12 61
MOVE B10 149
END TURN 111
TURN 112
COMMAND LEFT START
MOVE A13 59
TRAIN 1
COMMAND LEFT END
COMMAND RIGHT START
TRAIN 1
COMMAND RIGHT END
TURN 112 RESULT
TIME LEFT 0 5 RIGHT 0 5
TRAIN A15 B14
MOVE A12 67
MOVE A13 61
END TURN 112
TURN 113
COMMAND LEFT START
MOVE A15 95
TRAIN 1
COMMAND LEFT END
COMMAND RIGHT START
MOVE B11 131
COMMAND RIGHT END
TURN 113 RESULT
TIME LEFT 0 5 RIGHT 0 5
TRAIN A16
MOVE A12 77
MOVE A13 67
MOVE A15 4
MOVE B11 182
END TURN 113
TURN 114
COMMAND LEFT START
MOVE A16 95
TRAIN 1
COMMAND LEFT END
COMMAND RIGHT START
COMMAND RIGHT END
TURN 114 RESULT
TIME LEFT 0 5 RIGHT 0 5
TRAIN A17
MOVE A12 74
MOVE A13 77
MOVE A15 9
MOVE A16 4
MOVE B11 173
END TURN 114
TURN 115
COMMAND LEFT START
MOVE A17 79
COMMAND LEFT END
COMMAND RIGHT START
UPGRADE 93
COMMAND RIGHT END
TURN 115 RESULT
TIME LEFT 0 5 RIGHT 0 5
UPGRADE B 93
MOVE A12 79
MOVE A13 74
MOVE A15 19
MOVE A16 9
MOVE A17 7
MOVE B11 162
END TURN 115
TURN 116
COMMAND LEFT START
COMMAND LEFT END
COMMAND RIGHT START
TRAIN 1
COMMAND RIGHT END
TURN 116 RESULT
TIME LEFT 0 5 RIGHT 0 5
TRAIN B15
MOVE A12 68
MOVE A13 79
MOVE A15 36
MOVE A16 19
MOVE A17 16
MOVE B11 142
END TURN 116
TURN 117
COMMAND LEFT START
COMMAND LEFT END
COMMAND RIGHT START
MOVE B12 93
COMMAND RIGHT END
TURN 117 RESULT
TIME LEFT 0 5 RIGHT 0 5
MOVE A12 59
MOVE A13 68
MOVE A15 47
MOVE A16 36
MOVE A17 26
MOVE B11 131
MOVE B12 182
END TURN 117
TURN 118
COMMAND LEFT START
COMMAND LEFT END
COMMAND RIGHT START
COMMAND RIGHT END
TURN 118 RESULT
TIME LEFT 0 5 RIGHT 0 5
MOVE A13 59
MOVE A15 61
MOVE A16 47
MOVE A17 27
MOVE B12 177
END TURN 118
TURN 119
COMMAND LEFT START
COMMAND LEFT END
COMMAND RIGHT START
COMMAND RIGHT END
TURN 119 RESULT
TIME LEFT 0 5 RIGHT 0 5
MOVE A15 75
MOVE A16 61
MOVE A17 42
MOVE B12 167
END TURN 119
TURN 120
COMMAND LEFT START
COMMAND LEFT END
COMMAND RIGHT START
TRAIN 2
COMMAND RIGHT END
TURN 120 RESULT
TIME LEFT 0 5 RIGHT 0 5
TRAIN B16 B17
MOVE A15 95
MOVE A16 75
MOVE A17 60
MOVE B12 150
END TURN 120
TURN 121
COMMAND LEFT START
COMMAND LEFT END
COMMAND RIGHT START
MOVE B17 107
COMMAND RIGHT END
TURN 121 RESULT
TIME LEFT 0 5 RIGHT 0 5
MOVE A16 95
MOVE A17 79
MOVE B12 140
MOVE B17 179
END TURN 121
TURN 122
COMMAND LEFT START
UPGRADE 79
COMMAND LEFT END
COMMAND RIGHT START
TRAIN 2
COMMAND RIGHT END
TURN 122 RESULT
TIME LEFT 0 5 RIGHT 0 5
UPGRADE A 79
TRAIN B18 B19
MOVE B12 119
MOVE B17 170
END TURN 122
TURN 123
COMMAND LEFT START
MOVE A15 79
MOVE A16 79
UPGRADE 79
TRAIN 1
COMMAND LEFT END
COMMAND RIGHT START
MOVE B19 127
COMMAND RIGHT END
TURN 123 RESULT
TIME LEFT 0 5 RIGHT 0 5
UPGRADE A 79
TRAIN A18
MOVE A15 81
MOVE A16 81
MOVE B12 105
MOVE B17 160
MOVE B19 179
END TURN 123
TURN 124
COMMAND LEFT START
MOVE A18 79
UPGRADE 79
COMMAND LEFT END
COMMAND RIGHT START
MOVE B18 133
MOVE B16 93
COMMAND RIGHT END
TURN 124 RESULT
TIME LEFT 0 5 RIGHT 0 5
UPGRADE A 79
MOVE A15 77
MOVE A16 77
MOVE A18 7
MOVE B12 93
MOVE B16 182
MOVE B17 159
MOVE B18 182
MOVE B19 170
END TURN 124
TURN 125
COMMAND LEFT START
TRAIN 1
COMMAND LEFT END
COMMAND RIGHT START
COMMAND RIGHT END
TURN 125 RESULT
TIME LEFT 0 5 RIGHT 0 5
TRAIN A19
MOVE A15 74
MOVE A16 74
MOVE A18 16
MOVE B16 177
MOVE B17 144
MOVE B18 171
MOVE B19 160
END TURN 125
TURN 126
COMMAND LEFT START
MOVE A19 95
TRAIN 1
COMMAND LEFT END
COMMAND RIGHT START
COMMAND RIGHT END
TURN 126 RESULT
TIME LEFT 0 5 RIGHT 0 5
TRAIN A20
MOVE A15 79
MOVE A16 79
MOVE A18 26
MOVE A19 4
MOVE B16 167
MOVE B17 126
MOVE B18 169
MOVE B19 159
END TURN 126
TURN 127
COMMAND LEFT START
MOVE A20 95
TRAIN 1
COMMAND LEFT END
COMMAND RIGHT START
COMMAND RIGHT END
TURN 127 RESULT
TIME LEFT 0 5 RIGHT 0 5
TRAIN A21
MOVE A18 27
MOVE A19 9
MOVE A20 4
MOVE B16 150
MOVE B17 107
MOVE B18 164
MOVE B19 147
END TURN 127
TURN 128
COMMAND LEFT START
MOVE A21 53
COMMAND LEFT END
COMMAND RIGHT START
COMMAND RIGHT END
TURN 128 RESULT
TIME LEFT 0 5 RIGHT 0 5
MOVE A18 42
MOVE A19 19
MOVE A20 9
MOVE A21 4
MOVE B16 140
MOVE B18 156
MOVE B19 136
END TURN 128
TURN 129
COMMAND LEFT START
COMMAND LEFT END
COMMAND RIGHT START
COMMAND RIGHT END
TURN 129 RESULT
TIME LEFT 0 5 RIGHT 0 5
MOVE A18 60
MOVE A19 36
MOVE A20 19
MOVE A21 15
MOVE B16 119
MOVE B18 152
MOVE B19 127
END TURN 129
TURN 130
COMMAND LEFT START
COMMAND LEFT END
COMMAND RIGHT START
UPGRADE 186
COMMAND RIGHT END
TURN 130 RESULT
TIME LEFT 0 5 RIGHT 0 5
UPGRADE B 186
MOVE A18 79
MOVE A19 47
MOVE A20 36
MOVE A21 17
MOVE B16 105
MOVE B18 145
END TURN 130
TURN 131
COMMAND LEFT START
COMMAND LEFT END
COMMAND RIGHT START
TRAIN 1
COMMAND RIGHT END
TURN 131 RESULT
TIME LEFT 0 5 RIGHT 1 5
TRAIN B20
MOVE A19 61
MOVE A20 47
MOVE A21 22
MOVE B16 93
MOVE B18 133
END TURN 131
TURN 132
COMMAND LEFT START
COMMAND LEFT END
COMMAND RIGHT START
COMMAND RIGHT END
TURN 132 RESULT
TIME LEFT 0 5 RIGHT 0 5
MOVE A19 75
MOVE A20 61
MOVE A21 30
END TURN 132
TURN 133
COMMAND LEFT START
COMMAND LEFT END
COMMAND RIGHT START
UPGRADE 107
COMMAND RIGHT END
TURN 133 RESULT
TIME LEFT 0 5 RIGHT 0 5
UPGRADE B 107
MOVE A19 95
MOVE A20 75
MOVE A21 34
END TURN 133
TURN 134
COMMAND LEFT START
MOVE A19 99
COMMAND LEFT END
COMMAND RIGHT START
COMMAND RIGHT END
TURN 134 RESULT
TIME LEFT 0 5 RIGHT 0 5
MOVE A19 97
MOVE A20 95
MOVE A21 41
END TURN 134
TURN 135
COMMAND LEFT START
COMMAND LEFT END
COMMAND RIGHT START
UPGRADE 127
COMMAND RIGHT END
TURN 135 RESULT
TIME LEFT 0 5 RIGHT 0 5
UPGRADE B 127
MOVE A19 98
MOVE A21 53
END TURN 135
TURN 136
COMMAND LEFT START
UPGRADE 53
COMMAND LEFT END
COMMAND RIGHT START
COMMAND RIGHT END
TURN 136 RESULT
TIME LEFT 0 5 RIGHT 0 5
UPGRADE A 53
MOVE A19 103
END TURN 136
TURN 137
COMMAND LEFT START
MOVE A20 79
UPGRADE 53
COMMAND LEFT END
COMMAND RIGHT START
COMMAND RIGHT END
TURN 137 RESULT
TIME LEFT 0 5 RIGHT 0 5
UPGRADE A 53
MOVE A19 104
MOVE A20 81
END TURN 137
TURN 138
COMMAND LEFT START
MOVE A18 53
UPGRADE 53
TRAIN 1
COMMAND LEFT END
COMMAND RIGHT START
UPGRADE 133
COMMAND RIGHT END
TURN 138 RESULT
TIME LEFT 0 5 RIGHT 0 5
UPGRADE A 53
UPGRADE B 133
TRAIN A22
MOVE A18 74
MOVE A19 99
MOVE A20 77
END TURN 138
TURN 139
COMMAND LEFT START
MOVE A19 53
MOVE A22 79
UPGRADE 0
COMMAND LEFT END
COMMAND RIGHT START
COMMAND RIGHT END
TURN 139 RESULT
TIME LEFT 0 5 RIGHT 0 5
UPGRADE A 0
MOVE A18 77
MOVE A19 76
MOVE A20 74
MOVE A22 7
END TURN 139
TURN 140
COMMAND LEFT START
TRAIN 2
COMMAND LEFT END
COMMAND RIGHT START
UPGRADE 133
COMMAND RIGHT END
TURN 140 RESULT
TIME LEFT 0 5 RIGHT 0 5
UPGRADE B 133
TRAIN A23 A24
MOVE A18 67
MOVE A19 53
MOVE A20 79
MOVE A22 16
END TURN 140
TURN 141
COMMAND LEFT START
MOVE A24 95
MOVE A20 84
COMMAND LEFT END
COMMAND RIGHT START
MOVE B2 133
COMMAND RIGHT END
TURN 141 RESULT
TIME LEFT 0 5 RIGHT 0 5
MOVE A18 61
MOVE A20 68
MOVE A22 26
MOVE A24 4
MOVE B2 91
END TURN 141
TURN 142
COMMAND LEFT START
COMMAND LEFT END
COMMAND RIGHT START
UPGRADE 127
COMMAND RIGHT END
TURN 142 RESULT
TIME LEFT 0 5 RIGHT 0 5
UPGRADE B 127
MOVE A18 55
MOVE A20 71
MOVE A22 27
MOVE A24 9
MOVE B2 89
END TURN 142
TURN 143
COMMAND LEFT START
COMMAND LEFT END
COMMAND RIGHT START
TRAIN 1
COMMAND RIGHT END
TURN 143 RESULT
TIME LEFT 0 5 RIGHT 0 5
TRAIN B21
MOVE A18 57
MOVE A20 63
MOVE A22 42
MOVE A24 19
MOVE B2 94
END TURN 143
TURN 144
COMMAND LEFT START
COMMAND LEFT END
COMMAND RIGHT START
MOVE B13 127
COMMAND RIGHT END
TURN 144 RESULT
TIME LEFT 0 5 RIGHT 0 5
MOVE A18 64
MOVE A20 66
MOVE A22 60
MOVE A24 36
MOVE B2 113
MOVE B13 179
END TURN 144
TURN 145
COMMAND LEFT START
COMMAND LEFT END
COMMAND RIGHT START
UPGRADE 107
TRAIN 1
COMMAND RIGHT END
TURN 145 RESULT
TIME LEFT 0 5 RIGHT 0 5
UPGRADE B 107
TRAIN B22
MOVE A18 58
MOVE A20 84
MOVE A22 79
MOVE A24 47
MOVE B2 122
MOVE B13 170
END TURN 145
TURN 146
COMMAND LEFT START
COMMAND LEFT END
COMMAND RIGHT START
MOVE B14 107
COMMAND RIGHT END
TURN 146 RESULT
TIME LEFT 0 5 RIGHT 0 5
MOVE A18 51
MOVE A24 61
MOVE B2 128
MOVE B13 160
MOVE B14 179
END TURN 146
TURN 147
COMMAND LEFT START
COMMAND LEFT END
COMMAND RIGHT START
COMMAND RIGHT END
TURN 147 RESULT
TIME LEFT 0 5 RIGHT 0 5
MOVE A18 53
MOVE A24 75
MOVE B2 135
MOVE B13 159
MOVE B14 170
END TURN 147
TURN 148
COMMAND LEFT START
UPGRADE 0
COMMAND LEFT END
COMMAND RIGHT START
UPGRADE 133
TRAIN 1
COMMAND RIGHT END
TURN 148 RESULT
TIME LEFT 0 5 RIGHT 0 5
UPGRADE A 0
UPGRADE B 133
TRAIN B23
MOVE A24 95
MOVE B2 133
MOVE B13 147
MOVE B14 160
END TURN 148
TURN 149
COMMAND LEFT START
MOVE A20 0
MOVE A24 79
COMMAND LEFT END
COMMAND RIGHT START
MOVE B15 133
COMMAND RIGHT END
TURN 149 RESULT
TIME LEFT 0 5 RIGHT 0 5
MOVE A20 66
MOVE A24 81
MOVE B13 136
MOVE B14 159
MOVE B15 182
END TURN 149
TURN 150
COMMAND LEFT START
MOVE A22 95
TRAIN 1
COMMAND LEFT END
COMMAND RIGHT START
COMMAND RIGHT END
TURN 150 RESULT
TIME LEFT 0 5 RIGHT 0 5
TRAIN A25
MOVE A20 63
MOVE A22 74
MOVE A24 77
MOVE B13 127
MOVE B14 144
MOVE B15 171
END TURN 150
TURN 151
COMMAND LEFT START
TRAIN 1
COMMAND LEFT END
COMMAND RIGHT START
UPGRADE 127
TRAIN 1
COMMAND RIGHT END
TURN 151 RESULT
TIME LEFT 0 5 RIGHT 0 5
UPGRADE B 127
TRAIN A26 B24
MOVE A20 59
MOVE A22 77
MOVE A24 74
MOVE B14 126
MOVE B15 169
END TURN 151
TURN 152
COMMAND LEFT START
MOVE A26 95
COMMAND LEFT END
COMMAND RIGHT START
MOVE B20 127
COMMAND RIGHT END
TURN 152 RESULT
TIME LEFT 0 5 RIGHT 0 5
MOVE A20 50
MOVE A22 81
MOVE A24 79
MOVE A26 4
MOVE B14 107
MOVE B15 164
MOVE B20 179
END TURN 152
TURN 153
COMMAND LEFT START
COMMAND LEFT END
COMMAND RIGHT START
UPGRADE 107
COMMAND RIGHT END
TURN 153 RESULT
TIME LEFT 0 5 RIGHT 0 5
UPGRADE B 107
MOVE A20 39
MOVE A22 95
MOVE A26 9
MOVE B15 156
MOVE B20 170
END TURN 153
TURN 154
COMMAND LEFT START
COMMAND LEFT END
COMMAND RIGHT START
TRAIN 1
COMMAND RIGHT END
TURN 154 RESULT
TIME LEFT 0 5 RIGHT 0 5
TRAIN B25
MOVE A20 27
MOVE A26 19
MOVE B15 152
MOVE B20 160
END TURN 154
TURN 155
COMMAND LEFT START
COMMAND LEFT END
COMMAND RIGHT START
MOVE B21 107
COMMAND RIGHT END
TURN 155 RESULT
TIME LEFT 0 5 RIGHT 0 5
MOVE A20 26
MOVE A26 36
MOVE B15 145
MOVE B20 159
MOVE B21 179
END TURN 155
TURN 156
COMMAND LEFT START
COMMAND LEFT END
COMMAND RIGHT START
TRAIN 1
COMMAND RIGHT END
TURN 156 RESULT
TIME LEFT 0 5 RIGHT 0 5
TRAIN B26
MOVE A20 16
MOVE A26 47
MOVE B15 133
MOVE B20 147
MOVE B21 170
END TURN 156
TURN 157
COMMAND LEFT START
COMMAND LEFT END
COMMAND RIGHT START
MOVE B26 93
TRAIN 2
COMMAND RIGHT END
TURN 157 RESULT
TIME LEFT 0 5 RIGHT 0 5
TRAIN B27 B28
MOVE A20 7
MOVE A26 61
MOVE B20 136
MOVE B21 160
MOVE B26 182
END TURN 157
TURN 158
COMMAND LEFT START
COMMAND LEFT END
COMMAND RIGHT START
MOVE B28 79
MOVE B27 93
COMMAND RIGHT END
TURN 158 RESULT
TIME LEFT 0 5 RIGHT 0 5
MOVE A20 0
MOVE A26 75
MOVE B20 127
MOVE B21 159
MOVE B26 177
MOVE B27 182
MOVE B28 182
END TURN 158
TURN 159
COMMAND LEFT START
MOVE A25 79
COMMAND LEFT END
COMMAND RIGHT START
TRAIN 2
COMMAND RIGHT END
TURN 159 RESULT
TIME LEFT 0 5 RIGHT 0 5
TRAIN B29 B30
MOVE A25 7
MOVE A26 95
MOVE B21 144
MOVE B26 167
MOVE B27 177
MOVE B28 173
END TURN 159
TURN 160
COMMAND LEFT START
UPGRADE 0
COMMAND LEFT END
COMMAND RIGHT START
MOVE B30 93
MOVE B29 93
TRAIN 2
COMMAND RIGHT END
TURN 160 RESULT
TIME LEFT 0 5 RIGHT 0 5
UPGRADE A 0
TRAIN B31 B32
MOVE A25 16
MOVE B21 126
MOVE B26 150
MOVE B27 167
MOVE B28 162
MOVE B29 182
MOVE B30 182
END TURN 160
TURN 161
COMMAND LEFT START
MOVE A22 0
MOVE A26 79
TRAIN 3
COMMAND LEFT END
COMMAND RIGHT START
MOVE B32 93
MOVE B31 93
TRAIN 2
COMMAND RIGHT END
TURN 161 RESULT
TIME LEFT 0 5 RIGHT 1 5
TRAIN A27 A28 A29 B33 B34
MOVE A22 75
MOVE A25 26
MOVE A26 81
MOVE B21 107
MOVE B26 140
MOVE B27 150
MOVE B28 142
MOVE B29 177
MOVE B30 177
MOVE B31 182
MOVE B32 182
END TURN 161
TURN 162
COMMAND LEFT START
MOVE A29 95
MOVE A24 84
MOVE A28 79
TRAIN 2
COMMAND LEFT END
COMMAND RIGHT START
MOVE B34 93
MOVE B33 93
TRAIN 2
COMMAND RIGHT END
TURN 162 RESULT
TIME LEFT 0 5 RIGHT 0 5
TRAIN A30 A31 B35 B36
MOVE A22 61
MOVE A24 68
MOVE A25 27
MOVE A26 77
MOVE A28 7
MOVE A29 4
MOVE B26 119
MOVE B27 140
MOVE B28 131
MOVE B29 167
MOVE B30 167
MOVE B31 177
MOVE B32 177
MOVE B33 182
MOVE B34 182
END TURN 162
TURN 163
COMMAND LEFT START
MOVE A30 79
MOVE A31 79
TRAIN 2
COMMAND LEFT END
COMMAND RIGHT START
COMMAND RIGHT END
TURN 163 RESULT
TIME LEFT 0 5 RIGHT 0 5
TRAIN A32 A33
MOVE A22 47
MOVE A24 71
MOVE A25 42
MOVE A26 74
MOVE A28 16
MOVE A29 9
MOVE A30 7
MOVE A31 7
MOVE B26 105
MOVE B27 119
MOVE B28 121
MOVE B29 150
MOVE B30 150
MOVE B31 167
MOVE B32 167
MOVE B33 177
MOVE B34 177
END TURN 163
TURN 164
COMMAND LEFT START
MOVE A32 79
MOVE A33 79
TRAIN 2
COMMAND LEFT END
COMMAND RIGHT START
COMMAND RIGHT END
TURN 164 RESULT
TIME LEFT 0 5 RIGHT 0 5
TRAIN A34 A35
MOVE A22 36
MOVE A24 63
MOVE A25 60
MOVE A26 79
MOVE A28 26
MOVE A29 19
MOVE A30 16
MOVE A31 16
MOVE A32 7
MOVE A33 7
MOVE B26 93
MOVE B27 105
MOVE B28 94
MOVE B29 140
MOVE B30 140
MOVE B31 150
MOVE B32 150
MOVE B33 167
MOVE B34 167
END TURN 164
TURN 165
COMMAND LEFT START
MOVE A34 79
MOVE A35 79
TRAIN 3
COMMAND LEFT END
COMMAND RIGHT START
MOVE B36 93
MOVE B35 93
TRAIN 2
COMMAND RIGHT END
TURN 165 RESULT
TIME LEFT 0 5 RIGHT 0 5
TRAIN A36 A37 A38 B37 B38
MOVE A22 19
MOVE A24 66
MOVE A25 79
MOVE A28 27
MOVE A29 36
MOVE A30 26
MOVE A31 26
MOVE A32 16
MOVE A33 16
MOVE A34 7
MOVE A35 7
MOVE B27 93
MOVE B28 88
MOVE B29 119
MOVE B30 119
MOVE B31 140
MOVE B32 140
MOVE B33 150
MOVE B34 150
MOVE B35 182
MOVE B36 182
END TURN 165
TURN 166
COMMAND LEFT START
MOVE A36 79
MOVE A37 79
MOVE A38 79
TRAIN 2
COMMAND LEFT END
COMMAND RIGHT START
MOVE B27 55
MOVE B38 59
MOVE B37 93
TRAIN 2
COMMAND RIGHT END
TURN 166 RESULT
TIME LEFT 0 5 RIGHT 0 5
TRAIN A39 A40 B39 B40
MOVE A22 9
MOVE A24 84
MOVE A28 42
MOVE A29 47
MOVE A30 27
MOVE A31 27
MOVE A32 26
MOVE A33 26
MOVE A34 16
MOVE A35 16
MOVE A36 7
MOVE A37 7
MOVE A38 7
MOVE B27 81
MOVE B28 79
MOVE B29 105
MOVE B30 105
MOVE B31 119
MOVE B32 119
MOVE B33 140
MOVE B34 140
MOVE B35 177
MOVE B36 177
MOVE B37 182
MOVE B38 182
DAMAGE TURRET B28 2
DAMAGE COMBAT A15 1
DAMAGE COMBAT B28 5
END TURN 166
TURN 167
COMMAND LEFT START
MOVE A39 79
MOVE A40 79
TRAIN 2
COMMAND LEFT END
COMMAND RIGHT START
COMMAND RIGHT END
TURN 167 RESULT
TIME LEFT 0 5 RIGHT 0 5
TRAIN A41 A42
MOVE A22 4
MOVE A28 60
MOVE A29 61
MOVE A30 42
MOVE A31 42
MOVE A32 27
MOVE A33 27
MOVE A34 26
MOVE A35 26
MOVE A36 16
MOVE A37 16
MOVE A38 16
MOVE A39 7
MOVE A40 7
MOVE B27 75
MOVE B29 93
MOVE B30 93
MOVE B31 105
MOVE B32 105
MOVE B33 119
MOVE B34 119
MOVE B35 167
MOVE B36 167
MOVE B37 177
MOVE B38 173
END TURN 167
TURN 168
COMMAND LEFT START
MOVE A41 79
MOVE A42 79
TRAIN 2
COMMAND LEFT END
COMMAND RIGHT START
COMMAND RIGHT END
TURN 168 RESULT
TIME LEFT 0 5 RIGHT 0 5
TRAIN A43 A44
MOVE A22 0
MOVE A28 79
MOVE A29 75
MOVE A30 60
MOVE A31 60
MOVE A32 42
MOVE A33 42
MOVE A34 27
MOVE A35 27
MOVE A36 26
MOVE A37 26
MOVE A38 26
MOVE A39 16
MOVE A40 16
MOVE A41 7
MOVE A42 7
MOVE B27 70
MOVE B31 93
MOVE B32 93
MOVE B33 105
MOVE B34 105
MOVE B35 150
MOVE B36 150
MOVE B37 167
MOVE B38 162
END TURN 168
TURN 169
COMMAND LEFT START
MOVE A24 59
MOVE A27 79
MOVE A43 79
MOVE A44 79
TRAIN 2
COMMAND LEFT END
COMMAND RIGHT START
COMMAND RIGHT END
TURN 169 RESULT
TIME LEFT 0 5 RIGHT 0 5
TRAIN A45 A46
MOVE A24 66
MOVE A27 7
MOVE A29 95
MOVE A30 79
MOVE A31 79
MOVE A32 60
MOVE A33 60
MOVE A34 42
MOVE A35 42
MOVE A36 27
MOVE A37 27
MOVE A38 27
MOVE A39 26
MOVE A40 26
MOVE A41 16
MOVE A42 16
MOVE A43 7
MOVE A44 7
MOVE B27 55
MOVE B33 93
MOVE B34 93
MOVE B35 140
MOVE B36 140
MOVE B37 150
MOVE B38 142
DAMAGE TURRET B27 2
DAMAGE COMBAT A9 1
DAMAGE COMBAT B27 3
END TURN 169
TURN 170
COMMAND LEFT START
MOVE A29 79
MOVE A45 79
MOVE A46 79
TRAIN 2
COMMAND LEFT END
COMMAND RIGHT START
MOVE B40 93
UPGRADE 186
COMMAND RIGHT END
TURN 170 RESULT
TIME LEFT 0 5 RIGHT 0 5
UPGRADE B 186
TRAIN A47 A48
MOVE A24 63
MOVE A27 16
MOVE A29 81
MOVE A32 79
MOVE A33 79
MOVE A34 60
MOVE A35 60
MOVE A36 42
MOVE A37 42
MOVE A38 42
MOVE A39 27
MOVE A40 27
MOVE A41 26
MOVE A42 26
MOVE A43 16
MOVE A44 16
MOVE A45 7
MOVE A46 7
MOVE B35 119
MOVE B36 119
MOVE B37 140
MOVE B38 129
MOVE B40 182
DAMAGE TURRET B27 2
DAMAGE COMBAT A9 1
END TURN 170
TURN 171
COMMAND LEFT START
MOVE A47 79
MOVE A48 79
TRAIN 2
COMMAND LEFT END
COMMAND RIGHT START
COMMAND RIGHT END
TURN 171 RESULT
TIME LEFT 0 5 RIGHT 0 5
TRAIN A49 A50
MOVE A24 59
MOVE A27 26
MOVE A29 77
MOVE A34 79
MOVE A35 79
MOVE A36 60
MOVE A37 60
MOVE A38 60
MOVE A39 42
MOVE A40 42
MOVE A41 27
MOVE A42 27
MOVE A43 26
MOVE A44 26
MOVE A45 16
MOVE A46 16
MOVE A47 7
MOVE A48 7
MOVE B35 105
MOVE B36 105
MOVE B37 119
MOVE B38 113
MOVE B40 177
END TURN 171
TURN 172
COMMAND LEFT START
MOVE A33 59
MOVE A31 59
MOVE A24 79
MOVE A49 79
MOVE A50 79
TRAIN 2
COMMAND LEFT END
COMMAND RIGHT START
MOVE B34 55
COMMAND RIGHT END
TURN 172 RESULT
TIME LEFT 0 5 RIGHT 0 5
TRAIN A51 A52
MOVE A24 68
MOVE A27 27
MOVE A29 74
MOVE A31 68
MOVE A33 68
MOVE A36 79
MOVE A37 79
MOVE A38 79
MOVE A39 60
MOVE A40 60
MOVE A41 42
MOVE A42 42
MOVE A43 27
MOVE A44 27
MOVE A45 26
MOVE A46 26
MOVE A47 16
MOVE A48 16
MOVE A49 7
MOVE A50 7
MOVE B34 81
MOVE B35 93
MOVE B36 93
MOVE B37 105
MOVE B38 83
MOVE B40 167
END TURN 172
TURN 173
COMMAND LEFT START
MOVE A38 55
MOVE A37 55
MOVE A51 79
MOVE A52 79
TRAIN 2
COMMAND LEFT END
COMMAND RIGHT START
MOVE B36 53
MOVE B35 37
COMMAND RIGHT END
TURN 173 RESULT
TIME LEFT 0 5 RIGHT 0 5
TRAIN A53 A54
MOVE A24 79
MOVE A27 42
MOVE A29 79
MOVE A31 59
MOVE A33 59
MOVE A37 74
MOVE A38 74
MOVE A39 79
MOVE A40 79
MOVE A41 60
MOVE A42 60
MOVE A43 42
MOVE A44 42
MOVE A45 27
MOVE A46 27
MOVE A47 26
MOVE A48 26
MOVE A49 16
MOVE A50 16
MOVE A51 7
MOVE A52 7
MOVE B34 75
MOVE B35 81
MOVE B36 95
MOVE B37 93
MOVE B38 68
MOVE B40 150
END TURN 173
TURN 174
COMMAND LEFT START
MOVE A40 0
MOVE A39 0
MOVE A24 0
MOVE A25 0
MOVE A26 0
MOVE A28 0
MOVE A29 0
MOVE A30 0
MOVE A31 0
MOVE A32 0
MOVE A33 0
MOVE A34 0
MOVE A35 0
MOVE A36 0
TRAIN 2
COMMAND LEFT END
COMMAND RIGHT START
TRAIN 2
COMMAND RIGHT END
TURN 174 RESULT
TIME LEFT 0 5 RIGHT 0 5
TRAIN A55 A56 B41 B42
MOVE A24 60
MOVE A25 60
MOVE A26 60
MOVE A27 60
MOVE A28 60
MOVE A29 60
MOVE A30 60
MOVE A31 50
MOVE A32 60
MOVE A33 50
MOVE A34 60
MOVE A35 60
MOVE A36 60
MOVE A37 77
MOVE A38 77
MOVE A39 60
MOVE A40 60
MOVE A41 79
MOVE A42 79
MOVE A43 60
MOVE A44 60
MOVE A45 42
MOVE A46 42
MOVE A47 27
MOVE A48 27
MOVE A49 26
MOVE A50 26
MOVE A51 16
MOVE A52 16
MOVE B34 70
MOVE B35 75
MOVE B36 97
MOVE B38 59
MOVE B40 140
DAMAGE TURRET B38 2
DAMAGE COMBAT A12 1
DAMAGE COMBAT B38 3
END TURN 174
TURN 175
COMMAND LEFT START
MOVE A42 0
MOVE A41 0
MOVE A53 79
MOVE A54 79
MOVE A55 79
MOVE A56 79
TRAIN 2
COMMAND LEFT END
COMMAND RIGHT START
MOVE B42 93
MOVE B41 93
TRAIN 3
COMMAND RIGHT END
TURN 175 RESULT
TIME LEFT 0 5 RIGHT 0 5
TRAIN A57 A58 B43 B44 B45
MOVE A24 42
MOVE A25 42
MOVE A26 42
MOVE A27 79
MOVE A28 42
MOVE A29 42
MOVE A30 42
MOVE A31 39
MOVE A32 42
MOVE A33 39
MOVE A34 42
MOVE A35 42
MOVE A36 42
MOVE A37 67
MOVE A38 67
MOVE A39 42
MOVE A40 42
MOVE A41 60
MOVE A42 60
MOVE A43 79
MOVE A44 79
MOVE A45 60
MOVE A46 60
MOVE A47 42
MOVE A48 42
MOVE A49 27
MOVE A50 27
MOVE A51 26
MOVE A52 26
MOVE A53 7
MOVE A54 7
MOVE A55 7
MOVE A56 7
MOVE B34 55
MOVE B35 70
MOVE B36 92
MOVE B40 119
MOVE B41 182
MOVE B42 182
DAMAGE TURRET B34 2
DAMAGE TURRET B38 2
DAMAGE COMBAT A9 1
DAMAGE COMBAT A12 1
DAMAGE COMBAT B34 3
END TURN 175
TURN 176
COMMAND LEFT START
MOVE A57 79
MOVE A58 79
TRAIN 2
COMMAND LEFT END
COMMAND RIGHT START
MOVE B37 79
MOVE B33 59
MOVE B45 93
MOVE B44 93
MOVE B43 93
COMMAND RIGHT END
TURN 176 RESULT
TIME LEFT 0 5 RIGHT 0 5
TRAIN A59 A60
MOVE A24 27
MOVE A25 27
MOVE A26 27
MOVE A28 27
MOVE A29 27
MOVE A30 27
MOVE A31 27
MOVE A32 27
MOVE A33 27
MOVE A34 27
MOVE A35 27
MOVE A36 27
MOVE A37 61
MOVE A38 61
MOVE A39 27
MOVE A40 27
MOVE A41 42
MOVE A42 42
MOVE A45 79
MOVE A46 79
MOVE A47 60
MOVE A48 60
MOVE A49 42
MOVE A50 42
MOVE A51 27
MOVE A52 27
MOVE A53 16
MOVE A54 16
MOVE A55 16
MOVE A56 16
MOVE A57 7
MOVE A58 7
MOVE B33 81
MOVE B35 55
MOVE B36 73
MOVE B37 81
MOVE B40 105
MOVE B41 177
MOVE B42 177
MOVE B43 182
MOVE B44 182
MOVE B45 182
DAMAGE TURRET B34 2
DAMAGE COMBAT A9 2
DAMAGE COMBAT B35 3
END TURN 176
TURN 177
COMMAND LEFT START
MOVE A59 79
MOVE A60 79
TRAIN 2
COMMAND LEFT END
COMMAND RIGHT START
TRAIN 3
COMMAND RIGHT END
TURN 177 RESULT
TIME LEFT 0 5 RIGHT 0 5
TRAIN A61 A62 B46 B47 B48
MOVE A24 26
MOVE A25 26
MOVE A26 26
MOVE A28 26
MOVE A29 26
MOVE A30 26
MOVE A31 26
MOVE A32 26
MOVE A33 26
MOVE A34 26
MOVE A35 26
MOVE A36 26
MOVE A37 55
MOVE A38 55
MOVE A39 26
MOVE A40 26
MOVE A41 27
MOVE A42 27
MOVE A47 79
MOVE A48 79
MOVE A49 60
MOVE A50 60
MOVE A51 42
MOVE A52 42
MOVE A53 26
MOVE A54 26
MOVE A55 26
MOVE A56 26
MOVE A57 16
MOVE A58 16
MOVE A59 7
MOVE A60 7
MOVE B33 77
MOVE B36 64
MOVE B37 77
MOVE B40 93
MOVE B41 167
MOVE B42 167
MOVE B43 177
MOVE B44 177
MOVE B45 177
DAMAGE TURRET B35 2
DAMAGE COMBAT A10 1
DAMAGE COMBAT B35 2
END TURN 177
TURN 178
COMMAND LEFT START
MOVE A44 59
MOVE A43 59
MOVE A38 79
MOVE A61 79
MOVE A62 79
TRAIN 2
COMMAND LEFT END
COMMAND RIGHT START
MOVE B48 93
MOVE B47 93
MOVE B46 93
TRAIN 3
COMMAND RIGHT END
TURN 178 RESULT
TIME LEFT 0 5 RIGHT 0 5
TRAIN A63 A64 B49 B50 B51
MOVE A24 16
MOVE A25 16
MOVE A26 16
MOVE A28 16
MOVE A29 16
MOVE A30 16
MOVE A31 16
MOVE A32 16
MOVE A33 16
MOVE A34 16
MOVE A35 16
MOVE A36 16
MOVE A38 61
MOVE A39 16
MOVE A40 16
MOVE A41 26
MOVE A42 26
MOVE A43 68
MOVE A44 68
MOVE A49 79
MOVE A50 79
MOVE A51 60
MOVE A52 60
MOVE A53 27
MOVE A54 27
MOVE A55 27
MOVE A56 27
MOVE A57 26
MOVE A58 26
MOVE A59 16
MOVE A60 16
MOVE A61 7
MOVE A62 7
MOVE B33 74
MOVE B36 58
MOVE B37 74
MOVE B41 150
MOVE B42 150
MOVE B43 167
MOVE B44 167
MOVE B45 167
MOVE B46 182
MOVE B47 182
MOVE B48 182
END TURN 178
TURN 179
COMMAND LEFT START
MOVE A50 59
MOVE A49 59
MOVE A63 79
MOVE A64 79
TRAIN 1
COMMAND LEFT END
COMMAND RIGHT START
MOVE B51 93
MOVE B50 93
MOVE B49 93
MOVE B40 55
TRAIN 3
COMMAND RIGHT END
TURN 179 RESULT
TIME LEFT 0 5 RIGHT 0 5
TRAIN A65 B52 B53 B54
MOVE A24 7
MOVE A25 7
MOVE A26 7
MOVE A28 7
MOVE A29 7
MOVE A30 7
MOVE A31 7
MOVE A32 7
MOVE A33 7
MOVE A34 7
MOVE A35 7
MOVE A36 7
MOVE A38 67
MOVE A39 7
MOVE A40 7
MOVE A41 16
MOVE A42 16
MOVE A43 59
MOVE A44 59
MOVE A49 68
MOVE A50 68
MOVE A51 79
MOVE A52 79
MOVE A53 42
MOVE A54 42
MOVE A55 42
MOVE A56 42
MOVE A57 27
MOVE A58 27
MOVE A59 26
MOVE A60 26
MOVE A61 16
MOVE A62 16
MOVE A63 7
MOVE A64 7
MOVE B33 79
MOVE B36 51
MOVE B37 79
MOVE B40 81
MOVE B41 140
MOVE B42 140
MOVE B43 150
MOVE B44 150
MOVE B45 150
MOVE B46 177
MOVE B47 177
MOVE B48 177
MOVE B49 182
MOVE B50 182
MOVE B51 182
DAMAGE TURRET B33 2
DAMAGE COMBAT A15 2
DAMAGE COMBAT B33 5
DAMAGE COMBAT B37 5
END TURN 179
TURN 180
COMMAND LEFT START
MOVE A52 55
MOVE A51 55
MOVE A43 79
MOVE A44 79
MOVE A65 79
TRAIN 2
COMMAND LEFT END
COMMAND RIGHT START
MOVE B32 37
MOVE B31 10
MOVE B54 93
MOVE B53 93
MOVE B52 93
COMMAND RIGHT END
TURN 180 RESULT
TIME LEFT 0 5 RIGHT 0 5
TRAIN A66 A67
MOVE A24 0
MOVE A25 0
MOVE A26 0
MOVE A28 0
MOVE A29 0
MOVE A30 0
MOVE A31 0
MOVE A32 0
MOVE A33 0
MOVE A34 0
MOVE A35 0
MOVE A36 0
MOVE A38 77
MOVE A39 0
MOVE A40 0
MOVE A41 7
MOVE A42 7
MOVE A43 68
MOVE A44 68
MOVE A49 59
MOVE A50 59
MOVE A53 60
MOVE A54 60
MOVE A55 60
MOVE A56 60
MOVE A57 42
MOVE A58 42
MOVE A59 27
MOVE A60 27
MOVE A61 26
MOVE A62 26
MOVE A63 16
MOVE A64 16
MOVE A65 7
MOVE B31 81
MOVE B32 81
MOVE B36 53
MOVE B40 75
MOVE B41 119
MOVE B42 119
MOVE B43 140
MOVE B44 140
MOVE B45 140
MOVE B46 167
MOVE B47 167
MOVE B48 167
MOVE B49 177
MOVE B50 177
MOVE B51 177
MOVE B52 182
MOVE B53 182
MOVE B54 182
DAMAGE TURRET B36 2
DAMAGE TURRET B37 2
DAMAGE COMBAT A15 1
DAMAGE COMBAT A18 1
DAMAGE COMBAT B36 3
END TURN 180
TURN 181
COMMAND LEFT START
MOVE A24 79
MOVE A25 79
MOVE A26 79
MOVE A28 79
MOVE A29 79
MOVE A30 79
MOVE A31 79
MOVE A32 79
MOVE A33 79
MOVE A34 79
MOVE A35 79
MOVE A36 79
MOVE A39 79
MOVE A40 79
MOVE A49 79
MOVE A50 79
MOVE A66 79
MOVE A67 79
TRAIN 2
COMMAND LEFT END
COMMAND RIGHT START
TRAIN 3
COMMAND RIGHT END
TURN 181 RESULT
TIME LEFT 0 5 RIGHT 0 5
TRAIN A68 A69 B55 B56 B57
MOVE A24 7
MOVE A25 7
MOVE A26 7
MOVE A28 7
MOVE A29 7
MOVE A30 7
MOVE A31 7
MOVE A32 7
MOVE A33 7
MOVE A34 7
MOVE A35 7
MOVE A36 7
MOVE A38 74
MOVE A39 7
MOVE A40 7
MOVE A41 0
MOVE A42 0
MOVE A43 79
MOVE A44 79
MOVE A49 68
MOVE A50 68
MOVE A51 74
MOVE A52 74
MOVE A53 79
MOVE A54 79
MOVE A55 79
MOVE A56 79
MOVE A57 60
MOVE A58 60
MOVE A59 42
MOVE A60 42
MOVE A61 27
MOVE A62 27
MOVE A63 26
MOVE A64 26
MOVE A65 16
MOVE A66 7
MOVE A67 7
MOVE B31 75
MOVE B32 75
MOVE B40 70
MOVE B41 105
MOVE B42 105
MOVE B43 119
MOVE B44 119
MOVE B45 119
MOVE B46 150
MOVE B47 150
MOVE B48 150
MOVE B49 167
MOVE B50 167
MOVE B51 167
MOVE B52 177
MOVE B53 177
MOVE B54 177
DAMAGE TURRET B36 2
DAMAGE COMBAT A18 1
END TURN 181
TURN 182
COMMAND LEFT START
MOVE A41 79
MOVE A42 79
MOVE A68 79
MOVE A69 79
TRAIN 2
COMMAND LEFT END
COMMAND RIGHT START
MOVE B30 79
MOVE B29 59
MOVE B57 53
MOVE B56 93
MOVE B55 93
COMMAND RIGHT END
TURN 182 RESULT
TIME LEFT 0 5 RIGHT 0 5
TRAIN A70 A71
MOVE A24 16
MOVE A25 16
MOVE A26 16
MOVE A28 16
MOVE A29 16
MOVE A30 16
MOVE A31 16
MOVE A32 16
MOVE A33 16
MOVE A34 16
MOVE A35 16
MOVE A36 16
MOVE A38 79
MOVE A39 16
MOVE A40 16
MOVE A41 7
MOVE A42 7
MOVE A49 79
MOVE A50 79
MOVE A51 77
MOVE A52 77
MOVE A57 79
MOVE A58 79
MOVE A59 60
MOVE A60 60
MOVE A61 42
MOVE A62 42
MOVE A63 27
MOVE A64 27
MOVE A65 26
MOVE A66 16
MOVE A67 16
MOVE A68 7
MOVE A69 7
MOVE B29 81
MOVE B30 81
MOVE B31 70
MOVE B32 70
MOVE B40 55
MOVE B41 93
MOVE B42 93
MOVE B43 105
MOVE B44 105
MOVE B45 105
MOVE B46 140
MOVE B47 140
MOVE B48 140
MOVE B49 150
MOVE B50 150
MOVE B51 150
MOVE B52 167
MOVE B53 167
MOVE B54 167
MOVE B55 182
MOVE B56 182
MOVE B57 179
DAMAGE TURRET B40 2
DAMAGE COMBAT A10 1
DAMAGE COMBAT B40 3
END TURN 182
TURN 183
COMMAND LEFT START
MOVE A70 79
MOVE A71 79
TRAIN 1
COMMAND LEFT END
COMMAND RIGHT START
TRAIN 3
COMMAND RIGHT END
TURN 183 RESULT
TIME LEFT 0 5 RIGHT 0 5
TRAIN A72 B58 B59 B60
MOVE A24 26
MOVE A25 26
MOVE A26 26
MOVE A28 26
MOVE A29 26
MOVE A30 26
MOVE A31 26
MOVE A32 26
MOVE A33 26
MOVE A34 26
MOVE A35 26
MOVE A36 26
MOVE A39 26
MOVE A40 26
MOVE A41 16
MOVE A42 16
MOVE A51 67
MOVE A52 67
MOVE A59 79
MOVE A60 79
MOVE A61 60
MOVE A62 60
MOVE A63 42
MOVE A64 42
MOVE A65 27
MOVE A66 26
MOVE A67 26
MOVE A68 16
MOVE A69 16
MOVE A70 7
MOVE A71 7
MOVE B29 77
MOVE B30 77
MOVE B31 55
MOVE B32 55
MOVE B43 93
MOVE B44 93
MOVE B45 93
MOVE B46 119
MOVE B47 119
MOVE B48 119
MOVE B49 140
MOVE B50 140
MOVE B51 140
MOVE B52 150
MOVE B53 150
MOVE B54 150
MOVE B55 177
MOVE B56 177
MOVE B57 170
DAMAGE TURRET B40 2
DAMAGE COMBAT A10 3
DAMAGE COMBAT B31 3
END TURN 183
TURN 184
COMMAND LEFT START
MOVE A48 59
MOVE A47 59
MOVE A72 79
TRAIN 2
COMMAND LEFT END
COMMAND RIGHT START
MOVE B60 93
MOVE B59 93
MOVE B58 93
TRAIN 3
COMMAND RIGHT END
TURN 184 RESULT
TIME LEFT 0 5 RIGHT 0 5
TRAIN A73 A74 B61 B62 B63
MOVE A24 27
MOVE A25 27
MOVE A26 27
MOVE A28 27
MOVE A29 27
MOVE A30 27
MOVE A31 27
MOVE A32 27
MOVE A33 27
MOVE A34 27
MOVE A35 27
MOVE A36 27
MOVE A39 27
MOVE A40 27
MOVE A41 26
MOVE A42 26
MOVE A47 68
MOVE A48 68
MOVE A51 61
MOVE A52 61
MOVE A61 79
MOVE A62 79
MOVE A63 60
MOVE A64 60
MOVE A65 42
MOVE A66 27
MOVE A67 27
MOVE A68 26
MOVE A69 26
MOVE A70 16
MOVE A71 16
MOVE A72 7
MOVE B29 74
MOVE B30 74
MOVE B46 105
MOVE B47 105
MOVE B48 105
MOVE B49 119
MOVE B50 119
MOVE B51 119
MOVE B52 140
MOVE B53 140
MOVE B54 140
MOVE B55 167
MOVE B56 167
MOVE B57 160
MOVE B58 182
MOVE B59 182
MOVE B60 182
DAMAGE TURRET B31 2
DAMAGE COMBAT A11 2
DAMAGE COMBAT B31 2
END TURN 184
TURN 185
COMMAND LEFT START
MOVE A62 59
MOVE A61 59
MOVE A73 79
MOVE A74 79
TRAIN 1
COMMAND LEFT END
COMMAND RIGHT START
MOVE B63 93
MOVE B62 93
MOVE B61 93
TRAIN 3
COMMAND RIGHT END
TURN 185 RESULT
TIME LEFT 0 5 RIGHT 1 5
TRAIN A75 B64 B65 B66
MOVE A24 42
MOVE A25 42
MOVE A26 42
MOVE A28 42
MOVE A29 42
MOVE A30 42
MOVE A31 42
MOVE A32 42
MOVE A33 42
MOVE A34 42
MOVE A35 42
MOVE A36 42
MOVE A39 42
MOVE A40 42
MOVE A41 27
MOVE A42 27
MOVE A47 59
MOVE A48 59
MOVE A51 55
MOVE A52 55
MOVE A61 68
MOVE A62 68
MOVE A63 79
MOVE A64 79
MOVE A65 60
MOVE A66 42
MOVE A67 42
MOVE A68 27
MOVE A69 27
MOVE A70 26
MOVE A71 26
MOVE A72 16
MOVE A73 7
MOVE A74 7
MOVE B29 79
MOVE B30 79
MOVE B46 93
MOVE B47 93
MOVE B48 93
MOVE B49 105
MOVE B50 105
MOVE B51 105
MOVE B52 119
MOVE B53 119
MOVE B54 119
MOVE B55 150
MOVE B56 150
MOVE B57 159
MOVE B58 177
MOVE B59 177
MOVE B60 177
MOVE B61 182
MOVE B62 182
MOVE B63 182
DAMAGE TURRET B29 2
DAMAGE TURRET B32 2
DAMAGE COMBAT A11 1
DAMAGE COMBAT A15 1
DAMAGE COMBAT A16 1
DAMAGE COMBAT B29 5
DAMAGE COMBAT B30 7
DAMAGE COMBAT B32 4
END TURN 185
TURN 186
COMMAND LEFT START
MOVE A47 79
MOVE A48 79
MOVE A52 79
MOVE A75 79
TRAIN 2
COMMAND LEFT END
COMMAND RIGHT START
MOVE B48 79
MOVE B47 59
MOVE B66 93
MOVE B65 93
MOVE B64 93
TRAIN 1
COMMAND RIGHT END
TURN 186 RESULT
TIME LEFT 0 5 RIGHT 0 5
TRAIN A76 A77 B67
MOVE A24 60
MOVE A25 60
MOVE A26 60
MOVE A28 60
MOVE A29 60
MOVE A30 60
MOVE A31 60
MOVE A32 60
MOVE A33 60
MOVE A34 60
MOVE A35 60
MOVE A36 60
MOVE A39 60
MOVE A40 60
MOVE A41 42
MOVE A42 42
MOVE A47 68
MOVE A48 68
MOVE A61 59
MOVE A62 59
MOVE A65 79
MOVE A66 60
MOVE A67 60
MOVE A68 42
MOVE A69 42
MOVE A70 27
MOVE A71 27
MOVE A72 26
MOVE A73 16
MOVE A74 16
MOVE A75 7
MOVE B47 81
MOVE B48 81
MOVE B49 93
MOVE B50 93
MOVE B51 93
MOVE B52 105
MOVE B53 105
MOVE B54 105
MOVE B55 140
MOVE B56 140
MOVE B57 144
MOVE B58 167
MOVE B59 167
MOVE B60 167
MOVE B61 177
MOVE B62 177
MOVE B63 177
MOVE B64 182
MOVE B65 182
MOVE B66 182
DAMAGE TURRET B32 1
DAMAGE COMBAT A11 1
END TURN 186
TURN 187
COMMAND LEFT START
MOVE A61 79
MOVE A62 79
MOVE A76 79
MOVE A77 79
TRAIN 2
COMMAND LEFT END
COMMAND RIGHT START
MOVE B51 55
MOVE B50 37
MOVE B49 10
MOVE B67 93
COMMAND RIGHT END
TURN 187 RESULT
TIME LEFT 0 5 RIGHT 0 5
TRAIN A78 A79
MOVE A24 79
MOVE A25 79
MOVE A26 79
MOVE A28 79
MOVE A29 79
MOVE A30 79
MOVE A31 79
MOVE A32 79
MOVE A33 79
MOVE A34 79
MOVE A35 79
MOVE A36 79
MOVE A39 79
MOVE A40 79
MOVE A41 60
MOVE A42 60
MOVE A47 79
MOVE A48 79
MOVE A52 61
MOVE A61 68
MOVE A62 68
MOVE A66 79
MOVE A67 79
MOVE A68 60
MOVE A69 60
MOVE A70 42
MOVE A71 42
MOVE A72 27
MOVE A73 26
MOVE A74 26
MOVE A75 16
MOVE A76 7
MOVE A77 7
MOVE B47 77
MOVE B48 77
MOVE B49 81
MOVE B50 81
MOVE B51 81
MOVE B52 93
MOVE B53 93
MOVE B54 93
MOVE B55 119
MOVE B56 119
MOVE B57 126
MOVE B58 150
MOVE B59 150
MOVE B60 150
MOVE B61 167
MOVE B62 167
MOVE B63 167
MOVE B64 177
MOVE B65 177
MOVE B66 177
MOVE B67 182
END TURN 187
TURN 188
COMMAND LEFT START
MOVE A64 59
MOVE A63 59
MOVE A78 79
MOVE A79 79
TRAIN 1
COMMAND LEFT END
COMMAND RIGHT START
TRAIN 3
COMMAND RIGHT END
TURN 188 RESULT
TIME LEFT 0 5 RIGHT 0 5
TRAIN A80 B68 B69 B70
MOVE A41 79
MOVE A42 79
MOVE A52 67
MOVE A61 79
MOVE A62 79
MOVE A63 68
MOVE A64 68
MOVE A68 79
MOVE A69 79
MOVE A70 60
MOVE A71 60
MOVE A72 42
MOVE A73 27
MOVE A74 27
MOVE A75 26
MOVE A76 16
MOVE A77 16
MOVE A78 7
MOVE A79 7
MOVE B47 74
MOVE B48 74
MOVE B49 75
MOVE B50 75
MOVE B51 75
MOVE B55 105
MOVE B56 105
MOVE B57 118
MOVE B58 140
MOVE B59 140
MOVE B60 140
MOVE B61 150
MOVE B62 150
MOVE B63 150
MOVE B64 167
MOVE B65 167
MOVE B66 167
MOVE B67 177
END TURN 188
TURN 189
COMMAND LEFT START
MOVE A69 59
MOVE A68 59
MOVE A80 79
TRAIN 2
COMMAND LEFT END
COMMAND RIGHT START
MOVE B70 93
MOVE B69 93
MOVE B68 93
TRAIN 3
COMMAND RIGHT END
TURN 189 RESULT
TIME LEFT 0 5 RIGHT 0 5
TRAIN A81 A82 B71 B72 B73
MOVE A52 77
MOVE A63 59
MOVE A64 59
MOVE A68 68
MOVE A69 68
MOVE A70 79
MOVE A71 79
MOVE A72 60
MOVE A73 42
MOVE A74 42
MOVE A75 27
MOVE A76 26
MOVE A77 26
MOVE A78 16
MOVE A79 16
MOVE A80 7
MOVE B47 79
MOVE B48 79
MOVE B49 70
MOVE B50 70
MOVE B51 70
MOVE B55 93
MOVE B56 93
MOVE B57 104
MOVE B58 119
MOVE B59 119
MOVE B60 119
MOVE B61 140
MOVE B62 140
MOVE B63 140
MOVE B64 150
MOVE B65 150
MOVE B66 150
MOVE B67 167
MOVE B68 182
MOVE B69 182
MOVE B70 182
DAMAGE TURRET B47 2
DAMAGE COMBAT A16 2
DAMAGE COMBAT B47 6
DAMAGE COMBAT B48 8
END TURN 189
TURN 190
COMMAND LEFT START
MOVE A63 79
MOVE A64 79
MOVE A81 79
MOVE A82 79
TRAIN 1
COMMAND LEFT END
COMMAND RIGHT START
MOVE B73 93
MOVE B72 93
MOVE B71 93
TRAIN 3
COMMAND RIGHT END
TURN 190 RESULT
TIME LEFT 0 5 RIGHT 0 5
TRAIN A83 B74 B75 B76
MOVE A52 74
MOVE A63 68
MOVE A64 68
MOVE A68 59
MOVE A69 59
MOVE A72 79
MOVE A73 60
MOVE A74 60
MOVE A75 42
MOVE A76 27
MOVE A77 27
MOVE A78 26
MOVE A79 26
MOVE A80 16
MOVE A81 7
MOVE A82 7
MOVE B49 55
MOVE B50 55
MOVE B51 55
MOVE B57 99
MOVE B58 105
MOVE B59 105
MOVE B60 105
MOVE B61 119
MOVE B62 119
MOVE B63 119
MOVE B64 140
MOVE B65 140
MOVE B66 140
MOVE B67 150
MOVE B68 177
MOVE B69 177
MOVE B70 177
MOVE B71 182
MOVE B72 182
MOVE B73 182
DAMAGE TURRET B49 2
DAMAGE COMBAT A11 1
DAMAGE COMBAT A37 2
DAMAGE COMBAT B49 3
END TURN 190
TURN 191
COMMAND LEFT START
MOVE A25 55
MOVE A68 79
MOVE A69 79
MOVE A83 79
TRAIN 2
COMMAND LEFT END
COMMAND RIGHT START
MOVE B56 79
MOVE B55 59
MOVE B76 93
MOVE B75 93
MOVE B74 93
TRAIN 2
COMMAND RIGHT END
TURN 191 RESULT
TIME LEFT 0 5 RIGHT 0 5
TRAIN A84 A85 B77 B78
MOVE A25 74
MOVE A52 79
MOVE A63 79
MOVE A64 79
MOVE A68 68
MOVE A69 68
MOVE A73 79
MOVE A74 79
MOVE A75 60
MOVE A76 42
MOVE A77 42
MOVE A78 27
MOVE A79 27
MOVE A80 26
MOVE A81 16
MOVE A82 16
MOVE A83 7
MOVE B55 81
MOVE B56 81
MOVE B57 76
MOVE B58 93
MOVE B59 93
MOVE B60 93
MOVE B61 105
MOVE B62 105
MOVE B63 105
MOVE B64 119
MOVE B65 119
MOVE B66 119
MOVE B67 140
MOVE B68 167
MOVE B69 167
MOVE B70 167
MOVE B71 177
MOVE B72 177
MOVE B73 177
MOVE B74 182
MOVE B75 182
MOVE B76 182
DAMAGE TURRET B49 2
DAMAGE COMBAT A37 3
DAMAGE COMBAT B49 1
DAMAGE COMBAT B50 1
END TURN 191
TURN 192
COMMAND LEFT START
MOVE A84 79
MOVE A85 79
TRAIN 1
COMMAND LEFT END
COMMAND RIGHT START
MOVE B78 93
MOVE B77 93
TRAIN 3
COMMAND RIGHT END
TURN 192 RESULT
TIME LEFT 0 5 RIGHT 0 5
TRAIN A86 B79 B80 B81
MOVE A25 77
MOVE A68 79
MOVE A69 79
MOVE A75 79
MOVE A76 60
MOVE A77 60
MOVE A78 42
MOVE A79 42
MOVE A80 27
MOVE A81 26
MOVE A82 26
MOVE A83 16
MOVE A84 7
MOVE A85 7
MOVE B55 77
MOVE B56 77
MOVE B57 53
MOVE B61 93
MOVE B62 93
MOVE B63 93
MOVE B64 105
MOVE B65 105
MOVE B66 105
MOVE B67 119
MOVE B68 150
MOVE B69 150
MOVE B70 150
MOVE B71 167
MOVE B72 167
MOVE B73 167
MOVE B74 177
MOVE B75 177
MOVE B76 177
MOVE B77 182
MOVE B78 182
DAMAGE TURRET B50 2
DAMAGE TURRET B57 2
DAMAGE COMBAT A18 1
DAMAGE COMBAT A25 2
DAMAGE COMBAT A37 2
DAMAGE COMBAT B50 2
DAMAGE COMBAT B55 1
DAMAGE COMBAT B57 3
END TURN 192
TURN 193
COMMAND LEFT START
MOVE A74 59
MOVE A73 59
MOVE A86 79
TRAIN 2
COMMAND LEFT END
COMMAND RIGHT START
MOVE B81 93
MOVE B80 93
MOVE B79 93
TRAIN 3
COMMAND RIGHT END
TURN 193 RESULT
TIME LEFT 0 5 RIGHT 0 5
TRAIN A87 A88 B82 B83 B84
MOVE A73 68
MOVE A74 68
MOVE A76 79
MOVE A77 79
MOVE A78 60
MOVE A79 60
MOVE A80 42
MOVE A81 27
MOVE A82 27
MOVE A83 26
MOVE A84 16
MOVE A85 16
MOVE A86 7
MOVE B64 93
MOVE B65 93
MOVE B66 93
MOVE B67 105
MOVE B68 140
MOVE B69 140
MOVE B70 140
MOVE B71 150
MOVE B72 150
MOVE B73 150
MOVE B74 167
MOVE B75 167
MOVE B76 167
MOVE B77 177
MOVE B78 177
MOVE B79 182
MOVE B80 182
MOVE B81 182
DAMAGE TURRET B50 2
DAMAGE TURRET B57 2
DAMAGE COMBAT A18 1
DAMAGE COMBAT A25 2
DAMAGE COMBAT A37 1
DAMAGE COMBAT A51 1
DAMAGE COMBAT B50 1
DAMAGE COMBAT B51 1
DAMAGE COMBAT B55 1
DAMAGE COMBAT B57 1
END TURN 193
TURN 194
COMMAND LEFT START
MOVE A26 55
MOVE A87 79
MOVE A88 79
TRAIN 1
COMMAND LEFT END
COMMAND RIGHT START
MOVE B66 53
MOVE B84 93
MOVE B83 93
MOVE B82 93
TRAIN 3
COMMAND RIGHT END
TURN 194 RESULT
TIME LEFT 0 5 RIGHT 0 5
TRAIN A89 B85 B86 B87
MOVE A26 74
MOVE A73 59
MOVE A74 59
MOVE A78 79
MOVE A79 79
MOVE A80 60
MOVE A81 42
MOVE A82 42
MOVE A83 27
MOVE A84 26
MOVE A85 26
MOVE A86 16
MOVE A87 7
MOVE A88 7
MOVE B66 95
MOVE B67 93
MOVE B68 119
MOVE B69 119
MOVE B70 119
MOVE B71 140
MOVE B72 140
MOVE B73 140
MOVE B74 150
MOVE B75 150
MOVE B76 150
MOVE B77 167
MOVE B78 167
MOVE B79 177
MOVE B80 177
MOVE B81 177
MOVE B82 182
MOVE B83 182
MOVE B84 182
DAMAGE TURRET B51 2
DAMAGE COMBAT A25 2
DAMAGE COMBAT A51 1
DAMAGE COMBAT B51 1
DAMAGE COMBAT B55 1
END TURN 194
TURN 195
COMMAND LEFT START
MOVE A79 59
MOVE A78 59
MOVE A73 79
MOVE A74 79
MOVE A89 79
TRAIN 1
COMMAND LEFT END
COMMAND RIGHT START
MOVE B87 93
MOVE B86 93
MOVE B85 93
TRAIN 3
COMMAND RIGHT END
TURN 195 RESULT
TIME LEFT 0 5 RIGHT 0 5
TRAIN A90 B88 B89 B90
MOVE A26 77
MOVE A73 68
MOVE A74 68
MOVE A78 68
MOVE A79 68
MOVE A80 79
MOVE A81 60
MOVE A82 60
MOVE A83 42
MOVE A84 27
MOVE A85 27
MOVE A86 26
MOVE A87 16
MOVE A88 16
MOVE A89 7
MOVE B66 97
MOVE B68 105
MOVE B69 105
MOVE B70 105
MOVE B71 119
MOVE B72 119
MOVE B73 119
MOVE B74 140
MOVE B75 140
MOVE B76 140
MOVE B77 150
MOVE B78 150
MOVE B79 167
MOVE B80 167
MOVE B81 167
MOVE B82 177
MOVE B83 177
MOVE B84 177
MOVE B85 182
MOVE B86 182
MOVE B87 182
DAMAGE TURRET B51 2
DAMAGE COMBAT A25 1
DAMAGE COMBAT A26 1
DAMAGE COMBAT A51 1
DAMAGE COMBAT B51 1
DAMAGE COMBAT B55 2
END TURN 195
TURN 196
COMMAND LEFT START
MOVE A27 55
MOVE A90 79
TRAIN 1
COMMAND LEFT END
COMMAND RIGHT START
MOVE B90 93
MOVE B89 93
MOVE B88 93
TRAIN 3
COMMAND RIGHT END
TURN 196 RESULT
TIME LEFT 0 5 RIGHT 0 5
TRAIN A91 B91 B92 B93
MOVE A27 74
MOVE A73 79
MOVE A74 79
MOVE A78 59
MOVE A79 59
MOVE A81 79
MOVE A82 79
MOVE A83 60
MOVE A84 42
MOVE A85 42
MOVE A86 27
MOVE A87 26
MOVE A88 26
MOVE A89 16
MOVE A90 7
MOVE B66 92
MOVE B68 93
MOVE B69 93
MOVE B70 93
MOVE B71 105
MOVE B72 105
MOVE B73 105
MOVE B74 119
MOVE B75 119
MOVE B76 119
MOVE B77 140
MOVE B78 140
MOVE B79 150
MOVE B80 150
MOVE B81 150
MOVE B82 167
MOVE B83 167
MOVE B84 167
MOVE B85 177
MOVE B86 177
MOVE B87 177
MOVE B88 182
MOVE B89 182
MOVE B90 182
DAMAGE TURRET B51 1
DAMAGE COMBAT A26 2
DAMAGE COMBAT A51 1
DAMAGE COMBAT B55 1
END TURN 196
TURN 197
COMMAND LEFT START
MOVE A82 59
MOVE A81 59
MOVE A78 79
MOVE A79 79
MOVE A91 79
TRAIN 1
COMMAND LEFT END
COMMAND RIGHT START
MOVE B70 55
MOVE B69 55
MOVE B68 55
MOVE B67 55
MOVE B65 55
MOVE B64 55
MOVE B63 55
MOVE B62 55
MOVE B61 55
MOVE B60 55
MOVE B59 55
MOVE B58 55
MOVE B54 55
MOVE B53 55
MOVE B52 55
MOVE B46 55
MOVE B45 55
MOVE B44 55
MOVE B43 55
MOVE B42 55
MOVE B41 55
MOVE B26 55
MOVE B16 55
COMMAND RIGHT END
TURN 197 RESULT
TIME LEFT 0 5 RIGHT 0 5
TRAIN A92
MOVE A27 77
MOVE A78 68
MOVE A79 68
MOVE A81 68
MOVE A82 68
MOVE A83 79
MOVE A84 60
MOVE A85 60
MOVE A86 42
MOVE A87 27
MOVE A88 27
MOVE A89 26
MOVE A90 16
MOVE A91 7
MOVE B16 81
MOVE B26 81
MOVE B41 81
MOVE B42 81
MOVE B43 81
MOVE B44 81
MOVE B45 81
MOVE B46 81
MOVE B52 81
MOVE B53 81
MOVE B54 81
MOVE B58 81
MOVE B59 81
MOVE B60 81
MOVE B61 81
MOVE B62 81
MOVE B63 81
MOVE B64 81
MOVE B65 81
MOVE B66 73
MOVE B67 81
MOVE B68 81
MOVE B69 81
MOVE B70 81
MOVE B71 93
MOVE B72 93
MOVE B73 93
MOVE B74 105
MOVE B75 105
MOVE B76 105
MOVE B77 119
MOVE B78 119
MOVE B79 140
MOVE B80 140
MOVE B81 140
MOVE B82 150
MOVE B83 150
MOVE B84 150
MOVE B85 167
MOVE B86 167
MOVE B87 167
MOVE B88 177
MOVE B89 177
MOVE B90 177
DAMAGE COMBAT A26 2
DAMAGE COMBAT B55 2
END TURN 197
TURN 198
COMMAND LEFT START
MOVE A51 79
MOVE A83 84
MOVE A80 96
MOVE A28 0
MOVE A29 0
MOVE A30 0
MOVE A31 0
MOVE A32 0
MOVE A33 0
MOVE A34 0
MOVE A35 0
MOVE A36 0
MOVE A38 0
MOVE A39 0
MOVE A40 0
MOVE A41 0
MOVE A42 0
MOVE A43 0
MOVE A44 0
MOVE A45 0
MOVE A46 0
MOVE A47 0
MOVE A48 0
MOVE A49 0
MOVE A50 0
MOVE A52 0
MOVE A53 0
MOVE A54 0
MOVE A55 0
MOVE A56 0
MOVE A57 0
MOVE A58 0
MOVE A59 0
MOVE A60 0
MOVE A61 0
MOVE A62 0
MOVE A63 0
MOVE A64 0
MOVE A65 0
MOVE A66 0
MOVE A67 0
MOVE A68 0
MOVE A69 0
MOVE A70 0
MOVE A71 0
MOVE A72 0
MOVE A73 0
MOVE A74 0
MOVE A75 0
MOVE A76 0
MOVE A77 0
TRAIN 2
COMMAND LEFT END
COMMAND RIGHT START
MOVE B93 93
MOVE B92 93
MOVE B91 93
TRAIN 2
COMMAND RIGHT END
TURN 198 RESULT
TIME LEFT 0 5 RIGHT 0 5
TRAIN A93 A94 B94 B95
MOVE A28 60
MOVE A29 60
MOVE A30 60
MOVE A31 60
MOVE A32 60
MOVE A33 60
MOVE A34 60
MOVE A35 60
MOVE A36 60
MOVE A38 60
MOVE A39 60
MOVE A40 60
MOVE A41 60
MOVE A42 60
MOVE A43 60
MOVE A44 60
MOVE A45 60
MOVE A46 60
MOVE A47 60
MOVE A48 60
MOVE A49 60
MOVE A50 60
MOVE A51 61
MOVE A52 60
MOVE A53 60
MOVE A54 60
MOVE A55 60
MOVE A56 60
MOVE A57 60
MOVE A58 60
MOVE A59 60
MOVE A60 60
MOVE A61 60
MOVE A62 60
MOVE A63 60
MOVE A64 60
MOVE A65 60
MOVE A66 60
MOVE A67 60
MOVE A68 60
MOVE A69 60
MOVE A70 60
MOVE A71 60
MOVE A72 60
MOVE A73 60
MOVE A74 60
MOVE A75 60
MOVE A76 60
MOVE A77 60
MOVE A78 79
MOVE A79 79
MOVE A80 74
MOVE A81 59
MOVE A82 59
MOVE A83 68
MOVE A84 79
MOVE A85 79
MOVE A86 60
MOVE A87 42
MOVE A88 42
MOVE A89 27
MOVE A90 26
MOVE A91 16
MOVE B16 75
MOVE B26 75
MOVE B41 75
MOVE B42 75
MOVE B43 75
MOVE B44 75
MOVE B45 75
MOVE B46 75
MOVE B52 75
MOVE B53 75
MOVE B54 75
MOVE B58 75
MOVE B59 75
MOVE B60 75
MOVE B61 75
MOVE B62 75
MOVE B63 75
MOVE B64 75
MOVE B65 75
MOVE B66 64
MOVE B67 75
MOVE B68 75
MOVE B69 75
MOVE B70 75
MOVE B74 93
MOVE B75 93
MOVE B76 93
MOVE B77 105
MOVE B78 105
MOVE B79 119
MOVE B80 119
MOVE B81 119
MOVE B82 140
MOVE B83 140
MOVE B84 140
MOVE B85 150
MOVE B86 150
MOVE B87 150
MOVE B88 167
MOVE B89 167
MOVE B90 167
MOVE B91 182
MOVE B92 182
MOVE B93 182
DAMAGE COMBAT A26 1
DAMAGE COMBAT B56 2
END TURN 198
TURN 199
COMMAND LEFT START
MOVE A78 0
MOVE A79 0
MOVE A81 0
MOVE A82 0
MOVE A84 0
MOVE A85 0
COMMAND LEFT END
COMMAND RIGHT START
MOVE B95 93
MOVE B94 93
TRAIN 2
COMMAND RIGHT END
TURN 199 RESULT
TIME LEFT 0 5 RIGHT 0 5
TRAIN B96 B97
MOVE A28 42
MOVE A29 42
MOVE A30 42
MOVE A31 42
MOVE A32 42
MOVE A33 42
MOVE A34 42
MOVE A35 42
MOVE A36 42
MOVE A38 42
MOVE A39 42
MOVE A40 42
MOVE A41 42
MOVE A42 42
MOVE A43 42
MOVE A44 42
MOVE A45 42
MOVE A46 42
MOVE A47 42
MOVE A48 42
MOVE A49 42
MOVE A50 42
MOVE A51 67
MOVE A52 42
MOVE A53 42
MOVE A54 42
MOVE A55 42
MOVE A56 42
MOVE A57 42
MOVE A58 42
MOVE A59 42
MOVE A60 42
MOVE A61 42
MOVE A62 42
MOVE A63 42
MOVE A64 42
MOVE A65 42
MOVE A66 42
MOVE A67 42
MOVE A68 42
MOVE A69 42
MOVE A70 42
MOVE A71 42
MOVE A72 42
MOVE A73 42
MOVE A74 42
MOVE A75 42
MOVE A76 42
MOVE A77 42
MOVE A78 60
MOVE A79 60
MOVE A80 77
MOVE A81 50
MOVE A82 50
MOVE A83 71
MOVE A84 60
MOVE A85 60
MOVE A86 79
MOVE A87 60
MOVE A88 60
MOVE A89 42
MOVE A90 27
MOVE A91 26
MOVE B16 70
MOVE B26 70
MOVE B41 70
MOVE B42 70
MOVE B43 70
MOVE B44 70
MOVE B45 70
MOVE B46 70
MOVE B52 70
MOVE B53 70
MOVE B54 70
MOVE B58 70
MOVE B59 70
MOVE B60 70
MOVE B61 70
MOVE B62 70
MOVE B63 70
MOVE B64 70
MOVE B65 70
MOVE B66 58
MOVE B67 70
MOVE B68 70
MOVE B69 70
MOVE B70 70
MOVE B77 93
MOVE B78 93
MOVE B79 105
MOVE B80 105
MOVE B81 105
MOVE B82 119
MOVE B83 119
MOVE B84 119
MOVE B85 140
MOVE B86 140
MOVE B87 140
MOVE B88 150
MOVE B89 150
MOVE B90 150
MOVE B91 177
MOVE B92 177
MOVE B93 177
MOVE B94 182
MOVE B95 182
DAMAGE COMBAT A26 1
DAMAGE COMBAT B56 3
END TURN 199
TURN 200
COMMAND LEFT START
MOVE A86 0
TRAIN 2
COMMAND LEFT END
COMMAND RIGHT START
MOVE B97 93
MOVE B96 93
TRAIN 2
COMMAND RIGHT END
TURN 200 RESULT
TIME LEFT 0 5 RIGHT 0 5
TRAIN A95 A96 B98 B99
MOVE A28 27
MOVE A29 27
MOVE A30 27
MOVE A31 27
MOVE A32 27
MOVE A33 27
MOVE A34 27
MOVE A35 27
MOVE A36 27
MOVE A38 27
MOVE A39 27
MOVE A40 27
MOVE A41 27
MOVE A42 27
MOVE A43 27
MOVE A44 27
MOVE A45 27
MOVE A46 27
MOVE A47 27
MOVE A48 27
MOVE A49 27
MOVE A50 27
MOVE A51 77
MOVE A52 27
MOVE A53 27
MOVE A54 27
MOVE A55 27
MOVE A56 27
MOVE A57 27
MOVE A58 27
MOVE A59 27
MOVE A60 27
MOVE A61 27
MOVE A62 27
MOVE A63 27
MOVE A64 27
MOVE A65 27
MOVE A66 27
MOVE A67 27
MOVE A68 27
MOVE A69 27
MOVE A70 27
MOVE A71 27
MOVE A72 27
MOVE A73 27
MOVE A74 27
MOVE A75 27
MOVE A76 27
MOVE A77 27
MOVE A78 42
MOVE A79 42
MOVE A81 39
MOVE A82 39
MOVE A83 63
MOVE A84 42
MOVE A85 42
MOVE A86 60
MOVE A87 79
MOVE A88 79
MOVE A89 60
MOVE A90 42
MOVE A91 27
MOVE B16 55
MOVE B26 55
MOVE B41 55
MOVE B42 55
MOVE B43 55
MOVE B44 55
MOVE B45 55
MOVE B46 55
MOVE B52 55
MOVE B53 55
MOVE B54 55
MOVE B58 55
MOVE B59 55
MOVE B60 55
MOVE B61 55
MOVE B62 55
MOVE B63 55
MOVE B64 55
MOVE B65 55
MOVE B66 51
MOVE B67 55
MOVE B68 55
MOVE B69 55
MOVE B70 55
MOVE B79 93
MOVE B80 93
MOVE B81 93
MOVE B82 105
MOVE B83 105
MOVE B84 105
MOVE B85 119
MOVE B86 119
MOVE B87 119
MOVE B88 140
MOVE B89 140
MOVE B90 140
MOVE B91 167
MOVE B92 167
MOVE B93 167
MOVE B94 177
MOVE B95 177
MOVE B96 182
MOVE B97 182
DAMAGE TURRET B16 2
DAMAGE COMBAT A51 1
DAMAGE COMBAT B56 3
SIEGE A 55 18
END TURN 200
TURN 201
COMMAND LEFT START
MOVE A6 79
MOVE A7 79
MOVE A8 79
MOVE A88 88
MOVE A87 84
COMMAND LEFT END
COMMAND RIGHT START
MOVE B81 37
MOVE B80 37
MOVE B79 37
MOVE B78 37
MOVE B77 37
MOVE B76 37
MOVE B75 37
MOVE B74 37
MOVE B73 37
MOVE B72 37
MOVE B71 37
UPGRADE 55
COMMAND RIGHT END
TURN 201 RESULT
TIME LEFT 0 5 RIGHT 0 5
UPGRADE B 55
MOVE A6 44
MOVE A7 44
MOVE A8 44
MOVE A27 67
MOVE A28 26
MOVE A29 26
MOVE A30 26
MOVE A31 26
MOVE A32 26
MOVE A33 26
MOVE A34 26
MOVE A35 26
MOVE A36 26
MOVE A38 26
MOVE A39 26
MOVE A40 26
MOVE A41 26
MOVE A42 26
MOVE A43 26
MOVE A44 26
MOVE A45 26
MOVE A46 26
MOVE A47 26
MOVE A48 26
MOVE A49 26
MOVE A50 26
MOVE A51 74
MOVE A52 26
MOVE A53 26
MOVE A54 26
MOVE A55 26
MOVE A56 26
MOVE A57 26
MOVE A58 26
MOVE A59 26
MOVE A60 26
MOVE A61 26
MOVE A62 26
MOVE A63 26
MOVE A64 26
MOVE A65 26
MOVE A66 26
MOVE A67 26
MOVE A68 26
MOVE A69 26
MOVE A70 26
MOVE A71 26
MOVE A72 26
MOVE A73 26
MOVE A74 26
MOVE A75 26
MOVE A76 26
MOVE A77 26
MOVE A78 27
MOVE A79 27
MOVE A80 81
MOVE A81 27
MOVE A82 27
MOVE A83 66
MOVE A84 27
MOVE A85 27
MOVE A86 42
MOVE A87 68
MOVE A88 88
MOVE A89 79
MOVE A90 60
MOVE A91 42
MOVE B66 53
MOVE B71 81
MOVE B72 81
MOVE B73 81
MOVE B74 81
MOVE B75 81
MOVE B76 81
MOVE B77 81
MOVE B78 81
MOVE B79 81
MOVE B80 81
MOVE B81 81
MOVE B82 93
MOVE B83 93
MOVE B84 93
MOVE B85 105
MOVE B86 105
MOVE B87 105
MOVE B88 119
MOVE B89 119
MOVE B90 119
MOVE B91 150
MOVE B92 150
MOVE B93 150
MOVE B94 167
MOVE B95 167
MOVE B96 177
MOVE B97 177
DAMAGE TURRET B66 2
DAMAGE COMBAT A18 1
DAMAGE COMBAT A80 8
DAMAGE COMBAT B66 3
DAMAGE COMBAT B71 1
END TURN 201
TURN 202
COMMAND LEFT START
MOVE A88 37
MOVE A89 37
MOVE A92 37
MOVE A93 53
TRAIN 1
COMMAND LEFT END
COMMAND RIGHT START
MOVE B70 93
MOVE B69 93
MOVE B68 93
MOVE B67 93
MOVE B65 93
MOVE B64 93
MOVE B63 93
MOVE B62 93
MOVE B61 93
MOVE B60 93
MOVE B59 93
UPGRADE 55
COMMAND RIGHT END
TURN 202 RESULT
TIME LEFT 0 5 RIGHT 0 5
UPGRADE B 55
TRAIN A97
MOVE A6 49
MOVE A7 49
MOVE A8 49
MOVE A27 61
MOVE A28 16
MOVE A29 16
MOVE A30 16
MOVE A31 16
MOVE A32 16
MOVE A33 16
MOVE A34 16
MOVE A35 16
MOVE A36 16
MOVE A38 16
MOVE A39 16
MOVE A40 16
MOVE A41 16
MOVE A42 16
MOVE A43 16
MOVE A44 16
MOVE A45 16
MOVE A46 16
MOVE A47 16
MOVE A48 16
MOVE A49 16
MOVE A50 16
MOVE A51 79
MOVE A52 16
MOVE A53 16
MOVE A54 16
MOVE A55 16
MOVE A56 16
MOVE A57 16
MOVE A58 16
MOVE A59 16
MOVE A60 16
MOVE A61 16
MOVE A62 16
MOVE A63 16
MOVE A64 16
MOVE A65 16
MOVE A66 16
MOVE A67 16
MOVE A68 16
MOVE A69 16
MOVE A70 16
MOVE A71 16
MOVE A72 16
MOVE A73 16
MOVE A74 16
MOVE A75 16
MOVE A76 16
MOVE A77 16
MOVE A78 26
MOVE A79 26
MOVE A81 26
MOVE A82 26
MOVE A83 84
MOVE A84 26
MOVE A85 26
MOVE A86 27
MOVE A87 71
MOVE A88 74
MOVE A89 74
MOVE A90 79
MOVE A91 60
MOVE A92 4
MOVE A93 4
MOVE B59 70
MOVE B60 70
MOVE B61 70
MOVE B62 70
MOVE B63 70
MOVE B64 70
MOVE B65 70
MOVE B67 70
MOVE B68 70
MOVE B69 70
MOVE B70 70
MOVE B71 75
MOVE B72 75
MOVE B73 75
MOVE B74 75
MOVE B75 75
MOVE B76 75
MOVE B77 75
MOVE B78 75
MOVE B79 75
MOVE B80 75
MOVE B81 75
MOVE B85 93
MOVE B86 93
MOVE B87 93
MOVE B88 105
MOVE B89 105
MOVE B90 105
MOVE B91 140
MOVE B92 140
MOVE B93 140
MOVE B94 150
MOVE B95 150
MOVE B96 167
MOVE B97 167
DAMAGE TURRET B66 2
DAMAGE COMBAT A19 1
DAMAGE COMBAT B66 1
END TURN 202
TURN 203
COMMAND LEFT START
MOVE A90 88
MOVE A51 84
MOVE A83 79
MOVE A94 79
MOVE A95 79
MOVE A96 79
MOVE A97 79
COMMAND LEFT END
COMMAND RIGHT START
MOVE B87 79
MOVE B58 93
MOVE B54 93
MOVE B53 93
MOVE B52 93
MOVE B46 93
MOVE B45 93
MOVE B44 93
MOVE B43 93
MOVE B42 93
MOVE B41 93
MOVE B99 93
COMMAND RIGHT END
TURN 203 RESULT
TIME LEFT 1 5 RIGHT 0 5
MOVE A6 61
MOVE A7 61
MOVE A8 61
MOVE A27 55
MOVE A28 7
MOVE A29 7
MOVE A30 7
MOVE A31 7
MOVE A32 7
MOVE A33 7
MOVE A34 7
MOVE A35 7
MOVE A36 7
MOVE A38 7
MOVE A39 7
MOVE A40 7
MOVE A41 7
MOVE A42 7
MOVE A43 7
MOVE A44 7
MOVE A45 7
MOVE A46 7
MOVE A47 7
MOVE A48 7
MOVE A49 7
MOVE A50 7
MOVE A51 68
MOVE A52 7
MOVE A53 7
MOVE A54 7
MOVE A55 7
MOVE A56 7
MOVE A57 7
MOVE A58 7
MOVE A59 7
MOVE A60 7
MOVE A61 7
MOVE A62 7
MOVE A63 7
MOVE A64 7
MOVE A65 7
MOVE A66 7
MOVE A67 7
MOVE A68 7
MOVE A69 7
MOVE A70 7
MOVE A71 7
MOVE A72 7
MOVE A73 7
MOVE A74 7
MOVE A75 7
MOVE A76 7
MOVE A77 7
MOVE A78 16
MOVE A79 16
MOVE A81 16
MOVE A82 16
MOVE A83 66
MOVE A84 16
MOVE A85 16
MOVE A86 26
MOVE A87 63
MOVE A88 77
MOVE A89 77
MOVE A90 88
MOVE A91 79
MOVE A92 15
MOVE A93 15
MOVE A94 7
MOVE A95 7
MOVE A96 7
MOVE A97 7
MOVE B41 70
MOVE B42 70
MOVE B43 70
MOVE B44 70
MOVE B45 70
MOVE B46 70
MOVE B52 70
MOVE B53 70
MOVE B54 70
MOVE B58 70
MOVE B59 75
MOVE B60 75
MOVE B61 75
MOVE B62 75
MOVE B63 75
MOVE B64 75
MOVE B65 75
MOVE B67 75
MOVE B68 75
MOVE B69 75
MOVE B70 75
MOVE B71 70
MOVE B72 70
MOVE B73 70
MOVE B74 70
MOVE B75 70
MOVE B76 70
MOVE B77 70
MOVE B78 70
MOVE B79 70
MOVE B80 70
MOVE B81 70
MOVE B87 81
MOVE B88 93
MOVE B89 93
MOVE B90 93
MOVE B91 119
MOVE B92 119
MOVE B93 119
MOVE B94 140
MOVE B95 140
MOVE B96 150
MOVE B97 150
MOVE B99 182
DAMAGE TURRET A27 1
DAMAGE COMBAT A27 2
DAMAGE COMBAT B16 1
END TURN 203
TURN 204
COMMAND LEFT START
MOVE A27 79
TRAIN 1
COMMAND LEFT END
COMMAND RIGHT START
MOVE B8 55
MOVE B12 55
MOVE B82 55
MOVE B98 93
TRAIN 3
COMMAND RIGHT END
TURN 204 RESULT
TIME LEFT 0 5 RIGHT 0 5
TRAIN A98 B100 B101 B102
MOVE A6 67
MOVE A7 67
MOVE A8 67
MOVE A28 0
MOVE A29 0
MOVE A30 0
MOVE A31 0
MOVE A32 0
MOVE A33 0
MOVE A34 0
MOVE A35 0
MOVE A36 0
MOVE A38 0
MOVE A39 0
MOVE A40 0
MOVE A41 0
MOVE A42 0
MOVE A43 0
MOVE A44 0
MOVE A45 0
MOVE A46 0
MOVE A47 0
MOVE A48 0
MOVE A49 0
MOVE A50 0
MOVE A51 71
MOVE A52 0
MOVE A53 0
MOVE A54 0
MOVE A55 0
MOVE A56 0
MOVE A57 0
MOVE A58 0
MOVE A59 0
MOVE A60 0
MOVE A61 0
MOVE A62 0
MOVE A63 0
MOVE A64 0
MOVE A65 0
MOVE A66 0
MOVE A67 0
MOVE A68 0
MOVE A69 0
MOVE A70 0
MOVE A71 0
MOVE A72 0
MOVE A73 0
MOVE A74 0
MOVE A75 0
MOVE A76 0
MOVE A77 0
MOVE A78 7
MOVE A79 7
MOVE A81 7
MOVE A82 7
MOVE A83 63
MOVE A84 7
MOVE A85 7
MOVE A86 16
MOVE A87 66
MOVE A88 67
MOVE A89 67
MOVE A92 23
MOVE A93 17
MOVE A94 16
MOVE A95 16
MOVE A96 16
MOVE A97 16
MOVE B8 81
MOVE B12 81
MOVE B41 75
MOVE B42 75
MOVE B43 75
MOVE B44 75
MOVE B45 75
MOVE B46 75
MOVE B52 75
MOVE B53 75
MOVE B54 75
MOVE B58 75
MOVE B59 81
MOVE B60 81
MOVE B61 81
MOVE B62 81
MOVE B63 81
MOVE B64 81
MOVE B65 81
MOVE B67 81
MOVE B68 81
MOVE B69 81
MOVE B70 81
MOVE B71 55
MOVE B72 55
MOVE B73 55
MOVE B74 55
MOVE B75 55
MOVE B76 55
MOVE B77 55
MOVE B78 55
MOVE B79 55
MOVE B80 55
MOVE B81 55
MOVE B82 81
MOVE B87 77
MOVE B91 105
MOVE B92 105
MOVE B93 105
MOVE B94 119
MOVE B95 119
MOVE B96 140
MOVE B97 140
MOVE B98 182
MOVE B99 177
DAMAGE TURRET A27 1
DAMAGE COMBAT A27 4
DAMAGE COMBAT B16 1
END TURN 204
TURN 205
COMMAND LEFT START
MOVE A91 186
MOVE A28 186
MOVE A29 186
MOVE A30 186
MOVE A31 186
MOVE A32 186
MOVE A33 186
MOVE A34 186
MOVE A35 186
MOVE A36 186
MOVE A38 186
MOVE A39 186
MOVE A40 186
MOVE A41 186
MOVE A42 186
MOVE A43 186
MOVE A44 186
MOVE A45 186
MOVE A46 186
MOVE A47 186
MOVE A48 186
MOVE A49 186
MOVE A50 186
MOVE A52 186
MOVE A53 186
MOVE A54 186
MOVE A55 186
MOVE A68 79
MOVE A69 79
MOVE A70 79
MOVE A71 79
MOVE A72 79
MOVE A73 79
MOVE A74 79
MOVE A75 79
MOVE A76 79
MOVE A77 79
MOVE A98 79
COMMAND LEFT END
COMMAND RIGHT START
MOVE B102 93
MOVE B101 93
MOVE B100 93
UPGRADE 55
COMMAND RIGHT END
TURN 205 RESULT
TIME LEFT 2 5 RIGHT 0 5
UPGRADE B 55
MOVE A6 77
MOVE A7 77
MOVE A8 77
MOVE A28 4
MOVE A29 4
MOVE A30 4
MOVE A31 4
MOVE A32 4
MOVE A33 4
MOVE A34 4
MOVE A35 4
MOVE A36 4
MOVE A38 4
MOVE A39 4
MOVE A40 4
MOVE A41 4
MOVE A42 4
MOVE A43 4
MOVE A44 4
MOVE A45 4
MOVE A46 4
MOVE A47 4
MOVE A48 4
MOVE A49 4
MOVE A50 4
MOVE A51 63
MOVE A52 4
MOVE A53 4
MOVE A54 4
MOVE A55 4
MOVE A68 7
MOVE A69 7
MOVE A70 7
MOVE A71 7
MOVE A72 7
MOVE A73 7
MOVE A74 7
MOVE A75 7
MOVE A76 7
MOVE A77 7
MOVE A78 0
MOVE A79 0
MOVE A81 0
MOVE A82 0
MOVE A83 71
MOVE A84 0
MOVE A85 0
MOVE A86 7
MOVE A87 84
MOVE A88 61
MOVE A89 61
MOVE A91 88
MOVE A92 37
MOVE A93 22
MOVE A94 26
MOVE A95 26
MOVE A96 26
MOVE A97 26
MOVE A98 7
MOVE B8 75
MOVE B12 75
MOVE B41 81
MOVE B42 81
MOVE B43 81
MOVE B44 81
MOVE B45 81
MOVE B46 81
MOVE B52 81
MOVE B53 81
MOVE B54 81
MOVE B58 81
MOVE B59 93
MOVE B60 93
MOVE B61 93
MOVE B62 93
MOVE B63 93
MOVE B64 93
MOVE B65 93
MOVE B67 93
MOVE B68 93
MOVE B69 93
MOVE B70 93
MOVE B71 44
MOVE B72 44
MOVE B73 44
MOVE B74 44
MOVE B75 44
MOVE B76 44
MOVE B77 44
MOVE B78 44
MOVE B79 44
MOVE B80 44
MOVE B81 44
MOVE B82 75
MOVE B87 74
MOVE B91 93
MOVE B92 93
MOVE B93 93
MOVE B94 105
MOVE B95 105
MOVE B96 119
MOVE B97 119
MOVE B98 177
MOVE B99 167
MOVE B100 182
MOVE B101 182
MOVE B102 182
END TURN 205
TURN 206
COMMAND LEFT START
MOVE A87 186
MOVE A85 186
MOVE A84 186
MOVE A82 186
MOVE A81 186
MOVE A79 186
MOVE A78 186
MOVE A67 186
COMMAND LEFT END
COMMAND RIGHT START
COMMAND RIGHT END
TURN 206 RESULT
TIME LEFT 2 5 RIGHT 0 5
MOVE A6 74
MOVE A7 74
MOVE A8 74
MOVE A28 9
MOVE A29 9
MOVE A30 9
MOVE A31 9
MOVE A32 9
MOVE A33 9
MOVE A34 9
MOVE A35 9
MOVE A36 9
MOVE A38 9
MOVE A39 9
MOVE A40 9
MOVE A41 9
MOVE A42 9
MOVE A43 9
MOVE A44 9
MOVE A45 9
MOVE A46 9
MOVE A47 9
MOVE A48 9
MOVE A49 9
MOVE A50 9
MOVE A51 66
MOVE A52 9
MOVE A53 9
MOVE A54 9
MOVE A55 9
MOVE A67 4
MOVE A68 16
MOVE A69 16
MOVE A70 16
MOVE A71 16
MOVE A72 16
MOVE A73 16
MOVE A74 16
MOVE A75 16
MOVE A76 16
MOVE A77 16
MOVE A78 4
MOVE A79 4
MOVE A81 4
MOVE A82 4
MOVE A83 68
MOVE A84 4
MOVE A85 4
MOVE A86 0
MOVE A87 90
MOVE A88 49
MOVE A89 49
MOVE A91 94
MOVE A93 30
MOVE A94 27
MOVE A95 27
MOVE A96 27
MOVE A97 27
MOVE A98 16
MOVE B8 70
MOVE B12 70
MOVE B41 93
MOVE B42 93
MOVE B43 93
MOVE B44 93
MOVE B45 93
MOVE B46 93
MOVE B52 93
MOVE B53 93
MOVE B54 93
MOVE B58 93
MOVE B71 37
MOVE B72 37
MOVE B73 37
MOVE B74 37
MOVE B75 37
MOVE B76 37
MOVE B77 37
MOVE B78 37
MOVE B79 37
MOVE B80 37
MOVE B81 37
MOVE B82 70
MOVE B87 79
MOVE B94 93
MOVE B95 93
MOVE B96 105
MOVE B97 105
MOVE B98 167
MOVE B99 150
MOVE B100 177
MOVE B101 177
MOVE B102 177
DAMAGE TURRET B71 2
DAMAGE TURRET B87 2
DAMAGE COMBAT A16 1
DAMAGE COMBAT A92 8
DAMAGE COMBAT B71 1
DAMAGE COMBAT B87 3
SIEGE A 37 3
END TURN 206
TURN 207
COMMAND LEFT START
MOVE A86 186
MOVE A66 186
MOVE A65 186
MOVE A64 186
MOVE A63 186
MOVE A62 186
MOVE A61 186
MOVE A90 79
COMMAND LEFT END
COMMAND RIGHT START
MOVE B95 53
COMMAND RIGHT END
TURN 207 RESULT
TIME LEFT 1 5 RIGHT 1 5
MOVE A6 79
MOVE A7 79
MOVE A8 79
MOVE A28 19
MOVE A29 19
MOVE A30 19
MOVE A31 19
MOVE A32 19
MOVE A33 19
MOVE A34 19
MOVE A35 19
MOVE A36 19
MOVE A38 19
MOVE A39 19
MOVE A40 19
MOVE A41 19
MOVE A42 19
MOVE A43 19
MOVE A44 19
MOVE A45 19
MOVE A46 19
MOVE A47 19
MOVE A48 19
MOVE A49 19
MOVE A50 19
MOVE A51 84
MOVE A52 19
MOVE A53 19
MOVE A54 19
MOVE A55 19
MOVE A61 4
MOVE A62 4
MOVE A63 4
MOVE A64 4
MOVE A65 4
MOVE A66 4
MOVE A67 9
MOVE A68 26
MOVE A69 26
MOVE A70 26
MOVE A71 26
MOVE A72 26
MOVE A73 26
MOVE A74 26
MOVE A75 26
MOVE A76 26
MOVE A77 26
MOVE A78 9
MOVE A79 9
MOVE A81 9
MOVE A82 9
MOVE A83 79
MOVE A84 9
MOVE A85 9
MOVE A86 4
MOVE A87 110
MOVE A88 44
MOVE A89 44
MOVE A90 79
MOVE A91 121
MOVE A93 34
MOVE A94 42
MOVE A95 42
MOVE A96 42
MOVE A97 42
MOVE A98 26
MOVE B8 55
MOVE B12 55
MOVE B82 55
MOVE B95 95
MOVE B96 93
MOVE B97 93
MOVE B98 150
MOVE B99 140
MOVE B100 167
MOVE B101 167
MOVE B102 167
DAMAGE TURRET B71 2
DAMAGE TURRET B87 2
DAMAGE COMBAT A16 1
DAMAGE COMBAT B87 1
SIEGE A 37 11
END TURN 207
TURN 208
COMMAND LEFT START
MOVE A83 186
MOVE A60 186
MOVE A59 186
MOVE A58 186
MOVE A57 186
MOVE A56 186
MOVE A51 79
COMMAND LEFT END
COMMAND RIGHT START
MOVE B82 93
MOVE B26 93
TRAIN 3
COMMAND RIGHT END
TURN 208 RESULT
TIME LEFT 0 5 RIGHT 0 5
TRAIN B103 B104 B105
MOVE A28 36
MOVE A29 36
MOVE A30 36
MOVE A31 36
MOVE A32 36
MOVE A33 36
MOVE A34 36
MOVE A35 36
MOVE A36 36
MOVE A38 36
MOVE A39 36
MOVE A40 36
MOVE A41 36
MOVE A42 36
MOVE A43 36
MOVE A44 36
MOVE A45 36
MOVE A46 36
MOVE A47 36
MOVE A48 36
MOVE A49 36
MOVE A50 36
MOVE A51 66
MOVE A52 36
MOVE A53 36
MOVE A54 36
MOVE A55 36
MOVE A56 4
MOVE A57 4
MOVE A58 4
MOVE A59 4
MOVE A60 4
MOVE A61 9
MOVE A62 9
MOVE A63 9
MOVE A64 9
MOVE A65 9
MOVE A66 9
MOVE A67 19
MOVE A68 27
MOVE A69 27
MOVE A70 27
MOVE A71 27
MOVE A72 27
MOVE A73 27
MOVE A74 27
MOVE A75 27
MOVE A76 27
MOVE A77 27
MOVE A78 19
MOVE A79 19
MOVE A81 19
MOVE A82 19
MOVE A83 88
MOVE A84 19
MOVE A85 19
MOVE A86 9
MOVE A87 128
MOVE A88 37
MOVE A89 37
MOVE A91 131
MOVE A93 41
MOVE A94 60
MOVE A95 60
MOVE A96 60
MOVE A97 60
MOVE A98 27
MOVE B26 70
MOVE B82 70
MOVE B95 97
MOVE B98 140
MOVE B99 119
MOVE B100 150
MOVE B101 150
MOVE B102 150
DAMAGE TURRET A91 2
DAMAGE TURRET B71 2
DAMAGE COMBAT A88 8
DAMAGE COMBAT A89 3
DAMAGE COMBAT A91 3
DAMAGE COMBAT B5 1
DAMAGE COMBAT B72 2
END TURN 208
TURN 209
COMMAND LEFT START
MOVE A89 186
MOVE A8 186
MOVE A7 186
MOVE A6 186
COMMAND LEFT END
COMMAND RIGHT START
MOVE B105 93
MOVE B104 93
MOVE B103 93
TRAIN 3
COMMAND RIGHT END
TURN 209 RESULT
TIME LEFT 0 5 RIGHT 1 5
TRAIN B106 B107 B108
MOVE A6 88
MOVE A7 88
MOVE A8 88
MOVE A28 46
MOVE A29 46
MOVE A30 46
MOVE A31 46
MOVE A32 46
MOVE A33 46
MOVE A34 46
MOVE A35 46
MOVE A36 46
MOVE A38 46
MOVE A39 46
MOVE A40 46
MOVE A41 46
MOVE A42 46
MOVE A43 46
MOVE A44 46
MOVE A45 46
MOVE A46 46
MOVE A47 46
MOVE A48 46
MOVE A49 46
MOVE A50 46
MOVE A51 63
MOVE A52 46
MOVE A53 46
MOVE A54 46
MOVE A55 46
MOVE A56 9
MOVE A57 9
MOVE A58 9
MOVE A59 9
MOVE A60 9
MOVE A61 19
MOVE A62 19
MOVE A63 19
MOVE A64 19
MOVE A65 19
MOVE A66 19
MOVE A67 36
MOVE A68 42
MOVE A69 42
MOVE A70 42
MOVE A71 42
MOVE A72 42
MOVE A73 42
MOVE A74 42
MOVE A75 42
MOVE A76 42
MOVE A77 42
MOVE A78 36
MOVE A79 36
MOVE A81 36
MOVE A82 36
MOVE A83 94
MOVE A84 36
MOVE A85 36
MOVE A86 19
MOVE A87 141
MOVE A93 53
MOVE A94 79
MOVE A95 79
MOVE A96 79
MOVE A97 79
MOVE A98 42
MOVE B26 75
MOVE B82 75
MOVE B95 92
MOVE B98 119
MOVE B99 105
MOVE B100 140
MOVE B101 140
MOVE B102 140
MOVE B103 182
MOVE B104 182
MOVE B105 182
DAMAGE TURRET A91 2
DAMAGE TURRET B72 2
DAMAGE COMBAT A89 5
DAMAGE COMBAT A91 1
DAMAGE COMBAT B5 1
DAMAGE COMBAT B72 1
SIEGE A 37 4
END TURN 209
TURN 210
COMMAND LEFT START
MOVE A97 186
MOVE A96 186
MOVE A95 186
MOVE A94 186
COMMAND LEFT END
COMMAND RIGHT START
MOVE B72 93
MOVE B73 93
MOVE B74 93
MOVE B75 93
MOVE B76 93
MOVE B77 93
MOVE B78 93
MOVE B79 93
MOVE B80 93
MOVE B108 93
MOVE B107 93
MOVE B106 93
UPGRADE 37
COMMAND RIGHT END
TURN 210 RESULT
TIME LEFT 0 5 RIGHT 1 5
UPGRADE B 37
MOVE A6 94
MOVE A7 94
MOVE A8 94
MOVE A28 67
MOVE A29 67
MOVE A30 67
MOVE A31 67
MOVE A32 67
MOVE A33 67
MOVE A34 67
MOVE A35 67
MOVE A36 67
MOVE A38 67
MOVE A39 67
MOVE A40 67
MOVE A41 67
MOVE A42 67
MOVE A43 67
MOVE A44 67
MOVE A45 67
MOVE A46 67
MOVE A47 67
MOVE A48 67
MOVE A49 67
MOVE A50 67
MOVE A51 71
MOVE A52 67
MOVE A53 67
MOVE A54 67
MOVE A55 67
MOVE A56 19
MOVE A57 19
MOVE A58 19
MOVE A59 19
MOVE A60 19
MOVE A61 36
MOVE A62 36
MOVE A63 36
MOVE A64 36
MOVE A65 36
MOVE A66 36
MOVE A67 46
MOVE A68 60
MOVE A69 60
MOVE A70 60
MOVE A71 60
MOVE A72 60
MOVE A73 60
MOVE A74 60
MOVE A75 60
MOVE A76 60
MOVE A77 60
MOVE A78 46
MOVE A79 46
MOVE A81 46
MOVE A82 46
MOVE A83 121
MOVE A84 46
MOVE A85 46
MOVE A86 36
MOVE A87 149
MOVE A94 88
MOVE A95 88
MOVE A96 88
MOVE A97 88
MOVE A98 60
MOVE B26 81
MOVE B72 44
MOVE B73 44
MOVE B74 44
MOVE B75 44
MOVE B76 44
MOVE B77 44
MOVE B78 44
MOVE B79 44
MOVE B80 44
MOVE B82 81
MOVE B95 73
MOVE B98 105
MOVE B99 93
MOVE B100 119
MOVE B101 119
MOVE B102 119
MOVE B103 177
MOVE B104 177
MOVE B105 177
MOVE B106 182
MOVE B107 182
MOVE B108 182
DAMAGE TURRET A87 2
DAMAGE COMBAT A87 3
DAMAGE COMBAT B3 1
END TURN 210
TURN 211
COMMAND LEFT START
COMMAND LEFT END
COMMAND RIGHT START
UPGRADE 37
COMMAND RIGHT END
TURN 211 RESULT
TIME LEFT 0 5 RIGHT 0 5
UPGRADE B 37
MOVE A6 121
MOVE A7 121
MOVE A8 121
MOVE A28 81
MOVE A29 81
MOVE A30 81
MOVE A31 81
MOVE A32 81
MOVE A33 81
MOVE A34 81
MOVE A35 81
MOVE A36 81
MOVE A38 81
MOVE A39 81
MOVE A40 81
MOVE A41 81
MOVE A42 81
MOVE A43 81
MOVE A44 81
MOVE A45 81
MOVE A46 81
MOVE A47 81
MOVE A48 81
MOVE A49 81
MOVE A50 81
MOVE A51 68
MOVE A52 81
MOVE A53 81
MOVE A54 81
MOVE A55 81
MOVE A56 36
MOVE A57 36
MOVE A58 36
MOVE A59 36
MOVE A60 36
MOVE A61 46
MOVE A62 46
MOVE A63 46
MOVE A64 46
MOVE A65 46
MOVE A66 46
MOVE A67 67
MOVE A68 79
MOVE A69 79
MOVE A70 79
MOVE A71 79
MOVE A72 79
MOVE A73 79
MOVE A74 79
MOVE A75 79
MOVE A76 79
MOVE A77 79
MOVE A78 67
MOVE A79 67
MOVE A81 67
MOVE A82 67
MOVE A83 131
MOVE A84 67
MOVE A85 67
MOVE A86 46
MOVE A94 94
MOVE A95 94
MOVE A96 94
MOVE A97 94
MOVE A98 79
MOVE B26 93
MOVE B72 55
MOVE B73 55
MOVE B74 55
MOVE B75 55
MOVE B76 55
MOVE B77 55
MOVE B78 55
MOVE B79 55
MOVE B80 55
MOVE B82 93
MOVE B95 64
MOVE B98 93
MOVE B100 105
MOVE B101 105
MOVE B102 105
MOVE B103 167
MOVE B104 167
MOVE B105 167
MOVE B106 177
MOVE B107 177
MOVE B108 177
DAMAGE TURRET A83 2
DAMAGE TURRET A87 2
DAMAGE COMBAT A83 3
DAMAGE COMBAT A87 1
DAMAGE COMBAT B3 1
DAMAGE COMBAT B5 1
END TURN 211
TURN 212
COMMAND LEFT START
MOVE A98 84
MOVE A90 92
COMMAND LEFT END
COMMAND RIGHT START
TRAIN 1
COMMAND RIGHT END
TURN 212 RESULT
TIME LEFT 0 5 RIGHT 0 5
TRAIN B109
MOVE A6 131
MOVE A7 131
MOVE A8 131
MOVE A28 93
MOVE A29 93
MOVE A30 93
MOVE A31 93
MOVE A32 93
MOVE A33 93
MOVE A34 93
MOVE A35 93
MOVE A36 93
MOVE A38 93
MOVE A39 93
MOVE A40 93
MOVE A41 93
MOVE A42 93
MOVE A43 93
MOVE A44 93
MOVE A45 93
MOVE A46 93
MOVE A47 93
MOVE A48 93
MOVE A49 93
MOVE A50 93
MOVE A51 79
MOVE A52 93
MOVE A53 93
MOVE A54 93
MOVE A55 93
MOVE A56 46
MOVE A57 46
MOVE A58 46
MOVE A59 46
MOVE A60 46
MOVE A61 67
MOVE A62 67
MOVE A63 67
MOVE A64 67
MOVE A65 67
MOVE A66 67
MOVE A67 81
MOVE A78 81
MOVE A79 81
MOVE A81 81
MOVE A82 81
MOVE A84 81
MOVE A85 81
MOVE A86 67
MOVE A90 74
MOVE A94 121
MOVE A95 121
MOVE A96 121
MOVE A97 121
MOVE A98 68
MOVE B72 70
MOVE B73 70
MOVE B74 70
MOVE B75 70
MOVE B76 70
MOVE B77 70
MOVE B78 70
MOVE B79 70
MOVE B80 70
MOVE B95 58
MOVE B100 93
MOVE B101 93
MOVE B102 93
MOVE B103 150
MOVE B104 150
MOVE B105 150
MOVE B106 167
MOVE B107 167
MOVE B108 167
DAMAGE TURRET A28 2
DAMAGE TURRET A83 2
DAMAGE COMBAT A6 2
DAMAGE COMBAT A28 6
DAMAGE COMBAT A29 8
DAMAGE COMBAT A30 8
DAMAGE COMBAT A31 8
DAMAGE COMBAT A32 8
DAMAGE COMBAT A33 3
DAMAGE COMBAT A83 1
DAMAGE COMBAT B5 1
DAMAGE COMBAT B7 3
DAMAGE COMBAT B26 7
DAMAGE COMBAT B41 8
DAMAGE COMBAT B42 8
DAMAGE COMBAT B43 3
END TURN 212
TURN 213
COMMAND LEFT START
TRAIN 1
COMMAND LEFT END
COMMAND RIGHT START
MOVE B3 131
MOVE B6 131
MOVE B22 131
MOVE B2 131
MOVE B15 131
TRAIN 3
COMMAND RIGHT END
TURN 213 RESULT
TIME LEFT 0 5 RIGHT 0 5
TRAIN A99 B110 B111 B112
MOVE A56 67
MOVE A57 67
MOVE A58 67
MOVE A59 67
MOVE A60 67
MOVE A61 81
MOVE A62 81
MOVE A63 81
MOVE A64 81
MOVE A65 81
MOVE A66 81
MOVE A67 93
MOVE A78 93
MOVE A79 93
MOVE A81 93
MOVE A82 93
MOVE A84 93
MOVE A85 93
MOVE A86 81
MOVE A90 77
MOVE A94 131
MOVE A95 131
MOVE A96 131
MOVE A97 131
MOVE A98 71
MOVE B2 135
MOVE B3 142
MOVE B6 142
MOVE B15 135
MOVE B22 182
MOVE B72 75
MOVE B73 75
MOVE B74 75
MOVE B75 75
MOVE B76 75
MOVE B77 75
MOVE B78 75
MOVE B79 75
MOVE B80 75
MOVE B95 51
MOVE B103 140
MOVE B104 140
MOVE B105 140
MOVE B106 150
MOVE B107 150
MOVE B108 150
DAMAGE TURRET A6 2
DAMAGE TURRET A33 2
DAMAGE COMBAT A6 1
DAMAGE COMBAT A7 1
DAMAGE COMBAT A33 3
DAMAGE COMBAT A34 8
DAMAGE COMBAT A35 8
DAMAGE COMBAT A36 8
DAMAGE COMBAT A38 8
DAMAGE COMBAT A39 3
DAMAGE COMBAT B7 2
DAMAGE COMBAT B11 5
DAMAGE COMBAT B43 5
DAMAGE COMBAT B44 8
DAMAGE COMBAT B45 8
DAMAGE COMBAT B46 7
END TURN 213
TURN 214
COMMAND LEFT START
MOVE A99 186
TRAIN 1
COMMAND LEFT END
COMMAND RIGHT START
MOVE B23 149
MOVE B24 149
MOVE B25 133
TRAIN 2
COMMAND RIGHT END
TURN 214 RESULT
TIME LEFT 0 5 RIGHT 0 5
TRAIN A100 B113 B114
MOVE A56 81
MOVE A57 81
MOVE A58 81
MOVE A59 81
MOVE A60 81
MOVE A61 93
MOVE A62 93
MOVE A63 93
MOVE A64 93
MOVE A65 93
MOVE A66 93
MOVE A86 93
MOVE A90 81
MOVE A98 63
MOVE A99 4
MOVE B2 128
MOVE B3 131
MOVE B6 131
MOVE B15 128
MOVE B22 173
MOVE B23 182
MOVE B24 182
MOVE B25 182
MOVE B72 81
MOVE B73 81
MOVE B74 81
MOVE B75 81
MOVE B76 81
MOVE B77 81
MOVE B78 81
MOVE B79 81
MOVE B80 81
MOVE B95 53
MOVE B103 119
MOVE B104 119
MOVE B105 119
MOVE B106 140
MOVE B107 140
MOVE B108 140
DAMAGE TURRET A7 2
DAMAGE TURRET A39 2
DAMAGE TURRET B95 2
DAMAGE COMBAT A7 2
DAMAGE COMBAT A8 1
DAMAGE COMBAT A19 1
DAMAGE COMBAT A39 3
DAMAGE COMBAT A40 8
DAMAGE COMBAT A41 8
DAMAGE COMBAT A42 8
DAMAGE COMBAT A43 8
DAMAGE COMBAT A56 8
DAMAGE COMBAT A57 1
DAMAGE COMBAT B3 2
DAMAGE COMBAT B6 3
DAMAGE COMBAT B11 1
DAMAGE COMBAT B46 1
DAMAGE COMBAT B52 8
DAMAGE COMBAT B53 8
DAMAGE COMBAT B54 8
DAMAGE COMBAT B58 5
DAMAGE COMBAT B72 3
DAMAGE COMBAT B73 3
DAMAGE COMBAT B95 3
END TURN 214
TURN 215
COMMAND LEFT START
MOVE A100 186
TRAIN 1
COMMAND LEFT END
COMMAND RIGHT START
MOVE B39 133
MOVE B109 37
COMMAND RIGHT END
TURN 215 RESULT
TIME LEFT 0 5 RIGHT 0 5
TRAIN A101
MOVE A98 66
MOVE A99 9
MOVE A100 4
MOVE B2 122
MOVE B15 122
MOVE B22 162
MOVE B23 171
MOVE B24 171
MOVE B25 171
MOVE B39 182
MOVE B103 105
MOVE B104 105
MOVE B105 105
MOVE B106 119
MOVE B107 119
MOVE B108 119
MOVE B109 182
DAMAGE TURRET A8 2
DAMAGE TURRET A44 2
DAMAGE TURRET B95 2
DAMAGE COMBAT A8 1
DAMAGE COMBAT A19 1
DAMAGE COMBAT A44 6
DAMAGE COMBAT A45 8
DAMAGE COMBAT A46 8
DAMAGE COMBAT A47 8
DAMAGE COMBAT A48 1
DAMAGE COMBAT A57 7
DAMAGE COMBAT A58 1
DAMAGE COMBAT B6 1
DAMAGE COMBAT B58 3
DAMAGE COMBAT B59 8
DAMAGE COMBAT B60 8
DAMAGE COMBAT B61 6
DAMAGE COMBAT B73 5
DAMAGE COMBAT B95 1
SIEGE B 131 4
END TURN 215
TURN 216
COMMAND LEFT START
MOVE A101 186
TRAIN 1
COMMAND LEFT END
COMMAND RIGHT START
COMMAND RIGHT END
TURN 216 RESULT
TIME LEFT 0 5 RIGHT 0 5
TRAIN A102
MOVE A8 142
MOVE A94 142
MOVE A95 142
MOVE A96 142
MOVE A97 142
MOVE A98 84
MOVE A99 19
MOVE A100 9
MOVE A101 4
MOVE B2 129
MOVE B15 129
MOVE B22 142
MOVE B23 163
MOVE B24 163
MOVE B25 169
MOVE B39 171
MOVE B103 93
MOVE B104 93
MOVE B105 93
MOVE B106 105
MOVE B107 105
MOVE B108 105
MOVE B109 177
DAMAGE TURRET A48 2
DAMAGE COMBAT A8 1
DAMAGE COMBAT A48 5
DAMAGE COMBAT A49 8
DAMAGE COMBAT A50 8
DAMAGE COMBAT A52 8
DAMAGE COMBAT A53 2
DAMAGE COMBAT A58 7
DAMAGE COMBAT B22 5
DAMAGE COMBAT B61 2
DAMAGE COMBAT B62 8
DAMAGE COMBAT B63 8
DAMAGE COMBAT B64 3
DAMAGE COMBAT B74 4
END TURN 216
TURN 217
COMMAND LEFT START
MOVE A98 59
MOVE A102 186
TRAIN 2
COMMAND LEFT END
COMMAND RIGHT START
MOVE B14 131
TRAIN 1
COMMAND RIGHT END
TURN 217 RESULT
TIME LEFT 0 5 RIGHT 0 5
TRAIN A103 A104 B115
MOVE A98 66
MOVE A99 36
MOVE A100 19
MOVE A101 9
MOVE A102 4
MOVE B2 131
MOVE B14 112
MOVE B15 131
MOVE B23 149
MOVE B24 149
MOVE B25 164
MOVE B39 169
MOVE B106 93
MOVE B107 93
MOVE B108 93
MOVE B109 167
DAMAGE TURRET A53 2
DAMAGE COMBAT A53 4
DAMAGE COMBAT A54 8
DAMAGE COMBAT A55 8
DAMAGE COMBAT A59 7
DAMAGE COMBAT A61 8
DAMAGE COMBAT A62 3
DAMAGE COMBAT A94 1
DAMAGE COMBAT B22 2
DAMAGE COMBAT B64 5
DAMAGE COMBAT B65 8
DAMAGE COMBAT B67 4
DAMAGE COMBAT B74 3
END TURN 217
TURN 218
COMMAND LEFT START
MOVE A103 186
MOVE A104 186
TRAIN 1
COMMAND LEFT END
COMMAND RIGHT START
MOVE B110 107
UPGRADE 37
COMMAND RIGHT END
TURN 218 RESULT
TIME LEFT 0 5 RIGHT 0 5
UPGRADE B 37
TRAIN A105
MOVE A94 162
MOVE A95 162
MOVE A96 162
MOVE A97 162
MOVE A98 63
MOVE A99 46
MOVE A100 36
MOVE A101 19
MOVE A102 9
MOVE A103 4
MOVE A104 4
MOVE B14 109
MOVE B25 156
MOVE B39 164
MOVE B109 150
MOVE B110 179
DAMAGE TURRET A62 2
DAMAGE COMBAT A59 1
DAMAGE COMBAT A60 6
DAMAGE COMBAT A62 3
DAMAGE COMBAT A63 8
DAMAGE COMBAT A64 8
DAMAGE COMBAT A65 8
DAMAGE COMBAT A66 2
DAMAGE COMBAT B67 4
DAMAGE COMBAT B68 8
DAMAGE COMBAT B69 1
DAMAGE COMBAT B74 1
DAMAGE COMBAT B75 2
END TURN 218
TURN 219
COMMAND LEFT START
MOVE A105 186
TRAIN 1
COMMAND LEFT END
COMMAND RIGHT START
COMMAND RIGHT END
TURN 219 RESULT
TIME LEFT 0 5 RIGHT 0 5
TRAIN A106
MOVE A94 173
MOVE A95 173
MOVE A96 173
MOVE A97 173
MOVE A98 59
MOVE A99 67
MOVE A100 46
MOVE A101 36
MOVE A102 19
MOVE A103 9
MOVE A104 9
MOVE A105 4
MOVE B14 119
MOVE B25 152
MOVE B39 156
MOVE B109 140
MOVE B110 170
DAMAGE TURRET A66 2
DAMAGE COMBAT A60 2
DAMAGE COMBAT A66 4
DAMAGE COMBAT A67 8
DAMAGE COMBAT A78 8
DAMAGE COMBAT A79 7
DAMAGE COMBAT A90 4
DAMAGE COMBAT B69 7
DAMAGE COMBAT B70 2
DAMAGE COMBAT B75 2
END TURN 219
TURN 220
COMMAND LEFT START
MOVE A106 186
MOVE A98 79
TRAIN 1
COMMAND LEFT END
COMMAND RIGHT START
COMMAND RIGHT END
TURN 220 RESULT
TIME LEFT 0 5 RIGHT 0 5
TRAIN A107
MOVE A94 182
MOVE A95 182
MOVE A96 182
MOVE A97 182
MOVE A98 68
MOVE A99 81
MOVE A100 67
MOVE A101 46
MOVE A102 36
MOVE A103 19
MOVE A104 19
MOVE A105 9
MOVE A106 4
MOVE B14 125
MOVE B25 145
MOVE B39 152
MOVE B109 119
MOVE B110 160
DAMAGE TURRET A79 1
DAMAGE TURRET A81 1
DAMAGE COMBAT A81 7
DAMAGE COMBAT A82 8
DAMAGE COMBAT A84 8
DAMAGE COMBAT A85 3
DAMAGE COMBAT A90 4
DAMAGE COMBAT A99 2
DAMAGE COMBAT B70 6
DAMAGE COMBAT B75 2
END TURN 220
TURN 221
COMMAND LEFT START
MOVE A107 79
TRAIN 2
COMMAND LEFT END
COMMAND RIGHT START
COMMAND RIGHT END
TURN 221 RESULT
TIME LEFT 0 5 RIGHT 0 5
TRAIN A108 A109
MOVE A94 186
MOVE A95 186
MOVE A96 186
MOVE A97 186
MOVE A98 79
MOVE A100 81
MOVE A101 67
MOVE A102 46
MOVE A103 36
MOVE A104 36
MOVE A105 19
MOVE A106 9
MOVE A107 7
MOVE B14 131
MOVE B25 133
MOVE B39 145
MOVE B109 105
MOVE B110 159
DAMAGE TURRET A85 2
DAMAGE TURRET A94 3
DAMAGE COMBAT A85 3
DAMAGE COMBAT A86 8
DAMAGE COMBAT A94 4
DAMAGE COMBAT A95 1
DAMAGE COMBAT A99 6
DAMAGE COMBAT B75 2
DAMAGE COMBAT B82 2
DAMAGE COMBAT B111 4
END TURN 221
TURN 222
COMMAND LEFT START
MOVE A97 79
MOVE A96 79
MOVE A95 79
MOVE A108 79
MOVE A109 79
TRAIN 1
COMMAND LEFT END
COMMAND RIGHT START
COMMAND RIGHT END
TURN 222 RESULT
TIME LEFT 0 5 RIGHT 0 5
TRAIN A110
MOVE A101 81
MOVE A102 67
MOVE A103 46
MOVE A104 46
MOVE A105 36
MOVE A106 19
MOVE A107 16
MOVE A108 7
MOVE A109 7
MOVE B39 133
MOVE B109 95
MOVE B110 144
DAMAGE TURRET A95 3
DAMAGE COMBAT A95 4
DAMAGE COMBAT A96 1
DAMAGE COMBAT A100 5
DAMAGE COMBAT B76 2
DAMAGE COMBAT B111 3
END TURN 222
TURN 223
COMMAND LEFT START
MOVE A110 79
TRAIN 2
COMMAND LEFT END
COMMAND RIGHT START
COMMAND RIGHT END
TURN 223 RESULT
TIME LEFT 0 5 RIGHT 0 5
TRAIN A111 A112
MOVE A102 81
MOVE A103 67
MOVE A104 67
MOVE A105 46
MOVE A106 36
MOVE A107 26
MOVE A108 16
MOVE A109 16
MOVE A110 7
MOVE B109 85
MOVE B110 126
DAMAGE TURRET A96 3
DAMAGE COMBAT A96 4
DAMAGE COMBAT A97 1
DAMAGE COMBAT A100 3
DAMAGE COMBAT A101 2
DAMAGE COMBAT B76 3
DAMAGE COMBAT B111 1
DAMAGE COMBAT B112 1
END TURN 223
TURN 224
COMMAND LEFT START
MOVE A111 79
MOVE A112 79
TRAIN 1
COMMAND LEFT END
COMMAND RIGHT START
COMMAND RIGHT END
TURN 224 RESULT
TIME LEFT 0 5 RIGHT 0 5
TRAIN A113
MOVE A103 81
MOVE A104 81
MOVE A105 67
MOVE A106 46
MOVE A107 27
MOVE A108 26
MOVE A109 26
MOVE A110 16
MOVE A111 7
MOVE A112 7
MOVE B109 65
MOVE B110 107
DAMAGE TURRET A97 3
DAMAGE COMBAT A97 4
DAMAGE COMBAT A101 5
DAMAGE COMBAT B76 3
DAMAGE COMBAT B77 1
DAMAGE COMBAT B112 1
END TURN 224
TURN 225
COMMAND LEFT START
MOVE A77 84
MOVE A76 92
MOVE A113 79
TRAIN 2
COMMAND LEFT END
COMMAND RIGHT START
MOVE B82 186
TRAIN 1
COMMAND RIGHT END
TURN 225 RESULT
TIME LEFT 0 5 RIGHT 0 5
TRAIN A114 A115 B116
MOVE A76 74
MOVE A77 68
MOVE A105 81
MOVE A106 67
MOVE A107 42
MOVE A108 27
MOVE A109 27
MOVE A110 26
MOVE A111 16
MOVE A112 16
MOVE A113 7
MOVE B82 105
MOVE B109 57
DAMAGE COMBAT A101 1
DAMAGE COMBAT A102 3
DAMAGE COMBAT B77 5
END TURN 225
TURN 226
COMMAND LEFT START
MOVE A114 79
MOVE A115 79
TRAIN 1
COMMAND LEFT END
COMMAND RIGHT START
TRAIN 1
COMMAND RIGHT END
TURN 226 RESULT
TIME LEFT 0 5 RIGHT 0 5
TRAIN A116 B117
MOVE A76 77
MOVE A77 71
MOVE A106 81
MOVE A107 60
MOVE A108 42
MOVE A109 42
MOVE A110 27
MOVE A111 26
MOVE A112 26
MOVE A113 16
MOVE A114 7
MOVE A115 7
MOVE B82 119
MOVE B109 37
DAMAGE COMBAT A102 4
DAMAGE COMBAT B77 2
DAMAGE COMBAT B78 3
END TURN 226
TURN 227
COMMAND LEFT START
MOVE A116 79
TRAIN 1
COMMAND LEFT END
COMMAND RIGHT START
MOVE B112 37
MOVE B108 53
TRAIN 3
COMMAND RIGHT END
TURN 227 RESULT
TIME LEFT 0 5 RIGHT 0 5
TRAIN A117 B118 B119 B120
MOVE A76 81
MOVE A77 63
MOVE A107 79
MOVE A108 60
MOVE A109 60
MOVE A110 42
MOVE A111 27
MOVE A112 27
MOVE A113 26
MOVE A114 16
MOVE A115 16
MOVE A116 7
MOVE B82 140
MOVE B108 95
MOVE B112 182
DAMAGE COMBAT A76 2
DAMAGE COMBAT A102 1
DAMAGE COMBAT B78 5
DAMAGE COMBAT B79 1
END TURN 227
TURN 228
COMMAND LEFT START
MOVE A117 79
TRAIN 2
COMMAND LEFT END
COMMAND RIGHT START
MOVE B120 93
MOVE B119 93
MOVE B118 93
TRAIN 3
COMMAND RIGHT END
TURN 228 RESULT
TIME LEFT 0 5 RIGHT 0 5
TRAIN A118 A119 B121 B122 B123
MOVE A77 66
MOVE A108 79
MOVE A109 79
MOVE A110 60
MOVE A111 42
MOVE A112 42
MOVE A113 27
MOVE A114 26
MOVE A115 26
MOVE A116 16
MOVE A117 7
MOVE B82 150
MOVE B108 97
MOVE B112 177
MOVE B118 182
MOVE B119 182
MOVE B120 182
DAMAGE COMBAT A76 2
DAMAGE COMBAT B79 5
END TURN 228
TURN 229
COMMAND LEFT START
MOVE A118 79
MOVE A119 79
TRAIN 1
COMMAND LEFT END
COMMAND RIGHT START
MOVE B123 93
MOVE B122 93
MOVE B121 93
TRAIN 3
COMMAND RIGHT END
TURN 229 RESULT
TIME LEFT 0 5 RIGHT 0 5
TRAIN A120 B124 B125 B126
MOVE A77 84
MOVE A110 79
MOVE A111 60
MOVE A112 60
MOVE A113 42
MOVE A114 27
MOVE A115 27
MOVE A116 26
MOVE A117 16
MOVE A118 7
MOVE A119 7
MOVE B82 167
MOVE B108 92
MOVE B112 167
MOVE B118 177
MOVE B119 177
MOVE B120 177
MOVE B121 182
MOVE B122 182
MOVE B123 182
DAMAGE COMBAT A76 2
DAMAGE COMBAT B79 2
DAMAGE COMBAT B80 3
END TURN 229
TURN 230
COMMAND LEFT START
MOVE A77 59
MOVE A120 79
TRAIN 1
COMMAND LEFT END
COMMAND RIGHT START
MOVE B126 93
MOVE B125 93
MOVE B124 93
TRAIN 3
COMMAND RIGHT END
TURN 230 RESULT
TIME LEFT 0 5 RIGHT 0 5
TRAIN A121 B127 B128 B129
MOVE A77 66
MOVE A111 79
MOVE A112 79
MOVE A113 60
MOVE A114 42
MOVE A115 42
MOVE A116 27
MOVE A117 26
MOVE A118 16
MOVE A119 16
MOVE A120 7
MOVE B82 177
MOVE B108 73
MOVE B112 150
MOVE B118 167
MOVE B119 167
MOVE B120 167
MOVE B121 177
MOVE B122 177
MOVE B123 177
MOVE B124 182
MOVE B125 182
MOVE B126 182
DAMAGE COMBAT A76 1
DAMAGE COMBAT B80 5
END TURN 230
TURN 231
COMMAND LEFT START
MOVE A121 79
TRAIN 2
COMMAND LEFT END
COMMAND RIGHT START
MOVE B129 93
MOVE B128 93
MOVE B127 93
TRAIN 3
COMMAND RIGHT END
TURN 231 RESULT
TIME LEFT 0 5 RIGHT 0 5
TRAIN A122 A123 B130 B131 B132
MOVE A76 75
MOVE A77 63
MOVE A103 93
MOVE A104 93
MOVE A105 93
MOVE A106 93
MOVE A113 79
MOVE A114 60
MOVE A115 60
MOVE A116 42
MOVE A117 27
MOVE A118 26
MOVE A119 26
MOVE A120 16
MOVE A121 7
MOVE B82 182
MOVE B108 64
MOVE B112 140
MOVE B118 150
MOVE B119 150
MOVE B120 150
MOVE B121 167
MOVE B122 167
MOVE B123 167
MOVE B124 177
MOVE B125 177
MOVE B126 177
MOVE B127 182
MOVE B128 182
MOVE B129 182
DAMAGE TURRET A103 2
DAMAGE COMBAT A103 6
DAMAGE COMBAT A104 8
DAMAGE COMBAT A105 8
DAMAGE COMBAT A106 1
DAMAGE COMBAT B83 4
END TURN 231
TURN 232
COMMAND LEFT START
MOVE A122 79
MOVE A123 79
TRAIN 1
COMMAND LEFT END
COMMAND RIGHT START
TRAIN 3
COMMAND RIGHT END
TURN 232 RESULT
TIME LEFT 0 5 RIGHT 0 5
TRAIN A124 B133 B134 B135
MOVE A76 85
MOVE A77 59
MOVE A114 79
MOVE A115 79
MOVE A116 60
MOVE A117 42
MOVE A118 27
MOVE A119 27
MOVE A120 26
MOVE A121 16
MOVE A122 7
MOVE A123 7
MOVE B82 186
MOVE B108 58
MOVE B112 119
MOVE B118 140
MOVE B119 140
MOVE B120 140
MOVE B121 150
MOVE B122 150
MOVE B123 150
MOVE B124 167
MOVE B125 167
MOVE B126 167
MOVE B127 177
MOVE B128 177
MOVE B129 177
DAMAGE TURRET A106 2
DAMAGE COMBAT A106 5
DAMAGE COMBAT B83 1
END TURN 232
TURN 233
COMMAND LEFT START
MOVE A77 79
MOVE A124 79
TRAIN 1
COMMAND LEFT END
COMMAND RIGHT START
MOVE B107 79
MOVE B135 93
MOVE B134 93
MOVE B133 93
MOVE B132 93
MOVE B131 93
MOVE B130 93
MOVE B117 93
TRAIN 3
COMMAND RIGHT END
TURN 233 RESULT
TIME LEFT 0 5 RIGHT 0 5
TRAIN A125 B136 B137 B138
MOVE A76 92
MOVE A77 68
MOVE A116 79
MOVE A117 60
MOVE A118 42
MOVE A119 42
MOVE A120 27
MOVE A121 26
MOVE A122 16
MOVE A123 16
MOVE A124 7
MOVE B107 81
MOVE B108 51
MOVE B112 105
MOVE B117 182
MOVE B118 119
MOVE B119 119
MOVE B120 119
MOVE B121 140
MOVE B122 140
MOVE B123 140
MOVE B124 150
MOVE B125 150
MOVE B126 150
MOVE B127 167
MOVE B128 167
MOVE B129 167
MOVE B130 182
MOVE B131 182
MOVE B132 182
MOVE B133 182
MOVE B134 182
MOVE B135 182
END TURN 233
TURN 234
COMMAND LEFT START
MOVE A112 95
MOVE A125 79
TRAIN 2
COMMAND LEFT END
COMMAND RIGHT START
MOVE B138 93
MOVE B137 93
MOVE B136 93
TRAIN 3
COMMAND RIGHT END
TURN 234 RESULT
TIME LEFT 0 5 RIGHT 0 5
TRAIN A126 A127 B139 B140 B141
MOVE A77 79
MOVE A112 74
MOVE A117 79
MOVE A118 60
MOVE A119 60
MOVE A120 42
MOVE A121 27
MOVE A122 26
MOVE A123 26
MOVE A124 16
MOVE A125 7
MOVE B107 77
MOVE B108 53
MOVE B112 95
MOVE B117 177
MOVE B118 105
MOVE B119 105
MOVE B120 105
MOVE B121 119
MOVE B122 119
MOVE B123 119
MOVE B124 140
MOVE B125 140
MOVE B126 140
MOVE B127 150
MOVE B128 150
MOVE B129 150
MOVE B130 177
MOVE B131 177
MOVE B132 177
MOVE B133 177
MOVE B134 177
MOVE B135 177
MOVE B136 182
MOVE B137 182
MOVE B138 182
DAMAGE TURRET B108 2
DAMAGE COMBAT A19 1
DAMAGE COMBAT B108 3
END TURN 234
TURN 235
COMMAND LEFT START
MOVE A76 10
MOVE A126 79
MOVE A127 79
TRAIN 1
COMMAND LEFT END
COMMAND RIGHT START
MOVE B106 10
MOVE B141 93
MOVE B140 93
MOVE B139 93
TRAIN 3
COMMAND RIGHT END
TURN 235 RESULT
TIME LEFT 0 5 RIGHT 0 5
TRAIN A128 B142 B143 B144
MOVE A76 73
MOVE A112 77
MOVE A118 79
MOVE A119 79
MOVE A120 60
MOVE A121 42
MOVE A122 27
MOVE A123 27
MOVE A124 26
MOVE A125 16
MOVE A126 7
MOVE A127 7
MOVE B106 81
MOVE B107 74
MOVE B112 85
MOVE B117 167
MOVE B118 93
MOVE B119 93
MOVE B120 93
MOVE B121 105
MOVE B122 105
MOVE B123 105
MOVE B124 119
MOVE B125 119
MOVE B126 119
MOVE B127 140
MOVE B128 140
MOVE B129 140
MOVE B130 167
MOVE B131 167
MOVE B132 167
MOVE B133 167
MOVE B134 167
MOVE B135 167
MOVE B136 177
MOVE B137 177
MOVE B138 177
MOVE B139 182
MOVE B140 182
MOVE B141 182
DAMAGE TURRET B108 2
DAMAGE COMBAT A19 1
DAMAGE COMBAT B108 1
END TURN 235
TURN 236
COMMAND LEFT START
MOVE A128 53
TRAIN 1
COMMAND LEFT END
COMMAND RIGHT START
MOVE B144 93
MOVE B143 93
MOVE B142 93
TRAIN 3
COMMAND RIGHT END
TURN 236 RESULT
TIME LEFT 0 5 RIGHT 0 5
TRAIN A129 B145 B146 B147
MOVE A76 57
MOVE A112 81
MOVE A120 79
MOVE A121 60
MOVE A122 42
MOVE A123 42
MOVE A124 27
MOVE A125 26
MOVE A126 16
MOVE A127 16
MOVE A128 4
MOVE B106 75
MOVE B107 79
MOVE B112 65
MOVE B117 150
MOVE B121 93
MOVE B122 93
MOVE B123 93
MOVE B124 105
MOVE B125 105
MOVE B126 105
MOVE B127 119
MOVE B128 119
MOVE B129 119
MOVE B130 150
MOVE B131 150
MOVE B132 150
MOVE B133 150
MOVE B134 150
MOVE B135 150
MOVE B136 167
MOVE B137 167
MOVE B138 167
MOVE B139 177
MOVE B140 177
MOVE B141 177
MOVE B142 182
MOVE B143 182
MOVE B144 182
DAMAGE TURRET B107 2
DAMAGE COMBAT A51 1
DAMAGE COMBAT B107 6
END TURN 236
TURN 237
COMMAND LEFT START
MOVE A129 79
TRAIN 1
COMMAND LEFT END
COMMAND RIGHT START
MOVE B147 93
MOVE B146 93
MOVE B145 93
TRAIN 3
COMMAND RIGHT END
TURN 237 RESULT
TIME LEFT 0 5 RIGHT 0 5
TRAIN A130 B148 B149 B150
MOVE A76 37
MOVE A112 95
MOVE A121 79
MOVE A122 60
MOVE A123 60
MOVE A124 42
MOVE A125 27
MOVE A126 26
MOVE A127 26
MOVE A128 15
MOVE A129 7
MOVE B106 70
MOVE B112 57
MOVE B117 140
MOVE B124 93
MOVE B125 93
MOVE B126 93
MOVE B127 105
MOVE B128 105
MOVE B129 105
MOVE B130 140
MOVE B131 140
MOVE B132 140
MOVE B133 140
MOVE B134 140
MOVE B135 140
MOVE B136 150
MOVE B137 150
MOVE B138 150
MOVE B139 167
MOVE B140 167
MOVE B141 167
MOVE B142 177
MOVE B143 177
MOVE B144 177
MOVE B145 182
MOVE B146 182
MOVE B147 182
DAMAGE TURRET A76 1
DAMAGE COMBAT B81 1
END TURN 237
TURN 238
COMMAND LEFT START
MOVE A112 79
MOVE A130 79
TRAIN 1
COMMAND LEFT END
COMMAND RIGHT START
MOVE B150 93
MOVE B149 93
MOVE B148 93
TRAIN 3
COMMAND RIGHT END
TURN 238 RESULT
TIME LEFT 0 5 RIGHT 2 5
TRAIN A131 B151 B152 B153
MOVE A112 81
MOVE A122 79
MOVE A123 79
MOVE A124 60
MOVE A125 42
MOVE A126 27
MOVE A127 27
MOVE A128 17
MOVE A129 16
MOVE A130 7
MOVE B106 55
MOVE B112 37
MOVE B117 119
MOVE B127 93
MOVE B128 93
MOVE B129 93
MOVE B130 119
MOVE B131 119
MOVE B132 119
MOVE B133 119
MOVE B134 119
MOVE B135 119
MOVE B136 140
MOVE B137 140
MOVE B138 140
MOVE B139 150
MOVE B140 150
MOVE B141 150
MOVE B142 167
MOVE B143 167
MOVE B144 167
MOVE B145 177
MOVE B146 177
MOVE B147 177
MOVE B148 182
MOVE B149 182
MOVE B150 182
END TURN 238
TURN 239
COMMAND LEFT START
MOVE A131 79
TRAIN 1
COMMAND LEFT END
COMMAND RIGHT START
MOVE B153 93
MOVE B152 93
MOVE B151 93
TRAIN 3
COMMAND RIGHT END
TURN 239 RESULT
TIME LEFT 0 5 RIGHT 0 5
TRAIN A132 B154 B155 B156
MOVE A112 77
MOVE A124 79
MOVE A125 60
MOVE A126 42
MOVE A127 42
MOVE A128 22
MOVE A129 26
MOVE A130 16
MOVE A131 7
MOVE B106 44
MOVE B117 105
MOVE B130 105
MOVE B131 105
MOVE B132 105
MOVE B133 105
MOVE B134 105
MOVE B135 105
MOVE B136 119
MOVE B137 119
MOVE B138 119
MOVE B139 140
MOVE B140 140
MOVE B141 140
MOVE B142 150
MOVE B143 150
MOVE B144 150
MOVE B145 167
MOVE B146 167
MOVE B147 167
MOVE B148 177
MOVE B149 177
MOVE B150 177
MOVE B151 182
MOVE B152 182
MOVE B153 182
END TURN 239
TURN 240
COMMAND LEFT START
MOVE A132 79
TRAIN 2
COMMAND LEFT END
COMMAND RIGHT START
MOVE B156 93
MOVE B155 93
MOVE B154 93
TRAIN 3
COMMAND RIGHT END
TURN 240 RESULT
TIME LEFT 0 5 RIGHT 1 5
TRAIN A133 A134 B157 B158 B159
MOVE A112 74
MOVE A125 79
MOVE A126 60
MOVE A127 60
MOVE A128 30
MOVE A129 27
MOVE A130 26
MOVE A131 16
MOVE A132 7
MOVE B106 37
MOVE B117 93
MOVE B130 93
MOVE B131 93
MOVE B132 93
MOVE B133 93
MOVE B134 93
MOVE B135 93
MOVE B136 105
MOVE B137 105
MOVE B138 105
MOVE B139 119
MOVE B140 119
MOVE B141 119
MOVE B142 140
MOVE B143 140
MOVE B144 140
MOVE B145 150
MOVE B146 150
MOVE B147 150
MOVE B148 167
MOVE B149 167
MOVE B150 167
MOVE B151 177
MOVE B152 177
MOVE B153 177
MOVE B154 182
MOVE B155 182
MOVE B156 182
END TURN 240
TURN 241
COMMAND LEFT START
MOVE A120 95
MOVE A119 84
MOVE A133 79
MOVE A134 79
TRAIN 1
COMMAND LEFT END
COMMAND RIGHT START
MOVE B135 0
MOVE B134 0
MOVE B133 0
MOVE B132 0
MOVE B131 0
MOVE B130 0
MOVE B129 0
MOVE B128 0
MOVE B127 0
MOVE B126 0
MOVE B125 0
MOVE B124 0
MOVE B123 0
MOVE B122 0
MOVE B121 0
MOVE B120 0
MOVE B119 0
MOVE B118 0
MOVE B117 0
MOVE B105 0
MOVE B104 0
MOVE B103 0
MOVE B102 0
MOVE B101 0
MOVE B100 0
MOVE B99 0
MOVE B98 0
MOVE B97 0
MOVE B96 0
MOVE B94 0
MOVE B93 0
MOVE B92 0
MOVE B91 0
MOVE B90 0
MOVE B89 0
MOVE B88 0
MOVE B86 0
MOVE B85 0
COMMAND RIGHT END
TURN 241 RESULT
TIME LEFT 0 5 RIGHT 0 5
TRAIN A135
MOVE A112 79
MOVE A119 68
MOVE A120 74
MOVE A126 79
MOVE A127 79
MOVE A128 34
MOVE A129 42
MOVE A130 27
MOVE A131 26
MOVE A132 16
MOVE A133 7
MOVE A134 7
MOVE B85 81
MOVE B86 81
MOVE B88 81
MOVE B89 81
MOVE B90 81
MOVE B91 81
MOVE B92 81
MOVE B93 81
MOVE B94 81
MOVE B96 81
MOVE B97 81
MOVE B98 81
MOVE B99 81
MOVE B100 81
MOVE B101 81
MOVE B102 81
MOVE B103 81
MOVE B104 81
MOVE B105 81
MOVE B106 31
MOVE B117 81
MOVE B118 81
MOVE B119 81
MOVE B120 81
MOVE B121 81
MOVE B122 81
MOVE B123 81
MOVE B124 81
MOVE B125 81
MOVE B126 81
MOVE B127 81
MOVE B128 81
MOVE B129 81
MOVE B130 81
MOVE B131 81
MOVE B132 81
MOVE B133 81
MOVE B134 81
MOVE B135 81
MOVE B136 93
MOVE B137 93
MOVE B138 93
MOVE B139 105
MOVE B140 105
MOVE B141 105
MOVE B142 119
MOVE B143 119
MOVE B144 119
MOVE B145 140
MOVE B146 140
MOVE B147 140
MOVE B148 150
MOVE B149 150
MOVE B150 150
MOVE B151 167
MOVE B152 167
MOVE B153 167
MOVE B154 177
MOVE B155 177
MOVE B156 177
END TURN 241
TURN 242
COMMAND LEFT START
MOVE A68 0
MOVE A69 0
MOVE A70 0
MOVE A71 0
MOVE A72 0
MOVE A73 0
MOVE A74 0
MOVE A75 0
MOVE A77 0
MOVE A98 0
MOVE A107 0
MOVE A108 0
MOVE A109 0
MOVE A110 0
MOVE A111 0
MOVE A112 0
MOVE A113 0
MOVE A114 0
MOVE A115 0
MOVE A116 0
MOVE A117 0
MOVE A118 0
MOVE A121 0
MOVE A122 0
MOVE A123 0
MOVE A124 0
MOVE A125 0
MOVE A126 0
MOVE A127 0
TRAIN 1
COMMAND LEFT END
COMMAND RIGHT START
MOVE B138 53
TRAIN 3
COMMAND RIGHT END
TURN 242 RESULT
TIME LEFT 0 5 RIGHT 0 5
TRAIN A136 B160 B161 B162
MOVE A68 60
MOVE A69 60
MOVE A70 60
MOVE A71 60
MOVE A72 60
MOVE A73 60
MOVE A74 60
MOVE A75 60
MOVE A77 60
MOVE A98 60
MOVE A107 60
MOVE A108 60
MOVE A109 60
MOVE A110 60
MOVE A111 60
MOVE A112 60
MOVE A113 60
MOVE A114 60
MOVE A115 60
MOVE A116 60
MOVE A117 60
MOVE A118 60
MOVE A119 71
MOVE A120 77
MOVE A121 60
MOVE A122 60
MOVE A123 60
MOVE A124 60
MOVE A125 60
MOVE A126 60
MOVE A127 60
MOVE A128 41
MOVE A129 60
MOVE A130 42
MOVE A131 27
MOVE A132 26
MOVE A133 16
MOVE A134 16
MOVE B85 67
MOVE B86 67
MOVE B88 67
MOVE B89 67
MOVE B90 67
MOVE B91 67
MOVE B92 67
MOVE B93 67
MOVE B94 67
MOVE B96 67
MOVE B97 67
MOVE B98 67
MOVE B99 67
MOVE B100 67
MOVE B101 67
MOVE B102 67
MOVE B103 67
MOVE B104 67
MOVE B105 67
MOVE B106 22
MOVE B117 67
MOVE B118 67
MOVE B119 67
MOVE B120 67
MOVE B121 67
MOVE B122 67
MOVE B123 67
MOVE B124 67
MOVE B125 67
MOVE B126 67
MOVE B127 67
MOVE B128 67
MOVE B129 67
MOVE B130 67
MOVE B131 67
MOVE B132 67
MOVE B133 67
MOVE B134 67
MOVE B135 67
MOVE B138 95
MOVE B139 93
MOVE B140 93
MOVE B141 93
MOVE B142 105
MOVE B143 105
MOVE B144 105
MOVE B145 119
MOVE B146 119
MOVE B147 119
MOVE B148 140
MOVE B149 140
MOVE B150 140
MOVE B151 150
MOVE B152 150
MOVE B153 150
MOVE B154 167
MOVE B155 167
MOVE B156 167
END TURN 242
TURN 243
COMMAND LEFT START
TRAIN 1
COMMAND LEFT END
COMMAND RIGHT START
TRAIN 3
COMMAND RIGHT END
TURN 243 RESULT
TIME LEFT 0 5 RIGHT 0 5
TRAIN A137 B163 B164 B165
MOVE A68 42
MOVE A69 42
MOVE A70 42
MOVE A71 42
MOVE A72 42
MOVE A73 42
MOVE A74 42
MOVE A75 42
MOVE A77 42
MOVE A98 42
MOVE A107 42
MOVE A108 42
MOVE A109 42
MOVE A110 42
MOVE A111 42
MOVE A112 42
MOVE A113 42
MOVE A114 42
MOVE A115 42
MOVE A116 42
MOVE A117 42
MOVE A118 42
MOVE A119 63
MOVE A120 81
MOVE A121 42
MOVE A122 42
MOVE A123 42
MOVE A124 42
MOVE A125 42
MOVE A126 42
MOVE A127 42
MOVE A128 53
MOVE A129 79
MOVE A130 60
MOVE A131 42
MOVE A132 27
MOVE A133 26
MOVE A134 26
MOVE B85 46
MOVE B86 46
MOVE B88 46
MOVE B89 46
MOVE B90 46
MOVE B91 46
MOVE B92 46
MOVE B93 46
MOVE B94 46
MOVE B96 46
MOVE B97 46
MOVE B98 46
MOVE B99 46
MOVE B100 46
MOVE B101 46
MOVE B102 46
MOVE B103 46
MOVE B104 46
MOVE B105 46
MOVE B106 10
MOVE B117 46
MOVE B118 46
MOVE B119 46
MOVE B120 46
MOVE B121 46
MOVE B122 46
MOVE B123 46
MOVE B124 46
MOVE B125 46
MOVE B126 46
MOVE B127 46
MOVE B128 46
MOVE B129 46
MOVE B130 46
MOVE B131 46
MOVE B132 46
MOVE B133 46
MOVE B134 46
MOVE B135 46
MOVE B138 97
MOVE B142 93
MOVE B143 93
MOVE B144 93
MOVE B145 105
MOVE B146 105
MOVE B147 105
MOVE B148 119
MOVE B149 119
MOVE B150 119
MOVE B151 140
MOVE B152 140
MOVE B153 140
MOVE B154 150
MOVE B155 150
MOVE B156 150
DAMAGE TURRET B106 2
DAMAGE COMBAT A2 1
DAMAGE COMBAT B106 3
END TURN 243
TURN 244
COMMAND LEFT START
MOVE A129 0
TRAIN 1
COMMAND LEFT END
COMMAND RIGHT START
TRAIN 3
COMMAND RIGHT END
TURN 244 RESULT
TIME LEFT 0 5 RIGHT 0 5
TRAIN A138 B166 B167 B168
MOVE A68 27
MOVE A69 27
MOVE A70 27
MOVE A71 27
MOVE A72 27
MOVE A73 27
MOVE A74 27
MOVE A75 27
MOVE A77 27
MOVE A98 27
MOVE A107 27
MOVE A108 27
MOVE A109 27
MOVE A110 27
MOVE A111 27
MOVE A112 27
MOVE A113 27
MOVE A114 27
MOVE A115 27
MOVE A116 27
MOVE A117 27
MOVE A118 27
MOVE A119 66
MOVE A120 95
MOVE A121 27
MOVE A122 27
MOVE A123 27
MOVE A124 27
MOVE A125 27
MOVE A126 27
MOVE A127 27
MOVE A129 60
MOVE A130 79
MOVE A131 60
MOVE A132 42
MOVE A133 27
MOVE A134 27
MOVE B85 36
MOVE B86 36
MOVE B88 36
MOVE B89 36
MOVE B90 36
MOVE B91 36
MOVE B92 36
MOVE B93 36
MOVE B94 36
MOVE B96 36
MOVE B97 36
MOVE B98 36
MOVE B99 36
MOVE B100 36
MOVE B101 36
MOVE B102 36
MOVE B103 36
MOVE B104 36
MOVE B105 36
MOVE B117 36
MOVE B118 36
MOVE B119 36
MOVE B120 36
MOVE B121 36
MOVE B122 36
MOVE B123 36
MOVE B124 36
MOVE B125 36
MOVE B126 36
MOVE B127 36
MOVE B128 36
MOVE B129 36
MOVE B130 36
MOVE B131 36
MOVE B132 36
MOVE B133 36
MOVE B134 36
MOVE B135 36
MOVE B138 92
MOVE B145 93
MOVE B146 93
MOVE B147 93
MOVE B148 105
MOVE B149 105
MOVE B150 105
MOVE B151 119
MOVE B152 119
MOVE B153 119
MOVE B154 140
MOVE B155 140
MOVE B156 140
DAMAGE TURRET B106 2
DAMAGE COMBAT A2 1
DAMAGE COMBAT B106 1
END TURN 244
TURN 245
COMMAND LEFT START
MOVE A120 79
MOVE A130 0
TRAIN 1
COMMAND LEFT END
COMMAND RIGHT START
TRAIN 3
COMMAND RIGHT END
TURN 245 RESULT
TIME LEFT 0 5 RIGHT 0 5
TRAIN A139 B169 B170 B171
MOVE A68 26
MOVE A69 26
MOVE A70 26
MOVE A71 26
MOVE A72 26
MOVE A73 26
MOVE A74 26
MOVE A75 26
MOVE A77 26
MOVE A98 26
MOVE A107 26
MOVE A108 26
MOVE A109 26
MOVE A110 26
MOVE A111 26
MOVE A112 26
MOVE A113 26
MOVE A114 26
MOVE A115 26
MOVE A116 26
MOVE A117 26
MOVE A118 26
MOVE A119 84
MOVE A120 81
MOVE A121 26
MOVE A122 26
MOVE A123 26
MOVE A124 26
MOVE A125 26
MOVE A126 26
MOVE A127 26
MOVE A129 42
MOVE A130 60
MOVE A131 79
MOVE A132 60
MOVE A133 42
MOVE A134 42
MOVE B85 19
MOVE B86 19
MOVE B88 19
MOVE B89 19
MOVE B90 19
MOVE B91 19
MOVE B92 19
MOVE B93 19
MOVE B94 19
MOVE B96 19
MOVE B97 19
MOVE B98 19
MOVE B99 19
MOVE B100 19
MOVE B101 19
MOVE B102 19
MOVE B103 19
MOVE B104 19
MOVE B105 19
MOVE B117 19
MOVE B118 19
MOVE B119 19
MOVE B120 19
MOVE B121 19
MOVE B122 19
MOVE B123 19
MOVE B124 19
MOVE B125 19
MOVE B126 19
MOVE B127 19
MOVE B128 19
MOVE B129 19
MOVE B130 19
MOVE B131 19
MOVE B132 19
MOVE B133 19
MOVE B134 19
MOVE B135 19
MOVE B138 73
MOVE B148 93
MOVE B149 93
MOVE B150 93
MOVE B151 105
MOVE B152 105
MOVE B153 105
MOVE B154 119
MOVE B155 119
MOVE B156 119
END TURN 245
TURN 246
COMMAND LEFT START
MOVE A119 59
TRAIN 1
COMMAND LEFT END
COMMAND RIGHT START
TRAIN 3
COMMAND RIGHT END
TURN 246 RESULT
TIME LEFT 0 5 RIGHT 0 5
TRAIN A140 B172 B173 B174
MOVE A68 16
MOVE A69 16
MOVE A70 16
MOVE A71 16
MOVE A72 16
MOVE A73 16
MOVE A74 16
MOVE A75 16
MOVE A77 16
MOVE A98 16
MOVE A107 16
MOVE A108 16
MOVE A109 16
MOVE A110 16
MOVE A111 16
MOVE A112 16
MOVE A113 16
MOVE A114 16
MOVE A115 16
MOVE A116 16
MOVE A117 16
MOVE A118 16
MOVE A119 66
MOVE A120 77
MOVE A121 16
MOVE A122 16
MOVE A123 16
MOVE A124 16
MOVE A125 16
MOVE A126 16
MOVE A127 16
MOVE A129 27
MOVE A130 42
MOVE A132 79
MOVE A133 60
MOVE A134 60
MOVE B85 9
MOVE B86 9
MOVE B88 9
MOVE B89 9
MOVE B90 9
MOVE B91 9
MOVE B92 9
MOVE B93 9
MOVE B94 9
MOVE B96 9
MOVE B97 9
MOVE B98 9
MOVE B99 9
MOVE B100 9
MOVE B101 9
MOVE B102 9
MOVE B103 9
MOVE B104 9
MOVE B105 9
MOVE B117 9
MOVE B118 9
MOVE B119 9
MOVE B120 9
MOVE B121 9
MOVE B122 9
MOVE B123 9
MOVE B124 9
MOVE B125 9
MOVE B126 9
MOVE B127 9
MOVE B128 9
MOVE B129 9
MOVE B130 9
MOVE B131 9
MOVE B132 9
MOVE B133 9
MOVE B134 9
MOVE B135 9
MOVE B138 64
MOVE B151 93
MOVE B152 93
MOVE B153 93
MOVE B154 105
MOVE B155 105
MOVE B156 105
END TURN 246
TURN 247
COMMAND LEFT START
TRAIN 1
COMMAND LEFT END
COMMAND RIGHT START
TRAIN 3
COMMAND RIGHT END
TURN 247 RESULT
TIME LEFT 0 5 RIGHT 1 5
TRAIN A141 B175 B176 B177
MOVE A68 7
MOVE A69 7
MOVE A70 7
MOVE A71 7
MOVE A72 7
MOVE A73 7
MOVE A74 7
MOVE A75 7
MOVE A77 7
MOVE A98 7
MOVE A107 7
MOVE A108 7
MOVE A109 7
MOVE A110 7
MOVE A111 7
MOVE A112 7
MOVE A113 7
MOVE A114 7
MOVE A115 7
MOVE A116 7
MOVE A117 7
MOVE A118 7
MOVE A119 63
MOVE A120 74
MOVE A121 7
MOVE A122 7
MOVE A123 7
MOVE A124 7
MOVE A125 7
MOVE A126 7
MOVE A127 7
MOVE A129 26
MOVE A130 27
MOVE A133 79
MOVE A134 79
MOVE B85 4
MOVE B86 4
MOVE B88 4
MOVE B89 4
MOVE B90 4
MOVE B91 4
MOVE B92 4
MOVE B93 4
MOVE B94 4
MOVE B96 4
MOVE B97 4
MOVE B98 4
MOVE B99 4
MOVE B100 4
MOVE B101 4
MOVE B102 4
MOVE B103 4
MOVE B104 4
MOVE B105 4
MOVE B117 4
MOVE B118 4
MOVE B119 4
MOVE B120 4
MOVE B121 4
MOVE B122 4
MOVE B123 4
MOVE B124 4
MOVE B125 4
MOVE B126 4
MOVE B127 4
MOVE B128 4
MOVE B129 4
MOVE B130 4
MOVE B131 4
MOVE B132 4
MOVE B133 4
MOVE B134 4
MOVE B135 4
MOVE B138 58
MOVE B154 93
MOVE B155 93
MOVE B156 93
END TURN 247
TURN 248
COMMAND LEFT START
MOVE A133 0
MOVE A134 0
TRAIN 1
COMMAND LEFT END
COMMAND RIGHT START
MOVE B156 79
TRAIN 3
COMMAND RIGHT END
TURN 248 RESULT
TIME LEFT 0 5 RIGHT 0 5
TRAIN A142 B178 B179 B180
MOVE A68 0
MOVE A69 0
MOVE A70 0
MOVE A71 0
MOVE A72 0
MOVE A73 0
MOVE A74 0
MOVE A75 0
MOVE A77 0
MOVE A98 0
MOVE A107 0
MOVE A108 0
MOVE A109 0
MOVE A110 0
MOVE A111 0
MOVE A112 0
MOVE A113 0
MOVE A114 0
MOVE A115 0
MOVE A116 0
MOVE A117 0
MOVE A118 0
MOVE A119 59
MOVE A120 79
MOVE A121 0
MOVE A122 0
MOVE A123 0
MOVE A124 0
MOVE A125 0
MOVE A126 0
MOVE A127 0
MOVE A129 16
MOVE A130 26
MOVE A133 60
MOVE A134 60
MOVE B85 0
MOVE B86 0
MOVE B88 0
MOVE B89 0
MOVE B90 0
MOVE B91 0
MOVE B92 0
MOVE B93 0
MOVE B94 0
MOVE B96 0
MOVE B97 0
MOVE B98 0
MOVE B99 0
MOVE B100 0
MOVE B101 0
MOVE B102 0
MOVE B103 0
MOVE B104 0
MOVE B105 0
MOVE B117 0
MOVE B118 0
MOVE B119 0
MOVE B120 0
MOVE B121 0
MOVE B122 0
MOVE B123 0
MOVE B124 0
MOVE B125 0
MOVE B126 0
MOVE B127 0
MOVE B128 0
MOVE B129 0
MOVE B130 0
MOVE B131 0
MOVE B132 0
MOVE B133 0
MOVE B134 0
MOVE B135 0
MOVE B138 51
MOVE B156 81
DAMAGE TURRET B85 3
DAMAGE COMBAT A1 4
DAMAGE COMBAT A3 4
DAMAGE COMBAT A20 5
DAMAGE COMBAT A22 5
DAMAGE COMBAT A23 6
DAMAGE COMBAT A68 8
DAMAGE COMBAT A69 6
DAMAGE COMBAT B85 5
DAMAGE COMBAT B86 8
DAMAGE COMBAT B88 8
DAMAGE COMBAT B89 8
DAMAGE COMBAT B90 8
DAMAGE COMBAT B91 5
END TURN 248
TURN 249
COMMAND LEFT START
MOVE A119 0
MOVE A120 0
TRAIN 1
COMMAND LEFT END
COMMAND RIGHT START
TRAIN 3
COMMAND RIGHT END
TURN 249 RESULT
TIME LEFT 0 5 RIGHT 0 5
TRAIN A143 B181 B182 B183
MOVE A119 50
MOVE A120 60
MOVE A129 7
MOVE A130 16
MOVE A133 42
MOVE A134 42
MOVE B138 53
MOVE B156 77
DAMAGE TURRET B91 3
DAMAGE TURRET B138 2
DAMAGE COMBAT A21 1
DAMAGE COMBAT A69 2
DAMAGE COMBAT A70 8
DAMAGE COMBAT A71 8
DAMAGE COMBAT A72 8
DAMAGE COMBAT A73 7
DAMAGE COMBAT B92 8
DAMAGE COMBAT B93 8
DAMAGE COMBAT B94 8
DAMAGE COMBAT B96 8
DAMAGE COMBAT B97 5
DAMAGE COMBAT B138 3
END TURN 249
TURN 250
COMMAND LEFT START
MOVE A132 59
MOVE A131 59
TRAIN 2
COMMAND LEFT END
COMMAND RIGHT START
MOVE B155 10
TRAIN 2
COMMAND RIGHT END
TURN 250 RESULT
TIME LEFT 0 5 RIGHT 0 5
TRAIN A144 A145 B184 B185
MOVE A119 39
MOVE A120 42
MOVE A129 0
MOVE A130 7
MOVE A131 68
MOVE A132 68
MOVE A133 27
MOVE A134 27
MOVE B155 81
MOVE B156 74
DAMAGE TURRET B97 3
DAMAGE TURRET B138 2
DAMAGE COMBAT A21 1
DAMAGE COMBAT A73 1
DAMAGE COMBAT A74 8
DAMAGE COMBAT A75 8
DAMAGE COMBAT A77 8
DAMAGE COMBAT A98 3
DAMAGE COMBAT B98 8
DAMAGE COMBAT B99 8
DAMAGE COMBAT B100 8
DAMAGE COMBAT B101 8
DAMAGE COMBAT B102 4
DAMAGE COMBAT B138 1
END TURN 250
TURN 251
COMMAND LEFT START
MOVE A145 10
MOVE A144 10
TRAIN 1
COMMAND LEFT END
COMMAND RIGHT START
TRAIN 2
COMMAND RIGHT END
TURN 251 RESULT
TIME LEFT 0 5 RIGHT 2 5
TRAIN A146 B186 B187
MOVE A119 27
MOVE A120 27
MOVE A130 0
MOVE A131 59
MOVE A132 59
MOVE A133 26
MOVE A134 26
MOVE B155 75
MOVE B156 79
DAMAGE TURRET B102 3
DAMAGE TURRET B156 2
DAMAGE COMBAT A51 1
DAMAGE COMBAT A98 5
DAMAGE COMBAT A107 8
DAMAGE COMBAT A108 8
DAMAGE COMBAT A109 2
DAMAGE COMBAT B102 1
DAMAGE COMBAT B103 8
DAMAGE COMBAT B104 8
DAMAGE COMBAT B105 8
DAMAGE COMBAT B117 8
DAMAGE COMBAT B118 1
DAMAGE COMBAT B156 3
END TURN 251
TURN 252
COMMAND LEFT START
MOVE A132 10
MOVE A131 10
TRAIN 1
COMMAND LEFT END
COMMAND RIGHT START
TRAIN 2
COMMAND RIGHT END
TURN 252 RESULT
TIME LEFT 0 5 RIGHT 0 5
TRAIN A147 B188 B189
MOVE A119 26
MOVE A120 26
MOVE A131 50
MOVE A132 50
MOVE A133 16
MOVE A134 16
MOVE B155 70
DAMAGE TURRET B118 3
DAMAGE TURRET B156 2
DAMAGE COMBAT A51 1
DAMAGE COMBAT A109 6
DAMAGE COMBAT A110 8
DAMAGE COMBAT A111 4
DAMAGE COMBAT B118 4
DAMAGE COMBAT B119 8
DAMAGE COMBAT B120 8
DAMAGE COMBAT B121 8
DAMAGE COMBAT B122 4
DAMAGE COMBAT B156 1
END TURN 252
TURN 253
COMMAND LEFT START
MOVE A127 79
TRAIN 2
COMMAND LEFT END
COMMAND RIGHT START
TRAIN 3
COMMAND RIGHT END
TURN 253 RESULT
TIME LEFT 0 5 RIGHT 0 5
TRAIN A148 A149 B190 B191 B192
MOVE A119 16
MOVE A120 16
MOVE A131 42
MOVE A132 42
MOVE A133 7
MOVE A134 7
MOVE B155 55
DAMAGE TURRET B122 3
DAMAGE COMBAT A111 4
DAMAGE COMBAT A112 8
DAMAGE COMBAT A113 2
DAMAGE COMBAT B122 1
DAMAGE COMBAT B123 8
DAMAGE COMBAT B124 8
DAMAGE COMBAT B125 8
DAMAGE COMBAT B126 7
END TURN 253
TURN 254
COMMAND LEFT START
MOVE A149 10
MOVE A148 10
TRAIN 1
COMMAND LEFT END
COMMAND RIGHT START
TRAIN 2
COMMAND RIGHT END
TURN 254 RESULT
TIME LEFT 0 5 RIGHT 0 5
TRAIN A150 B193 B194
MOVE A119 7
MOVE A120 7
MOVE A131 38
MOVE A132 38
MOVE A133 0
MOVE A134 0
MOVE B155 44
DAMAGE TURRET B126 1
DAMAGE TURRET B127 2
DAMAGE COMBAT A113 6
DAMAGE COMBAT A114 4
DAMAGE COMBAT B127 6
DAMAGE COMBAT B128 8
DAMAGE COMBAT B129 8
DAMAGE COMBAT B130 8
DAMAGE COMBAT B131 3
END TURN 254
TURN 255
COMMAND LEFT START
MOVE A150 10
MOVE A147 10
TRAIN 1
COMMAND LEFT END
COMMAND RIGHT START
TRAIN 3
COMMAND RIGHT END
TURN 255 RESULT
TIME LEFT 0 5 RIGHT 0 5
TRAIN A151 B195 B196 B197
MOVE A119 0
MOVE A120 0
MOVE A131 36
MOVE A132 36
MOVE B155 37
DAMAGE TURRET B131 3
DAMAGE COMBAT A114 4
DAMAGE COMBAT A115 1
DAMAGE COMBAT B131 2
DAMAGE COMBAT B132 8
DAMAGE COMBAT B133 8
DAMAGE COMBAT B134 8
DAMAGE COMBAT B135 8
END TURN 255
TURN 256
COMMAND LEFT START
MOVE A120 79
MOVE A121 79
MOVE A122 79
MOVE A123 79
MOVE A124 79
MOVE A125 79
MOVE A126 79
MOVE A129 79
MOVE A130 79
MOVE A133 79
MOVE A134 79
MOVE A135 79
MOVE A136 79
MOVE A137 79
MOVE A138 79
MOVE A139 79
MOVE A140 79
MOVE A141 79
MOVE A142 79
MOVE A143 79
TRAIN 1
COMMAND LEFT END
COMMAND RIGHT START
MOVE B197 93
MOVE B196 93
MOVE B195 93
MOVE B194 93
MOVE B193 93
MOVE B192 93
MOVE B191 93
MOVE B190 93
MOVE B189 93
MOVE B188 93
MOVE B187 93
TRAIN 2
COMMAND RIGHT END
TURN 256 RESULT
TIME LEFT 0 5 RIGHT 1 5
TRAIN A152 B198 B199
MOVE A120 7
MOVE A121 7
MOVE A122 7
MOVE A123 7
MOVE A124 7
MOVE A125 7
MOVE A126 7
MOVE A127 7
MOVE A129 7
MOVE A130 7
MOVE A131 28
MOVE A132 28
MOVE A133 7
MOVE A134 7
MOVE A135 7
MOVE A136 7
MOVE A137 7
MOVE A138 7
MOVE A139 7
MOVE A140 7
MOVE A141 7
MOVE A142 7
MOVE A143 7
MOVE A144 2
MOVE A145 2
MOVE A147 2
MOVE A148 2
MOVE A149 2
MOVE A150 2
MOVE B155 31
MOVE B187 182
MOVE B188 182
MOVE B189 182
MOVE B190 182
MOVE B191 182
MOVE B192 182
MOVE B193 182
MOVE B194 182
MOVE B195 182
MOVE B196 182
MOVE B197 182
END TURN 256
TURN 257
COMMAND LEFT START
MOVE A152 79
TRAIN 2
COMMAND LEFT END
COMMAND RIGHT START
MOVE B154 79
MOVE B199 93
MOVE B198 93
MOVE B186 93
MOVE B185 93
MOVE B184 93
MOVE B183 93
MOVE B182 93
MOVE B181 93
MOVE B180 93
MOVE B179 93
MOVE B178 93
TRAIN 2
COMMAND RIGHT END
TURN 257 RESULT
TIME LEFT 0 5 RIGHT 2 5
TRAIN A153 A154 B200 B201
MOVE A120 16
MOVE A121 16
MOVE A122 16
MOVE A123 16
MOVE A124 16
MOVE A125 16
MOVE A126 16
MOVE A127 16
MOVE A129 16
MOVE A130 16
MOVE A131 24
MOVE A132 24
MOVE A133 16
MOVE A134 16
MOVE A135 16
MOVE A136 16
MOVE A137 16
MOVE A138 16
MOVE A139 16
MOVE A140 16
MOVE A141 16
MOVE A142 16
MOVE A143 16
MOVE A144 6
MOVE A145 6
MOVE A147 6
MOVE A148 6
MOVE A149 6
MOVE A150 6
MOVE A152 7
MOVE B154 81
MOVE B155 22
MOVE B178 182
MOVE B179 182
MOVE B180 182
MOVE B181 182
MOVE B182 182
MOVE B183 182
MOVE B184 182
MOVE B185 182
MOVE B186 182
MOVE B187 177
MOVE B188 177
MOVE B189 177
MOVE B190 177
MOVE B191 177
MOVE B192 177
MOVE B193 177
MOVE B194 177
MOVE B195 177
MOVE B196 177
MOVE B197 177
MOVE B198 182
MOVE B199 182
END TURN 257
TURN 258
COMMAND LEFT START
MOVE A153 79
MOVE A154 79
TRAIN 1
COMMAND LEFT END
COMMAND RIGHT START
MOVE B201 93
MOVE B200 93
MOVE B177 93
MOVE B176 93
MOVE B175 93
MOVE B174 93
MOVE B173 93
MOVE B172 93
MOVE B171 93
MOVE B170 93
MOVE B169 93
TRAIN 3
COMMAND RIGHT END
TURN 258 RESULT
TIME LEFT 0 5 RIGHT 1 5
TRAIN A155 B202 B203 B204
MOVE A120 26
MOVE A121 26
MOVE A122 26
MOVE A123 26
MOVE A124 26
MOVE A125 26
MOVE A126 26
MOVE A127 26
MOVE A129 26
MOVE A130 26
MOVE A131 23
MOVE A132 23
MOVE A133 26
MOVE A134 26
MOVE A135 26
MOVE A136 26
MOVE A137 26
MOVE A138 26
MOVE A139 26
MOVE A140 26
MOVE A141 26
MOVE A142 26
MOVE A143 26
MOVE A144 10
MOVE A145 10
MOVE A147 10
MOVE A148 10
MOVE A149 10
MOVE A150 10
MOVE A152 16
MOVE A153 7
MOVE A154 7
MOVE B154 77
MOVE B155 10
MOVE B169 182
MOVE B170 182
MOVE B171 182
MOVE B172 182
MOVE B173 182
MOVE B174 182
MOVE B175 182
MOVE B176 182
MOVE B177 182
MOVE B178 177
MOVE B179 177
MOVE B180 177
MOVE B181 177
MOVE B182 177
MOVE B183 177
MOVE B184 177
MOVE B185 177
MOVE B186 177
MOVE B187 167
MOVE B188 167
MOVE B189 167
MOVE B190 167
MOVE B191 167
MOVE B192 167
MOVE B193 167
MOVE B194 167
MOVE B195 167
MOVE B196 167
MOVE B197 167
MOVE B198 177
MOVE B199 177
MOVE B200 182
MOVE B201 182
DAMAGE TURRET B155 2
DAMAGE COMBAT A2 1
DAMAGE COMBAT B155 6
END TURN 258
TURN 259
COMMAND LEFT START
MOVE A155 79
TRAIN 1
COMMAND LEFT END
COMMAND RIGHT START
MOVE B153 53
MOVE B204 93
MOVE B203 93
MOVE B202 93
MOVE B168 93
MOVE B167 93
MOVE B166 93
MOVE B165 93
MOVE B164 93
MOVE B163 93
MOVE B162 93
MOVE B161 93
TRAIN 2
COMMAND RIGHT END
TURN 259 RESULT
TIME LEFT 0 5 RIGHT 0 5
TRAIN A156 B205 B206
MOVE A120 27
MOVE A121 27
MOVE A122 27
MOVE A123 27
MOVE A124 27
MOVE A125 27
MOVE A126 27
MOVE A127 27
MOVE A129 27
MOVE A130 27
MOVE A131 17
MOVE A132 17
MOVE A133 27
MOVE A134 27
MOVE A135 27
MOVE A136 27
MOVE A137 27
MOVE A138 27
MOVE A139 27
MOVE A140 27
MOVE A141 27
MOVE A142 27
MOVE A143 27
MOVE A152 26
MOVE A153 16
MOVE A154 16
MOVE A155 7
MOVE B153 95
MOVE B154 74
MOVE B161 182
MOVE B162 182
MOVE B163 182
MOVE B164 182
MOVE B165 182
MOVE B166 182
MOVE B167 182
MOVE B168 182
MOVE B169 177
MOVE B170 177
MOVE B171 177
MOVE B172 177
MOVE B173 177
MOVE B174 177
MOVE B175 177
MOVE B176 177
MOVE B177 177
MOVE B178 167
MOVE B179 167
MOVE B180 167
MOVE B181 167
MOVE B182 167
MOVE B183 167
MOVE B184 167
MOVE B185 167
MOVE B186 167
MOVE B187 150
MOVE B188 150
MOVE B189 150
MOVE B190 150
MOVE B191 150
MOVE B192 150
MOVE B193 150
MOVE B194 150
MOVE B195 150
MOVE B196 150
MOVE B197 150
MOVE B198 167
MOVE B199 167
MOVE B200 177
MOVE B201 177
MOVE B202 182
MOVE B203 182
MOVE B204 182
END TURN 259
TURN 260
COMMAND LEFT START
MOVE A151 95
MOVE A146 84
MOVE A156 79
TRAIN 1
COMMAND LEFT END
COMMAND RIGHT START
MOVE B206 93
MOVE B205 93
MOVE B160 93
MOVE B159 93
MOVE B158 93
MOVE B157 93
TRAIN 2
COMMAND RIGHT END
TURN 260 RESULT
TIME LEFT 0 5 RIGHT 0 5
TRAIN A157 B207 B208
MOVE A120 42
MOVE A121 42
MOVE A122 42
MOVE A123 42
MOVE A124 42
MOVE A125 42
MOVE A126 42
MOVE A127 42
MOVE A129 42
MOVE A130 42
MOVE A131 10
MOVE A132 10
MOVE A133 42
MOVE A134 42
MOVE A135 42
MOVE A136 42
MOVE A137 42
MOVE A138 42
MOVE A139 42
MOVE A140 42
MOVE A141 42
MOVE A142 42
MOVE A143 42
MOVE A146 7
MOVE A151 4
MOVE A152 27
MOVE A153 26
MOVE A154 26
MOVE A155 16
MOVE A156 7
MOVE B153 97
MOVE B154 79
MOVE B157 182
MOVE B158 182
MOVE B159 182
MOVE B160 182
MOVE B161 177
MOVE B162 177
MOVE B163 177
MOVE B164 177
MOVE B165 177
MOVE B166 177
MOVE B167 177
MOVE B168 177
MOVE B169 167
MOVE B170 167
MOVE B171 167
MOVE B172 167
MOVE B173 167
MOVE B174 167
MOVE B175 167
MOVE B176 167
MOVE B177 167
MOVE B178 150
MOVE B179 150
MOVE B180 150
MOVE B181 150
MOVE B182 150
MOVE B183 150
MOVE B184 150
MOVE B185 150
MOVE B186 150
MOVE B187 140
MOVE B188 140
MOVE B189 140
MOVE B190 140
MOVE B191 140
MOVE B192 140
MOVE B193 140
MOVE B194 140
MOVE B195 140
MOVE B196 140
MOVE B197 140
MOVE B198 150
MOVE B199 150
MOVE B200 167
MOVE B201 167
MOVE B202 177
MOVE B203 177
MOVE B204 177
MOVE B205 182
MOVE B206 182
DAMAGE TURRET B154 2
DAMAGE COMBAT A17 1
DAMAGE COMBAT B154 2
END TURN 260
TURN 261
COMMAND LEFT START
MOVE A157 79
TRAIN 1
COMMAND LEFT END
COMMAND RIGHT START
MOVE B208 93
MOVE B207 93
TRAIN 3
COMMAND RIGHT END
TURN 261 RESULT
TIME LEFT 0 5 RIGHT 0 5
TRAIN A158 B209 B210 B211
MOVE A120 60
MOVE A121 60
MOVE A122 60
MOVE A123 60
MOVE A124 60
MOVE A125 60
MOVE A126 60
MOVE A127 60
MOVE A129 60
MOVE A130 60
MOVE A133 60
MOVE A134 60
MOVE A135 60
MOVE A136 60
MOVE A137 60
MOVE A138 60
MOVE A139 60
MOVE A140 60
MOVE A141 60
MOVE A142 60
MOVE A143 60
MOVE A146 16
MOVE A151 9
MOVE A152 42
MOVE A153 27
MOVE A154 27
MOVE A155 26
MOVE A156 16
MOVE A157 7
MOVE B153 92
MOVE B157 177
MOVE B158 177
MOVE B159 177
MOVE B160 177
MOVE B161 167
MOVE B162 167
MOVE B163 167
MOVE B164 167
MOVE B165 167
MOVE B166 167
MOVE B167 167
MOVE B168 167
MOVE B169 150
MOVE B170 150
MOVE B171 150
MOVE B172 150
MOVE B173 150
MOVE B174 150
MOVE B175 150
MOVE B176 150
MOVE B177 150
MOVE B178 140
MOVE B179 140
MOVE B180 140
MOVE B181 140
MOVE B182 140
MOVE B183 140
MOVE B184 140
MOVE B185 140
MOVE B186 140
MOVE B187 119
MOVE B188 119
MOVE B189 119
MOVE B190 119
MOVE B191 119
MOVE B192 119
MOVE B193 119
MOVE B194 119
MOVE B195 119
MOVE B196 119
MOVE B197 119
MOVE B198 140
MOVE B199 140
MOVE B200 150
MOVE B201 150
MOVE B202 167
MOVE B203 167
MOVE B204 167
MOVE B205 177
MOVE B206 177
MOVE B207 182
MOVE B208 182
DAMAGE TURRET B154 2
DAMAGE COMBAT A17 1
DAMAGE COMBAT B154 2
END TURN 261
TURN 262
COMMAND LEFT START
MOVE A158 79
TRAIN 1
COMMAND LEFT END
COMMAND RIGHT START
MOVE B211 93
MOVE B210 93
MOVE B209 93
TRAIN 2
COMMAND RIGHT END
TURN 262 RESULT
TIME LEFT 0 5 RIGHT 0 5
TRAIN A159 B212 B213
MOVE A120 79
MOVE A121 79
MOVE A122 79
MOVE A123 79
MOVE A124 79
MOVE A125 79
MOVE A126 79
MOVE A127 79
MOVE A129 79
MOVE A130 79
MOVE A133 79
MOVE A134 79
MOVE A135 79
MOVE A136 79
MOVE A137 79
MOVE A138 79
MOVE A139 79
MOVE A140 79
MOVE A141 79
MOVE A142 79
MOVE A143 79
MOVE A146 26
MOVE A151 19
MOVE A152 60
MOVE A153 42
MOVE A154 42
MOVE A155 27
MOVE A156 26
MOVE A157 16
MOVE A158 7
MOVE B153 73
MOVE B157 167
MOVE B158 167
MOVE B159 167
MOVE B160 167
MOVE B161 150
MOVE B162 150
MOVE B163 150
MOVE B164 150
MOVE B165 150
MOVE B166 150
MOVE B167 150
MOVE B168 150
MOVE B169 140
MOVE B170 140
MOVE B171 140
MOVE B172 140
MOVE B173 140
MOVE B174 140
MOVE B175 140
MOVE B176 140
MOVE B177 140
MOVE B178 119
MOVE B179 119
MOVE B180 119
MOVE B181 119
MOVE B182 119
MOVE B183 119
MOVE B184 119
MOVE B185 119
MOVE B186 119
MOVE B187 105
MOVE B188 105
MOVE B189 105
MOVE B190 105
MOVE B191 105
MOVE B192 105
MOVE B193 105
MOVE B194 105
MOVE B195 105
MOVE B196 105
MOVE B197 105
MOVE B198 119
MOVE B199 119
MOVE B200 140
MOVE B201 140
MOVE B202 150
MOVE B203 150
MOVE B204 150
MOVE B205 167
MOVE B206 167
MOVE B207 177
MOVE B208 177
MOVE B209 182
MOVE B210 182
MOVE B211 182
END TURN 262
TURN 263
COMMAND LEFT START
MOVE A159 79
TRAIN 1
COMMAND LEFT END
COMMAND RIGHT START
MOVE B213 93
MOVE B212 93
TRAIN 2
COMMAND RIGHT END
TURN 263 RESULT
TIME LEFT 0 5 RIGHT 0 5
TRAIN A160 B214 B215
MOVE A146 27
MOVE A151 36
MOVE A152 79
MOVE A153 60
MOVE A154 60
MOVE A155 42
MOVE A156 27
MOVE A157 26
MOVE A158 16
MOVE A159 7
MOVE B153 64
MOVE B157 150
MOVE B158 150
MOVE B159 150
MOVE B160 150
MOVE B161 140
MOVE B162 140
MOVE B163 140
MOVE B164 140
MOVE B165 140
MOVE B166 140
MOVE B167 140
MOVE B168 140
MOVE B169 119
MOVE B170 119
MOVE B171 119
MOVE B172 119
MOVE B173 119
MOVE B174 119
MOVE B175 119
MOVE B176 119
MOVE B177 119
MOVE B178 105
MOVE B179 105
MOVE B180 105
MOVE B181 105
MOVE B182 105
MOVE B183 105
MOVE B184 105
MOVE B185 105
MOVE B186 105
MOVE B187 93
MOVE B188 93
MOVE B189 93
MOVE B190 93
MOVE B191 93
MOVE B192 93
MOVE B193 93
MOVE B194 93
MOVE B195 93
MOVE B196 93
MOVE B197 93
MOVE B198 105
MOVE B199 105
MOVE B200 119
MOVE B201 119
MOVE B202 140
MOVE B203 140
MOVE B204 140
MOVE B205 150
MOVE B206 150
MOVE B207 167
MOVE B208 167
MOVE B209 177
MOVE B210 177
MOVE B211 177
MOVE B212 182
MOVE B213 182
END TURN 263
TURN 264
COMMAND LEFT START
MOVE A160 79
TRAIN 1
COMMAND LEFT END
COMMAND RIGHT START
MOVE B215 93
MOVE B214 93
TRAIN 2
COMMAND RIGHT END
TURN 264 RESULT
TIME LEFT 0 5 RIGHT 1 5
TRAIN A161 B216 B217
MOVE A146 39
MOVE A151 47
MOVE A153 79
MOVE A154 79
MOVE A155 60
MOVE A156 42
MOVE A157 27
MOVE A158 26
MOVE A159 16
MOVE A160 7
MOVE B153 58
MOVE B157 140
MOVE B158 140
MOVE B159 140
MOVE B160 140
MOVE B161 119
MOVE B162 119
MOVE B163 119
MOVE B164 119
MOVE B165 119
MOVE B166 119
MOVE B167 119
MOVE B168 119
MOVE B169 105
MOVE B170 105
MOVE B171 105
MOVE B172 105
MOVE B173 105
MOVE B174 105
MOVE B175 105
MOVE B176 105
MOVE B177 105
MOVE B178 93
MOVE B179 93
MOVE B180 93
MOVE B181 93
MOVE B182 93
MOVE B183 93
MOVE B184 93
MOVE B185 93
MOVE B186 93
MOVE B198 93
MOVE B199 93
MOVE B200 105
MOVE B201 105
MOVE B202 119
MOVE B203 119
MOVE B204 119
MOVE B205 140
MOVE B206 140
MOVE B207 150
MOVE B208 150
MOVE B209 167
MOVE B210 167
MOVE B211 167
MOVE B212 177
MOVE B213 177
MOVE B214 182
MOVE B215 182
END TURN 264
TURN 265
COMMAND LEFT START
MOVE A161 79
TRAIN 1
COMMAND LEFT END
COMMAND RIGHT START
MOVE B199 79
MOVE B198 0
MOVE B197 0
MOVE B196 0
MOVE B195 0
MOVE B194 0
MOVE B193 0
MOVE B192 0
MOVE B191 0
MOVE B190 0
MOVE B189 0
MOVE B188 0
MOVE B187 0
MOVE B186 0
MOVE B185 0
MOVE B184 0
MOVE B183 0
MOVE B182 0
MOVE B181 0
MOVE B180 0
MOVE B179 0
MOVE B178 0
MOVE B152 0
MOVE B151 0
MOVE B150 0
MOVE B149 0
MOVE B148 0
MOVE B147 0
MOVE B146 0
MOVE B145 0
MOVE B144 0
MOVE B143 0
MOVE B142 0
MOVE B141 0
MOVE B140 0
MOVE B139 0
MOVE B137 0
MOVE B136 0
COMMAND RIGHT END
TURN 265 RESULT
TIME LEFT 0 5 RIGHT 0 5
TRAIN A162
MOVE A146 50
MOVE A151 61
MOVE A155 79
MOVE A156 60
MOVE A157 42
MOVE A158 27
MOVE A159 26
MOVE A160 16
MOVE A161 7
MOVE B136 81
MOVE B137 81
MOVE B139 81
MOVE B140 81
MOVE B141 81
MOVE B142 81
MOVE B143 81
MOVE B144 81
MOVE B145 81
MOVE B146 81
MOVE B147 81
MOVE B148 81
MOVE B149 81
MOVE B150 81
MOVE B151 81
MOVE B152 81
MOVE B153 51
MOVE B157 119
MOVE B158 119
MOVE B159 119
MOVE B160 119
MOVE B161 105
MOVE B162 105
MOVE B163 105
MOVE B164 105
MOVE B165 105
MOVE B166 105
MOVE B167 105
MOVE B168 105
MOVE B169 93
MOVE B170 93
MOVE B171 93
MOVE B172 93
MOVE B173 93
MOVE B174 93
MOVE B175 93
MOVE B176 93
MOVE B177 93
MOVE B178 81
MOVE B179 81
MOVE B180 81
MOVE B181 81
MOVE B182 81
MOVE B183 81
MOVE B184 81
MOVE B185 81
MOVE B186 81
MOVE B187 81
MOVE B188 81
MOVE B189 81
MOVE B190 81
MOVE B191 81
MOVE B192 81
MOVE B193 81
MOVE B194 81
MOVE B195 81
MOVE B196 81
MOVE B197 81
MOVE B198 81
MOVE B199 81
MOVE B200 93
MOVE B201 93
MOVE B202 105
MOVE B203 105
MOVE B204 105
MOVE B205 119
MOVE B206 119
MOVE B207 140
MOVE B208 140
MOVE B209 150
MOVE B210 150
MOVE B211 150
MOVE B212 167
MOVE B213 167
MOVE B214 177
MOVE B215 177
END TURN 265
TURN 266
COMMAND LEFT START
MOVE A121 0
MOVE A122 0
MOVE A123 0
MOVE A124 0
MOVE A125 0
MOVE A126 0
MOVE A127 0
MOVE A129 0
MOVE A130 0
MOVE A131 0
MOVE A132 0
MOVE A133 0
MOVE A134 0
MOVE A135 0
MOVE A136 0
MOVE A137 0
MOVE A138 0
MOVE A139 0
MOVE A140 0
MOVE A141 0
MOVE A142 0
MOVE A143 0
MOVE A144 0
MOVE A145 0
MOVE A147 0
MOVE A148 0
MOVE A149 0
MOVE A150 0
MOVE A152 0
MOVE A153 0
MOVE A154 0
MOVE A155 0
TRAIN 2
COMMAND LEFT END
COMMAND RIGHT START
TRAIN 2
COMMAND RIGHT END
TURN 266 RESULT
TIME LEFT 0 5 RIGHT 0 5
TRAIN A163 A164 B218 B219
MOVE A121 60
MOVE A122 60
MOVE A123 60
MOVE A124 60
MOVE A125 60
MOVE A126 60
MOVE A127 60
MOVE A129 60
MOVE A130 60
MOVE A131 6
MOVE A132 6
MOVE A133 60
MOVE A134 60
MOVE A135 60
MOVE A136 60
MOVE A137 60
MOVE A138 60
MOVE A139 60
MOVE A140 60
MOVE A141 60
MOVE A142 60
MOVE A143 60
MOVE A144 6
MOVE A145 6
MOVE A146 59
MOVE A147 6
MOVE A148 6
MOVE A149 6
MOVE A150 6
MOVE A151 75
MOVE A152 60
MOVE A153 60
MOVE A154 60
MOVE A155 60
MOVE A156 79
MOVE A157 60
MOVE A158 42
MOVE A159 27
MOVE A160 26
MOVE A161 16
MOVE B136 67
MOVE B137 67
MOVE B139 67
MOVE B140 67
MOVE B141 67
MOVE B142 67
MOVE B143 67
MOVE B144 67
MOVE B145 67
MOVE B146 67
MOVE B147 67
MOVE B148 67
MOVE B149 67
MOVE B150 67
MOVE B151 67
MOVE B152 67
MOVE B153 53
MOVE B157 105
MOVE B158 105
MOVE B159 105
MOVE B160 105
MOVE B161 93
MOVE B162 93
MOVE B163 93
MOVE B164 93
MOVE B165 93
MOVE B166 93
MOVE B167 93
MOVE B168 93
MOVE B178 67
MOVE B179 67
MOVE B180 67
MOVE B181 67
MOVE B182 67
MOVE B183 67
MOVE B184 67
MOVE B185 67
MOVE B186 67
MOVE B187 67
MOVE B188 67
MOVE B189 67
MOVE B190 67
MOVE B191 67
MOVE B192 67
MOVE B193 67
MOVE B194 67
MOVE B195 67
MOVE B196 67
MOVE B197 67
MOVE B198 67
MOVE B199 77
MOVE B202 93
MOVE B203 93
MOVE B204 93
MOVE B205 105
MOVE B206 105
MOVE B207 119
MOVE B208 119
MOVE B209 140
MOVE B210 140
MOVE B211 140
MOVE B212 150
MOVE B213 150
MOVE B214 167
MOVE B215 167
DAMAGE TURRET B153 2
DAMAGE COMBAT A21 1
DAMAGE COMBAT B153 3
END TURN 266
TURN 267
COMMAND LEFT START
MOVE A156 0
TRAIN 1
COMMAND LEFT END
COMMAND RIGHT START
TRAIN 2
COMMAND RIGHT END
TURN 267 RESULT
TIME LEFT 0 5 RIGHT 0 5
TRAIN A165 B220 B221
MOVE A121 42
MOVE A122 42
MOVE A123 42
MOVE A124 42
MOVE A125 42
MOVE A126 42
MOVE A127 42
MOVE A129 42
MOVE A130 42
MOVE A131 2
MOVE A132 2
MOVE A133 42
MOVE A134 42
MOVE A135 42
MOVE A136 42
MOVE A137 42
MOVE A138 42
MOVE A139 42
MOVE A140 42
MOVE A141 42
MOVE A142 42
MOVE A143 42
MOVE A144 2
MOVE A145 2
MOVE A146 63
MOVE A147 2
MOVE A148 2
MOVE A149 2
MOVE A150 2
MOVE A151 95
MOVE A152 42
MOVE A153 42
MOVE A154 42
MOVE A155 42
MOVE A156 60
MOVE A157 79
MOVE A158 60
MOVE A159 42
MOVE A160 27
MOVE A161 26
MOVE B136 46
MOVE B137 46
MOVE B139 46
MOVE B140 46
MOVE B141 46
MOVE B142 46
MOVE B143 46
MOVE B144 46
MOVE B145 46
MOVE B146 46
MOVE B147 46
MOVE B148 46
MOVE B149 46
MOVE B150 46
MOVE B151 46
MOVE B152 46
MOVE B157 93
MOVE B158 93
MOVE B159 93
MOVE B160 93
MOVE B178 46
MOVE B179 46
MOVE B180 46
MOVE B181 46
MOVE B182 46
MOVE B183 46
MOVE B184 46
MOVE B185 46
MOVE B186 46
MOVE B187 46
MOVE B188 46
MOVE B189 46
MOVE B190 46
MOVE B191 46
MOVE B192 46
MOVE B193 46
MOVE B194 46
MOVE B195 46
MOVE B196 46
MOVE B197 46
MOVE B198 46
MOVE B199 74
MOVE B205 93
MOVE B206 93
MOVE B207 105
MOVE B208 105
MOVE B209 119
MOVE B210 119
MOVE B211 119
MOVE B212 140
MOVE B213 140
MOVE B214 150
MOVE B215 150
DAMAGE TURRET B153 2
DAMAGE COMBAT A21 1
DAMAGE COMBAT B153 1
END TURN 267
TURN 268
COMMAND LEFT START
MOVE A151 59
MOVE A157 0
TRAIN 1
COMMAND LEFT END
COMMAND RIGHT START
MOVE B206 10
TRAIN 2
COMMAND RIGHT END
TURN 268 RESULT
TIME LEFT 0 5 RIGHT 0 5
TRAIN A166 B222 B223
MOVE A121 27
MOVE A122 27
MOVE A123 27
MOVE A124 27
MOVE A125 27
MOVE A126 27
MOVE A127 27
MOVE A129 27
MOVE A130 27
MOVE A131 0
MOVE A132 0
MOVE A133 27
MOVE A134 27
MOVE A135 27
MOVE A136 27
MOVE A137 27
MOVE A138 27
MOVE A139 27
MOVE A140 27
MOVE A141 27
MOVE A142 27
MOVE A143 27
MOVE A144 0
MOVE A145 0
MOVE A146 66
MOVE A147 0
MOVE A148 0
MOVE A149 0
MOVE A150 0
MOVE A151 81
MOVE A152 27
MOVE A153 27
MOVE A154 27
MOVE A155 27
MOVE A156 42
MOVE A157 60
MOVE A158 79
MOVE A159 60
MOVE A160 42
MOVE A161 27
MOVE B136 36
MOVE B137 36
MOVE B139 36
MOVE B140 36
MOVE B141 36
MOVE B142 36
MOVE B143 36
MOVE B144 36
MOVE B145 36
MOVE B146 36
MOVE B147 36
MOVE B148 36
MOVE B149 36
MOVE B150 36
MOVE B151 36
MOVE B152 36
MOVE B178 36
MOVE B179 36
MOVE B180 36
MOVE B181 36
MOVE B182 36
MOVE B183 36
MOVE B184 36
MOVE B185 36
MOVE B186 36
MOVE B187 36
MOVE B188 36
MOVE B189 36
MOVE B190 36
MOVE B191 36
MOVE B192 36
MOVE B193 36
MOVE B194 36
MOVE B195 36
MOVE B196 36
MOVE B197 36
MOVE B198 36
MOVE B199 79
MOVE B206 81
MOVE B207 93
MOVE B208 93
MOVE B209 105
MOVE B210 105
MOVE B211 105
MOVE B212 119
MOVE B213 119
MOVE B214 140
MOVE B215 140
DAMAGE TURRET B199 2
DAMAGE COMBAT A17 1
DAMAGE COMBAT A151 1
DAMAGE COMBAT B199 4
DAMAGE COMBAT B206 1
END TURN 268
TURN 269
COMMAND LEFT START
MOVE A158 0
TRAIN 1
COMMAND LEFT END
COMMAND RIGHT START
TRAIN 2
COMMAND RIGHT END
TURN 269 RESULT
TIME LEFT 0 5 RIGHT 0 5
TRAIN A167 B224 B225
MOVE A121 26
MOVE A122 26
MOVE A123 26
MOVE A124 26
MOVE A125 26
MOVE A126 26
MOVE A127 26
MOVE A129 26
MOVE A130 26
MOVE A133 26
MOVE A134 26
MOVE A135 26
MOVE A136 26
MOVE A137 26
MOVE A138 26
MOVE A139 26
MOVE A140 26
MOVE A141 26
MOVE A142 26
MOVE A143 26
MOVE A146 84
MOVE A152 26
MOVE A153 26
MOVE A154 26
MOVE A155 26
MOVE A156 27
MOVE A157 42
MOVE A159 79
MOVE A160 60
MOVE A161 42
MOVE B136 19
MOVE B137 19
MOVE B139 19
MOVE B140 19
MOVE B141 19
MOVE B142 19
MOVE B143 19
MOVE B144 19
MOVE B145 19
MOVE B146 19
MOVE B147 19
MOVE B148 19
MOVE B149 19
MOVE B150 19
MOVE B151 19
MOVE B152 19
MOVE B178 19
MOVE B179 19
MOVE B180 19
MOVE B181 19
MOVE B182 19
MOVE B183 19
MOVE B184 19
MOVE B185 19
MOVE B186 19
MOVE B187 19
MOVE B188 19
MOVE B189 19
MOVE B190 19
MOVE B191 19
MOVE B192 19
MOVE B193 19
MOVE B194 19
MOVE B195 19
MOVE B196 19
MOVE B197 19
MOVE B198 19
MOVE B209 93
MOVE B210 93
MOVE B211 93
MOVE B212 105
MOVE B213 105
MOVE B214 119
MOVE B215 119
DAMAGE TURRET B199 2
DAMAGE COMBAT A17 1
DAMAGE COMBAT A151 1
DAMAGE COMBAT B206 1
END TURN 269
TURN 270
COMMAND LEFT START
MOVE A146 59
TRAIN 1
COMMAND LEFT END
COMMAND RIGHT START
TRAIN 2
COMMAND RIGHT END
TURN 270 RESULT
TIME LEFT 0 5 RIGHT 0 5
TRAIN A168 B226 B227
MOVE A121 16
MOVE A122 16
MOVE A123 16
MOVE A124 16
MOVE A125 16
MOVE A126 16
MOVE A127 16
MOVE A129 16
MOVE A130 16
MOVE A133 16
MOVE A134 16
MOVE A135 16
MOVE A136 16
MOVE A137 16
MOVE A138 16
MOVE A139 16
MOVE A140 16
MOVE A141 16
MOVE A142 16
MOVE A143 16
MOVE A146 66
MOVE A152 16
MOVE A153 16
MOVE A154 16
MOVE A155 16
MOVE A156 26
MOVE A157 27
MOVE A158 60
MOVE A160 79
MOVE A161 60
MOVE B136 9
MOVE B137 9
MOVE B139 9
MOVE B140 9
MOVE B141 9
MOVE B142 9
MOVE B143 9
MOVE B144 9
MOVE B145 9
MOVE B146 9
MOVE B147 9
MOVE B148 9
MOVE B149 9
MOVE B150 9
MOVE B151 9
MOVE B152 9
MOVE B178 9
MOVE B179 9
MOVE B180 9
MOVE B181 9
MOVE B182 9
MOVE B183 9
MOVE B184 9
MOVE B185 9
MOVE B186 9
MOVE B187 9
MOVE B188 9
MOVE B189 9
MOVE B190 9
MOVE B191 9
MOVE B192 9
MOVE B193 9
MOVE B194 9
MOVE B195 9
MOVE B196 9
MOVE B197 9
MOVE B198 9
MOVE B212 93
MOVE B213 93
MOVE B214 105
MOVE B215 105
DAMAGE COMBAT A151 1
DAMAGE COMBAT B206 1
END TURN 270
TURN 271
COMMAND LEFT START
TRAIN 1
COMMAND LEFT END
COMMAND RIGHT START
TRAIN 2
COMMAND RIGHT END
TURN 271 RESULT
TIME LEFT 0 5 RIGHT 0 5
TRAIN A169 B228 B229
MOVE A121 7
MOVE A122 7
MOVE A123 7
MOVE A124 7
MOVE A125 7
MOVE A126 7
MOVE A127 7
MOVE A129 7
MOVE A130 7
MOVE A133 7
MOVE A134 7
MOVE A135 7
MOVE A136 7
MOVE A137 7
MOVE A138 7
MOVE A139 7
MOVE A140 7
MOVE A141 7
MOVE A142 7
MOVE A143 7
MOVE A146 63
MOVE A152 7
MOVE A153 7
MOVE A154 7
MOVE A155 7
MOVE A156 16
MOVE A157 26
MOVE A158 42
MOVE A161 79
MOVE B136 4
MOVE B137 4
MOVE B139 4
MOVE B140 4
MOVE B141 4
MOVE B142 4
MOVE B143 4
MOVE B144 4
MOVE B145 4
MOVE B146 4
MOVE B147 4
MOVE B148 4
MOVE B149 4
MOVE B150 4
MOVE B151 4
MOVE B152 4
MOVE B178 4
MOVE B179 4
MOVE B180 4
MOVE B181 4
MOVE B182 4
MOVE B183 4
MOVE B184 4
MOVE B185 4
MOVE B186 4
MOVE B187 4
MOVE B188 4
MOVE B189 4
MOVE B190 4
MOVE B191 4
MOVE B192 4
MOVE B193 4
MOVE B194 4
MOVE B195 4
MOVE B196 4
MOVE B197 4
MOVE B198 4
MOVE B214 93
MOVE B215 93
DAMAGE COMBAT A151 1
DAMAGE COMBAT B206 1
END TURN 271
TURN 272
COMMAND LEFT START
MOVE A161 0
TRAIN 1
COMMAND LEFT END
COMMAND RIGHT START
TRAIN 2
COMMAND RIGHT END
TURN 272 RESULT
TIME LEFT 0 5 RIGHT 0 5
TRAIN A170 B230 B231
MOVE A121 0
MOVE A122 0
MOVE A123 0
MOVE A124 0
MOVE A125 0
MOVE A126 0
MOVE A127 0
MOVE A129 0
MOVE A130 0
MOVE A133 0
MOVE A134 0
MOVE A135 0
MOVE A136 0
MOVE A137 0
MOVE A138 0
MOVE A139 0
MOVE A140 0
MOVE A141 0
MOVE A142 0
MOVE A143 0
MOVE A146 59
MOVE A152 0
MOVE A153 0
MOVE A154 0
MOVE A155 0
MOVE A156 7
MOVE A157 16
MOVE A158 27
MOVE A161 60
MOVE B136 0
MOVE B137 0
MOVE B139 0
MOVE B140 0
MOVE B141 0
MOVE B142 0
MOVE B143 0
MOVE B144 0
MOVE B145 0
MOVE B146 0
MOVE B147 0
MOVE B148 0
MOVE B149 0
MOVE B150 0
MOVE B151 0
MOVE B152 0
MOVE B178 0
MOVE B179 0
MOVE B180 0
MOVE B181 0
MOVE B182 0
MOVE B183 0
MOVE B184 0
MOVE B185 0
MOVE B186 0
MOVE B187 0
MOVE B188 0
MOVE B189 0
MOVE B190 0
MOVE B191 0
MOVE B192 0
MOVE B193 0
MOVE B194 0
MOVE B195 0
MOVE B196 0
MOVE B197 0
MOVE B198 0
DAMAGE TURRET B136 3
DAMAGE COMBAT A115 7
DAMAGE COMBAT A116 8
DAMAGE COMBAT A117 8
DAMAGE COMBAT A118 8
DAMAGE COMBAT A119 6
DAMAGE COMBAT A151 1
DAMAGE COMBAT B136 5
DAMAGE COMBAT B137 8
DAMAGE COMBAT B139 8
DAMAGE COMBAT B140 8
DAMAGE COMBAT B141 8
DAMAGE COMBAT B142 8
DAMAGE COMBAT B143 1
DAMAGE COMBAT B206 1
END TURN 272
TURN 273
COMMAND LEFT START
MOVE A146 0
TRAIN 1
COMMAND LEFT END
COMMAND RIGHT START
TRAIN 2
COMMAND RIGHT END
TURN 273 RESULT
TIME LEFT 0 5 RIGHT 0 5
TRAIN A171 B232 B233
MOVE A146 50
MOVE A156 0
MOVE A157 7
MOVE A158 26
MOVE A161 42
DAMAGE TURRET B143 3
DAMAGE COMBAT A119 2
DAMAGE COMBAT A121 8
DAMAGE COMBAT A122 8
DAMAGE COMBAT A123 8
DAMAGE COMBAT A124 5
DAMAGE COMBAT A151 1
DAMAGE COMBAT B143 4
DAMAGE COMBAT B144 8
DAMAGE COMBAT B145 8
DAMAGE COMBAT B146 8
DAMAGE COMBAT B147 8
DAMAGE COMBAT B148 8
DAMAGE COMBAT B206 1
END TURN 273
TURN 274
COMMAND LEFT START
MOVE A160 84
MOVE A159 92
TRAIN 1
COMMAND LEFT END
COMMAND RIGHT START
TRAIN 2
COMMAND RIGHT END
TURN 274 RESULT
TIME LEFT 0 5 RIGHT 0 5
TRAIN A172 B234 B235
MOVE A146 39
MOVE A157 0
MOVE A158 16
MOVE A159 74
MOVE A160 68
MOVE A161 27
DAMAGE TURRET B149 3
DAMAGE COMBAT A124 3
DAMAGE COMBAT A125 8
DAMAGE COMBAT A126 8
DAMAGE COMBAT A127 6
DAMAGE COMBAT A151 1
DAMAGE COMBAT B149 5
DAMAGE COMBAT B150 8
DAMAGE COMBAT B151 8
DAMAGE COMBAT B152 8
DAMAGE COMBAT B178 8
DAMAGE COMBAT B179 5
DAMAGE COMBAT B206 1
END TURN 274
TURN 275
COMMAND LEFT START
TRAIN 1
COMMAND LEFT END
COMMAND RIGHT START
TRAIN 3
COMMAND RIGHT END
TURN 275 RESULT
TIME LEFT 0 5 RIGHT 0 5
TRAIN A173 B236 B237 B238
MOVE A146 27
MOVE A158 7
MOVE A159 77
MOVE A160 71
MOVE A161 26
DAMAGE TURRET B179 3
DAMAGE COMBAT A127 2
DAMAGE COMBAT A129 8
DAMAGE COMBAT A130 8
DAMAGE COMBAT A131 2
DAMAGE COMBAT A151 1
DAMAGE COMBAT B180 8
DAMAGE COMBAT B181 8
DAMAGE COMBAT B182 8
DAMAGE COMBAT B183 8
DAMAGE COMBAT B184 8
DAMAGE COMBAT B206 1
END TURN 275
TURN 276
COMMAND LEFT START
TRAIN 2
COMMAND LEFT END
COMMAND RIGHT START
MOVE B215 53
TRAIN 2
COMMAND RIGHT END
TURN 276 RESULT
TIME LEFT 0 5 RIGHT 0 5
TRAIN A174 A175 B239 B240
MOVE A146 26
MOVE A158 0
MOVE A159 81
MOVE A160 63
MOVE A161 16
MOVE B215 95
DAMAGE TURRET B185 3
DAMAGE COMBAT A131 6
DAMAGE COMBAT A132 8
DAMAGE COMBAT B185 5
DAMAGE COMBAT B186 8
DAMAGE COMBAT B187 8
DAMAGE COMBAT B188 8
DAMAGE COMBAT B189 8
DAMAGE COMBAT B190 3
END TURN 276
TURN 277
COMMAND LEFT START
TRAIN 1
COMMAND LEFT END
COMMAND RIGHT START
TRAIN 2
COMMAND RIGHT END
TURN 277 RESULT
TIME LEFT 0 5 RIGHT 0 5
TRAIN A176 B241 B242
MOVE A146 16
MOVE A159 75
MOVE A160 66
MOVE A161 7
MOVE B215 97
DAMAGE TURRET B190 3
DAMAGE COMBAT A133 8
DAMAGE COMBAT A134 1
DAMAGE COMBAT B190 2
DAMAGE COMBAT B191 8
DAMAGE COMBAT B192 8
DAMAGE COMBAT B193 8
DAMAGE COMBAT B194 8
DAMAGE COMBAT B195 5
END TURN 277
TURN 278
COMMAND LEFT START
TRAIN 1
COMMAND LEFT END
COMMAND RIGHT START
TRAIN 2
COMMAND RIGHT END
TURN 278 RESULT
TIME LEFT 3 5 RIGHT 0 5
TRAIN A177 B243 B244
MOVE A146 7
MOVE A159 85
MOVE A160 84
MOVE A161 0
MOVE B215 92
DAMAGE TURRET B195 3
DAMAGE COMBAT A134 4
DAMAGE COMBAT B196 8
DAMAGE COMBAT B197 8
DAMAGE COMBAT B198 8
END TURN 278
TURN 279
COMMAND LEFT START
MOVE A139 79
MOVE A140 79
MOVE A141 79
MOVE A142 79
MOVE A143 79
MOVE A144 79
MOVE A145 79
MOVE A147 79
MOVE A148 79
MOVE A149 79
MOVE A150 79
MOVE A152 79
MOVE A153 79
MOVE A154 79
MOVE A155 79
MOVE A156 79
MOVE A157 79
MOVE A158 79
MOVE A161 79
MOVE A162 79
MOVE A163 79
MOVE A164 79
MOVE A165 79
MOVE A166 79
MOVE A167 79
MOVE A168 79
MOVE A169 79
MOVE A170 79
MOVE A171 79
MOVE A172 79
MOVE A173 79
MOVE A174 79
MOVE A175 79
MOVE A176 79
MOVE A177 79
TRAIN 1
COMMAND LEFT END
COMMAND RIGHT START
MOVE B214 0
MOVE B213 0
MOVE B212 0
MOVE B211 0
MOVE B210 0
MOVE B209 0
MOVE B208 0
MOVE B207 0
MOVE B205 0
MOVE B204 0
MOVE B203 0
MOVE B202 0
MOVE B201 0
MOVE B200 0
MOVE B177 0
MOVE B176 0
MOVE B175 0
MOVE B174 0
MOVE B173 0
MOVE B172 0
MOVE B171 0
MOVE B170 0
MOVE B169 0
MOVE B168 0
MOVE B167 0
MOVE B166 0
MOVE B165 0
MOVE B164 0
MOVE B163 0
MOVE B162 0
MOVE B161 0
MOVE B160 0
MOVE B159 0
MOVE B158 0
MOVE B157 0
COMMAND RIGHT END
TURN 279 RESULT
TIME LEFT 0 5 RIGHT 0 5
TRAIN A178
MOVE A139 7
MOVE A140 7
MOVE A141 7
MOVE A142 7
MOVE A143 7
MOVE A144 7
MOVE A145 7
MOVE A146 0
MOVE A147 7
MOVE A148 7
MOVE A149 7
MOVE A150 7
MOVE A152 7
MOVE A153 7
MOVE A154 7
MOVE A155 7
MOVE A156 7
MOVE A157 7
MOVE A158 7
MOVE A159 92
MOVE A161 7
MOVE A162 7
MOVE A163 7
MOVE A164 7
MOVE A165 7
MOVE A166 7
MOVE A167 7
MOVE A168 7
MOVE A169 7
MOVE A170 7
MOVE A171 7
MOVE A172 7
MOVE A173 7
MOVE A174 7
MOVE A175 7
MOVE A176 7
MOVE A177 7
MOVE B157 81
MOVE B158 81
MOVE B159 81
MOVE B160 81
MOVE B161 81
MOVE B162 81
MOVE B163 81
MOVE B164 81
MOVE B165 81
MOVE B166 81
MOVE B167 81
MOVE B168 81
MOVE B169 81
MOVE B170 81
MOVE B171 81
MOVE B172 81
MOVE B173 81
MOVE B174 81
MOVE B175 81
MOVE B176 81
MOVE B177 81
MOVE B200 81
MOVE B201 81
MOVE B202 81
MOVE B203 81
MOVE B204 81
MOVE B205 81
MOVE B207 81
MOVE B208 81
MOVE B209 81
MOVE B210 81
MOVE B211 81
MOVE B212 81
MOVE B213 81
MOVE B214 81
MOVE B215 73
END TURN 279
TURN 280
COMMAND LEFT START
MOVE A146 79
MOVE A178 79
TRAIN 1
COMMAND LEFT END
COMMAND RIGHT START
MOVE B82 93
MOVE B244 93
MOVE B243 93
MOVE B242 93
MOVE B241 93
MOVE B240 93
MOVE B239 93
MOVE B238 93
MOVE B237 93
TRAIN 2
COMMAND RIGHT END
TURN 280 RESULT
TIME LEFT 0 5 RIGHT 2 5
TRAIN A179 B245 B246
MOVE A139 16
MOVE A140 16
MOVE A141 16
MOVE A142 16
MOVE A143 16
MOVE A144 16
MOVE A145 16
MOVE A146 7
MOVE A147 16
MOVE A148 16
MOVE A149 16
MOVE A150 16
MOVE A152 16
MOVE A153 16
MOVE A154 16
MOVE A155 16
MOVE A156 16
MOVE A157 16
MOVE A158 16
MOVE A161 16
MOVE A162 16
MOVE A163 16
MOVE A164 16
MOVE A165 16
MOVE A166 16
MOVE A167 16
MOVE A168 16
MOVE A169 16
MOVE A170 16
MOVE A171 16
MOVE A172 16
MOVE A173 16
MOVE A174 16
MOVE A175 16
MOVE A176 16
MOVE A177 16
MOVE A178 7
MOVE B82 182
MOVE B157 67
MOVE B158 67
MOVE B159 67
MOVE B160 67
MOVE B161 67
MOVE B162 67
MOVE B163 67
MOVE B164 67
MOVE B165 67
MOVE B166 67
MOVE B167 67
MOVE B168 67
MOVE B169 67
MOVE B170 67
MOVE B171 67
MOVE B172 67
MOVE B173 67
MOVE B174 67
MOVE B175 67
MOVE B176 67
MOVE B177 67
MOVE B200 67
MOVE B201 67
MOVE B202 67
MOVE B203 67
MOVE B204 67
MOVE B205 67
MOVE B207 67
MOVE B208 67
MOVE B209 67
MOVE B210 67
MOVE B211 67
MOVE B212 67
MOVE B213 67
MOVE B214 67
MOVE B215 64
MOVE B237 182
MOVE B238 182
MOVE B239 182
MOVE B240 182
MOVE B241 182
MOVE B242 182
MOVE B243 182
MOVE B244 182
END TURN 280
TURN 281
COMMAND LEFT START
MOVE A179 79
TRAIN 2
COMMAND LEFT END
COMMAND RIGHT START
MOVE B246 93
MOVE B245 93
TRAIN 2
COMMAND RIGHT END
TURN 281 RESULT
TIME LEFT 0 5 RIGHT 2 5
TRAIN A180 A181 B247 B248
MOVE A139 26
MOVE A140 26
MOVE A141 26
MOVE A142 26
MOVE A143 26
MOVE A144 26
MOVE A145 26
MOVE A146 16
MOVE A147 26
MOVE A148 26
MOVE A149 26
MOVE A150 26
MOVE A152 26
MOVE A153 26
MOVE A154 26
MOVE A155 26
MOVE A156 26
MOVE A157 26
MOVE A158 26
MOVE A161 26
MOVE A162 26
MOVE A163 26
MOVE A164 26
MOVE A165 26
MOVE A166 26
MOVE A167 26
MOVE A168 26
MOVE A169 26
MOVE A170 26
MOVE A171 26
MOVE A172 26
MOVE A173 26
MOVE A174 26
MOVE A175 26
MOVE A176 26
MOVE A177 26
MOVE A178 16
MOVE A179 7
MOVE B82 177
MOVE B157 46
MOVE B158 46
MOVE B159 46
MOVE B160 46
MOVE B161 46
MOVE B162 46
MOVE B163 46
MOVE B164 46
MOVE B165 46
MOVE B166 46
MOVE B167 46
MOVE B168 46
MOVE B169 46
MOVE B170 46
MOVE B171 46
MOVE B172 46
MOVE B173 46
MOVE B174 46
MOVE B175 46
MOVE B176 46
MOVE B177 46
MOVE B200 46
MOVE B201 46
MOVE B202 46
MOVE B203 46
MOVE B204 46
MOVE B205 46
MOVE B207 46
MOVE B208 46
MOVE B209 46
MOVE B210 46
MOVE B211 46
MOVE B212 46
MOVE B213 46
MOVE B214 46
MOVE B215 58
MOVE B237 177
MOVE B238 177
MOVE B239 177
MOVE B240 177
MOVE B241 177
MOVE B242 177
MOVE B243 177
MOVE B244 177
MOVE B245 182
MOVE B246 182
END TURN 281
TURN 282
COMMAND LEFT START
MOVE A2 0
MOVE A4 0
MOVE A5 0
TRAIN 1
COMMAND LEFT END
COMMAND RIGHT START
MOVE B248 79
TRAIN 2
COMMAND RIGHT END
TURN 282 RESULT
TIME LEFT 0 5 RIGHT 0 5
TRAIN A182 B249 B250
MOVE A2 6
MOVE A4 6
MOVE A5 6
MOVE A139 27
MOVE A140 27
MOVE A141 27
MOVE A142 27
MOVE A143 27
MOVE A144 27
MOVE A145 27
MOVE A146 26
MOVE A147 27
MOVE A148 27
MOVE A149 27
MOVE A150 27
MOVE A152 27
MOVE A153 27
MOVE A154 27
MOVE A155 27
MOVE A156 27
MOVE A157 27
MOVE A158 27
MOVE A161 27
MOVE A162 27
MOVE A163 27
MOVE A164 27
MOVE A165 27
MOVE A166 27
MOVE A167 27
MOVE A168 27
MOVE A169 27
MOVE A170 27
MOVE A171 27
MOVE A172 27
MOVE A173 27
MOVE A174 27
MOVE A175 27
MOVE A176 27
MOVE A177 27
MOVE A178 26
MOVE A179 16
MOVE B82 167
MOVE B157 36
MOVE B158 36
MOVE B159 36
MOVE B160 36
MOVE B161 36
MOVE B162 36
MOVE B163 36
MOVE B164 36
MOVE B165 36
MOVE B166 36
MOVE B167 36
MOVE B168 36
MOVE B169 36
MOVE B170 36
MOVE B171 36
MOVE B172 36
MOVE B173 36
MOVE B174 36
MOVE B175 36
MOVE B176 36
MOVE B177 36
MOVE B200 36
MOVE B201 36
MOVE B202 36
MOVE B203 36
MOVE B204 36
MOVE B205 36
MOVE B207 36
MOVE B208 36
MOVE B209 36
MOVE B210 36
MOVE B211 36
MOVE B212 36
MOVE B213 36
MOVE B214 36
MOVE B215 51
MOVE B237 167
MOVE B238 167
MOVE B239 167
MOVE B240 167
MOVE B241 167
MOVE B242 167
MOVE B243 167
MOVE B244 167
MOVE B245 177
MOVE B246 177
MOVE B248 182
END TURN 282
TURN 283
COMMAND LEFT START
MOVE A160 10
COMMAND LEFT END
COMMAND RIGHT START
TRAIN 3
COMMAND RIGHT END
TURN 283 RESULT
TIME LEFT 0 5 RIGHT 0 5
TRAIN B251 B252 B253
MOVE A2 2
MOVE A4 2
MOVE A5 2
MOVE A139 42
MOVE A140 42
MOVE A141 42
MOVE A142 42
MOVE A143 42
MOVE A144 42
MOVE A145 42
MOVE A146 27
MOVE A147 42
MOVE A148 42
MOVE A149 42
MOVE A150 42
MOVE A152 42
MOVE A153 42
MOVE A154 42
MOVE A155 42
MOVE A156 42
MOVE A157 42
MOVE A158 42
MOVE A160 66
MOVE A161 42
MOVE A162 42
MOVE A163 42
MOVE A164 42
MOVE A165 42
MOVE A166 42
MOVE A167 42
MOVE A168 42
MOVE A169 42
MOVE A170 42
MOVE A171 42
MOVE A172 42
MOVE A173 42
MOVE A174 42
MOVE A175 42
MOVE A176 42
MOVE A177 42
MOVE A178 27
MOVE A179 26
MOVE B82 150
MOVE B157 19
MOVE B158 19
MOVE B159 19
MOVE B160 19
MOVE B161 19
MOVE B162 19
MOVE B163 19
MOVE B164 19
MOVE B165 19
MOVE B166 19
MOVE B167 19
MOVE B168 19
MOVE B169 19
MOVE B170 19
MOVE B171 19
MOVE B172 19
MOVE B173 19
MOVE B174 19
MOVE B175 19
MOVE B176 19
MOVE B177 19
MOVE B200 19
MOVE B201 19
MOVE B202 19
MOVE B203 19
MOVE B204 19
MOVE B205 19
MOVE B207 19
MOVE B208 19
MOVE B209 19
MOVE B210 19
MOVE B211 19
MOVE B212 19
MOVE B213 19
MOVE B214 19
MOVE B215 53
MOVE B237 150
MOVE B238 150
MOVE B239 150
MOVE B240 150
MOVE B241 150
MOVE B242 150
MOVE B243 150
MOVE B244 150
MOVE B245 167
MOVE B246 167
MOVE B248 173
DAMAGE TURRET B215 2
DAMAGE COMBAT A21 1
DAMAGE COMBAT B215 3
END TURN 283
TURN 284
COMMAND LEFT START
MOVE A159 53
TRAIN 1
COMMAND LEFT END
COMMAND RIGHT START
TRAIN 2
COMMAND RIGHT END
TURN 284 RESULT
TIME LEFT 0 5 RIGHT 0 5
TRAIN A183 B254 B255
MOVE A2 0
MOVE A4 0
MOVE A5 0
MOVE A139 60
MOVE A140 60
MOVE A141 60
MOVE A142 60
MOVE A143 60
MOVE A144 60
MOVE A145 60
MOVE A146 42
MOVE A147 60
MOVE A148 60
MOVE A149 60
MOVE A150 60
MOVE A152 60
MOVE A153 60
MOVE A154 60
MOVE A155 60
MOVE A156 60
MOVE A157 60
MOVE A158 60
MOVE A159 73
MOVE A160 63
MOVE A161 60
MOVE A162 60
MOVE A163 60
MOVE A164 60
MOVE A165 60
MOVE A166 60
MOVE A167 60
MOVE A168 60
MOVE A169 60
MOVE A170 60
MOVE A171 60
MOVE A172 60
MOVE A173 60
MOVE A174 60
MOVE A175 60
MOVE A176 60
MOVE A177 60
MOVE A178 42
MOVE A179 27
MOVE B82 140
MOVE B157 9
MOVE B158 9
MOVE B159 9
MOVE B160 9
MOVE B161 9
MOVE B162 9
MOVE B163 9
MOVE B164 9
MOVE B165 9
MOVE B166 9
MOVE B167 9
MOVE B168 9
MOVE B169 9
MOVE B170 9
MOVE B171 9
MOVE B172 9
MOVE B173 9
MOVE B174 9
MOVE B175 9
MOVE B176 9
MOVE B177 9
MOVE B200 9
MOVE B201 9
MOVE B202 9
MOVE B203 9
MOVE B204 9
MOVE B205 9
MOVE B207 9
MOVE B208 9
MOVE B209 9
MOVE B210 9
MOVE B211 9
MOVE B212 9
MOVE B213 9
MOVE B214 9
MOVE B237 140
MOVE B238 140
MOVE B239 140
MOVE B240 140
MOVE B241 140
MOVE B242 140
MOVE B243 140
MOVE B244 140
MOVE B245 150
MOVE B246 150
MOVE B248 162
DAMAGE TURRET B215 2
DAMAGE COMBAT A93 1
DAMAGE COMBAT B215 1
END TURN 284
TURN 285
COMMAND LEFT START
TRAIN 1
COMMAND LEFT END
COMMAND RIGHT START
TRAIN 2
COMMAND RIGHT END
TURN 285 RESULT
TIME LEFT 0 5 RIGHT 0 5
TRAIN A184 B256 B257
MOVE A139 79
MOVE A140 79
MOVE A141 79
MOVE A142 79
MOVE A143 79
MOVE A144 79
MOVE A145 79
MOVE A146 60
MOVE A147 79
MOVE A148 79
MOVE A149 79
MOVE A150 79
MOVE A152 79
MOVE A153 79
MOVE A154 79
MOVE A155 79
MOVE A156 79
MOVE A157 79
MOVE A158 79
MOVE A159 64
MOVE A160 59
MOVE A161 79
MOVE A162 79
MOVE A163 79
MOVE A164 79
MOVE A165 79
MOVE A166 79
MOVE A167 79
MOVE A168 79
MOVE A169 79
MOVE A170 79
MOVE A171 79
MOVE A172 79
MOVE A173 79
MOVE A174 79
MOVE A175 79
MOVE A176 79
MOVE A177 79
MOVE A178 60
MOVE A179 42
MOVE B82 119
MOVE B157 4
MOVE B158 4
MOVE B159 4
MOVE B160 4
MOVE B161 4
MOVE B162 4
MOVE B163 4
MOVE B164 4
MOVE B165 4
MOVE B166 4
MOVE B167 4
MOVE B168 4
MOVE B169 4
MOVE B170 4
MOVE B171 4
MOVE B172 4
MOVE B173 4
MOVE B174 4
MOVE B175 4
MOVE B176 4
MOVE B177 4
MOVE B200 4
MOVE B201 4
MOVE B202 4
MOVE B203 4
MOVE B204 4
MOVE B205 4
MOVE B207 4
MOVE B208 4
MOVE B209 4
MOVE B210 4
MOVE B211 4
MOVE B212 4
MOVE B213 4
MOVE B214 4
MOVE B237 119
MOVE B238 119
MOVE B239 119
MOVE B240 119
MOVE B241 119
MOVE B242 119
MOVE B243 119
MOVE B244 119
MOVE B245 140
MOVE B246 140
MOVE B248 142
END TURN 285
TURN 286
COMMAND LEFT START
MOVE A139 0
MOVE A140 0
MOVE A141 0
MOVE A142 0
MOVE A143 0
MOVE A144 0
MOVE A145 0
MOVE A147 0
MOVE A148 0
MOVE A149 0
MOVE A150 0
MOVE A152 0
MOVE A153 0
MOVE A154 0
MOVE A155 0
MOVE A156 0
MOVE A157 0
MOVE A158 0
MOVE A161 0
MOVE A162 0
MOVE A163 0
MOVE A164 0
MOVE A165 0
MOVE A166 0
MOVE A167 0
MOVE A168 0
MOVE A169 0
MOVE A170 0
MOVE A171 0
MOVE A172 0
MOVE A173 0
MOVE A174 0
MOVE A175 0
MOVE A176 0
MOVE A177 0
COMMAND LEFT END
COMMAND RIGHT START
TRAIN 2
COMMAND RIGHT END
TURN 286 RESULT
TIME LEFT 2 5 RIGHT 2 5
TRAIN B258 B259
MOVE A139 60
MOVE A140 60
MOVE A141 60
MOVE A142 60
MOVE A143 60
MOVE A144 60
MOVE A145 60
MOVE A146 79
MOVE A147 60
MOVE A148 60
MOVE A149 60
MOVE A150 60
MOVE A152 60
MOVE A153 60
MOVE A154 60
MOVE A155 60
MOVE A156 60
MOVE A157 60
MOVE A158 60
MOVE A159 58
MOVE A160 50
MOVE A161 60
MOVE A162 60
MOVE A163 60
MOVE A164 60
MOVE A165 60
MOVE A166 60
MOVE A167 60
MOVE A168 60
MOVE A169 60
MOVE A170 60
MOVE A171 60
MOVE A172 60
MOVE A173 60
MOVE A174 60
MOVE A175 60
MOVE A176 60
MOVE A177 60
MOVE A178 79
MOVE A179 60
MOVE B82 105
MOVE B157 0
MOVE B158 0
MOVE B159 0
MOVE B160 0
MOVE B161 0
MOVE B162 0
MOVE B163 0
MOVE B164 0
MOVE B165 0
MOVE B166 0
MOVE B167 0
MOVE B168 0
MOVE B169 0
MOVE B170 0
MOVE B171 0
MOVE B172 0
MOVE B173 0
MOVE B174 0
MOVE B175 0
MOVE B176 0
MOVE B177 0
MOVE B200 0
MOVE B201 0
MOVE B202 0
MOVE B203 0
MOVE B204 0
MOVE B205 0
MOVE B207 0
MOVE B208 0
MOVE B209 0
MOVE B210 0
MOVE B211 0
MOVE B212 0
MOVE B213 0
MOVE B214 0
MOVE B237 105
MOVE B238 105
MOVE B239 105
MOVE B240 105
MOVE B241 105
MOVE B242 105
MOVE B243 105
MOVE B244 105
MOVE B245 119
MOVE B246 119
MOVE B248 131
DAMAGE TURRET B157 3
DAMAGE COMBAT A2 1
DAMAGE COMBAT A4 5
DAMAGE COMBAT A5 5
DAMAGE COMBAT A134 3
DAMAGE COMBAT A135 8
DAMAGE COMBAT A136 8
DAMAGE COMBAT A137 5
DAMAGE COMBAT B157 5
DAMAGE COMBAT B158 8
END TURN 286
TURN 287
COMMAND LEFT START
MOVE A146 0
MOVE A178 0
TRAIN 1
COMMAND LEFT END
COMMAND RIGHT START
TRAIN 2
COMMAND RIGHT END
TURN 287 RESULT
TIME LEFT 0 5 RIGHT 2 5
TRAIN A185 B260 B261
MOVE A139 42
MOVE A140 42
MOVE A141 42
MOVE A142 42
MOVE A143 42
MOVE A144 42
MOVE A145 42
MOVE A146 60
MOVE A147 42
MOVE A148 42
MOVE A149 42
MOVE A150 42
MOVE A152 42
MOVE A153 42
MOVE A154 42
MOVE A155 42
MOVE A156 42
MOVE A157 42
MOVE A158 42
MOVE A159 51
MOVE A160 42
MOVE A161 42
MOVE A162 42
MOVE A163 42
MOVE A164 42
MOVE A165 42
MOVE A166 42
MOVE A167 42
MOVE A168 42
MOVE A169 42
MOVE A170 42
MOVE A171 42
MOVE A172 42
MOVE A173 42
MOVE A174 42
MOVE A175 42
MOVE A176 42
MOVE A177 42
MOVE A178 60
MOVE A179 79
MOVE B82 93
MOVE B237 93
MOVE B238 93
MOVE B239 93
MOVE B240 93
MOVE B241 93
MOVE B242 93
MOVE B243 93
MOVE B244 93
MOVE B245 105
MOVE B246 105
MOVE B248 121
DAMAGE TURRET B159 3
DAMAGE COMBAT A137 3
DAMAGE COMBAT A138 8
DAMAGE COMBAT A180 8
DAMAGE COMBAT A181 8
DAMAGE COMBAT A182 6
DAMAGE COMBAT B159 5
DAMAGE COMBAT B160 3
END TURN 287
TURN 288
COMMAND LEFT START
MOVE A179 0
TRAIN 1
COMMAND LEFT END
COMMAND RIGHT START
TRAIN 2
COMMAND RIGHT END
TURN 288 RESULT
TIME LEFT 0 5 RIGHT 1 5
TRAIN A186 B262 B263
MOVE A139 27
MOVE A140 27
MOVE A141 27
MOVE A142 27
MOVE A143 27
MOVE A144 27
MOVE A145 27
MOVE A146 42
MOVE A147 27
MOVE A148 27
MOVE A149 27
MOVE A150 27
MOVE A152 27
MOVE A153 27
MOVE A154 27
MOVE A155 27
MOVE A156 27
MOVE A157 27
MOVE A158 27
MOVE A159 53
MOVE A160 38
MOVE A161 27
MOVE A162 27
MOVE A163 27
MOVE A164 27
MOVE A165 27
MOVE A166 27
MOVE A167 27
MOVE A168 27
MOVE A169 27
MOVE A170 27
MOVE A171 27
MOVE A172 27
MOVE A173 27
MOVE A174 27
MOVE A175 27
MOVE A176 27
MOVE A177 27
MOVE A178 42
MOVE A179 60
MOVE B245 93
MOVE B246 93
MOVE B248 94
DAMAGE TURRET B160 3
DAMAGE COMBAT A182 2
DAMAGE COMBAT A183 8
DAMAGE COMBAT A184 8
DAMAGE COMBAT A185 8
DAMAGE COMBAT A186 6
DAMAGE COMBAT B160 2
DAMAGE COMBAT B161 3
END TURN 288
TURN 289
COMMAND LEFT START
COMMAND LEFT END
COMMAND RIGHT START
MOVE B246 53
TRAIN 2
COMMAND RIGHT END
TURN 289 RESULT
TIME LEFT 0 5 RIGHT 1 5
TRAIN B264 B265
MOVE A139 26
MOVE A140 26
MOVE A141 26
MOVE A142 26
MOVE A143 26
MOVE A144 26
MOVE A145 26
MOVE A146 27
MOVE A147 26
MOVE A148 26
MOVE A149 26
MOVE A150 26
MOVE A152 26
MOVE A153 26
MOVE A154 26
MOVE A155 26
MOVE A156 26
MOVE A157 26
MOVE A158 26
MOVE A160 36
MOVE A161 26
MOVE A162 26
MOVE A163 26
MOVE A164 26
MOVE A165 26
MOVE A166 26
MOVE A167 26
MOVE A168 26
MOVE A169 26
MOVE A170 26
MOVE A171 26
MOVE A172 26
MOVE A173 26
MOVE A174 26
MOVE A175 26
MOVE A176 26
MOVE A177 26
MOVE A178 27
MOVE A179 42
MOVE B246 95
MOVE B248 88
DAMAGE TURRET B161 3
DAMAGE COMBAT A186 2
DAMAGE COMBAT B161 1
SIEGE A 0 29
END TURN 289
TURN 290
COMMAND LEFT START
TRAIN 1
COMMAND LEFT END
COMMAND RIGHT START
MOVE B265 93
TRAIN 3
COMMAND RIGHT END
TURN 290 RESULT
TIME LEFT 0 5 RIGHT 2 5
TRAIN A187 B266 B267 B268
MOVE A139 16
MOVE A140 16
MOVE A141 16
MOVE A142 16
MOVE A143 16
MOVE A144 16
MOVE A145 16
MOVE A146 26
MOVE A147 16
MOVE A148 16
MOVE A149 16
MOVE A150 16
MOVE A152 16
MOVE A153 16
MOVE A154 16
MOVE A155 16
MOVE A156 16
MOVE A157 16
MOVE A158 16
MOVE A160 28
MOVE A161 16
MOVE A162 16
MOVE A163 16
MOVE A164 16
MOVE A165 16
MOVE A166 16
MOVE A167 16
MOVE A168 16
MOVE A169 16
MOVE A170 16
MOVE A171 16
MOVE A172 16
MOVE A173 16
MOVE A174 16
MOVE A175 16
MOVE A176 16
MOVE A177 16
MOVE A178 26
MOVE A179 27
MOVE B246 97
MOVE B248 79
MOVE B265 182
DAMAGE TURRET B161 1
DAMAGE TURRET B162 2
DAMAGE TURRET B248 2
DAMAGE COMBAT A17 1
DAMAGE COMBAT A187 8
DAMAGE COMBAT B162 1
DAMAGE COMBAT B248 3
SIEGE A 0 1
END TURN 290
RESULT RIGHT_WIN HQ_DESTROYED
