[LEFT ""]
[RIGHT ""]
MAP
207 17
-11152 -10943 -10759 -10217 -9611 -9798 -9759 -9058 -9607 -8300 -8877 -8381 -8346 -8805 -9078 -7658 -7435 -7266 -7401 -8222 -8048 -7110 -7278 -7225 -6872 -7081 -6760 -6824 -6532 -6722 -6145 -6606 -6019 -6088 -5882 -5880 -5694 -6510 -5869 -5533 -6174 -5143 -4870 -4790 -4834 -4900 -4989 -4743 -4791 -4665 -4626 -4549 -4441 -4631 -3988 -4318 -4196 -3787 -3705 -3783 -3581 -3560 -3455 -3393 -3522 -3477 -3144 -2724 -2693 -2530 -2706 -2697 -2459 -2467 -2460 -2520 -2452 -2465 -2510 -2334 -1675 -1586 -1822 -1604 -1688 -1182 -1365 -1562 -987 -1032 -1049 -670 -1174 -1204 -892 -864 -1002 -514 -470 -14 -237 -139 425 0 -425 139 237 14 470 514 1002 864 892 1204 1174 670 1049 1032 987 1562 1365 1182 1688 1604 1822 1586 1675 2334 2510 2465 2452 2520 2460 2467 2459 2697 2706 2530 2693 2724 3144 3477 3522 3393 3455 3560 3581 3783 3705 3787 4196 4318 3988 4631 4441 4549 4626 4665 4791 4743 4989 4900 4834 4790 4870 5143 6174 5533 5869 6510 5694 5880 5882 6088 6019 6606 6145 6722 6532 6824 6760 7081 6872 7225 7278 7110 8048 8222 7401 7266 7435 7658 9078 8805 8346 8381 8877 8300 9607 9058 9759 9798 9611 10217 10759 10943 11152
-2015 1000 3304 -3708 2170 -1000 4306 50 5581 -1638 -4115 2410 1292 6410 -5809 4212 605 3012 1863 7617 -7008 5006 -658 -3090 -5165 -2013 5774 -4134 1600 7694 -2796 -7265 -936 4065 5889 -4960 1612 -9010 276 -2015 8974 -3968 5063 -5219 152 6334 3215 7345 1622 -3026 -7723 -6419 -1855 10062 2455 -861 -10190 6262 134 1248 -7576 -5719 7777 -1524 4057 -3260 9229 1367 -7920 -315 7045 -5263 -1901 -3930 -6650 4894 5829 2824 10342 -9204 3881 -5490 7884 6660 2041 8659 -2448 -10034 -7923 1149 -6943 7591 49 10988 -3483 -1200 5382 2437 -5757 4792 6688 3868 10675 0 -10675 -3868 -6688 -4792 5757 -2437 -5382 1200 3483 -10988 -49 -7591 6943 -1149 7923 10034 2448 -8659 -2041 -6660 -7884 5490 -3881 9204 -10342 -2824 -5829 -4894 6650 3930 1901 5263 -7045 315 7920 -1367 -9229 3260 -4057 1524 -7777 5719 7576 -1248 -134 -6262 10190 861 -2455 -10062 1855 6419 7723 3026 -1622 -7345 -3215 -6334 -152 5219 -5063 3968 -8974 2015 -276 9010 -1612 4960 -5889 -4065 936 7265 2796 -7694 -1600 4134 -5774 2013 5165 3090 658 -5006 7008 -7617 -1863 -3012 -605 -4212 5809 -6410 -1292 -2410 4115 1638 -5581 -50 -4306 1000 -2170 3708 -3304 -1000 2015
STRONGHOLDS 31 40 48 67 82 86 90 102 103 104 116 120 124 139 158 166 175
3 1 3 5
5 0 2 4 5 7
4 1 4 6 8
5 0 5 9 10 14
6 1 2 6 7 11 12
5 0 1 3 7 9
5 2 4 8 11 15
7 1 4 5 9 12 16 22
4 2 6 13 15
7 3 5 7 10 22 23 25
6 3 9 14 23 24 27
6 4 6 12 15 17 18
5 4 7 11 16 18
5 8 15 19 21 26
4 3 10 20 24
7 6 8 11 13 17 21 33
6 7 12 18 22 28 38
7 11 15 18 28 33 36 46
5 11 12 16 17 28
4 13 26 29 40
4 14 24 31 37
5 13 15 26 33 34
6 7 9 16 25 32 38
5 9 10 25 27 30
6 10 14 20 27 31 35
6 9 22 23 30 32 39
5 13 19 21 29 34
6 10 23 24 30 35 41
5 16 17 18 36 38
5 19 26 34 40 47
6 23 25 27 39 41 49
6 20 24 35 37 50 51
6 22 25 38 39 44 55
6 15 17 21 34 42 46
7 21 26 29 33 42 45 47
6 24 27 31 41 43 51
6 17 28 38 44 46 48
4 20 31 50 56
6 16 22 28 32 36 44
6 25 30 32 49 52 55
4 19 29 47 53
6 27 30 35 43 49 65
6 33 34 45 46 57 64
5 35 41 51 61 65
7 32 36 38 48 55 58 59
4 34 42 47 57
7 17 33 36 42 48 54 64
7 29 34 40 45 53 57 62
5 36 44 46 54 59
5 30 39 41 52 65
5 31 37 51 56 60
6 31 35 43 50 60 61
5 39 49 55 63 65
5 40 47 62 66 78
6 46 48 59 64 67 77
6 32 39 44 52 58 63
5 37 50 60 79 87
8 42 45 47 62 64 70 75 76
6 44 55 59 63 67 69
5 44 48 54 58 67
7 50 51 56 61 68 74 79
6 43 51 60 65 71 74
6 47 53 57 66 70 82
6 52 55 58 65 69 72
7 42 46 54 57 75 77 80
9 41 43 49 52 61 63 71 72 73
5 53 62 78 82 85
8 54 58 59 69 77 84 89 92
5 60 74 79 88 90
6 58 63 67 72 92 95
5 57 62 76 82 83
5 61 65 73 74 81
6 63 65 69 73 86 95
6 65 71 72 81 86 94
6 60 61 68 71 81 90
5 57 64 76 80 96
5 57 70 75 83 96
5 54 64 67 80 84
4 53 66 85 93
5 56 60 68 87 88
7 64 75 77 84 96 97 101
7 71 73 74 90 94 98 107
6 62 66 70 83 85 91
6 70 76 82 91 96 100
5 67 77 80 89 97
7 66 78 82 91 93 102 118
5 72 73 94 95 109
4 56 79 88 104
8 68 79 87 90 104 106 115 121
6 67 84 92 97 103 111
6 68 74 81 88 98 106
5 82 83 85 100 118
5 67 69 89 95 103
3 78 85 102
6 73 81 86 105 107 109
7 69 72 86 92 103 109 117
8 75 76 80 83 99 100 101 108
7 80 84 89 101 111 112 120
5 81 90 106 107 110
5 96 101 108 112 125
6 83 91 96 108 116 118
5 80 96 97 99 112
4 85 93 118 119
6 89 92 95 111 114 117
4 87 88 113 121
5 94 107 109 110 126
6 88 90 98 110 115 123
5 81 94 98 105 110
5 96 99 100 116 125
7 86 94 95 105 117 122 126
8 98 105 106 107 123 126 130 131
7 89 97 103 114 120 134 137
6 97 99 101 120 125 133
3 104 121 128
5 103 111 117 137 139
5 88 106 121 123 124
6 100 108 118 125 132 138
6 95 103 109 114 122 139
8 85 91 100 102 116 119 127 138
4 102 118 127 150
5 97 111 112 133 134
7 88 104 113 115 124 128 140
5 109 117 126 129 139
6 106 110 115 124 130 136
6 115 121 123 136 140 144
7 99 108 112 116 132 133 135
7 105 109 110 122 129 131 142
5 118 119 138 146 150
4 113 121 140 153
5 122 126 139 142 152
5 110 123 131 136 149
5 110 126 130 142 149
6 116 125 135 138 145 146
6 112 120 125 134 135 141
6 111 120 133 137 141 143
5 125 132 133 141 145
5 123 124 130 144 149
6 111 114 134 139 143 148
5 116 118 127 132 146
8 114 117 122 129 137 147 148 152
5 121 124 128 144 153
9 133 134 135 143 145 154 157 163 165
7 126 129 131 149 152 160 164
6 134 137 141 148 151 154
6 124 136 140 149 153 159
6 132 135 141 146 155 163
7 127 132 138 145 150 155 156
5 139 148 152 158 162
6 137 139 143 147 151 162
8 130 131 136 142 144 159 161 164
5 119 127 146 156 169
6 143 148 154 162 167 174
6 129 139 142 147 158 160
5 128 140 144 159 166
5 141 143 151 157 167
6 145 146 156 163 171 175
5 146 150 155 169 175
5 141 154 165 167 176
5 147 152 160 162 170
7 144 149 153 161 166 172 177
7 142 152 158 164 170 173 189
4 149 159 164 172
7 147 148 151 158 168 170 174
5 141 145 155 165 171
6 142 149 160 161 172 173
6 141 157 163 171 176 179
4 153 159 177 187
6 151 154 157 174 176 181
6 162 170 174 178 184 190
4 150 156 175 186
6 158 160 162 168 178 189
6 155 163 165 175 179 182
7 159 161 164 173 177 180 185
6 160 164 172 185 189 191
6 151 162 167 168 181 184
6 155 156 169 171 182 186
6 157 165 167 179 181 183
5 159 166 172 180 187
5 168 170 188 189 190
6 165 171 176 182 183 196
5 172 177 185 187 193
6 167 174 176 183 184 197
6 171 175 179 186 192 196
5 176 179 181 196 197
6 168 174 181 190 197 199
5 172 173 180 191 193
4 169 175 182 192
4 166 177 180 193
5 178 189 190 194 195
7 160 170 173 178 188 191 195
6 168 178 184 188 194 199
7 173 185 189 193 195 198 200
4 182 186 196 203
5 180 185 187 191 198
5 188 190 195 199 202
6 188 189 191 194 200 202
6 179 182 183 192 197 203
7 181 183 184 196 199 201 203
4 191 193 200 204
7 184 190 194 197 201 202 205
5 191 195 198 202 204
5 197 199 203 205 206
6 194 195 199 200 204 205
5 192 196 197 201 206
4 198 200 202 205
5 199 201 202 204 206
3 201 203 205
END MAP
TURN 1
COMMAND LEFT START
MOVE A1 103
MOVE A2 103
UPGRADE 0
TRAIN 1
COMMAND LEFT END
COMMAND RIGHT START
MOVE B2 175
COMMAND RIGHT END
TURN 1 RESULT
TIME LEFT 7 5 RIGHT 0 5
UPGRADE A 0
TRAIN A4
MOVE A1 5
MOVE A2 5
MOVE B2 203
END TURN 1
TURN 2
COMMAND LEFT START
COMMAND LEFT END
COMMAND RIGHT START
COMMAND RIGHT END
TURN 2 RESULT
TIME LEFT 0 5 RIGHT 0 5
MOVE A1 7
MOVE A2 7
MOVE B2 192
END TURN 2
TURN 3
COMMAND LEFT START
COMMAND LEFT END
COMMAND RIGHT START
COMMAND RIGHT END
TURN 3 RESULT
TIME LEFT 0 5 RIGHT 0 5
MOVE A1 16
MOVE A2 16
MOVE B2 186
END TURN 3
TURN 4
COMMAND LEFT START
COMMAND LEFT END
COMMAND RIGHT START
COMMAND RIGHT END
TURN 4 RESULT
TIME LEFT 0 5 RIGHT 0 5
MOVE A1 38
MOVE A2 38
MOVE B2 175
END TURN 4
TURN 5
COMMAND LEFT START
COMMAND LEFT END
COMMAND RIGHT START
UPGRADE 175
COMMAND RIGHT END
TURN 5 RESULT
TIME LEFT 0 5 RIGHT 0 5
UPGRADE B 175
MOVE A1 44
MOVE A2 44
END TURN 5
TURN 6
COMMAND LEFT START
COMMAND LEFT END
COMMAND RIGHT START
MOVE B3 158
COMMAND RIGHT END
TURN 6 RESULT
TIME LEFT 0 5 RIGHT 0 5
MOVE A1 58
MOVE A2 58
MOVE B3 201
END TURN 6
TURN 7
COMMAND LEFT START
COMMAND LEFT END
COMMAND RIGHT START
COMMAND RIGHT END
TURN 7 RESULT
TIME LEFT 0 5 RIGHT 0 5
MOVE A1 69
MOVE A2 69
MOVE B3 199
END TURN 7
TURN 8
COMMAND LEFT START
COMMAND LEFT END
COMMAND RIGHT START
COMMAND RIGHT END
TURN 8 RESULT
TIME LEFT 0 5 RIGHT 0 5
MOVE A1 92
MOVE A2 92
MOVE B3 190
END TURN 8
TURN 9
COMMAND LEFT START
COMMAND LEFT END
COMMAND RIGHT START
COMMAND RIGHT END
TURN 9 RESULT
TIME LEFT 0 5 RIGHT 0 5
MOVE A1 103
MOVE A2 103
MOVE B3 178
END TURN 9
TURN 10
COMMAND LEFT START
COMMAND LEFT END
COMMAND RIGHT START
COMMAND RIGHT END
TURN 10 RESULT
TIME LEFT 0 5 RIGHT 0 5
MOVE B3 170
END TURN 10
TURN 11
COMMAND LEFT START
COMMAND LEFT END
COMMAND RIGHT START
COMMAND RIGHT END
TURN 11 RESULT
TIME LEFT 0 5 RIGHT 0 5
MOVE B3 158
END TURN 11
TURN 12
COMMAND LEFT START
COMMAND LEFT END
COMMAND RIGHT START
COMMAND RIGHT END
TURN 12 RESULT
TIME LEFT 0 5 RIGHT 0 5
END TURN 12
TURN 13
COMMAND LEFT START
COMMAND LEFT END
COMMAND RIGHT START
COMMAND RIGHT END
TURN 13 RESULT
TIME LEFT 0 5 RIGHT 0 5
END TURN 13
TURN 14
COMMAND LEFT START
COMMAND LEFT END
COMMAND RIGHT START
COMMAND RIGHT END
TURN 14 RESULT
TIME LEFT 0 5 RIGHT 0 5
END TURN 14
TURN 15
COMMAND LEFT START
COMMAND LEFT END
COMMAND RIGHT START
COMMAND RIGHT END
TURN 15 RESULT
TIME LEFT 0 5 RIGHT 0 5
END TURN 15
TURN 16
COMMAND LEFT START
COMMAND LEFT END
COMMAND RIGHT START
UPGRADE 158
COMMAND RIGHT END
TURN 16 RESULT
TIME LEFT 0 5 RIGHT 0 5
UPGRADE B 158
END TURN 16
TURN 17
COMMAND LEFT START
COMMAND LEFT END
COMMAND RIGHT START
COMMAND RIGHT END
TURN 17 RESULT
TIME LEFT 0 5 RIGHT 0 5
END TURN 17
TURN 18
COMMAND LEFT START
COMMAND LEFT END
COMMAND RIGHT START
COMMAND RIGHT END
TURN 18 RESULT
TIME LEFT 0 5 RIGHT 0 5
END TURN 18
TURN 19
COMMAND LEFT START
COMMAND LEFT END
COMMAND RIGHT START
TRAIN 1
COMMAND RIGHT END
TURN 19 RESULT
TIME LEFT 0 5 RIGHT 0 5
TRAIN B4
END TURN 19
TURN 20
COMMAND LEFT START
COMMAND LEFT END
COMMAND RIGHT START
MOVE B4 166
COMMAND RIGHT END
TURN 20 RESULT
TIME LEFT 0 5 RIGHT 0 5
MOVE B4 201
END TURN 20
TURN 21
COMMAND LEFT START
COMMAND LEFT END
COMMAND RIGHT START
COMMAND RIGHT END
TURN 21 RESULT
TIME LEFT 0 5 RIGHT 0 5
MOVE B4 199
END TURN 21
TURN 22
COMMAND LEFT START
COMMAND LEFT END
COMMAND RIGHT START
COMMAND RIGHT END
TURN 22 RESULT
TIME LEFT 0 5 RIGHT 0 5
MOVE B4 194
END TURN 22
TURN 23
COMMAND LEFT START
COMMAND LEFT END
COMMAND RIGHT START
COMMAND RIGHT END
TURN 23 RESULT
TIME LEFT 0 5 RIGHT 0 5
MOVE B4 195
END TURN 23
TURN 24
COMMAND LEFT START
UPGRADE 103
COMMAND LEFT END
COMMAND RIGHT START
COMMAND RIGHT END
TURN 24 RESULT
TIME LEFT 0 5 RIGHT 1 5
UPGRADE A 103
MOVE B4 191
END TURN 24
TURN 25
COMMAND LEFT START
COMMAND LEFT END
COMMAND RIGHT START
COMMAND RIGHT END
TURN 25 RESULT
TIME LEFT 5 5 RIGHT 6 5
MOVE B4 185
END TURN 25
TURN 26
COMMAND LEFT START
COMMAND LEFT END
COMMAND RIGHT START
COMMAND RIGHT END
TURN 26 RESULT
TIME LEFT 0 5 RIGHT 0 5
MOVE B4 180
END TURN 26
TURN 27
COMMAND LEFT START
COMMAND LEFT END
COMMAND RIGHT START
COMMAND RIGHT END
TURN 27 RESULT
TIME LEFT 0 5 RIGHT 0 5
MOVE B4 177
END TURN 27
TURN 28
COMMAND LEFT START
MOVE A4 31
TRAIN 1
COMMAND LEFT END
COMMAND RIGHT START
COMMAND RIGHT END
TURN 28 RESULT
TIME LEFT 0 5 RIGHT 0 5
TRAIN A5
MOVE A4 3
MOVE B4 166
END TURN 28
TURN 29
COMMAND LEFT START
COMMAND LEFT END
COMMAND RIGHT START
COMMAND RIGHT END
TURN 29 RESULT
TIME LEFT 0 5 RIGHT 0 5
MOVE A4 14
END TURN 29
TURN 30
COMMAND LEFT START
COMMAND LEFT END
COMMAND RIGHT START
COMMAND RIGHT END
TURN 30 RESULT
TIME LEFT 0 5 RIGHT 0 5
MOVE A4 20
END TURN 30
TURN 31
COMMAND LEFT START
COMMAND LEFT END
COMMAND RIGHT START
COMMAND RIGHT END
TURN 31 RESULT
TIME LEFT 0 5 RIGHT 0 5
MOVE A4 31
END TURN 31
TURN 32
COMMAND LEFT START
COMMAND LEFT END
COMMAND RIGHT START
COMMAND RIGHT END
TURN 32 RESULT
TIME LEFT 0 5 RIGHT 0 5
END TURN 32
TURN 33
COMMAND LEFT START
COMMAND LEFT END
COMMAND RIGHT START
UPGRADE 166
COMMAND RIGHT END
TURN 33 RESULT
TIME LEFT 0 5 RIGHT 5 5
UPGRADE B 166
END TURN 33
TURN 34
COMMAND LEFT START
COMMAND LEFT END
COMMAND RIGHT START
COMMAND RIGHT END
TURN 34 RESULT
TIME LEFT 0 5 RIGHT 0 5
END TURN 34
TURN 35
COMMAND LEFT START
COMMAND LEFT END
COMMAND RIGHT START
TRAIN 1
COMMAND RIGHT END
TURN 35 RESULT
TIME LEFT 0 5 RIGHT 0 5
TRAIN B5
END TURN 35
TURN 36
COMMAND LEFT START
COMMAND LEFT END
COMMAND RIGHT START
MOVE B5 102
COMMAND RIGHT END
TURN 36 RESULT
TIME LEFT 0 5 RIGHT 0 5
MOVE B5 203
END TURN 36
TURN 37
COMMAND LEFT START
COMMAND LEFT END
COMMAND RIGHT START
COMMAND RIGHT END
TURN 37 RESULT
TIME LEFT 0 5 RIGHT 0 5
MOVE B5 196
END TURN 37
TURN 38
COMMAND LEFT START
COMMAND LEFT END
COMMAND RIGHT START
COMMAND RIGHT END
TURN 38 RESULT
TIME LEFT 0 5 RIGHT 0 5
MOVE B5 182
END TURN 38
TURN 39
COMMAND LEFT START
COMMAND LEFT END
COMMAND RIGHT START
COMMAND RIGHT END
TURN 39 RESULT
TIME LEFT 0 5 RIGHT 0 5
MOVE B5 171
END TURN 39
TURN 40
COMMAND LEFT START
COMMAND LEFT END
COMMAND RIGHT START
COMMAND RIGHT END
TURN 40 RESULT
TIME LEFT 0 5 RIGHT 0 5
MOVE B5 155
END TURN 40
TURN 41
COMMAND LEFT START
COMMAND LEFT END
COMMAND RIGHT START
COMMAND RIGHT END
TURN 41 RESULT
TIME LEFT 0 5 RIGHT 0 5
MOVE B5 146
END TURN 41
TURN 42
COMMAND LEFT START
UPGRADE 31
COMMAND LEFT END
COMMAND RIGHT START
COMMAND RIGHT END
TURN 42 RESULT
TIME LEFT 0 5 RIGHT 0 5
UPGRADE A 31
MOVE B5 127
END TURN 42
TURN 43
COMMAND LEFT START
COMMAND LEFT END
COMMAND RIGHT START
COMMAND RIGHT END
TURN 43 RESULT
TIME LEFT 0 5 RIGHT 0 5
MOVE B5 119
END TURN 43
TURN 44
COMMAND LEFT START
COMMAND LEFT END
COMMAND RIGHT START
COMMAND RIGHT END
TURN 44 RESULT
TIME LEFT 0 5 RIGHT 0 5
MOVE B5 102
END TURN 44
TURN 45
COMMAND LEFT START
MOVE A5 48
TRAIN 1
COMMAND LEFT END
COMMAND RIGHT START
COMMAND RIGHT END
TURN 45 RESULT
TIME LEFT 0 5 RIGHT 0 5
TRAIN A6
MOVE A5 5
END TURN 45
TURN 46
COMMAND LEFT START
COMMAND LEFT END
COMMAND RIGHT START
UPGRADE 102
COMMAND RIGHT END
TURN 46 RESULT
TIME LEFT 0 5 RIGHT 1 5
UPGRADE B 102
MOVE A5 7
END TURN 46
TURN 47
COMMAND LEFT START
COMMAND LEFT END
COMMAND RIGHT START
COMMAND RIGHT END
TURN 47 RESULT
TIME LEFT 0 5 RIGHT 0 5
MOVE A5 16
END TURN 47
TURN 48
COMMAND LEFT START
COMMAND LEFT END
COMMAND RIGHT START
TRAIN 1
COMMAND RIGHT END
TURN 48 RESULT
TIME LEFT 0 5 RIGHT 0 5
TRAIN B6
MOVE A5 28
END TURN 48
TURN 49
COMMAND LEFT START
COMMAND LEFT END
COMMAND RIGHT START
MOVE B6 120
COMMAND RIGHT END
TURN 49 RESULT
TIME LEFT 0 5 RIGHT 0 5
MOVE A5 36
MOVE B6 201
END TURN 49
TURN 50
COMMAND LEFT START
COMMAND LEFT END
COMMAND RIGHT START
COMMAND RIGHT END
TURN 50 RESULT
TIME LEFT 0 5 RIGHT 0 5
MOVE A5 48
MOVE B6 197
END TURN 50
TURN 51
COMMAND LEFT START
COMMAND LEFT END
COMMAND RIGHT START
COMMAND RIGHT END
TURN 51 RESULT
TIME LEFT 0 5 RIGHT 0 5
MOVE B6 181
END TURN 51
TURN 52
COMMAND LEFT START
COMMAND LEFT END
COMMAND RIGHT START
COMMAND RIGHT END
TURN 52 RESULT
TIME LEFT 0 5 RIGHT 0 5
MOVE B6 167
END TURN 52
TURN 53
COMMAND LEFT START
COMMAND LEFT END
COMMAND RIGHT START
COMMAND RIGHT END
TURN 53 RESULT
TIME LEFT 0 5 RIGHT 0 5
MOVE B6 154
END TURN 53
TURN 54
COMMAND LEFT START
COMMAND LEFT END
COMMAND RIGHT START
COMMAND RIGHT END
TURN 54 RESULT
TIME LEFT 0 5 RIGHT 0 5
MOVE B6 143
END TURN 54
TURN 55
COMMAND LEFT START
UPGRADE 48
COMMAND LEFT END
COMMAND RIGHT START
COMMAND RIGHT END
TURN 55 RESULT
TIME LEFT 0 5 RIGHT 0 5
UPGRADE A 48
MOVE B6 134
END TURN 55
TURN 56
COMMAND LEFT START
COMMAND LEFT END
COMMAND RIGHT START
COMMAND RIGHT END
TURN 56 RESULT
TIME LEFT 0 5 RIGHT 0 5
MOVE B6 120
END TURN 56
TURN 57
COMMAND LEFT START
MOVE A6 67
TRAIN 1
COMMAND LEFT END
COMMAND RIGHT START
UPGRADE 120
COMMAND RIGHT END
TURN 57 RESULT
TIME LEFT 0 5 RIGHT 0 5
UPGRADE B 120
TRAIN A7
MOVE A6 5
END TURN 57
TURN 58
COMMAND LEFT START
COMMAND LEFT END
COMMAND RIGHT START
TRAIN 1
COMMAND RIGHT END
TURN 58 RESULT
TIME LEFT 3 5 RIGHT 0 5
TRAIN B7
MOVE A6 7
END TURN 58
TURN 59
COMMAND LEFT START
COMMAND LEFT END
COMMAND RIGHT START
MOVE B7 139
COMMAND RIGHT END
TURN 59 RESULT
TIME LEFT 0 5 RIGHT 0 5
MOVE A6 16
MOVE B7 201
END TURN 59
TURN 60
COMMAND LEFT START
COMMAND LEFT END
COMMAND RIGHT START
COMMAND RIGHT END
TURN 60 RESULT
TIME LEFT 0 5 RIGHT 0 5
MOVE A6 28
MOVE B7 199
END TURN 60
TURN 61
COMMAND LEFT START
COMMAND LEFT END
COMMAND RIGHT START
COMMAND RIGHT END
TURN 61 RESULT
TIME LEFT 0 5 RIGHT 0 5
MOVE A6 36
MOVE B7 190
END TURN 61
TURN 62
COMMAND LEFT START
COMMAND LEFT END
COMMAND RIGHT START
COMMAND RIGHT END
TURN 62 RESULT
TIME LEFT 0 5 RIGHT 0 5
MOVE A6 48
MOVE B7 168
END TURN 62
TURN 63
COMMAND LEFT START
COMMAND LEFT END
COMMAND RIGHT START
COMMAND RIGHT END
TURN 63 RESULT
TIME LEFT 0 5 RIGHT 0 5
MOVE A6 59
MOVE B7 162
END TURN 63
TURN 64
COMMAND LEFT START
COMMAND LEFT END
COMMAND RIGHT START
COMMAND RIGHT END
TURN 64 RESULT
TIME LEFT 0 5 RIGHT 0 5
MOVE A6 67
MOVE B7 147
END TURN 64
TURN 65
COMMAND LEFT START
UPGRADE 67
COMMAND LEFT END
COMMAND RIGHT START
COMMAND RIGHT END
TURN 65 RESULT
TIME LEFT 0 5 RIGHT 0 5
UPGRADE A 67
MOVE B7 139
END TURN 65
TURN 66
COMMAND LEFT START
COMMAND LEFT END
COMMAND RIGHT START
UPGRADE 139
COMMAND RIGHT END
TURN 66 RESULT
TIME LEFT 0 5 RIGHT 0 5
UPGRADE B 139
END TURN 66
TURN 67
COMMAND LEFT START
MOVE A7 86
TRAIN 1
COMMAND LEFT END
COMMAND RIGHT START
TRAIN 1
COMMAND RIGHT END
TURN 67 RESULT
TIME LEFT 0 5 RIGHT 0 5
TRAIN A8 B8
MOVE A7 5
END TURN 67
TURN 68
COMMAND LEFT START
COMMAND LEFT END
COMMAND RIGHT START
MOVE B8 116
COMMAND RIGHT END
TURN 68 RESULT
TIME LEFT 0 5 RIGHT 0 5
MOVE A7 9
MOVE B8 203
END TURN 68
TURN 69
COMMAND LEFT START
COMMAND LEFT END
COMMAND RIGHT START
COMMAND RIGHT END
TURN 69 RESULT
TIME LEFT 0 5 RIGHT 0 5
MOVE A7 25
MOVE B8 196
END TURN 69
TURN 70
COMMAND LEFT START
COMMAND LEFT END
COMMAND RIGHT START
COMMAND RIGHT END
TURN 70 RESULT
TIME LEFT 0 5 RIGHT 0 5
MOVE A7 39
MOVE B8 182
END TURN 70
TURN 71
COMMAND LEFT START
COMMAND LEFT END
COMMAND RIGHT START
COMMAND RIGHT END
TURN 71 RESULT
TIME LEFT 0 5 RIGHT 0 5
MOVE A7 52
MOVE B8 171
END TURN 71
TURN 72
COMMAND LEFT START
COMMAND LEFT END
COMMAND RIGHT START
COMMAND RIGHT END
TURN 72 RESULT
TIME LEFT 0 5 RIGHT 0 5
MOVE A7 63
MOVE B8 163
END TURN 72
TURN 73
COMMAND LEFT START
COMMAND LEFT END
COMMAND RIGHT START
COMMAND RIGHT END
TURN 73 RESULT
TIME LEFT 0 5 RIGHT 0 5
MOVE A7 72
MOVE B8 145
END TURN 73
TURN 74
COMMAND LEFT START
COMMAND LEFT END
COMMAND RIGHT START
COMMAND RIGHT END
TURN 74 RESULT
TIME LEFT 0 5 RIGHT 0 5
MOVE A7 86
MOVE B8 132
END TURN 74
TURN 75
COMMAND LEFT START
UPGRADE 86
COMMAND LEFT END
COMMAND RIGHT START
COMMAND RIGHT END
TURN 75 RESULT
TIME LEFT 1 5 RIGHT 1 5
UPGRADE A 86
MOVE B8 116
END TURN 75
TURN 76
COMMAND LEFT START
MOVE A8 90
TRAIN 1
COMMAND LEFT END
COMMAND RIGHT START
UPGRADE 116
COMMAND RIGHT END
TURN 76 RESULT
TIME LEFT 0 5 RIGHT 0 5
UPGRADE B 116
TRAIN A9
MOVE A8 3
END TURN 76
TURN 77
COMMAND LEFT START
COMMAND LEFT END
COMMAND RIGHT START
COMMAND RIGHT END
TURN 77 RESULT
TIME LEFT 0 5 RIGHT 0 5
MOVE A8 10
END TURN 77
TURN 78
COMMAND LEFT START
COMMAND LEFT END
COMMAND RIGHT START
UPGRADE 206
COMMAND RIGHT END
TURN 78 RESULT
TIME LEFT 0 5 RIGHT 0 5
UPGRADE B 206
MOVE A8 24
END TURN 78
TURN 79
COMMAND LEFT START
COMMAND LEFT END
COMMAND RIGHT START
TRAIN 1
COMMAND RIGHT END
TURN 79 RESULT
TIME LEFT 0 5 RIGHT 0 5
TRAIN B9
MOVE A8 35
END TURN 79
TURN 80
COMMAND LEFT START
COMMAND LEFT END
COMMAND RIGHT START
COMMAND RIGHT END
TURN 80 RESULT
TIME LEFT 0 5 RIGHT 0 5
MOVE A8 43
END TURN 80
TURN 81
COMMAND LEFT START
COMMAND LEFT END
COMMAND RIGHT START
COMMAND RIGHT END
TURN 81 RESULT
TIME LEFT 0 5 RIGHT 0 5
MOVE A8 61
END TURN 81
TURN 82
COMMAND LEFT START
COMMAND LEFT END
COMMAND RIGHT START
COMMAND RIGHT END
TURN 82 RESULT
TIME LEFT 0 5 RIGHT 0 5
MOVE A8 74
END TURN 82
TURN 83
COMMAND LEFT START
COMMAND LEFT END
COMMAND RIGHT START
COMMAND RIGHT END
TURN 83 RESULT
TIME LEFT 0 5 RIGHT 0 5
MOVE A8 90
END TURN 83
TURN 84
COMMAND LEFT START
MOVE A9 40
UPGRADE 90
TRAIN 1
COMMAND LEFT END
COMMAND RIGHT START
COMMAND RIGHT END
TURN 84 RESULT
TIME LEFT 0 5 RIGHT 0 5
UPGRADE A 90
TRAIN A10
MOVE A9 5
END TURN 84
TURN 85
COMMAND LEFT START
COMMAND LEFT END
COMMAND RIGHT START
COMMAND RIGHT END
TURN 85 RESULT
TIME LEFT 0 5 RIGHT 0 5
MOVE A9 7
END TURN 85
TURN 86
COMMAND LEFT START
COMMAND LEFT END
COMMAND RIGHT START
COMMAND RIGHT END
TURN 86 RESULT
TIME LEFT 0 5 RIGHT 0 5
MOVE A9 12
END TURN 86
TURN 87
COMMAND LEFT START
COMMAND LEFT END
COMMAND RIGHT START
COMMAND RIGHT END
TURN 87 RESULT
TIME LEFT 0 5 RIGHT 0 5
MOVE A9 11
END TURN 87
TURN 88
COMMAND LEFT START
MOVE A10 103
TRAIN 1
COMMAND LEFT END
COMMAND RIGHT START
UPGRADE 206
COMMAND RIGHT END
TURN 88 RESULT
TIME LEFT 0 5 RIGHT 0 5
UPGRADE B 206
TRAIN A11
MOVE A9 15
MOVE A10 5
END TURN 88
TURN 89
COMMAND LEFT START
MOVE A11 103
TRAIN 1
COMMAND LEFT END
COMMAND RIGHT START
TRAIN 1
COMMAND RIGHT END
TURN 89 RESULT
TIME LEFT 0 5 RIGHT 0 5
TRAIN A12 B10
MOVE A9 21
MOVE A10 7
MOVE A11 5
END TURN 89
TURN 90
COMMAND LEFT START
MOVE A12 103
TRAIN 1
COMMAND LEFT END
COMMAND RIGHT START
COMMAND RIGHT END
TURN 90 RESULT
TIME LEFT 0 5 RIGHT 0 5
TRAIN A13
MOVE A9 26
MOVE A10 16
MOVE A11 7
MOVE A12 5
END TURN 90
TURN 91
COMMAND LEFT START
MOVE A13 103
TRAIN 1
COMMAND LEFT END
COMMAND RIGHT START
COMMAND RIGHT END
TURN 91 RESULT
TIME LEFT 0 5 RIGHT 0 5
TRAIN A14
MOVE A9 29
MOVE A10 38
MOVE A11 16
MOVE A12 7
MOVE A13 5
END TURN 91
TURN 92
COMMAND LEFT START
MOVE A14 103
TRAIN 1
COMMAND LEFT END
COMMAND RIGHT START
COMMAND RIGHT END
TURN 92 RESULT
TIME LEFT 0 5 RIGHT 0 5
TRAIN A15
MOVE A9 40
MOVE A10 44
MOVE A11 38
MOVE A12 16
MOVE A13 7
MOVE A14 5
END TURN 92
TURN 93
COMMAND LEFT START
COMMAND LEFT END
COMMAND RIGHT START
UPGRADE 175
COMMAND RIGHT END
TURN 93 RESULT
TIME LEFT 0 5 RIGHT 0 5
UPGRADE B 175
MOVE A10 58
MOVE A11 44
MOVE A12 38
MOVE A13 16
MOVE A14 7
END TURN 93
TURN 94
COMMAND LEFT START
UPGRADE 40
COMMAND LEFT END
COMMAND RIGHT START
TRAIN 1
COMMAND RIGHT END
TURN 94 RESULT
TIME LEFT 0 5 RIGHT 0 5
UPGRADE A 40
TRAIN B11
MOVE A10 69
MOVE A11 58
MOVE A12 44
MOVE A13 38
MOVE A14 16
END TURN 94
TURN 95
COMMAND LEFT START
COMMAND LEFT END
COMMAND RIGHT START
MOVE B11 175
COMMAND RIGHT END
TURN 95 RESULT
TIME LEFT 0 5 RIGHT 0 5
MOVE A10 92
MOVE A11 69
MOVE A12 58
MOVE A13 44
MOVE A14 38
MOVE B11 203
END TURN 95
TURN 96
COMMAND LEFT START
COMMAND LEFT END
COMMAND RIGHT START
COMMAND RIGHT END
TURN 96 RESULT
TIME LEFT 0 5 RIGHT 1 5
MOVE A10 103
MOVE A11 92
MOVE A12 69
MOVE A13 58
MOVE A14 44
MOVE B11 192
END TURN 96
TURN 97
COMMAND LEFT START
COMMAND LEFT END
COMMAND RIGHT START
COMMAND RIGHT END
TURN 97 RESULT
TIME LEFT 0 5 RIGHT 0 5
MOVE A11 103
MOVE A12 92
MOVE A13 69
MOVE A14 58
MOVE B11 186
END TURN 97
TURN 98
COMMAND LEFT START
COMMAND LEFT END
COMMAND RIGHT START
UPGRADE 158
COMMAND RIGHT END
TURN 98 RESULT
TIME LEFT 0 5 RIGHT 0 5
UPGRADE B 158
MOVE A12 103
MOVE A13 92
MOVE A14 69
MOVE B11 175
END TURN 98
TURN 99
COMMAND LEFT START
COMMAND LEFT END
COMMAND RIGHT START
TRAIN 1
COMMAND RIGHT END
TURN 99 RESULT
TIME LEFT 0 5 RIGHT 0 5
TRAIN B12
MOVE A13 103
MOVE A14 92
END TURN 99
TURN 100
COMMAND LEFT START
COMMAND LEFT END
COMMAND RIGHT START
MOVE B12 158
COMMAND RIGHT END
TURN 100 RESULT
TIME LEFT 1 5 RIGHT 1 5
MOVE A14 103
MOVE B12 201
END TURN 100
TURN 101
COMMAND LEFT START
COMMAND LEFT END
COMMAND RIGHT START
COMMAND RIGHT END
TURN 101 RESULT
TIME LEFT 0 5 RIGHT 0 5
MOVE B12 199
END TURN 101
TURN 102
COMMAND LEFT START
COMMAND LEFT END
COMMAND RIGHT START
COMMAND RIGHT END
TURN 102 RESULT
TIME LEFT 0 5 RIGHT 0 5
MOVE B12 190
END TURN 102
TURN 103
COMMAND LEFT START
COMMAND LEFT END
COMMAND RIGHT START
UPGRADE 166
COMMAND RIGHT END
TURN 103 RESULT
TIME LEFT 0 5 RIGHT 0 5
UPGRADE B 166
MOVE B12 178
END TURN 103
TURN 104
COMMAND LEFT START
UPGRADE 0
COMMAND LEFT END
COMMAND RIGHT START
TRAIN 1
COMMAND RIGHT END
TURN 104 RESULT
TIME LEFT 0 5 RIGHT 0 5
UPGRADE A 0
TRAIN B13
MOVE B12 170
END TURN 104
TURN 105
COMMAND LEFT START
TRAIN 1
COMMAND LEFT END
COMMAND RIGHT START
MOVE B13 166
COMMAND RIGHT END
TURN 105 RESULT
TIME LEFT 8 5 RIGHT 0 5
TRAIN A16
MOVE B12 158
MOVE B13 201
END TURN 105
TURN 106
COMMAND LEFT START
MOVE A16 103
TRAIN 1
COMMAND LEFT END
COMMAND RIGHT START
COMMAND RIGHT END
TURN 106 RESULT
TIME LEFT 0 5 RIGHT 0 5
TRAIN A17
MOVE A16 5
MOVE B13 199
END TURN 106
TURN 107
COMMAND LEFT START
MOVE A17 103
TRAIN 1
COMMAND LEFT END
COMMAND RIGHT START
COMMAND RIGHT END
TURN 107 RESULT
TIME LEFT 0 5 RIGHT 0 5
TRAIN A18
MOVE A16 7
MOVE A17 5
MOVE B13 194
END TURN 107
TURN 108
COMMAND LEFT START
MOVE A18 103
TRAIN 1
COMMAND LEFT END
COMMAND RIGHT START
UPGRADE 102
COMMAND RIGHT END
TURN 108 RESULT
TIME LEFT 0 5 RIGHT 0 5
UPGRADE B 102
TRAIN A19
MOVE A16 16
MOVE A17 7
MOVE A18 5
MOVE B13 195
END TURN 108
TURN 109
COMMAND LEFT START
MOVE A19 103
TRAIN 1
COMMAND LEFT END
COMMAND RIGHT START
TRAIN 1
COMMAND RIGHT END
TURN 109 RESULT
TIME LEFT 0 5 RIGHT 0 5
TRAIN A20 B14
MOVE A16 38
MOVE A17 16
MOVE A18 7
MOVE A19 5
MOVE B13 191
END TURN 109
TURN 110
COMMAND LEFT START
MOVE A20 103
TRAIN 1
COMMAND LEFT END
COMMAND RIGHT START
MOVE B14 102
COMMAND RIGHT END
TURN 110 RESULT
TIME LEFT 0 5 RIGHT 0 5
TRAIN A21
MOVE A16 44
MOVE A17 38
MOVE A18 16
MOVE A19 7
MOVE A20 5
MOVE B13 185
MOVE B14 203
END TURN 110
TURN 111
COMMAND LEFT START
COMMAND LEFT END
COMMAND RIGHT START
COMMAND RIGHT END
TURN 111 RESULT
TIME LEFT 0 5 RIGHT 0 5
MOVE A16 58
MOVE A17 44
MOVE A18 38
MOVE A19 16
MOVE A20 7
MOVE B13 180
MOVE B14 196
END TURN 111
TURN 112
COMMAND LEFT START
MOVE A21 103
TRAIN 1
COMMAND LEFT END
COMMAND RIGHT START
UPGRADE 120
COMMAND RIGHT END
TURN 112 RESULT
TIME LEFT 0 5 RIGHT 0 5
UPGRADE B 120
TRAIN A22
MOVE A16 69
MOVE A17 58
MOVE A18 44
MOVE A19 38
MOVE A20 16
MOVE A21 5
MOVE B13 177
MOVE B14 182
END TURN 112
TURN 113
COMMAND LEFT START
MOVE A22 103
TRAIN 1
COMMAND LEFT END
COMMAND RIGHT START
TRAIN 1
COMMAND RIGHT END
TURN 113 RESULT
TIME LEFT 0 5 RIGHT 0 5
TRAIN A23 B15
MOVE A16 92
MOVE A17 69
MOVE A18 58
MOVE A19 44
MOVE A20 38
MOVE A21 7
MOVE A22 5
MOVE B13 166
MOVE B14 171
END TURN 113
TURN 114
COMMAND LEFT START
MOVE A23 103
TRAIN 1
COMMAND LEFT END
COMMAND RIGHT START
MOVE B15 120
COMMAND RIGHT END
TURN 114 RESULT
TIME LEFT 0 5 RIGHT 0 5
TRAIN A24
MOVE A16 103
MOVE A17 92
MOVE A18 69
MOVE A19 58
MOVE A20 44
MOVE A21 16
MOVE A22 7
MOVE A23 5
MOVE B14 155
MOVE B15 201
END TURN 114
TURN 115
COMMAND LEFT START
MOVE A24 103
TRAIN 1
COMMAND LEFT END
COMMAND RIGHT START
COMMAND RIGHT END
TURN 115 RESULT
TIME LEFT 0 5 RIGHT 0 5
TRAIN A25
MOVE A17 103
MOVE A18 92
MOVE A19 69
MOVE A20 58
MOVE A21 38
MOVE A22 16
MOVE A23 7
MOVE A24 5
MOVE B14 146
MOVE B15 197
END TURN 115
TURN 116
COMMAND LEFT START
MOVE A25 103
TRAIN 1
COMMAND LEFT END
COMMAND RIGHT START
UPGRADE 139
COMMAND RIGHT END
TURN 116 RESULT
TIME LEFT 0 5 RIGHT 0 5
UPGRADE B 139
TRAIN A26
MOVE A18 103
MOVE A19 92
MOVE A20 69
MOVE A21 44
MOVE A22 38
MOVE A23 16
MOVE A24 7
MOVE A25 5
MOVE B14 127
MOVE B15 181
END TURN 116
TURN 117
COMMAND LEFT START
MOVE A26 103
TRAIN 1
COMMAND LEFT END
COMMAND RIGHT START
TRAIN 1
COMMAND RIGHT END
TURN 117 RESULT
TIME LEFT 0 5 RIGHT 0 5
TRAIN A27 B16
MOVE A19 103
MOVE A20 92
MOVE A21 58
MOVE A22 44
MOVE A23 38
MOVE A24 16
MOVE A25 7
MOVE A26 5
MOVE B14 119
MOVE B15 167
END TURN 117
TURN 118
COMMAND LEFT START
COMMAND LEFT END
COMMAND RIGHT START
MOVE B16 139
COMMAND RIGHT END
TURN 118 RESULT
TIME LEFT 0 5 RIGHT 0 5
MOVE A20 103
MOVE A21 69
MOVE A22 58
MOVE A23 44
MOVE A24 38
MOVE A25 16
MOVE A26 7
MOVE B14 102
MOVE B15 154
MOVE B16 201
END TURN 118
TURN 119
COMMAND LEFT START
MOVE A27 103
TRAIN 1
COMMAND LEFT END
COMMAND RIGHT START
COMMAND RIGHT END
TURN 119 RESULT
TIME LEFT 0 5 RIGHT 0 5
TRAIN A28
MOVE A21 92
MOVE A22 69
MOVE A23 58
MOVE A24 44
MOVE A25 38
MOVE A26 16
MOVE A27 5
MOVE B15 143
MOVE B16 199
END TURN 119
TURN 120
COMMAND LEFT START
MOVE A28 103
TRAIN 1
COMMAND LEFT END
COMMAND RIGHT START
UPGRADE 116
COMMAND RIGHT END
TURN 120 RESULT
TIME LEFT 0 5 RIGHT 0 5
UPGRADE B 116
TRAIN A29
MOVE A21 103
MOVE A22 92
MOVE A23 69
MOVE A24 58
MOVE A25 44
MOVE A26 38
MOVE A27 7
MOVE A28 5
MOVE B15 134
MOVE B16 190
END TURN 120
TURN 121
COMMAND LEFT START
MOVE A29 103
TRAIN 1
COMMAND LEFT END
COMMAND RIGHT START
TRAIN 1
COMMAND RIGHT END
TURN 121 RESULT
TIME LEFT 0 5 RIGHT 0 5
TRAIN A30 B17
MOVE A22 103
MOVE A23 92
MOVE A24 69
MOVE A25 58
MOVE A26 44
MOVE A27 16
MOVE A28 7
MOVE A29 5
MOVE B15 120
MOVE B16 168
END TURN 121
TURN 122
COMMAND LEFT START
MOVE A30 103
TRAIN 1
COMMAND LEFT END
COMMAND RIGHT START
MOVE B17 116
COMMAND RIGHT END
TURN 122 RESULT
TIME LEFT 0 5 RIGHT 0 5
TRAIN A31
MOVE A23 103
MOVE A24 92
MOVE A25 69
MOVE A26 58
MOVE A27 38
MOVE A28 16
MOVE A29 7
MOVE A30 5
MOVE B16 162
MOVE B17 203
END TURN 122
TURN 123
COMMAND LEFT START
COMMAND LEFT END
COMMAND RIGHT START
COMMAND RIGHT END
TURN 123 RESULT
TIME LEFT 0 5 RIGHT 0 5
MOVE A24 103
MOVE A25 92
MOVE A26 69
MOVE A27 44
MOVE A28 38
MOVE A29 16
MOVE A30 7
MOVE B16 147
MOVE B17 196
END TURN 123
TURN 124
COMMAND LEFT START
MOVE A31 103
TRAIN 1
COMMAND LEFT END
COMMAND RIGHT START
UPGRADE 175
COMMAND RIGHT END
TURN 124 RESULT
TIME LEFT 0 5 RIGHT 0 5
UPGRADE B 175
TRAIN A32
MOVE A25 103
MOVE A26 92
MOVE A27 58
MOVE A28 44
MOVE A29 38
MOVE A30 16
MOVE A31 5
MOVE B16 139
MOVE B17 182
END TURN 124
TURN 125
COMMAND LEFT START
MOVE A32 103
TRAIN 1
COMMAND LEFT END
COMMAND RIGHT START
TRAIN 1
COMMAND RIGHT END
TURN 125 RESULT
TIME LEFT 0 5 RIGHT 0 5
TRAIN A33 B18
MOVE A26 103
MOVE A27 69
MOVE A28 58
MOVE A29 44
MOVE A30 38
MOVE A31 7
MOVE A32 5
MOVE B17 171
END TURN 125
TURN 126
COMMAND LEFT START
COMMAND LEFT END
COMMAND RIGHT START
MOVE B18 175
COMMAND RIGHT END
TURN 126 RESULT
TIME LEFT 0 5 RIGHT 0 5
MOVE A27 92
MOVE A28 69
MOVE A29 58
MOVE A30 44
MOVE A31 16
MOVE A32 7
MOVE B17 163
MOVE B18 203
END TURN 126
TURN 127
COMMAND LEFT START
MOVE A33 103
TRAIN 1
COMMAND LEFT END
COMMAND RIGHT START
COMMAND RIGHT END
TURN 127 RESULT
TIME LEFT 0 5 RIGHT 0 5
TRAIN A34
MOVE A27 103
MOVE A28 92
MOVE A29 69
MOVE A30 58
MOVE A31 38
MOVE A32 16
MOVE A33 5
MOVE B17 145
MOVE B18 192
END TURN 127
TURN 128
COMMAND LEFT START
COMMAND LEFT END
COMMAND RIGHT START
UPGRADE 158
COMMAND RIGHT END
TURN 128 RESULT
TIME LEFT 0 5 RIGHT 0 5
UPGRADE B 158
MOVE A28 103
MOVE A29 92
MOVE A30 69
MOVE A31 44
MOVE A32 38
MOVE A33 7
MOVE B17 132
MOVE B18 186
END TURN 128
TURN 129
COMMAND LEFT START
MOVE A19 120
MOVE A28 120
MOVE A27 120
MOVE A26 120
MOVE A25 120
MOVE A24 120
MOVE A23 120
MOVE A22 120
MOVE A21 120
MOVE A20 120
MOVE A18 120
MOVE A17 120
MOVE A16 120
MOVE A14 120
MOVE A13 120
MOVE A12 120
MOVE A11 120
COMMAND LEFT END
COMMAND RIGHT START
TRAIN 1
COMMAND RIGHT END
TURN 129 RESULT
TIME LEFT 0 5 RIGHT 0 5
TRAIN B19
MOVE A11 111
MOVE A12 111
MOVE A13 111
MOVE A14 111
MOVE A16 111
MOVE A17 111
MOVE A18 111
MOVE A19 111
MOVE A20 111
MOVE A21 111
MOVE A22 111
MOVE A23 111
MOVE A24 111
MOVE A25 111
MOVE A26 111
MOVE A27 111
MOVE A28 111
MOVE A29 103
MOVE A30 92
MOVE A31 58
MOVE A32 44
MOVE A33 16
MOVE B17 116
MOVE B18 175
END TURN 129
TURN 130
COMMAND LEFT START
MOVE A34 103
TRAIN 1
COMMAND LEFT END
COMMAND RIGHT START
TRAIN 2
COMMAND RIGHT END
TURN 130 RESULT
TIME LEFT 0 5 RIGHT 0 5
TRAIN A35 B20 B21
MOVE A11 120
MOVE A12 120
MOVE A13 120
MOVE A14 120
MOVE A16 120
MOVE A17 120
MOVE A18 120
MOVE A19 120
MOVE A20 120
MOVE A21 120
MOVE A22 120
MOVE A23 120
MOVE A24 120
MOVE A25 120
MOVE A26 120
MOVE A27 120
MOVE A28 120
MOVE A30 103
MOVE A31 69
MOVE A32 58
MOVE A33 38
MOVE A34 5
DAMAGE TURRET A11 1
DAMAGE COMBAT A11 2
DAMAGE COMBAT B6 4
DAMAGE COMBAT B15 6
SIEGE B 120 7
END TURN 130
TURN 131
COMMAND LEFT START
COMMAND LEFT END
COMMAND RIGHT START
TRAIN 2
COMMAND RIGHT END
TURN 131 RESULT
TIME LEFT 0 5 RIGHT 0 5
TRAIN B22 B23
MOVE A31 92
MOVE A32 69
MOVE A33 44
MOVE A34 7
DAMAGE TURRET A11 1
SIEGE B 120 5
END TURN 131
TURN 132
COMMAND LEFT START
MOVE A35 103
MOVE A11 103
MOVE A12 103
MOVE A13 103
MOVE A14 103
MOVE A16 103
MOVE A17 103
MOVE A18 103
MOVE A19 103
MOVE A20 103
MOVE A21 103
MOVE A22 103
MOVE A23 103
MOVE A24 103
MOVE A25 103
MOVE A26 103
MOVE A27 103
MOVE A28 103
TRAIN 1
COMMAND LEFT END
COMMAND RIGHT START
TRAIN 2
COMMAND RIGHT END
TURN 132 RESULT
TIME LEFT 0 5 RIGHT 0 5
TRAIN A36 B24 B25
MOVE A11 111
MOVE A12 111
MOVE A13 111
MOVE A14 111
MOVE A16 111
MOVE A17 111
MOVE A18 111
MOVE A19 111
MOVE A20 111
MOVE A21 111
MOVE A22 111
MOVE A23 111
MOVE A24 111
MOVE A25 111
MOVE A26 111
MOVE A27 111
MOVE A28 111
MOVE A31 103
MOVE A32 92
MOVE A33 58
MOVE A34 16
MOVE A35 5
END TURN 132
TURN 133
COMMAND LEFT START
MOVE A36 103
TRAIN 1
COMMAND LEFT END
COMMAND RIGHT START
MOVE B24 158
MOVE B25 120
TRAIN 2
COMMAND RIGHT END
TURN 133 RESULT
TIME LEFT 0 5 RIGHT 0 5
TRAIN A37 B26 B27
MOVE A11 103
MOVE A12 103
MOVE A13 103
MOVE A14 103
MOVE A16 103
MOVE A17 103
MOVE A18 103
MOVE A19 103
MOVE A20 103
MOVE A21 103
MOVE A22 103
MOVE A23 103
MOVE A24 103
MOVE A25 103
MOVE A26 103
MOVE A27 103
MOVE A28 103
MOVE A32 103
MOVE A33 69
MOVE A34 38
MOVE A35 7
MOVE A36 5
MOVE B24 201
MOVE B25 201
END TURN 133
TURN 134
COMMAND LEFT START
COMMAND LEFT END
COMMAND RIGHT START
MOVE B26 41
MOVE B27 4
TRAIN 2
COMMAND RIGHT END
TURN 134 RESULT
TIME LEFT 0 5 RIGHT 0 5
TRAIN B28 B29
MOVE A33 92
MOVE A34 44
MOVE A35 16
MOVE A36 7
MOVE B24 199
MOVE B25 197
MOVE B26 201
MOVE B27 201
END TURN 134
TURN 135
COMMAND LEFT START
MOVE A21 139
MOVE A32 139
MOVE A31 139
MOVE A30 139
MOVE A29 139
MOVE A28 139
MOVE A27 139
MOVE A26 139
MOVE A25 139
MOVE A24 139
MOVE A23 139
MOVE A22 139
MOVE A20 139
MOVE A19 139
MOVE A18 139
MOVE A17 139
MOVE A16 139
COMMAND LEFT END
COMMAND RIGHT START
TRAIN 2
COMMAND RIGHT END
TURN 135 RESULT
TIME LEFT 0 5 RIGHT 0 5
TRAIN B30 B31
MOVE A16 114
MOVE A17 114
MOVE A18 114
MOVE A19 114
MOVE A20 114
MOVE A21 114
MOVE A22 114
MOVE A23 114
MOVE A24 114
MOVE A25 114
MOVE A26 114
MOVE A27 114
MOVE A28 114
MOVE A29 114
MOVE A30 114
MOVE A31 114
MOVE A32 114
MOVE A33 103
MOVE A34 58
MOVE A35 38
MOVE A36 16
MOVE B24 190
MOVE B25 181
MOVE B26 199
MOVE B27 197
END TURN 135
TURN 136
COMMAND LEFT START
COMMAND LEFT END
COMMAND RIGHT START
TRAIN 1
COMMAND RIGHT END
TURN 136 RESULT
TIME LEFT 0 5 RIGHT 0 5
TRAIN B32
MOVE A16 139
MOVE A17 139
MOVE A18 139
MOVE A19 139
MOVE A20 139
MOVE A21 139
MOVE A22 139
MOVE A23 139
MOVE A24 139
MOVE A25 139
MOVE A26 139
MOVE A27 139
MOVE A28 139
MOVE A29 139
MOVE A30 139
MOVE A31 139
MOVE A32 139
MOVE A34 69
MOVE A35 44
MOVE A36 38
MOVE B24 178
MOVE B25 167
MOVE B26 190
MOVE B27 181
DAMAGE TURRET A16 1
DAMAGE COMBAT A16 2
DAMAGE COMBAT B7 4
DAMAGE COMBAT B16 6
SIEGE B 139 7
END TURN 136
TURN 137
COMMAND LEFT START
MOVE A37 103
TRAIN 1
COMMAND LEFT END
COMMAND RIGHT START
MOVE B28 139
MOVE B29 139
TRAIN 1
COMMAND RIGHT END
TURN 137 RESULT
TIME LEFT 0 5 RIGHT 0 5
TRAIN A38 B33
MOVE A34 92
MOVE A35 58
MOVE A36 44
MOVE A37 5
MOVE B24 170
MOVE B25 154
MOVE B26 168
MOVE B27 167
MOVE B28 201
MOVE B29 201
DAMAGE TURRET A16 1
SIEGE B 139 5
END TURN 137
TURN 138
COMMAND LEFT START
MOVE A16 103
MOVE A17 103
MOVE A18 103
MOVE A19 103
MOVE A20 103
MOVE A21 103
MOVE A22 103
MOVE A23 103
MOVE A24 103
MOVE A25 103
MOVE A26 103
MOVE A27 103
MOVE A28 103
MOVE A29 103
MOVE A30 103
MOVE A31 103
MOVE A32 103
COMMAND LEFT END
COMMAND RIGHT START
TRAIN 2
COMMAND RIGHT END
TURN 138 RESULT
TIME LEFT 0 5 RIGHT 0 5
TRAIN B34 B35
MOVE A16 114
MOVE A17 114
MOVE A18 114
MOVE A19 114
MOVE A20 114
MOVE A21 114
MOVE A22 114
MOVE A23 114
MOVE A24 114
MOVE A25 114
MOVE A26 114
MOVE A27 114
MOVE A28 114
MOVE A29 114
MOVE A30 114
MOVE A31 114
MOVE A32 114
MOVE A34 103
MOVE A35 69
MOVE A36 58
MOVE A37 7
MOVE B24 158
MOVE B25 143
MOVE B26 162
MOVE B27 154
MOVE B28 199
MOVE B29 199
END TURN 138
TURN 139
COMMAND LEFT START
MOVE A38 103
TRAIN 1
COMMAND LEFT END
COMMAND RIGHT START
TRAIN 1
COMMAND RIGHT END
TURN 139 RESULT
TIME LEFT 0 5 RIGHT 0 5
TRAIN A39 B36
MOVE A16 103
MOVE A17 103
MOVE A18 103
MOVE A19 103
MOVE A20 103
MOVE A21 103
MOVE A22 103
MOVE A23 103
MOVE A24 103
MOVE A25 103
MOVE A26 103
MOVE A27 103
MOVE A28 103
MOVE A29 103
MOVE A30 103
MOVE A31 103
MOVE A32 103
MOVE A35 92
MOVE A36 69
MOVE A37 16
MOVE A38 5
MOVE B25 134
MOVE B26 147
MOVE B27 143
MOVE B28 190
MOVE B29 190
END TURN 139
TURN 140
COMMAND LEFT START
COMMAND LEFT END
COMMAND RIGHT START
TRAIN 1
COMMAND RIGHT END
TURN 140 RESULT
TIME LEFT 0 5 RIGHT 0 5
TRAIN B37
MOVE A35 103
MOVE A36 92
MOVE A37 38
MOVE A38 7
MOVE B25 120
MOVE B26 139
MOVE B27 134
MOVE B28 168
MOVE B29 168
END TURN 140
TURN 141
COMMAND LEFT START
COMMAND LEFT END
COMMAND RIGHT START
MOVE B19 102
MOVE B20 102
MOVE B21 102
MOVE B22 102
MOVE B23 102
MOVE B30 102
MOVE B31 102
MOVE B32 102
MOVE B33 102
MOVE B34 102
MOVE B35 102
MOVE B36 102
MOVE B37 102
COMMAND RIGHT END
TURN 141 RESULT
TIME LEFT 0 5 RIGHT 0 5
MOVE A36 103
MOVE A37 44
MOVE A38 16
MOVE B19 203
MOVE B20 203
MOVE B21 203
MOVE B22 203
MOVE B23 203
MOVE B26 117
MOVE B27 111
MOVE B28 162
MOVE B29 162
MOVE B30 203
MOVE B31 203
MOVE B32 203
MOVE B33 203
MOVE B34 203
MOVE B35 203
MOVE B36 203
MOVE B37 203
END TURN 141
TURN 142
COMMAND LEFT START
MOVE A23 67
MOVE A36 67
MOVE A35 86
MOVE A34 86
MOVE A39 103
MOVE A15 103
TRAIN 2
COMMAND LEFT END
COMMAND RIGHT START
COMMAND RIGHT END
TURN 142 RESULT
TIME LEFT 0 5 RIGHT 0 5
TRAIN A40 A41
MOVE A15 5
MOVE A23 92
MOVE A34 95
MOVE A35 95
MOVE A36 92
MOVE A37 58
MOVE A38 38
MOVE A39 5
MOVE B19 196
MOVE B20 196
MOVE B21 196
MOVE B22 196
MOVE B23 196
MOVE B26 95
MOVE B27 89
MOVE B28 147
MOVE B29 147
MOVE B30 196
MOVE B31 196
MOVE B32 196
MOVE B33 196
MOVE B34 196
MOVE B35 196
MOVE B36 196
MOVE B37 196
DAMAGE COMBAT A34 1
DAMAGE COMBAT B26 2
END TURN 142
TURN 143
COMMAND LEFT START
MOVE A21 67
COMMAND LEFT END
COMMAND RIGHT START
UPGRADE 120
COMMAND RIGHT END
TURN 143 RESULT
TIME LEFT 0 5 RIGHT 0 5
UPGRADE B 120
MOVE A15 7
MOVE A21 92
MOVE A23 67
MOVE A36 67
MOVE A37 69
MOVE A38 44
MOVE A39 7
MOVE B19 182
MOVE B20 182
MOVE B21 182
MOVE B22 182
MOVE B23 182
MOVE B27 67
MOVE B28 139
MOVE B29 139
MOVE B30 182
MOVE B31 182
MOVE B32 182
MOVE B33 182
MOVE B34 182
MOVE B35 182
MOVE B36 182
MOVE B37 182
DAMAGE TURRET B27 1
DAMAGE COMBAT A6 1
DAMAGE COMBAT A34 1
DAMAGE COMBAT B26 2
DAMAGE COMBAT B27 3
END TURN 143
TURN 144
COMMAND LEFT START
MOVE A22 48
MOVE A33 48
MOVE A32 120
MOVE A31 120
MOVE A30 120
MOVE A29 120
MOVE A28 120
MOVE A27 120
MOVE A26 120
MOVE A25 120
MOVE A24 120
MOVE A20 120
MOVE A19 120
COMMAND LEFT END
COMMAND RIGHT START
MOVE B29 120
COMMAND RIGHT END
TURN 144 RESULT
TIME LEFT 0 5 RIGHT 0 5
MOVE A15 16
MOVE A19 111
MOVE A20 111
MOVE A21 67
MOVE A22 92
MOVE A24 111
MOVE A25 111
MOVE A26 111
MOVE A27 111
MOVE A28 111
MOVE A29 111
MOVE A30 111
MOVE A31 111
MOVE A32 111
MOVE A33 92
MOVE A37 92
MOVE A38 58
MOVE A39 16
MOVE B19 171
MOVE B20 171
MOVE B21 171
MOVE B22 171
MOVE B23 171
MOVE B29 137
MOVE B30 171
MOVE B31 171
MOVE B32 171
MOVE B33 171
MOVE B34 171
MOVE B35 171
MOVE B36 171
MOVE B37 171
DAMAGE TURRET B27 1
DAMAGE COMBAT A6 1
DAMAGE COMBAT A34 1
DAMAGE COMBAT B26 2
DAMAGE COMBAT B27 1
END TURN 144
TURN 145
COMMAND LEFT START
MOVE A41 103
TRAIN 1
COMMAND LEFT END
COMMAND RIGHT START
COMMAND RIGHT END
TURN 145 RESULT
TIME LEFT 0 5 RIGHT 0 5
TRAIN A42
MOVE A15 38
MOVE A19 120
MOVE A20 120
MOVE A22 67
MOVE A24 120
MOVE A25 120
MOVE A26 120
MOVE A27 120
MOVE A28 120
MOVE A29 120
MOVE A30 120
MOVE A31 120
MOVE A32 120
MOVE A33 67
MOVE A34 86
MOVE A35 86
MOVE A37 103
MOVE A38 69
MOVE A39 38
MOVE A41 5
MOVE B19 155
MOVE B20 155
MOVE B21 155
MOVE B22 155
MOVE B23 155
MOVE B29 134
MOVE B30 155
MOVE B31 155
MOVE B32 155
MOVE B33 155
MOVE B34 155
MOVE B35 155
MOVE B36 155
MOVE B37 155
DAMAGE TURRET A19 1
DAMAGE COMBAT A19 1
DAMAGE COMBAT B25 6
SIEGE B 120 5
END TURN 145
TURN 146
COMMAND LEFT START
COMMAND LEFT END
COMMAND RIGHT START
UPGRADE 139
COMMAND RIGHT END
TURN 146 RESULT
TIME LEFT 0 5 RIGHT 0 5
UPGRADE B 139
MOVE A15 44
MOVE A22 59
MOVE A33 59
MOVE A38 92
MOVE A39 44
MOVE A41 7
MOVE B19 146
MOVE B20 146
MOVE B21 146
MOVE B22 146
MOVE B23 146
MOVE B29 120
MOVE B30 146
MOVE B31 146
MOVE B32 146
MOVE B33 146
MOVE B34 146
MOVE B35 146
MOVE B36 146
MOVE B37 146
DAMAGE TURRET A19 1
DAMAGE COMBAT A19 1
DAMAGE COMBAT B29 6
SIEGE B 120 1
END TURN 146
TURN 147
COMMAND LEFT START
MOVE A42 103
MOVE A19 103
MOVE A20 103
MOVE A21 103
MOVE A23 103
MOVE A24 103
MOVE A25 103
MOVE A26 103
MOVE A27 103
MOVE A28 103
MOVE A29 103
MOVE A30 103
MOVE A31 103
MOVE A32 103
MOVE A34 103
MOVE A35 103
MOVE A36 103
TRAIN 1
COMMAND LEFT END
COMMAND RIGHT START
COMMAND RIGHT END
TURN 147 RESULT
TIME LEFT 0 5 RIGHT 0 5
TRAIN A43
MOVE A15 58
MOVE A19 111
MOVE A20 111
MOVE A21 92
MOVE A22 48
MOVE A23 92
MOVE A24 111
MOVE A25 111
MOVE A26 111
MOVE A27 111
MOVE A28 111
MOVE A29 111
MOVE A30 111
MOVE A31 111
MOVE A32 111
MOVE A33 48
MOVE A34 95
MOVE A35 95
MOVE A36 92
MOVE A38 103
MOVE A39 58
MOVE A41 16
MOVE A42 5
MOVE B19 127
MOVE B20 127
MOVE B21 127
MOVE B22 127
MOVE B23 127
MOVE B30 127
MOVE B31 127
MOVE B32 127
MOVE B33 127
MOVE B34 127
MOVE B35 127
MOVE B36 127
MOVE B37 127
END TURN 147
TURN 148
COMMAND LEFT START
MOVE A22 103
MOVE A33 103
COMMAND LEFT END
COMMAND RIGHT START
COMMAND RIGHT END
TURN 148 RESULT
TIME LEFT 0 5 RIGHT 0 5
MOVE A15 69
MOVE A19 103
MOVE A20 103
MOVE A21 103
MOVE A22 59
MOVE A23 103
MOVE A24 103
MOVE A25 103
MOVE A26 103
MOVE A27 103
MOVE A28 103
MOVE A29 103
MOVE A30 103
MOVE A31 103
MOVE A32 103
MOVE A33 59
MOVE A34 103
MOVE A35 103
MOVE A36 103
MOVE A39 69
MOVE A41 38
MOVE A42 7
MOVE B19 119
MOVE B20 119
MOVE B21 119
MOVE B22 119
MOVE B23 119
MOVE B30 119
MOVE B31 119
MOVE B32 119
MOVE B33 119
MOVE B34 119
MOVE B35 119
MOVE B36 119
MOVE B37 119
END TURN 148
TURN 149
COMMAND LEFT START
MOVE A24 139
MOVE A38 139
MOVE A37 139
MOVE A36 139
MOVE A35 139
MOVE A32 139
MOVE A31 139
MOVE A30 139
MOVE A29 139
MOVE A28 139
MOVE A27 139
COMMAND LEFT END
COMMAND RIGHT START
COMMAND RIGHT END
TURN 149 RESULT
TIME LEFT 0 5 RIGHT 0 5
MOVE A15 92
MOVE A22 67
MOVE A24 114
MOVE A27 114
MOVE A28 114
MOVE A29 114
MOVE A30 114
MOVE A31 114
MOVE A32 114
MOVE A33 67
MOVE A35 114
MOVE A36 114
MOVE A37 114
MOVE A38 114
MOVE A39 92
MOVE A41 44
MOVE A42 16
MOVE B19 102
MOVE B20 102
MOVE B21 102
MOVE B22 102
MOVE B23 102
MOVE B30 102
MOVE B31 102
MOVE B32 102
MOVE B33 102
MOVE B34 102
MOVE B35 102
MOVE B36 102
MOVE B37 102
END TURN 149
TURN 150
COMMAND LEFT START
COMMAND LEFT END
COMMAND RIGHT START
MOVE B33 40
MOVE B34 40
MOVE B35 40
MOVE B36 40
MOVE B37 40
MOVE B19 206
MOVE B20 206
MOVE B21 206
MOVE B22 206
MOVE B23 206
MOVE B30 4
MOVE B31 120
MOVE B32 41
COMMAND RIGHT END
TURN 150 RESULT
TIME LEFT 0 5 RIGHT 0 5
MOVE A15 103
MOVE A22 92
MOVE A24 139
MOVE A27 139
MOVE A28 139
MOVE A29 139
MOVE A30 139
MOVE A31 139
MOVE A32 139
MOVE A33 92
MOVE A35 139
MOVE A36 139
MOVE A37 139
MOVE A38 139
MOVE A39 103
MOVE A41 58
MOVE A42 38
MOVE B19 119
MOVE B20 119
MOVE B21 119
MOVE B22 119
MOVE B23 119
MOVE B30 85
MOVE B31 118
MOVE B32 118
MOVE B33 93
MOVE B34 93
MOVE B35 93
MOVE B36 93
MOVE B37 93
DAMAGE TURRET A24 1
DAMAGE COMBAT A24 1
DAMAGE COMBAT B28 6
SIEGE B 139 5
END TURN 150
TURN 151
COMMAND LEFT START
MOVE A43 103
TRAIN 1
COMMAND LEFT END
COMMAND RIGHT START
COMMAND RIGHT END
TURN 151 RESULT
TIME LEFT 0 5 RIGHT 0 5
TRAIN A44
MOVE A22 103
MOVE A33 103
MOVE A41 69
MOVE A42 44
MOVE A43 5
MOVE B19 127
MOVE B20 127
MOVE B21 127
MOVE B22 127
MOVE B23 127
MOVE B30 82
MOVE B31 116
MOVE B32 100
MOVE B33 78
MOVE B34 78
MOVE B35 78
MOVE B36 78
MOVE B37 78
DAMAGE TURRET A24 1
SIEGE B 139 1
END TURN 151
TURN 152
COMMAND LEFT START
MOVE A39 40
MOVE A33 40
MOVE A26 40
MOVE A25 40
MOVE A23 40
MOVE A22 40
MOVE A24 103
MOVE A27 103
MOVE A28 103
MOVE A29 103
MOVE A30 103
MOVE A31 103
MOVE A32 103
MOVE A35 103
MOVE A36 103
MOVE A37 103
MOVE A38 103
COMMAND LEFT END
COMMAND RIGHT START
COMMAND RIGHT END
TURN 152 RESULT
TIME LEFT 0 5 RIGHT 0 5
MOVE A22 89
MOVE A23 89
MOVE A24 114
MOVE A25 89
MOVE A26 89
MOVE A27 114
MOVE A28 114
MOVE A29 114
MOVE A30 114
MOVE A31 114
MOVE A32 114
MOVE A33 89
MOVE A35 114
MOVE A36 114
MOVE A37 114
MOVE A38 114
MOVE A39 89
MOVE A41 92
MOVE A42 58
MOVE A43 7
MOVE B19 146
MOVE B20 146
MOVE B21 146
MOVE B22 146
MOVE B23 146
MOVE B30 70
MOVE B31 125
MOVE B32 96
MOVE B33 53
MOVE B34 53
MOVE B35 53
MOVE B36 53
MOVE B37 53
END TURN 152
TURN 153
COMMAND LEFT START
MOVE A44 103
TRAIN 1
COMMAND LEFT END
COMMAND RIGHT START
COMMAND RIGHT END
TURN 153 RESULT
TIME LEFT 0 5 RIGHT 0 5
TRAIN A45
MOVE A22 84
MOVE A23 84
MOVE A24 103
MOVE A25 84
MOVE A26 84
MOVE A27 103
MOVE A28 103
MOVE A29 103
MOVE A30 103
MOVE A31 103
MOVE A32 103
MOVE A33 84
MOVE A35 103
MOVE A36 103
MOVE A37 103
MOVE A38 103
MOVE A39 84
MOVE A41 103
MOVE A42 69
MOVE A43 16
MOVE A44 5
MOVE B19 155
MOVE B20 155
MOVE B21 155
MOVE B22 155
MOVE B23 155
MOVE B30 57
MOVE B31 112
MOVE B32 80
MOVE B33 40
MOVE B34 40
MOVE B35 40
MOVE B36 40
MOVE B37 40
DAMAGE TURRET B33 1
DAMAGE COMBAT A9 5
DAMAGE COMBAT B33 1
END TURN 153
TURN 154
COMMAND LEFT START
MOVE A41 67
MOVE A38 67
MOVE A37 40
COMMAND LEFT END
COMMAND RIGHT START
MOVE B33 139
COMMAND RIGHT END
TURN 154 RESULT
TIME LEFT 0 5 RIGHT 0 5
MOVE A22 77
MOVE A23 77
MOVE A25 77
MOVE A26 77
MOVE A33 77
MOVE A37 89
MOVE A38 92
MOVE A39 77
MOVE A41 92
MOVE A42 92
MOVE A43 38
MOVE A44 7
MOVE B19 171
MOVE B20 171
MOVE B21 171
MOVE B22 171
MOVE B23 171
MOVE B30 42
MOVE B31 120
MOVE B32 77
MOVE B33 47
DAMAGE TURRET B34 1
DAMAGE COMBAT A22 1
DAMAGE COMBAT B32 6
SIEGE A 40 4
END TURN 154
TURN 155
COMMAND LEFT START
MOVE A20 48
MOVE A36 48
MOVE A45 103
TRAIN 1
COMMAND LEFT END
COMMAND RIGHT START
UPGRADE 120
COMMAND RIGHT END
TURN 155 RESULT
TIME LEFT 0 5 RIGHT 0 5
UPGRADE B 120
TRAIN A46
MOVE A20 92
MOVE A22 64
MOVE A23 64
MOVE A25 64
MOVE A26 64
MOVE A33 64
MOVE A36 92
MOVE A37 84
MOVE A38 67
MOVE A39 64
MOVE A41 67
MOVE A42 103
MOVE A43 44
MOVE A44 16
MOVE A45 5
MOVE B19 182
MOVE B20 182
MOVE B21 182
MOVE B22 182
MOVE B23 182
MOVE B30 33
MOVE B33 57
DAMAGE TURRET B34 1
SIEGE A 40 2
END TURN 155
TURN 156
COMMAND LEFT START
MOVE A38 103
MOVE A41 103
COMMAND LEFT END
COMMAND RIGHT START
UPGRADE 40
COMMAND RIGHT END
TURN 156 RESULT
TIME LEFT 0 5 RIGHT 0 5
UPGRADE B 40
MOVE A20 67
MOVE A22 57
MOVE A23 57
MOVE A25 57
MOVE A26 57
MOVE A33 57
MOVE A36 67
MOVE A37 77
MOVE A38 92
MOVE A39 57
MOVE A41 92
MOVE A43 58
MOVE A44 38
MOVE A45 7
MOVE B19 196
MOVE B20 196
MOVE B21 196
MOVE B22 196
MOVE B23 196
MOVE B30 17
MOVE B33 75
END TURN 156
TURN 157
COMMAND LEFT START
MOVE A21 120
MOVE A42 120
MOVE A35 120
MOVE A32 120
MOVE A31 120
MOVE A30 120
MOVE A29 120
MOVE A28 120
MOVE A27 120
MOVE A18 120
MOVE A17 120
COMMAND LEFT END
COMMAND RIGHT START
COMMAND RIGHT END
TURN 157 RESULT
TIME LEFT 0 5 RIGHT 0 5
MOVE A17 111
MOVE A18 111
MOVE A20 59
MOVE A21 111
MOVE A22 47
MOVE A23 47
MOVE A25 47
MOVE A26 47
MOVE A27 111
MOVE A28 111
MOVE A29 111
MOVE A30 111
MOVE A31 111
MOVE A32 111
MOVE A33 47
MOVE A35 111
MOVE A36 59
MOVE A37 64
MOVE A38 103
MOVE A39 47
MOVE A41 103
MOVE A42 111
MOVE A43 69
MOVE A44 44
MOVE A45 16
MOVE B19 203
MOVE B20 203
MOVE B21 203
MOVE B22 203
MOVE B23 203
MOVE B30 11
MOVE B33 80
END TURN 157
TURN 158
COMMAND LEFT START
MOVE A38 67
MOVE A41 67
COMMAND LEFT END
COMMAND RIGHT START
UPGRADE 120
TRAIN 1
COMMAND RIGHT END
TURN 158 RESULT
TIME LEFT 0 5 RIGHT 0 5
UPGRADE B 120
TRAIN B38
MOVE A17 120
MOVE A18 120
MOVE A20 48
MOVE A21 120
MOVE A22 40
MOVE A23 40
MOVE A25 40
MOVE A26 40
MOVE A27 120
MOVE A28 120
MOVE A29 120
MOVE A30 120
MOVE A31 120
MOVE A32 120
MOVE A33 40
MOVE A35 120
MOVE A36 48
MOVE A37 57
MOVE A38 92
MOVE A39 40
MOVE A41 92
MOVE A42 120
MOVE A43 92
MOVE A44 58
MOVE A45 38
MOVE B19 206
MOVE B20 206
MOVE B21 206
MOVE B22 206
MOVE B23 206
MOVE B30 4
MOVE B33 97
DAMAGE TURRET A17 1
DAMAGE TURRET A22 1
DAMAGE COMBAT A17 1
DAMAGE COMBAT A22 4
DAMAGE COMBAT B31 6
DAMAGE COMBAT B34 4
DAMAGE COMBAT B35 2
SIEGE B 120 5
END TURN 158
TURN 159
COMMAND LEFT START
MOVE A10 0
MOVE A12 0
MOVE A23 103
MOVE A25 103
MOVE A26 103
MOVE A33 103
MOVE A39 103
COMMAND LEFT END
COMMAND RIGHT START
MOVE B38 40
COMMAND RIGHT END
TURN 159 RESULT
TIME LEFT 0 5 RIGHT 0 5
MOVE A10 92
MOVE A12 92
MOVE A37 47
MOVE A38 67
MOVE A41 67
MOVE A43 103
MOVE A44 69
MOVE A45 44
MOVE B33 111
MOVE B38 203
DAMAGE TURRET A17 1
DAMAGE TURRET A23 1
DAMAGE COMBAT A23 3
DAMAGE COMBAT B35 4
DAMAGE COMBAT B36 1
SIEGE B 120 7
END TURN 159
TURN 160
COMMAND LEFT START
MOVE A46 103
MOVE A17 103
MOVE A18 103
MOVE A20 103
MOVE A21 103
MOVE A27 103
MOVE A28 103
MOVE A29 103
MOVE A30 103
MOVE A31 103
MOVE A32 103
MOVE A35 103
MOVE A36 103
MOVE A42 103
TRAIN 1
COMMAND LEFT END
COMMAND RIGHT START
COMMAND RIGHT END
TURN 160 RESULT
TIME LEFT 0 5 RIGHT 0 5
TRAIN A47
MOVE A10 69
MOVE A12 69
MOVE A17 111
MOVE A18 111
MOVE A20 59
MOVE A21 111
MOVE A27 111
MOVE A28 111
MOVE A29 111
MOVE A30 111
MOVE A31 111
MOVE A32 111
MOVE A35 111
MOVE A36 59
MOVE A37 40
MOVE A42 111
MOVE A44 92
MOVE A45 58
MOVE A46 5
MOVE B33 114
MOVE B38 196
DAMAGE TURRET A23 1
DAMAGE COMBAT A23 1
DAMAGE COMBAT A25 1
DAMAGE COMBAT B36 5
DAMAGE COMBAT B37 1
END TURN 160
TURN 161
COMMAND LEFT START
MOVE A37 103
COMMAND LEFT END
COMMAND RIGHT START
MOVE B30 40
COMMAND RIGHT END
TURN 161 RESULT
TIME LEFT 0 5 RIGHT 0 5
MOVE A10 58
MOVE A12 58
MOVE A17 103
MOVE A18 103
MOVE A20 67
MOVE A21 103
MOVE A27 103
MOVE A28 103
MOVE A29 103
MOVE A30 103
MOVE A31 103
MOVE A32 103
MOVE A35 103
MOVE A36 67
MOVE A42 103
MOVE A44 103
MOVE A45 69
MOVE A46 7
MOVE B30 11
MOVE B33 139
MOVE B38 182
DAMAGE TURRET A25 1
DAMAGE COMBAT A25 1
DAMAGE COMBAT B37 5
END TURN 161
TURN 162
COMMAND LEFT START
MOVE A27 40
MOVE A44 40
MOVE A43 40
MOVE A42 40
MOVE A35 40
MOVE A32 40
MOVE A31 40
MOVE A30 40
MOVE A29 40
MOVE A28 40
MOVE A21 40
COMMAND LEFT END
COMMAND RIGHT START
MOVE B19 41
MOVE B20 4
MOVE B21 40
MOVE B22 40
MOVE B23 40
MOVE B33 120
UPGRADE 139
COMMAND RIGHT END
TURN 162 RESULT
TIME LEFT 0 5 RIGHT 0 5
UPGRADE B 139
MOVE A10 44
MOVE A12 44
MOVE A20 92
MOVE A21 89
MOVE A25 47
MOVE A26 47
MOVE A27 89
MOVE A28 89
MOVE A29 89
MOVE A30 89
MOVE A31 89
MOVE A32 89
MOVE A33 47
MOVE A35 89
MOVE A36 92
MOVE A37 47
MOVE A39 47
MOVE A42 89
MOVE A43 89
MOVE A44 89
MOVE A45 92
MOVE A46 16
MOVE B19 201
MOVE B20 201
MOVE B21 203
MOVE B22 203
MOVE B23 203
MOVE B30 15
MOVE B33 137
MOVE B38 171
END TURN 162
TURN 163
COMMAND LEFT START
MOVE A38 103
MOVE A41 103
COMMAND LEFT END
COMMAND RIGHT START
COMMAND RIGHT END
TURN 163 RESULT
TIME LEFT 2 5 RIGHT 2 5
MOVE A10 38
MOVE A12 38
MOVE A20 103
MOVE A21 84
MOVE A25 57
MOVE A26 57
MOVE A27 84
MOVE A28 84
MOVE A29 84
MOVE A30 84
MOVE A31 84
MOVE A32 84
MOVE A33 57
MOVE A35 84
MOVE A36 103
MOVE A37 57
MOVE A38 92
MOVE A39 57
MOVE A41 92
MOVE A42 84
MOVE A43 84
MOVE A44 84
MOVE A45 103
MOVE A46 38
MOVE B19 199
MOVE B20 197
MOVE B21 196
MOVE B22 196
MOVE B23 196
MOVE B30 21
MOVE B33 134
MOVE B38 163
END TURN 163
TURN 164
COMMAND LEFT START
COMMAND LEFT END
COMMAND RIGHT START
COMMAND RIGHT END
TURN 164 RESULT
TIME LEFT 0 5 RIGHT 0 5
MOVE A10 16
MOVE A12 16
MOVE A21 77
MOVE A25 64
MOVE A26 64
MOVE A27 77
MOVE A28 77
MOVE A29 77
MOVE A30 77
MOVE A31 77
MOVE A32 77
MOVE A33 64
MOVE A35 77
MOVE A37 64
MOVE A38 103
MOVE A39 64
MOVE A41 103
MOVE A42 77
MOVE A43 77
MOVE A44 77
MOVE A46 44
MOVE B19 190
MOVE B20 181
MOVE B21 182
MOVE B22 182
MOVE B23 182
MOVE B30 26
MOVE B33 120
MOVE B38 145
END TURN 164
TURN 165
COMMAND LEFT START
MOVE A47 103
TRAIN 1
COMMAND LEFT END
COMMAND RIGHT START
UPGRADE 120
COMMAND RIGHT END
TURN 165 RESULT
TIME LEFT 0 5 RIGHT 0 5
UPGRADE B 120
TRAIN A48
MOVE A10 7
MOVE A12 7
MOVE A21 64
MOVE A25 77
MOVE A26 77
MOVE A27 64
MOVE A28 64
MOVE A29 64
MOVE A30 64
MOVE A31 64
MOVE A32 64
MOVE A33 77
MOVE A35 64
MOVE A37 77
MOVE A39 77
MOVE A42 64
MOVE A43 64
MOVE A44 64
MOVE A46 58
MOVE A47 5
MOVE B19 168
MOVE B20 167
MOVE B21 171
MOVE B22 171
MOVE B23 171
MOVE B30 29
MOVE B38 132
END TURN 165
TURN 166
COMMAND LEFT START
COMMAND LEFT END
COMMAND RIGHT START
UPGRADE 120
COMMAND RIGHT END
TURN 166 RESULT
TIME LEFT 0 5 RIGHT 0 5
UPGRADE B 120
MOVE A10 5
MOVE A12 5
MOVE A21 57
MOVE A25 84
MOVE A26 84
MOVE A27 57
MOVE A28 57
MOVE A29 57
MOVE A30 57
MOVE A31 57
MOVE A32 57
MOVE A33 84
MOVE A35 57
MOVE A37 84
MOVE A39 84
MOVE A42 57
MOVE A43 57
MOVE A44 57
MOVE A46 69
MOVE A47 7
MOVE B19 162
MOVE B20 154
MOVE B21 163
MOVE B22 163
MOVE B23 163
MOVE B30 40
MOVE B38 116
END TURN 166
TURN 167
COMMAND LEFT START
MOVE A48 103
TRAIN 1
COMMAND LEFT END
COMMAND RIGHT START
COMMAND RIGHT END
TURN 167 RESULT
TIME LEFT 0 5 RIGHT 0 5
TRAIN A49
MOVE A10 0
MOVE A12 0
MOVE A21 47
MOVE A25 89
MOVE A26 89
MOVE A27 47
MOVE A28 47
MOVE A29 47
MOVE A30 47
MOVE A31 47
MOVE A32 47
MOVE A33 89
MOVE A35 47
MOVE A37 89
MOVE A39 89
MOVE A42 47
MOVE A43 47
MOVE A44 47
MOVE A46 92
MOVE A47 16
MOVE A48 5
MOVE B19 147
MOVE B20 143
MOVE B21 145
MOVE B22 145
MOVE B23 145
MOVE B38 100
END TURN 167
TURN 168
COMMAND LEFT START
MOVE A49 103
MOVE A40 103
MOVE A10 103
MOVE A12 103
COMMAND LEFT END
COMMAND RIGHT START
COMMAND RIGHT END
TURN 168 RESULT
TIME LEFT 0 5 RIGHT 0 5
MOVE A10 5
MOVE A12 5
MOVE A21 40
MOVE A25 103
MOVE A26 103
MOVE A27 40
MOVE A28 40
MOVE A29 40
MOVE A30 40
MOVE A31 40
MOVE A32 40
MOVE A33 103
MOVE A35 40
MOVE A37 103
MOVE A39 103
MOVE A40 5
MOVE A42 40
MOVE A43 40
MOVE A44 40
MOVE A46 103
MOVE A47 38
MOVE A48 7
MOVE A49 5
MOVE B19 139
MOVE B20 134
MOVE B21 132
MOVE B22 132
MOVE B23 132
MOVE B38 83
DAMAGE TURRET A21 1
DAMAGE COMBAT A21 1
DAMAGE COMBAT B30 6
SIEGE B 40 5
END TURN 168
TURN 169
COMMAND LEFT START
COMMAND LEFT END
COMMAND RIGHT START
UPGRADE 139
COMMAND RIGHT END
TURN 169 RESULT
TIME LEFT 0 5 RIGHT 0 5
UPGRADE B 139
MOVE A10 7
MOVE A12 7
MOVE A40 7
MOVE A47 44
MOVE A48 16
MOVE A49 7
MOVE B19 117
MOVE B20 111
MOVE B21 116
MOVE B22 116
MOVE B23 116
MOVE B38 70
DAMAGE TURRET A21 1
SIEGE B 40 1
END TURN 169
TURN 170
COMMAND LEFT START
MOVE A46 67
MOVE A45 67
MOVE A41 86
MOVE A18 86
MOVE A21 103
MOVE A27 103
MOVE A28 103
MOVE A29 103
MOVE A30 103
MOVE A31 103
MOVE A32 103
MOVE A35 103
MOVE A42 103
MOVE A43 103
MOVE A44 103
COMMAND LEFT END
COMMAND RIGHT START
UPGRADE 166
COMMAND RIGHT END
TURN 170 RESULT
TIME LEFT 0 5 RIGHT 0 5
UPGRADE B 166
MOVE A10 16
MOVE A12 16
MOVE A18 95
MOVE A21 47
MOVE A27 47
MOVE A28 47
MOVE A29 47
MOVE A30 47
MOVE A31 47
MOVE A32 47
MOVE A35 47
MOVE A40 16
MOVE A41 95
MOVE A42 47
MOVE A43 47
MOVE A44 47
MOVE A45 92
MOVE A46 92
MOVE A47 58
MOVE A48 38
MOVE A49 16
MOVE B19 95
MOVE B20 89
MOVE B21 100
MOVE B22 100
MOVE B23 100
MOVE B38 62
DAMAGE COMBAT A18 1
DAMAGE COMBAT B19 2
END TURN 170
TURN 171
COMMAND LEFT START
MOVE A39 67
COMMAND LEFT END
COMMAND RIGHT START
COMMAND RIGHT END
TURN 171 RESULT
TIME LEFT 0 5 RIGHT 0 5
MOVE A10 38
MOVE A12 38
MOVE A21 57
MOVE A27 57
MOVE A28 57
MOVE A29 57
MOVE A30 57
MOVE A31 57
MOVE A32 57
MOVE A35 57
MOVE A39 92
MOVE A40 38
MOVE A42 57
MOVE A43 57
MOVE A44 57
MOVE A45 67
MOVE A46 67
MOVE A47 69
MOVE A48 44
MOVE A49 38
MOVE B20 67
MOVE B21 83
MOVE B22 83
MOVE B23 83
MOVE B38 47
DAMAGE TURRET B20 1
DAMAGE COMBAT A6 1
DAMAGE COMBAT A18 1
DAMAGE COMBAT B19 2
DAMAGE COMBAT B20 3
END TURN 171
TURN 172
COMMAND LEFT START
MOVE A20 48
MOVE A38 48
COMMAND LEFT END
COMMAND RIGHT START
COMMAND RIGHT END
TURN 172 RESULT
TIME LEFT 0 5 RIGHT 0 5
MOVE A10 44
MOVE A12 44
MOVE A20 92
MOVE A21 64
MOVE A27 64
MOVE A28 64
MOVE A29 64
MOVE A30 64
MOVE A31 64
MOVE A32 64
MOVE A35 64
MOVE A38 92
MOVE A39 67
MOVE A40 44
MOVE A42 64
MOVE A43 64
MOVE A44 64
MOVE A47 92
MOVE A48 58
MOVE A49 44
MOVE B21 70
MOVE B22 70
MOVE B23 70
MOVE B38 40
DAMAGE TURRET B20 1
DAMAGE COMBAT A6 1
DAMAGE COMBAT A18 1
DAMAGE COMBAT B19 2
DAMAGE COMBAT B20 1
END TURN 172
TURN 173
COMMAND LEFT START
COMMAND LEFT END
COMMAND RIGHT START
MOVE B38 139
UPGRADE 102
COMMAND RIGHT END
TURN 173 RESULT
TIME LEFT 0 5 RIGHT 0 5
UPGRADE B 102
MOVE A10 58
MOVE A12 58
MOVE A18 86
MOVE A20 67
MOVE A21 77
MOVE A27 77
MOVE A28 77
MOVE A29 77
MOVE A30 77
MOVE A31 77
MOVE A32 77
MOVE A35 77
MOVE A38 67
MOVE A40 58
MOVE A41 86
MOVE A42 77
MOVE A43 77
MOVE A44 77
MOVE A47 103
MOVE A48 69
MOVE A49 58
MOVE B21 62
MOVE B22 62
MOVE B23 62
MOVE B38 47
END TURN 173
TURN 174
COMMAND LEFT START
TRAIN 1
COMMAND LEFT END
COMMAND RIGHT START
TRAIN 1
COMMAND RIGHT END
TURN 174 RESULT
TIME LEFT 0 5 RIGHT 0 5
TRAIN A50 B39
MOVE A10 69
MOVE A12 69
MOVE A20 59
MOVE A21 84
MOVE A27 84
MOVE A28 84
MOVE A29 84
MOVE A30 84
MOVE A31 84
MOVE A32 84
MOVE A35 84
MOVE A38 59
MOVE A40 69
MOVE A42 84
MOVE A43 84
MOVE A44 84
MOVE A48 92
MOVE A49 69
MOVE B21 47
MOVE B22 47
MOVE B23 47
MOVE B38 57
END TURN 174
TURN 175
COMMAND LEFT START
MOVE A18 103
MOVE A39 103
MOVE A41 103
MOVE A45 103
MOVE A46 103
COMMAND LEFT END
COMMAND RIGHT START
MOVE B39 166
COMMAND RIGHT END
TURN 175 RESULT
TIME LEFT 0 5 RIGHT 0 5
MOVE A10 92
MOVE A12 92
MOVE A18 95
MOVE A20 48
MOVE A21 89
MOVE A27 89
MOVE A28 89
MOVE A29 89
MOVE A30 89
MOVE A31 89
MOVE A32 89
MOVE A35 89
MOVE A38 48
MOVE A39 92
MOVE A40 92
MOVE A41 95
MOVE A42 89
MOVE A43 89
MOVE A44 89
MOVE A45 92
MOVE A46 92
MOVE A48 103
MOVE A49 92
MOVE B21 40
MOVE B22 40
MOVE B23 40
MOVE B38 75
MOVE B39 201
END TURN 175
TURN 176
COMMAND LEFT START
MOVE A20 103
MOVE A38 103
COMMAND LEFT END
COMMAND RIGHT START
MOVE B21 120
MOVE B22 139
MOVE B23 102
COMMAND RIGHT END
TURN 176 RESULT
TIME LEFT 0 5 RIGHT 0 5
MOVE A10 103
MOVE A12 103
MOVE A18 103
MOVE A20 59
MOVE A21 103
MOVE A27 103
MOVE A28 103
MOVE A29 103
MOVE A30 103
MOVE A31 103
MOVE A32 103
MOVE A35 103
MOVE A38 59
MOVE A39 103
MOVE A40 103
MOVE A41 103
MOVE A42 103
MOVE A43 103
MOVE A44 103
MOVE A45 103
MOVE A46 103
MOVE A49 103
MOVE B21 47
MOVE B22 47
MOVE B23 53
MOVE B38 80
MOVE B39 199
END TURN 176
TURN 177
COMMAND LEFT START
MOVE A41 67
MOVE A31 67
COMMAND LEFT END
COMMAND RIGHT START
UPGRADE 120
COMMAND RIGHT END
TURN 177 RESULT
TIME LEFT 0 5 RIGHT 0 5
UPGRADE B 120
MOVE A20 67
MOVE A31 92
MOVE A38 67
MOVE A41 92
MOVE B21 57
MOVE B22 57
MOVE B23 78
MOVE B38 97
MOVE B39 194
END TURN 177
TURN 178
COMMAND LEFT START
COMMAND LEFT END
COMMAND RIGHT START
TRAIN 1
COMMAND RIGHT END
TURN 178 RESULT
TIME LEFT 0 5 RIGHT 0 5
TRAIN B40
MOVE A20 92
MOVE A31 67
MOVE A38 92
MOVE A41 67
MOVE B21 76
MOVE B22 75
MOVE B23 93
MOVE B38 111
MOVE B39 195
END TURN 178
TURN 179
COMMAND LEFT START
COMMAND LEFT END
COMMAND RIGHT START
MOVE B40 120
COMMAND RIGHT END
TURN 179 RESULT
TIME LEFT 0 5 RIGHT 0 5
MOVE A20 103
MOVE A38 103
MOVE B21 96
MOVE B22 80
MOVE B23 102
MOVE B38 114
MOVE B39 191
MOVE B40 201
END TURN 179
TURN 180
COMMAND LEFT START
COMMAND LEFT END
COMMAND RIGHT START
COMMAND RIGHT END
TURN 180 RESULT
TIME LEFT 3 5 RIGHT 0 5
MOVE B21 99
MOVE B22 97
MOVE B38 139
MOVE B39 185
MOVE B40 197
END TURN 180
TURN 181
COMMAND LEFT START
COMMAND LEFT END
COMMAND RIGHT START
UPGRADE 139
COMMAND RIGHT END
TURN 181 RESULT
TIME LEFT 0 5 RIGHT 0 5
UPGRADE B 139
MOVE B21 112
MOVE B22 111
MOVE B39 180
MOVE B40 181
END TURN 181
TURN 182
COMMAND LEFT START
COMMAND LEFT END
COMMAND RIGHT START
TRAIN 1
COMMAND RIGHT END
TURN 182 RESULT
TIME LEFT 0 5 RIGHT 0 5
TRAIN B41
MOVE B21 120
MOVE B22 114
MOVE B39 177
MOVE B40 167
END TURN 182
TURN 183
COMMAND LEFT START
MOVE A40 120
MOVE A30 120
MOVE A32 120
MOVE A33 120
MOVE A35 120
MOVE A36 120
MOVE A37 120
MOVE A38 120
MOVE A39 120
MOVE A29 120
MOVE A42 120
MOVE A43 120
MOVE A44 120
MOVE A45 120
MOVE A46 120
MOVE A47 120
MOVE A48 120
MOVE A49 120
MOVE A28 120
MOVE A27 120
MOVE A26 120
MOVE A20 120
MOVE A10 120
COMMAND LEFT END
COMMAND RIGHT START
MOVE B41 139
COMMAND RIGHT END
TURN 183 RESULT
TIME LEFT 0 5 RIGHT 0 5
MOVE A10 111
MOVE A20 111
MOVE A26 111
MOVE A27 111
MOVE A28 111
MOVE A29 111
MOVE A30 111
MOVE A32 111
MOVE A33 111
MOVE A35 111
MOVE A36 111
MOVE A37 111
MOVE A38 111
MOVE A39 111
MOVE A40 111
MOVE A42 111
MOVE A43 111
MOVE A44 111
MOVE A45 111
MOVE A46 111
MOVE A47 111
MOVE A48 111
MOVE A49 111
MOVE B22 139
MOVE B39 166
MOVE B40 154
MOVE B41 201
END TURN 183
TURN 184
COMMAND LEFT START
COMMAND LEFT END
COMMAND RIGHT START
UPGRADE 116
TRAIN 2
COMMAND RIGHT END
TURN 184 RESULT
TIME LEFT 0 5 RIGHT 0 5
UPGRADE B 116
TRAIN B42 B43
MOVE A10 120
MOVE A20 120
MOVE A26 120
MOVE A27 120
MOVE A28 120
MOVE A29 120
MOVE A30 120
MOVE A32 120
MOVE A33 120
MOVE A35 120
MOVE A36 120
MOVE A37 120
MOVE A38 120
MOVE A39 120
MOVE A40 120
MOVE A42 120
MOVE A43 120
MOVE A44 120
MOVE A45 120
MOVE A46 120
MOVE A47 120
MOVE A48 120
MOVE A49 120
MOVE B40 143
MOVE B41 199
DAMAGE TURRET A10 2
DAMAGE COMBAT A10 2
DAMAGE COMBAT B21 6
DAMAGE COMBAT B33 4
SIEGE B 120 13
END TURN 184
TURN 185
COMMAND LEFT START
MOVE A31 103
MOVE A41 103
COMMAND LEFT END
COMMAND RIGHT START
TRAIN 2
COMMAND RIGHT END
TURN 185 RESULT
TIME LEFT 0 5 RIGHT 0 5
TRAIN B44 B45
MOVE A31 92
MOVE A41 92
MOVE B40 134
MOVE B41 190
DAMAGE TURRET A10 1
DAMAGE TURRET A20 1
SIEGE B 120 5
END TURN 185
TURN 186
COMMAND LEFT START
MOVE A20 103
MOVE A26 103
MOVE A27 103
MOVE A28 103
MOVE A29 103
MOVE A30 103
MOVE A32 103
MOVE A33 103
MOVE A35 103
MOVE A36 103
MOVE A37 103
MOVE A38 103
MOVE A39 103
MOVE A40 103
MOVE A42 103
MOVE A43 103
MOVE A44 103
MOVE A45 103
MOVE A46 103
MOVE A47 103
MOVE A48 103
MOVE A49 103
COMMAND LEFT END
COMMAND RIGHT START
TRAIN 2
COMMAND RIGHT END
TURN 186 RESULT
TIME LEFT 0 5 RIGHT 0 5
TRAIN B46 B47
MOVE A20 111
MOVE A26 111
MOVE A27 111
MOVE A28 111
MOVE A29 111
MOVE A30 111
MOVE A31 103
MOVE A32 111
MOVE A33 111
MOVE A35 111
MOVE A36 111
MOVE A37 111
MOVE A38 111
MOVE A39 111
MOVE A40 111
MOVE A41 103
MOVE A42 111
MOVE A43 111
MOVE A44 111
MOVE A45 111
MOVE A46 111
MOVE A47 111
MOVE A48 111
MOVE A49 111
MOVE B40 120
MOVE B41 168
END TURN 186
TURN 187
COMMAND LEFT START
TRAIN 1
COMMAND LEFT END
COMMAND RIGHT START
MOVE B47 116
TRAIN 2
COMMAND RIGHT END
TURN 187 RESULT
TIME LEFT 0 5 RIGHT 0 5
TRAIN A51 B48 B49
MOVE A20 103
MOVE A26 103
MOVE A27 103
MOVE A28 103
MOVE A29 103
MOVE A30 103
MOVE A32 103
MOVE A33 103
MOVE A35 103
MOVE A36 103
MOVE A37 103
MOVE A38 103
MOVE A39 103
MOVE A40 103
MOVE A42 103
MOVE A43 103
MOVE A44 103
MOVE A45 103
MOVE A46 103
MOVE A47 103
MOVE A48 103
MOVE A49 103
MOVE B41 162
MOVE B47 203
END TURN 187
TURN 188
COMMAND LEFT START
COMMAND LEFT END
COMMAND RIGHT START
MOVE B48 41
MOVE B49 4
TRAIN 1
COMMAND RIGHT END
TURN 188 RESULT
TIME LEFT 0 5 RIGHT 0 5
TRAIN B50
MOVE B41 147
MOVE B47 196
MOVE B48 201
MOVE B49 201
END TURN 188
TURN 189
COMMAND LEFT START
COMMAND LEFT END
COMMAND RIGHT START
TRAIN 2
COMMAND RIGHT END
TURN 189 RESULT
TIME LEFT 0 5 RIGHT 0 5
TRAIN B51 B52
MOVE B41 139
MOVE B47 182
MOVE B48 199
MOVE B49 197
END TURN 189
TURN 190
COMMAND LEFT START
COMMAND LEFT END
COMMAND RIGHT START
TRAIN 2
COMMAND RIGHT END
TURN 190 RESULT
TIME LEFT 0 5 RIGHT 0 5
TRAIN B53 B54
MOVE B47 171
MOVE B48 190
MOVE B49 181
END TURN 190
TURN 191
COMMAND LEFT START
COMMAND LEFT END
COMMAND RIGHT START
TRAIN 2
COMMAND RIGHT END
TURN 191 RESULT
TIME LEFT 0 5 RIGHT 3 5
TRAIN B55 B56
MOVE B47 163
MOVE B48 168
MOVE B49 167
END TURN 191
TURN 192
COMMAND LEFT START
COMMAND LEFT END
COMMAND RIGHT START
TRAIN 2
COMMAND RIGHT END
TURN 192 RESULT
TIME LEFT 0 5 RIGHT 0 5
TRAIN B57 B58
MOVE B47 145
MOVE B48 162
MOVE B49 154
END TURN 192
TURN 193
COMMAND LEFT START
MOVE A41 139
MOVE A32 139
MOVE A33 139
MOVE A35 139
MOVE A36 139
MOVE A37 139
MOVE A38 139
MOVE A39 139
MOVE A40 139
MOVE A31 139
MOVE A42 139
MOVE A43 139
MOVE A44 139
MOVE A45 139
MOVE A46 139
MOVE A47 139
MOVE A48 139
MOVE A49 139
MOVE A30 139
MOVE A29 139
MOVE A28 139
MOVE A27 139
MOVE A26 139
COMMAND LEFT END
COMMAND RIGHT START
TRAIN 2
COMMAND RIGHT END
TURN 193 RESULT
TIME LEFT 0 5 RIGHT 0 5
TRAIN B59 B60
MOVE A26 114
MOVE A27 114
MOVE A28 114
MOVE A29 114
MOVE A30 114
MOVE A31 114
MOVE A32 114
MOVE A33 114
MOVE A35 114
MOVE A36 114
MOVE A37 114
MOVE A38 114
MOVE A39 114
MOVE A40 114
MOVE A41 114
MOVE A42 114
MOVE A43 114
MOVE A44 114
MOVE A45 114
MOVE A46 114
MOVE A47 114
MOVE A48 114
MOVE A49 114
MOVE B47 132
MOVE B48 147
MOVE B49 143
END TURN 193
TURN 194
COMMAND LEFT START
COMMAND LEFT END
COMMAND RIGHT START
TRAIN 2
COMMAND RIGHT END
TURN 194 RESULT
TIME LEFT 0 5 RIGHT 0 5
TRAIN B61 B62
MOVE A26 139
MOVE A27 139
MOVE A28 139
MOVE A29 139
MOVE A30 139
MOVE A31 139
MOVE A32 139
MOVE A33 139
MOVE A35 139
MOVE A36 139
MOVE A37 139
MOVE A38 139
MOVE A39 139
MOVE A40 139
MOVE A41 139
MOVE A42 139
MOVE A43 139
MOVE A44 139
MOVE A45 139
MOVE A46 139
MOVE A47 139
MOVE A48 139
MOVE A49 139
MOVE B47 116
MOVE B48 139
MOVE B49 134
DAMAGE TURRET A26 2
DAMAGE COMBAT A26 4
DAMAGE COMBAT B22 6
DAMAGE COMBAT B38 6
DAMAGE COMBAT B41 6
DAMAGE COMBAT B48 5
END TURN 194
TURN 195
COMMAND LEFT START
COMMAND LEFT END
COMMAND RIGHT START
MOVE B50 139
MOVE B51 139
MOVE B52 139
MOVE B53 139
MOVE B54 139
MOVE B55 139
MOVE B56 139
MOVE B57 139
MOVE B58 139
MOVE B59 139
MOVE B60 139
MOVE B61 139
MOVE B62 139
COMMAND RIGHT END
TURN 195 RESULT
TIME LEFT 0 5 RIGHT 1 5
MOVE B49 111
MOVE B50 201
MOVE B51 201
MOVE B52 201
MOVE B53 201
MOVE B54 201
MOVE B55 201
MOVE B56 201
MOVE B57 201
MOVE B58 201
MOVE B59 201
MOVE B60 201
MOVE B61 201
MOVE B62 201
DAMAGE TURRET A27 2
DAMAGE COMBAT A27 1
DAMAGE COMBAT B48 1
SIEGE B 139 18
END TURN 195
TURN 196
COMMAND LEFT START
MOVE A12 67
MOVE A13 67
MOVE A51 103
MOVE A27 103
MOVE A28 103
MOVE A29 103
MOVE A30 103
MOVE A31 103
MOVE A32 103
MOVE A33 103
MOVE A35 103
MOVE A36 103
MOVE A37 103
MOVE A38 103
MOVE A39 103
MOVE A40 103
MOVE A41 103
MOVE A42 103
MOVE A43 103
MOVE A44 103
MOVE A45 103
MOVE A46 103
MOVE A47 103
MOVE A48 103
MOVE A49 103
TRAIN 1
COMMAND LEFT END
COMMAND RIGHT START
COMMAND RIGHT END
TURN 196 RESULT
TIME LEFT 0 5 RIGHT 0 5
TRAIN A52
MOVE A12 92
MOVE A13 92
MOVE A27 114
MOVE A28 114
MOVE A29 114
MOVE A30 114
MOVE A31 114
MOVE A32 114
MOVE A33 114
MOVE A35 114
MOVE A36 114
MOVE A37 114
MOVE A38 114
MOVE A39 114
MOVE A40 114
MOVE A41 114
MOVE A42 114
MOVE A43 114
MOVE A44 114
MOVE A45 114
MOVE A46 114
MOVE A47 114
MOVE A48 114
MOVE A49 114
MOVE A51 5
MOVE B49 89
MOVE B50 199
MOVE B51 199
MOVE B52 199
MOVE B53 199
MOVE B54 199
MOVE B55 199
MOVE B56 199
MOVE B57 199
MOVE B58 199
MOVE B59 199
MOVE B60 199
MOVE B61 199
MOVE B62 199
END TURN 196
TURN 197
COMMAND LEFT START
COMMAND LEFT END
COMMAND RIGHT START
UPGRADE 120
COMMAND RIGHT END
TURN 197 RESULT
TIME LEFT 0 5 RIGHT 0 5
UPGRADE B 120
MOVE A12 67
MOVE A13 67
MOVE A27 103
MOVE A28 103
MOVE A29 103
MOVE A30 103
MOVE A31 103
MOVE A32 103
MOVE A33 103
MOVE A35 103
MOVE A36 103
MOVE A37 103
MOVE A38 103
MOVE A39 103
MOVE A40 103
MOVE A41 103
MOVE A42 103
MOVE A43 103
MOVE A44 103
MOVE A45 103
MOVE A46 103
MOVE A47 103
MOVE A48 103
MOVE A49 103
MOVE A51 7
MOVE B49 67
MOVE B50 190
MOVE B51 190
MOVE B52 190
MOVE B53 190
MOVE B54 190
MOVE B55 190
MOVE B56 190
MOVE B57 190
MOVE B58 190
MOVE B59 190
MOVE B60 190
MOVE B61 190
MOVE B62 190
DAMAGE TURRET B49 1
DAMAGE COMBAT A6 1
DAMAGE COMBAT B49 3
END TURN 197
TURN 198
COMMAND LEFT START
MOVE A42 48
MOVE A33 48
COMMAND LEFT END
COMMAND RIGHT START
MOVE B42 120
MOVE B43 120
MOVE B44 120
MOVE B45 120
MOVE B46 120
COMMAND RIGHT END
TURN 198 RESULT
TIME LEFT 4 5 RIGHT 4 5
MOVE A33 92
MOVE A42 92
MOVE A51 16
MOVE B42 201
MOVE B43 201
MOVE B44 201
MOVE B45 201
MOVE B46 201
MOVE B50 168
MOVE B51 168
MOVE B52 168
MOVE B53 168
MOVE B54 168
MOVE B55 168
MOVE B56 168
MOVE B57 168
MOVE B58 168
MOVE B59 168
MOVE B60 168
MOVE B61 168
MOVE B62 168
DAMAGE TURRET B49 1
DAMAGE COMBAT A12 1
DAMAGE COMBAT B49 1
END TURN 198
TURN 199
COMMAND LEFT START
MOVE A31 120
MOVE A49 120
MOVE A48 120
MOVE A47 120
MOVE A46 120
MOVE A45 120
MOVE A44 120
MOVE A43 120
MOVE A41 120
MOVE A40 120
MOVE A39 120
COMMAND LEFT END
COMMAND RIGHT START
COMMAND RIGHT END
TURN 199 RESULT
TIME LEFT 0 5 RIGHT 0 5
MOVE A31 111
MOVE A33 67
MOVE A39 111
MOVE A40 111
MOVE A41 111
MOVE A42 67
MOVE A43 111
MOVE A44 111
MOVE A45 111
MOVE A46 111
MOVE A47 111
MOVE A48 111
MOVE A49 111
MOVE A51 38
MOVE B42 197
MOVE B43 197
MOVE B44 197
MOVE B45 197
MOVE B46 197
MOVE B50 162
MOVE B51 162
MOVE B52 162
MOVE B53 162
MOVE B54 162
MOVE B55 162
MOVE B56 162
MOVE B57 162
MOVE B58 162
MOVE B59 162
MOVE B60 162
MOVE B61 162
MOVE B62 162
END TURN 199
TURN 200
COMMAND LEFT START
COMMAND LEFT END
COMMAND RIGHT START
COMMAND RIGHT END
TURN 200 RESULT
TIME LEFT 0 5 RIGHT 0 5
MOVE A31 120
MOVE A33 59
MOVE A39 120
MOVE A40 120
MOVE A41 120
MOVE A42 59
MOVE A43 120
MOVE A44 120
MOVE A45 120
MOVE A46 120
MOVE A47 120
MOVE A48 120
MOVE A49 120
MOVE A51 44
MOVE B42 181
MOVE B43 181
MOVE B44 181
MOVE B45 181
MOVE B46 181
MOVE B50 147
MOVE B51 147
MOVE B52 147
MOVE B53 147
MOVE B54 147
MOVE B55 147
MOVE B56 147
MOVE B57 147
MOVE B58 147
MOVE B59 147
MOVE B60 147
MOVE B61 147
MOVE B62 147
DAMAGE TURRET A31 1
DAMAGE COMBAT A31 1
DAMAGE COMBAT B40 6
SIEGE B 120 5
END TURN 200
TURN 201
COMMAND LEFT START
MOVE A52 103
MOVE A12 103
MOVE A13 103
TRAIN 1
COMMAND LEFT END
COMMAND RIGHT START
COMMAND RIGHT END
TURN 201 RESULT
TIME LEFT 0 5 RIGHT 1 5
TRAIN A53
MOVE A12 92
MOVE A13 92
MOVE A33 48
MOVE A42 48
MOVE A51 58
MOVE A52 5
MOVE B42 167
MOVE B43 167
MOVE B44 167
MOVE B45 167
MOVE B46 167
MOVE B50 139
MOVE B51 139
MOVE B52 139
MOVE B53 139
MOVE B54 139
MOVE B55 139
MOVE B56 139
MOVE B57 139
MOVE B58 139
MOVE B59 139
MOVE B60 139
MOVE B61 139
MOVE B62 139
DAMAGE TURRET A31 1
SIEGE B 120 1
END TURN 201
TURN 202
COMMAND LEFT START
MOVE A31 103
MOVE A33 103
MOVE A39 103
MOVE A40 103
MOVE A41 103
MOVE A42 103
MOVE A43 103
MOVE A44 103
MOVE A45 103
MOVE A46 103
MOVE A47 103
MOVE A48 103
MOVE A49 103
COMMAND LEFT END
COMMAND RIGHT START
MOVE B50 41
MOVE B52 4
MOVE B53 120
MOVE B54 102
MOVE B55 102
MOVE B56 102
MOVE B57 102
MOVE B58 102
MOVE B59 102
MOVE B60 102
MOVE B61 102
MOVE B62 102
UPGRADE 139
COMMAND RIGHT END
TURN 202 RESULT
TIME LEFT 0 5 RIGHT 0 5
UPGRADE B 139
MOVE A12 103
MOVE A13 103
MOVE A31 111
MOVE A33 59
MOVE A39 111
MOVE A40 111
MOVE A41 111
MOVE A42 59
MOVE A43 111
MOVE A44 111
MOVE A45 111
MOVE A46 111
MOVE A47 111
MOVE A48 111
MOVE A49 111
MOVE A51 69
MOVE A52 7
MOVE B42 154
MOVE B43 154
MOVE B44 154
MOVE B45 154
MOVE B46 154
MOVE B50 117
MOVE B52 117
MOVE B53 137
MOVE B54 137
MOVE B55 137
MOVE B56 137
MOVE B57 137
MOVE B58 137
MOVE B59 137
MOVE B60 137
MOVE B61 137
MOVE B62 137
END TURN 202
TURN 203
COMMAND LEFT START
MOVE A38 86
MOVE A37 86
MOVE A36 86
COMMAND LEFT END
COMMAND RIGHT START
COMMAND RIGHT END
TURN 203 RESULT
TIME LEFT 0 5 RIGHT 0 5
MOVE A31 103
MOVE A33 67
MOVE A36 95
MOVE A37 95
MOVE A38 95
MOVE A39 103
MOVE A40 103
MOVE A41 103
MOVE A42 67
MOVE A43 103
MOVE A44 103
MOVE A45 103
MOVE A46 103
MOVE A47 103
MOVE A48 103
MOVE A49 103
MOVE A51 92
MOVE A52 16
MOVE B42 143
MOVE B43 143
MOVE B44 143
MOVE B45 143
MOVE B46 143
MOVE B50 95
MOVE B52 95
MOVE B53 134
MOVE B54 134
MOVE B55 134
MOVE B56 134
MOVE B57 134
MOVE B58 134
MOVE B59 134
MOVE B60 134
MOVE B61 134
MOVE B62 134
DAMAGE COMBAT A36 2
DAMAGE COMBAT B50 3
END TURN 203
TURN 204
COMMAND LEFT START
MOVE A29 67
MOVE A49 67
MOVE A48 67
COMMAND LEFT END
COMMAND RIGHT START
COMMAND RIGHT END
TURN 204 RESULT
TIME LEFT 0 5 RIGHT 0 5
MOVE A29 92
MOVE A33 92
MOVE A42 92
MOVE A48 92
MOVE A49 92
MOVE A51 103
MOVE A52 38
MOVE B42 134
MOVE B43 134
MOVE B44 134
MOVE B45 134
MOVE B46 134
MOVE B53 120
MOVE B54 133
MOVE B55 133
MOVE B56 133
MOVE B57 133
MOVE B58 133
MOVE B59 133
MOVE B60 133
MOVE B61 133
MOVE B62 133
DAMAGE COMBAT A36 2
DAMAGE COMBAT B50 3
END TURN 204
TURN 205
COMMAND LEFT START
COMMAND LEFT END
COMMAND RIGHT START
UPGRADE 120
UPGRADE 139
TRAIN 1
COMMAND RIGHT END
TURN 205 RESULT
TIME LEFT 3 5 RIGHT 0 5
UPGRADE B 120
UPGRADE B 139
TRAIN B63
MOVE A29 67
MOVE A33 103
MOVE A42 103
MOVE A48 67
MOVE A49 67
MOVE A52 44
MOVE B42 120
MOVE B43 120
MOVE B44 120
MOVE B45 120
MOVE B46 120
MOVE B54 125
MOVE B55 125
MOVE B56 125
MOVE B57 125
MOVE B58 125
MOVE B59 125
MOVE B60 125
MOVE B61 125
MOVE B62 125
DAMAGE COMBAT A36 1
DAMAGE COMBAT B52 3
END TURN 205
TURN 206
COMMAND LEFT START
MOVE A30 120
MOVE A51 120
MOVE A47 120
MOVE A46 120
MOVE A45 120
MOVE A44 120
MOVE A43 120
MOVE A42 120
MOVE A41 120
MOVE A40 120
MOVE A39 120
MOVE A35 120
MOVE A33 120
MOVE A32 120
COMMAND LEFT END
COMMAND RIGHT START
MOVE B42 41
MOVE B43 139
MOVE B63 120
COMMAND RIGHT END
TURN 206 RESULT
TIME LEFT 0 5 RIGHT 0 5
MOVE A30 111
MOVE A32 111
MOVE A33 111
MOVE A35 111
MOVE A39 111
MOVE A40 111
MOVE A41 111
MOVE A42 111
MOVE A43 111
MOVE A44 111
MOVE A45 111
MOVE A46 111
MOVE A47 111
MOVE A51 111
MOVE A52 58
MOVE B42 111
MOVE B43 134
MOVE B54 116
MOVE B55 116
MOVE B56 116
MOVE B57 116
MOVE B58 116
MOVE B59 116
MOVE B60 116
MOVE B61 116
MOVE B62 116
MOVE B63 201
DAMAGE COMBAT A30 1
DAMAGE COMBAT A36 1
DAMAGE COMBAT B42 6
DAMAGE COMBAT B52 3
END TURN 206
TURN 207
COMMAND LEFT START
COMMAND LEFT END
COMMAND RIGHT START
MOVE B44 206
MOVE B45 206
MOVE B46 206
COMMAND RIGHT END
TURN 207 RESULT
TIME LEFT 0 5 RIGHT 1 5
MOVE A30 120
MOVE A32 120
MOVE A33 120
MOVE A35 120
MOVE A37 86
MOVE A38 86
MOVE A39 120
MOVE A40 120
MOVE A41 120
MOVE A42 120
MOVE A43 120
MOVE A44 120
MOVE A45 120
MOVE A46 120
MOVE A47 120
MOVE A51 120
MOVE A52 69
MOVE B43 137
MOVE B44 134
MOVE B45 134
MOVE B46 134
MOVE B54 118
MOVE B55 118
MOVE B56 118
MOVE B57 118
MOVE B58 118
MOVE B59 118
MOVE B60 118
MOVE B61 118
MOVE B62 118
MOVE B63 197
DAMAGE TURRET A30 1
DAMAGE COMBAT A30 1
DAMAGE COMBAT B53 6
SIEGE B 120 6
END TURN 207
TURN 208
COMMAND LEFT START
MOVE A30 103
MOVE A32 103
MOVE A33 103
MOVE A35 103
MOVE A39 103
MOVE A40 103
MOVE A41 103
MOVE A42 103
MOVE A43 103
MOVE A44 103
MOVE A45 103
MOVE A46 103
MOVE A47 103
MOVE A51 103
COMMAND LEFT END
COMMAND RIGHT START
COMMAND RIGHT END
TURN 208 RESULT
TIME LEFT 1 5 RIGHT 0 5
MOVE A30 111
MOVE A32 111
MOVE A33 111
MOVE A35 111
MOVE A39 111
MOVE A40 111
MOVE A41 111
MOVE A42 111
MOVE A43 111
MOVE A44 111
MOVE A45 111
MOVE A46 111
MOVE A47 111
MOVE A51 111
MOVE A52 92
MOVE B43 139
MOVE B44 143
MOVE B45 143
MOVE B46 143
MOVE B54 102
MOVE B55 102
MOVE B56 102
MOVE B57 102
MOVE B58 102
MOVE B59 102
MOVE B60 102
MOVE B61 102
MOVE B62 102
MOVE B63 181
END TURN 208
TURN 209
COMMAND LEFT START
MOVE A53 103
MOVE A29 103
MOVE A37 103
MOVE A38 103
MOVE A48 103
MOVE A49 103
TRAIN 1
COMMAND LEFT END
COMMAND RIGHT START
MOVE B54 206
MOVE B55 41
MOVE B56 4
MOVE B57 120
MOVE B58 139
MOVE B59 139
MOVE B60 139
MOVE B61 139
MOVE B62 139
COMMAND RIGHT END
TURN 209 RESULT
TIME LEFT 0 5 RIGHT 1 5
TRAIN A54
MOVE A29 92
MOVE A30 103
MOVE A32 103
MOVE A33 103
MOVE A35 103
MOVE A37 95
MOVE A38 95
MOVE A39 103
MOVE A40 103
MOVE A41 103
MOVE A42 103
MOVE A43 103
MOVE A44 103
MOVE A45 103
MOVE A46 103
MOVE A47 103
MOVE A48 92
MOVE A49 92
MOVE A51 103
MOVE A52 103
MOVE A53 5
MOVE B44 154
MOVE B45 154
MOVE B46 154
MOVE B54 119
MOVE B55 118
MOVE B56 85
MOVE B57 118
MOVE B58 118
MOVE B59 118
MOVE B60 118
MOVE B61 118
MOVE B62 118
MOVE B63 167
END TURN 209
TURN 210
COMMAND LEFT START
COMMAND LEFT END
COMMAND RIGHT START
UPGRADE 139
COMMAND RIGHT END
TURN 210 RESULT
TIME LEFT 0 5 RIGHT 0 5
UPGRADE B 139
MOVE A29 103
MOVE A37 103
MOVE A38 103
MOVE A48 103
MOVE A49 103
MOVE A53 7
MOVE B44 167
MOVE B45 167
MOVE B46 167
MOVE B54 127
MOVE B55 100
MOVE B56 82
MOVE B57 116
MOVE B58 116
MOVE B59 116
MOVE B60 116
MOVE B61 116
MOVE B62 116
MOVE B63 154
END TURN 210
TURN 211
COMMAND LEFT START
COMMAND LEFT END
COMMAND RIGHT START
TRAIN 2
COMMAND RIGHT END
TURN 211 RESULT
TIME LEFT 0 5 RIGHT 0 5
TRAIN B64 B65
MOVE A53 16
MOVE B44 181
MOVE B45 181
MOVE B46 181
MOVE B54 146
MOVE B55 96
MOVE B56 70
MOVE B57 125
MOVE B58 125
MOVE B59 125
MOVE B60 125
MOVE B61 125
MOVE B62 125
MOVE B63 143
END TURN 211
TURN 212
COMMAND LEFT START
COMMAND LEFT END
COMMAND RIGHT START
MOVE B64 139
MOVE B65 139
TRAIN 2
COMMAND RIGHT END
TURN 212 RESULT
TIME LEFT 0 5 RIGHT 0 5
TRAIN B66 B67
MOVE A53 38
MOVE B44 197
MOVE B45 197
MOVE B46 197
MOVE B54 155
MOVE B55 80
MOVE B56 57
MOVE B57 112
MOVE B58 133
MOVE B59 133
MOVE B60 133
MOVE B61 133
MOVE B62 133
MOVE B63 134
MOVE B64 201
MOVE B65 201
END TURN 212
TURN 213
COMMAND LEFT START
MOVE A43 67
MOVE A33 67
COMMAND LEFT END
COMMAND RIGHT START
MOVE B66 139
MOVE B67 139
TRAIN 2
COMMAND RIGHT END
TURN 213 RESULT
TIME LEFT 0 5 RIGHT 0 5
TRAIN B68 B69
MOVE A33 92
MOVE A43 92
MOVE A53 44
MOVE B44 201
MOVE B45 201
MOVE B46 201
MOVE B54 171
MOVE B55 77
MOVE B56 42
MOVE B57 120
MOVE B58 134
MOVE B59 134
MOVE B60 134
MOVE B61 134
MOVE B62 134
MOVE B63 120
MOVE B64 199
MOVE B65 199
MOVE B66 201
MOVE B67 201
END TURN 213
TURN 214
COMMAND LEFT START
MOVE A45 48
MOVE A39 48
MOVE A38 48
COMMAND LEFT END
COMMAND RIGHT START
MOVE B63 139
MOVE B68 139
MOVE B69 139
UPGRADE 120
TRAIN 2
COMMAND RIGHT END
TURN 214 RESULT
TIME LEFT 1 5 RIGHT 0 5
UPGRADE B 120
TRAIN B70 B71
MOVE A33 67
MOVE A38 92
MOVE A39 92
MOVE A43 67
MOVE A45 92
MOVE A53 58
MOVE B44 206
MOVE B45 206
MOVE B46 206
MOVE B54 182
MOVE B55 67
MOVE B56 33
MOVE B58 137
MOVE B59 137
MOVE B60 137
MOVE B61 137
MOVE B62 137
MOVE B63 134
MOVE B64 190
MOVE B65 190
MOVE B66 199
MOVE B67 199
MOVE B68 201
MOVE B69 201
DAMAGE TURRET B55 1
DAMAGE COMBAT A33 1
DAMAGE COMBAT B55 2
END TURN 214
TURN 215
COMMAND LEFT START
MOVE A29 120
MOVE A52 120
MOVE A51 120
MOVE A49 120
MOVE A48 120
MOVE A47 120
MOVE A46 120
MOVE A44 120
MOVE A42 120
MOVE A41 120
MOVE A40 120
MOVE A37 120
MOVE A35 120
MOVE A32 120
MOVE A28 120
COMMAND LEFT END
COMMAND RIGHT START
MOVE B44 139
MOVE B45 120
MOVE B46 120
MOVE B70 120
MOVE B71 120
COMMAND RIGHT END
TURN 215 RESULT
TIME LEFT 0 5 RIGHT 0 5
MOVE A28 111
MOVE A29 111
MOVE A32 111
MOVE A35 111
MOVE A37 111
MOVE A38 67
MOVE A39 67
MOVE A40 111
MOVE A41 111
MOVE A42 111
MOVE A44 111
MOVE A45 67
MOVE A46 111
MOVE A47 111
MOVE A48 111
MOVE A49 111
MOVE A51 111
MOVE A52 111
MOVE A53 69
MOVE B44 201
MOVE B45 201
MOVE B46 201
MOVE B54 196
MOVE B56 17
MOVE B58 139
MOVE B59 139
MOVE B60 139
MOVE B61 139
MOVE B62 139
MOVE B63 137
MOVE B64 168
MOVE B65 168
MOVE B66 190
MOVE B67 190
MOVE B68 199
MOVE B69 199
MOVE B70 201
MOVE B71 201
DAMAGE TURRET B55 1
DAMAGE COMBAT A33 1
DAMAGE COMBAT B55 2
END TURN 215
TURN 216
COMMAND LEFT START
COMMAND LEFT END
COMMAND RIGHT START
MOVE B58 41
COMMAND RIGHT END
TURN 216 RESULT
TIME LEFT 1 5 RIGHT 0 5
MOVE A28 120
MOVE A29 120
MOVE A32 120
MOVE A35 120
MOVE A37 120
MOVE A38 59
MOVE A39 59
MOVE A40 120
MOVE A41 120
MOVE A42 120
MOVE A44 120
MOVE A45 59
MOVE A46 120
MOVE A47 120
MOVE A48 120
MOVE A49 120
MOVE A51 120
MOVE A52 120
MOVE A53 92
MOVE B44 199
MOVE B45 197
MOVE B46 197
MOVE B54 203
MOVE B56 11
MOVE B58 117
MOVE B63 139
MOVE B64 162
MOVE B65 162
MOVE B66 168
MOVE B67 168
MOVE B68 190
MOVE B69 190
MOVE B70 197
MOVE B71 197
DAMAGE TURRET A28 1
DAMAGE COMBAT A28 1
DAMAGE COMBAT B57 6
SIEGE B 120 6
END TURN 216
TURN 217
COMMAND LEFT START
MOVE A13 86
MOVE A14 86
MOVE A54 103
MOVE A28 103
MOVE A29 103
MOVE A32 103
MOVE A35 103
MOVE A37 103
MOVE A40 103
MOVE A41 103
MOVE A42 103
MOVE A44 103
MOVE A46 103
MOVE A47 103
MOVE A48 103
MOVE A49 103
MOVE A51 103
MOVE A52 103
TRAIN 1
COMMAND LEFT END
COMMAND RIGHT START
MOVE B59 120
TRAIN 1
COMMAND RIGHT END
TURN 217 RESULT
TIME LEFT 0 5 RIGHT 0 5
TRAIN A55 B72
MOVE A13 95
MOVE A14 95
MOVE A28 111
MOVE A29 111
MOVE A32 111
MOVE A35 111
MOVE A37 111
MOVE A38 48
MOVE A39 48
MOVE A40 111
MOVE A41 111
MOVE A42 111
MOVE A44 111
MOVE A45 48
MOVE A46 111
MOVE A47 111
MOVE A48 111
MOVE A49 111
MOVE A51 111
MOVE A52 111
MOVE A53 103
MOVE A54 5
MOVE B44 190
MOVE B45 181
MOVE B46 181
MOVE B54 206
MOVE B56 4
MOVE B58 95
MOVE B59 137
MOVE B64 147
MOVE B65 147
MOVE B66 162
MOVE B67 162
MOVE B68 168
MOVE B69 168
MOVE B70 181
MOVE B71 181
DAMAGE COMBAT A13 1
DAMAGE COMBAT B58 2
END TURN 217
TURN 218
COMMAND LEFT START
MOVE A53 0
MOVE A20 0
COMMAND LEFT END
COMMAND RIGHT START
TRAIN 2
COMMAND RIGHT END
TURN 218 RESULT
TIME LEFT 0 5 RIGHT 0 5
TRAIN B73 B74
MOVE A20 92
MOVE A28 103
MOVE A29 103
MOVE A32 103
MOVE A35 103
MOVE A37 103
MOVE A40 103
MOVE A41 103
MOVE A42 103
MOVE A44 103
MOVE A46 103
MOVE A47 103
MOVE A48 103
MOVE A49 103
MOVE A51 103
MOVE A52 103
MOVE A53 92
MOVE A54 7
MOVE B44 168
MOVE B45 167
MOVE B46 167
MOVE B59 134
MOVE B64 139
MOVE B65 139
MOVE B66 147
MOVE B67 147
MOVE B68 162
MOVE B69 162
MOVE B70 167
MOVE B71 167
DAMAGE COMBAT A13 1
DAMAGE COMBAT B58 2
END TURN 218
TURN 219
COMMAND LEFT START
MOVE A38 103
MOVE A39 103
MOVE A45 103
COMMAND LEFT END
COMMAND RIGHT START
MOVE B54 139
MOVE B72 139
MOVE B73 139
MOVE B74 139
TRAIN 2
COMMAND RIGHT END
TURN 219 RESULT
TIME LEFT 0 5 RIGHT 0 5
TRAIN B75 B76
MOVE A20 69
MOVE A38 59
MOVE A39 59
MOVE A45 59
MOVE A53 69
MOVE A54 16
MOVE B44 162
MOVE B45 154
MOVE B46 154
MOVE B54 201
MOVE B59 120
MOVE B66 139
MOVE B67 139
MOVE B68 147
MOVE B69 147
MOVE B70 154
MOVE B71 154
MOVE B72 201
MOVE B73 201
MOVE B74 201
DAMAGE COMBAT A13 1
DAMAGE COMBAT B58 2
END TURN 219
TURN 220
COMMAND LEFT START
MOVE A55 103
TRAIN 1
COMMAND LEFT END
COMMAND RIGHT START
MOVE B60 41
MOVE B75 139
MOVE B76 139
UPGRADE 120
TRAIN 2
COMMAND RIGHT END
TURN 220 RESULT
TIME LEFT 0 5 RIGHT 0 5
UPGRADE B 120
TRAIN A56 B77 B78
MOVE A13 86
MOVE A14 86
MOVE A20 58
MOVE A38 67
MOVE A39 67
MOVE A45 67
MOVE A53 58
MOVE A54 38
MOVE A55 5
MOVE B44 147
MOVE B45 143
MOVE B46 143
MOVE B54 199
MOVE B60 117
MOVE B68 139
MOVE B69 139
MOVE B70 143
MOVE B71 143
MOVE B72 199
MOVE B73 199
MOVE B74 199
MOVE B75 201
MOVE B76 201
END TURN 220
TURN 221
COMMAND LEFT START
COMMAND LEFT END
COMMAND RIGHT START
MOVE B77 120
MOVE B78 120
COMMAND RIGHT END
TURN 221 RESULT
TIME LEFT 0 5 RIGHT 0 5
MOVE A20 44
MOVE A38 92
MOVE A39 92
MOVE A45 92
MOVE A53 44
MOVE A54 44
MOVE A55 7
MOVE B44 139
MOVE B45 134
MOVE B46 134
MOVE B54 190
MOVE B60 95
MOVE B70 134
MOVE B71 134
MOVE B72 190
MOVE B73 190
MOVE B74 190
MOVE B75 199
MOVE B76 199
MOVE B77 201
MOVE B78 201
END TURN 221
TURN 222
COMMAND LEFT START
COMMAND LEFT END
COMMAND RIGHT START
UPGRADE 120
COMMAND RIGHT END
TURN 222 RESULT
TIME LEFT 0 5 RIGHT 0 5
UPGRADE B 120
MOVE A20 38
MOVE A38 103
MOVE A39 103
MOVE A45 103
MOVE A53 38
MOVE A54 58
MOVE A55 16
MOVE B45 120
MOVE B46 120
MOVE B54 168
MOVE B60 72
MOVE B70 120
MOVE B71 120
MOVE B72 168
MOVE B73 168
MOVE B74 168
MOVE B75 190
MOVE B76 190
MOVE B77 197
MOVE B78 197
END TURN 222
TURN 223
COMMAND LEFT START
COMMAND LEFT END
COMMAND RIGHT START
MOVE B46 139
MOVE B70 139
MOVE B71 139
COMMAND RIGHT END
TURN 223 RESULT
TIME LEFT 0 5 RIGHT 0 5
MOVE A20 16
MOVE A53 16
MOVE A54 69
MOVE A55 38
MOVE B46 134
MOVE B54 162
MOVE B60 65
MOVE B70 134
MOVE B71 134
MOVE B72 162
MOVE B73 162
MOVE B74 162
MOVE B75 168
MOVE B76 168
MOVE B77 181
MOVE B78 181
END TURN 223
TURN 224
COMMAND LEFT START
COMMAND LEFT END
COMMAND RIGHT START
COMMAND RIGHT END
TURN 224 RESULT
TIME LEFT 3 5 RIGHT 0 5
MOVE A20 7
MOVE A53 7
MOVE A54 92
MOVE A55 44
MOVE B46 137
MOVE B54 147
MOVE B60 41
MOVE B70 137
MOVE B71 137
MOVE B72 147
MOVE B73 147
MOVE B74 147
MOVE B75 162
MOVE B76 162
MOVE B77 167
MOVE B78 167
END TURN 224
TURN 225
COMMAND LEFT START
MOVE A32 31
MOVE A52 31
MOVE A51 120
MOVE A49 120
MOVE A48 120
MOVE A47 120
MOVE A46 120
MOVE A45 120
MOVE A44 120
MOVE A42 120
MOVE A41 120
MOVE A40 120
MOVE A39 120
MOVE A38 120
MOVE A37 120
MOVE A35 120
MOVE A29 120
MOVE A15 120
MOVE A2 120
MOVE A12 120
MOVE A28 120
COMMAND LEFT END
COMMAND RIGHT START
UPGRADE 120
TRAIN 1
COMMAND RIGHT END
TURN 225 RESULT
TIME LEFT 0 5 RIGHT 0 5
UPGRADE B 120
TRAIN B79
MOVE A2 111
MOVE A12 111
MOVE A15 111
MOVE A20 5
MOVE A28 111
MOVE A29 111
MOVE A32 95
MOVE A35 111
MOVE A37 111
MOVE A38 111
MOVE A39 111
MOVE A40 111
MOVE A41 111
MOVE A42 111
MOVE A44 111
MOVE A45 111
MOVE A46 111
MOVE A47 111
MOVE A48 111
MOVE A49 111
MOVE A51 111
MOVE A52 95
MOVE A53 5
MOVE A54 103
MOVE A55 58
MOVE B46 139
MOVE B54 139
MOVE B70 139
MOVE B71 139
MOVE B72 139
MOVE B73 139
MOVE B74 139
MOVE B75 147
MOVE B76 147
MOVE B77 154
MOVE B78 154
END TURN 225
TURN 226
COMMAND LEFT START
MOVE A33 103
MOVE A43 103
COMMAND LEFT END
COMMAND RIGHT START
MOVE B54 106
MOVE B61 106
MOVE B62 106
MOVE B63 106
MOVE B64 106
MOVE B65 106
MOVE B66 106
MOVE B67 106
MOVE B68 106
MOVE B69 106
MOVE B70 106
MOVE B71 106
MOVE B72 106
MOVE B73 106
MOVE B74 106
MOVE B46 120
TRAIN 1
COMMAND RIGHT END
TURN 226 RESULT
TIME LEFT 0 5 RIGHT 0 5
TRAIN B80
MOVE A2 120
MOVE A12 120
MOVE A15 120
MOVE A20 0
MOVE A28 120
MOVE A29 120
MOVE A32 72
MOVE A33 92
MOVE A35 120
MOVE A37 120
MOVE A38 120
MOVE A39 120
MOVE A40 120
MOVE A41 120
MOVE A42 120
MOVE A43 92
MOVE A44 120
MOVE A45 120
MOVE A46 120
MOVE A47 120
MOVE A48 120
MOVE A49 120
MOVE A51 120
MOVE A52 72
MOVE A53 0
MOVE A55 69
MOVE B46 137
MOVE B54 129
MOVE B61 129
MOVE B62 129
MOVE B63 129
MOVE B64 129
MOVE B65 129
MOVE B66 129
MOVE B67 129
MOVE B68 129
MOVE B69 129
MOVE B70 129
MOVE B71 129
MOVE B72 129
MOVE B73 129
MOVE B74 129
MOVE B75 139
MOVE B76 139
MOVE B77 143
MOVE B78 143
DAMAGE TURRET A2 2
DAMAGE COMBAT A2 2
DAMAGE COMBAT B45 6
DAMAGE COMBAT B59 6
SIEGE B 120 7
END TURN 226
TURN 227
COMMAND LEFT START
MOVE A56 103
MOVE A50 103
MOVE A13 103
MOVE A14 103
COMMAND LEFT END
COMMAND RIGHT START
MOVE B75 206
MOVE B76 206
MOVE B80 120
TRAIN 2
COMMAND RIGHT END
TURN 227 RESULT
TIME LEFT 0 5 RIGHT 0 5
TRAIN B81 B82
MOVE A13 95
MOVE A14 95
MOVE A32 65
MOVE A33 103
MOVE A43 103
MOVE A50 5
MOVE A52 65
MOVE A55 92
MOVE A56 5
MOVE B46 134
MOVE B54 126
MOVE B61 126
MOVE B62 126
MOVE B63 126
MOVE B64 126
MOVE B65 126
MOVE B66 126
MOVE B67 126
MOVE B68 126
MOVE B69 126
MOVE B70 126
MOVE B71 126
MOVE B72 126
MOVE B73 126
MOVE B74 126
MOVE B75 147
MOVE B76 147
MOVE B77 134
MOVE B78 134
MOVE B80 201
DAMAGE TURRET A12 2
SIEGE B 120 11
END TURN 227
TURN 228
COMMAND LEFT START
MOVE A43 86
MOVE A54 86
MOVE A33 86
MOVE A17 86
MOVE A18 86
MOVE A21 86
MOVE A24 86
MOVE A25 86
MOVE A27 86
MOVE A30 86
MOVE A31 86
MOVE A34 86
MOVE A16 86
MOVE A19 86
MOVE A11 86
MOVE A12 103
MOVE A15 103
MOVE A28 103
MOVE A29 103
MOVE A35 103
MOVE A37 103
MOVE A38 103
MOVE A39 103
MOVE A40 103
MOVE A41 103
MOVE A42 103
MOVE A44 103
MOVE A45 103
MOVE A46 103
MOVE A47 103
MOVE A48 103
MOVE A49 103
MOVE A51 103
COMMAND LEFT END
COMMAND RIGHT START
MOVE B81 139
MOVE B82 139
COMMAND RIGHT END
TURN 228 RESULT
TIME LEFT 3 5 RIGHT 3 5
MOVE A11 95
MOVE A12 111
MOVE A13 103
MOVE A14 103
MOVE A15 111
MOVE A16 95
MOVE A17 95
MOVE A18 95
MOVE A19 95
MOVE A21 95
MOVE A24 95
MOVE A25 95
MOVE A27 95
MOVE A28 111
MOVE A29 111
MOVE A30 95
MOVE A31 95
MOVE A32 41
MOVE A33 95
MOVE A34 95
MOVE A35 111
MOVE A37 111
MOVE A38 111
MOVE A39 111
MOVE A40 111
MOVE A41 111
MOVE A42 111
MOVE A43 95
MOVE A44 111
MOVE A45 111
MOVE A46 111
MOVE A47 111
MOVE A48 111
MOVE A49 111
MOVE A50 7
MOVE A51 111
MOVE A52 41
MOVE A54 95
MOVE A55 103
MOVE A56 7
MOVE B46 120
MOVE B54 110
MOVE B61 110
MOVE B62 110
MOVE B63 110
MOVE B64 110
MOVE B65 110
MOVE B66 110
MOVE B67 110
MOVE B68 110
MOVE B69 110
MOVE B70 110
MOVE B71 110
MOVE B72 110
MOVE B73 110
MOVE B74 110
MOVE B75 158
MOVE B76 158
MOVE B77 120
MOVE B78 120
MOVE B80 197
MOVE B81 201
MOVE B82 201
DAMAGE COMBAT A32 1
DAMAGE COMBAT B60 2
END TURN 228
TURN 229
COMMAND LEFT START
MOVE A55 90
MOVE A14 90
MOVE A13 90
COMMAND LEFT END
COMMAND RIGHT START
MOVE B77 206
MOVE B78 206
COMMAND RIGHT END
TURN 229 RESULT
TIME LEFT 0 5 RIGHT 0 5
MOVE A11 86
MOVE A12 103
MOVE A13 95
MOVE A14 95
MOVE A15 103
MOVE A16 86
MOVE A17 86
MOVE A18 86
MOVE A19 86
MOVE A21 86
MOVE A24 86
MOVE A25 86
MOVE A27 86
MOVE A28 103
MOVE A29 103
MOVE A30 86
MOVE A31 86
MOVE A33 86
MOVE A34 86
MOVE A35 103
MOVE A37 103
MOVE A38 103
MOVE A39 103
MOVE A40 103
MOVE A41 103
MOVE A42 103
MOVE A43 86
MOVE A44 103
MOVE A45 103
MOVE A46 103
MOVE A47 103
MOVE A48 103
MOVE A49 103
MOVE A50 16
MOVE A51 103
MOVE A54 86
MOVE A55 95
MOVE A56 16
MOVE B54 106
MOVE B61 106
MOVE B62 106
MOVE B63 106
MOVE B64 106
MOVE B65 106
MOVE B66 106
MOVE B67 106
MOVE B68 106
MOVE B69 106
MOVE B70 106
MOVE B71 106
MOVE B72 106
MOVE B73 106
MOVE B74 106
MOVE B75 170
MOVE B76 170
MOVE B77 134
MOVE B78 134
MOVE B80 181
MOVE B81 199
MOVE B82 199
DAMAGE COMBAT A32 1
DAMAGE COMBAT B60 2
END TURN 229
TURN 230
COMMAND LEFT START
MOVE A41 90
MOVE A51 90
MOVE A49 90
MOVE A48 90
MOVE A47 90
MOVE A46 90
MOVE A45 90
MOVE A44 90
MOVE A42 90
MOVE A40 90
MOVE A39 90
MOVE A38 90
MOVE A37 90
MOVE A3 103
MOVE A11 103
MOVE A16 103
MOVE A17 103
MOVE A18 103
MOVE A19 103
MOVE A21 103
MOVE A24 103
MOVE A25 103
MOVE A27 103
MOVE A30 103
MOVE A31 103
MOVE A33 103
MOVE A34 103
MOVE A43 103
MOVE A54 103
TRAIN 1
COMMAND LEFT END
COMMAND RIGHT START
MOVE B54 90
MOVE B61 90
MOVE B62 90
MOVE B63 90
MOVE B64 90
MOVE B65 90
MOVE B66 90
MOVE B67 90
MOVE B68 90
MOVE B69 90
MOVE B70 90
MOVE B71 90
MOVE B72 90
MOVE B73 90
MOVE B74 90
MOVE B79 139
UPGRADE 120
COMMAND RIGHT END
TURN 230 RESULT
TIME LEFT 0 5 RIGHT 0 5
UPGRADE B 120
TRAIN A57
MOVE A3 5
MOVE A11 95
MOVE A13 86
MOVE A14 86
MOVE A16 95
MOVE A17 95
MOVE A18 95
MOVE A19 95
MOVE A21 95
MOVE A24 95
MOVE A25 95
MOVE A27 95
MOVE A30 95
MOVE A31 95
MOVE A33 95
MOVE A34 95
MOVE A37 95
MOVE A38 95
MOVE A39 95
MOVE A40 95
MOVE A41 95
MOVE A42 95
MOVE A43 95
MOVE A44 95
MOVE A45 95
MOVE A46 95
MOVE A47 95
MOVE A48 95
MOVE A49 95
MOVE A50 38
MOVE A51 95
MOVE A54 95
MOVE A55 86
MOVE A56 38
MOVE B54 90
MOVE B61 90
MOVE B62 90
MOVE B63 90
MOVE B64 90
MOVE B65 90
MOVE B66 90
MOVE B67 90
MOVE B68 90
MOVE B69 90
MOVE B70 90
MOVE B71 90
MOVE B72 90
MOVE B73 90
MOVE B74 90
MOVE B75 178
MOVE B76 178
MOVE B77 143
MOVE B78 143
MOVE B79 201
MOVE B80 167
MOVE B81 190
MOVE B82 190
DAMAGE TURRET B54 1
DAMAGE COMBAT A8 5
DAMAGE COMBAT A32 1
DAMAGE COMBAT B54 1
DAMAGE COMBAT B60 2
SIEGE A 90 6
END TURN 230
TURN 231
COMMAND LEFT START
COMMAND LEFT END
COMMAND RIGHT START
MOVE B61 104
MOVE B62 104
MOVE B63 104
MOVE B64 104
MOVE B65 104
MOVE B66 104
MOVE B67 104
MOVE B68 104
MOVE B69 104
MOVE B70 104
MOVE B71 104
MOVE B72 104
MOVE B73 104
MOVE B74 104
MOVE B54 41
COMMAND RIGHT END
TURN 231 RESULT
TIME LEFT 0 5 RIGHT 0 5
MOVE A3 7
MOVE A11 103
MOVE A13 94
MOVE A14 94
MOVE A16 103
MOVE A17 103
MOVE A18 103
MOVE A19 103
MOVE A21 103
MOVE A24 103
MOVE A25 103
MOVE A27 103
MOVE A30 103
MOVE A31 103
MOVE A32 35
MOVE A33 103
MOVE A34 103
MOVE A37 86
MOVE A38 86
MOVE A39 86
MOVE A40 86
MOVE A41 86
MOVE A42 86
MOVE A43 103
MOVE A44 86
MOVE A45 86
MOVE A46 86
MOVE A47 86
MOVE A48 86
MOVE A49 86
MOVE A50 44
MOVE A51 86
MOVE A52 35
MOVE A54 103
MOVE A55 94
MOVE A56 44
MOVE B54 74
MOVE B61 88
MOVE B62 88
MOVE B63 88
MOVE B64 88
MOVE B65 88
MOVE B66 88
MOVE B67 88
MOVE B68 88
MOVE B69 88
MOVE B70 88
MOVE B71 88
MOVE B72 88
MOVE B73 88
MOVE B74 88
MOVE B75 190
MOVE B76 190
MOVE B77 154
MOVE B78 154
MOVE B79 199
MOVE B80 154
MOVE B81 168
MOVE B82 168
END TURN 231
TURN 232
COMMAND LEFT START
COMMAND LEFT END
COMMAND RIGHT START
COMMAND RIGHT END
TURN 232 RESULT
TIME LEFT 0 5 RIGHT 0 5
MOVE A3 16
MOVE A13 81
MOVE A14 81
MOVE A32 31
MOVE A37 94
MOVE A38 94
MOVE A39 94
MOVE A40 94
MOVE A41 94
MOVE A42 94
MOVE A44 94
MOVE A45 94
MOVE A46 94
MOVE A47 94
MOVE A48 94
MOVE A49 94
MOVE A50 58
MOVE A51 94
MOVE A52 31
MOVE A55 81
MOVE A56 58
MOVE B54 61
MOVE B61 104
MOVE B62 104
MOVE B63 104
MOVE B64 104
MOVE B65 104
MOVE B66 104
MOVE B67 104
MOVE B68 104
MOVE B69 104
MOVE B70 104
MOVE B71 104
MOVE B72 104
MOVE B73 104
MOVE B74 104
MOVE B75 199
MOVE B76 199
MOVE B77 167
MOVE B78 167
MOVE B79 190
MOVE B80 143
MOVE B81 162
MOVE B82 162
END TURN 232
TURN 233
COMMAND LEFT START
COMMAND LEFT END
COMMAND RIGHT START
UPGRADE 104
COMMAND RIGHT END
TURN 233 RESULT
TIME LEFT 0 5 RIGHT 0 5
UPGRADE B 104
MOVE A3 38
MOVE A13 90
MOVE A14 90
MOVE A37 81
MOVE A38 81
MOVE A39 81
MOVE A40 81
MOVE A41 81
MOVE A42 81
MOVE A44 81
MOVE A45 81
MOVE A46 81
MOVE A47 81
MOVE A48 81
MOVE A49 81
MOVE A50 69
MOVE A51 81
MOVE A55 90
MOVE A56 69
MOVE B54 43
MOVE B75 201
MOVE B76 201
MOVE B77 181
MOVE B78 181
MOVE B79 168
MOVE B80 134
MOVE B81 147
MOVE B82 147
END TURN 233
TURN 234
COMMAND LEFT START
MOVE A13 103
MOVE A14 103
MOVE A55 103
COMMAND LEFT END
COMMAND RIGHT START
COMMAND RIGHT END
TURN 234 RESULT
TIME LEFT 0 5 RIGHT 0 5
MOVE A3 44
MOVE A13 81
MOVE A14 81
MOVE A37 90
MOVE A38 90
MOVE A39 90
MOVE A40 90
MOVE A41 90
MOVE A42 90
MOVE A44 90
MOVE A45 90
MOVE A46 90
MOVE A47 90
MOVE A48 90
MOVE A49 90
MOVE A50 92
MOVE A51 90
MOVE A55 81
MOVE A56 92
MOVE B54 41
MOVE B75 206
MOVE B76 206
MOVE B77 197
MOVE B78 197
MOVE B79 162
MOVE B80 120
MOVE B81 139
MOVE B82 139
END TURN 234
TURN 235
COMMAND LEFT START
MOVE A37 103
MOVE A38 103
MOVE A39 103
MOVE A40 103
MOVE A41 103
MOVE A42 103
MOVE A44 103
MOVE A45 103
MOVE A46 103
MOVE A47 103
MOVE A48 103
MOVE A49 103
MOVE A51 103
COMMAND LEFT END
COMMAND RIGHT START
MOVE B75 104
MOVE B76 104
MOVE B80 104
MOVE B81 104
MOVE B82 104
UPGRADE 120
COMMAND RIGHT END
TURN 235 RESULT
TIME LEFT 0 5 RIGHT 0 5
UPGRADE B 120
MOVE A3 58
MOVE A13 94
MOVE A14 94
MOVE A37 81
MOVE A38 81
MOVE A39 81
MOVE A40 81
MOVE A41 81
MOVE A42 81
MOVE A44 81
MOVE A45 81
MOVE A46 81
MOVE A47 81
MOVE A48 81
MOVE A49 81
MOVE A50 103
MOVE A51 81
MOVE A55 94
MOVE A56 103
MOVE B75 201
MOVE B76 201
MOVE B77 201
MOVE B78 201
MOVE B79 147
MOVE B80 111
MOVE B81 129
MOVE B82 129
END TURN 235
TURN 236
COMMAND LEFT START
MOVE A56 67
MOVE A54 67
COMMAND LEFT END
COMMAND RIGHT START
COMMAND RIGHT END
TURN 236 RESULT
TIME LEFT 0 5 RIGHT 0 5
MOVE A3 69
MOVE A13 86
MOVE A14 86
MOVE A37 94
MOVE A38 94
MOVE A39 94
MOVE A40 94
MOVE A41 94
MOVE A42 94
MOVE A44 94
MOVE A45 94
MOVE A46 94
MOVE A47 94
MOVE A48 94
MOVE A49 94
MOVE A51 94
MOVE A54 92
MOVE A55 86
MOVE A56 92
MOVE B75 199
MOVE B76 199
MOVE B77 206
MOVE B78 206
MOVE B79 139
MOVE B80 114
MOVE B81 126
MOVE B82 126
END TURN 236
TURN 237
COMMAND LEFT START
MOVE A50 86
MOVE A43 86
MOVE A35 86
COMMAND LEFT END
COMMAND RIGHT START
MOVE B77 104
MOVE B78 104
MOVE B79 104
COMMAND RIGHT END
TURN 237 RESULT
TIME LEFT 0 5 RIGHT 0 5
MOVE A3 92
MOVE A13 95
MOVE A14 95
MOVE A35 95
MOVE A37 86
MOVE A38 86
MOVE A39 86
MOVE A40 86
MOVE A41 86
MOVE A42 86
MOVE A43 95
MOVE A44 86
MOVE A45 86
MOVE A46 86
MOVE A47 86
MOVE A48 86
MOVE A49 86
MOVE A50 95
MOVE A51 86
MOVE A54 67
MOVE A55 95
MOVE A56 67
MOVE B75 194
MOVE B76 194
MOVE B77 201
MOVE B78 201
MOVE B79 129
MOVE B80 117
MOVE B81 110
MOVE B82 110
END TURN 237
TURN 238
COMMAND LEFT START
MOVE A54 103
MOVE A56 103
COMMAND LEFT END
COMMAND RIGHT START
UPGRADE 120
TRAIN 1
COMMAND RIGHT END
TURN 238 RESULT
TIME LEFT 0 5 RIGHT 0 5
UPGRADE B 120
TRAIN B83
MOVE A3 103
MOVE A13 103
MOVE A14 103
MOVE A35 86
MOVE A37 95
MOVE A38 95
MOVE A39 95
MOVE A40 95
MOVE A41 95
MOVE A42 95
MOVE A43 86
MOVE A44 95
MOVE A45 95
MOVE A46 95
MOVE A47 95
MOVE A48 95
MOVE A49 95
MOVE A50 86
MOVE A51 95
MOVE A54 92
MOVE A55 103
MOVE A56 92
MOVE B75 188
MOVE B76 188
MOVE B77 199
MOVE B78 199
MOVE B79 126
MOVE B80 109
MOVE B81 106
MOVE B82 106
END TURN 238
TURN 239
COMMAND LEFT START
COMMAND LEFT END
COMMAND RIGHT START
MOVE B83 104
TRAIN 2
COMMAND RIGHT END
TURN 239 RESULT
TIME LEFT 0 5 RIGHT 0 5
TRAIN B84 B85
MOVE A37 103
MOVE A38 103
MOVE A39 103
MOVE A40 103
MOVE A41 103
MOVE A42 103
MOVE A44 103
MOVE A45 103
MOVE A46 103
MOVE A47 103
MOVE A48 103
MOVE A49 103
MOVE A51 103
MOVE A54 103
MOVE A56 103
MOVE B75 189
MOVE B76 189
MOVE B77 194
MOVE B78 194
MOVE B79 110
MOVE B80 105
MOVE B81 88
MOVE B82 88
MOVE B83 201
END TURN 239
TURN 240
COMMAND LEFT START
COMMAND LEFT END
COMMAND RIGHT START
MOVE B84 104
MOVE B85 104
TRAIN 2
COMMAND RIGHT END
TURN 240 RESULT
TIME LEFT 0 5 RIGHT 0 5
TRAIN B86 B87
MOVE B75 173
MOVE B76 173
MOVE B77 188
MOVE B78 188
MOVE B79 106
MOVE B80 107
MOVE B81 104
MOVE B82 104
MOVE B83 199
MOVE B84 201
MOVE B85 201
END TURN 240
TURN 241
COMMAND LEFT START
COMMAND LEFT END
COMMAND RIGHT START
MOVE B62 50
MOVE B63 50
MOVE B64 50
MOVE B65 50
MOVE B66 50
MOVE B67 50
MOVE B68 50
MOVE B69 50
MOVE B70 50
MOVE B71 50
MOVE B72 50
MOVE B73 50
MOVE B74 50
MOVE B81 50
MOVE B82 50
MOVE B86 104
MOVE B87 104
TRAIN 1
COMMAND RIGHT END
TURN 241 RESULT
TIME LEFT 0 5 RIGHT 0 5
TRAIN B88
MOVE B62 87
MOVE B63 87
MOVE B64 87
MOVE B65 87
MOVE B66 87
MOVE B67 87
MOVE B68 87
MOVE B69 87
MOVE B70 87
MOVE B71 87
MOVE B72 87
MOVE B73 87
MOVE B74 87
MOVE B75 164
MOVE B76 164
MOVE B77 189
MOVE B78 189
MOVE B79 88
MOVE B80 98
MOVE B81 87
MOVE B82 87
MOVE B83 194
MOVE B84 199
MOVE B85 199
MOVE B86 201
MOVE B87 201
END TURN 241
TURN 242
COMMAND LEFT START
COMMAND LEFT END
COMMAND RIGHT START
MOVE B88 104
TRAIN 2
COMMAND RIGHT END
TURN 242 RESULT
TIME LEFT 0 5 RIGHT 0 5
TRAIN B89 B90
MOVE B62 79
MOVE B63 79
MOVE B64 79
MOVE B65 79
MOVE B66 79
MOVE B67 79
MOVE B68 79
MOVE B69 79
MOVE B70 79
MOVE B71 79
MOVE B72 79
MOVE B73 79
MOVE B74 79
MOVE B75 149
MOVE B76 149
MOVE B77 173
MOVE B78 173
MOVE B79 104
MOVE B80 90
MOVE B81 79
MOVE B82 79
MOVE B83 188
MOVE B84 194
MOVE B85 194
MOVE B86 199
MOVE B87 199
MOVE B88 201
END TURN 242
TURN 243
COMMAND LEFT START
COMMAND LEFT END
COMMAND RIGHT START
MOVE B79 120
MOVE B89 104
MOVE B90 104
TRAIN 2
COMMAND RIGHT END
TURN 243 RESULT
TIME LEFT 0 5 RIGHT 0 5
TRAIN B91 B92
MOVE B62 60
MOVE B63 60
MOVE B64 60
MOVE B65 60
MOVE B66 60
MOVE B67 60
MOVE B68 60
MOVE B69 60
MOVE B70 60
MOVE B71 60
MOVE B72 60
MOVE B73 60
MOVE B74 60
MOVE B75 136
MOVE B76 136
MOVE B77 164
MOVE B78 164
MOVE B79 88
MOVE B80 88
MOVE B81 60
MOVE B82 60
MOVE B83 189
MOVE B84 188
MOVE B85 188
MOVE B86 194
MOVE B87 194
MOVE B88 199
MOVE B89 201
MOVE B90 201
END TURN 243
TURN 244
COMMAND LEFT START
MOVE A46 31
MOVE A37 31
MOVE A38 31
MOVE A39 31
MOVE A40 31
MOVE A29 31
MOVE A41 31
MOVE A42 31
MOVE A44 31
MOVE A45 31
MOVE A47 31
MOVE A48 31
MOVE A49 31
MOVE A51 31
MOVE A54 31
MOVE A57 103
MOVE A35 103
MOVE A43 103
MOVE A50 103
TRAIN 1
COMMAND LEFT END
COMMAND RIGHT START
MOVE B91 104
MOVE B92 104
TRAIN 2
COMMAND RIGHT END
TURN 244 RESULT
TIME LEFT 0 5 RIGHT 0 5
TRAIN A58 B93 B94
MOVE A29 95
MOVE A35 95
MOVE A37 95
MOVE A38 95
MOVE A39 95
MOVE A40 95
MOVE A41 95
MOVE A42 95
MOVE A43 95
MOVE A44 95
MOVE A45 95
MOVE A46 95
MOVE A47 95
MOVE A48 95
MOVE A49 95
MOVE A50 95
MOVE A51 95
MOVE A54 95
MOVE A57 5
MOVE B62 50
MOVE B63 50
MOVE B64 50
MOVE B65 50
MOVE B66 50
MOVE B67 50
MOVE B68 50
MOVE B69 50
MOVE B70 50
MOVE B71 50
MOVE B72 50
MOVE B73 50
MOVE B74 50
MOVE B75 124
MOVE B76 124
MOVE B77 149
MOVE B78 149
MOVE B79 90
MOVE B80 104
MOVE B81 50
MOVE B82 50
MOVE B83 173
MOVE B84 189
MOVE B85 189
MOVE B86 188
MOVE B87 188
MOVE B88 194
MOVE B89 199
MOVE B90 199
MOVE B91 201
MOVE B92 201
END TURN 244
TURN 245
COMMAND LEFT START
COMMAND LEFT END
COMMAND RIGHT START
MOVE B62 31
MOVE B63 31
MOVE B64 31
MOVE B65 31
MOVE B66 31
MOVE B67 31
MOVE B68 31
MOVE B69 31
MOVE B70 31
MOVE B71 31
MOVE B72 31
MOVE B73 31
MOVE B74 31
MOVE B81 31
MOVE B82 31
MOVE B80 120
MOVE B93 104
MOVE B94 104
TRAIN 1
COMMAND RIGHT END
TURN 245 RESULT
TIME LEFT 0 5 RIGHT 0 5
TRAIN B95
MOVE A29 72
MOVE A35 103
MOVE A37 72
MOVE A38 72
MOVE A39 72
MOVE A40 72
MOVE A41 72
MOVE A42 72
MOVE A43 103
MOVE A44 72
MOVE A45 72
MOVE A46 72
MOVE A47 72
MOVE A48 72
MOVE A49 72
MOVE A50 103
MOVE A51 72
MOVE A54 72
MOVE A57 7
MOVE B62 31
MOVE B63 31
MOVE B64 31
MOVE B65 31
MOVE B66 31
MOVE B67 31
MOVE B68 31
MOVE B69 31
MOVE B70 31
MOVE B71 31
MOVE B72 31
MOVE B73 31
MOVE B74 31
MOVE B75 121
MOVE B76 121
MOVE B77 136
MOVE B78 136
MOVE B79 98
MOVE B80 88
MOVE B81 31
MOVE B82 31
MOVE B83 164
MOVE B84 173
MOVE B85 173
MOVE B86 189
MOVE B87 189
MOVE B88 188
MOVE B89 194
MOVE B90 194
MOVE B91 199
MOVE B92 199
MOVE B93 201
MOVE B94 201
DAMAGE TURRET B62 1
DAMAGE COMBAT A4 5
DAMAGE COMBAT A32 3
DAMAGE COMBAT A52 6
DAMAGE COMBAT B62 3
SIEGE A 31 1
END TURN 245
TURN 246
COMMAND LEFT START
MOVE A56 31
COMMAND LEFT END
COMMAND RIGHT START
MOVE B95 104
TRAIN 2
COMMAND RIGHT END
TURN 246 RESULT
TIME LEFT 0 5 RIGHT 0 5
TRAIN B96 B97
MOVE A29 65
MOVE A37 65
MOVE A38 65
MOVE A39 65
MOVE A40 65
MOVE A41 65
MOVE A42 65
MOVE A44 65
MOVE A45 65
MOVE A46 65
MOVE A47 65
MOVE A48 65
MOVE A49 65
MOVE A51 65
MOVE A54 65
MOVE A56 95
MOVE A57 16
MOVE B75 104
MOVE B76 104
MOVE B77 124
MOVE B78 124
MOVE B79 107
MOVE B80 90
MOVE B83 149
MOVE B84 164
MOVE B85 164
MOVE B86 173
MOVE B87 173
MOVE B88 189
MOVE B89 188
MOVE B90 188
MOVE B91 194
MOVE B92 194
MOVE B93 199
MOVE B94 199
MOVE B95 201
DAMAGE TURRET B62 1
SIEGE A 31 5
END TURN 246
TURN 247
COMMAND LEFT START
MOVE A55 86
MOVE A50 86
COMMAND LEFT END
COMMAND RIGHT START
MOVE B75 31
MOVE B76 31
MOVE B96 104
MOVE B97 104
TRAIN 1
COMMAND RIGHT END
TURN 247 RESULT
TIME LEFT 0 5 RIGHT 0 5
TRAIN B98
MOVE A29 41
MOVE A37 41
MOVE A38 41
MOVE A39 41
MOVE A40 41
MOVE A41 41
MOVE A42 41
MOVE A44 41
MOVE A45 41
MOVE A46 41
MOVE A47 41
MOVE A48 41
MOVE A49 41
MOVE A50 95
MOVE A51 41
MOVE A54 41
MOVE A55 95
MOVE A56 72
MOVE A57 38
MOVE B75 87
MOVE B76 87
MOVE B77 121
MOVE B78 121
MOVE B79 105
MOVE B80 98
MOVE B83 136
MOVE B84 149
MOVE B85 149
MOVE B86 164
MOVE B87 164
MOVE B88 173
MOVE B89 189
MOVE B90 189
MOVE B91 188
MOVE B92 188
MOVE B93 194
MOVE B94 194
MOVE B95 199
MOVE B96 201
MOVE B97 201
DAMAGE COMBAT A29 1
DAMAGE COMBAT B54 4
END TURN 247
TURN 248
COMMAND LEFT START
COMMAND LEFT END
COMMAND RIGHT START
MOVE B62 41
MOVE B98 104
TRAIN 2
COMMAND RIGHT END
TURN 248 RESULT
TIME LEFT 0 5 RIGHT 0 5
TRAIN B99 B100
MOVE A29 35
MOVE A37 35
MOVE A38 35
MOVE A39 35
MOVE A40 35
MOVE A41 35
MOVE A42 35
MOVE A44 35
MOVE A45 35
MOVE A46 35
MOVE A47 35
MOVE A48 35
MOVE A49 35
MOVE A50 86
MOVE A51 35
MOVE A54 35
MOVE A55 86
MOVE A56 65
MOVE A57 44
MOVE B62 35
MOVE B75 79
MOVE B76 79
MOVE B77 104
MOVE B78 104
MOVE B79 109
MOVE B80 107
MOVE B83 124
MOVE B84 136
MOVE B85 136
MOVE B86 149
MOVE B87 149
MOVE B88 164
MOVE B89 173
MOVE B90 173
MOVE B91 189
MOVE B92 189
MOVE B93 188
MOVE B94 188
MOVE B95 194
MOVE B96 199
MOVE B97 199
MOVE B98 201
DAMAGE COMBAT A29 1
DAMAGE COMBAT B62 1
END TURN 248
TURN 249
COMMAND LEFT START
MOVE A43 86
COMMAND LEFT END
COMMAND RIGHT START
MOVE B63 41
MOVE B77 31
MOVE B78 31
MOVE B99 104
MOVE B100 104
TRAIN 2
COMMAND RIGHT END
TURN 249 RESULT
TIME LEFT 0 5 RIGHT 0 5
TRAIN B101 B102
MOVE A29 31
MOVE A37 31
MOVE A38 31
MOVE A39 31
MOVE A40 31
MOVE A41 31
MOVE A42 31
MOVE A43 95
MOVE A44 31
MOVE A45 31
MOVE A46 31
MOVE A47 31
MOVE A48 31
MOVE A49 31
MOVE A51 31
MOVE A54 31
MOVE A56 41
MOVE A57 58
MOVE B63 35
MOVE B75 60
MOVE B76 60
MOVE B77 87
MOVE B78 87
MOVE B79 117
MOVE B80 105
MOVE B83 121
MOVE B84 124
MOVE B85 124
MOVE B86 136
MOVE B87 136
MOVE B88 149
MOVE B89 164
MOVE B90 164
MOVE B91 173
MOVE B92 173
MOVE B93 189
MOVE B94 189
MOVE B95 188
MOVE B96 194
MOVE B97 194
MOVE B98 199
MOVE B99 201
MOVE B100 201
DAMAGE COMBAT A29 4
DAMAGE COMBAT A37 6
DAMAGE COMBAT A38 3
DAMAGE COMBAT B64 6
DAMAGE COMBAT B65 6
DAMAGE COMBAT B66 3
END TURN 249
TURN 250
COMMAND LEFT START
MOVE A38 103
MOVE A39 103
MOVE A40 103
MOVE A41 103
MOVE A42 103
MOVE A44 103
MOVE A45 103
MOVE A46 103
MOVE A47 103
MOVE A48 103
MOVE A49 103
MOVE A51 103
MOVE A54 103
COMMAND LEFT END
COMMAND RIGHT START
MOVE B101 104
MOVE B102 104
TRAIN 2
COMMAND RIGHT END
TURN 250 RESULT
TIME LEFT 0 5 RIGHT 0 5
TRAIN B103 B104
MOVE A43 86
MOVE A56 35
MOVE A57 69
MOVE B63 41
MOVE B75 50
MOVE B76 50
MOVE B77 79
MOVE B78 79
MOVE B79 114
MOVE B80 109
MOVE B83 104
MOVE B84 121
MOVE B85 121
MOVE B86 124
MOVE B87 124
MOVE B88 136
MOVE B89 149
MOVE B90 149
MOVE B91 164
MOVE B92 164
MOVE B93 173
MOVE B94 173
MOVE B95 189
MOVE B96 188
MOVE B97 188
MOVE B98 194
MOVE B99 199
MOVE B100 199
MOVE B101 201
MOVE B102 201
DAMAGE COMBAT A38 3
DAMAGE COMBAT A39 6
DAMAGE COMBAT A40 2
DAMAGE COMBAT B66 3
DAMAGE COMBAT B67 6
DAMAGE COMBAT B68 4
END TURN 250
TURN 251
COMMAND LEFT START
COMMAND LEFT END
COMMAND RIGHT START
MOVE B83 31
MOVE B103 104
MOVE B104 104
TRAIN 1
COMMAND RIGHT END
TURN 251 RESULT
TIME LEFT 0 5 RIGHT 0 5
TRAIN B105
MOVE A56 31
MOVE A57 92
MOVE B75 31
MOVE B76 31
MOVE B77 60
MOVE B78 60
MOVE B79 111
MOVE B80 117
MOVE B83 87
MOVE B84 104
MOVE B85 104
MOVE B86 121
MOVE B87 121
MOVE B88 124
MOVE B89 136
MOVE B90 136
MOVE B91 149
MOVE B92 149
MOVE B93 164
MOVE B94 164
MOVE B95 173
MOVE B96 189
MOVE B97 189
MOVE B98 188
MOVE B99 194
MOVE B100 194
MOVE B101 199
MOVE B102 199
MOVE B103 201
MOVE B104 201
DAMAGE COMBAT A40 4
DAMAGE COMBAT A41 6
DAMAGE COMBAT A42 1
DAMAGE COMBAT B68 2
DAMAGE COMBAT B69 6
DAMAGE COMBAT B70 4
END TURN 251
TURN 252
COMMAND LEFT START
MOVE A35 67
MOVE A14 67
MOVE A56 103
COMMAND LEFT END
COMMAND RIGHT START
MOVE B84 31
MOVE B85 31
MOVE B105 104
TRAIN 2
COMMAND RIGHT END
TURN 252 RESULT
TIME LEFT 0 5 RIGHT 0 5
TRAIN B106 B107
MOVE A14 92
MOVE A35 92
MOVE A57 103
MOVE B77 50
MOVE B78 50
MOVE B79 120
MOVE B80 114
MOVE B83 79
MOVE B84 87
MOVE B85 87
MOVE B86 104
MOVE B87 104
MOVE B88 121
MOVE B89 124
MOVE B90 124
MOVE B91 136
MOVE B92 136
MOVE B93 149
MOVE B94 149
MOVE B95 164
MOVE B96 173
MOVE B97 173
MOVE B98 189
MOVE B99 188
MOVE B100 188
MOVE B101 194
MOVE B102 194
MOVE B103 199
MOVE B104 199
MOVE B105 201
DAMAGE COMBAT A42 5
DAMAGE COMBAT A44 4
DAMAGE COMBAT B70 2
DAMAGE COMBAT B71 6
DAMAGE COMBAT B72 2
END TURN 252
TURN 253
COMMAND LEFT START
COMMAND LEFT END
COMMAND RIGHT START
MOVE B86 31
MOVE B87 31
MOVE B106 104
MOVE B107 104
TRAIN 2
COMMAND RIGHT END
TURN 253 RESULT
TIME LEFT 0 5 RIGHT 0 5
TRAIN B108 B109
MOVE A14 67
MOVE A35 67
MOVE B77 31
MOVE B78 31
MOVE B80 111
MOVE B83 60
MOVE B84 79
MOVE B85 79
MOVE B86 87
MOVE B87 87
MOVE B88 104
MOVE B89 121
MOVE B90 121
MOVE B91 124
MOVE B92 124
MOVE B93 136
MOVE B94 136
MOVE B95 149
MOVE B96 164
MOVE B97 164
MOVE B98 173
MOVE B99 189
MOVE B100 189
MOVE B101 188
MOVE B102 188
MOVE B103 194
MOVE B104 194
MOVE B105 199
MOVE B106 201
MOVE B107 201
DAMAGE COMBAT A44 2
DAMAGE COMBAT A45 6
DAMAGE COMBAT A46 1
DAMAGE COMBAT B72 4
DAMAGE COMBAT B73 5
END TURN 253
TURN 254
COMMAND LEFT START
MOVE A57 67
MOVE A15 67
MOVE A14 103
MOVE A35 103
COMMAND LEFT END
COMMAND RIGHT START
MOVE B88 31
MOVE B108 104
MOVE B109 104
TRAIN 2
COMMAND RIGHT END
TURN 254 RESULT
TIME LEFT 0 5 RIGHT 0 5
TRAIN B110 B111
MOVE A14 92
MOVE A15 92
MOVE A35 92
MOVE A57 92
MOVE B80 120
MOVE B83 50
MOVE B84 60
MOVE B85 60
MOVE B86 79
MOVE B87 79
MOVE B88 87
MOVE B89 104
MOVE B90 104
MOVE B91 121
MOVE B92 121
MOVE B93 124
MOVE B94 124
MOVE B95 136
MOVE B96 149
MOVE B97 149
MOVE B98 164
MOVE B99 173
MOVE B100 173
MOVE B101 189
MOVE B102 189
MOVE B103 188
MOVE B104 188
MOVE B105 194
MOVE B106 199
MOVE B107 199
MOVE B108 201
MOVE B109 201
DAMAGE COMBAT A46 5
DAMAGE COMBAT A47 3
DAMAGE COMBAT B73 1
DAMAGE COMBAT B74 6
END TURN 254
TURN 255
COMMAND LEFT START
MOVE A58 103
MOVE A43 103
MOVE A50 103
MOVE A55 103
TRAIN 1
COMMAND LEFT END
COMMAND RIGHT START
MOVE B89 31
MOVE B90 31
MOVE B110 104
MOVE B111 104
TRAIN 2
COMMAND RIGHT END
TURN 255 RESULT
TIME LEFT 0 5 RIGHT 0 5
TRAIN A59 B112 B113
MOVE A14 103
MOVE A15 67
MOVE A35 103
MOVE A43 95
MOVE A50 95
MOVE A55 95
MOVE A57 67
MOVE A58 5
MOVE B83 31
MOVE B84 50
MOVE B85 50
MOVE B86 60
MOVE B87 60
MOVE B88 79
MOVE B89 87
MOVE B90 87
MOVE B91 104
MOVE B92 104
MOVE B93 121
MOVE B94 121
MOVE B95 124
MOVE B96 136
MOVE B97 136
MOVE B98 149
MOVE B99 164
MOVE B100 164
MOVE B101 173
MOVE B102 173
MOVE B103 189
MOVE B104 189
MOVE B105 188
MOVE B106 194
MOVE B107 194
MOVE B108 199
MOVE B109 199
MOVE B110 201
MOVE B111 201
DAMAGE COMBAT A47 3
DAMAGE COMBAT A48 4
DAMAGE COMBAT B75 6
END TURN 255
TURN 256
COMMAND LEFT START
MOVE A15 103
MOVE A57 103
COMMAND LEFT END
COMMAND RIGHT START
MOVE B91 31
MOVE B92 31
MOVE B112 104
MOVE B113 104
TRAIN 2
COMMAND RIGHT END
TURN 256 RESULT
TIME LEFT 0 5 RIGHT 0 5
TRAIN B114 B115
MOVE A15 92
MOVE A43 103
MOVE A50 103
MOVE A55 103
MOVE A57 92
MOVE A58 7
MOVE B84 31
MOVE B85 31
MOVE B86 50
MOVE B87 50
MOVE B88 60
MOVE B89 79
MOVE B90 79
MOVE B91 87
MOVE B92 87
MOVE B93 104
MOVE B94 104
MOVE B95 121
MOVE B96 124
MOVE B97 124
MOVE B98 136
MOVE B99 149
MOVE B100 149
MOVE B101 164
MOVE B102 164
MOVE B103 173
MOVE B104 173
MOVE B105 189
MOVE B106 188
MOVE B107 188
MOVE B108 194
MOVE B109 194
MOVE B110 199
MOVE B111 199
MOVE B112 201
MOVE B113 201
DAMAGE COMBAT A48 2
DAMAGE COMBAT A49 6
DAMAGE COMBAT B76 5
END TURN 256
TURN 257
COMMAND LEFT START
COMMAND LEFT END
COMMAND RIGHT START
MOVE B93 31
MOVE B94 31
MOVE B114 104
MOVE B115 104
TRAIN 1
COMMAND RIGHT END
TURN 257 RESULT
TIME LEFT 0 5 RIGHT 0 5
TRAIN B116
MOVE A15 103
MOVE A57 103
MOVE A58 16
MOVE B86 31
MOVE B87 31
MOVE B88 50
MOVE B89 60
MOVE B90 60
MOVE B91 79
MOVE B92 79
MOVE B93 87
MOVE B94 87
MOVE B95 104
MOVE B96 121
MOVE B97 121
MOVE B98 124
MOVE B99 136
MOVE B100 136
MOVE B101 149
MOVE B102 149
MOVE B103 164
MOVE B104 164
MOVE B105 173
MOVE B106 189
MOVE B107 189
MOVE B108 188
MOVE B109 188
MOVE B110 194
MOVE B111 194
MOVE B112 199
MOVE B113 199
MOVE B114 201
MOVE B115 201
DAMAGE COMBAT A51 6
DAMAGE COMBAT A54 4
DAMAGE COMBAT B76 1
DAMAGE COMBAT B77 2
END TURN 257
TURN 258
COMMAND LEFT START
COMMAND LEFT END
COMMAND RIGHT START
MOVE B95 31
MOVE B116 104
TRAIN 2
COMMAND RIGHT END
TURN 258 RESULT
TIME LEFT 0 5 RIGHT 0 5
TRAIN B117 B118
MOVE A58 38
MOVE B88 31
MOVE B89 50
MOVE B90 50
MOVE B91 60
MOVE B92 60
MOVE B93 79
MOVE B94 79
MOVE B95 87
MOVE B96 104
MOVE B97 104
MOVE B98 121
MOVE B99 124
MOVE B100 124
MOVE B101 136
MOVE B102 136
MOVE B103 149
MOVE B104 149
MOVE B105 164
MOVE B106 173
MOVE B107 173
MOVE B108 189
MOVE B109 189
MOVE B110 188
MOVE B111 188
MOVE B112 194
MOVE B113 194
MOVE B114 199
MOVE B115 199
MOVE B116 201
DAMAGE COMBAT A54 2
DAMAGE COMBAT A56 6
DAMAGE COMBAT B77 2
END TURN 258
TURN 259
COMMAND LEFT START
COMMAND LEFT END
COMMAND RIGHT START
MOVE B96 31
MOVE B97 31
MOVE B117 104
MOVE B118 104
TRAIN 2
COMMAND RIGHT END
TURN 259 RESULT
TIME LEFT 0 5 RIGHT 0 5
TRAIN B119 B120
MOVE A58 44
MOVE B89 31
MOVE B90 31
MOVE B91 50
MOVE B92 50
MOVE B93 60
MOVE B94 60
MOVE B95 79
MOVE B96 87
MOVE B97 87
MOVE B98 104
MOVE B99 121
MOVE B100 121
MOVE B101 124
MOVE B102 124
MOVE B103 136
MOVE B104 136
MOVE B105 149
MOVE B106 164
MOVE B107 164
MOVE B108 173
MOVE B109 173
MOVE B110 189
MOVE B111 189
MOVE B112 188
MOVE B113 188
MOVE B114 194
MOVE B115 194
MOVE B116 199
MOVE B117 201
MOVE B118 201
END TURN 259
TURN 260
COMMAND LEFT START
COMMAND LEFT END
COMMAND RIGHT START
MOVE B98 31
MOVE B119 104
MOVE B120 104
TRAIN 2
COMMAND RIGHT END
TURN 260 RESULT
TIME LEFT 0 5 RIGHT 0 5
TRAIN B121 B122
MOVE A58 58
MOVE B91 31
MOVE B92 31
MOVE B93 50
MOVE B94 50
MOVE B95 60
MOVE B96 79
MOVE B97 79
MOVE B98 87
MOVE B99 104
MOVE B100 104
MOVE B101 121
MOVE B102 121
MOVE B103 124
MOVE B104 124
MOVE B105 136
MOVE B106 149
MOVE B107 149
MOVE B108 164
MOVE B109 164
MOVE B110 173
MOVE B111 173
MOVE B112 189
MOVE B113 189
MOVE B114 188
MOVE B115 188
MOVE B116 194
MOVE B117 199
MOVE B118 199
MOVE B119 201
MOVE B120 201
END TURN 260
TURN 261
COMMAND LEFT START
COMMAND LEFT END
COMMAND RIGHT START
MOVE B99 31
MOVE B100 31
MOVE B121 104
MOVE B122 104
TRAIN 2
COMMAND RIGHT END
TURN 261 RESULT
TIME LEFT 0 5 RIGHT 0 5
TRAIN B123 B124
MOVE A58 69
MOVE B93 31
MOVE B94 31
MOVE B95 50
MOVE B96 60
MOVE B97 60
MOVE B98 79
MOVE B99 87
MOVE B100 87
MOVE B101 104
MOVE B102 104
MOVE B103 121
MOVE B104 121
MOVE B105 124
MOVE B106 136
MOVE B107 136
MOVE B108 149
MOVE B109 149
MOVE B110 164
MOVE B111 164
MOVE B112 173
MOVE B113 173
MOVE B114 189
MOVE B115 189
MOVE B116 188
MOVE B117 194
MOVE B118 194
MOVE B119 199
MOVE B120 199
MOVE B121 201
MOVE B122 201
END TURN 261
TURN 262
COMMAND LEFT START
COMMAND LEFT END
COMMAND RIGHT START
MOVE B101 31
MOVE B102 31
MOVE B123 104
MOVE B124 104
TRAIN 2
COMMAND RIGHT END
TURN 262 RESULT
TIME LEFT 0 5 RIGHT 0 5
TRAIN B125 B126
MOVE A58 92
MOVE B95 31
MOVE B96 50
MOVE B97 50
MOVE B98 60
MOVE B99 79
MOVE B100 79
MOVE B101 87
MOVE B102 87
MOVE B103 104
MOVE B104 104
MOVE B105 121
MOVE B106 124
MOVE B107 124
MOVE B108 136
MOVE B109 136
MOVE B110 149
MOVE B111 149
MOVE B112 164
MOVE B113 164
MOVE B114 173
MOVE B115 173
MOVE B116 189
MOVE B117 188
MOVE B118 188
MOVE B119 194
MOVE B120 194
MOVE B121 199
MOVE B122 199
MOVE B123 201
MOVE B124 201
END TURN 262
TURN 263
COMMAND LEFT START
COMMAND LEFT END
COMMAND RIGHT START
MOVE B103 31
MOVE B104 31
MOVE B125 104
MOVE B126 104
TRAIN 1
COMMAND RIGHT END
TURN 263 RESULT
TIME LEFT 0 5 RIGHT 0 5
TRAIN B127
MOVE A58 103
MOVE B96 31
MOVE B97 31
MOVE B98 50
MOVE B99 60
MOVE B100 60
MOVE B101 79
MOVE B102 79
MOVE B103 87
MOVE B104 87
MOVE B105 104
MOVE B106 121
MOVE B107 121
MOVE B108 124
MOVE B109 124
MOVE B110 136
MOVE B111 136
MOVE B112 149
MOVE B113 149
MOVE B114 164
MOVE B115 164
MOVE B116 173
MOVE B117 189
MOVE B118 189
MOVE B119 188
MOVE B120 188
MOVE B121 194
MOVE B122 194
MOVE B123 199
MOVE B124 199
MOVE B125 201
MOVE B126 201
END TURN 263
TURN 264
COMMAND LEFT START
MOVE A58 120
MOVE A57 120
MOVE A55 120
MOVE A50 120
MOVE A43 120
MOVE A35 120
MOVE A14 120
MOVE A15 120
MOVE A33 120
MOVE A3 120
MOVE A28 120
MOVE A25 120
MOVE A34 120
MOVE A31 120
MOVE A30 120
MOVE A27 120
MOVE A24 120
MOVE A21 120
MOVE A18 120
MOVE A17 120
MOVE A19 120
MOVE A16 120
MOVE A13 120
COMMAND LEFT END
COMMAND RIGHT START
MOVE B105 31
MOVE B127 104
TRAIN 2
COMMAND RIGHT END
TURN 264 RESULT
TIME LEFT 0 5 RIGHT 0 5
TRAIN B128 B129
MOVE A3 111
MOVE A13 111
MOVE A14 111
MOVE A15 111
MOVE A16 111
MOVE A17 111
MOVE A18 111
MOVE A19 111
MOVE A21 111
MOVE A24 111
MOVE A25 111
MOVE A27 111
MOVE A28 111
MOVE A30 111
MOVE A31 111
MOVE A33 111
MOVE A34 111
MOVE A35 111
MOVE A43 111
MOVE A50 111
MOVE A55 111
MOVE A57 111
MOVE A58 111
MOVE B98 31
MOVE B99 50
MOVE B100 50
MOVE B101 60
MOVE B102 60
MOVE B103 79
MOVE B104 79
MOVE B105 87
MOVE B106 104
MOVE B107 104
MOVE B108 121
MOVE B109 121
MOVE B110 124
MOVE B111 124
MOVE B112 136
MOVE B113 136
MOVE B114 149
MOVE B115 149
MOVE B116 164
MOVE B117 173
MOVE B118 173
MOVE B119 189
MOVE B120 189
MOVE B121 188
MOVE B122 188
MOVE B123 194
MOVE B124 194
MOVE B125 199
MOVE B126 199
MOVE B127 201
END TURN 264
TURN 265
COMMAND LEFT START
COMMAND LEFT END
COMMAND RIGHT START
MOVE B106 31
MOVE B107 31
TRAIN 2
COMMAND RIGHT END
TURN 265 RESULT
TIME LEFT 0 5 RIGHT 0 5
TRAIN B130 B131
MOVE A3 120
MOVE A13 120
MOVE A14 120
MOVE A15 120
MOVE A16 120
MOVE A17 120
MOVE A18 120
MOVE A19 120
MOVE A21 120
MOVE A24 120
MOVE A25 120
MOVE A27 120
MOVE A28 120
MOVE A30 120
MOVE A31 120
MOVE A33 120
MOVE A34 120
MOVE A35 120
MOVE A43 120
MOVE A50 120
MOVE A55 120
MOVE A57 120
MOVE A58 120
MOVE B99 31
MOVE B100 31
MOVE B101 50
MOVE B102 50
MOVE B103 60
MOVE B104 60
MOVE B105 79
MOVE B106 87
MOVE B107 87
MOVE B108 104
MOVE B109 104
MOVE B110 121
MOVE B111 121
MOVE B112 124
MOVE B113 124
MOVE B114 136
MOVE B115 136
MOVE B116 149
MOVE B117 164
MOVE B118 164
MOVE B119 173
MOVE B120 173
MOVE B121 189
MOVE B122 189
MOVE B123 188
MOVE B124 188
MOVE B125 194
MOVE B126 194
MOVE B127 199
DAMAGE TURRET A13 2
DAMAGE COMBAT A16 2
DAMAGE COMBAT A19 1
DAMAGE COMBAT B46 6
DAMAGE COMBAT B79 6
DAMAGE COMBAT B80 6
SIEGE B 120 5
END TURN 265
TURN 266
COMMAND LEFT START
COMMAND LEFT END
COMMAND RIGHT START
MOVE B108 31
MOVE B109 31
MOVE B130 104
MOVE B131 104
TRAIN 1
COMMAND RIGHT END
TURN 266 RESULT
TIME LEFT 0 5 RIGHT 0 5
TRAIN B132
MOVE B101 31
MOVE B102 31
MOVE B103 50
MOVE B104 50
MOVE B105 60
MOVE B106 79
MOVE B107 79
MOVE B108 87
MOVE B109 87
MOVE B110 104
MOVE B111 104
MOVE B112 121
MOVE B113 121
MOVE B114 124
MOVE B115 124
MOVE B116 136
MOVE B117 149
MOVE B118 149
MOVE B119 164
MOVE B120 164
MOVE B121 173
MOVE B122 173
MOVE B123 189
MOVE B124 189
MOVE B125 188
MOVE B126 188
MOVE B127 194
MOVE B130 201
MOVE B131 201
DAMAGE TURRET A17 1
DAMAGE TURRET A19 1
SIEGE B 120 13
END TURN 266
TURN 267
COMMAND LEFT START
MOVE A3 103
MOVE A14 103
MOVE A15 103
MOVE A17 103
MOVE A18 103
MOVE A21 103
MOVE A24 103
MOVE A25 103
MOVE A27 103
MOVE A28 103
MOVE A30 103
MOVE A31 103
MOVE A33 103
MOVE A34 103
MOVE A35 103
MOVE A43 103
MOVE A50 103
MOVE A55 103
MOVE A57 103
MOVE A58 103
COMMAND LEFT END
COMMAND RIGHT START
MOVE B77 0
MOVE B78 0
MOVE B81 0
MOVE B82 0
MOVE B83 0
MOVE B84 0
MOVE B85 0
MOVE B86 0
MOVE B87 0
MOVE B88 0
MOVE B89 0
MOVE B90 0
MOVE B91 0
MOVE B92 0
MOVE B93 0
MOVE B94 0
MOVE B95 0
MOVE B96 0
MOVE B97 0
MOVE B98 0
MOVE B99 0
MOVE B100 0
MOVE B101 0
MOVE B102 0
MOVE B132 104
COMMAND RIGHT END
TURN 267 RESULT
TIME LEFT 0 5 RIGHT 0 5
MOVE A3 111
MOVE A14 111
MOVE A15 111
MOVE A17 111
MOVE A18 111
MOVE A21 111
MOVE A24 111
MOVE A25 111
MOVE A27 111
MOVE A28 111
MOVE A30 111
MOVE A31 111
MOVE A33 111
MOVE A34 111
MOVE A35 111
MOVE A43 111
MOVE A50 111
MOVE A55 111
MOVE A57 111
MOVE A58 111
MOVE B77 20
MOVE B78 20
MOVE B81 20
MOVE B82 20
MOVE B83 20
MOVE B84 20
MOVE B85 20
MOVE B86 20
MOVE B87 20
MOVE B88 20
MOVE B89 20
MOVE B90 20
MOVE B91 20
MOVE B92 20
MOVE B93 20
MOVE B94 20
MOVE B95 20
MOVE B96 20
MOVE B97 20
MOVE B98 20
MOVE B99 20
MOVE B100 20
MOVE B101 20
MOVE B102 20
MOVE B103 31
MOVE B104 31
MOVE B105 50
MOVE B106 60
MOVE B107 60
MOVE B108 79
MOVE B109 79
MOVE B112 104
MOVE B113 104
MOVE B114 121
MOVE B115 121
MOVE B116 124
MOVE B117 136
MOVE B118 136
MOVE B119 149
MOVE B120 149
MOVE B121 164
MOVE B122 164
MOVE B123 173
MOVE B124 173
MOVE B125 189
MOVE B126 189
MOVE B127 188
MOVE B130 199
MOVE B131 199
MOVE B132 201
END TURN 267
TURN 268
COMMAND LEFT START
MOVE A59 103
TRAIN 1
COMMAND LEFT END
COMMAND RIGHT START
MOVE B103 0
MOVE B104 0
COMMAND RIGHT END
TURN 268 RESULT
TIME LEFT 0 5 RIGHT 0 5
TRAIN A60
MOVE A3 103
MOVE A14 103
MOVE A15 103
MOVE A17 103
MOVE A18 103
MOVE A21 103
MOVE A24 103
MOVE A25 103
MOVE A27 103
MOVE A28 103
MOVE A30 103
MOVE A31 103
MOVE A33 103
MOVE A34 103
MOVE A35 103
MOVE A43 103
MOVE A50 103
MOVE A55 103
MOVE A57 103
MOVE A58 103
MOVE A59 5
MOVE B77 14
MOVE B78 14
MOVE B81 14
MOVE B82 14
MOVE B83 14
MOVE B84 14
MOVE B85 14
MOVE B86 14
MOVE B87 14
MOVE B88 14
MOVE B89 14
MOVE B90 14
MOVE B91 14
MOVE B92 14
MOVE B93 14
MOVE B94 14
MOVE B95 14
MOVE B96 14
MOVE B97 14
MOVE B98 14
MOVE B99 14
MOVE B100 14
MOVE B101 14
MOVE B102 14
MOVE B103 20
MOVE B104 20
MOVE B105 31
MOVE B106 50
MOVE B107 50
MOVE B108 60
MOVE B109 60
MOVE B114 104
MOVE B115 104
MOVE B116 121
MOVE B117 124
MOVE B118 124
MOVE B119 136
MOVE B120 136
MOVE B121 149
MOVE B122 149
MOVE B123 164
MOVE B124 164
MOVE B125 173
MOVE B126 173
MOVE B127 189
MOVE B130 194
MOVE B131 194
MOVE B132 199
END TURN 268
TURN 269
COMMAND LEFT START
MOVE A58 0
MOVE A57 0
MOVE A55 0
MOVE A50 0
MOVE A43 0
MOVE A35 0
MOVE A14 0
MOVE A15 0
MOVE A28 0
MOVE A33 0
MOVE A3 0
MOVE A27 0
MOVE A30 0
MOVE A31 0
MOVE A25 0
MOVE A34 0
MOVE A24 0
MOVE A21 0
MOVE A18 0
MOVE A17 0
MOVE A12 0
MOVE A11 0
COMMAND LEFT END
COMMAND RIGHT START
MOVE B105 0
MOVE B128 104
MOVE B129 104
COMMAND RIGHT END
TURN 269 RESULT
TIME LEFT 0 5 RIGHT 0 5
MOVE A3 92
MOVE A11 92
MOVE A12 92
MOVE A14 92
MOVE A15 92
MOVE A17 92
MOVE A18 92
MOVE A21 92
MOVE A24 92
MOVE A25 92
MOVE A27 92
MOVE A28 92
MOVE A30 92
MOVE A31 92
MOVE A33 92
MOVE A34 92
MOVE A35 92
MOVE A43 92
MOVE A50 92
MOVE A55 92
MOVE A57 92
MOVE A58 92
MOVE A59 7
MOVE B77 3
MOVE B78 3
MOVE B81 3
MOVE B82 3
MOVE B83 3
MOVE B84 3
MOVE B85 3
MOVE B86 3
MOVE B87 3
MOVE B88 3
MOVE B89 3
MOVE B90 3
MOVE B91 3
MOVE B92 3
MOVE B93 3
MOVE B94 3
MOVE B95 3
MOVE B96 3
MOVE B97 3
MOVE B98 3
MOVE B99 3
MOVE B100 3
MOVE B101 3
MOVE B102 3
MOVE B103 14
MOVE B104 14
MOVE B105 20
MOVE B106 31
MOVE B107 31
MOVE B108 50
MOVE B109 50
MOVE B116 104
MOVE B117 121
MOVE B118 121
MOVE B119 124
MOVE B120 124
MOVE B121 136
MOVE B122 136
MOVE B123 149
MOVE B124 149
MOVE B125 164
MOVE B126 164
MOVE B127 173
MOVE B128 201
MOVE B129 201
MOVE B130 188
MOVE B131 188
MOVE B132 194
END TURN 269
TURN 270
COMMAND LEFT START
COMMAND LEFT END
COMMAND RIGHT START
MOVE B106 0
UPGRADE 31
COMMAND RIGHT END
TURN 270 RESULT
TIME LEFT 0 5 RIGHT 0 5
UPGRADE B 31
MOVE A3 69
MOVE A11 69
MOVE A12 69
MOVE A14 69
MOVE A15 69
MOVE A17 69
MOVE A18 69
MOVE A21 69
MOVE A24 69
MOVE A25 69
MOVE A27 69
MOVE A28 69
MOVE A30 69
MOVE A31 69
MOVE A33 69
MOVE A34 69
MOVE A35 69
MOVE A43 69
MOVE A50 69
MOVE A55 69
MOVE A57 69
MOVE A58 69
MOVE A59 16
MOVE B77 0
MOVE B78 0
MOVE B81 0
MOVE B82 0
MOVE B83 0
MOVE B84 0
MOVE B85 0
MOVE B86 0
MOVE B87 0
MOVE B88 0
MOVE B89 0
MOVE B90 0
MOVE B91 0
MOVE B92 0
MOVE B93 0
MOVE B94 0
MOVE B95 0
MOVE B96 0
MOVE B97 0
MOVE B98 0
MOVE B99 0
MOVE B100 0
MOVE B101 0
MOVE B102 0
MOVE B103 3
MOVE B104 3
MOVE B105 14
MOVE B106 20
MOVE B108 31
MOVE B109 31
MOVE B117 104
MOVE B118 104
MOVE B119 121
MOVE B120 121
MOVE B121 124
MOVE B122 124
MOVE B123 136
MOVE B124 136
MOVE B125 149
MOVE B126 149
MOVE B127 164
MOVE B128 199
MOVE B129 199
MOVE B130 189
MOVE B131 189
MOVE B132 188
DAMAGE TURRET B77 2
DAMAGE COMBAT A20 5
DAMAGE COMBAT A53 6
DAMAGE COMBAT A60 6
DAMAGE COMBAT B78 3
SIEGE A 0 7
END TURN 270
TURN 271
COMMAND LEFT START
COMMAND LEFT END
COMMAND RIGHT START
MOVE B108 0
MOVE B109 0
MOVE B110 31
MOVE B111 31
MOVE B112 31
MOVE B113 31
MOVE B114 31
MOVE B115 31
MOVE B116 120
MOVE B117 31
MOVE B118 31
COMMAND RIGHT END
TURN 271 RESULT
TIME LEFT 0 5 RIGHT 0 5
MOVE A3 58
MOVE A11 58
MOVE A12 58
MOVE A14 58
MOVE A15 58
MOVE A17 58
MOVE A18 58
MOVE A21 58
MOVE A24 58
MOVE A25 58
MOVE A27 58
MOVE A28 58
MOVE A30 58
MOVE A31 58
MOVE A33 58
MOVE A34 58
MOVE A35 58
MOVE A43 58
MOVE A50 58
MOVE A55 58
MOVE A57 58
MOVE A58 58
MOVE A59 38
MOVE B103 0
MOVE B104 0
MOVE B105 3
MOVE B106 14
MOVE B108 20
MOVE B109 20
MOVE B110 87
MOVE B111 87
MOVE B112 87
MOVE B113 87
MOVE B114 87
MOVE B115 87
MOVE B116 88
MOVE B117 87
MOVE B118 87
MOVE B119 104
MOVE B120 104
MOVE B121 121
MOVE B122 121
MOVE B123 124
MOVE B124 124
MOVE B125 136
MOVE B126 136
MOVE B127 149
MOVE B128 194
MOVE B129 194
MOVE B130 173
MOVE B131 173
MOVE B132 189
DAMAGE TURRET B78 2
SIEGE A 0 13
END TURN 271
RESULT RIGHT_WIN HQ_DESTROYED
