[LEFT ""]
[RIGHT ""]
MAP
245 15
-11008 -10752 -10635 -10168 -9521 -10429 -9443 -8783 -9405 -8628 -8312 -8309 -8634 -8026 -7924 -7915 -8989 -7860 -7730 -8829 -7304 -7250 -6969 -7021 -7048 -6958 -7603 -6898 -6738 -6717 -7616 -6845 -6515 -7091 -6072 -6605 -5963 -5755 -5918 -5838 -5753 -5710 -5407 -5484 -5812 -6115 -5034 -4843 -4926 -4896 -4931 -4826 -4750 -4606 -4486 -4477 -4561 -4326 -4131 -4134 -3938 -4000 -3772 -3760 -3793 -3740 -3571 -3600 -3457 -3629 -3368 -3391 -3437 -3184 -3030 -3082 -2874 -2836 -2911 -2760 -2560 -2523 -2424 -2470 -2390 -2390 -2345 -2185 -2310 -2767 -2190 -2352 -1981 -1954 -1849 -1717 -1787 -1562 -1452 -1521 -1453 -1394 -1371 -1327 -1299 -1142 -865 -698 -1131 -767 -596 -627 -684 -709 -468 -506 -403 -653 -269 -223 -178 -112 0 112 178 223 269 653 403 506 468 709 684 627 596 767 1131 698 865 1142 1299 1327 1371 1394 1453 1521 1452 1562 1787 1717 1849 1954 1981 2352 2190 2767 2310 2185 2345 2390 2390 2470 2424 2523 2560 2760 2911 2836 2874 3082 3030 3184 3437 3391 3368 3629 3457 3600 3571 3740 3793 3760 3772 4000 3938 4134 4131 4326 4561 4477 4486 4606 4750 4826 4931 4896 4926 4843 5034 6115 5812 5484 5407 5710 5753 5838 5918 5755 5963 6605 6072 7091 6515 6845 7616 6717 6738 6898 7603 6958 7048 7021 6969 7250 7304 8829 7730 7860 8989 7915 7924 8026 8634 8309 8312 8628 9405 8783 9443 10429 9521 10168 10635 10752 11008
1428 -779 -3680 -1998 280 4112 2344 -1306 5362 -3125 382 3117 -4331 1512 -1809 5151 -6350 -782 -2844 6871 -4374 3639 -2216 497 1737 5558 7391 2721 -5328 -792 -7587 4407 -3412 8493 4980 -7939 6309 1969 -1746 3619 264 -4517 -3158 -6034 8939 -9218 5924 -2185 -7035 3646 4693 -599 -5207 -3992 743 -9882 10133 1887 3009 7498 -7892 4927 -4531 -5698 -6721 -3156 3985 5745 6637 -1313 -2219 515 -422 1696 -7457 9012 -5219 4974 -4145 3078 -6639 -8193 4166 -3327 904 -168 -1256 8256 7305 -10309 5868 10651 -5037 1903 -6029 -4031 -2633 492 6691 4818 3698 -7087 -1602 -8232 2563 -480 -5049 5443 -11059 -3832 -6022 -2416 843 8272 -8766 6533 2343 10934 3372 4408 -7237 -1340 0 1340 7237 -4408 -3372 -10934 -2343 -6533 8766 -8272 -843 2416 6022 3832 11059 -5443 5049 480 -2563 8232 1602 7087 -3698 -4818 -6691 -492 2633 4031 6029 -1903 5037 -10651 -5868 10309 -7305 -8256 1256 168 -904 3327 -4166 8193 6639 -3078 4145 -4974 5219 -9012 7457 -1696 422 -515 2219 1313 -6637 -5745 -3985 3156 6721 5698 4531 -4927 7892 -7498 -3009 -1887 -10133 9882 -743 3992 5207 599 -4693 -3646 7035 2185 -5924 9218 -8939 6034 3158 4517 -264 -3619 1746 -1969 -6309 7939 -4980 -8493 3412 -4407 7587 792 5328 -2721 -7391 -5558 -1737 -497 2216 -3639 4374 -6871 2844 782 6350 -5151 1809 -1512 4331 -3117 -382 3125 -5362 1306 -2344 -4112 -280 1998 3680 779 -1428
STRONGHOLDS 14 24 41 68 81 87 117 122 127 157 163 176 203 220 230
4 1 4 5 6
5 0 2 3 4 7
5 1 3 9 12 16
4 1 2 7 9
6 0 1 6 7 10 13
4 0 6 8 11
5 0 4 5 11 13
7 1 3 4 9 10 14 17
4 5 11 15 19
7 2 3 7 12 14 18 20
5 4 7 13 17 23
7 5 6 8 13 15 21 27
5 2 9 16 20 28
7 4 6 10 11 23 24 27
6 7 9 17 18 22 29
7 8 11 19 21 25 26 31
4 2 12 28 30
5 7 10 14 23 29
5 9 14 20 22 32
4 8 15 26 33
6 9 12 18 28 32 41
5 11 15 27 31 39
5 14 18 29 32 38
7 10 13 17 24 29 37 40
4 13 23 27 37
5 15 26 31 34 36
5 15 19 25 33 36
6 11 13 21 24 37 39
7 12 16 20 30 35 41 43
7 14 17 22 23 38 40 51
4 16 28 35 45
5 15 21 25 34 39
6 18 20 22 38 41 42
4 19 26 36 44
6 25 31 36 39 46 50
5 28 30 43 45 48
7 25 26 33 34 44 46 59
9 23 24 27 39 40 49 54 57 58
6 22 29 32 42 47 51
7 21 27 31 34 37 49 50
5 23 29 37 51 54
7 20 28 32 42 43 52 53
6 32 38 41 47 53 65
6 28 35 41 48 52 63
4 33 36 56 59
5 30 35 48 55 60
7 34 36 50 59 61 67 68
6 38 42 51 65 69 70
6 35 43 45 60 63 64
5 37 39 50 58 66
6 34 39 46 49 61 66
7 29 38 40 47 54 69 72
5 41 43 53 62 63
5 41 42 52 62 65
7 37 40 51 57 71 72 73
4 45 60 81 89
4 44 59 75 91
4 37 54 58 73
6 37 49 57 66 73 79
8 36 44 46 56 68 75 87 88
6 45 48 55 64 74 81
5 46 50 66 67 77
6 52 53 63 65 76 78
7 43 48 52 62 64 76 80
5 48 60 63 74 80
7 42 47 53 62 70 78 83
7 49 50 58 61 77 79 82
5 46 61 68 77 90
5 46 59 67 88 90
5 47 51 70 72 86
6 47 65 69 83 86 96
5 54 72 73 84 85
6 51 54 69 71 85 86
7 54 57 58 71 79 84 93
5 60 64 80 81 101
4 56 59 87 91
6 62 63 78 80 92 94
6 61 66 67 82 90 99
6 62 65 76 83 92 95
7 58 66 73 82 93 100 104
6 63 64 74 76 94 101
6 55 60 74 89 101 103
5 66 77 79 99 100
5 65 70 78 95 96
5 71 73 85 93 97
6 71 72 84 86 97 105
7 69 70 72 85 96 102 105
5 59 75 88 91 113
6 59 68 87 90 98 113
5 55 81 103 108 114
7 67 68 77 88 98 99 107
5 56 75 87 113 117
5 76 78 94 95 106
6 73 79 84 97 104 112
6 76 80 92 101 106 110
6 78 83 92 96 106 109
7 70 83 86 95 102 109 111
5 84 85 93 105 112
5 88 90 107 113 115
6 77 82 90 100 107 119
6 79 82 99 104 118 119
7 74 80 81 94 103 110 120
5 86 96 105 111 121
5 81 89 101 114 120
6 79 93 100 112 116 118
7 85 86 97 102 112 121 122
7 92 94 95 109 110 125 137
7 90 98 99 115 119 134 138
3 89 114 127
6 95 96 106 111 125 126
6 94 101 106 120 129 137
6 96 102 109 121 126 128
7 93 97 104 105 116 122 123
8 87 88 91 98 115 117 124 130
6 89 103 108 120 127 131
5 98 107 113 124 134
5 104 112 118 123 133
4 91 113 130 136
6 100 104 116 119 133 135
6 99 100 107 118 135 138
6 101 103 110 114 129 131
6 102 105 111 122 128 132
6 105 112 121 123 132 139
6 112 116 122 133 139 142
6 113 115 130 134 141 143
6 106 109 126 137 144 145
6 109 111 125 128 140 144
4 108 114 131 153
5 111 121 126 132 140
5 110 120 131 137 146
6 113 117 124 136 141 155
8 114 120 127 129 146 153 156 157
7 121 122 128 139 140 147 151
6 116 118 123 135 142 148
6 107 115 124 138 143 150
6 118 119 133 138 148 149
3 117 130 155
7 106 110 125 129 145 146 154
7 107 119 134 135 149 150 152
7 122 123 132 142 147 158 159
6 126 128 132 144 151 165
5 124 130 143 155 163
5 123 133 139 148 158
7 124 134 141 150 163 164 170
6 125 126 140 145 162 165
6 125 137 144 154 162 167
5 129 131 137 154 156
5 132 139 151 159 160
7 133 135 142 149 158 161 174
6 135 138 148 152 161 166
6 134 138 143 152 164 168
6 132 140 147 160 165 171
5 138 149 150 166 168
5 127 131 157 169 188
7 137 145 146 156 167 176 177
5 130 136 141 163 189
6 131 146 154 157 176 185
5 131 153 156 169 185
7 139 142 148 159 172 174 175
6 139 147 158 160 172 173
5 147 151 159 171 173
5 148 149 166 174 179
5 144 145 165 167 178
6 141 143 155 170 184 189
6 143 150 168 170 180 181
7 140 144 151 162 171 178 186
6 149 152 161 168 179 182
6 145 154 162 177 178 183
6 150 152 164 166 181 182
4 153 157 185 188
5 143 163 164 180 184
7 151 160 165 173 186 187 190
6 158 159 173 175 190 193
5 159 160 171 172 190
6 148 158 161 175 179 197
5 158 172 174 193 197
5 154 156 177 185 198
5 154 167 176 183 198
7 162 165 167 183 186 194 195
7 161 166 174 182 191 197 202
5 164 170 181 184 196
7 164 168 180 182 192 196 201
6 166 168 179 181 191 192
5 167 177 178 194 198
6 163 170 180 189 196 199
8 156 157 169 176 188 198 200 208
6 165 171 178 187 195 207
4 171 186 190 207
4 153 169 185 200
4 155 163 184 199
7 171 172 173 187 193 204 207
5 179 182 192 202 203
5 181 182 191 201 203
7 172 175 190 197 204 206 215
6 178 183 195 198 205 210
5 178 186 194 205 207
6 180 181 184 199 201 209
6 174 175 179 193 202 206
7 176 177 183 185 194 208 210
5 184 189 196 209 214
4 185 188 208 211
6 181 192 196 203 209 216
6 179 191 197 203 206 212
7 191 192 201 202 212 216 224
5 190 193 207 215 221
7 194 195 207 210 213 217 223
6 193 197 202 212 215 222
9 186 187 190 195 204 205 217 220 221
7 185 198 200 210 211 218 219
5 196 199 201 214 216
6 194 198 205 208 213 219
4 200 208 218 225
6 202 203 206 222 224 226
5 205 210 219 223 229
4 199 209 216 228
7 193 204 206 221 222 227 230
7 201 203 209 214 224 228 232
6 205 207 220 223 231 233
5 208 211 219 225 229
5 208 210 213 218 229
4 207 217 221 231
7 204 207 215 220 227 231 234
5 206 212 215 226 230
5 205 213 217 229 233
6 203 212 216 226 232 235
4 211 218 229 236
5 212 222 224 230 235
5 215 221 230 234 237
4 214 216 232 242
7 213 218 219 223 225 233 236
6 215 222 226 227 235 237
7 217 220 221 233 234 238 240
5 216 224 228 235 242
7 217 223 229 231 236 238 239
5 221 227 231 237 240
7 224 226 230 232 237 241 242
4 225 229 233 239
7 227 230 234 235 240 241 243
5 231 233 239 240 244
4 233 236 238 244
6 231 234 237 238 243 244
4 235 237 242 243
5 228 232 235 241 243
5 237 240 241 242 244
4 238 239 240 243
END MAP
TURN 1
COMMAND LEFT START
MOVE A1 14
TRAIN 1
COMMAND LEFT END
COMMAND RIGHT START
MOVE B2 220
MOVE B3 230
COMMAND RIGHT END
TURN 1 RESULT
TIME LEFT 7 5 RIGHT 0 5
TRAIN A4
MOVE A1 4
MOVE B2 238
MOVE B3 240
END TURN 1
TURN 2
COMMAND LEFT START
MOVE A4 228
COMMAND LEFT END
COMMAND RIGHT START
COMMAND RIGHT END
TURN 2 RESULT
TIME LEFT 0 5 RIGHT 0 5
MOVE A1 7
MOVE A4 6
MOVE B2 231
MOVE B3 237
END TURN 2
TURN 3
COMMAND LEFT START
COMMAND LEFT END
COMMAND RIGHT START
COMMAND RIGHT END
TURN 3 RESULT
TIME LEFT 0 5 RIGHT 0 5
MOVE A1 14
MOVE A4 11
MOVE B2 220
MOVE B3 230
END TURN 3
TURN 4
COMMAND LEFT START
UPGRADE 14
COMMAND LEFT END
COMMAND RIGHT START
UPGRADE 220
COMMAND RIGHT END
TURN 4 RESULT
TIME LEFT 0 5 RIGHT 0 5
UPGRADE A 14
UPGRADE B 220
MOVE A4 21
END TURN 4
TURN 5
COMMAND LEFT START
COMMAND LEFT END
COMMAND RIGHT START
COMMAND RIGHT END
TURN 5 RESULT
TIME LEFT 0 5 RIGHT 0 5
MOVE A4 39
END TURN 5
TURN 6
COMMAND LEFT START
COMMAND LEFT END
COMMAND RIGHT START
COMMAND RIGHT END
TURN 6 RESULT
TIME LEFT 0 5 RIGHT 0 5
MOVE A4 49
END TURN 6
TURN 7
COMMAND LEFT START
COMMAND LEFT END
COMMAND RIGHT START
COMMAND RIGHT END
TURN 7 RESULT
TIME LEFT 0 5 RIGHT 0 5
MOVE A4 66
END TURN 7
TURN 8
COMMAND LEFT START
COMMAND LEFT END
COMMAND RIGHT START
COMMAND RIGHT END
TURN 8 RESULT
TIME LEFT 0 5 RIGHT 0 5
MOVE A4 82
END TURN 8
TURN 9
COMMAND LEFT START
COMMAND LEFT END
COMMAND RIGHT START
COMMAND RIGHT END
TURN 9 RESULT
TIME LEFT 0 5 RIGHT 0 5
MOVE A4 99
END TURN 9
TURN 10
COMMAND LEFT START
COMMAND LEFT END
COMMAND RIGHT START
COMMAND RIGHT END
TURN 10 RESULT
TIME LEFT 0 5 RIGHT 0 5
MOVE A4 119
END TURN 10
TURN 11
COMMAND LEFT START
COMMAND LEFT END
COMMAND RIGHT START
COMMAND RIGHT END
TURN 11 RESULT
TIME LEFT 0 5 RIGHT 0 5
MOVE A4 138
END TURN 11
TURN 12
COMMAND LEFT START
COMMAND LEFT END
COMMAND RIGHT START
COMMAND RIGHT END
TURN 12 RESULT
TIME LEFT 0 5 RIGHT 0 5
MOVE A4 152
END TURN 12
TURN 13
COMMAND LEFT START
COMMAND LEFT END
COMMAND RIGHT START
COMMAND RIGHT END
TURN 13 RESULT
TIME LEFT 0 5 RIGHT 0 5
MOVE A4 168
END TURN 13
TURN 14
COMMAND LEFT START
COMMAND LEFT END
COMMAND RIGHT START
COMMAND RIGHT END
TURN 14 RESULT
TIME LEFT 0 5 RIGHT 0 5
MOVE A4 181
END TURN 14
TURN 15
COMMAND LEFT START
MOVE A2 24
COMMAND LEFT END
COMMAND RIGHT START
UPGRADE 230
COMMAND RIGHT END
TURN 15 RESULT
TIME LEFT 0 5 RIGHT 0 5
UPGRADE B 230
MOVE A2 6
MOVE A4 201
END TURN 15
TURN 16
COMMAND LEFT START
COMMAND LEFT END
COMMAND RIGHT START
COMMAND RIGHT END
TURN 16 RESULT
TIME LEFT 0 5 RIGHT 0 5
MOVE A2 13
MOVE A4 216
END TURN 16
TURN 17
COMMAND LEFT START
COMMAND LEFT END
COMMAND RIGHT START
COMMAND RIGHT END
TURN 17 RESULT
TIME LEFT 0 5 RIGHT 0 5
MOVE A2 24
MOVE A4 228
END TURN 17
TURN 18
COMMAND LEFT START
MOVE A4 242
COMMAND LEFT END
COMMAND RIGHT START
COMMAND RIGHT END
TURN 18 RESULT
TIME LEFT 0 5 RIGHT 0 5
MOVE A4 242
END TURN 18
TURN 19
COMMAND LEFT START
COMMAND LEFT END
COMMAND RIGHT START
COMMAND RIGHT END
TURN 19 RESULT
TIME LEFT 0 5 RIGHT 0 5
END TURN 19
TURN 20
COMMAND LEFT START
COMMAND LEFT END
COMMAND RIGHT START
COMMAND RIGHT END
TURN 20 RESULT
TIME LEFT 0 5 RIGHT 0 5
END TURN 20
TURN 21
COMMAND LEFT START
COMMAND LEFT END
COMMAND RIGHT START
COMMAND RIGHT END
TURN 21 RESULT
TIME LEFT 0 5 RIGHT 0 5
END TURN 21
TURN 22
COMMAND LEFT START
UPGRADE 24
COMMAND LEFT END
COMMAND RIGHT START
COMMAND RIGHT END
TURN 22 RESULT
TIME LEFT 0 5 RIGHT 0 5
UPGRADE A 24
END TURN 22
TURN 23
COMMAND LEFT START
COMMAND LEFT END
COMMAND RIGHT START
COMMAND RIGHT END
TURN 23 RESULT
TIME LEFT 0 5 RIGHT 0 5
END TURN 23
TURN 24
COMMAND LEFT START
COMMAND LEFT END
COMMAND RIGHT START
COMMAND RIGHT END
TURN 24 RESULT
TIME LEFT 0 5 RIGHT 0 5
END TURN 24
TURN 25
COMMAND LEFT START
COMMAND LEFT END
COMMAND RIGHT START
COMMAND RIGHT END
TURN 25 RESULT
TIME LEFT 0 5 RIGHT 0 5
END TURN 25
TURN 26
COMMAND LEFT START
COMMAND LEFT END
COMMAND RIGHT START
COMMAND RIGHT END
TURN 26 RESULT
TIME LEFT 0 5 RIGHT 0 5
END TURN 26
TURN 27
COMMAND LEFT START
COMMAND LEFT END
COMMAND RIGHT START
COMMAND RIGHT END
TURN 27 RESULT
TIME LEFT 0 5 RIGHT 0 5
END TURN 27
TURN 28
COMMAND LEFT START
COMMAND LEFT END
COMMAND RIGHT START
COMMAND RIGHT END
TURN 28 RESULT
TIME LEFT 0 5 RIGHT 0 5
END TURN 28
TURN 29
COMMAND LEFT START
COMMAND LEFT END
COMMAND RIGHT START
COMMAND RIGHT END
TURN 29 RESULT
TIME LEFT 0 5 RIGHT 0 5
END TURN 29
TURN 30
COMMAND LEFT START
TRAIN 1
COMMAND LEFT END
COMMAND RIGHT START
COMMAND RIGHT END
TURN 30 RESULT
TIME LEFT 0 5 RIGHT 0 5
TRAIN A5
END TURN 30
TURN 31
COMMAND LEFT START
COMMAND LEFT END
COMMAND RIGHT START
UPGRADE 244
COMMAND RIGHT END
TURN 31 RESULT
TIME LEFT 0 5 RIGHT 0 5
UPGRADE B 244
END TURN 31
TURN 32
COMMAND LEFT START
COMMAND LEFT END
COMMAND RIGHT START
COMMAND RIGHT END
TURN 32 RESULT
TIME LEFT 0 5 RIGHT 0 5
END TURN 32
TURN 33
COMMAND LEFT START
COMMAND LEFT END
COMMAND RIGHT START
COMMAND RIGHT END
TURN 33 RESULT
TIME LEFT 0 5 RIGHT 0 5
END TURN 33
TURN 34
COMMAND LEFT START
MOVE A3 41
COMMAND LEFT END
COMMAND RIGHT START
TRAIN 1
COMMAND RIGHT END
TURN 34 RESULT
TIME LEFT 0 5 RIGHT 0 5
TRAIN B4
MOVE A3 4
END TURN 34
TURN 35
COMMAND LEFT START
COMMAND LEFT END
COMMAND RIGHT START
COMMAND RIGHT END
TURN 35 RESULT
TIME LEFT 0 5 RIGHT 0 5
MOVE A3 7
END TURN 35
TURN 36
COMMAND LEFT START
COMMAND LEFT END
COMMAND RIGHT START
COMMAND RIGHT END
TURN 36 RESULT
TIME LEFT 0 5 RIGHT 0 5
MOVE A3 14
END TURN 36
TURN 37
COMMAND LEFT START
COMMAND LEFT END
COMMAND RIGHT START
COMMAND RIGHT END
TURN 37 RESULT
TIME LEFT 0 5 RIGHT 0 5
MOVE A3 22
END TURN 37
TURN 38
COMMAND LEFT START
COMMAND LEFT END
COMMAND RIGHT START
COMMAND RIGHT END
TURN 38 RESULT
TIME LEFT 0 5 RIGHT 0 5
MOVE A3 32
END TURN 38
TURN 39
COMMAND LEFT START
COMMAND LEFT END
COMMAND RIGHT START
COMMAND RIGHT END
TURN 39 RESULT
TIME LEFT 0 5 RIGHT 0 5
MOVE A3 41
END TURN 39
TURN 40
COMMAND LEFT START
UPGRADE 41
COMMAND LEFT END
COMMAND RIGHT START
COMMAND RIGHT END
TURN 40 RESULT
TIME LEFT 0 5 RIGHT 0 5
UPGRADE A 41
END TURN 40
TURN 41
COMMAND LEFT START
COMMAND LEFT END
COMMAND RIGHT START
COMMAND RIGHT END
TURN 41 RESULT
TIME LEFT 0 5 RIGHT 0 5
END TURN 41
TURN 42
COMMAND LEFT START
COMMAND LEFT END
COMMAND RIGHT START
COMMAND RIGHT END
TURN 42 RESULT
TIME LEFT 0 5 RIGHT 0 5
END TURN 42
TURN 43
COMMAND LEFT START
COMMAND LEFT END
COMMAND RIGHT START
COMMAND RIGHT END
TURN 43 RESULT
TIME LEFT 0 5 RIGHT 0 5
END TURN 43
TURN 44
COMMAND LEFT START
TRAIN 1
COMMAND LEFT END
COMMAND RIGHT START
COMMAND RIGHT END
TURN 44 RESULT
TIME LEFT 0 5 RIGHT 0 5
TRAIN A6
END TURN 44
TURN 45
COMMAND LEFT START
COMMAND LEFT END
COMMAND RIGHT START
COMMAND RIGHT END
TURN 45 RESULT
TIME LEFT 0 5 RIGHT 0 5
END TURN 45
TURN 46
COMMAND LEFT START
COMMAND LEFT END
COMMAND RIGHT START
TRAIN 1
COMMAND RIGHT END
TURN 46 RESULT
TIME LEFT 0 5 RIGHT 0 5
TRAIN B5
END TURN 46
TURN 47
COMMAND LEFT START
MOVE A5 68
COMMAND LEFT END
COMMAND RIGHT START
MOVE B5 211
COMMAND RIGHT END
TURN 47 RESULT
TIME LEFT 0 5 RIGHT 0 5
MOVE A5 6
MOVE B5 239
END TURN 47
TURN 48
COMMAND LEFT START
COMMAND LEFT END
COMMAND RIGHT START
TRAIN 1
COMMAND RIGHT END
TURN 48 RESULT
TIME LEFT 0 5 RIGHT 0 5
TRAIN B6
MOVE A5 11
MOVE B5 236
END TURN 48
TURN 49
COMMAND LEFT START
COMMAND LEFT END
COMMAND RIGHT START
COMMAND RIGHT END
TURN 49 RESULT
TIME LEFT 0 5 RIGHT 0 5
MOVE A5 21
MOVE B5 225
END TURN 49
TURN 50
COMMAND LEFT START
COMMAND LEFT END
COMMAND RIGHT START
COMMAND RIGHT END
TURN 50 RESULT
TIME LEFT 0 5 RIGHT 0 5
MOVE A5 31
MOVE B5 211
END TURN 50
TURN 51
COMMAND LEFT START
COMMAND LEFT END
COMMAND RIGHT START
TRAIN 1
COMMAND RIGHT END
TURN 51 RESULT
TIME LEFT 0 5 RIGHT 0 5
TRAIN B7
MOVE A5 34
END TURN 51
TURN 52
COMMAND LEFT START
COMMAND LEFT END
COMMAND RIGHT START
MOVE B7 203
COMMAND RIGHT END
TURN 52 RESULT
TIME LEFT 0 5 RIGHT 0 5
MOVE A5 46
MOVE B7 240
END TURN 52
TURN 53
COMMAND LEFT START
COMMAND LEFT END
COMMAND RIGHT START
COMMAND RIGHT END
TURN 53 RESULT
TIME LEFT 0 5 RIGHT 0 5
MOVE A5 68
MOVE B7 237
END TURN 53
TURN 54
COMMAND LEFT START
UPGRADE 68
COMMAND LEFT END
COMMAND RIGHT START
TRAIN 1
COMMAND RIGHT END
TURN 54 RESULT
TIME LEFT 0 5 RIGHT 0 5
UPGRADE A 68
TRAIN B8
MOVE B7 230
END TURN 54
TURN 55
COMMAND LEFT START
TRAIN 1
COMMAND LEFT END
COMMAND RIGHT START
MOVE B8 176
COMMAND RIGHT END
TURN 55 RESULT
TIME LEFT 0 5 RIGHT 0 5
TRAIN A7
MOVE B7 222
MOVE B8 238
END TURN 55
TURN 56
COMMAND LEFT START
COMMAND LEFT END
COMMAND RIGHT START
COMMAND RIGHT END
TURN 56 RESULT
TIME LEFT 0 5 RIGHT 0 5
MOVE B7 212
MOVE B8 233
END TURN 56
TURN 57
COMMAND LEFT START
MOVE A6 87
COMMAND LEFT END
COMMAND RIGHT START
TRAIN 1
COMMAND RIGHT END
TURN 57 RESULT
TIME LEFT 0 5 RIGHT 0 5
TRAIN B9
MOVE A6 6
MOVE B7 203
MOVE B8 223
END TURN 57
TURN 58
COMMAND LEFT START
COMMAND LEFT END
COMMAND RIGHT START
MOVE B9 157
UPGRADE 203
COMMAND RIGHT END
TURN 58 RESULT
TIME LEFT 0 5 RIGHT 0 5
UPGRADE B 203
MOVE A6 11
MOVE B8 213
MOVE B9 238
END TURN 58
TURN 59
COMMAND LEFT START
COMMAND LEFT END
COMMAND RIGHT START
COMMAND RIGHT END
TURN 59 RESULT
TIME LEFT 0 5 RIGHT 0 5
MOVE A6 21
MOVE B8 210
MOVE B9 233
END TURN 59
TURN 60
COMMAND LEFT START
COMMAND LEFT END
COMMAND RIGHT START
COMMAND RIGHT END
TURN 60 RESULT
TIME LEFT 0 5 RIGHT 0 5
MOVE A6 31
MOVE B8 198
MOVE B9 223
END TURN 60
TURN 61
COMMAND LEFT START
COMMAND LEFT END
COMMAND RIGHT START
COMMAND RIGHT END
TURN 61 RESULT
TIME LEFT 0 5 RIGHT 0 5
MOVE A6 34
MOVE B8 176
MOVE B9 213
END TURN 61
TURN 62
COMMAND LEFT START
COMMAND LEFT END
COMMAND RIGHT START
COMMAND RIGHT END
TURN 62 RESULT
TIME LEFT 0 5 RIGHT 0 5
MOVE A6 46
MOVE B9 210
END TURN 62
TURN 63
COMMAND LEFT START
COMMAND LEFT END
COMMAND RIGHT START
COMMAND RIGHT END
TURN 63 RESULT
TIME LEFT 0 5 RIGHT 0 5
MOVE A6 59
MOVE B9 198
END TURN 63
TURN 64
COMMAND LEFT START
COMMAND LEFT END
COMMAND RIGHT START
COMMAND RIGHT END
TURN 64 RESULT
TIME LEFT 0 5 RIGHT 0 5
MOVE A6 87
MOVE B9 185
END TURN 64
TURN 65
COMMAND LEFT START
UPGRADE 87
COMMAND LEFT END
COMMAND RIGHT START
COMMAND RIGHT END
TURN 65 RESULT
TIME LEFT 0 5 RIGHT 0 5
UPGRADE A 87
MOVE B9 157
END TURN 65
TURN 66
COMMAND LEFT START
TRAIN 1
COMMAND LEFT END
COMMAND RIGHT START
UPGRADE 176
COMMAND RIGHT END
TURN 66 RESULT
TIME LEFT 0 5 RIGHT 0 5
UPGRADE B 176
TRAIN A8
END TURN 66
TURN 67
COMMAND LEFT START
MOVE A7 122
COMMAND LEFT END
COMMAND RIGHT START
COMMAND RIGHT END
TURN 67 RESULT
TIME LEFT 0 5 RIGHT 0 5
MOVE A7 4
END TURN 67
TURN 68
COMMAND LEFT START
COMMAND LEFT END
COMMAND RIGHT START
COMMAND RIGHT END
TURN 68 RESULT
TIME LEFT 0 5 RIGHT 0 5
MOVE A7 10
END TURN 68
TURN 69
COMMAND LEFT START
COMMAND LEFT END
COMMAND RIGHT START
COMMAND RIGHT END
TURN 69 RESULT
TIME LEFT 0 5 RIGHT 0 5
MOVE A7 23
END TURN 69
TURN 70
COMMAND LEFT START
COMMAND LEFT END
COMMAND RIGHT START
COMMAND RIGHT END
TURN 70 RESULT
TIME LEFT 0 5 RIGHT 0 5
MOVE A7 40
END TURN 70
TURN 71
COMMAND LEFT START
COMMAND LEFT END
COMMAND RIGHT START
COMMAND RIGHT END
TURN 71 RESULT
TIME LEFT 0 5 RIGHT 0 5
MOVE A7 54
END TURN 71
TURN 72
COMMAND LEFT START
COMMAND LEFT END
COMMAND RIGHT START
COMMAND RIGHT END
TURN 72 RESULT
TIME LEFT 0 5 RIGHT 0 5
MOVE A7 71
END TURN 72
TURN 73
COMMAND LEFT START
COMMAND LEFT END
COMMAND RIGHT START
COMMAND RIGHT END
TURN 73 RESULT
TIME LEFT 0 5 RIGHT 0 5
MOVE A7 85
END TURN 73
TURN 74
COMMAND LEFT START
TRAIN 1
COMMAND LEFT END
COMMAND RIGHT START
COMMAND RIGHT END
TURN 74 RESULT
TIME LEFT 0 5 RIGHT 0 5
TRAIN A9
MOVE A7 105
END TURN 74
TURN 75
COMMAND LEFT START
MOVE A8 117
COMMAND LEFT END
COMMAND RIGHT START
COMMAND RIGHT END
TURN 75 RESULT
TIME LEFT 0 5 RIGHT 0 5
MOVE A7 122
MOVE A8 6
END TURN 75
TURN 76
COMMAND LEFT START
UPGRADE 122
COMMAND LEFT END
COMMAND RIGHT START
COMMAND RIGHT END
TURN 76 RESULT
TIME LEFT 0 5 RIGHT 0 5
UPGRADE A 122
MOVE A8 11
END TURN 76
TURN 77
COMMAND LEFT START
COMMAND LEFT END
COMMAND RIGHT START
COMMAND RIGHT END
TURN 77 RESULT
TIME LEFT 0 5 RIGHT 0 5
MOVE A8 21
END TURN 77
TURN 78
COMMAND LEFT START
COMMAND LEFT END
COMMAND RIGHT START
COMMAND RIGHT END
TURN 78 RESULT
TIME LEFT 0 5 RIGHT 0 5
MOVE A8 31
END TURN 78
TURN 79
COMMAND LEFT START
COMMAND LEFT END
COMMAND RIGHT START
COMMAND RIGHT END
TURN 79 RESULT
TIME LEFT 0 5 RIGHT 0 5
MOVE A8 34
END TURN 79
TURN 80
COMMAND LEFT START
TRAIN 1
COMMAND LEFT END
COMMAND RIGHT START
UPGRADE 244
COMMAND RIGHT END
TURN 80 RESULT
TIME LEFT 0 5 RIGHT 0 5
UPGRADE B 244
TRAIN A10
MOVE A8 46
END TURN 80
TURN 81
COMMAND LEFT START
COMMAND LEFT END
COMMAND RIGHT START
COMMAND RIGHT END
TURN 81 RESULT
TIME LEFT 0 5 RIGHT 0 5
MOVE A8 59
END TURN 81
TURN 82
COMMAND LEFT START
MOVE A9 81
COMMAND LEFT END
COMMAND RIGHT START
COMMAND RIGHT END
TURN 82 RESULT
TIME LEFT 0 5 RIGHT 0 5
MOVE A8 75
MOVE A9 4
END TURN 82
TURN 83
COMMAND LEFT START
COMMAND LEFT END
COMMAND RIGHT START
COMMAND RIGHT END
TURN 83 RESULT
TIME LEFT 0 5 RIGHT 0 5
MOVE A8 91
MOVE A9 7
END TURN 83
TURN 84
COMMAND LEFT START
COMMAND LEFT END
COMMAND RIGHT START
COMMAND RIGHT END
TURN 84 RESULT
TIME LEFT 0 5 RIGHT 0 5
MOVE A8 117
MOVE A9 14
END TURN 84
TURN 85
COMMAND LEFT START
UPGRADE 117
COMMAND LEFT END
COMMAND RIGHT START
COMMAND RIGHT END
TURN 85 RESULT
TIME LEFT 0 5 RIGHT 0 5
UPGRADE A 117
MOVE A9 22
END TURN 85
TURN 86
COMMAND LEFT START
COMMAND LEFT END
COMMAND RIGHT START
UPGRADE 157
COMMAND RIGHT END
TURN 86 RESULT
TIME LEFT 0 5 RIGHT 0 5
UPGRADE B 157
MOVE A9 32
END TURN 86
TURN 87
COMMAND LEFT START
COMMAND LEFT END
COMMAND RIGHT START
COMMAND RIGHT END
TURN 87 RESULT
TIME LEFT 0 5 RIGHT 0 5
MOVE A9 41
END TURN 87
TURN 88
COMMAND LEFT START
UPGRADE 0
COMMAND LEFT END
COMMAND RIGHT START
COMMAND RIGHT END
TURN 88 RESULT
TIME LEFT 0 5 RIGHT 0 5
UPGRADE A 0
MOVE A9 52
END TURN 88
TURN 89
COMMAND LEFT START
COMMAND LEFT END
COMMAND RIGHT START
COMMAND RIGHT END
TURN 89 RESULT
TIME LEFT 0 5 RIGHT 0 5
MOVE A9 63
END TURN 89
TURN 90
COMMAND LEFT START
COMMAND LEFT END
COMMAND RIGHT START
COMMAND RIGHT END
TURN 90 RESULT
TIME LEFT 0 5 RIGHT 0 5
MOVE A9 64
END TURN 90
TURN 91
COMMAND LEFT START
COMMAND LEFT END
COMMAND RIGHT START
COMMAND RIGHT END
TURN 91 RESULT
TIME LEFT 0 5 RIGHT 0 5
MOVE A9 74
END TURN 91
TURN 92
COMMAND LEFT START
COMMAND LEFT END
COMMAND RIGHT START
TRAIN 1
COMMAND RIGHT END
TURN 92 RESULT
TIME LEFT 0 5 RIGHT 0 5
TRAIN B10
MOVE A9 81
END TURN 92
TURN 93
COMMAND LEFT START
UPGRADE 81
COMMAND LEFT END
COMMAND RIGHT START
TRAIN 1
COMMAND RIGHT END
TURN 93 RESULT
TIME LEFT 0 5 RIGHT 0 5
UPGRADE A 81
TRAIN B11
END TURN 93
TURN 94
COMMAND LEFT START
TRAIN 1
COMMAND LEFT END
COMMAND RIGHT START
MOVE B11 163
TRAIN 1
COMMAND RIGHT END
TURN 94 RESULT
TIME LEFT 0 5 RIGHT 0 5
TRAIN A11 B12
MOVE B11 240
END TURN 94
TURN 95
COMMAND LEFT START
COMMAND LEFT END
COMMAND RIGHT START
MOVE B12 127
COMMAND RIGHT END
TURN 95 RESULT
TIME LEFT 0 5 RIGHT 0 5
MOVE B11 237
MOVE B12 238
END TURN 95
TURN 96
COMMAND LEFT START
COMMAND LEFT END
COMMAND RIGHT START
TRAIN 1
COMMAND RIGHT END
TURN 96 RESULT
TIME LEFT 0 5 RIGHT 0 5
TRAIN B13
MOVE B11 230
MOVE B12 233
END TURN 96
TURN 97
COMMAND LEFT START
COMMAND LEFT END
COMMAND RIGHT START
MOVE B13 189
TRAIN 1
COMMAND RIGHT END
TURN 97 RESULT
TIME LEFT 0 5 RIGHT 0 5
TRAIN B14
MOVE B11 222
MOVE B12 223
MOVE B13 243
END TURN 97
TURN 98
COMMAND LEFT START
MOVE A4 224
COMMAND LEFT END
COMMAND RIGHT START
MOVE B14 189
COMMAND RIGHT END
TURN 98 RESULT
TIME LEFT 0 5 RIGHT 0 5
MOVE A4 232
MOVE B11 212
MOVE B12 213
MOVE B13 242
MOVE B14 243
END TURN 98
TURN 99
COMMAND LEFT START
UPGRADE 14
COMMAND LEFT END
COMMAND RIGHT START
TRAIN 1
COMMAND RIGHT END
TURN 99 RESULT
TIME LEFT 0 5 RIGHT 0 5
UPGRADE A 14
TRAIN B15
MOVE A4 224
MOVE B11 203
MOVE B12 210
MOVE B13 228
MOVE B14 242
END TURN 99
TURN 100
COMMAND LEFT START
TRAIN 1
COMMAND LEFT END
COMMAND RIGHT START
MOVE B15 189
TRAIN 1
COMMAND RIGHT END
TURN 100 RESULT
TIME LEFT 0 5 RIGHT 0 5
TRAIN A12 B16
MOVE B11 192
MOVE B12 198
MOVE B13 214
MOVE B14 228
MOVE B15 243
END TURN 100
TURN 101
COMMAND LEFT START
MOVE A10 14
COMMAND LEFT END
COMMAND RIGHT START
MOVE B16 189
TRAIN 1
COMMAND RIGHT END
TURN 101 RESULT
TIME LEFT 0 5 RIGHT 0 5
TRAIN B17
MOVE A10 4
MOVE B11 181
MOVE B12 185
MOVE B13 199
MOVE B14 214
MOVE B15 242
MOVE B16 243
END TURN 101
TURN 102
COMMAND LEFT START
COMMAND LEFT END
COMMAND RIGHT START
COMMAND RIGHT END
TURN 102 RESULT
TIME LEFT 0 5 RIGHT 0 5
MOVE A10 7
MOVE B11 180
MOVE B12 169
MOVE B13 189
MOVE B14 199
MOVE B15 228
MOVE B16 242
END TURN 102
TURN 103
COMMAND LEFT START
COMMAND LEFT END
COMMAND RIGHT START
MOVE B13 117
TRAIN 1
COMMAND RIGHT END
TURN 103 RESULT
TIME LEFT 0 5 RIGHT 0 5
TRAIN B18
MOVE A10 14
MOVE B11 170
MOVE B12 153
MOVE B13 155
MOVE B14 189
MOVE B15 214
MOVE B16 228
END TURN 103
TURN 104
COMMAND LEFT START
UPGRADE 24
COMMAND LEFT END
COMMAND RIGHT START
MOVE B14 87
MOVE B18 214
TRAIN 1
COMMAND RIGHT END
TURN 104 RESULT
TIME LEFT 0 5 RIGHT 0 5
UPGRADE A 24
TRAIN B19
MOVE B11 163
MOVE B12 127
MOVE B13 136
MOVE B14 155
MOVE B15 199
MOVE B16 214
MOVE B18 243
END TURN 104
TURN 105
COMMAND LEFT START
MOVE A4 242
TRAIN 1
COMMAND LEFT END
COMMAND RIGHT START
MOVE B19 185
UPGRADE 163
COMMAND RIGHT END
TURN 105 RESULT
TIME LEFT 0 5 RIGHT 0 5
UPGRADE B 163
TRAIN A13
MOVE A4 232
MOVE B13 117
MOVE B14 130
MOVE B15 189
MOVE B16 199
MOVE B18 242
MOVE B19 238
DAMAGE TURRET B13 1
DAMAGE COMBAT A8 1
DAMAGE COMBAT B13 1
END TURN 105
TURN 106
COMMAND LEFT START
MOVE A11 24
COMMAND LEFT END
COMMAND RIGHT START
MOVE B15 163
COMMAND RIGHT END
TURN 106 RESULT
TIME LEFT 0 5 RIGHT 0 5
MOVE A4 242
MOVE A11 6
MOVE B14 113
MOVE B15 163
MOVE B16 189
MOVE B18 228
MOVE B19 233
DAMAGE TURRET B13 1
DAMAGE COMBAT A8 1
DAMAGE COMBAT B13 1
END TURN 106
TURN 107
COMMAND LEFT START
MOVE A4 241
COMMAND LEFT END
COMMAND RIGHT START
MOVE B16 163
COMMAND RIGHT END
TURN 107 RESULT
TIME LEFT 0 5 RIGHT 0 5
MOVE A4 241
MOVE A11 13
MOVE B14 87
MOVE B16 163
MOVE B18 214
MOVE B19 223
DAMAGE TURRET B13 1
DAMAGE TURRET B14 1
DAMAGE COMBAT A6 1
DAMAGE COMBAT A8 1
DAMAGE COMBAT B13 1
DAMAGE COMBAT B14 1
END TURN 107
TURN 108
COMMAND LEFT START
MOVE A4 242
COMMAND LEFT END
COMMAND RIGHT START
COMMAND RIGHT END
TURN 108 RESULT
TIME LEFT 0 5 RIGHT 0 5
MOVE A4 242
MOVE A11 24
MOVE B19 213
DAMAGE TURRET B14 1
DAMAGE COMBAT A6 1
DAMAGE COMBAT B14 1
END TURN 108
TURN 109
COMMAND LEFT START
UPGRADE 41
COMMAND LEFT END
COMMAND RIGHT START
COMMAND RIGHT END
TURN 109 RESULT
TIME LEFT 0 5 RIGHT 0 5
UPGRADE A 41
MOVE B19 210
DAMAGE TURRET B14 1
DAMAGE COMBAT A6 1
DAMAGE COMBAT B14 1
END TURN 109
TURN 110
COMMAND LEFT START
TRAIN 1
COMMAND LEFT END
COMMAND RIGHT START
MOVE B15 66
MOVE B16 66
UPGRADE 127
COMMAND RIGHT END
TURN 110 RESULT
TIME LEFT 0 5 RIGHT 0 5
UPGRADE B 127
TRAIN A14
MOVE B15 143
MOVE B16 143
MOVE B19 198
END TURN 110
TURN 111
COMMAND LEFT START
MOVE A12 41
COMMAND LEFT END
COMMAND RIGHT START
COMMAND RIGHT END
TURN 111 RESULT
TIME LEFT 0 5 RIGHT 0 5
MOVE A12 4
MOVE B15 134
MOVE B16 134
MOVE B19 185
END TURN 111
TURN 112
COMMAND LEFT START
COMMAND LEFT END
COMMAND RIGHT START
MOVE B19 45
COMMAND RIGHT END
TURN 112 RESULT
TIME LEFT 0 5 RIGHT 0 5
MOVE A12 7
MOVE B15 107
MOVE B16 107
MOVE B19 157
END TURN 112
TURN 113
COMMAND LEFT START
UPGRADE 68
COMMAND LEFT END
COMMAND RIGHT START
COMMAND RIGHT END
TURN 113 RESULT
TIME LEFT 0 5 RIGHT 0 5
UPGRADE A 68
MOVE A12 14
MOVE B15 99
MOVE B16 99
MOVE B19 131
END TURN 113
TURN 114
COMMAND LEFT START
TRAIN 1
COMMAND LEFT END
COMMAND RIGHT START
COMMAND RIGHT END
TURN 114 RESULT
TIME LEFT 0 5 RIGHT 0 5
TRAIN A15
MOVE A12 22
MOVE B15 82
MOVE B16 82
MOVE B19 114
END TURN 114
TURN 115
COMMAND LEFT START
MOVE A13 68
COMMAND LEFT END
COMMAND RIGHT START
UPGRADE 220
COMMAND RIGHT END
TURN 115 RESULT
TIME LEFT 0 5 RIGHT 0 5
UPGRADE B 220
MOVE A12 32
MOVE A13 6
MOVE B15 66
MOVE B16 66
MOVE B19 103
END TURN 115
TURN 116
COMMAND LEFT START
COMMAND LEFT END
COMMAND RIGHT START
MOVE B15 24
MOVE B16 24
COMMAND RIGHT END
TURN 116 RESULT
TIME LEFT 0 5 RIGHT 0 5
MOVE A12 41
MOVE A13 11
MOVE B15 58
MOVE B16 58
MOVE B19 81
DAMAGE TURRET B19 1
DAMAGE COMBAT A9 1
DAMAGE COMBAT B19 1
END TURN 116
TURN 117
COMMAND LEFT START
COMMAND LEFT END
COMMAND RIGHT START
COMMAND RIGHT END
TURN 117 RESULT
TIME LEFT 0 5 RIGHT 0 5
MOVE A13 21
MOVE B15 37
MOVE B16 37
DAMAGE TURRET B19 1
DAMAGE COMBAT A9 1
DAMAGE COMBAT B19 1
END TURN 117
TURN 118
COMMAND LEFT START
UPGRADE 87
COMMAND LEFT END
COMMAND RIGHT START
COMMAND RIGHT END
TURN 118 RESULT
TIME LEFT 0 5 RIGHT 0 5
UPGRADE A 87
MOVE A13 31
MOVE B15 24
MOVE B16 24
DAMAGE TURRET B15 1
DAMAGE TURRET B19 1
DAMAGE COMBAT A2 2
DAMAGE COMBAT A9 1
DAMAGE COMBAT B15 2
DAMAGE COMBAT B19 1
END TURN 118
TURN 119
COMMAND LEFT START
TRAIN 1
COMMAND LEFT END
COMMAND RIGHT START
COMMAND RIGHT END
TURN 119 RESULT
TIME LEFT 0 5 RIGHT 0 5
TRAIN A16
MOVE A13 34
DAMAGE TURRET B15 1
DAMAGE COMBAT A2 2
DAMAGE COMBAT B15 2
END TURN 119
TURN 120
COMMAND LEFT START
MOVE A14 24
TRAIN 1
COMMAND LEFT END
COMMAND RIGHT START
UPGRADE 230
COMMAND RIGHT END
TURN 120 RESULT
TIME LEFT 0 5 RIGHT 0 5
UPGRADE B 230
TRAIN A17
MOVE A13 46
MOVE A14 6
DAMAGE TURRET B16 1
DAMAGE COMBAT A11 1
DAMAGE COMBAT B16 1
END TURN 120
TURN 121
COMMAND LEFT START
MOVE A15 87
COMMAND LEFT END
COMMAND RIGHT START
COMMAND RIGHT END
TURN 121 RESULT
TIME LEFT 0 5 RIGHT 0 5
MOVE A13 68
MOVE A14 13
MOVE A15 6
DAMAGE TURRET B16 1
DAMAGE COMBAT A11 1
DAMAGE COMBAT B16 1
END TURN 121
TURN 122
COMMAND LEFT START
COMMAND LEFT END
COMMAND RIGHT START
COMMAND RIGHT END
TURN 122 RESULT
TIME LEFT 0 5 RIGHT 0 5
MOVE A14 24
MOVE A15 11
DAMAGE TURRET B16 1
DAMAGE COMBAT A11 1
DAMAGE COMBAT B16 1
END TURN 122
TURN 123
COMMAND LEFT START
UPGRADE 122
COMMAND LEFT END
COMMAND RIGHT START
COMMAND RIGHT END
TURN 123 RESULT
TIME LEFT 0 5 RIGHT 0 5
UPGRADE A 122
MOVE A15 21
END TURN 123
TURN 124
COMMAND LEFT START
TRAIN 1
COMMAND LEFT END
COMMAND RIGHT START
COMMAND RIGHT END
TURN 124 RESULT
TIME LEFT 0 5 RIGHT 0 5
TRAIN A18
MOVE A15 31
END TURN 124
TURN 125
COMMAND LEFT START
MOVE A16 122
COMMAND LEFT END
COMMAND RIGHT START
UPGRADE 203
COMMAND RIGHT END
TURN 125 RESULT
TIME LEFT 0 5 RIGHT 0 5
UPGRADE B 203
MOVE A15 34
MOVE A16 4
END TURN 125
TURN 126
COMMAND LEFT START
UPGRADE 117
COMMAND LEFT END
COMMAND RIGHT START
COMMAND RIGHT END
TURN 126 RESULT
TIME LEFT 0 5 RIGHT 0 5
UPGRADE A 117
MOVE A15 46
MOVE A16 10
END TURN 126
TURN 127
COMMAND LEFT START
TRAIN 1
COMMAND LEFT END
COMMAND RIGHT START
COMMAND RIGHT END
TURN 127 RESULT
TIME LEFT 0 5 RIGHT 0 5
TRAIN A19
MOVE A15 59
MOVE A16 23
END TURN 127
TURN 128
COMMAND LEFT START
MOVE A17 117
COMMAND LEFT END
COMMAND RIGHT START
COMMAND RIGHT END
TURN 128 RESULT
TIME LEFT 0 5 RIGHT 0 5
MOVE A15 87
MOVE A16 40
MOVE A17 6
END TURN 128
TURN 129
COMMAND LEFT START
COMMAND LEFT END
COMMAND RIGHT START
UPGRADE 176
COMMAND RIGHT END
TURN 129 RESULT
TIME LEFT 0 5 RIGHT 0 5
UPGRADE B 176
MOVE A16 54
MOVE A17 11
END TURN 129
TURN 130
COMMAND LEFT START
UPGRADE 81
COMMAND LEFT END
COMMAND RIGHT START
COMMAND RIGHT END
TURN 130 RESULT
TIME LEFT 0 5 RIGHT 0 5
UPGRADE A 81
MOVE A16 71
MOVE A17 21
END TURN 130
TURN 131
COMMAND LEFT START
TRAIN 1
COMMAND LEFT END
COMMAND RIGHT START
COMMAND RIGHT END
TURN 131 RESULT
TIME LEFT 0 5 RIGHT 0 5
TRAIN A20
MOVE A16 85
MOVE A17 31
END TURN 131
TURN 132
COMMAND LEFT START
MOVE A18 81
COMMAND LEFT END
COMMAND RIGHT START
COMMAND RIGHT END
TURN 132 RESULT
TIME LEFT 0 5 RIGHT 0 5
MOVE A16 105
MOVE A17 34
MOVE A18 4
END TURN 132
TURN 133
COMMAND LEFT START
COMMAND LEFT END
COMMAND RIGHT START
COMMAND RIGHT END
TURN 133 RESULT
TIME LEFT 0 5 RIGHT 0 5
MOVE A16 122
MOVE A17 46
MOVE A18 7
END TURN 133
TURN 134
COMMAND LEFT START
UPGRADE 14
COMMAND LEFT END
COMMAND RIGHT START
UPGRADE 157
COMMAND RIGHT END
TURN 134 RESULT
TIME LEFT 0 5 RIGHT 0 5
UPGRADE A 14
UPGRADE B 157
MOVE A17 59
MOVE A18 14
END TURN 134
TURN 135
COMMAND LEFT START
TRAIN 1
COMMAND LEFT END
COMMAND RIGHT START
TRAIN 1
COMMAND RIGHT END
TURN 135 RESULT
TIME LEFT 0 5 RIGHT 0 5
TRAIN A21 B20
MOVE A17 75
MOVE A18 22
END TURN 135
TURN 136
COMMAND LEFT START
MOVE A19 14
COMMAND LEFT END
COMMAND RIGHT START
MOVE B20 184
TRAIN 1
COMMAND RIGHT END
TURN 136 RESULT
TIME LEFT 0 5 RIGHT 0 5
TRAIN B21
MOVE A17 91
MOVE A18 32
MOVE A19 4
MOVE B20 240
END TURN 136
TURN 137
COMMAND LEFT START
UPGRADE 24
COMMAND LEFT END
COMMAND RIGHT START
MOVE B21 184
TRAIN 1
COMMAND RIGHT END
TURN 137 RESULT
TIME LEFT 0 5 RIGHT 0 5
UPGRADE A 24
TRAIN B22
MOVE A17 117
MOVE A18 41
MOVE A19 7
MOVE B20 237
MOVE B21 240
END TURN 137
TURN 138
COMMAND LEFT START
TRAIN 1
COMMAND LEFT END
COMMAND RIGHT START
MOVE B22 184
TRAIN 1
COMMAND RIGHT END
TURN 138 RESULT
TIME LEFT 0 5 RIGHT 0 5
TRAIN A22 B23
MOVE A18 52
MOVE A19 14
MOVE B20 230
MOVE B21 237
MOVE B22 240
END TURN 138
TURN 139
COMMAND LEFT START
MOVE A20 24
COMMAND LEFT END
COMMAND RIGHT START
MOVE B23 184
TRAIN 1
COMMAND RIGHT END
TURN 139 RESULT
TIME LEFT 0 5 RIGHT 0 5
TRAIN B24
MOVE A18 63
MOVE A20 6
MOVE B20 226
MOVE B21 230
MOVE B22 237
MOVE B23 240
END TURN 139
TURN 140
COMMAND LEFT START
COMMAND LEFT END
COMMAND RIGHT START
MOVE B24 220
COMMAND RIGHT END
TURN 140 RESULT
TIME LEFT 0 5 RIGHT 0 5
MOVE A18 64
MOVE A20 13
MOVE B20 224
MOVE B21 226
MOVE B22 230
MOVE B23 237
MOVE B24 238
END TURN 140
TURN 141
COMMAND LEFT START
UPGRADE 41
COMMAND LEFT END
COMMAND RIGHT START
COMMAND RIGHT END
TURN 141 RESULT
TIME LEFT 0 5 RIGHT 0 5
UPGRADE A 41
MOVE A18 74
MOVE A20 24
MOVE B20 216
MOVE B21 224
MOVE B22 226
MOVE B23 230
MOVE B24 231
END TURN 141
TURN 142
COMMAND LEFT START
TRAIN 1
COMMAND LEFT END
COMMAND RIGHT START
COMMAND RIGHT END
TURN 142 RESULT
TIME LEFT 0 5 RIGHT 0 5
TRAIN A23
MOVE A18 81
MOVE B20 201
MOVE B21 216
MOVE B22 224
MOVE B23 226
MOVE B24 220
END TURN 142
TURN 143
COMMAND LEFT START
MOVE A21 41
COMMAND LEFT END
COMMAND RIGHT START
UPGRADE 163
COMMAND RIGHT END
TURN 143 RESULT
TIME LEFT 0 5 RIGHT 0 5
UPGRADE B 163
MOVE A21 4
MOVE B20 196
MOVE B21 201
MOVE B22 216
MOVE B23 224
END TURN 143
TURN 144
COMMAND LEFT START
UPGRADE 68
COMMAND LEFT END
COMMAND RIGHT START
TRAIN 1
COMMAND RIGHT END
TURN 144 RESULT
TIME LEFT 0 5 RIGHT 0 5
UPGRADE A 68
TRAIN B25
MOVE A21 7
MOVE B20 184
MOVE B21 196
MOVE B22 201
MOVE B23 216
END TURN 144
TURN 145
COMMAND LEFT START
TRAIN 1
COMMAND LEFT END
COMMAND RIGHT START
MOVE B20 163
MOVE B25 230
COMMAND RIGHT END
TURN 145 RESULT
TIME LEFT 0 5 RIGHT 0 5
TRAIN A24
MOVE A21 14
MOVE B20 163
MOVE B21 184
MOVE B22 196
MOVE B23 201
MOVE B25 240
END TURN 145
TURN 146
COMMAND LEFT START
MOVE A22 68
UPGRADE 87
COMMAND LEFT END
COMMAND RIGHT START
MOVE B21 163
COMMAND RIGHT END
TURN 146 RESULT
TIME LEFT 0 5 RIGHT 0 5
UPGRADE A 87
MOVE A21 22
MOVE A22 6
MOVE B21 163
MOVE B22 184
MOVE B23 196
MOVE B25 237
END TURN 146
TURN 147
COMMAND LEFT START
TRAIN 1
COMMAND LEFT END
COMMAND RIGHT START
MOVE B22 163
COMMAND RIGHT END
TURN 147 RESULT
TIME LEFT 0 5 RIGHT 0 5
TRAIN A25
MOVE A21 32
MOVE A22 11
MOVE B22 163
MOVE B23 184
MOVE B25 230
END TURN 147
TURN 148
COMMAND LEFT START
MOVE A23 87
COMMAND LEFT END
COMMAND RIGHT START
MOVE B20 124
MOVE B21 124
MOVE B22 124
MOVE B23 124
UPGRADE 127
COMMAND RIGHT END
TURN 148 RESULT
TIME LEFT 0 5 RIGHT 0 5
UPGRADE B 127
MOVE A21 41
MOVE A22 21
MOVE A23 6
MOVE B20 141
MOVE B21 141
MOVE B22 141
MOVE B23 170
END TURN 148
TURN 149
COMMAND LEFT START
UPGRADE 122
COMMAND LEFT END
COMMAND RIGHT START
TRAIN 1
COMMAND RIGHT END
TURN 149 RESULT
TIME LEFT 0 5 RIGHT 0 5
UPGRADE A 122
TRAIN B26
MOVE A22 31
MOVE A23 11
MOVE B20 124
MOVE B21 124
MOVE B22 124
MOVE B23 143
END TURN 149
TURN 150
COMMAND LEFT START
TRAIN 1
COMMAND LEFT END
COMMAND RIGHT START
MOVE B20 87
MOVE B21 87
MOVE B22 87
MOVE B26 203
COMMAND RIGHT END
TURN 150 RESULT
TIME LEFT 0 5 RIGHT 0 5
TRAIN A26
MOVE A22 34
MOVE A23 21
MOVE B20 113
MOVE B21 113
MOVE B22 113
MOVE B23 124
MOVE B26 240
END TURN 150
TURN 151
COMMAND LEFT START
MOVE A6 0
MOVE A15 0
MOVE A8 0
MOVE A17 0
MOVE A24 122
TRAIN 1
COMMAND LEFT END
COMMAND RIGHT START
MOVE B23 15
COMMAND RIGHT END
TURN 151 RESULT
TIME LEFT 0 5 RIGHT 0 5
TRAIN A27
MOVE A6 59
MOVE A8 91
MOVE A15 59
MOVE A17 91
MOVE A22 46
MOVE A23 31
MOVE A24 4
MOVE B20 87
MOVE B21 87
MOVE B22 87
MOVE B23 115
MOVE B26 237
DAMAGE TURRET B20 2
SIEGE A 87 3
END TURN 151
TURN 152
COMMAND LEFT START
MOVE A25 87
TRAIN 1
COMMAND LEFT END
COMMAND RIGHT START
MOVE B20 117
MOVE B21 117
MOVE B22 117
COMMAND RIGHT END
TURN 152 RESULT
TIME LEFT 0 5 RIGHT 0 5
TRAIN A28
MOVE A6 46
MOVE A8 75
MOVE A15 46
MOVE A17 75
MOVE A22 68
MOVE A23 34
MOVE A24 10
MOVE A25 6
MOVE B20 91
MOVE B21 91
MOVE B22 91
MOVE B23 98
MOVE B26 230
END TURN 152
TURN 153
COMMAND LEFT START
MOVE A26 87
UPGRADE 81
COMMAND LEFT END
COMMAND RIGHT START
COMMAND RIGHT END
TURN 153 RESULT
TIME LEFT 0 5 RIGHT 0 5
UPGRADE A 81
MOVE A6 34
MOVE A8 59
MOVE A15 34
MOVE A17 59
MOVE A23 46
MOVE A24 23
MOVE A25 11
MOVE A26 6
MOVE B20 117
MOVE B21 117
MOVE B22 117
MOVE B23 90
MOVE B26 222
DAMAGE TURRET B20 1
SIEGE A 117 3
END TURN 153
TURN 154
COMMAND LEFT START
TRAIN 1
COMMAND LEFT END
COMMAND RIGHT START
UPGRADE 220
COMMAND RIGHT END
TURN 154 RESULT
TIME LEFT 0 5 RIGHT 0 5
UPGRADE B 220
TRAIN A29
MOVE A6 31
MOVE A8 46
MOVE A15 31
MOVE A17 46
MOVE A23 59
MOVE A24 40
MOVE A25 21
MOVE A26 11
MOVE B23 67
MOVE B26 212
DAMAGE TURRET B20 1
SIEGE A 117 3
END TURN 154
TURN 155
COMMAND LEFT START
MOVE A27 117
TRAIN 1
COMMAND LEFT END
COMMAND RIGHT START
TRAIN 1
COMMAND RIGHT END
TURN 155 RESULT
TIME LEFT 0 5 RIGHT 0 5
TRAIN A30 B27
MOVE A6 21
MOVE A8 34
MOVE A15 21
MOVE A17 34
MOVE A23 87
MOVE A24 54
MOVE A25 31
MOVE A26 21
MOVE A27 6
MOVE B23 46
MOVE B26 203
DAMAGE TURRET B20 1
SIEGE A 117 3
END TURN 155
TURN 156
COMMAND LEFT START
MOVE A28 117
TRAIN 1
COMMAND LEFT END
COMMAND RIGHT START
MOVE B27 220
COMMAND RIGHT END
TURN 156 RESULT
TIME LEFT 0 5 RIGHT 0 5
TRAIN A31
MOVE A6 11
MOVE A8 31
MOVE A15 11
MOVE A17 31
MOVE A24 71
MOVE A25 34
MOVE A26 31
MOVE A27 11
MOVE A28 6
MOVE B23 36
MOVE B27 238
DAMAGE TURRET B20 1
SIEGE A 117 3
END TURN 156
TURN 157
COMMAND LEFT START
MOVE A29 81
TRAIN 1
COMMAND LEFT END
COMMAND RIGHT START
MOVE B21 163
MOVE B22 163
COMMAND RIGHT END
TURN 157 RESULT
TIME LEFT 0 5 RIGHT 0 5
TRAIN A32
MOVE A6 6
MOVE A8 21
MOVE A15 6
MOVE A17 21
MOVE A24 85
MOVE A25 46
MOVE A26 34
MOVE A27 21
MOVE A28 11
MOVE A29 4
MOVE B21 130
MOVE B22 130
MOVE B23 25
MOVE B27 231
END TURN 157
TURN 158
COMMAND LEFT START
MOVE A30 127
TRAIN 1
COMMAND LEFT END
COMMAND RIGHT START
COMMAND RIGHT END
TURN 158 RESULT
TIME LEFT 0 5 RIGHT 0 5
TRAIN A33
MOVE A6 0
MOVE A8 11
MOVE A15 0
MOVE A17 11
MOVE A24 105
MOVE A25 59
MOVE A26 46
MOVE A27 31
MOVE A28 21
MOVE A29 7
MOVE A30 4
MOVE B21 141
MOVE B22 141
MOVE B23 15
MOVE B27 220
END TURN 158
TURN 159
COMMAND LEFT START
MOVE A6 117
COMMAND LEFT END
COMMAND RIGHT START
MOVE B23 6
UPGRADE 230
COMMAND RIGHT END
TURN 159 RESULT
TIME LEFT 0 5 RIGHT 0 5
UPGRADE B 230
MOVE A6 6
MOVE A8 6
MOVE A17 6
MOVE A24 122
MOVE A25 87
MOVE A26 59
MOVE A27 34
MOVE A28 31
MOVE A29 14
MOVE A30 7
MOVE B21 163
MOVE B22 163
MOVE B23 11
END TURN 159
TURN 160
COMMAND LEFT START
UPGRADE 0
COMMAND LEFT END
COMMAND RIGHT START
MOVE B21 79
MOVE B22 79
TRAIN 2
COMMAND RIGHT END
TURN 160 RESULT
TIME LEFT 0 5 RIGHT 0 5
UPGRADE A 0
TRAIN B28 B29
MOVE A6 11
MOVE A8 0
MOVE A17 0
MOVE A26 87
MOVE A27 46
MOVE A28 34
MOVE A29 22
MOVE A30 14
MOVE B21 143
MOVE B22 143
MOVE B23 6
END TURN 160
TURN 161
COMMAND LEFT START
COMMAND LEFT END
COMMAND RIGHT START
MOVE B23 45
MOVE B28 188
MOVE B29 230
COMMAND RIGHT END
TURN 161 RESULT
TIME LEFT 0 5 RIGHT 0 5
MOVE A6 21
MOVE A27 59
MOVE A28 46
MOVE A29 32
MOVE A30 22
MOVE B21 134
MOVE B22 134
MOVE B23 4
MOVE B28 239
MOVE B29 240
END TURN 161
TURN 162
COMMAND LEFT START
COMMAND LEFT END
COMMAND RIGHT START
COMMAND RIGHT END
TURN 162 RESULT
TIME LEFT 0 5 RIGHT 0 5
MOVE A6 31
MOVE A27 75
MOVE A28 59
MOVE A29 41
MOVE A30 32
MOVE B21 107
MOVE B22 107
MOVE B23 7
MOVE B28 236
MOVE B29 237
END TURN 162
TURN 163
COMMAND LEFT START
COMMAND LEFT END
COMMAND RIGHT START
COMMAND RIGHT END
TURN 163 RESULT
TIME LEFT 0 5 RIGHT 0 5
MOVE A6 34
MOVE A27 91
MOVE A28 75
MOVE A29 52
MOVE A30 41
MOVE B21 99
MOVE B22 99
MOVE B23 14
MOVE B28 225
MOVE B29 230
DAMAGE TURRET B23 2
DAMAGE COMBAT A1 1
DAMAGE COMBAT B23 3
END TURN 163
TURN 164
COMMAND LEFT START
COMMAND LEFT END
COMMAND RIGHT START
UPGRADE 203
COMMAND RIGHT END
TURN 164 RESULT
TIME LEFT 0 5 RIGHT 0 5
UPGRADE B 203
MOVE A6 46
MOVE A27 117
MOVE A28 91
MOVE A29 63
MOVE A30 52
MOVE B21 82
MOVE B22 82
MOVE B28 211
DAMAGE TURRET B23 1
DAMAGE COMBAT A1 1
END TURN 164
TURN 165
COMMAND LEFT START
MOVE A8 117
UPGRADE 117
COMMAND LEFT END
COMMAND RIGHT START
TRAIN 2
COMMAND RIGHT END
TURN 165 RESULT
TIME LEFT 0 5 RIGHT 0 5
UPGRADE A 117
TRAIN B30 B31
MOVE A6 59
MOVE A8 6
MOVE A28 117
MOVE A29 64
MOVE A30 63
MOVE B21 79
MOVE B22 79
MOVE B28 200
END TURN 165
TURN 166
COMMAND LEFT START
MOVE A27 163
UPGRADE 117
COMMAND LEFT END
COMMAND RIGHT START
MOVE B21 95
MOVE B22 95
MOVE B30 188
MOVE B31 203
COMMAND RIGHT END
TURN 166 RESULT
TIME LEFT 0 5 RIGHT 0 5
UPGRADE A 117
MOVE A6 75
MOVE A8 11
MOVE A27 130
MOVE A29 74
MOVE A30 80
MOVE B21 93
MOVE B22 93
MOVE B28 188
MOVE B30 239
MOVE B31 240
END TURN 166
TURN 167
COMMAND LEFT START
MOVE A15 157
UPGRADE 117
COMMAND LEFT END
COMMAND RIGHT START
MOVE B28 127
COMMAND RIGHT END
TURN 167 RESULT
TIME LEFT 0 5 RIGHT 0 5
UPGRADE A 117
MOVE A6 91
MOVE A8 21
MOVE A15 4
MOVE A27 141
MOVE A29 81
MOVE A30 101
MOVE B21 84
MOVE B22 84
MOVE B28 153
MOVE B30 236
MOVE B31 237
END TURN 167
TURN 168
COMMAND LEFT START
COMMAND LEFT END
COMMAND RIGHT START
COMMAND RIGHT END
TURN 168 RESULT
TIME LEFT 0 5 RIGHT 0 5
MOVE A6 117
MOVE A8 31
MOVE A15 7
MOVE A27 163
MOVE A30 103
MOVE B21 85
MOVE B22 85
MOVE B28 127
MOVE B30 225
MOVE B31 230
DAMAGE TURRET A27 1
DAMAGE COMBAT A27 1
DAMAGE COMBAT B11 1
END TURN 168
TURN 169
COMMAND LEFT START
MOVE A17 176
COMMAND LEFT END
COMMAND RIGHT START
UPGRADE 176
COMMAND RIGHT END
TURN 169 RESULT
TIME LEFT 0 5 RIGHT 0 5
UPGRADE B 176
MOVE A8 34
MOVE A15 14
MOVE A17 4
MOVE A30 114
MOVE B21 86
MOVE B22 86
MOVE B30 211
MOVE B31 222
DAMAGE TURRET A27 1
DAMAGE COMBAT A27 1
DAMAGE COMBAT B11 1
END TURN 169
TURN 170
COMMAND LEFT START
TRAIN 1
COMMAND LEFT END
COMMAND RIGHT START
TRAIN 2
COMMAND RIGHT END
TURN 170 RESULT
TIME LEFT 0 5 RIGHT 0 5
TRAIN A34 B32 B33
MOVE A8 46
MOVE A15 22
MOVE A17 10
MOVE A30 127
MOVE B21 96
MOVE B22 96
MOVE B30 200
MOVE B31 212
DAMAGE TURRET A27 1
DAMAGE TURRET A30 1
DAMAGE COMBAT A30 2
DAMAGE COMBAT B11 1
DAMAGE COMBAT B12 1
END TURN 170
TURN 171
COMMAND LEFT START
MOVE A31 220
COMMAND LEFT END
COMMAND RIGHT START
MOVE B32 176
MOVE B33 176
COMMAND RIGHT END
TURN 171 RESULT
TIME LEFT 0 5 RIGHT 0 5
MOVE A8 59
MOVE A15 32
MOVE A17 17
MOVE A31 4
MOVE B21 95
MOVE B22 95
MOVE B30 188
MOVE B31 203
MOVE B32 238
MOVE B33 238
DAMAGE TURRET A30 1
DAMAGE COMBAT A30 1
DAMAGE COMBAT B12 1
END TURN 171
TURN 172
COMMAND LEFT START
COMMAND LEFT END
COMMAND RIGHT START
MOVE B21 108
MOVE B22 108
MOVE B30 127
COMMAND RIGHT END
TURN 172 RESULT
TIME LEFT 0 5 RIGHT 0 5
MOVE A8 75
MOVE A15 41
MOVE A17 29
MOVE A31 10
MOVE B21 106
MOVE B22 106
MOVE B30 153
MOVE B32 233
MOVE B33 233
END TURN 172
TURN 173
COMMAND LEFT START
UPGRADE 0
TRAIN 1
COMMAND LEFT END
COMMAND RIGHT START
MOVE B28 176
UPGRADE 157
COMMAND RIGHT END
TURN 173 RESULT
TIME LEFT 0 5 RIGHT 0 5
UPGRADE A 0
UPGRADE B 157
TRAIN A35
MOVE A8 91
MOVE A15 52
MOVE A17 38
MOVE A31 23
MOVE B21 110
MOVE B22 110
MOVE B28 131
MOVE B30 127
MOVE B32 223
MOVE B33 223
END TURN 173
TURN 174
COMMAND LEFT START
COMMAND LEFT END
COMMAND RIGHT START
MOVE B30 176
COMMAND RIGHT END
TURN 174 RESULT
TIME LEFT 0 5 RIGHT 0 5
MOVE A8 117
MOVE A15 63
MOVE A17 47
MOVE A31 40
MOVE B21 120
MOVE B22 120
MOVE B28 156
MOVE B30 131
MOVE B32 213
MOVE B33 213
END TURN 174
TURN 175
COMMAND LEFT START
COMMAND LEFT END
COMMAND RIGHT START
COMMAND RIGHT END
TURN 175 RESULT
TIME LEFT 0 5 RIGHT 0 5
MOVE A15 80
MOVE A17 65
MOVE A31 51
MOVE B21 114
MOVE B22 114
MOVE B28 176
MOVE B30 156
MOVE B32 210
MOVE B33 210
END TURN 175
TURN 176
COMMAND LEFT START
COMMAND LEFT END
COMMAND RIGHT START
UPGRADE 163
COMMAND RIGHT END
TURN 176 RESULT
TIME LEFT 0 5 RIGHT 0 5
UPGRADE B 163
MOVE A15 101
MOVE A17 83
MOVE A31 69
MOVE B21 108
MOVE B22 108
MOVE B30 176
MOVE B32 198
MOVE B33 198
END TURN 176
TURN 177
COMMAND LEFT START
COMMAND LEFT END
COMMAND RIGHT START
MOVE B21 176
MOVE B22 176
TRAIN 1
COMMAND RIGHT END
TURN 177 RESULT
TIME LEFT 0 5 RIGHT 0 5
TRAIN B34
MOVE A15 120
MOVE A17 95
MOVE A31 86
MOVE B21 114
MOVE B22 114
MOVE B32 176
MOVE B33 176
END TURN 177
TURN 178
COMMAND LEFT START
COMMAND LEFT END
COMMAND RIGHT START
MOVE B34 157
COMMAND RIGHT END
TURN 178 RESULT
TIME LEFT 0 5 RIGHT 0 5
MOVE A15 131
MOVE A17 106
MOVE A31 102
MOVE B21 131
MOVE B22 131
MOVE B34 238
DAMAGE COMBAT A15 2
DAMAGE COMBAT B21 1
END TURN 178
TURN 179
COMMAND LEFT START
COMMAND LEFT END
COMMAND RIGHT START
COMMAND RIGHT END
TURN 179 RESULT
TIME LEFT 0 5 RIGHT 0 5
MOVE A17 137
MOVE A31 121
MOVE B34 233
DAMAGE COMBAT A15 2
DAMAGE COMBAT B21 1
END TURN 179
TURN 180
COMMAND LEFT START
COMMAND LEFT END
COMMAND RIGHT START
UPGRADE 127
COMMAND RIGHT END
TURN 180 RESULT
TIME LEFT 0 5 RIGHT 0 5
UPGRADE B 127
MOVE A17 154
MOVE A31 132
MOVE B34 223
DAMAGE COMBAT A15 1
DAMAGE COMBAT B21 1
END TURN 180
TURN 181
COMMAND LEFT START
COMMAND LEFT END
COMMAND RIGHT START
TRAIN 2
COMMAND RIGHT END
TURN 181 RESULT
TIME LEFT 0 5 RIGHT 0 5
TRAIN B35 B36
MOVE A17 176
MOVE A31 151
MOVE B21 156
MOVE B22 156
MOVE B34 213
DAMAGE TURRET A17 2
DAMAGE COMBAT A17 3
DAMAGE COMBAT B8 1
END TURN 181
TURN 182
COMMAND LEFT START
UPGRADE 0
TRAIN 1
COMMAND LEFT END
COMMAND RIGHT START
MOVE B35 157
MOVE B36 163
COMMAND RIGHT END
TURN 182 RESULT
TIME LEFT 0 5 RIGHT 0 5
UPGRADE A 0
TRAIN A36
MOVE A31 171
MOVE B21 176
MOVE B22 176
MOVE B34 210
MOVE B35 238
MOVE B36 240
END TURN 182
TURN 183
COMMAND LEFT START
COMMAND LEFT END
COMMAND RIGHT START
MOVE B21 86
MOVE B22 86
MOVE B28 86
MOVE B30 86
COMMAND RIGHT END
TURN 183 RESULT
TIME LEFT 0 5 RIGHT 0 5
MOVE A31 187
MOVE B21 154
MOVE B22 154
MOVE B28 154
MOVE B30 154
MOVE B34 198
MOVE B35 233
MOVE B36 237
END TURN 183
TURN 184
COMMAND LEFT START
TRAIN 3
COMMAND LEFT END
COMMAND RIGHT START
COMMAND RIGHT END
TURN 184 RESULT
TIME LEFT 0 5 RIGHT 0 5
TRAIN A37 A38 A39
MOVE A31 207
MOVE B21 145
MOVE B22 145
MOVE B28 145
MOVE B30 145
MOVE B34 185
MOVE B35 223
MOVE B36 230
END TURN 184
TURN 185
COMMAND LEFT START
TRAIN 3
COMMAND LEFT END
COMMAND RIGHT START
COMMAND RIGHT END
TURN 185 RESULT
TIME LEFT 0 5 RIGHT 0 5
TRAIN A40 A41 A42
MOVE A31 220
MOVE B21 125
MOVE B22 125
MOVE B28 125
MOVE B30 125
MOVE B34 157
MOVE B35 213
MOVE B36 222
DAMAGE TURRET A31 2
DAMAGE COMBAT A31 3
DAMAGE COMBAT B2 1
END TURN 185
TURN 186
COMMAND LEFT START
TRAIN 3
COMMAND LEFT END
COMMAND RIGHT START
COMMAND RIGHT END
TURN 186 RESULT
TIME LEFT 0 5 RIGHT 0 5
TRAIN A43 A44 A45
MOVE B21 109
MOVE B22 109
MOVE B28 109
MOVE B30 109
MOVE B35 210
MOVE B36 212
END TURN 186
TURN 187
COMMAND LEFT START
TRAIN 3
COMMAND LEFT END
COMMAND RIGHT START
COMMAND RIGHT END
TURN 187 RESULT
TIME LEFT 0 5 RIGHT 0 5
TRAIN A46 A47 A48
MOVE B21 96
MOVE B22 96
MOVE B28 96
MOVE B30 96
MOVE B35 198
MOVE B36 203
END TURN 187
TURN 188
COMMAND LEFT START
MOVE A36 122
MOVE A37 122
TRAIN 3
COMMAND LEFT END
COMMAND RIGHT START
COMMAND RIGHT END
TURN 188 RESULT
TIME LEFT 0 5 RIGHT 0 5
TRAIN A49 A50 A51
MOVE A36 4
MOVE A37 4
MOVE B21 86
MOVE B22 86
MOVE B28 86
MOVE B30 86
MOVE B35 185
MOVE B36 192
END TURN 188
TURN 189
COMMAND LEFT START
TRAIN 3
COMMAND LEFT END
COMMAND RIGHT START
MOVE B21 54
MOVE B22 54
MOVE B28 54
MOVE B30 54
COMMAND RIGHT END
TURN 189 RESULT
TIME LEFT 0 5 RIGHT 0 5
TRAIN A52 A53 A54
MOVE A36 10
MOVE A37 10
MOVE B21 72
MOVE B22 72
MOVE B28 72
MOVE B30 72
MOVE B35 157
MOVE B36 181
END TURN 189
TURN 190
COMMAND LEFT START
MOVE A38 122
MOVE A39 122
MOVE A40 122
MOVE A41 122
MOVE A42 122
MOVE A43 122
TRAIN 3
COMMAND LEFT END
COMMAND RIGHT START
UPGRADE 244
COMMAND RIGHT END
TURN 190 RESULT
TIME LEFT 0 5 RIGHT 0 5
UPGRADE B 244
TRAIN A55 A56 A57
MOVE A36 23
MOVE A37 23
MOVE A38 4
MOVE A39 4
MOVE A40 4
MOVE A41 4
MOVE A42 4
MOVE A43 4
MOVE B21 54
MOVE B22 54
MOVE B28 54
MOVE B30 54
MOVE B36 180
END TURN 190
TURN 191
COMMAND LEFT START
TRAIN 3
COMMAND LEFT END
COMMAND RIGHT START
MOVE B21 24
MOVE B22 24
MOVE B28 24
MOVE B30 24
COMMAND RIGHT END
TURN 191 RESULT
TIME LEFT 0 5 RIGHT 0 5
TRAIN A58 A59 A60
MOVE A36 40
MOVE A37 40
MOVE A38 10
MOVE A39 10
MOVE A40 10
MOVE A41 10
MOVE A42 10
MOVE A43 10
MOVE B21 37
MOVE B22 37
MOVE B28 37
MOVE B30 37
MOVE B36 170
END TURN 191
TURN 192
COMMAND LEFT START
MOVE A11 0
MOVE A14 0
MOVE A20 0
TRAIN 3
COMMAND LEFT END
COMMAND RIGHT START
COMMAND RIGHT END
TURN 192 RESULT
TIME LEFT 0 5 RIGHT 0 5
TRAIN A61 A62 A63
MOVE A11 13
MOVE A14 13
MOVE A20 13
MOVE A36 54
MOVE A37 54
MOVE A38 23
MOVE A39 23
MOVE A40 23
MOVE A41 23
MOVE A42 23
MOVE A43 23
MOVE B21 24
MOVE B22 24
MOVE B28 24
MOVE B30 24
MOVE B36 163
DAMAGE TURRET B21 2
SIEGE A 24 4
END TURN 192
TURN 193
COMMAND LEFT START
MOVE A32 24
MOVE A33 24
MOVE A34 24
TRAIN 3
COMMAND LEFT END
COMMAND RIGHT START
MOVE B21 4
MOVE B22 4
MOVE B28 4
MOVE B30 4
COMMAND RIGHT END
TURN 193 RESULT
TIME LEFT 0 5 RIGHT 0 5
TRAIN A64 A65 A66
MOVE A11 6
MOVE A14 6
MOVE A20 6
MOVE A32 6
MOVE A33 6
MOVE A34 6
MOVE A36 71
MOVE A37 71
MOVE A38 40
MOVE A39 40
MOVE A40 40
MOVE A41 40
MOVE A42 40
MOVE A43 40
MOVE B21 13
MOVE B22 13
MOVE B28 13
MOVE B30 13
END TURN 193
TURN 194
COMMAND LEFT START
TRAIN 3
COMMAND LEFT END
COMMAND RIGHT START
COMMAND RIGHT END
TURN 194 RESULT
TIME LEFT 0 5 RIGHT 0 5
TRAIN A67 A68 A69
MOVE A11 0
MOVE A14 0
MOVE A20 0
MOVE A32 13
MOVE A33 13
MOVE A34 13
MOVE A36 85
MOVE A37 85
MOVE A38 54
MOVE A39 54
MOVE A40 54
MOVE A41 54
MOVE A42 54
MOVE A43 54
MOVE B21 4
MOVE B22 4
MOVE B28 4
MOVE B30 4
END TURN 194
TURN 195
COMMAND LEFT START
TRAIN 3
COMMAND LEFT END
COMMAND RIGHT START
MOVE B21 14
MOVE B22 14
MOVE B28 14
MOVE B30 14
COMMAND RIGHT END
TURN 195 RESULT
TIME LEFT 0 5 RIGHT 0 5
TRAIN A70 A71 A72
MOVE A32 24
MOVE A33 24
MOVE A34 24
MOVE A36 105
MOVE A37 105
MOVE A38 71
MOVE A39 71
MOVE A40 71
MOVE A41 71
MOVE A42 71
MOVE A43 71
MOVE B21 7
MOVE B22 7
MOVE B28 7
MOVE B30 7
END TURN 195
TURN 196
COMMAND LEFT START
MOVE A1 0
MOVE A10 0
MOVE A19 0
TRAIN 3
COMMAND LEFT END
COMMAND RIGHT START
COMMAND RIGHT END
TURN 196 RESULT
TIME LEFT 0 5 RIGHT 0 5
TRAIN A73 A74 A75
MOVE A1 7
MOVE A10 7
MOVE A19 7
MOVE A36 122
MOVE A37 122
MOVE A38 85
MOVE A39 85
MOVE A40 85
MOVE A41 85
MOVE A42 85
MOVE A43 85
MOVE B21 14
MOVE B22 14
MOVE B28 14
MOVE B30 14
DAMAGE TURRET B21 1
DAMAGE TURRET B22 1
SIEGE A 14 4
END TURN 196
TURN 197
COMMAND LEFT START
MOVE A11 14
MOVE A14 14
MOVE A20 14
TRAIN 2
COMMAND LEFT END
COMMAND RIGHT START
MOVE B22 34
MOVE B28 34
MOVE B30 34
COMMAND RIGHT END
TURN 197 RESULT
TIME LEFT 0 5 RIGHT 0 5
TRAIN A76 A77
MOVE A1 4
MOVE A10 4
MOVE A11 4
MOVE A14 4
MOVE A19 4
MOVE A20 4
MOVE A38 105
MOVE A39 105
MOVE A40 105
MOVE A41 105
MOVE A42 105
MOVE A43 105
MOVE B22 17
MOVE B28 17
MOVE B30 17
END TURN 197
TURN 198
COMMAND LEFT START
TRAIN 2
COMMAND LEFT END
COMMAND RIGHT START
COMMAND RIGHT END
TURN 198 RESULT
TIME LEFT 0 5 RIGHT 0 5
TRAIN A78 A79
MOVE A1 0
MOVE A10 0
MOVE A11 7
MOVE A14 7
MOVE A19 0
MOVE A20 7
MOVE A38 122
MOVE A39 122
MOVE A40 122
MOVE A41 122
MOVE A42 122
MOVE A43 122
MOVE B22 23
MOVE B28 23
MOVE B30 23
END TURN 198
TURN 199
COMMAND LEFT START
TRAIN 2
COMMAND LEFT END
COMMAND RIGHT START
COMMAND RIGHT END
TURN 199 RESULT
TIME LEFT 0 5 RIGHT 0 5
TRAIN A80 A81
MOVE A11 14
MOVE A14 14
MOVE A20 14
MOVE B22 37
MOVE B28 37
MOVE B30 37
END TURN 199
TURN 200
COMMAND LEFT START
MOVE A44 203
MOVE A45 203
MOVE A46 203
MOVE A47 203
MOVE A48 203
MOVE A49 203
MOVE A50 203
MOVE A51 203
MOVE A52 203
MOVE A53 203
MOVE A54 203
MOVE A55 203
MOVE A56 203
MOVE A57 203
MOVE A58 203
MOVE A59 203
MOVE A60 203
MOVE A61 203
MOVE A62 203
MOVE A63 203
MOVE A64 203
MOVE A65 203
MOVE A66 203
MOVE A67 203
MOVE A68 203
MOVE A69 203
MOVE A70 203
COMMAND LEFT END
COMMAND RIGHT START
COMMAND RIGHT END
TURN 200 RESULT
TIME LEFT 0 5 RIGHT 0 5
MOVE A44 6
MOVE A45 6
MOVE A46 6
MOVE A47 6
MOVE A48 6
MOVE A49 6
MOVE A50 6
MOVE A51 6
MOVE A52 6
MOVE A53 6
MOVE A54 6
MOVE A55 6
MOVE A56 6
MOVE A57 6
MOVE A58 6
MOVE A59 6
MOVE A60 6
MOVE A61 6
MOVE A62 6
MOVE A63 6
MOVE A64 6
MOVE A65 6
MOVE A66 6
MOVE A67 6
MOVE A68 6
MOVE A69 6
MOVE A70 6
MOVE B22 39
MOVE B28 39
MOVE B30 39
END TURN 200
TURN 201
COMMAND LEFT START
TRAIN 3
COMMAND LEFT END
COMMAND RIGHT START
COMMAND RIGHT END
TURN 201 RESULT
TIME LEFT 0 5 RIGHT 0 5
TRAIN A82 A83 A84
MOVE A44 11
MOVE A45 11
MOVE A46 11
MOVE A47 11
MOVE A48 11
MOVE A49 11
MOVE A50 11
MOVE A51 11
MOVE A52 11
MOVE A53 11
MOVE A54 11
MOVE A55 11
MOVE A56 11
MOVE A57 11
MOVE A58 11
MOVE A59 11
MOVE A60 11
MOVE A61 11
MOVE A62 11
MOVE A63 11
MOVE A64 11
MOVE A65 11
MOVE A66 11
MOVE A67 11
MOVE A68 11
MOVE A69 11
MOVE A70 11
MOVE B22 34
MOVE B28 34
MOVE B30 34
END TURN 201
TURN 202
COMMAND LEFT START
TRAIN 2
COMMAND LEFT END
COMMAND RIGHT START
MOVE B22 36
MOVE B28 36
MOVE B30 36
UPGRADE 244
TRAIN 1
COMMAND RIGHT END
TURN 202 RESULT
TIME LEFT 0 5 RIGHT 0 5
UPGRADE B 244
TRAIN A85 A86 B37
MOVE A44 21
MOVE A45 21
MOVE A46 21
MOVE A47 21
MOVE A48 21
MOVE A49 21
MOVE A50 21
MOVE A51 21
MOVE A52 21
MOVE A53 21
MOVE A54 21
MOVE A55 21
MOVE A56 21
MOVE A57 21
MOVE A58 21
MOVE A59 21
MOVE A60 21
MOVE A61 21
MOVE A62 21
MOVE A63 21
MOVE A64 21
MOVE A65 21
MOVE A66 21
MOVE A67 21
MOVE A68 21
MOVE A69 21
MOVE A70 21
MOVE B22 36
MOVE B28 36
MOVE B30 36
END TURN 202
TURN 203
COMMAND LEFT START
TRAIN 2
COMMAND LEFT END
COMMAND RIGHT START
MOVE B22 22
MOVE B28 22
MOVE B30 22
TRAIN 2
COMMAND RIGHT END
TURN 203 RESULT
TIME LEFT 0 5 RIGHT 0 5
TRAIN A87 A88 B38 B39
MOVE A44 39
MOVE A45 39
MOVE A46 39
MOVE A47 39
MOVE A48 39
MOVE A49 39
MOVE A50 39
MOVE A51 39
MOVE A52 39
MOVE A53 39
MOVE A54 39
MOVE A55 39
MOVE A56 39
MOVE A57 39
MOVE A58 39
MOVE A59 39
MOVE A60 39
MOVE A61 39
MOVE A62 39
MOVE A63 39
MOVE A64 39
MOVE A65 39
MOVE A66 39
MOVE A67 39
MOVE A68 39
MOVE A69 39
MOVE A70 39
MOVE B22 34
MOVE B28 34
MOVE B30 34
END TURN 203
TURN 204
COMMAND LEFT START
TRAIN 3
COMMAND LEFT END
COMMAND RIGHT START
MOVE B39 188
TRAIN 2
COMMAND RIGHT END
TURN 204 RESULT
TIME LEFT 0 5 RIGHT 0 5
TRAIN A89 A90 A91 B40 B41
MOVE A44 49
MOVE A45 49
MOVE A46 49
MOVE A47 49
MOVE A48 49
MOVE A49 49
MOVE A50 49
MOVE A51 49
MOVE A52 49
MOVE A53 49
MOVE A54 49
MOVE A55 49
MOVE A56 49
MOVE A57 49
MOVE A58 49
MOVE A59 49
MOVE A60 49
MOVE A61 49
MOVE A62 49
MOVE A63 49
MOVE A64 49
MOVE A65 49
MOVE A66 49
MOVE A67 49
MOVE A68 49
MOVE A69 49
MOVE A70 49
MOVE B22 39
MOVE B28 39
MOVE B30 39
MOVE B39 239
END TURN 204
TURN 205
COMMAND LEFT START
TRAIN 2
COMMAND LEFT END
COMMAND RIGHT START
MOVE B40 163
MOVE B41 127
TRAIN 2
COMMAND RIGHT END
TURN 205 RESULT
TIME LEFT 0 5 RIGHT 0 5
TRAIN A92 A93 B42 B43
MOVE A44 66
MOVE A45 66
MOVE A46 66
MOVE A47 66
MOVE A48 66
MOVE A49 66
MOVE A50 66
MOVE A51 66
MOVE A52 66
MOVE A53 66
MOVE A54 66
MOVE A55 66
MOVE A56 66
MOVE A57 66
MOVE A58 66
MOVE A59 66
MOVE A60 66
MOVE A61 66
MOVE A62 66
MOVE A63 66
MOVE A64 66
MOVE A65 66
MOVE A66 66
MOVE A67 66
MOVE A68 66
MOVE A69 66
MOVE A70 66
MOVE B22 37
MOVE B28 37
MOVE B30 37
MOVE B39 236
MOVE B40 240
MOVE B41 238
END TURN 205
TURN 206
COMMAND LEFT START
TRAIN 2
COMMAND LEFT END
COMMAND RIGHT START
MOVE B42 127
MOVE B43 185
TRAIN 3
COMMAND RIGHT END
TURN 206 RESULT
TIME LEFT 0 5 RIGHT 0 5
TRAIN A94 A95 B44 B45 B46
MOVE A44 82
MOVE A45 82
MOVE A46 82
MOVE A47 82
MOVE A48 82
MOVE A49 82
MOVE A50 82
MOVE A51 82
MOVE A52 82
MOVE A53 82
MOVE A54 82
MOVE A55 82
MOVE A56 82
MOVE A57 82
MOVE A58 82
MOVE A59 82
MOVE A60 82
MOVE A61 82
MOVE A62 82
MOVE A63 82
MOVE A64 82
MOVE A65 82
MOVE A66 82
MOVE A67 82
MOVE A68 82
MOVE A69 82
MOVE A70 82
MOVE B22 40
MOVE B28 40
MOVE B30 40
MOVE B39 225
MOVE B40 237
MOVE B41 233
MOVE B42 238
MOVE B43 238
END TURN 206
TURN 207
COMMAND LEFT START
TRAIN 2
COMMAND LEFT END
COMMAND RIGHT START
MOVE B44 188
MOVE B45 188
MOVE B46 188
TRAIN 2
COMMAND RIGHT END
TURN 207 RESULT
TIME LEFT 0 5 RIGHT 0 5
TRAIN A96 A97 B47 B48
MOVE A44 100
MOVE A45 100
MOVE A46 100
MOVE A47 100
MOVE A48 100
MOVE A49 100
MOVE A50 100
MOVE A51 100
MOVE A52 100
MOVE A53 100
MOVE A54 100
MOVE A55 100
MOVE A56 100
MOVE A57 100
MOVE A58 100
MOVE A59 100
MOVE A60 100
MOVE A61 100
MOVE A62 100
MOVE A63 100
MOVE A64 100
MOVE A65 100
MOVE A66 100
MOVE A67 100
MOVE A68 100
MOVE A69 100
MOVE A70 100
MOVE B22 29
MOVE B28 29
MOVE B30 29
MOVE B39 211
MOVE B40 230
MOVE B41 223
MOVE B42 233
MOVE B43 233
MOVE B44 239
MOVE B45 239
MOVE B46 239
END TURN 207
TURN 208
COMMAND LEFT START
TRAIN 2
COMMAND LEFT END
COMMAND RIGHT START
MOVE B47 188
MOVE B48 188
TRAIN 2
COMMAND RIGHT END
TURN 208 RESULT
TIME LEFT 0 5 RIGHT 0 5
TRAIN A98 A99 B49 B50
MOVE A44 118
MOVE A45 118
MOVE A46 118
MOVE A47 118
MOVE A48 118
MOVE A49 118
MOVE A50 118
MOVE A51 118
MOVE A52 118
MOVE A53 118
MOVE A54 118
MOVE A55 118
MOVE A56 118
MOVE A57 118
MOVE A58 118
MOVE A59 118
MOVE A60 118
MOVE A61 118
MOVE A62 118
MOVE A63 118
MOVE A64 118
MOVE A65 118
MOVE A66 118
MOVE A67 118
MOVE A68 118
MOVE A69 118
MOVE A70 118
MOVE B22 22
MOVE B28 22
MOVE B30 22
MOVE B39 200
MOVE B40 222
MOVE B41 213
MOVE B42 223
MOVE B43 223
MOVE B44 236
MOVE B45 236
MOVE B46 236
MOVE B47 239
MOVE B48 239
END TURN 208
TURN 209
COMMAND LEFT START
TRAIN 2
COMMAND LEFT END
COMMAND RIGHT START
MOVE B22 48
MOVE B28 48
MOVE B30 48
TRAIN 2
COMMAND RIGHT END
TURN 209 RESULT
TIME LEFT 0 5 RIGHT 0 5
TRAIN A100 A101 B51 B52
MOVE A44 135
MOVE A45 135
MOVE A46 135
MOVE A47 135
MOVE A48 135
MOVE A49 135
MOVE A50 135
MOVE A51 135
MOVE A52 135
MOVE A53 135
MOVE A54 135
MOVE A55 135
MOVE A56 135
MOVE A57 135
MOVE A58 135
MOVE A59 135
MOVE A60 135
MOVE A61 135
MOVE A62 135
MOVE A63 135
MOVE A64 135
MOVE A65 135
MOVE A66 135
MOVE A67 135
MOVE A68 135
MOVE A69 135
MOVE A70 135
MOVE B22 32
MOVE B28 32
MOVE B30 32
MOVE B39 188
MOVE B40 212
MOVE B41 210
MOVE B42 213
MOVE B43 213
MOVE B44 225
MOVE B45 225
MOVE B46 225
MOVE B47 236
MOVE B48 236
END TURN 209
TURN 210
COMMAND LEFT START
TRAIN 2
COMMAND LEFT END
COMMAND RIGHT START
MOVE B39 127
MOVE B49 188
MOVE B50 188
TRAIN 2
COMMAND RIGHT END
TURN 210 RESULT
TIME LEFT 0 5 RIGHT 0 5
TRAIN A102 A103 B53 B54
MOVE A44 149
MOVE A45 149
MOVE A46 149
MOVE A47 149
MOVE A48 149
MOVE A49 149
MOVE A50 149
MOVE A51 149
MOVE A52 149
MOVE A53 149
MOVE A54 149
MOVE A55 149
MOVE A56 149
MOVE A57 149
MOVE A58 149
MOVE A59 149
MOVE A60 149
MOVE A61 149
MOVE A62 149
MOVE A63 149
MOVE A64 149
MOVE A65 149
MOVE A66 149
MOVE A67 149
MOVE A68 149
MOVE A69 149
MOVE A70 149
MOVE B22 41
MOVE B28 41
MOVE B30 41
MOVE B39 153
MOVE B40 203
MOVE B41 198
MOVE B42 210
MOVE B43 210
MOVE B44 211
MOVE B45 211
MOVE B46 211
MOVE B47 225
MOVE B48 225
MOVE B49 239
MOVE B50 239
DAMAGE TURRET B22 2
DAMAGE COMBAT A3 3
DAMAGE COMBAT B22 3
END TURN 210
TURN 211
COMMAND LEFT START
TRAIN 2
COMMAND LEFT END
COMMAND RIGHT START
MOVE B51 188
TRAIN 2
COMMAND RIGHT END
TURN 211 RESULT
TIME LEFT 0 5 RIGHT 0 5
TRAIN A104 A105 B55 B56
MOVE A44 166
MOVE A45 166
MOVE A46 166
MOVE A47 166
MOVE A48 166
MOVE A49 166
MOVE A50 166
MOVE A51 166
MOVE A52 166
MOVE A53 166
MOVE A54 166
MOVE A55 166
MOVE A56 166
MOVE A57 166
MOVE A58 166
MOVE A59 166
MOVE A60 166
MOVE A61 166
MOVE A62 166
MOVE A63 166
MOVE A64 166
MOVE A65 166
MOVE A66 166
MOVE A67 166
MOVE A68 166
MOVE A69 166
MOVE A70 166
MOVE B39 127
MOVE B40 192
MOVE B41 185
MOVE B42 198
MOVE B43 198
MOVE B44 200
MOVE B45 200
MOVE B46 200
MOVE B47 211
MOVE B48 211
MOVE B49 236
MOVE B50 236
MOVE B51 239
DAMAGE TURRET B28 2
DAMAGE COMBAT A3 1
DAMAGE COMBAT A12 1
DAMAGE COMBAT B28 3
END TURN 211
TURN 212
COMMAND LEFT START
MOVE A1 41
MOVE A71 122
MOVE A72 122
MOVE A73 122
MOVE A74 122
MOVE A75 122
MOVE A76 122
MOVE A77 122
MOVE A78 122
MOVE A79 122
MOVE A80 122
MOVE A81 122
MOVE A82 122
MOVE A83 122
MOVE A84 122
MOVE A85 122
MOVE A86 122
MOVE A87 122
TRAIN 2
COMMAND LEFT END
COMMAND RIGHT START
MOVE B52 188
MOVE B53 188
MOVE B54 188
TRAIN 2
COMMAND RIGHT END
TURN 212 RESULT
TIME LEFT 0 5 RIGHT 0 5
TRAIN A106 A107 B57 B58
MOVE A1 4
MOVE A44 182
MOVE A45 182
MOVE A46 182
MOVE A47 182
MOVE A48 182
MOVE A49 182
MOVE A50 182
MOVE A51 182
MOVE A52 182
MOVE A53 182
MOVE A54 182
MOVE A55 182
MOVE A56 182
MOVE A57 182
MOVE A58 182
MOVE A59 182
MOVE A60 182
MOVE A61 182
MOVE A62 182
MOVE A63 182
MOVE A64 182
MOVE A65 182
MOVE A66 182
MOVE A67 182
MOVE A68 182
MOVE A69 182
MOVE A70 182
MOVE A71 4
MOVE A72 4
MOVE A73 4
MOVE A74 4
MOVE A75 4
MOVE A76 4
MOVE A77 4
MOVE A78 4
MOVE A79 4
MOVE A80 4
MOVE A81 4
MOVE A82 4
MOVE A83 4
MOVE A84 4
MOVE A85 4
MOVE A86 4
MOVE A87 4
MOVE B40 181
MOVE B41 169
MOVE B42 185
MOVE B43 185
MOVE B44 188
MOVE B45 188
MOVE B46 188
MOVE B47 200
MOVE B48 200
MOVE B49 225
MOVE B50 225
MOVE B51 236
MOVE B52 239
MOVE B53 239
MOVE B54 239
DAMAGE TURRET B28 1
DAMAGE TURRET B30 1
DAMAGE COMBAT A12 2
DAMAGE COMBAT B30 2
END TURN 212
TURN 213
COMMAND LEFT START
MOVE A88 122
TRAIN 2
COMMAND LEFT END
COMMAND RIGHT START
MOVE B43 45
MOVE B44 127
MOVE B45 127
MOVE B46 127
MOVE B55 188
TRAIN 2
COMMAND RIGHT END
TURN 213 RESULT
TIME LEFT 0 5 RIGHT 0 5
TRAIN A108 A109 B59 B60
MOVE A1 7
MOVE A44 191
MOVE A45 191
MOVE A46 191
MOVE A47 191
MOVE A48 191
MOVE A49 191
MOVE A50 191
MOVE A51 191
MOVE A52 191
MOVE A53 191
MOVE A54 191
MOVE A55 191
MOVE A56 191
MOVE A57 191
MOVE A58 191
MOVE A59 191
MOVE A60 191
MOVE A61 191
MOVE A62 191
MOVE A63 191
MOVE A64 191
MOVE A65 191
MOVE A66 191
MOVE A67 191
MOVE A68 191
MOVE A69 191
MOVE A70 191
MOVE A71 10
MOVE A72 10
MOVE A73 10
MOVE A74 10
MOVE A75 10
MOVE A76 10
MOVE A77 10
MOVE A78 10
MOVE A79 10
MOVE A80 10
MOVE A81 10
MOVE A82 10
MOVE A83 10
MOVE A84 10
MOVE A85 10
MOVE A86 10
MOVE A87 10
MOVE A88 4
MOVE B40 180
MOVE B41 153
MOVE B42 169
MOVE B43 157
MOVE B44 153
MOVE B45 153
MOVE B46 153
MOVE B47 188
MOVE B48 188
MOVE B49 211
MOVE B50 211
MOVE B51 225
MOVE B52 236
MOVE B53 236
MOVE B54 236
MOVE B55 239
DAMAGE TURRET B30 2
DAMAGE COMBAT A12 1
DAMAGE COMBAT B30 1
END TURN 213
TURN 214
COMMAND LEFT START
MOVE A89 122
MOVE A90 122
TRAIN 2
COMMAND LEFT END
COMMAND RIGHT START
MOVE B47 127
MOVE B48 127
MOVE B56 188
MOVE B57 188
TRAIN 2
COMMAND RIGHT END
TURN 214 RESULT
TIME LEFT 0 5 RIGHT 0 5
TRAIN A110 A111 B61 B62
MOVE A1 14
MOVE A44 203
MOVE A45 203
MOVE A46 203
MOVE A47 203
MOVE A48 203
MOVE A49 203
MOVE A50 203
MOVE A51 203
MOVE A52 203
MOVE A53 203
MOVE A54 203
MOVE A55 203
MOVE A56 203
MOVE A57 203
MOVE A58 203
MOVE A59 203
MOVE A60 203
MOVE A61 203
MOVE A62 203
MOVE A63 203
MOVE A64 203
MOVE A65 203
MOVE A66 203
MOVE A67 203
MOVE A68 203
MOVE A69 203
MOVE A70 203
MOVE A71 23
MOVE A72 23
MOVE A73 23
MOVE A74 23
MOVE A75 23
MOVE A76 23
MOVE A77 23
MOVE A78 23
MOVE A79 23
MOVE A80 23
MOVE A81 23
MOVE A82 23
MOVE A83 23
MOVE A84 23
MOVE A85 23
MOVE A86 23
MOVE A87 23
MOVE A88 10
MOVE A89 4
MOVE A90 4
MOVE B40 170
MOVE B41 127
MOVE B42 153
MOVE B43 131
MOVE B44 127
MOVE B45 127
MOVE B46 127
MOVE B47 153
MOVE B48 153
MOVE B49 200
MOVE B50 200
MOVE B51 211
MOVE B52 225
MOVE B53 225
MOVE B54 225
MOVE B55 236
MOVE B56 239
MOVE B57 239
DAMAGE TURRET A44 2
DAMAGE COMBAT A44 3
DAMAGE COMBAT B7 5
DAMAGE COMBAT B26 6
DAMAGE COMBAT B31 6
SIEGE B 203 10
END TURN 214
TURN 215
COMMAND LEFT START
MOVE A91 122
TRAIN 2
COMMAND LEFT END
COMMAND RIGHT START
MOVE B39 236
MOVE B44 236
MOVE B45 236
MOVE B46 236
TRAIN 1
COMMAND RIGHT END
TURN 215 RESULT
TIME LEFT 0 5 RIGHT 0 5
TRAIN A112 A113 B63
MOVE A1 22
MOVE A71 40
MOVE A72 40
MOVE A73 40
MOVE A74 40
MOVE A75 40
MOVE A76 40
MOVE A77 40
MOVE A78 40
MOVE A79 40
MOVE A80 40
MOVE A81 40
MOVE A82 40
MOVE A83 40
MOVE A84 40
MOVE A85 40
MOVE A86 40
MOVE A87 40
MOVE A88 23
MOVE A89 10
MOVE A90 10
MOVE A91 4
MOVE B39 153
MOVE B40 163
MOVE B42 127
MOVE B43 114
MOVE B44 153
MOVE B45 153
MOVE B46 153
MOVE B47 127
MOVE B48 127
MOVE B49 188
MOVE B50 188
MOVE B51 200
MOVE B52 211
MOVE B53 211
MOVE B54 211
MOVE B55 225
MOVE B56 236
MOVE B57 236
DAMAGE TURRET A44 2
SIEGE B 203 8
END TURN 215
TURN 216
COMMAND LEFT START
MOVE A92 122
MOVE A93 122
TRAIN 1
COMMAND LEFT END
COMMAND RIGHT START
MOVE B47 236
MOVE B48 236
MOVE B49 244
MOVE B50 244
TRAIN 2
COMMAND RIGHT END
TURN 216 RESULT
TIME LEFT 0 5 RIGHT 0 5
TRAIN A114 B64 B65
MOVE A1 32
MOVE A71 54
MOVE A72 54
MOVE A73 54
MOVE A74 54
MOVE A75 54
MOVE A76 54
MOVE A77 54
MOVE A78 54
MOVE A79 54
MOVE A80 54
MOVE A81 54
MOVE A82 54
MOVE A83 54
MOVE A84 54
MOVE A85 54
MOVE A86 54
MOVE A87 54
MOVE A88 40
MOVE A89 23
MOVE A90 23
MOVE A91 10
MOVE A92 4
MOVE A93 4
MOVE B39 188
MOVE B43 103
MOVE B44 188
MOVE B45 188
MOVE B46 188
MOVE B47 153
MOVE B48 153
MOVE B49 200
MOVE B50 200
MOVE B51 188
MOVE B52 200
MOVE B53 200
MOVE B54 200
MOVE B55 211
MOVE B56 225
MOVE B57 225
END TURN 216
TURN 217
COMMAND LEFT START
TRAIN 2
COMMAND LEFT END
COMMAND RIGHT START
MOVE B51 244
TRAIN 2
COMMAND RIGHT END
TURN 217 RESULT
TIME LEFT 0 5 RIGHT 0 5
TRAIN A115 A116 B66 B67
MOVE A1 41
MOVE A71 71
MOVE A72 71
MOVE A73 71
MOVE A74 71
MOVE A75 71
MOVE A76 71
MOVE A77 71
MOVE A78 71
MOVE A79 71
MOVE A80 71
MOVE A81 71
MOVE A82 71
MOVE A83 71
MOVE A84 71
MOVE A85 71
MOVE A86 71
MOVE A87 71
MOVE A88 54
MOVE A89 40
MOVE A90 40
MOVE A91 23
MOVE A92 10
MOVE A93 10
MOVE B39 200
MOVE B43 81
MOVE B44 200
MOVE B45 200
MOVE B46 200
MOVE B47 188
MOVE B48 188
MOVE B49 211
MOVE B50 211
MOVE B51 200
MOVE B52 188
MOVE B53 188
MOVE B54 188
MOVE B55 200
MOVE B56 211
MOVE B57 211
DAMAGE TURRET B43 2
DAMAGE COMBAT A9 1
DAMAGE COMBAT B43 3
END TURN 217
TURN 218
COMMAND LEFT START
MOVE A10 81
MOVE A94 122
TRAIN 2
COMMAND LEFT END
COMMAND RIGHT START
MOVE B52 244
MOVE B53 244
MOVE B54 244
TRAIN 2
COMMAND RIGHT END
TURN 218 RESULT
TIME LEFT 0 5 RIGHT 0 5
TRAIN A117 A118 B68 B69
MOVE A10 4
MOVE A71 85
MOVE A72 85
MOVE A73 85
MOVE A74 85
MOVE A75 85
MOVE A76 85
MOVE A77 85
MOVE A78 85
MOVE A79 85
MOVE A80 85
MOVE A81 85
MOVE A82 85
MOVE A83 85
MOVE A84 85
MOVE A85 85
MOVE A86 85
MOVE A87 85
MOVE A88 71
MOVE A89 54
MOVE A90 54
MOVE A91 40
MOVE A92 23
MOVE A93 23
MOVE A94 4
MOVE B39 211
MOVE B44 211
MOVE B45 211
MOVE B46 211
MOVE B47 200
MOVE B48 200
MOVE B49 225
MOVE B50 225
MOVE B51 211
MOVE B52 200
MOVE B53 200
MOVE B54 200
MOVE B55 188
MOVE B56 200
MOVE B57 200
DAMAGE TURRET B43 2
DAMAGE COMBAT A18 1
DAMAGE COMBAT B43 1
END TURN 218
TURN 219
COMMAND LEFT START
MOVE A95 122
TRAIN 1
COMMAND LEFT END
COMMAND RIGHT START
MOVE B55 244
MOVE B65 185
TRAIN 2
COMMAND RIGHT END
TURN 219 RESULT
TIME LEFT 0 5 RIGHT 0 5
TRAIN A119 B70 B71
MOVE A10 7
MOVE A71 105
MOVE A72 105
MOVE A73 105
MOVE A74 105
MOVE A75 105
MOVE A76 105
MOVE A77 105
MOVE A78 105
MOVE A79 105
MOVE A80 105
MOVE A81 105
MOVE A82 105
MOVE A83 105
MOVE A84 105
MOVE A85 105
MOVE A86 105
MOVE A87 105
MOVE A88 85
MOVE A89 71
MOVE A90 71
MOVE A91 54
MOVE A92 40
MOVE A93 40
MOVE A94 10
MOVE A95 4
MOVE B39 225
MOVE B44 225
MOVE B45 225
MOVE B46 225
MOVE B47 211
MOVE B48 211
MOVE B49 236
MOVE B50 236
MOVE B51 225
MOVE B52 211
MOVE B53 211
MOVE B54 211
MOVE B55 200
MOVE B56 188
MOVE B57 188
MOVE B65 238
END TURN 219
TURN 220
COMMAND LEFT START
MOVE A96 122
TRAIN 2
COMMAND LEFT END
COMMAND RIGHT START
MOVE B56 244
MOVE B57 244
TRAIN 1
COMMAND RIGHT END
TURN 220 RESULT
TIME LEFT 0 5 RIGHT 0 5
TRAIN A120 A121 B72
MOVE A10 14
MOVE A71 122
MOVE A72 122
MOVE A73 122
MOVE A74 122
MOVE A75 122
MOVE A76 122
MOVE A77 122
MOVE A78 122
MOVE A79 122
MOVE A80 122
MOVE A81 122
MOVE A82 122
MOVE A83 122
MOVE A84 122
MOVE A85 122
MOVE A86 122
MOVE A87 122
MOVE A88 105
MOVE A89 85
MOVE A90 85
MOVE A91 71
MOVE A92 54
MOVE A93 54
MOVE A94 23
MOVE A95 10
MOVE A96 4
MOVE B39 236
MOVE B44 236
MOVE B45 236
MOVE B46 236
MOVE B47 225
MOVE B48 225
MOVE B49 239
MOVE B50 239
MOVE B51 236
MOVE B52 225
MOVE B53 225
MOVE B54 225
MOVE B55 211
MOVE B56 200
MOVE B57 200
MOVE B65 233
END TURN 220
TURN 221
COMMAND LEFT START
MOVE A97 122
TRAIN 2
COMMAND LEFT END
COMMAND RIGHT START
MOVE B39 244
MOVE B44 244
MOVE B45 244
MOVE B46 244
COMMAND RIGHT END
TURN 221 RESULT
TIME LEFT 0 5 RIGHT 0 5
TRAIN A122 A123
MOVE A10 22
MOVE A88 122
MOVE A89 105
MOVE A90 105
MOVE A91 85
MOVE A92 71
MOVE A93 71
MOVE A94 40
MOVE A95 23
MOVE A96 10
MOVE A97 4
MOVE B39 239
MOVE B44 239
MOVE B45 239
MOVE B46 239
MOVE B47 236
MOVE B48 236
MOVE B49 244
MOVE B50 244
MOVE B51 239
MOVE B52 236
MOVE B53 236
MOVE B54 236
MOVE B55 225
MOVE B56 211
MOVE B57 211
MOVE B65 223
END TURN 221
TURN 222
COMMAND LEFT START
MOVE A98 122
MOVE A99 122
TRAIN 1
COMMAND LEFT END
COMMAND RIGHT START
MOVE B47 244
MOVE B48 244
TRAIN 1
COMMAND RIGHT END
TURN 222 RESULT
TIME LEFT 0 5 RIGHT 0 5
TRAIN A124 B73
MOVE A10 32
MOVE A89 122
MOVE A90 122
MOVE A91 105
MOVE A92 85
MOVE A93 85
MOVE A94 54
MOVE A95 40
MOVE A96 23
MOVE A97 10
MOVE A98 4
MOVE A99 4
MOVE B39 244
MOVE B44 244
MOVE B45 244
MOVE B46 244
MOVE B47 239
MOVE B48 239
MOVE B51 244
MOVE B52 239
MOVE B53 239
MOVE B54 239
MOVE B55 236
MOVE B56 225
MOVE B57 225
MOVE B65 213
END TURN 222
TURN 223
COMMAND LEFT START
MOVE A100 122
TRAIN 2
COMMAND LEFT END
COMMAND RIGHT START
MOVE B39 188
MOVE B44 188
MOVE B45 188
MOVE B46 188
MOVE B49 188
MOVE B50 188
MOVE B51 188
MOVE B58 188
MOVE B59 188
MOVE B60 188
MOVE B61 188
MOVE B62 188
MOVE B63 188
MOVE B64 188
MOVE B67 188
MOVE B68 188
MOVE B69 188
MOVE B70 188
MOVE B71 188
MOVE B72 188
MOVE B73 188
COMMAND RIGHT END
TURN 223 RESULT
TIME LEFT 0 5 RIGHT 0 5
TRAIN A125 A126
MOVE A10 41
MOVE A91 122
MOVE A92 105
MOVE A93 105
MOVE A94 71
MOVE A95 54
MOVE A96 40
MOVE A97 23
MOVE A98 10
MOVE A99 10
MOVE A100 4
MOVE B39 239
MOVE B44 239
MOVE B45 239
MOVE B46 239
MOVE B47 244
MOVE B48 244
MOVE B49 239
MOVE B50 239
MOVE B51 239
MOVE B52 244
MOVE B53 244
MOVE B54 244
MOVE B55 239
MOVE B56 236
MOVE B57 236
MOVE B58 239
MOVE B59 239
MOVE B60 239
MOVE B61 239
MOVE B62 239
MOVE B63 239
MOVE B64 239
MOVE B65 210
MOVE B67 239
MOVE B68 239
MOVE B69 239
MOVE B70 239
MOVE B71 239
MOVE B72 239
MOVE B73 239
END TURN 223
TURN 224
COMMAND LEFT START
MOVE A101 122
MOVE A102 122
TRAIN 1
COMMAND LEFT END
COMMAND RIGHT START
COMMAND RIGHT END
TURN 224 RESULT
TIME LEFT 0 5 RIGHT 0 5
TRAIN A127
MOVE A10 52
MOVE A92 122
MOVE A93 122
MOVE A94 85
MOVE A95 71
MOVE A96 54
MOVE A97 40
MOVE A98 23
MOVE A99 23
MOVE A100 10
MOVE A101 4
MOVE A102 4
MOVE B39 236
MOVE B44 236
MOVE B45 236
MOVE B46 236
MOVE B49 236
MOVE B50 236
MOVE B51 236
MOVE B55 244
MOVE B56 239
MOVE B57 239
MOVE B58 236
MOVE B59 236
MOVE B60 236
MOVE B61 236
MOVE B62 236
MOVE B63 236
MOVE B64 236
MOVE B65 198
MOVE B67 236
MOVE B68 236
MOVE B69 236
MOVE B70 236
MOVE B71 236
MOVE B72 236
MOVE B73 236
END TURN 224
TURN 225
COMMAND LEFT START
MOVE A103 122
TRAIN 2
COMMAND LEFT END
COMMAND RIGHT START
TRAIN 1
COMMAND RIGHT END
TURN 225 RESULT
TIME LEFT 0 5 RIGHT 0 5
TRAIN A128 A129 B74
MOVE A10 63
MOVE A94 105
MOVE A95 85
MOVE A96 71
MOVE A97 54
MOVE A98 40
MOVE A99 40
MOVE A100 23
MOVE A101 10
MOVE A102 10
MOVE A103 4
MOVE B39 225
MOVE B44 225
MOVE B45 225
MOVE B46 225
MOVE B49 225
MOVE B50 225
MOVE B51 225
MOVE B56 244
MOVE B57 244
MOVE B58 225
MOVE B59 225
MOVE B60 225
MOVE B61 225
MOVE B62 225
MOVE B63 225
MOVE B64 225
MOVE B65 185
MOVE B67 225
MOVE B68 225
MOVE B69 225
MOVE B70 225
MOVE B71 225
MOVE B72 225
MOVE B73 225
END TURN 225
TURN 226
COMMAND LEFT START
MOVE A104 122
MOVE A105 122
TRAIN 1
COMMAND LEFT END
COMMAND RIGHT START
MOVE B65 45
COMMAND RIGHT END
TURN 226 RESULT
TIME LEFT 0 5 RIGHT 0 5
TRAIN A130
MOVE A10 64
MOVE A94 122
MOVE A95 105
MOVE A96 85
MOVE A97 71
MOVE A98 54
MOVE A99 54
MOVE A100 40
MOVE A101 23
MOVE A102 23
MOVE A103 10
MOVE A104 4
MOVE A105 4
MOVE B39 211
MOVE B44 211
MOVE B45 211
MOVE B46 211
MOVE B49 211
MOVE B50 211
MOVE B51 211
MOVE B58 211
MOVE B59 211
MOVE B60 211
MOVE B61 211
MOVE B62 211
MOVE B63 211
MOVE B64 211
MOVE B65 157
MOVE B67 211
MOVE B68 211
MOVE B69 211
MOVE B70 211
MOVE B71 211
MOVE B72 211
MOVE B73 211
END TURN 226
TURN 227
COMMAND LEFT START
MOVE A106 122
TRAIN 2
COMMAND LEFT END
COMMAND RIGHT START
COMMAND RIGHT END
TURN 227 RESULT
TIME LEFT 0 5 RIGHT 0 5
TRAIN A131 A132
MOVE A10 74
MOVE A95 122
MOVE A96 105
MOVE A97 85
MOVE A98 71
MOVE A99 71
MOVE A100 54
MOVE A101 40
MOVE A102 40
MOVE A103 23
MOVE A104 10
MOVE A105 10
MOVE A106 4
MOVE B39 200
MOVE B44 200
MOVE B45 200
MOVE B46 200
MOVE B49 200
MOVE B50 200
MOVE B51 200
MOVE B58 200
MOVE B59 200
MOVE B60 200
MOVE B61 200
MOVE B62 200
MOVE B63 200
MOVE B64 200
MOVE B65 131
MOVE B67 200
MOVE B68 200
MOVE B69 200
MOVE B70 200
MOVE B71 200
MOVE B72 200
MOVE B73 200
END TURN 227
TURN 228
COMMAND LEFT START
MOVE A107 122
MOVE A108 122
TRAIN 1
COMMAND LEFT END
COMMAND RIGHT START
TRAIN 1
COMMAND RIGHT END
TURN 228 RESULT
TIME LEFT 0 5 RIGHT 0 5
TRAIN A133 B75
MOVE A10 81
MOVE A96 122
MOVE A97 105
MOVE A98 85
MOVE A99 85
MOVE A100 71
MOVE A101 54
MOVE A102 54
MOVE A103 40
MOVE A104 23
MOVE A105 23
MOVE A106 10
MOVE A107 4
MOVE A108 4
MOVE B39 188
MOVE B44 188
MOVE B45 188
MOVE B46 188
MOVE B49 188
MOVE B50 188
MOVE B51 188
MOVE B58 188
MOVE B59 188
MOVE B60 188
MOVE B61 188
MOVE B62 188
MOVE B63 188
MOVE B64 188
MOVE B65 114
MOVE B67 188
MOVE B68 188
MOVE B69 188
MOVE B70 188
MOVE B71 188
MOVE B72 188
MOVE B73 188
END TURN 228
TURN 229
COMMAND LEFT START
TRAIN 2
COMMAND LEFT END
COMMAND RIGHT START
MOVE B39 244
MOVE B44 244
MOVE B45 244
MOVE B46 244
MOVE B49 244
MOVE B50 244
MOVE B51 244
MOVE B58 244
MOVE B59 244
MOVE B60 244
MOVE B61 244
MOVE B62 244
MOVE B63 244
MOVE B64 244
MOVE B67 244
MOVE B68 244
MOVE B69 244
MOVE B70 244
MOVE B71 244
MOVE B72 244
MOVE B73 244
COMMAND RIGHT END
TURN 229 RESULT
TIME LEFT 0 5 RIGHT 0 5
TRAIN A134 A135
MOVE A97 122
MOVE A98 105
MOVE A99 105
MOVE A100 85
MOVE A101 71
MOVE A102 71
MOVE A103 54
MOVE A104 40
MOVE A105 40
MOVE A106 23
MOVE A107 10
MOVE A108 10
MOVE B39 200
MOVE B44 200
MOVE B45 200
MOVE B46 200
MOVE B49 200
MOVE B50 200
MOVE B51 200
MOVE B58 200
MOVE B59 200
MOVE B60 200
MOVE B61 200
MOVE B62 200
MOVE B63 200
MOVE B64 200
MOVE B65 103
MOVE B67 200
MOVE B68 200
MOVE B69 200
MOVE B70 200
MOVE B71 200
MOVE B72 200
MOVE B73 200
END TURN 229
TURN 230
COMMAND LEFT START
MOVE A109 122
MOVE A110 122
TRAIN 1
COMMAND LEFT END
COMMAND RIGHT START
TRAIN 1
COMMAND RIGHT END
TURN 230 RESULT
TIME LEFT 0 5 RIGHT 0 5
TRAIN A136 B76
MOVE A98 122
MOVE A99 122
MOVE A100 105
MOVE A101 85
MOVE A102 85
MOVE A103 71
MOVE A104 54
MOVE A105 54
MOVE A106 40
MOVE A107 23
MOVE A108 23
MOVE A109 4
MOVE A110 4
MOVE B39 211
MOVE B44 211
MOVE B45 211
MOVE B46 211
MOVE B49 211
MOVE B50 211
MOVE B51 211
MOVE B58 211
MOVE B59 211
MOVE B60 211
MOVE B61 211
MOVE B62 211
MOVE B63 211
MOVE B64 211
MOVE B65 81
MOVE B67 211
MOVE B68 211
MOVE B69 211
MOVE B70 211
MOVE B71 211
MOVE B72 211
MOVE B73 211
DAMAGE TURRET B65 2
DAMAGE COMBAT A10 1
DAMAGE COMBAT B65 3
END TURN 230
TURN 231
COMMAND LEFT START
MOVE A111 122
TRAIN 2
COMMAND LEFT END
COMMAND RIGHT START
COMMAND RIGHT END
TURN 231 RESULT
TIME LEFT 0 5 RIGHT 0 5
TRAIN A137 A138
MOVE A100 122
MOVE A101 105
MOVE A102 105
MOVE A103 85
MOVE A104 71
MOVE A105 71
MOVE A106 54
MOVE A107 40
MOVE A108 40
MOVE A109 10
MOVE A110 10
MOVE A111 4
MOVE B39 225
MOVE B44 225
MOVE B45 225
MOVE B46 225
MOVE B49 225
MOVE B50 225
MOVE B51 225
MOVE B58 225
MOVE B59 225
MOVE B60 225
MOVE B61 225
MOVE B62 225
MOVE B63 225
MOVE B64 225
MOVE B67 225
MOVE B68 225
MOVE B69 225
MOVE B70 225
MOVE B71 225
MOVE B72 225
MOVE B73 225
DAMAGE TURRET B65 2
DAMAGE COMBAT A10 1
DAMAGE COMBAT B65 1
END TURN 231
TURN 232
COMMAND LEFT START
MOVE A112 122
MOVE A113 122
TRAIN 1
COMMAND LEFT END
COMMAND RIGHT START
TRAIN 1
COMMAND RIGHT END
TURN 232 RESULT
TIME LEFT 0 5 RIGHT 0 5
TRAIN A139 B77
MOVE A101 122
MOVE A102 122
MOVE A103 105
MOVE A104 85
MOVE A105 85
MOVE A106 71
MOVE A107 54
MOVE A108 54
MOVE A109 23
MOVE A110 23
MOVE A111 10
MOVE A112 4
MOVE A113 4
MOVE B39 236
MOVE B44 236
MOVE B45 236
MOVE B46 236
MOVE B49 236
MOVE B50 236
MOVE B51 236
MOVE B58 236
MOVE B59 236
MOVE B60 236
MOVE B61 236
MOVE B62 236
MOVE B63 236
MOVE B64 236
MOVE B67 236
MOVE B68 236
MOVE B69 236
MOVE B70 236
MOVE B71 236
MOVE B72 236
MOVE B73 236
END TURN 232
TURN 233
COMMAND LEFT START
MOVE A114 122
TRAIN 2
COMMAND LEFT END
COMMAND RIGHT START
TRAIN 1
COMMAND RIGHT END
TURN 233 RESULT
TIME LEFT 0 5 RIGHT 0 5
TRAIN A140 A141 B78
MOVE A103 122
MOVE A104 105
MOVE A105 105
MOVE A106 85
MOVE A107 71
MOVE A108 71
MOVE A109 40
MOVE A110 40
MOVE A111 23
MOVE A112 10
MOVE A113 10
MOVE A114 4
MOVE B39 239
MOVE B44 239
MOVE B45 239
MOVE B46 239
MOVE B49 239
MOVE B50 239
MOVE B51 239
MOVE B58 239
MOVE B59 239
MOVE B60 239
MOVE B61 239
MOVE B62 239
MOVE B63 239
MOVE B64 239
MOVE B67 239
MOVE B68 239
MOVE B69 239
MOVE B70 239
MOVE B71 239
MOVE B72 239
MOVE B73 239
END TURN 233
TURN 234
COMMAND LEFT START
MOVE A115 122
MOVE A116 122
TRAIN 1
COMMAND LEFT END
COMMAND RIGHT START
COMMAND RIGHT END
TURN 234 RESULT
TIME LEFT 0 5 RIGHT 0 5
TRAIN A142
MOVE A104 122
MOVE A105 122
MOVE A106 105
MOVE A107 85
MOVE A108 85
MOVE A109 54
MOVE A110 54
MOVE A111 40
MOVE A112 23
MOVE A113 23
MOVE A114 10
MOVE A115 4
MOVE A116 4
MOVE B39 244
MOVE B44 244
MOVE B45 244
MOVE B46 244
MOVE B49 244
MOVE B50 244
MOVE B51 244
MOVE B58 244
MOVE B59 244
MOVE B60 244
MOVE B61 244
MOVE B62 244
MOVE B63 244
MOVE B64 244
MOVE B67 244
MOVE B68 244
MOVE B69 244
MOVE B70 244
MOVE B71 244
MOVE B72 244
MOVE B73 244
END TURN 234
TURN 235
COMMAND LEFT START
MOVE A117 122
COMMAND LEFT END
COMMAND RIGHT START
MOVE B39 198
MOVE B44 198
MOVE B45 198
MOVE B46 198
MOVE B47 198
MOVE B48 198
MOVE B49 198
MOVE B50 198
MOVE B51 198
MOVE B52 198
MOVE B53 198
MOVE B54 198
MOVE B55 198
MOVE B56 198
MOVE B57 198
MOVE B58 198
MOVE B59 198
MOVE B60 198
MOVE B61 198
MOVE B62 198
MOVE B63 198
MOVE B64 198
MOVE B67 185
MOVE B68 198
MOVE B69 198
MOVE B70 198
MOVE B71 198
MOVE B72 198
MOVE B73 198
MOVE B74 198
MOVE B75 198
MOVE B76 198
MOVE B77 198
MOVE B78 198
COMMAND RIGHT END
TURN 235 RESULT
TIME LEFT 0 5 RIGHT 0 5
MOVE A106 122
MOVE A107 105
MOVE A108 105
MOVE A109 71
MOVE A110 71
MOVE A111 54
MOVE A112 40
MOVE A113 40
MOVE A114 23
MOVE A115 10
MOVE A116 10
MOVE A117 4
MOVE B39 238
MOVE B44 238
MOVE B45 238
MOVE B46 238
MOVE B47 238
MOVE B48 238
MOVE B49 238
MOVE B50 238
MOVE B51 238
MOVE B52 238
MOVE B53 238
MOVE B54 238
MOVE B55 238
MOVE B56 238
MOVE B57 238
MOVE B58 238
MOVE B59 238
MOVE B60 238
MOVE B61 238
MOVE B62 238
MOVE B63 238
MOVE B64 238
MOVE B67 238
MOVE B68 238
MOVE B69 238
MOVE B70 238
MOVE B71 238
MOVE B72 238
MOVE B73 238
MOVE B74 238
MOVE B75 238
MOVE B76 238
MOVE B77 238
MOVE B78 238
END TURN 235
TURN 236
COMMAND LEFT START
TRAIN 3
COMMAND LEFT END
COMMAND RIGHT START
COMMAND RIGHT END
TURN 236 RESULT
TIME LEFT 0 5 RIGHT 0 5
TRAIN A143 A144 A145
MOVE A107 122
MOVE A108 122
MOVE A109 85
MOVE A110 85
MOVE A111 71
MOVE A112 54
MOVE A113 54
MOVE A114 40
MOVE A115 23
MOVE A116 23
MOVE A117 10
MOVE B39 233
MOVE B44 233
MOVE B45 233
MOVE B46 233
MOVE B47 233
MOVE B48 233
MOVE B49 233
MOVE B50 233
MOVE B51 233
MOVE B52 233
MOVE B53 233
MOVE B54 233
MOVE B55 233
MOVE B56 233
MOVE B57 233
MOVE B58 233
MOVE B59 233
MOVE B60 233
MOVE B61 233
MOVE B62 233
MOVE B63 233
MOVE B64 233
MOVE B67 233
MOVE B68 233
MOVE B69 233
MOVE B70 233
MOVE B71 233
MOVE B72 233
MOVE B73 233
MOVE B74 233
MOVE B75 233
MOVE B76 233
MOVE B77 233
MOVE B78 233
END TURN 236
TURN 237
COMMAND LEFT START
MOVE A118 122
MOVE A119 122
MOVE A120 122
TRAIN 1
COMMAND LEFT END
COMMAND RIGHT START
TRAIN 1
COMMAND RIGHT END
TURN 237 RESULT
TIME LEFT 0 5 RIGHT 0 5
TRAIN A146 B79
MOVE A109 105
MOVE A110 105
MOVE A111 85
MOVE A112 71
MOVE A113 71
MOVE A114 54
MOVE A115 40
MOVE A116 40
MOVE A117 23
MOVE A118 4
MOVE A119 4
MOVE A120 4
MOVE B39 223
MOVE B44 223
MOVE B45 223
MOVE B46 223
MOVE B47 223
MOVE B48 223
MOVE B49 223
MOVE B50 223
MOVE B51 223
MOVE B52 223
MOVE B53 223
MOVE B54 223
MOVE B55 223
MOVE B56 223
MOVE B57 223
MOVE B58 223
MOVE B59 223
MOVE B60 223
MOVE B61 223
MOVE B62 223
MOVE B63 223
MOVE B64 223
MOVE B67 223
MOVE B68 223
MOVE B69 223
MOVE B70 223
MOVE B71 223
MOVE B72 223
MOVE B73 223
MOVE B74 223
MOVE B75 223
MOVE B76 223
MOVE B77 223
MOVE B78 223
END TURN 237
TURN 238
COMMAND LEFT START
TRAIN 2
COMMAND LEFT END
COMMAND RIGHT START
COMMAND RIGHT END
TURN 238 RESULT
TIME LEFT 0 5 RIGHT 0 5
TRAIN A147 A148
MOVE A109 122
MOVE A110 122
MOVE A111 105
MOVE A112 85
MOVE A113 85
MOVE A114 71
MOVE A115 54
MOVE A116 54
MOVE A117 40
MOVE A118 10
MOVE A119 10
MOVE A120 10
MOVE B39 213
MOVE B44 213
MOVE B45 213
MOVE B46 213
MOVE B47 213
MOVE B48 213
MOVE B49 213
MOVE B50 213
MOVE B51 213
MOVE B52 213
MOVE B53 213
MOVE B54 213
MOVE B55 213
MOVE B56 213
MOVE B57 213
MOVE B58 213
MOVE B59 213
MOVE B60 213
MOVE B61 213
MOVE B62 213
MOVE B63 213
MOVE B64 213
MOVE B67 213
MOVE B68 213
MOVE B69 213
MOVE B70 213
MOVE B71 213
MOVE B72 213
MOVE B73 213
MOVE B74 213
MOVE B75 213
MOVE B76 213
MOVE B77 213
MOVE B78 213
END TURN 238
TURN 239
COMMAND LEFT START
MOVE A121 122
MOVE A122 122
TRAIN 1
COMMAND LEFT END
COMMAND RIGHT START
COMMAND RIGHT END
TURN 239 RESULT
TIME LEFT 0 5 RIGHT 0 5
TRAIN A149
MOVE A111 122
MOVE A112 105
MOVE A113 105
MOVE A114 85
MOVE A115 71
MOVE A116 71
MOVE A117 54
MOVE A118 23
MOVE A119 23
MOVE A120 23
MOVE A121 4
MOVE A122 4
MOVE B39 210
MOVE B44 210
MOVE B45 210
MOVE B46 210
MOVE B47 210
MOVE B48 210
MOVE B49 210
MOVE B50 210
MOVE B51 210
MOVE B52 210
MOVE B53 210
MOVE B54 210
MOVE B55 210
MOVE B56 210
MOVE B57 210
MOVE B58 210
MOVE B59 210
MOVE B60 210
MOVE B61 210
MOVE B62 210
MOVE B63 210
MOVE B64 210
MOVE B67 210
MOVE B68 210
MOVE B69 210
MOVE B70 210
MOVE B71 210
MOVE B72 210
MOVE B73 210
MOVE B74 210
MOVE B75 210
MOVE B76 210
MOVE B77 210
MOVE B78 210
END TURN 239
TURN 240
COMMAND LEFT START
MOVE A123 122
TRAIN 1
COMMAND LEFT END
COMMAND RIGHT START
TRAIN 1
COMMAND RIGHT END
TURN 240 RESULT
TIME LEFT 0 5 RIGHT 0 5
TRAIN A150 B80
MOVE A112 122
MOVE A113 122
MOVE A114 105
MOVE A115 85
MOVE A116 85
MOVE A117 71
MOVE A118 40
MOVE A119 40
MOVE A120 40
MOVE A121 10
MOVE A122 10
MOVE A123 4
MOVE B39 198
MOVE B44 198
MOVE B45 198
MOVE B46 198
MOVE B47 198
MOVE B48 198
MOVE B49 198
MOVE B50 198
MOVE B51 198
MOVE B52 198
MOVE B53 198
MOVE B54 198
MOVE B55 198
MOVE B56 198
MOVE B57 198
MOVE B58 198
MOVE B59 198
MOVE B60 198
MOVE B61 198
MOVE B62 198
MOVE B63 198
MOVE B64 198
MOVE B67 198
MOVE B68 198
MOVE B69 198
MOVE B70 198
MOVE B71 198
MOVE B72 198
MOVE B73 198
MOVE B74 198
MOVE B75 198
MOVE B76 198
MOVE B77 198
MOVE B78 198
END TURN 240
TURN 241
COMMAND LEFT START
MOVE A124 122
TRAIN 1
COMMAND LEFT END
COMMAND RIGHT START
MOVE B39 244
MOVE B44 244
MOVE B45 244
MOVE B46 244
MOVE B47 244
MOVE B48 244
MOVE B49 244
MOVE B50 244
MOVE B51 244
MOVE B52 244
MOVE B53 244
MOVE B54 244
MOVE B55 244
MOVE B56 244
MOVE B57 244
MOVE B58 244
MOVE B59 244
MOVE B60 244
MOVE B61 244
MOVE B62 244
MOVE B63 244
MOVE B64 244
MOVE B68 244
MOVE B69 244
MOVE B70 244
MOVE B71 244
MOVE B72 244
MOVE B73 244
MOVE B74 244
MOVE B75 244
MOVE B76 244
MOVE B77 244
MOVE B78 244
COMMAND RIGHT END
TURN 241 RESULT
TIME LEFT 0 5 RIGHT 0 5
TRAIN A151
MOVE A114 122
MOVE A115 105
MOVE A116 105
MOVE A117 85
MOVE A118 54
MOVE A119 54
MOVE A120 54
MOVE A121 23
MOVE A122 23
MOVE A123 10
MOVE A124 4
MOVE B39 210
MOVE B44 210
MOVE B45 210
MOVE B46 210
MOVE B47 210
MOVE B48 210
MOVE B49 210
MOVE B50 210
MOVE B51 210
MOVE B52 210
MOVE B53 210
MOVE B54 210
MOVE B55 210
MOVE B56 210
MOVE B57 210
MOVE B58 210
MOVE B59 210
MOVE B60 210
MOVE B61 210
MOVE B62 210
MOVE B63 210
MOVE B64 210
MOVE B67 185
MOVE B68 210
MOVE B69 210
MOVE B70 210
MOVE B71 210
MOVE B72 210
MOVE B73 210
MOVE B74 210
MOVE B75 210
MOVE B76 210
MOVE B77 210
MOVE B78 210
END TURN 241
TURN 242
COMMAND LEFT START
MOVE A125 122
TRAIN 2
COMMAND LEFT END
COMMAND RIGHT START
MOVE B67 45
TRAIN 1
COMMAND RIGHT END
TURN 242 RESULT
TIME LEFT 0 5 RIGHT 0 5
TRAIN A152 A153 B81
MOVE A115 122
MOVE A116 122
MOVE A117 105
MOVE A118 71
MOVE A119 71
MOVE A120 71
MOVE A121 40
MOVE A122 40
MOVE A123 23
MOVE A124 10
MOVE A125 4
MOVE B39 213
MOVE B44 213
MOVE B45 213
MOVE B46 213
MOVE B47 213
MOVE B48 213
MOVE B49 213
MOVE B50 213
MOVE B51 213
MOVE B52 213
MOVE B53 213
MOVE B54 213
MOVE B55 213
MOVE B56 213
MOVE B57 213
MOVE B58 213
MOVE B59 213
MOVE B60 213
MOVE B61 213
MOVE B62 213
MOVE B63 213
MOVE B64 213
MOVE B67 157
MOVE B68 213
MOVE B69 213
MOVE B70 213
MOVE B71 213
MOVE B72 213
MOVE B73 213
MOVE B74 213
MOVE B75 213
MOVE B76 213
MOVE B77 213
MOVE B78 213
END TURN 242
TURN 243
COMMAND LEFT START
MOVE A126 122
MOVE A127 122
TRAIN 1
COMMAND LEFT END
COMMAND RIGHT START
COMMAND RIGHT END
TURN 243 RESULT
TIME LEFT 0 5 RIGHT 0 5
TRAIN A154
MOVE A117 122
MOVE A118 85
MOVE A119 85
MOVE A120 85
MOVE A121 54
MOVE A122 54
MOVE A123 40
MOVE A124 23
MOVE A125 10
MOVE A126 4
MOVE A127 4
MOVE B39 223
MOVE B44 223
MOVE B45 223
MOVE B46 223
MOVE B47 223
MOVE B48 223
MOVE B49 223
MOVE B50 223
MOVE B51 223
MOVE B52 223
MOVE B53 223
MOVE B54 223
MOVE B55 223
MOVE B56 223
MOVE B57 223
MOVE B58 223
MOVE B59 223
MOVE B60 223
MOVE B61 223
MOVE B62 223
MOVE B63 223
MOVE B64 223
MOVE B67 131
MOVE B68 223
MOVE B69 223
MOVE B70 223
MOVE B71 223
MOVE B72 223
MOVE B73 223
MOVE B74 223
MOVE B75 223
MOVE B76 223
MOVE B77 223
MOVE B78 223
END TURN 243
TURN 244
COMMAND LEFT START
MOVE A128 122
TRAIN 1
COMMAND LEFT END
COMMAND RIGHT START
COMMAND RIGHT END
TURN 244 RESULT
TIME LEFT 0 5 RIGHT 0 5
TRAIN A155
MOVE A118 105
MOVE A119 105
MOVE A120 105
MOVE A121 71
MOVE A122 71
MOVE A123 54
MOVE A124 40
MOVE A125 23
MOVE A126 10
MOVE A127 10
MOVE A128 4
MOVE B39 233
MOVE B44 233
MOVE B45 233
MOVE B46 233
MOVE B47 233
MOVE B48 233
MOVE B49 233
MOVE B50 233
MOVE B51 233
MOVE B52 233
MOVE B53 233
MOVE B54 233
MOVE B55 233
MOVE B56 233
MOVE B57 233
MOVE B58 233
MOVE B59 233
MOVE B60 233
MOVE B61 233
MOVE B62 233
MOVE B63 233
MOVE B64 233
MOVE B67 114
MOVE B68 233
MOVE B69 233
MOVE B70 233
MOVE B71 233
MOVE B72 233
MOVE B73 233
MOVE B74 233
MOVE B75 233
MOVE B76 233
MOVE B77 233
MOVE B78 233
END TURN 244
TURN 245
COMMAND LEFT START
MOVE A129 122
TRAIN 1
COMMAND LEFT END
COMMAND RIGHT START
TRAIN 1
COMMAND RIGHT END
TURN 245 RESULT
TIME LEFT 0 5 RIGHT 0 5
TRAIN A156 B82
MOVE A118 122
MOVE A119 122
MOVE A120 122
MOVE A121 85
MOVE A122 85
MOVE A123 71
MOVE A124 54
MOVE A125 40
MOVE A126 23
MOVE A127 23
MOVE A128 10
MOVE A129 4
MOVE B39 238
MOVE B44 238
MOVE B45 238
MOVE B46 238
MOVE B47 238
MOVE B48 238
MOVE B49 238
MOVE B50 238
MOVE B51 238
MOVE B52 238
MOVE B53 238
MOVE B54 238
MOVE B55 238
MOVE B56 238
MOVE B57 238
MOVE B58 238
MOVE B59 238
MOVE B60 238
MOVE B61 238
MOVE B62 238
MOVE B63 238
MOVE B64 238
MOVE B67 103
MOVE B68 238
MOVE B69 238
MOVE B70 238
MOVE B71 238
MOVE B72 238
MOVE B73 238
MOVE B74 238
MOVE B75 238
MOVE B76 238
MOVE B77 238
MOVE B78 238
END TURN 245
TURN 246
COMMAND LEFT START
TRAIN 1
COMMAND LEFT END
COMMAND RIGHT START
COMMAND RIGHT END
TURN 246 RESULT
TIME LEFT 0 5 RIGHT 0 5
TRAIN A157
MOVE A121 105
MOVE A122 105
MOVE A123 85
MOVE A124 71
MOVE A125 54
MOVE A126 40
MOVE A127 40
MOVE A128 23
MOVE A129 10
MOVE B39 244
MOVE B44 244
MOVE B45 244
MOVE B46 244
MOVE B47 244
MOVE B48 244
MOVE B49 244
MOVE B50 244
MOVE B51 244
MOVE B52 244
MOVE B53 244
MOVE B54 244
MOVE B55 244
MOVE B56 244
MOVE B57 244
MOVE B58 244
MOVE B59 244
MOVE B60 244
MOVE B61 244
MOVE B62 244
MOVE B63 244
MOVE B64 244
MOVE B67 81
MOVE B68 244
MOVE B69 244
MOVE B70 244
MOVE B71 244
MOVE B72 244
MOVE B73 244
MOVE B74 244
MOVE B75 244
MOVE B76 244
MOVE B77 244
MOVE B78 244
DAMAGE TURRET B67 2
DAMAGE COMBAT A10 1
DAMAGE COMBAT B67 3
END TURN 246
TURN 247
COMMAND LEFT START
MOVE A130 122
COMMAND LEFT END
COMMAND RIGHT START
MOVE B39 184
MOVE B44 184
MOVE B45 184
MOVE B46 184
MOVE B47 184
MOVE B48 184
MOVE B49 184
MOVE B50 184
MOVE B51 184
MOVE B52 184
MOVE B53 184
MOVE B54 184
MOVE B55 184
MOVE B56 184
MOVE B57 184
MOVE B58 184
MOVE B59 184
MOVE B60 184
MOVE B61 184
MOVE B62 184
MOVE B63 184
MOVE B64 184
MOVE B68 184
MOVE B69 184
MOVE B70 184
MOVE B71 184
MOVE B72 184
MOVE B73 184
MOVE B74 184
MOVE B75 184
MOVE B76 184
MOVE B77 184
MOVE B78 184
MOVE B79 184
MOVE B80 184
MOVE B81 184
MOVE B82 184
TRAIN 1
COMMAND RIGHT END
TURN 247 RESULT
TIME LEFT 0 5 RIGHT 0 5
TRAIN B83
MOVE A121 122
MOVE A122 122
MOVE A123 105
MOVE A124 85
MOVE A125 71
MOVE A126 54
MOVE A127 54
MOVE A128 40
MOVE A129 23
MOVE A130 4
MOVE B39 240
MOVE B44 240
MOVE B45 240
MOVE B46 240
MOVE B47 240
MOVE B48 240
MOVE B49 240
MOVE B50 240
MOVE B51 240
MOVE B52 240
MOVE B53 240
MOVE B54 240
MOVE B55 240
MOVE B56 240
MOVE B57 240
MOVE B58 240
MOVE B59 240
MOVE B60 240
MOVE B61 240
MOVE B62 240
MOVE B63 240
MOVE B64 240
MOVE B68 240
MOVE B69 240
MOVE B70 240
MOVE B71 240
MOVE B72 240
MOVE B73 240
MOVE B74 240
MOVE B75 240
MOVE B76 240
MOVE B77 240
MOVE B78 240
MOVE B79 240
MOVE B80 240
MOVE B81 240
MOVE B82 240
DAMAGE TURRET B67 2
DAMAGE COMBAT A10 1
DAMAGE COMBAT B67 1
END TURN 247
TURN 248
COMMAND LEFT START
MOVE A19 81
COMMAND LEFT END
COMMAND RIGHT START
MOVE B83 185
COMMAND RIGHT END
TURN 248 RESULT
TIME LEFT 0 5 RIGHT 0 5
MOVE A19 4
MOVE A123 122
MOVE A124 105
MOVE A125 85
MOVE A126 71
MOVE A127 71
MOVE A128 54
MOVE A129 40
MOVE A130 10
MOVE B39 237
MOVE B44 237
MOVE B45 237
MOVE B46 237
MOVE B47 237
MOVE B48 237
MOVE B49 237
MOVE B50 237
MOVE B51 237
MOVE B52 237
MOVE B53 237
MOVE B54 237
MOVE B55 237
MOVE B56 237
MOVE B57 237
MOVE B58 237
MOVE B59 237
MOVE B60 237
MOVE B61 237
MOVE B62 237
MOVE B63 237
MOVE B64 237
MOVE B68 237
MOVE B69 237
MOVE B70 237
MOVE B71 237
MOVE B72 237
MOVE B73 237
MOVE B74 237
MOVE B75 237
MOVE B76 237
MOVE B77 237
MOVE B78 237
MOVE B79 237
MOVE B80 237
MOVE B81 237
MOVE B82 237
MOVE B83 238
END TURN 248
TURN 249
COMMAND LEFT START
COMMAND LEFT END
COMMAND RIGHT START
TRAIN 1
COMMAND RIGHT END
TURN 249 RESULT
TIME LEFT 0 5 RIGHT 0 5
TRAIN B84
MOVE A19 7
MOVE A124 122
MOVE A125 105
MOVE A126 85
MOVE A127 85
MOVE A128 71
MOVE A129 54
MOVE A130 23
MOVE B39 230
MOVE B44 230
MOVE B45 230
MOVE B46 230
MOVE B47 230
MOVE B48 230
MOVE B49 230
MOVE B50 230
MOVE B51 230
MOVE B52 230
MOVE B53 230
MOVE B54 230
MOVE B55 230
MOVE B56 230
MOVE B57 230
MOVE B58 230
MOVE B59 230
MOVE B60 230
MOVE B61 230
MOVE B62 230
MOVE B63 230
MOVE B64 230
MOVE B68 230
MOVE B69 230
MOVE B70 230
MOVE B71 230
MOVE B72 230
MOVE B73 230
MOVE B74 230
MOVE B75 230
MOVE B76 230
MOVE B77 230
MOVE B78 230
MOVE B79 230
MOVE B80 230
MOVE B81 230
MOVE B82 230
MOVE B83 233
END TURN 249
TURN 250
COMMAND LEFT START
UPGRADE 203
COMMAND LEFT END
COMMAND RIGHT START
COMMAND RIGHT END
TURN 250 RESULT
TIME LEFT 0 5 RIGHT 0 5
UPGRADE A 203
MOVE A19 14
MOVE A125 122
MOVE A126 105
MOVE A127 105
MOVE A128 85
MOVE A129 71
MOVE A130 40
MOVE B39 226
MOVE B44 226
MOVE B45 226
MOVE B46 226
MOVE B47 226
MOVE B48 226
MOVE B49 226
MOVE B50 226
MOVE B51 226
MOVE B52 226
MOVE B53 226
MOVE B54 226
MOVE B55 226
MOVE B56 226
MOVE B57 226
MOVE B58 226
MOVE B59 226
MOVE B60 226
MOVE B61 226
MOVE B62 226
MOVE B63 226
MOVE B64 226
MOVE B68 226
MOVE B69 226
MOVE B70 226
MOVE B71 226
MOVE B72 226
MOVE B73 226
MOVE B74 226
MOVE B75 226
MOVE B76 226
MOVE B77 226
MOVE B78 226
MOVE B79 226
MOVE B80 226
MOVE B81 226
MOVE B82 226
MOVE B83 223
END TURN 250
TURN 251
COMMAND LEFT START
COMMAND LEFT END
COMMAND RIGHT START
TRAIN 1
COMMAND RIGHT END
TURN 251 RESULT
TIME LEFT 0 5 RIGHT 0 5
TRAIN B85
MOVE A19 22
MOVE A126 122
MOVE A127 122
MOVE A128 105
MOVE A129 85
MOVE A130 54
MOVE B39 224
MOVE B44 224
MOVE B45 224
MOVE B46 224
MOVE B47 224
MOVE B48 224
MOVE B49 224
MOVE B50 224
MOVE B51 224
MOVE B52 224
MOVE B53 224
MOVE B54 224
MOVE B55 224
MOVE B56 224
MOVE B57 224
MOVE B58 224
MOVE B59 224
MOVE B60 224
MOVE B61 224
MOVE B62 224
MOVE B63 224
MOVE B64 224
MOVE B68 224
MOVE B69 224
MOVE B70 224
MOVE B71 224
MOVE B72 224
MOVE B73 224
MOVE B74 224
MOVE B75 224
MOVE B76 224
MOVE B77 224
MOVE B78 224
MOVE B79 224
MOVE B80 224
MOVE B81 224
MOVE B82 224
MOVE B83 213
END TURN 251
TURN 252
COMMAND LEFT START
MOVE A44 0
MOVE A45 0
MOVE A46 0
MOVE A47 0
MOVE A48 0
MOVE A49 0
MOVE A50 0
MOVE A51 0
MOVE A52 0
MOVE A53 0
MOVE A54 0
MOVE A55 0
MOVE A56 0
MOVE A57 0
MOVE A58 0
MOVE A59 0
MOVE A60 0
MOVE A61 0
MOVE A62 0
MOVE A63 0
MOVE A64 0
MOVE A65 0
MOVE A66 0
MOVE A67 0
MOVE A68 0
MOVE A69 0
MOVE A70 0
COMMAND LEFT END
COMMAND RIGHT START
COMMAND RIGHT END
TURN 252 RESULT
TIME LEFT 0 5 RIGHT 0 5
MOVE A19 32
MOVE A44 191
MOVE A45 191
MOVE A46 191
MOVE A47 191
MOVE A48 191
MOVE A49 191
MOVE A50 191
MOVE A51 191
MOVE A52 191
MOVE A53 191
MOVE A54 191
MOVE A55 191
MOVE A56 191
MOVE A57 191
MOVE A58 191
MOVE A59 191
MOVE A60 191
MOVE A61 191
MOVE A62 191
MOVE A63 191
MOVE A64 191
MOVE A65 191
MOVE A66 191
MOVE A67 191
MOVE A68 191
MOVE A69 191
MOVE A70 191
MOVE A128 122
MOVE A129 105
MOVE A130 71
MOVE B39 216
MOVE B44 216
MOVE B45 216
MOVE B46 216
MOVE B47 216
MOVE B48 216
MOVE B49 216
MOVE B50 216
MOVE B51 216
MOVE B52 216
MOVE B53 216
MOVE B54 216
MOVE B55 216
MOVE B56 216
MOVE B57 216
MOVE B58 216
MOVE B59 216
MOVE B60 216
MOVE B61 216
MOVE B62 216
MOVE B63 216
MOVE B64 216
MOVE B68 216
MOVE B69 216
MOVE B70 216
MOVE B71 216
MOVE B72 216
MOVE B73 216
MOVE B74 216
MOVE B75 216
MOVE B76 216
MOVE B77 216
MOVE B78 216
MOVE B79 216
MOVE B80 216
MOVE B81 216
MOVE B82 216
MOVE B83 210
END TURN 252
TURN 253
COMMAND LEFT START
MOVE A35 203
COMMAND LEFT END
COMMAND RIGHT START
MOVE B66 203
MOVE B84 203
MOVE B85 203
COMMAND RIGHT END
TURN 253 RESULT
TIME LEFT 0 5 RIGHT 0 5
MOVE A19 41
MOVE A35 6
MOVE A44 182
MOVE A45 182
MOVE A46 182
MOVE A47 182
MOVE A48 182
MOVE A49 182
MOVE A50 182
MOVE A51 182
MOVE A52 182
MOVE A53 182
MOVE A54 182
MOVE A55 182
MOVE A56 182
MOVE A57 182
MOVE A58 182
MOVE A59 182
MOVE A60 182
MOVE A61 182
MOVE A62 182
MOVE A63 182
MOVE A64 182
MOVE A65 182
MOVE A66 182
MOVE A67 182
MOVE A68 182
MOVE A69 182
MOVE A70 182
MOVE A129 122
MOVE A130 85
MOVE B39 201
MOVE B44 201
MOVE B45 201
MOVE B46 201
MOVE B47 201
MOVE B48 201
MOVE B49 201
MOVE B50 201
MOVE B51 201
MOVE B52 201
MOVE B53 201
MOVE B54 201
MOVE B55 201
MOVE B56 201
MOVE B57 201
MOVE B58 201
MOVE B59 201
MOVE B60 201
MOVE B61 201
MOVE B62 201
MOVE B63 201
MOVE B64 201
MOVE B66 240
MOVE B68 201
MOVE B69 201
MOVE B70 201
MOVE B71 201
MOVE B72 201
MOVE B73 201
MOVE B74 201
MOVE B75 201
MOVE B76 201
MOVE B77 201
MOVE B78 201
MOVE B79 201
MOVE B80 201
MOVE B81 201
MOVE B82 201
MOVE B83 198
MOVE B84 240
MOVE B85 240
END TURN 253
TURN 254
COMMAND LEFT START
COMMAND LEFT END
COMMAND RIGHT START
TRAIN 1
COMMAND RIGHT END
TURN 254 RESULT
TIME LEFT 0 5 RIGHT 0 5
TRAIN B86
MOVE A19 52
MOVE A35 11
MOVE A44 166
MOVE A45 166
MOVE A46 166
MOVE A47 166
MOVE A48 166
MOVE A49 166
MOVE A50 166
MOVE A51 166
MOVE A52 166
MOVE A53 166
MOVE A54 166
MOVE A55 166
MOVE A56 166
MOVE A57 166
MOVE A58 166
MOVE A59 166
MOVE A60 166
MOVE A61 166
MOVE A62 166
MOVE A63 166
MOVE A64 166
MOVE A65 166
MOVE A66 166
MOVE A67 166
MOVE A68 166
MOVE A69 166
MOVE A70 166
MOVE A130 105
MOVE B39 196
MOVE B44 196
MOVE B45 196
MOVE B46 196
MOVE B47 196
MOVE B48 196
MOVE B49 196
MOVE B50 196
MOVE B51 196
MOVE B52 196
MOVE B53 196
MOVE B54 196
MOVE B55 196
MOVE B56 196
MOVE B57 196
MOVE B58 196
MOVE B59 196
MOVE B60 196
MOVE B61 196
MOVE B62 196
MOVE B63 196
MOVE B64 196
MOVE B66 237
MOVE B68 196
MOVE B69 196
MOVE B70 196
MOVE B71 196
MOVE B72 196
MOVE B73 196
MOVE B74 196
MOVE B75 196
MOVE B76 196
MOVE B77 196
MOVE B78 196
MOVE B79 196
MOVE B80 196
MOVE B81 196
MOVE B82 196
MOVE B83 185
MOVE B84 237
MOVE B85 237
END TURN 254
TURN 255
COMMAND LEFT START
COMMAND LEFT END
COMMAND RIGHT START
MOVE B83 45
MOVE B86 203
COMMAND RIGHT END
TURN 255 RESULT
TIME LEFT 0 5 RIGHT 0 5
MOVE A19 63
MOVE A35 21
MOVE A44 149
MOVE A45 149
MOVE A46 149
MOVE A47 149
MOVE A48 149
MOVE A49 149
MOVE A50 149
MOVE A51 149
MOVE A52 149
MOVE A53 149
MOVE A54 149
MOVE A55 149
MOVE A56 149
MOVE A57 149
MOVE A58 149
MOVE A59 149
MOVE A60 149
MOVE A61 149
MOVE A62 149
MOVE A63 149
MOVE A64 149
MOVE A65 149
MOVE A66 149
MOVE A67 149
MOVE A68 149
MOVE A69 149
MOVE A70 149
MOVE A130 122
MOVE B39 184
MOVE B44 184
MOVE B45 184
MOVE B46 184
MOVE B47 184
MOVE B48 184
MOVE B49 184
MOVE B50 184
MOVE B51 184
MOVE B52 184
MOVE B53 184
MOVE B54 184
MOVE B55 184
MOVE B56 184
MOVE B57 184
MOVE B58 184
MOVE B59 184
MOVE B60 184
MOVE B61 184
MOVE B62 184
MOVE B63 184
MOVE B64 184
MOVE B66 230
MOVE B68 184
MOVE B69 184
MOVE B70 184
MOVE B71 184
MOVE B72 184
MOVE B73 184
MOVE B74 184
MOVE B75 184
MOVE B76 184
MOVE B77 184
MOVE B78 184
MOVE B79 184
MOVE B80 184
MOVE B81 184
MOVE B82 184
MOVE B83 157
MOVE B84 230
MOVE B85 230
MOVE B86 240
END TURN 255
TURN 256
COMMAND LEFT START
COMMAND LEFT END
COMMAND RIGHT START
MOVE B39 203
MOVE B44 203
MOVE B45 203
MOVE B46 203
MOVE B47 203
MOVE B48 203
MOVE B49 203
MOVE B50 203
MOVE B51 203
MOVE B52 203
MOVE B53 203
MOVE B54 203
MOVE B55 203
MOVE B56 203
MOVE B57 203
MOVE B58 203
MOVE B59 203
MOVE B60 203
MOVE B61 203
MOVE B62 203
MOVE B63 203
MOVE B64 203
MOVE B68 203
MOVE B69 203
MOVE B70 203
MOVE B71 203
MOVE B72 203
MOVE B73 203
MOVE B74 203
MOVE B75 203
MOVE B76 203
MOVE B77 203
MOVE B78 203
MOVE B79 203
MOVE B80 203
MOVE B81 203
MOVE B82 203
TRAIN 1
COMMAND RIGHT END
TURN 256 RESULT
TIME LEFT 0 5 RIGHT 0 5
TRAIN B87
MOVE A19 64
MOVE A35 39
MOVE A44 135
MOVE A45 135
MOVE A46 135
MOVE A47 135
MOVE A48 135
MOVE A49 135
MOVE A50 135
MOVE A51 135
MOVE A52 135
MOVE A53 135
MOVE A54 135
MOVE A55 135
MOVE A56 135
MOVE A57 135
MOVE A58 135
MOVE A59 135
MOVE A60 135
MOVE A61 135
MOVE A62 135
MOVE A63 135
MOVE A64 135
MOVE A65 135
MOVE A66 135
MOVE A67 135
MOVE A68 135
MOVE A69 135
MOVE A70 135
MOVE B39 196
MOVE B44 196
MOVE B45 196
MOVE B46 196
MOVE B47 196
MOVE B48 196
MOVE B49 196
MOVE B50 196
MOVE B51 196
MOVE B52 196
MOVE B53 196
MOVE B54 196
MOVE B55 196
MOVE B56 196
MOVE B57 196
MOVE B58 196
MOVE B59 196
MOVE B60 196
MOVE B61 196
MOVE B62 196
MOVE B63 196
MOVE B64 196
MOVE B66 222
MOVE B68 196
MOVE B69 196
MOVE B70 196
MOVE B71 196
MOVE B72 196
MOVE B73 196
MOVE B74 196
MOVE B75 196
MOVE B76 196
MOVE B77 196
MOVE B78 196
MOVE B79 196
MOVE B80 196
MOVE B81 196
MOVE B82 196
MOVE B83 131
MOVE B84 222
MOVE B85 222
MOVE B86 237
END TURN 256
TURN 257
COMMAND LEFT START
COMMAND LEFT END
COMMAND RIGHT START
MOVE B87 203
COMMAND RIGHT END
TURN 257 RESULT
TIME LEFT 0 5 RIGHT 0 5
MOVE A19 74
MOVE A35 49
MOVE A44 118
MOVE A45 118
MOVE A46 118
MOVE A47 118
MOVE A48 118
MOVE A49 118
MOVE A50 118
MOVE A51 118
MOVE A52 118
MOVE A53 118
MOVE A54 118
MOVE A55 118
MOVE A56 118
MOVE A57 118
MOVE A58 118
MOVE A59 118
MOVE A60 118
MOVE A61 118
MOVE A62 118
MOVE A63 118
MOVE A64 118
MOVE A65 118
MOVE A66 118
MOVE A67 118
MOVE A68 118
MOVE A69 118
MOVE A70 118
MOVE B39 201
MOVE B44 201
MOVE B45 201
MOVE B46 201
MOVE B47 201
MOVE B48 201
MOVE B49 201
MOVE B50 201
MOVE B51 201
MOVE B52 201
MOVE B53 201
MOVE B54 201
MOVE B55 201
MOVE B56 201
MOVE B57 201
MOVE B58 201
MOVE B59 201
MOVE B60 201
MOVE B61 201
MOVE B62 201
MOVE B63 201
MOVE B64 201
MOVE B66 212
MOVE B68 201
MOVE B69 201
MOVE B70 201
MOVE B71 201
MOVE B72 201
MOVE B73 201
MOVE B74 201
MOVE B75 201
MOVE B76 201
MOVE B77 201
MOVE B78 201
MOVE B79 201
MOVE B80 201
MOVE B81 201
MOVE B82 201
MOVE B83 114
MOVE B84 212
MOVE B85 212
MOVE B86 230
MOVE B87 240
END TURN 257
TURN 258
COMMAND LEFT START
COMMAND LEFT END
COMMAND RIGHT START
COMMAND RIGHT END
TURN 258 RESULT
TIME LEFT 0 5 RIGHT 0 5
MOVE A19 81
MOVE A35 66
MOVE A44 100
MOVE A45 100
MOVE A46 100
MOVE A47 100
MOVE A48 100
MOVE A49 100
MOVE A50 100
MOVE A51 100
MOVE A52 100
MOVE A53 100
MOVE A54 100
MOVE A55 100
MOVE A56 100
MOVE A57 100
MOVE A58 100
MOVE A59 100
MOVE A60 100
MOVE A61 100
MOVE A62 100
MOVE A63 100
MOVE A64 100
MOVE A65 100
MOVE A66 100
MOVE A67 100
MOVE A68 100
MOVE A69 100
MOVE A70 100
MOVE B39 203
MOVE B44 203
MOVE B45 203
MOVE B46 203
MOVE B47 203
MOVE B48 203
MOVE B49 203
MOVE B50 203
MOVE B51 203
MOVE B52 203
MOVE B53 203
MOVE B54 203
MOVE B55 203
MOVE B56 203
MOVE B57 203
MOVE B58 203
MOVE B59 203
MOVE B60 203
MOVE B61 203
MOVE B62 203
MOVE B63 203
MOVE B64 203
MOVE B66 203
MOVE B68 203
MOVE B69 203
MOVE B70 203
MOVE B71 203
MOVE B72 203
MOVE B73 203
MOVE B74 203
MOVE B75 203
MOVE B76 203
MOVE B77 203
MOVE B78 203
MOVE B79 203
MOVE B80 203
MOVE B81 203
MOVE B82 203
MOVE B83 103
MOVE B84 203
MOVE B85 203
MOVE B86 222
MOVE B87 237
DAMAGE TURRET B39 1
SIEGE A 203 6
END TURN 258
TURN 259
COMMAND LEFT START
TRAIN 3
COMMAND LEFT END
COMMAND RIGHT START
MOVE B39 124
MOVE B44 124
MOVE B45 124
MOVE B46 124
MOVE B47 124
MOVE B48 124
MOVE B49 124
MOVE B50 124
MOVE B51 124
MOVE B52 124
MOVE B53 124
MOVE B54 124
MOVE B55 124
MOVE B56 124
MOVE B57 124
MOVE B58 124
MOVE B59 124
MOVE B60 124
MOVE B61 124
MOVE B62 124
MOVE B63 124
MOVE B64 124
MOVE B66 124
MOVE B68 124
MOVE B69 124
MOVE B70 124
MOVE B71 124
MOVE B72 124
MOVE B73 124
MOVE B74 124
MOVE B75 124
MOVE B76 124
MOVE B77 124
MOVE B78 124
MOVE B79 124
MOVE B80 124
MOVE B81 124
MOVE B82 124
MOVE B84 124
MOVE B85 124
UPGRADE 203
COMMAND RIGHT END
TURN 259 RESULT
TIME LEFT 0 5 RIGHT 0 5
UPGRADE B 203
TRAIN A158 A159 A160
MOVE A35 82
MOVE A44 82
MOVE A45 82
MOVE A46 82
MOVE A47 82
MOVE A48 82
MOVE A49 82
MOVE A50 82
MOVE A51 82
MOVE A52 82
MOVE A53 82
MOVE A54 82
MOVE A55 82
MOVE A56 82
MOVE A57 82
MOVE A58 82
MOVE A59 82
MOVE A60 82
MOVE A61 82
MOVE A62 82
MOVE A63 82
MOVE A64 82
MOVE A65 82
MOVE A66 82
MOVE A67 82
MOVE A68 82
MOVE A69 82
MOVE A70 82
MOVE B39 192
MOVE B44 192
MOVE B45 192
MOVE B46 192
MOVE B47 192
MOVE B48 192
MOVE B49 192
MOVE B50 192
MOVE B51 192
MOVE B52 192
MOVE B53 192
MOVE B54 192
MOVE B55 192
MOVE B56 192
MOVE B57 192
MOVE B58 192
MOVE B59 192
MOVE B60 192
MOVE B61 192
MOVE B62 192
MOVE B63 192
MOVE B64 192
MOVE B66 192
MOVE B68 192
MOVE B69 192
MOVE B70 192
MOVE B71 192
MOVE B72 192
MOVE B73 192
MOVE B74 192
MOVE B75 192
MOVE B76 192
MOVE B77 192
MOVE B78 192
MOVE B79 192
MOVE B80 192
MOVE B81 192
MOVE B82 192
MOVE B83 81
MOVE B84 192
MOVE B85 192
MOVE B86 212
MOVE B87 230
DAMAGE TURRET B83 2
DAMAGE COMBAT A18 1
DAMAGE COMBAT B83 3
END TURN 259
TURN 260
COMMAND LEFT START
TRAIN 1
COMMAND LEFT END
COMMAND RIGHT START
TRAIN 1
COMMAND RIGHT END
TURN 260 RESULT
TIME LEFT 0 5 RIGHT 0 5
TRAIN A161 B88
MOVE A35 100
MOVE A44 66
MOVE A45 66
MOVE A46 66
MOVE A47 66
MOVE A48 66
MOVE A49 66
MOVE A50 66
MOVE A51 66
MOVE A52 66
MOVE A53 66
MOVE A54 66
MOVE A55 66
MOVE A56 66
MOVE A57 66
MOVE A58 66
MOVE A59 66
MOVE A60 66
MOVE A61 66
MOVE A62 66
MOVE A63 66
MOVE A64 66
MOVE A65 66
MOVE A66 66
MOVE A67 66
MOVE A68 66
MOVE A69 66
MOVE A70 66
MOVE B39 181
MOVE B44 181
MOVE B45 181
MOVE B46 181
MOVE B47 181
MOVE B48 181
MOVE B49 181
MOVE B50 181
MOVE B51 181
MOVE B52 181
MOVE B53 181
MOVE B54 181
MOVE B55 181
MOVE B56 181
MOVE B57 181
MOVE B58 181
MOVE B59 181
MOVE B60 181
MOVE B61 181
MOVE B62 181
MOVE B63 181
MOVE B64 181
MOVE B66 181
MOVE B68 181
MOVE B69 181
MOVE B70 181
MOVE B71 181
MOVE B72 181
MOVE B73 181
MOVE B74 181
MOVE B75 181
MOVE B76 181
MOVE B77 181
MOVE B78 181
MOVE B79 181
MOVE B80 181
MOVE B81 181
MOVE B82 181
MOVE B84 181
MOVE B85 181
MOVE B86 203
MOVE B87 222
DAMAGE TURRET B83 2
DAMAGE COMBAT A18 1
DAMAGE COMBAT B83 1
END TURN 260
TURN 261
COMMAND LEFT START
MOVE A131 122
COMMAND LEFT END
COMMAND RIGHT START
MOVE B86 124
MOVE B88 185
UPGRADE 203
TRAIN 2
COMMAND RIGHT END
TURN 261 RESULT
TIME LEFT 0 5 RIGHT 0 5
UPGRADE B 203
TRAIN B89 B90
MOVE A35 118
MOVE A44 49
MOVE A45 49
MOVE A46 49
MOVE A47 49
MOVE A48 49
MOVE A49 49
MOVE A50 49
MOVE A51 49
MOVE A52 49
MOVE A53 49
MOVE A54 49
MOVE A55 49
MOVE A56 49
MOVE A57 49
MOVE A58 49
MOVE A59 49
MOVE A60 49
MOVE A61 49
MOVE A62 49
MOVE A63 49
MOVE A64 49
MOVE A65 49
MOVE A66 49
MOVE A67 49
MOVE A68 49
MOVE A69 49
MOVE A70 49
MOVE A131 4
MOVE B39 164
MOVE B44 164
MOVE B45 164
MOVE B46 164
MOVE B47 164
MOVE B48 164
MOVE B49 164
MOVE B50 164
MOVE B51 164
MOVE B52 164
MOVE B53 164
MOVE B54 164
MOVE B55 164
MOVE B56 164
MOVE B57 164
MOVE B58 164
MOVE B59 164
MOVE B60 164
MOVE B61 164
MOVE B62 164
MOVE B63 164
MOVE B64 164
MOVE B66 164
MOVE B68 164
MOVE B69 164
MOVE B70 164
MOVE B71 164
MOVE B72 164
MOVE B73 164
MOVE B74 164
MOVE B75 164
MOVE B76 164
MOVE B77 164
MOVE B78 164
MOVE B79 164
MOVE B80 164
MOVE B81 164
MOVE B82 164
MOVE B84 164
MOVE B85 164
MOVE B86 192
MOVE B87 212
MOVE B88 238
END TURN 261
TURN 262
COMMAND LEFT START
COMMAND LEFT END
COMMAND RIGHT START
MOVE B89 203
MOVE B90 184
COMMAND RIGHT END
TURN 262 RESULT
TIME LEFT 0 5 RIGHT 0 5
MOVE A35 135
MOVE A44 39
MOVE A45 39
MOVE A46 39
MOVE A47 39
MOVE A48 39
MOVE A49 39
MOVE A50 39
MOVE A51 39
MOVE A52 39
MOVE A53 39
MOVE A54 39
MOVE A55 39
MOVE A56 39
MOVE A57 39
MOVE A58 39
MOVE A59 39
MOVE A60 39
MOVE A61 39
MOVE A62 39
MOVE A63 39
MOVE A64 39
MOVE A65 39
MOVE A66 39
MOVE A67 39
MOVE A68 39
MOVE A69 39
MOVE A70 39
MOVE A131 10
MOVE B39 143
MOVE B44 143
MOVE B45 143
MOVE B46 143
MOVE B47 143
MOVE B48 143
MOVE B49 143
MOVE B50 143
MOVE B51 143
MOVE B52 143
MOVE B53 143
MOVE B54 143
MOVE B55 143
MOVE B56 143
MOVE B57 143
MOVE B58 143
MOVE B59 143
MOVE B60 143
MOVE B61 143
MOVE B62 143
MOVE B63 143
MOVE B64 143
MOVE B66 143
MOVE B68 143
MOVE B69 143
MOVE B70 143
MOVE B71 143
MOVE B72 143
MOVE B73 143
MOVE B74 143
MOVE B75 143
MOVE B76 143
MOVE B77 143
MOVE B78 143
MOVE B79 143
MOVE B80 143
MOVE B81 143
MOVE B82 143
MOVE B84 143
MOVE B85 143
MOVE B86 181
MOVE B87 203
MOVE B88 233
MOVE B89 240
MOVE B90 240
END TURN 262
TURN 263
COMMAND LEFT START
COMMAND LEFT END
COMMAND RIGHT START
UPGRADE 203
TRAIN 1
COMMAND RIGHT END
TURN 263 RESULT
TIME LEFT 0 5 RIGHT 0 5
UPGRADE B 203
TRAIN B91
MOVE A35 149
MOVE A44 21
MOVE A45 21
MOVE A46 21
MOVE A47 21
MOVE A48 21
MOVE A49 21
MOVE A50 21
MOVE A51 21
MOVE A52 21
MOVE A53 21
MOVE A54 21
MOVE A55 21
MOVE A56 21
MOVE A57 21
MOVE A58 21
MOVE A59 21
MOVE A60 21
MOVE A61 21
MOVE A62 21
MOVE A63 21
MOVE A64 21
MOVE A65 21
MOVE A66 21
MOVE A67 21
MOVE A68 21
MOVE A69 21
MOVE A70 21
MOVE A131 23
MOVE B39 124
MOVE B44 124
MOVE B45 124
MOVE B46 124
MOVE B47 124
MOVE B48 124
MOVE B49 124
MOVE B50 124
MOVE B51 124
MOVE B52 124
MOVE B53 124
MOVE B54 124
MOVE B55 124
MOVE B56 124
MOVE B57 124
MOVE B58 124
MOVE B59 124
MOVE B60 124
MOVE B61 124
MOVE B62 124
MOVE B63 124
MOVE B64 124
MOVE B66 124
MOVE B68 124
MOVE B69 124
MOVE B70 124
MOVE B71 124
MOVE B72 124
MOVE B73 124
MOVE B74 124
MOVE B75 124
MOVE B76 124
MOVE B77 124
MOVE B78 124
MOVE B79 124
MOVE B80 124
MOVE B81 124
MOVE B82 124
MOVE B84 124
MOVE B85 124
MOVE B86 164
MOVE B88 223
MOVE B89 237
MOVE B90 237
END TURN 263
TURN 264
COMMAND LEFT START
MOVE A36 230
MOVE A37 230
MOVE A38 230
MOVE A39 230
MOVE A40 230
MOVE A41 230
MOVE A42 230
MOVE A43 230
MOVE A71 230
MOVE A72 230
MOVE A73 230
MOVE A74 230
MOVE A75 230
MOVE A76 230
MOVE A77 230
MOVE A78 230
MOVE A79 230
MOVE A80 230
MOVE A81 230
MOVE A82 230
MOVE A83 230
MOVE A84 230
MOVE A85 230
MOVE A86 230
MOVE A87 230
MOVE A88 230
MOVE A89 230
MOVE A90 230
MOVE A91 230
MOVE A92 230
MOVE A93 230
MOVE A94 230
MOVE A95 230
MOVE A96 230
MOVE A97 230
MOVE A98 230
MOVE A99 230
MOVE A100 230
MOVE A101 230
MOVE A102 230
MOVE A103 230
MOVE A104 230
MOVE A105 230
MOVE A106 230
MOVE A107 230
MOVE A108 230
MOVE A109 230
MOVE A110 230
MOVE A111 230
MOVE A112 230
MOVE A113 230
MOVE A114 230
MOVE A115 230
MOVE A116 230
MOVE A117 230
MOVE A118 230
MOVE A119 230
MOVE A120 230
MOVE A121 230
MOVE A122 230
MOVE A123 230
MOVE A124 230
MOVE A125 230
MOVE A126 230
MOVE A127 230
MOVE A128 230
MOVE A129 230
MOVE A130 230
COMMAND LEFT END
COMMAND RIGHT START
MOVE B39 87
MOVE B44 87
MOVE B45 87
MOVE B46 87
MOVE B47 87
MOVE B48 87
MOVE B49 87
MOVE B50 87
MOVE B51 87
MOVE B52 87
MOVE B53 87
MOVE B54 87
MOVE B55 87
MOVE B56 87
MOVE B57 87
MOVE B58 87
MOVE B59 87
MOVE B60 87
MOVE B61 87
MOVE B62 87
MOVE B63 87
MOVE B64 87
MOVE B66 87
MOVE B68 87
MOVE B69 87
MOVE B70 87
MOVE B71 87
MOVE B72 87
MOVE B73 87
MOVE B74 87
MOVE B75 87
MOVE B76 87
MOVE B77 87
MOVE B78 87
MOVE B79 87
MOVE B80 87
MOVE B81 87
MOVE B82 87
MOVE B84 87
MOVE B85 87
MOVE B91 203
TRAIN 2
COMMAND RIGHT END
TURN 264 RESULT
TIME LEFT 0 5 RIGHT 0 5
TRAIN B92 B93
MOVE A35 166
MOVE A36 139
MOVE A37 139
MOVE A38 139
MOVE A39 139
MOVE A40 139
MOVE A41 139
MOVE A42 139
MOVE A43 139
MOVE A44 11
MOVE A45 11
MOVE A46 11
MOVE A47 11
MOVE A48 11
MOVE A49 11
MOVE A50 11
MOVE A51 11
MOVE A52 11
MOVE A53 11
MOVE A54 11
MOVE A55 11
MOVE A56 11
MOVE A57 11
MOVE A58 11
MOVE A59 11
MOVE A60 11
MOVE A61 11
MOVE A62 11
MOVE A63 11
MOVE A64 11
MOVE A65 11
MOVE A66 11
MOVE A67 11
MOVE A68 11
MOVE A69 11
MOVE A70 11
MOVE A71 139
MOVE A72 139
MOVE A73 139
MOVE A74 139
MOVE A75 139
MOVE A76 139
MOVE A77 139
MOVE A78 139
MOVE A79 139
MOVE A80 139
MOVE A81 139
MOVE A82 139
MOVE A83 139
MOVE A84 139
MOVE A85 139
MOVE A86 139
MOVE A87 139
MOVE A88 139
MOVE A89 139
MOVE A90 139
MOVE A91 139
MOVE A92 139
MOVE A93 139
MOVE A94 139
MOVE A95 139
MOVE A96 139
MOVE A97 139
MOVE A98 139
MOVE A99 139
MOVE A100 139
MOVE A101 139
MOVE A102 139
MOVE A103 139
MOVE A104 139
MOVE A105 139
MOVE A106 139
MOVE A107 139
MOVE A108 139
MOVE A109 139
MOVE A110 139
MOVE A111 139
MOVE A112 139
MOVE A113 139
MOVE A114 139
MOVE A115 139
MOVE A116 139
MOVE A117 139
MOVE A118 139
MOVE A119 139
MOVE A120 139
MOVE A121 139
MOVE A122 139
MOVE A123 139
MOVE A124 139
MOVE A125 139
MOVE A126 139
MOVE A127 139
MOVE A128 139
MOVE A129 139
MOVE A130 139
MOVE A131 40
MOVE B39 113
MOVE B44 113
MOVE B45 113
MOVE B46 113
MOVE B47 113
MOVE B48 113
MOVE B49 113
MOVE B50 113
MOVE B51 113
MOVE B52 113
MOVE B53 113
MOVE B54 113
MOVE B55 113
MOVE B56 113
MOVE B57 113
MOVE B58 113
MOVE B59 113
MOVE B60 113
MOVE B61 113
MOVE B62 113
MOVE B63 113
MOVE B64 113
MOVE B66 113
MOVE B68 113
MOVE B69 113
MOVE B70 113
MOVE B71 113
MOVE B72 113
MOVE B73 113
MOVE B74 113
MOVE B75 113
MOVE B76 113
MOVE B77 113
MOVE B78 113
MOVE B79 113
MOVE B80 113
MOVE B81 113
MOVE B82 113
MOVE B84 113
MOVE B85 113
MOVE B86 143
MOVE B88 213
MOVE B89 230
MOVE B90 230
MOVE B91 240
END TURN 264
TURN 265
COMMAND LEFT START
MOVE A23 0
MOVE A25 0
MOVE A26 0
MOVE A6 0
MOVE A8 0
MOVE A28 0
COMMAND LEFT END
COMMAND RIGHT START
MOVE B92 189
MOVE B93 189
COMMAND RIGHT END
TURN 265 RESULT
TIME LEFT 0 5 RIGHT 0 5
MOVE A6 91
MOVE A8 91
MOVE A23 59
MOVE A25 59
MOVE A26 59
MOVE A28 91
MOVE A35 182
MOVE A36 159
MOVE A37 159
MOVE A38 159
MOVE A39 159
MOVE A40 159
MOVE A41 159
MOVE A42 159
MOVE A43 159
MOVE A44 6
MOVE A45 6
MOVE A46 6
MOVE A47 6
MOVE A48 6
MOVE A49 6
MOVE A50 6
MOVE A51 6
MOVE A52 6
MOVE A53 6
MOVE A54 6
MOVE A55 6
MOVE A56 6
MOVE A57 6
MOVE A58 6
MOVE A59 6
MOVE A60 6
MOVE A61 6
MOVE A62 6
MOVE A63 6
MOVE A64 6
MOVE A65 6
MOVE A66 6
MOVE A67 6
MOVE A68 6
MOVE A69 6
MOVE A70 6
MOVE A71 159
MOVE A72 159
MOVE A73 159
MOVE A74 159
MOVE A75 159
MOVE A76 159
MOVE A77 159
MOVE A78 159
MOVE A79 159
MOVE A80 159
MOVE A81 159
MOVE A82 159
MOVE A83 159
MOVE A84 159
MOVE A85 159
MOVE A86 159
MOVE A87 159
MOVE A88 159
MOVE A89 159
MOVE A90 159
MOVE A91 159
MOVE A92 159
MOVE A93 159
MOVE A94 159
MOVE A95 159
MOVE A96 159
MOVE A97 159
MOVE A98 159
MOVE A99 159
MOVE A100 159
MOVE A101 159
MOVE A102 159
MOVE A103 159
MOVE A104 159
MOVE A105 159
MOVE A106 159
MOVE A107 159
MOVE A108 159
MOVE A109 159
MOVE A110 159
MOVE A111 159
MOVE A112 159
MOVE A113 159
MOVE A114 159
MOVE A115 159
MOVE A116 159
MOVE A117 159
MOVE A118 159
MOVE A119 159
MOVE A120 159
MOVE A121 159
MOVE A122 159
MOVE A123 159
MOVE A124 159
MOVE A125 159
MOVE A126 159
MOVE A127 159
MOVE A128 159
MOVE A129 159
MOVE A130 159
MOVE A131 54
MOVE B39 87
MOVE B44 87
MOVE B45 87
MOVE B46 87
MOVE B47 87
MOVE B48 87
MOVE B49 87
MOVE B50 87
MOVE B51 87
MOVE B52 87
MOVE B53 87
MOVE B54 87
MOVE B55 87
MOVE B56 87
MOVE B57 87
MOVE B58 87
MOVE B59 87
MOVE B60 87
MOVE B61 87
MOVE B62 87
MOVE B63 87
MOVE B64 87
MOVE B66 87
MOVE B68 87
MOVE B69 87
MOVE B70 87
MOVE B71 87
MOVE B72 87
MOVE B73 87
MOVE B74 87
MOVE B75 87
MOVE B76 87
MOVE B77 87
MOVE B78 87
MOVE B79 87
MOVE B80 87
MOVE B81 87
MOVE B82 87
MOVE B84 87
MOVE B85 87
MOVE B86 124
MOVE B88 210
MOVE B89 222
MOVE B90 226
MOVE B91 237
MOVE B92 243
MOVE B93 243
DAMAGE TURRET B39 2
SIEGE A 87 15
END TURN 265
TURN 266
COMMAND LEFT START
MOVE A4 232
MOVE A132 117
MOVE A133 117
MOVE A134 117
COMMAND LEFT END
COMMAND RIGHT START
MOVE B39 68
MOVE B44 68
MOVE B45 68
MOVE B46 68
MOVE B47 68
MOVE B48 68
MOVE B49 68
MOVE B50 68
MOVE B51 68
MOVE B52 68
MOVE B53 68
MOVE B54 68
MOVE B55 68
MOVE B56 68
MOVE B57 68
MOVE B58 68
MOVE B59 68
MOVE B60 68
MOVE B61 68
MOVE B62 68
MOVE B63 68
MOVE B64 68
MOVE B66 68
MOVE B68 68
MOVE B69 68
MOVE B70 68
MOVE B71 68
MOVE B72 68
MOVE B73 68
MOVE B74 68
MOVE B75 68
MOVE B76 68
MOVE B77 68
MOVE B78 68
MOVE B79 68
MOVE B80 68
MOVE B81 68
MOVE B82 68
MOVE B84 68
MOVE B85 68
MOVE B86 68
COMMAND RIGHT END
TURN 266 RESULT
TIME LEFT 0 5 RIGHT 0 5
MOVE A4 232
MOVE A6 75
MOVE A8 75
MOVE A23 46
MOVE A25 46
MOVE A26 46
MOVE A28 75
MOVE A35 191
MOVE A36 172
MOVE A37 172
MOVE A38 172
MOVE A39 172
MOVE A40 172
MOVE A41 172
MOVE A42 172
MOVE A43 172
MOVE A44 0
MOVE A45 0
MOVE A46 0
MOVE A47 0
MOVE A48 0
MOVE A49 0
MOVE A50 0
MOVE A51 0
MOVE A52 0
MOVE A53 0
MOVE A54 0
MOVE A55 0
MOVE A56 0
MOVE A57 0
MOVE A58 0
MOVE A59 0
MOVE A60 0
MOVE A61 0
MOVE A62 0
MOVE A63 0
MOVE A64 0
MOVE A65 0
MOVE A66 0
MOVE A67 0
MOVE A68 0
MOVE A69 0
MOVE A70 0
MOVE A71 172
MOVE A72 172
MOVE A73 172
MOVE A74 172
MOVE A75 172
MOVE A76 172
MOVE A77 172
MOVE A78 172
MOVE A79 172
MOVE A80 172
MOVE A81 172
MOVE A82 172
MOVE A83 172
MOVE A84 172
MOVE A85 172
MOVE A86 172
MOVE A87 172
MOVE A88 172
MOVE A89 172
MOVE A90 172
MOVE A91 172
MOVE A92 172
MOVE A93 172
MOVE A94 172
MOVE A95 172
MOVE A96 172
MOVE A97 172
MOVE A98 172
MOVE A99 172
MOVE A100 172
MOVE A101 172
MOVE A102 172
MOVE A103 172
MOVE A104 172
MOVE A105 172
MOVE A106 172
MOVE A107 172
MOVE A108 172
MOVE A109 172
MOVE A110 172
MOVE A111 172
MOVE A112 172
MOVE A113 172
MOVE A114 172
MOVE A115 172
MOVE A116 172
MOVE A117 172
MOVE A118 172
MOVE A119 172
MOVE A120 172
MOVE A121 172
MOVE A122 172
MOVE A123 172
MOVE A124 172
MOVE A125 172
MOVE A126 172
MOVE A127 172
MOVE A128 172
MOVE A129 172
MOVE A130 172
MOVE A131 71
MOVE A132 6
MOVE A133 6
MOVE A134 6
MOVE B39 88
MOVE B44 88
MOVE B45 88
MOVE B46 88
MOVE B47 88
MOVE B48 88
MOVE B49 88
MOVE B50 88
MOVE B51 88
MOVE B52 88
MOVE B53 88
MOVE B54 88
MOVE B55 88
MOVE B56 88
MOVE B57 88
MOVE B58 88
MOVE B59 88
MOVE B60 88
MOVE B61 88
MOVE B62 88
MOVE B63 88
MOVE B64 88
MOVE B66 88
MOVE B68 88
MOVE B69 88
MOVE B70 88
MOVE B71 88
MOVE B72 88
MOVE B73 88
MOVE B74 88
MOVE B75 88
MOVE B76 88
MOVE B77 88
MOVE B78 88
MOVE B79 88
MOVE B80 88
MOVE B81 88
MOVE B82 88
MOVE B84 88
MOVE B85 88
MOVE B86 115
MOVE B88 198
MOVE B89 212
MOVE B90 224
MOVE B91 230
MOVE B92 242
MOVE B93 242
END TURN 266
TURN 267
COMMAND LEFT START
MOVE A5 0
MOVE A13 0
MOVE A22 0
COMMAND LEFT END
COMMAND RIGHT START
COMMAND RIGHT END
TURN 267 RESULT
TIME LEFT 0 5 RIGHT 0 5
MOVE A5 46
MOVE A6 59
MOVE A8 59
MOVE A13 46
MOVE A22 46
MOVE A23 34
MOVE A25 34
MOVE A26 34
MOVE A28 59
MOVE A35 203
MOVE A36 193
MOVE A37 193
MOVE A38 193
MOVE A39 193
MOVE A40 193
MOVE A41 193
MOVE A42 193
MOVE A43 193
MOVE A71 193
MOVE A72 193
MOVE A73 193
MOVE A74 193
MOVE A75 193
MOVE A76 193
MOVE A77 193
MOVE A78 193
MOVE A79 193
MOVE A80 193
MOVE A81 193
MOVE A82 193
MOVE A83 193
MOVE A84 193
MOVE A85 193
MOVE A86 193
MOVE A87 193
MOVE A88 193
MOVE A89 193
MOVE A90 193
MOVE A91 193
MOVE A92 193
MOVE A93 193
MOVE A94 193
MOVE A95 193
MOVE A96 193
MOVE A97 193
MOVE A98 193
MOVE A99 193
MOVE A100 193
MOVE A101 193
MOVE A102 193
MOVE A103 193
MOVE A104 193
MOVE A105 193
MOVE A106 193
MOVE A107 193
MOVE A108 193
MOVE A109 193
MOVE A110 193
MOVE A111 193
MOVE A112 193
MOVE A113 193
MOVE A114 193
MOVE A115 193
MOVE A116 193
MOVE A117 193
MOVE A118 193
MOVE A119 193
MOVE A120 193
MOVE A121 193
MOVE A122 193
MOVE A123 193
MOVE A124 193
MOVE A125 193
MOVE A126 193
MOVE A127 193
MOVE A128 193
MOVE A129 193
MOVE A130 193
MOVE A131 85
MOVE A132 11
MOVE A133 11
MOVE A134 11
MOVE B39 68
MOVE B44 68
MOVE B45 68
MOVE B46 68
MOVE B47 68
MOVE B48 68
MOVE B49 68
MOVE B50 68
MOVE B51 68
MOVE B52 68
MOVE B53 68
MOVE B54 68
MOVE B55 68
MOVE B56 68
MOVE B57 68
MOVE B58 68
MOVE B59 68
MOVE B60 68
MOVE B61 68
MOVE B62 68
MOVE B63 68
MOVE B64 68
MOVE B66 68
MOVE B68 68
MOVE B69 68
MOVE B70 68
MOVE B71 68
MOVE B72 68
MOVE B73 68
MOVE B74 68
MOVE B75 68
MOVE B76 68
MOVE B77 68
MOVE B78 68
MOVE B79 68
MOVE B80 68
MOVE B81 68
MOVE B82 68
MOVE B84 68
MOVE B85 68
MOVE B86 98
MOVE B88 185
MOVE B89 203
MOVE B90 216
MOVE B91 222
MOVE B92 228
MOVE B93 228
DAMAGE TURRET A35 2
DAMAGE TURRET B39 2
DAMAGE COMBAT A35 2
DAMAGE COMBAT B87 1
SIEGE A 68 18
END TURN 267
TURN 268
COMMAND LEFT START
COMMAND LEFT END
COMMAND RIGHT START
MOVE B18 244
MOVE B39 199
MOVE B41 244
MOVE B42 244
MOVE B44 199
MOVE B45 199
MOVE B46 199
MOVE B47 244
MOVE B48 244
MOVE B49 244
MOVE B50 244
MOVE B51 244
MOVE B52 244
MOVE B53 244
MOVE B54 244
MOVE B55 244
MOVE B56 244
MOVE B57 244
MOVE B58 244
MOVE B59 244
MOVE B60 244
MOVE B61 244
MOVE B62 244
MOVE B63 244
MOVE B64 244
MOVE B66 244
MOVE B68 244
MOVE B69 244
MOVE B70 244
MOVE B71 244
MOVE B72 244
MOVE B73 244
MOVE B74 244
MOVE B75 244
MOVE B76 244
MOVE B77 244
MOVE B78 244
MOVE B79 244
MOVE B80 244
MOVE B81 244
MOVE B82 244
MOVE B84 244
MOVE B85 244
MOVE B88 244
TRAIN 3
COMMAND RIGHT END
TURN 268 RESULT
TIME LEFT 0 5 RIGHT 0 5
TRAIN B94 B95 B96
MOVE A5 34
MOVE A6 46
MOVE A8 46
MOVE A13 34
MOVE A22 34
MOVE A23 31
MOVE A25 31
MOVE A26 31
MOVE A28 46
MOVE A36 215
MOVE A37 215
MOVE A38 215
MOVE A39 215
MOVE A40 215
MOVE A41 215
MOVE A42 215
MOVE A43 215
MOVE A71 215
MOVE A72 215
MOVE A73 215
MOVE A74 215
MOVE A75 215
MOVE A76 215
MOVE A77 215
MOVE A78 215
MOVE A79 215
MOVE A80 215
MOVE A81 215
MOVE A82 215
MOVE A83 215
MOVE A84 215
MOVE A85 215
MOVE A86 215
MOVE A87 215
MOVE A88 215
MOVE A89 215
MOVE A90 215
MOVE A91 215
MOVE A92 215
MOVE A93 215
MOVE A94 215
MOVE A95 215
MOVE A96 215
MOVE A97 215
MOVE A98 215
MOVE A99 215
MOVE A100 215
MOVE A101 215
MOVE A102 215
MOVE A103 215
MOVE A104 215
MOVE A105 215
MOVE A106 215
MOVE A107 215
MOVE A108 215
MOVE A109 215
MOVE A110 215
MOVE A111 215
MOVE A112 215
MOVE A113 215
MOVE A114 215
MOVE A115 215
MOVE A116 215
MOVE A117 215
MOVE A118 215
MOVE A119 215
MOVE A120 215
MOVE A121 215
MOVE A122 215
MOVE A123 215
MOVE A124 215
MOVE A125 215
MOVE A126 215
MOVE A127 215
MOVE A128 215
MOVE A129 215
MOVE A130 215
MOVE A131 105
MOVE A132 21
MOVE A133 21
MOVE A134 21
MOVE B18 228
MOVE B39 88
MOVE B41 153
MOVE B42 153
MOVE B44 88
MOVE B45 88
MOVE B46 88
MOVE B47 90
MOVE B48 90
MOVE B49 90
MOVE B50 90
MOVE B51 90
MOVE B52 90
MOVE B53 90
MOVE B54 90
MOVE B55 90
MOVE B56 90
MOVE B57 90
MOVE B58 90
MOVE B59 90
MOVE B60 90
MOVE B61 90
MOVE B62 90
MOVE B63 90
MOVE B64 90
MOVE B66 90
MOVE B68 90
MOVE B69 90
MOVE B70 90
MOVE B71 90
MOVE B72 90
MOVE B73 90
MOVE B74 90
MOVE B75 90
MOVE B76 90
MOVE B77 90
MOVE B78 90
MOVE B79 90
MOVE B80 90
MOVE B81 90
MOVE B82 90
MOVE B84 90
MOVE B85 90
MOVE B86 88
MOVE B88 198
MOVE B90 201
MOVE B91 212
MOVE B92 214
MOVE B93 214
DAMAGE TURRET A35 2
DAMAGE COMBAT A35 1
DAMAGE COMBAT B87 1
END TURN 268
TURN 269
COMMAND LEFT START
COMMAND LEFT END
COMMAND RIGHT START
MOVE B89 244
TRAIN 3
COMMAND RIGHT END
TURN 269 RESULT
TIME LEFT 0 5 RIGHT 0 5
TRAIN B97 B98 B99
MOVE A5 31
MOVE A6 34
MOVE A8 34
MOVE A13 31
MOVE A22 31
MOVE A23 21
MOVE A25 21
MOVE A26 21
MOVE A28 34
MOVE A36 230
MOVE A37 230
MOVE A38 230
MOVE A39 230
MOVE A40 230
MOVE A41 230
MOVE A42 230
MOVE A43 230
MOVE A71 230
MOVE A72 230
MOVE A73 230
MOVE A74 230
MOVE A75 230
MOVE A76 230
MOVE A77 230
MOVE A78 230
MOVE A79 230
MOVE A80 230
MOVE A81 230
MOVE A82 230
MOVE A83 230
MOVE A84 230
MOVE A85 230
MOVE A86 230
MOVE A87 230
MOVE A88 230
MOVE A89 230
MOVE A90 230
MOVE A91 230
MOVE A92 230
MOVE A93 230
MOVE A94 230
MOVE A95 230
MOVE A96 230
MOVE A97 230
MOVE A98 230
MOVE A99 230
MOVE A100 230
MOVE A101 230
MOVE A102 230
MOVE A103 230
MOVE A104 230
MOVE A105 230
MOVE A106 230
MOVE A107 230
MOVE A108 230
MOVE A109 230
MOVE A110 230
MOVE A111 230
MOVE A112 230
MOVE A113 230
MOVE A114 230
MOVE A115 230
MOVE A116 230
MOVE A117 230
MOVE A118 230
MOVE A119 230
MOVE A120 230
MOVE A121 230
MOVE A122 230
MOVE A123 230
MOVE A124 230
MOVE A125 230
MOVE A126 230
MOVE A127 230
MOVE A128 230
MOVE A129 230
MOVE A130 230
MOVE A131 122
MOVE A132 31
MOVE A133 31
MOVE A134 31
MOVE B18 242
MOVE B39 113
MOVE B41 169
MOVE B42 169
MOVE B44 113
MOVE B45 113
MOVE B46 113
MOVE B47 107
MOVE B48 107
MOVE B49 107
MOVE B50 107
MOVE B51 107
MOVE B52 107
MOVE B53 107
MOVE B54 107
MOVE B55 107
MOVE B56 107
MOVE B57 107
MOVE B58 107
MOVE B59 107
MOVE B60 107
MOVE B61 107
MOVE B62 107
MOVE B63 107
MOVE B64 107
MOVE B66 107
MOVE B68 107
MOVE B69 107
MOVE B70 107
MOVE B71 107
MOVE B72 107
MOVE B73 107
MOVE B74 107
MOVE B75 107
MOVE B76 107
MOVE B77 107
MOVE B78 107
MOVE B79 107
MOVE B80 107
MOVE B81 107
MOVE B82 107
MOVE B84 107
MOVE B85 107
MOVE B86 68
MOVE B88 210
MOVE B89 212
MOVE B90 196
MOVE B91 203
MOVE B92 199
MOVE B93 199
DAMAGE TURRET A36 2
DAMAGE COMBAT A36 3
DAMAGE COMBAT B3 4
DAMAGE COMBAT B25 6
DAMAGE COMBAT B29 6
SIEGE B 230 18
END TURN 269
TURN 270
COMMAND LEFT START
UPGRADE 230
COMMAND LEFT END
COMMAND RIGHT START
MOVE B86 244
TRAIN 1
COMMAND RIGHT END
TURN 270 RESULT
TIME LEFT 0 5 RIGHT 0 5
UPGRADE A 230
TRAIN B100
MOVE A5 21
MOVE A6 31
MOVE A8 31
MOVE A13 21
MOVE A22 21
MOVE A23 11
MOVE A25 11
MOVE A26 11
MOVE A28 31
MOVE A132 34
MOVE A133 34
MOVE A134 34
MOVE B18 243
MOVE B39 130
MOVE B41 185
MOVE B42 185
MOVE B44 130
MOVE B45 130
MOVE B46 130
MOVE B47 138
MOVE B48 138
MOVE B49 138
MOVE B50 138
MOVE B51 138
MOVE B52 138
MOVE B53 138
MOVE B54 138
MOVE B55 138
MOVE B56 138
MOVE B57 138
MOVE B58 138
MOVE B59 138
MOVE B60 138
MOVE B61 138
MOVE B62 138
MOVE B63 138
MOVE B64 138
MOVE B66 138
MOVE B68 138
MOVE B69 138
MOVE B70 138
MOVE B71 138
MOVE B72 138
MOVE B73 138
MOVE B74 138
MOVE B75 138
MOVE B76 138
MOVE B77 138
MOVE B78 138
MOVE B79 138
MOVE B80 138
MOVE B81 138
MOVE B82 138
MOVE B84 138
MOVE B85 138
MOVE B86 90
MOVE B88 213
MOVE B89 222
MOVE B90 184
MOVE B92 189
MOVE B93 189
END TURN 270
TURN 271
COMMAND LEFT START
MOVE A4 199
MOVE A7 68
COMMAND LEFT END
COMMAND RIGHT START
MOVE B92 244
MOVE B93 244
COMMAND RIGHT END
TURN 271 RESULT
TIME LEFT 0 5 RIGHT 0 5
MOVE A4 228
MOVE A5 11
MOVE A6 21
MOVE A7 112
MOVE A8 21
MOVE A13 11
MOVE A22 11
MOVE A23 6
MOVE A25 6
MOVE A26 6
MOVE A28 21
MOVE A132 46
MOVE A133 46
MOVE A134 46
MOVE B18 244
MOVE B39 141
MOVE B41 198
MOVE B42 198
MOVE B44 141
MOVE B45 141
MOVE B46 141
MOVE B47 149
MOVE B48 149
MOVE B49 149
MOVE B50 149
MOVE B51 149
MOVE B52 149
MOVE B53 149
MOVE B54 149
MOVE B55 149
MOVE B56 149
MOVE B57 149
MOVE B58 149
MOVE B59 149
MOVE B60 149
MOVE B61 149
MOVE B62 149
MOVE B63 149
MOVE B64 149
MOVE B66 149
MOVE B68 149
MOVE B69 149
MOVE B70 149
MOVE B71 149
MOVE B72 149
MOVE B73 149
MOVE B74 149
MOVE B75 149
MOVE B76 149
MOVE B77 149
MOVE B78 149
MOVE B79 149
MOVE B80 149
MOVE B81 149
MOVE B82 149
MOVE B84 149
MOVE B85 149
MOVE B86 107
MOVE B88 223
MOVE B89 230
MOVE B92 199
MOVE B93 199
DAMAGE TURRET B89 1
DAMAGE COMBAT A36 1
DAMAGE COMBAT B89 7
END TURN 271
TURN 272
COMMAND LEFT START
COMMAND LEFT END
COMMAND RIGHT START
MOVE B40 244
MOVE B90 244
MOVE B91 244
MOVE B99 163
COMMAND RIGHT END
TURN 272 RESULT
TIME LEFT 0 5 RIGHT 0 5
MOVE A4 214
MOVE A5 6
MOVE A6 11
MOVE A7 104
MOVE A8 11
MOVE A13 6
MOVE A22 6
MOVE A23 0
MOVE A25 0
MOVE A26 0
MOVE A28 11
MOVE A132 59
MOVE A133 59
MOVE A134 59
MOVE B39 163
MOVE B40 170
MOVE B41 210
MOVE B42 210
MOVE B44 163
MOVE B45 163
MOVE B46 163
MOVE B47 161
MOVE B48 161
MOVE B49 161
MOVE B50 161
MOVE B51 161
MOVE B52 161
MOVE B53 161
MOVE B54 161
MOVE B55 161
MOVE B56 161
MOVE B57 161
MOVE B58 161
MOVE B59 161
MOVE B60 161
MOVE B61 161
MOVE B62 161
MOVE B63 161
MOVE B64 161
MOVE B66 161
MOVE B68 161
MOVE B69 161
MOVE B70 161
MOVE B71 161
MOVE B72 161
MOVE B73 161
MOVE B74 161
MOVE B75 161
MOVE B76 161
MOVE B77 161
MOVE B78 161
MOVE B79 161
MOVE B80 161
MOVE B81 161
MOVE B82 161
MOVE B84 161
MOVE B85 161
MOVE B86 138
MOVE B88 233
MOVE B90 196
MOVE B91 212
MOVE B92 214
MOVE B93 214
MOVE B99 240
DAMAGE COMBAT A4 2
DAMAGE COMBAT B92 1
END TURN 272
TURN 273
COMMAND LEFT START
MOVE A45 230
MOVE A46 230
COMMAND LEFT END
COMMAND RIGHT START
COMMAND RIGHT END
TURN 273 RESULT
TIME LEFT 0 5 RIGHT 0 5
MOVE A5 0
MOVE A6 6
MOVE A7 100
MOVE A8 6
MOVE A13 0
MOVE A22 0
MOVE A28 6
MOVE A45 6
MOVE A46 6
MOVE A132 75
MOVE A133 75
MOVE A134 75
MOVE B39 184
MOVE B40 180
MOVE B41 213
MOVE B42 213
MOVE B44 184
MOVE B45 184
MOVE B46 184
MOVE B47 179
MOVE B48 179
MOVE B49 179
MOVE B50 179
MOVE B51 179
MOVE B52 179
MOVE B53 179
MOVE B54 179
MOVE B55 179
MOVE B56 179
MOVE B57 179
MOVE B58 179
MOVE B59 179
MOVE B60 179
MOVE B61 179
MOVE B62 179
MOVE B63 179
MOVE B64 179
MOVE B66 179
MOVE B68 179
MOVE B69 179
MOVE B70 179
MOVE B71 179
MOVE B72 179
MOVE B73 179
MOVE B74 179
MOVE B75 179
MOVE B76 179
MOVE B77 179
MOVE B78 179
MOVE B79 179
MOVE B80 179
MOVE B81 179
MOVE B82 179
MOVE B84 179
MOVE B85 179
MOVE B86 149
MOVE B88 238
MOVE B90 201
MOVE B91 222
MOVE B99 237
DAMAGE COMBAT A4 2
DAMAGE COMBAT B92 1
END TURN 273
TURN 274
COMMAND LEFT START
MOVE A47 230
MOVE A48 230
MOVE A49 230
COMMAND LEFT END
COMMAND RIGHT START
COMMAND RIGHT END
TURN 274 RESULT
TIME LEFT 0 5 RIGHT 0 5
MOVE A6 0
MOVE A7 99
MOVE A8 0
MOVE A28 0
MOVE A45 13
MOVE A46 13
MOVE A47 6
MOVE A48 6
MOVE A49 6
MOVE A132 91
MOVE A133 91
MOVE A134 91
MOVE B39 199
MOVE B40 181
MOVE B41 223
MOVE B42 223
MOVE B44 199
MOVE B45 199
MOVE B46 199
MOVE B47 197
MOVE B48 197
MOVE B49 197
MOVE B50 197
MOVE B51 197
MOVE B52 197
MOVE B53 197
MOVE B54 197
MOVE B55 197
MOVE B56 197
MOVE B57 197
MOVE B58 197
MOVE B59 197
MOVE B60 197
MOVE B61 197
MOVE B62 197
MOVE B63 197
MOVE B64 197
MOVE B66 197
MOVE B68 197
MOVE B69 197
MOVE B70 197
MOVE B71 197
MOVE B72 197
MOVE B73 197
MOVE B74 197
MOVE B75 197
MOVE B76 197
MOVE B77 197
MOVE B78 197
MOVE B79 197
MOVE B80 197
MOVE B81 197
MOVE B82 197
MOVE B84 197
MOVE B85 197
MOVE B86 161
MOVE B88 244
MOVE B90 216
MOVE B91 230
MOVE B92 228
MOVE B93 228
MOVE B99 230
DAMAGE TURRET B91 1
DAMAGE COMBAT A36 2
DAMAGE COMBAT B91 7
DAMAGE COMBAT B99 8
END TURN 274
TURN 275
COMMAND LEFT START
MOVE A50 230
MOVE A51 230
MOVE A52 230
MOVE A53 230
COMMAND LEFT END
COMMAND RIGHT START
MOVE B39 244
MOVE B44 244
MOVE B45 244
MOVE B46 244
TRAIN 1
COMMAND RIGHT END
TURN 275 RESULT
TIME LEFT 0 5 RIGHT 0 5
TRAIN B101
MOVE A7 90
MOVE A45 24
MOVE A46 24
MOVE A47 13
MOVE A48 13
MOVE A49 13
MOVE A50 6
MOVE A51 6
MOVE A52 6
MOVE A53 6
MOVE A132 117
MOVE A133 117
MOVE A134 117
MOVE B39 214
MOVE B40 192
MOVE B41 233
MOVE B42 233
MOVE B44 214
MOVE B45 214
MOVE B46 214
MOVE B47 206
MOVE B48 206
MOVE B49 206
MOVE B50 206
MOVE B51 206
MOVE B52 206
MOVE B53 206
MOVE B54 206
MOVE B55 206
MOVE B56 206
MOVE B57 206
MOVE B58 206
MOVE B59 206
MOVE B60 206
MOVE B61 206
MOVE B62 206
MOVE B63 206
MOVE B64 206
MOVE B66 206
MOVE B68 206
MOVE B69 206
MOVE B70 206
MOVE B71 206
MOVE B72 206
MOVE B73 206
MOVE B74 206
MOVE B75 206
MOVE B76 206
MOVE B77 206
MOVE B78 206
MOVE B79 206
MOVE B80 206
MOVE B81 206
MOVE B82 206
MOVE B84 206
MOVE B85 206
MOVE B86 179
MOVE B90 224
MOVE B92 242
MOVE B93 242
END TURN 275
TURN 276
COMMAND LEFT START
COMMAND LEFT END
COMMAND RIGHT START
COMMAND RIGHT END
TURN 276 RESULT
TIME LEFT 0 5 RIGHT 0 5
MOVE A7 68
MOVE A45 37
MOVE A46 37
MOVE A47 24
MOVE A48 24
MOVE A49 24
MOVE A50 13
MOVE A51 13
MOVE A52 13
MOVE A53 13
MOVE B39 228
MOVE B40 203
MOVE B41 238
MOVE B42 238
MOVE B44 228
MOVE B45 228
MOVE B46 228
MOVE B47 215
MOVE B48 215
MOVE B49 215
MOVE B50 215
MOVE B51 215
MOVE B52 215
MOVE B53 215
MOVE B54 215
MOVE B55 215
MOVE B56 215
MOVE B57 215
MOVE B58 215
MOVE B59 215
MOVE B60 215
MOVE B61 215
MOVE B62 215
MOVE B63 215
MOVE B64 215
MOVE B66 215
MOVE B68 215
MOVE B69 215
MOVE B70 215
MOVE B71 215
MOVE B72 215
MOVE B73 215
MOVE B74 215
MOVE B75 215
MOVE B76 215
MOVE B77 215
MOVE B78 215
MOVE B79 215
MOVE B80 215
MOVE B81 215
MOVE B82 215
MOVE B84 215
MOVE B85 215
MOVE B86 197
MOVE B90 226
MOVE B92 243
MOVE B93 243
END TURN 276
TURN 277
COMMAND LEFT START
MOVE A5 68
UPGRADE 68
TRAIN 1
COMMAND LEFT END
COMMAND RIGHT START
COMMAND RIGHT END
TURN 277 RESULT
TIME LEFT 0 5 RIGHT 0 5
UPGRADE A 68
TRAIN A162
MOVE A5 6
MOVE A45 57
MOVE A46 57
MOVE A47 37
MOVE A48 37
MOVE A49 37
MOVE A50 24
MOVE A51 24
MOVE A52 24
MOVE A53 24
MOVE B39 242
MOVE B40 212
MOVE B41 244
MOVE B42 244
MOVE B44 242
MOVE B45 242
MOVE B46 242
MOVE B47 227
MOVE B48 227
MOVE B49 227
MOVE B50 227
MOVE B51 227
MOVE B52 227
MOVE B53 227
MOVE B54 227
MOVE B55 227
MOVE B56 227
MOVE B57 227
MOVE B58 227
MOVE B59 227
MOVE B60 227
MOVE B61 227
MOVE B62 227
MOVE B63 227
MOVE B64 227
MOVE B66 227
MOVE B68 227
MOVE B69 227
MOVE B70 227
MOVE B71 227
MOVE B72 227
MOVE B73 227
MOVE B74 227
MOVE B75 227
MOVE B76 227
MOVE B77 227
MOVE B78 227
MOVE B79 227
MOVE B80 227
MOVE B81 227
MOVE B82 227
MOVE B84 227
MOVE B85 227
MOVE B86 206
MOVE B90 230
MOVE B92 244
MOVE B93 244
DAMAGE TURRET B90 1
DAMAGE COMBAT A37 1
DAMAGE COMBAT B90 7
END TURN 277
TURN 278
COMMAND LEFT START
MOVE A6 87
COMMAND LEFT END
COMMAND RIGHT START
COMMAND RIGHT END
TURN 278 RESULT
TIME LEFT 0 5 RIGHT 0 5
MOVE A5 11
MOVE A6 6
MOVE A45 73
MOVE A46 73
MOVE A47 57
MOVE A48 57
MOVE A49 57
MOVE A50 37
MOVE A51 37
MOVE A52 37
MOVE A53 37
MOVE B39 243
MOVE B40 222
MOVE B44 243
MOVE B45 243
MOVE B46 243
MOVE B47 234
MOVE B48 234
MOVE B49 234
MOVE B50 234
MOVE B51 234
MOVE B52 234
MOVE B53 234
MOVE B54 234
MOVE B55 234
MOVE B56 234
MOVE B57 234
MOVE B58 234
MOVE B59 234
MOVE B60 234
MOVE B61 234
MOVE B62 234
MOVE B63 234
MOVE B64 234
MOVE B66 234
MOVE B68 234
MOVE B69 234
MOVE B70 234
MOVE B71 234
MOVE B72 234
MOVE B73 234
MOVE B74 234
MOVE B75 234
MOVE B76 234
MOVE B77 234
MOVE B78 234
MOVE B79 234
MOVE B80 234
MOVE B81 234
MOVE B82 234
MOVE B84 234
MOVE B85 234
MOVE B86 215
END TURN 278
TURN 279
COMMAND LEFT START
TRAIN 1
COMMAND LEFT END
COMMAND RIGHT START
COMMAND RIGHT END
TURN 279 RESULT
TIME LEFT 0 5 RIGHT 0 5
TRAIN A163
MOVE A5 21
MOVE A6 11
MOVE A45 93
MOVE A46 93
MOVE A47 73
MOVE A48 73
MOVE A49 73
MOVE A50 57
MOVE A51 57
MOVE A52 57
MOVE A53 57
MOVE B39 244
MOVE B40 230
MOVE B44 244
MOVE B45 244
MOVE B46 244
MOVE B47 240
MOVE B48 240
MOVE B49 240
MOVE B50 240
MOVE B51 240
MOVE B52 240
MOVE B53 240
MOVE B54 240
MOVE B55 240
MOVE B56 240
MOVE B57 240
MOVE B58 240
MOVE B59 240
MOVE B60 240
MOVE B61 240
MOVE B62 240
MOVE B63 240
MOVE B64 240
MOVE B66 240
MOVE B68 240
MOVE B69 240
MOVE B70 240
MOVE B71 240
MOVE B72 240
MOVE B73 240
MOVE B74 240
MOVE B75 240
MOVE B76 240
MOVE B77 240
MOVE B78 240
MOVE B79 240
MOVE B80 240
MOVE B81 240
MOVE B82 240
MOVE B84 240
MOVE B85 240
MOVE B86 227
DAMAGE TURRET B40 1
DAMAGE COMBAT A37 1
DAMAGE COMBAT B40 7
END TURN 279
TURN 280
COMMAND LEFT START
MOVE A163 228
COMMAND LEFT END
COMMAND RIGHT START
MOVE B93 127
COMMAND RIGHT END
TURN 280 RESULT
TIME LEFT 0 5 RIGHT 0 5
MOVE A5 31
MOVE A6 21
MOVE A45 104
MOVE A46 104
MOVE A47 93
MOVE A48 93
MOVE A49 93
MOVE A50 73
MOVE A51 73
MOVE A52 73
MOVE A53 73
MOVE A163 6
MOVE B47 244
MOVE B48 244
MOVE B49 244
MOVE B50 244
MOVE B51 244
MOVE B52 244
MOVE B53 244
MOVE B54 244
MOVE B55 244
MOVE B56 244
MOVE B57 244
MOVE B58 244
MOVE B59 244
MOVE B60 244
MOVE B61 244
MOVE B62 244
MOVE B63 244
MOVE B64 244
MOVE B66 244
MOVE B68 244
MOVE B69 244
MOVE B70 244
MOVE B71 244
MOVE B72 244
MOVE B73 244
MOVE B74 244
MOVE B75 244
MOVE B76 244
MOVE B77 244
MOVE B78 244
MOVE B79 244
MOVE B80 244
MOVE B81 244
MOVE B82 244
MOVE B84 244
MOVE B85 244
MOVE B86 234
MOVE B93 238
END TURN 280
TURN 281
COMMAND LEFT START
COMMAND LEFT END
COMMAND RIGHT START
MOVE B52 127
MOVE B55 214
MOVE B56 185
COMMAND RIGHT END
TURN 281 RESULT
TIME LEFT 0 5 RIGHT 0 5
MOVE A5 34
MOVE A6 31
MOVE A45 116
MOVE A46 116
MOVE A47 104
MOVE A48 104
MOVE A49 104
MOVE A50 93
MOVE A51 93
MOVE A52 93
MOVE A53 93
MOVE A163 11
MOVE B52 238
MOVE B55 243
MOVE B56 238
MOVE B86 240
MOVE B93 233
END TURN 281
TURN 282
COMMAND LEFT START
COMMAND LEFT END
COMMAND RIGHT START
COMMAND RIGHT END
TURN 282 RESULT
TIME LEFT 0 5 RIGHT 0 5
MOVE A5 46
MOVE A6 34
MOVE A45 133
MOVE A46 133
MOVE A47 116
MOVE A48 116
MOVE A49 116
MOVE A50 104
MOVE A51 104
MOVE A52 104
MOVE A53 104
MOVE A163 21
MOVE B52 233
MOVE B55 242
MOVE B56 233
MOVE B86 244
MOVE B93 223
END TURN 282
TURN 283
COMMAND LEFT START
COMMAND LEFT END
COMMAND RIGHT START
COMMAND RIGHT END
TURN 283 RESULT
TIME LEFT 0 5 RIGHT 0 5
MOVE A5 68
MOVE A6 46
MOVE A45 148
MOVE A46 148
MOVE A47 133
MOVE A48 133
MOVE A49 133
MOVE A50 116
MOVE A51 116
MOVE A52 116
MOVE A53 116
MOVE A163 39
MOVE B52 223
MOVE B55 228
MOVE B56 223
MOVE B93 213
END TURN 283
TURN 284
COMMAND LEFT START
COMMAND LEFT END
COMMAND RIGHT START
MOVE B53 203
MOVE B54 203
MOVE B98 163
COMMAND RIGHT END
TURN 284 RESULT
TIME LEFT 0 5 RIGHT 0 5
MOVE A6 59
MOVE A45 174
MOVE A46 174
MOVE A47 148
MOVE A48 148
MOVE A49 148
MOVE A50 133
MOVE A51 133
MOVE A52 133
MOVE A53 133
MOVE A163 49
MOVE B52 213
MOVE B53 240
MOVE B54 240
MOVE B55 214
MOVE B56 213
MOVE B93 210
MOVE B98 240
END TURN 284
TURN 285
COMMAND LEFT START
COMMAND LEFT END
COMMAND RIGHT START
COMMAND RIGHT END
TURN 285 RESULT
TIME LEFT 0 5 RIGHT 0 5
MOVE A6 87
MOVE A45 197
MOVE A46 197
MOVE A47 174
MOVE A48 174
MOVE A49 174
MOVE A50 148
MOVE A51 148
MOVE A52 148
MOVE A53 148
MOVE A163 66
MOVE B52 210
MOVE B53 237
MOVE B54 237
MOVE B56 210
MOVE B93 198
MOVE B98 237
END TURN 285
TURN 286
COMMAND LEFT START
UPGRADE 87
COMMAND LEFT END
COMMAND RIGHT START
COMMAND RIGHT END
TURN 286 RESULT
TIME LEFT 0 5 RIGHT 0 5
UPGRADE A 87
MOVE A45 206
MOVE A46 206
MOVE A47 197
MOVE A48 197
MOVE A49 197
MOVE A50 174
MOVE A51 174
MOVE A52 174
MOVE A53 174
MOVE A163 82
MOVE B52 198
MOVE B53 230
MOVE B54 230
MOVE B56 198
MOVE B93 185
MOVE B98 230
DAMAGE TURRET B53 1
DAMAGE COMBAT A37 3
DAMAGE COMBAT B53 7
DAMAGE COMBAT B54 8
DAMAGE COMBAT B98 8
END TURN 286
TURN 287
COMMAND LEFT START
COMMAND LEFT END
COMMAND RIGHT START
MOVE B85 163
MOVE B96 203
MOVE B97 203
COMMAND RIGHT END
TURN 287 RESULT
TIME LEFT 0 5 RIGHT 0 5
MOVE A45 222
MOVE A46 222
MOVE A47 206
MOVE A48 206
MOVE A49 206
MOVE A50 197
MOVE A51 197
MOVE A52 197
MOVE A53 197
MOVE A163 99
MOVE B52 185
MOVE B56 185
MOVE B85 240
MOVE B93 169
MOVE B96 240
MOVE B97 240
END TURN 287
TURN 288
COMMAND LEFT START
COMMAND LEFT END
COMMAND RIGHT START
MOVE B56 45
COMMAND RIGHT END
TURN 288 RESULT
TIME LEFT 0 5 RIGHT 0 5
MOVE A45 230
MOVE A46 230
MOVE A47 222
MOVE A48 222
MOVE A49 222
MOVE A50 206
MOVE A51 206
MOVE A52 206
MOVE A53 206
MOVE A163 119
MOVE B52 169
MOVE B56 157
MOVE B85 237
MOVE B93 153
MOVE B96 237
MOVE B97 237
END TURN 288
TURN 289
COMMAND LEFT START
COMMAND LEFT END
COMMAND RIGHT START
COMMAND RIGHT END
TURN 289 RESULT
TIME LEFT 0 5 RIGHT 0 5
MOVE A47 230
MOVE A48 230
MOVE A49 230
MOVE A50 222
MOVE A51 222
MOVE A52 222
MOVE A53 222
MOVE A163 138
MOVE B52 153
MOVE B56 131
MOVE B85 230
MOVE B93 127
MOVE B96 230
MOVE B97 230
DAMAGE TURRET B85 1
DAMAGE COMBAT A37 3
DAMAGE COMBAT B85 7
DAMAGE COMBAT B96 8
DAMAGE COMBAT B97 8
END TURN 289
TURN 290
COMMAND LEFT START
COMMAND LEFT END
COMMAND RIGHT START
TRAIN 3
COMMAND RIGHT END
TURN 290 RESULT
TIME LEFT 0 5 RIGHT 0 5
TRAIN B102 B103 B104
MOVE A50 230
MOVE A51 230
MOVE A52 230
MOVE A53 230
MOVE A163 152
MOVE B52 127
MOVE B56 114
END TURN 290
TURN 291
COMMAND LEFT START
COMMAND LEFT END
COMMAND RIGHT START
MOVE B95 163
MOVE B100 203
MOVE B101 203
COMMAND RIGHT END
TURN 291 RESULT
TIME LEFT 0 5 RIGHT 0 5
MOVE A163 168
MOVE B56 103
MOVE B95 240
MOVE B100 240
MOVE B101 240
END TURN 291
TURN 292
COMMAND LEFT START
UPGRADE 230
COMMAND LEFT END
COMMAND RIGHT START
TRAIN 1
COMMAND RIGHT END
TURN 292 RESULT
TIME LEFT 0 5 RIGHT 0 5
UPGRADE A 230
TRAIN B105
MOVE A163 181
MOVE B56 81
MOVE B95 237
MOVE B100 237
MOVE B101 237
DAMAGE TURRET B56 2
DAMAGE COMBAT A18 1
DAMAGE COMBAT B56 3
END TURN 292
TURN 293
COMMAND LEFT START
COMMAND LEFT END
COMMAND RIGHT START
COMMAND RIGHT END
TURN 293 RESULT
TIME LEFT 0 5 RIGHT 0 5
MOVE A163 201
MOVE B95 230
MOVE B100 230
MOVE B101 230
DAMAGE TURRET B56 2
DAMAGE TURRET B95 1
DAMAGE COMBAT A18 1
DAMAGE COMBAT A38 3
DAMAGE COMBAT B56 1
DAMAGE COMBAT B95 7
DAMAGE COMBAT B100 8
DAMAGE COMBAT B101 8
END TURN 293
TURN 294
COMMAND LEFT START
MOVE A8 81
COMMAND LEFT END
COMMAND RIGHT START
TRAIN 3
COMMAND RIGHT END
TURN 294 RESULT
TIME LEFT 0 5 RIGHT 0 5
TRAIN B106 B107 B108
MOVE A8 4
MOVE A163 216
END TURN 294
TURN 295
COMMAND LEFT START
COMMAND LEFT END
COMMAND RIGHT START
MOVE B102 163
MOVE B103 203
MOVE B104 203
MOVE B106 185
TRAIN 1
COMMAND RIGHT END
TURN 295 RESULT
TIME LEFT 0 5 RIGHT 0 5
TRAIN B109
MOVE A8 7
MOVE A163 228
MOVE B102 240
MOVE B103 240
MOVE B104 240
MOVE B106 238
END TURN 295
TURN 296
COMMAND LEFT START
MOVE A163 242
COMMAND LEFT END
COMMAND RIGHT START
COMMAND RIGHT END
TURN 296 RESULT
TIME LEFT 0 5 RIGHT 0 5
MOVE A8 14
MOVE A163 242
MOVE B102 237
MOVE B103 237
MOVE B104 237
MOVE B106 233
END TURN 296
TURN 297
COMMAND LEFT START
MOVE A54 230
MOVE A55 230
MOVE A56 230
MOVE A57 230
MOVE A58 230
MOVE A59 230
MOVE A60 230
MOVE A61 230
MOVE A62 230
MOVE A63 230
MOVE A64 230
MOVE A65 230
MOVE A66 230
MOVE A67 230
MOVE A68 230
MOVE A5 230
COMMAND LEFT END
COMMAND RIGHT START
TRAIN 1
COMMAND RIGHT END
TURN 297 RESULT
TIME LEFT 0 5 RIGHT 0 5
TRAIN B110
MOVE A5 90
MOVE A8 22
MOVE A54 6
MOVE A55 6
MOVE A56 6
MOVE A57 6
MOVE A58 6
MOVE A59 6
MOVE A60 6
MOVE A61 6
MOVE A62 6
MOVE A63 6
MOVE A64 6
MOVE A65 6
MOVE A66 6
MOVE A67 6
MOVE A68 6
MOVE B102 230
MOVE B103 230
MOVE B104 230
MOVE B106 223
DAMAGE TURRET B102 1
DAMAGE COMBAT A38 3
DAMAGE COMBAT B102 7
DAMAGE COMBAT B103 8
DAMAGE COMBAT B104 8
END TURN 297
TURN 298
COMMAND LEFT START
UPGRADE 68
COMMAND LEFT END
COMMAND RIGHT START
MOVE B109 163
MOVE B110 203
TRAIN 3
COMMAND RIGHT END
TURN 298 RESULT
TIME LEFT 0 5 RIGHT 0 5
UPGRADE A 68
TRAIN B111 B112 B113
MOVE A5 107
MOVE A8 32
MOVE A54 13
MOVE A55 13
MOVE A56 13
MOVE A57 13
MOVE A58 13
MOVE A59 13
MOVE A60 13
MOVE A61 13
MOVE A62 13
MOVE A63 13
MOVE A64 13
MOVE A65 13
MOVE A66 13
MOVE A67 13
MOVE A68 13
MOVE B106 213
MOVE B109 240
MOVE B110 240
END TURN 298
TURN 299
COMMAND LEFT START
MOVE A44 68
COMMAND LEFT END
COMMAND RIGHT START
COMMAND RIGHT END
TURN 299 RESULT
TIME LEFT 0 5 RIGHT 0 5
MOVE A5 138
MOVE A8 41
MOVE A44 6
MOVE A54 24
MOVE A55 24
MOVE A56 24
MOVE A57 24
MOVE A58 24
MOVE A59 24
MOVE A60 24
MOVE A61 24
MOVE A62 24
MOVE A63 24
MOVE A64 24
MOVE A65 24
MOVE A66 24
MOVE A67 24
MOVE A68 24
MOVE B106 210
MOVE B109 237
MOVE B110 237
END TURN 299
TURN 300
COMMAND LEFT START
COMMAND LEFT END
COMMAND RIGHT START
COMMAND RIGHT END
TURN 300 RESULT
TIME LEFT 0 5 RIGHT 0 5
MOVE A5 149
MOVE A8 52
MOVE A44 11
MOVE A54 37
MOVE A55 37
MOVE A56 37
MOVE A57 37
MOVE A58 37
MOVE A59 37
MOVE A60 37
MOVE A61 37
MOVE A62 37
MOVE A63 37
MOVE A64 37
MOVE A65 37
MOVE A66 37
MOVE A67 37
MOVE A68 37
MOVE B106 198
MOVE B109 230
MOVE B110 230
DAMAGE TURRET B109 1
DAMAGE COMBAT A38 2
DAMAGE COMBAT B109 7
DAMAGE COMBAT B110 8
END TURN 300
TURN 301
COMMAND LEFT START
COMMAND LEFT END
COMMAND RIGHT START
MOVE B108 203
TRAIN 3
COMMAND RIGHT END
TURN 301 RESULT
TIME LEFT 0 5 RIGHT 0 5
TRAIN B114 B115 B116
MOVE A5 161
MOVE A8 63
MOVE A44 21
MOVE A54 57
MOVE A55 57
MOVE A56 57
MOVE A57 57
MOVE A58 57
MOVE A59 57
MOVE A60 57
MOVE A61 57
MOVE A62 57
MOVE A63 57
MOVE A64 57
MOVE A65 57
MOVE A66 57
MOVE A67 57
MOVE A68 57
MOVE B106 185
MOVE B108 240
END TURN 301
TURN 302
COMMAND LEFT START
COMMAND LEFT END
COMMAND RIGHT START
MOVE B106 45
COMMAND RIGHT END
TURN 302 RESULT
TIME LEFT 0 5 RIGHT 0 5
MOVE A5 179
MOVE A8 64
MOVE A44 31
MOVE A54 73
MOVE A55 73
MOVE A56 73
MOVE A57 73
MOVE A58 73
MOVE A59 73
MOVE A60 73
MOVE A61 73
MOVE A62 73
MOVE A63 73
MOVE A64 73
MOVE A65 73
MOVE A66 73
MOVE A67 73
MOVE A68 73
MOVE B106 157
MOVE B108 237
END TURN 302
TURN 303
COMMAND LEFT START
COMMAND LEFT END
COMMAND RIGHT START
COMMAND RIGHT END
TURN 303 RESULT
TIME LEFT 0 5 RIGHT 0 5
MOVE A5 197
MOVE A8 74
MOVE A44 34
MOVE A54 93
MOVE A55 93
MOVE A56 93
MOVE A57 93
MOVE A58 93
MOVE A59 93
MOVE A60 93
MOVE A61 93
MOVE A62 93
MOVE A63 93
MOVE A64 93
MOVE A65 93
MOVE A66 93
MOVE A67 93
MOVE A68 93
MOVE B106 131
MOVE B108 230
DAMAGE TURRET B108 1
DAMAGE COMBAT A39 1
DAMAGE COMBAT B108 7
END TURN 303
TURN 304
COMMAND LEFT START
UPGRADE 87
COMMAND LEFT END
COMMAND RIGHT START
MOVE B94 163
MOVE B107 203
TRAIN 1
COMMAND RIGHT END
TURN 304 RESULT
TIME LEFT 0 5 RIGHT 0 5
UPGRADE A 87
TRAIN B117
MOVE A5 206
MOVE A8 81
MOVE A44 46
MOVE A54 104
MOVE A55 104
MOVE A56 104
MOVE A57 104
MOVE A58 104
MOVE A59 104
MOVE A60 104
MOVE A61 104
MOVE A62 104
MOVE A63 104
MOVE A64 104
MOVE A65 104
MOVE A66 104
MOVE A67 104
MOVE A68 104
MOVE B94 240
MOVE B106 114
MOVE B107 240
END TURN 304
TURN 305
COMMAND LEFT START
MOVE A13 87
COMMAND LEFT END
COMMAND RIGHT START
TRAIN 1
COMMAND RIGHT END
TURN 305 RESULT
TIME LEFT 0 5 RIGHT 0 5
TRAIN B118
MOVE A5 222
MOVE A13 6
MOVE A44 68
MOVE A54 116
MOVE A55 116
MOVE A56 116
MOVE A57 116
MOVE A58 116
MOVE A59 116
MOVE A60 116
MOVE A61 116
MOVE A62 116
MOVE A63 116
MOVE A64 116
MOVE A65 116
MOVE A66 116
MOVE A67 116
MOVE A68 116
MOVE B94 237
MOVE B106 103
MOVE B107 237
END TURN 305
TURN 306
COMMAND LEFT START
COMMAND LEFT END
COMMAND RIGHT START
COMMAND RIGHT END
TURN 306 RESULT
TIME LEFT 0 5 RIGHT 0 5
MOVE A5 230
MOVE A13 11
MOVE A54 133
MOVE A55 133
MOVE A56 133
MOVE A57 133
MOVE A58 133
MOVE A59 133
MOVE A60 133
MOVE A61 133
MOVE A62 133
MOVE A63 133
MOVE A64 133
MOVE A65 133
MOVE A66 133
MOVE A67 133
MOVE A68 133
MOVE B94 230
MOVE B106 81
MOVE B107 230
DAMAGE TURRET B94 1
DAMAGE TURRET B106 2
DAMAGE COMBAT A5 2
DAMAGE COMBAT A8 1
DAMAGE COMBAT B94 7
DAMAGE COMBAT B106 3
DAMAGE COMBAT B107 8
END TURN 306
TURN 307
COMMAND LEFT START
MOVE A22 81
COMMAND LEFT END
COMMAND RIGHT START
MOVE B117 203
TRAIN 3
COMMAND RIGHT END
TURN 307 RESULT
TIME LEFT 0 5 RIGHT 0 5
TRAIN B119 B120 B121
MOVE A13 21
MOVE A22 4
MOVE A54 148
MOVE A55 148
MOVE A56 148
MOVE A57 148
MOVE A58 148
MOVE A59 148
MOVE A60 148
MOVE A61 148
MOVE A62 148
MOVE A63 148
MOVE A64 148
MOVE A65 148
MOVE A66 148
MOVE A67 148
MOVE A68 148
MOVE B117 240
DAMAGE TURRET B106 2
DAMAGE COMBAT A19 1
DAMAGE COMBAT B106 1
END TURN 307
TURN 308
COMMAND LEFT START
COMMAND LEFT END
COMMAND RIGHT START
MOVE B119 185
COMMAND RIGHT END
TURN 308 RESULT
TIME LEFT 0 5 RIGHT 0 5
MOVE A13 31
MOVE A22 7
MOVE A54 174
MOVE A55 174
MOVE A56 174
MOVE A57 174
MOVE A58 174
MOVE A59 174
MOVE A60 174
MOVE A61 174
MOVE A62 174
MOVE A63 174
MOVE A64 174
MOVE A65 174
MOVE A66 174
MOVE A67 174
MOVE A68 174
MOVE B117 237
MOVE B119 238
END TURN 308
TURN 309
COMMAND LEFT START
UPGRADE 230
COMMAND LEFT END
COMMAND RIGHT START
TRAIN 1
COMMAND RIGHT END
TURN 309 RESULT
TIME LEFT 0 5 RIGHT 0 5
UPGRADE A 230
TRAIN B122
MOVE A13 34
MOVE A22 14
MOVE A54 197
MOVE A55 197
MOVE A56 197
MOVE A57 197
MOVE A58 197
MOVE A59 197
MOVE A60 197
MOVE A61 197
MOVE A62 197
MOVE A63 197
MOVE A64 197
MOVE A65 197
MOVE A66 197
MOVE A67 197
MOVE A68 197
MOVE B117 230
MOVE B119 233
DAMAGE TURRET B117 2
DAMAGE COMBAT A5 1
DAMAGE COMBAT B117 6
END TURN 309
TURN 310
COMMAND LEFT START
COMMAND LEFT END
COMMAND RIGHT START
MOVE B88 163
MOVE B92 203
MOVE B122 203
TRAIN 1
COMMAND RIGHT END
TURN 310 RESULT
TIME LEFT 0 5 RIGHT 0 5
TRAIN B123
MOVE A13 46
MOVE A22 22
MOVE A54 206
MOVE A55 206
MOVE A56 206
MOVE A57 206
MOVE A58 206
MOVE A59 206
MOVE A60 206
MOVE A61 206
MOVE A62 206
MOVE A63 206
MOVE A64 206
MOVE A65 206
MOVE A66 206
MOVE A67 206
MOVE A68 206
MOVE B88 240
MOVE B92 240
MOVE B119 223
MOVE B122 240
END TURN 310
TURN 311
COMMAND LEFT START
COMMAND LEFT END
COMMAND RIGHT START
COMMAND RIGHT END
TURN 311 RESULT
TIME LEFT 0 5 RIGHT 0 5
MOVE A13 59
MOVE A22 32
MOVE A54 222
MOVE A55 222
MOVE A56 222
MOVE A57 222
MOVE A58 222
MOVE A59 222
MOVE A60 222
MOVE A61 222
MOVE A62 222
MOVE A63 222
MOVE A64 222
MOVE A65 222
MOVE A66 222
MOVE A67 222
MOVE A68 222
MOVE B88 237
MOVE B92 237
MOVE B119 213
MOVE B122 237
END TURN 311
TURN 312
COMMAND LEFT START
COMMAND LEFT END
COMMAND RIGHT START
TRAIN 1
COMMAND RIGHT END
TURN 312 RESULT
TIME LEFT 0 5 RIGHT 0 5
TRAIN B124
MOVE A13 87
MOVE A22 41
MOVE A54 230
MOVE A55 230
MOVE A56 230
MOVE A57 230
MOVE A58 230
MOVE A59 230
MOVE A60 230
MOVE A61 230
MOVE A62 230
MOVE A63 230
MOVE A64 230
MOVE A65 230
MOVE A66 230
MOVE A67 230
MOVE A68 230
MOVE B88 230
MOVE B92 230
MOVE B119 210
MOVE B122 230
DAMAGE TURRET B92 2
DAMAGE COMBAT A5 1
DAMAGE COMBAT A39 2
DAMAGE COMBAT B88 8
DAMAGE COMBAT B92 4
DAMAGE COMBAT B122 8
END TURN 312
TURN 313
COMMAND LEFT START
COMMAND LEFT END
COMMAND RIGHT START
MOVE B80 163
MOVE B81 203
MOVE B82 203
TRAIN 3
COMMAND RIGHT END
TURN 313 RESULT
TIME LEFT 0 5 RIGHT 0 5
TRAIN B125 B126 B127
MOVE A22 52
MOVE B80 240
MOVE B81 240
MOVE B82 240
MOVE B119 198
END TURN 313
TURN 314
COMMAND LEFT START
UPGRADE 68
COMMAND LEFT END
COMMAND RIGHT START
COMMAND RIGHT END
TURN 314 RESULT
TIME LEFT 0 5 RIGHT 0 5
UPGRADE A 68
MOVE A22 63
MOVE B80 237
MOVE B81 237
MOVE B82 237
MOVE B119 185
END TURN 314
TURN 315
COMMAND LEFT START
MOVE A23 68
COMMAND LEFT END
COMMAND RIGHT START
MOVE B119 45
COMMAND RIGHT END
TURN 315 RESULT
TIME LEFT 0 5 RIGHT 0 5
MOVE A22 64
MOVE A23 6
MOVE B80 230
MOVE B81 230
MOVE B82 230
MOVE B119 157
DAMAGE TURRET B80 2
DAMAGE COMBAT A39 3
DAMAGE COMBAT B80 6
DAMAGE COMBAT B81 8
DAMAGE COMBAT B82 8
END TURN 315
TURN 316
COMMAND LEFT START
COMMAND LEFT END
COMMAND RIGHT START
TRAIN 3
COMMAND RIGHT END
TURN 316 RESULT
TIME LEFT 0 5 RIGHT 0 5
TRAIN B128 B129 B130
MOVE A22 74
MOVE A23 11
MOVE B119 131
END TURN 316
TURN 317
COMMAND LEFT START
COMMAND LEFT END
COMMAND RIGHT START
MOVE B124 163
MOVE B125 203
MOVE B126 203
COMMAND RIGHT END
TURN 317 RESULT
TIME LEFT 0 5 RIGHT 0 5
MOVE A22 81
MOVE A23 21
MOVE B119 114
MOVE B124 240
MOVE B125 240
MOVE B126 240
END TURN 317
TURN 318
COMMAND LEFT START
UPGRADE 87
COMMAND LEFT END
COMMAND RIGHT START
TRAIN 1
COMMAND RIGHT END
TURN 318 RESULT
TIME LEFT 0 5 RIGHT 0 5
UPGRADE A 87
TRAIN B131
MOVE A23 31
MOVE B119 103
MOVE B124 237
MOVE B125 237
MOVE B126 237
END TURN 318
TURN 319
COMMAND LEFT START
MOVE A25 87
COMMAND LEFT END
COMMAND RIGHT START
COMMAND RIGHT END
TURN 319 RESULT
TIME LEFT 0 5 RIGHT 0 5
MOVE A23 34
MOVE A25 6
MOVE B119 81
MOVE B124 230
MOVE B125 230
MOVE B126 230
DAMAGE TURRET B119 2
DAMAGE TURRET B124 2
DAMAGE COMBAT A19 1
DAMAGE COMBAT A39 2
DAMAGE COMBAT A40 1
DAMAGE COMBAT B119 3
DAMAGE COMBAT B124 6
DAMAGE COMBAT B125 8
DAMAGE COMBAT B126 8
END TURN 319
TURN 320
COMMAND LEFT START
COMMAND LEFT END
COMMAND RIGHT START
TRAIN 3
COMMAND RIGHT END
TURN 320 RESULT
TIME LEFT 0 5 RIGHT 0 5
TRAIN B132 B133 B134
MOVE A23 46
MOVE A25 11
DAMAGE TURRET B119 2
DAMAGE COMBAT A19 1
DAMAGE COMBAT B119 1
END TURN 320
TURN 321
COMMAND LEFT START
COMMAND LEFT END
COMMAND RIGHT START
MOVE B123 163
MOVE B129 203
MOVE B130 203
MOVE B132 185
TRAIN 1
COMMAND RIGHT END
TURN 321 RESULT
TIME LEFT 0 5 RIGHT 0 5
TRAIN B135
MOVE A23 68
MOVE A25 21
MOVE B123 240
MOVE B129 240
MOVE B130 240
MOVE B132 238
END TURN 321
TURN 322
COMMAND LEFT START
COMMAND LEFT END
COMMAND RIGHT START
COMMAND RIGHT END
TURN 322 RESULT
TIME LEFT 0 5 RIGHT 0 5
MOVE A25 31
MOVE B123 237
MOVE B129 237
MOVE B130 237
MOVE B132 233
END TURN 322
TURN 323
COMMAND LEFT START
MOVE A41 220
MOVE A42 220
MOVE A43 220
MOVE A45 220
MOVE A46 220
MOVE A47 220
MOVE A48 220
MOVE A49 220
MOVE A50 220
MOVE A51 220
MOVE A52 220
MOVE A53 220
MOVE A54 220
MOVE A55 220
MOVE A56 220
MOVE A57 220
MOVE A58 220
MOVE A59 220
MOVE A60 220
MOVE A61 220
MOVE A62 220
MOVE A63 220
MOVE A64 220
MOVE A65 220
MOVE A66 220
MOVE A67 220
MOVE A68 220
MOVE A71 220
MOVE A72 220
MOVE A73 220
MOVE A74 220
MOVE A75 220
MOVE A76 220
MOVE A77 220
MOVE A78 220
MOVE A79 220
MOVE A80 220
MOVE A81 220
MOVE A82 220
MOVE A83 220
MOVE A84 220
MOVE A85 220
MOVE A86 220
MOVE A87 220
MOVE A88 220
MOVE A89 220
MOVE A90 220
MOVE A91 220
MOVE A92 220
MOVE A93 220
MOVE A94 220
MOVE A95 220
MOVE A96 220
MOVE A97 220
MOVE A98 220
MOVE A99 220
MOVE A100 220
MOVE A101 220
MOVE A102 220
MOVE A103 220
MOVE A104 220
MOVE A105 220
MOVE A106 220
MOVE A107 220
MOVE A108 220
MOVE A109 220
MOVE A110 220
MOVE A111 220
MOVE A112 220
MOVE A113 220
MOVE A114 220
MOVE A115 220
MOVE A116 220
MOVE A117 220
MOVE A118 220
MOVE A119 220
MOVE A120 220
MOVE A121 220
MOVE A122 220
MOVE A123 220
MOVE A124 220
MOVE A125 220
MOVE A126 220
MOVE A127 220
MOVE A128 220
COMMAND LEFT END
COMMAND RIGHT START
TRAIN 1
COMMAND RIGHT END
TURN 323 RESULT
TIME LEFT 0 5 RIGHT 0 5
TRAIN B136
MOVE A25 34
MOVE A41 227
MOVE A42 227
MOVE A43 227
MOVE A45 227
MOVE A46 227
MOVE A47 227
MOVE A48 227
MOVE A49 227
MOVE A50 227
MOVE A51 227
MOVE A52 227
MOVE A53 227
MOVE A54 227
MOVE A55 227
MOVE A56 227
MOVE A57 227
MOVE A58 227
MOVE A59 227
MOVE A60 227
MOVE A61 227
MOVE A62 227
MOVE A63 227
MOVE A64 227
MOVE A65 227
MOVE A66 227
MOVE A67 227
MOVE A68 227
MOVE A71 227
MOVE A72 227
MOVE A73 227
MOVE A74 227
MOVE A75 227
MOVE A76 227
MOVE A77 227
MOVE A78 227
MOVE A79 227
MOVE A80 227
MOVE A81 227
MOVE A82 227
MOVE A83 227
MOVE A84 227
MOVE A85 227
MOVE A86 227
MOVE A87 227
MOVE A88 227
MOVE A89 227
MOVE A90 227
MOVE A91 227
MOVE A92 227
MOVE A93 227
MOVE A94 227
MOVE A95 227
MOVE A96 227
MOVE A97 227
MOVE A98 227
MOVE A99 227
MOVE A100 227
MOVE A101 227
MOVE A102 227
MOVE A103 227
MOVE A104 227
MOVE A105 227
MOVE A106 227
MOVE A107 227
MOVE A108 227
MOVE A109 227
MOVE A110 227
MOVE A111 227
MOVE A112 227
MOVE A113 227
MOVE A114 227
MOVE A115 227
MOVE A116 227
MOVE A117 227
MOVE A118 227
MOVE A119 227
MOVE A120 227
MOVE A121 227
MOVE A122 227
MOVE A123 227
MOVE A124 227
MOVE A125 227
MOVE A126 227
MOVE A127 227
MOVE A128 227
MOVE B123 230
MOVE B129 230
MOVE B130 230
MOVE B132 223
DAMAGE TURRET B123 2
DAMAGE COMBAT A40 3
DAMAGE COMBAT B123 3
END TURN 323
TURN 324
COMMAND LEFT START
TRAIN 1
COMMAND LEFT END
COMMAND RIGHT START
COMMAND RIGHT END
TURN 324 RESULT
TIME LEFT 0 5 RIGHT 0 5
TRAIN A164
MOVE A25 46
MOVE A41 221
MOVE A42 221
MOVE A43 221
MOVE A45 221
MOVE A46 221
MOVE A47 221
MOVE A48 221
MOVE A49 221
MOVE A50 221
MOVE A51 221
MOVE A52 221
MOVE A53 221
MOVE A54 221
MOVE A55 221
MOVE A56 221
MOVE A57 221
MOVE A58 221
MOVE A59 221
MOVE A60 221
MOVE A61 221
MOVE A62 221
MOVE A63 221
MOVE A64 221
MOVE A65 221
MOVE A66 221
MOVE A67 221
MOVE A68 221
MOVE A71 221
MOVE A72 221
MOVE A73 221
MOVE A74 221
MOVE A75 221
MOVE A76 221
MOVE A77 221
MOVE A78 221
MOVE A79 221
MOVE A80 221
MOVE A81 221
MOVE A82 221
MOVE A83 221
MOVE A84 221
MOVE A85 221
MOVE A86 221
MOVE A87 221
MOVE A88 221
MOVE A89 221
MOVE A90 221
MOVE A91 221
MOVE A92 221
MOVE A93 221
MOVE A94 221
MOVE A95 221
MOVE A96 221
MOVE A97 221
MOVE A98 221
MOVE A99 221
MOVE A100 221
MOVE A101 221
MOVE A102 221
MOVE A103 221
MOVE A104 221
MOVE A105 221
MOVE A106 221
MOVE A107 221
MOVE A108 221
MOVE A109 221
MOVE A110 221
MOVE A111 221
MOVE A112 221
MOVE A113 221
MOVE A114 221
MOVE A115 221
MOVE A116 221
MOVE A117 221
MOVE A118 221
MOVE A119 221
MOVE A120 221
MOVE A121 221
MOVE A122 221
MOVE A123 221
MOVE A124 221
MOVE A125 221
MOVE A126 221
MOVE A127 221
MOVE A128 221
MOVE B132 213
DAMAGE TURRET B123 2
DAMAGE COMBAT A40 3
DAMAGE COMBAT B123 1
DAMAGE COMBAT B129 2
END TURN 324
TURN 325
COMMAND LEFT START
TRAIN 2
COMMAND LEFT END
COMMAND RIGHT START
TRAIN 2
COMMAND RIGHT END
TURN 325 RESULT
TIME LEFT 0 5 RIGHT 0 5
TRAIN A165 A166 B137 B138
MOVE A25 59
MOVE A41 220
MOVE A42 220
MOVE A43 220
MOVE A45 220
MOVE A46 220
MOVE A47 220
MOVE A48 220
MOVE A49 220
MOVE A50 220
MOVE A51 220
MOVE A52 220
MOVE A53 220
MOVE A54 220
MOVE A55 220
MOVE A56 220
MOVE A57 220
MOVE A58 220
MOVE A59 220
MOVE A60 220
MOVE A61 220
MOVE A62 220
MOVE A63 220
MOVE A64 220
MOVE A65 220
MOVE A66 220
MOVE A67 220
MOVE A68 220
MOVE A71 220
MOVE A72 220
MOVE A73 220
MOVE A74 220
MOVE A75 220
MOVE A76 220
MOVE A77 220
MOVE A78 220
MOVE A79 220
MOVE A80 220
MOVE A81 220
MOVE A82 220
MOVE A83 220
MOVE A84 220
MOVE A85 220
MOVE A86 220
MOVE A87 220
MOVE A88 220
MOVE A89 220
MOVE A90 220
MOVE A91 220
MOVE A92 220
MOVE A93 220
MOVE A94 220
MOVE A95 220
MOVE A96 220
MOVE A97 220
MOVE A98 220
MOVE A99 220
MOVE A100 220
MOVE A101 220
MOVE A102 220
MOVE A103 220
MOVE A104 220
MOVE A105 220
MOVE A106 220
MOVE A107 220
MOVE A108 220
MOVE A109 220
MOVE A110 220
MOVE A111 220
MOVE A112 220
MOVE A113 220
MOVE A114 220
MOVE A115 220
MOVE A116 220
MOVE A117 220
MOVE A118 220
MOVE A119 220
MOVE A120 220
MOVE A121 220
MOVE A122 220
MOVE A123 220
MOVE A124 220
MOVE A125 220
MOVE A126 220
MOVE A127 220
MOVE A128 220
MOVE B132 210
DAMAGE TURRET A41 2
DAMAGE TURRET B129 2
DAMAGE COMBAT A40 1
DAMAGE COMBAT A41 3
DAMAGE COMBAT A129 1
DAMAGE COMBAT B2 3
DAMAGE COMBAT B24 6
DAMAGE COMBAT B27 6
DAMAGE COMBAT B129 3
SIEGE B 220 18
END TURN 325
TURN 326
COMMAND LEFT START
MOVE A26 230
MOVE A28 220
TRAIN 1
COMMAND LEFT END
COMMAND RIGHT START
MOVE B18 220
MOVE B39 184
MOVE B42 184
MOVE B44 184
MOVE B45 184
MOVE B46 184
MOVE B47 184
MOVE B48 184
MOVE B49 184
MOVE B50 184
MOVE B51 184
MOVE B57 184
MOVE B58 184
MOVE B59 184
MOVE B60 184
MOVE B61 184
MOVE B62 184
MOVE B63 184
MOVE B64 184
MOVE B66 184
MOVE B68 184
MOVE B69 184
MOVE B70 184
MOVE B71 184
MOVE B72 184
MOVE B73 184
MOVE B74 184
MOVE B75 184
MOVE B76 184
MOVE B77 184
MOVE B78 184
MOVE B79 184
MOVE B84 184
MOVE B86 184
MOVE B105 184
MOVE B111 184
MOVE B112 184
MOVE B113 184
MOVE B114 184
MOVE B115 184
MOVE B116 184
MOVE B118 184
MOVE B120 184
MOVE B121 184
MOVE B127 184
MOVE B128 184
MOVE B131 184
MOVE B133 184
MOVE B134 184
MOVE B135 184
MOVE B136 184
MOVE B137 184
MOVE B138 184
COMMAND RIGHT END
TURN 326 RESULT
TIME LEFT 0 5 RIGHT 0 5
TRAIN A167
MOVE A25 87
MOVE A26 6
MOVE A28 4
MOVE B18 238
MOVE B39 240
MOVE B42 240
MOVE B44 240
MOVE B45 240
MOVE B46 240
MOVE B47 240
MOVE B48 240
MOVE B49 240
MOVE B50 240
MOVE B51 240
MOVE B57 240
MOVE B58 240
MOVE B59 240
MOVE B60 240
MOVE B61 240
MOVE B62 240
MOVE B63 240
MOVE B64 240
MOVE B66 240
MOVE B68 240
MOVE B69 240
MOVE B70 240
MOVE B71 240
MOVE B72 240
MOVE B73 240
MOVE B74 240
MOVE B75 240
MOVE B76 240
MOVE B77 240
MOVE B78 240
MOVE B79 240
MOVE B84 240
MOVE B86 240
MOVE B105 240
MOVE B111 240
MOVE B112 240
MOVE B113 240
MOVE B114 240
MOVE B115 240
MOVE B116 240
MOVE B118 240
MOVE B120 240
MOVE B121 240
MOVE B127 240
MOVE B128 240
MOVE B131 240
MOVE B132 198
MOVE B133 240
MOVE B134 240
MOVE B135 240
MOVE B136 240
MOVE B137 240
MOVE B138 240
DAMAGE TURRET B129 1
DAMAGE TURRET B130 1
DAMAGE COMBAT A129 2
DAMAGE COMBAT B130 2
END TURN 326
TURN 327
COMMAND LEFT START
TRAIN 1
COMMAND LEFT END
COMMAND RIGHT START
MOVE B52 244
MOVE B55 244
MOVE B93 244
TRAIN 3
COMMAND RIGHT END
TURN 327 RESULT
TIME LEFT 0 5 RIGHT 0 5
TRAIN A168 B139 B140 B141
MOVE A26 13
MOVE A28 10
MOVE B18 231
MOVE B39 237
MOVE B42 237
MOVE B44 237
MOVE B45 237
MOVE B46 237
MOVE B47 237
MOVE B48 237
MOVE B49 237
MOVE B50 237
MOVE B51 237
MOVE B52 153
MOVE B55 228
MOVE B57 237
MOVE B58 237
MOVE B59 237
MOVE B60 237
MOVE B61 237
MOVE B62 237
MOVE B63 237
MOVE B64 237
MOVE B66 237
MOVE B68 237
MOVE B69 237
MOVE B70 237
MOVE B71 237
MOVE B72 237
MOVE B73 237
MOVE B74 237
MOVE B75 237
MOVE B76 237
MOVE B77 237
MOVE B78 237
MOVE B79 237
MOVE B84 237
MOVE B86 237
MOVE B93 153
MOVE B105 237
MOVE B111 237
MOVE B112 237
MOVE B113 237
MOVE B114 237
MOVE B115 237
MOVE B116 237
MOVE B118 237
MOVE B120 237
MOVE B121 237
MOVE B127 237
MOVE B128 237
MOVE B131 237
MOVE B132 185
MOVE B133 237
MOVE B134 237
MOVE B135 237
MOVE B136 237
MOVE B137 237
MOVE B138 237
DAMAGE TURRET B130 2
DAMAGE COMBAT A129 1
DAMAGE COMBAT B130 2
END TURN 327
TURN 328
COMMAND LEFT START
TRAIN 2
COMMAND LEFT END
COMMAND RIGHT START
MOVE B132 244
TRAIN 3
COMMAND RIGHT END
TURN 328 RESULT
TIME LEFT 0 5 RIGHT 0 5
TRAIN A169 A170 B142 B143 B144
MOVE A26 24
MOVE A28 23
MOVE B18 220
MOVE B39 230
MOVE B42 230
MOVE B44 230
MOVE B45 230
MOVE B46 230
MOVE B47 230
MOVE B48 230
MOVE B49 230
MOVE B50 230
MOVE B51 230
MOVE B52 169
MOVE B55 242
MOVE B57 230
MOVE B58 230
MOVE B59 230
MOVE B60 230
MOVE B61 230
MOVE B62 230
MOVE B63 230
MOVE B64 230
MOVE B66 230
MOVE B68 230
MOVE B69 230
MOVE B70 230
MOVE B71 230
MOVE B72 230
MOVE B73 230
MOVE B74 230
MOVE B75 230
MOVE B76 230
MOVE B77 230
MOVE B78 230
MOVE B79 230
MOVE B84 230
MOVE B86 230
MOVE B93 169
MOVE B105 230
MOVE B111 230
MOVE B112 230
MOVE B113 230
MOVE B114 230
MOVE B115 230
MOVE B116 230
MOVE B118 230
MOVE B120 230
MOVE B121 230
MOVE B127 230
MOVE B128 230
MOVE B131 230
MOVE B132 198
MOVE B133 230
MOVE B134 230
MOVE B135 230
MOVE B136 230
MOVE B137 230
MOVE B138 230
DAMAGE TURRET B39 1
DAMAGE TURRET B130 1
DAMAGE COMBAT A41 1
DAMAGE COMBAT A129 4
DAMAGE COMBAT A130 8
DAMAGE COMBAT A163 1
DAMAGE COMBAT B18 6
DAMAGE COMBAT B39 2
DAMAGE COMBAT B55 1
SIEGE A 230 18
END TURN 328
TURN 329
COMMAND LEFT START
TRAIN 1
COMMAND LEFT END
COMMAND RIGHT START
TRAIN 3
COMMAND RIGHT END
TURN 329 RESULT
TIME LEFT 0 5 RIGHT 0 5
TRAIN A171 B145 B146 B147
MOVE A26 37
MOVE A28 40
MOVE B42 226
MOVE B44 226
MOVE B45 226
MOVE B46 226
MOVE B47 226
MOVE B48 226
MOVE B49 226
MOVE B50 226
MOVE B51 226
MOVE B52 185
MOVE B57 226
MOVE B58 226
MOVE B59 226
MOVE B60 226
MOVE B61 226
MOVE B62 226
MOVE B63 226
MOVE B64 226
MOVE B66 226
MOVE B68 226
MOVE B69 226
MOVE B70 226
MOVE B71 226
MOVE B72 226
MOVE B73 226
MOVE B74 226
MOVE B75 226
MOVE B76 226
MOVE B77 226
MOVE B78 226
MOVE B79 226
MOVE B84 226
MOVE B86 226
MOVE B93 185
MOVE B105 226
MOVE B111 226
MOVE B112 226
MOVE B113 226
MOVE B114 226
MOVE B115 226
MOVE B116 226
MOVE B118 226
MOVE B120 226
MOVE B121 226
MOVE B127 226
MOVE B128 226
MOVE B131 226
MOVE B132 210
MOVE B133 226
MOVE B134 226
MOVE B135 226
MOVE B136 226
MOVE B137 226
MOVE B138 226
DAMAGE COMBAT A163 1
DAMAGE COMBAT B55 1
END TURN 329
TURN 330
COMMAND LEFT START
TRAIN 1
COMMAND LEFT END
COMMAND RIGHT START
TRAIN 3
COMMAND RIGHT END
TURN 330 RESULT
TIME LEFT 0 5 RIGHT 0 5
TRAIN A172 B148 B149 B150
MOVE A26 57
MOVE A28 51
MOVE B42 224
MOVE B44 224
MOVE B45 224
MOVE B46 224
MOVE B47 224
MOVE B48 224
MOVE B49 224
MOVE B50 224
MOVE B51 224
MOVE B52 198
MOVE B57 224
MOVE B58 224
MOVE B59 224
MOVE B60 224
MOVE B61 224
MOVE B62 224
MOVE B63 224
MOVE B64 224
MOVE B66 224
MOVE B68 224
MOVE B69 224
MOVE B70 224
MOVE B71 224
MOVE B72 224
MOVE B73 224
MOVE B74 224
MOVE B75 224
MOVE B76 224
MOVE B77 224
MOVE B78 224
MOVE B79 224
MOVE B84 224
MOVE B86 224
MOVE B93 198
MOVE B105 224
MOVE B111 224
MOVE B112 224
MOVE B113 224
MOVE B114 224
MOVE B115 224
MOVE B116 224
MOVE B118 224
MOVE B120 224
MOVE B121 224
MOVE B127 224
MOVE B128 224
MOVE B131 224
MOVE B132 213
MOVE B133 224
MOVE B134 224
MOVE B135 224
MOVE B136 224
MOVE B137 224
MOVE B138 224
DAMAGE COMBAT A163 1
DAMAGE COMBAT B55 1
END TURN 330
TURN 331
COMMAND LEFT START
TRAIN 1
COMMAND LEFT END
COMMAND RIGHT START
MOVE B148 220
COMMAND RIGHT END
TURN 331 RESULT
TIME LEFT 0 5 RIGHT 0 5
TRAIN A173
MOVE A26 73
MOVE A28 69
MOVE B42 216
MOVE B44 216
MOVE B45 216
MOVE B46 216
MOVE B47 216
MOVE B48 216
MOVE B49 216
MOVE B50 216
MOVE B51 216
MOVE B52 210
MOVE B57 216
MOVE B58 216
MOVE B59 216
MOVE B60 216
MOVE B61 216
MOVE B62 216
MOVE B63 216
MOVE B64 216
MOVE B66 216
MOVE B68 216
MOVE B69 216
MOVE B70 216
MOVE B71 216
MOVE B72 216
MOVE B73 216
MOVE B74 216
MOVE B75 216
MOVE B76 216
MOVE B77 216
MOVE B78 216
MOVE B79 216
MOVE B84 216
MOVE B86 216
MOVE B93 210
MOVE B105 216
MOVE B111 216
MOVE B112 216
MOVE B113 216
MOVE B114 216
MOVE B115 216
MOVE B116 216
MOVE B118 216
MOVE B120 216
MOVE B121 216
MOVE B127 216
MOVE B128 216
MOVE B131 216
MOVE B132 223
MOVE B133 216
MOVE B134 216
MOVE B135 216
MOVE B136 216
MOVE B137 216
MOVE B138 216
MOVE B148 238
DAMAGE COMBAT A163 1
DAMAGE COMBAT B55 1
END TURN 331
TURN 332
COMMAND LEFT START
COMMAND LEFT END
COMMAND RIGHT START
COMMAND RIGHT END
TURN 332 RESULT
TIME LEFT 0 5 RIGHT 0 5
MOVE A26 93
MOVE A28 86
MOVE B42 201
MOVE B44 201
MOVE B45 201
MOVE B46 201
MOVE B47 201
MOVE B48 201
MOVE B49 201
MOVE B50 201
MOVE B51 201
MOVE B52 213
MOVE B57 201
MOVE B58 201
MOVE B59 201
MOVE B60 201
MOVE B61 201
MOVE B62 201
MOVE B63 201
MOVE B64 201
MOVE B66 201
MOVE B68 201
MOVE B69 201
MOVE B70 201
MOVE B71 201
MOVE B72 201
MOVE B73 201
MOVE B74 201
MOVE B75 201
MOVE B76 201
MOVE B77 201
MOVE B78 201
MOVE B79 201
MOVE B84 201
MOVE B86 201
MOVE B93 213
MOVE B105 201
MOVE B111 201
MOVE B112 201
MOVE B113 201
MOVE B114 201
MOVE B115 201
MOVE B116 201
MOVE B118 201
MOVE B120 201
MOVE B121 201
MOVE B127 201
MOVE B128 201
MOVE B131 201
MOVE B132 233
MOVE B133 201
MOVE B134 201
MOVE B135 201
MOVE B136 201
MOVE B137 201
MOVE B138 201
MOVE B148 231
DAMAGE COMBAT A163 1
DAMAGE COMBAT B55 1
END TURN 332
TURN 333
COMMAND LEFT START
COMMAND LEFT END
COMMAND RIGHT START
COMMAND RIGHT END
TURN 333 RESULT
TIME LEFT 0 5 RIGHT 0 5
MOVE A26 104
MOVE A28 102
MOVE B42 196
MOVE B44 196
MOVE B45 196
MOVE B46 196
MOVE B47 196
MOVE B48 196
MOVE B49 196
MOVE B50 196
MOVE B51 196
MOVE B52 223
MOVE B57 196
MOVE B58 196
MOVE B59 196
MOVE B60 196
MOVE B61 196
MOVE B62 196
MOVE B63 196
MOVE B64 196
MOVE B66 196
MOVE B68 196
MOVE B69 196
MOVE B70 196
MOVE B71 196
MOVE B72 196
MOVE B73 196
MOVE B74 196
MOVE B75 196
MOVE B76 196
MOVE B77 196
MOVE B78 196
MOVE B79 196
MOVE B84 196
MOVE B86 196
MOVE B93 223
MOVE B105 196
MOVE B111 196
MOVE B112 196
MOVE B113 196
MOVE B114 196
MOVE B115 196
MOVE B116 196
MOVE B118 196
MOVE B120 196
MOVE B121 196
MOVE B127 196
MOVE B128 196
MOVE B131 196
MOVE B132 238
MOVE B133 196
MOVE B134 196
MOVE B135 196
MOVE B136 196
MOVE B137 196
MOVE B138 196
MOVE B148 220
DAMAGE COMBAT A41 1
DAMAGE COMBAT A163 1
DAMAGE COMBAT B55 1
DAMAGE COMBAT B148 8
END TURN 333
TURN 334
COMMAND LEFT START
COMMAND LEFT END
COMMAND RIGHT START
TRAIN 1
COMMAND RIGHT END
TURN 334 RESULT
TIME LEFT 0 5 RIGHT 0 5
TRAIN B151
MOVE A26 116
MOVE A28 121
MOVE B42 184
MOVE B44 184
MOVE B45 184
MOVE B46 184
MOVE B47 184
MOVE B48 184
MOVE B49 184
MOVE B50 184
MOVE B51 184
MOVE B52 233
MOVE B57 184
MOVE B58 184
MOVE B59 184
MOVE B60 184
MOVE B61 184
MOVE B62 184
MOVE B63 184
MOVE B64 184
MOVE B66 184
MOVE B68 184
MOVE B69 184
MOVE B70 184
MOVE B71 184
MOVE B72 184
MOVE B73 184
MOVE B74 184
MOVE B75 184
MOVE B76 184
MOVE B77 184
MOVE B78 184
MOVE B79 184
MOVE B84 184
MOVE B86 184
MOVE B93 233
MOVE B105 184
MOVE B111 184
MOVE B112 184
MOVE B113 184
MOVE B114 184
MOVE B115 184
MOVE B116 184
MOVE B118 184
MOVE B120 184
MOVE B121 184
MOVE B127 184
MOVE B128 184
MOVE B131 184
MOVE B132 244
MOVE B133 184
MOVE B134 184
MOVE B135 184
MOVE B136 184
MOVE B137 184
MOVE B138 184
DAMAGE COMBAT A163 1
DAMAGE COMBAT B55 1
END TURN 334
TURN 335
COMMAND LEFT START
UPGRADE 220
COMMAND LEFT END
COMMAND RIGHT START
MOVE B42 244
MOVE B44 244
MOVE B45 244
MOVE B46 244
MOVE B47 244
MOVE B48 244
MOVE B49 244
MOVE B50 244
MOVE B51 244
MOVE B57 244
MOVE B58 244
MOVE B59 244
MOVE B60 244
MOVE B61 244
MOVE B62 244
MOVE B63 244
MOVE B64 244
MOVE B66 244
MOVE B68 244
MOVE B69 244
MOVE B70 244
MOVE B71 244
MOVE B72 244
MOVE B73 244
MOVE B74 244
MOVE B75 244
MOVE B76 244
MOVE B77 244
MOVE B78 244
MOVE B79 244
MOVE B84 244
MOVE B86 244
MOVE B105 244
MOVE B111 244
MOVE B112 244
MOVE B113 244
MOVE B114 244
MOVE B115 244
MOVE B116 244
MOVE B118 244
MOVE B120 244
MOVE B121 244
MOVE B127 244
MOVE B128 244
MOVE B131 244
MOVE B133 244
MOVE B134 244
MOVE B135 244
MOVE B136 244
MOVE B137 244
MOVE B138 244
COMMAND RIGHT END
TURN 335 RESULT
TIME LEFT 0 5 RIGHT 0 5
UPGRADE A 220
MOVE A26 133
MOVE A28 132
MOVE B42 196
MOVE B44 196
MOVE B45 196
MOVE B46 196
MOVE B47 196
MOVE B48 196
MOVE B49 196
MOVE B50 196
MOVE B51 196
MOVE B52 238
MOVE B57 196
MOVE B58 196
MOVE B59 196
MOVE B60 196
MOVE B61 196
MOVE B62 196
MOVE B63 196
MOVE B64 196
MOVE B66 196
MOVE B68 196
MOVE B69 196
MOVE B70 196
MOVE B71 196
MOVE B72 196
MOVE B73 196
MOVE B74 196
MOVE B75 196
MOVE B76 196
MOVE B77 196
MOVE B78 196
MOVE B79 196
MOVE B84 196
MOVE B86 196
MOVE B93 238
MOVE B105 196
MOVE B111 196
MOVE B112 196
MOVE B113 196
MOVE B114 196
MOVE B115 196
MOVE B116 196
MOVE B118 196
MOVE B120 196
MOVE B121 196
MOVE B127 196
MOVE B128 196
MOVE B131 196
MOVE B133 196
MOVE B134 196
MOVE B135 196
MOVE B136 196
MOVE B137 196
MOVE B138 196
DAMAGE COMBAT A163 1
DAMAGE COMBAT B55 1
END TURN 335
TURN 336
COMMAND LEFT START
MOVE A41 230
TRAIN 1
COMMAND LEFT END
COMMAND RIGHT START
MOVE B150 230
COMMAND RIGHT END
TURN 336 RESULT
TIME LEFT 0 5 RIGHT 0 5
TRAIN A174
MOVE A26 148
MOVE A28 151
MOVE A41 221
MOVE B42 201
MOVE B44 201
MOVE B45 201
MOVE B46 201
MOVE B47 201
MOVE B48 201
MOVE B49 201
MOVE B50 201
MOVE B51 201
MOVE B52 244
MOVE B57 201
MOVE B58 201
MOVE B59 201
MOVE B60 201
MOVE B61 201
MOVE B62 201
MOVE B63 201
MOVE B64 201
MOVE B66 201
MOVE B68 201
MOVE B69 201
MOVE B70 201
MOVE B71 201
MOVE B72 201
MOVE B73 201
MOVE B74 201
MOVE B75 201
MOVE B76 201
MOVE B77 201
MOVE B78 201
MOVE B79 201
MOVE B84 201
MOVE B86 201
MOVE B93 244
MOVE B105 201
MOVE B111 201
MOVE B112 201
MOVE B113 201
MOVE B114 201
MOVE B115 201
MOVE B116 201
MOVE B118 201
MOVE B120 201
MOVE B121 201
MOVE B127 201
MOVE B128 201
MOVE B131 201
MOVE B133 201
MOVE B134 201
MOVE B135 201
MOVE B136 201
MOVE B137 201
MOVE B138 201
MOVE B150 240
END TURN 336
TURN 337
COMMAND LEFT START
COMMAND LEFT END
COMMAND RIGHT START
COMMAND RIGHT END
TURN 337 RESULT
TIME LEFT 0 5 RIGHT 0 5
MOVE A26 174
MOVE A28 171
MOVE A41 227
MOVE B42 216
MOVE B44 216
MOVE B45 216
MOVE B46 216
MOVE B47 216
MOVE B48 216
MOVE B49 216
MOVE B50 216
MOVE B51 216
MOVE B57 216
MOVE B58 216
MOVE B59 216
MOVE B60 216
MOVE B61 216
MOVE B62 216
MOVE B63 216
MOVE B64 216
MOVE B66 216
MOVE B68 216
MOVE B69 216
MOVE B70 216
MOVE B71 216
MOVE B72 216
MOVE B73 216
MOVE B74 216
MOVE B75 216
MOVE B76 216
MOVE B77 216
MOVE B78 216
MOVE B79 216
MOVE B84 216
MOVE B86 216
MOVE B105 216
MOVE B111 216
MOVE B112 216
MOVE B113 216
MOVE B114 216
MOVE B115 216
MOVE B116 216
MOVE B118 216
MOVE B120 216
MOVE B121 216
MOVE B127 216
MOVE B128 216
MOVE B131 216
MOVE B133 216
MOVE B134 216
MOVE B135 216
MOVE B136 216
MOVE B137 216
MOVE B138 216
MOVE B150 237
END TURN 337
TURN 338
COMMAND LEFT START
MOVE A174 236
COMMAND LEFT END
COMMAND RIGHT START
COMMAND RIGHT END
TURN 338 RESULT
TIME LEFT 0 5 RIGHT 0 5
MOVE A26 197
MOVE A28 187
MOVE A41 230
MOVE A174 4
MOVE B42 224
MOVE B44 224
MOVE B45 224
MOVE B46 224
MOVE B47 224
MOVE B48 224
MOVE B49 224
MOVE B50 224
MOVE B51 224
MOVE B57 224
MOVE B58 224
MOVE B59 224
MOVE B60 224
MOVE B61 224
MOVE B62 224
MOVE B63 224
MOVE B64 224
MOVE B66 224
MOVE B68 224
MOVE B69 224
MOVE B70 224
MOVE B71 224
MOVE B72 224
MOVE B73 224
MOVE B74 224
MOVE B75 224
MOVE B76 224
MOVE B77 224
MOVE B78 224
MOVE B79 224
MOVE B84 224
MOVE B86 224
MOVE B105 224
MOVE B111 224
MOVE B112 224
MOVE B113 224
MOVE B114 224
MOVE B115 224
MOVE B116 224
MOVE B118 224
MOVE B120 224
MOVE B121 224
MOVE B127 224
MOVE B128 224
MOVE B131 224
MOVE B133 224
MOVE B134 224
MOVE B135 224
MOVE B136 224
MOVE B137 224
MOVE B138 224
MOVE B150 230
DAMAGE COMBAT A41 1
DAMAGE COMBAT B150 1
END TURN 338
TURN 339
COMMAND LEFT START
MOVE A42 230
COMMAND LEFT END
COMMAND RIGHT START
COMMAND RIGHT END
TURN 339 RESULT
TIME LEFT 0 5 RIGHT 0 5
MOVE A26 206
MOVE A28 207
MOVE A42 221
MOVE A174 10
MOVE B42 226
MOVE B44 226
MOVE B45 226
MOVE B46 226
MOVE B47 226
MOVE B48 226
MOVE B49 226
MOVE B50 226
MOVE B51 226
MOVE B57 226
MOVE B58 226
MOVE B59 226
MOVE B60 226
MOVE B61 226
MOVE B62 226
MOVE B63 226
MOVE B64 226
MOVE B66 226
MOVE B68 226
MOVE B69 226
MOVE B70 226
MOVE B71 226
MOVE B72 226
MOVE B73 226
MOVE B74 226
MOVE B75 226
MOVE B76 226
MOVE B77 226
MOVE B78 226
MOVE B79 226
MOVE B84 226
MOVE B86 226
MOVE B105 226
MOVE B111 226
MOVE B112 226
MOVE B113 226
MOVE B114 226
MOVE B115 226
MOVE B116 226
MOVE B118 226
MOVE B120 226
MOVE B121 226
MOVE B127 226
MOVE B128 226
MOVE B131 226
MOVE B133 226
MOVE B134 226
MOVE B135 226
MOVE B136 226
MOVE B137 226
MOVE B138 226
END TURN 339
TURN 340
COMMAND LEFT START
COMMAND LEFT END
COMMAND RIGHT START
MOVE B5 244
MOVE B8 244
MOVE B9 30
MOVE B11 243
MOVE B12 236
MOVE B32 239
MOVE B33 239
MOVE B34 239
MOVE B35 239
MOVE B36 243
MOVE B87 244
MOVE B150 244
COMMAND RIGHT END
TURN 340 RESULT
TIME LEFT 0 5 RIGHT 0 5
MOVE A26 222
MOVE A28 220
MOVE A42 227
MOVE A174 23
MOVE B5 225
MOVE B8 198
MOVE B9 131
MOVE B11 184
MOVE B12 153
MOVE B32 198
MOVE B33 198
MOVE B34 185
MOVE B35 185
MOVE B36 184
MOVE B42 230
MOVE B44 230
MOVE B45 230
MOVE B46 230
MOVE B47 230
MOVE B48 230
MOVE B49 230
MOVE B50 230
MOVE B51 230
MOVE B57 230
MOVE B58 230
MOVE B59 230
MOVE B60 230
MOVE B61 230
MOVE B62 230
MOVE B63 230
MOVE B64 230
MOVE B66 230
MOVE B68 230
MOVE B69 230
MOVE B70 230
MOVE B71 230
MOVE B72 230
MOVE B73 230
MOVE B74 230
MOVE B75 230
MOVE B76 230
MOVE B77 230
MOVE B78 230
MOVE B79 230
MOVE B84 230
MOVE B86 230
MOVE B87 212
MOVE B105 230
MOVE B111 230
MOVE B112 230
MOVE B113 230
MOVE B114 230
MOVE B115 230
MOVE B116 230
MOVE B118 230
MOVE B120 230
MOVE B121 230
MOVE B127 230
MOVE B128 230
MOVE B131 230
MOVE B133 230
MOVE B134 230
MOVE B135 230
MOVE B136 230
MOVE B137 230
MOVE B138 230
MOVE B150 237
END TURN 340
TURN 341
COMMAND LEFT START
COMMAND LEFT END
COMMAND RIGHT START
COMMAND RIGHT END
TURN 341 RESULT
TIME LEFT 0 5 RIGHT 0 5
MOVE A26 230
MOVE A42 230
MOVE A174 40
MOVE B5 236
MOVE B8 210
MOVE B9 114
MOVE B11 196
MOVE B12 188
MOVE B32 208
MOVE B33 208
MOVE B34 208
MOVE B35 208
MOVE B36 196
MOVE B42 237
MOVE B44 237
MOVE B45 237
MOVE B46 237
MOVE B47 237
MOVE B48 237
MOVE B49 237
MOVE B50 237
MOVE B51 237
MOVE B57 237
MOVE B58 237
MOVE B59 237
MOVE B60 237
MOVE B61 237
MOVE B62 237
MOVE B63 237
MOVE B64 237
MOVE B66 237
MOVE B68 237
MOVE B69 237
MOVE B70 237
MOVE B71 237
MOVE B72 237
MOVE B73 237
MOVE B74 237
MOVE B75 237
MOVE B76 237
MOVE B77 237
MOVE B78 237
MOVE B79 237
MOVE B84 237
MOVE B86 237
MOVE B87 222
MOVE B105 237
MOVE B111 237
MOVE B112 237
MOVE B113 237
MOVE B114 237
MOVE B115 237
MOVE B116 237
MOVE B118 237
MOVE B120 237
MOVE B121 237
MOVE B127 237
MOVE B128 237
MOVE B131 237
MOVE B133 237
MOVE B134 237
MOVE B135 237
MOVE B136 237
MOVE B137 237
MOVE B138 237
MOVE B150 240
END TURN 341
TURN 342
COMMAND LEFT START
UPGRADE 230
COMMAND LEFT END
COMMAND RIGHT START
COMMAND RIGHT END
TURN 342 RESULT
TIME LEFT 0 5 RIGHT 0 5
UPGRADE A 230
MOVE A174 51
MOVE B5 239
MOVE B8 213
MOVE B9 103
MOVE B11 201
MOVE B12 200
MOVE B32 219
MOVE B33 219
MOVE B34 219
MOVE B35 219
MOVE B36 201
MOVE B42 240
MOVE B44 240
MOVE B45 240
MOVE B46 240
MOVE B47 240
MOVE B48 240
MOVE B49 240
MOVE B50 240
MOVE B51 240
MOVE B57 240
MOVE B58 240
MOVE B59 240
MOVE B60 240
MOVE B61 240
MOVE B62 240
MOVE B63 240
MOVE B64 240
MOVE B66 240
MOVE B68 240
MOVE B69 240
MOVE B70 240
MOVE B71 240
MOVE B72 240
MOVE B73 240
MOVE B74 240
MOVE B75 240
MOVE B76 240
MOVE B77 240
MOVE B78 240
MOVE B79 240
MOVE B84 240
MOVE B86 240
MOVE B87 230
MOVE B105 240
MOVE B111 240
MOVE B112 240
MOVE B113 240
MOVE B114 240
MOVE B115 240
MOVE B116 240
MOVE B118 240
MOVE B120 240
MOVE B121 240
MOVE B127 240
MOVE B128 240
MOVE B131 240
MOVE B133 240
MOVE B134 240
MOVE B135 240
MOVE B136 240
MOVE B137 240
MOVE B138 240
MOVE B150 244
DAMAGE TURRET B87 1
DAMAGE COMBAT A26 1
DAMAGE COMBAT B87 2
END TURN 342
TURN 343
COMMAND LEFT START
UPGRADE 220
COMMAND LEFT END
COMMAND RIGHT START
COMMAND RIGHT END
TURN 343 RESULT
TIME LEFT 0 5 RIGHT 0 5
UPGRADE A 220
MOVE A174 69
MOVE B5 244
MOVE B8 223
MOVE B9 81
MOVE B11 216
MOVE B12 211
MOVE B32 229
MOVE B33 229
MOVE B34 229
MOVE B35 229
MOVE B36 216
MOVE B42 244
MOVE B44 244
MOVE B45 244
MOVE B46 244
MOVE B47 244
MOVE B48 244
MOVE B49 244
MOVE B50 244
MOVE B51 244
MOVE B57 244
MOVE B58 244
MOVE B59 244
MOVE B60 244
MOVE B61 244
MOVE B62 244
MOVE B63 244
MOVE B64 244
MOVE B66 244
MOVE B68 244
MOVE B69 244
MOVE B70 244
MOVE B71 244
MOVE B72 244
MOVE B73 244
MOVE B74 244
MOVE B75 244
MOVE B76 244
MOVE B77 244
MOVE B78 244
MOVE B79 244
MOVE B84 244
MOVE B86 244
MOVE B105 244
MOVE B111 244
MOVE B112 244
MOVE B113 244
MOVE B114 244
MOVE B115 244
MOVE B116 244
MOVE B118 244
MOVE B120 244
MOVE B121 244
MOVE B127 244
MOVE B128 244
MOVE B131 244
MOVE B133 244
MOVE B134 244
MOVE B135 244
MOVE B136 244
MOVE B137 244
MOVE B138 244
DAMAGE TURRET B9 2
DAMAGE TURRET B87 1
DAMAGE COMBAT A19 1
DAMAGE COMBAT A26 1
DAMAGE COMBAT B9 3
DAMAGE COMBAT B87 2
END TURN 343
TURN 344
COMMAND LEFT START
COMMAND LEFT END
COMMAND RIGHT START
MOVE B51 185
COMMAND RIGHT END
TURN 344 RESULT
TIME LEFT 0 5 RIGHT 0 5
MOVE A174 86
MOVE B8 233
MOVE B11 224
MOVE B12 225
MOVE B32 236
MOVE B33 236
MOVE B34 236
MOVE B35 236
MOVE B36 224
MOVE B51 238
END TURN 344
TURN 345
COMMAND LEFT START
COMMAND LEFT END
COMMAND RIGHT START
COMMAND RIGHT END
TURN 345 RESULT
TIME LEFT 0 5 RIGHT 0 5
MOVE A174 102
MOVE B8 238
MOVE B11 235
MOVE B12 236
MOVE B32 239
MOVE B33 239
MOVE B34 239
MOVE B35 239
MOVE B36 235
MOVE B51 233
END TURN 345
TURN 346
COMMAND LEFT START
UPGRADE 230
COMMAND LEFT END
COMMAND RIGHT START
MOVE B12 244
MOVE B32 244
MOVE B33 244
MOVE B34 244
MOVE B35 244
COMMAND RIGHT END
TURN 346 RESULT
TIME LEFT 0 5 RIGHT 0 5
UPGRADE A 230
MOVE A174 111
MOVE B8 244
MOVE B11 241
MOVE B12 239
MOVE B32 244
MOVE B33 244
MOVE B34 244
MOVE B35 244
MOVE B36 241
MOVE B51 223
END TURN 346
TURN 347
COMMAND LEFT START
COMMAND LEFT END
COMMAND RIGHT START
COMMAND RIGHT END
TURN 347 RESULT
TIME LEFT 0 5 RIGHT 0 5
MOVE A174 128
MOVE B11 243
MOVE B12 244
MOVE B36 243
MOVE B51 213
END TURN 347
TURN 348
COMMAND LEFT START
COMMAND LEFT END
COMMAND RIGHT START
MOVE B11 244
MOVE B36 244
COMMAND RIGHT END
TURN 348 RESULT
TIME LEFT 0 5 RIGHT 0 5
MOVE A174 140
MOVE B11 244
MOVE B36 244
MOVE B51 210
END TURN 348
TURN 349
COMMAND LEFT START
UPGRADE 220
COMMAND LEFT END
COMMAND RIGHT START
COMMAND RIGHT END
TURN 349 RESULT
TIME LEFT 0 5 RIGHT 0 5
UPGRADE A 220
MOVE A174 165
MOVE B51 198
END TURN 349
TURN 350
COMMAND LEFT START
COMMAND LEFT END
COMMAND RIGHT START
COMMAND RIGHT END
TURN 350 RESULT
TIME LEFT 0 5 RIGHT 0 5
MOVE A174 186
MOVE B51 185
END TURN 350
TURN 351
COMMAND LEFT START
COMMAND LEFT END
COMMAND RIGHT START
MOVE B51 45
COMMAND RIGHT END
TURN 351 RESULT
TIME LEFT 0 5 RIGHT 0 5
MOVE A174 195
MOVE B51 157
END TURN 351
TURN 352
COMMAND LEFT START
UPGRADE 230
COMMAND LEFT END
COMMAND RIGHT START
COMMAND RIGHT END
TURN 352 RESULT
TIME LEFT 0 5 RIGHT 0 5
UPGRADE A 230
MOVE A174 205
MOVE B51 131
END TURN 352
TURN 353
COMMAND LEFT START
MOVE A69 230
TRAIN 2
COMMAND LEFT END
COMMAND RIGHT START
COMMAND RIGHT END
TURN 353 RESULT
TIME LEFT 0 5 RIGHT 0 5
TRAIN A175 A176
MOVE A69 6
MOVE A174 213
MOVE B51 114
END TURN 353
TURN 354
COMMAND LEFT START
TRAIN 2
COMMAND LEFT END
COMMAND RIGHT START
COMMAND RIGHT END
TURN 354 RESULT
TIME LEFT 0 5 RIGHT 0 5
TRAIN A177 A178
MOVE A69 13
MOVE A174 229
MOVE B51 103
END TURN 354
TURN 355
COMMAND LEFT START
TRAIN 1
COMMAND LEFT END
COMMAND RIGHT START
COMMAND RIGHT END
TURN 355 RESULT
TIME LEFT 0 5 RIGHT 0 5
TRAIN A179
MOVE A69 24
MOVE A174 236
MOVE B51 81
DAMAGE TURRET B51 2
DAMAGE COMBAT A19 1
DAMAGE COMBAT B51 3
END TURN 355
TURN 356
COMMAND LEFT START
MOVE A70 81
COMMAND LEFT END
COMMAND RIGHT START
MOVE B8 184
MOVE B11 184
MOVE B12 184
MOVE B17 184
MOVE B32 184
MOVE B33 184
MOVE B34 184
MOVE B35 184
MOVE B36 184
MOVE B41 184
MOVE B42 184
MOVE B44 184
MOVE B45 184
MOVE B46 184
MOVE B48 184
MOVE B49 184
MOVE B50 184
MOVE B52 184
MOVE B57 184
MOVE B58 184
MOVE B59 184
MOVE B60 184
MOVE B61 184
MOVE B62 184
MOVE B63 184
MOVE B64 184
MOVE B66 184
MOVE B68 184
MOVE B69 184
MOVE B70 184
MOVE B71 184
MOVE B72 184
MOVE B73 184
MOVE B74 184
MOVE B75 184
MOVE B76 184
MOVE B77 184
MOVE B78 184
MOVE B79 184
MOVE B84 184
MOVE B86 184
MOVE B93 184
MOVE B105 184
MOVE B111 184
MOVE B112 184
MOVE B113 184
MOVE B114 184
MOVE B115 184
MOVE B116 184
MOVE B118 184
MOVE B120 184
MOVE B121 184
MOVE B127 184
MOVE B128 184
MOVE B131 184
MOVE B132 184
MOVE B133 184
MOVE B134 184
MOVE B135 184
COMMAND RIGHT END
TURN 356 RESULT
TIME LEFT 0 5 RIGHT 0 5
MOVE A69 37
MOVE A70 4
MOVE B8 240
MOVE B11 240
MOVE B12 240
MOVE B17 240
MOVE B32 240
MOVE B33 240
MOVE B34 240
MOVE B35 240
MOVE B36 240
MOVE B41 240
MOVE B42 240
MOVE B44 240
MOVE B45 240
MOVE B46 240
MOVE B48 240
MOVE B49 240
MOVE B50 240
MOVE B52 240
MOVE B57 240
MOVE B58 240
MOVE B59 240
MOVE B60 240
MOVE B61 240
MOVE B62 240
MOVE B63 240
MOVE B64 240
MOVE B66 240
MOVE B68 240
MOVE B69 240
MOVE B70 240
MOVE B71 240
MOVE B72 240
MOVE B73 240
MOVE B74 240
MOVE B75 240
MOVE B76 240
MOVE B77 240
MOVE B78 240
MOVE B79 240
MOVE B84 240
MOVE B86 240
MOVE B93 240
MOVE B105 240
MOVE B111 240
MOVE B112 240
MOVE B113 240
MOVE B114 240
MOVE B115 240
MOVE B116 240
MOVE B118 240
MOVE B120 240
MOVE B121 240
MOVE B127 240
MOVE B128 240
MOVE B131 240
MOVE B132 240
MOVE B133 240
MOVE B134 240
MOVE B135 240
DAMAGE TURRET B51 2
DAMAGE COMBAT A22 1
DAMAGE COMBAT B51 1
END TURN 356
TURN 357
COMMAND LEFT START
COMMAND LEFT END
COMMAND RIGHT START
COMMAND RIGHT END
TURN 357 RESULT
TIME LEFT 0 5 RIGHT 0 5
MOVE A69 57
MOVE A70 7
MOVE B8 237
MOVE B11 237
MOVE B12 237
MOVE B17 237
MOVE B32 237
MOVE B33 237
MOVE B34 237
MOVE B35 237
MOVE B36 237
MOVE B41 237
MOVE B42 237
MOVE B44 237
MOVE B45 237
MOVE B46 237
MOVE B48 237
MOVE B49 237
MOVE B50 237
MOVE B52 237
MOVE B57 237
MOVE B58 237
MOVE B59 237
MOVE B60 237
MOVE B61 237
MOVE B62 237
MOVE B63 237
MOVE B64 237
MOVE B66 237
MOVE B68 237
MOVE B69 237
MOVE B70 237
MOVE B71 237
MOVE B72 237
MOVE B73 237
MOVE B74 237
MOVE B75 237
MOVE B76 237
MOVE B77 237
MOVE B78 237
MOVE B79 237
MOVE B84 237
MOVE B86 237
MOVE B93 237
MOVE B105 237
MOVE B111 237
MOVE B112 237
MOVE B113 237
MOVE B114 237
MOVE B115 237
MOVE B116 237
MOVE B118 237
MOVE B120 237
MOVE B121 237
MOVE B127 237
MOVE B128 237
MOVE B131 237
MOVE B132 237
MOVE B133 237
MOVE B134 237
MOVE B135 237
END TURN 357
TURN 358
COMMAND LEFT START
MOVE A26 0
MOVE A42 0
COMMAND LEFT END
COMMAND RIGHT START
COMMAND RIGHT END
TURN 358 RESULT
TIME LEFT 0 5 RIGHT 0 5
MOVE A26 222
MOVE A42 222
MOVE A69 73
MOVE A70 14
MOVE B8 230
MOVE B11 230
MOVE B12 230
MOVE B17 230
MOVE B32 230
MOVE B33 230
MOVE B34 230
MOVE B35 230
MOVE B36 230
MOVE B41 230
MOVE B42 230
MOVE B44 230
MOVE B45 230
MOVE B46 230
MOVE B48 230
MOVE B49 230
MOVE B50 230
MOVE B52 230
MOVE B57 230
MOVE B58 230
MOVE B59 230
MOVE B60 230
MOVE B61 230
MOVE B62 230
MOVE B63 230
MOVE B64 230
MOVE B66 230
MOVE B68 230
MOVE B69 230
MOVE B70 230
MOVE B71 230
MOVE B72 230
MOVE B73 230
MOVE B74 230
MOVE B75 230
MOVE B76 230
MOVE B77 230
MOVE B78 230
MOVE B79 230
MOVE B84 230
MOVE B86 230
MOVE B93 230
MOVE B105 230
MOVE B111 230
MOVE B112 230
MOVE B113 230
MOVE B114 230
MOVE B115 230
MOVE B116 230
MOVE B118 230
MOVE B120 230
MOVE B121 230
MOVE B127 230
MOVE B128 230
MOVE B131 230
MOVE B132 230
MOVE B133 230
MOVE B134 230
MOVE B135 230
DAMAGE TURRET B11 2
SIEGE A 230 18
END TURN 358
TURN 359
COMMAND LEFT START
COMMAND LEFT END
COMMAND RIGHT START
COMMAND RIGHT END
TURN 359 RESULT
TIME LEFT 0 5 RIGHT 0 5
MOVE A26 206
MOVE A42 206
MOVE A69 93
MOVE A70 22
MOVE B8 226
MOVE B11 226
MOVE B12 226
MOVE B17 226
MOVE B32 226
MOVE B33 226
MOVE B34 226
MOVE B35 226
MOVE B36 226
MOVE B41 226
MOVE B42 226
MOVE B44 226
MOVE B45 226
MOVE B46 226
MOVE B48 226
MOVE B49 226
MOVE B50 226
MOVE B52 226
MOVE B57 226
MOVE B58 226
MOVE B59 226
MOVE B60 226
MOVE B61 226
MOVE B62 226
MOVE B63 226
MOVE B64 226
MOVE B66 226
MOVE B68 226
MOVE B69 226
MOVE B70 226
MOVE B71 226
MOVE B72 226
MOVE B73 226
MOVE B74 226
MOVE B75 226
MOVE B76 226
MOVE B77 226
MOVE B78 226
MOVE B79 226
MOVE B84 226
MOVE B86 226
MOVE B93 226
MOVE B105 226
MOVE B111 226
MOVE B112 226
MOVE B113 226
MOVE B114 226
MOVE B115 226
MOVE B116 226
MOVE B118 226
MOVE B120 226
MOVE B121 226
MOVE B127 226
MOVE B128 226
MOVE B131 226
MOVE B132 226
MOVE B133 226
MOVE B134 226
MOVE B135 226
END TURN 359
TURN 360
COMMAND LEFT START
MOVE A43 244
MOVE A45 244
MOVE A46 244
MOVE A47 244
MOVE A48 244
MOVE A49 244
MOVE A50 244
MOVE A51 244
MOVE A52 244
MOVE A53 244
MOVE A54 244
MOVE A55 244
MOVE A56 244
MOVE A57 244
MOVE A58 244
MOVE A59 244
MOVE A60 244
MOVE A61 244
MOVE A62 244
MOVE A63 244
MOVE A64 244
MOVE A65 244
MOVE A66 244
MOVE A67 244
MOVE A68 244
MOVE A71 244
MOVE A72 244
MOVE A73 244
MOVE A74 244
MOVE A75 244
MOVE A76 244
MOVE A77 244
MOVE A78 244
MOVE A79 244
MOVE A80 244
MOVE A81 244
MOVE A82 244
MOVE A83 244
MOVE A84 244
MOVE A85 244
MOVE A86 244
MOVE A87 244
MOVE A88 244
MOVE A89 244
MOVE A90 244
MOVE A91 244
MOVE A92 244
MOVE A93 244
MOVE A94 244
MOVE A95 244
MOVE A96 244
MOVE A97 244
MOVE A98 244
MOVE A99 244
MOVE A100 244
MOVE A101 244
MOVE A102 244
MOVE A103 244
MOVE A104 244
MOVE A105 244
MOVE A106 244
MOVE A107 244
MOVE A108 244
MOVE A109 244
MOVE A110 244
MOVE A111 244
MOVE A112 244
MOVE A113 244
MOVE A114 244
MOVE A115 244
MOVE A116 244
MOVE A117 244
MOVE A118 244
MOVE A119 244
MOVE A120 244
MOVE A121 244
MOVE A122 244
MOVE A123 244
MOVE A124 244
MOVE A125 244
MOVE A126 244
TRAIN 1
COMMAND LEFT END
COMMAND RIGHT START
COMMAND RIGHT END
TURN 360 RESULT
TIME LEFT 0 5 RIGHT 0 5
TRAIN A180
MOVE A26 197
MOVE A42 197
MOVE A43 231
MOVE A45 231
MOVE A46 231
MOVE A47 231
MOVE A48 231
MOVE A49 231
MOVE A50 231
MOVE A51 231
MOVE A52 231
MOVE A53 231
MOVE A54 231
MOVE A55 231
MOVE A56 231
MOVE A57 231
MOVE A58 231
MOVE A59 231
MOVE A60 231
MOVE A61 231
MOVE A62 231
MOVE A63 231
MOVE A64 231
MOVE A65 231
MOVE A66 231
MOVE A67 231
MOVE A68 231
MOVE A69 104
MOVE A70 32
MOVE A71 231
MOVE A72 231
MOVE A73 231
MOVE A74 231
MOVE A75 231
MOVE A76 231
MOVE A77 231
MOVE A78 231
MOVE A79 231
MOVE A80 231
MOVE A81 231
MOVE A82 231
MOVE A83 231
MOVE A84 231
MOVE A85 231
MOVE A86 231
MOVE A87 231
MOVE A88 231
MOVE A89 231
MOVE A90 231
MOVE A91 231
MOVE A92 231
MOVE A93 231
MOVE A94 231
MOVE A95 231
MOVE A96 231
MOVE A97 231
MOVE A98 231
MOVE A99 231
MOVE A100 231
MOVE A101 231
MOVE A102 231
MOVE A103 231
MOVE A104 231
MOVE A105 231
MOVE A106 231
MOVE A107 231
MOVE A108 231
MOVE A109 231
MOVE A110 231
MOVE A111 231
MOVE A112 231
MOVE A113 231
MOVE A114 231
MOVE A115 231
MOVE A116 231
MOVE A117 231
MOVE A118 231
MOVE A119 231
MOVE A120 231
MOVE A121 231
MOVE A122 231
MOVE A123 231
MOVE A124 231
MOVE A125 231
MOVE A126 231
MOVE B8 224
MOVE B11 224
MOVE B12 224
MOVE B17 224
MOVE B32 224
MOVE B33 224
MOVE B34 224
MOVE B35 224
MOVE B36 224
MOVE B41 224
MOVE B42 224
MOVE B44 224
MOVE B45 224
MOVE B46 224
MOVE B48 224
MOVE B49 224
MOVE B50 224
MOVE B52 224
MOVE B57 224
MOVE B58 224
MOVE B59 224
MOVE B60 224
MOVE B61 224
MOVE B62 224
MOVE B63 224
MOVE B64 224
MOVE B66 224
MOVE B68 224
MOVE B69 224
MOVE B70 224
MOVE B71 224
MOVE B72 224
MOVE B73 224
MOVE B74 224
MOVE B75 224
MOVE B76 224
MOVE B77 224
MOVE B78 224
MOVE B79 224
MOVE B84 224
MOVE B86 224
MOVE B93 224
MOVE B105 224
MOVE B111 224
MOVE B112 224
MOVE B113 224
MOVE B114 224
MOVE B115 224
MOVE B116 224
MOVE B118 224
MOVE B120 224
MOVE B121 224
MOVE B127 224
MOVE B128 224
MOVE B131 224
MOVE B132 224
MOVE B133 224
MOVE B134 224
MOVE B135 224
END TURN 360
TURN 361
COMMAND LEFT START
MOVE A135 230
TRAIN 1
COMMAND LEFT END
COMMAND RIGHT START
TRAIN 1
COMMAND RIGHT END
TURN 361 RESULT
TIME LEFT 0 5 RIGHT 0 5
TRAIN A181 B152
MOVE A26 174
MOVE A42 174
MOVE A43 238
MOVE A45 238
MOVE A46 238
MOVE A47 238
MOVE A48 238
MOVE A49 238
MOVE A50 238
MOVE A51 238
MOVE A52 238
MOVE A53 238
MOVE A54 238
MOVE A55 238
MOVE A56 238
MOVE A57 238
MOVE A58 238
MOVE A59 238
MOVE A60 238
MOVE A61 238
MOVE A62 238
MOVE A63 238
MOVE A64 238
MOVE A65 238
MOVE A66 238
MOVE A67 238
MOVE A68 238
MOVE A69 116
MOVE A70 41
MOVE A71 238
MOVE A72 238
MOVE A73 238
MOVE A74 238
MOVE A75 238
MOVE A76 238
MOVE A77 238
MOVE A78 238
MOVE A79 238
MOVE A80 238
MOVE A81 238
MOVE A82 238
MOVE A83 238
MOVE A84 238
MOVE A85 238
MOVE A86 238
MOVE A87 238
MOVE A88 238
MOVE A89 238
MOVE A90 238
MOVE A91 238
MOVE A92 238
MOVE A93 238
MOVE A94 238
MOVE A95 238
MOVE A96 238
MOVE A97 238
MOVE A98 238
MOVE A99 238
MOVE A100 238
MOVE A101 238
MOVE A102 238
MOVE A103 238
MOVE A104 238
MOVE A105 238
MOVE A106 238
MOVE A107 238
MOVE A108 238
MOVE A109 238
MOVE A110 238
MOVE A111 238
MOVE A112 238
MOVE A113 238
MOVE A114 238
MOVE A115 238
MOVE A116 238
MOVE A117 238
MOVE A118 238
MOVE A119 238
MOVE A120 238
MOVE A121 238
MOVE A122 238
MOVE A123 238
MOVE A124 238
MOVE A125 238
MOVE A126 238
MOVE A135 6
MOVE B8 216
MOVE B11 216
MOVE B12 216
MOVE B17 216
MOVE B32 216
MOVE B33 216
MOVE B34 216
MOVE B35 216
MOVE B36 216
MOVE B41 216
MOVE B42 216
MOVE B44 216
MOVE B45 216
MOVE B46 216
MOVE B48 216
MOVE B49 216
MOVE B50 216
MOVE B52 216
MOVE B57 216
MOVE B58 216
MOVE B59 216
MOVE B60 216
MOVE B61 216
MOVE B62 216
MOVE B63 216
MOVE B64 216
MOVE B66 216
MOVE B68 216
MOVE B69 216
MOVE B70 216
MOVE B71 216
MOVE B72 216
MOVE B73 216
MOVE B74 216
MOVE B75 216
MOVE B76 216
MOVE B77 216
MOVE B78 216
MOVE B79 216
MOVE B84 216
MOVE B86 216
MOVE B93 216
MOVE B105 216
MOVE B111 216
MOVE B112 216
MOVE B113 216
MOVE B114 216
MOVE B115 216
MOVE B116 216
MOVE B118 216
MOVE B120 216
MOVE B121 216
MOVE B127 216
MOVE B128 216
MOVE B131 216
MOVE B132 216
MOVE B133 216
MOVE B134 216
MOVE B135 216
END TURN 361
TURN 362
COMMAND LEFT START
TRAIN 1
COMMAND LEFT END
COMMAND RIGHT START
COMMAND RIGHT END
TURN 362 RESULT
TIME LEFT 0 5 RIGHT 0 5
TRAIN A182
MOVE A26 148
MOVE A42 148
MOVE A43 244
MOVE A45 244
MOVE A46 244
MOVE A47 244
MOVE A48 244
MOVE A49 244
MOVE A50 244
MOVE A51 244
MOVE A52 244
MOVE A53 244
MOVE A54 244
MOVE A55 244
MOVE A56 244
MOVE A57 244
MOVE A58 244
MOVE A59 244
MOVE A60 244
MOVE A61 244
MOVE A62 244
MOVE A63 244
MOVE A64 244
MOVE A65 244
MOVE A66 244
MOVE A67 244
MOVE A68 244
MOVE A69 133
MOVE A70 52
MOVE A71 244
MOVE A72 244
MOVE A73 244
MOVE A74 244
MOVE A75 244
MOVE A76 244
MOVE A77 244
MOVE A78 244
MOVE A79 244
MOVE A80 244
MOVE A81 244
MOVE A82 244
MOVE A83 244
MOVE A84 244
MOVE A85 244
MOVE A86 244
MOVE A87 244
MOVE A88 244
MOVE A89 244
MOVE A90 244
MOVE A91 244
MOVE A92 244
MOVE A93 244
MOVE A94 244
MOVE A95 244
MOVE A96 244
MOVE A97 244
MOVE A98 244
MOVE A99 244
MOVE A100 244
MOVE A101 244
MOVE A102 244
MOVE A103 244
MOVE A104 244
MOVE A105 244
MOVE A106 244
MOVE A107 244
MOVE A108 244
MOVE A109 244
MOVE A110 244
MOVE A111 244
MOVE A112 244
MOVE A113 244
MOVE A114 244
MOVE A115 244
MOVE A116 244
MOVE A117 244
MOVE A118 244
MOVE A119 244
MOVE A120 244
MOVE A121 244
MOVE A122 244
MOVE A123 244
MOVE A124 244
MOVE A125 244
MOVE A126 244
MOVE A135 13
MOVE B8 201
MOVE B11 201
MOVE B12 201
MOVE B17 201
MOVE B32 201
MOVE B33 201
MOVE B34 201
MOVE B35 201
MOVE B36 201
MOVE B41 201
MOVE B42 201
MOVE B44 201
MOVE B45 201
MOVE B46 201
MOVE B48 201
MOVE B49 201
MOVE B50 201
MOVE B52 201
MOVE B57 201
MOVE B58 201
MOVE B59 201
MOVE B60 201
MOVE B61 201
MOVE B62 201
MOVE B63 201
MOVE B64 201
MOVE B66 201
MOVE B68 201
MOVE B69 201
MOVE B70 201
MOVE B71 201
MOVE B72 201
MOVE B73 201
MOVE B74 201
MOVE B75 201
MOVE B76 201
MOVE B77 201
MOVE B78 201
MOVE B79 201
MOVE B84 201
MOVE B86 201
MOVE B93 201
MOVE B105 201
MOVE B111 201
MOVE B112 201
MOVE B113 201
MOVE B114 201
MOVE B115 201
MOVE B116 201
MOVE B118 201
MOVE B120 201
MOVE B121 201
MOVE B127 201
MOVE B128 201
MOVE B131 201
MOVE B132 201
MOVE B133 201
MOVE B134 201
MOVE B135 201
DAMAGE TURRET A43 3
DAMAGE COMBAT A43 5
DAMAGE COMBAT A45 8
DAMAGE COMBAT A46 8
DAMAGE COMBAT A47 3
DAMAGE COMBAT B1 4
DAMAGE COMBAT B4 5
DAMAGE COMBAT B5 5
DAMAGE COMBAT B6 5
DAMAGE COMBAT B10 6
DAMAGE COMBAT B37 8
DAMAGE COMBAT B38 8
DAMAGE COMBAT B47 8
DAMAGE COMBAT B136 8
DAMAGE COMBAT B137 8
DAMAGE COMBAT B138 8
DAMAGE COMBAT B139 1
DAMAGE COMBAT B150 7
END TURN 362
TURN 363
COMMAND LEFT START
TRAIN 1
COMMAND LEFT END
COMMAND RIGHT START
TRAIN 3
COMMAND RIGHT END
TURN 363 RESULT
TIME LEFT 0 5 RIGHT 0 5
TRAIN A183 B153 B154 B155
MOVE A26 133
MOVE A42 133
MOVE A69 148
MOVE A70 63
MOVE A135 24
MOVE B8 196
MOVE B11 196
MOVE B12 196
MOVE B17 196
MOVE B32 196
MOVE B33 196
MOVE B34 196
MOVE B35 196
MOVE B36 196
MOVE B41 196
MOVE B42 196
MOVE B44 196
MOVE B45 196
MOVE B46 196
MOVE B48 196
MOVE B49 196
MOVE B50 196
MOVE B52 196
MOVE B57 196
MOVE B58 196
MOVE B59 196
MOVE B60 196
MOVE B61 196
MOVE B62 196
MOVE B63 196
MOVE B64 196
MOVE B66 196
MOVE B68 196
MOVE B69 196
MOVE B70 196
MOVE B71 196
MOVE B72 196
MOVE B73 196
MOVE B74 196
MOVE B75 196
MOVE B76 196
MOVE B77 196
MOVE B78 196
MOVE B79 196
MOVE B84 196
MOVE B86 196
MOVE B93 196
MOVE B105 196
MOVE B111 196
MOVE B112 196
MOVE B113 196
MOVE B114 196
MOVE B115 196
MOVE B116 196
MOVE B118 196
MOVE B120 196
MOVE B121 196
MOVE B127 196
MOVE B128 196
MOVE B131 196
MOVE B132 196
MOVE B133 196
MOVE B134 196
MOVE B135 196
DAMAGE TURRET A47 3
DAMAGE COMBAT A47 2
DAMAGE COMBAT A48 8
DAMAGE COMBAT A49 5
DAMAGE COMBAT B139 7
DAMAGE COMBAT B140 8
DAMAGE COMBAT B141 8
DAMAGE COMBAT B142 8
DAMAGE COMBAT B143 8
DAMAGE COMBAT B144 8
DAMAGE COMBAT B145 8
DAMAGE COMBAT B146 8
DAMAGE COMBAT B147 8
DAMAGE COMBAT B149 7
END TURN 363
TURN 364
COMMAND LEFT START
TRAIN 2
COMMAND LEFT END
COMMAND RIGHT START
TRAIN 3
COMMAND RIGHT END
TURN 364 RESULT
TIME LEFT 0 5 RIGHT 0 5
TRAIN A184 A185 B156 B157 B158
MOVE A26 116
MOVE A42 116
MOVE A69 174
MOVE A70 64
MOVE A135 37
MOVE B8 184
MOVE B11 184
MOVE B12 184
MOVE B17 184
MOVE B32 184
MOVE B33 184
MOVE B34 184
MOVE B35 184
MOVE B36 184
MOVE B41 184
MOVE B42 184
MOVE B44 184
MOVE B45 184
MOVE B46 184
MOVE B48 184
MOVE B49 184
MOVE B50 184
MOVE B52 184
MOVE B57 184
MOVE B58 184
MOVE B59 184
MOVE B60 184
MOVE B61 184
MOVE B62 184
MOVE B63 184
MOVE B64 184
MOVE B66 184
MOVE B68 184
MOVE B69 184
MOVE B70 184
MOVE B71 184
MOVE B72 184
MOVE B73 184
MOVE B74 184
MOVE B75 184
MOVE B76 184
MOVE B77 184
MOVE B78 184
MOVE B79 184
MOVE B84 184
MOVE B86 184
MOVE B93 184
MOVE B105 184
MOVE B111 184
MOVE B112 184
MOVE B113 184
MOVE B114 184
MOVE B115 184
MOVE B116 184
MOVE B118 184
MOVE B120 184
MOVE B121 184
MOVE B127 184
MOVE B128 184
MOVE B131 184
MOVE B132 184
MOVE B133 184
MOVE B134 184
MOVE B135 184
DAMAGE TURRET A49 3
DAMAGE COMBAT A50 8
DAMAGE COMBAT A51 1
DAMAGE COMBAT B149 1
DAMAGE COMBAT B151 8
DAMAGE COMBAT B152 8
DAMAGE COMBAT B153 8
DAMAGE COMBAT B154 8
DAMAGE COMBAT B155 8
DAMAGE COMBAT B156 8
DAMAGE COMBAT B157 8
DAMAGE COMBAT B158 8
SIEGE B 244 11
END TURN 364
TURN 365
COMMAND LEFT START
MOVE A136 220
MOVE A137 220
MOVE A138 220
MOVE A139 220
TRAIN 1
COMMAND LEFT END
COMMAND RIGHT START
MOVE B8 244
MOVE B11 244
MOVE B12 244
MOVE B17 244
MOVE B32 244
MOVE B33 244
MOVE B34 244
MOVE B35 244
MOVE B36 244
MOVE B41 244
MOVE B42 244
MOVE B44 244
MOVE B45 244
MOVE B46 244
MOVE B48 244
MOVE B49 244
MOVE B50 244
MOVE B52 244
MOVE B57 244
MOVE B58 244
MOVE B59 244
MOVE B60 244
MOVE B61 244
MOVE B62 244
MOVE B63 244
MOVE B64 244
MOVE B66 244
MOVE B68 244
MOVE B69 244
MOVE B70 244
MOVE B71 244
MOVE B72 244
MOVE B73 244
MOVE B74 244
MOVE B75 244
MOVE B76 244
MOVE B77 244
MOVE B78 244
MOVE B79 244
MOVE B84 244
MOVE B86 244
MOVE B93 244
MOVE B105 244
MOVE B111 244
MOVE B112 244
MOVE B113 244
MOVE B114 244
MOVE B115 244
MOVE B116 244
MOVE B118 244
MOVE B120 244
MOVE B121 244
MOVE B127 244
MOVE B128 244
MOVE B131 244
MOVE B132 244
MOVE B133 244
MOVE B134 244
MOVE B135 59
TRAIN 3
COMMAND RIGHT END
TURN 365 RESULT
TIME LEFT 0 5 RIGHT 0 5
TRAIN A186 B159 B160 B161
MOVE A26 104
MOVE A42 104
MOVE A69 197
MOVE A70 74
MOVE A135 57
MOVE A136 4
MOVE A137 4
MOVE A138 4
MOVE A139 4
MOVE B8 196
MOVE B11 196
MOVE B12 196
MOVE B17 196
MOVE B32 196
MOVE B33 196
MOVE B34 196
MOVE B35 196
MOVE B36 196
MOVE B41 196
MOVE B42 196
MOVE B44 196
MOVE B45 196
MOVE B46 196
MOVE B48 196
MOVE B49 196
MOVE B50 196
MOVE B52 196
MOVE B57 196
MOVE B58 196
MOVE B59 196
MOVE B60 196
MOVE B61 196
MOVE B62 196
MOVE B63 196
MOVE B64 196
MOVE B66 196
MOVE B68 196
MOVE B69 196
MOVE B70 196
MOVE B71 196
MOVE B72 196
MOVE B73 196
MOVE B74 196
MOVE B75 196
MOVE B76 196
MOVE B77 196
MOVE B78 196
MOVE B79 196
MOVE B84 196
MOVE B86 196
MOVE B93 196
MOVE B105 196
MOVE B111 196
MOVE B112 196
MOVE B113 196
MOVE B114 196
MOVE B115 196
MOVE B116 196
MOVE B118 196
MOVE B120 196
MOVE B121 196
MOVE B127 196
MOVE B128 196
MOVE B131 196
MOVE B132 196
MOVE B133 196
MOVE B134 196
MOVE B135 163
DAMAGE TURRET A51 3
DAMAGE COMBAT A51 3
DAMAGE COMBAT B159 8
DAMAGE COMBAT B160 8
DAMAGE COMBAT B161 8
SIEGE B 244 19
END TURN 365
RESULT LEFT_WIN HQ_DESTROYED
