[LEFT ""]
[RIGHT ""]
MAP
189 17
-10897 -10316 -10590 -10474 -9138 -8735 -9114 -8333 -9135 -7901 -7819 -8800 -7632 -7971 -8593 -7111 -7181 -7177 -6922 -6664 -6651 -6672 -6949 -6284 -5939 -6753 -5947 -6020 -5799 -5869 -5500 -5701 -5627 -5510 -5453 -6431 -4953 -4945 -4730 -5281 -4540 -4646 -4652 -4763 -4374 -4440 -4292 -4191 -4173 -3954 -3489 -3660 -3744 -3569 -3508 -3134 -3529 -3407 -3095 -3158 -3335 -3051 -2936 -2644 -2427 -2511 -2542 -2327 -2231 -2174 -2334 -2175 -2202 -1428 -1528 -1351 -1229 -1506 -1196 -1082 -1022 -837 -1126 -1084 -886 -1011 -1082 -514 -704 -1060 -9 -148 -359 -66 0 66 359 148 9 1060 704 514 1082 1011 886 1084 1126 837 1022 1082 1196 1506 1229 1351 1528 1428 2202 2175 2334 2174 2231 2327 2542 2511 2427 2644 2936 3051 3335 3158 3095 3407 3529 3134 3508 3569 3744 3660 3489 3954 4173 4191 4292 4440 4374 4763 4652 4646 4540 5281 4730 4945 4953 6431 5453 5510 5627 5701 5500 5869 5799 6020 5947 6753 5939 6284 6949 6672 6651 6664 6922 7177 7181 7111 8593 7971 7632 8800 7819 7901 9135 8333 9114 8735 9138 10474 10590 10316 10897
2604 -3864 -1703 363 -793 1695 3447 40 4856 -2380 1131 -6684 2293 -4148 6887 3336 -1143 387 5514 -4195 4483 -5596 -8271 1666 457 7494 5511 -3061 -632 -1974 -4993 2489 3700 -6290 6527 9150 -1371 5053 -6980 -9167 2017 -3118 -4267 9822 7549 6342 3582 -542 -2178 565 5611 -6331 -5098 -3608 4654 6659 9951 -7619 -1956 -8725 -10608 1627 3415 7683 -3646 -5444 389 9985 2598 -8159 -1027 4707 -6948 1062 -2609 8312 -4864 6371 -6497 7311 -7884 -1210 -34 5370 2051 4019 -9168 3297 -11219 10580 4721 8198 -2700 -6406 0 6406 2700 -8198 -4721 -10580 11219 -3297 9168 -4019 -2051 -5370 34 1210 7884 -7311 6497 -6371 4864 -8312 2609 -1062 6948 -4707 1027 8159 -2598 -9985 -389 5444 3646 -7683 -3415 -1627 10608 8725 1956 7619 -9951 -6659 -4654 3608 5098 6331 -5611 -565 2178 542 -3582 -6342 -7549 -9822 4267 3118 -2017 9167 6980 -5053 1371 -9150 -6527 6290 -3700 -2489 4993 1974 632 3061 -5511 -7494 -457 -1666 8271 5596 -4483 4195 -5514 -387 1143 -3336 -6887 4148 -2293 6684 -1131 2380 -4856 -40 -3447 -1695 793 -363 1703 3864 -2604
STRONGHOLDS 1 4 14 15 28 46 55 74 94 114 133 142 160 173 174 184 187
4 3 5 6 8
4 2 9 11 13
4 1 3 4 9
5 0 2 4 5 7
5 2 3 7 9 16
6 0 3 6 7 10 12
5 0 5 8 12 15
6 3 4 5 10 16 17
6 0 6 14 15 18 20
8 1 2 4 13 16 19 27 29
5 5 7 12 17 23
4 1 13 21 22
5 5 6 10 15 23
5 1 9 11 19 21
4 8 18 25 35
7 6 8 12 20 23 31 32
6 4 7 9 17 28 29
6 7 10 16 23 24 28
6 8 14 20 25 26 34
5 9 13 21 27 30
6 8 15 18 26 32 37
6 11 13 19 22 30 33
5 11 21 33 38 39
7 10 12 15 17 24 31 40
6 17 23 28 40 47 49
5 14 18 34 35 44
4 18 20 34 37
6 9 19 29 30 41 42
6 16 17 24 29 36 47
7 9 16 27 28 36 41 48
6 19 21 27 33 42 52
5 15 23 32 40 46
5 15 20 31 37 46
6 21 22 30 38 51 52
6 18 25 26 37 44 45
4 14 25 43 44
4 28 29 47 48
8 20 26 32 34 45 46 50 54
5 22 33 39 51 57
5 22 38 57 59 60
7 23 24 31 46 49 61 62
5 27 29 42 48 53
5 27 30 41 52 53
3 35 44 56
8 25 34 35 43 45 55 56 63
5 34 37 44 50 55
6 31 32 37 40 54 62
8 24 28 36 48 49 58 66 70
6 29 36 41 47 53 58
5 24 40 47 61 66
6 37 45 54 55 71 77
6 33 38 52 57 65 72
7 30 33 42 51 53 64 65
6 41 42 48 52 58 64
5 37 46 50 62 71
5 44 45 50 63 77
4 43 44 63 67
6 38 39 51 59 69 72
6 47 48 53 64 70 74
5 39 57 60 69 86
4 39 59 86 88
6 40 49 62 66 68 73
7 40 46 54 61 68 71 85
7 44 55 56 67 75 77 79
6 52 53 58 65 74 76
6 51 52 64 72 76 78
6 47 49 61 70 73 82
4 56 63 75 89
6 61 62 73 84 85 87
5 57 59 72 80 86
6 47 58 66 74 81 82
6 50 54 62 77 83 85
6 51 57 65 69 78 80
6 61 66 68 82 84 94
6 58 64 70 76 81 92
5 63 67 79 89 91
7 64 65 74 78 92 93 98
7 50 55 63 71 79 83 95
5 65 72 76 80 93
5 63 75 77 91 95
6 69 72 78 86 93 97
6 70 74 82 92 94 104
5 66 70 73 81 94
5 71 77 85 90 95
6 68 73 87 94 96 107
6 62 68 71 83 87 90
7 59 60 69 80 88 97 99
5 68 84 85 90 96
3 60 86 99
5 67 75 91 100 102
6 83 85 87 95 96 112
6 75 79 89 95 102 108
6 74 76 81 98 101 104
8 76 78 80 97 98 105 109 111
8 73 81 82 84 104 106 107 115
8 77 79 83 90 91 108 110 112
6 84 87 90 107 112 114
6 80 86 93 99 109 113
6 76 92 93 101 103 105
5 86 88 97 113 121
3 89 102 128
5 92 98 103 104 120
7 89 91 100 108 119 128 129
6 98 101 105 117 120 126
6 81 92 94 101 115 120
5 93 98 103 111 117
5 94 107 115 118 122
6 84 94 96 106 114 118
6 91 95 102 110 116 119
5 93 97 111 113 125
5 95 108 112 116 123
7 93 105 109 117 125 133 138
7 90 95 96 110 114 123 124
5 97 99 109 121 125
6 96 107 112 118 124 130
6 94 104 106 120 122 127
6 108 110 119 123 131 137
6 103 105 111 126 134 138
6 106 107 114 122 130 141
5 102 108 116 129 131
6 101 103 104 115 126 127
4 99 113 125 132
6 106 115 118 127 139 141
6 110 112 116 124 136 137
6 112 114 123 130 135 136
7 109 111 113 121 132 133 144
7 103 117 120 127 134 142 148
6 115 120 122 126 139 148
4 100 102 129 149
5 102 119 128 131 149
6 114 118 124 135 140 141
6 116 119 129 137 149 150
4 121 125 144 145
5 111 125 138 143 144
5 117 126 138 142 151
6 124 130 136 140 146 147
7 123 124 135 137 146 155 158
6 116 123 131 136 150 155
6 111 117 133 134 143 151
5 122 127 141 148 164
6 130 135 141 147 152 159
8 118 122 130 139 140 152 160 164
6 126 134 148 151 156 157
5 133 138 144 151 154
8 125 132 133 143 145 153 154 163
3 132 144 153
5 135 136 147 158 161
5 135 140 146 159 161
7 126 127 139 142 157 164 165
5 128 129 131 150 166
5 131 137 149 155 166
8 134 138 142 143 154 156 162 168
4 140 141 159 160
4 144 145 163 174
6 143 144 151 162 163 170
6 136 137 150 158 166 167
5 142 151 157 168 173
5 142 148 156 165 173
6 136 146 155 161 167 169
7 140 147 152 160 161 172 179
6 141 152 159 164 171 172
6 146 147 158 159 169 179
4 151 154 168 170
5 144 153 154 170 174
6 139 141 148 160 165 171
7 148 157 164 171 173 176 178
5 149 150 155 167 177
6 155 158 166 169 175 177
6 151 156 162 170 173 180
5 158 161 167 175 179
6 154 162 163 168 174 180
6 160 164 165 172 178 181
6 159 160 171 179 181 184
7 156 157 165 168 176 180 182
4 153 163 170 180
5 167 169 177 179 187
5 165 173 178 182 183
4 166 167 175 187
5 165 171 176 181 183
8 159 161 169 172 175 184 186 187
6 168 170 173 174 182 188
6 171 172 178 183 184 185
5 173 176 180 183 188
6 176 178 181 182 185 188
5 172 179 181 185 186
5 181 183 184 186 188
4 179 184 185 187
4 175 177 179 186
4 180 182 183 185
END MAP
TURN 1
COMMAND LEFT START
MOVE A2 14
MOVE A3 4
COMMAND LEFT END
COMMAND RIGHT START
MOVE B1 173
MOVE B2 94
COMMAND RIGHT END
TURN 1 RESULT
TIME LEFT 1 5 RIGHT 1 5
MOVE A2 8
MOVE A3 3
MOVE B1 182
MOVE B2 183
END TURN 1
TURN 2
COMMAND LEFT START
COMMAND LEFT END
COMMAND RIGHT START
COMMAND RIGHT END
TURN 2 RESULT
TIME LEFT 0 5 RIGHT 0 5
MOVE A2 14
MOVE A3 4
MOVE B1 173
MOVE B2 178
END TURN 2
TURN 3
COMMAND LEFT START
UPGRADE 14
COMMAND LEFT END
COMMAND RIGHT START
UPGRADE 173
COMMAND RIGHT END
TURN 3 RESULT
TIME LEFT 0 5 RIGHT 0 5
UPGRADE A 14
UPGRADE B 173
MOVE B2 171
END TURN 3
TURN 4
COMMAND LEFT START
COMMAND LEFT END
COMMAND RIGHT START
COMMAND RIGHT END
TURN 4 RESULT
TIME LEFT 0 5 RIGHT 0 5
MOVE B2 164
END TURN 4
TURN 5
COMMAND LEFT START
COMMAND LEFT END
COMMAND RIGHT START
COMMAND RIGHT END
TURN 5 RESULT
TIME LEFT 0 5 RIGHT 0 5
MOVE B2 139
END TURN 5
TURN 6
COMMAND LEFT START
COMMAND LEFT END
COMMAND RIGHT START
COMMAND RIGHT END
TURN 6 RESULT
TIME LEFT 0 5 RIGHT 0 5
MOVE B2 122
END TURN 6
TURN 7
COMMAND LEFT START
COMMAND LEFT END
COMMAND RIGHT START
COMMAND RIGHT END
TURN 7 RESULT
TIME LEFT 0 5 RIGHT 0 5
MOVE B2 106
END TURN 7
TURN 8
COMMAND LEFT START
COMMAND LEFT END
COMMAND RIGHT START
COMMAND RIGHT END
TURN 8 RESULT
TIME LEFT 0 5 RIGHT 0 5
MOVE B2 94
END TURN 8
TURN 9
COMMAND LEFT START
COMMAND LEFT END
COMMAND RIGHT START
COMMAND RIGHT END
TURN 9 RESULT
TIME LEFT 0 5 RIGHT 0 5
END TURN 9
TURN 10
COMMAND LEFT START
COMMAND LEFT END
COMMAND RIGHT START
COMMAND RIGHT END
TURN 10 RESULT
TIME LEFT 0 5 RIGHT 0 5
END TURN 10
TURN 11
COMMAND LEFT START
COMMAND LEFT END
COMMAND RIGHT START
COMMAND RIGHT END
TURN 11 RESULT
TIME LEFT 0 5 RIGHT 0 5
END TURN 11
TURN 12
COMMAND LEFT START
COMMAND LEFT END
COMMAND RIGHT START
COMMAND RIGHT END
TURN 12 RESULT
TIME LEFT 0 5 RIGHT 0 5
END TURN 12
TURN 13
COMMAND LEFT START
COMMAND LEFT END
COMMAND RIGHT START
COMMAND RIGHT END
TURN 13 RESULT
TIME LEFT 0 5 RIGHT 0 5
END TURN 13
TURN 14
COMMAND LEFT START
COMMAND LEFT END
COMMAND RIGHT START
UPGRADE 94
COMMAND RIGHT END
TURN 14 RESULT
TIME LEFT 0 5 RIGHT 0 5
UPGRADE B 94
END TURN 14
TURN 15
COMMAND LEFT START
COMMAND LEFT END
COMMAND RIGHT START
COMMAND RIGHT END
TURN 15 RESULT
TIME LEFT 0 5 RIGHT 0 5
END TURN 15
TURN 16
COMMAND LEFT START
COMMAND LEFT END
COMMAND RIGHT START
COMMAND RIGHT END
TURN 16 RESULT
TIME LEFT 0 5 RIGHT 0 5
END TURN 16
TURN 17
COMMAND LEFT START
COMMAND LEFT END
COMMAND RIGHT START
TRAIN 1
COMMAND RIGHT END
TURN 17 RESULT
TIME LEFT 0 5 RIGHT 0 5
TRAIN B4
END TURN 17
TURN 18
COMMAND LEFT START
COMMAND LEFT END
COMMAND RIGHT START
COMMAND RIGHT END
TURN 18 RESULT
TIME LEFT 0 5 RIGHT 0 5
END TURN 18
TURN 19
COMMAND LEFT START
COMMAND LEFT END
COMMAND RIGHT START
COMMAND RIGHT END
TURN 19 RESULT
TIME LEFT 0 5 RIGHT 0 5
END TURN 19
TURN 20
COMMAND LEFT START
COMMAND LEFT END
COMMAND RIGHT START
COMMAND RIGHT END
TURN 20 RESULT
TIME LEFT 0 5 RIGHT 0 5
END TURN 20
TURN 21
COMMAND LEFT START
COMMAND LEFT END
COMMAND RIGHT START
COMMAND RIGHT END
TURN 21 RESULT
TIME LEFT 0 5 RIGHT 0 5
END TURN 21
TURN 22
COMMAND LEFT START
COMMAND LEFT END
COMMAND RIGHT START
COMMAND RIGHT END
TURN 22 RESULT
TIME LEFT 0 5 RIGHT 0 5
END TURN 22
TURN 23
COMMAND LEFT START
COMMAND LEFT END
COMMAND RIGHT START
COMMAND RIGHT END
TURN 23 RESULT
TIME LEFT 0 5 RIGHT 0 5
END TURN 23
TURN 24
COMMAND LEFT START
UPGRADE 4
TRAIN 1
COMMAND LEFT END
COMMAND RIGHT START
COMMAND RIGHT END
TURN 24 RESULT
TIME LEFT 0 5 RIGHT 0 5
UPGRADE A 4
TRAIN A4
END TURN 24
TURN 25
COMMAND LEFT START
MOVE A4 1
COMMAND LEFT END
COMMAND RIGHT START
COMMAND RIGHT END
TURN 25 RESULT
TIME LEFT 0 5 RIGHT 0 5
MOVE A4 3
END TURN 25
TURN 26
COMMAND LEFT START
COMMAND LEFT END
COMMAND RIGHT START
COMMAND RIGHT END
TURN 26 RESULT
TIME LEFT 0 5 RIGHT 0 5
MOVE A4 2
END TURN 26
TURN 27
COMMAND LEFT START
COMMAND LEFT END
COMMAND RIGHT START
COMMAND RIGHT END
TURN 27 RESULT
TIME LEFT 0 5 RIGHT 0 5
MOVE A4 1
END TURN 27
TURN 28
COMMAND LEFT START
COMMAND LEFT END
COMMAND RIGHT START
COMMAND RIGHT END
TURN 28 RESULT
TIME LEFT 0 5 RIGHT 0 5
END TURN 28
TURN 29
COMMAND LEFT START
COMMAND LEFT END
COMMAND RIGHT START
MOVE B3 184
COMMAND RIGHT END
TURN 29 RESULT
TIME LEFT 0 5 RIGHT 0 5
MOVE B3 185
END TURN 29
TURN 30
COMMAND LEFT START
COMMAND LEFT END
COMMAND RIGHT START
COMMAND RIGHT END
TURN 30 RESULT
TIME LEFT 0 5 RIGHT 0 5
MOVE B3 184
END TURN 30
TURN 31
COMMAND LEFT START
COMMAND LEFT END
COMMAND RIGHT START
UPGRADE 184
COMMAND RIGHT END
TURN 31 RESULT
TIME LEFT 0 5 RIGHT 0 5
UPGRADE B 184
END TURN 31
TURN 32
COMMAND LEFT START
COMMAND LEFT END
COMMAND RIGHT START
COMMAND RIGHT END
TURN 32 RESULT
TIME LEFT 0 5 RIGHT 0 5
END TURN 32
TURN 33
COMMAND LEFT START
COMMAND LEFT END
COMMAND RIGHT START
TRAIN 1
COMMAND RIGHT END
TURN 33 RESULT
TIME LEFT 0 5 RIGHT 0 5
TRAIN B5
END TURN 33
TURN 34
COMMAND LEFT START
COMMAND LEFT END
COMMAND RIGHT START
COMMAND RIGHT END
TURN 34 RESULT
TIME LEFT 1 5 RIGHT 1 5
END TURN 34
TURN 35
COMMAND LEFT START
UPGRADE 1
COMMAND LEFT END
COMMAND RIGHT START
COMMAND RIGHT END
TURN 35 RESULT
TIME LEFT 0 5 RIGHT 0 5
UPGRADE A 1
END TURN 35
TURN 36
COMMAND LEFT START
COMMAND LEFT END
COMMAND RIGHT START
COMMAND RIGHT END
TURN 36 RESULT
TIME LEFT 0 5 RIGHT 0 5
END TURN 36
TURN 37
COMMAND LEFT START
TRAIN 1
COMMAND LEFT END
COMMAND RIGHT START
COMMAND RIGHT END
TURN 37 RESULT
TIME LEFT 1 5 RIGHT 0 5
TRAIN A5
END TURN 37
TURN 38
COMMAND LEFT START
MOVE A5 15
COMMAND LEFT END
COMMAND RIGHT START
COMMAND RIGHT END
TURN 38 RESULT
TIME LEFT 0 5 RIGHT 0 5
MOVE A5 6
END TURN 38
TURN 39
COMMAND LEFT START
COMMAND LEFT END
COMMAND RIGHT START
COMMAND RIGHT END
TURN 39 RESULT
TIME LEFT 0 5 RIGHT 0 5
MOVE A5 15
END TURN 39
TURN 40
COMMAND LEFT START
COMMAND LEFT END
COMMAND RIGHT START
COMMAND RIGHT END
TURN 40 RESULT
TIME LEFT 1 5 RIGHT 0 5
END TURN 40
TURN 41
COMMAND LEFT START
COMMAND LEFT END
COMMAND RIGHT START
COMMAND RIGHT END
TURN 41 RESULT
TIME LEFT 0 5 RIGHT 0 5
END TURN 41
TURN 42
COMMAND LEFT START
COMMAND LEFT END
COMMAND RIGHT START
MOVE B5 174
COMMAND RIGHT END
TURN 42 RESULT
TIME LEFT 0 5 RIGHT 0 5
MOVE B5 180
END TURN 42
TURN 43
COMMAND LEFT START
COMMAND LEFT END
COMMAND RIGHT START
COMMAND RIGHT END
TURN 43 RESULT
TIME LEFT 0 5 RIGHT 0 5
MOVE B5 174
END TURN 43
TURN 44
COMMAND LEFT START
COMMAND LEFT END
COMMAND RIGHT START
UPGRADE 174
COMMAND RIGHT END
TURN 44 RESULT
TIME LEFT 0 5 RIGHT 0 5
UPGRADE B 174
END TURN 44
TURN 45
COMMAND LEFT START
COMMAND LEFT END
COMMAND RIGHT START
COMMAND RIGHT END
TURN 45 RESULT
TIME LEFT 1 5 RIGHT 1 5
END TURN 45
TURN 46
COMMAND LEFT START
COMMAND LEFT END
COMMAND RIGHT START
TRAIN 1
COMMAND RIGHT END
TURN 46 RESULT
TIME LEFT 1 5 RIGHT 1 5
TRAIN B6
END TURN 46
TURN 47
COMMAND LEFT START
UPGRADE 15
COMMAND LEFT END
COMMAND RIGHT START
COMMAND RIGHT END
TURN 47 RESULT
TIME LEFT 0 5 RIGHT 0 5
UPGRADE A 15
END TURN 47
TURN 48
COMMAND LEFT START
COMMAND LEFT END
COMMAND RIGHT START
COMMAND RIGHT END
TURN 48 RESULT
TIME LEFT 0 5 RIGHT 0 5
END TURN 48
TURN 49
COMMAND LEFT START
TRAIN 1
COMMAND LEFT END
COMMAND RIGHT START
COMMAND RIGHT END
TURN 49 RESULT
TIME LEFT 1 5 RIGHT 1 5
TRAIN A6
END TURN 49
TURN 50
COMMAND LEFT START
MOVE A6 28
COMMAND LEFT END
COMMAND RIGHT START
COMMAND RIGHT END
TURN 50 RESULT
TIME LEFT 0 5 RIGHT 0 5
MOVE A6 5
END TURN 50
TURN 51
COMMAND LEFT START
COMMAND LEFT END
COMMAND RIGHT START
COMMAND RIGHT END
TURN 51 RESULT
TIME LEFT 0 5 RIGHT 0 5
MOVE A6 10
END TURN 51
TURN 52
COMMAND LEFT START
COMMAND LEFT END
COMMAND RIGHT START
COMMAND RIGHT END
TURN 52 RESULT
TIME LEFT 0 5 RIGHT 0 5
MOVE A6 17
END TURN 52
TURN 53
COMMAND LEFT START
COMMAND LEFT END
COMMAND RIGHT START
COMMAND RIGHT END
TURN 53 RESULT
TIME LEFT 0 5 RIGHT 0 5
MOVE A6 28
END TURN 53
TURN 54
COMMAND LEFT START
COMMAND LEFT END
COMMAND RIGHT START
COMMAND RIGHT END
TURN 54 RESULT
TIME LEFT 0 5 RIGHT 0 5
END TURN 54
TURN 55
COMMAND LEFT START
COMMAND LEFT END
COMMAND RIGHT START
UPGRADE 188
COMMAND RIGHT END
TURN 55 RESULT
TIME LEFT 0 5 RIGHT 0 5
UPGRADE B 188
END TURN 55
TURN 56
COMMAND LEFT START
COMMAND LEFT END
COMMAND RIGHT START
COMMAND RIGHT END
TURN 56 RESULT
TIME LEFT 1 5 RIGHT 1 5
END TURN 56
TURN 57
COMMAND LEFT START
UPGRADE 28
COMMAND LEFT END
COMMAND RIGHT START
COMMAND RIGHT END
TURN 57 RESULT
TIME LEFT 0 5 RIGHT 0 5
UPGRADE A 28
END TURN 57
TURN 58
COMMAND LEFT START
COMMAND LEFT END
COMMAND RIGHT START
COMMAND RIGHT END
TURN 58 RESULT
TIME LEFT 0 5 RIGHT 0 5
END TURN 58
TURN 59
COMMAND LEFT START
TRAIN 1
COMMAND LEFT END
COMMAND RIGHT START
COMMAND RIGHT END
TURN 59 RESULT
TIME LEFT 0 5 RIGHT 0 5
TRAIN A7
END TURN 59
TURN 60
COMMAND LEFT START
MOVE A7 15
COMMAND LEFT END
COMMAND RIGHT START
COMMAND RIGHT END
TURN 60 RESULT
TIME LEFT 1 5 RIGHT 1 5
MOVE A7 6
END TURN 60
TURN 61
COMMAND LEFT START
COMMAND LEFT END
COMMAND RIGHT START
COMMAND RIGHT END
TURN 61 RESULT
TIME LEFT 1 5 RIGHT 0 5
MOVE A7 15
END TURN 61
TURN 62
COMMAND LEFT START
MOVE A7 46
COMMAND LEFT END
COMMAND RIGHT START
UPGRADE 184
COMMAND RIGHT END
TURN 62 RESULT
TIME LEFT 0 5 RIGHT 0 5
UPGRADE B 184
MOVE A7 32
END TURN 62
TURN 63
COMMAND LEFT START
COMMAND LEFT END
COMMAND RIGHT START
COMMAND RIGHT END
TURN 63 RESULT
TIME LEFT 0 5 RIGHT 0 5
MOVE A7 46
END TURN 63
TURN 64
COMMAND LEFT START
COMMAND LEFT END
COMMAND RIGHT START
TRAIN 1
COMMAND RIGHT END
TURN 64 RESULT
TIME LEFT 0 5 RIGHT 0 5
TRAIN B7
END TURN 64
TURN 65
COMMAND LEFT START
COMMAND LEFT END
COMMAND RIGHT START
MOVE B4 184
COMMAND RIGHT END
TURN 65 RESULT
TIME LEFT 1 5 RIGHT 1 5
MOVE B4 185
END TURN 65
TURN 66
COMMAND LEFT START
UPGRADE 46
COMMAND LEFT END
COMMAND RIGHT START
COMMAND RIGHT END
TURN 66 RESULT
TIME LEFT 1 5 RIGHT 1 5
UPGRADE A 46
MOVE B4 184
END TURN 66
TURN 67
COMMAND LEFT START
TRAIN 1
COMMAND LEFT END
COMMAND RIGHT START
COMMAND RIGHT END
TURN 67 RESULT
TIME LEFT 0 5 RIGHT 0 5
TRAIN A8
END TURN 67
TURN 68
COMMAND LEFT START
MOVE A8 55
COMMAND LEFT END
COMMAND RIGHT START
COMMAND RIGHT END
TURN 68 RESULT
TIME LEFT 0 5 RIGHT 0 5
MOVE A8 8
END TURN 68
TURN 69
COMMAND LEFT START
COMMAND LEFT END
COMMAND RIGHT START
COMMAND RIGHT END
TURN 69 RESULT
TIME LEFT 0 5 RIGHT 0 5
MOVE A8 18
END TURN 69
TURN 70
COMMAND LEFT START
COMMAND LEFT END
COMMAND RIGHT START
COMMAND RIGHT END
TURN 70 RESULT
TIME LEFT 1 5 RIGHT 1 5
MOVE A8 34
END TURN 70
TURN 71
COMMAND LEFT START
COMMAND LEFT END
COMMAND RIGHT START
COMMAND RIGHT END
TURN 71 RESULT
TIME LEFT 1 5 RIGHT 1 5
MOVE A8 45
END TURN 71
TURN 72
COMMAND LEFT START
COMMAND LEFT END
COMMAND RIGHT START
COMMAND RIGHT END
TURN 72 RESULT
TIME LEFT 0 5 RIGHT 0 5
MOVE A8 55
END TURN 72
TURN 73
COMMAND LEFT START
UPGRADE 55
COMMAND LEFT END
COMMAND RIGHT START
COMMAND RIGHT END
TURN 73 RESULT
TIME LEFT 0 5 RIGHT 0 5
UPGRADE A 55
END TURN 73
TURN 74
COMMAND LEFT START
TRAIN 1
COMMAND LEFT END
COMMAND RIGHT START
COMMAND RIGHT END
TURN 74 RESULT
TIME LEFT 1 5 RIGHT 1 5
TRAIN A9
END TURN 74
TURN 75
COMMAND LEFT START
MOVE A9 28
TRAIN 1
COMMAND LEFT END
COMMAND RIGHT START
UPGRADE 188
COMMAND RIGHT END
TURN 75 RESULT
TIME LEFT 1 5 RIGHT 1 5
UPGRADE B 188
TRAIN A10
MOVE A9 5
END TURN 75
TURN 76
COMMAND LEFT START
MOVE A10 28
TRAIN 1
COMMAND LEFT END
COMMAND RIGHT START
COMMAND RIGHT END
TURN 76 RESULT
TIME LEFT 1 5 RIGHT 1 5
TRAIN A11
MOVE A9 10
MOVE A10 5
END TURN 76
TURN 77
COMMAND LEFT START
MOVE A11 28
COMMAND LEFT END
COMMAND RIGHT START
TRAIN 1
COMMAND RIGHT END
TURN 77 RESULT
TIME LEFT 1 5 RIGHT 1 5
TRAIN B8
MOVE A9 17
MOVE A10 10
MOVE A11 5
END TURN 77
TURN 78
COMMAND LEFT START
TRAIN 1
COMMAND LEFT END
COMMAND RIGHT START
COMMAND RIGHT END
TURN 78 RESULT
TIME LEFT 0 5 RIGHT 0 5
TRAIN A12
MOVE A9 28
MOVE A10 17
MOVE A11 10
END TURN 78
TURN 79
COMMAND LEFT START
MOVE A12 28
COMMAND LEFT END
COMMAND RIGHT START
COMMAND RIGHT END
TURN 79 RESULT
TIME LEFT 1 5 RIGHT 1 5
MOVE A10 28
MOVE A11 17
MOVE A12 5
END TURN 79
TURN 80
COMMAND LEFT START
COMMAND LEFT END
COMMAND RIGHT START
COMMAND RIGHT END
TURN 80 RESULT
TIME LEFT 0 5 RIGHT 0 5
MOVE A11 28
MOVE A12 10
END TURN 80
TURN 81
COMMAND LEFT START
COMMAND LEFT END
COMMAND RIGHT START
COMMAND RIGHT END
TURN 81 RESULT
TIME LEFT 0 5 RIGHT 0 5
MOVE A12 17
END TURN 81
TURN 82
COMMAND LEFT START
COMMAND LEFT END
COMMAND RIGHT START
UPGRADE 174
COMMAND RIGHT END
TURN 82 RESULT
TIME LEFT 2 5 RIGHT 2 5
UPGRADE B 174
MOVE A12 28
END TURN 82
TURN 83
COMMAND LEFT START
COMMAND LEFT END
COMMAND RIGHT START
TRAIN 1
COMMAND RIGHT END
TURN 83 RESULT
TIME LEFT 0 5 RIGHT 0 5
TRAIN B9
END TURN 83
TURN 84
COMMAND LEFT START
UPGRADE 0
COMMAND LEFT END
COMMAND RIGHT START
MOVE B6 174
COMMAND RIGHT END
TURN 84 RESULT
TIME LEFT 0 5 RIGHT 0 5
UPGRADE A 0
MOVE B6 180
END TURN 84
TURN 85
COMMAND LEFT START
MOVE A9 0
TRAIN 1
COMMAND LEFT END
COMMAND RIGHT START
COMMAND RIGHT END
TURN 85 RESULT
TIME LEFT 1 5 RIGHT 1 5
TRAIN A13
MOVE A9 17
MOVE B6 174
END TURN 85
TURN 86
COMMAND LEFT START
COMMAND LEFT END
COMMAND RIGHT START
COMMAND RIGHT END
TURN 86 RESULT
TIME LEFT 1 5 RIGHT 1 5
MOVE A9 10
END TURN 86
TURN 87
COMMAND LEFT START
COMMAND LEFT END
COMMAND RIGHT START
COMMAND RIGHT END
TURN 87 RESULT
TIME LEFT 1 5 RIGHT 1 5
MOVE A9 5
END TURN 87
TURN 88
COMMAND LEFT START
COMMAND LEFT END
COMMAND RIGHT START
UPGRADE 173
COMMAND RIGHT END
TURN 88 RESULT
TIME LEFT 0 5 RIGHT 0 5
UPGRADE B 173
MOVE A9 0
END TURN 88
TURN 89
COMMAND LEFT START
MOVE A13 28
COMMAND LEFT END
COMMAND RIGHT START
TRAIN 1
COMMAND RIGHT END
TURN 89 RESULT
TIME LEFT 0 5 RIGHT 0 5
TRAIN B10
MOVE A13 5
END TURN 89
TURN 90
COMMAND LEFT START
COMMAND LEFT END
COMMAND RIGHT START
MOVE B7 173
COMMAND RIGHT END
TURN 90 RESULT
TIME LEFT 1 5 RIGHT 1 5
MOVE A13 10
MOVE B7 182
END TURN 90
TURN 91
COMMAND LEFT START
COMMAND LEFT END
COMMAND RIGHT START
COMMAND RIGHT END
TURN 91 RESULT
TIME LEFT 1 5 RIGHT 0 5
MOVE A13 17
MOVE B7 173
END TURN 91
TURN 92
COMMAND LEFT START
COMMAND LEFT END
COMMAND RIGHT START
COMMAND RIGHT END
TURN 92 RESULT
TIME LEFT 0 5 RIGHT 0 5
MOVE A13 28
END TURN 92
TURN 93
COMMAND LEFT START
COMMAND LEFT END
COMMAND RIGHT START
COMMAND RIGHT END
TURN 93 RESULT
TIME LEFT 1 5 RIGHT 1 5
END TURN 93
TURN 94
COMMAND LEFT START
UPGRADE 0
COMMAND LEFT END
COMMAND RIGHT START
UPGRADE 94
COMMAND RIGHT END
TURN 94 RESULT
TIME LEFT 0 5 RIGHT 0 5
UPGRADE A 0
UPGRADE B 94
END TURN 94
TURN 95
COMMAND LEFT START
MOVE A10 0
TRAIN 1
COMMAND LEFT END
COMMAND RIGHT START
TRAIN 1
COMMAND RIGHT END
TURN 95 RESULT
TIME LEFT 1 5 RIGHT 1 5
TRAIN A14 B11
MOVE A10 17
END TURN 95
TURN 96
COMMAND LEFT START
COMMAND LEFT END
COMMAND RIGHT START
MOVE B8 94
COMMAND RIGHT END
TURN 96 RESULT
TIME LEFT 1 5 RIGHT 0 5
MOVE A10 10
MOVE B8 183
END TURN 96
TURN 97
COMMAND LEFT START
COMMAND LEFT END
COMMAND RIGHT START
COMMAND RIGHT END
TURN 97 RESULT
TIME LEFT 0 5 RIGHT 0 5
MOVE A10 5
MOVE B8 178
END TURN 97
TURN 98
COMMAND LEFT START
COMMAND LEFT END
COMMAND RIGHT START
COMMAND RIGHT END
TURN 98 RESULT
TIME LEFT 0 5 RIGHT 0 5
MOVE A10 0
MOVE B8 171
END TURN 98
TURN 99
COMMAND LEFT START
MOVE A14 28
COMMAND LEFT END
COMMAND RIGHT START
UPGRADE 184
COMMAND RIGHT END
TURN 99 RESULT
TIME LEFT 1 5 RIGHT 1 5
UPGRADE B 184
MOVE A14 5
MOVE B8 164
END TURN 99
TURN 100
COMMAND LEFT START
UPGRADE 28
COMMAND LEFT END
COMMAND RIGHT START
TRAIN 1
COMMAND RIGHT END
TURN 100 RESULT
TIME LEFT 0 5 RIGHT 0 5
UPGRADE A 28
TRAIN B12
MOVE A14 10
MOVE B8 139
END TURN 100
TURN 101
COMMAND LEFT START
TRAIN 1
COMMAND LEFT END
COMMAND RIGHT START
MOVE B9 184
COMMAND RIGHT END
TURN 101 RESULT
TIME LEFT 1 5 RIGHT 0 5
TRAIN A15
MOVE A14 17
MOVE B8 122
MOVE B9 185
END TURN 101
TURN 102
COMMAND LEFT START
MOVE A15 28
COMMAND LEFT END
COMMAND RIGHT START
COMMAND RIGHT END
TURN 102 RESULT
TIME LEFT 1 5 RIGHT 0 5
MOVE A14 28
MOVE A15 5
MOVE B8 106
MOVE B9 184
END TURN 102
TURN 103
COMMAND LEFT START
COMMAND LEFT END
COMMAND RIGHT START
COMMAND RIGHT END
TURN 103 RESULT
TIME LEFT 2 5 RIGHT 1 5
MOVE A15 10
MOVE B8 94
END TURN 103
TURN 104
COMMAND LEFT START
COMMAND LEFT END
COMMAND RIGHT START
COMMAND RIGHT END
TURN 104 RESULT
TIME LEFT 1 5 RIGHT 1 5
MOVE A15 17
END TURN 104
TURN 105
COMMAND LEFT START
UPGRADE 46
COMMAND LEFT END
COMMAND RIGHT START
UPGRADE 174
TRAIN 1
COMMAND RIGHT END
TURN 105 RESULT
TIME LEFT 0 5 RIGHT 0 5
UPGRADE A 46
UPGRADE B 174
TRAIN B13
MOVE A15 28
END TURN 105
TURN 106
COMMAND LEFT START
MOVE A12 46
TRAIN 1
COMMAND LEFT END
COMMAND RIGHT START
MOVE B10 174
COMMAND RIGHT END
TURN 106 RESULT
TIME LEFT 0 5 RIGHT 0 5
TRAIN A16
MOVE A12 24
MOVE B10 180
END TURN 106
TURN 107
COMMAND LEFT START
MOVE A16 28
COMMAND LEFT END
COMMAND RIGHT START
COMMAND RIGHT END
TURN 107 RESULT
TIME LEFT 0 5 RIGHT 0 5
MOVE A12 40
MOVE A16 5
MOVE B10 174
END TURN 107
TURN 108
COMMAND LEFT START
COMMAND LEFT END
COMMAND RIGHT START
COMMAND RIGHT END
TURN 108 RESULT
TIME LEFT 2 5 RIGHT 2 5
MOVE A12 46
MOVE A16 10
END TURN 108
TURN 109
COMMAND LEFT START
COMMAND LEFT END
COMMAND RIGHT START
UPGRADE 173
COMMAND RIGHT END
TURN 109 RESULT
TIME LEFT 1 5 RIGHT 1 5
UPGRADE B 173
MOVE A16 17
END TURN 109
TURN 110
COMMAND LEFT START
UPGRADE 55
COMMAND LEFT END
COMMAND RIGHT START
TRAIN 1
COMMAND RIGHT END
TURN 110 RESULT
TIME LEFT 0 5 RIGHT 0 5
UPGRADE A 55
TRAIN B14
MOVE A16 28
END TURN 110
TURN 111
COMMAND LEFT START
MOVE A13 55
TRAIN 2
COMMAND LEFT END
COMMAND RIGHT START
MOVE B11 173
COMMAND RIGHT END
TURN 111 RESULT
TIME LEFT 1 5 RIGHT 1 5
TRAIN A17 A18
MOVE A13 24
MOVE B11 182
END TURN 111
TURN 112
COMMAND LEFT START
MOVE A15 47
MOVE A17 28
MOVE A18 28
COMMAND LEFT END
COMMAND RIGHT START
COMMAND RIGHT END
TURN 112 RESULT
TIME LEFT 4 5 RIGHT 0 5
MOVE A13 40
MOVE A15 47
MOVE A17 5
MOVE A18 5
MOVE B11 173
END TURN 112
TURN 113
COMMAND LEFT START
MOVE A15 28
COMMAND LEFT END
COMMAND RIGHT START
UPGRADE 94
COMMAND RIGHT END
TURN 113 RESULT
TIME LEFT 0 5 RIGHT 0 5
UPGRADE B 94
MOVE A13 46
MOVE A15 28
MOVE A17 10
MOVE A18 10
END TURN 113
TURN 114
COMMAND LEFT START
COMMAND LEFT END
COMMAND RIGHT START
TRAIN 1
COMMAND RIGHT END
TURN 114 RESULT
TIME LEFT 0 5 RIGHT 0 5
TRAIN B15
MOVE A13 54
MOVE A17 17
MOVE A18 17
END TURN 114
TURN 115
COMMAND LEFT START
COMMAND LEFT END
COMMAND RIGHT START
MOVE B12 94
COMMAND RIGHT END
TURN 115 RESULT
TIME LEFT 1 5 RIGHT 1 5
MOVE A13 50
MOVE A17 28
MOVE A18 28
MOVE B12 183
END TURN 115
TURN 116
COMMAND LEFT START
MOVE A15 47
UPGRADE 4
TRAIN 1
COMMAND LEFT END
COMMAND RIGHT START
COMMAND RIGHT END
TURN 116 RESULT
TIME LEFT 3 5 RIGHT 1 5
UPGRADE A 4
TRAIN A19
MOVE A13 55
MOVE A15 47
MOVE B12 178
END TURN 116
TURN 117
COMMAND LEFT START
MOVE A19 4
MOVE A15 74
COMMAND LEFT END
COMMAND RIGHT START
TRAIN 1
COMMAND RIGHT END
TURN 117 RESULT
TIME LEFT 3 5 RIGHT 0 5
TRAIN B16
MOVE A15 58
MOVE A19 3
MOVE B12 171
END TURN 117
TURN 118
COMMAND LEFT START
COMMAND LEFT END
COMMAND RIGHT START
TRAIN 1
COMMAND RIGHT END
TURN 118 RESULT
TIME LEFT 0 5 RIGHT 0 5
TRAIN B17
MOVE A15 74
MOVE A19 4
MOVE B12 164
END TURN 118
TURN 119
COMMAND LEFT START
UPGRADE 74
COMMAND LEFT END
COMMAND RIGHT START
MOVE B17 160
COMMAND RIGHT END
TURN 119 RESULT
TIME LEFT 0 5 RIGHT 0 5
UPGRADE A 74
MOVE B12 139
MOVE B17 183
END TURN 119
TURN 120
COMMAND LEFT START
COMMAND LEFT END
COMMAND RIGHT START
TRAIN 2
COMMAND RIGHT END
TURN 120 RESULT
TIME LEFT 0 5 RIGHT 0 5
TRAIN B18 B19
MOVE B12 122
MOVE B17 178
END TURN 120
TURN 121
COMMAND LEFT START
COMMAND LEFT END
COMMAND RIGHT START
MOVE B19 187
COMMAND RIGHT END
TURN 121 RESULT
TIME LEFT 0 5 RIGHT 0 5
MOVE B12 106
MOVE B17 171
MOVE B19 185
END TURN 121
TURN 122
COMMAND LEFT START
COMMAND LEFT END
COMMAND RIGHT START
MOVE B18 142
COMMAND RIGHT END
TURN 122 RESULT
TIME LEFT 0 5 RIGHT 0 5
MOVE B12 94
MOVE B17 160
MOVE B18 182
MOVE B19 186
END TURN 122
TURN 123
COMMAND LEFT START
UPGRADE 74
TRAIN 1
COMMAND LEFT END
COMMAND RIGHT START
UPGRADE 160
TRAIN 1
COMMAND RIGHT END
TURN 123 RESULT
TIME LEFT 1 5 RIGHT 1 5
UPGRADE A 74
UPGRADE B 160
TRAIN A20 B20
MOVE B18 173
MOVE B19 187
END TURN 123
TURN 124
COMMAND LEFT START
MOVE A14 74
MOVE A20 74
COMMAND LEFT END
COMMAND RIGHT START
MOVE B20 94
MOVE B16 94
UPGRADE 187
COMMAND RIGHT END
TURN 124 RESULT
TIME LEFT 2 5 RIGHT 2 5
UPGRADE B 187
MOVE A14 36
MOVE A20 5
MOVE B16 183
MOVE B18 156
MOVE B20 183
END TURN 124
TURN 125
COMMAND LEFT START
COMMAND LEFT END
COMMAND RIGHT START
COMMAND RIGHT END
TURN 125 RESULT
TIME LEFT 1 5 RIGHT 1 5
MOVE A14 48
MOVE A20 10
MOVE B16 178
MOVE B18 142
MOVE B20 178
END TURN 125
TURN 126
COMMAND LEFT START
UPGRADE 15
COMMAND LEFT END
COMMAND RIGHT START
UPGRADE 142
COMMAND RIGHT END
TURN 126 RESULT
TIME LEFT 1 5 RIGHT 1 5
UPGRADE A 15
UPGRADE B 142
MOVE A14 58
MOVE A20 17
MOVE B16 171
MOVE B20 171
END TURN 126
TURN 127
COMMAND LEFT START
MOVE A16 15
MOVE A17 74
MOVE A18 74
TRAIN 2
COMMAND LEFT END
COMMAND RIGHT START
COMMAND RIGHT END
TURN 127 RESULT
TIME LEFT 2 5 RIGHT 2 5
TRAIN A21 A22
MOVE A14 74
MOVE A16 24
MOVE A17 36
MOVE A18 36
MOVE A20 24
MOVE B16 164
MOVE B20 164
END TURN 127
TURN 128
COMMAND LEFT START
MOVE A21 74
MOVE A22 74
COMMAND LEFT END
COMMAND RIGHT START
UPGRADE 187
COMMAND RIGHT END
TURN 128 RESULT
TIME LEFT 1 5 RIGHT 1 5
UPGRADE B 187
MOVE A16 23
MOVE A17 48
MOVE A18 48
MOVE A20 47
MOVE A21 5
MOVE A22 5
MOVE B16 139
MOVE B20 139
END TURN 128
TURN 129
COMMAND LEFT START
COMMAND LEFT END
COMMAND RIGHT START
TRAIN 1
COMMAND RIGHT END
TURN 129 RESULT
TIME LEFT 1 5 RIGHT 1 5
TRAIN B21
MOVE A16 15
MOVE A17 58
MOVE A18 58
MOVE A20 58
MOVE A21 10
MOVE A22 10
MOVE B16 122
MOVE B20 122
END TURN 129
TURN 130
COMMAND LEFT START
UPGRADE 1
COMMAND LEFT END
COMMAND RIGHT START
MOVE B13 187
COMMAND RIGHT END
TURN 130 RESULT
TIME LEFT 2 5 RIGHT 2 5
UPGRADE A 1
MOVE A17 74
MOVE A18 74
MOVE A20 74
MOVE A21 17
MOVE A22 17
MOVE B13 185
MOVE B16 106
MOVE B20 106
END TURN 130
TURN 131
COMMAND LEFT START
MOVE A17 1
COMMAND LEFT END
COMMAND RIGHT START
UPGRADE 160
COMMAND RIGHT END
TURN 131 RESULT
TIME LEFT 1 5 RIGHT 1 5
UPGRADE B 160
MOVE A17 58
MOVE A21 24
MOVE A22 24
MOVE B13 186
MOVE B16 94
MOVE B20 94
END TURN 131
TURN 132
COMMAND LEFT START
COMMAND LEFT END
COMMAND RIGHT START
MOVE B2 160
COMMAND RIGHT END
TURN 132 RESULT
TIME LEFT 2 5 RIGHT 1 5
MOVE A17 48
MOVE A21 47
MOVE A22 47
MOVE B2 106
MOVE B13 187
END TURN 132
TURN 133
COMMAND LEFT START
UPGRADE 14
TRAIN 1
COMMAND LEFT END
COMMAND RIGHT START
UPGRADE 142
COMMAND RIGHT END
TURN 133 RESULT
TIME LEFT 1 5 RIGHT 1 5
UPGRADE A 14
UPGRADE B 142
TRAIN A23
MOVE A17 29
MOVE A21 58
MOVE A22 58
MOVE B2 122
END TURN 133
TURN 134
COMMAND LEFT START
MOVE A23 14
COMMAND LEFT END
COMMAND RIGHT START
MOVE B8 142
COMMAND RIGHT END
TURN 134 RESULT
TIME LEFT 1 5 RIGHT 1 5
MOVE A17 9
MOVE A21 74
MOVE A22 74
MOVE A23 8
MOVE B2 141
MOVE B8 115
END TURN 134
TURN 135
COMMAND LEFT START
COMMAND LEFT END
COMMAND RIGHT START
COMMAND RIGHT END
TURN 135 RESULT
TIME LEFT 1 5 RIGHT 1 5
MOVE A17 1
MOVE A23 14
MOVE B2 160
MOVE B8 120
END TURN 135
TURN 136
COMMAND LEFT START
UPGRADE 74
COMMAND LEFT END
COMMAND RIGHT START
UPGRADE 187
TRAIN 1
COMMAND RIGHT END
TURN 136 RESULT
TIME LEFT 1 5 RIGHT 0 5
UPGRADE A 74
UPGRADE B 187
TRAIN B22
MOVE B8 126
END TURN 136
TURN 137
COMMAND LEFT START
TRAIN 2
COMMAND LEFT END
COMMAND RIGHT START
MOVE B14 187
COMMAND RIGHT END
TURN 137 RESULT
TIME LEFT 1 5 RIGHT 1 5
TRAIN A24 A25
MOVE B8 142
MOVE B14 185
END TURN 137
TURN 138
COMMAND LEFT START
MOVE A20 76
MOVE A24 74
MOVE A25 74
COMMAND LEFT END
COMMAND RIGHT START
COMMAND RIGHT END
TURN 138 RESULT
TIME LEFT 3 5 RIGHT 1 5
MOVE A20 76
MOVE A24 5
MOVE A25 5
MOVE B14 186
END TURN 138
TURN 139
COMMAND LEFT START
MOVE A20 74
COMMAND LEFT END
COMMAND RIGHT START
UPGRADE 160
TRAIN 1
COMMAND RIGHT END
TURN 139 RESULT
TIME LEFT 0 5 RIGHT 0 5
UPGRADE B 160
TRAIN B23
MOVE A20 74
MOVE A24 10
MOVE A25 10
MOVE B14 187
END TURN 139
TURN 140
COMMAND LEFT START
UPGRADE 28
TRAIN 2
COMMAND LEFT END
COMMAND RIGHT START
MOVE B15 160
COMMAND RIGHT END
TURN 140 RESULT
TIME LEFT 1 5 RIGHT 1 5
UPGRADE A 28
TRAIN A26 A27
MOVE A24 17
MOVE A25 17
MOVE B15 183
END TURN 140
TURN 141
COMMAND LEFT START
MOVE A26 28
MOVE A27 74
COMMAND LEFT END
COMMAND RIGHT START
UPGRADE 142
COMMAND RIGHT END
TURN 141 RESULT
TIME LEFT 1 5 RIGHT 1 5
UPGRADE B 142
MOVE A24 24
MOVE A25 24
MOVE A26 5
MOVE A27 5
MOVE B15 178
END TURN 141
TURN 142
COMMAND LEFT START
COMMAND LEFT END
COMMAND RIGHT START
TRAIN 1
COMMAND RIGHT END
TURN 142 RESULT
TIME LEFT 2 5 RIGHT 2 5
TRAIN B24
MOVE A24 47
MOVE A25 47
MOVE A26 10
MOVE A27 10
MOVE B15 171
END TURN 142
TURN 143
COMMAND LEFT START
UPGRADE 46
TRAIN 1
COMMAND LEFT END
COMMAND RIGHT START
MOVE B21 142
COMMAND RIGHT END
TURN 143 RESULT
TIME LEFT 1 5 RIGHT 1 5
UPGRADE A 46
TRAIN A28
MOVE A24 58
MOVE A25 58
MOVE A26 17
MOVE A27 17
MOVE B15 160
MOVE B21 182
END TURN 143
TURN 144
COMMAND LEFT START
MOVE A28 46
COMMAND LEFT END
COMMAND RIGHT START
TRAIN 2
COMMAND RIGHT END
TURN 144 RESULT
TIME LEFT 1 5 RIGHT 0 5
TRAIN B25 B26
MOVE A24 74
MOVE A25 74
MOVE A26 28
MOVE A27 24
MOVE A28 6
MOVE B21 173
END TURN 144
TURN 145
COMMAND LEFT START
MOVE A20 76
COMMAND LEFT END
COMMAND RIGHT START
MOVE B26 94
MOVE B25 94
TRAIN 2
COMMAND RIGHT END
TURN 145 RESULT
TIME LEFT 4 5 RIGHT 2 5
TRAIN B27 B28
MOVE A20 76
MOVE A27 47
MOVE A28 15
MOVE B21 156
MOVE B25 183
MOVE B26 183
END TURN 145
TURN 146
COMMAND LEFT START
MOVE A20 93
UPGRADE 15
TRAIN 1
COMMAND LEFT END
COMMAND RIGHT START
MOVE B28 94
MOVE B27 94
TRAIN 2
COMMAND RIGHT END
TURN 146 RESULT
TIME LEFT 4 5 RIGHT 1 5
UPGRADE A 15
TRAIN A29 B29 B30
MOVE A20 93
MOVE A27 58
MOVE A28 32
MOVE B21 142
MOVE B25 178
MOVE B26 178
MOVE B27 183
MOVE B28 183
END TURN 146
TURN 147
COMMAND LEFT START
MOVE A29 15
MOVE A20 111
COMMAND LEFT END
COMMAND RIGHT START
MOVE B30 94
MOVE B29 94
TRAIN 2
COMMAND RIGHT END
TURN 147 RESULT
TIME LEFT 4 5 RIGHT 0 5
TRAIN B31 B32
MOVE A20 111
MOVE A27 74
MOVE A28 46
MOVE A29 6
MOVE B25 171
MOVE B26 171
MOVE B27 178
MOVE B28 178
MOVE B29 183
MOVE B30 183
END TURN 147
TURN 148
COMMAND LEFT START
MOVE A20 134
COMMAND LEFT END
COMMAND RIGHT START
MOVE B32 94
MOVE B31 94
TRAIN 2
COMMAND RIGHT END
TURN 148 RESULT
TIME LEFT 4 5 RIGHT 0 5
TRAIN B33 B34
MOVE A20 138
MOVE A29 15
MOVE B25 164
MOVE B26 164
MOVE B27 171
MOVE B28 171
MOVE B29 178
MOVE B30 178
MOVE B31 183
MOVE B32 183
END TURN 148
TURN 149
COMMAND LEFT START
UPGRADE 4
TRAIN 2
COMMAND LEFT END
COMMAND RIGHT START
MOVE B34 94
MOVE B33 94
TRAIN 2
COMMAND RIGHT END
TURN 149 RESULT
TIME LEFT 0 5 RIGHT 0 5
UPGRADE A 4
TRAIN A30 A31 B35 B36
MOVE A20 134
MOVE B25 139
MOVE B26 139
MOVE B27 164
MOVE B28 164
MOVE B29 171
MOVE B30 171
MOVE B31 178
MOVE B32 178
MOVE B33 183
MOVE B34 183
END TURN 149
TURN 150
COMMAND LEFT START
MOVE A20 74
MOVE A30 4
MOVE A21 76
MOVE A31 74
COMMAND LEFT END
COMMAND RIGHT START
MOVE B36 94
MOVE B35 94
TRAIN 2
COMMAND RIGHT END
TURN 150 RESULT
TIME LEFT 4 5 RIGHT 0 5
TRAIN B37 B38
MOVE A20 117
MOVE A21 76
MOVE A30 3
MOVE A31 5
MOVE B25 122
MOVE B26 122
MOVE B27 139
MOVE B28 139
MOVE B29 164
MOVE B30 164
MOVE B31 171
MOVE B32 171
MOVE B33 178
MOVE B34 178
MOVE B35 183
MOVE B36 183
END TURN 150
TURN 151
COMMAND LEFT START
MOVE A21 65
COMMAND LEFT END
COMMAND RIGHT START
MOVE B38 94
MOVE B37 94
TRAIN 2
COMMAND RIGHT END
TURN 151 RESULT
TIME LEFT 4 5 RIGHT 0 5
TRAIN B39 B40
MOVE A20 103
MOVE A21 65
MOVE A30 4
MOVE A31 10
MOVE B25 106
MOVE B26 106
MOVE B27 122
MOVE B28 122
MOVE B29 139
MOVE B30 139
MOVE B31 164
MOVE B32 164
MOVE B33 171
MOVE B34 171
MOVE B35 178
MOVE B36 178
MOVE B37 183
MOVE B38 183
END TURN 151
TURN 152
COMMAND LEFT START
MOVE A21 93
UPGRADE 55
TRAIN 2
COMMAND LEFT END
COMMAND RIGHT START
MOVE B40 94
MOVE B39 94
TRAIN 2
COMMAND RIGHT END
TURN 152 RESULT
TIME LEFT 3 5 RIGHT 0 5
UPGRADE A 55
TRAIN A32 A33 B41 B42
MOVE A20 101
MOVE A21 78
MOVE A31 17
MOVE B25 94
MOVE B26 94
MOVE B27 106
MOVE B28 106
MOVE B29 122
MOVE B30 122
MOVE B31 139
MOVE B32 139
MOVE B33 164
MOVE B34 164
MOVE B35 171
MOVE B36 171
MOVE B37 178
MOVE B38 178
MOVE B39 183
MOVE B40 183
END TURN 152
TURN 153
COMMAND LEFT START
MOVE A32 55
MOVE A33 74
COMMAND LEFT END
COMMAND RIGHT START
MOVE B42 94
MOVE B41 94
MOVE B26 133
TRAIN 2
COMMAND RIGHT END
TURN 153 RESULT
TIME LEFT 0 5 RIGHT 0 5
TRAIN B43 B44
MOVE A20 92
MOVE A21 93
MOVE A31 24
MOVE A32 8
MOVE A33 5
MOVE B26 115
MOVE B27 94
MOVE B28 94
MOVE B29 106
MOVE B30 106
MOVE B31 122
MOVE B32 122
MOVE B33 139
MOVE B34 139
MOVE B35 164
MOVE B36 164
MOVE B37 171
MOVE B38 171
MOVE B39 178
MOVE B40 178
MOVE B41 183
MOVE B42 183
END TURN 153
TURN 154
COMMAND LEFT START
MOVE A21 111
COMMAND LEFT END
COMMAND RIGHT START
MOVE B44 94
MOVE B43 94
MOVE B28 114
MOVE B27 46
COMMAND RIGHT END
TURN 154 RESULT
TIME LEFT 5 5 RIGHT 0 5
MOVE A20 74
MOVE A21 111
MOVE A31 47
MOVE A32 18
MOVE A33 10
MOVE B26 120
MOVE B27 73
MOVE B28 107
MOVE B29 94
MOVE B30 94
MOVE B31 106
MOVE B32 106
MOVE B33 122
MOVE B34 122
MOVE B35 139
MOVE B36 139
MOVE B37 164
MOVE B38 164
MOVE B39 171
MOVE B40 171
MOVE B41 178
MOVE B42 178
MOVE B43 183
MOVE B44 183
END TURN 154
TURN 155
COMMAND LEFT START
MOVE A21 134
UPGRADE 1
TRAIN 2
COMMAND LEFT END
COMMAND RIGHT START
MOVE B30 55
MOVE B29 15
COMMAND RIGHT END
TURN 155 RESULT
TIME LEFT 5 5 RIGHT 0 5
UPGRADE A 1
TRAIN A34 A35
MOVE A21 138
MOVE A31 58
MOVE A32 34
MOVE A33 17
MOVE B26 126
MOVE B27 68
MOVE B28 114
MOVE B29 73
MOVE B30 73
MOVE B31 94
MOVE B32 94
MOVE B33 106
MOVE B34 106
MOVE B35 122
MOVE B36 122
MOVE B37 139
MOVE B38 139
MOVE B39 164
MOVE B40 164
MOVE B41 171
MOVE B42 171
MOVE B43 178
MOVE B44 178
END TURN 155
TURN 156
COMMAND LEFT START
MOVE A34 1
MOVE A35 74
COMMAND LEFT END
COMMAND RIGHT START
MOVE B32 28
MOVE B31 4
UPGRADE 114
COMMAND RIGHT END
TURN 156 RESULT
TIME LEFT 0 5 RIGHT 0 5
UPGRADE B 114
MOVE A21 134
MOVE A31 74
MOVE A32 45
MOVE A33 24
MOVE A34 3
MOVE A35 5
MOVE B26 134
MOVE B27 62
MOVE B29 61
MOVE B30 68
MOVE B31 82
MOVE B32 82
MOVE B33 94
MOVE B34 94
MOVE B35 106
MOVE B36 106
MOVE B37 122
MOVE B38 122
MOVE B39 139
MOVE B40 139
MOVE B41 164
MOVE B42 164
MOVE B43 171
MOVE B44 171
DAMAGE COMBAT A21 1
DAMAGE COMBAT B26 1
END TURN 156
TURN 157
COMMAND LEFT START
MOVE A21 74
MOVE A20 76
MOVE A22 46
MOVE A24 46
MOVE A25 46
MOVE A27 46
MOVE A31 46
COMMAND LEFT END
COMMAND RIGHT START
MOVE B34 1
MOVE B33 14
UPGRADE 114
COMMAND RIGHT END
TURN 157 RESULT
TIME LEFT 5 5 RIGHT 0 5
UPGRADE B 114
MOVE A20 76
MOVE A22 70
MOVE A24 70
MOVE A25 70
MOVE A27 70
MOVE A31 70
MOVE A32 55
MOVE A33 47
MOVE A34 2
MOVE A35 10
MOVE B27 46
MOVE B29 40
MOVE B30 62
MOVE B31 66
MOVE B32 66
MOVE B33 73
MOVE B34 82
MOVE B35 94
MOVE B36 94
MOVE B37 106
MOVE B38 106
MOVE B39 122
MOVE B40 122
MOVE B41 139
MOVE B42 139
MOVE B43 164
MOVE B44 164
DAMAGE TURRET B27 2
DAMAGE COMBAT A7 1
DAMAGE COMBAT A21 1
DAMAGE COMBAT B26 1
DAMAGE COMBAT B27 3
END TURN 157
TURN 158
COMMAND LEFT START
MOVE A20 74
UPGRADE 14
TRAIN 2
COMMAND LEFT END
COMMAND RIGHT START
MOVE B12 114
UPGRADE 114
COMMAND RIGHT END
TURN 158 RESULT
TIME LEFT 1 5 RIGHT 0 5
UPGRADE A 14
UPGRADE B 114
TRAIN A36 A37
MOVE A20 74
MOVE A22 66
MOVE A24 66
MOVE A25 66
MOVE A27 66
MOVE A31 66
MOVE A33 58
MOVE A34 1
MOVE A35 17
MOVE B12 107
MOVE B29 31
MOVE B30 54
MOVE B31 47
MOVE B32 47
MOVE B33 68
MOVE B34 70
MOVE B37 94
MOVE B38 94
MOVE B39 106
MOVE B40 106
MOVE B41 122
MOVE B42 122
MOVE B43 139
MOVE B44 139
DAMAGE TURRET B27 1
DAMAGE COMBAT A7 1
DAMAGE COMBAT A21 1
DAMAGE COMBAT B26 1
END TURN 158
TURN 159
COMMAND LEFT START
MOVE A36 14
MOVE A37 74
COMMAND LEFT END
COMMAND RIGHT START
MOVE B16 114
TRAIN 2
COMMAND RIGHT END
TURN 159 RESULT
TIME LEFT 1 5 RIGHT 0 5
TRAIN B45 B46
MOVE A22 61
MOVE A24 61
MOVE A25 61
MOVE A27 61
MOVE A31 61
MOVE A33 74
MOVE A35 24
MOVE A36 8
MOVE A37 5
MOVE B12 114
MOVE B16 107
MOVE B29 15
MOVE B30 50
MOVE B31 28
MOVE B32 28
MOVE B33 62
MOVE B34 58
MOVE B39 94
MOVE B40 94
MOVE B41 106
MOVE B42 106
MOVE B43 122
MOVE B44 122
DAMAGE TURRET B29 2
DAMAGE TURRET B31 2
DAMAGE COMBAT A5 1
DAMAGE COMBAT A6 2
DAMAGE COMBAT A21 1
DAMAGE COMBAT B26 1
DAMAGE COMBAT B29 3
DAMAGE COMBAT B31 3
END TURN 159
TURN 160
COMMAND LEFT START
COMMAND LEFT END
COMMAND RIGHT START
MOVE B46 94
MOVE B45 94
TRAIN 2
COMMAND RIGHT END
TURN 160 RESULT
TIME LEFT 1 5 RIGHT 0 5
TRAIN B47 B48
MOVE A22 40
MOVE A24 40
MOVE A25 40
MOVE A27 40
MOVE A31 40
MOVE A35 47
MOVE A36 14
MOVE A37 10
MOVE B16 114
MOVE B30 55
MOVE B33 54
MOVE B34 48
MOVE B41 94
MOVE B42 94
MOVE B43 106
MOVE B44 106
MOVE B45 183
MOVE B46 183
DAMAGE TURRET B29 1
DAMAGE TURRET B30 2
DAMAGE TURRET B31 1
DAMAGE TURRET B32 1
DAMAGE COMBAT A5 1
DAMAGE COMBAT A6 2
DAMAGE COMBAT A8 1
DAMAGE COMBAT A21 1
DAMAGE COMBAT B26 1
DAMAGE COMBAT B30 3
DAMAGE COMBAT B32 3
END TURN 160
TURN 161
COMMAND LEFT START
COMMAND LEFT END
COMMAND RIGHT START
MOVE B48 94
MOVE B47 94
TRAIN 2
COMMAND RIGHT END
TURN 161 RESULT
TIME LEFT 1 5 RIGHT 0 5
TRAIN B49 B50
MOVE A22 46
MOVE A24 46
MOVE A25 46
MOVE A27 46
MOVE A31 46
MOVE A35 58
MOVE A37 17
MOVE B33 37
MOVE B34 29
MOVE B43 94
MOVE B44 94
MOVE B45 178
MOVE B46 178
MOVE B47 183
MOVE B48 183
DAMAGE TURRET B30 1
DAMAGE TURRET B32 2
DAMAGE COMBAT A8 1
DAMAGE COMBAT A11 1
DAMAGE COMBAT A21 1
DAMAGE COMBAT B26 1
END TURN 161
TURN 162
COMMAND LEFT START
MOVE A24 74
MOVE A25 74
MOVE A27 74
MOVE A28 28
MOVE A31 74
COMMAND LEFT END
COMMAND RIGHT START
MOVE B44 74
MOVE B43 74
MOVE B42 74
MOVE B41 74
MOVE B40 74
MOVE B39 74
MOVE B38 74
MOVE B37 74
MOVE B36 74
MOVE B35 74
COMMAND RIGHT END
TURN 162 RESULT
TIME LEFT 1 5 RIGHT 0 5
MOVE A24 40
MOVE A25 40
MOVE A27 40
MOVE A28 40
MOVE A31 40
MOVE A35 74
MOVE A37 24
MOVE B33 26
MOVE B34 9
MOVE B35 81
MOVE B36 81
MOVE B37 81
MOVE B38 81
MOVE B39 81
MOVE B40 81
MOVE B41 81
MOVE B42 81
MOVE B43 81
MOVE B44 81
MOVE B45 171
MOVE B46 171
MOVE B47 178
MOVE B48 178
END TURN 162
TURN 163
COMMAND LEFT START
COMMAND LEFT END
COMMAND RIGHT START
MOVE B50 94
MOVE B49 94
TRAIN 2
COMMAND RIGHT END
TURN 163 RESULT
TIME LEFT 1 5 RIGHT 0 5
TRAIN B51 B52
MOVE A24 61
MOVE A25 61
MOVE A27 61
MOVE A28 24
MOVE A31 61
MOVE A37 47
MOVE B33 18
MOVE B34 1
MOVE B35 74
MOVE B36 74
MOVE B37 74
MOVE B38 74
MOVE B39 74
MOVE B40 74
MOVE B41 74
MOVE B42 74
MOVE B43 74
MOVE B44 74
MOVE B45 164
MOVE B46 164
MOVE B47 171
MOVE B48 171
MOVE B49 183
MOVE B50 183
DAMAGE TURRET B34 2
DAMAGE TURRET B35 2
DAMAGE COMBAT A4 1
DAMAGE COMBAT A14 6
DAMAGE COMBAT A15 4
DAMAGE COMBAT B34 3
DAMAGE COMBAT B35 4
DAMAGE COMBAT B36 2
END TURN 163
TURN 164
COMMAND LEFT START
COMMAND LEFT END
COMMAND RIGHT START
MOVE B52 94
MOVE B51 94
TRAIN 2
COMMAND RIGHT END
TURN 164 RESULT
TIME LEFT 1 5 RIGHT 0 5
TRAIN B53 B54
MOVE A24 66
MOVE A25 66
MOVE A27 66
MOVE A28 28
MOVE A31 66
MOVE A37 58
MOVE B33 14
MOVE B45 139
MOVE B46 139
MOVE B47 164
MOVE B48 164
MOVE B49 178
MOVE B50 178
MOVE B51 183
MOVE B52 183
DAMAGE TURRET B33 2
DAMAGE TURRET B34 1
DAMAGE TURRET B36 2
DAMAGE COMBAT A2 1
DAMAGE COMBAT A4 1
DAMAGE COMBAT A15 2
DAMAGE COMBAT A18 6
DAMAGE COMBAT A20 1
DAMAGE COMBAT B33 3
DAMAGE COMBAT B36 2
DAMAGE COMBAT B37 3
END TURN 164
TURN 165
COMMAND LEFT START
UPGRADE 0
TRAIN 2
COMMAND LEFT END
COMMAND RIGHT START
MOVE B54 94
MOVE B53 94
TRAIN 2
COMMAND RIGHT END
TURN 165 RESULT
TIME LEFT 0 5 RIGHT 0 5
UPGRADE A 0
TRAIN A38 A39 B55 B56
MOVE A24 70
MOVE A25 70
MOVE A27 70
MOVE A31 70
MOVE A37 74
MOVE B45 122
MOVE B46 122
MOVE B47 139
MOVE B48 139
MOVE B49 171
MOVE B50 171
MOVE B51 178
MOVE B52 178
MOVE B53 183
MOVE B54 183
DAMAGE TURRET B33 1
DAMAGE TURRET B37 2
DAMAGE COMBAT A2 1
DAMAGE COMBAT A20 5
DAMAGE COMBAT A33 3
DAMAGE COMBAT B37 1
DAMAGE COMBAT B38 3
END TURN 165
TURN 166
COMMAND LEFT START
MOVE A39 28
COMMAND LEFT END
COMMAND RIGHT START
MOVE B56 94
MOVE B55 94
TRAIN 2
COMMAND RIGHT END
TURN 166 RESULT
TIME LEFT 0 5 RIGHT 0 5
TRAIN B57 B58
MOVE A24 74
MOVE A25 74
MOVE A27 74
MOVE A31 74
MOVE A39 5
MOVE B45 106
MOVE B46 106
MOVE B47 122
MOVE B48 122
MOVE B49 164
MOVE B50 164
MOVE B51 171
MOVE B52 171
MOVE B53 178
MOVE B54 178
MOVE B55 183
MOVE B56 183
DAMAGE TURRET B38 2
DAMAGE COMBAT A24 4
DAMAGE COMBAT A33 3
DAMAGE COMBAT B38 1
DAMAGE COMBAT B39 6
END TURN 166
TURN 167
COMMAND LEFT START
MOVE A31 28
MOVE A35 28
MOVE A37 28
COMMAND LEFT END
COMMAND RIGHT START
MOVE B58 133
MOVE B57 94
TRAIN 2
COMMAND RIGHT END
TURN 167 RESULT
TIME LEFT 1 5 RIGHT 1 5
TRAIN B59 B60
MOVE A39 10
MOVE B45 94
MOVE B46 94
MOVE B47 106
MOVE B48 106
MOVE B49 139
MOVE B50 139
MOVE B51 164
MOVE B52 164
MOVE B53 171
MOVE B54 171
MOVE B55 178
MOVE B56 178
MOVE B57 183
MOVE B58 180
DAMAGE TURRET B40 2
DAMAGE COMBAT A24 2
DAMAGE COMBAT A25 3
DAMAGE COMBAT B40 4
DAMAGE COMBAT B41 2
END TURN 167
TURN 168
COMMAND LEFT START
TRAIN 2
COMMAND LEFT END
COMMAND RIGHT START
MOVE B60 46
MOVE B59 94
TRAIN 2
COMMAND RIGHT END
TURN 168 RESULT
TIME LEFT 0 5 RIGHT 0 5
TRAIN A40 A41 B61 B62
MOVE A39 17
MOVE B47 94
MOVE B48 94
MOVE B49 122
MOVE B50 122
MOVE B51 139
MOVE B52 139
MOVE B53 164
MOVE B54 164
MOVE B55 171
MOVE B56 171
MOVE B57 178
MOVE B58 170
MOVE B59 183
MOVE B60 183
DAMAGE TURRET B41 2
DAMAGE COMBAT A25 3
DAMAGE COMBAT A27 1
DAMAGE COMBAT B41 2
DAMAGE COMBAT B42 3
END TURN 168
TURN 169
COMMAND LEFT START
MOVE A26 74
MOVE A28 74
MOVE A40 28
MOVE A41 28
COMMAND LEFT END
COMMAND RIGHT START
MOVE B48 28
MOVE B47 55
MOVE B62 15
MOVE B61 94
COMMAND RIGHT END
TURN 169 RESULT
TIME LEFT 2 5 RIGHT 2 5
MOVE A26 36
MOVE A28 36
MOVE A39 28
MOVE A40 5
MOVE A41 5
MOVE B47 73
MOVE B48 82
MOVE B49 106
MOVE B50 106
MOVE B51 122
MOVE B52 122
MOVE B53 139
MOVE B54 139
MOVE B55 164
MOVE B56 164
MOVE B57 171
MOVE B58 154
MOVE B59 178
MOVE B60 178
MOVE B61 183
MOVE B62 183
DAMAGE TURRET B42 2
DAMAGE COMBAT A27 3
DAMAGE COMBAT B42 1
DAMAGE COMBAT B43 3
END TURN 169
TURN 170
COMMAND LEFT START
TRAIN 2
COMMAND LEFT END
COMMAND RIGHT START
MOVE B20 188
UPGRADE 188
COMMAND RIGHT END
TURN 170 RESULT
TIME LEFT 1 5 RIGHT 1 5
UPGRADE B 188
TRAIN A42 A43
MOVE A26 48
MOVE A28 48
MOVE A40 10
MOVE A41 10
MOVE B20 106
MOVE B47 68
MOVE B48 66
MOVE B49 94
MOVE B50 94
MOVE B51 106
MOVE B52 106
MOVE B53 122
MOVE B54 122
MOVE B55 139
MOVE B56 139
MOVE B57 164
MOVE B58 143
MOVE B59 171
MOVE B60 171
MOVE B61 178
MOVE B62 178
DAMAGE TURRET B43 2
DAMAGE COMBAT A27 2
DAMAGE COMBAT B43 1
DAMAGE COMBAT B44 3
END TURN 170
TURN 171
COMMAND LEFT START
MOVE A42 28
MOVE A43 28
TRAIN 2
COMMAND LEFT END
COMMAND RIGHT START
COMMAND RIGHT END
TURN 171 RESULT
TIME LEFT 2 5 RIGHT 2 5
TRAIN A44 A45
MOVE A26 58
MOVE A28 58
MOVE A40 17
MOVE A41 17
MOVE A42 5
MOVE A43 5
MOVE B20 122
MOVE B47 62
MOVE B48 47
MOVE B51 94
MOVE B52 94
MOVE B53 106
MOVE B54 106
MOVE B55 122
MOVE B56 122
MOVE B57 139
MOVE B58 133
MOVE B59 164
MOVE B60 164
MOVE B61 171
MOVE B62 171
DAMAGE TURRET B44 2
DAMAGE COMBAT A31 1
DAMAGE COMBAT B44 1
END TURN 171
TURN 172
COMMAND LEFT START
MOVE A44 74
MOVE A45 74
TRAIN 2
COMMAND LEFT END
COMMAND RIGHT START
UPGRADE 133
COMMAND RIGHT END
TURN 172 RESULT
TIME LEFT 2 5 RIGHT 2 5
UPGRADE B 133
TRAIN A46 A47
MOVE A26 74
MOVE A28 74
MOVE A31 58
MOVE A35 58
MOVE A37 58
MOVE A40 28
MOVE A41 28
MOVE A42 10
MOVE A43 10
MOVE A44 5
MOVE A45 5
MOVE B20 139
MOVE B47 54
MOVE B48 28
MOVE B53 94
MOVE B54 94
MOVE B55 106
MOVE B56 106
MOVE B57 122
MOVE B59 139
MOVE B60 141
MOVE B61 164
MOVE B62 164
DAMAGE TURRET B48 2
DAMAGE COMBAT A11 1
DAMAGE COMBAT B48 4
END TURN 172
TURN 173
COMMAND LEFT START
MOVE A46 74
MOVE A47 74
MOVE A41 74
TRAIN 2
COMMAND LEFT END
COMMAND RIGHT START
MOVE B54 28
COMMAND RIGHT END
TURN 173 RESULT
TIME LEFT 1 5 RIGHT 1 5
TRAIN A48 A49
MOVE A31 48
MOVE A35 48
MOVE A37 48
MOVE A41 36
MOVE A42 17
MOVE A43 17
MOVE A44 10
MOVE A45 10
MOVE A46 5
MOVE A47 5
MOVE B20 164
MOVE B47 50
MOVE B54 82
MOVE B55 94
MOVE B56 94
MOVE B57 106
MOVE B59 122
MOVE B60 118
MOVE B61 139
MOVE B62 139
END TURN 173
TURN 174
COMMAND LEFT START
MOVE A48 74
MOVE A49 74
TRAIN 2
COMMAND LEFT END
COMMAND RIGHT START
MOVE B56 4
MOVE B55 74
MOVE B53 74
MOVE B52 74
MOVE B51 74
MOVE B50 74
MOVE B49 74
MOVE B46 74
COMMAND RIGHT END
TURN 174 RESULT
TIME LEFT 2 5 RIGHT 2 5
TRAIN A50 A51
MOVE A31 36
MOVE A35 36
MOVE A37 36
MOVE A41 48
MOVE A42 28
MOVE A43 28
MOVE A44 17
MOVE A45 17
MOVE A46 10
MOVE A47 10
MOVE A48 5
MOVE A49 5
MOVE B20 171
MOVE B46 81
MOVE B47 55
MOVE B49 81
MOVE B50 81
MOVE B51 81
MOVE B52 81
MOVE B53 81
MOVE B54 66
MOVE B55 81
MOVE B56 82
MOVE B57 94
MOVE B59 106
MOVE B60 107
MOVE B61 122
MOVE B62 122
DAMAGE TURRET B47 2
DAMAGE COMBAT A8 1
DAMAGE COMBAT B47 3
END TURN 174
TURN 175
COMMAND LEFT START
MOVE A50 74
MOVE A51 74
MOVE A42 74
MOVE A43 74
TRAIN 2
COMMAND LEFT END
COMMAND RIGHT START
UPGRADE 133
COMMAND RIGHT END
TURN 175 RESULT
TIME LEFT 4 5 RIGHT 4 5
UPGRADE B 133
TRAIN A52 A53
MOVE A31 28
MOVE A35 28
MOVE A37 28
MOVE A41 58
MOVE A42 36
MOVE A43 36
MOVE A44 24
MOVE A45 24
MOVE A46 17
MOVE A47 17
MOVE A48 10
MOVE A49 10
MOVE A50 5
MOVE A51 5
MOVE B20 178
MOVE B46 74
MOVE B49 74
MOVE B50 74
MOVE B51 74
MOVE B52 74
MOVE B53 74
MOVE B54 47
MOVE B55 74
MOVE B56 66
MOVE B59 94
MOVE B60 84
MOVE B61 106
MOVE B62 106
DAMAGE TURRET B46 2
DAMAGE TURRET B47 1
DAMAGE COMBAT A8 1
DAMAGE COMBAT A26 6
DAMAGE COMBAT A28 1
DAMAGE COMBAT B46 2
END TURN 175
TURN 176
COMMAND LEFT START
MOVE A52 55
MOVE A53 28
TRAIN 2
COMMAND LEFT END
COMMAND RIGHT START
MOVE B25 133
UPGRADE 133
COMMAND RIGHT END
TURN 176 RESULT
TIME LEFT 1 5 RIGHT 1 5
UPGRADE B 133
TRAIN A54 A55
MOVE A41 74
MOVE A42 48
MOVE A43 48
MOVE A44 47
MOVE A45 47
MOVE A46 24
MOVE A47 24
MOVE A48 17
MOVE A49 17
MOVE A50 10
MOVE A51 10
MOVE A52 8
MOVE A53 5
MOVE B20 183
MOVE B25 115
MOVE B54 28
MOVE B56 47
MOVE B60 68
MOVE B61 94
MOVE B62 94
DAMAGE TURRET B46 2
DAMAGE TURRET B54 2
DAMAGE COMBAT A11 1
DAMAGE COMBAT A28 5
DAMAGE COMBAT A41 2
DAMAGE COMBAT A44 1
DAMAGE COMBAT B49 2
DAMAGE COMBAT B54 4
DAMAGE COMBAT B56 2
END TURN 176
TURN 177
COMMAND LEFT START
MOVE A37 53
MOVE A54 28
MOVE A55 28
TRAIN 2
COMMAND LEFT END
COMMAND RIGHT START
MOVE B45 133
COMMAND RIGHT END
TURN 177 RESULT
TIME LEFT 6 5 RIGHT 4 5
TRAIN A56 A57
MOVE A37 36
MOVE A42 58
MOVE A43 58
MOVE A46 47
MOVE A47 47
MOVE A48 24
MOVE A49 24
MOVE A50 17
MOVE A51 17
MOVE A52 18
MOVE A53 10
MOVE A54 5
MOVE A55 5
MOVE B20 188
MOVE B25 120
MOVE B45 115
MOVE B60 62
MOVE B62 73
DAMAGE TURRET B49 2
DAMAGE COMBAT A41 5
DAMAGE COMBAT A44 1
DAMAGE COMBAT B49 1
DAMAGE COMBAT B56 4
SIEGE A 74 1
END TURN 177
TURN 178
COMMAND LEFT START
MOVE A56 46
MOVE A57 46
MOVE A39 46
MOVE A40 46
TRAIN 2
COMMAND LEFT END
COMMAND RIGHT START
TRAIN 2
COMMAND RIGHT END
TURN 178 RESULT
TIME LEFT 1 5 RIGHT 1 5
TRAIN A58 A59 B63 B64
MOVE A37 48
MOVE A39 24
MOVE A40 24
MOVE A42 74
MOVE A43 74
MOVE A44 58
MOVE A45 58
MOVE A46 58
MOVE A47 58
MOVE A48 47
MOVE A49 47
MOVE A50 24
MOVE A51 24
MOVE A52 34
MOVE A53 17
MOVE A54 10
MOVE A55 10
MOVE A56 6
MOVE A57 6
MOVE B25 126
MOVE B45 120
MOVE B60 46
MOVE B62 61
DAMAGE TURRET B49 1
DAMAGE TURRET B50 1
DAMAGE TURRET B60 2
DAMAGE COMBAT A7 1
DAMAGE COMBAT A42 6
DAMAGE COMBAT B50 2
DAMAGE COMBAT B60 3
END TURN 178
TURN 179
COMMAND LEFT START
MOVE A58 15
MOVE A59 15
TRAIN 2
COMMAND LEFT END
COMMAND RIGHT START
MOVE B64 94
MOVE B63 94
TRAIN 2
COMMAND RIGHT END
TURN 179 RESULT
TIME LEFT 1 5 RIGHT 1 5
TRAIN A60 A61 B65 B66
MOVE A37 53
MOVE A39 40
MOVE A40 40
MOVE A44 74
MOVE A45 74
MOVE A46 74
MOVE A47 74
MOVE A48 58
MOVE A49 58
MOVE A50 47
MOVE A51 47
MOVE A52 45
MOVE A53 28
MOVE A54 17
MOVE A55 17
MOVE A56 15
MOVE A57 15
MOVE A58 6
MOVE A59 6
MOVE B25 134
MOVE B45 126
MOVE B62 40
MOVE B63 183
MOVE B64 183
DAMAGE TURRET B50 2
DAMAGE TURRET B60 1
DAMAGE COMBAT A7 1
DAMAGE COMBAT A39 1
DAMAGE COMBAT A42 1
DAMAGE COMBAT A44 4
DAMAGE COMBAT B50 1
DAMAGE COMBAT B51 5
DAMAGE COMBAT B62 2
END TURN 179
TURN 180
COMMAND LEFT START
MOVE A46 93
MOVE A60 15
MOVE A61 15
MOVE A53 15
MOVE A47 15
MOVE A37 15
TRAIN 2
COMMAND LEFT END
COMMAND RIGHT START
MOVE B66 94
MOVE B65 94
TRAIN 2
COMMAND RIGHT END
TURN 180 RESULT
TIME LEFT 4 5 RIGHT 2 5
TRAIN A62 A63 B67 B68
MOVE A37 48
MOVE A48 74
MOVE A49 74
MOVE A50 58
MOVE A51 58
MOVE A52 55
MOVE A53 24
MOVE A54 28
MOVE A55 28
MOVE A56 32
MOVE A57 32
MOVE A58 15
MOVE A59 15
MOVE A60 6
MOVE A61 6
MOVE B25 138
MOVE B45 134
MOVE B63 178
MOVE B64 178
MOVE B65 183
MOVE B66 183
DAMAGE TURRET B51 1
DAMAGE TURRET B52 1
DAMAGE COMBAT A39 1
DAMAGE COMBAT A43 3
DAMAGE COMBAT A44 1
DAMAGE COMBAT B52 5
DAMAGE COMBAT B53 2
DAMAGE COMBAT B62 2
END TURN 180
TURN 181
COMMAND LEFT START
MOVE A62 28
MOVE A63 28
MOVE A54 15
MOVE A55 15
MOVE A49 15
TRAIN 2
COMMAND LEFT END
COMMAND RIGHT START
MOVE B68 94
MOVE B67 94
TRAIN 2
COMMAND RIGHT END
TURN 181 RESULT
TIME LEFT 2 5 RIGHT 2 5
TRAIN A64 A65 B69 B70
MOVE A37 36
MOVE A50 74
MOVE A51 74
MOVE A53 23
MOVE A54 24
MOVE A55 24
MOVE A56 46
MOVE A57 46
MOVE A60 15
MOVE A61 15
MOVE A62 5
MOVE A63 5
MOVE B25 133
MOVE B45 138
MOVE B63 171
MOVE B64 171
MOVE B65 178
MOVE B66 178
MOVE B67 183
MOVE B68 183
DAMAGE TURRET B53 2
DAMAGE COMBAT A39 1
DAMAGE COMBAT A43 2
DAMAGE COMBAT B53 2
DAMAGE COMBAT B55 6
DAMAGE COMBAT B62 2
END TURN 181
TURN 182
COMMAND LEFT START
MOVE A64 74
MOVE A65 74
MOVE A57 15
MOVE A50 15
MOVE A51 15
TRAIN 2
COMMAND LEFT END
COMMAND RIGHT START
MOVE B70 94
MOVE B69 94
TRAIN 2
COMMAND RIGHT END
TURN 182 RESULT
TIME LEFT 2 5 RIGHT 2 5
TRAIN A66 A67 B71 B72
MOVE A37 28
MOVE A39 46
MOVE A40 46
MOVE A46 76
MOVE A47 58
MOVE A49 58
MOVE A50 58
MOVE A51 58
MOVE A53 15
MOVE A54 23
MOVE A55 23
MOVE A57 32
MOVE A62 10
MOVE A63 10
MOVE A64 5
MOVE A65 5
MOVE B45 133
MOVE B63 164
MOVE B64 164
MOVE B65 171
MOVE B66 171
MOVE B67 178
MOVE B68 178
MOVE B69 183
MOVE B70 183
END TURN 182
TURN 183
COMMAND LEFT START
MOVE A66 74
MOVE A67 74
MOVE A40 15
MOVE A56 15
TRAIN 2
COMMAND LEFT END
COMMAND RIGHT START
COMMAND RIGHT END
TURN 183 RESULT
TIME LEFT 2 5 RIGHT 2 5
TRAIN A68 A69
MOVE A37 24
MOVE A40 32
MOVE A46 93
MOVE A47 47
MOVE A49 47
MOVE A50 47
MOVE A51 47
MOVE A54 15
MOVE A55 15
MOVE A56 32
MOVE A57 15
MOVE A62 17
MOVE A63 17
MOVE A64 10
MOVE A65 10
MOVE A66 5
MOVE A67 5
MOVE B63 139
MOVE B64 139
MOVE B65 164
MOVE B66 164
MOVE B67 171
MOVE B68 171
MOVE B69 178
MOVE B70 178
END TURN 183
TURN 184
COMMAND LEFT START
MOVE A46 80
MOVE A68 74
MOVE A69 74
MOVE A53 94
MOVE A54 94
MOVE A55 94
MOVE A57 94
MOVE A58 94
MOVE A59 94
MOVE A60 94
MOVE A61 94
TRAIN 2
COMMAND LEFT END
COMMAND RIGHT START
COMMAND RIGHT END
TURN 184 RESULT
TIME LEFT 6 5 RIGHT 1 5
TRAIN A70 A71
MOVE A37 23
MOVE A40 15
MOVE A46 80
MOVE A47 24
MOVE A49 24
MOVE A50 24
MOVE A51 24
MOVE A53 31
MOVE A54 31
MOVE A55 31
MOVE A56 15
MOVE A57 31
MOVE A58 31
MOVE A59 31
MOVE A60 31
MOVE A61 31
MOVE A62 28
MOVE A63 28
MOVE A64 17
MOVE A65 17
MOVE A66 10
MOVE A67 10
MOVE A68 5
MOVE A69 5
MOVE B63 122
MOVE B64 122
MOVE B65 139
MOVE B66 139
MOVE B67 164
MOVE B68 164
MOVE B69 171
MOVE B70 171
END TURN 184
TURN 185
COMMAND LEFT START
MOVE A46 93
MOVE A70 74
MOVE A71 74
MOVE A62 15
MOVE A63 15
TRAIN 2
COMMAND LEFT END
COMMAND RIGHT START
COMMAND RIGHT END
TURN 185 RESULT
TIME LEFT 5 5 RIGHT 1 5
TRAIN A72 A73
MOVE A37 15
MOVE A46 93
MOVE A47 23
MOVE A49 23
MOVE A50 23
MOVE A51 23
MOVE A53 40
MOVE A54 40
MOVE A55 40
MOVE A57 40
MOVE A58 40
MOVE A59 40
MOVE A60 40
MOVE A61 40
MOVE A62 24
MOVE A63 24
MOVE A64 24
MOVE A65 24
MOVE A66 17
MOVE A67 17
MOVE A68 10
MOVE A69 10
MOVE A70 5
MOVE A71 5
MOVE B63 106
MOVE B64 106
MOVE B65 122
MOVE B66 122
MOVE B67 139
MOVE B68 139
MOVE B69 164
MOVE B70 164
END TURN 185
TURN 186
COMMAND LEFT START
MOVE A46 80
MOVE A72 74
MOVE A73 74
TRAIN 2
COMMAND LEFT END
COMMAND RIGHT START
COMMAND RIGHT END
TURN 186 RESULT
TIME LEFT 5 5 RIGHT 2 5
TRAIN A74 A75
MOVE A46 80
MOVE A47 15
MOVE A49 15
MOVE A50 15
MOVE A51 15
MOVE A53 61
MOVE A54 61
MOVE A55 61
MOVE A57 61
MOVE A58 61
MOVE A59 61
MOVE A60 61
MOVE A61 61
MOVE A62 23
MOVE A63 23
MOVE A64 47
MOVE A65 47
MOVE A66 24
MOVE A67 24
MOVE A68 17
MOVE A69 17
MOVE A70 10
MOVE A71 10
MOVE A72 5
MOVE A73 5
MOVE B63 94
MOVE B64 94
MOVE B65 106
MOVE B66 106
MOVE B67 122
MOVE B68 122
MOVE B69 139
MOVE B70 139
END TURN 186
TURN 187
COMMAND LEFT START
MOVE A46 93
MOVE A74 74
MOVE A75 74
MOVE A37 74
MOVE A40 74
MOVE A47 74
MOVE A49 74
MOVE A50 74
MOVE A51 74
MOVE A56 74
TRAIN 2
COMMAND LEFT END
COMMAND RIGHT START
MOVE B72 94
UPGRADE 188
COMMAND RIGHT END
TURN 187 RESULT
TIME LEFT 5 5 RIGHT 0 5
UPGRADE B 188
TRAIN A76 A77
MOVE A37 23
MOVE A40 23
MOVE A46 93
MOVE A47 23
MOVE A49 23
MOVE A50 23
MOVE A51 23
MOVE A53 73
MOVE A54 73
MOVE A55 73
MOVE A56 23
MOVE A57 73
MOVE A58 73
MOVE A59 73
MOVE A60 73
MOVE A61 73
MOVE A62 15
MOVE A63 15
MOVE A64 58
MOVE A65 58
MOVE A66 47
MOVE A67 47
MOVE A68 24
MOVE A69 24
MOVE A70 17
MOVE A71 17
MOVE A72 10
MOVE A73 10
MOVE A74 5
MOVE A75 5
MOVE B65 94
MOVE B66 94
MOVE B67 106
MOVE B68 106
MOVE B69 122
MOVE B70 122
MOVE B72 183
END TURN 187
TURN 188
COMMAND LEFT START
MOVE A46 80
MOVE A76 74
MOVE A77 74
MOVE A62 74
MOVE A63 74
TRAIN 2
COMMAND LEFT END
COMMAND RIGHT START
MOVE B66 28
COMMAND RIGHT END
TURN 188 RESULT
TIME LEFT 5 5 RIGHT 0 5
TRAIN A78 A79
MOVE A37 24
MOVE A40 24
MOVE A46 80
MOVE A47 24
MOVE A49 24
MOVE A50 24
MOVE A51 24
MOVE A53 94
MOVE A54 94
MOVE A55 94
MOVE A56 24
MOVE A57 94
MOVE A58 94
MOVE A59 94
MOVE A60 94
MOVE A61 94
MOVE A62 23
MOVE A63 23
MOVE A64 74
MOVE A65 74
MOVE A66 58
MOVE A67 58
MOVE A68 47
MOVE A69 47
MOVE A70 24
MOVE A71 24
MOVE A72 17
MOVE A73 17
MOVE A74 10
MOVE A75 10
MOVE A76 5
MOVE A77 5
MOVE B66 82
MOVE B67 94
MOVE B68 94
MOVE B69 106
MOVE B70 106
MOVE B72 178
DAMAGE TURRET A53 2
DAMAGE COMBAT A53 5
DAMAGE COMBAT A54 3
DAMAGE COMBAT B57 6
DAMAGE COMBAT B59 2
END TURN 188
TURN 189
COMMAND LEFT START
MOVE A46 93
MOVE A78 74
MOVE A79 74
TRAIN 2
COMMAND LEFT END
COMMAND RIGHT START
TRAIN 3
COMMAND RIGHT END
TURN 189 RESULT
TIME LEFT 5 5 RIGHT 0 5
TRAIN A80 A81 B73 B74 B75
MOVE A37 47
MOVE A40 47
MOVE A46 93
MOVE A47 47
MOVE A49 47
MOVE A50 47
MOVE A51 47
MOVE A56 47
MOVE A62 24
MOVE A63 24
MOVE A66 74
MOVE A67 74
MOVE A68 58
MOVE A69 58
MOVE A70 47
MOVE A71 47
MOVE A72 24
MOVE A73 24
MOVE A74 17
MOVE A75 17
MOVE A76 10
MOVE A77 10
MOVE A78 5
MOVE A79 5
MOVE B66 66
MOVE B69 94
MOVE B70 94
MOVE B72 171
DAMAGE TURRET A54 2
DAMAGE COMBAT A54 2
DAMAGE COMBAT A55 7
DAMAGE COMBAT B59 4
DAMAGE COMBAT B61 3
END TURN 189
TURN 190
COMMAND LEFT START
MOVE A46 80
MOVE A80 74
MOVE A81 74
TRAIN 2
COMMAND LEFT END
COMMAND RIGHT START
MOVE B75 114
MOVE B74 114
MOVE B73 114
TRAIN 3
COMMAND RIGHT END
TURN 190 RESULT
TIME LEFT 5 5 RIGHT 0 5
TRAIN A82 A83 B76 B77 B78
MOVE A37 58
MOVE A40 58
MOVE A46 80
MOVE A47 58
MOVE A49 58
MOVE A50 58
MOVE A51 58
MOVE A56 58
MOVE A62 47
MOVE A63 47
MOVE A68 74
MOVE A69 74
MOVE A70 58
MOVE A71 58
MOVE A72 47
MOVE A73 47
MOVE A74 24
MOVE A75 24
MOVE A76 17
MOVE A77 17
MOVE A78 10
MOVE A79 10
MOVE A80 5
MOVE A81 5
MOVE B66 47
MOVE B72 164
MOVE B73 183
MOVE B74 183
MOVE B75 183
DAMAGE TURRET A57 2
DAMAGE COMBAT A57 5
DAMAGE COMBAT A58 3
DAMAGE COMBAT A62 1
DAMAGE COMBAT B61 3
DAMAGE COMBAT B63 2
DAMAGE COMBAT B66 4
END TURN 190
TURN 191
COMMAND LEFT START
MOVE A46 93
MOVE A82 74
MOVE A83 74
TRAIN 2
COMMAND LEFT END
COMMAND RIGHT START
MOVE B78 114
MOVE B77 114
MOVE B76 114
TRAIN 3
COMMAND RIGHT END
TURN 191 RESULT
TIME LEFT 5 5 RIGHT 0 5
TRAIN A84 A85 B79 B80 B81
MOVE A37 74
MOVE A40 74
MOVE A46 93
MOVE A47 74
MOVE A49 74
MOVE A50 74
MOVE A51 74
MOVE A56 74
MOVE A70 74
MOVE A71 74
MOVE A74 47
MOVE A75 47
MOVE A76 24
MOVE A77 24
MOVE A78 17
MOVE A79 17
MOVE A80 10
MOVE A81 10
MOVE A82 5
MOVE A83 5
MOVE B72 139
MOVE B73 178
MOVE B74 178
MOVE B75 178
MOVE B76 183
MOVE B77 183
MOVE B78 183
DAMAGE TURRET A58 2
DAMAGE COMBAT A58 2
DAMAGE COMBAT A59 5
DAMAGE COMBAT A62 1
DAMAGE COMBAT B63 4
DAMAGE COMBAT B66 3
END TURN 191
TURN 192
COMMAND LEFT START
MOVE A46 80
MOVE A84 74
MOVE A85 74
MOVE A45 94
MOVE A47 94
MOVE A48 94
MOVE A49 94
MOVE A50 94
MOVE A51 94
MOVE A56 94
MOVE A64 94
MOVE A65 94
MOVE A66 94
MOVE A67 94
MOVE A68 94
MOVE A69 94
TRAIN 2
COMMAND LEFT END
COMMAND RIGHT START
MOVE B81 114
MOVE B80 114
MOVE B79 114
TRAIN 3
COMMAND RIGHT END
TURN 192 RESULT
TIME LEFT 5 5 RIGHT 0 5
TRAIN A86 A87 B82 B83 B84
MOVE A45 81
MOVE A46 80
MOVE A47 81
MOVE A48 81
MOVE A49 81
MOVE A50 81
MOVE A51 81
MOVE A56 81
MOVE A62 58
MOVE A63 58
MOVE A64 81
MOVE A65 81
MOVE A66 81
MOVE A67 81
MOVE A68 81
MOVE A69 81
MOVE A72 58
MOVE A73 58
MOVE A74 58
MOVE A75 58
MOVE A76 47
MOVE A77 47
MOVE A78 24
MOVE A79 24
MOVE A80 17
MOVE A81 17
MOVE A82 10
MOVE A83 10
MOVE A84 5
MOVE A85 5
MOVE B72 122
MOVE B73 171
MOVE B74 171
MOVE B75 171
MOVE B76 178
MOVE B77 178
MOVE B78 178
MOVE B79 183
MOVE B80 183
MOVE B81 183
DAMAGE TURRET A59 2
DAMAGE COMBAT A60 7
DAMAGE COMBAT B63 1
DAMAGE COMBAT B64 2
END TURN 192
TURN 193
COMMAND LEFT START
MOVE A46 93
MOVE A86 74
MOVE A87 74
TRAIN 2
COMMAND LEFT END
COMMAND RIGHT START
MOVE B84 114
MOVE B83 46
MOVE B82 114
TRAIN 1
COMMAND RIGHT END
TURN 193 RESULT
TIME LEFT 5 5 RIGHT 0 5
TRAIN A88 A89 B85
MOVE A45 94
MOVE A46 93
MOVE A47 94
MOVE A48 94
MOVE A49 94
MOVE A50 94
MOVE A51 94
MOVE A56 94
MOVE A62 74
MOVE A63 74
MOVE A64 94
MOVE A65 94
MOVE A66 94
MOVE A67 94
MOVE A68 94
MOVE A69 94
MOVE A72 74
MOVE A73 74
MOVE A74 74
MOVE A75 74
MOVE A76 58
MOVE A77 58
MOVE A78 47
MOVE A79 47
MOVE A80 24
MOVE A81 24
MOVE A82 17
MOVE A83 17
MOVE A84 10
MOVE A85 10
MOVE A86 5
MOVE A87 5
MOVE B72 106
MOVE B73 164
MOVE B74 164
MOVE B75 164
MOVE B76 171
MOVE B77 171
MOVE B78 171
MOVE B79 178
MOVE B80 178
MOVE B81 178
MOVE B82 183
MOVE B83 183
MOVE B84 183
DAMAGE TURRET A45 2
DAMAGE COMBAT A45 5
DAMAGE COMBAT A47 1
DAMAGE COMBAT B64 5
DAMAGE COMBAT B65 7
DAMAGE COMBAT B67 2
END TURN 193
TURN 194
COMMAND LEFT START
MOVE A46 80
MOVE A88 74
MOVE A89 74
MOVE A62 94
MOVE A63 94
MOVE A70 94
MOVE A71 94
MOVE A72 94
MOVE A73 94
MOVE A74 94
MOVE A75 94
TRAIN 2
COMMAND LEFT END
COMMAND RIGHT START
MOVE B85 114
TRAIN 2
COMMAND RIGHT END
TURN 194 RESULT
TIME LEFT 5 5 RIGHT 0 5
TRAIN A90 A91 B86 B87
MOVE A46 80
MOVE A62 81
MOVE A63 81
MOVE A70 81
MOVE A71 81
MOVE A72 81
MOVE A73 81
MOVE A74 81
MOVE A75 81
MOVE A76 74
MOVE A77 74
MOVE A78 58
MOVE A79 58
MOVE A80 47
MOVE A81 47
MOVE A82 24
MOVE A83 24
MOVE A84 17
MOVE A85 17
MOVE A86 10
MOVE A87 10
MOVE A88 5
MOVE A89 5
MOVE B72 94
MOVE B73 141
MOVE B74 141
MOVE B75 141
MOVE B76 164
MOVE B77 164
MOVE B78 164
MOVE B79 171
MOVE B80 171
MOVE B81 171
MOVE B82 178
MOVE B83 178
MOVE B84 178
MOVE B85 183
DAMAGE TURRET A47 2
DAMAGE COMBAT A47 4
DAMAGE COMBAT A48 1
DAMAGE COMBAT B67 5
DAMAGE COMBAT B68 7
DAMAGE COMBAT B69 1
END TURN 194
TURN 195
COMMAND LEFT START
MOVE A46 93
MOVE A90 74
MOVE A91 74
TRAIN 2
COMMAND LEFT END
COMMAND RIGHT START
MOVE B2 114
MOVE B15 114
MOVE B8 114
MOVE B20 160
MOVE B22 160
TRAIN 2
COMMAND RIGHT END
TURN 195 RESULT
TIME LEFT 5 5 RIGHT 0 5
TRAIN A92 A93 B88 B89
MOVE A46 93
MOVE A62 94
MOVE A63 94
MOVE A70 94
MOVE A71 94
MOVE A72 94
MOVE A73 94
MOVE A74 94
MOVE A75 94
MOVE A78 74
MOVE A79 74
MOVE A80 58
MOVE A81 58
MOVE A82 47
MOVE A83 47
MOVE A84 24
MOVE A85 24
MOVE A86 17
MOVE A87 17
MOVE A88 10
MOVE A89 10
MOVE A90 5
MOVE A91 5
MOVE B2 152
MOVE B8 148
MOVE B15 152
MOVE B20 183
MOVE B22 183
MOVE B73 130
MOVE B74 130
MOVE B75 130
MOVE B76 141
MOVE B77 141
MOVE B78 141
MOVE B79 164
MOVE B80 164
MOVE B81 164
MOVE B82 171
MOVE B83 171
MOVE B84 171
MOVE B85 178
DAMAGE TURRET A62 2
DAMAGE COMBAT A62 3
DAMAGE COMBAT B69 6
DAMAGE COMBAT B70 7
DAMAGE COMBAT B72 7
END TURN 195
TURN 196
COMMAND LEFT START
MOVE A46 80
MOVE A92 74
MOVE A93 74
MOVE A76 94
MOVE A77 94
MOVE A78 94
MOVE A79 94
TRAIN 2
COMMAND LEFT END
COMMAND RIGHT START
MOVE B23 142
MOVE B89 114
TRAIN 3
COMMAND RIGHT END
TURN 196 RESULT
TIME LEFT 5 5 RIGHT 0 5
TRAIN A94 A95 B90 B91 B92
MOVE A46 80
MOVE A76 81
MOVE A77 81
MOVE A78 81
MOVE A79 81
MOVE A80 74
MOVE A81 74
MOVE A82 58
MOVE A83 58
MOVE A84 47
MOVE A85 47
MOVE A86 24
MOVE A87 24
MOVE A88 17
MOVE A89 17
MOVE A90 10
MOVE A91 10
MOVE A92 5
MOVE A93 5
MOVE B2 140
MOVE B8 127
MOVE B15 140
MOVE B20 178
MOVE B22 178
MOVE B23 182
MOVE B73 114
MOVE B74 114
MOVE B75 114
MOVE B76 130
MOVE B77 130
MOVE B78 130
MOVE B79 141
MOVE B80 141
MOVE B81 141
MOVE B82 164
MOVE B83 164
MOVE B84 164
MOVE B85 171
MOVE B89 183
DAMAGE TURRET A48 2
SIEGE B 94 18
END TURN 196
TURN 197
COMMAND LEFT START
MOVE A46 93
MOVE A94 74
MOVE A95 74
MOVE A49 74
MOVE A50 74
MOVE A51 74
MOVE A56 74
MOVE A61 74
MOVE A63 74
MOVE A64 74
MOVE A65 74
MOVE A66 74
MOVE A67 74
MOVE A68 74
MOVE A69 74
MOVE A70 74
MOVE A71 74
MOVE A72 74
MOVE A73 74
MOVE A74 74
MOVE A75 74
UPGRADE 94
TRAIN 2
COMMAND LEFT END
COMMAND RIGHT START
MOVE B92 114
MOVE B91 114
MOVE B90 114
TRAIN 3
COMMAND RIGHT END
TURN 197 RESULT
TIME LEFT 5 5 RIGHT 0 5
UPGRADE A 94
TRAIN A96 A97 B93 B94 B95
MOVE A46 93
MOVE A49 81
MOVE A50 81
MOVE A51 81
MOVE A56 81
MOVE A61 81
MOVE A63 81
MOVE A64 81
MOVE A65 81
MOVE A66 81
MOVE A67 81
MOVE A68 81
MOVE A69 81
MOVE A70 81
MOVE A71 81
MOVE A72 81
MOVE A73 81
MOVE A74 81
MOVE A75 81
MOVE A76 94
MOVE A77 94
MOVE A78 94
MOVE A79 94
MOVE A82 74
MOVE A83 74
MOVE A84 58
MOVE A85 58
MOVE A86 47
MOVE A87 47
MOVE A88 24
MOVE A89 24
MOVE A90 17
MOVE A91 17
MOVE A92 10
MOVE A93 10
MOVE A94 5
MOVE A95 5
MOVE B2 130
MOVE B8 122
MOVE B15 130
MOVE B20 171
MOVE B22 171
MOVE B23 173
MOVE B76 114
MOVE B77 114
MOVE B78 114
MOVE B79 130
MOVE B80 130
MOVE B81 130
MOVE B82 141
MOVE B83 141
MOVE B84 141
MOVE B85 164
MOVE B89 178
MOVE B90 183
MOVE B91 183
MOVE B92 183
END TURN 197
TURN 198
COMMAND LEFT START
MOVE A46 80
MOVE A96 94
MOVE A97 94
MOVE A76 74
MOVE A77 74
MOVE A78 74
MOVE A79 74
UPGRADE 94
TRAIN 2
COMMAND LEFT END
COMMAND RIGHT START
MOVE B78 94
MOVE B77 94
MOVE B76 94
MOVE B75 94
MOVE B74 94
MOVE B73 94
MOVE B28 94
COMMAND RIGHT END
TURN 198 RESULT
TIME LEFT 6 5 RIGHT 0 5
UPGRADE A 94
TRAIN A98 A99
MOVE A46 80
MOVE A49 74
MOVE A50 74
MOVE A51 74
MOVE A56 74
MOVE A61 74
MOVE A63 74
MOVE A64 74
MOVE A65 74
MOVE A66 74
MOVE A67 74
MOVE A68 74
MOVE A69 74
MOVE A70 74
MOVE A71 74
MOVE A72 74
MOVE A73 74
MOVE A74 74
MOVE A75 74
MOVE A76 81
MOVE A77 81
MOVE A78 81
MOVE A79 81
MOVE A84 74
MOVE A85 74
MOVE A86 58
MOVE A87 58
MOVE A88 47
MOVE A89 47
MOVE A90 24
MOVE A91 24
MOVE A92 17
MOVE A93 17
MOVE A94 10
MOVE A95 10
MOVE A96 5
MOVE A97 5
MOVE B2 114
MOVE B8 118
MOVE B15 114
MOVE B20 160
MOVE B22 160
MOVE B23 156
MOVE B28 107
MOVE B73 107
MOVE B74 107
MOVE B75 107
MOVE B76 107
MOVE B77 107
MOVE B78 107
MOVE B79 114
MOVE B80 114
MOVE B81 114
MOVE B82 130
MOVE B83 118
MOVE B84 130
MOVE B85 141
MOVE B89 171
MOVE B90 178
MOVE B91 178
MOVE B92 178
END TURN 198
TURN 199
COMMAND LEFT START
MOVE A49 94
MOVE A50 94
MOVE A51 94
MOVE A56 94
MOVE A61 94
MOVE A63 94
MOVE A64 94
MOVE A65 94
MOVE A66 94
MOVE A67 94
MOVE A68 94
MOVE A46 93
MOVE A98 94
MOVE A99 94
UPGRADE 94
TRAIN 2
COMMAND LEFT END
COMMAND RIGHT START
MOVE B95 114
MOVE B94 114
MOVE B93 114
TRAIN 3
COMMAND RIGHT END
TURN 199 RESULT
TIME LEFT 6 5 RIGHT 0 5
UPGRADE A 94
TRAIN A100 A101 B96 B97 B98
MOVE A46 93
MOVE A49 81
MOVE A50 81
MOVE A51 81
MOVE A56 81
MOVE A61 81
MOVE A63 81
MOVE A64 81
MOVE A65 81
MOVE A66 81
MOVE A67 81
MOVE A68 81
MOVE A76 74
MOVE A77 74
MOVE A78 74
MOVE A79 74
MOVE A86 74
MOVE A87 74
MOVE A88 58
MOVE A89 58
MOVE A90 47
MOVE A91 47
MOVE A92 24
MOVE A93 24
MOVE A94 17
MOVE A95 17
MOVE A96 10
MOVE A97 10
MOVE A98 5
MOVE A99 5
MOVE B8 114
MOVE B23 142
MOVE B28 94
MOVE B73 94
MOVE B74 94
MOVE B75 94
MOVE B76 94
MOVE B77 94
MOVE B78 94
MOVE B82 114
MOVE B83 107
MOVE B84 114
MOVE B85 130
MOVE B89 164
MOVE B90 171
MOVE B91 171
MOVE B92 171
MOVE B93 183
MOVE B94 183
MOVE B95 183
DAMAGE TURRET B28 2
DAMAGE COMBAT A48 4
DAMAGE COMBAT B28 1
SIEGE A 94 3
END TURN 199
TURN 200
COMMAND LEFT START
MOVE A69 94
MOVE A70 94
MOVE A46 80
MOVE A100 46
MOVE A101 46
MOVE A71 46
MOVE A72 46
MOVE A73 46
MOVE A74 46
MOVE A75 46
MOVE A76 46
MOVE A77 46
MOVE A78 46
MOVE A79 46
MOVE A80 46
MOVE A81 46
MOVE A82 46
MOVE A83 46
MOVE A84 46
MOVE A85 46
MOVE A86 46
MOVE A87 46
TRAIN 2
COMMAND LEFT END
COMMAND RIGHT START
MOVE B98 114
MOVE B97 114
MOVE B96 114
TRAIN 3
COMMAND RIGHT END
TURN 200 RESULT
TIME LEFT 6 5 RIGHT 0 5
TRAIN A102 A103 B99 B100 B101
MOVE A46 80
MOVE A49 94
MOVE A50 94
MOVE A51 94
MOVE A56 94
MOVE A61 94
MOVE A63 94
MOVE A64 94
MOVE A65 94
MOVE A66 94
MOVE A67 94
MOVE A68 94
MOVE A69 81
MOVE A70 81
MOVE A71 70
MOVE A72 70
MOVE A73 70
MOVE A74 70
MOVE A75 70
MOVE A76 70
MOVE A77 70
MOVE A78 70
MOVE A79 70
MOVE A80 70
MOVE A81 70
MOVE A82 70
MOVE A83 70
MOVE A84 70
MOVE A85 70
MOVE A86 70
MOVE A87 70
MOVE A88 74
MOVE A89 74
MOVE A90 58
MOVE A91 58
MOVE A92 47
MOVE A93 47
MOVE A94 24
MOVE A95 24
MOVE A96 17
MOVE A97 17
MOVE A98 10
MOVE A99 10
MOVE A100 6
MOVE A101 6
MOVE B83 84
MOVE B85 114
MOVE B89 141
MOVE B90 164
MOVE B91 164
MOVE B92 164
MOVE B93 178
MOVE B94 178
MOVE B95 178
MOVE B96 183
MOVE B97 183
MOVE B98 183
DAMAGE TURRET B28 2
DAMAGE COMBAT A49 7
DAMAGE COMBAT B28 1
DAMAGE COMBAT B73 8
DAMAGE COMBAT B74 2
END TURN 200
TURN 201
COMMAND LEFT START
MOVE A46 93
MOVE A102 46
MOVE A103 46
MOVE A88 46
MOVE A89 46
TRAIN 2
COMMAND LEFT END
COMMAND RIGHT START
MOVE B101 114
MOVE B100 114
MOVE B99 114
TRAIN 3
COMMAND RIGHT END
TURN 201 RESULT
TIME LEFT 6 5 RIGHT 0 5
TRAIN A104 A105 B102 B103 B104
MOVE A46 93
MOVE A69 94
MOVE A70 94
MOVE A71 66
MOVE A72 66
MOVE A73 66
MOVE A74 66
MOVE A75 66
MOVE A76 66
MOVE A77 66
MOVE A78 66
MOVE A79 66
MOVE A80 66
MOVE A81 66
MOVE A82 66
MOVE A83 66
MOVE A84 66
MOVE A85 66
MOVE A86 66
MOVE A87 66
MOVE A88 70
MOVE A89 70
MOVE A90 74
MOVE A91 74
MOVE A92 58
MOVE A93 58
MOVE A94 47
MOVE A95 47
MOVE A96 24
MOVE A97 24
MOVE A98 17
MOVE A99 17
MOVE A100 15
MOVE A101 15
MOVE A102 6
MOVE A103 6
MOVE B83 68
MOVE B89 130
MOVE B90 141
MOVE B91 141
MOVE B92 141
MOVE B93 171
MOVE B94 171
MOVE B95 171
MOVE B96 178
MOVE B97 178
MOVE B98 178
MOVE B99 183
MOVE B100 183
MOVE B101 183
DAMAGE TURRET B74 2
DAMAGE COMBAT A50 5
DAMAGE COMBAT B74 4
DAMAGE COMBAT B75 8
END TURN 201
TURN 202
COMMAND LEFT START
MOVE A61 122
MOVE A104 74
MOVE A105 74
MOVE A90 46
MOVE A91 46
MOVE A63 46
MOVE A64 46
MOVE A65 46
MOVE A66 46
MOVE A67 46
MOVE A68 46
MOVE A69 46
MOVE A70 46
MOVE A46 46
TRAIN 2
COMMAND LEFT END
COMMAND RIGHT START
MOVE B104 142
MOVE B103 142
MOVE B102 142
MOVE B85 55
MOVE B84 142
MOVE B82 142
MOVE B81 142
MOVE B80 142
MOVE B79 142
MOVE B16 142
MOVE B15 142
TRAIN 3
COMMAND RIGHT END
TURN 202 RESULT
TIME LEFT 6 5 RIGHT 0 5
TRAIN A106 A107 B105 B106 B107
MOVE A46 76
MOVE A71 61
MOVE A72 61
MOVE A73 61
MOVE A74 61
MOVE A75 61
MOVE A76 61
MOVE A77 61
MOVE A78 61
MOVE A79 61
MOVE A80 61
MOVE A81 61
MOVE A82 61
MOVE A83 61
MOVE A84 61
MOVE A85 61
MOVE A86 61
MOVE A87 61
MOVE A88 66
MOVE A89 66
MOVE A90 70
MOVE A91 70
MOVE A92 74
MOVE A93 74
MOVE A94 58
MOVE A95 58
MOVE A96 49
MOVE A97 49
MOVE A98 24
MOVE A99 24
MOVE A100 32
MOVE A101 32
MOVE A102 15
MOVE A103 15
MOVE A104 5
MOVE A105 5
MOVE B15 118
MOVE B16 118
MOVE B79 118
MOVE B80 118
MOVE B81 118
MOVE B82 118
MOVE B83 62
MOVE B84 118
MOVE B85 96
MOVE B89 114
MOVE B90 130
MOVE B91 130
MOVE B92 130
MOVE B93 164
MOVE B94 164
MOVE B95 164
MOVE B96 171
MOVE B97 171
MOVE B98 171
MOVE B99 178
MOVE B100 178
MOVE B101 178
MOVE B102 182
MOVE B103 182
MOVE B104 182
DAMAGE TURRET B76 2
DAMAGE COMBAT A50 2
DAMAGE COMBAT A51 1
DAMAGE COMBAT B76 6
DAMAGE COMBAT B77 6
END TURN 202
TURN 203
COMMAND LEFT START
MOVE A106 74
MOVE A107 74
MOVE A92 46
MOVE A93 46
TRAIN 2
COMMAND LEFT END
COMMAND RIGHT START
MOVE B107 142
MOVE B106 142
MOVE B105 142
MOVE B89 142
TRAIN 3
COMMAND RIGHT END
TURN 203 RESULT
TIME LEFT 2 5 RIGHT 0 5
TRAIN A108 A109 B108 B109 B110
MOVE A46 64
MOVE A71 40
MOVE A72 40
MOVE A73 40
MOVE A74 40
MOVE A75 40
MOVE A76 40
MOVE A77 40
MOVE A78 40
MOVE A79 40
MOVE A80 40
MOVE A81 40
MOVE A82 40
MOVE A83 40
MOVE A84 40
MOVE A85 40
MOVE A86 40
MOVE A87 40
MOVE A88 61
MOVE A89 61
MOVE A90 66
MOVE A91 66
MOVE A92 70
MOVE A93 70
MOVE A94 74
MOVE A95 74
MOVE A96 66
MOVE A97 66
MOVE A98 49
MOVE A99 49
MOVE A100 46
MOVE A101 46
MOVE A102 32
MOVE A103 32
MOVE A104 10
MOVE A105 10
MOVE A106 5
MOVE A107 5
MOVE B15 122
MOVE B16 122
MOVE B79 122
MOVE B80 122
MOVE B81 122
MOVE B82 122
MOVE B83 46
MOVE B84 122
MOVE B85 87
MOVE B89 118
MOVE B90 114
MOVE B91 114
MOVE B92 114
MOVE B93 141
MOVE B94 141
MOVE B95 141
MOVE B96 164
MOVE B97 164
MOVE B98 164
MOVE B99 171
MOVE B100 171
MOVE B101 171
MOVE B102 173
MOVE B103 173
MOVE B104 173
MOVE B105 182
MOVE B106 182
MOVE B107 182
DAMAGE TURRET B77 2
DAMAGE TURRET B83 2
DAMAGE COMBAT A12 1
DAMAGE COMBAT A51 2
DAMAGE COMBAT B78 8
DAMAGE COMBAT B83 5
END TURN 203
TURN 204
COMMAND LEFT START
MOVE A108 94
MOVE A109 94
MOVE A100 74
MOVE A101 74
TRAIN 2
COMMAND LEFT END
COMMAND RIGHT START
MOVE B110 142
MOVE B109 142
MOVE B108 142
MOVE B92 142
MOVE B91 142
MOVE B90 142
TRAIN 3
COMMAND RIGHT END
TURN 204 RESULT
TIME LEFT 2 5 RIGHT 0 5
TRAIN A110 A111 B111 B112 B113
MOVE A46 58
MOVE A61 106
MOVE A63 73
MOVE A64 73
MOVE A65 73
MOVE A66 73
MOVE A67 73
MOVE A68 73
MOVE A69 73
MOVE A70 73
MOVE A71 46
MOVE A72 46
MOVE A73 46
MOVE A74 46
MOVE A75 46
MOVE A76 46
MOVE A77 46
MOVE A78 46
MOVE A79 46
MOVE A80 46
MOVE A81 46
MOVE A82 46
MOVE A83 46
MOVE A84 46
MOVE A85 46
MOVE A86 46
MOVE A87 46
MOVE A88 40
MOVE A89 40
MOVE A90 61
MOVE A91 61
MOVE A92 66
MOVE A93 66
MOVE A96 82
MOVE A97 82
MOVE A98 66
MOVE A99 66
MOVE A102 46
MOVE A103 46
MOVE A104 17
MOVE A105 17
MOVE A106 10
MOVE A107 10
MOVE A108 5
MOVE A109 5
MOVE B15 127
MOVE B16 127
MOVE B79 127
MOVE B80 127
MOVE B81 127
MOVE B82 127
MOVE B84 127
MOVE B85 85
MOVE B89 122
MOVE B90 118
MOVE B91 118
MOVE B92 118
MOVE B93 130
MOVE B94 130
MOVE B95 130
MOVE B96 141
MOVE B97 141
MOVE B98 141
MOVE B99 164
MOVE B100 164
MOVE B101 164
MOVE B102 156
MOVE B103 156
MOVE B104 156
MOVE B105 173
MOVE B106 173
MOVE B107 173
MOVE B108 182
MOVE B109 182
MOVE B110 182
DAMAGE TURRET B83 1
DAMAGE COMBAT A12 1
END TURN 204
TURN 205
COMMAND LEFT START
MOVE A110 94
MOVE A111 94
MOVE A71 94
MOVE A72 94
MOVE A73 94
MOVE A74 94
MOVE A75 94
MOVE A76 94
MOVE A77 94
MOVE A78 94
MOVE A79 94
MOVE A80 94
MOVE A81 94
MOVE A82 94
MOVE A83 94
MOVE A84 94
MOVE A85 94
MOVE A86 94
MOVE A87 94
MOVE A102 94
MOVE A103 94
MOVE A94 94
MOVE A95 94
TRAIN 2
COMMAND LEFT END
COMMAND RIGHT START
MOVE B113 114
MOVE B112 114
MOVE B111 114
TRAIN 2
COMMAND RIGHT END
TURN 205 RESULT
TIME LEFT 3 5 RIGHT 0 5
TRAIN A112 A113 B114 B115
MOVE A46 47
MOVE A61 122
MOVE A63 68
MOVE A64 68
MOVE A65 68
MOVE A66 68
MOVE A67 68
MOVE A68 68
MOVE A69 68
MOVE A70 68
MOVE A71 62
MOVE A72 62
MOVE A73 62
MOVE A74 62
MOVE A75 62
MOVE A76 62
MOVE A77 62
MOVE A78 62
MOVE A79 62
MOVE A80 62
MOVE A81 62
MOVE A82 62
MOVE A83 62
MOVE A84 62
MOVE A85 62
MOVE A86 62
MOVE A87 62
MOVE A88 46
MOVE A89 46
MOVE A90 40
MOVE A91 40
MOVE A92 61
MOVE A93 61
MOVE A94 81
MOVE A95 81
MOVE A96 94
MOVE A97 94
MOVE A98 82
MOVE A99 82
MOVE A100 40
MOVE A101 40
MOVE A102 62
MOVE A103 62
MOVE A104 24
MOVE A105 24
MOVE A106 17
MOVE A107 17
MOVE A108 10
MOVE A109 10
MOVE A110 5
MOVE A111 5
MOVE B15 148
MOVE B16 148
MOVE B79 148
MOVE B80 148
MOVE B81 148
MOVE B82 148
MOVE B84 148
MOVE B85 71
MOVE B89 127
MOVE B90 122
MOVE B91 122
MOVE B92 122
MOVE B93 114
MOVE B94 114
MOVE B95 114
MOVE B96 130
MOVE B97 130
MOVE B98 130
MOVE B99 141
MOVE B100 141
MOVE B101 141
MOVE B102 142
MOVE B103 142
MOVE B104 142
MOVE B105 156
MOVE B106 156
MOVE B107 156
MOVE B108 173
MOVE B109 173
MOVE B110 173
MOVE B111 183
MOVE B112 183
MOVE B113 183
DAMAGE COMBAT A61 3
DAMAGE COMBAT B90 1
END TURN 205
TURN 206
COMMAND LEFT START
MOVE A61 94
MOVE A97 76
MOVE A112 55
MOVE A113 55
MOVE A88 55
MOVE A89 55
TRAIN 2
COMMAND LEFT END
COMMAND RIGHT START
MOVE B115 114
MOVE B114 114
MOVE B95 28
TRAIN 3
COMMAND RIGHT END
TURN 206 RESULT
TIME LEFT 6 5 RIGHT 0 5
TRAIN A114 A115 B116 B117 B118
MOVE A46 49
MOVE A63 62
MOVE A64 62
MOVE A65 62
MOVE A66 62
MOVE A67 62
MOVE A68 62
MOVE A69 62
MOVE A70 62
MOVE A71 68
MOVE A72 68
MOVE A73 68
MOVE A74 68
MOVE A75 68
MOVE A76 68
MOVE A77 68
MOVE A78 68
MOVE A79 68
MOVE A80 68
MOVE A81 68
MOVE A82 68
MOVE A83 68
MOVE A84 68
MOVE A85 68
MOVE A86 68
MOVE A87 68
MOVE A88 54
MOVE A89 54
MOVE A90 46
MOVE A91 46
MOVE A92 40
MOVE A93 40
MOVE A94 94
MOVE A95 94
MOVE A97 81
MOVE A98 94
MOVE A99 94
MOVE A100 61
MOVE A101 61
MOVE A102 68
MOVE A103 68
MOVE A104 47
MOVE A105 47
MOVE A106 24
MOVE A107 24
MOVE A108 17
MOVE A109 17
MOVE A110 10
MOVE A111 10
MOVE A112 8
MOVE A113 8
MOVE B15 142
MOVE B16 142
MOVE B79 142
MOVE B80 142
MOVE B81 142
MOVE B82 142
MOVE B84 142
MOVE B85 50
MOVE B89 148
MOVE B95 96
MOVE B96 114
MOVE B97 114
MOVE B98 114
MOVE B99 130
MOVE B100 130
MOVE B101 130
MOVE B105 142
MOVE B106 142
MOVE B107 142
MOVE B108 156
MOVE B109 156
MOVE B110 156
MOVE B111 178
MOVE B112 178
MOVE B113 178
MOVE B114 183
MOVE B115 183
DAMAGE COMBAT A61 3
DAMAGE COMBAT B90 1
END TURN 206
TURN 207
COMMAND LEFT START
MOVE A114 94
MOVE A115 94
MOVE A90 94
MOVE A91 94
TRAIN 2
COMMAND LEFT END
COMMAND RIGHT START
MOVE B118 114
MOVE B117 114
MOVE B116 114
TRAIN 2
COMMAND RIGHT END
TURN 207 RESULT
TIME LEFT 2 5 RIGHT 0 5
TRAIN A116 A117 B119 B120
MOVE A46 40
MOVE A63 46
MOVE A64 46
MOVE A65 46
MOVE A66 46
MOVE A67 46
MOVE A68 46
MOVE A69 46
MOVE A70 46
MOVE A71 73
MOVE A72 73
MOVE A73 73
MOVE A74 73
MOVE A75 73
MOVE A76 73
MOVE A77 73
MOVE A78 73
MOVE A79 73
MOVE A80 73
MOVE A81 73
MOVE A82 73
MOVE A83 73
MOVE A84 73
MOVE A85 73
MOVE A86 73
MOVE A87 73
MOVE A88 50
MOVE A89 50
MOVE A90 62
MOVE A91 62
MOVE A92 46
MOVE A93 46
MOVE A97 74
MOVE A100 66
MOVE A101 66
MOVE A102 73
MOVE A103 73
MOVE A104 58
MOVE A105 58
MOVE A106 47
MOVE A107 47
MOVE A108 24
MOVE A109 24
MOVE A110 17
MOVE A111 17
MOVE A112 18
MOVE A113 18
MOVE A114 5
MOVE A115 5
MOVE B85 55
MOVE B89 142
MOVE B95 84
MOVE B99 114
MOVE B100 114
MOVE B101 114
MOVE B108 142
MOVE B109 142
MOVE B110 142
MOVE B111 171
MOVE B112 171
MOVE B113 171
MOVE B114 178
MOVE B115 178
MOVE B116 183
MOVE B117 183
MOVE B118 183
DAMAGE TURRET B85 2
DAMAGE COMBAT A13 1
DAMAGE COMBAT A61 1
DAMAGE COMBAT B85 3
DAMAGE COMBAT B90 1
END TURN 207
TURN 208
COMMAND LEFT START
MOVE A116 94
MOVE A117 94
MOVE A63 94
MOVE A64 94
MOVE A65 94
MOVE A66 94
MOVE A67 94
MOVE A68 94
MOVE A69 94
MOVE A70 94
MOVE A92 94
MOVE A93 94
TRAIN 2
COMMAND LEFT END
COMMAND RIGHT START
MOVE B110 114
MOVE B109 114
MOVE B108 114
MOVE B107 114
MOVE B106 114
MOVE B105 114
MOVE B104 114
MOVE B103 114
MOVE B102 114
MOVE B89 114
MOVE B84 114
TRAIN 3
COMMAND RIGHT END
TURN 208 RESULT
TIME LEFT 2 5 RIGHT 0 5
TRAIN A118 A119 B121 B122 B123
MOVE A46 46
MOVE A63 62
MOVE A64 62
MOVE A65 62
MOVE A66 62
MOVE A67 62
MOVE A68 62
MOVE A69 62
MOVE A70 62
MOVE A71 94
MOVE A72 94
MOVE A73 94
MOVE A74 94
MOVE A75 94
MOVE A76 94
MOVE A77 94
MOVE A78 94
MOVE A79 94
MOVE A80 94
MOVE A81 94
MOVE A82 94
MOVE A83 94
MOVE A84 94
MOVE A85 94
MOVE A86 94
MOVE A87 94
MOVE A88 55
MOVE A89 55
MOVE A90 68
MOVE A91 68
MOVE A92 62
MOVE A93 62
MOVE A97 76
MOVE A100 70
MOVE A101 70
MOVE A102 94
MOVE A103 94
MOVE A104 74
MOVE A105 74
MOVE A106 58
MOVE A107 58
MOVE A108 49
MOVE A109 49
MOVE A110 24
MOVE A111 24
MOVE A112 34
MOVE A113 34
MOVE A114 10
MOVE A115 10
MOVE A116 5
MOVE A117 5
MOVE B84 148
MOVE B89 148
MOVE B90 127
MOVE B91 127
MOVE B92 127
MOVE B95 73
MOVE B102 148
MOVE B103 148
MOVE B104 148
MOVE B105 148
MOVE B106 148
MOVE B107 148
MOVE B108 148
MOVE B109 148
MOVE B110 148
MOVE B111 164
MOVE B112 164
MOVE B113 164
MOVE B114 171
MOVE B115 171
MOVE B116 178
MOVE B117 178
MOVE B118 178
DAMAGE TURRET B85 2
DAMAGE COMBAT A13 1
DAMAGE COMBAT B85 1
END TURN 208
TURN 209
COMMAND LEFT START
MOVE A97 93
MOVE A118 94
MOVE A119 94
MOVE A72 114
MOVE A73 114
MOVE A74 114
MOVE A75 114
MOVE A76 114
MOVE A77 114
MOVE A78 114
MOVE A79 114
MOVE A80 114
MOVE A81 114
MOVE A82 114
MOVE A83 114
MOVE A84 114
MOVE A85 114
MOVE A86 114
MOVE A87 114
MOVE A94 114
MOVE A95 114
MOVE A96 114
MOVE A98 114
MOVE A99 114
MOVE A46 94
MOVE A88 94
MOVE A89 94
MOVE A104 94
MOVE A105 94
TRAIN 2
COMMAND LEFT END
COMMAND RIGHT START
MOVE B82 114
MOVE B81 114
MOVE B80 114
MOVE B79 114
MOVE B23 114
MOVE B21 114
MOVE B123 114
MOVE B122 114
MOVE B121 114
MOVE B120 114
MOVE B119 114
TRAIN 2
COMMAND RIGHT END
TURN 209 RESULT
TIME LEFT 6 5 RIGHT 0 5
TRAIN A120 A121 B124 B125
MOVE A46 62
MOVE A63 68
MOVE A64 68
MOVE A65 68
MOVE A66 68
MOVE A67 68
MOVE A68 68
MOVE A69 68
MOVE A70 68
MOVE A72 107
MOVE A73 107
MOVE A74 107
MOVE A75 107
MOVE A76 107
MOVE A77 107
MOVE A78 107
MOVE A79 107
MOVE A80 107
MOVE A81 107
MOVE A82 107
MOVE A83 107
MOVE A84 107
MOVE A85 107
MOVE A86 107
MOVE A87 107
MOVE A88 50
MOVE A89 50
MOVE A90 73
MOVE A91 73
MOVE A92 68
MOVE A93 68
MOVE A94 107
MOVE A95 107
MOVE A96 107
MOVE A97 93
MOVE A98 107
MOVE A99 107
MOVE A100 74
MOVE A101 74
MOVE A104 81
MOVE A105 81
MOVE A106 74
MOVE A107 74
MOVE A108 66
MOVE A109 66
MOVE A110 49
MOVE A111 49
MOVE A112 45
MOVE A113 45
MOVE A114 17
MOVE A115 17
MOVE A116 10
MOVE A117 10
MOVE A118 5
MOVE A119 5
MOVE B21 148
MOVE B23 148
MOVE B79 148
MOVE B80 148
MOVE B81 148
MOVE B82 148
MOVE B84 127
MOVE B89 127
MOVE B90 148
MOVE B91 148
MOVE B92 148
MOVE B95 66
MOVE B102 127
MOVE B103 127
MOVE B104 127
MOVE B105 127
MOVE B106 127
MOVE B107 127
MOVE B108 127
MOVE B109 127
MOVE B110 127
MOVE B111 141
MOVE B112 141
MOVE B113 141
MOVE B114 164
MOVE B115 164
MOVE B116 171
MOVE B117 171
MOVE B118 171
MOVE B119 183
MOVE B120 183
MOVE B121 183
MOVE B122 183
MOVE B123 183
DAMAGE COMBAT A108 1
DAMAGE COMBAT B95 2
END TURN 209
TURN 210
COMMAND LEFT START
MOVE A97 80
MOVE A120 94
MOVE A121 94
MOVE A100 94
MOVE A101 94
MOVE A106 94
MOVE A107 94
TRAIN 2
COMMAND LEFT END
COMMAND RIGHT START
MOVE B101 55
MOVE B125 114
MOVE B124 114
TRAIN 3
COMMAND RIGHT END
TURN 210 RESULT
TIME LEFT 6 5 RIGHT 1 5
TRAIN A122 A123 B126 B127 B128
MOVE A46 68
MOVE A63 73
MOVE A64 73
MOVE A65 73
MOVE A66 73
MOVE A67 73
MOVE A68 73
MOVE A69 73
MOVE A70 73
MOVE A72 114
MOVE A73 114
MOVE A74 114
MOVE A75 114
MOVE A76 114
MOVE A77 114
MOVE A78 114
MOVE A79 114
MOVE A80 114
MOVE A81 114
MOVE A82 114
MOVE A83 114
MOVE A84 114
MOVE A85 114
MOVE A86 114
MOVE A87 114
MOVE A88 54
MOVE A89 54
MOVE A90 94
MOVE A91 94
MOVE A92 73
MOVE A93 73
MOVE A94 114
MOVE A95 114
MOVE A96 114
MOVE A97 80
MOVE A98 114
MOVE A99 114
MOVE A100 81
MOVE A101 81
MOVE A104 94
MOVE A105 94
MOVE A106 81
MOVE A107 81
MOVE A110 66
MOVE A111 66
MOVE A112 55
MOVE A113 55
MOVE A114 24
MOVE A115 24
MOVE A116 17
MOVE A117 17
MOVE A118 10
MOVE A119 10
MOVE A120 5
MOVE A121 5
MOVE B21 127
MOVE B23 127
MOVE B79 127
MOVE B80 127
MOVE B81 127
MOVE B82 127
MOVE B84 122
MOVE B89 122
MOVE B90 142
MOVE B91 142
MOVE B92 142
MOVE B101 96
MOVE B102 122
MOVE B103 122
MOVE B104 122
MOVE B105 122
MOVE B106 122
MOVE B107 122
MOVE B108 122
MOVE B109 122
MOVE B110 122
MOVE B111 130
MOVE B112 130
MOVE B113 130
MOVE B114 141
MOVE B115 141
MOVE B116 164
MOVE B117 164
MOVE B118 164
MOVE B119 178
MOVE B120 178
MOVE B121 178
MOVE B122 178
MOVE B123 178
MOVE B124 183
MOVE B125 183
DAMAGE TURRET A72 2
DAMAGE COMBAT A72 5
DAMAGE COMBAT A73 5
DAMAGE COMBAT A108 1
DAMAGE COMBAT B2 4
DAMAGE COMBAT B8 6
DAMAGE COMBAT B12 6
DAMAGE COMBAT B93 5
DAMAGE COMBAT B95 4
END TURN 210
TURN 211
COMMAND LEFT START
MOVE A97 93
MOVE A122 94
MOVE A123 94
MOVE A112 94
MOVE A113 94
TRAIN 2
COMMAND LEFT END
COMMAND RIGHT START
MOVE B128 142
MOVE B127 142
MOVE B126 142
TRAIN 2
COMMAND RIGHT END
TURN 211 RESULT
TIME LEFT 7 5 RIGHT 1 5
TRAIN A124 A125 B129 B130
MOVE A46 73
MOVE A63 94
MOVE A64 94
MOVE A65 94
MOVE A66 94
MOVE A67 94
MOVE A68 94
MOVE A69 94
MOVE A70 94
MOVE A88 62
MOVE A89 62
MOVE A92 94
MOVE A93 94
MOVE A97 93
MOVE A100 94
MOVE A101 94
MOVE A106 94
MOVE A107 94
MOVE A112 50
MOVE A113 50
MOVE A114 49
MOVE A115 49
MOVE A116 24
MOVE A117 24
MOVE A118 17
MOVE A119 17
MOVE A120 10
MOVE A121 10
MOVE A122 5
MOVE A123 5
MOVE B21 122
MOVE B23 122
MOVE B79 122
MOVE B80 122
MOVE B81 122
MOVE B82 122
MOVE B84 118
MOVE B89 118
MOVE B101 87
MOVE B102 118
MOVE B103 118
MOVE B104 118
MOVE B105 118
MOVE B106 118
MOVE B107 118
MOVE B108 118
MOVE B109 118
MOVE B110 118
MOVE B111 114
MOVE B112 114
MOVE B113 114
MOVE B114 130
MOVE B115 130
MOVE B116 141
MOVE B117 141
MOVE B118 141
MOVE B119 171
MOVE B120 171
MOVE B121 171
MOVE B122 171
MOVE B123 171
MOVE B124 178
MOVE B125 178
MOVE B126 182
MOVE B127 182
MOVE B128 182
DAMAGE TURRET A73 2
DAMAGE COMBAT A74 7
DAMAGE COMBAT A75 3
DAMAGE COMBAT A108 1
DAMAGE COMBAT B93 3
DAMAGE COMBAT B94 8
DAMAGE COMBAT B95 2
DAMAGE COMBAT B96 8
DAMAGE COMBAT B97 1
END TURN 211
TURN 212
COMMAND LEFT START
MOVE A97 80
MOVE A124 94
MOVE A125 94
TRAIN 2
COMMAND LEFT END
COMMAND RIGHT START
MOVE B130 142
MOVE B129 142
TRAIN 2
COMMAND RIGHT END
TURN 212 RESULT
TIME LEFT 7 5 RIGHT 0 5
TRAIN A126 A127 B131 B132
MOVE A46 94
MOVE A88 68
MOVE A89 68
MOVE A97 80
MOVE A108 82
MOVE A109 82
MOVE A110 82
MOVE A111 82
MOVE A112 54
MOVE A113 54
MOVE A114 66
MOVE A115 66
MOVE A116 49
MOVE A117 49
MOVE A118 24
MOVE A119 24
MOVE A120 17
MOVE A121 17
MOVE A122 10
MOVE A123 10
MOVE A124 5
MOVE A125 5
MOVE B21 118
MOVE B23 118
MOVE B79 118
MOVE B80 118
MOVE B81 118
MOVE B82 118
MOVE B84 114
MOVE B89 114
MOVE B101 85
MOVE B102 114
MOVE B103 114
MOVE B104 114
MOVE B105 114
MOVE B106 114
MOVE B107 114
MOVE B108 114
MOVE B109 114
MOVE B110 114
MOVE B114 114
MOVE B115 114
MOVE B116 130
MOVE B117 130
MOVE B118 130
MOVE B119 164
MOVE B120 164
MOVE B121 164
MOVE B122 164
MOVE B123 164
MOVE B124 171
MOVE B125 171
MOVE B126 173
MOVE B127 173
MOVE B128 173
MOVE B129 182
MOVE B130 182
DAMAGE TURRET A75 2
DAMAGE COMBAT A75 2
DAMAGE COMBAT A76 7
DAMAGE COMBAT A77 7
DAMAGE COMBAT A78 4
DAMAGE COMBAT B84 8
DAMAGE COMBAT B89 3
DAMAGE COMBAT B97 7
END TURN 212
TURN 213
COMMAND LEFT START
MOVE A97 93
MOVE A126 55
MOVE A127 55
MOVE A63 55
MOVE A64 55
MOVE A65 55
MOVE A66 55
MOVE A67 55
MOVE A68 55
MOVE A69 55
MOVE A70 55
MOVE A71 55
MOVE A90 55
MOVE A91 55
MOVE A92 55
MOVE A93 55
MOVE A100 55
MOVE A101 55
MOVE A102 55
MOVE A103 55
MOVE A104 55
MOVE A105 55
MOVE A106 55
MOVE A107 55
TRAIN 2
COMMAND LEFT END
COMMAND RIGHT START
MOVE B132 142
MOVE B131 142
TRAIN 3
COMMAND RIGHT END
TURN 213 RESULT
TIME LEFT 7 5 RIGHT 0 5
TRAIN A128 A129 B133 B134 B135
MOVE A63 73
MOVE A64 73
MOVE A65 73
MOVE A66 73
MOVE A67 73
MOVE A68 73
MOVE A69 73
MOVE A70 73
MOVE A71 73
MOVE A88 73
MOVE A89 73
MOVE A90 73
MOVE A91 73
MOVE A92 73
MOVE A93 73
MOVE A97 93
MOVE A100 73
MOVE A101 73
MOVE A102 73
MOVE A103 73
MOVE A104 73
MOVE A105 73
MOVE A106 73
MOVE A107 73
MOVE A108 94
MOVE A109 94
MOVE A110 94
MOVE A111 94
MOVE A112 62
MOVE A113 62
MOVE A114 82
MOVE A115 82
MOVE A116 66
MOVE A117 66
MOVE A118 49
MOVE A119 49
MOVE A120 24
MOVE A121 24
MOVE A122 17
MOVE A123 17
MOVE A124 10
MOVE A125 10
MOVE A126 8
MOVE A127 8
MOVE B21 114
MOVE B23 114
MOVE B79 114
MOVE B80 114
MOVE B81 114
MOVE B82 114
MOVE B101 71
MOVE B116 114
MOVE B117 114
MOVE B118 114
MOVE B119 141
MOVE B120 141
MOVE B121 141
MOVE B122 141
MOVE B123 141
MOVE B124 164
MOVE B125 164
MOVE B126 156
MOVE B127 156
MOVE B128 156
MOVE B129 173
MOVE B130 173
MOVE B131 182
MOVE B132 182
DAMAGE TURRET A78 2
DAMAGE COMBAT A78 1
DAMAGE COMBAT A79 7
DAMAGE COMBAT A80 7
DAMAGE COMBAT A81 7
DAMAGE COMBAT A82 5
DAMAGE COMBAT B21 6
DAMAGE COMBAT B23 4
DAMAGE COMBAT B89 5
END TURN 213
TURN 214
COMMAND LEFT START
MOVE A97 80
MOVE A128 94
MOVE A129 94
TRAIN 2
COMMAND LEFT END
COMMAND RIGHT START
MOVE B92 74
MOVE B135 142
MOVE B134 142
MOVE B133 142
TRAIN 2
COMMAND RIGHT END
TURN 214 RESULT
TIME LEFT 7 5 RIGHT 0 5
TRAIN A130 A131 B136 B137
MOVE A63 68
MOVE A64 68
MOVE A65 68
MOVE A66 68
MOVE A67 68
MOVE A68 68
MOVE A69 68
MOVE A70 68
MOVE A71 68
MOVE A88 94
MOVE A89 94
MOVE A90 68
MOVE A91 68
MOVE A92 68
MOVE A93 68
MOVE A97 80
MOVE A100 68
MOVE A101 68
MOVE A102 68
MOVE A103 68
MOVE A104 68
MOVE A105 68
MOVE A106 68
MOVE A107 68
MOVE A112 68
MOVE A113 68
MOVE A114 94
MOVE A115 94
MOVE A116 82
MOVE A117 82
MOVE A118 66
MOVE A119 66
MOVE A120 49
MOVE A121 49
MOVE A122 24
MOVE A123 24
MOVE A124 17
MOVE A125 17
MOVE A126 18
MOVE A127 18
MOVE A128 5
MOVE A129 5
MOVE B92 126
MOVE B101 50
MOVE B119 130
MOVE B120 130
MOVE B121 130
MOVE B122 130
MOVE B123 130
MOVE B124 141
MOVE B125 141
MOVE B126 142
MOVE B127 142
MOVE B128 142
MOVE B129 156
MOVE B130 156
MOVE B131 173
MOVE B132 173
MOVE B133 182
MOVE B134 182
MOVE B135 182
DAMAGE TURRET A82 2
DAMAGE COMBAT A83 7
DAMAGE COMBAT A84 7
DAMAGE COMBAT A85 7
DAMAGE COMBAT A86 4
DAMAGE COMBAT B23 2
DAMAGE COMBAT B79 8
DAMAGE COMBAT B80 1
END TURN 214
TURN 215
COMMAND LEFT START
MOVE A97 93
MOVE A130 94
MOVE A131 94
TRAIN 2
COMMAND LEFT END
COMMAND RIGHT START
MOVE B137 142
MOVE B136 142
TRAIN 3
COMMAND RIGHT END
TURN 215 RESULT
TIME LEFT 7 5 RIGHT 0 5
TRAIN A132 A133 B138 B139 B140
MOVE A63 62
MOVE A64 62
MOVE A65 62
MOVE A66 62
MOVE A67 62
MOVE A68 62
MOVE A69 62
MOVE A70 62
MOVE A71 62
MOVE A90 62
MOVE A91 62
MOVE A92 62
MOVE A93 62
MOVE A97 93
MOVE A100 62
MOVE A101 62
MOVE A102 62
MOVE A103 62
MOVE A104 62
MOVE A105 62
MOVE A106 62
MOVE A107 62
MOVE A112 73
MOVE A113 73
MOVE A116 94
MOVE A117 94
MOVE A118 82
MOVE A119 82
MOVE A120 66
MOVE A121 66
MOVE A122 49
MOVE A123 49
MOVE A124 24
MOVE A125 24
MOVE A126 34
MOVE A127 34
MOVE A128 10
MOVE A129 10
MOVE A130 5
MOVE A131 5
MOVE B92 120
MOVE B101 55
MOVE B119 114
MOVE B120 114
MOVE B121 114
MOVE B122 114
MOVE B123 114
MOVE B124 130
MOVE B125 130
MOVE B129 142
MOVE B130 142
MOVE B131 156
MOVE B132 156
MOVE B133 173
MOVE B134 173
MOVE B135 173
MOVE B136 182
MOVE B137 182
DAMAGE TURRET A86 2
DAMAGE TURRET B101 2
DAMAGE COMBAT A13 1
DAMAGE COMBAT A86 1
DAMAGE COMBAT A87 7
DAMAGE COMBAT A94 7
DAMAGE COMBAT A95 7
DAMAGE COMBAT A96 6
DAMAGE COMBAT B80 7
DAMAGE COMBAT B101 3
END TURN 215
TURN 216
COMMAND LEFT START
MOVE A111 122
MOVE A132 94
MOVE A133 94
MOVE A97 94
TRAIN 2
COMMAND LEFT END
COMMAND RIGHT START
MOVE B140 142
MOVE B139 142
MOVE B138 142
TRAIN 2
COMMAND RIGHT END
TURN 216 RESULT
TIME LEFT 7 5 RIGHT 0 5
TRAIN A134 A135 B141 B142
MOVE A63 54
MOVE A64 54
MOVE A65 54
MOVE A66 54
MOVE A67 54
MOVE A68 54
MOVE A69 54
MOVE A70 54
MOVE A71 54
MOVE A90 54
MOVE A91 54
MOVE A92 54
MOVE A93 54
MOVE A97 98
MOVE A100 54
MOVE A101 54
MOVE A102 54
MOVE A103 54
MOVE A104 54
MOVE A105 54
MOVE A106 54
MOVE A107 54
MOVE A111 106
MOVE A112 94
MOVE A113 94
MOVE A118 94
MOVE A119 94
MOVE A120 82
MOVE A121 82
MOVE A122 66
MOVE A123 66
MOVE A124 49
MOVE A125 49
MOVE A126 45
MOVE A127 45
MOVE A128 17
MOVE A129 17
MOVE A130 10
MOVE A131 10
MOVE A132 5
MOVE A133 5
MOVE B92 104
MOVE B124 114
MOVE B125 114
MOVE B131 142
MOVE B132 142
MOVE B133 156
MOVE B134 156
MOVE B135 156
MOVE B136 173
MOVE B137 173
MOVE B138 182
MOVE B139 182
MOVE B140 182
DAMAGE TURRET A96 1
DAMAGE TURRET A98 1
DAMAGE TURRET B101 2
DAMAGE COMBAT A13 1
DAMAGE COMBAT A98 6
DAMAGE COMBAT A99 7
DAMAGE COMBAT B81 3
DAMAGE COMBAT B101 1
END TURN 216
TURN 217
COMMAND LEFT START
MOVE A134 94
MOVE A135 94
TRAIN 2
COMMAND LEFT END
COMMAND RIGHT START
MOVE B125 46
MOVE B132 114
MOVE B131 114
MOVE B130 114
MOVE B129 114
MOVE B128 114
MOVE B127 114
MOVE B126 114
MOVE B91 114
MOVE B90 114
MOVE B142 114
MOVE B141 114
TRAIN 2
COMMAND RIGHT END
TURN 217 RESULT
TIME LEFT 2 5 RIGHT 1 5
TRAIN A136 A137 B143 B144
MOVE A63 50
MOVE A64 50
MOVE A65 50
MOVE A66 50
MOVE A67 50
MOVE A68 50
MOVE A69 50
MOVE A70 50
MOVE A71 50
MOVE A90 50
MOVE A91 50
MOVE A92 50
MOVE A93 50
MOVE A97 101
MOVE A100 50
MOVE A101 50
MOVE A102 50
MOVE A103 50
MOVE A104 50
MOVE A105 50
MOVE A106 50
MOVE A107 50
MOVE A111 122
MOVE A120 94
MOVE A121 94
MOVE A122 82
MOVE A123 82
MOVE A124 66
MOVE A125 66
MOVE A126 55
MOVE A127 55
MOVE A128 24
MOVE A129 24
MOVE A130 17
MOVE A131 17
MOVE A132 10
MOVE A133 10
MOVE A134 5
MOVE A135 5
MOVE B90 148
MOVE B91 148
MOVE B92 92
MOVE B125 96
MOVE B126 148
MOVE B127 148
MOVE B128 148
MOVE B129 148
MOVE B130 148
MOVE B131 148
MOVE B132 148
MOVE B133 142
MOVE B134 142
MOVE B135 142
MOVE B136 156
MOVE B137 156
MOVE B138 173
MOVE B139 173
MOVE B140 173
MOVE B141 183
MOVE B142 183
END TURN 217
TURN 218
COMMAND LEFT START
MOVE A111 94
MOVE A126 94
MOVE A127 94
MOVE A112 64
MOVE A136 94
MOVE A137 94
TRAIN 2
COMMAND LEFT END
COMMAND RIGHT START
TRAIN 3
COMMAND RIGHT END
TURN 218 RESULT
TIME LEFT 6 5 RIGHT 3 5
TRAIN A138 A139 B145 B146 B147
MOVE A63 55
MOVE A64 55
MOVE A65 55
MOVE A66 55
MOVE A67 55
MOVE A68 55
MOVE A69 55
MOVE A70 55
MOVE A71 55
MOVE A90 55
MOVE A91 55
MOVE A92 55
MOVE A93 55
MOVE A97 104
MOVE A100 55
MOVE A101 55
MOVE A102 55
MOVE A103 55
MOVE A104 55
MOVE A105 55
MOVE A106 55
MOVE A107 55
MOVE A111 106
MOVE A112 81
MOVE A122 94
MOVE A123 94
MOVE A124 82
MOVE A125 82
MOVE A126 50
MOVE A127 50
MOVE A128 49
MOVE A129 49
MOVE A130 24
MOVE A131 24
MOVE A132 17
MOVE A133 17
MOVE A134 10
MOVE A135 10
MOVE A136 5
MOVE A137 5
MOVE B90 127
MOVE B91 127
MOVE B92 74
MOVE B125 84
MOVE B126 127
MOVE B127 127
MOVE B128 127
MOVE B129 127
MOVE B130 127
MOVE B131 127
MOVE B132 127
MOVE B136 142
MOVE B137 142
MOVE B138 156
MOVE B139 156
MOVE B140 156
MOVE B141 178
MOVE B142 178
DAMAGE TURRET B92 2
DAMAGE COMBAT A43 1
DAMAGE COMBAT B92 3
END TURN 218
TURN 219
COMMAND LEFT START
MOVE A138 94
MOVE A139 94
MOVE A63 94
MOVE A64 94
MOVE A65 94
MOVE A66 94
MOVE A67 94
MOVE A68 94
MOVE A69 94
MOVE A70 94
MOVE A71 94
MOVE A90 94
MOVE A91 94
MOVE A92 94
MOVE A93 94
MOVE A100 94
MOVE A101 94
MOVE A102 94
MOVE A103 94
MOVE A104 94
MOVE A105 94
MOVE A106 94
MOVE A107 94
TRAIN 2
COMMAND LEFT END
COMMAND RIGHT START
MOVE B137 114
MOVE B136 114
MOVE B135 114
MOVE B134 114
MOVE B133 114
MOVE B147 114
MOVE B146 114
MOVE B145 114
MOVE B144 114
MOVE B143 114
TRAIN 2
COMMAND RIGHT END
TURN 219 RESULT
TIME LEFT 4 5 RIGHT 0 5
TRAIN A140 A141 B148 B149
MOVE A63 50
MOVE A64 50
MOVE A65 50
MOVE A66 50
MOVE A67 50
MOVE A68 50
MOVE A69 50
MOVE A70 50
MOVE A71 50
MOVE A90 50
MOVE A91 50
MOVE A92 50
MOVE A93 50
MOVE A97 94
MOVE A100 50
MOVE A101 50
MOVE A102 50
MOVE A103 50
MOVE A104 50
MOVE A105 50
MOVE A106 50
MOVE A107 50
MOVE A111 94
MOVE A112 74
MOVE A124 94
MOVE A125 94
MOVE A126 54
MOVE A127 54
MOVE A128 66
MOVE A129 66
MOVE A130 49
MOVE A131 49
MOVE A132 24
MOVE A133 24
MOVE A134 17
MOVE A135 17
MOVE A136 10
MOVE A137 10
MOVE A138 5
MOVE A139 5
MOVE B90 122
MOVE B91 122
MOVE B125 68
MOVE B126 122
MOVE B127 122
MOVE B128 122
MOVE B129 122
MOVE B130 122
MOVE B131 122
MOVE B132 122
MOVE B133 148
MOVE B134 148
MOVE B135 148
MOVE B136 148
MOVE B137 148
MOVE B138 142
MOVE B139 142
MOVE B140 142
MOVE B141 171
MOVE B142 171
MOVE B143 183
MOVE B144 183
MOVE B145 183
MOVE B146 183
MOVE B147 183
DAMAGE TURRET B92 2
DAMAGE COMBAT A43 1
DAMAGE COMBAT B92 1
END TURN 219
TURN 220
COMMAND LEFT START
MOVE A140 74
MOVE A141 94
TRAIN 2
COMMAND LEFT END
COMMAND RIGHT START
MOVE B149 142
MOVE B148 142
MOVE B124 55
MOVE B123 142
MOVE B122 142
MOVE B121 142
MOVE B120 142
MOVE B119 142
MOVE B118 142
MOVE B117 142
MOVE B116 142
MOVE B115 142
MOVE B114 142
MOVE B113 142
TRAIN 2
COMMAND RIGHT END
TURN 220 RESULT
TIME LEFT 3 5 RIGHT 0 5
TRAIN A142 A143 B150 B151
MOVE A63 54
MOVE A64 54
MOVE A65 54
MOVE A66 54
MOVE A67 54
MOVE A68 54
MOVE A69 54
MOVE A70 54
MOVE A71 54
MOVE A90 54
MOVE A91 54
MOVE A92 54
MOVE A93 54
MOVE A100 54
MOVE A101 54
MOVE A102 54
MOVE A103 54
MOVE A104 54
MOVE A105 54
MOVE A106 54
MOVE A107 54
MOVE A112 64
MOVE A126 62
MOVE A127 62
MOVE A128 82
MOVE A129 82
MOVE A130 66
MOVE A131 66
MOVE A132 49
MOVE A133 49
MOVE A134 24
MOVE A135 24
MOVE A136 17
MOVE A137 17
MOVE A138 10
MOVE A139 10
MOVE A140 5
MOVE A141 5
MOVE B90 118
MOVE B91 118
MOVE B113 118
MOVE B114 118
MOVE B115 118
MOVE B116 118
MOVE B117 118
MOVE B118 118
MOVE B119 118
MOVE B120 118
MOVE B121 118
MOVE B122 118
MOVE B123 118
MOVE B124 96
MOVE B125 62
MOVE B126 118
MOVE B127 118
MOVE B128 118
MOVE B129 118
MOVE B130 118
MOVE B131 118
MOVE B132 118
MOVE B133 127
MOVE B134 127
MOVE B135 127
MOVE B136 127
MOVE B137 127
MOVE B141 164
MOVE B142 164
MOVE B143 178
MOVE B144 178
MOVE B145 178
MOVE B146 178
MOVE B147 178
MOVE B148 182
MOVE B149 182
DAMAGE COMBAT A126 1
DAMAGE COMBAT B125 2
END TURN 220
TURN 221
COMMAND LEFT START
MOVE A112 76
MOVE A142 94
MOVE A143 94
TRAIN 2
COMMAND LEFT END
COMMAND RIGHT START
MOVE B151 142
MOVE B150 142
MOVE B112 142
MOVE B111 142
MOVE B110 142
MOVE B109 142
MOVE B108 142
MOVE B107 142
MOVE B106 142
MOVE B105 142
MOVE B104 142
TRAIN 2
COMMAND RIGHT END
TURN 221 RESULT
TIME LEFT 6 5 RIGHT 3 5
TRAIN A144 A145 B152 B153
MOVE A63 62
MOVE A64 62
MOVE A65 62
MOVE A66 62
MOVE A67 62
MOVE A68 62
MOVE A69 62
MOVE A70 62
MOVE A71 62
MOVE A90 62
MOVE A91 62
MOVE A92 62
MOVE A93 62
MOVE A100 62
MOVE A101 62
MOVE A102 62
MOVE A103 62
MOVE A104 62
MOVE A105 62
MOVE A106 62
MOVE A107 62
MOVE A112 76
MOVE A128 94
MOVE A129 94
MOVE A130 82
MOVE A131 82
MOVE A132 66
MOVE A133 66
MOVE A134 49
MOVE A135 49
MOVE A136 24
MOVE A137 24
MOVE A138 17
MOVE A139 17
MOVE A140 10
MOVE A141 10
MOVE A142 5
MOVE A143 5
MOVE B90 114
MOVE B91 114
MOVE B104 118
MOVE B105 118
MOVE B106 118
MOVE B107 118
MOVE B108 118
MOVE B109 118
MOVE B110 118
MOVE B111 118
MOVE B112 118
MOVE B113 122
MOVE B114 122
MOVE B115 122
MOVE B116 122
MOVE B117 122
MOVE B118 122
MOVE B119 122
MOVE B120 122
MOVE B121 122
MOVE B122 122
MOVE B123 122
MOVE B124 87
MOVE B126 114
MOVE B127 114
MOVE B128 114
MOVE B129 114
MOVE B130 114
MOVE B131 114
MOVE B132 114
MOVE B133 122
MOVE B134 122
MOVE B135 122
MOVE B136 122
MOVE B137 122
MOVE B141 141
MOVE B142 141
MOVE B143 171
MOVE B144 171
MOVE B145 171
MOVE B146 171
MOVE B147 171
MOVE B148 173
MOVE B149 173
MOVE B150 182
MOVE B151 182
DAMAGE COMBAT A126 1
DAMAGE COMBAT B125 6
END TURN 221
TURN 222
COMMAND LEFT START
MOVE A112 93
MOVE A144 94
MOVE A145 94
TRAIN 2
COMMAND LEFT END
COMMAND RIGHT START
MOVE B140 114
MOVE B139 114
MOVE B138 114
MOVE B153 114
MOVE B152 114
TRAIN 3
COMMAND RIGHT END
TURN 222 RESULT
TIME LEFT 8 5 RIGHT 0 5
TRAIN A146 A147 B154 B155 B156
MOVE A63 68
MOVE A64 68
MOVE A65 68
MOVE A66 68
MOVE A67 68
MOVE A68 68
MOVE A69 68
MOVE A70 68
MOVE A71 68
MOVE A90 68
MOVE A91 68
MOVE A92 68
MOVE A93 68
MOVE A100 68
MOVE A101 68
MOVE A102 68
MOVE A103 68
MOVE A104 68
MOVE A105 68
MOVE A106 68
MOVE A107 68
MOVE A112 93
MOVE A126 68
MOVE A127 68
MOVE A130 94
MOVE A131 94
MOVE A132 82
MOVE A133 82
MOVE A134 66
MOVE A135 66
MOVE A136 49
MOVE A137 49
MOVE A138 24
MOVE A139 24
MOVE A140 17
MOVE A141 17
MOVE A142 10
MOVE A143 10
MOVE A144 5
MOVE A145 5
MOVE B104 122
MOVE B105 122
MOVE B106 122
MOVE B107 122
MOVE B108 122
MOVE B109 122
MOVE B110 122
MOVE B111 122
MOVE B112 122
MOVE B113 127
MOVE B114 127
MOVE B115 127
MOVE B116 127
MOVE B117 127
MOVE B118 127
MOVE B119 127
MOVE B120 127
MOVE B121 127
MOVE B122 127
MOVE B123 127
MOVE B124 85
MOVE B133 118
MOVE B134 118
MOVE B135 118
MOVE B136 118
MOVE B137 118
MOVE B138 148
MOVE B139 148
MOVE B140 148
MOVE B141 130
MOVE B142 130
MOVE B143 164
MOVE B144 164
MOVE B145 164
MOVE B146 164
MOVE B147 164
MOVE B148 156
MOVE B149 156
MOVE B150 173
MOVE B151 173
MOVE B152 183
MOVE B153 183
END TURN 222
TURN 223
COMMAND LEFT START
MOVE A112 80
MOVE A146 94
MOVE A147 94
TRAIN 2
COMMAND LEFT END
COMMAND RIGHT START
MOVE B156 114
MOVE B155 114
MOVE B154 114
TRAIN 2
COMMAND RIGHT END
TURN 223 RESULT
TIME LEFT 7 5 RIGHT 2 5
TRAIN A148 A149 B157 B158
MOVE A63 73
MOVE A64 73
MOVE A65 73
MOVE A66 73
MOVE A67 73
MOVE A68 73
MOVE A69 73
MOVE A70 73
MOVE A71 73
MOVE A90 73
MOVE A91 73
MOVE A92 73
MOVE A93 73
MOVE A100 73
MOVE A101 73
MOVE A102 73
MOVE A103 73
MOVE A104 73
MOVE A105 73
MOVE A106 73
MOVE A107 73
MOVE A112 80
MOVE A126 73
MOVE A127 73
MOVE A132 94
MOVE A133 94
MOVE A134 82
MOVE A135 82
MOVE A136 66
MOVE A137 66
MOVE A138 49
MOVE A139 49
MOVE A140 24
MOVE A141 24
MOVE A142 17
MOVE A143 17
MOVE A144 10
MOVE A145 10
MOVE A146 5
MOVE A147 5
MOVE B104 127
MOVE B105 127
MOVE B106 127
MOVE B107 127
MOVE B108 127
MOVE B109 127
MOVE B110 127
MOVE B111 127
MOVE B112 127
MOVE B113 148
MOVE B114 148
MOVE B115 148
MOVE B116 148
MOVE B117 148
MOVE B118 148
MOVE B119 148
MOVE B120 148
MOVE B121 148
MOVE B122 148
MOVE B123 148
MOVE B124 71
MOVE B133 114
MOVE B134 114
MOVE B135 114
MOVE B136 114
MOVE B137 114
MOVE B138 127
MOVE B139 127
MOVE B140 127
MOVE B141 114
MOVE B142 114
MOVE B143 141
MOVE B144 141
MOVE B145 141
MOVE B146 141
MOVE B147 141
MOVE B148 142
MOVE B149 142
MOVE B150 156
MOVE B151 156
MOVE B152 178
MOVE B153 178
MOVE B154 183
MOVE B155 183
MOVE B156 183
END TURN 223
TURN 224
COMMAND LEFT START
MOVE A112 93
MOVE A148 94
MOVE A149 94
TRAIN 2
COMMAND LEFT END
COMMAND RIGHT START
MOVE B142 28
MOVE B149 114
MOVE B148 114
MOVE B158 114
MOVE B157 114
TRAIN 2
COMMAND RIGHT END
TURN 224 RESULT
TIME LEFT 7 5 RIGHT 0 5
TRAIN A150 A151 B159 B160
MOVE A63 94
MOVE A64 94
MOVE A65 94
MOVE A66 94
MOVE A67 94
MOVE A68 94
MOVE A69 94
MOVE A70 94
MOVE A71 94
MOVE A90 94
MOVE A91 94
MOVE A92 94
MOVE A93 94
MOVE A100 94
MOVE A101 94
MOVE A102 94
MOVE A103 94
MOVE A104 94
MOVE A105 94
MOVE A106 94
MOVE A107 94
MOVE A112 93
MOVE A126 94
MOVE A127 94
MOVE A134 94
MOVE A135 94
MOVE A136 82
MOVE A137 82
MOVE A138 66
MOVE A139 66
MOVE A140 47
MOVE A141 49
MOVE A142 24
MOVE A143 24
MOVE A144 17
MOVE A145 17
MOVE A146 10
MOVE A147 10
MOVE A148 5
MOVE A149 5
MOVE B104 148
MOVE B105 148
MOVE B106 148
MOVE B107 148
MOVE B108 148
MOVE B109 148
MOVE B110 148
MOVE B111 148
MOVE B112 148
MOVE B113 142
MOVE B114 142
MOVE B115 142
MOVE B116 142
MOVE B117 142
MOVE B118 142
MOVE B119 142
MOVE B120 142
MOVE B121 142
MOVE B122 142
MOVE B123 142
MOVE B124 50
MOVE B138 122
MOVE B139 122
MOVE B140 122
MOVE B142 96
MOVE B143 130
MOVE B144 130
MOVE B145 130
MOVE B146 130
MOVE B147 130
MOVE B148 148
MOVE B149 148
MOVE B150 142
MOVE B151 142
MOVE B152 171
MOVE B153 171
MOVE B154 178
MOVE B155 178
MOVE B156 178
MOVE B157 183
MOVE B158 183
END TURN 224
TURN 225
COMMAND LEFT START
MOVE A112 80
MOVE A150 94
MOVE A151 94
MOVE A63 114
MOVE A64 114
MOVE A65 114
MOVE A66 114
MOVE A67 114
MOVE A68 114
MOVE A69 114
MOVE A70 114
MOVE A71 114
MOVE A88 114
MOVE A89 114
MOVE A90 114
MOVE A91 114
MOVE A92 114
MOVE A93 114
MOVE A97 114
MOVE A100 114
MOVE A101 114
MOVE A102 114
MOVE A103 114
MOVE A104 114
MOVE A105 114
MOVE A106 114
MOVE A107 114
MOVE A108 114
MOVE A109 114
MOVE A110 114
MOVE A111 114
MOVE A113 114
MOVE A114 114
MOVE A115 114
MOVE A116 114
TRAIN 2
COMMAND LEFT END
COMMAND RIGHT START
MOVE B151 114
MOVE B150 114
MOVE B123 114
MOVE B122 114
MOVE B121 114
MOVE B120 114
MOVE B119 114
MOVE B118 114
MOVE B117 114
MOVE B116 114
MOVE B115 114
TRAIN 2
COMMAND RIGHT END
TURN 225 RESULT
TIME LEFT 8 5 RIGHT 1 5
TRAIN A152 A153 B161 B162
MOVE A63 107
MOVE A64 107
MOVE A65 107
MOVE A66 107
MOVE A67 107
MOVE A68 107
MOVE A69 107
MOVE A70 107
MOVE A71 107
MOVE A88 107
MOVE A89 107
MOVE A90 107
MOVE A91 107
MOVE A92 107
MOVE A93 107
MOVE A97 107
MOVE A100 107
MOVE A101 107
MOVE A102 107
MOVE A103 107
MOVE A104 107
MOVE A105 107
MOVE A106 107
MOVE A107 107
MOVE A108 107
MOVE A109 107
MOVE A110 107
MOVE A111 107
MOVE A112 80
MOVE A113 107
MOVE A114 107
MOVE A115 107
MOVE A116 107
MOVE A136 94
MOVE A137 94
MOVE A138 82
MOVE A139 82
MOVE A140 58
MOVE A141 66
MOVE A142 49
MOVE A143 49
MOVE A144 24
MOVE A145 24
MOVE A146 17
MOVE A147 17
MOVE A148 10
MOVE A149 10
MOVE A150 5
MOVE A151 5
MOVE B104 142
MOVE B105 142
MOVE B106 142
MOVE B107 142
MOVE B108 142
MOVE B109 142
MOVE B110 142
MOVE B111 142
MOVE B112 142
MOVE B115 148
MOVE B116 148
MOVE B117 148
MOVE B118 148
MOVE B119 148
MOVE B120 148
MOVE B121 148
MOVE B122 148
MOVE B123 148
MOVE B124 55
MOVE B138 118
MOVE B139 118
MOVE B140 118
MOVE B142 84
MOVE B143 114
MOVE B144 114
MOVE B145 114
MOVE B146 114
MOVE B147 114
MOVE B148 127
MOVE B149 127
MOVE B150 148
MOVE B151 148
MOVE B152 164
MOVE B153 164
MOVE B154 171
MOVE B155 171
MOVE B156 171
MOVE B157 178
MOVE B158 178
DAMAGE TURRET B124 2
DAMAGE COMBAT A13 1
DAMAGE COMBAT B124 3
END TURN 225
TURN 226
COMMAND LEFT START
MOVE A112 93
MOVE A152 94
MOVE A153 94
TRAIN 2
COMMAND LEFT END
COMMAND RIGHT START
MOVE B114 114
MOVE B113 114
MOVE B112 114
MOVE B111 114
MOVE B110 114
MOVE B109 114
MOVE B108 114
MOVE B107 114
MOVE B106 114
MOVE B105 114
MOVE B104 114
TRAIN 2
COMMAND RIGHT END
TURN 226 RESULT
TIME LEFT 7 5 RIGHT 1 5
TRAIN A154 A155 B163 B164
MOVE A63 114
MOVE A64 114
MOVE A65 114
MOVE A66 114
MOVE A67 114
MOVE A68 114
MOVE A69 114
MOVE A70 114
MOVE A71 114
MOVE A88 114
MOVE A89 114
MOVE A90 114
MOVE A91 114
MOVE A92 114
MOVE A93 114
MOVE A97 114
MOVE A100 114
MOVE A101 114
MOVE A102 114
MOVE A103 114
MOVE A104 114
MOVE A105 114
MOVE A106 114
MOVE A107 114
MOVE A108 114
MOVE A109 114
MOVE A110 114
MOVE A111 114
MOVE A112 93
MOVE A113 114
MOVE A114 114
MOVE A115 114
MOVE A116 114
MOVE A138 94
MOVE A139 94
MOVE A140 74
MOVE A141 82
MOVE A142 66
MOVE A143 66
MOVE A144 49
MOVE A145 49
MOVE A146 24
MOVE A147 24
MOVE A148 17
MOVE A149 17
MOVE A150 10
MOVE A151 10
MOVE A152 5
MOVE A153 5
MOVE B104 148
MOVE B105 148
MOVE B106 148
MOVE B107 148
MOVE B108 148
MOVE B109 148
MOVE B110 148
MOVE B111 148
MOVE B112 148
MOVE B113 148
MOVE B114 148
MOVE B115 127
MOVE B116 127
MOVE B117 127
MOVE B118 127
MOVE B119 127
MOVE B120 127
MOVE B121 127
MOVE B122 127
MOVE B123 127
MOVE B138 114
MOVE B139 114
MOVE B140 114
MOVE B142 73
MOVE B148 122
MOVE B149 122
MOVE B150 127
MOVE B151 127
MOVE B152 141
MOVE B153 141
MOVE B154 164
MOVE B155 164
MOVE B156 164
MOVE B157 171
MOVE B158 171
DAMAGE TURRET A108 2
DAMAGE TURRET B124 2
DAMAGE COMBAT A32 1
DAMAGE COMBAT A63 7
DAMAGE COMBAT A64 7
DAMAGE COMBAT A65 7
DAMAGE COMBAT A66 7
DAMAGE COMBAT A108 2
DAMAGE COMBAT B81 5
DAMAGE COMBAT B82 8
DAMAGE COMBAT B90 5
DAMAGE COMBAT B91 8
DAMAGE COMBAT B98 6
DAMAGE COMBAT B124 1
END TURN 226
TURN 227
COMMAND LEFT START
MOVE A154 55
MOVE A112 80
MOVE A155 94
MOVE A117 133
MOVE A118 133
MOVE A119 133
MOVE A120 133
MOVE A121 133
MOVE A122 133
MOVE A123 133
MOVE A124 133
MOVE A125 133
MOVE A126 133
MOVE A127 133
MOVE A128 133
MOVE A129 133
MOVE A130 133
MOVE A131 133
MOVE A132 133
MOVE A133 133
MOVE A134 133
MOVE A135 133
MOVE A136 133
MOVE A137 133
MOVE A138 133
MOVE A139 133
COMMAND LEFT END
COMMAND RIGHT START
MOVE B164 142
MOVE B163 142
MOVE B162 142
MOVE B161 142
MOVE B160 142
MOVE B159 142
TRAIN 2
COMMAND RIGHT END
TURN 227 RESULT
TIME LEFT 8 5 RIGHT 0 5
TRAIN B165 B166
MOVE A112 80
MOVE A117 115
MOVE A118 115
MOVE A119 115
MOVE A120 115
MOVE A121 115
MOVE A122 115
MOVE A123 115
MOVE A124 115
MOVE A125 115
MOVE A126 115
MOVE A127 115
MOVE A128 115
MOVE A129 115
MOVE A130 115
MOVE A131 115
MOVE A132 115
MOVE A133 115
MOVE A134 115
MOVE A135 115
MOVE A136 115
MOVE A137 115
MOVE A138 115
MOVE A139 115
MOVE A141 94
MOVE A142 82
MOVE A143 82
MOVE A144 66
MOVE A145 66
MOVE A146 49
MOVE A147 49
MOVE A148 24
MOVE A149 24
MOVE A150 17
MOVE A151 17
MOVE A152 10
MOVE A153 10
MOVE A154 8
MOVE A155 5
MOVE B104 127
MOVE B105 127
MOVE B106 127
MOVE B107 127
MOVE B108 127
MOVE B109 127
MOVE B110 127
MOVE B111 127
MOVE B112 127
MOVE B113 127
MOVE B114 127
MOVE B115 122
MOVE B116 122
MOVE B117 122
MOVE B118 122
MOVE B119 122
MOVE B120 122
MOVE B121 122
MOVE B122 122
MOVE B123 122
MOVE B142 66
MOVE B148 118
MOVE B149 118
MOVE B150 122
MOVE B151 122
MOVE B152 130
MOVE B153 130
MOVE B154 141
MOVE B155 141
MOVE B156 141
MOVE B157 164
MOVE B158 164
MOVE B159 182
MOVE B160 182
MOVE B161 182
MOVE B162 182
MOVE B163 182
MOVE B164 182
DAMAGE TURRET A67 2
DAMAGE COMBAT A67 5
DAMAGE COMBAT A68 7
DAMAGE COMBAT A69 7
DAMAGE COMBAT A70 7
DAMAGE COMBAT A144 1
DAMAGE COMBAT B98 2
DAMAGE COMBAT B99 8
DAMAGE COMBAT B100 8
DAMAGE COMBAT B102 8
DAMAGE COMBAT B103 1
DAMAGE COMBAT B142 2
END TURN 227
TURN 228
COMMAND LEFT START
MOVE A112 94
COMMAND LEFT END
COMMAND RIGHT START
MOVE B166 142
MOVE B165 142
TRAIN 2
COMMAND RIGHT END
TURN 228 RESULT
TIME LEFT 3 5 RIGHT 0 5
TRAIN B167 B168
MOVE A112 78
MOVE A117 120
MOVE A118 120
MOVE A119 120
MOVE A120 120
MOVE A121 120
MOVE A122 120
MOVE A123 120
MOVE A124 120
MOVE A125 120
MOVE A126 120
MOVE A127 120
MOVE A128 120
MOVE A129 120
MOVE A130 120
MOVE A131 120
MOVE A132 120
MOVE A133 120
MOVE A134 120
MOVE A135 120
MOVE A136 120
MOVE A137 120
MOVE A138 120
MOVE A139 120
MOVE A142 94
MOVE A143 94
MOVE A146 66
MOVE A147 66
MOVE A148 49
MOVE A149 49
MOVE A150 24
MOVE A151 24
MOVE A152 17
MOVE A153 17
MOVE A154 18
MOVE A155 10
MOVE B104 122
MOVE B105 122
MOVE B106 122
MOVE B107 122
MOVE B108 122
MOVE B109 122
MOVE B110 122
MOVE B111 122
MOVE B112 122
MOVE B113 122
MOVE B114 122
MOVE B115 118
MOVE B116 118
MOVE B117 118
MOVE B118 118
MOVE B119 118
MOVE B120 118
MOVE B121 118
MOVE B122 118
MOVE B123 118
MOVE B148 114
MOVE B149 114
MOVE B150 118
MOVE B151 118
MOVE B152 114
MOVE B153 114
MOVE B154 130
MOVE B155 130
MOVE B156 130
MOVE B157 141
MOVE B158 141
MOVE B159 173
MOVE B160 173
MOVE B161 173
MOVE B162 173
MOVE B163 173
MOVE B164 173
MOVE B165 182
MOVE B166 182
DAMAGE TURRET A71 2
DAMAGE COMBAT A71 5
DAMAGE COMBAT A88 7
DAMAGE COMBAT A89 7
DAMAGE COMBAT A90 7
DAMAGE COMBAT A144 1
DAMAGE COMBAT B103 7
DAMAGE COMBAT B126 8
DAMAGE COMBAT B127 8
DAMAGE COMBAT B142 4
END TURN 228
TURN 229
COMMAND LEFT START
COMMAND LEFT END
COMMAND RIGHT START
MOVE B168 142
MOVE B167 142
TRAIN 3
COMMAND RIGHT END
TURN 229 RESULT
TIME LEFT 3 5 RIGHT 1 5
TRAIN B169 B170 B171
MOVE A112 76
MOVE A117 126
MOVE A118 126
MOVE A119 126
MOVE A120 126
MOVE A121 126
MOVE A122 126
MOVE A123 126
MOVE A124 126
MOVE A125 126
MOVE A126 126
MOVE A127 126
MOVE A128 126
MOVE A129 126
MOVE A130 126
MOVE A131 126
MOVE A132 126
MOVE A133 126
MOVE A134 126
MOVE A135 126
MOVE A136 126
MOVE A137 126
MOVE A138 126
MOVE A139 126
MOVE A148 66
MOVE A149 66
MOVE A150 49
MOVE A151 49
MOVE A152 24
MOVE A153 24
MOVE A154 34
MOVE A155 17
MOVE B104 118
MOVE B105 118
MOVE B106 118
MOVE B107 118
MOVE B108 118
MOVE B109 118
MOVE B110 118
MOVE B111 118
MOVE B112 118
MOVE B113 118
MOVE B114 118
MOVE B115 114
MOVE B116 114
MOVE B117 114
MOVE B118 114
MOVE B119 114
MOVE B120 114
MOVE B121 114
MOVE B122 114
MOVE B123 114
MOVE B150 114
MOVE B151 114
MOVE B154 114
MOVE B155 114
MOVE B156 114
MOVE B157 130
MOVE B158 130
MOVE B159 156
MOVE B160 156
MOVE B161 156
MOVE B162 156
MOVE B163 156
MOVE B164 156
MOVE B165 173
MOVE B166 173
MOVE B167 182
MOVE B168 182
DAMAGE TURRET A91 2
DAMAGE COMBAT A91 5
DAMAGE COMBAT A92 7
DAMAGE COMBAT A93 7
DAMAGE COMBAT A97 7
DAMAGE COMBAT A100 7
DAMAGE COMBAT A101 4
DAMAGE COMBAT A144 1
DAMAGE COMBAT B115 8
DAMAGE COMBAT B116 8
DAMAGE COMBAT B117 3
DAMAGE COMBAT B142 2
END TURN 229
TURN 230
COMMAND LEFT START
MOVE A12 94
MOVE A22 94
MOVE A31 94
MOVE A35 94
TRAIN 2
COMMAND LEFT END
COMMAND RIGHT START
MOVE B171 142
MOVE B170 142
MOVE B169 142
TRAIN 2
COMMAND RIGHT END
TURN 230 RESULT
TIME LEFT 4 5 RIGHT 0 5
TRAIN A156 A157 B172 B173
MOVE A12 62
MOVE A22 62
MOVE A31 47
MOVE A35 47
MOVE A112 74
MOVE A117 134
MOVE A118 134
MOVE A119 134
MOVE A120 134
MOVE A121 134
MOVE A122 134
MOVE A123 134
MOVE A124 134
MOVE A125 134
MOVE A126 134
MOVE A127 134
MOVE A128 134
MOVE A129 134
MOVE A130 134
MOVE A131 134
MOVE A132 134
MOVE A133 134
MOVE A134 134
MOVE A135 134
MOVE A136 134
MOVE A137 134
MOVE A138 134
MOVE A139 134
MOVE A144 82
MOVE A145 82
MOVE A146 82
MOVE A147 82
MOVE A148 82
MOVE A149 82
MOVE A150 66
MOVE A151 66
MOVE A152 49
MOVE A153 49
MOVE A154 45
MOVE A155 24
MOVE B104 114
MOVE B105 114
MOVE B106 114
MOVE B107 114
MOVE B108 114
MOVE B109 114
MOVE B110 114
MOVE B111 114
MOVE B112 114
MOVE B113 114
MOVE B114 114
MOVE B157 114
MOVE B158 114
MOVE B159 142
MOVE B160 142
MOVE B161 142
MOVE B162 142
MOVE B163 142
MOVE B164 142
MOVE B165 156
MOVE B166 156
MOVE B167 173
MOVE B168 173
MOVE B169 182
MOVE B170 182
MOVE B171 182
DAMAGE TURRET A101 2
DAMAGE COMBAT A101 1
DAMAGE COMBAT A102 7
DAMAGE COMBAT A103 7
DAMAGE COMBAT A104 7
DAMAGE COMBAT A105 7
DAMAGE COMBAT A106 7
DAMAGE COMBAT A107 7
DAMAGE COMBAT A109 5
DAMAGE COMBAT B104 8
DAMAGE COMBAT B105 1
DAMAGE COMBAT B117 5
END TURN 230
TURN 231
COMMAND LEFT START
MOVE A156 28
MOVE A157 28
TRAIN 2
COMMAND LEFT END
COMMAND RIGHT START
MOVE B173 142
MOVE B172 142
MOVE B164 74
TRAIN 2
COMMAND RIGHT END
TURN 231 RESULT
TIME LEFT 3 5 RIGHT 0 5
TRAIN A158 A159 B174 B175
MOVE A12 68
MOVE A22 68
MOVE A31 66
MOVE A35 66
MOVE A112 81
MOVE A117 138
MOVE A118 138
MOVE A119 138
MOVE A120 138
MOVE A121 138
MOVE A122 138
MOVE A123 138
MOVE A124 138
MOVE A125 138
MOVE A126 138
MOVE A127 138
MOVE A128 138
MOVE A129 138
MOVE A130 138
MOVE A131 138
MOVE A132 138
MOVE A133 138
MOVE A134 138
MOVE A135 138
MOVE A136 138
MOVE A137 138
MOVE A138 138
MOVE A139 138
MOVE A144 94
MOVE A145 94
MOVE A146 94
MOVE A147 94
MOVE A148 94
MOVE A149 94
MOVE A150 82
MOVE A151 82
MOVE A152 66
MOVE A153 66
MOVE A154 55
MOVE A155 49
MOVE A156 5
MOVE A157 5
MOVE B164 126
MOVE B165 142
MOVE B166 142
MOVE B167 156
MOVE B168 156
MOVE B169 173
MOVE B170 173
MOVE B171 173
MOVE B172 182
MOVE B173 182
DAMAGE TURRET A109 2
DAMAGE COMBAT A110 7
DAMAGE COMBAT A111 7
DAMAGE COMBAT A113 7
DAMAGE COMBAT A114 7
DAMAGE COMBAT A115 7
DAMAGE COMBAT A116 7
DAMAGE COMBAT B105 7
END TURN 231
TURN 232
COMMAND LEFT START
MOVE A158 46
MOVE A159 46
MOVE A144 64
COMMAND LEFT END
COMMAND RIGHT START
MOVE B1 142
MOVE B7 142
MOVE B17 142
MOVE B15 173
MOVE B16 173
MOVE B18 160
MOVE B158 94
MOVE B157 94
MOVE B156 94
MOVE B155 94
MOVE B154 94
MOVE B153 94
MOVE B152 94
MOVE B151 94
MOVE B150 94
MOVE B149 94
MOVE B148 94
MOVE B147 94
MOVE B146 94
MOVE B145 94
MOVE B144 94
MOVE B143 94
MOVE B141 94
MOVE B140 94
MOVE B139 94
MOVE B138 94
MOVE B137 94
MOVE B136 94
MOVE B135 94
MOVE B134 94
MOVE B133 94
MOVE B132 94
MOVE B131 94
MOVE B130 94
MOVE B129 94
MOVE B128 94
MOVE B123 94
MOVE B122 94
MOVE B121 94
MOVE B120 94
MOVE B119 94
MOVE B118 94
MOVE B114 94
MOVE B113 94
MOVE B112 94
MOVE B111 94
MOVE B110 94
MOVE B109 94
MOVE B108 94
TRAIN 1
COMMAND RIGHT END
TURN 232 RESULT
TIME LEFT 6 5 RIGHT 1 5
TRAIN B176
MOVE A12 73
MOVE A22 73
MOVE A31 82
MOVE A35 82
MOVE A112 94
MOVE A117 133
MOVE A118 133
MOVE A119 133
MOVE A120 133
MOVE A121 133
MOVE A122 133
MOVE A123 133
MOVE A124 133
MOVE A125 133
MOVE A126 133
MOVE A127 133
MOVE A128 133
MOVE A129 133
MOVE A130 133
MOVE A131 133
MOVE A132 133
MOVE A133 133
MOVE A134 133
MOVE A135 133
MOVE A136 133
MOVE A137 133
MOVE A138 133
MOVE A139 133
MOVE A144 81
MOVE A150 94
MOVE A151 94
MOVE A152 82
MOVE A153 82
MOVE A155 66
MOVE A156 10
MOVE A157 10
MOVE A158 6
MOVE A159 6
MOVE B1 156
MOVE B7 156
MOVE B15 156
MOVE B16 156
MOVE B17 164
MOVE B18 148
MOVE B108 107
MOVE B109 107
MOVE B110 107
MOVE B111 107
MOVE B112 107
MOVE B113 107
MOVE B114 107
MOVE B118 107
MOVE B119 107
MOVE B120 107
MOVE B121 107
MOVE B122 107
MOVE B123 107
MOVE B128 107
MOVE B129 107
MOVE B130 107
MOVE B131 107
MOVE B132 107
MOVE B133 107
MOVE B134 107
MOVE B135 107
MOVE B136 107
MOVE B137 107
MOVE B138 107
MOVE B139 107
MOVE B140 107
MOVE B141 107
MOVE B143 107
MOVE B144 107
MOVE B145 107
MOVE B146 107
MOVE B147 107
MOVE B148 107
MOVE B149 107
MOVE B150 107
MOVE B151 107
MOVE B152 107
MOVE B153 107
MOVE B154 107
MOVE B155 107
MOVE B156 107
MOVE B157 107
MOVE B158 107
MOVE B164 120
MOVE B167 142
MOVE B168 142
MOVE B169 156
MOVE B170 156
MOVE B171 156
MOVE B172 173
MOVE B173 173
DAMAGE TURRET A126 2
DAMAGE COMBAT A126 3
DAMAGE COMBAT B25 6
DAMAGE COMBAT B45 6
DAMAGE COMBAT B58 6
SIEGE B 133 5
END TURN 232
TURN 233
COMMAND LEFT START
COMMAND LEFT END
COMMAND RIGHT START
MOVE B20 142
MOVE B24 142
MOVE B159 160
MOVE B160 114
MOVE B176 114
MOVE B175 114
MOVE B168 114
MOVE B167 114
MOVE B166 114
MOVE B165 114
TRAIN 3
COMMAND RIGHT END
TURN 233 RESULT
TIME LEFT 3 5 RIGHT 3 5
TRAIN B177 B178 B179
MOVE A12 94
MOVE A22 94
MOVE A31 94
MOVE A35 94
MOVE A144 74
MOVE A152 94
MOVE A153 94
MOVE A155 82
MOVE A156 17
MOVE A157 17
MOVE A158 15
MOVE A159 15
MOVE B1 142
MOVE B7 142
MOVE B15 173
MOVE B16 173
MOVE B17 148
MOVE B18 164
MOVE B20 164
MOVE B24 182
MOVE B108 94
MOVE B109 94
MOVE B110 94
MOVE B111 94
MOVE B112 94
MOVE B113 94
MOVE B114 94
MOVE B118 94
MOVE B119 94
MOVE B120 94
MOVE B121 94
MOVE B122 94
MOVE B123 94
MOVE B128 94
MOVE B129 94
MOVE B130 94
MOVE B131 94
MOVE B132 94
MOVE B133 94
MOVE B134 94
MOVE B135 94
MOVE B136 94
MOVE B137 94
MOVE B138 94
MOVE B139 94
MOVE B140 94
MOVE B141 94
MOVE B143 94
MOVE B144 94
MOVE B145 94
MOVE B146 94
MOVE B147 94
MOVE B148 94
MOVE B149 94
MOVE B150 94
MOVE B151 94
MOVE B152 94
MOVE B153 94
MOVE B154 94
MOVE B155 94
MOVE B156 94
MOVE B157 94
MOVE B158 94
MOVE B159 148
MOVE B160 148
MOVE B164 104
MOVE B165 148
MOVE B166 148
MOVE B167 148
MOVE B168 148
MOVE B169 142
MOVE B170 142
MOVE B171 142
MOVE B172 156
MOVE B173 156
MOVE B175 183
MOVE B176 183
DAMAGE TURRET A117 2
DAMAGE TURRET B108 2
DAMAGE COMBAT A12 2
DAMAGE COMBAT A22 6
DAMAGE COMBAT A31 5
DAMAGE COMBAT A35 6
DAMAGE COMBAT A46 7
DAMAGE COMBAT A51 4
DAMAGE COMBAT A56 7
DAMAGE COMBAT A112 6
DAMAGE COMBAT B108 6
DAMAGE COMBAT B109 8
DAMAGE COMBAT B110 6
SIEGE B 133 13
END TURN 233
TURN 234
COMMAND LEFT START
MOVE A118 74
MOVE A119 74
MOVE A120 74
MOVE A121 74
MOVE A122 74
MOVE A123 74
MOVE A124 74
MOVE A125 74
MOVE A127 74
MOVE A128 74
MOVE A129 74
MOVE A130 74
MOVE A131 74
MOVE A132 74
MOVE A133 74
MOVE A134 74
MOVE A135 74
MOVE A136 74
MOVE A137 74
MOVE A138 74
MOVE A139 74
UPGRADE 133
COMMAND LEFT END
COMMAND RIGHT START
MOVE B179 114
MOVE B178 114
MOVE B177 114
MOVE B171 133
MOVE B170 114
MOVE B169 114
MOVE B163 114
MOVE B162 114
COMMAND RIGHT END
TURN 234 RESULT
TIME LEFT 4 5 RIGHT 0 5
UPGRADE A 133
MOVE A118 138
MOVE A119 138
MOVE A120 138
MOVE A121 138
MOVE A122 138
MOVE A123 138
MOVE A124 138
MOVE A125 138
MOVE A127 138
MOVE A128 138
MOVE A129 138
MOVE A130 138
MOVE A131 138
MOVE A132 138
MOVE A133 138
MOVE A134 138
MOVE A135 138
MOVE A136 138
MOVE A137 138
MOVE A138 138
MOVE A139 138
MOVE A144 64
MOVE A155 94
MOVE A156 28
MOVE A157 28
MOVE A158 32
MOVE A159 32
MOVE B17 142
MOVE B18 160
MOVE B20 148
MOVE B24 173
MOVE B159 164
MOVE B160 127
MOVE B162 148
MOVE B163 148
MOVE B164 92
MOVE B165 127
MOVE B166 127
MOVE B167 127
MOVE B168 127
MOVE B169 148
MOVE B170 148
MOVE B171 134
MOVE B172 142
MOVE B173 142
MOVE B175 178
MOVE B176 178
MOVE B177 183
MOVE B178 183
MOVE B179 183
DAMAGE TURRET B110 2
DAMAGE COMBAT A112 1
DAMAGE COMBAT A141 7
DAMAGE COMBAT A142 7
DAMAGE COMBAT A143 7
DAMAGE COMBAT A145 7
DAMAGE COMBAT A146 7
DAMAGE COMBAT A147 5
DAMAGE COMBAT B111 8
DAMAGE COMBAT B112 6
END TURN 234
TURN 235
COMMAND LEFT START
MOVE A150 118
MOVE A144 133
UPGRADE 133
TRAIN 2
COMMAND LEFT END
COMMAND RIGHT START
MOVE B173 28
MOVE B172 114
MOVE B161 114
COMMAND RIGHT END
TURN 235 RESULT
TIME LEFT 6 5 RIGHT 0 5
UPGRADE A 133
TRAIN A160 A161
MOVE A118 117
MOVE A119 117
MOVE A120 117
MOVE A121 117
MOVE A122 117
MOVE A123 117
MOVE A124 117
MOVE A125 117
MOVE A127 117
MOVE A128 117
MOVE A129 117
MOVE A130 117
MOVE A131 117
MOVE A132 117
MOVE A133 117
MOVE A134 117
MOVE A135 117
MOVE A136 117
MOVE A137 117
MOVE A138 117
MOVE A139 117
MOVE A144 76
MOVE A158 46
MOVE A159 46
MOVE B20 142
MOVE B24 156
MOVE B159 160
MOVE B160 122
MOVE B161 148
MOVE B162 127
MOVE B163 127
MOVE B164 74
MOVE B165 122
MOVE B166 122
MOVE B167 122
MOVE B168 122
MOVE B169 127
MOVE B170 127
MOVE B171 138
MOVE B172 148
MOVE B173 126
MOVE B175 171
MOVE B176 171
MOVE B177 178
MOVE B178 178
MOVE B179 178
DAMAGE TURRET B112 2
DAMAGE TURRET B164 2
DAMAGE COMBAT A37 1
DAMAGE COMBAT A147 2
DAMAGE COMBAT A148 7
DAMAGE COMBAT A149 7
DAMAGE COMBAT A150 7
DAMAGE COMBAT A151 7
DAMAGE COMBAT A152 7
DAMAGE COMBAT A153 2
DAMAGE COMBAT B113 8
DAMAGE COMBAT B164 3
END TURN 235
TURN 236
COMMAND LEFT START
MOVE A160 133
MOVE A161 133
UPGRADE 133
TRAIN 2
COMMAND LEFT END
COMMAND RIGHT START
MOVE B20 114
TRAIN 1
COMMAND RIGHT END
TURN 236 RESULT
TIME LEFT 3 5 RIGHT 3 5
UPGRADE A 133
TRAIN A162 A163 B180
MOVE A118 103
MOVE A119 103
MOVE A120 103
MOVE A121 103
MOVE A122 103
MOVE A123 103
MOVE A124 103
MOVE A125 103
MOVE A127 103
MOVE A128 103
MOVE A129 103
MOVE A130 103
MOVE A131 103
MOVE A132 103
MOVE A133 103
MOVE A134 103
MOVE A135 103
MOVE A136 103
MOVE A137 103
MOVE A138 103
MOVE A139 103
MOVE A144 93
MOVE A160 5
MOVE A161 5
MOVE B20 148
MOVE B24 142
MOVE B160 118
MOVE B161 127
MOVE B162 122
MOVE B163 122
MOVE B165 118
MOVE B166 118
MOVE B167 118
MOVE B168 118
MOVE B169 122
MOVE B170 122
MOVE B171 133
MOVE B172 127
MOVE B173 120
MOVE B175 164
MOVE B176 164
MOVE B177 171
MOVE B178 171
MOVE B179 171
DAMAGE TURRET B114 2
DAMAGE TURRET B164 2
DAMAGE TURRET B171 2
DAMAGE COMBAT A37 1
DAMAGE COMBAT A117 1
DAMAGE COMBAT A153 5
DAMAGE COMBAT A155 7
DAMAGE COMBAT B114 2
DAMAGE COMBAT B164 1
DAMAGE COMBAT B171 1
SIEGE A 94 15
END TURN 236
TURN 237
COMMAND LEFT START
COMMAND LEFT END
COMMAND RIGHT START
MOVE B114 114
MOVE B118 114
MOVE B119 114
MOVE B120 114
MOVE B121 114
MOVE B122 114
MOVE B123 114
MOVE B128 114
MOVE B129 114
MOVE B130 114
MOVE B131 114
MOVE B132 114
MOVE B133 114
MOVE B134 114
MOVE B135 114
MOVE B136 114
MOVE B137 114
MOVE B138 114
MOVE B139 114
MOVE B140 114
MOVE B141 114
MOVE B143 114
MOVE B144 114
MOVE B145 114
MOVE B146 114
MOVE B147 114
MOVE B148 114
MOVE B149 114
MOVE B150 114
MOVE B151 114
MOVE B152 114
MOVE B153 114
MOVE B154 114
MOVE B155 114
MOVE B156 114
MOVE B157 114
MOVE B24 114
MOVE B180 114
UPGRADE 94
TRAIN 1
COMMAND RIGHT END
TURN 237 RESULT
TIME LEFT 4 5 RIGHT 1 5
UPGRADE B 94
TRAIN B181
MOVE A118 101
MOVE A119 101
MOVE A120 101
MOVE A121 101
MOVE A122 101
MOVE A123 101
MOVE A124 101
MOVE A125 101
MOVE A127 101
MOVE A128 101
MOVE A129 101
MOVE A130 101
MOVE A131 101
MOVE A132 101
MOVE A133 101
MOVE A134 101
MOVE A135 101
MOVE A136 101
MOVE A137 101
MOVE A138 101
MOVE A139 101
MOVE A144 111
MOVE A160 10
MOVE A161 10
MOVE B20 127
MOVE B24 148
MOVE B114 107
MOVE B118 107
MOVE B119 107
MOVE B120 107
MOVE B121 107
MOVE B122 107
MOVE B123 107
MOVE B128 107
MOVE B129 107
MOVE B130 107
MOVE B131 107
MOVE B132 107
MOVE B133 107
MOVE B134 107
MOVE B135 107
MOVE B136 107
MOVE B137 107
MOVE B138 107
MOVE B139 107
MOVE B140 107
MOVE B141 107
MOVE B143 107
MOVE B144 107
MOVE B145 107
MOVE B146 107
MOVE B147 107
MOVE B148 107
MOVE B149 107
MOVE B150 107
MOVE B151 107
MOVE B152 107
MOVE B153 107
MOVE B154 107
MOVE B155 107
MOVE B156 107
MOVE B157 107
MOVE B160 114
MOVE B161 122
MOVE B162 118
MOVE B163 118
MOVE B165 114
MOVE B166 114
MOVE B167 114
MOVE B168 114
MOVE B169 118
MOVE B170 118
MOVE B172 122
MOVE B173 104
MOVE B175 141
MOVE B176 141
MOVE B177 164
MOVE B178 164
MOVE B179 164
MOVE B180 183
DAMAGE TURRET B171 2
DAMAGE COMBAT A117 1
DAMAGE COMBAT B171 1
END TURN 237
TURN 238
COMMAND LEFT START
MOVE A162 74
MOVE A163 74
TRAIN 2
COMMAND LEFT END
COMMAND RIGHT START
MOVE B181 94
MOVE B168 94
MOVE B167 94
MOVE B166 94
MOVE B165 94
UPGRADE 94
COMMAND RIGHT END
TURN 238 RESULT
TIME LEFT 4 5 RIGHT 0 5
UPGRADE B 94
TRAIN A164 A165
MOVE A118 92
MOVE A119 92
MOVE A120 92
MOVE A121 92
MOVE A122 92
MOVE A123 92
MOVE A124 92
MOVE A125 92
MOVE A127 92
MOVE A128 92
MOVE A129 92
MOVE A130 92
MOVE A131 92
MOVE A132 92
MOVE A133 92
MOVE A134 92
MOVE A135 92
MOVE A136 92
MOVE A137 92
MOVE A138 92
MOVE A139 92
MOVE A144 133
MOVE A160 17
MOVE A161 17
MOVE A162 5
MOVE A163 5
MOVE B20 122
MOVE B24 127
MOVE B114 114
MOVE B118 114
MOVE B119 114
MOVE B120 114
MOVE B121 114
MOVE B122 114
MOVE B123 114
MOVE B128 114
MOVE B129 114
MOVE B130 114
MOVE B131 114
MOVE B132 114
MOVE B133 114
MOVE B134 114
MOVE B135 114
MOVE B136 114
MOVE B137 114
MOVE B138 114
MOVE B139 114
MOVE B140 114
MOVE B141 114
MOVE B143 114
MOVE B144 114
MOVE B145 114
MOVE B146 114
MOVE B147 114
MOVE B148 114
MOVE B149 114
MOVE B150 114
MOVE B151 114
MOVE B152 114
MOVE B153 114
MOVE B154 114
MOVE B155 114
MOVE B156 114
MOVE B157 114
MOVE B161 118
MOVE B162 114
MOVE B163 114
MOVE B165 107
MOVE B166 107
MOVE B167 107
MOVE B168 107
MOVE B169 114
MOVE B170 114
MOVE B172 118
MOVE B173 81
MOVE B175 130
MOVE B176 130
MOVE B177 141
MOVE B178 141
MOVE B179 141
MOVE B180 178
MOVE B181 183
DAMAGE TURRET B171 2
DAMAGE COMBAT A117 1
END TURN 238
TURN 239
COMMAND LEFT START
MOVE A164 74
MOVE A165 74
TRAIN 2
COMMAND LEFT END
COMMAND RIGHT START
MOVE B170 94
MOVE B169 94
MOVE B163 94
MOVE B162 94
MOVE B160 94
MOVE B157 94
MOVE B156 94
MOVE B155 94
MOVE B154 94
MOVE B153 94
MOVE B152 94
COMMAND RIGHT END
TURN 239 RESULT
TIME LEFT 1 5 RIGHT 1 5
TRAIN A166 A167
MOVE A118 74
MOVE A119 74
MOVE A120 74
MOVE A121 74
MOVE A122 74
MOVE A123 74
MOVE A124 74
MOVE A125 74
MOVE A127 74
MOVE A128 74
MOVE A129 74
MOVE A130 74
MOVE A131 74
MOVE A132 74
MOVE A133 74
MOVE A134 74
MOVE A135 74
MOVE A136 74
MOVE A137 74
MOVE A138 74
MOVE A139 74
MOVE A160 28
MOVE A161 28
MOVE A162 10
MOVE A163 10
MOVE A164 5
MOVE A165 5
MOVE B20 118
MOVE B24 122
MOVE B152 107
MOVE B153 107
MOVE B154 107
MOVE B155 107
MOVE B156 107
MOVE B157 107
MOVE B160 107
MOVE B161 114
MOVE B162 107
MOVE B163 107
MOVE B165 94
MOVE B166 94
MOVE B167 94
MOVE B168 94
MOVE B169 107
MOVE B170 107
MOVE B172 114
MOVE B173 70
MOVE B175 114
MOVE B176 114
MOVE B177 130
MOVE B178 130
MOVE B179 130
MOVE B180 171
MOVE B181 178
END TURN 239
TURN 240
COMMAND LEFT START
MOVE A121 76
MOVE A166 74
MOVE A167 74
MOVE A119 94
MOVE A120 94
MOVE A122 94
MOVE A123 94
MOVE A124 94
MOVE A125 94
MOVE A127 94
MOVE A128 94
MOVE A129 94
MOVE A130 94
MOVE A131 94
MOVE A132 94
MOVE A133 94
TRAIN 2
COMMAND LEFT END
COMMAND RIGHT START
MOVE B176 94
MOVE B175 94
MOVE B172 94
MOVE B161 94
MOVE B151 94
MOVE B150 94
MOVE B149 94
MOVE B148 94
MOVE B147 94
MOVE B146 94
MOVE B145 94
UPGRADE 94
COMMAND RIGHT END
TURN 240 RESULT
TIME LEFT 6 5 RIGHT 2 5
UPGRADE B 94
TRAIN A168 A169
MOVE A119 81
MOVE A120 81
MOVE A121 76
MOVE A122 81
MOVE A123 81
MOVE A124 81
MOVE A125 81
MOVE A127 81
MOVE A128 81
MOVE A129 81
MOVE A130 81
MOVE A131 81
MOVE A132 81
MOVE A133 81
MOVE A160 36
MOVE A161 36
MOVE A162 17
MOVE A163 17
MOVE A164 10
MOVE A165 10
MOVE A166 5
MOVE A167 5
MOVE B20 114
MOVE B24 118
MOVE B145 107
MOVE B146 107
MOVE B147 107
MOVE B148 107
MOVE B149 107
MOVE B150 107
MOVE B151 107
MOVE B152 94
MOVE B153 94
MOVE B154 94
MOVE B155 94
MOVE B156 94
MOVE B157 94
MOVE B160 94
MOVE B161 107
MOVE B162 94
MOVE B163 94
MOVE B169 94
MOVE B170 94
MOVE B172 107
MOVE B173 47
MOVE B175 107
MOVE B176 107
MOVE B177 114
MOVE B178 114
MOVE B179 114
MOVE B180 164
MOVE B181 171
END TURN 240
TURN 241
COMMAND LEFT START
MOVE A121 65
TRAIN 2
COMMAND LEFT END
COMMAND RIGHT START
MOVE B179 94
MOVE B178 94
MOVE B177 94
MOVE B144 94
MOVE B143 94
MOVE B141 94
MOVE B140 94
MOVE B139 94
MOVE B138 94
MOVE B137 94
MOVE B136 94
COMMAND RIGHT END
TURN 241 RESULT
TIME LEFT 6 5 RIGHT 1 5
TRAIN A170 A171
MOVE A119 94
MOVE A120 94
MOVE A121 65
MOVE A122 94
MOVE A123 94
MOVE A124 94
MOVE A125 94
MOVE A127 94
MOVE A128 94
MOVE A129 94
MOVE A130 94
MOVE A131 94
MOVE A132 94
MOVE A133 94
MOVE A160 48
MOVE A161 48
MOVE A162 24
MOVE A163 24
MOVE A164 17
MOVE A165 17
MOVE A166 10
MOVE A167 10
MOVE B24 114
MOVE B136 107
MOVE B137 107
MOVE B138 107
MOVE B139 107
MOVE B140 107
MOVE B141 107
MOVE B143 107
MOVE B144 107
MOVE B145 94
MOVE B146 94
MOVE B147 94
MOVE B148 94
MOVE B149 94
MOVE B150 94
MOVE B151 94
MOVE B161 94
MOVE B172 94
MOVE B173 28
MOVE B175 94
MOVE B176 94
MOVE B177 107
MOVE B178 107
MOVE B179 107
MOVE B180 141
MOVE B181 164
DAMAGE TURRET A119 2
DAMAGE TURRET B173 2
DAMAGE COMBAT A11 1
DAMAGE COMBAT A119 5
DAMAGE COMBAT A120 7
DAMAGE COMBAT A122 7
DAMAGE COMBAT A123 7
DAMAGE COMBAT A124 1
DAMAGE COMBAT B145 8
DAMAGE COMBAT B146 5
DAMAGE COMBAT B173 3
END TURN 241
TURN 242
COMMAND LEFT START
MOVE A121 111
COMMAND LEFT END
COMMAND RIGHT START
MOVE B135 133
COMMAND RIGHT END
TURN 242 RESULT
TIME LEFT 6 5 RIGHT 0 5
MOVE A121 78
MOVE A160 53
MOVE A161 53
MOVE A162 47
MOVE A163 47
MOVE A164 24
MOVE A165 24
MOVE A166 17
MOVE A167 17
MOVE B135 118
MOVE B136 94
MOVE B137 94
MOVE B138 94
MOVE B139 94
MOVE B140 94
MOVE B141 94
MOVE B143 94
MOVE B144 94
MOVE B177 94
MOVE B178 94
MOVE B179 94
MOVE B180 130
MOVE B181 139
DAMAGE TURRET A124 2
DAMAGE TURRET B173 2
DAMAGE COMBAT A124 4
DAMAGE COMBAT A125 7
DAMAGE COMBAT A127 7
DAMAGE COMBAT A128 7
DAMAGE COMBAT A129 7
DAMAGE COMBAT A130 5
DAMAGE COMBAT A156 1
DAMAGE COMBAT B136 6
DAMAGE COMBAT B146 3
DAMAGE COMBAT B173 1
END TURN 242
TURN 243
COMMAND LEFT START
MOVE A168 28
COMMAND LEFT END
COMMAND RIGHT START
TRAIN 3
COMMAND RIGHT END
TURN 243 RESULT
TIME LEFT 2 5 RIGHT 0 5
TRAIN B182 B183 B184
MOVE A121 93
MOVE A160 64
MOVE A161 64
MOVE A162 58
MOVE A163 58
MOVE A164 47
MOVE A165 47
MOVE A166 24
MOVE A167 24
MOVE A168 5
MOVE B135 122
MOVE B180 114
MOVE B181 122
DAMAGE TURRET A130 2
DAMAGE COMBAT A131 7
DAMAGE COMBAT A132 7
DAMAGE COMBAT A133 7
DAMAGE COMBAT B136 2
DAMAGE COMBAT B137 2
END TURN 243
TURN 244
COMMAND LEFT START
COMMAND LEFT END
COMMAND RIGHT START
MOVE B179 74
MOVE B178 74
MOVE B177 74
MOVE B176 74
MOVE B175 74
MOVE B172 74
MOVE B170 74
MOVE B169 74
MOVE B168 74
MOVE B167 74
MOVE B166 74
MOVE B165 74
MOVE B163 74
MOVE B162 74
MOVE B161 74
MOVE B160 74
MOVE B158 74
MOVE B157 74
MOVE B156 74
MOVE B155 74
MOVE B154 74
MOVE B153 74
MOVE B152 74
MOVE B151 74
MOVE B150 74
MOVE B149 74
MOVE B148 74
MOVE B147 74
MOVE B144 74
MOVE B143 74
MOVE B141 74
MOVE B140 74
MOVE B139 74
COMMAND RIGHT END
TURN 244 RESULT
TIME LEFT 2 5 RIGHT 1 5
MOVE A121 111
MOVE A160 76
MOVE A161 76
MOVE A162 74
MOVE A163 74
MOVE A164 58
MOVE A165 58
MOVE A166 47
MOVE A167 47
MOVE A168 10
MOVE B135 127
MOVE B139 81
MOVE B140 81
MOVE B141 81
MOVE B143 81
MOVE B144 81
MOVE B147 81
MOVE B148 81
MOVE B149 81
MOVE B150 81
MOVE B151 81
MOVE B152 81
MOVE B153 81
MOVE B154 81
MOVE B155 81
MOVE B156 81
MOVE B157 81
MOVE B158 81
MOVE B160 81
MOVE B161 81
MOVE B162 81
MOVE B163 81
MOVE B165 81
MOVE B166 81
MOVE B167 81
MOVE B168 81
MOVE B169 81
MOVE B170 81
MOVE B172 81
MOVE B175 81
MOVE B176 81
MOVE B177 81
MOVE B178 81
MOVE B179 81
MOVE B181 106
END TURN 244
TURN 245
COMMAND LEFT START
MOVE A121 143
UPGRADE 0
TRAIN 2
COMMAND LEFT END
COMMAND RIGHT START
MOVE B184 94
MOVE B183 94
MOVE B182 94
MOVE B180 94
MOVE B134 94
MOVE B133 94
MOVE B132 94
MOVE B131 94
MOVE B130 94
MOVE B129 94
MOVE B128 94
MOVE B123 94
MOVE B122 94
MOVE B121 94
TRAIN 2
COMMAND RIGHT END
TURN 245 RESULT
TIME LEFT 6 5 RIGHT 0 5
UPGRADE A 0
TRAIN A172 A173 B185 B186
MOVE A121 133
MOVE A160 93
MOVE A161 93
MOVE A164 74
MOVE A165 74
MOVE A166 58
MOVE A167 58
MOVE A168 17
MOVE B121 107
MOVE B122 107
MOVE B123 107
MOVE B128 107
MOVE B129 107
MOVE B130 107
MOVE B131 107
MOVE B132 107
MOVE B133 107
MOVE B134 107
MOVE B135 126
MOVE B139 74
MOVE B140 74
MOVE B141 74
MOVE B143 74
MOVE B144 74
MOVE B147 74
MOVE B148 74
MOVE B149 74
MOVE B150 74
MOVE B151 74
MOVE B152 74
MOVE B153 74
MOVE B154 74
MOVE B155 74
MOVE B156 74
MOVE B157 74
MOVE B158 74
MOVE B160 74
MOVE B161 74
MOVE B162 74
MOVE B163 74
MOVE B165 74
MOVE B166 74
MOVE B167 74
MOVE B168 74
MOVE B169 74
MOVE B170 74
MOVE B172 74
MOVE B175 74
MOVE B176 74
MOVE B177 74
MOVE B178 74
MOVE B179 74
MOVE B180 107
MOVE B181 94
MOVE B182 183
MOVE B183 183
MOVE B184 183
DAMAGE TURRET B139 2
DAMAGE COMBAT A37 4
DAMAGE COMBAT A40 7
DAMAGE COMBAT A118 7
DAMAGE COMBAT A134 7
DAMAGE COMBAT A135 7
DAMAGE COMBAT A136 1
DAMAGE COMBAT B139 6
DAMAGE COMBAT B140 8
END TURN 245
TURN 246
COMMAND LEFT START
MOVE A170 133
MOVE A171 133
MOVE A172 133
MOVE A173 133
TRAIN 3
COMMAND LEFT END
COMMAND RIGHT START
MOVE B120 94
MOVE B119 94
MOVE B118 94
MOVE B114 94
MOVE B107 94
MOVE B186 94
MOVE B185 94
TRAIN 2
COMMAND RIGHT END
TURN 246 RESULT
TIME LEFT 2 5 RIGHT 0 5
TRAIN A174 A175 A176 B187 B188
MOVE A121 143
MOVE A160 111
MOVE A161 111
MOVE A166 74
MOVE A167 74
MOVE A168 28
MOVE A170 5
MOVE A171 5
MOVE A172 5
MOVE A173 5
MOVE B107 107
MOVE B114 107
MOVE B118 107
MOVE B119 107
MOVE B120 107
MOVE B121 94
MOVE B122 94
MOVE B123 94
MOVE B128 94
MOVE B129 94
MOVE B130 94
MOVE B131 94
MOVE B132 94
MOVE B133 94
MOVE B134 94
MOVE B135 134
MOVE B180 94
MOVE B182 178
MOVE B183 178
MOVE B184 178
MOVE B185 183
MOVE B186 183
DAMAGE TURRET B141 2
DAMAGE COMBAT A136 6
DAMAGE COMBAT A137 7
DAMAGE COMBAT A138 7
DAMAGE COMBAT A139 7
DAMAGE COMBAT A140 4
DAMAGE COMBAT B141 6
DAMAGE COMBAT B143 5
END TURN 246
TURN 247
COMMAND LEFT START
MOVE A121 168
MOVE A174 133
MOVE A175 133
MOVE A176 133
TRAIN 3
COMMAND LEFT END
COMMAND RIGHT START
MOVE B181 46
MOVE B188 94
MOVE B187 94
COMMAND RIGHT END
TURN 247 RESULT
TIME LEFT 6 5 RIGHT 0 5
TRAIN A177 A178 A179
MOVE A121 151
MOVE A160 133
MOVE A161 133
MOVE A170 10
MOVE A171 10
MOVE A172 10
MOVE A173 10
MOVE A174 5
MOVE A175 5
MOVE A176 5
MOVE B107 94
MOVE B114 94
MOVE B118 94
MOVE B119 94
MOVE B120 94
MOVE B135 138
MOVE B181 73
MOVE B182 171
MOVE B183 171
MOVE B184 171
MOVE B185 178
MOVE B186 178
MOVE B187 183
MOVE B188 183
DAMAGE TURRET B143 2
DAMAGE COMBAT A140 3
DAMAGE COMBAT A162 7
DAMAGE COMBAT A163 7
DAMAGE COMBAT A164 7
DAMAGE COMBAT A165 6
DAMAGE COMBAT B143 1
DAMAGE COMBAT B144 6
END TURN 247
TURN 248
COMMAND LEFT START
MOVE A177 133
MOVE A178 133
MOVE A179 133
TRAIN 3
COMMAND LEFT END
COMMAND RIGHT START
TRAIN 1
COMMAND RIGHT END
TURN 248 RESULT
TIME LEFT 2 5 RIGHT 0 5
TRAIN A180 A181 A182 B189
MOVE A121 168
MOVE A170 17
MOVE A171 17
MOVE A172 17
MOVE A173 17
MOVE A174 10
MOVE A175 10
MOVE A176 10
MOVE A177 5
MOVE A178 5
MOVE A179 5
MOVE B135 133
MOVE B181 68
MOVE B182 164
MOVE B183 164
MOVE B184 164
MOVE B185 171
MOVE B186 171
MOVE B187 178
MOVE B188 178
DAMAGE TURRET B135 2
DAMAGE TURRET B144 2
DAMAGE COMBAT A117 1
DAMAGE COMBAT A165 1
DAMAGE COMBAT A166 7
DAMAGE COMBAT A167 7
DAMAGE COMBAT B135 4
DAMAGE COMBAT B147 3
SIEGE A 74 14
END TURN 248
TURN 249
COMMAND LEFT START
MOVE A121 133
MOVE A180 46
MOVE A181 46
MOVE A182 46
MOVE A161 28
TRAIN 3
COMMAND LEFT END
COMMAND RIGHT START
MOVE B180 28
MOVE B189 94
TRAIN 2
COMMAND RIGHT END
TURN 249 RESULT
TIME LEFT 2 5 RIGHT 0 5
TRAIN A183 A184 A185 B190 B191
MOVE A121 151
MOVE A170 28
MOVE A171 28
MOVE A172 28
MOVE A173 28
MOVE A174 17
MOVE A175 17
MOVE A176 17
MOVE A177 10
MOVE A178 10
MOVE A179 10
MOVE A180 6
MOVE A181 6
MOVE A182 6
MOVE B180 82
MOVE B181 62
MOVE B182 139
MOVE B183 139
MOVE B184 139
MOVE B185 164
MOVE B186 164
MOVE B187 171
MOVE B188 171
MOVE B189 183
DAMAGE TURRET B135 2
DAMAGE TURRET B147 2
DAMAGE COMBAT A117 1
SIEGE A 74 3
END TURN 249
TURN 250
COMMAND LEFT START
MOVE A183 46
MOVE A184 46
MOVE A185 46
TRAIN 3
COMMAND LEFT END
COMMAND RIGHT START
MOVE B147 94
MOVE B148 94
MOVE B149 94
MOVE B150 94
MOVE B151 94
MOVE B152 94
MOVE B153 94
MOVE B154 94
MOVE B155 94
MOVE B156 94
MOVE B157 94
MOVE B158 94
MOVE B160 94
MOVE B161 94
MOVE B162 94
MOVE B163 94
MOVE B165 94
MOVE B166 94
MOVE B167 94
MOVE B168 94
MOVE B169 94
MOVE B170 94
MOVE B172 94
MOVE B175 94
MOVE B176 94
MOVE B177 94
MOVE B178 94
MOVE B191 94
MOVE B190 94
UPGRADE 74
TRAIN 2
COMMAND RIGHT END
TURN 250 RESULT
TIME LEFT 2 5 RIGHT 0 5
UPGRADE B 74
TRAIN A186 A187 A188 B192 B193
MOVE A121 138
MOVE A161 111
MOVE A170 36
MOVE A171 36
MOVE A172 36
MOVE A173 36
MOVE A174 28
MOVE A175 28
MOVE A176 28
MOVE A177 17
MOVE A178 17
MOVE A179 17
MOVE A180 15
MOVE A181 15
MOVE A182 15
MOVE A183 6
MOVE A184 6
MOVE A185 6
MOVE B147 81
MOVE B148 81
MOVE B149 81
MOVE B150 81
MOVE B151 81
MOVE B152 81
MOVE B153 81
MOVE B154 81
MOVE B155 81
MOVE B156 81
MOVE B157 81
MOVE B158 81
MOVE B160 81
MOVE B161 81
MOVE B162 81
MOVE B163 81
MOVE B165 81
MOVE B166 81
MOVE B167 81
MOVE B168 81
MOVE B169 81
MOVE B170 81
MOVE B172 81
MOVE B175 81
MOVE B176 81
MOVE B177 81
MOVE B178 81
MOVE B180 66
MOVE B181 46
MOVE B182 122
MOVE B183 122
MOVE B184 122
MOVE B185 139
MOVE B186 139
MOVE B187 164
MOVE B188 164
MOVE B189 178
MOVE B190 183
MOVE B191 183
DAMAGE TURRET B181 2
DAMAGE COMBAT A39 1
DAMAGE COMBAT B181 3
END TURN 250
TURN 251
COMMAND LEFT START
TRAIN 3
COMMAND LEFT END
COMMAND RIGHT START
MOVE B193 94
MOVE B192 94
UPGRADE 74
COMMAND RIGHT END
TURN 251 RESULT
TIME LEFT 1 5 RIGHT 0 5
UPGRADE B 74
TRAIN A189 A190 A191
MOVE A121 133
MOVE A161 93
MOVE A170 48
MOVE A171 48
MOVE A172 48
MOVE A173 48
MOVE A174 36
MOVE A175 36
MOVE A176 36
MOVE A177 28
MOVE A178 28
MOVE A179 28
MOVE A180 32
MOVE A181 32
MOVE A182 32
MOVE A183 15
MOVE A184 15
MOVE A185 15
MOVE B147 94
MOVE B148 94
MOVE B149 94
MOVE B150 94
MOVE B151 94
MOVE B152 94
MOVE B153 94
MOVE B154 94
MOVE B155 94
MOVE B156 94
MOVE B157 94
MOVE B158 94
MOVE B160 94
MOVE B161 94
MOVE B162 94
MOVE B163 94
MOVE B165 94
MOVE B166 94
MOVE B167 94
MOVE B168 94
MOVE B169 94
MOVE B170 94
MOVE B172 94
MOVE B175 94
MOVE B176 94
MOVE B177 94
MOVE B178 94
MOVE B180 47
MOVE B182 106
MOVE B183 106
MOVE B184 106
MOVE B185 122
MOVE B186 122
MOVE B187 139
MOVE B188 139
MOVE B189 171
MOVE B190 178
MOVE B191 178
MOVE B192 183
MOVE B193 183
DAMAGE TURRET B181 2
DAMAGE COMBAT A39 1
DAMAGE COMBAT B181 1
END TURN 251
TURN 252
COMMAND LEFT START
MOVE A186 28
MOVE A187 28
MOVE A188 28
MOVE A189 28
MOVE A190 28
MOVE A191 46
TRAIN 3
COMMAND LEFT END
COMMAND RIGHT START
MOVE B107 74
MOVE B178 0
MOVE B177 0
MOVE B176 0
MOVE B175 0
MOVE B172 0
MOVE B170 0
MOVE B169 0
MOVE B168 0
MOVE B167 0
MOVE B166 0
MOVE B165 0
MOVE B163 0
MOVE B162 0
MOVE B161 0
MOVE B160 0
MOVE B158 0
MOVE B157 0
MOVE B156 0
MOVE B155 0
MOVE B154 0
MOVE B153 0
MOVE B152 0
MOVE B151 0
MOVE B150 0
MOVE B149 0
MOVE B148 0
MOVE B147 0
MOVE B138 0
MOVE B137 0
MOVE B134 0
MOVE B133 0
MOVE B132 0
MOVE B131 0
MOVE B130 0
MOVE B129 0
MOVE B128 0
MOVE B123 0
MOVE B122 0
MOVE B121 0
MOVE B120 0
MOVE B119 0
COMMAND RIGHT END
TURN 252 RESULT
TIME LEFT 1 5 RIGHT 1 5
TRAIN A192 A193 A194
MOVE A161 76
MOVE A170 53
MOVE A171 53
MOVE A172 53
MOVE A173 53
MOVE A174 48
MOVE A175 48
MOVE A176 48
MOVE A177 36
MOVE A178 36
MOVE A179 36
MOVE A180 46
MOVE A181 46
MOVE A182 46
MOVE A183 32
MOVE A184 32
MOVE A185 32
MOVE A186 5
MOVE A187 5
MOVE A188 5
MOVE A189 5
MOVE A190 5
MOVE A191 6
MOVE B107 81
MOVE B119 82
MOVE B120 82
MOVE B121 82
MOVE B122 82
MOVE B123 82
MOVE B128 82
MOVE B129 82
MOVE B130 82
MOVE B131 82
MOVE B132 82
MOVE B133 82
MOVE B134 82
MOVE B137 82
MOVE B138 82
MOVE B147 82
MOVE B148 82
MOVE B149 82
MOVE B150 82
MOVE B151 82
MOVE B152 82
MOVE B153 82
MOVE B154 82
MOVE B155 82
MOVE B156 82
MOVE B157 82
MOVE B158 82
MOVE B160 82
MOVE B161 82
MOVE B162 82
MOVE B163 82
MOVE B165 82
MOVE B166 82
MOVE B167 82
MOVE B168 82
MOVE B169 82
MOVE B170 82
MOVE B172 82
MOVE B175 82
MOVE B176 82
MOVE B177 82
MOVE B178 82
MOVE B180 28
MOVE B182 94
MOVE B183 94
MOVE B184 94
MOVE B185 106
MOVE B186 106
MOVE B187 122
MOVE B188 122
MOVE B189 164
MOVE B190 171
MOVE B191 171
MOVE B192 178
MOVE B193 178
DAMAGE TURRET B180 2
DAMAGE COMBAT A156 1
DAMAGE COMBAT B180 3
END TURN 252
TURN 253
COMMAND LEFT START
MOVE A181 77
MOVE A192 46
MOVE A193 46
MOVE A194 46
TRAIN 3
COMMAND LEFT END
COMMAND RIGHT START
COMMAND RIGHT END
TURN 253 RESULT
TIME LEFT 5 5 RIGHT 0 5
TRAIN A195 A196 A197
MOVE A161 64
MOVE A170 64
MOVE A171 64
MOVE A172 64
MOVE A173 64
MOVE A174 53
MOVE A175 53
MOVE A176 53
MOVE A177 48
MOVE A178 48
MOVE A179 48
MOVE A181 54
MOVE A183 46
MOVE A184 46
MOVE A185 46
MOVE A186 10
MOVE A187 10
MOVE A188 10
MOVE A189 10
MOVE A190 10
MOVE A191 15
MOVE A192 6
MOVE A193 6
MOVE A194 6
MOVE B107 74
MOVE B119 66
MOVE B120 66
MOVE B121 66
MOVE B122 66
MOVE B123 66
MOVE B128 66
MOVE B129 66
MOVE B130 66
MOVE B131 66
MOVE B132 66
MOVE B133 66
MOVE B134 66
MOVE B137 66
MOVE B138 66
MOVE B147 66
MOVE B148 66
MOVE B149 66
MOVE B150 66
MOVE B151 66
MOVE B152 66
MOVE B153 66
MOVE B154 66
MOVE B155 66
MOVE B156 66
MOVE B157 66
MOVE B158 66
MOVE B160 66
MOVE B161 66
MOVE B162 66
MOVE B163 66
MOVE B165 66
MOVE B166 66
MOVE B167 66
MOVE B168 66
MOVE B169 66
MOVE B170 66
MOVE B172 66
MOVE B175 66
MOVE B176 66
MOVE B177 66
MOVE B178 66
MOVE B185 94
MOVE B186 94
MOVE B187 106
MOVE B188 106
MOVE B189 139
MOVE B190 164
MOVE B191 164
MOVE B192 171
MOVE B193 171
DAMAGE TURRET B180 2
DAMAGE COMBAT A156 1
DAMAGE COMBAT B180 1
END TURN 253
TURN 254
COMMAND LEFT START
TRAIN 2
COMMAND LEFT END
COMMAND RIGHT START
MOVE B114 74
MOVE B118 74
MOVE B182 74
MOVE B183 74
MOVE B184 74
UPGRADE 74
COMMAND RIGHT END
TURN 254 RESULT
TIME LEFT 2 5 RIGHT 0 5
UPGRADE B 74
TRAIN A198 A199
MOVE A161 53
MOVE A170 76
MOVE A171 76
MOVE A172 76
MOVE A173 76
MOVE A174 64
MOVE A175 64
MOVE A176 64
MOVE A177 53
MOVE A178 53
MOVE A179 53
MOVE A181 50
MOVE A186 17
MOVE A187 17
MOVE A188 17
MOVE A189 17
MOVE A190 17
MOVE A191 32
MOVE A192 15
MOVE A193 15
MOVE A194 15
MOVE B114 81
MOVE B118 81
MOVE B119 49
MOVE B120 49
MOVE B121 49
MOVE B122 49
MOVE B123 49
MOVE B128 49
MOVE B129 49
MOVE B130 49
MOVE B131 49
MOVE B132 49
MOVE B133 49
MOVE B134 49
MOVE B137 49
MOVE B138 49
MOVE B147 49
MOVE B148 49
MOVE B149 49
MOVE B150 49
MOVE B151 49
MOVE B152 49
MOVE B153 49
MOVE B154 49
MOVE B155 49
MOVE B156 49
MOVE B157 49
MOVE B158 49
MOVE B160 49
MOVE B161 49
MOVE B162 49
MOVE B163 49
MOVE B165 49
MOVE B166 49
MOVE B167 49
MOVE B168 49
MOVE B169 49
MOVE B170 49
MOVE B172 49
MOVE B175 49
MOVE B176 49
MOVE B177 49
MOVE B178 49
MOVE B182 81
MOVE B183 81
MOVE B184 81
MOVE B187 94
MOVE B188 94
MOVE B189 122
MOVE B190 139
MOVE B191 139
MOVE B192 164
MOVE B193 164
END TURN 254
TURN 255
COMMAND LEFT START
MOVE A180 0
MOVE A182 0
MOVE A183 0
MOVE A184 0
MOVE A185 0
TRAIN 3
COMMAND LEFT END
COMMAND RIGHT START
COMMAND RIGHT END
TURN 255 RESULT
TIME LEFT 3 5 RIGHT 0 5
TRAIN A200 A201 A202
MOVE A161 48
MOVE A170 93
MOVE A171 93
MOVE A172 93
MOVE A173 93
MOVE A174 76
MOVE A175 76
MOVE A176 76
MOVE A177 64
MOVE A178 64
MOVE A179 64
MOVE A180 32
MOVE A181 77
MOVE A182 32
MOVE A183 32
MOVE A184 32
MOVE A185 32
MOVE A186 28
MOVE A187 28
MOVE A188 28
MOVE A189 28
MOVE A190 28
MOVE A191 46
MOVE A192 32
MOVE A193 32
MOVE A194 32
MOVE B114 74
MOVE B118 74
MOVE B119 24
MOVE B120 24
MOVE B121 24
MOVE B122 24
MOVE B123 24
MOVE B128 24
MOVE B129 24
MOVE B130 24
MOVE B131 24
MOVE B132 24
MOVE B133 24
MOVE B134 24
MOVE B137 24
MOVE B138 24
MOVE B147 24
MOVE B148 24
MOVE B149 24
MOVE B150 24
MOVE B151 24
MOVE B152 24
MOVE B153 24
MOVE B154 24
MOVE B155 24
MOVE B156 24
MOVE B157 24
MOVE B158 24
MOVE B160 24
MOVE B161 24
MOVE B162 24
MOVE B163 24
MOVE B165 24
MOVE B166 24
MOVE B167 24
MOVE B168 24
MOVE B169 24
MOVE B170 24
MOVE B172 24
MOVE B175 24
MOVE B176 24
MOVE B177 24
MOVE B178 24
MOVE B182 74
MOVE B183 74
MOVE B184 74
MOVE B189 106
MOVE B190 122
MOVE B191 122
MOVE B192 139
MOVE B193 139
END TURN 255
TURN 256
COMMAND LEFT START
MOVE A186 0
MOVE A187 0
MOVE A188 0
MOVE A189 0
MOVE A190 0
MOVE A191 0
MOVE A181 0
TRAIN 3
COMMAND LEFT END
COMMAND RIGHT START
MOVE B184 133
MOVE B183 94
MOVE B182 94
MOVE B179 94
COMMAND RIGHT END
TURN 256 RESULT
TIME LEFT 7 5 RIGHT 0 5
TRAIN A203 A204 A205
MOVE A161 36
MOVE A170 111
MOVE A171 111
MOVE A172 111
MOVE A173 111
MOVE A174 93
MOVE A175 93
MOVE A176 93
MOVE A177 76
MOVE A178 76
MOVE A179 76
MOVE A180 15
MOVE A181 50
MOVE A182 15
MOVE A183 15
MOVE A184 15
MOVE A185 15
MOVE A186 17
MOVE A187 17
MOVE A188 17
MOVE A189 17
MOVE A190 17
MOVE A191 32
MOVE A192 46
MOVE A193 46
MOVE A194 46
MOVE B119 17
MOVE B120 17
MOVE B121 17
MOVE B122 17
MOVE B123 17
MOVE B128 17
MOVE B129 17
MOVE B130 17
MOVE B131 17
MOVE B132 17
MOVE B133 17
MOVE B134 17
MOVE B137 17
MOVE B138 17
MOVE B147 17
MOVE B148 17
MOVE B149 17
MOVE B150 17
MOVE B151 17
MOVE B152 17
MOVE B153 17
MOVE B154 17
MOVE B155 17
MOVE B156 17
MOVE B157 17
MOVE B158 17
MOVE B160 17
MOVE B161 17
MOVE B162 17
MOVE B163 17
MOVE B165 17
MOVE B166 17
MOVE B167 17
MOVE B168 17
MOVE B169 17
MOVE B170 17
MOVE B172 17
MOVE B175 17
MOVE B176 17
MOVE B177 17
MOVE B178 17
MOVE B179 81
MOVE B182 81
MOVE B183 81
MOVE B184 92
MOVE B189 94
MOVE B190 106
MOVE B191 106
MOVE B192 122
MOVE B193 122
DAMAGE COMBAT A186 8
DAMAGE COMBAT A187 8
DAMAGE COMBAT A188 8
DAMAGE COMBAT A189 8
DAMAGE COMBAT A190 8
DAMAGE COMBAT B137 2
DAMAGE COMBAT B147 3
END TURN 256
TURN 257
COMMAND LEFT START
MOVE A192 0
MOVE A193 0
MOVE A194 0
TRAIN 2
COMMAND LEFT END
COMMAND RIGHT START
TRAIN 3
COMMAND RIGHT END
TURN 257 RESULT
TIME LEFT 7 5 RIGHT 0 5
TRAIN A206 A207 B194 B195 B196
MOVE A161 28
MOVE A170 133
MOVE A171 133
MOVE A172 133
MOVE A173 133
MOVE A174 111
MOVE A175 111
MOVE A176 111
MOVE A177 93
MOVE A178 93
MOVE A179 93
MOVE A180 6
MOVE A181 37
MOVE A182 6
MOVE A183 6
MOVE A184 6
MOVE A185 6
MOVE A191 15
MOVE A192 32
MOVE A193 32
MOVE A194 32
MOVE B119 10
MOVE B120 10
MOVE B121 10
MOVE B122 10
MOVE B123 10
MOVE B128 10
MOVE B129 10
MOVE B130 10
MOVE B131 10
MOVE B132 10
MOVE B133 10
MOVE B134 10
MOVE B137 10
MOVE B138 10
MOVE B148 10
MOVE B149 10
MOVE B150 10
MOVE B151 10
MOVE B152 10
MOVE B153 10
MOVE B154 10
MOVE B155 10
MOVE B156 10
MOVE B157 10
MOVE B158 10
MOVE B160 10
MOVE B161 10
MOVE B162 10
MOVE B163 10
MOVE B165 10
MOVE B166 10
MOVE B167 10
MOVE B168 10
MOVE B169 10
MOVE B170 10
MOVE B172 10
MOVE B175 10
MOVE B176 10
MOVE B177 10
MOVE B178 10
MOVE B179 94
MOVE B182 94
MOVE B183 94
MOVE B184 101
MOVE B190 94
MOVE B191 94
MOVE B192 106
MOVE B193 106
END TURN 257
TURN 258
COMMAND LEFT START
MOVE A168 0
MOVE A170 0
MOVE A171 0
MOVE A172 0
MOVE A173 0
MOVE A197 9
TRAIN 3
COMMAND LEFT END
COMMAND RIGHT START
MOVE B196 94
MOVE B195 94
MOVE B194 94
TRAIN 3
COMMAND RIGHT END
TURN 258 RESULT
TIME LEFT 7 5 RIGHT 0 5
TRAIN A208 A209 A210 B197 B198 B199
MOVE A168 17
MOVE A170 111
MOVE A171 111
MOVE A172 111
MOVE A173 111
MOVE A174 133
MOVE A175 133
MOVE A176 133
MOVE A177 111
MOVE A178 111
MOVE A179 111
MOVE A180 0
MOVE A181 20
MOVE A182 0
MOVE A183 0
MOVE A184 0
MOVE A185 0
MOVE A191 6
MOVE A192 15
MOVE A193 15
MOVE A194 15
MOVE A197 3
MOVE B119 5
MOVE B120 5
MOVE B121 5
MOVE B122 5
MOVE B123 5
MOVE B128 5
MOVE B129 5
MOVE B130 5
MOVE B131 5
MOVE B132 5
MOVE B133 5
MOVE B134 5
MOVE B137 5
MOVE B138 5
MOVE B148 5
MOVE B149 5
MOVE B150 5
MOVE B151 5
MOVE B152 5
MOVE B153 5
MOVE B154 5
MOVE B155 5
MOVE B156 5
MOVE B157 5
MOVE B158 5
MOVE B160 5
MOVE B161 5
MOVE B162 5
MOVE B163 5
MOVE B165 5
MOVE B166 5
MOVE B167 5
MOVE B168 5
MOVE B169 5
MOVE B170 5
MOVE B172 5
MOVE B175 5
MOVE B176 5
MOVE B177 5
MOVE B178 5
MOVE B184 103
MOVE B192 94
MOVE B193 94
MOVE B194 183
MOVE B195 183
MOVE B196 183
END TURN 258
TURN 259
COMMAND LEFT START
MOVE A174 0
MOVE A175 0
MOVE A176 0
TRAIN 2
COMMAND LEFT END
COMMAND RIGHT START
MOVE B199 94
MOVE B198 94
MOVE B197 94
TRAIN 3
COMMAND RIGHT END
TURN 259 RESULT
TIME LEFT 3 5 RIGHT 0 5
TRAIN A211 A212 B200 B201 B202
MOVE A168 10
MOVE A170 93
MOVE A171 93
MOVE A172 93
MOVE A173 93
MOVE A174 111
MOVE A175 111
MOVE A176 111
MOVE A177 133
MOVE A178 133
MOVE A179 133
MOVE A181 15
MOVE A191 0
MOVE A192 6
MOVE A193 6
MOVE A194 6
MOVE A197 4
MOVE B119 0
MOVE B120 0
MOVE B121 0
MOVE B122 0
MOVE B123 0
MOVE B128 0
MOVE B129 0
MOVE B130 0
MOVE B131 0
MOVE B132 0
MOVE B133 0
MOVE B134 0
MOVE B137 0
MOVE B138 0
MOVE B148 0
MOVE B149 0
MOVE B150 0
MOVE B151 0
MOVE B152 0
MOVE B153 0
MOVE B154 0
MOVE B155 0
MOVE B156 0
MOVE B157 0
MOVE B158 0
MOVE B160 0
MOVE B161 0
MOVE B162 0
MOVE B163 0
MOVE B165 0
MOVE B166 0
MOVE B167 0
MOVE B168 0
MOVE B169 0
MOVE B170 0
MOVE B172 0
MOVE B175 0
MOVE B176 0
MOVE B177 0
MOVE B178 0
MOVE B184 117
MOVE B194 178
MOVE B195 178
MOVE B196 178
MOVE B197 183
MOVE B198 183
MOVE B199 183
DAMAGE TURRET B137 3
DAMAGE COMBAT A1 4
DAMAGE COMBAT A9 4
DAMAGE COMBAT A10 4
DAMAGE COMBAT A38 7
DAMAGE COMBAT A169 7
DAMAGE COMBAT A180 8
DAMAGE COMBAT A182 6
DAMAGE COMBAT B119 8
DAMAGE COMBAT B120 8
DAMAGE COMBAT B121 8
DAMAGE COMBAT B122 3
DAMAGE COMBAT B137 1
END TURN 259
TURN 260
COMMAND LEFT START
MOVE A177 0
MOVE A178 0
MOVE A179 0
TRAIN 3
COMMAND LEFT END
COMMAND RIGHT START
MOVE B202 94
MOVE B201 94
MOVE B200 94
MOVE B193 46
COMMAND RIGHT END
TURN 260 RESULT
TIME LEFT 2 5 RIGHT 0 5
TRAIN A213 A214 A215
MOVE A168 5
MOVE A170 76
MOVE A171 76
MOVE A172 76
MOVE A173 76
MOVE A174 93
MOVE A175 93
MOVE A176 93
MOVE A177 111
MOVE A178 111
MOVE A179 111
MOVE A181 6
MOVE A192 0
MOVE A193 0
MOVE A194 0
MOVE A197 9
MOVE B184 138
MOVE B193 73
MOVE B194 171
MOVE B195 171
MOVE B196 171
MOVE B197 178
MOVE B198 178
MOVE B199 178
MOVE B200 183
MOVE B201 183
MOVE B202 183
DAMAGE TURRET B122 3
DAMAGE COMBAT A182 2
DAMAGE COMBAT A183 8
DAMAGE COMBAT A184 8
DAMAGE COMBAT A185 8
DAMAGE COMBAT A191 8
DAMAGE COMBAT A192 2
DAMAGE COMBAT B122 2
DAMAGE COMBAT B123 8
DAMAGE COMBAT B128 8
DAMAGE COMBAT B129 8
DAMAGE COMBAT B130 2
END TURN 260
TURN 261
COMMAND LEFT START
MOVE A197 11
TRAIN 2
COMMAND LEFT END
COMMAND RIGHT START
TRAIN 1
COMMAND RIGHT END
TURN 261 RESULT
TIME LEFT 10 5 RIGHT 0 5
TRAIN A216 A217 B203
MOVE A168 0
MOVE A170 64
MOVE A171 64
MOVE A172 64
MOVE A173 64
MOVE A174 76
MOVE A175 76
MOVE A176 76
MOVE A177 93
MOVE A178 93
MOVE A179 93
MOVE A181 0
MOVE A197 13
MOVE B184 133
MOVE B193 68
MOVE B194 164
MOVE B195 164
MOVE B196 164
MOVE B197 171
MOVE B198 171
MOVE B199 171
MOVE B200 178
MOVE B201 178
MOVE B202 178
DAMAGE TURRET B130 3
DAMAGE TURRET B184 2
DAMAGE COMBAT A144 1
DAMAGE COMBAT A168 7
DAMAGE COMBAT A181 8
DAMAGE COMBAT A192 6
DAMAGE COMBAT A193 8
DAMAGE COMBAT A194 3
DAMAGE COMBAT B130 3
DAMAGE COMBAT B131 8
DAMAGE COMBAT B132 8
DAMAGE COMBAT B133 8
DAMAGE COMBAT B184 3
END TURN 261
TURN 262
COMMAND LEFT START
TRAIN 3
COMMAND LEFT END
COMMAND RIGHT START
MOVE B179 74
MOVE B182 74
MOVE B183 74
MOVE B185 74
MOVE B203 94
MOVE B192 28
TRAIN 3
COMMAND RIGHT END
TURN 262 RESULT
TIME LEFT 1 5 RIGHT 0 5
TRAIN A218 A219 A220 B204 B205 B206
MOVE A170 53
MOVE A171 53
MOVE A172 53
MOVE A173 53
MOVE A174 64
MOVE A175 64
MOVE A176 64
MOVE A177 76
MOVE A178 76
MOVE A179 76
MOVE A197 11
MOVE B179 81
MOVE B182 81
MOVE B183 81
MOVE B185 81
MOVE B192 82
MOVE B193 62
MOVE B194 139
MOVE B195 139
MOVE B196 139
MOVE B197 164
MOVE B198 164
MOVE B199 164
MOVE B200 171
MOVE B201 171
MOVE B202 171
MOVE B203 183
DAMAGE TURRET B134 3
DAMAGE TURRET B184 2
DAMAGE COMBAT A144 1
DAMAGE COMBAT A194 5
DAMAGE COMBAT A195 8
DAMAGE COMBAT A196 8
DAMAGE COMBAT A198 7
DAMAGE COMBAT B134 5
DAMAGE COMBAT B138 8
DAMAGE COMBAT B148 8
DAMAGE COMBAT B149 5
DAMAGE COMBAT B184 1
END TURN 262
TURN 263
COMMAND LEFT START
MOVE A197 22
TRAIN 3
COMMAND LEFT END
COMMAND RIGHT START
MOVE B206 94
MOVE B205 94
MOVE B204 94
TRAIN 3
COMMAND RIGHT END
TURN 263 RESULT
TIME LEFT 6 5 RIGHT 0 5
TRAIN A221 A222 A223 B207 B208 B209
MOVE A170 48
MOVE A171 48
MOVE A172 48
MOVE A173 48
MOVE A174 53
MOVE A175 53
MOVE A176 53
MOVE A177 64
MOVE A178 64
MOVE A179 64
MOVE A197 22
MOVE B179 74
MOVE B182 74
MOVE B183 74
MOVE B185 74
MOVE B192 66
MOVE B193 46
MOVE B194 122
MOVE B195 122
MOVE B196 122
MOVE B197 139
MOVE B198 139
MOVE B199 139
MOVE B200 164
MOVE B201 164
MOVE B202 164
MOVE B203 178
MOVE B204 183
MOVE B205 183
MOVE B206 183
DAMAGE TURRET B149 3
DAMAGE TURRET B193 2
DAMAGE COMBAT A39 1
DAMAGE COMBAT A198 1
DAMAGE COMBAT A199 8
DAMAGE COMBAT A200 8
DAMAGE COMBAT A201 8
DAMAGE COMBAT B150 8
DAMAGE COMBAT B151 8
DAMAGE COMBAT B152 8
DAMAGE COMBAT B153 2
DAMAGE COMBAT B193 3
END TURN 263
TURN 264
COMMAND LEFT START
MOVE A197 39
MOVE A207 28
MOVE A208 28
MOVE A209 28
MOVE A210 28
MOVE A211 28
MOVE A212 28
MOVE A213 28
MOVE A214 28
MOVE A215 28
MOVE A216 28
MOVE A217 28
MOVE A218 28
MOVE A219 28
MOVE A220 28
MOVE A221 28
MOVE A222 28
MOVE A223 28
TRAIN 2
COMMAND LEFT END
COMMAND RIGHT START
MOVE B209 94
MOVE B208 94
MOVE B207 94
MOVE B185 133
MOVE B183 94
MOVE B182 94
MOVE B179 94
TRAIN 2
COMMAND RIGHT END
TURN 264 RESULT
TIME LEFT 6 5 RIGHT 0 5
TRAIN A224 A225 B210 B211
MOVE A170 36
MOVE A171 36
MOVE A172 36
MOVE A173 36
MOVE A174 48
MOVE A175 48
MOVE A176 48
MOVE A177 53
MOVE A178 53
MOVE A179 53
MOVE A197 39
MOVE B179 81
MOVE B182 81
MOVE B183 81
MOVE B185 92
MOVE B192 47
MOVE B194 106
MOVE B195 106
MOVE B196 106
MOVE B197 122
MOVE B198 122
MOVE B199 122
MOVE B200 139
MOVE B201 139
MOVE B202 139
MOVE B203 171
MOVE B204 178
MOVE B205 178
MOVE B206 178
MOVE B207 183
MOVE B208 183
MOVE B209 183
DAMAGE TURRET B153 3
DAMAGE TURRET B193 2
DAMAGE COMBAT A39 1
DAMAGE COMBAT A202 8
DAMAGE COMBAT A203 8
DAMAGE COMBAT A204 5
DAMAGE COMBAT B153 3
DAMAGE COMBAT B154 8
DAMAGE COMBAT B155 8
DAMAGE COMBAT B156 5
DAMAGE COMBAT B193 1
END TURN 264
TURN 265
COMMAND LEFT START
MOVE A197 0
TRAIN 3
COMMAND LEFT END
COMMAND RIGHT START
MOVE B211 94
MOVE B210 94
TRAIN 3
COMMAND RIGHT END
TURN 265 RESULT
TIME LEFT 1 5 RIGHT 0 5
TRAIN A226 A227 A228 B212 B213 B214
MOVE A170 28
MOVE A171 28
MOVE A172 28
MOVE A173 28
MOVE A174 36
MOVE A175 36
MOVE A176 36
MOVE A177 48
MOVE A178 48
MOVE A179 48
MOVE A197 22
MOVE B179 94
MOVE B182 94
MOVE B183 94
MOVE B185 101
MOVE B192 28
MOVE B194 94
MOVE B195 94
MOVE B196 94
MOVE B197 106
MOVE B198 106
MOVE B199 106
MOVE B200 122
MOVE B201 122
MOVE B202 122
MOVE B203 164
MOVE B204 171
MOVE B205 171
MOVE B206 171
MOVE B207 178
MOVE B208 178
MOVE B209 178
MOVE B210 183
MOVE B211 183
DAMAGE TURRET B156 3
DAMAGE TURRET B192 2
DAMAGE COMBAT A156 1
DAMAGE COMBAT A204 3
DAMAGE COMBAT A205 8
DAMAGE COMBAT A206 7
DAMAGE COMBAT B157 8
DAMAGE COMBAT B158 8
DAMAGE COMBAT B160 8
DAMAGE COMBAT B161 1
DAMAGE COMBAT B192 6
END TURN 265
TURN 266
COMMAND LEFT START
TRAIN 2
COMMAND LEFT END
COMMAND RIGHT START
MOVE B196 4
MOVE B195 4
MOVE B194 4
MOVE B191 4
MOVE B190 4
MOVE B189 4
MOVE B188 4
MOVE B187 4
MOVE B186 4
MOVE B183 4
COMMAND RIGHT END
TURN 266 RESULT
TIME LEFT 1 5 RIGHT 0 5
TRAIN A229 A230
MOVE A170 17
MOVE A171 17
MOVE A172 17
MOVE A173 17
MOVE A174 28
MOVE A175 28
MOVE A176 28
MOVE A177 36
MOVE A178 36
MOVE A179 36
MOVE A197 11
MOVE B183 82
MOVE B185 103
MOVE B186 82
MOVE B187 82
MOVE B188 82
MOVE B189 82
MOVE B190 82
MOVE B191 82
MOVE B194 82
MOVE B195 82
MOVE B196 82
MOVE B197 94
MOVE B198 94
MOVE B199 94
MOVE B200 106
MOVE B201 106
MOVE B202 106
MOVE B203 139
MOVE B204 164
MOVE B205 164
MOVE B206 164
MOVE B207 171
MOVE B208 171
MOVE B209 171
MOVE B210 178
MOVE B211 178
DAMAGE TURRET B161 3
DAMAGE COMBAT A206 1
DAMAGE COMBAT A207 8
DAMAGE COMBAT A208 5
DAMAGE COMBAT B161 4
DAMAGE COMBAT B162 8
DAMAGE COMBAT B163 8
DAMAGE COMBAT B165 5
END TURN 266
TURN 267
COMMAND LEFT START
TRAIN 3
COMMAND LEFT END
COMMAND RIGHT START
MOVE B214 94
MOVE B213 94
MOVE B212 94
TRAIN 3
COMMAND RIGHT END
TURN 267 RESULT
TIME LEFT 1 5 RIGHT 0 5
TRAIN A231 A232 A233 B215 B216 B217
MOVE A170 10
MOVE A171 10
MOVE A172 10
MOVE A173 10
MOVE A174 17
MOVE A175 17
MOVE A176 17
MOVE A177 28
MOVE A178 28
MOVE A179 28
MOVE A197 1
MOVE B183 66
MOVE B185 117
MOVE B186 66
MOVE B187 66
MOVE B188 66
MOVE B189 66
MOVE B190 66
MOVE B191 66
MOVE B194 66
MOVE B195 66
MOVE B196 66
MOVE B200 94
MOVE B201 94
MOVE B202 94
MOVE B203 122
MOVE B204 139
MOVE B205 139
MOVE B206 139
MOVE B207 164
MOVE B208 164
MOVE B209 164
MOVE B210 171
MOVE B211 171
MOVE B212 183
MOVE B213 183
MOVE B214 183
DAMAGE TURRET B165 3
DAMAGE COMBAT A208 3
DAMAGE COMBAT A209 8
DAMAGE COMBAT B166 8
DAMAGE COMBAT B167 8
DAMAGE COMBAT B168 8
DAMAGE COMBAT B169 2
END TURN 267
TURN 268
COMMAND LEFT START
MOVE A229 9
MOVE A230 28
MOVE A231 28
MOVE A232 28
MOVE A233 28
TRAIN 2
COMMAND LEFT END
COMMAND RIGHT START
MOVE B217 94
MOVE B216 94
MOVE B215 94
MOVE B202 46
TRAIN 3
COMMAND RIGHT END
TURN 268 RESULT
TIME LEFT 5 5 RIGHT 0 5
TRAIN A234 A235 B218 B219 B220
MOVE A170 5
MOVE A171 5
MOVE A172 5
MOVE A173 5
MOVE A174 10
MOVE A175 10
MOVE A176 10
MOVE A177 17
MOVE A178 17
MOVE A179 17
MOVE A197 2
MOVE B183 47
MOVE B185 138
MOVE B186 47
MOVE B187 47
MOVE B188 47
MOVE B189 47
MOVE B190 47
MOVE B191 47
MOVE B194 47
MOVE B195 47
MOVE B196 47
MOVE B202 73
MOVE B203 106
MOVE B204 122
MOVE B205 122
MOVE B206 122
MOVE B207 139
MOVE B208 139
MOVE B209 139
MOVE B210 164
MOVE B211 164
MOVE B212 178
MOVE B213 178
MOVE B214 178
MOVE B215 183
MOVE B216 183
MOVE B217 183
DAMAGE TURRET B169 3
DAMAGE COMBAT A210 7
DAMAGE COMBAT B169 3
DAMAGE COMBAT B170 8
DAMAGE COMBAT B172 8
DAMAGE COMBAT B175 7
END TURN 268
TURN 269
COMMAND LEFT START
MOVE A234 28
MOVE A235 28
TRAIN 3
COMMAND LEFT END
COMMAND RIGHT START
MOVE B220 94
MOVE B219 94
MOVE B218 94
TRAIN 3
COMMAND RIGHT END
TURN 269 RESULT
TIME LEFT 1 5 RIGHT 0 5
TRAIN A236 A237 A238 B221 B222 B223
MOVE A170 0
MOVE A171 0
MOVE A172 0
MOVE A173 0
MOVE A174 5
MOVE A175 5
MOVE A176 5
MOVE A177 10
MOVE A178 10
MOVE A179 10
MOVE A197 3
MOVE B183 28
MOVE B185 133
MOVE B186 28
MOVE B187 28
MOVE B188 28
MOVE B189 28
MOVE B190 28
MOVE B191 28
MOVE B194 28
MOVE B195 28
MOVE B196 28
MOVE B202 68
MOVE B203 94
MOVE B204 106
MOVE B205 106
MOVE B206 106
MOVE B207 122
MOVE B208 122
MOVE B209 122
MOVE B210 139
MOVE B211 139
MOVE B212 171
MOVE B213 171
MOVE B214 171
MOVE B215 178
MOVE B216 178
MOVE B217 178
MOVE B218 183
MOVE B219 183
MOVE B220 183
DAMAGE TURRET B175 1
DAMAGE TURRET B176 2
DAMAGE TURRET B183 2
DAMAGE TURRET B185 2
DAMAGE COMBAT A144 1
DAMAGE COMBAT A156 3
DAMAGE COMBAT A157 7
DAMAGE COMBAT A170 3
DAMAGE COMBAT A210 1
DAMAGE COMBAT B176 6
DAMAGE COMBAT B177 8
DAMAGE COMBAT B178 8
DAMAGE COMBAT B183 3
DAMAGE COMBAT B185 3
END TURN 269
TURN 270
COMMAND LEFT START
MOVE A19 28
MOVE A30 28
MOVE A4 28
MOVE A16 28
MOVE A17 28
MOVE A29 28
MOVE A225 4
MOVE A226 4
MOVE A227 4
MOVE A228 15
MOVE A236 15
MOVE A237 15
MOVE A238 1
TRAIN 2
COMMAND LEFT END
COMMAND RIGHT START
MOVE B203 55
MOVE B223 94
MOVE B222 94
MOVE B221 94
TRAIN 3
COMMAND RIGHT END
TURN 270 RESULT
TIME LEFT 2 5 RIGHT 0 5
TRAIN A239 A240 B224 B225 B226
MOVE A4 9
MOVE A16 23
MOVE A17 9
MOVE A19 16
MOVE A29 23
MOVE A30 16
MOVE A174 0
MOVE A175 0
MOVE A176 0
MOVE A177 5
MOVE A178 5
MOVE A179 5
MOVE A197 0
MOVE A211 5
MOVE A212 5
MOVE A213 5
MOVE A214 5
MOVE A215 5
MOVE A216 5
MOVE A217 5
MOVE A218 5
MOVE A219 5
MOVE A220 5
MOVE A221 5
MOVE A222 5
MOVE A223 5
MOVE A225 3
MOVE A226 3
MOVE A227 3
MOVE A228 6
MOVE A229 3
MOVE A230 5
MOVE A231 5
MOVE A232 5
MOVE A233 5
MOVE A234 5
MOVE A235 5
MOVE A236 6
MOVE A237 6
MOVE A238 3
MOVE B202 62
MOVE B203 73
MOVE B204 94
MOVE B205 94
MOVE B206 94
MOVE B207 106
MOVE B208 106
MOVE B209 106
MOVE B210 122
MOVE B211 122
MOVE B212 164
MOVE B213 164
MOVE B214 164
MOVE B215 171
MOVE B216 171
MOVE B217 171
MOVE B218 178
MOVE B219 178
MOVE B220 178
MOVE B221 183
MOVE B222 183
MOVE B223 183
DAMAGE TURRET B183 2
DAMAGE TURRET B185 2
DAMAGE COMBAT A144 1
DAMAGE COMBAT A161 7
DAMAGE COMBAT B183 1
DAMAGE COMBAT B185 1
SIEGE A 28 3
END TURN 270
TURN 271
COMMAND LEFT START
MOVE A175 1
MOVE A176 46
MOVE A197 133
MOVE A224 133
MOVE A239 133
MOVE A240 133
TRAIN 1
COMMAND LEFT END
COMMAND RIGHT START
MOVE B226 94
MOVE B225 94
MOVE B224 94
TRAIN 3
COMMAND RIGHT END
TURN 271 RESULT
TIME LEFT 1 5 RIGHT 0 5
TRAIN A241 B227 B228 B229
MOVE A4 16
MOVE A16 24
MOVE A17 16
MOVE A19 28
MOVE A29 24
MOVE A30 28
MOVE A175 3
MOVE A176 6
MOVE A177 0
MOVE A178 0
MOVE A179 0
MOVE A197 5
MOVE A211 10
MOVE A212 10
MOVE A213 10
MOVE A214 10
MOVE A215 10
MOVE A216 10
MOVE A217 10
MOVE A218 10
MOVE A219 10
MOVE A220 10
MOVE A221 10
MOVE A222 10
MOVE A223 10
MOVE A224 5
MOVE A225 4
MOVE A226 4
MOVE A227 4
MOVE A228 15
MOVE A229 4
MOVE A230 10
MOVE A231 10
MOVE A232 10
MOVE A233 10
MOVE A234 10
MOVE A235 10
MOVE A236 15
MOVE A237 15
MOVE A238 2
MOVE A239 5
MOVE A240 5
MOVE B186 16
MOVE B187 16
MOVE B188 16
MOVE B189 16
MOVE B190 16
MOVE B191 16
MOVE B194 16
MOVE B195 16
MOVE B196 16
MOVE B202 46
MOVE B203 68
MOVE B207 94
MOVE B208 94
MOVE B209 94
MOVE B210 106
MOVE B211 106
MOVE B212 139
MOVE B213 139
MOVE B214 139
MOVE B215 164
MOVE B216 164
MOVE B217 164
MOVE B218 171
MOVE B219 171
MOVE B220 171
MOVE B221 178
MOVE B222 178
MOVE B223 178
MOVE B224 183
MOVE B225 183
MOVE B226 183
DAMAGE TURRET B202 2
DAMAGE COMBAT A4 2
DAMAGE COMBAT A17 6
DAMAGE COMBAT A158 1
DAMAGE COMBAT B186 2
DAMAGE COMBAT B202 2
END TURN 271
TURN 272
COMMAND LEFT START
MOVE A177 133
MOVE A178 133
MOVE A179 133
MOVE A241 133
MOVE A227 28
MOVE A237 28
TRAIN 2
COMMAND LEFT END
COMMAND RIGHT START
MOVE B229 94
MOVE B228 94
MOVE B227 94
TRAIN 3
COMMAND RIGHT END
TURN 272 RESULT
TIME LEFT 1 5 RIGHT 0 5
TRAIN A242 A243 B230 B231 B232
MOVE A16 28
MOVE A29 28
MOVE A175 2
MOVE A176 15
MOVE A177 5
MOVE A178 5
MOVE A179 5
MOVE A197 10
MOVE A211 17
MOVE A212 17
MOVE A213 17
MOVE A214 17
MOVE A215 17
MOVE A216 17
MOVE A217 17
MOVE A218 17
MOVE A219 17
MOVE A220 17
MOVE A221 17
MOVE A222 17
MOVE A223 17
MOVE A224 10
MOVE A227 16
MOVE A229 9
MOVE A230 17
MOVE A231 17
MOVE A232 17
MOVE A233 17
MOVE A234 17
MOVE A235 17
MOVE A237 23
MOVE A238 1
MOVE A239 10
MOVE A240 10
MOVE A241 5
MOVE B186 4
MOVE B187 4
MOVE B188 4
MOVE B189 4
MOVE B190 4
MOVE B191 4
MOVE B194 4
MOVE B195 4
MOVE B196 4
MOVE B203 62
MOVE B210 94
MOVE B211 94
MOVE B212 122
MOVE B213 122
MOVE B214 122
MOVE B215 139
MOVE B216 139
MOVE B217 139
MOVE B218 164
MOVE B219 164
MOVE B220 164
MOVE B221 171
MOVE B222 171
MOVE B223 171
MOVE B224 178
MOVE B225 178
MOVE B226 178
MOVE B227 183
MOVE B228 183
MOVE B229 183
DAMAGE TURRET B186 2
DAMAGE TURRET B202 2
DAMAGE COMBAT A3 4
DAMAGE COMBAT A158 1
DAMAGE COMBAT A225 5
DAMAGE COMBAT B186 3
DAMAGE COMBAT B202 2
END TURN 272
TURN 273
COMMAND LEFT START
MOVE A229 0
MOVE A242 133
MOVE A243 133
TRAIN 3
COMMAND LEFT END
COMMAND RIGHT START
MOVE B232 94
MOVE B231 94
MOVE B230 94
TRAIN 3
COMMAND RIGHT END
TURN 273 RESULT
TIME LEFT 2 5 RIGHT 0 5
TRAIN A244 A245 A246 B233 B234 B235
MOVE A175 1
MOVE A176 32
MOVE A177 10
MOVE A178 10
MOVE A179 10
MOVE A197 17
MOVE A211 28
MOVE A212 28
MOVE A213 28
MOVE A214 28
MOVE A215 28
MOVE A216 28
MOVE A217 28
MOVE A218 28
MOVE A219 28
MOVE A220 28
MOVE A221 28
MOVE A222 28
MOVE A223 28
MOVE A224 17
MOVE A227 28
MOVE A229 4
MOVE A230 28
MOVE A231 28
MOVE A232 28
MOVE A233 28
MOVE A234 28
MOVE A235 28
MOVE A237 24
MOVE A239 17
MOVE A240 17
MOVE A241 10
MOVE A242 5
MOVE A243 5
MOVE B203 54
MOVE B212 106
MOVE B213 106
MOVE B214 106
MOVE B215 122
MOVE B216 122
MOVE B217 122
MOVE B218 139
MOVE B219 139
MOVE B220 139
MOVE B221 164
MOVE B222 164
MOVE B223 164
MOVE B224 171
MOVE B225 171
MOVE B226 171
MOVE B227 178
MOVE B228 178
MOVE B229 178
MOVE B230 183
MOVE B231 183
MOVE B232 183
DAMAGE TURRET B186 1
DAMAGE TURRET B187 1
DAMAGE COMBAT A225 3
DAMAGE COMBAT A226 6
DAMAGE COMBAT B187 3
END TURN 273
TURN 274
COMMAND LEFT START
MOVE A30 4
MOVE A211 4
MOVE A212 4
MOVE A213 4
MOVE A214 4
MOVE A215 4
MOVE A216 47
MOVE A244 133
MOVE A245 133
MOVE A246 133
TRAIN 2
COMMAND LEFT END
COMMAND RIGHT START
MOVE B211 133
MOVE B235 94
MOVE B234 94
MOVE B233 94
TRAIN 3
COMMAND RIGHT END
TURN 274 RESULT
TIME LEFT 6 5 RIGHT 0 5
TRAIN A247 A248 B236 B237 B238
MOVE A30 16
MOVE A176 46
MOVE A177 17
MOVE A178 17
MOVE A179 17
MOVE A197 28
MOVE A211 16
MOVE A212 16
MOVE A213 16
MOVE A214 16
MOVE A215 16
MOVE A216 47
MOVE A224 28
MOVE A237 28
MOVE A239 28
MOVE A240 28
MOVE A241 17
MOVE A242 10
MOVE A243 10
MOVE A244 5
MOVE A245 5
MOVE A246 5
MOVE B203 50
MOVE B211 115
MOVE B212 94
MOVE B213 94
MOVE B214 94
MOVE B215 106
MOVE B216 106
MOVE B217 106
MOVE B218 122
MOVE B219 122
MOVE B220 122
MOVE B221 139
MOVE B222 139
MOVE B223 139
MOVE B224 164
MOVE B225 164
MOVE B226 164
MOVE B227 171
MOVE B228 171
MOVE B229 171
MOVE B230 178
MOVE B231 178
MOVE B232 178
MOVE B233 183
MOVE B234 183
MOVE B235 183
DAMAGE TURRET B187 2
DAMAGE COMBAT A226 2
DAMAGE COMBAT A229 6
DAMAGE COMBAT B187 2
END TURN 274
TURN 275
COMMAND LEFT START
MOVE A216 82
MOVE A247 133
MOVE A248 133
MOVE A217 74
MOVE A218 74
MOVE A219 74
MOVE A220 74
MOVE A221 74
MOVE A222 74
MOVE A223 74
MOVE A227 74
MOVE A230 74
MOVE A231 74
MOVE A232 74
MOVE A233 74
MOVE A234 74
MOVE A235 74
MOVE A237 74
TRAIN 1
COMMAND LEFT END
COMMAND RIGHT START
MOVE B238 94
MOVE B237 94
MOVE B236 94
TRAIN 3
COMMAND RIGHT END
TURN 275 RESULT
TIME LEFT 5 5 RIGHT 0 5
TRAIN A249 B239 B240 B241
MOVE A30 4
MOVE A177 28
MOVE A178 28
MOVE A179 28
MOVE A197 36
MOVE A211 4
MOVE A212 4
MOVE A213 4
MOVE A214 4
MOVE A215 4
MOVE A216 66
MOVE A217 36
MOVE A218 36
MOVE A219 36
MOVE A220 36
MOVE A221 36
MOVE A222 36
MOVE A223 36
MOVE A224 36
MOVE A227 36
MOVE A230 36
MOVE A231 36
MOVE A232 36
MOVE A233 36
MOVE A234 36
MOVE A235 36
MOVE A237 36
MOVE A239 36
MOVE A240 36
MOVE A241 28
MOVE A242 17
MOVE A243 17
MOVE A244 10
MOVE A245 10
MOVE A246 10
MOVE A247 5
MOVE A248 5
MOVE B203 55
MOVE B211 120
MOVE B215 94
MOVE B216 94
MOVE B217 94
MOVE B218 106
MOVE B219 106
MOVE B220 106
MOVE B221 122
MOVE B222 122
MOVE B223 122
MOVE B224 139
MOVE B225 139
MOVE B226 139
MOVE B227 164
MOVE B228 164
MOVE B229 164
MOVE B230 171
MOVE B231 171
MOVE B232 171
MOVE B233 178
MOVE B234 178
MOVE B235 178
MOVE B236 183
MOVE B237 183
MOVE B238 183
DAMAGE TURRET B188 2
DAMAGE TURRET B203 2
DAMAGE COMBAT A30 5
DAMAGE COMBAT A32 1
DAMAGE COMBAT A229 2
DAMAGE COMBAT B188 6
DAMAGE COMBAT B189 1
DAMAGE COMBAT B203 3
END TURN 275
TURN 276
COMMAND LEFT START
MOVE A213 28
MOVE A214 28
MOVE A215 28
MOVE A249 28
TRAIN 2
COMMAND LEFT END
COMMAND RIGHT START
MOVE B241 94
MOVE B240 94
MOVE B239 94
TRAIN 2
COMMAND RIGHT END
TURN 276 RESULT
TIME LEFT 2 5 RIGHT 0 5
TRAIN A250 A251 B242 B243
MOVE A177 36
MOVE A178 36
MOVE A179 36
MOVE A197 48
MOVE A216 82
MOVE A217 48
MOVE A218 48
MOVE A219 48
MOVE A220 48
MOVE A221 48
MOVE A222 48
MOVE A223 48
MOVE A224 48
MOVE A227 48
MOVE A230 48
MOVE A231 48
MOVE A232 48
MOVE A233 48
MOVE A234 48
MOVE A235 48
MOVE A237 48
MOVE A239 48
MOVE A240 48
MOVE A241 36
MOVE A242 28
MOVE A243 28
MOVE A244 17
MOVE A245 17
MOVE A246 17
MOVE A247 10
MOVE A248 10
MOVE A249 5
MOVE B211 126
MOVE B218 94
MOVE B219 94
MOVE B220 94
MOVE B221 106
MOVE B222 106
MOVE B223 106
MOVE B224 122
MOVE B225 122
MOVE B226 122
MOVE B227 139
MOVE B228 139
MOVE B229 139
MOVE B230 164
MOVE B231 164
MOVE B232 164
MOVE B233 171
MOVE B234 171
MOVE B235 171
MOVE B236 178
MOVE B237 178
MOVE B238 178
MOVE B239 183
MOVE B240 183
MOVE B241 183
DAMAGE TURRET B189 2
DAMAGE TURRET B203 2
DAMAGE COMBAT A30 1
DAMAGE COMBAT A32 1
DAMAGE COMBAT A211 5
DAMAGE COMBAT B189 5
DAMAGE COMBAT B190 1
DAMAGE COMBAT B203 1
END TURN 276
TURN 277
COMMAND LEFT START
MOVE A216 28
MOVE A250 28
MOVE A251 28
MOVE A23 46
MOVE A36 46
MOVE A170 46
MOVE A171 46
TRAIN 2
COMMAND LEFT END
COMMAND RIGHT START
MOVE B243 94
MOVE B242 94
TRAIN 3
COMMAND RIGHT END
TURN 277 RESULT
TIME LEFT 3 5 RIGHT 0 5
TRAIN A252 A253 B244 B245 B246
MOVE A23 18
MOVE A36 18
MOVE A170 6
MOVE A171 6
MOVE A177 48
MOVE A178 48
MOVE A179 48
MOVE A197 53
MOVE A216 66
MOVE A217 58
MOVE A218 58
MOVE A219 58
MOVE A220 58
MOVE A221 58
MOVE A222 58
MOVE A223 58
MOVE A224 53
MOVE A227 58
MOVE A230 58
MOVE A231 58
MOVE A232 58
MOVE A233 58
MOVE A234 58
MOVE A235 58
MOVE A237 58
MOVE A239 53
MOVE A240 53
MOVE A241 48
MOVE A242 36
MOVE A243 36
MOVE A244 28
MOVE A245 28
MOVE A246 28
MOVE A247 17
MOVE A248 17
MOVE A249 10
MOVE A250 5
MOVE A251 5
MOVE B211 134
MOVE B221 94
MOVE B222 94
MOVE B223 94
MOVE B224 106
MOVE B225 106
MOVE B226 106
MOVE B227 122
MOVE B228 122
MOVE B229 122
MOVE B230 139
MOVE B231 139
MOVE B232 139
MOVE B233 164
MOVE B234 164
MOVE B235 164
MOVE B236 171
MOVE B237 171
MOVE B238 171
MOVE B239 178
MOVE B240 178
MOVE B241 178
MOVE B242 183
MOVE B243 183
DAMAGE TURRET B190 2
DAMAGE COMBAT A211 3
DAMAGE COMBAT A212 2
DAMAGE COMBAT B190 5
END TURN 277
TURN 278
COMMAND LEFT START
TRAIN 3
COMMAND LEFT END
COMMAND RIGHT START
MOVE B223 46
MOVE B246 94
MOVE B245 94
MOVE B244 94
TRAIN 2
COMMAND RIGHT END
TURN 278 RESULT
TIME LEFT 2 5 RIGHT 1 5
TRAIN A254 A255 A256 B247 B248
MOVE A23 26
MOVE A36 26
MOVE A170 15
MOVE A171 15
MOVE A177 53
MOVE A178 53
MOVE A179 53
MOVE A197 64
MOVE A216 47
MOVE A217 74
MOVE A218 74
MOVE A219 74
MOVE A220 74
MOVE A221 74
MOVE A222 74
MOVE A223 74
MOVE A224 64
MOVE A227 74
MOVE A230 74
MOVE A231 74
MOVE A232 74
MOVE A233 74
MOVE A234 74
MOVE A235 74
MOVE A237 74
MOVE A239 64
MOVE A240 64
MOVE A241 53
MOVE A242 48
MOVE A243 48
MOVE A244 36
MOVE A245 36
MOVE A246 36
MOVE A247 28
MOVE A248 28
MOVE A249 17
MOVE A250 10
MOVE A251 10
MOVE B211 138
MOVE B223 73
MOVE B224 94
MOVE B225 94
MOVE B226 94
MOVE B227 106
MOVE B228 106
MOVE B229 106
MOVE B230 122
MOVE B231 122
MOVE B232 122
MOVE B233 139
MOVE B234 139
MOVE B235 139
MOVE B236 164
MOVE B237 164
MOVE B238 164
MOVE B239 171
MOVE B240 171
MOVE B241 171
MOVE B242 178
MOVE B243 178
MOVE B244 183
MOVE B245 183
MOVE B246 183
DAMAGE TURRET A217 2
DAMAGE TURRET B191 2
DAMAGE COMBAT A212 4
DAMAGE COMBAT A217 3
DAMAGE COMBAT B107 8
DAMAGE COMBAT B114 4
DAMAGE COMBAT B118 3
DAMAGE COMBAT B191 4
END TURN 278
TURN 279
COMMAND LEFT START
MOVE A254 28
MOVE A255 28
MOVE A256 28
TRAIN 2
COMMAND LEFT END
COMMAND RIGHT START
MOVE B248 94
MOVE B247 94
TRAIN 2
COMMAND RIGHT END
TURN 279 RESULT
TIME LEFT 2 5 RIGHT 1 5
TRAIN A257 A258 B249 B250
MOVE A23 37
MOVE A36 37
MOVE A170 32
MOVE A171 32
MOVE A177 64
MOVE A178 64
MOVE A179 64
MOVE A197 76
MOVE A216 28
MOVE A224 76
MOVE A239 76
MOVE A240 76
MOVE A241 64
MOVE A242 53
MOVE A243 53
MOVE A244 48
MOVE A245 48
MOVE A246 48
MOVE A247 36
MOVE A248 36
MOVE A249 28
MOVE A250 17
MOVE A251 17
MOVE A254 5
MOVE A255 5
MOVE A256 5
MOVE B211 133
MOVE B223 68
MOVE B227 94
MOVE B228 94
MOVE B229 94
MOVE B230 106
MOVE B231 106
MOVE B232 106
MOVE B233 122
MOVE B234 122
MOVE B235 122
MOVE B236 139
MOVE B237 139
MOVE B238 139
MOVE B239 164
MOVE B240 164
MOVE B241 164
MOVE B242 171
MOVE B243 171
MOVE B244 178
MOVE B245 178
MOVE B246 178
MOVE B247 183
MOVE B248 183
DAMAGE TURRET A217 2
DAMAGE TURRET B191 2
DAMAGE TURRET B211 2
DAMAGE COMBAT A121 1
DAMAGE COMBAT A212 2
DAMAGE COMBAT A213 2
DAMAGE COMBAT A217 1
DAMAGE COMBAT B118 5
DAMAGE COMBAT B194 4
DAMAGE COMBAT B211 2
SIEGE B 74 10
END TURN 279
TURN 280
COMMAND LEFT START
MOVE A216 46
MOVE A249 46
MOVE A257 46
MOVE A258 46
TRAIN 2
COMMAND LEFT END
COMMAND RIGHT START
MOVE B250 94
MOVE B249 94
TRAIN 3
COMMAND RIGHT END
TURN 280 RESULT
TIME LEFT 2 5 RIGHT 1 5
TRAIN A259 A260 B251 B252 B253
MOVE A23 46
MOVE A36 46
MOVE A170 46
MOVE A171 46
MOVE A177 76
MOVE A178 76
MOVE A179 76
MOVE A197 93
MOVE A216 24
MOVE A224 93
MOVE A239 93
MOVE A240 93
MOVE A241 76
MOVE A242 64
MOVE A243 64
MOVE A244 53
MOVE A245 53
MOVE A246 53
MOVE A247 48
MOVE A248 48
MOVE A249 24
MOVE A250 28
MOVE A251 28
MOVE A254 10
MOVE A255 10
MOVE A256 10
MOVE A257 6
MOVE A258 6
MOVE B223 62
MOVE B230 94
MOVE B231 94
MOVE B232 94
MOVE B233 106
MOVE B234 106
MOVE B235 106
MOVE B236 122
MOVE B237 122
MOVE B238 122
MOVE B239 139
MOVE B240 139
MOVE B241 139
MOVE B242 164
MOVE B243 164
MOVE B244 171
MOVE B245 171
MOVE B246 171
MOVE B247 178
MOVE B248 178
MOVE B249 183
MOVE B250 183
DAMAGE TURRET A218 2
DAMAGE TURRET B194 2
DAMAGE TURRET B211 2
DAMAGE COMBAT A121 1
DAMAGE COMBAT A213 3
DAMAGE COMBAT B194 2
DAMAGE COMBAT B195 1
DAMAGE COMBAT B211 2
SIEGE B 74 8
END TURN 280
TURN 281
COMMAND LEFT START
MOVE A250 46
MOVE A251 46
MOVE A259 46
MOVE A260 46
MOVE A159 28
MOVE A170 28
MOVE A171 28
MOVE A176 28
MOVE A172 28
MOVE A173 28
MOVE A219 0
MOVE A220 0
MOVE A221 14
MOVE A222 14
MOVE A223 46
MOVE A227 46
MOVE A230 46
MOVE A231 46
MOVE A232 46
MOVE A233 46
MOVE A234 46
MOVE A235 46
MOVE A237 46
TRAIN 2
COMMAND LEFT END
COMMAND RIGHT START
MOVE B198 74
MOVE B199 74
MOVE B200 74
MOVE B201 74
MOVE B204 74
MOVE B205 74
MOVE B206 74
MOVE B207 74
MOVE B208 74
MOVE B209 74
MOVE B210 74
MOVE B212 74
MOVE B213 74
MOVE B214 74
MOVE B215 74
MOVE B216 74
MOVE B253 94
MOVE B252 94
MOVE B251 94
TRAIN 1
COMMAND RIGHT END
TURN 281 RESULT
TIME LEFT 7 5 RIGHT 1 5
TRAIN A261 A262 B254
MOVE A159 40
MOVE A170 40
MOVE A171 40
MOVE A172 5
MOVE A173 5
MOVE A176 40
MOVE A177 93
MOVE A178 93
MOVE A179 93
MOVE A197 111
MOVE A216 40
MOVE A219 58
MOVE A220 58
MOVE A221 70
MOVE A222 70
MOVE A223 70
MOVE A224 111
MOVE A227 70
MOVE A230 70
MOVE A231 70
MOVE A232 70
MOVE A233 70
MOVE A234 70
MOVE A235 70
MOVE A237 70
MOVE A239 111
MOVE A240 111
MOVE A241 93
MOVE A242 76
MOVE A243 76
MOVE A244 64
MOVE A245 64
MOVE A246 64
MOVE A247 53
MOVE A248 53
MOVE A249 40
MOVE A250 24
MOVE A251 24
MOVE A254 17
MOVE A255 17
MOVE A256 17
MOVE A257 15
MOVE A258 15
MOVE A259 6
MOVE A260 6
MOVE B198 81
MOVE B199 81
MOVE B200 81
MOVE B201 81
MOVE B204 81
MOVE B205 81
MOVE B206 81
MOVE B207 81
MOVE B208 81
MOVE B209 81
MOVE B210 81
MOVE B212 81
MOVE B213 81
MOVE B214 81
MOVE B215 81
MOVE B216 81
MOVE B223 46
MOVE B233 94
MOVE B234 94
MOVE B235 94
MOVE B236 106
MOVE B237 106
MOVE B238 106
MOVE B239 122
MOVE B240 122
MOVE B241 122
MOVE B242 139
MOVE B243 139
MOVE B244 164
MOVE B245 164
MOVE B246 164
MOVE B247 171
MOVE B248 171
MOVE B249 178
MOVE B250 178
MOVE B251 183
MOVE B252 183
MOVE B253 183
DAMAGE TURRET B195 2
DAMAGE TURRET B223 2
DAMAGE COMBAT A158 1
DAMAGE COMBAT A213 2
DAMAGE COMBAT B195 3
DAMAGE COMBAT B223 3
END TURN 281
TURN 282
COMMAND LEFT START
TRAIN 2
COMMAND LEFT END
COMMAND RIGHT START
MOVE B254 94
TRAIN 2
COMMAND RIGHT END
TURN 282 RESULT
TIME LEFT 2 5 RIGHT 1 5
TRAIN A263 A264 B255 B256
MOVE A159 24
MOVE A170 24
MOVE A171 24
MOVE A172 10
MOVE A173 10
MOVE A176 24
MOVE A177 111
MOVE A178 111
MOVE A179 111
MOVE A197 133
MOVE A216 46
MOVE A219 47
MOVE A220 47
MOVE A221 66
MOVE A222 66
MOVE A223 66
MOVE A224 133
MOVE A227 66
MOVE A230 66
MOVE A231 66
MOVE A232 66
MOVE A233 66
MOVE A234 66
MOVE A235 66
MOVE A237 66
MOVE A239 133
MOVE A240 133
MOVE A241 111
MOVE A242 93
MOVE A243 93
MOVE A244 76
MOVE A245 76
MOVE A246 76
MOVE A247 64
MOVE A248 64
MOVE A249 46
MOVE A250 40
MOVE A251 40
MOVE A254 28
MOVE A255 28
MOVE A256 28
MOVE A257 32
MOVE A258 32
MOVE A259 15
MOVE A260 15
MOVE B198 74
MOVE B199 74
MOVE B200 74
MOVE B201 74
MOVE B204 74
MOVE B205 74
MOVE B206 74
MOVE B207 74
MOVE B208 74
MOVE B209 74
MOVE B210 74
MOVE B212 74
MOVE B213 74
MOVE B214 74
MOVE B215 74
MOVE B216 74
MOVE B236 94
MOVE B237 94
MOVE B238 94
MOVE B239 106
MOVE B240 106
MOVE B241 106
MOVE B242 122
MOVE B243 122
MOVE B244 139
MOVE B245 139
MOVE B246 139
MOVE B247 164
MOVE B248 164
MOVE B249 171
MOVE B250 171
MOVE B251 178
MOVE B252 178
MOVE B253 178
MOVE B254 183
DAMAGE TURRET B195 2
DAMAGE TURRET B223 2
DAMAGE COMBAT A158 1
DAMAGE COMBAT A213 1
DAMAGE COMBAT A214 1
DAMAGE COMBAT A218 6
DAMAGE COMBAT B196 3
DAMAGE COMBAT B198 1
DAMAGE COMBAT B223 1
END TURN 282
TURN 283
COMMAND LEFT START
MOVE A224 143
MOVE A263 28
MOVE A264 28
MOVE A239 28
MOVE A240 28
TRAIN 2
COMMAND LEFT END
COMMAND RIGHT START
MOVE B198 94
MOVE B199 94
MOVE B200 94
MOVE B201 94
MOVE B204 94
MOVE B205 94
MOVE B206 94
MOVE B207 94
MOVE B208 94
MOVE B209 94
MOVE B210 94
MOVE B212 94
MOVE B213 94
MOVE B214 94
MOVE B215 94
MOVE B238 133
MOVE B256 94
MOVE B255 94
UPGRADE 74
COMMAND RIGHT END
TURN 283 RESULT
TIME LEFT 6 5 RIGHT 1 5
UPGRADE B 74
TRAIN A265 A266
MOVE A159 28
MOVE A170 28
MOVE A171 28
MOVE A172 17
MOVE A173 17
MOVE A176 28
MOVE A177 133
MOVE A178 133
MOVE A179 133
MOVE A219 24
MOVE A220 24
MOVE A221 61
MOVE A222 61
MOVE A223 61
MOVE A224 143
MOVE A227 61
MOVE A230 61
MOVE A231 61
MOVE A232 61
MOVE A233 61
MOVE A234 61
MOVE A235 61
MOVE A237 61
MOVE A239 111
MOVE A240 111
MOVE A241 133
MOVE A242 111
MOVE A243 111
MOVE A244 93
MOVE A245 93
MOVE A246 93
MOVE A247 76
MOVE A248 76
MOVE A250 46
MOVE A251 46
MOVE A257 46
MOVE A258 46
MOVE A259 32
MOVE A260 32
MOVE A263 5
MOVE A264 5
MOVE B198 81
MOVE B199 81
MOVE B200 81
MOVE B201 81
MOVE B204 81
MOVE B205 81
MOVE B206 81
MOVE B207 81
MOVE B208 81
MOVE B209 81
MOVE B210 81
MOVE B212 81
MOVE B213 81
MOVE B214 81
MOVE B215 81
MOVE B238 115
MOVE B239 94
MOVE B240 94
MOVE B241 94
MOVE B242 106
MOVE B243 106
MOVE B244 122
MOVE B245 122
MOVE B246 122
MOVE B247 139
MOVE B248 139
MOVE B249 164
MOVE B250 164
MOVE B251 171
MOVE B252 171
MOVE B253 171
MOVE B254 178
MOVE B255 183
MOVE B256 183
DAMAGE TURRET B196 2
DAMAGE COMBAT A214 1
DAMAGE COMBAT B196 2
END TURN 283
TURN 284
COMMAND LEFT START
MOVE A224 168
MOVE A265 28
MOVE A266 28
MOVE A178 28
MOVE A179 28
MOVE A197 28
MOVE A241 28
TRAIN 2
COMMAND LEFT END
COMMAND RIGHT START
MOVE B179 74
MOVE B182 74
MOVE B197 74
UPGRADE 74
COMMAND RIGHT END
TURN 284 RESULT
TIME LEFT 7 5 RIGHT 1 5
UPGRADE B 74
TRAIN A267 A268
MOVE A172 28
MOVE A173 28
MOVE A178 111
MOVE A179 111
MOVE A197 111
MOVE A219 17
MOVE A220 17
MOVE A221 40
MOVE A222 40
MOVE A223 40
MOVE A224 151
MOVE A227 40
MOVE A230 40
MOVE A231 40
MOVE A232 40
MOVE A233 40
MOVE A234 40
MOVE A235 40
MOVE A237 40
MOVE A239 93
MOVE A240 93
MOVE A241 111
MOVE A242 133
MOVE A243 133
MOVE A244 111
MOVE A245 111
MOVE A246 111
MOVE A247 93
MOVE A248 93
MOVE A259 46
MOVE A260 46
MOVE A263 10
MOVE A264 10
MOVE A265 5
MOVE A266 5
MOVE B179 81
MOVE B182 81
MOVE B197 81
MOVE B198 94
MOVE B199 94
MOVE B200 94
MOVE B201 94
MOVE B204 94
MOVE B205 94
MOVE B206 94
MOVE B207 94
MOVE B208 94
MOVE B209 94
MOVE B210 94
MOVE B212 94
MOVE B213 94
MOVE B214 94
MOVE B215 94
MOVE B238 120
MOVE B242 94
MOVE B243 94
MOVE B244 106
MOVE B245 106
MOVE B246 106
MOVE B247 122
MOVE B248 122
MOVE B249 139
MOVE B250 139
MOVE B251 164
MOVE B252 164
MOVE B253 164
MOVE B254 171
MOVE B255 178
MOVE B256 178
DAMAGE TURRET B196 1
DAMAGE COMBAT A214 1
END TURN 284
TURN 285
COMMAND LEFT START
MOVE A216 28
MOVE A249 28
MOVE A250 28
MOVE A251 28
MOVE A257 28
MOVE A258 28
MOVE A259 28
MOVE A260 28
MOVE A267 28
MOVE A268 4
MOVE A242 4
MOVE A243 4
TRAIN 2
COMMAND LEFT END
COMMAND RIGHT START
MOVE B243 0
MOVE B242 0
MOVE B241 0
MOVE B240 0
MOVE B239 0
MOVE B237 0
MOVE B236 0
MOVE B235 0
MOVE B234 0
MOVE B233 0
MOVE B232 0
MOVE B231 0
MOVE B230 0
MOVE B229 0
MOVE B228 0
MOVE B227 0
MOVE B226 0
MOVE B225 0
MOVE B224 0
MOVE B222 0
MOVE B221 0
MOVE B220 0
MOVE B219 0
MOVE B218 0
MOVE B217 0
MOVE B215 0
MOVE B214 0
MOVE B213 0
MOVE B212 0
MOVE B210 0
MOVE B209 0
MOVE B208 0
MOVE B207 0
MOVE B206 0
MOVE B205 0
MOVE B204 0
MOVE B201 0
MOVE B200 0
COMMAND RIGHT END
TURN 285 RESULT
TIME LEFT 2 5 RIGHT 1 5
TRAIN A269 A270
MOVE A178 93
MOVE A179 93
MOVE A197 93
MOVE A214 16
MOVE A215 16
MOVE A216 40
MOVE A219 10
MOVE A220 10
MOVE A221 31
MOVE A222 31
MOVE A223 46
MOVE A224 168
MOVE A227 46
MOVE A230 46
MOVE A231 46
MOVE A232 46
MOVE A233 46
MOVE A234 46
MOVE A235 46
MOVE A237 46
MOVE A239 76
MOVE A240 76
MOVE A241 93
MOVE A242 111
MOVE A243 111
MOVE A244 133
MOVE A245 133
MOVE A246 133
MOVE A247 111
MOVE A248 111
MOVE A249 40
MOVE A250 40
MOVE A251 40
MOVE A257 40
MOVE A258 40
MOVE A259 40
MOVE A260 40
MOVE A263 17
MOVE A264 17
MOVE A265 10
MOVE A266 10
MOVE A267 5
MOVE A268 3
MOVE B179 74
MOVE B182 74
MOVE B197 74
MOVE B200 82
MOVE B201 82
MOVE B204 82
MOVE B205 82
MOVE B206 82
MOVE B207 82
MOVE B208 82
MOVE B209 82
MOVE B210 82
MOVE B212 82
MOVE B213 82
MOVE B214 82
MOVE B215 82
MOVE B217 82
MOVE B218 82
MOVE B219 82
MOVE B220 82
MOVE B221 82
MOVE B222 82
MOVE B224 82
MOVE B225 82
MOVE B226 82
MOVE B227 82
MOVE B228 82
MOVE B229 82
MOVE B230 82
MOVE B231 82
MOVE B232 82
MOVE B233 82
MOVE B234 82
MOVE B235 82
MOVE B236 82
MOVE B237 82
MOVE B238 126
MOVE B239 82
MOVE B240 82
MOVE B241 82
MOVE B242 82
MOVE B243 82
MOVE B244 94
MOVE B245 94
MOVE B246 94
MOVE B247 106
MOVE B248 106
MOVE B249 122
MOVE B250 122
MOVE B251 139
MOVE B252 139
MOVE B253 139
MOVE B254 164
MOVE B255 171
MOVE B256 171
END TURN 285
TURN 286
COMMAND LEFT START
MOVE A224 133
MOVE A269 28
MOVE A270 28
MOVE A244 28
MOVE A245 28
MOVE A246 28
MOVE A159 74
MOVE A170 74
MOVE A171 74
MOVE A172 74
MOVE A173 74
MOVE A176 74
MOVE A254 74
MOVE A255 74
MOVE A256 74
TRAIN 1
COMMAND LEFT END
COMMAND RIGHT START
UPGRADE 74
COMMAND RIGHT END
TURN 286 RESULT
TIME LEFT 7 5 RIGHT 0 5
UPGRADE B 74
TRAIN A271
MOVE A159 36
MOVE A170 36
MOVE A171 36
MOVE A172 36
MOVE A173 36
MOVE A176 36
MOVE A178 76
MOVE A179 76
MOVE A197 76
MOVE A214 28
MOVE A215 28
MOVE A216 24
MOVE A219 5
MOVE A220 5
MOVE A221 32
MOVE A222 32
MOVE A224 151
MOVE A239 64
MOVE A240 64
MOVE A241 76
MOVE A242 93
MOVE A243 93
MOVE A244 111
MOVE A245 111
MOVE A246 111
MOVE A247 133
MOVE A248 133
MOVE A249 24
MOVE A250 24
MOVE A251 24
MOVE A254 36
MOVE A255 36
MOVE A256 36
MOVE A257 24
MOVE A258 24
MOVE A259 24
MOVE A260 24
MOVE A263 28
MOVE A264 28
MOVE A265 17
MOVE A266 17
MOVE A267 10
MOVE A268 4
MOVE A269 5
MOVE A270 5
MOVE B200 66
MOVE B201 66
MOVE B204 66
MOVE B205 66
MOVE B206 66
MOVE B207 66
MOVE B208 66
MOVE B209 66
MOVE B210 66
MOVE B212 66
MOVE B213 66
MOVE B214 66
MOVE B215 66
MOVE B217 66
MOVE B218 66
MOVE B219 66
MOVE B220 66
MOVE B221 66
MOVE B222 66
MOVE B224 66
MOVE B225 66
MOVE B226 66
MOVE B227 66
MOVE B228 66
MOVE B229 66
MOVE B230 66
MOVE B231 66
MOVE B232 66
MOVE B233 66
MOVE B234 66
MOVE B235 66
MOVE B236 66
MOVE B237 66
MOVE B238 134
MOVE B239 66
MOVE B240 66
MOVE B241 66
MOVE B242 66
MOVE B243 66
MOVE B247 94
MOVE B248 94
MOVE B249 106
MOVE B250 106
MOVE B251 122
MOVE B252 122
MOVE B253 122
MOVE B254 139
MOVE B255 164
MOVE B256 164
END TURN 286
TURN 287
COMMAND LEFT START
MOVE A223 28
MOVE A227 28
MOVE A230 28
MOVE A231 28
MOVE A232 28
MOVE A233 28
MOVE A234 28
MOVE A235 28
MOVE A237 28
MOVE A34 28
MOVE A36 28
MOVE A158 28
MOVE A175 28
MOVE A228 28
MOVE A236 28
MOVE A271 4
MOVE A215 62
MOVE A247 28
MOVE A248 28
TRAIN 1
COMMAND LEFT END
COMMAND RIGHT START
MOVE B216 94
COMMAND RIGHT END
TURN 287 RESULT
TIME LEFT 7 5 RIGHT 0 5
TRAIN A272
MOVE A34 9
MOVE A36 40
MOVE A158 40
MOVE A159 48
MOVE A170 48
MOVE A171 48
MOVE A172 48
MOVE A173 48
MOVE A175 9
MOVE A176 48
MOVE A178 64
MOVE A179 64
MOVE A197 64
MOVE A215 24
MOVE A216 28
MOVE A219 0
MOVE A220 0
MOVE A221 20
MOVE A222 20
MOVE A223 40
MOVE A224 138
MOVE A227 40
MOVE A228 23
MOVE A230 40
MOVE A231 40
MOVE A232 40
MOVE A233 40
MOVE A234 40
MOVE A235 40
MOVE A236 23
MOVE A237 40
MOVE A239 53
MOVE A240 53
MOVE A241 64
MOVE A242 78
MOVE A243 78
MOVE A244 93
MOVE A245 93
MOVE A246 93
MOVE A247 111
MOVE A248 111
MOVE A249 28
MOVE A250 28
MOVE A251 28
MOVE A254 48
MOVE A255 48
MOVE A256 48
MOVE A257 28
MOVE A258 28
MOVE A259 28
MOVE A260 28
MOVE A265 28
MOVE A266 28
MOVE A267 17
MOVE A269 10
MOVE A270 10
MOVE A271 3
MOVE B200 49
MOVE B201 49
MOVE B204 49
MOVE B205 49
MOVE B206 49
MOVE B207 49
MOVE B208 49
MOVE B209 49
MOVE B210 49
MOVE B212 49
MOVE B213 49
MOVE B214 49
MOVE B215 49
MOVE B216 81
MOVE B217 49
MOVE B218 49
MOVE B219 49
MOVE B220 49
MOVE B221 49
MOVE B222 49
MOVE B224 49
MOVE B225 49
MOVE B226 49
MOVE B227 49
MOVE B228 49
MOVE B229 49
MOVE B230 49
MOVE B231 49
MOVE B232 49
MOVE B233 49
MOVE B234 49
MOVE B235 49
MOVE B236 49
MOVE B237 49
MOVE B238 138
MOVE B239 49
MOVE B240 49
MOVE B241 49
MOVE B242 49
MOVE B243 49
MOVE B249 94
MOVE B250 94
MOVE B251 106
MOVE B252 106
MOVE B253 106
MOVE B254 122
MOVE B255 139
MOVE B256 139
DAMAGE COMBAT A224 1
DAMAGE COMBAT B238 1
END TURN 287
TURN 288
COMMAND LEFT START
MOVE A214 0
MOVE A216 0
MOVE A249 0
MOVE A250 0
MOVE A251 0
MOVE A257 0
MOVE A258 15
MOVE A259 15
MOVE A260 1
MOVE A263 1
MOVE A264 46
MOVE A265 46
MOVE A266 0
TRAIN 2
COMMAND LEFT END
COMMAND RIGHT START
MOVE B250 55
COMMAND RIGHT END
TURN 288 RESULT
TIME LEFT 3 5 RIGHT 0 5
TRAIN A273 A274
MOVE A34 16
MOVE A36 24
MOVE A158 24
MOVE A159 58
MOVE A170 58
MOVE A171 58
MOVE A172 58
MOVE A173 58
MOVE A175 16
MOVE A176 58
MOVE A178 53
MOVE A179 53
MOVE A197 53
MOVE A214 17
MOVE A215 40
MOVE A216 17
MOVE A221 18
MOVE A222 18
MOVE A223 24
MOVE A227 24
MOVE A228 24
MOVE A230 24
MOVE A231 24
MOVE A232 24
MOVE A233 24
MOVE A234 24
MOVE A235 24
MOVE A236 24
MOVE A237 24
MOVE A239 48
MOVE A240 48
MOVE A241 53
MOVE A242 65
MOVE A243 65
MOVE A244 76
MOVE A245 76
MOVE A246 76
MOVE A247 93
MOVE A248 93
MOVE A249 17
MOVE A250 17
MOVE A251 17
MOVE A254 58
MOVE A255 58
MOVE A256 58
MOVE A257 17
MOVE A258 24
MOVE A259 24
MOVE A260 16
MOVE A263 16
MOVE A264 24
MOVE A265 24
MOVE A266 17
MOVE A267 28
MOVE A269 17
MOVE A270 17
MOVE A271 4
MOVE B200 24
MOVE B201 24
MOVE B204 24
MOVE B205 24
MOVE B206 24
MOVE B207 24
MOVE B208 24
MOVE B209 24
MOVE B210 24
MOVE B212 24
MOVE B213 24
MOVE B214 24
MOVE B215 24
MOVE B216 94
MOVE B217 24
MOVE B218 24
MOVE B219 24
MOVE B220 24
MOVE B221 24
MOVE B222 24
MOVE B224 24
MOVE B225 24
MOVE B226 24
MOVE B227 24
MOVE B228 24
MOVE B229 24
MOVE B230 24
MOVE B231 24
MOVE B232 24
MOVE B233 24
MOVE B234 24
MOVE B235 24
MOVE B236 24
MOVE B237 24
MOVE B239 24
MOVE B240 24
MOVE B241 24
MOVE B242 24
MOVE B243 24
MOVE B250 73
MOVE B251 94
MOVE B252 94
MOVE B253 94
MOVE B254 106
MOVE B255 122
MOVE B256 122
DAMAGE COMBAT A36 6
DAMAGE COMBAT A158 3
DAMAGE COMBAT A223 8
DAMAGE COMBAT A224 1
DAMAGE COMBAT A227 8
DAMAGE COMBAT A228 8
DAMAGE COMBAT A230 5
DAMAGE COMBAT B200 8
DAMAGE COMBAT B201 8
DAMAGE COMBAT B204 1
DAMAGE COMBAT B238 1
END TURN 288
TURN 289
COMMAND LEFT START
MOVE A267 0
TRAIN 1
COMMAND LEFT END
COMMAND RIGHT START
TRAIN 3
COMMAND RIGHT END
TURN 289 RESULT
TIME LEFT 3 5 RIGHT 0 5
TRAIN A275 B257 B258 B259
MOVE A34 28
MOVE A159 74
MOVE A170 74
MOVE A171 74
MOVE A172 74
MOVE A173 74
MOVE A175 28
MOVE A176 74
MOVE A178 48
MOVE A179 48
MOVE A197 48
MOVE A214 10
MOVE A215 62
MOVE A216 10
MOVE A221 14
MOVE A222 14
MOVE A239 36
MOVE A240 36
MOVE A241 48
MOVE A242 52
MOVE A243 52
MOVE A244 64
MOVE A245 64
MOVE A246 64
MOVE A247 76
MOVE A248 76
MOVE A249 10
MOVE A250 10
MOVE A251 10
MOVE A254 74
MOVE A255 74
MOVE A256 74
MOVE A257 10
MOVE A260 9
MOVE A263 9
MOVE A266 10
MOVE A267 17
MOVE A269 28
MOVE A270 28
MOVE B250 68
MOVE B254 94
MOVE B255 106
MOVE B256 106
DAMAGE TURRET A170 2
DAMAGE COMBAT A159 1
DAMAGE COMBAT A170 2
DAMAGE COMBAT A224 1
DAMAGE COMBAT A230 3
DAMAGE COMBAT A231 8
DAMAGE COMBAT A232 8
DAMAGE COMBAT A233 8
DAMAGE COMBAT A234 8
DAMAGE COMBAT A235 1
DAMAGE COMBAT B179 8
DAMAGE COMBAT B182 1
DAMAGE COMBAT B204 7
DAMAGE COMBAT B205 5
DAMAGE COMBAT B238 1
END TURN 289
TURN 290
COMMAND LEFT START
MOVE A215 28
MOVE A269 82
MOVE A261 28
MOVE A262 28
MOVE A272 28
MOVE A273 28
MOVE A274 28
MOVE A275 28
TRAIN 1
COMMAND LEFT END
COMMAND RIGHT START
MOVE B259 94
MOVE B258 94
MOVE B257 94
TRAIN 1
COMMAND RIGHT END
TURN 290 RESULT
TIME LEFT 7 5 RIGHT 0 5
TRAIN A276 B260
MOVE A178 36
MOVE A179 36
MOVE A197 36
MOVE A214 5
MOVE A215 40
MOVE A216 5
MOVE A239 28
MOVE A240 28
MOVE A241 36
MOVE A242 42
MOVE A243 42
MOVE A244 53
MOVE A245 53
MOVE A246 53
MOVE A247 64
MOVE A248 64
MOVE A249 5
MOVE A250 5
MOVE A251 5
MOVE A257 5
MOVE A260 1
MOVE A261 5
MOVE A262 5
MOVE A263 1
MOVE A266 5
MOVE A267 10
MOVE A269 47
MOVE A272 5
MOVE A273 5
MOVE A274 5
MOVE A275 5
MOVE B250 62
MOVE B255 94
MOVE B256 94
MOVE B257 183
MOVE B258 183
MOVE B259 183
DAMAGE TURRET A159 2
DAMAGE COMBAT A159 2
DAMAGE COMBAT A224 1
DAMAGE COMBAT A235 7
DAMAGE COMBAT A236 8
DAMAGE COMBAT A237 8
DAMAGE COMBAT A258 8
DAMAGE COMBAT A259 4
DAMAGE COMBAT B182 7
DAMAGE COMBAT B197 1
DAMAGE COMBAT B205 3
DAMAGE COMBAT B206 4
DAMAGE COMBAT B238 1
END TURN 290
TURN 291
COMMAND LEFT START
MOVE A276 15
TRAIN 2
COMMAND LEFT END
COMMAND RIGHT START
MOVE B260 94
TRAIN 2
COMMAND RIGHT END
TURN 291 RESULT
TIME LEFT 3 5 RIGHT 1 5
TRAIN A277 A278 B261 B262
MOVE A178 28
MOVE A179 28
MOVE A197 28
MOVE A214 0
MOVE A215 24
MOVE A216 0
MOVE A241 28
MOVE A242 27
MOVE A243 27
MOVE A244 48
MOVE A245 48
MOVE A246 48
MOVE A247 53
MOVE A248 53
MOVE A249 0
MOVE A250 0
MOVE A251 0
MOVE A257 0
MOVE A261 10
MOVE A262 10
MOVE A266 0
MOVE A267 5
MOVE A269 66
MOVE A272 10
MOVE A273 10
MOVE A274 10
MOVE A275 10
MOVE A276 6
MOVE B250 54
MOVE B257 178
MOVE B258 178
MOVE B259 178
MOVE B260 183
DAMAGE TURRET A159 2
DAMAGE COMBAT A171 1
DAMAGE COMBAT A215 8
DAMAGE COMBAT A224 1
DAMAGE COMBAT A259 4
DAMAGE COMBAT A264 8
DAMAGE COMBAT A265 8
DAMAGE COMBAT B197 7
DAMAGE COMBAT B206 4
DAMAGE COMBAT B238 1
SIEGE B 74 1
END TURN 291
TURN 292
COMMAND LEFT START
MOVE A249 28
MOVE A250 28
MOVE A251 28
MOVE A252 28
MOVE A253 28
MOVE A257 28
MOVE A266 28
MOVE A277 28
MOVE A278 28
MOVE A260 28
MOVE A263 28
MOVE A174 28
MOVE A214 28
TRAIN 2
COMMAND LEFT END
COMMAND RIGHT START
MOVE B198 74
MOVE B199 74
MOVE B216 74
MOVE B244 74
MOVE B245 74
MOVE B262 94
MOVE B261 94
MOVE B256 14
TRAIN 1
COMMAND RIGHT END
TURN 292 RESULT
TIME LEFT 3 5 RIGHT 0 5
TRAIN A279 A280 B263
MOVE A174 5
MOVE A214 5
MOVE A242 9
MOVE A243 9
MOVE A244 36
MOVE A245 36
MOVE A246 36
MOVE A247 48
MOVE A248 48
MOVE A249 5
MOVE A250 5
MOVE A251 5
MOVE A252 5
MOVE A253 5
MOVE A257 5
MOVE A260 9
MOVE A261 17
MOVE A262 17
MOVE A263 9
MOVE A266 5
MOVE A267 0
MOVE A269 82
MOVE A272 17
MOVE A273 17
MOVE A274 17
MOVE A275 17
MOVE A276 15
MOVE A277 5
MOVE A278 5
MOVE B198 81
MOVE B199 81
MOVE B207 17
MOVE B208 17
MOVE B209 17
MOVE B210 17
MOVE B212 17
MOVE B213 17
MOVE B214 17
MOVE B215 17
MOVE B216 81
MOVE B217 17
MOVE B218 17
MOVE B219 17
MOVE B220 17
MOVE B221 17
MOVE B222 17
MOVE B224 17
MOVE B225 17
MOVE B226 17
MOVE B227 17
MOVE B228 17
MOVE B229 17
MOVE B230 17
MOVE B231 17
MOVE B232 17
MOVE B233 17
MOVE B234 17
MOVE B235 17
MOVE B236 17
MOVE B237 17
MOVE B239 17
MOVE B240 17
MOVE B241 17
MOVE B242 17
MOVE B243 17
MOVE B244 81
MOVE B245 81
MOVE B250 50
MOVE B256 73
MOVE B257 171
MOVE B258 171
MOVE B259 171
MOVE B260 178
MOVE B261 183
MOVE B262 183
DAMAGE TURRET A171 2
DAMAGE COMBAT A224 1
DAMAGE COMBAT A261 8
DAMAGE COMBAT A262 8
DAMAGE COMBAT A272 8
DAMAGE COMBAT A273 8
DAMAGE COMBAT A274 1
DAMAGE COMBAT B207 6
DAMAGE COMBAT B238 1
SIEGE B 74 7
END TURN 292
TURN 293
COMMAND LEFT START
MOVE A269 28
MOVE A280 15
MOVE A179 62
MOVE A34 4
MOVE A175 4
MOVE A178 4
MOVE A197 4
MOVE A239 4
MOVE A240 4
MOVE A241 4
MOVE A270 4
TRAIN 2
COMMAND LEFT END
COMMAND RIGHT START
MOVE B20 74
MOVE B24 74
MOVE B1 74
MOVE B246 114
MOVE B247 114
MOVE B248 142
MOVE B263 94
TRAIN 3
COMMAND RIGHT END
TURN 293 RESULT
TIME LEFT 7 5 RIGHT 0 5
TRAIN A281 A282 B264 B265 B266
MOVE A34 16
MOVE A174 10
MOVE A175 16
MOVE A178 16
MOVE A179 24
MOVE A197 16
MOVE A214 10
MOVE A239 16
MOVE A240 16
MOVE A241 16
MOVE A242 4
MOVE A243 4
MOVE A244 28
MOVE A245 28
MOVE A246 28
MOVE A247 36
MOVE A248 36
MOVE A249 10
MOVE A250 10
MOVE A251 10
MOVE A252 10
MOVE A253 10
MOVE A257 10
MOVE A260 16
MOVE A263 16
MOVE A266 10
MOVE A269 66
MOVE A270 16
MOVE A277 10
MOVE A278 10
MOVE A280 6
MOVE B1 126
MOVE B20 107
MOVE B24 107
MOVE B198 74
MOVE B199 74
MOVE B216 74
MOVE B244 74
MOVE B245 74
MOVE B246 107
MOVE B247 107
MOVE B248 115
MOVE B250 55
MOVE B256 68
MOVE B257 164
MOVE B258 164
MOVE B259 164
MOVE B260 171
MOVE B261 178
MOVE B262 178
MOVE B263 183
DAMAGE TURRET A171 2
DAMAGE TURRET B250 2
DAMAGE COMBAT A32 1
DAMAGE COMBAT A171 2
DAMAGE COMBAT A172 3
DAMAGE COMBAT A224 1
DAMAGE COMBAT A274 7
DAMAGE COMBAT A275 8
DAMAGE COMBAT B198 7
DAMAGE COMBAT B207 2
DAMAGE COMBAT B238 1
DAMAGE COMBAT B250 3
END TURN 293
TURN 294
COMMAND LEFT START
MOVE A271 1
MOVE A281 1
MOVE A282 46
TRAIN 2
COMMAND LEFT END
COMMAND RIGHT START
MOVE B249 74
MOVE B251 74
MOVE B252 74
MOVE B266 94
MOVE B265 94
MOVE B264 94
TRAIN 2
COMMAND RIGHT END
TURN 294 RESULT
TIME LEFT 2 5 RIGHT 0 5
TRAIN A283 A284 B267 B268
MOVE A34 4
MOVE A174 17
MOVE A175 4
MOVE A178 4
MOVE A179 40
MOVE A197 4
MOVE A214 17
MOVE A239 4
MOVE A240 4
MOVE A241 4
MOVE A247 28
MOVE A248 28
MOVE A249 17
MOVE A250 17
MOVE A251 17
MOVE A252 17
MOVE A253 17
MOVE A257 17
MOVE A260 28
MOVE A263 28
MOVE A266 17
MOVE A269 47
MOVE A270 4
MOVE A271 2
MOVE A277 17
MOVE A278 17
MOVE A280 15
MOVE A281 3
MOVE A282 6
MOVE B1 120
MOVE B20 94
MOVE B24 94
MOVE B208 10
MOVE B209 10
MOVE B210 10
MOVE B212 10
MOVE B213 10
MOVE B214 10
MOVE B215 10
MOVE B217 10
MOVE B218 10
MOVE B219 10
MOVE B220 10
MOVE B221 10
MOVE B222 10
MOVE B224 10
MOVE B225 10
MOVE B226 10
MOVE B227 10
MOVE B228 10
MOVE B229 10
MOVE B230 10
MOVE B231 10
MOVE B232 10
MOVE B233 10
MOVE B234 10
MOVE B235 10
MOVE B236 10
MOVE B237 10
MOVE B239 10
MOVE B240 10
MOVE B241 10
MOVE B242 10
MOVE B243 10
MOVE B246 114
MOVE B247 114
MOVE B248 120
MOVE B249 81
MOVE B251 81
MOVE B252 81
MOVE B256 62
MOVE B257 139
MOVE B258 139
MOVE B259 139
MOVE B260 164
MOVE B261 171
MOVE B262 171
MOVE B263 178
MOVE B264 183
MOVE B265 183
MOVE B266 183
DAMAGE TURRET A172 2
DAMAGE TURRET B250 2
DAMAGE COMBAT A32 1
DAMAGE COMBAT A172 3
DAMAGE COMBAT A173 1
DAMAGE COMBAT A224 1
DAMAGE COMBAT B199 6
DAMAGE COMBAT B238 1
DAMAGE COMBAT B250 1
END TURN 294
TURN 295
COMMAND LEFT START
MOVE A197 0
MOVE A239 0
MOVE A240 0
MOVE A241 0
MOVE A242 0
MOVE A243 0
MOVE A268 0
MOVE A270 0
MOVE A244 0
MOVE A245 0
MOVE A246 0
MOVE A247 0
MOVE A248 0
MOVE A260 0
MOVE A263 0
MOVE A173 0
MOVE A176 0
MOVE A254 0
MOVE A255 0
MOVE A256 0
TRAIN 2
COMMAND LEFT END
COMMAND RIGHT START
MOVE B253 74
MOVE B254 74
MOVE B106 74
MOVE B71 114
MOVE B268 94
TRAIN 2
COMMAND RIGHT END
TURN 295 RESULT
TIME LEFT 3 5 RIGHT 0 5
TRAIN A285 A286 B269 B270
MOVE A174 28
MOVE A179 62
MOVE A197 3
MOVE A214 28
MOVE A239 3
MOVE A240 3
MOVE A241 3
MOVE A242 3
MOVE A243 3
MOVE A244 17
MOVE A245 17
MOVE A246 17
MOVE A247 17
MOVE A248 17
MOVE A249 28
MOVE A250 28
MOVE A251 28
MOVE A252 28
MOVE A253 28
MOVE A257 28
MOVE A260 17
MOVE A263 17
MOVE A266 28
MOVE A268 3
MOVE A269 28
MOVE A270 3
MOVE A271 1
MOVE A277 28
MOVE A278 28
MOVE A281 2
MOVE A282 15
MOVE B1 104
MOVE B20 81
MOVE B24 81
MOVE B71 183
MOVE B106 107
MOVE B208 5
MOVE B209 5
MOVE B210 5
MOVE B212 5
MOVE B213 5
MOVE B214 5
MOVE B215 5
MOVE B217 5
MOVE B218 5
MOVE B219 5
MOVE B220 5
MOVE B221 5
MOVE B222 5
MOVE B224 5
MOVE B225 5
MOVE B226 5
MOVE B227 5
MOVE B228 5
MOVE B229 5
MOVE B230 5
MOVE B231 5
MOVE B232 5
MOVE B233 5
MOVE B234 5
MOVE B235 5
MOVE B236 5
MOVE B237 5
MOVE B239 5
MOVE B240 5
MOVE B241 5
MOVE B242 5
MOVE B243 5
MOVE B248 126
MOVE B249 74
MOVE B251 74
MOVE B252 74
MOVE B253 81
MOVE B254 81
MOVE B256 54
MOVE B257 122
MOVE B258 122
MOVE B259 122
MOVE B260 139
MOVE B261 164
MOVE B262 164
MOVE B263 171
MOVE B264 178
MOVE B265 178
MOVE B266 178
MOVE B268 183
DAMAGE TURRET A173 2
DAMAGE COMBAT A173 5
DAMAGE COMBAT A176 2
DAMAGE COMBAT B199 2
DAMAGE COMBAT B216 3
END TURN 295
TURN 296
COMMAND LEFT START
MOVE A174 0
MOVE A214 0
MOVE A249 0
MOVE A250 0
MOVE A251 0
MOVE A252 0
MOVE A253 0
MOVE A179 28
MOVE A257 9
MOVE A266 0
MOVE A269 0
MOVE A277 0
MOVE A278 0
TRAIN 2
COMMAND LEFT END
COMMAND RIGHT START
MOVE B246 74
MOVE B7 74
MOVE B18 74
MOVE B86 160
MOVE B87 142
TRAIN 1
COMMAND RIGHT END
TURN 296 RESULT
TIME LEFT 7 5 RIGHT 0 5
TRAIN A287 A288 B271
MOVE A174 17
MOVE A179 40
MOVE A197 0
MOVE A214 17
MOVE A239 0
MOVE A240 0
MOVE A241 0
MOVE A242 0
MOVE A243 0
MOVE A244 10
MOVE A245 10
MOVE A246 10
MOVE A247 10
MOVE A248 10
MOVE A249 17
MOVE A250 17
MOVE A251 17
MOVE A252 17
MOVE A253 17
MOVE A257 16
MOVE A260 10
MOVE A263 10
MOVE A266 17
MOVE A268 0
MOVE A269 17
MOVE A270 0
MOVE A277 17
MOVE A278 17
MOVE A281 1
MOVE A282 32
MOVE B1 92
MOVE B7 126
MOVE B18 141
MOVE B20 74
MOVE B24 74
MOVE B71 178
MOVE B86 183
MOVE B87 182
MOVE B106 94
MOVE B208 0
MOVE B209 0
MOVE B210 0
MOVE B212 0
MOVE B213 0
MOVE B214 0
MOVE B215 0
MOVE B217 0
MOVE B218 0
MOVE B219 0
MOVE B220 0
MOVE B221 0
MOVE B222 0
MOVE B224 0
MOVE B225 0
MOVE B226 0
MOVE B227 0
MOVE B228 0
MOVE B229 0
MOVE B230 0
MOVE B231 0
MOVE B232 0
MOVE B233 0
MOVE B234 0
MOVE B235 0
MOVE B236 0
MOVE B237 0
MOVE B239 0
MOVE B240 0
MOVE B241 0
MOVE B242 0
MOVE B243 0
MOVE B246 107
MOVE B248 142
MOVE B253 74
MOVE B254 74
MOVE B256 37
MOVE B257 106
MOVE B258 106
MOVE B259 106
MOVE B260 122
MOVE B261 139
MOVE B262 139
MOVE B263 164
MOVE B264 171
MOVE B265 171
MOVE B266 171
MOVE B268 178
DAMAGE TURRET A176 2
DAMAGE TURRET B208 3
DAMAGE COMBAT A176 4
DAMAGE COMBAT A197 8
DAMAGE COMBAT A216 8
DAMAGE COMBAT A219 8
DAMAGE COMBAT A220 8
DAMAGE COMBAT A254 6
DAMAGE COMBAT B208 5
DAMAGE COMBAT B209 8
DAMAGE COMBAT B210 6
DAMAGE COMBAT B216 4
END TURN 296
TURN 297
COMMAND LEFT START
TRAIN 2
COMMAND LEFT END
COMMAND RIGHT START
MOVE B17 74
MOVE B22 74
MOVE B11 74
MOVE B88 173
TRAIN 3
COMMAND RIGHT END
TURN 297 RESULT
TIME LEFT 2 5 RIGHT 0 5
TRAIN A289 A290 B272 B273 B274
MOVE A174 10
MOVE A179 24
MOVE A214 10
MOVE A244 5
MOVE A245 5
MOVE A246 5
MOVE A247 5
MOVE A248 5
MOVE A249 10
MOVE A250 10
MOVE A251 10
MOVE A252 10
MOVE A253 10
MOVE A257 9
MOVE A260 5
MOVE A263 5
MOVE A266 10
MOVE A269 10
MOVE A277 10
MOVE A278 10
MOVE A282 46
MOVE B1 74
MOVE B7 120
MOVE B11 156
MOVE B17 126
MOVE B18 122
MOVE B22 141
MOVE B71 171
MOVE B86 178
MOVE B87 173
MOVE B88 182
MOVE B106 81
MOVE B246 94
MOVE B256 26
MOVE B257 94
MOVE B258 94
MOVE B259 94
MOVE B260 106
MOVE B261 122
MOVE B262 122
MOVE B263 139
MOVE B264 164
MOVE B265 164
MOVE B266 164
MOVE B268 171
DAMAGE TURRET A254 2
DAMAGE TURRET B210 2
DAMAGE TURRET B212 1
DAMAGE COMBAT A239 8
DAMAGE COMBAT A240 8
DAMAGE COMBAT A241 8
DAMAGE COMBAT A242 6
DAMAGE COMBAT A255 8
DAMAGE COMBAT A256 3
DAMAGE COMBAT B1 2
DAMAGE COMBAT B212 7
DAMAGE COMBAT B213 8
DAMAGE COMBAT B214 2
DAMAGE COMBAT B216 1
END TURN 297
TURN 298
COMMAND LEFT START
MOVE A257 46
TRAIN 3
COMMAND LEFT END
COMMAND RIGHT START
MOVE B255 74
MOVE B257 74
MOVE B258 74
MOVE B174 160
MOVE B267 142
MOVE B274 94
TRAIN 1
COMMAND RIGHT END
TURN 298 RESULT
TIME LEFT 6 5 RIGHT 0 5
TRAIN A291 A292 A293 B275
MOVE A174 5
MOVE A179 28
MOVE A214 5
MOVE A244 0
MOVE A245 0
MOVE A246 0
MOVE A247 0
MOVE A248 0
MOVE A249 5
MOVE A250 5
MOVE A251 5
MOVE A252 5
MOVE A253 5
MOVE A257 16
MOVE A260 0
MOVE A263 0
MOVE A266 5
MOVE A269 5
MOVE A277 5
MOVE A278 5
MOVE B7 104
MOVE B11 142
MOVE B17 120
MOVE B18 115
MOVE B22 122
MOVE B71 164
MOVE B86 171
MOVE B87 156
MOVE B88 173
MOVE B106 74
MOVE B174 183
MOVE B246 81
MOVE B255 81
MOVE B256 18
MOVE B257 81
MOVE B258 81
MOVE B260 94
MOVE B261 106
MOVE B262 106
MOVE B263 122
MOVE B264 139
MOVE B265 139
MOVE B266 139
MOVE B267 182
MOVE B268 164
MOVE B274 183
DAMAGE TURRET A256 2
DAMAGE TURRET B214 3
DAMAGE COMBAT A242 2
DAMAGE COMBAT A243 8
DAMAGE COMBAT A244 8
DAMAGE COMBAT A245 8
DAMAGE COMBAT A246 1
DAMAGE COMBAT A256 3
DAMAGE COMBAT B1 1
DAMAGE COMBAT B214 3
DAMAGE COMBAT B215 8
DAMAGE COMBAT B217 8
DAMAGE COMBAT B218 5
END TURN 298
TURN 299
COMMAND LEFT START
TRAIN 2
COMMAND LEFT END
COMMAND RIGHT START
MOVE B1 114
MOVE B275 94
MOVE B254 133
MOVE B253 94
MOVE B252 94
MOVE B251 94
MOVE B249 94
MOVE B245 94
MOVE B244 94
TRAIN 3
COMMAND RIGHT END
TURN 299 RESULT
TIME LEFT 6 5 RIGHT 0 5
TRAIN A294 A295 B276 B277 B278
MOVE A174 0
MOVE A214 0
MOVE A249 0
MOVE A250 0
MOVE A251 0
MOVE A252 0
MOVE A253 0
MOVE A257 17
MOVE A266 0
MOVE A269 0
MOVE A277 0
MOVE A278 0
MOVE B1 81
MOVE B7 92
MOVE B11 126
MOVE B17 104
MOVE B18 104
MOVE B22 115
MOVE B71 141
MOVE B86 160
MOVE B87 142
MOVE B174 178
MOVE B244 81
MOVE B245 81
MOVE B246 74
MOVE B249 81
MOVE B251 81
MOVE B252 81
MOVE B253 81
MOVE B254 92
MOVE B255 74
MOVE B256 14
MOVE B257 74
MOVE B258 74
MOVE B261 94
MOVE B262 94
MOVE B263 106
MOVE B264 122
MOVE B265 122
MOVE B266 122
MOVE B267 173
MOVE B268 139
MOVE B274 178
MOVE B275 183
DAMAGE TURRET B218 3
DAMAGE TURRET B256 2
DAMAGE COMBAT A2 1
DAMAGE COMBAT A174 8
DAMAGE COMBAT A214 5
DAMAGE COMBAT A246 7
DAMAGE COMBAT A247 4
DAMAGE COMBAT B219 8
DAMAGE COMBAT B220 8
DAMAGE COMBAT B221 8
DAMAGE COMBAT B222 8
DAMAGE COMBAT B224 1
DAMAGE COMBAT B256 3
END TURN 299
TURN 300
COMMAND LEFT START
MOVE A252 28
MOVE A253 28
MOVE A260 28
MOVE A263 28
MOVE A266 28
MOVE A267 28
MOVE A268 28
MOVE A269 28
MOVE A270 28
MOVE A277 28
MOVE A278 28
MOVE A279 28
MOVE A283 28
MOVE A284 28
MOVE A285 28
MOVE A286 28
MOVE A287 28
MOVE A288 28
MOVE A289 28
MOVE A290 28
MOVE A291 28
MOVE A292 28
MOVE A293 28
MOVE A294 28
MOVE A295 28
TRAIN 3
COMMAND LEFT END
COMMAND RIGHT START
MOVE B278 94
MOVE B277 94
MOVE B276 94
MOVE B258 94
MOVE B257 94
MOVE B255 94
MOVE B246 94
TRAIN 2
COMMAND RIGHT END
TURN 300 RESULT
TIME LEFT 7 5 RIGHT 0 5
TRAIN A296 A297 A298 B279 B280
MOVE A257 23
MOVE B1 94
MOVE B7 74
MOVE B11 120
MOVE B17 92
MOVE B18 92
MOVE B22 104
MOVE B71 130
MOVE B174 171
MOVE B244 94
MOVE B245 94
MOVE B246 81
MOVE B249 94
MOVE B251 94
MOVE B252 94
MOVE B253 94
MOVE B254 101
MOVE B255 81
MOVE B257 81
MOVE B258 81
MOVE B263 94
MOVE B264 106
MOVE B265 106
MOVE B266 106
MOVE B267 156
MOVE B268 122
MOVE B274 171
MOVE B275 178
MOVE B276 183
MOVE B277 183
MOVE B278 183
DAMAGE TURRET B224 3
DAMAGE TURRET B256 2
DAMAGE COMBAT A2 1
DAMAGE COMBAT A247 4
DAMAGE COMBAT A248 8
DAMAGE COMBAT A249 7
DAMAGE COMBAT B224 4
DAMAGE COMBAT B225 8
DAMAGE COMBAT B226 8
DAMAGE COMBAT B227 8
DAMAGE COMBAT B228 5
DAMAGE COMBAT B256 1
END TURN 300
TURN 301
COMMAND LEFT START
MOVE A179 0
TRAIN 2
COMMAND LEFT END
COMMAND RIGHT START
MOVE B263 15
MOVE B262 15
MOVE B261 15
MOVE B260 15
MOVE B259 15
MOVE B253 15
MOVE B252 15
MOVE B251 15
MOVE B249 15
COMMAND RIGHT END
TURN 301 RESULT
TIME LEFT 1 5 RIGHT 0 5
TRAIN A299 A300
MOVE A179 17
MOVE A257 31
MOVE B1 107
MOVE B11 104
MOVE B17 74
MOVE B18 74
MOVE B22 92
MOVE B71 114
MOVE B174 160
MOVE B246 94
MOVE B249 73
MOVE B251 73
MOVE B252 73
MOVE B253 73
MOVE B254 103
MOVE B255 94
MOVE B257 94
MOVE B258 94
MOVE B259 73
MOVE B260 73
MOVE B261 73
MOVE B262 73
MOVE B263 73
MOVE B264 94
MOVE B265 94
MOVE B266 94
MOVE B267 142
MOVE B268 106
MOVE B274 164
MOVE B275 171
MOVE B276 178
MOVE B277 178
MOVE B278 178
DAMAGE TURRET B228 3
DAMAGE COMBAT A249 1
DAMAGE COMBAT A250 8
DAMAGE COMBAT A251 6
DAMAGE COMBAT B229 8
DAMAGE COMBAT B230 8
DAMAGE COMBAT B231 8
DAMAGE COMBAT B232 8
DAMAGE COMBAT B233 1
END TURN 301
TURN 302
COMMAND LEFT START
TRAIN 3
COMMAND LEFT END
COMMAND RIGHT START
MOVE B280 94
MOVE B279 94
MOVE B106 94
MOVE B24 94
MOVE B20 94
TRAIN 3
COMMAND RIGHT END
TURN 302 RESULT
TIME LEFT 1 5 RIGHT 0 5
TRAIN A301 A302 A303 B281 B282 B283
MOVE A179 10
MOVE A257 46
MOVE B1 114
MOVE B11 92
MOVE B20 81
MOVE B22 74
MOVE B24 81
MOVE B106 81
MOVE B249 61
MOVE B251 61
MOVE B252 61
MOVE B253 61
MOVE B254 117
MOVE B259 61
MOVE B260 61
MOVE B261 61
MOVE B262 61
MOVE B263 61
MOVE B268 94
MOVE B274 139
MOVE B275 164
MOVE B276 171
MOVE B277 171
MOVE B278 171
MOVE B279 183
MOVE B280 183
DAMAGE TURRET B233 3
DAMAGE COMBAT A251 2
DAMAGE COMBAT A252 8
DAMAGE COMBAT B233 4
DAMAGE COMBAT B234 8
DAMAGE COMBAT B235 8
DAMAGE COMBAT B236 8
DAMAGE COMBAT B237 6
END TURN 302
TURN 303
COMMAND LEFT START
MOVE A301 46
MOVE A302 46
MOVE A303 46
TRAIN 2
COMMAND LEFT END
COMMAND RIGHT START
MOVE B283 94
MOVE B282 94
MOVE B281 94
MOVE B268 28
MOVE B22 94
TRAIN 3
COMMAND RIGHT END
TURN 303 RESULT
TIME LEFT 1 5 RIGHT 1 5
TRAIN A304 A305 B284 B285 B286
MOVE A179 5
MOVE B11 74
MOVE B20 94
MOVE B22 81
MOVE B24 94
MOVE B106 94
MOVE B249 40
MOVE B251 40
MOVE B252 40
MOVE B253 40
MOVE B254 138
MOVE B259 40
MOVE B260 40
MOVE B261 40
MOVE B262 40
MOVE B263 40
MOVE B268 82
MOVE B274 122
MOVE B275 139
MOVE B276 164
MOVE B277 164
MOVE B278 164
MOVE B279 178
MOVE B280 178
MOVE B281 183
MOVE B282 183
MOVE B283 183
DAMAGE TURRET B237 2
DAMAGE TURRET B239 1
DAMAGE COMBAT A253 6
DAMAGE COMBAT B239 7
DAMAGE COMBAT B240 8
DAMAGE COMBAT B241 8
DAMAGE COMBAT B242 8
DAMAGE COMBAT B243 3
END TURN 303
TURN 304
COMMAND LEFT START
MOVE A304 46
MOVE A305 46
TRAIN 3
COMMAND LEFT END
COMMAND RIGHT START
MOVE B286 94
MOVE B285 94
MOVE B284 94
MOVE B266 55
MOVE B18 94
TRAIN 3
COMMAND RIGHT END
TURN 304 RESULT
TIME LEFT 1 5 RIGHT 0 5
TRAIN A306 A307 A308 B287 B288 B289
MOVE A179 0
MOVE B18 81
MOVE B22 94
MOVE B249 31
MOVE B251 31
MOVE B252 31
MOVE B253 31
MOVE B254 133
MOVE B259 31
MOVE B260 31
MOVE B261 31
MOVE B262 31
MOVE B263 31
MOVE B266 73
MOVE B268 66
MOVE B274 106
MOVE B275 122
MOVE B276 139
MOVE B277 139
MOVE B278 139
MOVE B279 171
MOVE B280 171
MOVE B281 178
MOVE B282 178
MOVE B283 178
MOVE B284 183
MOVE B285 183
MOVE B286 183
DAMAGE TURRET B243 3
DAMAGE TURRET B254 2
DAMAGE COMBAT A121 1
DAMAGE COMBAT A253 1
DAMAGE COMBAT B243 2
DAMAGE COMBAT B254 3
END TURN 304
TURN 305
COMMAND LEFT START
MOVE A300 15
MOVE A306 15
MOVE A307 15
MOVE A308 15
TRAIN 2
COMMAND LEFT END
COMMAND RIGHT START
MOVE B265 46
MOVE B264 46
MOVE B258 46
MOVE B257 46
MOVE B255 46
MOVE B246 46
MOVE B245 46
MOVE B244 46
MOVE B106 46
MOVE B24 46
COMMAND RIGHT END
TURN 305 RESULT
TIME LEFT 2 5 RIGHT 1 5
TRAIN A309 A310
MOVE A253 5
MOVE A260 5
MOVE A263 5
MOVE A266 5
MOVE A267 5
MOVE A268 5
MOVE A269 5
MOVE A270 5
MOVE A277 5
MOVE A278 5
MOVE A279 5
MOVE A283 5
MOVE A284 5
MOVE A285 5
MOVE A286 5
MOVE A287 5
MOVE A288 5
MOVE A289 5
MOVE A290 5
MOVE A291 5
MOVE A292 5
MOVE A293 5
MOVE A294 5
MOVE A295 5
MOVE A300 6
MOVE A301 6
MOVE A302 6
MOVE A303 6
MOVE A304 6
MOVE A305 6
MOVE A306 6
MOVE A307 6
MOVE A308 6
MOVE B18 94
MOVE B24 73
MOVE B106 73
MOVE B244 73
MOVE B245 73
MOVE B246 73
MOVE B249 15
MOVE B251 15
MOVE B252 15
MOVE B253 15
MOVE B255 73
MOVE B257 73
MOVE B258 73
MOVE B259 15
MOVE B260 15
MOVE B261 15
MOVE B262 15
MOVE B263 15
MOVE B264 73
MOVE B265 73
MOVE B266 68
MOVE B268 47
MOVE B274 94
MOVE B275 106
MOVE B276 122
MOVE B277 122
MOVE B278 122
MOVE B279 164
MOVE B280 164
MOVE B281 171
MOVE B282 171
MOVE B283 171
MOVE B284 178
MOVE B285 178
MOVE B286 178
DAMAGE TURRET B249 2
DAMAGE TURRET B254 2
DAMAGE COMBAT A5 2
DAMAGE COMBAT A121 1
DAMAGE COMBAT A276 7
DAMAGE COMBAT B249 3
DAMAGE COMBAT B254 1
END TURN 305
TURN 306
COMMAND LEFT START
MOVE A309 15
MOVE A310 15
TRAIN 3
COMMAND LEFT END
COMMAND RIGHT START
MOVE B289 94
MOVE B288 94
MOVE B287 94
TRAIN 3
COMMAND RIGHT END
TURN 306 RESULT
TIME LEFT 2 5 RIGHT 0 5
TRAIN A311 A312 A313 B290 B291 B292
MOVE A253 10
MOVE A260 10
MOVE A263 10
MOVE A266 10
MOVE A267 10
MOVE A268 10
MOVE A269 10
MOVE A270 10
MOVE A277 10
MOVE A278 10
MOVE A279 10
MOVE A283 10
MOVE A284 10
MOVE A285 10
MOVE A286 10
MOVE A287 10
MOVE A288 10
MOVE A289 10
MOVE A290 10
MOVE A291 10
MOVE A292 10
MOVE A293 10
MOVE A294 10
MOVE A295 10
MOVE A300 15
MOVE A301 15
MOVE A302 15
MOVE A303 15
MOVE A304 15
MOVE A305 15
MOVE A306 15
MOVE A307 15
MOVE A308 15
MOVE A309 6
MOVE A310 6
MOVE B24 68
MOVE B106 68
MOVE B244 68
MOVE B245 68
MOVE B246 68
MOVE B255 68
MOVE B257 68
MOVE B258 68
MOVE B264 68
MOVE B265 68
MOVE B266 62
MOVE B268 28
MOVE B275 94
MOVE B276 106
MOVE B277 106
MOVE B278 106
MOVE B279 139
MOVE B280 139
MOVE B281 164
MOVE B282 164
MOVE B283 164
MOVE B284 171
MOVE B285 171
MOVE B286 171
MOVE B287 183
MOVE B288 183
MOVE B289 183
DAMAGE TURRET B249 2
DAMAGE TURRET B268 2
DAMAGE COMBAT A16 1
DAMAGE COMBAT A276 1
DAMAGE COMBAT A280 8
DAMAGE COMBAT B249 1
DAMAGE COMBAT B251 8
DAMAGE COMBAT B252 2
DAMAGE COMBAT B268 3
END TURN 306
TURN 307
COMMAND LEFT START
MOVE A311 14
MOVE A312 46
MOVE A313 46
TRAIN 2
COMMAND LEFT END
COMMAND RIGHT START
MOVE B292 94
MOVE B291 94
MOVE B290 94
TRAIN 3
COMMAND RIGHT END
TURN 307 RESULT
TIME LEFT 2 5 RIGHT 0 5
TRAIN A314 A315 B293 B294 B295
MOVE A253 17
MOVE A260 17
MOVE A263 17
MOVE A266 17
MOVE A267 17
MOVE A268 17
MOVE A269 17
MOVE A270 17
MOVE A277 17
MOVE A278 17
MOVE A279 17
MOVE A283 17
MOVE A284 17
MOVE A285 17
MOVE A286 17
MOVE A287 17
MOVE A288 17
MOVE A289 17
MOVE A290 17
MOVE A291 17
MOVE A292 17
MOVE A293 17
MOVE A294 17
MOVE A295 17
MOVE A309 15
MOVE A310 15
MOVE A311 8
MOVE A312 6
MOVE A313 6
MOVE B24 62
MOVE B106 62
MOVE B244 62
MOVE B245 62
MOVE B246 62
MOVE B255 62
MOVE B257 62
MOVE B258 62
MOVE B264 62
MOVE B265 62
MOVE B266 54
MOVE B276 94
MOVE B277 94
MOVE B278 94
MOVE B279 122
MOVE B280 122
MOVE B281 139
MOVE B282 139
MOVE B283 139
MOVE B284 164
MOVE B285 164
MOVE B286 164
MOVE B287 178
MOVE B288 178
MOVE B289 178
MOVE B290 183
MOVE B291 183
MOVE B292 183
DAMAGE TURRET B252 2
DAMAGE TURRET B268 2
DAMAGE COMBAT A16 1
DAMAGE COMBAT A300 7
DAMAGE COMBAT B252 4
DAMAGE COMBAT B253 7
DAMAGE COMBAT B268 1
END TURN 307
TURN 308
COMMAND LEFT START
MOVE A308 47
MOVE A314 46
MOVE A315 46
MOVE A309 46
MOVE A310 46
TRAIN 2
COMMAND LEFT END
COMMAND RIGHT START
MOVE B295 94
MOVE B294 94
MOVE B293 94
MOVE B278 133
TRAIN 1
COMMAND RIGHT END
TURN 308 RESULT
TIME LEFT 6 5 RIGHT 0 5
TRAIN A316 A317 B296
MOVE A253 28
MOVE A260 28
MOVE A263 28
MOVE A266 28
MOVE A267 28
MOVE A268 28
MOVE A269 28
MOVE A270 28
MOVE A277 28
MOVE A278 28
MOVE A279 28
MOVE A283 28
MOVE A284 28
MOVE A285 28
MOVE A286 28
MOVE A287 28
MOVE A288 28
MOVE A289 28
MOVE A290 28
MOVE A291 28
MOVE A292 28
MOVE A293 28
MOVE A294 28
MOVE A295 28
MOVE A311 14
MOVE A312 15
MOVE A313 15
MOVE A314 6
MOVE A315 6
MOVE B24 46
MOVE B106 46
MOVE B244 46
MOVE B245 46
MOVE B246 46
MOVE B255 46
MOVE B257 46
MOVE B258 46
MOVE B264 46
MOVE B265 46
MOVE B266 50
MOVE B278 115
MOVE B279 106
MOVE B280 106
MOVE B281 122
MOVE B282 122
MOVE B283 122
MOVE B284 139
MOVE B285 139
MOVE B286 139
MOVE B287 171
MOVE B288 171
MOVE B289 171
MOVE B290 178
MOVE B291 178
MOVE B292 178
MOVE B293 183
MOVE B294 183
MOVE B295 183
DAMAGE TURRET B24 2
DAMAGE TURRET B253 1
DAMAGE TURRET B259 1
DAMAGE COMBAT A23 6
DAMAGE COMBAT A257 4
DAMAGE COMBAT A300 1
DAMAGE COMBAT A301 5
DAMAGE COMBAT B24 3
DAMAGE COMBAT B259 7
DAMAGE COMBAT B260 6
END TURN 308
TURN 309
COMMAND LEFT START
MOVE A316 133
MOVE A317 133
MOVE A253 94
MOVE A260 94
MOVE A263 94
MOVE A266 94
MOVE A267 94
MOVE A268 94
MOVE A269 94
TRAIN 2
COMMAND LEFT END
COMMAND RIGHT START
MOVE B296 94
TRAIN 3
COMMAND RIGHT END
TURN 309 RESULT
TIME LEFT 2 5 RIGHT 0 5
TRAIN A318 A319 B297 B298 B299
MOVE A253 47
MOVE A260 47
MOVE A263 47
MOVE A266 47
MOVE A267 47
MOVE A268 47
MOVE A269 47
MOVE A314 15
MOVE A315 15
MOVE A316 5
MOVE A317 5
MOVE B266 55
MOVE B278 120
MOVE B279 94
MOVE B280 94
MOVE B281 106
MOVE B282 106
MOVE B283 106
MOVE B284 122
MOVE B285 122
MOVE B286 122
MOVE B287 164
MOVE B288 164
MOVE B289 164
MOVE B290 171
MOVE B291 171
MOVE B292 171
MOVE B293 178
MOVE B294 178
MOVE B295 178
MOVE B296 183
DAMAGE TURRET B24 1
DAMAGE TURRET B106 1
DAMAGE TURRET B260 2
DAMAGE TURRET B266 2
DAMAGE COMBAT A32 1
DAMAGE COMBAT A257 4
DAMAGE COMBAT A282 6
DAMAGE COMBAT A301 3
DAMAGE COMBAT A302 1
DAMAGE COMBAT B106 2
DAMAGE COMBAT B261 8
DAMAGE COMBAT B262 6
DAMAGE COMBAT B266 3
END TURN 309
TURN 310
COMMAND LEFT START
MOVE A318 133
MOVE A319 133
MOVE A270 74
MOVE A277 74
MOVE A278 74
MOVE A279 74
MOVE A283 74
MOVE A284 74
MOVE A285 74
MOVE A286 74
MOVE A287 74
MOVE A288 74
MOVE A289 74
MOVE A290 74
MOVE A291 74
MOVE A292 74
MOVE A293 74
MOVE A294 74
MOVE A295 74
TRAIN 1
COMMAND LEFT END
COMMAND RIGHT START
MOVE B299 94
MOVE B298 94
MOVE B297 94
TRAIN 3
COMMAND RIGHT END
TURN 310 RESULT
TIME LEFT 1 5 RIGHT 0 5
TRAIN A320 B300 B301 B302
MOVE A253 66
MOVE A260 66
MOVE A263 66
MOVE A266 66
MOVE A267 66
MOVE A268 66
MOVE A269 66
MOVE A270 36
MOVE A277 36
MOVE A278 36
MOVE A279 36
MOVE A283 36
MOVE A284 36
MOVE A285 36
MOVE A286 36
MOVE A287 36
MOVE A288 36
MOVE A289 36
MOVE A290 36
MOVE A291 36
MOVE A292 36
MOVE A293 36
MOVE A294 36
MOVE A295 36
MOVE A316 10
MOVE A317 10
MOVE A318 5
MOVE A319 5
MOVE B278 126
MOVE B281 94
MOVE B282 94
MOVE B283 94
MOVE B284 106
MOVE B285 106
MOVE B286 106
MOVE B287 139
MOVE B288 139
MOVE B289 139
MOVE B290 164
MOVE B291 164
MOVE B292 164
MOVE B293 171
MOVE B294 171
MOVE B295 171
MOVE B296 178
MOVE B297 183
MOVE B298 183
MOVE B299 183
DAMAGE TURRET B106 2
DAMAGE TURRET B262 2
DAMAGE TURRET B266 2
DAMAGE COMBAT A52 1
DAMAGE COMBAT A282 2
DAMAGE COMBAT A302 2
DAMAGE COMBAT B106 1
DAMAGE COMBAT B263 8
DAMAGE COMBAT B266 1
SIEGE A 46 7
END TURN 310
TURN 311
COMMAND LEFT START
MOVE A320 15
TRAIN 2
COMMAND LEFT END
COMMAND RIGHT START
MOVE B302 94
MOVE B301 94
MOVE B300 94
TRAIN 3
COMMAND RIGHT END
TURN 311 RESULT
TIME LEFT 2 5 RIGHT 0 5
TRAIN A321 A322 B303 B304 B305
MOVE A253 82
MOVE A260 82
MOVE A263 82
MOVE A266 82
MOVE A267 82
MOVE A268 82
MOVE A269 82
MOVE A270 48
MOVE A277 48
MOVE A278 48
MOVE A279 48
MOVE A283 48
MOVE A284 48
MOVE A285 48
MOVE A286 48
MOVE A287 48
MOVE A288 48
MOVE A289 48
MOVE A290 48
MOVE A291 48
MOVE A292 48
MOVE A293 48
MOVE A294 48
MOVE A295 48
MOVE A302 32
MOVE A303 32
MOVE A304 32
MOVE A305 32
MOVE A308 23
MOVE A309 32
MOVE A310 32
MOVE A312 32
MOVE A313 32
MOVE A314 32
MOVE A315 32
MOVE A316 17
MOVE A317 17
MOVE A318 10
MOVE A319 10
MOVE A320 6
MOVE B278 134
MOVE B284 94
MOVE B285 94
MOVE B286 94
MOVE B287 122
MOVE B288 122
MOVE B289 122
MOVE B290 139
MOVE B291 139
MOVE B292 139
MOVE B293 164
MOVE B294 164
MOVE B295 164
MOVE B296 171
MOVE B297 178
MOVE B298 178
MOVE B299 178
MOVE B300 183
MOVE B301 183
MOVE B302 183
DAMAGE TURRET B106 2
SIEGE A 46 9
END TURN 311
TURN 312
COMMAND LEFT START
MOVE A321 55
MOVE A322 28
TRAIN 2
COMMAND LEFT END
COMMAND RIGHT START
MOVE B286 55
MOVE B305 94
MOVE B304 94
MOVE B303 94
TRAIN 2
COMMAND RIGHT END
TURN 312 RESULT
TIME LEFT 2 5 RIGHT 0 5
TRAIN A323 A324 B306 B307
MOVE A253 94
MOVE A260 94
MOVE A263 94
MOVE A266 94
MOVE A267 94
MOVE A268 94
MOVE A269 94
MOVE A270 58
MOVE A277 58
MOVE A278 58
MOVE A279 58
MOVE A283 58
MOVE A284 58
MOVE A285 58
MOVE A286 58
MOVE A287 58
MOVE A288 58
MOVE A289 58
MOVE A290 58
MOVE A291 58
MOVE A292 58
MOVE A293 58
MOVE A294 58
MOVE A295 58
MOVE A302 46
MOVE A303 46
MOVE A304 46
MOVE A305 46
MOVE A308 24
MOVE A309 46
MOVE A310 46
MOVE A312 46
MOVE A313 46
MOVE A314 46
MOVE A315 46
MOVE A316 28
MOVE A317 28
MOVE A318 17
MOVE A319 17
MOVE A320 15
MOVE A321 8
MOVE A322 5
MOVE B278 138
MOVE B286 73
MOVE B287 106
MOVE B288 106
MOVE B289 106
MOVE B290 122
MOVE B291 122
MOVE B292 122
MOVE B293 139
MOVE B294 139
MOVE B295 139
MOVE B296 164
MOVE B297 171
MOVE B298 171
MOVE B299 171
MOVE B300 178
MOVE B301 178
MOVE B302 178
MOVE B303 183
MOVE B304 183
MOVE B305 183
DAMAGE TURRET A253 1
DAMAGE TURRET A260 1
DAMAGE TURRET B244 2
DAMAGE COMBAT A260 7
DAMAGE COMBAT A263 7
DAMAGE COMBAT A302 5
DAMAGE COMBAT A303 3
DAMAGE COMBAT B18 6
DAMAGE COMBAT B20 1
DAMAGE COMBAT B244 6
DAMAGE COMBAT B245 4
END TURN 312
TURN 313
COMMAND LEFT START
MOVE A323 28
MOVE A324 28
TRAIN 2
COMMAND LEFT END
COMMAND RIGHT START
MOVE B307 74
MOVE B306 74
TRAIN 3
COMMAND RIGHT END
TURN 313 RESULT
TIME LEFT 2 5 RIGHT 0 5
TRAIN A325 A326 B308 B309 B310
MOVE A270 74
MOVE A277 74
MOVE A278 74
MOVE A279 74
MOVE A283 74
MOVE A284 74
MOVE A285 74
MOVE A286 74
MOVE A287 74
MOVE A288 74
MOVE A289 74
MOVE A290 74
MOVE A291 74
MOVE A292 74
MOVE A293 74
MOVE A294 74
MOVE A295 74
MOVE A308 47
MOVE A316 36
MOVE A317 36
MOVE A318 28
MOVE A319 28
MOVE A321 18
MOVE A322 10
MOVE A323 5
MOVE A324 5
MOVE B278 133
MOVE B286 68
MOVE B287 94
MOVE B288 94
MOVE B289 94
MOVE B290 106
MOVE B291 106
MOVE B292 106
MOVE B293 122
MOVE B294 122
MOVE B295 122
MOVE B296 139
MOVE B297 164
MOVE B298 164
MOVE B299 164
MOVE B300 171
MOVE B301 171
MOVE B302 171
MOVE B303 178
MOVE B304 178
MOVE B305 178
MOVE B306 182
MOVE B307 182
DAMAGE TURRET A263 1
DAMAGE TURRET A266 1
DAMAGE TURRET A270 2
DAMAGE TURRET B245 2
DAMAGE TURRET B278 2
DAMAGE COMBAT A121 1
DAMAGE COMBAT A266 7
DAMAGE COMBAT A267 8
DAMAGE COMBAT A268 1
DAMAGE COMBAT A270 3
DAMAGE COMBAT A303 5
DAMAGE COMBAT A304 2
DAMAGE COMBAT B7 5
DAMAGE COMBAT B11 6
DAMAGE COMBAT B17 6
DAMAGE COMBAT B20 5
DAMAGE COMBAT B245 2
DAMAGE COMBAT B246 7
DAMAGE COMBAT B278 3
END TURN 313
TURN 314
COMMAND LEFT START
MOVE A308 28
MOVE A310 28
MOVE A312 28
MOVE A313 28
MOVE A314 28
MOVE A315 28
MOVE A325 28
MOVE A326 28
TRAIN 3
COMMAND LEFT END
COMMAND RIGHT START
MOVE B310 142
MOVE B309 142
MOVE B308 142
TRAIN 1
COMMAND RIGHT END
TURN 314 RESULT
TIME LEFT 2 5 RIGHT 0 5
TRAIN A327 A328 A329 B311
MOVE A308 28
MOVE A316 48
MOVE A317 48
MOVE A318 36
MOVE A319 36
MOVE A321 34
MOVE A322 17
MOVE A323 10
MOVE A324 10
MOVE A325 5
MOVE A326 5
MOVE B286 62
MOVE B290 94
MOVE B291 94
MOVE B292 94
MOVE B293 106
MOVE B294 106
MOVE B295 106
MOVE B296 122
MOVE B297 139
MOVE B298 139
MOVE B299 139
MOVE B300 164
MOVE B301 164
MOVE B302 164
MOVE B303 171
MOVE B304 171
MOVE B305 171
MOVE B306 173
MOVE B307 173
MOVE B308 182
MOVE B309 182
MOVE B310 182
DAMAGE TURRET A268 2
DAMAGE TURRET A270 2
DAMAGE TURRET B246 1
DAMAGE TURRET B255 1
DAMAGE TURRET B278 2
DAMAGE COMBAT A121 1
DAMAGE COMBAT A268 5
DAMAGE COMBAT A269 8
DAMAGE COMBAT A304 6
DAMAGE COMBAT B22 2
DAMAGE COMBAT B255 7
DAMAGE COMBAT B257 1
DAMAGE COMBAT B278 1
SIEGE B 74 10
END TURN 314
TURN 315
COMMAND LEFT START
MOVE A308 46
MOVE A327 46
MOVE A277 76
MOVE A328 133
MOVE A329 133
MOVE A278 28
MOVE A279 28
MOVE A283 28
MOVE A284 28
MOVE A285 28
MOVE A286 28
MOVE A287 28
MOVE A288 28
MOVE A289 28
MOVE A290 28
MOVE A291 28
MOVE A292 28
MOVE A293 28
MOVE A294 28
MOVE A295 28
TRAIN 2
COMMAND LEFT END
COMMAND RIGHT START
MOVE B311 94
TRAIN 3
COMMAND RIGHT END
TURN 315 RESULT
TIME LEFT 7 5 RIGHT 0 5
TRAIN A330 A331 B312 B313 B314
MOVE A277 76
MOVE A278 58
MOVE A279 58
MOVE A283 58
MOVE A284 58
MOVE A285 58
MOVE A286 58
MOVE A287 58
MOVE A288 58
MOVE A289 58
MOVE A290 58
MOVE A291 58
MOVE A292 58
MOVE A293 58
MOVE A294 58
MOVE A295 58
MOVE A308 24
MOVE A316 53
MOVE A317 53
MOVE A318 48
MOVE A319 48
MOVE A321 45
MOVE A322 28
MOVE A323 17
MOVE A324 17
MOVE A325 10
MOVE A326 10
MOVE A327 6
MOVE A328 5
MOVE A329 5
MOVE B286 54
MOVE B293 94
MOVE B294 94
MOVE B295 94
MOVE B296 106
MOVE B297 122
MOVE B298 122
MOVE B299 122
MOVE B300 139
MOVE B301 139
MOVE B302 139
MOVE B303 164
MOVE B304 164
MOVE B305 164
MOVE B306 156
MOVE B307 156
MOVE B308 173
MOVE B309 173
MOVE B310 173
MOVE B311 183
DAMAGE TURRET B257 2
DAMAGE COMBAT A305 4
DAMAGE COMBAT B257 5
DAMAGE COMBAT B258 2
END TURN 315
TURN 316
COMMAND LEFT START
MOVE A330 133
MOVE A331 133
MOVE A277 28
TRAIN 3
COMMAND LEFT END
COMMAND RIGHT START
MOVE B314 94
MOVE B313 94
MOVE B312 94
TRAIN 3
COMMAND RIGHT END
TURN 316 RESULT
TIME LEFT 2 5 RIGHT 0 5
TRAIN A332 A333 A334 B315 B316 B317
MOVE A277 64
MOVE A278 48
MOVE A279 48
MOVE A283 48
MOVE A284 48
MOVE A285 48
MOVE A286 48
MOVE A287 48
MOVE A288 48
MOVE A289 48
MOVE A290 48
MOVE A291 48
MOVE A292 48
MOVE A293 48
MOVE A294 48
MOVE A295 48
MOVE A308 40
MOVE A316 64
MOVE A317 64
MOVE A318 53
MOVE A319 53
MOVE A321 55
MOVE A323 28
MOVE A324 28
MOVE A325 17
MOVE A326 17
MOVE A327 15
MOVE A328 10
MOVE A329 10
MOVE A330 5
MOVE A331 5
MOVE B286 50
MOVE B296 94
MOVE B297 106
MOVE B298 106
MOVE B299 106
MOVE B300 122
MOVE B301 122
MOVE B302 122
MOVE B303 139
MOVE B304 139
MOVE B305 139
MOVE B306 142
MOVE B307 142
MOVE B308 156
MOVE B309 156
MOVE B310 156
MOVE B311 178
MOVE B312 183
MOVE B313 183
MOVE B314 183
DAMAGE TURRET B258 2
DAMAGE COMBAT A305 3
DAMAGE COMBAT B258 4
DAMAGE COMBAT B264 3
END TURN 316
TURN 317
COMMAND LEFT START
MOVE A322 81
MOVE A332 133
MOVE A333 133
MOVE A334 133
TRAIN 2
COMMAND LEFT END
COMMAND RIGHT START
MOVE B317 94
MOVE B316 94
MOVE B315 94
TRAIN 3
COMMAND RIGHT END
TURN 317 RESULT
TIME LEFT 6 5 RIGHT 0 5
TRAIN A335 A336 B318 B319 B320
MOVE A277 53
MOVE A278 36
MOVE A279 36
MOVE A283 36
MOVE A284 36
MOVE A285 36
MOVE A286 36
MOVE A287 36
MOVE A288 36
MOVE A289 36
MOVE A290 36
MOVE A291 36
MOVE A292 36
MOVE A293 36
MOVE A294 36
MOVE A295 36
MOVE A308 46
MOVE A316 76
MOVE A317 76
MOVE A318 64
MOVE A319 64
MOVE A322 47
MOVE A325 28
MOVE A326 28
MOVE A327 32
MOVE A328 17
MOVE A329 17
MOVE A330 10
MOVE A331 10
MOVE A332 5
MOVE A333 5
MOVE A334 5
MOVE B286 55
MOVE B297 94
MOVE B298 94
MOVE B299 94
MOVE B300 106
MOVE B301 106
MOVE B302 106
MOVE B303 122
MOVE B304 122
MOVE B305 122
MOVE B306 126
MOVE B307 126
MOVE B308 142
MOVE B309 142
MOVE B310 142
MOVE B311 171
MOVE B312 178
MOVE B313 178
MOVE B314 178
MOVE B315 183
MOVE B316 183
MOVE B317 183
DAMAGE TURRET B264 2
DAMAGE TURRET B286 2
DAMAGE COMBAT A52 1
DAMAGE COMBAT A305 1
DAMAGE COMBAT A308 1
DAMAGE COMBAT B264 3
DAMAGE COMBAT B265 5
DAMAGE COMBAT B286 3
END TURN 317
TURN 318
COMMAND LEFT START
MOVE A335 133
MOVE A336 133
TRAIN 3
COMMAND LEFT END
COMMAND RIGHT START
MOVE B310 94
MOVE B309 94
MOVE B308 94
MOVE B320 94
MOVE B319 94
MOVE B318 94
TRAIN 3
COMMAND RIGHT END
TURN 318 RESULT
TIME LEFT 2 5 RIGHT 0 5
TRAIN A337 A338 A339 B321 B322 B323
MOVE A277 48
MOVE A278 28
MOVE A279 28
MOVE A283 28
MOVE A284 28
MOVE A285 28
MOVE A286 28
MOVE A287 28
MOVE A288 28
MOVE A289 28
MOVE A290 28
MOVE A291 28
MOVE A292 28
MOVE A293 28
MOVE A294 28
MOVE A295 28
MOVE A316 93
MOVE A317 93
MOVE A318 76
MOVE A319 76
MOVE A322 70
MOVE A327 46
MOVE A328 28
MOVE A329 28
MOVE A330 17
MOVE A331 17
MOVE A332 10
MOVE A333 10
MOVE A334 10
MOVE A335 5
MOVE A336 5
MOVE B300 94
MOVE B301 94
MOVE B302 94
MOVE B303 106
MOVE B304 106
MOVE B305 106
MOVE B306 120
MOVE B307 120
MOVE B308 126
MOVE B309 126
MOVE B310 126
MOVE B311 164
MOVE B312 171
MOVE B313 171
MOVE B314 171
MOVE B315 178
MOVE B316 178
MOVE B317 178
MOVE B318 183
MOVE B319 183
MOVE B320 183
DAMAGE TURRET B265 2
DAMAGE TURRET B286 2
DAMAGE COMBAT A52 1
DAMAGE COMBAT A308 1
DAMAGE COMBAT B265 1
DAMAGE COMBAT B286 1
END TURN 318
TURN 319
COMMAND LEFT START
MOVE A278 46
MOVE A279 46
MOVE A283 46
MOVE A284 46
MOVE A285 46
MOVE A286 46
MOVE A287 46
MOVE A288 46
MOVE A289 46
MOVE A290 46
MOVE A291 46
MOVE A292 46
MOVE A293 46
MOVE A294 46
MOVE A295 46
MOVE A323 46
MOVE A324 46
MOVE A325 46
MOVE A326 46
MOVE A337 46
MOVE A338 46
MOVE A339 133
TRAIN 2
COMMAND LEFT END
COMMAND RIGHT START
MOVE B323 94
MOVE B322 94
MOVE B321 94
TRAIN 3
COMMAND RIGHT END
TURN 319 RESULT
TIME LEFT 2 5 RIGHT 0 5
TRAIN A340 A341 B324 B325 B326
MOVE A277 36
MOVE A278 24
MOVE A279 24
MOVE A283 24
MOVE A284 24
MOVE A285 24
MOVE A286 24
MOVE A287 24
MOVE A288 24
MOVE A289 24
MOVE A290 24
MOVE A291 24
MOVE A292 24
MOVE A293 24
MOVE A294 24
MOVE A295 24
MOVE A310 40
MOVE A312 40
MOVE A313 40
MOVE A314 40
MOVE A315 40
MOVE A316 111
MOVE A317 111
MOVE A318 93
MOVE A319 93
MOVE A322 81
MOVE A323 24
MOVE A324 24
MOVE A325 24
MOVE A326 24
MOVE A328 36
MOVE A329 36
MOVE A330 28
MOVE A331 28
MOVE A332 17
MOVE A333 17
MOVE A334 17
MOVE A335 10
MOVE A336 10
MOVE A337 6
MOVE A338 6
MOVE A339 5
MOVE B303 94
MOVE B304 94
MOVE B305 94
MOVE B306 104
MOVE B307 104
MOVE B308 120
MOVE B309 120
MOVE B310 120
MOVE B311 139
MOVE B312 164
MOVE B313 164
MOVE B314 164
MOVE B315 171
MOVE B316 171
MOVE B317 171
MOVE B318 178
MOVE B319 178
MOVE B320 178
MOVE B321 183
MOVE B322 183
MOVE B323 183
END TURN 319
TURN 320
COMMAND LEFT START
MOVE A322 28
MOVE A340 28
MOVE A341 133
TRAIN 2
COMMAND LEFT END
COMMAND RIGHT START
MOVE B326 94
MOVE B325 94
MOVE B324 94
TRAIN 3
COMMAND RIGHT END
TURN 320 RESULT
TIME LEFT 2 5 RIGHT 1 5
TRAIN A342 A343 B327 B328 B329
MOVE A277 28
MOVE A278 40
MOVE A279 40
MOVE A283 40
MOVE A284 40
MOVE A285 40
MOVE A286 40
MOVE A287 40
MOVE A288 40
MOVE A289 40
MOVE A290 40
MOVE A291 40
MOVE A292 40
MOVE A293 40
MOVE A294 40
MOVE A295 40
MOVE A310 24
MOVE A312 24
MOVE A313 24
MOVE A314 24
MOVE A315 24
MOVE A316 133
MOVE A317 133
MOVE A318 111
MOVE A319 111
MOVE A322 70
MOVE A323 40
MOVE A324 40
MOVE A325 40
MOVE A326 40
MOVE A328 48
MOVE A329 48
MOVE A330 36
MOVE A331 36
MOVE A332 28
MOVE A333 28
MOVE A334 28
MOVE A335 17
MOVE A336 17
MOVE A337 15
MOVE A338 15
MOVE A339 10
MOVE A340 5
MOVE A341 5
MOVE B306 92
MOVE B307 92
MOVE B308 115
MOVE B309 115
MOVE B310 115
MOVE B311 122
MOVE B312 139
MOVE B313 139
MOVE B314 139
MOVE B315 164
MOVE B316 164
MOVE B317 164
MOVE B318 171
MOVE B319 171
MOVE B320 171
MOVE B321 178
MOVE B322 178
MOVE B323 178
MOVE B324 183
MOVE B325 183
MOVE B326 183
END TURN 320
TURN 321
COMMAND LEFT START
MOVE A316 143
MOVE A342 133
MOVE A343 133
MOVE A277 46
TRAIN 3
COMMAND LEFT END
COMMAND RIGHT START
MOVE B329 94
MOVE B328 94
MOVE B327 94
TRAIN 3
COMMAND RIGHT END
TURN 321 RESULT
TIME LEFT 7 5 RIGHT 1 5
TRAIN A344 A345 A346 B330 B331 B332
MOVE A277 24
MOVE A278 46
MOVE A279 46
MOVE A283 46
MOVE A284 46
MOVE A285 46
MOVE A286 46
MOVE A287 46
MOVE A288 46
MOVE A289 46
MOVE A290 46
MOVE A291 46
MOVE A292 46
MOVE A293 46
MOVE A294 46
MOVE A295 46
MOVE A310 28
MOVE A312 28
MOVE A313 28
MOVE A314 28
MOVE A315 28
MOVE A316 143
MOVE A318 133
MOVE A319 133
MOVE A322 47
MOVE A323 46
MOVE A324 46
MOVE A325 46
MOVE A326 46
MOVE A328 53
MOVE A329 53
MOVE A330 48
MOVE A331 48
MOVE A332 36
MOVE A333 36
MOVE A334 36
MOVE A335 28
MOVE A336 28
MOVE A337 32
MOVE A338 32
MOVE A339 17
MOVE A340 10
MOVE A341 10
MOVE A342 5
MOVE A343 5
MOVE B306 74
MOVE B307 74
MOVE B308 94
MOVE B309 94
MOVE B310 94
MOVE B311 106
MOVE B312 122
MOVE B313 122
MOVE B314 122
MOVE B315 139
MOVE B316 139
MOVE B317 139
MOVE B318 164
MOVE B319 164
MOVE B320 164
MOVE B321 171
MOVE B322 171
MOVE B323 171
MOVE B324 178
MOVE B325 178
MOVE B326 178
MOVE B327 183
MOVE B328 183
MOVE B329 183
DAMAGE COMBAT A270 1
DAMAGE COMBAT B306 1
END TURN 321
TURN 322
COMMAND LEFT START
MOVE A284 28
MOVE A285 28
MOVE A286 28
MOVE A287 28
MOVE A288 28
MOVE A289 28
MOVE A290 28
MOVE A291 28
MOVE A292 28
MOVE A293 28
MOVE A294 28
MOVE A295 28
MOVE A308 28
MOVE A309 28
MOVE A323 28
MOVE A317 111
MOVE A344 133
MOVE A345 133
MOVE A346 133
MOVE A316 133
TRAIN 2
COMMAND LEFT END
COMMAND RIGHT START
MOVE B306 94
MOVE B310 133
MOVE B332 94
MOVE B331 94
MOVE B330 94
UPGRADE 74
COMMAND RIGHT END
TURN 322 RESULT
TIME LEFT 7 5 RIGHT 1 5
UPGRADE B 74
TRAIN A347 A348
MOVE A277 40
MOVE A284 40
MOVE A285 40
MOVE A286 40
MOVE A287 40
MOVE A288 40
MOVE A289 40
MOVE A290 40
MOVE A291 40
MOVE A292 40
MOVE A293 40
MOVE A294 40
MOVE A295 40
MOVE A308 40
MOVE A309 40
MOVE A316 133
MOVE A317 111
MOVE A322 28
MOVE A323 40
MOVE A328 64
MOVE A329 64
MOVE A330 53
MOVE A331 53
MOVE A332 48
MOVE A333 48
MOVE A334 48
MOVE A335 36
MOVE A336 36
MOVE A337 46
MOVE A338 46
MOVE A339 28
MOVE A340 17
MOVE A341 17
MOVE A342 10
MOVE A343 10
MOVE A344 5
MOVE A345 5
MOVE A346 5
MOVE B306 81
MOVE B310 115
MOVE B311 94
MOVE B312 106
MOVE B313 106
MOVE B314 106
MOVE B315 122
MOVE B316 122
MOVE B317 122
MOVE B318 139
MOVE B319 139
MOVE B320 139
MOVE B321 164
MOVE B322 164
MOVE B323 164
MOVE B324 171
MOVE B325 171
MOVE B326 171
MOVE B327 178
MOVE B328 178
MOVE B329 178
MOVE B330 183
MOVE B331 183
MOVE B332 183
END TURN 322
TURN 323
COMMAND LEFT START
MOVE A324 28
MOVE A325 28
MOVE A310 46
MOVE A312 46
MOVE A316 154
MOVE A347 28
MOVE A348 28
MOVE A318 28
MOVE A319 28
MOVE A317 28
TRAIN 2
COMMAND LEFT END
COMMAND RIGHT START
MOVE B22 74
MOVE B274 74
MOVE B275 74
UPGRADE 74
COMMAND RIGHT END
TURN 323 RESULT
TIME LEFT 7 5 RIGHT 1 5
UPGRADE B 74
TRAIN A349 A350
MOVE A277 46
MOVE A284 24
MOVE A285 24
MOVE A286 24
MOVE A287 24
MOVE A288 24
MOVE A289 24
MOVE A290 24
MOVE A291 24
MOVE A292 24
MOVE A293 24
MOVE A294 24
MOVE A295 24
MOVE A308 24
MOVE A309 24
MOVE A310 24
MOVE A312 24
MOVE A316 143
MOVE A317 93
MOVE A318 111
MOVE A319 111
MOVE A323 24
MOVE A324 40
MOVE A325 40
MOVE A328 76
MOVE A329 76
MOVE A330 64
MOVE A331 64
MOVE A332 53
MOVE A333 53
MOVE A334 53
MOVE A335 48
MOVE A336 48
MOVE A339 36
MOVE A340 28
MOVE A341 28
MOVE A342 17
MOVE A343 17
MOVE A344 10
MOVE A345 10
MOVE A346 10
MOVE A347 5
MOVE A348 5
MOVE B22 81
MOVE B274 81
MOVE B275 81
MOVE B306 94
MOVE B310 120
MOVE B312 94
MOVE B313 94
MOVE B314 94
MOVE B315 106
MOVE B316 106
MOVE B317 106
MOVE B318 122
MOVE B319 122
MOVE B320 122
MOVE B321 139
MOVE B322 139
MOVE B323 139
MOVE B324 164
MOVE B325 164
MOVE B326 164
MOVE B327 171
MOVE B328 171
MOVE B329 171
MOVE B330 178
MOVE B331 178
MOVE B332 178
END TURN 323
TURN 324
COMMAND LEFT START
MOVE A349 28
MOVE A350 28
TRAIN 2
COMMAND LEFT END
COMMAND RIGHT START
MOVE B314 0
MOVE B313 0
MOVE B312 0
MOVE B311 0
MOVE B309 0
MOVE B308 0
MOVE B306 0
MOVE B305 0
MOVE B304 0
MOVE B303 0
MOVE B302 0
MOVE B301 0
MOVE B300 0
MOVE B299 0
MOVE B298 0
MOVE B297 0
MOVE B296 0
MOVE B295 0
MOVE B294 0
MOVE B293 0
MOVE B292 0
MOVE B291 0
MOVE B290 0
MOVE B289 0
MOVE B288 0
MOVE B287 0
MOVE B285 0
MOVE B284 0
MOVE B283 0
MOVE B282 0
MOVE B281 0
MOVE B280 0
MOVE B279 0
COMMAND RIGHT END
TURN 324 RESULT
TIME LEFT 3 5 RIGHT 0 5
TRAIN A351 A352
MOVE A284 28
MOVE A285 28
MOVE A286 28
MOVE A287 28
MOVE A288 28
MOVE A289 28
MOVE A290 28
MOVE A291 28
MOVE A292 28
MOVE A293 28
MOVE A294 28
MOVE A295 28
MOVE A308 28
MOVE A309 28
MOVE A310 40
MOVE A312 40
MOVE A316 154
MOVE A317 76
MOVE A318 93
MOVE A319 93
MOVE A323 28
MOVE A324 24
MOVE A325 24
MOVE A328 93
MOVE A329 93
MOVE A330 76
MOVE A331 76
MOVE A332 64
MOVE A333 64
MOVE A334 64
MOVE A335 53
MOVE A336 53
MOVE A339 48
MOVE A341 36
MOVE A342 28
MOVE A343 28
MOVE A344 17
MOVE A345 17
MOVE A346 17
MOVE A347 10
MOVE A348 10
MOVE A349 5
MOVE A350 5
MOVE B22 74
MOVE B274 74
MOVE B275 74
MOVE B279 82
MOVE B280 82
MOVE B281 82
MOVE B282 82
MOVE B283 82
MOVE B284 82
MOVE B285 82
MOVE B287 82
MOVE B288 82
MOVE B289 82
MOVE B290 82
MOVE B291 82
MOVE B292 82
MOVE B293 82
MOVE B294 82
MOVE B295 82
MOVE B296 82
MOVE B297 82
MOVE B298 82
MOVE B299 82
MOVE B300 82
MOVE B301 82
MOVE B302 82
MOVE B303 82
MOVE B304 82
MOVE B305 82
MOVE B306 82
MOVE B308 82
MOVE B309 82
MOVE B310 126
MOVE B311 82
MOVE B312 82
MOVE B313 82
MOVE B314 82
MOVE B315 94
MOVE B316 94
MOVE B317 94
MOVE B318 106
MOVE B319 106
MOVE B320 106
MOVE B321 122
MOVE B322 122
MOVE B323 122
MOVE B324 139
MOVE B325 139
MOVE B326 139
MOVE B327 164
MOVE B328 164
MOVE B329 164
MOVE B330 171
MOVE B331 171
MOVE B332 171
END TURN 324
TURN 325
COMMAND LEFT START
MOVE A284 46
MOVE A285 46
MOVE A286 46
MOVE A287 46
MOVE A288 46
MOVE A289 46
MOVE A290 46
MOVE A291 46
MOVE A292 46
MOVE A283 77
MOVE A351 28
MOVE A352 28
MOVE A293 74
MOVE A294 74
MOVE A295 74
MOVE A308 74
MOVE A309 74
MOVE A313 74
MOVE A314 74
MOVE A315 74
MOVE A322 74
MOVE A323 74
MOVE A340 74
TRAIN 2
COMMAND LEFT END
COMMAND RIGHT START
MOVE B276 74
MOVE B277 74
MOVE B315 74
MOVE B316 74
UPGRADE 74
COMMAND RIGHT END
TURN 325 RESULT
TIME LEFT 7 5 RIGHT 0 5
UPGRADE B 74
TRAIN A353 A354
MOVE A283 54
MOVE A284 24
MOVE A285 24
MOVE A286 24
MOVE A287 24
MOVE A288 24
MOVE A289 24
MOVE A290 24
MOVE A291 24
MOVE A292 24
MOVE A293 36
MOVE A294 36
MOVE A295 36
MOVE A308 36
MOVE A309 36
MOVE A310 46
MOVE A312 46
MOVE A313 36
MOVE A314 36
MOVE A315 36
MOVE A317 64
MOVE A318 76
MOVE A319 76
MOVE A322 36
MOVE A323 36
MOVE A324 28
MOVE A325 28
MOVE A328 111
MOVE A329 111
MOVE A330 93
MOVE A331 93
MOVE A332 76
MOVE A333 76
MOVE A334 76
MOVE A335 64
MOVE A336 64
MOVE A339 53
MOVE A340 36
MOVE A341 48
MOVE A342 36
MOVE A343 36
MOVE A344 28
MOVE A345 28
MOVE A346 28
MOVE A347 17
MOVE A348 17
MOVE A349 10
MOVE A350 10
MOVE A351 5
MOVE A352 5
MOVE B276 81
MOVE B277 81
MOVE B279 66
MOVE B280 66
MOVE B281 66
MOVE B282 66
MOVE B283 66
MOVE B284 66
MOVE B285 66
MOVE B287 66
MOVE B288 66
MOVE B289 66
MOVE B290 66
MOVE B291 66
MOVE B292 66
MOVE B293 66
MOVE B294 66
MOVE B295 66
MOVE B296 66
MOVE B297 66
MOVE B298 66
MOVE B299 66
MOVE B300 66
MOVE B301 66
MOVE B302 66
MOVE B303 66
MOVE B304 66
MOVE B305 66
MOVE B306 66
MOVE B308 66
MOVE B309 66
MOVE B310 134
MOVE B311 66
MOVE B312 66
MOVE B313 66
MOVE B314 66
MOVE B315 81
MOVE B316 81
MOVE B318 94
MOVE B319 94
MOVE B320 94
MOVE B321 106
MOVE B322 106
MOVE B323 106
MOVE B324 122
MOVE B325 122
MOVE B326 122
MOVE B327 139
MOVE B328 139
MOVE B329 139
MOVE B330 164
MOVE B331 164
MOVE B332 164
END TURN 325
TURN 326
COMMAND LEFT START
MOVE A353 28
MOVE A354 28
MOVE A310 28
MOVE A312 28
MOVE A326 28
MOVE A327 28
MOVE A337 28
MOVE A338 28
MOVE A316 133
TRAIN 2
COMMAND LEFT END
COMMAND RIGHT START
MOVE B307 94
TRAIN 1
COMMAND RIGHT END
TURN 326 RESULT
TIME LEFT 3 5 RIGHT 0 5
TRAIN A355 A356 B333
MOVE A283 50
MOVE A284 40
MOVE A285 40
MOVE A286 40
MOVE A287 40
MOVE A288 40
MOVE A289 40
MOVE A290 40
MOVE A291 40
MOVE A292 40
MOVE A293 48
MOVE A294 48
MOVE A295 48
MOVE A308 48
MOVE A309 48
MOVE A310 40
MOVE A312 40
MOVE A313 48
MOVE A314 48
MOVE A315 48
MOVE A316 143
MOVE A317 53
MOVE A318 64
MOVE A319 64
MOVE A322 48
MOVE A323 48
MOVE A326 40
MOVE A327 40
MOVE A328 133
MOVE A329 133
MOVE A330 111
MOVE A331 111
MOVE A332 93
MOVE A333 93
MOVE A334 93
MOVE A335 76
MOVE A336 76
MOVE A337 40
MOVE A338 40
MOVE A339 64
MOVE A340 48
MOVE A341 53
MOVE A342 48
MOVE A343 48
MOVE A344 36
MOVE A345 36
MOVE A346 36
MOVE A347 28
MOVE A348 28
MOVE A349 17
MOVE A350 17
MOVE A351 10
MOVE A352 10
MOVE A353 5
MOVE A354 5
MOVE B276 74
MOVE B277 74
MOVE B279 49
MOVE B280 49
MOVE B281 49
MOVE B282 49
MOVE B283 49
MOVE B284 49
MOVE B285 49
MOVE B287 49
MOVE B288 49
MOVE B289 49
MOVE B290 49
MOVE B291 49
MOVE B292 49
MOVE B293 49
MOVE B294 49
MOVE B295 49
MOVE B296 49
MOVE B297 49
MOVE B298 49
MOVE B299 49
MOVE B300 49
MOVE B301 49
MOVE B302 49
MOVE B303 49
MOVE B304 49
MOVE B305 49
MOVE B306 49
MOVE B307 81
MOVE B308 49
MOVE B309 49
MOVE B310 138
MOVE B311 49
MOVE B312 49
MOVE B313 49
MOVE B314 49
MOVE B315 74
MOVE B316 74
MOVE B321 94
MOVE B322 94
MOVE B323 94
MOVE B324 106
MOVE B325 106
MOVE B326 106
MOVE B327 122
MOVE B328 122
MOVE B329 122
MOVE B330 139
MOVE B331 139
MOVE B332 139
END TURN 326
TURN 327
COMMAND LEFT START
MOVE A324 0
MOVE A325 0
MOVE A347 0
MOVE A348 0
MOVE A328 0
MOVE A329 0
TRAIN 2
COMMAND LEFT END
COMMAND RIGHT START
MOVE B333 94
MOVE B323 55
MOVE B316 94
MOVE B315 94
MOVE B277 94
MOVE B276 94
COMMAND RIGHT END
TURN 327 RESULT
TIME LEFT 3 5 RIGHT 0 5
TRAIN A357 A358
MOVE A283 77
MOVE A284 46
MOVE A285 46
MOVE A286 46
MOVE A287 46
MOVE A288 46
MOVE A289 46
MOVE A290 46
MOVE A291 46
MOVE A292 46
MOVE A293 58
MOVE A294 58
MOVE A295 58
MOVE A308 58
MOVE A309 58
MOVE A310 24
MOVE A312 24
MOVE A313 58
MOVE A314 58
MOVE A315 58
MOVE A316 133
MOVE A317 48
MOVE A318 53
MOVE A319 53
MOVE A322 58
MOVE A323 58
MOVE A324 17
MOVE A325 17
MOVE A326 24
MOVE A327 24
MOVE A328 111
MOVE A329 111
MOVE A330 133
MOVE A331 133
MOVE A332 111
MOVE A333 111
MOVE A334 111
MOVE A335 93
MOVE A336 93
MOVE A337 24
MOVE A338 24
MOVE A339 76
MOVE A340 58
MOVE A341 64
MOVE A342 53
MOVE A343 53
MOVE A344 48
MOVE A345 48
MOVE A346 48
MOVE A347 17
MOVE A348 17
MOVE A349 28
MOVE A350 28
MOVE A351 17
MOVE A352 17
MOVE A353 10
MOVE A354 10
MOVE B276 81
MOVE B277 81
MOVE B279 24
MOVE B280 24
MOVE B281 24
MOVE B282 24
MOVE B283 24
MOVE B284 24
MOVE B285 24
MOVE B287 24
MOVE B288 24
MOVE B289 24
MOVE B290 24
MOVE B291 24
MOVE B292 24
MOVE B293 24
MOVE B294 24
MOVE B295 24
MOVE B296 24
MOVE B297 24
MOVE B298 24
MOVE B299 24
MOVE B300 24
MOVE B301 24
MOVE B302 24
MOVE B303 24
MOVE B304 24
MOVE B305 24
MOVE B306 24
MOVE B307 94
MOVE B308 24
MOVE B309 24
MOVE B310 133
MOVE B311 24
MOVE B312 24
MOVE B313 24
MOVE B314 24
MOVE B315 81
MOVE B316 81
MOVE B323 73
MOVE B324 94
MOVE B325 94
MOVE B326 94
MOVE B327 106
MOVE B328 106
MOVE B329 106
MOVE B330 122
MOVE B331 122
MOVE B332 122
MOVE B333 183
DAMAGE TURRET B310 2
DAMAGE COMBAT A121 1
DAMAGE COMBAT A310 8
DAMAGE COMBAT A312 8
DAMAGE COMBAT A326 8
DAMAGE COMBAT A327 8
DAMAGE COMBAT A337 1
DAMAGE COMBAT B306 6
DAMAGE COMBAT B310 6
END TURN 327
TURN 328
COMMAND LEFT START
MOVE A284 0
MOVE A285 0
MOVE A286 0
MOVE A287 0
MOVE A288 0
MOVE A289 0
MOVE A290 0
MOVE A291 0
MOVE A292 0
MOVE A349 0
MOVE A350 0
MOVE A283 95
MOVE A330 0
MOVE A331 0
TRAIN 2
COMMAND LEFT END
COMMAND RIGHT START
TRAIN 1
COMMAND RIGHT END
TURN 328 RESULT
TIME LEFT 7 5 RIGHT 0 5
TRAIN A359 A360 B334
MOVE A283 95
MOVE A284 32
MOVE A285 32
MOVE A286 32
MOVE A287 32
MOVE A288 32
MOVE A289 32
MOVE A290 32
MOVE A291 32
MOVE A292 32
MOVE A293 74
MOVE A294 74
MOVE A295 74
MOVE A308 74
MOVE A309 74
MOVE A313 74
MOVE A314 74
MOVE A315 74
MOVE A317 36
MOVE A318 48
MOVE A319 48
MOVE A322 74
MOVE A323 74
MOVE A324 10
MOVE A325 10
MOVE A328 93
MOVE A329 93
MOVE A330 111
MOVE A331 111
MOVE A332 133
MOVE A333 133
MOVE A334 133
MOVE A335 111
MOVE A336 111
MOVE A339 93
MOVE A340 74
MOVE A341 76
MOVE A342 64
MOVE A343 64
MOVE A344 53
MOVE A345 53
MOVE A346 53
MOVE A347 10
MOVE A348 10
MOVE A349 17
MOVE A350 17
MOVE A351 28
MOVE A352 28
MOVE A353 17
MOVE A354 17
MOVE B276 94
MOVE B277 94
MOVE B315 94
MOVE B316 94
MOVE B323 68
MOVE B327 94
MOVE B328 94
MOVE B329 94
MOVE B330 106
MOVE B331 106
MOVE B332 106
MOVE B333 178
DAMAGE TURRET A308 2
DAMAGE COMBAT A308 3
DAMAGE COMBAT A337 7
DAMAGE COMBAT A338 8
DAMAGE COMBAT B22 4
DAMAGE COMBAT B274 7
DAMAGE COMBAT B279 1
DAMAGE COMBAT B306 1
END TURN 328
TURN 329
COMMAND LEFT START
MOVE A332 143
MOVE A355 28
MOVE A356 28
MOVE A357 28
MOVE A358 28
MOVE A359 28
MOVE A360 28
MOVE A333 28
MOVE A334 28
MOVE A283 28
TRAIN 2
COMMAND LEFT END
COMMAND RIGHT START
MOVE B334 94
TRAIN 1
COMMAND RIGHT END
TURN 329 RESULT
TIME LEFT 7 5 RIGHT 0 5
TRAIN A361 A362 B335
MOVE A283 83
MOVE A284 15
MOVE A285 15
MOVE A286 15
MOVE A287 15
MOVE A288 15
MOVE A289 15
MOVE A290 15
MOVE A291 15
MOVE A292 15
MOVE A317 28
MOVE A318 36
MOVE A319 36
MOVE A324 5
MOVE A325 5
MOVE A328 76
MOVE A329 76
MOVE A330 93
MOVE A331 93
MOVE A332 143
MOVE A333 111
MOVE A334 111
MOVE A335 133
MOVE A336 133
MOVE A339 111
MOVE A341 93
MOVE A342 76
MOVE A343 76
MOVE A344 64
MOVE A345 64
MOVE A346 64
MOVE A347 5
MOVE A348 5
MOVE A349 10
MOVE A350 10
MOVE A353 28
MOVE A354 28
MOVE A355 5
MOVE A356 5
MOVE A357 5
MOVE A358 5
MOVE A359 5
MOVE A360 5
MOVE B279 17
MOVE B280 17
MOVE B281 17
MOVE B282 17
MOVE B283 17
MOVE B284 17
MOVE B285 17
MOVE B287 17
MOVE B288 17
MOVE B289 17
MOVE B290 17
MOVE B291 17
MOVE B292 17
MOVE B293 17
MOVE B294 17
MOVE B295 17
MOVE B296 17
MOVE B297 17
MOVE B298 17
MOVE B299 17
MOVE B300 17
MOVE B301 17
MOVE B302 17
MOVE B303 17
MOVE B304 17
MOVE B305 17
MOVE B308 17
MOVE B309 17
MOVE B311 17
MOVE B312 17
MOVE B313 17
MOVE B314 17
MOVE B323 62
MOVE B330 94
MOVE B331 94
MOVE B332 94
MOVE B333 171
MOVE B334 183
DAMAGE TURRET A293 1
DAMAGE TURRET A308 1
DAMAGE COMBAT A293 2
DAMAGE COMBAT B274 1
DAMAGE COMBAT B275 8
SIEGE B 74 2
END TURN 329
TURN 330
COMMAND LEFT START
MOVE A317 46
MOVE A351 46
MOVE A352 46
MOVE A353 46
MOVE A354 46
MOVE A361 46
MOVE A362 46
MOVE A335 4
MOVE A336 4
TRAIN 2
COMMAND LEFT END
COMMAND RIGHT START
MOVE B335 94
TRAIN 3
COMMAND RIGHT END
TURN 330 RESULT
TIME LEFT 3 5 RIGHT 0 5
TRAIN A363 A364 B336 B337 B338
MOVE A283 71
MOVE A284 6
MOVE A285 6
MOVE A286 6
MOVE A287 6
MOVE A288 6
MOVE A289 6
MOVE A290 6
MOVE A291 6
MOVE A292 6
MOVE A317 24
MOVE A318 28
MOVE A319 28
MOVE A324 0
MOVE A325 0
MOVE A328 64
MOVE A329 64
MOVE A330 76
MOVE A331 76
MOVE A333 93
MOVE A334 93
MOVE A335 111
MOVE A336 111
MOVE A339 133
MOVE A341 111
MOVE A342 93
MOVE A343 93
MOVE A344 76
MOVE A345 76
MOVE A346 76
MOVE A347 0
MOVE A348 0
MOVE A349 5
MOVE A350 5
MOVE A351 24
MOVE A352 24
MOVE A353 24
MOVE A354 24
MOVE A355 10
MOVE A356 10
MOVE A357 10
MOVE A358 10
MOVE A359 10
MOVE A360 10
MOVE A361 6
MOVE A362 6
MOVE B279 10
MOVE B280 10
MOVE B281 10
MOVE B282 10
MOVE B283 10
MOVE B284 10
MOVE B285 10
MOVE B287 10
MOVE B288 10
MOVE B289 10
MOVE B290 10
MOVE B291 10
MOVE B292 10
MOVE B293 10
MOVE B294 10
MOVE B295 10
MOVE B296 10
MOVE B297 10
MOVE B298 10
MOVE B299 10
MOVE B300 10
MOVE B301 10
MOVE B302 10
MOVE B303 10
MOVE B304 10
MOVE B305 10
MOVE B308 10
MOVE B309 10
MOVE B311 10
MOVE B312 10
MOVE B313 10
MOVE B314 10
MOVE B323 54
MOVE B333 164
MOVE B334 178
MOVE B335 183
DAMAGE TURRET A293 2
DAMAGE COMBAT A355 8
DAMAGE COMBAT A356 8
DAMAGE COMBAT A357 8
DAMAGE COMBAT A358 8
DAMAGE COMBAT B279 6
SIEGE B 74 10
END TURN 330
TURN 331
COMMAND LEFT START
MOVE A318 0
MOVE A319 0
MOVE A293 0
MOVE A294 0
MOVE A295 0
MOVE A309 0
MOVE A313 0
MOVE A314 0
MOVE A315 0
MOVE A322 0
MOVE A332 168
MOVE A339 0
TRAIN 3
COMMAND LEFT END
COMMAND RIGHT START
MOVE B338 94
MOVE B337 94
MOVE B336 94
TRAIN 3
COMMAND RIGHT END
TURN 331 RESULT
TIME LEFT 8 5 RIGHT 1 5
TRAIN A365 A366 A367 B339 B340 B341
MOVE A283 62
MOVE A284 0
MOVE A285 0
MOVE A286 0
MOVE A287 0
MOVE A288 0
MOVE A289 0
MOVE A290 0
MOVE A291 0
MOVE A292 0
MOVE A293 58
MOVE A294 58
MOVE A295 58
MOVE A309 58
MOVE A313 58
MOVE A314 58
MOVE A315 58
MOVE A317 40
MOVE A318 17
MOVE A319 17
MOVE A322 58
MOVE A328 53
MOVE A329 53
MOVE A330 64
MOVE A331 64
MOVE A332 151
MOVE A333 76
MOVE A334 76
MOVE A335 93
MOVE A336 93
MOVE A339 111
MOVE A341 133
MOVE A342 111
MOVE A343 111
MOVE A344 93
MOVE A345 93
MOVE A346 93
MOVE A349 0
MOVE A350 0
MOVE A351 40
MOVE A352 40
MOVE A353 40
MOVE A354 40
MOVE A361 15
MOVE A362 15
MOVE B323 50
MOVE B333 139
MOVE B334 171
MOVE B335 178
MOVE B336 183
MOVE B337 183
MOVE B338 183
DAMAGE TURRET A323 2
DAMAGE COMBAT A359 8
DAMAGE COMBAT A360 8
DAMAGE COMBAT B279 1
DAMAGE COMBAT B280 1
SIEGE B 74 2
END TURN 331
TURN 332
COMMAND LEFT START
MOVE A288 4
MOVE A289 4
MOVE A290 4
MOVE A291 4
MOVE A292 4
MOVE A296 4
MOVE A297 4
MOVE A298 4
MOVE A299 4
MOVE A324 4
MOVE A325 4
MOVE A347 4
MOVE A348 4
MOVE A349 4
MOVE A350 4
MOVE A363 4
MOVE A364 4
MOVE A365 4
MOVE A366 4
MOVE A367 4
MOVE A19 4
MOVE A29 4
MOVE A179 4
MOVE A238 4
MOVE A341 1
TRAIN 2
COMMAND LEFT END
COMMAND RIGHT START
MOVE B341 94
MOVE B340 94
MOVE B339 94
TRAIN 3
COMMAND RIGHT END
TURN 332 RESULT
TIME LEFT 4 5 RIGHT 4 5
TRAIN A368 A369 B342 B343 B344
MOVE A19 16
MOVE A29 16
MOVE A179 3
MOVE A238 2
MOVE A283 40
MOVE A288 3
MOVE A289 3
MOVE A290 3
MOVE A291 3
MOVE A292 3
MOVE A293 47
MOVE A294 47
MOVE A295 47
MOVE A296 3
MOVE A297 3
MOVE A298 3
MOVE A299 3
MOVE A309 47
MOVE A313 47
MOVE A314 47
MOVE A315 47
MOVE A317 46
MOVE A318 10
MOVE A319 10
MOVE A322 47
MOVE A324 3
MOVE A325 3
MOVE A328 48
MOVE A329 48
MOVE A330 53
MOVE A331 53
MOVE A332 168
MOVE A333 64
MOVE A334 64
MOVE A335 78
MOVE A336 78
MOVE A339 93
MOVE A341 111
MOVE A342 133
MOVE A343 133
MOVE A344 111
MOVE A345 111
MOVE A346 111
MOVE A347 3
MOVE A348 3
MOVE A349 3
MOVE A350 3
MOVE A351 46
MOVE A352 46
MOVE A353 46
MOVE A354 46
MOVE A361 32
MOVE A362 32
MOVE A363 3
MOVE A364 3
MOVE A365 3
MOVE A366 3
MOVE A367 3
MOVE B280 5
MOVE B281 5
MOVE B282 5
MOVE B283 5
MOVE B284 5
MOVE B285 5
MOVE B287 5
MOVE B288 5
MOVE B289 5
MOVE B290 5
MOVE B291 5
MOVE B292 5
MOVE B293 5
MOVE B294 5
MOVE B295 5
MOVE B296 5
MOVE B297 5
MOVE B298 5
MOVE B299 5
MOVE B300 5
MOVE B301 5
MOVE B302 5
MOVE B303 5
MOVE B304 5
MOVE B305 5
MOVE B308 5
MOVE B309 5
MOVE B311 5
MOVE B312 5
MOVE B313 5
MOVE B314 5
MOVE B323 55
MOVE B333 122
MOVE B334 164
MOVE B335 171
MOVE B336 178
MOVE B337 178
MOVE B338 178
MOVE B339 183
MOVE B340 183
MOVE B341 183
DAMAGE TURRET A323 2
DAMAGE TURRET B323 2
DAMAGE COMBAT A52 1
DAMAGE COMBAT B323 3
SIEGE B 74 2
END TURN 332
TURN 333
COMMAND LEFT START
MOVE A332 133
MOVE A317 83
MOVE A342 0
MOVE A343 0
TRAIN 1
COMMAND LEFT END
COMMAND RIGHT START
MOVE B344 94
MOVE B343 94
MOVE B342 94
TRAIN 3
COMMAND RIGHT END
TURN 333 RESULT
TIME LEFT 10 5 RIGHT 1 5
TRAIN A370 B345 B346 B347
MOVE A19 4
MOVE A29 4
MOVE A179 4
MOVE A238 4
MOVE A283 24
MOVE A288 4
MOVE A289 4
MOVE A290 4
MOVE A291 4
MOVE A292 4
MOVE A293 24
MOVE A294 24
MOVE A295 24
MOVE A296 4
MOVE A297 4
MOVE A298 4
MOVE A299 4
MOVE A309 24
MOVE A313 24
MOVE A314 24
MOVE A315 24
MOVE A317 54
MOVE A318 5
MOVE A319 5
MOVE A322 24
MOVE A324 4
MOVE A325 4
MOVE A328 36
MOVE A329 36
MOVE A330 48
MOVE A331 48
MOVE A332 151
MOVE A333 53
MOVE A334 53
MOVE A335 65
MOVE A336 65
MOVE A339 76
MOVE A341 93
MOVE A342 111
MOVE A343 111
MOVE A344 133
MOVE A345 133
MOVE A346 133
MOVE A347 4
MOVE A348 4
MOVE A349 4
MOVE A350 4
MOVE A361 46
MOVE A362 46
MOVE A363 4
MOVE A364 4
MOVE A365 4
MOVE A366 4
MOVE A367 4
MOVE B280 0
MOVE B281 0
MOVE B282 0
MOVE B283 0
MOVE B284 0
MOVE B285 0
MOVE B287 0
MOVE B288 0
MOVE B289 0
MOVE B290 0
MOVE B291 0
MOVE B292 0
MOVE B293 0
MOVE B294 0
MOVE B295 0
MOVE B296 0
MOVE B297 0
MOVE B298 0
MOVE B299 0
MOVE B300 0
MOVE B301 0
MOVE B302 0
MOVE B303 0
MOVE B304 0
MOVE B305 0
MOVE B308 0
MOVE B309 0
MOVE B311 0
MOVE B312 0
MOVE B313 0
MOVE B314 0
MOVE B333 106
MOVE B334 139
MOVE B335 164
MOVE B336 171
MOVE B337 171
MOVE B338 171
MOVE B339 178
MOVE B340 178
MOVE B341 178
MOVE B342 183
MOVE B343 183
MOVE B344 183
DAMAGE TURRET A323 2
DAMAGE TURRET B280 3
DAMAGE TURRET B323 2
DAMAGE COMBAT A52 1
DAMAGE COMBAT A284 8
DAMAGE COMBAT A285 8
DAMAGE COMBAT A286 8
DAMAGE COMBAT A287 7
DAMAGE COMBAT B280 4
DAMAGE COMBAT B281 3
DAMAGE COMBAT B323 1
SIEGE B 74 2
END TURN 333
TURN 334
COMMAND LEFT START
MOVE A175 0
MOVE A178 0
MOVE A179 0
MOVE A238 0
MOVE A288 0
MOVE A289 0
MOVE A290 0
MOVE A291 0
MOVE A292 0
MOVE A296 0
MOVE A297 0
MOVE A298 0
MOVE A299 0
MOVE A324 0
MOVE A325 0
MOVE A347 0
MOVE A348 0
MOVE A349 0
MOVE A350 0
MOVE A363 0
MOVE A364 0
MOVE A365 0
MOVE A366 0
MOVE A367 0
MOVE A351 28
MOVE A352 28
MOVE A353 28
MOVE A354 28
MOVE A361 28
MOVE A362 28
MOVE A344 28
MOVE A345 28
MOVE A346 28
MOVE A340 28
TRAIN 2
COMMAND LEFT END
COMMAND RIGHT START
MOVE B315 74
MOVE B316 74
MOVE B317 74
MOVE B318 74
MOVE B319 74
MOVE B347 94
MOVE B346 94
MOVE B345 94
TRAIN 3
COMMAND RIGHT END
TURN 334 RESULT
TIME LEFT 4 5 RIGHT 0 5
TRAIN A371 A372 B348 B349 B350
MOVE A175 3
MOVE A178 3
MOVE A179 3
MOVE A238 3
MOVE A283 28
MOVE A288 3
MOVE A289 3
MOVE A290 3
MOVE A291 3
MOVE A292 3
MOVE A293 17
MOVE A294 17
MOVE A295 17
MOVE A296 3
MOVE A297 3
MOVE A298 3
MOVE A299 3
MOVE A309 17
MOVE A313 17
MOVE A314 17
MOVE A315 17
MOVE A317 71
MOVE A318 0
MOVE A319 0
MOVE A322 17
MOVE A324 3
MOVE A325 3
MOVE A328 28
MOVE A329 28
MOVE A330 36
MOVE A331 36
MOVE A332 138
MOVE A333 48
MOVE A334 48
MOVE A335 52
MOVE A336 52
MOVE A339 64
MOVE A340 58
MOVE A341 78
MOVE A342 93
MOVE A343 93
MOVE A344 111
MOVE A345 111
MOVE A346 111
MOVE A347 3
MOVE A348 3
MOVE A349 3
MOVE A350 3
MOVE A351 40
MOVE A352 40
MOVE A353 40
MOVE A354 40
MOVE A361 40
MOVE A362 40
MOVE A363 3
MOVE A364 3
MOVE A365 3
MOVE A366 3
MOVE A367 3
MOVE B315 81
MOVE B316 81
MOVE B317 81
MOVE B318 81
MOVE B319 81
MOVE B333 94
MOVE B334 122
MOVE B335 139
MOVE B336 164
MOVE B337 164
MOVE B338 164
MOVE B339 171
MOVE B340 171
MOVE B341 171
MOVE B342 178
MOVE B343 178
MOVE B344 178
MOVE B345 183
MOVE B346 183
MOVE B347 183
DAMAGE TURRET B281 3
DAMAGE COMBAT A287 1
DAMAGE COMBAT A318 8
DAMAGE COMBAT A319 8
DAMAGE COMBAT A368 8
DAMAGE COMBAT A369 5
DAMAGE COMBAT B281 2
DAMAGE COMBAT B282 6
END TURN 334
TURN 335
COMMAND LEFT START
TRAIN 2
COMMAND LEFT END
COMMAND RIGHT START
MOVE B350 94
MOVE B349 94
MOVE B348 94
TRAIN 3
COMMAND RIGHT END
TURN 335 RESULT
TIME LEFT 4 5 RIGHT 0 5
TRAIN A373 A374 B351 B352 B353
MOVE A175 0
MOVE A178 0
MOVE A179 0
MOVE A238 0
MOVE A288 0
MOVE A289 0
MOVE A290 0
MOVE A291 0
MOVE A292 0
MOVE A293 10
MOVE A294 10
MOVE A295 10
MOVE A296 0
MOVE A297 0
MOVE A298 0
MOVE A299 0
MOVE A309 10
MOVE A313 10
MOVE A314 10
MOVE A315 10
MOVE A317 83
MOVE A322 10
MOVE A324 0
MOVE A325 0
MOVE A328 17
MOVE A329 17
MOVE A330 28
MOVE A331 28
MOVE A332 133
MOVE A333 36
MOVE A334 36
MOVE A335 42
MOVE A336 42
MOVE A339 53
MOVE A340 48
MOVE A341 65
MOVE A342 76
MOVE A343 76
MOVE A344 93
MOVE A345 93
MOVE A346 93
MOVE A347 0
MOVE A348 0
MOVE A349 0
MOVE A350 0
MOVE A351 24
MOVE A352 24
MOVE A353 24
MOVE A354 24
MOVE A361 24
MOVE A362 24
MOVE A363 0
MOVE A364 0
MOVE A365 0
MOVE A366 0
MOVE A367 0
MOVE B315 74
MOVE B316 74
MOVE B317 74
MOVE B318 74
MOVE B319 74
MOVE B334 106
MOVE B335 122
MOVE B336 139
MOVE B337 139
MOVE B338 139
MOVE B339 164
MOVE B340 164
MOVE B341 164
MOVE B342 171
MOVE B343 171
MOVE B344 171
MOVE B345 178
MOVE B346 178
MOVE B347 178
MOVE B348 183
MOVE B349 183
MOVE B350 183
DAMAGE TURRET B282 2
DAMAGE TURRET B283 1
DAMAGE COMBAT A175 8
DAMAGE COMBAT A178 8
DAMAGE COMBAT A179 8
DAMAGE COMBAT A238 2
DAMAGE COMBAT A323 2
DAMAGE COMBAT A369 3
DAMAGE COMBAT B283 7
DAMAGE COMBAT B284 8
DAMAGE COMBAT B285 8
DAMAGE COMBAT B287 7
DAMAGE COMBAT B315 1
END TURN 335
TURN 336
COMMAND LEFT START
MOVE A317 95
MOVE A292 28
MOVE A296 28
MOVE A297 28
MOVE A298 28
MOVE A299 28
MOVE A324 28
MOVE A325 28
MOVE A347 28
MOVE A348 28
MOVE A349 28
MOVE A350 28
MOVE A363 28
MOVE A364 28
MOVE A365 28
MOVE A366 28
MOVE A367 28
MOVE A370 28
MOVE A371 28
MOVE A372 28
MOVE A373 28
MOVE A374 28
MOVE A332 28
TRAIN 2
COMMAND LEFT END
COMMAND RIGHT START
MOVE B315 94
MOVE B316 94
MOVE B317 94
MOVE B318 94
MOVE B353 94
MOVE B352 94
MOVE B351 94
UPGRADE 74
COMMAND RIGHT END
TURN 336 RESULT
TIME LEFT 7 5 RIGHT 1 5
UPGRADE B 74
TRAIN A375 A376
MOVE A293 5
MOVE A294 5
MOVE A295 5
MOVE A309 5
MOVE A313 5
MOVE A314 5
MOVE A315 5
MOVE A317 95
MOVE A322 5
MOVE A328 10
MOVE A329 10
MOVE A330 17
MOVE A331 17
MOVE A332 111
MOVE A333 28
MOVE A334 28
MOVE A335 27
MOVE A336 27
MOVE A339 48
MOVE A340 36
MOVE A341 52
MOVE A342 64
MOVE A343 64
MOVE A344 76
MOVE A345 76
MOVE A346 76
MOVE A351 28
MOVE A352 28
MOVE A353 28
MOVE A354 28
MOVE A361 28
MOVE A362 28
MOVE B315 81
MOVE B316 81
MOVE B317 81
MOVE B318 81
MOVE B334 94
MOVE B335 106
MOVE B336 122
MOVE B337 122
MOVE B338 122
MOVE B339 139
MOVE B340 139
MOVE B341 139
MOVE B342 164
MOVE B343 164
MOVE B344 164
MOVE B345 171
MOVE B346 171
MOVE B347 171
MOVE B348 178
MOVE B349 178
MOVE B350 178
MOVE B351 183
MOVE B352 183
MOVE B353 183
DAMAGE TURRET B287 1
DAMAGE TURRET B288 2
DAMAGE COMBAT A238 6
DAMAGE COMBAT A288 8
DAMAGE COMBAT A289 8
DAMAGE COMBAT A290 3
DAMAGE COMBAT B288 6
DAMAGE COMBAT B289 8
DAMAGE COMBAT B290 8
DAMAGE COMBAT B291 6
END TURN 336
TURN 337
COMMAND LEFT START
MOVE A334 0
MOVE A351 0
MOVE A352 0
MOVE A353 0
MOVE A354 0
MOVE A317 28
TRAIN 2
COMMAND LEFT END
COMMAND RIGHT START
MOVE B276 74
MOVE B277 74
MOVE B307 74
MOVE B320 74
MOVE B321 74
UPGRADE 74
COMMAND RIGHT END
TURN 337 RESULT
TIME LEFT 3 5 RIGHT 0 5
UPGRADE B 74
TRAIN A377 A378
MOVE A293 0
MOVE A294 0
MOVE A295 0
MOVE A309 0
MOVE A313 0
MOVE A314 0
MOVE A315 0
MOVE A317 83
MOVE A322 0
MOVE A328 5
MOVE A329 5
MOVE A330 10
MOVE A331 10
MOVE A332 93
MOVE A334 17
MOVE A335 9
MOVE A336 9
MOVE A339 36
MOVE A340 28
MOVE A341 30
MOVE A342 53
MOVE A343 53
MOVE A344 64
MOVE A345 64
MOVE A346 64
MOVE A351 17
MOVE A352 17
MOVE A353 17
MOVE A354 17
MOVE B276 81
MOVE B277 81
MOVE B307 81
MOVE B315 94
MOVE B316 94
MOVE B317 94
MOVE B318 94
MOVE B320 81
MOVE B321 81
MOVE B335 94
MOVE B336 106
MOVE B337 106
MOVE B338 106
MOVE B339 122
MOVE B340 122
MOVE B341 122
MOVE B342 139
MOVE B343 139
MOVE B344 139
MOVE B345 164
MOVE B346 164
MOVE B347 164
MOVE B348 171
MOVE B349 171
MOVE B350 171
MOVE B351 178
MOVE B352 178
MOVE B353 178
DAMAGE TURRET B291 2
DAMAGE TURRET B292 1
DAMAGE COMBAT A290 5
DAMAGE COMBAT A291 8
DAMAGE COMBAT A292 5
DAMAGE COMBAT A293 3
DAMAGE COMBAT B292 7
DAMAGE COMBAT B293 8
DAMAGE COMBAT B294 8
DAMAGE COMBAT B295 8
DAMAGE COMBAT B296 4
END TURN 337
TURN 338
COMMAND LEFT START
MOVE A340 47
TRAIN 3
COMMAND LEFT END
COMMAND RIGHT START
COMMAND RIGHT END
TURN 338 RESULT
TIME LEFT 6 5 RIGHT 0 5
TRAIN A379 A380 A381
MOVE A317 71
MOVE A328 0
MOVE A329 0
MOVE A330 5
MOVE A331 5
MOVE A332 76
MOVE A334 10
MOVE A335 4
MOVE A336 4
MOVE A339 28
MOVE A340 47
MOVE A341 19
MOVE A342 48
MOVE A343 48
MOVE A344 53
MOVE A345 53
MOVE A346 53
MOVE A351 10
MOVE A352 10
MOVE A353 10
MOVE A354 10
MOVE B276 74
MOVE B277 74
MOVE B307 74
MOVE B320 74
MOVE B321 74
MOVE B336 94
MOVE B337 94
MOVE B338 94
MOVE B339 106
MOVE B340 106
MOVE B341 106
MOVE B342 122
MOVE B343 122
MOVE B344 122
MOVE B345 139
MOVE B346 139
MOVE B347 139
MOVE B348 164
MOVE B349 164
MOVE B350 164
MOVE B351 171
MOVE B352 171
MOVE B353 171
DAMAGE TURRET B296 3
DAMAGE COMBAT A292 3
DAMAGE COMBAT A294 8
DAMAGE COMBAT A295 5
DAMAGE COMBAT B296 1
DAMAGE COMBAT B297 8
DAMAGE COMBAT B298 8
DAMAGE COMBAT B299 8
DAMAGE COMBAT B300 8
DAMAGE COMBAT B301 4
END TURN 338
TURN 339
COMMAND LEFT START
MOVE A340 66
MOVE A322 28
MOVE A328 28
MOVE A329 28
MOVE A375 28
MOVE A376 28
MOVE A377 28
MOVE A378 28
MOVE A379 28
MOVE A380 28
MOVE A381 28
MOVE A335 28
MOVE A336 28
TRAIN 2
COMMAND LEFT END
COMMAND RIGHT START
MOVE B321 94
MOVE B320 94
MOVE B319 94
UPGRADE 74
COMMAND RIGHT END
TURN 339 RESULT
TIME LEFT 7 5 RIGHT 0 5
UPGRADE B 74
TRAIN A382 A383
MOVE A317 62
MOVE A330 0
MOVE A331 0
MOVE A332 64
MOVE A334 5
MOVE A335 16
MOVE A336 16
MOVE A339 17
MOVE A340 66
MOVE A341 13
MOVE A342 36
MOVE A343 36
MOVE A344 48
MOVE A345 48
MOVE A346 48
MOVE A351 5
MOVE A352 5
MOVE A353 5
MOVE A354 5
MOVE B319 81
MOVE B320 81
MOVE B321 81
MOVE B339 94
MOVE B340 94
MOVE B341 94
MOVE B342 106
MOVE B343 106
MOVE B344 106
MOVE B345 122
MOVE B346 122
MOVE B347 122
MOVE B348 139
MOVE B349 139
MOVE B350 139
MOVE B351 164
MOVE B352 164
MOVE B353 164
DAMAGE TURRET B301 3
DAMAGE COMBAT A295 3
DAMAGE COMBAT A296 8
DAMAGE COMBAT B301 1
DAMAGE COMBAT B302 8
DAMAGE COMBAT B303 8
DAMAGE COMBAT B304 8
DAMAGE COMBAT B305 8
DAMAGE COMBAT B308 6
END TURN 339
TURN 340
COMMAND LEFT START
MOVE A340 46
MOVE A361 46
MOVE A362 46
MOVE A331 46
MOVE A382 46
MOVE A383 46
TRAIN 2
COMMAND LEFT END
COMMAND RIGHT START
MOVE B341 15
MOVE B340 15
MOVE B339 15
MOVE B338 15
MOVE B337 15
MOVE B336 15
MOVE B335 15
MOVE B334 15
MOVE B333 15
MOVE B332 15
MOVE B331 15
MOVE B330 15
MOVE B329 15
MOVE B328 15
MOVE B327 15
MOVE B326 15
MOVE B325 15
MOVE B324 15
MOVE B322 15
MOVE B318 15
MOVE B317 15
COMMAND RIGHT END
TURN 340 RESULT
TIME LEFT 3 5 RIGHT 0 5
TRAIN A384 A385
MOVE A317 40
MOVE A332 53
MOVE A334 0
MOVE A335 28
MOVE A336 28
MOVE A339 10
MOVE A340 61
MOVE A341 1
MOVE A342 28
MOVE A343 28
MOVE A344 36
MOVE A345 36
MOVE A346 36
MOVE A351 0
MOVE A352 0
MOVE A353 0
MOVE A354 0
MOVE A361 24
MOVE A362 24
MOVE B317 73
MOVE B318 73
MOVE B319 94
MOVE B320 94
MOVE B321 94
MOVE B322 73
MOVE B324 73
MOVE B325 73
MOVE B326 73
MOVE B327 73
MOVE B328 73
MOVE B329 73
MOVE B330 73
MOVE B331 73
MOVE B332 73
MOVE B333 73
MOVE B334 73
MOVE B335 73
MOVE B336 73
MOVE B337 73
MOVE B338 73
MOVE B339 73
MOVE B340 73
MOVE B341 73
MOVE B342 94
MOVE B343 94
MOVE B344 94
MOVE B345 106
MOVE B346 106
MOVE B347 106
MOVE B348 122
MOVE B349 122
MOVE B350 122
MOVE B351 139
MOVE B352 139
MOVE B353 139
DAMAGE TURRET B308 2
DAMAGE TURRET B309 1
DAMAGE COMBAT A297 6
DAMAGE COMBAT B309 7
DAMAGE COMBAT B311 8
DAMAGE COMBAT B312 8
DAMAGE COMBAT B313 8
DAMAGE COMBAT B314 8
END TURN 340
TURN 341
COMMAND LEFT START
MOVE A335 46
MOVE A336 46
MOVE A334 46
MOVE A351 46
MOVE A352 46
MOVE A353 46
MOVE A354 46
MOVE A384 46
MOVE A385 46
TRAIN 2
COMMAND LEFT END
COMMAND RIGHT START
COMMAND RIGHT END
TURN 341 RESULT
TIME LEFT 7 5 RIGHT 0 5
TRAIN A386 A387
MOVE A297 5
MOVE A298 5
MOVE A299 5
MOVE A317 24
MOVE A322 5
MOVE A324 5
MOVE A325 5
MOVE A328 5
MOVE A329 5
MOVE A331 6
MOVE A332 48
MOVE A334 6
MOVE A335 24
MOVE A336 24
MOVE A339 5
MOVE A340 40
MOVE A342 17
MOVE A343 17
MOVE A344 28
MOVE A345 28
MOVE A346 28
MOVE A347 5
MOVE A348 5
MOVE A349 5
MOVE A350 5
MOVE A351 6
MOVE A352 6
MOVE A353 6
MOVE A354 6
MOVE A361 40
MOVE A362 40
MOVE A363 5
MOVE A364 5
MOVE A365 5
MOVE A366 5
MOVE A367 5
MOVE A370 5
MOVE A371 5
MOVE A372 5
MOVE A373 5
MOVE A374 5
MOVE A375 5
MOVE A376 5
MOVE A377 5
MOVE A378 5
MOVE A379 5
MOVE A380 5
MOVE A381 5
MOVE A382 6
MOVE A383 6
MOVE A384 6
MOVE A385 6
MOVE B317 61
MOVE B318 61
MOVE B322 61
MOVE B324 61
MOVE B325 61
MOVE B326 61
MOVE B327 61
MOVE B328 61
MOVE B329 61
MOVE B330 61
MOVE B331 61
MOVE B332 61
MOVE B333 61
MOVE B334 61
MOVE B335 61
MOVE B336 61
MOVE B337 61
MOVE B338 61
MOVE B339 61
MOVE B340 61
MOVE B341 61
MOVE B345 94
MOVE B346 94
MOVE B347 94
MOVE B348 106
MOVE B349 106
MOVE B350 106
MOVE B351 122
MOVE B352 122
MOVE B353 122
END TURN 341
TURN 342
COMMAND LEFT START
MOVE A386 15
MOVE A387 15
MOVE A344 15
MOVE A345 15
MOVE A346 15
TRAIN 2
COMMAND LEFT END
COMMAND RIGHT START
TRAIN 3
COMMAND RIGHT END
TURN 342 RESULT
TIME LEFT 3 5 RIGHT 0 5
TRAIN A388 A389 B354 B355 B356
MOVE A297 10
MOVE A298 10
MOVE A299 10
MOVE A317 28
MOVE A322 10
MOVE A324 10
MOVE A325 10
MOVE A328 10
MOVE A329 10
MOVE A331 15
MOVE A332 36
MOVE A334 15
MOVE A335 40
MOVE A336 40
MOVE A339 0
MOVE A340 46
MOVE A342 10
MOVE A343 10
MOVE A344 24
MOVE A345 24
MOVE A346 24
MOVE A347 10
MOVE A348 10
MOVE A349 10
MOVE A350 10
MOVE A351 15
MOVE A352 15
MOVE A353 15
MOVE A354 15
MOVE A361 46
MOVE A362 46
MOVE A363 10
MOVE A364 10
MOVE A365 10
MOVE A366 10
MOVE A367 10
MOVE A370 10
MOVE A371 10
MOVE A372 10
MOVE A373 10
MOVE A374 10
MOVE A375 10
MOVE A376 10
MOVE A377 10
MOVE A378 10
MOVE A379 10
MOVE A380 10
MOVE A381 10
MOVE A382 15
MOVE A383 15
MOVE A384 15
MOVE A385 15
MOVE A386 6
MOVE A387 6
MOVE B317 40
MOVE B318 40
MOVE B322 40
MOVE B324 40
MOVE B325 40
MOVE B326 40
MOVE B327 40
MOVE B328 40
MOVE B329 40
MOVE B330 40
MOVE B331 40
MOVE B332 40
MOVE B333 40
MOVE B334 40
MOVE B335 40
MOVE B336 40
MOVE B337 40
MOVE B338 40
MOVE B339 40
MOVE B340 40
MOVE B341 40
MOVE B348 94
MOVE B349 94
MOVE B350 94
MOVE B351 106
MOVE B352 106
MOVE B353 106
DAMAGE COMBAT A335 8
DAMAGE COMBAT A336 8
DAMAGE COMBAT B317 2
END TURN 342
TURN 343
COMMAND LEFT START
MOVE A339 15
MOVE A340 15
MOVE A361 15
MOVE A362 15
MOVE A388 15
MOVE A389 15
MOVE A333 15
MOVE A277 15
MOVE A278 15
TRAIN 3
COMMAND LEFT END
COMMAND RIGHT START
MOVE B356 94
MOVE B355 94
MOVE B354 94
MOVE B350 133
COMMAND RIGHT END
TURN 343 RESULT
TIME LEFT 2 5 RIGHT 0 5
TRAIN A390 A391 A392
MOVE A277 32
MOVE A278 32
MOVE A297 17
MOVE A298 17
MOVE A299 17
MOVE A322 17
MOVE A324 17
MOVE A325 17
MOVE A328 17
MOVE A329 17
MOVE A331 32
MOVE A332 28
MOVE A333 24
MOVE A334 32
MOVE A339 6
MOVE A340 32
MOVE A342 5
MOVE A343 5
MOVE A344 23
MOVE A345 23
MOVE A346 23
MOVE A347 17
MOVE A348 17
MOVE A349 17
MOVE A350 17
MOVE A351 32
MOVE A352 32
MOVE A353 32
MOVE A354 32
MOVE A361 32
MOVE A362 32
MOVE A363 17
MOVE A364 17
MOVE A365 17
MOVE A366 17
MOVE A367 17
MOVE A370 17
MOVE A371 17
MOVE A372 17
MOVE A373 17
MOVE A374 17
MOVE A375 17
MOVE A376 17
MOVE A377 17
MOVE A378 17
MOVE A379 17
MOVE A380 17
MOVE A381 17
MOVE A382 32
MOVE A383 32
MOVE A384 32
MOVE A385 32
MOVE A386 15
MOVE A387 15
MOVE A388 6
MOVE A389 6
MOVE B317 31
MOVE B318 31
MOVE B322 31
MOVE B324 31
MOVE B325 31
MOVE B326 31
MOVE B327 31
MOVE B328 31
MOVE B329 31
MOVE B330 31
MOVE B331 31
MOVE B332 31
MOVE B333 31
MOVE B334 31
MOVE B335 31
MOVE B336 31
MOVE B337 31
MOVE B338 31
MOVE B339 31
MOVE B340 31
MOVE B341 31
MOVE B350 115
MOVE B351 94
MOVE B352 94
MOVE B353 94
MOVE B354 183
MOVE B355 183
MOVE B356 183
END TURN 343
TURN 344
COMMAND LEFT START
MOVE A332 47
MOVE A390 15
MOVE A391 15
MOVE A392 15
TRAIN 1
COMMAND LEFT END
COMMAND RIGHT START
TRAIN 1
COMMAND RIGHT END
TURN 344 RESULT
TIME LEFT 6 5 RIGHT 0 5
TRAIN A393 B357
MOVE A277 15
MOVE A278 15
MOVE A297 28
MOVE A298 28
MOVE A299 28
MOVE A322 28
MOVE A324 28
MOVE A325 28
MOVE A328 28
MOVE A329 28
MOVE A331 46
MOVE A332 47
MOVE A333 23
MOVE A334 46
MOVE A339 15
MOVE A340 15
MOVE A342 0
MOVE A343 0
MOVE A344 15
MOVE A345 15
MOVE A346 15
MOVE A347 28
MOVE A348 28
MOVE A349 28
MOVE A350 28
MOVE A351 46
MOVE A352 46
MOVE A353 46
MOVE A354 46
MOVE A361 15
MOVE A362 15
MOVE A363 28
MOVE A364 28
MOVE A365 28
MOVE A366 28
MOVE A367 28
MOVE A370 28
MOVE A371 28
MOVE A372 28
MOVE A373 28
MOVE A374 28
MOVE A375 28
MOVE A376 28
MOVE A377 28
MOVE A378 28
MOVE A379 28
MOVE A380 28
MOVE A381 28
MOVE A382 46
MOVE A383 46
MOVE A384 46
MOVE A385 46
MOVE A388 15
MOVE A389 15
MOVE A390 6
MOVE A391 6
MOVE A392 6
MOVE B317 15
MOVE B318 15
MOVE B322 15
MOVE B324 15
MOVE B325 15
MOVE B326 15
MOVE B327 15
MOVE B328 15
MOVE B329 15
MOVE B330 15
MOVE B331 15
MOVE B332 15
MOVE B333 15
MOVE B334 15
MOVE B335 15
MOVE B336 15
MOVE B337 15
MOVE B338 15
MOVE B339 15
MOVE B340 15
MOVE B341 15
MOVE B350 120
MOVE B354 178
MOVE B355 178
MOVE B356 178
DAMAGE TURRET B317 2
DAMAGE COMBAT A277 8
DAMAGE COMBAT A278 8
DAMAGE COMBAT A306 5
DAMAGE COMBAT B317 4
DAMAGE COMBAT B318 8
DAMAGE COMBAT B322 4
END TURN 344
TURN 345
COMMAND LEFT START
MOVE A351 77
MOVE A342 28
MOVE A343 28
MOVE A393 28
MOVE A352 28
MOVE A353 28
MOVE A354 28
MOVE A382 28
MOVE A383 28
MOVE A384 28
MOVE A385 28
MOVE A332 28
MOVE A298 74
MOVE A299 74
MOVE A317 74
MOVE A322 74
MOVE A324 74
MOVE A325 74
MOVE A328 74
MOVE A329 74
MOVE A347 74
TRAIN 2
COMMAND LEFT END
COMMAND RIGHT START
MOVE B357 94
TRAIN 3
COMMAND RIGHT END
TURN 345 RESULT
TIME LEFT 9 5 RIGHT 0 5
TRAIN A394 A395 B358 B359 B360
MOVE A298 36
MOVE A299 36
MOVE A317 36
MOVE A322 36
MOVE A324 36
MOVE A325 36
MOVE A328 36
MOVE A329 36
MOVE A332 28
MOVE A333 15
MOVE A342 5
MOVE A343 5
MOVE A347 36
MOVE A351 54
MOVE A352 40
MOVE A353 40
MOVE A354 40
MOVE A382 40
MOVE A383 40
MOVE A384 40
MOVE A385 40
MOVE A390 15
MOVE A391 15
MOVE A392 15
MOVE A393 5
MOVE B350 126
MOVE B354 171
MOVE B355 171
MOVE B356 171
MOVE B357 183
DAMAGE TURRET B322 2
DAMAGE COMBAT A306 3
DAMAGE COMBAT A307 8
DAMAGE COMBAT A320 8
DAMAGE COMBAT B322 2
DAMAGE COMBAT B324 8
DAMAGE COMBAT B325 8
END TURN 345
TURN 346
COMMAND LEFT START
MOVE A394 28
MOVE A395 28
TRAIN 2
COMMAND LEFT END
COMMAND RIGHT START
MOVE B360 94
MOVE B359 94
MOVE B358 94
TRAIN 3
COMMAND RIGHT END
TURN 346 RESULT
TIME LEFT 3 5 RIGHT 0 5
TRAIN A396 A397 B361 B362 B363
MOVE A298 48
MOVE A299 48
MOVE A317 48
MOVE A322 48
MOVE A324 48
MOVE A325 48
MOVE A328 48
MOVE A329 48
MOVE A342 10
MOVE A343 10
MOVE A347 48
MOVE A351 50
MOVE A352 24
MOVE A353 24
MOVE A354 24
MOVE A382 24
MOVE A383 24
MOVE A384 24
MOVE A385 24
MOVE A393 10
MOVE A394 5
MOVE A395 5
MOVE B350 134
MOVE B354 164
MOVE B355 164
MOVE B356 164
MOVE B357 178
MOVE B358 183
MOVE B359 183
MOVE B360 183
DAMAGE TURRET B326 2
DAMAGE COMBAT A333 8
DAMAGE COMBAT A339 8
DAMAGE COMBAT B326 6
DAMAGE COMBAT B327 8
DAMAGE COMBAT B328 1
END TURN 346
TURN 347
COMMAND LEFT START
MOVE A396 28
MOVE A397 28
MOVE A332 74
MOVE A348 74
MOVE A349 74
MOVE A350 74
MOVE A363 74
MOVE A364 74
MOVE A365 74
MOVE A366 74
MOVE A367 74
MOVE A370 74
TRAIN 1
COMMAND LEFT END
COMMAND RIGHT START
MOVE B363 94
MOVE B362 94
MOVE B361 94
MOVE B353 28
TRAIN 2
COMMAND RIGHT END
TURN 347 RESULT
TIME LEFT 2 5 RIGHT 0 5
TRAIN A398 B364 B365
MOVE A298 58
MOVE A299 58
MOVE A317 58
MOVE A322 58
MOVE A324 58
MOVE A325 58
MOVE A328 58
MOVE A329 58
MOVE A332 36
MOVE A342 17
MOVE A343 17
MOVE A347 58
MOVE A348 36
MOVE A349 36
MOVE A350 36
MOVE A351 77
MOVE A352 28
MOVE A353 28
MOVE A354 28
MOVE A363 36
MOVE A364 36
MOVE A365 36
MOVE A366 36
MOVE A367 36
MOVE A370 36
MOVE A382 28
MOVE A383 28
MOVE A384 28
MOVE A385 28
MOVE A393 17
MOVE A394 10
MOVE A395 10
MOVE A396 5
MOVE A397 5
MOVE B350 138
MOVE B353 82
MOVE B354 139
MOVE B355 139
MOVE B356 139
MOVE B357 171
MOVE B358 178
MOVE B359 178
MOVE B360 178
MOVE B361 183
MOVE B362 183
MOVE B363 183
DAMAGE TURRET B328 2
DAMAGE COMBAT A340 8
DAMAGE COMBAT A344 6
DAMAGE COMBAT B328 5
DAMAGE COMBAT B329 8
END TURN 347
TURN 348
COMMAND LEFT START
MOVE A351 95
MOVE A398 133
MOVE A352 74
MOVE A353 74
MOVE A354 74
MOVE A371 74
MOVE A372 74
MOVE A373 74
MOVE A374 74
MOVE A375 74
MOVE A376 74
MOVE A377 74
MOVE A378 74
MOVE A361 28
MOVE A362 28
MOVE A386 28
MOVE A387 28
MOVE A388 28
MOVE A389 28
MOVE A390 28
MOVE A391 28
MOVE A392 28
TRAIN 2
COMMAND LEFT END
COMMAND RIGHT START
MOVE B315 74
MOVE B316 74
MOVE B319 74
MOVE B320 74
MOVE B321 74
MOVE B365 94
MOVE B364 94
TRAIN 3
COMMAND RIGHT END
TURN 348 RESULT
TIME LEFT 7 5 RIGHT 1 5
TRAIN A399 A400 B366 B367 B368
MOVE A298 74
MOVE A299 74
MOVE A317 74
MOVE A322 74
MOVE A324 74
MOVE A325 74
MOVE A328 74
MOVE A329 74
MOVE A332 48
MOVE A342 28
MOVE A343 28
MOVE A347 74
MOVE A348 48
MOVE A349 48
MOVE A350 48
MOVE A351 95
MOVE A352 36
MOVE A353 36
MOVE A354 36
MOVE A363 48
MOVE A364 48
MOVE A365 48
MOVE A366 48
MOVE A367 48
MOVE A370 48
MOVE A371 36
MOVE A372 36
MOVE A373 36
MOVE A374 36
MOVE A375 36
MOVE A376 36
MOVE A377 36
MOVE A378 36
MOVE A393 28
MOVE A394 17
MOVE A395 17
MOVE A396 10
MOVE A397 10
MOVE A398 5
MOVE B315 81
MOVE B316 81
MOVE B319 81
MOVE B320 81
MOVE B321 81
MOVE B350 133
MOVE B353 66
MOVE B354 122
MOVE B355 122
MOVE B356 122
MOVE B357 164
MOVE B358 171
MOVE B359 171
MOVE B360 171
MOVE B361 178
MOVE B362 178
MOVE B363 178
MOVE B364 183
MOVE B365 183
DAMAGE TURRET A298 2
DAMAGE TURRET B330 2
DAMAGE TURRET B350 2
DAMAGE COMBAT A160 1
DAMAGE COMBAT A298 3
DAMAGE COMBAT A344 2
DAMAGE COMBAT A345 8
DAMAGE COMBAT A346 2
DAMAGE COMBAT B276 8
DAMAGE COMBAT B277 1
DAMAGE COMBAT B330 6
DAMAGE COMBAT B331 6
DAMAGE COMBAT B350 3
END TURN 348
TURN 349
COMMAND LEFT START
MOVE A399 15
MOVE A400 15
MOVE A342 15
MOVE A343 15
MOVE A379 15
MOVE A380 15
MOVE A381 15
MOVE A382 15
MOVE A383 15
MOVE A384 15
MOVE A351 28
TRAIN 2
COMMAND LEFT END
COMMAND RIGHT START
MOVE B368 94
MOVE B367 94
MOVE B366 94
MOVE B352 55
TRAIN 3
COMMAND RIGHT END
TURN 349 RESULT
TIME LEFT 2 5 RIGHT 0 5
TRAIN A401 A402 B369 B370 B371
MOVE A332 58
MOVE A342 24
MOVE A343 24
MOVE A348 58
MOVE A349 58
MOVE A350 58
MOVE A351 83
MOVE A352 48
MOVE A353 48
MOVE A354 48
MOVE A363 58
MOVE A364 58
MOVE A365 58
MOVE A366 58
MOVE A367 58
MOVE A370 58
MOVE A371 48
MOVE A372 48
MOVE A373 48
MOVE A374 48
MOVE A375 48
MOVE A376 48
MOVE A377 48
MOVE A378 48
MOVE A379 24
MOVE A380 24
MOVE A381 24
MOVE A382 24
MOVE A383 24
MOVE A384 24
MOVE A394 28
MOVE A395 28
MOVE A396 17
MOVE A397 17
MOVE A398 10
MOVE A399 6
MOVE A400 6
MOVE B315 74
MOVE B316 74
MOVE B319 74
MOVE B320 74
MOVE B321 74
MOVE B352 73
MOVE B353 47
MOVE B354 106
MOVE B355 106
MOVE B356 106
MOVE B357 139
MOVE B358 164
MOVE B359 164
MOVE B360 164
MOVE B361 171
MOVE B362 171
MOVE B363 171
MOVE B364 178
MOVE B365 178
MOVE B366 183
MOVE B367 183
MOVE B368 183
DAMAGE TURRET A298 2
DAMAGE TURRET B331 2
DAMAGE TURRET B350 2
DAMAGE COMBAT A160 1
DAMAGE COMBAT A298 1
DAMAGE COMBAT A299 6
DAMAGE COMBAT A346 6
DAMAGE COMBAT A361 5
DAMAGE COMBAT B277 7
DAMAGE COMBAT B315 2
DAMAGE COMBAT B332 8
DAMAGE COMBAT B333 2
DAMAGE COMBAT B350 1
END TURN 349
TURN 350
COMMAND LEFT START
MOVE A385 62
MOVE A401 133
MOVE A402 133
TRAIN 2
COMMAND LEFT END
COMMAND RIGHT START
MOVE B371 94
MOVE B370 94
MOVE B369 94
TRAIN 1
COMMAND RIGHT END
TURN 350 RESULT
TIME LEFT 5 5 RIGHT 0 5
TRAIN A403 A404 B372
MOVE A332 74
MOVE A342 23
MOVE A343 23
MOVE A348 74
MOVE A349 74
MOVE A350 74
MOVE A351 71
MOVE A352 58
MOVE A353 58
MOVE A354 58
MOVE A363 74
MOVE A364 74
MOVE A365 74
MOVE A366 74
MOVE A367 74
MOVE A370 74
MOVE A371 58
MOVE A372 58
MOVE A373 58
MOVE A374 58
MOVE A375 58
MOVE A376 58
MOVE A377 58
MOVE A378 58
MOVE A379 23
MOVE A380 23
MOVE A381 23
MOVE A382 23
MOVE A383 23
MOVE A384 23
MOVE A385 24
MOVE A396 28
MOVE A397 28
MOVE A398 17
MOVE A399 15
MOVE A400 15
MOVE A401 5
MOVE A402 5
MOVE B352 68
MOVE B353 28
MOVE B354 94
MOVE B355 94
MOVE B356 94
MOVE B357 122
MOVE B358 139
MOVE B359 139
MOVE B360 139
MOVE B361 164
MOVE B362 164
MOVE B363 164
MOVE B364 171
MOVE B365 171
MOVE B366 178
MOVE B367 178
MOVE B368 178
MOVE B369 183
MOVE B370 183
MOVE B371 183
DAMAGE TURRET A299 2
DAMAGE TURRET B333 2
DAMAGE TURRET B353 2
DAMAGE COMBAT A297 1
DAMAGE COMBAT A317 6
DAMAGE COMBAT A361 3
DAMAGE COMBAT A362 6
DAMAGE COMBAT B307 8
DAMAGE COMBAT B315 5
DAMAGE COMBAT B316 5
DAMAGE COMBAT B333 4
DAMAGE COMBAT B334 7
DAMAGE COMBAT B353 6
END TURN 350
TURN 351
COMMAND LEFT START
MOVE A403 133
MOVE A404 133
TRAIN 2
COMMAND LEFT END
COMMAND RIGHT START
MOVE B372 94
TRAIN 3
COMMAND RIGHT END
TURN 351 RESULT
TIME LEFT 3 5 RIGHT 0 5
TRAIN A405 A406 B373 B374 B375
MOVE A342 15
MOVE A343 15
MOVE A351 62
MOVE A352 74
MOVE A353 74
MOVE A354 74
MOVE A371 74
MOVE A372 74
MOVE A373 74
MOVE A374 74
MOVE A375 74
MOVE A376 74
MOVE A377 74
MOVE A378 74
MOVE A379 15
MOVE A380 15
MOVE A381 15
MOVE A382 15
MOVE A383 15
MOVE A384 15
MOVE A385 40
MOVE A398 28
MOVE A401 10
MOVE A402 10
MOVE A403 5
MOVE A404 5
MOVE B352 62
MOVE B357 106
MOVE B358 122
MOVE B359 122
MOVE B360 122
MOVE B361 139
MOVE B362 139
MOVE B363 139
MOVE B364 164
MOVE B365 164
MOVE B366 171
MOVE B367 171
MOVE B368 171
MOVE B369 178
MOVE B370 178
MOVE B371 178
MOVE B372 183
DAMAGE TURRET A317 2
DAMAGE TURRET B334 1
DAMAGE TURRET B335 1
DAMAGE COMBAT A322 4
DAMAGE COMBAT A342 6
DAMAGE COMBAT A351 1
DAMAGE COMBAT A362 2
DAMAGE COMBAT B316 3
DAMAGE COMBAT B319 8
DAMAGE COMBAT B320 8
DAMAGE COMBAT B321 8
DAMAGE COMBAT B335 7
DAMAGE COMBAT B336 8
DAMAGE COMBAT B337 3
DAMAGE COMBAT B352 1
SIEGE B 74 1
END TURN 351
TURN 352
COMMAND LEFT START
MOVE A405 133
MOVE A406 133
MOVE A393 74
MOVE A394 74
MOVE A395 74
MOVE A396 74
MOVE A397 74
MOVE A380 28
MOVE A381 28
MOVE A382 28
MOVE A383 28
MOVE A384 28
MOVE A399 28
MOVE A400 28
TRAIN 2
COMMAND LEFT END
COMMAND RIGHT START
MOVE B375 94
MOVE B374 94
MOVE B373 94
TRAIN 3
COMMAND RIGHT END
TURN 352 RESULT
TIME LEFT 3 5 RIGHT 0 5
TRAIN A407 A408 B376 B377 B378
MOVE A385 62
MOVE A393 36
MOVE A394 36
MOVE A395 36
MOVE A396 36
MOVE A397 36
MOVE A398 36
MOVE A401 17
MOVE A402 17
MOVE A403 10
MOVE A404 10
MOVE A405 5
MOVE A406 5
MOVE B357 94
MOVE B358 106
MOVE B359 106
MOVE B360 106
MOVE B361 122
MOVE B362 122
MOVE B363 122
MOVE B364 139
MOVE B365 139
MOVE B366 164
MOVE B367 164
MOVE B368 164
MOVE B369 171
MOVE B370 171
MOVE B371 171
MOVE B372 178
MOVE B373 183
MOVE B374 183
MOVE B375 183
DAMAGE TURRET A322 2
DAMAGE TURRET B337 2
DAMAGE COMBAT A342 2
DAMAGE COMBAT A343 3
DAMAGE COMBAT A351 1
DAMAGE COMBAT B337 3
DAMAGE COMBAT B338 8
DAMAGE COMBAT B339 6
DAMAGE COMBAT B352 2
SIEGE B 74 17
END TURN 352
TURN 353
COMMAND LEFT START
MOVE A385 28
MOVE A324 76
MOVE A407 133
MOVE A408 133
MOVE A325 28
MOVE A328 28
MOVE A329 28
MOVE A332 28
MOVE A347 28
MOVE A348 28
MOVE A349 28
MOVE A350 28
MOVE A352 28
MOVE A353 28
MOVE A354 28
MOVE A363 28
MOVE A364 28
MOVE A365 28
MOVE A366 28
MOVE A367 28
MOVE A370 28
MOVE A371 28
MOVE A372 28
MOVE A373 28
MOVE A374 28
MOVE A375 28
MOVE A376 28
MOVE A377 28
MOVE A378 28
TRAIN 2
COMMAND LEFT END
COMMAND RIGHT START
MOVE B378 94
MOVE B377 94
MOVE B376 94
TRAIN 3
COMMAND RIGHT END
TURN 353 RESULT
TIME LEFT 7 5 RIGHT 1 5
TRAIN A409 A410 B379 B380 B381
MOVE A324 76
MOVE A325 58
MOVE A328 58
MOVE A329 58
MOVE A332 58
MOVE A347 58
MOVE A348 58
MOVE A349 58
MOVE A350 58
MOVE A352 58
MOVE A353 58
MOVE A354 58
MOVE A363 58
MOVE A364 58
MOVE A365 58
MOVE A366 58
MOVE A367 58
MOVE A370 58
MOVE A371 58
MOVE A372 58
MOVE A373 58
MOVE A374 58
MOVE A375 58
MOVE A376 58
MOVE A377 58
MOVE A378 58
MOVE A393 48
MOVE A394 48
MOVE A395 48
MOVE A396 48
MOVE A397 48
MOVE A398 48
MOVE A401 28
MOVE A402 28
MOVE A403 17
MOVE A404 17
MOVE A405 10
MOVE A406 10
MOVE A407 5
MOVE A408 5
MOVE B358 94
MOVE B359 94
MOVE B360 94
MOVE B361 106
MOVE B362 106
MOVE B363 106
MOVE B364 122
MOVE B365 122
MOVE B366 139
MOVE B367 139
MOVE B368 139
MOVE B369 164
MOVE B370 164
MOVE B371 164
MOVE B372 171
MOVE B373 178
MOVE B374 178
MOVE B375 178
MOVE B376 183
MOVE B377 183
MOVE B378 183
DAMAGE TURRET B339 2
DAMAGE COMBAT A343 3
DAMAGE COMBAT A351 1
DAMAGE COMBAT B340 8
DAMAGE COMBAT B341 8
DAMAGE COMBAT B352 2
END TURN 353
TURN 354
COMMAND LEFT START
MOVE A409 46
MOVE A410 46
MOVE A324 15
TRAIN 2
COMMAND LEFT END
COMMAND RIGHT START
MOVE B345 74
MOVE B346 74
MOVE B347 74
MOVE B348 74
MOVE B349 74
TRAIN 3
COMMAND RIGHT END
TURN 354 RESULT
TIME LEFT 1 5 RIGHT 0 5
TRAIN A411 A412 B382 B383 B384
MOVE A324 64
MOVE A325 48
MOVE A328 48
MOVE A329 48
MOVE A332 48
MOVE A347 48
MOVE A348 48
MOVE A349 48
MOVE A350 48
MOVE A352 48
MOVE A353 48
MOVE A354 48
MOVE A363 48
MOVE A364 48
MOVE A365 48
MOVE A366 48
MOVE A367 48
MOVE A370 48
MOVE A371 48
MOVE A372 48
MOVE A373 48
MOVE A374 48
MOVE A375 48
MOVE A376 48
MOVE A377 48
MOVE A378 48
MOVE A380 23
MOVE A381 23
MOVE A382 23
MOVE A383 23
MOVE A384 23
MOVE A386 23
MOVE A387 23
MOVE A388 23
MOVE A389 23
MOVE A390 23
MOVE A391 23
MOVE A392 23
MOVE A393 58
MOVE A394 58
MOVE A395 58
MOVE A396 58
MOVE A397 58
MOVE A398 53
MOVE A399 23
MOVE A400 23
MOVE A401 36
MOVE A402 36
MOVE A403 28
MOVE A404 28
MOVE A405 17
MOVE A406 17
MOVE A407 10
MOVE A408 10
MOVE A409 6
MOVE A410 6
MOVE B345 81
MOVE B346 81
MOVE B347 81
MOVE B348 81
MOVE B349 81
MOVE B361 94
MOVE B362 94
MOVE B363 94
MOVE B364 106
MOVE B365 106
MOVE B366 122
MOVE B367 122
MOVE B368 122
MOVE B369 139
MOVE B370 139
MOVE B371 139
MOVE B372 164
MOVE B373 171
MOVE B374 171
MOVE B375 171
MOVE B376 178
MOVE B377 178
MOVE B378 178
DAMAGE COMBAT A351 1
DAMAGE COMBAT B352 2
END TURN 354
TURN 355
COMMAND LEFT START
MOVE A411 133
MOVE A412 133
TRAIN 2
COMMAND LEFT END
COMMAND RIGHT START
MOVE B384 94
MOVE B383 94
MOVE B382 94
MOVE B381 94
MOVE B380 94
MOVE B379 94
TRAIN 2
COMMAND RIGHT END
TURN 355 RESULT
TIME LEFT 3 5 RIGHT 0 5
TRAIN A413 A414 B385 B386
MOVE A324 58
MOVE A325 36
MOVE A328 36
MOVE A329 36
MOVE A332 36
MOVE A347 36
MOVE A348 36
MOVE A349 36
MOVE A350 36
MOVE A352 36
MOVE A353 36
MOVE A354 36
MOVE A363 36
MOVE A364 36
MOVE A365 36
MOVE A366 36
MOVE A367 36
MOVE A370 36
MOVE A371 36
MOVE A372 36
MOVE A373 36
MOVE A374 36
MOVE A375 36
MOVE A376 36
MOVE A377 36
MOVE A378 36
MOVE A380 24
MOVE A381 24
MOVE A382 24
MOVE A383 24
MOVE A384 24
MOVE A386 24
MOVE A387 24
MOVE A388 24
MOVE A389 24
MOVE A390 24
MOVE A391 24
MOVE A392 24
MOVE A393 74
MOVE A394 74
MOVE A395 74
MOVE A396 74
MOVE A397 74
MOVE A398 64
MOVE A399 24
MOVE A400 24
MOVE A401 48
MOVE A402 48
MOVE A403 36
MOVE A404 36
MOVE A405 28
MOVE A406 28
MOVE A407 17
MOVE A408 17
MOVE A409 15
MOVE A410 15
MOVE A411 5
MOVE A412 5
MOVE B345 74
MOVE B346 74
MOVE B347 74
MOVE B348 74
MOVE B349 74
MOVE B364 94
MOVE B365 94
MOVE B366 106
MOVE B367 106
MOVE B368 106
MOVE B369 122
MOVE B370 122
MOVE B371 122
MOVE B372 139
MOVE B373 164
MOVE B374 164
MOVE B375 164
MOVE B376 171
MOVE B377 171
MOVE B378 171
MOVE B379 183
MOVE B380 183
MOVE B381 183
MOVE B382 183
MOVE B383 183
MOVE B384 183
DAMAGE COMBAT A322 2
DAMAGE COMBAT A351 1
DAMAGE COMBAT A393 3
DAMAGE COMBAT B345 6
DAMAGE COMBAT B352 1
END TURN 355
TURN 356
COMMAND LEFT START
MOVE A394 65
MOVE A413 133
MOVE A414 133
MOVE A395 28
MOVE A396 28
MOVE A397 28
TRAIN 2
COMMAND LEFT END
COMMAND RIGHT START
MOVE B345 94
MOVE B346 94
MOVE B347 94
MOVE B348 94
MOVE B386 94
MOVE B385 94
TRAIN 3
COMMAND RIGHT END
TURN 356 RESULT
TIME LEFT 6 5 RIGHT 0 5
TRAIN A415 A416 B387 B388 B389
MOVE A324 47
MOVE A325 28
MOVE A328 28
MOVE A329 28
MOVE A332 28
MOVE A347 28
MOVE A348 28
MOVE A349 28
MOVE A350 28
MOVE A351 40
MOVE A352 28
MOVE A353 28
MOVE A354 28
MOVE A363 28
MOVE A364 28
MOVE A365 28
MOVE A366 28
MOVE A367 28
MOVE A370 28
MOVE A371 28
MOVE A372 28
MOVE A373 28
MOVE A374 28
MOVE A375 28
MOVE A376 28
MOVE A377 28
MOVE A378 28
MOVE A380 28
MOVE A381 28
MOVE A382 28
MOVE A383 28
MOVE A384 28
MOVE A385 40
MOVE A386 28
MOVE A387 28
MOVE A388 28
MOVE A389 28
MOVE A390 28
MOVE A391 28
MOVE A392 28
MOVE A398 76
MOVE A399 28
MOVE A400 28
MOVE A401 53
MOVE A402 53
MOVE A403 48
MOVE A404 48
MOVE A405 36
MOVE A406 36
MOVE A407 28
MOVE A408 28
MOVE A409 32
MOVE A410 32
MOVE A411 10
MOVE A412 10
MOVE A413 5
MOVE A414 5
MOVE B366 94
MOVE B367 94
MOVE B368 94
MOVE B369 106
MOVE B370 106
MOVE B371 106
MOVE B372 122
MOVE B373 139
MOVE B374 139
MOVE B375 139
MOVE B376 164
MOVE B377 164
MOVE B378 164
MOVE B379 178
MOVE B380 178
MOVE B381 178
MOVE B382 178
MOVE B383 178
MOVE B384 178
MOVE B385 183
MOVE B386 183
DAMAGE COMBAT A393 5
DAMAGE COMBAT B345 2
DAMAGE COMBAT B346 3
END TURN 356
TURN 357
COMMAND LEFT START
MOVE A325 46
MOVE A328 46
MOVE A329 46
MOVE A332 46
MOVE A347 46
MOVE A348 46
MOVE A349 46
MOVE A350 46
MOVE A415 133
MOVE A416 133
MOVE A352 94
MOVE A353 94
MOVE A354 94
MOVE A363 94
MOVE A364 94
MOVE A365 94
MOVE A366 94
MOVE A367 94
MOVE A370 94
MOVE A371 94
MOVE A372 94
MOVE A373 94
MOVE A374 94
MOVE A375 94
MOVE A376 94
MOVE A377 94
MOVE A378 94
MOVE A380 94
MOVE A381 94
MOVE A382 94
MOVE A383 94
MOVE A384 94
MOVE A386 94
MOVE A387 94
MOVE A388 94
COMMAND LEFT END
COMMAND RIGHT START
MOVE B389 94
MOVE B388 94
MOVE B387 94
TRAIN 2
COMMAND RIGHT END
TURN 357 RESULT
TIME LEFT 3 5 RIGHT 0 5
TRAIN B390 B391
MOVE A324 24
MOVE A325 24
MOVE A328 24
MOVE A329 24
MOVE A332 24
MOVE A347 24
MOVE A348 24
MOVE A349 24
MOVE A350 24
MOVE A351 24
MOVE A352 47
MOVE A353 47
MOVE A354 47
MOVE A363 47
MOVE A364 47
MOVE A365 47
MOVE A366 47
MOVE A367 47
MOVE A370 47
MOVE A371 47
MOVE A372 47
MOVE A373 47
MOVE A374 47
MOVE A375 47
MOVE A376 47
MOVE A377 47
MOVE A378 47
MOVE A380 47
MOVE A381 47
MOVE A382 47
MOVE A383 47
MOVE A384 47
MOVE A385 24
MOVE A386 47
MOVE A387 47
MOVE A388 47
MOVE A398 93
MOVE A401 64
MOVE A402 64
MOVE A403 53
MOVE A404 53
MOVE A405 48
MOVE A406 48
MOVE A407 36
MOVE A408 36
MOVE A409 46
MOVE A410 46
MOVE A411 17
MOVE A412 17
MOVE A413 10
MOVE A414 10
MOVE A415 5
MOVE A416 5
MOVE B369 94
MOVE B370 94
MOVE B371 94
MOVE B372 106
MOVE B373 122
MOVE B374 122
MOVE B375 122
MOVE B376 139
MOVE B377 139
MOVE B378 139
MOVE B379 171
MOVE B380 171
MOVE B381 171
MOVE B382 171
MOVE B383 171
MOVE B384 171
MOVE B385 178
MOVE B386 178
MOVE B387 183
MOVE B388 183
MOVE B389 183
DAMAGE COMBAT A394 4
DAMAGE COMBAT B346 4
END TURN 357
TURN 358
COMMAND LEFT START
MOVE A389 46
MOVE A390 46
MOVE A391 46
MOVE A392 133
MOVE A399 133
MOVE A400 133
TRAIN 2
COMMAND LEFT END
COMMAND RIGHT START
MOVE B391 94
MOVE B390 94
TRAIN 3
COMMAND RIGHT END
TURN 358 RESULT
TIME LEFT 3 5 RIGHT 1 5
TRAIN A417 A418 B392 B393 B394
MOVE A324 23
MOVE A325 40
MOVE A328 40
MOVE A329 40
MOVE A332 40
MOVE A347 40
MOVE A348 40
MOVE A349 40
MOVE A350 40
MOVE A351 28
MOVE A352 66
MOVE A353 66
MOVE A354 66
MOVE A363 66
MOVE A364 66
MOVE A365 66
MOVE A366 66
MOVE A367 66
MOVE A370 66
MOVE A371 66
MOVE A372 66
MOVE A373 66
MOVE A374 66
MOVE A375 66
MOVE A376 66
MOVE A377 66
MOVE A378 66
MOVE A380 66
MOVE A381 66
MOVE A382 66
MOVE A383 66
MOVE A384 66
MOVE A385 28
MOVE A386 66
MOVE A387 66
MOVE A388 66
MOVE A389 24
MOVE A390 24
MOVE A391 24
MOVE A392 36
MOVE A398 111
MOVE A399 36
MOVE A400 36
MOVE A401 76
MOVE A402 76
MOVE A403 64
MOVE A404 64
MOVE A405 53
MOVE A406 53
MOVE A407 48
MOVE A408 48
MOVE A411 28
MOVE A412 28
MOVE A413 17
MOVE A414 17
MOVE A415 10
MOVE A416 10
MOVE B372 94
MOVE B373 106
MOVE B374 106
MOVE B375 106
MOVE B376 122
MOVE B377 122
MOVE B378 122
MOVE B379 164
MOVE B380 164
MOVE B381 164
MOVE B382 164
MOVE B383 164
MOVE B384 164
MOVE B385 171
MOVE B386 171
MOVE B387 178
MOVE B388 178
MOVE B389 178
MOVE B390 183
MOVE B391 183
DAMAGE COMBAT A394 4
DAMAGE COMBAT B346 1
DAMAGE COMBAT B347 3
END TURN 358
TURN 359
COMMAND LEFT START
MOVE A409 28
MOVE A410 28
MOVE A417 28
MOVE A418 133
MOVE A351 133
MOVE A385 133
TRAIN 2
COMMAND LEFT END
COMMAND RIGHT START
MOVE B394 94
MOVE B393 94
MOVE B392 94
TRAIN 2
COMMAND RIGHT END
TURN 359 RESULT
TIME LEFT 3 5 RIGHT 0 5
TRAIN A419 A420 B395 B396
MOVE A324 15
MOVE A325 46
MOVE A328 46
MOVE A329 46
MOVE A332 46
MOVE A347 46
MOVE A348 46
MOVE A349 46
MOVE A350 46
MOVE A351 36
MOVE A352 82
MOVE A353 82
MOVE A354 82
MOVE A363 82
MOVE A364 82
MOVE A365 82
MOVE A366 82
MOVE A367 82
MOVE A370 82
MOVE A371 82
MOVE A372 82
MOVE A373 82
MOVE A374 82
MOVE A375 82
MOVE A376 82
MOVE A377 82
MOVE A378 82
MOVE A380 82
MOVE A381 82
MOVE A382 82
MOVE A383 82
MOVE A384 82
MOVE A385 36
MOVE A386 82
MOVE A387 82
MOVE A388 82
MOVE A389 40
MOVE A390 40
MOVE A391 40
MOVE A392 48
MOVE A398 133
MOVE A399 48
MOVE A400 48
MOVE A401 93
MOVE A402 93
MOVE A403 76
MOVE A404 76
MOVE A405 64
MOVE A406 64
MOVE A407 53
MOVE A408 53
MOVE A409 40
MOVE A410 40
MOVE A411 36
MOVE A412 36
MOVE A413 28
MOVE A414 28
MOVE A415 17
MOVE A416 17
MOVE A417 5
MOVE A418 5
MOVE B373 94
MOVE B374 94
MOVE B375 94
MOVE B376 106
MOVE B377 106
MOVE B378 106
MOVE B379 139
MOVE B380 139
MOVE B381 139
MOVE B382 139
MOVE B383 139
MOVE B384 139
MOVE B385 164
MOVE B386 164
MOVE B387 171
MOVE B388 171
MOVE B389 171
MOVE B390 178
MOVE B391 178
MOVE B392 183
MOVE B393 183
MOVE B394 183
DAMAGE COMBAT A395 3
DAMAGE COMBAT B347 3
END TURN 359
TURN 360
COMMAND LEFT START
MOVE A398 138
MOVE A419 133
MOVE A420 133
TRAIN 2
COMMAND LEFT END
COMMAND RIGHT START
MOVE B396 94
MOVE B395 94
TRAIN 3
COMMAND RIGHT END
TURN 360 RESULT
TIME LEFT 6 5 RIGHT 0 5
TRAIN A421 A422 B397 B398 B399
MOVE A351 48
MOVE A352 94
MOVE A353 94
MOVE A354 94
MOVE A363 94
MOVE A364 94
MOVE A365 94
MOVE A366 94
MOVE A367 94
MOVE A370 94
MOVE A371 94
MOVE A372 94
MOVE A373 94
MOVE A374 94
MOVE A375 94
MOVE A376 94
MOVE A377 94
MOVE A378 94
MOVE A380 94
MOVE A381 94
MOVE A382 94
MOVE A383 94
MOVE A384 94
MOVE A385 48
MOVE A386 94
MOVE A387 94
MOVE A388 94
MOVE A389 46
MOVE A390 46
MOVE A391 46
MOVE A392 53
MOVE A398 138
MOVE A399 53
MOVE A400 53
MOVE A401 111
MOVE A402 111
MOVE A403 93
MOVE A404 93
MOVE A405 76
MOVE A406 76
MOVE A407 64
MOVE A408 64
MOVE A409 24
MOVE A410 24
MOVE A411 48
MOVE A412 48
MOVE A413 36
MOVE A414 36
MOVE A415 28
MOVE A416 28
MOVE A417 10
MOVE A418 10
MOVE A419 5
MOVE A420 5
MOVE B376 94
MOVE B377 94
MOVE B378 94
MOVE B379 122
MOVE B380 122
MOVE B381 122
MOVE B382 122
MOVE B383 122
MOVE B384 122
MOVE B385 139
MOVE B386 139
MOVE B387 164
MOVE B388 164
MOVE B389 164
MOVE B390 171
MOVE B391 171
MOVE B392 178
MOVE B393 178
MOVE B394 178
MOVE B395 183
MOVE B396 183
DAMAGE TURRET A352 2
DAMAGE COMBAT A352 6
DAMAGE COMBAT A353 8
DAMAGE COMBAT A354 8
DAMAGE COMBAT A363 7
DAMAGE COMBAT A395 3
DAMAGE COMBAT B342 8
DAMAGE COMBAT B343 8
DAMAGE COMBAT B344 8
DAMAGE COMBAT B347 2
DAMAGE COMBAT B348 1
DAMAGE COMBAT B351 1
END TURN 360
TURN 361
COMMAND LEFT START
MOVE A329 28
MOVE A331 28
MOVE A332 28
MOVE A334 28
MOVE A347 28
MOVE A348 28
MOVE A349 28
MOVE A350 28
MOVE A389 28
MOVE A390 28
MOVE A391 28
MOVE A421 28
MOVE A422 28
MOVE A398 133
TRAIN 2
COMMAND LEFT END
COMMAND RIGHT START
MOVE B399 114
MOVE B398 114
MOVE B397 114
TRAIN 2
COMMAND RIGHT END
TURN 361 RESULT
TIME LEFT 3 5 RIGHT 0 5
TRAIN A423 A424 B400 B401
MOVE A329 40
MOVE A331 40
MOVE A332 40
MOVE A334 40
MOVE A347 40
MOVE A348 40
MOVE A349 40
MOVE A350 40
MOVE A351 53
MOVE A385 53
MOVE A389 40
MOVE A390 40
MOVE A391 40
MOVE A392 64
MOVE A398 133
MOVE A399 64
MOVE A400 64
MOVE A401 133
MOVE A402 133
MOVE A403 111
MOVE A404 111
MOVE A405 93
MOVE A406 93
MOVE A407 76
MOVE A408 76
MOVE A409 28
MOVE A410 28
MOVE A411 53
MOVE A412 53
MOVE A413 48
MOVE A414 48
MOVE A415 36
MOVE A416 36
MOVE A417 17
MOVE A418 17
MOVE A419 10
MOVE A420 10
MOVE A421 5
MOVE A422 5
MOVE B379 106
MOVE B380 106
MOVE B381 106
MOVE B382 106
MOVE B383 106
MOVE B384 106
MOVE B385 122
MOVE B386 122
MOVE B387 139
MOVE B388 139
MOVE B389 139
MOVE B390 164
MOVE B391 164
MOVE B392 171
MOVE B393 171
MOVE B394 171
MOVE B395 178
MOVE B396 178
MOVE B397 183
MOVE B398 183
MOVE B399 183
DAMAGE TURRET A363 1
DAMAGE TURRET A364 1
DAMAGE COMBAT A364 7
DAMAGE COMBAT A365 8
DAMAGE COMBAT A366 8
DAMAGE COMBAT A367 3
DAMAGE COMBAT A395 2
DAMAGE COMBAT B348 3
DAMAGE COMBAT B351 7
DAMAGE COMBAT B354 8
DAMAGE COMBAT B355 7
END TURN 361
TURN 362
COMMAND LEFT START
MOVE A423 28
MOVE A424 28
MOVE A409 46
MOVE A410 46
TRAIN 2
COMMAND LEFT END
COMMAND RIGHT START
MOVE B401 114
MOVE B400 114
TRAIN 2
COMMAND RIGHT END
TURN 362 RESULT
TIME LEFT 4 5 RIGHT 1 5
TRAIN A425 A426 B402 B403
MOVE A329 24
MOVE A331 24
MOVE A332 24
MOVE A334 24
MOVE A347 24
MOVE A348 24
MOVE A349 24
MOVE A350 24
MOVE A351 64
MOVE A385 64
MOVE A389 24
MOVE A390 24
MOVE A391 24
MOVE A392 76
MOVE A399 76
MOVE A400 76
MOVE A403 133
MOVE A404 133
MOVE A405 111
MOVE A406 111
MOVE A407 93
MOVE A408 93
MOVE A409 24
MOVE A410 24
MOVE A411 64
MOVE A412 64
MOVE A413 53
MOVE A414 53
MOVE A415 48
MOVE A416 48
MOVE A417 28
MOVE A418 28
MOVE A419 17
MOVE A420 17
MOVE A421 10
MOVE A422 10
MOVE A423 5
MOVE A424 5
MOVE B379 94
MOVE B380 94
MOVE B381 94
MOVE B382 94
MOVE B383 94
MOVE B384 94
MOVE B385 106
MOVE B386 106
MOVE B387 122
MOVE B388 122
MOVE B389 122
MOVE B390 139
MOVE B391 139
MOVE B392 164
MOVE B393 164
MOVE B394 164
MOVE B395 171
MOVE B396 171
MOVE B397 178
MOVE B398 178
MOVE B399 178
MOVE B400 183
MOVE B401 183
DAMAGE TURRET A367 2
DAMAGE COMBAT A367 3
DAMAGE COMBAT A370 8
DAMAGE COMBAT A371 8
DAMAGE COMBAT A372 8
DAMAGE COMBAT A373 3
DAMAGE COMBAT A396 2
DAMAGE COMBAT B348 2
DAMAGE COMBAT B355 1
DAMAGE COMBAT B356 8
DAMAGE COMBAT B357 8
DAMAGE COMBAT B358 1
END TURN 362
TURN 363
COMMAND LEFT START
MOVE A425 28
MOVE A426 28
MOVE A417 46
MOVE A398 143
TRAIN 3
COMMAND LEFT END
COMMAND RIGHT START
MOVE B403 114
MOVE B402 114
TRAIN 3
COMMAND RIGHT END
TURN 363 RESULT
TIME LEFT 7 5 RIGHT 0 5
TRAIN A427 A428 A429 B404 B405 B406
MOVE A329 28
MOVE A331 28
MOVE A332 28
MOVE A334 28
MOVE A347 28
MOVE A348 28
MOVE A349 28
MOVE A350 28
MOVE A351 76
MOVE A385 76
MOVE A389 28
MOVE A390 28
MOVE A391 28
MOVE A392 93
MOVE A398 143
MOVE A399 93
MOVE A400 93
MOVE A405 133
MOVE A406 133
MOVE A407 111
MOVE A408 111
MOVE A409 40
MOVE A410 40
MOVE A411 76
MOVE A412 76
MOVE A413 64
MOVE A414 64
MOVE A415 53
MOVE A416 53
MOVE A417 24
MOVE A418 36
MOVE A419 28
MOVE A420 28
MOVE A421 17
MOVE A422 17
MOVE A423 10
MOVE A424 10
MOVE A425 5
MOVE A426 5
MOVE B385 94
MOVE B386 94
MOVE B387 106
MOVE B388 106
MOVE B389 106
MOVE B390 122
MOVE B391 122
MOVE B392 139
MOVE B393 139
MOVE B394 139
MOVE B395 164
MOVE B396 164
MOVE B397 171
MOVE B398 171
MOVE B399 171
MOVE B400 178
MOVE B401 178
MOVE B402 183
MOVE B403 183
DAMAGE TURRET A373 2
DAMAGE COMBAT A373 3
DAMAGE COMBAT A374 8
DAMAGE COMBAT A375 8
DAMAGE COMBAT A376 8
DAMAGE COMBAT A377 2
DAMAGE COMBAT A396 2
DAMAGE COMBAT B348 2
DAMAGE COMBAT B358 7
DAMAGE COMBAT B359 7
END TURN 363
TURN 364
COMMAND LEFT START
MOVE A427 28
MOVE A428 28
MOVE A429 28
MOVE A401 28
MOVE A329 46
MOVE A331 46
MOVE A332 46
MOVE A334 46
MOVE A347 46
MOVE A348 46
MOVE A349 46
MOVE A350 46
MOVE A389 46
MOVE A390 46
MOVE A391 46
MOVE A398 168
TRAIN 2
COMMAND LEFT END
COMMAND RIGHT START
MOVE B406 114
MOVE B405 114
MOVE B404 114
TRAIN 2
COMMAND RIGHT END
TURN 364 RESULT
TIME LEFT 7 5 RIGHT 0 5
TRAIN A430 A431 B407 B408
MOVE A329 24
MOVE A331 24
MOVE A332 24
MOVE A334 24
MOVE A347 24
MOVE A348 24
MOVE A349 24
MOVE A350 24
MOVE A351 93
MOVE A385 93
MOVE A389 24
MOVE A390 24
MOVE A391 24
MOVE A392 111
MOVE A398 151
MOVE A399 111
MOVE A400 111
MOVE A401 111
MOVE A407 133
MOVE A408 133
MOVE A409 46
MOVE A410 46
MOVE A411 93
MOVE A412 93
MOVE A413 76
MOVE A414 76
MOVE A415 64
MOVE A416 64
MOVE A417 40
MOVE A418 48
MOVE A419 36
MOVE A420 36
MOVE A421 28
MOVE A422 28
MOVE A423 17
MOVE A424 17
MOVE A425 10
MOVE A426 10
MOVE A427 5
MOVE A428 5
MOVE A429 5
MOVE B387 94
MOVE B388 94
MOVE B389 94
MOVE B390 106
MOVE B391 106
MOVE B392 122
MOVE B393 122
MOVE B394 122
MOVE B395 139
MOVE B396 139
MOVE B397 164
MOVE B398 164
MOVE B399 164
MOVE B400 171
MOVE B401 171
MOVE B402 178
MOVE B403 178
MOVE B404 183
MOVE B405 183
MOVE B406 183
DAMAGE TURRET A377 2
DAMAGE COMBAT A377 4
DAMAGE COMBAT A378 8
DAMAGE COMBAT A380 8
DAMAGE COMBAT A381 8
DAMAGE COMBAT A382 3
DAMAGE COMBAT A396 1
DAMAGE COMBAT B349 2
DAMAGE COMBAT B359 1
DAMAGE COMBAT B360 8
DAMAGE COMBAT B361 1
END TURN 364
TURN 365
COMMAND LEFT START
MOVE A409 28
MOVE A410 28
MOVE A430 28
MOVE A421 46
MOVE A422 46
MOVE A431 46
TRAIN 2
COMMAND LEFT END
COMMAND RIGHT START
MOVE B408 114
MOVE B407 114
TRAIN 2
COMMAND RIGHT END
TURN 365 RESULT
TIME LEFT 3 5 RIGHT 0 5
TRAIN A432 A433 B409 B410
MOVE A329 40
MOVE A331 40
MOVE A332 40
MOVE A334 40
MOVE A347 40
MOVE A348 40
MOVE A349 40
MOVE A350 40
MOVE A351 111
MOVE A385 111
MOVE A389 40
MOVE A390 40
MOVE A391 40
MOVE A392 133
MOVE A398 168
MOVE A399 133
MOVE A400 133
MOVE A401 93
MOVE A409 40
MOVE A410 40
MOVE A411 111
MOVE A412 111
MOVE A413 93
MOVE A414 93
MOVE A415 76
MOVE A416 76
MOVE A417 46
MOVE A418 53
MOVE A419 48
MOVE A420 48
MOVE A421 24
MOVE A422 24
MOVE A423 28
MOVE A424 28
MOVE A425 17
MOVE A426 17
MOVE A427 10
MOVE A428 10
MOVE A429 10
MOVE A430 5
MOVE A431 6
MOVE B390 94
MOVE B391 94
MOVE B392 106
MOVE B393 106
MOVE B394 106
MOVE B395 122
MOVE B396 122
MOVE B397 141
MOVE B398 141
MOVE B399 141
MOVE B400 164
MOVE B401 164
MOVE B402 171
MOVE B403 171
MOVE B404 178
MOVE B405 178
MOVE B406 178
MOVE B407 183
MOVE B408 183
DAMAGE TURRET A382 2
DAMAGE COMBAT A382 3
DAMAGE COMBAT A383 8
DAMAGE COMBAT A384 8
DAMAGE COMBAT A386 8
DAMAGE COMBAT A387 4
DAMAGE COMBAT A396 1
DAMAGE COMBAT B349 2
DAMAGE COMBAT B361 6
END TURN 365
TURN 366
COMMAND LEFT START
MOVE A417 28
MOVE A432 28
MOVE A433 28
MOVE A423 46
MOVE A424 46
MOVE A398 133
MOVE A392 80
MOVE A399 28
MOVE A400 28
MOVE A402 28
MOVE A403 28
MOVE A404 28
MOVE A405 28
MOVE A406 28
MOVE A407 28
MOVE A408 28
TRAIN 2
COMMAND LEFT END
COMMAND RIGHT START
MOVE B410 114
MOVE B409 114
TRAIN 3
COMMAND RIGHT END
TURN 366 RESULT
TIME LEFT 6 5 RIGHT 0 5
TRAIN A434 A435 B411 B412 B413
MOVE A329 46
MOVE A331 46
MOVE A332 46
MOVE A334 46
MOVE A347 46
MOVE A348 46
MOVE A349 46
MOVE A350 46
MOVE A351 133
MOVE A385 133
MOVE A389 46
MOVE A390 46
MOVE A391 46
MOVE A392 111
MOVE A398 151
MOVE A399 111
MOVE A400 111
MOVE A401 76
MOVE A402 111
MOVE A403 111
MOVE A404 111
MOVE A405 111
MOVE A406 111
MOVE A407 111
MOVE A408 111
MOVE A409 24
MOVE A410 24
MOVE A411 133
MOVE A412 133
MOVE A413 111
MOVE A414 111
MOVE A415 93
MOVE A416 93
MOVE A417 40
MOVE A418 64
MOVE A419 53
MOVE A420 53
MOVE A421 40
MOVE A422 40
MOVE A423 24
MOVE A424 24
MOVE A425 28
MOVE A426 28
MOVE A427 17
MOVE A428 17
MOVE A429 17
MOVE A430 10
MOVE A431 15
MOVE A432 5
MOVE A433 5
MOVE B392 94
MOVE B393 94
MOVE B394 94
MOVE B395 106
MOVE B396 106
MOVE B397 130
MOVE B398 130
MOVE B399 130
MOVE B400 141
MOVE B401 141
MOVE B402 164
MOVE B403 164
MOVE B404 171
MOVE B405 171
MOVE B406 171
MOVE B407 178
MOVE B408 178
MOVE B409 183
MOVE B410 183
DAMAGE TURRET A387 2
DAMAGE COMBAT A387 2
DAMAGE COMBAT A388 8
DAMAGE COMBAT A396 1
DAMAGE COMBAT B349 2
DAMAGE COMBAT B361 1
DAMAGE COMBAT B362 1
END TURN 366
TURN 367
COMMAND LEFT START
MOVE A329 28
MOVE A331 28
MOVE A332 28
MOVE A334 28
MOVE A347 28
MOVE A348 28
MOVE A349 28
MOVE A350 28
MOVE A389 28
MOVE A434 28
MOVE A435 28
MOVE A351 28
MOVE A385 28
MOVE A411 28
MOVE A412 28
TRAIN 2
COMMAND LEFT END
COMMAND RIGHT START
MOVE B413 94
MOVE B412 94
MOVE B411 94
TRAIN 2
COMMAND RIGHT END
TURN 367 RESULT
TIME LEFT 3 5 RIGHT 1 5
TRAIN A436 A437 B414 B415
MOVE A329 40
MOVE A331 40
MOVE A332 40
MOVE A334 40
MOVE A347 40
MOVE A348 40
MOVE A349 40
MOVE A350 40
MOVE A351 111
MOVE A385 111
MOVE A389 40
MOVE A392 93
MOVE A398 138
MOVE A399 93
MOVE A400 93
MOVE A401 64
MOVE A402 93
MOVE A403 93
MOVE A404 93
MOVE A405 93
MOVE A406 93
MOVE A407 93
MOVE A408 93
MOVE A409 28
MOVE A410 28
MOVE A411 111
MOVE A412 111
MOVE A413 133
MOVE A414 133
MOVE A415 111
MOVE A416 111
MOVE A417 24
MOVE A418 76
MOVE A419 64
MOVE A420 64
MOVE A421 46
MOVE A422 46
MOVE A423 40
MOVE A424 40
MOVE A427 28
MOVE A428 28
MOVE A429 28
MOVE A430 17
MOVE A431 32
MOVE A432 10
MOVE A433 10
MOVE A434 5
MOVE A435 5
MOVE B395 94
MOVE B396 94
MOVE B397 114
MOVE B398 114
MOVE B399 114
MOVE B400 130
MOVE B401 130
MOVE B402 141
MOVE B403 141
MOVE B404 164
MOVE B405 164
MOVE B406 164
MOVE B407 171
MOVE B408 171
MOVE B409 178
MOVE B410 178
MOVE B411 183
MOVE B412 183
MOVE B413 183
DAMAGE COMBAT A396 1
DAMAGE COMBAT B349 2
END TURN 367
TURN 368
COMMAND LEFT START
MOVE A409 46
MOVE A410 46
MOVE A425 46
MOVE A426 46
MOVE A427 46
MOVE A428 46
MOVE A429 46
MOVE A436 46
MOVE A437 46
MOVE A413 28
MOVE A414 28
TRAIN 2
COMMAND LEFT END
COMMAND RIGHT START
MOVE B396 0
MOVE B395 0
MOVE B394 0
MOVE B393 0
MOVE B392 0
MOVE B391 0
MOVE B390 0
MOVE B389 0
MOVE B388 0
MOVE B387 0
MOVE B386 0
MOVE B385 0
MOVE B384 0
MOVE B383 0
MOVE B382 0
MOVE B381 0
MOVE B380 0
MOVE B379 0
MOVE B378 0
MOVE B377 0
MOVE B376 0
MOVE B375 0
MOVE B374 0
MOVE B373 0
MOVE B372 0
MOVE B371 0
MOVE B370 0
MOVE B369 0
MOVE B368 0
MOVE B367 0
MOVE B366 0
MOVE B365 0
MOVE B364 0
COMMAND RIGHT END
TURN 368 RESULT
TIME LEFT 4 5 RIGHT 1 5
TRAIN A438 A439
MOVE A329 24
MOVE A331 24
MOVE A332 24
MOVE A334 24
MOVE A347 24
MOVE A348 24
MOVE A349 24
MOVE A350 24
MOVE A351 93
MOVE A385 93
MOVE A389 24
MOVE A392 80
MOVE A397 58
MOVE A398 133
MOVE A399 76
MOVE A400 76
MOVE A401 53
MOVE A402 76
MOVE A403 76
MOVE A404 76
MOVE A405 76
MOVE A406 76
MOVE A407 76
MOVE A408 76
MOVE A409 24
MOVE A410 24
MOVE A411 93
MOVE A412 93
MOVE A413 111
MOVE A414 111
MOVE A415 133
MOVE A416 133
MOVE A417 28
MOVE A418 93
MOVE A419 76
MOVE A420 76
MOVE A423 46
MOVE A424 46
MOVE A425 24
MOVE A426 24
MOVE A427 24
MOVE A428 24
MOVE A429 24
MOVE A430 28
MOVE A431 46
MOVE A432 17
MOVE A433 17
MOVE A434 10
MOVE A435 10
MOVE A436 6
MOVE A437 6
MOVE B364 82
MOVE B365 82
MOVE B366 82
MOVE B367 82
MOVE B368 82
MOVE B369 82
MOVE B370 82
MOVE B371 82
MOVE B372 82
MOVE B373 82
MOVE B374 82
MOVE B375 82
MOVE B376 82
MOVE B377 82
MOVE B378 82
MOVE B379 82
MOVE B380 82
MOVE B381 82
MOVE B382 82
MOVE B383 82
MOVE B384 82
MOVE B385 82
MOVE B386 82
MOVE B387 82
MOVE B388 82
MOVE B389 82
MOVE B390 82
MOVE B391 82
MOVE B392 82
MOVE B393 82
MOVE B394 82
MOVE B395 82
MOVE B396 82
MOVE B400 114
MOVE B401 114
MOVE B402 130
MOVE B403 130
MOVE B404 141
MOVE B405 141
MOVE B406 141
MOVE B407 164
MOVE B408 164
MOVE B409 171
MOVE B410 171
MOVE B411 178
MOVE B412 178
MOVE B413 178
END TURN 368
TURN 369
COMMAND LEFT START
MOVE A390 28
MOVE A391 28
MOVE A421 28
MOVE A422 28
MOVE A423 28
MOVE A424 28
MOVE A431 28
MOVE A438 28
MOVE A439 28
MOVE A398 143
MOVE A415 28
MOVE A416 28
MOVE A392 28
TRAIN 3
COMMAND LEFT END
COMMAND RIGHT START
MOVE B415 133
MOVE B414 94
TRAIN 3
COMMAND RIGHT END
TURN 369 RESULT
TIME LEFT 7 5 RIGHT 0 5
TRAIN A440 A441 A442 B416 B417 B418
MOVE A329 28
MOVE A331 28
MOVE A332 28
MOVE A334 28
MOVE A347 28
MOVE A348 28
MOVE A349 28
MOVE A350 28
MOVE A351 76
MOVE A385 76
MOVE A389 28
MOVE A390 40
MOVE A391 40
MOVE A392 72
MOVE A397 48
MOVE A398 143
MOVE A399 64
MOVE A400 64
MOVE A401 48
MOVE A402 64
MOVE A403 64
MOVE A404 64
MOVE A405 64
MOVE A406 64
MOVE A407 64
MOVE A408 64
MOVE A409 40
MOVE A410 40
MOVE A411 76
MOVE A412 76
MOVE A413 93
MOVE A414 93
MOVE A415 111
MOVE A416 111
MOVE A418 111
MOVE A419 93
MOVE A420 93
MOVE A421 40
MOVE A422 40
MOVE A423 40
MOVE A424 40
MOVE A425 40
MOVE A426 40
MOVE A427 40
MOVE A428 40
MOVE A429 40
MOVE A431 40
MOVE A432 28
MOVE A433 28
MOVE A434 17
MOVE A435 17
MOVE A436 15
MOVE A437 15
MOVE A438 5
MOVE A439 5
MOVE B364 66
MOVE B365 66
MOVE B366 66
MOVE B367 66
MOVE B368 66
MOVE B369 66
MOVE B370 66
MOVE B371 66
MOVE B372 66
MOVE B373 66
MOVE B374 66
MOVE B375 66
MOVE B376 66
MOVE B377 66
MOVE B378 66
MOVE B379 66
MOVE B380 66
MOVE B381 66
MOVE B382 66
MOVE B383 66
MOVE B384 66
MOVE B385 66
MOVE B386 66
MOVE B387 66
MOVE B388 66
MOVE B389 66
MOVE B390 66
MOVE B391 66
MOVE B392 66
MOVE B393 66
MOVE B394 66
MOVE B395 66
MOVE B396 66
MOVE B402 114
MOVE B403 114
MOVE B404 130
MOVE B405 130
MOVE B406 130
MOVE B407 141
MOVE B408 141
MOVE B409 164
MOVE B410 164
MOVE B411 171
MOVE B412 171
MOVE B413 171
MOVE B414 183
MOVE B415 180
END TURN 369
TURN 370
COMMAND LEFT START
MOVE A398 168
MOVE A440 133
MOVE A441 133
MOVE A442 133
TRAIN 2
COMMAND LEFT END
COMMAND RIGHT START
MOVE B418 94
MOVE B417 94
MOVE B416 94
MOVE B403 94
MOVE B402 94
MOVE B401 94
MOVE B400 94
MOVE B399 94
MOVE B398 94
MOVE B397 94
TRAIN 1
COMMAND RIGHT END
TURN 370 RESULT
TIME LEFT 6 5 RIGHT 0 5
TRAIN A443 A444 B419
MOVE A351 64
MOVE A385 64
MOVE A390 24
MOVE A391 24
MOVE A392 65
MOVE A397 36
MOVE A398 151
MOVE A399 53
MOVE A400 53
MOVE A401 36
MOVE A402 53
MOVE A403 53
MOVE A404 53
MOVE A405 53
MOVE A406 53
MOVE A407 53
MOVE A408 53
MOVE A409 46
MOVE A410 46
MOVE A411 64
MOVE A412 64
MOVE A413 76
MOVE A414 76
MOVE A415 93
MOVE A416 93
MOVE A418 133
MOVE A419 111
MOVE A420 111
MOVE A421 24
MOVE A422 24
MOVE A423 24
MOVE A424 24
MOVE A425 46
MOVE A426 46
MOVE A427 46
MOVE A428 46
MOVE A429 46
MOVE A431 24
MOVE A434 28
MOVE A435 28
MOVE A436 32
MOVE A437 32
MOVE A438 10
MOVE A439 10
MOVE A440 5
MOVE A441 5
MOVE A442 5
MOVE B364 49
MOVE B365 49
MOVE B366 49
MOVE B367 49
MOVE B368 49
MOVE B369 49
MOVE B370 49
MOVE B371 49
MOVE B372 49
MOVE B373 49
MOVE B374 49
MOVE B375 49
MOVE B376 49
MOVE B377 49
MOVE B378 49
MOVE B379 49
MOVE B380 49
MOVE B381 49
MOVE B382 49
MOVE B383 49
MOVE B384 49
MOVE B385 49
MOVE B386 49
MOVE B387 49
MOVE B388 49
MOVE B389 49
MOVE B390 49
MOVE B391 49
MOVE B392 49
MOVE B393 49
MOVE B394 49
MOVE B395 49
MOVE B396 49
MOVE B397 107
MOVE B398 107
MOVE B399 107
MOVE B400 107
MOVE B401 107
MOVE B402 107
MOVE B403 107
MOVE B404 114
MOVE B405 114
MOVE B406 114
MOVE B407 130
MOVE B408 130
MOVE B409 141
MOVE B410 141
MOVE B411 164
MOVE B412 164
MOVE B413 164
MOVE B414 178
MOVE B415 170
MOVE B416 183
MOVE B417 183
MOVE B418 183
END TURN 370
TURN 371
COMMAND LEFT START
MOVE A329 0
MOVE A331 0
MOVE A332 0
MOVE A334 0
MOVE A443 133
MOVE A444 133
MOVE A409 28
MOVE A410 28
MOVE A425 28
MOVE A426 28
MOVE A427 28
MOVE A428 28
MOVE A429 28
MOVE A418 28
TRAIN 2
COMMAND LEFT END
COMMAND RIGHT START
MOVE B419 94
MOVE B406 94
MOVE B405 94
MOVE B404 94
TRAIN 2
COMMAND RIGHT END
TURN 371 RESULT
TIME LEFT 4 5 RIGHT 2 5
TRAIN A445 A446 B420 B421
MOVE A329 17
MOVE A331 17
MOVE A332 17
MOVE A334 17
MOVE A351 53
MOVE A385 53
MOVE A390 28
MOVE A391 28
MOVE A392 52
MOVE A397 28
MOVE A398 168
MOVE A399 48
MOVE A400 48
MOVE A401 28
MOVE A402 48
MOVE A403 48
MOVE A404 48
MOVE A405 48
MOVE A406 48
MOVE A407 48
MOVE A408 48
MOVE A409 40
MOVE A410 40
MOVE A411 53
MOVE A412 53
MOVE A413 64
MOVE A414 64
MOVE A415 76
MOVE A416 76
MOVE A418 111
MOVE A419 133
MOVE A420 133
MOVE A421 28
MOVE A422 28
MOVE A423 28
MOVE A424 28
MOVE A425 40
MOVE A426 40
MOVE A427 40
MOVE A428 40
MOVE A429 40
MOVE A431 28
MOVE A436 46
MOVE A437 46
MOVE A438 17
MOVE A439 17
MOVE A440 10
MOVE A441 10
MOVE A442 10
MOVE A443 5
MOVE A444 5
MOVE B364 24
MOVE B365 24
MOVE B366 24
MOVE B367 24
MOVE B368 24
MOVE B369 24
MOVE B370 24
MOVE B371 24
MOVE B372 24
MOVE B373 24
MOVE B374 24
MOVE B375 24
MOVE B376 24
MOVE B377 24
MOVE B378 24
MOVE B379 24
MOVE B380 24
MOVE B381 24
MOVE B382 24
MOVE B383 24
MOVE B384 24
MOVE B385 24
MOVE B386 24
MOVE B387 24
MOVE B388 24
MOVE B389 24
MOVE B390 24
MOVE B391 24
MOVE B392 24
MOVE B393 24
MOVE B394 24
MOVE B395 24
MOVE B396 24
MOVE B397 94
MOVE B398 94
MOVE B399 94
MOVE B400 94
MOVE B401 94
MOVE B402 94
MOVE B403 94
MOVE B404 107
MOVE B405 107
MOVE B406 107
MOVE B407 114
MOVE B408 114
MOVE B409 130
MOVE B410 130
MOVE B411 139
MOVE B412 139
MOVE B413 139
MOVE B414 171
MOVE B415 154
MOVE B416 178
MOVE B417 178
MOVE B418 178
MOVE B419 183
END TURN 371
TURN 372
COMMAND LEFT START
MOVE A347 0
MOVE A348 0
MOVE A349 0
MOVE A350 0
MOVE A398 133
MOVE A436 77
MOVE A445 133
MOVE A446 133
MOVE A437 28
MOVE A419 28
MOVE A420 28
TRAIN 2
COMMAND LEFT END
COMMAND RIGHT START
MOVE B421 94
MOVE B420 94
MOVE B403 74
MOVE B408 94
MOVE B407 94
TRAIN 3
COMMAND RIGHT END
TURN 372 RESULT
TIME LEFT 7 5 RIGHT 0 5
TRAIN A447 A448 B422 B423 B424
MOVE A329 10
MOVE A331 10
MOVE A332 10
MOVE A334 10
MOVE A347 17
MOVE A348 17
MOVE A349 17
MOVE A350 17
MOVE A351 48
MOVE A385 48
MOVE A392 53
MOVE A398 151
MOVE A399 36
MOVE A400 36
MOVE A402 36
MOVE A403 36
MOVE A404 36
MOVE A405 36
MOVE A406 36
MOVE A407 36
MOVE A408 36
MOVE A409 24
MOVE A410 24
MOVE A411 48
MOVE A412 48
MOVE A413 53
MOVE A414 53
MOVE A415 64
MOVE A416 64
MOVE A418 93
MOVE A419 111
MOVE A420 111
MOVE A425 24
MOVE A426 24
MOVE A427 24
MOVE A428 24
MOVE A429 24
MOVE A436 54
MOVE A437 40
MOVE A438 28
MOVE A439 28
MOVE A440 17
MOVE A441 17
MOVE A442 17
MOVE A443 10
MOVE A444 10
MOVE A445 5
MOVE A446 5
MOVE B364 17
MOVE B365 17
MOVE B366 17
MOVE B367 17
MOVE B368 17
MOVE B369 17
MOVE B370 17
MOVE B371 17
MOVE B372 17
MOVE B373 17
MOVE B374 17
MOVE B375 17
MOVE B376 17
MOVE B377 17
MOVE B378 17
MOVE B379 17
MOVE B380 17
MOVE B381 17
MOVE B382 17
MOVE B383 17
MOVE B384 17
MOVE B385 17
MOVE B386 17
MOVE B387 17
MOVE B388 17
MOVE B389 17
MOVE B390 17
MOVE B391 17
MOVE B392 17
MOVE B393 17
MOVE B394 17
MOVE B395 17
MOVE B396 17
MOVE B403 81
MOVE B404 94
MOVE B405 94
MOVE B406 94
MOVE B407 107
MOVE B408 107
MOVE B409 114
MOVE B410 114
MOVE B411 122
MOVE B412 122
MOVE B413 122
MOVE B414 164
MOVE B415 143
MOVE B416 171
MOVE B417 171
MOVE B418 171
MOVE B419 178
MOVE B420 183
MOVE B421 183
DAMAGE COMBAT A347 8
DAMAGE COMBAT A348 8
DAMAGE COMBAT A349 8
DAMAGE COMBAT A350 8
DAMAGE COMBAT A440 1
DAMAGE COMBAT B364 7
END TURN 372
TURN 373
COMMAND LEFT START
MOVE A389 0
MOVE A390 0
MOVE A391 0
MOVE A397 0
MOVE A401 0
MOVE A417 0
MOVE A447 133
MOVE A448 133
TRAIN 2
COMMAND LEFT END
COMMAND RIGHT START
MOVE B424 94
MOVE B423 94
MOVE B422 94
MOVE B410 94
MOVE B409 94
TRAIN 1
COMMAND RIGHT END
TURN 373 RESULT
TIME LEFT 5 5 RIGHT 0 5
TRAIN A449 A450 B425
MOVE A329 5
MOVE A331 5
MOVE A332 5
MOVE A334 5
MOVE A351 36
MOVE A385 36
MOVE A389 17
MOVE A390 17
MOVE A391 17
MOVE A392 48
MOVE A397 17
MOVE A398 138
MOVE A399 28
MOVE A400 28
MOVE A401 17
MOVE A402 28
MOVE A403 28
MOVE A404 28
MOVE A405 28
MOVE A406 28
MOVE A407 28
MOVE A408 28
MOVE A409 28
MOVE A410 28
MOVE A411 36
MOVE A412 36
MOVE A413 48
MOVE A414 48
MOVE A415 53
MOVE A416 53
MOVE A417 17
MOVE A418 76
MOVE A419 93
MOVE A420 93
MOVE A425 28
MOVE A426 28
MOVE A427 28
MOVE A428 28
MOVE A429 28
MOVE A436 50
MOVE A437 24
MOVE A443 17
MOVE A444 17
MOVE A445 10
MOVE A446 10
MOVE A447 5
MOVE A448 5
MOVE B403 74
MOVE B407 94
MOVE B408 94
MOVE B409 107
MOVE B410 107
MOVE B411 106
MOVE B412 106
MOVE B413 106
MOVE B414 139
MOVE B415 133
MOVE B416 164
MOVE B417 164
MOVE B418 164
MOVE B419 171
MOVE B420 178
MOVE B421 178
MOVE B422 183
MOVE B423 183
MOVE B424 183
DAMAGE TURRET B415 2
DAMAGE COMBAT A160 1
DAMAGE COMBAT A389 8
DAMAGE COMBAT A390 8
DAMAGE COMBAT A391 8
DAMAGE COMBAT A397 2
DAMAGE COMBAT A440 7
DAMAGE COMBAT B364 1
DAMAGE COMBAT B365 8
DAMAGE COMBAT B366 2
DAMAGE COMBAT B415 3
END TURN 373
TURN 374
COMMAND LEFT START
MOVE A449 28
MOVE A450 28
MOVE A399 142
MOVE A400 142
MOVE A402 142
MOVE A403 142
MOVE A404 142
MOVE A405 142
MOVE A406 142
MOVE A407 142
MOVE A408 142
MOVE A409 142
MOVE A410 142
MOVE A421 142
MOVE A422 142
MOVE A423 142
MOVE A424 142
MOVE A425 142
MOVE A426 142
TRAIN 1
COMMAND LEFT END
COMMAND RIGHT START
MOVE B425 94
MOVE B408 46
UPGRADE 74
TRAIN 2
COMMAND RIGHT END
TURN 374 RESULT
TIME LEFT 3 5 RIGHT 0 5
UPGRADE B 74
TRAIN A451 B426 B427
MOVE A329 0
MOVE A331 0
MOVE A332 0
MOVE A334 0
MOVE A351 28
MOVE A385 28
MOVE A392 36
MOVE A398 133
MOVE A399 47
MOVE A400 47
MOVE A402 47
MOVE A403 47
MOVE A404 47
MOVE A405 47
MOVE A406 47
MOVE A407 47
MOVE A408 47
MOVE A409 47
MOVE A410 47
MOVE A411 28
MOVE A412 28
MOVE A413 36
MOVE A414 36
MOVE A415 48
MOVE A416 48
MOVE A418 64
MOVE A419 76
MOVE A420 76
MOVE A421 47
MOVE A422 47
MOVE A423 47
MOVE A424 47
MOVE A425 47
MOVE A426 47
MOVE A436 77
MOVE A437 28
MOVE A445 17
MOVE A446 17
MOVE A447 10
MOVE A448 10
MOVE A449 5
MOVE A450 5
MOVE B408 73
MOVE B409 94
MOVE B410 94
MOVE B411 94
MOVE B412 94
MOVE B413 94
MOVE B414 122
MOVE B416 139
MOVE B417 139
MOVE B418 139
MOVE B419 164
MOVE B420 171
MOVE B421 171
MOVE B422 178
MOVE B423 178
MOVE B424 178
MOVE B425 183
DAMAGE TURRET B415 2
DAMAGE COMBAT A160 1
DAMAGE COMBAT A397 6
DAMAGE COMBAT A401 8
DAMAGE COMBAT A417 8
DAMAGE COMBAT A441 8
DAMAGE COMBAT A442 1
DAMAGE COMBAT B366 6
DAMAGE COMBAT B367 3
DAMAGE COMBAT B415 1
END TURN 374
TURN 375
COMMAND LEFT START
MOVE A330 28
MOVE A331 28
MOVE A436 95
MOVE A332 133
MOVE A334 133
MOVE A451 133
MOVE A351 74
MOVE A385 74
MOVE A411 74
MOVE A412 74
MOVE A427 74
MOVE A428 74
MOVE A429 74
MOVE A398 28
TRAIN 1
COMMAND LEFT END
COMMAND RIGHT START
MOVE B362 74
MOVE B363 74
MOVE B397 74
MOVE B398 74
MOVE B427 94
MOVE B426 94
UPGRADE 74
TRAIN 2
COMMAND RIGHT END
TURN 375 RESULT
TIME LEFT 5 5 RIGHT 1 5
UPGRADE B 74
TRAIN A452 B428 B429
MOVE A330 5
MOVE A331 5
MOVE A332 5
MOVE A334 5
MOVE A351 36
MOVE A385 36
MOVE A392 28
MOVE A398 111
MOVE A399 70
MOVE A400 70
MOVE A402 70
MOVE A403 70
MOVE A404 70
MOVE A405 70
MOVE A406 70
MOVE A407 70
MOVE A408 70
MOVE A409 70
MOVE A410 70
MOVE A411 36
MOVE A412 36
MOVE A413 28
MOVE A414 28
MOVE A415 36
MOVE A416 36
MOVE A418 53
MOVE A419 64
MOVE A420 64
MOVE A421 70
MOVE A422 70
MOVE A423 70
MOVE A424 70
MOVE A425 70
MOVE A426 70
MOVE A427 36
MOVE A428 36
MOVE A429 36
MOVE A436 95
MOVE A447 17
MOVE A448 17
MOVE A449 10
MOVE A450 10
MOVE A451 5
MOVE B362 81
MOVE B363 81
MOVE B397 81
MOVE B398 81
MOVE B408 68
MOVE B414 106
MOVE B416 122
MOVE B417 122
MOVE B418 122
MOVE B419 139
MOVE B420 164
MOVE B421 164
MOVE B422 171
MOVE B423 171
MOVE B424 171
MOVE B425 178
MOVE B426 183
MOVE B427 183
DAMAGE COMBAT A442 7
DAMAGE COMBAT A443 8
DAMAGE COMBAT A444 8
DAMAGE COMBAT A445 7
DAMAGE COMBAT B367 5
DAMAGE COMBAT B368 2
END TURN 375
TURN 376
COMMAND LEFT START
MOVE A452 28
MOVE A309 28
MOVE A436 0
MOVE A392 66
TRAIN 2
COMMAND LEFT END
COMMAND RIGHT START
MOVE B429 94
MOVE B428 94
TRAIN 2
COMMAND RIGHT END
TURN 376 RESULT
TIME LEFT 5 5 RIGHT 1 5
TRAIN A453 A454 B430 B431
MOVE A309 5
MOVE A330 10
MOVE A331 10
MOVE A332 10
MOVE A334 10
MOVE A351 48
MOVE A385 48
MOVE A392 47
MOVE A398 93
MOVE A399 81
MOVE A400 81
MOVE A402 81
MOVE A403 81
MOVE A404 81
MOVE A405 81
MOVE A406 81
MOVE A407 81
MOVE A408 81
MOVE A409 81
MOVE A410 81
MOVE A411 48
MOVE A412 48
MOVE A415 28
MOVE A416 28
MOVE A418 48
MOVE A419 53
MOVE A420 53
MOVE A421 81
MOVE A422 81
MOVE A423 81
MOVE A424 81
MOVE A425 81
MOVE A426 81
MOVE A427 48
MOVE A428 48
MOVE A429 48
MOVE A436 77
MOVE A449 17
MOVE A450 17
MOVE A451 10
MOVE A452 5
MOVE B362 74
MOVE B363 74
MOVE B397 74
MOVE B398 74
MOVE B408 62
MOVE B414 94
MOVE B416 106
MOVE B417 106
MOVE B418 106
MOVE B419 122
MOVE B420 139
MOVE B421 139
MOVE B422 164
MOVE B423 164
MOVE B424 164
MOVE B425 171
MOVE B426 178
MOVE B427 178
MOVE B428 183
MOVE B429 183
DAMAGE COMBAT A445 1
DAMAGE COMBAT A446 8
DAMAGE COMBAT A447 8
DAMAGE COMBAT A448 8
DAMAGE COMBAT A449 4
DAMAGE COMBAT B368 6
END TURN 376
TURN 377
COMMAND LEFT START
MOVE A454 28
MOVE A413 46
MOVE A414 46
MOVE A415 46
TRAIN 2
COMMAND LEFT END
COMMAND RIGHT START
MOVE B431 94
MOVE B430 94
TRAIN 3
COMMAND RIGHT END
TURN 377 RESULT
TIME LEFT 4 5 RIGHT 2 5
TRAIN A455 A456 B432 B433 B434
MOVE A309 10
MOVE A330 17
MOVE A331 17
MOVE A332 17
MOVE A334 17
MOVE A351 58
MOVE A385 58
MOVE A392 66
MOVE A398 76
MOVE A399 104
MOVE A400 104
MOVE A402 104
MOVE A403 104
MOVE A404 104
MOVE A405 104
MOVE A406 104
MOVE A407 104
MOVE A408 104
MOVE A409 104
MOVE A410 104
MOVE A411 58
MOVE A412 58
MOVE A413 24
MOVE A414 24
MOVE A415 24
MOVE A418 36
MOVE A419 48
MOVE A420 48
MOVE A421 104
MOVE A422 104
MOVE A423 104
MOVE A424 104
MOVE A425 104
MOVE A426 104
MOVE A427 58
MOVE A428 58
MOVE A429 58
MOVE A436 50
MOVE A451 17
MOVE A452 10
MOVE A454 5
MOVE B408 46
MOVE B416 94
MOVE B417 94
MOVE B418 94
MOVE B419 106
MOVE B420 122
MOVE B421 122
MOVE B422 139
MOVE B423 139
MOVE B424 139
MOVE B425 164
MOVE B426 171
MOVE B427 171
MOVE B428 178
MOVE B429 178
MOVE B430 183
MOVE B431 183
DAMAGE TURRET B408 2
DAMAGE COMBAT A279 1
DAMAGE COMBAT A330 8
DAMAGE COMBAT A331 8
DAMAGE COMBAT A332 8
DAMAGE COMBAT A449 4
DAMAGE COMBAT B369 7
DAMAGE COMBAT B408 3
END TURN 377
TURN 378
COMMAND LEFT START
MOVE A416 13
TRAIN 3
COMMAND LEFT END
COMMAND RIGHT START
MOVE B434 94
MOVE B433 94
MOVE B432 94
MOVE B403 94
MOVE B398 94
MOVE B397 94
TRAIN 2
COMMAND RIGHT END
TURN 378 RESULT
TIME LEFT 7 5 RIGHT 0 5
TRAIN A457 A458 A459 B435 B436
MOVE A309 17
MOVE A351 74
MOVE A385 74
MOVE A398 64
MOVE A399 120
MOVE A400 120
MOVE A402 120
MOVE A403 120
MOVE A404 120
MOVE A405 120
MOVE A406 120
MOVE A407 120
MOVE A408 120
MOVE A409 120
MOVE A410 120
MOVE A411 74
MOVE A412 74
MOVE A413 40
MOVE A414 40
MOVE A415 40
MOVE A416 16
MOVE A418 28
MOVE A419 36
MOVE A420 36
MOVE A421 120
MOVE A422 120
MOVE A423 120
MOVE A424 120
MOVE A425 120
MOVE A426 120
MOVE A427 74
MOVE A428 74
MOVE A429 74
MOVE A436 37
MOVE A452 17
MOVE A454 10
MOVE B397 81
MOVE B398 81
MOVE B403 81
MOVE B419 94
MOVE B420 106
MOVE B421 106
MOVE B422 122
MOVE B423 122
MOVE B424 122
MOVE B425 139
MOVE B426 164
MOVE B427 164
MOVE B428 171
MOVE B429 171
MOVE B430 178
MOVE B431 178
MOVE B432 183
MOVE B433 183
MOVE B434 183
DAMAGE TURRET A351 1
DAMAGE TURRET B408 2
DAMAGE COMBAT A279 1
DAMAGE COMBAT A309 8
DAMAGE COMBAT A334 8
DAMAGE COMBAT A351 2
DAMAGE COMBAT A450 8
DAMAGE COMBAT A451 4
DAMAGE COMBAT B362 7
DAMAGE COMBAT B369 1
DAMAGE COMBAT B370 4
DAMAGE COMBAT B408 1
END TURN 378
TURN 379
COMMAND LEFT START
MOVE A392 28
MOVE A455 28
MOVE A456 28
MOVE A457 28
MOVE A458 28
MOVE A459 28
MOVE A281 28
MOVE A325 28
MOVE A328 28
MOVE A341 28
MOVE A343 28
MOVE A379 28
MOVE A313 28
MOVE A314 28
MOVE A418 46
MOVE A430 46
MOVE A431 46
MOVE A432 46
MOVE A433 46
MOVE A434 46
TRAIN 2
COMMAND LEFT END
COMMAND RIGHT START
MOVE B436 94
MOVE B435 94
TRAIN 1
COMMAND RIGHT END
TURN 379 RESULT
TIME LEFT 4 5 RIGHT 0 5
TRAIN A460 A461 B437
MOVE A281 9
MOVE A313 5
MOVE A314 5
MOVE A325 40
MOVE A328 40
MOVE A341 9
MOVE A343 23
MOVE A379 23
MOVE A392 47
MOVE A398 53
MOVE A399 126
MOVE A400 126
MOVE A402 126
MOVE A403 126
MOVE A404 126
MOVE A405 126
MOVE A406 126
MOVE A407 126
MOVE A408 126
MOVE A409 126
MOVE A410 126
MOVE A413 46
MOVE A414 46
MOVE A415 46
MOVE A416 9
MOVE A418 24
MOVE A419 28
MOVE A420 28
MOVE A421 126
MOVE A422 126
MOVE A423 126
MOVE A424 126
MOVE A425 126
MOVE A426 126
MOVE A430 24
MOVE A431 24
MOVE A432 24
MOVE A433 24
MOVE A434 24
MOVE A436 20
MOVE A454 17
MOVE A455 5
MOVE A456 5
MOVE A457 5
MOVE A458 5
MOVE A459 5
MOVE B397 94
MOVE B398 94
MOVE B403 94
MOVE B420 94
MOVE B421 94
MOVE B422 106
MOVE B423 106
MOVE B424 106
MOVE B425 122
MOVE B426 139
MOVE B427 139
MOVE B428 164
MOVE B429 164
MOVE B430 171
MOVE B431 171
MOVE B432 178
MOVE B433 178
MOVE B434 178
MOVE B435 183
MOVE B436 183
DAMAGE TURRET A385 1
DAMAGE COMBAT A385 1
DAMAGE COMBAT A451 4
DAMAGE COMBAT A452 8
DAMAGE COMBAT A454 8
DAMAGE COMBAT B363 6
DAMAGE COMBAT B370 3
END TURN 379
TURN 380
COMMAND LEFT START
TRAIN 2
COMMAND LEFT END
COMMAND RIGHT START
MOVE B397 74
MOVE B398 74
MOVE B399 74
MOVE B400 74
MOVE B401 74
MOVE B437 94
TRAIN 3
COMMAND RIGHT END
TURN 380 RESULT
TIME LEFT 3 5 RIGHT 1 5
TRAIN A462 A463 B438 B439 B440
MOVE A281 16
MOVE A313 10
MOVE A314 10
MOVE A325 24
MOVE A328 24
MOVE A341 16
MOVE A343 24
MOVE A379 24
MOVE A392 28
MOVE A398 48
MOVE A399 142
MOVE A400 142
MOVE A402 142
MOVE A403 142
MOVE A404 142
MOVE A405 142
MOVE A406 142
MOVE A407 142
MOVE A408 142
MOVE A409 142
MOVE A410 142
MOVE A416 13
MOVE A418 40
MOVE A421 142
MOVE A422 142
MOVE A423 142
MOVE A424 142
MOVE A425 142
MOVE A426 142
MOVE A430 40
MOVE A431 40
MOVE A432 40
MOVE A433 40
MOVE A434 40
MOVE A436 15
MOVE A455 10
MOVE A456 10
MOVE A457 10
MOVE A458 10
MOVE A459 10
MOVE B370 10
MOVE B371 10
MOVE B372 10
MOVE B373 10
MOVE B374 10
MOVE B375 10
MOVE B376 10
MOVE B377 10
MOVE B378 10
MOVE B379 10
MOVE B380 10
MOVE B381 10
MOVE B382 10
MOVE B383 10
MOVE B384 10
MOVE B385 10
MOVE B386 10
MOVE B387 10
MOVE B388 10
MOVE B389 10
MOVE B390 10
MOVE B391 10
MOVE B392 10
MOVE B393 10
MOVE B394 10
MOVE B395 10
MOVE B396 10
MOVE B397 81
MOVE B398 81
MOVE B399 81
MOVE B400 81
MOVE B401 81
MOVE B422 94
MOVE B423 94
MOVE B424 94
MOVE B425 106
MOVE B426 122
MOVE B427 122
MOVE B428 139
MOVE B429 139
MOVE B430 164
MOVE B431 164
MOVE B432 171
MOVE B433 171
MOVE B434 171
MOVE B435 178
MOVE B436 178
MOVE B437 183
DAMAGE TURRET A385 1
DAMAGE TURRET A399 2
DAMAGE COMBAT A313 8
DAMAGE COMBAT A314 8
DAMAGE COMBAT A385 1
DAMAGE COMBAT A399 3
DAMAGE COMBAT A455 8
DAMAGE COMBAT A456 3
DAMAGE COMBAT B87 8
DAMAGE COMBAT B248 8
DAMAGE COMBAT B267 1
DAMAGE COMBAT B363 2
DAMAGE COMBAT B370 1
DAMAGE COMBAT B371 6
SIEGE B 74 4
END TURN 380
TURN 381
COMMAND LEFT START
MOVE A392 0
MOVE A415 0
MOVE A416 0
MOVE A419 0
MOVE A420 0
MOVE A435 0
MOVE A462 15
MOVE A463 15
MOVE A437 15
MOVE A438 15
MOVE A439 15
MOVE A315 15
MOVE A329 15
MOVE A413 15
MOVE A414 15
MOVE A453 15
MOVE A460 15
MOVE A461 15
MOVE A16 15
MOVE A221 15
MOVE A222 15
TRAIN 2
COMMAND LEFT END
COMMAND RIGHT START
MOVE B440 94
MOVE B439 94
MOVE B438 94
TRAIN 2
COMMAND RIGHT END
TURN 381 RESULT
TIME LEFT 4 5 RIGHT 1 5
TRAIN A464 A465 B441 B442
MOVE A16 24
MOVE A221 18
MOVE A222 18
MOVE A281 28
MOVE A315 6
MOVE A325 28
MOVE A328 28
MOVE A329 6
MOVE A341 28
MOVE A343 28
MOVE A379 28
MOVE A392 17
MOVE A398 36
MOVE A413 32
MOVE A414 32
MOVE A415 32
MOVE A416 9
MOVE A418 46
MOVE A419 17
MOVE A420 17
MOVE A430 46
MOVE A431 46
MOVE A432 46
MOVE A433 46
MOVE A434 46
MOVE A435 17
MOVE A436 6
MOVE A437 24
MOVE A438 24
MOVE A439 24
MOVE A453 6
MOVE A460 6
MOVE A461 6
MOVE A462 6
MOVE A463 6
MOVE B397 74
MOVE B398 74
MOVE B399 74
MOVE B400 74
MOVE B401 74
MOVE B425 94
MOVE B426 106
MOVE B427 106
MOVE B428 122
MOVE B429 122
MOVE B430 139
MOVE B431 139
MOVE B432 164
MOVE B433 164
MOVE B434 164
MOVE B435 171
MOVE B436 171
MOVE B437 178
MOVE B438 183
MOVE B439 183
MOVE B440 183
DAMAGE TURRET A385 1
DAMAGE TURRET A399 2
DAMAGE COMBAT A385 3
DAMAGE COMBAT A399 1
DAMAGE COMBAT A411 2
DAMAGE COMBAT A456 5
DAMAGE COMBAT A457 8
DAMAGE COMBAT A458 8
DAMAGE COMBAT A459 5
DAMAGE COMBAT B267 7
DAMAGE COMBAT B371 2
DAMAGE COMBAT B372 2
DAMAGE COMBAT B397 6
SIEGE B 142 10
END TURN 381
TURN 382
COMMAND LEFT START
MOVE A325 0
MOVE A328 0
MOVE A341 0
MOVE A343 0
MOVE A379 0
MOVE A431 0
MOVE A432 0
MOVE A433 15
MOVE A434 15
MOVE A418 15
MOVE A430 15
MOVE A464 15
TRAIN 1
COMMAND LEFT END
COMMAND RIGHT START
MOVE B442 94
MOVE B441 94
TRAIN 2
COMMAND RIGHT END
TURN 382 RESULT
TIME LEFT 5 5 RIGHT 0 5
TRAIN A466 B443 B444
MOVE A16 23
MOVE A221 20
MOVE A222 20
MOVE A315 15
MOVE A325 17
MOVE A328 17
MOVE A329 15
MOVE A341 17
MOVE A343 17
MOVE A379 17
MOVE A392 10
MOVE A398 28
MOVE A413 15
MOVE A414 15
MOVE A415 15
MOVE A416 4
MOVE A418 32
MOVE A419 10
MOVE A420 10
MOVE A430 32
MOVE A431 32
MOVE A432 32
MOVE A433 32
MOVE A434 32
MOVE A435 10
MOVE A436 0
MOVE A437 23
MOVE A438 23
MOVE A439 23
MOVE A453 15
MOVE A460 15
MOVE A461 15
MOVE A462 15
MOVE A463 15
MOVE A464 6
MOVE B426 94
MOVE B427 94
MOVE B428 106
MOVE B429 106
MOVE B430 122
MOVE B431 122
MOVE B432 139
MOVE B433 139
MOVE B434 139
MOVE B435 164
MOVE B436 164
MOVE B437 171
MOVE B438 178
MOVE B439 178
MOVE B440 178
MOVE B441 183
MOVE B442 183
DAMAGE TURRET A400 2
DAMAGE TURRET A411 1
DAMAGE COMBAT A392 8
DAMAGE COMBAT A411 5
DAMAGE COMBAT A419 8
DAMAGE COMBAT A420 6
DAMAGE COMBAT A459 3
DAMAGE COMBAT B372 5
DAMAGE COMBAT B397 2
DAMAGE COMBAT B398 3
SIEGE B 142 8
END TURN 382
TURN 383
COMMAND LEFT START
MOVE A413 46
MOVE A414 46
MOVE A453 46
MOVE A460 46
MOVE A461 46
MOVE A462 46
MOVE A463 46
MOVE A398 46
TRAIN 1
COMMAND LEFT END
COMMAND RIGHT START
MOVE B444 94
MOVE B443 94
TRAIN 2
COMMAND RIGHT END
TURN 383 RESULT
TIME LEFT 5 5 RIGHT 0 5
TRAIN A467 B445 B446
MOVE A16 15
MOVE A221 15
MOVE A222 15
MOVE A325 10
MOVE A328 10
MOVE A341 10
MOVE A343 10
MOVE A379 10
MOVE A398 24
MOVE A413 32
MOVE A414 32
MOVE A415 6
MOVE A416 3
MOVE A418 15
MOVE A430 15
MOVE A431 15
MOVE A432 15
MOVE A433 15
MOVE A434 15
MOVE A437 15
MOVE A438 15
MOVE A439 15
MOVE A453 32
MOVE A460 32
MOVE A461 32
MOVE A462 32
MOVE A463 32
MOVE A464 15
MOVE B428 94
MOVE B429 94
MOVE B430 106
MOVE B431 106
MOVE B432 122
MOVE B433 122
MOVE B434 122
MOVE B435 139
MOVE B436 139
MOVE B437 164
MOVE B438 171
MOVE B439 171
MOVE B440 171
MOVE B441 178
MOVE B442 178
MOVE B443 183
MOVE B444 183
DAMAGE TURRET A412 1
DAMAGE COMBAT A325 8
DAMAGE COMBAT A328 8
DAMAGE COMBAT A341 5
DAMAGE COMBAT A343 2
DAMAGE COMBAT A412 4
DAMAGE COMBAT A420 2
DAMAGE COMBAT B372 1
DAMAGE COMBAT B373 6
DAMAGE COMBAT B398 4
END TURN 383
TURN 384
COMMAND LEFT START
MOVE A315 0
MOVE A324 0
MOVE A329 0
MOVE A418 0
MOVE A430 0
MOVE A433 0
MOVE A434 0
MOVE A437 0
MOVE A438 0
MOVE A439 0
MOVE A464 0
MOVE A412 0
MOVE A427 0
TRAIN 2
COMMAND LEFT END
COMMAND RIGHT START
TRAIN 2
COMMAND RIGHT END
TURN 384 RESULT
TIME LEFT 3 5 RIGHT 0 5
TRAIN A468 A469 B447 B448
MOVE A315 6
MOVE A324 6
MOVE A329 6
MOVE A398 40
MOVE A413 46
MOVE A414 46
MOVE A415 0
MOVE A416 0
MOVE A418 6
MOVE A430 6
MOVE A431 6
MOVE A432 6
MOVE A433 6
MOVE A434 6
MOVE A437 6
MOVE A438 6
MOVE A439 6
MOVE A453 46
MOVE A460 46
MOVE A461 46
MOVE A462 46
MOVE A463 46
MOVE A464 6
MOVE B430 94
MOVE B431 94
MOVE B432 106
MOVE B433 106
MOVE B434 106
MOVE B435 122
MOVE B436 122
MOVE B437 139
MOVE B438 164
MOVE B439 164
MOVE B440 164
MOVE B441 171
MOVE B442 171
MOVE B443 178
MOVE B444 178
DAMAGE TURRET A412 1
DAMAGE COMBAT A341 3
DAMAGE COMBAT A379 8
DAMAGE COMBAT A412 2
DAMAGE COMBAT A427 2
DAMAGE COMBAT A435 8
DAMAGE COMBAT B373 2
DAMAGE COMBAT B374 1
DAMAGE COMBAT B398 1
DAMAGE COMBAT B399 3
END TURN 384
TURN 385
COMMAND LEFT START
MOVE A467 4
MOVE A468 4
MOVE A469 4
MOVE A453 15
MOVE A460 15
MOVE A461 15
MOVE A462 15
MOVE A463 15
TRAIN 2
COMMAND LEFT END
COMMAND RIGHT START
TRAIN 2
COMMAND RIGHT END
TURN 385 RESULT
TIME LEFT 3 5 RIGHT 0 5
TRAIN A470 A471 B449 B450
MOVE A315 0
MOVE A324 0
MOVE A329 0
MOVE A398 46
MOVE A418 0
MOVE A430 0
MOVE A431 0
MOVE A432 0
MOVE A433 0
MOVE A434 0
MOVE A437 0
MOVE A438 0
MOVE A439 0
MOVE A453 32
MOVE A460 32
MOVE A461 32
MOVE A462 32
MOVE A463 32
MOVE A464 0
MOVE A467 3
MOVE A468 3
MOVE A469 3
MOVE B374 5
MOVE B375 5
MOVE B376 5
MOVE B377 5
MOVE B378 5
MOVE B379 5
MOVE B380 5
MOVE B381 5
MOVE B382 5
MOVE B383 5
MOVE B384 5
MOVE B385 5
MOVE B386 5
MOVE B387 5
MOVE B388 5
MOVE B389 5
MOVE B390 5
MOVE B391 5
MOVE B392 5
MOVE B393 5
MOVE B394 5
MOVE B395 5
MOVE B396 5
MOVE B432 94
MOVE B433 94
MOVE B434 94
MOVE B435 106
MOVE B436 106
MOVE B437 122
MOVE B438 139
MOVE B439 139
MOVE B440 139
MOVE B441 164
MOVE B442 164
MOVE B443 171
MOVE B444 171
DAMAGE TURRET A427 1
DAMAGE COMBAT A427 3
DAMAGE COMBAT B399 3
END TURN 385
TURN 386
COMMAND LEFT START
MOVE A414 28
MOVE A418 28
MOVE A430 28
MOVE A431 28
MOVE A432 28
MOVE A433 28
MOVE A434 28
MOVE A436 28
MOVE A437 28
MOVE A438 28
MOVE A439 28
MOVE A464 28
MOVE A465 28
MOVE A466 28
MOVE A470 28
MOVE A471 28
MOVE A315 46
MOVE A324 46
MOVE A329 46
MOVE A415 46
MOVE A416 46
MOVE A19 46
TRAIN 2
COMMAND LEFT END
COMMAND RIGHT START
TRAIN 2
COMMAND RIGHT END
TURN 386 RESULT
TIME LEFT 4 5 RIGHT 1 5
TRAIN A472 A473 B451 B452
MOVE A19 7
MOVE A315 6
MOVE A324 6
MOVE A329 6
MOVE A414 40
MOVE A415 6
MOVE A416 6
MOVE A418 5
MOVE A430 5
MOVE A431 5
MOVE A432 5
MOVE A433 5
MOVE A434 5
MOVE A436 5
MOVE A437 5
MOVE A438 5
MOVE A439 5
MOVE A453 15
MOVE A460 15
MOVE A461 15
MOVE A462 15
MOVE A463 15
MOVE A464 5
MOVE A465 5
MOVE A466 5
MOVE A467 4
MOVE A468 4
MOVE A469 4
MOVE A470 5
MOVE A471 5
MOVE B374 0
MOVE B375 0
MOVE B376 0
MOVE B377 0
MOVE B378 0
MOVE B379 0
MOVE B380 0
MOVE B381 0
MOVE B382 0
MOVE B383 0
MOVE B384 0
MOVE B385 0
MOVE B386 0
MOVE B387 0
MOVE B388 0
MOVE B389 0
MOVE B390 0
MOVE B391 0
MOVE B392 0
MOVE B393 0
MOVE B394 0
MOVE B395 0
MOVE B396 0
MOVE B435 94
MOVE B436 94
MOVE B437 106
MOVE B438 122
MOVE B439 122
MOVE B440 122
MOVE B441 139
MOVE B442 139
MOVE B443 164
MOVE B444 164
DAMAGE TURRET A427 1
DAMAGE TURRET B374 3
DAMAGE COMBAT A427 1
DAMAGE COMBAT A428 2
DAMAGE COMBAT A472 8
DAMAGE COMBAT A473 8
DAMAGE COMBAT B374 2
DAMAGE COMBAT B399 2
DAMAGE COMBAT B400 1
SIEGE A 0 7
END TURN 386
TURN 387
COMMAND LEFT START
MOVE A453 0
MOVE A460 0
MOVE A461 0
MOVE A462 0
MOVE A463 0
MOVE A468 0
MOVE A469 0
MOVE A428 0
MOVE A429 0
MOVE A402 0
MOVE A403 0
MOVE A404 0
MOVE A405 0
MOVE A406 0
MOVE A407 0
MOVE A408 0
MOVE A409 0
MOVE A410 0
MOVE A421 0
MOVE A422 0
MOVE A423 0
MOVE A424 0
MOVE A425 0
TRAIN 2
COMMAND LEFT END
COMMAND RIGHT START
TRAIN 2
COMMAND RIGHT END
TURN 387 RESULT
TIME LEFT 4 5 RIGHT 1 5
TRAIN A474 A475 B453 B454
MOVE A19 17
MOVE A315 15
MOVE A324 15
MOVE A329 15
MOVE A402 126
MOVE A403 126
MOVE A404 126
MOVE A405 126
MOVE A406 126
MOVE A407 126
MOVE A408 126
MOVE A409 126
MOVE A410 126
MOVE A414 24
MOVE A415 15
MOVE A416 15
MOVE A418 10
MOVE A421 126
MOVE A422 126
MOVE A423 126
MOVE A424 126
MOVE A425 126
MOVE A430 10
MOVE A431 10
MOVE A432 10
MOVE A433 10
MOVE A434 10
MOVE A436 10
MOVE A437 10
MOVE A438 10
MOVE A439 10
MOVE A453 6
MOVE A460 6
MOVE A461 6
MOVE A462 6
MOVE A463 6
MOVE A464 10
MOVE A465 10
MOVE A466 10
MOVE A468 3
MOVE A469 3
MOVE A470 10
MOVE A471 10
MOVE B437 94
MOVE B438 106
MOVE B439 106
MOVE B440 106
MOVE B441 122
MOVE B442 122
MOVE B443 139
MOVE B444 139
DAMAGE TURRET A428 1
DAMAGE TURRET B374 2
DAMAGE TURRET B375 1
DAMAGE COMBAT A428 2
DAMAGE COMBAT A474 8
DAMAGE COMBAT A475 8
DAMAGE COMBAT B375 2
DAMAGE COMBAT B400 2
SIEGE A 0 7
END TURN 387
TURN 388
COMMAND LEFT START
MOVE A426 0
MOVE A34 0
MOVE A221 0
MOVE A222 0
MOVE A467 0
MOVE A279 0
MOVE A283 0
MOVE A297 0
TRAIN 1
COMMAND LEFT END
COMMAND RIGHT START
TRAIN 2
COMMAND RIGHT END
TURN 388 RESULT
TIME LEFT 4 5 RIGHT 1 5
TRAIN A476 B455 B456
MOVE A19 23
MOVE A34 3
MOVE A221 6
MOVE A222 6
MOVE A279 32
MOVE A283 17
MOVE A297 17
MOVE A315 32
MOVE A324 32
MOVE A329 32
MOVE A402 120
MOVE A403 120
MOVE A404 120
MOVE A405 120
MOVE A406 120
MOVE A407 120
MOVE A408 120
MOVE A409 120
MOVE A410 120
MOVE A414 28
MOVE A415 32
MOVE A416 32
MOVE A418 17
MOVE A421 120
MOVE A422 120
MOVE A423 120
MOVE A424 120
MOVE A425 120
MOVE A426 126
MOVE A430 17
MOVE A431 17
MOVE A432 17
MOVE A433 17
MOVE A434 17
MOVE A436 17
MOVE A437 17
MOVE A438 17
MOVE A439 17
MOVE A453 0
MOVE A460 0
MOVE A461 0
MOVE A462 0
MOVE A463 0
MOVE A464 17
MOVE A465 17
MOVE A466 17
MOVE A467 3
MOVE A468 0
MOVE A469 0
MOVE A470 17
MOVE A471 17
MOVE B438 94
MOVE B439 94
MOVE B440 94
MOVE B441 106
MOVE B442 106
MOVE B443 122
MOVE B444 122
DAMAGE TURRET A428 1
DAMAGE TURRET B375 3
DAMAGE COMBAT A428 2
DAMAGE COMBAT A453 8
DAMAGE COMBAT A460 8
DAMAGE COMBAT A461 6
DAMAGE COMBAT B375 2
DAMAGE COMBAT B376 6
DAMAGE COMBAT B400 2
END TURN 388
TURN 389
COMMAND LEFT START
MOVE A476 28
MOVE A461 28
MOVE A462 28
MOVE A463 28
MOVE A468 28
TRAIN 1
COMMAND LEFT END
COMMAND RIGHT START
TRAIN 2
COMMAND RIGHT END
TURN 389 RESULT
TIME LEFT 4 5 RIGHT 1 5
TRAIN A477 B457 B458
MOVE A19 31
MOVE A34 0
MOVE A221 0
MOVE A222 0
MOVE A279 15
MOVE A283 10
MOVE A297 10
MOVE A315 46
MOVE A324 46
MOVE A329 46
MOVE A402 104
MOVE A403 104
MOVE A404 104
MOVE A405 104
MOVE A406 104
MOVE A407 104
MOVE A408 104
MOVE A409 104
MOVE A410 104
MOVE A415 46
MOVE A416 46
MOVE A418 28
MOVE A421 104
MOVE A422 104
MOVE A423 104
MOVE A424 104
MOVE A425 104
MOVE A426 120
MOVE A430 28
MOVE A431 28
MOVE A432 28
MOVE A433 28
MOVE A434 28
MOVE A436 28
MOVE A437 28
MOVE A438 28
MOVE A439 28
MOVE A464 28
MOVE A465 28
MOVE A466 28
MOVE A467 0
MOVE A470 28
MOVE A471 28
MOVE B441 94
MOVE B442 94
MOVE B443 106
MOVE B444 106
DAMAGE TURRET A429 1
DAMAGE TURRET B376 2
DAMAGE TURRET B377 1
DAMAGE COMBAT A34 6
DAMAGE COMBAT A221 8
DAMAGE COMBAT A222 5
DAMAGE COMBAT A429 2
DAMAGE COMBAT A461 2
DAMAGE COMBAT B377 7
DAMAGE COMBAT B378 4
DAMAGE COMBAT B400 1
END TURN 389
TURN 390
COMMAND LEFT START
MOVE A398 0
MOVE A413 0
MOVE A415 0
MOVE A416 0
MOVE A430 0
MOVE A431 0
MOVE A432 0
MOVE A433 0
MOVE A434 0
MOVE A436 0
MOVE A437 0
MOVE A438 0
MOVE A439 62
TRAIN 2
COMMAND LEFT END
COMMAND RIGHT START
TRAIN 2
COMMAND RIGHT END
TURN 390 RESULT
TIME LEFT 8 5 RIGHT 1 5
TRAIN A478 A479 B459 B460
MOVE A19 46
MOVE A279 6
MOVE A283 5
MOVE A297 5
MOVE A398 32
MOVE A402 81
MOVE A403 81
MOVE A404 81
MOVE A405 81
MOVE A406 81
MOVE A407 81
MOVE A408 81
MOVE A409 81
MOVE A410 81
MOVE A413 32
MOVE A415 32
MOVE A416 32
MOVE A421 81
MOVE A422 81
MOVE A423 81
MOVE A424 81
MOVE A425 81
MOVE A426 104
MOVE A430 17
MOVE A431 17
MOVE A432 17
MOVE A433 17
MOVE A434 17
MOVE A436 17
MOVE A437 17
MOVE A438 17
MOVE A439 24
MOVE B443 94
MOVE B444 94
DAMAGE TURRET A429 1
DAMAGE TURRET B378 3
DAMAGE COMBAT A222 3
DAMAGE COMBAT A429 2
DAMAGE COMBAT A462 8
DAMAGE COMBAT A463 8
DAMAGE COMBAT B378 1
DAMAGE COMBAT B379 8
DAMAGE COMBAT B380 1
DAMAGE COMBAT B400 1
END TURN 390
TURN 391
COMMAND LEFT START
MOVE A464 74
MOVE A465 74
MOVE A466 74
MOVE A470 74
MOVE A471 74
MOVE A329 28
TRAIN 1
COMMAND LEFT END
COMMAND RIGHT START
TRAIN 1
COMMAND RIGHT END
TURN 391 RESULT
TIME LEFT 3 5 RIGHT 2 5
TRAIN A480 B461
MOVE A279 0
MOVE A283 0
MOVE A297 0
MOVE A329 40
MOVE A398 15
MOVE A402 70
MOVE A403 70
MOVE A404 70
MOVE A405 70
MOVE A406 70
MOVE A407 70
MOVE A408 70
MOVE A409 70
MOVE A410 70
MOVE A413 15
MOVE A415 15
MOVE A416 15
MOVE A421 70
MOVE A422 70
MOVE A423 70
MOVE A424 70
MOVE A425 70
MOVE A426 81
MOVE A430 10
MOVE A431 10
MOVE A432 10
MOVE A433 10
MOVE A434 10
MOVE A436 10
MOVE A437 10
MOVE A438 10
MOVE A439 40
MOVE A464 36
MOVE A465 36
MOVE A466 36
MOVE A470 36
MOVE A471 36
DAMAGE TURRET A429 1
DAMAGE TURRET B380 3
DAMAGE COMBAT A279 6
DAMAGE COMBAT A283 8
DAMAGE COMBAT A297 1
DAMAGE COMBAT A429 1
DAMAGE COMBAT A467 2
DAMAGE COMBAT B380 4
DAMAGE COMBAT B381 7
DAMAGE COMBAT B400 1
END TURN 391
TURN 392
COMMAND LEFT START
MOVE A480 133
TRAIN 2
COMMAND LEFT END
COMMAND RIGHT START
TRAIN 2
COMMAND RIGHT END
TURN 392 RESULT
TIME LEFT 4 5 RIGHT 1 5
TRAIN A481 A482 B462 B463
MOVE A329 24
MOVE A398 6
MOVE A402 47
MOVE A403 47
MOVE A404 47
MOVE A405 47
MOVE A406 47
MOVE A407 47
MOVE A408 47
MOVE A409 47
MOVE A410 47
MOVE A413 6
MOVE A415 6
MOVE A416 6
MOVE A421 47
MOVE A422 47
MOVE A423 47
MOVE A424 47
MOVE A425 47
MOVE A426 70
MOVE A430 5
MOVE A431 5
MOVE A432 5
MOVE A433 5
MOVE A434 5
MOVE A436 5
MOVE A437 5
MOVE A438 5
MOVE A439 62
MOVE A464 48
MOVE A465 48
MOVE A466 48
MOVE A470 48
MOVE A471 48
DAMAGE TURRET B381 1
DAMAGE TURRET B382 2
DAMAGE COMBAT A467 6
DAMAGE COMBAT A468 8
DAMAGE COMBAT A469 2
DAMAGE COMBAT B382 6
DAMAGE COMBAT B383 4
END TURN 392
TURN 393
COMMAND LEFT START
MOVE A439 4
MOVE A482 133
TRAIN 2
COMMAND LEFT END
COMMAND RIGHT START
TRAIN 2
COMMAND RIGHT END
TURN 393 RESULT
TIME LEFT 4 5 RIGHT 0 5
TRAIN A483 A484 B464 B465
MOVE A329 28
MOVE A398 0
MOVE A402 24
MOVE A403 24
MOVE A404 24
MOVE A405 24
MOVE A406 24
MOVE A407 24
MOVE A408 24
MOVE A409 24
MOVE A410 24
MOVE A413 0
MOVE A415 0
MOVE A416 0
MOVE A421 24
MOVE A422 24
MOVE A423 24
MOVE A424 24
MOVE A425 24
MOVE A426 47
MOVE A430 0
MOVE A431 0
MOVE A432 0
MOVE A433 0
MOVE A434 0
MOVE A436 0
MOVE A437 0
MOVE A438 0
MOVE A439 40
MOVE A464 58
MOVE A465 58
MOVE A466 58
MOVE A470 58
MOVE A471 58
DAMAGE TURRET B383 3
DAMAGE COMBAT A398 8
DAMAGE COMBAT A469 6
DAMAGE COMBAT B383 1
DAMAGE COMBAT B384 8
DAMAGE COMBAT B385 8
DAMAGE COMBAT B386 5
END TURN 393
TURN 394
COMMAND LEFT START
MOVE A329 4
MOVE A432 133
MOVE A433 133
MOVE A434 133
MOVE A436 133
MOVE A437 133
MOVE A438 133
MOVE A477 133
MOVE A478 133
MOVE A479 133
MOVE A481 133
MOVE A483 133
MOVE A484 133
MOVE A418 133
TRAIN 1
COMMAND LEFT END
COMMAND RIGHT START
MOVE B402 74
MOVE B403 74
MOVE B404 74
MOVE B405 74
MOVE B406 74
TRAIN 2
COMMAND RIGHT END
TURN 394 RESULT
TIME LEFT 8 5 RIGHT 0 5
TRAIN A485 B466 B467
MOVE A329 16
MOVE A402 17
MOVE A403 17
MOVE A404 17
MOVE A405 17
MOVE A406 17
MOVE A407 17
MOVE A408 17
MOVE A409 17
MOVE A410 17
MOVE A418 36
MOVE A421 17
MOVE A422 17
MOVE A423 17
MOVE A424 17
MOVE A425 17
MOVE A426 24
MOVE A439 24
MOVE A464 74
MOVE A465 74
MOVE A466 74
MOVE A470 74
MOVE A471 74
MOVE B402 81
MOVE B403 81
MOVE B404 81
MOVE B405 81
MOVE B406 81
DAMAGE TURRET A464 1
DAMAGE TURRET B386 3
DAMAGE COMBAT A413 8
DAMAGE COMBAT A415 3
DAMAGE COMBAT A464 1
DAMAGE COMBAT B387 8
DAMAGE COMBAT B388 8
DAMAGE COMBAT B389 5
DAMAGE COMBAT B401 5
END TURN 394
TURN 395
COMMAND LEFT START
TRAIN 2
COMMAND LEFT END
COMMAND RIGHT START
TRAIN 1
COMMAND RIGHT END
TURN 395 RESULT
TIME LEFT 2 5 RIGHT 1 5
TRAIN A486 A487 B468
MOVE A329 4
MOVE A402 10
MOVE A403 10
MOVE A404 10
MOVE A405 10
MOVE A406 10
MOVE A407 10
MOVE A408 10
MOVE A409 10
MOVE A410 10
MOVE A418 48
MOVE A421 10
MOVE A422 10
MOVE A423 10
MOVE A424 10
MOVE A425 10
MOVE A426 17
MOVE A439 17
MOVE B402 74
MOVE B403 74
MOVE B404 74
MOVE B405 74
MOVE B406 74
DAMAGE TURRET A464 1
DAMAGE TURRET B389 3
DAMAGE COMBAT A415 5
DAMAGE COMBAT A416 3
DAMAGE COMBAT A464 5
DAMAGE COMBAT A465 1
DAMAGE COMBAT B390 8
DAMAGE COMBAT B391 8
DAMAGE COMBAT B392 6
DAMAGE COMBAT B401 3
DAMAGE COMBAT B402 2
END TURN 395
TURN 396
COMMAND LEFT START
MOVE A487 133
TRAIN 1
COMMAND LEFT END
COMMAND RIGHT START
TRAIN 2
COMMAND RIGHT END
TURN 396 RESULT
TIME LEFT 3 5 RIGHT 1 5
TRAIN A488 B469 B470
MOVE A402 5
MOVE A403 5
MOVE A404 5
MOVE A405 5
MOVE A406 5
MOVE A407 5
MOVE A408 5
MOVE A409 5
MOVE A410 5
MOVE A418 53
MOVE A421 5
MOVE A422 5
MOVE A423 5
MOVE A424 5
MOVE A425 5
MOVE A426 10
MOVE A439 7
DAMAGE TURRET A465 1
DAMAGE TURRET B392 2
DAMAGE TURRET B393 1
DAMAGE COMBAT A416 5
DAMAGE COMBAT A465 5
DAMAGE COMBAT B393 7
DAMAGE COMBAT B394 8
DAMAGE COMBAT B395 7
DAMAGE COMBAT B402 4
END TURN 396
TURN 397
COMMAND LEFT START
MOVE A430 46
MOVE A431 46
MOVE A485 46
MOVE A486 46
MOVE A488 46
MOVE A29 46
TRAIN 2
COMMAND LEFT END
COMMAND RIGHT START
TRAIN 2
COMMAND RIGHT END
TURN 397 RESULT
TIME LEFT 1 5 RIGHT 1 5
TRAIN A489 A490 B471 B472
MOVE A29 7
MOVE A402 0
MOVE A403 0
MOVE A404 0
MOVE A405 0
MOVE A406 0
MOVE A407 0
MOVE A408 0
MOVE A409 0
MOVE A410 0
MOVE A418 64
MOVE A421 0
MOVE A422 0
MOVE A423 0
MOVE A424 0
MOVE A425 0
MOVE A426 5
MOVE A439 4
DAMAGE TURRET A465 1
DAMAGE TURRET B395 1
DAMAGE TURRET B396 2
DAMAGE COMBAT A402 2
DAMAGE COMBAT A466 5
DAMAGE COMBAT B396 6
DAMAGE COMBAT B402 2
DAMAGE COMBAT B403 2
END TURN 397
TURN 398
COMMAND LEFT START
TRAIN 2
COMMAND LEFT END
COMMAND RIGHT START
COMMAND RIGHT END
TURN 398 RESULT
TIME LEFT 2 5 RIGHT 2 5
TRAIN A491 A492
MOVE A29 17
MOVE A418 76
MOVE A426 0
MOVE A430 6
MOVE A431 6
MOVE A432 5
MOVE A433 5
MOVE A434 5
MOVE A436 5
MOVE A437 5
MOVE A438 5
MOVE A476 5
MOVE A477 5
MOVE A478 5
MOVE A479 5
MOVE A480 5
MOVE A481 5
MOVE A482 5
MOVE A483 5
MOVE A484 5
MOVE A485 6
MOVE A486 6
MOVE A487 5
MOVE A488 6
DAMAGE TURRET A466 1
DAMAGE COMBAT A466 2
DAMAGE COMBAT A470 2
DAMAGE COMBAT B403 3
END TURN 398
TURN 399
COMMAND LEFT START
TRAIN 1
COMMAND LEFT END
COMMAND RIGHT START
COMMAND RIGHT END
TURN 399 RESULT
TIME LEFT 4 5 RIGHT 0 5
TRAIN A493
MOVE A29 23
MOVE A418 93
MOVE A430 15
MOVE A431 15
MOVE A432 10
MOVE A433 10
MOVE A434 10
MOVE A436 10
MOVE A437 10
MOVE A438 10
MOVE A476 10
MOVE A477 10
MOVE A478 10
MOVE A479 10
MOVE A480 10
MOVE A481 10
MOVE A482 10
MOVE A483 10
MOVE A484 10
MOVE A485 15
MOVE A486 15
MOVE A487 10
MOVE A488 15
DAMAGE TURRET A470 1
DAMAGE COMBAT A470 4
DAMAGE COMBAT B403 2
END TURN 399
TURN 400
COMMAND LEFT START
TRAIN 2
COMMAND LEFT END
COMMAND RIGHT START
TRAIN 3
COMMAND RIGHT END
TURN 400 RESULT
TIME LEFT 3 5 RIGHT 0 5
TRAIN A494 A495 B473 B474 B475
MOVE A29 31
MOVE A418 111
MOVE A430 32
MOVE A431 32
MOVE A432 17
MOVE A433 17
MOVE A434 17
MOVE A436 17
MOVE A437 17
MOVE A438 17
MOVE A476 17
MOVE A477 17
MOVE A478 17
MOVE A479 17
MOVE A480 17
MOVE A481 17
MOVE A482 17
MOVE A483 17
MOVE A484 17
MOVE A485 32
MOVE A486 32
MOVE A487 17
MOVE A488 32
DAMAGE TURRET A470 1
DAMAGE COMBAT A471 4
DAMAGE COMBAT B403 1
DAMAGE COMBAT B404 1
END TURN 400
RESULT RIGHT_WIN TURN_LIMIT
