[LEFT ""]
[RIGHT ""]
MAP
231 15
-11076 -10244 -10542 -10639 -9846 -8895 -9842 -8552 -8346 -8030 -9178 -8739 -7963 -9254 -7762 -7506 -7472 -7272 -8325 -7215 -7102 -7853 -6871 -7013 -6699 -6577 -6414 -6303 -6304 -6326 -6511 -6922 -5961 -5918 -5602 -5698 -5701 -6306 -5385 -5375 -5450 -5312 -4967 -5389 -4784 -4987 -4830 -4677 -4432 -4569 -5129 -4318 -4510 -4087 -4209 -4031 -3926 -4069 -3884 -4058 -3955 -3553 -3876 -3528 -3497 -3887 -3136 -3464 -3346 -2859 -3013 -3162 -3081 -2905 -2718 -2694 -2654 -2658 -2501 -2408 -2575 -2327 -2063 -2226 -2089 -2039 -2038 -1830 -2483 -1939 -1669 -1367 -1470 -1498 -1475 -1482 -1275 -1237 -1160 -1219 -973 -836 -687 -667 -618 -716 -566 -770 -685 -105 -763 -154 -139 -82 -166 0 166 82 139 154 763 105 685 770 566 716 618 667 687 836 973 1219 1160 1237 1275 1482 1475 1498 1470 1367 1669 1939 2483 1830 2038 2039 2089 2226 2063 2327 2575 2408 2501 2658 2654 2694 2718 2905 3081 3162 3013 2859 3346 3464 3136 3887 3497 3528 3876 3553 3955 4058 3884 4069 3926 4031 4209 4087 4510 4318 5129 4569 4432 4677 4830 4987 4784 5389 4967 5312 5450 5375 5385 6306 5701 5698 5602 5918 5961 6922 6511 6326 6304 6303 6414 6577 6699 7013 6871 7853 7102 7215 8325 7272 7472 7506 7762 9254 7963 8739 9178 8030 8346 8552 9842 8895 9846 10639 10542 10244 11076
-1287 -2585 -3765 1072 -5099 -878 2680 228 -3173 -1733 3622 -6166 1408 5158 -4484 -58 3884 2946 7400 -3690 1778 -7170 5513 -2534 4463 656 2384 -4336 -1130 -5380 7580 -8567 -2607 3466 135 -6398 5907 8954 1910 6833 -3664 4603 -4747 -9461 -5735 -1951 -7182 -3192 7189 -237 9650 5776 3311 -7894 888 -3918 4375 1885 -2172 -1160 -6529 -3023 10590 2916 8080 -9666 288 -4501 -5458 -6526 -991 5491 7053 2013 -7487 8769 -2111 3527 4518 -8506 -3666 -4736 7006 5675 10410 -584 1503 -2688 -10738 -5797 2546 -3707 6255 3636 5142 783 -8478 -6379 -1378 8418 -116 -4792 4530 5729 -2303 6998 2161 -7161 -11109 3479 10847 957 -7884 8762 -5820 0 5820 -8762 7884 -957 -10847 -3479 11109 7161 -2161 -6998 2303 -5729 -4530 4792 116 -8418 1378 6379 8478 -783 -5142 -3636 -6255 3707 -2546 5797 10738 2688 -1503 584 -10410 -5675 -7006 4736 3666 8506 -4518 -3527 2111 -8769 7487 -2013 -7053 -5491 991 6526 5458 4501 -288 9666 -8080 -2916 -10590 3023 6529 1160 2172 -1885 -4375 3918 -888 7894 -3311 -5776 -9650 237 -7189 3192 7182 1951 5735 9461 4747 -4603 3664 -6833 -1910 -8954 -5907 6398 -135 -3466 2607 8567 -7580 5380 1130 4336 -2384 -656 -4463 2534 -5513 7170 -1778 3690 -7400 -2946 -3884 58 4484 -5158 -1408 6166 -3622 1733 3173 -228 -2680 878 5099 -1072 3765 2585 1287
STRONGHOLDS 28 36 57 66 76 89 102 115 128 141 154 164 173 194 202
4 1 2 3 5
5 0 2 5 8 9
4 0 1 4 8
5 0 5 6 7 12
4 2 8 11 14
6 0 1 3 7 9 15
4 3 10 12 13
4 3 5 12 15
7 1 2 4 9 14 19 23
6 1 5 8 15 23 28
5 6 12 13 16 17
4 4 14 21 29
8 3 6 7 10 15 17 20 25
5 6 10 16 18 22
6 4 8 11 19 27 29
6 5 7 9 12 25 28
6 10 13 17 22 24 33
6 10 12 16 20 26 33
4 13 22 30 37
5 8 14 23 27 32
4 12 17 25 26
4 11 29 31 35
6 13 16 18 24 30 36
5 8 9 19 28 32
5 16 22 33 36 41
7 12 15 20 26 28 34 38
5 17 20 25 33 38
6 14 19 29 32 40 42
8 9 15 23 25 32 34 45 49
7 11 14 21 27 35 42 44
5 18 22 36 37 39
4 21 35 43 46
7 19 23 27 28 40 45 47
7 16 17 24 26 38 41 52
5 25 28 38 49 54
5 21 29 31 44 46
6 22 24 30 39 41 51
5 18 30 39 48 50
7 25 26 33 34 52 54 57
5 30 36 37 48 51
5 27 32 42 47 55
6 24 33 36 51 52 56
7 27 29 40 44 55 67 68
4 31 46 53 65
6 29 35 42 46 60 68
6 28 32 47 49 58 59
6 31 35 43 44 53 60
6 32 40 45 55 58 61
6 37 39 50 51 64 72
6 28 34 45 54 59 66
4 37 48 62 64
7 36 39 41 48 56 71 72
6 33 38 41 56 57 63
6 43 46 60 65 74 79
6 34 38 49 57 66 73
6 40 42 47 61 67 80
7 41 51 52 63 71 77 78
5 38 52 54 63 73
6 45 47 59 61 70 76
5 45 49 58 66 70
6 44 46 53 68 69 74
5 47 55 58 76 80
4 50 64 75 84
5 52 56 57 73 77
5 48 50 62 72 75
4 43 53 79 88
8 49 54 59 70 73 85 86 95
5 42 55 68 80 81
7 42 44 60 67 69 81 89
5 60 68 74 89 97
5 58 59 66 76 85
5 51 56 72 78 83
7 48 51 64 71 75 82 83
7 54 57 63 66 77 86 90
7 53 60 69 79 96 97 107
6 62 64 72 82 84 99
7 58 61 70 80 85 87 98
6 56 63 73 78 90 93
6 56 71 77 83 93 94
5 53 65 74 88 96
7 55 61 67 76 81 87 91
6 67 68 80 89 91 101
6 72 75 83 92 99 105
6 71 72 78 82 92 94
4 62 75 99 110
6 66 70 76 95 98 100
5 66 73 90 95 106
5 76 80 91 98 104
4 65 79 96 108
5 68 69 81 97 101
5 73 77 86 93 106
6 80 81 87 101 104 121
5 82 83 94 103 105
7 77 78 90 94 102 106 109
6 78 83 92 93 102 103
6 66 85 86 100 106 111
7 74 79 88 107 108 112 117
6 69 74 89 101 107 114
6 76 85 87 100 104 119
7 75 82 84 105 110 113 118
6 85 95 98 111 115 119
7 81 89 91 97 114 121 128
6 93 94 103 109 116 129
5 92 94 102 105 116
6 87 91 98 119 121 124
7 82 92 99 103 116 118 123
7 86 90 93 95 109 111 126
6 74 96 97 112 114 125
4 88 96 117 120
6 93 102 106 126 129 139
4 84 99 113 122
7 95 100 106 115 126 130 132
5 96 107 117 125 131
5 99 110 118 122 134
6 97 101 107 125 127 128
4 100 111 119 130
6 102 103 105 123 129 133
5 96 108 112 120 131
5 99 105 113 123 134
7 98 100 104 115 124 130 135
4 108 117 131 146
6 91 101 104 124 128 137
4 110 113 134 142
6 105 116 118 133 134 156
7 104 119 121 135 137 140 144
7 107 112 114 127 131 138 148
6 106 109 111 132 139 143
5 114 125 128 136 138
6 101 114 121 127 136 137
7 102 109 116 133 139 141 149
6 111 115 119 132 135 145
7 112 117 120 125 146 148 155
6 111 126 130 143 145 154
6 116 123 129 141 156 161
7 113 118 122 123 142 151 156
6 119 124 130 144 145 164
6 127 128 137 138 147 152
7 121 124 128 136 140 152 153
5 125 127 136 147 148
6 109 126 129 143 149 150
5 124 137 144 153 157
5 129 133 149 161 162
4 122 134 151 165
5 126 132 139 150 154
5 124 135 140 157 164
6 130 132 135 154 160 164
4 120 131 155 168
6 136 138 148 152 158 159
6 125 131 138 147 155 158
6 129 139 141 150 162 163
7 139 143 149 154 163 169 175
5 134 142 156 165 177
6 136 137 147 153 159 174
6 137 140 152 157 167 174
7 132 143 145 150 160 169 172
6 131 146 148 158 166 168
7 123 133 134 151 161 170 177
7 140 144 153 164 167 173 176
7 147 148 155 159 166 179 182
5 147 152 158 174 179
5 145 154 164 171 172
5 133 141 156 162 170
7 141 149 161 163 170 186 188
5 149 150 162 175 188
8 135 144 145 157 160 171 176 181
4 142 151 177 187
5 155 158 168 180 182
5 153 157 173 174 178
4 146 155 166 180
5 150 154 172 175 183
6 156 161 162 177 184 186
5 160 164 172 181 185
6 154 160 169 171 183 185
5 157 167 176 178 192
7 152 153 159 167 178 179 189
6 150 163 169 183 188 190
6 157 164 173 181 192 196
6 151 156 165 170 184 187
6 167 173 174 189 192 197
7 158 159 174 182 189 191 194
4 166 168 182 193
6 164 171 176 185 196 202
6 158 166 179 180 191 193
6 169 172 175 185 190 198
6 170 177 186 187 195 199
6 171 172 181 183 198 202
6 162 170 184 188 195 201
4 165 177 184 199
7 162 163 175 186 190 201 203
6 174 178 179 194 197 206
5 175 183 188 198 203
5 179 182 193 194 200
7 173 176 178 196 197 204 205
5 180 182 191 200 212
6 179 189 191 200 206 208
5 184 186 199 201 209
5 176 181 192 202 205
7 178 189 192 204 206 213 214
7 183 185 190 202 203 207 211
4 184 187 195 209
5 191 193 194 208 212
7 186 188 195 203 209 216 219
8 181 185 196 198 205 207 215 221
6 188 190 198 201 211 216
5 192 197 205 210 213
7 192 196 202 204 210 215 218
5 189 194 197 208 214
5 198 202 211 221 222
6 194 200 206 212 214 217
4 195 199 201 219
4 204 205 213 218
5 198 203 207 216 222
4 193 200 208 217
6 197 204 210 214 218 220
6 197 206 208 213 217 220
6 202 205 218 221 223 225
6 201 203 211 219 222 226
5 208 212 214 220 224
8 205 210 213 215 220 223 224 227
4 201 209 216 226
5 213 214 217 218 224
6 202 207 215 222 225 229
7 207 211 216 221 226 228 229
4 215 218 225 227
4 217 218 220 227
6 215 221 223 227 229 230
4 216 219 222 228
5 218 223 224 225 230
4 222 226 229 230
5 221 222 225 228 230
4 225 227 228 229
END MAP
TURN 1
COMMAND LEFT START
MOVE A1 28
MOVE A2 66
TRAIN 1
COMMAND LEFT END
COMMAND RIGHT START
MOVE B1 202
MOVE B2 115
COMMAND RIGHT END
TURN 1 RESULT
TIME LEFT 53 5 RIGHT 0 5
TRAIN A4
MOVE A1 5
MOVE A2 5
MOVE B1 225
MOVE B2 225
END TURN 1
TURN 2
COMMAND LEFT START
COMMAND LEFT END
COMMAND RIGHT START
COMMAND RIGHT END
TURN 2 RESULT
TIME LEFT 0 5 RIGHT 0 5
MOVE A1 9
MOVE A2 15
MOVE B1 221
MOVE B2 215
END TURN 2
TURN 3
COMMAND LEFT START
COMMAND LEFT END
COMMAND RIGHT START
COMMAND RIGHT END
TURN 3 RESULT
TIME LEFT 0 5 RIGHT 0 5
MOVE A1 28
MOVE A2 25
MOVE B1 202
MOVE B2 205
END TURN 3
TURN 4
COMMAND LEFT START
UPGRADE 28
COMMAND LEFT END
COMMAND RIGHT START
UPGRADE 202
COMMAND RIGHT END
TURN 4 RESULT
TIME LEFT 0 5 RIGHT 0 5
UPGRADE A 28
UPGRADE B 202
MOVE A2 34
MOVE B2 196
END TURN 4
TURN 5
COMMAND LEFT START
COMMAND LEFT END
COMMAND RIGHT START
COMMAND RIGHT END
TURN 5 RESULT
TIME LEFT 0 5 RIGHT 0 5
MOVE A2 49
MOVE B2 181
END TURN 5
TURN 6
COMMAND LEFT START
COMMAND LEFT END
COMMAND RIGHT START
COMMAND RIGHT END
TURN 6 RESULT
TIME LEFT 0 5 RIGHT 0 5
MOVE A2 66
MOVE B2 164
END TURN 6
TURN 7
COMMAND LEFT START
COMMAND LEFT END
COMMAND RIGHT START
COMMAND RIGHT END
TURN 7 RESULT
TIME LEFT 0 5 RIGHT 0 5
MOVE B2 145
END TURN 7
TURN 8
COMMAND LEFT START
COMMAND LEFT END
COMMAND RIGHT START
COMMAND RIGHT END
TURN 8 RESULT
TIME LEFT 0 5 RIGHT 0 5
MOVE B2 130
END TURN 8
TURN 9
COMMAND LEFT START
COMMAND LEFT END
COMMAND RIGHT START
COMMAND RIGHT END
TURN 9 RESULT
TIME LEFT 0 5 RIGHT 0 5
MOVE B2 115
END TURN 9
TURN 10
COMMAND LEFT START
COMMAND LEFT END
COMMAND RIGHT START
COMMAND RIGHT END
TURN 10 RESULT
TIME LEFT 0 5 RIGHT 0 5
END TURN 10
TURN 11
COMMAND LEFT START
COMMAND LEFT END
COMMAND RIGHT START
COMMAND RIGHT END
TURN 11 RESULT
TIME LEFT 0 5 RIGHT 0 5
END TURN 11
TURN 12
COMMAND LEFT START
COMMAND LEFT END
COMMAND RIGHT START
COMMAND RIGHT END
TURN 12 RESULT
TIME LEFT 0 5 RIGHT 0 5
END TURN 12
TURN 13
COMMAND LEFT START
COMMAND LEFT END
COMMAND RIGHT START
COMMAND RIGHT END
TURN 13 RESULT
TIME LEFT 0 5 RIGHT 0 5
END TURN 13
TURN 14
COMMAND LEFT START
COMMAND LEFT END
COMMAND RIGHT START
COMMAND RIGHT END
TURN 14 RESULT
TIME LEFT 0 5 RIGHT 0 5
END TURN 14
TURN 15
COMMAND LEFT START
COMMAND LEFT END
COMMAND RIGHT START
UPGRADE 115
COMMAND RIGHT END
TURN 15 RESULT
TIME LEFT 0 5 RIGHT 0 5
UPGRADE B 115
END TURN 15
TURN 16
COMMAND LEFT START
COMMAND LEFT END
COMMAND RIGHT START
COMMAND RIGHT END
TURN 16 RESULT
TIME LEFT 0 5 RIGHT 0 5
END TURN 16
TURN 17
COMMAND LEFT START
COMMAND LEFT END
COMMAND RIGHT START
COMMAND RIGHT END
TURN 17 RESULT
TIME LEFT 0 5 RIGHT 0 5
END TURN 17
TURN 18
COMMAND LEFT START
COMMAND LEFT END
COMMAND RIGHT START
TRAIN 1
COMMAND RIGHT END
TURN 18 RESULT
TIME LEFT 0 5 RIGHT 0 5
TRAIN B4
END TURN 18
TURN 19
COMMAND LEFT START
COMMAND LEFT END
COMMAND RIGHT START
COMMAND RIGHT END
TURN 19 RESULT
TIME LEFT 0 5 RIGHT 0 5
END TURN 19
TURN 20
COMMAND LEFT START
COMMAND LEFT END
COMMAND RIGHT START
COMMAND RIGHT END
TURN 20 RESULT
TIME LEFT 0 5 RIGHT 0 5
END TURN 20
TURN 21
COMMAND LEFT START
UPGRADE 66
COMMAND LEFT END
COMMAND RIGHT START
COMMAND RIGHT END
TURN 21 RESULT
TIME LEFT 0 5 RIGHT 0 5
UPGRADE A 66
END TURN 21
TURN 22
COMMAND LEFT START
MOVE A4 76
COMMAND LEFT END
COMMAND RIGHT START
COMMAND RIGHT END
TURN 22 RESULT
TIME LEFT 0 5 RIGHT 0 5
MOVE A4 5
END TURN 22
TURN 23
COMMAND LEFT START
COMMAND LEFT END
COMMAND RIGHT START
COMMAND RIGHT END
TURN 23 RESULT
TIME LEFT 0 5 RIGHT 0 5
MOVE A4 9
END TURN 23
TURN 24
COMMAND LEFT START
COMMAND LEFT END
COMMAND RIGHT START
COMMAND RIGHT END
TURN 24 RESULT
TIME LEFT 0 5 RIGHT 0 5
MOVE A4 28
END TURN 24
TURN 25
COMMAND LEFT START
COMMAND LEFT END
COMMAND RIGHT START
COMMAND RIGHT END
TURN 25 RESULT
TIME LEFT 0 5 RIGHT 0 5
MOVE A4 45
END TURN 25
TURN 26
COMMAND LEFT START
COMMAND LEFT END
COMMAND RIGHT START
COMMAND RIGHT END
TURN 26 RESULT
TIME LEFT 0 5 RIGHT 0 5
MOVE A4 58
END TURN 26
TURN 27
COMMAND LEFT START
COMMAND LEFT END
COMMAND RIGHT START
MOVE B3 173
COMMAND RIGHT END
TURN 27 RESULT
TIME LEFT 0 5 RIGHT 0 5
MOVE A4 76
MOVE B3 225
END TURN 27
TURN 28
COMMAND LEFT START
COMMAND LEFT END
COMMAND RIGHT START
COMMAND RIGHT END
TURN 28 RESULT
TIME LEFT 0 5 RIGHT 0 5
MOVE B3 215
END TURN 28
TURN 29
COMMAND LEFT START
COMMAND LEFT END
COMMAND RIGHT START
COMMAND RIGHT END
TURN 29 RESULT
TIME LEFT 0 5 RIGHT 0 5
MOVE B3 205
END TURN 29
TURN 30
COMMAND LEFT START
COMMAND LEFT END
COMMAND RIGHT START
COMMAND RIGHT END
TURN 30 RESULT
TIME LEFT 0 5 RIGHT 0 5
MOVE B3 192
END TURN 30
TURN 31
COMMAND LEFT START
COMMAND LEFT END
COMMAND RIGHT START
COMMAND RIGHT END
TURN 31 RESULT
TIME LEFT 0 5 RIGHT 0 5
MOVE B3 173
END TURN 31
TURN 32
COMMAND LEFT START
COMMAND LEFT END
COMMAND RIGHT START
UPGRADE 173
COMMAND RIGHT END
TURN 32 RESULT
TIME LEFT 0 5 RIGHT 0 5
UPGRADE B 173
END TURN 32
TURN 33
COMMAND LEFT START
COMMAND LEFT END
COMMAND RIGHT START
COMMAND RIGHT END
TURN 33 RESULT
TIME LEFT 0 5 RIGHT 0 5
END TURN 33
TURN 34
COMMAND LEFT START
COMMAND LEFT END
COMMAND RIGHT START
TRAIN 1
COMMAND RIGHT END
TURN 34 RESULT
TIME LEFT 0 5 RIGHT 0 5
TRAIN B5
END TURN 34
TURN 35
COMMAND LEFT START
UPGRADE 76
COMMAND LEFT END
COMMAND RIGHT START
COMMAND RIGHT END
TURN 35 RESULT
TIME LEFT 0 5 RIGHT 0 5
UPGRADE A 76
END TURN 35
TURN 36
COMMAND LEFT START
COMMAND LEFT END
COMMAND RIGHT START
COMMAND RIGHT END
TURN 36 RESULT
TIME LEFT 0 5 RIGHT 0 5
END TURN 36
TURN 37
COMMAND LEFT START
COMMAND LEFT END
COMMAND RIGHT START
COMMAND RIGHT END
TURN 37 RESULT
TIME LEFT 0 5 RIGHT 0 5
END TURN 37
TURN 38
COMMAND LEFT START
MOVE A3 76
TRAIN 1
COMMAND LEFT END
COMMAND RIGHT START
MOVE B5 194
COMMAND RIGHT END
TURN 38 RESULT
TIME LEFT 0 5 RIGHT 0 5
TRAIN A5
MOVE A3 5
MOVE B5 227
END TURN 38
TURN 39
COMMAND LEFT START
COMMAND LEFT END
COMMAND RIGHT START
COMMAND RIGHT END
TURN 39 RESULT
TIME LEFT 0 5 RIGHT 0 5
MOVE A3 9
MOVE B5 224
END TURN 39
TURN 40
COMMAND LEFT START
MOVE A5 76
TRAIN 1
COMMAND LEFT END
COMMAND RIGHT START
COMMAND RIGHT END
TURN 40 RESULT
TIME LEFT 0 5 RIGHT 0 5
TRAIN A6
MOVE A3 28
MOVE A5 5
MOVE B5 220
END TURN 40
TURN 41
COMMAND LEFT START
COMMAND LEFT END
COMMAND RIGHT START
COMMAND RIGHT END
TURN 41 RESULT
TIME LEFT 0 5 RIGHT 0 5
MOVE A3 45
MOVE A5 9
MOVE B5 214
END TURN 41
TURN 42
COMMAND LEFT START
COMMAND LEFT END
COMMAND RIGHT START
COMMAND RIGHT END
TURN 42 RESULT
TIME LEFT 0 5 RIGHT 0 5
MOVE A3 58
MOVE A5 28
MOVE B5 206
END TURN 42
TURN 43
COMMAND LEFT START
MOVE A6 76
TRAIN 1
COMMAND LEFT END
COMMAND RIGHT START
COMMAND RIGHT END
TURN 43 RESULT
TIME LEFT 0 5 RIGHT 0 5
TRAIN A7
MOVE A3 76
MOVE A5 45
MOVE A6 5
MOVE B5 194
END TURN 43
TURN 44
COMMAND LEFT START
COMMAND LEFT END
COMMAND RIGHT START
UPGRADE 194
COMMAND RIGHT END
TURN 44 RESULT
TIME LEFT 0 5 RIGHT 0 5
UPGRADE B 194
MOVE A5 58
MOVE A6 9
END TURN 44
TURN 45
COMMAND LEFT START
MOVE A7 76
TRAIN 1
COMMAND LEFT END
COMMAND RIGHT START
COMMAND RIGHT END
TURN 45 RESULT
TIME LEFT 0 5 RIGHT 0 5
TRAIN A8
MOVE A5 76
MOVE A6 28
MOVE A7 5
END TURN 45
TURN 46
COMMAND LEFT START
COMMAND LEFT END
COMMAND RIGHT START
TRAIN 1
COMMAND RIGHT END
TURN 46 RESULT
TIME LEFT 0 5 RIGHT 0 5
TRAIN B6
MOVE A6 45
MOVE A7 9
END TURN 46
TURN 47
COMMAND LEFT START
COMMAND LEFT END
COMMAND RIGHT START
COMMAND RIGHT END
TURN 47 RESULT
TIME LEFT 0 5 RIGHT 0 5
MOVE A6 58
MOVE A7 28
END TURN 47
TURN 48
COMMAND LEFT START
MOVE A8 76
TRAIN 1
COMMAND LEFT END
COMMAND RIGHT START
COMMAND RIGHT END
TURN 48 RESULT
TIME LEFT 0 5 RIGHT 0 5
TRAIN A9
MOVE A6 76
MOVE A7 45
MOVE A8 5
END TURN 48
TURN 49
COMMAND LEFT START
COMMAND LEFT END
COMMAND RIGHT START
COMMAND RIGHT END
TURN 49 RESULT
TIME LEFT 0 5 RIGHT 0 5
MOVE A7 58
MOVE A8 9
END TURN 49
TURN 50
COMMAND LEFT START
COMMAND LEFT END
COMMAND RIGHT START
COMMAND RIGHT END
TURN 50 RESULT
TIME LEFT 0 5 RIGHT 0 5
MOVE A7 76
MOVE A8 28
END TURN 50
TURN 51
COMMAND LEFT START
MOVE A4 115
MOVE A5 115
MOVE A9 76
TRAIN 1
COMMAND LEFT END
COMMAND RIGHT START
COMMAND RIGHT END
TURN 51 RESULT
TIME LEFT 0 5 RIGHT 0 5
TRAIN A10
MOVE A4 85
MOVE A5 85
MOVE A8 45
MOVE A9 5
END TURN 51
TURN 52
COMMAND LEFT START
COMMAND LEFT END
COMMAND RIGHT START
COMMAND RIGHT END
TURN 52 RESULT
TIME LEFT 0 5 RIGHT 0 5
MOVE A4 100
MOVE A5 100
MOVE A8 58
MOVE A9 9
END TURN 52
TURN 53
COMMAND LEFT START
COMMAND LEFT END
COMMAND RIGHT START
COMMAND RIGHT END
TURN 53 RESULT
TIME LEFT 0 5 RIGHT 0 5
MOVE A4 115
MOVE A5 115
MOVE A8 76
MOVE A9 28
DAMAGE TURRET A4 1
DAMAGE COMBAT A4 1
DAMAGE COMBAT B2 2
END TURN 53
TURN 54
COMMAND LEFT START
COMMAND LEFT END
COMMAND RIGHT START
COMMAND RIGHT END
TURN 54 RESULT
TIME LEFT 0 5 RIGHT 0 5
MOVE A9 45
DAMAGE TURRET A4 1
DAMAGE COMBAT A4 1
DAMAGE COMBAT B2 2
END TURN 54
TURN 55
COMMAND LEFT START
COMMAND LEFT END
COMMAND RIGHT START
COMMAND RIGHT END
TURN 55 RESULT
TIME LEFT 0 5 RIGHT 0 5
MOVE A9 58
DAMAGE TURRET A5 1
SIEGE B 115 1
END TURN 55
TURN 56
COMMAND LEFT START
COMMAND LEFT END
COMMAND RIGHT START
UPGRADE 230
COMMAND RIGHT END
TURN 56 RESULT
TIME LEFT 0 5 RIGHT 0 5
UPGRADE B 230
MOVE A9 76
DAMAGE TURRET A5 1
SIEGE B 115 1
END TURN 56
TURN 57
COMMAND LEFT START
MOVE A6 89
MOVE A7 89
COMMAND LEFT END
COMMAND RIGHT START
COMMAND RIGHT END
TURN 57 RESULT
TIME LEFT 0 5 RIGHT 0 5
MOVE A6 80
MOVE A7 80
DAMAGE TURRET A5 1
SIEGE B 115 1
END TURN 57
TURN 58
COMMAND LEFT START
COMMAND LEFT END
COMMAND RIGHT START
MOVE B4 115
COMMAND RIGHT END
TURN 58 RESULT
TIME LEFT 0 5 RIGHT 0 5
MOVE A6 81
MOVE A7 81
MOVE B4 225
DAMAGE TURRET A5 1
SIEGE B 115 1
END TURN 58
TURN 59
COMMAND LEFT START
COMMAND LEFT END
COMMAND RIGHT START
TRAIN 1
COMMAND RIGHT END
TURN 59 RESULT
TIME LEFT 0 5 RIGHT 0 5
TRAIN B7
MOVE A6 89
MOVE A7 89
MOVE B4 215
END TURN 59
TURN 60
COMMAND LEFT START
COMMAND LEFT END
COMMAND RIGHT START
MOVE B6 115
COMMAND RIGHT END
TURN 60 RESULT
TIME LEFT 0 5 RIGHT 0 5
MOVE B4 205
MOVE B6 225
END TURN 60
TURN 61
COMMAND LEFT START
COMMAND LEFT END
COMMAND RIGHT START
TRAIN 1
COMMAND RIGHT END
TURN 61 RESULT
TIME LEFT 0 5 RIGHT 0 5
TRAIN B8
MOVE B4 196
MOVE B6 215
END TURN 61
TURN 62
COMMAND LEFT START
COMMAND LEFT END
COMMAND RIGHT START
MOVE B7 115
COMMAND RIGHT END
TURN 62 RESULT
TIME LEFT 0 5 RIGHT 0 5
MOVE B4 181
MOVE B6 205
MOVE B7 225
END TURN 62
TURN 63
COMMAND LEFT START
UPGRADE 89
COMMAND LEFT END
COMMAND RIGHT START
TRAIN 1
COMMAND RIGHT END
TURN 63 RESULT
TIME LEFT 0 5 RIGHT 0 5
UPGRADE A 89
TRAIN B9
MOVE B4 164
MOVE B6 196
MOVE B7 215
END TURN 63
TURN 64
COMMAND LEFT START
MOVE A7 76
COMMAND LEFT END
COMMAND RIGHT START
MOVE B8 115
COMMAND RIGHT END
TURN 64 RESULT
TIME LEFT 0 5 RIGHT 0 5
MOVE A7 81
MOVE B4 145
MOVE B6 181
MOVE B7 205
MOVE B8 225
END TURN 64
TURN 65
COMMAND LEFT START
COMMAND LEFT END
COMMAND RIGHT START
TRAIN 1
COMMAND RIGHT END
TURN 65 RESULT
TIME LEFT 0 5 RIGHT 0 5
TRAIN B10
MOVE A7 80
MOVE B4 130
MOVE B6 164
MOVE B7 196
MOVE B8 215
END TURN 65
TURN 66
COMMAND LEFT START
MOVE A10 76
TRAIN 1
COMMAND LEFT END
COMMAND RIGHT START
MOVE B9 115
COMMAND RIGHT END
TURN 66 RESULT
TIME LEFT 0 5 RIGHT 0 5
TRAIN A11
MOVE A7 76
MOVE A10 5
MOVE B4 115
MOVE B6 145
MOVE B7 181
MOVE B8 205
MOVE B9 225
END TURN 66
TURN 67
COMMAND LEFT START
COMMAND LEFT END
COMMAND RIGHT START
TRAIN 1
COMMAND RIGHT END
TURN 67 RESULT
TIME LEFT 0 5 RIGHT 0 5
TRAIN B11
MOVE A10 9
MOVE B6 130
MOVE B7 164
MOVE B8 196
MOVE B9 215
END TURN 67
TURN 68
COMMAND LEFT START
MOVE A11 76
TRAIN 1
COMMAND LEFT END
COMMAND RIGHT START
COMMAND RIGHT END
TURN 68 RESULT
TIME LEFT 0 5 RIGHT 0 5
TRAIN A12
MOVE A10 28
MOVE A11 5
MOVE B6 115
MOVE B7 145
MOVE B8 181
MOVE B9 205
END TURN 68
TURN 69
COMMAND LEFT START
COMMAND LEFT END
COMMAND RIGHT START
COMMAND RIGHT END
TURN 69 RESULT
TIME LEFT 0 5 RIGHT 0 5
MOVE A10 45
MOVE A11 9
MOVE B7 130
MOVE B8 164
MOVE B9 196
END TURN 69
TURN 70
COMMAND LEFT START
MOVE A12 76
TRAIN 1
COMMAND LEFT END
COMMAND RIGHT START
COMMAND RIGHT END
TURN 70 RESULT
TIME LEFT 0 5 RIGHT 0 5
TRAIN A13
MOVE A10 58
MOVE A11 28
MOVE A12 5
MOVE B7 115
MOVE B8 145
MOVE B9 181
END TURN 70
TURN 71
COMMAND LEFT START
COMMAND LEFT END
COMMAND RIGHT START
COMMAND RIGHT END
TURN 71 RESULT
TIME LEFT 0 5 RIGHT 0 5
MOVE A10 76
MOVE A11 45
MOVE A12 9
MOVE B8 130
MOVE B9 164
END TURN 71
TURN 72
COMMAND LEFT START
MOVE A7 115
MOVE A8 115
MOVE A9 115
MOVE A13 76
TRAIN 1
COMMAND LEFT END
COMMAND RIGHT START
COMMAND RIGHT END
TURN 72 RESULT
TIME LEFT 0 5 RIGHT 0 5
TRAIN A14
MOVE A7 85
MOVE A8 85
MOVE A9 85
MOVE A11 58
MOVE A12 28
MOVE A13 5
MOVE B8 115
MOVE B9 145
END TURN 72
TURN 73
COMMAND LEFT START
COMMAND LEFT END
COMMAND RIGHT START
COMMAND RIGHT END
TURN 73 RESULT
TIME LEFT 0 5 RIGHT 0 5
MOVE A7 100
MOVE A8 100
MOVE A9 100
MOVE A11 76
MOVE A12 45
MOVE A13 9
MOVE B9 130
END TURN 73
TURN 74
COMMAND LEFT START
COMMAND LEFT END
COMMAND RIGHT START
MOVE B10 115
COMMAND RIGHT END
TURN 74 RESULT
TIME LEFT 0 5 RIGHT 0 5
MOVE A7 115
MOVE A8 115
MOVE A9 115
MOVE A12 58
MOVE A13 28
MOVE B9 115
MOVE B10 225
DAMAGE TURRET A7 1
DAMAGE COMBAT A7 3
DAMAGE COMBAT A8 2
DAMAGE COMBAT B4 3
END TURN 74
TURN 75
COMMAND LEFT START
COMMAND LEFT END
COMMAND RIGHT START
TRAIN 1
COMMAND RIGHT END
TURN 75 RESULT
TIME LEFT 0 5 RIGHT 0 5
TRAIN B12
MOVE A12 76
MOVE A13 45
MOVE B10 215
DAMAGE TURRET A8 1
DAMAGE COMBAT A8 1
DAMAGE COMBAT A9 4
DAMAGE COMBAT B4 1
DAMAGE COMBAT B6 1
END TURN 75
TURN 76
COMMAND LEFT START
MOVE A14 76
TRAIN 1
COMMAND LEFT END
COMMAND RIGHT START
MOVE B9 164
COMMAND RIGHT END
TURN 76 RESULT
TIME LEFT 0 5 RIGHT 0 5
TRAIN A15
MOVE A13 58
MOVE A14 5
MOVE B9 130
MOVE B10 205
END TURN 76
TURN 77
COMMAND LEFT START
MOVE A15 76
TRAIN 1
COMMAND LEFT END
COMMAND RIGHT START
UPGRADE 202
COMMAND RIGHT END
TURN 77 RESULT
TIME LEFT 0 5 RIGHT 0 5
UPGRADE B 202
TRAIN A16
MOVE A13 76
MOVE A14 9
MOVE A15 5
MOVE B9 145
MOVE B10 196
END TURN 77
TURN 78
COMMAND LEFT START
MOVE A10 164
MOVE A11 164
COMMAND LEFT END
COMMAND RIGHT START
MOVE B6 202
COMMAND RIGHT END
TURN 78 RESULT
TIME LEFT 0 5 RIGHT 0 5
MOVE A10 98
MOVE A11 98
MOVE A14 28
MOVE A15 9
MOVE B6 130
MOVE B9 164
MOVE B10 181
END TURN 78
TURN 79
COMMAND LEFT START
COMMAND LEFT END
COMMAND RIGHT START
COMMAND RIGHT END
TURN 79 RESULT
TIME LEFT 0 5 RIGHT 0 5
MOVE A10 119
MOVE A11 119
MOVE A14 45
MOVE A15 28
MOVE B6 145
MOVE B10 164
END TURN 79
TURN 80
COMMAND LEFT START
COMMAND LEFT END
COMMAND RIGHT START
MOVE B11 115
COMMAND RIGHT END
TURN 80 RESULT
TIME LEFT 0 5 RIGHT 0 5
MOVE A10 135
MOVE A11 135
MOVE A14 58
MOVE A15 45
MOVE B6 164
MOVE B10 145
MOVE B11 225
END TURN 80
TURN 81
COMMAND LEFT START
COMMAND LEFT END
COMMAND RIGHT START
MOVE B7 230
COMMAND RIGHT END
TURN 81 RESULT
TIME LEFT 0 5 RIGHT 0 5
MOVE A10 164
MOVE A11 164
MOVE A14 76
MOVE A15 58
MOVE B6 181
MOVE B7 130
MOVE B10 130
MOVE B11 215
DAMAGE COMBAT A10 1
DAMAGE COMBAT B9 2
END TURN 81
TURN 82
COMMAND LEFT START
COMMAND LEFT END
COMMAND RIGHT START
COMMAND RIGHT END
TURN 82 RESULT
TIME LEFT 0 5 RIGHT 0 5
MOVE A15 76
MOVE B6 202
MOVE B7 145
MOVE B10 115
MOVE B11 205
DAMAGE COMBAT A10 1
DAMAGE COMBAT B9 2
END TURN 82
TURN 83
COMMAND LEFT START
MOVE A12 115
MOVE A13 115
MOVE A14 115
MOVE A15 115
COMMAND LEFT END
COMMAND RIGHT START
COMMAND RIGHT END
TURN 83 RESULT
TIME LEFT 0 5 RIGHT 0 5
MOVE A12 85
MOVE A13 85
MOVE A14 85
MOVE A15 85
MOVE B7 164
MOVE B11 196
DAMAGE COMBAT A10 2
DAMAGE COMBAT B7 1
DAMAGE COMBAT B9 1
END TURN 83
TURN 84
COMMAND LEFT START
COMMAND LEFT END
COMMAND RIGHT START
COMMAND RIGHT END
TURN 84 RESULT
TIME LEFT 0 5 RIGHT 0 5
MOVE A12 100
MOVE A13 100
MOVE A14 100
MOVE A15 100
MOVE B11 181
DAMAGE COMBAT A11 1
DAMAGE COMBAT B7 1
END TURN 84
TURN 85
COMMAND LEFT START
COMMAND LEFT END
COMMAND RIGHT START
UPGRADE 194
COMMAND RIGHT END
TURN 85 RESULT
TIME LEFT 0 5 RIGHT 0 5
UPGRADE B 194
MOVE A12 115
MOVE A13 115
MOVE A14 115
MOVE A15 115
MOVE B11 164
DAMAGE TURRET A12 1
DAMAGE COMBAT A11 2
DAMAGE COMBAT A12 2
DAMAGE COMBAT B7 1
DAMAGE COMBAT B8 4
END TURN 85
TURN 86
COMMAND LEFT START
COMMAND LEFT END
COMMAND RIGHT START
COMMAND RIGHT END
TURN 86 RESULT
TIME LEFT 0 5 RIGHT 0 5
DAMAGE TURRET A12 1
DAMAGE COMBAT A11 1
DAMAGE COMBAT A13 2
DAMAGE COMBAT B7 1
DAMAGE COMBAT B8 1
DAMAGE COMBAT B10 3
END TURN 86
TURN 87
COMMAND LEFT START
COMMAND LEFT END
COMMAND RIGHT START
TRAIN 1
COMMAND RIGHT END
TURN 87 RESULT
TIME LEFT 0 5 RIGHT 2 5
TRAIN B13
MOVE B7 181
MOVE B11 145
DAMAGE TURRET A13 1
DAMAGE COMBAT A13 1
DAMAGE COMBAT B10 2
SIEGE B 115 1
END TURN 87
TURN 88
COMMAND LEFT START
UPGRADE 76
COMMAND LEFT END
COMMAND RIGHT START
COMMAND RIGHT END
TURN 88 RESULT
TIME LEFT 0 5 RIGHT 0 5
UPGRADE A 76
MOVE B7 196
MOVE B11 130
DAMAGE TURRET A14 1
SIEGE B 115 1
END TURN 88
TURN 89
COMMAND LEFT START
COMMAND LEFT END
COMMAND RIGHT START
TRAIN 1
COMMAND RIGHT END
TURN 89 RESULT
TIME LEFT 0 5 RIGHT 0 5
TRAIN B14
MOVE B7 205
MOVE B11 115
DAMAGE COMBAT A14 1
DAMAGE COMBAT B11 2
END TURN 89
TURN 90
COMMAND LEFT START
COMMAND LEFT END
COMMAND RIGHT START
MOVE B12 194
COMMAND RIGHT END
TURN 90 RESULT
TIME LEFT 0 5 RIGHT 0 5
MOVE B7 215
MOVE B12 227
DAMAGE COMBAT A14 1
DAMAGE COMBAT B11 2
END TURN 90
TURN 91
COMMAND LEFT START
COMMAND LEFT END
COMMAND RIGHT START
COMMAND RIGHT END
TURN 91 RESULT
TIME LEFT 0 5 RIGHT 0 5
MOVE B7 225
MOVE B12 224
DAMAGE COMBAT A14 1
DAMAGE COMBAT B11 1
END TURN 91
TURN 92
COMMAND LEFT START
COMMAND LEFT END
COMMAND RIGHT START
COMMAND RIGHT END
TURN 92 RESULT
TIME LEFT 0 5 RIGHT 0 5
MOVE B7 230
MOVE B12 220
END TURN 92
TURN 93
COMMAND LEFT START
COMMAND LEFT END
COMMAND RIGHT START
COMMAND RIGHT END
TURN 93 RESULT
TIME LEFT 0 5 RIGHT 0 5
MOVE B12 214
END TURN 93
TURN 94
COMMAND LEFT START
COMMAND LEFT END
COMMAND RIGHT START
COMMAND RIGHT END
TURN 94 RESULT
TIME LEFT 0 5 RIGHT 0 5
MOVE B12 206
END TURN 94
TURN 95
COMMAND LEFT START
COMMAND LEFT END
COMMAND RIGHT START
COMMAND RIGHT END
TURN 95 RESULT
TIME LEFT 0 5 RIGHT 0 5
MOVE B12 194
END TURN 95
TURN 96
COMMAND LEFT START
UPGRADE 115
COMMAND LEFT END
COMMAND RIGHT START
COMMAND RIGHT END
TURN 96 RESULT
TIME LEFT 0 5 RIGHT 0 5
UPGRADE A 115
END TURN 96
TURN 97
COMMAND LEFT START
COMMAND LEFT END
COMMAND RIGHT START
COMMAND RIGHT END
TURN 97 RESULT
TIME LEFT 0 5 RIGHT 0 5
END TURN 97
TURN 98
COMMAND LEFT START
MOVE A16 115
TRAIN 1
COMMAND LEFT END
COMMAND RIGHT START
COMMAND RIGHT END
TURN 98 RESULT
TIME LEFT 0 5 RIGHT 0 5
TRAIN A17
MOVE A16 5
END TURN 98
TURN 99
COMMAND LEFT START
MOVE A17 115
TRAIN 1
COMMAND LEFT END
COMMAND RIGHT START
COMMAND RIGHT END
TURN 99 RESULT
TIME LEFT 0 5 RIGHT 0 5
TRAIN A18
MOVE A16 15
MOVE A17 5
END TURN 99
TURN 100
COMMAND LEFT START
COMMAND LEFT END
COMMAND RIGHT START
COMMAND RIGHT END
TURN 100 RESULT
TIME LEFT 0 5 RIGHT 0 5
MOVE A16 25
MOVE A17 15
END TURN 100
TURN 101
COMMAND LEFT START
MOVE A18 115
TRAIN 1
COMMAND LEFT END
COMMAND RIGHT START
UPGRADE 230
COMMAND RIGHT END
TURN 101 RESULT
TIME LEFT 0 5 RIGHT 0 5
UPGRADE B 230
TRAIN A19
MOVE A16 34
MOVE A17 25
MOVE A18 5
END TURN 101
TURN 102
COMMAND LEFT START
COMMAND LEFT END
COMMAND RIGHT START
COMMAND RIGHT END
TURN 102 RESULT
TIME LEFT 0 5 RIGHT 0 5
MOVE A16 49
MOVE A17 34
MOVE A18 15
END TURN 102
TURN 103
COMMAND LEFT START
MOVE A19 115
TRAIN 1
COMMAND LEFT END
COMMAND RIGHT START
COMMAND RIGHT END
TURN 103 RESULT
TIME LEFT 0 5 RIGHT 0 5
TRAIN A20
MOVE A16 66
MOVE A17 49
MOVE A18 25
MOVE A19 5
END TURN 103
TURN 104
COMMAND LEFT START
COMMAND LEFT END
COMMAND RIGHT START
COMMAND RIGHT END
TURN 104 RESULT
TIME LEFT 0 5 RIGHT 0 5
MOVE A16 85
MOVE A17 66
MOVE A18 34
MOVE A19 15
END TURN 104
TURN 105
COMMAND LEFT START
MOVE A20 115
TRAIN 1
COMMAND LEFT END
COMMAND RIGHT START
COMMAND RIGHT END
TURN 105 RESULT
TIME LEFT 0 5 RIGHT 0 5
TRAIN A21
MOVE A16 100
MOVE A17 85
MOVE A18 49
MOVE A19 25
MOVE A20 5
END TURN 105
TURN 106
COMMAND LEFT START
MOVE A21 115
TRAIN 1
COMMAND LEFT END
COMMAND RIGHT START
UPGRADE 173
COMMAND RIGHT END
TURN 106 RESULT
TIME LEFT 0 5 RIGHT 0 5
UPGRADE B 173
TRAIN A22
MOVE A16 115
MOVE A17 100
MOVE A18 66
MOVE A19 34
MOVE A20 15
MOVE A21 5
END TURN 106
TURN 107
COMMAND LEFT START
COMMAND LEFT END
COMMAND RIGHT START
TRAIN 1
COMMAND RIGHT END
TURN 107 RESULT
TIME LEFT 0 5 RIGHT 0 5
TRAIN B15
MOVE A17 115
MOVE A18 85
MOVE A19 49
MOVE A20 25
MOVE A21 15
END TURN 107
TURN 108
COMMAND LEFT START
MOVE A22 115
TRAIN 1
COMMAND LEFT END
COMMAND RIGHT START
MOVE B7 173
COMMAND RIGHT END
TURN 108 RESULT
TIME LEFT 0 5 RIGHT 0 5
TRAIN A23
MOVE A18 100
MOVE A19 66
MOVE A20 34
MOVE A21 25
MOVE A22 5
MOVE B7 225
END TURN 108
TURN 109
COMMAND LEFT START
COMMAND LEFT END
COMMAND RIGHT START
COMMAND RIGHT END
TURN 109 RESULT
TIME LEFT 0 5 RIGHT 0 5
MOVE A18 115
MOVE A19 85
MOVE A20 49
MOVE A21 34
MOVE A22 15
MOVE B7 215
END TURN 109
TURN 110
COMMAND LEFT START
MOVE A23 115
TRAIN 1
COMMAND LEFT END
COMMAND RIGHT START
COMMAND RIGHT END
TURN 110 RESULT
TIME LEFT 0 5 RIGHT 0 5
TRAIN A24
MOVE A19 100
MOVE A20 66
MOVE A21 49
MOVE A22 25
MOVE A23 5
MOVE B7 205
END TURN 110
TURN 111
COMMAND LEFT START
COMMAND LEFT END
COMMAND RIGHT START
COMMAND RIGHT END
TURN 111 RESULT
TIME LEFT 0 5 RIGHT 0 5
MOVE A19 115
MOVE A20 85
MOVE A21 66
MOVE A22 34
MOVE A23 15
MOVE B7 192
END TURN 111
TURN 112
COMMAND LEFT START
MOVE A16 164
MOVE A17 164
MOVE A24 115
TRAIN 1
COMMAND LEFT END
COMMAND RIGHT START
COMMAND RIGHT END
TURN 112 RESULT
TIME LEFT 0 5 RIGHT 0 5
TRAIN A25
MOVE A16 130
MOVE A17 130
MOVE A20 100
MOVE A21 85
MOVE A22 49
MOVE A23 25
MOVE A24 5
MOVE B7 173
END TURN 112
TURN 113
COMMAND LEFT START
COMMAND LEFT END
COMMAND RIGHT START
UPGRADE 202
COMMAND RIGHT END
TURN 113 RESULT
TIME LEFT 0 5 RIGHT 0 5
UPGRADE B 202
MOVE A16 145
MOVE A17 145
MOVE A20 115
MOVE A21 100
MOVE A22 66
MOVE A23 34
MOVE A24 15
END TURN 113
TURN 114
COMMAND LEFT START
COMMAND LEFT END
COMMAND RIGHT START
TRAIN 1
COMMAND RIGHT END
TURN 114 RESULT
TIME LEFT 0 5 RIGHT 0 5
TRAIN B16
MOVE A16 164
MOVE A17 164
MOVE A21 115
MOVE A22 85
MOVE A23 49
MOVE A24 25
END TURN 114
TURN 115
COMMAND LEFT START
MOVE A18 154
COMMAND LEFT END
COMMAND RIGHT START
MOVE B13 202
COMMAND RIGHT END
TURN 115 RESULT
TIME LEFT 0 5 RIGHT 0 5
MOVE A18 130
MOVE A22 100
MOVE A23 66
MOVE A24 34
MOVE B13 225
END TURN 115
TURN 116
COMMAND LEFT START
COMMAND LEFT END
COMMAND RIGHT START
COMMAND RIGHT END
TURN 116 RESULT
TIME LEFT 0 5 RIGHT 0 5
MOVE A18 145
MOVE A22 115
MOVE A23 85
MOVE A24 49
MOVE B13 221
END TURN 116
TURN 117
COMMAND LEFT START
COMMAND LEFT END
COMMAND RIGHT START
COMMAND RIGHT END
TURN 117 RESULT
TIME LEFT 0 5 RIGHT 0 5
MOVE A18 154
MOVE A23 100
MOVE A24 66
MOVE B13 202
END TURN 117
TURN 118
COMMAND LEFT START
COMMAND LEFT END
COMMAND RIGHT START
COMMAND RIGHT END
TURN 118 RESULT
TIME LEFT 0 5 RIGHT 0 5
MOVE A23 115
MOVE A24 85
END TURN 118
TURN 119
COMMAND LEFT START
COMMAND LEFT END
COMMAND RIGHT START
UPGRADE 194
COMMAND RIGHT END
TURN 119 RESULT
TIME LEFT 0 5 RIGHT 0 5
UPGRADE B 194
MOVE A24 100
END TURN 119
TURN 120
COMMAND LEFT START
UPGRADE 154
COMMAND LEFT END
COMMAND RIGHT START
TRAIN 1
COMMAND RIGHT END
TURN 120 RESULT
TIME LEFT 0 5 RIGHT 0 5
UPGRADE A 154
TRAIN B17
MOVE A24 115
END TURN 120
TURN 121
COMMAND LEFT START
MOVE A19 154
MOVE A20 154
MOVE A21 154
MOVE A22 154
MOVE A23 154
MOVE A24 154
COMMAND LEFT END
COMMAND RIGHT START
MOVE B14 194
COMMAND RIGHT END
TURN 121 RESULT
TIME LEFT 0 5 RIGHT 0 5
MOVE A19 130
MOVE A20 130
MOVE A21 130
MOVE A22 130
MOVE A23 130
MOVE A24 130
MOVE B14 227
END TURN 121
TURN 122
COMMAND LEFT START
COMMAND LEFT END
COMMAND RIGHT START
COMMAND RIGHT END
TURN 122 RESULT
TIME LEFT 0 5 RIGHT 0 5
MOVE A19 145
MOVE A20 145
MOVE A21 145
MOVE A22 145
MOVE A23 145
MOVE A24 145
MOVE B14 224
END TURN 122
TURN 123
COMMAND LEFT START
COMMAND LEFT END
COMMAND RIGHT START
COMMAND RIGHT END
TURN 123 RESULT
TIME LEFT 0 5 RIGHT 0 5
MOVE A19 154
MOVE A20 154
MOVE A21 154
MOVE A22 154
MOVE A23 154
MOVE A24 154
MOVE B14 220
END TURN 123
TURN 124
COMMAND LEFT START
MOVE A19 141
MOVE A20 141
COMMAND LEFT END
COMMAND RIGHT START
COMMAND RIGHT END
TURN 124 RESULT
TIME LEFT 0 5 RIGHT 0 5
MOVE A19 150
MOVE A20 150
MOVE B14 214
END TURN 124
TURN 125
COMMAND LEFT START
COMMAND LEFT END
COMMAND RIGHT START
UPGRADE 173
COMMAND RIGHT END
TURN 125 RESULT
TIME LEFT 0 5 RIGHT 0 5
UPGRADE B 173
MOVE A19 149
MOVE A20 149
MOVE B14 206
END TURN 125
TURN 126
COMMAND LEFT START
COMMAND LEFT END
COMMAND RIGHT START
TRAIN 1
COMMAND RIGHT END
TURN 126 RESULT
TIME LEFT 0 5 RIGHT 0 5
TRAIN B18
MOVE A19 141
MOVE A20 141
MOVE B14 194
END TURN 126
TURN 127
COMMAND LEFT START
UPGRADE 164
COMMAND LEFT END
COMMAND RIGHT START
MOVE B15 173
COMMAND RIGHT END
TURN 127 RESULT
TIME LEFT 0 5 RIGHT 0 5
UPGRADE A 164
MOVE B15 225
END TURN 127
TURN 128
COMMAND LEFT START
MOVE A21 164
MOVE A22 164
MOVE A23 164
MOVE A24 164
COMMAND LEFT END
COMMAND RIGHT START
COMMAND RIGHT END
TURN 128 RESULT
TIME LEFT 0 5 RIGHT 0 5
MOVE A21 160
MOVE A22 160
MOVE A23 160
MOVE A24 160
MOVE B15 215
END TURN 128
TURN 129
COMMAND LEFT START
COMMAND LEFT END
COMMAND RIGHT START
COMMAND RIGHT END
TURN 129 RESULT
TIME LEFT 0 5 RIGHT 0 5
MOVE A21 164
MOVE A22 164
MOVE A23 164
MOVE A24 164
MOVE B15 205
END TURN 129
TURN 130
COMMAND LEFT START
MOVE A17 194
MOVE A21 194
COMMAND LEFT END
COMMAND RIGHT START
TRAIN 1
COMMAND RIGHT END
TURN 130 RESULT
TIME LEFT 0 5 RIGHT 0 5
TRAIN B19
MOVE A17 176
MOVE A21 176
MOVE B15 192
END TURN 130
TURN 131
COMMAND LEFT START
COMMAND LEFT END
COMMAND RIGHT START
MOVE B19 173
TRAIN 1
COMMAND RIGHT END
TURN 131 RESULT
TIME LEFT 0 5 RIGHT 0 5
TRAIN B20
MOVE A17 173
MOVE A21 173
MOVE B15 173
MOVE B19 225
DAMAGE TURRET A17 2
DAMAGE COMBAT A17 2
DAMAGE COMBAT A21 1
DAMAGE COMBAT B3 1
DAMAGE COMBAT B7 1
END TURN 131
TURN 132
COMMAND LEFT START
COMMAND LEFT END
COMMAND RIGHT START
MOVE B20 202
TRAIN 1
COMMAND RIGHT END
TURN 132 RESULT
TIME LEFT 0 5 RIGHT 0 5
TRAIN B21
MOVE B19 215
MOVE B20 225
DAMAGE TURRET A21 2
DAMAGE COMBAT A21 1
DAMAGE COMBAT B3 1
END TURN 132
TURN 133
COMMAND LEFT START
UPGRADE 141
COMMAND LEFT END
COMMAND RIGHT START
MOVE B21 173
TRAIN 1
COMMAND RIGHT END
TURN 133 RESULT
TIME LEFT 0 5 RIGHT 0 5
UPGRADE A 141
TRAIN B22
MOVE B19 205
MOVE B20 221
MOVE B21 225
END TURN 133
TURN 134
COMMAND LEFT START
MOVE A20 164
MOVE A25 164
TRAIN 1
COMMAND LEFT END
COMMAND RIGHT START
MOVE B22 173
TRAIN 1
COMMAND RIGHT END
TURN 134 RESULT
TIME LEFT 0 5 RIGHT 0 5
TRAIN A26 B23
MOVE A20 149
MOVE A25 5
MOVE B19 192
MOVE B20 202
MOVE B21 215
MOVE B22 225
END TURN 134
TURN 135
COMMAND LEFT START
COMMAND LEFT END
COMMAND RIGHT START
MOVE B23 173
MOVE B20 173
TRAIN 1
COMMAND RIGHT END
TURN 135 RESULT
TIME LEFT 0 5 RIGHT 0 5
TRAIN B24
MOVE A20 150
MOVE A25 9
MOVE B19 173
MOVE B20 196
MOVE B21 205
MOVE B22 215
MOVE B23 225
END TURN 135
TURN 136
COMMAND LEFT START
MOVE A26 164
TRAIN 1
COMMAND LEFT END
COMMAND RIGHT START
MOVE B24 173
TRAIN 2
COMMAND RIGHT END
TURN 136 RESULT
TIME LEFT 0 5 RIGHT 0 5
TRAIN A27 B25 B26
MOVE A20 154
MOVE A25 28
MOVE A26 5
MOVE B20 176
MOVE B21 192
MOVE B22 205
MOVE B23 215
MOVE B24 225
END TURN 136
TURN 137
COMMAND LEFT START
MOVE A27 164
TRAIN 1
COMMAND LEFT END
COMMAND RIGHT START
MOVE B26 173
MOVE B25 173
TRAIN 1
COMMAND RIGHT END
TURN 137 RESULT
TIME LEFT 0 5 RIGHT 0 5
TRAIN A28 B27
MOVE A20 160
MOVE A25 45
MOVE A26 9
MOVE A27 5
MOVE B20 173
MOVE B21 173
MOVE B22 192
MOVE B23 205
MOVE B24 215
MOVE B25 225
MOVE B26 225
END TURN 137
TURN 138
COMMAND LEFT START
MOVE A28 164
TRAIN 1
COMMAND LEFT END
COMMAND RIGHT START
MOVE B27 173
MOVE B21 115
COMMAND RIGHT END
TURN 138 RESULT
TIME LEFT 0 5 RIGHT 0 5
TRAIN A29
MOVE A20 164
MOVE A25 58
MOVE A26 28
MOVE A27 9
MOVE A28 5
MOVE B21 157
MOVE B22 173
MOVE B23 192
MOVE B24 205
MOVE B25 215
MOVE B26 215
MOVE B27 225
END TURN 138
TURN 139
COMMAND LEFT START
MOVE A20 194
MOVE A22 194
MOVE A29 164
TRAIN 1
COMMAND LEFT END
COMMAND RIGHT START
TRAIN 2
COMMAND RIGHT END
TURN 139 RESULT
TIME LEFT 0 5 RIGHT 0 5
TRAIN A30 B28 B29
MOVE A20 176
MOVE A22 176
MOVE A25 76
MOVE A26 45
MOVE A27 28
MOVE A28 9
MOVE A29 5
MOVE B21 144
MOVE B23 173
MOVE B24 192
MOVE B25 205
MOVE B26 205
MOVE B27 215
END TURN 139
TURN 140
COMMAND LEFT START
COMMAND LEFT END
COMMAND RIGHT START
MOVE B29 173
MOVE B28 173
TRAIN 1
COMMAND RIGHT END
TURN 140 RESULT
TIME LEFT 0 5 RIGHT 0 5
TRAIN B30
MOVE A20 173
MOVE A22 173
MOVE A25 98
MOVE A26 58
MOVE A27 45
MOVE A28 28
MOVE A29 9
MOVE B21 135
MOVE B24 173
MOVE B25 192
MOVE B26 192
MOVE B27 205
MOVE B28 225
MOVE B29 225
DAMAGE TURRET A20 2
DAMAGE COMBAT A20 2
DAMAGE COMBAT A22 4
DAMAGE COMBAT B3 2
END TURN 140
TURN 141
COMMAND LEFT START
MOVE A30 164
TRAIN 1
COMMAND LEFT END
COMMAND RIGHT START
MOVE B30 173
MOVE B24 128
COMMAND RIGHT END
TURN 141 RESULT
TIME LEFT 0 5 RIGHT 0 5
TRAIN A31
MOVE A25 119
MOVE A26 76
MOVE A27 58
MOVE A28 45
MOVE A29 28
MOVE A30 5
MOVE B21 130
MOVE B24 167
MOVE B25 173
MOVE B26 173
MOVE B27 192
MOVE B28 215
MOVE B29 215
MOVE B30 225
END TURN 141
TURN 142
COMMAND LEFT START
MOVE A31 164
TRAIN 1
COMMAND LEFT END
COMMAND RIGHT START
MOVE B26 164
MOVE B25 164
MOVE B23 164
MOVE B22 164
MOVE B20 164
COMMAND RIGHT END
TURN 142 RESULT
TIME LEFT 0 5 RIGHT 0 5
TRAIN A32
MOVE A25 135
MOVE A26 98
MOVE A27 76
MOVE A28 58
MOVE A29 45
MOVE A30 9
MOVE A31 5
MOVE B20 176
MOVE B21 115
MOVE B22 176
MOVE B23 176
MOVE B24 153
MOVE B25 176
MOVE B26 176
MOVE B27 173
MOVE B28 205
MOVE B29 205
MOVE B30 215
DAMAGE TURRET B21 1
DAMAGE COMBAT A15 1
DAMAGE COMBAT B21 1
END TURN 142
TURN 143
COMMAND LEFT START
MOVE A32 164
TRAIN 1
COMMAND LEFT END
COMMAND RIGHT START
TRAIN 2
COMMAND RIGHT END
TURN 143 RESULT
TIME LEFT 0 5 RIGHT 0 5
TRAIN A33 B31 B32
MOVE A25 164
MOVE A26 119
MOVE A27 98
MOVE A28 76
MOVE A29 58
MOVE A30 28
MOVE A31 9
MOVE A32 5
MOVE B20 164
MOVE B22 164
MOVE B23 164
MOVE B24 137
MOVE B25 164
MOVE B26 164
MOVE B28 192
MOVE B29 192
MOVE B30 205
DAMAGE TURRET B20 1
DAMAGE TURRET B21 1
DAMAGE COMBAT A15 1
DAMAGE COMBAT A16 4
DAMAGE COMBAT A23 1
DAMAGE COMBAT B20 4
DAMAGE COMBAT B21 1
END TURN 143
TURN 144
COMMAND LEFT START
MOVE A33 164
TRAIN 1
COMMAND LEFT END
COMMAND RIGHT START
MOVE B32 173
MOVE B31 173
TRAIN 2
COMMAND RIGHT END
TURN 144 RESULT
TIME LEFT 0 5 RIGHT 0 5
TRAIN A34 B33 B34
MOVE A26 135
MOVE A27 119
MOVE A28 98
MOVE A29 76
MOVE A30 45
MOVE A31 28
MOVE A32 9
MOVE A33 5
MOVE B24 128
MOVE B28 173
MOVE B29 173
MOVE B30 192
MOVE B31 225
MOVE B32 225
DAMAGE TURRET B20 1
DAMAGE TURRET B21 1
DAMAGE COMBAT A15 1
DAMAGE COMBAT A23 3
DAMAGE COMBAT A24 2
DAMAGE COMBAT B21 1
DAMAGE COMBAT B22 3
END TURN 144
TURN 145
COMMAND LEFT START
MOVE A34 164
TRAIN 1
COMMAND LEFT END
COMMAND RIGHT START
MOVE B34 173
MOVE B33 173
UPGRADE 128
COMMAND RIGHT END
TURN 145 RESULT
TIME LEFT 0 5 RIGHT 0 5
UPGRADE B 128
TRAIN A35
MOVE A26 164
MOVE A27 135
MOVE A28 119
MOVE A29 98
MOVE A30 58
MOVE A31 45
MOVE A32 28
MOVE A33 9
MOVE A34 5
MOVE B30 173
MOVE B31 215
MOVE B32 215
MOVE B33 225
MOVE B34 225
DAMAGE TURRET B22 1
DAMAGE COMBAT A24 2
DAMAGE COMBAT A25 2
DAMAGE COMBAT B22 2
DAMAGE COMBAT B23 1
END TURN 145
TURN 146
COMMAND LEFT START
MOVE A35 164
TRAIN 1
COMMAND LEFT END
COMMAND RIGHT START
MOVE B30 128
MOVE B29 128
MOVE B28 128
COMMAND RIGHT END
TURN 146 RESULT
TIME LEFT 0 5 RIGHT 0 5
TRAIN A36
MOVE A27 164
MOVE A28 135
MOVE A29 119
MOVE A30 76
MOVE A31 58
MOVE A32 45
MOVE A33 28
MOVE A34 9
MOVE A35 5
MOVE B28 167
MOVE B29 167
MOVE B30 167
MOVE B31 205
MOVE B32 205
MOVE B33 215
MOVE B34 215
DAMAGE TURRET B23 1
DAMAGE COMBAT A25 2
DAMAGE COMBAT A26 1
DAMAGE COMBAT B23 3
END TURN 146
TURN 147
COMMAND LEFT START
MOVE A36 164
TRAIN 1
COMMAND LEFT END
COMMAND RIGHT START
COMMAND RIGHT END
TURN 147 RESULT
TIME LEFT 0 5 RIGHT 0 5
TRAIN A37
MOVE A28 164
MOVE A29 135
MOVE A30 98
MOVE A31 76
MOVE A32 58
MOVE A33 45
MOVE A34 28
MOVE A35 9
MOVE A36 5
MOVE B28 153
MOVE B29 153
MOVE B30 153
MOVE B31 192
MOVE B32 192
MOVE B33 205
MOVE B34 205
DAMAGE TURRET B23 1
DAMAGE COMBAT A26 3
DAMAGE COMBAT B25 3
END TURN 147
TURN 148
COMMAND LEFT START
MOVE A37 164
TRAIN 1
COMMAND LEFT END
COMMAND RIGHT START
UPGRADE 128
COMMAND RIGHT END
TURN 148 RESULT
TIME LEFT 0 5 RIGHT 0 5
UPGRADE B 128
TRAIN A38
MOVE A29 164
MOVE A30 119
MOVE A31 98
MOVE A32 76
MOVE A33 58
MOVE A34 45
MOVE A35 28
MOVE A36 9
MOVE A37 5
MOVE B28 137
MOVE B29 137
MOVE B30 137
MOVE B31 173
MOVE B32 173
MOVE B33 192
MOVE B34 192
DAMAGE TURRET B25 1
DAMAGE COMBAT A27 2
DAMAGE COMBAT B25 2
DAMAGE COMBAT B26 1
END TURN 148
TURN 149
COMMAND LEFT START
MOVE A38 164
TRAIN 1
COMMAND LEFT END
COMMAND RIGHT START
MOVE B32 128
MOVE B31 128
COMMAND RIGHT END
TURN 149 RESULT
TIME LEFT 0 5 RIGHT 0 5
TRAIN A39
MOVE A30 135
MOVE A31 119
MOVE A32 98
MOVE A33 76
MOVE A34 58
MOVE A35 45
MOVE A36 28
MOVE A37 9
MOVE A38 5
MOVE B28 128
MOVE B29 128
MOVE B30 128
MOVE B31 167
MOVE B32 167
MOVE B33 173
MOVE B34 173
DAMAGE TURRET B26 1
DAMAGE COMBAT A27 1
DAMAGE COMBAT B26 3
END TURN 149
TURN 150
COMMAND LEFT START
MOVE A39 164
TRAIN 1
COMMAND LEFT END
COMMAND RIGHT START
MOVE B34 128
MOVE B33 128
COMMAND RIGHT END
TURN 150 RESULT
TIME LEFT 0 5 RIGHT 0 5
TRAIN A40
MOVE A30 164
MOVE A31 135
MOVE A32 119
MOVE A33 98
MOVE A34 76
MOVE A35 58
MOVE A36 45
MOVE A37 28
MOVE A38 9
MOVE A39 5
MOVE B31 153
MOVE B32 153
MOVE B33 167
MOVE B34 167
DAMAGE TURRET B26 1
DAMAGE COMBAT A27 1
END TURN 150
TURN 151
COMMAND LEFT START
MOVE A40 164
TRAIN 1
COMMAND LEFT END
COMMAND RIGHT START
MOVE B30 154
COMMAND RIGHT END
TURN 151 RESULT
TIME LEFT 0 5 RIGHT 0 5
TRAIN A41
MOVE A31 164
MOVE A32 135
MOVE A33 119
MOVE A34 98
MOVE A35 76
MOVE A36 58
MOVE A37 45
MOVE A38 28
MOVE A39 9
MOVE A40 5
MOVE B30 121
MOVE B31 137
MOVE B32 137
MOVE B33 153
MOVE B34 153
END TURN 151
TURN 152
COMMAND LEFT START
MOVE A41 164
TRAIN 1
COMMAND LEFT END
COMMAND RIGHT START
UPGRADE 128
COMMAND RIGHT END
TURN 152 RESULT
TIME LEFT 0 5 RIGHT 0 5
UPGRADE B 128
TRAIN A42
MOVE A32 164
MOVE A33 135
MOVE A34 119
MOVE A35 98
MOVE A36 76
MOVE A37 58
MOVE A38 45
MOVE A39 28
MOVE A40 9
MOVE A41 5
MOVE B30 124
MOVE B31 128
MOVE B32 128
MOVE B33 137
MOVE B34 137
END TURN 152
TURN 153
COMMAND LEFT START
MOVE A29 194
MOVE A30 194
COMMAND LEFT END
COMMAND RIGHT START
COMMAND RIGHT END
TURN 153 RESULT
TIME LEFT 0 5 RIGHT 0 5
MOVE A29 176
MOVE A30 176
MOVE A33 164
MOVE A34 135
MOVE A35 119
MOVE A36 98
MOVE A37 76
MOVE A38 58
MOVE A39 45
MOVE A40 28
MOVE A41 9
MOVE B30 135
MOVE B33 128
MOVE B34 128
DAMAGE COMBAT A34 1
DAMAGE COMBAT B30 1
END TURN 153
TURN 154
COMMAND LEFT START
COMMAND LEFT END
COMMAND RIGHT START
MOVE B34 89
MOVE B33 89
MOVE B32 89
MOVE B31 89
MOVE B29 89
COMMAND RIGHT END
TURN 154 RESULT
TIME LEFT 0 5 RIGHT 0 5
MOVE A29 173
MOVE A30 173
MOVE A35 135
MOVE A36 119
MOVE A37 98
MOVE A38 76
MOVE A39 58
MOVE A40 45
MOVE A41 28
MOVE B29 101
MOVE B31 101
MOVE B32 101
MOVE B33 101
MOVE B34 101
DAMAGE TURRET A29 2
DAMAGE COMBAT A29 2
DAMAGE COMBAT A30 1
DAMAGE COMBAT A34 1
DAMAGE COMBAT B15 2
DAMAGE COMBAT B30 2
END TURN 154
TURN 155
COMMAND LEFT START
COMMAND LEFT END
COMMAND RIGHT START
TRAIN 1
COMMAND RIGHT END
TURN 155 RESULT
TIME LEFT 0 5 RIGHT 1 5
TRAIN B35
MOVE A36 135
MOVE A37 119
MOVE A38 98
MOVE A39 76
MOVE A40 58
MOVE A41 45
MOVE B29 89
MOVE B31 89
MOVE B32 89
MOVE B33 89
MOVE B34 89
DAMAGE TURRET A30 2
DAMAGE TURRET B29 1
DAMAGE COMBAT A6 4
DAMAGE COMBAT A30 1
DAMAGE COMBAT A34 1
DAMAGE COMBAT B15 1
DAMAGE COMBAT B29 1
DAMAGE COMBAT B30 3
SIEGE A 89 1
END TURN 155
TURN 156
COMMAND LEFT START
MOVE A42 164
TRAIN 1
COMMAND LEFT END
COMMAND RIGHT START
MOVE B16 128
TRAIN 1
COMMAND RIGHT END
TURN 156 RESULT
TIME LEFT 0 5 RIGHT 0 5
TRAIN A43 B36
MOVE A34 164
MOVE A35 164
MOVE A36 164
MOVE A37 135
MOVE A38 119
MOVE A39 98
MOVE A40 76
MOVE A41 58
MOVE A42 5
MOVE B16 225
DAMAGE TURRET B29 1
SIEGE A 89 5
END TURN 156
TURN 157
COMMAND LEFT START
MOVE A31 194
MOVE A32 194
MOVE A43 164
TRAIN 1
COMMAND LEFT END
COMMAND RIGHT START
MOVE B29 128
MOVE B31 128
MOVE B32 128
MOVE B33 128
MOVE B36 128
UPGRADE 89
COMMAND RIGHT END
TURN 157 RESULT
TIME LEFT 0 5 RIGHT 0 5
UPGRADE B 89
TRAIN A44
MOVE A31 176
MOVE A32 176
MOVE A37 164
MOVE A38 135
MOVE A39 119
MOVE A40 98
MOVE A41 76
MOVE A42 9
MOVE A43 5
MOVE B16 215
MOVE B29 101
MOVE B31 101
MOVE B32 101
MOVE B33 101
MOVE B36 225
END TURN 157
TURN 158
COMMAND LEFT START
COMMAND LEFT END
COMMAND RIGHT START
COMMAND RIGHT END
TURN 158 RESULT
TIME LEFT 0 5 RIGHT 0 5
MOVE A31 173
MOVE A32 173
MOVE A38 164
MOVE A39 135
MOVE A40 119
MOVE A41 98
MOVE A42 28
MOVE A43 9
MOVE B16 205
MOVE B29 128
MOVE B31 128
MOVE B32 128
MOVE B33 128
MOVE B36 215
DAMAGE TURRET A31 2
DAMAGE COMBAT A31 2
DAMAGE COMBAT A32 1
DAMAGE COMBAT B15 2
END TURN 158
TURN 159
COMMAND LEFT START
COMMAND LEFT END
COMMAND RIGHT START
UPGRADE 89
COMMAND RIGHT END
TURN 159 RESULT
TIME LEFT 0 5 RIGHT 0 5
UPGRADE B 89
MOVE A39 164
MOVE A40 135
MOVE A41 119
MOVE A42 45
MOVE A43 28
MOVE B16 192
MOVE B36 205
DAMAGE TURRET A32 2
DAMAGE COMBAT A32 1
DAMAGE COMBAT B15 1
END TURN 159
TURN 160
COMMAND LEFT START
MOVE A33 194
MOVE A35 194
MOVE A44 164
TRAIN 1
COMMAND LEFT END
COMMAND RIGHT START
MOVE B24 173
MOVE B28 89
COMMAND RIGHT END
TURN 160 RESULT
TIME LEFT 0 5 RIGHT 0 5
TRAIN A45
MOVE A33 176
MOVE A35 176
MOVE A40 164
MOVE A41 135
MOVE A42 58
MOVE A43 45
MOVE A44 5
MOVE B16 173
MOVE B24 137
MOVE B28 101
MOVE B36 192
END TURN 160
TURN 161
COMMAND LEFT START
COMMAND LEFT END
COMMAND RIGHT START
COMMAND RIGHT END
TURN 161 RESULT
TIME LEFT 0 5 RIGHT 0 5
MOVE A33 173
MOVE A35 173
MOVE A41 164
MOVE A42 76
MOVE A43 58
MOVE A44 9
MOVE B16 167
MOVE B24 153
MOVE B28 89
MOVE B36 173
DAMAGE TURRET A33 2
DAMAGE COMBAT A33 2
DAMAGE COMBAT A35 1
DAMAGE COMBAT B19 2
END TURN 161
TURN 162
COMMAND LEFT START
MOVE A45 164
TRAIN 1
COMMAND LEFT END
COMMAND RIGHT START
UPGRADE 89
COMMAND RIGHT END
TURN 162 RESULT
TIME LEFT 0 5 RIGHT 0 5
UPGRADE B 89
TRAIN A46
MOVE A42 98
MOVE A43 76
MOVE A44 28
MOVE A45 5
MOVE B16 153
MOVE B24 167
DAMAGE TURRET A35 2
DAMAGE COMBAT A35 1
DAMAGE COMBAT B19 1
END TURN 162
TURN 163
COMMAND LEFT START
MOVE A36 194
MOVE A37 194
MOVE A46 164
TRAIN 1
COMMAND LEFT END
COMMAND RIGHT START
MOVE B29 89
COMMAND RIGHT END
TURN 163 RESULT
TIME LEFT 0 5 RIGHT 0 5
TRAIN A47
MOVE A36 176
MOVE A37 176
MOVE A42 119
MOVE A43 98
MOVE A44 45
MOVE A45 9
MOVE A46 5
MOVE B16 137
MOVE B24 173
MOVE B29 101
MOVE B36 167
END TURN 163
TURN 164
COMMAND LEFT START
COMMAND LEFT END
COMMAND RIGHT START
COMMAND RIGHT END
TURN 164 RESULT
TIME LEFT 0 5 RIGHT 0 5
MOVE A36 173
MOVE A37 173
MOVE A42 135
MOVE A43 119
MOVE A44 58
MOVE A45 28
MOVE A46 9
MOVE B16 128
MOVE B29 89
MOVE B36 153
DAMAGE TURRET A36 2
DAMAGE COMBAT A36 2
DAMAGE COMBAT A37 1
DAMAGE COMBAT B19 2
END TURN 164
TURN 165
COMMAND LEFT START
MOVE A47 164
TRAIN 1
COMMAND LEFT END
COMMAND RIGHT START
TRAIN 1
COMMAND RIGHT END
TURN 165 RESULT
TIME LEFT 0 5 RIGHT 0 5
TRAIN A48 B37
MOVE A42 164
MOVE A43 135
MOVE A44 76
MOVE A45 45
MOVE A46 28
MOVE A47 5
MOVE B36 137
DAMAGE TURRET A37 2
DAMAGE COMBAT A37 1
DAMAGE COMBAT B19 1
END TURN 165
TURN 166
COMMAND LEFT START
MOVE A38 194
MOVE A39 194
MOVE A48 164
TRAIN 1
COMMAND LEFT END
COMMAND RIGHT START
MOVE B16 173
MOVE B37 128
TRAIN 2
COMMAND RIGHT END
TURN 166 RESULT
TIME LEFT 0 5 RIGHT 0 5
TRAIN A49 B38 B39
MOVE A38 176
MOVE A39 176
MOVE A43 164
MOVE A44 98
MOVE A45 58
MOVE A46 45
MOVE A47 9
MOVE A48 5
MOVE B16 137
MOVE B36 128
MOVE B37 225
END TURN 166
TURN 167
COMMAND LEFT START
COMMAND LEFT END
COMMAND RIGHT START
MOVE B39 128
MOVE B38 128
TRAIN 2
COMMAND RIGHT END
TURN 167 RESULT
TIME LEFT 0 5 RIGHT 0 5
TRAIN B40 B41
MOVE A38 173
MOVE A39 173
MOVE A44 119
MOVE A45 76
MOVE A46 58
MOVE A47 28
MOVE A48 9
MOVE B16 153
MOVE B37 215
MOVE B38 225
MOVE B39 225
DAMAGE TURRET A38 2
DAMAGE COMBAT A38 2
DAMAGE COMBAT B24 2
END TURN 167
TURN 168
COMMAND LEFT START
MOVE A49 164
TRAIN 1
COMMAND LEFT END
COMMAND RIGHT START
MOVE B41 154
COMMAND RIGHT END
TURN 168 RESULT
TIME LEFT 0 5 RIGHT 0 5
TRAIN A50
MOVE A44 135
MOVE A45 98
MOVE A46 76
MOVE A47 45
MOVE A48 28
MOVE A49 5
MOVE B16 167
MOVE B37 205
MOVE B38 215
MOVE B39 215
MOVE B41 225
DAMAGE TURRET A39 2
DAMAGE COMBAT A39 2
DAMAGE COMBAT B24 1
END TURN 168
TURN 169
COMMAND LEFT START
MOVE A40 194
MOVE A41 194
MOVE A50 164
TRAIN 1
COMMAND LEFT END
COMMAND RIGHT START
MOVE B40 128
TRAIN 2
COMMAND RIGHT END
TURN 169 RESULT
TIME LEFT 0 5 RIGHT 0 5
TRAIN A51 B42 B43
MOVE A40 176
MOVE A41 176
MOVE A44 164
MOVE A45 119
MOVE A46 98
MOVE A47 58
MOVE A48 45
MOVE A49 9
MOVE A50 5
MOVE B16 173
MOVE B37 192
MOVE B38 205
MOVE B39 205
MOVE B40 225
MOVE B41 221
END TURN 169
TURN 170
COMMAND LEFT START
COMMAND LEFT END
COMMAND RIGHT START
MOVE B43 128
MOVE B42 128
TRAIN 2
COMMAND RIGHT END
TURN 170 RESULT
TIME LEFT 0 5 RIGHT 0 5
TRAIN B44 B45
MOVE A40 173
MOVE A41 173
MOVE A45 135
MOVE A46 119
MOVE A47 76
MOVE A48 58
MOVE A49 28
MOVE A50 9
MOVE B37 173
MOVE B38 192
MOVE B39 192
MOVE B40 215
MOVE B41 202
MOVE B42 225
MOVE B43 225
DAMAGE TURRET A40 2
DAMAGE COMBAT A40 2
DAMAGE COMBAT A41 2
DAMAGE COMBAT B24 2
END TURN 170
TURN 171
COMMAND LEFT START
UPGRADE 0
COMMAND LEFT END
COMMAND RIGHT START
TRAIN 2
COMMAND RIGHT END
TURN 171 RESULT
TIME LEFT 0 5 RIGHT 0 5
UPGRADE A 0
TRAIN B46 B47
MOVE A45 164
MOVE A46 135
MOVE A47 98
MOVE A48 76
MOVE A49 45
MOVE A50 28
MOVE B38 173
MOVE B39 173
MOVE B40 205
MOVE B41 185
MOVE B42 215
MOVE B43 215
DAMAGE TURRET A41 2
DAMAGE COMBAT B24 1
END TURN 171
TURN 172
COMMAND LEFT START
MOVE A42 194
MOVE A43 194
COMMAND LEFT END
COMMAND RIGHT START
MOVE B31 173
MOVE B47 128
MOVE B46 128
MOVE B45 128
MOVE B44 128
TRAIN 2
COMMAND RIGHT END
TURN 172 RESULT
TIME LEFT 0 5 RIGHT 0 5
TRAIN B48 B49
MOVE A42 176
MOVE A43 176
MOVE A46 164
MOVE A47 119
MOVE A48 98
MOVE A49 58
MOVE A50 45
MOVE B31 137
MOVE B37 167
MOVE B38 167
MOVE B39 167
MOVE B40 192
MOVE B41 172
MOVE B42 205
MOVE B43 205
MOVE B44 225
MOVE B45 225
MOVE B46 225
MOVE B47 225
END TURN 172
TURN 173
COMMAND LEFT START
COMMAND LEFT END
COMMAND RIGHT START
MOVE B49 128
MOVE B48 128
TRAIN 2
COMMAND RIGHT END
TURN 173 RESULT
TIME LEFT 0 5 RIGHT 0 5
TRAIN B50 B51
MOVE A42 173
MOVE A43 173
MOVE A47 135
MOVE A48 119
MOVE A49 76
MOVE A50 58
MOVE B31 153
MOVE B37 153
MOVE B38 153
MOVE B39 153
MOVE B40 173
MOVE B41 154
MOVE B42 192
MOVE B43 192
MOVE B44 215
MOVE B45 215
MOVE B46 215
MOVE B47 215
MOVE B48 225
MOVE B49 225
DAMAGE TURRET A42 2
DAMAGE TURRET B41 1
DAMAGE COMBAT A18 1
DAMAGE COMBAT A42 2
DAMAGE COMBAT A43 1
DAMAGE COMBAT B16 2
DAMAGE COMBAT B41 1
END TURN 173
TURN 174
COMMAND LEFT START
COMMAND LEFT END
COMMAND RIGHT START
MOVE B51 141
COMMAND RIGHT END
TURN 174 RESULT
TIME LEFT 0 5 RIGHT 0 5
MOVE A47 164
MOVE A48 135
MOVE A49 98
MOVE A50 76
MOVE B31 167
MOVE B37 137
MOVE B38 137
MOVE B39 137
MOVE B42 173
MOVE B43 173
MOVE B44 205
MOVE B45 205
MOVE B46 205
MOVE B47 205
MOVE B48 215
MOVE B49 215
MOVE B51 229
DAMAGE TURRET A43 2
DAMAGE TURRET B41 1
DAMAGE COMBAT A18 1
DAMAGE COMBAT A43 1
DAMAGE COMBAT B16 1
DAMAGE COMBAT B41 1
END TURN 174
TURN 175
COMMAND LEFT START
MOVE A44 194
MOVE A45 194
MOVE A51 164
TRAIN 1
COMMAND LEFT END
COMMAND RIGHT START
MOVE B50 128
TRAIN 2
COMMAND RIGHT END
TURN 175 RESULT
TIME LEFT 0 5 RIGHT 0 5
TRAIN A52 B52 B53
MOVE A44 176
MOVE A45 176
MOVE A48 164
MOVE A49 119
MOVE A50 98
MOVE A51 5
MOVE B31 173
MOVE B37 128
MOVE B38 128
MOVE B39 128
MOVE B40 167
MOVE B42 167
MOVE B43 167
MOVE B44 192
MOVE B45 192
MOVE B46 192
MOVE B47 192
MOVE B48 205
MOVE B49 205
MOVE B50 225
MOVE B51 222
DAMAGE TURRET B41 1
DAMAGE COMBAT A18 1
DAMAGE COMBAT B41 1
END TURN 175
TURN 176
COMMAND LEFT START
COMMAND LEFT END
COMMAND RIGHT START
MOVE B53 128
MOVE B52 128
TRAIN 2
COMMAND RIGHT END
TURN 176 RESULT
TIME LEFT 0 5 RIGHT 0 5
TRAIN B54 B55
MOVE A44 173
MOVE A45 173
MOVE A49 135
MOVE A50 119
MOVE A51 9
MOVE B40 153
MOVE B42 153
MOVE B43 153
MOVE B44 173
MOVE B45 173
MOVE B46 173
MOVE B47 173
MOVE B48 192
MOVE B49 192
MOVE B50 215
MOVE B51 211
MOVE B52 225
MOVE B53 225
DAMAGE TURRET A44 2
DAMAGE COMBAT A44 2
DAMAGE COMBAT A45 4
DAMAGE COMBAT B16 2
END TURN 176
TURN 177
COMMAND LEFT START
MOVE A46 194
MOVE A47 194
MOVE A52 164
TRAIN 1
COMMAND LEFT END
COMMAND RIGHT START
MOVE B55 128
MOVE B54 128
TRAIN 2
COMMAND RIGHT END
TURN 177 RESULT
TIME LEFT 0 5 RIGHT 0 5
TRAIN A53 B56 B57
MOVE A46 176
MOVE A47 176
MOVE A49 164
MOVE A50 135
MOVE A51 28
MOVE A52 5
MOVE B40 137
MOVE B42 137
MOVE B43 137
MOVE B44 167
MOVE B45 167
MOVE B46 167
MOVE B47 167
MOVE B48 173
MOVE B49 173
MOVE B50 205
MOVE B51 203
MOVE B52 215
MOVE B53 215
MOVE B54 225
MOVE B55 225
END TURN 177
TURN 178
COMMAND LEFT START
COMMAND LEFT END
COMMAND RIGHT START
MOVE B57 128
MOVE B56 128
TRAIN 2
COMMAND RIGHT END
TURN 178 RESULT
TIME LEFT 0 5 RIGHT 0 5
TRAIN B58 B59
MOVE A46 173
MOVE A47 173
MOVE A50 164
MOVE A51 45
MOVE A52 9
MOVE B40 128
MOVE B42 128
MOVE B43 128
MOVE B44 153
MOVE B45 153
MOVE B46 153
MOVE B47 153
MOVE B48 167
MOVE B49 167
MOVE B50 192
MOVE B51 188
MOVE B52 205
MOVE B53 205
MOVE B54 215
MOVE B55 215
MOVE B56 225
MOVE B57 225
DAMAGE TURRET A46 2
DAMAGE COMBAT A46 2
DAMAGE COMBAT A47 1
DAMAGE COMBAT B16 1
DAMAGE COMBAT B27 1
END TURN 178
TURN 179
COMMAND LEFT START
COMMAND LEFT END
COMMAND RIGHT START
MOVE B43 164
MOVE B42 164
MOVE B40 164
MOVE B39 164
MOVE B38 164
MOVE B37 164
MOVE B36 164
TRAIN 1
COMMAND RIGHT END
TURN 179 RESULT
TIME LEFT 0 5 RIGHT 0 5
TRAIN B60
MOVE A51 58
MOVE A52 28
MOVE B36 137
MOVE B37 137
MOVE B38 137
MOVE B39 137
MOVE B40 137
MOVE B42 137
MOVE B43 137
MOVE B44 137
MOVE B45 137
MOVE B46 137
MOVE B47 137
MOVE B48 153
MOVE B49 153
MOVE B50 173
MOVE B51 162
MOVE B52 192
MOVE B53 192
MOVE B54 205
MOVE B55 205
MOVE B56 215
MOVE B57 215
DAMAGE TURRET A47 2
DAMAGE COMBAT A47 1
DAMAGE COMBAT B27 1
END TURN 179
TURN 180
COMMAND LEFT START
MOVE A48 194
MOVE A49 194
MOVE A53 164
TRAIN 1
COMMAND LEFT END
COMMAND RIGHT START
MOVE B17 173
MOVE B60 154
MOVE B59 128
COMMAND RIGHT END
TURN 180 RESULT
TIME LEFT 0 5 RIGHT 0 5
TRAIN A54
MOVE A48 176
MOVE A49 176
MOVE A51 76
MOVE A52 45
MOVE A53 5
MOVE B17 225
MOVE B36 140
MOVE B37 140
MOVE B38 140
MOVE B39 140
MOVE B40 140
MOVE B42 140
MOVE B43 140
MOVE B44 128
MOVE B45 128
MOVE B46 128
MOVE B47 128
MOVE B48 137
MOVE B49 137
MOVE B50 167
MOVE B51 141
MOVE B52 173
MOVE B53 173
MOVE B54 192
MOVE B55 192
MOVE B56 205
MOVE B57 205
MOVE B59 225
MOVE B60 225
DAMAGE TURRET B51 1
DAMAGE COMBAT A19 1
DAMAGE COMBAT B51 1
END TURN 180
TURN 181
COMMAND LEFT START
MOVE A54 164
TRAIN 1
COMMAND LEFT END
COMMAND RIGHT START
TRAIN 2
COMMAND RIGHT END
TURN 181 RESULT
TIME LEFT 0 5 RIGHT 0 5
TRAIN A55 B61 B62
MOVE A48 173
MOVE A49 173
MOVE A51 98
MOVE A52 58
MOVE A53 9
MOVE A54 5
MOVE B17 215
MOVE B36 144
MOVE B37 144
MOVE B38 144
MOVE B39 144
MOVE B40 144
MOVE B42 144
MOVE B43 144
MOVE B48 128
MOVE B49 128
MOVE B50 153
MOVE B52 167
MOVE B53 167
MOVE B54 173
MOVE B55 173
MOVE B56 192
MOVE B57 192
MOVE B59 215
MOVE B60 221
DAMAGE TURRET A48 2
DAMAGE TURRET B51 1
DAMAGE COMBAT A19 1
DAMAGE COMBAT A48 2
DAMAGE COMBAT A49 2
DAMAGE COMBAT B27 2
DAMAGE COMBAT B51 1
END TURN 181
TURN 182
COMMAND LEFT START
COMMAND LEFT END
COMMAND RIGHT START
TRAIN 2
COMMAND RIGHT END
TURN 182 RESULT
TIME LEFT 0 5 RIGHT 0 5
TRAIN B63 B64
MOVE A51 119
MOVE A52 76
MOVE A53 28
MOVE A54 9
MOVE B17 205
MOVE B36 164
MOVE B37 164
MOVE B38 164
MOVE B39 164
MOVE B40 164
MOVE B42 164
MOVE B43 164
MOVE B50 137
MOVE B52 153
MOVE B53 153
MOVE B56 173
MOVE B57 173
MOVE B59 205
MOVE B60 202
DAMAGE TURRET A49 2
DAMAGE TURRET B36 1
DAMAGE TURRET B51 1
DAMAGE COMBAT A19 1
DAMAGE COMBAT A28 4
DAMAGE COMBAT A34 1
DAMAGE COMBAT A50 2
DAMAGE COMBAT B27 1
DAMAGE COMBAT B36 3
DAMAGE COMBAT B51 1
END TURN 182
TURN 183
COMMAND LEFT START
MOVE A55 164
TRAIN 1
COMMAND LEFT END
COMMAND RIGHT START
MOVE B64 141
MOVE B63 128
MOVE B62 128
MOVE B61 128
COMMAND RIGHT END
TURN 183 RESULT
TIME LEFT 0 5 RIGHT 0 5
TRAIN A56
MOVE A51 135
MOVE A52 98
MOVE A53 45
MOVE A54 28
MOVE A55 5
MOVE B17 192
MOVE B50 128
MOVE B52 137
MOVE B53 137
MOVE B54 167
MOVE B55 167
MOVE B56 167
MOVE B57 167
MOVE B59 192
MOVE B60 185
MOVE B61 225
MOVE B62 225
MOVE B63 225
MOVE B64 229
DAMAGE TURRET B36 1
DAMAGE COMBAT A50 2
DAMAGE COMBAT B36 1
SIEGE A 164 5
END TURN 183
TURN 184
COMMAND LEFT START
MOVE A56 164
TRAIN 1
COMMAND LEFT END
COMMAND RIGHT START
TRAIN 2
COMMAND RIGHT END
TURN 184 RESULT
TIME LEFT 0 5 RIGHT 0 5
TRAIN A57 B65 B66
MOVE A51 164
MOVE A52 119
MOVE A53 58
MOVE A54 45
MOVE A55 9
MOVE A56 5
MOVE B17 173
MOVE B52 128
MOVE B53 128
MOVE B54 153
MOVE B55 153
MOVE B56 153
MOVE B57 153
MOVE B59 173
MOVE B60 172
MOVE B61 215
MOVE B62 215
MOVE B63 215
MOVE B64 222
DAMAGE TURRET B37 1
DAMAGE COMBAT A51 4
DAMAGE COMBAT B37 1
SIEGE A 164 1
END TURN 184
TURN 185
COMMAND LEFT START
COMMAND LEFT END
COMMAND RIGHT START
MOVE B37 128
MOVE B38 128
MOVE B39 128
MOVE B40 128
MOVE B42 128
MOVE B66 128
MOVE B65 128
UPGRADE 164
COMMAND RIGHT END
TURN 185 RESULT
TIME LEFT 0 5 RIGHT 0 5
UPGRADE B 164
MOVE A52 135
MOVE A53 76
MOVE A54 58
MOVE A55 28
MOVE A56 9
MOVE B37 144
MOVE B38 144
MOVE B39 144
MOVE B40 144
MOVE B42 144
MOVE B54 137
MOVE B55 137
MOVE B56 137
MOVE B57 137
MOVE B59 167
MOVE B60 154
MOVE B61 205
MOVE B62 205
MOVE B63 205
MOVE B64 211
MOVE B65 225
MOVE B66 225
DAMAGE TURRET B60 1
DAMAGE COMBAT A18 1
DAMAGE COMBAT B60 1
END TURN 185
TURN 186
COMMAND LEFT START
COMMAND LEFT END
COMMAND RIGHT START
MOVE B60 164
MOVE B53 164
MOVE B52 164
MOVE B50 164
MOVE B49 164
MOVE B48 164
MOVE B47 164
MOVE B46 164
MOVE B45 164
UPGRADE 164
COMMAND RIGHT END
TURN 186 RESULT
TIME LEFT 0 5 RIGHT 0 5
UPGRADE B 164
MOVE A52 164
MOVE A53 98
MOVE A54 76
MOVE A55 45
MOVE A56 28
MOVE B37 140
MOVE B38 140
MOVE B39 140
MOVE B40 140
MOVE B42 140
MOVE B45 137
MOVE B46 137
MOVE B47 137
MOVE B48 137
MOVE B49 137
MOVE B50 137
MOVE B52 137
MOVE B53 137
MOVE B54 128
MOVE B55 128
MOVE B56 128
MOVE B57 128
MOVE B59 153
MOVE B60 160
MOVE B61 192
MOVE B62 192
MOVE B63 192
MOVE B64 203
MOVE B65 215
MOVE B66 215
DAMAGE TURRET A52 1
DAMAGE COMBAT A52 1
DAMAGE COMBAT B43 1
END TURN 186
TURN 187
COMMAND LEFT START
MOVE A57 154
TRAIN 1
COMMAND LEFT END
COMMAND RIGHT START
MOVE B57 154
MOVE B56 154
MOVE B55 154
MOVE B54 154
MOVE B44 154
COMMAND RIGHT END
TURN 187 RESULT
TIME LEFT 0 5 RIGHT 0 5
TRAIN A58
MOVE A53 119
MOVE A54 98
MOVE A55 58
MOVE A56 45
MOVE A57 5
MOVE B37 137
MOVE B38 137
MOVE B39 137
MOVE B40 137
MOVE B42 137
MOVE B44 121
MOVE B45 140
MOVE B46 140
MOVE B47 140
MOVE B48 140
MOVE B49 140
MOVE B50 140
MOVE B52 140
MOVE B53 140
MOVE B54 121
MOVE B55 121
MOVE B56 121
MOVE B57 121
MOVE B59 137
MOVE B60 164
MOVE B61 173
MOVE B62 173
MOVE B63 173
MOVE B64 188
MOVE B65 205
MOVE B66 205
DAMAGE TURRET A52 1
DAMAGE COMBAT A52 2
DAMAGE COMBAT B60 1
END TURN 187
TURN 188
COMMAND LEFT START
COMMAND LEFT END
COMMAND RIGHT START
COMMAND RIGHT END
TURN 188 RESULT
TIME LEFT 0 5 RIGHT 0 5
MOVE A53 135
MOVE A54 119
MOVE A55 76
MOVE A56 58
MOVE A57 15
MOVE B37 128
MOVE B38 128
MOVE B39 128
MOVE B40 128
MOVE B42 128
MOVE B44 124
MOVE B45 144
MOVE B46 144
MOVE B47 144
MOVE B48 144
MOVE B49 144
MOVE B50 144
MOVE B52 144
MOVE B53 144
MOVE B54 124
MOVE B55 124
MOVE B56 124
MOVE B57 124
MOVE B59 128
MOVE B61 167
MOVE B62 167
MOVE B63 167
MOVE B64 162
MOVE B65 192
MOVE B66 192
END TURN 188
TURN 189
COMMAND LEFT START
MOVE A58 154
TRAIN 1
COMMAND LEFT END
COMMAND RIGHT START
MOVE B59 164
MOVE B42 164
MOVE B40 164
MOVE B39 164
MOVE B38 164
UPGRADE 164
COMMAND RIGHT END
TURN 189 RESULT
TIME LEFT 0 5 RIGHT 0 5
UPGRADE B 164
TRAIN A59
MOVE A53 164
MOVE A54 135
MOVE A55 98
MOVE A56 76
MOVE A57 25
MOVE A58 5
MOVE B38 137
MOVE B39 137
MOVE B40 137
MOVE B42 137
MOVE B44 135
MOVE B45 164
MOVE B46 164
MOVE B47 164
MOVE B48 164
MOVE B49 164
MOVE B50 164
MOVE B52 164
MOVE B53 164
MOVE B54 135
MOVE B55 135
MOVE B56 135
MOVE B57 135
MOVE B59 137
MOVE B61 153
MOVE B62 153
MOVE B63 153
MOVE B64 141
MOVE B65 173
MOVE B66 173
DAMAGE TURRET A53 2
DAMAGE TURRET B64 1
DAMAGE COMBAT A19 1
DAMAGE COMBAT A53 3
DAMAGE COMBAT A54 5
DAMAGE COMBAT B44 1
DAMAGE COMBAT B60 1
DAMAGE COMBAT B64 1
END TURN 189
TURN 190
COMMAND LEFT START
MOVE A59 154
TRAIN 1
COMMAND LEFT END
COMMAND RIGHT START
COMMAND RIGHT END
TURN 190 RESULT
TIME LEFT 0 5 RIGHT 0 5
TRAIN A60
MOVE A55 119
MOVE A56 98
MOVE A57 34
MOVE A58 15
MOVE A59 5
MOVE B38 140
MOVE B39 140
MOVE B40 140
MOVE B42 140
MOVE B44 145
MOVE B54 145
MOVE B55 145
MOVE B56 145
MOVE B57 145
MOVE B59 140
MOVE B61 137
MOVE B62 137
MOVE B63 137
MOVE B65 167
MOVE B66 167
DAMAGE TURRET B64 1
SIEGE A 141 1
END TURN 190
TURN 191
COMMAND LEFT START
COMMAND LEFT END
COMMAND RIGHT START
MOVE B60 102
COMMAND RIGHT END
TURN 191 RESULT
TIME LEFT 0 5 RIGHT 0 5
MOVE A55 135
MOVE A56 119
MOVE A57 49
MOVE A58 25
MOVE A59 15
MOVE B38 144
MOVE B39 144
MOVE B40 144
MOVE B42 144
MOVE B44 154
MOVE B54 154
MOVE B55 154
MOVE B56 154
MOVE B57 154
MOVE B59 144
MOVE B60 145
MOVE B61 128
MOVE B62 128
MOVE B63 128
MOVE B65 153
MOVE B66 153
DAMAGE TURRET B44 1
DAMAGE TURRET B64 1
SIEGE A 141 1
SIEGE A 154 5
END TURN 191
TURN 192
COMMAND LEFT START
MOVE A60 154
TRAIN 1
COMMAND LEFT END
COMMAND RIGHT START
MOVE B53 115
MOVE B52 115
MOVE B50 115
MOVE B49 115
MOVE B48 115
MOVE B47 115
MOVE B46 115
COMMAND RIGHT END
TURN 192 RESULT
TIME LEFT 0 5 RIGHT 0 5
TRAIN A61
MOVE A55 164
MOVE A56 135
MOVE A57 66
MOVE A58 34
MOVE A59 25
MOVE A60 5
MOVE B38 164
MOVE B39 164
MOVE B40 164
MOVE B42 164
MOVE B46 145
MOVE B47 145
MOVE B48 145
MOVE B49 145
MOVE B50 145
MOVE B52 145
MOVE B53 145
MOVE B59 164
MOVE B60 132
MOVE B65 137
MOVE B66 137
DAMAGE TURRET A55 2
DAMAGE TURRET B44 1
DAMAGE TURRET B64 1
DAMAGE COMBAT A55 3
DAMAGE COMBAT B43 1
SIEGE A 141 1
SIEGE A 154 1
END TURN 192
TURN 193
COMMAND LEFT START
COMMAND LEFT END
COMMAND RIGHT START
MOVE B64 164
MOVE B44 164
MOVE B54 164
MOVE B55 164
MOVE B56 164
COMMAND RIGHT END
TURN 193 RESULT
TIME LEFT 0 5 RIGHT 0 5
MOVE A56 164
MOVE A57 95
MOVE A58 49
MOVE A59 34
MOVE A60 15
MOVE B44 160
MOVE B46 130
MOVE B47 130
MOVE B48 130
MOVE B49 130
MOVE B50 130
MOVE B52 130
MOVE B53 130
MOVE B54 160
MOVE B55 160
MOVE B56 160
MOVE B60 126
MOVE B64 149
MOVE B65 128
MOVE B66 128
DAMAGE TURRET A56 2
DAMAGE COMBAT A56 3
DAMAGE COMBAT B43 1
END TURN 193
TURN 194
COMMAND LEFT START
MOVE A61 141
TRAIN 1
COMMAND LEFT END
COMMAND RIGHT START
COMMAND RIGHT END
TURN 194 RESULT
TIME LEFT 0 5 RIGHT 0 5
TRAIN A62
MOVE A57 111
MOVE A58 66
MOVE A59 49
MOVE A60 25
MOVE A61 5
MOVE B44 164
MOVE B46 115
MOVE B47 115
MOVE B48 115
MOVE B49 115
MOVE B50 115
MOVE B52 115
MOVE B53 115
MOVE B54 164
MOVE B55 164
MOVE B56 164
MOVE B60 109
MOVE B64 150
DAMAGE TURRET B46 1
DAMAGE COMBAT A15 1
DAMAGE COMBAT B46 1
SIEGE A 115 6
END TURN 194
TURN 195
COMMAND LEFT START
COMMAND LEFT END
COMMAND RIGHT START
MOVE B46 164
MOVE B47 164
MOVE B48 164
MOVE B49 164
MOVE B50 164
MOVE B52 164
MOVE B53 164
COMMAND RIGHT END
TURN 195 RESULT
TIME LEFT 0 5 RIGHT 0 5
MOVE A57 132
MOVE A58 95
MOVE A59 66
MOVE A60 34
MOVE A61 15
MOVE B46 130
MOVE B47 130
MOVE B48 130
MOVE B49 130
MOVE B50 130
MOVE B52 130
MOVE B53 130
MOVE B60 102
MOVE B64 154
END TURN 195
TURN 196
COMMAND LEFT START
COMMAND LEFT END
COMMAND RIGHT START
COMMAND RIGHT END
TURN 196 RESULT
TIME LEFT 0 5 RIGHT 0 5
MOVE A57 154
MOVE A58 111
MOVE A59 95
MOVE A60 49
MOVE A61 25
MOVE B46 145
MOVE B47 145
MOVE B48 145
MOVE B49 145
MOVE B50 145
MOVE B52 145
MOVE B53 145
MOVE B64 160
DAMAGE COMBAT A57 1
DAMAGE COMBAT B57 1
END TURN 196
TURN 197
COMMAND LEFT START
MOVE A62 141
TRAIN 1
COMMAND LEFT END
COMMAND RIGHT START
MOVE B60 164
COMMAND RIGHT END
TURN 197 RESULT
TIME LEFT 0 5 RIGHT 0 5
TRAIN A63
MOVE A58 132
MOVE A59 111
MOVE A60 66
MOVE A61 38
MOVE A62 5
MOVE B46 164
MOVE B47 164
MOVE B48 164
MOVE B49 164
MOVE B50 164
MOVE B52 164
MOVE B53 164
MOVE B60 109
MOVE B64 164
DAMAGE COMBAT A57 1
DAMAGE COMBAT B57 1
END TURN 197
TURN 198
COMMAND LEFT START
COMMAND LEFT END
COMMAND RIGHT START
MOVE B38 230
UPGRADE 230
COMMAND RIGHT END
TURN 198 RESULT
TIME LEFT 0 5 RIGHT 0 5
UPGRADE B 230
MOVE A58 154
MOVE A59 132
MOVE A60 95
MOVE A61 57
MOVE A62 15
MOVE B38 181
MOVE B60 126
DAMAGE COMBAT A57 1
DAMAGE COMBAT B57 2
END TURN 198
TURN 199
COMMAND LEFT START
COMMAND LEFT END
COMMAND RIGHT START
COMMAND RIGHT END
TURN 199 RESULT
TIME LEFT 0 5 RIGHT 0 5
MOVE A59 154
MOVE A60 111
MOVE A61 63
MOVE A62 25
MOVE B38 196
MOVE B60 132
DAMAGE COMBAT A57 1
DAMAGE COMBAT B57 2
END TURN 199
TURN 200
COMMAND LEFT START
MOVE A63 141
UPGRADE 154
TRAIN 1
COMMAND LEFT END
COMMAND RIGHT START
COMMAND RIGHT END
TURN 200 RESULT
TIME LEFT 0 5 RIGHT 0 5
UPGRADE A 154
TRAIN A64
MOVE A60 132
MOVE A61 77
MOVE A62 38
MOVE A63 5
MOVE B38 205
MOVE B60 145
END TURN 200
TURN 201
COMMAND LEFT START
COMMAND LEFT END
COMMAND RIGHT START
TRAIN 1
COMMAND RIGHT END
TURN 201 RESULT
TIME LEFT 0 5 RIGHT 0 5
TRAIN B67
MOVE A60 154
MOVE A61 93
MOVE A62 57
MOVE A63 15
MOVE B38 215
MOVE B60 164
END TURN 201
TURN 202
COMMAND LEFT START
COMMAND LEFT END
COMMAND RIGHT START
MOVE B64 115
MOVE B66 164
MOVE B65 164
MOVE B63 164
MOVE B62 164
MOVE B61 164
COMMAND RIGHT END
TURN 202 RESULT
TIME LEFT 0 5 RIGHT 0 5
MOVE A61 102
MOVE A62 63
MOVE A63 25
MOVE B38 225
MOVE B61 137
MOVE B62 137
MOVE B63 137
MOVE B64 145
MOVE B65 137
MOVE B66 137
END TURN 202
TURN 203
COMMAND LEFT START
MOVE A64 154
TRAIN 1
COMMAND LEFT END
COMMAND RIGHT START
TRAIN 2
COMMAND RIGHT END
TURN 203 RESULT
TIME LEFT 0 5 RIGHT 0 5
TRAIN A65 B68 B69
MOVE A61 129
MOVE A62 77
MOVE A63 38
MOVE A64 5
MOVE B38 230
MOVE B61 140
MOVE B62 140
MOVE B63 140
MOVE B64 130
MOVE B65 140
MOVE B66 140
END TURN 203
TURN 204
COMMAND LEFT START
COMMAND LEFT END
COMMAND RIGHT START
MOVE B69 164
MOVE B68 164
MOVE B67 164
TRAIN 2
COMMAND RIGHT END
TURN 204 RESULT
TIME LEFT 0 5 RIGHT 0 5
TRAIN B70 B71
MOVE A61 141
MOVE A62 93
MOVE A63 57
MOVE A64 15
MOVE B61 144
MOVE B62 144
MOVE B63 144
MOVE B64 115
MOVE B65 144
MOVE B66 144
MOVE B67 225
MOVE B68 225
MOVE B69 225
END TURN 204
TURN 205
COMMAND LEFT START
MOVE A65 154
TRAIN 1
COMMAND LEFT END
COMMAND RIGHT START
MOVE B60 102
MOVE B71 164
MOVE B70 164
UPGRADE 115
COMMAND RIGHT END
TURN 205 RESULT
TIME LEFT 0 5 RIGHT 0 5
UPGRADE B 115
TRAIN A66
MOVE A62 102
MOVE A63 63
MOVE A64 25
MOVE A65 5
MOVE B60 145
MOVE B61 164
MOVE B62 164
MOVE B63 164
MOVE B65 164
MOVE B66 164
MOVE B67 215
MOVE B68 215
MOVE B69 215
MOVE B70 225
MOVE B71 225
END TURN 205
TURN 206
COMMAND LEFT START
COMMAND LEFT END
COMMAND RIGHT START
MOVE B66 115
MOVE B65 115
MOVE B63 115
MOVE B62 115
MOVE B61 115
MOVE B59 115
MOVE B56 115
MOVE B55 115
MOVE B54 115
MOVE B53 115
MOVE B52 115
UPGRADE 115
COMMAND RIGHT END
TURN 206 RESULT
TIME LEFT 0 5 RIGHT 0 5
UPGRADE B 115
MOVE A62 129
MOVE A63 77
MOVE A64 34
MOVE A65 15
MOVE B52 145
MOVE B53 145
MOVE B54 145
MOVE B55 145
MOVE B56 145
MOVE B59 145
MOVE B60 132
MOVE B61 145
MOVE B62 145
MOVE B63 145
MOVE B65 145
MOVE B66 145
MOVE B67 205
MOVE B68 205
MOVE B69 205
MOVE B70 215
MOVE B71 215
END TURN 206
TURN 207
COMMAND LEFT START
MOVE A66 154
TRAIN 1
COMMAND LEFT END
COMMAND RIGHT START
MOVE B50 115
MOVE B49 115
MOVE B48 115
MOVE B47 115
MOVE B46 115
MOVE B45 115
MOVE B44 115
MOVE B43 115
COMMAND RIGHT END
TURN 207 RESULT
TIME LEFT 0 5 RIGHT 0 5
TRAIN A67
MOVE A62 141
MOVE A63 93
MOVE A64 49
MOVE A65 25
MOVE A66 5
MOVE B43 145
MOVE B44 145
MOVE B45 145
MOVE B46 145
MOVE B47 145
MOVE B48 145
MOVE B49 145
MOVE B50 145
MOVE B52 130
MOVE B53 130
MOVE B54 130
MOVE B55 130
MOVE B56 130
MOVE B59 130
MOVE B60 126
MOVE B61 130
MOVE B62 130
MOVE B63 130
MOVE B65 130
MOVE B66 130
MOVE B67 196
MOVE B68 196
MOVE B69 196
MOVE B70 205
MOVE B71 205
END TURN 207
TURN 208
COMMAND LEFT START
MOVE A62 154
COMMAND LEFT END
COMMAND RIGHT START
UPGRADE 115
COMMAND RIGHT END
TURN 208 RESULT
TIME LEFT 0 5 RIGHT 0 5
UPGRADE B 115
MOVE A62 149
MOVE A63 102
MOVE A64 66
MOVE A65 34
MOVE A66 15
MOVE B43 130
MOVE B44 130
MOVE B45 130
MOVE B46 130
MOVE B47 130
MOVE B48 130
MOVE B49 130
MOVE B50 130
MOVE B52 115
MOVE B53 115
MOVE B54 115
MOVE B55 115
MOVE B56 115
MOVE B59 115
MOVE B60 109
MOVE B61 115
MOVE B62 115
MOVE B63 115
MOVE B65 115
MOVE B66 115
MOVE B67 181
MOVE B68 181
MOVE B69 181
MOVE B70 196
MOVE B71 196
END TURN 208
TURN 209
COMMAND LEFT START
MOVE A67 154
TRAIN 1
COMMAND LEFT END
COMMAND RIGHT START
COMMAND RIGHT END
TURN 209 RESULT
TIME LEFT 0 5 RIGHT 0 5
TRAIN A68
MOVE A62 150
MOVE A63 129
MOVE A64 95
MOVE A65 49
MOVE A66 25
MOVE A67 5
MOVE B43 115
MOVE B44 115
MOVE B45 115
MOVE B46 115
MOVE B47 115
MOVE B48 115
MOVE B49 115
MOVE B50 115
MOVE B60 102
MOVE B67 164
MOVE B68 164
MOVE B69 164
MOVE B70 181
MOVE B71 181
END TURN 209
TURN 210
COMMAND LEFT START
COMMAND LEFT END
COMMAND RIGHT START
MOVE B66 141
MOVE B65 141
MOVE B64 141
MOVE B63 141
MOVE B62 141
MOVE B61 141
MOVE B59 141
MOVE B56 141
MOVE B55 141
MOVE B54 141
MOVE B53 141
MOVE B52 141
MOVE B50 141
MOVE B49 141
MOVE B48 141
MOVE B47 141
MOVE B46 141
MOVE B45 141
COMMAND RIGHT END
TURN 210 RESULT
TIME LEFT 0 5 RIGHT 0 5
MOVE A62 154
MOVE A63 141
MOVE A64 111
MOVE A65 66
MOVE A66 34
MOVE A67 15
MOVE B45 111
MOVE B46 111
MOVE B47 111
MOVE B48 111
MOVE B49 111
MOVE B50 111
MOVE B52 111
MOVE B53 111
MOVE B54 111
MOVE B55 111
MOVE B56 111
MOVE B59 111
MOVE B61 111
MOVE B62 111
MOVE B63 111
MOVE B64 111
MOVE B65 111
MOVE B66 111
MOVE B70 164
MOVE B71 164
DAMAGE COMBAT A64 5
DAMAGE COMBAT B64 1
END TURN 210
TURN 211
COMMAND LEFT START
MOVE A58 202
MOVE A59 202
MOVE A60 202
MOVE A62 202
MOVE A63 154
MOVE A68 154
TRAIN 1
COMMAND LEFT END
COMMAND RIGHT START
MOVE B39 115
MOVE B71 115
MOVE B70 115
MOVE B69 115
MOVE B68 115
UPGRADE 102
COMMAND RIGHT END
TURN 211 RESULT
TIME LEFT 0 5 RIGHT 0 5
UPGRADE B 102
TRAIN A69
MOVE A58 172
MOVE A59 172
MOVE A60 172
MOVE A62 172
MOVE A63 149
MOVE A65 95
MOVE A66 49
MOVE A67 25
MOVE A68 5
MOVE B39 145
MOVE B45 126
MOVE B46 126
MOVE B47 126
MOVE B48 126
MOVE B49 126
MOVE B50 126
MOVE B52 126
MOVE B53 126
MOVE B54 126
MOVE B55 126
MOVE B56 126
MOVE B59 126
MOVE B61 126
MOVE B62 126
MOVE B63 126
MOVE B65 126
MOVE B66 126
MOVE B68 145
MOVE B69 145
MOVE B70 145
MOVE B71 145
END TURN 211
TURN 212
COMMAND LEFT START
COMMAND LEFT END
COMMAND RIGHT START
UPGRADE 102
COMMAND RIGHT END
TURN 212 RESULT
TIME LEFT 0 5 RIGHT 2 5
UPGRADE B 102
MOVE A58 185
MOVE A59 185
MOVE A60 185
MOVE A62 185
MOVE A63 150
MOVE A65 111
MOVE A66 66
MOVE A67 34
MOVE A68 15
MOVE B39 130
MOVE B45 139
MOVE B46 139
MOVE B47 139
MOVE B48 139
MOVE B49 139
MOVE B50 139
MOVE B52 139
MOVE B53 139
MOVE B54 139
MOVE B55 139
MOVE B56 139
MOVE B59 139
MOVE B61 139
MOVE B62 139
MOVE B63 139
MOVE B65 139
MOVE B66 139
MOVE B68 130
MOVE B69 130
MOVE B70 130
MOVE B71 130
END TURN 212
TURN 213
COMMAND LEFT START
COMMAND LEFT END
COMMAND RIGHT START
TRAIN 1
COMMAND RIGHT END
TURN 213 RESULT
TIME LEFT 1 5 RIGHT 1 5
TRAIN B72
MOVE A58 202
MOVE A59 202
MOVE A60 202
MOVE A62 202
MOVE A63 154
MOVE A65 132
MOVE A66 95
MOVE A67 49
MOVE A68 25
MOVE B39 115
MOVE B45 149
MOVE B46 149
MOVE B47 149
MOVE B48 149
MOVE B49 149
MOVE B50 149
MOVE B52 149
MOVE B53 149
MOVE B54 149
MOVE B55 149
MOVE B56 149
MOVE B59 149
MOVE B61 149
MOVE B62 149
MOVE B63 149
MOVE B65 149
MOVE B66 149
MOVE B68 115
MOVE B69 115
MOVE B70 115
MOVE B71 115
DAMAGE TURRET A58 2
DAMAGE COMBAT A58 3
DAMAGE COMBAT B1 1
DAMAGE COMBAT B6 3
END TURN 213
TURN 214
COMMAND LEFT START
COMMAND LEFT END
COMMAND RIGHT START
COMMAND RIGHT END
TURN 214 RESULT
TIME LEFT 0 5 RIGHT 0 5
MOVE A65 154
MOVE A66 111
MOVE A67 66
MOVE A68 34
MOVE B45 141
MOVE B46 141
MOVE B47 141
MOVE B48 141
MOVE B49 141
MOVE B50 141
MOVE B52 141
MOVE B53 141
MOVE B54 141
MOVE B55 141
MOVE B56 141
MOVE B59 141
MOVE B61 141
MOVE B62 141
MOVE B63 141
MOVE B65 141
MOVE B66 141
DAMAGE TURRET A59 2
DAMAGE TURRET B46 1
DAMAGE COMBAT A59 2
DAMAGE COMBAT A61 5
DAMAGE COMBAT B1 3
DAMAGE COMBAT B46 1
SIEGE A 141 3
END TURN 214
TURN 215
COMMAND LEFT START
COMMAND LEFT END
COMMAND RIGHT START
MOVE B18 102
TRAIN 2
COMMAND RIGHT END
TURN 215 RESULT
TIME LEFT 0 5 RIGHT 0 5
TRAIN B73 B74
MOVE A66 132
MOVE A67 95
MOVE A68 49
MOVE B18 229
DAMAGE TURRET A59 1
DAMAGE TURRET A60 1
DAMAGE COMBAT A60 1
DAMAGE COMBAT B13 3
END TURN 215
TURN 216
COMMAND LEFT START
COMMAND LEFT END
COMMAND RIGHT START
MOVE B74 115
MOVE B73 115
TRAIN 2
COMMAND RIGHT END
TURN 216 RESULT
TIME LEFT 0 5 RIGHT 1 5
TRAIN B75 B76
MOVE A66 154
MOVE A67 111
MOVE A68 66
MOVE B18 222
MOVE B73 225
MOVE B74 225
DAMAGE TURRET A60 2
DAMAGE COMBAT A60 1
DAMAGE COMBAT B13 2
END TURN 216
TURN 217
COMMAND LEFT START
COMMAND LEFT END
COMMAND RIGHT START
MOVE B76 115
MOVE B75 115
TRAIN 2
COMMAND RIGHT END
TURN 217 RESULT
TIME LEFT 0 5 RIGHT 0 5
TRAIN B77 B78
MOVE A67 132
MOVE A68 95
MOVE B18 211
MOVE B73 215
MOVE B74 215
MOVE B75 225
MOVE B76 225
DAMAGE TURRET A62 2
SIEGE B 202 1
END TURN 217
TURN 218
COMMAND LEFT START
COMMAND LEFT END
COMMAND RIGHT START
MOVE B78 115
MOVE B77 115
TRAIN 2
COMMAND RIGHT END
TURN 218 RESULT
TIME LEFT 0 5 RIGHT 0 5
TRAIN B79 B80
MOVE A67 154
MOVE A68 111
MOVE B18 203
MOVE B73 205
MOVE B74 205
MOVE B75 215
MOVE B76 215
MOVE B77 225
MOVE B78 225
DAMAGE TURRET A62 2
SIEGE B 202 1
END TURN 218
TURN 219
COMMAND LEFT START
MOVE A63 141
MOVE A65 141
COMMAND LEFT END
COMMAND RIGHT START
MOVE B80 115
MOVE B79 115
TRAIN 2
COMMAND RIGHT END
TURN 219 RESULT
TIME LEFT 0 5 RIGHT 0 5
TRAIN B81 B82
MOVE A63 150
MOVE A65 150
MOVE A68 132
MOVE B18 188
MOVE B73 196
MOVE B74 196
MOVE B75 205
MOVE B76 205
MOVE B77 215
MOVE B78 215
MOVE B79 225
MOVE B80 225
DAMAGE TURRET A62 1
SIEGE B 202 1
END TURN 219
TURN 220
COMMAND LEFT START
COMMAND LEFT END
COMMAND RIGHT START
MOVE B35 202
MOVE B38 202
MOVE B39 202
MOVE B45 115
MOVE B46 115
MOVE B47 115
MOVE B48 115
MOVE B49 115
MOVE B50 115
MOVE B52 115
MOVE B53 115
MOVE B54 115
MOVE B55 115
MOVE B56 115
MOVE B59 115
MOVE B61 115
MOVE B62 115
MOVE B63 115
MOVE B65 115
UPGRADE 141
COMMAND RIGHT END
TURN 220 RESULT
TIME LEFT 0 5 RIGHT 0 5
UPGRADE B 141
MOVE A63 149
MOVE A65 149
MOVE A68 154
MOVE B18 163
MOVE B35 225
MOVE B38 225
MOVE B39 130
MOVE B45 149
MOVE B46 149
MOVE B47 149
MOVE B48 149
MOVE B49 149
MOVE B50 149
MOVE B52 149
MOVE B53 149
MOVE B54 149
MOVE B55 149
MOVE B56 149
MOVE B59 149
MOVE B61 149
MOVE B62 149
MOVE B63 149
MOVE B65 149
MOVE B73 181
MOVE B74 181
MOVE B75 196
MOVE B76 196
MOVE B77 205
MOVE B78 205
MOVE B79 215
MOVE B80 215
DAMAGE COMBAT A63 5
DAMAGE COMBAT A65 5
DAMAGE COMBAT B46 2
END TURN 220
TURN 221
COMMAND LEFT START
MOVE A69 154
TRAIN 1
COMMAND LEFT END
COMMAND RIGHT START
MOVE B43 202
MOVE B71 76
COMMAND RIGHT END
TURN 221 RESULT
TIME LEFT 0 5 RIGHT 0 5
TRAIN A70
MOVE A69 5
MOVE B18 149
MOVE B35 221
MOVE B38 221
MOVE B39 145
MOVE B43 130
MOVE B45 139
MOVE B47 139
MOVE B48 139
MOVE B49 139
MOVE B50 139
MOVE B52 139
MOVE B53 139
MOVE B54 139
MOVE B55 139
MOVE B56 139
MOVE B59 139
MOVE B61 139
MOVE B62 139
MOVE B63 139
MOVE B65 139
MOVE B71 100
MOVE B73 164
MOVE B74 164
MOVE B75 181
MOVE B76 181
MOVE B77 196
MOVE B78 196
MOVE B79 205
MOVE B80 205
END TURN 221
TURN 222
COMMAND LEFT START
MOVE A70 154
TRAIN 1
COMMAND LEFT END
COMMAND RIGHT START
MOVE B44 202
UPGRADE 141
COMMAND RIGHT END
TURN 222 RESULT
TIME LEFT 0 5 RIGHT 0 5
UPGRADE B 141
TRAIN A71
MOVE A69 15
MOVE A70 5
MOVE B18 129
MOVE B35 202
MOVE B38 202
MOVE B39 164
MOVE B43 145
MOVE B44 130
MOVE B45 126
MOVE B47 126
MOVE B48 126
MOVE B49 126
MOVE B50 126
MOVE B52 126
MOVE B53 126
MOVE B54 126
MOVE B55 126
MOVE B56 126
MOVE B59 126
MOVE B61 126
MOVE B62 126
MOVE B63 126
MOVE B65 126
MOVE B71 85
MOVE B73 145
MOVE B74 145
MOVE B75 164
MOVE B76 164
MOVE B77 181
MOVE B78 181
MOVE B79 196
MOVE B80 196
END TURN 222
TURN 223
COMMAND LEFT START
MOVE A71 154
TRAIN 1
COMMAND LEFT END
COMMAND RIGHT START
TRAIN 1
COMMAND RIGHT END
TURN 223 RESULT
TIME LEFT 0 5 RIGHT 0 5
TRAIN A72 B83
MOVE A69 25
MOVE A70 15
MOVE A71 5
MOVE B18 102
MOVE B39 181
MOVE B43 164
MOVE B44 145
MOVE B45 111
MOVE B47 111
MOVE B48 111
MOVE B49 111
MOVE B50 111
MOVE B52 111
MOVE B53 111
MOVE B54 111
MOVE B55 111
MOVE B56 111
MOVE B59 111
MOVE B61 111
MOVE B62 111
MOVE B63 111
MOVE B65 111
MOVE B71 76
MOVE B73 130
MOVE B74 130
MOVE B75 145
MOVE B76 145
MOVE B77 164
MOVE B78 164
MOVE B79 181
MOVE B80 181
DAMAGE TURRET B71 1
DAMAGE COMBAT A3 1
DAMAGE COMBAT B71 1
END TURN 223
TURN 224
COMMAND LEFT START
MOVE A72 154
TRAIN 1
COMMAND LEFT END
COMMAND RIGHT START
MOVE B58 141
UPGRADE 141
COMMAND RIGHT END
TURN 224 RESULT
TIME LEFT 0 5 RIGHT 0 5
UPGRADE B 141
TRAIN A73
MOVE A69 34
MOVE A70 25
MOVE A71 15
MOVE A72 5
MOVE B39 202
MOVE B43 181
MOVE B44 164
MOVE B45 115
MOVE B47 115
MOVE B48 115
MOVE B49 115
MOVE B50 115
MOVE B52 115
MOVE B53 115
MOVE B54 115
MOVE B55 115
MOVE B56 115
MOVE B58 229
MOVE B59 115
MOVE B61 115
MOVE B62 115
MOVE B63 115
MOVE B65 115
MOVE B73 115
MOVE B74 115
MOVE B75 130
MOVE B76 130
MOVE B77 145
MOVE B78 145
MOVE B79 164
MOVE B80 164
DAMAGE TURRET B71 1
DAMAGE COMBAT A3 1
DAMAGE COMBAT B71 1
END TURN 224
TURN 225
COMMAND LEFT START
MOVE A73 154
TRAIN 1
COMMAND LEFT END
COMMAND RIGHT START
MOVE B45 141
MOVE B74 154
MOVE B73 154
MOVE B70 154
MOVE B69 154
MOVE B68 154
MOVE B65 154
MOVE B63 154
MOVE B62 154
MOVE B61 154
MOVE B59 154
MOVE B56 154
MOVE B55 154
MOVE B54 154
MOVE B53 154
MOVE B52 154
MOVE B50 154
MOVE B49 154
COMMAND RIGHT END
TURN 225 RESULT
TIME LEFT 0 5 RIGHT 0 5
TRAIN A74
MOVE A69 49
MOVE A70 34
MOVE A71 25
MOVE A72 15
MOVE A73 5
MOVE B43 202
MOVE B44 181
MOVE B45 111
MOVE B49 130
MOVE B50 130
MOVE B52 130
MOVE B53 130
MOVE B54 130
MOVE B55 130
MOVE B56 130
MOVE B58 222
MOVE B59 130
MOVE B61 130
MOVE B62 130
MOVE B63 130
MOVE B65 130
MOVE B68 130
MOVE B69 130
MOVE B70 130
MOVE B73 130
MOVE B74 130
MOVE B75 115
MOVE B76 115
MOVE B77 130
MOVE B78 130
MOVE B79 145
MOVE B80 145
DAMAGE TURRET B71 1
DAMAGE COMBAT A3 1
DAMAGE COMBAT B71 1
END TURN 225
TURN 226
COMMAND LEFT START
MOVE A74 154
TRAIN 1
COMMAND LEFT END
COMMAND RIGHT START
MOVE B43 115
COMMAND RIGHT END
TURN 226 RESULT
TIME LEFT 0 5 RIGHT 0 5
TRAIN A75
MOVE A69 66
MOVE A70 49
MOVE A71 34
MOVE A72 25
MOVE A73 15
MOVE A74 5
MOVE B43 181
MOVE B44 202
MOVE B45 126
MOVE B49 145
MOVE B50 145
MOVE B52 145
MOVE B53 145
MOVE B54 145
MOVE B55 145
MOVE B56 145
MOVE B58 211
MOVE B59 145
MOVE B61 145
MOVE B62 145
MOVE B63 145
MOVE B65 145
MOVE B68 145
MOVE B69 145
MOVE B70 145
MOVE B73 145
MOVE B74 145
MOVE B77 115
MOVE B78 115
MOVE B79 130
MOVE B80 130
DAMAGE TURRET B71 1
DAMAGE COMBAT A3 1
END TURN 226
TURN 227
COMMAND LEFT START
MOVE A75 154
TRAIN 1
COMMAND LEFT END
COMMAND RIGHT START
MOVE B44 115
UPGRADE 102
COMMAND RIGHT END
TURN 227 RESULT
TIME LEFT 0 5 RIGHT 0 5
UPGRADE B 102
TRAIN A76
MOVE A69 95
MOVE A70 66
MOVE A71 49
MOVE A72 34
MOVE A73 25
MOVE A74 15
MOVE A75 5
MOVE B43 164
MOVE B44 181
MOVE B45 139
MOVE B49 154
MOVE B50 154
MOVE B52 154
MOVE B53 154
MOVE B54 154
MOVE B55 154
MOVE B56 154
MOVE B58 203
MOVE B59 154
MOVE B61 154
MOVE B62 154
MOVE B63 154
MOVE B65 154
MOVE B68 154
MOVE B69 154
MOVE B70 154
MOVE B73 154
MOVE B74 154
MOVE B79 115
MOVE B80 115
DAMAGE TURRET B49 1
DAMAGE COMBAT A57 1
DAMAGE COMBAT A66 5
DAMAGE COMBAT A67 5
DAMAGE COMBAT A68 5
DAMAGE COMBAT B49 4
SIEGE A 154 1
END TURN 227
TURN 228
COMMAND LEFT START
COMMAND LEFT END
COMMAND RIGHT START
MOVE B47 102
MOVE B80 76
COMMAND RIGHT END
TURN 228 RESULT
TIME LEFT 0 5 RIGHT 0 5
MOVE A69 111
MOVE A70 95
MOVE A71 66
MOVE A72 49
MOVE A73 34
MOVE A74 25
MOVE A75 15
MOVE B43 145
MOVE B44 164
MOVE B45 149
MOVE B47 111
MOVE B58 188
MOVE B80 100
DAMAGE TURRET B49 1
DAMAGE COMBAT A69 1
DAMAGE COMBAT B47 1
SIEGE A 154 5
END TURN 228
TURN 229
COMMAND LEFT START
COMMAND LEFT END
COMMAND RIGHT START
MOVE B50 115
MOVE B52 115
MOVE B53 115
MOVE B54 115
MOVE B55 115
MOVE B56 115
MOVE B59 115
MOVE B61 115
MOVE B62 115
MOVE B63 115
MOVE B65 115
MOVE B68 115
MOVE B69 115
MOVE B70 115
MOVE B73 115
MOVE B79 66
MOVE B78 66
MOVE B77 66
MOVE B76 66
UPGRADE 154
COMMAND RIGHT END
TURN 229 RESULT
TIME LEFT 0 5 RIGHT 0 5
UPGRADE B 154
MOVE A70 111
MOVE A71 95
MOVE A72 66
MOVE A73 49
MOVE A74 34
MOVE A75 25
MOVE B43 130
MOVE B44 145
MOVE B45 141
MOVE B50 145
MOVE B52 145
MOVE B53 145
MOVE B54 145
MOVE B55 145
MOVE B56 145
MOVE B58 162
MOVE B59 145
MOVE B61 145
MOVE B62 145
MOVE B63 145
MOVE B65 145
MOVE B68 145
MOVE B69 145
MOVE B70 145
MOVE B73 145
MOVE B76 100
MOVE B77 100
MOVE B78 100
MOVE B79 100
MOVE B80 85
DAMAGE COMBAT A69 1
DAMAGE COMBAT B47 2
END TURN 229
TURN 230
COMMAND LEFT START
COMMAND LEFT END
COMMAND RIGHT START
UPGRADE 154
COMMAND RIGHT END
TURN 230 RESULT
TIME LEFT 0 5 RIGHT 0 5
UPGRADE B 154
MOVE A71 111
MOVE A72 95
MOVE A73 66
MOVE A74 49
MOVE A75 34
MOVE B43 115
MOVE B44 130
MOVE B50 130
MOVE B52 130
MOVE B53 130
MOVE B54 130
MOVE B55 130
MOVE B56 130
MOVE B58 141
MOVE B59 130
MOVE B61 130
MOVE B62 130
MOVE B63 130
MOVE B65 130
MOVE B68 130
MOVE B69 130
MOVE B70 130
MOVE B73 130
MOVE B76 85
MOVE B77 85
MOVE B78 85
MOVE B79 85
MOVE B80 76
DAMAGE TURRET B80 1
DAMAGE COMBAT A69 1
DAMAGE COMBAT B47 3
SIEGE A 76 1
END TURN 230
TURN 231
COMMAND LEFT START
COMMAND LEFT END
COMMAND RIGHT START
MOVE B80 89
TRAIN 2
COMMAND RIGHT END
TURN 231 RESULT
TIME LEFT 0 5 RIGHT 0 5
TRAIN B84 B85
MOVE A69 132
MOVE A70 132
MOVE A71 132
MOVE A72 111
MOVE A73 95
MOVE A74 66
MOVE A75 49
MOVE B44 115
MOVE B50 115
MOVE B52 115
MOVE B53 115
MOVE B54 115
MOVE B55 115
MOVE B56 115
MOVE B59 115
MOVE B61 115
MOVE B62 115
MOVE B63 115
MOVE B65 115
MOVE B68 115
MOVE B69 115
MOVE B70 115
MOVE B73 115
MOVE B76 66
MOVE B77 66
MOVE B78 66
MOVE B79 66
MOVE B80 80
DAMAGE TURRET B76 1
DAMAGE COMBAT A2 4
DAMAGE COMBAT B76 2
END TURN 231
TURN 232
COMMAND LEFT START
COMMAND LEFT END
COMMAND RIGHT START
MOVE B43 154
MOVE B72 102
MOVE B85 115
COMMAND RIGHT END
TURN 232 RESULT
TIME LEFT 0 5 RIGHT 0 5
MOVE A69 154
MOVE A70 154
MOVE A71 154
MOVE A72 132
MOVE A73 111
MOVE A75 66
MOVE B43 130
MOVE B72 229
MOVE B80 81
MOVE B85 225
DAMAGE TURRET A69 1
DAMAGE TURRET B76 1
DAMAGE COMBAT A69 1
DAMAGE COMBAT A74 4
DAMAGE COMBAT B74 3
DAMAGE COMBAT B76 2
END TURN 232
TURN 233
COMMAND LEFT START
COMMAND LEFT END
COMMAND RIGHT START
MOVE B75 57
MOVE B73 76
MOVE B70 76
MOVE B69 76
MOVE B68 76
MOVE B65 76
MOVE B63 76
MOVE B62 76
MOVE B61 76
MOVE B59 76
MOVE B56 76
MOVE B55 76
MOVE B54 76
MOVE B53 76
MOVE B52 76
MOVE B50 76
COMMAND RIGHT END
TURN 233 RESULT
TIME LEFT 0 5 RIGHT 0 5
MOVE A72 154
MOVE A73 132
MOVE B43 145
MOVE B50 100
MOVE B52 100
MOVE B53 100
MOVE B54 100
MOVE B55 100
MOVE B56 100
MOVE B59 100
MOVE B61 100
MOVE B62 100
MOVE B63 100
MOVE B65 100
MOVE B68 100
MOVE B69 100
MOVE B70 100
MOVE B72 222
MOVE B73 100
MOVE B75 100
MOVE B80 89
MOVE B85 215
DAMAGE TURRET A70 1
DAMAGE TURRET B76 1
DAMAGE COMBAT A70 1
DAMAGE COMBAT A74 1
DAMAGE COMBAT A75 3
DAMAGE COMBAT B74 3
DAMAGE COMBAT B77 2
END TURN 233
TURN 234
COMMAND LEFT START
COMMAND LEFT END
COMMAND RIGHT START
MOVE B40 154
MOVE B42 154
MOVE B45 154
MOVE B58 154
MOVE B28 164
TRAIN 2
COMMAND RIGHT END
TURN 234 RESULT
TIME LEFT 0 5 RIGHT 0 5
TRAIN B86 B87
MOVE A73 154
MOVE B28 101
MOVE B40 160
MOVE B42 160
MOVE B43 154
MOVE B45 149
MOVE B50 85
MOVE B52 85
MOVE B53 85
MOVE B54 85
MOVE B55 85
MOVE B56 85
MOVE B58 149
MOVE B59 85
MOVE B61 85
MOVE B62 85
MOVE B63 85
MOVE B65 85
MOVE B68 85
MOVE B69 85
MOVE B70 85
MOVE B72 211
MOVE B73 85
MOVE B75 95
MOVE B85 205
DAMAGE TURRET A70 1
DAMAGE TURRET B77 1
DAMAGE COMBAT A70 2
DAMAGE COMBAT A75 2
DAMAGE COMBAT B43 3
DAMAGE COMBAT B74 1
DAMAGE COMBAT B77 1
SIEGE A 66 1
END TURN 234
TURN 235
COMMAND LEFT START
COMMAND LEFT END
COMMAND RIGHT START
MOVE B81 141
MOVE B82 141
MOVE B77 164
TRAIN 2
COMMAND RIGHT END
TURN 235 RESULT
TIME LEFT 0 5 RIGHT 0 5
TRAIN B88 B89
MOVE B28 121
MOVE B40 154
MOVE B42 154
MOVE B45 150
MOVE B50 76
MOVE B52 76
MOVE B53 76
MOVE B54 76
MOVE B55 76
MOVE B56 76
MOVE B58 150
MOVE B59 76
MOVE B61 76
MOVE B62 76
MOVE B63 76
MOVE B65 76
MOVE B68 76
MOVE B69 76
MOVE B70 76
MOVE B72 203
MOVE B73 76
MOVE B75 86
MOVE B77 85
MOVE B81 229
MOVE B82 229
MOVE B85 196
DAMAGE TURRET A71 1
DAMAGE TURRET B50 1
DAMAGE TURRET B78 1
DAMAGE COMBAT A71 2
DAMAGE COMBAT B40 3
SIEGE A 66 2
SIEGE A 76 11
END TURN 235
TURN 236
COMMAND LEFT START
COMMAND LEFT END
COMMAND RIGHT START
MOVE B50 115
MOVE B52 115
MOVE B53 115
MOVE B54 115
MOVE B55 115
MOVE B56 115
MOVE B59 115
MOVE B61 115
MOVE B62 115
MOVE B63 115
MOVE B65 115
MOVE B68 115
MOVE B69 115
MOVE B70 115
UPGRADE 76
TRAIN 1
COMMAND RIGHT END
TURN 236 RESULT
TIME LEFT 0 5 RIGHT 0 5
UPGRADE B 76
TRAIN B90
MOVE B28 124
MOVE B45 154
MOVE B50 85
MOVE B52 85
MOVE B53 85
MOVE B54 85
MOVE B55 85
MOVE B56 85
MOVE B58 154
MOVE B59 85
MOVE B61 85
MOVE B62 85
MOVE B63 85
MOVE B65 85
MOVE B68 85
MOVE B69 85
MOVE B70 85
MOVE B72 188
MOVE B75 73
MOVE B77 98
MOVE B81 222
MOVE B82 222
MOVE B85 181
DAMAGE TURRET A71 1
DAMAGE TURRET B78 1
DAMAGE COMBAT A71 1
DAMAGE COMBAT A72 3
DAMAGE COMBAT B40 3
SIEGE A 66 2
END TURN 236
TURN 237
COMMAND LEFT START
COMMAND LEFT END
COMMAND RIGHT START
UPGRADE 76
COMMAND RIGHT END
TURN 237 RESULT
TIME LEFT 0 5 RIGHT 0 5
UPGRADE B 76
MOVE B28 144
MOVE B50 100
MOVE B52 100
MOVE B53 100
MOVE B54 100
MOVE B55 100
MOVE B56 100
MOVE B59 100
MOVE B61 100
MOVE B62 100
MOVE B63 100
MOVE B65 100
MOVE B68 100
MOVE B69 100
MOVE B70 100
MOVE B72 163
MOVE B75 57
MOVE B77 119
MOVE B81 211
MOVE B82 211
MOVE B85 164
DAMAGE TURRET A72 1
DAMAGE TURRET B78 1
DAMAGE COMBAT A72 1
DAMAGE COMBAT A73 2
DAMAGE COMBAT B42 2
SIEGE A 66 1
END TURN 237
TURN 238
COMMAND LEFT START
COMMAND LEFT END
COMMAND RIGHT START
MOVE B83 76
MOVE B75 115
MOVE B78 115
MOVE B90 115
MOVE B89 115
UPGRADE 66
COMMAND RIGHT END
TURN 238 RESULT
TIME LEFT 0 5 RIGHT 0 5
UPGRADE B 66
MOVE B28 164
MOVE B50 115
MOVE B52 115
MOVE B53 115
MOVE B54 115
MOVE B55 115
MOVE B56 115
MOVE B59 115
MOVE B61 115
MOVE B62 115
MOVE B63 115
MOVE B65 115
MOVE B68 115
MOVE B69 115
MOVE B70 115
MOVE B72 149
MOVE B75 73
MOVE B77 135
MOVE B78 85
MOVE B81 203
MOVE B82 203
MOVE B83 225
MOVE B85 145
MOVE B89 225
MOVE B90 225
DAMAGE TURRET A73 1
DAMAGE COMBAT A73 2
DAMAGE COMBAT B42 1
END TURN 238
TURN 239
COMMAND LEFT START
COMMAND LEFT END
COMMAND RIGHT START
MOVE B70 57
COMMAND RIGHT END
TURN 239 RESULT
TIME LEFT 0 5 RIGHT 0 5
MOVE B70 100
MOVE B72 129
MOVE B75 86
MOVE B77 164
MOVE B78 100
MOVE B81 188
MOVE B82 188
MOVE B83 215
MOVE B85 130
MOVE B89 215
MOVE B90 215
END TURN 239
TURN 240
COMMAND LEFT START
COMMAND LEFT END
COMMAND RIGHT START
MOVE B69 28
MOVE B68 28
MOVE B65 28
MOVE B63 28
MOVE B62 28
MOVE B61 28
MOVE B59 28
MOVE B56 28
MOVE B55 28
MOVE B54 28
MOVE B53 28
MOVE B52 28
MOVE B50 28
COMMAND RIGHT END
TURN 240 RESULT
TIME LEFT 0 5 RIGHT 0 5
MOVE B50 100
MOVE B52 100
MOVE B53 100
MOVE B54 100
MOVE B55 100
MOVE B56 100
MOVE B59 100
MOVE B61 100
MOVE B62 100
MOVE B63 100
MOVE B65 100
MOVE B68 100
MOVE B69 100
MOVE B70 95
MOVE B72 102
MOVE B75 95
MOVE B78 115
MOVE B81 162
MOVE B82 162
MOVE B83 205
MOVE B85 115
MOVE B89 205
MOVE B90 205
END TURN 240
TURN 241
COMMAND LEFT START
COMMAND LEFT END
COMMAND RIGHT START
COMMAND RIGHT END
TURN 241 RESULT
TIME LEFT 0 5 RIGHT 0 5
MOVE B50 85
MOVE B52 85
MOVE B53 85
MOVE B54 85
MOVE B55 85
MOVE B56 85
MOVE B59 85
MOVE B61 85
MOVE B62 85
MOVE B63 85
MOVE B65 85
MOVE B68 85
MOVE B69 85
MOVE B70 86
MOVE B75 100
MOVE B81 141
MOVE B82 141
MOVE B83 196
MOVE B89 196
MOVE B90 196
END TURN 241
TURN 242
COMMAND LEFT START
COMMAND LEFT END
COMMAND RIGHT START
COMMAND RIGHT END
TURN 242 RESULT
TIME LEFT 0 5 RIGHT 0 5
MOVE B50 66
MOVE B52 66
MOVE B53 66
MOVE B54 66
MOVE B55 66
MOVE B56 66
MOVE B59 66
MOVE B61 66
MOVE B62 66
MOVE B63 66
MOVE B65 66
MOVE B68 66
MOVE B69 66
MOVE B70 73
MOVE B75 115
MOVE B83 181
MOVE B89 181
MOVE B90 181
END TURN 242
TURN 243
COMMAND LEFT START
COMMAND LEFT END
COMMAND RIGHT START
COMMAND RIGHT END
TURN 243 RESULT
TIME LEFT 0 5 RIGHT 0 5
MOVE B50 49
MOVE B52 49
MOVE B53 49
MOVE B54 49
MOVE B55 49
MOVE B56 49
MOVE B59 49
MOVE B61 49
MOVE B62 49
MOVE B63 49
MOVE B65 49
MOVE B68 49
MOVE B69 49
MOVE B70 57
MOVE B83 164
MOVE B89 164
MOVE B90 164
END TURN 243
TURN 244
COMMAND LEFT START
COMMAND LEFT END
COMMAND RIGHT START
TRAIN 2
COMMAND RIGHT END
TURN 244 RESULT
TIME LEFT 0 5 RIGHT 0 5
TRAIN B91 B92
MOVE B50 28
MOVE B52 28
MOVE B53 28
MOVE B54 28
MOVE B55 28
MOVE B56 28
MOVE B59 28
MOVE B61 28
MOVE B62 28
MOVE B63 28
MOVE B65 28
MOVE B68 28
MOVE B69 28
MOVE B83 135
MOVE B89 145
MOVE B90 145
DAMAGE TURRET B50 1
DAMAGE COMBAT A1 4
DAMAGE COMBAT B50 1
SIEGE A 28 6
END TURN 244
TURN 245
COMMAND LEFT START
COMMAND LEFT END
COMMAND RIGHT START
MOVE B50 115
MOVE B52 115
MOVE B53 115
MOVE B54 115
MOVE B55 115
MOVE B56 115
MOVE B59 115
MOVE B61 115
MOVE B62 115
MOVE B63 115
MOVE B65 115
MOVE B68 115
MOVE B69 115
TRAIN 2
COMMAND RIGHT END
TURN 245 RESULT
TIME LEFT 0 5 RIGHT 0 5
TRAIN B93 B94
MOVE B50 49
MOVE B52 49
MOVE B53 49
MOVE B54 49
MOVE B55 49
MOVE B56 49
MOVE B59 49
MOVE B61 49
MOVE B62 49
MOVE B63 49
MOVE B65 49
MOVE B68 49
MOVE B69 49
MOVE B83 119
MOVE B89 130
MOVE B90 130
END TURN 245
TURN 246
COMMAND LEFT START
MOVE A76 28
TRAIN 1
COMMAND LEFT END
COMMAND RIGHT START
TRAIN 2
COMMAND RIGHT END
TURN 246 RESULT
TIME LEFT 0 5 RIGHT 0 5
TRAIN A77 B95 B96
MOVE A76 5
MOVE B50 66
MOVE B52 66
MOVE B53 66
MOVE B54 66
MOVE B55 66
MOVE B56 66
MOVE B59 66
MOVE B61 66
MOVE B62 66
MOVE B63 66
MOVE B65 66
MOVE B68 66
MOVE B69 66
MOVE B83 98
MOVE B89 115
MOVE B90 115
END TURN 246
TURN 247
COMMAND LEFT START
COMMAND LEFT END
COMMAND RIGHT START
TRAIN 2
COMMAND RIGHT END
TURN 247 RESULT
TIME LEFT 0 5 RIGHT 0 5
TRAIN B97 B98
MOVE A76 9
MOVE B50 85
MOVE B52 85
MOVE B53 85
MOVE B54 85
MOVE B55 85
MOVE B56 85
MOVE B59 85
MOVE B61 85
MOVE B62 85
MOVE B63 85
MOVE B65 85
MOVE B68 85
MOVE B69 85
MOVE B83 76
END TURN 247
TURN 248
COMMAND LEFT START
COMMAND LEFT END
COMMAND RIGHT START
UPGRADE 230
COMMAND RIGHT END
TURN 248 RESULT
TIME LEFT 0 5 RIGHT 0 5
UPGRADE B 230
MOVE A76 28
MOVE B50 100
MOVE B52 100
MOVE B53 100
MOVE B54 100
MOVE B55 100
MOVE B56 100
MOVE B59 100
MOVE B61 100
MOVE B62 100
MOVE B63 100
MOVE B65 100
MOVE B68 100
MOVE B69 100
END TURN 248
TURN 249
COMMAND LEFT START
COMMAND LEFT END
COMMAND RIGHT START
MOVE B78 28
MOVE B85 28
MOVE B89 28
MOVE B90 28
MOVE B58 28
MOVE B98 115
MOVE B97 115
MOVE B96 115
MOVE B95 115
MOVE B94 115
MOVE B93 115
MOVE B92 115
COMMAND RIGHT END
TURN 249 RESULT
TIME LEFT 0 5 RIGHT 0 5
MOVE B50 115
MOVE B52 115
MOVE B53 115
MOVE B54 115
MOVE B55 115
MOVE B56 115
MOVE B58 132
MOVE B59 115
MOVE B61 115
MOVE B62 115
MOVE B63 115
MOVE B65 115
MOVE B68 115
MOVE B69 115
MOVE B78 100
MOVE B85 100
MOVE B89 100
MOVE B90 100
MOVE B92 225
MOVE B93 225
MOVE B94 225
MOVE B95 225
MOVE B96 225
MOVE B97 225
MOVE B98 225
END TURN 249
TURN 250
COMMAND LEFT START
COMMAND LEFT END
COMMAND RIGHT START
UPGRADE 57
COMMAND RIGHT END
TURN 250 RESULT
TIME LEFT 0 5 RIGHT 0 5
UPGRADE B 57
MOVE B58 111
MOVE B78 85
MOVE B85 85
MOVE B89 85
MOVE B90 85
MOVE B92 215
MOVE B93 215
MOVE B94 215
MOVE B95 215
MOVE B96 215
MOVE B97 215
MOVE B98 215
END TURN 250
TURN 251
COMMAND LEFT START
COMMAND LEFT END
COMMAND RIGHT START
UPGRADE 66
COMMAND RIGHT END
TURN 251 RESULT
TIME LEFT 0 5 RIGHT 0 5
UPGRADE B 66
MOVE B58 95
MOVE B78 66
MOVE B85 66
MOVE B89 66
MOVE B90 66
MOVE B92 205
MOVE B93 205
MOVE B94 205
MOVE B95 205
MOVE B96 205
MOVE B97 205
MOVE B98 205
END TURN 251
TURN 252
COMMAND LEFT START
COMMAND LEFT END
COMMAND RIGHT START
MOVE B44 66
UPGRADE 57
COMMAND RIGHT END
TURN 252 RESULT
TIME LEFT 0 5 RIGHT 0 5
UPGRADE B 57
MOVE B44 100
MOVE B58 66
MOVE B78 49
MOVE B85 49
MOVE B89 49
MOVE B90 49
MOVE B92 196
MOVE B93 196
MOVE B94 196
MOVE B95 196
MOVE B96 196
MOVE B97 196
MOVE B98 196
END TURN 252
TURN 253
COMMAND LEFT START
MOVE A76 0
COMMAND LEFT END
COMMAND RIGHT START
MOVE B48 57
UPGRADE 154
COMMAND RIGHT END
TURN 253 RESULT
TIME LEFT 0 5 RIGHT 0 5
UPGRADE B 154
MOVE A76 9
MOVE B44 85
MOVE B48 100
MOVE B58 49
MOVE B78 28
MOVE B85 28
MOVE B89 28
MOVE B90 28
MOVE B92 181
MOVE B93 181
MOVE B94 181
MOVE B95 181
MOVE B96 181
MOVE B97 181
MOVE B98 181
END TURN 253
TURN 254
COMMAND LEFT START
COMMAND LEFT END
COMMAND RIGHT START
MOVE B50 154
MOVE B78 115
MOVE B85 115
MOVE B89 115
COMMAND RIGHT END
TURN 254 RESULT
TIME LEFT 0 5 RIGHT 0 5
MOVE A76 5
MOVE B44 66
MOVE B48 95
MOVE B50 130
MOVE B58 28
MOVE B78 49
MOVE B85 49
MOVE B89 49
MOVE B92 164
MOVE B93 164
MOVE B94 164
MOVE B95 164
MOVE B96 164
MOVE B97 164
MOVE B98 164
END TURN 254
TURN 255
COMMAND LEFT START
COMMAND LEFT END
COMMAND RIGHT START
MOVE B58 115
UPGRADE 28
COMMAND RIGHT END
TURN 255 RESULT
TIME LEFT 0 5 RIGHT 0 5
UPGRADE B 28
MOVE A76 0
MOVE B48 86
MOVE B50 145
MOVE B58 49
MOVE B78 66
MOVE B85 66
MOVE B89 66
MOVE B92 145
MOVE B93 145
MOVE B94 145
MOVE B95 145
MOVE B96 145
MOVE B97 145
MOVE B98 145
END TURN 255
TURN 256
COMMAND LEFT START
MOVE A76 28
MOVE A77 28
TRAIN 1
COMMAND LEFT END
COMMAND RIGHT START
MOVE B75 36
COMMAND RIGHT END
TURN 256 RESULT
TIME LEFT 0 5 RIGHT 0 5
TRAIN A78
MOVE A76 5
MOVE A77 5
MOVE B48 73
MOVE B50 154
MOVE B58 66
MOVE B75 100
MOVE B78 85
MOVE B85 85
MOVE B89 85
MOVE B92 130
MOVE B93 130
MOVE B94 130
MOVE B95 130
MOVE B96 130
MOVE B97 130
MOVE B98 130
END TURN 256
TURN 257
COMMAND LEFT START
COMMAND LEFT END
COMMAND RIGHT START
UPGRADE 28
COMMAND RIGHT END
TURN 257 RESULT
TIME LEFT 0 5 RIGHT 0 5
UPGRADE B 28
MOVE A76 9
MOVE A77 9
MOVE B48 57
MOVE B58 85
MOVE B75 95
MOVE B78 100
MOVE B85 100
MOVE B89 100
MOVE B92 115
MOVE B93 115
MOVE B94 115
MOVE B95 115
MOVE B96 115
MOVE B97 115
MOVE B98 115
END TURN 257
TURN 258
COMMAND LEFT START
COMMAND LEFT END
COMMAND RIGHT START
MOVE B52 28
UPGRADE 76
COMMAND RIGHT END
TURN 258 RESULT
TIME LEFT 0 5 RIGHT 0 5
UPGRADE B 76
MOVE A76 28
MOVE A77 28
MOVE B52 100
MOVE B58 100
MOVE B75 86
MOVE B78 115
MOVE B85 115
MOVE B89 115
DAMAGE TURRET A76 1
DAMAGE COMBAT A76 1
DAMAGE COMBAT B90 2
END TURN 258
TURN 259
COMMAND LEFT START
MOVE A76 0
MOVE A77 0
COMMAND LEFT END
COMMAND RIGHT START
MOVE B53 76
UPGRADE 66
COMMAND RIGHT END
TURN 259 RESULT
TIME LEFT 0 5 RIGHT 0 5
UPGRADE B 66
MOVE B52 85
MOVE B53 100
MOVE B58 115
MOVE B75 73
DAMAGE TURRET A76 1
DAMAGE COMBAT A76 1
DAMAGE COMBAT B90 2
END TURN 259
TURN 260
COMMAND LEFT START
COMMAND LEFT END
COMMAND RIGHT START
MOVE B54 66
UPGRADE 57
COMMAND RIGHT END
TURN 260 RESULT
TIME LEFT 0 5 RIGHT 0 5
UPGRADE B 57
MOVE B52 66
MOVE B53 85
MOVE B54 100
MOVE B75 63
DAMAGE TURRET A76 1
DAMAGE COMBAT A77 1
DAMAGE COMBAT B90 2
END TURN 260
TURN 261
COMMAND LEFT START
COMMAND LEFT END
COMMAND RIGHT START
MOVE B55 57
TRAIN 3
COMMAND RIGHT END
TURN 261 RESULT
TIME LEFT 0 5 RIGHT 0 5
TRAIN B99 B100 B101
MOVE B52 49
MOVE B53 76
MOVE B54 85
MOVE B55 100
MOVE B75 52
DAMAGE TURRET A77 1
DAMAGE COMBAT A77 1
DAMAGE COMBAT B90 1
END TURN 261
TURN 262
COMMAND LEFT START
COMMAND LEFT END
COMMAND RIGHT START
MOVE B101 115
MOVE B100 115
MOVE B99 115
TRAIN 1
COMMAND RIGHT END
TURN 262 RESULT
TIME LEFT 0 5 RIGHT 0 5
TRAIN B102
MOVE A77 9
MOVE B52 28
MOVE B54 66
MOVE B55 95
MOVE B75 41
MOVE B99 225
MOVE B100 225
MOVE B101 225
END TURN 262
TURN 263
COMMAND LEFT START
COMMAND LEFT END
COMMAND RIGHT START
MOVE B56 28
MOVE B102 115
TRAIN 3
COMMAND RIGHT END
TURN 263 RESULT
TIME LEFT 0 5 RIGHT 0 5
TRAIN B103 B104 B105
MOVE A77 5
MOVE B55 86
MOVE B56 100
MOVE B75 36
MOVE B99 215
MOVE B100 215
MOVE B101 215
MOVE B102 225
END TURN 263
TURN 264
COMMAND LEFT START
COMMAND LEFT END
COMMAND RIGHT START
MOVE B105 115
MOVE B104 115
MOVE B103 115
UPGRADE 36
TRAIN 2
COMMAND RIGHT END
TURN 264 RESULT
TIME LEFT 0 5 RIGHT 0 5
UPGRADE B 36
TRAIN B106 B107
MOVE A77 0
MOVE B55 73
MOVE B56 85
MOVE B99 205
MOVE B100 205
MOVE B101 205
MOVE B102 215
MOVE B103 225
MOVE B104 225
MOVE B105 225
END TURN 264
TURN 265
COMMAND LEFT START
MOVE A78 28
COMMAND LEFT END
COMMAND RIGHT START
MOVE B107 115
MOVE B106 115
TRAIN 3
COMMAND RIGHT END
TURN 265 RESULT
TIME LEFT 0 5 RIGHT 0 5
TRAIN B108 B109 B110
MOVE A78 5
MOVE B55 57
MOVE B56 66
MOVE B99 196
MOVE B100 196
MOVE B101 196
MOVE B102 205
MOVE B103 215
MOVE B104 215
MOVE B105 215
MOVE B106 225
MOVE B107 225
END TURN 265
TURN 266
COMMAND LEFT START
COMMAND LEFT END
COMMAND RIGHT START
MOVE B110 115
MOVE B109 115
MOVE B108 115
TRAIN 3
COMMAND RIGHT END
TURN 266 RESULT
TIME LEFT 0 5 RIGHT 0 5
TRAIN B111 B112 B113
MOVE A78 9
MOVE B56 49
MOVE B99 181
MOVE B100 181
MOVE B101 181
MOVE B102 196
MOVE B103 205
MOVE B104 205
MOVE B105 205
MOVE B106 215
MOVE B107 215
MOVE B108 225
MOVE B109 225
MOVE B110 225
END TURN 266
TURN 267
COMMAND LEFT START
COMMAND LEFT END
COMMAND RIGHT START
MOVE B113 115
MOVE B112 115
MOVE B111 115
TRAIN 3
COMMAND RIGHT END
TURN 267 RESULT
TIME LEFT 0 5 RIGHT 0 5
TRAIN B114 B115 B116
MOVE A78 28
MOVE B56 28
MOVE B99 164
MOVE B100 164
MOVE B101 164
MOVE B102 181
MOVE B103 196
MOVE B104 196
MOVE B105 196
MOVE B106 205
MOVE B107 205
MOVE B108 215
MOVE B109 215
MOVE B110 215
MOVE B111 225
MOVE B112 225
MOVE B113 225
DAMAGE TURRET A78 1
DAMAGE COMBAT A78 2
DAMAGE COMBAT B52 1
END TURN 267
TURN 268
COMMAND LEFT START
MOVE A78 0
COMMAND LEFT END
COMMAND RIGHT START
MOVE B116 115
MOVE B115 115
MOVE B114 115
TRAIN 3
COMMAND RIGHT END
TURN 268 RESULT
TIME LEFT 0 5 RIGHT 0 5
TRAIN B117 B118 B119
MOVE B99 145
MOVE B100 145
MOVE B101 145
MOVE B102 164
MOVE B103 181
MOVE B104 181
MOVE B105 181
MOVE B106 196
MOVE B107 196
MOVE B108 205
MOVE B109 205
MOVE B110 205
MOVE B111 215
MOVE B112 215
MOVE B113 215
MOVE B114 225
MOVE B115 225
MOVE B116 225
DAMAGE TURRET A78 1
DAMAGE COMBAT A78 1
DAMAGE COMBAT B52 1
END TURN 268
TURN 269
COMMAND LEFT START
MOVE A77 28
TRAIN 1
COMMAND LEFT END
COMMAND RIGHT START
MOVE B119 115
MOVE B118 115
MOVE B117 115
TRAIN 3
COMMAND RIGHT END
TURN 269 RESULT
TIME LEFT 0 5 RIGHT 0 5
TRAIN A79 B120 B121 B122
MOVE A77 5
MOVE B99 130
MOVE B100 130
MOVE B101 130
MOVE B102 145
MOVE B103 164
MOVE B104 164
MOVE B105 164
MOVE B106 181
MOVE B107 181
MOVE B108 196
MOVE B109 196
MOVE B110 196
MOVE B111 205
MOVE B112 205
MOVE B113 205
MOVE B114 215
MOVE B115 215
MOVE B116 215
MOVE B117 225
MOVE B118 225
MOVE B119 225
END TURN 269
TURN 270
COMMAND LEFT START
COMMAND LEFT END
COMMAND RIGHT START
MOVE B122 115
MOVE B121 115
MOVE B120 115
TRAIN 3
COMMAND RIGHT END
TURN 270 RESULT
TIME LEFT 0 5 RIGHT 0 5
TRAIN B123 B124 B125
MOVE A77 9
MOVE B99 115
MOVE B100 115
MOVE B101 115
MOVE B102 130
MOVE B103 145
MOVE B104 145
MOVE B105 145
MOVE B106 164
MOVE B107 164
MOVE B108 181
MOVE B109 181
MOVE B110 181
MOVE B111 196
MOVE B112 196
MOVE B113 196
MOVE B114 205
MOVE B115 205
MOVE B116 205
MOVE B117 215
MOVE B118 215
MOVE B119 215
MOVE B120 225
MOVE B121 225
MOVE B122 225
END TURN 270
TURN 271
COMMAND LEFT START
COMMAND LEFT END
COMMAND RIGHT START
MOVE B125 115
MOVE B124 115
MOVE B123 115
TRAIN 3
COMMAND RIGHT END
TURN 271 RESULT
TIME LEFT 0 5 RIGHT 0 5
TRAIN B126 B127 B128
MOVE A77 28
MOVE B102 115
MOVE B103 130
MOVE B104 130
MOVE B105 130
MOVE B106 145
MOVE B107 145
MOVE B108 164
MOVE B109 164
MOVE B110 164
MOVE B111 181
MOVE B112 181
MOVE B113 181
MOVE B114 196
MOVE B115 196
MOVE B116 196
MOVE B117 205
MOVE B118 205
MOVE B119 205
MOVE B120 215
MOVE B121 215
MOVE B122 215
MOVE B123 225
MOVE B124 225
MOVE B125 225
DAMAGE TURRET A77 1
DAMAGE COMBAT A77 1
DAMAGE COMBAT B52 1
END TURN 271
TURN 272
COMMAND LEFT START
COMMAND LEFT END
COMMAND RIGHT START
MOVE B128 115
MOVE B127 115
MOVE B126 115
TRAIN 3
COMMAND RIGHT END
TURN 272 RESULT
TIME LEFT 0 5 RIGHT 0 5
TRAIN B129 B130 B131
MOVE B103 115
MOVE B104 115
MOVE B105 115
MOVE B106 130
MOVE B107 130
MOVE B108 145
MOVE B109 145
MOVE B110 145
MOVE B111 164
MOVE B112 164
MOVE B113 164
MOVE B114 181
MOVE B115 181
MOVE B116 181
MOVE B117 196
MOVE B118 196
MOVE B119 196
MOVE B120 205
MOVE B121 205
MOVE B122 205
MOVE B123 215
MOVE B124 215
MOVE B125 215
MOVE B126 225
MOVE B127 225
MOVE B128 225
END TURN 272
TURN 273
COMMAND LEFT START
COMMAND LEFT END
COMMAND RIGHT START
MOVE B131 115
MOVE B130 115
MOVE B129 115
TRAIN 3
COMMAND RIGHT END
TURN 273 RESULT
TIME LEFT 0 5 RIGHT 0 5
TRAIN B132 B133 B134
MOVE B106 115
MOVE B107 115
MOVE B108 130
MOVE B109 130
MOVE B110 130
MOVE B111 145
MOVE B112 145
MOVE B113 145
MOVE B114 164
MOVE B115 164
MOVE B116 164
MOVE B117 181
MOVE B118 181
MOVE B119 181
MOVE B120 196
MOVE B121 196
MOVE B122 196
MOVE B123 205
MOVE B124 205
MOVE B125 205
MOVE B126 215
MOVE B127 215
MOVE B128 215
MOVE B129 225
MOVE B130 225
MOVE B131 225
END TURN 273
TURN 274
COMMAND LEFT START
COMMAND LEFT END
COMMAND RIGHT START
MOVE B134 115
MOVE B133 115
MOVE B132 115
TRAIN 3
COMMAND RIGHT END
TURN 274 RESULT
TIME LEFT 0 5 RIGHT 0 5
TRAIN B135 B136 B137
MOVE B108 115
MOVE B109 115
MOVE B110 115
MOVE B111 130
MOVE B112 130
MOVE B113 130
MOVE B114 145
MOVE B115 145
MOVE B116 145
MOVE B117 164
MOVE B118 164
MOVE B119 164
MOVE B120 181
MOVE B121 181
MOVE B122 181
MOVE B123 196
MOVE B124 196
MOVE B125 196
MOVE B126 205
MOVE B127 205
MOVE B128 205
MOVE B129 215
MOVE B130 215
MOVE B131 215
MOVE B132 225
MOVE B133 225
MOVE B134 225
END TURN 274
TURN 275
COMMAND LEFT START
COMMAND LEFT END
COMMAND RIGHT START
MOVE B137 115
MOVE B136 115
MOVE B135 115
TRAIN 3
COMMAND RIGHT END
TURN 275 RESULT
TIME LEFT 0 5 RIGHT 0 5
TRAIN B138 B139 B140
MOVE B111 115
MOVE B112 115
MOVE B113 115
MOVE B114 130
MOVE B115 130
MOVE B116 130
MOVE B117 145
MOVE B118 145
MOVE B119 145
MOVE B120 164
MOVE B121 164
MOVE B122 164
MOVE B123 181
MOVE B124 181
MOVE B125 181
MOVE B126 196
MOVE B127 196
MOVE B128 196
MOVE B129 205
MOVE B130 205
MOVE B131 205
MOVE B132 215
MOVE B133 215
MOVE B134 215
MOVE B135 225
MOVE B136 225
MOVE B137 225
END TURN 275
TURN 276
COMMAND LEFT START
COMMAND LEFT END
COMMAND RIGHT START
MOVE B140 115
MOVE B139 115
MOVE B138 115
TRAIN 3
COMMAND RIGHT END
TURN 276 RESULT
TIME LEFT 0 5 RIGHT 1 5
TRAIN B141 B142 B143
MOVE B114 115
MOVE B115 115
MOVE B116 115
MOVE B117 130
MOVE B118 130
MOVE B119 130
MOVE B120 145
MOVE B121 145
MOVE B122 145
MOVE B123 164
MOVE B124 164
MOVE B125 164
MOVE B126 181
MOVE B127 181
MOVE B128 181
MOVE B129 196
MOVE B130 196
MOVE B131 196
MOVE B132 205
MOVE B133 205
MOVE B134 205
MOVE B135 215
MOVE B136 215
MOVE B137 215
MOVE B138 225
MOVE B139 225
MOVE B140 225
END TURN 276
TURN 277
COMMAND LEFT START
COMMAND LEFT END
COMMAND RIGHT START
MOVE B143 115
MOVE B142 115
MOVE B141 115
TRAIN 3
COMMAND RIGHT END
TURN 277 RESULT
TIME LEFT 0 5 RIGHT 1 5
TRAIN B144 B145 B146
MOVE B117 115
MOVE B118 115
MOVE B119 115
MOVE B120 130
MOVE B121 130
MOVE B122 130
MOVE B123 145
MOVE B124 145
MOVE B125 145
MOVE B126 164
MOVE B127 164
MOVE B128 164
MOVE B129 181
MOVE B130 181
MOVE B131 181
MOVE B132 196
MOVE B133 196
MOVE B134 196
MOVE B135 205
MOVE B136 205
MOVE B137 205
MOVE B138 215
MOVE B139 215
MOVE B140 215
MOVE B141 225
MOVE B142 225
MOVE B143 225
END TURN 277
TURN 278
COMMAND LEFT START
COMMAND LEFT END
COMMAND RIGHT START
MOVE B119 0
MOVE B118 0
MOVE B117 0
MOVE B116 0
MOVE B115 0
MOVE B114 0
MOVE B113 0
MOVE B112 0
MOVE B111 0
MOVE B110 0
MOVE B109 0
MOVE B108 0
MOVE B107 0
MOVE B106 0
MOVE B105 0
MOVE B104 0
MOVE B103 0
MOVE B102 0
MOVE B101 0
MOVE B100 0
MOVE B99 0
MOVE B98 0
MOVE B97 0
MOVE B96 0
MOVE B95 0
MOVE B94 0
MOVE B93 0
MOVE B92 0
MOVE B89 0
MOVE B85 0
MOVE B78 0
MOVE B69 0
MOVE B68 0
MOVE B65 0
MOVE B63 0
MOVE B62 0
MOVE B61 0
COMMAND RIGHT END
TURN 278 RESULT
TIME LEFT 0 5 RIGHT 0 5
MOVE B61 100
MOVE B62 100
MOVE B63 100
MOVE B65 100
MOVE B68 100
MOVE B69 100
MOVE B78 100
MOVE B85 100
MOVE B89 100
MOVE B92 100
MOVE B93 100
MOVE B94 100
MOVE B95 100
MOVE B96 100
MOVE B97 100
MOVE B98 100
MOVE B99 100
MOVE B100 100
MOVE B101 100
MOVE B102 100
MOVE B103 100
MOVE B104 100
MOVE B105 100
MOVE B106 100
MOVE B107 100
MOVE B108 100
MOVE B109 100
MOVE B110 100
MOVE B111 100
MOVE B112 100
MOVE B113 100
MOVE B114 100
MOVE B115 100
MOVE B116 100
MOVE B117 100
MOVE B118 100
MOVE B119 100
MOVE B120 115
MOVE B121 115
MOVE B122 115
MOVE B123 130
MOVE B124 130
MOVE B125 130
MOVE B126 145
MOVE B127 145
MOVE B128 145
MOVE B129 164
MOVE B130 164
MOVE B131 164
MOVE B132 181
MOVE B133 181
MOVE B134 181
MOVE B135 196
MOVE B136 196
MOVE B137 196
MOVE B138 205
MOVE B139 205
MOVE B140 205
MOVE B141 215
MOVE B142 215
MOVE B143 215
END TURN 278
TURN 279
COMMAND LEFT START
MOVE A79 28
TRAIN 1
COMMAND LEFT END
COMMAND RIGHT START
TRAIN 3
COMMAND RIGHT END
TURN 279 RESULT
TIME LEFT 0 5 RIGHT 0 5
TRAIN A80 B147 B148 B149
MOVE A79 5
MOVE B61 85
MOVE B62 85
MOVE B63 85
MOVE B65 85
MOVE B68 85
MOVE B69 85
MOVE B78 85
MOVE B85 85
MOVE B89 85
MOVE B92 85
MOVE B93 85
MOVE B94 85
MOVE B95 85
MOVE B96 85
MOVE B97 85
MOVE B98 85
MOVE B99 85
MOVE B100 85
MOVE B101 85
MOVE B102 85
MOVE B103 85
MOVE B104 85
MOVE B105 85
MOVE B106 85
MOVE B107 85
MOVE B108 85
MOVE B109 85
MOVE B110 85
MOVE B111 85
MOVE B112 85
MOVE B113 85
MOVE B114 85
MOVE B115 85
MOVE B116 85
MOVE B117 85
MOVE B118 85
MOVE B119 85
MOVE B123 115
MOVE B124 115
MOVE B125 115
MOVE B126 130
MOVE B127 130
MOVE B128 130
MOVE B129 145
MOVE B130 145
MOVE B131 145
MOVE B132 164
MOVE B133 164
MOVE B134 164
MOVE B135 181
MOVE B136 181
MOVE B137 181
MOVE B138 196
MOVE B139 196
MOVE B140 196
MOVE B141 205
MOVE B142 205
MOVE B143 205
END TURN 279
TURN 280
COMMAND LEFT START
COMMAND LEFT END
COMMAND RIGHT START
TRAIN 3
COMMAND RIGHT END
TURN 280 RESULT
TIME LEFT 0 5 RIGHT 0 5
TRAIN B150 B151 B152
MOVE A79 9
MOVE B61 66
MOVE B62 66
MOVE B63 66
MOVE B65 66
MOVE B68 66
MOVE B69 66
MOVE B78 66
MOVE B85 66
MOVE B89 66
MOVE B92 66
MOVE B93 66
MOVE B94 66
MOVE B95 66
MOVE B96 66
MOVE B97 66
MOVE B98 66
MOVE B99 66
MOVE B100 66
MOVE B101 66
MOVE B102 66
MOVE B103 66
MOVE B104 66
MOVE B105 66
MOVE B106 66
MOVE B107 66
MOVE B108 66
MOVE B109 66
MOVE B110 66
MOVE B111 66
MOVE B112 66
MOVE B113 66
MOVE B114 66
MOVE B115 66
MOVE B116 66
MOVE B117 66
MOVE B118 66
MOVE B119 66
MOVE B126 115
MOVE B127 115
MOVE B128 115
MOVE B129 130
MOVE B130 130
MOVE B131 130
MOVE B132 145
MOVE B133 145
MOVE B134 145
MOVE B135 164
MOVE B136 164
MOVE B137 164
MOVE B138 181
MOVE B139 181
MOVE B140 181
MOVE B141 196
MOVE B142 196
MOVE B143 196
END TURN 280
TURN 281
COMMAND LEFT START
COMMAND LEFT END
COMMAND RIGHT START
TRAIN 3
COMMAND RIGHT END
TURN 281 RESULT
TIME LEFT 0 5 RIGHT 0 5
TRAIN B153 B154 B155
MOVE A79 28
MOVE B61 49
MOVE B62 49
MOVE B63 49
MOVE B65 49
MOVE B68 49
MOVE B69 49
MOVE B78 49
MOVE B85 49
MOVE B89 49
MOVE B92 49
MOVE B93 49
MOVE B94 49
MOVE B95 49
MOVE B96 49
MOVE B97 49
MOVE B98 49
MOVE B99 49
MOVE B100 49
MOVE B101 49
MOVE B102 49
MOVE B103 49
MOVE B104 49
MOVE B105 49
MOVE B106 49
MOVE B107 49
MOVE B108 49
MOVE B109 49
MOVE B110 49
MOVE B111 49
MOVE B112 49
MOVE B113 49
MOVE B114 49
MOVE B115 49
MOVE B116 49
MOVE B117 49
MOVE B118 49
MOVE B119 49
MOVE B129 115
MOVE B130 115
MOVE B131 115
MOVE B132 130
MOVE B133 130
MOVE B134 130
MOVE B135 145
MOVE B136 145
MOVE B137 145
MOVE B138 164
MOVE B139 164
MOVE B140 164
MOVE B141 181
MOVE B142 181
MOVE B143 181
DAMAGE TURRET A79 1
DAMAGE COMBAT A79 2
DAMAGE COMBAT B52 1
END TURN 281
TURN 282
COMMAND LEFT START
MOVE A79 0
COMMAND LEFT END
COMMAND RIGHT START
TRAIN 3
COMMAND RIGHT END
TURN 282 RESULT
TIME LEFT 0 5 RIGHT 0 5
TRAIN B156 B157 B158
MOVE B61 34
MOVE B62 34
MOVE B63 34
MOVE B65 34
MOVE B68 34
MOVE B69 34
MOVE B78 34
MOVE B85 34
MOVE B89 34
MOVE B92 34
MOVE B93 34
MOVE B94 34
MOVE B95 34
MOVE B96 34
MOVE B97 34
MOVE B98 34
MOVE B99 34
MOVE B100 34
MOVE B101 34
MOVE B102 34
MOVE B103 34
MOVE B104 34
MOVE B105 34
MOVE B106 34
MOVE B107 34
MOVE B108 34
MOVE B109 34
MOVE B110 34
MOVE B111 34
MOVE B112 34
MOVE B113 34
MOVE B114 34
MOVE B115 34
MOVE B116 34
MOVE B117 34
MOVE B118 34
MOVE B119 34
MOVE B132 115
MOVE B133 115
MOVE B134 115
MOVE B135 130
MOVE B136 130
MOVE B137 130
MOVE B138 145
MOVE B139 145
MOVE B140 145
MOVE B141 164
MOVE B142 164
MOVE B143 164
DAMAGE TURRET A79 1
DAMAGE COMBAT A79 1
DAMAGE COMBAT B52 1
END TURN 282
TURN 283
COMMAND LEFT START
COMMAND LEFT END
COMMAND RIGHT START
TRAIN 3
COMMAND RIGHT END
TURN 283 RESULT
TIME LEFT 0 5 RIGHT 0 5
TRAIN B159 B160 B161
MOVE B61 25
MOVE B62 25
MOVE B63 25
MOVE B65 25
MOVE B68 25
MOVE B69 25
MOVE B78 25
MOVE B85 25
MOVE B89 25
MOVE B92 25
MOVE B93 25
MOVE B94 25
MOVE B95 25
MOVE B96 25
MOVE B97 25
MOVE B98 25
MOVE B99 25
MOVE B100 25
MOVE B101 25
MOVE B102 25
MOVE B103 25
MOVE B104 25
MOVE B105 25
MOVE B106 25
MOVE B107 25
MOVE B108 25
MOVE B109 25
MOVE B110 25
MOVE B111 25
MOVE B112 25
MOVE B113 25
MOVE B114 25
MOVE B115 25
MOVE B116 25
MOVE B117 25
MOVE B118 25
MOVE B119 25
MOVE B135 115
MOVE B136 115
MOVE B137 115
MOVE B138 130
MOVE B139 130
MOVE B140 130
MOVE B141 145
MOVE B142 145
MOVE B143 145
END TURN 283
TURN 284
COMMAND LEFT START
COMMAND LEFT END
COMMAND RIGHT START
TRAIN 3
COMMAND RIGHT END
TURN 284 RESULT
TIME LEFT 0 5 RIGHT 0 5
TRAIN B162 B163 B164
MOVE B61 15
MOVE B62 15
MOVE B63 15
MOVE B65 15
MOVE B68 15
MOVE B69 15
MOVE B78 15
MOVE B85 15
MOVE B89 15
MOVE B92 15
MOVE B93 15
MOVE B94 15
MOVE B95 15
MOVE B96 15
MOVE B97 15
MOVE B98 15
MOVE B99 15
MOVE B100 15
MOVE B101 15
MOVE B102 15
MOVE B103 15
MOVE B104 15
MOVE B105 15
MOVE B106 15
MOVE B107 15
MOVE B108 15
MOVE B109 15
MOVE B110 15
MOVE B111 15
MOVE B112 15
MOVE B113 15
MOVE B114 15
MOVE B115 15
MOVE B116 15
MOVE B117 15
MOVE B118 15
MOVE B119 15
MOVE B138 115
MOVE B139 115
MOVE B140 115
MOVE B141 130
MOVE B142 130
MOVE B143 130
END TURN 284
TURN 285
COMMAND LEFT START
COMMAND LEFT END
COMMAND RIGHT START
TRAIN 3
COMMAND RIGHT END
TURN 285 RESULT
TIME LEFT 0 5 RIGHT 0 5
TRAIN B165 B166 B167
MOVE B61 5
MOVE B62 5
MOVE B63 5
MOVE B65 5
MOVE B68 5
MOVE B69 5
MOVE B78 5
MOVE B85 5
MOVE B89 5
MOVE B92 5
MOVE B93 5
MOVE B94 5
MOVE B95 5
MOVE B96 5
MOVE B97 5
MOVE B98 5
MOVE B99 5
MOVE B100 5
MOVE B101 5
MOVE B102 5
MOVE B103 5
MOVE B104 5
MOVE B105 5
MOVE B106 5
MOVE B107 5
MOVE B108 5
MOVE B109 5
MOVE B110 5
MOVE B111 5
MOVE B112 5
MOVE B113 5
MOVE B114 5
MOVE B115 5
MOVE B116 5
MOVE B117 5
MOVE B118 5
MOVE B119 5
MOVE B141 115
MOVE B142 115
MOVE B143 115
END TURN 285
TURN 286
COMMAND LEFT START
COMMAND LEFT END
COMMAND RIGHT START
TRAIN 3
COMMAND RIGHT END
TURN 286 RESULT
TIME LEFT 0 5 RIGHT 0 5
TRAIN B168 B169 B170
MOVE B61 0
MOVE B62 0
MOVE B63 0
MOVE B65 0
MOVE B68 0
MOVE B69 0
MOVE B78 0
MOVE B85 0
MOVE B89 0
MOVE B92 0
MOVE B93 0
MOVE B94 0
MOVE B95 0
MOVE B96 0
MOVE B97 0
MOVE B98 0
MOVE B99 0
MOVE B100 0
MOVE B101 0
MOVE B102 0
MOVE B103 0
MOVE B104 0
MOVE B105 0
MOVE B106 0
MOVE B107 0
MOVE B108 0
MOVE B109 0
MOVE B110 0
MOVE B111 0
MOVE B112 0
MOVE B113 0
MOVE B114 0
MOVE B115 0
MOVE B116 0
MOVE B117 0
MOVE B118 0
MOVE B119 0
DAMAGE TURRET B78 2
DAMAGE COMBAT A80 5
DAMAGE COMBAT B78 1
SIEGE A 0 15
END TURN 286
RESULT RIGHT_WIN HQ_DESTROYED
