[LEFT ""]
[RIGHT ""]
MAP
217 15
-11177 -10014 -10051 -10254 -10181 -8854 -9485 -8450 -8633 -8277 -9461 -8281 -8186 -7402 -7570 -8437 -7621 -7398 -7121 -7164 -7101 -7718 -6640 -6535 -6975 -6184 -6253 -6037 -6080 -6060 -5983 -6604 -5920 -5625 -5630 -5448 -5255 -5065 -5320 -5103 -5082 -5065 -4968 -4789 -5589 -4761 -4680 -4671 -4455 -4505 -4341 -4135 -4195 -4210 -4055 -4074 -4333 -4052 -3858 -3799 -3852 -3417 -3561 -3481 -3326 -3293 -3804 -3262 -2905 -2929 -3099 -2980 -2875 -2771 -2488 -2487 -2209 -2745 -2628 -2290 -2268 -2119 -1829 -1829 -1814 -1879 -1790 -1517 -1786 -1640 -1525 -1276 -1233 -1078 -1127 -923 -1020 -853 -771 -837 -541 -557 -724 -118 -351 -126 2 -100 0 100 -2 126 351 118 724 557 541 837 771 853 1020 923 1127 1078 1233 1276 1525 1640 1786 1517 1790 1879 1814 1829 1829 2119 2268 2290 2628 2745 2209 2487 2488 2771 2875 2980 3099 2929 2905 3262 3804 3293 3326 3481 3561 3417 3852 3799 3858 4052 4333 4074 4055 4210 4195 4135 4341 4505 4455 4671 4680 4761 5589 4789 4968 5065 5082 5103 5320 5065 5255 5448 5630 5625 5920 6604 5983 6060 6080 6037 6253 6184 6975 6535 6640 7718 7101 7164 7121 7398 7621 8437 7570 7402 8186 8281 9461 8277 8633 8450 9485 8854 10181 10254 10051 10014 11177
379 -1329 2353 -3593 3961 1085 -5596 102 -2719 2748 6048 -1496 4125 -2490 1303 -7117 5894 -522 4399 2902 -4537 7392 -6063 682 -8233 -625 -3528 -1711 1930 3314 6000 9056 4679 190 7140 -6617 -2877 3841 -5478 2859 -4086 1299 5456 8075 -9351 6506 -210 -7540 4455 -1813 2174 -5533 -4568 3041 1359 7121 10073 -6734 5174 318 -3310 3751 -8360 6068 2438 -2090 -10480 7420 -4339 -7350 -961 -5487 -6439 1367 6466 -3231 346 9837 5066 2379 7663 -8573 -1208 -5986 -7508 3436 4684 -10894 9680 -4817 -2670 5827 6818 4033 7847 2449 -6816 -8211 -1784 -3777 5062 -5478 10712 8621 1501 4008 -6345 7362 0 -7362 6345 -4008 -1501 -8621 -10712 5478 -5062 3777 1784 8211 6816 -2449 -7847 -4033 -6818 -5827 2670 4817 -9680 10894 -4684 -3436 7508 5986 1208 8573 -7663 -2379 -5066 -9837 -346 3231 -6466 -1367 6439 5487 961 7350 4339 -7420 10480 2090 -2438 -6068 8360 -3751 3310 -318 -5174 6734 -10073 -7121 -1359 -3041 4568 5533 -2174 1813 -4455 7540 210 -6506 9351 -8075 -5456 -1299 4086 -2859 5478 -3841 2877 6617 -7140 -190 -4679 -9056 -6000 -3314 -1930 1711 3528 625 8233 -682 6063 -7392 4537 -2902 -4399 522 -5894 7117 -1303 2490 -4125 1496 -6048 -2748 2719 -102 5596 -1085 -3961 3593 -2353 1329 -379
STRONGHOLDS 9 28 34 53 69 78 92 108 124 138 147 163 182 188 207
4 1 2 5 7
5 0 3 7 8 11
4 0 4 5 9
3 1 6 8
4 2 9 10 12
5 0 2 7 9 14
5 3 8 15 20 22
6 0 1 5 11 14 17
6 1 3 6 11 13 20
6 2 4 5 12 14 19
4 4 12 16 21
5 1 7 8 13 17
6 4 9 10 16 18 19
6 8 11 17 20 26 27
7 5 7 9 17 19 23 28
3 6 22 24
5 10 12 18 21 30
7 7 11 13 14 23 25 27
6 12 16 19 29 30 32
6 9 12 14 18 28 29
7 6 8 13 22 26 38 40
5 10 16 30 31 34
6 6 15 20 24 35 38
6 14 17 25 28 33 41
5 15 22 35 44 47
5 17 23 27 33 46
5 13 20 27 36 40
7 13 17 25 26 36 46 49
6 14 19 23 29 39 41
6 18 19 28 32 37 39
7 16 18 21 32 34 42 45
4 21 34 43 56
6 18 29 30 37 42 48
4 23 25 41 46
5 21 30 31 43 45
6 22 24 38 47 51 57
5 26 27 40 49 60
5 29 32 39 48 53
6 20 22 35 40 51 52
6 28 29 37 41 50 53
6 20 26 36 38 52 60
8 23 28 33 39 46 50 54 59
5 30 32 45 48 58
7 31 34 45 55 56 67 77
4 24 47 62 66
7 30 34 42 43 55 58 63
7 25 27 33 41 49 59 70
5 24 35 44 57 62
6 32 37 42 53 58 61
6 27 36 46 60 65 70
5 39 41 53 54 64
6 35 38 52 57 71 72
6 38 40 51 60 68 71
6 37 39 48 50 61 64
5 41 50 59 64 73
4 43 45 63 67
3 31 43 77
6 35 47 51 62 69 72
6 42 45 48 61 63 78
6 41 46 54 70 73 76
7 36 40 49 52 65 68 75
8 48 53 58 64 78 79 85 86
6 44 47 57 66 69 81
6 45 55 58 67 74 78
6 50 53 54 61 73 79
6 49 60 70 75 82 90
4 44 62 81 87
6 43 55 63 74 77 80
5 52 60 71 75 89
5 57 62 72 81 84
6 46 49 59 65 76 82
6 51 52 68 72 83 89
6 51 57 69 71 83 84
6 54 59 64 76 79 104
6 63 67 78 80 91 92
6 60 65 68 89 90 99
6 59 70 73 82 104 108
6 43 56 67 80 88 102
6 58 61 63 74 86 91
6 61 64 73 85 95 104
6 67 74 77 88 92 94
6 62 66 69 84 87 97
6 65 70 76 90 98 108
6 71 72 84 89 96 101
6 69 72 81 83 96 97
5 61 79 86 93 95
6 61 78 85 91 93 100
5 66 81 97 113 114
5 77 80 94 102 103
6 68 71 75 83 99 101
5 65 75 82 98 99
6 74 78 86 92 100 110
6 74 80 91 94 107 110
5 85 86 95 100 105
5 80 88 92 103 107
7 79 85 93 104 105 117 118
6 83 84 97 101 106 109
6 81 84 87 96 109 113
6 82 90 99 108 112 121
7 75 89 90 98 101 111 121
6 86 91 93 105 110 115
7 83 89 96 99 106 111 116
4 77 88 103 129
6 88 94 102 107 119 129
6 73 76 79 95 108 118
5 93 95 100 115 117
6 96 101 109 116 124 125
6 92 94 103 110 119 120
8 76 82 98 104 112 118 134 140
6 96 97 106 113 122 124
6 91 92 100 107 115 120
5 99 101 116 121 123
6 98 108 121 137 140 143
6 87 97 109 114 122 128
4 87 113 128 139
7 100 105 110 117 120 127 133
6 101 106 111 123 125 130
7 95 105 115 118 126 127 141
6 95 104 108 117 126 134
6 103 107 120 129 132 135
6 107 110 115 119 132 133
7 98 99 111 112 123 131 137
5 109 113 124 128 136
5 111 116 121 130 131
6 106 109 122 125 136 142
6 106 116 124 130 138 142
5 117 118 134 141 151
6 115 117 133 141 145 148
5 113 114 122 136 139
5 102 103 119 135 150
6 116 123 125 131 138 155
5 121 123 130 137 155
6 119 120 133 135 144 147
6 115 120 127 132 144 145
6 108 118 126 140 146 151
6 119 129 132 147 150 154
6 122 124 128 139 142 149
6 112 121 131 143 152 155
6 125 130 142 153 155 158
6 114 128 136 149 160 173
6 108 112 134 143 146 157
6 117 126 127 148 151 156
6 124 125 136 138 149 153
6 112 137 140 152 157 162
6 132 133 145 147 159 165
6 127 133 144 148 164 165
6 134 140 151 157 167 170
5 132 135 144 154 159
5 127 141 145 156 164
6 136 139 142 153 161 173
4 129 135 154 172
6 126 134 141 146 156 167
6 137 143 155 162 163 166
6 138 142 149 158 161 171
6 135 147 150 159 169 172
8 130 131 137 138 152 158 163 168
7 141 148 151 164 167 176 180
6 140 143 146 162 170 175
6 138 153 155 168 171 174
6 144 147 154 165 169 181
3 139 173 185
4 149 153 171 173
5 143 152 157 166 175
6 152 155 166 168 177 179
6 145 148 156 165 176 178
6 144 145 159 164 178 181
5 152 162 163 175 177
6 146 151 156 170 180 189
6 155 158 163 174 179 184
5 154 159 172 181 192
7 146 157 167 175 183 189 191
7 153 158 161 173 174 182 186
4 150 154 169 192
7 139 149 160 161 171 182 185
5 158 168 171 184 186
8 157 162 166 170 177 183 188 193
6 156 164 178 180 190 196
6 163 166 175 179 187 188
6 164 165 176 181 194 196
5 163 168 177 184 187
5 156 167 176 189 190
6 159 165 169 178 192 194
5 171 173 185 186 195
4 170 175 191 193
6 168 174 179 186 187 198
4 160 173 182 195
7 171 174 182 184 195 198 200
6 177 179 184 188 197 198
6 175 177 187 193 197 202
7 167 170 180 190 191 199 203
5 176 180 189 196 203
5 170 183 189 193 199
5 169 172 181 194 201
6 175 183 188 191 199 202
6 178 181 192 196 201 210
5 182 185 186 200 206
7 176 178 190 194 203 208 210
6 187 188 198 202 204 207
6 184 186 187 197 200 204
7 189 191 193 202 203 205 209
5 186 195 198 204 206
3 192 194 210
7 188 193 197 199 207 209 211
6 189 190 196 199 205 208
6 197 198 200 206 207 212
5 199 203 208 209 215
4 195 200 204 212
6 197 202 204 211 212 214
6 196 203 205 210 213 215
6 199 202 205 211 215 216
5 194 196 201 208 213
5 202 207 209 214 216
4 204 206 207 214
3 208 210 215
4 207 211 212 216
5 205 208 209 213 216
4 209 211 214 215
END MAP
TURN 1
COMMAND LEFT START
MOVE A1 9
MOVE A2 108
COMMAND LEFT END
COMMAND RIGHT START
MOVE B2 207
MOVE B3 188
UPGRADE 216
COMMAND RIGHT END
TURN 1 RESULT
TIME LEFT 6 5 RIGHT 0 5
UPGRADE B 216
MOVE A1 2
MOVE A2 7
MOVE B2 214
MOVE B3 211
END TURN 1
TURN 2
COMMAND LEFT START
COMMAND LEFT END
COMMAND RIGHT START
COMMAND RIGHT END
TURN 2 RESULT
TIME LEFT 0 5 RIGHT 0 5
MOVE A1 9
MOVE A2 17
MOVE B2 207
MOVE B3 202
END TURN 2
TURN 3
COMMAND LEFT START
UPGRADE 9
COMMAND LEFT END
COMMAND RIGHT START
MOVE B2 216
COMMAND RIGHT END
TURN 3 RESULT
TIME LEFT 0 5 RIGHT 0 5
UPGRADE A 9
MOVE A2 25
MOVE B2 214
MOVE B3 188
END TURN 3
TURN 4
COMMAND LEFT START
COMMAND LEFT END
COMMAND RIGHT START
MOVE B3 207
COMMAND RIGHT END
TURN 4 RESULT
TIME LEFT 0 5 RIGHT 0 5
MOVE A2 46
MOVE B2 216
MOVE B3 197
END TURN 4
TURN 5
COMMAND LEFT START
COMMAND LEFT END
COMMAND RIGHT START
COMMAND RIGHT END
TURN 5 RESULT
TIME LEFT 0 5 RIGHT 0 5
MOVE A2 59
MOVE B3 207
END TURN 5
TURN 6
COMMAND LEFT START
COMMAND LEFT END
COMMAND RIGHT START
COMMAND RIGHT END
TURN 6 RESULT
TIME LEFT 0 5 RIGHT 0 5
MOVE A2 76
END TURN 6
TURN 7
COMMAND LEFT START
COMMAND LEFT END
COMMAND RIGHT START
COMMAND RIGHT END
TURN 7 RESULT
TIME LEFT 0 5 RIGHT 0 5
MOVE A2 108
END TURN 7
TURN 8
COMMAND LEFT START
COMMAND LEFT END
COMMAND RIGHT START
COMMAND RIGHT END
TURN 8 RESULT
TIME LEFT 0 5 RIGHT 0 5
END TURN 8
TURN 9
COMMAND LEFT START
COMMAND LEFT END
COMMAND RIGHT START
COMMAND RIGHT END
TURN 9 RESULT
TIME LEFT 0 5 RIGHT 0 5
END TURN 9
TURN 10
COMMAND LEFT START
COMMAND LEFT END
COMMAND RIGHT START
COMMAND RIGHT END
TURN 10 RESULT
TIME LEFT 0 5 RIGHT 0 5
END TURN 10
TURN 11
COMMAND LEFT START
COMMAND LEFT END
COMMAND RIGHT START
COMMAND RIGHT END
TURN 11 RESULT
TIME LEFT 0 5 RIGHT 0 5
END TURN 11
TURN 12
COMMAND LEFT START
COMMAND LEFT END
COMMAND RIGHT START
COMMAND RIGHT END
TURN 12 RESULT
TIME LEFT 0 5 RIGHT 0 5
END TURN 12
TURN 13
COMMAND LEFT START
COMMAND LEFT END
COMMAND RIGHT START
COMMAND RIGHT END
TURN 13 RESULT
TIME LEFT 0 5 RIGHT 0 5
END TURN 13
TURN 14
COMMAND LEFT START
UPGRADE 108
COMMAND LEFT END
COMMAND RIGHT START
COMMAND RIGHT END
TURN 14 RESULT
TIME LEFT 0 5 RIGHT 0 5
UPGRADE A 108
END TURN 14
TURN 15
COMMAND LEFT START
COMMAND LEFT END
COMMAND RIGHT START
COMMAND RIGHT END
TURN 15 RESULT
TIME LEFT 0 5 RIGHT 0 5
END TURN 15
TURN 16
COMMAND LEFT START
COMMAND LEFT END
COMMAND RIGHT START
COMMAND RIGHT END
TURN 16 RESULT
TIME LEFT 0 5 RIGHT 0 5
END TURN 16
TURN 17
COMMAND LEFT START
TRAIN 1
COMMAND LEFT END
COMMAND RIGHT START
COMMAND RIGHT END
TURN 17 RESULT
TIME LEFT 0 5 RIGHT 0 5
TRAIN A4
END TURN 17
TURN 18
COMMAND LEFT START
COMMAND LEFT END
COMMAND RIGHT START
COMMAND RIGHT END
TURN 18 RESULT
TIME LEFT 0 5 RIGHT 0 5
END TURN 18
TURN 19
COMMAND LEFT START
COMMAND LEFT END
COMMAND RIGHT START
UPGRADE 207
COMMAND RIGHT END
TURN 19 RESULT
TIME LEFT 0 5 RIGHT 0 5
UPGRADE B 207
END TURN 19
TURN 20
COMMAND LEFT START
COMMAND LEFT END
COMMAND RIGHT START
COMMAND RIGHT END
TURN 20 RESULT
TIME LEFT 0 5 RIGHT 0 5
END TURN 20
TURN 21
COMMAND LEFT START
COMMAND LEFT END
COMMAND RIGHT START
COMMAND RIGHT END
TURN 21 RESULT
TIME LEFT 0 5 RIGHT 0 5
END TURN 21
TURN 22
COMMAND LEFT START
COMMAND LEFT END
COMMAND RIGHT START
COMMAND RIGHT END
TURN 22 RESULT
TIME LEFT 0 5 RIGHT 0 5
END TURN 22
TURN 23
COMMAND LEFT START
COMMAND LEFT END
COMMAND RIGHT START
COMMAND RIGHT END
TURN 23 RESULT
TIME LEFT 0 5 RIGHT 0 5
END TURN 23
TURN 24
COMMAND LEFT START
COMMAND LEFT END
COMMAND RIGHT START
COMMAND RIGHT END
TURN 24 RESULT
TIME LEFT 0 5 RIGHT 0 5
END TURN 24
TURN 25
COMMAND LEFT START
COMMAND LEFT END
COMMAND RIGHT START
COMMAND RIGHT END
TURN 25 RESULT
TIME LEFT 0 5 RIGHT 0 5
END TURN 25
TURN 26
COMMAND LEFT START
COMMAND LEFT END
COMMAND RIGHT START
TRAIN 1
COMMAND RIGHT END
TURN 26 RESULT
TIME LEFT 0 5 RIGHT 0 5
TRAIN B4
END TURN 26
TURN 27
COMMAND LEFT START
COMMAND LEFT END
COMMAND RIGHT START
MOVE B4 188
COMMAND RIGHT END
TURN 27 RESULT
TIME LEFT 0 5 RIGHT 0 5
MOVE B4 211
END TURN 27
TURN 28
COMMAND LEFT START
MOVE A3 28
COMMAND LEFT END
COMMAND RIGHT START
COMMAND RIGHT END
TURN 28 RESULT
TIME LEFT 0 5 RIGHT 0 5
MOVE A3 5
MOVE B4 202
END TURN 28
TURN 29
COMMAND LEFT START
COMMAND LEFT END
COMMAND RIGHT START
COMMAND RIGHT END
TURN 29 RESULT
TIME LEFT 0 5 RIGHT 0 5
MOVE A3 14
MOVE B4 188
END TURN 29
TURN 30
COMMAND LEFT START
COMMAND LEFT END
COMMAND RIGHT START
COMMAND RIGHT END
TURN 30 RESULT
TIME LEFT 0 5 RIGHT 0 5
MOVE A3 28
END TURN 30
TURN 31
COMMAND LEFT START
UPGRADE 28
COMMAND LEFT END
COMMAND RIGHT START
COMMAND RIGHT END
TURN 31 RESULT
TIME LEFT 0 5 RIGHT 0 5
UPGRADE A 28
END TURN 31
TURN 32
COMMAND LEFT START
COMMAND LEFT END
COMMAND RIGHT START
COMMAND RIGHT END
TURN 32 RESULT
TIME LEFT 0 5 RIGHT 0 5
END TURN 32
TURN 33
COMMAND LEFT START
TRAIN 1
COMMAND LEFT END
COMMAND RIGHT START
COMMAND RIGHT END
TURN 33 RESULT
TIME LEFT 0 5 RIGHT 0 5
TRAIN A5
END TURN 33
TURN 34
COMMAND LEFT START
COMMAND LEFT END
COMMAND RIGHT START
COMMAND RIGHT END
TURN 34 RESULT
TIME LEFT 0 5 RIGHT 0 5
END TURN 34
TURN 35
COMMAND LEFT START
COMMAND LEFT END
COMMAND RIGHT START
COMMAND RIGHT END
TURN 35 RESULT
TIME LEFT 0 5 RIGHT 0 5
END TURN 35
TURN 36
COMMAND LEFT START
COMMAND LEFT END
COMMAND RIGHT START
UPGRADE 188
COMMAND RIGHT END
TURN 36 RESULT
TIME LEFT 0 5 RIGHT 0 5
UPGRADE B 188
END TURN 36
TURN 37
COMMAND LEFT START
COMMAND LEFT END
COMMAND RIGHT START
COMMAND RIGHT END
TURN 37 RESULT
TIME LEFT 0 5 RIGHT 0 5
END TURN 37
TURN 38
COMMAND LEFT START
COMMAND LEFT END
COMMAND RIGHT START
COMMAND RIGHT END
TURN 38 RESULT
TIME LEFT 0 5 RIGHT 0 5
END TURN 38
TURN 39
COMMAND LEFT START
MOVE A5 53
COMMAND LEFT END
COMMAND RIGHT START
COMMAND RIGHT END
TURN 39 RESULT
TIME LEFT 0 5 RIGHT 0 5
MOVE A5 5
END TURN 39
TURN 40
COMMAND LEFT START
COMMAND LEFT END
COMMAND RIGHT START
COMMAND RIGHT END
TURN 40 RESULT
TIME LEFT 0 5 RIGHT 0 5
MOVE A5 14
END TURN 40
TURN 41
COMMAND LEFT START
COMMAND LEFT END
COMMAND RIGHT START
TRAIN 1
COMMAND RIGHT END
TURN 41 RESULT
TIME LEFT 0 5 RIGHT 0 5
TRAIN B5
MOVE A5 28
END TURN 41
TURN 42
COMMAND LEFT START
COMMAND LEFT END
COMMAND RIGHT START
MOVE B5 163
COMMAND RIGHT END
TURN 42 RESULT
TIME LEFT 0 5 RIGHT 0 5
MOVE A5 39
MOVE B5 211
END TURN 42
TURN 43
COMMAND LEFT START
COMMAND LEFT END
COMMAND RIGHT START
COMMAND RIGHT END
TURN 43 RESULT
TIME LEFT 0 5 RIGHT 0 5
MOVE A5 53
MOVE B5 202
END TURN 43
TURN 44
COMMAND LEFT START
UPGRADE 53
COMMAND LEFT END
COMMAND RIGHT START
COMMAND RIGHT END
TURN 44 RESULT
TIME LEFT 0 5 RIGHT 0 5
UPGRADE A 53
MOVE B5 188
END TURN 44
TURN 45
COMMAND LEFT START
COMMAND LEFT END
COMMAND RIGHT START
COMMAND RIGHT END
TURN 45 RESULT
TIME LEFT 0 5 RIGHT 0 5
MOVE B5 177
END TURN 45
TURN 46
COMMAND LEFT START
TRAIN 1
COMMAND LEFT END
COMMAND RIGHT START
COMMAND RIGHT END
TURN 46 RESULT
TIME LEFT 0 5 RIGHT 0 5
TRAIN A6
MOVE B5 163
END TURN 46
TURN 47
COMMAND LEFT START
COMMAND LEFT END
COMMAND RIGHT START
COMMAND RIGHT END
TURN 47 RESULT
TIME LEFT 0 5 RIGHT 0 5
END TURN 47
TURN 48
COMMAND LEFT START
COMMAND LEFT END
COMMAND RIGHT START
COMMAND RIGHT END
TURN 48 RESULT
TIME LEFT 0 5 RIGHT 0 5
END TURN 48
TURN 49
COMMAND LEFT START
COMMAND LEFT END
COMMAND RIGHT START
UPGRADE 163
COMMAND RIGHT END
TURN 49 RESULT
TIME LEFT 0 5 RIGHT 0 5
UPGRADE B 163
END TURN 49
TURN 50
COMMAND LEFT START
COMMAND LEFT END
COMMAND RIGHT START
COMMAND RIGHT END
TURN 50 RESULT
TIME LEFT 0 5 RIGHT 0 5
END TURN 50
TURN 51
COMMAND LEFT START
COMMAND LEFT END
COMMAND RIGHT START
COMMAND RIGHT END
TURN 51 RESULT
TIME LEFT 0 5 RIGHT 0 5
END TURN 51
TURN 52
COMMAND LEFT START
COMMAND LEFT END
COMMAND RIGHT START
COMMAND RIGHT END
TURN 52 RESULT
TIME LEFT 0 5 RIGHT 0 5
END TURN 52
TURN 53
COMMAND LEFT START
COMMAND LEFT END
COMMAND RIGHT START
TRAIN 1
COMMAND RIGHT END
TURN 53 RESULT
TIME LEFT 0 5 RIGHT 0 5
TRAIN B6
END TURN 53
TURN 54
COMMAND LEFT START
COMMAND LEFT END
COMMAND RIGHT START
MOVE B6 182
COMMAND RIGHT END
TURN 54 RESULT
TIME LEFT 0 5 RIGHT 0 5
MOVE B6 214
END TURN 54
TURN 55
COMMAND LEFT START
UPGRADE 0
COMMAND LEFT END
COMMAND RIGHT START
COMMAND RIGHT END
TURN 55 RESULT
TIME LEFT 0 5 RIGHT 0 5
UPGRADE A 0
MOVE B6 207
END TURN 55
TURN 56
COMMAND LEFT START
COMMAND LEFT END
COMMAND RIGHT START
COMMAND RIGHT END
TURN 56 RESULT
TIME LEFT 0 5 RIGHT 0 5
MOVE B6 204
END TURN 56
TURN 57
COMMAND LEFT START
COMMAND LEFT END
COMMAND RIGHT START
COMMAND RIGHT END
TURN 57 RESULT
TIME LEFT 0 5 RIGHT 0 5
MOVE B6 198
END TURN 57
TURN 58
COMMAND LEFT START
COMMAND LEFT END
COMMAND RIGHT START
COMMAND RIGHT END
TURN 58 RESULT
TIME LEFT 0 5 RIGHT 0 5
MOVE B6 186
END TURN 58
TURN 59
COMMAND LEFT START
COMMAND LEFT END
COMMAND RIGHT START
COMMAND RIGHT END
TURN 59 RESULT
TIME LEFT 0 5 RIGHT 0 5
MOVE B6 182
END TURN 59
TURN 60
COMMAND LEFT START
COMMAND LEFT END
COMMAND RIGHT START
UPGRADE 182
COMMAND RIGHT END
TURN 60 RESULT
TIME LEFT 0 5 RIGHT 0 5
UPGRADE B 182
END TURN 60
TURN 61
COMMAND LEFT START
COMMAND LEFT END
COMMAND RIGHT START
COMMAND RIGHT END
TURN 61 RESULT
TIME LEFT 0 5 RIGHT 0 5
END TURN 61
TURN 62
COMMAND LEFT START
UPGRADE 9
COMMAND LEFT END
COMMAND RIGHT START
TRAIN 1
COMMAND RIGHT END
TURN 62 RESULT
TIME LEFT 0 5 RIGHT 0 5
UPGRADE A 9
TRAIN B7
END TURN 62
TURN 63
COMMAND LEFT START
COMMAND LEFT END
COMMAND RIGHT START
MOVE B7 138
COMMAND RIGHT END
TURN 63 RESULT
TIME LEFT 0 5 RIGHT 0 5
MOVE B7 211
END TURN 63
TURN 64
COMMAND LEFT START
TRAIN 1
COMMAND LEFT END
COMMAND RIGHT START
COMMAND RIGHT END
TURN 64 RESULT
TIME LEFT 0 5 RIGHT 0 5
TRAIN A7
MOVE B7 202
END TURN 64
TURN 65
COMMAND LEFT START
MOVE A4 9
COMMAND LEFT END
COMMAND RIGHT START
COMMAND RIGHT END
TURN 65 RESULT
TIME LEFT 0 5 RIGHT 0 5
MOVE A4 2
MOVE B7 188
END TURN 65
TURN 66
COMMAND LEFT START
COMMAND LEFT END
COMMAND RIGHT START
COMMAND RIGHT END
TURN 66 RESULT
TIME LEFT 0 5 RIGHT 0 5
MOVE A4 9
MOVE B7 177
END TURN 66
TURN 67
COMMAND LEFT START
COMMAND LEFT END
COMMAND RIGHT START
COMMAND RIGHT END
TURN 67 RESULT
TIME LEFT 0 5 RIGHT 0 5
MOVE B7 163
END TURN 67
TURN 68
COMMAND LEFT START
COMMAND LEFT END
COMMAND RIGHT START
COMMAND RIGHT END
TURN 68 RESULT
TIME LEFT 0 5 RIGHT 0 5
MOVE B7 155
END TURN 68
TURN 69
COMMAND LEFT START
COMMAND LEFT END
COMMAND RIGHT START
COMMAND RIGHT END
TURN 69 RESULT
TIME LEFT 0 5 RIGHT 0 5
MOVE B7 138
END TURN 69
TURN 70
COMMAND LEFT START
COMMAND LEFT END
COMMAND RIGHT START
UPGRADE 138
TRAIN 1
COMMAND RIGHT END
TURN 70 RESULT
TIME LEFT 0 5 RIGHT 0 5
UPGRADE B 138
TRAIN B8
END TURN 70
TURN 71
COMMAND LEFT START
COMMAND LEFT END
COMMAND RIGHT START
MOVE B8 147
COMMAND RIGHT END
TURN 71 RESULT
TIME LEFT 0 5 RIGHT 0 5
MOVE B8 215
END TURN 71
TURN 72
COMMAND LEFT START
COMMAND LEFT END
COMMAND RIGHT START
COMMAND RIGHT END
TURN 72 RESULT
TIME LEFT 0 5 RIGHT 0 5
MOVE B8 208
END TURN 72
TURN 73
COMMAND LEFT START
COMMAND LEFT END
COMMAND RIGHT START
COMMAND RIGHT END
TURN 73 RESULT
TIME LEFT 0 5 RIGHT 0 5
MOVE B8 196
END TURN 73
TURN 74
COMMAND LEFT START
COMMAND LEFT END
COMMAND RIGHT START
COMMAND RIGHT END
TURN 74 RESULT
TIME LEFT 0 5 RIGHT 0 5
MOVE B8 194
END TURN 74
TURN 75
COMMAND LEFT START
UPGRADE 0
COMMAND LEFT END
COMMAND RIGHT START
COMMAND RIGHT END
TURN 75 RESULT
TIME LEFT 0 5 RIGHT 0 5
UPGRADE A 0
MOVE B8 181
END TURN 75
TURN 76
COMMAND LEFT START
COMMAND LEFT END
COMMAND RIGHT START
COMMAND RIGHT END
TURN 76 RESULT
TIME LEFT 0 5 RIGHT 0 5
MOVE B8 159
END TURN 76
TURN 77
COMMAND LEFT START
TRAIN 1
COMMAND LEFT END
COMMAND RIGHT START
COMMAND RIGHT END
TURN 77 RESULT
TIME LEFT 0 5 RIGHT 0 5
TRAIN A8
MOVE B8 147
END TURN 77
TURN 78
COMMAND LEFT START
COMMAND LEFT END
COMMAND RIGHT START
UPGRADE 147
TRAIN 1
COMMAND RIGHT END
TURN 78 RESULT
TIME LEFT 0 5 RIGHT 0 5
UPGRADE B 147
TRAIN B9
END TURN 78
TURN 79
COMMAND LEFT START
COMMAND LEFT END
COMMAND RIGHT START
MOVE B9 124
COMMAND RIGHT END
TURN 79 RESULT
TIME LEFT 0 5 RIGHT 0 5
MOVE B9 214
END TURN 79
TURN 80
COMMAND LEFT START
COMMAND LEFT END
COMMAND RIGHT START
COMMAND RIGHT END
TURN 80 RESULT
TIME LEFT 0 5 RIGHT 0 5
MOVE B9 207
END TURN 80
TURN 81
COMMAND LEFT START
COMMAND LEFT END
COMMAND RIGHT START
COMMAND RIGHT END
TURN 81 RESULT
TIME LEFT 0 5 RIGHT 0 5
MOVE B9 197
END TURN 81
TURN 82
COMMAND LEFT START
UPGRADE 28
COMMAND LEFT END
COMMAND RIGHT START
COMMAND RIGHT END
TURN 82 RESULT
TIME LEFT 0 5 RIGHT 0 5
UPGRADE A 28
MOVE B9 187
END TURN 82
TURN 83
COMMAND LEFT START
TRAIN 1
COMMAND LEFT END
COMMAND RIGHT START
COMMAND RIGHT END
TURN 83 RESULT
TIME LEFT 0 5 RIGHT 0 5
TRAIN A9
MOVE B9 179
END TURN 83
TURN 84
COMMAND LEFT START
MOVE A6 28
COMMAND LEFT END
COMMAND RIGHT START
TRAIN 1
COMMAND RIGHT END
TURN 84 RESULT
TIME LEFT 0 5 RIGHT 0 5
TRAIN B10
MOVE A6 5
MOVE B9 168
END TURN 84
TURN 85
COMMAND LEFT START
COMMAND LEFT END
COMMAND RIGHT START
MOVE B10 17
TRAIN 1
COMMAND RIGHT END
TURN 85 RESULT
TIME LEFT 0 5 RIGHT 0 5
TRAIN B11
MOVE A6 14
MOVE B9 158
MOVE B10 209
END TURN 85
TURN 86
COMMAND LEFT START
COMMAND LEFT END
COMMAND RIGHT START
MOVE B11 17
COMMAND RIGHT END
TURN 86 RESULT
TIME LEFT 0 5 RIGHT 0 5
MOVE A6 28
MOVE B9 153
MOVE B10 199
MOVE B11 209
END TURN 86
TURN 87
COMMAND LEFT START
COMMAND LEFT END
COMMAND RIGHT START
TRAIN 1
COMMAND RIGHT END
TURN 87 RESULT
TIME LEFT 0 5 RIGHT 0 5
TRAIN B12
MOVE B9 142
MOVE B10 191
MOVE B11 199
END TURN 87
TURN 88
COMMAND LEFT START
UPGRADE 53
COMMAND LEFT END
COMMAND RIGHT START
TRAIN 1
COMMAND RIGHT END
TURN 88 RESULT
TIME LEFT 0 5 RIGHT 0 5
UPGRADE A 53
TRAIN B13
MOVE B9 124
MOVE B10 170
MOVE B11 191
END TURN 88
TURN 89
COMMAND LEFT START
TRAIN 1
COMMAND LEFT END
COMMAND RIGHT START
UPGRADE 124
TRAIN 1
COMMAND RIGHT END
TURN 89 RESULT
TIME LEFT 0 5 RIGHT 0 5
UPGRADE B 124
TRAIN A10 B14
MOVE B10 157
MOVE B11 170
END TURN 89
TURN 90
COMMAND LEFT START
MOVE A7 53
COMMAND LEFT END
COMMAND RIGHT START
TRAIN 1
COMMAND RIGHT END
TURN 90 RESULT
TIME LEFT 0 5 RIGHT 0 5
TRAIN B15
MOVE A7 5
MOVE B10 140
MOVE B11 157
END TURN 90
TURN 91
COMMAND LEFT START
COMMAND LEFT END
COMMAND RIGHT START
TRAIN 1
COMMAND RIGHT END
TURN 91 RESULT
TIME LEFT 0 5 RIGHT 0 5
TRAIN B16
MOVE A7 14
MOVE B10 108
MOVE B11 140
DAMAGE TURRET B10 1
DAMAGE COMBAT A2 1
DAMAGE COMBAT B10 1
END TURN 91
TURN 92
COMMAND LEFT START
COMMAND LEFT END
COMMAND RIGHT START
COMMAND RIGHT END
TURN 92 RESULT
TIME LEFT 0 5 RIGHT 0 5
MOVE A7 28
MOVE B11 108
DAMAGE TURRET B10 1
DAMAGE COMBAT A2 2
DAMAGE COMBAT B10 1
END TURN 92
TURN 93
COMMAND LEFT START
COMMAND LEFT END
COMMAND RIGHT START
TRAIN 1
COMMAND RIGHT END
TURN 93 RESULT
TIME LEFT 0 5 RIGHT 0 5
TRAIN B17
MOVE A7 39
DAMAGE TURRET B10 1
DAMAGE COMBAT A2 1
DAMAGE COMBAT B11 1
SIEGE A 108 1
END TURN 93
TURN 94
COMMAND LEFT START
TRAIN 1
COMMAND LEFT END
COMMAND RIGHT START
MOVE B12 17
TRAIN 1
COMMAND RIGHT END
TURN 94 RESULT
TIME LEFT 0 5 RIGHT 0 5
TRAIN A11 B18
MOVE A7 53
MOVE B11 76
MOVE B12 209
END TURN 94
TURN 95
COMMAND LEFT START
TRAIN 1
COMMAND LEFT END
COMMAND RIGHT START
TRAIN 1
COMMAND RIGHT END
TURN 95 RESULT
TIME LEFT 0 5 RIGHT 0 5
TRAIN A12 B19
MOVE B11 59
MOVE B12 199
END TURN 95
TURN 96
COMMAND LEFT START
MOVE A5 108
COMMAND LEFT END
COMMAND RIGHT START
TRAIN 1
COMMAND RIGHT END
TURN 96 RESULT
TIME LEFT 0 5 RIGHT 0 5
TRAIN B20
MOVE A5 64
MOVE B11 46
MOVE B12 191
END TURN 96
TURN 97
COMMAND LEFT START
MOVE A3 108
TRAIN 1
COMMAND LEFT END
COMMAND RIGHT START
COMMAND RIGHT END
TURN 97 RESULT
TIME LEFT 0 5 RIGHT 0 5
TRAIN A13
MOVE A3 41
MOVE A5 73
MOVE B11 25
MOVE B12 170
END TURN 97
TURN 98
COMMAND LEFT START
MOVE A1 108
MOVE A8 9
MOVE A9 28
TRAIN 1
COMMAND LEFT END
COMMAND RIGHT START
TRAIN 1
COMMAND RIGHT END
TURN 98 RESULT
TIME LEFT 0 5 RIGHT 0 5
TRAIN A14 B21
MOVE A1 19
MOVE A3 59
MOVE A5 76
MOVE A8 2
MOVE A9 5
MOVE B11 17
MOVE B12 157
END TURN 98
TURN 99
COMMAND LEFT START
MOVE A10 53
TRAIN 1
COMMAND LEFT END
COMMAND RIGHT START
COMMAND RIGHT END
TURN 99 RESULT
TIME LEFT 0 5 RIGHT 0 5
TRAIN A15
MOVE A1 28
MOVE A3 76
MOVE A5 108
MOVE A8 9
MOVE A9 14
MOVE A10 5
MOVE B12 140
END TURN 99
TURN 100
COMMAND LEFT START
MOVE A15 34
COMMAND LEFT END
COMMAND RIGHT START
COMMAND RIGHT END
TURN 100 RESULT
TIME LEFT 0 5 RIGHT 0 5
MOVE A1 41
MOVE A3 108
MOVE A9 28
MOVE A10 14
MOVE A15 2
MOVE B12 108
DAMAGE TURRET B12 1
DAMAGE COMBAT A3 1
DAMAGE COMBAT B12 2
END TURN 100
TURN 101
COMMAND LEFT START
UPGRADE 9
COMMAND LEFT END
COMMAND RIGHT START
COMMAND RIGHT END
TURN 101 RESULT
TIME LEFT 0 5 RIGHT 0 5
UPGRADE A 9
MOVE A1 59
MOVE A10 28
MOVE A15 9
DAMAGE TURRET B12 1
DAMAGE COMBAT A3 1
DAMAGE COMBAT B12 1
END TURN 101
TURN 102
COMMAND LEFT START
MOVE A11 9
COMMAND LEFT END
COMMAND RIGHT START
MOVE B13 17
COMMAND RIGHT END
TURN 102 RESULT
TIME LEFT 0 5 RIGHT 0 5
MOVE A1 76
MOVE A10 39
MOVE A11 2
MOVE A15 12
MOVE B13 209
END TURN 102
TURN 103
COMMAND LEFT START
COMMAND LEFT END
COMMAND RIGHT START
COMMAND RIGHT END
TURN 103 RESULT
TIME LEFT 0 5 RIGHT 0 5
MOVE A1 108
MOVE A10 53
MOVE A11 9
MOVE A15 18
MOVE B13 199
END TURN 103
TURN 104
COMMAND LEFT START
COMMAND LEFT END
COMMAND RIGHT START
COMMAND RIGHT END
TURN 104 RESULT
TIME LEFT 0 5 RIGHT 0 5
MOVE A15 30
MOVE B13 191
END TURN 104
TURN 105
COMMAND LEFT START
UPGRADE 108
COMMAND LEFT END
COMMAND RIGHT START
COMMAND RIGHT END
TURN 105 RESULT
TIME LEFT 0 5 RIGHT 0 5
UPGRADE A 108
MOVE A15 34
MOVE B13 170
END TURN 105
TURN 106
COMMAND LEFT START
COMMAND LEFT END
COMMAND RIGHT START
COMMAND RIGHT END
TURN 106 RESULT
TIME LEFT 0 5 RIGHT 0 5
MOVE B13 157
END TURN 106
TURN 107
COMMAND LEFT START
COMMAND LEFT END
COMMAND RIGHT START
UPGRADE 216
COMMAND RIGHT END
TURN 107 RESULT
TIME LEFT 0 5 RIGHT 0 5
UPGRADE B 216
MOVE B13 140
END TURN 107
TURN 108
COMMAND LEFT START
COMMAND LEFT END
COMMAND RIGHT START
COMMAND RIGHT END
TURN 108 RESULT
TIME LEFT 0 5 RIGHT 0 5
MOVE B13 108
DAMAGE TURRET B13 1
DAMAGE COMBAT A3 1
DAMAGE COMBAT B13 3
END TURN 108
TURN 109
COMMAND LEFT START
UPGRADE 34
COMMAND LEFT END
COMMAND RIGHT START
TRAIN 1
COMMAND RIGHT END
TURN 109 RESULT
TIME LEFT 0 5 RIGHT 0 5
UPGRADE A 34
TRAIN B22
DAMAGE TURRET B13 1
DAMAGE COMBAT A3 1
END TURN 109
TURN 110
COMMAND LEFT START
COMMAND LEFT END
COMMAND RIGHT START
MOVE B15 17
TRAIN 1
COMMAND RIGHT END
TURN 110 RESULT
TIME LEFT 0 5 RIGHT 0 5
TRAIN B23
MOVE B15 209
END TURN 110
TURN 111
COMMAND LEFT START
COMMAND LEFT END
COMMAND RIGHT START
TRAIN 1
COMMAND RIGHT END
TURN 111 RESULT
TIME LEFT 0 5 RIGHT 0 5
TRAIN B24
MOVE B15 199
END TURN 111
TURN 112
COMMAND LEFT START
UPGRADE 34
COMMAND LEFT END
COMMAND RIGHT START
TRAIN 1
COMMAND RIGHT END
TURN 112 RESULT
TIME LEFT 0 5 RIGHT 0 5
UPGRADE A 34
TRAIN B25
MOVE B15 191
END TURN 112
TURN 113
COMMAND LEFT START
TRAIN 1
COMMAND LEFT END
COMMAND RIGHT START
COMMAND RIGHT END
TURN 113 RESULT
TIME LEFT 0 5 RIGHT 0 5
TRAIN A16
MOVE B15 170
END TURN 113
TURN 114
COMMAND LEFT START
MOVE A12 34
COMMAND LEFT END
COMMAND RIGHT START
TRAIN 1
COMMAND RIGHT END
TURN 114 RESULT
TIME LEFT 0 5 RIGHT 0 5
TRAIN B26
MOVE A12 2
MOVE B15 157
END TURN 114
TURN 115
COMMAND LEFT START
COMMAND LEFT END
COMMAND RIGHT START
TRAIN 1
COMMAND RIGHT END
TURN 115 RESULT
TIME LEFT 0 5 RIGHT 0 5
TRAIN B27
MOVE A12 9
MOVE B15 140
END TURN 115
TURN 116
COMMAND LEFT START
UPGRADE 28
COMMAND LEFT END
COMMAND RIGHT START
TRAIN 1
COMMAND RIGHT END
TURN 116 RESULT
TIME LEFT 0 5 RIGHT 0 5
UPGRADE A 28
TRAIN B28
MOVE A12 12
MOVE B15 108
DAMAGE TURRET B15 1
DAMAGE COMBAT A1 1
DAMAGE COMBAT B15 2
END TURN 116
TURN 117
COMMAND LEFT START
TRAIN 1
COMMAND LEFT END
COMMAND RIGHT START
TRAIN 1
COMMAND RIGHT END
TURN 117 RESULT
TIME LEFT 0 5 RIGHT 0 5
TRAIN A17 B29
MOVE A12 18
DAMAGE TURRET B15 1
DAMAGE COMBAT A1 1
DAMAGE COMBAT B15 1
END TURN 117
TURN 118
COMMAND LEFT START
MOVE A13 28
COMMAND LEFT END
COMMAND RIGHT START
MOVE B16 17
TRAIN 1
COMMAND RIGHT END
TURN 118 RESULT
TIME LEFT 0 5 RIGHT 0 5
TRAIN B30
MOVE A12 30
MOVE A13 5
MOVE B16 209
END TURN 118
TURN 119
COMMAND LEFT START
COMMAND LEFT END
COMMAND RIGHT START
COMMAND RIGHT END
TURN 119 RESULT
TIME LEFT 0 5 RIGHT 0 5
MOVE A12 34
MOVE A13 14
MOVE B16 199
END TURN 119
TURN 120
COMMAND LEFT START
COMMAND LEFT END
COMMAND RIGHT START
TRAIN 1
COMMAND RIGHT END
TURN 120 RESULT
TIME LEFT 0 5 RIGHT 0 5
TRAIN B31
MOVE A13 28
MOVE B16 191
END TURN 120
TURN 121
COMMAND LEFT START
UPGRADE 34
TRAIN 1
COMMAND LEFT END
COMMAND RIGHT START
TRAIN 1
COMMAND RIGHT END
TURN 121 RESULT
TIME LEFT 0 5 RIGHT 0 5
UPGRADE A 34
TRAIN A18 B32
MOVE B16 170
END TURN 121
TURN 122
COMMAND LEFT START
MOVE A14 34
COMMAND LEFT END
COMMAND RIGHT START
TRAIN 1
COMMAND RIGHT END
TURN 122 RESULT
TIME LEFT 0 5 RIGHT 0 5
TRAIN B33
MOVE A14 2
MOVE B16 157
END TURN 122
TURN 123
COMMAND LEFT START
COMMAND LEFT END
COMMAND RIGHT START
COMMAND RIGHT END
TURN 123 RESULT
TIME LEFT 0 5 RIGHT 0 5
MOVE A14 9
MOVE B16 140
END TURN 123
TURN 124
COMMAND LEFT START
UPGRADE 53
COMMAND LEFT END
COMMAND RIGHT START
TRAIN 1
COMMAND RIGHT END
TURN 124 RESULT
TIME LEFT 0 5 RIGHT 0 5
UPGRADE A 53
TRAIN B34
MOVE A14 12
MOVE B16 108
DAMAGE TURRET B16 1
DAMAGE COMBAT A1 1
DAMAGE COMBAT B16 2
END TURN 124
TURN 125
COMMAND LEFT START
TRAIN 1
COMMAND LEFT END
COMMAND RIGHT START
TRAIN 1
COMMAND RIGHT END
TURN 125 RESULT
TIME LEFT 0 5 RIGHT 0 5
TRAIN A19 B35
MOVE A14 18
DAMAGE TURRET B16 1
DAMAGE COMBAT A1 1
DAMAGE COMBAT B16 1
END TURN 125
TURN 126
COMMAND LEFT START
MOVE A16 53
TRAIN 1
COMMAND LEFT END
COMMAND RIGHT START
MOVE B17 17
TRAIN 1
COMMAND RIGHT END
TURN 126 RESULT
TIME LEFT 0 5 RIGHT 0 5
TRAIN A20 B36
MOVE A14 30
MOVE A16 5
MOVE B17 209
END TURN 126
TURN 127
COMMAND LEFT START
TRAIN 1
COMMAND LEFT END
COMMAND RIGHT START
COMMAND RIGHT END
TURN 127 RESULT
TIME LEFT 0 5 RIGHT 0 5
TRAIN A21
MOVE A14 34
MOVE A16 14
MOVE B17 199
END TURN 127
TURN 128
COMMAND LEFT START
TRAIN 1
COMMAND LEFT END
COMMAND RIGHT START
TRAIN 1
COMMAND RIGHT END
TURN 128 RESULT
TIME LEFT 0 5 RIGHT 0 5
TRAIN A22 B37
MOVE A16 28
MOVE B17 191
END TURN 128
TURN 129
COMMAND LEFT START
TRAIN 1
COMMAND LEFT END
COMMAND RIGHT START
TRAIN 1
COMMAND RIGHT END
TURN 129 RESULT
TIME LEFT 0 5 RIGHT 0 5
TRAIN A23 B38
MOVE A16 39
MOVE B17 170
END TURN 129
TURN 130
COMMAND LEFT START
TRAIN 1
COMMAND LEFT END
COMMAND RIGHT START
COMMAND RIGHT END
TURN 130 RESULT
TIME LEFT 0 5 RIGHT 0 5
TRAIN A24
MOVE A16 53
MOVE B17 157
END TURN 130
TURN 131
COMMAND LEFT START
TRAIN 1
COMMAND LEFT END
COMMAND RIGHT START
TRAIN 1
COMMAND RIGHT END
TURN 131 RESULT
TIME LEFT 0 5 RIGHT 0 5
TRAIN A25 B39
MOVE B17 140
END TURN 131
TURN 132
COMMAND LEFT START
TRAIN 1
COMMAND LEFT END
COMMAND RIGHT START
TRAIN 1
COMMAND RIGHT END
TURN 132 RESULT
TIME LEFT 0 5 RIGHT 0 5
TRAIN A26 B40
MOVE B17 108
DAMAGE TURRET B17 1
DAMAGE COMBAT A5 1
DAMAGE COMBAT B17 1
END TURN 132
TURN 133
COMMAND LEFT START
TRAIN 1
COMMAND LEFT END
COMMAND RIGHT START
TRAIN 1
COMMAND RIGHT END
TURN 133 RESULT
TIME LEFT 0 5 RIGHT 0 5
TRAIN A27 B41
DAMAGE TURRET B17 1
DAMAGE COMBAT A5 1
DAMAGE COMBAT B17 1
END TURN 133
TURN 134
COMMAND LEFT START
TRAIN 1
COMMAND LEFT END
COMMAND RIGHT START
COMMAND RIGHT END
TURN 134 RESULT
TIME LEFT 0 5 RIGHT 0 5
TRAIN A28
DAMAGE TURRET B17 1
DAMAGE COMBAT A5 1
END TURN 134
TURN 135
COMMAND LEFT START
TRAIN 1
COMMAND LEFT END
COMMAND RIGHT START
MOVE B18 17
TRAIN 1
COMMAND RIGHT END
TURN 135 RESULT
TIME LEFT 0 5 RIGHT 0 5
TRAIN A29 B42
MOVE B18 209
END TURN 135
TURN 136
COMMAND LEFT START
TRAIN 1
COMMAND LEFT END
COMMAND RIGHT START
COMMAND RIGHT END
TURN 136 RESULT
TIME LEFT 0 5 RIGHT 0 5
TRAIN A30
MOVE B18 199
END TURN 136
TURN 137
COMMAND LEFT START
TRAIN 1
COMMAND LEFT END
COMMAND RIGHT START
TRAIN 1
COMMAND RIGHT END
TURN 137 RESULT
TIME LEFT 0 5 RIGHT 0 5
TRAIN A31 B43
MOVE B18 191
END TURN 137
TURN 138
COMMAND LEFT START
COMMAND LEFT END
COMMAND RIGHT START
TRAIN 1
COMMAND RIGHT END
TURN 138 RESULT
TIME LEFT 0 5 RIGHT 0 5
TRAIN B44
MOVE B18 170
END TURN 138
TURN 139
COMMAND LEFT START
COMMAND LEFT END
COMMAND RIGHT START
COMMAND RIGHT END
TURN 139 RESULT
TIME LEFT 0 5 RIGHT 0 5
MOVE B18 157
END TURN 139
TURN 140
COMMAND LEFT START
COMMAND LEFT END
COMMAND RIGHT START
TRAIN 1
COMMAND RIGHT END
TURN 140 RESULT
TIME LEFT 0 5 RIGHT 0 5
TRAIN B45
MOVE B18 140
END TURN 140
TURN 141
COMMAND LEFT START
COMMAND LEFT END
COMMAND RIGHT START
COMMAND RIGHT END
TURN 141 RESULT
TIME LEFT 0 5 RIGHT 0 5
MOVE B18 108
DAMAGE TURRET B18 1
DAMAGE COMBAT A5 1
DAMAGE COMBAT B18 1
END TURN 141
TURN 142
COMMAND LEFT START
COMMAND LEFT END
COMMAND RIGHT START
TRAIN 1
COMMAND RIGHT END
TURN 142 RESULT
TIME LEFT 0 5 RIGHT 0 5
TRAIN B46
MOVE B18 76
END TURN 142
TURN 143
COMMAND LEFT START
MOVE A12 108
MOVE A17 34
UPGRADE 0
COMMAND LEFT END
COMMAND RIGHT START
TRAIN 1
COMMAND RIGHT END
TURN 143 RESULT
TIME LEFT 0 5 RIGHT 0 5
UPGRADE A 0
TRAIN B47
MOVE A12 45
MOVE A17 2
MOVE B18 59
END TURN 143
TURN 144
COMMAND LEFT START
MOVE A7 108
MOVE A18 53
COMMAND LEFT END
COMMAND RIGHT START
COMMAND RIGHT END
TURN 144 RESULT
TIME LEFT 0 5 RIGHT 0 5
MOVE A7 64
MOVE A12 58
MOVE A17 9
MOVE A18 5
MOVE B18 46
END TURN 144
TURN 145
COMMAND LEFT START
MOVE A10 108
MOVE A19 53
COMMAND LEFT END
COMMAND RIGHT START
COMMAND RIGHT END
TURN 145 RESULT
TIME LEFT 0 5 RIGHT 0 5
MOVE A7 73
MOVE A10 64
MOVE A12 61
MOVE A17 12
MOVE A18 14
MOVE A19 5
MOVE B18 25
END TURN 145
TURN 146
COMMAND LEFT START
MOVE A6 108
MOVE A20 28
COMMAND LEFT END
COMMAND RIGHT START
COMMAND RIGHT END
TURN 146 RESULT
TIME LEFT 0 5 RIGHT 0 5
MOVE A6 41
MOVE A7 76
MOVE A10 73
MOVE A12 79
MOVE A17 18
MOVE A18 28
MOVE A19 14
MOVE A20 5
MOVE B18 17
END TURN 146
TURN 147
COMMAND LEFT START
MOVE A9 108
MOVE A21 28
MOVE A31 78
COMMAND LEFT END
COMMAND RIGHT START
COMMAND RIGHT END
TURN 147 RESULT
TIME LEFT 0 5 RIGHT 0 5
MOVE A6 59
MOVE A7 108
MOVE A9 41
MOVE A10 76
MOVE A12 104
MOVE A17 30
MOVE A18 39
MOVE A19 28
MOVE A20 14
MOVE A21 5
MOVE A31 5
END TURN 147
TURN 148
COMMAND LEFT START
UPGRADE 108
COMMAND LEFT END
COMMAND RIGHT START
COMMAND RIGHT END
TURN 148 RESULT
TIME LEFT 0 5 RIGHT 0 5
UPGRADE A 108
MOVE A6 76
MOVE A9 59
MOVE A10 108
MOVE A12 108
MOVE A17 34
MOVE A18 53
MOVE A19 39
MOVE A20 28
MOVE A21 14
MOVE A31 14
END TURN 148
TURN 149
COMMAND LEFT START
COMMAND LEFT END
COMMAND RIGHT START
COMMAND RIGHT END
TURN 149 RESULT
TIME LEFT 0 5 RIGHT 0 5
MOVE A6 108
MOVE A9 76
MOVE A19 53
MOVE A21 28
MOVE A31 28
END TURN 149
TURN 150
COMMAND LEFT START
COMMAND LEFT END
COMMAND RIGHT START
COMMAND RIGHT END
TURN 150 RESULT
TIME LEFT 0 5 RIGHT 0 5
MOVE A9 108
MOVE A31 39
END TURN 150
TURN 151
COMMAND LEFT START
TRAIN 2
COMMAND LEFT END
COMMAND RIGHT START
COMMAND RIGHT END
TURN 151 RESULT
TIME LEFT 0 5 RIGHT 0 5
TRAIN A32 A33
MOVE A31 53
END TURN 151
TURN 152
COMMAND LEFT START
TRAIN 2
COMMAND LEFT END
COMMAND RIGHT START
COMMAND RIGHT END
TURN 152 RESULT
TIME LEFT 0 5 RIGHT 0 5
TRAIN A34 A35
MOVE A31 61
END TURN 152
TURN 153
COMMAND LEFT START
TRAIN 2
COMMAND LEFT END
COMMAND RIGHT START
COMMAND RIGHT END
TURN 153 RESULT
TIME LEFT 0 5 RIGHT 0 5
TRAIN A36 A37
MOVE A31 78
END TURN 153
TURN 154
COMMAND LEFT START
UPGRADE 78
COMMAND LEFT END
COMMAND RIGHT START
COMMAND RIGHT END
TURN 154 RESULT
TIME LEFT 0 5 RIGHT 0 5
UPGRADE A 78
END TURN 154
TURN 155
COMMAND LEFT START
COMMAND LEFT END
COMMAND RIGHT START
COMMAND RIGHT END
TURN 155 RESULT
TIME LEFT 0 5 RIGHT 0 5
END TURN 155
TURN 156
COMMAND LEFT START
MOVE A12 69
COMMAND LEFT END
COMMAND RIGHT START
COMMAND RIGHT END
TURN 156 RESULT
TIME LEFT 0 5 RIGHT 0 5
MOVE A12 98
END TURN 156
TURN 157
COMMAND LEFT START
UPGRADE 78
COMMAND LEFT END
COMMAND RIGHT START
COMMAND RIGHT END
TURN 157 RESULT
TIME LEFT 0 5 RIGHT 0 5
UPGRADE A 78
MOVE A12 90
END TURN 157
TURN 158
COMMAND LEFT START
MOVE A6 78
UPGRADE 78
COMMAND LEFT END
COMMAND RIGHT START
COMMAND RIGHT END
TURN 158 RESULT
TIME LEFT 0 5 RIGHT 0 5
UPGRADE A 78
MOVE A6 104
MOVE A12 75
END TURN 158
TURN 159
COMMAND LEFT START
MOVE A22 78
COMMAND LEFT END
COMMAND RIGHT START
COMMAND RIGHT END
TURN 159 RESULT
TIME LEFT 0 5 RIGHT 0 5
MOVE A6 95
MOVE A12 68
MOVE A22 5
END TURN 159
TURN 160
COMMAND LEFT START
COMMAND LEFT END
COMMAND RIGHT START
COMMAND RIGHT END
TURN 160 RESULT
TIME LEFT 0 5 RIGHT 0 5
MOVE A6 93
MOVE A12 71
MOVE A22 14
END TURN 160
TURN 161
COMMAND LEFT START
TRAIN 1
COMMAND LEFT END
COMMAND RIGHT START
COMMAND RIGHT END
TURN 161 RESULT
TIME LEFT 0 5 RIGHT 0 5
TRAIN A38
MOVE A6 86
MOVE A12 72
MOVE A22 28
END TURN 161
TURN 162
COMMAND LEFT START
TRAIN 2
COMMAND LEFT END
COMMAND RIGHT START
COMMAND RIGHT END
TURN 162 RESULT
TIME LEFT 0 5 RIGHT 0 5
TRAIN A39 A40
MOVE A6 78
MOVE A12 69
MOVE A22 39
END TURN 162
TURN 163
COMMAND LEFT START
UPGRADE 69
COMMAND LEFT END
COMMAND RIGHT START
COMMAND RIGHT END
TURN 163 RESULT
TIME LEFT 0 5 RIGHT 0 5
UPGRADE A 69
MOVE A22 53
END TURN 163
TURN 164
COMMAND LEFT START
MOVE A40 92
COMMAND LEFT END
COMMAND RIGHT START
COMMAND RIGHT END
TURN 164 RESULT
TIME LEFT 0 5 RIGHT 0 5
MOVE A22 61
MOVE A40 2
END TURN 164
TURN 165
COMMAND LEFT START
UPGRADE 69
COMMAND LEFT END
COMMAND RIGHT START
COMMAND RIGHT END
TURN 165 RESULT
TIME LEFT 0 5 RIGHT 0 5
UPGRADE A 69
MOVE A22 78
MOVE A40 9
END TURN 165
TURN 166
COMMAND LEFT START
MOVE A23 69
COMMAND LEFT END
COMMAND RIGHT START
COMMAND RIGHT END
TURN 166 RESULT
TIME LEFT 0 5 RIGHT 0 5
MOVE A23 1
MOVE A40 19
END TURN 166
TURN 167
COMMAND LEFT START
UPGRADE 69
COMMAND LEFT END
COMMAND RIGHT START
COMMAND RIGHT END
TURN 167 RESULT
TIME LEFT 0 5 RIGHT 0 5
UPGRADE A 69
MOVE A23 8
MOVE A40 29
END TURN 167
TURN 168
COMMAND LEFT START
MOVE A24 69
COMMAND LEFT END
COMMAND RIGHT START
COMMAND RIGHT END
TURN 168 RESULT
TIME LEFT 0 5 RIGHT 0 5
MOVE A23 20
MOVE A24 1
MOVE A40 37
END TURN 168
TURN 169
COMMAND LEFT START
TRAIN 2
COMMAND LEFT END
COMMAND RIGHT START
COMMAND RIGHT END
TURN 169 RESULT
TIME LEFT 0 5 RIGHT 0 5
TRAIN A41 A42
MOVE A23 22
MOVE A24 8
MOVE A40 48
END TURN 169
TURN 170
COMMAND LEFT START
TRAIN 2
COMMAND LEFT END
COMMAND RIGHT START
COMMAND RIGHT END
TURN 170 RESULT
TIME LEFT 0 5 RIGHT 0 5
TRAIN A43 A44
MOVE A23 35
MOVE A24 20
MOVE A40 58
END TURN 170
TURN 171
COMMAND LEFT START
TRAIN 2
COMMAND LEFT END
COMMAND RIGHT START
UPGRADE 216
COMMAND RIGHT END
TURN 171 RESULT
TIME LEFT 0 5 RIGHT 0 5
UPGRADE B 216
TRAIN A45 A46
MOVE A23 57
MOVE A24 22
MOVE A40 63
END TURN 171
TURN 172
COMMAND LEFT START
TRAIN 2
COMMAND LEFT END
COMMAND RIGHT START
COMMAND RIGHT END
TURN 172 RESULT
TIME LEFT 0 5 RIGHT 0 5
TRAIN A47 A48
MOVE A23 69
MOVE A24 35
MOVE A40 74
END TURN 172
TURN 173
COMMAND LEFT START
TRAIN 2
COMMAND LEFT END
COMMAND RIGHT START
COMMAND RIGHT END
TURN 173 RESULT
TIME LEFT 0 5 RIGHT 0 5
TRAIN A49 A50
MOVE A24 57
MOVE A40 92
END TURN 173
TURN 174
COMMAND LEFT START
UPGRADE 92
COMMAND LEFT END
COMMAND RIGHT START
TRAIN 1
COMMAND RIGHT END
TURN 174 RESULT
TIME LEFT 0 5 RIGHT 0 5
UPGRADE A 92
TRAIN B48
MOVE A24 69
END TURN 174
TURN 175
COMMAND LEFT START
UPGRADE 92
COMMAND LEFT END
COMMAND RIGHT START
TRAIN 1
COMMAND RIGHT END
TURN 175 RESULT
TIME LEFT 0 5 RIGHT 0 5
UPGRADE A 92
TRAIN B49
END TURN 175
TURN 176
COMMAND LEFT START
MOVE A25 92
COMMAND LEFT END
COMMAND RIGHT START
COMMAND RIGHT END
TURN 176 RESULT
TIME LEFT 0 5 RIGHT 0 5
MOVE A25 2
END TURN 176
TURN 177
COMMAND LEFT START
UPGRADE 92
COMMAND LEFT END
COMMAND RIGHT START
TRAIN 1
COMMAND RIGHT END
TURN 177 RESULT
TIME LEFT 0 5 RIGHT 0 5
UPGRADE A 92
TRAIN B50
MOVE A25 9
END TURN 177
TURN 178
COMMAND LEFT START
MOVE A26 92
COMMAND LEFT END
COMMAND RIGHT START
COMMAND RIGHT END
TURN 178 RESULT
TIME LEFT 0 5 RIGHT 0 5
MOVE A25 19
MOVE A26 2
END TURN 178
TURN 179
COMMAND LEFT START
MOVE A50 147
COMMAND LEFT END
COMMAND RIGHT START
TRAIN 1
COMMAND RIGHT END
TURN 179 RESULT
TIME LEFT 0 5 RIGHT 0 5
TRAIN B51
MOVE A25 29
MOVE A26 9
MOVE A50 5
END TURN 179
TURN 180
COMMAND LEFT START
TRAIN 2
COMMAND LEFT END
COMMAND RIGHT START
TRAIN 1
COMMAND RIGHT END
TURN 180 RESULT
TIME LEFT 0 5 RIGHT 0 5
TRAIN A51 A52 B52
MOVE A25 37
MOVE A26 19
MOVE A50 14
END TURN 180
TURN 181
COMMAND LEFT START
TRAIN 2
COMMAND LEFT END
COMMAND RIGHT START
COMMAND RIGHT END
TURN 181 RESULT
TIME LEFT 0 5 RIGHT 0 5
TRAIN A53 A54
MOVE A25 48
MOVE A26 29
MOVE A50 28
END TURN 181
TURN 182
COMMAND LEFT START
TRAIN 2
COMMAND LEFT END
COMMAND RIGHT START
TRAIN 1
COMMAND RIGHT END
TURN 182 RESULT
TIME LEFT 0 5 RIGHT 0 5
TRAIN A55 A56 B53
MOVE A25 58
MOVE A26 37
MOVE A50 39
END TURN 182
TURN 183
COMMAND LEFT START
TRAIN 2
COMMAND LEFT END
COMMAND RIGHT START
COMMAND RIGHT END
TURN 183 RESULT
TIME LEFT 0 5 RIGHT 0 5
TRAIN A57 A58
MOVE A25 63
MOVE A26 48
MOVE A50 53
END TURN 183
TURN 184
COMMAND LEFT START
TRAIN 2
COMMAND LEFT END
COMMAND RIGHT START
TRAIN 1
COMMAND RIGHT END
TURN 184 RESULT
TIME LEFT 0 5 RIGHT 0 5
TRAIN A59 A60 B54
MOVE A25 74
MOVE A26 58
MOVE A50 61
END TURN 184
TURN 185
COMMAND LEFT START
TRAIN 2
COMMAND LEFT END
COMMAND RIGHT START
TRAIN 1
COMMAND RIGHT END
TURN 185 RESULT
TIME LEFT 0 5 RIGHT 0 5
TRAIN A61 A62 B55
MOVE A25 92
MOVE A26 63
MOVE A50 78
END TURN 185
TURN 186
COMMAND LEFT START
TRAIN 2
COMMAND LEFT END
COMMAND RIGHT START
COMMAND RIGHT END
TURN 186 RESULT
TIME LEFT 0 5 RIGHT 0 5
TRAIN A63 A64
MOVE A26 74
MOVE A50 91
END TURN 186
TURN 187
COMMAND LEFT START
TRAIN 2
COMMAND LEFT END
COMMAND RIGHT START
TRAIN 1
COMMAND RIGHT END
TURN 187 RESULT
TIME LEFT 0 5 RIGHT 0 5
TRAIN A65 A66 B56
MOVE A26 92
MOVE A50 110
END TURN 187
TURN 188
COMMAND LEFT START
TRAIN 2
COMMAND LEFT END
COMMAND RIGHT START
COMMAND RIGHT END
TURN 188 RESULT
TIME LEFT 0 5 RIGHT 0 5
TRAIN A67 A68
MOVE A50 120
END TURN 188
TURN 189
COMMAND LEFT START
TRAIN 2
COMMAND LEFT END
COMMAND RIGHT START
TRAIN 1
COMMAND RIGHT END
TURN 189 RESULT
TIME LEFT 0 5 RIGHT 0 5
TRAIN A69 A70 B57
MOVE A50 132
END TURN 189
TURN 190
COMMAND LEFT START
TRAIN 2
COMMAND LEFT END
COMMAND RIGHT START
COMMAND RIGHT END
TURN 190 RESULT
TIME LEFT 0 5 RIGHT 0 5
TRAIN A71 A72
MOVE A50 147
DAMAGE TURRET A50 1
DAMAGE COMBAT A50 1
DAMAGE COMBAT B8 1
END TURN 190
TURN 191
COMMAND LEFT START
COMMAND LEFT END
COMMAND RIGHT START
TRAIN 1
COMMAND RIGHT END
TURN 191 RESULT
TIME LEFT 0 5 RIGHT 0 5
TRAIN B58
DAMAGE TURRET A50 1
DAMAGE COMBAT A50 1
DAMAGE COMBAT B8 1
END TURN 191
TURN 192
COMMAND LEFT START
COMMAND LEFT END
COMMAND RIGHT START
COMMAND RIGHT END
TURN 192 RESULT
TIME LEFT 0 5 RIGHT 0 5
DAMAGE TURRET A50 1
DAMAGE COMBAT A50 1
DAMAGE COMBAT B8 1
END TURN 192
TURN 193
COMMAND LEFT START
COMMAND LEFT END
COMMAND RIGHT START
TRAIN 1
COMMAND RIGHT END
TURN 193 RESULT
TIME LEFT 0 5 RIGHT 0 5
TRAIN B59
DAMAGE TURRET A50 1
DAMAGE COMBAT B8 1
END TURN 193
TURN 194
COMMAND LEFT START
COMMAND LEFT END
COMMAND RIGHT START
COMMAND RIGHT END
TURN 194 RESULT
TIME LEFT 0 5 RIGHT 0 5
END TURN 194
TURN 195
COMMAND LEFT START
COMMAND LEFT END
COMMAND RIGHT START
TRAIN 1
COMMAND RIGHT END
TURN 195 RESULT
TIME LEFT 0 5 RIGHT 0 5
TRAIN B60
END TURN 195
TURN 196
COMMAND LEFT START
UPGRADE 0
COMMAND LEFT END
COMMAND RIGHT START
COMMAND RIGHT END
TURN 196 RESULT
TIME LEFT 0 5 RIGHT 0 5
UPGRADE A 0
END TURN 196
TURN 197
COMMAND LEFT START
COMMAND LEFT END
COMMAND RIGHT START
COMMAND RIGHT END
TURN 197 RESULT
TIME LEFT 0 5 RIGHT 0 5
END TURN 197
TURN 198
COMMAND LEFT START
MOVE A72 147
COMMAND LEFT END
COMMAND RIGHT START
COMMAND RIGHT END
TURN 198 RESULT
TIME LEFT 0 5 RIGHT 0 5
MOVE A72 5
END TURN 198
TURN 199
COMMAND LEFT START
TRAIN 3
COMMAND LEFT END
COMMAND RIGHT START
COMMAND RIGHT END
TURN 199 RESULT
TIME LEFT 0 5 RIGHT 0 5
TRAIN A73 A74 A75
MOVE A72 14
END TURN 199
TURN 200
COMMAND LEFT START
TRAIN 2
COMMAND LEFT END
COMMAND RIGHT START
COMMAND RIGHT END
TURN 200 RESULT
TIME LEFT 0 5 RIGHT 0 5
TRAIN A76 A77
MOVE A72 28
END TURN 200
TURN 201
COMMAND LEFT START
TRAIN 3
COMMAND LEFT END
COMMAND RIGHT START
COMMAND RIGHT END
TURN 201 RESULT
TIME LEFT 0 5 RIGHT 0 5
TRAIN A78 A79 A80
MOVE A72 39
END TURN 201
TURN 202
COMMAND LEFT START
TRAIN 2
COMMAND LEFT END
COMMAND RIGHT START
COMMAND RIGHT END
TURN 202 RESULT
TIME LEFT 0 5 RIGHT 0 5
TRAIN A81 A82
MOVE A72 53
END TURN 202
TURN 203
COMMAND LEFT START
TRAIN 2
COMMAND LEFT END
COMMAND RIGHT START
COMMAND RIGHT END
TURN 203 RESULT
TIME LEFT 0 5 RIGHT 0 5
TRAIN A83 A84
MOVE A72 61
END TURN 203
TURN 204
COMMAND LEFT START
TRAIN 3
COMMAND LEFT END
COMMAND RIGHT START
COMMAND RIGHT END
TURN 204 RESULT
TIME LEFT 0 5 RIGHT 0 5
TRAIN A85 A86 A87
MOVE A72 78
END TURN 204
TURN 205
COMMAND LEFT START
TRAIN 2
COMMAND LEFT END
COMMAND RIGHT START
COMMAND RIGHT END
TURN 205 RESULT
TIME LEFT 0 5 RIGHT 0 5
TRAIN A88 A89
MOVE A72 91
END TURN 205
TURN 206
COMMAND LEFT START
TRAIN 2
COMMAND LEFT END
COMMAND RIGHT START
COMMAND RIGHT END
TURN 206 RESULT
TIME LEFT 0 5 RIGHT 0 5
TRAIN A90 A91
MOVE A72 110
END TURN 206
TURN 207
COMMAND LEFT START
TRAIN 2
COMMAND LEFT END
COMMAND RIGHT START
COMMAND RIGHT END
TURN 207 RESULT
TIME LEFT 0 5 RIGHT 0 5
TRAIN A92 A93
MOVE A72 120
END TURN 207
TURN 208
COMMAND LEFT START
TRAIN 3
COMMAND LEFT END
COMMAND RIGHT START
COMMAND RIGHT END
TURN 208 RESULT
TIME LEFT 0 5 RIGHT 0 5
TRAIN A94 A95 A96
MOVE A72 132
END TURN 208
TURN 209
COMMAND LEFT START
TRAIN 2
COMMAND LEFT END
COMMAND RIGHT START
COMMAND RIGHT END
TURN 209 RESULT
TIME LEFT 0 5 RIGHT 0 5
TRAIN A97 A98
MOVE A72 147
DAMAGE TURRET A72 1
DAMAGE COMBAT A72 1
DAMAGE COMBAT B8 1
END TURN 209
TURN 210
COMMAND LEFT START
MOVE A72 92
TRAIN 2
COMMAND LEFT END
COMMAND RIGHT START
MOVE B3 188
MOVE B4 147
MOVE B20 207
COMMAND RIGHT END
TURN 210 RESULT
TIME LEFT 0 5 RIGHT 0 5
TRAIN A99 A100
MOVE A72 132
MOVE B3 197
MOVE B4 175
MOVE B20 214
END TURN 210
TURN 211
COMMAND LEFT START
TRAIN 2
COMMAND LEFT END
COMMAND RIGHT START
COMMAND RIGHT END
TURN 211 RESULT
TIME LEFT 0 5 RIGHT 0 5
TRAIN A101 A102
MOVE A72 120
MOVE B3 188
MOVE B4 170
MOVE B20 207
END TURN 211
TURN 212
COMMAND LEFT START
TRAIN 2
COMMAND LEFT END
COMMAND RIGHT START
COMMAND RIGHT END
TURN 212 RESULT
TIME LEFT 0 5 RIGHT 0 5
TRAIN A103 A104
MOVE A72 110
MOVE B4 167
END TURN 212
TURN 213
COMMAND LEFT START
MOVE A104 147
COMMAND LEFT END
COMMAND RIGHT START
COMMAND RIGHT END
TURN 213 RESULT
TIME LEFT 0 5 RIGHT 0 5
MOVE A72 92
MOVE A104 5
MOVE B4 156
END TURN 213
TURN 214
COMMAND LEFT START
MOVE A72 108
TRAIN 3
COMMAND LEFT END
COMMAND RIGHT START
COMMAND RIGHT END
TURN 214 RESULT
TIME LEFT 0 5 RIGHT 0 5
TRAIN A105 A106 A107
MOVE A72 91
MOVE A104 14
MOVE B4 148
END TURN 214
TURN 215
COMMAND LEFT START
TRAIN 3
COMMAND LEFT END
COMMAND RIGHT START
COMMAND RIGHT END
TURN 215 RESULT
TIME LEFT 0 5 RIGHT 0 5
TRAIN A108 A109 A110
MOVE A72 86
MOVE A104 28
MOVE B4 145
END TURN 215
TURN 216
COMMAND LEFT START
TRAIN 1
COMMAND LEFT END
COMMAND RIGHT START
COMMAND RIGHT END
TURN 216 RESULT
TIME LEFT 0 5 RIGHT 0 5
TRAIN A111
MOVE A72 93
MOVE A104 39
MOVE B4 144
END TURN 216
TURN 217
COMMAND LEFT START
TRAIN 2
COMMAND LEFT END
COMMAND RIGHT START
COMMAND RIGHT END
TURN 217 RESULT
TIME LEFT 0 5 RIGHT 0 5
TRAIN A112 A113
MOVE A72 95
MOVE A104 53
MOVE B4 147
END TURN 217
TURN 218
COMMAND LEFT START
TRAIN 2
COMMAND LEFT END
COMMAND RIGHT START
COMMAND RIGHT END
TURN 218 RESULT
TIME LEFT 0 5 RIGHT 0 5
TRAIN A114 A115
MOVE A72 104
MOVE A104 61
END TURN 218
TURN 219
COMMAND LEFT START
TRAIN 2
COMMAND LEFT END
COMMAND RIGHT START
COMMAND RIGHT END
TURN 219 RESULT
TIME LEFT 0 5 RIGHT 0 5
TRAIN A116 A117
MOVE A72 108
MOVE A104 78
END TURN 219
TURN 220
COMMAND LEFT START
TRAIN 2
COMMAND LEFT END
COMMAND RIGHT START
COMMAND RIGHT END
TURN 220 RESULT
TIME LEFT 0 5 RIGHT 0 5
TRAIN A118 A119
MOVE A104 91
END TURN 220
TURN 221
COMMAND LEFT START
TRAIN 1
COMMAND LEFT END
COMMAND RIGHT START
COMMAND RIGHT END
TURN 221 RESULT
TIME LEFT 0 5 RIGHT 0 5
TRAIN A120
MOVE A104 110
END TURN 221
TURN 222
COMMAND LEFT START
TRAIN 2
COMMAND LEFT END
COMMAND RIGHT START
COMMAND RIGHT END
TURN 222 RESULT
TIME LEFT 0 5 RIGHT 0 5
TRAIN A121 A122
MOVE A104 120
END TURN 222
TURN 223
COMMAND LEFT START
TRAIN 2
COMMAND LEFT END
COMMAND RIGHT START
COMMAND RIGHT END
TURN 223 RESULT
TIME LEFT 0 5 RIGHT 0 5
TRAIN A123 A124
MOVE A104 132
END TURN 223
TURN 224
COMMAND LEFT START
TRAIN 1
COMMAND LEFT END
COMMAND RIGHT START
COMMAND RIGHT END
TURN 224 RESULT
TIME LEFT 0 5 RIGHT 0 5
TRAIN A125
MOVE A104 147
DAMAGE TURRET A104 1
DAMAGE COMBAT A104 1
DAMAGE COMBAT B4 1
END TURN 224
TURN 225
COMMAND LEFT START
TRAIN 2
COMMAND LEFT END
COMMAND RIGHT START
COMMAND RIGHT END
TURN 225 RESULT
TIME LEFT 0 5 RIGHT 0 5
TRAIN A126 A127
DAMAGE TURRET A104 1
DAMAGE COMBAT A104 1
DAMAGE COMBAT B4 1
END TURN 225
TURN 226
COMMAND LEFT START
TRAIN 2
COMMAND LEFT END
COMMAND RIGHT START
COMMAND RIGHT END
TURN 226 RESULT
TIME LEFT 0 5 RIGHT 0 5
TRAIN A128 A129
DAMAGE TURRET A104 1
DAMAGE COMBAT A104 1
DAMAGE COMBAT B4 1
END TURN 226
TURN 227
COMMAND LEFT START
TRAIN 1
COMMAND LEFT END
COMMAND RIGHT START
COMMAND RIGHT END
TURN 227 RESULT
TIME LEFT 0 5 RIGHT 0 5
TRAIN A130
DAMAGE TURRET A104 1
DAMAGE COMBAT A104 1
DAMAGE COMBAT B4 1
END TURN 227
TURN 228
COMMAND LEFT START
MOVE A130 147
COMMAND LEFT END
COMMAND RIGHT START
COMMAND RIGHT END
TURN 228 RESULT
TIME LEFT 0 5 RIGHT 0 5
MOVE A130 5
END TURN 228
TURN 229
COMMAND LEFT START
TRAIN 3
COMMAND LEFT END
COMMAND RIGHT START
COMMAND RIGHT END
TURN 229 RESULT
TIME LEFT 0 5 RIGHT 0 5
TRAIN A131 A132 A133
MOVE A130 14
END TURN 229
TURN 230
COMMAND LEFT START
TRAIN 2
COMMAND LEFT END
COMMAND RIGHT START
COMMAND RIGHT END
TURN 230 RESULT
TIME LEFT 0 5 RIGHT 0 5
TRAIN A134 A135
MOVE A130 28
END TURN 230
TURN 231
COMMAND LEFT START
TRAIN 1
COMMAND LEFT END
COMMAND RIGHT START
COMMAND RIGHT END
TURN 231 RESULT
TIME LEFT 0 5 RIGHT 0 5
TRAIN A136
MOVE A130 39
END TURN 231
TURN 232
COMMAND LEFT START
TRAIN 2
COMMAND LEFT END
COMMAND RIGHT START
COMMAND RIGHT END
TURN 232 RESULT
TIME LEFT 0 5 RIGHT 0 5
TRAIN A137 A138
MOVE A130 53
END TURN 232
TURN 233
COMMAND LEFT START
TRAIN 1
COMMAND LEFT END
COMMAND RIGHT START
COMMAND RIGHT END
TURN 233 RESULT
TIME LEFT 0 5 RIGHT 0 5
TRAIN A139
MOVE A130 61
END TURN 233
TURN 234
COMMAND LEFT START
TRAIN 2
COMMAND LEFT END
COMMAND RIGHT START
COMMAND RIGHT END
TURN 234 RESULT
TIME LEFT 0 5 RIGHT 0 5
TRAIN A140 A141
MOVE A130 78
END TURN 234
TURN 235
COMMAND LEFT START
TRAIN 1
COMMAND LEFT END
COMMAND RIGHT START
COMMAND RIGHT END
TURN 235 RESULT
TIME LEFT 0 5 RIGHT 0 5
TRAIN A142
MOVE A130 91
END TURN 235
TURN 236
COMMAND LEFT START
TRAIN 1
COMMAND LEFT END
COMMAND RIGHT START
COMMAND RIGHT END
TURN 236 RESULT
TIME LEFT 0 5 RIGHT 0 5
TRAIN A143
MOVE A130 110
END TURN 236
TURN 237
COMMAND LEFT START
TRAIN 2
COMMAND LEFT END
COMMAND RIGHT START
COMMAND RIGHT END
TURN 237 RESULT
TIME LEFT 0 5 RIGHT 0 5
TRAIN A144 A145
MOVE A130 120
END TURN 237
TURN 238
COMMAND LEFT START
TRAIN 1
COMMAND LEFT END
COMMAND RIGHT START
COMMAND RIGHT END
TURN 238 RESULT
TIME LEFT 0 5 RIGHT 0 5
TRAIN A146
MOVE A130 132
END TURN 238
TURN 239
COMMAND LEFT START
TRAIN 1
COMMAND LEFT END
COMMAND RIGHT START
COMMAND RIGHT END
TURN 239 RESULT
TIME LEFT 0 5 RIGHT 0 5
TRAIN A147
MOVE A130 147
DAMAGE TURRET A130 1
DAMAGE COMBAT A130 1
DAMAGE COMBAT B4 1
END TURN 239
TURN 240
COMMAND LEFT START
TRAIN 1
COMMAND LEFT END
COMMAND RIGHT START
MOVE B3 147
MOVE B20 188
MOVE B21 207
COMMAND RIGHT END
TURN 240 RESULT
TIME LEFT 0 5 RIGHT 0 5
TRAIN A148
MOVE B3 175
MOVE B20 197
MOVE B21 214
DAMAGE TURRET A130 1
SIEGE B 147 1
END TURN 240
TURN 241
COMMAND LEFT START
TRAIN 2
COMMAND LEFT END
COMMAND RIGHT START
COMMAND RIGHT END
TURN 241 RESULT
TIME LEFT 0 5 RIGHT 0 5
TRAIN A149 A150
MOVE B3 170
MOVE B20 188
MOVE B21 207
DAMAGE TURRET A130 1
SIEGE B 147 1
END TURN 241
TURN 242
COMMAND LEFT START
TRAIN 1
COMMAND LEFT END
COMMAND RIGHT START
COMMAND RIGHT END
TURN 242 RESULT
TIME LEFT 0 5 RIGHT 0 5
TRAIN A151
MOVE B3 167
DAMAGE TURRET A130 1
SIEGE B 147 1
END TURN 242
TURN 243
COMMAND LEFT START
TRAIN 1
COMMAND LEFT END
COMMAND RIGHT START
COMMAND RIGHT END
TURN 243 RESULT
TIME LEFT 0 5 RIGHT 0 5
TRAIN A152
MOVE B3 156
DAMAGE TURRET A130 1
SIEGE B 147 1
END TURN 243
TURN 244
COMMAND LEFT START
TRAIN 1
COMMAND LEFT END
COMMAND RIGHT START
COMMAND RIGHT END
TURN 244 RESULT
TIME LEFT 0 5 RIGHT 0 5
TRAIN A153
MOVE B3 148
DAMAGE TURRET A130 1
SIEGE B 147 1
END TURN 244
TURN 245
COMMAND LEFT START
TRAIN 2
COMMAND LEFT END
COMMAND RIGHT START
COMMAND RIGHT END
TURN 245 RESULT
TIME LEFT 0 5 RIGHT 0 5
TRAIN A154 A155
MOVE B3 145
DAMAGE TURRET A130 1
SIEGE B 147 1
END TURN 245
TURN 246
COMMAND LEFT START
MOVE A155 147
COMMAND LEFT END
COMMAND RIGHT START
MOVE B22 147
COMMAND RIGHT END
TURN 246 RESULT
TIME LEFT 0 5 RIGHT 0 5
MOVE A155 5
MOVE B3 144
MOVE B22 215
END TURN 246
TURN 247
COMMAND LEFT START
TRAIN 2
COMMAND LEFT END
COMMAND RIGHT START
COMMAND RIGHT END
TURN 247 RESULT
TIME LEFT 0 5 RIGHT 0 5
TRAIN A156 A157
MOVE A155 14
MOVE B3 147
MOVE B22 208
END TURN 247
TURN 248
COMMAND LEFT START
TRAIN 1
COMMAND LEFT END
COMMAND RIGHT START
UPGRADE 147
COMMAND RIGHT END
TURN 248 RESULT
TIME LEFT 0 5 RIGHT 0 5
UPGRADE B 147
TRAIN A158
MOVE A155 28
MOVE B22 196
END TURN 248
TURN 249
COMMAND LEFT START
TRAIN 1
COMMAND LEFT END
COMMAND RIGHT START
COMMAND RIGHT END
TURN 249 RESULT
TIME LEFT 0 5 RIGHT 0 5
TRAIN A159
MOVE A155 39
MOVE B22 194
END TURN 249
TURN 250
COMMAND LEFT START
TRAIN 1
COMMAND LEFT END
COMMAND RIGHT START
COMMAND RIGHT END
TURN 250 RESULT
TIME LEFT 0 5 RIGHT 0 5
TRAIN A160
MOVE A155 53
MOVE B22 181
END TURN 250
TURN 251
COMMAND LEFT START
TRAIN 1
COMMAND LEFT END
COMMAND RIGHT START
COMMAND RIGHT END
TURN 251 RESULT
TIME LEFT 0 5 RIGHT 0 5
TRAIN A161
MOVE A155 61
MOVE B22 159
END TURN 251
TURN 252
COMMAND LEFT START
TRAIN 1
COMMAND LEFT END
COMMAND RIGHT START
COMMAND RIGHT END
TURN 252 RESULT
TIME LEFT 0 5 RIGHT 0 5
TRAIN A162
MOVE A155 78
MOVE B22 147
END TURN 252
TURN 253
COMMAND LEFT START
TRAIN 1
COMMAND LEFT END
COMMAND RIGHT START
MOVE B22 216
COMMAND RIGHT END
TURN 253 RESULT
TIME LEFT 0 5 RIGHT 0 5
TRAIN A163
MOVE A155 91
MOVE B22 159
END TURN 253
TURN 254
COMMAND LEFT START
TRAIN 1
COMMAND LEFT END
COMMAND RIGHT START
COMMAND RIGHT END
TURN 254 RESULT
TIME LEFT 0 5 RIGHT 0 5
TRAIN A164
MOVE A155 110
MOVE B22 181
END TURN 254
TURN 255
COMMAND LEFT START
TRAIN 1
COMMAND LEFT END
COMMAND RIGHT START
COMMAND RIGHT END
TURN 255 RESULT
TIME LEFT 0 5 RIGHT 0 5
TRAIN A165
MOVE A155 120
MOVE B22 194
END TURN 255
TURN 256
COMMAND LEFT START
TRAIN 1
COMMAND LEFT END
COMMAND RIGHT START
COMMAND RIGHT END
TURN 256 RESULT
TIME LEFT 0 5 RIGHT 0 5
TRAIN A166
MOVE A155 132
MOVE B22 196
END TURN 256
TURN 257
COMMAND LEFT START
TRAIN 1
COMMAND LEFT END
COMMAND RIGHT START
COMMAND RIGHT END
TURN 257 RESULT
TIME LEFT 0 5 RIGHT 0 5
TRAIN A167
MOVE A155 147
MOVE B22 208
DAMAGE TURRET A155 1
DAMAGE COMBAT A155 1
DAMAGE COMBAT B3 1
END TURN 257
TURN 258
COMMAND LEFT START
TRAIN 1
COMMAND LEFT END
COMMAND RIGHT START
UPGRADE 216
COMMAND RIGHT END
TURN 258 RESULT
TIME LEFT 0 5 RIGHT 0 5
UPGRADE B 216
TRAIN A168
MOVE B22 215
DAMAGE TURRET A155 1
DAMAGE COMBAT A155 1
DAMAGE COMBAT B3 1
END TURN 258
TURN 259
COMMAND LEFT START
TRAIN 1
COMMAND LEFT END
COMMAND RIGHT START
COMMAND RIGHT END
TURN 259 RESULT
TIME LEFT 0 5 RIGHT 0 5
TRAIN A169
MOVE B22 216
DAMAGE TURRET A155 1
DAMAGE COMBAT A155 1
DAMAGE COMBAT B3 1
END TURN 259
TURN 260
COMMAND LEFT START
TRAIN 1
COMMAND LEFT END
COMMAND RIGHT START
COMMAND RIGHT END
TURN 260 RESULT
TIME LEFT 0 5 RIGHT 0 5
TRAIN A170
DAMAGE TURRET A155 1
DAMAGE COMBAT A155 1
DAMAGE COMBAT B3 1
END TURN 260
TURN 261
COMMAND LEFT START
MOVE A170 147
COMMAND LEFT END
COMMAND RIGHT START
MOVE B20 147
MOVE B21 188
MOVE B22 207
TRAIN 1
COMMAND RIGHT END
TURN 261 RESULT
TIME LEFT 0 5 RIGHT 0 5
TRAIN B61
MOVE A170 5
MOVE B20 175
MOVE B21 197
MOVE B22 214
END TURN 261
TURN 262
COMMAND LEFT START
TRAIN 2
COMMAND LEFT END
COMMAND RIGHT START
COMMAND RIGHT END
TURN 262 RESULT
TIME LEFT 0 5 RIGHT 0 5
TRAIN A171 A172
MOVE A170 14
MOVE B20 170
MOVE B21 188
MOVE B22 207
END TURN 262
TURN 263
COMMAND LEFT START
TRAIN 1
COMMAND LEFT END
COMMAND RIGHT START
TRAIN 1
COMMAND RIGHT END
TURN 263 RESULT
TIME LEFT 0 5 RIGHT 0 5
TRAIN A173 B62
MOVE A170 28
MOVE B20 167
END TURN 263
TURN 264
COMMAND LEFT START
TRAIN 1
COMMAND LEFT END
COMMAND RIGHT START
COMMAND RIGHT END
TURN 264 RESULT
TIME LEFT 0 5 RIGHT 0 5
TRAIN A174
MOVE A170 39
MOVE B20 156
END TURN 264
TURN 265
COMMAND LEFT START
COMMAND LEFT END
COMMAND RIGHT START
TRAIN 1
COMMAND RIGHT END
TURN 265 RESULT
TIME LEFT 0 5 RIGHT 0 5
TRAIN B63
MOVE A170 53
MOVE B20 148
END TURN 265
TURN 266
COMMAND LEFT START
TRAIN 1
COMMAND LEFT END
COMMAND RIGHT START
COMMAND RIGHT END
TURN 266 RESULT
TIME LEFT 0 5 RIGHT 0 5
TRAIN A175
MOVE A170 61
MOVE B20 145
END TURN 266
TURN 267
COMMAND LEFT START
TRAIN 1
COMMAND LEFT END
COMMAND RIGHT START
COMMAND RIGHT END
TURN 267 RESULT
TIME LEFT 0 5 RIGHT 0 5
TRAIN A176
MOVE A170 78
MOVE B20 144
END TURN 267
TURN 268
COMMAND LEFT START
TRAIN 1
COMMAND LEFT END
COMMAND RIGHT START
TRAIN 1
COMMAND RIGHT END
TURN 268 RESULT
TIME LEFT 0 5 RIGHT 0 5
TRAIN A177 B64
MOVE A170 91
MOVE B20 147
END TURN 268
TURN 269
COMMAND LEFT START
TRAIN 1
COMMAND LEFT END
COMMAND RIGHT START
COMMAND RIGHT END
TURN 269 RESULT
TIME LEFT 0 5 RIGHT 0 5
TRAIN A178
MOVE A170 110
END TURN 269
TURN 270
COMMAND LEFT START
TRAIN 1
COMMAND LEFT END
COMMAND RIGHT START
TRAIN 1
COMMAND RIGHT END
TURN 270 RESULT
TIME LEFT 0 5 RIGHT 0 5
TRAIN A179 B65
MOVE A170 120
END TURN 270
TURN 271
COMMAND LEFT START
COMMAND LEFT END
COMMAND RIGHT START
TRAIN 1
COMMAND RIGHT END
TURN 271 RESULT
TIME LEFT 0 5 RIGHT 0 5
TRAIN B66
MOVE A170 132
END TURN 271
TURN 272
COMMAND LEFT START
TRAIN 1
COMMAND LEFT END
COMMAND RIGHT START
COMMAND RIGHT END
TURN 272 RESULT
TIME LEFT 0 5 RIGHT 0 5
TRAIN A180
MOVE A170 147
DAMAGE TURRET A170 1
DAMAGE COMBAT A170 1
DAMAGE COMBAT B20 1
END TURN 272
TURN 273
COMMAND LEFT START
TRAIN 1
COMMAND LEFT END
COMMAND RIGHT START
TRAIN 1
COMMAND RIGHT END
TURN 273 RESULT
TIME LEFT 0 5 RIGHT 0 5
TRAIN A181 B67
DAMAGE TURRET A170 1
DAMAGE COMBAT A170 1
DAMAGE COMBAT B20 1
END TURN 273
TURN 274
COMMAND LEFT START
TRAIN 1
COMMAND LEFT END
COMMAND RIGHT START
COMMAND RIGHT END
TURN 274 RESULT
TIME LEFT 0 5 RIGHT 0 5
TRAIN A182
DAMAGE TURRET A170 1
DAMAGE COMBAT A170 1
DAMAGE COMBAT B20 1
END TURN 274
TURN 275
COMMAND LEFT START
COMMAND LEFT END
COMMAND RIGHT START
TRAIN 1
COMMAND RIGHT END
TURN 275 RESULT
TIME LEFT 0 5 RIGHT 0 5
TRAIN B68
DAMAGE TURRET A170 1
DAMAGE COMBAT A170 1
DAMAGE COMBAT B20 1
END TURN 275
TURN 276
COMMAND LEFT START
MOVE A182 147
COMMAND LEFT END
COMMAND RIGHT START
COMMAND RIGHT END
TURN 276 RESULT
TIME LEFT 0 5 RIGHT 0 5
MOVE A182 5
END TURN 276
TURN 277
COMMAND LEFT START
TRAIN 2
COMMAND LEFT END
COMMAND RIGHT START
TRAIN 1
COMMAND RIGHT END
TURN 277 RESULT
TIME LEFT 0 5 RIGHT 0 5
TRAIN A183 A184 B69
MOVE A182 14
END TURN 277
TURN 278
COMMAND LEFT START
TRAIN 1
COMMAND LEFT END
COMMAND RIGHT START
COMMAND RIGHT END
TURN 278 RESULT
TIME LEFT 0 5 RIGHT 0 5
TRAIN A185
MOVE A182 28
END TURN 278
TURN 279
COMMAND LEFT START
COMMAND LEFT END
COMMAND RIGHT START
TRAIN 1
COMMAND RIGHT END
TURN 279 RESULT
TIME LEFT 0 5 RIGHT 0 5
TRAIN B70
MOVE A182 39
END TURN 279
TURN 280
COMMAND LEFT START
TRAIN 1
COMMAND LEFT END
COMMAND RIGHT START
COMMAND RIGHT END
TURN 280 RESULT
TIME LEFT 0 5 RIGHT 0 5
TRAIN A186
MOVE A182 53
END TURN 280
TURN 281
COMMAND LEFT START
TRAIN 1
COMMAND LEFT END
COMMAND RIGHT START
TRAIN 1
COMMAND RIGHT END
TURN 281 RESULT
TIME LEFT 0 5 RIGHT 0 5
TRAIN A187 B71
MOVE A182 61
END TURN 281
TURN 282
COMMAND LEFT START
COMMAND LEFT END
COMMAND RIGHT START
COMMAND RIGHT END
TURN 282 RESULT
TIME LEFT 0 5 RIGHT 0 5
MOVE A182 78
END TURN 282
TURN 283
COMMAND LEFT START
TRAIN 1
COMMAND LEFT END
COMMAND RIGHT START
TRAIN 1
COMMAND RIGHT END
TURN 283 RESULT
TIME LEFT 0 5 RIGHT 0 5
TRAIN A188 B72
MOVE A182 91
END TURN 283
TURN 284
COMMAND LEFT START
TRAIN 1
COMMAND LEFT END
COMMAND RIGHT START
COMMAND RIGHT END
TURN 284 RESULT
TIME LEFT 0 5 RIGHT 0 5
TRAIN A189
MOVE A182 110
END TURN 284
TURN 285
COMMAND LEFT START
COMMAND LEFT END
COMMAND RIGHT START
TRAIN 1
COMMAND RIGHT END
TURN 285 RESULT
TIME LEFT 0 5 RIGHT 0 5
TRAIN B73
MOVE A182 120
END TURN 285
TURN 286
COMMAND LEFT START
TRAIN 1
COMMAND LEFT END
COMMAND RIGHT START
COMMAND RIGHT END
TURN 286 RESULT
TIME LEFT 0 5 RIGHT 0 5
TRAIN A190
MOVE A182 132
END TURN 286
TURN 287
COMMAND LEFT START
COMMAND LEFT END
COMMAND RIGHT START
COMMAND RIGHT END
TURN 287 RESULT
TIME LEFT 0 5 RIGHT 0 5
MOVE A182 147
DAMAGE TURRET A182 1
DAMAGE COMBAT A182 1
DAMAGE COMBAT B20 1
END TURN 287
TURN 288
COMMAND LEFT START
TRAIN 1
COMMAND LEFT END
COMMAND RIGHT START
MOVE B21 147
MOVE B22 188
MOVE B24 207
TRAIN 1
COMMAND RIGHT END
TURN 288 RESULT
TIME LEFT 0 5 RIGHT 0 5
TRAIN A191 B74
MOVE B21 175
MOVE B22 197
MOVE B24 214
DAMAGE TURRET A182 1
SIEGE B 147 1
END TURN 288
TURN 289
COMMAND LEFT START
TRAIN 1
COMMAND LEFT END
COMMAND RIGHT START
COMMAND RIGHT END
TURN 289 RESULT
TIME LEFT 0 5 RIGHT 0 5
TRAIN A192
MOVE B21 170
MOVE B22 188
MOVE B24 207
DAMAGE TURRET A182 1
SIEGE B 147 1
END TURN 289
TURN 290
COMMAND LEFT START
COMMAND LEFT END
COMMAND RIGHT START
COMMAND RIGHT END
TURN 290 RESULT
TIME LEFT 0 5 RIGHT 0 5
MOVE B21 167
DAMAGE TURRET A182 1
SIEGE B 147 1
END TURN 290
TURN 291
COMMAND LEFT START
TRAIN 1
COMMAND LEFT END
COMMAND RIGHT START
COMMAND RIGHT END
TURN 291 RESULT
TIME LEFT 0 5 RIGHT 0 5
TRAIN A193
MOVE B21 156
DAMAGE TURRET A182 1
SIEGE B 147 1
END TURN 291
TURN 292
COMMAND LEFT START
COMMAND LEFT END
COMMAND RIGHT START
TRAIN 1
COMMAND RIGHT END
TURN 292 RESULT
TIME LEFT 0 5 RIGHT 0 5
TRAIN B75
MOVE B21 148
DAMAGE TURRET A182 1
SIEGE B 147 1
END TURN 292
TURN 293
COMMAND LEFT START
TRAIN 1
COMMAND LEFT END
COMMAND RIGHT START
COMMAND RIGHT END
TURN 293 RESULT
TIME LEFT 0 5 RIGHT 0 5
TRAIN A194
MOVE B21 145
DAMAGE TURRET A182 1
SIEGE B 147 1
END TURN 293
TURN 294
COMMAND LEFT START
MOVE A194 147
COMMAND LEFT END
COMMAND RIGHT START
MOVE B25 147
COMMAND RIGHT END
TURN 294 RESULT
TIME LEFT 0 5 RIGHT 0 5
MOVE A194 5
MOVE B21 144
MOVE B25 215
END TURN 294
TURN 295
COMMAND LEFT START
TRAIN 1
COMMAND LEFT END
COMMAND RIGHT START
COMMAND RIGHT END
TURN 295 RESULT
TIME LEFT 0 5 RIGHT 0 5
TRAIN A195
MOVE A194 14
MOVE B21 147
MOVE B25 208
END TURN 295
TURN 296
COMMAND LEFT START
COMMAND LEFT END
COMMAND RIGHT START
COMMAND RIGHT END
TURN 296 RESULT
TIME LEFT 0 5 RIGHT 0 5
MOVE A194 28
MOVE B25 196
END TURN 296
TURN 297
COMMAND LEFT START
TRAIN 1
COMMAND LEFT END
COMMAND RIGHT START
COMMAND RIGHT END
TURN 297 RESULT
TIME LEFT 0 5 RIGHT 0 5
TRAIN A196
MOVE A194 39
MOVE B25 194
END TURN 297
TURN 298
COMMAND LEFT START
COMMAND LEFT END
COMMAND RIGHT START
COMMAND RIGHT END
TURN 298 RESULT
TIME LEFT 0 5 RIGHT 0 5
MOVE A194 53
MOVE B25 181
END TURN 298
TURN 299
COMMAND LEFT START
TRAIN 1
COMMAND LEFT END
COMMAND RIGHT START
COMMAND RIGHT END
TURN 299 RESULT
TIME LEFT 0 5 RIGHT 0 5
TRAIN A197
MOVE A194 61
MOVE B25 159
END TURN 299
TURN 300
COMMAND LEFT START
TRAIN 1
COMMAND LEFT END
COMMAND RIGHT START
COMMAND RIGHT END
TURN 300 RESULT
TIME LEFT 0 5 RIGHT 0 5
TRAIN A198
MOVE A194 78
MOVE B25 147
END TURN 300
TURN 301
COMMAND LEFT START
COMMAND LEFT END
COMMAND RIGHT START
MOVE B25 216
COMMAND RIGHT END
TURN 301 RESULT
TIME LEFT 0 5 RIGHT 0 5
MOVE A194 91
MOVE B25 159
END TURN 301
TURN 302
COMMAND LEFT START
TRAIN 1
COMMAND LEFT END
COMMAND RIGHT START
COMMAND RIGHT END
TURN 302 RESULT
TIME LEFT 0 5 RIGHT 0 5
TRAIN A199
MOVE A194 110
MOVE B25 181
END TURN 302
TURN 303
COMMAND LEFT START
COMMAND LEFT END
COMMAND RIGHT START
UPGRADE 147
COMMAND RIGHT END
TURN 303 RESULT
TIME LEFT 0 5 RIGHT 0 5
UPGRADE B 147
MOVE A194 120
MOVE B25 194
END TURN 303
TURN 304
COMMAND LEFT START
COMMAND LEFT END
COMMAND RIGHT START
COMMAND RIGHT END
TURN 304 RESULT
TIME LEFT 0 5 RIGHT 0 5
MOVE A194 132
MOVE B25 196
END TURN 304
TURN 305
COMMAND LEFT START
TRAIN 1
COMMAND LEFT END
COMMAND RIGHT START
COMMAND RIGHT END
TURN 305 RESULT
TIME LEFT 0 5 RIGHT 0 5
TRAIN A200
MOVE A194 147
MOVE B25 208
DAMAGE TURRET A194 1
DAMAGE COMBAT A194 1
DAMAGE COMBAT B21 1
END TURN 305
TURN 306
COMMAND LEFT START
COMMAND LEFT END
COMMAND RIGHT START
COMMAND RIGHT END
TURN 306 RESULT
TIME LEFT 0 5 RIGHT 0 5
MOVE B25 215
DAMAGE TURRET A194 1
DAMAGE COMBAT A194 1
DAMAGE COMBAT B21 1
END TURN 306
TURN 307
COMMAND LEFT START
TRAIN 1
COMMAND LEFT END
COMMAND RIGHT START
COMMAND RIGHT END
TURN 307 RESULT
TIME LEFT 0 5 RIGHT 0 5
TRAIN A201
MOVE B25 216
DAMAGE TURRET A194 1
DAMAGE COMBAT A194 1
DAMAGE COMBAT B21 1
END TURN 307
TURN 308
COMMAND LEFT START
COMMAND LEFT END
COMMAND RIGHT START
TRAIN 1
COMMAND RIGHT END
TURN 308 RESULT
TIME LEFT 0 5 RIGHT 0 5
TRAIN B76
DAMAGE TURRET A194 1
DAMAGE COMBAT A194 1
DAMAGE COMBAT B21 1
END TURN 308
TURN 309
COMMAND LEFT START
MOVE A201 147
COMMAND LEFT END
COMMAND RIGHT START
COMMAND RIGHT END
TURN 309 RESULT
TIME LEFT 0 5 RIGHT 0 5
MOVE A201 5
END TURN 309
TURN 310
COMMAND LEFT START
TRAIN 1
COMMAND LEFT END
COMMAND RIGHT START
COMMAND RIGHT END
TURN 310 RESULT
TIME LEFT 0 5 RIGHT 0 5
TRAIN A202
MOVE A201 14
END TURN 310
TURN 311
COMMAND LEFT START
TRAIN 1
COMMAND LEFT END
COMMAND RIGHT START
TRAIN 1
COMMAND RIGHT END
TURN 311 RESULT
TIME LEFT 0 5 RIGHT 0 5
TRAIN A203 B77
MOVE A201 28
END TURN 311
TURN 312
COMMAND LEFT START
COMMAND LEFT END
COMMAND RIGHT START
COMMAND RIGHT END
TURN 312 RESULT
TIME LEFT 0 5 RIGHT 0 5
MOVE A201 39
END TURN 312
TURN 313
COMMAND LEFT START
COMMAND LEFT END
COMMAND RIGHT START
TRAIN 1
COMMAND RIGHT END
TURN 313 RESULT
TIME LEFT 0 5 RIGHT 0 5
TRAIN B78
MOVE A201 53
END TURN 313
TURN 314
COMMAND LEFT START
TRAIN 1
COMMAND LEFT END
COMMAND RIGHT START
COMMAND RIGHT END
TURN 314 RESULT
TIME LEFT 0 5 RIGHT 0 5
TRAIN A204
MOVE A201 61
END TURN 314
TURN 315
COMMAND LEFT START
COMMAND LEFT END
COMMAND RIGHT START
COMMAND RIGHT END
TURN 315 RESULT
TIME LEFT 0 5 RIGHT 0 5
MOVE A201 78
END TURN 315
TURN 316
COMMAND LEFT START
TRAIN 1
COMMAND LEFT END
COMMAND RIGHT START
TRAIN 1
COMMAND RIGHT END
TURN 316 RESULT
TIME LEFT 0 5 RIGHT 0 5
TRAIN A205 B79
MOVE A201 91
END TURN 316
TURN 317
COMMAND LEFT START
COMMAND LEFT END
COMMAND RIGHT START
COMMAND RIGHT END
TURN 317 RESULT
TIME LEFT 0 5 RIGHT 0 5
MOVE A201 110
END TURN 317
TURN 318
COMMAND LEFT START
COMMAND LEFT END
COMMAND RIGHT START
COMMAND RIGHT END
TURN 318 RESULT
TIME LEFT 0 5 RIGHT 0 5
MOVE A201 120
END TURN 318
TURN 319
COMMAND LEFT START
TRAIN 1
COMMAND LEFT END
COMMAND RIGHT START
TRAIN 1
COMMAND RIGHT END
TURN 319 RESULT
TIME LEFT 0 5 RIGHT 0 5
TRAIN A206 B80
MOVE A201 132
END TURN 319
TURN 320
COMMAND LEFT START
COMMAND LEFT END
COMMAND RIGHT START
COMMAND RIGHT END
TURN 320 RESULT
TIME LEFT 0 5 RIGHT 0 5
MOVE A201 147
DAMAGE TURRET A201 1
DAMAGE COMBAT A201 1
DAMAGE COMBAT B21 1
END TURN 320
TURN 321
COMMAND LEFT START
TRAIN 1
COMMAND LEFT END
COMMAND RIGHT START
MOVE B22 147
MOVE B24 188
MOVE B25 207
COMMAND RIGHT END
TURN 321 RESULT
TIME LEFT 0 5 RIGHT 0 5
TRAIN A207
MOVE B22 175
MOVE B24 197
MOVE B25 214
DAMAGE TURRET A201 1
SIEGE B 147 1
END TURN 321
TURN 322
COMMAND LEFT START
COMMAND LEFT END
COMMAND RIGHT START
COMMAND RIGHT END
TURN 322 RESULT
TIME LEFT 0 5 RIGHT 0 5
MOVE B22 170
MOVE B24 188
MOVE B25 207
DAMAGE TURRET A201 1
SIEGE B 147 1
END TURN 322
TURN 323
COMMAND LEFT START
COMMAND LEFT END
COMMAND RIGHT START
TRAIN 1
COMMAND RIGHT END
TURN 323 RESULT
TIME LEFT 0 5 RIGHT 0 5
TRAIN B81
MOVE B22 167
DAMAGE TURRET A201 1
SIEGE B 147 1
END TURN 323
TURN 324
COMMAND LEFT START
TRAIN 1
COMMAND LEFT END
COMMAND RIGHT START
COMMAND RIGHT END
TURN 324 RESULT
TIME LEFT 0 5 RIGHT 0 5
TRAIN A208
MOVE B22 156
DAMAGE TURRET A201 1
SIEGE B 147 1
END TURN 324
TURN 325
COMMAND LEFT START
COMMAND LEFT END
COMMAND RIGHT START
COMMAND RIGHT END
TURN 325 RESULT
TIME LEFT 0 5 RIGHT 0 5
MOVE B22 148
DAMAGE TURRET A201 1
SIEGE B 147 1
END TURN 325
TURN 326
COMMAND LEFT START
COMMAND LEFT END
COMMAND RIGHT START
COMMAND RIGHT END
TURN 326 RESULT
TIME LEFT 0 5 RIGHT 0 5
MOVE B22 145
DAMAGE TURRET A201 1
SIEGE B 147 1
END TURN 326
TURN 327
COMMAND LEFT START
MOVE A208 147
COMMAND LEFT END
COMMAND RIGHT START
MOVE B26 147
COMMAND RIGHT END
TURN 327 RESULT
TIME LEFT 0 5 RIGHT 0 5
MOVE A208 5
MOVE B22 144
MOVE B26 215
END TURN 327
TURN 328
COMMAND LEFT START
TRAIN 1
COMMAND LEFT END
COMMAND RIGHT START
COMMAND RIGHT END
TURN 328 RESULT
TIME LEFT 0 5 RIGHT 0 5
TRAIN A209
MOVE A208 14
MOVE B22 147
MOVE B26 208
END TURN 328
TURN 329
COMMAND LEFT START
COMMAND LEFT END
COMMAND RIGHT START
COMMAND RIGHT END
TURN 329 RESULT
TIME LEFT 0 5 RIGHT 0 5
MOVE A208 28
MOVE B26 196
END TURN 329
TURN 330
COMMAND LEFT START
TRAIN 1
COMMAND LEFT END
COMMAND RIGHT START
COMMAND RIGHT END
TURN 330 RESULT
TIME LEFT 0 5 RIGHT 0 5
TRAIN A210
MOVE A208 39
MOVE B26 194
END TURN 330
TURN 331
COMMAND LEFT START
COMMAND LEFT END
COMMAND RIGHT START
COMMAND RIGHT END
TURN 331 RESULT
TIME LEFT 0 5 RIGHT 0 5
MOVE A208 53
MOVE B26 181
END TURN 331
TURN 332
COMMAND LEFT START
COMMAND LEFT END
COMMAND RIGHT START
COMMAND RIGHT END
TURN 332 RESULT
TIME LEFT 0 5 RIGHT 0 5
MOVE A208 61
MOVE B26 159
END TURN 332
TURN 333
COMMAND LEFT START
TRAIN 1
COMMAND LEFT END
COMMAND RIGHT START
COMMAND RIGHT END
TURN 333 RESULT
TIME LEFT 0 5 RIGHT 0 5
TRAIN A211
MOVE A208 78
MOVE B26 147
END TURN 333
TURN 334
COMMAND LEFT START
COMMAND LEFT END
COMMAND RIGHT START
MOVE B26 216
COMMAND RIGHT END
TURN 334 RESULT
TIME LEFT 0 5 RIGHT 0 5
MOVE A208 91
MOVE B26 159
END TURN 334
TURN 335
COMMAND LEFT START
COMMAND LEFT END
COMMAND RIGHT START
COMMAND RIGHT END
TURN 335 RESULT
TIME LEFT 0 5 RIGHT 0 5
MOVE A208 110
MOVE B26 181
END TURN 335
TURN 336
COMMAND LEFT START
TRAIN 1
COMMAND LEFT END
COMMAND RIGHT START
COMMAND RIGHT END
TURN 336 RESULT
TIME LEFT 0 5 RIGHT 0 5
TRAIN A212
MOVE A208 120
MOVE B26 194
END TURN 336
TURN 337
COMMAND LEFT START
COMMAND LEFT END
COMMAND RIGHT START
COMMAND RIGHT END
TURN 337 RESULT
TIME LEFT 0 5 RIGHT 0 5
MOVE A208 132
MOVE B26 196
END TURN 337
TURN 338
COMMAND LEFT START
COMMAND LEFT END
COMMAND RIGHT START
COMMAND RIGHT END
TURN 338 RESULT
TIME LEFT 0 5 RIGHT 0 5
MOVE A208 147
MOVE B26 208
DAMAGE COMBAT A208 1
DAMAGE COMBAT B22 1
END TURN 338
TURN 339
COMMAND LEFT START
COMMAND LEFT END
COMMAND RIGHT START
COMMAND RIGHT END
TURN 339 RESULT
TIME LEFT 0 5 RIGHT 0 5
MOVE B26 215
DAMAGE COMBAT A208 1
DAMAGE COMBAT B22 1
END TURN 339
TURN 340
COMMAND LEFT START
TRAIN 1
COMMAND LEFT END
COMMAND RIGHT START
COMMAND RIGHT END
TURN 340 RESULT
TIME LEFT 0 5 RIGHT 0 5
TRAIN A213
MOVE B26 216
DAMAGE COMBAT A208 1
DAMAGE COMBAT B22 1
END TURN 340
TURN 341
COMMAND LEFT START
COMMAND LEFT END
COMMAND RIGHT START
COMMAND RIGHT END
TURN 341 RESULT
TIME LEFT 0 5 RIGHT 0 5
DAMAGE COMBAT A208 1
DAMAGE COMBAT B22 1
END TURN 341
TURN 342
COMMAND LEFT START
COMMAND LEFT END
COMMAND RIGHT START
COMMAND RIGHT END
TURN 342 RESULT
TIME LEFT 0 5 RIGHT 0 5
DAMAGE COMBAT A208 1
DAMAGE COMBAT B22 1
END TURN 342
TURN 343
COMMAND LEFT START
TRAIN 1
COMMAND LEFT END
COMMAND RIGHT START
COMMAND RIGHT END
TURN 343 RESULT
TIME LEFT 0 5 RIGHT 0 5
TRAIN A214
DAMAGE COMBAT A208 1
DAMAGE COMBAT B22 1
END TURN 343
TURN 344
COMMAND LEFT START
UPGRADE 147
COMMAND LEFT END
COMMAND RIGHT START
MOVE B26 147
COMMAND RIGHT END
TURN 344 RESULT
TIME LEFT 0 5 RIGHT 0 5
UPGRADE A 147
MOVE B26 215
END TURN 344
TURN 345
COMMAND LEFT START
COMMAND LEFT END
COMMAND RIGHT START
COMMAND RIGHT END
TURN 345 RESULT
TIME LEFT 0 5 RIGHT 0 5
MOVE B26 208
END TURN 345
TURN 346
COMMAND LEFT START
COMMAND LEFT END
COMMAND RIGHT START
COMMAND RIGHT END
TURN 346 RESULT
TIME LEFT 0 5 RIGHT 0 5
MOVE B26 196
END TURN 346
TURN 347
COMMAND LEFT START
COMMAND LEFT END
COMMAND RIGHT START
COMMAND RIGHT END
TURN 347 RESULT
TIME LEFT 0 5 RIGHT 0 5
MOVE B26 194
END TURN 347
TURN 348
COMMAND LEFT START
TRAIN 1
COMMAND LEFT END
COMMAND RIGHT START
COMMAND RIGHT END
TURN 348 RESULT
TIME LEFT 0 5 RIGHT 0 5
TRAIN A215
MOVE B26 181
END TURN 348
TURN 349
COMMAND LEFT START
TRAIN 1
COMMAND LEFT END
COMMAND RIGHT START
UPGRADE 124
COMMAND RIGHT END
TURN 349 RESULT
TIME LEFT 0 5 RIGHT 0 5
UPGRADE B 124
TRAIN A216
MOVE B26 159
END TURN 349
TURN 350
COMMAND LEFT START
COMMAND LEFT END
COMMAND RIGHT START
MOVE B5 138
MOVE B7 124
MOVE B24 163
MOVE B25 188
MOVE B27 207
COMMAND RIGHT END
TURN 350 RESULT
TIME LEFT 0 5 RIGHT 0 5
MOVE B5 155
MOVE B7 125
MOVE B24 177
MOVE B25 197
MOVE B26 147
MOVE B27 214
DAMAGE TURRET B26 1
DAMAGE COMBAT A208 1
DAMAGE COMBAT B26 1
END TURN 350
TURN 351
COMMAND LEFT START
COMMAND LEFT END
COMMAND RIGHT START
COMMAND RIGHT END
TURN 351 RESULT
TIME LEFT 0 5 RIGHT 0 5
MOVE B5 138
MOVE B7 124
MOVE B24 163
MOVE B25 188
MOVE B27 207
DAMAGE TURRET B26 1
DAMAGE COMBAT A208 1
DAMAGE COMBAT B26 1
END TURN 351
TURN 352
COMMAND LEFT START
TRAIN 1
COMMAND LEFT END
COMMAND RIGHT START
MOVE B26 216
TRAIN 1
COMMAND RIGHT END
TURN 352 RESULT
TIME LEFT 0 5 RIGHT 0 5
TRAIN A217 B82
MOVE B26 159
END TURN 352
TURN 353
COMMAND LEFT START
MOVE A7 147
COMMAND LEFT END
COMMAND RIGHT START
COMMAND RIGHT END
TURN 353 RESULT
TIME LEFT 0 5 RIGHT 0 5
MOVE A7 118
MOVE B26 181
END TURN 353
TURN 354
COMMAND LEFT START
MOVE A27 147
COMMAND LEFT END
COMMAND RIGHT START
COMMAND RIGHT END
TURN 354 RESULT
TIME LEFT 0 5 RIGHT 0 5
MOVE A7 126
MOVE A27 5
MOVE B26 194
END TURN 354
TURN 355
COMMAND LEFT START
MOVE A28 147
COMMAND LEFT END
COMMAND RIGHT START
MOVE B28 147
COMMAND RIGHT END
TURN 355 RESULT
TIME LEFT 0 5 RIGHT 0 5
MOVE A7 141
MOVE A27 14
MOVE A28 5
MOVE B26 196
MOVE B28 215
END TURN 355
TURN 356
COMMAND LEFT START
MOVE A29 147
TRAIN 1
COMMAND LEFT END
COMMAND RIGHT START
COMMAND RIGHT END
TURN 356 RESULT
TIME LEFT 0 5 RIGHT 0 5
TRAIN A218
MOVE A7 148
MOVE A27 28
MOVE A28 14
MOVE A29 5
MOVE B26 208
MOVE B28 208
END TURN 356
TURN 357
COMMAND LEFT START
MOVE A30 147
COMMAND LEFT END
COMMAND RIGHT START
COMMAND RIGHT END
TURN 357 RESULT
TIME LEFT 0 5 RIGHT 0 5
MOVE A7 145
MOVE A27 39
MOVE A28 28
MOVE A29 14
MOVE A30 5
MOVE B26 215
MOVE B28 196
END TURN 357
TURN 358
COMMAND LEFT START
MOVE A32 147
COMMAND LEFT END
COMMAND RIGHT START
COMMAND RIGHT END
TURN 358 RESULT
TIME LEFT 0 5 RIGHT 0 5
MOVE A7 144
MOVE A27 53
MOVE A28 39
MOVE A29 28
MOVE A30 14
MOVE A32 5
MOVE B26 216
MOVE B28 194
END TURN 358
TURN 359
COMMAND LEFT START
MOVE A33 147
COMMAND LEFT END
COMMAND RIGHT START
COMMAND RIGHT END
TURN 359 RESULT
TIME LEFT 0 5 RIGHT 0 5
MOVE A7 147
MOVE A27 61
MOVE A28 53
MOVE A29 39
MOVE A30 28
MOVE A32 14
MOVE A33 5
MOVE B28 181
END TURN 359
TURN 360
COMMAND LEFT START
TRAIN 1
COMMAND LEFT END
COMMAND RIGHT START
MOVE B11 25
MOVE B18 25
MOVE B26 25
MOVE B29 25
MOVE B30 25
MOVE B31 25
MOVE B32 25
MOVE B33 25
MOVE B34 25
MOVE B35 25
MOVE B36 25
MOVE B37 25
MOVE B38 25
MOVE B39 25
MOVE B40 25
MOVE B41 25
MOVE B42 25
MOVE B43 25
MOVE B44 25
MOVE B45 25
MOVE B46 25
MOVE B47 25
MOVE B48 25
MOVE B49 25
MOVE B50 25
MOVE B51 25
MOVE B52 25
MOVE B53 25
MOVE B54 25
MOVE B55 25
MOVE B56 25
MOVE B57 25
MOVE B58 25
MOVE B59 25
MOVE B60 25
MOVE B61 25
MOVE B62 25
MOVE B63 25
MOVE B64 25
MOVE B65 25
MOVE B66 25
MOVE B67 25
MOVE B68 25
MOVE B69 25
MOVE B70 25
MOVE B71 25
MOVE B72 25
MOVE B73 25
MOVE B74 25
MOVE B75 25
MOVE B76 25
MOVE B77 25
MOVE B78 25
MOVE B79 25
MOVE B80 25
MOVE B81 25
MOVE B82 25
COMMAND RIGHT END
TURN 360 RESULT
TIME LEFT 0 5 RIGHT 0 5
TRAIN A219
MOVE A27 78
MOVE A28 61
MOVE A29 53
MOVE A30 39
MOVE A32 28
MOVE A33 14
MOVE B11 25
MOVE B18 25
MOVE B26 209
MOVE B28 159
MOVE B29 209
MOVE B30 209
MOVE B31 209
MOVE B32 209
MOVE B33 209
MOVE B34 209
MOVE B35 209
MOVE B36 209
MOVE B37 209
MOVE B38 209
MOVE B39 209
MOVE B40 209
MOVE B41 209
MOVE B42 209
MOVE B43 209
MOVE B44 209
MOVE B45 209
MOVE B46 209
MOVE B47 209
MOVE B48 209
MOVE B49 209
MOVE B50 209
MOVE B51 209
MOVE B52 209
MOVE B53 209
MOVE B54 209
MOVE B55 209
MOVE B56 209
MOVE B57 209
MOVE B58 209
MOVE B59 209
MOVE B60 209
MOVE B61 209
MOVE B62 209
MOVE B63 209
MOVE B64 209
MOVE B65 209
MOVE B66 209
MOVE B67 209
MOVE B68 209
MOVE B69 209
MOVE B70 209
MOVE B71 209
MOVE B72 209
MOVE B73 209
MOVE B74 209
MOVE B75 209
MOVE B76 209
MOVE B77 209
MOVE B78 209
MOVE B79 209
MOVE B80 209
MOVE B81 209
MOVE B82 209
END TURN 360
TURN 361
COMMAND LEFT START
COMMAND LEFT END
COMMAND RIGHT START
COMMAND RIGHT END
TURN 361 RESULT
TIME LEFT 0 5 RIGHT 0 5
MOVE A27 91
MOVE A28 78
MOVE A29 61
MOVE A30 53
MOVE A32 39
MOVE A33 28
MOVE B26 199
MOVE B28 147
MOVE B29 199
MOVE B30 199
MOVE B31 199
MOVE B32 199
MOVE B33 199
MOVE B34 199
MOVE B35 199
MOVE B36 199
MOVE B37 199
MOVE B38 199
MOVE B39 199
MOVE B40 199
MOVE B41 199
MOVE B42 199
MOVE B43 199
MOVE B44 199
MOVE B45 199
MOVE B46 199
MOVE B47 199
MOVE B48 199
MOVE B49 199
MOVE B50 199
MOVE B51 199
MOVE B52 199
MOVE B53 199
MOVE B54 199
MOVE B55 199
MOVE B56 199
MOVE B57 199
MOVE B58 199
MOVE B59 199
MOVE B60 199
MOVE B61 199
MOVE B62 199
MOVE B63 199
MOVE B64 199
MOVE B65 199
MOVE B66 199
MOVE B67 199
MOVE B68 199
MOVE B69 199
MOVE B70 199
MOVE B71 199
MOVE B72 199
MOVE B73 199
MOVE B74 199
MOVE B75 199
MOVE B76 199
MOVE B77 199
MOVE B78 199
MOVE B79 199
MOVE B80 199
MOVE B81 199
MOVE B82 199
DAMAGE TURRET B28 1
DAMAGE COMBAT A7 1
DAMAGE COMBAT B28 1
END TURN 361
TURN 362
COMMAND LEFT START
COMMAND LEFT END
COMMAND RIGHT START
COMMAND RIGHT END
TURN 362 RESULT
TIME LEFT 0 5 RIGHT 0 5
MOVE A27 110
MOVE A28 91
MOVE A29 78
MOVE A30 61
MOVE A32 53
MOVE A33 39
MOVE B26 191
MOVE B29 191
MOVE B30 191
MOVE B31 191
MOVE B32 191
MOVE B33 191
MOVE B34 191
MOVE B35 191
MOVE B36 191
MOVE B37 191
MOVE B38 191
MOVE B39 191
MOVE B40 191
MOVE B41 191
MOVE B42 191
MOVE B43 191
MOVE B44 191
MOVE B45 191
MOVE B46 191
MOVE B47 191
MOVE B48 191
MOVE B49 191
MOVE B50 191
MOVE B51 191
MOVE B52 191
MOVE B53 191
MOVE B54 191
MOVE B55 191
MOVE B56 191
MOVE B57 191
MOVE B58 191
MOVE B59 191
MOVE B60 191
MOVE B61 191
MOVE B62 191
MOVE B63 191
MOVE B64 191
MOVE B65 191
MOVE B66 191
MOVE B67 191
MOVE B68 191
MOVE B69 191
MOVE B70 191
MOVE B71 191
MOVE B72 191
MOVE B73 191
MOVE B74 191
MOVE B75 191
MOVE B76 191
MOVE B77 191
MOVE B78 191
MOVE B79 191
MOVE B80 191
MOVE B81 191
MOVE B82 191
DAMAGE TURRET B28 1
DAMAGE COMBAT A7 1
DAMAGE COMBAT B28 1
END TURN 362
TURN 363
COMMAND LEFT START
TRAIN 1
COMMAND LEFT END
COMMAND RIGHT START
COMMAND RIGHT END
TURN 363 RESULT
TIME LEFT 0 5 RIGHT 0 5
TRAIN A220
MOVE A27 120
MOVE A28 110
MOVE A29 91
MOVE A30 78
MOVE A32 61
MOVE A33 53
MOVE B26 170
MOVE B29 170
MOVE B30 170
MOVE B31 170
MOVE B32 170
MOVE B33 170
MOVE B34 170
MOVE B35 170
MOVE B36 170
MOVE B37 170
MOVE B38 170
MOVE B39 170
MOVE B40 170
MOVE B41 170
MOVE B42 170
MOVE B43 170
MOVE B44 170
MOVE B45 170
MOVE B46 170
MOVE B47 170
MOVE B48 170
MOVE B49 170
MOVE B50 170
MOVE B51 170
MOVE B52 170
MOVE B53 170
MOVE B54 170
MOVE B55 170
MOVE B56 170
MOVE B57 170
MOVE B58 170
MOVE B59 170
MOVE B60 170
MOVE B61 170
MOVE B62 170
MOVE B63 170
MOVE B64 170
MOVE B65 170
MOVE B66 170
MOVE B67 170
MOVE B68 170
MOVE B69 170
MOVE B70 170
MOVE B71 170
MOVE B72 170
MOVE B73 170
MOVE B74 170
MOVE B75 170
MOVE B76 170
MOVE B77 170
MOVE B78 170
MOVE B79 170
MOVE B80 170
MOVE B81 170
MOVE B82 170
DAMAGE TURRET B28 1
DAMAGE COMBAT A7 1
DAMAGE COMBAT B28 1
END TURN 363
TURN 364
COMMAND LEFT START
COMMAND LEFT END
COMMAND RIGHT START
MOVE B11 147
COMMAND RIGHT END
TURN 364 RESULT
TIME LEFT 0 5 RIGHT 0 5
MOVE A27 132
MOVE A28 120
MOVE A29 110
MOVE A30 91
MOVE A32 78
MOVE A33 61
MOVE B11 46
MOVE B26 157
MOVE B29 157
MOVE B30 157
MOVE B31 157
MOVE B32 157
MOVE B33 157
MOVE B34 157
MOVE B35 157
MOVE B36 157
MOVE B37 157
MOVE B38 157
MOVE B39 157
MOVE B40 157
MOVE B41 157
MOVE B42 157
MOVE B43 157
MOVE B44 157
MOVE B45 157
MOVE B46 157
MOVE B47 157
MOVE B48 157
MOVE B49 157
MOVE B50 157
MOVE B51 157
MOVE B52 157
MOVE B53 157
MOVE B54 157
MOVE B55 157
MOVE B56 157
MOVE B57 157
MOVE B58 157
MOVE B59 157
MOVE B60 157
MOVE B61 157
MOVE B62 157
MOVE B63 157
MOVE B64 157
MOVE B65 157
MOVE B66 157
MOVE B67 157
MOVE B68 157
MOVE B69 157
MOVE B70 157
MOVE B71 157
MOVE B72 157
MOVE B73 157
MOVE B74 157
MOVE B75 157
MOVE B76 157
MOVE B77 157
MOVE B78 157
MOVE B79 157
MOVE B80 157
MOVE B81 157
MOVE B82 157
END TURN 364
TURN 365
COMMAND LEFT START
COMMAND LEFT END
COMMAND RIGHT START
COMMAND RIGHT END
TURN 365 RESULT
TIME LEFT 0 5 RIGHT 0 5
MOVE A27 147
MOVE A28 132
MOVE A29 120
MOVE A30 110
MOVE A32 91
MOVE A33 78
MOVE B11 59
MOVE B26 140
MOVE B29 140
MOVE B30 140
MOVE B31 140
MOVE B32 140
MOVE B33 140
MOVE B34 140
MOVE B35 140
MOVE B36 140
MOVE B37 140
MOVE B38 140
MOVE B39 140
MOVE B40 140
MOVE B41 140
MOVE B42 140
MOVE B43 140
MOVE B44 140
MOVE B45 140
MOVE B46 140
MOVE B47 140
MOVE B48 140
MOVE B49 140
MOVE B50 140
MOVE B51 140
MOVE B52 140
MOVE B53 140
MOVE B54 140
MOVE B55 140
MOVE B56 140
MOVE B57 140
MOVE B58 140
MOVE B59 140
MOVE B60 140
MOVE B61 140
MOVE B62 140
MOVE B63 140
MOVE B64 140
MOVE B65 140
MOVE B66 140
MOVE B67 140
MOVE B68 140
MOVE B69 140
MOVE B70 140
MOVE B71 140
MOVE B72 140
MOVE B73 140
MOVE B74 140
MOVE B75 140
MOVE B76 140
MOVE B77 140
MOVE B78 140
MOVE B79 140
MOVE B80 140
MOVE B81 140
MOVE B82 140
END TURN 365
TURN 366
COMMAND LEFT START
MOVE A27 108
COMMAND LEFT END
COMMAND RIGHT START
COMMAND RIGHT END
TURN 366 RESULT
TIME LEFT 0 5 RIGHT 0 5
MOVE A27 144
MOVE A28 147
MOVE A29 132
MOVE A30 120
MOVE A32 110
MOVE A33 91
MOVE B11 73
MOVE B26 108
MOVE B29 108
MOVE B30 108
MOVE B31 108
MOVE B32 108
MOVE B33 108
MOVE B34 108
MOVE B35 108
MOVE B36 108
MOVE B37 108
MOVE B38 108
MOVE B39 108
MOVE B40 108
MOVE B41 108
MOVE B42 108
MOVE B43 108
MOVE B44 108
MOVE B45 108
MOVE B46 108
MOVE B47 108
MOVE B48 108
MOVE B49 108
MOVE B50 108
MOVE B51 108
MOVE B52 108
MOVE B53 108
MOVE B54 108
MOVE B55 108
MOVE B56 108
MOVE B57 108
MOVE B58 108
MOVE B59 108
MOVE B60 108
MOVE B61 108
MOVE B62 108
MOVE B63 108
MOVE B64 108
MOVE B65 108
MOVE B66 108
MOVE B67 108
MOVE B68 108
MOVE B69 108
MOVE B70 108
MOVE B71 108
MOVE B72 108
MOVE B73 108
MOVE B74 108
MOVE B75 108
MOVE B76 108
MOVE B77 108
MOVE B78 108
MOVE B79 108
MOVE B80 108
MOVE B81 108
MOVE B82 108
DAMAGE TURRET B26 2
DAMAGE COMBAT A9 6
DAMAGE COMBAT A10 6
DAMAGE COMBAT A72 5
DAMAGE COMBAT B29 3
SIEGE A 108 18
END TURN 366
TURN 367
COMMAND LEFT START
MOVE A220 53
MOVE A219 53
MOVE A218 53
MOVE A217 53
MOVE A216 53
MOVE A215 53
MOVE A214 53
MOVE A213 53
MOVE A212 53
MOVE A211 53
MOVE A210 53
MOVE A209 53
MOVE A207 53
MOVE A206 53
MOVE A205 53
MOVE A204 53
MOVE A203 53
MOVE A202 53
MOVE A200 53
MOVE A199 53
MOVE A198 53
MOVE A197 53
MOVE A196 53
MOVE A195 53
MOVE A193 53
MOVE A192 53
MOVE A191 53
MOVE A190 53
MOVE A189 53
MOVE A188 53
COMMAND LEFT END
COMMAND RIGHT START
MOVE B18 0
COMMAND RIGHT END
TURN 367 RESULT
TIME LEFT 0 5 RIGHT 0 5
MOVE A27 145
MOVE A29 147
MOVE A30 132
MOVE A32 120
MOVE A33 110
MOVE A188 5
MOVE A189 5
MOVE A190 5
MOVE A191 5
MOVE A192 5
MOVE A193 5
MOVE A195 5
MOVE A196 5
MOVE A197 5
MOVE A198 5
MOVE A199 5
MOVE A200 5
MOVE A202 5
MOVE A203 5
MOVE A204 5
MOVE A205 5
MOVE A206 5
MOVE A207 5
MOVE A209 5
MOVE A210 5
MOVE A211 5
MOVE A212 5
MOVE A213 5
MOVE A214 5
MOVE A215 5
MOVE A216 5
MOVE A217 5
MOVE A218 5
MOVE A219 5
MOVE A220 5
MOVE B11 79
MOVE B18 17
MOVE B29 76
MOVE B30 76
MOVE B31 76
MOVE B32 76
MOVE B33 76
MOVE B34 76
MOVE B35 76
MOVE B36 76
MOVE B37 76
MOVE B38 76
MOVE B39 76
MOVE B40 76
MOVE B41 76
MOVE B42 76
MOVE B43 76
MOVE B44 76
MOVE B45 76
MOVE B46 76
MOVE B47 76
MOVE B48 76
MOVE B49 76
MOVE B50 76
MOVE B51 76
MOVE B52 76
MOVE B53 76
MOVE B54 76
MOVE B55 76
MOVE B56 76
MOVE B57 76
MOVE B58 76
MOVE B59 76
MOVE B60 76
MOVE B61 76
MOVE B62 76
MOVE B63 76
MOVE B64 76
MOVE B65 76
MOVE B66 76
MOVE B67 76
MOVE B68 76
MOVE B69 76
MOVE B70 76
MOVE B71 76
MOVE B72 76
MOVE B73 76
MOVE B74 76
MOVE B75 76
MOVE B76 76
MOVE B77 76
MOVE B78 76
MOVE B79 76
MOVE B80 76
MOVE B81 76
MOVE B82 76
END TURN 367
TURN 368
COMMAND LEFT START
MOVE A187 53
MOVE A186 53
MOVE A185 53
MOVE A184 53
MOVE A183 53
MOVE A181 53
MOVE A180 53
MOVE A179 53
MOVE A178 53
MOVE A177 53
MOVE A176 53
COMMAND LEFT END
COMMAND RIGHT START
COMMAND RIGHT END
TURN 368 RESULT
TIME LEFT 0 5 RIGHT 0 5
MOVE A27 148
MOVE A30 147
MOVE A32 132
MOVE A33 120
MOVE A176 5
MOVE A177 5
MOVE A178 5
MOVE A179 5
MOVE A180 5
MOVE A181 5
MOVE A183 5
MOVE A184 5
MOVE A185 5
MOVE A186 5
MOVE A187 5
MOVE A188 14
MOVE A189 14
MOVE A190 14
MOVE A191 14
MOVE A192 14
MOVE A193 14
MOVE A195 14
MOVE A196 14
MOVE A197 14
MOVE A198 14
MOVE A199 14
MOVE A200 14
MOVE A202 14
MOVE A203 14
MOVE A204 14
MOVE A205 14
MOVE A206 14
MOVE A207 14
MOVE A209 14
MOVE A210 14
MOVE A211 14
MOVE A212 14
MOVE A213 14
MOVE A214 14
MOVE A215 14
MOVE A216 14
MOVE A217 14
MOVE A218 14
MOVE A219 14
MOVE A220 14
MOVE B11 85
MOVE B18 7
MOVE B29 59
MOVE B30 59
MOVE B31 59
MOVE B32 59
MOVE B33 59
MOVE B34 59
MOVE B35 59
MOVE B36 59
MOVE B37 59
MOVE B38 59
MOVE B39 59
MOVE B40 59
MOVE B41 59
MOVE B42 59
MOVE B43 59
MOVE B44 59
MOVE B45 59
MOVE B46 59
MOVE B47 59
MOVE B48 59
MOVE B49 59
MOVE B50 59
MOVE B51 59
MOVE B52 59
MOVE B53 59
MOVE B54 59
MOVE B55 59
MOVE B56 59
MOVE B57 59
MOVE B58 59
MOVE B59 59
MOVE B60 59
MOVE B61 59
MOVE B62 59
MOVE B63 59
MOVE B64 59
MOVE B65 59
MOVE B66 59
MOVE B67 59
MOVE B68 59
MOVE B69 59
MOVE B70 59
MOVE B71 59
MOVE B72 59
MOVE B73 59
MOVE B74 59
MOVE B75 59
MOVE B76 59
MOVE B77 59
MOVE B78 59
MOVE B79 59
MOVE B80 59
MOVE B81 59
MOVE B82 59
END TURN 368
TURN 369
COMMAND LEFT START
MOVE A175 53
MOVE A174 53
MOVE A173 53
MOVE A172 53
MOVE A171 53
MOVE A169 53
MOVE A168 53
MOVE A167 53
MOVE A166 53
MOVE A165 53
MOVE A164 53
COMMAND LEFT END
COMMAND RIGHT START
COMMAND RIGHT END
TURN 369 RESULT
TIME LEFT 0 5 RIGHT 0 5
MOVE A27 141
MOVE A32 147
MOVE A33 132
MOVE A164 5
MOVE A165 5
MOVE A166 5
MOVE A167 5
MOVE A168 5
MOVE A169 5
MOVE A171 5
MOVE A172 5
MOVE A173 5
MOVE A174 5
MOVE A175 5
MOVE A176 14
MOVE A177 14
MOVE A178 14
MOVE A179 14
MOVE A180 14
MOVE A181 14
MOVE A183 14
MOVE A184 14
MOVE A185 14
MOVE A186 14
MOVE A187 14
MOVE A188 28
MOVE A189 28
MOVE A190 28
MOVE A191 28
MOVE A192 28
MOVE A193 28
MOVE A195 28
MOVE A196 28
MOVE A197 28
MOVE A198 28
MOVE A199 28
MOVE A200 28
MOVE A202 28
MOVE A203 28
MOVE A204 28
MOVE A205 28
MOVE A206 28
MOVE A207 28
MOVE A209 28
MOVE A210 28
MOVE A211 28
MOVE A212 28
MOVE A213 28
MOVE A214 28
MOVE A215 28
MOVE A216 28
MOVE A217 28
MOVE A218 28
MOVE A219 28
MOVE A220 28
MOVE B11 93
MOVE B18 0
MOVE B29 46
MOVE B30 46
MOVE B31 46
MOVE B32 46
MOVE B33 46
MOVE B34 46
MOVE B35 46
MOVE B36 46
MOVE B37 46
MOVE B38 46
MOVE B39 46
MOVE B40 46
MOVE B41 46
MOVE B42 46
MOVE B43 46
MOVE B44 46
MOVE B45 46
MOVE B46 46
MOVE B47 46
MOVE B48 46
MOVE B49 46
MOVE B50 46
MOVE B51 46
MOVE B52 46
MOVE B53 46
MOVE B54 46
MOVE B55 46
MOVE B56 46
MOVE B57 46
MOVE B58 46
MOVE B59 46
MOVE B60 46
MOVE B61 46
MOVE B62 46
MOVE B63 46
MOVE B64 46
MOVE B65 46
MOVE B66 46
MOVE B67 46
MOVE B68 46
MOVE B69 46
MOVE B70 46
MOVE B71 46
MOVE B72 46
MOVE B73 46
MOVE B74 46
MOVE B75 46
MOVE B76 46
MOVE B77 46
MOVE B78 46
MOVE B79 46
MOVE B80 46
MOVE B81 46
MOVE B82 46
DAMAGE TURRET B18 3
DAMAGE COMBAT A34 1
END TURN 369
TURN 370
COMMAND LEFT START
MOVE A163 53
MOVE A162 53
MOVE A161 53
MOVE A160 53
MOVE A159 53
MOVE A158 53
MOVE A157 53
MOVE A156 53
MOVE A154 53
MOVE A153 53
MOVE A152 53
COMMAND LEFT END
COMMAND RIGHT START
TRAIN 1
COMMAND RIGHT END
TURN 370 RESULT
TIME LEFT 0 5 RIGHT 0 5
TRAIN B83
MOVE A27 126
MOVE A33 147
MOVE A152 5
MOVE A153 5
MOVE A154 5
MOVE A156 5
MOVE A157 5
MOVE A158 5
MOVE A159 5
MOVE A160 5
MOVE A161 5
MOVE A162 5
MOVE A163 5
MOVE A164 14
MOVE A165 14
MOVE A166 14
MOVE A167 14
MOVE A168 14
MOVE A169 14
MOVE A171 14
MOVE A172 14
MOVE A173 14
MOVE A174 14
MOVE A175 14
MOVE A176 28
MOVE A177 28
MOVE A178 28
MOVE A179 28
MOVE A180 28
MOVE A181 28
MOVE A183 28
MOVE A184 28
MOVE A185 28
MOVE A186 28
MOVE A187 28
MOVE A188 39
MOVE A189 39
MOVE A190 39
MOVE A191 39
MOVE A192 39
MOVE A193 39
MOVE A195 39
MOVE A196 39
MOVE A197 39
MOVE A198 39
MOVE A199 39
MOVE A200 39
MOVE A202 39
MOVE A203 39
MOVE A204 39
MOVE A205 39
MOVE A206 39
MOVE A207 39
MOVE A209 39
MOVE A210 39
MOVE A211 39
MOVE A212 39
MOVE A213 39
MOVE A214 39
MOVE A215 39
MOVE A216 39
MOVE A217 39
MOVE A218 39
MOVE A219 39
MOVE A220 39
MOVE B11 100
MOVE B29 25
MOVE B30 25
MOVE B31 25
MOVE B32 25
MOVE B33 25
MOVE B34 25
MOVE B35 25
MOVE B36 25
MOVE B37 25
MOVE B38 25
MOVE B39 25
MOVE B40 25
MOVE B41 25
MOVE B42 25
MOVE B43 25
MOVE B44 25
MOVE B45 25
MOVE B46 25
MOVE B47 25
MOVE B48 25
MOVE B49 25
MOVE B50 25
MOVE B51 25
MOVE B52 25
MOVE B53 25
MOVE B54 25
MOVE B55 25
MOVE B56 25
MOVE B57 25
MOVE B58 25
MOVE B59 25
MOVE B60 25
MOVE B61 25
MOVE B62 25
MOVE B63 25
MOVE B64 25
MOVE B65 25
MOVE B66 25
MOVE B67 25
MOVE B68 25
MOVE B69 25
MOVE B70 25
MOVE B71 25
MOVE B72 25
MOVE B73 25
MOVE B74 25
MOVE B75 25
MOVE B76 25
MOVE B77 25
MOVE B78 25
MOVE B79 25
MOVE B80 25
MOVE B81 25
MOVE B82 25
END TURN 370
TURN 371
COMMAND LEFT START
COMMAND LEFT END
COMMAND RIGHT START
COMMAND RIGHT END
TURN 371 RESULT
TIME LEFT 0 5 RIGHT 0 5
MOVE A27 118
MOVE A152 14
MOVE A153 14
MOVE A154 14
MOVE A156 14
MOVE A157 14
MOVE A158 14
MOVE A159 14
MOVE A160 14
MOVE A161 14
MOVE A162 14
MOVE A163 14
MOVE A164 28
MOVE A165 28
MOVE A166 28
MOVE A167 28
MOVE A168 28
MOVE A169 28
MOVE A171 28
MOVE A172 28
MOVE A173 28
MOVE A174 28
MOVE A175 28
MOVE A176 39
MOVE A177 39
MOVE A178 39
MOVE A179 39
MOVE A180 39
MOVE A181 39
MOVE A183 39
MOVE A184 39
MOVE A185 39
MOVE A186 39
MOVE A187 39
MOVE A188 53
MOVE A189 53
MOVE A190 53
MOVE A191 53
MOVE A192 53
MOVE A193 53
MOVE A195 53
MOVE A196 53
MOVE A197 53
MOVE A198 53
MOVE A199 53
MOVE A200 53
MOVE A202 53
MOVE A203 53
MOVE A204 53
MOVE A205 53
MOVE A206 53
MOVE A207 53
MOVE A209 53
MOVE A210 53
MOVE A211 53
MOVE A212 53
MOVE A213 53
MOVE A214 53
MOVE A215 53
MOVE A216 53
MOVE A217 53
MOVE A218 53
MOVE A219 53
MOVE A220 53
MOVE B11 115
END TURN 371
TURN 372
COMMAND LEFT START
MOVE A151 53
MOVE A150 53
MOVE A149 53
MOVE A148 53
MOVE A147 53
MOVE A146 53
MOVE A145 53
MOVE A144 53
MOVE A143 53
MOVE A142 53
MOVE A141 53
COMMAND LEFT END
COMMAND RIGHT START
COMMAND RIGHT END
TURN 372 RESULT
TIME LEFT 1 5 RIGHT 0 5
MOVE A27 108
MOVE A141 5
MOVE A142 5
MOVE A143 5
MOVE A144 5
MOVE A145 5
MOVE A146 5
MOVE A147 5
MOVE A148 5
MOVE A149 5
MOVE A150 5
MOVE A151 5
MOVE A152 28
MOVE A153 28
MOVE A154 28
MOVE A156 28
MOVE A157 28
MOVE A158 28
MOVE A159 28
MOVE A160 28
MOVE A161 28
MOVE A162 28
MOVE A163 28
MOVE A164 39
MOVE A165 39
MOVE A166 39
MOVE A167 39
MOVE A168 39
MOVE A169 39
MOVE A171 39
MOVE A172 39
MOVE A173 39
MOVE A174 39
MOVE A175 39
MOVE A176 53
MOVE A177 53
MOVE A178 53
MOVE A179 53
MOVE A180 53
MOVE A181 53
MOVE A183 53
MOVE A184 53
MOVE A185 53
MOVE A186 53
MOVE A187 53
MOVE B11 133
END TURN 372
TURN 373
COMMAND LEFT START
COMMAND LEFT END
COMMAND RIGHT START
COMMAND RIGHT END
TURN 373 RESULT
TIME LEFT 1 5 RIGHT 0 5
MOVE A141 14
MOVE A142 14
MOVE A143 14
MOVE A144 14
MOVE A145 14
MOVE A146 14
MOVE A147 14
MOVE A148 14
MOVE A149 14
MOVE A150 14
MOVE A151 14
MOVE A152 39
MOVE A153 39
MOVE A154 39
MOVE A156 39
MOVE A157 39
MOVE A158 39
MOVE A159 39
MOVE A160 39
MOVE A161 39
MOVE A162 39
MOVE A163 39
MOVE A164 53
MOVE A165 53
MOVE A166 53
MOVE A167 53
MOVE A168 53
MOVE A169 53
MOVE A171 53
MOVE A172 53
MOVE A173 53
MOVE A174 53
MOVE A175 53
MOVE B11 144
END TURN 373
TURN 374
COMMAND LEFT START
COMMAND LEFT END
COMMAND RIGHT START
COMMAND RIGHT END
TURN 374 RESULT
TIME LEFT 1 5 RIGHT 0 5
MOVE A141 28
MOVE A142 28
MOVE A143 28
MOVE A144 28
MOVE A145 28
MOVE A146 28
MOVE A147 28
MOVE A148 28
MOVE A149 28
MOVE A150 28
MOVE A151 28
MOVE A152 53
MOVE A153 53
MOVE A154 53
MOVE A156 53
MOVE A157 53
MOVE A158 53
MOVE A159 53
MOVE A160 53
MOVE A161 53
MOVE A162 53
MOVE A163 53
MOVE B11 147
DAMAGE TURRET B11 1
DAMAGE COMBAT A7 1
DAMAGE COMBAT B11 3
END TURN 374
TURN 375
COMMAND LEFT START
COMMAND LEFT END
COMMAND RIGHT START
COMMAND RIGHT END
TURN 375 RESULT
TIME LEFT 1 5 RIGHT 0 5
MOVE A141 39
MOVE A142 39
MOVE A143 39
MOVE A144 39
MOVE A145 39
MOVE A146 39
MOVE A147 39
MOVE A148 39
MOVE A149 39
MOVE A150 39
MOVE A151 39
END TURN 375
TURN 376
COMMAND LEFT START
COMMAND LEFT END
COMMAND RIGHT START
MOVE B29 0
MOVE B30 0
MOVE B31 0
MOVE B32 0
MOVE B33 0
MOVE B34 0
MOVE B35 0
MOVE B36 0
MOVE B37 0
MOVE B38 0
MOVE B39 0
MOVE B40 0
MOVE B41 0
MOVE B42 0
MOVE B43 0
MOVE B44 0
MOVE B45 0
MOVE B46 0
MOVE B47 0
MOVE B48 0
MOVE B49 0
MOVE B50 0
MOVE B51 0
MOVE B52 0
MOVE B53 0
MOVE B54 0
MOVE B55 0
MOVE B56 0
MOVE B57 0
MOVE B58 0
MOVE B59 0
MOVE B60 0
MOVE B61 0
MOVE B62 0
MOVE B63 0
MOVE B64 0
MOVE B65 0
MOVE B66 0
MOVE B67 0
MOVE B68 0
MOVE B69 0
MOVE B70 0
MOVE B71 0
MOVE B72 0
MOVE B73 0
MOVE B74 0
MOVE B75 0
MOVE B76 0
MOVE B77 0
MOVE B78 0
MOVE B79 0
MOVE B80 0
MOVE B81 0
MOVE B82 0
MOVE B83 25
COMMAND RIGHT END
TURN 376 RESULT
TIME LEFT 1 5 RIGHT 0 5
MOVE A141 53
MOVE A142 53
MOVE A143 53
MOVE A144 53
MOVE A145 53
MOVE A146 53
MOVE A147 53
MOVE A148 53
MOVE A149 53
MOVE A150 53
MOVE A151 53
MOVE B29 17
MOVE B30 17
MOVE B31 17
MOVE B32 17
MOVE B33 17
MOVE B34 17
MOVE B35 17
MOVE B36 17
MOVE B37 17
MOVE B38 17
MOVE B39 17
MOVE B40 17
MOVE B41 17
MOVE B42 17
MOVE B43 17
MOVE B44 17
MOVE B45 17
MOVE B46 17
MOVE B47 17
MOVE B48 17
MOVE B49 17
MOVE B50 17
MOVE B51 17
MOVE B52 17
MOVE B53 17
MOVE B54 17
MOVE B55 17
MOVE B56 17
MOVE B57 17
MOVE B58 17
MOVE B59 17
MOVE B60 17
MOVE B61 17
MOVE B62 17
MOVE B63 17
MOVE B64 17
MOVE B65 17
MOVE B66 17
MOVE B67 17
MOVE B68 17
MOVE B69 17
MOVE B70 17
MOVE B71 17
MOVE B72 17
MOVE B73 17
MOVE B74 17
MOVE B75 17
MOVE B76 17
MOVE B77 17
MOVE B78 17
MOVE B79 17
MOVE B80 17
MOVE B81 17
MOVE B82 17
MOVE B83 209
END TURN 376
TURN 377
COMMAND LEFT START
COMMAND LEFT END
COMMAND RIGHT START
COMMAND RIGHT END
TURN 377 RESULT
TIME LEFT 0 5 RIGHT 0 5
MOVE B29 7
MOVE B30 7
MOVE B31 7
MOVE B32 7
MOVE B33 7
MOVE B34 7
MOVE B35 7
MOVE B36 7
MOVE B37 7
MOVE B38 7
MOVE B39 7
MOVE B40 7
MOVE B41 7
MOVE B42 7
MOVE B43 7
MOVE B44 7
MOVE B45 7
MOVE B46 7
MOVE B47 7
MOVE B48 7
MOVE B49 7
MOVE B50 7
MOVE B51 7
MOVE B52 7
MOVE B53 7
MOVE B54 7
MOVE B55 7
MOVE B56 7
MOVE B57 7
MOVE B58 7
MOVE B59 7
MOVE B60 7
MOVE B61 7
MOVE B62 7
MOVE B63 7
MOVE B64 7
MOVE B65 7
MOVE B66 7
MOVE B67 7
MOVE B68 7
MOVE B69 7
MOVE B70 7
MOVE B71 7
MOVE B72 7
MOVE B73 7
MOVE B74 7
MOVE B75 7
MOVE B76 7
MOVE B77 7
MOVE B78 7
MOVE B79 7
MOVE B80 7
MOVE B81 7
MOVE B82 7
MOVE B83 199
END TURN 377
TURN 378
COMMAND LEFT START
COMMAND LEFT END
COMMAND RIGHT START
COMMAND RIGHT END
TURN 378 RESULT
TIME LEFT 0 5 RIGHT 0 5
MOVE B29 0
MOVE B30 0
MOVE B31 0
MOVE B32 0
MOVE B33 0
MOVE B34 0
MOVE B35 0
MOVE B36 0
MOVE B37 0
MOVE B38 0
MOVE B39 0
MOVE B40 0
MOVE B41 0
MOVE B42 0
MOVE B43 0
MOVE B44 0
MOVE B45 0
MOVE B46 0
MOVE B47 0
MOVE B48 0
MOVE B49 0
MOVE B50 0
MOVE B51 0
MOVE B52 0
MOVE B53 0
MOVE B54 0
MOVE B55 0
MOVE B56 0
MOVE B57 0
MOVE B58 0
MOVE B59 0
MOVE B60 0
MOVE B61 0
MOVE B62 0
MOVE B63 0
MOVE B64 0
MOVE B65 0
MOVE B66 0
MOVE B67 0
MOVE B68 0
MOVE B69 0
MOVE B70 0
MOVE B71 0
MOVE B72 0
MOVE B73 0
MOVE B74 0
MOVE B75 0
MOVE B76 0
MOVE B77 0
MOVE B78 0
MOVE B79 0
MOVE B80 0
MOVE B81 0
MOVE B82 0
MOVE B83 191
DAMAGE TURRET B29 3
DAMAGE COMBAT A34 6
DAMAGE COMBAT A35 7
DAMAGE COMBAT A36 7
DAMAGE COMBAT A37 7
DAMAGE COMBAT A38 7
DAMAGE COMBAT A39 7
DAMAGE COMBAT A41 7
DAMAGE COMBAT A42 6
DAMAGE COMBAT B30 6
DAMAGE COMBAT B31 6
DAMAGE COMBAT B32 6
DAMAGE COMBAT B33 6
DAMAGE COMBAT B34 6
DAMAGE COMBAT B35 6
DAMAGE COMBAT B36 6
DAMAGE COMBAT B37 6
DAMAGE COMBAT B38 6
DAMAGE COMBAT B39 6
DAMAGE COMBAT B40 6
DAMAGE COMBAT B41 6
DAMAGE COMBAT B42 6
DAMAGE COMBAT B43 6
DAMAGE COMBAT B44 6
DAMAGE COMBAT B45 6
DAMAGE COMBAT B46 6
END TURN 378
TURN 379
COMMAND LEFT START
COMMAND LEFT END
COMMAND RIGHT START
COMMAND RIGHT END
TURN 379 RESULT
TIME LEFT 0 5 RIGHT 0 5
MOVE B83 170
DAMAGE TURRET B47 3
DAMAGE COMBAT A42 1
DAMAGE COMBAT A43 7
DAMAGE COMBAT A44 7
DAMAGE COMBAT A45 7
DAMAGE COMBAT A46 7
DAMAGE COMBAT A47 7
DAMAGE COMBAT B47 3
DAMAGE COMBAT B48 7
DAMAGE COMBAT B49 7
DAMAGE COMBAT B50 7
DAMAGE COMBAT B51 7
DAMAGE COMBAT B52 7
DAMAGE COMBAT B53 7
DAMAGE COMBAT B54 7
DAMAGE COMBAT B55 7
DAMAGE COMBAT B56 7
DAMAGE COMBAT B57 7
DAMAGE COMBAT B58 7
DAMAGE COMBAT B59 7
DAMAGE COMBAT B60 7
DAMAGE COMBAT B61 1
END TURN 379
TURN 380
COMMAND LEFT START
COMMAND LEFT END
COMMAND RIGHT START
COMMAND RIGHT END
TURN 380 RESULT
TIME LEFT 0 5 RIGHT 0 5
MOVE B83 157
DAMAGE TURRET B61 3
DAMAGE COMBAT A48 7
DAMAGE COMBAT A49 7
DAMAGE COMBAT A51 7
DAMAGE COMBAT A52 1
DAMAGE COMBAT B61 4
DAMAGE COMBAT B62 8
DAMAGE COMBAT B63 8
DAMAGE COMBAT B64 8
DAMAGE COMBAT B65 8
DAMAGE COMBAT B66 8
DAMAGE COMBAT B67 8
DAMAGE COMBAT B68 8
DAMAGE COMBAT B69 8
DAMAGE COMBAT B70 8
DAMAGE COMBAT B71 8
DAMAGE COMBAT B72 5
END TURN 380
TURN 381
COMMAND LEFT START
COMMAND LEFT END
COMMAND RIGHT START
TRAIN 2
COMMAND RIGHT END
TURN 381 RESULT
TIME LEFT 0 5 RIGHT 0 5
TRAIN B84 B85
MOVE B83 140
DAMAGE TURRET B72 3
DAMAGE COMBAT A52 6
DAMAGE COMBAT A53 5
DAMAGE COMBAT B73 8
DAMAGE COMBAT B74 8
DAMAGE COMBAT B75 8
DAMAGE COMBAT B76 8
DAMAGE COMBAT B77 8
DAMAGE COMBAT B78 8
DAMAGE COMBAT B79 8
DAMAGE COMBAT B80 8
DAMAGE COMBAT B81 8
DAMAGE COMBAT B82 8
END TURN 381
TURN 382
COMMAND LEFT START
COMMAND LEFT END
COMMAND RIGHT START
MOVE B84 25
MOVE B85 25
TRAIN 1
COMMAND RIGHT END
TURN 382 RESULT
TIME LEFT 1 5 RIGHT 0 5
TRAIN B86
MOVE B83 108
MOVE B84 209
MOVE B85 209
DAMAGE COMBAT A27 1
DAMAGE COMBAT B83 1
END TURN 382
TURN 383
COMMAND LEFT START
COMMAND LEFT END
COMMAND RIGHT START
MOVE B86 25
TRAIN 1
COMMAND RIGHT END
TURN 383 RESULT
TIME LEFT 1 5 RIGHT 0 5
TRAIN B87
MOVE B84 199
MOVE B85 199
MOVE B86 209
DAMAGE COMBAT A27 1
DAMAGE COMBAT B83 1
END TURN 383
TURN 384
COMMAND LEFT START
COMMAND LEFT END
COMMAND RIGHT START
MOVE B87 25
TRAIN 1
COMMAND RIGHT END
TURN 384 RESULT
TIME LEFT 0 5 RIGHT 0 5
TRAIN B88
MOVE B84 191
MOVE B85 191
MOVE B86 199
MOVE B87 209
DAMAGE COMBAT A27 1
DAMAGE COMBAT B83 1
END TURN 384
TURN 385
COMMAND LEFT START
COMMAND LEFT END
COMMAND RIGHT START
MOVE B88 25
TRAIN 1
COMMAND RIGHT END
TURN 385 RESULT
TIME LEFT 0 5 RIGHT 0 5
TRAIN B89
MOVE B84 170
MOVE B85 170
MOVE B86 191
MOVE B87 199
MOVE B88 209
DAMAGE COMBAT A27 1
DAMAGE COMBAT B83 1
END TURN 385
TURN 386
COMMAND LEFT START
COMMAND LEFT END
COMMAND RIGHT START
MOVE B89 25
TRAIN 1
COMMAND RIGHT END
TURN 386 RESULT
TIME LEFT 0 5 RIGHT 0 5
TRAIN B90
MOVE B84 157
MOVE B85 157
MOVE B86 170
MOVE B87 191
MOVE B88 199
MOVE B89 209
DAMAGE COMBAT A27 1
DAMAGE COMBAT B83 1
END TURN 386
TURN 387
COMMAND LEFT START
COMMAND LEFT END
COMMAND RIGHT START
MOVE B90 25
TRAIN 1
COMMAND RIGHT END
TURN 387 RESULT
TIME LEFT 0 5 RIGHT 0 5
TRAIN B91
MOVE B84 140
MOVE B85 140
MOVE B86 157
MOVE B87 170
MOVE B88 191
MOVE B89 199
MOVE B90 209
DAMAGE COMBAT A27 1
DAMAGE COMBAT B83 1
END TURN 387
TURN 388
COMMAND LEFT START
COMMAND LEFT END
COMMAND RIGHT START
MOVE B91 25
TRAIN 1
COMMAND RIGHT END
TURN 388 RESULT
TIME LEFT 0 5 RIGHT 0 5
TRAIN B92
MOVE B83 76
MOVE B84 108
MOVE B85 108
MOVE B86 140
MOVE B87 157
MOVE B88 170
MOVE B89 191
MOVE B90 199
MOVE B91 209
END TURN 388
TURN 389
COMMAND LEFT START
COMMAND LEFT END
COMMAND RIGHT START
MOVE B92 25
TRAIN 1
COMMAND RIGHT END
TURN 389 RESULT
TIME LEFT 0 5 RIGHT 0 5
TRAIN B93
MOVE B83 59
MOVE B84 76
MOVE B85 76
MOVE B86 108
MOVE B87 140
MOVE B88 157
MOVE B89 170
MOVE B90 191
MOVE B91 199
MOVE B92 209
END TURN 389
TURN 390
COMMAND LEFT START
COMMAND LEFT END
COMMAND RIGHT START
MOVE B93 25
TRAIN 1
COMMAND RIGHT END
TURN 390 RESULT
TIME LEFT 0 5 RIGHT 0 5
TRAIN B94
MOVE B83 46
MOVE B84 59
MOVE B85 59
MOVE B86 76
MOVE B87 108
MOVE B88 140
MOVE B89 157
MOVE B90 170
MOVE B91 191
MOVE B92 199
MOVE B93 209
END TURN 390
TURN 391
COMMAND LEFT START
COMMAND LEFT END
COMMAND RIGHT START
MOVE B94 25
TRAIN 1
COMMAND RIGHT END
TURN 391 RESULT
TIME LEFT 0 5 RIGHT 0 5
TRAIN B95
MOVE B83 25
MOVE B84 46
MOVE B85 46
MOVE B86 59
MOVE B87 76
MOVE B88 108
MOVE B89 140
MOVE B90 157
MOVE B91 170
MOVE B92 191
MOVE B93 199
MOVE B94 209
END TURN 391
TURN 392
COMMAND LEFT START
COMMAND LEFT END
COMMAND RIGHT START
MOVE B83 0
MOVE B95 25
TRAIN 1
COMMAND RIGHT END
TURN 392 RESULT
TIME LEFT 0 5 RIGHT 0 5
TRAIN B96
MOVE B83 17
MOVE B84 25
MOVE B85 25
MOVE B86 46
MOVE B87 59
MOVE B88 76
MOVE B89 108
MOVE B90 140
MOVE B91 157
MOVE B92 170
MOVE B93 191
MOVE B94 199
MOVE B95 209
END TURN 392
TURN 393
COMMAND LEFT START
COMMAND LEFT END
COMMAND RIGHT START
MOVE B84 0
MOVE B85 0
MOVE B96 25
TRAIN 1
COMMAND RIGHT END
TURN 393 RESULT
TIME LEFT 0 5 RIGHT 0 5
TRAIN B97
MOVE B83 7
MOVE B84 17
MOVE B85 17
MOVE B86 25
MOVE B87 46
MOVE B88 59
MOVE B89 76
MOVE B90 108
MOVE B91 140
MOVE B92 157
MOVE B93 170
MOVE B94 191
MOVE B95 199
MOVE B96 209
END TURN 393
TURN 394
COMMAND LEFT START
COMMAND LEFT END
COMMAND RIGHT START
MOVE B86 0
MOVE B97 25
TRAIN 1
COMMAND RIGHT END
TURN 394 RESULT
TIME LEFT 0 5 RIGHT 0 5
TRAIN B98
MOVE B83 0
MOVE B84 7
MOVE B85 7
MOVE B86 17
MOVE B87 25
MOVE B88 46
MOVE B89 59
MOVE B90 76
MOVE B91 108
MOVE B92 140
MOVE B93 157
MOVE B94 170
MOVE B95 191
MOVE B96 199
MOVE B97 209
DAMAGE TURRET B83 2
DAMAGE COMBAT A53 1
END TURN 394
TURN 395
COMMAND LEFT START
COMMAND LEFT END
COMMAND RIGHT START
MOVE B87 0
MOVE B98 25
TRAIN 1
COMMAND RIGHT END
TURN 395 RESULT
TIME LEFT 0 5 RIGHT 0 5
TRAIN B99
MOVE B84 0
MOVE B85 0
MOVE B86 7
MOVE B87 17
MOVE B88 25
MOVE B89 46
MOVE B90 59
MOVE B91 76
MOVE B92 108
MOVE B93 140
MOVE B94 157
MOVE B95 170
MOVE B96 191
MOVE B97 199
MOVE B98 209
DAMAGE TURRET B84 3
DAMAGE COMBAT A53 1
DAMAGE COMBAT A54 1
DAMAGE COMBAT B84 5
DAMAGE COMBAT B85 8
END TURN 395
TURN 396
COMMAND LEFT START
COMMAND LEFT END
COMMAND RIGHT START
MOVE B88 0
MOVE B99 25
TRAIN 1
COMMAND RIGHT END
TURN 396 RESULT
TIME LEFT 0 5 RIGHT 0 5
TRAIN B100
MOVE B86 0
MOVE B87 7
MOVE B88 17
MOVE B89 25
MOVE B90 46
MOVE B91 59
MOVE B92 76
MOVE B93 108
MOVE B94 140
MOVE B95 157
MOVE B96 170
MOVE B97 191
MOVE B98 199
MOVE B99 209
DAMAGE TURRET B86 3
DAMAGE COMBAT A54 1
DAMAGE COMBAT B86 5
END TURN 396
TURN 397
COMMAND LEFT START
COMMAND LEFT END
COMMAND RIGHT START
MOVE B89 0
MOVE B100 25
TRAIN 1
COMMAND RIGHT END
TURN 397 RESULT
TIME LEFT 0 5 RIGHT 0 5
TRAIN B101
MOVE B87 0
MOVE B88 7
MOVE B89 17
MOVE B90 25
MOVE B91 46
MOVE B92 59
MOVE B93 76
MOVE B94 108
MOVE B95 140
MOVE B96 157
MOVE B97 170
MOVE B98 191
MOVE B99 199
MOVE B100 209
DAMAGE TURRET B87 3
DAMAGE COMBAT A54 1
DAMAGE COMBAT B87 5
END TURN 397
TURN 398
COMMAND LEFT START
COMMAND LEFT END
COMMAND RIGHT START
MOVE B90 0
MOVE B101 25
COMMAND RIGHT END
TURN 398 RESULT
TIME LEFT 0 5 RIGHT 0 5
MOVE B88 0
MOVE B89 7
MOVE B90 17
MOVE B91 25
MOVE B92 46
MOVE B93 59
MOVE B94 76
MOVE B95 108
MOVE B96 140
MOVE B97 157
MOVE B98 170
MOVE B99 191
MOVE B100 199
MOVE B101 209
DAMAGE TURRET B88 3
DAMAGE COMBAT A54 1
DAMAGE COMBAT B88 5
END TURN 398
TURN 399
COMMAND LEFT START
COMMAND LEFT END
COMMAND RIGHT START
MOVE B91 0
TRAIN 2
COMMAND RIGHT END
TURN 399 RESULT
TIME LEFT 0 5 RIGHT 0 5
TRAIN B102 B103
MOVE B89 0
MOVE B90 7
MOVE B91 17
MOVE B92 25
MOVE B93 46
MOVE B94 59
MOVE B95 76
MOVE B96 108
MOVE B97 140
MOVE B98 157
MOVE B99 170
MOVE B100 191
MOVE B101 199
DAMAGE TURRET B89 3
DAMAGE COMBAT A54 1
DAMAGE COMBAT B89 5
END TURN 399
TURN 400
COMMAND LEFT START
COMMAND LEFT END
COMMAND RIGHT START
MOVE B92 0
MOVE B102 25
MOVE B103 25
COMMAND RIGHT END
TURN 400 RESULT
TIME LEFT 0 5 RIGHT 0 5
MOVE B90 0
MOVE B91 7
MOVE B92 17
MOVE B93 25
MOVE B94 46
MOVE B95 59
MOVE B96 76
MOVE B97 108
MOVE B98 140
MOVE B99 157
MOVE B100 170
MOVE B101 191
MOVE B102 209
MOVE B103 209
DAMAGE TURRET B90 3
DAMAGE COMBAT A54 1
DAMAGE COMBAT B90 5
END TURN 400
RESULT DRAW TURN_LIMIT
