[LEFT ""]
[RIGHT ""]
MAP
217 15
-11177 -10014 -10051 -10254 -10181 -8854 -9485 -8450 -8633 -8277 -9461 -8281 -8186 -7402 -7570 -8437 -7621 -7398 -7121 -7164 -7101 -7718 -6640 -6535 -6975 -6184 -6253 -6037 -6080 -6060 -5983 -6604 -5920 -5625 -5630 -5448 -5255 -5065 -5320 -5103 -5082 -5065 -4968 -4789 -5589 -4761 -4680 -4671 -4455 -4505 -4341 -4135 -4195 -4210 -4055 -4074 -4333 -4052 -3858 -3799 -3852 -3417 -3561 -3481 -3326 -3293 -3804 -3262 -2905 -2929 -3099 -2980 -2875 -2771 -2488 -2487 -2209 -2745 -2628 -2290 -2268 -2119 -1829 -1829 -1814 -1879 -1790 -1517 -1786 -1640 -1525 -1276 -1233 -1078 -1127 -923 -1020 -853 -771 -837 -541 -557 -724 -118 -351 -126 2 -100 0 100 -2 126 351 118 724 557 541 837 771 853 1020 923 1127 1078 1233 1276 1525 1640 1786 1517 1790 1879 1814 1829 1829 2119 2268 2290 2628 2745 2209 2487 2488 2771 2875 2980 3099 2929 2905 3262 3804 3293 3326 3481 3561 3417 3852 3799 3858 4052 4333 4074 4055 4210 4195 4135 4341 4505 4455 4671 4680 4761 5589 4789 4968 5065 5082 5103 5320 5065 5255 5448 5630 5625 5920 6604 5983 6060 6080 6037 6253 6184 6975 6535 6640 7718 7101 7164 7121 7398 7621 8437 7570 7402 8186 8281 9461 8277 8633 8450 9485 8854 10181 10254 10051 10014 11177
379 -1329 2353 -3593 3961 1085 -5596 102 -2719 2748 6048 -1496 4125 -2490 1303 -7117 5894 -522 4399 2902 -4537 7392 -6063 682 -8233 -625 -3528 -1711 1930 3314 6000 9056 4679 190 7140 -6617 -2877 3841 -5478 2859 -4086 1299 5456 8075 -9351 6506 -210 -7540 4455 -1813 2174 -5533 -4568 3041 1359 7121 10073 -6734 5174 318 -3310 3751 -8360 6068 2438 -2090 -10480 7420 -4339 -7350 -961 -5487 -6439 1367 6466 -3231 346 9837 5066 2379 7663 -8573 -1208 -5986 -7508 3436 4684 -10894 9680 -4817 -2670 5827 6818 4033 7847 2449 -6816 -8211 -1784 -3777 5062 -5478 10712 8621 1501 4008 -6345 7362 0 -7362 6345 -4008 -1501 -8621 -10712 5478 -5062 3777 1784 8211 6816 -2449 -7847 -4033 -6818 -5827 2670 4817 -9680 10894 -4684 -3436 7508 5986 1208 8573 -7663 -2379 -5066 -9837 -346 3231 -6466 -1367 6439 5487 961 7350 4339 -7420 10480 2090 -2438 -6068 8360 -3751 3310 -318 -5174 6734 -10073 -7121 -1359 -3041 4568 5533 -2174 1813 -4455 7540 210 -6506 9351 -8075 -5456 -1299 4086 -2859 5478 -3841 2877 6617 -7140 -190 -4679 -9056 -6000 -3314 -1930 1711 3528 625 8233 -682 6063 -7392 4537 -2902 -4399 522 -5894 7117 -1303 2490 -4125 1496 -6048 -2748 2719 -102 5596 -1085 -3961 3593 -2353 1329 -379
STRONGHOLDS 9 28 34 53 69 78 92 108 124 138 147 163 182 188 207
4 1 2 5 7
5 0 3 7 8 11
4 0 4 5 9
3 1 6 8
4 2 9 10 12
5 0 2 7 9 14
5 3 8 15 20 22
6 0 1 5 11 14 17
6 1 3 6 11 13 20
6 2 4 5 12 14 19
4 4 12 16 21
5 1 7 8 13 17
6 4 9 10 16 18 19
6 8 11 17 20 26 27
7 5 7 9 17 19 23 28
3 6 22 24
5 10 12 18 21 30
7 7 11 13 14 23 25 27
6 12 16 19 29 30 32
6 9 12 14 18 28 29
7 6 8 13 22 26 38 40
5 10 16 30 31 34
6 6 15 20 24 35 38
6 14 17 25 28 33 41
5 15 22 35 44 47
5 17 23 27 33 46
5 13 20 27 36 40
7 13 17 25 26 36 46 49
6 14 19 23 29 39 41
6 18 19 28 32 37 39
7 16 18 21 32 34 42 45
4 21 34 43 56
6 18 29 30 37 42 48
4 23 25 41 46
5 21 30 31 43 45
6 22 24 38 47 51 57
5 26 27 40 49 60
5 29 32 39 48 53
6 20 22 35 40 51 52
6 28 29 37 41 50 53
6 20 26 36 38 52 60
8 23 28 33 39 46 50 54 59
5 30 32 45 48 58
7 31 34 45 55 56 67 77
4 24 47 62 66
7 30 34 42 43 55 58 63
7 25 27 33 41 49 59 70
5 24 35 44 57 62
6 32 37 42 53 58 61
6 27 36 46 60 65 70
5 39 41 53 54 64
6 35 38 52 57 71 72
6 38 40 51 60 68 71
6 37 39 48 50 61 64
5 41 50 59 64 73
4 43 45 63 67
3 31 43 77
6 35 47 51 62 69 72
6 42 45 48 61 63 78
6 41 46 54 70 73 76
7 36 40 49 52 65 68 75
8 48 53 58 64 78 79 85 86
6 44 47 57 66 69 81
6 45 55 58 67 74 78
6 50 53 54 61 73 79
6 49 60 70 75 82 90
4 44 62 81 87
6 43 55 63 74 77 80
5 52 60 71 75 89
5 57 62 72 81 84
6 46 49 59 65 76 82
6 51 52 68 72 83 89
6 51 57 69 71 83 84
6 54 59 64 76 79 104
6 63 67 78 80 91 92
6 60 65 68 89 90 99
6 59 70 73 82 104 108
6 43 56 67 80 88 102
6 58 61 63 74 86 91
6 61 64 73 85 95 104
6 67 74 77 88 92 94
6 62 66 69 84 87 97
6 65 70 76 90 98 108
6 71 72 84 89 96 101
6 69 72 81 83 96 97
5 61 79 86 93 95
6 61 78 85 91 93 100
5 66 81 97 113 114
5 77 80 94 102 103
6 68 71 75 83 99 101
5 65 75 82 98 99
6 74 78 86 92 100 110
6 74 80 91 94 107 110
5 85 86 95 100 105
5 80 88 92 103 107
7 79 85 93 104 105 117 118
6 83 84 97 101 106 109
6 81 84 87 96 109 113
6 82 90 99 108 112 121
7 75 89 90 98 101 111 121
6 86 91 93 105 110 115
7 83 89 96 99 106 111 116
4 77 88 103 129
6 88 94 102 107 119 129
6 73 76 79 95 108 118
5 93 95 100 115 117
6 96 101 109 116 124 125
6 92 94 103 110 119 120
8 76 82 98 104 112 118 134 140
6 96 97 106 113 122 124
6 91 92 100 107 115 120
5 99 101 116 121 123
6 98 108 121 137 140 143
6 87 97 109 114 122 128
4 87 113 128 139
7 100 105 110 117 120 127 133
6 101 106 111 123 125 130
7 95 105 115 118 126 127 141
6 95 104 108 117 126 134
6 103 107 120 129 132 135
6 107 110 115 119 132 133
7 98 99 111 112 123 131 137
5 109 113 124 128 136
5 111 116 121 130 131
6 106 109 122 125 136 142
6 106 116 124 130 138 142
5 117 118 134 141 151
6 115 117 133 141 145 148
5 113 114 122 136 139
5 102 103 119 135 150
6 116 123 125 131 138 155
5 121 123 130 137 155
6 119 120 133 135 144 147
6 115 120 127 132 144 145
6 108 118 126 140 146 151
6 119 129 132 147 150 154
6 122 124 128 139 142 149
6 112 121 131 143 152 155
6 125 130 142 153 155 158
6 114 128 136 149 160 173
6 108 112 134 143 146 157
6 117 126 127 148 151 156
6 124 125 136 138 149 153
6 112 137 140 152 157 162
6 132 133 145 147 159 165
6 127 133 144 148 164 165
6 134 140 151 157 167 170
5 132 135 144 154 159
5 127 141 145 156 164
6 136 139 142 153 161 173
4 129 135 154 172
6 126 134 141 146 156 167
6 137 143 155 162 163 166
6 138 142 149 158 161 171
6 135 147 150 159 169 172
8 130 131 137 138 152 158 163 168
7 141 148 151 164 167 176 180
6 140 143 146 162 170 175
6 138 153 155 168 171 174
6 144 147 154 165 169 181
3 139 173 185
4 149 153 171 173
5 143 152 157 166 175
6 152 155 166 168 177 179
6 145 148 156 165 176 178
6 144 145 159 164 178 181
5 152 162 163 175 177
6 146 151 156 170 180 189
6 155 158 163 174 179 184
5 154 159 172 181 192
7 146 157 167 175 183 189 191
7 153 158 161 173 174 182 186
4 150 154 169 192
7 139 149 160 161 171 182 185
5 158 168 171 184 186
8 157 162 166 170 177 183 188 193
6 156 164 178 180 190 196
6 163 166 175 179 187 188
6 164 165 176 181 194 196
5 163 168 177 184 187
5 156 167 176 189 190
6 159 165 169 178 192 194
5 171 173 185 186 195
4 170 175 191 193
6 168 174 179 186 187 198
4 160 173 182 195
7 171 174 182 184 195 198 200
6 177 179 184 188 197 198
6 175 177 187 193 197 202
7 167 170 180 190 191 199 203
5 176 180 189 196 203
5 170 183 189 193 199
5 169 172 181 194 201
6 175 183 188 191 199 202
6 178 181 192 196 201 210
5 182 185 186 200 206
7 176 178 190 194 203 208 210
6 187 188 198 202 204 207
6 184 186 187 197 200 204
7 189 191 193 202 203 205 209
5 186 195 198 204 206
3 192 194 210
7 188 193 197 199 207 209 211
6 189 190 196 199 205 208
6 197 198 200 206 207 212
5 199 203 208 209 215
4 195 200 204 212
6 197 202 204 211 212 214
6 196 203 205 210 213 215
6 199 202 205 211 215 216
5 194 196 201 208 213
5 202 207 209 214 216
4 204 206 207 214
3 208 210 215
4 207 211 212 216
5 205 208 209 213 216
4 209 211 214 215
END MAP
TURN 1
COMMAND LEFT START
MOVE A1 9
MOVE A2 108
COMMAND LEFT END
COMMAND RIGHT START
MOVE B2 207
MOVE B3 188
UPGRADE 216
COMMAND RIGHT END
TURN 1 RESULT
TIME LEFT 6 5 RIGHT 0 5
UPGRADE B 216
MOVE A1 2
MOVE A2 7
MOVE B2 214
MOVE B3 211
END TURN 1
TURN 2
COMMAND LEFT START
COMMAND LEFT END
COMMAND RIGHT START
COMMAND RIGHT END
TURN 2 RESULT
TIME LEFT 0 5 RIGHT 0 5
MOVE A1 9
MOVE A2 17
MOVE B2 207
MOVE B3 202
END TURN 2
TURN 3
COMMAND LEFT START
UPGRADE 9
COMMAND LEFT END
COMMAND RIGHT START
MOVE B2 216
COMMAND RIGHT END
TURN 3 RESULT
TIME LEFT 0 5 RIGHT 0 5
UPGRADE A 9
MOVE A2 25
MOVE B2 214
MOVE B3 188
END TURN 3
TURN 4
COMMAND LEFT START
COMMAND LEFT END
COMMAND RIGHT START
MOVE B3 207
COMMAND RIGHT END
TURN 4 RESULT
TIME LEFT 0 5 RIGHT 0 5
MOVE A2 46
MOVE B2 216
MOVE B3 197
END TURN 4
TURN 5
COMMAND LEFT START
COMMAND LEFT END
COMMAND RIGHT START
COMMAND RIGHT END
TURN 5 RESULT
TIME LEFT 0 5 RIGHT 0 5
MOVE A2 59
MOVE B3 207
END TURN 5
TURN 6
COMMAND LEFT START
COMMAND LEFT END
COMMAND RIGHT START
COMMAND RIGHT END
TURN 6 RESULT
TIME LEFT 0 5 RIGHT 0 5
MOVE A2 76
END TURN 6
TURN 7
COMMAND LEFT START
COMMAND LEFT END
COMMAND RIGHT START
COMMAND RIGHT END
TURN 7 RESULT
TIME LEFT 0 5 RIGHT 0 5
MOVE A2 108
END TURN 7
TURN 8
COMMAND LEFT START
COMMAND LEFT END
COMMAND RIGHT START
COMMAND RIGHT END
TURN 8 RESULT
TIME LEFT 0 5 RIGHT 0 5
END TURN 8
TURN 9
COMMAND LEFT START
COMMAND LEFT END
COMMAND RIGHT START
COMMAND RIGHT END
TURN 9 RESULT
TIME LEFT 0 5 RIGHT 0 5
END TURN 9
TURN 10
COMMAND LEFT START
COMMAND LEFT END
COMMAND RIGHT START
COMMAND RIGHT END
TURN 10 RESULT
TIME LEFT 0 5 RIGHT 0 5
END TURN 10
TURN 11
COMMAND LEFT START
COMMAND LEFT END
COMMAND RIGHT START
COMMAND RIGHT END
TURN 11 RESULT
TIME LEFT 0 5 RIGHT 0 5
END TURN 11
TURN 12
COMMAND LEFT START
COMMAND LEFT END
COMMAND RIGHT START
COMMAND RIGHT END
TURN 12 RESULT
TIME LEFT 0 5 RIGHT 0 5
END TURN 12
TURN 13
COMMAND LEFT START
COMMAND LEFT END
COMMAND RIGHT START
COMMAND RIGHT END
TURN 13 RESULT
TIME LEFT 0 5 RIGHT 0 5
END TURN 13
TURN 14
COMMAND LEFT START
UPGRADE 108
COMMAND LEFT END
COMMAND RIGHT START
COMMAND RIGHT END
TURN 14 RESULT
TIME LEFT 0 5 RIGHT 0 5
UPGRADE A 108
END TURN 14
TURN 15
COMMAND LEFT START
COMMAND LEFT END
COMMAND RIGHT START
COMMAND RIGHT END
TURN 15 RESULT
TIME LEFT 0 5 RIGHT 0 5
END TURN 15
TURN 16
COMMAND LEFT START
COMMAND LEFT END
COMMAND RIGHT START
COMMAND RIGHT END
TURN 16 RESULT
TIME LEFT 0 5 RIGHT 0 5
END TURN 16
TURN 17
COMMAND LEFT START
TRAIN 1
COMMAND LEFT END
COMMAND RIGHT START
COMMAND RIGHT END
TURN 17 RESULT
TIME LEFT 0 5 RIGHT 0 5
TRAIN A4
END TURN 17
TURN 18
COMMAND LEFT START
COMMAND LEFT END
COMMAND RIGHT START
COMMAND RIGHT END
TURN 18 RESULT
TIME LEFT 0 5 RIGHT 0 5
END TURN 18
TURN 19
COMMAND LEFT START
COMMAND LEFT END
COMMAND RIGHT START
UPGRADE 207
COMMAND RIGHT END
TURN 19 RESULT
TIME LEFT 0 5 RIGHT 0 5
UPGRADE B 207
END TURN 19
TURN 20
COMMAND LEFT START
COMMAND LEFT END
COMMAND RIGHT START
COMMAND RIGHT END
TURN 20 RESULT
TIME LEFT 0 5 RIGHT 0 5
END TURN 20
TURN 21
COMMAND LEFT START
COMMAND LEFT END
COMMAND RIGHT START
COMMAND RIGHT END
TURN 21 RESULT
TIME LEFT 0 5 RIGHT 0 5
END TURN 21
TURN 22
COMMAND LEFT START
COMMAND LEFT END
COMMAND RIGHT START
COMMAND RIGHT END
TURN 22 RESULT
TIME LEFT 0 5 RIGHT 0 5
END TURN 22
TURN 23
COMMAND LEFT START
COMMAND LEFT END
COMMAND RIGHT START
COMMAND RIGHT END
TURN 23 RESULT
TIME LEFT 0 5 RIGHT 0 5
END TURN 23
TURN 24
COMMAND LEFT START
COMMAND LEFT END
COMMAND RIGHT START
COMMAND RIGHT END
TURN 24 RESULT
TIME LEFT 0 5 RIGHT 0 5
END TURN 24
TURN 25
COMMAND LEFT START
COMMAND LEFT END
COMMAND RIGHT START
COMMAND RIGHT END
TURN 25 RESULT
TIME LEFT 0 5 RIGHT 0 5
END TURN 25
TURN 26
COMMAND LEFT START
COMMAND LEFT END
COMMAND RIGHT START
TRAIN 1
COMMAND RIGHT END
TURN 26 RESULT
TIME LEFT 0 5 RIGHT 0 5
TRAIN B4
END TURN 26
TURN 27
COMMAND LEFT START
COMMAND LEFT END
COMMAND RIGHT START
MOVE B4 188
COMMAND RIGHT END
TURN 27 RESULT
TIME LEFT 0 5 RIGHT 0 5
MOVE B4 211
END TURN 27
TURN 28
COMMAND LEFT START
MOVE A3 28
COMMAND LEFT END
COMMAND RIGHT START
COMMAND RIGHT END
TURN 28 RESULT
TIME LEFT 0 5 RIGHT 0 5
MOVE A3 5
MOVE B4 202
END TURN 28
TURN 29
COMMAND LEFT START
COMMAND LEFT END
COMMAND RIGHT START
COMMAND RIGHT END
TURN 29 RESULT
TIME LEFT 0 5 RIGHT 0 5
MOVE A3 14
MOVE B4 188
END TURN 29
TURN 30
COMMAND LEFT START
COMMAND LEFT END
COMMAND RIGHT START
COMMAND RIGHT END
TURN 30 RESULT
TIME LEFT 0 5 RIGHT 0 5
MOVE A3 28
END TURN 30
TURN 31
COMMAND LEFT START
UPGRADE 28
COMMAND LEFT END
COMMAND RIGHT START
COMMAND RIGHT END
TURN 31 RESULT
TIME LEFT 0 5 RIGHT 0 5
UPGRADE A 28
END TURN 31
TURN 32
COMMAND LEFT START
COMMAND LEFT END
COMMAND RIGHT START
COMMAND RIGHT END
TURN 32 RESULT
TIME LEFT 0 5 RIGHT 0 5
END TURN 32
TURN 33
COMMAND LEFT START
TRAIN 1
COMMAND LEFT END
COMMAND RIGHT START
COMMAND RIGHT END
TURN 33 RESULT
TIME LEFT 0 5 RIGHT 0 5
TRAIN A5
END TURN 33
TURN 34
COMMAND LEFT START
COMMAND LEFT END
COMMAND RIGHT START
COMMAND RIGHT END
TURN 34 RESULT
TIME LEFT 0 5 RIGHT 0 5
END TURN 34
TURN 35
COMMAND LEFT START
COMMAND LEFT END
COMMAND RIGHT START
COMMAND RIGHT END
TURN 35 RESULT
TIME LEFT 0 5 RIGHT 0 5
END TURN 35
TURN 36
COMMAND LEFT START
COMMAND LEFT END
COMMAND RIGHT START
UPGRADE 188
COMMAND RIGHT END
TURN 36 RESULT
TIME LEFT 0 5 RIGHT 0 5
UPGRADE B 188
END TURN 36
TURN 37
COMMAND LEFT START
COMMAND LEFT END
COMMAND RIGHT START
COMMAND RIGHT END
TURN 37 RESULT
TIME LEFT 0 5 RIGHT 0 5
END TURN 37
TURN 38
COMMAND LEFT START
COMMAND LEFT END
COMMAND RIGHT START
COMMAND RIGHT END
TURN 38 RESULT
TIME LEFT 0 5 RIGHT 0 5
END TURN 38
TURN 39
COMMAND LEFT START
MOVE A5 53
COMMAND LEFT END
COMMAND RIGHT START
COMMAND RIGHT END
TURN 39 RESULT
TIME LEFT 0 5 RIGHT 0 5
MOVE A5 5
END TURN 39
TURN 40
COMMAND LEFT START
COMMAND LEFT END
COMMAND RIGHT START
COMMAND RIGHT END
TURN 40 RESULT
TIME LEFT 0 5 RIGHT 0 5
MOVE A5 14
END TURN 40
TURN 41
COMMAND LEFT START
COMMAND LEFT END
COMMAND RIGHT START
TRAIN 1
COMMAND RIGHT END
TURN 41 RESULT
TIME LEFT 0 5 RIGHT 0 5
TRAIN B5
MOVE A5 28
END TURN 41
TURN 42
COMMAND LEFT START
COMMAND LEFT END
COMMAND RIGHT START
MOVE B5 163
COMMAND RIGHT END
TURN 42 RESULT
TIME LEFT 0 5 RIGHT 0 5
MOVE A5 39
MOVE B5 211
END TURN 42
TURN 43
COMMAND LEFT START
COMMAND LEFT END
COMMAND RIGHT START
COMMAND RIGHT END
TURN 43 RESULT
TIME LEFT 0 5 RIGHT 0 5
MOVE A5 53
MOVE B5 202
END TURN 43
TURN 44
COMMAND LEFT START
UPGRADE 53
COMMAND LEFT END
COMMAND RIGHT START
COMMAND RIGHT END
TURN 44 RESULT
TIME LEFT 0 5 RIGHT 0 5
UPGRADE A 53
MOVE B5 188
END TURN 44
TURN 45
COMMAND LEFT START
COMMAND LEFT END
COMMAND RIGHT START
COMMAND RIGHT END
TURN 45 RESULT
TIME LEFT 0 5 RIGHT 0 5
MOVE B5 177
END TURN 45
TURN 46
COMMAND LEFT START
TRAIN 1
COMMAND LEFT END
COMMAND RIGHT START
COMMAND RIGHT END
TURN 46 RESULT
TIME LEFT 0 5 RIGHT 0 5
TRAIN A6
MOVE B5 163
END TURN 46
TURN 47
COMMAND LEFT START
COMMAND LEFT END
COMMAND RIGHT START
COMMAND RIGHT END
TURN 47 RESULT
TIME LEFT 0 5 RIGHT 0 5
END TURN 47
TURN 48
COMMAND LEFT START
COMMAND LEFT END
COMMAND RIGHT START
COMMAND RIGHT END
TURN 48 RESULT
TIME LEFT 0 5 RIGHT 0 5
END TURN 48
TURN 49
COMMAND LEFT START
COMMAND LEFT END
COMMAND RIGHT START
UPGRADE 163
COMMAND RIGHT END
TURN 49 RESULT
TIME LEFT 0 5 RIGHT 0 5
UPGRADE B 163
END TURN 49
TURN 50
COMMAND LEFT START
COMMAND LEFT END
COMMAND RIGHT START
COMMAND RIGHT END
TURN 50 RESULT
TIME LEFT 0 5 RIGHT 0 5
END TURN 50
TURN 51
COMMAND LEFT START
COMMAND LEFT END
COMMAND RIGHT START
COMMAND RIGHT END
TURN 51 RESULT
TIME LEFT 0 5 RIGHT 0 5
END TURN 51
TURN 52
COMMAND LEFT START
COMMAND LEFT END
COMMAND RIGHT START
COMMAND RIGHT END
TURN 52 RESULT
TIME LEFT 0 5 RIGHT 0 5
END TURN 52
TURN 53
COMMAND LEFT START
COMMAND LEFT END
COMMAND RIGHT START
TRAIN 1
COMMAND RIGHT END
TURN 53 RESULT
TIME LEFT 0 5 RIGHT 0 5
TRAIN B6
END TURN 53
TURN 54
COMMAND LEFT START
COMMAND LEFT END
COMMAND RIGHT START
MOVE B6 182
COMMAND RIGHT END
TURN 54 RESULT
TIME LEFT 0 5 RIGHT 0 5
MOVE B6 214
END TURN 54
TURN 55
COMMAND LEFT START
UPGRADE 0
COMMAND LEFT END
COMMAND RIGHT START
COMMAND RIGHT END
TURN 55 RESULT
TIME LEFT 0 5 RIGHT 0 5
UPGRADE A 0
MOVE B6 207
END TURN 55
TURN 56
COMMAND LEFT START
COMMAND LEFT END
COMMAND RIGHT START
COMMAND RIGHT END
TURN 56 RESULT
TIME LEFT 0 5 RIGHT 0 5
MOVE B6 204
END TURN 56
TURN 57
COMMAND LEFT START
COMMAND LEFT END
COMMAND RIGHT START
COMMAND RIGHT END
TURN 57 RESULT
TIME LEFT 0 5 RIGHT 0 5
MOVE B6 198
END TURN 57
TURN 58
COMMAND LEFT START
COMMAND LEFT END
COMMAND RIGHT START
COMMAND RIGHT END
TURN 58 RESULT
TIME LEFT 0 5 RIGHT 0 5
MOVE B6 186
END TURN 58
TURN 59
COMMAND LEFT START
COMMAND LEFT END
COMMAND RIGHT START
COMMAND RIGHT END
TURN 59 RESULT
TIME LEFT 0 5 RIGHT 0 5
MOVE B6 182
END TURN 59
TURN 60
COMMAND LEFT START
COMMAND LEFT END
COMMAND RIGHT START
UPGRADE 182
COMMAND RIGHT END
TURN 60 RESULT
TIME LEFT 0 5 RIGHT 0 5
UPGRADE B 182
END TURN 60
TURN 61
COMMAND LEFT START
COMMAND LEFT END
COMMAND RIGHT START
COMMAND RIGHT END
TURN 61 RESULT
TIME LEFT 0 5 RIGHT 0 5
END TURN 61
TURN 62
COMMAND LEFT START
UPGRADE 9
COMMAND LEFT END
COMMAND RIGHT START
TRAIN 1
COMMAND RIGHT END
TURN 62 RESULT
TIME LEFT 0 5 RIGHT 0 5
UPGRADE A 9
TRAIN B7
END TURN 62
TURN 63
COMMAND LEFT START
COMMAND LEFT END
COMMAND RIGHT START
MOVE B7 138
COMMAND RIGHT END
TURN 63 RESULT
TIME LEFT 0 5 RIGHT 0 5
MOVE B7 211
END TURN 63
TURN 64
COMMAND LEFT START
TRAIN 1
COMMAND LEFT END
COMMAND RIGHT START
COMMAND RIGHT END
TURN 64 RESULT
TIME LEFT 0 5 RIGHT 0 5
TRAIN A7
MOVE B7 202
END TURN 64
TURN 65
COMMAND LEFT START
MOVE A4 9
COMMAND LEFT END
COMMAND RIGHT START
COMMAND RIGHT END
TURN 65 RESULT
TIME LEFT 0 5 RIGHT 0 5
MOVE A4 2
MOVE B7 188
END TURN 65
TURN 66
COMMAND LEFT START
COMMAND LEFT END
COMMAND RIGHT START
COMMAND RIGHT END
TURN 66 RESULT
TIME LEFT 0 5 RIGHT 0 5
MOVE A4 9
MOVE B7 177
END TURN 66
TURN 67
COMMAND LEFT START
COMMAND LEFT END
COMMAND RIGHT START
COMMAND RIGHT END
TURN 67 RESULT
TIME LEFT 0 5 RIGHT 0 5
MOVE B7 163
END TURN 67
TURN 68
COMMAND LEFT START
COMMAND LEFT END
COMMAND RIGHT START
COMMAND RIGHT END
TURN 68 RESULT
TIME LEFT 0 5 RIGHT 0 5
MOVE B7 155
END TURN 68
TURN 69
COMMAND LEFT START
COMMAND LEFT END
COMMAND RIGHT START
COMMAND RIGHT END
TURN 69 RESULT
TIME LEFT 0 5 RIGHT 0 5
MOVE B7 138
END TURN 69
TURN 70
COMMAND LEFT START
COMMAND LEFT END
COMMAND RIGHT START
UPGRADE 138
TRAIN 1
COMMAND RIGHT END
TURN 70 RESULT
TIME LEFT 0 5 RIGHT 0 5
UPGRADE B 138
TRAIN B8
END TURN 70
TURN 71
COMMAND LEFT START
COMMAND LEFT END
COMMAND RIGHT START
MOVE B8 147
COMMAND RIGHT END
TURN 71 RESULT
TIME LEFT 0 5 RIGHT 0 5
MOVE B8 215
END TURN 71
TURN 72
COMMAND LEFT START
COMMAND LEFT END
COMMAND RIGHT START
COMMAND RIGHT END
TURN 72 RESULT
TIME LEFT 0 5 RIGHT 0 5
MOVE B8 208
END TURN 72
TURN 73
COMMAND LEFT START
COMMAND LEFT END
COMMAND RIGHT START
COMMAND RIGHT END
TURN 73 RESULT
TIME LEFT 0 5 RIGHT 0 5
MOVE B8 196
END TURN 73
TURN 74
COMMAND LEFT START
COMMAND LEFT END
COMMAND RIGHT START
COMMAND RIGHT END
TURN 74 RESULT
TIME LEFT 0 5 RIGHT 0 5
MOVE B8 194
END TURN 74
TURN 75
COMMAND LEFT START
UPGRADE 0
COMMAND LEFT END
COMMAND RIGHT START
COMMAND RIGHT END
TURN 75 RESULT
TIME LEFT 0 5 RIGHT 0 5
UPGRADE A 0
MOVE B8 181
END TURN 75
TURN 76
COMMAND LEFT START
COMMAND LEFT END
COMMAND RIGHT START
COMMAND RIGHT END
TURN 76 RESULT
TIME LEFT 0 5 RIGHT 0 5
MOVE B8 159
END TURN 76
TURN 77
COMMAND LEFT START
TRAIN 1
COMMAND LEFT END
COMMAND RIGHT START
COMMAND RIGHT END
TURN 77 RESULT
TIME LEFT 0 5 RIGHT 0 5
TRAIN A8
MOVE B8 147
END TURN 77
TURN 78
COMMAND LEFT START
COMMAND LEFT END
COMMAND RIGHT START
UPGRADE 147
TRAIN 1
COMMAND RIGHT END
TURN 78 RESULT
TIME LEFT 0 5 RIGHT 0 5
UPGRADE B 147
TRAIN B9
END TURN 78
TURN 79
COMMAND LEFT START
COMMAND LEFT END
COMMAND RIGHT START
MOVE B9 124
COMMAND RIGHT END
TURN 79 RESULT
TIME LEFT 0 5 RIGHT 0 5
MOVE B9 214
END TURN 79
TURN 80
COMMAND LEFT START
COMMAND LEFT END
COMMAND RIGHT START
COMMAND RIGHT END
TURN 80 RESULT
TIME LEFT 0 5 RIGHT 0 5
MOVE B9 207
END TURN 80
TURN 81
COMMAND LEFT START
COMMAND LEFT END
COMMAND RIGHT START
COMMAND RIGHT END
TURN 81 RESULT
TIME LEFT 0 5 RIGHT 0 5
MOVE B9 197
END TURN 81
TURN 82
COMMAND LEFT START
UPGRADE 28
COMMAND LEFT END
COMMAND RIGHT START
COMMAND RIGHT END
TURN 82 RESULT
TIME LEFT 0 5 RIGHT 0 5
UPGRADE A 28
MOVE B9 187
END TURN 82
TURN 83
COMMAND LEFT START
TRAIN 1
COMMAND LEFT END
COMMAND RIGHT START
COMMAND RIGHT END
TURN 83 RESULT
TIME LEFT 0 5 RIGHT 0 5
TRAIN A9
MOVE B9 179
END TURN 83
TURN 84
COMMAND LEFT START
MOVE A6 28
COMMAND LEFT END
COMMAND RIGHT START
TRAIN 1
COMMAND RIGHT END
TURN 84 RESULT
TIME LEFT 0 5 RIGHT 0 5
TRAIN B10
MOVE A6 5
MOVE B9 168
END TURN 84
TURN 85
COMMAND LEFT START
COMMAND LEFT END
COMMAND RIGHT START
MOVE B10 17
TRAIN 1
COMMAND RIGHT END
TURN 85 RESULT
TIME LEFT 0 5 RIGHT 0 5
TRAIN B11
MOVE A6 14
MOVE B9 158
MOVE B10 209
END TURN 85
TURN 86
COMMAND LEFT START
COMMAND LEFT END
COMMAND RIGHT START
MOVE B11 17
COMMAND RIGHT END
TURN 86 RESULT
TIME LEFT 0 5 RIGHT 0 5
MOVE A6 28
MOVE B9 153
MOVE B10 199
MOVE B11 209
END TURN 86
TURN 87
COMMAND LEFT START
COMMAND LEFT END
COMMAND RIGHT START
TRAIN 1
COMMAND RIGHT END
TURN 87 RESULT
TIME LEFT 0 5 RIGHT 0 5
TRAIN B12
MOVE B9 142
MOVE B10 191
MOVE B11 199
END TURN 87
TURN 88
COMMAND LEFT START
UPGRADE 53
COMMAND LEFT END
COMMAND RIGHT START
TRAIN 1
COMMAND RIGHT END
TURN 88 RESULT
TIME LEFT 0 5 RIGHT 0 5
UPGRADE A 53
TRAIN B13
MOVE B9 124
MOVE B10 170
MOVE B11 191
END TURN 88
TURN 89
COMMAND LEFT START
TRAIN 1
COMMAND LEFT END
COMMAND RIGHT START
UPGRADE 124
TRAIN 1
COMMAND RIGHT END
TURN 89 RESULT
TIME LEFT 0 5 RIGHT 0 5
UPGRADE B 124
TRAIN A10 B14
MOVE B10 157
MOVE B11 170
END TURN 89
TURN 90
COMMAND LEFT START
MOVE A7 53
COMMAND LEFT END
COMMAND RIGHT START
TRAIN 1
COMMAND RIGHT END
TURN 90 RESULT
TIME LEFT 0 5 RIGHT 0 5
TRAIN B15
MOVE A7 5
MOVE B10 140
MOVE B11 157
END TURN 90
TURN 91
COMMAND LEFT START
COMMAND LEFT END
COMMAND RIGHT START
TRAIN 1
COMMAND RIGHT END
TURN 91 RESULT
TIME LEFT 0 5 RIGHT 0 5
TRAIN B16
MOVE A7 14
MOVE B10 108
MOVE B11 140
DAMAGE TURRET B10 1
DAMAGE COMBAT A2 1
DAMAGE COMBAT B10 1
END TURN 91
TURN 92
COMMAND LEFT START
COMMAND LEFT END
COMMAND RIGHT START
COMMAND RIGHT END
TURN 92 RESULT
TIME LEFT 0 5 RIGHT 0 5
MOVE A7 28
MOVE B11 108
DAMAGE TURRET B10 1
DAMAGE COMBAT A2 2
DAMAGE COMBAT B10 1
END TURN 92
TURN 93
COMMAND LEFT START
COMMAND LEFT END
COMMAND RIGHT START
TRAIN 1
COMMAND RIGHT END
TURN 93 RESULT
TIME LEFT 0 5 RIGHT 0 5
TRAIN B17
MOVE A7 39
DAMAGE TURRET B10 1
DAMAGE COMBAT A2 1
DAMAGE COMBAT B11 1
SIEGE A 108 1
END TURN 93
TURN 94
COMMAND LEFT START
TRAIN 1
COMMAND LEFT END
COMMAND RIGHT START
MOVE B12 17
TRAIN 1
COMMAND RIGHT END
TURN 94 RESULT
TIME LEFT 0 5 RIGHT 0 5
TRAIN A11 B18
MOVE A7 53
MOVE B11 76
MOVE B12 209
END TURN 94
TURN 95
COMMAND LEFT START
TRAIN 1
COMMAND LEFT END
COMMAND RIGHT START
TRAIN 1
COMMAND RIGHT END
TURN 95 RESULT
TIME LEFT 0 5 RIGHT 0 5
TRAIN A12 B19
MOVE B11 59
MOVE B12 199
END TURN 95
TURN 96
COMMAND LEFT START
MOVE A5 108
COMMAND LEFT END
COMMAND RIGHT START
TRAIN 1
COMMAND RIGHT END
TURN 96 RESULT
TIME LEFT 0 5 RIGHT 0 5
TRAIN B20
MOVE A5 64
MOVE B11 46
MOVE B12 191
END TURN 96
TURN 97
COMMAND LEFT START
MOVE A3 108
TRAIN 1
COMMAND LEFT END
COMMAND RIGHT START
COMMAND RIGHT END
TURN 97 RESULT
TIME LEFT 0 5 RIGHT 0 5
TRAIN A13
MOVE A3 41
MOVE A5 73
MOVE B11 25
MOVE B12 170
END TURN 97
TURN 98
COMMAND LEFT START
MOVE A1 108
MOVE A8 9
MOVE A9 28
TRAIN 1
COMMAND LEFT END
COMMAND RIGHT START
TRAIN 1
COMMAND RIGHT END
TURN 98 RESULT
TIME LEFT 0 5 RIGHT 0 5
TRAIN A14 B21
MOVE A1 19
MOVE A3 59
MOVE A5 76
MOVE A8 2
MOVE A9 5
MOVE B11 17
MOVE B12 157
END TURN 98
TURN 99
COMMAND LEFT START
MOVE A10 53
TRAIN 1
COMMAND LEFT END
COMMAND RIGHT START
COMMAND RIGHT END
TURN 99 RESULT
TIME LEFT 0 5 RIGHT 0 5
TRAIN A15
MOVE A1 28
MOVE A3 76
MOVE A5 108
MOVE A8 9
MOVE A9 14
MOVE A10 5
MOVE B12 140
END TURN 99
TURN 100
COMMAND LEFT START
MOVE A15 34
COMMAND LEFT END
COMMAND RIGHT START
COMMAND RIGHT END
TURN 100 RESULT
TIME LEFT 0 5 RIGHT 0 5
MOVE A1 41
MOVE A3 108
MOVE A9 28
MOVE A10 14
MOVE A15 2
MOVE B12 108
DAMAGE TURRET B12 1
DAMAGE COMBAT A3 1
DAMAGE COMBAT B12 2
END TURN 100
TURN 101
COMMAND LEFT START
UPGRADE 9
COMMAND LEFT END
COMMAND RIGHT START
COMMAND RIGHT END
TURN 101 RESULT
TIME LEFT 0 5 RIGHT 0 5
UPGRADE A 9
MOVE A1 59
MOVE A10 28
MOVE A15 9
DAMAGE TURRET B12 1
DAMAGE COMBAT A3 1
DAMAGE COMBAT B12 1
END TURN 101
TURN 102
COMMAND LEFT START
MOVE A11 9
COMMAND LEFT END
COMMAND RIGHT START
MOVE B13 17
COMMAND RIGHT END
TURN 102 RESULT
TIME LEFT 0 5 RIGHT 0 5
MOVE A1 76
MOVE A10 39
MOVE A11 2
MOVE A15 12
MOVE B13 209
END TURN 102
TURN 103
COMMAND LEFT START
COMMAND LEFT END
COMMAND RIGHT START
COMMAND RIGHT END
TURN 103 RESULT
TIME LEFT 0 5 RIGHT 0 5
MOVE A1 108
MOVE A10 53
MOVE A11 9
MOVE A15 18
MOVE B13 199
END TURN 103
TURN 104
COMMAND LEFT START
MOVE A5 207
COMMAND LEFT END
COMMAND RIGHT START
COMMAND RIGHT END
TURN 104 RESULT
TIME LEFT 0 5 RIGHT 0 5
MOVE A5 140
MOVE A15 30
MOVE B13 191
END TURN 104
TURN 105
COMMAND LEFT START
UPGRADE 108
COMMAND LEFT END
COMMAND RIGHT START
COMMAND RIGHT END
TURN 105 RESULT
TIME LEFT 0 5 RIGHT 0 5
UPGRADE A 108
MOVE A5 157
MOVE A15 34
MOVE B13 170
END TURN 105
TURN 106
COMMAND LEFT START
COMMAND LEFT END
COMMAND RIGHT START
COMMAND RIGHT END
TURN 106 RESULT
TIME LEFT 0 5 RIGHT 0 5
MOVE A5 175
MOVE B13 157
END TURN 106
TURN 107
COMMAND LEFT START
COMMAND LEFT END
COMMAND RIGHT START
UPGRADE 216
COMMAND RIGHT END
TURN 107 RESULT
TIME LEFT 0 5 RIGHT 0 5
UPGRADE B 216
MOVE A5 188
MOVE B13 140
DAMAGE TURRET A5 1
DAMAGE COMBAT A5 1
DAMAGE COMBAT B4 1
END TURN 107
TURN 108
COMMAND LEFT START
COMMAND LEFT END
COMMAND RIGHT START
TRAIN 1
COMMAND RIGHT END
TURN 108 RESULT
TIME LEFT 0 5 RIGHT 0 5
TRAIN B22
MOVE B13 108
DAMAGE TURRET A5 1
DAMAGE TURRET B13 1
DAMAGE COMBAT A3 1
DAMAGE COMBAT A5 1
DAMAGE COMBAT B4 1
DAMAGE COMBAT B13 2
END TURN 108
TURN 109
COMMAND LEFT START
UPGRADE 34
COMMAND LEFT END
COMMAND RIGHT START
COMMAND RIGHT END
TURN 109 RESULT
TIME LEFT 0 5 RIGHT 0 5
UPGRADE A 34
DAMAGE TURRET B13 1
DAMAGE COMBAT A3 1
DAMAGE COMBAT B13 1
END TURN 109
TURN 110
COMMAND LEFT START
TRAIN 1
COMMAND LEFT END
COMMAND RIGHT START
MOVE B15 17
TRAIN 1
COMMAND RIGHT END
TURN 110 RESULT
TIME LEFT 0 5 RIGHT 0 5
TRAIN A16 B23
MOVE B15 209
END TURN 110
TURN 111
COMMAND LEFT START
TRAIN 1
COMMAND LEFT END
COMMAND RIGHT START
TRAIN 1
COMMAND RIGHT END
TURN 111 RESULT
TIME LEFT 0 5 RIGHT 0 5
TRAIN A17 B24
MOVE B15 199
END TURN 111
TURN 112
COMMAND LEFT START
TRAIN 1
COMMAND LEFT END
COMMAND RIGHT START
TRAIN 1
COMMAND RIGHT END
TURN 112 RESULT
TIME LEFT 0 5 RIGHT 0 5
TRAIN A18 B25
MOVE B15 191
END TURN 112
TURN 113
COMMAND LEFT START
TRAIN 1
COMMAND LEFT END
COMMAND RIGHT START
COMMAND RIGHT END
TURN 113 RESULT
TIME LEFT 0 5 RIGHT 0 5
TRAIN A19
MOVE B15 170
END TURN 113
TURN 114
COMMAND LEFT START
TRAIN 1
COMMAND LEFT END
COMMAND RIGHT START
TRAIN 1
COMMAND RIGHT END
TURN 114 RESULT
TIME LEFT 0 5 RIGHT 0 5
TRAIN A20 B26
MOVE B15 157
END TURN 114
TURN 115
COMMAND LEFT START
TRAIN 1
COMMAND LEFT END
COMMAND RIGHT START
TRAIN 1
COMMAND RIGHT END
TURN 115 RESULT
TIME LEFT 0 5 RIGHT 0 5
TRAIN A21 B27
MOVE B15 140
END TURN 115
TURN 116
COMMAND LEFT START
TRAIN 1
COMMAND LEFT END
COMMAND RIGHT START
TRAIN 1
COMMAND RIGHT END
TURN 116 RESULT
TIME LEFT 0 5 RIGHT 0 5
TRAIN A22 B28
MOVE B15 108
DAMAGE TURRET B15 1
DAMAGE COMBAT A1 1
DAMAGE COMBAT B15 1
END TURN 116
TURN 117
COMMAND LEFT START
TRAIN 1
COMMAND LEFT END
COMMAND RIGHT START
TRAIN 1
COMMAND RIGHT END
TURN 117 RESULT
TIME LEFT 0 5 RIGHT 0 5
TRAIN A23 B29
DAMAGE TURRET B15 1
DAMAGE COMBAT A1 1
DAMAGE COMBAT B15 1
END TURN 117
TURN 118
COMMAND LEFT START
TRAIN 1
COMMAND LEFT END
COMMAND RIGHT START
TRAIN 1
COMMAND RIGHT END
TURN 118 RESULT
TIME LEFT 0 5 RIGHT 0 5
TRAIN A24 B30
DAMAGE TURRET B15 1
DAMAGE COMBAT A1 1
END TURN 118
TURN 119
COMMAND LEFT START
TRAIN 1
COMMAND LEFT END
COMMAND RIGHT START
MOVE B16 17
COMMAND RIGHT END
TURN 119 RESULT
TIME LEFT 0 5 RIGHT 0 5
TRAIN A25
MOVE B16 209
END TURN 119
TURN 120
COMMAND LEFT START
TRAIN 1
COMMAND LEFT END
COMMAND RIGHT START
TRAIN 1
COMMAND RIGHT END
TURN 120 RESULT
TIME LEFT 0 5 RIGHT 0 5
TRAIN A26 B31
MOVE B16 199
END TURN 120
TURN 121
COMMAND LEFT START
TRAIN 1
COMMAND LEFT END
COMMAND RIGHT START
TRAIN 1
COMMAND RIGHT END
TURN 121 RESULT
TIME LEFT 0 5 RIGHT 0 5
TRAIN A27 B32
MOVE B16 191
END TURN 121
TURN 122
COMMAND LEFT START
TRAIN 1
COMMAND LEFT END
COMMAND RIGHT START
TRAIN 1
COMMAND RIGHT END
TURN 122 RESULT
TIME LEFT 0 5 RIGHT 0 5
TRAIN A28 B33
MOVE B16 170
END TURN 122
TURN 123
COMMAND LEFT START
TRAIN 1
COMMAND LEFT END
COMMAND RIGHT START
COMMAND RIGHT END
TURN 123 RESULT
TIME LEFT 0 5 RIGHT 0 5
TRAIN A29
MOVE B16 157
END TURN 123
TURN 124
COMMAND LEFT START
TRAIN 1
COMMAND LEFT END
COMMAND RIGHT START
TRAIN 1
COMMAND RIGHT END
TURN 124 RESULT
TIME LEFT 0 5 RIGHT 0 5
TRAIN A30 B34
MOVE B16 140
END TURN 124
TURN 125
COMMAND LEFT START
TRAIN 1
COMMAND LEFT END
COMMAND RIGHT START
TRAIN 1
COMMAND RIGHT END
TURN 125 RESULT
TIME LEFT 0 5 RIGHT 0 5
TRAIN A31 B35
MOVE B16 108
DAMAGE TURRET B16 1
DAMAGE COMBAT A1 1
DAMAGE COMBAT B16 1
END TURN 125
TURN 126
COMMAND LEFT START
TRAIN 2
COMMAND LEFT END
COMMAND RIGHT START
TRAIN 1
COMMAND RIGHT END
TURN 126 RESULT
TIME LEFT 0 5 RIGHT 0 5
TRAIN A32 A33 B36
MOVE B16 76
END TURN 126
TURN 127
COMMAND LEFT START
TRAIN 2
COMMAND LEFT END
COMMAND RIGHT START
COMMAND RIGHT END
TURN 127 RESULT
TIME LEFT 0 5 RIGHT 0 5
TRAIN A34 A35
MOVE B16 59
END TURN 127
TURN 128
COMMAND LEFT START
MOVE A7 108
MOVE A12 53
TRAIN 1
COMMAND LEFT END
COMMAND RIGHT START
TRAIN 1
COMMAND RIGHT END
TURN 128 RESULT
TIME LEFT 0 5 RIGHT 0 5
TRAIN A36 B37
MOVE A7 64
MOVE A12 5
MOVE B16 46
END TURN 128
TURN 129
COMMAND LEFT START
MOVE A6 108
MOVE A13 28
COMMAND LEFT END
COMMAND RIGHT START
TRAIN 1
COMMAND RIGHT END
TURN 129 RESULT
TIME LEFT 0 5 RIGHT 0 5
TRAIN B38
MOVE A6 41
MOVE A7 73
MOVE A12 14
MOVE A13 5
MOVE B16 25
END TURN 129
TURN 130
COMMAND LEFT START
MOVE A4 108
MOVE A14 9
COMMAND LEFT END
COMMAND RIGHT START
COMMAND RIGHT END
TURN 130 RESULT
TIME LEFT 0 5 RIGHT 0 5
MOVE A4 19
MOVE A6 59
MOVE A7 76
MOVE A12 28
MOVE A13 14
MOVE A14 2
MOVE B16 17
END TURN 130
TURN 131
COMMAND LEFT START
MOVE A8 108
MOVE A16 9
COMMAND LEFT END
COMMAND RIGHT START
TRAIN 1
COMMAND RIGHT END
TURN 131 RESULT
TIME LEFT 0 5 RIGHT 0 5
TRAIN B39
MOVE A4 28
MOVE A6 76
MOVE A7 108
MOVE A8 19
MOVE A12 39
MOVE A13 28
MOVE A14 9
MOVE A16 2
END TURN 131
TURN 132
COMMAND LEFT START
COMMAND LEFT END
COMMAND RIGHT START
TRAIN 1
COMMAND RIGHT END
TURN 132 RESULT
TIME LEFT 0 5 RIGHT 0 5
TRAIN B40
MOVE A4 41
MOVE A6 108
MOVE A8 28
MOVE A12 53
MOVE A16 9
END TURN 132
TURN 133
COMMAND LEFT START
MOVE A36 78
COMMAND LEFT END
COMMAND RIGHT START
COMMAND RIGHT END
TURN 133 RESULT
TIME LEFT 0 5 RIGHT 0 5
MOVE A4 59
MOVE A8 41
MOVE A36 5
END TURN 133
TURN 134
COMMAND LEFT START
UPGRADE 34
COMMAND LEFT END
COMMAND RIGHT START
TRAIN 1
COMMAND RIGHT END
TURN 134 RESULT
TIME LEFT 0 5 RIGHT 0 5
UPGRADE A 34
TRAIN B41
MOVE A4 76
MOVE A8 59
MOVE A36 14
END TURN 134
TURN 135
COMMAND LEFT START
MOVE A17 34
COMMAND LEFT END
COMMAND RIGHT START
TRAIN 1
COMMAND RIGHT END
TURN 135 RESULT
TIME LEFT 0 5 RIGHT 0 5
TRAIN B42
MOVE A4 108
MOVE A8 76
MOVE A17 2
MOVE A36 28
END TURN 135
TURN 136
COMMAND LEFT START
COMMAND LEFT END
COMMAND RIGHT START
COMMAND RIGHT END
TURN 136 RESULT
TIME LEFT 0 5 RIGHT 0 5
MOVE A8 108
MOVE A17 9
MOVE A36 39
END TURN 136
TURN 137
COMMAND LEFT START
COMMAND LEFT END
COMMAND RIGHT START
TRAIN 1
COMMAND RIGHT END
TURN 137 RESULT
TIME LEFT 0 5 RIGHT 0 5
TRAIN B43
MOVE A17 12
MOVE A36 53
END TURN 137
TURN 138
COMMAND LEFT START
UPGRADE 28
COMMAND LEFT END
COMMAND RIGHT START
COMMAND RIGHT END
TURN 138 RESULT
TIME LEFT 0 5 RIGHT 0 5
UPGRADE A 28
MOVE A17 18
MOVE A36 61
END TURN 138
TURN 139
COMMAND LEFT START
MOVE A18 28
COMMAND LEFT END
COMMAND RIGHT START
TRAIN 1
COMMAND RIGHT END
TURN 139 RESULT
TIME LEFT 0 5 RIGHT 0 5
TRAIN B44
MOVE A17 30
MOVE A18 5
MOVE A36 78
END TURN 139
TURN 140
COMMAND LEFT START
COMMAND LEFT END
COMMAND RIGHT START
TRAIN 1
COMMAND RIGHT END
TURN 140 RESULT
TIME LEFT 0 5 RIGHT 0 5
TRAIN B45
MOVE A17 34
MOVE A18 14
END TURN 140
TURN 141
COMMAND LEFT START
UPGRADE 78
COMMAND LEFT END
COMMAND RIGHT START
COMMAND RIGHT END
TURN 141 RESULT
TIME LEFT 0 5 RIGHT 0 5
UPGRADE A 78
MOVE A18 28
END TURN 141
TURN 142
COMMAND LEFT START
COMMAND LEFT END
COMMAND RIGHT START
TRAIN 1
COMMAND RIGHT END
TURN 142 RESULT
TIME LEFT 0 5 RIGHT 0 5
TRAIN B46
END TURN 142
TURN 143
COMMAND LEFT START
COMMAND LEFT END
COMMAND RIGHT START
COMMAND RIGHT END
TURN 143 RESULT
TIME LEFT 0 5 RIGHT 0 5
END TURN 143
TURN 144
COMMAND LEFT START
MOVE A8 69
COMMAND LEFT END
COMMAND RIGHT START
TRAIN 1
COMMAND RIGHT END
TURN 144 RESULT
TIME LEFT 0 5 RIGHT 0 5
TRAIN B47
MOVE A8 98
END TURN 144
TURN 145
COMMAND LEFT START
UPGRADE 78
COMMAND LEFT END
COMMAND RIGHT START
COMMAND RIGHT END
TURN 145 RESULT
TIME LEFT 0 5 RIGHT 0 5
UPGRADE A 78
MOVE A8 90
END TURN 145
TURN 146
COMMAND LEFT START
MOVE A4 78
COMMAND LEFT END
COMMAND RIGHT START
TRAIN 1
COMMAND RIGHT END
TURN 146 RESULT
TIME LEFT 0 5 RIGHT 0 5
TRAIN B48
MOVE A4 104
MOVE A8 75
END TURN 146
TURN 147
COMMAND LEFT START
COMMAND LEFT END
COMMAND RIGHT START
COMMAND RIGHT END
TURN 147 RESULT
TIME LEFT 0 5 RIGHT 0 5
MOVE A4 95
MOVE A8 68
END TURN 147
TURN 148
COMMAND LEFT START
UPGRADE 34
COMMAND LEFT END
COMMAND RIGHT START
TRAIN 1
COMMAND RIGHT END
TURN 148 RESULT
TIME LEFT 0 5 RIGHT 0 5
UPGRADE A 34
TRAIN B49
MOVE A4 93
MOVE A8 71
END TURN 148
TURN 149
COMMAND LEFT START
MOVE A19 34
COMMAND LEFT END
COMMAND RIGHT START
COMMAND RIGHT END
TURN 149 RESULT
TIME LEFT 0 5 RIGHT 0 5
MOVE A4 86
MOVE A8 72
MOVE A19 2
END TURN 149
TURN 150
COMMAND LEFT START
COMMAND LEFT END
COMMAND RIGHT START
TRAIN 1
COMMAND RIGHT END
TURN 150 RESULT
TIME LEFT 0 5 RIGHT 0 5
TRAIN B50
MOVE A4 78
MOVE A8 69
MOVE A19 9
END TURN 150
TURN 151
COMMAND LEFT START
UPGRADE 69
COMMAND LEFT END
COMMAND RIGHT START
COMMAND RIGHT END
TURN 151 RESULT
TIME LEFT 0 5 RIGHT 0 5
UPGRADE A 69
MOVE A19 12
END TURN 151
TURN 152
COMMAND LEFT START
COMMAND LEFT END
COMMAND RIGHT START
TRAIN 1
COMMAND RIGHT END
TURN 152 RESULT
TIME LEFT 0 5 RIGHT 0 5
TRAIN B51
MOVE A19 18
END TURN 152
TURN 153
COMMAND LEFT START
MOVE A35 92
COMMAND LEFT END
COMMAND RIGHT START
COMMAND RIGHT END
TURN 153 RESULT
TIME LEFT 0 5 RIGHT 0 5
MOVE A19 30
MOVE A35 2
END TURN 153
TURN 154
COMMAND LEFT START
UPGRADE 69
COMMAND LEFT END
COMMAND RIGHT START
TRAIN 1
COMMAND RIGHT END
TURN 154 RESULT
TIME LEFT 0 5 RIGHT 0 5
UPGRADE A 69
TRAIN B52
MOVE A19 34
MOVE A35 9
END TURN 154
TURN 155
COMMAND LEFT START
MOVE A20 69
COMMAND LEFT END
COMMAND RIGHT START
COMMAND RIGHT END
TURN 155 RESULT
TIME LEFT 0 5 RIGHT 0 5
MOVE A20 1
MOVE A35 19
END TURN 155
TURN 156
COMMAND LEFT START
UPGRADE 53
COMMAND LEFT END
COMMAND RIGHT START
TRAIN 1
COMMAND RIGHT END
TURN 156 RESULT
TIME LEFT 0 5 RIGHT 0 5
UPGRADE A 53
TRAIN B53
MOVE A20 8
MOVE A35 29
END TURN 156
TURN 157
COMMAND LEFT START
MOVE A21 53
COMMAND LEFT END
COMMAND RIGHT START
COMMAND RIGHT END
TURN 157 RESULT
TIME LEFT 0 5 RIGHT 0 5
MOVE A20 20
MOVE A21 5
MOVE A35 37
END TURN 157
TURN 158
COMMAND LEFT START
COMMAND LEFT END
COMMAND RIGHT START
COMMAND RIGHT END
TURN 158 RESULT
TIME LEFT 0 5 RIGHT 0 5
MOVE A20 22
MOVE A21 14
MOVE A35 48
END TURN 158
TURN 159
COMMAND LEFT START
UPGRADE 69
COMMAND LEFT END
COMMAND RIGHT START
TRAIN 1
COMMAND RIGHT END
TURN 159 RESULT
TIME LEFT 0 5 RIGHT 0 5
UPGRADE A 69
TRAIN B54
MOVE A20 35
MOVE A21 28
MOVE A35 58
END TURN 159
TURN 160
COMMAND LEFT START
MOVE A22 69
COMMAND LEFT END
COMMAND RIGHT START
COMMAND RIGHT END
TURN 160 RESULT
TIME LEFT 0 5 RIGHT 0 5
MOVE A20 57
MOVE A21 39
MOVE A22 1
MOVE A35 63
END TURN 160
TURN 161
COMMAND LEFT START
COMMAND LEFT END
COMMAND RIGHT START
TRAIN 1
COMMAND RIGHT END
TURN 161 RESULT
TIME LEFT 0 5 RIGHT 0 5
TRAIN B55
MOVE A20 69
MOVE A21 53
MOVE A22 8
MOVE A35 74
END TURN 161
TURN 162
COMMAND LEFT START
COMMAND LEFT END
COMMAND RIGHT START
COMMAND RIGHT END
TURN 162 RESULT
TIME LEFT 0 5 RIGHT 0 5
MOVE A22 20
MOVE A35 92
END TURN 162
TURN 163
COMMAND LEFT START
COMMAND LEFT END
COMMAND RIGHT START
COMMAND RIGHT END
TURN 163 RESULT
TIME LEFT 0 5 RIGHT 0 5
MOVE A22 22
END TURN 163
TURN 164
COMMAND LEFT START
COMMAND LEFT END
COMMAND RIGHT START
MOVE B17 25
MOVE B18 25
MOVE B19 25
MOVE B20 25
MOVE B21 25
MOVE B22 25
MOVE B23 25
MOVE B24 25
MOVE B25 25
MOVE B26 25
MOVE B27 25
MOVE B28 25
MOVE B29 25
MOVE B30 25
MOVE B31 25
MOVE B32 25
MOVE B33 25
MOVE B34 25
MOVE B35 25
MOVE B36 25
MOVE B37 25
MOVE B38 25
MOVE B39 25
MOVE B40 25
MOVE B41 25
MOVE B42 25
MOVE B43 25
MOVE B44 25
MOVE B45 25
MOVE B46 25
MOVE B47 25
MOVE B48 25
MOVE B49 25
MOVE B50 25
MOVE B51 25
MOVE B52 25
MOVE B53 25
MOVE B54 25
MOVE B55 25
COMMAND RIGHT END
TURN 164 RESULT
TIME LEFT 0 5 RIGHT 0 5
MOVE A22 35
MOVE B17 209
MOVE B18 209
MOVE B19 209
MOVE B20 209
MOVE B21 209
MOVE B22 209
MOVE B23 209
MOVE B24 209
MOVE B25 209
MOVE B26 209
MOVE B27 209
MOVE B28 209
MOVE B29 209
MOVE B30 209
MOVE B31 209
MOVE B32 209
MOVE B33 209
MOVE B34 209
MOVE B35 209
MOVE B36 209
MOVE B37 209
MOVE B38 209
MOVE B39 209
MOVE B40 209
MOVE B41 209
MOVE B42 209
MOVE B43 209
MOVE B44 209
MOVE B45 209
MOVE B46 209
MOVE B47 209
MOVE B48 209
MOVE B49 209
MOVE B50 209
MOVE B51 209
MOVE B52 209
MOVE B53 209
MOVE B54 209
MOVE B55 209
END TURN 164
TURN 165
COMMAND LEFT START
COMMAND LEFT END
COMMAND RIGHT START
COMMAND RIGHT END
TURN 165 RESULT
TIME LEFT 0 5 RIGHT 0 5
MOVE A22 57
MOVE B17 199
MOVE B18 199
MOVE B19 199
MOVE B20 199
MOVE B21 199
MOVE B22 199
MOVE B23 199
MOVE B24 199
MOVE B25 199
MOVE B26 199
MOVE B27 199
MOVE B28 199
MOVE B29 199
MOVE B30 199
MOVE B31 199
MOVE B32 199
MOVE B33 199
MOVE B34 199
MOVE B35 199
MOVE B36 199
MOVE B37 199
MOVE B38 199
MOVE B39 199
MOVE B40 199
MOVE B41 199
MOVE B42 199
MOVE B43 199
MOVE B44 199
MOVE B45 199
MOVE B46 199
MOVE B47 199
MOVE B48 199
MOVE B49 199
MOVE B50 199
MOVE B51 199
MOVE B52 199
MOVE B53 199
MOVE B54 199
MOVE B55 199
END TURN 165
TURN 166
COMMAND LEFT START
COMMAND LEFT END
COMMAND RIGHT START
COMMAND RIGHT END
TURN 166 RESULT
TIME LEFT 0 5 RIGHT 0 5
MOVE A22 69
MOVE B17 191
MOVE B18 191
MOVE B19 191
MOVE B20 191
MOVE B21 191
MOVE B22 191
MOVE B23 191
MOVE B24 191
MOVE B25 191
MOVE B26 191
MOVE B27 191
MOVE B28 191
MOVE B29 191
MOVE B30 191
MOVE B31 191
MOVE B32 191
MOVE B33 191
MOVE B34 191
MOVE B35 191
MOVE B36 191
MOVE B37 191
MOVE B38 191
MOVE B39 191
MOVE B40 191
MOVE B41 191
MOVE B42 191
MOVE B43 191
MOVE B44 191
MOVE B45 191
MOVE B46 191
MOVE B47 191
MOVE B48 191
MOVE B49 191
MOVE B50 191
MOVE B51 191
MOVE B52 191
MOVE B53 191
MOVE B54 191
MOVE B55 191
END TURN 166
TURN 167
COMMAND LEFT START
UPGRADE 0
COMMAND LEFT END
COMMAND RIGHT START
COMMAND RIGHT END
TURN 167 RESULT
TIME LEFT 0 5 RIGHT 0 5
UPGRADE A 0
MOVE B17 170
MOVE B18 170
MOVE B19 170
MOVE B20 170
MOVE B21 170
MOVE B22 170
MOVE B23 170
MOVE B24 170
MOVE B25 170
MOVE B26 170
MOVE B27 170
MOVE B28 170
MOVE B29 170
MOVE B30 170
MOVE B31 170
MOVE B32 170
MOVE B33 170
MOVE B34 170
MOVE B35 170
MOVE B36 170
MOVE B37 170
MOVE B38 170
MOVE B39 170
MOVE B40 170
MOVE B41 170
MOVE B42 170
MOVE B43 170
MOVE B44 170
MOVE B45 170
MOVE B46 170
MOVE B47 170
MOVE B48 170
MOVE B49 170
MOVE B50 170
MOVE B51 170
MOVE B52 170
MOVE B53 170
MOVE B54 170
MOVE B55 170
END TURN 167
TURN 168
COMMAND LEFT START
COMMAND LEFT END
COMMAND RIGHT START
COMMAND RIGHT END
TURN 168 RESULT
TIME LEFT 0 5 RIGHT 0 5
MOVE B17 157
MOVE B18 157
MOVE B19 157
MOVE B20 157
MOVE B21 157
MOVE B22 157
MOVE B23 157
MOVE B24 157
MOVE B25 157
MOVE B26 157
MOVE B27 157
MOVE B28 157
MOVE B29 157
MOVE B30 157
MOVE B31 157
MOVE B32 157
MOVE B33 157
MOVE B34 157
MOVE B35 157
MOVE B36 157
MOVE B37 157
MOVE B38 157
MOVE B39 157
MOVE B40 157
MOVE B41 157
MOVE B42 157
MOVE B43 157
MOVE B44 157
MOVE B45 157
MOVE B46 157
MOVE B47 157
MOVE B48 157
MOVE B49 157
MOVE B50 157
MOVE B51 157
MOVE B52 157
MOVE B53 157
MOVE B54 157
MOVE B55 157
END TURN 168
TURN 169
COMMAND LEFT START
TRAIN 2
COMMAND LEFT END
COMMAND RIGHT START
COMMAND RIGHT END
TURN 169 RESULT
TIME LEFT 0 5 RIGHT 0 5
TRAIN A37 A38
MOVE B17 140
MOVE B18 140
MOVE B19 140
MOVE B20 140
MOVE B21 140
MOVE B22 140
MOVE B23 140
MOVE B24 140
MOVE B25 140
MOVE B26 140
MOVE B27 140
MOVE B28 140
MOVE B29 140
MOVE B30 140
MOVE B31 140
MOVE B32 140
MOVE B33 140
MOVE B34 140
MOVE B35 140
MOVE B36 140
MOVE B37 140
MOVE B38 140
MOVE B39 140
MOVE B40 140
MOVE B41 140
MOVE B42 140
MOVE B43 140
MOVE B44 140
MOVE B45 140
MOVE B46 140
MOVE B47 140
MOVE B48 140
MOVE B49 140
MOVE B50 140
MOVE B51 140
MOVE B52 140
MOVE B53 140
MOVE B54 140
MOVE B55 140
END TURN 169
TURN 170
COMMAND LEFT START
TRAIN 2
COMMAND LEFT END
COMMAND RIGHT START
COMMAND RIGHT END
TURN 170 RESULT
TIME LEFT 0 5 RIGHT 0 5
TRAIN A39 A40
MOVE B17 108
MOVE B18 108
MOVE B19 108
MOVE B20 108
MOVE B21 108
MOVE B22 108
MOVE B23 108
MOVE B24 108
MOVE B25 108
MOVE B26 108
MOVE B27 108
MOVE B28 108
MOVE B29 108
MOVE B30 108
MOVE B31 108
MOVE B32 108
MOVE B33 108
MOVE B34 108
MOVE B35 108
MOVE B36 108
MOVE B37 108
MOVE B38 108
MOVE B39 108
MOVE B40 108
MOVE B41 108
MOVE B42 108
MOVE B43 108
MOVE B44 108
MOVE B45 108
MOVE B46 108
MOVE B47 108
MOVE B48 108
MOVE B49 108
MOVE B50 108
MOVE B51 108
MOVE B52 108
MOVE B53 108
MOVE B54 108
MOVE B55 108
DAMAGE TURRET B17 1
DAMAGE COMBAT A6 4
DAMAGE COMBAT A7 5
DAMAGE COMBAT B17 2
SIEGE A 108 12
END TURN 170
TURN 171
COMMAND LEFT START
MOVE A40 53
MOVE A39 53
MOVE A38 53
MOVE A37 53
MOVE A34 53
MOVE A33 53
MOVE A32 53
MOVE A31 53
MOVE A30 53
MOVE A29 53
MOVE A28 53
MOVE A27 53
UPGRADE 92
COMMAND LEFT END
COMMAND RIGHT START
COMMAND RIGHT END
TURN 171 RESULT
TIME LEFT 0 5 RIGHT 0 5
UPGRADE A 92
MOVE A27 5
MOVE A28 5
MOVE A29 5
MOVE A30 5
MOVE A31 5
MOVE A32 5
MOVE A33 5
MOVE A34 5
MOVE A37 5
MOVE A38 5
MOVE A39 5
MOVE A40 5
MOVE B17 76
MOVE B18 76
MOVE B19 76
MOVE B20 76
MOVE B21 76
MOVE B22 76
MOVE B23 76
MOVE B24 76
MOVE B25 76
MOVE B26 76
MOVE B27 76
MOVE B28 76
MOVE B29 76
MOVE B30 76
MOVE B31 76
MOVE B32 76
MOVE B33 76
MOVE B34 76
MOVE B35 76
MOVE B36 76
MOVE B37 76
MOVE B38 76
MOVE B39 76
MOVE B40 76
MOVE B41 76
MOVE B42 76
MOVE B43 76
MOVE B44 76
MOVE B45 76
MOVE B46 76
MOVE B47 76
MOVE B48 76
MOVE B49 76
MOVE B50 76
MOVE B51 76
MOVE B52 76
MOVE B53 76
MOVE B54 76
MOVE B55 76
END TURN 171
TURN 172
COMMAND LEFT START
COMMAND LEFT END
COMMAND RIGHT START
COMMAND RIGHT END
TURN 172 RESULT
TIME LEFT 0 5 RIGHT 0 5
MOVE A27 14
MOVE A28 14
MOVE A29 14
MOVE A30 14
MOVE A31 14
MOVE A32 14
MOVE A33 14
MOVE A34 14
MOVE A37 14
MOVE A38 14
MOVE A39 14
MOVE A40 14
MOVE B17 59
MOVE B18 59
MOVE B19 59
MOVE B20 59
MOVE B21 59
MOVE B22 59
MOVE B23 59
MOVE B24 59
MOVE B25 59
MOVE B26 59
MOVE B27 59
MOVE B28 59
MOVE B29 59
MOVE B30 59
MOVE B31 59
MOVE B32 59
MOVE B33 59
MOVE B34 59
MOVE B35 59
MOVE B36 59
MOVE B37 59
MOVE B38 59
MOVE B39 59
MOVE B40 59
MOVE B41 59
MOVE B42 59
MOVE B43 59
MOVE B44 59
MOVE B45 59
MOVE B46 59
MOVE B47 59
MOVE B48 59
MOVE B49 59
MOVE B50 59
MOVE B51 59
MOVE B52 59
MOVE B53 59
MOVE B54 59
MOVE B55 59
END TURN 172
TURN 173
COMMAND LEFT START
TRAIN 2
COMMAND LEFT END
COMMAND RIGHT START
COMMAND RIGHT END
TURN 173 RESULT
TIME LEFT 0 5 RIGHT 0 5
TRAIN A41 A42
MOVE A27 28
MOVE A28 28
MOVE A29 28
MOVE A30 28
MOVE A31 28
MOVE A32 28
MOVE A33 28
MOVE A34 28
MOVE A37 28
MOVE A38 28
MOVE A39 28
MOVE A40 28
MOVE B17 46
MOVE B18 46
MOVE B19 46
MOVE B20 46
MOVE B21 46
MOVE B22 46
MOVE B23 46
MOVE B24 46
MOVE B25 46
MOVE B26 46
MOVE B27 46
MOVE B28 46
MOVE B29 46
MOVE B30 46
MOVE B31 46
MOVE B32 46
MOVE B33 46
MOVE B34 46
MOVE B35 46
MOVE B36 46
MOVE B37 46
MOVE B38 46
MOVE B39 46
MOVE B40 46
MOVE B41 46
MOVE B42 46
MOVE B43 46
MOVE B44 46
MOVE B45 46
MOVE B46 46
MOVE B47 46
MOVE B48 46
MOVE B49 46
MOVE B50 46
MOVE B51 46
MOVE B52 46
MOVE B53 46
MOVE B54 46
MOVE B55 46
END TURN 173
TURN 174
COMMAND LEFT START
MOVE A42 53
MOVE A41 53
TRAIN 2
COMMAND LEFT END
COMMAND RIGHT START
COMMAND RIGHT END
TURN 174 RESULT
TIME LEFT 0 5 RIGHT 0 5
TRAIN A43 A44
MOVE A27 39
MOVE A28 39
MOVE A29 39
MOVE A30 39
MOVE A31 39
MOVE A32 39
MOVE A33 39
MOVE A34 39
MOVE A37 39
MOVE A38 39
MOVE A39 39
MOVE A40 39
MOVE A41 5
MOVE A42 5
MOVE B17 25
MOVE B18 25
MOVE B19 25
MOVE B20 25
MOVE B21 25
MOVE B22 25
MOVE B23 25
MOVE B24 25
MOVE B25 25
MOVE B26 25
MOVE B27 25
MOVE B28 25
MOVE B29 25
MOVE B30 25
MOVE B31 25
MOVE B32 25
MOVE B33 25
MOVE B34 25
MOVE B35 25
MOVE B36 25
MOVE B37 25
MOVE B38 25
MOVE B39 25
MOVE B40 25
MOVE B41 25
MOVE B42 25
MOVE B43 25
MOVE B44 25
MOVE B45 25
MOVE B46 25
MOVE B47 25
MOVE B48 25
MOVE B49 25
MOVE B50 25
MOVE B51 25
MOVE B52 25
MOVE B53 25
MOVE B54 25
MOVE B55 25
END TURN 174
TURN 175
COMMAND LEFT START
MOVE A11 0
MOVE A14 0
MOVE A16 0
MOVE A9 0
MOVE A13 0
MOVE A18 0
MOVE A10 0
MOVE A12 0
MOVE A21 0
MOVE A15 0
MOVE A17 0
MOVE A19 0
MOVE A8 0
MOVE A20 0
MOVE A22 0
MOVE A4 0
MOVE A36 0
MOVE A35 0
TRAIN 2
COMMAND LEFT END
COMMAND RIGHT START
MOVE B17 0
MOVE B18 0
MOVE B19 0
MOVE B20 0
MOVE B21 0
MOVE B22 0
MOVE B23 0
MOVE B24 0
MOVE B25 0
MOVE B26 0
MOVE B27 0
MOVE B28 0
MOVE B29 0
MOVE B30 0
MOVE B31 0
MOVE B32 0
MOVE B33 0
MOVE B34 0
MOVE B35 0
MOVE B36 0
MOVE B37 0
MOVE B38 0
MOVE B39 0
MOVE B40 0
MOVE B41 0
MOVE B42 0
MOVE B43 0
MOVE B44 0
MOVE B45 0
MOVE B46 0
MOVE B47 0
MOVE B48 0
MOVE B49 0
MOVE B50 0
MOVE B51 0
MOVE B52 0
MOVE B53 0
MOVE B54 0
MOVE B55 0
COMMAND RIGHT END
TURN 175 RESULT
TIME LEFT 0 5 RIGHT 0 5
TRAIN A45 A46
MOVE A4 61
MOVE A8 57
MOVE A9 14
MOVE A10 39
MOVE A11 2
MOVE A12 39
MOVE A13 14
MOVE A14 2
MOVE A15 30
MOVE A16 2
MOVE A17 30
MOVE A18 14
MOVE A19 30
MOVE A20 57
MOVE A21 39
MOVE A22 57
MOVE A27 53
MOVE A28 53
MOVE A29 53
MOVE A30 53
MOVE A31 53
MOVE A32 53
MOVE A33 53
MOVE A34 53
MOVE A35 74
MOVE A36 61
MOVE A37 53
MOVE A38 53
MOVE A39 53
MOVE A40 53
MOVE A41 14
MOVE A42 14
MOVE B17 17
MOVE B18 17
MOVE B19 17
MOVE B20 17
MOVE B21 17
MOVE B22 17
MOVE B23 17
MOVE B24 17
MOVE B25 17
MOVE B26 17
MOVE B27 17
MOVE B28 17
MOVE B29 17
MOVE B30 17
MOVE B31 17
MOVE B32 17
MOVE B33 17
MOVE B34 17
MOVE B35 17
MOVE B36 17
MOVE B37 17
MOVE B38 17
MOVE B39 17
MOVE B40 17
MOVE B41 17
MOVE B42 17
MOVE B43 17
MOVE B44 17
MOVE B45 17
MOVE B46 17
MOVE B47 17
MOVE B48 17
MOVE B49 17
MOVE B50 17
MOVE B51 17
MOVE B52 17
MOVE B53 17
MOVE B54 17
MOVE B55 17
END TURN 175
TURN 176
COMMAND LEFT START
MOVE A27 0
MOVE A28 0
MOVE A29 0
MOVE A30 0
MOVE A31 0
MOVE A32 0
MOVE A33 0
MOVE A34 0
MOVE A37 0
MOVE A38 0
MOVE A39 0
MOVE A40 0
TRAIN 2
COMMAND LEFT END
COMMAND RIGHT START
COMMAND RIGHT END
TURN 176 RESULT
TIME LEFT 0 5 RIGHT 0 5
TRAIN A47 A48
MOVE A4 53
MOVE A8 35
MOVE A9 5
MOVE A10 28
MOVE A11 0
MOVE A12 28
MOVE A13 5
MOVE A14 0
MOVE A15 18
MOVE A16 0
MOVE A17 18
MOVE A18 5
MOVE A19 18
MOVE A20 35
MOVE A21 28
MOVE A22 35
MOVE A27 39
MOVE A28 39
MOVE A29 39
MOVE A30 39
MOVE A31 39
MOVE A32 39
MOVE A33 39
MOVE A34 39
MOVE A35 63
MOVE A36 53
MOVE A37 39
MOVE A38 39
MOVE A39 39
MOVE A40 39
MOVE A41 28
MOVE A42 28
MOVE B17 7
MOVE B18 7
MOVE B19 7
MOVE B20 7
MOVE B21 7
MOVE B22 7
MOVE B23 7
MOVE B24 7
MOVE B25 7
MOVE B26 7
MOVE B27 7
MOVE B28 7
MOVE B29 7
MOVE B30 7
MOVE B31 7
MOVE B32 7
MOVE B33 7
MOVE B34 7
MOVE B35 7
MOVE B36 7
MOVE B37 7
MOVE B38 7
MOVE B39 7
MOVE B40 7
MOVE B41 7
MOVE B42 7
MOVE B43 7
MOVE B44 7
MOVE B45 7
MOVE B46 7
MOVE B47 7
MOVE B48 7
MOVE B49 7
MOVE B50 7
MOVE B51 7
MOVE B52 7
MOVE B53 7
MOVE B54 7
MOVE B55 7
END TURN 176
TURN 177
COMMAND LEFT START
COMMAND LEFT END
COMMAND RIGHT START
COMMAND RIGHT END
TURN 177 RESULT
TIME LEFT 0 5 RIGHT 0 5
MOVE A4 39
MOVE A8 22
MOVE A9 0
MOVE A10 14
MOVE A12 14
MOVE A13 0
MOVE A15 12
MOVE A17 12
MOVE A18 0
MOVE A19 12
MOVE A20 22
MOVE A21 14
MOVE A22 22
MOVE A27 28
MOVE A28 28
MOVE A29 28
MOVE A30 28
MOVE A31 28
MOVE A32 28
MOVE A33 28
MOVE A34 28
MOVE A35 58
MOVE A36 39
MOVE A37 28
MOVE A38 28
MOVE A39 28
MOVE A40 28
MOVE A41 39
MOVE A42 39
MOVE B17 0
MOVE B18 0
MOVE B19 0
MOVE B20 0
MOVE B21 0
MOVE B22 0
MOVE B23 0
MOVE B24 0
MOVE B25 0
MOVE B26 0
MOVE B27 0
MOVE B28 0
MOVE B29 0
MOVE B30 0
MOVE B31 0
MOVE B32 0
MOVE B33 0
MOVE B34 0
MOVE B35 0
MOVE B36 0
MOVE B37 0
MOVE B38 0
MOVE B39 0
MOVE B40 0
MOVE B41 0
MOVE B42 0
MOVE B43 0
MOVE B44 0
MOVE B45 0
MOVE B46 0
MOVE B47 0
MOVE B48 0
MOVE B49 0
MOVE B50 0
MOVE B51 0
MOVE B52 0
MOVE B53 0
MOVE B54 0
MOVE B55 0
DAMAGE TURRET B17 2
DAMAGE TURRET B18 1
DAMAGE COMBAT A9 6
DAMAGE COMBAT A11 6
DAMAGE COMBAT A13 6
DAMAGE COMBAT A14 6
DAMAGE COMBAT A16 6
DAMAGE COMBAT A18 6
DAMAGE COMBAT A23 3
DAMAGE COMBAT B18 4
DAMAGE COMBAT B19 5
DAMAGE COMBAT B20 5
DAMAGE COMBAT B21 2
END TURN 177
TURN 178
COMMAND LEFT START
TRAIN 1
COMMAND LEFT END
COMMAND RIGHT START
COMMAND RIGHT END
TURN 178 RESULT
TIME LEFT 0 5 RIGHT 0 5
TRAIN A49
MOVE A4 28
MOVE A8 20
MOVE A10 5
MOVE A12 5
MOVE A15 9
MOVE A17 9
MOVE A19 9
MOVE A20 20
MOVE A21 5
MOVE A22 20
MOVE A27 14
MOVE A28 14
MOVE A29 14
MOVE A30 14
MOVE A31 14
MOVE A32 14
MOVE A33 14
MOVE A34 14
MOVE A35 48
MOVE A36 28
MOVE A37 14
MOVE A38 14
MOVE A39 14
MOVE A40 14
MOVE A41 53
MOVE A42 53
DAMAGE TURRET B21 3
DAMAGE COMBAT A23 3
DAMAGE COMBAT A24 6
DAMAGE COMBAT A25 6
DAMAGE COMBAT A26 6
DAMAGE COMBAT A43 7
DAMAGE COMBAT A44 7
DAMAGE COMBAT B22 6
DAMAGE COMBAT B23 5
END TURN 178
TURN 179
COMMAND LEFT START
MOVE A41 0
MOVE A42 0
TRAIN 2
COMMAND LEFT END
COMMAND RIGHT START
COMMAND RIGHT END
TURN 179 RESULT
TIME LEFT 0 5 RIGHT 0 5
TRAIN A50 A51
MOVE A4 14
MOVE A8 8
MOVE A10 0
MOVE A12 0
MOVE A15 2
MOVE A17 2
MOVE A19 2
MOVE A20 8
MOVE A21 0
MOVE A22 8
MOVE A27 5
MOVE A28 5
MOVE A29 5
MOVE A30 5
MOVE A31 5
MOVE A32 5
MOVE A33 5
MOVE A34 5
MOVE A35 37
MOVE A36 14
MOVE A37 5
MOVE A38 5
MOVE A39 5
MOVE A40 5
MOVE A41 39
MOVE A42 39
DAMAGE TURRET B23 1
DAMAGE TURRET B24 2
DAMAGE COMBAT A10 6
DAMAGE COMBAT A12 6
DAMAGE COMBAT A21 6
DAMAGE COMBAT A45 7
DAMAGE COMBAT A46 7
DAMAGE COMBAT A47 1
DAMAGE COMBAT B24 4
DAMAGE COMBAT B25 6
END TURN 179
TURN 180
COMMAND LEFT START
COMMAND LEFT END
COMMAND RIGHT START
COMMAND RIGHT END
TURN 180 RESULT
TIME LEFT 0 5 RIGHT 0 5
MOVE A4 5
MOVE A8 1
MOVE A15 0
MOVE A17 0
MOVE A19 0
MOVE A20 1
MOVE A22 1
MOVE A27 0
MOVE A28 0
MOVE A29 0
MOVE A30 0
MOVE A31 0
MOVE A32 0
MOVE A33 0
MOVE A34 0
MOVE A35 29
MOVE A36 5
MOVE A37 0
MOVE A38 0
MOVE A39 0
MOVE A40 0
MOVE A41 28
MOVE A42 28
DAMAGE TURRET B26 3
DAMAGE COMBAT A15 6
DAMAGE COMBAT A17 6
DAMAGE COMBAT A19 6
DAMAGE COMBAT A27 6
DAMAGE COMBAT A28 6
DAMAGE COMBAT B26 3
DAMAGE COMBAT B27 6
DAMAGE COMBAT B28 6
DAMAGE COMBAT B29 5
END TURN 180
TURN 181
COMMAND LEFT START
TRAIN 1
COMMAND LEFT END
COMMAND RIGHT START
COMMAND RIGHT END
TURN 181 RESULT
TIME LEFT 0 5 RIGHT 0 5
TRAIN A52
MOVE A4 0
MOVE A8 0
MOVE A20 0
MOVE A22 0
MOVE A35 19
MOVE A36 0
MOVE A41 14
MOVE A42 14
DAMAGE TURRET B29 1
DAMAGE TURRET B30 2
DAMAGE COMBAT A4 4
DAMAGE COMBAT A8 6
DAMAGE COMBAT A20 6
DAMAGE COMBAT A22 6
DAMAGE COMBAT A29 5
DAMAGE COMBAT B30 4
DAMAGE COMBAT B31 6
DAMAGE COMBAT B32 6
DAMAGE COMBAT B33 5
END TURN 181
TURN 182
COMMAND LEFT START
COMMAND LEFT END
COMMAND RIGHT START
COMMAND RIGHT END
TURN 182 RESULT
TIME LEFT 0 5 RIGHT 0 5
MOVE A35 9
MOVE A41 5
MOVE A42 5
DAMAGE TURRET B33 1
DAMAGE TURRET B34 2
DAMAGE COMBAT A29 1
DAMAGE COMBAT A30 6
DAMAGE COMBAT A31 6
DAMAGE COMBAT A32 6
DAMAGE COMBAT A33 4
DAMAGE COMBAT B34 4
DAMAGE COMBAT B35 6
DAMAGE COMBAT B36 6
DAMAGE COMBAT B37 1
END TURN 182
TURN 183
COMMAND LEFT START
COMMAND LEFT END
COMMAND RIGHT START
COMMAND RIGHT END
TURN 183 RESULT
TIME LEFT 0 5 RIGHT 0 5
MOVE A35 2
MOVE A41 0
MOVE A42 0
DAMAGE TURRET B37 3
DAMAGE COMBAT A33 2
DAMAGE COMBAT A34 6
DAMAGE COMBAT A36 6
DAMAGE COMBAT A47 5
DAMAGE COMBAT B37 2
DAMAGE COMBAT B38 6
DAMAGE COMBAT B39 6
DAMAGE COMBAT B40 1
END TURN 183
TURN 184
COMMAND LEFT START
COMMAND LEFT END
COMMAND RIGHT START
COMMAND RIGHT END
TURN 184 RESULT
TIME LEFT 0 5 RIGHT 0 5
MOVE A35 0
DAMAGE TURRET B40 3
DAMAGE COMBAT A35 6
DAMAGE COMBAT A37 7
DAMAGE COMBAT A38 2
DAMAGE COMBAT A47 1
DAMAGE COMBAT B40 2
DAMAGE COMBAT B41 6
DAMAGE COMBAT B42 5
END TURN 184
TURN 185
COMMAND LEFT START
TRAIN 1
COMMAND LEFT END
COMMAND RIGHT START
COMMAND RIGHT END
TURN 185 RESULT
TIME LEFT 0 5 RIGHT 0 5
TRAIN A53
DAMAGE TURRET B42 1
DAMAGE TURRET B43 2
DAMAGE COMBAT A38 5
DAMAGE COMBAT A39 7
DAMAGE COMBAT A40 2
DAMAGE COMBAT B43 4
DAMAGE COMBAT B44 6
DAMAGE COMBAT B45 1
END TURN 185
TURN 186
COMMAND LEFT START
COMMAND LEFT END
COMMAND RIGHT START
COMMAND RIGHT END
TURN 186 RESULT
TIME LEFT 0 5 RIGHT 0 5
DAMAGE TURRET B45 3
DAMAGE COMBAT A40 5
DAMAGE COMBAT A41 6
DAMAGE COMBAT B45 2
DAMAGE COMBAT B46 6
DAMAGE COMBAT B47 1
END TURN 186
TURN 187
COMMAND LEFT START
TRAIN 1
COMMAND LEFT END
COMMAND RIGHT START
COMMAND RIGHT END
TURN 187 RESULT
TIME LEFT 0 5 RIGHT 0 5
TRAIN A54
DAMAGE TURRET B47 3
DAMAGE COMBAT A41 1
DAMAGE COMBAT A42 7
DAMAGE COMBAT A48 1
DAMAGE COMBAT B47 2
DAMAGE COMBAT B48 6
DAMAGE COMBAT B49 1
END TURN 187
TURN 188
COMMAND LEFT START
COMMAND LEFT END
COMMAND RIGHT START
COMMAND RIGHT END
TURN 188 RESULT
TIME LEFT 0 5 RIGHT 0 5
DAMAGE TURRET B49 3
DAMAGE COMBAT A48 6
DAMAGE COMBAT A49 1
DAMAGE COMBAT B49 2
DAMAGE COMBAT B50 5
END TURN 188
TURN 189
COMMAND LEFT START
COMMAND LEFT END
COMMAND RIGHT START
COMMAND RIGHT END
TURN 189 RESULT
TIME LEFT 0 5 RIGHT 0 5
DAMAGE TURRET B50 1
DAMAGE TURRET B51 2
DAMAGE COMBAT A49 6
DAMAGE COMBAT B51 4
DAMAGE COMBAT B52 2
END TURN 189
TURN 190
COMMAND LEFT START
COMMAND LEFT END
COMMAND RIGHT START
COMMAND RIGHT END
TURN 190 RESULT
TIME LEFT 0 5 RIGHT 0 5
DAMAGE TURRET B52 3
DAMAGE COMBAT A50 4
DAMAGE COMBAT B52 1
DAMAGE COMBAT B53 4
END TURN 190
TURN 191
COMMAND LEFT START
COMMAND LEFT END
COMMAND RIGHT START
COMMAND RIGHT END
TURN 191 RESULT
TIME LEFT 0 5 RIGHT 0 5
DAMAGE TURRET B53 2
DAMAGE TURRET B54 1
DAMAGE COMBAT A50 3
DAMAGE COMBAT B54 5
END TURN 191
TURN 192
COMMAND LEFT START
COMMAND LEFT END
COMMAND RIGHT START
COMMAND RIGHT END
TURN 192 RESULT
TIME LEFT 0 5 RIGHT 0 5
DAMAGE TURRET B55 3
DAMAGE COMBAT A51 1
DAMAGE COMBAT B55 3
END TURN 192
TURN 193
COMMAND LEFT START
MOVE A51 9
MOVE A52 28
MOVE A53 53
TRAIN 2
COMMAND LEFT END
COMMAND RIGHT START
COMMAND RIGHT END
TURN 193 RESULT
TIME LEFT 0 5 RIGHT 0 5
TRAIN A55 A56
MOVE A51 2
MOVE A52 5
MOVE A53 5
END TURN 193
TURN 194
COMMAND LEFT START
MOVE A54 9
MOVE A55 28
COMMAND LEFT END
COMMAND RIGHT START
COMMAND RIGHT END
TURN 194 RESULT
TIME LEFT 0 5 RIGHT 0 5
MOVE A51 9
MOVE A52 14
MOVE A53 14
MOVE A54 2
MOVE A55 5
END TURN 194
TURN 195
COMMAND LEFT START
COMMAND LEFT END
COMMAND RIGHT START
UPGRADE 216
COMMAND RIGHT END
TURN 195 RESULT
TIME LEFT 0 5 RIGHT 0 5
UPGRADE B 216
MOVE A52 28
MOVE A53 28
MOVE A54 9
MOVE A55 14
END TURN 195
TURN 196
COMMAND LEFT START
MOVE A51 53
TRAIN 1
COMMAND LEFT END
COMMAND RIGHT START
MOVE B3 216
MOVE B11 207
COMMAND RIGHT END
TURN 196 RESULT
TIME LEFT 0 5 RIGHT 0 5
TRAIN A57
MOVE A51 19
MOVE A53 39
MOVE A55 28
MOVE B3 214
MOVE B11 25
END TURN 196
TURN 197
COMMAND LEFT START
MOVE A52 53
MOVE A56 34
COMMAND LEFT END
COMMAND RIGHT START
TRAIN 1
COMMAND RIGHT END
TURN 197 RESULT
TIME LEFT 0 5 RIGHT 0 5
TRAIN B56
MOVE A51 29
MOVE A52 39
MOVE A53 53
MOVE A56 2
MOVE B3 216
MOVE B11 46
END TURN 197
TURN 198
COMMAND LEFT START
TRAIN 1
COMMAND LEFT END
COMMAND RIGHT START
MOVE B56 17
COMMAND RIGHT END
TURN 198 RESULT
TIME LEFT 0 5 RIGHT 0 5
TRAIN A58
MOVE A51 39
MOVE A52 53
MOVE A56 9
MOVE B11 70
MOVE B56 209
END TURN 198
TURN 199
COMMAND LEFT START
MOVE A52 34
MOVE A57 78
TRAIN 1
COMMAND LEFT END
COMMAND RIGHT START
TRAIN 1
COMMAND RIGHT END
TURN 199 RESULT
TIME LEFT 0 5 RIGHT 0 5
TRAIN A59 B57
MOVE A51 53
MOVE A52 48
MOVE A56 12
MOVE A57 5
MOVE B11 82
MOVE B56 199
END TURN 199
TURN 200
COMMAND LEFT START
MOVE A51 34
MOVE A58 78
COMMAND LEFT END
COMMAND RIGHT START
TRAIN 1
COMMAND RIGHT END
TURN 200 RESULT
TIME LEFT 0 5 RIGHT 0 5
TRAIN B58
MOVE A51 48
MOVE A52 42
MOVE A56 18
MOVE A57 14
MOVE A58 5
MOVE B11 98
MOVE B56 191
END TURN 200
TURN 201
COMMAND LEFT START
TRAIN 1
COMMAND LEFT END
COMMAND RIGHT START
TRAIN 1
COMMAND RIGHT END
TURN 201 RESULT
TIME LEFT 0 5 RIGHT 0 5
TRAIN A60 B59
MOVE A51 42
MOVE A52 45
MOVE A56 30
MOVE A57 28
MOVE A58 14
MOVE B11 121
MOVE B56 170
END TURN 201
TURN 202
COMMAND LEFT START
MOVE A59 34
COMMAND LEFT END
COMMAND RIGHT START
TRAIN 1
COMMAND RIGHT END
TURN 202 RESULT
TIME LEFT 0 5 RIGHT 0 5
TRAIN B60
MOVE A51 45
MOVE A52 34
MOVE A56 34
MOVE A57 39
MOVE A58 28
MOVE A59 2
MOVE B11 137
MOVE B56 157
END TURN 202
TURN 203
COMMAND LEFT START
MOVE A52 78
TRAIN 1
COMMAND LEFT END
COMMAND RIGHT START
TRAIN 1
COMMAND RIGHT END
TURN 203 RESULT
TIME LEFT 0 5 RIGHT 0 5
TRAIN A61 B61
MOVE A51 34
MOVE A52 45
MOVE A57 53
MOVE A58 39
MOVE A59 9
MOVE B11 152
MOVE B56 140
END TURN 203
TURN 204
COMMAND LEFT START
MOVE A51 78
MOVE A60 69
TRAIN 1
COMMAND LEFT END
COMMAND RIGHT START
TRAIN 1
COMMAND RIGHT END
TURN 204 RESULT
TIME LEFT 0 5 RIGHT 0 5
TRAIN A62 B62
MOVE A51 45
MOVE A52 63
MOVE A57 61
MOVE A58 53
MOVE A59 12
MOVE A60 1
MOVE B11 163
MOVE B56 108
END TURN 204
TURN 205
COMMAND LEFT START
MOVE A61 78
COMMAND LEFT END
COMMAND RIGHT START
TRAIN 1
COMMAND RIGHT END
TURN 205 RESULT
TIME LEFT 0 5 RIGHT 0 5
TRAIN B63
MOVE A51 63
MOVE A52 78
MOVE A57 78
MOVE A58 61
MOVE A59 18
MOVE A60 8
MOVE A61 5
MOVE B11 177
MOVE B56 76
END TURN 205
TURN 206
COMMAND LEFT START
MOVE A52 69
TRAIN 1
COMMAND LEFT END
COMMAND RIGHT START
TRAIN 1
COMMAND RIGHT END
TURN 206 RESULT
TIME LEFT 0 5 RIGHT 0 5
TRAIN A63 B64
MOVE A51 78
MOVE A52 61
MOVE A58 78
MOVE A59 30
MOVE A60 20
MOVE A61 14
MOVE B11 187
MOVE B56 59
END TURN 206
TURN 207
COMMAND LEFT START
MOVE A62 69
MOVE A51 92
TRAIN 1
COMMAND LEFT END
COMMAND RIGHT START
TRAIN 1
COMMAND RIGHT END
TURN 207 RESULT
TIME LEFT 0 5 RIGHT 0 5
TRAIN A64 B65
MOVE A51 91
MOVE A52 64
MOVE A59 34
MOVE A60 22
MOVE A61 28
MOVE A62 1
MOVE B11 197
MOVE B56 46
END TURN 207
TURN 208
COMMAND LEFT START
MOVE A63 69
MOVE A57 92
TRAIN 1
COMMAND LEFT END
COMMAND RIGHT START
TRAIN 1
COMMAND RIGHT END
TURN 208 RESULT
TIME LEFT 0 5 RIGHT 0 5
TRAIN A65 B66
MOVE A51 92
MOVE A52 54
MOVE A57 91
MOVE A60 35
MOVE A61 39
MOVE A62 8
MOVE A63 1
MOVE B11 207
MOVE B56 25
END TURN 208
TURN 209
COMMAND LEFT START
MOVE A64 69
TRAIN 1
COMMAND LEFT END
COMMAND RIGHT START
TRAIN 1
COMMAND RIGHT END
TURN 209 RESULT
TIME LEFT 0 5 RIGHT 0 5
TRAIN A66 B67
MOVE A52 59
MOVE A57 92
MOVE A60 57
MOVE A61 53
MOVE A62 20
MOVE A63 8
MOVE A64 1
MOVE B56 17
END TURN 209
TURN 210
COMMAND LEFT START
MOVE A51 69
TRAIN 1
COMMAND LEFT END
COMMAND RIGHT START
TRAIN 1
COMMAND RIGHT END
TURN 210 RESULT
TIME LEFT 0 5 RIGHT 0 5
TRAIN A67 B68
MOVE A51 91
MOVE A52 70
MOVE A60 69
MOVE A61 61
MOVE A62 22
MOVE A63 20
MOVE A64 8
END TURN 210
TURN 211
COMMAND LEFT START
TRAIN 1
COMMAND LEFT END
COMMAND RIGHT START
TRAIN 1
COMMAND RIGHT END
TURN 211 RESULT
TIME LEFT 0 5 RIGHT 0 5
TRAIN A68 B69
MOVE A51 86
MOVE A52 65
MOVE A61 78
MOVE A62 35
MOVE A63 22
MOVE A64 20
END TURN 211
TURN 212
COMMAND LEFT START
TRAIN 1
COMMAND LEFT END
COMMAND RIGHT START
TRAIN 1
COMMAND RIGHT END
TURN 212 RESULT
TIME LEFT 0 5 RIGHT 0 5
TRAIN A69 B70
MOVE A51 85
MOVE A52 75
MOVE A62 57
MOVE A63 35
MOVE A64 22
END TURN 212
TURN 213
COMMAND LEFT START
MOVE A65 9
TRAIN 2
COMMAND LEFT END
COMMAND RIGHT START
TRAIN 1
COMMAND RIGHT END
TURN 213 RESULT
TIME LEFT 0 5 RIGHT 0 5
TRAIN A70 A71 B71
MOVE A51 79
MOVE A52 68
MOVE A62 69
MOVE A63 57
MOVE A64 35
MOVE A65 2
END TURN 213
TURN 214
COMMAND LEFT START
MOVE A66 28
MOVE A67 28
TRAIN 1
COMMAND LEFT END
COMMAND RIGHT START
COMMAND RIGHT END
TURN 214 RESULT
TIME LEFT 0 5 RIGHT 0 5
TRAIN A72
MOVE A51 73
MOVE A52 71
MOVE A63 69
MOVE A64 57
MOVE A65 9
MOVE A66 5
MOVE A67 5
END TURN 214
TURN 215
COMMAND LEFT START
MOVE A68 53
TRAIN 2
COMMAND LEFT END
COMMAND RIGHT START
TRAIN 1
COMMAND RIGHT END
TURN 215 RESULT
TIME LEFT 0 5 RIGHT 0 5
TRAIN A73 A74 B72
MOVE A51 76
MOVE A52 72
MOVE A64 69
MOVE A66 14
MOVE A67 14
MOVE A68 5
END TURN 215
TURN 216
COMMAND LEFT START
MOVE A69 9
MOVE A70 34
TRAIN 1
COMMAND LEFT END
COMMAND RIGHT START
TRAIN 1
COMMAND RIGHT END
TURN 216 RESULT
TIME LEFT 0 5 RIGHT 0 5
TRAIN A75 B73
MOVE A51 70
MOVE A52 69
MOVE A66 28
MOVE A67 28
MOVE A68 14
MOVE A69 2
MOVE A70 2
END TURN 216
TURN 217
COMMAND LEFT START
MOVE A71 53
COMMAND LEFT END
COMMAND RIGHT START
TRAIN 1
COMMAND RIGHT END
TURN 217 RESULT
TIME LEFT 0 5 RIGHT 0 5
TRAIN B74
MOVE A51 65
MOVE A68 28
MOVE A69 9
MOVE A70 9
MOVE A71 5
END TURN 217
TURN 218
COMMAND LEFT START
MOVE A64 108
MOVE A63 53
COMMAND LEFT END
COMMAND RIGHT START
TRAIN 1
COMMAND RIGHT END
TURN 218 RESULT
TIME LEFT 0 5 RIGHT 0 5
TRAIN B75
MOVE A51 75
MOVE A63 72
MOVE A64 72
MOVE A68 39
MOVE A70 12
MOVE A71 14
END TURN 218
TURN 219
COMMAND LEFT START
UPGRADE 92
COMMAND LEFT END
COMMAND RIGHT START
TRAIN 1
COMMAND RIGHT END
TURN 219 RESULT
TIME LEFT 0 5 RIGHT 0 5
UPGRADE A 92
TRAIN B76
MOVE A51 68
MOVE A63 71
MOVE A64 71
MOVE A68 53
MOVE A70 18
MOVE A71 28
END TURN 219
TURN 220
COMMAND LEFT START
TRAIN 1
COMMAND LEFT END
COMMAND RIGHT START
TRAIN 1
COMMAND RIGHT END
TURN 220 RESULT
TIME LEFT 0 5 RIGHT 0 5
TRAIN A76 B77
MOVE A51 71
MOVE A63 68
MOVE A64 68
MOVE A70 30
MOVE A71 39
END TURN 220
TURN 221
COMMAND LEFT START
MOVE A72 92
COMMAND LEFT END
COMMAND RIGHT START
COMMAND RIGHT END
TURN 221 RESULT
TIME LEFT 0 5 RIGHT 0 5
MOVE A51 72
MOVE A63 75
MOVE A64 75
MOVE A70 34
MOVE A71 53
MOVE A72 2
END TURN 221
TURN 222
COMMAND LEFT START
UPGRADE 78
COMMAND LEFT END
COMMAND RIGHT START
TRAIN 1
COMMAND RIGHT END
TURN 222 RESULT
TIME LEFT 0 5 RIGHT 0 5
UPGRADE A 78
TRAIN B78
MOVE A51 69
MOVE A63 65
MOVE A64 90
MOVE A72 9
END TURN 222
TURN 223
COMMAND LEFT START
MOVE A51 78
COMMAND LEFT END
COMMAND RIGHT START
TRAIN 1
COMMAND RIGHT END
TURN 223 RESULT
TIME LEFT 0 5 RIGHT 0 5
TRAIN B79
MOVE A51 72
MOVE A63 70
MOVE A64 98
MOVE A72 19
END TURN 223
TURN 224
COMMAND LEFT START
UPGRADE 92
COMMAND LEFT END
COMMAND RIGHT START
TRAIN 1
COMMAND RIGHT END
TURN 224 RESULT
TIME LEFT 0 5 RIGHT 0 5
UPGRADE A 92
TRAIN B80
MOVE A51 71
MOVE A63 59
MOVE A64 108
MOVE A72 29
END TURN 224
TURN 225
COMMAND LEFT START
MOVE A64 92
TRAIN 1
COMMAND LEFT END
COMMAND RIGHT START
COMMAND RIGHT END
TURN 225 RESULT
TIME LEFT 0 5 RIGHT 0 5
TRAIN A77
MOVE A51 68
MOVE A63 54
MOVE A64 104
MOVE A72 37
END TURN 225
TURN 226
COMMAND LEFT START
MOVE A77 53
TRAIN 1
COMMAND LEFT END
COMMAND RIGHT START
TRAIN 1
COMMAND RIGHT END
TURN 226 RESULT
TIME LEFT 0 5 RIGHT 0 5
TRAIN A78 B81
MOVE A51 75
MOVE A63 50
MOVE A64 95
MOVE A72 48
MOVE A77 5
END TURN 226
TURN 227
COMMAND LEFT START
MOVE A78 53
TRAIN 2
COMMAND LEFT END
COMMAND RIGHT START
TRAIN 1
COMMAND RIGHT END
TURN 227 RESULT
TIME LEFT 0 5 RIGHT 0 5
TRAIN A79 A80 B82
MOVE A51 65
MOVE A63 53
MOVE A64 93
MOVE A72 58
MOVE A77 14
MOVE A78 5
END TURN 227
TURN 228
COMMAND LEFT START
MOVE A80 53
MOVE A79 53
TRAIN 2
COMMAND LEFT END
COMMAND RIGHT START
TRAIN 1
COMMAND RIGHT END
TURN 228 RESULT
TIME LEFT 0 5 RIGHT 0 5
TRAIN A81 A82 B83
MOVE A51 70
MOVE A64 86
MOVE A72 63
MOVE A77 28
MOVE A78 14
MOVE A79 5
MOVE A80 5
END TURN 228
TURN 229
COMMAND LEFT START
MOVE A82 53
MOVE A81 53
TRAIN 2
COMMAND LEFT END
COMMAND RIGHT START
COMMAND RIGHT END
TURN 229 RESULT
TIME LEFT 0 5 RIGHT 0 5
TRAIN A83 A84
MOVE A51 59
MOVE A64 91
MOVE A72 74
MOVE A77 39
MOVE A78 28
MOVE A79 14
MOVE A80 14
MOVE A81 5
MOVE A82 5
END TURN 229
TURN 230
COMMAND LEFT START
MOVE A84 53
MOVE A83 53
TRAIN 2
COMMAND LEFT END
COMMAND RIGHT START
TRAIN 1
COMMAND RIGHT END
TURN 230 RESULT
TIME LEFT 0 5 RIGHT 0 5
TRAIN A85 A86 B84
MOVE A51 54
MOVE A64 92
MOVE A72 92
MOVE A77 53
MOVE A78 39
MOVE A79 28
MOVE A80 28
MOVE A81 14
MOVE A82 14
MOVE A83 5
MOVE A84 5
END TURN 230
TURN 231
COMMAND LEFT START
MOVE A77 108
MOVE A86 53
MOVE A85 53
COMMAND LEFT END
COMMAND RIGHT START
TRAIN 1
COMMAND RIGHT END
TURN 231 RESULT
TIME LEFT 0 5 RIGHT 0 5
TRAIN B85
MOVE A51 64
MOVE A77 64
MOVE A78 53
MOVE A79 39
MOVE A80 39
MOVE A81 28
MOVE A82 28
MOVE A83 14
MOVE A84 14
MOVE A85 5
MOVE A86 5
END TURN 231
TURN 232
COMMAND LEFT START
TRAIN 2
COMMAND LEFT END
COMMAND RIGHT START
COMMAND RIGHT END
TURN 232 RESULT
TIME LEFT 0 5 RIGHT 0 5
TRAIN A87 A88
MOVE A51 61
MOVE A77 73
MOVE A79 53
MOVE A80 53
MOVE A81 39
MOVE A82 39
MOVE A83 28
MOVE A84 28
MOVE A85 14
MOVE A86 14
END TURN 232
TURN 233
COMMAND LEFT START
MOVE A88 53
MOVE A87 53
TRAIN 2
COMMAND LEFT END
COMMAND RIGHT START
TRAIN 1
COMMAND RIGHT END
TURN 233 RESULT
TIME LEFT 0 5 RIGHT 0 5
TRAIN A89 A90 B86
MOVE A51 78
MOVE A77 76
MOVE A81 53
MOVE A82 53
MOVE A83 39
MOVE A84 39
MOVE A85 28
MOVE A86 28
MOVE A87 5
MOVE A88 5
END TURN 233
TURN 234
COMMAND LEFT START
MOVE A90 53
MOVE A89 53
TRAIN 2
COMMAND LEFT END
COMMAND RIGHT START
TRAIN 1
COMMAND RIGHT END
TURN 234 RESULT
TIME LEFT 0 5 RIGHT 0 5
TRAIN A91 A92 B87
MOVE A77 108
MOVE A83 53
MOVE A84 53
MOVE A85 39
MOVE A86 39
MOVE A87 14
MOVE A88 14
MOVE A89 5
MOVE A90 5
END TURN 234
TURN 235
COMMAND LEFT START
MOVE A84 124
MOVE A92 53
MOVE A91 53
UPGRADE 108
COMMAND LEFT END
COMMAND RIGHT START
COMMAND RIGHT END
TURN 235 RESULT
TIME LEFT 0 5 RIGHT 0 5
UPGRADE A 108
MOVE A84 64
MOVE A85 53
MOVE A86 53
MOVE A87 28
MOVE A88 28
MOVE A89 14
MOVE A90 14
MOVE A91 5
MOVE A92 5
END TURN 235
TURN 236
COMMAND LEFT START
MOVE A86 108
MOVE A85 108
MOVE A83 108
MOVE A82 108
MOVE A81 108
MOVE A80 108
MOVE A79 108
MOVE A78 108
MOVE A71 108
UPGRADE 108
COMMAND LEFT END
COMMAND RIGHT START
TRAIN 1
COMMAND RIGHT END
TURN 236 RESULT
TIME LEFT 0 5 RIGHT 0 5
UPGRADE A 108
TRAIN B88
MOVE A71 64
MOVE A78 64
MOVE A79 64
MOVE A80 64
MOVE A81 64
MOVE A82 64
MOVE A83 64
MOVE A84 73
MOVE A85 64
MOVE A86 64
MOVE A87 39
MOVE A88 39
MOVE A89 28
MOVE A90 28
MOVE A91 14
MOVE A92 14
END TURN 236
TURN 237
COMMAND LEFT START
UPGRADE 108
COMMAND LEFT END
COMMAND RIGHT START
TRAIN 1
COMMAND RIGHT END
TURN 237 RESULT
TIME LEFT 0 5 RIGHT 0 5
UPGRADE A 108
TRAIN B89
MOVE A71 73
MOVE A78 73
MOVE A79 73
MOVE A80 73
MOVE A81 73
MOVE A82 73
MOVE A83 73
MOVE A84 76
MOVE A85 73
MOVE A86 73
MOVE A87 53
MOVE A88 53
MOVE A89 39
MOVE A90 39
MOVE A91 28
MOVE A92 28
END TURN 237
TURN 238
COMMAND LEFT START
MOVE A88 108
MOVE A87 108
COMMAND LEFT END
COMMAND RIGHT START
COMMAND RIGHT END
TURN 238 RESULT
TIME LEFT 0 5 RIGHT 0 5
MOVE A71 76
MOVE A78 76
MOVE A79 76
MOVE A80 76
MOVE A81 76
MOVE A82 76
MOVE A83 76
MOVE A84 82
MOVE A85 76
MOVE A86 76
MOVE A87 64
MOVE A88 64
MOVE A89 53
MOVE A90 53
MOVE A91 39
MOVE A92 39
END TURN 238
TURN 239
COMMAND LEFT START
MOVE A90 108
MOVE A89 108
TRAIN 2
COMMAND LEFT END
COMMAND RIGHT START
TRAIN 1
COMMAND RIGHT END
TURN 239 RESULT
TIME LEFT 0 5 RIGHT 0 5
TRAIN A93 A94 B90
MOVE A71 108
MOVE A78 108
MOVE A79 108
MOVE A80 108
MOVE A81 108
MOVE A82 108
MOVE A83 108
MOVE A84 90
MOVE A85 108
MOVE A86 108
MOVE A87 73
MOVE A88 73
MOVE A89 64
MOVE A90 64
MOVE A91 53
MOVE A92 53
END TURN 239
TURN 240
COMMAND LEFT START
MOVE A92 108
MOVE A91 108
TRAIN 2
COMMAND LEFT END
COMMAND RIGHT START
COMMAND RIGHT END
TURN 240 RESULT
TIME LEFT 0 5 RIGHT 0 5
TRAIN A95 A96
MOVE A84 99
MOVE A87 76
MOVE A88 76
MOVE A89 73
MOVE A90 73
MOVE A91 64
MOVE A92 64
END TURN 240
TURN 241
COMMAND LEFT START
TRAIN 2
COMMAND LEFT END
COMMAND RIGHT START
TRAIN 1
COMMAND RIGHT END
TURN 241 RESULT
TIME LEFT 0 5 RIGHT 0 5
TRAIN A97 A98 B91
MOVE A84 101
MOVE A87 108
MOVE A88 108
MOVE A89 76
MOVE A90 76
MOVE A91 73
MOVE A92 73
END TURN 241
TURN 242
COMMAND LEFT START
MOVE A88 138
TRAIN 1
COMMAND LEFT END
COMMAND RIGHT START
TRAIN 1
COMMAND RIGHT END
TURN 242 RESULT
TIME LEFT 0 5 RIGHT 0 5
TRAIN A99 B92
MOVE A84 106
MOVE A88 112
MOVE A89 108
MOVE A90 108
MOVE A91 76
MOVE A92 76
END TURN 242
TURN 243
COMMAND LEFT START
MOVE A90 163
TRAIN 2
COMMAND LEFT END
COMMAND RIGHT START
COMMAND RIGHT END
TURN 243 RESULT
TIME LEFT 0 5 RIGHT 0 5
TRAIN A100 A101
MOVE A84 124
MOVE A88 121
MOVE A90 140
MOVE A91 108
MOVE A92 108
DAMAGE TURRET A84 1
DAMAGE COMBAT A84 1
DAMAGE COMBAT B9 1
END TURN 243
TURN 244
COMMAND LEFT START
TRAIN 2
COMMAND LEFT END
COMMAND RIGHT START
TRAIN 1
COMMAND RIGHT END
TURN 244 RESULT
TIME LEFT 0 5 RIGHT 0 5
TRAIN A102 A103 B93
MOVE A88 123
MOVE A90 143
DAMAGE TURRET A84 1
DAMAGE COMBAT A84 1
DAMAGE COMBAT B9 1
END TURN 244
TURN 245
COMMAND LEFT START
TRAIN 2
COMMAND LEFT END
COMMAND RIGHT START
COMMAND RIGHT END
TURN 245 RESULT
TIME LEFT 0 5 RIGHT 0 5
TRAIN A104 A105
MOVE A88 130
MOVE A90 152
DAMAGE TURRET A84 1
DAMAGE COMBAT A84 1
DAMAGE COMBAT B9 1
END TURN 245
TURN 246
COMMAND LEFT START
TRAIN 2
COMMAND LEFT END
COMMAND RIGHT START
TRAIN 1
COMMAND RIGHT END
TURN 246 RESULT
TIME LEFT 0 5 RIGHT 0 5
TRAIN A106 A107 B94
MOVE A88 138
MOVE A90 163
DAMAGE TURRET A84 1
DAMAGE TURRET A88 1
DAMAGE TURRET A90 1
DAMAGE COMBAT A88 1
DAMAGE COMBAT A90 1
DAMAGE COMBAT B5 1
DAMAGE COMBAT B7 1
DAMAGE COMBAT B9 1
END TURN 246
TURN 247
COMMAND LEFT START
TRAIN 2
COMMAND LEFT END
COMMAND RIGHT START
COMMAND RIGHT END
TURN 247 RESULT
TIME LEFT 0 5 RIGHT 0 5
TRAIN A108 A109
DAMAGE TURRET A88 1
DAMAGE TURRET A90 1
DAMAGE COMBAT A88 1
DAMAGE COMBAT A90 1
DAMAGE COMBAT B5 1
DAMAGE COMBAT B7 1
END TURN 247
TURN 248
COMMAND LEFT START
TRAIN 2
COMMAND LEFT END
COMMAND RIGHT START
TRAIN 1
COMMAND RIGHT END
TURN 248 RESULT
TIME LEFT 0 5 RIGHT 0 5
TRAIN A110 A111 B95
DAMAGE TURRET A88 1
DAMAGE TURRET A90 1
DAMAGE COMBAT A88 1
DAMAGE COMBAT A90 1
DAMAGE COMBAT B5 1
DAMAGE COMBAT B7 1
END TURN 248
TURN 249
COMMAND LEFT START
TRAIN 2
COMMAND LEFT END
COMMAND RIGHT START
COMMAND RIGHT END
TURN 249 RESULT
TIME LEFT 0 5 RIGHT 0 5
TRAIN A112 A113
DAMAGE TURRET A88 1
DAMAGE TURRET A90 1
DAMAGE COMBAT B5 1
DAMAGE COMBAT B7 1
END TURN 249
TURN 250
COMMAND LEFT START
TRAIN 2
COMMAND LEFT END
COMMAND RIGHT START
TRAIN 1
COMMAND RIGHT END
TURN 250 RESULT
TIME LEFT 0 5 RIGHT 0 5
TRAIN A114 A115 B96
END TURN 250
TURN 251
COMMAND LEFT START
TRAIN 2
COMMAND LEFT END
COMMAND RIGHT START
COMMAND RIGHT END
TURN 251 RESULT
TIME LEFT 0 5 RIGHT 0 5
TRAIN A116 A117
END TURN 251
TURN 252
COMMAND LEFT START
TRAIN 2
COMMAND LEFT END
COMMAND RIGHT START
TRAIN 1
COMMAND RIGHT END
TURN 252 RESULT
TIME LEFT 0 5 RIGHT 0 5
TRAIN A118 A119 B97
END TURN 252
TURN 253
COMMAND LEFT START
TRAIN 2
COMMAND LEFT END
COMMAND RIGHT START
COMMAND RIGHT END
TURN 253 RESULT
TIME LEFT 0 5 RIGHT 0 5
TRAIN A120 A121
END TURN 253
TURN 254
COMMAND LEFT START
TRAIN 2
COMMAND LEFT END
COMMAND RIGHT START
TRAIN 1
COMMAND RIGHT END
TURN 254 RESULT
TIME LEFT 0 5 RIGHT 0 5
TRAIN A122 A123 B98
END TURN 254
TURN 255
COMMAND LEFT START
TRAIN 2
COMMAND LEFT END
COMMAND RIGHT START
COMMAND RIGHT END
TURN 255 RESULT
TIME LEFT 0 5 RIGHT 0 5
TRAIN A124 A125
END TURN 255
TURN 256
COMMAND LEFT START
TRAIN 2
COMMAND LEFT END
COMMAND RIGHT START
TRAIN 1
COMMAND RIGHT END
TURN 256 RESULT
TIME LEFT 0 5 RIGHT 0 5
TRAIN A126 A127 B99
END TURN 256
TURN 257
COMMAND LEFT START
TRAIN 2
COMMAND LEFT END
COMMAND RIGHT START
COMMAND RIGHT END
TURN 257 RESULT
TIME LEFT 0 5 RIGHT 0 5
TRAIN A128 A129
END TURN 257
TURN 258
COMMAND LEFT START
TRAIN 2
COMMAND LEFT END
COMMAND RIGHT START
COMMAND RIGHT END
TURN 258 RESULT
TIME LEFT 0 5 RIGHT 0 5
TRAIN A130 A131
END TURN 258
TURN 259
COMMAND LEFT START
TRAIN 2
COMMAND LEFT END
COMMAND RIGHT START
TRAIN 1
COMMAND RIGHT END
TURN 259 RESULT
TIME LEFT 0 5 RIGHT 0 5
TRAIN A132 A133 B100
END TURN 259
TURN 260
COMMAND LEFT START
TRAIN 2
COMMAND LEFT END
COMMAND RIGHT START
COMMAND RIGHT END
TURN 260 RESULT
TIME LEFT 0 5 RIGHT 0 5
TRAIN A134 A135
END TURN 260
TURN 261
COMMAND LEFT START
TRAIN 2
COMMAND LEFT END
COMMAND RIGHT START
TRAIN 1
COMMAND RIGHT END
TURN 261 RESULT
TIME LEFT 0 5 RIGHT 0 5
TRAIN A136 A137 B101
END TURN 261
TURN 262
COMMAND LEFT START
TRAIN 2
COMMAND LEFT END
COMMAND RIGHT START
COMMAND RIGHT END
TURN 262 RESULT
TIME LEFT 0 5 RIGHT 0 5
TRAIN A138 A139
END TURN 262
TURN 263
COMMAND LEFT START
TRAIN 2
COMMAND LEFT END
COMMAND RIGHT START
COMMAND RIGHT END
TURN 263 RESULT
TIME LEFT 0 5 RIGHT 0 5
TRAIN A140 A141
END TURN 263
TURN 264
COMMAND LEFT START
TRAIN 2
COMMAND LEFT END
COMMAND RIGHT START
TRAIN 1
COMMAND RIGHT END
TURN 264 RESULT
TIME LEFT 0 5 RIGHT 0 5
TRAIN A142 A143 B102
END TURN 264
TURN 265
COMMAND LEFT START
TRAIN 2
COMMAND LEFT END
COMMAND RIGHT START
COMMAND RIGHT END
TURN 265 RESULT
TIME LEFT 0 5 RIGHT 0 5
TRAIN A144 A145
END TURN 265
TURN 266
COMMAND LEFT START
TRAIN 2
COMMAND LEFT END
COMMAND RIGHT START
TRAIN 1
COMMAND RIGHT END
TURN 266 RESULT
TIME LEFT 0 5 RIGHT 0 5
TRAIN A146 A147 B103
END TURN 266
TURN 267
COMMAND LEFT START
TRAIN 2
COMMAND LEFT END
COMMAND RIGHT START
COMMAND RIGHT END
TURN 267 RESULT
TIME LEFT 0 5 RIGHT 0 5
TRAIN A148 A149
END TURN 267
TURN 268
COMMAND LEFT START
TRAIN 2
COMMAND LEFT END
COMMAND RIGHT START
COMMAND RIGHT END
TURN 268 RESULT
TIME LEFT 0 5 RIGHT 0 5
TRAIN A150 A151
END TURN 268
TURN 269
COMMAND LEFT START
TRAIN 2
COMMAND LEFT END
COMMAND RIGHT START
TRAIN 1
COMMAND RIGHT END
TURN 269 RESULT
TIME LEFT 0 5 RIGHT 0 5
TRAIN A152 A153 B104
END TURN 269
TURN 270
COMMAND LEFT START
TRAIN 2
COMMAND LEFT END
COMMAND RIGHT START
COMMAND RIGHT END
TURN 270 RESULT
TIME LEFT 0 5 RIGHT 0 5
TRAIN A154 A155
END TURN 270
TURN 271
COMMAND LEFT START
TRAIN 2
COMMAND LEFT END
COMMAND RIGHT START
COMMAND RIGHT END
TURN 271 RESULT
TIME LEFT 0 5 RIGHT 0 5
TRAIN A156 A157
END TURN 271
TURN 272
COMMAND LEFT START
TRAIN 2
COMMAND LEFT END
COMMAND RIGHT START
TRAIN 1
COMMAND RIGHT END
TURN 272 RESULT
TIME LEFT 0 5 RIGHT 0 5
TRAIN A158 A159 B105
END TURN 272
TURN 273
COMMAND LEFT START
TRAIN 2
COMMAND LEFT END
COMMAND RIGHT START
COMMAND RIGHT END
TURN 273 RESULT
TIME LEFT 0 5 RIGHT 0 5
TRAIN A160 A161
END TURN 273
TURN 274
COMMAND LEFT START
TRAIN 2
COMMAND LEFT END
COMMAND RIGHT START
COMMAND RIGHT END
TURN 274 RESULT
TIME LEFT 0 5 RIGHT 0 5
TRAIN A162 A163
END TURN 274
TURN 275
COMMAND LEFT START
TRAIN 2
COMMAND LEFT END
COMMAND RIGHT START
TRAIN 1
COMMAND RIGHT END
TURN 275 RESULT
TIME LEFT 0 5 RIGHT 0 5
TRAIN A164 A165 B106
END TURN 275
TURN 276
COMMAND LEFT START
MOVE A92 124
TRAIN 2
COMMAND LEFT END
COMMAND RIGHT START
COMMAND RIGHT END
TURN 276 RESULT
TIME LEFT 0 5 RIGHT 0 5
TRAIN A166 A167
MOVE A92 112
END TURN 276
TURN 277
COMMAND LEFT START
TRAIN 2
COMMAND LEFT END
COMMAND RIGHT START
COMMAND RIGHT END
TURN 277 RESULT
TIME LEFT 0 5 RIGHT 0 5
TRAIN A168 A169
MOVE A92 121
END TURN 277
TURN 278
COMMAND LEFT START
TRAIN 2
COMMAND LEFT END
COMMAND RIGHT START
TRAIN 1
COMMAND RIGHT END
TURN 278 RESULT
TIME LEFT 0 5 RIGHT 0 5
TRAIN A170 A171 B107
MOVE A92 123
END TURN 278
TURN 279
COMMAND LEFT START
MOVE A91 138
MOVE A89 138
MOVE A87 138
MOVE A86 138
MOVE A85 138
MOVE A83 138
MOVE A82 138
MOVE A81 138
MOVE A80 138
MOVE A79 138
MOVE A78 138
COMMAND LEFT END
COMMAND RIGHT START
COMMAND RIGHT END
TURN 279 RESULT
TIME LEFT 0 5 RIGHT 0 5
MOVE A78 112
MOVE A79 112
MOVE A80 112
MOVE A81 112
MOVE A82 112
MOVE A83 112
MOVE A85 112
MOVE A86 112
MOVE A87 112
MOVE A89 112
MOVE A91 112
MOVE A92 130
END TURN 279
TURN 280
COMMAND LEFT START
TRAIN 1
COMMAND LEFT END
COMMAND RIGHT START
COMMAND RIGHT END
TURN 280 RESULT
TIME LEFT 0 5 RIGHT 0 5
TRAIN A172
MOVE A78 121
MOVE A79 121
MOVE A80 121
MOVE A81 121
MOVE A82 121
MOVE A83 121
MOVE A85 121
MOVE A86 121
MOVE A87 121
MOVE A89 121
MOVE A91 121
MOVE A92 125
END TURN 280
TURN 281
COMMAND LEFT START
TRAIN 1
COMMAND LEFT END
COMMAND RIGHT START
TRAIN 1
COMMAND RIGHT END
TURN 281 RESULT
TIME LEFT 0 5 RIGHT 0 5
TRAIN A173 B108
MOVE A78 123
MOVE A79 123
MOVE A80 123
MOVE A81 123
MOVE A82 123
MOVE A83 123
MOVE A85 123
MOVE A86 123
MOVE A87 123
MOVE A89 123
MOVE A91 123
MOVE A92 124
DAMAGE TURRET A92 1
DAMAGE COMBAT A92 1
DAMAGE COMBAT B9 1
END TURN 281
TURN 282
COMMAND LEFT START
MOVE A92 69
TRAIN 1
COMMAND LEFT END
COMMAND RIGHT START
MOVE B4 163
MOVE B5 138
MOVE B7 124
MOVE B11 188
MOVE B57 207
COMMAND RIGHT END
TURN 282 RESULT
TIME LEFT 0 5 RIGHT 0 5
TRAIN A174
MOVE A78 130
MOVE A79 130
MOVE A80 130
MOVE A81 130
MOVE A82 130
MOVE A83 130
MOVE A85 130
MOVE A86 130
MOVE A87 130
MOVE A89 130
MOVE A91 130
MOVE A92 106
MOVE B4 177
MOVE B5 155
MOVE B7 125
MOVE B11 197
MOVE B57 214
END TURN 282
TURN 283
COMMAND LEFT START
TRAIN 1
COMMAND LEFT END
COMMAND RIGHT START
COMMAND RIGHT END
TURN 283 RESULT
TIME LEFT 0 5 RIGHT 0 5
TRAIN A175
MOVE A78 138
MOVE A79 138
MOVE A80 138
MOVE A81 138
MOVE A82 138
MOVE A83 138
MOVE A85 138
MOVE A86 138
MOVE A87 138
MOVE A89 138
MOVE A91 138
MOVE A92 96
MOVE B4 163
MOVE B5 138
MOVE B7 124
MOVE B11 188
MOVE B57 207
DAMAGE TURRET A78 1
DAMAGE COMBAT A78 1
DAMAGE COMBAT B5 1
SIEGE B 138 6
END TURN 283
TURN 284
COMMAND LEFT START
MOVE A78 108
MOVE A175 147
UPGRADE 138
TRAIN 1
COMMAND LEFT END
COMMAND RIGHT START
MOVE B58 138
COMMAND RIGHT END
TURN 284 RESULT
TIME LEFT 0 5 RIGHT 0 5
UPGRADE A 138
TRAIN A176
MOVE A78 130
MOVE A92 84
MOVE A175 5
MOVE B58 211
END TURN 284
TURN 285
COMMAND LEFT START
MOVE A91 108
MOVE A89 108
MOVE A87 108
MOVE A86 108
MOVE A85 108
MOVE A83 108
MOVE A82 108
MOVE A81 108
UPGRADE 138
TRAIN 2
COMMAND LEFT END
COMMAND RIGHT START
COMMAND RIGHT END
TURN 285 RESULT
TIME LEFT 0 5 RIGHT 0 5
UPGRADE A 138
TRAIN A177 A178
MOVE A78 123
MOVE A81 130
MOVE A82 130
MOVE A83 130
MOVE A85 130
MOVE A86 130
MOVE A87 130
MOVE A89 130
MOVE A91 130
MOVE A92 69
MOVE A175 14
MOVE B58 202
END TURN 285
TURN 286
COMMAND LEFT START
MOVE A92 108
UPGRADE 138
COMMAND LEFT END
COMMAND RIGHT START
COMMAND RIGHT END
TURN 286 RESULT
TIME LEFT 0 5 RIGHT 0 5
UPGRADE A 138
MOVE A78 121
MOVE A81 123
MOVE A82 123
MOVE A83 123
MOVE A85 123
MOVE A86 123
MOVE A87 123
MOVE A89 123
MOVE A91 123
MOVE A92 72
MOVE A175 28
MOVE B58 188
END TURN 286
TURN 287
COMMAND LEFT START
TRAIN 1
COMMAND LEFT END
COMMAND RIGHT START
COMMAND RIGHT END
TURN 287 RESULT
TIME LEFT 0 5 RIGHT 0 5
TRAIN A179
MOVE A78 112
MOVE A81 121
MOVE A82 121
MOVE A83 121
MOVE A85 121
MOVE A86 121
MOVE A87 121
MOVE A89 121
MOVE A91 121
MOVE A92 71
MOVE A175 39
MOVE B58 177
END TURN 287
TURN 288
COMMAND LEFT START
TRAIN 1
COMMAND LEFT END
COMMAND RIGHT START
COMMAND RIGHT END
TURN 288 RESULT
TIME LEFT 0 5 RIGHT 0 5
TRAIN A180
MOVE A78 108
MOVE A81 112
MOVE A82 112
MOVE A83 112
MOVE A85 112
MOVE A86 112
MOVE A87 112
MOVE A89 112
MOVE A91 112
MOVE A92 68
MOVE A175 53
MOVE B58 163
END TURN 288
TURN 289
COMMAND LEFT START
TRAIN 1
COMMAND LEFT END
COMMAND RIGHT START
TRAIN 1
COMMAND RIGHT END
TURN 289 RESULT
TIME LEFT 0 5 RIGHT 0 5
TRAIN A181 B109
MOVE A81 108
MOVE A82 108
MOVE A83 108
MOVE A85 108
MOVE A86 108
MOVE A87 108
MOVE A89 108
MOVE A91 108
MOVE A92 75
MOVE A175 61
MOVE B58 155
END TURN 289
TURN 290
COMMAND LEFT START
MOVE A71 138
MOVE A91 163
MOVE A89 163
MOVE A87 163
MOVE A86 163
MOVE A85 163
MOVE A83 163
MOVE A82 163
MOVE A81 163
COMMAND LEFT END
COMMAND RIGHT START
COMMAND RIGHT END
TURN 290 RESULT
TIME LEFT 0 5 RIGHT 0 5
MOVE A71 112
MOVE A81 140
MOVE A82 140
MOVE A83 140
MOVE A85 140
MOVE A86 140
MOVE A87 140
MOVE A89 140
MOVE A91 140
MOVE A92 90
MOVE A175 78
MOVE B58 138
DAMAGE TURRET B58 2
DAMAGE COMBAT A79 1
DAMAGE COMBAT B58 2
END TURN 290
TURN 291
COMMAND LEFT START
TRAIN 2
COMMAND LEFT END
COMMAND RIGHT START
COMMAND RIGHT END
TURN 291 RESULT
TIME LEFT 0 5 RIGHT 0 5
TRAIN A182 A183
MOVE A71 121
MOVE A81 143
MOVE A82 143
MOVE A83 143
MOVE A85 143
MOVE A86 143
MOVE A87 143
MOVE A89 143
MOVE A91 143
MOVE A92 98
MOVE A175 91
DAMAGE TURRET B58 2
DAMAGE COMBAT A79 1
DAMAGE COMBAT B58 1
END TURN 291
TURN 292
COMMAND LEFT START
TRAIN 2
COMMAND LEFT END
COMMAND RIGHT START
COMMAND RIGHT END
TURN 292 RESULT
TIME LEFT 0 5 RIGHT 0 5
TRAIN A184 A185
MOVE A71 123
MOVE A81 152
MOVE A82 152
MOVE A83 152
MOVE A85 152
MOVE A86 152
MOVE A87 152
MOVE A89 152
MOVE A91 152
MOVE A92 108
MOVE A175 110
END TURN 292
TURN 293
COMMAND LEFT START
TRAIN 2
COMMAND LEFT END
COMMAND RIGHT START
COMMAND RIGHT END
TURN 293 RESULT
TIME LEFT 0 5 RIGHT 0 5
TRAIN A186 A187
MOVE A71 130
MOVE A81 163
MOVE A82 163
MOVE A83 163
MOVE A85 163
MOVE A86 163
MOVE A87 163
MOVE A89 163
MOVE A91 163
MOVE A175 120
DAMAGE TURRET A81 1
DAMAGE COMBAT A81 1
DAMAGE COMBAT B4 3
SIEGE B 163 5
END TURN 293
TURN 294
COMMAND LEFT START
TRAIN 1
COMMAND LEFT END
COMMAND RIGHT START
MOVE B11 163
MOVE B57 188
MOVE B59 207
TRAIN 1
COMMAND RIGHT END
TURN 294 RESULT
TIME LEFT 0 5 RIGHT 0 5
TRAIN A188 B110
MOVE A71 138
MOVE A175 132
MOVE B11 177
MOVE B57 197
MOVE B59 214
DAMAGE TURRET A81 1
SIEGE B 163 1
END TURN 294
TURN 295
COMMAND LEFT START
MOVE A81 108
MOVE A82 108
MOVE A83 108
MOVE A85 108
MOVE A86 108
MOVE A87 108
MOVE A89 108
UPGRADE 163
COMMAND LEFT END
COMMAND RIGHT START
MOVE B60 163
COMMAND RIGHT END
TURN 295 RESULT
TIME LEFT 0 5 RIGHT 0 5
UPGRADE A 163
MOVE A81 152
MOVE A82 152
MOVE A83 152
MOVE A85 152
MOVE A86 152
MOVE A87 152
MOVE A89 152
MOVE A175 147
MOVE B11 163
MOVE B57 188
MOVE B59 207
MOVE B60 211
DAMAGE TURRET A175 1
DAMAGE TURRET B11 1
DAMAGE COMBAT A91 1
DAMAGE COMBAT A175 1
DAMAGE COMBAT B8 1
DAMAGE COMBAT B11 1
END TURN 295
TURN 296
COMMAND LEFT START
COMMAND LEFT END
COMMAND RIGHT START
COMMAND RIGHT END
TURN 296 RESULT
TIME LEFT 0 5 RIGHT 0 5
MOVE A81 143
MOVE A82 143
MOVE A83 143
MOVE A85 143
MOVE A86 143
MOVE A87 143
MOVE A89 143
MOVE B60 202
DAMAGE TURRET A175 1
DAMAGE TURRET B11 1
DAMAGE COMBAT A91 1
DAMAGE COMBAT A175 1
DAMAGE COMBAT B8 1
DAMAGE COMBAT B11 1
END TURN 296
TURN 297
COMMAND LEFT START
UPGRADE 163
COMMAND LEFT END
COMMAND RIGHT START
COMMAND RIGHT END
TURN 297 RESULT
TIME LEFT 0 5 RIGHT 0 5
UPGRADE A 163
MOVE A81 140
MOVE A82 140
MOVE A83 140
MOVE A85 140
MOVE A86 140
MOVE A87 140
MOVE A89 140
MOVE B60 188
DAMAGE TURRET A175 1
DAMAGE COMBAT A175 1
DAMAGE COMBAT B8 1
END TURN 297
TURN 298
COMMAND LEFT START
TRAIN 1
COMMAND LEFT END
COMMAND RIGHT START
COMMAND RIGHT END
TURN 298 RESULT
TIME LEFT 0 5 RIGHT 0 5
TRAIN A189
MOVE A81 108
MOVE A82 108
MOVE A83 108
MOVE A85 108
MOVE A86 108
MOVE A87 108
MOVE A89 108
MOVE B60 177
DAMAGE TURRET A175 1
DAMAGE COMBAT B8 1
END TURN 298
TURN 299
COMMAND LEFT START
MOVE A77 163
MOVE A92 124
MOVE A89 124
MOVE A87 124
MOVE A86 124
MOVE A85 124
MOVE A83 124
MOVE A82 124
COMMAND LEFT END
COMMAND RIGHT START
COMMAND RIGHT END
TURN 299 RESULT
TIME LEFT 0 5 RIGHT 0 5
MOVE A77 140
MOVE A82 112
MOVE A83 112
MOVE A85 112
MOVE A86 112
MOVE A87 112
MOVE A89 112
MOVE A92 112
MOVE B60 163
DAMAGE TURRET B60 1
DAMAGE COMBAT A91 1
DAMAGE COMBAT B60 1
END TURN 299
TURN 300
COMMAND LEFT START
TRAIN 1
COMMAND LEFT END
COMMAND RIGHT START
COMMAND RIGHT END
TURN 300 RESULT
TIME LEFT 0 5 RIGHT 0 5
TRAIN A190
MOVE A77 143
MOVE A82 121
MOVE A83 121
MOVE A85 121
MOVE A86 121
MOVE A87 121
MOVE A89 121
MOVE A92 121
DAMAGE TURRET B60 1
DAMAGE COMBAT A91 1
DAMAGE COMBAT B60 1
END TURN 300
TURN 301
COMMAND LEFT START
TRAIN 1
COMMAND LEFT END
COMMAND RIGHT START
COMMAND RIGHT END
TURN 301 RESULT
TIME LEFT 0 5 RIGHT 0 5
TRAIN A191
MOVE A77 152
MOVE A82 123
MOVE A83 123
MOVE A85 123
MOVE A86 123
MOVE A87 123
MOVE A89 123
MOVE A92 123
DAMAGE TURRET B60 1
DAMAGE COMBAT A91 1
DAMAGE COMBAT B60 1
END TURN 301
TURN 302
COMMAND LEFT START
TRAIN 1
COMMAND LEFT END
COMMAND RIGHT START
COMMAND RIGHT END
TURN 302 RESULT
TIME LEFT 0 5 RIGHT 0 5
TRAIN A192
MOVE A77 163
MOVE A82 130
MOVE A83 130
MOVE A85 130
MOVE A86 130
MOVE A87 130
MOVE A89 130
MOVE A92 130
DAMAGE TURRET B60 1
DAMAGE COMBAT A91 1
END TURN 302
TURN 303
COMMAND LEFT START
TRAIN 1
COMMAND LEFT END
COMMAND RIGHT START
COMMAND RIGHT END
TURN 303 RESULT
TIME LEFT 0 5 RIGHT 0 5
TRAIN A193
MOVE A82 125
MOVE A83 125
MOVE A85 125
MOVE A86 125
MOVE A87 125
MOVE A89 125
MOVE A92 125
END TURN 303
TURN 304
COMMAND LEFT START
TRAIN 1
COMMAND LEFT END
COMMAND RIGHT START
COMMAND RIGHT END
TURN 304 RESULT
TIME LEFT 0 5 RIGHT 0 5
TRAIN A194
MOVE A82 124
MOVE A83 124
MOVE A85 124
MOVE A86 124
MOVE A87 124
MOVE A89 124
MOVE A92 124
DAMAGE TURRET A92 1
DAMAGE COMBAT A92 1
DAMAGE COMBAT B7 1
SIEGE B 124 6
END TURN 304
TURN 305
COMMAND LEFT START
MOVE A82 108
UPGRADE 124
TRAIN 1
COMMAND LEFT END
COMMAND RIGHT START
MOVE B16 124
MOVE B61 138
MOVE B62 17
COMMAND RIGHT END
TURN 305 RESULT
TIME LEFT 0 5 RIGHT 0 5
UPGRADE A 124
TRAIN A195
MOVE A82 125
MOVE B16 27
MOVE B61 211
MOVE B62 209
END TURN 305
TURN 306
COMMAND LEFT START
MOVE A92 147
MOVE A89 108
MOVE A87 108
MOVE A86 108
MOVE A85 108
COMMAND LEFT END
COMMAND RIGHT START
COMMAND RIGHT END
TURN 306 RESULT
TIME LEFT 0 5 RIGHT 0 5
MOVE A82 130
MOVE A85 125
MOVE A86 125
MOVE A87 125
MOVE A89 125
MOVE A92 125
MOVE B16 36
MOVE B61 202
MOVE B62 199
END TURN 306
TURN 307
COMMAND LEFT START
UPGRADE 124
COMMAND LEFT END
COMMAND RIGHT START
COMMAND RIGHT END
TURN 307 RESULT
TIME LEFT 0 5 RIGHT 0 5
UPGRADE A 124
MOVE A82 123
MOVE A85 130
MOVE A86 130
MOVE A87 130
MOVE A89 130
MOVE A92 130
MOVE B16 60
MOVE B61 188
MOVE B62 191
END TURN 307
TURN 308
COMMAND LEFT START
TRAIN 1
COMMAND LEFT END
COMMAND RIGHT START
COMMAND RIGHT END
TURN 308 RESULT
TIME LEFT 0 5 RIGHT 0 5
TRAIN A196
MOVE A82 121
MOVE A85 123
MOVE A86 123
MOVE A87 123
MOVE A89 123
MOVE A92 131
MOVE B16 68
MOVE B61 177
MOVE B62 170
END TURN 308
TURN 309
COMMAND LEFT START
TRAIN 1
COMMAND LEFT END
COMMAND RIGHT START
COMMAND RIGHT END
TURN 309 RESULT
TIME LEFT 0 5 RIGHT 0 5
TRAIN A197
MOVE A82 112
MOVE A85 121
MOVE A86 121
MOVE A87 121
MOVE A89 121
MOVE A92 137
MOVE B16 89
MOVE B61 163
MOVE B62 157
DAMAGE TURRET B61 1
DAMAGE COMBAT A91 1
DAMAGE COMBAT B61 2
END TURN 309
TURN 310
COMMAND LEFT START
TRAIN 2
COMMAND LEFT END
COMMAND RIGHT START
COMMAND RIGHT END
TURN 310 RESULT
TIME LEFT 0 5 RIGHT 0 5
TRAIN A198 A199
MOVE A82 108
MOVE A85 112
MOVE A86 112
MOVE A87 112
MOVE A89 112
MOVE A92 143
MOVE B16 101
MOVE B62 140
DAMAGE TURRET B61 1
DAMAGE COMBAT A77 1
DAMAGE COMBAT B61 1
END TURN 310
TURN 311
COMMAND LEFT START
TRAIN 2
COMMAND LEFT END
COMMAND RIGHT START
COMMAND RIGHT END
TURN 311 RESULT
TIME LEFT 0 5 RIGHT 0 5
TRAIN A200 A201
MOVE A85 108
MOVE A86 108
MOVE A87 108
MOVE A89 108
MOVE A92 140
MOVE B16 106
MOVE B62 108
DAMAGE TURRET B61 1
DAMAGE TURRET B62 2
DAMAGE COMBAT A77 1
DAMAGE COMBAT A81 1
DAMAGE COMBAT B61 1
DAMAGE COMBAT B62 5
END TURN 311
TURN 312
COMMAND LEFT START
MOVE A78 124
MOVE A81 163
COMMAND LEFT END
COMMAND RIGHT START
MOVE B63 17
COMMAND RIGHT END
TURN 312 RESULT
TIME LEFT 0 5 RIGHT 0 5
MOVE A78 112
MOVE A81 140
MOVE A92 146
MOVE B16 124
MOVE B63 209
DAMAGE TURRET B16 1
DAMAGE COMBAT A83 1
DAMAGE COMBAT B16 1
END TURN 312
TURN 313
COMMAND LEFT START
UPGRADE 163
COMMAND LEFT END
COMMAND RIGHT START
COMMAND RIGHT END
TURN 313 RESULT
TIME LEFT 0 5 RIGHT 0 5
UPGRADE A 163
MOVE A78 121
MOVE A81 143
MOVE A92 151
MOVE B63 199
DAMAGE TURRET B16 1
DAMAGE COMBAT A83 1
END TURN 313
TURN 314
COMMAND LEFT START
MOVE A82 163
COMMAND LEFT END
COMMAND RIGHT START
MOVE B56 124
MOVE B64 138
MOVE B65 17
COMMAND RIGHT END
TURN 314 RESULT
TIME LEFT 0 5 RIGHT 0 5
MOVE A78 123
MOVE A81 152
MOVE A82 140
MOVE A92 141
MOVE B56 27
MOVE B63 191
MOVE B64 211
MOVE B65 209
END TURN 314
TURN 315
COMMAND LEFT START
COMMAND LEFT END
COMMAND RIGHT START
COMMAND RIGHT END
TURN 315 RESULT
TIME LEFT 0 5 RIGHT 0 5
MOVE A78 130
MOVE A81 163
MOVE A82 143
MOVE A92 148
MOVE B56 36
MOVE B63 170
MOVE B64 202
MOVE B65 199
END TURN 315
TURN 316
COMMAND LEFT START
COMMAND LEFT END
COMMAND RIGHT START
COMMAND RIGHT END
TURN 316 RESULT
TIME LEFT 0 5 RIGHT 0 5
MOVE A78 125
MOVE A82 152
MOVE A92 145
MOVE B56 60
MOVE B63 157
MOVE B64 188
MOVE B65 191
END TURN 316
TURN 317
COMMAND LEFT START
COMMAND LEFT END
COMMAND RIGHT START
COMMAND RIGHT END
TURN 317 RESULT
TIME LEFT 0 5 RIGHT 0 5
MOVE A78 124
MOVE A82 163
MOVE A92 144
MOVE B56 68
MOVE B63 140
MOVE B64 177
MOVE B65 170
END TURN 317
TURN 318
COMMAND LEFT START
COMMAND LEFT END
COMMAND RIGHT START
COMMAND RIGHT END
TURN 318 RESULT
TIME LEFT 0 5 RIGHT 0 5
MOVE A92 147
MOVE B56 89
MOVE B63 108
MOVE B64 163
MOVE B65 157
DAMAGE TURRET A92 1
DAMAGE TURRET B63 2
DAMAGE TURRET B64 2
DAMAGE COMBAT A81 1
DAMAGE COMBAT A85 1
DAMAGE COMBAT A92 1
DAMAGE COMBAT B8 1
DAMAGE COMBAT B63 4
DAMAGE COMBAT B64 3
END TURN 318
TURN 319
COMMAND LEFT START
MOVE A92 92
COMMAND LEFT END
COMMAND RIGHT START
MOVE B57 147
MOVE B59 188
MOVE B66 207
COMMAND RIGHT END
TURN 319 RESULT
TIME LEFT 0 5 RIGHT 0 5
MOVE A92 132
MOVE B56 101
MOVE B57 175
MOVE B59 197
MOVE B65 140
MOVE B66 214
DAMAGE TURRET B63 1
DAMAGE TURRET B64 2
DAMAGE COMBAT A81 1
DAMAGE COMBAT A85 1
END TURN 319
TURN 320
COMMAND LEFT START
COMMAND LEFT END
COMMAND RIGHT START
MOVE B67 138
MOVE B68 17
COMMAND RIGHT END
TURN 320 RESULT
TIME LEFT 0 5 RIGHT 0 5
MOVE A92 120
MOVE B56 106
MOVE B57 170
MOVE B59 188
MOVE B65 108
MOVE B66 207
MOVE B67 211
MOVE B68 209
DAMAGE TURRET B65 2
DAMAGE COMBAT A85 1
DAMAGE COMBAT B65 4
END TURN 320
TURN 321
COMMAND LEFT START
COMMAND LEFT END
COMMAND RIGHT START
COMMAND RIGHT END
TURN 321 RESULT
TIME LEFT 0 5 RIGHT 0 5
MOVE A92 110
MOVE B56 124
MOVE B57 167
MOVE B67 202
MOVE B68 199
DAMAGE TURRET B56 1
DAMAGE TURRET B65 1
DAMAGE COMBAT A78 1
DAMAGE COMBAT A85 1
DAMAGE COMBAT B56 2
END TURN 321
TURN 322
COMMAND LEFT START
COMMAND LEFT END
COMMAND RIGHT START
COMMAND RIGHT END
TURN 322 RESULT
TIME LEFT 0 5 RIGHT 0 5
MOVE A92 92
MOVE B57 156
MOVE B67 188
MOVE B68 191
DAMAGE TURRET B56 1
DAMAGE COMBAT A78 1
DAMAGE COMBAT B56 2
END TURN 322
TURN 323
COMMAND LEFT START
COMMAND LEFT END
COMMAND RIGHT START
COMMAND RIGHT END
TURN 323 RESULT
TIME LEFT 0 5 RIGHT 0 5
MOVE B57 148
MOVE B67 177
MOVE B68 170
DAMAGE TURRET B56 1
DAMAGE COMBAT A78 1
END TURN 323
TURN 324
COMMAND LEFT START
COMMAND LEFT END
COMMAND RIGHT START
MOVE B69 138
MOVE B70 124
MOVE B71 17
COMMAND RIGHT END
TURN 324 RESULT
TIME LEFT 0 5 RIGHT 0 5
MOVE B57 145
MOVE B67 163
MOVE B68 157
MOVE B69 211
MOVE B70 214
MOVE B71 209
DAMAGE TURRET B67 2
DAMAGE COMBAT A81 1
DAMAGE COMBAT B67 3
END TURN 324
TURN 325
COMMAND LEFT START
COMMAND LEFT END
COMMAND RIGHT START
COMMAND RIGHT END
TURN 325 RESULT
TIME LEFT 0 5 RIGHT 0 5
MOVE B57 144
MOVE B68 140
MOVE B69 202
MOVE B70 207
MOVE B71 199
DAMAGE TURRET B67 2
DAMAGE COMBAT A77 1
END TURN 325
TURN 326
COMMAND LEFT START
MOVE A73 163
MOVE A201 108
MOVE A200 108
MOVE A199 108
MOVE A198 108
MOVE A197 108
MOVE A196 108
MOVE A195 108
MOVE A194 108
MOVE A92 108
MOVE A193 108
MOVE A192 108
MOVE A191 108
MOVE A190 108
MOVE A189 108
MOVE A188 108
MOVE A187 108
MOVE A186 108
MOVE A185 108
MOVE A184 108
UPGRADE 0
COMMAND LEFT END
COMMAND RIGHT START
MOVE B72 138
COMMAND RIGHT END
TURN 326 RESULT
TIME LEFT 0 5 RIGHT 0 5
UPGRADE A 0
MOVE A73 7
MOVE A92 91
MOVE A184 7
MOVE A185 7
MOVE A186 7
MOVE A187 7
MOVE A188 7
MOVE A189 7
MOVE A190 7
MOVE A191 7
MOVE A192 7
MOVE A193 7
MOVE A194 7
MOVE A195 7
MOVE A196 7
MOVE A197 7
MOVE A198 7
MOVE A199 7
MOVE A200 7
MOVE A201 7
MOVE B57 147
MOVE B68 108
MOVE B69 188
MOVE B70 197
MOVE B71 191
MOVE B72 211
DAMAGE TURRET B68 2
DAMAGE COMBAT A85 1
DAMAGE COMBAT B68 4
END TURN 326
TURN 327
COMMAND LEFT START
MOVE A183 53
MOVE A182 53
MOVE A181 53
MOVE A180 53
MOVE A179 53
MOVE A178 53
MOVE A177 53
MOVE A176 53
MOVE A174 53
MOVE A173 53
MOVE A172 53
MOVE A171 53
MOVE A170 53
MOVE A169 53
MOVE A168 53
MOVE A167 53
MOVE A166 53
MOVE A165 53
MOVE A164 53
COMMAND LEFT END
COMMAND RIGHT START
COMMAND RIGHT END
TURN 327 RESULT
TIME LEFT 0 5 RIGHT 0 5
MOVE A73 17
MOVE A92 86
MOVE A164 5
MOVE A165 5
MOVE A166 5
MOVE A167 5
MOVE A168 5
MOVE A169 5
MOVE A170 5
MOVE A171 5
MOVE A172 5
MOVE A173 5
MOVE A174 5
MOVE A176 5
MOVE A177 5
MOVE A178 5
MOVE A179 5
MOVE A180 5
MOVE A181 5
MOVE A182 5
MOVE A183 5
MOVE A184 17
MOVE A185 17
MOVE A186 17
MOVE A187 17
MOVE A188 17
MOVE A189 17
MOVE A190 17
MOVE A191 17
MOVE A192 17
MOVE A193 17
MOVE A194 17
MOVE A195 17
MOVE A196 17
MOVE A197 17
MOVE A198 17
MOVE A199 17
MOVE A200 17
MOVE A201 17
MOVE B69 177
MOVE B70 187
MOVE B71 170
MOVE B72 202
DAMAGE TURRET B68 1
DAMAGE COMBAT A85 1
END TURN 327
TURN 328
COMMAND LEFT START
MOVE A163 147
MOVE A162 108
MOVE A161 108
MOVE A160 108
MOVE A159 108
MOVE A158 108
MOVE A157 108
MOVE A156 108
MOVE A155 108
MOVE A154 108
MOVE A153 108
MOVE A152 108
COMMAND LEFT END
COMMAND RIGHT START
MOVE B73 17
COMMAND RIGHT END
TURN 328 RESULT
TIME LEFT 1 5 RIGHT 0 5
MOVE A73 25
MOVE A92 93
MOVE A152 7
MOVE A153 7
MOVE A154 7
MOVE A155 7
MOVE A156 7
MOVE A157 7
MOVE A158 7
MOVE A159 7
MOVE A160 7
MOVE A161 7
MOVE A162 7
MOVE A163 5
MOVE A164 14
MOVE A165 14
MOVE A166 14
MOVE A167 14
MOVE A168 14
MOVE A169 14
MOVE A170 14
MOVE A171 14
MOVE A172 14
MOVE A173 14
MOVE A174 14
MOVE A176 14
MOVE A177 14
MOVE A178 14
MOVE A179 14
MOVE A180 14
MOVE A181 14
MOVE A182 14
MOVE A183 14
MOVE A184 25
MOVE A185 25
MOVE A186 25
MOVE A187 25
MOVE A188 25
MOVE A189 25
MOVE A190 25
MOVE A191 25
MOVE A192 25
MOVE A193 25
MOVE A194 25
MOVE A195 25
MOVE A196 25
MOVE A197 25
MOVE A198 25
MOVE A199 25
MOVE A200 25
MOVE A201 25
MOVE B69 163
MOVE B70 179
MOVE B71 157
MOVE B72 188
MOVE B73 209
DAMAGE TURRET B69 2
DAMAGE COMBAT A77 1
DAMAGE COMBAT B69 2
END TURN 328
TURN 329
COMMAND LEFT START
MOVE A151 108
MOVE A150 108
MOVE A149 108
MOVE A148 108
MOVE A147 108
MOVE A146 108
MOVE A145 108
MOVE A144 108
MOVE A143 108
MOVE A142 108
MOVE A141 108
UPGRADE 124
COMMAND LEFT END
COMMAND RIGHT START
COMMAND RIGHT END
TURN 329 RESULT
TIME LEFT 0 5 RIGHT 0 5
UPGRADE A 124
MOVE A73 46
MOVE A92 95
MOVE A141 7
MOVE A142 7
MOVE A143 7
MOVE A144 7
MOVE A145 7
MOVE A146 7
MOVE A147 7
MOVE A148 7
MOVE A149 7
MOVE A150 7
MOVE A151 7
MOVE A152 17
MOVE A153 17
MOVE A154 17
MOVE A155 17
MOVE A156 17
MOVE A157 17
MOVE A158 17
MOVE A159 17
MOVE A160 17
MOVE A161 17
MOVE A162 17
MOVE A163 14
MOVE A164 28
MOVE A165 28
MOVE A166 28
MOVE A167 28
MOVE A168 28
MOVE A169 28
MOVE A170 28
MOVE A171 28
MOVE A172 28
MOVE A173 28
MOVE A174 28
MOVE A176 28
MOVE A177 28
MOVE A178 28
MOVE A179 28
MOVE A180 28
MOVE A181 28
MOVE A182 28
MOVE A183 28
MOVE A184 46
MOVE A185 46
MOVE A186 46
MOVE A187 46
MOVE A188 46
MOVE A189 46
MOVE A190 46
MOVE A191 46
MOVE A192 46
MOVE A193 46
MOVE A194 46
MOVE A195 46
MOVE A196 46
MOVE A197 46
MOVE A198 46
MOVE A199 46
MOVE A200 46
MOVE A201 46
MOVE B70 168
MOVE B71 140
MOVE B72 177
MOVE B73 199
DAMAGE TURRET B69 2
DAMAGE COMBAT A77 1
DAMAGE COMBAT B69 1
END TURN 329
TURN 330
COMMAND LEFT START
MOVE A85 124
MOVE A140 108
MOVE A139 108
MOVE A138 108
MOVE A137 108
MOVE A136 108
MOVE A135 108
MOVE A134 108
MOVE A133 108
MOVE A132 108
MOVE A131 108
MOVE A130 108
COMMAND LEFT END
COMMAND RIGHT START
COMMAND RIGHT END
TURN 330 RESULT
TIME LEFT 0 5 RIGHT 0 5
MOVE A73 70
MOVE A85 112
MOVE A92 104
MOVE A130 7
MOVE A131 7
MOVE A132 7
MOVE A133 7
MOVE A134 7
MOVE A135 7
MOVE A136 7
MOVE A137 7
MOVE A138 7
MOVE A139 7
MOVE A140 7
MOVE A141 17
MOVE A142 17
MOVE A143 17
MOVE A144 17
MOVE A145 17
MOVE A146 17
MOVE A147 17
MOVE A148 17
MOVE A149 17
MOVE A150 17
MOVE A151 17
MOVE A152 25
MOVE A153 25
MOVE A154 25
MOVE A155 25
MOVE A156 25
MOVE A157 25
MOVE A158 25
MOVE A159 25
MOVE A160 25
MOVE A161 25
MOVE A162 25
MOVE A163 28
MOVE A164 39
MOVE A165 39
MOVE A166 39
MOVE A167 39
MOVE A168 39
MOVE A169 39
MOVE A170 39
MOVE A171 39
MOVE A172 39
MOVE A173 39
MOVE A174 39
MOVE A176 39
MOVE A177 39
MOVE A178 39
MOVE A179 39
MOVE A180 39
MOVE A181 39
MOVE A182 39
MOVE A183 39
MOVE A184 59
MOVE A185 59
MOVE A186 59
MOVE A187 59
MOVE A188 59
MOVE A189 59
MOVE A190 59
MOVE A191 59
MOVE A192 59
MOVE A193 59
MOVE A194 59
MOVE A195 59
MOVE A196 59
MOVE A197 59
MOVE A198 59
MOVE A199 59
MOVE A200 59
MOVE A201 59
MOVE B70 158
MOVE B71 108
MOVE B72 163
MOVE B73 191
DAMAGE TURRET B71 2
DAMAGE TURRET B72 2
DAMAGE COMBAT A77 1
DAMAGE COMBAT A86 1
DAMAGE COMBAT B71 3
DAMAGE COMBAT B72 2
END TURN 330
TURN 331
COMMAND LEFT START
MOVE A129 53
MOVE A128 53
MOVE A127 53
MOVE A126 53
MOVE A125 53
MOVE A124 53
MOVE A123 53
MOVE A122 53
MOVE A121 53
MOVE A120 53
MOVE A119 53
TRAIN 2
COMMAND LEFT END
COMMAND RIGHT START
COMMAND RIGHT END
TURN 331 RESULT
TIME LEFT 0 5 RIGHT 0 5
TRAIN A202 A203
MOVE A73 82
MOVE A85 121
MOVE A92 108
MOVE A119 5
MOVE A120 5
MOVE A121 5
MOVE A122 5
MOVE A123 5
MOVE A124 5
MOVE A125 5
MOVE A126 5
MOVE A127 5
MOVE A128 5
MOVE A129 5
MOVE A130 17
MOVE A131 17
MOVE A132 17
MOVE A133 17
MOVE A134 17
MOVE A135 17
MOVE A136 17
MOVE A137 17
MOVE A138 17
MOVE A139 17
MOVE A140 17
MOVE A141 25
MOVE A142 25
MOVE A143 25
MOVE A144 25
MOVE A145 25
MOVE A146 25
MOVE A147 25
MOVE A148 25
MOVE A149 25
MOVE A150 25
MOVE A151 25
MOVE A152 46
MOVE A153 46
MOVE A154 46
MOVE A155 46
MOVE A156 46
MOVE A157 46
MOVE A158 46
MOVE A159 46
MOVE A160 46
MOVE A161 46
MOVE A162 46
MOVE A163 39
MOVE A164 53
MOVE A165 53
MOVE A166 53
MOVE A167 53
MOVE A168 53
MOVE A169 53
MOVE A170 53
MOVE A171 53
MOVE A172 53
MOVE A173 53
MOVE A174 53
MOVE A176 53
MOVE A177 53
MOVE A178 53
MOVE A179 53
MOVE A180 53
MOVE A181 53
MOVE A182 53
MOVE A183 53
MOVE A184 76
MOVE A185 76
MOVE A186 76
MOVE A187 76
MOVE A188 76
MOVE A189 76
MOVE A190 76
MOVE A191 76
MOVE A192 76
MOVE A193 76
MOVE A194 76
MOVE A195 76
MOVE A196 76
MOVE A197 76
MOVE A198 76
MOVE A199 76
MOVE A200 76
MOVE A201 76
MOVE B70 153
MOVE B73 170
DAMAGE TURRET B71 2
DAMAGE TURRET B72 2
DAMAGE COMBAT A77 1
DAMAGE COMBAT A92 1
DAMAGE COMBAT B72 1
END TURN 331
TURN 332
COMMAND LEFT START
MOVE A53 163
MOVE A183 108
MOVE A182 108
MOVE A181 108
MOVE A180 108
MOVE A179 108
MOVE A178 108
MOVE A177 108
MOVE A176 108
MOVE A174 108
MOVE A173 108
MOVE A172 108
TRAIN 2
COMMAND LEFT END
COMMAND RIGHT START
MOVE B74 17
COMMAND RIGHT END
TURN 332 RESULT
TIME LEFT 2 5 RIGHT 0 5
TRAIN A204 A205
MOVE A53 64
MOVE A73 98
MOVE A85 123
MOVE A119 14
MOVE A120 14
MOVE A121 14
MOVE A122 14
MOVE A123 14
MOVE A124 14
MOVE A125 14
MOVE A126 14
MOVE A127 14
MOVE A128 14
MOVE A129 14
MOVE A130 25
MOVE A131 25
MOVE A132 25
MOVE A133 25
MOVE A134 25
MOVE A135 25
MOVE A136 25
MOVE A137 25
MOVE A138 25
MOVE A139 25
MOVE A140 25
MOVE A141 46
MOVE A142 46
MOVE A143 46
MOVE A144 46
MOVE A145 46
MOVE A146 46
MOVE A147 46
MOVE A148 46
MOVE A149 46
MOVE A150 46
MOVE A151 46
MOVE A152 59
MOVE A153 59
MOVE A154 59
MOVE A155 59
MOVE A156 59
MOVE A157 59
MOVE A158 59
MOVE A159 59
MOVE A160 59
MOVE A161 59
MOVE A162 59
MOVE A163 53
MOVE A172 64
MOVE A173 64
MOVE A174 64
MOVE A176 64
MOVE A177 64
MOVE A178 64
MOVE A179 64
MOVE A180 64
MOVE A181 64
MOVE A182 64
MOVE A183 64
MOVE A184 108
MOVE A185 108
MOVE A186 108
MOVE A187 108
MOVE A188 108
MOVE A189 108
MOVE A190 108
MOVE A191 108
MOVE A192 108
MOVE A193 108
MOVE A194 108
MOVE A195 108
MOVE A196 108
MOVE A197 108
MOVE A198 108
MOVE A199 108
MOVE A200 108
MOVE A201 108
MOVE B70 142
MOVE B73 157
MOVE B74 209
END TURN 332
TURN 333
COMMAND LEFT START
TRAIN 2
COMMAND LEFT END
COMMAND RIGHT START
COMMAND RIGHT END
TURN 333 RESULT
TIME LEFT 0 5 RIGHT 0 5
TRAIN A206 A207
MOVE A53 73
MOVE A73 121
MOVE A85 130
MOVE A119 28
MOVE A120 28
MOVE A121 28
MOVE A122 28
MOVE A123 28
MOVE A124 28
MOVE A125 28
MOVE A126 28
MOVE A127 28
MOVE A128 28
MOVE A129 28
MOVE A130 46
MOVE A131 46
MOVE A132 46
MOVE A133 46
MOVE A134 46
MOVE A135 46
MOVE A136 46
MOVE A137 46
MOVE A138 46
MOVE A139 46
MOVE A140 46
MOVE A141 59
MOVE A142 59
MOVE A143 59
MOVE A144 59
MOVE A145 59
MOVE A146 59
MOVE A147 59
MOVE A148 59
MOVE A149 59
MOVE A150 59
MOVE A151 59
MOVE A152 76
MOVE A153 76
MOVE A154 76
MOVE A155 76
MOVE A156 76
MOVE A157 76
MOVE A158 76
MOVE A159 76
MOVE A160 76
MOVE A161 76
MOVE A162 76
MOVE A163 61
MOVE A172 73
MOVE A173 73
MOVE A174 73
MOVE A176 73
MOVE A177 73
MOVE A178 73
MOVE A179 73
MOVE A180 73
MOVE A181 73
MOVE A182 73
MOVE A183 73
MOVE B70 124
MOVE B73 140
MOVE B74 199
DAMAGE TURRET B70 2
DAMAGE COMBAT A78 1
DAMAGE COMBAT B70 2
END TURN 333
TURN 334
COMMAND LEFT START
TRAIN 2
COMMAND LEFT END
COMMAND RIGHT START
TRAIN 1
COMMAND RIGHT END
TURN 334 RESULT
TIME LEFT 0 5 RIGHT 0 5
TRAIN A208 A209 B111
MOVE A53 76
MOVE A73 137
MOVE A85 125
MOVE A119 39
MOVE A120 39
MOVE A121 39
MOVE A122 39
MOVE A123 39
MOVE A124 39
MOVE A125 39
MOVE A126 39
MOVE A127 39
MOVE A128 39
MOVE A129 39
MOVE A130 59
MOVE A131 59
MOVE A132 59
MOVE A133 59
MOVE A134 59
MOVE A135 59
MOVE A136 59
MOVE A137 59
MOVE A138 59
MOVE A139 59
MOVE A140 59
MOVE A141 76
MOVE A142 76
MOVE A143 76
MOVE A144 76
MOVE A145 76
MOVE A146 76
MOVE A147 76
MOVE A148 76
MOVE A149 76
MOVE A150 76
MOVE A151 76
MOVE A152 108
MOVE A153 108
MOVE A154 108
MOVE A155 108
MOVE A156 108
MOVE A157 108
MOVE A158 108
MOVE A159 108
MOVE A160 108
MOVE A161 108
MOVE A162 108
MOVE A163 78
MOVE A172 76
MOVE A173 76
MOVE A174 76
MOVE A176 76
MOVE A177 76
MOVE A178 76
MOVE A179 76
MOVE A180 76
MOVE A181 76
MOVE A182 76
MOVE A183 76
MOVE B73 108
MOVE B74 191
DAMAGE TURRET B70 2
DAMAGE TURRET B73 2
DAMAGE COMBAT A78 1
DAMAGE COMBAT A86 1
DAMAGE COMBAT B70 1
DAMAGE COMBAT B73 5
END TURN 334
TURN 335
COMMAND LEFT START
MOVE A86 124
MOVE A201 188
MOVE A200 188
MOVE A199 188
MOVE A198 188
MOVE A197 188
MOVE A196 188
MOVE A195 188
MOVE A194 188
MOVE A193 188
MOVE A192 188
MOVE A191 188
MOVE A190 188
MOVE A189 188
MOVE A188 188
MOVE A187 188
MOVE A186 188
MOVE A185 188
MOVE A184 188
MOVE A162 188
MOVE A161 188
MOVE A160 188
MOVE A159 188
MOVE A158 188
MOVE A157 188
MOVE A156 188
MOVE A155 188
MOVE A154 188
MOVE A153 188
MOVE A152 188
COMMAND LEFT END
COMMAND RIGHT START
MOVE B75 138
MOVE B76 124
MOVE B77 17
COMMAND RIGHT END
TURN 335 RESULT
TIME LEFT 1 5 RIGHT 0 5
MOVE A53 108
MOVE A73 152
MOVE A85 124
MOVE A86 112
MOVE A119 53
MOVE A120 53
MOVE A121 53
MOVE A122 53
MOVE A123 53
MOVE A124 53
MOVE A125 53
MOVE A126 53
MOVE A127 53
MOVE A128 53
MOVE A129 53
MOVE A130 76
MOVE A131 76
MOVE A132 76
MOVE A133 76
MOVE A134 76
MOVE A135 76
MOVE A136 76
MOVE A137 76
MOVE A138 76
MOVE A139 76
MOVE A140 76
MOVE A141 108
MOVE A142 108
MOVE A143 108
MOVE A144 108
MOVE A145 108
MOVE A146 108
MOVE A147 108
MOVE A148 108
MOVE A149 108
MOVE A150 108
MOVE A151 108
MOVE A152 140
MOVE A153 140
MOVE A154 140
MOVE A155 140
MOVE A156 140
MOVE A157 140
MOVE A158 140
MOVE A159 140
MOVE A160 140
MOVE A161 140
MOVE A162 140
MOVE A163 91
MOVE A172 108
MOVE A173 108
MOVE A174 108
MOVE A176 108
MOVE A177 108
MOVE A178 108
MOVE A179 108
MOVE A180 108
MOVE A181 108
MOVE A182 108
MOVE A183 108
MOVE A184 140
MOVE A185 140
MOVE A186 140
MOVE A187 140
MOVE A188 140
MOVE A189 140
MOVE A190 140
MOVE A191 140
MOVE A192 140
MOVE A193 140
MOVE A194 140
MOVE A195 140
MOVE A196 140
MOVE A197 140
MOVE A198 140
MOVE A199 140
MOVE A200 140
MOVE A201 140
MOVE B74 170
MOVE B75 211
MOVE B76 214
MOVE B77 209
END TURN 335
TURN 336
COMMAND LEFT START
MOVE A171 108
MOVE A170 108
MOVE A169 108
MOVE A168 108
MOVE A167 108
MOVE A166 108
MOVE A165 108
MOVE A164 108
MOVE A129 108
MOVE A128 108
MOVE A127 108
TRAIN 1
COMMAND LEFT END
COMMAND RIGHT START
COMMAND RIGHT END
TURN 336 RESULT
TIME LEFT 0 5 RIGHT 0 5
TRAIN A210
MOVE A53 140
MOVE A73 163
MOVE A86 121
MOVE A127 64
MOVE A128 64
MOVE A129 64
MOVE A130 108
MOVE A131 108
MOVE A132 108
MOVE A133 108
MOVE A134 108
MOVE A135 108
MOVE A136 108
MOVE A137 108
MOVE A138 108
MOVE A139 108
MOVE A140 108
MOVE A152 157
MOVE A153 157
MOVE A154 157
MOVE A155 157
MOVE A156 157
MOVE A157 157
MOVE A158 157
MOVE A159 157
MOVE A160 157
MOVE A161 157
MOVE A162 157
MOVE A163 110
MOVE A164 64
MOVE A165 64
MOVE A166 64
MOVE A167 64
MOVE A168 64
MOVE A169 64
MOVE A170 64
MOVE A171 64
MOVE A184 157
MOVE A185 157
MOVE A186 157
MOVE A187 157
MOVE A188 157
MOVE A189 157
MOVE A190 157
MOVE A191 157
MOVE A192 157
MOVE A193 157
MOVE A194 157
MOVE A195 157
MOVE A196 157
MOVE A197 157
MOVE A198 157
MOVE A199 157
MOVE A200 157
MOVE A201 157
MOVE B74 157
MOVE B75 202
MOVE B76 207
MOVE B77 199
DAMAGE COMBAT A152 1
DAMAGE COMBAT B74 7
END TURN 336
TURN 337
COMMAND LEFT START
MOVE A126 108
MOVE A125 108
MOVE A124 108
MOVE A123 108
MOVE A122 108
MOVE A121 108
MOVE A120 108
MOVE A210 108
MOVE A209 108
MOVE A208 108
MOVE A207 108
TRAIN 2
COMMAND LEFT END
COMMAND RIGHT START
MOVE B78 17
COMMAND RIGHT END
TURN 337 RESULT
TIME LEFT 2 5 RIGHT 0 5
TRAIN A211 A212
MOVE A53 143
MOVE A86 123
MOVE A120 64
MOVE A121 64
MOVE A122 64
MOVE A123 64
MOVE A124 64
MOVE A125 64
MOVE A126 64
MOVE A127 73
MOVE A128 73
MOVE A129 73
MOVE A152 175
MOVE A153 175
MOVE A154 175
MOVE A155 175
MOVE A156 175
MOVE A157 175
MOVE A158 175
MOVE A159 175
MOVE A160 175
MOVE A161 175
MOVE A162 175
MOVE A163 120
MOVE A164 73
MOVE A165 73
MOVE A166 73
MOVE A167 73
MOVE A168 73
MOVE A169 73
MOVE A170 73
MOVE A171 73
MOVE A184 175
MOVE A185 175
MOVE A186 175
MOVE A187 175
MOVE A188 175
MOVE A189 175
MOVE A190 175
MOVE A191 175
MOVE A192 175
MOVE A193 175
MOVE A194 175
MOVE A195 175
MOVE A196 175
MOVE A197 175
MOVE A198 175
MOVE A199 175
MOVE A200 175
MOVE A201 175
MOVE A207 7
MOVE A208 7
MOVE A209 7
MOVE A210 7
MOVE B75 188
MOVE B76 197
MOVE B77 191
MOVE B78 209
END TURN 337
TURN 338
COMMAND LEFT START
MOVE A183 182
MOVE A212 108
MOVE A211 108
MOVE A206 108
MOVE A205 108
MOVE A204 108
MOVE A203 108
MOVE A202 108
MOVE A118 108
MOVE A117 108
MOVE A116 108
MOVE A115 108
COMMAND LEFT END
COMMAND RIGHT START
COMMAND RIGHT END
TURN 338 RESULT
TIME LEFT 0 5 RIGHT 0 5
MOVE A53 152
MOVE A86 130
MOVE A115 7
MOVE A116 7
MOVE A117 7
MOVE A118 7
MOVE A120 73
MOVE A121 73
MOVE A122 73
MOVE A123 73
MOVE A124 73
MOVE A125 73
MOVE A126 73
MOVE A127 76
MOVE A128 76
MOVE A129 76
MOVE A152 188
MOVE A153 188
MOVE A154 188
MOVE A155 188
MOVE A156 188
MOVE A157 188
MOVE A158 188
MOVE A159 188
MOVE A160 188
MOVE A161 188
MOVE A162 188
MOVE A163 132
MOVE A164 76
MOVE A165 76
MOVE A166 76
MOVE A167 76
MOVE A168 76
MOVE A169 76
MOVE A170 76
MOVE A171 76
MOVE A183 112
MOVE A184 188
MOVE A185 188
MOVE A186 188
MOVE A187 188
MOVE A188 188
MOVE A189 188
MOVE A190 188
MOVE A191 188
MOVE A192 188
MOVE A193 188
MOVE A194 188
MOVE A195 188
MOVE A196 188
MOVE A197 188
MOVE A198 188
MOVE A199 188
MOVE A200 188
MOVE A201 188
MOVE A202 7
MOVE A203 7
MOVE A204 7
MOVE A205 7
MOVE A206 7
MOVE A207 17
MOVE A208 17
MOVE A209 17
MOVE A210 17
MOVE A211 7
MOVE A212 7
MOVE B75 177
MOVE B76 187
MOVE B77 170
MOVE B78 199
DAMAGE TURRET A152 1
DAMAGE COMBAT A152 1
DAMAGE COMBAT B59 7
SIEGE B 188 6
END TURN 338
TURN 339
COMMAND LEFT START
MOVE A152 108
MOVE A153 108
MOVE A154 108
MOVE A155 108
MOVE A156 108
MOVE A157 108
MOVE A158 108
MOVE A159 108
MOVE A160 108
MOVE A161 108
MOVE A162 108
MOVE A184 108
MOVE A185 108
MOVE A186 108
MOVE A187 108
MOVE A188 108
MOVE A189 108
MOVE A190 108
MOVE A191 108
MOVE A192 108
MOVE A193 108
MOVE A194 108
MOVE A195 108
MOVE A196 108
MOVE A197 108
MOVE A198 108
MOVE A199 108
MOVE A200 108
MOVE A182 207
MOVE A181 207
MOVE A180 207
MOVE A179 207
MOVE A178 207
MOVE A177 207
MOVE A176 207
MOVE A174 207
MOVE A173 207
MOVE A172 207
MOVE A151 207
MOVE A150 207
MOVE A149 207
MOVE A148 207
MOVE A147 207
MOVE A146 207
MOVE A145 207
MOVE A144 207
MOVE A143 207
MOVE A142 207
MOVE A141 207
MOVE A140 207
MOVE A139 207
MOVE A138 207
MOVE A137 207
MOVE A136 207
MOVE A135 207
MOVE A134 207
MOVE A133 207
MOVE A132 207
MOVE A131 207
MOVE A130 207
UPGRADE 188
COMMAND LEFT END
COMMAND RIGHT START
MOVE B102 188
COMMAND RIGHT END
TURN 339 RESULT
TIME LEFT 0 5 RIGHT 0 5
UPGRADE A 188
MOVE A53 163
MOVE A86 125
MOVE A115 17
MOVE A116 17
MOVE A117 17
MOVE A118 17
MOVE A120 76
MOVE A121 76
MOVE A122 76
MOVE A123 76
MOVE A124 76
MOVE A125 76
MOVE A126 76
MOVE A127 108
MOVE A128 108
MOVE A129 108
MOVE A130 140
MOVE A131 140
MOVE A132 140
MOVE A133 140
MOVE A134 140
MOVE A135 140
MOVE A136 140
MOVE A137 140
MOVE A138 140
MOVE A139 140
MOVE A140 140
MOVE A141 140
MOVE A142 140
MOVE A143 140
MOVE A144 140
MOVE A145 140
MOVE A146 140
MOVE A147 140
MOVE A148 140
MOVE A149 140
MOVE A150 140
MOVE A151 140
MOVE A152 175
MOVE A153 175
MOVE A154 175
MOVE A155 175
MOVE A156 175
MOVE A157 175
MOVE A158 175
MOVE A159 175
MOVE A160 175
MOVE A161 175
MOVE A162 175
MOVE A163 147
MOVE A164 108
MOVE A165 108
MOVE A166 108
MOVE A167 108
MOVE A168 108
MOVE A169 108
MOVE A170 108
MOVE A171 108
MOVE A172 140
MOVE A173 140
MOVE A174 140
MOVE A176 140
MOVE A177 140
MOVE A178 140
MOVE A179 140
MOVE A180 140
MOVE A181 140
MOVE A182 140
MOVE A183 137
MOVE A184 175
MOVE A185 175
MOVE A186 175
MOVE A187 175
MOVE A188 175
MOVE A189 175
MOVE A190 175
MOVE A191 175
MOVE A192 175
MOVE A193 175
MOVE A194 175
MOVE A195 175
MOVE A196 175
MOVE A197 175
MOVE A198 175
MOVE A199 175
MOVE A200 175
MOVE A202 17
MOVE A203 17
MOVE A204 17
MOVE A205 17
MOVE A206 17
MOVE A207 25
MOVE A208 25
MOVE A209 25
MOVE A210 25
MOVE A211 17
MOVE A212 17
MOVE B75 163
MOVE B76 179
MOVE B77 157
MOVE B78 191
MOVE B102 211
DAMAGE TURRET A163 1
DAMAGE TURRET B75 2
DAMAGE COMBAT A53 1
DAMAGE COMBAT A163 1
DAMAGE COMBAT B57 1
DAMAGE COMBAT B75 3
END TURN 339
TURN 340
COMMAND LEFT START
MOVE A114 108
MOVE A113 108
MOVE A112 108
MOVE A111 108
MOVE A110 108
MOVE A109 108
MOVE A108 108
MOVE A107 108
MOVE A106 108
MOVE A105 108
MOVE A104 108
COMMAND LEFT END
COMMAND RIGHT START
MOVE B79 124
COMMAND RIGHT END
TURN 340 RESULT
TIME LEFT 0 5 RIGHT 0 5
MOVE A86 124
MOVE A104 7
MOVE A105 7
MOVE A106 7
MOVE A107 7
MOVE A108 7
MOVE A109 7
MOVE A110 7
MOVE A111 7
MOVE A112 7
MOVE A113 7
MOVE A114 7
MOVE A115 25
MOVE A116 25
MOVE A117 25
MOVE A118 25
MOVE A120 108
MOVE A121 108
MOVE A122 108
MOVE A123 108
MOVE A124 108
MOVE A125 108
MOVE A126 108
MOVE A130 157
MOVE A131 157
MOVE A132 157
MOVE A133 157
MOVE A134 157
MOVE A135 157
MOVE A136 157
MOVE A137 157
MOVE A138 157
MOVE A139 157
MOVE A140 157
MOVE A141 157
MOVE A142 157
MOVE A143 157
MOVE A144 157
MOVE A145 157
MOVE A146 157
MOVE A147 157
MOVE A148 157
MOVE A149 157
MOVE A150 157
MOVE A151 157
MOVE A152 157
MOVE A153 157
MOVE A154 157
MOVE A155 157
MOVE A156 157
MOVE A157 157
MOVE A158 157
MOVE A159 157
MOVE A160 157
MOVE A161 157
MOVE A162 157
MOVE A172 157
MOVE A173 157
MOVE A174 157
MOVE A176 157
MOVE A177 157
MOVE A178 157
MOVE A179 157
MOVE A180 157
MOVE A181 157
MOVE A182 157
MOVE A183 155
MOVE A184 157
MOVE A185 157
MOVE A186 157
MOVE A187 157
MOVE A188 157
MOVE A189 157
MOVE A190 157
MOVE A191 157
MOVE A192 157
MOVE A193 157
MOVE A194 157
MOVE A195 157
MOVE A196 157
MOVE A197 157
MOVE A198 157
MOVE A199 157
MOVE A200 157
MOVE A202 25
MOVE A203 25
MOVE A204 25
MOVE A205 25
MOVE A206 25
MOVE A207 46
MOVE A208 46
MOVE A209 46
MOVE A210 46
MOVE A211 25
MOVE A212 25
MOVE B76 168
MOVE B77 140
MOVE B78 170
MOVE B79 214
MOVE B102 202
DAMAGE TURRET A163 1
DAMAGE TURRET B75 2
DAMAGE COMBAT A53 1
DAMAGE COMBAT A163 1
DAMAGE COMBAT B57 1
END TURN 340
TURN 341
COMMAND LEFT START
MOVE A103 108
MOVE A102 108
MOVE A101 108
MOVE A100 108
MOVE A99 108
MOVE A98 108
MOVE A97 108
MOVE A96 108
MOVE A95 108
UPGRADE 188
COMMAND LEFT END
COMMAND RIGHT START
COMMAND RIGHT END
TURN 341 RESULT
TIME LEFT 0 5 RIGHT 0 5
UPGRADE A 188
MOVE A95 7
MOVE A96 7
MOVE A97 7
MOVE A98 7
MOVE A99 7
MOVE A100 7
MOVE A101 7
MOVE A102 7
MOVE A103 7
MOVE A104 17
MOVE A105 17
MOVE A106 17
MOVE A107 17
MOVE A108 17
MOVE A109 17
MOVE A110 17
MOVE A111 17
MOVE A112 17
MOVE A113 17
MOVE A114 17
MOVE A115 46
MOVE A116 46
MOVE A117 46
MOVE A118 46
MOVE A130 175
MOVE A131 175
MOVE A132 175
MOVE A133 175
MOVE A134 175
MOVE A135 175
MOVE A136 175
MOVE A137 175
MOVE A138 175
MOVE A139 175
MOVE A140 175
MOVE A141 175
MOVE A142 175
MOVE A143 175
MOVE A144 175
MOVE A145 175
MOVE A146 175
MOVE A147 175
MOVE A148 175
MOVE A149 175
MOVE A150 175
MOVE A151 175
MOVE A152 140
MOVE A153 140
MOVE A154 140
MOVE A155 140
MOVE A156 140
MOVE A157 140
MOVE A158 140
MOVE A159 140
MOVE A160 140
MOVE A161 140
MOVE A162 140
MOVE A172 175
MOVE A173 175
MOVE A174 175
MOVE A176 175
MOVE A177 175
MOVE A178 175
MOVE A179 175
MOVE A180 175
MOVE A181 175
MOVE A182 175
MOVE A183 158
MOVE A184 140
MOVE A185 140
MOVE A186 140
MOVE A187 140
MOVE A188 140
MOVE A189 140
MOVE A190 140
MOVE A191 140
MOVE A192 140
MOVE A193 140
MOVE A194 140
MOVE A195 140
MOVE A196 140
MOVE A197 140
MOVE A198 140
MOVE A199 140
MOVE A200 140
MOVE A202 46
MOVE A203 46
MOVE A204 46
MOVE A205 46
MOVE A206 46
MOVE A207 59
MOVE A208 59
MOVE A209 59
MOVE A210 59
MOVE A211 46
MOVE A212 46
MOVE B76 158
MOVE B77 108
MOVE B78 157
MOVE B79 207
MOVE B102 188
DAMAGE TURRET A163 1
DAMAGE TURRET B77 2
DAMAGE TURRET B102 1
DAMAGE COMBAT A87 1
DAMAGE COMBAT A163 1
DAMAGE COMBAT A183 1
DAMAGE COMBAT A201 1
DAMAGE COMBAT B57 1
DAMAGE COMBAT B76 1
DAMAGE COMBAT B77 5
DAMAGE COMBAT B102 1
END TURN 341
TURN 342
COMMAND LEFT START
TRAIN 1
COMMAND LEFT END
COMMAND RIGHT START
COMMAND RIGHT END
TURN 342 RESULT
TIME LEFT 0 5 RIGHT 0 5
TRAIN A213
MOVE A95 17
MOVE A96 17
MOVE A97 17
MOVE A98 17
MOVE A99 17
MOVE A100 17
MOVE A101 17
MOVE A102 17
MOVE A103 17
MOVE A104 25
MOVE A105 25
MOVE A106 25
MOVE A107 25
MOVE A108 25
MOVE A109 25
MOVE A110 25
MOVE A111 25
MOVE A112 25
MOVE A113 25
MOVE A114 25
MOVE A115 59
MOVE A116 59
MOVE A117 59
MOVE A118 59
MOVE A130 188
MOVE A131 188
MOVE A132 188
MOVE A133 188
MOVE A134 188
MOVE A135 188
MOVE A136 188
MOVE A137 188
MOVE A138 188
MOVE A139 188
MOVE A140 188
MOVE A141 188
MOVE A142 188
MOVE A143 188
MOVE A144 188
MOVE A145 188
MOVE A146 188
MOVE A147 188
MOVE A148 188
MOVE A149 188
MOVE A150 188
MOVE A151 188
MOVE A152 108
MOVE A153 108
MOVE A154 108
MOVE A155 108
MOVE A156 108
MOVE A157 108
MOVE A158 108
MOVE A159 108
MOVE A160 108
MOVE A161 108
MOVE A162 108
MOVE A172 188
MOVE A173 188
MOVE A174 188
MOVE A176 188
MOVE A177 188
MOVE A178 188
MOVE A179 188
MOVE A180 188
MOVE A181 188
MOVE A182 188
MOVE A184 108
MOVE A185 108
MOVE A186 108
MOVE A187 108
MOVE A188 108
MOVE A189 108
MOVE A190 108
MOVE A191 108
MOVE A192 108
MOVE A193 108
MOVE A194 108
MOVE A195 108
MOVE A196 108
MOVE A197 108
MOVE A198 108
MOVE A199 108
MOVE A200 108
MOVE A202 59
MOVE A203 59
MOVE A204 59
MOVE A205 59
MOVE A206 59
MOVE A207 76
MOVE A208 76
MOVE A209 76
MOVE A210 76
MOVE A211 59
MOVE A212 59
MOVE B78 140
MOVE B79 197
DAMAGE TURRET A163 1
DAMAGE TURRET B102 1
DAMAGE COMBAT A183 1
DAMAGE COMBAT A201 1
DAMAGE COMBAT B57 1
DAMAGE COMBAT B76 1
DAMAGE COMBAT B102 4
END TURN 342
TURN 343
COMMAND LEFT START
MOVE A74 188
MOVE A200 147
COMMAND LEFT END
COMMAND RIGHT START
MOVE B108 17
COMMAND RIGHT END
TURN 343 RESULT
TIME LEFT 0 5 RIGHT 0 5
MOVE A74 7
MOVE A95 25
MOVE A96 25
MOVE A97 25
MOVE A98 25
MOVE A99 25
MOVE A100 25
MOVE A101 25
MOVE A102 25
MOVE A103 25
MOVE A104 46
MOVE A105 46
MOVE A106 46
MOVE A107 46
MOVE A108 46
MOVE A109 46
MOVE A110 46
MOVE A111 46
MOVE A112 46
MOVE A113 46
MOVE A114 46
MOVE A115 76
MOVE A116 76
MOVE A117 76
MOVE A118 76
MOVE A130 197
MOVE A131 197
MOVE A132 197
MOVE A133 197
MOVE A134 197
MOVE A135 197
MOVE A136 197
MOVE A137 197
MOVE A138 197
MOVE A139 197
MOVE A140 197
MOVE A141 197
MOVE A142 197
MOVE A143 197
MOVE A144 197
MOVE A145 197
MOVE A146 197
MOVE A147 197
MOVE A148 197
MOVE A149 197
MOVE A150 197
MOVE A151 197
MOVE A172 197
MOVE A173 197
MOVE A174 197
MOVE A176 197
MOVE A177 197
MOVE A178 197
MOVE A179 197
MOVE A180 197
MOVE A181 197
MOVE A182 197
MOVE A200 118
MOVE A202 76
MOVE A203 76
MOVE A204 76
MOVE A205 76
MOVE A206 76
MOVE A207 108
MOVE A208 108
MOVE A209 108
MOVE A210 108
MOVE A211 76
MOVE A212 76
MOVE B78 108
MOVE B79 187
MOVE B108 209
DAMAGE TURRET B78 2
DAMAGE COMBAT A152 1
DAMAGE COMBAT A183 1
DAMAGE COMBAT B76 1
DAMAGE COMBAT B78 5
END TURN 343
TURN 344
COMMAND LEFT START
UPGRADE 188
COMMAND LEFT END
COMMAND RIGHT START
MOVE B109 17
COMMAND RIGHT END
TURN 344 RESULT
TIME LEFT 0 5 RIGHT 0 5
UPGRADE A 188
MOVE A74 17
MOVE A95 46
MOVE A96 46
MOVE A97 46
MOVE A98 46
MOVE A99 46
MOVE A100 46
MOVE A101 46
MOVE A102 46
MOVE A103 46
MOVE A104 59
MOVE A105 59
MOVE A106 59
MOVE A107 59
MOVE A108 59
MOVE A109 59
MOVE A110 59
MOVE A111 59
MOVE A112 59
MOVE A113 59
MOVE A114 59
MOVE A115 108
MOVE A116 108
MOVE A117 108
MOVE A118 108
MOVE A130 207
MOVE A131 207
MOVE A132 207
MOVE A133 207
MOVE A134 207
MOVE A135 207
MOVE A136 207
MOVE A137 207
MOVE A138 207
MOVE A139 207
MOVE A140 207
MOVE A141 207
MOVE A142 207
MOVE A143 207
MOVE A144 207
MOVE A145 207
MOVE A146 207
MOVE A147 207
MOVE A148 207
MOVE A149 207
MOVE A150 207
MOVE A151 207
MOVE A172 207
MOVE A173 207
MOVE A174 207
MOVE A176 207
MOVE A177 207
MOVE A178 207
MOVE A179 207
MOVE A180 207
MOVE A181 207
MOVE A182 207
MOVE A200 126
MOVE A202 108
MOVE A203 108
MOVE A204 108
MOVE A205 108
MOVE A206 108
MOVE A211 108
MOVE A212 108
MOVE B79 179
MOVE B108 199
MOVE B109 209
DAMAGE TURRET A130 1
DAMAGE COMBAT A130 1
DAMAGE COMBAT A183 1
DAMAGE COMBAT B66 7
DAMAGE COMBAT B76 1
SIEGE B 207 6
END TURN 344
TURN 345
COMMAND LEFT START
MOVE A87 188
MOVE A130 108
MOVE A131 108
MOVE A132 108
MOVE A133 108
MOVE A134 108
MOVE A135 108
MOVE A136 108
MOVE A137 108
MOVE A138 108
MOVE A139 108
MOVE A140 108
MOVE A141 108
MOVE A142 108
MOVE A143 108
MOVE A144 108
MOVE A145 108
MOVE A146 108
MOVE A147 108
MOVE A148 108
MOVE A149 108
MOVE A150 108
MOVE A151 108
MOVE A172 108
MOVE A173 108
MOVE A174 108
MOVE A176 108
MOVE A177 108
MOVE A178 108
MOVE A179 108
MOVE A180 108
MOVE A181 108
UPGRADE 207
COMMAND LEFT END
COMMAND RIGHT START
MOVE B110 207
COMMAND RIGHT END
TURN 345 RESULT
TIME LEFT 1 5 RIGHT 0 5
UPGRADE A 207
MOVE A74 25
MOVE A87 140
MOVE A95 59
MOVE A96 59
MOVE A97 59
MOVE A98 59
MOVE A99 59
MOVE A100 59
MOVE A101 59
MOVE A102 59
MOVE A103 59
MOVE A104 76
MOVE A105 76
MOVE A106 76
MOVE A107 76
MOVE A108 76
MOVE A109 76
MOVE A110 76
MOVE A111 76
MOVE A112 76
MOVE A113 76
MOVE A114 76
MOVE A130 197
MOVE A131 197
MOVE A132 197
MOVE A133 197
MOVE A134 197
MOVE A135 197
MOVE A136 197
MOVE A137 197
MOVE A138 197
MOVE A139 197
MOVE A140 197
MOVE A141 197
MOVE A142 197
MOVE A143 197
MOVE A144 197
MOVE A145 197
MOVE A146 197
MOVE A147 197
MOVE A148 197
MOVE A149 197
MOVE A150 197
MOVE A151 197
MOVE A172 197
MOVE A173 197
MOVE A174 197
MOVE A176 197
MOVE A177 197
MOVE A178 197
MOVE A179 197
MOVE A180 197
MOVE A181 197
MOVE A200 141
MOVE B79 168
MOVE B108 191
MOVE B109 199
MOVE B110 214
DAMAGE COMBAT A183 1
DAMAGE COMBAT B76 1
END TURN 345
TURN 346
COMMAND LEFT START
COMMAND LEFT END
COMMAND RIGHT START
COMMAND RIGHT END
TURN 346 RESULT
TIME LEFT 1 5 RIGHT 0 5
MOVE A74 46
MOVE A87 157
MOVE A95 76
MOVE A96 76
MOVE A97 76
MOVE A98 76
MOVE A99 76
MOVE A100 76
MOVE A101 76
MOVE A102 76
MOVE A103 76
MOVE A104 108
MOVE A105 108
MOVE A106 108
MOVE A107 108
MOVE A108 108
MOVE A109 108
MOVE A110 108
MOVE A111 108
MOVE A112 108
MOVE A113 108
MOVE A114 108
MOVE A130 188
MOVE A131 188
MOVE A132 188
MOVE A133 188
MOVE A134 188
MOVE A135 188
MOVE A136 188
MOVE A137 188
MOVE A138 188
MOVE A139 188
MOVE A140 188
MOVE A141 188
MOVE A142 188
MOVE A143 188
MOVE A144 188
MOVE A145 188
MOVE A146 188
MOVE A147 188
MOVE A148 188
MOVE A149 188
MOVE A150 188
MOVE A151 188
MOVE A172 188
MOVE A173 188
MOVE A174 188
MOVE A176 188
MOVE A177 188
MOVE A178 188
MOVE A179 188
MOVE A180 188
MOVE A181 188
MOVE A200 148
MOVE B79 158
MOVE B108 170
MOVE B109 191
MOVE B110 207
DAMAGE TURRET B110 1
DAMAGE COMBAT A182 1
DAMAGE COMBAT A183 2
DAMAGE COMBAT B76 1
DAMAGE COMBAT B110 1
END TURN 346
TURN 347
COMMAND LEFT START
TRAIN 1
COMMAND LEFT END
COMMAND RIGHT START
COMMAND RIGHT END
TURN 347 RESULT
TIME LEFT 1 5 RIGHT 0 5
TRAIN A214
MOVE A74 70
MOVE A87 175
MOVE A95 108
MOVE A96 108
MOVE A97 108
MOVE A98 108
MOVE A99 108
MOVE A100 108
MOVE A101 108
MOVE A102 108
MOVE A103 108
MOVE A130 175
MOVE A131 175
MOVE A132 175
MOVE A133 175
MOVE A134 175
MOVE A135 175
MOVE A136 175
MOVE A137 175
MOVE A138 175
MOVE A139 175
MOVE A140 175
MOVE A141 175
MOVE A142 175
MOVE A143 175
MOVE A144 175
MOVE A145 175
MOVE A146 175
MOVE A147 175
MOVE A148 175
MOVE A149 175
MOVE A150 175
MOVE A151 175
MOVE A172 175
MOVE A173 175
MOVE A174 175
MOVE A176 175
MOVE A177 175
MOVE A178 175
MOVE A179 175
MOVE A180 175
MOVE A181 175
MOVE A200 145
MOVE B76 153
MOVE B79 153
MOVE B108 157
MOVE B109 170
DAMAGE TURRET B110 1
DAMAGE COMBAT A182 1
DAMAGE COMBAT B110 1
END TURN 347
TURN 348
COMMAND LEFT START
MOVE A212 182
TRAIN 3
COMMAND LEFT END
COMMAND RIGHT START
COMMAND RIGHT END
TURN 348 RESULT
TIME LEFT 0 5 RIGHT 0 5
TRAIN A215 A216 A217
MOVE A74 82
MOVE A87 188
MOVE A130 157
MOVE A131 157
MOVE A132 157
MOVE A133 157
MOVE A134 157
MOVE A135 157
MOVE A136 157
MOVE A137 157
MOVE A138 157
MOVE A139 157
MOVE A140 157
MOVE A141 157
MOVE A142 157
MOVE A143 157
MOVE A144 157
MOVE A145 157
MOVE A146 157
MOVE A147 157
MOVE A148 157
MOVE A149 157
MOVE A150 157
MOVE A151 157
MOVE A172 157
MOVE A173 157
MOVE A174 157
MOVE A176 157
MOVE A177 157
MOVE A178 157
MOVE A179 157
MOVE A180 157
MOVE A181 157
MOVE A200 144
MOVE A212 112
MOVE B76 142
MOVE B79 142
MOVE B108 140
MOVE B109 157
DAMAGE TURRET B110 1
DAMAGE COMBAT A130 1
DAMAGE COMBAT A182 1
DAMAGE COMBAT B109 7
DAMAGE COMBAT B110 1
END TURN 348
TURN 349
COMMAND LEFT START
TRAIN 3
COMMAND LEFT END
COMMAND RIGHT START
MOVE B80 17
COMMAND RIGHT END
TURN 349 RESULT
TIME LEFT 0 5 RIGHT 0 5
TRAIN A218 A219 A220
MOVE A74 98
MOVE A130 140
MOVE A131 140
MOVE A132 140
MOVE A133 140
MOVE A134 140
MOVE A135 140
MOVE A136 140
MOVE A137 140
MOVE A138 140
MOVE A139 140
MOVE A140 140
MOVE A141 140
MOVE A142 140
MOVE A143 140
MOVE A144 140
MOVE A145 140
MOVE A146 140
MOVE A147 140
MOVE A148 140
MOVE A149 140
MOVE A150 140
MOVE A151 140
MOVE A172 140
MOVE A173 140
MOVE A174 140
MOVE A176 140
MOVE A177 140
MOVE A178 140
MOVE A179 140
MOVE A180 140
MOVE A181 140
MOVE A200 147
MOVE A212 137
MOVE B76 124
MOVE B79 124
MOVE B80 209
MOVE B108 108
DAMAGE TURRET A200 1
DAMAGE TURRET B76 1
DAMAGE TURRET B79 1
DAMAGE TURRET B108 2
DAMAGE TURRET B110 1
DAMAGE COMBAT A83 1
DAMAGE COMBAT A85 1
DAMAGE COMBAT A152 1
DAMAGE COMBAT A182 1
DAMAGE COMBAT A200 1
DAMAGE COMBAT B57 1
DAMAGE COMBAT B79 3
DAMAGE COMBAT B108 5
END TURN 349
TURN 350
COMMAND LEFT START
TRAIN 1
COMMAND LEFT END
COMMAND RIGHT START
MOVE B81 17
COMMAND RIGHT END
TURN 350 RESULT
TIME LEFT 1 5 RIGHT 0 5
TRAIN A221
MOVE A74 112
MOVE A130 108
MOVE A131 108
MOVE A132 108
MOVE A133 108
MOVE A134 108
MOVE A135 108
MOVE A136 108
MOVE A137 108
MOVE A138 108
MOVE A139 108
MOVE A140 108
MOVE A141 108
MOVE A142 108
MOVE A143 108
MOVE A144 108
MOVE A145 108
MOVE A146 108
MOVE A147 108
MOVE A148 108
MOVE A149 108
MOVE A150 108
MOVE A151 108
MOVE A172 108
MOVE A173 108
MOVE A174 108
MOVE A176 108
MOVE A177 108
MOVE A178 108
MOVE A179 108
MOVE A180 108
MOVE A181 108
MOVE A212 155
MOVE B80 199
MOVE B81 209
DAMAGE TURRET A200 1
DAMAGE TURRET B79 2
DAMAGE COMBAT A83 1
DAMAGE COMBAT A200 1
DAMAGE COMBAT B57 1
DAMAGE COMBAT B79 1
END TURN 350
TURN 351
COMMAND LEFT START
MOVE A89 124
UPGRADE 207
TRAIN 3
COMMAND LEFT END
COMMAND RIGHT START
MOVE B82 163
MOVE B83 138
COMMAND RIGHT END
TURN 351 RESULT
TIME LEFT 1 5 RIGHT 0 5
UPGRADE A 207
TRAIN A222 A223 A224
MOVE A74 143
MOVE A89 112
MOVE A212 158
MOVE B80 191
MOVE B81 199
MOVE B82 211
MOVE B83 211
DAMAGE TURRET A200 1
DAMAGE COMBAT A200 1
DAMAGE COMBAT B57 1
END TURN 351
TURN 352
COMMAND LEFT START
MOVE A87 207
MOVE A53 207
MOVE A73 207
MOVE A200 92
MOVE A95 163
MOVE A96 163
MOVE A97 188
TRAIN 2
COMMAND LEFT END
COMMAND RIGHT START
MOVE B84 147
COMMAND RIGHT END
TURN 352 RESULT
TIME LEFT 1 5 RIGHT 0 5
TRAIN A225 A226
MOVE A53 177
MOVE A73 177
MOVE A74 162
MOVE A87 197
MOVE A89 121
MOVE A95 140
MOVE A96 140
MOVE A97 140
MOVE A200 132
MOVE A212 171
MOVE B80 170
MOVE B81 191
MOVE B82 202
MOVE B83 202
MOVE B84 215
END TURN 352
TURN 353
COMMAND LEFT START
TRAIN 2
COMMAND LEFT END
COMMAND RIGHT START
COMMAND RIGHT END
TURN 353 RESULT
TIME LEFT 1 5 RIGHT 0 5
TRAIN A227 A228
MOVE A53 187
MOVE A73 187
MOVE A74 175
MOVE A87 207
MOVE A89 123
MOVE A95 143
MOVE A96 143
MOVE A97 157
MOVE A200 120
MOVE A212 182
MOVE B80 157
MOVE B81 170
MOVE B82 188
MOVE B83 188
MOVE B84 208
DAMAGE TURRET A212 1
DAMAGE TURRET B82 2
DAMAGE COMBAT A97 1
DAMAGE COMBAT A201 2
DAMAGE COMBAT A212 1
DAMAGE COMBAT B6 1
DAMAGE COMBAT B80 1
DAMAGE COMBAT B82 1
END TURN 353
TURN 354
COMMAND LEFT START
TRAIN 2
COMMAND LEFT END
COMMAND RIGHT START
MOVE B85 124
COMMAND RIGHT END
TURN 354 RESULT
TIME LEFT 0 5 RIGHT 0 5
TRAIN A229 A230
MOVE A53 197
MOVE A73 197
MOVE A74 188
MOVE A89 130
MOVE A95 152
MOVE A96 152
MOVE A200 110
MOVE B81 157
MOVE B84 196
MOVE B85 214
DAMAGE TURRET A212 1
DAMAGE TURRET B82 2
DAMAGE COMBAT A97 2
DAMAGE COMBAT A201 2
DAMAGE COMBAT A212 1
DAMAGE COMBAT B6 1
DAMAGE COMBAT B80 1
DAMAGE COMBAT B82 2
END TURN 354
TURN 355
COMMAND LEFT START
TRAIN 2
COMMAND LEFT END
COMMAND RIGHT START
COMMAND RIGHT END
TURN 355 RESULT
TIME LEFT 0 5 RIGHT 0 5
TRAIN A231 A232
MOVE A53 207
MOVE A73 207
MOVE A89 125
MOVE A95 163
MOVE A96 163
MOVE A200 92
MOVE B84 194
MOVE B85 207
DAMAGE TURRET A212 1
DAMAGE TURRET B83 2
DAMAGE TURRET B85 1
DAMAGE COMBAT A97 2
DAMAGE COMBAT A182 1
DAMAGE COMBAT A201 1
DAMAGE COMBAT A212 1
DAMAGE COMBAT B6 1
DAMAGE COMBAT B80 1
DAMAGE COMBAT B83 2
DAMAGE COMBAT B85 4
END TURN 355
TURN 356
COMMAND LEFT START
TRAIN 1
COMMAND LEFT END
COMMAND RIGHT START
MOVE B86 25
MOVE B87 25
MOVE B88 25
MOVE B89 25
MOVE B90 25
MOVE B91 25
MOVE B92 25
MOVE B93 25
MOVE B94 25
MOVE B95 25
MOVE B96 25
MOVE B97 25
MOVE B98 25
MOVE B99 25
MOVE B100 25
MOVE B101 25
MOVE B103 25
MOVE B104 25
MOVE B105 25
MOVE B106 25
MOVE B107 25
MOVE B111 25
COMMAND RIGHT END
TURN 356 RESULT
TIME LEFT 0 5 RIGHT 0 5
TRAIN A233
MOVE A89 124
MOVE B84 181
MOVE B86 209
MOVE B87 209
MOVE B88 209
MOVE B89 209
MOVE B90 209
MOVE B91 209
MOVE B92 209
MOVE B93 209
MOVE B94 209
MOVE B95 209
MOVE B96 209
MOVE B97 209
MOVE B98 209
MOVE B99 209
MOVE B100 209
MOVE B101 209
MOVE B103 209
MOVE B104 209
MOVE B105 209
MOVE B106 209
MOVE B107 209
MOVE B111 209
DAMAGE TURRET A212 1
DAMAGE TURRET B83 2
DAMAGE TURRET B85 1
DAMAGE COMBAT A74 1
DAMAGE COMBAT A97 2
DAMAGE COMBAT A182 1
DAMAGE COMBAT A212 1
DAMAGE COMBAT B6 1
DAMAGE COMBAT B80 1
DAMAGE COMBAT B83 1
DAMAGE COMBAT B85 1
END TURN 356
TURN 357
COMMAND LEFT START
MOVE A53 188
MOVE A73 188
TRAIN 3
COMMAND LEFT END
COMMAND RIGHT START
COMMAND RIGHT END
TURN 357 RESULT
TIME LEFT 0 5 RIGHT 0 5
TRAIN A234 A235 A236
MOVE A53 197
MOVE A73 197
MOVE B80 140
MOVE B81 140
MOVE B84 159
MOVE B86 199
MOVE B87 199
MOVE B88 199
MOVE B89 199
MOVE B90 199
MOVE B91 199
MOVE B92 199
MOVE B93 199
MOVE B94 199
MOVE B95 199
MOVE B96 199
MOVE B97 199
MOVE B98 199
MOVE B99 199
MOVE B100 199
MOVE B101 199
MOVE B103 199
MOVE B104 199
MOVE B105 199
MOVE B106 199
MOVE B107 199
MOVE B111 199
END TURN 357
TURN 358
COMMAND LEFT START
TRAIN 3
COMMAND LEFT END
COMMAND RIGHT START
COMMAND RIGHT END
TURN 358 RESULT
TIME LEFT 0 5 RIGHT 0 5
TRAIN A237 A238 A239
MOVE A53 188
MOVE A73 188
MOVE B80 108
MOVE B81 108
MOVE B84 147
MOVE B86 191
MOVE B87 191
MOVE B88 191
MOVE B89 191
MOVE B90 191
MOVE B91 191
MOVE B92 191
MOVE B93 191
MOVE B94 191
MOVE B95 191
MOVE B96 191
MOVE B97 191
MOVE B98 191
MOVE B99 191
MOVE B100 191
MOVE B101 191
MOVE B103 191
MOVE B104 191
MOVE B105 191
MOVE B106 191
MOVE B107 191
MOVE B111 191
DAMAGE TURRET B80 2
DAMAGE COMBAT A152 2
DAMAGE COMBAT B80 1
DAMAGE COMBAT B81 7
END TURN 358
TURN 359
COMMAND LEFT START
TRAIN 2
COMMAND LEFT END
COMMAND RIGHT START
COMMAND RIGHT END
TURN 359 RESULT
TIME LEFT 0 5 RIGHT 0 5
TRAIN A240 A241
MOVE B86 170
MOVE B87 170
MOVE B88 170
MOVE B89 170
MOVE B90 170
MOVE B91 170
MOVE B92 170
MOVE B93 170
MOVE B94 170
MOVE B95 170
MOVE B96 170
MOVE B97 170
MOVE B98 170
MOVE B99 170
MOVE B100 170
MOVE B101 170
MOVE B103 170
MOVE B104 170
MOVE B105 170
MOVE B106 170
MOVE B107 170
MOVE B111 170
END TURN 359
TURN 360
COMMAND LEFT START
TRAIN 3
COMMAND LEFT END
COMMAND RIGHT START
COMMAND RIGHT END
TURN 360 RESULT
TIME LEFT 0 5 RIGHT 0 5
TRAIN A242 A243 A244
MOVE B86 157
MOVE B87 157
MOVE B88 157
MOVE B89 157
MOVE B90 157
MOVE B91 157
MOVE B92 157
MOVE B93 157
MOVE B94 157
MOVE B95 157
MOVE B96 157
MOVE B97 157
MOVE B98 157
MOVE B99 157
MOVE B100 157
MOVE B101 157
MOVE B103 157
MOVE B104 157
MOVE B105 157
MOVE B106 157
MOVE B107 157
MOVE B111 157
END TURN 360
TURN 361
COMMAND LEFT START
TRAIN 2
COMMAND LEFT END
COMMAND RIGHT START
COMMAND RIGHT END
TURN 361 RESULT
TIME LEFT 0 5 RIGHT 0 5
TRAIN A245 A246
MOVE B86 140
MOVE B87 140
MOVE B88 140
MOVE B89 140
MOVE B90 140
MOVE B91 140
MOVE B92 140
MOVE B93 140
MOVE B94 140
MOVE B95 140
MOVE B96 140
MOVE B97 140
MOVE B98 140
MOVE B99 140
MOVE B100 140
MOVE B101 140
MOVE B103 140
MOVE B104 140
MOVE B105 140
MOVE B106 140
MOVE B107 140
MOVE B111 140
END TURN 361
TURN 362
COMMAND LEFT START
TRAIN 3
COMMAND LEFT END
COMMAND RIGHT START
COMMAND RIGHT END
TURN 362 RESULT
TIME LEFT 0 5 RIGHT 0 5
TRAIN A247 A248 A249
MOVE B86 108
MOVE B87 108
MOVE B88 108
MOVE B89 108
MOVE B90 108
MOVE B91 108
MOVE B92 108
MOVE B93 108
MOVE B94 108
MOVE B95 108
MOVE B96 108
MOVE B97 108
MOVE B98 108
MOVE B99 108
MOVE B100 108
MOVE B101 108
MOVE B103 108
MOVE B104 108
MOVE B105 108
MOVE B106 108
MOVE B107 108
MOVE B111 108
DAMAGE TURRET B86 2
DAMAGE COMBAT A98 7
DAMAGE COMBAT A99 7
DAMAGE COMBAT A100 4
DAMAGE COMBAT A130 4
DAMAGE COMBAT B86 5
DAMAGE COMBAT B87 7
DAMAGE COMBAT B88 7
DAMAGE COMBAT B89 7
DAMAGE COMBAT B90 7
DAMAGE COMBAT B91 7
DAMAGE COMBAT B92 7
DAMAGE COMBAT B93 7
DAMAGE COMBAT B94 7
DAMAGE COMBAT B95 7
DAMAGE COMBAT B96 7
DAMAGE COMBAT B97 7
DAMAGE COMBAT B98 7
DAMAGE COMBAT B99 7
DAMAGE COMBAT B100 7
DAMAGE COMBAT B101 3
END TURN 362
TURN 363
COMMAND LEFT START
MOVE A249 53
MOVE A248 53
MOVE A247 53
MOVE A246 53
MOVE A245 53
MOVE A244 53
MOVE A243 53
MOVE A242 53
MOVE A241 53
MOVE A240 53
MOVE A239 53
MOVE A238 53
MOVE A237 53
MOVE A236 53
MOVE A235 53
MOVE A234 53
MOVE A233 53
MOVE A232 53
MOVE A200 53
MOVE A231 53
MOVE A230 53
MOVE A229 53
MOVE A228 53
MOVE A227 53
MOVE A226 53
MOVE A225 53
MOVE A224 53
MOVE A223 53
MOVE A222 53
MOVE A221 53
TRAIN 2
COMMAND LEFT END
COMMAND RIGHT START
COMMAND RIGHT END
TURN 363 RESULT
TIME LEFT 1 5 RIGHT 0 5
TRAIN A250 A251
MOVE A200 91
MOVE A221 5
MOVE A222 5
MOVE A223 5
MOVE A224 5
MOVE A225 5
MOVE A226 5
MOVE A227 5
MOVE A228 5
MOVE A229 5
MOVE A230 5
MOVE A231 5
MOVE A232 5
MOVE A233 5
MOVE A234 5
MOVE A235 5
MOVE A236 5
MOVE A237 5
MOVE A238 5
MOVE A239 5
MOVE A240 5
MOVE A241 5
MOVE A242 5
MOVE A243 5
MOVE A244 5
MOVE A245 5
MOVE A246 5
MOVE A247 5
MOVE A248 5
MOVE A249 5
DAMAGE TURRET B101 2
DAMAGE COMBAT A100 3
DAMAGE COMBAT A101 4
DAMAGE COMBAT B101 2
DAMAGE COMBAT B103 7
DAMAGE COMBAT B104 7
DAMAGE COMBAT B105 7
DAMAGE COMBAT B106 7
DAMAGE COMBAT B107 7
DAMAGE COMBAT B111 7
END TURN 363
TURN 364
COMMAND LEFT START
TRAIN 2
COMMAND LEFT END
COMMAND RIGHT START
COMMAND RIGHT END
TURN 364 RESULT
TIME LEFT 1 5 RIGHT 0 5
TRAIN A252 A253
MOVE A200 78
MOVE A221 14
MOVE A222 14
MOVE A223 14
MOVE A224 14
MOVE A225 14
MOVE A226 14
MOVE A227 14
MOVE A228 14
MOVE A229 14
MOVE A230 14
MOVE A231 14
MOVE A232 14
MOVE A233 14
MOVE A234 14
MOVE A235 14
MOVE A236 14
MOVE A237 14
MOVE A238 14
MOVE A239 14
MOVE A240 14
MOVE A241 14
MOVE A242 14
MOVE A243 14
MOVE A244 14
MOVE A245 14
MOVE A246 14
MOVE A247 14
MOVE A248 14
MOVE A249 14
END TURN 364
TURN 365
COMMAND LEFT START
TRAIN 3
COMMAND LEFT END
COMMAND RIGHT START
COMMAND RIGHT END
TURN 365 RESULT
TIME LEFT 1 5 RIGHT 0 5
TRAIN A254 A255 A256
MOVE A200 61
MOVE A221 28
MOVE A222 28
MOVE A223 28
MOVE A224 28
MOVE A225 28
MOVE A226 28
MOVE A227 28
MOVE A228 28
MOVE A229 28
MOVE A230 28
MOVE A231 28
MOVE A232 28
MOVE A233 28
MOVE A234 28
MOVE A235 28
MOVE A236 28
MOVE A237 28
MOVE A238 28
MOVE A239 28
MOVE A240 28
MOVE A241 28
MOVE A242 28
MOVE A243 28
MOVE A244 28
MOVE A245 28
MOVE A246 28
MOVE A247 28
MOVE A248 28
MOVE A249 28
END TURN 365
TURN 366
COMMAND LEFT START
TRAIN 2
COMMAND LEFT END
COMMAND RIGHT START
COMMAND RIGHT END
TURN 366 RESULT
TIME LEFT 2 5 RIGHT 0 5
TRAIN A257 A258
MOVE A200 53
MOVE A221 39
MOVE A222 39
MOVE A223 39
MOVE A224 39
MOVE A225 39
MOVE A226 39
MOVE A227 39
MOVE A228 39
MOVE A229 39
MOVE A230 39
MOVE A231 39
MOVE A232 39
MOVE A233 39
MOVE A234 39
MOVE A235 39
MOVE A236 39
MOVE A237 39
MOVE A238 39
MOVE A239 39
MOVE A240 39
MOVE A241 39
MOVE A242 39
MOVE A243 39
MOVE A244 39
MOVE A245 39
MOVE A246 39
MOVE A247 39
MOVE A248 39
MOVE A249 39
END TURN 366
TURN 367
COMMAND LEFT START
TRAIN 2
COMMAND LEFT END
COMMAND RIGHT START
COMMAND RIGHT END
TURN 367 RESULT
TIME LEFT 1 5 RIGHT 0 5
TRAIN A259 A260
MOVE A221 53
MOVE A222 53
MOVE A223 53
MOVE A224 53
MOVE A225 53
MOVE A226 53
MOVE A227 53
MOVE A228 53
MOVE A229 53
MOVE A230 53
MOVE A231 53
MOVE A232 53
MOVE A233 53
MOVE A234 53
MOVE A235 53
MOVE A236 53
MOVE A237 53
MOVE A238 53
MOVE A239 53
MOVE A240 53
MOVE A241 53
MOVE A242 53
MOVE A243 53
MOVE A244 53
MOVE A245 53
MOVE A246 53
MOVE A247 53
MOVE A248 53
MOVE A249 53
END TURN 367
TURN 368
COMMAND LEFT START
TRAIN 2
COMMAND LEFT END
COMMAND RIGHT START
COMMAND RIGHT END
TURN 368 RESULT
TIME LEFT 1 5 RIGHT 0 5
TRAIN A261 A262
END TURN 368
TURN 369
COMMAND LEFT START
TRAIN 2
COMMAND LEFT END
COMMAND RIGHT START
COMMAND RIGHT END
TURN 369 RESULT
TIME LEFT 1 5 RIGHT 0 5
TRAIN A263 A264
END TURN 369
TURN 370
COMMAND LEFT START
TRAIN 3
COMMAND LEFT END
COMMAND RIGHT START
COMMAND RIGHT END
TURN 370 RESULT
TIME LEFT 1 5 RIGHT 0 5
TRAIN A265 A266 A267
END TURN 370
TURN 371
COMMAND LEFT START
TRAIN 2
COMMAND LEFT END
COMMAND RIGHT START
COMMAND RIGHT END
TURN 371 RESULT
TIME LEFT 1 5 RIGHT 0 5
TRAIN A268 A269
END TURN 371
TURN 372
COMMAND LEFT START
TRAIN 2
COMMAND LEFT END
COMMAND RIGHT START
COMMAND RIGHT END
TURN 372 RESULT
TIME LEFT 1 5 RIGHT 0 5
TRAIN A270 A271
END TURN 372
TURN 373
COMMAND LEFT START
TRAIN 2
COMMAND LEFT END
COMMAND RIGHT START
COMMAND RIGHT END
TURN 373 RESULT
TIME LEFT 1 5 RIGHT 0 5
TRAIN A272 A273
END TURN 373
TURN 374
COMMAND LEFT START
TRAIN 2
COMMAND LEFT END
COMMAND RIGHT START
COMMAND RIGHT END
TURN 374 RESULT
TIME LEFT 1 5 RIGHT 0 5
TRAIN A274 A275
END TURN 374
TURN 375
COMMAND LEFT START
TRAIN 2
COMMAND LEFT END
COMMAND RIGHT START
COMMAND RIGHT END
TURN 375 RESULT
TIME LEFT 1 5 RIGHT 0 5
TRAIN A276 A277
END TURN 375
TURN 376
COMMAND LEFT START
TRAIN 2
COMMAND LEFT END
COMMAND RIGHT START
COMMAND RIGHT END
TURN 376 RESULT
TIME LEFT 1 5 RIGHT 0 5
TRAIN A278 A279
END TURN 376
TURN 377
COMMAND LEFT START
TRAIN 2
COMMAND LEFT END
COMMAND RIGHT START
COMMAND RIGHT END
TURN 377 RESULT
TIME LEFT 1 5 RIGHT 0 5
TRAIN A280 A281
END TURN 377
TURN 378
COMMAND LEFT START
TRAIN 1
COMMAND LEFT END
COMMAND RIGHT START
COMMAND RIGHT END
TURN 378 RESULT
TIME LEFT 1 5 RIGHT 0 5
TRAIN A282
END TURN 378
TURN 379
COMMAND LEFT START
TRAIN 2
COMMAND LEFT END
COMMAND RIGHT START
COMMAND RIGHT END
TURN 379 RESULT
TIME LEFT 1 5 RIGHT 0 5
TRAIN A283 A284
END TURN 379
TURN 380
COMMAND LEFT START
TRAIN 2
COMMAND LEFT END
COMMAND RIGHT START
COMMAND RIGHT END
TURN 380 RESULT
TIME LEFT 1 5 RIGHT 0 5
TRAIN A285 A286
END TURN 380
TURN 381
COMMAND LEFT START
TRAIN 2
COMMAND LEFT END
COMMAND RIGHT START
COMMAND RIGHT END
TURN 381 RESULT
TIME LEFT 1 5 RIGHT 0 5
TRAIN A287 A288
END TURN 381
TURN 382
COMMAND LEFT START
TRAIN 2
COMMAND LEFT END
COMMAND RIGHT START
COMMAND RIGHT END
TURN 382 RESULT
TIME LEFT 1 5 RIGHT 0 5
TRAIN A289 A290
END TURN 382
TURN 383
COMMAND LEFT START
TRAIN 1
COMMAND LEFT END
COMMAND RIGHT START
COMMAND RIGHT END
TURN 383 RESULT
TIME LEFT 1 5 RIGHT 0 5
TRAIN A291
END TURN 383
TURN 384
COMMAND LEFT START
TRAIN 2
COMMAND LEFT END
COMMAND RIGHT START
COMMAND RIGHT END
TURN 384 RESULT
TIME LEFT 0 5 RIGHT 0 5
TRAIN A292 A293
END TURN 384
TURN 385
COMMAND LEFT START
TRAIN 2
COMMAND LEFT END
COMMAND RIGHT START
COMMAND RIGHT END
TURN 385 RESULT
TIME LEFT 0 5 RIGHT 0 5
TRAIN A294 A295
END TURN 385
TURN 386
COMMAND LEFT START
TRAIN 1
COMMAND LEFT END
COMMAND RIGHT START
COMMAND RIGHT END
TURN 386 RESULT
TIME LEFT 0 5 RIGHT 0 5
TRAIN A296
END TURN 386
TURN 387
COMMAND LEFT START
TRAIN 2
COMMAND LEFT END
COMMAND RIGHT START
COMMAND RIGHT END
TURN 387 RESULT
TIME LEFT 0 5 RIGHT 0 5
TRAIN A297 A298
END TURN 387
TURN 388
COMMAND LEFT START
TRAIN 1
COMMAND LEFT END
COMMAND RIGHT START
COMMAND RIGHT END
TURN 388 RESULT
TIME LEFT 0 5 RIGHT 0 5
TRAIN A299
END TURN 388
TURN 389
COMMAND LEFT START
TRAIN 2
COMMAND LEFT END
COMMAND RIGHT START
COMMAND RIGHT END
TURN 389 RESULT
TIME LEFT 0 5 RIGHT 0 5
TRAIN A300 A301
END TURN 389
TURN 390
COMMAND LEFT START
TRAIN 2
COMMAND LEFT END
COMMAND RIGHT START
COMMAND RIGHT END
TURN 390 RESULT
TIME LEFT 0 5 RIGHT 0 5
TRAIN A302 A303
END TURN 390
TURN 391
COMMAND LEFT START
TRAIN 1
COMMAND LEFT END
COMMAND RIGHT START
COMMAND RIGHT END
TURN 391 RESULT
TIME LEFT 0 5 RIGHT 0 5
TRAIN A304
END TURN 391
TURN 392
COMMAND LEFT START
TRAIN 1
COMMAND LEFT END
COMMAND RIGHT START
COMMAND RIGHT END
TURN 392 RESULT
TIME LEFT 0 5 RIGHT 0 5
TRAIN A305
END TURN 392
TURN 393
COMMAND LEFT START
TRAIN 2
COMMAND LEFT END
COMMAND RIGHT START
COMMAND RIGHT END
TURN 393 RESULT
TIME LEFT 0 5 RIGHT 0 5
TRAIN A306 A307
END TURN 393
TURN 394
COMMAND LEFT START
TRAIN 1
COMMAND LEFT END
COMMAND RIGHT START
COMMAND RIGHT END
TURN 394 RESULT
TIME LEFT 0 5 RIGHT 0 5
TRAIN A308
END TURN 394
TURN 395
COMMAND LEFT START
TRAIN 2
COMMAND LEFT END
COMMAND RIGHT START
COMMAND RIGHT END
TURN 395 RESULT
TIME LEFT 0 5 RIGHT 0 5
TRAIN A309 A310
END TURN 395
TURN 396
COMMAND LEFT START
COMMAND LEFT END
COMMAND RIGHT START
UPGRADE 216
COMMAND RIGHT END
TURN 396 RESULT
TIME LEFT 0 5 RIGHT 0 5
UPGRADE B 216
END TURN 396
TURN 397
COMMAND LEFT START
COMMAND LEFT END
COMMAND RIGHT START
MOVE B6 216
TRAIN 1
COMMAND RIGHT END
TURN 397 RESULT
TIME LEFT 0 5 RIGHT 0 5
TRAIN B112
MOVE B6 186
END TURN 397
TURN 398
COMMAND LEFT START
COMMAND LEFT END
COMMAND RIGHT START
COMMAND RIGHT END
TURN 398 RESULT
TIME LEFT 0 5 RIGHT 0 5
MOVE B6 198
END TURN 398
TURN 399
COMMAND LEFT START
COMMAND LEFT END
COMMAND RIGHT START
TRAIN 1
COMMAND RIGHT END
TURN 399 RESULT
TIME LEFT 0 5 RIGHT 0 5
TRAIN B113
MOVE B6 204
END TURN 399
TURN 400
COMMAND LEFT START
TRAIN 3
COMMAND LEFT END
COMMAND RIGHT START
MOVE B113 25
COMMAND RIGHT END
TURN 400 RESULT
TIME LEFT 0 5 RIGHT 0 5
TRAIN A311 A312 A313
MOVE B6 207
MOVE B113 209
DAMAGE TURRET B6 1
DAMAGE COMBAT A182 1
END TURN 400
RESULT DRAW TURN_LIMIT
