[LEFT ""]
[RIGHT ""]
MAP
197 17
-11103 -10673 -10674 -9854 -9916 -8710 -8347 -9364 -8482 -9301 -8319 -9247 -8161 -8020 -7904 -7368 -7166 -7343 -7247 -7052 -7235 -7691 -6836 -6745 -6416 -7284 -6751 -6449 -6230 -6212 -6143 -5977 -5702 -5611 -5565 -5493 -5581 -6547 -5886 -5092 -4781 -5010 -4669 -4904 -5461 -4728 -4615 -4398 -4479 -4191 -4120 -3766 -4101 -3955 -4179 -3890 -3500 -3643 -3448 -3519 -3188 -3248 -3031 -3028 -3083 -2965 -2722 -2828 -2563 -2630 -2560 -2513 -2453 -2296 -2106 -2139 -1769 -1796 -1796 -1720 -1524 -1452 -1295 -1270 -1302 -1094 -985 -993 -799 -702 -771 -771 -810 -360 -740 -223 -233 -228 0 228 233 223 740 360 810 771 771 702 799 993 985 1094 1302 1270 1295 1452 1524 1720 1796 1796 1769 2139 2106 2296 2453 2513 2560 2630 2563 2828 2722 2965 3083 3028 3031 3248 3188 3519 3448 3643 3500 3890 4179 3955 4101 3766 4120 4191 4479 4398 4615 4728 5461 4904 4669 5010 4781 5092 5886 6547 5581 5493 5565 5611 5702 5977 6143 6212 6230 6449 6751 7284 6416 6745 6836 7691 7235 7052 7247 7343 7166 7368 7904 8020 8161 9247 8319 9301 8482 9364 8347 8710 9916 9854 10674 10673 11103
6 -2952 2849 1370 4287 -859 457 -4548 -2227 -6186 1706 6329 2952 -3585 4373 5605 -5010 -1844 1261 -3200 2298 -7957 3367 -1168 4926 7207 -34 -6311 889 2132 -4129 -2453 -789 2752 6610 -5884 4127 8548 -9197 1302 -2129 -3467 3085 -4766 9712 -794 -7464 6451 4763 7767 -6318 -4645 46 -3163 -10360 1005 -1106 2032 10619 5424 3327 -8323 -3654 -6112 -2290 8422 11 7329 -7514 6325 4884 1587 -10028 -5012 -3595 -1538 759 9297 -6354 2762 7147 4687 -2726 5997 -8143 -1278 -4324 -10795 -6666 1027 -5389 7924 -413 2250 10394 -7775 5944 3729 0 -3729 -5944 7775 -10394 -2250 413 -7924 5389 -1027 6666 10795 4324 1278 8143 -5997 2726 -4687 -7147 -2762 6354 -9297 -759 1538 3595 5012 10028 -1587 -4884 -6325 7514 -7329 -11 -8422 2290 6112 3654 8323 -3327 -5424 -10619 -2032 1106 -1005 10360 3163 -46 4645 6318 -7767 -4763 -6451 7464 794 -9712 4766 -3085 3467 2129 -1302 9197 -8548 -4127 5884 -6610 -2752 789 2453 4129 -2132 -889 6311 34 -7207 -4926 1168 -3367 7957 -2298 3200 -1261 1844 5010 -5605 -4373 3585 -2952 -6329 -1706 6186 2227 4548 -457 859 -4287 -1370 -2849 2952 -6
STRONGHOLDS 19 20 37 43 47 63 64 70 98 126 132 133 149 153 159 176 177
4 1 2 3 5
4 0 5 7 8
4 0 3 4 12
6 0 2 5 6 10 12
4 2 11 12 14
8 0 1 3 6 8 17 23 26
5 3 5 10 18 26
5 1 8 9 13 16
6 1 5 7 13 17 19
4 7 16 21 27
5 3 6 12 18 20
4 4 14 15 25
7 2 3 4 10 14 20 22
4 7 8 16 19
6 4 11 12 15 22 24
5 11 14 24 25 34
7 7 9 13 19 27 30 35
5 5 8 19 23 31
6 6 10 20 26 28 29
6 8 13 16 17 30 31
5 10 12 18 22 29
3 9 27 38
7 12 14 20 24 29 33 36
5 5 17 26 31 32
6 14 15 22 34 36 48
4 11 15 34 37
6 5 6 18 23 28 32
6 9 16 21 35 38 46
5 18 26 29 32 39
6 18 20 22 28 33 39
6 16 19 31 35 41 43
7 17 19 23 30 32 40 41
7 23 26 28 31 39 40 45
5 22 29 36 39 42
7 15 24 25 37 47 48 49
6 16 27 30 43 46 50
5 22 24 33 42 48
4 25 34 44 49
5 21 27 46 54 61
9 28 29 32 33 42 45 52 55 57
7 31 32 41 45 53 56 64
6 30 31 40 43 51 53
6 33 36 39 48 57 60
5 30 35 41 50 51
4 37 49 58 65
5 32 39 40 52 56
6 27 35 38 50 61 68
6 34 48 49 59 67 69
8 24 34 36 42 47 59 60 70
6 34 37 44 47 65 67
6 35 43 46 51 63 68
7 41 43 50 53 62 63 73
5 39 45 55 56 66
5 40 41 51 62 64
3 38 61 72
5 39 52 57 66 71
6 40 45 52 64 66 75
5 39 42 55 60 71
4 44 65 77 94
4 47 48 69 70
7 42 48 57 70 71 79 81
6 38 46 54 68 72 84
5 51 53 64 73 74
5 50 51 68 73 78
7 40 53 56 62 74 75 82
6 44 49 58 67 77 80
7 52 55 56 71 75 76 92
5 47 49 65 69 80
6 46 50 61 63 78 84
6 47 59 67 70 80 83
6 48 59 60 69 81 83
6 55 57 60 66 76 79
4 54 61 84 87
7 51 62 63 74 78 86 90
5 62 64 73 82 86
6 56 64 66 82 85 92
5 66 71 79 89 92
5 58 65 80 91 94
6 63 68 73 84 88 90
7 60 71 76 81 89 93 97
7 65 67 69 77 83 91 96
6 60 70 79 83 96 97
7 64 74 75 85 86 99 103
5 69 70 80 81 96
8 61 68 72 78 87 88 95 102
5 75 82 92 103 107
5 73 74 82 90 99
3 72 84 102
5 78 84 90 95 100
7 76 79 92 93 98 104 111
6 73 78 86 88 99 100
5 77 80 94 96 101
7 66 75 76 85 89 98 107
5 79 89 97 111 114
6 58 77 91 101 109 112
5 84 88 100 102 105
8 80 81 83 91 97 101 106 108
7 79 81 93 96 106 110 114
4 89 92 104 107
7 82 86 90 100 103 115 117
8 88 90 95 99 105 113 115 116
5 91 94 96 108 112
6 84 87 95 105 119 138
5 82 85 99 107 117
7 89 98 107 111 120 121 130
5 95 100 102 116 119
6 96 97 108 110 118 123
7 85 92 98 103 104 117 120
5 96 101 106 112 118
3 94 112 124
5 97 106 114 122 123
5 89 93 104 114 121
8 94 101 108 109 118 124 128 135
5 100 115 116 126 127
7 93 97 110 111 121 122 132
6 99 100 113 117 126 136
7 100 105 113 119 127 129 131
7 99 103 107 115 120 125 136
6 106 108 112 123 128 133
5 102 105 116 131 138
5 104 107 117 125 130
6 104 111 114 130 132 140
5 110 114 123 132 134
7 106 110 118 122 133 134 145
4 109 112 135 142
6 117 120 130 136 139 141
6 113 115 127 136 137 148
6 113 116 126 129 137 149
6 112 118 133 135 146 150
5 116 127 131 147 149
7 104 120 121 125 140 141 144
6 116 119 129 138 147 152
7 114 121 122 134 140 143 156
5 118 123 128 145 146
5 122 123 132 143 145
6 112 124 128 142 150 158
7 115 117 125 126 139 148 154
4 126 127 148 149
4 102 119 131 152
5 125 136 141 154 157
6 121 130 132 144 151 156
5 125 130 139 144 157
3 124 135 158
5 132 134 145 155 156
5 130 140 141 151 157
7 123 133 134 143 146 153 155
6 128 133 145 150 153 161
6 129 131 149 152 159 162
8 126 136 137 149 154 160 162 172
6 127 129 137 147 148 162
6 128 135 146 158 161 169
5 140 144 156 157 164
4 131 138 147 159
5 145 146 155 161 166
6 136 139 148 157 160 163
6 143 145 153 156 165 166
7 132 140 143 151 155 164 165
9 139 141 144 151 154 163 164 167 168
5 135 142 150 169 175
4 147 152 162 171
5 148 154 163 172 174
6 146 150 153 166 169 180
7 147 148 149 159 171 172 181
5 154 157 160 167 174
7 151 156 157 165 168 170 173
7 155 156 164 166 173 177 179
6 153 155 161 165 177 180
6 157 163 168 174 176 178
5 157 164 167 170 178
6 150 158 161 175 180 187
6 164 168 173 178 190 191
4 159 162 181 185
6 148 160 162 174 181 182
5 164 165 170 179 191
7 160 163 167 172 176 182 184
3 158 169 187
5 167 174 178 184 186
6 165 166 179 180 183 188
6 167 168 170 176 186 190
5 165 173 177 188 191
7 161 166 169 177 183 187 189
5 162 171 172 182 185
6 172 174 181 184 185 192
4 177 180 188 189
7 174 176 182 186 192 193 194
4 171 181 182 192
5 176 178 184 190 193
4 169 175 180 189
6 177 179 183 189 191 195
5 180 183 187 188 195
5 170 178 186 191 193
8 170 173 179 188 190 193 195 196
4 182 184 185 194
6 184 186 190 191 194 196
4 184 192 193 196
4 188 189 191 196
4 191 193 194 195
END MAP
TURN 1
COMMAND LEFT START
MOVE A2 19
MOVE A3 20
COMMAND LEFT END
COMMAND RIGHT START
MOVE B1 176
MOVE B2 98
COMMAND RIGHT END
TURN 1 RESULT
TIME LEFT 0 5 RIGHT 5 5
MOVE A2 5
MOVE A3 3
MOVE B1 193
MOVE B2 191
END TURN 1
TURN 2
COMMAND LEFT START
COMMAND LEFT END
COMMAND RIGHT START
COMMAND RIGHT END
TURN 2 RESULT
TIME LEFT 0 5 RIGHT 0 5
MOVE A2 17
MOVE A3 10
MOVE B1 186
MOVE B2 173
END TURN 2
TURN 3
COMMAND LEFT START
COMMAND LEFT END
COMMAND RIGHT START
COMMAND RIGHT END
TURN 3 RESULT
TIME LEFT 0 5 RIGHT 0 5
MOVE A2 19
MOVE A3 20
MOVE B1 176
MOVE B2 164
END TURN 3
TURN 4
COMMAND LEFT START
UPGRADE 19
COMMAND LEFT END
COMMAND RIGHT START
UPGRADE 176
COMMAND RIGHT END
TURN 4 RESULT
TIME LEFT 0 5 RIGHT 0 5
UPGRADE A 19
UPGRADE B 176
MOVE B2 151
END TURN 4
TURN 5
COMMAND LEFT START
COMMAND LEFT END
COMMAND RIGHT START
COMMAND RIGHT END
TURN 5 RESULT
TIME LEFT 0 5 RIGHT 0 5
MOVE B2 144
END TURN 5
TURN 6
COMMAND LEFT START
COMMAND LEFT END
COMMAND RIGHT START
COMMAND RIGHT END
TURN 6 RESULT
TIME LEFT 0 5 RIGHT 0 5
MOVE B2 130
END TURN 6
TURN 7
COMMAND LEFT START
COMMAND LEFT END
COMMAND RIGHT START
COMMAND RIGHT END
TURN 7 RESULT
TIME LEFT 0 5 RIGHT 0 5
MOVE B2 104
END TURN 7
TURN 8
COMMAND LEFT START
COMMAND LEFT END
COMMAND RIGHT START
COMMAND RIGHT END
TURN 8 RESULT
TIME LEFT 0 5 RIGHT 0 5
MOVE B2 98
END TURN 8
TURN 9
COMMAND LEFT START
COMMAND LEFT END
COMMAND RIGHT START
COMMAND RIGHT END
TURN 9 RESULT
TIME LEFT 0 5 RIGHT 0 5
END TURN 9
TURN 10
COMMAND LEFT START
COMMAND LEFT END
COMMAND RIGHT START
COMMAND RIGHT END
TURN 10 RESULT
TIME LEFT 0 5 RIGHT 0 5
END TURN 10
TURN 11
COMMAND LEFT START
COMMAND LEFT END
COMMAND RIGHT START
COMMAND RIGHT END
TURN 11 RESULT
TIME LEFT 0 5 RIGHT 0 5
END TURN 11
TURN 12
COMMAND LEFT START
TRAIN 1
COMMAND LEFT END
COMMAND RIGHT START
COMMAND RIGHT END
TURN 12 RESULT
TIME LEFT 0 5 RIGHT 0 5
TRAIN A4
END TURN 12
TURN 13
COMMAND LEFT START
TRAIN 1
COMMAND LEFT END
COMMAND RIGHT START
COMMAND RIGHT END
TURN 13 RESULT
TIME LEFT 0 5 RIGHT 0 5
TRAIN A5
END TURN 13
TURN 14
COMMAND LEFT START
COMMAND LEFT END
COMMAND RIGHT START
COMMAND RIGHT END
TURN 14 RESULT
TIME LEFT 0 5 RIGHT 0 5
END TURN 14
TURN 15
COMMAND LEFT START
COMMAND LEFT END
COMMAND RIGHT START
UPGRADE 98
COMMAND RIGHT END
TURN 15 RESULT
TIME LEFT 0 5 RIGHT 0 5
UPGRADE B 98
END TURN 15
TURN 16
COMMAND LEFT START
COMMAND LEFT END
COMMAND RIGHT START
COMMAND RIGHT END
TURN 16 RESULT
TIME LEFT 0 5 RIGHT 0 5
END TURN 16
TURN 17
COMMAND LEFT START
COMMAND LEFT END
COMMAND RIGHT START
COMMAND RIGHT END
TURN 17 RESULT
TIME LEFT 0 5 RIGHT 0 5
END TURN 17
TURN 18
COMMAND LEFT START
COMMAND LEFT END
COMMAND RIGHT START
TRAIN 1
COMMAND RIGHT END
TURN 18 RESULT
TIME LEFT 0 5 RIGHT 0 5
TRAIN B4
END TURN 18
TURN 19
COMMAND LEFT START
COMMAND LEFT END
COMMAND RIGHT START
COMMAND RIGHT END
TURN 19 RESULT
TIME LEFT 0 5 RIGHT 0 5
END TURN 19
TURN 20
COMMAND LEFT START
COMMAND LEFT END
COMMAND RIGHT START
COMMAND RIGHT END
TURN 20 RESULT
TIME LEFT 0 5 RIGHT 0 5
END TURN 20
TURN 21
COMMAND LEFT START
COMMAND LEFT END
COMMAND RIGHT START
COMMAND RIGHT END
TURN 21 RESULT
TIME LEFT 0 5 RIGHT 0 5
END TURN 21
TURN 22
COMMAND LEFT START
COMMAND LEFT END
COMMAND RIGHT START
COMMAND RIGHT END
TURN 22 RESULT
TIME LEFT 0 5 RIGHT 0 5
END TURN 22
TURN 23
COMMAND LEFT START
COMMAND LEFT END
COMMAND RIGHT START
COMMAND RIGHT END
TURN 23 RESULT
TIME LEFT 0 5 RIGHT 0 5
END TURN 23
TURN 24
COMMAND LEFT START
COMMAND LEFT END
COMMAND RIGHT START
COMMAND RIGHT END
TURN 24 RESULT
TIME LEFT 0 5 RIGHT 0 5
END TURN 24
TURN 25
COMMAND LEFT START
COMMAND LEFT END
COMMAND RIGHT START
COMMAND RIGHT END
TURN 25 RESULT
TIME LEFT 0 5 RIGHT 0 5
END TURN 25
TURN 26
COMMAND LEFT START
COMMAND LEFT END
COMMAND RIGHT START
COMMAND RIGHT END
TURN 26 RESULT
TIME LEFT 0 5 RIGHT 0 5
END TURN 26
TURN 27
COMMAND LEFT START
COMMAND LEFT END
COMMAND RIGHT START
COMMAND RIGHT END
TURN 27 RESULT
TIME LEFT 0 5 RIGHT 0 5
END TURN 27
TURN 28
COMMAND LEFT START
COMMAND LEFT END
COMMAND RIGHT START
COMMAND RIGHT END
TURN 28 RESULT
TIME LEFT 0 5 RIGHT 0 5
END TURN 28
TURN 29
COMMAND LEFT START
COMMAND LEFT END
COMMAND RIGHT START
MOVE B3 177
COMMAND RIGHT END
TURN 29 RESULT
TIME LEFT 0 5 RIGHT 0 5
MOVE B3 191
END TURN 29
TURN 30
COMMAND LEFT START
UPGRADE 20
COMMAND LEFT END
COMMAND RIGHT START
COMMAND RIGHT END
TURN 30 RESULT
TIME LEFT 0 5 RIGHT 0 5
UPGRADE A 20
MOVE B3 179
END TURN 30
TURN 31
COMMAND LEFT START
COMMAND LEFT END
COMMAND RIGHT START
COMMAND RIGHT END
TURN 31 RESULT
TIME LEFT 0 5 RIGHT 0 5
MOVE B3 177
END TURN 31
TURN 32
COMMAND LEFT START
COMMAND LEFT END
COMMAND RIGHT START
UPGRADE 177
COMMAND RIGHT END
TURN 32 RESULT
TIME LEFT 0 5 RIGHT 0 5
UPGRADE B 177
END TURN 32
TURN 33
COMMAND LEFT START
COMMAND LEFT END
COMMAND RIGHT START
COMMAND RIGHT END
TURN 33 RESULT
TIME LEFT 0 5 RIGHT 0 5
END TURN 33
TURN 34
COMMAND LEFT START
COMMAND LEFT END
COMMAND RIGHT START
TRAIN 1
COMMAND RIGHT END
TURN 34 RESULT
TIME LEFT 0 5 RIGHT 0 5
TRAIN B5
END TURN 34
TURN 35
COMMAND LEFT START
COMMAND LEFT END
COMMAND RIGHT START
COMMAND RIGHT END
TURN 35 RESULT
TIME LEFT 0 5 RIGHT 0 5
END TURN 35
TURN 36
COMMAND LEFT START
COMMAND LEFT END
COMMAND RIGHT START
COMMAND RIGHT END
TURN 36 RESULT
TIME LEFT 0 5 RIGHT 0 5
END TURN 36
TURN 37
COMMAND LEFT START
COMMAND LEFT END
COMMAND RIGHT START
COMMAND RIGHT END
TURN 37 RESULT
TIME LEFT 0 5 RIGHT 0 5
END TURN 37
TURN 38
COMMAND LEFT START
COMMAND LEFT END
COMMAND RIGHT START
COMMAND RIGHT END
TURN 38 RESULT
TIME LEFT 0 5 RIGHT 0 5
END TURN 38
TURN 39
COMMAND LEFT START
COMMAND LEFT END
COMMAND RIGHT START
MOVE B5 153
COMMAND RIGHT END
TURN 39 RESULT
TIME LEFT 0 5 RIGHT 0 5
MOVE B5 191
END TURN 39
TURN 40
COMMAND LEFT START
COMMAND LEFT END
COMMAND RIGHT START
COMMAND RIGHT END
TURN 40 RESULT
TIME LEFT 0 5 RIGHT 0 5
MOVE B5 179
END TURN 40
TURN 41
COMMAND LEFT START
COMMAND LEFT END
COMMAND RIGHT START
COMMAND RIGHT END
TURN 41 RESULT
TIME LEFT 0 5 RIGHT 0 5
MOVE B5 177
END TURN 41
TURN 42
COMMAND LEFT START
COMMAND LEFT END
COMMAND RIGHT START
COMMAND RIGHT END
TURN 42 RESULT
TIME LEFT 0 5 RIGHT 0 5
MOVE B5 166
END TURN 42
TURN 43
COMMAND LEFT START
COMMAND LEFT END
COMMAND RIGHT START
COMMAND RIGHT END
TURN 43 RESULT
TIME LEFT 0 5 RIGHT 0 5
MOVE B5 153
END TURN 43
TURN 44
COMMAND LEFT START
COMMAND LEFT END
COMMAND RIGHT START
UPGRADE 153
COMMAND RIGHT END
TURN 44 RESULT
TIME LEFT 0 5 RIGHT 0 5
UPGRADE B 153
END TURN 44
TURN 45
COMMAND LEFT START
COMMAND LEFT END
COMMAND RIGHT START
COMMAND RIGHT END
TURN 45 RESULT
TIME LEFT 0 5 RIGHT 0 5
END TURN 45
TURN 46
COMMAND LEFT START
MOVE A4 19
MOVE A5 20
COMMAND LEFT END
COMMAND RIGHT START
TRAIN 1
COMMAND RIGHT END
TURN 46 RESULT
TIME LEFT 0 5 RIGHT 0 5
TRAIN B6
MOVE A4 5
MOVE A5 3
END TURN 46
TURN 47
COMMAND LEFT START
UPGRADE 0
COMMAND LEFT END
COMMAND RIGHT START
COMMAND RIGHT END
TURN 47 RESULT
TIME LEFT 0 5 RIGHT 0 5
UPGRADE A 0
MOVE A4 17
MOVE A5 10
END TURN 47
TURN 48
COMMAND LEFT START
COMMAND LEFT END
COMMAND RIGHT START
COMMAND RIGHT END
TURN 48 RESULT
TIME LEFT 0 5 RIGHT 0 5
MOVE A4 19
MOVE A5 20
END TURN 48
TURN 49
COMMAND LEFT START
COMMAND LEFT END
COMMAND RIGHT START
COMMAND RIGHT END
TURN 49 RESULT
TIME LEFT 0 5 RIGHT 0 5
END TURN 49
TURN 50
COMMAND LEFT START
COMMAND LEFT END
COMMAND RIGHT START
COMMAND RIGHT END
TURN 50 RESULT
TIME LEFT 0 5 RIGHT 0 5
END TURN 50
TURN 51
COMMAND LEFT START
TRAIN 1
COMMAND LEFT END
COMMAND RIGHT START
COMMAND RIGHT END
TURN 51 RESULT
TIME LEFT 0 5 RIGHT 0 5
TRAIN A6
END TURN 51
TURN 52
COMMAND LEFT START
COMMAND LEFT END
COMMAND RIGHT START
COMMAND RIGHT END
TURN 52 RESULT
TIME LEFT 0 5 RIGHT 0 5
END TURN 52
TURN 53
COMMAND LEFT START
TRAIN 1
COMMAND LEFT END
COMMAND RIGHT START
COMMAND RIGHT END
TURN 53 RESULT
TIME LEFT 0 5 RIGHT 0 5
TRAIN A7
END TURN 53
TURN 54
COMMAND LEFT START
MOVE A7 98
COMMAND LEFT END
COMMAND RIGHT START
COMMAND RIGHT END
TURN 54 RESULT
TIME LEFT 0 5 RIGHT 0 5
MOVE A7 5
END TURN 54
TURN 55
COMMAND LEFT START
COMMAND LEFT END
COMMAND RIGHT START
COMMAND RIGHT END
TURN 55 RESULT
TIME LEFT 0 5 RIGHT 0 5
MOVE A7 23
END TURN 55
TURN 56
COMMAND LEFT START
COMMAND LEFT END
COMMAND RIGHT START
UPGRADE 196
COMMAND RIGHT END
TURN 56 RESULT
TIME LEFT 0 5 RIGHT 0 5
UPGRADE B 196
MOVE A7 32
END TURN 56
TURN 57
COMMAND LEFT START
COMMAND LEFT END
COMMAND RIGHT START
COMMAND RIGHT END
TURN 57 RESULT
TIME LEFT 0 5 RIGHT 0 5
MOVE A7 45
END TURN 57
TURN 58
COMMAND LEFT START
COMMAND LEFT END
COMMAND RIGHT START
COMMAND RIGHT END
TURN 58 RESULT
TIME LEFT 0 5 RIGHT 0 5
MOVE A7 52
END TURN 58
TURN 59
COMMAND LEFT START
COMMAND LEFT END
COMMAND RIGHT START
COMMAND RIGHT END
TURN 59 RESULT
TIME LEFT 0 5 RIGHT 0 5
MOVE A7 66
END TURN 59
TURN 60
COMMAND LEFT START
TRAIN 1
COMMAND LEFT END
COMMAND RIGHT START
COMMAND RIGHT END
TURN 60 RESULT
TIME LEFT 0 5 RIGHT 0 5
TRAIN A8
MOVE A7 92
END TURN 60
TURN 61
COMMAND LEFT START
MOVE A8 37
COMMAND LEFT END
COMMAND RIGHT START
COMMAND RIGHT END
TURN 61 RESULT
TIME LEFT 0 5 RIGHT 0 5
MOVE A7 98
MOVE A8 3
DAMAGE TURRET A7 1
DAMAGE COMBAT A7 1
DAMAGE COMBAT B2 1
END TURN 61
TURN 62
COMMAND LEFT START
COMMAND LEFT END
COMMAND RIGHT START
COMMAND RIGHT END
TURN 62 RESULT
TIME LEFT 0 5 RIGHT 0 5
MOVE A8 12
DAMAGE TURRET A7 1
DAMAGE COMBAT A7 1
DAMAGE COMBAT B2 1
END TURN 62
TURN 63
COMMAND LEFT START
COMMAND LEFT END
COMMAND RIGHT START
UPGRADE 177
COMMAND RIGHT END
TURN 63 RESULT
TIME LEFT 0 5 RIGHT 0 5
UPGRADE B 177
MOVE A8 14
DAMAGE TURRET A7 1
DAMAGE COMBAT B2 1
END TURN 63
TURN 64
COMMAND LEFT START
COMMAND LEFT END
COMMAND RIGHT START
COMMAND RIGHT END
TURN 64 RESULT
TIME LEFT 0 5 RIGHT 0 5
MOVE A8 15
END TURN 64
TURN 65
COMMAND LEFT START
COMMAND LEFT END
COMMAND RIGHT START
TRAIN 1
COMMAND RIGHT END
TURN 65 RESULT
TIME LEFT 0 5 RIGHT 0 5
TRAIN B7
MOVE A8 25
END TURN 65
TURN 66
COMMAND LEFT START
COMMAND LEFT END
COMMAND RIGHT START
MOVE B4 177
COMMAND RIGHT END
TURN 66 RESULT
TIME LEFT 0 5 RIGHT 0 5
MOVE A8 37
MOVE B4 191
END TURN 66
TURN 67
COMMAND LEFT START
UPGRADE 37
COMMAND LEFT END
COMMAND RIGHT START
COMMAND RIGHT END
TURN 67 RESULT
TIME LEFT 0 5 RIGHT 0 5
UPGRADE A 37
MOVE B4 179
END TURN 67
TURN 68
COMMAND LEFT START
COMMAND LEFT END
COMMAND RIGHT START
COMMAND RIGHT END
TURN 68 RESULT
TIME LEFT 0 5 RIGHT 0 5
MOVE B4 177
END TURN 68
TURN 69
COMMAND LEFT START
TRAIN 1
COMMAND LEFT END
COMMAND RIGHT START
COMMAND RIGHT END
TURN 69 RESULT
TIME LEFT 0 5 RIGHT 0 5
TRAIN A9
END TURN 69
TURN 70
COMMAND LEFT START
MOVE A9 37
COMMAND LEFT END
COMMAND RIGHT START
COMMAND RIGHT END
TURN 70 RESULT
TIME LEFT 0 5 RIGHT 0 5
MOVE A9 3
END TURN 70
TURN 71
COMMAND LEFT START
TRAIN 1
COMMAND LEFT END
COMMAND RIGHT START
COMMAND RIGHT END
TURN 71 RESULT
TIME LEFT 0 5 RIGHT 0 5
TRAIN A10
MOVE A9 12
END TURN 71
TURN 72
COMMAND LEFT START
MOVE A10 43
COMMAND LEFT END
COMMAND RIGHT START
COMMAND RIGHT END
TURN 72 RESULT
TIME LEFT 0 5 RIGHT 0 5
MOVE A9 14
MOVE A10 5
END TURN 72
TURN 73
COMMAND LEFT START
COMMAND LEFT END
COMMAND RIGHT START
COMMAND RIGHT END
TURN 73 RESULT
TIME LEFT 0 5 RIGHT 0 5
MOVE A9 15
MOVE A10 17
END TURN 73
TURN 74
COMMAND LEFT START
COMMAND LEFT END
COMMAND RIGHT START
COMMAND RIGHT END
TURN 74 RESULT
TIME LEFT 0 5 RIGHT 0 5
MOVE A9 25
MOVE A10 19
END TURN 74
TURN 75
COMMAND LEFT START
COMMAND LEFT END
COMMAND RIGHT START
COMMAND RIGHT END
TURN 75 RESULT
TIME LEFT 0 5 RIGHT 0 5
MOVE A9 37
MOVE A10 30
END TURN 75
TURN 76
COMMAND LEFT START
COMMAND LEFT END
COMMAND RIGHT START
UPGRADE 196
COMMAND RIGHT END
TURN 76 RESULT
TIME LEFT 0 5 RIGHT 0 5
UPGRADE B 196
MOVE A10 43
END TURN 76
TURN 77
COMMAND LEFT START
COMMAND LEFT END
COMMAND RIGHT START
COMMAND RIGHT END
TURN 77 RESULT
TIME LEFT 0 5 RIGHT 0 5
END TURN 77
TURN 78
COMMAND LEFT START
COMMAND LEFT END
COMMAND RIGHT START
TRAIN 1
COMMAND RIGHT END
TURN 78 RESULT
TIME LEFT 0 5 RIGHT 0 5
TRAIN B8
END TURN 78
TURN 79
COMMAND LEFT START
COMMAND LEFT END
COMMAND RIGHT START
COMMAND RIGHT END
TURN 79 RESULT
TIME LEFT 0 5 RIGHT 0 5
END TURN 79
TURN 80
COMMAND LEFT START
UPGRADE 43
COMMAND LEFT END
COMMAND RIGHT START
COMMAND RIGHT END
TURN 80 RESULT
TIME LEFT 0 5 RIGHT 0 5
UPGRADE A 43
END TURN 80
TURN 81
COMMAND LEFT START
COMMAND LEFT END
COMMAND RIGHT START
COMMAND RIGHT END
TURN 81 RESULT
TIME LEFT 0 5 RIGHT 0 5
END TURN 81
TURN 82
COMMAND LEFT START
TRAIN 1
COMMAND LEFT END
COMMAND RIGHT START
COMMAND RIGHT END
TURN 82 RESULT
TIME LEFT 0 5 RIGHT 0 5
TRAIN A11
END TURN 82
TURN 83
COMMAND LEFT START
MOVE A11 43
COMMAND LEFT END
COMMAND RIGHT START
UPGRADE 176
COMMAND RIGHT END
TURN 83 RESULT
TIME LEFT 0 5 RIGHT 0 5
UPGRADE B 176
MOVE A11 5
END TURN 83
TURN 84
COMMAND LEFT START
TRAIN 1
COMMAND LEFT END
COMMAND RIGHT START
TRAIN 1
COMMAND RIGHT END
TURN 84 RESULT
TIME LEFT 0 5 RIGHT 0 5
TRAIN A12 B9
MOVE A11 17
END TURN 84
TURN 85
COMMAND LEFT START
MOVE A12 64
COMMAND LEFT END
COMMAND RIGHT START
MOVE B6 176
COMMAND RIGHT END
TURN 85 RESULT
TIME LEFT 0 5 RIGHT 0 5
MOVE A11 19
MOVE A12 5
MOVE B6 193
END TURN 85
TURN 86
COMMAND LEFT START
COMMAND LEFT END
COMMAND RIGHT START
COMMAND RIGHT END
TURN 86 RESULT
TIME LEFT 0 5 RIGHT 0 5
MOVE A11 30
MOVE A12 17
MOVE B6 186
END TURN 86
TURN 87
COMMAND LEFT START
COMMAND LEFT END
COMMAND RIGHT START
COMMAND RIGHT END
TURN 87 RESULT
TIME LEFT 0 5 RIGHT 0 5
MOVE A11 43
MOVE A12 31
MOVE B6 176
END TURN 87
TURN 88
COMMAND LEFT START
COMMAND LEFT END
COMMAND RIGHT START
COMMAND RIGHT END
TURN 88 RESULT
TIME LEFT 0 5 RIGHT 0 5
MOVE A12 40
END TURN 88
TURN 89
COMMAND LEFT START
COMMAND LEFT END
COMMAND RIGHT START
UPGRADE 153
COMMAND RIGHT END
TURN 89 RESULT
TIME LEFT 0 5 RIGHT 0 5
UPGRADE B 153
MOVE A12 64
END TURN 89
TURN 90
COMMAND LEFT START
COMMAND LEFT END
COMMAND RIGHT START
TRAIN 1
COMMAND RIGHT END
TURN 90 RESULT
TIME LEFT 0 5 RIGHT 0 5
TRAIN B10
END TURN 90
TURN 91
COMMAND LEFT START
UPGRADE 64
COMMAND LEFT END
COMMAND RIGHT START
MOVE B7 153
COMMAND RIGHT END
TURN 91 RESULT
TIME LEFT 0 5 RIGHT 0 5
UPGRADE A 64
MOVE B7 191
END TURN 91
TURN 92
COMMAND LEFT START
COMMAND LEFT END
COMMAND RIGHT START
COMMAND RIGHT END
TURN 92 RESULT
TIME LEFT 0 5 RIGHT 0 5
MOVE B7 179
END TURN 92
TURN 93
COMMAND LEFT START
TRAIN 1
COMMAND LEFT END
COMMAND RIGHT START
COMMAND RIGHT END
TURN 93 RESULT
TIME LEFT 0 5 RIGHT 0 5
TRAIN A13
MOVE B7 177
END TURN 93
TURN 94
COMMAND LEFT START
MOVE A13 64
TRAIN 1
COMMAND LEFT END
COMMAND RIGHT START
COMMAND RIGHT END
TURN 94 RESULT
TIME LEFT 0 5 RIGHT 0 5
TRAIN A14
MOVE A13 5
MOVE B7 166
END TURN 94
TURN 95
COMMAND LEFT START
MOVE A14 47
COMMAND LEFT END
COMMAND RIGHT START
UPGRADE 98
COMMAND RIGHT END
TURN 95 RESULT
TIME LEFT 0 5 RIGHT 0 5
UPGRADE B 98
MOVE A13 17
MOVE A14 3
MOVE B7 153
END TURN 95
TURN 96
COMMAND LEFT START
COMMAND LEFT END
COMMAND RIGHT START
TRAIN 1
COMMAND RIGHT END
TURN 96 RESULT
TIME LEFT 0 5 RIGHT 0 5
TRAIN B11
MOVE A13 31
MOVE A14 12
END TURN 96
TURN 97
COMMAND LEFT START
COMMAND LEFT END
COMMAND RIGHT START
MOVE B8 98
COMMAND RIGHT END
TURN 97 RESULT
TIME LEFT 0 5 RIGHT 0 5
MOVE A13 40
MOVE A14 22
MOVE B8 191
END TURN 97
TURN 98
COMMAND LEFT START
COMMAND LEFT END
COMMAND RIGHT START
COMMAND RIGHT END
TURN 98 RESULT
TIME LEFT 0 5 RIGHT 0 5
MOVE A13 64
MOVE A14 36
MOVE B8 173
END TURN 98
TURN 99
COMMAND LEFT START
COMMAND LEFT END
COMMAND RIGHT START
COMMAND RIGHT END
TURN 99 RESULT
TIME LEFT 0 5 RIGHT 0 5
MOVE A14 48
MOVE B8 164
END TURN 99
TURN 100
COMMAND LEFT START
COMMAND LEFT END
COMMAND RIGHT START
COMMAND RIGHT END
TURN 100 RESULT
TIME LEFT 0 5 RIGHT 0 5
MOVE A14 47
MOVE B8 151
END TURN 100
TURN 101
COMMAND LEFT START
UPGRADE 47
COMMAND LEFT END
COMMAND RIGHT START
UPGRADE 177
COMMAND RIGHT END
TURN 101 RESULT
TIME LEFT 0 5 RIGHT 0 5
UPGRADE A 47
UPGRADE B 177
MOVE B8 144
END TURN 101
TURN 102
COMMAND LEFT START
TRAIN 1
COMMAND LEFT END
COMMAND RIGHT START
TRAIN 1
COMMAND RIGHT END
TURN 102 RESULT
TIME LEFT 0 5 RIGHT 0 5
TRAIN A15 B12
MOVE B8 130
END TURN 102
TURN 103
COMMAND LEFT START
MOVE A15 47
TRAIN 1
COMMAND LEFT END
COMMAND RIGHT START
MOVE B9 177
COMMAND RIGHT END
TURN 103 RESULT
TIME LEFT 0 5 RIGHT 0 5
TRAIN A16
MOVE A15 3
MOVE B8 104
MOVE B9 191
END TURN 103
TURN 104
COMMAND LEFT START
MOVE A16 63
COMMAND LEFT END
COMMAND RIGHT START
COMMAND RIGHT END
TURN 104 RESULT
TIME LEFT 0 5 RIGHT 0 5
MOVE A15 12
MOVE A16 5
MOVE B8 98
MOVE B9 179
END TURN 104
TURN 105
COMMAND LEFT START
COMMAND LEFT END
COMMAND RIGHT START
COMMAND RIGHT END
TURN 105 RESULT
TIME LEFT 0 5 RIGHT 0 5
MOVE A15 22
MOVE A16 17
MOVE B9 177
END TURN 105
TURN 106
COMMAND LEFT START
COMMAND LEFT END
COMMAND RIGHT START
UPGRADE 176
COMMAND RIGHT END
TURN 106 RESULT
TIME LEFT 0 5 RIGHT 0 5
UPGRADE B 176
MOVE A15 36
MOVE A16 31
END TURN 106
TURN 107
COMMAND LEFT START
COMMAND LEFT END
COMMAND RIGHT START
TRAIN 1
COMMAND RIGHT END
TURN 107 RESULT
TIME LEFT 0 5 RIGHT 0 5
TRAIN B13
MOVE A15 48
MOVE A16 41
END TURN 107
TURN 108
COMMAND LEFT START
COMMAND LEFT END
COMMAND RIGHT START
MOVE B10 176
COMMAND RIGHT END
TURN 108 RESULT
TIME LEFT 0 5 RIGHT 0 5
MOVE A15 47
MOVE A16 51
MOVE B10 193
END TURN 108
TURN 109
COMMAND LEFT START
COMMAND LEFT END
COMMAND RIGHT START
COMMAND RIGHT END
TURN 109 RESULT
TIME LEFT 0 5 RIGHT 0 5
MOVE A16 63
MOVE B10 186
END TURN 109
TURN 110
COMMAND LEFT START
UPGRADE 63
COMMAND LEFT END
COMMAND RIGHT START
COMMAND RIGHT END
TURN 110 RESULT
TIME LEFT 0 5 RIGHT 0 5
UPGRADE A 63
MOVE B10 176
END TURN 110
TURN 111
COMMAND LEFT START
TRAIN 1
COMMAND LEFT END
COMMAND RIGHT START
UPGRADE 153
TRAIN 1
COMMAND RIGHT END
TURN 111 RESULT
TIME LEFT 0 5 RIGHT 0 5
UPGRADE B 153
TRAIN A17 B14
END TURN 111
TURN 112
COMMAND LEFT START
MOVE A17 63
TRAIN 1
COMMAND LEFT END
COMMAND RIGHT START
MOVE B11 153
COMMAND RIGHT END
TURN 112 RESULT
TIME LEFT 0 5 RIGHT 0 5
TRAIN A18
MOVE A17 5
MOVE B11 191
END TURN 112
TURN 113
COMMAND LEFT START
MOVE A18 70
COMMAND LEFT END
COMMAND RIGHT START
COMMAND RIGHT END
TURN 113 RESULT
TIME LEFT 0 5 RIGHT 0 5
MOVE A17 17
MOVE A18 3
MOVE B11 179
END TURN 113
TURN 114
COMMAND LEFT START
COMMAND LEFT END
COMMAND RIGHT START
COMMAND RIGHT END
TURN 114 RESULT
TIME LEFT 0 5 RIGHT 0 5
MOVE A17 31
MOVE A18 12
MOVE B11 177
END TURN 114
TURN 115
COMMAND LEFT START
COMMAND LEFT END
COMMAND RIGHT START
UPGRADE 98
COMMAND RIGHT END
TURN 115 RESULT
TIME LEFT 0 5 RIGHT 0 5
UPGRADE B 98
MOVE A17 41
MOVE A18 22
MOVE B11 166
END TURN 115
TURN 116
COMMAND LEFT START
COMMAND LEFT END
COMMAND RIGHT START
TRAIN 1
COMMAND RIGHT END
TURN 116 RESULT
TIME LEFT 0 5 RIGHT 0 5
TRAIN B15
MOVE A17 51
MOVE A18 36
MOVE B11 153
END TURN 116
TURN 117
COMMAND LEFT START
UPGRADE 19
COMMAND LEFT END
COMMAND RIGHT START
MOVE B12 98
COMMAND RIGHT END
TURN 117 RESULT
TIME LEFT 0 5 RIGHT 0 5
UPGRADE A 19
MOVE A17 63
MOVE A18 48
MOVE B12 191
END TURN 117
TURN 118
COMMAND LEFT START
TRAIN 1
COMMAND LEFT END
COMMAND RIGHT START
COMMAND RIGHT END
TURN 118 RESULT
TIME LEFT 0 5 RIGHT 0 5
TRAIN A19
MOVE A18 70
MOVE B12 173
END TURN 118
TURN 119
COMMAND LEFT START
MOVE A19 19
COMMAND LEFT END
COMMAND RIGHT START
TRAIN 1
COMMAND RIGHT END
TURN 119 RESULT
TIME LEFT 0 5 RIGHT 0 5
TRAIN B16
MOVE A19 5
MOVE B12 164
END TURN 119
TURN 120
COMMAND LEFT START
COMMAND LEFT END
COMMAND RIGHT START
TRAIN 1
COMMAND RIGHT END
TURN 120 RESULT
TIME LEFT 0 5 RIGHT 0 5
TRAIN B17
MOVE A19 17
MOVE B12 151
END TURN 120
TURN 121
COMMAND LEFT START
COMMAND LEFT END
COMMAND RIGHT START
MOVE B17 132
COMMAND RIGHT END
TURN 121 RESULT
TIME LEFT 0 5 RIGHT 0 5
MOVE A19 19
MOVE B12 144
MOVE B17 191
END TURN 121
TURN 122
COMMAND LEFT START
COMMAND LEFT END
COMMAND RIGHT START
TRAIN 2
COMMAND RIGHT END
TURN 122 RESULT
TIME LEFT 0 5 RIGHT 0 5
TRAIN B18 B19
MOVE B12 130
MOVE B17 179
END TURN 122
TURN 123
COMMAND LEFT START
UPGRADE 70
COMMAND LEFT END
COMMAND RIGHT START
MOVE B19 19
TRAIN 2
COMMAND RIGHT END
TURN 123 RESULT
TIME LEFT 0 5 RIGHT 0 5
UPGRADE A 70
TRAIN B20 B21
MOVE B12 104
MOVE B17 165
MOVE B19 191
END TURN 123
TURN 124
COMMAND LEFT START
TRAIN 1
COMMAND LEFT END
COMMAND RIGHT START
MOVE B21 98
MOVE B20 98
MOVE B18 98
MOVE B16 98
TRAIN 2
COMMAND RIGHT END
TURN 124 RESULT
TIME LEFT 0 5 RIGHT 0 5
TRAIN A20 B22 B23
MOVE B12 98
MOVE B16 191
MOVE B17 156
MOVE B18 191
MOVE B19 173
MOVE B20 191
MOVE B21 191
END TURN 124
TURN 125
COMMAND LEFT START
MOVE A20 70
COMMAND LEFT END
COMMAND RIGHT START
MOVE B23 98
MOVE B22 98
TRAIN 1
COMMAND RIGHT END
TURN 125 RESULT
TIME LEFT 0 5 RIGHT 0 5
TRAIN B24
MOVE A20 3
MOVE B16 173
MOVE B17 132
MOVE B18 173
MOVE B19 164
MOVE B20 173
MOVE B21 173
MOVE B22 191
MOVE B23 191
END TURN 125
TURN 126
COMMAND LEFT START
COMMAND LEFT END
COMMAND RIGHT START
MOVE B24 98
UPGRADE 132
COMMAND RIGHT END
TURN 126 RESULT
TIME LEFT 0 5 RIGHT 0 5
UPGRADE B 132
MOVE A20 12
MOVE B16 164
MOVE B18 164
MOVE B19 151
MOVE B20 164
MOVE B21 164
MOVE B22 173
MOVE B23 173
MOVE B24 191
END TURN 126
TURN 127
COMMAND LEFT START
COMMAND LEFT END
COMMAND RIGHT START
COMMAND RIGHT END
TURN 127 RESULT
TIME LEFT 0 5 RIGHT 0 5
MOVE A20 22
MOVE B16 151
MOVE B18 151
MOVE B19 144
MOVE B20 151
MOVE B21 151
MOVE B22 164
MOVE B23 164
MOVE B24 173
END TURN 127
TURN 128
COMMAND LEFT START
UPGRADE 20
COMMAND LEFT END
COMMAND RIGHT START
UPGRADE 132
COMMAND RIGHT END
TURN 128 RESULT
TIME LEFT 0 5 RIGHT 0 5
UPGRADE A 20
UPGRADE B 132
MOVE A20 36
MOVE B16 144
MOVE B18 144
MOVE B19 130
MOVE B20 144
MOVE B21 144
MOVE B22 151
MOVE B23 151
MOVE B24 164
END TURN 128
TURN 129
COMMAND LEFT START
TRAIN 1
COMMAND LEFT END
COMMAND RIGHT START
TRAIN 1
COMMAND RIGHT END
TURN 129 RESULT
TIME LEFT 0 5 RIGHT 0 5
TRAIN A21 B25
MOVE A20 48
MOVE B16 130
MOVE B18 130
MOVE B19 120
MOVE B20 130
MOVE B21 130
MOVE B22 144
MOVE B23 144
MOVE B24 151
END TURN 129
TURN 130
COMMAND LEFT START
MOVE A21 20
COMMAND LEFT END
COMMAND RIGHT START
MOVE B13 132
COMMAND RIGHT END
TURN 130 RESULT
TIME LEFT 0 5 RIGHT 0 5
MOVE A20 70
MOVE A21 3
MOVE B13 191
MOVE B16 104
MOVE B18 104
MOVE B19 107
MOVE B20 104
MOVE B21 104
MOVE B22 130
MOVE B23 130
MOVE B24 144
END TURN 130
TURN 131
COMMAND LEFT START
COMMAND LEFT END
COMMAND RIGHT START
COMMAND RIGHT END
TURN 131 RESULT
TIME LEFT 0 5 RIGHT 0 5
MOVE A21 10
MOVE B13 179
MOVE B16 98
MOVE B18 98
MOVE B19 85
MOVE B20 98
MOVE B21 98
MOVE B22 104
MOVE B23 104
MOVE B24 130
END TURN 131
TURN 132
COMMAND LEFT START
COMMAND LEFT END
COMMAND RIGHT START
UPGRADE 132
COMMAND RIGHT END
TURN 132 RESULT
TIME LEFT 0 5 RIGHT 0 5
UPGRADE B 132
MOVE A21 20
MOVE B13 165
MOVE B19 75
MOVE B22 98
MOVE B23 98
MOVE B24 104
END TURN 132
TURN 133
COMMAND LEFT START
COMMAND LEFT END
COMMAND RIGHT START
MOVE B2 132
COMMAND RIGHT END
TURN 133 RESULT
TIME LEFT 0 5 RIGHT 0 5
MOVE B2 104
MOVE B13 156
MOVE B19 64
MOVE B24 98
DAMAGE TURRET B19 1
DAMAGE COMBAT A12 1
DAMAGE COMBAT B19 2
END TURN 133
TURN 134
COMMAND LEFT START
TRAIN 1
COMMAND LEFT END
COMMAND RIGHT START
COMMAND RIGHT END
TURN 134 RESULT
TIME LEFT 0 5 RIGHT 0 5
TRAIN A22
MOVE B2 121
MOVE B13 132
DAMAGE TURRET B19 1
DAMAGE COMBAT A12 1
DAMAGE COMBAT B19 2
END TURN 134
TURN 135
COMMAND LEFT START
MOVE A22 64
COMMAND LEFT END
COMMAND RIGHT START
MOVE B24 149
COMMAND RIGHT END
TURN 135 RESULT
TIME LEFT 0 5 RIGHT 0 5
MOVE A22 5
MOVE B2 132
MOVE B24 107
END TURN 135
TURN 136
COMMAND LEFT START
COMMAND LEFT END
COMMAND RIGHT START
COMMAND RIGHT END
TURN 136 RESULT
TIME LEFT 0 5 RIGHT 0 5
MOVE A22 17
MOVE B24 117
END TURN 136
TURN 137
COMMAND LEFT START
UPGRADE 0
COMMAND LEFT END
COMMAND RIGHT START
COMMAND RIGHT END
TURN 137 RESULT
TIME LEFT 0 5 RIGHT 0 5
UPGRADE A 0
MOVE A22 31
MOVE B24 136
END TURN 137
TURN 138
COMMAND LEFT START
TRAIN 1
COMMAND LEFT END
COMMAND RIGHT START
COMMAND RIGHT END
TURN 138 RESULT
TIME LEFT 0 5 RIGHT 0 5
TRAIN A23
MOVE A22 40
MOVE B24 148
END TURN 138
TURN 139
COMMAND LEFT START
COMMAND LEFT END
COMMAND RIGHT START
COMMAND RIGHT END
TURN 139 RESULT
TIME LEFT 0 5 RIGHT 0 5
MOVE A22 64
MOVE B24 149
END TURN 139
TURN 140
COMMAND LEFT START
COMMAND LEFT END
COMMAND RIGHT START
COMMAND RIGHT END
TURN 140 RESULT
TIME LEFT 0 5 RIGHT 0 5
END TURN 140
TURN 141
COMMAND LEFT START
UPGRADE 37
COMMAND LEFT END
COMMAND RIGHT START
MOVE B8 196
UPGRADE 196
COMMAND RIGHT END
TURN 141 RESULT
TIME LEFT 0 5 RIGHT 0 5
UPGRADE A 37
UPGRADE B 196
MOVE B8 104
END TURN 141
TURN 142
COMMAND LEFT START
TRAIN 1
COMMAND LEFT END
COMMAND RIGHT START
COMMAND RIGHT END
TURN 142 RESULT
TIME LEFT 0 5 RIGHT 0 5
TRAIN A24
MOVE B8 130
END TURN 142
TURN 143
COMMAND LEFT START
MOVE A24 37
COMMAND LEFT END
COMMAND RIGHT START
UPGRADE 149
COMMAND RIGHT END
TURN 143 RESULT
TIME LEFT 0 5 RIGHT 0 5
UPGRADE B 149
MOVE A24 3
MOVE B8 144
END TURN 143
TURN 144
COMMAND LEFT START
COMMAND LEFT END
COMMAND RIGHT START
COMMAND RIGHT END
TURN 144 RESULT
TIME LEFT 0 5 RIGHT 0 5
MOVE A24 12
MOVE B8 151
END TURN 144
TURN 145
COMMAND LEFT START
UPGRADE 43
COMMAND LEFT END
COMMAND RIGHT START
COMMAND RIGHT END
TURN 145 RESULT
TIME LEFT 0 5 RIGHT 0 5
UPGRADE A 43
MOVE A24 14
MOVE B8 164
END TURN 145
TURN 146
COMMAND LEFT START
TRAIN 1
COMMAND LEFT END
COMMAND RIGHT START
MOVE B23 159
COMMAND RIGHT END
TURN 146 RESULT
TIME LEFT 0 5 RIGHT 0 5
TRAIN A25
MOVE A24 15
MOVE B8 173
MOVE B23 107
END TURN 146
TURN 147
COMMAND LEFT START
MOVE A25 43
COMMAND LEFT END
COMMAND RIGHT START
UPGRADE 149
COMMAND RIGHT END
TURN 147 RESULT
TIME LEFT 0 5 RIGHT 0 5
UPGRADE B 149
MOVE A24 25
MOVE A25 5
MOVE B8 191
MOVE B23 117
END TURN 147
TURN 148
COMMAND LEFT START
COMMAND LEFT END
COMMAND RIGHT START
MOVE B12 149
UPGRADE 149
COMMAND RIGHT END
TURN 148 RESULT
TIME LEFT 0 5 RIGHT 0 5
UPGRADE B 149
MOVE A24 37
MOVE A25 17
MOVE B8 196
MOVE B12 107
MOVE B23 136
END TURN 148
TURN 149
COMMAND LEFT START
UPGRADE 47
COMMAND LEFT END
COMMAND RIGHT START
MOVE B16 149
COMMAND RIGHT END
TURN 149 RESULT
TIME LEFT 0 5 RIGHT 0 5
UPGRADE A 47
MOVE A25 19
MOVE B12 117
MOVE B16 107
MOVE B23 148
END TURN 149
TURN 150
COMMAND LEFT START
TRAIN 1
COMMAND LEFT END
COMMAND RIGHT START
COMMAND RIGHT END
TURN 150 RESULT
TIME LEFT 0 5 RIGHT 0 5
TRAIN A26
MOVE A25 30
MOVE B12 136
MOVE B16 117
MOVE B23 162
END TURN 150
TURN 151
COMMAND LEFT START
MOVE A26 47
COMMAND LEFT END
COMMAND RIGHT START
TRAIN 2
COMMAND RIGHT END
TURN 151 RESULT
TIME LEFT 0 5 RIGHT 0 5
TRAIN B26 B27
MOVE A25 43
MOVE A26 3
MOVE B12 148
MOVE B16 136
MOVE B23 159
END TURN 151
TURN 152
COMMAND LEFT START
COMMAND LEFT END
COMMAND RIGHT START
MOVE B27 98
MOVE B26 98
UPGRADE 159
COMMAND RIGHT END
TURN 152 RESULT
TIME LEFT 0 5 RIGHT 0 5
UPGRADE B 159
MOVE A26 12
MOVE B12 149
MOVE B16 148
MOVE B26 191
MOVE B27 191
END TURN 152
TURN 153
COMMAND LEFT START
UPGRADE 63
COMMAND LEFT END
COMMAND RIGHT START
UPGRADE 159
COMMAND RIGHT END
TURN 153 RESULT
TIME LEFT 0 5 RIGHT 0 5
UPGRADE A 63
UPGRADE B 159
MOVE A26 22
MOVE B16 149
MOVE B26 173
MOVE B27 173
END TURN 153
TURN 154
COMMAND LEFT START
TRAIN 1
COMMAND LEFT END
COMMAND RIGHT START
MOVE B18 159
COMMAND RIGHT END
TURN 154 RESULT
TIME LEFT 0 5 RIGHT 0 5
TRAIN A27
MOVE A26 36
MOVE B18 107
MOVE B26 164
MOVE B27 164
END TURN 154
TURN 155
COMMAND LEFT START
MOVE A27 63
COMMAND LEFT END
COMMAND RIGHT START
UPGRADE 159
COMMAND RIGHT END
TURN 155 RESULT
TIME LEFT 0 5 RIGHT 0 5
UPGRADE B 159
MOVE A26 48
MOVE A27 5
MOVE B18 117
MOVE B26 151
MOVE B27 151
END TURN 155
TURN 156
COMMAND LEFT START
UPGRADE 64
COMMAND LEFT END
COMMAND RIGHT START
TRAIN 1
COMMAND RIGHT END
TURN 156 RESULT
TIME LEFT 0 5 RIGHT 0 5
UPGRADE A 64
TRAIN B28
MOVE A26 47
MOVE A27 17
MOVE B18 136
MOVE B26 144
MOVE B27 144
END TURN 156
TURN 157
COMMAND LEFT START
TRAIN 1
COMMAND LEFT END
COMMAND RIGHT START
MOVE B8 159
COMMAND RIGHT END
TURN 157 RESULT
TIME LEFT 0 5 RIGHT 0 5
TRAIN A28
MOVE A27 31
MOVE B8 193
MOVE B18 148
MOVE B26 130
MOVE B27 130
END TURN 157
TURN 158
COMMAND LEFT START
MOVE A28 64
COMMAND LEFT END
COMMAND RIGHT START
TRAIN 2
COMMAND RIGHT END
TURN 158 RESULT
TIME LEFT 0 5 RIGHT 0 5
TRAIN B29 B30
MOVE A27 41
MOVE A28 5
MOVE B8 184
MOVE B18 162
MOVE B26 104
MOVE B27 104
END TURN 158
TURN 159
COMMAND LEFT START
UPGRADE 70
COMMAND LEFT END
COMMAND RIGHT START
MOVE B30 126
MOVE B29 98
COMMAND RIGHT END
TURN 159 RESULT
TIME LEFT 0 5 RIGHT 0 5
UPGRADE A 70
MOVE A27 51
MOVE A28 17
MOVE B8 182
MOVE B18 159
MOVE B26 98
MOVE B27 98
MOVE B29 191
MOVE B30 193
END TURN 159
TURN 160
COMMAND LEFT START
TRAIN 1
COMMAND LEFT END
COMMAND RIGHT START
TRAIN 2
COMMAND RIGHT END
TURN 160 RESULT
TIME LEFT 0 5 RIGHT 0 5
TRAIN A29 B31 B32
MOVE A27 63
MOVE A28 31
MOVE B8 181
MOVE B29 173
MOVE B30 184
END TURN 160
TURN 161
COMMAND LEFT START
MOVE A29 70
COMMAND LEFT END
COMMAND RIGHT START
MOVE B32 98
MOVE B31 98
TRAIN 2
COMMAND RIGHT END
TURN 161 RESULT
TIME LEFT 0 5 RIGHT 0 5
TRAIN B33 B34
MOVE A28 40
MOVE A29 3
MOVE B8 171
MOVE B29 164
MOVE B30 174
MOVE B31 191
MOVE B32 191
END TURN 161
TURN 162
COMMAND LEFT START
UPGRADE 19
COMMAND LEFT END
COMMAND RIGHT START
MOVE B34 98
MOVE B33 98
TRAIN 2
COMMAND RIGHT END
TURN 162 RESULT
TIME LEFT 0 5 RIGHT 0 5
UPGRADE A 19
TRAIN B35 B36
MOVE A28 64
MOVE A29 12
MOVE B8 159
MOVE B29 151
MOVE B30 160
MOVE B31 173
MOVE B32 173
MOVE B33 191
MOVE B34 191
END TURN 162
TURN 163
COMMAND LEFT START
TRAIN 1
COMMAND LEFT END
COMMAND RIGHT START
MOVE B36 98
MOVE B35 98
TRAIN 2
COMMAND RIGHT END
TURN 163 RESULT
TIME LEFT 0 5 RIGHT 0 5
TRAIN A30 B37 B38
MOVE A29 22
MOVE B29 144
MOVE B30 148
MOVE B31 164
MOVE B32 164
MOVE B33 173
MOVE B34 173
MOVE B35 191
MOVE B36 191
END TURN 163
TURN 164
COMMAND LEFT START
MOVE A30 19
COMMAND LEFT END
COMMAND RIGHT START
MOVE B38 98
TRAIN 2
COMMAND RIGHT END
TURN 164 RESULT
TIME LEFT 0 5 RIGHT 0 5
TRAIN B39 B40
MOVE A29 36
MOVE A30 5
MOVE B29 130
MOVE B30 126
MOVE B31 151
MOVE B32 151
MOVE B33 164
MOVE B34 164
MOVE B35 173
MOVE B36 173
MOVE B38 191
END TURN 164
TURN 165
COMMAND LEFT START
UPGRADE 20
COMMAND LEFT END
COMMAND RIGHT START
MOVE B27 133
MOVE B40 98
MOVE B39 98
MOVE B37 98
UPGRADE 126
COMMAND RIGHT END
TURN 165 RESULT
TIME LEFT 0 5 RIGHT 0 5
UPGRADE A 20
UPGRADE B 126
MOVE A29 48
MOVE A30 17
MOVE B27 104
MOVE B29 104
MOVE B31 144
MOVE B32 144
MOVE B33 151
MOVE B34 151
MOVE B35 164
MOVE B36 164
MOVE B37 191
MOVE B38 173
MOVE B39 191
MOVE B40 191
END TURN 165
TURN 166
COMMAND LEFT START
TRAIN 1
COMMAND LEFT END
COMMAND RIGHT START
UPGRADE 126
COMMAND RIGHT END
TURN 166 RESULT
TIME LEFT 0 5 RIGHT 0 5
UPGRADE B 126
TRAIN A31
MOVE A29 70
MOVE A30 19
MOVE B27 111
MOVE B29 98
MOVE B31 130
MOVE B32 130
MOVE B33 144
MOVE B34 144
MOVE B35 151
MOVE B36 151
MOVE B37 173
MOVE B38 164
MOVE B39 173
MOVE B40 173
END TURN 166
TURN 167
COMMAND LEFT START
MOVE A31 20
COMMAND LEFT END
COMMAND RIGHT START
MOVE B20 126
UPGRADE 126
COMMAND RIGHT END
TURN 167 RESULT
TIME LEFT 0 5 RIGHT 0 5
UPGRADE B 126
MOVE A31 3
MOVE B20 107
MOVE B27 114
MOVE B31 104
MOVE B32 104
MOVE B33 130
MOVE B34 130
MOVE B35 144
MOVE B36 144
MOVE B37 164
MOVE B38 151
MOVE B39 164
MOVE B40 164
END TURN 167
TURN 168
COMMAND LEFT START
UPGRADE 37
COMMAND LEFT END
COMMAND RIGHT START
MOVE B21 126
TRAIN 1
COMMAND RIGHT END
TURN 168 RESULT
TIME LEFT 0 5 RIGHT 0 5
UPGRADE A 37
TRAIN B41
MOVE A31 10
MOVE B20 117
MOVE B21 107
MOVE B27 122
MOVE B31 98
MOVE B32 98
MOVE B33 104
MOVE B34 104
MOVE B35 130
MOVE B36 130
MOVE B37 151
MOVE B38 144
MOVE B39 151
MOVE B40 151
END TURN 168
TURN 169
COMMAND LEFT START
TRAIN 1
COMMAND LEFT END
COMMAND RIGHT START
MOVE B41 98
TRAIN 2
COMMAND RIGHT END
TURN 169 RESULT
TIME LEFT 0 5 RIGHT 0 5
TRAIN A32 B42 B43
MOVE A31 20
MOVE B20 115
MOVE B21 117
MOVE B27 123
MOVE B33 98
MOVE B34 98
MOVE B35 104
MOVE B36 104
MOVE B37 144
MOVE B38 130
MOVE B39 144
MOVE B40 144
MOVE B41 191
END TURN 169
TURN 170
COMMAND LEFT START
MOVE A32 37
COMMAND LEFT END
COMMAND RIGHT START
MOVE B43 98
MOVE B42 98
TRAIN 2
COMMAND RIGHT END
TURN 170 RESULT
TIME LEFT 0 5 RIGHT 0 5
TRAIN B44 B45
MOVE A32 3
MOVE B20 126
MOVE B21 115
MOVE B27 133
MOVE B35 98
MOVE B36 98
MOVE B37 130
MOVE B38 104
MOVE B39 130
MOVE B40 130
MOVE B41 173
MOVE B42 191
MOVE B43 191
END TURN 170
TURN 171
COMMAND LEFT START
UPGRADE 43
COMMAND LEFT END
COMMAND RIGHT START
MOVE B36 70
MOVE B45 98
MOVE B44 98
UPGRADE 133
COMMAND RIGHT END
TURN 171 RESULT
TIME LEFT 0 5 RIGHT 0 5
UPGRADE A 43
UPGRADE B 133
MOVE A32 12
MOVE B21 126
MOVE B36 89
MOVE B37 104
MOVE B38 98
MOVE B39 104
MOVE B40 104
MOVE B41 164
MOVE B42 173
MOVE B43 173
MOVE B44 191
MOVE B45 191
END TURN 171
TURN 172
COMMAND LEFT START
TRAIN 1
COMMAND LEFT END
COMMAND RIGHT START
UPGRADE 133
COMMAND RIGHT END
TURN 172 RESULT
TIME LEFT 0 5 RIGHT 0 5
UPGRADE B 133
TRAIN A33
MOVE A32 14
MOVE B36 79
MOVE B37 98
MOVE B39 98
MOVE B40 98
MOVE B41 151
MOVE B42 164
MOVE B43 164
MOVE B44 173
MOVE B45 173
END TURN 172
TURN 173
COMMAND LEFT START
MOVE A33 43
COMMAND LEFT END
COMMAND RIGHT START
MOVE B22 133
MOVE B40 64
COMMAND RIGHT END
TURN 173 RESULT
TIME LEFT 0 5 RIGHT 0 5
MOVE A32 15
MOVE A33 5
MOVE B22 104
MOVE B36 81
MOVE B40 92
MOVE B41 144
MOVE B42 151
MOVE B43 151
MOVE B44 164
MOVE B45 164
END TURN 173
TURN 174
COMMAND LEFT START
UPGRADE 47
COMMAND LEFT END
COMMAND RIGHT START
UPGRADE 133
COMMAND RIGHT END
TURN 174 RESULT
TIME LEFT 0 5 RIGHT 0 5
UPGRADE A 47
UPGRADE B 133
MOVE A32 25
MOVE A33 17
MOVE B22 111
MOVE B36 70
MOVE B40 75
MOVE B41 130
MOVE B42 144
MOVE B43 144
MOVE B44 151
MOVE B45 151
DAMAGE TURRET B36 1
DAMAGE COMBAT A18 1
DAMAGE COMBAT B36 3
END TURN 174
TURN 175
COMMAND LEFT START
TRAIN 1
COMMAND LEFT END
COMMAND RIGHT START
MOVE B26 133
MOVE B39 47
MOVE B38 47
MOVE B37 47
MOVE B35 47
MOVE B34 47
MOVE B33 47
MOVE B32 47
COMMAND RIGHT END
TURN 175 RESULT
TIME LEFT 0 5 RIGHT 0 5
TRAIN A34
MOVE A32 37
MOVE A33 19
MOVE B22 114
MOVE B26 104
MOVE B32 89
MOVE B33 89
MOVE B34 89
MOVE B35 89
MOVE B37 89
MOVE B38 89
MOVE B39 89
MOVE B40 64
MOVE B41 104
MOVE B42 130
MOVE B43 130
MOVE B44 144
MOVE B45 144
DAMAGE TURRET B36 1
DAMAGE TURRET B40 1
DAMAGE COMBAT A12 1
DAMAGE COMBAT A18 1
DAMAGE COMBAT B36 2
DAMAGE COMBAT B40 4
END TURN 175
TURN 176
COMMAND LEFT START
MOVE A34 37
TRAIN 1
COMMAND LEFT END
COMMAND RIGHT START
TRAIN 2
COMMAND RIGHT END
TURN 176 RESULT
TIME LEFT 0 5 RIGHT 0 5
TRAIN A35 B46 B47
MOVE A33 30
MOVE A34 3
MOVE B22 122
MOVE B26 111
MOVE B32 79
MOVE B33 79
MOVE B34 79
MOVE B35 79
MOVE B37 79
MOVE B38 79
MOVE B39 79
MOVE B41 98
MOVE B42 104
MOVE B43 104
MOVE B44 130
MOVE B45 130
DAMAGE TURRET B40 1
DAMAGE COMBAT A12 1
DAMAGE COMBAT B40 1
END TURN 176
TURN 177
COMMAND LEFT START
MOVE A35 47
UPGRADE 63
COMMAND LEFT END
COMMAND RIGHT START
MOVE B47 98
MOVE B46 98
TRAIN 2
COMMAND RIGHT END
TURN 177 RESULT
TIME LEFT 0 5 RIGHT 0 5
UPGRADE A 63
TRAIN B48 B49
MOVE A33 43
MOVE A34 12
MOVE A35 3
MOVE B22 123
MOVE B26 114
MOVE B32 60
MOVE B33 60
MOVE B34 60
MOVE B35 60
MOVE B37 60
MOVE B38 60
MOVE B39 60
MOVE B42 98
MOVE B43 98
MOVE B44 104
MOVE B45 104
MOVE B46 191
MOVE B47 191
END TURN 177
TURN 178
COMMAND LEFT START
TRAIN 1
COMMAND LEFT END
COMMAND RIGHT START
MOVE B43 64
MOVE B49 98
MOVE B48 98
TRAIN 1
COMMAND RIGHT END
TURN 178 RESULT
TIME LEFT 0 5 RIGHT 0 5
TRAIN A36 B50
MOVE A34 14
MOVE A35 12
MOVE B22 133
MOVE B26 122
MOVE B32 48
MOVE B33 48
MOVE B34 48
MOVE B35 48
MOVE B37 48
MOVE B38 48
MOVE B39 48
MOVE B43 92
MOVE B44 98
MOVE B45 98
MOVE B46 173
MOVE B47 173
MOVE B48 191
MOVE B49 191
END TURN 178
TURN 179
COMMAND LEFT START
MOVE A36 63
COMMAND LEFT END
COMMAND RIGHT START
MOVE B50 98
MOVE B45 63
TRAIN 2
COMMAND RIGHT END
TURN 179 RESULT
TIME LEFT 0 5 RIGHT 0 5
TRAIN B51 B52
MOVE A34 15
MOVE A35 22
MOVE A36 5
MOVE B26 123
MOVE B32 47
MOVE B33 47
MOVE B34 47
MOVE B35 47
MOVE B37 47
MOVE B38 47
MOVE B39 47
MOVE B43 75
MOVE B45 92
MOVE B46 164
MOVE B47 164
MOVE B48 173
MOVE B49 173
MOVE B50 191
DAMAGE TURRET B32 2
DAMAGE COMBAT A14 5
DAMAGE COMBAT A15 2
DAMAGE COMBAT B32 3
END TURN 179
TURN 180
COMMAND LEFT START
UPGRADE 64
TRAIN 2
COMMAND LEFT END
COMMAND RIGHT START
MOVE B52 98
MOVE B51 98
TRAIN 2
COMMAND RIGHT END
TURN 180 RESULT
TIME LEFT 0 5 RIGHT 0 5
UPGRADE A 64
TRAIN A37 A38 B53 B54
MOVE A34 25
MOVE A35 36
MOVE A36 17
MOVE B26 133
MOVE B43 64
MOVE B45 85
MOVE B46 151
MOVE B47 151
MOVE B48 164
MOVE B49 164
MOVE B50 173
MOVE B51 191
MOVE B52 191
DAMAGE TURRET B32 2
DAMAGE TURRET B43 2
DAMAGE COMBAT A12 1
DAMAGE COMBAT A15 3
DAMAGE COMBAT A26 4
DAMAGE COMBAT B33 2
DAMAGE COMBAT B43 4
END TURN 180
TURN 181
COMMAND LEFT START
MOVE A6 37
MOVE A23 37
MOVE A37 37
MOVE A38 37
MOVE A22 37
TRAIN 2
COMMAND LEFT END
COMMAND RIGHT START
MOVE B54 98
MOVE B53 98
TRAIN 2
COMMAND RIGHT END
TURN 181 RESULT
TIME LEFT 0 5 RIGHT 0 5
TRAIN A39 A40 B55 B56
MOVE A6 3
MOVE A23 3
MOVE A34 37
MOVE A35 48
MOVE A36 31
MOVE A37 3
MOVE A38 3
MOVE B45 82
MOVE B46 144
MOVE B47 144
MOVE B48 151
MOVE B49 151
MOVE B50 164
MOVE B51 173
MOVE B52 173
MOVE B53 191
MOVE B54 191
DAMAGE TURRET B33 2
DAMAGE TURRET B43 1
DAMAGE COMBAT A13 1
DAMAGE COMBAT A26 2
DAMAGE COMBAT B33 1
SIEGE A 47 4
END TURN 181
TURN 182
COMMAND LEFT START
MOVE A34 47
MOVE A39 47
MOVE A40 47
TRAIN 2
COMMAND LEFT END
COMMAND RIGHT START
MOVE B56 98
MOVE B55 98
TRAIN 2
COMMAND RIGHT END
TURN 182 RESULT
TIME LEFT 0 5 RIGHT 0 5
TRAIN A41 A42 B57 B58
MOVE A6 12
MOVE A22 56
MOVE A23 12
MOVE A34 34
MOVE A35 47
MOVE A36 41
MOVE A37 12
MOVE A38 12
MOVE A39 3
MOVE A40 3
MOVE B45 74
MOVE B46 130
MOVE B47 130
MOVE B48 144
MOVE B49 144
MOVE B50 151
MOVE B51 164
MOVE B52 164
MOVE B53 173
MOVE B54 173
MOVE B55 191
MOVE B56 191
DAMAGE TURRET B33 2
DAMAGE COMBAT A35 6
DAMAGE COMBAT B34 1
END TURN 182
TURN 183
COMMAND LEFT START
TRAIN 2
COMMAND LEFT END
COMMAND RIGHT START
MOVE B58 98
MOVE B57 98
MOVE B44 20
TRAIN 2
COMMAND RIGHT END
TURN 183 RESULT
TIME LEFT 0 5 RIGHT 0 5
TRAIN A43 A44 B59 B60
MOVE A6 14
MOVE A22 52
MOVE A23 14
MOVE A34 47
MOVE A36 51
MOVE A37 14
MOVE A38 14
MOVE A39 12
MOVE A40 12
MOVE B44 92
MOVE B45 73
MOVE B46 104
MOVE B47 104
MOVE B48 130
MOVE B49 130
MOVE B50 144
MOVE B51 151
MOVE B52 151
MOVE B53 164
MOVE B54 164
MOVE B55 173
MOVE B56 173
MOVE B57 191
MOVE B58 191
DAMAGE TURRET B34 2
DAMAGE COMBAT A34 5
DAMAGE COMBAT B34 1
END TURN 183
TURN 184
COMMAND LEFT START
MOVE A34 37
TRAIN 2
COMMAND LEFT END
COMMAND RIGHT START
MOVE B60 98
MOVE B59 98
TRAIN 2
COMMAND RIGHT END
TURN 184 RESULT
TIME LEFT 0 5 RIGHT 0 5
TRAIN A45 A46 B61 B62
MOVE A6 15
MOVE A22 39
MOVE A23 15
MOVE A36 63
MOVE A37 15
MOVE A38 15
MOVE A39 22
MOVE A40 22
MOVE B44 66
MOVE B45 63
MOVE B46 98
MOVE B47 98
MOVE B48 104
MOVE B49 104
MOVE B50 130
MOVE B51 144
MOVE B52 144
MOVE B53 151
MOVE B54 151
MOVE B55 164
MOVE B56 164
MOVE B57 173
MOVE B58 173
MOVE B59 191
MOVE B60 191
DAMAGE TURRET B34 2
DAMAGE TURRET B45 2
DAMAGE COMBAT A16 1
DAMAGE COMBAT A34 1
DAMAGE COMBAT B34 1
DAMAGE COMBAT B45 4
SIEGE A 47 4
END TURN 184
TURN 185
COMMAND LEFT START
MOVE A41 47
MOVE A42 47
MOVE A43 47
MOVE A44 47
MOVE A45 47
MOVE A46 47
TRAIN 2
COMMAND LEFT END
COMMAND RIGHT START
MOVE B62 98
MOVE B61 98
TRAIN 2
COMMAND RIGHT END
TURN 185 RESULT
TIME LEFT 0 5 RIGHT 0 5
TRAIN A47 A48 B63 B64
MOVE A6 25
MOVE A22 42
MOVE A23 25
MOVE A37 25
MOVE A38 25
MOVE A39 36
MOVE A40 36
MOVE A41 3
MOVE A42 3
MOVE A43 3
MOVE A44 3
MOVE A45 3
MOVE A46 3
MOVE B44 55
MOVE B48 98
MOVE B49 98
MOVE B50 104
MOVE B51 130
MOVE B52 130
MOVE B53 144
MOVE B54 144
MOVE B55 151
MOVE B56 151
MOVE B57 164
MOVE B58 164
MOVE B59 173
MOVE B60 173
MOVE B61 191
MOVE B62 191
DAMAGE TURRET B35 2
DAMAGE TURRET B45 1
DAMAGE COMBAT A16 1
SIEGE A 47 4
END TURN 185
TURN 186
COMMAND LEFT START
TRAIN 2
COMMAND LEFT END
COMMAND RIGHT START
MOVE B64 98
MOVE B63 98
TRAIN 2
COMMAND RIGHT END
TURN 186 RESULT
TIME LEFT 0 5 RIGHT 0 5
TRAIN A49 A50 B65 B66
MOVE A6 37
MOVE A22 48
MOVE A23 37
MOVE A37 37
MOVE A38 37
MOVE A39 48
MOVE A40 48
MOVE A41 12
MOVE A42 12
MOVE A43 12
MOVE A44 12
MOVE A45 12
MOVE A46 12
MOVE B44 39
MOVE B50 98
MOVE B51 104
MOVE B52 104
MOVE B53 130
MOVE B54 130
MOVE B55 144
MOVE B56 144
MOVE B57 151
MOVE B58 151
MOVE B59 164
MOVE B60 164
MOVE B61 173
MOVE B62 173
MOVE B63 191
MOVE B64 191
DAMAGE TURRET B35 2
SIEGE A 47 4
END TURN 186
TURN 187
COMMAND LEFT START
MOVE A6 47
MOVE A23 47
MOVE A37 47
MOVE A38 47
MOVE A47 47
MOVE A48 47
MOVE A49 47
MOVE A50 47
TRAIN 2
COMMAND LEFT END
COMMAND RIGHT START
MOVE B66 98
MOVE B65 98
MOVE B50 64
TRAIN 2
COMMAND RIGHT END
TURN 187 RESULT
TIME LEFT 0 5 RIGHT 0 5
TRAIN A51 A52 B67 B68
MOVE A6 34
MOVE A22 34
MOVE A23 34
MOVE A37 34
MOVE A38 34
MOVE A39 47
MOVE A40 47
MOVE A41 22
MOVE A42 22
MOVE A43 22
MOVE A44 22
MOVE A45 22
MOVE A46 22
MOVE A47 3
MOVE A48 3
MOVE A49 3
MOVE A50 3
MOVE B44 29
MOVE B50 92
MOVE B51 98
MOVE B52 98
MOVE B53 104
MOVE B54 104
MOVE B55 130
MOVE B56 130
MOVE B57 144
MOVE B58 144
MOVE B59 151
MOVE B60 151
MOVE B61 164
MOVE B62 164
MOVE B63 173
MOVE B64 173
MOVE B65 191
MOVE B66 191
DAMAGE TURRET B35 2
DAMAGE COMBAT A39 4
DAMAGE COMBAT B35 1
DAMAGE COMBAT B37 1
END TURN 187
TURN 188
COMMAND LEFT START
MOVE A39 64
MOVE A40 37
TRAIN 2
COMMAND LEFT END
COMMAND RIGHT START
MOVE B68 98
MOVE B67 98
MOVE B52 63
TRAIN 2
COMMAND RIGHT END
TURN 188 RESULT
TIME LEFT 0 5 RIGHT 0 5
TRAIN A53 A54 B69 B70
MOVE A6 47
MOVE A22 37
MOVE A23 47
MOVE A37 47
MOVE A38 47
MOVE A41 36
MOVE A42 36
MOVE A43 36
MOVE A44 36
MOVE A45 36
MOVE A46 36
MOVE A47 12
MOVE A48 12
MOVE A49 12
MOVE A50 12
MOVE B44 20
MOVE B50 75
MOVE B52 92
MOVE B53 98
MOVE B54 98
MOVE B55 104
MOVE B56 104
MOVE B57 130
MOVE B58 130
MOVE B59 144
MOVE B60 144
MOVE B61 151
MOVE B62 151
MOVE B63 164
MOVE B64 164
MOVE B65 173
MOVE B66 173
MOVE B67 191
MOVE B68 191
DAMAGE TURRET B37 2
DAMAGE TURRET B44 2
DAMAGE COMBAT A3 1
DAMAGE COMBAT A6 1
DAMAGE COMBAT A39 2
DAMAGE COMBAT B37 4
DAMAGE COMBAT B38 2
DAMAGE COMBAT B44 4
END TURN 188
TURN 189
COMMAND LEFT START
MOVE A22 20
MOVE A51 20
MOVE A52 20
MOVE A53 20
MOVE A54 20
MOVE A6 37
MOVE A23 64
MOVE A37 64
MOVE A38 64
TRAIN 2
COMMAND LEFT END
COMMAND RIGHT START
MOVE B70 98
MOVE B69 98
TRAIN 2
COMMAND RIGHT END
TURN 189 RESULT
TIME LEFT 0 5 RIGHT 0 5
TRAIN A55 A56 B71 B72
MOVE A22 34
MOVE A41 48
MOVE A42 48
MOVE A43 48
MOVE A44 48
MOVE A45 48
MOVE A46 48
MOVE A47 22
MOVE A48 22
MOVE A49 22
MOVE A50 22
MOVE A51 3
MOVE A52 3
MOVE A53 3
MOVE A54 3
MOVE B50 64
MOVE B52 85
MOVE B55 98
MOVE B56 98
MOVE B57 104
MOVE B58 104
MOVE B59 130
MOVE B60 130
MOVE B61 144
MOVE B62 144
MOVE B63 151
MOVE B64 151
MOVE B65 164
MOVE B66 164
MOVE B67 173
MOVE B68 173
MOVE B69 191
MOVE B70 191
DAMAGE TURRET B38 2
DAMAGE TURRET B44 1
DAMAGE TURRET B50 2
DAMAGE COMBAT A3 1
DAMAGE COMBAT A6 2
DAMAGE COMBAT A13 1
DAMAGE COMBAT B38 3
DAMAGE COMBAT B39 2
DAMAGE COMBAT B50 2
END TURN 189
TURN 190
COMMAND LEFT START
TRAIN 2
COMMAND LEFT END
COMMAND RIGHT START
MOVE B72 98
MOVE B71 98
TRAIN 2
COMMAND RIGHT END
TURN 190 RESULT
TIME LEFT 0 5 RIGHT 0 5
TRAIN A57 A58 B73 B74
MOVE A22 24
MOVE A41 47
MOVE A42 47
MOVE A43 47
MOVE A44 47
MOVE A45 47
MOVE A46 47
MOVE A47 36
MOVE A48 36
MOVE A49 36
MOVE A50 36
MOVE A51 10
MOVE A52 10
MOVE A53 10
MOVE A54 10
MOVE B52 82
MOVE B57 98
MOVE B58 98
MOVE B59 104
MOVE B60 104
MOVE B61 130
MOVE B62 130
MOVE B63 144
MOVE B64 144
MOVE B65 151
MOVE B66 151
MOVE B67 164
MOVE B68 164
MOVE B69 173
MOVE B70 173
MOVE B71 191
MOVE B72 191
DAMAGE TURRET B39 2
DAMAGE TURRET B50 2
DAMAGE COMBAT A6 1
DAMAGE COMBAT A13 1
DAMAGE COMBAT B39 3
DAMAGE COMBAT B50 1
END TURN 190
TURN 191
COMMAND LEFT START
MOVE A41 98
MOVE A42 37
MOVE A43 98
MOVE A44 98
MOVE A45 37
MOVE A46 98
UPGRADE 47
TRAIN 2
COMMAND LEFT END
COMMAND RIGHT START
COMMAND RIGHT END
TURN 191 RESULT
TIME LEFT 0 5 RIGHT 0 5
UPGRADE A 47
TRAIN A59 A60
MOVE A6 34
MOVE A22 22
MOVE A23 48
MOVE A37 48
MOVE A38 48
MOVE A40 34
MOVE A41 48
MOVE A42 34
MOVE A43 48
MOVE A44 48
MOVE A45 34
MOVE A46 48
MOVE A47 48
MOVE A48 48
MOVE A49 48
MOVE A50 48
MOVE A51 20
MOVE A52 20
MOVE A53 20
MOVE A54 20
MOVE B52 74
MOVE B59 98
MOVE B60 98
MOVE B61 104
MOVE B62 104
MOVE B63 130
MOVE B64 130
MOVE B65 144
MOVE B66 144
MOVE B67 151
MOVE B68 151
MOVE B69 164
MOVE B70 164
MOVE B71 173
MOVE B72 173
END TURN 191
TURN 192
COMMAND LEFT START
MOVE A58 64
MOVE A59 47
MOVE A60 47
MOVE A51 98
MOVE A52 98
MOVE A53 98
MOVE A54 37
TRAIN 1
COMMAND LEFT END
COMMAND RIGHT START
UPGRADE 196
COMMAND RIGHT END
TURN 192 RESULT
TIME LEFT 0 5 RIGHT 0 5
UPGRADE B 196
TRAIN A61
MOVE A6 37
MOVE A22 20
MOVE A23 42
MOVE A37 42
MOVE A38 42
MOVE A40 37
MOVE A41 60
MOVE A42 37
MOVE A43 60
MOVE A44 60
MOVE A45 37
MOVE A46 60
MOVE A47 47
MOVE A48 47
MOVE A49 47
MOVE A50 47
MOVE A51 29
MOVE A52 29
MOVE A53 29
MOVE A54 22
MOVE A58 5
MOVE A59 3
MOVE A60 3
MOVE B52 73
MOVE B61 98
MOVE B62 98
MOVE B63 104
MOVE B64 104
MOVE B65 130
MOVE B66 130
MOVE B67 144
MOVE B68 144
MOVE B69 151
MOVE B70 151
MOVE B71 164
MOVE B72 164
END TURN 192
TURN 193
COMMAND LEFT START
MOVE A61 47
MOVE A22 98
MOVE A47 37
MOVE A48 98
MOVE A49 98
MOVE A50 98
TRAIN 1
COMMAND LEFT END
COMMAND RIGHT START
MOVE B62 64
MOVE B61 64
MOVE B60 64
MOVE B59 64
MOVE B58 64
MOVE B57 64
MOVE B56 64
MOVE B55 64
MOVE B54 64
MOVE B53 64
MOVE B51 64
MOVE B49 64
MOVE B48 64
MOVE B47 64
MOVE B46 64
MOVE B42 64
MOVE B41 64
COMMAND RIGHT END
TURN 193 RESULT
TIME LEFT 0 5 RIGHT 0 5
TRAIN A62
MOVE A22 29
MOVE A23 39
MOVE A37 39
MOVE A38 39
MOVE A41 79
MOVE A43 79
MOVE A44 79
MOVE A46 79
MOVE A47 34
MOVE A48 48
MOVE A49 48
MOVE A50 48
MOVE A51 39
MOVE A52 39
MOVE A53 39
MOVE A54 24
MOVE A58 17
MOVE A59 12
MOVE A60 12
MOVE A61 3
MOVE B41 92
MOVE B42 92
MOVE B46 92
MOVE B47 92
MOVE B48 92
MOVE B49 92
MOVE B51 92
MOVE B52 63
MOVE B53 92
MOVE B54 92
MOVE B55 92
MOVE B56 92
MOVE B57 92
MOVE B58 92
MOVE B59 92
MOVE B60 92
MOVE B61 92
MOVE B62 92
MOVE B63 98
MOVE B64 98
MOVE B65 104
MOVE B66 104
MOVE B67 130
MOVE B68 130
MOVE B69 144
MOVE B70 144
MOVE B71 151
MOVE B72 151
DAMAGE TURRET B52 2
DAMAGE COMBAT A16 1
DAMAGE COMBAT B52 4
END TURN 193
TURN 194
COMMAND LEFT START
MOVE A6 63
MOVE A40 63
MOVE A42 63
MOVE A45 63
MOVE A55 63
MOVE A56 63
MOVE A62 63
TRAIN 1
COMMAND LEFT END
COMMAND RIGHT START
MOVE B74 98
TRAIN 1
COMMAND RIGHT END
TURN 194 RESULT
TIME LEFT 0 5 RIGHT 0 5
TRAIN A63 B75
MOVE A6 34
MOVE A22 39
MOVE A23 52
MOVE A37 52
MOVE A38 52
MOVE A40 34
MOVE A41 89
MOVE A42 34
MOVE A43 89
MOVE A44 89
MOVE A45 34
MOVE A46 89
MOVE A47 37
MOVE A48 60
MOVE A49 60
MOVE A50 60
MOVE A51 55
MOVE A52 55
MOVE A53 55
MOVE A54 34
MOVE A55 5
MOVE A56 5
MOVE A58 31
MOVE A59 22
MOVE A60 22
MOVE A61 12
MOVE A62 5
MOVE B41 75
MOVE B42 75
MOVE B46 75
MOVE B47 75
MOVE B48 75
MOVE B49 75
MOVE B51 75
MOVE B53 75
MOVE B54 75
MOVE B55 75
MOVE B56 75
MOVE B57 75
MOVE B58 75
MOVE B59 75
MOVE B60 75
MOVE B61 75
MOVE B62 75
MOVE B65 98
MOVE B66 98
MOVE B67 104
MOVE B68 104
MOVE B69 130
MOVE B70 130
MOVE B71 144
MOVE B72 144
MOVE B74 191
DAMAGE TURRET B52 1
DAMAGE COMBAT A16 1
END TURN 194
TURN 195
COMMAND LEFT START
TRAIN 1
COMMAND LEFT END
COMMAND RIGHT START
MOVE B66 63
MOVE B75 98
COMMAND RIGHT END
TURN 195 RESULT
TIME LEFT 0 5 RIGHT 1 5
TRAIN A64
MOVE A6 48
MOVE A22 55
MOVE A23 56
MOVE A37 56
MOVE A38 56
MOVE A40 48
MOVE A41 98
MOVE A42 48
MOVE A43 98
MOVE A44 98
MOVE A45 48
MOVE A46 98
MOVE A48 79
MOVE A49 79
MOVE A50 79
MOVE A51 66
MOVE A52 66
MOVE A53 66
MOVE A54 37
MOVE A55 17
MOVE A56 17
MOVE A58 40
MOVE A59 36
MOVE A60 36
MOVE A61 22
MOVE A62 17
MOVE B41 64
MOVE B42 64
MOVE B46 64
MOVE B47 64
MOVE B48 64
MOVE B49 64
MOVE B51 64
MOVE B53 64
MOVE B54 64
MOVE B55 64
MOVE B56 64
MOVE B57 64
MOVE B58 64
MOVE B59 64
MOVE B60 64
MOVE B61 64
MOVE B62 64
MOVE B66 92
MOVE B67 98
MOVE B68 98
MOVE B69 104
MOVE B70 104
MOVE B71 130
MOVE B72 130
MOVE B74 173
MOVE B75 191
DAMAGE TURRET A41 2
DAMAGE TURRET B41 2
DAMAGE COMBAT A13 2
DAMAGE COMBAT A28 6
DAMAGE COMBAT A41 4
DAMAGE COMBAT A43 3
DAMAGE COMBAT B29 4
DAMAGE COMBAT B41 2
SIEGE A 64 9
END TURN 195
TURN 196
COMMAND LEFT START
MOVE A43 64
MOVE A44 64
MOVE A46 64
TRAIN 2
COMMAND LEFT END
COMMAND RIGHT START
TRAIN 2
COMMAND RIGHT END
TURN 196 RESULT
TIME LEFT 0 5 RIGHT 0 5
TRAIN A65 A66 B76 B77
MOVE A6 42
MOVE A22 66
MOVE A23 64
MOVE A37 64
MOVE A38 64
MOVE A40 42
MOVE A42 42
MOVE A45 42
MOVE A48 89
MOVE A49 89
MOVE A50 89
MOVE A51 92
MOVE A52 92
MOVE A53 92
MOVE A55 31
MOVE A56 31
MOVE A58 64
MOVE A59 48
MOVE A60 48
MOVE A61 36
MOVE A62 31
MOVE B66 85
MOVE B69 98
MOVE B70 98
MOVE B71 104
MOVE B72 104
MOVE B74 164
MOVE B75 173
DAMAGE TURRET A43 2
DAMAGE TURRET B41 2
DAMAGE COMBAT A23 6
DAMAGE COMBAT A37 6
DAMAGE COMBAT A38 5
DAMAGE COMBAT A43 1
DAMAGE COMBAT A44 6
DAMAGE COMBAT A46 2
DAMAGE COMBAT B29 3
DAMAGE COMBAT B41 1
DAMAGE COMBAT B42 3
END TURN 196
TURN 197
COMMAND LEFT START
MOVE A47 64
MOVE A54 64
MOVE A63 64
MOVE A64 64
MOVE A65 64
MOVE A66 64
TRAIN 2
COMMAND LEFT END
COMMAND RIGHT START
MOVE B77 132
MOVE B76 132
TRAIN 3
COMMAND RIGHT END
TURN 197 RESULT
TIME LEFT 0 5 RIGHT 0 5
TRAIN A67 A68 B78 B79 B80
MOVE A6 39
MOVE A22 92
MOVE A40 39
MOVE A42 39
MOVE A45 39
MOVE A47 34
MOVE A48 98
MOVE A49 98
MOVE A50 98
MOVE A51 98
MOVE A52 98
MOVE A53 98
MOVE A54 34
MOVE A55 41
MOVE A56 41
MOVE A59 47
MOVE A60 47
MOVE A61 48
MOVE A62 41
MOVE A63 5
MOVE A64 5
MOVE A65 5
MOVE A66 5
MOVE B66 82
MOVE B71 98
MOVE B72 98
MOVE B74 151
MOVE B75 164
MOVE B76 191
MOVE B77 191
DAMAGE TURRET A46 2
DAMAGE TURRET B42 2
DAMAGE COMBAT A38 1
DAMAGE COMBAT A46 2
DAMAGE COMBAT A48 6
DAMAGE COMBAT A49 2
DAMAGE COMBAT A58 6
DAMAGE COMBAT B31 7
DAMAGE COMBAT B42 2
SIEGE A 64 9
END TURN 197
TURN 198
COMMAND LEFT START
MOVE A49 70
MOVE A50 70
MOVE A51 70
MOVE A52 70
MOVE A53 70
TRAIN 1
COMMAND LEFT END
COMMAND RIGHT START
MOVE B80 132
MOVE B79 132
MOVE B78 132
UPGRADE 64
TRAIN 2
COMMAND RIGHT END
TURN 198 RESULT
TIME LEFT 0 5 RIGHT 0 5
UPGRADE B 64
TRAIN A69 B81 B82
MOVE A6 45
MOVE A22 98
MOVE A40 45
MOVE A42 45
MOVE A45 45
MOVE A47 48
MOVE A54 48
MOVE A55 51
MOVE A56 51
MOVE A61 47
MOVE A62 51
MOVE A63 17
MOVE A64 17
MOVE A65 17
MOVE A66 17
MOVE B66 74
MOVE B74 144
MOVE B75 151
MOVE B76 179
MOVE B77 179
MOVE B78 191
MOVE B79 191
MOVE B80 191
DAMAGE TURRET A49 2
DAMAGE COMBAT A22 5
DAMAGE COMBAT A49 2
DAMAGE COMBAT A50 2
DAMAGE COMBAT B63 6
END TURN 198
TURN 199
COMMAND LEFT START
MOVE A57 47
MOVE A69 70
UPGRADE 70
COMMAND LEFT END
COMMAND RIGHT START
MOVE B82 64
MOVE B81 64
UPGRADE 64
COMMAND RIGHT END
TURN 199 RESULT
TIME LEFT 0 5 RIGHT 0 5
UPGRADE B 64
UPGRADE A 70
MOVE A6 40
MOVE A40 40
MOVE A42 40
MOVE A45 40
MOVE A47 42
MOVE A54 42
MOVE A55 63
MOVE A56 63
MOVE A57 3
MOVE A62 63
MOVE A63 31
MOVE A64 31
MOVE A65 31
MOVE A66 31
MOVE A69 3
MOVE B66 73
MOVE B74 130
MOVE B75 144
MOVE B76 165
MOVE B77 165
MOVE B78 179
MOVE B79 179
MOVE B80 179
MOVE B81 191
MOVE B82 191
DAMAGE TURRET A50 2
DAMAGE COMBAT A50 2
DAMAGE COMBAT A51 6
DAMAGE COMBAT A52 1
DAMAGE COMBAT B63 1
DAMAGE COMBAT B64 3
END TURN 199
TURN 200
COMMAND LEFT START
MOVE A55 70
MOVE A56 70
MOVE A62 37
TRAIN 1
COMMAND LEFT END
COMMAND RIGHT START
UPGRADE 64
COMMAND RIGHT END
TURN 200 RESULT
TIME LEFT 0 5 RIGHT 0 5
UPGRADE B 64
TRAIN A70
MOVE A6 53
MOVE A40 53
MOVE A42 53
MOVE A45 53
MOVE A47 39
MOVE A54 39
MOVE A55 73
MOVE A56 73
MOVE A57 12
MOVE A62 51
MOVE A63 40
MOVE A64 40
MOVE A65 40
MOVE A66 40
MOVE A69 12
MOVE B66 63
MOVE B74 104
MOVE B75 130
MOVE B76 156
MOVE B77 156
MOVE B78 165
MOVE B79 165
MOVE B80 165
MOVE B81 173
MOVE B82 173
DAMAGE TURRET A52 2
DAMAGE TURRET B66 2
DAMAGE COMBAT A16 1
DAMAGE COMBAT A52 3
DAMAGE COMBAT A53 5
DAMAGE COMBAT B64 2
DAMAGE COMBAT B66 4
END TURN 200
TURN 201
COMMAND LEFT START
MOVE A70 70
TRAIN 2
COMMAND LEFT END
COMMAND RIGHT START
MOVE B62 70
COMMAND RIGHT END
TURN 201 RESULT
TIME LEFT 0 5 RIGHT 0 5
TRAIN A71 A72
MOVE A6 51
MOVE A40 51
MOVE A42 51
MOVE A45 51
MOVE A47 52
MOVE A54 52
MOVE A55 62
MOVE A56 62
MOVE A57 22
MOVE A62 53
MOVE A63 64
MOVE A64 64
MOVE A65 64
MOVE A66 64
MOVE A69 22
MOVE A70 3
MOVE B62 56
MOVE B74 98
MOVE B75 104
MOVE B76 132
MOVE B77 132
MOVE B78 156
MOVE B79 156
MOVE B80 156
MOVE B81 164
MOVE B82 164
DAMAGE TURRET A53 1
DAMAGE TURRET A63 2
DAMAGE TURRET B66 1
DAMAGE COMBAT A17 1
DAMAGE COMBAT A63 4
DAMAGE COMBAT A64 6
DAMAGE COMBAT A65 4
DAMAGE COMBAT B46 4
DAMAGE COMBAT B64 1
END TURN 201
TURN 202
COMMAND LEFT START
MOVE A71 63
MOVE A72 70
MOVE A65 37
MOVE A66 70
COMMAND LEFT END
COMMAND RIGHT START
MOVE B77 98
MOVE B76 98
TRAIN 3
COMMAND RIGHT END
TURN 202 RESULT
TIME LEFT 0 5 RIGHT 0 5
TRAIN B83 B84 B85
MOVE A6 63
MOVE A40 63
MOVE A42 63
MOVE A45 63
MOVE A47 56
MOVE A54 56
MOVE A55 64
MOVE A56 64
MOVE A57 36
MOVE A62 40
MOVE A69 36
MOVE A70 12
MOVE A71 5
MOVE A72 3
MOVE B62 52
MOVE B75 98
MOVE B76 121
MOVE B77 121
MOVE B78 132
MOVE B79 132
MOVE B80 132
MOVE B81 151
MOVE B82 151
DAMAGE TURRET A65 2
DAMAGE COMBAT A55 6
DAMAGE COMBAT A56 6
DAMAGE COMBAT A66 2
DAMAGE COMBAT B46 3
DAMAGE COMBAT B47 1
END TURN 202
TURN 203
COMMAND LEFT START
MOVE A6 37
MOVE A40 37
MOVE A42 37
MOVE A45 37
COMMAND LEFT END
COMMAND RIGHT START
MOVE B85 98
MOVE B80 98
MOVE B79 98
MOVE B78 98
MOVE B84 98
MOVE B83 98
TRAIN 3
COMMAND RIGHT END
TURN 203 RESULT
TIME LEFT 0 5 RIGHT 0 5
TRAIN B86 B87 B88
MOVE A6 51
MOVE A40 51
MOVE A42 51
MOVE A45 51
MOVE A47 64
MOVE A54 64
MOVE A57 48
MOVE A62 45
MOVE A69 48
MOVE A70 22
MOVE A71 17
MOVE A72 12
MOVE B62 55
MOVE B76 104
MOVE B77 104
MOVE B78 121
MOVE B79 121
MOVE B80 121
MOVE B81 144
MOVE B82 144
MOVE B83 191
MOVE B84 191
MOVE B85 191
DAMAGE TURRET A66 2
DAMAGE COMBAT A47 6
DAMAGE COMBAT A54 5
DAMAGE COMBAT A66 2
DAMAGE COMBAT B47 3
END TURN 203
TURN 204
COMMAND LEFT START
MOVE A54 37
COMMAND LEFT END
COMMAND RIGHT START
MOVE B88 98
MOVE B87 98
MOVE B86 98
TRAIN 3
COMMAND RIGHT END
TURN 204 RESULT
TIME LEFT 0 5 RIGHT 0 5
TRAIN B89 B90 B91
MOVE A6 53
MOVE A40 53
MOVE A42 53
MOVE A45 53
MOVE A57 47
MOVE A62 39
MOVE A69 70
MOVE A70 36
MOVE A71 31
MOVE A72 22
MOVE B62 57
MOVE B76 98
MOVE B77 98
MOVE B78 104
MOVE B79 104
MOVE B80 104
MOVE B81 130
MOVE B82 130
MOVE B83 173
MOVE B84 173
MOVE B85 173
MOVE B86 191
MOVE B87 191
MOVE B88 191
DAMAGE TURRET A54 1
DAMAGE COMBAT B47 1
END TURN 204
TURN 205
COMMAND LEFT START
COMMAND LEFT END
COMMAND RIGHT START
MOVE B61 63
MOVE B60 98
MOVE B59 98
MOVE B58 98
MOVE B57 98
MOVE B56 98
MOVE B55 98
MOVE B54 98
MOVE B53 98
MOVE B51 98
MOVE B91 98
MOVE B90 98
COMMAND RIGHT END
TURN 205 RESULT
TIME LEFT 0 5 RIGHT 0 5
MOVE A6 40
MOVE A40 40
MOVE A42 40
MOVE A45 40
MOVE A62 42
MOVE A70 48
MOVE A71 41
MOVE A72 36
MOVE B51 75
MOVE B53 75
MOVE B54 75
MOVE B55 75
MOVE B56 75
MOVE B57 75
MOVE B58 75
MOVE B59 75
MOVE B60 75
MOVE B61 62
MOVE B62 60
MOVE B78 98
MOVE B79 98
MOVE B80 98
MOVE B81 120
MOVE B82 120
MOVE B83 164
MOVE B84 164
MOVE B85 164
MOVE B86 173
MOVE B87 173
MOVE B88 173
MOVE B90 191
MOVE B91 191
END TURN 205
TURN 206
COMMAND LEFT START
COMMAND LEFT END
COMMAND RIGHT START
MOVE B80 20
TRAIN 3
COMMAND RIGHT END
TURN 206 RESULT
TIME LEFT 0 5 RIGHT 0 5
TRAIN B92 B93 B94
MOVE A6 45
MOVE A40 45
MOVE A42 45
MOVE A45 45
MOVE A62 48
MOVE A70 70
MOVE A71 51
MOVE A72 48
MOVE B51 92
MOVE B53 92
MOVE B54 92
MOVE B55 92
MOVE B56 92
MOVE B57 92
MOVE B58 92
MOVE B59 92
MOVE B60 92
MOVE B61 73
MOVE B62 70
MOVE B80 92
MOVE B81 107
MOVE B82 107
MOVE B83 151
MOVE B84 151
MOVE B85 151
MOVE B86 164
MOVE B87 164
MOVE B88 164
MOVE B90 173
MOVE B91 173
DAMAGE TURRET B62 2
DAMAGE COMBAT A18 1
DAMAGE COMBAT B62 5
END TURN 206
TURN 207
COMMAND LEFT START
COMMAND LEFT END
COMMAND RIGHT START
MOVE B79 43
MOVE B78 43
MOVE B77 43
MOVE B76 43
MOVE B75 43
MOVE B74 43
MOVE B72 43
MOVE B71 43
MOVE B70 43
MOVE B69 43
MOVE B68 43
MOVE B67 43
COMMAND RIGHT END
TURN 207 RESULT
TIME LEFT 0 5 RIGHT 0 5
MOVE A6 39
MOVE A40 39
MOVE A42 39
MOVE A45 39
MOVE A62 34
MOVE A71 63
MOVE A72 70
MOVE B51 98
MOVE B53 98
MOVE B54 98
MOVE B55 98
MOVE B56 98
MOVE B57 98
MOVE B58 98
MOVE B59 98
MOVE B60 98
MOVE B61 63
MOVE B67 92
MOVE B68 92
MOVE B69 92
MOVE B70 92
MOVE B71 92
MOVE B72 92
MOVE B74 92
MOVE B75 92
MOVE B76 92
MOVE B77 92
MOVE B78 92
MOVE B79 92
MOVE B80 66
MOVE B81 85
MOVE B82 85
MOVE B83 144
MOVE B84 144
MOVE B85 144
MOVE B86 151
MOVE B87 151
MOVE B88 151
MOVE B90 164
MOVE B91 164
DAMAGE TURRET B61 2
DAMAGE COMBAT A17 1
DAMAGE COMBAT B61 4
END TURN 207
TURN 208
COMMAND LEFT START
UPGRADE 0
TRAIN 2
COMMAND LEFT END
COMMAND RIGHT START
MOVE B94 98
MOVE B93 98
MOVE B92 98
MOVE B89 98
TRAIN 3
COMMAND RIGHT END
TURN 208 RESULT
TIME LEFT 0 5 RIGHT 0 5
UPGRADE A 0
TRAIN A73 A74 B95 B96 B97
MOVE A6 42
MOVE A40 42
MOVE A42 42
MOVE A45 42
MOVE A62 37
MOVE B67 75
MOVE B68 75
MOVE B69 75
MOVE B70 75
MOVE B71 75
MOVE B72 75
MOVE B74 75
MOVE B75 75
MOVE B76 75
MOVE B77 75
MOVE B78 75
MOVE B79 75
MOVE B80 55
MOVE B81 75
MOVE B82 75
MOVE B83 130
MOVE B84 130
MOVE B85 130
MOVE B86 144
MOVE B87 144
MOVE B88 144
MOVE B89 191
MOVE B90 151
MOVE B91 151
MOVE B92 191
MOVE B93 191
MOVE B94 191
DAMAGE TURRET B61 1
DAMAGE COMBAT A17 1
END TURN 208
TURN 209
COMMAND LEFT START
MOVE A74 37
TRAIN 2
COMMAND LEFT END
COMMAND RIGHT START
MOVE B97 98
MOVE B96 98
MOVE B95 98
TRAIN 3
COMMAND RIGHT END
TURN 209 RESULT
TIME LEFT 0 5 RIGHT 2 5
TRAIN A75 A76 B98 B99 B100
MOVE A6 48
MOVE A40 48
MOVE A42 48
MOVE A45 48
MOVE A74 3
MOVE B67 64
MOVE B68 64
MOVE B69 64
MOVE B70 64
MOVE B71 64
MOVE B72 64
MOVE B74 64
MOVE B75 64
MOVE B76 64
MOVE B77 64
MOVE B78 64
MOVE B79 64
MOVE B80 39
MOVE B81 64
MOVE B82 64
MOVE B83 104
MOVE B84 104
MOVE B85 104
MOVE B86 130
MOVE B87 130
MOVE B88 130
MOVE B89 173
MOVE B90 144
MOVE B91 144
MOVE B92 173
MOVE B93 173
MOVE B94 173
MOVE B95 191
MOVE B96 191
MOVE B97 191
END TURN 209
TURN 210
COMMAND LEFT START
MOVE A75 70
MOVE A76 70
TRAIN 2
COMMAND LEFT END
COMMAND RIGHT START
MOVE B82 98
MOVE B81 98
MOVE B100 98
MOVE B99 98
MOVE B98 98
TRAIN 3
COMMAND RIGHT END
TURN 210 RESULT
TIME LEFT 0 5 RIGHT 0 5
TRAIN A77 A78 B101 B102 B103
MOVE A6 34
MOVE A40 34
MOVE A42 34
MOVE A45 34
MOVE A74 12
MOVE A75 3
MOVE A76 3
MOVE B67 53
MOVE B68 53
MOVE B69 53
MOVE B70 53
MOVE B71 53
MOVE B72 53
MOVE B74 53
MOVE B75 53
MOVE B76 53
MOVE B77 53
MOVE B78 53
MOVE B79 53
MOVE B80 29
MOVE B81 75
MOVE B82 75
MOVE B83 98
MOVE B84 98
MOVE B85 98
MOVE B86 104
MOVE B87 104
MOVE B88 104
MOVE B89 164
MOVE B90 130
MOVE B91 130
MOVE B92 164
MOVE B93 164
MOVE B94 164
MOVE B95 173
MOVE B96 173
MOVE B97 173
MOVE B98 191
MOVE B99 191
MOVE B100 191
END TURN 210
TURN 211
COMMAND LEFT START
MOVE A67 43
MOVE A68 43
MOVE A73 43
MOVE A77 43
MOVE A78 43
MOVE A62 43
MOVE A69 43
COMMAND LEFT END
COMMAND RIGHT START
MOVE B85 63
MOVE B84 63
MOVE B83 63
MOVE B65 63
MOVE B64 63
MOVE B60 63
MOVE B59 63
MOVE B58 63
MOVE B57 63
MOVE B56 63
MOVE B55 63
MOVE B54 63
COMMAND RIGHT END
TURN 211 RESULT
TIME LEFT 0 5 RIGHT 0 5
MOVE A6 37
MOVE A40 37
MOVE A42 37
MOVE A45 37
MOVE A62 34
MOVE A67 5
MOVE A68 5
MOVE A69 60
MOVE A73 5
MOVE A74 14
MOVE A75 12
MOVE A76 12
MOVE A77 5
MOVE A78 5
MOVE B54 92
MOVE B55 92
MOVE B56 92
MOVE B57 92
MOVE B58 92
MOVE B59 92
MOVE B60 92
MOVE B64 92
MOVE B65 92
MOVE B67 41
MOVE B68 41
MOVE B69 41
MOVE B70 41
MOVE B71 41
MOVE B72 41
MOVE B74 41
MOVE B75 41
MOVE B76 41
MOVE B77 41
MOVE B78 41
MOVE B79 41
MOVE B80 20
MOVE B81 92
MOVE B82 92
MOVE B83 92
MOVE B84 92
MOVE B85 92
MOVE B86 98
MOVE B87 98
MOVE B88 98
MOVE B89 151
MOVE B90 104
MOVE B91 104
MOVE B92 151
MOVE B93 151
MOVE B94 151
MOVE B95 164
MOVE B96 164
MOVE B97 164
MOVE B98 173
MOVE B99 173
MOVE B100 173
DAMAGE TURRET B80 2
DAMAGE COMBAT A3 1
DAMAGE COMBAT B80 4
END TURN 211
TURN 212
COMMAND LEFT START
MOVE A6 20
MOVE A40 20
MOVE A42 20
MOVE A45 20
MOVE A70 20
TRAIN 2
COMMAND LEFT END
COMMAND RIGHT START
MOVE B103 98
MOVE B102 98
MOVE B101 98
MOVE B88 70
TRAIN 3
COMMAND RIGHT END
TURN 212 RESULT
TIME LEFT 0 5 RIGHT 0 5
TRAIN A79 A80 B104 B105 B106
MOVE A6 34
MOVE A40 34
MOVE A42 34
MOVE A45 34
MOVE A62 48
MOVE A67 17
MOVE A68 17
MOVE A69 57
MOVE A70 48
MOVE A73 17
MOVE A74 15
MOVE A75 22
MOVE A76 22
MOVE A77 17
MOVE A78 17
MOVE B54 85
MOVE B55 85
MOVE B56 85
MOVE B57 85
MOVE B58 85
MOVE B59 85
MOVE B60 85
MOVE B64 85
MOVE B65 85
MOVE B67 43
MOVE B68 43
MOVE B69 43
MOVE B70 43
MOVE B71 43
MOVE B72 43
MOVE B74 43
MOVE B75 43
MOVE B76 43
MOVE B77 43
MOVE B78 43
MOVE B79 43
MOVE B81 98
MOVE B82 98
MOVE B83 85
MOVE B84 85
MOVE B85 85
MOVE B88 89
MOVE B89 144
MOVE B90 98
MOVE B91 98
MOVE B92 144
MOVE B93 144
MOVE B94 144
MOVE B95 151
MOVE B96 151
MOVE B97 151
MOVE B98 164
MOVE B99 164
MOVE B100 164
MOVE B101 191
MOVE B102 191
MOVE B103 191
DAMAGE TURRET B67 2
DAMAGE TURRET B80 2
DAMAGE COMBAT A3 1
DAMAGE COMBAT A10 5
DAMAGE COMBAT A11 5
DAMAGE COMBAT A25 2
DAMAGE COMBAT B67 4
END TURN 212
TURN 213
COMMAND LEFT START
TRAIN 2
COMMAND LEFT END
COMMAND RIGHT START
MOVE B106 98
MOVE B105 98
MOVE B104 98
TRAIN 3
COMMAND RIGHT END
TURN 213 RESULT
TIME LEFT 0 5 RIGHT 0 5
TRAIN A81 A82 B107 B108 B109
MOVE A6 24
MOVE A40 24
MOVE A42 24
MOVE A45 24
MOVE A62 42
MOVE A67 19
MOVE A68 19
MOVE A69 55
MOVE A70 36
MOVE A73 19
MOVE A74 25
MOVE A75 36
MOVE A76 36
MOVE A77 19
MOVE A78 19
MOVE B54 82
MOVE B55 82
MOVE B56 82
MOVE B57 82
MOVE B58 82
MOVE B59 82
MOVE B60 82
MOVE B64 82
MOVE B65 82
MOVE B83 82
MOVE B84 82
MOVE B85 82
MOVE B88 79
MOVE B89 130
MOVE B92 130
MOVE B93 130
MOVE B94 130
MOVE B95 144
MOVE B96 144
MOVE B97 144
MOVE B98 151
MOVE B99 151
MOVE B100 151
MOVE B101 173
MOVE B102 173
MOVE B103 173
MOVE B104 191
MOVE B105 191
MOVE B106 191
DAMAGE TURRET B67 1
DAMAGE TURRET B68 1
DAMAGE COMBAT A25 4
DAMAGE COMBAT A33 6
DAMAGE COMBAT B68 2
SIEGE A 43 2
END TURN 213
TURN 214
COMMAND LEFT START
TRAIN 2
COMMAND LEFT END
COMMAND RIGHT START
MOVE B109 98
MOVE B108 98
MOVE B107 98
MOVE B91 47
TRAIN 3
COMMAND RIGHT END
TURN 214 RESULT
TIME LEFT 0 5 RIGHT 0 5
TRAIN A83 A84 B110 B111 B112
MOVE A6 22
MOVE A40 22
MOVE A42 22
MOVE A45 22
MOVE A62 39
MOVE A67 30
MOVE A68 30
MOVE A69 52
MOVE A70 22
MOVE A73 30
MOVE A74 37
MOVE A75 48
MOVE A76 48
MOVE A77 30
MOVE A78 30
MOVE B54 74
MOVE B55 74
MOVE B56 74
MOVE B57 74
MOVE B58 74
MOVE B59 74
MOVE B60 74
MOVE B64 74
MOVE B65 74
MOVE B83 74
MOVE B84 74
MOVE B85 74
MOVE B88 81
MOVE B89 104
MOVE B91 89
MOVE B92 104
MOVE B93 104
MOVE B94 104
MOVE B95 130
MOVE B96 130
MOVE B97 130
MOVE B98 144
MOVE B99 144
MOVE B100 144
MOVE B101 164
MOVE B102 164
MOVE B103 164
MOVE B104 173
MOVE B105 173
MOVE B106 173
MOVE B107 191
MOVE B108 191
MOVE B109 191
DAMAGE TURRET B68 2
SIEGE A 43 11
END TURN 214
TURN 215
COMMAND LEFT START
MOVE A74 43
MOVE A79 43
MOVE A80 43
MOVE A81 43
MOVE A82 43
MOVE A83 43
MOVE A84 43
TRAIN 2
COMMAND LEFT END
COMMAND RIGHT START
MOVE B112 98
MOVE B111 98
MOVE B110 98
TRAIN 3
COMMAND RIGHT END
TURN 215 RESULT
TIME LEFT 0 5 RIGHT 0 5
TRAIN A85 A86 B113 B114 B115
MOVE A6 20
MOVE A40 20
MOVE A42 20
MOVE A45 20
MOVE A62 45
MOVE A67 43
MOVE A68 43
MOVE A69 45
MOVE A70 20
MOVE A73 43
MOVE A74 34
MOVE A75 70
MOVE A76 70
MOVE A77 43
MOVE A78 43
MOVE A79 5
MOVE A80 5
MOVE A81 5
MOVE A82 5
MOVE A83 5
MOVE A84 5
MOVE B54 73
MOVE B55 73
MOVE B56 73
MOVE B57 73
MOVE B58 73
MOVE B59 73
MOVE B60 73
MOVE B64 73
MOVE B65 73
MOVE B83 73
MOVE B84 73
MOVE B85 73
MOVE B88 70
MOVE B89 98
MOVE B91 79
MOVE B92 98
MOVE B93 98
MOVE B94 98
MOVE B95 104
MOVE B96 104
MOVE B97 104
MOVE B98 130
MOVE B99 130
MOVE B100 130
MOVE B101 151
MOVE B102 151
MOVE B103 151
MOVE B104 164
MOVE B105 164
MOVE B106 164
MOVE B107 173
MOVE B108 173
MOVE B109 173
MOVE B110 191
MOVE B111 191
MOVE B112 191
DAMAGE TURRET B68 2
DAMAGE TURRET B88 2
DAMAGE COMBAT A18 1
DAMAGE COMBAT A67 6
DAMAGE COMBAT A68 5
DAMAGE COMBAT B69 5
DAMAGE COMBAT B88 6
END TURN 215
TURN 216
COMMAND LEFT START
MOVE A6 37
MOVE A40 37
MOVE A42 37
MOVE A45 37
MOVE A68 37
MOVE A70 70
MOVE A73 70
MOVE A77 37
MOVE A78 70
TRAIN 2
COMMAND LEFT END
COMMAND RIGHT START
MOVE B94 70
MOVE B93 70
MOVE B92 70
MOVE B90 70
MOVE B89 70
MOVE B87 70
MOVE B86 70
MOVE B82 70
MOVE B81 70
COMMAND RIGHT END
TURN 216 RESULT
TIME LEFT 0 5 RIGHT 0 5
TRAIN A87 A88
MOVE A6 22
MOVE A40 22
MOVE A42 22
MOVE A45 22
MOVE A62 40
MOVE A69 40
MOVE A70 22
MOVE A74 48
MOVE A79 17
MOVE A80 17
MOVE A81 17
MOVE A82 17
MOVE A83 17
MOVE A84 17
MOVE B54 63
MOVE B55 63
MOVE B56 63
MOVE B57 63
MOVE B58 63
MOVE B59 63
MOVE B60 63
MOVE B64 63
MOVE B65 63
MOVE B81 89
MOVE B82 89
MOVE B83 63
MOVE B84 63
MOVE B85 63
MOVE B86 89
MOVE B87 89
MOVE B89 89
MOVE B90 89
MOVE B91 60
MOVE B92 89
MOVE B93 89
MOVE B94 89
MOVE B95 98
MOVE B96 98
MOVE B97 98
MOVE B98 104
MOVE B99 104
MOVE B100 104
MOVE B101 144
MOVE B102 144
MOVE B103 144
MOVE B104 151
MOVE B105 151
MOVE B106 151
MOVE B107 164
MOVE B108 164
MOVE B109 164
MOVE B110 173
MOVE B111 173
MOVE B112 173
DAMAGE TURRET B54 1
DAMAGE TURRET B64 1
DAMAGE TURRET B69 2
DAMAGE COMBAT A17 2
DAMAGE COMBAT A27 6
DAMAGE COMBAT A36 4
DAMAGE COMBAT A68 1
DAMAGE COMBAT A73 7
DAMAGE COMBAT A77 2
DAMAGE COMBAT B54 4
DAMAGE COMBAT B70 4
END TURN 216
TURN 217
COMMAND LEFT START
MOVE A75 43
MOVE A76 43
MOVE A85 43
MOVE A86 43
MOVE A87 43
MOVE A88 43
TRAIN 2
COMMAND LEFT END
COMMAND RIGHT START
MOVE B115 98
MOVE B114 98
MOVE B113 98
MOVE B97 20
TRAIN 3
COMMAND RIGHT END
TURN 217 RESULT
TIME LEFT 0 5 RIGHT 0 5
TRAIN A89 A90 B116 B117 B118
MOVE A6 24
MOVE A40 24
MOVE A42 24
MOVE A45 24
MOVE A62 41
MOVE A69 41
MOVE A70 36
MOVE A74 42
MOVE A75 60
MOVE A76 60
MOVE A79 19
MOVE A80 19
MOVE A81 19
MOVE A82 19
MOVE A83 19
MOVE A84 19
MOVE A85 5
MOVE A86 5
MOVE A87 5
MOVE A88 5
MOVE B81 79
MOVE B82 79
MOVE B86 79
MOVE B87 79
MOVE B89 79
MOVE B90 79
MOVE B91 48
MOVE B92 79
MOVE B93 79
MOVE B94 79
MOVE B97 92
MOVE B98 98
MOVE B99 98
MOVE B100 98
MOVE B101 130
MOVE B102 130
MOVE B103 130
MOVE B104 144
MOVE B105 144
MOVE B106 144
MOVE B107 151
MOVE B108 151
MOVE B109 151
MOVE B110 164
MOVE B111 164
MOVE B112 164
MOVE B113 191
MOVE B114 191
MOVE B115 191
DAMAGE TURRET B54 2
DAMAGE TURRET B70 2
DAMAGE COMBAT A36 2
DAMAGE COMBAT A71 6
DAMAGE COMBAT A77 5
DAMAGE COMBAT A78 4
DAMAGE COMBAT B55 2
DAMAGE COMBAT B70 1
DAMAGE COMBAT B71 1
SIEGE A 63 3
END TURN 217
TURN 218
COMMAND LEFT START
TRAIN 2
COMMAND LEFT END
COMMAND RIGHT START
MOVE B118 98
MOVE B117 98
MOVE B116 98
TRAIN 3
COMMAND RIGHT END
TURN 218 RESULT
TIME LEFT 0 5 RIGHT 0 5
TRAIN A91 A92 B119 B120 B121
MOVE A6 34
MOVE A40 34
MOVE A42 34
MOVE A45 34
MOVE A62 43
MOVE A69 43
MOVE A70 48
MOVE A74 39
MOVE A75 57
MOVE A76 57
MOVE A79 30
MOVE A80 30
MOVE A81 30
MOVE A82 30
MOVE A83 30
MOVE A84 30
MOVE A85 17
MOVE A86 17
MOVE A87 17
MOVE A88 17
MOVE B81 81
MOVE B82 81
MOVE B86 81
MOVE B87 81
MOVE B89 81
MOVE B90 81
MOVE B91 47
MOVE B92 81
MOVE B93 81
MOVE B94 81
MOVE B97 66
MOVE B101 104
MOVE B102 104
MOVE B103 104
MOVE B104 130
MOVE B105 130
MOVE B106 130
MOVE B107 144
MOVE B108 144
MOVE B109 144
MOVE B110 151
MOVE B111 151
MOVE B112 151
MOVE B113 173
MOVE B114 173
MOVE B115 173
MOVE B116 191
MOVE B117 191
MOVE B118 191
DAMAGE TURRET B55 2
DAMAGE TURRET B71 2
DAMAGE TURRET B91 2
DAMAGE COMBAT A57 1
DAMAGE COMBAT A62 5
DAMAGE COMBAT A78 3
DAMAGE COMBAT B71 3
DAMAGE COMBAT B91 4
SIEGE A 63 10
END TURN 218
TURN 219
COMMAND LEFT START
MOVE A62 37
MOVE A69 70
TRAIN 2
COMMAND LEFT END
COMMAND RIGHT START
MOVE B121 98
MOVE B120 98
MOVE B119 98
TRAIN 3
COMMAND RIGHT END
TURN 219 RESULT
TIME LEFT 0 5 RIGHT 0 5
TRAIN A93 A94 B122 B123 B124
MOVE A6 37
MOVE A40 37
MOVE A42 37
MOVE A45 37
MOVE A70 70
MOVE A74 45
MOVE A75 55
MOVE A76 55
MOVE A79 43
MOVE A80 43
MOVE A81 43
MOVE A82 43
MOVE A83 43
MOVE A84 43
MOVE A85 19
MOVE A86 19
MOVE A87 19
MOVE A88 19
MOVE B81 70
MOVE B82 70
MOVE B86 70
MOVE B87 70
MOVE B89 70
MOVE B90 70
MOVE B92 70
MOVE B93 70
MOVE B94 70
MOVE B97 55
MOVE B101 98
MOVE B102 98
MOVE B103 98
MOVE B104 104
MOVE B105 104
MOVE B106 104
MOVE B107 130
MOVE B108 130
MOVE B109 130
MOVE B110 144
MOVE B111 144
MOVE B112 144
MOVE B113 164
MOVE B114 164
MOVE B115 164
MOVE B116 173
MOVE B117 173
MOVE B118 173
MOVE B119 191
MOVE B120 191
MOVE B121 191
DAMAGE TURRET B55 2
DAMAGE TURRET B71 1
DAMAGE TURRET B72 1
DAMAGE TURRET B81 2
DAMAGE TURRET B91 2
DAMAGE COMBAT A18 1
DAMAGE COMBAT A20 5
DAMAGE COMBAT A29 3
DAMAGE COMBAT A57 1
DAMAGE COMBAT A62 1
DAMAGE COMBAT A69 6
DAMAGE COMBAT A75 1
DAMAGE COMBAT A79 1
DAMAGE COMBAT B72 6
DAMAGE COMBAT B74 2
DAMAGE COMBAT B81 5
DAMAGE COMBAT B97 2
SIEGE A 63 5
END TURN 219
TURN 220
COMMAND LEFT START
MOVE A89 43
MOVE A90 43
MOVE A91 43
MOVE A92 43
MOVE A93 43
MOVE A94 43
MOVE A6 43
MOVE A40 43
MOVE A79 98
MOVE A80 37
MOVE A81 98
MOVE A82 98
MOVE A83 37
MOVE A84 98
TRAIN 2
COMMAND LEFT END
COMMAND RIGHT START
MOVE B55 98
MOVE B56 98
MOVE B57 98
MOVE B58 98
MOVE B59 98
MOVE B60 98
MOVE B65 98
MOVE B83 98
MOVE B84 98
MOVE B103 47
MOVE B102 47
MOVE B101 47
MOVE B100 47
MOVE B99 47
MOVE B98 47
MOVE B96 47
MOVE B95 47
COMMAND RIGHT END
TURN 220 RESULT
TIME LEFT 0 5 RIGHT 0 5
TRAIN A95 A96
MOVE A6 34
MOVE A40 34
MOVE A74 40
MOVE A85 30
MOVE A86 30
MOVE A87 30
MOVE A88 30
MOVE A89 5
MOVE A90 5
MOVE A91 5
MOVE A92 5
MOVE A93 5
MOVE A94 5
MOVE B55 73
MOVE B56 73
MOVE B57 73
MOVE B58 73
MOVE B59 73
MOVE B60 73
MOVE B65 73
MOVE B83 73
MOVE B84 73
MOVE B95 89
MOVE B96 89
MOVE B98 89
MOVE B99 89
MOVE B100 89
MOVE B101 89
MOVE B102 89
MOVE B103 89
MOVE B104 98
MOVE B105 98
MOVE B106 98
MOVE B107 104
MOVE B108 104
MOVE B109 104
MOVE B110 130
MOVE B111 130
MOVE B112 130
MOVE B113 151
MOVE B114 151
MOVE B115 151
MOVE B116 164
MOVE B117 164
MOVE B118 164
MOVE B119 173
MOVE B120 173
MOVE B121 173
DAMAGE TURRET B74 2
DAMAGE TURRET B81 1
DAMAGE TURRET B82 1
DAMAGE COMBAT A29 3
DAMAGE COMBAT A70 6
DAMAGE COMBAT A75 1
DAMAGE COMBAT A79 6
DAMAGE COMBAT B74 3
DAMAGE COMBAT B75 3
DAMAGE COMBAT B82 3
DAMAGE COMBAT B97 2
END TURN 220
TURN 221
COMMAND LEFT START
TRAIN 2
COMMAND LEFT END
COMMAND RIGHT START
MOVE B124 98
MOVE B123 98
MOVE B122 98
UPGRADE 63
TRAIN 3
COMMAND RIGHT END
TURN 221 RESULT
TIME LEFT 0 5 RIGHT 0 5
UPGRADE B 63
TRAIN A97 A98 B125 B126 B127
MOVE A6 48
MOVE A40 48
MOVE A74 41
MOVE A85 43
MOVE A86 43
MOVE A87 43
MOVE A88 43
MOVE A89 17
MOVE A90 17
MOVE A91 17
MOVE A92 17
MOVE A93 17
MOVE A94 17
MOVE B55 74
MOVE B56 74
MOVE B57 74
MOVE B58 74
MOVE B59 74
MOVE B60 74
MOVE B65 74
MOVE B83 74
MOVE B84 74
MOVE B95 79
MOVE B96 79
MOVE B98 79
MOVE B99 79
MOVE B100 79
MOVE B101 79
MOVE B102 79
MOVE B103 79
MOVE B107 98
MOVE B108 98
MOVE B109 98
MOVE B110 104
MOVE B111 104
MOVE B112 104
MOVE B113 144
MOVE B114 144
MOVE B115 144
MOVE B116 151
MOVE B117 151
MOVE B118 151
MOVE B119 164
MOVE B120 164
MOVE B121 164
MOVE B122 191
MOVE B123 191
MOVE B124 191
DAMAGE TURRET B75 2
DAMAGE TURRET B82 2
DAMAGE COMBAT A72 6
DAMAGE COMBAT A75 1
DAMAGE COMBAT A80 5
DAMAGE COMBAT B75 3
DAMAGE COMBAT B76 6
DAMAGE COMBAT B82 1
DAMAGE COMBAT B97 2
SIEGE A 70 2
END TURN 221
TURN 222
COMMAND LEFT START
MOVE A42 47
MOVE A45 47
MOVE A95 47
MOVE A96 47
MOVE A97 47
MOVE A98 37
MOVE A85 37
MOVE A86 70
MOVE A87 70
MOVE A88 70
TRAIN 2
COMMAND LEFT END
COMMAND RIGHT START
MOVE B127 98
MOVE B126 98
MOVE B125 98
UPGRADE 63
TRAIN 3
COMMAND RIGHT END
TURN 222 RESULT
TIME LEFT 0 5 RIGHT 0 5
UPGRADE B 63
TRAIN A99 A100 B128 B129 B130
MOVE A6 42
MOVE A40 42
MOVE A42 34
MOVE A45 34
MOVE A74 43
MOVE A89 19
MOVE A90 19
MOVE A91 19
MOVE A92 19
MOVE A93 19
MOVE A94 19
MOVE A95 3
MOVE A96 3
MOVE A97 3
MOVE A98 3
MOVE B55 82
MOVE B56 82
MOVE B57 82
MOVE B58 82
MOVE B59 82
MOVE B60 82
MOVE B65 82
MOVE B83 82
MOVE B84 82
MOVE B95 60
MOVE B96 60
MOVE B98 60
MOVE B99 60
MOVE B100 60
MOVE B101 60
MOVE B102 60
MOVE B103 60
MOVE B110 98
MOVE B111 98
MOVE B112 98
MOVE B113 130
MOVE B114 130
MOVE B115 130
MOVE B116 144
MOVE B117 144
MOVE B118 144
MOVE B119 151
MOVE B120 151
MOVE B121 151
MOVE B122 173
MOVE B123 173
MOVE B124 173
MOVE B125 191
MOVE B126 191
MOVE B127 191
DAMAGE TURRET B76 2
DAMAGE TURRET B82 1
DAMAGE TURRET B86 1
DAMAGE COMBAT A74 2
DAMAGE COMBAT A75 1
DAMAGE COMBAT A80 2
DAMAGE COMBAT B77 8
DAMAGE COMBAT B78 2
DAMAGE COMBAT B97 2
SIEGE A 70 8
END TURN 222
TURN 223
COMMAND LEFT START
MOVE A74 37
TRAIN 2
COMMAND LEFT END
COMMAND RIGHT START
MOVE B51 63
MOVE B130 98
MOVE B129 98
MOVE B128 98
UPGRADE 63
COMMAND RIGHT END
TURN 223 RESULT
TIME LEFT 0 5 RIGHT 2 5
UPGRADE B 63
TRAIN A101 A102
MOVE A6 39
MOVE A40 39
MOVE A42 47
MOVE A45 47
MOVE A75 52
MOVE A76 52
MOVE A89 30
MOVE A90 30
MOVE A91 30
MOVE A92 30
MOVE A93 30
MOVE A94 30
MOVE A95 12
MOVE A96 12
MOVE A97 12
MOVE A98 12
MOVE B51 92
MOVE B55 85
MOVE B56 85
MOVE B57 85
MOVE B58 85
MOVE B59 85
MOVE B60 85
MOVE B65 85
MOVE B83 85
MOVE B84 85
MOVE B95 48
MOVE B96 48
MOVE B98 48
MOVE B99 48
MOVE B100 48
MOVE B101 48
MOVE B102 48
MOVE B103 48
MOVE B113 104
MOVE B114 104
MOVE B115 104
MOVE B116 130
MOVE B117 130
MOVE B118 130
MOVE B119 144
MOVE B120 144
MOVE B121 144
MOVE B122 164
MOVE B123 164
MOVE B124 164
MOVE B125 173
MOVE B126 173
MOVE B127 173
MOVE B128 191
MOVE B129 191
MOVE B130 191
DAMAGE TURRET B78 2
DAMAGE TURRET B86 2
DAMAGE COMBAT A74 2
DAMAGE COMBAT B78 4
DAMAGE COMBAT B79 5
SIEGE A 70 7
END TURN 223
TURN 224
COMMAND LEFT START
MOVE A42 37
MOVE A45 37
TRAIN 1
COMMAND LEFT END
COMMAND RIGHT START
MOVE B53 63
TRAIN 1
COMMAND RIGHT END
TURN 224 RESULT
TIME LEFT 0 5 RIGHT 0 5
TRAIN A103 B131
MOVE A6 45
MOVE A40 45
MOVE A42 34
MOVE A45 34
MOVE A75 45
MOVE A76 45
MOVE A89 43
MOVE A90 43
MOVE A91 43
MOVE A92 43
MOVE A93 43
MOVE A94 43
MOVE A95 22
MOVE A96 22
MOVE A97 22
MOVE A98 14
MOVE B51 85
MOVE B53 92
MOVE B55 92
MOVE B56 92
MOVE B57 92
MOVE B58 92
MOVE B59 92
MOVE B60 92
MOVE B65 92
MOVE B83 92
MOVE B84 92
MOVE B95 47
MOVE B96 47
MOVE B98 47
MOVE B99 47
MOVE B100 47
MOVE B101 47
MOVE B102 47
MOVE B103 47
MOVE B113 98
MOVE B114 98
MOVE B115 98
MOVE B116 104
MOVE B117 104
MOVE B118 104
MOVE B119 130
MOVE B120 130
MOVE B121 130
MOVE B122 151
MOVE B123 151
MOVE B124 151
MOVE B125 164
MOVE B126 164
MOVE B127 164
MOVE B128 173
MOVE B129 173
MOVE B130 173
DAMAGE TURRET B79 2
DAMAGE TURRET B86 2
DAMAGE TURRET B95 2
DAMAGE COMBAT A57 4
DAMAGE COMBAT A59 4
DAMAGE COMBAT A74 1
DAMAGE COMBAT B79 1
DAMAGE COMBAT B95 4
SIEGE A 70 1
END TURN 224
TURN 225
COMMAND LEFT START
MOVE A99 37
MOVE A100 37
MOVE A101 37
MOVE A102 37
MOVE A103 37
MOVE A89 37
MOVE A90 98
MOVE A91 98
MOVE A92 37
MOVE A93 98
MOVE A94 98
TRAIN 2
COMMAND LEFT END
COMMAND RIGHT START
MOVE B86 98
MOVE B87 98
MOVE B89 98
MOVE B90 98
MOVE B92 98
MOVE B93 98
MOVE B115 20
UPGRADE 70
COMMAND RIGHT END
TURN 225 RESULT
TIME LEFT 0 5 RIGHT 0 5
UPGRADE B 70
TRAIN A104 A105
MOVE A6 40
MOVE A40 40
MOVE A42 37
MOVE A45 37
MOVE A74 41
MOVE A75 40
MOVE A76 40
MOVE A81 41
MOVE A82 41
MOVE A83 41
MOVE A84 41
MOVE A85 41
MOVE A86 41
MOVE A87 41
MOVE A88 41
MOVE A89 41
MOVE A90 41
MOVE A91 41
MOVE A92 41
MOVE A93 41
MOVE A94 41
MOVE A95 36
MOVE A96 36
MOVE A97 36
MOVE A98 15
MOVE A99 3
MOVE A100 3
MOVE A101 3
MOVE A102 3
MOVE A103 3
MOVE B51 82
MOVE B53 85
MOVE B55 98
MOVE B56 98
MOVE B57 98
MOVE B58 98
MOVE B59 98
MOVE B60 98
MOVE B65 98
MOVE B83 98
MOVE B84 98
MOVE B86 81
MOVE B87 81
MOVE B89 81
MOVE B90 81
MOVE B92 81
MOVE B93 81
MOVE B115 92
MOVE B116 98
MOVE B117 98
MOVE B118 98
MOVE B119 104
MOVE B120 104
MOVE B121 104
MOVE B122 144
MOVE B123 144
MOVE B124 144
MOVE B125 151
MOVE B126 151
MOVE B127 151
MOVE B128 164
MOVE B129 164
MOVE B130 164
DAMAGE TURRET B95 2
DAMAGE COMBAT A59 2
DAMAGE COMBAT A60 6
DAMAGE COMBAT B96 3
END TURN 225
TURN 226
COMMAND LEFT START
TRAIN 2
COMMAND LEFT END
COMMAND RIGHT START
UPGRADE 70
COMMAND RIGHT END
TURN 226 RESULT
TIME LEFT 0 5 RIGHT 0 5
UPGRADE B 70
TRAIN A106 A107
MOVE A6 41
MOVE A40 41
MOVE A74 40
MOVE A75 41
MOVE A76 41
MOVE A81 53
MOVE A82 53
MOVE A83 40
MOVE A84 53
MOVE A85 40
MOVE A86 40
MOVE A87 40
MOVE A88 40
MOVE A89 40
MOVE A90 53
MOVE A91 53
MOVE A92 40
MOVE A93 53
MOVE A94 53
MOVE A95 48
MOVE A96 48
MOVE A97 48
MOVE A98 25
MOVE A99 12
MOVE A100 12
MOVE A101 12
MOVE A102 12
MOVE A103 12
MOVE B51 74
MOVE B53 82
MOVE B86 79
MOVE B87 79
MOVE B89 79
MOVE B90 79
MOVE B92 79
MOVE B93 79
MOVE B115 66
MOVE B119 98
MOVE B120 98
MOVE B121 98
MOVE B122 130
MOVE B123 130
MOVE B124 130
MOVE B125 144
MOVE B126 144
MOVE B127 144
MOVE B128 151
MOVE B129 151
MOVE B130 151
DAMAGE TURRET B96 2
DAMAGE COMBAT A61 6
DAMAGE COMBAT B96 1
SIEGE A 47 1
END TURN 226
TURN 227
COMMAND LEFT START
MOVE A42 47
MOVE A45 47
MOVE A104 47
MOVE A105 47
MOVE A106 47
MOVE A107 47
TRAIN 1
COMMAND LEFT END
COMMAND RIGHT START
MOVE B55 70
MOVE B56 70
MOVE B57 70
MOVE B58 70
UPGRADE 70
COMMAND RIGHT END
TURN 227 RESULT
TIME LEFT 0 5 RIGHT 1 5
UPGRADE B 70
TRAIN A108
MOVE A6 43
MOVE A40 43
MOVE A42 34
MOVE A45 34
MOVE A74 45
MOVE A75 43
MOVE A76 43
MOVE A81 64
MOVE A82 64
MOVE A83 45
MOVE A84 64
MOVE A85 45
MOVE A86 45
MOVE A87 45
MOVE A88 45
MOVE A89 45
MOVE A90 64
MOVE A91 64
MOVE A92 45
MOVE A93 64
MOVE A94 64
MOVE A95 47
MOVE A96 47
MOVE A97 47
MOVE A98 37
MOVE A99 14
MOVE A100 14
MOVE A101 14
MOVE A102 14
MOVE A103 14
MOVE A104 3
MOVE A105 3
MOVE A106 3
MOVE A107 3
MOVE B51 73
MOVE B53 74
MOVE B55 89
MOVE B56 89
MOVE B57 89
MOVE B58 89
MOVE B86 89
MOVE B87 89
MOVE B89 89
MOVE B90 89
MOVE B92 89
MOVE B93 89
MOVE B115 55
MOVE B122 104
MOVE B123 104
MOVE B124 104
MOVE B125 130
MOVE B126 130
MOVE B127 130
MOVE B128 144
MOVE B129 144
MOVE B130 144
DAMAGE TURRET A81 2
DAMAGE TURRET B96 2
DAMAGE COMBAT A81 3
DAMAGE COMBAT A95 7
DAMAGE COMBAT B47 2
DAMAGE COMBAT B48 5
DAMAGE COMBAT B98 3
END TURN 227
TURN 228
COMMAND LEFT START
MOVE A6 37
MOVE A40 37
MOVE A75 98
MOVE A76 98
MOVE A97 37
TRAIN 1
COMMAND LEFT END
COMMAND RIGHT START
MOVE B59 64
MOVE B60 64
MOVE B65 64
MOVE B83 64
MOVE B84 64
TRAIN 3
COMMAND RIGHT END
TURN 228 RESULT
TIME LEFT 0 5 RIGHT 0 5
TRAIN A109 B132 B133 B134
MOVE A6 41
MOVE A40 41
MOVE A42 47
MOVE A45 47
MOVE A74 39
MOVE A75 41
MOVE A76 41
MOVE A83 39
MOVE A85 39
MOVE A86 52
MOVE A87 52
MOVE A88 52
MOVE A89 39
MOVE A92 39
MOVE A99 15
MOVE A100 15
MOVE A101 15
MOVE A102 15
MOVE A103 15
MOVE A104 12
MOVE A105 12
MOVE A106 12
MOVE A107 12
MOVE B51 63
MOVE B53 73
MOVE B55 79
MOVE B56 79
MOVE B57 79
MOVE B58 79
MOVE B59 92
MOVE B60 92
MOVE B65 92
MOVE B83 92
MOVE B84 92
MOVE B86 98
MOVE B87 98
MOVE B89 98
MOVE B90 98
MOVE B92 98
MOVE B93 98
MOVE B115 39
MOVE B122 98
MOVE B123 98
MOVE B124 98
MOVE B125 104
MOVE B126 104
MOVE B127 104
MOVE B128 130
MOVE B129 130
MOVE B130 130
DAMAGE TURRET A81 2
DAMAGE TURRET B98 2
DAMAGE COMBAT A42 6
DAMAGE COMBAT A74 1
DAMAGE COMBAT A82 2
DAMAGE COMBAT B48 2
DAMAGE COMBAT B49 5
DAMAGE COMBAT B98 3
DAMAGE COMBAT B99 1
DAMAGE COMBAT B115 5
END TURN 228
TURN 229
COMMAND LEFT START
MOVE A98 47
MOVE A108 47
MOVE A109 47
MOVE A45 37
TRAIN 1
COMMAND LEFT END
COMMAND RIGHT START
TRAIN 3
COMMAND RIGHT END
TURN 229 RESULT
TIME LEFT 0 5 RIGHT 0 5
TRAIN A110 B135 B136 B137
MOVE A6 40
MOVE A40 40
MOVE A75 53
MOVE A76 53
MOVE A86 55
MOVE A87 55
MOVE A88 55
MOVE A98 34
MOVE A99 25
MOVE A100 25
MOVE A101 25
MOVE A102 25
MOVE A103 25
MOVE A104 22
MOVE A105 22
MOVE A106 22
MOVE A107 22
MOVE A108 3
MOVE A109 3
MOVE B53 63
MOVE B55 81
MOVE B56 81
MOVE B57 81
MOVE B58 81
MOVE B59 75
MOVE B60 75
MOVE B65 75
MOVE B83 75
MOVE B84 75
MOVE B125 98
MOVE B126 98
MOVE B127 98
MOVE B128 104
MOVE B129 104
MOVE B130 104
DAMAGE TURRET A82 2
DAMAGE TURRET B99 2
DAMAGE COMBAT A45 5
DAMAGE COMBAT A74 1
DAMAGE COMBAT A82 1
DAMAGE COMBAT B49 2
DAMAGE COMBAT B99 3
DAMAGE COMBAT B115 3
SIEGE B 64 4
END TURN 229
TURN 230
COMMAND LEFT START
TRAIN 1
COMMAND LEFT END
COMMAND RIGHT START
MOVE B86 64
MOVE B87 64
MOVE B89 64
MOVE B90 64
TRAIN 3
COMMAND RIGHT END
TURN 230 RESULT
TIME LEFT 0 5 RIGHT 1 5
TRAIN A111 B138 B139 B140
MOVE A6 45
MOVE A40 45
MOVE A75 64
MOVE A76 64
MOVE A82 75
MOVE A83 42
MOVE A84 75
MOVE A85 42
MOVE A86 57
MOVE A87 57
MOVE A88 57
MOVE A89 42
MOVE A90 75
MOVE A91 75
MOVE A92 42
MOVE A93 75
MOVE A94 75
MOVE A98 47
MOVE A99 37
MOVE A100 37
MOVE A101 37
MOVE A102 37
MOVE A103 37
MOVE A104 36
MOVE A105 36
MOVE A106 36
MOVE A107 36
MOVE A108 12
MOVE A109 12
MOVE B55 70
MOVE B56 70
MOVE B57 70
MOVE B58 70
MOVE B59 64
MOVE B60 64
MOVE B65 64
MOVE B83 64
MOVE B84 64
MOVE B86 92
MOVE B87 92
MOVE B89 92
MOVE B90 92
MOVE B128 98
MOVE B129 98
MOVE B130 98
DAMAGE TURRET A75 2
DAMAGE TURRET B99 2
DAMAGE COMBAT A45 1
DAMAGE COMBAT A75 1
DAMAGE COMBAT A76 4
DAMAGE COMBAT A96 4
DAMAGE COMBAT B59 2
DAMAGE COMBAT B100 4
END TURN 230
TURN 231
COMMAND LEFT START
MOVE A99 47
MOVE A100 47
MOVE A101 47
MOVE A102 47
MOVE A103 47
MOVE A98 37
TRAIN 2
COMMAND LEFT END
COMMAND RIGHT START
TRAIN 3
COMMAND RIGHT END
TURN 231 RESULT
TIME LEFT 0 5 RIGHT 0 5
TRAIN A112 A113 B141 B142 B143
MOVE A6 39
MOVE A40 39
MOVE A82 92
MOVE A83 48
MOVE A84 92
MOVE A85 48
MOVE A86 60
MOVE A87 60
MOVE A88 60
MOVE A89 48
MOVE A90 92
MOVE A91 92
MOVE A92 48
MOVE A93 92
MOVE A94 92
MOVE A99 34
MOVE A100 34
MOVE A101 34
MOVE A102 34
MOVE A103 34
MOVE A104 48
MOVE A105 48
MOVE A106 48
MOVE A107 48
MOVE A108 22
MOVE A109 22
MOVE B86 75
MOVE B87 75
MOVE B89 75
MOVE B90 75
DAMAGE TURRET A76 2
DAMAGE TURRET B100 2
DAMAGE COMBAT A76 1
DAMAGE COMBAT A96 3
DAMAGE COMBAT A97 1
DAMAGE COMBAT B59 1
DAMAGE COMBAT B100 2
DAMAGE COMBAT B101 1
END TURN 231
TURN 232
COMMAND LEFT START
TRAIN 1
COMMAND LEFT END
COMMAND RIGHT START
MOVE B84 19
COMMAND RIGHT END
TURN 232 RESULT
TIME LEFT 0 5 RIGHT 0 5
TRAIN A114
MOVE A6 42
MOVE A40 42
MOVE A82 98
MOVE A83 34
MOVE A84 98
MOVE A85 34
MOVE A86 70
MOVE A87 70
MOVE A88 70
MOVE A89 34
MOVE A90 98
MOVE A91 98
MOVE A92 34
MOVE A93 98
MOVE A94 98
MOVE A99 47
MOVE A100 47
MOVE A101 47
MOVE A102 47
MOVE A103 47
MOVE A104 47
MOVE A105 47
MOVE A106 47
MOVE A107 47
MOVE A108 36
MOVE A109 36
MOVE B84 40
MOVE B86 64
MOVE B87 64
MOVE B89 64
MOVE B90 64
DAMAGE TURRET A82 2
DAMAGE TURRET A86 2
DAMAGE TURRET B101 2
DAMAGE COMBAT A84 7
DAMAGE COMBAT A86 5
DAMAGE COMBAT A90 7
DAMAGE COMBAT A91 7
DAMAGE COMBAT A93 7
DAMAGE COMBAT A97 3
DAMAGE COMBAT B55 1
DAMAGE COMBAT B56 2
DAMAGE COMBAT B92 6
DAMAGE COMBAT B101 5
DAMAGE COMBAT B102 6
END TURN 232
TURN 233
COMMAND LEFT START
MOVE A110 43
MOVE A111 43
MOVE A112 43
MOVE A113 43
MOVE A114 43
MOVE A87 47
MOVE A88 47
MOVE A94 47
MOVE A99 37
MOVE A106 37
MOVE A107 37
TRAIN 1
COMMAND LEFT END
COMMAND RIGHT START
MOVE B90 43
MOVE B89 43
MOVE B87 43
MOVE B86 43
MOVE B83 43
MOVE B65 43
COMMAND RIGHT END
TURN 233 RESULT
TIME LEFT 0 5 RIGHT 0 5
TRAIN A115
MOVE A6 48
MOVE A40 48
MOVE A83 37
MOVE A85 37
MOVE A89 37
MOVE A92 37
MOVE A108 48
MOVE A109 48
MOVE A110 5
MOVE A111 5
MOVE A112 5
MOVE A113 5
MOVE A114 5
MOVE B65 53
MOVE B83 53
MOVE B84 31
MOVE B86 53
MOVE B87 53
MOVE B89 53
MOVE B90 53
DAMAGE TURRET A87 2
DAMAGE TURRET A94 2
DAMAGE TURRET B102 2
DAMAGE COMBAT A87 4
DAMAGE COMBAT A94 5
DAMAGE COMBAT A97 2
DAMAGE COMBAT B56 2
DAMAGE COMBAT B92 1
DAMAGE COMBAT B103 8
END TURN 233
TURN 234
COMMAND LEFT START
MOVE A115 43
MOVE A100 43
MOVE A101 43
MOVE A102 43
MOVE A103 43
MOVE A104 43
MOVE A105 43
MOVE A83 43
TRAIN 1
COMMAND LEFT END
COMMAND RIGHT START
MOVE B92 64
MOVE B130 20
MOVE B143 98
MOVE B142 98
MOVE B141 98
MOVE B140 98
MOVE B139 98
MOVE B138 98
MOVE B137 98
MOVE B136 98
MOVE B135 98
MOVE B134 98
MOVE B133 98
TRAIN 3
COMMAND RIGHT END
TURN 234 RESULT
TIME LEFT 0 5 RIGHT 0 5
TRAIN A116 B144 B145 B146
MOVE A6 34
MOVE A40 34
MOVE A83 34
MOVE A97 34
MOVE A98 34
MOVE A99 34
MOVE A100 48
MOVE A101 48
MOVE A102 48
MOVE A103 48
MOVE A104 48
MOVE A105 48
MOVE A106 34
MOVE A107 34
MOVE A108 47
MOVE A109 47
MOVE A110 17
MOVE A111 17
MOVE A112 17
MOVE A113 17
MOVE A114 17
MOVE A115 5
MOVE B65 41
MOVE B83 41
MOVE B84 19
MOVE B86 41
MOVE B87 41
MOVE B89 41
MOVE B90 41
MOVE B92 92
MOVE B130 92
MOVE B133 191
MOVE B134 191
MOVE B135 191
MOVE B136 191
MOVE B137 191
MOVE B138 191
MOVE B139 191
MOVE B140 191
MOVE B141 191
MOVE B142 191
MOVE B143 191
DAMAGE TURRET A87 1
DAMAGE TURRET A88 1
DAMAGE TURRET B84 2
DAMAGE COMBAT A2 1
DAMAGE COMBAT A88 4
DAMAGE COMBAT B56 2
DAMAGE COMBAT B84 4
END TURN 234
TURN 235
COMMAND LEFT START
MOVE A85 19
MOVE A89 19
MOVE A92 19
MOVE A108 19
MOVE A109 19
MOVE A116 19
TRAIN 1
COMMAND LEFT END
COMMAND RIGHT START
MOVE B93 70
MOVE B104 70
MOVE B105 70
TRAIN 3
COMMAND RIGHT END
TURN 235 RESULT
TIME LEFT 0 5 RIGHT 0 5
TRAIN A117 B147 B148 B149
MOVE A6 37
MOVE A40 37
MOVE A83 48
MOVE A85 34
MOVE A89 34
MOVE A92 34
MOVE A97 37
MOVE A98 37
MOVE A99 37
MOVE A100 42
MOVE A101 42
MOVE A102 42
MOVE A103 42
MOVE A104 42
MOVE A105 42
MOVE A106 37
MOVE A107 37
MOVE A108 48
MOVE A109 48
MOVE A110 19
MOVE A111 19
MOVE A112 19
MOVE A113 19
MOVE A114 19
MOVE A115 17
MOVE A116 5
MOVE B65 43
MOVE B83 43
MOVE B86 43
MOVE B87 43
MOVE B89 43
MOVE B90 43
MOVE B92 75
MOVE B93 89
MOVE B104 89
MOVE B105 89
MOVE B130 66
MOVE B133 173
MOVE B134 173
MOVE B135 173
MOVE B136 173
MOVE B137 173
MOVE B138 173
MOVE B139 173
MOVE B140 173
MOVE B141 173
MOVE B142 173
MOVE B143 173
DAMAGE TURRET A88 2
DAMAGE TURRET B84 2
DAMAGE TURRET B86 2
DAMAGE COMBAT A2 1
DAMAGE COMBAT B56 1
SIEGE A 43 5
END TURN 235
TURN 236
COMMAND LEFT START
TRAIN 1
COMMAND LEFT END
COMMAND RIGHT START
MOVE B65 98
MOVE B83 98
MOVE B86 98
MOVE B87 98
MOVE B89 98
UPGRADE 43
TRAIN 3
COMMAND RIGHT END
TURN 236 RESULT
TIME LEFT 0 5 RIGHT 0 5
UPGRADE B 43
TRAIN A118 B150 B151 B152
MOVE A83 42
MOVE A85 24
MOVE A89 24
MOVE A92 24
MOVE A100 39
MOVE A101 39
MOVE A102 39
MOVE A103 39
MOVE A104 39
MOVE A105 39
MOVE A108 42
MOVE A109 42
MOVE A110 30
MOVE A111 30
MOVE A112 30
MOVE A113 30
MOVE A114 30
MOVE A115 19
MOVE A116 17
MOVE B65 41
MOVE B83 41
MOVE B86 41
MOVE B87 41
MOVE B89 41
MOVE B92 64
MOVE B93 79
MOVE B104 79
MOVE B105 79
MOVE B130 55
MOVE B133 164
MOVE B134 164
MOVE B135 164
MOVE B136 164
MOVE B137 164
MOVE B138 164
MOVE B139 164
MOVE B140 164
MOVE B141 164
MOVE B142 164
MOVE B143 164
END TURN 236
TURN 237
COMMAND LEFT START
TRAIN 1
COMMAND LEFT END
COMMAND RIGHT START
MOVE B51 43
MOVE B53 43
MOVE B59 43
MOVE B60 43
MOVE B106 43
MOVE B107 64
MOVE B108 64
MOVE B109 63
MOVE B110 63
MOVE B129 47
MOVE B128 47
MOVE B127 47
MOVE B126 47
MOVE B125 47
MOVE B124 47
MOVE B123 47
MOVE B122 47
MOVE B121 47
MOVE B120 47
MOVE B119 47
MOVE B118 47
MOVE B117 47
MOVE B116 47
MOVE B114 47
MOVE B113 47
COMMAND RIGHT END
TURN 237 RESULT
TIME LEFT 0 5 RIGHT 0 5
TRAIN A119
MOVE A83 39
MOVE A85 22
MOVE A89 22
MOVE A92 22
MOVE A100 45
MOVE A101 45
MOVE A102 45
MOVE A103 45
MOVE A104 45
MOVE A105 45
MOVE A108 39
MOVE A109 39
MOVE A110 43
MOVE A111 43
MOVE A112 43
MOVE A113 43
MOVE A114 43
MOVE A115 30
MOVE A116 19
MOVE B51 51
MOVE B53 51
MOVE B59 53
MOVE B60 53
MOVE B65 53
MOVE B83 53
MOVE B86 53
MOVE B87 53
MOVE B89 53
MOVE B93 81
MOVE B104 81
MOVE B105 81
MOVE B106 92
MOVE B107 92
MOVE B108 92
MOVE B109 92
MOVE B110 92
MOVE B113 89
MOVE B114 89
MOVE B116 89
MOVE B117 89
MOVE B118 89
MOVE B119 89
MOVE B120 89
MOVE B121 89
MOVE B122 89
MOVE B123 89
MOVE B124 89
MOVE B125 89
MOVE B126 89
MOVE B127 89
MOVE B128 89
MOVE B129 89
MOVE B130 39
MOVE B133 151
MOVE B134 151
MOVE B135 151
MOVE B136 151
MOVE B137 151
MOVE B138 151
MOVE B139 151
MOVE B140 151
MOVE B141 151
MOVE B142 151
MOVE B143 151
DAMAGE TURRET A110 1
DAMAGE COMBAT A83 1
DAMAGE COMBAT A110 1
DAMAGE COMBAT B90 5
DAMAGE COMBAT B130 3
END TURN 237
TURN 238
COMMAND LEFT START
MOVE A6 47
MOVE A40 47
MOVE A97 47
MOVE A98 47
MOVE A99 47
MOVE A116 37
TRAIN 1
COMMAND LEFT END
COMMAND RIGHT START
MOVE B111 43
MOVE B20 43
MOVE B21 43
MOVE B14 126
MOVE B15 126
MOVE B152 98
MOVE B151 98
MOVE B150 98
MOVE B149 98
MOVE B148 98
MOVE B147 98
MOVE B146 98
MOVE B145 98
MOVE B144 98
TRAIN 3
COMMAND RIGHT END
TURN 238 RESULT
TIME LEFT 0 5 RIGHT 0 5
TRAIN A120 B153 B154 B155
MOVE A6 34
MOVE A40 34
MOVE A85 20
MOVE A89 20
MOVE A92 20
MOVE A97 34
MOVE A98 34
MOVE A99 34
MOVE A100 40
MOVE A101 40
MOVE A102 40
MOVE A103 40
MOVE A104 40
MOVE A105 40
MOVE A115 43
MOVE A116 17
MOVE B14 193
MOVE B15 193
MOVE B20 113
MOVE B21 113
MOVE B51 43
MOVE B53 43
MOVE B59 41
MOVE B60 41
MOVE B65 64
MOVE B83 64
MOVE B86 64
MOVE B87 64
MOVE B89 64
MOVE B93 70
MOVE B104 70
MOVE B105 70
MOVE B106 75
MOVE B107 75
MOVE B108 75
MOVE B109 85
MOVE B110 85
MOVE B111 92
MOVE B113 79
MOVE B114 79
MOVE B116 79
MOVE B117 79
MOVE B118 79
MOVE B119 79
MOVE B120 79
MOVE B121 79
MOVE B122 79
MOVE B123 79
MOVE B124 79
MOVE B125 79
MOVE B126 79
MOVE B127 79
MOVE B128 79
MOVE B129 79
MOVE B133 144
MOVE B134 144
MOVE B135 144
MOVE B136 144
MOVE B137 144
MOVE B138 144
MOVE B139 144
MOVE B140 144
MOVE B141 144
MOVE B142 144
MOVE B143 144
MOVE B144 191
MOVE B145 191
MOVE B146 191
MOVE B147 191
MOVE B148 191
MOVE B149 191
MOVE B150 191
MOVE B151 191
MOVE B152 191
DAMAGE TURRET A110 1
DAMAGE COMBAT A83 1
DAMAGE COMBAT A110 3
DAMAGE COMBAT B51 3
DAMAGE COMBAT B90 3
DAMAGE COMBAT B130 3
END TURN 238
TURN 239
COMMAND LEFT START
MOVE A106 47
MOVE A107 47
MOVE A117 47
MOVE A118 47
MOVE A119 47
TRAIN 1
COMMAND LEFT END
COMMAND RIGHT START
MOVE B155 98
MOVE B154 98
MOVE B153 98
MOVE B105 98
MOVE B104 98
MOVE B94 98
TRAIN 3
COMMAND RIGHT END
TURN 239 RESULT
TIME LEFT 0 5 RIGHT 0 5
TRAIN A121 B156 B157 B158
MOVE A6 47
MOVE A40 47
MOVE A85 18
MOVE A89 18
MOVE A92 18
MOVE A97 47
MOVE A98 47
MOVE A99 47
MOVE A100 41
MOVE A101 41
MOVE A102 41
MOVE A103 41
MOVE A104 41
MOVE A105 41
MOVE A106 34
MOVE A107 34
MOVE A116 23
MOVE A117 3
MOVE A118 3
MOVE A119 3
MOVE B14 184
MOVE B15 184
MOVE B20 100
MOVE B21 100
MOVE B59 43
MOVE B60 43
MOVE B65 75
MOVE B83 75
MOVE B86 75
MOVE B87 75
MOVE B89 75
MOVE B94 81
MOVE B104 81
MOVE B105 81
MOVE B106 64
MOVE B107 64
MOVE B108 64
MOVE B109 82
MOVE B110 82
MOVE B111 75
MOVE B113 60
MOVE B114 60
MOVE B116 60
MOVE B117 60
MOVE B118 60
MOVE B119 60
MOVE B120 60
MOVE B121 60
MOVE B122 60
MOVE B123 60
MOVE B124 60
MOVE B125 60
MOVE B126 60
MOVE B127 60
MOVE B128 60
MOVE B129 60
MOVE B133 130
MOVE B134 130
MOVE B135 130
MOVE B136 130
MOVE B137 130
MOVE B138 130
MOVE B139 130
MOVE B140 130
MOVE B141 130
MOVE B142 130
MOVE B143 130
MOVE B144 173
MOVE B145 173
MOVE B146 173
MOVE B147 173
MOVE B148 173
MOVE B149 173
MOVE B150 173
MOVE B151 173
MOVE B152 173
MOVE B153 191
MOVE B154 191
MOVE B155 191
DAMAGE TURRET A110 1
DAMAGE COMBAT A83 1
DAMAGE COMBAT A111 4
DAMAGE COMBAT B51 4
DAMAGE COMBAT B59 2
DAMAGE COMBAT B130 2
END TURN 239
TURN 240
COMMAND LEFT START
MOVE A120 20
MOVE A6 37
MOVE A40 37
MOVE A97 37
MOVE A98 37
MOVE A99 37
TRAIN 1
COMMAND LEFT END
COMMAND RIGHT START
MOVE B158 20
MOVE B157 98
MOVE B156 98
TRAIN 2
COMMAND RIGHT END
TURN 240 RESULT
TIME LEFT 0 5 RIGHT 0 5
TRAIN A122 B159 B160
MOVE A6 34
MOVE A40 34
MOVE A83 45
MOVE A85 26
MOVE A89 26
MOVE A92 26
MOVE A97 34
MOVE A98 34
MOVE A99 34
MOVE A100 43
MOVE A101 43
MOVE A102 43
MOVE A103 43
MOVE A104 43
MOVE A105 43
MOVE A106 47
MOVE A107 47
MOVE A108 32
MOVE A109 32
MOVE A116 26
MOVE A117 12
MOVE A118 12
MOVE A119 12
MOVE A120 3
MOVE B14 174
MOVE B15 174
MOVE B20 90
MOVE B21 90
MOVE B65 92
MOVE B83 92
MOVE B86 92
MOVE B87 92
MOVE B89 92
MOVE B94 79
MOVE B104 79
MOVE B105 79
MOVE B106 53
MOVE B109 74
MOVE B110 74
MOVE B111 64
MOVE B113 48
MOVE B114 48
MOVE B116 48
MOVE B117 48
MOVE B118 48
MOVE B119 48
MOVE B120 48
MOVE B121 48
MOVE B122 48
MOVE B123 48
MOVE B124 48
MOVE B125 48
MOVE B126 48
MOVE B127 48
MOVE B128 48
MOVE B129 48
MOVE B133 104
MOVE B134 104
MOVE B135 104
MOVE B136 104
MOVE B137 104
MOVE B138 104
MOVE B139 104
MOVE B140 104
MOVE B141 104
MOVE B142 104
MOVE B143 104
MOVE B144 164
MOVE B145 164
MOVE B146 164
MOVE B147 164
MOVE B148 164
MOVE B149 164
MOVE B150 164
MOVE B151 164
MOVE B152 164
MOVE B153 173
MOVE B154 173
MOVE B155 173
MOVE B156 191
MOVE B157 191
MOVE B158 191
DAMAGE TURRET A111 1
DAMAGE COMBAT A100 1
DAMAGE COMBAT A111 2
DAMAGE COMBAT B53 7
DAMAGE COMBAT B59 2
DAMAGE COMBAT B60 2
END TURN 240
TURN 241
COMMAND LEFT START
MOVE A106 37
MOVE A107 37
TRAIN 1
COMMAND LEFT END
COMMAND RIGHT START
MOVE B160 98
MOVE B159 98
TRAIN 3
COMMAND RIGHT END
TURN 241 RESULT
TIME LEFT 0 5 RIGHT 0 5
TRAIN A123 B161 B162 B163
MOVE A6 37
MOVE A40 37
MOVE A83 40
MOVE A85 23
MOVE A89 23
MOVE A92 23
MOVE A97 37
MOVE A98 37
MOVE A99 37
MOVE A106 34
MOVE A107 34
MOVE A108 31
MOVE A109 31
MOVE A116 18
MOVE A117 22
MOVE A118 22
MOVE A119 22
MOVE A120 10
MOVE B14 160
MOVE B15 160
MOVE B20 73
MOVE B21 73
MOVE B65 98
MOVE B83 98
MOVE B86 98
MOVE B87 98
MOVE B89 98
MOVE B94 89
MOVE B104 89
MOVE B105 89
MOVE B106 41
MOVE B109 73
MOVE B110 73
MOVE B111 53
MOVE B113 47
MOVE B114 47
MOVE B116 47
MOVE B117 47
MOVE B118 47
MOVE B119 47
MOVE B120 47
MOVE B121 47
MOVE B122 47
MOVE B123 47
MOVE B124 47
MOVE B125 47
MOVE B126 47
MOVE B127 47
MOVE B128 47
MOVE B129 47
MOVE B133 98
MOVE B134 98
MOVE B135 98
MOVE B136 98
MOVE B137 98
MOVE B138 98
MOVE B139 98
MOVE B140 98
MOVE B141 98
MOVE B142 98
MOVE B143 98
MOVE B144 151
MOVE B145 151
MOVE B146 151
MOVE B147 151
MOVE B148 151
MOVE B149 151
MOVE B150 151
MOVE B151 151
MOVE B152 151
MOVE B153 164
MOVE B154 164
MOVE B155 164
MOVE B156 173
MOVE B157 173
MOVE B158 173
MOVE B159 191
MOVE B160 191
DAMAGE TURRET A100 1
DAMAGE TURRET B113 2
DAMAGE COMBAT A100 1
DAMAGE COMBAT B60 5
SIEGE B 43 5
SIEGE A 47 16
END TURN 241
TURN 242
COMMAND LEFT START
MOVE A6 47
MOVE A40 47
MOVE A97 47
MOVE A98 47
MOVE A99 47
MOVE A121 47
MOVE A122 47
MOVE A123 47
TRAIN 1
COMMAND LEFT END
COMMAND RIGHT START
TRAIN 3
COMMAND RIGHT END
TURN 242 RESULT
TIME LEFT 0 5 RIGHT 0 5
TRAIN A124 B164 B165 B166
MOVE A6 34
MOVE A40 34
MOVE A83 41
MOVE A85 17
MOVE A89 17
MOVE A92 17
MOVE A97 34
MOVE A98 34
MOVE A99 34
MOVE A106 37
MOVE A107 37
MOVE A108 19
MOVE A109 19
MOVE A116 20
MOVE A117 36
MOVE A118 36
MOVE A119 36
MOVE A120 20
MOVE A121 3
MOVE A122 3
MOVE A123 3
MOVE B14 148
MOVE B15 148
MOVE B20 51
MOVE B21 51
MOVE B94 98
MOVE B104 98
MOVE B105 98
MOVE B106 43
MOVE B109 63
MOVE B110 63
MOVE B111 41
MOVE B144 144
MOVE B145 144
MOVE B146 144
MOVE B147 144
MOVE B148 144
MOVE B149 144
MOVE B150 144
MOVE B151 144
MOVE B152 144
MOVE B153 151
MOVE B154 151
MOVE B155 151
MOVE B156 164
MOVE B157 164
MOVE B158 164
MOVE B159 173
MOVE B160 173
DAMAGE TURRET A100 1
DAMAGE TURRET B113 2
DAMAGE COMBAT A83 1
DAMAGE COMBAT A100 1
DAMAGE COMBAT B106 8
DAMAGE COMBAT B111 1
SIEGE B 43 1
SIEGE A 47 1
END TURN 242
TURN 243
COMMAND LEFT START
MOVE A124 37
MOVE A100 37
MOVE A101 37
MOVE A102 37
MOVE A103 37
MOVE A104 37
MOVE A105 37
MOVE A112 37
MOVE A113 37
MOVE A114 37
MOVE A115 98
COMMAND LEFT END
COMMAND RIGHT START
MOVE B113 98
MOVE B114 98
MOVE B116 98
MOVE B117 98
MOVE B118 98
MOVE B119 98
MOVE B120 98
MOVE B121 98
MOVE B122 98
MOVE B123 98
MOVE B124 98
MOVE B125 98
MOVE B126 98
MOVE B127 98
MOVE B128 98
UPGRADE 47
TRAIN 3
COMMAND RIGHT END
TURN 243 RESULT
TIME LEFT 0 5 RIGHT 1 5
UPGRADE B 47
TRAIN B167 B168 B169
MOVE A6 47
MOVE A40 47
MOVE A85 19
MOVE A89 19
MOVE A92 19
MOVE A97 47
MOVE A98 47
MOVE A99 47
MOVE A100 41
MOVE A101 41
MOVE A102 41
MOVE A103 41
MOVE A104 41
MOVE A105 41
MOVE A112 41
MOVE A113 41
MOVE A114 41
MOVE A115 41
MOVE A116 22
MOVE A117 48
MOVE A118 48
MOVE A119 48
MOVE A121 12
MOVE A122 12
MOVE A123 12
MOVE A124 3
MOVE B14 126
MOVE B15 126
MOVE B20 43
MOVE B21 43
MOVE B113 48
MOVE B114 48
MOVE B116 48
MOVE B117 48
MOVE B118 48
MOVE B119 48
MOVE B120 48
MOVE B121 48
MOVE B122 48
MOVE B123 48
MOVE B124 48
MOVE B125 48
MOVE B126 48
MOVE B127 48
MOVE B128 48
MOVE B144 130
MOVE B145 130
MOVE B146 130
MOVE B147 130
MOVE B148 130
MOVE B149 130
MOVE B150 130
MOVE B151 130
MOVE B152 130
MOVE B153 144
MOVE B154 144
MOVE B155 144
MOVE B156 151
MOVE B157 151
MOVE B158 151
MOVE B159 164
MOVE B160 164
DAMAGE TURRET A6 1
DAMAGE COMBAT A97 1
DAMAGE COMBAT A100 1
DAMAGE COMBAT A117 7
DAMAGE COMBAT A118 7
DAMAGE COMBAT A119 1
DAMAGE COMBAT B111 7
DAMAGE COMBAT B113 3
DAMAGE COMBAT B129 5
END TURN 243
TURN 244
COMMAND LEFT START
MOVE A85 37
MOVE A89 37
MOVE A92 37
TRAIN 1
COMMAND LEFT END
COMMAND RIGHT START
UPGRADE 43
TRAIN 3
COMMAND RIGHT END
TURN 244 RESULT
TIME LEFT 0 5 RIGHT 1 5
UPGRADE B 43
TRAIN A125 B170 B171 B172
MOVE A83 43
MOVE A85 17
MOVE A89 17
MOVE A92 17
MOVE A100 40
MOVE A101 40
MOVE A102 40
MOVE A103 40
MOVE A104 40
MOVE A105 40
MOVE A112 40
MOVE A113 40
MOVE A114 40
MOVE A115 53
MOVE A116 24
MOVE A121 22
MOVE A122 22
MOVE A123 22
MOVE A124 12
MOVE B144 104
MOVE B145 104
MOVE B146 104
MOVE B147 104
MOVE B148 104
MOVE B149 104
MOVE B150 104
MOVE B151 104
MOVE B152 104
MOVE B153 130
MOVE B154 130
MOVE B155 130
MOVE B156 144
MOVE B157 144
MOVE B158 140
MOVE B159 151
MOVE B160 151
DAMAGE TURRET A40 1
DAMAGE TURRET A83 1
DAMAGE COMBAT A40 1
DAMAGE COMBAT A83 2
DAMAGE COMBAT A119 6
DAMAGE COMBAT B20 1
DAMAGE COMBAT B113 1
DAMAGE COMBAT B129 3
END TURN 244
TURN 245
COMMAND LEFT START
TRAIN 1
COMMAND LEFT END
COMMAND RIGHT START
MOVE B57 47
MOVE B58 47
MOVE B65 47
MOVE B83 47
MOVE B86 70
MOVE B87 70
MOVE B172 98
MOVE B171 98
MOVE B170 98
MOVE B169 98
MOVE B168 98
MOVE B167 98
MOVE B166 98
MOVE B165 98
MOVE B164 98
MOVE B163 98
MOVE B162 98
UPGRADE 43
COMMAND RIGHT END
TURN 245 RESULT
TIME LEFT 0 5 RIGHT 1 5
UPGRADE B 43
TRAIN A126
MOVE A85 23
MOVE A89 23
MOVE A92 23
MOVE A100 45
MOVE A101 45
MOVE A102 45
MOVE A103 45
MOVE A104 45
MOVE A105 45
MOVE A112 45
MOVE A113 45
MOVE A114 45
MOVE A115 64
MOVE A116 34
MOVE A121 36
MOVE A122 36
MOVE A123 36
MOVE A124 14
MOVE B57 59
MOVE B58 59
MOVE B65 89
MOVE B83 89
MOVE B86 89
MOVE B87 89
MOVE B114 60
MOVE B116 60
MOVE B117 60
MOVE B118 60
MOVE B119 60
MOVE B120 60
MOVE B121 60
MOVE B122 60
MOVE B123 60
MOVE B124 60
MOVE B125 60
MOVE B126 60
MOVE B127 60
MOVE B128 60
MOVE B144 98
MOVE B145 98
MOVE B146 98
MOVE B147 98
MOVE B148 98
MOVE B149 98
MOVE B150 98
MOVE B151 98
MOVE B152 98
MOVE B153 104
MOVE B154 104
MOVE B155 104
MOVE B156 130
MOVE B157 130
MOVE B158 121
MOVE B159 144
MOVE B160 144
MOVE B162 191
MOVE B163 191
MOVE B164 191
MOVE B165 191
MOVE B166 191
MOVE B167 191
MOVE B168 191
MOVE B169 191
MOVE B170 191
MOVE B171 191
MOVE B172 191
DAMAGE TURRET A40 1
DAMAGE TURRET A115 2
DAMAGE COMBAT A115 3
DAMAGE COMBAT B92 1
SIEGE B 47 3
END TURN 245
TURN 246
COMMAND LEFT START
COMMAND LEFT END
COMMAND RIGHT START
MOVE B89 47
MOVE B94 47
MOVE B104 47
TRAIN 1
COMMAND RIGHT END
TURN 246 RESULT
TIME LEFT 0 5 RIGHT 0 5
TRAIN B173
MOVE A85 26
MOVE A89 26
MOVE A92 26
MOVE A100 39
MOVE A101 39
MOVE A102 39
MOVE A103 39
MOVE A104 39
MOVE A105 39
MOVE A112 39
MOVE A113 39
MOVE A114 39
MOVE A116 37
MOVE A121 48
MOVE A122 48
MOVE A123 48
MOVE A124 15
MOVE B57 47
MOVE B58 47
MOVE B65 79
MOVE B83 79
MOVE B86 79
MOVE B87 79
MOVE B89 89
MOVE B94 89
MOVE B104 89
MOVE B114 79
MOVE B116 79
MOVE B117 79
MOVE B118 79
MOVE B119 79
MOVE B120 79
MOVE B121 79
MOVE B122 79
MOVE B123 79
MOVE B124 79
MOVE B125 79
MOVE B126 79
MOVE B127 79
MOVE B128 79
MOVE B153 98
MOVE B154 98
MOVE B155 98
MOVE B156 104
MOVE B157 104
MOVE B158 111
MOVE B159 130
MOVE B160 130
MOVE B162 173
MOVE B163 173
MOVE B164 173
MOVE B165 173
MOVE B166 173
MOVE B167 173
MOVE B168 173
MOVE B169 173
MOVE B170 173
MOVE B171 173
MOVE B172 173
DAMAGE TURRET A40 1
DAMAGE TURRET A115 2
DAMAGE COMBAT A40 2
DAMAGE COMBAT B57 3
DAMAGE COMBAT B107 1
END TURN 246
TURN 247
COMMAND LEFT START
TRAIN 1
COMMAND LEFT END
COMMAND RIGHT START
MOVE B22 47
MOVE B26 47
MOVE B2 47
MOVE B105 133
MOVE B112 133
MOVE B133 132
MOVE B155 19
MOVE B154 19
MOVE B153 19
MOVE B152 19
MOVE B151 19
MOVE B150 19
MOVE B149 19
MOVE B148 19
MOVE B147 19
MOVE B146 19
MOVE B145 19
MOVE B144 19
MOVE B143 19
MOVE B142 19
MOVE B141 19
MOVE B140 19
MOVE B139 19
MOVE B138 19
MOVE B137 19
MOVE B136 19
TRAIN 1
COMMAND RIGHT END
TURN 247 RESULT
TIME LEFT 0 5 RIGHT 0 5
TRAIN A127 B174
MOVE A85 18
MOVE A89 18
MOVE A92 18
MOVE A100 42
MOVE A101 42
MOVE A102 42
MOVE A103 42
MOVE A104 42
MOVE A105 42
MOVE A112 42
MOVE A113 42
MOVE A114 42
MOVE A121 47
MOVE A122 47
MOVE A123 47
MOVE A124 25
MOVE B2 114
MOVE B22 118
MOVE B26 118
MOVE B65 60
MOVE B83 60
MOVE B86 81
MOVE B87 81
MOVE B89 79
MOVE B94 79
MOVE B104 79
MOVE B105 104
MOVE B112 104
MOVE B114 89
MOVE B116 89
MOVE B117 89
MOVE B118 89
MOVE B119 89
MOVE B120 89
MOVE B121 89
MOVE B122 89
MOVE B123 89
MOVE B124 89
MOVE B125 89
MOVE B126 89
MOVE B127 89
MOVE B128 89
MOVE B133 104
MOVE B136 92
MOVE B137 92
MOVE B138 92
MOVE B139 92
MOVE B140 92
MOVE B141 92
MOVE B142 92
MOVE B143 92
MOVE B144 92
MOVE B145 92
MOVE B146 92
MOVE B147 92
MOVE B148 92
MOVE B149 92
MOVE B150 92
MOVE B151 92
MOVE B152 92
MOVE B153 92
MOVE B154 92
MOVE B155 92
MOVE B156 98
MOVE B157 98
MOVE B158 93
MOVE B159 104
MOVE B160 104
MOVE B162 164
MOVE B163 164
MOVE B164 164
MOVE B165 164
MOVE B166 164
MOVE B167 164
MOVE B168 164
MOVE B169 164
MOVE B170 164
MOVE B171 164
MOVE B172 164
DAMAGE TURRET A98 1
DAMAGE COMBAT A98 2
DAMAGE COMBAT B57 4
DAMAGE COMBAT B58 1
END TURN 247
TURN 248
COMMAND LEFT START
COMMAND LEFT END
COMMAND RIGHT START
MOVE B134 47
MOVE B135 47
MOVE B156 47
MOVE B25 64
MOVE B174 98
MOVE B173 98
UPGRADE 43
COMMAND RIGHT END
TURN 248 RESULT
TIME LEFT 0 5 RIGHT 0 5
UPGRADE B 43
MOVE A85 20
MOVE A89 20
MOVE A92 20
MOVE A100 48
MOVE A101 48
MOVE A102 48
MOVE A103 48
MOVE A104 48
MOVE A105 48
MOVE A112 48
MOVE A113 48
MOVE A114 48
MOVE A124 37
MOVE B2 97
MOVE B22 108
MOVE B25 191
MOVE B26 108
MOVE B65 48
MOVE B83 48
MOVE B86 70
MOVE B87 70
MOVE B89 60
MOVE B94 60
MOVE B104 60
MOVE B105 111
MOVE B112 111
MOVE B114 98
MOVE B116 98
MOVE B117 98
MOVE B118 98
MOVE B119 98
MOVE B120 98
MOVE B121 98
MOVE B122 98
MOVE B123 98
MOVE B124 98
MOVE B125 98
MOVE B126 98
MOVE B127 98
MOVE B128 98
MOVE B133 121
MOVE B134 89
MOVE B135 89
MOVE B136 75
MOVE B137 75
MOVE B138 75
MOVE B139 75
MOVE B140 75
MOVE B141 75
MOVE B142 75
MOVE B143 75
MOVE B144 75
MOVE B145 75
MOVE B146 75
MOVE B147 75
MOVE B148 75
MOVE B149 75
MOVE B150 75
MOVE B151 75
MOVE B152 75
MOVE B153 75
MOVE B154 75
MOVE B155 75
MOVE B156 89
MOVE B158 79
MOVE B159 98
MOVE B160 98
MOVE B162 151
MOVE B163 151
MOVE B164 151
MOVE B165 151
MOVE B166 151
MOVE B167 151
MOVE B168 151
MOVE B169 151
MOVE B170 151
MOVE B171 151
MOVE B172 151
MOVE B173 191
MOVE B174 191
DAMAGE TURRET A98 1
DAMAGE COMBAT A98 1
DAMAGE COMBAT A100 1
DAMAGE COMBAT A101 1
DAMAGE COMBAT B58 5
DAMAGE COMBAT B65 7
DAMAGE COMBAT B83 2
END TURN 248
TURN 249
COMMAND LEFT START
MOVE A124 19
COMMAND LEFT END
COMMAND RIGHT START
MOVE B13 47
MOVE B5 47
MOVE B7 47
MOVE B114 153
MOVE B116 153
MOVE B117 132
TRAIN 1
COMMAND RIGHT END
TURN 249 RESULT
TIME LEFT 0 5 RIGHT 0 5
TRAIN B175
MOVE A85 22
MOVE A89 22
MOVE A92 22
MOVE A124 34
MOVE B2 81
MOVE B5 145
MOVE B7 145
MOVE B13 114
MOVE B22 96
MOVE B25 173
MOVE B26 96
MOVE B89 48
MOVE B94 48
MOVE B104 48
MOVE B105 114
MOVE B112 114
MOVE B114 104
MOVE B116 104
MOVE B117 104
MOVE B133 132
MOVE B134 79
MOVE B135 79
MOVE B136 64
MOVE B137 64
MOVE B138 64
MOVE B139 64
MOVE B140 64
MOVE B141 64
MOVE B142 64
MOVE B143 64
MOVE B144 64
MOVE B145 64
MOVE B146 64
MOVE B147 64
MOVE B148 64
MOVE B149 64
MOVE B150 64
MOVE B151 64
MOVE B152 64
MOVE B153 64
MOVE B154 64
MOVE B155 64
MOVE B156 79
MOVE B158 60
MOVE B162 144
MOVE B163 144
MOVE B164 144
MOVE B165 144
MOVE B166 144
MOVE B167 144
MOVE B168 144
MOVE B169 144
MOVE B170 144
MOVE B171 144
MOVE B172 144
MOVE B173 173
MOVE B174 173
DAMAGE TURRET A98 1
DAMAGE COMBAT A98 1
DAMAGE COMBAT A101 4
DAMAGE COMBAT B58 1
DAMAGE COMBAT B83 6
DAMAGE COMBAT B89 2
SIEGE B 47 3
END TURN 249
TURN 250
COMMAND LEFT START
MOVE A99 37
MOVE A121 19
MOVE A122 19
MOVE A123 37
TRAIN 1
COMMAND LEFT END
COMMAND RIGHT START
MOVE B118 43
MOVE B175 98
TRAIN 2
COMMAND RIGHT END
TURN 250 RESULT
TIME LEFT 0 5 RIGHT 0 5
TRAIN A128 B176 B177
MOVE A85 24
MOVE A89 24
MOVE A92 24
MOVE A99 34
MOVE A121 48
MOVE A122 48
MOVE A123 34
MOVE A124 24
MOVE B2 70
MOVE B5 123
MOVE B7 123
MOVE B13 97
MOVE B22 83
MOVE B25 164
MOVE B26 83
MOVE B105 122
MOVE B112 122
MOVE B114 121
MOVE B116 121
MOVE B117 121
MOVE B118 92
MOVE B134 60
MOVE B135 60
MOVE B136 40
MOVE B137 40
MOVE B138 40
MOVE B139 40
MOVE B140 40
MOVE B141 40
MOVE B142 40
MOVE B143 40
MOVE B144 40
MOVE B145 40
MOVE B146 40
MOVE B147 40
MOVE B148 40
MOVE B149 40
MOVE B150 40
MOVE B151 40
MOVE B152 40
MOVE B153 40
MOVE B154 40
MOVE B155 40
MOVE B156 60
MOVE B158 42
MOVE B162 130
MOVE B163 130
MOVE B164 130
MOVE B165 130
MOVE B166 130
MOVE B167 130
MOVE B168 130
MOVE B169 130
MOVE B170 130
MOVE B171 130
MOVE B172 130
MOVE B173 164
MOVE B174 164
MOVE B175 191
DAMAGE COMBAT A101 2
DAMAGE COMBAT A102 1
DAMAGE COMBAT B89 6
DAMAGE COMBAT B94 4
END TURN 250
TURN 251
COMMAND LEFT START
COMMAND LEFT END
COMMAND RIGHT START
MOVE B177 98
MOVE B176 98
TRAIN 3
COMMAND RIGHT END
TURN 251 RESULT
TIME LEFT 0 5 RIGHT 0 5
TRAIN B178 B179 B180
MOVE A85 34
MOVE A89 34
MOVE A92 34
MOVE A99 37
MOVE A123 37
MOVE A124 22
MOVE B2 59
MOVE B5 106
MOVE B7 106
MOVE B13 81
MOVE B22 69
MOVE B25 151
MOVE B26 69
MOVE B105 123
MOVE B112 123
MOVE B114 132
MOVE B116 132
MOVE B117 132
MOVE B118 75
MOVE B134 48
MOVE B135 48
MOVE B136 31
MOVE B137 31
MOVE B138 31
MOVE B139 31
MOVE B140 31
MOVE B141 31
MOVE B142 31
MOVE B143 31
MOVE B144 31
MOVE B145 31
MOVE B146 31
MOVE B147 31
MOVE B148 31
MOVE B149 31
MOVE B150 31
MOVE B151 31
MOVE B152 31
MOVE B153 31
MOVE B154 31
MOVE B155 31
MOVE B156 48
MOVE B158 33
MOVE B162 104
MOVE B163 104
MOVE B164 104
MOVE B165 104
MOVE B166 104
MOVE B167 104
MOVE B168 104
MOVE B169 104
MOVE B170 104
MOVE B171 104
MOVE B172 104
MOVE B173 151
MOVE B174 151
MOVE B175 173
MOVE B176 191
MOVE B177 191
DAMAGE COMBAT A102 5
DAMAGE COMBAT B94 4
DAMAGE COMBAT B104 5
END TURN 251
TURN 252
COMMAND LEFT START
COMMAND LEFT END
COMMAND RIGHT START
MOVE B180 98
MOVE B179 98
MOVE B178 98
TRAIN 3
COMMAND RIGHT END
TURN 252 RESULT
TIME LEFT 0 5 RIGHT 0 5
TRAIN B181 B182 B183
MOVE A85 37
MOVE A89 37
MOVE A92 37
MOVE A124 20
MOVE B2 47
MOVE B5 96
MOVE B7 96
MOVE B13 70
MOVE B22 47
MOVE B25 144
MOVE B26 47
MOVE B105 133
MOVE B112 133
MOVE B114 143
MOVE B116 143
MOVE B118 64
MOVE B136 19
MOVE B137 19
MOVE B138 19
MOVE B139 19
MOVE B140 19
MOVE B141 19
MOVE B142 19
MOVE B143 19
MOVE B144 19
MOVE B145 19
MOVE B146 19
MOVE B147 19
MOVE B148 19
MOVE B149 19
MOVE B150 19
MOVE B151 19
MOVE B152 19
MOVE B153 19
MOVE B154 19
MOVE B155 19
MOVE B158 29
MOVE B162 98
MOVE B163 98
MOVE B164 98
MOVE B165 98
MOVE B166 98
MOVE B167 98
MOVE B168 98
MOVE B169 98
MOVE B170 98
MOVE B171 98
MOVE B172 98
MOVE B173 144
MOVE B174 144
MOVE B175 164
MOVE B176 173
MOVE B177 173
MOVE B178 191
MOVE B179 191
MOVE B180 191
DAMAGE TURRET B136 2
DAMAGE COMBAT A2 2
DAMAGE COMBAT A4 4
DAMAGE COMBAT A19 5
DAMAGE COMBAT A30 6
DAMAGE COMBAT A102 1
DAMAGE COMBAT A103 3
DAMAGE COMBAT A108 3
DAMAGE COMBAT B104 3
DAMAGE COMBAT B134 6
DAMAGE COMBAT B136 6
END TURN 252
TURN 253
COMMAND LEFT START
MOVE A85 19
MOVE A89 19
MOVE A92 19
MOVE A99 19
MOVE A106 19
MOVE A107 19
MOVE A116 19
MOVE A123 19
MOVE A125 19
MOVE A126 19
MOVE A127 19
TRAIN 2
COMMAND LEFT END
COMMAND RIGHT START
UPGRADE 47
TRAIN 3
COMMAND RIGHT END
TURN 253 RESULT
TIME LEFT 0 5 RIGHT 1 5
UPGRADE B 47
TRAIN A129 A130 B184 B185 B186
MOVE A85 34
MOVE A89 34
MOVE A92 34
MOVE A99 34
MOVE A106 34
MOVE A107 34
MOVE A116 34
MOVE A123 34
MOVE A124 18
MOVE A125 5
MOVE A126 5
MOVE A127 5
MOVE B5 83
MOVE B7 83
MOVE B13 59
MOVE B25 130
MOVE B114 155
MOVE B116 155
MOVE B118 53
MOVE B158 20
MOVE B173 130
MOVE B174 130
MOVE B175 151
MOVE B176 164
MOVE B177 164
MOVE B178 173
MOVE B179 173
MOVE B180 173
DAMAGE TURRET B137 2
DAMAGE TURRET B158 2
DAMAGE COMBAT A5 1
DAMAGE COMBAT A103 3
DAMAGE COMBAT A108 4
DAMAGE COMBAT A109 7
DAMAGE COMBAT B134 2
DAMAGE COMBAT B135 6
DAMAGE COMBAT B137 2
DAMAGE COMBAT B158 4
SIEGE A 19 8
END TURN 253
TURN 254
COMMAND LEFT START
TRAIN 2
COMMAND LEFT END
COMMAND RIGHT START
MOVE B27 47
MOVE B105 47
MOVE B17 47
MOVE B117 47
MOVE B119 133
MOVE B120 133
MOVE B121 132
MOVE B122 132
UPGRADE 47
COMMAND RIGHT END
TURN 254 RESULT
TIME LEFT 0 5 RIGHT 0 5
UPGRADE B 47
TRAIN A131 A132
MOVE A85 24
MOVE A89 24
MOVE A92 24
MOVE A99 24
MOVE A106 24
MOVE A107 24
MOVE A116 24
MOVE A123 24
MOVE A124 26
MOVE A125 17
MOVE A126 17
MOVE A127 17
MOVE B5 69
MOVE B7 69
MOVE B13 47
MOVE B17 114
MOVE B25 120
MOVE B27 118
MOVE B105 118
MOVE B114 153
MOVE B116 153
MOVE B117 114
MOVE B118 41
MOVE B119 104
MOVE B120 104
MOVE B121 104
MOVE B122 104
MOVE B173 104
MOVE B174 104
MOVE B175 144
MOVE B176 151
MOVE B177 151
MOVE B178 164
MOVE B179 164
MOVE B180 164
DAMAGE TURRET B137 2
DAMAGE TURRET B158 2
DAMAGE COMBAT A5 1
DAMAGE COMBAT A103 1
DAMAGE COMBAT A104 1
DAMAGE COMBAT B135 2
DAMAGE COMBAT B156 6
SIEGE A 19 10
END TURN 254
TURN 255
COMMAND LEFT START
MOVE A128 20
COMMAND LEFT END
COMMAND RIGHT START
MOVE B137 98
MOVE B138 98
MOVE B139 98
MOVE B140 98
MOVE B141 98
MOVE B142 98
MOVE B143 98
MOVE B144 98
MOVE B145 98
MOVE B146 98
MOVE B147 98
MOVE B148 98
MOVE B149 98
MOVE B150 98
MOVE B151 98
MOVE B152 98
MOVE B153 98
MOVE B154 98
UPGRADE 19
COMMAND RIGHT END
TURN 255 RESULT
TIME LEFT 0 5 RIGHT 1 5
UPGRADE B 19
MOVE A85 22
MOVE A89 22
MOVE A92 22
MOVE A99 22
MOVE A106 22
MOVE A107 22
MOVE A116 22
MOVE A123 22
MOVE A124 23
MOVE A125 19
MOVE A126 19
MOVE A127 19
MOVE A128 3
MOVE B5 47
MOVE B7 47
MOVE B17 97
MOVE B25 107
MOVE B27 108
MOVE B105 108
MOVE B117 97
MOVE B118 43
MOVE B119 111
MOVE B120 111
MOVE B121 121
MOVE B122 121
MOVE B137 31
MOVE B138 31
MOVE B139 31
MOVE B140 31
MOVE B141 31
MOVE B142 31
MOVE B143 31
MOVE B144 31
MOVE B145 31
MOVE B146 31
MOVE B147 31
MOVE B148 31
MOVE B149 31
MOVE B150 31
MOVE B151 31
MOVE B152 31
MOVE B153 31
MOVE B154 31
MOVE B173 98
MOVE B174 98
MOVE B175 130
MOVE B176 144
MOVE B177 144
MOVE B178 151
MOVE B179 151
MOVE B180 151
DAMAGE TURRET A125 1
DAMAGE COMBAT A104 1
DAMAGE COMBAT A125 1
DAMAGE COMBAT B155 3
DAMAGE COMBAT B156 2
END TURN 255
TURN 256
COMMAND LEFT START
COMMAND LEFT END
COMMAND RIGHT START
MOVE B123 70
MOVE B124 70
MOVE B125 70
MOVE B126 70
MOVE B127 70
UPGRADE 47
COMMAND RIGHT END
TURN 256 RESULT
TIME LEFT 0 5 RIGHT 0 5
UPGRADE B 47
MOVE A85 20
MOVE A89 20
MOVE A92 20
MOVE A99 20
MOVE A104 34
MOVE A105 34
MOVE A106 20
MOVE A107 20
MOVE A112 34
MOVE A113 34
MOVE A114 34
MOVE A116 20
MOVE A121 42
MOVE A122 42
MOVE A123 20
MOVE A124 17
MOVE A128 10
MOVE B17 81
MOVE B25 85
MOVE B27 96
MOVE B105 96
MOVE B117 81
MOVE B119 114
MOVE B120 114
MOVE B121 132
MOVE B122 132
MOVE B123 89
MOVE B124 89
MOVE B125 89
MOVE B126 89
MOVE B127 89
MOVE B137 40
MOVE B138 40
MOVE B139 40
MOVE B140 40
MOVE B141 40
MOVE B142 40
MOVE B143 40
MOVE B144 40
MOVE B145 40
MOVE B146 40
MOVE B147 40
MOVE B148 40
MOVE B149 40
MOVE B150 40
MOVE B151 40
MOVE B152 40
MOVE B153 40
MOVE B154 40
MOVE B175 104
MOVE B176 130
MOVE B177 130
MOVE B178 144
MOVE B179 144
MOVE B180 144
DAMAGE TURRET A125 1
DAMAGE COMBAT A125 1
DAMAGE COMBAT B155 3
END TURN 256
TURN 257
COMMAND LEFT START
COMMAND LEFT END
COMMAND RIGHT START
MOVE B20 19
MOVE B21 19
MOVE B107 19
MOVE B85 19
MOVE B109 19
MOVE B128 63
MOVE B157 63
MOVE B159 43
MOVE B160 43
MOVE B26 98
MOVE B22 98
MOVE B13 98
MOVE B186 98
MOVE B185 98
MOVE B184 98
MOVE B183 98
MOVE B182 98
MOVE B181 98
TRAIN 1
COMMAND RIGHT END
TURN 257 RESULT
TIME LEFT 0 5 RIGHT 1 5
TRAIN B187
MOVE A85 18
MOVE A89 18
MOVE A92 18
MOVE A99 18
MOVE A104 37
MOVE A105 37
MOVE A106 18
MOVE A107 18
MOVE A112 37
MOVE A113 37
MOVE A114 37
MOVE A116 18
MOVE A121 39
MOVE A122 39
MOVE A123 18
MOVE A124 19
MOVE A128 20
MOVE B13 48
MOVE B17 70
MOVE B20 30
MOVE B21 30
MOVE B22 48
MOVE B25 75
MOVE B26 48
MOVE B27 83
MOVE B85 51
MOVE B105 83
MOVE B107 40
MOVE B109 51
MOVE B117 70
MOVE B119 122
MOVE B120 122
MOVE B123 79
MOVE B124 79
MOVE B125 79
MOVE B126 79
MOVE B127 79
MOVE B128 92
MOVE B137 64
MOVE B138 64
MOVE B139 64
MOVE B140 64
MOVE B141 64
MOVE B142 64
MOVE B143 64
MOVE B144 64
MOVE B145 64
MOVE B146 64
MOVE B147 64
MOVE B148 64
MOVE B149 64
MOVE B150 64
MOVE B151 64
MOVE B152 64
MOVE B153 64
MOVE B154 64
MOVE B157 92
MOVE B159 92
MOVE B160 92
MOVE B175 98
MOVE B176 104
MOVE B177 104
MOVE B178 130
MOVE B179 130
MOVE B180 130
MOVE B181 191
MOVE B182 191
MOVE B183 191
MOVE B184 191
MOVE B185 191
MOVE B186 191
DAMAGE TURRET A125 1
DAMAGE COMBAT A125 1
DAMAGE COMBAT B155 2
SIEGE B 19 2
END TURN 257
TURN 258
COMMAND LEFT START
MOVE A104 98
MOVE A105 98
MOVE A112 98
MOVE A114 98
COMMAND LEFT END
COMMAND RIGHT START
MOVE B162 64
MOVE B187 98
TRAIN 3
COMMAND RIGHT END
TURN 258 RESULT
TIME LEFT 0 5 RIGHT 0 5
TRAIN B188 B189 B190
MOVE A85 26
MOVE A89 26
MOVE A92 26
MOVE A99 26
MOVE A104 34
MOVE A105 34
MOVE A106 26
MOVE A107 26
MOVE A112 34
MOVE A114 34
MOVE A116 26
MOVE A121 32
MOVE A122 32
MOVE A123 26
MOVE B13 60
MOVE B17 59
MOVE B20 19
MOVE B21 19
MOVE B22 60
MOVE B25 64
MOVE B26 60
MOVE B27 69
MOVE B85 43
MOVE B105 69
MOVE B107 31
MOVE B109 43
MOVE B117 59
MOVE B119 123
MOVE B120 123
MOVE B123 81
MOVE B124 81
MOVE B125 81
MOVE B126 81
MOVE B127 81
MOVE B128 85
MOVE B137 75
MOVE B138 75
MOVE B139 75
MOVE B140 75
MOVE B141 75
MOVE B142 75
MOVE B143 75
MOVE B144 75
MOVE B145 75
MOVE B146 75
MOVE B147 75
MOVE B148 75
MOVE B149 75
MOVE B150 75
MOVE B151 75
MOVE B152 75
MOVE B153 75
MOVE B154 75
MOVE B157 85
MOVE B159 75
MOVE B160 75
MOVE B162 92
MOVE B176 98
MOVE B177 98
MOVE B178 104
MOVE B179 104
MOVE B180 104
MOVE B181 173
MOVE B182 173
MOVE B183 173
MOVE B184 173
MOVE B185 173
MOVE B186 173
MOVE B187 191
DAMAGE TURRET A125 1
DAMAGE COMBAT A124 2
DAMAGE COMBAT B20 4
END TURN 258
TURN 259
COMMAND LEFT START
COMMAND LEFT END
COMMAND RIGHT START
MOVE B177 20
COMMAND RIGHT END
TURN 259 RESULT
TIME LEFT 0 5 RIGHT 0 5
MOVE A85 23
MOVE A89 23
MOVE A92 23
MOVE A99 23
MOVE A104 48
MOVE A105 48
MOVE A106 23
MOVE A107 23
MOVE A112 48
MOVE A114 48
MOVE A116 23
MOVE A121 31
MOVE A122 31
MOVE A123 23
MOVE B13 79
MOVE B17 47
MOVE B22 79
MOVE B26 79
MOVE B27 47
MOVE B85 30
MOVE B105 47
MOVE B107 19
MOVE B109 30
MOVE B117 47
MOVE B119 133
MOVE B120 133
MOVE B123 70
MOVE B124 70
MOVE B125 70
MOVE B126 70
MOVE B127 70
MOVE B128 82
MOVE B137 92
MOVE B138 92
MOVE B139 92
MOVE B140 92
MOVE B141 92
MOVE B142 92
MOVE B143 92
MOVE B144 92
MOVE B145 92
MOVE B146 92
MOVE B147 92
MOVE B148 92
MOVE B149 92
MOVE B150 92
MOVE B151 92
MOVE B152 92
MOVE B153 92
MOVE B154 92
MOVE B157 82
MOVE B159 64
MOVE B160 64
MOVE B162 75
MOVE B177 92
MOVE B178 98
MOVE B179 98
MOVE B180 98
MOVE B181 164
MOVE B182 164
MOVE B183 164
MOVE B184 164
MOVE B185 164
MOVE B186 164
MOVE B187 173
DAMAGE TURRET A124 1
DAMAGE COMBAT A124 3
DAMAGE COMBAT B20 1
DAMAGE COMBAT B21 2
END TURN 259
TURN 260
COMMAND LEFT START
COMMAND LEFT END
COMMAND RIGHT START
TRAIN 3
COMMAND RIGHT END
TURN 260 RESULT
TIME LEFT 0 5 RIGHT 0 5
TRAIN B191 B192 B193
MOVE A85 17
MOVE A89 17
MOVE A92 17
MOVE A99 17
MOVE A104 60
MOVE A105 60
MOVE A106 17
MOVE A107 17
MOVE A112 60
MOVE A114 60
MOVE A116 17
MOVE A121 19
MOVE A122 19
MOVE A123 17
MOVE B13 89
MOVE B22 89
MOVE B26 89
MOVE B85 19
MOVE B109 19
MOVE B128 74
MOVE B137 98
MOVE B138 98
MOVE B139 98
MOVE B140 98
MOVE B141 98
MOVE B142 98
MOVE B143 98
MOVE B144 98
MOVE B145 98
MOVE B146 98
MOVE B147 98
MOVE B148 98
MOVE B149 98
MOVE B150 98
MOVE B151 98
MOVE B152 98
MOVE B153 98
MOVE B154 98
MOVE B157 74
MOVE B159 53
MOVE B160 53
MOVE B162 64
MOVE B177 66
MOVE B181 151
MOVE B182 151
MOVE B183 151
MOVE B184 151
MOVE B185 151
MOVE B186 151
MOVE B187 164
DAMAGE TURRET A124 1
DAMAGE COMBAT A121 4
DAMAGE COMBAT B21 4
DAMAGE COMBAT B107 1
END TURN 260
TURN 261
COMMAND LEFT START
COMMAND LEFT END
COMMAND RIGHT START
TRAIN 3
COMMAND RIGHT END
TURN 261 RESULT
TIME LEFT 0 5 RIGHT 1 5
TRAIN B194 B195 B196
MOVE A85 19
MOVE A89 19
MOVE A92 19
MOVE A99 19
MOVE A104 79
MOVE A105 79
MOVE A106 19
MOVE A107 19
MOVE A112 79
MOVE A114 79
MOVE A116 19
MOVE A123 19
MOVE B13 98
MOVE B22 98
MOVE B26 98
MOVE B128 73
MOVE B157 73
MOVE B159 41
MOVE B160 41
MOVE B177 55
MOVE B181 144
MOVE B182 144
MOVE B183 144
MOVE B184 144
MOVE B185 144
MOVE B186 144
MOVE B187 151
DAMAGE TURRET A121 1
DAMAGE COMBAT A85 1
DAMAGE COMBAT A121 2
DAMAGE COMBAT B85 6
DAMAGE COMBAT B107 6
END TURN 261
TURN 262
COMMAND LEFT START
MOVE A132 37
COMMAND LEFT END
COMMAND RIGHT START
TRAIN 3
COMMAND RIGHT END
TURN 262 RESULT
TIME LEFT 0 5 RIGHT 1 5
TRAIN B197 B198 B199
MOVE A104 89
MOVE A105 89
MOVE A112 89
MOVE A114 89
MOVE A132 3
MOVE B128 63
MOVE B157 63
MOVE B159 43
MOVE B160 43
MOVE B177 39
MOVE B181 130
MOVE B182 130
MOVE B183 130
MOVE B184 130
MOVE B185 130
MOVE B186 130
MOVE B187 144
DAMAGE TURRET A85 1
DAMAGE COMBAT A85 2
DAMAGE COMBAT B85 2
DAMAGE COMBAT B109 8
SIEGE B 19 1
END TURN 262
TURN 263
COMMAND LEFT START
COMMAND LEFT END
COMMAND RIGHT START
MOVE B110 43
MOVE B128 43
MOVE B25 43
MOVE B108 43
MOVE B14 43
MOVE B13 64
MOVE B22 64
MOVE B26 63
MOVE B137 63
TRAIN 3
COMMAND RIGHT END
TURN 263 RESULT
TIME LEFT 0 5 RIGHT 2 5
TRAIN B200 B201 B202
MOVE A104 98
MOVE A105 98
MOVE A112 98
MOVE A114 98
MOVE A132 12
MOVE B13 92
MOVE B14 113
MOVE B22 92
MOVE B25 53
MOVE B26 92
MOVE B108 53
MOVE B110 51
MOVE B128 51
MOVE B137 92
MOVE B177 29
MOVE B181 104
MOVE B182 104
MOVE B183 104
MOVE B184 104
MOVE B185 104
MOVE B186 104
MOVE B187 130
DAMAGE TURRET A85 1
DAMAGE TURRET A104 2
DAMAGE COMBAT A104 3
DAMAGE COMBAT A105 7
DAMAGE COMBAT A112 7
DAMAGE COMBAT A114 7
DAMAGE COMBAT B138 4
SIEGE B 19 3
END TURN 263
TURN 264
COMMAND LEFT START
MOVE A85 37
MOVE A89 37
MOVE A92 37
MOVE A99 37
MOVE A106 37
MOVE A107 37
MOVE A116 37
MOVE A122 98
MOVE A123 37
MOVE A126 37
MOVE A127 98
TRAIN 1
COMMAND LEFT END
COMMAND RIGHT START
MOVE B138 126
MOVE B180 37
MOVE B179 37
MOVE B178 37
MOVE B176 37
MOVE B175 37
MOVE B174 37
MOVE B173 37
MOVE B172 37
MOVE B171 37
MOVE B170 37
MOVE B169 37
MOVE B168 37
MOVE B167 37
MOVE B166 37
MOVE B165 37
MOVE B164 37
MOVE B163 37
MOVE B154 37
MOVE B153 37
MOVE B152 37
MOVE B151 37
MOVE B150 37
MOVE B149 37
MOVE B148 37
MOVE B147 37
MOVE B146 37
MOVE B145 37
MOVE B144 37
MOVE B143 37
MOVE B142 37
MOVE B141 37
COMMAND RIGHT END
TURN 264 RESULT
TIME LEFT 0 5 RIGHT 1 5
TRAIN A133
MOVE A85 17
MOVE A89 17
MOVE A92 17
MOVE A99 17
MOVE A106 17
MOVE A107 17
MOVE A116 17
MOVE A122 31
MOVE A123 17
MOVE A126 17
MOVE A127 31
MOVE A132 14
MOVE B13 75
MOVE B14 100
MOVE B22 75
MOVE B25 41
MOVE B26 85
MOVE B108 41
MOVE B110 43
MOVE B128 43
MOVE B137 85
MOVE B138 107
MOVE B141 89
MOVE B142 89
MOVE B143 89
MOVE B144 89
MOVE B145 89
MOVE B146 89
MOVE B147 89
MOVE B148 89
MOVE B149 89
MOVE B150 89
MOVE B151 89
MOVE B152 89
MOVE B153 89
MOVE B154 89
MOVE B163 89
MOVE B164 89
MOVE B165 89
MOVE B166 89
MOVE B167 89
MOVE B168 89
MOVE B169 89
MOVE B170 89
MOVE B171 89
MOVE B172 89
MOVE B173 89
MOVE B174 89
MOVE B175 89
MOVE B176 89
MOVE B177 20
MOVE B178 89
MOVE B179 89
MOVE B180 89
MOVE B181 98
MOVE B182 98
MOVE B183 98
MOVE B184 98
MOVE B185 98
MOVE B186 98
MOVE B187 104
DAMAGE TURRET B177 2
DAMAGE COMBAT A5 1
DAMAGE COMBAT B177 5
END TURN 264
TURN 265
COMMAND LEFT START
MOVE A113 20
MOVE A129 20
MOVE A130 20
MOVE A131 20
MOVE A133 20
TRAIN 1
COMMAND LEFT END
COMMAND RIGHT START
MOVE B202 98
MOVE B201 98
MOVE B200 98
MOVE B199 98
MOVE B160 19
MOVE B127 98
MOVE B126 98
MOVE B125 98
MOVE B124 98
MOVE B123 98
MOVE B159 98
MOVE B117 98
MOVE B105 98
MOVE B27 98
MOVE B17 98
MOVE B198 98
TRAIN 2
COMMAND RIGHT END
TURN 265 RESULT
TIME LEFT 0 5 RIGHT 3 5
TRAIN A134 B203 B204
MOVE A85 23
MOVE A89 23
MOVE A92 23
MOVE A99 23
MOVE A106 23
MOVE A107 23
MOVE A113 34
MOVE A116 23
MOVE A122 40
MOVE A123 23
MOVE A126 23
MOVE A127 40
MOVE A129 3
MOVE A130 3
MOVE A131 3
MOVE A132 15
MOVE A133 3
MOVE B13 64
MOVE B14 90
MOVE B17 48
MOVE B22 64
MOVE B25 43
MOVE B26 82
MOVE B27 48
MOVE B105 48
MOVE B108 43
MOVE B117 48
MOVE B123 81
MOVE B124 81
MOVE B125 81
MOVE B126 81
MOVE B127 81
MOVE B137 82
MOVE B138 117
MOVE B141 79
MOVE B142 79
MOVE B143 79
MOVE B144 79
MOVE B145 79
MOVE B146 79
MOVE B147 79
MOVE B148 79
MOVE B149 79
MOVE B150 79
MOVE B151 79
MOVE B152 79
MOVE B153 79
MOVE B154 79
MOVE B159 41
MOVE B160 30
MOVE B163 79
MOVE B164 79
MOVE B165 79
MOVE B166 79
MOVE B167 79
MOVE B168 79
MOVE B169 79
MOVE B170 79
MOVE B171 79
MOVE B172 79
MOVE B173 79
MOVE B174 79
MOVE B175 79
MOVE B176 79
MOVE B178 79
MOVE B179 79
MOVE B180 79
MOVE B187 98
MOVE B198 191
MOVE B199 191
MOVE B200 191
MOVE B201 191
MOVE B202 191
DAMAGE TURRET B177 1
DAMAGE COMBAT A5 1
END TURN 265
TURN 266
COMMAND LEFT START
TRAIN 2
COMMAND LEFT END
COMMAND RIGHT START
MOVE B128 98
MOVE B118 98
MOVE B204 98
MOVE B203 98
MOVE B197 98
MOVE B196 98
MOVE B195 98
MOVE B194 98
MOVE B193 98
MOVE B192 98
MOVE B191 98
TRAIN 3
COMMAND RIGHT END
TURN 266 RESULT
TIME LEFT 0 5 RIGHT 0 5
TRAIN A135 A136 B205 B206 B207
MOVE A85 26
MOVE A89 26
MOVE A92 26
MOVE A99 26
MOVE A106 26
MOVE A107 26
MOVE A113 24
MOVE A116 26
MOVE A122 64
MOVE A123 26
MOVE A126 26
MOVE A127 64
MOVE A129 10
MOVE A130 10
MOVE A131 10
MOVE A132 25
MOVE A133 10
MOVE B14 73
MOVE B17 60
MOVE B26 74
MOVE B27 60
MOVE B105 60
MOVE B117 60
MOVE B118 41
MOVE B123 79
MOVE B124 79
MOVE B125 79
MOVE B126 79
MOVE B127 79
MOVE B128 41
MOVE B137 74
MOVE B138 115
MOVE B141 60
MOVE B142 60
MOVE B143 60
MOVE B144 60
MOVE B145 60
MOVE B146 60
MOVE B147 60
MOVE B148 60
MOVE B149 60
MOVE B150 60
MOVE B151 60
MOVE B152 60
MOVE B153 60
MOVE B154 60
MOVE B159 53
MOVE B160 19
MOVE B163 60
MOVE B164 60
MOVE B165 60
MOVE B166 60
MOVE B167 60
MOVE B168 60
MOVE B169 60
MOVE B170 60
MOVE B171 60
MOVE B172 60
MOVE B173 60
MOVE B174 60
MOVE B175 60
MOVE B176 60
MOVE B178 60
MOVE B179 60
MOVE B180 60
MOVE B191 191
MOVE B192 191
MOVE B193 191
MOVE B194 191
MOVE B195 191
MOVE B196 191
MOVE B197 191
MOVE B198 173
MOVE B199 173
MOVE B200 173
MOVE B201 173
MOVE B202 173
MOVE B203 191
MOVE B204 191
DAMAGE TURRET A122 2
DAMAGE COMBAT A122 3
DAMAGE COMBAT B13 2
END TURN 266
TURN 267
COMMAND LEFT START
TRAIN 2
COMMAND LEFT END
COMMAND RIGHT START
MOVE B187 20
MOVE B207 98
MOVE B206 98
MOVE B205 98
MOVE B190 98
MOVE B189 98
MOVE B188 98
UPGRADE 19
TRAIN 3
COMMAND RIGHT END
TURN 267 RESULT
TIME LEFT 0 5 RIGHT 0 5
UPGRADE B 19
TRAIN A137 A138 B208 B209 B210
MOVE A85 18
MOVE A89 18
MOVE A92 18
MOVE A99 18
MOVE A106 18
MOVE A107 18
MOVE A113 22
MOVE A116 18
MOVE A123 18
MOVE A126 18
MOVE A129 20
MOVE A130 20
MOVE A131 20
MOVE A132 37
MOVE A133 20
MOVE B14 51
MOVE B17 79
MOVE B26 73
MOVE B27 79
MOVE B105 79
MOVE B117 79
MOVE B118 53
MOVE B123 89
MOVE B124 89
MOVE B125 89
MOVE B126 89
MOVE B127 89
MOVE B128 53
MOVE B137 73
MOVE B138 126
MOVE B141 48
MOVE B142 48
MOVE B143 48
MOVE B144 48
MOVE B145 48
MOVE B146 48
MOVE B147 48
MOVE B148 48
MOVE B149 48
MOVE B150 48
MOVE B151 48
MOVE B152 48
MOVE B153 48
MOVE B154 48
MOVE B159 64
MOVE B163 48
MOVE B164 48
MOVE B165 48
MOVE B166 48
MOVE B167 48
MOVE B168 48
MOVE B169 48
MOVE B170 48
MOVE B171 48
MOVE B172 48
MOVE B173 48
MOVE B174 48
MOVE B175 48
MOVE B176 48
MOVE B178 48
MOVE B179 48
MOVE B180 48
MOVE B187 92
MOVE B188 191
MOVE B189 191
MOVE B190 191
MOVE B191 173
MOVE B192 173
MOVE B193 173
MOVE B194 173
MOVE B195 173
MOVE B196 173
MOVE B197 173
MOVE B198 164
MOVE B199 164
MOVE B200 164
MOVE B201 164
MOVE B202 164
MOVE B203 173
MOVE B204 173
MOVE B205 191
MOVE B206 191
MOVE B207 191
DAMAGE TURRET A122 2
DAMAGE COMBAT A127 4
DAMAGE COMBAT B13 2
END TURN 267
TURN 268
COMMAND LEFT START
MOVE A137 19
MOVE A138 20
MOVE A130 37
TRAIN 2
COMMAND LEFT END
COMMAND RIGHT START
MOVE B210 98
MOVE B209 98
MOVE B208 98
UPGRADE 19
TRAIN 3
COMMAND RIGHT END
TURN 268 RESULT
TIME LEFT 0 5 RIGHT 0 5
UPGRADE B 19
TRAIN A139 A140 B211 B212 B213
MOVE A85 20
MOVE A89 20
MOVE A92 20
MOVE A99 20
MOVE A106 20
MOVE A107 20
MOVE A113 20
MOVE A116 20
MOVE A123 20
MOVE A126 20
MOVE A130 22
MOVE A137 5
MOVE A138 3
MOVE B14 43
MOVE B17 89
MOVE B26 63
MOVE B27 89
MOVE B105 89
MOVE B117 89
MOVE B118 64
MOVE B123 98
MOVE B124 98
MOVE B125 98
MOVE B126 98
MOVE B127 98
MOVE B128 64
MOVE B137 63
MOVE B141 34
MOVE B142 34
MOVE B143 34
MOVE B144 34
MOVE B145 34
MOVE B146 34
MOVE B147 34
MOVE B148 34
MOVE B149 34
MOVE B150 34
MOVE B151 34
MOVE B152 34
MOVE B153 34
MOVE B154 34
MOVE B163 34
MOVE B164 34
MOVE B165 34
MOVE B166 34
MOVE B167 34
MOVE B168 34
MOVE B169 34
MOVE B170 34
MOVE B171 34
MOVE B172 34
MOVE B173 34
MOVE B174 34
MOVE B175 34
MOVE B176 34
MOVE B178 34
MOVE B179 34
MOVE B180 34
MOVE B187 66
MOVE B188 173
MOVE B189 173
MOVE B190 173
MOVE B191 164
MOVE B192 164
MOVE B193 164
MOVE B194 164
MOVE B195 164
MOVE B196 164
MOVE B197 164
MOVE B198 151
MOVE B199 151
MOVE B200 151
MOVE B201 151
MOVE B202 151
MOVE B203 164
MOVE B204 164
MOVE B205 173
MOVE B206 173
MOVE B207 173
MOVE B208 191
MOVE B209 191
MOVE B210 191
DAMAGE TURRET A127 2
DAMAGE COMBAT A127 1
DAMAGE COMBAT B13 1
END TURN 268
TURN 269
COMMAND LEFT START
MOVE A140 20
MOVE A113 37
COMMAND LEFT END
COMMAND RIGHT START
MOVE B14 19
MOVE B213 98
MOVE B212 98
MOVE B211 98
UPGRADE 19
COMMAND RIGHT END
TURN 269 RESULT
TIME LEFT 0 5 RIGHT 0 5
UPGRADE B 19
MOVE A85 22
MOVE A89 22
MOVE A92 22
MOVE A99 22
MOVE A106 22
MOVE A107 22
MOVE A113 22
MOVE A116 22
MOVE A123 22
MOVE A126 22
MOVE A130 24
MOVE A137 17
MOVE A138 10
MOVE A140 3
MOVE B14 30
MOVE B17 98
MOVE B27 98
MOVE B105 98
MOVE B117 98
MOVE B118 75
MOVE B128 75
MOVE B141 37
MOVE B142 37
MOVE B143 37
MOVE B144 37
MOVE B145 37
MOVE B146 37
MOVE B147 37
MOVE B148 37
MOVE B149 37
MOVE B150 37
MOVE B151 37
MOVE B152 37
MOVE B153 37
MOVE B154 37
MOVE B159 75
MOVE B163 37
MOVE B164 37
MOVE B165 37
MOVE B166 37
MOVE B167 37
MOVE B168 37
MOVE B169 37
MOVE B170 37
MOVE B171 37
MOVE B172 37
MOVE B173 37
MOVE B174 37
MOVE B175 37
MOVE B176 37
MOVE B178 37
MOVE B179 37
MOVE B180 37
MOVE B187 55
MOVE B188 164
MOVE B189 164
MOVE B190 164
MOVE B191 151
MOVE B192 151
MOVE B193 151
MOVE B194 151
MOVE B195 151
MOVE B196 151
MOVE B197 151
MOVE B198 144
MOVE B199 144
MOVE B200 144
MOVE B201 144
MOVE B202 144
MOVE B203 151
MOVE B204 151
MOVE B205 164
MOVE B206 164
MOVE B207 164
MOVE B208 173
MOVE B209 173
MOVE B210 173
MOVE B211 191
MOVE B212 191
MOVE B213 191
DAMAGE TURRET B141 2
DAMAGE COMBAT A8 5
DAMAGE COMBAT A9 5
DAMAGE COMBAT A24 6
DAMAGE COMBAT A32 6
DAMAGE COMBAT A132 7
DAMAGE COMBAT B141 5
SIEGE A 37 2
END TURN 269
TURN 270
COMMAND LEFT START
MOVE A128 37
MOVE A129 37
MOVE A131 37
MOVE A133 37
MOVE A134 37
MOVE A135 37
MOVE A136 37
MOVE A139 37
TRAIN 2
COMMAND LEFT END
COMMAND RIGHT START
MOVE B17 19
TRAIN 3
COMMAND RIGHT END
TURN 270 RESULT
TIME LEFT 0 5 RIGHT 0 5
TRAIN A141 A142 B214 B215 B216
MOVE A85 24
MOVE A89 24
MOVE A92 24
MOVE A99 24
MOVE A106 24
MOVE A107 24
MOVE A113 24
MOVE A116 24
MOVE A123 24
MOVE A126 24
MOVE A128 22
MOVE A129 22
MOVE A130 34
MOVE A131 22
MOVE A133 22
MOVE A134 3
MOVE A135 3
MOVE A136 3
MOVE A137 19
MOVE A138 20
MOVE A139 3
MOVE A140 10
MOVE B14 19
MOVE B17 92
MOVE B118 92
MOVE B128 92
MOVE B159 92
MOVE B187 39
MOVE B188 151
MOVE B189 151
MOVE B190 151
MOVE B191 144
MOVE B192 144
MOVE B193 144
MOVE B194 144
MOVE B195 144
MOVE B196 144
MOVE B197 144
MOVE B198 130
MOVE B199 130
MOVE B200 130
MOVE B201 130
MOVE B202 130
MOVE B203 144
MOVE B204 144
MOVE B205 151
MOVE B206 151
MOVE B207 151
MOVE B208 164
MOVE B209 164
MOVE B210 164
MOVE B211 173
MOVE B212 173
MOVE B213 173
DAMAGE TURRET A137 2
DAMAGE TURRET B141 1
DAMAGE TURRET B142 1
DAMAGE COMBAT A137 2
DAMAGE COMBAT B14 1
SIEGE A 37 16
END TURN 270
TURN 271
COMMAND LEFT START
MOVE A137 20
TRAIN 2
COMMAND LEFT END
COMMAND RIGHT START
MOVE B216 98
MOVE B215 98
MOVE B214 98
UPGRADE 37
TRAIN 1
COMMAND RIGHT END
TURN 271 RESULT
TIME LEFT 0 5 RIGHT 0 5
UPGRADE B 37
TRAIN A143 A144 B217
MOVE A85 34
MOVE A89 34
MOVE A92 34
MOVE A99 34
MOVE A106 34
MOVE A107 34
MOVE A113 34
MOVE A116 34
MOVE A123 34
MOVE A126 34
MOVE A128 24
MOVE A129 24
MOVE A130 37
MOVE A131 24
MOVE A133 24
MOVE A134 12
MOVE A135 12
MOVE A136 12
MOVE A139 12
MOVE A140 20
MOVE B17 75
MOVE B118 98
MOVE B128 98
MOVE B159 98
MOVE B187 29
MOVE B188 144
MOVE B189 144
MOVE B190 144
MOVE B191 130
MOVE B192 130
MOVE B193 130
MOVE B194 130
MOVE B195 130
MOVE B196 130
MOVE B197 130
MOVE B198 104
MOVE B199 104
MOVE B200 104
MOVE B201 104
MOVE B202 104
MOVE B203 130
MOVE B204 130
MOVE B205 144
MOVE B206 144
MOVE B207 144
MOVE B208 151
MOVE B209 151
MOVE B210 151
MOVE B211 164
MOVE B212 164
MOVE B213 164
MOVE B214 191
MOVE B215 191
MOVE B216 191
DAMAGE TURRET A130 1
DAMAGE TURRET A137 2
DAMAGE COMBAT A130 6
DAMAGE COMBAT A137 1
DAMAGE COMBAT B14 1
DAMAGE COMBAT B142 1
END TURN 271
TURN 272
COMMAND LEFT START
COMMAND LEFT END
COMMAND RIGHT START
MOVE B27 70
MOVE B105 70
MOVE B117 70
MOVE B118 70
MOVE B123 70
UPGRADE 37
COMMAND RIGHT END
TURN 272 RESULT
TIME LEFT 0 5 RIGHT 1 5
UPGRADE B 37
MOVE A85 37
MOVE A89 37
MOVE A92 37
MOVE A99 37
MOVE A106 37
MOVE A107 37
MOVE A113 37
MOVE A116 37
MOVE A123 37
MOVE A126 37
MOVE A128 34
MOVE A129 34
MOVE A131 34
MOVE A133 34
MOVE A134 14
MOVE A135 14
MOVE A136 14
MOVE A139 14
MOVE B17 64
MOVE B27 89
MOVE B105 89
MOVE B117 89
MOVE B118 89
MOVE B123 89
MOVE B187 20
MOVE B188 130
MOVE B189 130
MOVE B190 130
MOVE B191 104
MOVE B192 104
MOVE B193 104
MOVE B194 104
MOVE B195 104
MOVE B196 104
MOVE B197 104
MOVE B198 98
MOVE B199 98
MOVE B200 98
MOVE B201 98
MOVE B202 98
MOVE B203 104
MOVE B204 104
MOVE B205 130
MOVE B206 130
MOVE B207 130
MOVE B208 144
MOVE B209 144
MOVE B210 144
MOVE B211 151
MOVE B212 151
MOVE B213 151
MOVE B214 173
MOVE B215 173
MOVE B216 173
DAMAGE TURRET A85 1
DAMAGE TURRET B187 2
DAMAGE COMBAT A21 1
DAMAGE COMBAT A85 1
DAMAGE COMBAT A89 7
DAMAGE COMBAT A92 7
DAMAGE COMBAT A99 7
DAMAGE COMBAT A106 7
DAMAGE COMBAT A107 1
DAMAGE COMBAT B142 6
DAMAGE COMBAT B143 4
DAMAGE COMBAT B187 5
END TURN 272
TURN 273
COMMAND LEFT START
MOVE A107 20
MOVE A113 20
MOVE A116 20
MOVE A123 20
MOVE A126 20
MOVE A141 20
MOVE A142 20
MOVE A143 20
MOVE A144 20
COMMAND LEFT END
COMMAND RIGHT START
MOVE B217 98
TRAIN 3
COMMAND RIGHT END
TURN 273 RESULT
TIME LEFT 0 5 RIGHT 0 5
TRAIN B218 B219 B220
MOVE A128 37
MOVE A129 37
MOVE A131 37
MOVE A133 37
MOVE A134 15
MOVE A135 15
MOVE A136 15
MOVE A139 15
MOVE A141 3
MOVE A142 3
MOVE A143 3
MOVE A144 3
MOVE B17 40
MOVE B27 79
MOVE B105 79
MOVE B117 79
MOVE B118 79
MOVE B123 79
MOVE B188 104
MOVE B189 104
MOVE B190 104
MOVE B191 98
MOVE B192 98
MOVE B193 98
MOVE B194 98
MOVE B195 98
MOVE B196 98
MOVE B197 98
MOVE B203 98
MOVE B204 98
MOVE B205 104
MOVE B206 104
MOVE B207 104
MOVE B208 130
MOVE B209 130
MOVE B210 130
MOVE B211 144
MOVE B212 144
MOVE B213 144
MOVE B214 164
MOVE B215 164
MOVE B216 164
MOVE B217 191
DAMAGE TURRET A107 1
DAMAGE TURRET B187 1
DAMAGE COMBAT A21 1
DAMAGE COMBAT A107 5
DAMAGE COMBAT A113 7
DAMAGE COMBAT A116 7
DAMAGE COMBAT A123 7
DAMAGE COMBAT A126 3
DAMAGE COMBAT B143 4
DAMAGE COMBAT B144 5
END TURN 273
TURN 274
COMMAND LEFT START
MOVE A128 20
MOVE A129 20
MOVE A131 20
MOVE A133 20
TRAIN 2
COMMAND LEFT END
COMMAND RIGHT START
MOVE B204 20
MOVE B220 98
MOVE B219 98
MOVE B218 98
TRAIN 1
COMMAND RIGHT END
TURN 274 RESULT
TIME LEFT 0 5 RIGHT 1 5
TRAIN A145 A146 B221
MOVE A134 25
MOVE A135 25
MOVE A136 25
MOVE A139 25
MOVE A141 10
MOVE A142 10
MOVE A143 10
MOVE A144 10
MOVE B17 31
MOVE B27 81
MOVE B105 81
MOVE B117 81
MOVE B118 81
MOVE B123 81
MOVE B188 98
MOVE B189 98
MOVE B190 98
MOVE B204 92
MOVE B205 98
MOVE B206 98
MOVE B207 98
MOVE B208 104
MOVE B209 104
MOVE B210 104
MOVE B211 130
MOVE B212 130
MOVE B213 130
MOVE B214 151
MOVE B215 151
MOVE B216 151
MOVE B217 173
MOVE B218 191
MOVE B219 191
MOVE B220 191
DAMAGE TURRET A126 1
DAMAGE COMBAT A126 3
DAMAGE COMBAT A128 7
DAMAGE COMBAT A129 7
DAMAGE COMBAT A131 7
DAMAGE COMBAT A133 4
DAMAGE COMBAT B144 3
DAMAGE COMBAT B145 2
END TURN 274
TURN 275
COMMAND LEFT START
TRAIN 1
COMMAND LEFT END
COMMAND RIGHT START
MOVE B221 98
TRAIN 3
COMMAND RIGHT END
TURN 275 RESULT
TIME LEFT 0 5 RIGHT 1 5
TRAIN A147 B222 B223 B224
MOVE A134 37
MOVE A135 37
MOVE A136 37
MOVE A139 37
MOVE A141 20
MOVE A142 20
MOVE A143 20
MOVE A144 20
MOVE B17 19
MOVE B27 70
MOVE B105 70
MOVE B117 70
MOVE B118 70
MOVE B123 70
MOVE B204 66
MOVE B208 98
MOVE B209 98
MOVE B210 98
MOVE B211 104
MOVE B212 104
MOVE B213 104
MOVE B214 144
MOVE B215 144
MOVE B216 144
MOVE B217 164
MOVE B218 173
MOVE B219 173
MOVE B220 173
MOVE B221 191
DAMAGE TURRET A133 1
DAMAGE COMBAT A133 2
DAMAGE COMBAT A134 7
DAMAGE COMBAT A135 7
DAMAGE COMBAT A136 7
DAMAGE COMBAT A139 4
DAMAGE COMBAT B145 5
END TURN 275
TURN 276
COMMAND LEFT START
MOVE A141 37
COMMAND LEFT END
COMMAND RIGHT START
MOVE B210 0
MOVE B209 0
MOVE B208 0
MOVE B207 0
MOVE B206 0
MOVE B205 0
MOVE B203 0
MOVE B202 0
MOVE B201 0
MOVE B200 0
MOVE B199 0
MOVE B198 0
MOVE B197 0
MOVE B196 0
MOVE B195 0
MOVE B194 0
MOVE B193 0
MOVE B192 0
MOVE B191 0
MOVE B190 0
MOVE B189 0
MOVE B188 0
MOVE B186 0
MOVE B185 0
MOVE B184 0
MOVE B183 0
MOVE B182 0
MOVE B181 0
MOVE B159 0
MOVE B140 0
MOVE B139 0
MOVE B128 0
MOVE B127 0
MOVE B126 0
COMMAND RIGHT END
TURN 276 RESULT
TIME LEFT 0 5 RIGHT 0 5
MOVE A141 22
MOVE B126 92
MOVE B127 92
MOVE B128 92
MOVE B139 92
MOVE B140 92
MOVE B159 92
MOVE B181 92
MOVE B182 92
MOVE B183 92
MOVE B184 92
MOVE B185 92
MOVE B186 92
MOVE B188 92
MOVE B189 92
MOVE B190 92
MOVE B191 92
MOVE B192 92
MOVE B193 92
MOVE B194 92
MOVE B195 92
MOVE B196 92
MOVE B197 92
MOVE B198 92
MOVE B199 92
MOVE B200 92
MOVE B201 92
MOVE B202 92
MOVE B203 92
MOVE B204 55
MOVE B205 92
MOVE B206 92
MOVE B207 92
MOVE B208 92
MOVE B209 92
MOVE B210 92
MOVE B211 98
MOVE B212 98
MOVE B213 98
MOVE B214 130
MOVE B215 130
MOVE B216 130
MOVE B217 151
MOVE B218 164
MOVE B219 164
MOVE B220 164
MOVE B221 173
DAMAGE TURRET A139 1
DAMAGE COMBAT A139 2
DAMAGE COMBAT B145 1
END TURN 276
TURN 277
COMMAND LEFT START
COMMAND LEFT END
COMMAND RIGHT START
UPGRADE 37
TRAIN 2
COMMAND RIGHT END
TURN 277 RESULT
TIME LEFT 0 5 RIGHT 0 5
UPGRADE B 37
TRAIN B225 B226
MOVE A141 24
MOVE B126 66
MOVE B127 66
MOVE B128 66
MOVE B139 66
MOVE B140 66
MOVE B159 66
MOVE B181 66
MOVE B182 66
MOVE B183 66
MOVE B184 66
MOVE B185 66
MOVE B186 66
MOVE B188 66
MOVE B189 66
MOVE B190 66
MOVE B191 66
MOVE B192 66
MOVE B193 66
MOVE B194 66
MOVE B195 66
MOVE B196 66
MOVE B197 66
MOVE B198 66
MOVE B199 66
MOVE B200 66
MOVE B201 66
MOVE B202 66
MOVE B203 66
MOVE B204 39
MOVE B205 66
MOVE B206 66
MOVE B207 66
MOVE B208 66
MOVE B209 66
MOVE B210 66
MOVE B214 104
MOVE B215 104
MOVE B216 104
MOVE B217 144
MOVE B218 151
MOVE B219 151
MOVE B220 151
MOVE B221 164
END TURN 277
TURN 278
COMMAND LEFT START
COMMAND LEFT END
COMMAND RIGHT START
TRAIN 3
COMMAND RIGHT END
TURN 278 RESULT
TIME LEFT 0 5 RIGHT 0 5
TRAIN B227 B228 B229
MOVE A141 34
MOVE B126 52
MOVE B127 52
MOVE B128 52
MOVE B139 52
MOVE B140 52
MOVE B159 52
MOVE B181 52
MOVE B182 52
MOVE B183 52
MOVE B184 52
MOVE B185 52
MOVE B186 52
MOVE B188 52
MOVE B189 52
MOVE B190 52
MOVE B191 52
MOVE B192 52
MOVE B193 52
MOVE B194 52
MOVE B195 52
MOVE B196 52
MOVE B197 52
MOVE B198 52
MOVE B199 52
MOVE B200 52
MOVE B201 52
MOVE B202 52
MOVE B203 52
MOVE B204 29
MOVE B205 52
MOVE B206 52
MOVE B207 52
MOVE B208 52
MOVE B209 52
MOVE B210 52
MOVE B214 98
MOVE B215 98
MOVE B216 98
MOVE B217 130
MOVE B218 144
MOVE B219 144
MOVE B220 144
MOVE B221 151
END TURN 278
TURN 279
COMMAND LEFT START
COMMAND LEFT END
COMMAND RIGHT START
TRAIN 3
COMMAND RIGHT END
TURN 279 RESULT
TIME LEFT 0 5 RIGHT 0 5
TRAIN B230 B231 B232
MOVE A141 37
MOVE B126 45
MOVE B127 45
MOVE B128 45
MOVE B139 45
MOVE B140 45
MOVE B159 45
MOVE B181 45
MOVE B182 45
MOVE B183 45
MOVE B184 45
MOVE B185 45
MOVE B186 45
MOVE B188 45
MOVE B189 45
MOVE B190 45
MOVE B191 45
MOVE B192 45
MOVE B193 45
MOVE B194 45
MOVE B195 45
MOVE B196 45
MOVE B197 45
MOVE B198 45
MOVE B199 45
MOVE B200 45
MOVE B201 45
MOVE B202 45
MOVE B203 45
MOVE B204 20
MOVE B205 45
MOVE B206 45
MOVE B207 45
MOVE B208 45
MOVE B209 45
MOVE B210 45
MOVE B217 104
MOVE B218 130
MOVE B219 130
MOVE B220 130
MOVE B221 144
DAMAGE TURRET A141 2
DAMAGE TURRET B204 2
DAMAGE COMBAT A21 1
DAMAGE COMBAT A141 5
DAMAGE COMBAT B146 1
DAMAGE COMBAT B204 6
END TURN 279
TURN 280
COMMAND LEFT START
COMMAND LEFT END
COMMAND RIGHT START
MOVE B123 20
TRAIN 3
COMMAND RIGHT END
TURN 280 RESULT
TIME LEFT 0 5 RIGHT 0 5
TRAIN B233 B234 B235
MOVE B123 48
MOVE B126 32
MOVE B127 32
MOVE B128 32
MOVE B139 32
MOVE B140 32
MOVE B159 32
MOVE B181 32
MOVE B182 32
MOVE B183 32
MOVE B184 32
MOVE B185 32
MOVE B186 32
MOVE B188 32
MOVE B189 32
MOVE B190 32
MOVE B191 32
MOVE B192 32
MOVE B193 32
MOVE B194 32
MOVE B195 32
MOVE B196 32
MOVE B197 32
MOVE B198 32
MOVE B199 32
MOVE B200 32
MOVE B201 32
MOVE B202 32
MOVE B203 32
MOVE B205 32
MOVE B206 32
MOVE B207 32
MOVE B208 32
MOVE B209 32
MOVE B210 32
MOVE B217 98
MOVE B218 104
MOVE B219 104
MOVE B220 104
MOVE B221 130
END TURN 280
TURN 281
COMMAND LEFT START
COMMAND LEFT END
COMMAND RIGHT START
TRAIN 3
COMMAND RIGHT END
TURN 281 RESULT
TIME LEFT 0 5 RIGHT 0 5
TRAIN B236 B237 B238
MOVE B123 36
MOVE B126 23
MOVE B127 23
MOVE B128 23
MOVE B139 23
MOVE B140 23
MOVE B159 23
MOVE B181 23
MOVE B182 23
MOVE B183 23
MOVE B184 23
MOVE B185 23
MOVE B186 23
MOVE B188 23
MOVE B189 23
MOVE B190 23
MOVE B191 23
MOVE B192 23
MOVE B193 23
MOVE B194 23
MOVE B195 23
MOVE B196 23
MOVE B197 23
MOVE B198 23
MOVE B199 23
MOVE B200 23
MOVE B201 23
MOVE B202 23
MOVE B203 23
MOVE B205 23
MOVE B206 23
MOVE B207 23
MOVE B208 23
MOVE B209 23
MOVE B210 23
MOVE B218 98
MOVE B219 98
MOVE B220 98
MOVE B221 104
END TURN 281
TURN 282
COMMAND LEFT START
MOVE A140 0
MOVE A142 0
MOVE A143 0
MOVE A144 0
MOVE A21 0
MOVE A31 0
MOVE A120 0
MOVE A138 0
TRAIN 2
COMMAND LEFT END
COMMAND RIGHT START
TRAIN 3
COMMAND RIGHT END
TURN 282 RESULT
TIME LEFT 0 5 RIGHT 0 5
TRAIN A148 A149 B239 B240 B241
MOVE A21 10
MOVE A31 10
MOVE A120 10
MOVE A138 10
MOVE A140 10
MOVE A142 10
MOVE A143 10
MOVE A144 10
MOVE B123 22
MOVE B126 5
MOVE B127 5
MOVE B128 5
MOVE B139 5
MOVE B140 5
MOVE B159 5
MOVE B181 5
MOVE B182 5
MOVE B183 5
MOVE B184 5
MOVE B185 5
MOVE B186 5
MOVE B188 5
MOVE B189 5
MOVE B190 5
MOVE B191 5
MOVE B192 5
MOVE B193 5
MOVE B194 5
MOVE B195 5
MOVE B196 5
MOVE B197 5
MOVE B198 5
MOVE B199 5
MOVE B200 5
MOVE B201 5
MOVE B202 5
MOVE B203 5
MOVE B205 5
MOVE B206 5
MOVE B207 5
MOVE B208 5
MOVE B209 5
MOVE B210 5
MOVE B221 98
END TURN 282
TURN 283
COMMAND LEFT START
TRAIN 2
COMMAND LEFT END
COMMAND RIGHT START
TRAIN 3
COMMAND RIGHT END
TURN 283 RESULT
TIME LEFT 0 5 RIGHT 0 5
TRAIN A150 A151 B242 B243 B244
MOVE A21 3
MOVE A31 3
MOVE A120 3
MOVE A138 3
MOVE A140 3
MOVE A142 3
MOVE A143 3
MOVE A144 3
MOVE B123 20
MOVE B126 0
MOVE B127 0
MOVE B128 0
MOVE B139 0
MOVE B140 0
MOVE B159 0
MOVE B181 0
MOVE B182 0
MOVE B183 0
MOVE B184 0
MOVE B185 0
MOVE B186 0
MOVE B188 0
MOVE B189 0
MOVE B190 0
MOVE B191 0
MOVE B192 0
MOVE B193 0
MOVE B194 0
MOVE B195 0
MOVE B196 0
MOVE B197 0
MOVE B198 0
MOVE B199 0
MOVE B200 0
MOVE B201 0
MOVE B202 0
MOVE B203 0
MOVE B205 0
MOVE B206 0
MOVE B207 0
MOVE B208 0
MOVE B209 0
MOVE B210 0
DAMAGE TURRET B123 2
DAMAGE TURRET B126 3
DAMAGE COMBAT A1 4
DAMAGE COMBAT A145 7
DAMAGE COMBAT A146 7
DAMAGE COMBAT A147 7
DAMAGE COMBAT A148 7
DAMAGE COMBAT A149 2
DAMAGE COMBAT B126 5
DAMAGE COMBAT B127 3
SIEGE A 20 1
END TURN 283
TURN 284
COMMAND LEFT START
TRAIN 1
COMMAND LEFT END
COMMAND RIGHT START
MOVE B123 47
MOVE B244 98
MOVE B243 98
MOVE B242 98
MOVE B241 98
MOVE B240 98
MOVE B239 98
MOVE B238 98
MOVE B237 98
TRAIN 3
COMMAND RIGHT END
TURN 284 RESULT
TIME LEFT 0 5 RIGHT 0 5
TRAIN A152 B245 B246 B247
MOVE A21 0
MOVE A31 0
MOVE A120 0
MOVE A138 0
MOVE A140 0
MOVE A142 0
MOVE A143 0
MOVE A144 0
MOVE B123 22
MOVE B237 191
MOVE B238 191
MOVE B239 191
MOVE B240 191
MOVE B241 191
MOVE B242 191
MOVE B243 191
MOVE B244 191
DAMAGE TURRET B127 3
DAMAGE COMBAT A21 2
DAMAGE COMBAT A31 6
DAMAGE COMBAT A120 7
DAMAGE COMBAT A138 7
DAMAGE COMBAT A140 6
DAMAGE COMBAT A149 5
DAMAGE COMBAT B127 2
DAMAGE COMBAT B128 8
DAMAGE COMBAT B139 2
END TURN 284
TURN 285
COMMAND LEFT START
COMMAND LEFT END
COMMAND RIGHT START
MOVE B221 20
MOVE B220 20
MOVE B219 20
MOVE B218 20
MOVE B217 20
MOVE B216 20
MOVE B215 20
MOVE B214 20
MOVE B213 20
MOVE B212 20
MOVE B211 20
COMMAND RIGHT END
TURN 285 RESULT
TIME LEFT 0 5 RIGHT 0 5
MOVE B123 36
MOVE B211 92
MOVE B212 92
MOVE B213 92
MOVE B214 92
MOVE B215 92
MOVE B216 92
MOVE B217 92
MOVE B218 92
MOVE B219 92
MOVE B220 92
MOVE B221 92
MOVE B237 173
MOVE B238 173
MOVE B239 173
MOVE B240 173
MOVE B241 173
MOVE B242 173
MOVE B243 173
MOVE B244 173
DAMAGE TURRET B139 3
DAMAGE COMBAT A140 1
DAMAGE COMBAT A142 7
DAMAGE COMBAT A143 7
DAMAGE COMBAT A144 7
DAMAGE COMBAT A150 7
DAMAGE COMBAT A151 2
DAMAGE COMBAT B139 3
DAMAGE COMBAT B140 4
END TURN 285
TURN 286
COMMAND LEFT START
COMMAND LEFT END
COMMAND RIGHT START
MOVE B247 98
MOVE B246 98
MOVE B245 98
TRAIN 3
COMMAND RIGHT END
TURN 286 RESULT
TIME LEFT 0 5 RIGHT 0 5
TRAIN B248 B249 B250
MOVE B123 48
MOVE B211 66
MOVE B212 66
MOVE B213 66
MOVE B214 66
MOVE B215 66
MOVE B216 66
MOVE B217 66
MOVE B218 66
MOVE B219 66
MOVE B220 66
MOVE B221 66
MOVE B237 164
MOVE B238 164
MOVE B239 164
MOVE B240 164
MOVE B241 164
MOVE B242 164
MOVE B243 164
MOVE B244 164
MOVE B245 191
MOVE B246 191
MOVE B247 191
DAMAGE TURRET B140 3
DAMAGE COMBAT A151 5
DAMAGE COMBAT A152 7
DAMAGE COMBAT B140 1
DAMAGE COMBAT B159 1
SIEGE A 0 18
END TURN 286
TURN 287
COMMAND LEFT START
COMMAND LEFT END
COMMAND RIGHT START
TRAIN 3
COMMAND RIGHT END
TURN 287 RESULT
TIME LEFT 0 5 RIGHT 0 5
TRAIN B251 B252 B253
MOVE B123 47
MOVE B211 55
MOVE B212 55
MOVE B213 55
MOVE B214 55
MOVE B215 55
MOVE B216 55
MOVE B217 55
MOVE B218 55
MOVE B219 55
MOVE B220 55
MOVE B221 55
MOVE B237 151
MOVE B238 151
MOVE B239 151
MOVE B240 151
MOVE B241 151
MOVE B242 151
MOVE B243 151
MOVE B244 151
MOVE B245 173
MOVE B246 173
MOVE B247 173
DAMAGE TURRET B159 3
SIEGE A 0 7
END TURN 287
RESULT RIGHT_WIN HQ_DESTROYED
