[LEFT ""]
[RIGHT ""]
MAP
187 15
-11194 -11063 -10611 -9239 -9918 -10321 -8929 -10077 -9293 -8452 -8468 -8303 -8949 -8053 -7716 -7429 -7653 -8036 -7347 -7189 -7527 -7812 -6870 -7034 -6794 -6347 -6287 -6909 -6139 -6005 -5909 -5821 -6116 -5472 -5600 -5042 -5077 -4963 -4922 -5025 -4420 -4411 -4439 -4305 -4313 -4292 -4200 -4599 -3805 -4245 -3478 -3266 -3443 -3127 -3982 -3116 -3192 -2911 -3020 -2708 -2967 -2816 -2809 -2660 -2394 -2070 -2163 -2351 -1966 -1987 -1566 -1756 -1527 -1631 -1582 -1311 -1525 -1512 -2201 -1579 -1494 -963 -852 -778 -322 -631 -495 -752 -427 -586 -382 -39 8 0 -8 39 382 586 427 752 495 631 322 778 852 963 1494 1579 2201 1512 1525 1311 1582 1631 1527 1756 1566 1987 1966 2351 2163 2070 2394 2660 2809 2816 2967 2708 3020 2911 3192 3116 3982 3127 3443 3266 3478 4245 3805 4599 4200 4292 4313 4305 4439 4411 4420 5025 4922 4963 5077 5042 5600 5472 6116 5821 5909 6005 6139 6909 6287 6347 6794 7034 6870 7812 7527 7189 7347 8036 7653 7429 7716 8053 8949 8303 8468 8452 9293 10077 8929 10321 9918 9239 10611 11063 11194
865 -1232 -2763 -100 2282 -4133 -1527 4478 -5941 995 -2820 -3958 5907 -606 403 -2991 3979 6198 -1907 -4325 2437 7664 928 -5969 -650 3293 4894 -8217 -3399 6222 -1032 1284 8507 -4595 -2414 -566 5795 -6128 1894 4067 6831 5034 -2469 -3876 2903 -7247 683 -9417 -918 8518 -2177 5595 -6089 214 10487 4130 -4513 2737 1682 -7341 -9084 7647 -2985 6632 -5611 -580 -1870 9067 1063 -3451 8454 3681 -6177 11040 7497 -4510 -8106 5950 -10628 4925 2662 -2886 -6897 7125 4269 9407 2409 686 -8638 -1471 -11030 5930 -7751 0 7751 -5930 11030 1471 8638 -686 -2409 -9407 -4269 -7125 6897 2886 -2662 -4925 10628 -5950 8106 4510 -7497 -11040 6177 -3681 -8454 3451 -1063 -9067 1870 580 5611 -6632 2985 -7647 9084 7341 -1682 -2737 4513 -4130 -10487 -214 6089 -5595 2177 -8518 918 9417 -683 7247 -2903 3876 2469 -5034 -6831 -4067 -1894 6128 -5795 566 2414 4595 -8507 -1284 1032 -6222 3399 8217 -4894 -3293 650 5969 -928 -7664 -2437 4325 1907 -6198 -3979 2991 -403 606 -5907 3958 2820 -995 5941 -4478 1527 4133 -2282 100 2763 1232 -865
STRONGHOLDS 6 23 31 41 71 74 90 93 96 112 115 145 155 163 180
3 1 3 4
4 0 2 3 6
4 1 5 6 10
7 0 1 4 6 9 13 14
6 0 3 7 9 16 20
4 2 8 10 11
6 1 2 3 10 13 18
3 4 12 16
4 5 11 23 27
5 3 4 14 20 22
6 2 5 6 11 15 18
6 5 8 10 15 19 23
4 7 16 17 21
5 3 6 14 18 24
5 3 9 13 22 24
6 10 11 18 19 28 34
7 4 7 12 17 20 25 26
5 12 16 21 26 29
7 6 10 13 15 24 30 34
5 11 15 23 28 33
6 4 9 16 22 25 31
4 12 17 29 32
5 9 14 20 24 31
6 8 11 19 27 33 37
7 13 14 18 22 30 31 35
7 16 20 26 31 38 39 44
6 16 17 25 29 36 39
5 8 23 37 45 47
5 15 19 33 34 43
6 17 21 26 32 36 40
4 18 24 34 35
7 20 22 24 25 35 38 46
5 21 29 40 49 54
5 19 23 28 37 43
7 15 18 28 30 35 42 43
7 24 30 31 34 42 46 48
5 26 29 39 40 41
7 23 27 33 43 45 52 56
5 25 31 44 46 58
6 25 26 36 41 44 55
8 29 32 36 41 49 51 61 63
5 36 39 40 51 55
6 34 35 43 48 50 62
7 28 33 34 37 42 56 62
6 25 38 39 55 57 58
6 27 37 47 52 59 60
6 31 35 38 48 53 58
4 27 45 60 78
7 35 42 46 50 53 65 66
5 32 40 54 61 67
4 42 48 62 66
6 40 41 55 63 77 79
5 37 45 56 59 64
5 46 48 58 65 68
4 32 49 67 73
7 39 41 44 51 57 71 79
7 37 43 52 62 64 69 75
5 44 55 58 71 80
7 38 44 46 53 57 68 80
7 45 52 60 64 72 76 82
5 45 47 59 76 78
6 40 49 63 67 70 74
6 42 43 50 56 66 69
5 40 51 61 74 77
5 52 56 59 72 75
7 48 53 66 68 87 89 93
7 48 50 62 65 69 81 89
6 49 54 61 70 73 85
6 53 58 65 80 86 87
5 56 62 66 75 81
6 61 67 74 83 85 94
5 55 57 79 80 84
5 59 64 75 82 95
4 54 67 85 96
5 61 63 70 77 83
7 56 64 69 72 81 95 102
6 59 60 78 82 88 92
6 51 63 74 79 83 91
5 47 60 76 88 90
6 51 55 71 77 84 91
6 57 58 68 71 84 86
6 66 69 75 89 100 102
6 59 72 76 92 95 103
6 70 74 77 91 94 104
7 71 79 80 86 91 105 111
6 67 70 73 94 96 98
6 68 80 84 87 97 105
5 65 68 86 93 97
5 76 78 90 92 101
6 65 66 81 93 99 100
4 78 88 101 113
7 77 79 83 84 104 111 114
6 76 82 88 101 103 116
6 65 87 89 97 99 121
6 70 83 85 98 104 110
7 72 75 82 102 103 107 109
4 73 85 98 108
6 86 87 93 105 120 121
5 85 94 96 108 110
5 89 93 100 118 121
6 81 89 99 102 106 118
6 88 90 92 113 116 119
7 75 81 95 100 106 107 115
6 82 92 95 109 112 116
6 83 91 94 110 114 127
6 84 86 97 111 117 120
6 100 102 115 118 128 129
6 95 102 109 115 131 135
5 96 98 110 126 139
6 95 103 107 112 123 135
6 94 98 104 108 126 127
7 84 91 105 114 117 122 130
5 103 109 116 123 125
4 90 101 119 132
5 91 104 111 122 127
5 102 106 107 129 131
6 92 101 103 112 119 125
5 105 111 120 124 130
6 99 100 106 121 128 133
6 101 113 116 125 132 137
7 97 105 117 121 124 136 138
7 93 97 99 118 120 133 138
5 111 114 127 130 134
5 109 112 125 135 146
6 117 120 130 136 143 144
6 112 116 119 123 137 146
5 108 110 127 139 141
7 104 110 114 122 126 134 141
7 106 118 129 133 140 142 148
5 106 115 128 131 142
7 111 117 122 124 134 143 149
7 107 115 129 135 142 145 147
4 113 119 137 154
5 118 121 128 138 140
5 122 127 130 141 149
6 107 109 123 131 145 146
4 120 124 138 144
5 119 125 132 146 154
7 120 121 133 136 140 144 151
4 108 126 141 159
6 128 133 138 148 151 155
6 126 127 134 139 149 159
6 128 129 131 147 148 161
7 124 130 144 149 152 153 158
6 124 136 138 143 151 152
5 131 135 146 147 150
8 123 125 135 137 145 150 154 157
6 131 142 145 150 160 161
5 128 140 142 155 161
7 130 134 141 143 153 159 163
5 145 146 147 157 160
7 138 140 144 152 155 156 162
7 143 144 151 156 158 168 171
5 143 149 158 163 167
5 132 137 146 157 165
7 140 148 151 161 162 164 166
4 151 152 162 168
6 146 150 154 160 165 169
5 143 152 153 167 171
5 139 141 149 163 178
6 147 150 157 161 169 170
7 142 147 148 155 160 166 170
7 151 155 156 164 168 172 173
6 149 153 159 167 175 178
5 155 162 166 172 177
4 154 157 169 174
6 155 161 164 170 177 182
5 153 158 163 171 175
7 152 156 162 171 173 176 180
5 157 160 165 170 174
7 160 161 166 169 174 179 182
6 152 158 167 168 175 176
5 162 164 173 177 183
5 162 168 172 180 183
4 165 169 170 179
6 163 167 171 176 178 181
6 168 171 175 180 181 184
5 164 166 172 182 183
4 159 163 175 181
3 170 174 182
6 168 173 176 183 184 185
4 175 176 178 184
6 166 170 177 179 183 186
7 172 173 177 180 182 185 186
4 176 180 181 185
4 180 183 184 186
3 182 183 185
END MAP
TURN 1
COMMAND LEFT START
MOVE A2 6
MOVE A3 31
UPGRADE 0
COMMAND LEFT END
COMMAND RIGHT START
MOVE B1 180
MOVE B2 93
COMMAND RIGHT END
TURN 1 RESULT
TIME LEFT 80 5 RIGHT 1 5
UPGRADE A 0
MOVE A2 3
MOVE A3 3
MOVE B1 183
MOVE B2 183
END TURN 1
TURN 2
COMMAND LEFT START
TRAIN 1
COMMAND LEFT END
COMMAND RIGHT START
COMMAND RIGHT END
TURN 2 RESULT
TIME LEFT 1 5 RIGHT 0 5
TRAIN A4
MOVE A2 6
MOVE A3 14
MOVE B1 180
MOVE B2 173
END TURN 2
TURN 3
COMMAND LEFT START
COMMAND LEFT END
COMMAND RIGHT START
UPGRADE 180
COMMAND RIGHT END
TURN 3 RESULT
TIME LEFT 1 5 RIGHT 0 5
UPGRADE B 180
MOVE A3 22
MOVE B2 162
END TURN 3
TURN 4
COMMAND LEFT START
COMMAND LEFT END
COMMAND RIGHT START
COMMAND RIGHT END
TURN 4 RESULT
TIME LEFT 1 5 RIGHT 0 5
MOVE A3 31
MOVE B2 151
END TURN 4
TURN 5
COMMAND LEFT START
COMMAND LEFT END
COMMAND RIGHT START
COMMAND RIGHT END
TURN 5 RESULT
TIME LEFT 1 5 RIGHT 0 5
MOVE B2 138
END TURN 5
TURN 6
COMMAND LEFT START
COMMAND LEFT END
COMMAND RIGHT START
COMMAND RIGHT END
TURN 6 RESULT
TIME LEFT 1 5 RIGHT 0 5
MOVE B2 121
END TURN 6
TURN 7
COMMAND LEFT START
COMMAND LEFT END
COMMAND RIGHT START
COMMAND RIGHT END
TURN 7 RESULT
TIME LEFT 1 5 RIGHT 0 5
MOVE B2 93
END TURN 7
TURN 8
COMMAND LEFT START
MOVE A4 182
COMMAND LEFT END
COMMAND RIGHT START
COMMAND RIGHT END
TURN 8 RESULT
TIME LEFT 29 5 RIGHT 0 5
MOVE A4 3
END TURN 8
TURN 9
COMMAND LEFT START
TRAIN 1
COMMAND LEFT END
COMMAND RIGHT START
COMMAND RIGHT END
TURN 9 RESULT
TIME LEFT 1 5 RIGHT 0 5
TRAIN A5
MOVE A4 13
END TURN 9
TURN 10
COMMAND LEFT START
COMMAND LEFT END
COMMAND RIGHT START
COMMAND RIGHT END
TURN 10 RESULT
TIME LEFT 1 5 RIGHT 0 5
MOVE A4 24
END TURN 10
TURN 11
COMMAND LEFT START
COMMAND LEFT END
COMMAND RIGHT START
COMMAND RIGHT END
TURN 11 RESULT
TIME LEFT 2 5 RIGHT 0 5
MOVE A4 35
END TURN 11
TURN 12
COMMAND LEFT START
COMMAND LEFT END
COMMAND RIGHT START
COMMAND RIGHT END
TURN 12 RESULT
TIME LEFT 1 5 RIGHT 0 5
MOVE A4 48
END TURN 12
TURN 13
COMMAND LEFT START
COMMAND LEFT END
COMMAND RIGHT START
COMMAND RIGHT END
TURN 13 RESULT
TIME LEFT 2 5 RIGHT 0 5
MOVE A4 65
END TURN 13
TURN 14
COMMAND LEFT START
COMMAND LEFT END
COMMAND RIGHT START
UPGRADE 93
COMMAND RIGHT END
TURN 14 RESULT
TIME LEFT 3 5 RIGHT 0 5
UPGRADE B 93
MOVE A4 89
END TURN 14
TURN 15
COMMAND LEFT START
COMMAND LEFT END
COMMAND RIGHT START
COMMAND RIGHT END
TURN 15 RESULT
TIME LEFT 1 5 RIGHT 0 5
MOVE A4 100
END TURN 15
TURN 16
COMMAND LEFT START
COMMAND LEFT END
COMMAND RIGHT START
COMMAND RIGHT END
TURN 16 RESULT
TIME LEFT 1 5 RIGHT 0 5
MOVE A4 106
END TURN 16
TURN 17
COMMAND LEFT START
COMMAND LEFT END
COMMAND RIGHT START
TRAIN 1
COMMAND RIGHT END
TURN 17 RESULT
TIME LEFT 1 5 RIGHT 0 5
TRAIN B4
MOVE A4 129
END TURN 17
TURN 18
COMMAND LEFT START
COMMAND LEFT END
COMMAND RIGHT START
COMMAND RIGHT END
TURN 18 RESULT
TIME LEFT 2 5 RIGHT 0 5
MOVE A4 142
END TURN 18
TURN 19
COMMAND LEFT START
COMMAND LEFT END
COMMAND RIGHT START
COMMAND RIGHT END
TURN 19 RESULT
TIME LEFT 3 5 RIGHT 0 5
MOVE A4 161
END TURN 19
TURN 20
COMMAND LEFT START
COMMAND LEFT END
COMMAND RIGHT START
COMMAND RIGHT END
TURN 20 RESULT
TIME LEFT 1 5 RIGHT 0 5
MOVE A4 166
END TURN 20
TURN 21
COMMAND LEFT START
COMMAND LEFT END
COMMAND RIGHT START
MOVE B3 155
COMMAND RIGHT END
TURN 21 RESULT
TIME LEFT 2 5 RIGHT 0 5
MOVE A4 182
MOVE B3 183
END TURN 21
TURN 22
COMMAND LEFT START
MOVE A4 166
COMMAND LEFT END
COMMAND RIGHT START
COMMAND RIGHT END
TURN 22 RESULT
TIME LEFT 2 5 RIGHT 0 5
MOVE A4 166
MOVE B3 172
END TURN 22
TURN 23
COMMAND LEFT START
MOVE A4 161
COMMAND LEFT END
COMMAND RIGHT START
COMMAND RIGHT END
TURN 23 RESULT
TIME LEFT 2 5 RIGHT 0 5
MOVE A4 161
MOVE B3 164
END TURN 23
TURN 24
COMMAND LEFT START
MOVE A4 142
COMMAND LEFT END
COMMAND RIGHT START
COMMAND RIGHT END
TURN 24 RESULT
TIME LEFT 2 5 RIGHT 0 5
MOVE A4 142
MOVE B3 155
END TURN 24
TURN 25
COMMAND LEFT START
MOVE A4 129
COMMAND LEFT END
COMMAND RIGHT START
COMMAND RIGHT END
TURN 25 RESULT
TIME LEFT 1 5 RIGHT 0 5
MOVE A4 129
END TURN 25
TURN 26
COMMAND LEFT START
COMMAND LEFT END
COMMAND RIGHT START
COMMAND RIGHT END
TURN 26 RESULT
TIME LEFT 3 5 RIGHT 0 5
END TURN 26
TURN 27
COMMAND LEFT START
COMMAND LEFT END
COMMAND RIGHT START
COMMAND RIGHT END
TURN 27 RESULT
TIME LEFT 2 5 RIGHT 0 5
END TURN 27
TURN 28
COMMAND LEFT START
COMMAND LEFT END
COMMAND RIGHT START
COMMAND RIGHT END
TURN 28 RESULT
TIME LEFT 1 5 RIGHT 0 5
END TURN 28
TURN 29
COMMAND LEFT START
MOVE A4 79
COMMAND LEFT END
COMMAND RIGHT START
COMMAND RIGHT END
TURN 29 RESULT
TIME LEFT 33 5 RIGHT 0 5
MOVE A4 128
END TURN 29
TURN 30
COMMAND LEFT START
COMMAND LEFT END
COMMAND RIGHT START
COMMAND RIGHT END
TURN 30 RESULT
TIME LEFT 1 5 RIGHT 0 5
MOVE A4 133
END TURN 30
TURN 31
COMMAND LEFT START
COMMAND LEFT END
COMMAND RIGHT START
UPGRADE 155
COMMAND RIGHT END
TURN 31 RESULT
TIME LEFT 1 5 RIGHT 0 5
UPGRADE B 155
MOVE A4 121
END TURN 31
TURN 32
COMMAND LEFT START
COMMAND LEFT END
COMMAND RIGHT START
COMMAND RIGHT END
TURN 32 RESULT
TIME LEFT 1 5 RIGHT 0 5
MOVE A4 120
END TURN 32
TURN 33
COMMAND LEFT START
COMMAND LEFT END
COMMAND RIGHT START
TRAIN 1
COMMAND RIGHT END
TURN 33 RESULT
TIME LEFT 1 5 RIGHT 0 5
TRAIN B5
MOVE A4 105
END TURN 33
TURN 34
COMMAND LEFT START
COMMAND LEFT END
COMMAND RIGHT START
COMMAND RIGHT END
TURN 34 RESULT
TIME LEFT 1 5 RIGHT 0 5
MOVE A4 84
END TURN 34
TURN 35
COMMAND LEFT START
COMMAND LEFT END
COMMAND RIGHT START
COMMAND RIGHT END
TURN 35 RESULT
TIME LEFT 1 5 RIGHT 0 5
MOVE A4 79
END TURN 35
TURN 36
COMMAND LEFT START
UPGRADE 6
COMMAND LEFT END
COMMAND RIGHT START
COMMAND RIGHT END
TURN 36 RESULT
TIME LEFT 1 5 RIGHT 0 5
UPGRADE A 6
END TURN 36
TURN 37
COMMAND LEFT START
COMMAND LEFT END
COMMAND RIGHT START
COMMAND RIGHT END
TURN 37 RESULT
TIME LEFT 1 5 RIGHT 0 5
END TURN 37
TURN 38
COMMAND LEFT START
COMMAND LEFT END
COMMAND RIGHT START
COMMAND RIGHT END
TURN 38 RESULT
TIME LEFT 1 5 RIGHT 0 5
END TURN 38
TURN 39
COMMAND LEFT START
MOVE A4 139
COMMAND LEFT END
COMMAND RIGHT START
MOVE B5 163
COMMAND RIGHT END
TURN 39 RESULT
TIME LEFT 28 5 RIGHT 0 5
MOVE A4 91
MOVE B5 183
END TURN 39
TURN 40
COMMAND LEFT START
COMMAND LEFT END
COMMAND RIGHT START
COMMAND RIGHT END
TURN 40 RESULT
TIME LEFT 1 5 RIGHT 0 5
MOVE A4 104
MOVE B5 180
END TURN 40
TURN 41
COMMAND LEFT START
COMMAND LEFT END
COMMAND RIGHT START
COMMAND RIGHT END
TURN 41 RESULT
TIME LEFT 1 5 RIGHT 0 5
MOVE A4 110
MOVE B5 176
END TURN 41
TURN 42
COMMAND LEFT START
COMMAND LEFT END
COMMAND RIGHT START
COMMAND RIGHT END
TURN 42 RESULT
TIME LEFT 1 5 RIGHT 0 5
MOVE A4 126
MOVE B5 175
END TURN 42
TURN 43
COMMAND LEFT START
COMMAND LEFT END
COMMAND RIGHT START
COMMAND RIGHT END
TURN 43 RESULT
TIME LEFT 2 5 RIGHT 0 5
MOVE A4 139
MOVE B5 163
END TURN 43
TURN 44
COMMAND LEFT START
MOVE A4 108
COMMAND LEFT END
COMMAND RIGHT START
UPGRADE 163
COMMAND RIGHT END
TURN 44 RESULT
TIME LEFT 2 5 RIGHT 0 5
UPGRADE B 163
MOVE A4 108
END TURN 44
TURN 45
COMMAND LEFT START
COMMAND LEFT END
COMMAND RIGHT START
COMMAND RIGHT END
TURN 45 RESULT
TIME LEFT 1 5 RIGHT 0 5
END TURN 45
TURN 46
COMMAND LEFT START
COMMAND LEFT END
COMMAND RIGHT START
TRAIN 1
COMMAND RIGHT END
TURN 46 RESULT
TIME LEFT 3 5 RIGHT 0 5
TRAIN B6
END TURN 46
TURN 47
COMMAND LEFT START
COMMAND LEFT END
COMMAND RIGHT START
COMMAND RIGHT END
TURN 47 RESULT
TIME LEFT 2 5 RIGHT 0 5
END TURN 47
TURN 48
COMMAND LEFT START
MOVE A4 132
COMMAND LEFT END
COMMAND RIGHT START
COMMAND RIGHT END
TURN 48 RESULT
TIME LEFT 20 5 RIGHT 0 5
MOVE A4 126
END TURN 48
TURN 49
COMMAND LEFT START
COMMAND LEFT END
COMMAND RIGHT START
COMMAND RIGHT END
TURN 49 RESULT
TIME LEFT 1 5 RIGHT 0 5
MOVE A4 127
END TURN 49
TURN 50
COMMAND LEFT START
COMMAND LEFT END
COMMAND RIGHT START
COMMAND RIGHT END
TURN 50 RESULT
TIME LEFT 1 5 RIGHT 0 5
MOVE A4 134
END TURN 50
TURN 51
COMMAND LEFT START
UPGRADE 31
COMMAND LEFT END
COMMAND RIGHT START
COMMAND RIGHT END
TURN 51 RESULT
TIME LEFT 1 5 RIGHT 0 5
UPGRADE A 31
MOVE A4 130
END TURN 51
TURN 52
COMMAND LEFT START
COMMAND LEFT END
COMMAND RIGHT START
COMMAND RIGHT END
TURN 52 RESULT
TIME LEFT 1 5 RIGHT 0 5
MOVE A4 124
END TURN 52
TURN 53
COMMAND LEFT START
COMMAND LEFT END
COMMAND RIGHT START
COMMAND RIGHT END
TURN 53 RESULT
TIME LEFT 3 5 RIGHT 0 5
MOVE A4 136
END TURN 53
TURN 54
COMMAND LEFT START
TRAIN 1
COMMAND LEFT END
COMMAND RIGHT START
COMMAND RIGHT END
TURN 54 RESULT
TIME LEFT 1 5 RIGHT 0 5
TRAIN A6
MOVE A4 138
END TURN 54
TURN 55
COMMAND LEFT START
MOVE A6 23
COMMAND LEFT END
COMMAND RIGHT START
UPGRADE 186
COMMAND RIGHT END
TURN 55 RESULT
TIME LEFT 1 5 RIGHT 0 5
UPGRADE B 186
MOVE A4 133
MOVE A6 3
END TURN 55
TURN 56
COMMAND LEFT START
COMMAND LEFT END
COMMAND RIGHT START
COMMAND RIGHT END
TURN 56 RESULT
TIME LEFT 1 5 RIGHT 0 5
MOVE A4 128
MOVE A6 6
END TURN 56
TURN 57
COMMAND LEFT START
COMMAND LEFT END
COMMAND RIGHT START
COMMAND RIGHT END
TURN 57 RESULT
TIME LEFT 1 5 RIGHT 0 5
MOVE A4 129
MOVE A6 10
END TURN 57
TURN 58
COMMAND LEFT START
COMMAND LEFT END
COMMAND RIGHT START
COMMAND RIGHT END
TURN 58 RESULT
TIME LEFT 1 5 RIGHT 0 5
MOVE A4 131
MOVE A6 11
END TURN 58
TURN 59
COMMAND LEFT START
COMMAND LEFT END
COMMAND RIGHT START
COMMAND RIGHT END
TURN 59 RESULT
TIME LEFT 1 5 RIGHT 0 5
MOVE A4 135
MOVE A6 23
END TURN 59
TURN 60
COMMAND LEFT START
COMMAND LEFT END
COMMAND RIGHT START
COMMAND RIGHT END
TURN 60 RESULT
TIME LEFT 1 5 RIGHT 0 5
MOVE A4 146
END TURN 60
TURN 61
COMMAND LEFT START
COMMAND LEFT END
COMMAND RIGHT START
COMMAND RIGHT END
TURN 61 RESULT
TIME LEFT 1 5 RIGHT 1 5
MOVE A4 137
END TURN 61
TURN 62
COMMAND LEFT START
COMMAND LEFT END
COMMAND RIGHT START
UPGRADE 180
COMMAND RIGHT END
TURN 62 RESULT
TIME LEFT 1 5 RIGHT 0 5
UPGRADE B 180
MOVE A4 132
END TURN 62
TURN 63
COMMAND LEFT START
COMMAND LEFT END
COMMAND RIGHT START
COMMAND RIGHT END
TURN 63 RESULT
TIME LEFT 2 5 RIGHT 0 5
END TURN 63
TURN 64
COMMAND LEFT START
UPGRADE 23
COMMAND LEFT END
COMMAND RIGHT START
TRAIN 1
COMMAND RIGHT END
TURN 64 RESULT
TIME LEFT 3 5 RIGHT 0 5
UPGRADE A 23
TRAIN B7
END TURN 64
TURN 65
COMMAND LEFT START
COMMAND LEFT END
COMMAND RIGHT START
MOVE B4 180
COMMAND RIGHT END
TURN 65 RESULT
TIME LEFT 5 5 RIGHT 0 5
MOVE B4 183
END TURN 65
TURN 66
COMMAND LEFT START
MOVE A4 182
TRAIN 1
COMMAND LEFT END
COMMAND RIGHT START
COMMAND RIGHT END
TURN 66 RESULT
TIME LEFT 19 5 RIGHT 0 5
TRAIN A7
MOVE A4 137
MOVE B4 180
END TURN 66
TURN 67
COMMAND LEFT START
MOVE A7 41
COMMAND LEFT END
COMMAND RIGHT START
COMMAND RIGHT END
TURN 67 RESULT
TIME LEFT 1 5 RIGHT 0 5
MOVE A4 146
MOVE A7 4
END TURN 67
TURN 68
COMMAND LEFT START
COMMAND LEFT END
COMMAND RIGHT START
COMMAND RIGHT END
TURN 68 RESULT
TIME LEFT 1 5 RIGHT 0 5
MOVE A4 150
MOVE A7 20
END TURN 68
TURN 69
COMMAND LEFT START
COMMAND LEFT END
COMMAND RIGHT START
COMMAND RIGHT END
TURN 69 RESULT
TIME LEFT 1 5 RIGHT 0 5
MOVE A4 160
MOVE A7 25
END TURN 69
TURN 70
COMMAND LEFT START
COMMAND LEFT END
COMMAND RIGHT START
COMMAND RIGHT END
TURN 70 RESULT
TIME LEFT 1 5 RIGHT 0 5
MOVE A4 170
MOVE A7 39
END TURN 70
TURN 71
COMMAND LEFT START
COMMAND LEFT END
COMMAND RIGHT START
COMMAND RIGHT END
TURN 71 RESULT
TIME LEFT 1 5 RIGHT 0 5
MOVE A4 182
MOVE A7 41
END TURN 71
TURN 72
COMMAND LEFT START
MOVE A4 170
COMMAND LEFT END
COMMAND RIGHT START
COMMAND RIGHT END
TURN 72 RESULT
TIME LEFT 2 5 RIGHT 0 5
MOVE A4 170
END TURN 72
TURN 73
COMMAND LEFT START
MOVE A4 169
COMMAND LEFT END
COMMAND RIGHT START
COMMAND RIGHT END
TURN 73 RESULT
TIME LEFT 1 5 RIGHT 0 5
MOVE A4 169
END TURN 73
TURN 74
COMMAND LEFT START
COMMAND LEFT END
COMMAND RIGHT START
COMMAND RIGHT END
TURN 74 RESULT
TIME LEFT 4 5 RIGHT 0 5
END TURN 74
TURN 75
COMMAND LEFT START
UPGRADE 41
COMMAND LEFT END
COMMAND RIGHT START
UPGRADE 186
COMMAND RIGHT END
TURN 75 RESULT
TIME LEFT 1 5 RIGHT 0 5
UPGRADE A 41
UPGRADE B 186
END TURN 75
TURN 76
COMMAND LEFT START
COMMAND LEFT END
COMMAND RIGHT START
COMMAND RIGHT END
TURN 76 RESULT
TIME LEFT 1 5 RIGHT 0 5
END TURN 76
TURN 77
COMMAND LEFT START
MOVE A4 118
TRAIN 1
COMMAND LEFT END
COMMAND RIGHT START
TRAIN 1
COMMAND RIGHT END
TURN 77 RESULT
TIME LEFT 13 5 RIGHT 0 5
TRAIN A8 B8
MOVE A4 160
END TURN 77
TURN 78
COMMAND LEFT START
MOVE A8 71
COMMAND LEFT END
COMMAND RIGHT START
COMMAND RIGHT END
TURN 78 RESULT
TIME LEFT 1 5 RIGHT 0 5
MOVE A4 147
MOVE A8 4
END TURN 78
TURN 79
COMMAND LEFT START
COMMAND LEFT END
COMMAND RIGHT START
COMMAND RIGHT END
TURN 79 RESULT
TIME LEFT 3 5 RIGHT 0 5
MOVE A4 142
MOVE A8 20
END TURN 79
TURN 80
COMMAND LEFT START
COMMAND LEFT END
COMMAND RIGHT START
COMMAND RIGHT END
TURN 80 RESULT
TIME LEFT 2 5 RIGHT 0 5
MOVE A4 128
MOVE A8 25
END TURN 80
TURN 81
COMMAND LEFT START
COMMAND LEFT END
COMMAND RIGHT START
COMMAND RIGHT END
TURN 81 RESULT
TIME LEFT 1 5 RIGHT 0 5
MOVE A4 118
MOVE A8 39
END TURN 81
TURN 82
COMMAND LEFT START
MOVE A4 106
COMMAND LEFT END
COMMAND RIGHT START
UPGRADE 163
COMMAND RIGHT END
TURN 82 RESULT
TIME LEFT 1 5 RIGHT 0 5
UPGRADE B 163
MOVE A4 106
MOVE A8 55
END TURN 82
TURN 83
COMMAND LEFT START
COMMAND LEFT END
COMMAND RIGHT START
TRAIN 1
COMMAND RIGHT END
TURN 83 RESULT
TIME LEFT 1 5 RIGHT 0 5
TRAIN B9
MOVE A8 71
END TURN 83
TURN 84
COMMAND LEFT START
UPGRADE 71
COMMAND LEFT END
COMMAND RIGHT START
MOVE B6 163
COMMAND RIGHT END
TURN 84 RESULT
TIME LEFT 1 5 RIGHT 0 5
UPGRADE A 71
MOVE B6 183
END TURN 84
TURN 85
COMMAND LEFT START
TRAIN 1
COMMAND LEFT END
COMMAND RIGHT START
COMMAND RIGHT END
TURN 85 RESULT
TIME LEFT 2 5 RIGHT 0 5
TRAIN A9
MOVE B6 180
END TURN 85
TURN 86
COMMAND LEFT START
MOVE A4 143
MOVE A9 74
COMMAND LEFT END
COMMAND RIGHT START
COMMAND RIGHT END
TURN 86 RESULT
TIME LEFT 17 5 RIGHT 0 5
MOVE A4 118
MOVE A9 4
MOVE B6 176
END TURN 86
TURN 87
COMMAND LEFT START
TRAIN 1
COMMAND LEFT END
COMMAND RIGHT START
COMMAND RIGHT END
TURN 87 RESULT
TIME LEFT 1 5 RIGHT 0 5
TRAIN A10
MOVE A4 133
MOVE A9 16
MOVE B6 175
END TURN 87
TURN 88
COMMAND LEFT START
MOVE A10 71
COMMAND LEFT END
COMMAND RIGHT START
COMMAND RIGHT END
TURN 88 RESULT
TIME LEFT 4 5 RIGHT 0 5
MOVE A4 138
MOVE A9 26
MOVE A10 4
MOVE B6 163
END TURN 88
TURN 89
COMMAND LEFT START
COMMAND LEFT END
COMMAND RIGHT START
UPGRADE 155
COMMAND RIGHT END
TURN 89 RESULT
TIME LEFT 2 5 RIGHT 0 5
UPGRADE B 155
MOVE A4 144
MOVE A9 36
MOVE A10 20
END TURN 89
TURN 90
COMMAND LEFT START
COMMAND LEFT END
COMMAND RIGHT START
TRAIN 1
COMMAND RIGHT END
TURN 90 RESULT
TIME LEFT 4 5 RIGHT 0 5
TRAIN B10
MOVE A4 143
MOVE A9 40
MOVE A10 25
END TURN 90
TURN 91
COMMAND LEFT START
MOVE A4 124
COMMAND LEFT END
COMMAND RIGHT START
MOVE B7 155
COMMAND RIGHT END
TURN 91 RESULT
TIME LEFT 2 5 RIGHT 0 5
MOVE A4 124
MOVE A9 61
MOVE A10 39
MOVE B7 183
END TURN 91
TURN 92
COMMAND LEFT START
COMMAND LEFT END
COMMAND RIGHT START
COMMAND RIGHT END
TURN 92 RESULT
TIME LEFT 2 5 RIGHT 0 5
MOVE A9 74
MOVE A10 55
MOVE B7 172
END TURN 92
TURN 93
COMMAND LEFT START
UPGRADE 74
COMMAND LEFT END
COMMAND RIGHT START
COMMAND RIGHT END
TURN 93 RESULT
TIME LEFT 3 5 RIGHT 0 5
UPGRADE A 74
MOVE A10 71
MOVE B7 164
END TURN 93
TURN 94
COMMAND LEFT START
TRAIN 1
COMMAND LEFT END
COMMAND RIGHT START
UPGRADE 93
COMMAND RIGHT END
TURN 94 RESULT
TIME LEFT 3 5 RIGHT 0 5
UPGRADE B 93
TRAIN A11
MOVE B7 155
END TURN 94
TURN 95
COMMAND LEFT START
MOVE A4 139
MOVE A11 96
COMMAND LEFT END
COMMAND RIGHT START
TRAIN 1
COMMAND RIGHT END
TURN 95 RESULT
TIME LEFT 14 5 RIGHT 0 5
TRAIN B11
MOVE A4 130
MOVE A11 4
END TURN 95
TURN 96
COMMAND LEFT START
TRAIN 1
COMMAND LEFT END
COMMAND RIGHT START
MOVE B8 93
COMMAND RIGHT END
TURN 96 RESULT
TIME LEFT 2 5 RIGHT 0 5
TRAIN A12
MOVE A4 134
MOVE A11 16
MOVE B8 183
END TURN 96
TURN 97
COMMAND LEFT START
MOVE A12 71
TRAIN 1
COMMAND LEFT END
COMMAND RIGHT START
COMMAND RIGHT END
TURN 97 RESULT
TIME LEFT 2 5 RIGHT 1 5
TRAIN A13
MOVE A4 141
MOVE A11 26
MOVE A12 4
MOVE B8 173
END TURN 97
TURN 98
COMMAND LEFT START
MOVE A13 71
TRAIN 1
COMMAND LEFT END
COMMAND RIGHT START
COMMAND RIGHT END
TURN 98 RESULT
TIME LEFT 2 5 RIGHT 0 5
TRAIN A14
MOVE A4 139
MOVE A11 36
MOVE A12 20
MOVE A13 4
MOVE B8 162
END TURN 98
TURN 99
COMMAND LEFT START
MOVE A4 108
MOVE A14 71
COMMAND LEFT END
COMMAND RIGHT START
COMMAND RIGHT END
TURN 99 RESULT
TIME LEFT 2 5 RIGHT 0 5
MOVE A4 108
MOVE A11 40
MOVE A12 25
MOVE A13 20
MOVE A14 4
MOVE B8 151
END TURN 99
TURN 100
COMMAND LEFT START
COMMAND LEFT END
COMMAND RIGHT START
UPGRADE 180
COMMAND RIGHT END
TURN 100 RESULT
TIME LEFT 6 5 RIGHT 1 5
UPGRADE B 180
MOVE A11 61
MOVE A12 39
MOVE A13 25
MOVE A14 20
MOVE B8 138
END TURN 100
TURN 101
COMMAND LEFT START
COMMAND LEFT END
COMMAND RIGHT START
TRAIN 1
COMMAND RIGHT END
TURN 101 RESULT
TIME LEFT 3 5 RIGHT 0 5
TRAIN B12
MOVE A11 70
MOVE A12 55
MOVE A13 39
MOVE A14 25
MOVE B8 121
END TURN 101
TURN 102
COMMAND LEFT START
COMMAND LEFT END
COMMAND RIGHT START
MOVE B9 180
COMMAND RIGHT END
TURN 102 RESULT
TIME LEFT 2 5 RIGHT 0 5
MOVE A11 85
MOVE A12 71
MOVE A13 55
MOVE A14 39
MOVE B8 93
MOVE B9 183
END TURN 102
TURN 103
COMMAND LEFT START
MOVE A4 132
COMMAND LEFT END
COMMAND RIGHT START
COMMAND RIGHT END
TURN 103 RESULT
TIME LEFT 15 5 RIGHT 0 5
MOVE A4 126
MOVE A11 96
MOVE A13 71
MOVE A14 55
MOVE B9 180
END TURN 103
TURN 104
COMMAND LEFT START
MOVE A10 93
MOVE A12 93
MOVE A13 93
UPGRADE 96
COMMAND LEFT END
COMMAND RIGHT START
COMMAND RIGHT END
TURN 104 RESULT
TIME LEFT 3 5 RIGHT 0 5
UPGRADE A 96
MOVE A4 127
MOVE A10 80
MOVE A12 80
MOVE A13 80
MOVE A14 71
END TURN 104
TURN 105
COMMAND LEFT START
MOVE A14 93
TRAIN 1
COMMAND LEFT END
COMMAND RIGHT START
UPGRADE 163
COMMAND RIGHT END
TURN 105 RESULT
TIME LEFT 3 5 RIGHT 0 5
UPGRADE B 163
TRAIN A15
MOVE A4 134
MOVE A10 86
MOVE A12 86
MOVE A13 86
MOVE A14 80
END TURN 105
TURN 106
COMMAND LEFT START
MOVE A15 93
COMMAND LEFT END
COMMAND RIGHT START
TRAIN 1
COMMAND RIGHT END
TURN 106 RESULT
TIME LEFT 2 5 RIGHT 0 5
TRAIN B13
MOVE A4 130
MOVE A10 87
MOVE A12 87
MOVE A13 87
MOVE A14 86
MOVE A15 3
END TURN 106
TURN 107
COMMAND LEFT START
TRAIN 1
COMMAND LEFT END
COMMAND RIGHT START
MOVE B10 163
COMMAND RIGHT END
TURN 107 RESULT
TIME LEFT 1 5 RIGHT 1 5
TRAIN A16
MOVE A4 124
MOVE A10 93
MOVE A12 93
MOVE A13 93
MOVE A14 87
MOVE A15 13
MOVE B10 183
DAMAGE TURRET A10 1
DAMAGE COMBAT A10 2
DAMAGE COMBAT B2 3
END TURN 107
TURN 108
COMMAND LEFT START
MOVE A16 71
TRAIN 1
COMMAND LEFT END
COMMAND RIGHT START
MOVE B3 93
MOVE B1 93
MOVE B4 93
COMMAND RIGHT END
TURN 108 RESULT
TIME LEFT 3 5 RIGHT 0 5
TRAIN A17
MOVE A4 136
MOVE A14 93
MOVE A15 24
MOVE A16 4
MOVE B1 173
MOVE B3 140
MOVE B4 173
MOVE B10 180
DAMAGE TURRET A10 1
DAMAGE COMBAT A10 1
DAMAGE COMBAT A12 1
DAMAGE COMBAT B2 1
DAMAGE COMBAT B8 3
END TURN 108
TURN 109
COMMAND LEFT START
MOVE A17 71
TRAIN 1
COMMAND LEFT END
COMMAND RIGHT START
TRAIN 2
COMMAND RIGHT END
TURN 109 RESULT
TIME LEFT 3 5 RIGHT 0 5
TRAIN A18 B14 B15
MOVE A4 138
MOVE A15 35
MOVE A16 20
MOVE A17 4
MOVE B1 162
MOVE B3 133
MOVE B4 162
MOVE B10 176
DAMAGE TURRET A12 1
DAMAGE COMBAT A12 1
DAMAGE COMBAT B8 3
END TURN 109
TURN 110
COMMAND LEFT START
MOVE A18 71
TRAIN 1
COMMAND LEFT END
COMMAND RIGHT START
MOVE B11 180
MOVE B12 180
TRAIN 1
COMMAND RIGHT END
TURN 110 RESULT
TIME LEFT 3 5 RIGHT 0 5
TRAIN A19 B16
MOVE A4 133
MOVE A15 48
MOVE A16 25
MOVE A17 20
MOVE A18 4
MOVE B1 151
MOVE B3 121
MOVE B4 151
MOVE B10 175
MOVE B11 183
MOVE B12 183
DAMAGE TURRET A12 1
SIEGE B 93 3
END TURN 110
TURN 111
COMMAND LEFT START
MOVE A19 71
TRAIN 1
COMMAND LEFT END
COMMAND RIGHT START
MOVE B13 155
COMMAND RIGHT END
TURN 111 RESULT
TIME LEFT 3 5 RIGHT 0 5
TRAIN A20
MOVE A4 128
MOVE A15 65
MOVE A16 39
MOVE A17 25
MOVE A18 20
MOVE A19 4
MOVE B1 138
MOVE B3 93
MOVE B4 138
MOVE B10 163
MOVE B11 180
MOVE B12 180
MOVE B13 183
DAMAGE TURRET A12 1
DAMAGE COMBAT A13 1
DAMAGE COMBAT B3 3
END TURN 111
TURN 112
COMMAND LEFT START
MOVE A20 93
COMMAND LEFT END
COMMAND RIGHT START
COMMAND RIGHT END
TURN 112 RESULT
TIME LEFT 4 5 RIGHT 0 5
MOVE A4 129
MOVE A15 93
MOVE A16 55
MOVE A17 39
MOVE A18 25
MOVE A19 20
MOVE A20 3
MOVE B1 121
MOVE B4 121
MOVE B13 172
DAMAGE TURRET A13 1
DAMAGE COMBAT A13 1
DAMAGE COMBAT B3 1
SIEGE B 93 2
END TURN 112
TURN 113
COMMAND LEFT START
TRAIN 1
COMMAND LEFT END
COMMAND RIGHT START
MOVE B9 93
MOVE B11 93
MOVE B5 93
COMMAND RIGHT END
TURN 113 RESULT
TIME LEFT 2 5 RIGHT 0 5
TRAIN A21
MOVE A4 131
MOVE A16 71
MOVE A17 55
MOVE A18 39
MOVE A19 25
MOVE A20 13
MOVE B1 93
MOVE B4 93
MOVE B5 153
MOVE B9 173
MOVE B11 173
MOVE B13 164
DAMAGE TURRET A13 1
DAMAGE COMBAT A13 1
DAMAGE COMBAT A14 1
DAMAGE COMBAT B1 3
END TURN 113
TURN 114
COMMAND LEFT START
MOVE A16 93
MOVE A21 71
TRAIN 1
COMMAND LEFT END
COMMAND RIGHT START
MOVE B6 93
MOVE B14 93
MOVE B15 93
TRAIN 1
COMMAND RIGHT END
TURN 114 RESULT
TIME LEFT 4 5 RIGHT 0 5
TRAIN A22 B17
MOVE A4 135
MOVE A16 80
MOVE A17 71
MOVE A18 55
MOVE A19 39
MOVE A20 24
MOVE A21 4
MOVE B5 143
MOVE B6 153
MOVE B9 162
MOVE B11 162
MOVE B13 155
MOVE B14 183
MOVE B15 183
DAMAGE TURRET A14 1
DAMAGE COMBAT A14 2
DAMAGE COMBAT B1 1
DAMAGE COMBAT B4 1
END TURN 114
TURN 115
COMMAND LEFT START
MOVE A17 93
MOVE A22 71
TRAIN 1
COMMAND LEFT END
COMMAND RIGHT START
MOVE B7 93
MOVE B16 93
TRAIN 1
COMMAND RIGHT END
TURN 115 RESULT
TIME LEFT 4 5 RIGHT 0 5
TRAIN A23 B18
MOVE A4 146
MOVE A16 86
MOVE A17 80
MOVE A18 71
MOVE A19 55
MOVE A20 35
MOVE A21 20
MOVE A22 4
MOVE B5 124
MOVE B6 143
MOVE B7 140
MOVE B9 151
MOVE B11 151
MOVE B14 173
MOVE B15 173
MOVE B16 183
DAMAGE TURRET A14 1
DAMAGE COMBAT A15 1
DAMAGE COMBAT B4 2
END TURN 115
TURN 116
COMMAND LEFT START
MOVE A18 93
MOVE A23 71
COMMAND LEFT END
COMMAND RIGHT START
MOVE B17 93
COMMAND RIGHT END
TURN 116 RESULT
TIME LEFT 4 5 RIGHT 0 5
MOVE A4 137
MOVE A16 87
MOVE A17 86
MOVE A18 80
MOVE A19 71
MOVE A20 48
MOVE A21 25
MOVE A22 20
MOVE A23 4
MOVE B5 120
MOVE B6 124
MOVE B7 133
MOVE B9 138
MOVE B11 138
MOVE B14 162
MOVE B15 162
MOVE B16 173
MOVE B17 183
DAMAGE TURRET A15 1
DAMAGE COMBAT A15 1
DAMAGE COMBAT B4 1
END TURN 116
TURN 117
COMMAND LEFT START
TRAIN 1
COMMAND LEFT END
COMMAND RIGHT START
TRAIN 2
COMMAND RIGHT END
TURN 117 RESULT
TIME LEFT 9 5 RIGHT 0 5
TRAIN A24 B19 B20
MOVE A4 132
MOVE A16 93
MOVE A17 87
MOVE A18 86
MOVE A20 65
MOVE A21 39
MOVE A22 25
MOVE A23 20
MOVE B5 97
MOVE B6 120
MOVE B7 121
MOVE B9 121
MOVE B11 121
MOVE B14 151
MOVE B15 151
MOVE B16 162
MOVE B17 173
DAMAGE TURRET A15 1
SIEGE B 93 2
END TURN 117
TURN 118
COMMAND LEFT START
MOVE A24 71
TRAIN 1
COMMAND LEFT END
COMMAND RIGHT START
MOVE B18 93
MOVE B19 93
COMMAND RIGHT END
TURN 118 RESULT
TIME LEFT 4 5 RIGHT 0 5
TRAIN A25
MOVE A17 93
MOVE A18 87
MOVE A20 93
MOVE A21 55
MOVE A22 39
MOVE A23 25
MOVE A24 4
MOVE B5 93
MOVE B6 97
MOVE B7 93
MOVE B9 93
MOVE B11 93
MOVE B14 138
MOVE B15 138
MOVE B16 151
MOVE B17 162
MOVE B18 183
MOVE B19 183
DAMAGE TURRET A15 1
DAMAGE COMBAT A16 4
DAMAGE COMBAT B5 4
END TURN 118
TURN 119
COMMAND LEFT START
MOVE A25 71
TRAIN 1
COMMAND LEFT END
COMMAND RIGHT START
TRAIN 2
COMMAND RIGHT END
TURN 119 RESULT
TIME LEFT 4 5 RIGHT 0 5
TRAIN A26 B21 B22
MOVE A18 93
MOVE A21 71
MOVE A22 55
MOVE A23 39
MOVE A24 20
MOVE A25 4
MOVE B6 93
MOVE B14 121
MOVE B15 121
MOVE B16 138
MOVE B17 151
MOVE B18 173
MOVE B19 173
DAMAGE TURRET A16 1
DAMAGE COMBAT A17 4
DAMAGE COMBAT B6 4
END TURN 119
TURN 120
COMMAND LEFT START
MOVE A26 71
TRAIN 1
COMMAND LEFT END
COMMAND RIGHT START
MOVE B20 93
MOVE B21 93
COMMAND RIGHT END
TURN 120 RESULT
TIME LEFT 5 5 RIGHT 0 5
TRAIN A27
MOVE A22 71
MOVE A23 55
MOVE A24 25
MOVE A25 20
MOVE A26 4
MOVE B14 93
MOVE B15 93
MOVE B16 121
MOVE B17 138
MOVE B18 162
MOVE B19 162
MOVE B20 183
MOVE B21 183
DAMAGE TURRET A17 1
DAMAGE COMBAT A18 5
DAMAGE COMBAT B7 3
END TURN 120
TURN 121
COMMAND LEFT START
MOVE A4 182
MOVE A19 31
MOVE A21 31
MOVE A27 71
COMMAND LEFT END
COMMAND RIGHT START
TRAIN 2
COMMAND RIGHT END
TURN 121 RESULT
TIME LEFT 53 5 RIGHT 0 5
TRAIN B23 B24
MOVE A4 137
MOVE A19 57
MOVE A21 57
MOVE A23 71
MOVE A24 39
MOVE A25 25
MOVE A26 20
MOVE A27 4
MOVE B16 93
MOVE B17 121
MOVE B18 151
MOVE B19 151
MOVE B20 173
MOVE B21 173
DAMAGE TURRET A20 1
DAMAGE COMBAT A20 4
DAMAGE COMBAT B7 1
END TURN 121
TURN 122
COMMAND LEFT START
TRAIN 1
COMMAND LEFT END
COMMAND RIGHT START
MOVE B7 180
MOVE B9 180
MOVE B11 163
MOVE B14 163
TRAIN 1
COMMAND RIGHT END
TURN 122 RESULT
TIME LEFT 5 5 RIGHT 0 5
TRAIN A28 B25
MOVE A4 146
MOVE A19 44
MOVE A21 44
MOVE A24 55
MOVE A25 39
MOVE A26 25
MOVE A27 20
MOVE B7 121
MOVE B9 121
MOVE B11 97
MOVE B14 97
MOVE B17 93
MOVE B18 138
MOVE B19 138
MOVE B20 162
MOVE B21 162
END TURN 122
TURN 123
COMMAND LEFT START
MOVE A28 71
TRAIN 1
COMMAND LEFT END
COMMAND RIGHT START
MOVE B22 155
COMMAND RIGHT END
TURN 123 RESULT
TIME LEFT 17 5 RIGHT 0 5
TRAIN A29
MOVE A4 150
MOVE A19 38
MOVE A21 38
MOVE A24 71
MOVE A25 55
MOVE A26 39
MOVE A27 25
MOVE A28 4
MOVE B7 138
MOVE B9 138
MOVE B11 120
MOVE B14 120
MOVE B18 121
MOVE B19 121
MOVE B20 151
MOVE B21 151
MOVE B22 183
END TURN 123
TURN 124
COMMAND LEFT START
MOVE A22 155
MOVE A23 155
MOVE A24 155
MOVE A29 71
TRAIN 1
COMMAND LEFT END
COMMAND RIGHT START
COMMAND RIGHT END
TURN 124 RESULT
TIME LEFT 7 5 RIGHT 0 5
TRAIN A30
MOVE A4 160
MOVE A19 31
MOVE A21 31
MOVE A22 80
MOVE A23 80
MOVE A24 80
MOVE A25 71
MOVE A26 55
MOVE A27 39
MOVE A28 20
MOVE A29 4
MOVE B7 151
MOVE B9 151
MOVE B11 124
MOVE B14 124
MOVE B18 93
MOVE B19 93
MOVE B20 138
MOVE B21 138
MOVE B22 172
END TURN 124
TURN 125
COMMAND LEFT START
MOVE A25 155
MOVE A19 71
MOVE A21 71
MOVE A30 71
COMMAND LEFT END
COMMAND RIGHT START
COMMAND RIGHT END
TURN 125 RESULT
TIME LEFT 9 5 RIGHT 0 5
MOVE A4 170
MOVE A19 38
MOVE A21 38
MOVE A22 86
MOVE A23 86
MOVE A24 86
MOVE A25 80
MOVE A26 71
MOVE A27 55
MOVE A28 25
MOVE A29 20
MOVE A30 4
MOVE B7 162
MOVE B9 162
MOVE B11 143
MOVE B14 143
MOVE B20 121
MOVE B21 121
MOVE B22 164
END TURN 125
TURN 126
COMMAND LEFT START
MOVE A26 155
TRAIN 1
COMMAND LEFT END
COMMAND RIGHT START
COMMAND RIGHT END
TURN 126 RESULT
TIME LEFT 7 5 RIGHT 0 5
TRAIN A31
MOVE A4 182
MOVE A19 44
MOVE A21 44
MOVE A22 97
MOVE A23 97
MOVE A24 97
MOVE A25 86
MOVE A26 80
MOVE A27 71
MOVE A28 39
MOVE A29 25
MOVE A30 20
MOVE B7 173
MOVE B9 173
MOVE B11 153
MOVE B14 153
MOVE B20 93
MOVE B21 93
MOVE B22 155
END TURN 126
TURN 127
COMMAND LEFT START
MOVE A4 170
MOVE A31 31
MOVE A27 155
TRAIN 1
COMMAND LEFT END
COMMAND RIGHT START
MOVE B13 93
MOVE B23 93
MOVE B24 93
MOVE B15 186
MOVE B16 186
MOVE B17 155
MOVE B21 145
COMMAND RIGHT END
TURN 127 RESULT
TIME LEFT 11 5 RIGHT 0 5
TRAIN A32
MOVE A4 170
MOVE A19 57
MOVE A21 57
MOVE A22 121
MOVE A23 121
MOVE A24 121
MOVE A25 97
MOVE A26 86
MOVE A27 80
MOVE A28 55
MOVE A29 39
MOVE A30 25
MOVE A31 3
MOVE B7 180
MOVE B9 180
MOVE B11 163
MOVE B13 140
MOVE B14 163
MOVE B15 121
MOVE B16 121
MOVE B17 121
MOVE B21 99
MOVE B23 183
MOVE B24 183
DAMAGE COMBAT A22 3
DAMAGE COMBAT B15 3
END TURN 127
TURN 128
COMMAND LEFT START
MOVE A4 169
MOVE A32 71
COMMAND LEFT END
COMMAND RIGHT START
UPGRADE 155
COMMAND RIGHT END
TURN 128 RESULT
TIME LEFT 3 5 RIGHT 0 5
UPGRADE B 155
MOVE A4 169
MOVE A19 71
MOVE A21 71
MOVE A25 121
MOVE A26 97
MOVE A27 86
MOVE A28 71
MOVE A29 55
MOVE A30 39
MOVE A31 14
MOVE A32 4
MOVE B13 133
MOVE B21 118
MOVE B23 173
MOVE B24 173
DAMAGE COMBAT A22 2
DAMAGE COMBAT A23 1
DAMAGE COMBAT B15 3
DAMAGE COMBAT B16 1
END TURN 128
TURN 129
COMMAND LEFT START
MOVE A19 155
MOVE A21 155
MOVE A28 155
TRAIN 1
COMMAND LEFT END
COMMAND RIGHT START
TRAIN 1
COMMAND RIGHT END
TURN 129 RESULT
TIME LEFT 6 5 RIGHT 0 5
TRAIN A33 B26
MOVE A19 80
MOVE A21 80
MOVE A26 121
MOVE A27 97
MOVE A28 80
MOVE A29 71
MOVE A30 55
MOVE A31 22
MOVE A32 20
MOVE B13 121
MOVE B21 128
MOVE B23 162
MOVE B24 162
DAMAGE COMBAT A23 3
DAMAGE COMBAT B16 4
END TURN 129
TURN 130
COMMAND LEFT START
MOVE A29 155
MOVE A33 71
COMMAND LEFT END
COMMAND RIGHT START
TRAIN 1
COMMAND RIGHT END
TURN 130 RESULT
TIME LEFT 5 5 RIGHT 0 5
TRAIN B27
MOVE A19 86
MOVE A21 86
MOVE A27 121
MOVE A28 86
MOVE A29 80
MOVE A30 71
MOVE A31 31
MOVE A32 25
MOVE A33 4
MOVE B21 129
MOVE B23 151
MOVE B24 151
DAMAGE COMBAT A23 1
DAMAGE COMBAT A24 2
DAMAGE COMBAT B13 4
DAMAGE COMBAT B16 1
END TURN 130
TURN 131
COMMAND LEFT START
MOVE A30 155
MOVE A31 71
TRAIN 1
COMMAND LEFT END
COMMAND RIGHT START
TRAIN 1
COMMAND RIGHT END
TURN 131 RESULT
TIME LEFT 4 5 RIGHT 0 5
TRAIN A34 B28
MOVE A19 97
MOVE A21 97
MOVE A28 97
MOVE A29 86
MOVE A30 80
MOVE A31 38
MOVE A32 39
MOVE A33 20
MOVE B21 131
MOVE B23 138
MOVE B24 138
DAMAGE COMBAT A24 2
DAMAGE COMBAT B13 2
DAMAGE COMBAT B17 2
END TURN 131
TURN 132
COMMAND LEFT START
MOVE A4 135
MOVE A34 71
TRAIN 1
COMMAND LEFT END
COMMAND RIGHT START
MOVE B25 155
COMMAND RIGHT END
TURN 132 RESULT
TIME LEFT 18 5 RIGHT 0 5
TRAIN A35
MOVE A4 157
MOVE A19 121
MOVE A21 121
MOVE A28 121
MOVE A29 97
MOVE A30 86
MOVE A31 44
MOVE A32 55
MOVE A33 25
MOVE A34 4
MOVE B21 145
MOVE B23 121
MOVE B24 121
MOVE B25 183
DAMAGE COMBAT A19 2
DAMAGE COMBAT A24 1
DAMAGE COMBAT B17 4
DAMAGE COMBAT B23 3
END TURN 132
TURN 133
COMMAND LEFT START
MOVE A35 71
COMMAND LEFT END
COMMAND RIGHT START
MOVE B21 155
TRAIN 1
COMMAND RIGHT END
TURN 133 RESULT
TIME LEFT 3 5 RIGHT 0 5
TRAIN B29
MOVE A4 150
MOVE A29 121
MOVE A30 97
MOVE A31 57
MOVE A32 71
MOVE A33 39
MOVE A34 20
MOVE A35 4
MOVE B21 147
MOVE B25 172
DAMAGE COMBAT A19 2
DAMAGE COMBAT B23 3
DAMAGE COMBAT B24 4
END TURN 133
TURN 134
COMMAND LEFT START
TRAIN 1
COMMAND LEFT END
COMMAND RIGHT START
COMMAND RIGHT END
TURN 134 RESULT
TIME LEFT 2 5 RIGHT 0 5
TRAIN A36
MOVE A4 145
MOVE A30 121
MOVE A31 71
MOVE A33 55
MOVE A34 25
MOVE A35 20
MOVE B21 161
MOVE B25 164
DAMAGE COMBAT A19 1
DAMAGE COMBAT B24 2
END TURN 134
TURN 135
COMMAND LEFT START
MOVE A36 71
TRAIN 1
COMMAND LEFT END
COMMAND RIGHT START
MOVE B26 155
COMMAND RIGHT END
TURN 135 RESULT
TIME LEFT 3 5 RIGHT 0 5
TRAIN A37
MOVE A4 135
MOVE A21 133
MOVE A25 133
MOVE A26 133
MOVE A27 133
MOVE A28 133
MOVE A29 133
MOVE A30 133
MOVE A33 71
MOVE A34 39
MOVE A35 25
MOVE A36 4
MOVE B21 155
MOVE B25 155
MOVE B26 183
END TURN 135
TURN 136
COMMAND LEFT START
MOVE A31 155
MOVE A32 155
MOVE A33 155
MOVE A37 71
COMMAND LEFT END
COMMAND RIGHT START
UPGRADE 93
COMMAND RIGHT END
TURN 136 RESULT
TIME LEFT 6 5 RIGHT 0 5
UPGRADE B 93
MOVE A21 140
MOVE A25 140
MOVE A26 140
MOVE A27 140
MOVE A28 140
MOVE A29 140
MOVE A30 140
MOVE A31 80
MOVE A32 80
MOVE A33 80
MOVE A34 55
MOVE A35 39
MOVE A36 20
MOVE A37 4
MOVE B26 172
END TURN 136
TURN 137
COMMAND LEFT START
TRAIN 1
COMMAND LEFT END
COMMAND RIGHT START
COMMAND RIGHT END
TURN 137 RESULT
TIME LEFT 1 5 RIGHT 0 5
TRAIN A38
MOVE A21 155
MOVE A25 155
MOVE A26 155
MOVE A27 155
MOVE A28 155
MOVE A29 155
MOVE A30 155
MOVE A31 86
MOVE A32 86
MOVE A33 86
MOVE A34 71
MOVE A35 55
MOVE A36 25
MOVE A37 20
MOVE B26 164
DAMAGE TURRET A21 2
DAMAGE COMBAT A21 3
DAMAGE COMBAT B21 6
DAMAGE COMBAT B22 1
END TURN 137
TURN 138
COMMAND LEFT START
MOVE A38 71
TRAIN 1
COMMAND LEFT END
COMMAND RIGHT START
MOVE B7 155
MOVE B9 155
MOVE B27 155
TRAIN 2
COMMAND RIGHT END
TURN 138 RESULT
TIME LEFT 3 5 RIGHT 0 5
TRAIN A39 B30 B31
MOVE A31 97
MOVE A32 97
MOVE A33 97
MOVE A35 71
MOVE A36 39
MOVE A37 25
MOVE A38 4
MOVE B7 173
MOVE B9 173
MOVE B26 155
MOVE B27 183
DAMAGE TURRET A25 2
DAMAGE COMBAT A25 3
DAMAGE COMBAT B22 5
DAMAGE COMBAT B25 1
END TURN 138
TURN 139
COMMAND LEFT START
MOVE A4 130
MOVE A34 173
MOVE A35 173
MOVE A39 71
COMMAND LEFT END
COMMAND RIGHT START
MOVE B28 180
TRAIN 1
COMMAND RIGHT END
TURN 139 RESULT
TIME LEFT 40 5 RIGHT 0 5
TRAIN B32
MOVE A4 131
MOVE A31 121
MOVE A32 121
MOVE A33 121
MOVE A34 84
MOVE A35 84
MOVE A36 55
MOVE A37 39
MOVE A38 20
MOVE A39 4
MOVE B7 172
MOVE B9 172
MOVE B27 172
MOVE B28 183
DAMAGE TURRET A26 2
DAMAGE COMBAT A26 2
DAMAGE COMBAT B25 5
END TURN 139
TURN 140
COMMAND LEFT START
TRAIN 1
COMMAND LEFT END
COMMAND RIGHT START
MOVE B29 180
COMMAND RIGHT END
TURN 140 RESULT
TIME LEFT 2 5 RIGHT 0 5
TRAIN A40
MOVE A4 129
MOVE A31 133
MOVE A32 133
MOVE A33 133
MOVE A34 105
MOVE A35 105
MOVE A36 71
MOVE A37 55
MOVE A38 25
MOVE A39 20
MOVE B7 164
MOVE B9 164
MOVE B27 164
MOVE B28 180
MOVE B29 183
DAMAGE TURRET A26 1
DAMAGE TURRET A27 1
DAMAGE COMBAT A27 1
DAMAGE COMBAT B26 5
END TURN 140
TURN 141
COMMAND LEFT START
MOVE A36 155
MOVE A40 71
TRAIN 1
COMMAND LEFT END
COMMAND RIGHT START
COMMAND RIGHT END
TURN 141 RESULT
TIME LEFT 3 5 RIGHT 0 5
TRAIN A41
MOVE A4 128
MOVE A31 140
MOVE A32 140
MOVE A33 140
MOVE A34 120
MOVE A35 120
MOVE A36 80
MOVE A37 71
MOVE A38 39
MOVE A39 25
MOVE A40 4
MOVE B7 155
MOVE B9 155
MOVE B27 155
MOVE B29 180
DAMAGE TURRET A27 2
DAMAGE COMBAT A27 1
DAMAGE COMBAT A28 3
DAMAGE COMBAT B7 1
DAMAGE COMBAT B9 2
DAMAGE COMBAT B26 1
END TURN 141
TURN 142
COMMAND LEFT START
MOVE A37 155
MOVE A41 71
COMMAND LEFT END
COMMAND RIGHT START
MOVE B12 155
MOVE B28 155
MOVE B30 155
TRAIN 2
COMMAND RIGHT END
TURN 142 RESULT
TIME LEFT 3 5 RIGHT 0 5
TRAIN B33 B34
MOVE A4 133
MOVE A31 155
MOVE A32 155
MOVE A33 155
MOVE A34 138
MOVE A35 138
MOVE A36 86
MOVE A37 80
MOVE A38 55
MOVE A39 39
MOVE A40 20
MOVE A41 4
MOVE B12 173
MOVE B28 173
MOVE B30 183
DAMAGE TURRET A28 2
DAMAGE COMBAT A29 2
DAMAGE COMBAT B9 4
DAMAGE COMBAT B27 2
END TURN 142
TURN 143
COMMAND LEFT START
TRAIN 1
COMMAND LEFT END
COMMAND RIGHT START
MOVE B31 180
TRAIN 1
COMMAND RIGHT END
TURN 143 RESULT
TIME LEFT 1 5 RIGHT 0 5
TRAIN A42 B35
MOVE A4 138
MOVE A34 151
MOVE A35 151
MOVE A36 97
MOVE A37 86
MOVE A38 71
MOVE A39 55
MOVE A40 25
MOVE A41 20
MOVE B12 172
MOVE B28 172
MOVE B30 172
MOVE B31 183
DAMAGE TURRET A29 2
DAMAGE COMBAT A29 1
DAMAGE COMBAT B27 4
SIEGE B 155 1
END TURN 143
TURN 144
COMMAND LEFT START
MOVE A42 71
TRAIN 1
COMMAND LEFT END
COMMAND RIGHT START
MOVE B32 180
TRAIN 1
COMMAND RIGHT END
TURN 144 RESULT
TIME LEFT 4 5 RIGHT 0 5
TRAIN A43 B36
MOVE A4 136
MOVE A34 162
MOVE A35 162
MOVE A36 121
MOVE A37 97
MOVE A39 71
MOVE A40 39
MOVE A41 25
MOVE A42 4
MOVE B12 164
MOVE B28 164
MOVE B30 164
MOVE B31 180
MOVE B32 183
DAMAGE TURRET A30 2
SIEGE B 155 4
END TURN 144
TURN 145
COMMAND LEFT START
MOVE A43 71
TRAIN 1
COMMAND LEFT END
COMMAND RIGHT START
TRAIN 1
COMMAND RIGHT END
TURN 145 RESULT
TIME LEFT 3 5 RIGHT 1 5
TRAIN A44 B37
MOVE A4 124
MOVE A34 173
MOVE A35 173
MOVE A36 133
MOVE A37 121
MOVE A40 55
MOVE A41 39
MOVE A42 20
MOVE A43 4
MOVE B12 155
MOVE B28 155
MOVE B30 155
MOVE B32 180
DAMAGE TURRET A30 2
DAMAGE COMBAT A30 1
DAMAGE COMBAT A31 2
DAMAGE COMBAT B12 4
END TURN 145
TURN 146
COMMAND LEFT START
MOVE A34 155
MOVE A35 155
MOVE A44 71
COMMAND LEFT END
COMMAND RIGHT START
MOVE B37 145
COMMAND RIGHT END
TURN 146 RESULT
TIME LEFT 5 5 RIGHT 0 5
MOVE A4 130
MOVE A34 172
MOVE A35 172
MOVE A36 140
MOVE A37 133
MOVE A40 71
MOVE A41 55
MOVE A42 25
MOVE A43 20
MOVE A44 4
MOVE B37 182
DAMAGE TURRET A31 2
DAMAGE COMBAT A31 1
DAMAGE COMBAT A32 2
DAMAGE COMBAT B12 2
DAMAGE COMBAT B28 1
END TURN 146
TURN 147
COMMAND LEFT START
MOVE A4 111
MOVE A38 155
MOVE A39 155
MOVE A40 155
COMMAND LEFT END
COMMAND RIGHT START
MOVE B36 93
TRAIN 1
COMMAND RIGHT END
TURN 147 RESULT
TIME LEFT 6 5 RIGHT 0 5
TRAIN B38
MOVE A4 111
MOVE A34 164
MOVE A35 164
MOVE A36 155
MOVE A37 140
MOVE A38 80
MOVE A39 80
MOVE A40 80
MOVE A41 71
MOVE A42 39
MOVE A43 25
MOVE A44 20
MOVE B36 183
MOVE B37 166
DAMAGE TURRET A32 2
DAMAGE COMBAT A32 1
DAMAGE COMBAT A33 1
DAMAGE COMBAT B28 3
END TURN 147
TURN 148
COMMAND LEFT START
MOVE A41 155
TRAIN 1
COMMAND LEFT END
COMMAND RIGHT START
MOVE B10 155
MOVE B11 155
MOVE B33 163
TRAIN 1
COMMAND RIGHT END
TURN 148 RESULT
TIME LEFT 4 5 RIGHT 0 5
TRAIN A45 B39
MOVE A34 155
MOVE A35 155
MOVE A37 155
MOVE A38 86
MOVE A39 86
MOVE A40 86
MOVE A41 80
MOVE A42 55
MOVE A43 39
MOVE A44 25
MOVE B10 167
MOVE B11 167
MOVE B33 183
MOVE B36 173
MOVE B37 161
DAMAGE TURRET A33 2
DAMAGE COMBAT A33 2
DAMAGE COMBAT B28 2
DAMAGE COMBAT B30 3
END TURN 148
TURN 149
COMMAND LEFT START
MOVE A45 71
TRAIN 1
COMMAND LEFT END
COMMAND RIGHT START
MOVE B34 163
TRAIN 2
COMMAND RIGHT END
TURN 149 RESULT
TIME LEFT 2 5 RIGHT 0 5
TRAIN A46 B40 B41
MOVE A38 97
MOVE A39 97
MOVE A40 97
MOVE A41 86
MOVE A42 71
MOVE A43 55
MOVE A44 39
MOVE A45 4
MOVE B10 171
MOVE B11 171
MOVE B33 180
MOVE B34 183
MOVE B36 162
MOVE B37 147
DAMAGE TURRET A34 2
DAMAGE COMBAT A34 1
DAMAGE COMBAT B30 3
SIEGE B 155 1
END TURN 149
TURN 150
COMMAND LEFT START
MOVE A46 71
TRAIN 1
COMMAND LEFT END
COMMAND RIGHT START
MOVE B41 93
MOVE B40 93
TRAIN 1
COMMAND RIGHT END
TURN 150 RESULT
TIME LEFT 2 5 RIGHT 0 5
TRAIN A47 B42
MOVE A38 121
MOVE A39 121
MOVE A40 121
MOVE A41 97
MOVE A43 71
MOVE A44 55
MOVE A45 20
MOVE A46 4
MOVE B10 168
MOVE B11 168
MOVE B33 176
MOVE B34 180
MOVE B36 151
MOVE B37 145
MOVE B40 183
MOVE B41 183
DAMAGE TURRET A34 2
SIEGE B 155 4
END TURN 150
TURN 151
COMMAND LEFT START
MOVE A4 130
MOVE A42 155
MOVE A43 155
MOVE A47 71
COMMAND LEFT END
COMMAND RIGHT START
MOVE B35 155
MOVE B29 155
MOVE B31 155
MOVE B37 180
TRAIN 2
COMMAND RIGHT END
TURN 151 RESULT
TIME LEFT 10 5 RIGHT 0 5
TRAIN B43 B44
MOVE A4 130
MOVE A38 133
MOVE A39 133
MOVE A40 133
MOVE A41 121
MOVE A42 80
MOVE A43 80
MOVE A44 71
MOVE A45 25
MOVE A46 20
MOVE A47 4
MOVE B10 162
MOVE B11 162
MOVE B29 173
MOVE B31 173
MOVE B33 175
MOVE B34 176
MOVE B35 183
MOVE B36 138
MOVE B37 147
MOVE B40 173
MOVE B41 173
DAMAGE TURRET A35 2
SIEGE B 155 3
END TURN 151
TURN 152
COMMAND LEFT START
MOVE A4 111
MOVE A44 155
TRAIN 1
COMMAND LEFT END
COMMAND RIGHT START
MOVE B38 155
MOVE B39 155
MOVE B42 155
TRAIN 2
COMMAND RIGHT END
TURN 152 RESULT
TIME LEFT 5 5 RIGHT 0 5
TRAIN A48 B45 B46
MOVE A4 111
MOVE A38 140
MOVE A39 140
MOVE A40 140
MOVE A41 133
MOVE A42 86
MOVE A43 86
MOVE A44 80
MOVE A45 39
MOVE A46 25
MOVE A47 20
MOVE B10 155
MOVE B11 155
MOVE B29 172
MOVE B31 172
MOVE B33 163
MOVE B34 175
MOVE B35 172
MOVE B36 121
MOVE B37 161
MOVE B38 183
MOVE B39 183
MOVE B40 162
MOVE B41 162
MOVE B42 183
DAMAGE TURRET A35 2
DAMAGE COMBAT A35 1
DAMAGE COMBAT A36 1
DAMAGE COMBAT B10 3
END TURN 152
TURN 153
COMMAND LEFT START
MOVE A4 91
MOVE A48 71
COMMAND LEFT END
COMMAND RIGHT START
MOVE B43 155
MOVE B44 155
MOVE B45 155
TRAIN 2
COMMAND RIGHT END
TURN 153 RESULT
TIME LEFT 4 5 RIGHT 0 5
TRAIN B47 B48
MOVE A4 91
MOVE A38 155
MOVE A39 155
MOVE A40 155
MOVE A41 140
MOVE A42 97
MOVE A43 97
MOVE A44 86
MOVE A45 55
MOVE A46 39
MOVE A47 25
MOVE A48 4
MOVE B29 164
MOVE B31 164
MOVE B34 163
MOVE B35 164
MOVE B36 93
MOVE B37 166
MOVE B38 172
MOVE B39 172
MOVE B40 151
MOVE B41 151
MOVE B42 172
MOVE B43 183
MOVE B44 183
MOVE B45 183
DAMAGE TURRET A36 2
DAMAGE COMBAT A36 2
DAMAGE COMBAT B10 3
DAMAGE COMBAT B11 2
END TURN 153
TURN 154
COMMAND LEFT START
TRAIN 1
COMMAND LEFT END
COMMAND RIGHT START
MOVE B46 155
MOVE B47 155
MOVE B14 155
MOVE B18 186
TRAIN 2
COMMAND RIGHT END
TURN 154 RESULT
TIME LEFT 3 5 RIGHT 0 5
TRAIN A49 B49 B50
MOVE A41 155
MOVE A42 121
MOVE A43 121
MOVE A44 97
MOVE A45 71
MOVE A46 55
MOVE A47 39
MOVE A48 20
MOVE B14 167
MOVE B18 121
MOVE B29 155
MOVE B31 155
MOVE B35 155
MOVE B37 177
MOVE B38 164
MOVE B39 164
MOVE B40 138
MOVE B41 138
MOVE B42 164
MOVE B43 172
MOVE B44 172
MOVE B45 172
MOVE B46 183
MOVE B47 183
DAMAGE TURRET A37 2
DAMAGE COMBAT A37 3
DAMAGE COMBAT A38 1
DAMAGE COMBAT A42 1
DAMAGE COMBAT B11 4
DAMAGE COMBAT B18 2
DAMAGE COMBAT B29 1
END TURN 154
TURN 155
COMMAND LEFT START
MOVE A49 71
COMMAND LEFT END
COMMAND RIGHT START
MOVE B48 155
MOVE B49 155
MOVE B33 155
TRAIN 2
COMMAND RIGHT END
TURN 155 RESULT
TIME LEFT 7 5 RIGHT 0 5
TRAIN B51 B52
MOVE A44 121
MOVE A46 71
MOVE A47 55
MOVE A48 25
MOVE A49 4
MOVE B14 171
MOVE B33 167
MOVE B37 183
MOVE B38 155
MOVE B39 155
MOVE B40 121
MOVE B41 121
MOVE B42 155
MOVE B43 164
MOVE B44 164
MOVE B45 164
MOVE B46 172
MOVE B47 172
MOVE B48 183
MOVE B49 183
DAMAGE TURRET A38 2
DAMAGE COMBAT A38 2
DAMAGE COMBAT A39 4
DAMAGE COMBAT A42 3
DAMAGE COMBAT B18 3
DAMAGE COMBAT B29 4
END TURN 155
TURN 156
COMMAND LEFT START
COMMAND LEFT END
COMMAND RIGHT START
MOVE B50 155
MOVE B51 155
TRAIN 1
COMMAND RIGHT END
TURN 156 RESULT
TIME LEFT 4 5 RIGHT 0 5
TRAIN B53
MOVE A47 71
MOVE A48 39
MOVE A49 20
MOVE B14 168
MOVE B33 171
MOVE B37 180
MOVE B43 155
MOVE B44 155
MOVE B45 155
MOVE B46 164
MOVE B47 164
MOVE B48 172
MOVE B49 172
MOVE B50 183
MOVE B51 183
DAMAGE TURRET A39 1
DAMAGE TURRET A40 1
DAMAGE COMBAT A40 4
DAMAGE COMBAT A41 5
DAMAGE COMBAT A42 1
DAMAGE COMBAT A43 2
DAMAGE COMBAT B18 1
DAMAGE COMBAT B29 1
DAMAGE COMBAT B31 2
DAMAGE COMBAT B40 2
END TURN 156
TURN 157
COMMAND LEFT START
MOVE A4 171
COMMAND LEFT END
COMMAND RIGHT START
MOVE B31 163
MOVE B35 163
MOVE B38 186
TRAIN 1
COMMAND RIGHT END
TURN 157 RESULT
TIME LEFT 20 5 RIGHT 0 5
TRAIN B54
MOVE A4 111
MOVE A48 55
MOVE A49 25
MOVE B14 162
MOVE B31 162
MOVE B33 168
MOVE B35 162
MOVE B38 164
MOVE B46 155
MOVE B47 155
MOVE B48 164
MOVE B49 164
MOVE B50 172
MOVE B51 172
DAMAGE COMBAT A43 2
DAMAGE COMBAT B40 2
END TURN 157
TURN 158
COMMAND LEFT START
MOVE A45 121
MOVE A46 121
MOVE A47 121
COMMAND LEFT END
COMMAND RIGHT START
MOVE B39 180
COMMAND RIGHT END
TURN 158 RESULT
TIME LEFT 5 5 RIGHT 0 5
MOVE A4 130
MOVE A45 80
MOVE A46 80
MOVE A47 80
MOVE A48 71
MOVE A49 39
MOVE B14 155
MOVE B31 168
MOVE B33 162
MOVE B35 168
MOVE B38 172
MOVE B39 164
MOVE B48 155
MOVE B49 155
MOVE B50 164
MOVE B51 164
DAMAGE COMBAT A43 1
DAMAGE COMBAT A44 1
DAMAGE COMBAT B40 2
END TURN 158
TURN 159
COMMAND LEFT START
COMMAND LEFT END
COMMAND RIGHT START
COMMAND RIGHT END
TURN 159 RESULT
TIME LEFT 10 5 RIGHT 0 5
MOVE A4 143
MOVE A45 86
MOVE A46 86
MOVE A47 86
MOVE A49 55
MOVE B31 171
MOVE B33 155
MOVE B35 171
MOVE B38 183
MOVE B39 172
MOVE B50 155
MOVE B51 155
DAMAGE COMBAT A44 1
DAMAGE COMBAT B41 1
END TURN 159
TURN 160
COMMAND LEFT START
COMMAND LEFT END
COMMAND RIGHT START
COMMAND RIGHT END
TURN 160 RESULT
TIME LEFT 4 5 RIGHT 0 5
MOVE A4 158
MOVE A45 97
MOVE A46 97
MOVE A47 97
MOVE A49 71
MOVE B31 167
MOVE B35 167
MOVE B38 186
MOVE B39 173
DAMAGE COMBAT A44 1
DAMAGE COMBAT B41 1
END TURN 160
TURN 161
COMMAND LEFT START
COMMAND LEFT END
COMMAND RIGHT START
MOVE B51 145
COMMAND RIGHT END
TURN 161 RESULT
TIME LEFT 4 5 RIGHT 0 5
MOVE A4 171
MOVE A45 121
MOVE A46 121
MOVE A47 121
MOVE B31 163
MOVE B35 163
MOVE B39 180
MOVE B51 161
DAMAGE COMBAT A44 1
DAMAGE COMBAT B41 4
END TURN 161
TURN 162
COMMAND LEFT START
MOVE A4 158
MOVE A45 71
MOVE A46 71
MOVE A47 71
COMMAND LEFT END
COMMAND RIGHT START
TRAIN 1
COMMAND RIGHT END
TURN 162 RESULT
TIME LEFT 4 5 RIGHT 0 5
TRAIN B55
MOVE A4 158
MOVE A44 133
MOVE A45 97
MOVE A46 97
MOVE A47 97
MOVE B51 147
END TURN 162
TURN 163
COMMAND LEFT START
MOVE A4 143
COMMAND LEFT END
COMMAND RIGHT START
MOVE B55 93
MOVE B54 93
TRAIN 2
COMMAND RIGHT END
TURN 163 RESULT
TIME LEFT 5 5 RIGHT 0 5
TRAIN B56 B57
MOVE A4 143
MOVE A44 140
MOVE A45 86
MOVE A46 86
MOVE A47 86
MOVE B51 145
MOVE B54 183
MOVE B55 183
END TURN 163
TURN 164
COMMAND LEFT START
MOVE A4 124
UPGRADE 0
COMMAND LEFT END
COMMAND RIGHT START
MOVE B38 155
MOVE B52 155
MOVE B32 155
MOVE B14 180
UPGRADE 145
COMMAND RIGHT END
TURN 164 RESULT
TIME LEFT 11 5 RIGHT 0 5
UPGRADE A 0
UPGRADE B 145
MOVE A4 124
MOVE A44 155
MOVE A45 80
MOVE A46 80
MOVE A47 80
MOVE B14 164
MOVE B32 173
MOVE B38 183
MOVE B52 183
MOVE B54 173
MOVE B55 173
DAMAGE TURRET A44 1
DAMAGE COMBAT B33 1
END TURN 164
TURN 165
COMMAND LEFT START
COMMAND LEFT END
COMMAND RIGHT START
COMMAND RIGHT END
TURN 165 RESULT
TIME LEFT 5 5 RIGHT 0 5
MOVE A45 71
MOVE A46 71
MOVE A47 71
MOVE B14 172
MOVE B32 172
MOVE B38 172
MOVE B52 172
MOVE B54 162
MOVE B55 162
END TURN 165
TURN 166
COMMAND LEFT START
TRAIN 1
COMMAND LEFT END
COMMAND RIGHT START
MOVE B50 115
MOVE B49 93
MOVE B48 93
MOVE B47 93
MOVE B46 93
MOVE B45 93
MOVE B44 93
COMMAND RIGHT END
TURN 166 RESULT
TIME LEFT 9 5 RIGHT 0 5
TRAIN A50
MOVE B14 173
MOVE B32 164
MOVE B38 164
MOVE B44 140
MOVE B45 140
MOVE B46 140
MOVE B47 140
MOVE B48 140
MOVE B49 140
MOVE B50 148
MOVE B52 164
MOVE B54 151
MOVE B55 151
END TURN 166
TURN 167
COMMAND LEFT START
TRAIN 1
COMMAND LEFT END
COMMAND RIGHT START
UPGRADE 145
COMMAND RIGHT END
TURN 167 RESULT
TIME LEFT 9 5 RIGHT 0 5
UPGRADE B 145
TRAIN A51
MOVE B14 180
MOVE B32 155
MOVE B38 155
MOVE B44 133
MOVE B45 133
MOVE B46 133
MOVE B47 133
MOVE B48 133
MOVE B49 133
MOVE B50 142
MOVE B52 155
MOVE B54 138
MOVE B55 138
END TURN 167
TURN 168
COMMAND LEFT START
MOVE A4 117
MOVE A51 71
TRAIN 1
COMMAND LEFT END
COMMAND RIGHT START
MOVE B32 145
MOVE B52 93
MOVE B43 93
COMMAND RIGHT END
TURN 168 RESULT
TIME LEFT 15 5 RIGHT 6 5
TRAIN A52
MOVE A4 117
MOVE A51 4
MOVE B32 161
MOVE B43 140
MOVE B44 121
MOVE B45 121
MOVE B46 121
MOVE B47 121
MOVE B48 121
MOVE B49 121
MOVE B50 129
MOVE B52 140
MOVE B54 121
MOVE B55 121
END TURN 168
TURN 169
COMMAND LEFT START
MOVE A4 111
MOVE A52 71
TRAIN 1
COMMAND LEFT END
COMMAND RIGHT START
COMMAND RIGHT END
TURN 169 RESULT
TIME LEFT 9 5 RIGHT 0 5
TRAIN A53
MOVE A4 111
MOVE A51 20
MOVE A52 4
MOVE B32 147
MOVE B43 133
MOVE B44 93
MOVE B45 93
MOVE B46 93
MOVE B47 93
MOVE B48 93
MOVE B49 93
MOVE B50 115
MOVE B52 133
MOVE B54 93
MOVE B55 93
END TURN 169
TURN 170
COMMAND LEFT START
MOVE A53 71
TRAIN 1
COMMAND LEFT END
COMMAND RIGHT START
UPGRADE 115
COMMAND RIGHT END
TURN 170 RESULT
TIME LEFT 11 5 RIGHT 0 5
UPGRADE B 115
TRAIN A54
MOVE A51 25
MOVE A52 20
MOVE A53 4
MOVE B32 145
MOVE B43 121
MOVE B52 121
END TURN 170
TURN 171
COMMAND LEFT START
MOVE A54 71
TRAIN 1
COMMAND LEFT END
COMMAND RIGHT START
COMMAND RIGHT END
TURN 171 RESULT
TIME LEFT 8 5 RIGHT 0 5
TRAIN A55
MOVE A51 39
MOVE A52 25
MOVE A53 20
MOVE A54 4
MOVE B43 93
MOVE B52 93
END TURN 171
TURN 172
COMMAND LEFT START
MOVE A55 71
TRAIN 1
COMMAND LEFT END
COMMAND RIGHT START
MOVE B55 112
COMMAND RIGHT END
TURN 172 RESULT
TIME LEFT 11 5 RIGHT 0 5
TRAIN A56
MOVE A51 55
MOVE A52 39
MOVE A53 25
MOVE A54 20
MOVE A55 4
MOVE B55 99
END TURN 172
TURN 173
COMMAND LEFT START
MOVE A4 132
MOVE A56 71
TRAIN 1
COMMAND LEFT END
COMMAND RIGHT START
UPGRADE 115
COMMAND RIGHT END
TURN 173 RESULT
TIME LEFT 18 5 RIGHT 0 5
UPGRADE B 115
TRAIN A57
MOVE A4 117
MOVE A51 71
MOVE A52 55
MOVE A53 39
MOVE A54 25
MOVE A55 20
MOVE A56 4
MOVE B55 100
END TURN 173
TURN 174
COMMAND LEFT START
MOVE A57 71
COMMAND LEFT END
COMMAND RIGHT START
MOVE B19 115
COMMAND RIGHT END
TURN 174 RESULT
TIME LEFT 17 5 RIGHT 0 5
MOVE A4 120
MOVE A52 71
MOVE A53 55
MOVE A54 39
MOVE A55 25
MOVE A56 20
MOVE A57 4
MOVE B19 99
MOVE B55 102
END TURN 174
TURN 175
COMMAND LEFT START
MOVE A51 31
MOVE A52 31
MOVE A45 31
MOVE A46 31
MOVE A47 31
MOVE A48 31
MOVE A49 31
TRAIN 1
COMMAND LEFT END
COMMAND RIGHT START
UPGRADE 145
COMMAND RIGHT END
TURN 175 RESULT
TIME LEFT 22 5 RIGHT 0 5
UPGRADE B 145
TRAIN A58
MOVE A4 121
MOVE A45 57
MOVE A46 57
MOVE A47 57
MOVE A48 57
MOVE A49 57
MOVE A51 57
MOVE A52 57
MOVE A53 71
MOVE A54 55
MOVE A55 39
MOVE A56 25
MOVE A57 20
MOVE B19 100
MOVE B55 95
END TURN 175
TURN 176
COMMAND LEFT START
MOVE A58 71
TRAIN 1
COMMAND LEFT END
COMMAND RIGHT START
MOVE B20 145
COMMAND RIGHT END
TURN 176 RESULT
TIME LEFT 5 5 RIGHT 0 5
TRAIN A59
MOVE A4 133
MOVE A45 44
MOVE A46 44
MOVE A47 44
MOVE A48 44
MOVE A49 44
MOVE A51 44
MOVE A52 44
MOVE A54 71
MOVE A55 55
MOVE A56 39
MOVE A57 25
MOVE A58 4
MOVE B19 106
MOVE B20 99
MOVE B55 103
END TURN 176
TURN 177
COMMAND LEFT START
MOVE A59 71
TRAIN 1
COMMAND LEFT END
COMMAND RIGHT START
COMMAND RIGHT END
TURN 177 RESULT
TIME LEFT 17 5 RIGHT 0 5
TRAIN A60
MOVE A4 128
MOVE A45 38
MOVE A46 38
MOVE A47 38
MOVE A48 38
MOVE A49 38
MOVE A51 38
MOVE A52 38
MOVE A55 71
MOVE A56 55
MOVE A57 39
MOVE A58 20
MOVE A59 4
MOVE B19 115
MOVE B20 118
MOVE B55 112
END TURN 177
TURN 178
COMMAND LEFT START
MOVE A60 71
TRAIN 1
COMMAND LEFT END
COMMAND RIGHT START
UPGRADE 112
COMMAND RIGHT END
TURN 178 RESULT
TIME LEFT 6 5 RIGHT 0 5
UPGRADE B 112
TRAIN A61
MOVE A4 129
MOVE A45 31
MOVE A46 31
MOVE A47 31
MOVE A48 31
MOVE A49 31
MOVE A51 31
MOVE A52 31
MOVE A56 71
MOVE A57 55
MOVE A58 25
MOVE A59 20
MOVE A60 4
MOVE B20 128
END TURN 178
TURN 179
COMMAND LEFT START
MOVE A51 115
MOVE A52 115
MOVE A45 115
MOVE A46 115
MOVE A47 115
MOVE A48 115
MOVE A49 115
MOVE A61 71
COMMAND LEFT END
COMMAND RIGHT START
MOVE B54 71
COMMAND RIGHT END
TURN 179 RESULT
TIME LEFT 16 5 RIGHT 0 5
MOVE A4 131
MOVE A45 46
MOVE A46 46
MOVE A47 46
MOVE A48 46
MOVE A49 46
MOVE A51 46
MOVE A52 46
MOVE A57 71
MOVE A58 39
MOVE A59 25
MOVE A60 20
MOVE A61 4
MOVE B20 129
MOVE B54 87
END TURN 179
TURN 180
COMMAND LEFT START
MOVE A53 155
MOVE A54 155
MOVE A55 155
MOVE A56 155
MOVE A57 155
COMMAND LEFT END
COMMAND RIGHT START
UPGRADE 112
COMMAND RIGHT END
TURN 180 RESULT
TIME LEFT 8 5 RIGHT 0 5
UPGRADE B 112
MOVE A4 135
MOVE A45 53
MOVE A46 53
MOVE A47 53
MOVE A48 53
MOVE A49 53
MOVE A51 53
MOVE A52 53
MOVE A53 80
MOVE A54 80
MOVE A55 80
MOVE A56 80
MOVE A57 80
MOVE A58 55
MOVE A59 39
MOVE A60 25
MOVE A61 20
MOVE B20 131
MOVE B54 86
END TURN 180
TURN 181
COMMAND LEFT START
TRAIN 1
COMMAND LEFT END
COMMAND RIGHT START
MOVE B36 112
COMMAND RIGHT END
TURN 181 RESULT
TIME LEFT 3 5 RIGHT 0 5
TRAIN A62
MOVE A4 146
MOVE A45 65
MOVE A46 65
MOVE A47 65
MOVE A48 65
MOVE A49 65
MOVE A51 65
MOVE A52 65
MOVE A53 86
MOVE A54 86
MOVE A55 86
MOVE A56 86
MOVE A57 86
MOVE A58 71
MOVE A59 55
MOVE A60 39
MOVE A61 25
MOVE B20 145
MOVE B36 99
MOVE B54 80
END TURN 181
TURN 182
COMMAND LEFT START
MOVE A58 155
MOVE A62 71
TRAIN 1
COMMAND LEFT END
COMMAND RIGHT START
UPGRADE 115
COMMAND RIGHT END
TURN 182 RESULT
TIME LEFT 10 5 RIGHT 0 5
UPGRADE B 115
TRAIN A63
MOVE A4 137
MOVE A45 89
MOVE A46 89
MOVE A47 89
MOVE A48 89
MOVE A49 89
MOVE A51 89
MOVE A52 89
MOVE A53 97
MOVE A54 97
MOVE A55 97
MOVE A56 97
MOVE A57 97
MOVE A58 80
MOVE A59 71
MOVE A60 55
MOVE A61 39
MOVE A62 4
MOVE B36 100
MOVE B54 71
DAMAGE TURRET B54 1
DAMAGE COMBAT A8 1
DAMAGE COMBAT B54 2
END TURN 182
TURN 183
COMMAND LEFT START
MOVE A63 31
TRAIN 1
COMMAND LEFT END
COMMAND RIGHT START
MOVE B19 93
MOVE B33 93
MOVE B38 93
MOVE B20 93
MOVE B43 155
MOVE B44 155
MOVE B45 115
MOVE B46 115
TRAIN 1
COMMAND RIGHT END
TURN 183 RESULT
TIME LEFT 4 5 RIGHT 0 5
TRAIN A64 B58
MOVE A4 132
MOVE A45 100
MOVE A46 100
MOVE A47 100
MOVE A48 100
MOVE A49 100
MOVE A51 100
MOVE A52 100
MOVE A53 121
MOVE A54 121
MOVE A55 121
MOVE A56 121
MOVE A57 121
MOVE A58 86
MOVE A60 71
MOVE A61 55
MOVE A62 20
MOVE A63 3
MOVE B19 106
MOVE B20 131
MOVE B33 140
MOVE B36 102
MOVE B38 140
MOVE B43 121
MOVE B44 121
MOVE B45 99
MOVE B46 99
DAMAGE TURRET B54 1
DAMAGE COMBAT A8 1
DAMAGE COMBAT A53 2
DAMAGE COMBAT B43 5
DAMAGE COMBAT B54 2
END TURN 183
TURN 184
COMMAND LEFT START
MOVE A59 155
MOVE A64 71
COMMAND LEFT END
COMMAND RIGHT START
MOVE B47 145
COMMAND RIGHT END
TURN 184 RESULT
TIME LEFT 4 5 RIGHT 0 5
MOVE A45 106
MOVE A46 106
MOVE A47 106
MOVE A48 106
MOVE A49 106
MOVE A51 106
MOVE A52 106
MOVE A58 97
MOVE A59 80
MOVE A61 71
MOVE A62 25
MOVE A63 14
MOVE A64 4
MOVE B19 100
MOVE B20 129
MOVE B33 133
MOVE B36 95
MOVE B38 133
MOVE B45 100
MOVE B46 100
MOVE B47 99
DAMAGE COMBAT A53 2
DAMAGE COMBAT B43 1
DAMAGE COMBAT B44 4
END TURN 184
TURN 185
COMMAND LEFT START
MOVE A60 155
MOVE A61 155
TRAIN 1
COMMAND LEFT END
COMMAND RIGHT START
MOVE B32 115
MOVE B53 115
MOVE B56 115
TRAIN 2
COMMAND RIGHT END
TURN 185 RESULT
TIME LEFT 9 5 RIGHT 0 5
TRAIN A65 B59 B60
MOVE A45 115
MOVE A46 115
MOVE A47 115
MOVE A48 115
MOVE A49 115
MOVE A51 115
MOVE A52 115
MOVE A58 121
MOVE A59 86
MOVE A60 80
MOVE A61 80
MOVE A62 39
MOVE A63 22
MOVE A64 20
MOVE B19 99
MOVE B20 128
MOVE B32 131
MOVE B33 121
MOVE B36 103
MOVE B38 121
MOVE B45 106
MOVE B46 106
MOVE B47 118
MOVE B53 182
MOVE B56 182
DAMAGE TURRET A45 2
DAMAGE COMBAT A45 1
DAMAGE COMBAT A53 2
DAMAGE COMBAT A54 1
DAMAGE COMBAT B33 4
DAMAGE COMBAT B44 2
DAMAGE COMBAT B50 6
SIEGE B 115 1
END TURN 185
TURN 186
COMMAND LEFT START
MOVE A65 71
TRAIN 1
COMMAND LEFT END
COMMAND RIGHT START
MOVE B57 155
TRAIN 2
COMMAND RIGHT END
TURN 186 RESULT
TIME LEFT 3 5 RIGHT 0 5
TRAIN A66 B61 B62
MOVE A59 97
MOVE A60 86
MOVE A61 86
MOVE A62 55
MOVE A63 31
MOVE A64 25
MOVE A65 4
MOVE B19 93
MOVE B20 118
MOVE B32 115
MOVE B36 112
MOVE B45 115
MOVE B46 115
MOVE B47 128
MOVE B53 166
MOVE B56 166
MOVE B57 183
DAMAGE TURRET A45 2
DAMAGE COMBAT A46 3
DAMAGE COMBAT A54 2
DAMAGE COMBAT B32 6
DAMAGE COMBAT B33 1
DAMAGE COMBAT B38 4
DAMAGE COMBAT B45 1
END TURN 186
TURN 187
COMMAND LEFT START
MOVE A4 119
MOVE A63 155
MOVE A66 71
COMMAND LEFT END
COMMAND RIGHT START
MOVE B58 155
MOVE B19 145
COMMAND RIGHT END
TURN 187 RESULT
TIME LEFT 13 5 RIGHT 0 5
MOVE A4 119
MOVE A59 121
MOVE A60 97
MOVE A61 97
MOVE A62 71
MOVE A63 46
MOVE A64 39
MOVE A65 20
MOVE A66 4
MOVE B19 99
MOVE B20 99
MOVE B47 129
MOVE B53 161
MOVE B56 161
MOVE B57 172
MOVE B58 183
DAMAGE TURRET A46 2
DAMAGE COMBAT A47 2
DAMAGE COMBAT A54 1
DAMAGE COMBAT B38 2
DAMAGE COMBAT B45 5
DAMAGE COMBAT B46 1
END TURN 187
TURN 188
COMMAND LEFT START
MOVE A4 113
TRAIN 1
COMMAND LEFT END
COMMAND RIGHT START
MOVE B36 115
MOVE B59 115
TRAIN 2
COMMAND RIGHT END
TURN 188 RESULT
TIME LEFT 7 5 RIGHT 0 5
TRAIN A67 B63 B64
MOVE A4 113
MOVE A54 133
MOVE A55 133
MOVE A56 133
MOVE A57 133
MOVE A58 133
MOVE A59 133
MOVE A60 121
MOVE A61 121
MOVE A63 53
MOVE A64 55
MOVE A65 25
MOVE A66 20
MOVE B19 118
MOVE B20 93
MOVE B36 109
MOVE B47 131
MOVE B53 147
MOVE B56 147
MOVE B57 164
MOVE B58 172
MOVE B59 182
DAMAGE TURRET A47 2
DAMAGE COMBAT A47 1
DAMAGE COMBAT B46 5
END TURN 188
TURN 189
COMMAND LEFT START
MOVE A67 71
TRAIN 1
COMMAND LEFT END
COMMAND RIGHT START
MOVE B20 112
UPGRADE 112
COMMAND RIGHT END
TURN 189 RESULT
TIME LEFT 5 5 RIGHT 0 5
UPGRADE B 112
TRAIN A68
MOVE A54 140
MOVE A55 140
MOVE A56 140
MOVE A57 140
MOVE A58 140
MOVE A59 140
MOVE A60 133
MOVE A61 133
MOVE A63 65
MOVE A64 71
MOVE A65 39
MOVE A66 25
MOVE A67 4
MOVE B19 128
MOVE B20 99
MOVE B36 107
MOVE B47 145
MOVE B53 131
MOVE B56 131
MOVE B57 155
MOVE B58 164
MOVE B59 166
DAMAGE TURRET A48 2
SIEGE B 115 4
END TURN 189
TURN 190
COMMAND LEFT START
MOVE A62 155
MOVE A64 155
MOVE A68 71
COMMAND LEFT END
COMMAND RIGHT START
MOVE B47 155
MOVE B60 155
MOVE B61 155
TRAIN 2
COMMAND RIGHT END
TURN 190 RESULT
TIME LEFT 7 5 RIGHT 0 5
TRAIN B65 B66
MOVE A54 155
MOVE A55 155
MOVE A56 155
MOVE A57 155
MOVE A58 155
MOVE A59 155
MOVE A60 140
MOVE A61 140
MOVE A62 80
MOVE A63 93
MOVE A64 80
MOVE A65 55
MOVE A66 39
MOVE A67 20
MOVE A68 4
MOVE B19 129
MOVE B20 100
MOVE B36 115
MOVE B47 147
MOVE B53 115
MOVE B56 115
MOVE B58 155
MOVE B59 161
MOVE B60 183
MOVE B61 183
DAMAGE TURRET A48 2
DAMAGE TURRET A54 2
DAMAGE TURRET A63 2
DAMAGE COMBAT A48 1
DAMAGE COMBAT A49 2
DAMAGE COMBAT A55 3
DAMAGE COMBAT A63 3
DAMAGE COMBAT B36 4
DAMAGE COMBAT B42 6
DAMAGE COMBAT B48 1
END TURN 190
TURN 191
COMMAND LEFT START
TRAIN 1
COMMAND LEFT END
COMMAND RIGHT START
MOVE B62 155
MOVE B63 155
MOVE B14 155
TRAIN 2
COMMAND RIGHT END
TURN 191 RESULT
TIME LEFT 3 5 RIGHT 0 5
TRAIN A69 B67 B68
MOVE A60 155
MOVE A61 155
MOVE A62 86
MOVE A64 86
MOVE A65 71
MOVE A66 55
MOVE A67 25
MOVE A68 20
MOVE B14 173
MOVE B19 131
MOVE B20 102
MOVE B47 161
MOVE B59 147
MOVE B60 172
MOVE B61 172
MOVE B62 183
MOVE B63 183
DAMAGE TURRET A49 2
DAMAGE TURRET A55 2
DAMAGE TURRET A63 1
DAMAGE COMBAT A49 1
DAMAGE COMBAT A51 2
DAMAGE COMBAT A55 1
DAMAGE COMBAT A56 1
DAMAGE COMBAT B36 2
DAMAGE COMBAT B48 1
DAMAGE COMBAT B53 1
DAMAGE COMBAT B57 6
DAMAGE COMBAT B58 1
END TURN 191
TURN 192
COMMAND LEFT START
MOVE A4 101
MOVE A69 71
TRAIN 1
COMMAND LEFT END
COMMAND RIGHT START
MOVE B64 155
MOVE B65 155
MOVE B37 155
TRAIN 2
COMMAND RIGHT END
TURN 192 RESULT
TIME LEFT 17 5 RIGHT 0 5
TRAIN A70 B69 B70
MOVE A4 101
MOVE A62 97
MOVE A64 97
MOVE A66 71
MOVE A67 39
MOVE A68 25
MOVE A69 4
MOVE B14 172
MOVE B19 145
MOVE B20 95
MOVE B37 173
MOVE B47 155
MOVE B59 131
MOVE B60 164
MOVE B61 164
MOVE B62 172
MOVE B63 172
MOVE B64 183
MOVE B65 183
DAMAGE TURRET A51 2
DAMAGE TURRET A56 2
DAMAGE COMBAT A51 2
DAMAGE COMBAT A56 2
DAMAGE COMBAT B47 1
DAMAGE COMBAT B53 2
DAMAGE COMBAT B58 5
END TURN 192
TURN 193
COMMAND LEFT START
MOVE A4 88
MOVE A65 155
MOVE A66 155
MOVE A70 71
COMMAND LEFT END
COMMAND RIGHT START
MOVE B19 155
MOVE B66 155
MOVE B67 155
TRAIN 1
COMMAND RIGHT END
TURN 193 RESULT
TIME LEFT 6 5 RIGHT 0 5
TRAIN B71
MOVE A4 88
MOVE A62 121
MOVE A64 121
MOVE A65 80
MOVE A66 80
MOVE A67 55
MOVE A68 39
MOVE A69 20
MOVE A70 4
MOVE B14 164
MOVE B19 147
MOVE B20 103
MOVE B37 172
MOVE B59 115
MOVE B60 155
MOVE B61 155
MOVE B62 164
MOVE B63 164
MOVE B64 172
MOVE B65 172
MOVE B66 183
MOVE B67 183
DAMAGE TURRET A52 2
DAMAGE TURRET A56 1
DAMAGE TURRET A57 1
DAMAGE COMBAT A52 3
DAMAGE COMBAT A57 3
DAMAGE COMBAT B47 5
DAMAGE COMBAT B53 1
DAMAGE COMBAT B60 1
END TURN 193
TURN 194
COMMAND LEFT START
MOVE A4 78
TRAIN 1
COMMAND LEFT END
COMMAND RIGHT START
MOVE B68 155
MOVE B69 155
MOVE B70 155
TRAIN 2
COMMAND RIGHT END
TURN 194 RESULT
TIME LEFT 5 5 RIGHT 0 5
TRAIN A71 B72 B73
MOVE A4 78
MOVE A62 133
MOVE A64 133
MOVE A65 86
MOVE A66 86
MOVE A67 71
MOVE A68 55
MOVE A69 25
MOVE A70 20
MOVE B14 155
MOVE B19 161
MOVE B20 112
MOVE B37 164
MOVE B62 155
MOVE B63 155
MOVE B64 164
MOVE B65 164
MOVE B66 172
MOVE B67 172
MOVE B68 183
MOVE B69 183
MOVE B70 183
DAMAGE TURRET A52 1
DAMAGE TURRET A57 2
DAMAGE COMBAT A58 5
DAMAGE COMBAT B53 1
DAMAGE COMBAT B60 5
END TURN 194
TURN 195
COMMAND LEFT START
MOVE A71 71
TRAIN 1
COMMAND LEFT END
COMMAND RIGHT START
MOVE B53 155
MOVE B56 155
MOVE B71 155
TRAIN 2
COMMAND RIGHT END
TURN 195 RESULT
TIME LEFT 5 5 RIGHT 0 5
TRAIN A72 B74 B75
MOVE A62 140
MOVE A64 140
MOVE A65 97
MOVE A66 97
MOVE A68 71
MOVE A69 39
MOVE A70 25
MOVE A71 4
MOVE B19 155
MOVE B37 155
MOVE B53 129
MOVE B56 129
MOVE B64 155
MOVE B65 155
MOVE B66 164
MOVE B67 164
MOVE B68 172
MOVE B69 172
MOVE B70 172
MOVE B71 183
DAMAGE TURRET A58 1
DAMAGE TURRET A59 1
DAMAGE COMBAT A59 5
DAMAGE COMBAT A60 3
DAMAGE COMBAT B14 4
END TURN 195
TURN 196
COMMAND LEFT START
MOVE A72 71
TRAIN 1
COMMAND LEFT END
COMMAND RIGHT START
MOVE B72 155
MOVE B73 155
MOVE B74 155
TRAIN 1
COMMAND RIGHT END
TURN 196 RESULT
TIME LEFT 5 5 RIGHT 0 5
TRAIN A73 B76
MOVE A62 155
MOVE A64 155
MOVE A65 121
MOVE A66 121
MOVE A69 55
MOVE A70 39
MOVE A71 20
MOVE A72 4
MOVE B53 142
MOVE B56 142
MOVE B66 155
MOVE B67 155
MOVE B68 164
MOVE B69 164
MOVE B70 164
MOVE B71 172
MOVE B72 183
MOVE B73 183
MOVE B74 183
DAMAGE TURRET A60 2
DAMAGE COMBAT A60 1
DAMAGE COMBAT A61 6
DAMAGE COMBAT A62 3
DAMAGE COMBAT B14 2
DAMAGE COMBAT B19 2
END TURN 196
TURN 197
COMMAND LEFT START
MOVE A73 71
TRAIN 1
COMMAND LEFT END
COMMAND RIGHT START
MOVE B75 155
MOVE B31 155
MOVE B34 155
TRAIN 2
COMMAND RIGHT END
TURN 197 RESULT
TIME LEFT 10 5 RIGHT 0 5
TRAIN A74 B77 B78
MOVE A65 133
MOVE A66 133
MOVE A69 71
MOVE A70 55
MOVE A71 25
MOVE A72 20
MOVE A73 4
MOVE B31 167
MOVE B34 167
MOVE B53 148
MOVE B56 148
MOVE B68 155
MOVE B69 155
MOVE B70 155
MOVE B71 164
MOVE B72 172
MOVE B73 172
MOVE B74 172
MOVE B75 183
DAMAGE TURRET A62 2
DAMAGE COMBAT A62 1
DAMAGE COMBAT A64 6
DAMAGE COMBAT B19 2
END TURN 197
TURN 198
COMMAND LEFT START
MOVE A4 95
MOVE A74 71
TRAIN 1
COMMAND LEFT END
COMMAND RIGHT START
MOVE B19 180
MOVE B37 180
MOVE B61 163
MOVE B62 163
TRAIN 1
COMMAND RIGHT END
TURN 198 RESULT
TIME LEFT 22 5 RIGHT 0 5
TRAIN A75 B79
MOVE A4 76
MOVE A65 140
MOVE A66 140
MOVE A70 71
MOVE A71 39
MOVE A72 25
MOVE A73 20
MOVE A74 4
MOVE B19 164
MOVE B31 171
MOVE B34 171
MOVE B37 164
MOVE B53 155
MOVE B56 155
MOVE B61 162
MOVE B62 162
MOVE B71 155
MOVE B72 164
MOVE B73 164
MOVE B74 164
MOVE B75 172
END TURN 198
TURN 199
COMMAND LEFT START
MOVE A75 71
COMMAND LEFT END
COMMAND RIGHT START
MOVE B76 155
MOVE B77 155
MOVE B78 155
MOVE B53 186
MOVE B56 186
MOVE B63 145
MOVE B64 145
TRAIN 1
COMMAND RIGHT END
TURN 199 RESULT
TIME LEFT 5 5 RIGHT 0 5
TRAIN B80
MOVE A4 82
MOVE A65 155
MOVE A66 155
MOVE A71 55
MOVE A72 39
MOVE A73 25
MOVE A74 20
MOVE A75 4
MOVE B19 172
MOVE B31 168
MOVE B34 168
MOVE B37 172
MOVE B53 164
MOVE B56 164
MOVE B61 168
MOVE B62 168
MOVE B63 161
MOVE B64 161
MOVE B72 155
MOVE B73 155
MOVE B74 155
MOVE B75 164
MOVE B76 183
MOVE B77 183
MOVE B78 183
DAMAGE TURRET A65 2
DAMAGE COMBAT A65 4
DAMAGE COMBAT A66 6
DAMAGE COMBAT B65 2
END TURN 199
TURN 200
COMMAND LEFT START
TRAIN 1
COMMAND LEFT END
COMMAND RIGHT START
MOVE B65 115
MOVE B66 115
MOVE B67 112
MOVE B74 93
MOVE B73 93
MOVE B72 93
MOVE B71 93
COMMAND RIGHT END
TURN 200 RESULT
TIME LEFT 6 5 RIGHT 0 5
TRAIN A76
MOVE A4 95
MOVE A71 71
MOVE A72 55
MOVE A73 39
MOVE A74 25
MOVE A75 20
MOVE B19 173
MOVE B31 162
MOVE B34 162
MOVE B37 173
MOVE B53 172
MOVE B56 172
MOVE B61 171
MOVE B62 171
MOVE B63 147
MOVE B64 147
MOVE B65 148
MOVE B66 148
MOVE B67 148
MOVE B71 140
MOVE B72 140
MOVE B73 140
MOVE B74 140
MOVE B75 155
MOVE B76 172
MOVE B77 172
MOVE B78 172
END TURN 200
TURN 201
COMMAND LEFT START
MOVE A4 72
MOVE A67 115
MOVE A68 115
MOVE A69 115
MOVE A70 115
MOVE A71 115
MOVE A76 71
TRAIN 1
COMMAND LEFT END
COMMAND RIGHT START
MOVE B75 93
COMMAND RIGHT END
TURN 201 RESULT
TIME LEFT 11 5 RIGHT 0 5
TRAIN A77
MOVE A4 72
MOVE A67 80
MOVE A68 80
MOVE A69 80
MOVE A70 80
MOVE A71 80
MOVE A72 71
MOVE A73 55
MOVE A74 39
MOVE A75 25
MOVE A76 4
MOVE B19 180
MOVE B31 155
MOVE B34 155
MOVE B37 180
MOVE B53 183
MOVE B56 183
MOVE B61 167
MOVE B62 167
MOVE B63 145
MOVE B64 145
MOVE B65 142
MOVE B66 142
MOVE B67 142
MOVE B71 133
MOVE B72 133
MOVE B73 133
MOVE B74 133
MOVE B75 140
MOVE B76 164
MOVE B77 164
MOVE B78 164
END TURN 201
TURN 202
COMMAND LEFT START
MOVE A72 115
MOVE A77 71
TRAIN 1
COMMAND LEFT END
COMMAND RIGHT START
MOVE B70 71
MOVE B69 93
COMMAND RIGHT END
TURN 202 RESULT
TIME LEFT 5 5 RIGHT 0 5
TRAIN A78
MOVE A67 68
MOVE A68 68
MOVE A69 68
MOVE A70 68
MOVE A71 68
MOVE A72 80
MOVE A73 71
MOVE A74 55
MOVE A75 39
MOVE A76 20
MOVE A77 4
MOVE B53 186
MOVE B56 186
MOVE B61 163
MOVE B62 163
MOVE B65 129
MOVE B66 129
MOVE B67 131
MOVE B69 140
MOVE B70 140
MOVE B71 121
MOVE B72 121
MOVE B73 121
MOVE B74 121
MOVE B75 133
MOVE B76 155
MOVE B77 155
MOVE B78 155
END TURN 202
TURN 203
COMMAND LEFT START
MOVE A73 115
MOVE A78 71
COMMAND LEFT END
COMMAND RIGHT START
MOVE B80 93
MOVE B78 93
MOVE B77 93
MOVE B76 93
TRAIN 2
COMMAND RIGHT END
TURN 203 RESULT
TIME LEFT 5 5 RIGHT 0 5
TRAIN B81 B82
MOVE A67 65
MOVE A68 65
MOVE A69 65
MOVE A70 65
MOVE A71 65
MOVE A72 68
MOVE A73 80
MOVE A74 71
MOVE A75 55
MOVE A76 25
MOVE A77 20
MOVE A78 4
MOVE B65 115
MOVE B66 115
MOVE B67 135
MOVE B69 133
MOVE B70 133
MOVE B71 93
MOVE B72 93
MOVE B73 93
MOVE B74 93
MOVE B75 121
MOVE B76 140
MOVE B77 140
MOVE B78 140
MOVE B80 183
END TURN 203
TURN 204
COMMAND LEFT START
MOVE A74 115
TRAIN 1
COMMAND LEFT END
COMMAND RIGHT START
MOVE B82 93
MOVE B81 93
TRAIN 2
COMMAND RIGHT END
TURN 204 RESULT
TIME LEFT 5 5 RIGHT 0 5
TRAIN A79 B83 B84
MOVE A67 89
MOVE A68 89
MOVE A69 89
MOVE A70 89
MOVE A71 89
MOVE A72 65
MOVE A73 68
MOVE A74 80
MOVE A75 71
MOVE A76 39
MOVE A77 25
MOVE A78 20
MOVE B67 123
MOVE B69 121
MOVE B70 121
MOVE B75 93
MOVE B76 133
MOVE B77 133
MOVE B78 133
MOVE B80 173
MOVE B81 183
MOVE B82 183
END TURN 204
TURN 205
COMMAND LEFT START
MOVE A4 158
MOVE A75 115
MOVE A79 71
TRAIN 1
COMMAND LEFT END
COMMAND RIGHT START
MOVE B51 115
MOVE B63 115
MOVE B20 115
MOVE B48 145
MOVE B49 145
MOVE B52 112
MOVE B84 93
MOVE B83 93
TRAIN 2
COMMAND RIGHT END
TURN 205 RESULT
TIME LEFT 11 5 RIGHT 0 5
TRAIN A80 B85 B86
MOVE A4 95
MOVE A67 100
MOVE A68 100
MOVE A69 100
MOVE A70 100
MOVE A71 100
MOVE A72 89
MOVE A73 65
MOVE A74 68
MOVE A75 80
MOVE A76 55
MOVE A77 39
MOVE A78 25
MOVE A79 4
MOVE B20 109
MOVE B48 99
MOVE B49 99
MOVE B51 131
MOVE B52 99
MOVE B63 131
MOVE B67 112
MOVE B69 93
MOVE B70 97
MOVE B76 121
MOVE B77 121
MOVE B78 121
MOVE B80 162
MOVE B81 173
MOVE B82 173
MOVE B83 183
MOVE B84 183
END TURN 205
TURN 206
COMMAND LEFT START
MOVE A80 71
TRAIN 1
COMMAND LEFT END
COMMAND RIGHT START
MOVE B86 93
MOVE B85 93
TRAIN 2
COMMAND RIGHT END
TURN 206 RESULT
TIME LEFT 7 5 RIGHT 0 5
TRAIN A81 B87 B88
MOVE A4 102
MOVE A67 106
MOVE A68 106
MOVE A69 106
MOVE A70 106
MOVE A71 106
MOVE A72 100
MOVE A73 89
MOVE A74 65
MOVE A75 68
MOVE A76 71
MOVE A77 55
MOVE A78 39
MOVE A79 20
MOVE A80 4
MOVE B20 107
MOVE B48 118
MOVE B49 118
MOVE B51 115
MOVE B52 100
MOVE B63 115
MOVE B70 86
MOVE B76 93
MOVE B77 93
MOVE B78 93
MOVE B80 151
MOVE B81 162
MOVE B82 162
MOVE B83 173
MOVE B84 173
MOVE B85 183
MOVE B86 183
DAMAGE COMBAT A72 1
DAMAGE COMBAT B52 1
END TURN 206
TURN 207
COMMAND LEFT START
MOVE A81 71
COMMAND LEFT END
COMMAND RIGHT START
MOVE B66 90
COMMAND RIGHT END
TURN 207 RESULT
TIME LEFT 8 5 RIGHT 0 5
MOVE A4 106
MOVE A67 115
MOVE A68 115
MOVE A69 115
MOVE A70 115
MOVE A71 115
MOVE A73 100
MOVE A74 89
MOVE A75 65
MOVE A77 71
MOVE A78 55
MOVE A79 25
MOVE A80 20
MOVE A81 4
MOVE B20 115
MOVE B48 128
MOVE B49 128
MOVE B66 107
MOVE B70 80
MOVE B80 138
MOVE B81 151
MOVE B82 151
MOVE B83 162
MOVE B84 162
MOVE B85 173
MOVE B86 173
DAMAGE TURRET A67 2
DAMAGE COMBAT A67 4
DAMAGE COMBAT A68 1
DAMAGE COMBAT A72 1
DAMAGE COMBAT B20 1
DAMAGE COMBAT B52 2
DAMAGE COMBAT B65 4
END TURN 207
TURN 208
COMMAND LEFT START
TRAIN 1
COMMAND LEFT END
COMMAND RIGHT START
MOVE B88 93
MOVE B87 93
TRAIN 2
COMMAND RIGHT END
TURN 208 RESULT
TIME LEFT 6 5 RIGHT 0 5
TRAIN A82 B89 B90
MOVE A4 128
MOVE A74 100
MOVE A75 89
MOVE A78 71
MOVE A79 39
MOVE A80 25
MOVE A81 20
MOVE B48 129
MOVE B49 129
MOVE B66 109
MOVE B70 71
MOVE B80 121
MOVE B81 138
MOVE B82 138
MOVE B83 151
MOVE B84 151
MOVE B85 162
MOVE B86 162
MOVE B87 183
MOVE B88 183
DAMAGE TURRET A68 2
DAMAGE TURRET B70 1
DAMAGE COMBAT A8 1
DAMAGE COMBAT A68 3
DAMAGE COMBAT A69 1
DAMAGE COMBAT A72 1
DAMAGE COMBAT B20 4
DAMAGE COMBAT B52 3
DAMAGE COMBAT B70 4
END TURN 208
TURN 209
COMMAND LEFT START
MOVE A82 31
TRAIN 1
COMMAND LEFT END
COMMAND RIGHT START
MOVE B53 112
MOVE B78 41
MOVE B77 41
MOVE B76 41
MOVE B75 41
MOVE B74 41
MOVE B73 41
MOVE B72 41
COMMAND RIGHT END
TURN 209 RESULT
TIME LEFT 8 5 RIGHT 0 5
TRAIN A83
MOVE A4 140
MOVE A72 106
MOVE A73 106
MOVE A74 106
MOVE A75 100
MOVE A79 55
MOVE A80 39
MOVE A81 25
MOVE A82 3
MOVE B48 131
MOVE B49 131
MOVE B53 182
MOVE B66 112
MOVE B72 87
MOVE B73 87
MOVE B74 87
MOVE B75 87
MOVE B76 87
MOVE B77 87
MOVE B78 87
MOVE B80 93
MOVE B81 121
MOVE B82 121
MOVE B83 138
MOVE B84 138
MOVE B85 151
MOVE B86 151
MOVE B87 173
MOVE B88 173
DAMAGE TURRET A69 2
DAMAGE TURRET B70 1
DAMAGE COMBAT A8 1
DAMAGE COMBAT A69 3
DAMAGE COMBAT A70 1
DAMAGE COMBAT B20 1
DAMAGE COMBAT B51 2
END TURN 209
TURN 210
COMMAND LEFT START
MOVE A83 71
TRAIN 1
COMMAND LEFT END
COMMAND RIGHT START
MOVE B56 155
MOVE B19 155
MOVE B37 155
COMMAND RIGHT END
TURN 210 RESULT
TIME LEFT 11 5 RIGHT 0 5
TRAIN A84
MOVE A4 151
MOVE A72 115
MOVE A73 115
MOVE A74 115
MOVE A75 106
MOVE A79 71
MOVE A80 55
MOVE A81 39
MOVE A82 14
MOVE A83 4
MOVE B19 173
MOVE B37 173
MOVE B48 145
MOVE B49 145
MOVE B53 170
MOVE B56 183
MOVE B66 116
MOVE B72 68
MOVE B73 68
MOVE B74 68
MOVE B75 68
MOVE B76 68
MOVE B77 68
MOVE B78 68
MOVE B81 93
MOVE B82 93
MOVE B83 121
MOVE B84 121
MOVE B85 138
MOVE B86 138
MOVE B87 162
MOVE B88 162
DAMAGE TURRET A72 2
DAMAGE COMBAT A70 2
DAMAGE COMBAT A72 1
DAMAGE COMBAT B51 4
DAMAGE COMBAT B59 1
END TURN 210
TURN 211
COMMAND LEFT START
MOVE A84 71
MOVE A76 115
MOVE A77 115
MOVE A78 115
MOVE A79 115
COMMAND LEFT END
COMMAND RIGHT START
MOVE B48 115
MOVE B49 115
MOVE B55 115
TRAIN 2
COMMAND RIGHT END
TURN 211 RESULT
TIME LEFT 11 5 RIGHT 0 5
TRAIN B91 B92
MOVE A4 152
MOVE A75 115
MOVE A76 80
MOVE A77 80
MOVE A78 80
MOVE A79 80
MOVE A80 71
MOVE A81 55
MOVE A82 22
MOVE A83 20
MOVE A84 4
MOVE B19 172
MOVE B37 172
MOVE B48 131
MOVE B49 131
MOVE B53 160
MOVE B55 109
MOVE B56 172
MOVE B66 101
MOVE B72 58
MOVE B73 58
MOVE B74 58
MOVE B75 58
MOVE B76 58
MOVE B77 58
MOVE B78 58
MOVE B83 93
MOVE B84 93
MOVE B85 121
MOVE B86 121
MOVE B87 151
MOVE B88 151
DAMAGE TURRET A70 2
DAMAGE COMBAT A70 1
DAMAGE COMBAT A71 1
DAMAGE COMBAT B59 5
END TURN 211
TURN 212
COMMAND LEFT START
MOVE A80 115
TRAIN 1
COMMAND LEFT END
COMMAND RIGHT START
MOVE B79 180
MOVE B89 180
MOVE B69 145
MOVE B71 145
TRAIN 1
COMMAND RIGHT END
TURN 212 RESULT
TIME LEFT 12 5 RIGHT 0 5
TRAIN A85 B93
MOVE A4 158
MOVE A76 68
MOVE A77 68
MOVE A78 68
MOVE A79 68
MOVE A80 80
MOVE A81 71
MOVE A82 31
MOVE A83 25
MOVE A84 20
MOVE B19 164
MOVE B37 164
MOVE B48 115
MOVE B49 115
MOVE B53 150
MOVE B55 107
MOVE B56 164
MOVE B66 90
MOVE B69 99
MOVE B71 99
MOVE B72 57
MOVE B73 57
MOVE B74 57
MOVE B75 57
MOVE B76 57
MOVE B77 57
MOVE B78 57
MOVE B79 183
MOVE B85 93
MOVE B86 93
MOVE B87 138
MOVE B88 138
MOVE B89 183
DAMAGE TURRET A71 2
DAMAGE COMBAT A71 3
DAMAGE COMBAT B48 4
END TURN 212
TURN 213
COMMAND LEFT START
MOVE A4 152
MOVE A82 115
TRAIN 1
COMMAND LEFT END
COMMAND RIGHT START
MOVE B80 112
MOVE B93 93
MOVE B86 74
UPGRADE 90
COMMAND RIGHT END
TURN 213 RESULT
TIME LEFT 10 5 RIGHT 0 5
UPGRADE B 90
TRAIN A86
MOVE A4 152
MOVE A76 65
MOVE A77 65
MOVE A78 65
MOVE A79 65
MOVE A80 68
MOVE A82 46
MOVE A83 39
MOVE A84 25
MOVE B19 155
MOVE B37 155
MOVE B53 146
MOVE B55 115
MOVE B56 155
MOVE B69 118
MOVE B71 118
MOVE B72 55
MOVE B73 55
MOVE B74 55
MOVE B75 55
MOVE B76 55
MOVE B77 55
MOVE B78 55
MOVE B79 180
MOVE B80 99
MOVE B86 87
MOVE B87 121
MOVE B88 121
MOVE B89 180
MOVE B93 183
DAMAGE TURRET A73 2
DAMAGE COMBAT A73 3
DAMAGE COMBAT B49 3
END TURN 213
TURN 214
COMMAND LEFT START
MOVE A4 143
TRAIN 1
COMMAND LEFT END
COMMAND RIGHT START
MOVE B68 93
MOVE B56 93
MOVE B37 93
UPGRADE 90
COMMAND RIGHT END
TURN 214 RESULT
TIME LEFT 10 5 RIGHT 0 5
UPGRADE B 90
TRAIN A87
MOVE A4 143
MOVE A76 89
MOVE A77 89
MOVE A78 89
MOVE A79 89
MOVE A80 65
MOVE A82 53
MOVE A83 55
MOVE A84 39
MOVE B37 140
MOVE B53 125
MOVE B56 140
MOVE B68 140
MOVE B69 128
MOVE B71 128
MOVE B72 41
MOVE B73 41
MOVE B74 41
MOVE B75 41
MOVE B76 41
MOVE B77 41
MOVE B78 41
MOVE B80 100
MOVE B86 86
MOVE B87 93
MOVE B88 93
MOVE B93 173
DAMAGE TURRET A73 1
DAMAGE TURRET A74 1
DAMAGE TURRET B72 1
DAMAGE COMBAT A7 5
DAMAGE COMBAT A74 3
DAMAGE COMBAT B49 3
DAMAGE COMBAT B72 1
SIEGE A 41 2
END TURN 214
TURN 215
COMMAND LEFT START
MOVE A4 124
MOVE A81 31
COMMAND LEFT END
COMMAND RIGHT START
TRAIN 2
COMMAND RIGHT END
TURN 215 RESULT
TIME LEFT 8 5 RIGHT 0 5
TRAIN B94 B95
MOVE A4 124
MOVE A76 100
MOVE A77 100
MOVE A78 100
MOVE A79 100
MOVE A80 89
MOVE A81 57
MOVE A82 65
MOVE A83 71
MOVE A84 55
MOVE B37 133
MOVE B53 112
MOVE B56 133
MOVE B68 133
MOVE B69 129
MOVE B71 129
MOVE B80 102
MOVE B86 84
MOVE B93 162
DAMAGE TURRET A74 2
DAMAGE TURRET B72 1
DAMAGE COMBAT A75 2
DAMAGE COMBAT B55 2
SIEGE A 41 4
END TURN 215
TURN 216
COMMAND LEFT START
MOVE A4 143
MOVE A83 31
TRAIN 1
COMMAND LEFT END
COMMAND RIGHT START
MOVE B53 115
MOVE B19 115
MOVE B31 115
MOVE B90 155
MOVE B91 155
MOVE B88 71
MOVE B87 71
MOVE B85 71
MOVE B84 71
MOVE B83 71
TRAIN 2
COMMAND RIGHT END
TURN 216 RESULT
TIME LEFT 8 5 RIGHT 0 5
TRAIN A88 B96 B97
MOVE A4 143
MOVE A76 106
MOVE A77 106
MOVE A78 106
MOVE A79 106
MOVE A80 100
MOVE A81 44
MOVE A82 89
MOVE A83 57
MOVE A84 71
MOVE B19 148
MOVE B31 148
MOVE B37 121
MOVE B53 109
MOVE B56 121
MOVE B68 121
MOVE B69 131
MOVE B71 131
MOVE B80 95
MOVE B83 87
MOVE B84 87
MOVE B85 87
MOVE B86 91
MOVE B87 87
MOVE B88 87
MOVE B90 183
MOVE B91 183
MOVE B93 151
DAMAGE TURRET A75 2
DAMAGE COMBAT A75 2
DAMAGE COMBAT B55 1
END TURN 216
TURN 217
COMMAND LEFT START
MOVE A4 130
MOVE A88 71
TRAIN 1
COMMAND LEFT END
COMMAND RIGHT START
MOVE B92 115
MOVE B94 115
MOVE B95 115
TRAIN 2
COMMAND RIGHT END
TURN 217 RESULT
TIME LEFT 9 5 RIGHT 0 5
TRAIN A89 B98 B99
MOVE A4 130
MOVE A76 115
MOVE A77 115
MOVE A78 115
MOVE A79 115
MOVE A80 106
MOVE A81 38
MOVE A82 100
MOVE A83 44
MOVE A88 4
MOVE B19 142
MOVE B31 142
MOVE B37 93
MOVE B53 107
MOVE B56 93
MOVE B68 93
MOVE B69 145
MOVE B71 145
MOVE B80 103
MOVE B83 86
MOVE B84 86
MOVE B85 86
MOVE B86 83
MOVE B87 86
MOVE B88 86
MOVE B90 172
MOVE B91 172
MOVE B92 182
MOVE B93 138
MOVE B94 182
MOVE B95 182
DAMAGE TURRET A76 2
DAMAGE COMBAT A76 2
DAMAGE COMBAT B55 3
DAMAGE COMBAT B63 1
END TURN 217
TURN 218
COMMAND LEFT START
MOVE A4 122
MOVE A89 71
COMMAND LEFT END
COMMAND RIGHT START
MOVE B96 112
MOVE B37 90
MOVE B72 93
MOVE B73 93
MOVE B74 93
MOVE B75 93
MOVE B76 93
MOVE B77 93
UPGRADE 41
COMMAND RIGHT END
TURN 218 RESULT
TIME LEFT 10 5 RIGHT 0 5
UPGRADE B 41
MOVE A4 122
MOVE A80 115
MOVE A81 31
MOVE A82 106
MOVE A83 38
MOVE A88 20
MOVE A89 4
MOVE B19 129
MOVE B31 129
MOVE B37 89
MOVE B53 115
MOVE B72 55
MOVE B73 55
MOVE B74 55
MOVE B75 55
MOVE B76 55
MOVE B77 55
MOVE B80 112
MOVE B83 80
MOVE B84 80
MOVE B85 80
MOVE B86 74
MOVE B87 80
MOVE B88 80
MOVE B90 164
MOVE B91 164
MOVE B92 166
MOVE B93 121
MOVE B94 166
MOVE B95 166
MOVE B96 182
DAMAGE TURRET A76 2
DAMAGE TURRET B86 1
DAMAGE COMBAT A9 1
DAMAGE COMBAT A77 2
DAMAGE COMBAT B53 1
DAMAGE COMBAT B63 4
DAMAGE COMBAT B86 1
END TURN 218
TURN 219
COMMAND LEFT START
MOVE A81 71
TRAIN 1
COMMAND LEFT END
COMMAND RIGHT START
COMMAND RIGHT END
TURN 219 RESULT
TIME LEFT 20 5 RIGHT 0 5
TRAIN A90
MOVE A81 38
MOVE A82 115
MOVE A83 31
MOVE A88 25
MOVE A89 20
MOVE B19 115
MOVE B31 115
MOVE B37 81
MOVE B72 57
MOVE B73 57
MOVE B74 57
MOVE B75 57
MOVE B76 57
MOVE B77 57
MOVE B83 71
MOVE B84 71
MOVE B85 71
MOVE B87 71
MOVE B88 71
MOVE B90 155
MOVE B91 155
MOVE B92 161
MOVE B93 93
MOVE B94 161
MOVE B95 161
MOVE B96 170
DAMAGE TURRET A77 2
DAMAGE TURRET B83 1
DAMAGE TURRET B86 1
DAMAGE COMBAT A8 1
DAMAGE COMBAT A9 1
DAMAGE COMBAT A77 2
DAMAGE COMBAT A78 1
DAMAGE COMBAT A84 4
DAMAGE COMBAT B19 2
DAMAGE COMBAT B31 2
DAMAGE COMBAT B63 1
DAMAGE COMBAT B83 2
DAMAGE COMBAT B86 1
END TURN 219
TURN 220
COMMAND LEFT START
MOVE A90 31
TRAIN 1
COMMAND LEFT END
COMMAND RIGHT START
UPGRADE 41
COMMAND RIGHT END
TURN 220 RESULT
TIME LEFT 9 5 RIGHT 0 5
UPGRADE B 41
TRAIN A91
MOVE A81 44
MOVE A88 39
MOVE A89 25
MOVE A90 3
MOVE B37 75
MOVE B72 58
MOVE B73 58
MOVE B74 58
MOVE B75 58
MOVE B76 58
MOVE B77 58
MOVE B92 147
MOVE B94 147
MOVE B95 147
MOVE B96 160
DAMAGE TURRET A78 2
DAMAGE TURRET B83 1
DAMAGE TURRET B86 1
DAMAGE COMBAT A9 1
DAMAGE COMBAT A78 1
DAMAGE COMBAT A84 2
DAMAGE COMBAT B31 2
DAMAGE COMBAT B83 1
DAMAGE COMBAT B86 1
SIEGE A 71 3
SIEGE B 115 2
END TURN 220
TURN 221
COMMAND LEFT START
MOVE A86 31
MOVE A87 31
MOVE A91 31
COMMAND LEFT END
COMMAND RIGHT START
MOVE B56 41
COMMAND RIGHT END
TURN 221 RESULT
TIME LEFT 9 5 RIGHT 0 5
MOVE A81 57
MOVE A86 3
MOVE A87 3
MOVE A88 55
MOVE A89 39
MOVE A90 14
MOVE A91 3
MOVE B37 72
MOVE B56 87
MOVE B72 68
MOVE B73 68
MOVE B74 68
MOVE B75 68
MOVE B76 68
MOVE B77 68
MOVE B92 131
MOVE B94 131
MOVE B95 131
MOVE B96 150
DAMAGE TURRET A78 2
DAMAGE TURRET B83 1
SIEGE A 71 3
SIEGE B 115 4
END TURN 221
TURN 222
COMMAND LEFT START
MOVE A4 152
MOVE A85 31
TRAIN 1
COMMAND LEFT END
COMMAND RIGHT START
MOVE B64 115
MOVE B69 115
MOVE B67 115
MOVE B68 145
MOVE B84 145
MOVE B85 112
TRAIN 2
COMMAND RIGHT END
TURN 222 RESULT
TIME LEFT 18 5 RIGHT 0 5
TRAIN A92 B100 B101
MOVE A4 130
MOVE A81 71
MOVE A85 3
MOVE A86 14
MOVE A87 14
MOVE A88 71
MOVE A89 55
MOVE A90 22
MOVE A91 14
MOVE B37 82
MOVE B56 68
MOVE B64 131
MOVE B67 109
MOVE B68 99
MOVE B69 131
MOVE B72 87
MOVE B73 87
MOVE B74 87
MOVE B75 87
MOVE B76 87
MOVE B77 87
MOVE B84 80
MOVE B85 80
MOVE B92 115
MOVE B94 115
MOVE B95 115
MOVE B96 146
DAMAGE TURRET A79 2
DAMAGE COMBAT A79 3
DAMAGE COMBAT A81 2
DAMAGE COMBAT B87 2
DAMAGE COMBAT B92 3
END TURN 222
TURN 223
COMMAND LEFT START
MOVE A92 31
TRAIN 1
COMMAND LEFT END
COMMAND RIGHT START
MOVE B81 115
MOVE B82 115
MOVE B34 115
MOVE B97 155
MOVE B87 93
MOVE B101 93
UPGRADE 90
COMMAND RIGHT END
TURN 223 RESULT
TIME LEFT 4 5 RIGHT 0 5
UPGRADE B 90
TRAIN A93
MOVE A4 143
MOVE A85 14
MOVE A86 22
MOVE A87 22
MOVE A89 71
MOVE A90 31
MOVE A91 22
MOVE A92 3
MOVE B34 148
MOVE B37 92
MOVE B56 58
MOVE B64 115
MOVE B67 107
MOVE B68 118
MOVE B69 115
MOVE B72 93
MOVE B73 93
MOVE B74 93
MOVE B75 93
MOVE B76 93
MOVE B77 93
MOVE B81 99
MOVE B82 99
MOVE B84 86
MOVE B85 68
MOVE B96 125
MOVE B97 183
MOVE B101 183
DAMAGE TURRET A79 1
DAMAGE TURRET A80 1
DAMAGE COMBAT A80 5
DAMAGE COMBAT A81 2
DAMAGE COMBAT B87 3
DAMAGE COMBAT B92 3
END TURN 223
TURN 224
COMMAND LEFT START
COMMAND LEFT END
COMMAND RIGHT START
MOVE B72 115
MOVE B73 115
MOVE B74 115
MOVE B75 90
COMMAND RIGHT END
TURN 224 RESULT
TIME LEFT 6 5 RIGHT 0 5
MOVE A4 152
MOVE A85 22
MOVE A86 31
MOVE A87 31
MOVE A91 31
MOVE A92 14
MOVE B34 142
MOVE B37 88
MOVE B56 57
MOVE B67 115
MOVE B68 128
MOVE B72 99
MOVE B73 99
MOVE B74 99
MOVE B75 89
MOVE B81 100
MOVE B82 100
MOVE B84 97
MOVE B85 65
MOVE B96 112
MOVE B97 172
MOVE B101 173
DAMAGE TURRET A82 2
DAMAGE COMBAT A81 2
DAMAGE COMBAT A82 4
DAMAGE COMBAT B64 1
DAMAGE COMBAT B87 1
DAMAGE COMBAT B88 2
END TURN 224
TURN 225
COMMAND LEFT START
MOVE A4 143
MOVE A83 41
MOVE A86 41
MOVE A87 41
MOVE A90 41
MOVE A91 41
COMMAND LEFT END
COMMAND RIGHT START
MOVE B95 93
MOVE B94 93
COMMAND RIGHT END
TURN 225 RESULT
TIME LEFT 5 5 RIGHT 0 5
MOVE A4 143
MOVE A83 25
MOVE A85 31
MOVE A86 25
MOVE A87 25
MOVE A90 25
MOVE A91 25
MOVE A92 22
MOVE B34 129
MOVE B37 90
MOVE B56 55
MOVE B68 129
MOVE B72 100
MOVE B73 100
MOVE B74 100
MOVE B75 81
MOVE B81 106
MOVE B82 106
MOVE B84 121
MOVE B85 66
MOVE B94 106
MOVE B95 106
MOVE B97 164
MOVE B101 162
DAMAGE COMBAT A88 1
DAMAGE COMBAT B88 2
END TURN 225
TURN 226
COMMAND LEFT START
MOVE A4 124
TRAIN 1
COMMAND LEFT END
COMMAND RIGHT START
UPGRADE 41
COMMAND RIGHT END
TURN 226 RESULT
TIME LEFT 4 5 RIGHT 0 5
UPGRADE B 41
TRAIN A94
MOVE A4 124
MOVE A83 39
MOVE A86 39
MOVE A87 39
MOVE A90 39
MOVE A91 39
MOVE A92 31
MOVE B34 115
MOVE B56 41
MOVE B68 131
MOVE B72 106
MOVE B73 106
MOVE B74 106
MOVE B75 75
MOVE B81 115
MOVE B82 115
MOVE B84 133
MOVE B85 69
MOVE B94 100
MOVE B95 100
MOVE B97 155
MOVE B101 151
DAMAGE COMBAT A88 1
DAMAGE COMBAT B88 2
END TURN 226
TURN 227
COMMAND LEFT START
MOVE A4 117
MOVE A88 41
MOVE A89 41
MOVE A85 41
MOVE A92 41
MOVE A93 31
MOVE A94 31
COMMAND LEFT END
COMMAND RIGHT START
MOVE B76 41
MOVE B77 41
MOVE B35 41
MOVE B34 163
MOVE B82 93
MOVE B81 93
COMMAND RIGHT END
TURN 227 RESULT
TIME LEFT 5 5 RIGHT 0 5
MOVE A4 117
MOVE A83 41
MOVE A85 25
MOVE A86 41
MOVE A87 41
MOVE A88 55
MOVE A89 55
MOVE A90 41
MOVE A91 41
MOVE A92 25
MOVE A93 3
MOVE A94 3
MOVE B34 129
MOVE B35 149
MOVE B68 145
MOVE B72 115
MOVE B73 115
MOVE B74 115
MOVE B75 72
MOVE B76 87
MOVE B77 87
MOVE B81 106
MOVE B82 106
MOVE B84 128
MOVE B85 75
MOVE B94 99
MOVE B95 99
MOVE B101 138
DAMAGE TURRET A83 2
DAMAGE COMBAT A83 2
DAMAGE COMBAT B56 5
END TURN 227
TURN 228
COMMAND LEFT START
MOVE A4 111
TRAIN 1
COMMAND LEFT END
COMMAND RIGHT START
MOVE B61 41
MOVE B64 163
MOVE B74 71
MOVE B73 93
COMMAND RIGHT END
TURN 228 RESULT
TIME LEFT 2 5 RIGHT 0 5
TRAIN A95
MOVE A4 111
MOVE A85 39
MOVE A88 41
MOVE A89 41
MOVE A92 39
MOVE A93 14
MOVE A94 14
MOVE B34 128
MOVE B35 134
MOVE B61 149
MOVE B64 129
MOVE B73 106
MOVE B74 106
MOVE B75 82
MOVE B76 68
MOVE B77 68
MOVE B81 100
MOVE B82 100
MOVE B84 129
MOVE B85 95
MOVE B94 93
MOVE B95 93
MOVE B101 121
DAMAGE TURRET A83 2
DAMAGE COMBAT A88 2
DAMAGE COMBAT B56 1
DAMAGE COMBAT B78 6
END TURN 228
TURN 229
COMMAND LEFT START
MOVE A4 84
MOVE A95 31
COMMAND LEFT END
COMMAND RIGHT START
TRAIN 2
COMMAND RIGHT END
TURN 229 RESULT
TIME LEFT 3 5 RIGHT 0 5
TRAIN B102 B103
MOVE A4 84
MOVE A85 41
MOVE A92 41
MOVE A93 22
MOVE A94 22
MOVE A95 3
MOVE B34 140
MOVE B35 122
MOVE B61 134
MOVE B64 128
MOVE B73 100
MOVE B74 100
MOVE B75 92
MOVE B76 58
MOVE B77 58
MOVE B81 99
MOVE B82 99
MOVE B84 131
MOVE B85 103
MOVE B101 93
DAMAGE TURRET A88 2
SIEGE B 41 8
END TURN 229
TURN 230
COMMAND LEFT START
MOVE A4 79
TRAIN 1
COMMAND LEFT END
COMMAND RIGHT START
MOVE B103 93
MOVE B102 93
TRAIN 2
COMMAND RIGHT END
TURN 230 RESULT
TIME LEFT 4 5 RIGHT 0 5
TRAIN A96 B104 B105
MOVE A4 79
MOVE A93 31
MOVE A94 31
MOVE A95 14
MOVE B34 151
MOVE B35 114
MOVE B61 122
MOVE B64 140
MOVE B73 99
MOVE B74 89
MOVE B75 88
MOVE B76 57
MOVE B77 57
MOVE B81 93
MOVE B82 93
MOVE B84 145
MOVE B85 112
MOVE B102 183
MOVE B103 183
DAMAGE TURRET A85 2
SIEGE B 41 7
END TURN 230
TURN 231
COMMAND LEFT START
MOVE A4 51
MOVE A96 31
TRAIN 1
COMMAND LEFT END
COMMAND RIGHT START
MOVE B105 93
MOVE B104 93
TRAIN 2
COMMAND RIGHT END
TURN 231 RESULT
TIME LEFT 4 5 RIGHT 0 5
TRAIN A97 B106 B107
MOVE A4 51
MOVE A95 22
MOVE A96 3
MOVE B34 152
MOVE B35 91
MOVE B61 114
MOVE B64 151
MOVE B73 93
MOVE B74 65
MOVE B75 90
MOVE B76 55
MOVE B77 55
MOVE B102 173
MOVE B103 173
MOVE B104 183
MOVE B105 183
DAMAGE TURRET A85 2
SIEGE B 41 3
END TURN 231
TURN 232
COMMAND LEFT START
MOVE A4 40
MOVE A86 163
MOVE A87 163
MOVE A89 163
MOVE A90 163
MOVE A91 163
MOVE A92 163
MOVE A85 31
MOVE A97 31
COMMAND LEFT END
COMMAND RIGHT START
MOVE B107 93
MOVE B106 93
TRAIN 2
COMMAND RIGHT END
TURN 232 RESULT
TIME LEFT 14 5 RIGHT 0 5
TRAIN B108 B109
MOVE A4 40
MOVE A85 39
MOVE A86 51
MOVE A87 51
MOVE A89 51
MOVE A90 51
MOVE A91 51
MOVE A92 51
MOVE A95 31
MOVE A96 14
MOVE A97 3
MOVE B34 158
MOVE B35 77
MOVE B61 91
MOVE B64 152
MOVE B74 68
MOVE B76 41
MOVE B77 41
MOVE B102 162
MOVE B103 162
MOVE B104 173
MOVE B105 173
MOVE B106 183
MOVE B107 183
END TURN 232
TURN 233
COMMAND LEFT START
MOVE A4 29
MOVE A93 163
COMMAND LEFT END
COMMAND RIGHT START
MOVE B76 93
MOVE B109 93
MOVE B108 93
UPGRADE 41
COMMAND RIGHT END
TURN 233 RESULT
TIME LEFT 6 5 RIGHT 0 5
UPGRADE B 41
MOVE A4 29
MOVE A85 25
MOVE A86 77
MOVE A87 77
MOVE A89 77
MOVE A90 77
MOVE A91 77
MOVE A92 77
MOVE A93 38
MOVE A96 22
MOVE A97 14
MOVE B34 167
MOVE B35 51
MOVE B61 77
MOVE B64 158
MOVE B74 80
MOVE B76 55
MOVE B102 151
MOVE B103 151
MOVE B104 162
MOVE B105 162
MOVE B106 173
MOVE B107 173
MOVE B108 183
MOVE B109 183
DAMAGE COMBAT A86 1
DAMAGE COMBAT B61 6
END TURN 233
TURN 234
COMMAND LEFT START
MOVE A4 17
MOVE A94 163
TRAIN 1
COMMAND LEFT END
COMMAND RIGHT START
MOVE B39 163
MOVE B79 163
MOVE B90 163
MOVE B73 180
MOVE B81 180
MOVE B82 155
UPGRADE 41
COMMAND RIGHT END
TURN 234 RESULT
TIME LEFT 5 5 RIGHT 0 5
UPGRADE B 41
TRAIN A98
MOVE A4 17
MOVE A85 31
MOVE A86 91
MOVE A87 91
MOVE A89 91
MOVE A90 91
MOVE A91 91
MOVE A92 91
MOVE A93 58
MOVE A94 38
MOVE A96 31
MOVE A97 22
MOVE B34 163
MOVE B35 41
MOVE B39 176
MOVE B64 167
MOVE B73 121
MOVE B74 71
MOVE B76 57
MOVE B79 176
MOVE B81 121
MOVE B82 121
MOVE B90 162
MOVE B102 138
MOVE B103 138
MOVE B104 151
MOVE B105 151
MOVE B106 162
MOVE B107 162
MOVE B108 173
MOVE B109 173
END TURN 234
TURN 235
COMMAND LEFT START
MOVE A95 163
MOVE A96 163
MOVE A98 31
COMMAND LEFT END
COMMAND RIGHT START
UPGRADE 71
COMMAND RIGHT END
TURN 235 RESULT
TIME LEFT 12 5 RIGHT 0 5
UPGRADE B 71
MOVE A86 114
MOVE A87 114
MOVE A89 114
MOVE A90 114
MOVE A91 114
MOVE A92 114
MOVE A93 80
MOVE A94 58
MOVE A95 38
MOVE A96 38
MOVE A97 31
MOVE A98 3
MOVE B39 175
MOVE B64 163
MOVE B73 138
MOVE B76 58
MOVE B79 175
MOVE B81 138
MOVE B82 133
MOVE B90 168
MOVE B102 121
MOVE B103 121
MOVE B104 138
MOVE B105 138
MOVE B106 151
MOVE B107 151
MOVE B108 162
MOVE B109 162
DAMAGE COMBAT A94 1
DAMAGE COMBAT B76 1
END TURN 235
TURN 236
COMMAND LEFT START
MOVE A97 163
TRAIN 1
COMMAND LEFT END
COMMAND RIGHT START
COMMAND RIGHT END
TURN 236 RESULT
TIME LEFT 6 5 RIGHT 0 5
TRAIN A99
MOVE A86 122
MOVE A87 122
MOVE A89 122
MOVE A90 122
MOVE A91 122
MOVE A92 122
MOVE A93 86
MOVE A95 58
MOVE A96 58
MOVE A97 38
MOVE A98 14
MOVE B39 163
MOVE B73 151
MOVE B79 163
MOVE B81 151
MOVE B82 140
MOVE B90 171
MOVE B102 93
MOVE B103 93
MOVE B104 121
MOVE B105 121
MOVE B106 138
MOVE B107 138
MOVE B108 151
MOVE B109 151
DAMAGE COMBAT A94 1
DAMAGE COMBAT B76 3
END TURN 236
TURN 237
COMMAND LEFT START
MOVE A99 31
COMMAND LEFT END
COMMAND RIGHT START
COMMAND RIGHT END
TURN 237 RESULT
TIME LEFT 3 5 RIGHT 0 5
MOVE A86 134
MOVE A87 134
MOVE A89 134
MOVE A90 134
MOVE A91 134
MOVE A92 134
MOVE A93 105
MOVE A97 58
MOVE A98 22
MOVE A99 3
MOVE B73 162
MOVE B81 162
MOVE B82 155
MOVE B90 167
MOVE B104 93
MOVE B105 93
MOVE B106 121
MOVE B107 121
MOVE B108 138
MOVE B109 138
DAMAGE COMBAT A94 1
DAMAGE COMBAT B76 2
END TURN 237
TURN 238
COMMAND LEFT START
MOVE A4 92
TRAIN 1
COMMAND LEFT END
COMMAND RIGHT START
MOVE B79 93
MOVE B64 93
UPGRADE 71
COMMAND RIGHT END
TURN 238 RESULT
TIME LEFT 13 5 RIGHT 0 5
UPGRADE B 71
TRAIN A100
MOVE A4 16
MOVE A86 149
MOVE A87 149
MOVE A89 149
MOVE A90 149
MOVE A91 149
MOVE A92 149
MOVE A93 117
MOVE A94 80
MOVE A95 80
MOVE A96 80
MOVE A97 80
MOVE A98 31
MOVE A99 14
MOVE B64 153
MOVE B73 173
MOVE B79 153
MOVE B81 173
MOVE B90 163
MOVE B106 93
MOVE B107 93
MOVE B108 121
MOVE B109 121
END TURN 238
TURN 239
COMMAND LEFT START
MOVE A100 31
COMMAND LEFT END
COMMAND RIGHT START
MOVE B82 163
MOVE B91 163
MOVE B98 163
MOVE B99 163
MOVE B93 163
MOVE B34 186
MOVE B94 186
MOVE B95 155
MOVE B101 155
TRAIN 1
COMMAND RIGHT END
TURN 239 RESULT
TIME LEFT 4 5 RIGHT 0 5
TRAIN B110
MOVE A4 25
MOVE A86 163
MOVE A87 163
MOVE A89 163
MOVE A90 163
MOVE A91 163
MOVE A92 163
MOVE A93 130
MOVE A94 86
MOVE A95 86
MOVE A96 86
MOVE A97 86
MOVE A99 22
MOVE A100 3
MOVE B34 175
MOVE B64 143
MOVE B73 180
MOVE B79 143
MOVE B81 180
MOVE B82 162
MOVE B91 162
MOVE B93 97
MOVE B94 121
MOVE B95 121
MOVE B98 183
MOVE B99 183
MOVE B101 121
MOVE B108 93
MOVE B109 93
DAMAGE TURRET A86 2
DAMAGE COMBAT A86 3
DAMAGE COMBAT B39 6
END TURN 239
TURN 240
COMMAND LEFT START
TRAIN 1
COMMAND LEFT END
COMMAND RIGHT START
MOVE B73 163
MOVE B81 163
MOVE B100 163
MOVE B102 180
MOVE B103 180
TRAIN 1
COMMAND RIGHT END
TURN 240 RESULT
TIME LEFT 4 5 RIGHT 0 5
TRAIN A101 B111
MOVE A4 31
MOVE A93 149
MOVE A94 105
MOVE A95 105
MOVE A96 105
MOVE A97 105
MOVE A99 31
MOVE A100 14
MOVE B34 176
MOVE B64 124
MOVE B73 176
MOVE B79 124
MOVE B81 176
MOVE B82 168
MOVE B91 168
MOVE B93 120
MOVE B94 138
MOVE B95 133
MOVE B98 180
MOVE B99 180
MOVE B100 183
MOVE B101 133
MOVE B102 121
MOVE B103 121
DAMAGE TURRET A87 2
DAMAGE COMBAT A87 2
DAMAGE COMBAT B62 5
END TURN 240
TURN 241
COMMAND LEFT START
MOVE A101 31
TRAIN 1
COMMAND LEFT END
COMMAND RIGHT START
MOVE B104 71
UPGRADE 71
COMMAND RIGHT END
TURN 241 RESULT
TIME LEFT 19 5 RIGHT 0 5
UPGRADE B 71
TRAIN A102
MOVE A4 35
MOVE A93 163
MOVE A94 117
MOVE A95 117
MOVE A96 117
MOVE A97 117
MOVE A100 22
MOVE A101 3
MOVE B34 180
MOVE B64 120
MOVE B73 175
MOVE B79 120
MOVE B81 175
MOVE B82 171
MOVE B91 171
MOVE B93 124
MOVE B94 151
MOVE B95 140
MOVE B98 176
MOVE B99 176
MOVE B100 180
MOVE B101 140
MOVE B102 138
MOVE B103 138
MOVE B104 87
DAMAGE TURRET A87 2
DAMAGE COMBAT A89 2
DAMAGE COMBAT B62 1
DAMAGE COMBAT B90 5
END TURN 241
TURN 242
COMMAND LEFT START
MOVE A102 31
COMMAND LEFT END
COMMAND RIGHT START
MOVE B105 71
UPGRADE 41
COMMAND RIGHT END
TURN 242 RESULT
TIME LEFT 6 5 RIGHT 0 5
UPGRADE B 41
MOVE A4 42
MOVE A94 130
MOVE A95 130
MOVE A96 130
MOVE A97 130
MOVE A100 31
MOVE A101 14
MOVE A102 3
MOVE B34 183
MOVE B64 97
MOVE B73 163
MOVE B79 97
MOVE B81 163
MOVE B82 167
MOVE B91 167
MOVE B93 143
MOVE B94 162
MOVE B95 155
MOVE B98 175
MOVE B99 175
MOVE B100 176
MOVE B101 155
MOVE B102 151
MOVE B103 151
MOVE B104 86
MOVE B105 87
DAMAGE TURRET A89 2
DAMAGE COMBAT A89 2
DAMAGE COMBAT A90 1
DAMAGE COMBAT B73 4
DAMAGE COMBAT B90 1
END TURN 242
TURN 243
COMMAND LEFT START
TRAIN 1
COMMAND LEFT END
COMMAND RIGHT START
MOVE B106 41
TRAIN 1
COMMAND RIGHT END
TURN 243 RESULT
TIME LEFT 4 5 RIGHT 0 5
TRAIN A103 B112
MOVE A4 43
MOVE A94 149
MOVE A95 149
MOVE A96 149
MOVE A97 149
MOVE A101 22
MOVE A102 14
MOVE B34 186
MOVE B64 93
MOVE B79 93
MOVE B82 163
MOVE B91 163
MOVE B93 153
MOVE B94 173
MOVE B98 163
MOVE B99 163
MOVE B100 175
MOVE B102 162
MOVE B103 162
MOVE B104 80
MOVE B105 86
MOVE B106 87
DAMAGE TURRET A90 2
DAMAGE COMBAT A90 3
DAMAGE COMBAT A91 3
DAMAGE COMBAT B73 2
DAMAGE COMBAT B81 2
END TURN 243
TURN 244
COMMAND LEFT START
MOVE A103 31
COMMAND LEFT END
COMMAND RIGHT START
MOVE B112 93
MOVE B109 74
COMMAND RIGHT END
TURN 244 RESULT
TIME LEFT 6 5 RIGHT 0 5
MOVE A4 56
MOVE A94 163
MOVE A95 163
MOVE A96 163
MOVE A97 163
MOVE A101 31
MOVE A102 22
MOVE A103 3
MOVE B93 163
MOVE B94 183
MOVE B100 163
MOVE B102 173
MOVE B103 173
MOVE B104 71
MOVE B105 80
MOVE B106 68
MOVE B109 87
MOVE B112 183
DAMAGE TURRET A91 2
DAMAGE COMBAT A91 1
DAMAGE COMBAT A92 3
DAMAGE COMBAT A94 3
DAMAGE COMBAT B81 4
DAMAGE COMBAT B82 3
END TURN 244
TURN 245
COMMAND LEFT START
TRAIN 1
COMMAND LEFT END
COMMAND RIGHT START
TRAIN 2
COMMAND RIGHT END
TURN 245 RESULT
TIME LEFT 6 5 RIGHT 0 5
TRAIN A104 B113 B114
MOVE A4 64
MOVE A102 31
MOVE A103 14
MOVE B94 186
MOVE B102 180
MOVE B103 180
MOVE B105 71
MOVE B106 58
MOVE B109 86
MOVE B112 173
DAMAGE TURRET A92 2
DAMAGE COMBAT A92 1
DAMAGE COMBAT A93 5
DAMAGE COMBAT B82 3
DAMAGE COMBAT B91 2
END TURN 245
TURN 246
COMMAND LEFT START
MOVE A104 31
TRAIN 1
COMMAND LEFT END
COMMAND RIGHT START
MOVE B114 93
MOVE B113 93
MOVE B111 93
TRAIN 2
COMMAND RIGHT END
TURN 246 RESULT
TIME LEFT 9 5 RIGHT 0 5
TRAIN A105 B115 B116
MOVE A4 72
MOVE A103 22
MOVE A104 3
MOVE B106 57
MOVE B109 84
MOVE B111 183
MOVE B112 162
MOVE B113 183
MOVE B114 183
DAMAGE TURRET A93 1
DAMAGE TURRET A95 1
DAMAGE COMBAT A95 5
DAMAGE COMBAT B91 4
END TURN 246
TURN 247
COMMAND LEFT START
MOVE A105 31
COMMAND LEFT END
COMMAND RIGHT START
TRAIN 2
COMMAND RIGHT END
TURN 247 RESULT
TIME LEFT 5 5 RIGHT 0 5
TRAIN B117 B118
MOVE A4 82
MOVE A103 31
MOVE A104 14
MOVE A105 3
MOVE B106 55
MOVE B109 91
MOVE B111 173
MOVE B112 151
MOVE B113 173
MOVE B114 173
DAMAGE TURRET A96 2
DAMAGE COMBAT A96 4
DAMAGE COMBAT B93 2
END TURN 247
TURN 248
COMMAND LEFT START
MOVE A98 163
MOVE A99 163
MOVE A100 163
MOVE A101 163
MOVE A102 163
MOVE A103 163
MOVE A85 163
TRAIN 1
COMMAND LEFT END
COMMAND RIGHT START
TRAIN 2
COMMAND RIGHT END
TURN 248 RESULT
TIME LEFT 9 5 RIGHT 0 5
TRAIN A106 B119 B120
MOVE A4 92
MOVE A85 38
MOVE A98 38
MOVE A99 38
MOVE A100 38
MOVE A101 38
MOVE A102 38
MOVE A103 38
MOVE A104 22
MOVE A105 14
MOVE B106 41
MOVE B109 83
MOVE B111 162
MOVE B112 138
MOVE B113 162
MOVE B114 162
DAMAGE TURRET A97 2
DAMAGE COMBAT A97 4
DAMAGE COMBAT B93 1
END TURN 248
TURN 249
COMMAND LEFT START
MOVE A4 76
MOVE A106 31
COMMAND LEFT END
COMMAND RIGHT START
TRAIN 2
COMMAND RIGHT END
TURN 249 RESULT
TIME LEFT 4 5 RIGHT 0 5
TRAIN B121 B122
MOVE A4 76
MOVE A85 58
MOVE A98 58
MOVE A99 58
MOVE A100 58
MOVE A101 58
MOVE A102 58
MOVE A103 58
MOVE A104 31
MOVE A105 22
MOVE A106 3
MOVE B109 74
MOVE B111 151
MOVE B112 121
MOVE B113 151
MOVE B114 151
DAMAGE TURRET B109 1
DAMAGE COMBAT A9 1
DAMAGE COMBAT B109 1
END TURN 249
TURN 250
COMMAND LEFT START
MOVE A4 59
TRAIN 1
COMMAND LEFT END
COMMAND RIGHT START
MOVE B122 93
MOVE B121 93
MOVE B120 93
MOVE B119 93
MOVE B118 93
MOVE B100 93
MOVE B117 93
MOVE B116 93
UPGRADE 186
COMMAND RIGHT END
TURN 250 RESULT
TIME LEFT 3 5 RIGHT 0 5
UPGRADE B 186
TRAIN A107
MOVE A4 59
MOVE A85 80
MOVE A98 80
MOVE A99 80
MOVE A100 80
MOVE A101 80
MOVE A102 80
MOVE A103 80
MOVE A105 31
MOVE A106 14
MOVE B100 153
MOVE B111 138
MOVE B112 93
MOVE B113 138
MOVE B114 138
MOVE B116 183
MOVE B117 183
MOVE B118 183
MOVE B119 183
MOVE B120 183
MOVE B121 183
MOVE B122 183
DAMAGE TURRET B109 1
DAMAGE COMBAT A9 1
DAMAGE COMBAT B109 1
END TURN 250
TURN 251
COMMAND LEFT START
MOVE A104 163
MOVE A105 163
MOVE A107 31
COMMAND LEFT END
COMMAND RIGHT START
MOVE B35 71
MOVE B77 71
MOVE B89 71
MOVE B102 71
MOVE B109 71
MOVE B64 180
MOVE B79 180
TRAIN 2
COMMAND RIGHT END
TURN 251 RESULT
TIME LEFT 5 5 RIGHT 0 5
TRAIN B123 B124
MOVE A85 86
MOVE A98 86
MOVE A99 86
MOVE A100 86
MOVE A101 86
MOVE A102 86
MOVE A103 86
MOVE A104 38
MOVE A105 38
MOVE A106 22
MOVE A107 3
MOVE B35 55
MOVE B64 121
MOVE B77 55
MOVE B79 121
MOVE B89 168
MOVE B100 143
MOVE B102 168
MOVE B109 77
MOVE B111 121
MOVE B113 121
MOVE B114 121
MOVE B116 173
MOVE B117 173
MOVE B118 173
MOVE B119 173
MOVE B120 173
MOVE B121 173
MOVE B122 173
END TURN 251
TURN 252
COMMAND LEFT START
TRAIN 1
COMMAND LEFT END
COMMAND RIGHT START
MOVE B34 41
MOVE B94 41
COMMAND RIGHT END
TURN 252 RESULT
TIME LEFT 3 5 RIGHT 0 5
TRAIN A108
MOVE A85 105
MOVE A98 105
MOVE A99 105
MOVE A100 105
MOVE A101 105
MOVE A102 105
MOVE A103 105
MOVE A104 58
MOVE A105 58
MOVE A106 31
MOVE A107 14
MOVE B34 183
MOVE B35 71
MOVE B64 138
MOVE B77 71
MOVE B79 138
MOVE B89 152
MOVE B94 183
MOVE B100 124
MOVE B102 152
MOVE B109 79
MOVE B111 93
MOVE B113 93
MOVE B114 93
MOVE B116 162
MOVE B117 162
MOVE B118 162
MOVE B119 162
MOVE B120 162
MOVE B121 162
MOVE B122 162
END TURN 252
TURN 253
COMMAND LEFT START
MOVE A108 74
COMMAND LEFT END
COMMAND RIGHT START
MOVE B105 31
MOVE B104 93
COMMAND RIGHT END
TURN 253 RESULT
TIME LEFT 7 5 RIGHT 0 5
MOVE A85 117
MOVE A98 117
MOVE A99 117
MOVE A100 117
MOVE A101 117
MOVE A102 117
MOVE A103 117
MOVE A104 80
MOVE A105 80
MOVE A107 22
MOVE A108 4
MOVE B34 173
MOVE B64 151
MOVE B79 151
MOVE B89 144
MOVE B94 173
MOVE B100 120
MOVE B102 144
MOVE B104 80
MOVE B105 57
MOVE B109 71
MOVE B116 151
MOVE B117 151
MOVE B118 151
MOVE B119 151
MOVE B120 151
MOVE B121 151
MOVE B122 151
DAMAGE COMBAT A104 1
DAMAGE COMBAT B104 2
END TURN 253
TURN 254
COMMAND LEFT START
MOVE A4 109
MOVE A106 163
TRAIN 1
COMMAND LEFT END
COMMAND RIGHT START
TRAIN 2
COMMAND RIGHT END
TURN 254 RESULT
TIME LEFT 9 5 RIGHT 0 5
TRAIN A109 B125 B126
MOVE A4 82
MOVE A85 130
MOVE A98 130
MOVE A99 130
MOVE A100 130
MOVE A101 130
MOVE A102 130
MOVE A103 130
MOVE A106 38
MOVE A107 31
MOVE A108 16
MOVE B34 162
MOVE B64 162
MOVE B79 162
MOVE B89 124
MOVE B94 162
MOVE B100 97
MOVE B102 124
MOVE B105 44
MOVE B116 138
MOVE B117 138
MOVE B118 138
MOVE B119 138
MOVE B120 138
MOVE B121 138
MOVE B122 138
DAMAGE COMBAT A104 1
DAMAGE COMBAT B104 2
END TURN 254
TURN 255
COMMAND LEFT START
MOVE A109 31
COMMAND LEFT END
COMMAND RIGHT START
MOVE B114 74
TRAIN 2
COMMAND RIGHT END
TURN 255 RESULT
TIME LEFT 5 5 RIGHT 0 5
TRAIN B127 B128
MOVE A4 95
MOVE A85 149
MOVE A98 149
MOVE A99 149
MOVE A100 149
MOVE A101 149
MOVE A102 149
MOVE A103 149
MOVE A106 58
MOVE A108 26
MOVE A109 3
MOVE B34 151
MOVE B64 173
MOVE B79 173
MOVE B89 117
MOVE B94 151
MOVE B100 93
MOVE B102 117
MOVE B105 38
MOVE B114 87
MOVE B116 121
MOVE B117 121
MOVE B118 121
MOVE B119 121
MOVE B120 121
MOVE B121 121
MOVE B122 121
DAMAGE COMBAT A104 1
DAMAGE COMBAT B104 2
END TURN 255
TURN 256
COMMAND LEFT START
TRAIN 1
COMMAND LEFT END
COMMAND RIGHT START
MOVE B110 163
MOVE B115 163
MOVE B123 163
MOVE B124 163
MOVE B95 163
MOVE B100 155
TRAIN 2
COMMAND RIGHT END
TURN 256 RESULT
TIME LEFT 7 5 RIGHT 0 5
TRAIN A110 B129 B130
MOVE A4 109
MOVE A85 163
MOVE A98 163
MOVE A99 163
MOVE A100 163
MOVE A101 163
MOVE A102 163
MOVE A103 163
MOVE A104 86
MOVE A105 86
MOVE A106 80
MOVE A108 36
MOVE A109 14
MOVE B34 138
MOVE B64 180
MOVE B79 180
MOVE B89 111
MOVE B94 138
MOVE B95 162
MOVE B100 121
MOVE B102 111
MOVE B105 31
MOVE B110 183
MOVE B114 86
MOVE B115 183
MOVE B116 93
MOVE B117 93
MOVE B118 93
MOVE B119 93
MOVE B120 93
MOVE B121 93
MOVE B122 93
MOVE B123 183
MOVE B124 183
DAMAGE TURRET A85 2
DAMAGE TURRET B105 1
DAMAGE COMBAT A3 1
DAMAGE COMBAT A98 3
DAMAGE COMBAT A104 1
DAMAGE COMBAT B93 3
DAMAGE COMBAT B98 4
DAMAGE COMBAT B105 2
DAMAGE COMBAT B114 2
END TURN 256
TURN 257
COMMAND LEFT START
MOVE A4 95
MOVE A110 74
COMMAND LEFT END
COMMAND RIGHT START
MOVE B130 93
TRAIN 2
COMMAND RIGHT END
TURN 257 RESULT
TIME LEFT 6 5 RIGHT 0 5
TRAIN B131 B132
MOVE A4 95
MOVE A106 86
MOVE A108 40
MOVE A109 22
MOVE A110 4
MOVE B34 120
MOVE B89 84
MOVE B94 120
MOVE B95 168
MOVE B100 133
MOVE B102 84
MOVE B110 180
MOVE B115 180
MOVE B123 180
MOVE B124 180
MOVE B130 183
DAMAGE TURRET A98 2
DAMAGE TURRET B105 1
DAMAGE COMBAT A3 1
DAMAGE COMBAT A98 1
DAMAGE COMBAT A99 1
DAMAGE COMBAT A104 1
DAMAGE COMBAT B98 2
DAMAGE COMBAT B99 4
DAMAGE COMBAT B105 2
DAMAGE COMBAT B114 3
END TURN 257
TURN 258
COMMAND LEFT START
MOVE A4 72
TRAIN 1
COMMAND LEFT END
COMMAND RIGHT START
TRAIN 2
COMMAND RIGHT END
TURN 258 RESULT
TIME LEFT 4 5 RIGHT 0 5
TRAIN A111 B133 B134
MOVE A4 72
MOVE A108 61
MOVE A109 31
MOVE A110 16
MOVE B34 105
MOVE B89 71
MOVE B94 105
MOVE B95 171
MOVE B100 140
MOVE B102 71
MOVE B110 176
MOVE B115 176
MOVE B123 176
MOVE B124 176
MOVE B130 173
DAMAGE TURRET A99 2
DAMAGE COMBAT A99 1
DAMAGE COMBAT A104 1
DAMAGE COMBAT B99 2
DAMAGE COMBAT B114 1
SIEGE B 163 3
END TURN 258
TURN 259
COMMAND LEFT START
MOVE A111 31
COMMAND LEFT END
COMMAND RIGHT START
MOVE B109 74
TRAIN 2
COMMAND RIGHT END
TURN 259 RESULT
TIME LEFT 7 5 RIGHT 0 5
TRAIN B135 B136
MOVE A105 105
MOVE A106 105
MOVE A108 74
MOVE A110 26
MOVE A111 3
MOVE B34 84
MOVE B94 84
MOVE B95 167
MOVE B100 155
MOVE B109 79
MOVE B110 175
MOVE B115 175
MOVE B123 175
MOVE B124 175
MOVE B130 162
DAMAGE TURRET A99 2
SIEGE B 163 5
END TURN 259
TURN 260
COMMAND LEFT START
MOVE A107 74
TRAIN 1
COMMAND LEFT END
COMMAND RIGHT START
MOVE B64 163
MOVE B79 163
MOVE B125 163
MOVE B126 180
MOVE B127 180
MOVE B102 31
MOVE B89 93
MOVE B136 93
MOVE B135 93
MOVE B134 93
MOVE B133 93
TRAIN 2
COMMAND RIGHT END
TURN 260 RESULT
TIME LEFT 5 5 RIGHT 0 5
TRAIN A112 B137 B138
MOVE A105 117
MOVE A106 117
MOVE A107 38
MOVE A110 36
MOVE A111 14
MOVE B34 79
MOVE B64 176
MOVE B79 176
MOVE B89 80
MOVE B94 79
MOVE B95 163
MOVE B102 57
MOVE B109 77
MOVE B110 163
MOVE B115 163
MOVE B123 163
MOVE B124 163
MOVE B125 183
MOVE B126 183
MOVE B127 183
MOVE B130 151
MOVE B133 183
MOVE B134 183
MOVE B135 183
MOVE B136 183
DAMAGE TURRET A100 2
DAMAGE COMBAT A100 4
DAMAGE COMBAT A101 1
DAMAGE COMBAT B95 4
END TURN 260
TURN 261
COMMAND LEFT START
COMMAND LEFT END
COMMAND RIGHT START
MOVE B128 163
MOVE B129 163
MOVE B97 163
MOVE B107 155
TRAIN 2
COMMAND RIGHT END
TURN 261 RESULT
TIME LEFT 6 5 RIGHT 0 5
TRAIN B139 B140
MOVE A105 130
MOVE A106 130
MOVE A107 44
MOVE A110 40
MOVE A111 22
MOVE B34 51
MOVE B64 175
MOVE B79 175
MOVE B89 86
MOVE B94 51
MOVE B97 162
MOVE B102 44
MOVE B107 121
MOVE B109 74
MOVE B125 180
MOVE B126 180
MOVE B127 180
MOVE B128 183
MOVE B129 183
MOVE B130 138
MOVE B133 173
MOVE B134 173
MOVE B135 173
MOVE B136 173
DAMAGE TURRET A101 2
DAMAGE TURRET B109 1
DAMAGE COMBAT A101 3
DAMAGE COMBAT A102 2
DAMAGE COMBAT A107 1
DAMAGE COMBAT A108 1
DAMAGE COMBAT B95 2
DAMAGE COMBAT B102 1
DAMAGE COMBAT B109 1
DAMAGE COMBAT B110 1
END TURN 261
TURN 262
COMMAND LEFT START
MOVE A4 133
TRAIN 1
COMMAND LEFT END
COMMAND RIGHT START
MOVE B103 163
MOVE B126 163
MOVE B131 163
MOVE B132 180
MOVE B108 180
TRAIN 2
COMMAND RIGHT END
TURN 262 RESULT
TIME LEFT 8 5 RIGHT 0 5
TRAIN A113 B141 B142
MOVE A4 75
MOVE A105 149
MOVE A106 149
MOVE A110 61
MOVE A111 31
MOVE B34 41
MOVE B64 163
MOVE B79 163
MOVE B89 87
MOVE B94 41
MOVE B97 168
MOVE B103 176
MOVE B107 133
MOVE B108 121
MOVE B125 176
MOVE B126 176
MOVE B128 180
MOVE B129 180
MOVE B130 121
MOVE B131 183
MOVE B132 183
MOVE B133 162
MOVE B134 162
MOVE B135 162
MOVE B136 162
DAMAGE TURRET A102 2
DAMAGE COMBAT A102 2
DAMAGE COMBAT A103 4
DAMAGE COMBAT A107 1
DAMAGE COMBAT B64 2
DAMAGE COMBAT B102 1
END TURN 262
TURN 263
COMMAND LEFT START
MOVE A112 31
MOVE A113 31
TRAIN 1
COMMAND LEFT END
COMMAND RIGHT START
MOVE B137 163
MOVE B138 163
MOVE B100 163
MOVE B111 155
TRAIN 2
COMMAND RIGHT END
TURN 263 RESULT
TIME LEFT 6 5 RIGHT 0 5
TRAIN A114 B143 B144
MOVE A4 81
MOVE A105 163
MOVE A106 163
MOVE A110 74
MOVE A112 3
MOVE A113 3
MOVE B89 93
MOVE B97 171
MOVE B100 162
MOVE B103 175
MOVE B107 140
MOVE B108 138
MOVE B111 121
MOVE B125 175
MOVE B126 175
MOVE B128 176
MOVE B129 176
MOVE B130 93
MOVE B131 180
MOVE B132 180
MOVE B133 151
MOVE B134 151
MOVE B135 151
MOVE B136 151
MOVE B137 183
MOVE B138 183
DAMAGE TURRET A103 2
DAMAGE COMBAT A105 6
DAMAGE COMBAT A107 1
DAMAGE COMBAT B64 3
DAMAGE COMBAT B102 1
END TURN 263
TURN 264
COMMAND LEFT START
MOVE A110 31
MOVE A114 31
TRAIN 1
COMMAND LEFT END
COMMAND RIGHT START
MOVE B127 163
MOVE B139 163
MOVE B140 163
MOVE B89 180
TRAIN 2
COMMAND RIGHT END
TURN 264 RESULT
TIME LEFT 4 5 RIGHT 0 5
TRAIN A115 B145 B146
MOVE A4 100
MOVE A110 63
MOVE A112 14
MOVE A113 14
MOVE A114 3
MOVE B89 121
MOVE B97 167
MOVE B100 168
MOVE B103 163
MOVE B107 155
MOVE B108 151
MOVE B111 133
MOVE B125 163
MOVE B126 163
MOVE B127 176
MOVE B128 175
MOVE B129 175
MOVE B131 176
MOVE B133 138
MOVE B134 138
MOVE B135 138
MOVE B136 138
MOVE B137 180
MOVE B138 180
MOVE B139 183
MOVE B140 183
DAMAGE TURRET A106 2
DAMAGE COMBAT A106 4
DAMAGE COMBAT A107 1
DAMAGE COMBAT B102 1
DAMAGE COMBAT B110 1
END TURN 264
TURN 265
COMMAND LEFT START
MOVE A115 31
COMMAND LEFT END
COMMAND RIGHT START
TRAIN 2
COMMAND RIGHT END
TURN 265 RESULT
TIME LEFT 7 5 RIGHT 0 5
TRAIN B147 B148
MOVE A4 118
MOVE A110 51
MOVE A112 22
MOVE A113 22
MOVE A114 14
MOVE A115 3
MOVE B89 138
MOVE B97 163
MOVE B100 171
MOVE B108 162
MOVE B111 140
MOVE B127 175
MOVE B128 163
MOVE B129 163
MOVE B131 175
MOVE B133 121
MOVE B134 121
MOVE B135 121
MOVE B136 121
MOVE B137 176
MOVE B138 176
MOVE B139 180
MOVE B140 180
DAMAGE COMBAT A107 1
DAMAGE COMBAT B102 1
END TURN 265
TURN 266
COMMAND LEFT START
TRAIN 1
COMMAND LEFT END
COMMAND RIGHT START
TRAIN 2
COMMAND RIGHT END
TURN 266 RESULT
TIME LEFT 4 5 RIGHT 0 5
TRAIN A116 B149 B150
MOVE A4 133
MOVE A110 55
MOVE A112 31
MOVE A113 31
MOVE A114 22
MOVE A115 14
MOVE B89 151
MOVE B100 167
MOVE B108 173
MOVE B111 155
MOVE B127 163
MOVE B131 163
MOVE B133 93
MOVE B134 93
MOVE B135 93
MOVE B136 93
MOVE B137 175
MOVE B138 175
MOVE B139 176
MOVE B140 176
DAMAGE COMBAT A107 1
DAMAGE COMBAT B102 1
END TURN 266
TURN 267
COMMAND LEFT START
MOVE A4 118
MOVE A116 31
TRAIN 1
COMMAND LEFT END
COMMAND RIGHT START
TRAIN 2
COMMAND RIGHT END
TURN 267 RESULT
TIME LEFT 10 5 RIGHT 0 5
TRAIN A117 B151 B152
MOVE A4 118
MOVE A110 44
MOVE A114 31
MOVE A115 22
MOVE A116 3
MOVE B89 162
MOVE B100 163
MOVE B108 180
MOVE B137 163
MOVE B138 163
MOVE B139 175
MOVE B140 175
END TURN 267
TURN 268
COMMAND LEFT START
MOVE A4 100
MOVE A117 31
COMMAND LEFT END
COMMAND RIGHT START
TRAIN 2
COMMAND RIGHT END
TURN 268 RESULT
TIME LEFT 6 5 RIGHT 0 5
TRAIN B153 B154
MOVE A4 100
MOVE A110 38
MOVE A115 31
MOVE A116 14
MOVE A117 3
MOVE B89 173
MOVE B139 163
MOVE B140 163
END TURN 268
TURN 269
COMMAND LEFT START
MOVE A4 81
TRAIN 1
COMMAND LEFT END
COMMAND RIGHT START
TRAIN 2
COMMAND RIGHT END
TURN 269 RESULT
TIME LEFT 22 5 RIGHT 0 5
TRAIN A118 B155 B156
MOVE A4 81
MOVE A110 31
MOVE A116 22
MOVE A117 14
MOVE B89 180
END TURN 269
TURN 270
COMMAND LEFT START
MOVE A4 69
MOVE A118 31
COMMAND LEFT END
COMMAND RIGHT START
TRAIN 2
COMMAND RIGHT END
TURN 270 RESULT
TIME LEFT 11 5 RIGHT 0 5
TRAIN B157 B158
MOVE A4 69
MOVE A116 31
MOVE A117 22
MOVE A118 3
END TURN 270
TURN 271
COMMAND LEFT START
TRAIN 1
COMMAND LEFT END
COMMAND RIGHT START
MOVE B140 93
MOVE B139 93
MOVE B138 93
MOVE B137 93
MOVE B131 93
MOVE B129 93
MOVE B128 93
MOVE B127 93
MOVE B126 93
MOVE B125 93
MOVE B124 93
UPGRADE 186
COMMAND RIGHT END
TURN 271 RESULT
TIME LEFT 7 5 RIGHT 0 5
UPGRADE B 186
TRAIN A119
MOVE A117 31
MOVE A118 14
MOVE B124 153
MOVE B125 153
MOVE B126 153
MOVE B127 153
MOVE B128 153
MOVE B129 153
MOVE B131 153
MOVE B137 153
MOVE B138 153
MOVE B139 153
MOVE B140 153
END TURN 271
TURN 272
COMMAND LEFT START
MOVE A109 115
MOVE A110 115
MOVE A111 115
MOVE A112 115
MOVE A113 115
MOVE A114 115
MOVE A115 115
MOVE A116 115
MOVE A117 115
MOVE A119 31
COMMAND LEFT END
COMMAND RIGHT START
MOVE B123 93
MOVE B115 93
MOVE B110 93
MOVE B103 93
MOVE B158 93
MOVE B157 93
MOVE B156 93
MOVE B155 93
MOVE B154 93
MOVE B153 93
MOVE B152 93
COMMAND RIGHT END
TURN 272 RESULT
TIME LEFT 13 5 RIGHT 0 5
MOVE A109 46
MOVE A110 46
MOVE A111 46
MOVE A112 46
MOVE A113 46
MOVE A114 46
MOVE A115 46
MOVE A116 46
MOVE A117 46
MOVE A118 22
MOVE A119 3
MOVE B103 153
MOVE B110 153
MOVE B115 153
MOVE B123 153
MOVE B124 143
MOVE B125 143
MOVE B126 143
MOVE B127 143
MOVE B128 143
MOVE B129 143
MOVE B131 143
MOVE B137 143
MOVE B138 143
MOVE B139 143
MOVE B140 143
MOVE B152 183
MOVE B153 183
MOVE B154 183
MOVE B155 183
MOVE B156 183
MOVE B157 183
MOVE B158 183
END TURN 272
TURN 273
COMMAND LEFT START
TRAIN 1
COMMAND LEFT END
COMMAND RIGHT START
MOVE B136 74
MOVE B151 93
MOVE B150 93
MOVE B149 93
MOVE B148 93
MOVE B147 93
MOVE B146 93
COMMAND RIGHT END
TURN 273 RESULT
TIME LEFT 3 5 RIGHT 1 5
TRAIN A120
MOVE A109 53
MOVE A110 53
MOVE A111 53
MOVE A112 53
MOVE A113 53
MOVE A114 53
MOVE A115 53
MOVE A116 53
MOVE A117 53
MOVE A118 31
MOVE A119 14
MOVE B103 143
MOVE B110 143
MOVE B115 143
MOVE B123 143
MOVE B124 124
MOVE B125 124
MOVE B126 124
MOVE B127 124
MOVE B128 124
MOVE B129 124
MOVE B131 124
MOVE B136 87
MOVE B137 124
MOVE B138 124
MOVE B139 124
MOVE B140 124
MOVE B146 183
MOVE B147 183
MOVE B148 183
MOVE B149 183
MOVE B150 183
MOVE B151 183
MOVE B152 173
MOVE B153 173
MOVE B154 173
MOVE B155 173
MOVE B156 173
MOVE B157 173
MOVE B158 173
END TURN 273
TURN 274
COMMAND LEFT START
MOVE A4 76
MOVE A120 31
COMMAND LEFT END
COMMAND RIGHT START
TRAIN 1
COMMAND RIGHT END
TURN 274 RESULT
TIME LEFT 10 5 RIGHT 0 5
TRAIN B159
MOVE A4 75
MOVE A109 65
MOVE A110 65
MOVE A111 65
MOVE A112 65
MOVE A113 65
MOVE A114 65
MOVE A115 65
MOVE A116 65
MOVE A117 65
MOVE A119 22
MOVE A120 3
MOVE B103 124
MOVE B110 124
MOVE B115 124
MOVE B123 124
MOVE B124 120
MOVE B125 120
MOVE B126 120
MOVE B127 120
MOVE B128 120
MOVE B129 120
MOVE B131 120
MOVE B136 86
MOVE B137 120
MOVE B138 120
MOVE B139 120
MOVE B140 120
MOVE B146 173
MOVE B147 173
MOVE B148 173
MOVE B149 173
MOVE B150 173
MOVE B151 173
MOVE B152 162
MOVE B153 162
MOVE B154 162
MOVE B155 162
MOVE B156 162
MOVE B157 162
MOVE B158 162
END TURN 274
TURN 275
COMMAND LEFT START
MOVE A118 115
TRAIN 1
COMMAND LEFT END
COMMAND RIGHT START
MOVE B159 93
TRAIN 3
COMMAND RIGHT END
TURN 275 RESULT
TIME LEFT 5 5 RIGHT 0 5
TRAIN A121 B160 B161 B162
MOVE A4 72
MOVE A109 89
MOVE A110 89
MOVE A111 89
MOVE A112 89
MOVE A113 89
MOVE A114 89
MOVE A115 89
MOVE A116 89
MOVE A117 89
MOVE A118 46
MOVE A119 31
MOVE A120 14
MOVE B103 120
MOVE B110 120
MOVE B115 120
MOVE B123 120
MOVE B124 97
MOVE B125 97
MOVE B126 97
MOVE B127 97
MOVE B128 97
MOVE B129 97
MOVE B131 97
MOVE B136 84
MOVE B137 97
MOVE B138 97
MOVE B139 97
MOVE B140 97
MOVE B146 162
MOVE B147 162
MOVE B148 162
MOVE B149 162
MOVE B150 162
MOVE B151 162
MOVE B152 151
MOVE B153 151
MOVE B154 151
MOVE B155 151
MOVE B156 151
MOVE B157 151
MOVE B158 151
MOVE B159 183
END TURN 275
TURN 276
COMMAND LEFT START
MOVE A119 115
MOVE A121 31
COMMAND LEFT END
COMMAND RIGHT START
MOVE B162 93
MOVE B161 93
MOVE B160 93
TRAIN 3
COMMAND RIGHT END
TURN 276 RESULT
TIME LEFT 11 5 RIGHT 0 5
TRAIN B163 B164 B165
MOVE A4 82
MOVE A109 100
MOVE A110 100
MOVE A111 100
MOVE A112 100
MOVE A113 100
MOVE A114 100
MOVE A115 100
MOVE A116 100
MOVE A117 100
MOVE A118 53
MOVE A119 46
MOVE A120 22
MOVE A121 3
MOVE B103 97
MOVE B110 97
MOVE B115 97
MOVE B123 97
MOVE B124 93
MOVE B125 93
MOVE B126 93
MOVE B127 93
MOVE B128 93
MOVE B129 93
MOVE B131 93
MOVE B136 91
MOVE B137 93
MOVE B138 93
MOVE B139 93
MOVE B140 93
MOVE B146 151
MOVE B147 151
MOVE B148 151
MOVE B149 151
MOVE B150 151
MOVE B151 151
MOVE B152 138
MOVE B153 138
MOVE B154 138
MOVE B155 138
MOVE B156 138
MOVE B157 138
MOVE B158 138
MOVE B159 173
MOVE B160 183
MOVE B161 183
MOVE B162 183
END TURN 276
TURN 277
COMMAND LEFT START
TRAIN 1
COMMAND LEFT END
COMMAND RIGHT START
MOVE B140 96
MOVE B165 93
MOVE B164 93
MOVE B163 93
TRAIN 3
COMMAND RIGHT END
TURN 277 RESULT
TIME LEFT 6 5 RIGHT 0 5
TRAIN A122 B166 B167 B168
MOVE A4 76
MOVE A109 106
MOVE A110 106
MOVE A111 106
MOVE A112 106
MOVE A113 106
MOVE A114 106
MOVE A115 106
MOVE A116 106
MOVE A117 106
MOVE A118 65
MOVE A119 53
MOVE A120 31
MOVE A121 14
MOVE B103 93
MOVE B110 93
MOVE B115 93
MOVE B123 93
MOVE B136 83
MOVE B140 97
MOVE B146 138
MOVE B147 138
MOVE B148 138
MOVE B149 138
MOVE B150 138
MOVE B151 138
MOVE B152 121
MOVE B153 121
MOVE B154 121
MOVE B155 121
MOVE B156 121
MOVE B157 121
MOVE B158 121
MOVE B159 162
MOVE B160 173
MOVE B161 173
MOVE B162 173
MOVE B163 183
MOVE B164 183
MOVE B165 183
END TURN 277
TURN 278
COMMAND LEFT START
MOVE A4 59
MOVE A120 115
MOVE A122 31
COMMAND LEFT END
COMMAND RIGHT START
MOVE B80 145
MOVE B85 145
MOVE B101 145
MOVE B103 112
MOVE B110 112
MOVE B141 155
MOVE B168 93
MOVE B167 93
TRAIN 1
COMMAND RIGHT END
TURN 278 RESULT
TIME LEFT 11 5 RIGHT 0 5
TRAIN B169
MOVE A4 59
MOVE A109 115
MOVE A110 115
MOVE A111 115
MOVE A112 115
MOVE A113 115
MOVE A114 115
MOVE A115 115
MOVE A116 115
MOVE A117 115
MOVE A118 89
MOVE A119 65
MOVE A120 46
MOVE A121 22
MOVE A122 3
MOVE B80 123
MOVE B85 123
MOVE B101 161
MOVE B103 99
MOVE B110 99
MOVE B136 74
MOVE B140 105
MOVE B141 183
MOVE B146 121
MOVE B147 121
MOVE B148 121
MOVE B149 121
MOVE B150 121
MOVE B151 121
MOVE B152 93
MOVE B153 93
MOVE B154 93
MOVE B155 93
MOVE B156 93
MOVE B157 93
MOVE B158 93
MOVE B159 151
MOVE B160 162
MOVE B161 162
MOVE B162 162
MOVE B163 173
MOVE B164 173
MOVE B165 173
MOVE B167 183
MOVE B168 183
DAMAGE TURRET A109 2
DAMAGE TURRET B136 1
DAMAGE COMBAT A108 1
DAMAGE COMBAT A109 3
DAMAGE COMBAT B67 6
DAMAGE COMBAT B72 3
DAMAGE COMBAT B136 1
END TURN 278
TURN 279
COMMAND LEFT START
TRAIN 1
COMMAND LEFT END
COMMAND RIGHT START
MOVE B169 93
TRAIN 2
COMMAND RIGHT END
TURN 279 RESULT
TIME LEFT 6 5 RIGHT 0 5
TRAIN A123 B170 B171
MOVE A118 100
MOVE A119 89
MOVE A120 53
MOVE A121 31
MOVE A122 14
MOVE B80 135
MOVE B85 135
MOVE B101 147
MOVE B103 100
MOVE B110 100
MOVE B140 111
MOVE B141 172
MOVE B146 93
MOVE B147 93
MOVE B148 93
MOVE B149 93
MOVE B150 93
MOVE B151 93
MOVE B159 138
MOVE B160 151
MOVE B161 151
MOVE B162 151
MOVE B163 162
MOVE B164 162
MOVE B165 162
MOVE B167 173
MOVE B168 173
MOVE B169 183
DAMAGE TURRET A109 1
DAMAGE TURRET A110 1
DAMAGE TURRET B136 1
DAMAGE COMBAT A108 1
DAMAGE COMBAT A110 1
DAMAGE COMBAT A118 2
DAMAGE COMBAT B69 6
DAMAGE COMBAT B110 1
DAMAGE COMBAT B136 1
SIEGE B 115 3
END TURN 279
TURN 280
COMMAND LEFT START
MOVE A123 31
TRAIN 1
COMMAND LEFT END
COMMAND RIGHT START
MOVE B158 0
MOVE B157 0
MOVE B156 0
MOVE B155 0
MOVE B154 0
MOVE B153 0
MOVE B152 0
MOVE B151 0
MOVE B150 0
MOVE B149 0
MOVE B148 0
MOVE B147 0
MOVE B146 0
MOVE B139 0
MOVE B138 0
MOVE B137 0
MOVE B135 0
MOVE B134 0
MOVE B133 0
MOVE B131 0
MOVE B130 0
MOVE B129 0
MOVE B128 0
MOVE B127 0
MOVE B126 0
MOVE B125 0
MOVE B124 0
MOVE B123 0
MOVE B122 0
MOVE B121 0
MOVE B120 0
MOVE B119 0
MOVE B118 0
MOVE B117 0
MOVE B116 0
MOVE B115 0
TRAIN 3
COMMAND RIGHT END
TURN 280 RESULT
TIME LEFT 9 5 RIGHT 0 5
TRAIN A124 B172 B173 B174
MOVE A119 100
MOVE A120 65
MOVE A122 22
MOVE A123 3
MOVE B80 145
MOVE B85 145
MOVE B101 145
MOVE B115 65
MOVE B116 65
MOVE B117 65
MOVE B118 65
MOVE B119 65
MOVE B120 65
MOVE B121 65
MOVE B122 65
MOVE B123 65
MOVE B124 65
MOVE B125 65
MOVE B126 65
MOVE B127 65
MOVE B128 65
MOVE B129 65
MOVE B130 65
MOVE B131 65
MOVE B133 65
MOVE B134 65
MOVE B135 65
MOVE B137 65
MOVE B138 65
MOVE B139 65
MOVE B140 114
MOVE B141 164
MOVE B146 65
MOVE B147 65
MOVE B148 65
MOVE B149 65
MOVE B150 65
MOVE B151 65
MOVE B152 65
MOVE B153 65
MOVE B154 65
MOVE B155 65
MOVE B156 65
MOVE B157 65
MOVE B158 65
MOVE B159 121
MOVE B160 138
MOVE B161 138
MOVE B162 138
MOVE B163 151
MOVE B164 151
MOVE B165 151
MOVE B167 162
MOVE B168 162
MOVE B169 173
DAMAGE TURRET A110 2
DAMAGE TURRET B136 1
DAMAGE COMBAT A108 1
DAMAGE COMBAT A118 2
DAMAGE COMBAT A120 6
DAMAGE COMBAT B110 2
DAMAGE COMBAT B115 1
DAMAGE COMBAT B136 1
SIEGE B 115 4
END TURN 280
TURN 281
COMMAND LEFT START
MOVE A111 155
MOVE A112 155
MOVE A113 155
MOVE A114 155
MOVE A115 155
MOVE A116 155
MOVE A117 155
MOVE A110 31
MOVE A124 31
COMMAND LEFT END
COMMAND RIGHT START
MOVE B174 93
TRAIN 1
COMMAND RIGHT END
TURN 281 RESULT
TIME LEFT 13 5 RIGHT 0 5
TRAIN B175
MOVE A110 106
MOVE A111 129
MOVE A112 129
MOVE A113 129
MOVE A114 129
MOVE A115 129
MOVE A116 129
MOVE A117 129
MOVE A122 31
MOVE A123 14
MOVE A124 3
MOVE B115 48
MOVE B116 48
MOVE B117 48
MOVE B118 48
MOVE B119 48
MOVE B120 48
MOVE B121 48
MOVE B122 48
MOVE B123 48
MOVE B124 48
MOVE B125 48
MOVE B126 48
MOVE B127 48
MOVE B128 48
MOVE B129 48
MOVE B130 48
MOVE B131 48
MOVE B133 48
MOVE B134 48
MOVE B135 48
MOVE B137 48
MOVE B138 48
MOVE B139 48
MOVE B140 104
MOVE B141 155
MOVE B146 48
MOVE B147 48
MOVE B148 48
MOVE B149 48
MOVE B150 48
MOVE B151 48
MOVE B152 48
MOVE B153 48
MOVE B154 48
MOVE B155 48
MOVE B156 48
MOVE B157 48
MOVE B158 48
MOVE B159 93
MOVE B160 121
MOVE B161 121
MOVE B162 121
MOVE B163 138
MOVE B164 138
MOVE B165 138
MOVE B167 151
MOVE B168 151
MOVE B169 162
MOVE B174 183
DAMAGE TURRET B136 1
DAMAGE COMBAT A108 1
DAMAGE COMBAT A118 2
DAMAGE COMBAT B103 1
DAMAGE COMBAT B110 1
END TURN 281
TURN 282
COMMAND LEFT START
MOVE A4 92
MOVE A121 155
MOVE A122 155
COMMAND LEFT END
COMMAND RIGHT START
MOVE B68 112
MOVE B175 93
MOVE B173 93
MOVE B172 93
MOVE B171 93
MOVE B170 93
TRAIN 2
COMMAND RIGHT END
TURN 282 RESULT
TIME LEFT 17 5 RIGHT 0 5
TRAIN B176 B177
MOVE A4 76
MOVE A110 100
MOVE A111 142
MOVE A112 142
MOVE A113 142
MOVE A114 142
MOVE A115 142
MOVE A116 142
MOVE A117 142
MOVE A121 46
MOVE A122 46
MOVE A123 22
MOVE A124 14
MOVE B68 135
MOVE B115 35
MOVE B116 35
MOVE B117 35
MOVE B118 35
MOVE B119 35
MOVE B120 35
MOVE B121 35
MOVE B122 35
MOVE B123 35
MOVE B124 35
MOVE B125 35
MOVE B126 35
MOVE B127 35
MOVE B128 35
MOVE B129 35
MOVE B130 35
MOVE B131 35
MOVE B133 35
MOVE B134 35
MOVE B135 35
MOVE B137 35
MOVE B138 35
MOVE B139 35
MOVE B140 94
MOVE B146 35
MOVE B147 35
MOVE B148 35
MOVE B149 35
MOVE B150 35
MOVE B151 35
MOVE B152 35
MOVE B153 35
MOVE B154 35
MOVE B155 35
MOVE B156 35
MOVE B157 35
MOVE B158 35
MOVE B160 93
MOVE B161 93
MOVE B162 93
MOVE B163 121
MOVE B164 121
MOVE B165 121
MOVE B167 138
MOVE B168 138
MOVE B169 151
MOVE B170 183
MOVE B171 183
MOVE B172 183
MOVE B173 183
MOVE B174 173
MOVE B175 183
DAMAGE COMBAT A110 1
DAMAGE COMBAT B103 2
END TURN 282
TURN 283
COMMAND LEFT START
TRAIN 1
COMMAND LEFT END
COMMAND RIGHT START
MOVE B162 74
MOVE B161 74
MOVE B160 74
MOVE B159 74
COMMAND RIGHT END
TURN 283 RESULT
TIME LEFT 15 5 RIGHT 0 5
TRAIN A125
MOVE A4 92
MOVE A111 148
MOVE A112 148
MOVE A113 148
MOVE A114 148
MOVE A115 148
MOVE A116 148
MOVE A117 148
MOVE A121 53
MOVE A122 53
MOVE A123 31
MOVE A124 22
MOVE B68 123
MOVE B115 24
MOVE B116 24
MOVE B117 24
MOVE B118 24
MOVE B119 24
MOVE B120 24
MOVE B121 24
MOVE B122 24
MOVE B123 24
MOVE B124 24
MOVE B125 24
MOVE B126 24
MOVE B127 24
MOVE B128 24
MOVE B129 24
MOVE B130 24
MOVE B131 24
MOVE B133 24
MOVE B134 24
MOVE B135 24
MOVE B137 24
MOVE B138 24
MOVE B139 24
MOVE B140 98
MOVE B146 24
MOVE B147 24
MOVE B148 24
MOVE B149 24
MOVE B150 24
MOVE B151 24
MOVE B152 24
MOVE B153 24
MOVE B154 24
MOVE B155 24
MOVE B156 24
MOVE B157 24
MOVE B158 24
MOVE B159 87
MOVE B160 87
MOVE B161 87
MOVE B162 87
MOVE B163 93
MOVE B164 93
MOVE B165 93
MOVE B167 121
MOVE B168 121
MOVE B169 138
MOVE B170 173
MOVE B171 173
MOVE B172 173
MOVE B173 173
MOVE B174 162
MOVE B175 173
DAMAGE COMBAT A110 1
DAMAGE COMBAT B103 2
END TURN 283
TURN 284
COMMAND LEFT START
MOVE A4 76
MOVE A123 155
MOVE A125 31
COMMAND LEFT END
COMMAND RIGHT START
MOVE B71 155
MOVE B80 155
MOVE B84 155
MOVE B85 155
MOVE B142 155
MOVE B112 145
MOVE B113 145
MOVE B177 93
TRAIN 3
COMMAND RIGHT END
TURN 284 RESULT
TIME LEFT 12 5 RIGHT 0 5
TRAIN B178 B179 B180
MOVE A4 76
MOVE A111 155
MOVE A112 155
MOVE A113 155
MOVE A114 155
MOVE A115 155
MOVE A116 155
MOVE A117 155
MOVE A121 65
MOVE A122 65
MOVE A123 46
MOVE A124 31
MOVE A125 3
MOVE B68 112
MOVE B71 147
MOVE B80 147
MOVE B84 147
MOVE B85 147
MOVE B112 99
MOVE B113 99
MOVE B115 13
MOVE B116 13
MOVE B117 13
MOVE B118 13
MOVE B119 13
MOVE B120 13
MOVE B121 13
MOVE B122 13
MOVE B123 13
MOVE B124 13
MOVE B125 13
MOVE B126 13
MOVE B127 13
MOVE B128 13
MOVE B129 13
MOVE B130 13
MOVE B131 13
MOVE B133 13
MOVE B134 13
MOVE B135 13
MOVE B137 13
MOVE B138 13
MOVE B139 13
MOVE B140 96
MOVE B142 183
MOVE B146 13
MOVE B147 13
MOVE B148 13
MOVE B149 13
MOVE B150 13
MOVE B151 13
MOVE B152 13
MOVE B153 13
MOVE B154 13
MOVE B155 13
MOVE B156 13
MOVE B157 13
MOVE B158 13
MOVE B159 86
MOVE B160 86
MOVE B161 86
MOVE B162 86
MOVE B167 93
MOVE B168 93
MOVE B169 121
MOVE B170 162
MOVE B171 162
MOVE B172 162
MOVE B173 162
MOVE B174 151
MOVE B175 162
MOVE B177 183
DAMAGE TURRET A111 2
DAMAGE TURRET B140 1
DAMAGE COMBAT A11 1
DAMAGE COMBAT A111 3
DAMAGE COMBAT A119 1
DAMAGE COMBAT B103 1
DAMAGE COMBAT B107 6
DAMAGE COMBAT B111 1
DAMAGE COMBAT B140 1
END TURN 284
TURN 285
COMMAND LEFT START
MOVE A4 59
TRAIN 1
COMMAND LEFT END
COMMAND RIGHT START
MOVE B143 155
MOVE B144 155
MOVE B145 155
TRAIN 1
COMMAND RIGHT END
TURN 285 RESULT
TIME LEFT 27 5 RIGHT 0 5
TRAIN A126 B181
MOVE A4 59
MOVE A119 106
MOVE A121 93
MOVE A122 93
MOVE A123 53
MOVE A125 14
MOVE B71 161
MOVE B80 161
MOVE B84 161
MOVE B85 161
MOVE B112 118
MOVE B113 118
MOVE B115 3
MOVE B116 3
MOVE B117 3
MOVE B118 3
MOVE B119 3
MOVE B120 3
MOVE B121 3
MOVE B122 3
MOVE B123 3
MOVE B124 3
MOVE B125 3
MOVE B126 3
MOVE B127 3
MOVE B128 3
MOVE B129 3
MOVE B130 3
MOVE B131 3
MOVE B133 3
MOVE B134 3
MOVE B135 3
MOVE B137 3
MOVE B138 3
MOVE B139 3
MOVE B142 172
MOVE B143 183
MOVE B144 183
MOVE B145 183
MOVE B146 3
MOVE B147 3
MOVE B148 3
MOVE B149 3
MOVE B150 3
MOVE B151 3
MOVE B152 3
MOVE B153 3
MOVE B154 3
MOVE B155 3
MOVE B156 3
MOVE B157 3
MOVE B158 3
MOVE B159 84
MOVE B160 84
MOVE B161 84
MOVE B162 84
MOVE B169 93
MOVE B170 151
MOVE B171 151
MOVE B172 151
MOVE B173 151
MOVE B174 138
MOVE B175 151
MOVE B177 173
DAMAGE TURRET A111 1
DAMAGE TURRET A112 1
DAMAGE TURRET A121 2
DAMAGE TURRET B140 1
DAMAGE COMBAT A11 1
DAMAGE COMBAT A112 2
DAMAGE COMBAT A121 4
DAMAGE COMBAT A122 2
DAMAGE COMBAT B111 5
DAMAGE COMBAT B140 1
DAMAGE COMBAT B141 2
DAMAGE COMBAT B163 2
END TURN 285
TURN 286
COMMAND LEFT START
MOVE A126 31
COMMAND LEFT END
COMMAND RIGHT START
MOVE B166 155
MOVE B89 155
MOVE B108 155
TRAIN 3
COMMAND RIGHT END
TURN 286 RESULT
TIME LEFT 11 5 RIGHT 0 5
TRAIN B182 B183 B184
MOVE A119 115
MOVE A123 65
MOVE A125 22
MOVE A126 3
MOVE B71 155
MOVE B80 155
MOVE B84 155
MOVE B85 155
MOVE B89 173
MOVE B108 173
MOVE B112 128
MOVE B113 128
MOVE B115 0
MOVE B116 0
MOVE B117 0
MOVE B118 0
MOVE B119 0
MOVE B120 0
MOVE B121 0
MOVE B122 0
MOVE B123 0
MOVE B124 0
MOVE B125 0
MOVE B126 0
MOVE B127 0
MOVE B128 0
MOVE B129 0
MOVE B130 0
MOVE B131 0
MOVE B133 0
MOVE B134 0
MOVE B135 0
MOVE B137 0
MOVE B138 0
MOVE B139 0
MOVE B142 164
MOVE B143 172
MOVE B144 172
MOVE B145 172
MOVE B146 0
MOVE B147 0
MOVE B148 0
MOVE B149 0
MOVE B150 0
MOVE B151 0
MOVE B152 0
MOVE B153 0
MOVE B154 0
MOVE B155 0
MOVE B156 0
MOVE B157 0
MOVE B158 0
MOVE B159 91
MOVE B160 91
MOVE B161 91
MOVE B162 91
MOVE B166 183
MOVE B170 138
MOVE B171 138
MOVE B172 138
MOVE B173 138
MOVE B174 121
MOVE B175 138
MOVE B177 162
DAMAGE TURRET A112 2
DAMAGE TURRET A122 2
DAMAGE TURRET B115 2
DAMAGE TURRET B140 1
DAMAGE COMBAT A1 4
DAMAGE COMBAT A5 5
DAMAGE COMBAT A11 1
DAMAGE COMBAT A50 6
DAMAGE COMBAT A112 1
DAMAGE COMBAT A113 4
DAMAGE COMBAT A122 2
DAMAGE COMBAT B71 1
DAMAGE COMBAT B115 3
DAMAGE COMBAT B140 1
DAMAGE COMBAT B141 5
DAMAGE COMBAT B163 1
SIEGE A 0 20
END TURN 286
RESULT RIGHT_WIN HQ_DESTROYED
