[LEFT ""]
[RIGHT ""]
MAP
201 17
-11060 -10732 -9899 -10286 -8926 -10171 -9755 -9040 -8432 -8827 -7989 -8719 -7886 -7610 -7647 -7459 -7577 -7402 -7039 -7250 -6585 -8043 -6657 -6911 -6485 -6597 -7386 -6452 -6986 -5986 -5901 -5713 -5631 -5697 -5484 -5599 -5697 -5214 -5448 -5194 -5165 -4894 -5340 -4750 -4747 -4536 -4889 -4697 -4541 -5109 -4226 -4161 -3785 -3958 -3954 -3918 -3703 -3305 -3515 -3502 -3418 -3438 -3259 -2955 -3030 -2836 -2678 -2643 -2894 -2477 -2382 -2006 -1952 -2016 -2035 -1873 -2031 -2316 -1768 -1740 -1653 -1838 -1488 -1155 -1084 -1169 -1036 -1685 -741 -956 -629 -494 -714 -413 -477 -511 -329 -426 -395 -31 0 31 395 426 329 511 477 413 714 494 629 956 741 1685 1036 1169 1084 1155 1488 1838 1653 1740 1768 2316 2031 1873 2035 2016 1952 2006 2382 2477 2894 2643 2678 2836 3030 2955 3259 3438 3418 3502 3515 3305 3703 3918 3954 3958 3785 4161 4226 5109 4541 4697 4889 4536 4747 4750 5340 4894 5165 5194 5448 5214 5697 5599 5484 5697 5631 5713 5901 5986 6986 6452 7386 6597 6485 6911 6657 8043 6585 7250 7039 7402 7577 7459 7647 7610 7886 8719 7989 8827 8432 9040 9755 10171 8926 10286 9899 10732 11060
-691 1448 2463 -4657 -491 4304 -2916 -1626 460 5576 1806 -5969 2923 -3798 -530 3814 -1643 -2656 765 -6012 -334 7247 4493 5652 -1819 1939 -7778 -3958 8465 3503 -5361 892 -1540 2577 5011 6285 -7514 7290 -3049 -4123 -254 1610 9652 -2057 -5269 2805 -8003 -6598 6344 -9921 5292 -3372 -6984 -972 632 4142 7228 -8171 -5508 -4371 -2545 9428 1660 5916 -122 -6503 -1631 -3415 2978 4396 7817 -659 6551 -5603 2286 -4370 764 -10133 -8084 -7109 -2649 8900 4523 1990 -6212 7400 3299 10686 1107 -233 -7981 -2509 4963 8276 -1558 -4961 -3542 6148 -10868 -7079 0 7079 10868 -6148 3542 4961 1558 -8276 -4963 2509 7981 233 -1107 -10686 -3299 -7400 6212 -1990 -4523 -8900 2649 7109 8084 10133 -764 4370 -2286 5603 -6551 659 -7817 -4396 -2978 3415 1631 6503 122 -5916 -1660 -9428 2545 4371 5508 8171 -7228 -4142 -632 972 6984 3372 -5292 9921 -6344 6598 8003 -2805 5269 2057 -9652 -1610 254 4123 3049 -7290 7514 -6285 -5011 -2577 1540 -892 5361 -3503 -8465 3958 7778 -1939 1819 -5652 -4493 -7247 334 6012 -765 2656 1643 -3814 530 3798 -2923 5969 -1806 -5576 -460 1626 2916 -4304 491 4657 -2463 -1448 691
STRONGHOLDS 13 15 18 35 54 75 82 97 100 103 118 125 146 165 182 185 187
4 1 4 6 7
5 0 2 4 5 8
5 1 5 8 10 12
3 6 11 13
5 0 1 7 8 14
5 1 2 9 12 15
5 0 3 7 13 17
6 0 4 6 14 16 17
6 1 2 4 10 14 18
4 5 15 21 23
5 2 8 12 18 25
4 3 13 19 26
6 2 5 10 15 25 29
6 3 6 11 17 19 27
6 4 7 8 16 18 20
6 5 9 12 22 23 29
5 7 14 17 20 24
7 6 7 13 16 24 27 38
6 8 10 14 20 25 31
6 11 13 26 27 30 36
7 14 16 18 24 31 32 40
4 9 23 28 35
4 15 23 29 34
6 9 15 21 22 34 35
5 16 17 20 32 38
6 10 12 18 29 31 33
4 11 19 36 49
6 13 17 19 30 38 39
4 21 35 37 42
8 12 15 22 25 33 34 45 55
6 19 27 36 39 44 47
7 18 20 25 33 40 41 54
6 20 24 38 40 43 53
5 25 29 31 41 45
7 22 23 29 35 48 50 55
6 21 23 28 34 37 48
6 19 26 30 46 47 49
6 28 35 42 48 56 61
7 17 24 27 32 39 43 51
6 27 30 38 44 51 59
5 20 31 32 53 54
5 31 33 45 54 62
3 28 37 61
5 32 38 51 53 60
5 30 39 47 58 59
6 29 33 41 55 62 68
5 36 47 49 52 57
6 30 36 44 46 52 58
6 34 35 37 50 56 63
5 26 36 46 57 77
5 34 48 55 63 69
6 38 39 43 59 60 67
5 46 47 57 58 65
7 32 40 43 54 60 64 66
6 31 40 41 53 62 64
6 29 34 45 50 68 69
6 37 48 61 63 70 72
7 46 49 52 65 77 78 79
6 44 47 52 59 65 73
7 39 44 51 58 67 73 75
6 43 51 53 66 67 80
6 37 42 56 70 81 87
7 41 45 54 64 68 74 76
6 48 50 56 69 72 82
6 53 54 62 66 71 76
5 52 57 58 73 79
5 53 60 64 71 80
5 51 59 60 75 80
6 45 55 62 69 74 86
6 50 55 63 68 82 86
5 56 61 72 81 85
6 64 66 76 80 89 94
7 56 63 70 82 85 92 97
7 58 59 65 75 79 84 95
5 62 68 76 83 86
6 59 67 73 80 95 96
7 62 64 71 74 83 88 89
5 49 57 78 90 98
4 57 77 79 90
7 57 65 73 78 84 90 99
8 60 66 67 71 75 91 94 96
5 61 70 85 87 93
5 63 69 72 86 92
6 74 76 86 88 106 109
5 73 79 95 99 103
6 70 72 81 93 97 101
8 68 69 74 82 83 92 104 109
4 61 81 93 102
5 76 83 89 100 106
5 71 76 88 94 100
6 77 78 79 98 99 107
5 80 94 96 114 117
6 72 82 86 97 104 105
6 81 85 87 101 102 110
7 71 80 89 91 100 112 117
6 73 75 84 96 103 108
6 75 80 91 95 108 114
6 72 85 92 101 105 116
4 77 90 107 113
6 79 84 90 103 107 115
6 88 89 94 106 111 112
6 85 93 97 110 116 121
4 87 93 110 123
6 84 95 99 108 115 128
6 86 92 105 109 120 125
6 92 97 104 116 125 127
7 83 88 100 109 111 120 129
6 90 98 99 113 115 119
6 95 96 103 114 118 128
5 83 86 104 106 120
6 93 101 102 121 122 123
5 100 106 112 124 129
5 94 100 111 117 124
4 98 107 119 139
8 91 96 108 117 118 126 131 132
6 99 103 107 119 128 130
5 97 101 105 121 127
6 91 94 112 114 124 126
5 108 114 128 131 137
5 107 113 115 130 139
8 104 106 109 125 129 133 134 140
7 101 110 116 122 127 135 143
4 110 121 123 143
5 102 110 122 143 151
7 111 112 117 126 129 136 138
6 104 105 120 127 133 141
5 114 117 124 132 138
7 105 116 121 125 135 141 142
7 103 108 115 118 130 137 144
6 106 111 120 124 134 136
5 115 119 128 139 144
6 114 118 132 137 145 150
6 114 126 131 138 145 155
5 120 125 140 141 149
5 120 129 136 140 147
5 121 127 142 143 148
6 124 129 134 138 146 147
6 118 128 131 144 150 152
7 124 126 132 136 146 155 159
6 113 119 130 144 158 163
6 120 133 134 147 149 157
7 125 127 133 142 149 156 161
6 127 135 141 148 153 156
7 121 122 123 135 148 151 154
6 128 130 137 139 152 163
6 131 132 150 155 166 171
6 136 138 147 159 160 169
7 134 136 140 146 157 160 168
5 135 142 143 153 154
6 133 140 141 157 161 162
5 131 137 145 152 166
5 123 143 154 164 174
6 137 144 150 163 165 166
6 142 148 154 156 164 170
5 143 148 151 153 164
6 132 138 145 159 167 171
5 141 142 153 161 170
5 140 147 149 162 168
3 139 163 172
5 138 146 155 167 169
5 146 147 168 169 180
6 141 149 156 162 170 173
7 149 157 161 168 173 176 183
6 139 144 152 158 165 172
6 151 153 154 170 174 181
6 152 163 166 172 177 179
7 145 150 152 165 171 177 178
5 155 159 169 171 175
6 147 157 160 162 176 180
7 146 159 160 167 175 180 182
6 153 156 161 164 173 181
8 145 155 166 167 175 178 185 188
4 158 163 165 179
6 161 162 170 181 183 187
4 151 164 181 189
6 167 169 171 182 188 190
5 162 168 180 183 184
6 165 166 178 179 185 191
4 166 171 177 185
4 165 172 177 191
7 160 168 169 176 182 184 186
6 164 170 173 174 187 189
6 169 175 180 186 190 192
7 162 173 176 184 187 193 194
5 176 180 183 186 193
6 171 177 178 188 191 195
6 180 182 184 192 193 196
6 173 181 183 189 194 197
6 171 175 185 190 195 198
4 174 181 187 197
5 175 182 188 192 198
4 177 179 185 195
6 182 186 190 196 198 199
6 183 184 186 194 196 200
5 183 187 193 197 200
5 185 188 191 198 199
5 186 192 193 199 200
3 187 189 194
5 188 190 192 195 199
5 192 195 196 198 200
4 193 194 196 199
END MAP
TURN 1
COMMAND LEFT START
MOVE A1 18
MOVE A2 100
COMMAND LEFT END
COMMAND RIGHT START
MOVE B2 182
MOVE B3 187
COMMAND RIGHT END
TURN 1 RESULT
TIME LEFT 6 5 RIGHT 0 5
MOVE A1 4
MOVE A2 4
MOVE B2 196
MOVE B3 194
END TURN 1
TURN 2
COMMAND LEFT START
COMMAND LEFT END
COMMAND RIGHT START
COMMAND RIGHT END
TURN 2 RESULT
TIME LEFT 0 5 RIGHT 0 5
MOVE A1 8
MOVE A2 14
MOVE B2 192
MOVE B3 187
END TURN 2
TURN 3
COMMAND LEFT START
COMMAND LEFT END
COMMAND RIGHT START
UPGRADE 187
COMMAND RIGHT END
TURN 3 RESULT
TIME LEFT 0 5 RIGHT 0 5
UPGRADE B 187
MOVE A1 18
MOVE A2 20
MOVE B2 182
END TURN 3
TURN 4
COMMAND LEFT START
UPGRADE 18
COMMAND LEFT END
COMMAND RIGHT START
COMMAND RIGHT END
TURN 4 RESULT
TIME LEFT 0 5 RIGHT 0 5
UPGRADE A 18
MOVE A2 40
END TURN 4
TURN 5
COMMAND LEFT START
COMMAND LEFT END
COMMAND RIGHT START
COMMAND RIGHT END
TURN 5 RESULT
TIME LEFT 0 5 RIGHT 0 5
MOVE A2 53
END TURN 5
TURN 6
COMMAND LEFT START
COMMAND LEFT END
COMMAND RIGHT START
COMMAND RIGHT END
TURN 6 RESULT
TIME LEFT 0 5 RIGHT 0 5
MOVE A2 64
END TURN 6
TURN 7
COMMAND LEFT START
COMMAND LEFT END
COMMAND RIGHT START
COMMAND RIGHT END
TURN 7 RESULT
TIME LEFT 0 5 RIGHT 0 5
MOVE A2 71
END TURN 7
TURN 8
COMMAND LEFT START
COMMAND LEFT END
COMMAND RIGHT START
COMMAND RIGHT END
TURN 8 RESULT
TIME LEFT 0 5 RIGHT 0 5
MOVE A2 89
END TURN 8
TURN 9
COMMAND LEFT START
COMMAND LEFT END
COMMAND RIGHT START
COMMAND RIGHT END
TURN 9 RESULT
TIME LEFT 0 5 RIGHT 0 5
MOVE A2 100
END TURN 9
TURN 10
COMMAND LEFT START
COMMAND LEFT END
COMMAND RIGHT START
COMMAND RIGHT END
TURN 10 RESULT
TIME LEFT 0 5 RIGHT 0 5
END TURN 10
TURN 11
COMMAND LEFT START
COMMAND LEFT END
COMMAND RIGHT START
COMMAND RIGHT END
TURN 11 RESULT
TIME LEFT 0 5 RIGHT 0 5
END TURN 11
TURN 12
COMMAND LEFT START
COMMAND LEFT END
COMMAND RIGHT START
COMMAND RIGHT END
TURN 12 RESULT
TIME LEFT 0 5 RIGHT 0 5
END TURN 12
TURN 13
COMMAND LEFT START
COMMAND LEFT END
COMMAND RIGHT START
COMMAND RIGHT END
TURN 13 RESULT
TIME LEFT 0 5 RIGHT 0 5
END TURN 13
TURN 14
COMMAND LEFT START
COMMAND LEFT END
COMMAND RIGHT START
UPGRADE 182
COMMAND RIGHT END
TURN 14 RESULT
TIME LEFT 0 5 RIGHT 0 5
UPGRADE B 182
END TURN 14
TURN 15
COMMAND LEFT START
UPGRADE 100
COMMAND LEFT END
COMMAND RIGHT START
COMMAND RIGHT END
TURN 15 RESULT
TIME LEFT 0 5 RIGHT 0 5
UPGRADE A 100
END TURN 15
TURN 16
COMMAND LEFT START
COMMAND LEFT END
COMMAND RIGHT START
COMMAND RIGHT END
TURN 16 RESULT
TIME LEFT 0 5 RIGHT 0 5
END TURN 16
TURN 17
COMMAND LEFT START
COMMAND LEFT END
COMMAND RIGHT START
TRAIN 1
COMMAND RIGHT END
TURN 17 RESULT
TIME LEFT 0 5 RIGHT 0 5
TRAIN B4
END TURN 17
TURN 18
COMMAND LEFT START
TRAIN 1
COMMAND LEFT END
COMMAND RIGHT START
MOVE B4 185
COMMAND RIGHT END
TURN 18 RESULT
TIME LEFT 0 5 RIGHT 0 5
TRAIN A4
MOVE B4 199
END TURN 18
TURN 19
COMMAND LEFT START
COMMAND LEFT END
COMMAND RIGHT START
COMMAND RIGHT END
TURN 19 RESULT
TIME LEFT 0 5 RIGHT 0 5
MOVE B4 198
END TURN 19
TURN 20
COMMAND LEFT START
COMMAND LEFT END
COMMAND RIGHT START
COMMAND RIGHT END
TURN 20 RESULT
TIME LEFT 0 5 RIGHT 0 5
MOVE B4 188
END TURN 20
TURN 21
COMMAND LEFT START
COMMAND LEFT END
COMMAND RIGHT START
COMMAND RIGHT END
TURN 21 RESULT
TIME LEFT 0 5 RIGHT 0 5
MOVE B4 185
END TURN 21
TURN 22
COMMAND LEFT START
COMMAND LEFT END
COMMAND RIGHT START
COMMAND RIGHT END
TURN 22 RESULT
TIME LEFT 0 5 RIGHT 0 5
END TURN 22
TURN 23
COMMAND LEFT START
COMMAND LEFT END
COMMAND RIGHT START
COMMAND RIGHT END
TURN 23 RESULT
TIME LEFT 0 5 RIGHT 0 5
END TURN 23
TURN 24
COMMAND LEFT START
COMMAND LEFT END
COMMAND RIGHT START
COMMAND RIGHT END
TURN 24 RESULT
TIME LEFT 0 5 RIGHT 0 5
END TURN 24
TURN 25
COMMAND LEFT START
COMMAND LEFT END
COMMAND RIGHT START
COMMAND RIGHT END
TURN 25 RESULT
TIME LEFT 0 5 RIGHT 0 5
END TURN 25
TURN 26
COMMAND LEFT START
COMMAND LEFT END
COMMAND RIGHT START
COMMAND RIGHT END
TURN 26 RESULT
TIME LEFT 0 5 RIGHT 0 5
END TURN 26
TURN 27
COMMAND LEFT START
COMMAND LEFT END
COMMAND RIGHT START
COMMAND RIGHT END
TURN 27 RESULT
TIME LEFT 0 5 RIGHT 0 5
END TURN 27
TURN 28
COMMAND LEFT START
COMMAND LEFT END
COMMAND RIGHT START
COMMAND RIGHT END
TURN 28 RESULT
TIME LEFT 0 5 RIGHT 0 5
END TURN 28
TURN 29
COMMAND LEFT START
COMMAND LEFT END
COMMAND RIGHT START
COMMAND RIGHT END
TURN 29 RESULT
TIME LEFT 0 5 RIGHT 0 5
END TURN 29
TURN 30
COMMAND LEFT START
MOVE A3 13
COMMAND LEFT END
COMMAND RIGHT START
COMMAND RIGHT END
TURN 30 RESULT
TIME LEFT 0 5 RIGHT 0 5
MOVE A3 6
END TURN 30
TURN 31
COMMAND LEFT START
COMMAND LEFT END
COMMAND RIGHT START
UPGRADE 185
COMMAND RIGHT END
TURN 31 RESULT
TIME LEFT 0 5 RIGHT 0 5
UPGRADE B 185
MOVE A3 13
END TURN 31
TURN 32
COMMAND LEFT START
UPGRADE 13
COMMAND LEFT END
COMMAND RIGHT START
COMMAND RIGHT END
TURN 32 RESULT
TIME LEFT 0 5 RIGHT 0 5
UPGRADE A 13
END TURN 32
TURN 33
COMMAND LEFT START
COMMAND LEFT END
COMMAND RIGHT START
COMMAND RIGHT END
TURN 33 RESULT
TIME LEFT 0 5 RIGHT 0 5
END TURN 33
TURN 34
COMMAND LEFT START
TRAIN 1
COMMAND LEFT END
COMMAND RIGHT START
TRAIN 1
COMMAND RIGHT END
TURN 34 RESULT
TIME LEFT 0 5 RIGHT 0 5
TRAIN A5 B5
END TURN 34
TURN 35
COMMAND LEFT START
COMMAND LEFT END
COMMAND RIGHT START
MOVE B5 182
COMMAND RIGHT END
TURN 35 RESULT
TIME LEFT 0 5 RIGHT 0 5
MOVE B5 196
END TURN 35
TURN 36
COMMAND LEFT START
COMMAND LEFT END
COMMAND RIGHT START
COMMAND RIGHT END
TURN 36 RESULT
TIME LEFT 0 5 RIGHT 0 5
MOVE B5 192
END TURN 36
TURN 37
COMMAND LEFT START
COMMAND LEFT END
COMMAND RIGHT START
MOVE B2 146
COMMAND RIGHT END
TURN 37 RESULT
TIME LEFT 0 5 RIGHT 0 5
MOVE B2 169
MOVE B5 182
END TURN 37
TURN 38
COMMAND LEFT START
COMMAND LEFT END
COMMAND RIGHT START
COMMAND RIGHT END
TURN 38 RESULT
TIME LEFT 0 5 RIGHT 0 5
MOVE B2 146
END TURN 38
TURN 39
COMMAND LEFT START
COMMAND LEFT END
COMMAND RIGHT START
COMMAND RIGHT END
TURN 39 RESULT
TIME LEFT 0 5 RIGHT 0 5
END TURN 39
TURN 40
COMMAND LEFT START
MOVE A5 15
COMMAND LEFT END
COMMAND RIGHT START
COMMAND RIGHT END
TURN 40 RESULT
TIME LEFT 0 5 RIGHT 0 5
MOVE A5 1
END TURN 40
TURN 41
COMMAND LEFT START
COMMAND LEFT END
COMMAND RIGHT START
COMMAND RIGHT END
TURN 41 RESULT
TIME LEFT 0 5 RIGHT 0 5
MOVE A5 2
END TURN 41
TURN 42
COMMAND LEFT START
COMMAND LEFT END
COMMAND RIGHT START
COMMAND RIGHT END
TURN 42 RESULT
TIME LEFT 0 5 RIGHT 0 5
MOVE A5 12
END TURN 42
TURN 43
COMMAND LEFT START
COMMAND LEFT END
COMMAND RIGHT START
COMMAND RIGHT END
TURN 43 RESULT
TIME LEFT 0 5 RIGHT 0 5
MOVE A5 15
END TURN 43
TURN 44
COMMAND LEFT START
UPGRADE 15
COMMAND LEFT END
COMMAND RIGHT START
UPGRADE 146
COMMAND RIGHT END
TURN 44 RESULT
TIME LEFT 0 5 RIGHT 0 5
UPGRADE A 15
UPGRADE B 146
END TURN 44
TURN 45
COMMAND LEFT START
COMMAND LEFT END
COMMAND RIGHT START
COMMAND RIGHT END
TURN 45 RESULT
TIME LEFT 0 5 RIGHT 0 5
END TURN 45
TURN 46
COMMAND LEFT START
TRAIN 1
COMMAND LEFT END
COMMAND RIGHT START
TRAIN 1
COMMAND RIGHT END
TURN 46 RESULT
TIME LEFT 0 5 RIGHT 0 5
TRAIN A6 B6
END TURN 46
TURN 47
COMMAND LEFT START
COMMAND LEFT END
COMMAND RIGHT START
MOVE B6 185
COMMAND RIGHT END
TURN 47 RESULT
TIME LEFT 0 5 RIGHT 0 5
MOVE B6 199
END TURN 47
TURN 48
COMMAND LEFT START
COMMAND LEFT END
COMMAND RIGHT START
COMMAND RIGHT END
TURN 48 RESULT
TIME LEFT 0 5 RIGHT 0 5
MOVE B6 198
END TURN 48
TURN 49
COMMAND LEFT START
COMMAND LEFT END
COMMAND RIGHT START
COMMAND RIGHT END
TURN 49 RESULT
TIME LEFT 0 5 RIGHT 0 5
MOVE B6 188
END TURN 49
TURN 50
COMMAND LEFT START
COMMAND LEFT END
COMMAND RIGHT START
MOVE B4 165
COMMAND RIGHT END
TURN 50 RESULT
TIME LEFT 0 5 RIGHT 0 5
MOVE B4 177
MOVE B6 185
END TURN 50
TURN 51
COMMAND LEFT START
COMMAND LEFT END
COMMAND RIGHT START
COMMAND RIGHT END
TURN 51 RESULT
TIME LEFT 0 5 RIGHT 0 5
MOVE B4 165
END TURN 51
TURN 52
COMMAND LEFT START
COMMAND LEFT END
COMMAND RIGHT START
COMMAND RIGHT END
TURN 52 RESULT
TIME LEFT 0 5 RIGHT 0 5
END TURN 52
TURN 53
COMMAND LEFT START
COMMAND LEFT END
COMMAND RIGHT START
COMMAND RIGHT END
TURN 53 RESULT
TIME LEFT 0 5 RIGHT 0 5
END TURN 53
TURN 54
COMMAND LEFT START
COMMAND LEFT END
COMMAND RIGHT START
UPGRADE 165
COMMAND RIGHT END
TURN 54 RESULT
TIME LEFT 0 5 RIGHT 0 5
UPGRADE B 165
END TURN 54
TURN 55
COMMAND LEFT START
COMMAND LEFT END
COMMAND RIGHT START
COMMAND RIGHT END
TURN 55 RESULT
TIME LEFT 0 5 RIGHT 0 5
END TURN 55
TURN 56
COMMAND LEFT START
UPGRADE 0
COMMAND LEFT END
COMMAND RIGHT START
TRAIN 1
COMMAND RIGHT END
TURN 56 RESULT
TIME LEFT 0 5 RIGHT 0 5
UPGRADE A 0
TRAIN B7
END TURN 56
TURN 57
COMMAND LEFT START
COMMAND LEFT END
COMMAND RIGHT START
MOVE B7 187
COMMAND RIGHT END
TURN 57 RESULT
TIME LEFT 0 5 RIGHT 0 5
MOVE B7 194
END TURN 57
TURN 58
COMMAND LEFT START
COMMAND LEFT END
COMMAND RIGHT START
MOVE B3 125
COMMAND RIGHT END
TURN 58 RESULT
TIME LEFT 0 5 RIGHT 0 5
MOVE B3 173
MOVE B7 187
END TURN 58
TURN 59
COMMAND LEFT START
COMMAND LEFT END
COMMAND RIGHT START
COMMAND RIGHT END
TURN 59 RESULT
TIME LEFT 0 5 RIGHT 0 5
MOVE B3 161
END TURN 59
TURN 60
COMMAND LEFT START
COMMAND LEFT END
COMMAND RIGHT START
COMMAND RIGHT END
TURN 60 RESULT
TIME LEFT 0 5 RIGHT 0 5
MOVE B3 141
END TURN 60
TURN 61
COMMAND LEFT START
COMMAND LEFT END
COMMAND RIGHT START
COMMAND RIGHT END
TURN 61 RESULT
TIME LEFT 0 5 RIGHT 0 5
MOVE B3 125
END TURN 61
TURN 62
COMMAND LEFT START
COMMAND LEFT END
COMMAND RIGHT START
UPGRADE 125
COMMAND RIGHT END
TURN 62 RESULT
TIME LEFT 0 5 RIGHT 0 5
UPGRADE B 125
END TURN 62
TURN 63
COMMAND LEFT START
UPGRADE 13
COMMAND LEFT END
COMMAND RIGHT START
COMMAND RIGHT END
TURN 63 RESULT
TIME LEFT 0 5 RIGHT 0 5
UPGRADE A 13
END TURN 63
TURN 64
COMMAND LEFT START
COMMAND LEFT END
COMMAND RIGHT START
TRAIN 1
COMMAND RIGHT END
TURN 64 RESULT
TIME LEFT 0 5 RIGHT 0 5
TRAIN B8
END TURN 64
TURN 65
COMMAND LEFT START
TRAIN 1
COMMAND LEFT END
COMMAND RIGHT START
MOVE B8 185
COMMAND RIGHT END
TURN 65 RESULT
TIME LEFT 0 5 RIGHT 0 5
TRAIN A7
MOVE B8 199
END TURN 65
TURN 66
COMMAND LEFT START
MOVE A4 13
COMMAND LEFT END
COMMAND RIGHT START
COMMAND RIGHT END
TURN 66 RESULT
TIME LEFT 0 5 RIGHT 0 5
MOVE A4 6
MOVE B8 198
END TURN 66
TURN 67
COMMAND LEFT START
COMMAND LEFT END
COMMAND RIGHT START
COMMAND RIGHT END
TURN 67 RESULT
TIME LEFT 0 5 RIGHT 0 5
MOVE A4 13
MOVE B8 188
END TURN 67
TURN 68
COMMAND LEFT START
COMMAND LEFT END
COMMAND RIGHT START
MOVE B6 118
COMMAND RIGHT END
TURN 68 RESULT
TIME LEFT 0 5 RIGHT 0 5
MOVE B6 171
MOVE B8 185
END TURN 68
TURN 69
COMMAND LEFT START
COMMAND LEFT END
COMMAND RIGHT START
COMMAND RIGHT END
TURN 69 RESULT
TIME LEFT 0 5 RIGHT 0 5
MOVE B6 145
END TURN 69
TURN 70
COMMAND LEFT START
COMMAND LEFT END
COMMAND RIGHT START
COMMAND RIGHT END
TURN 70 RESULT
TIME LEFT 0 5 RIGHT 0 5
MOVE B6 131
END TURN 70
TURN 71
COMMAND LEFT START
COMMAND LEFT END
COMMAND RIGHT START
TRAIN 1
COMMAND RIGHT END
TURN 71 RESULT
TIME LEFT 0 5 RIGHT 0 5
TRAIN B9
MOVE B6 118
END TURN 71
TURN 72
COMMAND LEFT START
COMMAND LEFT END
COMMAND RIGHT START
MOVE B9 187
UPGRADE 118
COMMAND RIGHT END
TURN 72 RESULT
TIME LEFT 0 5 RIGHT 0 5
UPGRADE B 118
MOVE B9 194
END TURN 72
TURN 73
COMMAND LEFT START
COMMAND LEFT END
COMMAND RIGHT START
MOVE B7 125
COMMAND RIGHT END
TURN 73 RESULT
TIME LEFT 0 5 RIGHT 0 5
MOVE B7 173
MOVE B9 187
END TURN 73
TURN 74
COMMAND LEFT START
COMMAND LEFT END
COMMAND RIGHT START
COMMAND RIGHT END
TURN 74 RESULT
TIME LEFT 0 5 RIGHT 0 5
MOVE B7 161
END TURN 74
TURN 75
COMMAND LEFT START
COMMAND LEFT END
COMMAND RIGHT START
COMMAND RIGHT END
TURN 75 RESULT
TIME LEFT 0 5 RIGHT 0 5
MOVE B7 141
END TURN 75
TURN 76
COMMAND LEFT START
UPGRADE 0
COMMAND LEFT END
COMMAND RIGHT START
MOVE B3 97
COMMAND RIGHT END
TURN 76 RESULT
TIME LEFT 0 5 RIGHT 0 5
UPGRADE A 0
MOVE B3 105
MOVE B7 125
END TURN 76
TURN 77
COMMAND LEFT START
TRAIN 1
COMMAND LEFT END
COMMAND RIGHT START
TRAIN 1
COMMAND RIGHT END
TURN 77 RESULT
TIME LEFT 0 5 RIGHT 0 5
TRAIN A8 B10
MOVE B3 97
END TURN 77
TURN 78
COMMAND LEFT START
COMMAND LEFT END
COMMAND RIGHT START
MOVE B10 149
UPGRADE 97
COMMAND RIGHT END
TURN 78 RESULT
TIME LEFT 0 5 RIGHT 0 5
UPGRADE B 97
MOVE B10 193
END TURN 78
TURN 79
COMMAND LEFT START
COMMAND LEFT END
COMMAND RIGHT START
TRAIN 1
COMMAND RIGHT END
TURN 79 RESULT
TIME LEFT 0 5 RIGHT 0 5
TRAIN B11
MOVE B10 183
END TURN 79
TURN 80
COMMAND LEFT START
COMMAND LEFT END
COMMAND RIGHT START
MOVE B11 182
TRAIN 1
COMMAND RIGHT END
TURN 80 RESULT
TIME LEFT 0 5 RIGHT 0 5
TRAIN B12
MOVE B10 162
MOVE B11 196
END TURN 80
TURN 81
COMMAND LEFT START
COMMAND LEFT END
COMMAND RIGHT START
MOVE B12 187
TRAIN 1
COMMAND RIGHT END
TURN 81 RESULT
TIME LEFT 0 5 RIGHT 0 5
TRAIN B13
MOVE B10 149
MOVE B11 192
MOVE B12 194
END TURN 81
TURN 82
COMMAND LEFT START
COMMAND LEFT END
COMMAND RIGHT START
MOVE B5 146
MOVE B9 125
MOVE B13 185
TRAIN 1
COMMAND RIGHT END
TURN 82 RESULT
TIME LEFT 0 5 RIGHT 0 5
TRAIN B14
MOVE B5 169
MOVE B9 173
MOVE B11 182
MOVE B12 187
MOVE B13 199
END TURN 82
TURN 83
COMMAND LEFT START
UPGRADE 15
COMMAND LEFT END
COMMAND RIGHT START
MOVE B2 100
MOVE B14 160
COMMAND RIGHT END
TURN 83 RESULT
TIME LEFT 0 5 RIGHT 0 5
UPGRADE A 15
MOVE B2 136
MOVE B5 146
MOVE B9 161
MOVE B13 198
MOVE B14 196
END TURN 83
TURN 84
COMMAND LEFT START
TRAIN 1
COMMAND LEFT END
COMMAND RIGHT START
COMMAND RIGHT END
TURN 84 RESULT
TIME LEFT 0 5 RIGHT 0 5
TRAIN A9
MOVE B2 129
MOVE B9 141
MOVE B13 188
MOVE B14 186
END TURN 84
TURN 85
COMMAND LEFT START
MOVE A6 15
COMMAND LEFT END
COMMAND RIGHT START
MOVE B7 82
MOVE B8 165
COMMAND RIGHT END
TURN 85 RESULT
TIME LEFT 0 5 RIGHT 0 5
MOVE A6 1
MOVE B2 111
MOVE B7 105
MOVE B8 177
MOVE B9 125
MOVE B13 185
MOVE B14 180
END TURN 85
TURN 86
COMMAND LEFT START
COMMAND LEFT END
COMMAND RIGHT START
MOVE B4 103
COMMAND RIGHT END
TURN 86 RESULT
TIME LEFT 0 5 RIGHT 0 5
MOVE A6 2
MOVE B2 100
MOVE B4 152
MOVE B7 92
MOVE B8 165
MOVE B14 160
DAMAGE TURRET B2 1
DAMAGE COMBAT A2 1
DAMAGE COMBAT B2 1
END TURN 86
TURN 87
COMMAND LEFT START
COMMAND LEFT END
COMMAND RIGHT START
COMMAND RIGHT END
TURN 87 RESULT
TIME LEFT 0 5 RIGHT 0 5
MOVE A6 12
MOVE B4 137
MOVE B7 82
DAMAGE TURRET B2 1
DAMAGE COMBAT A2 1
DAMAGE COMBAT B2 1
END TURN 87
TURN 88
COMMAND LEFT START
COMMAND LEFT END
COMMAND RIGHT START
UPGRADE 200
COMMAND RIGHT END
TURN 88 RESULT
TIME LEFT 0 5 RIGHT 0 5
UPGRADE B 200
MOVE A6 15
MOVE B4 128
END TURN 88
TURN 89
COMMAND LEFT START
UPGRADE 18
COMMAND LEFT END
COMMAND RIGHT START
MOVE B14 200
TRAIN 1
COMMAND RIGHT END
TURN 89 RESULT
TIME LEFT 0 5 RIGHT 0 5
UPGRADE A 18
TRAIN B15
MOVE B4 103
MOVE B14 180
END TURN 89
TURN 90
COMMAND LEFT START
TRAIN 1
COMMAND LEFT END
COMMAND RIGHT START
MOVE B15 160
COMMAND RIGHT END
TURN 90 RESULT
TIME LEFT 0 5 RIGHT 0 5
TRAIN A10
MOVE B14 186
MOVE B15 196
END TURN 90
TURN 91
COMMAND LEFT START
MOVE A7 18
COMMAND LEFT END
COMMAND RIGHT START
COMMAND RIGHT END
TURN 91 RESULT
TIME LEFT 0 5 RIGHT 0 5
MOVE A7 4
MOVE B14 196
MOVE B15 186
END TURN 91
TURN 92
COMMAND LEFT START
COMMAND LEFT END
COMMAND RIGHT START
COMMAND RIGHT END
TURN 92 RESULT
TIME LEFT 0 5 RIGHT 0 5
MOVE A7 8
MOVE B14 200
MOVE B15 180
END TURN 92
TURN 93
COMMAND LEFT START
COMMAND LEFT END
COMMAND RIGHT START
COMMAND RIGHT END
TURN 93 RESULT
TIME LEFT 0 5 RIGHT 0 5
MOVE A7 18
MOVE B15 160
END TURN 93
TURN 94
COMMAND LEFT START
COMMAND LEFT END
COMMAND RIGHT START
UPGRADE 82
COMMAND RIGHT END
TURN 94 RESULT
TIME LEFT 0 5 RIGHT 0 5
UPGRADE B 82
END TURN 94
TURN 95
COMMAND LEFT START
UPGRADE 100
COMMAND LEFT END
COMMAND RIGHT START
COMMAND RIGHT END
TURN 95 RESULT
TIME LEFT 0 5 RIGHT 0 5
UPGRADE A 100
END TURN 95
TURN 96
COMMAND LEFT START
TRAIN 1
COMMAND LEFT END
COMMAND RIGHT START
COMMAND RIGHT END
TURN 96 RESULT
TIME LEFT 0 5 RIGHT 0 5
TRAIN A11
END TURN 96
TURN 97
COMMAND LEFT START
MOVE A8 100
COMMAND LEFT END
COMMAND RIGHT START
COMMAND RIGHT END
TURN 97 RESULT
TIME LEFT 0 5 RIGHT 0 5
MOVE A8 4
END TURN 97
TURN 98
COMMAND LEFT START
COMMAND LEFT END
COMMAND RIGHT START
UPGRADE 82
COMMAND RIGHT END
TURN 98 RESULT
TIME LEFT 0 5 RIGHT 0 5
UPGRADE B 82
MOVE A8 14
END TURN 98
TURN 99
COMMAND LEFT START
COMMAND LEFT END
COMMAND RIGHT START
MOVE B10 125
MOVE B15 149
TRAIN 1
COMMAND RIGHT END
TURN 99 RESULT
TIME LEFT 0 5 RIGHT 0 5
TRAIN B16
MOVE A8 20
MOVE B10 133
MOVE B15 168
END TURN 99
TURN 100
COMMAND LEFT START
UPGRADE 13
COMMAND LEFT END
COMMAND RIGHT START
MOVE B9 82
MOVE B16 160
COMMAND RIGHT END
TURN 100 RESULT
TIME LEFT 0 5 RIGHT 0 5
UPGRADE A 13
MOVE A8 40
MOVE B9 105
MOVE B10 125
MOVE B15 157
MOVE B16 196
END TURN 100
TURN 101
COMMAND LEFT START
TRAIN 1
COMMAND LEFT END
COMMAND RIGHT START
COMMAND RIGHT END
TURN 101 RESULT
TIME LEFT 0 5 RIGHT 0 5
TRAIN A12
MOVE A8 53
MOVE B9 92
MOVE B15 149
MOVE B16 186
END TURN 101
TURN 102
COMMAND LEFT START
MOVE A9 13
COMMAND LEFT END
COMMAND RIGHT START
COMMAND RIGHT END
TURN 102 RESULT
TIME LEFT 0 5 RIGHT 0 5
MOVE A8 64
MOVE A9 6
MOVE B9 82
MOVE B16 180
END TURN 102
TURN 103
COMMAND LEFT START
COMMAND LEFT END
COMMAND RIGHT START
UPGRADE 97
COMMAND RIGHT END
TURN 103 RESULT
TIME LEFT 0 5 RIGHT 0 5
UPGRADE B 97
MOVE A8 71
MOVE A9 13
MOVE B16 160
END TURN 103
TURN 104
COMMAND LEFT START
COMMAND LEFT END
COMMAND RIGHT START
MOVE B9 97
MOVE B15 125
MOVE B16 149
TRAIN 1
COMMAND RIGHT END
TURN 104 RESULT
TIME LEFT 0 5 RIGHT 0 5
TRAIN B17
MOVE A8 89
MOVE B9 92
MOVE B15 133
MOVE B16 168
END TURN 104
TURN 105
COMMAND LEFT START
COMMAND LEFT END
COMMAND RIGHT START
MOVE B10 82
MOVE B17 160
COMMAND RIGHT END
TURN 105 RESULT
TIME LEFT 0 5 RIGHT 0 5
MOVE A8 100
MOVE B9 97
MOVE B10 105
MOVE B15 125
MOVE B16 157
MOVE B17 196
END TURN 105
TURN 106
COMMAND LEFT START
UPGRADE 15
COMMAND LEFT END
COMMAND RIGHT START
COMMAND RIGHT END
TURN 106 RESULT
TIME LEFT 0 5 RIGHT 0 5
UPGRADE A 15
MOVE B10 92
MOVE B16 149
MOVE B17 186
END TURN 106
TURN 107
COMMAND LEFT START
TRAIN 1
COMMAND LEFT END
COMMAND RIGHT START
COMMAND RIGHT END
TURN 107 RESULT
TIME LEFT 0 5 RIGHT 0 5
TRAIN A13
MOVE B10 82
MOVE B17 180
END TURN 107
TURN 108
COMMAND LEFT START
MOVE A10 15
COMMAND LEFT END
COMMAND RIGHT START
UPGRADE 118
COMMAND RIGHT END
TURN 108 RESULT
TIME LEFT 0 5 RIGHT 0 5
UPGRADE B 118
MOVE A10 1
MOVE B17 160
END TURN 108
TURN 109
COMMAND LEFT START
COMMAND LEFT END
COMMAND RIGHT START
MOVE B4 118
MOVE B17 146
TRAIN 1
COMMAND RIGHT END
TURN 109 RESULT
TIME LEFT 0 5 RIGHT 0 5
TRAIN B18
MOVE A10 2
MOVE B4 108
MOVE B17 146
END TURN 109
TURN 110
COMMAND LEFT START
UPGRADE 18
COMMAND LEFT END
COMMAND RIGHT START
MOVE B17 103
MOVE B18 160
COMMAND RIGHT END
TURN 110 RESULT
TIME LEFT 0 5 RIGHT 0 5
UPGRADE A 18
MOVE A10 12
MOVE B4 118
MOVE B17 138
MOVE B18 196
END TURN 110
TURN 111
COMMAND LEFT START
TRAIN 1
COMMAND LEFT END
COMMAND RIGHT START
COMMAND RIGHT END
TURN 111 RESULT
TIME LEFT 0 5 RIGHT 0 5
TRAIN A14
MOVE A10 15
MOVE B17 126
MOVE B18 186
END TURN 111
TURN 112
COMMAND LEFT START
MOVE A11 18
COMMAND LEFT END
COMMAND RIGHT START
UPGRADE 125
COMMAND RIGHT END
TURN 112 RESULT
TIME LEFT 0 5 RIGHT 0 5
UPGRADE B 125
MOVE A11 4
MOVE B17 114
MOVE B18 180
END TURN 112
TURN 113
COMMAND LEFT START
COMMAND LEFT END
COMMAND RIGHT START
MOVE B16 125
TRAIN 1
COMMAND RIGHT END
TURN 113 RESULT
TIME LEFT 0 5 RIGHT 0 5
TRAIN B19
MOVE A11 8
MOVE B16 133
MOVE B17 108
MOVE B18 160
END TURN 113
TURN 114
COMMAND LEFT START
COMMAND LEFT END
COMMAND RIGHT START
MOVE B18 149
MOVE B19 160
COMMAND RIGHT END
TURN 114 RESULT
TIME LEFT 0 5 RIGHT 0 5
MOVE A11 18
MOVE B16 125
MOVE B17 103
MOVE B18 168
MOVE B19 196
END TURN 114
TURN 115
COMMAND LEFT START
UPGRADE 100
TRAIN 1
COMMAND LEFT END
COMMAND RIGHT START
COMMAND RIGHT END
TURN 115 RESULT
TIME LEFT 0 5 RIGHT 0 5
UPGRADE A 100
TRAIN A15
MOVE B18 157
MOVE B19 186
END TURN 115
TURN 116
COMMAND LEFT START
MOVE A12 100
COMMAND LEFT END
COMMAND RIGHT START
UPGRADE 146
COMMAND RIGHT END
TURN 116 RESULT
TIME LEFT 0 5 RIGHT 0 5
UPGRADE B 146
MOVE A12 4
MOVE B18 149
MOVE B19 180
END TURN 116
TURN 117
COMMAND LEFT START
COMMAND LEFT END
COMMAND RIGHT START
MOVE B17 146
MOVE B18 146
TRAIN 1
COMMAND RIGHT END
TURN 117 RESULT
TIME LEFT 0 5 RIGHT 0 5
TRAIN B20
MOVE A12 14
MOVE B17 108
MOVE B18 140
MOVE B19 160
END TURN 117
TURN 118
COMMAND LEFT START
COMMAND LEFT END
COMMAND RIGHT START
MOVE B19 146
MOVE B20 160
COMMAND RIGHT END
TURN 118 RESULT
TIME LEFT 0 5 RIGHT 0 5
MOVE A12 20
MOVE B17 114
MOVE B18 147
MOVE B19 146
MOVE B20 196
END TURN 118
TURN 119
COMMAND LEFT START
TRAIN 1
COMMAND LEFT END
COMMAND RIGHT START
MOVE B19 103
COMMAND RIGHT END
TURN 119 RESULT
TIME LEFT 0 5 RIGHT 0 5
TRAIN A16
MOVE A12 40
MOVE B17 126
MOVE B18 146
MOVE B19 138
MOVE B20 186
END TURN 119
TURN 120
COMMAND LEFT START
TRAIN 2
COMMAND LEFT END
COMMAND RIGHT START
UPGRADE 165
COMMAND RIGHT END
TURN 120 RESULT
TIME LEFT 0 5 RIGHT 0 5
UPGRADE B 165
TRAIN A17 A18
MOVE A12 53
MOVE B17 138
MOVE B19 126
MOVE B20 180
END TURN 120
TURN 121
COMMAND LEFT START
MOVE A18 54
COMMAND LEFT END
COMMAND RIGHT START
MOVE B6 165
MOVE B10 118
MOVE B18 149
TRAIN 1
COMMAND RIGHT END
TURN 121 RESULT
TIME LEFT 0 5 RIGHT 0 5
TRAIN B21
MOVE A12 64
MOVE A18 4
MOVE B6 137
MOVE B10 86
MOVE B17 146
MOVE B18 147
MOVE B19 114
MOVE B20 160
END TURN 121
TURN 122
COMMAND LEFT START
MOVE A17 200
TRAIN 2
COMMAND LEFT END
COMMAND RIGHT START
MOVE B20 82
MOVE B21 160
COMMAND RIGHT END
TURN 122 RESULT
TIME LEFT 0 5 RIGHT 0 5
TRAIN A19 A20
MOVE A12 71
MOVE A17 4
MOVE A18 14
MOVE B6 152
MOVE B10 83
MOVE B18 140
MOVE B19 108
MOVE B20 147
MOVE B21 196
END TURN 122
TURN 123
COMMAND LEFT START
TRAIN 2
COMMAND LEFT END
COMMAND RIGHT START
UPGRADE 182
COMMAND RIGHT END
TURN 123 RESULT
TIME LEFT 0 5 RIGHT 0 5
UPGRADE B 182
TRAIN A21 A22
MOVE A12 89
MOVE A17 14
MOVE A18 20
MOVE B6 165
MOVE B10 88
MOVE B18 149
MOVE B19 103
MOVE B20 134
MOVE B21 186
END TURN 123
TURN 124
COMMAND LEFT START
MOVE A22 100
MOVE A21 100
MOVE A20 100
MOVE A19 100
MOVE A16 100
TRAIN 1
COMMAND LEFT END
COMMAND RIGHT START
MOVE B17 182
MOVE B18 146
MOVE B19 146
TRAIN 1
COMMAND RIGHT END
TURN 124 RESULT
TIME LEFT 0 5 RIGHT 0 5
TRAIN A23 B22
MOVE A12 100
MOVE A16 4
MOVE A17 20
MOVE A18 40
MOVE A19 4
MOVE A20 4
MOVE A21 4
MOVE A22 4
MOVE B10 100
MOVE B17 169
MOVE B18 140
MOVE B19 108
MOVE B20 120
MOVE B21 180
DAMAGE TURRET B10 2
DAMAGE COMBAT A2 1
DAMAGE COMBAT B10 2
END TURN 124
TURN 125
COMMAND LEFT START
MOVE A23 100
TRAIN 2
COMMAND LEFT END
COMMAND RIGHT START
MOVE B9 125
MOVE B22 187
TRAIN 1
COMMAND RIGHT END
TURN 125 RESULT
TIME LEFT 0 5 RIGHT 0 5
TRAIN A24 A25 B23
MOVE A16 14
MOVE A17 40
MOVE A18 54
MOVE A19 14
MOVE A20 14
MOVE A21 14
MOVE A22 14
MOVE A23 4
MOVE B9 105
MOVE B17 182
MOVE B18 147
MOVE B19 114
MOVE B20 109
MOVE B21 160
MOVE B22 194
END TURN 125
TURN 126
COMMAND LEFT START
MOVE A25 100
MOVE A24 100
UPGRADE 54
COMMAND LEFT END
COMMAND RIGHT START
MOVE B12 125
MOVE B15 118
MOVE B21 146
MOVE B23 160
COMMAND RIGHT END
TURN 126 RESULT
TIME LEFT 0 5 RIGHT 0 5
UPGRADE A 54
MOVE A16 20
MOVE A17 53
MOVE A19 20
MOVE A20 20
MOVE A21 20
MOVE A22 20
MOVE A23 14
MOVE A24 4
MOVE A25 4
MOVE B9 125
MOVE B12 173
MOVE B15 120
MOVE B18 146
MOVE B19 126
MOVE B20 86
MOVE B21 146
MOVE B22 187
MOVE B23 196
END TURN 126
TURN 127
COMMAND LEFT START
COMMAND LEFT END
COMMAND RIGHT START
MOVE B21 103
COMMAND RIGHT END
TURN 127 RESULT
TIME LEFT 0 5 RIGHT 0 5
MOVE A16 40
MOVE A17 64
MOVE A19 40
MOVE A20 40
MOVE A21 40
MOVE A22 40
MOVE A23 20
MOVE A24 14
MOVE A25 14
MOVE B12 161
MOVE B15 129
MOVE B19 138
MOVE B20 82
MOVE B21 138
MOVE B23 186
END TURN 127
TURN 128
COMMAND LEFT START
UPGRADE 54
COMMAND LEFT END
COMMAND RIGHT START
MOVE B18 149
UPGRADE 185
COMMAND RIGHT END
TURN 128 RESULT
TIME LEFT 0 5 RIGHT 0 5
UPGRADE A 54
UPGRADE B 185
MOVE A16 53
MOVE A17 71
MOVE A19 53
MOVE A20 53
MOVE A21 53
MOVE A22 53
MOVE A23 40
MOVE A24 20
MOVE A25 20
MOVE B12 141
MOVE B15 124
MOVE B18 147
MOVE B19 146
MOVE B21 126
MOVE B23 180
END TURN 128
TURN 129
COMMAND LEFT START
TRAIN 1
COMMAND LEFT END
COMMAND RIGHT START
MOVE B8 185
MOVE B9 97
MOVE B16 146
MOVE B20 125
TRAIN 1
COMMAND RIGHT END
TURN 129 RESULT
TIME LEFT 0 5 RIGHT 0 5
TRAIN A26 B24
MOVE A16 64
MOVE A17 89
MOVE A19 64
MOVE A20 64
MOVE A21 64
MOVE A22 64
MOVE A23 53
MOVE A24 40
MOVE A25 40
MOVE B8 177
MOVE B9 105
MOVE B12 125
MOVE B15 117
MOVE B16 133
MOVE B18 140
MOVE B20 92
MOVE B21 114
MOVE B23 160
END TURN 129
TURN 130
COMMAND LEFT START
MOVE A13 54
COMMAND LEFT END
COMMAND RIGHT START
MOVE B23 82
MOVE B24 160
COMMAND RIGHT END
TURN 130 RESULT
TIME LEFT 0 5 RIGHT 0 5
MOVE A13 4
MOVE A16 71
MOVE A17 100
MOVE A19 71
MOVE A20 71
MOVE A21 71
MOVE A22 71
MOVE A23 64
MOVE A24 53
MOVE A25 53
MOVE B8 185
MOVE B9 97
MOVE B15 114
MOVE B16 140
MOVE B18 149
MOVE B20 105
MOVE B21 108
MOVE B23 147
MOVE B24 196
END TURN 130
TURN 131
COMMAND LEFT START
COMMAND LEFT END
COMMAND RIGHT START
COMMAND RIGHT END
TURN 131 RESULT
TIME LEFT 0 5 RIGHT 0 5
MOVE A13 14
MOVE A16 89
MOVE A17 111
MOVE A19 89
MOVE A20 89
MOVE A21 89
MOVE A22 89
MOVE A23 71
MOVE A24 64
MOVE A25 64
MOVE B15 118
MOVE B16 147
MOVE B20 125
MOVE B21 103
MOVE B23 134
MOVE B24 186
END TURN 131
TURN 132
COMMAND LEFT START
UPGRADE 54
COMMAND LEFT END
COMMAND RIGHT START
MOVE B19 165
UPGRADE 187
TRAIN 1
COMMAND RIGHT END
TURN 132 RESULT
TIME LEFT 0 5 RIGHT 0 5
UPGRADE A 54
UPGRADE B 187
TRAIN B25
MOVE A13 20
MOVE A16 100
MOVE A17 129
MOVE A19 100
MOVE A20 100
MOVE A21 100
MOVE A22 100
MOVE A23 89
MOVE A24 71
MOVE A25 71
MOVE B16 146
MOVE B19 159
MOVE B23 120
MOVE B24 180
END TURN 132
TURN 133
COMMAND LEFT START
MOVE A2 54
COMMAND LEFT END
COMMAND RIGHT START
MOVE B18 187
MOVE B25 149
TRAIN 1
COMMAND RIGHT END
TURN 133 RESULT
TIME LEFT 0 5 RIGHT 0 5
TRAIN B26
MOVE A2 89
MOVE A13 40
MOVE A17 136
MOVE A23 100
MOVE A24 89
MOVE A25 89
MOVE B18 161
MOVE B19 167
MOVE B23 109
MOVE B24 160
MOVE B25 193
END TURN 133
TURN 134
COMMAND LEFT START
MOVE A23 146
MOVE A22 146
MOVE A21 146
MOVE A20 146
MOVE A19 146
MOVE A16 146
COMMAND LEFT END
COMMAND RIGHT START
MOVE B26 187
TRAIN 1
COMMAND RIGHT END
TURN 134 RESULT
TIME LEFT 0 5 RIGHT 0 5
TRAIN B27
MOVE A2 71
MOVE A13 54
MOVE A16 111
MOVE A17 147
MOVE A19 111
MOVE A20 111
MOVE A21 111
MOVE A22 111
MOVE A23 111
MOVE A24 100
MOVE A25 100
MOVE B18 173
MOVE B19 171
MOVE B23 86
MOVE B25 183
MOVE B26 194
END TURN 134
TURN 135
COMMAND LEFT START
COMMAND LEFT END
COMMAND RIGHT START
MOVE B22 125
MOVE B27 187
TRAIN 1
COMMAND RIGHT END
TURN 135 RESULT
TIME LEFT 0 5 RIGHT 0 5
TRAIN B28
MOVE A2 64
MOVE A16 129
MOVE A17 160
MOVE A19 129
MOVE A20 129
MOVE A21 129
MOVE A22 129
MOVE A23 129
MOVE B18 187
MOVE B19 166
MOVE B22 173
MOVE B23 82
MOVE B25 162
MOVE B26 187
MOVE B27 194
DAMAGE COMBAT A17 1
DAMAGE COMBAT B24 1
END TURN 135
TURN 136
COMMAND LEFT START
TRAIN 2
COMMAND LEFT END
COMMAND RIGHT START
MOVE B18 125
UPGRADE 103
TRAIN 1
COMMAND RIGHT END
TURN 136 RESULT
TIME LEFT 0 5 RIGHT 0 5
UPGRADE B 103
TRAIN A27 A28 B29
MOVE A2 54
MOVE A16 136
MOVE A19 136
MOVE A20 136
MOVE A21 136
MOVE A22 136
MOVE A23 136
MOVE B18 173
MOVE B19 165
MOVE B22 161
MOVE B25 149
MOVE B27 187
DAMAGE COMBAT A17 1
DAMAGE COMBAT B24 1
END TURN 136
TURN 137
COMMAND LEFT START
MOVE A28 35
MOVE A27 100
COMMAND LEFT END
COMMAND RIGHT START
MOVE B29 187
TRAIN 1
COMMAND RIGHT END
TURN 137 RESULT
TIME LEFT 0 5 RIGHT 0 5
TRAIN B30
MOVE A16 146
MOVE A19 146
MOVE A20 146
MOVE A21 146
MOVE A22 146
MOVE A23 146
MOVE A27 4
MOVE A28 1
MOVE B18 161
MOVE B22 141
MOVE B29 194
DAMAGE TURRET A16 1
DAMAGE COMBAT A16 2
DAMAGE COMBAT A17 1
DAMAGE COMBAT B5 4
DAMAGE COMBAT B16 2
DAMAGE COMBAT B24 1
END TURN 137
TURN 138
COMMAND LEFT START
COMMAND LEFT END
COMMAND RIGHT START
MOVE B3 125
MOVE B4 146
MOVE B12 146
MOVE B13 146
MOVE B15 146
MOVE B17 146
MOVE B19 103
MOVE B20 146
MOVE B21 118
MOVE B23 125
MOVE B25 146
MOVE B26 125
MOVE B27 149
MOVE B30 182
TRAIN 1
COMMAND RIGHT END
TURN 138 RESULT
TIME LEFT 0 5 RIGHT 0 5
TRAIN B31
MOVE A27 14
MOVE A28 2
MOVE B3 105
MOVE B4 131
MOVE B12 133
MOVE B13 171
MOVE B15 131
MOVE B17 169
MOVE B18 141
MOVE B19 152
MOVE B20 133
MOVE B21 108
MOVE B22 125
MOVE B23 92
MOVE B25 140
MOVE B26 173
MOVE B27 173
MOVE B29 187
MOVE B30 196
DAMAGE TURRET A16 1
DAMAGE COMBAT A16 1
DAMAGE COMBAT A17 1
DAMAGE COMBAT B16 3
DAMAGE COMBAT B24 1
SIEGE B 146 3
END TURN 138
TURN 139
COMMAND LEFT START
COMMAND LEFT END
COMMAND RIGHT START
MOVE B22 146
MOVE B31 185
TRAIN 1
COMMAND RIGHT END
TURN 139 RESULT
TIME LEFT 0 5 RIGHT 0 5
TRAIN B32
MOVE A27 20
MOVE A28 12
MOVE B3 125
MOVE B4 132
MOVE B12 140
MOVE B13 167
MOVE B15 132
MOVE B17 146
MOVE B18 125
MOVE B19 137
MOVE B20 140
MOVE B21 118
MOVE B22 133
MOVE B23 105
MOVE B25 147
MOVE B26 161
MOVE B27 161
MOVE B30 192
MOVE B31 199
DAMAGE TURRET A16 1
DAMAGE COMBAT A17 1
DAMAGE COMBAT A19 1
DAMAGE COMBAT B17 5
DAMAGE COMBAT B24 1
SIEGE B 146 1
END TURN 139
TURN 140
COMMAND LEFT START
COMMAND LEFT END
COMMAND RIGHT START
MOVE B3 187
MOVE B18 146
MOVE B32 185
TRAIN 1
COMMAND RIGHT END
TURN 140 RESULT
TIME LEFT 0 5 RIGHT 0 5
TRAIN B33
MOVE A17 180
MOVE A27 40
MOVE A28 15
MOVE B3 141
MOVE B4 138
MOVE B12 147
MOVE B13 159
MOVE B15 138
MOVE B18 133
MOVE B19 128
MOVE B20 147
MOVE B22 140
MOVE B23 125
MOVE B25 146
MOVE B26 141
MOVE B27 149
MOVE B30 182
MOVE B31 198
MOVE B32 199
DAMAGE TURRET A19 1
DAMAGE COMBAT A19 1
DAMAGE COMBAT B25 5
END TURN 140
TURN 141
COMMAND LEFT START
COMMAND LEFT END
COMMAND RIGHT START
MOVE B30 146
MOVE B33 182
TRAIN 1
COMMAND RIGHT END
TURN 141 RESULT
TIME LEFT 0 5 RIGHT 0 5
TRAIN B34
MOVE A17 186
MOVE A27 53
MOVE A28 23
MOVE B3 161
MOVE B4 146
MOVE B12 146
MOVE B13 146
MOVE B15 146
MOVE B18 140
MOVE B19 103
MOVE B20 146
MOVE B22 147
MOVE B26 125
MOVE B30 169
MOVE B31 188
MOVE B32 198
MOVE B33 196
DAMAGE TURRET A19 1
DAMAGE COMBAT A19 2
DAMAGE COMBAT A20 3
DAMAGE COMBAT B4 4
DAMAGE COMBAT B12 1
END TURN 141
TURN 142
COMMAND LEFT START
TRAIN 2
COMMAND LEFT END
COMMAND RIGHT START
MOVE B34 185
TRAIN 1
COMMAND RIGHT END
TURN 142 RESULT
TIME LEFT 0 5 RIGHT 0 5
TRAIN A29 A30 B35
MOVE A17 196
MOVE A27 64
MOVE A28 35
MOVE B3 173
MOVE B18 147
MOVE B22 146
MOVE B30 146
MOVE B31 185
MOVE B32 188
MOVE B33 192
MOVE B34 199
DAMAGE TURRET A20 1
DAMAGE COMBAT A20 2
DAMAGE COMBAT A21 4
DAMAGE COMBAT B12 3
DAMAGE COMBAT B13 1
END TURN 142
TURN 143
COMMAND LEFT START
MOVE A30 100
MOVE A29 100
UPGRADE 35
TRAIN 2
COMMAND LEFT END
COMMAND RIGHT START
MOVE B31 165
MOVE B35 187
TRAIN 1
COMMAND RIGHT END
TURN 143 RESULT
TIME LEFT 0 5 RIGHT 0 5
UPGRADE A 35
TRAIN A31 A32 B36
MOVE A17 200
MOVE A27 71
MOVE A29 4
MOVE A30 4
MOVE B3 187
MOVE B18 146
MOVE B31 177
MOVE B32 185
MOVE B33 182
MOVE B34 198
MOVE B35 194
DAMAGE TURRET A17 1
DAMAGE TURRET A21 1
DAMAGE COMBAT A21 1
DAMAGE COMBAT A22 5
DAMAGE COMBAT B1 1
DAMAGE COMBAT B13 3
END TURN 143
TURN 144
COMMAND LEFT START
MOVE A32 100
MOVE A31 100
UPGRADE 35
COMMAND LEFT END
COMMAND RIGHT START
MOVE B14 149
MOVE B27 125
MOVE B29 125
MOVE B36 160
COMMAND RIGHT END
TURN 144 RESULT
TIME LEFT 0 5 RIGHT 0 5
UPGRADE A 35
MOVE A27 89
MOVE A29 14
MOVE A30 14
MOVE A31 4
MOVE A32 4
MOVE B14 193
MOVE B27 133
MOVE B29 173
MOVE B31 165
MOVE B34 188
MOVE B35 187
MOVE B36 196
DAMAGE TURRET A22 1
DAMAGE COMBAT A23 5
DAMAGE COMBAT B15 2
END TURN 144
TURN 145
COMMAND LEFT START
MOVE A8 35
UPGRADE 35
COMMAND LEFT END
COMMAND RIGHT START
MOVE B23 82
MOVE B32 118
UPGRADE 103
COMMAND RIGHT END
TURN 145 RESULT
TIME LEFT 0 5 RIGHT 0 5
UPGRADE A 35
UPGRADE B 103
MOVE A8 88
MOVE A27 100
MOVE A29 20
MOVE A30 20
MOVE A31 14
MOVE A32 14
MOVE B14 183
MOVE B23 105
MOVE B27 125
MOVE B29 161
MOVE B32 171
MOVE B34 185
MOVE B36 186
DAMAGE TURRET A23 1
DAMAGE COMBAT B15 1
END TURN 145
TURN 146
COMMAND LEFT START
MOVE A12 35
TRAIN 1
COMMAND LEFT END
COMMAND RIGHT START
MOVE B15 103
MOVE B20 182
MOVE B30 182
COMMAND RIGHT END
TURN 146 RESULT
TIME LEFT 0 5 RIGHT 0 5
TRAIN A33
MOVE A8 83
MOVE A12 88
MOVE A29 40
MOVE A30 40
MOVE A31 20
MOVE A32 20
MOVE B14 162
MOVE B15 138
MOVE B20 169
MOVE B23 92
MOVE B29 141
MOVE B30 169
MOVE B32 145
MOVE B36 180
END TURN 146
TURN 147
COMMAND LEFT START
MOVE A33 100
TRAIN 2
COMMAND LEFT END
COMMAND RIGHT START
MOVE B11 200
MOVE B26 97
MOVE B33 200
COMMAND RIGHT END
TURN 147 RESULT
TIME LEFT 0 5 RIGHT 0 5
TRAIN A34 A35
MOVE A8 74
MOVE A12 83
MOVE A29 53
MOVE A30 53
MOVE A31 40
MOVE A32 40
MOVE A33 4
MOVE B11 192
MOVE B14 149
MOVE B15 126
MOVE B20 182
MOVE B23 82
MOVE B26 105
MOVE B29 125
MOVE B30 182
MOVE B32 131
MOVE B33 192
MOVE B36 160
END TURN 147
TURN 148
COMMAND LEFT START
MOVE A35 75
MOVE A34 100
COMMAND LEFT END
COMMAND RIGHT START
UPGRADE 82
COMMAND RIGHT END
TURN 148 RESULT
TIME LEFT 0 5 RIGHT 0 5
UPGRADE B 82
MOVE A8 68
MOVE A12 74
MOVE A29 64
MOVE A30 64
MOVE A31 53
MOVE A32 53
MOVE A33 14
MOVE A34 4
MOVE A35 7
MOVE B11 196
MOVE B15 114
MOVE B26 97
MOVE B32 118
MOVE B33 196
END TURN 148
TURN 149
COMMAND LEFT START
COMMAND LEFT END
COMMAND RIGHT START
MOVE B14 125
MOVE B36 149
TRAIN 1
COMMAND RIGHT END
TURN 149 RESULT
TIME LEFT 0 5 RIGHT 0 5
TRAIN B37
MOVE A8 55
MOVE A12 68
MOVE A29 71
MOVE A30 71
MOVE A31 64
MOVE A32 64
MOVE A33 20
MOVE A34 14
MOVE A35 17
MOVE B11 200
MOVE B14 133
MOVE B15 108
MOVE B33 200
MOVE B36 168
END TURN 149
TURN 150
COMMAND LEFT START
COMMAND LEFT END
COMMAND RIGHT START
MOVE B11 160
MOVE B27 82
MOVE B33 187
MOVE B37 187
TRAIN 1
COMMAND RIGHT END
TURN 150 RESULT
TIME LEFT 0 5 RIGHT 0 5
TRAIN B38
MOVE A8 34
MOVE A12 55
MOVE A29 89
MOVE A30 89
MOVE A31 71
MOVE A32 71
MOVE A33 40
MOVE A34 20
MOVE A35 38
MOVE B11 196
MOVE B14 125
MOVE B15 103
MOVE B27 105
MOVE B33 194
MOVE B36 157
MOVE B37 194
END TURN 150
TURN 151
COMMAND LEFT START
COMMAND LEFT END
COMMAND RIGHT START
MOVE B35 125
MOVE B38 187
UPGRADE 97
TRAIN 1
COMMAND RIGHT END
TURN 151 RESULT
TIME LEFT 0 5 RIGHT 0 5
UPGRADE B 97
TRAIN B39
MOVE A8 35
MOVE A12 34
MOVE A29 100
MOVE A30 100
MOVE A31 89
MOVE A32 89
MOVE A33 53
MOVE A34 40
MOVE A35 51
MOVE B11 186
MOVE B27 92
MOVE B33 187
MOVE B35 173
MOVE B36 149
MOVE B37 187
MOVE B38 194
END TURN 151
TURN 152
COMMAND LEFT START
COMMAND LEFT END
COMMAND RIGHT START
MOVE B23 97
MOVE B33 125
MOVE B36 125
MOVE B37 149
MOVE B39 187
TRAIN 1
COMMAND RIGHT END
TURN 152 RESULT
TIME LEFT 0 5 RIGHT 0 5
TRAIN B40
MOVE A12 35
MOVE A31 100
MOVE A32 100
MOVE A33 64
MOVE A34 53
MOVE A35 67
MOVE B11 180
MOVE B23 92
MOVE B27 82
MOVE B33 173
MOVE B35 161
MOVE B36 133
MOVE B37 173
MOVE B38 187
MOVE B39 194
END TURN 152
TURN 153
COMMAND LEFT START
COMMAND LEFT END
COMMAND RIGHT START
MOVE B29 82
MOVE B38 125
MOVE B40 187
TRAIN 1
COMMAND RIGHT END
TURN 153 RESULT
TIME LEFT 0 5 RIGHT 0 5
TRAIN B41
MOVE A33 71
MOVE A34 64
MOVE A35 75
MOVE B11 160
MOVE B23 97
MOVE B29 105
MOVE B33 161
MOVE B35 141
MOVE B36 125
MOVE B37 161
MOVE B38 173
MOVE B39 187
MOVE B40 194
END TURN 153
TURN 154
COMMAND LEFT START
MOVE A24 0
MOVE A32 103
MOVE A31 103
MOVE A30 103
MOVE A29 103
UPGRADE 0
COMMAND LEFT END
COMMAND RIGHT START
MOVE B36 82
MOVE B39 125
MOVE B41 187
TRAIN 1
COMMAND RIGHT END
TURN 154 RESULT
TIME LEFT 0 5 RIGHT 0 5
UPGRADE A 0
TRAIN B42
MOVE A24 89
MOVE A29 112
MOVE A30 112
MOVE A31 112
MOVE A32 112
MOVE A33 89
MOVE A34 71
MOVE B29 92
MOVE B33 141
MOVE B35 125
MOVE B36 105
MOVE B37 149
MOVE B38 161
MOVE B39 173
MOVE B40 187
MOVE B41 194
END TURN 154
TURN 155
COMMAND LEFT START
COMMAND LEFT END
COMMAND RIGHT START
MOVE B35 82
MOVE B40 125
MOVE B42 187
UPGRADE 103
TRAIN 1
COMMAND RIGHT END
TURN 155 RESULT
TIME LEFT 0 5 RIGHT 0 5
UPGRADE B 103
TRAIN B43
MOVE A24 71
MOVE A29 117
MOVE A30 117
MOVE A31 117
MOVE A32 117
MOVE A33 100
MOVE A34 89
MOVE B29 82
MOVE B33 125
MOVE B35 105
MOVE B36 92
MOVE B38 141
MOVE B39 161
MOVE B40 173
MOVE B41 187
MOVE B42 194
END TURN 155
TURN 156
COMMAND LEFT START
UPGRADE 75
COMMAND LEFT END
COMMAND RIGHT START
MOVE B11 146
MOVE B18 103
MOVE B33 82
MOVE B41 125
MOVE B43 160
TRAIN 1
COMMAND RIGHT END
TURN 156 RESULT
TIME LEFT 0 5 RIGHT 0 5
UPGRADE A 75
TRAIN B44
MOVE A24 64
MOVE A29 114
MOVE A30 114
MOVE A31 114
MOVE A32 114
MOVE A34 100
MOVE B11 146
MOVE B18 138
MOVE B33 105
MOVE B35 92
MOVE B36 82
MOVE B38 125
MOVE B39 141
MOVE B40 161
MOVE B41 173
MOVE B42 187
MOVE B43 196
END TURN 156
TURN 157
COMMAND LEFT START
COMMAND LEFT END
COMMAND RIGHT START
MOVE B38 82
MOVE B44 187
TRAIN 1
COMMAND RIGHT END
TURN 157 RESULT
TIME LEFT 0 5 RIGHT 0 5
TRAIN B45
MOVE A24 53
MOVE A29 108
MOVE A30 108
MOVE A31 108
MOVE A32 108
MOVE B18 126
MOVE B33 92
MOVE B35 82
MOVE B38 105
MOVE B39 125
MOVE B40 141
MOVE B41 161
MOVE B43 186
MOVE B44 194
END TURN 157
TURN 158
COMMAND LEFT START
UPGRADE 75
COMMAND LEFT END
COMMAND RIGHT START
MOVE B39 82
MOVE B42 125
MOVE B45 187
TRAIN 1
COMMAND RIGHT END
TURN 158 RESULT
TIME LEFT 0 5 RIGHT 0 5
UPGRADE A 75
TRAIN B46
MOVE A24 40
MOVE A29 103
MOVE A30 103
MOVE A31 103
MOVE A32 103
MOVE B18 114
MOVE B33 82
MOVE B38 92
MOVE B39 105
MOVE B40 125
MOVE B41 141
MOVE B42 173
MOVE B43 180
MOVE B44 187
MOVE B45 194
DAMAGE TURRET A29 2
DAMAGE COMBAT A29 2
DAMAGE COMBAT B15 2
DAMAGE COMBAT B19 2
END TURN 158
TURN 159
COMMAND LEFT START
MOVE A25 75
COMMAND LEFT END
COMMAND RIGHT START
MOVE B21 103
MOVE B22 103
MOVE B23 125
MOVE B27 118
MOVE B29 97
MOVE B31 103
MOVE B32 103
MOVE B34 118
MOVE B36 103
MOVE B37 146
MOVE B40 146
MOVE B44 125
MOVE B46 185
UPGRADE 118
TRAIN 1
COMMAND RIGHT END
TURN 159 RESULT
TIME LEFT 0 5 RIGHT 0 5
UPGRADE B 118
TRAIN B47
MOVE A24 20
MOVE A25 94
MOVE B18 108
MOVE B21 108
MOVE B22 138
MOVE B23 105
MOVE B27 86
MOVE B29 92
MOVE B31 152
MOVE B32 108
MOVE B34 171
MOVE B36 86
MOVE B37 140
MOVE B38 82
MOVE B39 92
MOVE B40 133
MOVE B41 125
MOVE B42 161
MOVE B43 160
MOVE B44 173
MOVE B45 187
MOVE B46 199
DAMAGE TURRET A29 2
DAMAGE COMBAT A30 1
DAMAGE COMBAT B19 3
SIEGE B 103 1
END TURN 159
TURN 160
COMMAND LEFT START
UPGRADE 75
COMMAND LEFT END
COMMAND RIGHT START
MOVE B11 118
MOVE B38 125
MOVE B41 103
MOVE B43 146
MOVE B47 160
TRAIN 1
COMMAND RIGHT END
TURN 160 RESULT
TIME LEFT 0 5 RIGHT 0 5
UPGRADE A 75
TRAIN B48
MOVE A24 14
MOVE A25 80
MOVE B11 138
MOVE B18 103
MOVE B21 103
MOVE B22 126
MOVE B23 125
MOVE B27 83
MOVE B29 97
MOVE B31 137
MOVE B32 103
MOVE B34 145
MOVE B36 83
MOVE B37 147
MOVE B38 92
MOVE B39 82
MOVE B40 140
MOVE B41 120
MOVE B42 141
MOVE B43 146
MOVE B44 161
MOVE B46 198
MOVE B47 196
DAMAGE TURRET A30 2
DAMAGE COMBAT A30 3
DAMAGE COMBAT B18 3
END TURN 160
TURN 161
COMMAND LEFT START
TRAIN 1
COMMAND LEFT END
COMMAND RIGHT START
MOVE B23 82
MOVE B48 187
TRAIN 1
COMMAND RIGHT END
TURN 161 RESULT
TIME LEFT 0 5 RIGHT 0 5
TRAIN A36 B49
MOVE A24 4
MOVE A25 75
MOVE B11 132
MOVE B22 114
MOVE B23 105
MOVE B27 88
MOVE B31 128
MOVE B34 131
MOVE B36 88
MOVE B37 146
MOVE B38 105
MOVE B40 147
MOVE B41 129
MOVE B42 125
MOVE B44 141
MOVE B46 188
MOVE B47 186
MOVE B48 194
DAMAGE TURRET A31 2
DAMAGE COMBAT A31 3
DAMAGE COMBAT B18 2
END TURN 161
TURN 162
COMMAND LEFT START
TRAIN 1
COMMAND LEFT END
COMMAND RIGHT START
MOVE B37 165
MOVE B42 149
MOVE B45 125
MOVE B49 187
TRAIN 1
COMMAND RIGHT END
TURN 162 RESULT
TIME LEFT 0 5 RIGHT 0 5
TRAIN A37 B50
MOVE A24 0
MOVE B11 131
MOVE B22 108
MOVE B23 92
MOVE B27 100
MOVE B31 103
MOVE B34 118
MOVE B36 89
MOVE B37 159
MOVE B38 125
MOVE B40 146
MOVE B41 124
MOVE B42 133
MOVE B44 125
MOVE B45 173
MOVE B46 185
MOVE B47 180
MOVE B48 187
MOVE B49 194
DAMAGE TURRET A31 1
DAMAGE TURRET A32 1
DAMAGE TURRET B27 2
DAMAGE COMBAT A27 1
DAMAGE COMBAT A32 3
DAMAGE COMBAT B21 2
DAMAGE COMBAT B27 3
END TURN 162
TURN 163
COMMAND LEFT START
MOVE A14 75
TRAIN 1
COMMAND LEFT END
COMMAND RIGHT START
MOVE B44 118
MOVE B48 125
MOVE B50 187
TRAIN 1
COMMAND RIGHT END
TURN 163 RESULT
TIME LEFT 0 5 RIGHT 0 5
TRAIN A38 B51
MOVE A14 7
MOVE B11 118
MOVE B22 103
MOVE B23 82
MOVE B36 94
MOVE B37 167
MOVE B41 117
MOVE B42 149
MOVE B44 120
MOVE B45 161
MOVE B47 160
MOVE B48 173
MOVE B49 187
MOVE B50 194
DAMAGE TURRET A32 2
DAMAGE COMBAT B21 1
END TURN 163
TURN 164
COMMAND LEFT START
MOVE A38 100
MOVE A37 100
TRAIN 2
COMMAND LEFT END
COMMAND RIGHT START
MOVE B21 82
MOVE B22 82
MOVE B31 82
MOVE B49 125
MOVE B51 187
UPGRADE 125
TRAIN 1
COMMAND RIGHT END
TURN 164 RESULT
TIME LEFT 0 5 RIGHT 0 5
UPGRADE B 125
TRAIN A39 A40 B52
MOVE A14 17
MOVE A37 4
MOVE A38 4
MOVE B21 95
MOVE B22 95
MOVE B31 95
MOVE B36 91
MOVE B37 171
MOVE B41 114
MOVE B44 129
MOVE B45 141
MOVE B48 161
MOVE B49 173
MOVE B50 187
MOVE B51 194
END TURN 164
TURN 165
COMMAND LEFT START
MOVE A40 82
MOVE A39 100
COMMAND LEFT END
COMMAND RIGHT START
MOVE B38 82
MOVE B42 125
MOVE B47 149
MOVE B50 125
MOVE B52 160
TRAIN 1
COMMAND RIGHT END
TURN 165 RESULT
TIME LEFT 0 5 RIGHT 0 5
TRAIN B53
MOVE A14 38
MOVE A37 14
MOVE A38 14
MOVE A39 4
MOVE A40 4
MOVE B21 96
MOVE B22 96
MOVE B31 96
MOVE B36 96
MOVE B37 166
MOVE B38 105
MOVE B41 108
MOVE B42 133
MOVE B44 124
MOVE B45 125
MOVE B47 168
MOVE B48 141
MOVE B49 161
MOVE B50 173
MOVE B51 187
MOVE B52 196
END TURN 165
TURN 166
COMMAND LEFT START
TRAIN 2
COMMAND LEFT END
COMMAND RIGHT START
MOVE B45 82
MOVE B53 187
TRAIN 1
COMMAND RIGHT END
TURN 166 RESULT
TIME LEFT 0 5 RIGHT 0 5
TRAIN A41 A42 B54
MOVE A14 51
MOVE A37 20
MOVE A38 20
MOVE A39 14
MOVE A40 8
MOVE B21 91
MOVE B22 91
MOVE B31 91
MOVE B36 95
MOVE B37 165
MOVE B38 92
MOVE B41 103
MOVE B42 125
MOVE B44 117
MOVE B45 105
MOVE B47 157
MOVE B48 125
MOVE B49 141
MOVE B50 161
MOVE B52 186
MOVE B53 194
END TURN 166
TURN 167
COMMAND LEFT START
MOVE A42 100
MOVE A41 100
TRAIN 2
COMMAND LEFT END
COMMAND RIGHT START
MOVE B42 82
MOVE B51 125
MOVE B54 187
TRAIN 1
COMMAND RIGHT END
TURN 167 RESULT
TIME LEFT 0 5 RIGHT 0 5
TRAIN A43 A44 B55
MOVE A14 67
MOVE A37 40
MOVE A38 40
MOVE A39 20
MOVE A40 18
MOVE A41 4
MOVE A42 4
MOVE B21 94
MOVE B22 94
MOVE B31 94
MOVE B36 103
MOVE B38 82
MOVE B42 105
MOVE B44 114
MOVE B45 92
MOVE B47 149
MOVE B49 125
MOVE B50 141
MOVE B51 173
MOVE B52 180
MOVE B53 187
MOVE B54 194
END TURN 167
TURN 168
COMMAND LEFT START
MOVE A44 100
MOVE A43 100
TRAIN 2
COMMAND LEFT END
COMMAND RIGHT START
MOVE B48 82
MOVE B53 125
MOVE B55 187
UPGRADE 146
TRAIN 1
COMMAND RIGHT END
TURN 168 RESULT
TIME LEFT 0 5 RIGHT 0 5
UPGRADE B 146
TRAIN A45 A46 B56
MOVE A14 75
MOVE A37 53
MOVE A38 53
MOVE A39 40
MOVE A40 25
MOVE A41 14
MOVE A42 14
MOVE A43 4
MOVE A44 4
MOVE B21 89
MOVE B22 89
MOVE B31 89
MOVE B42 92
MOVE B44 118
MOVE B45 82
MOVE B48 105
MOVE B50 125
MOVE B51 161
MOVE B52 160
MOVE B53 173
MOVE B54 187
MOVE B55 194
END TURN 168
TURN 169
COMMAND LEFT START
TRAIN 2
COMMAND LEFT END
COMMAND RIGHT START
MOVE B52 146
MOVE B54 125
MOVE B56 160
TRAIN 1
COMMAND RIGHT END
TURN 169 RESULT
TIME LEFT 0 5 RIGHT 0 5
TRAIN A47 A48 B57
MOVE A37 64
MOVE A38 64
MOVE A39 53
MOVE A40 33
MOVE A41 20
MOVE A42 20
MOVE A43 14
MOVE A44 14
MOVE B21 88
MOVE B22 88
MOVE B31 88
MOVE B42 82
MOVE B48 92
MOVE B51 141
MOVE B52 146
MOVE B53 161
MOVE B54 173
MOVE B55 187
MOVE B56 196
END TURN 169
TURN 170
COMMAND LEFT START
COMMAND LEFT END
COMMAND RIGHT START
MOVE B49 82
MOVE B57 187
TRAIN 1
COMMAND RIGHT END
TURN 170 RESULT
TIME LEFT 0 5 RIGHT 0 5
TRAIN B58
MOVE A37 71
MOVE A38 71
MOVE A39 64
MOVE A40 45
MOVE A41 40
MOVE A42 40
MOVE A43 20
MOVE A44 20
MOVE B21 83
MOVE B22 83
MOVE B31 83
MOVE B48 82
MOVE B49 105
MOVE B51 125
MOVE B53 141
MOVE B54 161
MOVE B56 186
MOVE B57 194
END TURN 170
TURN 171
COMMAND LEFT START
COMMAND LEFT END
COMMAND RIGHT START
MOVE B50 82
MOVE B55 125
MOVE B58 187
UPGRADE 165
TRAIN 1
COMMAND RIGHT END
TURN 171 RESULT
TIME LEFT 0 5 RIGHT 0 5
UPGRADE B 165
TRAIN B59
MOVE A37 89
MOVE A38 89
MOVE A39 71
MOVE A40 55
MOVE A41 53
MOVE A42 53
MOVE A43 40
MOVE A44 40
MOVE B21 86
MOVE B22 86
MOVE B31 86
MOVE B49 92
MOVE B50 105
MOVE B53 125
MOVE B54 141
MOVE B55 173
MOVE B56 180
MOVE B57 187
MOVE B58 194
END TURN 171
TURN 172
COMMAND LEFT START
MOVE A48 100
MOVE A47 100
MOVE A46 100
MOVE A45 100
TRAIN 2
COMMAND LEFT END
COMMAND RIGHT START
MOVE B23 125
MOVE B34 165
MOVE B36 118
MOVE B47 146
MOVE B51 82
MOVE B57 125
MOVE B59 187
TRAIN 1
COMMAND RIGHT END
TURN 172 RESULT
TIME LEFT 0 5 RIGHT 0 5
TRAIN A49 A50 B60
MOVE A37 100
MOVE A38 100
MOVE A39 89
MOVE A40 69
MOVE A41 64
MOVE A42 64
MOVE A43 53
MOVE A44 53
MOVE A45 4
MOVE A46 4
MOVE A47 4
MOVE A48 4
MOVE B21 82
MOVE B22 82
MOVE B23 92
MOVE B31 82
MOVE B34 137
MOVE B36 108
MOVE B47 140
MOVE B49 82
MOVE B50 92
MOVE B51 105
MOVE B54 125
MOVE B55 161
MOVE B56 160
MOVE B57 173
MOVE B58 187
MOVE B59 194
END TURN 172
TURN 173
COMMAND LEFT START
MOVE A38 118
MOVE A50 100
MOVE A49 100
TRAIN 2
COMMAND LEFT END
COMMAND RIGHT START
MOVE B58 125
MOVE B60 187
TRAIN 1
COMMAND RIGHT END
TURN 173 RESULT
TIME LEFT 0 5 RIGHT 0 5
TRAIN A51 A52 B61
MOVE A38 112
MOVE A39 100
MOVE A40 82
MOVE A41 71
MOVE A42 71
MOVE A43 64
MOVE A44 64
MOVE A45 14
MOVE A46 14
MOVE A47 14
MOVE A48 14
MOVE A49 4
MOVE A50 4
MOVE B23 105
MOVE B34 152
MOVE B36 118
MOVE B47 147
MOVE B50 82
MOVE B51 92
MOVE B55 141
MOVE B57 161
MOVE B58 173
MOVE B59 187
MOVE B60 194
DAMAGE TURRET A40 2
DAMAGE COMBAT A40 5
DAMAGE COMBAT B21 1
END TURN 173
TURN 174
COMMAND LEFT START
COMMAND LEFT END
COMMAND RIGHT START
MOVE B40 103
MOVE B53 149
MOVE B54 82
MOVE B59 125
MOVE B61 187
UPGRADE 182
TRAIN 1
COMMAND RIGHT END
TURN 174 RESULT
TIME LEFT 0 5 RIGHT 0 5
UPGRADE B 182
TRAIN B62
MOVE A38 117
MOVE A41 89
MOVE A42 89
MOVE A43 71
MOVE A44 71
MOVE A45 20
MOVE A46 20
MOVE A47 20
MOVE A48 20
MOVE A49 14
MOVE A50 14
MOVE B23 125
MOVE B34 165
MOVE B40 138
MOVE B47 146
MOVE B51 82
MOVE B53 133
MOVE B54 105
MOVE B55 125
MOVE B57 141
MOVE B58 161
MOVE B59 173
MOVE B60 187
MOVE B61 194
END TURN 174
TURN 175
COMMAND LEFT START
COMMAND LEFT END
COMMAND RIGHT START
MOVE B23 82
MOVE B56 182
MOVE B60 125
MOVE B62 160
TRAIN 1
COMMAND RIGHT END
TURN 175 RESULT
TIME LEFT 0 5 RIGHT 0 5
TRAIN B63
MOVE A38 114
MOVE A41 100
MOVE A42 100
MOVE A43 89
MOVE A44 89
MOVE A45 40
MOVE A46 40
MOVE A47 40
MOVE A48 40
MOVE A49 20
MOVE A50 20
MOVE B23 105
MOVE B40 126
MOVE B53 149
MOVE B54 92
MOVE B56 169
MOVE B57 125
MOVE B58 141
MOVE B59 161
MOVE B60 173
MOVE B61 187
MOVE B62 196
END TURN 175
TURN 176
COMMAND LEFT START
COMMAND LEFT END
COMMAND RIGHT START
MOVE B55 82
MOVE B63 187
TRAIN 1
COMMAND RIGHT END
TURN 176 RESULT
TIME LEFT 0 5 RIGHT 0 5
TRAIN B64
MOVE A38 118
MOVE A43 100
MOVE A44 100
MOVE A45 53
MOVE A46 53
MOVE A47 53
MOVE A48 53
MOVE A49 40
MOVE A50 40
MOVE B23 92
MOVE B40 114
MOVE B54 82
MOVE B55 105
MOVE B56 182
MOVE B58 125
MOVE B59 141
MOVE B60 161
MOVE B62 186
MOVE B63 194
DAMAGE TURRET A38 2
DAMAGE COMBAT A38 3
DAMAGE COMBAT B11 1
END TURN 176
TURN 177
COMMAND LEFT START
MOVE A52 100
UPGRADE 0
COMMAND LEFT END
COMMAND RIGHT START
MOVE B21 103
MOVE B22 125
MOVE B41 118
MOVE B53 146
MOVE B57 82
MOVE B61 125
MOVE B64 187
UPGRADE 185
TRAIN 1
COMMAND RIGHT END
TURN 177 RESULT
TIME LEFT 0 5 RIGHT 0 5
UPGRADE A 0
UPGRADE B 185
TRAIN B65
MOVE A45 64
MOVE A46 64
MOVE A47 64
MOVE A48 64
MOVE A49 53
MOVE A50 53
MOVE A52 4
MOVE B21 86
MOVE B22 92
MOVE B23 82
MOVE B40 108
MOVE B41 108
MOVE B53 140
MOVE B55 92
MOVE B57 105
MOVE B59 125
MOVE B60 141
MOVE B61 173
MOVE B62 180
MOVE B63 187
MOVE B64 194
DAMAGE TURRET A38 2
DAMAGE COMBAT B11 1
END TURN 177
TURN 178
COMMAND LEFT START
COMMAND LEFT END
COMMAND RIGHT START
MOVE B34 185
MOVE B36 165
MOVE B44 82
MOVE B58 82
MOVE B63 125
MOVE B65 187
TRAIN 1
COMMAND RIGHT END
TURN 178 RESULT
TIME LEFT 0 5 RIGHT 0 5
TRAIN B66
MOVE A45 71
MOVE A46 71
MOVE A47 71
MOVE A48 71
MOVE A49 64
MOVE A50 64
MOVE A52 14
MOVE B21 83
MOVE B22 105
MOVE B34 177
MOVE B36 137
MOVE B40 103
MOVE B41 118
MOVE B44 114
MOVE B53 147
MOVE B55 82
MOVE B57 92
MOVE B58 105
MOVE B60 125
MOVE B61 161
MOVE B62 160
MOVE B63 173
MOVE B64 187
MOVE B65 194
END TURN 178
TURN 179
COMMAND LEFT START
MOVE A44 125
COMMAND LEFT END
COMMAND RIGHT START
MOVE B43 118
MOVE B59 149
MOVE B64 125
MOVE B66 187
TRAIN 1
COMMAND RIGHT END
TURN 179 RESULT
TIME LEFT 0 5 RIGHT 0 5
TRAIN B67
MOVE A44 106
MOVE A45 89
MOVE A46 89
MOVE A47 89
MOVE A48 89
MOVE A49 71
MOVE A50 71
MOVE A52 20
MOVE B21 88
MOVE B22 125
MOVE B34 185
MOVE B36 152
MOVE B43 138
MOVE B44 117
MOVE B53 146
MOVE B57 82
MOVE B58 92
MOVE B59 133
MOVE B61 141
MOVE B63 161
MOVE B64 173
MOVE B65 187
MOVE B66 194
END TURN 179
TURN 180
COMMAND LEFT START
MOVE A43 146
COMMAND LEFT END
COMMAND RIGHT START
MOVE B22 82
MOVE B65 125
MOVE B67 187
UPGRADE 187
TRAIN 1
COMMAND RIGHT END
TURN 180 RESULT
TIME LEFT 0 5 RIGHT 0 5
UPGRADE B 187
TRAIN B68
MOVE A43 111
MOVE A44 120
MOVE A45 100
MOVE A46 100
MOVE A47 100
MOVE A48 100
MOVE A49 89
MOVE A50 89
MOVE A52 40
MOVE B21 89
MOVE B22 105
MOVE B36 165
MOVE B43 132
MOVE B44 112
MOVE B58 82
MOVE B59 149
MOVE B61 125
MOVE B63 141
MOVE B64 161
MOVE B65 173
MOVE B66 187
MOVE B67 194
DAMAGE COMBAT A49 1
DAMAGE COMBAT B21 1
END TURN 180
TURN 181
COMMAND LEFT START
TRAIN 2
COMMAND LEFT END
COMMAND RIGHT START
MOVE B23 125
MOVE B47 103
MOVE B59 187
MOVE B60 82
MOVE B62 146
MOVE B66 125
MOVE B68 160
TRAIN 1
COMMAND RIGHT END
TURN 181 RESULT
TIME LEFT 0 5 RIGHT 0 5
TRAIN A53 A54 B69
MOVE A43 129
MOVE A44 125
MOVE A49 100
MOVE A50 100
MOVE A52 53
MOVE B22 92
MOVE B23 92
MOVE B43 131
MOVE B44 100
MOVE B47 138
MOVE B59 161
MOVE B60 105
MOVE B62 146
MOVE B63 125
MOVE B64 141
MOVE B65 161
MOVE B66 173
MOVE B67 187
MOVE B68 196
DAMAGE TURRET A44 2
DAMAGE TURRET B44 2
DAMAGE COMBAT A27 1
DAMAGE COMBAT A44 3
DAMAGE COMBAT B14 1
DAMAGE COMBAT B44 3
END TURN 181
TURN 182
COMMAND LEFT START
MOVE A50 82
MOVE A54 100
MOVE A53 100
TRAIN 3
COMMAND LEFT END
COMMAND RIGHT START
MOVE B26 125
MOVE B29 125
MOVE B31 97
MOVE B33 97
MOVE B69 187
TRAIN 1
COMMAND RIGHT END
TURN 182 RESULT
TIME LEFT 0 5 RIGHT 0 5
TRAIN A55 A56 A57 B70
MOVE A43 136
MOVE A50 88
MOVE A52 64
MOVE A53 4
MOVE A54 4
MOVE B22 82
MOVE B23 105
MOVE B26 105
MOVE B29 105
MOVE B31 92
MOVE B33 92
MOVE B43 118
MOVE B47 126
MOVE B59 173
MOVE B60 92
MOVE B64 125
MOVE B65 141
MOVE B66 161
MOVE B68 186
MOVE B69 194
DAMAGE TURRET A44 2
DAMAGE COMBAT B14 1
END TURN 182
TURN 183
COMMAND LEFT START
MOVE A57 100
MOVE A56 100
MOVE A55 100
TRAIN 2
COMMAND LEFT END
COMMAND RIGHT START
MOVE B61 82
MOVE B63 82
MOVE B64 82
MOVE B67 125
MOVE B70 187
TRAIN 1
COMMAND RIGHT END
TURN 183 RESULT
TIME LEFT 0 5 RIGHT 0 5
TRAIN A58 A59 B71
MOVE A43 146
MOVE A50 83
MOVE A52 71
MOVE A53 14
MOVE A54 14
MOVE A55 4
MOVE A56 4
MOVE A57 4
MOVE B23 125
MOVE B26 125
MOVE B29 125
MOVE B31 97
MOVE B33 97
MOVE B47 114
MOVE B59 187
MOVE B60 82
MOVE B61 105
MOVE B63 105
MOVE B64 105
MOVE B65 125
MOVE B66 141
MOVE B67 173
MOVE B68 180
MOVE B69 187
MOVE B70 194
DAMAGE TURRET A43 2
DAMAGE COMBAT A43 3
DAMAGE COMBAT B52 1
END TURN 183
TURN 184
COMMAND LEFT START
MOVE A49 97
MOVE A59 100
MOVE A58 100
TRAIN 3
COMMAND LEFT END
COMMAND RIGHT START
MOVE B22 125
MOVE B23 118
MOVE B26 82
MOVE B40 118
MOVE B41 146
MOVE B43 146
MOVE B59 125
MOVE B65 103
MOVE B71 187
TRAIN 1
COMMAND RIGHT END
TURN 184 RESULT
TIME LEFT 0 5 RIGHT 0 5
TRAIN A60 A61 A62 B72
MOVE A49 88
MOVE A50 86
MOVE A52 89
MOVE A53 20
MOVE A54 20
MOVE A55 14
MOVE A56 14
MOVE A57 14
MOVE A58 4
MOVE A59 4
MOVE B22 92
MOVE B23 120
MOVE B26 105
MOVE B40 108
MOVE B41 131
MOVE B43 131
MOVE B47 108
MOVE B59 173
MOVE B61 92
MOVE B63 92
MOVE B64 92
MOVE B65 120
MOVE B66 125
MOVE B67 161
MOVE B68 160
MOVE B70 187
MOVE B71 194
DAMAGE TURRET A43 2
DAMAGE COMBAT B52 1
END TURN 184
TURN 185
COMMAND LEFT START
MOVE A62 100
MOVE A61 100
MOVE A60 100
MOVE A48 118
TRAIN 2
COMMAND LEFT END
COMMAND RIGHT START
MOVE B53 82
MOVE B62 82
MOVE B69 125
MOVE B72 187
UPGRADE 200
TRAIN 1
COMMAND RIGHT END
TURN 185 RESULT
TIME LEFT 0 5 RIGHT 0 5
UPGRADE B 200
TRAIN A63 A64 B73
MOVE A48 112
MOVE A49 83
MOVE A50 82
MOVE A52 100
MOVE A53 40
MOVE A54 40
MOVE A55 20
MOVE A56 20
MOVE A57 20
MOVE A58 14
MOVE A59 14
MOVE A60 4
MOVE A61 4
MOVE A62 4
MOVE B22 105
MOVE B23 129
MOVE B26 92
MOVE B40 118
MOVE B41 132
MOVE B43 132
MOVE B47 103
MOVE B53 136
MOVE B59 161
MOVE B61 82
MOVE B62 136
MOVE B63 82
MOVE B64 82
MOVE B65 129
MOVE B67 141
MOVE B69 173
MOVE B71 187
MOVE B72 194
DAMAGE TURRET A50 2
DAMAGE COMBAT A50 5
DAMAGE COMBAT B7 1
END TURN 185
TURN 186
COMMAND LEFT START
MOVE A52 103
MOVE A47 103
MOVE A46 103
MOVE A45 103
MOVE A42 103
MOVE A41 103
MOVE A39 103
MOVE A37 103
MOVE A34 103
COMMAND LEFT END
COMMAND RIGHT START
MOVE B29 149
MOVE B66 82
MOVE B70 125
TRAIN 2
COMMAND RIGHT END
TURN 186 RESULT
TIME LEFT 0 5 RIGHT 0 5
TRAIN B74 B75
MOVE A34 112
MOVE A37 112
MOVE A39 112
MOVE A41 112
MOVE A42 112
MOVE A45 112
MOVE A46 112
MOVE A47 112
MOVE A48 117
MOVE A49 86
MOVE A52 112
MOVE A53 53
MOVE A54 53
MOVE A55 40
MOVE A56 40
MOVE A57 40
MOVE A58 20
MOVE A59 20
MOVE A60 14
MOVE A61 14
MOVE A62 14
MOVE B22 125
MOVE B23 124
MOVE B26 82
MOVE B29 133
MOVE B41 138
MOVE B43 138
MOVE B53 129
MOVE B59 141
MOVE B62 129
MOVE B65 124
MOVE B66 105
MOVE B67 125
MOVE B69 161
MOVE B70 173
MOVE B72 187
END TURN 186
TURN 187
COMMAND LEFT START
MOVE A64 100
MOVE A63 100
TRAIN 3
COMMAND LEFT END
COMMAND RIGHT START
MOVE B22 82
MOVE B74 187
MOVE B75 187
TRAIN 2
COMMAND RIGHT END
TURN 187 RESULT
TIME LEFT 0 5 RIGHT 0 5
TRAIN A65 A66 A67 B76 B77
MOVE A34 117
MOVE A37 117
MOVE A39 117
MOVE A41 117
MOVE A42 117
MOVE A45 117
MOVE A46 117
MOVE A47 117
MOVE A48 114
MOVE A49 92
MOVE A52 117
MOVE A53 64
MOVE A54 64
MOVE A55 53
MOVE A56 53
MOVE A57 53
MOVE A58 40
MOVE A59 40
MOVE A60 20
MOVE A61 20
MOVE A62 20
MOVE A63 4
MOVE A64 4
MOVE B22 105
MOVE B23 117
MOVE B29 149
MOVE B41 146
MOVE B43 146
MOVE B53 106
MOVE B59 125
MOVE B62 106
MOVE B65 117
MOVE B66 92
MOVE B69 141
MOVE B70 161
MOVE B74 194
MOVE B75 194
DAMAGE COMBAT A34 2
DAMAGE COMBAT A49 1
DAMAGE COMBAT B23 5
DAMAGE COMBAT B65 4
DAMAGE COMBAT B66 1
END TURN 187
TURN 188
COMMAND LEFT START
MOVE A67 100
MOVE A66 100
MOVE A65 100
TRAIN 3
COMMAND LEFT END
COMMAND RIGHT START
MOVE B41 103
MOVE B47 118
MOVE B59 82
MOVE B68 146
MOVE B76 160
MOVE B77 187
TRAIN 2
COMMAND RIGHT END
TURN 188 RESULT
TIME LEFT 0 5 RIGHT 0 5
TRAIN A68 A69 A70 B78 B79
MOVE A48 118
MOVE A53 71
MOVE A54 71
MOVE A55 64
MOVE A56 64
MOVE A57 64
MOVE A58 53
MOVE A59 53
MOVE A60 40
MOVE A61 40
MOVE A62 40
MOVE A63 14
MOVE A64 14
MOVE A65 4
MOVE A66 4
MOVE A67 4
MOVE B22 92
MOVE B41 138
MOVE B47 108
MOVE B53 109
MOVE B59 105
MOVE B62 109
MOVE B68 146
MOVE B69 125
MOVE B70 141
MOVE B74 187
MOVE B75 187
MOVE B76 196
MOVE B77 194
DAMAGE TURRET A48 2
DAMAGE COMBAT A34 1
DAMAGE COMBAT A48 2
DAMAGE COMBAT A49 2
DAMAGE COMBAT B11 1
DAMAGE COMBAT B65 1
DAMAGE COMBAT B66 1
END TURN 188
TURN 189
COMMAND LEFT START
MOVE A70 100
MOVE A69 100
MOVE A68 100
TRAIN 3
COMMAND LEFT END
COMMAND RIGHT START
MOVE B26 103
MOVE B29 146
MOVE B32 118
MOVE B39 103
MOVE B67 82
MOVE B74 149
MOVE B75 125
MOVE B78 187
MOVE B79 187
TRAIN 2
COMMAND RIGHT END
TURN 189 RESULT
TIME LEFT 0 5 RIGHT 0 5
TRAIN A71 A72 A73 B80 B81
MOVE A34 114
MOVE A37 114
MOVE A39 114
MOVE A41 114
MOVE A42 114
MOVE A45 114
MOVE A46 114
MOVE A47 114
MOVE A52 114
MOVE A53 89
MOVE A54 89
MOVE A55 71
MOVE A56 71
MOVE A57 71
MOVE A58 64
MOVE A59 64
MOVE A60 53
MOVE A61 53
MOVE A62 53
MOVE A63 20
MOVE A64 20
MOVE A65 14
MOVE A66 14
MOVE A67 14
MOVE A68 4
MOVE A69 4
MOVE A70 4
MOVE B26 86
MOVE B29 140
MOVE B32 108
MOVE B39 86
MOVE B41 126
MOVE B47 118
MOVE B53 86
MOVE B59 92
MOVE B62 86
MOVE B67 105
MOVE B70 125
MOVE B74 173
MOVE B75 173
MOVE B76 186
MOVE B77 187
MOVE B78 194
MOVE B79 194
DAMAGE TURRET A48 2
DAMAGE COMBAT A48 1
DAMAGE COMBAT A49 3
DAMAGE COMBAT B11 1
DAMAGE COMBAT B66 1
END TURN 189
TURN 190
COMMAND LEFT START
MOVE A73 82
MOVE A72 100
MOVE A71 100
TRAIN 2
COMMAND LEFT END
COMMAND RIGHT START
MOVE B77 125
MOVE B80 187
MOVE B81 187
TRAIN 2
COMMAND RIGHT END
TURN 190 RESULT
TIME LEFT 0 5 RIGHT 0 5
TRAIN A74 A75 B82 B83
MOVE A34 108
MOVE A37 108
MOVE A39 108
MOVE A41 108
MOVE A42 108
MOVE A45 108
MOVE A46 108
MOVE A47 108
MOVE A52 108
MOVE A53 100
MOVE A54 100
MOVE A55 89
MOVE A56 89
MOVE A57 89
MOVE A58 71
MOVE A59 71
MOVE A60 64
MOVE A61 64
MOVE A62 64
MOVE A63 40
MOVE A64 40
MOVE A65 20
MOVE A66 20
MOVE A67 20
MOVE A68 14
MOVE A69 14
MOVE A70 14
MOVE A71 4
MOVE A72 4
MOVE A73 4
MOVE B22 82
MOVE B26 83
MOVE B29 147
MOVE B32 118
MOVE B39 83
MOVE B41 114
MOVE B53 82
MOVE B59 82
MOVE B62 82
MOVE B66 82
MOVE B67 92
MOVE B74 161
MOVE B75 161
MOVE B76 180
MOVE B77 173
MOVE B78 187
MOVE B79 187
MOVE B80 194
MOVE B81 194
END TURN 190
TURN 191
COMMAND LEFT START
MOVE A75 100
MOVE A74 100
TRAIN 2
COMMAND LEFT END
COMMAND RIGHT START
MOVE B32 82
MOVE B43 118
MOVE B78 125
MOVE B79 125
MOVE B82 187
MOVE B83 187
TRAIN 2
COMMAND RIGHT END
TURN 191 RESULT
TIME LEFT 0 5 RIGHT 0 5
TRAIN A76 A77 B84 B85
MOVE A34 103
MOVE A37 103
MOVE A39 103
MOVE A41 103
MOVE A42 103
MOVE A45 103
MOVE A46 103
MOVE A47 103
MOVE A52 103
MOVE A55 100
MOVE A56 100
MOVE A57 100
MOVE A58 89
MOVE A59 89
MOVE A60 71
MOVE A61 71
MOVE A62 71
MOVE A63 53
MOVE A64 53
MOVE A65 40
MOVE A66 40
MOVE A67 40
MOVE A68 20
MOVE A69 20
MOVE A70 20
MOVE A71 14
MOVE A72 14
MOVE A73 8
MOVE A74 4
MOVE A75 4
MOVE B26 88
MOVE B29 146
MOVE B32 114
MOVE B39 88
MOVE B41 108
MOVE B43 138
MOVE B67 82
MOVE B74 149
MOVE B75 141
MOVE B76 160
MOVE B77 161
MOVE B78 173
MOVE B79 173
MOVE B80 187
MOVE B81 187
MOVE B82 194
MOVE B83 194
DAMAGE TURRET A34 2
SIEGE B 103 9
END TURN 191
TURN 192
COMMAND LEFT START
MOVE A77 100
MOVE A76 100
TRAIN 2
COMMAND LEFT END
COMMAND RIGHT START
MOVE B22 146
MOVE B30 146
MOVE B31 125
MOVE B33 125
MOVE B34 165
MOVE B35 118
MOVE B36 103
MOVE B37 103
MOVE B38 97
MOVE B42 97
MOVE B46 165
MOVE B47 103
MOVE B49 125
MOVE B50 160
MOVE B52 103
MOVE B56 146
MOVE B68 103
MOVE B69 146
MOVE B70 146
MOVE B74 146
MOVE B76 146
MOVE B80 200
MOVE B81 200
MOVE B84 182
MOVE B85 182
TRAIN 2
COMMAND RIGHT END
TURN 192 RESULT
TIME LEFT 0 5 RIGHT 0 5
TRAIN A78 A79 B86 B87
MOVE A58 100
MOVE A59 100
MOVE A60 89
MOVE A61 89
MOVE A62 89
MOVE A63 64
MOVE A64 64
MOVE A65 53
MOVE A66 53
MOVE A67 53
MOVE A68 40
MOVE A69 40
MOVE A70 40
MOVE A71 20
MOVE A72 20
MOVE A73 18
MOVE A74 14
MOVE A75 14
MOVE A76 4
MOVE A77 4
MOVE B22 86
MOVE B26 89
MOVE B30 169
MOVE B31 105
MOVE B32 117
MOVE B33 105
MOVE B34 177
MOVE B35 86
MOVE B36 152
MOVE B37 152
MOVE B38 92
MOVE B39 89
MOVE B41 103
MOVE B42 92
MOVE B43 132
MOVE B46 177
MOVE B47 108
MOVE B49 92
MOVE B50 86
MOVE B52 138
MOVE B56 169
MOVE B68 138
MOVE B69 133
MOVE B70 133
MOVE B74 140
MOVE B75 125
MOVE B76 146
MOVE B77 141
MOVE B78 161
MOVE B79 161
MOVE B80 194
MOVE B81 194
MOVE B82 187
MOVE B83 187
MOVE B84 196
MOVE B85 196
DAMAGE TURRET A34 1
DAMAGE TURRET A37 1
DAMAGE COMBAT A37 1
DAMAGE COMBAT A60 2
DAMAGE COMBAT B26 3
DAMAGE COMBAT B41 5
SIEGE B 103 4
END TURN 192
TURN 193
COMMAND LEFT START
TRAIN 3
COMMAND LEFT END
COMMAND RIGHT START
MOVE B28 185
MOVE B29 103
MOVE B73 185
MOVE B75 82
MOVE B76 103
MOVE B82 125
MOVE B83 125
MOVE B86 187
MOVE B87 187
TRAIN 2
COMMAND RIGHT END
TURN 193 RESULT
TIME LEFT 0 5 RIGHT 0 5
TRAIN A80 A81 A82 B88 B89
MOVE A63 71
MOVE A64 71
MOVE A65 64
MOVE A66 64
MOVE A67 64
MOVE A68 53
MOVE A69 53
MOVE A70 53
MOVE A71 40
MOVE A72 40
MOVE A73 25
MOVE A74 20
MOVE A75 20
MOVE A76 14
MOVE A77 14
MOVE B22 109
MOVE B28 199
MOVE B29 138
MOVE B30 146
MOVE B31 125
MOVE B32 112
MOVE B33 125
MOVE B34 165
MOVE B35 83
MOVE B36 137
MOVE B37 137
MOVE B38 97
MOVE B42 97
MOVE B43 131
MOVE B46 165
MOVE B47 103
MOVE B49 105
MOVE B50 109
MOVE B52 126
MOVE B56 146
MOVE B68 126
MOVE B69 140
MOVE B70 140
MOVE B73 199
MOVE B74 147
MOVE B75 105
MOVE B76 138
MOVE B77 125
MOVE B78 141
MOVE B79 141
MOVE B80 200
MOVE B81 200
MOVE B82 173
MOVE B83 173
MOVE B84 192
MOVE B85 192
MOVE B86 194
MOVE B87 194
DAMAGE TURRET A37 2
DAMAGE COMBAT A37 1
DAMAGE COMBAT A60 2
DAMAGE COMBAT B26 2
DAMAGE COMBAT B39 1
DAMAGE COMBAT B47 5
SIEGE B 103 3
END TURN 193
TURN 194
COMMAND LEFT START
TRAIN 2
COMMAND LEFT END
COMMAND RIGHT START
MOVE B31 149
MOVE B34 103
MOVE B40 103
MOVE B46 103
MOVE B51 103
MOVE B56 103
MOVE B77 118
MOVE B88 187
MOVE B89 187
TRAIN 2
COMMAND RIGHT END
TURN 194 RESULT
TIME LEFT 0 5 RIGHT 0 5
TRAIN A83 A84 B90 B91
MOVE A63 89
MOVE A64 89
MOVE A65 71
MOVE A66 71
MOVE A67 71
MOVE A68 64
MOVE A69 64
MOVE A70 64
MOVE A71 53
MOVE A72 53
MOVE A73 33
MOVE A74 40
MOVE A75 40
MOVE A76 20
MOVE A77 20
MOVE B22 106
MOVE B28 198
MOVE B29 126
MOVE B31 133
MOVE B32 100
MOVE B34 152
MOVE B35 88
MOVE B36 128
MOVE B37 128
MOVE B40 108
MOVE B43 118
MOVE B46 152
MOVE B49 125
MOVE B50 120
MOVE B51 86
MOVE B52 114
MOVE B56 138
MOVE B68 114
MOVE B69 147
MOVE B70 147
MOVE B73 198
MOVE B74 146
MOVE B75 92
MOVE B76 126
MOVE B77 120
MOVE B78 125
MOVE B79 125
MOVE B82 161
MOVE B83 161
MOVE B84 182
MOVE B85 182
MOVE B86 187
MOVE B87 187
MOVE B88 194
MOVE B89 194
DAMAGE TURRET A37 2
DAMAGE TURRET B32 2
DAMAGE COMBAT A27 1
DAMAGE COMBAT A60 1
DAMAGE COMBAT B32 3
DAMAGE COMBAT B39 4
SIEGE B 103 1
END TURN 194
TURN 195
COMMAND LEFT START
MOVE A84 100
MOVE A83 100
MOVE A82 100
UPGRADE 103
TRAIN 2
COMMAND LEFT END
COMMAND RIGHT START
MOVE B74 165
MOVE B78 103
MOVE B79 82
MOVE B86 125
MOVE B87 125
MOVE B90 187
MOVE B91 187
TRAIN 2
COMMAND RIGHT END
TURN 195 RESULT
TIME LEFT 0 5 RIGHT 0 5
UPGRADE A 103
TRAIN A85 A86 B92 B93
MOVE A60 100
MOVE A61 100
MOVE A62 100
MOVE A63 100
MOVE A64 100
MOVE A65 89
MOVE A66 89
MOVE A67 89
MOVE A68 71
MOVE A69 71
MOVE A70 71
MOVE A71 64
MOVE A72 64
MOVE A73 45
MOVE A74 53
MOVE A75 53
MOVE A76 40
MOVE A77 40
MOVE A82 4
MOVE A83 4
MOVE A84 4
MOVE B22 129
MOVE B28 188
MOVE B29 114
MOVE B31 149
MOVE B34 137
MOVE B35 100
MOVE B36 103
MOVE B37 103
MOVE B40 103
MOVE B46 137
MOVE B50 134
MOVE B51 83
MOVE B52 108
MOVE B56 126
MOVE B68 108
MOVE B69 146
MOVE B70 146
MOVE B73 188
MOVE B74 159
MOVE B75 82
MOVE B76 114
MOVE B77 129
MOVE B78 120
MOVE B79 105
MOVE B82 141
MOVE B83 141
MOVE B86 173
MOVE B87 173
MOVE B88 187
MOVE B89 187
MOVE B90 194
MOVE B91 194
DAMAGE TURRET B35 2
DAMAGE TURRET B36 1
DAMAGE COMBAT A27 1
DAMAGE COMBAT A39 3
DAMAGE COMBAT B35 3
DAMAGE COMBAT B36 4
DAMAGE COMBAT B37 3
END TURN 195
TURN 196
COMMAND LEFT START
TRAIN 2
COMMAND LEFT END
COMMAND RIGHT START
MOVE B31 146
MOVE B88 149
MOVE B89 125
MOVE B92 187
MOVE B93 187
TRAIN 2
COMMAND RIGHT END
TURN 196 RESULT
TIME LEFT 0 5 RIGHT 0 5
TRAIN A87 A88 B94 B95
MOVE A65 100
MOVE A66 100
MOVE A67 100
MOVE A68 89
MOVE A69 89
MOVE A70 89
MOVE A71 71
MOVE A72 71
MOVE A73 55
MOVE A74 64
MOVE A75 64
MOVE A76 53
MOVE A77 53
MOVE A82 14
MOVE A83 14
MOVE A84 14
MOVE B22 136
MOVE B28 185
MOVE B29 108
MOVE B31 140
MOVE B34 128
MOVE B46 128
MOVE B50 147
MOVE B51 88
MOVE B52 103
MOVE B56 114
MOVE B68 103
MOVE B73 185
MOVE B74 167
MOVE B76 108
MOVE B77 124
MOVE B78 129
MOVE B79 92
MOVE B82 125
MOVE B83 125
MOVE B86 161
MOVE B87 161
MOVE B88 173
MOVE B89 173
MOVE B90 187
MOVE B91 187
MOVE B92 194
MOVE B93 194
DAMAGE TURRET B37 1
DAMAGE COMBAT A39 4
DAMAGE COMBAT B37 1
DAMAGE COMBAT B40 3
DAMAGE COMBAT B52 3
END TURN 196
TURN 197
COMMAND LEFT START
MOVE A67 125
COMMAND LEFT END
COMMAND RIGHT START
MOVE B30 165
MOVE B82 82
MOVE B83 82
MOVE B90 125
MOVE B91 125
MOVE B94 187
MOVE B95 187
TRAIN 2
COMMAND RIGHT END
TURN 197 RESULT
TIME LEFT 0 5 RIGHT 0 5
TRAIN B96 B97
MOVE A67 106
MOVE A68 100
MOVE A69 100
MOVE A70 100
MOVE A71 89
MOVE A72 89
MOVE A73 69
MOVE A74 71
MOVE A75 71
MOVE A76 64
MOVE A77 64
MOVE A82 20
MOVE A83 20
MOVE A84 20
MOVE B22 146
MOVE B29 103
MOVE B30 159
MOVE B31 147
MOVE B34 103
MOVE B46 103
MOVE B50 160
MOVE B51 89
MOVE B56 108
MOVE B74 171
MOVE B76 103
MOVE B77 117
MOVE B78 124
MOVE B79 82
MOVE B82 105
MOVE B83 105
MOVE B86 141
MOVE B87 141
MOVE B88 161
MOVE B89 161
MOVE B90 173
MOVE B91 173
MOVE B92 187
MOVE B93 187
MOVE B94 194
MOVE B95 194
DAMAGE TURRET B40 1
DAMAGE COMBAT A41 6
DAMAGE COMBAT A71 1
DAMAGE COMBAT B29 5
DAMAGE COMBAT B40 1
DAMAGE COMBAT B51 2
END TURN 197
TURN 198
COMMAND LEFT START
MOVE A70 97
COMMAND LEFT END
COMMAND RIGHT START
MOVE B22 118
MOVE B92 125
MOVE B93 125
MOVE B96 187
MOVE B97 187
TRAIN 2
COMMAND RIGHT END
TURN 198 RESULT
TIME LEFT 0 5 RIGHT 0 5
TRAIN B98 B99
MOVE A67 120
MOVE A70 88
MOVE A73 82
MOVE A74 89
MOVE A75 89
MOVE A76 71
MOVE A77 71
MOVE A82 40
MOVE A83 40
MOVE A84 40
MOVE B22 138
MOVE B30 167
MOVE B31 146
MOVE B56 103
MOVE B74 166
MOVE B77 114
MOVE B78 117
MOVE B82 92
MOVE B83 92
MOVE B86 125
MOVE B87 125
MOVE B88 149
MOVE B89 141
MOVE B90 161
MOVE B91 161
MOVE B92 173
MOVE B93 173
MOVE B94 187
MOVE B95 187
MOVE B96 194
MOVE B97 194
DAMAGE TURRET A73 2
DAMAGE TURRET B34 1
DAMAGE COMBAT A41 1
DAMAGE COMBAT A42 4
DAMAGE COMBAT A71 1
DAMAGE COMBAT A73 6
DAMAGE COMBAT B34 4
DAMAGE COMBAT B46 2
DAMAGE COMBAT B51 3
DAMAGE COMBAT B66 1
END TURN 198
TURN 199
COMMAND LEFT START
MOVE A88 100
MOVE A87 100
TRAIN 3
COMMAND LEFT END
COMMAND RIGHT START
MOVE B86 82
MOVE B87 82
MOVE B94 125
MOVE B95 125
MOVE B98 187
MOVE B99 187
TRAIN 2
COMMAND RIGHT END
TURN 199 RESULT
TIME LEFT 0 5 RIGHT 0 5
TRAIN A89 A90 A91 B100 B101
MOVE A67 125
MOVE A70 83
MOVE A71 100
MOVE A72 100
MOVE A74 100
MOVE A75 100
MOVE A76 89
MOVE A77 89
MOVE A82 53
MOVE A83 53
MOVE A84 53
MOVE A87 4
MOVE A88 4
MOVE B22 132
MOVE B30 171
MOVE B74 165
MOVE B77 118
MOVE B78 114
MOVE B82 82
MOVE B83 82
MOVE B86 105
MOVE B87 105
MOVE B89 125
MOVE B90 141
MOVE B91 141
MOVE B92 161
MOVE B93 161
MOVE B94 173
MOVE B95 173
MOVE B96 187
MOVE B97 187
MOVE B98 194
MOVE B99 194
DAMAGE TURRET A67 2
DAMAGE TURRET B46 1
DAMAGE COMBAT A42 3
DAMAGE COMBAT A45 1
DAMAGE COMBAT A67 4
DAMAGE COMBAT B14 1
DAMAGE COMBAT B46 2
DAMAGE COMBAT B56 3
END TURN 199
TURN 200
COMMAND LEFT START
MOVE A75 146
TRAIN 2
COMMAND LEFT END
COMMAND RIGHT START
MOVE B88 125
MOVE B96 149
MOVE B97 125
MOVE B100 187
MOVE B101 187
TRAIN 2
COMMAND RIGHT END
TURN 200 RESULT
TIME LEFT 0 5 RIGHT 0 5
TRAIN A92 A93 B102 B103
MOVE A70 86
MOVE A75 111
MOVE A76 100
MOVE A77 100
MOVE A82 64
MOVE A83 64
MOVE A84 64
MOVE A87 14
MOVE A88 14
MOVE B22 131
MOVE B30 166
MOVE B78 108
MOVE B86 92
MOVE B87 92
MOVE B88 133
MOVE B90 125
MOVE B91 125
MOVE B92 141
MOVE B93 141
MOVE B94 161
MOVE B95 161
MOVE B96 173
MOVE B97 173
MOVE B98 187
MOVE B99 187
MOVE B100 194
MOVE B101 194
DAMAGE TURRET A67 2
DAMAGE TURRET B56 1
DAMAGE COMBAT A45 3
DAMAGE COMBAT B14 1
DAMAGE COMBAT B56 1
DAMAGE COMBAT B68 3
END TURN 200
TURN 201
COMMAND LEFT START
MOVE A77 118
MOVE A76 118
MOVE A74 118
MOVE A72 118
MOVE A71 118
MOVE A69 118
MOVE A68 118
MOVE A66 118
MOVE A65 118
MOVE A64 118
MOVE A63 118
MOVE A62 118
MOVE A61 118
MOVE A60 118
MOVE A59 118
MOVE A58 118
MOVE A57 118
MOVE A56 118
MOVE A55 118
MOVE A54 118
MOVE A53 118
COMMAND LEFT END
COMMAND RIGHT START
MOVE B49 82
MOVE B89 82
MOVE B90 82
MOVE B91 82
MOVE B98 125
MOVE B99 125
MOVE B102 187
MOVE B103 187
TRAIN 2
COMMAND RIGHT END
TURN 201 RESULT
TIME LEFT 0 5 RIGHT 0 5
TRAIN B104 B105
MOVE A53 112
MOVE A54 112
MOVE A55 112
MOVE A56 112
MOVE A57 112
MOVE A58 112
MOVE A59 112
MOVE A60 112
MOVE A61 112
MOVE A62 112
MOVE A63 112
MOVE A64 112
MOVE A65 112
MOVE A66 112
MOVE A68 112
MOVE A69 112
MOVE A70 92
MOVE A71 112
MOVE A72 112
MOVE A74 112
MOVE A75 129
MOVE A76 112
MOVE A77 112
MOVE A82 71
MOVE A83 71
MOVE A84 71
MOVE A87 20
MOVE A88 20
MOVE B22 118
MOVE B30 165
MOVE B49 105
MOVE B78 103
MOVE B86 82
MOVE B87 82
MOVE B88 125
MOVE B89 105
MOVE B90 105
MOVE B91 105
MOVE B92 125
MOVE B93 125
MOVE B94 141
MOVE B95 141
MOVE B96 161
MOVE B97 161
MOVE B98 173
MOVE B99 173
MOVE B100 187
MOVE B101 187
MOVE B102 194
MOVE B103 194
DAMAGE TURRET B68 1
DAMAGE COMBAT A45 3
DAMAGE COMBAT B68 1
DAMAGE COMBAT B76 3
END TURN 201
TURN 202
COMMAND LEFT START
MOVE A93 100
MOVE A92 100
MOVE A91 100
MOVE A90 100
MOVE A89 100
MOVE A86 100
MOVE A85 100
MOVE A81 100
MOVE A80 182
MOVE A79 100
MOVE A78 100
TRAIN 2
COMMAND LEFT END
COMMAND RIGHT START
MOVE B88 82
MOVE B92 82
MOVE B93 82
MOVE B100 125
MOVE B101 125
MOVE B104 187
MOVE B105 187
TRAIN 2
COMMAND RIGHT END
TURN 202 RESULT
TIME LEFT 0 5 RIGHT 0 5
TRAIN A94 A95 B106 B107
MOVE A53 117
MOVE A54 117
MOVE A55 117
MOVE A56 117
MOVE A57 117
MOVE A58 117
MOVE A59 117
MOVE A60 117
MOVE A61 117
MOVE A62 117
MOVE A63 117
MOVE A64 117
MOVE A65 117
MOVE A66 117
MOVE A68 117
MOVE A69 117
MOVE A70 97
MOVE A71 117
MOVE A72 117
MOVE A74 117
MOVE A75 136
MOVE A76 117
MOVE A77 117
MOVE A78 4
MOVE A79 4
MOVE A80 7
MOVE A81 4
MOVE A82 89
MOVE A83 89
MOVE A84 89
MOVE A85 4
MOVE A86 4
MOVE A87 40
MOVE A88 40
MOVE A89 4
MOVE A90 4
MOVE A91 4
MOVE A92 4
MOVE A93 4
MOVE B49 92
MOVE B88 105
MOVE B89 92
MOVE B90 92
MOVE B91 92
MOVE B92 105
MOVE B93 105
MOVE B94 125
MOVE B95 125
MOVE B96 149
MOVE B97 141
MOVE B98 161
MOVE B99 161
MOVE B100 173
MOVE B101 173
MOVE B102 187
MOVE B103 187
MOVE B104 194
MOVE B105 194
DAMAGE TURRET A70 2
DAMAGE TURRET B76 1
DAMAGE COMBAT A46 2
DAMAGE COMBAT A70 3
DAMAGE COMBAT B9 1
DAMAGE COMBAT B76 2
DAMAGE COMBAT B78 1
END TURN 202
TURN 203
COMMAND LEFT START
MOVE A95 100
MOVE A94 100
TRAIN 3
COMMAND LEFT END
COMMAND RIGHT START
MOVE B45 97
MOVE B48 97
MOVE B94 82
MOVE B102 125
MOVE B103 125
MOVE B106 187
MOVE B107 187
TRAIN 2
COMMAND RIGHT END
TURN 203 RESULT
TIME LEFT 0 5 RIGHT 0 5
TRAIN A96 A97 A98 B108 B109
MOVE A53 114
MOVE A54 114
MOVE A55 114
MOVE A56 114
MOVE A57 114
MOVE A58 114
MOVE A59 114
MOVE A60 114
MOVE A61 114
MOVE A62 114
MOVE A63 114
MOVE A64 114
MOVE A65 114
MOVE A66 114
MOVE A68 114
MOVE A69 114
MOVE A71 114
MOVE A72 114
MOVE A74 114
MOVE A75 146
MOVE A76 114
MOVE A77 114
MOVE A78 14
MOVE A79 14
MOVE A80 16
MOVE A81 14
MOVE A82 100
MOVE A83 100
MOVE A84 100
MOVE A85 14
MOVE A86 14
MOVE A87 53
MOVE A88 53
MOVE A89 14
MOVE A90 14
MOVE A91 14
MOVE A92 14
MOVE A93 14
MOVE A94 4
MOVE A95 4
MOVE B45 92
MOVE B48 92
MOVE B49 82
MOVE B88 92
MOVE B89 82
MOVE B90 82
MOVE B91 82
MOVE B92 92
MOVE B93 92
MOVE B94 105
MOVE B97 125
MOVE B98 141
MOVE B99 141
MOVE B100 161
MOVE B101 161
MOVE B102 173
MOVE B103 173
MOVE B104 187
MOVE B105 187
MOVE B106 194
MOVE B107 194
DAMAGE TURRET A70 2
DAMAGE TURRET A75 2
DAMAGE TURRET B78 1
DAMAGE COMBAT A46 1
DAMAGE COMBAT A70 1
DAMAGE COMBAT A75 3
DAMAGE COMBAT B9 1
DAMAGE COMBAT B31 1
DAMAGE COMBAT B78 3
END TURN 203
TURN 204
COMMAND LEFT START
MOVE A84 82
MOVE A98 100
MOVE A97 100
MOVE A96 100
TRAIN 2
COMMAND LEFT END
COMMAND RIGHT START
MOVE B38 82
MOVE B42 82
MOVE B50 146
MOVE B95 82
MOVE B96 146
MOVE B97 82
MOVE B104 149
MOVE B105 160
MOVE B108 187
MOVE B109 187
TRAIN 2
COMMAND RIGHT END
TURN 204 RESULT
TIME LEFT 0 5 RIGHT 0 5
TRAIN A99 A100 B110 B111
MOVE A53 118
MOVE A54 118
MOVE A55 118
MOVE A56 118
MOVE A57 118
MOVE A58 118
MOVE A59 118
MOVE A60 118
MOVE A61 118
MOVE A62 118
MOVE A63 118
MOVE A64 118
MOVE A65 118
MOVE A66 118
MOVE A68 118
MOVE A69 118
MOVE A71 118
MOVE A72 118
MOVE A74 118
MOVE A76 118
MOVE A77 118
MOVE A78 20
MOVE A79 20
MOVE A80 24
MOVE A81 20
MOVE A84 88
MOVE A85 20
MOVE A86 20
MOVE A87 64
MOVE A88 64
MOVE A89 20
MOVE A90 20
MOVE A91 20
MOVE A92 20
MOVE A93 20
MOVE A94 14
MOVE A95 14
MOVE A96 4
MOVE A97 4
MOVE A98 4
MOVE B38 92
MOVE B42 92
MOVE B45 97
MOVE B48 97
MOVE B50 146
MOVE B88 82
MOVE B92 82
MOVE B93 82
MOVE B94 92
MOVE B95 105
MOVE B96 140
MOVE B97 105
MOVE B98 125
MOVE B99 125
MOVE B100 141
MOVE B101 141
MOVE B102 161
MOVE B103 161
MOVE B104 173
MOVE B105 183
MOVE B106 187
MOVE B107 187
MOVE B108 194
MOVE B109 194
DAMAGE TURRET A60 2
DAMAGE TURRET A75 2
DAMAGE TURRET B78 1
DAMAGE COMBAT A46 1
DAMAGE COMBAT A60 1
DAMAGE COMBAT A71 2
DAMAGE COMBAT A75 1
DAMAGE COMBAT B22 5
DAMAGE COMBAT B31 1
DAMAGE COMBAT B43 5
DAMAGE COMBAT B77 6
SIEGE B 118 5
END TURN 204
TURN 205
COMMAND LEFT START
MOVE A52 100
MOVE A100 100
MOVE A99 100
UPGRADE 103
COMMAND LEFT END
COMMAND RIGHT START
MOVE B28 118
MOVE B30 118
MOVE B45 125
MOVE B48 125
MOVE B49 118
MOVE B50 118
MOVE B53 118
MOVE B54 118
MOVE B55 118
MOVE B57 118
MOVE B58 118
MOVE B59 118
MOVE B60 118
MOVE B61 118
MOVE B62 118
MOVE B63 118
MOVE B64 146
MOVE B66 146
MOVE B67 146
MOVE B69 118
MOVE B70 118
MOVE B73 118
MOVE B74 118
MOVE B75 118
MOVE B79 118
MOVE B82 97
MOVE B83 97
MOVE B84 146
MOVE B85 146
MOVE B98 118
MOVE B99 118
MOVE B106 200
MOVE B107 200
MOVE B110 182
MOVE B111 182
TRAIN 2
COMMAND RIGHT END
TURN 205 RESULT
TIME LEFT 0 5 RIGHT 0 5
UPGRADE A 103
TRAIN B112 B113
MOVE A52 108
MOVE A78 40
MOVE A79 40
MOVE A80 32
MOVE A81 40
MOVE A84 83
MOVE A85 40
MOVE A86 40
MOVE A87 71
MOVE A88 71
MOVE A89 40
MOVE A90 40
MOVE A91 40
MOVE A92 40
MOVE A93 40
MOVE A94 20
MOVE A95 20
MOVE A96 14
MOVE A97 14
MOVE A98 14
MOVE A99 4
MOVE A100 4
MOVE B28 171
MOVE B30 152
MOVE B38 82
MOVE B42 82
MOVE B45 105
MOVE B48 105
MOVE B49 86
MOVE B50 138
MOVE B53 86
MOVE B54 86
MOVE B55 86
MOVE B57 86
MOVE B58 86
MOVE B59 86
MOVE B60 86
MOVE B61 86
MOVE B62 86
MOVE B63 86
MOVE B64 86
MOVE B66 86
MOVE B67 86
MOVE B69 138
MOVE B70 138
MOVE B73 171
MOVE B74 152
MOVE B75 86
MOVE B79 86
MOVE B82 92
MOVE B83 92
MOVE B84 169
MOVE B85 169
MOVE B94 82
MOVE B95 92
MOVE B96 147
MOVE B97 92
MOVE B98 120
MOVE B99 120
MOVE B100 125
MOVE B101 125
MOVE B102 141
MOVE B103 141
MOVE B104 161
MOVE B105 176
MOVE B106 194
MOVE B107 194
MOVE B108 187
MOVE B109 187
MOVE B110 196
MOVE B111 196
DAMAGE TURRET A71 2
SIEGE B 118 13
END TURN 205
TURN 206
COMMAND LEFT START
MOVE A53 100
MOVE A54 100
MOVE A55 100
MOVE A56 100
MOVE A57 100
MOVE A58 100
MOVE A59 100
MOVE A61 100
MOVE A62 100
MOVE A63 100
MOVE A64 100
MOVE A65 100
MOVE A66 100
MOVE A68 100
MOVE A69 100
MOVE A71 100
MOVE A72 100
MOVE A74 100
MOVE A76 100
UPGRADE 118
COMMAND LEFT END
COMMAND RIGHT START
MOVE B80 185
MOVE B81 185
MOVE B100 82
MOVE B101 82
MOVE B108 125
MOVE B109 125
MOVE B112 187
MOVE B113 187
TRAIN 2
COMMAND RIGHT END
TURN 206 RESULT
TIME LEFT 0 5 RIGHT 0 5
UPGRADE A 118
TRAIN B114 B115
MOVE A52 114
MOVE A53 114
MOVE A54 114
MOVE A55 114
MOVE A56 114
MOVE A57 114
MOVE A58 114
MOVE A59 114
MOVE A61 114
MOVE A62 114
MOVE A63 114
MOVE A64 114
MOVE A65 114
MOVE A66 114
MOVE A68 114
MOVE A69 114
MOVE A71 114
MOVE A72 114
MOVE A74 114
MOVE A76 114
MOVE A78 53
MOVE A79 53
MOVE A80 43
MOVE A81 53
MOVE A84 86
MOVE A85 53
MOVE A86 53
MOVE A87 89
MOVE A88 89
MOVE A89 53
MOVE A90 53
MOVE A91 53
MOVE A92 53
MOVE A93 53
MOVE A94 40
MOVE A95 40
MOVE A96 20
MOVE A97 20
MOVE A98 20
MOVE A99 14
MOVE A100 14
MOVE B28 145
MOVE B30 137
MOVE B45 125
MOVE B48 125
MOVE B49 83
MOVE B50 132
MOVE B53 83
MOVE B54 83
MOVE B55 83
MOVE B57 83
MOVE B58 83
MOVE B59 83
MOVE B60 83
MOVE B61 83
MOVE B62 83
MOVE B63 83
MOVE B64 109
MOVE B66 109
MOVE B67 109
MOVE B69 132
MOVE B70 132
MOVE B73 145
MOVE B74 137
MOVE B75 83
MOVE B79 83
MOVE B80 199
MOVE B81 199
MOVE B82 97
MOVE B83 97
MOVE B84 146
MOVE B85 146
MOVE B95 82
MOVE B96 146
MOVE B97 82
MOVE B98 129
MOVE B99 129
MOVE B100 105
MOVE B101 105
MOVE B102 125
MOVE B103 125
MOVE B104 149
MOVE B105 168
MOVE B106 200
MOVE B107 200
MOVE B108 173
MOVE B109 173
MOVE B110 192
MOVE B111 192
MOVE B112 194
MOVE B113 194
END TURN 206
TURN 207
COMMAND LEFT START
UPGRADE 118
COMMAND LEFT END
COMMAND RIGHT START
MOVE B84 82
MOVE B85 82
MOVE B102 82
MOVE B103 82
MOVE B114 187
MOVE B115 187
TRAIN 2
COMMAND RIGHT END
TURN 207 RESULT
TIME LEFT 0 5 RIGHT 0 5
UPGRADE A 118
TRAIN B116 B117
MOVE A52 117
MOVE A53 117
MOVE A54 117
MOVE A55 117
MOVE A56 117
MOVE A57 117
MOVE A58 117
MOVE A59 117
MOVE A61 117
MOVE A62 117
MOVE A63 117
MOVE A64 117
MOVE A65 117
MOVE A66 117
MOVE A68 117
MOVE A69 117
MOVE A71 117
MOVE A72 117
MOVE A74 117
MOVE A76 117
MOVE A78 64
MOVE A79 64
MOVE A80 60
MOVE A81 64
MOVE A84 82
MOVE A85 64
MOVE A86 64
MOVE A87 100
MOVE A88 100
MOVE A89 64
MOVE A90 64
MOVE A91 64
MOVE A92 64
MOVE A93 64
MOVE A94 53
MOVE A95 53
MOVE A96 40
MOVE A97 40
MOVE A98 40
MOVE A99 20
MOVE A100 20
MOVE B28 131
MOVE B30 118
MOVE B49 88
MOVE B50 131
MOVE B53 88
MOVE B54 88
MOVE B55 88
MOVE B57 88
MOVE B58 88
MOVE B59 88
MOVE B60 88
MOVE B61 88
MOVE B62 88
MOVE B63 88
MOVE B64 106
MOVE B66 106
MOVE B67 106
MOVE B69 131
MOVE B70 131
MOVE B73 131
MOVE B74 118
MOVE B75 88
MOVE B79 88
MOVE B80 198
MOVE B81 198
MOVE B84 136
MOVE B85 136
MOVE B98 124
MOVE B99 124
MOVE B100 92
MOVE B101 92
MOVE B102 105
MOVE B103 105
MOVE B105 160
MOVE B108 161
MOVE B109 161
MOVE B110 182
MOVE B111 182
MOVE B112 187
MOVE B113 187
MOVE B114 194
MOVE B115 194
DAMAGE TURRET A84 2
DAMAGE TURRET B30 1
DAMAGE COMBAT A77 2
DAMAGE COMBAT A84 6
DAMAGE COMBAT B7 1
DAMAGE COMBAT B30 1
END TURN 207
TURN 208
COMMAND LEFT START
MOVE A14 103
MOVE A25 103
MOVE A27 75
MOVE A33 75
TRAIN 2
COMMAND LEFT END
COMMAND RIGHT START
MOVE B112 125
MOVE B113 125
MOVE B116 187
MOVE B117 187
TRAIN 2
COMMAND RIGHT END
TURN 208 RESULT
TIME LEFT 0 5 RIGHT 0 5
TRAIN A101 A102 B118 B119
MOVE A14 95
MOVE A25 95
MOVE A27 94
MOVE A33 94
MOVE A52 112
MOVE A53 112
MOVE A54 112
MOVE A55 112
MOVE A56 112
MOVE A57 112
MOVE A58 112
MOVE A59 112
MOVE A61 112
MOVE A62 112
MOVE A63 112
MOVE A64 112
MOVE A65 112
MOVE A66 112
MOVE A68 112
MOVE A69 112
MOVE A71 112
MOVE A72 112
MOVE A74 112
MOVE A76 112
MOVE A78 71
MOVE A79 71
MOVE A80 80
MOVE A81 71
MOVE A85 71
MOVE A86 71
MOVE A89 71
MOVE A90 71
MOVE A91 71
MOVE A92 71
MOVE A93 71
MOVE A94 64
MOVE A95 64
MOVE A96 53
MOVE A97 53
MOVE A98 53
MOVE A99 40
MOVE A100 40
MOVE B28 118
MOVE B49 100
MOVE B50 118
MOVE B53 100
MOVE B54 100
MOVE B55 100
MOVE B57 100
MOVE B58 100
MOVE B59 100
MOVE B60 100
MOVE B61 100
MOVE B62 100
MOVE B63 100
MOVE B64 129
MOVE B66 129
MOVE B67 129
MOVE B69 118
MOVE B70 118
MOVE B73 118
MOVE B75 100
MOVE B79 100
MOVE B80 188
MOVE B81 188
MOVE B84 129
MOVE B85 129
MOVE B98 117
MOVE B99 117
MOVE B100 82
MOVE B101 82
MOVE B102 92
MOVE B103 92
MOVE B108 141
MOVE B109 141
MOVE B112 173
MOVE B113 173
MOVE B114 187
MOVE B115 187
MOVE B116 194
MOVE B117 194
DAMAGE TURRET B30 1
DAMAGE TURRET B49 2
DAMAGE COMBAT A77 6
DAMAGE COMBAT A82 8
DAMAGE COMBAT A83 5
DAMAGE COMBAT B30 1
DAMAGE COMBAT B49 3
DAMAGE COMBAT B53 1
SIEGE A 118 1
END TURN 208
TURN 209
COMMAND LEFT START
MOVE A2 103
MOVE A13 103
MOVE A15 54
MOVE A24 54
TRAIN 3
COMMAND LEFT END
COMMAND RIGHT START
MOVE B28 82
MOVE B30 82
MOVE B50 82
MOVE B69 82
MOVE B70 82
MOVE B73 82
MOVE B74 82
MOVE B114 125
MOVE B115 125
MOVE B118 187
MOVE B119 187
TRAIN 2
COMMAND RIGHT END
TURN 209 RESULT
TIME LEFT 0 5 RIGHT 0 5
TRAIN A103 A104 A105 B120 B121
MOVE A2 53
MOVE A13 53
MOVE A14 103
MOVE A15 4
MOVE A24 4
MOVE A25 103
MOVE A27 80
MOVE A33 80
MOVE A52 100
MOVE A53 100
MOVE A54 100
MOVE A55 100
MOVE A56 100
MOVE A57 100
MOVE A58 100
MOVE A59 100
MOVE A61 100
MOVE A62 100
MOVE A63 100
MOVE A64 100
MOVE A65 100
MOVE A66 100
MOVE A68 100
MOVE A69 100
MOVE A71 100
MOVE A72 100
MOVE A74 100
MOVE A76 100
MOVE A78 89
MOVE A79 89
MOVE A80 91
MOVE A81 89
MOVE A85 89
MOVE A86 89
MOVE A89 89
MOVE A90 89
MOVE A91 89
MOVE A92 89
MOVE A93 89
MOVE A94 71
MOVE A95 71
MOVE A96 64
MOVE A97 64
MOVE A98 64
MOVE A99 53
MOVE A100 53
MOVE B28 114
MOVE B30 114
MOVE B50 114
MOVE B64 136
MOVE B66 136
MOVE B67 136
MOVE B69 114
MOVE B70 114
MOVE B73 114
MOVE B74 114
MOVE B80 185
MOVE B81 185
MOVE B84 106
MOVE B85 106
MOVE B98 114
MOVE B99 114
MOVE B102 82
MOVE B103 82
MOVE B108 125
MOVE B109 125
MOVE B112 161
MOVE B113 161
MOVE B114 173
MOVE B115 173
MOVE B116 187
MOVE B117 187
MOVE B118 194
MOVE B119 194
DAMAGE TURRET B53 2
DAMAGE COMBAT A52 7
DAMAGE COMBAT A71 2
DAMAGE COMBAT A83 3
DAMAGE COMBAT B53 2
DAMAGE COMBAT B54 5
DAMAGE COMBAT B55 5
DAMAGE COMBAT B57 5
DAMAGE COMBAT B58 5
DAMAGE COMBAT B59 1
END TURN 209
TURN 210
COMMAND LEFT START
MOVE A3 103
MOVE A4 103
MOVE A26 103
MOVE A36 103
MOVE A14 118
MOVE A51 13
MOVE A25 13
TRAIN 2
COMMAND LEFT END
COMMAND RIGHT START
MOVE B31 165
MOVE B96 165
MOVE B108 82
MOVE B109 82
MOVE B116 125
MOVE B117 125
MOVE B120 187
MOVE B121 187
TRAIN 2
COMMAND RIGHT END
TURN 210 RESULT
TIME LEFT 0 5 RIGHT 0 5
TRAIN A106 A107 B122 B123
MOVE A2 60
MOVE A3 27
MOVE A4 27
MOVE A13 60
MOVE A14 108
MOVE A15 14
MOVE A24 14
MOVE A25 84
MOVE A26 7
MOVE A27 75
MOVE A33 75
MOVE A36 7
MOVE A51 6
MOVE A78 100
MOVE A79 100
MOVE A80 117
MOVE A81 100
MOVE A85 100
MOVE A86 100
MOVE A89 100
MOVE A90 100
MOVE A91 100
MOVE A92 100
MOVE A93 100
MOVE A94 89
MOVE A95 89
MOVE A96 71
MOVE A97 71
MOVE A98 71
MOVE A99 64
MOVE A100 64
MOVE B28 117
MOVE B30 117
MOVE B31 159
MOVE B50 117
MOVE B64 146
MOVE B66 146
MOVE B67 146
MOVE B69 117
MOVE B70 117
MOVE B73 117
MOVE B74 117
MOVE B84 109
MOVE B85 109
MOVE B96 159
MOVE B98 118
MOVE B99 118
MOVE B108 105
MOVE B109 105
MOVE B112 141
MOVE B113 141
MOVE B114 161
MOVE B115 161
MOVE B116 173
MOVE B117 173
MOVE B118 187
MOVE B119 187
MOVE B120 194
MOVE B121 194
DAMAGE TURRET B59 2
DAMAGE TURRET B98 1
DAMAGE COMBAT A53 7
DAMAGE COMBAT A80 7
DAMAGE COMBAT B30 1
DAMAGE COMBAT B59 2
DAMAGE COMBAT B60 5
DAMAGE COMBAT B61 5
DAMAGE COMBAT B62 5
DAMAGE COMBAT B63 5
DAMAGE COMBAT B75 6
DAMAGE COMBAT B79 2
SIEGE A 118 2
END TURN 210
TURN 211
COMMAND LEFT START
MOVE A107 54
MOVE A106 54
TRAIN 1
COMMAND LEFT END
COMMAND RIGHT START
MOVE B98 82
MOVE B99 82
MOVE B118 125
MOVE B119 125
MOVE B122 187
MOVE B123 187
TRAIN 2
COMMAND RIGHT END
TURN 211 RESULT
TIME LEFT 0 5 RIGHT 0 5
TRAIN A108 B124 B125
MOVE A2 67
MOVE A3 39
MOVE A4 39
MOVE A13 67
MOVE A14 118
MOVE A15 20
MOVE A24 20
MOVE A25 73
MOVE A26 17
MOVE A36 17
MOVE A51 13
MOVE A94 100
MOVE A95 100
MOVE A96 89
MOVE A97 89
MOVE A98 89
MOVE A99 71
MOVE A100 71
MOVE A106 4
MOVE A107 4
MOVE B31 167
MOVE B84 86
MOVE B85 86
MOVE B96 167
MOVE B98 114
MOVE B99 114
MOVE B108 92
MOVE B109 92
MOVE B112 125
MOVE B113 125
MOVE B114 141
MOVE B115 141
MOVE B116 161
MOVE B117 161
MOVE B118 173
MOVE B119 173
MOVE B120 187
MOVE B121 187
MOVE B122 194
MOVE B123 194
DAMAGE TURRET B79 2
DAMAGE COMBAT A53 1
DAMAGE COMBAT A80 1
DAMAGE COMBAT B28 1
DAMAGE COMBAT B79 2
END TURN 211
TURN 212
COMMAND LEFT START
MOVE A101 118
MOVE A95 82
COMMAND LEFT END
COMMAND RIGHT START
MOVE B112 82
MOVE B113 82
MOVE B120 125
MOVE B121 125
MOVE B124 187
MOVE B125 187
TRAIN 2
COMMAND RIGHT END
TURN 212 RESULT
TIME LEFT 0 5 RIGHT 0 5
TRAIN B126 B127
MOVE A2 75
MOVE A3 59
MOVE A4 59
MOVE A13 75
MOVE A15 40
MOVE A24 40
MOVE A25 59
MOVE A26 38
MOVE A36 38
MOVE A95 88
MOVE A96 100
MOVE A97 100
MOVE A98 100
MOVE A99 89
MOVE A100 89
MOVE A101 7
MOVE A106 14
MOVE A107 14
MOVE B28 112
MOVE B31 171
MOVE B50 112
MOVE B69 112
MOVE B70 112
MOVE B73 112
MOVE B74 112
MOVE B84 82
MOVE B85 82
MOVE B96 171
MOVE B98 117
MOVE B99 117
MOVE B108 82
MOVE B109 82
MOVE B112 105
MOVE B113 105
MOVE B114 125
MOVE B115 125
MOVE B116 141
MOVE B117 141
MOVE B118 161
MOVE B119 161
MOVE B120 173
MOVE B121 173
MOVE B122 187
MOVE B123 187
MOVE B124 194
MOVE B125 194
END TURN 212
TURN 213
COMMAND LEFT START
UPGRADE 103
COMMAND LEFT END
COMMAND RIGHT START
MOVE B114 82
MOVE B115 82
MOVE B122 125
MOVE B123 125
MOVE B126 187
MOVE B127 187
TRAIN 2
COMMAND RIGHT END
TURN 213 RESULT
TIME LEFT 0 5 RIGHT 0 5
UPGRADE A 103
TRAIN B128 B129
MOVE A2 95
MOVE A3 73
MOVE A4 73
MOVE A13 95
MOVE A15 54
MOVE A24 54
MOVE A25 39
MOVE A26 51
MOVE A36 51
MOVE A95 83
MOVE A99 100
MOVE A100 100
MOVE A101 17
MOVE A106 20
MOVE A107 20
MOVE B28 100
MOVE B31 166
MOVE B50 100
MOVE B69 100
MOVE B70 100
MOVE B73 100
MOVE B74 100
MOVE B96 166
MOVE B98 112
MOVE B99 112
MOVE B112 92
MOVE B113 92
MOVE B114 105
MOVE B115 105
MOVE B116 125
MOVE B117 125
MOVE B118 141
MOVE B119 141
MOVE B120 161
MOVE B121 161
MOVE B122 173
MOVE B123 173
MOVE B124 187
MOVE B125 187
MOVE B126 194
MOVE B127 194
DAMAGE TURRET B28 2
DAMAGE COMBAT A54 6
DAMAGE COMBAT B28 2
DAMAGE COMBAT B50 5
DAMAGE COMBAT B69 5
DAMAGE COMBAT B70 5
DAMAGE COMBAT B73 6
DAMAGE COMBAT B74 6
END TURN 213
TURN 214
COMMAND LEFT START
MOVE A100 200
MOVE A99 200
MOVE A98 200
MOVE A97 200
MOVE A96 200
MOVE A94 200
MOVE A93 200
MOVE A92 200
MOVE A91 200
MOVE A90 200
MOVE A89 200
MOVE A88 200
MOVE A87 200
MOVE A86 200
MOVE A85 200
MOVE A81 200
MOVE A79 200
MOVE A78 200
MOVE A76 200
MOVE A74 200
MOVE A72 200
MOVE A69 200
MOVE A68 200
MOVE A66 200
MOVE A65 200
MOVE A64 200
MOVE A63 200
MOVE A62 200
MOVE A61 200
MOVE A59 200
MOVE A58 200
MOVE A57 200
MOVE A56 200
COMMAND LEFT END
COMMAND RIGHT START
MOVE B116 82
MOVE B117 82
MOVE B124 125
MOVE B125 125
MOVE B128 187
MOVE B129 187
TRAIN 2
COMMAND RIGHT END
TURN 214 RESULT
TIME LEFT 0 5 RIGHT 0 5
TRAIN B130 B131
MOVE A2 103
MOVE A3 84
MOVE A4 84
MOVE A13 103
MOVE A25 27
MOVE A26 67
MOVE A36 67
MOVE A56 111
MOVE A57 111
MOVE A58 111
MOVE A59 111
MOVE A61 111
MOVE A62 111
MOVE A63 111
MOVE A64 111
MOVE A65 111
MOVE A66 111
MOVE A68 111
MOVE A69 111
MOVE A72 111
MOVE A74 111
MOVE A76 111
MOVE A78 111
MOVE A79 111
MOVE A81 111
MOVE A85 111
MOVE A86 111
MOVE A87 111
MOVE A88 111
MOVE A89 111
MOVE A90 111
MOVE A91 111
MOVE A92 111
MOVE A93 111
MOVE A94 111
MOVE A95 86
MOVE A96 111
MOVE A97 111
MOVE A98 111
MOVE A99 111
MOVE A100 111
MOVE A101 38
MOVE A106 40
MOVE A107 40
MOVE B31 165
MOVE B96 165
MOVE B98 100
MOVE B99 100
MOVE B112 82
MOVE B113 82
MOVE B114 92
MOVE B115 92
MOVE B116 105
MOVE B117 105
MOVE B118 125
MOVE B119 125
MOVE B120 141
MOVE B121 141
MOVE B122 161
MOVE B123 161
MOVE B124 173
MOVE B125 173
MOVE B126 187
MOVE B127 187
MOVE B128 194
MOVE B129 194
DAMAGE TURRET B98 2
DAMAGE COMBAT A54 2
DAMAGE COMBAT B98 2
END TURN 214
TURN 215
COMMAND LEFT START
MOVE A47 54
TRAIN 2
COMMAND LEFT END
COMMAND RIGHT START
MOVE B118 82
MOVE B119 82
MOVE B126 125
MOVE B127 125
MOVE B130 187
MOVE B131 187
TRAIN 2
COMMAND RIGHT END
TURN 215 RESULT
TIME LEFT 0 5 RIGHT 0 5
TRAIN A109 A110 B132 B133
MOVE A3 103
MOVE A4 103
MOVE A25 13
MOVE A26 75
MOVE A36 75
MOVE A47 95
MOVE A56 129
MOVE A57 129
MOVE A58 129
MOVE A59 129
MOVE A61 129
MOVE A62 129
MOVE A63 129
MOVE A64 129
MOVE A65 129
MOVE A66 129
MOVE A68 129
MOVE A69 129
MOVE A72 129
MOVE A74 129
MOVE A76 129
MOVE A78 129
MOVE A79 129
MOVE A81 129
MOVE A85 129
MOVE A86 129
MOVE A87 129
MOVE A88 129
MOVE A89 129
MOVE A90 129
MOVE A91 129
MOVE A92 129
MOVE A93 129
MOVE A94 129
MOVE A95 82
MOVE A96 129
MOVE A97 129
MOVE A98 129
MOVE A99 129
MOVE A100 129
MOVE A101 51
MOVE A106 54
MOVE A107 54
MOVE B114 82
MOVE B115 82
MOVE B116 92
MOVE B117 92
MOVE B118 105
MOVE B119 105
MOVE B120 125
MOVE B121 125
MOVE B122 141
MOVE B123 141
MOVE B124 161
MOVE B125 161
MOVE B126 173
MOVE B127 173
MOVE B128 187
MOVE B129 187
MOVE B130 194
MOVE B131 194
DAMAGE TURRET A95 2
DAMAGE TURRET B98 1
DAMAGE TURRET B99 1
DAMAGE COMBAT A55 2
DAMAGE COMBAT A95 6
DAMAGE COMBAT B7 1
DAMAGE COMBAT B99 1
END TURN 215
TURN 216
COMMAND LEFT START
MOVE A110 54
MOVE A109 54
MOVE A46 54
MOVE A13 54
TRAIN 2
COMMAND LEFT END
COMMAND RIGHT START
MOVE B120 82
MOVE B121 82
MOVE B128 125
MOVE B129 125
MOVE B132 187
MOVE B133 187
TRAIN 2
COMMAND RIGHT END
TURN 216 RESULT
TIME LEFT 0 5 RIGHT 0 5
TRAIN A111 A112 B134 B135
MOVE A13 95
MOVE A26 95
MOVE A36 95
MOVE A46 95
MOVE A47 75
MOVE A56 136
MOVE A57 136
MOVE A58 136
MOVE A59 136
MOVE A61 136
MOVE A62 136
MOVE A63 136
MOVE A64 136
MOVE A65 136
MOVE A66 136
MOVE A68 136
MOVE A69 136
MOVE A72 136
MOVE A74 136
MOVE A76 136
MOVE A78 136
MOVE A79 136
MOVE A81 136
MOVE A85 136
MOVE A86 136
MOVE A87 136
MOVE A88 136
MOVE A89 136
MOVE A90 136
MOVE A91 136
MOVE A92 136
MOVE A93 136
MOVE A94 136
MOVE A96 136
MOVE A97 136
MOVE A98 136
MOVE A99 136
MOVE A100 136
MOVE A101 67
MOVE A109 4
MOVE A110 4
MOVE B116 82
MOVE B117 82
MOVE B118 92
MOVE B119 92
MOVE B120 105
MOVE B121 105
MOVE B122 125
MOVE B123 125
MOVE B124 141
MOVE B125 141
MOVE B126 161
MOVE B127 161
MOVE B128 173
MOVE B129 173
MOVE B130 187
MOVE B131 187
MOVE B132 194
MOVE B133 194
DAMAGE TURRET B99 2
DAMAGE COMBAT A55 1
DAMAGE COMBAT B99 1
END TURN 216
TURN 217
COMMAND LEFT START
MOVE A112 54
MOVE A111 54
TRAIN 2
COMMAND LEFT END
COMMAND RIGHT START
MOVE B122 82
MOVE B123 82
MOVE B130 125
MOVE B131 125
MOVE B134 187
MOVE B135 187
TRAIN 2
COMMAND RIGHT END
TURN 217 RESULT
TIME LEFT 0 5 RIGHT 0 5
TRAIN A113 A114 B136 B137
MOVE A13 75
MOVE A26 103
MOVE A36 103
MOVE A46 75
MOVE A47 67
MOVE A56 147
MOVE A57 147
MOVE A58 147
MOVE A59 147
MOVE A61 147
MOVE A62 147
MOVE A63 147
MOVE A64 147
MOVE A65 147
MOVE A66 147
MOVE A68 147
MOVE A69 147
MOVE A72 147
MOVE A74 147
MOVE A76 147
MOVE A78 147
MOVE A79 147
MOVE A81 147
MOVE A85 147
MOVE A86 147
MOVE A87 147
MOVE A88 147
MOVE A89 147
MOVE A90 147
MOVE A91 147
MOVE A92 147
MOVE A93 147
MOVE A94 147
MOVE A96 147
MOVE A97 147
MOVE A98 147
MOVE A99 147
MOVE A100 147
MOVE A101 75
MOVE A109 14
MOVE A110 14
MOVE A111 4
MOVE A112 4
MOVE B118 82
MOVE B119 82
MOVE B120 92
MOVE B121 92
MOVE B122 105
MOVE B123 105
MOVE B124 125
MOVE B125 125
MOVE B126 141
MOVE B127 141
MOVE B128 161
MOVE B129 161
MOVE B130 173
MOVE B131 173
MOVE B132 187
MOVE B133 187
MOVE B134 194
MOVE B135 194
DAMAGE TURRET B99 1
DAMAGE COMBAT A55 1
END TURN 217
TURN 218
COMMAND LEFT START
MOVE A15 100
MOVE A18 100
MOVE A114 100
MOVE A113 100
MOVE A36 100
MOVE A26 100
COMMAND LEFT END
COMMAND RIGHT START
MOVE B124 82
MOVE B125 82
MOVE B132 125
MOVE B133 125
MOVE B136 187
MOVE B137 187
TRAIN 2
COMMAND RIGHT END
TURN 218 RESULT
TIME LEFT 0 5 RIGHT 0 5
TRAIN B138 B139
MOVE A13 67
MOVE A15 64
MOVE A18 64
MOVE A26 108
MOVE A36 108
MOVE A46 67
MOVE A47 60
MOVE A56 160
MOVE A57 160
MOVE A58 160
MOVE A59 160
MOVE A61 160
MOVE A62 160
MOVE A63 160
MOVE A64 160
MOVE A65 160
MOVE A66 160
MOVE A68 160
MOVE A69 160
MOVE A72 160
MOVE A74 160
MOVE A76 160
MOVE A78 160
MOVE A79 160
MOVE A81 160
MOVE A85 160
MOVE A86 160
MOVE A87 160
MOVE A88 160
MOVE A89 160
MOVE A90 160
MOVE A91 160
MOVE A92 160
MOVE A93 160
MOVE A94 160
MOVE A96 160
MOVE A97 160
MOVE A98 160
MOVE A99 160
MOVE A100 160
MOVE A101 95
MOVE A109 20
MOVE A110 20
MOVE A111 14
MOVE A112 14
MOVE A113 4
MOVE A114 4
MOVE B120 82
MOVE B121 82
MOVE B122 92
MOVE B123 92
MOVE B124 105
MOVE B125 105
MOVE B126 125
MOVE B127 125
MOVE B128 141
MOVE B129 141
MOVE B130 161
MOVE B131 161
MOVE B132 173
MOVE B133 173
MOVE B134 187
MOVE B135 187
MOVE B136 194
MOVE B137 194
DAMAGE COMBAT A56 1
DAMAGE COMBAT B105 6
END TURN 218
TURN 219
COMMAND LEFT START
UPGRADE 118
COMMAND LEFT END
COMMAND RIGHT START
MOVE B31 185
MOVE B38 125
MOVE B42 125
MOVE B45 187
MOVE B48 187
MOVE B66 182
MOVE B67 182
MOVE B71 200
MOVE B72 200
MOVE B80 200
MOVE B81 200
MOVE B82 125
MOVE B83 125
MOVE B84 125
MOVE B85 125
MOVE B86 125
MOVE B87 125
MOVE B88 125
MOVE B89 125
MOVE B90 125
MOVE B91 125
MOVE B92 125
MOVE B93 125
MOVE B94 125
MOVE B95 125
MOVE B96 185
MOVE B97 146
MOVE B100 146
MOVE B101 125
MOVE B102 125
MOVE B103 146
MOVE B104 200
MOVE B108 146
MOVE B109 146
MOVE B110 200
MOVE B111 200
MOVE B112 146
MOVE B113 146
MOVE B114 146
MOVE B115 125
MOVE B116 125
MOVE B117 97
MOVE B118 97
MOVE B121 160
MOVE B126 187
MOVE B127 187
MOVE B134 200
MOVE B135 200
TRAIN 2
COMMAND RIGHT END
TURN 219 RESULT
TIME LEFT 0 5 RIGHT 0 5
UPGRADE A 118
TRAIN B140 B141
MOVE A13 60
MOVE A15 71
MOVE A18 71
MOVE A26 114
MOVE A36 114
MOVE A46 60
MOVE A47 53
MOVE A56 180
MOVE A57 180
MOVE A58 180
MOVE A59 180
MOVE A61 180
MOVE A62 180
MOVE A63 180
MOVE A64 180
MOVE A65 180
MOVE A66 180
MOVE A68 180
MOVE A69 180
MOVE A72 180
MOVE A74 180
MOVE A76 180
MOVE A78 180
MOVE A79 180
MOVE A81 180
MOVE A85 180
MOVE A86 180
MOVE A87 180
MOVE A88 180
MOVE A89 180
MOVE A90 180
MOVE A91 180
MOVE A92 180
MOVE A93 180
MOVE A94 180
MOVE A96 180
MOVE A97 180
MOVE A98 180
MOVE A99 180
MOVE A100 180
MOVE A101 108
MOVE A109 40
MOVE A110 40
MOVE A111 20
MOVE A112 20
MOVE A113 14
MOVE A114 14
MOVE B31 177
MOVE B38 92
MOVE B42 92
MOVE B45 141
MOVE B48 141
MOVE B66 169
MOVE B67 169
MOVE B71 194
MOVE B72 194
MOVE B80 188
MOVE B81 188
MOVE B82 105
MOVE B83 105
MOVE B84 92
MOVE B85 92
MOVE B86 92
MOVE B87 92
MOVE B88 92
MOVE B89 92
MOVE B90 92
MOVE B91 92
MOVE B92 92
MOVE B93 92
MOVE B94 92
MOVE B95 92
MOVE B96 177
MOVE B97 86
MOVE B100 86
MOVE B101 92
MOVE B102 92
MOVE B103 86
MOVE B104 162
MOVE B108 86
MOVE B109 86
MOVE B110 192
MOVE B111 192
MOVE B112 86
MOVE B113 86
MOVE B114 86
MOVE B115 92
MOVE B116 92
MOVE B117 92
MOVE B118 92
MOVE B121 86
MOVE B122 82
MOVE B123 82
MOVE B124 92
MOVE B125 92
MOVE B126 141
MOVE B127 141
MOVE B128 125
MOVE B129 125
MOVE B130 141
MOVE B131 141
MOVE B132 161
MOVE B133 161
MOVE B134 194
MOVE B135 194
MOVE B136 187
MOVE B137 187
END TURN 219
TURN 220
COMMAND LEFT START
TRAIN 1
COMMAND LEFT END
COMMAND RIGHT START
MOVE B8 200
MOVE B20 200
MOVE B33 187
MOVE B128 82
MOVE B129 82
MOVE B136 125
MOVE B137 125
MOVE B140 187
MOVE B141 187
TRAIN 2
COMMAND RIGHT END
TURN 220 RESULT
TIME LEFT 0 5 RIGHT 0 5
TRAIN A115 B142 B143
MOVE A13 53
MOVE A15 89
MOVE A18 89
MOVE A26 117
MOVE A36 117
MOVE A46 53
MOVE A47 54
MOVE A56 186
MOVE A57 186
MOVE A58 186
MOVE A59 186
MOVE A61 186
MOVE A62 186
MOVE A63 186
MOVE A64 186
MOVE A65 186
MOVE A66 186
MOVE A68 186
MOVE A69 186
MOVE A72 186
MOVE A74 186
MOVE A76 186
MOVE A78 186
MOVE A79 186
MOVE A81 186
MOVE A85 186
MOVE A86 186
MOVE A87 186
MOVE A88 186
MOVE A89 186
MOVE A90 186
MOVE A91 186
MOVE A92 186
MOVE A93 186
MOVE A94 186
MOVE A96 186
MOVE A97 186
MOVE A98 186
MOVE A99 186
MOVE A100 186
MOVE A101 118
MOVE A109 54
MOVE A110 54
MOVE A111 40
MOVE A112 40
MOVE A113 20
MOVE A114 20
MOVE B8 188
MOVE B20 192
MOVE B31 185
MOVE B33 141
MOVE B38 105
MOVE B42 105
MOVE B45 161
MOVE B48 161
MOVE B66 182
MOVE B67 182
MOVE B71 200
MOVE B72 200
MOVE B80 198
MOVE B81 198
MOVE B82 125
MOVE B83 125
MOVE B84 105
MOVE B85 105
MOVE B86 105
MOVE B87 105
MOVE B88 105
MOVE B89 105
MOVE B90 105
MOVE B91 105
MOVE B92 105
MOVE B93 105
MOVE B94 105
MOVE B95 105
MOVE B96 185
MOVE B97 109
MOVE B100 109
MOVE B101 105
MOVE B102 105
MOVE B103 109
MOVE B104 183
MOVE B108 109
MOVE B109 109
MOVE B110 196
MOVE B111 196
MOVE B112 109
MOVE B113 109
MOVE B114 109
MOVE B115 105
MOVE B116 105
MOVE B117 97
MOVE B118 97
MOVE B121 109
MOVE B124 82
MOVE B125 82
MOVE B126 161
MOVE B127 161
MOVE B128 105
MOVE B129 105
MOVE B130 125
MOVE B131 125
MOVE B132 141
MOVE B133 141
MOVE B134 200
MOVE B135 200
MOVE B136 173
MOVE B137 173
MOVE B140 194
MOVE B141 194
END TURN 220
TURN 221
COMMAND LEFT START
MOVE A24 118
MOVE A115 100
MOVE A110 82
MOVE A109 100
COMMAND LEFT END
COMMAND RIGHT START
MOVE B67 200
MOVE B82 187
MOVE B83 187
MOVE B96 200
MOVE B130 82
MOVE B131 82
MOVE B142 187
MOVE B143 187
TRAIN 2
COMMAND RIGHT END
TURN 221 RESULT
TIME LEFT 0 5 RIGHT 0 5
TRAIN B144 B145
MOVE A13 54
MOVE A15 100
MOVE A18 100
MOVE A24 64
MOVE A26 112
MOVE A36 112
MOVE A46 54
MOVE A56 196
MOVE A57 196
MOVE A58 196
MOVE A59 196
MOVE A61 196
MOVE A62 196
MOVE A63 196
MOVE A64 196
MOVE A65 196
MOVE A66 196
MOVE A68 196
MOVE A69 196
MOVE A72 196
MOVE A74 196
MOVE A76 196
MOVE A78 196
MOVE A79 196
MOVE A81 196
MOVE A85 196
MOVE A86 196
MOVE A87 196
MOVE A88 196
MOVE A89 196
MOVE A90 196
MOVE A91 196
MOVE A92 196
MOVE A93 196
MOVE A94 196
MOVE A96 196
MOVE A97 196
MOVE A98 196
MOVE A99 196
MOVE A100 196
MOVE A109 64
MOVE A110 62
MOVE A111 54
MOVE A112 54
MOVE A113 40
MOVE A114 40
MOVE A115 4
MOVE B8 198
MOVE B20 196
MOVE B33 161
MOVE B38 125
MOVE B42 125
MOVE B45 173
MOVE B48 173
MOVE B67 192
MOVE B80 199
MOVE B81 199
MOVE B82 141
MOVE B83 141
MOVE B84 125
MOVE B85 125
MOVE B86 125
MOVE B87 125
MOVE B88 125
MOVE B89 125
MOVE B90 125
MOVE B91 125
MOVE B92 125
MOVE B93 125
MOVE B94 125
MOVE B95 125
MOVE B96 188
MOVE B97 106
MOVE B100 106
MOVE B101 125
MOVE B102 125
MOVE B103 106
MOVE B104 193
MOVE B108 106
MOVE B109 106
MOVE B110 200
MOVE B111 200
MOVE B112 106
MOVE B113 106
MOVE B114 106
MOVE B115 125
MOVE B116 125
MOVE B121 120
MOVE B126 173
MOVE B127 173
MOVE B128 92
MOVE B129 92
MOVE B130 105
MOVE B131 105
MOVE B132 125
MOVE B133 125
MOVE B136 161
MOVE B137 161
MOVE B140 187
MOVE B141 187
MOVE B142 194
MOVE B143 194
DAMAGE COMBAT A56 1
DAMAGE COMBAT B20 5
END TURN 221
TURN 222
COMMAND LEFT START
MOVE A112 100
MOVE A111 100
MOVE A107 100
MOVE A106 100
TRAIN 3
COMMAND LEFT END
COMMAND RIGHT START
MOVE B3 200
MOVE B42 187
MOVE B84 187
MOVE B85 187
MOVE B86 187
MOVE B87 187
MOVE B88 187
MOVE B89 187
MOVE B90 187
MOVE B91 187
MOVE B92 187
MOVE B93 187
MOVE B94 187
MOVE B95 149
MOVE B101 187
MOVE B102 187
MOVE B132 82
MOVE B133 82
MOVE B140 125
MOVE B141 125
MOVE B145 187
TRAIN 1
COMMAND RIGHT END
TURN 222 RESULT
TIME LEFT 0 5 RIGHT 0 5
TRAIN A116 A117 A118 B146
MOVE A24 71
MOVE A26 100
MOVE A36 100
MOVE A56 200
MOVE A57 200
MOVE A58 200
MOVE A59 200
MOVE A61 200
MOVE A62 200
MOVE A63 200
MOVE A64 200
MOVE A65 200
MOVE A66 200
MOVE A68 200
MOVE A69 200
MOVE A72 200
MOVE A74 200
MOVE A76 200
MOVE A78 200
MOVE A79 200
MOVE A81 200
MOVE A85 200
MOVE A86 200
MOVE A87 200
MOVE A88 200
MOVE A89 200
MOVE A90 200
MOVE A91 200
MOVE A92 200
MOVE A93 200
MOVE A94 200
MOVE A96 200
MOVE A97 200
MOVE A98 200
MOVE A99 200
MOVE A100 200
MOVE A106 64
MOVE A107 64
MOVE A109 71
MOVE A110 68
MOVE A111 64
MOVE A112 64
MOVE A113 53
MOVE A114 53
MOVE A115 14
MOVE B3 194
MOVE B8 199
MOVE B33 173
MOVE B42 141
MOVE B45 187
MOVE B48 187
MOVE B67 196
MOVE B80 200
MOVE B81 200
MOVE B82 161
MOVE B83 161
MOVE B84 141
MOVE B85 141
MOVE B86 141
MOVE B87 141
MOVE B88 141
MOVE B89 141
MOVE B90 141
MOVE B91 141
MOVE B92 141
MOVE B93 141
MOVE B94 141
MOVE B95 133
MOVE B96 198
MOVE B97 129
MOVE B100 129
MOVE B101 141
MOVE B102 141
MOVE B103 129
MOVE B104 200
MOVE B108 129
MOVE B109 129
MOVE B112 129
MOVE B113 129
MOVE B114 129
MOVE B121 134
MOVE B126 187
MOVE B127 187
MOVE B128 82
MOVE B129 82
MOVE B130 92
MOVE B131 92
MOVE B132 105
MOVE B133 105
MOVE B136 141
MOVE B137 141
MOVE B140 173
MOVE B141 173
MOVE B142 187
MOVE B143 187
MOVE B145 194
DAMAGE TURRET A56 2
DAMAGE COMBAT A56 4
DAMAGE COMBAT A57 8
DAMAGE COMBAT A58 4
DAMAGE COMBAT B1 3
DAMAGE COMBAT B71 5
DAMAGE COMBAT B72 5
DAMAGE COMBAT B80 6
DAMAGE COMBAT B81 6
DAMAGE COMBAT B104 6
DAMAGE COMBAT B106 2
END TURN 222
TURN 223
COMMAND LEFT START
MOVE A118 100
MOVE A117 100
MOVE A116 100
MOVE A55 125
COMMAND LEFT END
COMMAND RIGHT START
MOVE B45 200
MOVE B48 200
MOVE B115 187
MOVE B116 82
MOVE B117 125
MOVE B119 97
MOVE B126 200
MOVE B127 200
MOVE B142 200
MOVE B143 200
TRAIN 2
COMMAND RIGHT END
TURN 223 RESULT
TIME LEFT 0 5 RIGHT 0 5
TRAIN B147 B148
MOVE A24 94
MOVE A55 106
MOVE A106 71
MOVE A107 71
MOVE A109 89
MOVE A110 69
MOVE A111 71
MOVE A112 71
MOVE A113 64
MOVE A114 64
MOVE A115 20
MOVE A116 4
MOVE A117 4
MOVE A118 4
MOVE B3 200
MOVE B8 200
MOVE B33 187
MOVE B42 161
MOVE B45 194
MOVE B48 194
MOVE B67 200
MOVE B82 173
MOVE B83 173
MOVE B84 161
MOVE B85 161
MOVE B86 161
MOVE B87 161
MOVE B88 161
MOVE B89 161
MOVE B90 161
MOVE B91 161
MOVE B92 161
MOVE B93 161
MOVE B94 161
MOVE B95 149
MOVE B96 199
MOVE B97 136
MOVE B100 136
MOVE B101 161
MOVE B102 161
MOVE B103 136
MOVE B108 136
MOVE B109 136
MOVE B112 136
MOVE B113 136
MOVE B114 136
MOVE B115 141
MOVE B116 105
MOVE B117 105
MOVE B119 92
MOVE B121 147
MOVE B126 194
MOVE B127 194
MOVE B130 82
MOVE B131 82
MOVE B132 92
MOVE B133 92
MOVE B136 125
MOVE B137 125
MOVE B140 161
MOVE B141 161
MOVE B142 194
MOVE B143 194
MOVE B145 187
DAMAGE TURRET A58 2
DAMAGE COMBAT A58 2
DAMAGE COMBAT A59 8
DAMAGE COMBAT A61 5
DAMAGE COMBAT B3 4
DAMAGE COMBAT B8 4
DAMAGE COMBAT B67 5
DAMAGE COMBAT B106 4
DAMAGE COMBAT B107 6
DAMAGE COMBAT B110 6
DAMAGE COMBAT B111 2
END TURN 223
TURN 224
COMMAND LEFT START
TRAIN 1
COMMAND LEFT END
COMMAND RIGHT START
MOVE B33 200
MOVE B64 182
MOVE B137 82
MOVE B145 200
TRAIN 1
COMMAND RIGHT END
TURN 224 RESULT
TIME LEFT 0 5 RIGHT 0 5
TRAIN A119 B149
MOVE A24 91
MOVE A55 120
MOVE A106 89
MOVE A107 89
MOVE A109 100
MOVE A110 82
MOVE A111 89
MOVE A112 89
MOVE A113 71
MOVE A114 71
MOVE A115 40
MOVE A116 14
MOVE A117 14
MOVE A118 14
MOVE B33 194
MOVE B42 173
MOVE B45 200
MOVE B48 200
MOVE B64 169
MOVE B82 187
MOVE B83 187
MOVE B84 173
MOVE B85 173
MOVE B86 173
MOVE B87 173
MOVE B88 173
MOVE B89 173
MOVE B90 173
MOVE B91 173
MOVE B92 173
MOVE B93 173
MOVE B94 173
MOVE B96 200
MOVE B97 146
MOVE B100 146
MOVE B101 173
MOVE B102 173
MOVE B103 146
MOVE B108 146
MOVE B109 146
MOVE B112 146
MOVE B113 146
MOVE B114 146
MOVE B115 161
MOVE B116 92
MOVE B117 125
MOVE B119 97
MOVE B121 160
MOVE B126 200
MOVE B127 200
MOVE B132 82
MOVE B133 82
MOVE B137 105
MOVE B140 141
MOVE B141 141
MOVE B142 200
MOVE B143 200
MOVE B145 194
DAMAGE TURRET A61 2
DAMAGE TURRET A110 2
DAMAGE COMBAT A61 1
DAMAGE COMBAT A62 8
DAMAGE COMBAT A63 8
DAMAGE COMBAT A110 6
DAMAGE COMBAT B7 1
DAMAGE COMBAT B45 5
DAMAGE COMBAT B48 5
DAMAGE COMBAT B96 6
DAMAGE COMBAT B111 4
DAMAGE COMBAT B126 6
DAMAGE COMBAT B127 3
END TURN 224
TURN 225
COMMAND LEFT START
MOVE A119 100
MOVE A109 82
TRAIN 2
COMMAND LEFT END
COMMAND RIGHT START
MOVE B66 200
MOVE B82 200
MOVE B83 200
MOVE B100 182
MOVE B103 185
MOVE B108 185
MOVE B113 165
MOVE B114 165
MOVE B117 82
MOVE B121 182
MOVE B124 160
MOVE B136 82
TRAIN 1
COMMAND RIGHT END
TURN 225 RESULT
TIME LEFT 0 5 RIGHT 0 5
TRAIN A120 A121 B150
MOVE A24 114
MOVE A55 125
MOVE A106 100
MOVE A107 100
MOVE A109 88
MOVE A111 100
MOVE A112 100
MOVE A113 89
MOVE A114 89
MOVE A115 53
MOVE A116 20
MOVE A117 20
MOVE A118 20
MOVE A119 4
MOVE B33 200
MOVE B42 187
MOVE B64 182
MOVE B66 192
MOVE B82 194
MOVE B83 194
MOVE B84 187
MOVE B85 187
MOVE B86 187
MOVE B87 187
MOVE B88 187
MOVE B89 187
MOVE B90 187
MOVE B91 187
MOVE B92 187
MOVE B93 187
MOVE B94 187
MOVE B100 169
MOVE B101 187
MOVE B102 187
MOVE B103 159
MOVE B108 159
MOVE B113 159
MOVE B114 159
MOVE B115 173
MOVE B116 82
MOVE B117 105
MOVE B121 169
MOVE B124 86
MOVE B136 105
MOVE B137 92
MOVE B140 125
MOVE B141 125
MOVE B145 200
DAMAGE TURRET A55 2
DAMAGE TURRET A64 2
DAMAGE COMBAT A55 2
DAMAGE COMBAT A64 6
DAMAGE COMBAT A65 8
DAMAGE COMBAT A66 1
DAMAGE COMBAT B33 5
DAMAGE COMBAT B38 1
DAMAGE COMBAT B127 3
DAMAGE COMBAT B134 6
DAMAGE COMBAT B135 6
DAMAGE COMBAT B138 6
END TURN 225
TURN 226
COMMAND LEFT START
MOVE A121 100
MOVE A120 100
TRAIN 3
COMMAND LEFT END
COMMAND RIGHT START
MOVE B42 200
MOVE B84 200
MOVE B85 200
MOVE B86 200
MOVE B87 200
MOVE B88 200
MOVE B89 200
MOVE B90 200
MOVE B91 200
MOVE B92 200
MOVE B93 200
MOVE B94 200
MOVE B101 200
MOVE B102 200
MOVE B116 97
MOVE B118 125
MOVE B119 125
MOVE B122 97
MOVE B140 187
MOVE B141 187
TRAIN 2
COMMAND RIGHT END
TURN 226 RESULT
TIME LEFT 0 5 RIGHT 0 5
TRAIN A122 A123 A124 B151 B152
MOVE A24 118
MOVE A109 83
MOVE A113 100
MOVE A114 100
MOVE A115 64
MOVE A116 40
MOVE A117 40
MOVE A118 40
MOVE A119 14
MOVE A120 4
MOVE A121 4
MOVE B42 194
MOVE B66 196
MOVE B82 200
MOVE B83 200
MOVE B84 194
MOVE B85 194
MOVE B86 194
MOVE B87 194
MOVE B88 194
MOVE B89 194
MOVE B90 194
MOVE B91 194
MOVE B92 194
MOVE B93 194
MOVE B94 194
MOVE B100 182
MOVE B101 194
MOVE B102 194
MOVE B103 167
MOVE B108 167
MOVE B113 167
MOVE B114 167
MOVE B115 187
MOVE B116 92
MOVE B117 92
MOVE B118 105
MOVE B119 105
MOVE B121 182
MOVE B122 92
MOVE B124 109
MOVE B136 92
MOVE B137 82
MOVE B140 141
MOVE B141 141
DAMAGE TURRET A66 2
DAMAGE COMBAT A66 5
DAMAGE COMBAT A68 8
DAMAGE COMBAT A69 1
DAMAGE COMBAT B82 6
DAMAGE COMBAT B83 6
DAMAGE COMBAT B139 6
DAMAGE COMBAT B142 6
END TURN 226
TURN 227
COMMAND LEFT START
MOVE A124 100
MOVE A123 100
MOVE A122 100
MOVE A114 125
TRAIN 3
COMMAND LEFT END
COMMAND RIGHT START
TRAIN 1
COMMAND RIGHT END
TURN 227 RESULT
TIME LEFT 0 5 RIGHT 0 5
TRAIN A125 A126 A127 B153
MOVE A109 86
MOVE A114 106
MOVE A115 71
MOVE A116 53
MOVE A117 53
MOVE A118 53
MOVE A119 20
MOVE A120 14
MOVE A121 14
MOVE A122 4
MOVE A123 4
MOVE A124 4
MOVE B42 200
MOVE B66 200
MOVE B84 200
MOVE B85 200
MOVE B86 200
MOVE B87 200
MOVE B88 200
MOVE B89 200
MOVE B90 200
MOVE B91 200
MOVE B92 200
MOVE B93 200
MOVE B94 200
MOVE B101 200
MOVE B102 200
MOVE B103 171
MOVE B108 171
MOVE B113 171
MOVE B114 171
MOVE B116 97
MOVE B117 82
MOVE B118 125
MOVE B119 125
MOVE B122 97
MOVE B124 120
MOVE B136 82
MOVE B140 161
MOVE B141 161
DAMAGE TURRET A69 2
DAMAGE COMBAT A69 5
DAMAGE COMBAT A72 8
DAMAGE COMBAT A74 8
DAMAGE COMBAT A76 5
DAMAGE COMBAT B42 5
DAMAGE COMBAT B66 1
DAMAGE COMBAT B84 6
DAMAGE COMBAT B85 6
DAMAGE COMBAT B86 4
END TURN 227
TURN 228
COMMAND LEFT START
MOVE A127 100
MOVE A126 100
MOVE A125 100
MOVE A113 146
TRAIN 2
COMMAND LEFT END
COMMAND RIGHT START
TRAIN 2
COMMAND RIGHT END
TURN 228 RESULT
TIME LEFT 0 5 RIGHT 0 5
TRAIN A128 A129 B154 B155
MOVE A109 82
MOVE A113 111
MOVE A114 120
MOVE A115 89
MOVE A116 64
MOVE A117 64
MOVE A118 64
MOVE A119 40
MOVE A120 20
MOVE A121 20
MOVE A122 14
MOVE A123 14
MOVE A124 14
MOVE A125 4
MOVE A126 4
MOVE A127 4
MOVE B103 185
MOVE B108 185
MOVE B113 166
MOVE B114 166
MOVE B124 134
MOVE B140 173
MOVE B141 173
DAMAGE TURRET A76 2
DAMAGE TURRET A109 2
DAMAGE COMBAT A76 1
DAMAGE COMBAT A78 8
DAMAGE COMBAT A79 8
DAMAGE COMBAT A81 7
DAMAGE COMBAT A109 6
DAMAGE COMBAT B86 2
DAMAGE COMBAT B87 6
DAMAGE COMBAT B88 6
DAMAGE COMBAT B89 5
DAMAGE COMBAT B117 1
END TURN 228
TURN 229
COMMAND LEFT START
MOVE A129 100
MOVE A128 100
TRAIN 3
COMMAND LEFT END
COMMAND RIGHT START
TRAIN 1
COMMAND RIGHT END
TURN 229 RESULT
TIME LEFT 0 5 RIGHT 0 5
TRAIN A130 A131 A132 B156
MOVE A113 129
MOVE A114 125
MOVE A115 100
MOVE A116 71
MOVE A117 71
MOVE A118 71
MOVE A119 53
MOVE A120 40
MOVE A121 40
MOVE A122 20
MOVE A123 20
MOVE A124 20
MOVE A125 14
MOVE A126 14
MOVE A127 14
MOVE A128 4
MOVE A129 4
MOVE B113 165
MOVE B114 165
MOVE B124 147
MOVE B140 187
MOVE B141 187
DAMAGE TURRET A81 1
DAMAGE TURRET A85 1
DAMAGE TURRET A114 2
DAMAGE COMBAT A85 7
DAMAGE COMBAT A86 8
DAMAGE COMBAT A87 7
DAMAGE COMBAT A114 3
DAMAGE COMBAT B38 1
DAMAGE COMBAT B89 1
DAMAGE COMBAT B90 6
DAMAGE COMBAT B91 6
DAMAGE COMBAT B92 3
END TURN 229
TURN 230
COMMAND LEFT START
MOVE A115 97
MOVE A112 97
MOVE A111 97
MOVE A107 97
MOVE A106 97
MOVE A36 97
MOVE A26 97
COMMAND LEFT END
COMMAND RIGHT START
MOVE B116 125
MOVE B117 97
MOVE B122 125
MOVE B123 97
TRAIN 2
COMMAND RIGHT END
TURN 230 RESULT
TIME LEFT 0 5 RIGHT 0 5
TRAIN B157 B158
MOVE A26 88
MOVE A36 88
MOVE A106 88
MOVE A107 88
MOVE A111 88
MOVE A112 88
MOVE A113 136
MOVE A115 88
MOVE A116 89
MOVE A117 89
MOVE A118 89
MOVE A119 64
MOVE A120 53
MOVE A121 53
MOVE A122 40
MOVE A123 40
MOVE A124 40
MOVE A125 20
MOVE A126 20
MOVE A127 20
MOVE A128 14
MOVE A129 14
MOVE B116 105
MOVE B117 92
MOVE B122 105
MOVE B123 92
MOVE B124 160
DAMAGE TURRET A87 1
DAMAGE TURRET A88 1
DAMAGE TURRET A114 2
DAMAGE COMBAT A88 7
DAMAGE COMBAT A89 8
DAMAGE COMBAT A90 6
DAMAGE COMBAT A114 1
DAMAGE COMBAT B38 1
DAMAGE COMBAT B92 3
DAMAGE COMBAT B93 6
DAMAGE COMBAT B94 4
END TURN 230
TURN 231
COMMAND LEFT START
MOVE A132 100
MOVE A131 100
MOVE A130 100
TRAIN 3
COMMAND LEFT END
COMMAND RIGHT START
MOVE B118 82
MOVE B119 82
TRAIN 2
COMMAND RIGHT END
TURN 231 RESULT
TIME LEFT 0 5 RIGHT 0 5
TRAIN A133 A134 A135 B159 B160
MOVE A26 83
MOVE A36 83
MOVE A106 83
MOVE A107 83
MOVE A111 83
MOVE A112 83
MOVE A113 146
MOVE A115 83
MOVE A116 100
MOVE A117 100
MOVE A118 100
MOVE A119 71
MOVE A120 64
MOVE A121 64
MOVE A122 53
MOVE A123 53
MOVE A124 53
MOVE A125 40
MOVE A126 40
MOVE A127 40
MOVE A128 20
MOVE A129 20
MOVE A130 4
MOVE A131 4
MOVE A132 4
MOVE B116 125
MOVE B117 97
MOVE B118 105
MOVE B119 105
MOVE B122 125
MOVE B123 97
DAMAGE TURRET A90 2
DAMAGE TURRET A113 2
DAMAGE COMBAT A91 8
DAMAGE COMBAT A92 8
DAMAGE COMBAT A93 5
DAMAGE COMBAT A113 3
DAMAGE COMBAT B94 2
DAMAGE COMBAT B97 1
DAMAGE COMBAT B101 6
DAMAGE COMBAT B102 2
END TURN 231
TURN 232
COMMAND LEFT START
MOVE A135 100
MOVE A134 100
MOVE A133 100
TRAIN 3
COMMAND LEFT END
COMMAND RIGHT START
MOVE B116 146
MOVE B117 125
MOVE B124 146
MOVE B125 97
MOVE B130 160
TRAIN 2
COMMAND RIGHT END
TURN 232 RESULT
TIME LEFT 0 5 RIGHT 0 5
TRAIN A136 A137 A138 B161 B162
MOVE A26 86
MOVE A36 86
MOVE A106 86
MOVE A107 86
MOVE A111 86
MOVE A112 86
MOVE A115 86
MOVE A119 89
MOVE A120 71
MOVE A121 71
MOVE A122 64
MOVE A123 64
MOVE A124 64
MOVE A125 53
MOVE A126 53
MOVE A127 53
MOVE A128 40
MOVE A129 40
MOVE A130 14
MOVE A131 14
MOVE A132 14
MOVE A133 4
MOVE A134 4
MOVE A135 4
MOVE B116 133
MOVE B117 105
MOVE B118 92
MOVE B119 92
MOVE B124 146
MOVE B125 92
MOVE B130 86
DAMAGE TURRET A93 2
DAMAGE TURRET A113 2
DAMAGE COMBAT A26 1
DAMAGE COMBAT A93 1
DAMAGE COMBAT A94 8
DAMAGE COMBAT A96 8
DAMAGE COMBAT A97 4
DAMAGE COMBAT A113 1
DAMAGE COMBAT B97 1
DAMAGE COMBAT B102 4
DAMAGE COMBAT B130 6
DAMAGE COMBAT B143 3
END TURN 232
TURN 233
COMMAND LEFT START
MOVE A138 100
MOVE A137 100
MOVE A136 100
MOVE A118 146
TRAIN 1
COMMAND LEFT END
COMMAND RIGHT START
MOVE B109 160
MOVE B112 82
TRAIN 2
COMMAND RIGHT END
TURN 233 RESULT
TIME LEFT 0 5 RIGHT 0 5
TRAIN A139 B163 B164
MOVE A26 92
MOVE A36 92
MOVE A106 92
MOVE A107 92
MOVE A111 92
MOVE A112 92
MOVE A115 92
MOVE A118 111
MOVE A119 100
MOVE A120 89
MOVE A121 89
MOVE A122 71
MOVE A123 71
MOVE A124 71
MOVE A125 64
MOVE A126 64
MOVE A127 64
MOVE A128 53
MOVE A129 53
MOVE A130 20
MOVE A131 20
MOVE A132 20
MOVE A133 14
MOVE A134 14
MOVE A135 14
MOVE A136 4
MOVE A137 4
MOVE A138 4
MOVE B109 160
MOVE B112 136
MOVE B116 140
MOVE B117 125
MOVE B118 82
MOVE B119 82
MOVE B125 97
DAMAGE TURRET A97 2
DAMAGE COMBAT A97 2
DAMAGE COMBAT A98 8
DAMAGE COMBAT A99 8
DAMAGE COMBAT A100 4
DAMAGE COMBAT B143 3
DAMAGE COMBAT B144 1
END TURN 233
TURN 234
COMMAND LEFT START
MOVE A139 100
TRAIN 3
COMMAND LEFT END
COMMAND RIGHT START
TRAIN 2
COMMAND RIGHT END
TURN 234 RESULT
TIME LEFT 0 5 RIGHT 0 5
TRAIN A140 A141 A142 B165 B166
MOVE A26 97
MOVE A36 97
MOVE A106 97
MOVE A107 97
MOVE A111 97
MOVE A112 97
MOVE A115 97
MOVE A118 129
MOVE A120 100
MOVE A121 100
MOVE A122 89
MOVE A123 89
MOVE A124 89
MOVE A125 71
MOVE A126 71
MOVE A127 71
MOVE A128 64
MOVE A129 64
MOVE A130 40
MOVE A131 40
MOVE A132 40
MOVE A133 20
MOVE A134 20
MOVE A135 20
MOVE A136 14
MOVE A137 14
MOVE A138 14
MOVE A139 4
MOVE B112 129
MOVE B116 147
DAMAGE TURRET A26 2
DAMAGE TURRET A100 2
DAMAGE COMBAT A26 3
DAMAGE COMBAT A100 2
DAMAGE COMBAT A118 1
DAMAGE COMBAT B9 2
DAMAGE COMBAT B112 1
DAMAGE COMBAT B123 5
DAMAGE COMBAT B144 1
END TURN 234
TURN 235
COMMAND LEFT START
MOVE A142 100
MOVE A141 100
MOVE A140 100
MOVE A121 165
TRAIN 3
COMMAND LEFT END
COMMAND RIGHT START
MOVE B95 125
MOVE B109 149
MOVE B118 97
MOVE B119 97
MOVE B128 97
MOVE B129 97
MOVE B131 97
MOVE B132 97
MOVE B133 97
MOVE B136 97
MOVE B144 160
MOVE B145 187
MOVE B146 187
MOVE B148 187
MOVE B149 187
MOVE B150 187
MOVE B151 187
MOVE B154 187
MOVE B155 187
MOVE B156 187
MOVE B157 187
MOVE B158 187
MOVE B159 187
MOVE B160 187
MOVE B161 187
MOVE B162 187
MOVE B163 187
MOVE B164 187
MOVE B165 187
MOVE B166 187
TRAIN 2
COMMAND RIGHT END
TURN 235 RESULT
TIME LEFT 0 5 RIGHT 0 5
TRAIN A143 A144 A145 B167 B168
MOVE A121 112
MOVE A122 100
MOVE A123 100
MOVE A124 100
MOVE A125 89
MOVE A126 89
MOVE A127 89
MOVE A128 71
MOVE A129 71
MOVE A130 53
MOVE A131 53
MOVE A132 53
MOVE A133 40
MOVE A134 40
MOVE A135 40
MOVE A136 20
MOVE A137 20
MOVE A138 20
MOVE A139 14
MOVE A140 4
MOVE A141 4
MOVE A142 4
MOVE B95 133
MOVE B109 168
MOVE B116 146
MOVE B118 92
MOVE B119 92
MOVE B128 92
MOVE B129 92
MOVE B131 92
MOVE B132 92
MOVE B133 92
MOVE B136 92
MOVE B144 196
MOVE B145 194
MOVE B146 194
MOVE B148 194
MOVE B149 194
MOVE B150 194
MOVE B151 194
MOVE B154 194
MOVE B155 194
MOVE B156 194
MOVE B157 194
MOVE B158 194
MOVE B159 194
MOVE B160 194
MOVE B161 194
MOVE B162 194
MOVE B163 194
MOVE B164 194
MOVE B165 194
MOVE B166 194
DAMAGE TURRET A36 2
DAMAGE COMBAT A36 2
DAMAGE COMBAT A118 1
DAMAGE COMBAT B112 1
DAMAGE COMBAT B123 1
DAMAGE COMBAT B125 5
END TURN 235
TURN 236
COMMAND LEFT START
MOVE A145 100
MOVE A144 100
MOVE A143 100
TRAIN 3
COMMAND LEFT END
COMMAND RIGHT START
MOVE B115 125
MOVE B120 97
MOVE B122 82
MOVE B140 125
MOVE B141 125
MOVE B167 187
MOVE B168 187
TRAIN 2
COMMAND RIGHT END
TURN 236 RESULT
TIME LEFT 0 5 RIGHT 0 5
TRAIN A146 A147 A148 B169 B170
MOVE A121 117
MOVE A125 100
MOVE A126 100
MOVE A127 100
MOVE A128 89
MOVE A129 89
MOVE A130 64
MOVE A131 64
MOVE A132 64
MOVE A133 53
MOVE A134 53
MOVE A135 53
MOVE A136 40
MOVE A137 40
MOVE A138 40
MOVE A139 20
MOVE A140 14
MOVE A141 14
MOVE A142 14
MOVE A143 4
MOVE A144 4
MOVE A145 4
MOVE B95 125
MOVE B109 157
MOVE B115 173
MOVE B118 97
MOVE B119 97
MOVE B120 92
MOVE B122 105
MOVE B128 97
MOVE B129 97
MOVE B131 97
MOVE B132 97
MOVE B133 97
MOVE B136 97
MOVE B140 173
MOVE B141 173
MOVE B144 186
MOVE B145 187
MOVE B146 187
MOVE B148 187
MOVE B149 187
MOVE B150 187
MOVE B151 187
MOVE B154 187
MOVE B155 187
MOVE B156 187
MOVE B157 187
MOVE B158 187
MOVE B159 187
MOVE B160 187
MOVE B161 187
MOVE B162 187
MOVE B163 187
MOVE B164 187
MOVE B165 187
MOVE B166 187
MOVE B167 194
MOVE B168 194
DAMAGE TURRET A36 2
DAMAGE COMBAT A36 1
DAMAGE COMBAT A106 8
DAMAGE COMBAT A118 1
DAMAGE COMBAT B112 1
DAMAGE COMBAT B118 5
DAMAGE COMBAT B125 1
END TURN 236
TURN 237
COMMAND LEFT START
MOVE A127 82
MOVE A126 82
MOVE A125 82
MOVE A124 82
MOVE A123 82
MOVE A122 82
MOVE A120 82
MOVE A119 82
MOVE A117 82
MOVE A116 82
COMMAND LEFT END
COMMAND RIGHT START
MOVE B145 125
MOVE B146 125
MOVE B149 125
MOVE B150 125
MOVE B151 125
MOVE B154 125
MOVE B155 125
MOVE B156 125
MOVE B157 125
MOVE B158 125
MOVE B159 125
MOVE B160 125
MOVE B161 125
MOVE B162 125
MOVE B163 125
MOVE B164 125
MOVE B165 125
MOVE B166 125
MOVE B169 187
MOVE B170 187
TRAIN 2
COMMAND RIGHT END
TURN 237 RESULT
TIME LEFT 0 5 RIGHT 0 5
TRAIN B171 B172
MOVE A116 88
MOVE A117 88
MOVE A119 88
MOVE A120 88
MOVE A121 126
MOVE A122 88
MOVE A123 88
MOVE A124 88
MOVE A125 88
MOVE A126 88
MOVE A127 88
MOVE A128 100
MOVE A129 100
MOVE A130 71
MOVE A131 71
MOVE A132 71
MOVE A133 64
MOVE A134 64
MOVE A135 64
MOVE A136 53
MOVE A137 53
MOVE A138 53
MOVE A139 40
MOVE A140 20
MOVE A141 20
MOVE A142 20
MOVE A143 14
MOVE A144 14
MOVE A145 14
MOVE B109 149
MOVE B115 161
MOVE B120 97
MOVE B122 92
MOVE B140 161
MOVE B141 161
MOVE B144 180
MOVE B145 173
MOVE B146 173
MOVE B149 173
MOVE B150 173
MOVE B151 173
MOVE B154 173
MOVE B155 173
MOVE B156 173
MOVE B157 173
MOVE B158 173
MOVE B159 173
MOVE B160 173
MOVE B161 173
MOVE B162 173
MOVE B163 173
MOVE B164 173
MOVE B165 173
MOVE B166 173
MOVE B167 187
MOVE B168 187
MOVE B169 194
MOVE B170 194
DAMAGE TURRET A107 2
DAMAGE COMBAT A107 6
DAMAGE COMBAT A111 3
DAMAGE COMBAT A118 1
DAMAGE COMBAT B112 1
DAMAGE COMBAT B118 1
DAMAGE COMBAT B119 3
END TURN 237
TURN 238
COMMAND LEFT START
MOVE A148 100
MOVE A147 100
MOVE A146 100
TRAIN 3
COMMAND LEFT END
COMMAND RIGHT START
MOVE B148 125
MOVE B167 125
MOVE B171 187
MOVE B172 187
TRAIN 2
COMMAND RIGHT END
TURN 238 RESULT
TIME LEFT 0 5 RIGHT 0 5
TRAIN A149 A150 A151 B173 B174
MOVE A116 83
MOVE A117 83
MOVE A119 83
MOVE A120 83
MOVE A121 132
MOVE A122 83
MOVE A123 83
MOVE A124 83
MOVE A125 83
MOVE A126 83
MOVE A127 83
MOVE A130 89
MOVE A131 89
MOVE A132 89
MOVE A133 71
MOVE A134 71
MOVE A135 71
MOVE A136 64
MOVE A137 64
MOVE A138 64
MOVE A139 53
MOVE A140 40
MOVE A141 40
MOVE A142 40
MOVE A143 20
MOVE A144 20
MOVE A145 20
MOVE A146 4
MOVE A147 4
MOVE A148 4
MOVE B115 141
MOVE B122 82
MOVE B140 141
MOVE B141 141
MOVE B144 160
MOVE B145 161
MOVE B146 161
MOVE B148 173
MOVE B149 161
MOVE B150 161
MOVE B151 161
MOVE B154 161
MOVE B155 161
MOVE B156 161
MOVE B157 161
MOVE B158 161
MOVE B159 161
MOVE B160 161
MOVE B161 161
MOVE B162 161
MOVE B163 161
MOVE B164 161
MOVE B165 161
MOVE B166 161
MOVE B167 173
MOVE B169 187
MOVE B170 187
MOVE B171 194
MOVE B172 194
DAMAGE TURRET A111 2
DAMAGE COMBAT A111 3
DAMAGE COMBAT A112 5
DAMAGE COMBAT A118 1
DAMAGE COMBAT B112 1
DAMAGE COMBAT B119 3
END TURN 238
TURN 239
COMMAND LEFT START
MOVE A151 100
MOVE A150 100
MOVE A149 100
TRAIN 3
COMMAND LEFT END
COMMAND RIGHT START
MOVE B95 82
MOVE B168 125
MOVE B169 125
MOVE B173 187
MOVE B174 187
TRAIN 2
COMMAND RIGHT END
TURN 239 RESULT
TIME LEFT 0 5 RIGHT 0 5
TRAIN A152 A153 A154 B175 B176
MOVE A116 86
MOVE A117 86
MOVE A119 86
MOVE A120 86
MOVE A121 145
MOVE A122 86
MOVE A123 86
MOVE A124 86
MOVE A125 86
MOVE A126 86
MOVE A127 86
MOVE A130 100
MOVE A131 100
MOVE A132 100
MOVE A133 89
MOVE A134 89
MOVE A135 89
MOVE A136 71
MOVE A137 71
MOVE A138 71
MOVE A139 64
MOVE A140 53
MOVE A141 53
MOVE A142 53
MOVE A143 40
MOVE A144 40
MOVE A145 40
MOVE A146 14
MOVE A147 14
MOVE A148 14
MOVE A149 4
MOVE A150 4
MOVE A151 4
MOVE B95 105
MOVE B115 125
MOVE B140 125
MOVE B141 125
MOVE B145 141
MOVE B146 141
MOVE B148 161
MOVE B149 141
MOVE B150 141
MOVE B151 141
MOVE B154 141
MOVE B155 141
MOVE B156 141
MOVE B157 141
MOVE B158 141
MOVE B159 141
MOVE B160 141
MOVE B161 141
MOVE B162 141
MOVE B163 141
MOVE B164 141
MOVE B165 141
MOVE B166 141
MOVE B167 161
MOVE B168 173
MOVE B169 173
MOVE B171 187
MOVE B172 187
MOVE B173 194
MOVE B174 194
DAMAGE TURRET A112 2
DAMAGE COMBAT A112 1
DAMAGE COMBAT A115 6
DAMAGE COMBAT A118 1
DAMAGE COMBAT B112 1
DAMAGE COMBAT B120 2
END TURN 239
TURN 240
COMMAND LEFT START
MOVE A154 100
MOVE A153 100
MOVE A152 100
MOVE A132 187
TRAIN 3
COMMAND LEFT END
COMMAND RIGHT START
MOVE B115 82
MOVE B140 82
MOVE B141 82
MOVE B170 125
MOVE B171 125
MOVE B175 187
MOVE B176 187
TRAIN 2
COMMAND RIGHT END
TURN 240 RESULT
TIME LEFT 0 5 RIGHT 0 5
TRAIN A155 A156 A157 B177 B178
MOVE A116 82
MOVE A117 82
MOVE A118 136
MOVE A119 82
MOVE A120 82
MOVE A121 166
MOVE A122 82
MOVE A123 82
MOVE A124 82
MOVE A125 82
MOVE A126 82
MOVE A127 82
MOVE A132 111
MOVE A133 100
MOVE A134 100
MOVE A135 100
MOVE A136 89
MOVE A137 89
MOVE A138 89
MOVE A139 71
MOVE A140 64
MOVE A141 64
MOVE A142 64
MOVE A143 53
MOVE A144 53
MOVE A145 53
MOVE A146 20
MOVE A147 20
MOVE A148 20
MOVE A149 14
MOVE A150 14
MOVE A151 14
MOVE A152 4
MOVE A153 4
MOVE A154 4
MOVE B95 92
MOVE B115 105
MOVE B140 105
MOVE B141 105
MOVE B145 125
MOVE B146 125
MOVE B148 141
MOVE B149 125
MOVE B150 125
MOVE B151 125
MOVE B154 125
MOVE B155 125
MOVE B156 125
MOVE B157 125
MOVE B158 125
MOVE B159 125
MOVE B160 125
MOVE B161 125
MOVE B162 125
MOVE B163 125
MOVE B164 125
MOVE B165 125
MOVE B166 125
MOVE B167 141
MOVE B168 161
MOVE B169 161
MOVE B170 173
MOVE B171 173
MOVE B173 187
MOVE B174 187
MOVE B175 194
MOVE B176 194
DAMAGE TURRET A115 2
DAMAGE TURRET A116 2
DAMAGE COMBAT A116 2
DAMAGE COMBAT B120 1
DAMAGE COMBAT B122 6
DAMAGE COMBAT B137 4
END TURN 240
TURN 241
COMMAND LEFT START
MOVE A157 100
MOVE A156 100
MOVE A155 100
TRAIN 3
COMMAND LEFT END
COMMAND RIGHT START
MOVE B117 82
MOVE B128 82
MOVE B129 82
MOVE B131 82
MOVE B132 82
MOVE B133 82
MOVE B136 82
MOVE B145 82
MOVE B146 82
MOVE B149 82
MOVE B150 82
MOVE B151 82
MOVE B154 97
MOVE B155 97
MOVE B156 82
MOVE B157 82
MOVE B158 82
MOVE B159 82
MOVE B160 82
MOVE B161 82
MOVE B162 82
MOVE B163 82
MOVE B164 82
MOVE B165 82
MOVE B166 82
MOVE B172 125
MOVE B173 125
MOVE B177 187
MOVE B178 187
TRAIN 2
COMMAND RIGHT END
TURN 241 RESULT
TIME LEFT 0 5 RIGHT 0 5
TRAIN A158 A159 A160 B179 B180
MOVE A118 146
MOVE A121 165
MOVE A132 129
MOVE A136 100
MOVE A137 100
MOVE A138 100
MOVE A139 89
MOVE A140 71
MOVE A141 71
MOVE A142 71
MOVE A143 64
MOVE A144 64
MOVE A145 64
MOVE A146 40
MOVE A147 40
MOVE A148 40
MOVE A149 20
MOVE A150 20
MOVE A151 20
MOVE A152 14
MOVE A153 14
MOVE A154 14
MOVE A155 4
MOVE A156 4
MOVE A157 4
MOVE B95 82
MOVE B115 92
MOVE B117 105
MOVE B128 92
MOVE B129 92
MOVE B131 92
MOVE B132 92
MOVE B133 92
MOVE B136 92
MOVE B140 92
MOVE B141 92
MOVE B145 105
MOVE B146 105
MOVE B148 125
MOVE B149 105
MOVE B150 105
MOVE B151 105
MOVE B154 105
MOVE B155 105
MOVE B156 105
MOVE B157 105
MOVE B158 105
MOVE B159 105
MOVE B160 105
MOVE B161 105
MOVE B162 105
MOVE B163 105
MOVE B164 105
MOVE B165 105
MOVE B166 105
MOVE B167 125
MOVE B168 141
MOVE B169 141
MOVE B170 161
MOVE B171 161
MOVE B172 173
MOVE B173 173
MOVE B175 187
MOVE B176 187
MOVE B177 194
MOVE B178 194
DAMAGE TURRET A116 2
DAMAGE TURRET A118 2
DAMAGE TURRET A121 2
DAMAGE COMBAT A116 2
DAMAGE COMBAT A121 3
DAMAGE COMBAT B6 1
DAMAGE COMBAT B95 6
DAMAGE COMBAT B97 1
DAMAGE COMBAT B137 2
SIEGE B 82 2
END TURN 241
TURN 242
COMMAND LEFT START
MOVE A138 146
MOVE A137 146
MOVE A136 146
MOVE A135 146
MOVE A134 146
MOVE A133 146
MOVE A131 146
MOVE A130 146
MOVE A129 146
MOVE A128 146
COMMAND LEFT END
COMMAND RIGHT START
MOVE B144 165
MOVE B148 82
MOVE B167 82
MOVE B174 125
MOVE B175 125
MOVE B179 185
MOVE B180 160
TRAIN 2
COMMAND RIGHT END
TURN 242 RESULT
TIME LEFT 0 5 RIGHT 0 5
TRAIN B181 B182
MOVE A128 111
MOVE A129 111
MOVE A130 111
MOVE A131 111
MOVE A132 134
MOVE A133 111
MOVE A134 111
MOVE A135 111
MOVE A136 111
MOVE A137 111
MOVE A138 111
MOVE A139 100
MOVE A140 89
MOVE A141 89
MOVE A142 89
MOVE A143 71
MOVE A144 71
MOVE A145 71
MOVE A146 53
MOVE A147 53
MOVE A148 53
MOVE A149 40
MOVE A150 40
MOVE A151 40
MOVE A152 20
MOVE A153 20
MOVE A154 20
MOVE A155 14
MOVE A156 14
MOVE A157 14
MOVE B115 82
MOVE B117 92
MOVE B128 82
MOVE B129 82
MOVE B131 82
MOVE B132 82
MOVE B133 82
MOVE B136 82
MOVE B140 82
MOVE B141 82
MOVE B144 169
MOVE B145 92
MOVE B146 92
MOVE B148 105
MOVE B149 92
MOVE B150 92
MOVE B151 92
MOVE B154 97
MOVE B155 97
MOVE B156 92
MOVE B157 92
MOVE B158 92
MOVE B159 92
MOVE B160 92
MOVE B161 92
MOVE B162 92
MOVE B163 92
MOVE B164 92
MOVE B165 92
MOVE B166 92
MOVE B167 105
MOVE B168 125
MOVE B169 125
MOVE B170 141
MOVE B171 141
MOVE B172 161
MOVE B173 161
MOVE B174 173
MOVE B175 173
MOVE B177 187
MOVE B178 187
MOVE B179 199
MOVE B180 196
DAMAGE TURRET A117 2
DAMAGE TURRET A121 2
DAMAGE COMBAT A117 6
DAMAGE COMBAT A119 3
DAMAGE COMBAT A121 1
DAMAGE COMBAT B6 1
DAMAGE COMBAT B115 6
DAMAGE COMBAT B128 3
END TURN 242
TURN 243
COMMAND LEFT START
MOVE A160 100
MOVE A159 100
MOVE A158 100
TRAIN 3
COMMAND LEFT END
COMMAND RIGHT START
MOVE B113 146
MOVE B114 146
MOVE B168 82
MOVE B169 82
MOVE B181 187
MOVE B182 187
TRAIN 2
COMMAND RIGHT END
TURN 243 RESULT
TIME LEFT 0 5 RIGHT 0 5
TRAIN A161 A162 A163 B183 B184
MOVE A128 129
MOVE A129 129
MOVE A130 129
MOVE A131 129
MOVE A132 140
MOVE A133 129
MOVE A134 129
MOVE A135 129
MOVE A136 129
MOVE A137 129
MOVE A138 129
MOVE A140 100
MOVE A141 100
MOVE A142 100
MOVE A143 89
MOVE A144 89
MOVE A145 89
MOVE A146 64
MOVE A147 64
MOVE A148 64
MOVE A149 53
MOVE A150 53
MOVE A151 53
MOVE A152 40
MOVE A153 40
MOVE A154 40
MOVE A155 20
MOVE A156 20
MOVE A157 20
MOVE A158 4
MOVE A159 4
MOVE A160 4
MOVE B113 166
MOVE B114 166
MOVE B117 82
MOVE B144 167
MOVE B145 82
MOVE B146 82
MOVE B148 92
MOVE B149 82
MOVE B150 82
MOVE B151 82
MOVE B156 82
MOVE B157 82
MOVE B158 82
MOVE B159 82
MOVE B160 82
MOVE B161 82
MOVE B162 82
MOVE B163 82
MOVE B164 82
MOVE B165 82
MOVE B166 82
MOVE B167 92
MOVE B168 105
MOVE B169 105
MOVE B170 125
MOVE B171 125
MOVE B172 141
MOVE B173 141
MOVE B174 161
MOVE B175 161
MOVE B179 198
MOVE B180 186
MOVE B181 194
MOVE B182 194
DAMAGE TURRET A119 2
DAMAGE COMBAT A119 3
DAMAGE COMBAT A120 8
DAMAGE COMBAT A122 8
DAMAGE COMBAT A123 6
DAMAGE COMBAT B117 5
DAMAGE COMBAT B128 3
END TURN 243
TURN 244
COMMAND LEFT START
MOVE A163 100
MOVE A162 100
MOVE A161 100
TRAIN 3
COMMAND LEFT END
COMMAND RIGHT START
MOVE B170 82
MOVE B171 82
MOVE B176 125
MOVE B177 125
MOVE B183 187
MOVE B184 187
TRAIN 2
COMMAND RIGHT END
TURN 244 RESULT
TIME LEFT 0 5 RIGHT 0 5
TRAIN A164 A165 A166 B185 B186
MOVE A128 136
MOVE A129 136
MOVE A130 136
MOVE A131 136
MOVE A132 149
MOVE A133 136
MOVE A134 136
MOVE A135 136
MOVE A136 136
MOVE A137 136
MOVE A138 136
MOVE A143 100
MOVE A144 100
MOVE A145 100
MOVE A146 71
MOVE A147 71
MOVE A148 71
MOVE A149 64
MOVE A150 64
MOVE A151 64
MOVE A152 53
MOVE A153 53
MOVE A154 53
MOVE A155 40
MOVE A156 40
MOVE A157 40
MOVE A158 14
MOVE A159 14
MOVE A160 14
MOVE A161 4
MOVE A162 4
MOVE A163 4
MOVE B113 171
MOVE B114 171
MOVE B144 171
MOVE B148 82
MOVE B167 82
MOVE B168 92
MOVE B169 92
MOVE B170 105
MOVE B171 105
MOVE B172 125
MOVE B173 125
MOVE B174 141
MOVE B175 141
MOVE B176 173
MOVE B177 173
MOVE B179 188
MOVE B180 180
MOVE B181 187
MOVE B182 187
MOVE B183 194
MOVE B184 194
DAMAGE TURRET A123 2
DAMAGE COMBAT A124 8
DAMAGE COMBAT A125 8
DAMAGE COMBAT A126 8
DAMAGE COMBAT A127 1
DAMAGE COMBAT A132 1
DAMAGE COMBAT B109 1
DAMAGE COMBAT B129 5
END TURN 244
TURN 245
COMMAND LEFT START
MOVE A166 100
MOVE A165 100
MOVE A164 100
TRAIN 3
COMMAND LEFT END
COMMAND RIGHT START
MOVE B103 165
MOVE B172 82
MOVE B173 82
MOVE B178 125
MOVE B181 125
MOVE B186 187
TRAIN 2
COMMAND RIGHT END
TURN 245 RESULT
TIME LEFT 0 5 RIGHT 0 5
TRAIN A167 A168 A169 B187 B188
MOVE A128 146
MOVE A129 146
MOVE A130 146
MOVE A131 146
MOVE A133 146
MOVE A134 146
MOVE A135 146
MOVE A136 146
MOVE A137 146
MOVE A138 146
MOVE A146 89
MOVE A147 89
MOVE A148 89
MOVE A149 71
MOVE A150 71
MOVE A151 71
MOVE A152 64
MOVE A153 64
MOVE A154 64
MOVE A155 53
MOVE A156 53
MOVE A157 53
MOVE A158 20
MOVE A159 20
MOVE A160 20
MOVE A161 14
MOVE A162 14
MOVE A163 14
MOVE A164 4
MOVE A165 4
MOVE A166 4
MOVE B103 177
MOVE B113 167
MOVE B114 167
MOVE B144 166
MOVE B168 82
MOVE B169 82
MOVE B170 92
MOVE B171 92
MOVE B172 105
MOVE B173 105
MOVE B174 125
MOVE B175 125
MOVE B176 161
MOVE B177 161
MOVE B178 173
MOVE B179 185
MOVE B180 160
MOVE B181 173
MOVE B183 187
MOVE B184 187
MOVE B186 194
DAMAGE TURRET A127 2
DAMAGE TURRET A128 2
DAMAGE COMBAT A127 5
DAMAGE COMBAT A128 3
DAMAGE COMBAT A132 1
DAMAGE COMBAT B97 3
DAMAGE COMBAT B109 1
DAMAGE COMBAT B116 6
DAMAGE COMBAT B124 1
DAMAGE COMBAT B129 1
END TURN 245
TURN 246
COMMAND LEFT START
MOVE A169 100
MOVE A168 100
MOVE A167 100
TRAIN 3
COMMAND LEFT END
COMMAND RIGHT START
MOVE B100 146
MOVE B108 146
MOVE B121 146
MOVE B131 125
MOVE B132 125
MOVE B133 146
MOVE B136 146
MOVE B141 146
MOVE B145 146
MOVE B146 125
MOVE B148 125
MOVE B149 97
MOVE B150 97
MOVE B151 160
MOVE B153 182
MOVE B154 125
MOVE B155 125
MOVE B174 146
MOVE B175 146
MOVE B179 146
MOVE B180 146
MOVE B182 125
MOVE B183 146
MOVE B184 146
MOVE B185 182
TRAIN 2
COMMAND RIGHT END
TURN 246 RESULT
TIME LEFT 0 5 RIGHT 0 5
TRAIN A170 A171 A172 B189 B190
MOVE A146 100
MOVE A147 100
MOVE A148 100
MOVE A149 89
MOVE A150 89
MOVE A151 89
MOVE A152 71
MOVE A153 71
MOVE A154 71
MOVE A155 64
MOVE A156 64
MOVE A157 64
MOVE A158 40
MOVE A159 40
MOVE A160 40
MOVE A161 20
MOVE A162 20
MOVE A163 20
MOVE A164 14
MOVE A165 14
MOVE A166 14
MOVE A167 4
MOVE A168 4
MOVE A169 4
MOVE B100 169
MOVE B103 165
MOVE B108 171
MOVE B113 159
MOVE B114 159
MOVE B121 169
MOVE B131 92
MOVE B132 92
MOVE B133 86
MOVE B136 86
MOVE B141 86
MOVE B144 165
MOVE B145 86
MOVE B146 92
MOVE B148 92
MOVE B149 92
MOVE B150 92
MOVE B151 86
MOVE B153 196
MOVE B154 105
MOVE B155 105
MOVE B170 82
MOVE B171 82
MOVE B172 92
MOVE B173 92
MOVE B174 133
MOVE B175 133
MOVE B176 141
MOVE B177 141
MOVE B178 161
MOVE B179 171
MOVE B180 146
MOVE B181 161
MOVE B182 173
MOVE B183 183
MOVE B184 183
MOVE B185 196
MOVE B186 187
DAMAGE TURRET A128 2
DAMAGE COMBAT A128 1
DAMAGE COMBAT A129 1
DAMAGE COMBAT A132 1
DAMAGE COMBAT B109 1
DAMAGE COMBAT B124 5
DAMAGE COMBAT B180 5
END TURN 246
TURN 247
COMMAND LEFT START
MOVE A148 125
MOVE A147 125
MOVE A146 125
MOVE A145 125
MOVE A144 125
MOVE A143 125
MOVE A142 125
MOVE A141 125
MOVE A140 125
MOVE A139 125
COMMAND LEFT END
COMMAND RIGHT START
MOVE B38 146
MOVE B103 146
MOVE B189 185
MOVE B190 187
TRAIN 2
COMMAND RIGHT END
TURN 247 RESULT
TIME LEFT 0 5 RIGHT 0 5
TRAIN B191 B192
MOVE A139 106
MOVE A140 106
MOVE A141 106
MOVE A142 106
MOVE A143 106
MOVE A144 106
MOVE A145 106
MOVE A146 106
MOVE A147 106
MOVE A148 106
MOVE A149 100
MOVE A150 100
MOVE A151 100
MOVE A152 89
MOVE A153 89
MOVE A154 89
MOVE A155 71
MOVE A156 71
MOVE A157 71
MOVE A158 53
MOVE A159 53
MOVE A160 53
MOVE A161 40
MOVE A162 40
MOVE A163 40
MOVE A164 20
MOVE A165 20
MOVE A166 20
MOVE A167 14
MOVE A168 14
MOVE A169 14
MOVE B38 133
MOVE B100 146
MOVE B103 166
MOVE B108 167
MOVE B113 146
MOVE B114 146
MOVE B121 146
MOVE B131 105
MOVE B132 105
MOVE B133 109
MOVE B136 109
MOVE B141 109
MOVE B145 109
MOVE B146 105
MOVE B148 105
MOVE B149 97
MOVE B150 97
MOVE B151 109
MOVE B153 192
MOVE B154 125
MOVE B155 125
MOVE B172 82
MOVE B173 82
MOVE B174 140
MOVE B175 140
MOVE B176 125
MOVE B177 125
MOVE B178 141
MOVE B179 167
MOVE B181 141
MOVE B182 161
MOVE B183 176
MOVE B184 176
MOVE B185 192
MOVE B189 199
MOVE B190 194
DAMAGE TURRET A129 2
DAMAGE COMBAT A129 5
DAMAGE COMBAT A132 1
DAMAGE COMBAT B100 6
DAMAGE COMBAT B109 1
DAMAGE COMBAT B113 2
DAMAGE COMBAT B180 1
END TURN 247
TURN 248
COMMAND LEFT START
MOVE A172 100
MOVE A171 100
MOVE A170 100
TRAIN 3
COMMAND LEFT END
COMMAND RIGHT START
MOVE B154 187
MOVE B155 146
MOVE B176 82
MOVE B177 82
MOVE B186 125
MOVE B191 187
MOVE B192 187
TRAIN 2
COMMAND RIGHT END
TURN 248 RESULT
TIME LEFT 0 5 RIGHT 0 5
TRAIN A173 A174 A175 B193 B194
MOVE A139 120
MOVE A140 120
MOVE A141 120
MOVE A142 120
MOVE A143 120
MOVE A144 120
MOVE A145 120
MOVE A146 120
MOVE A147 120
MOVE A148 120
MOVE A152 100
MOVE A153 100
MOVE A154 100
MOVE A155 89
MOVE A156 89
MOVE A157 89
MOVE A158 64
MOVE A159 64
MOVE A160 64
MOVE A161 53
MOVE A162 53
MOVE A163 53
MOVE A164 40
MOVE A165 40
MOVE A166 40
MOVE A167 20
MOVE A168 20
MOVE A169 20
MOVE A170 4
MOVE A171 4
MOVE A172 4
MOVE B38 140
MOVE B103 171
MOVE B108 159
MOVE B131 125
MOVE B132 125
MOVE B133 106
MOVE B136 106
MOVE B141 106
MOVE B145 106
MOVE B146 125
MOVE B148 125
MOVE B151 120
MOVE B153 182
MOVE B154 141
MOVE B155 133
MOVE B174 147
MOVE B175 147
MOVE B176 105
MOVE B177 105
MOVE B178 125
MOVE B179 159
MOVE B181 125
MOVE B182 141
MOVE B183 168
MOVE B184 168
MOVE B185 182
MOVE B186 173
MOVE B189 198
MOVE B190 187
MOVE B191 194
MOVE B192 194
DAMAGE TURRET A130 2
DAMAGE COMBAT A130 3
DAMAGE COMBAT A132 1
DAMAGE COMBAT A139 1
DAMAGE COMBAT B109 1
DAMAGE COMBAT B113 4
DAMAGE COMBAT B114 4
DAMAGE COMBAT B151 6
END TURN 248
TURN 249
COMMAND LEFT START
MOVE A175 100
MOVE A174 100
MOVE A173 100
TRAIN 3
COMMAND LEFT END
COMMAND RIGHT START
MOVE B131 82
MOVE B132 187
MOVE B153 146
MOVE B178 160
MOVE B181 82
MOVE B185 146
MOVE B190 125
MOVE B193 187
MOVE B194 187
TRAIN 2
COMMAND RIGHT END
TURN 249 RESULT
TIME LEFT 0 5 RIGHT 0 5
TRAIN A176 A177 A178 B195 B196
MOVE A139 125
MOVE A140 125
MOVE A141 125
MOVE A142 125
MOVE A143 125
MOVE A144 125
MOVE A145 125
MOVE A146 125
MOVE A147 125
MOVE A148 125
MOVE A155 100
MOVE A156 100
MOVE A157 100
MOVE A158 71
MOVE A159 71
MOVE A160 71
MOVE A161 64
MOVE A162 64
MOVE A163 64
MOVE A164 53
MOVE A165 53
MOVE A166 53
MOVE A167 40
MOVE A168 40
MOVE A169 40
MOVE A170 14
MOVE A171 14
MOVE A172 14
MOVE A173 4
MOVE A174 4
MOVE A175 4
MOVE B38 147
MOVE B103 167
MOVE B108 146
MOVE B131 105
MOVE B132 141
MOVE B133 129
MOVE B136 129
MOVE B141 129
MOVE B145 129
MOVE B153 169
MOVE B154 161
MOVE B155 140
MOVE B174 146
MOVE B175 146
MOVE B176 92
MOVE B177 92
MOVE B178 133
MOVE B179 146
MOVE B181 105
MOVE B182 125
MOVE B183 160
MOVE B184 160
MOVE B185 169
MOVE B186 161
MOVE B189 188
MOVE B190 173
MOVE B191 187
MOVE B192 187
MOVE B193 194
MOVE B194 194
DAMAGE TURRET A130 2
DAMAGE TURRET A139 2
DAMAGE COMBAT A130 1
DAMAGE COMBAT A131 5
DAMAGE COMBAT A132 1
DAMAGE COMBAT A139 3
DAMAGE COMBAT B108 6
DAMAGE COMBAT B109 1
DAMAGE COMBAT B114 2
DAMAGE COMBAT B146 6
DAMAGE COMBAT B148 4
END TURN 249
TURN 250
COMMAND LEFT START
MOVE A178 100
MOVE A177 100
MOVE A176 100
TRAIN 3
COMMAND LEFT END
COMMAND RIGHT START
MOVE B31 165
MOVE B149 125
MOVE B150 125
MOVE B156 125
MOVE B157 125
MOVE B158 125
MOVE B159 125
MOVE B160 125
MOVE B161 125
MOVE B162 125
MOVE B163 125
MOVE B164 125
MOVE B165 125
MOVE B166 97
MOVE B167 97
MOVE B191 149
MOVE B192 125
MOVE B195 187
MOVE B196 187
TRAIN 2
COMMAND RIGHT END
TURN 250 RESULT
TIME LEFT 0 5 RIGHT 0 5
TRAIN A179 A180 A181 B197 B198
MOVE A132 161
MOVE A158 89
MOVE A159 89
MOVE A160 89
MOVE A161 71
MOVE A162 71
MOVE A163 71
MOVE A164 64
MOVE A165 64
MOVE A166 64
MOVE A167 53
MOVE A168 53
MOVE A169 53
MOVE A170 20
MOVE A171 20
MOVE A172 20
MOVE A173 14
MOVE A174 14
MOVE A175 14
MOVE A176 4
MOVE A177 4
MOVE A178 4
MOVE B31 177
MOVE B38 146
MOVE B103 159
MOVE B131 92
MOVE B132 161
MOVE B133 136
MOVE B136 136
MOVE B141 136
MOVE B145 136
MOVE B149 105
MOVE B150 105
MOVE B153 146
MOVE B154 173
MOVE B155 147
MOVE B156 92
MOVE B157 92
MOVE B158 92
MOVE B159 92
MOVE B160 92
MOVE B161 92
MOVE B162 92
MOVE B163 92
MOVE B164 92
MOVE B165 92
MOVE B166 92
MOVE B167 92
MOVE B176 82
MOVE B177 82
MOVE B178 140
MOVE B181 92
MOVE B183 146
MOVE B184 146
MOVE B185 146
MOVE B186 141
MOVE B189 185
MOVE B190 161
MOVE B191 173
MOVE B192 173
MOVE B193 187
MOVE B194 187
MOVE B195 194
MOVE B196 194
DAMAGE TURRET A131 2
DAMAGE TURRET A139 2
DAMAGE COMBAT A131 1
DAMAGE COMBAT A132 2
DAMAGE COMBAT A133 8
DAMAGE COMBAT A140 2
DAMAGE COMBAT B38 2
DAMAGE COMBAT B121 5
DAMAGE COMBAT B132 1
DAMAGE COMBAT B148 2
DAMAGE COMBAT B182 6
SIEGE B 125 2
END TURN 250
TURN 251
COMMAND LEFT START
MOVE A157 82
MOVE A181 100
MOVE A180 100
MOVE A179 100
TRAIN 3
COMMAND LEFT END
COMMAND RIGHT START
MOVE B144 185
MOVE B168 125
MOVE B187 185
MOVE B189 182
MOVE B193 125
MOVE B194 125
MOVE B197 187
MOVE B198 187
TRAIN 1
COMMAND RIGHT END
TURN 251 RESULT
TIME LEFT 0 5 RIGHT 0 5
TRAIN A182 A183 A184 B199
MOVE A157 88
MOVE A158 100
MOVE A159 100
MOVE A160 100
MOVE A161 89
MOVE A162 89
MOVE A163 89
MOVE A164 71
MOVE A165 71
MOVE A166 71
MOVE A167 64
MOVE A168 64
MOVE A169 64
MOVE A170 40
MOVE A171 40
MOVE A172 40
MOVE A173 20
MOVE A174 20
MOVE A175 20
MOVE A176 14
MOVE A177 14
MOVE A178 14
MOVE A179 4
MOVE A180 4
MOVE A181 4
MOVE B31 165
MOVE B103 146
MOVE B131 82
MOVE B132 173
MOVE B133 146
MOVE B136 146
MOVE B141 146
MOVE B144 177
MOVE B145 146
MOVE B149 125
MOVE B150 125
MOVE B154 187
MOVE B155 146
MOVE B156 105
MOVE B157 105
MOVE B158 105
MOVE B159 105
MOVE B160 105
MOVE B161 105
MOVE B162 105
MOVE B163 105
MOVE B164 105
MOVE B165 105
MOVE B166 97
MOVE B167 97
MOVE B168 92
MOVE B178 147
MOVE B181 82
MOVE B186 125
MOVE B187 199
MOVE B189 188
MOVE B190 141
MOVE B191 161
MOVE B192 161
MOVE B193 173
MOVE B194 173
MOVE B195 187
MOVE B196 187
MOVE B197 194
MOVE B198 194
DAMAGE TURRET A134 2
DAMAGE TURRET A140 2
DAMAGE COMBAT A134 6
DAMAGE COMBAT A135 8
DAMAGE COMBAT A140 3
DAMAGE COMBAT B103 4
DAMAGE COMBAT B121 1
DAMAGE COMBAT B149 6
DAMAGE COMBAT B150 3
END TURN 251
TURN 252
COMMAND LEFT START
MOVE A184 100
MOVE A183 100
MOVE A182 100
TRAIN 3
COMMAND LEFT END
COMMAND RIGHT START
MOVE B154 125
MOVE B195 125
MOVE B196 125
MOVE B199 187
TRAIN 1
COMMAND RIGHT END
TURN 252 RESULT
TIME LEFT 0 5 RIGHT 0 5
TRAIN A185 A186 A187 B200
MOVE A157 83
MOVE A161 100
MOVE A162 100
MOVE A163 100
MOVE A164 89
MOVE A165 89
MOVE A166 89
MOVE A167 71
MOVE A168 71
MOVE A169 71
MOVE A170 53
MOVE A171 53
MOVE A172 53
MOVE A173 40
MOVE A174 40
MOVE A175 40
MOVE A176 20
MOVE A177 20
MOVE A178 20
MOVE A179 14
MOVE A180 14
MOVE A181 14
MOVE A182 4
MOVE A183 4
MOVE A184 4
MOVE B132 187
MOVE B144 185
MOVE B154 173
MOVE B156 125
MOVE B157 125
MOVE B158 125
MOVE B159 125
MOVE B160 125
MOVE B161 125
MOVE B162 125
MOVE B163 125
MOVE B164 125
MOVE B165 125
MOVE B168 105
MOVE B178 160
MOVE B187 198
MOVE B189 190
MOVE B190 125
MOVE B191 149
MOVE B192 141
MOVE B193 161
MOVE B194 161
MOVE B195 173
MOVE B196 173
MOVE B197 187
MOVE B198 187
MOVE B199 194
DAMAGE TURRET A136 2
DAMAGE TURRET A140 1
DAMAGE TURRET A141 1
DAMAGE COMBAT A136 6
DAMAGE COMBAT A137 7
DAMAGE COMBAT A141 7
DAMAGE COMBAT A142 6
DAMAGE COMBAT B103 2
DAMAGE COMBAT B133 1
DAMAGE COMBAT B150 3
DAMAGE COMBAT B156 6
END TURN 252
TURN 253
COMMAND LEFT START
MOVE A163 165
MOVE A187 100
MOVE A186 100
MOVE A185 100
TRAIN 3
COMMAND LEFT END
COMMAND RIGHT START
MOVE B197 125
MOVE B200 187
TRAIN 2
COMMAND RIGHT END
TURN 253 RESULT
TIME LEFT 0 5 RIGHT 0 5
TRAIN A188 A189 A190 B201 B202
MOVE A157 86
MOVE A163 112
MOVE A164 100
MOVE A165 100
MOVE A166 100
MOVE A167 89
MOVE A168 89
MOVE A169 89
MOVE A170 64
MOVE A171 64
MOVE A172 64
MOVE A173 53
MOVE A174 53
MOVE A175 53
MOVE A176 40
MOVE A177 40
MOVE A178 40
MOVE A179 20
MOVE A180 20
MOVE A181 20
MOVE A182 14
MOVE A183 14
MOVE A184 14
MOVE A185 4
MOVE A186 4
MOVE A187 4
MOVE B154 161
MOVE B168 125
MOVE B187 188
MOVE B189 182
MOVE B192 125
MOVE B193 141
MOVE B194 141
MOVE B195 161
MOVE B196 161
MOVE B197 173
MOVE B199 187
MOVE B200 194
DAMAGE TURRET A137 1
DAMAGE TURRET A138 1
DAMAGE TURRET A142 2
DAMAGE COMBAT A138 7
DAMAGE COMBAT A143 8
DAMAGE COMBAT A144 5
DAMAGE COMBAT B133 2
DAMAGE COMBAT B157 6
DAMAGE COMBAT B158 1
END TURN 253
TURN 254
COMMAND LEFT START
MOVE A190 100
MOVE A189 100
MOVE A188 100
TRAIN 3
COMMAND LEFT END
COMMAND RIGHT START
MOVE B133 185
MOVE B136 185
MOVE B144 165
MOVE B153 82
MOVE B155 182
MOVE B174 82
MOVE B175 82
MOVE B183 82
MOVE B184 82
MOVE B185 82
MOVE B198 125
MOVE B201 187
MOVE B202 187
TRAIN 2
COMMAND RIGHT END
TURN 254 RESULT
TIME LEFT 0 5 RIGHT 0 5
TRAIN A191 A192 A193 B203 B204
MOVE A157 82
MOVE A163 117
MOVE A167 100
MOVE A168 100
MOVE A169 100
MOVE A170 71
MOVE A171 71
MOVE A172 71
MOVE A173 64
MOVE A174 64
MOVE A175 64
MOVE A176 53
MOVE A177 53
MOVE A178 53
MOVE A179 40
MOVE A180 40
MOVE A181 40
MOVE A182 20
MOVE A183 20
MOVE A184 20
MOVE A185 14
MOVE A186 14
MOVE A187 14
MOVE A188 4
MOVE A189 4
MOVE A190 4
MOVE B133 159
MOVE B136 159
MOVE B144 177
MOVE B153 136
MOVE B154 141
MOVE B155 169
MOVE B174 136
MOVE B175 136
MOVE B183 136
MOVE B184 136
MOVE B185 136
MOVE B187 185
MOVE B193 125
MOVE B194 125
MOVE B195 141
MOVE B196 141
MOVE B197 161
MOVE B198 173
MOVE B200 187
MOVE B201 194
MOVE B202 194
DAMAGE TURRET A144 2
DAMAGE TURRET A157 2
DAMAGE COMBAT A144 1
DAMAGE COMBAT A145 8
DAMAGE COMBAT A146 5
DAMAGE COMBAT A157 6
DAMAGE COMBAT B131 1
DAMAGE COMBAT B158 5
END TURN 254
TURN 255
COMMAND LEFT START
MOVE A193 100
MOVE A192 100
MOVE A191 100
TRAIN 3
COMMAND LEFT END
COMMAND RIGHT START
MOVE B199 125
MOVE B200 125
MOVE B203 187
MOVE B204 187
TRAIN 2
COMMAND RIGHT END
TURN 255 RESULT
TIME LEFT 0 5 RIGHT 0 5
TRAIN A194 A195 A196 B205 B206
MOVE A163 126
MOVE A170 89
MOVE A171 89
MOVE A172 89
MOVE A173 71
MOVE A174 71
MOVE A175 71
MOVE A176 64
MOVE A177 64
MOVE A178 64
MOVE A179 53
MOVE A180 53
MOVE A181 53
MOVE A182 40
MOVE A183 40
MOVE A184 40
MOVE A185 20
MOVE A186 20
MOVE A187 20
MOVE A188 14
MOVE A189 14
MOVE A190 14
MOVE A191 4
MOVE A192 4
MOVE A193 4
MOVE B133 167
MOVE B136 167
MOVE B144 165
MOVE B153 129
MOVE B154 125
MOVE B155 182
MOVE B174 129
MOVE B175 129
MOVE B183 129
MOVE B184 129
MOVE B185 129
MOVE B195 125
MOVE B196 125
MOVE B197 141
MOVE B198 161
MOVE B199 173
MOVE B200 173
MOVE B201 187
MOVE B202 187
MOVE B203 194
MOVE B204 194
DAMAGE TURRET A146 2
DAMAGE COMBAT A146 1
DAMAGE COMBAT A147 8
DAMAGE COMBAT A148 7
DAMAGE COMBAT B154 3
END TURN 255
TURN 256
COMMAND LEFT START
MOVE A196 100
MOVE A195 100
MOVE A194 100
TRAIN 3
COMMAND LEFT END
COMMAND RIGHT START
MOVE B201 125
MOVE B202 125
MOVE B205 187
MOVE B206 187
TRAIN 2
COMMAND RIGHT END
TURN 256 RESULT
TIME LEFT 0 5 RIGHT 0 5
TRAIN A197 A198 A199 B207 B208
MOVE A163 132
MOVE A170 100
MOVE A171 100
MOVE A172 100
MOVE A173 89
MOVE A174 89
MOVE A175 89
MOVE A176 71
MOVE A177 71
MOVE A178 71
MOVE A179 64
MOVE A180 64
MOVE A181 64
MOVE A182 53
MOVE A183 53
MOVE A184 53
MOVE A185 40
MOVE A186 40
MOVE A187 40
MOVE A188 20
MOVE A189 20
MOVE A190 20
MOVE A191 14
MOVE A192 14
MOVE A193 14
MOVE A194 4
MOVE A195 4
MOVE A196 4
MOVE B133 171
MOVE B136 171
MOVE B153 106
MOVE B174 106
MOVE B175 106
MOVE B183 106
MOVE B184 106
MOVE B185 106
MOVE B197 125
MOVE B198 141
MOVE B199 161
MOVE B200 161
MOVE B201 173
MOVE B202 173
MOVE B203 187
MOVE B204 187
MOVE B205 194
MOVE B206 194
DAMAGE TURRET A148 1
DAMAGE COMBAT B154 1
END TURN 256
TURN 257
COMMAND LEFT START
MOVE A199 100
MOVE A198 100
MOVE A197 100
TRAIN 3
COMMAND LEFT END
COMMAND RIGHT START
MOVE B154 82
MOVE B159 82
MOVE B160 82
MOVE B161 82
MOVE B162 82
MOVE B163 82
MOVE B164 82
MOVE B186 82
MOVE B190 82
MOVE B192 82
MOVE B193 82
MOVE B194 82
MOVE B195 82
MOVE B196 82
MOVE B197 82
MOVE B203 125
MOVE B204 125
MOVE B207 187
MOVE B208 187
TRAIN 2
COMMAND RIGHT END
TURN 257 RESULT
TIME LEFT 0 5 RIGHT 0 5
TRAIN A200 A201 A202 B209 B210
MOVE A163 145
MOVE A173 100
MOVE A174 100
MOVE A175 100
MOVE A176 89
MOVE A177 89
MOVE A178 89
MOVE A179 71
MOVE A180 71
MOVE A181 71
MOVE A182 64
MOVE A183 64
MOVE A184 64
MOVE A185 53
MOVE A186 53
MOVE A187 53
MOVE A188 40
MOVE A189 40
MOVE A190 40
MOVE A191 20
MOVE A192 20
MOVE A193 20
MOVE A194 14
MOVE A195 14
MOVE A196 14
MOVE A197 4
MOVE A198 4
MOVE A199 4
MOVE B133 185
MOVE B136 185
MOVE B153 109
MOVE B154 105
MOVE B159 105
MOVE B160 105
MOVE B161 105
MOVE B162 105
MOVE B163 105
MOVE B164 105
MOVE B174 109
MOVE B175 109
MOVE B183 109
MOVE B184 109
MOVE B185 109
MOVE B186 105
MOVE B190 105
MOVE B192 105
MOVE B193 105
MOVE B194 105
MOVE B195 105
MOVE B196 105
MOVE B197 105
MOVE B198 125
MOVE B199 141
MOVE B200 141
MOVE B201 161
MOVE B202 161
MOVE B203 173
MOVE B204 173
MOVE B205 187
MOVE B206 187
MOVE B207 194
MOVE B208 194
END TURN 257
TURN 258
COMMAND LEFT START
MOVE A175 185
MOVE A174 185
MOVE A173 185
MOVE A172 185
MOVE A171 185
MOVE A170 185
MOVE A169 185
MOVE A168 185
MOVE A167 185
MOVE A166 185
MOVE A165 185
MOVE A164 185
MOVE A162 185
MOVE A161 185
MOVE A160 185
MOVE A159 185
MOVE A158 185
MOVE A156 185
MOVE A155 185
MOVE A154 185
MOVE A153 185
MOVE A152 185
MOVE A151 185
MOVE A150 185
MOVE A149 185
COMMAND LEFT END
COMMAND RIGHT START
MOVE B165 82
MOVE B168 82
MOVE B205 125
MOVE B206 125
MOVE B209 187
MOVE B210 187
TRAIN 2
COMMAND RIGHT END
TURN 258 RESULT
TIME LEFT 0 5 RIGHT 0 5
TRAIN B211 B212
MOVE A149 111
MOVE A150 111
MOVE A151 111
MOVE A152 111
MOVE A153 111
MOVE A154 111
MOVE A155 111
MOVE A156 111
MOVE A158 111
MOVE A159 111
MOVE A160 111
MOVE A161 111
MOVE A162 111
MOVE A163 166
MOVE A164 111
MOVE A165 111
MOVE A166 111
MOVE A167 111
MOVE A168 111
MOVE A169 111
MOVE A170 111
MOVE A171 111
MOVE A172 111
MOVE A173 111
MOVE A174 111
MOVE A175 111
MOVE A176 100
MOVE A177 100
MOVE A178 100
MOVE A179 89
MOVE A180 89
MOVE A181 89
MOVE A182 71
MOVE A183 71
MOVE A184 71
MOVE A185 64
MOVE A186 64
MOVE A187 64
MOVE A188 53
MOVE A189 53
MOVE A190 53
MOVE A191 40
MOVE A192 40
MOVE A193 40
MOVE A194 20
MOVE A195 20
MOVE A196 20
MOVE A197 14
MOVE A198 14
MOVE A199 14
MOVE B153 86
MOVE B154 92
MOVE B159 92
MOVE B160 92
MOVE B161 92
MOVE B162 92
MOVE B163 92
MOVE B164 92
MOVE B165 105
MOVE B168 105
MOVE B174 86
MOVE B175 86
MOVE B183 86
MOVE B184 86
MOVE B185 86
MOVE B186 92
MOVE B190 92
MOVE B192 92
MOVE B193 92
MOVE B194 92
MOVE B195 92
MOVE B196 92
MOVE B197 92
MOVE B199 125
MOVE B200 125
MOVE B201 141
MOVE B202 141
MOVE B203 161
MOVE B204 161
MOVE B205 173
MOVE B206 173
MOVE B207 187
MOVE B208 187
MOVE B209 194
MOVE B210 194
END TURN 258
TURN 259
COMMAND LEFT START
MOVE A178 82
MOVE A202 100
MOVE A201 100
MOVE A200 100
TRAIN 3
COMMAND LEFT END
COMMAND RIGHT START
MOVE B198 82
MOVE B199 82
MOVE B207 125
MOVE B208 125
MOVE B211 187
MOVE B212 187
TRAIN 2
COMMAND RIGHT END
TURN 259 RESULT
TIME LEFT 0 5 RIGHT 0 5
TRAIN A203 A204 A205 B213 B214
MOVE A149 124
MOVE A150 124
MOVE A151 124
MOVE A152 124
MOVE A153 124
MOVE A154 124
MOVE A155 124
MOVE A156 124
MOVE A158 124
MOVE A159 124
MOVE A160 124
MOVE A161 124
MOVE A162 124
MOVE A163 165
MOVE A164 124
MOVE A165 124
MOVE A166 124
MOVE A167 124
MOVE A168 124
MOVE A169 124
MOVE A170 124
MOVE A171 124
MOVE A172 124
MOVE A173 124
MOVE A174 124
MOVE A175 124
MOVE A178 88
MOVE A179 100
MOVE A180 100
MOVE A181 100
MOVE A182 89
MOVE A183 89
MOVE A184 89
MOVE A185 71
MOVE A186 71
MOVE A187 71
MOVE A188 64
MOVE A189 64
MOVE A190 64
MOVE A191 53
MOVE A192 53
MOVE A193 53
MOVE A194 40
MOVE A195 40
MOVE A196 40
MOVE A197 20
MOVE A198 20
MOVE A199 20
MOVE A200 4
MOVE A201 4
MOVE A202 4
MOVE B153 82
MOVE B154 82
MOVE B159 82
MOVE B160 82
MOVE B161 82
MOVE B162 82
MOVE B163 82
MOVE B164 82
MOVE B165 92
MOVE B168 92
MOVE B174 82
MOVE B175 82
MOVE B183 82
MOVE B184 82
MOVE B185 82
MOVE B186 82
MOVE B190 82
MOVE B192 82
MOVE B193 82
MOVE B194 82
MOVE B195 82
MOVE B196 82
MOVE B197 82
MOVE B198 105
MOVE B199 105
MOVE B201 125
MOVE B202 125
MOVE B203 141
MOVE B204 141
MOVE B205 161
MOVE B206 161
MOVE B207 173
MOVE B208 173
MOVE B209 187
MOVE B210 187
MOVE B211 194
MOVE B212 194
DAMAGE TURRET A163 2
DAMAGE COMBAT A163 3
DAMAGE COMBAT B6 1
END TURN 259
TURN 260
COMMAND LEFT START
MOVE A205 100
MOVE A204 100
MOVE A203 100
TRAIN 3
COMMAND LEFT END
COMMAND RIGHT START
MOVE B178 165
MOVE B200 82
MOVE B201 82
MOVE B209 125
MOVE B210 125
MOVE B213 185
MOVE B214 160
TRAIN 2
COMMAND RIGHT END
TURN 260 RESULT
TIME LEFT 0 5 RIGHT 0 5
TRAIN A206 A207 A208 B215 B216
MOVE A149 138
MOVE A150 138
MOVE A151 138
MOVE A152 138
MOVE A153 138
MOVE A154 138
MOVE A155 138
MOVE A156 138
MOVE A158 138
MOVE A159 138
MOVE A160 138
MOVE A161 138
MOVE A162 138
MOVE A164 138
MOVE A165 138
MOVE A166 138
MOVE A167 138
MOVE A168 138
MOVE A169 138
MOVE A170 138
MOVE A171 138
MOVE A172 138
MOVE A173 138
MOVE A174 138
MOVE A175 138
MOVE A178 83
MOVE A182 100
MOVE A183 100
MOVE A184 100
MOVE A185 89
MOVE A186 89
MOVE A187 89
MOVE A188 71
MOVE A189 71
MOVE A190 71
MOVE A191 64
MOVE A192 64
MOVE A193 64
MOVE A194 53
MOVE A195 53
MOVE A196 53
MOVE A197 40
MOVE A198 40
MOVE A199 40
MOVE A200 14
MOVE A201 14
MOVE A202 14
MOVE A203 4
MOVE A204 4
MOVE A205 4
MOVE B165 82
MOVE B168 82
MOVE B178 169
MOVE B198 92
MOVE B199 92
MOVE B200 105
MOVE B201 105
MOVE B203 125
MOVE B204 125
MOVE B205 141
MOVE B206 141
MOVE B207 161
MOVE B208 161
MOVE B209 173
MOVE B210 173
MOVE B211 187
MOVE B212 187
MOVE B213 199
MOVE B214 196
DAMAGE TURRET A163 2
DAMAGE COMBAT A163 1
DAMAGE COMBAT B6 1
END TURN 260
TURN 261
COMMAND LEFT START
MOVE A208 100
MOVE A207 100
MOVE A206 100
TRAIN 3
COMMAND LEFT END
COMMAND RIGHT START
MOVE B144 146
MOVE B202 82
MOVE B203 82
MOVE B215 187
MOVE B216 187
TRAIN 2
COMMAND RIGHT END
TURN 261 RESULT
TIME LEFT 0 5 RIGHT 0 5
TRAIN A209 A210 A211 B217 B218
MOVE A149 155
MOVE A150 155
MOVE A151 155
MOVE A152 155
MOVE A153 155
MOVE A154 155
MOVE A155 155
MOVE A156 155
MOVE A158 155
MOVE A159 155
MOVE A160 155
MOVE A161 155
MOVE A162 155
MOVE A164 155
MOVE A165 155
MOVE A166 155
MOVE A167 155
MOVE A168 155
MOVE A169 155
MOVE A170 155
MOVE A171 155
MOVE A172 155
MOVE A173 155
MOVE A174 155
MOVE A175 155
MOVE A178 86
MOVE A185 100
MOVE A186 100
MOVE A187 100
MOVE A188 89
MOVE A189 89
MOVE A190 89
MOVE A191 71
MOVE A192 71
MOVE A193 71
MOVE A194 64
MOVE A195 64
MOVE A196 64
MOVE A197 53
MOVE A198 53
MOVE A199 53
MOVE A200 20
MOVE A201 20
MOVE A202 20
MOVE A203 14
MOVE A204 14
MOVE A205 14
MOVE A206 4
MOVE A207 4
MOVE A208 4
MOVE B144 166
MOVE B178 167
MOVE B198 82
MOVE B199 82
MOVE B200 92
MOVE B201 92
MOVE B202 105
MOVE B203 105
MOVE B205 125
MOVE B206 125
MOVE B207 141
MOVE B208 141
MOVE B209 161
MOVE B210 161
MOVE B213 198
MOVE B214 186
MOVE B215 194
MOVE B216 194
END TURN 261
TURN 262
COMMAND LEFT START
MOVE A187 187
MOVE A211 100
MOVE A210 100
MOVE A209 100
TRAIN 2
COMMAND LEFT END
COMMAND RIGHT START
MOVE B204 82
MOVE B205 82
MOVE B211 125
MOVE B212 125
MOVE B217 187
MOVE B218 187
TRAIN 2
COMMAND RIGHT END
TURN 262 RESULT
TIME LEFT 0 5 RIGHT 0 5
TRAIN A212 A213 B219 B220
MOVE A149 171
MOVE A150 171
MOVE A151 171
MOVE A152 171
MOVE A153 171
MOVE A154 171
MOVE A155 171
MOVE A156 171
MOVE A158 171
MOVE A159 171
MOVE A160 171
MOVE A161 171
MOVE A162 171
MOVE A164 171
MOVE A165 171
MOVE A166 171
MOVE A167 171
MOVE A168 171
MOVE A169 171
MOVE A170 171
MOVE A171 171
MOVE A172 171
MOVE A173 171
MOVE A174 171
MOVE A175 171
MOVE A178 82
MOVE A187 111
MOVE A188 100
MOVE A189 100
MOVE A190 100
MOVE A191 89
MOVE A192 89
MOVE A193 89
MOVE A194 71
MOVE A195 71
MOVE A196 71
MOVE A197 64
MOVE A198 64
MOVE A199 64
MOVE A200 40
MOVE A201 40
MOVE A202 40
MOVE A203 20
MOVE A204 20
MOVE A205 20
MOVE A206 14
MOVE A207 14
MOVE A208 14
MOVE A209 4
MOVE A210 4
MOVE A211 4
MOVE B144 171
MOVE B178 171
MOVE B200 82
MOVE B201 82
MOVE B202 92
MOVE B203 92
MOVE B204 105
MOVE B205 105
MOVE B207 125
MOVE B208 125
MOVE B209 141
MOVE B210 141
MOVE B211 173
MOVE B212 173
MOVE B213 188
MOVE B214 180
MOVE B215 187
MOVE B216 187
MOVE B217 194
MOVE B218 194
DAMAGE TURRET A178 2
DAMAGE COMBAT A149 2
DAMAGE COMBAT A178 6
DAMAGE COMBAT B144 4
DAMAGE COMBAT B154 1
DAMAGE COMBAT B178 6
END TURN 262
TURN 263
COMMAND LEFT START
MOVE A190 182
MOVE A189 182
MOVE A188 182
MOVE A186 182
MOVE A185 182
MOVE A184 182
MOVE A183 182
MOVE A182 182
MOVE A181 182
MOVE A180 182
MOVE A179 182
MOVE A177 182
MOVE A176 182
COMMAND LEFT END
COMMAND RIGHT START
MOVE B131 125
MOVE B133 165
MOVE B136 200
MOVE B145 182
MOVE B153 125
MOVE B154 125
MOVE B155 200
MOVE B159 125
MOVE B160 125
MOVE B161 125
MOVE B162 125
MOVE B163 125
MOVE B164 125
MOVE B165 125
MOVE B166 125
MOVE B167 125
MOVE B168 125
MOVE B169 125
MOVE B170 146
MOVE B171 146
MOVE B172 125
MOVE B173 125
MOVE B174 146
MOVE B175 146
MOVE B176 146
MOVE B177 146
MOVE B179 182
MOVE B181 146
MOVE B183 125
MOVE B184 125
MOVE B185 97
MOVE B186 97
MOVE B187 200
MOVE B189 200
MOVE B191 200
MOVE B206 82
MOVE B207 187
MOVE B208 187
MOVE B215 200
MOVE B216 200
TRAIN 2
COMMAND RIGHT END
TURN 263 RESULT
TIME LEFT 0 5 RIGHT 0 5
TRAIN B221 B222
MOVE A149 185
MOVE A150 185
MOVE A151 185
MOVE A152 185
MOVE A153 185
MOVE A154 185
MOVE A155 185
MOVE A156 185
MOVE A158 185
MOVE A159 185
MOVE A160 185
MOVE A161 185
MOVE A162 185
MOVE A164 185
MOVE A165 185
MOVE A166 185
MOVE A167 185
MOVE A168 185
MOVE A169 185
MOVE A170 185
MOVE A171 185
MOVE A172 185
MOVE A173 185
MOVE A174 185
MOVE A175 185
MOVE A176 111
MOVE A177 111
MOVE A179 111
MOVE A180 111
MOVE A181 111
MOVE A182 111
MOVE A183 111
MOVE A184 111
MOVE A185 111
MOVE A186 111
MOVE A187 129
MOVE A188 111
MOVE A189 111
MOVE A190 111
MOVE A191 100
MOVE A192 100
MOVE A193 100
MOVE A194 89
MOVE A195 89
MOVE A196 89
MOVE A197 71
MOVE A198 71
MOVE A199 71
MOVE A200 53
MOVE A201 53
MOVE A202 53
MOVE A203 40
MOVE A204 40
MOVE A205 40
MOVE A206 20
MOVE A207 20
MOVE A208 20
MOVE A209 14
MOVE A210 14
MOVE A211 14
MOVE B131 92
MOVE B133 177
MOVE B136 188
MOVE B145 169
MOVE B153 92
MOVE B154 92
MOVE B155 192
MOVE B159 92
MOVE B160 92
MOVE B161 92
MOVE B162 92
MOVE B163 92
MOVE B164 92
MOVE B165 92
MOVE B166 105
MOVE B167 105
MOVE B168 92
MOVE B169 92
MOVE B170 86
MOVE B171 86
MOVE B172 92
MOVE B173 92
MOVE B174 86
MOVE B175 86
MOVE B176 86
MOVE B177 86
MOVE B179 169
MOVE B181 86
MOVE B183 92
MOVE B184 92
MOVE B185 92
MOVE B186 92
MOVE B187 188
MOVE B189 192
MOVE B191 162
MOVE B202 82
MOVE B203 82
MOVE B204 92
MOVE B205 92
MOVE B206 105
MOVE B207 141
MOVE B208 141
MOVE B209 125
MOVE B210 125
MOVE B211 161
MOVE B212 161
MOVE B213 185
MOVE B214 160
MOVE B215 194
MOVE B216 194
MOVE B217 187
MOVE B218 187
DAMAGE TURRET A149 2
DAMAGE COMBAT A149 1
DAMAGE COMBAT B213 6
SIEGE B 185 18
END TURN 263
TURN 264
COMMAND LEFT START
MOVE A149 100
MOVE A150 100
MOVE A151 100
MOVE A152 100
MOVE A153 100
MOVE A154 100
MOVE A155 100
MOVE A156 100
MOVE A158 100
MOVE A159 100
MOVE A160 100
MOVE A161 100
MOVE A162 100
MOVE A164 100
MOVE A165 100
MOVE A166 100
MOVE A167 100
MOVE A168 100
MOVE A169 100
MOVE A170 100
MOVE A171 100
MOVE A172 100
MOVE A173 100
MOVE A174 100
MOVE A213 100
MOVE A212 100
UPGRADE 185
TRAIN 3
COMMAND LEFT END
COMMAND RIGHT START
MOVE B64 200
MOVE B209 187
MOVE B210 82
MOVE B217 125
MOVE B218 125
MOVE B221 187
MOVE B222 187
TRAIN 1
COMMAND RIGHT END
TURN 264 RESULT
TIME LEFT 0 5 RIGHT 0 5
UPGRADE A 185
TRAIN A214 A215 A216 B223
MOVE A149 171
MOVE A150 171
MOVE A151 171
MOVE A152 171
MOVE A153 171
MOVE A154 171
MOVE A155 171
MOVE A156 171
MOVE A158 171
MOVE A159 171
MOVE A160 171
MOVE A161 171
MOVE A162 171
MOVE A164 171
MOVE A165 171
MOVE A166 171
MOVE A167 171
MOVE A168 171
MOVE A169 171
MOVE A170 171
MOVE A171 171
MOVE A172 171
MOVE A173 171
MOVE A174 171
MOVE A176 129
MOVE A177 129
MOVE A179 129
MOVE A180 129
MOVE A181 129
MOVE A182 129
MOVE A183 129
MOVE A184 129
MOVE A185 129
MOVE A186 129
MOVE A187 134
MOVE A188 129
MOVE A189 129
MOVE A190 129
MOVE A194 100
MOVE A195 100
MOVE A196 100
MOVE A197 89
MOVE A198 89
MOVE A199 89
MOVE A200 64
MOVE A201 64
MOVE A202 64
MOVE A203 53
MOVE A204 53
MOVE A205 53
MOVE A206 40
MOVE A207 40
MOVE A208 40
MOVE A209 20
MOVE A210 20
MOVE A211 20
MOVE A212 4
MOVE A213 4
MOVE B64 192
MOVE B131 105
MOVE B133 165
MOVE B136 198
MOVE B145 182
MOVE B153 105
MOVE B154 105
MOVE B155 196
MOVE B159 105
MOVE B160 105
MOVE B161 105
MOVE B162 105
MOVE B163 105
MOVE B164 105
MOVE B165 105
MOVE B166 125
MOVE B167 125
MOVE B168 105
MOVE B169 105
MOVE B170 109
MOVE B171 109
MOVE B172 105
MOVE B173 105
MOVE B174 109
MOVE B175 109
MOVE B176 109
MOVE B177 109
MOVE B179 182
MOVE B181 109
MOVE B183 105
MOVE B184 105
MOVE B185 97
MOVE B186 97
MOVE B187 198
MOVE B189 196
MOVE B191 183
MOVE B204 82
MOVE B205 82
MOVE B206 92
MOVE B207 161
MOVE B208 161
MOVE B209 141
MOVE B210 105
MOVE B211 141
MOVE B212 141
MOVE B215 200
MOVE B216 200
MOVE B217 173
MOVE B218 173
MOVE B221 194
MOVE B222 194
END TURN 264
TURN 265
COMMAND LEFT START
MOVE A216 100
MOVE A215 100
MOVE A214 100
UPGRADE 185
TRAIN 3
COMMAND LEFT END
COMMAND RIGHT START
MOVE B166 187
MOVE B167 187
MOVE B179 200
MOVE B223 187
COMMAND RIGHT END
TURN 265 RESULT
TIME LEFT 0 5 RIGHT 0 5
UPGRADE A 185
TRAIN A217 A218 A219
MOVE A149 155
MOVE A150 155
MOVE A151 155
MOVE A152 155
MOVE A153 155
MOVE A154 155
MOVE A155 155
MOVE A156 155
MOVE A158 155
MOVE A159 155
MOVE A160 155
MOVE A161 155
MOVE A162 155
MOVE A164 155
MOVE A165 155
MOVE A166 155
MOVE A167 155
MOVE A168 155
MOVE A169 155
MOVE A170 155
MOVE A171 155
MOVE A172 155
MOVE A173 155
MOVE A174 155
MOVE A176 136
MOVE A177 136
MOVE A179 136
MOVE A180 136
MOVE A181 136
MOVE A182 136
MOVE A183 136
MOVE A184 136
MOVE A185 136
MOVE A186 136
MOVE A187 140
MOVE A188 136
MOVE A189 136
MOVE A190 136
MOVE A197 100
MOVE A198 100
MOVE A199 100
MOVE A200 71
MOVE A201 71
MOVE A202 71
MOVE A203 64
MOVE A204 64
MOVE A205 64
MOVE A206 53
MOVE A207 53
MOVE A208 53
MOVE A209 40
MOVE A210 40
MOVE A211 40
MOVE A212 14
MOVE A213 14
MOVE A214 4
MOVE A215 4
MOVE A216 4
MOVE B64 196
MOVE B131 125
MOVE B136 199
MOVE B153 125
MOVE B154 125
MOVE B155 200
MOVE B159 125
MOVE B160 125
MOVE B161 125
MOVE B162 125
MOVE B163 125
MOVE B164 125
MOVE B165 125
MOVE B166 141
MOVE B167 141
MOVE B168 125
MOVE B169 125
MOVE B170 106
MOVE B171 106
MOVE B172 125
MOVE B173 125
MOVE B174 106
MOVE B175 106
MOVE B176 106
MOVE B177 106
MOVE B179 192
MOVE B181 106
MOVE B183 125
MOVE B184 125
MOVE B187 199
MOVE B189 200
MOVE B191 193
MOVE B206 82
MOVE B207 173
MOVE B208 173
MOVE B209 161
MOVE B210 92
MOVE B211 125
MOVE B212 125
MOVE B217 161
MOVE B218 161
MOVE B221 187
MOVE B222 187
MOVE B223 194
END TURN 265
TURN 266
COMMAND LEFT START
MOVE A15 185
MOVE A219 100
MOVE A218 100
MOVE A217 100
UPGRADE 185
COMMAND LEFT END
COMMAND RIGHT START
MOVE B132 200
MOVE B153 82
MOVE B154 82
MOVE B155 187
MOVE B159 82
MOVE B160 82
MOVE B161 82
MOVE B162 82
MOVE B163 82
MOVE B164 82
MOVE B165 82
MOVE B168 82
MOVE B169 149
MOVE B172 187
MOVE B173 187
MOVE B189 187
MOVE B211 82
MOVE B212 82
MOVE B215 187
MOVE B216 187
MOVE B219 187
MOVE B220 187
MOVE B221 125
MOVE B222 125
TRAIN 2
COMMAND RIGHT END
TURN 266 RESULT
TIME LEFT 0 5 RIGHT 0 5
UPGRADE A 185
TRAIN B224 B225
MOVE A15 111
MOVE A149 138
MOVE A150 138
MOVE A151 138
MOVE A152 138
MOVE A153 138
MOVE A154 138
MOVE A155 138
MOVE A156 138
MOVE A158 138
MOVE A159 138
MOVE A160 138
MOVE A161 138
MOVE A162 138
MOVE A164 138
MOVE A165 138
MOVE A166 138
MOVE A167 138
MOVE A168 138
MOVE A169 138
MOVE A170 138
MOVE A171 138
MOVE A172 138
MOVE A173 138
MOVE A174 138
MOVE A176 146
MOVE A177 146
MOVE A179 146
MOVE A180 146
MOVE A181 146
MOVE A182 146
MOVE A183 146
MOVE A184 146
MOVE A185 146
MOVE A186 146
MOVE A187 149
MOVE A188 146
MOVE A189 146
MOVE A190 146
MOVE A200 89
MOVE A201 89
MOVE A202 89
MOVE A203 71
MOVE A204 71
MOVE A205 71
MOVE A206 64
MOVE A207 64
MOVE A208 64
MOVE A209 53
MOVE A210 53
MOVE A211 53
MOVE A212 20
MOVE A213 20
MOVE A214 14
MOVE A215 14
MOVE A216 14
MOVE A217 4
MOVE A218 4
MOVE A219 4
MOVE B64 200
MOVE B132 194
MOVE B136 200
MOVE B153 105
MOVE B154 105
MOVE B155 194
MOVE B159 105
MOVE B160 105
MOVE B161 105
MOVE B162 105
MOVE B163 105
MOVE B164 105
MOVE B165 105
MOVE B166 161
MOVE B167 161
MOVE B168 105
MOVE B169 133
MOVE B170 129
MOVE B171 129
MOVE B172 141
MOVE B173 141
MOVE B174 129
MOVE B175 129
MOVE B176 129
MOVE B177 129
MOVE B179 196
MOVE B181 129
MOVE B187 200
MOVE B189 194
MOVE B191 200
MOVE B207 187
MOVE B208 187
MOVE B209 173
MOVE B210 82
MOVE B211 105
MOVE B212 105
MOVE B215 194
MOVE B216 194
MOVE B217 141
MOVE B218 141
MOVE B219 194
MOVE B220 194
MOVE B221 173
MOVE B222 173
MOVE B223 187
DAMAGE TURRET A176 2
DAMAGE COMBAT A176 1
DAMAGE COMBAT B141 6
SIEGE B 146 7
END TURN 266
TURN 267
COMMAND LEFT START
MOVE A18 185
COMMAND LEFT END
COMMAND RIGHT START
MOVE B64 182
MOVE B133 146
MOVE B136 182
MOVE B183 146
MOVE B184 146
MOVE B185 125
MOVE B186 125
MOVE B187 182
MOVE B190 146
MOVE B191 182
MOVE B192 146
MOVE B193 146
MOVE B194 125
MOVE B195 97
MOVE B196 97
MOVE B199 160
MOVE B207 146
MOVE B208 146
MOVE B214 146
MOVE B223 146
MOVE B224 182
MOVE B225 182
COMMAND RIGHT END
TURN 267 RESULT
TIME LEFT 0 5 RIGHT 0 5
MOVE A15 124
MOVE A18 111
MOVE A149 124
MOVE A150 124
MOVE A151 124
MOVE A152 124
MOVE A153 124
MOVE A154 124
MOVE A155 124
MOVE A156 124
MOVE A158 124
MOVE A159 124
MOVE A160 124
MOVE A161 124
MOVE A162 124
MOVE A164 124
MOVE A165 124
MOVE A166 124
MOVE A167 124
MOVE A168 124
MOVE A169 124
MOVE A170 124
MOVE A171 124
MOVE A172 124
MOVE A173 124
MOVE A174 124
MOVE A176 169
MOVE A177 169
MOVE A179 169
MOVE A180 169
MOVE A181 169
MOVE A182 169
MOVE A183 169
MOVE A184 169
MOVE A185 169
MOVE A186 169
MOVE A187 161
MOVE A188 169
MOVE A189 169
MOVE A190 169
MOVE A200 100
MOVE A201 100
MOVE A202 100
MOVE A203 89
MOVE A204 89
MOVE A205 89
MOVE A206 71
MOVE A207 71
MOVE A208 71
MOVE A209 64
MOVE A210 64
MOVE A211 64
MOVE A212 40
MOVE A213 40
MOVE A214 20
MOVE A215 20
MOVE A216 20
MOVE A217 14
MOVE A218 14
MOVE A219 14
MOVE B64 196
MOVE B132 200
MOVE B133 166
MOVE B136 196
MOVE B153 92
MOVE B154 92
MOVE B155 187
MOVE B159 92
MOVE B160 92
MOVE B161 92
MOVE B162 92
MOVE B163 92
MOVE B164 92
MOVE B165 92
MOVE B166 173
MOVE B167 173
MOVE B168 92
MOVE B169 149
MOVE B170 136
MOVE B171 136
MOVE B172 161
MOVE B173 161
MOVE B174 136
MOVE B175 136
MOVE B176 136
MOVE B177 136
MOVE B179 200
MOVE B181 136
MOVE B183 133
MOVE B184 133
MOVE B185 105
MOVE B186 105
MOVE B187 196
MOVE B189 187
MOVE B190 86
MOVE B191 196
MOVE B192 86
MOVE B193 86
MOVE B194 92
MOVE B195 92
MOVE B196 92
MOVE B199 86
MOVE B207 183
MOVE B208 183
MOVE B209 187
MOVE B211 92
MOVE B212 92
MOVE B214 146
MOVE B215 187
MOVE B216 187
MOVE B217 125
MOVE B218 125
MOVE B219 187
MOVE B220 187
MOVE B221 161
MOVE B222 161
MOVE B223 183
MOVE B224 196
MOVE B225 196
DAMAGE COMBAT A187 4
DAMAGE COMBAT B172 1
END TURN 267
TURN 268
COMMAND LEFT START
MOVE A202 82
COMMAND LEFT END
COMMAND RIGHT START
MOVE B131 187
MOVE B155 200
MOVE B169 200
MOVE B189 200
MOVE B209 200
MOVE B214 182
MOVE B215 200
MOVE B216 200
MOVE B217 149
MOVE B218 82
MOVE B219 200
MOVE B220 200
TRAIN 1
COMMAND RIGHT END
TURN 268 RESULT
TIME LEFT 0 5 RIGHT 0 5
TRAIN B226
MOVE A15 138
MOVE A18 124
MOVE A149 111
MOVE A150 111
MOVE A151 111
MOVE A152 111
MOVE A153 111
MOVE A154 111
MOVE A155 111
MOVE A156 111
MOVE A158 111
MOVE A159 111
MOVE A160 111
MOVE A161 111
MOVE A162 111
MOVE A164 111
MOVE A165 111
MOVE A166 111
MOVE A167 111
MOVE A168 111
MOVE A169 111
MOVE A170 111
MOVE A171 111
MOVE A172 111
MOVE A173 111
MOVE A174 111
MOVE A176 182
MOVE A177 182
MOVE A179 182
MOVE A180 182
MOVE A181 182
MOVE A182 182
MOVE A183 182
MOVE A184 182
MOVE A185 182
MOVE A186 182
MOVE A188 182
MOVE A189 182
MOVE A190 182
MOVE A202 88
MOVE A203 100
MOVE A204 100
MOVE A205 100
MOVE A206 89
MOVE A207 89
MOVE A208 89
MOVE A209 71
MOVE A210 71
MOVE A211 71
MOVE A212 53
MOVE A213 53
MOVE A214 40
MOVE A215 40
MOVE A216 40
MOVE A217 20
MOVE A218 20
MOVE A219 20
MOVE B64 192
MOVE B131 141
MOVE B133 171
MOVE B136 192
MOVE B153 82
MOVE B154 82
MOVE B155 194
MOVE B159 82
MOVE B160 82
MOVE B161 82
MOVE B162 82
MOVE B163 82
MOVE B164 82
MOVE B165 82
MOVE B166 187
MOVE B167 187
MOVE B168 82
MOVE B169 162
MOVE B170 146
MOVE B171 146
MOVE B174 146
MOVE B175 146
MOVE B176 146
MOVE B177 146
MOVE B181 146
MOVE B183 140
MOVE B184 140
MOVE B185 125
MOVE B186 125
MOVE B187 192
MOVE B189 194
MOVE B190 109
MOVE B191 192
MOVE B192 109
MOVE B193 109
MOVE B194 105
MOVE B195 97
MOVE B196 97
MOVE B199 109
MOVE B207 176
MOVE B208 176
MOVE B209 194
MOVE B211 82
MOVE B212 82
MOVE B214 169
MOVE B215 194
MOVE B216 194
MOVE B217 133
MOVE B218 105
MOVE B219 194
MOVE B220 194
MOVE B223 176
MOVE B224 192
MOVE B225 192
DAMAGE TURRET A176 2
DAMAGE COMBAT A176 1
DAMAGE COMBAT A187 4
DAMAGE COMBAT B145 6
DAMAGE COMBAT B172 1
SIEGE B 182 7
END TURN 268
TURN 269
COMMAND LEFT START
TRAIN 1
COMMAND LEFT END
COMMAND RIGHT START
MOVE B132 182
MOVE B153 146
MOVE B154 146
MOVE B159 146
MOVE B160 125
MOVE B161 125
MOVE B162 125
MOVE B163 125
MOVE B164 146
MOVE B165 146
MOVE B166 182
MOVE B167 182
MOVE B168 125
MOVE B170 182
MOVE B171 182
MOVE B174 182
MOVE B175 182
MOVE B177 182
MOVE B179 182
MOVE B181 182
MOVE B186 146
MOVE B195 125
MOVE B196 125
MOVE B197 97
MOVE B198 97
MOVE B226 182
TRAIN 1
COMMAND RIGHT END
TURN 269 RESULT
TIME LEFT 0 5 RIGHT 0 5
TRAIN A220 B227
MOVE A15 155
MOVE A18 138
MOVE A149 100
MOVE A150 100
MOVE A151 100
MOVE A152 100
MOVE A153 100
MOVE A154 100
MOVE A155 100
MOVE A156 100
MOVE A158 100
MOVE A159 100
MOVE A160 100
MOVE A161 100
MOVE A162 100
MOVE A164 100
MOVE A165 100
MOVE A166 100
MOVE A167 100
MOVE A168 100
MOVE A169 100
MOVE A170 100
MOVE A171 100
MOVE A172 100
MOVE A173 100
MOVE A174 100
MOVE A202 83
MOVE A206 100
MOVE A207 100
MOVE A208 100
MOVE A209 89
MOVE A210 89
MOVE A211 89
MOVE A212 64
MOVE A213 64
MOVE A214 53
MOVE A215 53
MOVE A216 53
MOVE A217 40
MOVE A218 40
MOVE A219 40
MOVE B64 182
MOVE B131 161
MOVE B132 196
MOVE B133 167
MOVE B136 182
MOVE B153 86
MOVE B154 86
MOVE B155 200
MOVE B159 86
MOVE B160 92
MOVE B161 92
MOVE B162 92
MOVE B163 92
MOVE B164 86
MOVE B165 86
MOVE B166 183
MOVE B167 183
MOVE B168 92
MOVE B169 183
MOVE B170 169
MOVE B171 169
MOVE B172 173
MOVE B173 173
MOVE B174 169
MOVE B175 169
MOVE B177 169
MOVE B179 196
MOVE B181 169
MOVE B183 147
MOVE B184 147
MOVE B186 133
MOVE B187 182
MOVE B189 200
MOVE B190 106
MOVE B191 182
MOVE B192 106
MOVE B193 106
MOVE B194 125
MOVE B195 105
MOVE B196 105
MOVE B197 92
MOVE B198 92
MOVE B199 120
MOVE B207 168
MOVE B208 168
MOVE B209 200
MOVE B214 182
MOVE B215 200
MOVE B216 200
MOVE B217 149
MOVE B218 92
MOVE B219 200
MOVE B220 200
MOVE B221 141
MOVE B222 141
MOVE B223 168
MOVE B224 182
MOVE B225 182
MOVE B226 196
DAMAGE TURRET A176 2
DAMAGE COMBAT A177 7
DAMAGE COMBAT B64 5
DAMAGE COMBAT B136 6
DAMAGE COMBAT B187 2
END TURN 269
TURN 270
COMMAND LEFT START
MOVE A208 146
MOVE A207 146
MOVE A206 146
MOVE A205 146
MOVE A204 146
MOVE A203 146
MOVE A201 146
MOVE A200 146
MOVE A199 146
MOVE A198 146
MOVE A197 146
MOVE A196 146
MOVE A195 146
MOVE A194 146
MOVE A193 146
MOVE A192 146
MOVE A191 146
MOVE A174 146
MOVE A173 146
MOVE A172 146
MOVE A171 146
MOVE A170 146
MOVE A169 146
MOVE A168 146
MOVE A167 146
MOVE A166 146
MOVE A165 146
MOVE A164 146
MOVE A162 146
MOVE A161 146
MOVE A160 146
MOVE A159 146
MOVE A158 146
MOVE A156 146
MOVE A155 146
MOVE A154 146
MOVE A153 146
MOVE A152 146
MOVE A151 146
COMMAND LEFT END
COMMAND RIGHT START
MOVE B185 146
MOVE B194 146
MOVE B220 187
MOVE B227 187
COMMAND RIGHT END
TURN 270 RESULT
TIME LEFT 0 5 RIGHT 0 5
MOVE A15 171
MOVE A18 155
MOVE A151 111
MOVE A152 111
MOVE A153 111
MOVE A154 111
MOVE A155 111
MOVE A156 111
MOVE A158 111
MOVE A159 111
MOVE A160 111
MOVE A161 111
MOVE A162 111
MOVE A164 111
MOVE A165 111
MOVE A166 111
MOVE A167 111
MOVE A168 111
MOVE A169 111
MOVE A170 111
MOVE A171 111
MOVE A172 111
MOVE A173 111
MOVE A174 111
MOVE A191 111
MOVE A192 111
MOVE A193 111
MOVE A194 111
MOVE A195 111
MOVE A196 111
MOVE A197 111
MOVE A198 111
MOVE A199 111
MOVE A200 111
MOVE A201 111
MOVE A202 86
MOVE A203 111
MOVE A204 111
MOVE A205 111
MOVE A206 111
MOVE A207 111
MOVE A208 111
MOVE A209 100
MOVE A210 100
MOVE A211 100
MOVE A212 71
MOVE A213 71
MOVE A214 64
MOVE A215 64
MOVE A216 64
MOVE A217 53
MOVE A218 53
MOVE A219 53
MOVE B131 173
MOVE B132 192
MOVE B133 159
MOVE B153 109
MOVE B154 109
MOVE B159 109
MOVE B160 105
MOVE B161 105
MOVE B162 105
MOVE B163 105
MOVE B164 109
MOVE B165 109
MOVE B166 184
MOVE B167 184
MOVE B168 105
MOVE B169 193
MOVE B170 182
MOVE B171 182
MOVE B172 187
MOVE B173 187
MOVE B174 182
MOVE B175 182
MOVE B177 182
MOVE B179 192
MOVE B181 182
MOVE B183 146
MOVE B184 146
MOVE B185 133
MOVE B186 140
MOVE B190 129
MOVE B192 129
MOVE B193 129
MOVE B194 133
MOVE B195 125
MOVE B196 125
MOVE B197 97
MOVE B198 97
MOVE B199 134
MOVE B207 160
MOVE B208 160
MOVE B218 82
MOVE B220 194
MOVE B221 125
MOVE B222 125
MOVE B223 160
MOVE B226 192
MOVE B227 194
DAMAGE TURRET A177 1
DAMAGE TURRET A179 1
DAMAGE COMBAT A179 7
DAMAGE COMBAT A180 4
DAMAGE COMBAT B170 6
DAMAGE COMBAT B171 2
DAMAGE COMBAT B187 4
END TURN 270
TURN 271
COMMAND LEFT START
MOVE A220 100
TRAIN 1
COMMAND LEFT END
COMMAND RIGHT START
MOVE B173 125
MOVE B183 82
MOVE B184 82
MOVE B195 187
MOVE B196 187
MOVE B221 82
MOVE B222 82
TRAIN 2
COMMAND RIGHT END
TURN 271 RESULT
TIME LEFT 0 5 RIGHT 0 5
TRAIN A221 B228 B229
MOVE A15 185
MOVE A18 171
MOVE A151 129
MOVE A152 129
MOVE A153 129
MOVE A154 129
MOVE A155 129
MOVE A156 129
MOVE A158 129
MOVE A159 129
MOVE A160 129
MOVE A161 129
MOVE A162 129
MOVE A164 129
MOVE A165 129
MOVE A166 129
MOVE A167 129
MOVE A168 129
MOVE A169 129
MOVE A170 129
MOVE A171 129
MOVE A172 129
MOVE A173 129
MOVE A174 129
MOVE A191 129
MOVE A192 129
MOVE A193 129
MOVE A194 129
MOVE A195 129
MOVE A196 129
MOVE A197 129
MOVE A198 129
MOVE A199 129
MOVE A200 129
MOVE A201 129
MOVE A202 82
MOVE A203 129
MOVE A204 129
MOVE A205 129
MOVE A206 129
MOVE A207 129
MOVE A208 129
MOVE A212 89
MOVE A213 89
MOVE A214 71
MOVE A215 71
MOVE A216 71
MOVE A217 64
MOVE A218 64
MOVE A219 64
MOVE A220 4
MOVE B131 187
MOVE B132 182
MOVE B133 146
MOVE B153 106
MOVE B154 106
MOVE B159 106
MOVE B160 125
MOVE B161 125
MOVE B162 125
MOVE B163 125
MOVE B164 106
MOVE B165 106
MOVE B166 186
MOVE B167 186
MOVE B168 125
MOVE B169 200
MOVE B173 173
MOVE B179 182
MOVE B183 136
MOVE B184 136
MOVE B185 140
MOVE B186 147
MOVE B190 136
MOVE B192 136
MOVE B193 136
MOVE B194 140
MOVE B195 141
MOVE B196 141
MOVE B199 147
MOVE B207 146
MOVE B208 146
MOVE B220 187
MOVE B221 105
MOVE B222 105
MOVE B223 146
MOVE B226 182
MOVE B227 187
DAMAGE TURRET A180 2
DAMAGE TURRET A202 2
DAMAGE COMBAT A180 2
DAMAGE COMBAT A181 8
DAMAGE COMBAT A182 2
DAMAGE COMBAT A202 6
DAMAGE COMBAT B132 5
DAMAGE COMBAT B140 1
DAMAGE COMBAT B171 4
DAMAGE COMBAT B174 1
END TURN 271
TURN 272
COMMAND LEFT START
MOVE A221 100
MOVE A211 82
TRAIN 3
COMMAND LEFT END
COMMAND RIGHT START
MOVE B133 82
MOVE B162 187
MOVE B163 187
MOVE B176 182
MOVE B207 82
MOVE B208 82
MOVE B219 187
MOVE B223 82
MOVE B227 125
MOVE B228 187
MOVE B229 187
TRAIN 1
COMMAND RIGHT END
TURN 272 RESULT
TIME LEFT 0 5 RIGHT 0 5
TRAIN A222 A223 A224 B230
MOVE A18 185
MOVE A151 136
MOVE A152 136
MOVE A153 136
MOVE A154 136
MOVE A155 136
MOVE A156 136
MOVE A158 136
MOVE A159 136
MOVE A160 136
MOVE A161 136
MOVE A162 136
MOVE A164 136
MOVE A165 136
MOVE A166 136
MOVE A167 136
MOVE A168 136
MOVE A169 136
MOVE A170 136
MOVE A171 136
MOVE A172 136
MOVE A173 136
MOVE A174 136
MOVE A191 136
MOVE A192 136
MOVE A193 136
MOVE A194 136
MOVE A195 136
MOVE A196 136
MOVE A197 136
MOVE A198 136
MOVE A199 136
MOVE A200 136
MOVE A201 136
MOVE A203 136
MOVE A204 136
MOVE A205 136
MOVE A206 136
MOVE A207 136
MOVE A208 136
MOVE A211 88
MOVE A212 100
MOVE A213 100
MOVE A214 89
MOVE A215 89
MOVE A216 89
MOVE A217 71
MOVE A218 71
MOVE A219 71
MOVE A220 14
MOVE A221 4
MOVE B133 136
MOVE B153 129
MOVE B154 129
MOVE B159 129
MOVE B162 141
MOVE B163 141
MOVE B164 129
MOVE B165 129
MOVE B166 182
MOVE B167 182
MOVE B173 161
MOVE B176 169
MOVE B183 129
MOVE B184 129
MOVE B185 147
MOVE B186 146
MOVE B190 146
MOVE B192 146
MOVE B193 146
MOVE B194 147
MOVE B195 161
MOVE B196 161
MOVE B199 160
MOVE B207 136
MOVE B208 136
MOVE B219 194
MOVE B221 92
MOVE B222 92
MOVE B223 136
MOVE B227 173
MOVE B228 194
MOVE B229 194
DAMAGE TURRET A182 2
DAMAGE COMBAT A151 4
DAMAGE COMBAT A182 4
DAMAGE COMBAT A183 8
DAMAGE COMBAT B133 3
DAMAGE COMBAT B166 3
DAMAGE COMBAT B174 5
DAMAGE COMBAT B207 6
DAMAGE COMBAT B208 6
DAMAGE COMBAT B223 6
END TURN 272
TURN 273
COMMAND LEFT START
MOVE A224 100
MOVE A223 100
MOVE A222 100
TRAIN 3
COMMAND LEFT END
COMMAND RIGHT START
MOVE B186 182
MOVE B190 82
MOVE B192 182
MOVE B193 165
MOVE B209 187
MOVE B215 187
MOVE B216 187
MOVE B220 125
MOVE B230 187
TRAIN 2
COMMAND RIGHT END
TURN 273 RESULT
TIME LEFT 0 5 RIGHT 0 5
TRAIN A225 A226 A227 B231 B232
MOVE A151 146
MOVE A152 146
MOVE A153 146
MOVE A154 146
MOVE A155 146
MOVE A156 146
MOVE A158 146
MOVE A159 146
MOVE A160 146
MOVE A161 146
MOVE A162 146
MOVE A164 146
MOVE A165 146
MOVE A166 146
MOVE A167 146
MOVE A168 146
MOVE A169 146
MOVE A170 146
MOVE A171 146
MOVE A172 146
MOVE A173 146
MOVE A174 146
MOVE A191 146
MOVE A192 146
MOVE A193 146
MOVE A194 146
MOVE A195 146
MOVE A196 146
MOVE A197 146
MOVE A198 146
MOVE A199 146
MOVE A200 146
MOVE A201 146
MOVE A203 146
MOVE A204 146
MOVE A205 146
MOVE A206 146
MOVE A207 146
MOVE A208 146
MOVE A211 83
MOVE A214 100
MOVE A215 100
MOVE A216 100
MOVE A217 89
MOVE A218 89
MOVE A219 89
MOVE A220 20
MOVE A221 14
MOVE A222 4
MOVE A223 4
MOVE A224 4
MOVE B153 136
MOVE B154 136
MOVE B159 136
MOVE B162 161
MOVE B163 161
MOVE B164 136
MOVE B165 136
MOVE B173 141
MOVE B176 182
MOVE B183 106
MOVE B184 106
MOVE B185 146
MOVE B186 169
MOVE B190 136
MOVE B192 169
MOVE B193 159
MOVE B194 146
MOVE B195 173
MOVE B196 173
MOVE B209 194
MOVE B215 194
MOVE B216 194
MOVE B219 187
MOVE B220 173
MOVE B221 82
MOVE B222 82
MOVE B227 161
MOVE B228 187
MOVE B229 187
MOVE B230 194
DAMAGE TURRET A151 2
DAMAGE TURRET A184 2
DAMAGE COMBAT A151 2
DAMAGE COMBAT A184 6
DAMAGE COMBAT A185 6
DAMAGE COMBAT B166 3
DAMAGE COMBAT B167 3
DAMAGE COMBAT B185 6
DAMAGE COMBAT B194 6
SIEGE B 146 11
END TURN 273
TURN 274
COMMAND LEFT START
MOVE A216 165
MOVE A215 165
MOVE A214 165
MOVE A213 165
MOVE A212 165
MOVE A210 165
MOVE A209 165
COMMAND LEFT END
COMMAND RIGHT START
MOVE B131 200
MOVE B160 82
MOVE B219 200
MOVE B228 125
MOVE B229 125
MOVE B231 187
MOVE B232 187
COMMAND RIGHT END
TURN 274 RESULT
TIME LEFT 0 5 RIGHT 0 5
MOVE A209 112
MOVE A210 112
MOVE A211 86
MOVE A212 112
MOVE A213 112
MOVE A214 112
MOVE A215 112
MOVE A216 112
MOVE A217 100
MOVE A218 100
MOVE A219 100
MOVE A220 40
MOVE A221 20
MOVE A222 14
MOVE A223 14
MOVE A224 14
MOVE B131 194
MOVE B153 146
MOVE B154 146
MOVE B159 146
MOVE B160 105
MOVE B162 173
MOVE B163 173
MOVE B164 146
MOVE B165 146
MOVE B173 125
MOVE B183 109
MOVE B184 109
MOVE B186 182
MOVE B190 129
MOVE B192 182
MOVE B193 167
MOVE B195 187
MOVE B196 187
MOVE B209 187
MOVE B215 187
MOVE B216 187
MOVE B219 194
MOVE B220 161
MOVE B227 141
MOVE B228 173
MOVE B229 173
MOVE B230 187
MOVE B231 194
MOVE B232 194
DAMAGE TURRET A185 2
DAMAGE COMBAT A152 5
DAMAGE COMBAT A186 8
DAMAGE COMBAT A188 5
DAMAGE COMBAT B153 6
DAMAGE COMBAT B154 1
DAMAGE COMBAT B159 6
DAMAGE COMBAT B164 6
DAMAGE COMBAT B165 6
DAMAGE COMBAT B167 3
DAMAGE COMBAT B175 2
END TURN 274
TURN 275
COMMAND LEFT START
MOVE A227 100
MOVE A226 100
MOVE A225 100
UPGRADE 146
TRAIN 1
COMMAND LEFT END
COMMAND RIGHT START
MOVE B161 82
MOVE B169 187
MOVE B189 187
MOVE B195 200
MOVE B196 200
MOVE B199 165
MOVE B209 146
MOVE B215 160
MOVE B216 125
MOVE B230 125
COMMAND RIGHT END
TURN 275 RESULT
TIME LEFT 0 5 RIGHT 0 5
UPGRADE A 146
TRAIN A228
MOVE A209 117
MOVE A210 117
MOVE A211 82
MOVE A212 117
MOVE A213 117
MOVE A214 117
MOVE A215 117
MOVE A216 117
MOVE A220 53
MOVE A221 40
MOVE A222 20
MOVE A223 20
MOVE A224 20
MOVE A225 4
MOVE A226 4
MOVE A227 4
MOVE B131 200
MOVE B160 92
MOVE B161 105
MOVE B162 187
MOVE B163 187
MOVE B169 194
MOVE B183 86
MOVE B184 86
MOVE B189 194
MOVE B190 106
MOVE B193 171
MOVE B195 194
MOVE B196 194
MOVE B199 169
MOVE B209 183
MOVE B215 183
MOVE B216 173
MOVE B219 200
MOVE B220 141
MOVE B227 125
MOVE B228 161
MOVE B229 161
MOVE B230 173
MOVE B231 187
MOVE B232 187
DAMAGE TURRET A188 2
DAMAGE TURRET A211 2
DAMAGE COMBAT A188 1
DAMAGE COMBAT A189 8
DAMAGE COMBAT A190 3
DAMAGE COMBAT A211 6
DAMAGE COMBAT B140 1
DAMAGE COMBAT B175 3
END TURN 275
TURN 276
COMMAND LEFT START
MOVE A219 82
MOVE A208 100
MOVE A207 100
MOVE A206 100
MOVE A205 100
MOVE A204 100
MOVE A203 100
MOVE A201 100
MOVE A200 100
MOVE A199 100
MOVE A198 100
MOVE A197 100
UPGRADE 146
COMMAND LEFT END
COMMAND RIGHT START
MOVE B162 125
MOVE B163 125
MOVE B168 82
MOVE B219 187
MOVE B231 125
MOVE B232 125
TRAIN 2
COMMAND RIGHT END
TURN 276 RESULT
TIME LEFT 2 5 RIGHT 0 5
UPGRADE A 146
TRAIN B233 B234
MOVE A197 136
MOVE A198 136
MOVE A199 136
MOVE A200 136
MOVE A201 136
MOVE A203 136
MOVE A204 136
MOVE A205 136
MOVE A206 136
MOVE A207 136
MOVE A208 136
MOVE A209 126
MOVE A210 126
MOVE A212 126
MOVE A213 126
MOVE A214 126
MOVE A215 126
MOVE A216 126
MOVE A219 88
MOVE A220 64
MOVE A221 53
MOVE A222 40
MOVE A223 40
MOVE A224 40
MOVE A225 14
MOVE A226 14
MOVE A227 14
MOVE B160 82
MOVE B161 92
MOVE B162 173
MOVE B163 173
MOVE B168 105
MOVE B169 187
MOVE B183 82
MOVE B184 82
MOVE B189 187
MOVE B190 109
MOVE B193 166
MOVE B195 200
MOVE B196 200
MOVE B199 167
MOVE B209 176
MOVE B215 176
MOVE B216 161
MOVE B219 194
MOVE B220 125
MOVE B228 141
MOVE B229 141
MOVE B230 161
MOVE B231 173
MOVE B232 173
DAMAGE TURRET A190 2
DAMAGE COMBAT A190 3
DAMAGE COMBAT B175 1
END TURN 276
TURN 277
COMMAND LEFT START
MOVE A196 100
MOVE A195 100
MOVE A194 100
MOVE A193 100
MOVE A192 100
MOVE A191 100
MOVE A174 100
MOVE A173 100
MOVE A172 100
MOVE A171 100
MOVE A170 100
UPGRADE 146
COMMAND LEFT END
COMMAND RIGHT START
MOVE B169 125
MOVE B173 82
MOVE B176 82
MOVE B179 82
MOVE B181 82
MOVE B186 82
MOVE B192 82
MOVE B196 187
MOVE B214 82
MOVE B220 82
MOVE B225 82
MOVE B226 82
MOVE B233 187
MOVE B234 187
TRAIN 2
COMMAND RIGHT END
TURN 277 RESULT
TIME LEFT 0 5 RIGHT 0 5
UPGRADE A 146
TRAIN B235 B236
MOVE A170 136
MOVE A171 136
MOVE A172 136
MOVE A173 136
MOVE A174 136
MOVE A191 136
MOVE A192 136
MOVE A193 136
MOVE A194 136
MOVE A195 136
MOVE A196 136
MOVE A197 129
MOVE A198 129
MOVE A199 129
MOVE A200 129
MOVE A201 129
MOVE A203 129
MOVE A204 129
MOVE A205 129
MOVE A206 129
MOVE A207 129
MOVE A208 129
MOVE A209 132
MOVE A210 132
MOVE A212 132
MOVE A213 132
MOVE A214 132
MOVE A215 132
MOVE A216 132
MOVE A219 83
MOVE A220 71
MOVE A221 64
MOVE A222 53
MOVE A223 53
MOVE A224 53
MOVE A225 20
MOVE A226 20
MOVE A227 20
MOVE B161 82
MOVE B162 161
MOVE B163 161
MOVE B168 92
MOVE B169 173
MOVE B173 105
MOVE B176 169
MOVE B179 169
MOVE B181 169
MOVE B186 169
MOVE B190 86
MOVE B192 169
MOVE B193 165
MOVE B196 194
MOVE B199 171
MOVE B209 168
MOVE B214 169
MOVE B215 168
MOVE B216 141
MOVE B219 187
MOVE B220 105
MOVE B225 169
MOVE B226 169
MOVE B228 125
MOVE B229 125
MOVE B230 141
MOVE B231 161
MOVE B232 161
MOVE B233 194
MOVE B234 194
END TURN 277
TURN 278
COMMAND LEFT START
MOVE A169 100
MOVE A168 100
MOVE A167 100
MOVE A166 100
MOVE A165 100
MOVE A164 100
MOVE A162 100
MOVE A161 100
MOVE A160 100
MOVE A159 100
MOVE A158 100
TRAIN 3
COMMAND LEFT END
COMMAND RIGHT START
MOVE B189 125
MOVE B219 125
MOVE B227 82
MOVE B228 82
MOVE B235 187
MOVE B236 187
TRAIN 2
COMMAND RIGHT END
TURN 278 RESULT
TIME LEFT 0 5 RIGHT 0 5
TRAIN A229 A230 A231 B237 B238
MOVE A158 136
MOVE A159 136
MOVE A160 136
MOVE A161 136
MOVE A162 136
MOVE A164 136
MOVE A165 136
MOVE A166 136
MOVE A167 136
MOVE A168 136
MOVE A169 136
MOVE A170 129
MOVE A171 129
MOVE A172 129
MOVE A173 129
MOVE A174 129
MOVE A191 129
MOVE A192 129
MOVE A193 129
MOVE A194 129
MOVE A195 129
MOVE A196 129
MOVE A197 111
MOVE A198 111
MOVE A199 111
MOVE A200 111
MOVE A201 111
MOVE A203 111
MOVE A204 111
MOVE A205 111
MOVE A206 111
MOVE A207 111
MOVE A208 111
MOVE A209 145
MOVE A210 145
MOVE A212 145
MOVE A213 145
MOVE A214 145
MOVE A215 145
MOVE A216 145
MOVE A219 86
MOVE A220 89
MOVE A221 71
MOVE A222 64
MOVE A223 64
MOVE A224 64
MOVE A225 40
MOVE A226 40
MOVE A227 40
MOVE B162 141
MOVE B163 141
MOVE B168 82
MOVE B169 161
MOVE B173 92
MOVE B176 160
MOVE B179 160
MOVE B181 160
MOVE B186 160
MOVE B189 173
MOVE B190 82
MOVE B192 160
MOVE B196 187
MOVE B199 166
MOVE B209 160
MOVE B214 160
MOVE B215 160
MOVE B216 125
MOVE B219 173
MOVE B220 92
MOVE B225 160
MOVE B226 160
MOVE B227 105
MOVE B228 105
MOVE B230 125
MOVE B231 141
MOVE B232 141
MOVE B233 187
MOVE B234 187
MOVE B235 194
MOVE B236 194
END TURN 278
TURN 279
COMMAND LEFT START
MOVE A149 146
MOVE A150 146
MOVE A217 146
MOVE A14 146
MOVE A24 146
MOVE A152 118
MOVE A153 118
MOVE A231 187
MOVE A230 100
MOVE A229 100
MOVE A228 100
COMMAND LEFT END
COMMAND RIGHT START
MOVE B196 125
MOVE B216 82
MOVE B229 82
MOVE B230 82
MOVE B233 125
MOVE B234 125
MOVE B237 187
MOVE B238 187
TRAIN 2
COMMAND RIGHT END
TURN 279 RESULT
TIME LEFT 0 5 RIGHT 0 5
TRAIN B239 B240
MOVE A14 131
MOVE A24 131
MOVE A149 111
MOVE A150 111
MOVE A152 138
MOVE A153 138
MOVE A158 129
MOVE A159 129
MOVE A160 129
MOVE A161 129
MOVE A162 129
MOVE A164 129
MOVE A165 129
MOVE A166 129
MOVE A167 129
MOVE A168 129
MOVE A169 129
MOVE A170 111
MOVE A171 111
MOVE A172 111
MOVE A173 111
MOVE A174 111
MOVE A191 111
MOVE A192 111
MOVE A193 111
MOVE A194 111
MOVE A195 111
MOVE A196 111
MOVE A197 100
MOVE A198 100
MOVE A199 100
MOVE A200 100
MOVE A201 100
MOVE A203 100
MOVE A204 100
MOVE A205 100
MOVE A206 100
MOVE A207 100
MOVE A208 100
MOVE A209 166
MOVE A210 166
MOVE A212 166
MOVE A213 166
MOVE A214 166
MOVE A215 166
MOVE A216 166
MOVE A217 111
MOVE A219 82
MOVE A220 100
MOVE A221 89
MOVE A222 71
MOVE A223 71
MOVE A224 71
MOVE A225 53
MOVE A226 53
MOVE A227 53
MOVE A228 4
MOVE A229 4
MOVE A230 4
MOVE A231 4
MOVE B162 125
MOVE B163 125
MOVE B169 141
MOVE B173 82
MOVE B176 147
MOVE B179 147
MOVE B181 147
MOVE B186 147
MOVE B189 161
MOVE B192 147
MOVE B196 173
MOVE B199 165
MOVE B209 146
MOVE B214 147
MOVE B216 105
MOVE B219 161
MOVE B220 82
MOVE B225 147
MOVE B226 147
MOVE B227 92
MOVE B228 92
MOVE B229 105
MOVE B230 105
MOVE B231 125
MOVE B232 125
MOVE B233 173
MOVE B234 173
MOVE B235 187
MOVE B236 187
MOVE B237 194
MOVE B238 194
DAMAGE TURRET A219 2
DAMAGE TURRET B209 2
DAMAGE COMBAT A154 1
DAMAGE COMBAT A219 6
DAMAGE COMBAT B140 1
DAMAGE COMBAT B209 3
END TURN 279
TURN 280
COMMAND LEFT START
TRAIN 2
COMMAND LEFT END
COMMAND RIGHT START
MOVE B162 82
MOVE B232 82
MOVE B235 125
MOVE B236 125
MOVE B239 187
MOVE B240 187
TRAIN 1
COMMAND RIGHT END
TURN 280 RESULT
TIME LEFT 0 5 RIGHT 0 5
TRAIN A232 A233 B241
MOVE A14 132
MOVE A24 132
MOVE A149 129
MOVE A150 129
MOVE A152 132
MOVE A153 132
MOVE A158 111
MOVE A159 111
MOVE A160 111
MOVE A161 111
MOVE A162 111
MOVE A164 111
MOVE A165 111
MOVE A166 111
MOVE A167 111
MOVE A168 111
MOVE A169 111
MOVE A170 100
MOVE A171 100
MOVE A172 100
MOVE A173 100
MOVE A174 100
MOVE A191 100
MOVE A192 100
MOVE A193 100
MOVE A194 100
MOVE A195 100
MOVE A196 100
MOVE A209 165
MOVE A210 165
MOVE A212 165
MOVE A213 165
MOVE A214 165
MOVE A215 165
MOVE A216 165
MOVE A217 129
MOVE A221 100
MOVE A222 89
MOVE A223 89
MOVE A224 89
MOVE A225 64
MOVE A226 64
MOVE A227 64
MOVE A228 14
MOVE A229 14
MOVE A230 14
MOVE A231 14
MOVE B162 105
MOVE B169 125
MOVE B176 134
MOVE B179 134
MOVE B181 134
MOVE B186 134
MOVE B189 141
MOVE B192 134
MOVE B196 161
MOVE B214 134
MOVE B216 92
MOVE B219 141
MOVE B225 134
MOVE B226 134
MOVE B227 82
MOVE B228 82
MOVE B229 92
MOVE B230 92
MOVE B232 105
MOVE B233 161
MOVE B234 161
MOVE B235 173
MOVE B236 173
MOVE B237 187
MOVE B238 187
MOVE B239 194
MOVE B240 194
DAMAGE TURRET A209 2
DAMAGE TURRET B209 1
DAMAGE COMBAT A154 1
DAMAGE COMBAT A209 3
DAMAGE COMBAT B31 3
DAMAGE COMBAT B193 4
END TURN 280
TURN 281
COMMAND LEFT START
MOVE A221 125
MOVE A220 125
MOVE A218 125
MOVE A208 125
MOVE A207 125
MOVE A206 125
MOVE A205 125
MOVE A204 125
MOVE A203 125
MOVE A201 125
MOVE A200 125
MOVE A199 125
MOVE A198 125
MOVE A197 125
MOVE A196 125
MOVE A195 125
MOVE A194 125
MOVE A193 125
MOVE A192 125
MOVE A191 125
MOVE A174 125
MOVE A173 125
MOVE A172 125
COMMAND LEFT END
COMMAND RIGHT START
MOVE B131 165
MOVE B155 165
MOVE B160 125
MOVE B161 165
MOVE B163 82
MOVE B168 165
MOVE B169 187
MOVE B173 125
MOVE B183 125
MOVE B184 97
MOVE B190 97
MOVE B195 165
MOVE B197 125
MOVE B198 125
MOVE B202 160
MOVE B215 165
MOVE B217 200
MOVE B231 187
MOVE B237 200
MOVE B238 200
MOVE B241 165
TRAIN 1
COMMAND RIGHT END
TURN 281 RESULT
TIME LEFT 0 5 RIGHT 0 5
TRAIN B242
MOVE A14 138
MOVE A24 138
MOVE A149 136
MOVE A150 136
MOVE A152 131
MOVE A153 131
MOVE A158 100
MOVE A159 100
MOVE A160 100
MOVE A161 100
MOVE A162 100
MOVE A164 100
MOVE A165 100
MOVE A166 100
MOVE A167 100
MOVE A168 100
MOVE A169 100
MOVE A172 106
MOVE A173 106
MOVE A174 106
MOVE A191 106
MOVE A192 106
MOVE A193 106
MOVE A194 106
MOVE A195 106
MOVE A196 106
MOVE A197 106
MOVE A198 106
MOVE A199 106
MOVE A200 106
MOVE A201 106
MOVE A203 106
MOVE A204 106
MOVE A205 106
MOVE A206 106
MOVE A207 106
MOVE A208 106
MOVE A217 136
MOVE A218 106
MOVE A220 106
MOVE A221 106
MOVE A222 100
MOVE A223 100
MOVE A224 100
MOVE A225 71
MOVE A226 71
MOVE A227 71
MOVE A228 20
MOVE A229 20
MOVE A230 20
MOVE A231 20
MOVE B131 199
MOVE B155 199
MOVE B160 92
MOVE B161 86
MOVE B162 92
MOVE B163 105
MOVE B168 86
MOVE B169 141
MOVE B173 92
MOVE B176 120
MOVE B179 120
MOVE B181 120
MOVE B183 92
MOVE B184 92
MOVE B186 120
MOVE B189 125
MOVE B190 92
MOVE B192 120
MOVE B195 199
MOVE B196 141
MOVE B197 105
MOVE B198 105
MOVE B202 86
MOVE B214 120
MOVE B215 169
MOVE B216 82
MOVE B217 162
MOVE B219 125
MOVE B225 120
MOVE B226 120
MOVE B229 82
MOVE B230 82
MOVE B231 141
MOVE B232 92
MOVE B233 141
MOVE B234 141
MOVE B235 161
MOVE B236 161
MOVE B237 194
MOVE B238 194
MOVE B239 187
MOVE B240 187
MOVE B241 199
DAMAGE TURRET A209 2
DAMAGE COMBAT A209 1
DAMAGE COMBAT A210 1
DAMAGE COMBAT B193 2
DAMAGE COMBAT B199 5
END TURN 281
TURN 282
COMMAND LEFT START
MOVE A233 100
MOVE A232 100
TRAIN 3
COMMAND LEFT END
COMMAND RIGHT START
MOVE B147 165
MOVE B152 165
MOVE B189 82
MOVE B219 82
MOVE B239 125
MOVE B240 125
MOVE B242 165
TRAIN 1
COMMAND RIGHT END
TURN 282 RESULT
TIME LEFT 0 5 RIGHT 0 5
TRAIN A234 A235 A236 B243
MOVE A14 146
MOVE A24 146
MOVE A149 146
MOVE A150 146
MOVE A152 118
MOVE A153 118
MOVE A172 120
MOVE A173 120
MOVE A174 120
MOVE A191 120
MOVE A192 120
MOVE A193 120
MOVE A194 120
MOVE A195 120
MOVE A196 120
MOVE A197 120
MOVE A198 120
MOVE A199 120
MOVE A200 120
MOVE A201 120
MOVE A203 120
MOVE A204 120
MOVE A205 120
MOVE A206 120
MOVE A207 120
MOVE A208 120
MOVE A217 146
MOVE A218 120
MOVE A220 120
MOVE A221 120
MOVE A225 89
MOVE A226 89
MOVE A227 89
MOVE A228 40
MOVE A229 40
MOVE A230 40
MOVE A231 40
MOVE A232 4
MOVE A233 4
MOVE B131 198
MOVE B147 199
MOVE B152 199
MOVE B155 198
MOVE B160 105
MOVE B161 83
MOVE B162 82
MOVE B163 92
MOVE B168 83
MOVE B169 161
MOVE B173 105
MOVE B176 109
MOVE B179 109
MOVE B181 109
MOVE B183 105
MOVE B184 97
MOVE B186 109
MOVE B189 105
MOVE B190 97
MOVE B192 109
MOVE B195 198
MOVE B196 125
MOVE B197 125
MOVE B198 125
MOVE B202 109
MOVE B214 109
MOVE B215 167
MOVE B217 183
MOVE B219 105
MOVE B225 109
MOVE B226 109
MOVE B231 161
MOVE B232 82
MOVE B233 125
MOVE B234 125
MOVE B235 141
MOVE B236 141
MOVE B237 200
MOVE B238 200
MOVE B239 173
MOVE B240 173
MOVE B241 198
MOVE B242 199
DAMAGE TURRET A210 2
DAMAGE COMBAT A210 1
DAMAGE COMBAT B199 1
SIEGE B 165 5
END TURN 282
TURN 283
COMMAND LEFT START
MOVE A236 100
MOVE A235 100
MOVE A234 100
MOVE A217 100
MOVE A156 100
MOVE A155 100
MOVE A154 100
MOVE A150 100
TRAIN 3
COMMAND LEFT END
COMMAND RIGHT START
MOVE B196 187
MOVE B197 149
MOVE B198 187
MOVE B233 82
MOVE B234 82
MOVE B243 187
TRAIN 1
COMMAND RIGHT END
TURN 283 RESULT
TIME LEFT 0 5 RIGHT 0 5
TRAIN A237 A238 A239 B244
MOVE A150 136
MOVE A154 136
MOVE A155 136
MOVE A156 136
MOVE A172 125
MOVE A173 125
MOVE A174 125
MOVE A191 125
MOVE A192 125
MOVE A193 125
MOVE A194 125
MOVE A195 125
MOVE A196 125
MOVE A197 125
MOVE A198 125
MOVE A199 125
MOVE A200 125
MOVE A201 125
MOVE A203 125
MOVE A204 125
MOVE A205 125
MOVE A206 125
MOVE A207 125
MOVE A208 125
MOVE A217 136
MOVE A218 125
MOVE A220 125
MOVE A221 125
MOVE A225 100
MOVE A226 100
MOVE A227 100
MOVE A228 53
MOVE A229 53
MOVE A230 53
MOVE A231 54
MOVE A232 14
MOVE A233 14
MOVE A234 4
MOVE A235 4
MOVE A236 4
MOVE B131 188
MOVE B147 198
MOVE B152 198
MOVE B155 188
MOVE B160 125
MOVE B161 88
MOVE B163 82
MOVE B168 88
MOVE B169 173
MOVE B173 125
MOVE B176 86
MOVE B179 86
MOVE B181 86
MOVE B183 125
MOVE B186 86
MOVE B189 92
MOVE B192 86
MOVE B195 188
MOVE B196 141
MOVE B197 133
MOVE B198 141
MOVE B202 120
MOVE B214 86
MOVE B215 171
MOVE B217 193
MOVE B219 92
MOVE B225 86
MOVE B226 86
MOVE B231 173
MOVE B233 105
MOVE B234 105
MOVE B235 125
MOVE B236 125
MOVE B239 161
MOVE B240 161
MOVE B241 188
MOVE B242 198
MOVE B243 194
DAMAGE TURRET A172 2
DAMAGE TURRET A210 2
DAMAGE COMBAT A172 5
DAMAGE COMBAT B160 6
DAMAGE COMBAT B173 6
DAMAGE COMBAT B183 6
DAMAGE COMBAT B235 5
SIEGE B 165 6
END TURN 283
TURN 284
COMMAND LEFT START
MOVE A227 182
MOVE A226 182
MOVE A225 182
MOVE A224 182
MOVE A223 182
MOVE A222 182
MOVE A171 182
MOVE A170 182
MOVE A169 182
MOVE A168 182
MOVE A167 182
MOVE A166 182
MOVE A165 182
MOVE A164 182
MOVE A162 182
MOVE A161 182
MOVE A160 182
COMMAND LEFT END
COMMAND RIGHT START
MOVE B162 125
MOVE B163 125
MOVE B172 200
MOVE B184 125
MOVE B190 125
MOVE B200 125
MOVE B201 125
MOVE B203 125
MOVE B204 125
MOVE B205 125
MOVE B206 125
MOVE B210 125
MOVE B211 125
MOVE B212 125
MOVE B216 125
MOVE B218 125
MOVE B220 125
MOVE B221 125
MOVE B222 125
MOVE B227 125
MOVE B228 125
MOVE B229 125
MOVE B230 125
MOVE B232 125
MOVE B244 187
TRAIN 1
COMMAND RIGHT END
TURN 284 RESULT
TIME LEFT 0 5 RIGHT 0 5
TRAIN B245
MOVE A150 129
MOVE A154 129
MOVE A155 129
MOVE A156 129
MOVE A160 111
MOVE A161 111
MOVE A162 111
MOVE A164 111
MOVE A165 111
MOVE A166 111
MOVE A167 111
MOVE A168 111
MOVE A169 111
MOVE A170 111
MOVE A171 111
MOVE A217 129
MOVE A222 111
MOVE A223 111
MOVE A224 111
MOVE A225 111
MOVE A226 111
MOVE A227 111
MOVE A228 64
MOVE A229 64
MOVE A230 64
MOVE A231 62
MOVE A232 20
MOVE A233 20
MOVE A234 14
MOVE A235 14
MOVE A236 14
MOVE B131 185
MOVE B147 188
MOVE B152 188
MOVE B155 185
MOVE B161 100
MOVE B162 92
MOVE B163 92
MOVE B168 100
MOVE B169 187
MOVE B172 194
MOVE B176 82
MOVE B179 82
MOVE B181 82
MOVE B184 105
MOVE B186 82
MOVE B189 82
MOVE B190 105
MOVE B192 82
MOVE B195 185
MOVE B196 161
MOVE B197 149
MOVE B198 161
MOVE B200 92
MOVE B201 92
MOVE B202 134
MOVE B203 92
MOVE B204 92
MOVE B205 92
MOVE B206 92
MOVE B210 92
MOVE B211 92
MOVE B212 92
MOVE B214 82
MOVE B215 166
MOVE B216 92
MOVE B217 200
MOVE B218 92
MOVE B219 82
MOVE B220 92
MOVE B221 92
MOVE B222 92
MOVE B225 82
MOVE B226 82
MOVE B227 92
MOVE B228 92
MOVE B229 92
MOVE B230 92
MOVE B231 187
MOVE B232 92
MOVE B233 92
MOVE B234 92
MOVE B239 141
MOVE B240 141
MOVE B241 185
MOVE B242 188
MOVE B243 187
MOVE B244 194
DAMAGE TURRET A172 1
DAMAGE TURRET A173 1
DAMAGE TURRET A210 2
DAMAGE TURRET B131 2
DAMAGE TURRET B161 2
DAMAGE COMBAT A15 4
DAMAGE COMBAT A158 2
DAMAGE COMBAT A173 2
DAMAGE COMBAT B131 3
DAMAGE COMBAT B161 2
DAMAGE COMBAT B235 1
DAMAGE COMBAT B236 6
SIEGE B 125 16
SIEGE B 165 6
END TURN 284
TURN 285
COMMAND LEFT START
MOVE A14 185
MOVE A24 185
MOVE A101 185
MOVE A152 185
MOVE A102 118
MOVE A103 118
MOVE A173 146
MOVE A174 146
MOVE A239 54
UPGRADE 125
TRAIN 2
COMMAND LEFT END
COMMAND RIGHT START
MOVE B169 125
MOVE B176 97
MOVE B179 97
MOVE B231 200
MOVE B243 82
MOVE B245 187
COMMAND RIGHT END
TURN 285 RESULT
TIME LEFT 0 5 RIGHT 0 5
UPGRADE A 125
TRAIN A240 A241
MOVE A14 159
MOVE A24 159
MOVE A101 131
MOVE A102 7
MOVE A103 7
MOVE A150 111
MOVE A152 131
MOVE A154 111
MOVE A155 111
MOVE A156 111
MOVE A160 129
MOVE A161 129
MOVE A162 129
MOVE A164 129
MOVE A165 129
MOVE A166 129
MOVE A167 129
MOVE A168 129
MOVE A169 129
MOVE A170 129
MOVE A171 129
MOVE A173 133
MOVE A174 133
MOVE A217 111
MOVE A222 129
MOVE A223 129
MOVE A224 129
MOVE A225 129
MOVE A226 129
MOVE A227 129
MOVE A228 71
MOVE A229 71
MOVE A230 71
MOVE A231 74
MOVE A232 40
MOVE A233 40
MOVE A234 20
MOVE A235 20
MOVE A236 20
MOVE A239 4
MOVE B147 185
MOVE B152 185
MOVE B162 105
MOVE B163 105
MOVE B169 173
MOVE B172 200
MOVE B176 92
MOVE B179 92
MOVE B184 125
MOVE B190 125
MOVE B196 173
MOVE B198 173
MOVE B200 105
MOVE B201 105
MOVE B202 147
MOVE B203 105
MOVE B204 105
MOVE B205 105
MOVE B206 105
MOVE B210 105
MOVE B211 105
MOVE B212 105
MOVE B215 165
MOVE B216 105
MOVE B218 105
MOVE B220 105
MOVE B221 105
MOVE B222 105
MOVE B227 105
MOVE B228 105
MOVE B229 105
MOVE B230 105
MOVE B231 194
MOVE B232 105
MOVE B233 82
MOVE B234 82
MOVE B239 125
MOVE B240 125
MOVE B242 185
MOVE B243 173
MOVE B244 187
MOVE B245 194
DAMAGE TURRET A212 2
DAMAGE TURRET B147 2
DAMAGE TURRET B161 2
DAMAGE TURRET B184 1
DAMAGE COMBAT A15 2
DAMAGE COMBAT A18 4
DAMAGE COMBAT A158 2
DAMAGE COMBAT A191 4
DAMAGE COMBAT A212 1
DAMAGE COMBAT B147 3
DAMAGE COMBAT B168 2
DAMAGE COMBAT B184 5
DAMAGE COMBAT B190 6
DAMAGE COMBAT B215 5
DAMAGE COMBAT B239 6
DAMAGE COMBAT B240 3
END TURN 285
TURN 286
COMMAND LEFT START
MOVE A241 54
MOVE A240 54
TRAIN 2
COMMAND LEFT END
COMMAND RIGHT START
MOVE B181 165
MOVE B244 82
TRAIN 1
COMMAND RIGHT END
TURN 286 RESULT
TIME LEFT 0 5 RIGHT 0 5
TRAIN A242 A243 B246
MOVE A14 167
MOVE A24 167
MOVE A101 145
MOVE A102 17
MOVE A103 17
MOVE A150 100
MOVE A152 145
MOVE A154 100
MOVE A155 100
MOVE A156 100
MOVE A160 136
MOVE A161 136
MOVE A162 136
MOVE A164 136
MOVE A165 136
MOVE A166 136
MOVE A167 136
MOVE A168 136
MOVE A169 136
MOVE A170 136
MOVE A171 136
MOVE A173 140
MOVE A174 140
MOVE A217 100
MOVE A222 136
MOVE A223 136
MOVE A224 136
MOVE A225 136
MOVE A226 136
MOVE A227 136
MOVE A228 89
MOVE A229 89
MOVE A230 89
MOVE A231 83
MOVE A232 53
MOVE A233 53
MOVE A234 40
MOVE A235 40
MOVE A236 40
MOVE A239 14
MOVE A240 4
MOVE A241 4
MOVE B162 125
MOVE B163 125
MOVE B169 161
MOVE B176 97
MOVE B179 97
MOVE B181 86
MOVE B196 187
MOVE B198 187
MOVE B200 125
MOVE B201 125
MOVE B202 160
MOVE B203 125
MOVE B204 125
MOVE B205 125
MOVE B206 125
MOVE B210 125
MOVE B211 125
MOVE B212 125
MOVE B216 125
MOVE B218 125
MOVE B220 125
MOVE B221 125
MOVE B222 125
MOVE B227 125
MOVE B228 125
MOVE B229 125
MOVE B230 125
MOVE B231 200
MOVE B232 125
MOVE B243 161
MOVE B244 173
MOVE B245 187
DAMAGE TURRET A212 2
DAMAGE TURRET B147 1
DAMAGE TURRET B152 1
DAMAGE TURRET B168 2
DAMAGE TURRET B240 1
DAMAGE COMBAT A18 2
DAMAGE COMBAT A158 1
DAMAGE COMBAT A175 4
DAMAGE COMBAT A191 4
DAMAGE COMBAT A192 8
DAMAGE COMBAT A193 8
DAMAGE COMBAT A194 2
DAMAGE COMBAT A212 1
DAMAGE COMBAT B152 2
DAMAGE COMBAT B162 6
DAMAGE COMBAT B163 6
DAMAGE COMBAT B168 2
DAMAGE COMBAT B200 6
DAMAGE COMBAT B215 1
DAMAGE COMBAT B240 2
SIEGE B 165 1
END TURN 286
TURN 287
COMMAND LEFT START
MOVE A212 100
MOVE A213 100
MOVE A214 100
MOVE A215 100
MOVE A243 100
MOVE A242 100
UPGRADE 165
TRAIN 3
COMMAND LEFT END
COMMAND RIGHT START
MOVE B217 187
MOVE B231 187
MOVE B246 187
COMMAND RIGHT END
TURN 287 RESULT
TIME LEFT 0 5 RIGHT 0 5
UPGRADE A 165
TRAIN A244 A245 A246
MOVE A14 171
MOVE A24 171
MOVE A101 171
MOVE A102 38
MOVE A103 38
MOVE A152 171
MOVE A160 146
MOVE A161 146
MOVE A162 146
MOVE A164 146
MOVE A165 146
MOVE A166 146
MOVE A167 146
MOVE A168 146
MOVE A169 146
MOVE A170 146
MOVE A171 146
MOVE A173 147
MOVE A174 147
MOVE A212 166
MOVE A213 166
MOVE A214 166
MOVE A215 166
MOVE A222 146
MOVE A223 146
MOVE A224 146
MOVE A225 146
MOVE A226 146
MOVE A227 146
MOVE A228 100
MOVE A229 100
MOVE A230 100
MOVE A231 109
MOVE A232 64
MOVE A233 64
MOVE A234 53
MOVE A235 53
MOVE A236 53
MOVE A239 20
MOVE A240 14
MOVE A241 14
MOVE A242 4
MOVE A243 4
MOVE B169 141
MOVE B181 83
MOVE B217 194
MOVE B231 194
MOVE B243 141
MOVE B244 161
MOVE B246 194
DAMAGE TURRET B152 2
DAMAGE TURRET B201 1
DAMAGE COMBAT A175 4
DAMAGE COMBAT A194 6
DAMAGE COMBAT A195 8
DAMAGE COMBAT A196 4
DAMAGE COMBAT B152 1
DAMAGE COMBAT B201 5
DAMAGE COMBAT B203 6
DAMAGE COMBAT B204 6
SIEGE A 185 1
END TURN 287
TURN 288
COMMAND LEFT START
MOVE A246 100
MOVE A245 100
MOVE A244 100
UPGRADE 165
COMMAND LEFT END
COMMAND RIGHT START
MOVE B176 187
MOVE B179 187
MOVE B186 97
MOVE B189 97
MOVE B196 82
MOVE B198 200
MOVE B202 182
MOVE B214 160
MOVE B224 200
MOVE B245 200
TRAIN 2
COMMAND RIGHT END
TURN 288 RESULT
TIME LEFT 0 5 RIGHT 0 5
UPGRADE A 165
TRAIN B247 B248
MOVE A14 185
MOVE A24 185
MOVE A101 185
MOVE A102 51
MOVE A103 51
MOVE A152 185
MOVE A160 169
MOVE A161 169
MOVE A162 169
MOVE A164 169
MOVE A165 169
MOVE A166 169
MOVE A167 169
MOVE A168 169
MOVE A169 169
MOVE A170 169
MOVE A171 169
MOVE A173 146
MOVE A174 146
MOVE A212 145
MOVE A213 145
MOVE A214 145
MOVE A215 145
MOVE A222 169
MOVE A223 169
MOVE A224 169
MOVE A225 169
MOVE A226 169
MOVE A227 169
MOVE A231 120
MOVE A232 71
MOVE A233 71
MOVE A234 64
MOVE A235 64
MOVE A236 64
MOVE A239 40
MOVE A240 20
MOVE A241 20
MOVE A242 14
MOVE A243 14
MOVE A244 4
MOVE A245 4
MOVE A246 4
MOVE B155 177
MOVE B169 125
MOVE B176 116
MOVE B179 116
MOVE B181 88
MOVE B186 92
MOVE B189 92
MOVE B195 177
MOVE B196 173
MOVE B198 194
MOVE B202 169
MOVE B214 86
MOVE B217 187
MOVE B224 192
MOVE B231 187
MOVE B241 177
MOVE B242 177
MOVE B243 125
MOVE B244 141
MOVE B245 194
MOVE B246 187
DAMAGE TURRET B169 1
DAMAGE COMBAT A160 1
DAMAGE COMBAT A196 4
DAMAGE COMBAT A197 8
DAMAGE COMBAT A198 5
DAMAGE COMBAT B169 5
DAMAGE COMBAT B202 6
DAMAGE COMBAT B205 6
DAMAGE COMBAT B206 4
END TURN 288
TURN 289
COMMAND LEFT START
MOVE A2 165
MOVE A3 165
MOVE A149 165
MOVE A173 165
MOVE A27 165
MOVE A150 103
MOVE A154 103
MOVE A155 146
MOVE A156 146
MOVE A152 100
TRAIN 1
COMMAND LEFT END
COMMAND RIGHT START
MOVE B192 187
MOVE B197 200
MOVE B217 200
MOVE B219 187
MOVE B225 187
MOVE B226 187
MOVE B231 200
MOVE B233 187
MOVE B234 187
MOVE B246 200
TRAIN 1
COMMAND RIGHT END
TURN 289 RESULT
TIME LEFT 0 5 RIGHT 0 5
TRAIN A247 B249
MOVE A2 128
MOVE A3 128
MOVE A27 95
MOVE A102 67
MOVE A103 67
MOVE A149 159
MOVE A150 112
MOVE A152 171
MOVE A154 112
MOVE A155 111
MOVE A156 111
MOVE A160 182
MOVE A161 182
MOVE A162 182
MOVE A164 182
MOVE A165 182
MOVE A166 182
MOVE A167 182
MOVE A168 182
MOVE A169 182
MOVE A170 182
MOVE A171 182
MOVE A173 159
MOVE A212 132
MOVE A213 132
MOVE A214 132
MOVE A215 132
MOVE A222 182
MOVE A223 182
MOVE A224 182
MOVE A225 182
MOVE A226 182
MOVE A227 182
MOVE A231 133
MOVE A232 89
MOVE A233 89
MOVE A234 71
MOVE A235 71
MOVE A236 71
MOVE A239 54
MOVE A240 40
MOVE A241 40
MOVE A242 20
MOVE A243 20
MOVE A244 14
MOVE A245 14
MOVE A246 14
MOVE B155 165
MOVE B176 127
MOVE B179 127
MOVE B181 100
MOVE B186 97
MOVE B189 97
MOVE B192 92
MOVE B195 165
MOVE B196 161
MOVE B197 162
MOVE B198 200
MOVE B214 109
MOVE B217 194
MOVE B219 92
MOVE B224 196
MOVE B225 92
MOVE B226 92
MOVE B231 194
MOVE B233 92
MOVE B234 92
MOVE B241 165
MOVE B242 165
MOVE B244 125
MOVE B245 200
MOVE B246 194
DAMAGE TURRET A160 2
DAMAGE TURRET B155 1
DAMAGE TURRET B181 2
DAMAGE TURRET B206 1
DAMAGE COMBAT A158 1
DAMAGE COMBAT A160 2
DAMAGE COMBAT A198 3
DAMAGE COMBAT A199 8
DAMAGE COMBAT A200 5
DAMAGE COMBAT A216 4
DAMAGE COMBAT B155 1
DAMAGE COMBAT B177 6
DAMAGE COMBAT B181 4
DAMAGE COMBAT B191 6
DAMAGE COMBAT B206 1
DAMAGE COMBAT B210 6
DAMAGE COMBAT B211 6
SIEGE B 182 5
END TURN 289
TURN 290
COMMAND LEFT START
MOVE A158 125
MOVE A159 125
MOVE A217 125
MOVE A228 125
MOVE A229 125
MOVE A13 75
MOVE A247 100
TRAIN 3
COMMAND LEFT END
COMMAND RIGHT START
MOVE B172 182
MOVE B186 187
MOVE B189 187
COMMAND RIGHT END
TURN 290 RESULT
TIME LEFT 0 5 RIGHT 0 5
TRAIN A248 A249 A250
MOVE A2 137
MOVE A3 137
MOVE A13 53
MOVE A27 108
MOVE A102 75
MOVE A103 75
MOVE A149 167
MOVE A150 117
MOVE A152 155
MOVE A154 117
MOVE A155 129
MOVE A156 129
MOVE A158 106
MOVE A159 106
MOVE A173 167
MOVE A212 126
MOVE A213 126
MOVE A214 126
MOVE A215 126
MOVE A217 106
MOVE A228 106
MOVE A229 106
MOVE A231 149
MOVE A232 100
MOVE A233 100
MOVE A234 89
MOVE A235 89
MOVE A236 89
MOVE A240 54
MOVE A241 54
MOVE A242 40
MOVE A243 40
MOVE A244 20
MOVE A245 20
MOVE A246 20
MOVE A247 4
MOVE B172 196
MOVE B176 141
MOVE B179 141
MOVE B186 116
MOVE B189 116
MOVE B192 105
MOVE B196 141
MOVE B197 183
MOVE B214 120
MOVE B217 200
MOVE B219 105
MOVE B224 200
MOVE B225 105
MOVE B226 105
MOVE B231 200
MOVE B233 105
MOVE B234 105
MOVE B246 200
DAMAGE TURRET A160 2
DAMAGE TURRET B155 1
DAMAGE TURRET B212 1
DAMAGE COMBAT A200 3
DAMAGE COMBAT A201 8
DAMAGE COMBAT A203 2
DAMAGE COMBAT A216 4
DAMAGE COMBAT B155 1
DAMAGE COMBAT B212 5
DAMAGE COMBAT B216 6
SIEGE B 182 6
END TURN 290
TURN 291
COMMAND LEFT START
MOVE A160 100
MOVE A161 100
MOVE A162 100
MOVE A164 100
MOVE A165 100
MOVE A166 100
MOVE A167 100
MOVE A168 100
MOVE A169 100
MOVE A170 100
MOVE A171 100
MOVE A222 100
MOVE A223 100
MOVE A224 100
MOVE A225 100
MOVE A226 100
MOVE A241 100
MOVE A240 100
MOVE A250 100
MOVE A249 100
MOVE A248 100
UPGRADE 182
COMMAND LEFT END
COMMAND RIGHT START
MOVE B155 149
MOVE B195 200
MOVE B241 97
MOVE B242 97
COMMAND RIGHT END
TURN 291 RESULT
TIME LEFT 0 5 RIGHT 0 5
UPGRADE A 182
MOVE A2 152
MOVE A3 152
MOVE A13 60
MOVE A27 118
MOVE A102 95
MOVE A103 95
MOVE A149 171
MOVE A150 114
MOVE A152 138
MOVE A154 114
MOVE A155 136
MOVE A156 136
MOVE A158 120
MOVE A159 120
MOVE A160 169
MOVE A161 169
MOVE A162 169
MOVE A164 169
MOVE A165 169
MOVE A166 169
MOVE A167 169
MOVE A168 169
MOVE A169 169
MOVE A170 169
MOVE A171 169
MOVE A173 171
MOVE A212 117
MOVE A213 117
MOVE A214 117
MOVE A215 117
MOVE A217 120
MOVE A222 169
MOVE A223 169
MOVE A224 169
MOVE A225 169
MOVE A226 169
MOVE A228 120
MOVE A229 120
MOVE A231 161
MOVE A234 100
MOVE A235 100
MOVE A236 100
MOVE A240 64
MOVE A241 64
MOVE A242 53
MOVE A243 53
MOVE A244 40
MOVE A245 40
MOVE A246 40
MOVE A247 14
MOVE A248 4
MOVE A249 4
MOVE A250 4
MOVE B155 166
MOVE B172 192
MOVE B176 161
MOVE B179 161
MOVE B186 127
MOVE B189 127
MOVE B192 125
MOVE B195 177
MOVE B196 125
MOVE B197 193
MOVE B214 134
MOVE B219 125
MOVE B225 125
MOVE B226 125
MOVE B233 125
MOVE B234 125
MOVE B241 166
MOVE B242 166
DAMAGE TURRET B192 1
DAMAGE COMBAT A203 6
DAMAGE COMBAT A204 8
DAMAGE COMBAT A205 4
DAMAGE COMBAT A231 2
DAMAGE COMBAT B176 1
DAMAGE COMBAT B192 5
DAMAGE COMBAT B196 4
END TURN 291
TURN 292
COMMAND LEFT START
MOVE A33 165
MOVE A230 75
UPGRADE 182
COMMAND LEFT END
COMMAND RIGHT START
COMMAND RIGHT END
TURN 292 RESULT
TIME LEFT 0 5 RIGHT 0 5
UPGRADE A 182
MOVE A2 165
MOVE A3 165
MOVE A13 67
MOVE A27 137
MOVE A33 95
MOVE A102 108
MOVE A103 108
MOVE A149 166
MOVE A150 108
MOVE A152 124
MOVE A154 108
MOVE A155 146
MOVE A156 146
MOVE A158 125
MOVE A159 125
MOVE A160 146
MOVE A161 146
MOVE A162 146
MOVE A164 146
MOVE A165 146
MOVE A166 146
MOVE A167 146
MOVE A168 146
MOVE A169 146
MOVE A170 146
MOVE A171 146
MOVE A173 166
MOVE A212 112
MOVE A213 112
MOVE A214 112
MOVE A215 112
MOVE A217 125
MOVE A222 146
MOVE A223 146
MOVE A224 146
MOVE A225 146
MOVE A226 146
MOVE A228 125
MOVE A229 125
MOVE A230 94
MOVE A240 71
MOVE A241 71
MOVE A242 64
MOVE A243 64
MOVE A244 53
MOVE A245 53
MOVE A246 53
MOVE A247 20
MOVE A248 14
MOVE A249 14
MOVE A250 14
MOVE B155 171
MOVE B172 182
MOVE B186 141
MOVE B189 141
MOVE B195 185
MOVE B197 200
MOVE B214 147
MOVE B241 145
MOVE B242 145
DAMAGE TURRET B172 1
DAMAGE TURRET B195 2
DAMAGE TURRET B196 1
DAMAGE COMBAT A14 1
DAMAGE COMBAT A158 2
DAMAGE COMBAT A159 8
DAMAGE COMBAT A205 4
DAMAGE COMBAT A206 3
DAMAGE COMBAT A227 1
DAMAGE COMBAT A231 2
DAMAGE COMBAT B172 1
DAMAGE COMBAT B176 1
DAMAGE COMBAT B195 3
DAMAGE COMBAT B196 1
DAMAGE COMBAT B218 6
DAMAGE COMBAT B219 5
END TURN 292
TURN 293
COMMAND LEFT START
TRAIN 1
COMMAND LEFT END
COMMAND RIGHT START
MOVE B197 187
MOVE B198 187
MOVE B217 187
MOVE B224 187
MOVE B231 187
MOVE B245 187
MOVE B246 187
MOVE B247 187
MOVE B248 187
MOVE B249 187
COMMAND RIGHT END
TURN 293 RESULT
TIME LEFT 0 5 RIGHT 0 5
TRAIN A251
MOVE A13 75
MOVE A27 152
MOVE A33 108
MOVE A102 118
MOVE A103 118
MOVE A149 165
MOVE A150 103
MOVE A152 111
MOVE A154 103
MOVE A160 136
MOVE A161 136
MOVE A162 136
MOVE A164 136
MOVE A165 136
MOVE A166 136
MOVE A167 136
MOVE A168 136
MOVE A169 136
MOVE A170 136
MOVE A171 136
MOVE A173 165
MOVE A212 100
MOVE A213 100
MOVE A214 100
MOVE A215 100
MOVE A222 136
MOVE A223 136
MOVE A224 136
MOVE A225 136
MOVE A226 136
MOVE A230 80
MOVE A240 89
MOVE A241 89
MOVE A242 71
MOVE A243 71
MOVE A244 64
MOVE A245 64
MOVE A246 64
MOVE A247 40
MOVE A248 20
MOVE A249 20
MOVE A250 20
MOVE B155 167
MOVE B186 161
MOVE B189 161
MOVE B197 194
MOVE B198 194
MOVE B214 160
MOVE B217 194
MOVE B224 194
MOVE B231 194
MOVE B241 132
MOVE B242 132
MOVE B245 194
MOVE B246 194
MOVE B247 194
MOVE B248 194
MOVE B249 194
DAMAGE TURRET B172 1
DAMAGE TURRET B195 1
DAMAGE TURRET B219 1
DAMAGE COMBAT A14 1
DAMAGE COMBAT A206 5
DAMAGE COMBAT A207 8
DAMAGE COMBAT A208 2
DAMAGE COMBAT A227 1
DAMAGE COMBAT A231 4
DAMAGE COMBAT B172 1
DAMAGE COMBAT B176 1
DAMAGE COMBAT B220 6
DAMAGE COMBAT B221 3
END TURN 293
TURN 294
COMMAND LEFT START
MOVE A212 125
MOVE A213 125
MOVE A214 125
MOVE A215 125
MOVE A232 125
MOVE A2 182
MOVE A251 100
UPGRADE 165
COMMAND LEFT END
COMMAND RIGHT START
COMMAND RIGHT END
TURN 294 RESULT
TIME LEFT 0 5 RIGHT 0 5
UPGRADE A 165
MOVE A2 166
MOVE A27 165
MOVE A33 118
MOVE A152 100
MOVE A160 129
MOVE A161 129
MOVE A162 129
MOVE A164 129
MOVE A165 129
MOVE A166 129
MOVE A167 129
MOVE A168 129
MOVE A169 129
MOVE A170 129
MOVE A171 129
MOVE A212 106
MOVE A213 106
MOVE A214 106
MOVE A215 106
MOVE A222 129
MOVE A223 129
MOVE A224 129
MOVE A225 129
MOVE A226 129
MOVE A230 75
MOVE A232 106
MOVE A240 100
MOVE A241 100
MOVE A242 89
MOVE A243 89
MOVE A244 71
MOVE A245 71
MOVE A246 71
MOVE A247 53
MOVE A248 40
MOVE A249 40
MOVE A250 40
MOVE A251 4
MOVE B155 169
MOVE B176 173
MOVE B179 173
MOVE B186 173
MOVE B189 173
MOVE B197 187
MOVE B198 187
MOVE B217 187
MOVE B224 187
MOVE B231 187
MOVE B241 126
MOVE B242 126
MOVE B245 187
MOVE B246 187
MOVE B247 187
MOVE B248 187
MOVE B249 187
DAMAGE TURRET B221 1
DAMAGE COMBAT A208 6
DAMAGE COMBAT A217 7
DAMAGE COMBAT B221 2
DAMAGE COMBAT B222 5
END TURN 294
TURN 295
COMMAND LEFT START
MOVE A241 97
MOVE A240 97
MOVE A236 97
MOVE A235 97
MOVE A234 97
COMMAND LEFT END
COMMAND RIGHT START
MOVE B197 200
MOVE B198 82
MOVE B217 82
MOVE B224 82
MOVE B231 82
MOVE B245 82
MOVE B246 82
MOVE B247 82
MOVE B248 82
MOVE B249 82
COMMAND RIGHT END
TURN 295 RESULT
TIME LEFT 0 5 RIGHT 0 5
MOVE A2 171
MOVE A33 137
MOVE A160 111
MOVE A161 111
MOVE A162 111
MOVE A164 111
MOVE A165 111
MOVE A166 111
MOVE A167 111
MOVE A168 111
MOVE A169 111
MOVE A170 111
MOVE A171 111
MOVE A212 120
MOVE A213 120
MOVE A214 120
MOVE A215 120
MOVE A222 111
MOVE A223 111
MOVE A224 111
MOVE A225 111
MOVE A226 111
MOVE A232 120
MOVE A234 88
MOVE A235 88
MOVE A236 88
MOVE A240 88
MOVE A241 88
MOVE A242 100
MOVE A243 100
MOVE A244 89
MOVE A245 89
MOVE A246 89
MOVE A247 64
MOVE A248 53
MOVE A249 53
MOVE A250 53
MOVE A251 14
MOVE B155 160
MOVE B176 187
MOVE B179 187
MOVE B186 187
MOVE B189 187
MOVE B197 194
MOVE B198 173
MOVE B217 173
MOVE B224 173
MOVE B231 173
MOVE B241 124
MOVE B242 124
MOVE B245 173
MOVE B246 173
MOVE B247 173
MOVE B248 173
MOVE B249 173
DAMAGE TURRET B222 1
DAMAGE COMBAT A217 1
DAMAGE COMBAT A218 8
DAMAGE COMBAT A220 3
DAMAGE COMBAT B225 6
END TURN 295
TURN 296
COMMAND LEFT START
MOVE A173 100
UPGRADE 182
COMMAND LEFT END
COMMAND RIGHT START
MOVE B189 200
TRAIN 1
COMMAND RIGHT END
TURN 296 RESULT
TIME LEFT 0 5 RIGHT 0 5
UPGRADE A 182
TRAIN B250
MOVE A2 175
MOVE A33 152
MOVE A160 100
MOVE A161 100
MOVE A162 100
MOVE A164 100
MOVE A165 100
MOVE A166 100
MOVE A167 100
MOVE A168 100
MOVE A169 100
MOVE A170 100
MOVE A171 100
MOVE A173 166
MOVE A212 125
MOVE A213 125
MOVE A214 125
MOVE A215 125
MOVE A222 100
MOVE A223 100
MOVE A224 100
MOVE A225 100
MOVE A226 100
MOVE A232 125
MOVE A234 83
MOVE A235 83
MOVE A236 83
MOVE A240 83
MOVE A241 83
MOVE A244 100
MOVE A245 100
MOVE A246 100
MOVE A247 71
MOVE A248 64
MOVE A249 64
MOVE A250 64
MOVE A251 20
MOVE B155 168
MOVE B189 194
MOVE B197 200
MOVE B198 161
MOVE B217 161
MOVE B224 161
MOVE B231 161
MOVE B241 111
MOVE B242 111
MOVE B245 161
MOVE B246 161
MOVE B247 161
MOVE B248 161
MOVE B249 161
DAMAGE TURRET B226 1
DAMAGE COMBAT A212 2
DAMAGE COMBAT A213 3
DAMAGE COMBAT A220 5
DAMAGE COMBAT B226 5
DAMAGE COMBAT B227 4
END TURN 296
TURN 297
COMMAND LEFT START
MOVE A246 82
MOVE A245 82
MOVE A244 82
MOVE A243 82
MOVE A242 82
MOVE A233 82
MOVE A226 82
MOVE A225 82
MOVE A224 82
MOVE A223 82
MOVE A222 82
MOVE A171 82
MOVE A170 82
MOVE A169 82
MOVE A168 82
MOVE A167 82
MOVE A166 82
MOVE A165 82
MOVE A164 82
MOVE A162 82
MOVE A161 82
TRAIN 1
COMMAND LEFT END
COMMAND RIGHT START
MOVE B250 187
COMMAND RIGHT END
TURN 297 RESULT
TIME LEFT 0 5 RIGHT 0 5
TRAIN A252
MOVE A2 182
MOVE A33 165
MOVE A161 88
MOVE A162 88
MOVE A164 88
MOVE A165 88
MOVE A166 88
MOVE A167 88
MOVE A168 88
MOVE A169 88
MOVE A170 88
MOVE A171 88
MOVE A173 145
MOVE A222 88
MOVE A223 88
MOVE A224 88
MOVE A225 88
MOVE A226 88
MOVE A233 88
MOVE A234 86
MOVE A235 86
MOVE A236 86
MOVE A240 86
MOVE A241 86
MOVE A242 88
MOVE A243 88
MOVE A244 88
MOVE A245 88
MOVE A246 88
MOVE A247 89
MOVE A248 71
MOVE A249 71
MOVE A250 71
MOVE A251 40
MOVE B155 157
MOVE B189 200
MOVE B198 141
MOVE B217 141
MOVE B224 141
MOVE B231 141
MOVE B241 106
MOVE B242 106
MOVE B245 141
MOVE B246 141
MOVE B247 141
MOVE B248 141
MOVE B249 141
MOVE B250 194
DAMAGE TURRET B227 1
DAMAGE COMBAT A213 5
DAMAGE COMBAT A214 4
DAMAGE COMBAT B227 1
DAMAGE COMBAT B228 6
END TURN 297
TURN 298
COMMAND LEFT START
MOVE A3 182
MOVE A252 100
TRAIN 1
COMMAND LEFT END
COMMAND RIGHT START
MOVE B179 82
TRAIN 1
COMMAND RIGHT END
TURN 298 RESULT
TIME LEFT 0 5 RIGHT 0 5
TRAIN A253 B251
MOVE A3 166
MOVE A161 83
MOVE A162 83
MOVE A164 83
MOVE A165 83
MOVE A166 83
MOVE A167 83
MOVE A168 83
MOVE A169 83
MOVE A170 83
MOVE A171 83
MOVE A173 132
MOVE A222 83
MOVE A223 83
MOVE A224 83
MOVE A225 83
MOVE A226 83
MOVE A233 83
MOVE A234 92
MOVE A235 92
MOVE A236 92
MOVE A240 92
MOVE A241 92
MOVE A242 83
MOVE A243 83
MOVE A244 83
MOVE A245 83
MOVE A246 83
MOVE A247 100
MOVE A248 89
MOVE A249 89
MOVE A250 89
MOVE A251 53
MOVE A252 4
MOVE B155 149
MOVE B179 173
MOVE B198 125
MOVE B217 125
MOVE B224 125
MOVE B231 125
MOVE B241 109
MOVE B242 109
MOVE B245 125
MOVE B246 125
MOVE B247 125
MOVE B248 125
MOVE B249 125
MOVE B250 187
DAMAGE TURRET B198 1
DAMAGE COMBAT A214 4
DAMAGE COMBAT A215 8
DAMAGE COMBAT A221 4
DAMAGE COMBAT B198 5
DAMAGE COMBAT B217 1
END TURN 298
TURN 299
COMMAND LEFT START
MOVE A13 100
MOVE A35 100
MOVE A46 100
MOVE A47 100
MOVE A102 100
MOVE A104 54
TRAIN 3
COMMAND LEFT END
COMMAND RIGHT START
MOVE B214 82
MOVE B251 160
COMMAND RIGHT END
TURN 299 RESULT
TIME LEFT 0 5 RIGHT 0 5
TRAIN A254 A255 A256
MOVE A3 171
MOVE A13 80
MOVE A35 80
MOVE A46 64
MOVE A47 64
MOVE A102 114
MOVE A104 4
MOVE A161 86
MOVE A162 86
MOVE A164 86
MOVE A165 86
MOVE A166 86
MOVE A167 86
MOVE A168 86
MOVE A169 86
MOVE A170 86
MOVE A171 86
MOVE A173 126
MOVE A222 86
MOVE A223 86
MOVE A224 86
MOVE A225 86
MOVE A226 86
MOVE A233 86
MOVE A234 97
MOVE A235 97
MOVE A236 97
MOVE A240 97
MOVE A241 97
MOVE A242 86
MOVE A243 86
MOVE A244 86
MOVE A245 86
MOVE A246 86
MOVE A248 100
MOVE A249 100
MOVE A250 100
MOVE A251 64
MOVE A252 14
MOVE B179 161
MOVE B214 147
MOVE B241 104
MOVE B242 104
MOVE B251 196
DAMAGE TURRET A234 2
DAMAGE TURRET B217 1
DAMAGE COMBAT A221 4
DAMAGE COMBAT A228 8
DAMAGE COMBAT A229 3
DAMAGE COMBAT A234 1
DAMAGE COMBAT B120 3
DAMAGE COMBAT B217 4
SIEGE B 97 2
END TURN 299
TURN 300
COMMAND LEFT START
MOVE A103 100
MOVE A152 75
MOVE A160 75
MOVE A247 118
MOVE A105 118
MOVE A256 100
MOVE A255 100
TRAIN 1
COMMAND LEFT END
COMMAND RIGHT START
MOVE B155 97
MOVE B186 97
MOVE B189 187
MOVE B197 187
MOVE B238 187
MOVE B250 97
COMMAND RIGHT END
TURN 300 RESULT
TIME LEFT 0 5 RIGHT 0 5
TRAIN A257
MOVE A3 175
MOVE A13 94
MOVE A35 94
MOVE A46 71
MOVE A47 71
MOVE A102 117
MOVE A103 114
MOVE A104 14
MOVE A105 7
MOVE A152 94
MOVE A160 94
MOVE A161 82
MOVE A162 82
MOVE A164 82
MOVE A165 82
MOVE A166 82
MOVE A167 82
MOVE A168 82
MOVE A169 82
MOVE A170 82
MOVE A171 82
MOVE A173 117
MOVE A222 82
MOVE A223 82
MOVE A224 82
MOVE A225 82
MOVE A226 82
MOVE A233 82
MOVE A242 82
MOVE A243 82
MOVE A244 82
MOVE A245 82
MOVE A246 82
MOVE A247 112
MOVE A251 71
MOVE A252 20
MOVE A255 4
MOVE A256 4
MOVE B155 133
MOVE B179 141
MOVE B186 173
MOVE B189 194
MOVE B197 194
MOVE B214 134
MOVE B238 194
MOVE B241 105
MOVE B242 105
MOVE B250 173
MOVE B251 186
DAMAGE TURRET A161 2
DAMAGE TURRET A234 2
DAMAGE TURRET B224 1
DAMAGE COMBAT A161 1
DAMAGE COMBAT A229 5
DAMAGE COMBAT A232 8
DAMAGE COMBAT B140 3
DAMAGE COMBAT B224 2
SIEGE B 82 16
SIEGE B 97 5
SIEGE A 125 1
END TURN 300
TURN 301
COMMAND LEFT START
MOVE A155 100
MOVE A108 54
MOVE A161 146
TRAIN 2
COMMAND LEFT END
COMMAND RIGHT START
MOVE B229 187
MOVE B230 187
MOVE B232 149
COMMAND RIGHT END
TURN 301 RESULT
TIME LEFT 0 5 RIGHT 0 5
TRAIN A258 A259
MOVE A3 182
MOVE A13 100
MOVE A35 100
MOVE A46 89
MOVE A47 89
MOVE A102 112
MOVE A103 117
MOVE A104 20
MOVE A105 17
MOVE A108 4
MOVE A152 80
MOVE A155 136
MOVE A160 80
MOVE A161 86
MOVE A173 112
MOVE A247 117
MOVE A251 89
MOVE A252 40
MOVE A255 14
MOVE A256 14
MOVE B155 125
MOVE B179 125
MOVE B186 161
MOVE B189 187
MOVE B197 187
MOVE B214 120
MOVE B224 105
MOVE B229 141
MOVE B230 141
MOVE B231 105
MOVE B232 133
MOVE B233 141
MOVE B234 141
MOVE B238 187
MOVE B241 97
MOVE B242 97
MOVE B243 105
MOVE B244 105
MOVE B245 105
MOVE B246 105
MOVE B247 105
MOVE B248 105
MOVE B249 105
MOVE B250 161
MOVE B251 180
DAMAGE TURRET A234 2
DAMAGE TURRET B155 1
DAMAGE COMBAT A234 1
DAMAGE COMBAT A235 1
DAMAGE COMBAT B241 5
SIEGE A 125 2
END TURN 301
TURN 302
COMMAND LEFT START
MOVE A259 100
MOVE A258 100
TRAIN 1
COMMAND LEFT END
COMMAND RIGHT START
MOVE B189 97
MOVE B197 97
MOVE B238 97
TRAIN 1
COMMAND RIGHT END
TURN 302 RESULT
TIME LEFT 0 5 RIGHT 0 5
TRAIN A260 B252
MOVE A46 100
MOVE A47 100
MOVE A102 100
MOVE A103 112
MOVE A104 40
MOVE A105 38
MOVE A108 14
MOVE A152 75
MOVE A155 129
MOVE A160 75
MOVE A161 109
MOVE A173 100
MOVE A247 114
MOVE A251 100
MOVE A252 53
MOVE A255 20
MOVE A256 20
MOVE A258 4
MOVE A259 4
MOVE B155 105
MOVE B179 105
MOVE B186 141
MOVE B189 173
MOVE B197 173
MOVE B214 109
MOVE B224 92
MOVE B229 161
MOVE B230 161
MOVE B231 92
MOVE B232 149
MOVE B233 161
MOVE B234 161
MOVE B238 173
MOVE B243 92
MOVE B244 92
MOVE B245 92
MOVE B246 92
MOVE B247 92
MOVE B248 92
MOVE B249 92
MOVE B250 141
MOVE B251 160
DAMAGE TURRET A235 2
DAMAGE COMBAT A161 1
DAMAGE COMBAT A235 2
DAMAGE COMBAT B214 1
DAMAGE COMBAT B241 1
DAMAGE COMBAT B242 3
END TURN 302
TURN 303
COMMAND LEFT START
MOVE A13 125
MOVE A162 100
MOVE A164 100
MOVE A165 100
MOVE A166 100
MOVE A167 100
MOVE A168 100
MOVE A169 100
MOVE A170 100
MOVE A171 100
MOVE A222 100
MOVE A223 100
MOVE A224 100
MOVE A225 100
MOVE A226 100
MOVE A233 100
MOVE A242 100
MOVE A243 100
MOVE A244 100
MOVE A245 100
MOVE A260 100
UPGRADE 82
TRAIN 3
COMMAND LEFT END
COMMAND RIGHT START
MOVE B251 187
MOVE B252 187
COMMAND RIGHT END
TURN 303 RESULT
TIME LEFT 0 5 RIGHT 0 5
UPGRADE A 82
TRAIN A261 A262 A263
MOVE A13 106
MOVE A103 100
MOVE A104 54
MOVE A105 51
MOVE A108 20
MOVE A155 111
MOVE A162 86
MOVE A164 86
MOVE A165 86
MOVE A166 86
MOVE A167 86
MOVE A168 86
MOVE A169 86
MOVE A170 86
MOVE A171 86
MOVE A222 86
MOVE A223 86
MOVE A224 86
MOVE A225 86
MOVE A226 86
MOVE A233 86
MOVE A242 86
MOVE A243 86
MOVE A244 86
MOVE A245 86
MOVE A247 118
MOVE A252 64
MOVE A255 40
MOVE A256 40
MOVE A258 14
MOVE A259 14
MOVE A260 4
MOVE B155 97
MOVE B179 92
MOVE B186 127
MOVE B189 161
MOVE B197 161
MOVE B224 82
MOVE B229 173
MOVE B230 173
MOVE B231 82
MOVE B233 173
MOVE B234 173
MOVE B238 161
MOVE B243 82
MOVE B244 82
MOVE B245 82
MOVE B246 82
MOVE B247 82
MOVE B248 82
MOVE B249 82
MOVE B250 127
MOVE B251 168
MOVE B252 194
DAMAGE TURRET A235 2
DAMAGE TURRET B224 1
DAMAGE COMBAT A161 1
DAMAGE COMBAT A235 1
DAMAGE COMBAT A236 1
DAMAGE COMBAT A246 8
DAMAGE COMBAT B155 1
DAMAGE COMBAT B214 1
DAMAGE COMBAT B224 1
DAMAGE COMBAT B242 3
SIEGE A 82 1
END TURN 303
TURN 304
COMMAND LEFT START
MOVE A35 125
MOVE A46 125
MOVE A47 125
MOVE A5 35
MOVE A6 35
MOVE A1 35
MOVE A7 35
MOVE A104 35
MOVE A237 15
MOVE A238 15
MOVE A253 18
MOVE A102 18
TRAIN 3
COMMAND LEFT END
COMMAND RIGHT START
MOVE B176 200
MOVE B224 97
MOVE B231 97
MOVE B243 160
MOVE B244 97
MOVE B245 97
MOVE B246 97
MOVE B247 97
MOVE B248 97
MOVE B249 97
COMMAND RIGHT END
TURN 304 RESULT
TIME LEFT 0 5 RIGHT 0 5
TRAIN A264 A265 A266
MOVE A1 25
MOVE A5 23
MOVE A6 23
MOVE A7 25
MOVE A13 120
MOVE A35 106
MOVE A46 106
MOVE A47 106
MOVE A102 89
MOVE A104 41
MOVE A105 67
MOVE A108 40
MOVE A155 100
MOVE A162 83
MOVE A164 83
MOVE A165 83
MOVE A166 83
MOVE A167 83
MOVE A168 83
MOVE A169 83
MOVE A170 83
MOVE A171 83
MOVE A222 83
MOVE A223 83
MOVE A224 83
MOVE A225 83
MOVE A226 83
MOVE A233 83
MOVE A237 1
MOVE A238 1
MOVE A242 83
MOVE A243 83
MOVE A244 83
MOVE A245 83
MOVE A252 71
MOVE A253 4
MOVE A255 53
MOVE A256 53
MOVE A258 20
MOVE A259 20
MOVE A260 14
MOVE B176 194
MOVE B179 82
MOVE B186 116
MOVE B189 141
MOVE B197 141
MOVE B224 92
MOVE B229 187
MOVE B230 187
MOVE B231 92
MOVE B233 187
MOVE B234 187
MOVE B238 141
MOVE B243 86
MOVE B244 92
MOVE B245 92
MOVE B246 92
MOVE B247 92
MOVE B248 92
MOVE B249 92
MOVE B250 116
MOVE B251 176
MOVE B252 187
DAMAGE TURRET A236 2
DAMAGE TURRET B179 1
DAMAGE COMBAT A161 1
DAMAGE COMBAT B214 1
SIEGE A 82 1
SIEGE B 97 3
END TURN 304
TURN 305
COMMAND LEFT START
MOVE A103 125
MOVE A155 125
MOVE A173 125
MOVE A248 54
MOVE A266 100
MOVE A265 100
MOVE A264 100
TRAIN 1
COMMAND LEFT END
COMMAND RIGHT START
MOVE B179 97
MOVE B230 200
MOVE B233 200
MOVE B234 200
COMMAND RIGHT END
TURN 305 RESULT
TIME LEFT 0 5 RIGHT 0 5
TRAIN A267
MOVE A1 29
MOVE A5 35
MOVE A6 35
MOVE A7 29
MOVE A13 125
MOVE A35 120
MOVE A46 120
MOVE A47 120
MOVE A102 71
MOVE A103 106
MOVE A104 33
MOVE A105 75
MOVE A108 54
MOVE A155 106
MOVE A162 88
MOVE A164 88
MOVE A165 88
MOVE A166 88
MOVE A167 88
MOVE A168 88
MOVE A169 88
MOVE A170 88
MOVE A171 88
MOVE A173 106
MOVE A222 88
MOVE A223 88
MOVE A224 88
MOVE A225 88
MOVE A226 88
MOVE A233 88
MOVE A237 2
MOVE A238 2
MOVE A242 88
MOVE A243 88
MOVE A244 88
MOVE A245 88
MOVE A248 89
MOVE A252 89
MOVE A253 8
MOVE A255 64
MOVE A256 64
MOVE A258 40
MOVE A259 40
MOVE A260 20
MOVE A264 4
MOVE A265 4
MOVE A266 4
MOVE B176 200
MOVE B179 92
MOVE B186 97
MOVE B189 127
MOVE B197 127
MOVE B224 97
MOVE B230 194
MOVE B231 97
MOVE B233 194
MOVE B234 194
MOVE B238 127
MOVE B243 109
MOVE B244 97
MOVE B245 97
MOVE B246 97
MOVE B247 97
MOVE B248 97
MOVE B249 97
MOVE B250 97
MOVE B251 183
DAMAGE TURRET A236 2
DAMAGE COMBAT A161 2
DAMAGE COMBAT A236 3
DAMAGE COMBAT A240 7
DAMAGE COMBAT B186 2
DAMAGE COMBAT B214 1
DAMAGE COMBAT B224 1
END TURN 305
TURN 306
COMMAND LEFT START
MOVE A249 125
MOVE A250 125
MOVE A156 125
MOVE A5 82
MOVE A6 146
MOVE A254 146
UPGRADE 125
TRAIN 3
COMMAND LEFT END
COMMAND RIGHT START
TRAIN 1
COMMAND RIGHT END
TURN 306 RESULT
TIME LEFT 0 5 RIGHT 0 5
UPGRADE A 125
TRAIN A268 A269 A270 B253
MOVE A1 34
MOVE A5 48
MOVE A6 34
MOVE A7 34
MOVE A35 125
MOVE A46 125
MOVE A47 125
MOVE A102 64
MOVE A103 120
MOVE A104 29
MOVE A105 95
MOVE A155 120
MOVE A156 147
MOVE A162 100
MOVE A164 100
MOVE A165 100
MOVE A166 100
MOVE A167 100
MOVE A168 100
MOVE A169 100
MOVE A170 100
MOVE A171 100
MOVE A173 120
MOVE A222 100
MOVE A223 100
MOVE A224 100
MOVE A225 100
MOVE A226 100
MOVE A233 100
MOVE A237 12
MOVE A238 12
MOVE A242 100
MOVE A243 100
MOVE A244 100
MOVE A245 100
MOVE A248 71
MOVE A249 106
MOVE A250 106
MOVE A252 100
MOVE A253 18
MOVE A254 4
MOVE A255 71
MOVE A256 71
MOVE A258 53
MOVE A259 53
MOVE A260 40
MOVE A264 14
MOVE A265 14
MOVE A266 14
MOVE B179 97
MOVE B189 116
MOVE B197 116
MOVE B214 86
MOVE B230 200
MOVE B233 200
MOVE B234 200
MOVE B238 116
MOVE B243 120
MOVE B251 187
DAMAGE TURRET A240 1
DAMAGE TURRET A241 1
DAMAGE COMBAT A173 1
DAMAGE COMBAT A241 7
DAMAGE COMBAT B186 2
DAMAGE COMBAT B243 3
END TURN 306
TURN 307
COMMAND LEFT START
MOVE A13 82
TRAIN 3
COMMAND LEFT END
COMMAND RIGHT START
MOVE B253 187
COMMAND RIGHT END
TURN 307 RESULT
TIME LEFT 1 5 RIGHT 0 5
TRAIN A271 A272 A273
MOVE A1 35
MOVE A5 63
MOVE A6 55
MOVE A7 35
MOVE A13 105
MOVE A102 54
MOVE A104 34
MOVE A105 108
MOVE A156 140
MOVE A237 15
MOVE A238 15
MOVE A248 64
MOVE A249 120
MOVE A250 120
MOVE A254 14
MOVE A255 89
MOVE A256 89
MOVE A258 64
MOVE A259 64
MOVE A260 53
MOVE A264 20
MOVE A265 20
MOVE A266 20
MOVE B189 97
MOVE B197 97
MOVE B214 82
MOVE B238 97
MOVE B253 194
DAMAGE TURRET B214 1
DAMAGE COMBAT A173 1
DAMAGE COMBAT B243 3
SIEGE A 82 1
END TURN 307
TURN 308
COMMAND LEFT START
MOVE A35 82
MOVE A1 82
MOVE A7 82
TRAIN 3
COMMAND LEFT END
COMMAND RIGHT START
MOVE B214 97
MOVE B229 97
MOVE B230 160
MOVE B233 187
MOVE B234 187
TRAIN 1
COMMAND RIGHT END
TURN 308 RESULT
TIME LEFT 1 5 RIGHT 0 5
TRAIN A274 A275 A276 B254
MOVE A1 48
MOVE A5 82
MOVE A6 68
MOVE A7 48
MOVE A13 92
MOVE A35 105
MOVE A102 31
MOVE A103 125
MOVE A104 35
MOVE A105 118
MOVE A155 125
MOVE A156 133
MOVE A173 125
MOVE A248 54
MOVE A249 125
MOVE A250 125
MOVE A254 20
MOVE A255 100
MOVE A256 100
MOVE A258 71
MOVE A259 71
MOVE A260 64
MOVE A264 40
MOVE A265 40
MOVE A266 40
MOVE B214 92
MOVE B229 173
MOVE B230 196
MOVE B233 194
MOVE B234 194
MOVE B253 187
DAMAGE COMBAT A13 1
DAMAGE COMBAT B214 1
END TURN 308
TURN 309
COMMAND LEFT START
MOVE A103 100
MOVE A155 100
MOVE A47 100
MOVE A46 100
MOVE A173 100
MOVE A8 100
COMMAND LEFT END
COMMAND RIGHT START
MOVE B179 187
MOVE B186 187
MOVE B251 97
MOVE B252 200
MOVE B253 200
TRAIN 1
COMMAND RIGHT END
TURN 309 RESULT
TIME LEFT 1 5 RIGHT 0 5
TRAIN B255
MOVE A1 63
MOVE A6 74
MOVE A7 63
MOVE A8 34
MOVE A13 82
MOVE A35 92
MOVE A46 120
MOVE A47 120
MOVE A102 18
MOVE A103 120
MOVE A155 120
MOVE A156 125
MOVE A173 120
MOVE A254 40
MOVE A258 89
MOVE A259 89
MOVE A260 71
MOVE A264 53
MOVE A265 53
MOVE A266 53
MOVE B179 116
MOVE B186 116
MOVE B229 161
MOVE B230 186
MOVE B233 187
MOVE B234 187
MOVE B251 173
MOVE B252 194
MOVE B253 194
END TURN 309
TURN 310
COMMAND LEFT START
COMMAND LEFT END
COMMAND RIGHT START
MOVE B234 97
MOVE B255 187
COMMAND RIGHT END
TURN 310 RESULT
TIME LEFT 1 5 RIGHT 0 5
MOVE A1 82
MOVE A6 83
MOVE A7 82
MOVE A8 55
MOVE A35 82
MOVE A46 106
MOVE A47 106
MOVE A103 106
MOVE A155 106
MOVE A173 106
MOVE A254 53
MOVE A258 100
MOVE A259 100
MOVE A260 89
MOVE A264 64
MOVE A265 64
MOVE A266 64
MOVE B179 127
MOVE B186 127
MOVE B229 141
MOVE B230 180
MOVE B234 173
MOVE B251 161
MOVE B252 200
MOVE B253 200
MOVE B255 194
END TURN 310
TURN 311
COMMAND LEFT START
COMMAND LEFT END
COMMAND RIGHT START
MOVE B233 97
TRAIN 1
COMMAND RIGHT END
TURN 311 RESULT
TIME LEFT 1 5 RIGHT 0 5
TRAIN B256
MOVE A6 106
MOVE A8 68
MOVE A46 100
MOVE A47 100
MOVE A103 100
MOVE A155 100
MOVE A173 100
MOVE A254 64
MOVE A260 100
MOVE A264 71
MOVE A265 71
MOVE A266 71
MOVE B179 141
MOVE B186 141
MOVE B229 127
MOVE B230 160
MOVE B233 173
MOVE B234 161
MOVE B251 141
MOVE B255 187
END TURN 311
TURN 312
COMMAND LEFT START
COMMAND LEFT END
COMMAND RIGHT START
MOVE B256 187
COMMAND RIGHT END
TURN 312 RESULT
TIME LEFT 1 5 RIGHT 0 5
MOVE A6 129
MOVE A8 74
MOVE A254 71
MOVE A264 89
MOVE A265 89
MOVE A266 89
MOVE B179 161
MOVE B186 161
MOVE B229 116
MOVE B233 161
MOVE B234 141
MOVE B251 127
MOVE B256 194
END TURN 312
TURN 313
COMMAND LEFT START
MOVE A35 100
MOVE A13 100
MOVE A7 100
MOVE A276 100
MOVE A275 100
MOVE A274 100
MOVE A273 100
MOVE A272 100
MOVE A271 100
MOVE A270 100
MOVE A269 100
UPGRADE 82
UPGRADE 125
TRAIN 3
COMMAND LEFT END
COMMAND RIGHT START
MOVE B255 97
COMMAND RIGHT END
TURN 313 RESULT
TIME LEFT 0 5 RIGHT 0 5
UPGRADE A 82
UPGRADE A 125
TRAIN A277 A278 A279
MOVE A6 136
MOVE A7 86
MOVE A8 83
MOVE A13 86
MOVE A35 86
MOVE A254 89
MOVE A264 100
MOVE A265 100
MOVE A266 100
MOVE A269 4
MOVE A270 4
MOVE A271 4
MOVE A272 4
MOVE A273 4
MOVE A274 4
MOVE A275 4
MOVE A276 4
MOVE B179 173
MOVE B186 173
MOVE B229 97
MOVE B233 141
MOVE B234 127
MOVE B251 116
MOVE B255 173
MOVE B256 187
END TURN 313
TURN 314
COMMAND LEFT START
TRAIN 3
COMMAND LEFT END
COMMAND RIGHT START
TRAIN 1
COMMAND RIGHT END
TURN 314 RESULT
TIME LEFT 0 5 RIGHT 0 5
TRAIN A280 A281 A282 B257
MOVE A6 146
MOVE A7 83
MOVE A8 88
MOVE A13 83
MOVE A35 83
MOVE A254 100
MOVE A269 14
MOVE A270 14
MOVE A271 14
MOVE A272 14
MOVE A273 14
MOVE A274 14
MOVE A275 14
MOVE A276 14
MOVE B179 187
MOVE B186 187
MOVE B233 127
MOVE B234 116
MOVE B251 97
MOVE B255 161
END TURN 314
TURN 315
COMMAND LEFT START
TRAIN 3
COMMAND LEFT END
COMMAND RIGHT START
MOVE B257 187
COMMAND RIGHT END
TURN 315 RESULT
TIME LEFT 0 5 RIGHT 0 5
TRAIN A283 A284 A285
MOVE A7 88
MOVE A8 100
MOVE A13 88
MOVE A35 88
MOVE A254 111
MOVE A269 20
MOVE A270 20
MOVE A271 20
MOVE A272 20
MOVE A273 20
MOVE A274 20
MOVE A275 20
MOVE A276 20
MOVE B233 116
MOVE B234 97
MOVE B255 141
MOVE B257 194
END TURN 315
TURN 316
COMMAND LEFT START
TRAIN 3
COMMAND LEFT END
COMMAND RIGHT START
MOVE B256 97
TRAIN 1
COMMAND RIGHT END
TURN 316 RESULT
TIME LEFT 0 5 RIGHT 0 5
TRAIN A286 A287 A288 B258
MOVE A7 100
MOVE A13 100
MOVE A35 100
MOVE A254 129
MOVE A269 40
MOVE A270 40
MOVE A271 40
MOVE A272 40
MOVE A273 40
MOVE A274 40
MOVE A275 40
MOVE A276 40
MOVE B233 97
MOVE B255 127
MOVE B256 173
MOVE B257 187
END TURN 316
TURN 317
COMMAND LEFT START
TRAIN 3
COMMAND LEFT END
COMMAND RIGHT START
MOVE B258 187
TRAIN 1
COMMAND RIGHT END
TURN 317 RESULT
TIME LEFT 0 5 RIGHT 0 5
TRAIN A289 A290 A291 B259
MOVE A254 136
MOVE A269 53
MOVE A270 53
MOVE A271 53
MOVE A272 53
MOVE A273 53
MOVE A274 53
MOVE A275 53
MOVE A276 53
MOVE B255 116
MOVE B256 161
MOVE B258 194
END TURN 317
TURN 318
COMMAND LEFT START
TRAIN 3
COMMAND LEFT END
COMMAND RIGHT START
MOVE B257 97
MOVE B259 187
COMMAND RIGHT END
TURN 318 RESULT
TIME LEFT 0 5 RIGHT 0 5
TRAIN A292 A293 A294
MOVE A254 146
MOVE A269 64
MOVE A270 64
MOVE A271 64
MOVE A272 64
MOVE A273 64
MOVE A274 64
MOVE A275 64
MOVE A276 64
MOVE B255 97
MOVE B256 141
MOVE B257 173
MOVE B258 187
MOVE B259 194
END TURN 318
TURN 319
COMMAND LEFT START
TRAIN 3
COMMAND LEFT END
COMMAND RIGHT START
MOVE B258 97
TRAIN 1
COMMAND RIGHT END
TURN 319 RESULT
TIME LEFT 0 5 RIGHT 0 5
TRAIN A295 A296 A297 B260
MOVE A269 71
MOVE A270 71
MOVE A271 71
MOVE A272 71
MOVE A273 71
MOVE A274 71
MOVE A275 71
MOVE A276 71
MOVE B256 127
MOVE B257 161
MOVE B258 173
MOVE B259 187
END TURN 319
TURN 320
COMMAND LEFT START
TRAIN 3
COMMAND LEFT END
COMMAND RIGHT START
MOVE B260 187
TRAIN 1
COMMAND RIGHT END
TURN 320 RESULT
TIME LEFT 0 5 RIGHT 0 5
TRAIN A298 A299 A300 B261
MOVE A269 89
MOVE A270 89
MOVE A271 89
MOVE A272 89
MOVE A273 89
MOVE A274 89
MOVE A275 89
MOVE A276 89
MOVE B256 116
MOVE B257 141
MOVE B258 161
MOVE B260 194
END TURN 320
TURN 321
COMMAND LEFT START
TRAIN 3
COMMAND LEFT END
COMMAND RIGHT START
MOVE B259 97
MOVE B261 187
COMMAND RIGHT END
TURN 321 RESULT
TIME LEFT 0 5 RIGHT 0 5
TRAIN A301 A302 A303
MOVE A269 100
MOVE A270 100
MOVE A271 100
MOVE A272 100
MOVE A273 100
MOVE A274 100
MOVE A275 100
MOVE A276 100
MOVE B256 97
MOVE B257 127
MOVE B258 141
MOVE B259 173
MOVE B260 187
MOVE B261 194
END TURN 321
TURN 322
COMMAND LEFT START
TRAIN 3
COMMAND LEFT END
COMMAND RIGHT START
MOVE B260 97
TRAIN 1
COMMAND RIGHT END
TURN 322 RESULT
TIME LEFT 0 5 RIGHT 0 5
TRAIN A304 A305 A306 B262
MOVE B257 116
MOVE B258 127
MOVE B259 161
MOVE B260 173
MOVE B261 187
END TURN 322
TURN 323
COMMAND LEFT START
TRAIN 3
COMMAND LEFT END
COMMAND RIGHT START
MOVE B262 187
COMMAND RIGHT END
TURN 323 RESULT
TIME LEFT 0 5 RIGHT 0 5
TRAIN A307 A308 A309
MOVE B257 97
MOVE B258 116
MOVE B259 141
MOVE B260 161
MOVE B262 194
END TURN 323
TURN 324
COMMAND LEFT START
TRAIN 3
COMMAND LEFT END
COMMAND RIGHT START
MOVE B261 97
COMMAND RIGHT END
TURN 324 RESULT
TIME LEFT 0 5 RIGHT 0 5
TRAIN A310 A311 A312
MOVE B258 97
MOVE B259 127
MOVE B260 141
MOVE B261 173
MOVE B262 187
END TURN 324
TURN 325
COMMAND LEFT START
TRAIN 3
COMMAND LEFT END
COMMAND RIGHT START
COMMAND RIGHT END
TURN 325 RESULT
TIME LEFT 0 5 RIGHT 0 5
TRAIN A313 A314 A315
MOVE B259 116
MOVE B260 127
MOVE B261 161
END TURN 325
TURN 326
COMMAND LEFT START
TRAIN 3
COMMAND LEFT END
COMMAND RIGHT START
COMMAND RIGHT END
TURN 326 RESULT
TIME LEFT 1 5 RIGHT 0 5
TRAIN A316 A317 A318
MOVE B259 97
MOVE B260 116
MOVE B261 141
END TURN 326
TURN 327
COMMAND LEFT START
TRAIN 3
COMMAND LEFT END
COMMAND RIGHT START
COMMAND RIGHT END
TURN 327 RESULT
TIME LEFT 1 5 RIGHT 0 5
TRAIN A319 A320 A321
MOVE B260 97
MOVE B261 127
END TURN 327
TURN 328
COMMAND LEFT START
TRAIN 3
COMMAND LEFT END
COMMAND RIGHT START
COMMAND RIGHT END
TURN 328 RESULT
TIME LEFT 1 5 RIGHT 0 5
TRAIN A322 A323 A324
MOVE B261 116
END TURN 328
TURN 329
COMMAND LEFT START
TRAIN 3
COMMAND LEFT END
COMMAND RIGHT START
COMMAND RIGHT END
TURN 329 RESULT
TIME LEFT 1 5 RIGHT 0 5
TRAIN A325 A326 A327
MOVE B261 97
END TURN 329
TURN 330
COMMAND LEFT START
MOVE A276 200
TRAIN 3
COMMAND LEFT END
COMMAND RIGHT START
COMMAND RIGHT END
TURN 330 RESULT
TIME LEFT 1 5 RIGHT 0 5
TRAIN A328 A329 A330
MOVE A276 111
END TURN 330
TURN 331
COMMAND LEFT START
TRAIN 3
COMMAND LEFT END
COMMAND RIGHT START
COMMAND RIGHT END
TURN 331 RESULT
TIME LEFT 1 5 RIGHT 0 5
TRAIN A331 A332 A333
MOVE A276 129
END TURN 331
TURN 332
COMMAND LEFT START
TRAIN 3
COMMAND LEFT END
COMMAND RIGHT START
COMMAND RIGHT END
TURN 332 RESULT
TIME LEFT 1 5 RIGHT 0 5
TRAIN A334 A335 A336
MOVE A276 136
END TURN 332
TURN 333
COMMAND LEFT START
TRAIN 3
COMMAND LEFT END
COMMAND RIGHT START
MOVE B189 0
MOVE B197 0
MOVE B229 0
MOVE B233 0
MOVE B234 0
MOVE B238 0
MOVE B245 0
MOVE B246 0
MOVE B247 0
MOVE B248 0
MOVE B249 0
MOVE B251 0
MOVE B255 0
MOVE B256 0
MOVE B257 0
MOVE B258 0
MOVE B259 0
MOVE B260 0
MOVE B261 0
COMMAND RIGHT END
TURN 333 RESULT
TIME LEFT 1 5 RIGHT 0 5
TRAIN A337 A338 A339
MOVE A276 147
MOVE B189 92
MOVE B197 92
MOVE B229 92
MOVE B233 92
MOVE B234 92
MOVE B238 92
MOVE B245 92
MOVE B246 92
MOVE B247 92
MOVE B248 92
MOVE B249 92
MOVE B251 92
MOVE B255 92
MOVE B256 92
MOVE B257 92
MOVE B258 92
MOVE B259 92
MOVE B260 92
MOVE B261 92
END TURN 333
TURN 334
COMMAND LEFT START
TRAIN 3
COMMAND LEFT END
COMMAND RIGHT START
COMMAND RIGHT END
TURN 334 RESULT
TIME LEFT 1 5 RIGHT 0 5
TRAIN A340 A341 A342
MOVE A276 160
MOVE B189 82
MOVE B197 82
MOVE B229 82
MOVE B233 82
MOVE B234 82
MOVE B238 82
MOVE B245 82
MOVE B246 82
MOVE B247 82
MOVE B248 82
MOVE B249 82
MOVE B251 82
MOVE B255 82
MOVE B256 82
MOVE B257 82
MOVE B258 82
MOVE B259 82
MOVE B260 82
MOVE B261 82
DAMAGE TURRET B189 1
DAMAGE COMBAT A1 4
DAMAGE COMBAT A5 4
DAMAGE COMBAT A276 1
DAMAGE COMBAT B189 2
DAMAGE COMBAT B230 1
SIEGE A 82 11
END TURN 334
TURN 335
COMMAND LEFT START
TRAIN 3
COMMAND LEFT END
COMMAND RIGHT START
MOVE B244 187
MOVE B262 200
COMMAND RIGHT END
TURN 335 RESULT
TIME LEFT 0 5 RIGHT 0 5
TRAIN A343 A344 A345
MOVE B189 69
MOVE B197 69
MOVE B229 69
MOVE B233 69
MOVE B234 69
MOVE B238 69
MOVE B244 116
MOVE B245 69
MOVE B246 69
MOVE B247 69
MOVE B248 69
MOVE B249 69
MOVE B251 69
MOVE B255 69
MOVE B256 69
MOVE B257 69
MOVE B258 69
MOVE B259 69
MOVE B260 69
MOVE B261 69
MOVE B262 194
DAMAGE COMBAT A276 1
DAMAGE COMBAT B230 1
END TURN 335
TURN 336
COMMAND LEFT START
MOVE A7 82
MOVE A8 82
TRAIN 3
COMMAND LEFT END
COMMAND RIGHT START
COMMAND RIGHT END
TURN 336 RESULT
TIME LEFT 1 5 RIGHT 0 5
TRAIN A346 A347 A348
MOVE A7 88
MOVE A8 88
MOVE B189 55
MOVE B197 55
MOVE B229 55
MOVE B233 55
MOVE B234 55
MOVE B238 55
MOVE B244 127
MOVE B245 55
MOVE B246 55
MOVE B247 55
MOVE B248 55
MOVE B249 55
MOVE B251 55
MOVE B255 55
MOVE B256 55
MOVE B257 55
MOVE B258 55
MOVE B259 55
MOVE B260 55
MOVE B261 55
MOVE B262 200
DAMAGE COMBAT A276 1
DAMAGE COMBAT B230 1
END TURN 336
TURN 337
COMMAND LEFT START
MOVE A13 82
TRAIN 3
COMMAND LEFT END
COMMAND RIGHT START
COMMAND RIGHT END
TURN 337 RESULT
TIME LEFT 1 5 RIGHT 0 5
TRAIN A349 A350 A351
MOVE A7 83
MOVE A8 83
MOVE A13 88
MOVE B189 45
MOVE B197 45
MOVE B229 45
MOVE B233 45
MOVE B234 45
MOVE B238 45
MOVE B244 141
MOVE B245 45
MOVE B246 45
MOVE B247 45
MOVE B248 45
MOVE B249 45
MOVE B251 45
MOVE B255 45
MOVE B256 45
MOVE B257 45
MOVE B258 45
MOVE B259 45
MOVE B260 45
MOVE B261 45
DAMAGE COMBAT A276 1
DAMAGE COMBAT B230 1
END TURN 337
TURN 338
COMMAND LEFT START
MOVE A35 82
TRAIN 3
COMMAND LEFT END
COMMAND RIGHT START
COMMAND RIGHT END
TURN 338 RESULT
TIME LEFT 1 5 RIGHT 0 5
TRAIN A352 A353 A354
MOVE A7 86
MOVE A8 86
MOVE A13 83
MOVE A35 88
MOVE B189 33
MOVE B197 33
MOVE B229 33
MOVE B233 33
MOVE B234 33
MOVE B238 33
MOVE B244 161
MOVE B245 33
MOVE B246 33
MOVE B247 33
MOVE B248 33
MOVE B249 33
MOVE B251 33
MOVE B255 33
MOVE B256 33
MOVE B257 33
MOVE B258 33
MOVE B259 33
MOVE B260 33
MOVE B261 33
DAMAGE COMBAT A276 1
DAMAGE COMBAT B230 1
END TURN 338
TURN 339
COMMAND LEFT START
MOVE A46 82
TRAIN 3
COMMAND LEFT END
COMMAND RIGHT START
COMMAND RIGHT END
TURN 339 RESULT
TIME LEFT 1 5 RIGHT 0 5
TRAIN A355 A356 A357
MOVE A7 82
MOVE A8 82
MOVE A13 86
MOVE A35 83
MOVE A46 88
MOVE B189 25
MOVE B197 25
MOVE B229 25
MOVE B233 25
MOVE B234 25
MOVE B238 25
MOVE B244 173
MOVE B245 25
MOVE B246 25
MOVE B247 25
MOVE B248 25
MOVE B249 25
MOVE B251 25
MOVE B255 25
MOVE B256 25
MOVE B257 25
MOVE B258 25
MOVE B259 25
MOVE B260 25
MOVE B261 25
DAMAGE COMBAT A276 1
DAMAGE COMBAT B230 1
END TURN 339
TURN 340
COMMAND LEFT START
MOVE A275 97
MOVE A274 97
MOVE A273 97
MOVE A272 97
MOVE A271 97
MOVE A270 97
MOVE A269 97
MOVE A266 97
MOVE A265 97
MOVE A264 97
MOVE A260 97
MOVE A259 97
MOVE A258 97
MOVE A256 97
MOVE A255 97
MOVE A252 97
MOVE A251 97
MOVE A245 97
MOVE A244 97
MOVE A243 97
MOVE A242 97
MOVE A233 97
MOVE A226 97
MOVE A225 97
MOVE A224 97
MOVE A223 97
MOVE A222 97
MOVE A173 97
MOVE A171 97
MOVE A170 97
MOVE A169 97
MOVE A168 97
MOVE A167 97
MOVE A166 97
MOVE A165 97
MOVE A164 97
MOVE A162 97
MOVE A155 97
COMMAND LEFT END
COMMAND RIGHT START
TRAIN 1
COMMAND RIGHT END
TURN 340 RESULT
TIME LEFT 0 5 RIGHT 0 5
TRAIN B263
MOVE A13 82
MOVE A35 86
MOVE A46 83
MOVE A155 88
MOVE A162 88
MOVE A164 88
MOVE A165 88
MOVE A166 88
MOVE A167 88
MOVE A168 88
MOVE A169 88
MOVE A170 88
MOVE A171 88
MOVE A173 88
MOVE A222 88
MOVE A223 88
MOVE A224 88
MOVE A225 88
MOVE A226 88
MOVE A233 88
MOVE A242 88
MOVE A243 88
MOVE A244 88
MOVE A245 88
MOVE A251 88
MOVE A252 88
MOVE A255 88
MOVE A256 88
MOVE A258 88
MOVE A259 88
MOVE A260 88
MOVE A264 88
MOVE A265 88
MOVE A266 88
MOVE A269 88
MOVE A270 88
MOVE A271 88
MOVE A272 88
MOVE A273 88
MOVE A274 88
MOVE A275 88
MOVE A276 180
MOVE B189 18
MOVE B197 18
MOVE B229 18
MOVE B233 18
MOVE B234 18
MOVE B238 18
MOVE B244 187
MOVE B245 18
MOVE B246 18
MOVE B247 18
MOVE B248 18
MOVE B249 18
MOVE B251 18
MOVE B255 18
MOVE B256 18
MOVE B257 18
MOVE B258 18
MOVE B259 18
MOVE B260 18
MOVE B261 18
DAMAGE TURRET B189 2
DAMAGE COMBAT A11 6
DAMAGE COMBAT A102 8
DAMAGE COMBAT A253 5
DAMAGE COMBAT B189 1
DAMAGE COMBAT B197 2
END TURN 340
TURN 341
COMMAND LEFT START
MOVE A7 100
MOVE A357 100
MOVE A356 100
MOVE A355 100
MOVE A354 100
MOVE A353 100
MOVE A352 100
MOVE A351 100
MOVE A350 100
TRAIN 2
COMMAND LEFT END
COMMAND RIGHT START
MOVE B263 187
TRAIN 1
COMMAND RIGHT END
TURN 341 RESULT
TIME LEFT 0 5 RIGHT 0 5
TRAIN A358 A359 B264
MOVE A7 86
MOVE A35 82
MOVE A46 86
MOVE A155 83
MOVE A162 83
MOVE A164 83
MOVE A165 83
MOVE A166 83
MOVE A167 83
MOVE A168 83
MOVE A169 83
MOVE A170 83
MOVE A171 83
MOVE A173 83
MOVE A222 83
MOVE A223 83
MOVE A224 83
MOVE A225 83
MOVE A226 83
MOVE A233 83
MOVE A242 83
MOVE A243 83
MOVE A244 83
MOVE A245 83
MOVE A251 83
MOVE A252 83
MOVE A255 83
MOVE A256 83
MOVE A258 83
MOVE A259 83
MOVE A260 83
MOVE A264 83
MOVE A265 83
MOVE A266 83
MOVE A269 83
MOVE A270 83
MOVE A271 83
MOVE A272 83
MOVE A273 83
MOVE A274 83
MOVE A275 83
MOVE A276 186
MOVE A350 4
MOVE A351 4
MOVE A352 4
MOVE A353 4
MOVE A354 4
MOVE A355 4
MOVE A356 4
MOVE A357 4
MOVE B263 194
DAMAGE TURRET B197 2
DAMAGE COMBAT A253 3
DAMAGE COMBAT B197 1
SIEGE A 18 15
END TURN 341
TURN 342
COMMAND LEFT START
MOVE A359 100
MOVE A358 100
TRAIN 3
COMMAND LEFT END
COMMAND RIGHT START
MOVE B244 97
MOVE B253 160
MOVE B254 187
MOVE B262 187
MOVE B264 187
COMMAND RIGHT END
TURN 342 RESULT
TIME LEFT 0 5 RIGHT 0 5
TRAIN A360 A361 A362
MOVE A7 83
MOVE A46 82
MOVE A155 86
MOVE A162 86
MOVE A164 86
MOVE A165 86
MOVE A166 86
MOVE A167 86
MOVE A168 86
MOVE A169 86
MOVE A170 86
MOVE A171 86
MOVE A173 86
MOVE A222 86
MOVE A223 86
MOVE A224 86
MOVE A225 86
MOVE A226 86
MOVE A233 86
MOVE A242 86
MOVE A243 86
MOVE A244 86
MOVE A245 86
MOVE A251 86
MOVE A252 86
MOVE A255 86
MOVE A256 86
MOVE A258 86
MOVE A259 86
MOVE A260 86
MOVE A264 86
MOVE A265 86
MOVE A266 86
MOVE A269 86
MOVE A270 86
MOVE A271 86
MOVE A272 86
MOVE A273 86
MOVE A274 86
MOVE A275 86
MOVE A276 196
MOVE A350 14
MOVE A351 14
MOVE A352 14
MOVE A353 14
MOVE A354 14
MOVE A355 14
MOVE A356 14
MOVE A357 14
MOVE A358 4
MOVE A359 4
MOVE B197 8
MOVE B229 8
MOVE B233 8
MOVE B234 8
MOVE B238 8
MOVE B244 173
MOVE B245 8
MOVE B246 8
MOVE B247 8
MOVE B248 8
MOVE B249 8
MOVE B251 8
MOVE B253 196
MOVE B254 194
MOVE B255 8
MOVE B256 8
MOVE B257 8
MOVE B258 8
MOVE B259 8
MOVE B260 8
MOVE B261 8
MOVE B262 194
MOVE B263 187
MOVE B264 194
DAMAGE COMBAT A276 1
DAMAGE COMBAT B253 1
END TURN 342
TURN 343
COMMAND LEFT START
MOVE A8 18
MOVE A13 18
TRAIN 1
COMMAND LEFT END
COMMAND RIGHT START
MOVE B232 200
MOVE B250 187
MOVE B263 200
COMMAND RIGHT END
TURN 343 RESULT
TIME LEFT 0 5 RIGHT 0 5
TRAIN A363
MOVE A7 88
MOVE A8 69
MOVE A13 69
MOVE A155 92
MOVE A162 92
MOVE A164 92
MOVE A165 92
MOVE A166 92
MOVE A167 92
MOVE A168 92
MOVE A169 92
MOVE A170 92
MOVE A171 92
MOVE A173 92
MOVE A222 92
MOVE A223 92
MOVE A224 92
MOVE A225 92
MOVE A226 92
MOVE A233 92
MOVE A242 92
MOVE A243 92
MOVE A244 92
MOVE A245 92
MOVE A251 92
MOVE A252 92
MOVE A255 92
MOVE A256 92
MOVE A258 92
MOVE A259 92
MOVE A260 92
MOVE A264 92
MOVE A265 92
MOVE A266 92
MOVE A269 92
MOVE A270 92
MOVE A271 92
MOVE A272 92
MOVE A273 92
MOVE A274 92
MOVE A275 92
MOVE A350 20
MOVE A351 20
MOVE A352 20
MOVE A353 20
MOVE A354 20
MOVE A355 20
MOVE A356 20
MOVE A357 20
MOVE A358 14
MOVE A359 14
MOVE B197 4
MOVE B229 4
MOVE B232 162
MOVE B233 4
MOVE B234 4
MOVE B238 4
MOVE B244 161
MOVE B245 4
MOVE B246 4
MOVE B247 4
MOVE B248 4
MOVE B249 4
MOVE B250 116
MOVE B251 4
MOVE B254 187
MOVE B255 4
MOVE B256 4
MOVE B257 4
MOVE B258 4
MOVE B259 4
MOVE B260 4
MOVE B261 4
MOVE B262 187
MOVE B263 194
MOVE B264 187
DAMAGE COMBAT A276 1
DAMAGE COMBAT B253 1
END TURN 343
TURN 344
COMMAND LEFT START
MOVE A363 200
MOVE A108 18
TRAIN 1
COMMAND LEFT END
COMMAND RIGHT START
MOVE B254 149
MOVE B264 97
COMMAND RIGHT END
TURN 344 RESULT
TIME LEFT 0 5 RIGHT 0 5
TRAIN A364
MOVE A7 100
MOVE A8 55
MOVE A13 55
MOVE A108 31
MOVE A155 97
MOVE A162 97
MOVE A164 97
MOVE A165 97
MOVE A166 97
MOVE A167 97
MOVE A168 97
MOVE A169 97
MOVE A170 97
MOVE A171 97
MOVE A173 97
MOVE A222 97
MOVE A223 97
MOVE A224 97
MOVE A225 97
MOVE A226 97
MOVE A233 97
MOVE A242 97
MOVE A243 97
MOVE A244 97
MOVE A245 97
MOVE A251 97
MOVE A252 97
MOVE A255 97
MOVE A256 97
MOVE A258 97
MOVE A259 97
MOVE A260 97
MOVE A264 97
MOVE A265 97
MOVE A266 97
MOVE A269 97
MOVE A270 97
MOVE A271 97
MOVE A272 97
MOVE A273 97
MOVE A274 97
MOVE A275 97
MOVE A350 40
MOVE A351 40
MOVE A352 40
MOVE A353 40
MOVE A354 40
MOVE A355 40
MOVE A356 40
MOVE A357 40
MOVE A358 20
MOVE A359 20
MOVE A363 4
MOVE B197 0
MOVE B229 0
MOVE B232 183
MOVE B233 0
MOVE B234 0
MOVE B238 0
MOVE B244 141
MOVE B245 0
MOVE B246 0
MOVE B247 0
MOVE B248 0
MOVE B249 0
MOVE B250 127
MOVE B251 0
MOVE B253 186
MOVE B254 173
MOVE B255 0
MOVE B256 0
MOVE B257 0
MOVE B258 0
MOVE B259 0
MOVE B260 0
MOVE B261 0
MOVE B263 200
MOVE B264 173
DAMAGE TURRET A173 2
DAMAGE TURRET B197 1
DAMAGE TURRET B229 2
DAMAGE COMBAT A173 1
DAMAGE COMBAT A257 8
DAMAGE COMBAT A261 8
DAMAGE COMBAT A262 2
DAMAGE COMBAT B229 4
DAMAGE COMBAT B231 6
DAMAGE COMBAT B233 6
DAMAGE COMBAT B234 6
DAMAGE COMBAT B238 6
DAMAGE COMBAT B245 6
DAMAGE COMBAT B246 6
DAMAGE COMBAT B247 6
DAMAGE COMBAT B248 6
DAMAGE COMBAT B249 6
DAMAGE COMBAT B251 6
DAMAGE COMBAT B255 6
DAMAGE COMBAT B256 6
DAMAGE COMBAT B257 6
DAMAGE COMBAT B258 6
DAMAGE COMBAT B259 1
SIEGE B 97 8
END TURN 344
TURN 345
COMMAND LEFT START
MOVE A239 18
MOVE A155 54
MOVE A162 54
UPGRADE 97
UPGRADE 82
TRAIN 2
COMMAND LEFT END
COMMAND RIGHT START
MOVE B263 187
TRAIN 2
COMMAND RIGHT END
TURN 345 RESULT
TIME LEFT 0 5 RIGHT 0 5
UPGRADE A 82
UPGRADE A 97
TRAIN A365 A366 B265 B266
MOVE A8 45
MOVE A13 45
MOVE A108 18
MOVE A155 92
MOVE A162 92
MOVE A239 31
MOVE A350 53
MOVE A351 53
MOVE A352 53
MOVE A353 53
MOVE A354 53
MOVE A355 53
MOVE A356 53
MOVE A357 53
MOVE A358 40
MOVE A359 40
MOVE A363 14
MOVE B232 193
MOVE B244 127
MOVE B250 141
MOVE B253 180
MOVE B254 161
MOVE B263 194
MOVE B264 161
DAMAGE TURRET B259 3
DAMAGE COMBAT A262 3
DAMAGE COMBAT B259 2
DAMAGE COMBAT B260 6
DAMAGE COMBAT B261 6
END TURN 345
TURN 346
COMMAND LEFT START
MOVE A164 100
MOVE A165 100
MOVE A166 100
MOVE A167 100
MOVE A168 100
MOVE A169 100
MOVE A170 100
MOVE A171 100
MOVE A222 100
MOVE A223 100
MOVE A224 100
MOVE A225 100
MOVE A226 100
MOVE A233 100
MOVE A242 100
MOVE A243 100
MOVE A244 100
MOVE A245 100
MOVE A251 100
MOVE A252 100
MOVE A255 100
MOVE A256 100
COMMAND LEFT END
COMMAND RIGHT START
MOVE B265 187
MOVE B266 187
TRAIN 2
COMMAND RIGHT END
TURN 346 RESULT
TIME LEFT 1 5 RIGHT 0 5
TRAIN B267 B268
MOVE A8 33
MOVE A13 33
MOVE A155 86
MOVE A162 86
MOVE A164 92
MOVE A165 92
MOVE A166 92
MOVE A167 92
MOVE A168 92
MOVE A169 92
MOVE A170 92
MOVE A171 92
MOVE A222 92
MOVE A223 92
MOVE A224 92
MOVE A225 92
MOVE A226 92
MOVE A233 92
MOVE A239 18
MOVE A242 92
MOVE A243 92
MOVE A244 92
MOVE A245 92
MOVE A251 92
MOVE A252 92
MOVE A255 92
MOVE A256 92
MOVE A350 64
MOVE A351 64
MOVE A352 64
MOVE A353 64
MOVE A354 64
MOVE A355 64
MOVE A356 64
MOVE A357 64
MOVE A358 53
MOVE A359 53
MOVE A363 20
MOVE B232 200
MOVE B244 116
MOVE B250 161
MOVE B253 160
MOVE B254 149
MOVE B263 187
MOVE B264 141
MOVE B265 194
MOVE B266 194
END TURN 346
TURN 347
COMMAND LEFT START
MOVE A258 82
UPGRADE 97
TRAIN 3
COMMAND LEFT END
COMMAND RIGHT START
MOVE B267 187
MOVE B268 187
TRAIN 2
COMMAND RIGHT END
TURN 347 RESULT
TIME LEFT 1 5 RIGHT 0 5
UPGRADE A 97
TRAIN A367 A368 A369 B269 B270
MOVE A8 25
MOVE A13 25
MOVE A155 74
MOVE A162 74
MOVE A164 86
MOVE A165 86
MOVE A166 86
MOVE A167 86
MOVE A168 86
MOVE A169 86
MOVE A170 86
MOVE A171 86
MOVE A222 86
MOVE A223 86
MOVE A224 86
MOVE A225 86
MOVE A226 86
MOVE A233 86
MOVE A242 86
MOVE A243 86
MOVE A244 86
MOVE A245 86
MOVE A251 86
MOVE A252 86
MOVE A255 86
MOVE A256 86
MOVE A258 92
MOVE A350 71
MOVE A351 71
MOVE A352 71
MOVE A353 71
MOVE A354 71
MOVE A355 71
MOVE A356 71
MOVE A357 71
MOVE A358 64
MOVE A359 64
MOVE A363 40
MOVE B244 97
MOVE B250 173
MOVE B264 127
MOVE B265 187
MOVE B266 187
MOVE B267 194
MOVE B268 194
DAMAGE TURRET B244 1
DAMAGE COMBAT A259 1
DAMAGE COMBAT B244 5
END TURN 347
TURN 348
COMMAND LEFT START
TRAIN 3
COMMAND LEFT END
COMMAND RIGHT START
MOVE B262 200
MOVE B269 187
MOVE B270 187
TRAIN 2
COMMAND RIGHT END
TURN 348 RESULT
TIME LEFT 0 5 RIGHT 0 5
TRAIN A370 A371 A372 B271 B272
MOVE A8 18
MOVE A13 18
MOVE A155 62
MOVE A162 62
MOVE A164 83
MOVE A165 83
MOVE A166 83
MOVE A167 83
MOVE A168 83
MOVE A169 83
MOVE A170 83
MOVE A171 83
MOVE A222 83
MOVE A223 83
MOVE A224 83
MOVE A225 83
MOVE A226 83
MOVE A233 83
MOVE A242 83
MOVE A243 83
MOVE A244 83
MOVE A245 83
MOVE A251 83
MOVE A252 83
MOVE A255 83
MOVE A256 83
MOVE A258 82
MOVE A350 89
MOVE A351 89
MOVE A352 89
MOVE A353 89
MOVE A354 89
MOVE A355 89
MOVE A356 89
MOVE A357 89
MOVE A358 71
MOVE A359 71
MOVE A363 53
MOVE B250 187
MOVE B262 194
MOVE B264 116
MOVE B267 187
MOVE B268 187
MOVE B269 194
MOVE B270 194
END TURN 348
TURN 349
COMMAND LEFT START
TRAIN 3
COMMAND LEFT END
COMMAND RIGHT START
MOVE B271 187
MOVE B272 187
TRAIN 1
COMMAND RIGHT END
TURN 349 RESULT
TIME LEFT 0 5 RIGHT 0 5
TRAIN A373 A374 A375 B273
MOVE A155 54
MOVE A162 54
MOVE A164 88
MOVE A165 88
MOVE A166 88
MOVE A167 88
MOVE A168 88
MOVE A169 88
MOVE A170 88
MOVE A171 88
MOVE A222 88
MOVE A223 88
MOVE A224 88
MOVE A225 88
MOVE A226 88
MOVE A233 88
MOVE A242 88
MOVE A243 88
MOVE A244 88
MOVE A245 88
MOVE A251 88
MOVE A252 88
MOVE A255 88
MOVE A256 88
MOVE A350 100
MOVE A351 100
MOVE A352 100
MOVE A353 100
MOVE A354 100
MOVE A355 100
MOVE A356 100
MOVE A357 100
MOVE A358 89
MOVE A359 89
MOVE A363 64
MOVE B262 200
MOVE B264 97
MOVE B269 187
MOVE B270 187
MOVE B271 194
MOVE B272 194
DAMAGE TURRET B264 1
DAMAGE COMBAT A259 1
DAMAGE COMBAT B264 5
END TURN 349
TURN 350
COMMAND LEFT START
TRAIN 3
COMMAND LEFT END
COMMAND RIGHT START
MOVE B273 187
TRAIN 1
COMMAND RIGHT END
TURN 350 RESULT
TIME LEFT 1 5 RIGHT 0 5
TRAIN A376 A377 A378 B274
MOVE A164 100
MOVE A165 100
MOVE A166 100
MOVE A167 100
MOVE A168 100
MOVE A169 100
MOVE A170 100
MOVE A171 100
MOVE A222 100
MOVE A223 100
MOVE A224 100
MOVE A225 100
MOVE A226 100
MOVE A233 100
MOVE A242 100
MOVE A243 100
MOVE A244 100
MOVE A245 100
MOVE A251 100
MOVE A252 100
MOVE A255 100
MOVE A256 100
MOVE A358 100
MOVE A359 100
MOVE A363 71
MOVE B271 187
MOVE B272 187
MOVE B273 194
END TURN 350
TURN 351
COMMAND LEFT START
TRAIN 3
COMMAND LEFT END
COMMAND RIGHT START
MOVE B274 187
COMMAND RIGHT END
TURN 351 RESULT
TIME LEFT 0 5 RIGHT 0 5
TRAIN A379 A380 A381
MOVE A363 89
MOVE B273 187
MOVE B274 194
END TURN 351
TURN 352
COMMAND LEFT START
TRAIN 3
COMMAND LEFT END
COMMAND RIGHT START
COMMAND RIGHT END
TURN 352 RESULT
TIME LEFT 0 5 RIGHT 0 5
TRAIN A382 A383 A384
MOVE A363 100
MOVE B274 187
END TURN 352
TURN 353
COMMAND LEFT START
TRAIN 3
COMMAND LEFT END
COMMAND RIGHT START
COMMAND RIGHT END
TURN 353 RESULT
TIME LEFT 0 5 RIGHT 0 5
TRAIN A385 A386 A387
MOVE A363 111
END TURN 353
TURN 354
COMMAND LEFT START
TRAIN 3
COMMAND LEFT END
COMMAND RIGHT START
COMMAND RIGHT END
TURN 354 RESULT
TIME LEFT 0 5 RIGHT 0 5
TRAIN A388 A389 A390
MOVE A363 129
END TURN 354
TURN 355
COMMAND LEFT START
TRAIN 3
COMMAND LEFT END
COMMAND RIGHT START
COMMAND RIGHT END
TURN 355 RESULT
TIME LEFT 0 5 RIGHT 0 5
TRAIN A391 A392 A393
MOVE A363 136
END TURN 355
TURN 356
COMMAND LEFT START
TRAIN 3
COMMAND LEFT END
COMMAND RIGHT START
COMMAND RIGHT END
TURN 356 RESULT
TIME LEFT 0 5 RIGHT 0 5
TRAIN A394 A395 A396
MOVE A363 147
END TURN 356
TURN 357
COMMAND LEFT START
TRAIN 3
COMMAND LEFT END
COMMAND RIGHT START
COMMAND RIGHT END
TURN 357 RESULT
TIME LEFT 0 5 RIGHT 0 5
TRAIN A397 A398 A399
MOVE A363 160
DAMAGE COMBAT A363 1
DAMAGE COMBAT B253 1
END TURN 357
TURN 358
COMMAND LEFT START
TRAIN 3
COMMAND LEFT END
COMMAND RIGHT START
MOVE B186 200
COMMAND RIGHT END
TURN 358 RESULT
TIME LEFT 0 5 RIGHT 0 5
TRAIN A400 A401 A402
MOVE B186 194
DAMAGE COMBAT A363 1
DAMAGE COMBAT B253 1
END TURN 358
TURN 359
COMMAND LEFT START
TRAIN 3
COMMAND LEFT END
COMMAND RIGHT START
COMMAND RIGHT END
TURN 359 RESULT
TIME LEFT 0 5 RIGHT 0 5
TRAIN A403 A404 A405
MOVE B186 200
DAMAGE COMBAT A363 1
DAMAGE COMBAT B253 1
END TURN 359
TURN 360
COMMAND LEFT START
TRAIN 3
COMMAND LEFT END
COMMAND RIGHT START
COMMAND RIGHT END
TURN 360 RESULT
TIME LEFT 0 5 RIGHT 0 5
TRAIN A406 A407 A408
DAMAGE COMBAT A363 1
DAMAGE COMBAT B253 1
END TURN 360
TURN 361
COMMAND LEFT START
MOVE A103 200
MOVE A164 200
MOVE A165 200
MOVE A166 200
MOVE A167 200
MOVE A168 200
MOVE A169 200
MOVE A170 200
MOVE A171 200
MOVE A222 200
MOVE A223 200
MOVE A224 200
MOVE A225 200
MOVE A226 200
MOVE A233 200
MOVE A242 200
MOVE A243 200
MOVE A244 200
MOVE A245 200
MOVE A251 200
MOVE A252 200
MOVE A255 200
MOVE A256 200
MOVE A350 200
MOVE A351 200
MOVE A352 200
MOVE A353 200
MOVE A354 200
MOVE A355 200
MOVE A356 200
MOVE A357 200
MOVE A358 200
MOVE A359 200
MOVE A47 200
MOVE A7 200
COMMAND LEFT END
COMMAND RIGHT START
MOVE B265 160
TRAIN 1
COMMAND RIGHT END
TURN 361 RESULT
TIME LEFT 0 5 RIGHT 0 5
TRAIN B275
MOVE A7 111
MOVE A47 111
MOVE A103 111
MOVE A164 111
MOVE A165 111
MOVE A166 111
MOVE A167 111
MOVE A168 111
MOVE A169 111
MOVE A170 111
MOVE A171 111
MOVE A222 111
MOVE A223 111
MOVE A224 111
MOVE A225 111
MOVE A226 111
MOVE A233 111
MOVE A242 111
MOVE A243 111
MOVE A244 111
MOVE A245 111
MOVE A251 111
MOVE A252 111
MOVE A255 111
MOVE A256 111
MOVE A350 111
MOVE A351 111
MOVE A352 111
MOVE A353 111
MOVE A354 111
MOVE A355 111
MOVE A356 111
MOVE A357 111
MOVE A358 111
MOVE A359 111
MOVE A363 180
MOVE B265 183
END TURN 361
TURN 362
COMMAND LEFT START
MOVE A259 100
MOVE A156 100
MOVE A249 100
MOVE A152 100
MOVE A160 100
MOVE A105 100
MOVE A153 100
MOVE A155 100
MOVE A162 100
MOVE A174 100
MOVE A35 100
MOVE A6 100
MOVE A46 100
MOVE A150 100
MOVE A260 100
MOVE A264 100
MOVE A265 100
MOVE A266 100
MOVE A269 100
MOVE A270 100
MOVE A271 100
MOVE A272 100
MOVE A273 100
MOVE A274 100
MOVE A4 100
MOVE A108 100
MOVE A237 100
MOVE A8 100
MOVE A10 100
MOVE A24 100
MOVE A13 100
MOVE A3 100
MOVE A14 100
MOVE A2 100
MOVE A12 100
MOVE A28 100
COMMAND LEFT END
COMMAND RIGHT START
COMMAND RIGHT END
TURN 362 RESULT
TIME LEFT 1 5 RIGHT 0 5
MOVE A2 169
MOVE A3 169
MOVE A4 108
MOVE A6 136
MOVE A7 129
MOVE A8 31
MOVE A10 29
MOVE A12 34
MOVE A13 31
MOVE A14 171
MOVE A24 171
MOVE A28 34
MOVE A35 86
MOVE A46 86
MOVE A47 129
MOVE A103 129
MOVE A105 114
MOVE A108 31
MOVE A150 108
MOVE A152 80
MOVE A153 114
MOVE A155 64
MOVE A156 120
MOVE A160 80
MOVE A162 64
MOVE A164 129
MOVE A165 129
MOVE A166 129
MOVE A167 129
MOVE A168 129
MOVE A169 129
MOVE A170 129
MOVE A171 129
MOVE A174 136
MOVE A222 129
MOVE A223 129
MOVE A224 129
MOVE A225 129
MOVE A226 129
MOVE A233 129
MOVE A237 29
MOVE A242 129
MOVE A243 129
MOVE A244 129
MOVE A245 129
MOVE A249 120
MOVE A251 129
MOVE A252 129
MOVE A255 129
MOVE A256 129
MOVE A259 92
MOVE A260 92
MOVE A264 92
MOVE A265 92
MOVE A266 92
MOVE A269 92
MOVE A270 92
MOVE A271 92
MOVE A272 92
MOVE A273 92
MOVE A274 92
MOVE A350 129
MOVE A351 129
MOVE A352 129
MOVE A353 129
MOVE A354 129
MOVE A355 129
MOVE A356 129
MOVE A357 129
MOVE A358 129
MOVE A359 129
MOVE A363 186
MOVE B265 176
END TURN 362
TURN 363
COMMAND LEFT START
MOVE A262 100
MOVE A263 15
MOVE A267 15
MOVE A268 18
MOVE A277 18
TRAIN 3
COMMAND LEFT END
COMMAND RIGHT START
MOVE B275 187
COMMAND RIGHT END
TURN 363 RESULT
TIME LEFT 1 5 RIGHT 0 5
TRAIN A409 A410 A411
MOVE A2 146
MOVE A3 146
MOVE A4 114
MOVE A6 129
MOVE A7 136
MOVE A8 54
MOVE A10 45
MOVE A12 55
MOVE A13 54
MOVE A14 155
MOVE A24 155
MOVE A28 55
MOVE A35 83
MOVE A46 83
MOVE A47 136
MOVE A103 136
MOVE A105 117
MOVE A108 54
MOVE A150 114
MOVE A152 94
MOVE A153 117
MOVE A155 71
MOVE A156 106
MOVE A160 94
MOVE A162 71
MOVE A164 136
MOVE A165 136
MOVE A166 136
MOVE A167 136
MOVE A168 136
MOVE A169 136
MOVE A170 136
MOVE A171 136
MOVE A174 129
MOVE A222 136
MOVE A223 136
MOVE A224 136
MOVE A225 136
MOVE A226 136
MOVE A233 136
MOVE A237 45
MOVE A242 136
MOVE A243 136
MOVE A244 136
MOVE A245 136
MOVE A249 106
MOVE A251 136
MOVE A252 136
MOVE A255 136
MOVE A256 136
MOVE A259 86
MOVE A260 86
MOVE A262 4
MOVE A263 1
MOVE A264 86
MOVE A265 86
MOVE A266 86
MOVE A267 1
MOVE A268 4
MOVE A269 86
MOVE A270 86
MOVE A271 86
MOVE A272 86
MOVE A273 86
MOVE A274 86
MOVE A277 4
MOVE A350 136
MOVE A351 136
MOVE A352 136
MOVE A353 136
MOVE A354 136
MOVE A355 136
MOVE A356 136
MOVE A357 136
MOVE A358 136
MOVE A359 136
MOVE A363 196
MOVE B265 168
MOVE B275 194
END TURN 363
TURN 364
COMMAND LEFT START
MOVE A278 100
MOVE A279 35
MOVE A280 35
MOVE A281 54
MOVE A282 54
TRAIN 3
COMMAND LEFT END
COMMAND RIGHT START
MOVE B252 187
MOVE B262 187
COMMAND RIGHT END
TURN 364 RESULT
TIME LEFT 1 5 RIGHT 0 5
TRAIN A412 A413 A414
MOVE A2 136
MOVE A3 136
MOVE A4 117
MOVE A6 111
MOVE A7 147
MOVE A8 64
MOVE A10 62
MOVE A12 68
MOVE A13 64
MOVE A14 138
MOVE A24 138
MOVE A28 68
MOVE A35 88
MOVE A46 88
MOVE A47 147
MOVE A103 147
MOVE A105 112
MOVE A108 64
MOVE A150 117
MOVE A152 100
MOVE A153 112
MOVE A155 89
MOVE A156 100
MOVE A160 100
MOVE A162 89
MOVE A164 147
MOVE A165 147
MOVE A166 147
MOVE A167 147
MOVE A168 147
MOVE A169 147
MOVE A170 147
MOVE A171 147
MOVE A174 111
MOVE A222 147
MOVE A223 147
MOVE A224 147
MOVE A225 147
MOVE A226 147
MOVE A233 147
MOVE A237 62
MOVE A242 147
MOVE A243 147
MOVE A244 147
MOVE A245 147
MOVE A249 100
MOVE A251 147
MOVE A252 147
MOVE A255 147
MOVE A256 147
MOVE A259 83
MOVE A260 83
MOVE A262 14
MOVE A263 2
MOVE A264 83
MOVE A265 83
MOVE A266 83
MOVE A267 2
MOVE A268 8
MOVE A269 83
MOVE A270 83
MOVE A271 83
MOVE A272 83
MOVE A273 83
MOVE A274 83
MOVE A277 8
MOVE A278 4
MOVE A279 1
MOVE A280 1
MOVE A281 4
MOVE A282 4
MOVE A350 147
MOVE A351 147
MOVE A352 147
MOVE A353 147
MOVE A354 147
MOVE A355 147
MOVE A356 147
MOVE A357 147
MOVE A358 147
MOVE A359 147
MOVE A363 200
MOVE B252 194
MOVE B262 194
MOVE B265 160
MOVE B275 187
DAMAGE TURRET A363 2
DAMAGE COMBAT A363 2
DAMAGE COMBAT B186 1
END TURN 364
TURN 365
COMMAND LEFT START
MOVE A414 200
MOVE A152 75
MOVE A283 75
MOVE A284 82
MOVE A285 82
TRAIN 3
COMMAND LEFT END
COMMAND RIGHT START
MOVE B232 187
COMMAND RIGHT END
TURN 365 RESULT
TIME LEFT 2 5 RIGHT 0 5
TRAIN A415 A416 A417
MOVE A2 129
MOVE A3 129
MOVE A4 112
MOVE A6 100
MOVE A7 160
MOVE A8 71
MOVE A10 76
MOVE A12 74
MOVE A13 71
MOVE A14 124
MOVE A24 124
MOVE A28 74
MOVE A35 100
MOVE A46 100
MOVE A47 160
MOVE A103 160
MOVE A105 100
MOVE A108 71
MOVE A150 112
MOVE A152 94
MOVE A153 100
MOVE A155 100
MOVE A162 100
MOVE A164 160
MOVE A165 160
MOVE A166 160
MOVE A167 160
MOVE A168 160
MOVE A169 160
MOVE A170 160
MOVE A171 160
MOVE A174 100
MOVE A222 160
MOVE A223 160
MOVE A224 160
MOVE A225 160
MOVE A226 160
MOVE A233 160
MOVE A237 76
MOVE A242 160
MOVE A243 160
MOVE A244 160
MOVE A245 160
MOVE A251 160
MOVE A252 160
MOVE A255 160
MOVE A256 160
MOVE A259 88
MOVE A260 88
MOVE A262 20
MOVE A263 12
MOVE A264 88
MOVE A265 88
MOVE A266 88
MOVE A267 12
MOVE A268 18
MOVE A269 88
MOVE A270 88
MOVE A271 88
MOVE A272 88
MOVE A273 88
MOVE A274 88
MOVE A277 18
MOVE A278 14
MOVE A279 2
MOVE A280 2
MOVE A281 14
MOVE A282 14
MOVE A283 7
MOVE A284 4
MOVE A285 4
MOVE A350 160
MOVE A351 160
MOVE A352 160
MOVE A353 160
MOVE A354 160
MOVE A355 160
MOVE A356 160
MOVE A357 160
MOVE A358 160
MOVE A359 160
MOVE A414 4
MOVE B232 194
MOVE B252 187
MOVE B262 187
DAMAGE COMBAT A7 1
DAMAGE COMBAT B265 6
END TURN 365
TURN 366
COMMAND LEFT START
MOVE A6 103
MOVE A35 103
MOVE A46 118
MOVE A105 118
TRAIN 3
COMMAND LEFT END
COMMAND RIGHT START
MOVE B252 160
TRAIN 1
COMMAND RIGHT END
TURN 366 RESULT
TIME LEFT 2 5 RIGHT 0 5
TRAIN A418 A419 A420 B276
MOVE A2 111
MOVE A3 111
MOVE A4 100
MOVE A6 112
MOVE A7 180
MOVE A8 89
MOVE A10 89
MOVE A12 83
MOVE A13 89
MOVE A14 111
MOVE A24 111
MOVE A28 83
MOVE A35 112
MOVE A46 112
MOVE A47 180
MOVE A103 180
MOVE A105 112
MOVE A108 89
MOVE A150 100
MOVE A152 80
MOVE A164 180
MOVE A165 180
MOVE A166 180
MOVE A167 180
MOVE A168 180
MOVE A169 180
MOVE A170 180
MOVE A171 180
MOVE A222 180
MOVE A223 180
MOVE A224 180
MOVE A225 180
MOVE A226 180
MOVE A233 180
MOVE A237 89
MOVE A242 180
MOVE A243 180
MOVE A244 180
MOVE A245 180
MOVE A251 180
MOVE A252 180
MOVE A255 180
MOVE A256 180
MOVE A259 100
MOVE A260 100
MOVE A262 40
MOVE A263 15
MOVE A264 100
MOVE A265 100
MOVE A266 100
MOVE A267 15
MOVE A269 100
MOVE A270 100
MOVE A271 100
MOVE A272 100
MOVE A273 100
MOVE A274 100
MOVE A278 20
MOVE A279 12
MOVE A280 12
MOVE A281 20
MOVE A282 20
MOVE A283 17
MOVE A284 8
MOVE A285 8
MOVE A350 180
MOVE A351 180
MOVE A352 180
MOVE A353 180
MOVE A354 180
MOVE A355 180
MOVE A356 180
MOVE A357 180
MOVE A358 180
MOVE A359 180
MOVE A414 14
MOVE B232 187
MOVE B252 183
END TURN 366
TURN 367
COMMAND LEFT START
MOVE A238 100
MOVE A239 100
COMMAND LEFT END
COMMAND RIGHT START
MOVE B232 200
MOVE B250 200
MOVE B254 200
MOVE B262 200
MOVE B263 200
MOVE B266 200
MOVE B267 200
MOVE B268 200
MOVE B269 200
MOVE B270 200
MOVE B271 200
MOVE B272 200
MOVE B273 200
MOVE B274 200
MOVE B275 200
COMMAND RIGHT END
TURN 367 RESULT
TIME LEFT 2 5 RIGHT 0 5
MOVE A2 100
MOVE A3 100
MOVE A6 117
MOVE A7 186
MOVE A8 100
MOVE A10 100
MOVE A12 88
MOVE A13 100
MOVE A14 100
MOVE A24 100
MOVE A28 88
MOVE A35 117
MOVE A46 117
MOVE A47 186
MOVE A103 186
MOVE A105 117
MOVE A108 100
MOVE A152 75
MOVE A164 186
MOVE A165 186
MOVE A166 186
MOVE A167 186
MOVE A168 186
MOVE A169 186
MOVE A170 186
MOVE A171 186
MOVE A222 186
MOVE A223 186
MOVE A224 186
MOVE A225 186
MOVE A226 186
MOVE A233 186
MOVE A237 100
MOVE A238 29
MOVE A239 31
MOVE A242 186
MOVE A243 186
MOVE A244 186
MOVE A245 186
MOVE A251 186
MOVE A252 186
MOVE A255 186
MOVE A256 186
MOVE A262 53
MOVE A278 40
MOVE A279 15
MOVE A280 15
MOVE A281 40
MOVE A282 40
MOVE A283 38
MOVE A284 18
MOVE A285 18
MOVE A350 186
MOVE A351 186
MOVE A352 186
MOVE A353 186
MOVE A354 186
MOVE A355 186
MOVE A356 186
MOVE A357 186
MOVE A358 186
MOVE A359 186
MOVE A414 20
MOVE B232 194
MOVE B250 194
MOVE B252 176
MOVE B254 162
MOVE B262 194
MOVE B263 194
MOVE B266 194
MOVE B267 194
MOVE B268 194
MOVE B269 194
MOVE B270 194
MOVE B271 194
MOVE B272 194
MOVE B273 194
MOVE B274 194
MOVE B275 194
END TURN 367
TURN 368
COMMAND LEFT START
MOVE A108 200
MOVE A150 200
MOVE A153 200
MOVE A155 200
MOVE A156 200
MOVE A162 200
MOVE A174 200
MOVE A237 200
MOVE A249 200
MOVE A260 200
MOVE A264 200
MOVE A265 200
MOVE A266 200
MOVE A269 200
MOVE A270 200
MOVE A271 200
MOVE A272 200
MOVE A273 200
MOVE A274 200
MOVE A8 200
MOVE A10 200
MOVE A24 200
MOVE A259 200
MOVE A13 200
MOVE A3 200
COMMAND LEFT END
COMMAND RIGHT START
COMMAND RIGHT END
TURN 368 RESULT
TIME LEFT 1 5 RIGHT 0 5
MOVE A3 111
MOVE A6 114
MOVE A7 196
MOVE A8 111
MOVE A10 111
MOVE A12 100
MOVE A13 111
MOVE A24 111
MOVE A28 100
MOVE A35 114
MOVE A46 114
MOVE A47 196
MOVE A103 196
MOVE A105 114
MOVE A108 111
MOVE A150 111
MOVE A153 111
MOVE A155 111
MOVE A156 111
MOVE A162 111
MOVE A164 196
MOVE A165 196
MOVE A166 196
MOVE A167 196
MOVE A168 196
MOVE A169 196
MOVE A170 196
MOVE A171 196
MOVE A174 111
MOVE A222 196
MOVE A223 196
MOVE A224 196
MOVE A225 196
MOVE A226 196
MOVE A233 196
MOVE A237 111
MOVE A238 45
MOVE A239 54
MOVE A242 196
MOVE A243 196
MOVE A244 196
MOVE A245 196
MOVE A249 111
MOVE A251 196
MOVE A252 196
MOVE A255 196
MOVE A256 196
MOVE A259 111
MOVE A260 111
MOVE A262 64
MOVE A264 111
MOVE A265 111
MOVE A266 111
MOVE A269 111
MOVE A270 111
MOVE A271 111
MOVE A272 111
MOVE A273 111
MOVE A274 111
MOVE A278 53
MOVE A279 23
MOVE A280 23
MOVE A281 54
MOVE A282 54
MOVE A283 51
MOVE A284 25
MOVE A285 25
MOVE A350 196
MOVE A351 196
MOVE A352 196
MOVE A353 196
MOVE A354 196
MOVE A355 196
MOVE A356 196
MOVE A357 196
MOVE A358 196
MOVE A359 196
MOVE A414 40
MOVE B232 200
MOVE B250 200
MOVE B252 168
MOVE B254 183
MOVE B262 200
MOVE B263 200
MOVE B266 200
MOVE B267 200
MOVE B268 200
MOVE B269 200
MOVE B270 200
MOVE B271 200
MOVE B272 200
MOVE B273 200
MOVE B274 200
MOVE B275 200
END TURN 368
TURN 369
COMMAND LEFT START
MOVE A152 100
MOVE A248 100
MOVE A281 100
MOVE A263 100
MOVE A268 100
MOVE A33 100
MOVE A27 100
MOVE A9 100
MOVE A25 100
MOVE A286 100
MOVE A287 100
MOVE A288 100
MOVE A289 100
MOVE A290 100
MOVE A291 100
MOVE A292 100
MOVE A293 100
MOVE A294 100
MOVE A295 100
MOVE A296 100
MOVE A297 100
MOVE A298 100
MOVE A299 100
MOVE A300 100
MOVE A301 100
MOVE A302 100
MOVE A303 100
COMMAND LEFT END
COMMAND RIGHT START
COMMAND RIGHT END
TURN 369 RESULT
TIME LEFT 2 5 RIGHT 0 5
MOVE A3 129
MOVE A6 108
MOVE A7 200
MOVE A8 129
MOVE A9 27
MOVE A10 129
MOVE A13 129
MOVE A24 129
MOVE A25 27
MOVE A27 166
MOVE A33 166
MOVE A35 108
MOVE A46 118
MOVE A47 200
MOVE A103 200
MOVE A105 118
MOVE A108 129
MOVE A150 129
MOVE A152 80
MOVE A153 129
MOVE A155 129
MOVE A156 129
MOVE A162 129
MOVE A164 200
MOVE A165 200
MOVE A166 200
MOVE A167 200
MOVE A168 200
MOVE A169 200
MOVE A170 200
MOVE A171 200
MOVE A174 129
MOVE A222 200
MOVE A223 200
MOVE A224 200
MOVE A225 200
MOVE A226 200
MOVE A233 200
MOVE A237 129
MOVE A238 62
MOVE A239 64
MOVE A242 200
MOVE A243 200
MOVE A244 200
MOVE A245 200
MOVE A248 64
MOVE A249 129
MOVE A251 200
MOVE A252 200
MOVE A255 200
MOVE A256 200
MOVE A259 129
MOVE A260 129
MOVE A262 71
MOVE A263 29
MOVE A264 129
MOVE A265 129
MOVE A266 129
MOVE A268 31
MOVE A269 129
MOVE A270 129
MOVE A271 129
MOVE A272 129
MOVE A273 129
MOVE A274 129
MOVE A278 64
MOVE A279 35
MOVE A280 35
MOVE A281 64
MOVE A283 67
MOVE A284 33
MOVE A285 33
MOVE A286 4
MOVE A287 4
MOVE A288 4
MOVE A289 4
MOVE A290 4
MOVE A291 4
MOVE A292 4
MOVE A293 4
MOVE A294 4
MOVE A295 4
MOVE A296 4
MOVE A297 4
MOVE A298 4
MOVE A299 4
MOVE A300 4
MOVE A301 4
MOVE A302 4
MOVE A303 4
MOVE A350 200
MOVE A351 200
MOVE A352 200
MOVE A353 200
MOVE A354 200
MOVE A355 200
MOVE A356 200
MOVE A357 200
MOVE A358 200
MOVE A359 200
MOVE A414 53
MOVE B252 160
MOVE B254 193
DAMAGE TURRET A7 2
DAMAGE COMBAT A7 2
DAMAGE COMBAT A47 7
DAMAGE COMBAT A103 8
DAMAGE COMBAT A164 2
DAMAGE COMBAT B176 3
DAMAGE COMBAT B186 1
DAMAGE COMBAT B188 6
DAMAGE COMBAT B232 6
DAMAGE COMBAT B237 6
DAMAGE COMBAT B250 6
DAMAGE COMBAT B262 6
DAMAGE COMBAT B263 1
END TURN 369
TURN 370
COMMAND LEFT START
COMMAND LEFT END
COMMAND RIGHT START
MOVE B252 200
TRAIN 2
COMMAND RIGHT END
TURN 370 RESULT
TIME LEFT 1 5 RIGHT 0 5
TRAIN B277 B278
MOVE A3 136
MOVE A6 103
MOVE A8 136
MOVE A9 39
MOVE A10 136
MOVE A13 136
MOVE A24 136
MOVE A25 39
MOVE A27 145
MOVE A33 145
MOVE A35 103
MOVE A108 136
MOVE A150 136
MOVE A152 94
MOVE A153 136
MOVE A155 136
MOVE A156 136
MOVE A162 136
MOVE A174 136
MOVE A237 136
MOVE A238 76
MOVE A239 71
MOVE A248 71
MOVE A249 136
MOVE A259 136
MOVE A260 136
MOVE A262 89
MOVE A263 45
MOVE A264 136
MOVE A265 136
MOVE A266 136
MOVE A268 54
MOVE A269 136
MOVE A270 136
MOVE A271 136
MOVE A272 136
MOVE A273 136
MOVE A274 136
MOVE A278 71
MOVE A281 71
MOVE A283 75
MOVE A284 45
MOVE A285 45
MOVE A286 14
MOVE A287 14
MOVE A288 14
MOVE A289 14
MOVE A290 14
MOVE A291 14
MOVE A292 14
MOVE A293 14
MOVE A294 14
MOVE A295 14
MOVE A296 14
MOVE A297 14
MOVE A298 14
MOVE A299 14
MOVE A300 14
MOVE A301 14
MOVE A302 14
MOVE A303 14
MOVE A414 64
MOVE B252 180
MOVE B254 200
DAMAGE TURRET A164 2
DAMAGE COMBAT A164 4
DAMAGE COMBAT A165 8
DAMAGE COMBAT A166 3
DAMAGE COMBAT B254 6
DAMAGE COMBAT B263 5
DAMAGE COMBAT B266 6
DAMAGE COMBAT B267 6
DAMAGE COMBAT B268 6
DAMAGE COMBAT B269 3
END TURN 370
TURN 371
COMMAND LEFT START
COMMAND LEFT END
COMMAND RIGHT START
TRAIN 2
COMMAND RIGHT END
TURN 371 RESULT
TIME LEFT 1 5 RIGHT 0 5
TRAIN B279 B280
MOVE A3 147
MOVE A8 147
MOVE A9 51
MOVE A10 147
MOVE A13 147
MOVE A24 147
MOVE A25 51
MOVE A27 132
MOVE A33 132
MOVE A108 147
MOVE A150 147
MOVE A152 100
MOVE A153 147
MOVE A155 147
MOVE A156 147
MOVE A162 147
MOVE A174 147
MOVE A237 147
MOVE A238 89
MOVE A239 89
MOVE A248 89
MOVE A249 147
MOVE A259 147
MOVE A260 147
MOVE A262 100
MOVE A263 62
MOVE A264 147
MOVE A265 147
MOVE A266 147
MOVE A268 64
MOVE A269 147
MOVE A270 147
MOVE A271 147
MOVE A272 147
MOVE A273 147
MOVE A274 147
MOVE A278 89
MOVE A281 89
MOVE A284 55
MOVE A285 55
MOVE A286 20
MOVE A287 20
MOVE A288 20
MOVE A289 20
MOVE A290 20
MOVE A291 20
MOVE A292 20
MOVE A293 20
MOVE A294 20
MOVE A295 20
MOVE A296 20
MOVE A297 20
MOVE A298 20
MOVE A299 20
MOVE A300 20
MOVE A301 20
MOVE A302 20
MOVE A303 20
MOVE A414 71
MOVE B252 186
DAMAGE TURRET A166 2
DAMAGE COMBAT A166 3
DAMAGE COMBAT A167 8
DAMAGE COMBAT A168 1
DAMAGE COMBAT B269 3
DAMAGE COMBAT B270 6
DAMAGE COMBAT B271 6
DAMAGE COMBAT B272 6
DAMAGE COMBAT B273 6
DAMAGE COMBAT B274 3
END TURN 371
TURN 372
COMMAND LEFT START
COMMAND LEFT END
COMMAND RIGHT START
TRAIN 1
COMMAND RIGHT END
TURN 372 RESULT
TIME LEFT 2 5 RIGHT 0 5
TRAIN B281
MOVE A3 160
MOVE A8 160
MOVE A9 60
MOVE A10 160
MOVE A13 160
MOVE A24 160
MOVE A25 60
MOVE A27 126
MOVE A33 126
MOVE A108 160
MOVE A150 160
MOVE A153 160
MOVE A155 160
MOVE A156 160
MOVE A162 160
MOVE A174 160
MOVE A237 160
MOVE A238 100
MOVE A239 100
MOVE A248 100
MOVE A249 160
MOVE A259 160
MOVE A260 160
MOVE A263 76
MOVE A264 160
MOVE A265 160
MOVE A266 160
MOVE A268 71
MOVE A269 160
MOVE A270 160
MOVE A271 160
MOVE A272 160
MOVE A273 160
MOVE A274 160
MOVE A278 100
MOVE A281 100
MOVE A284 69
MOVE A285 69
MOVE A286 40
MOVE A287 40
MOVE A288 40
MOVE A289 40
MOVE A290 40
MOVE A291 40
MOVE A292 40
MOVE A293 40
MOVE A294 40
MOVE A295 40
MOVE A296 40
MOVE A297 40
MOVE A298 40
MOVE A299 40
MOVE A300 40
MOVE A301 40
MOVE A302 40
MOVE A303 40
MOVE A414 89
MOVE B252 196
DAMAGE TURRET A168 2
DAMAGE COMBAT A168 5
DAMAGE COMBAT A169 3
DAMAGE COMBAT B274 3
DAMAGE COMBAT B275 6
DAMAGE COMBAT B276 6
DAMAGE COMBAT B277 6
DAMAGE COMBAT B278 6
DAMAGE COMBAT B279 1
END TURN 372
TURN 373
COMMAND LEFT START
COMMAND LEFT END
COMMAND RIGHT START
TRAIN 1
COMMAND RIGHT END
TURN 373 RESULT
TIME LEFT 1 5 RIGHT 0 5
TRAIN B282
MOVE A3 180
MOVE A8 180
MOVE A9 66
MOVE A10 180
MOVE A13 180
MOVE A24 180
MOVE A25 66
MOVE A27 117
MOVE A33 117
MOVE A108 180
MOVE A150 180
MOVE A153 180
MOVE A155 180
MOVE A156 180
MOVE A162 180
MOVE A174 180
MOVE A237 180
MOVE A249 180
MOVE A259 180
MOVE A260 180
MOVE A263 89
MOVE A264 180
MOVE A265 180
MOVE A266 180
MOVE A268 89
MOVE A269 180
MOVE A270 180
MOVE A271 180
MOVE A272 180
MOVE A273 180
MOVE A274 180
MOVE A284 82
MOVE A285 82
MOVE A286 53
MOVE A287 53
MOVE A288 53
MOVE A289 53
MOVE A290 53
MOVE A291 53
MOVE A292 53
MOVE A293 53
MOVE A294 53
MOVE A295 53
MOVE A296 53
MOVE A297 53
MOVE A298 53
MOVE A299 53
MOVE A300 53
MOVE A301 53
MOVE A302 53
MOVE A303 53
MOVE A414 100
MOVE B252 200
DAMAGE TURRET A169 2
DAMAGE COMBAT A169 3
DAMAGE COMBAT A170 2
DAMAGE COMBAT B252 6
DAMAGE COMBAT B279 5
DAMAGE COMBAT B280 6
DAMAGE COMBAT B281 6
DAMAGE COMBAT B282 4
END TURN 373
TURN 374
COMMAND LEFT START
COMMAND LEFT END
COMMAND RIGHT START
COMMAND RIGHT END
TURN 374 RESULT
TIME LEFT 1 5 RIGHT 0 5
MOVE A3 186
MOVE A8 186
MOVE A9 71
MOVE A10 186
MOVE A13 186
MOVE A24 186
MOVE A25 71
MOVE A27 112
MOVE A33 112
MOVE A108 186
MOVE A150 186
MOVE A153 186
MOVE A155 186
MOVE A156 186
MOVE A162 186
MOVE A174 186
MOVE A237 186
MOVE A249 186
MOVE A259 186
MOVE A260 186
MOVE A263 100
MOVE A264 186
MOVE A265 186
MOVE A266 186
MOVE A268 100
MOVE A269 186
MOVE A270 186
MOVE A271 186
MOVE A272 186
MOVE A273 186
MOVE A274 186
MOVE A286 64
MOVE A287 64
MOVE A288 64
MOVE A289 64
MOVE A290 64
MOVE A291 64
MOVE A292 64
MOVE A293 64
MOVE A294 64
MOVE A295 64
MOVE A296 64
MOVE A297 64
MOVE A298 64
MOVE A299 64
MOVE A300 64
MOVE A301 64
MOVE A302 64
MOVE A303 64
MOVE A414 111
DAMAGE TURRET A170 2
DAMAGE COMBAT A170 1
DAMAGE COMBAT B282 2
SIEGE B 200 20
END TURN 374
RESULT LEFT_WIN HQ_DESTROYED
