[LEFT ""]
[RIGHT ""]
MAP
245 15
-11008 -10752 -10635 -10168 -9521 -10429 -9443 -8783 -9405 -8628 -8312 -8309 -8634 -8026 -7924 -7915 -8989 -7860 -7730 -8829 -7304 -7250 -6969 -7021 -7048 -6958 -7603 -6898 -6738 -6717 -7616 -6845 -6515 -7091 -6072 -6605 -5963 -5755 -5918 -5838 -5753 -5710 -5407 -5484 -5812 -6115 -5034 -4843 -4926 -4896 -4931 -4826 -4750 -4606 -4486 -4477 -4561 -4326 -4131 -4134 -3938 -4000 -3772 -3760 -3793 -3740 -3571 -3600 -3457 -3629 -3368 -3391 -3437 -3184 -3030 -3082 -2874 -2836 -2911 -2760 -2560 -2523 -2424 -2470 -2390 -2390 -2345 -2185 -2310 -2767 -2190 -2352 -1981 -1954 -1849 -1717 -1787 -1562 -1452 -1521 -1453 -1394 -1371 -1327 -1299 -1142 -865 -698 -1131 -767 -596 -627 -684 -709 -468 -506 -403 -653 -269 -223 -178 -112 0 112 178 223 269 653 403 506 468 709 684 627 596 767 1131 698 865 1142 1299 1327 1371 1394 1453 1521 1452 1562 1787 1717 1849 1954 1981 2352 2190 2767 2310 2185 2345 2390 2390 2470 2424 2523 2560 2760 2911 2836 2874 3082 3030 3184 3437 3391 3368 3629 3457 3600 3571 3740 3793 3760 3772 4000 3938 4134 4131 4326 4561 4477 4486 4606 4750 4826 4931 4896 4926 4843 5034 6115 5812 5484 5407 5710 5753 5838 5918 5755 5963 6605 6072 7091 6515 6845 7616 6717 6738 6898 7603 6958 7048 7021 6969 7250 7304 8829 7730 7860 8989 7915 7924 8026 8634 8309 8312 8628 9405 8783 9443 10429 9521 10168 10635 10752 11008
1428 -779 -3680 -1998 280 4112 2344 -1306 5362 -3125 382 3117 -4331 1512 -1809 5151 -6350 -782 -2844 6871 -4374 3639 -2216 497 1737 5558 7391 2721 -5328 -792 -7587 4407 -3412 8493 4980 -7939 6309 1969 -1746 3619 264 -4517 -3158 -6034 8939 -9218 5924 -2185 -7035 3646 4693 -599 -5207 -3992 743 -9882 10133 1887 3009 7498 -7892 4927 -4531 -5698 -6721 -3156 3985 5745 6637 -1313 -2219 515 -422 1696 -7457 9012 -5219 4974 -4145 3078 -6639 -8193 4166 -3327 904 -168 -1256 8256 7305 -10309 5868 10651 -5037 1903 -6029 -4031 -2633 492 6691 4818 3698 -7087 -1602 -8232 2563 -480 -5049 5443 -11059 -3832 -6022 -2416 843 8272 -8766 6533 2343 10934 3372 4408 -7237 -1340 0 1340 7237 -4408 -3372 -10934 -2343 -6533 8766 -8272 -843 2416 6022 3832 11059 -5443 5049 480 -2563 8232 1602 7087 -3698 -4818 -6691 -492 2633 4031 6029 -1903 5037 -10651 -5868 10309 -7305 -8256 1256 168 -904 3327 -4166 8193 6639 -3078 4145 -4974 5219 -9012 7457 -1696 422 -515 2219 1313 -6637 -5745 -3985 3156 6721 5698 4531 -4927 7892 -7498 -3009 -1887 -10133 9882 -743 3992 5207 599 -4693 -3646 7035 2185 -5924 9218 -8939 6034 3158 4517 -264 -3619 1746 -1969 -6309 7939 -4980 -8493 3412 -4407 7587 792 5328 -2721 -7391 -5558 -1737 -497 2216 -3639 4374 -6871 2844 782 6350 -5151 1809 -1512 4331 -3117 -382 3125 -5362 1306 -2344 -4112 -280 1998 3680 779 -1428
STRONGHOLDS 14 24 41 68 81 87 117 122 127 157 163 176 203 220 230
4 1 4 5 6
5 0 2 3 4 7
5 1 3 9 12 16
4 1 2 7 9
6 0 1 6 7 10 13
4 0 6 8 11
5 0 4 5 11 13
7 1 3 4 9 10 14 17
4 5 11 15 19
7 2 3 7 12 14 18 20
5 4 7 13 17 23
7 5 6 8 13 15 21 27
5 2 9 16 20 28
7 4 6 10 11 23 24 27
6 7 9 17 18 22 29
7 8 11 19 21 25 26 31
4 2 12 28 30
5 7 10 14 23 29
5 9 14 20 22 32
4 8 15 26 33
6 9 12 18 28 32 41
5 11 15 27 31 39
5 14 18 29 32 38
7 10 13 17 24 29 37 40
4 13 23 27 37
5 15 26 31 34 36
5 15 19 25 33 36
6 11 13 21 24 37 39
7 12 16 20 30 35 41 43
7 14 17 22 23 38 40 51
4 16 28 35 45
5 15 21 25 34 39
6 18 20 22 38 41 42
4 19 26 36 44
6 25 31 36 39 46 50
5 28 30 43 45 48
7 25 26 33 34 44 46 59
9 23 24 27 39 40 49 54 57 58
6 22 29 32 42 47 51
7 21 27 31 34 37 49 50
5 23 29 37 51 54
7 20 28 32 42 43 52 53
6 32 38 41 47 53 65
6 28 35 41 48 52 63
4 33 36 56 59
5 30 35 48 55 60
7 34 36 50 59 61 67 68
6 38 42 51 65 69 70
6 35 43 45 60 63 64
5 37 39 50 58 66
6 34 39 46 49 61 66
7 29 38 40 47 54 69 72
5 41 43 53 62 63
5 41 42 52 62 65
7 37 40 51 57 71 72 73
4 45 60 81 89
4 44 59 75 91
4 37 54 58 73
6 37 49 57 66 73 79
8 36 44 46 56 68 75 87 88
6 45 48 55 64 74 81
5 46 50 66 67 77
6 52 53 63 65 76 78
7 43 48 52 62 64 76 80
5 48 60 63 74 80
7 42 47 53 62 70 78 83
7 49 50 58 61 77 79 82
5 46 61 68 77 90
5 46 59 67 88 90
5 47 51 70 72 86
6 47 65 69 83 86 96
5 54 72 73 84 85
6 51 54 69 71 85 86
7 54 57 58 71 79 84 93
5 60 64 80 81 101
4 56 59 87 91
6 62 63 78 80 92 94
6 61 66 67 82 90 99
6 62 65 76 83 92 95
7 58 66 73 82 93 100 104
6 63 64 74 76 94 101
6 55 60 74 89 101 103
5 66 77 79 99 100
5 65 70 78 95 96
5 71 73 85 93 97
6 71 72 84 86 97 105
7 69 70 72 85 96 102 105
5 59 75 88 91 113
6 59 68 87 90 98 113
5 55 81 103 108 114
7 67 68 77 88 98 99 107
5 56 75 87 113 117
5 76 78 94 95 106
6 73 79 84 97 104 112
6 76 80 92 101 106 110
6 78 83 92 96 106 109
7 70 83 86 95 102 109 111
5 84 85 93 105 112
5 88 90 107 113 115
6 77 82 90 100 107 119
6 79 82 99 104 118 119
7 74 80 81 94 103 110 120
5 86 96 105 111 121
5 81 89 101 114 120
6 79 93 100 112 116 118
7 85 86 97 102 112 121 122
7 92 94 95 109 110 125 137
7 90 98 99 115 119 134 138
3 89 114 127
6 95 96 106 111 125 126
6 94 101 106 120 129 137
6 96 102 109 121 126 128
7 93 97 104 105 116 122 123
8 87 88 91 98 115 117 124 130
6 89 103 108 120 127 131
5 98 107 113 124 134
5 104 112 118 123 133
4 91 113 130 136
6 100 104 116 119 133 135
6 99 100 107 118 135 138
6 101 103 110 114 129 131
6 102 105 111 122 128 132
6 105 112 121 123 132 139
6 112 116 122 133 139 142
6 113 115 130 134 141 143
6 106 109 126 137 144 145
6 109 111 125 128 140 144
4 108 114 131 153
5 111 121 126 132 140
5 110 120 131 137 146
6 113 117 124 136 141 155
8 114 120 127 129 146 153 156 157
7 121 122 128 139 140 147 151
6 116 118 123 135 142 148
6 107 115 124 138 143 150
6 118 119 133 138 148 149
3 117 130 155
7 106 110 125 129 145 146 154
7 107 119 134 135 149 150 152
7 122 123 132 142 147 158 159
6 126 128 132 144 151 165
5 124 130 143 155 163
5 123 133 139 148 158
7 124 134 141 150 163 164 170
6 125 126 140 145 162 165
6 125 137 144 154 162 167
5 129 131 137 154 156
5 132 139 151 159 160
7 133 135 142 149 158 161 174
6 135 138 148 152 161 166
6 134 138 143 152 164 168
6 132 140 147 160 165 171
5 138 149 150 166 168
5 127 131 157 169 188
7 137 145 146 156 167 176 177
5 130 136 141 163 189
6 131 146 154 157 176 185
5 131 153 156 169 185
7 139 142 148 159 172 174 175
6 139 147 158 160 172 173
5 147 151 159 171 173
5 148 149 166 174 179
5 144 145 165 167 178
6 141 143 155 170 184 189
6 143 150 168 170 180 181
7 140 144 151 162 171 178 186
6 149 152 161 168 179 182
6 145 154 162 177 178 183
6 150 152 164 166 181 182
4 153 157 185 188
5 143 163 164 180 184
7 151 160 165 173 186 187 190
6 158 159 173 175 190 193
5 159 160 171 172 190
6 148 158 161 175 179 197
5 158 172 174 193 197
5 154 156 177 185 198
5 154 167 176 183 198
7 162 165 167 183 186 194 195
7 161 166 174 182 191 197 202
5 164 170 181 184 196
7 164 168 180 182 192 196 201
6 166 168 179 181 191 192
5 167 177 178 194 198
6 163 170 180 189 196 199
8 156 157 169 176 188 198 200 208
6 165 171 178 187 195 207
4 171 186 190 207
4 153 169 185 200
4 155 163 184 199
7 171 172 173 187 193 204 207
5 179 182 192 202 203
5 181 182 191 201 203
7 172 175 190 197 204 206 215
6 178 183 195 198 205 210
5 178 186 194 205 207
6 180 181 184 199 201 209
6 174 175 179 193 202 206
7 176 177 183 185 194 208 210
5 184 189 196 209 214
4 185 188 208 211
6 181 192 196 203 209 216
6 179 191 197 203 206 212
7 191 192 201 202 212 216 224
5 190 193 207 215 221
7 194 195 207 210 213 217 223
6 193 197 202 212 215 222
9 186 187 190 195 204 205 217 220 221
7 185 198 200 210 211 218 219
5 196 199 201 214 216
6 194 198 205 208 213 219
4 200 208 218 225
6 202 203 206 222 224 226
5 205 210 219 223 229
4 199 209 216 228
7 193 204 206 221 222 227 230
7 201 203 209 214 224 228 232
6 205 207 220 223 231 233
5 208 211 219 225 229
5 208 210 213 218 229
4 207 217 221 231
7 204 207 215 220 227 231 234
5 206 212 215 226 230
5 205 213 217 229 233
6 203 212 216 226 232 235
4 211 218 229 236
5 212 222 224 230 235
5 215 221 230 234 237
4 214 216 232 242
7 213 218 219 223 225 233 236
6 215 222 226 227 235 237
7 217 220 221 233 234 238 240
5 216 224 228 235 242
7 217 223 229 231 236 238 239
5 221 227 231 237 240
7 224 226 230 232 237 241 242
4 225 229 233 239
7 227 230 234 235 240 241 243
5 231 233 239 240 244
4 233 236 238 244
6 231 234 237 238 243 244
4 235 237 242 243
5 228 232 235 241 243
5 237 240 241 242 244
4 238 239 240 243
END MAP
TURN 1
COMMAND LEFT START
MOVE A1 24
MOVE A2 122
COMMAND LEFT END
COMMAND RIGHT START
MOVE B2 220
MOVE B3 230
COMMAND RIGHT END
TURN 1 RESULT
TIME LEFT 10 5 RIGHT 0 5
MOVE A1 6
MOVE A2 4
MOVE B2 238
MOVE B3 240
END TURN 1
TURN 2
COMMAND LEFT START
COMMAND LEFT END
COMMAND RIGHT START
COMMAND RIGHT END
TURN 2 RESULT
TIME LEFT 0 5 RIGHT 0 5
MOVE A1 13
MOVE A2 10
MOVE B2 231
MOVE B3 237
END TURN 2
TURN 3
COMMAND LEFT START
COMMAND LEFT END
COMMAND RIGHT START
COMMAND RIGHT END
TURN 3 RESULT
TIME LEFT 0 5 RIGHT 0 5
MOVE A1 24
MOVE A2 23
MOVE B2 220
MOVE B3 230
END TURN 3
TURN 4
COMMAND LEFT START
UPGRADE 24
COMMAND LEFT END
COMMAND RIGHT START
UPGRADE 220
COMMAND RIGHT END
TURN 4 RESULT
TIME LEFT 0 5 RIGHT 0 5
UPGRADE A 24
UPGRADE B 220
MOVE A2 40
END TURN 4
TURN 5
COMMAND LEFT START
COMMAND LEFT END
COMMAND RIGHT START
COMMAND RIGHT END
TURN 5 RESULT
TIME LEFT 0 5 RIGHT 0 5
MOVE A2 54
END TURN 5
TURN 6
COMMAND LEFT START
COMMAND LEFT END
COMMAND RIGHT START
COMMAND RIGHT END
TURN 6 RESULT
TIME LEFT 0 5 RIGHT 0 5
MOVE A2 71
END TURN 6
TURN 7
COMMAND LEFT START
COMMAND LEFT END
COMMAND RIGHT START
COMMAND RIGHT END
TURN 7 RESULT
TIME LEFT 0 5 RIGHT 0 5
MOVE A2 85
END TURN 7
TURN 8
COMMAND LEFT START
COMMAND LEFT END
COMMAND RIGHT START
COMMAND RIGHT END
TURN 8 RESULT
TIME LEFT 0 5 RIGHT 0 5
MOVE A2 105
END TURN 8
TURN 9
COMMAND LEFT START
COMMAND LEFT END
COMMAND RIGHT START
COMMAND RIGHT END
TURN 9 RESULT
TIME LEFT 0 5 RIGHT 0 5
MOVE A2 122
END TURN 9
TURN 10
COMMAND LEFT START
COMMAND LEFT END
COMMAND RIGHT START
COMMAND RIGHT END
TURN 10 RESULT
TIME LEFT 0 5 RIGHT 0 5
END TURN 10
TURN 11
COMMAND LEFT START
COMMAND LEFT END
COMMAND RIGHT START
COMMAND RIGHT END
TURN 11 RESULT
TIME LEFT 0 5 RIGHT 0 5
END TURN 11
TURN 12
COMMAND LEFT START
COMMAND LEFT END
COMMAND RIGHT START
COMMAND RIGHT END
TURN 12 RESULT
TIME LEFT 0 5 RIGHT 0 5
END TURN 12
TURN 13
COMMAND LEFT START
COMMAND LEFT END
COMMAND RIGHT START
COMMAND RIGHT END
TURN 13 RESULT
TIME LEFT 0 5 RIGHT 0 5
END TURN 13
TURN 14
COMMAND LEFT START
COMMAND LEFT END
COMMAND RIGHT START
COMMAND RIGHT END
TURN 14 RESULT
TIME LEFT 0 5 RIGHT 0 5
END TURN 14
TURN 15
COMMAND LEFT START
UPGRADE 122
COMMAND LEFT END
COMMAND RIGHT START
UPGRADE 230
COMMAND RIGHT END
TURN 15 RESULT
TIME LEFT 0 5 RIGHT 0 5
UPGRADE A 122
UPGRADE B 230
END TURN 15
TURN 16
COMMAND LEFT START
COMMAND LEFT END
COMMAND RIGHT START
COMMAND RIGHT END
TURN 16 RESULT
TIME LEFT 0 5 RIGHT 0 5
END TURN 16
TURN 17
COMMAND LEFT START
COMMAND LEFT END
COMMAND RIGHT START
COMMAND RIGHT END
TURN 17 RESULT
TIME LEFT 0 5 RIGHT 0 5
END TURN 17
TURN 18
COMMAND LEFT START
TRAIN 1
COMMAND LEFT END
COMMAND RIGHT START
COMMAND RIGHT END
TURN 18 RESULT
TIME LEFT 0 5 RIGHT 0 5
TRAIN A4
END TURN 18
TURN 19
COMMAND LEFT START
COMMAND LEFT END
COMMAND RIGHT START
COMMAND RIGHT END
TURN 19 RESULT
TIME LEFT 0 5 RIGHT 0 5
END TURN 19
TURN 20
COMMAND LEFT START
COMMAND LEFT END
COMMAND RIGHT START
COMMAND RIGHT END
TURN 20 RESULT
TIME LEFT 0 5 RIGHT 0 5
END TURN 20
TURN 21
COMMAND LEFT START
COMMAND LEFT END
COMMAND RIGHT START
COMMAND RIGHT END
TURN 21 RESULT
TIME LEFT 0 5 RIGHT 0 5
END TURN 21
TURN 22
COMMAND LEFT START
COMMAND LEFT END
COMMAND RIGHT START
COMMAND RIGHT END
TURN 22 RESULT
TIME LEFT 0 5 RIGHT 0 5
END TURN 22
TURN 23
COMMAND LEFT START
COMMAND LEFT END
COMMAND RIGHT START
COMMAND RIGHT END
TURN 23 RESULT
TIME LEFT 0 5 RIGHT 0 5
END TURN 23
TURN 24
COMMAND LEFT START
COMMAND LEFT END
COMMAND RIGHT START
COMMAND RIGHT END
TURN 24 RESULT
TIME LEFT 0 5 RIGHT 0 5
END TURN 24
TURN 25
COMMAND LEFT START
COMMAND LEFT END
COMMAND RIGHT START
COMMAND RIGHT END
TURN 25 RESULT
TIME LEFT 0 5 RIGHT 0 5
END TURN 25
TURN 26
COMMAND LEFT START
COMMAND LEFT END
COMMAND RIGHT START
COMMAND RIGHT END
TURN 26 RESULT
TIME LEFT 0 5 RIGHT 0 5
END TURN 26
TURN 27
COMMAND LEFT START
COMMAND LEFT END
COMMAND RIGHT START
COMMAND RIGHT END
TURN 27 RESULT
TIME LEFT 0 5 RIGHT 0 5
END TURN 27
TURN 28
COMMAND LEFT START
COMMAND LEFT END
COMMAND RIGHT START
COMMAND RIGHT END
TURN 28 RESULT
TIME LEFT 0 5 RIGHT 0 5
END TURN 28
TURN 29
COMMAND LEFT START
MOVE A3 14
COMMAND LEFT END
COMMAND RIGHT START
COMMAND RIGHT END
TURN 29 RESULT
TIME LEFT 0 5 RIGHT 0 5
MOVE A3 4
END TURN 29
TURN 30
COMMAND LEFT START
COMMAND LEFT END
COMMAND RIGHT START
COMMAND RIGHT END
TURN 30 RESULT
TIME LEFT 0 5 RIGHT 0 5
MOVE A3 7
END TURN 30
TURN 31
COMMAND LEFT START
COMMAND LEFT END
COMMAND RIGHT START
UPGRADE 244
COMMAND RIGHT END
TURN 31 RESULT
TIME LEFT 0 5 RIGHT 0 5
UPGRADE B 244
MOVE A3 14
END TURN 31
TURN 32
COMMAND LEFT START
UPGRADE 14
COMMAND LEFT END
COMMAND RIGHT START
COMMAND RIGHT END
TURN 32 RESULT
TIME LEFT 0 5 RIGHT 0 5
UPGRADE A 14
END TURN 32
TURN 33
COMMAND LEFT START
COMMAND LEFT END
COMMAND RIGHT START
COMMAND RIGHT END
TURN 33 RESULT
TIME LEFT 0 5 RIGHT 0 5
END TURN 33
TURN 34
COMMAND LEFT START
TRAIN 1
COMMAND LEFT END
COMMAND RIGHT START
TRAIN 1
COMMAND RIGHT END
TURN 34 RESULT
TIME LEFT 0 5 RIGHT 0 5
TRAIN A5 B4
END TURN 34
TURN 35
COMMAND LEFT START
COMMAND LEFT END
COMMAND RIGHT START
COMMAND RIGHT END
TURN 35 RESULT
TIME LEFT 0 5 RIGHT 0 5
END TURN 35
TURN 36
COMMAND LEFT START
COMMAND LEFT END
COMMAND RIGHT START
COMMAND RIGHT END
TURN 36 RESULT
TIME LEFT 0 5 RIGHT 0 5
END TURN 36
TURN 37
COMMAND LEFT START
COMMAND LEFT END
COMMAND RIGHT START
COMMAND RIGHT END
TURN 37 RESULT
TIME LEFT 0 5 RIGHT 0 5
END TURN 37
TURN 38
COMMAND LEFT START
MOVE A5 41
COMMAND LEFT END
COMMAND RIGHT START
COMMAND RIGHT END
TURN 38 RESULT
TIME LEFT 0 5 RIGHT 0 5
MOVE A5 4
END TURN 38
TURN 39
COMMAND LEFT START
COMMAND LEFT END
COMMAND RIGHT START
COMMAND RIGHT END
TURN 39 RESULT
TIME LEFT 0 5 RIGHT 0 5
MOVE A5 7
END TURN 39
TURN 40
COMMAND LEFT START
COMMAND LEFT END
COMMAND RIGHT START
COMMAND RIGHT END
TURN 40 RESULT
TIME LEFT 0 5 RIGHT 0 5
MOVE A5 14
END TURN 40
TURN 41
COMMAND LEFT START
COMMAND LEFT END
COMMAND RIGHT START
COMMAND RIGHT END
TURN 41 RESULT
TIME LEFT 0 5 RIGHT 0 5
MOVE A5 22
END TURN 41
TURN 42
COMMAND LEFT START
COMMAND LEFT END
COMMAND RIGHT START
COMMAND RIGHT END
TURN 42 RESULT
TIME LEFT 0 5 RIGHT 0 5
MOVE A5 32
END TURN 42
TURN 43
COMMAND LEFT START
COMMAND LEFT END
COMMAND RIGHT START
COMMAND RIGHT END
TURN 43 RESULT
TIME LEFT 0 5 RIGHT 0 5
MOVE A5 41
END TURN 43
TURN 44
COMMAND LEFT START
UPGRADE 41
COMMAND LEFT END
COMMAND RIGHT START
COMMAND RIGHT END
TURN 44 RESULT
TIME LEFT 0 5 RIGHT 0 5
UPGRADE A 41
END TURN 44
TURN 45
COMMAND LEFT START
COMMAND LEFT END
COMMAND RIGHT START
COMMAND RIGHT END
TURN 45 RESULT
TIME LEFT 0 5 RIGHT 0 5
END TURN 45
TURN 46
COMMAND LEFT START
TRAIN 1
COMMAND LEFT END
COMMAND RIGHT START
TRAIN 1
COMMAND RIGHT END
TURN 46 RESULT
TIME LEFT 0 5 RIGHT 0 5
TRAIN A6 B5
END TURN 46
TURN 47
COMMAND LEFT START
COMMAND LEFT END
COMMAND RIGHT START
MOVE B5 211
COMMAND RIGHT END
TURN 47 RESULT
TIME LEFT 0 5 RIGHT 0 5
MOVE B5 239
END TURN 47
TURN 48
COMMAND LEFT START
COMMAND LEFT END
COMMAND RIGHT START
TRAIN 1
COMMAND RIGHT END
TURN 48 RESULT
TIME LEFT 0 5 RIGHT 0 5
TRAIN B6
MOVE B5 236
END TURN 48
TURN 49
COMMAND LEFT START
COMMAND LEFT END
COMMAND RIGHT START
COMMAND RIGHT END
TURN 49 RESULT
TIME LEFT 0 5 RIGHT 0 5
MOVE B5 225
END TURN 49
TURN 50
COMMAND LEFT START
COMMAND LEFT END
COMMAND RIGHT START
COMMAND RIGHT END
TURN 50 RESULT
TIME LEFT 0 5 RIGHT 0 5
MOVE B5 211
END TURN 50
TURN 51
COMMAND LEFT START
COMMAND LEFT END
COMMAND RIGHT START
TRAIN 1
COMMAND RIGHT END
TURN 51 RESULT
TIME LEFT 0 5 RIGHT 0 5
TRAIN B7
END TURN 51
TURN 52
COMMAND LEFT START
COMMAND LEFT END
COMMAND RIGHT START
MOVE B7 203
COMMAND RIGHT END
TURN 52 RESULT
TIME LEFT 0 5 RIGHT 0 5
MOVE B7 240
END TURN 52
TURN 53
COMMAND LEFT START
COMMAND LEFT END
COMMAND RIGHT START
COMMAND RIGHT END
TURN 53 RESULT
TIME LEFT 0 5 RIGHT 0 5
MOVE B7 237
END TURN 53
TURN 54
COMMAND LEFT START
COMMAND LEFT END
COMMAND RIGHT START
TRAIN 1
COMMAND RIGHT END
TURN 54 RESULT
TIME LEFT 0 5 RIGHT 0 5
TRAIN B8
MOVE B7 230
END TURN 54
TURN 55
COMMAND LEFT START
COMMAND LEFT END
COMMAND RIGHT START
MOVE B8 176
COMMAND RIGHT END
TURN 55 RESULT
TIME LEFT 0 5 RIGHT 0 5
MOVE B7 222
MOVE B8 238
END TURN 55
TURN 56
COMMAND LEFT START
UPGRADE 0
COMMAND LEFT END
COMMAND RIGHT START
COMMAND RIGHT END
TURN 56 RESULT
TIME LEFT 0 5 RIGHT 0 5
UPGRADE A 0
MOVE B7 212
MOVE B8 233
END TURN 56
TURN 57
COMMAND LEFT START
COMMAND LEFT END
COMMAND RIGHT START
TRAIN 1
COMMAND RIGHT END
TURN 57 RESULT
TIME LEFT 0 5 RIGHT 0 5
TRAIN B9
MOVE B7 203
MOVE B8 223
END TURN 57
TURN 58
COMMAND LEFT START
COMMAND LEFT END
COMMAND RIGHT START
MOVE B9 157
UPGRADE 203
COMMAND RIGHT END
TURN 58 RESULT
TIME LEFT 0 5 RIGHT 0 5
UPGRADE B 203
MOVE B8 213
MOVE B9 238
END TURN 58
TURN 59
COMMAND LEFT START
COMMAND LEFT END
COMMAND RIGHT START
COMMAND RIGHT END
TURN 59 RESULT
TIME LEFT 0 5 RIGHT 0 5
MOVE B8 210
MOVE B9 233
END TURN 59
TURN 60
COMMAND LEFT START
COMMAND LEFT END
COMMAND RIGHT START
COMMAND RIGHT END
TURN 60 RESULT
TIME LEFT 0 5 RIGHT 0 5
MOVE B8 198
MOVE B9 223
END TURN 60
TURN 61
COMMAND LEFT START
COMMAND LEFT END
COMMAND RIGHT START
COMMAND RIGHT END
TURN 61 RESULT
TIME LEFT 0 5 RIGHT 0 5
MOVE B8 176
MOVE B9 213
END TURN 61
TURN 62
COMMAND LEFT START
COMMAND LEFT END
COMMAND RIGHT START
COMMAND RIGHT END
TURN 62 RESULT
TIME LEFT 0 5 RIGHT 0 5
MOVE B9 210
END TURN 62
TURN 63
COMMAND LEFT START
COMMAND LEFT END
COMMAND RIGHT START
COMMAND RIGHT END
TURN 63 RESULT
TIME LEFT 0 5 RIGHT 0 5
MOVE B9 198
END TURN 63
TURN 64
COMMAND LEFT START
COMMAND LEFT END
COMMAND RIGHT START
COMMAND RIGHT END
TURN 64 RESULT
TIME LEFT 0 5 RIGHT 0 5
MOVE B9 185
END TURN 64
TURN 65
COMMAND LEFT START
COMMAND LEFT END
COMMAND RIGHT START
COMMAND RIGHT END
TURN 65 RESULT
TIME LEFT 0 5 RIGHT 0 5
MOVE B9 157
END TURN 65
TURN 66
COMMAND LEFT START
COMMAND LEFT END
COMMAND RIGHT START
UPGRADE 176
COMMAND RIGHT END
TURN 66 RESULT
TIME LEFT 0 5 RIGHT 0 5
UPGRADE B 176
END TURN 66
TURN 67
COMMAND LEFT START
COMMAND LEFT END
COMMAND RIGHT START
COMMAND RIGHT END
TURN 67 RESULT
TIME LEFT 0 5 RIGHT 0 5
END TURN 67
TURN 68
COMMAND LEFT START
COMMAND LEFT END
COMMAND RIGHT START
COMMAND RIGHT END
TURN 68 RESULT
TIME LEFT 0 5 RIGHT 0 5
END TURN 68
TURN 69
COMMAND LEFT START
UPGRADE 0
COMMAND LEFT END
COMMAND RIGHT START
COMMAND RIGHT END
TURN 69 RESULT
TIME LEFT 0 5 RIGHT 0 5
UPGRADE A 0
END TURN 69
TURN 70
COMMAND LEFT START
TRAIN 1
COMMAND LEFT END
COMMAND RIGHT START
COMMAND RIGHT END
TURN 70 RESULT
TIME LEFT 0 5 RIGHT 0 5
TRAIN A7
END TURN 70
TURN 71
COMMAND LEFT START
COMMAND LEFT END
COMMAND RIGHT START
COMMAND RIGHT END
TURN 71 RESULT
TIME LEFT 0 5 RIGHT 0 5
END TURN 71
TURN 72
COMMAND LEFT START
COMMAND LEFT END
COMMAND RIGHT START
COMMAND RIGHT END
TURN 72 RESULT
TIME LEFT 0 5 RIGHT 0 5
END TURN 72
TURN 73
COMMAND LEFT START
COMMAND LEFT END
COMMAND RIGHT START
COMMAND RIGHT END
TURN 73 RESULT
TIME LEFT 0 5 RIGHT 0 5
END TURN 73
TURN 74
COMMAND LEFT START
COMMAND LEFT END
COMMAND RIGHT START
COMMAND RIGHT END
TURN 74 RESULT
TIME LEFT 0 5 RIGHT 0 5
END TURN 74
TURN 75
COMMAND LEFT START
COMMAND LEFT END
COMMAND RIGHT START
COMMAND RIGHT END
TURN 75 RESULT
TIME LEFT 0 5 RIGHT 0 5
END TURN 75
TURN 76
COMMAND LEFT START
COMMAND LEFT END
COMMAND RIGHT START
COMMAND RIGHT END
TURN 76 RESULT
TIME LEFT 0 5 RIGHT 0 5
END TURN 76
TURN 77
COMMAND LEFT START
COMMAND LEFT END
COMMAND RIGHT START
COMMAND RIGHT END
TURN 77 RESULT
TIME LEFT 0 5 RIGHT 0 5
END TURN 77
TURN 78
COMMAND LEFT START
COMMAND LEFT END
COMMAND RIGHT START
COMMAND RIGHT END
TURN 78 RESULT
TIME LEFT 0 5 RIGHT 0 5
END TURN 78
TURN 79
COMMAND LEFT START
COMMAND LEFT END
COMMAND RIGHT START
COMMAND RIGHT END
TURN 79 RESULT
TIME LEFT 0 5 RIGHT 0 5
END TURN 79
TURN 80
COMMAND LEFT START
COMMAND LEFT END
COMMAND RIGHT START
UPGRADE 244
COMMAND RIGHT END
TURN 80 RESULT
TIME LEFT 0 5 RIGHT 0 5
UPGRADE B 244
END TURN 80
TURN 81
COMMAND LEFT START
COMMAND LEFT END
COMMAND RIGHT START
COMMAND RIGHT END
TURN 81 RESULT
TIME LEFT 0 5 RIGHT 0 5
END TURN 81
TURN 82
COMMAND LEFT START
COMMAND LEFT END
COMMAND RIGHT START
COMMAND RIGHT END
TURN 82 RESULT
TIME LEFT 0 5 RIGHT 0 5
END TURN 82
TURN 83
COMMAND LEFT START
COMMAND LEFT END
COMMAND RIGHT START
COMMAND RIGHT END
TURN 83 RESULT
TIME LEFT 0 5 RIGHT 0 5
END TURN 83
TURN 84
COMMAND LEFT START
COMMAND LEFT END
COMMAND RIGHT START
COMMAND RIGHT END
TURN 84 RESULT
TIME LEFT 0 5 RIGHT 0 5
END TURN 84
TURN 85
COMMAND LEFT START
COMMAND LEFT END
COMMAND RIGHT START
COMMAND RIGHT END
TURN 85 RESULT
TIME LEFT 0 5 RIGHT 0 5
END TURN 85
TURN 86
COMMAND LEFT START
COMMAND LEFT END
COMMAND RIGHT START
UPGRADE 157
COMMAND RIGHT END
TURN 86 RESULT
TIME LEFT 0 5 RIGHT 0 5
UPGRADE B 157
END TURN 86
TURN 87
COMMAND LEFT START
COMMAND LEFT END
COMMAND RIGHT START
COMMAND RIGHT END
TURN 87 RESULT
TIME LEFT 0 5 RIGHT 0 5
END TURN 87
TURN 88
COMMAND LEFT START
COMMAND LEFT END
COMMAND RIGHT START
COMMAND RIGHT END
TURN 88 RESULT
TIME LEFT 0 5 RIGHT 0 5
END TURN 88
TURN 89
COMMAND LEFT START
COMMAND LEFT END
COMMAND RIGHT START
COMMAND RIGHT END
TURN 89 RESULT
TIME LEFT 0 5 RIGHT 0 5
END TURN 89
TURN 90
COMMAND LEFT START
COMMAND LEFT END
COMMAND RIGHT START
COMMAND RIGHT END
TURN 90 RESULT
TIME LEFT 0 5 RIGHT 0 5
END TURN 90
TURN 91
COMMAND LEFT START
COMMAND LEFT END
COMMAND RIGHT START
COMMAND RIGHT END
TURN 91 RESULT
TIME LEFT 0 5 RIGHT 0 5
END TURN 91
TURN 92
COMMAND LEFT START
UPGRADE 0
COMMAND LEFT END
COMMAND RIGHT START
TRAIN 1
COMMAND RIGHT END
TURN 92 RESULT
TIME LEFT 0 5 RIGHT 0 5
UPGRADE A 0
TRAIN B10
END TURN 92
TURN 93
COMMAND LEFT START
COMMAND LEFT END
COMMAND RIGHT START
TRAIN 1
COMMAND RIGHT END
TURN 93 RESULT
TIME LEFT 0 5 RIGHT 0 5
TRAIN B11
END TURN 93
TURN 94
COMMAND LEFT START
TRAIN 1
COMMAND LEFT END
COMMAND RIGHT START
MOVE B11 163
TRAIN 1
COMMAND RIGHT END
TURN 94 RESULT
TIME LEFT 0 5 RIGHT 0 5
TRAIN A8 B12
MOVE B11 240
END TURN 94
TURN 95
COMMAND LEFT START
COMMAND LEFT END
COMMAND RIGHT START
MOVE B12 127
COMMAND RIGHT END
TURN 95 RESULT
TIME LEFT 0 5 RIGHT 0 5
MOVE B11 237
MOVE B12 238
END TURN 95
TURN 96
COMMAND LEFT START
COMMAND LEFT END
COMMAND RIGHT START
TRAIN 1
COMMAND RIGHT END
TURN 96 RESULT
TIME LEFT 0 5 RIGHT 0 5
TRAIN B13
MOVE B11 230
MOVE B12 233
END TURN 96
TURN 97
COMMAND LEFT START
COMMAND LEFT END
COMMAND RIGHT START
MOVE B13 189
TRAIN 1
COMMAND RIGHT END
TURN 97 RESULT
TIME LEFT 0 5 RIGHT 0 5
TRAIN B14
MOVE B11 222
MOVE B12 223
MOVE B13 243
END TURN 97
TURN 98
COMMAND LEFT START
COMMAND LEFT END
COMMAND RIGHT START
MOVE B14 189
COMMAND RIGHT END
TURN 98 RESULT
TIME LEFT 0 5 RIGHT 0 5
MOVE B11 212
MOVE B12 213
MOVE B13 242
MOVE B14 243
END TURN 98
TURN 99
COMMAND LEFT START
COMMAND LEFT END
COMMAND RIGHT START
TRAIN 1
COMMAND RIGHT END
TURN 99 RESULT
TIME LEFT 0 5 RIGHT 0 5
TRAIN B15
MOVE B11 203
MOVE B12 210
MOVE B13 228
MOVE B14 242
END TURN 99
TURN 100
COMMAND LEFT START
COMMAND LEFT END
COMMAND RIGHT START
MOVE B15 189
TRAIN 1
COMMAND RIGHT END
TURN 100 RESULT
TIME LEFT 0 5 RIGHT 0 5
TRAIN B16
MOVE B11 192
MOVE B12 198
MOVE B13 214
MOVE B14 228
MOVE B15 243
END TURN 100
TURN 101
COMMAND LEFT START
COMMAND LEFT END
COMMAND RIGHT START
MOVE B16 189
TRAIN 1
COMMAND RIGHT END
TURN 101 RESULT
TIME LEFT 0 5 RIGHT 0 5
TRAIN B17
MOVE B11 181
MOVE B12 185
MOVE B13 199
MOVE B14 214
MOVE B15 242
MOVE B16 243
END TURN 101
TURN 102
COMMAND LEFT START
COMMAND LEFT END
COMMAND RIGHT START
COMMAND RIGHT END
TURN 102 RESULT
TIME LEFT 0 5 RIGHT 0 5
MOVE B11 180
MOVE B12 169
MOVE B13 189
MOVE B14 199
MOVE B15 228
MOVE B16 242
END TURN 102
TURN 103
COMMAND LEFT START
COMMAND LEFT END
COMMAND RIGHT START
MOVE B13 117
TRAIN 1
COMMAND RIGHT END
TURN 103 RESULT
TIME LEFT 0 5 RIGHT 0 5
TRAIN B18
MOVE B11 170
MOVE B12 153
MOVE B13 155
MOVE B14 189
MOVE B15 214
MOVE B16 228
END TURN 103
TURN 104
COMMAND LEFT START
COMMAND LEFT END
COMMAND RIGHT START
MOVE B14 87
MOVE B18 214
TRAIN 1
COMMAND RIGHT END
TURN 104 RESULT
TIME LEFT 0 5 RIGHT 0 5
TRAIN B19
MOVE B11 163
MOVE B12 127
MOVE B13 136
MOVE B14 155
MOVE B15 199
MOVE B16 214
MOVE B18 243
END TURN 104
TURN 105
COMMAND LEFT START
COMMAND LEFT END
COMMAND RIGHT START
MOVE B19 185
UPGRADE 163
COMMAND RIGHT END
TURN 105 RESULT
TIME LEFT 0 5 RIGHT 0 5
UPGRADE B 163
MOVE B13 117
MOVE B14 130
MOVE B15 189
MOVE B16 199
MOVE B18 242
MOVE B19 238
END TURN 105
TURN 106
COMMAND LEFT START
COMMAND LEFT END
COMMAND RIGHT START
MOVE B13 68
MOVE B15 68
COMMAND RIGHT END
TURN 106 RESULT
TIME LEFT 0 5 RIGHT 0 5
MOVE B13 113
MOVE B14 113
MOVE B15 155
MOVE B16 189
MOVE B18 228
MOVE B19 233
END TURN 106
TURN 107
COMMAND LEFT START
COMMAND LEFT END
COMMAND RIGHT START
MOVE B16 36
COMMAND RIGHT END
TURN 107 RESULT
TIME LEFT 0 5 RIGHT 0 5
MOVE B13 88
MOVE B14 87
MOVE B15 130
MOVE B16 155
MOVE B18 214
MOVE B19 223
END TURN 107
TURN 108
COMMAND LEFT START
COMMAND LEFT END
COMMAND RIGHT START
MOVE B14 24
COMMAND RIGHT END
TURN 108 RESULT
TIME LEFT 0 5 RIGHT 0 5
MOVE B13 68
MOVE B14 88
MOVE B15 113
MOVE B16 130
MOVE B19 213
END TURN 108
TURN 109
COMMAND LEFT START
COMMAND LEFT END
COMMAND RIGHT START
MOVE B13 24
COMMAND RIGHT END
TURN 109 RESULT
TIME LEFT 0 5 RIGHT 0 5
MOVE B13 67
MOVE B14 68
MOVE B15 88
MOVE B16 113
MOVE B19 210
END TURN 109
TURN 110
COMMAND LEFT START
COMMAND LEFT END
COMMAND RIGHT START
COMMAND RIGHT END
TURN 110 RESULT
TIME LEFT 0 5 RIGHT 0 5
MOVE B13 61
MOVE B14 67
MOVE B15 68
MOVE B16 87
MOVE B19 198
END TURN 110
TURN 111
COMMAND LEFT START
COMMAND LEFT END
COMMAND RIGHT START
MOVE B15 24
UPGRADE 127
COMMAND RIGHT END
TURN 111 RESULT
TIME LEFT 0 5 RIGHT 0 5
UPGRADE B 127
MOVE B13 50
MOVE B14 61
MOVE B15 67
MOVE B16 59
MOVE B19 185
END TURN 111
TURN 112
COMMAND LEFT START
COMMAND LEFT END
COMMAND RIGHT START
MOVE B19 45
COMMAND RIGHT END
TURN 112 RESULT
TIME LEFT 0 5 RIGHT 0 5
MOVE B13 39
MOVE B14 50
MOVE B15 61
MOVE B16 36
MOVE B19 157
END TURN 112
TURN 113
COMMAND LEFT START
COMMAND LEFT END
COMMAND RIGHT START
MOVE B16 14
COMMAND RIGHT END
TURN 113 RESULT
TIME LEFT 0 5 RIGHT 0 5
MOVE B13 27
MOVE B14 39
MOVE B15 50
MOVE B16 34
MOVE B19 131
END TURN 113
TURN 114
COMMAND LEFT START
COMMAND LEFT END
COMMAND RIGHT START
COMMAND RIGHT END
TURN 114 RESULT
TIME LEFT 0 5 RIGHT 0 5
MOVE B13 24
MOVE B14 27
MOVE B15 39
MOVE B16 39
MOVE B19 114
DAMAGE TURRET B13 1
DAMAGE COMBAT A1 1
DAMAGE COMBAT B13 1
END TURN 114
TURN 115
COMMAND LEFT START
MOVE A4 24
MOVE A6 24
MOVE A7 24
TRAIN 2
COMMAND LEFT END
COMMAND RIGHT START
COMMAND RIGHT END
TURN 115 RESULT
TIME LEFT 0 5 RIGHT 0 5
TRAIN A9 A10
MOVE A4 6
MOVE A6 6
MOVE A7 6
MOVE B14 24
MOVE B15 27
MOVE B16 37
MOVE B19 103
DAMAGE TURRET B13 1
DAMAGE COMBAT A1 2
DAMAGE COMBAT B13 1
END TURN 115
TURN 116
COMMAND LEFT START
TRAIN 1
COMMAND LEFT END
COMMAND RIGHT START
UPGRADE 220
COMMAND RIGHT END
TURN 116 RESULT
TIME LEFT 0 5 RIGHT 0 5
UPGRADE B 220
TRAIN A11
MOVE A4 13
MOVE A6 13
MOVE A7 13
MOVE B15 24
MOVE B16 23
MOVE B19 81
DAMAGE TURRET B13 1
DAMAGE COMBAT A1 1
DAMAGE COMBAT B13 1
SIEGE A 24 2
END TURN 116
TURN 117
COMMAND LEFT START
COMMAND LEFT END
COMMAND RIGHT START
MOVE B14 41
MOVE B15 41
COMMAND RIGHT END
TURN 117 RESULT
TIME LEFT 0 5 RIGHT 0 5
MOVE A4 24
MOVE A6 24
MOVE A7 24
MOVE B14 23
MOVE B15 23
MOVE B16 17
MOVE B19 60
END TURN 117
TURN 118
COMMAND LEFT START
MOVE A7 68
TRAIN 2
COMMAND LEFT END
COMMAND RIGHT START
COMMAND RIGHT END
TURN 118 RESULT
TIME LEFT 0 5 RIGHT 0 5
TRAIN A12 A13
MOVE A7 27
MOVE B14 29
MOVE B15 29
MOVE B16 14
MOVE B19 45
DAMAGE TURRET B16 1
DAMAGE COMBAT A3 1
DAMAGE COMBAT B16 1
END TURN 118
TURN 119
COMMAND LEFT START
MOVE A4 14
MOVE A8 14
MOVE A9 14
MOVE A10 14
TRAIN 2
COMMAND LEFT END
COMMAND RIGHT START
MOVE B19 2
COMMAND RIGHT END
TURN 119 RESULT
TIME LEFT 0 5 RIGHT 0 5
TRAIN A14 A15
MOVE A4 23
MOVE A7 39
MOVE A8 4
MOVE A9 4
MOVE A10 4
MOVE B14 22
MOVE B15 22
MOVE B19 30
DAMAGE TURRET B16 1
DAMAGE COMBAT A3 1
DAMAGE COMBAT B16 1
END TURN 119
TURN 120
COMMAND LEFT START
COMMAND LEFT END
COMMAND RIGHT START
COMMAND RIGHT END
TURN 120 RESULT
TIME LEFT 0 5 RIGHT 0 5
MOVE A4 17
MOVE A7 50
MOVE A8 7
MOVE A9 7
MOVE A10 7
MOVE B14 32
MOVE B15 32
MOVE B19 16
DAMAGE TURRET B16 1
DAMAGE COMBAT A3 1
DAMAGE COMBAT B16 1
END TURN 120
TURN 121
COMMAND LEFT START
COMMAND LEFT END
COMMAND RIGHT START
UPGRADE 230
COMMAND RIGHT END
TURN 121 RESULT
TIME LEFT 0 5 RIGHT 0 5
UPGRADE B 230
MOVE A4 14
MOVE A7 61
MOVE A8 14
MOVE A9 14
MOVE A10 14
MOVE B14 41
MOVE B15 41
MOVE B19 2
DAMAGE TURRET B14 1
DAMAGE COMBAT A5 2
DAMAGE COMBAT B14 1
END TURN 121
TURN 122
COMMAND LEFT START
MOVE A3 41
MOVE A4 41
MOVE A8 41
MOVE A9 41
COMMAND LEFT END
COMMAND RIGHT START
COMMAND RIGHT END
TURN 122 RESULT
TIME LEFT 0 5 RIGHT 0 5
MOVE A3 22
MOVE A4 22
MOVE A7 67
MOVE A8 22
MOVE A9 22
DAMAGE TURRET B14 1
DAMAGE COMBAT A5 2
DAMAGE COMBAT B14 1
END TURN 122
TURN 123
COMMAND LEFT START
COMMAND LEFT END
COMMAND RIGHT START
MOVE B14 16
MOVE B15 16
COMMAND RIGHT END
TURN 123 RESULT
TIME LEFT 0 5 RIGHT 0 5
MOVE A3 32
MOVE A4 32
MOVE A7 68
MOVE A8 32
MOVE A9 32
MOVE B14 28
MOVE B15 28
END TURN 123
TURN 124
COMMAND LEFT START
MOVE A11 41
UPGRADE 68
COMMAND LEFT END
COMMAND RIGHT START
COMMAND RIGHT END
TURN 124 RESULT
TIME LEFT 0 5 RIGHT 0 5
UPGRADE A 68
MOVE A3 41
MOVE A4 41
MOVE A8 41
MOVE A9 41
MOVE A11 4
MOVE B14 16
MOVE B15 16
END TURN 124
TURN 125
COMMAND LEFT START
MOVE A9 87
MOVE A8 81
COMMAND LEFT END
COMMAND RIGHT START
MOVE B14 81
MOVE B15 81
COMMAND RIGHT END
TURN 125 RESULT
TIME LEFT 0 5 RIGHT 0 5
MOVE A8 52
MOVE A9 42
MOVE A11 7
MOVE B14 30
MOVE B15 30
END TURN 125
TURN 126
COMMAND LEFT START
COMMAND LEFT END
COMMAND RIGHT START
UPGRADE 203
COMMAND RIGHT END
TURN 126 RESULT
TIME LEFT 0 5 RIGHT 0 5
UPGRADE B 203
MOVE A8 63
MOVE A9 47
MOVE A11 14
MOVE B14 35
MOVE B15 35
END TURN 126
TURN 127
COMMAND LEFT START
COMMAND LEFT END
COMMAND RIGHT START
COMMAND RIGHT END
TURN 127 RESULT
TIME LEFT 0 5 RIGHT 0 5
MOVE A8 64
MOVE A9 51
MOVE A11 22
MOVE B14 48
MOVE B15 48
END TURN 127
TURN 128
COMMAND LEFT START
COMMAND LEFT END
COMMAND RIGHT START
COMMAND RIGHT END
TURN 128 RESULT
TIME LEFT 0 5 RIGHT 0 5
MOVE A8 74
MOVE A9 54
MOVE A11 32
MOVE B14 60
MOVE B15 60
END TURN 128
TURN 129
COMMAND LEFT START
COMMAND LEFT END
COMMAND RIGHT START
COMMAND RIGHT END
TURN 129 RESULT
TIME LEFT 0 5 RIGHT 0 5
MOVE A8 81
MOVE A9 57
MOVE A11 41
MOVE B14 81
MOVE B15 81
DAMAGE COMBAT A8 2
DAMAGE COMBAT B14 1
END TURN 129
TURN 130
COMMAND LEFT START
COMMAND LEFT END
COMMAND RIGHT START
COMMAND RIGHT END
TURN 130 RESULT
TIME LEFT 0 5 RIGHT 0 5
MOVE A9 58
DAMAGE COMBAT A8 2
DAMAGE COMBAT B14 1
END TURN 130
TURN 131
COMMAND LEFT START
COMMAND LEFT END
COMMAND RIGHT START
UPGRADE 176
COMMAND RIGHT END
TURN 131 RESULT
TIME LEFT 0 5 RIGHT 0 5
UPGRADE B 176
MOVE A9 66
DAMAGE COMBAT A8 1
DAMAGE COMBAT B15 1
END TURN 131
TURN 132
COMMAND LEFT START
COMMAND LEFT END
COMMAND RIGHT START
COMMAND RIGHT END
TURN 132 RESULT
TIME LEFT 0 5 RIGHT 0 5
MOVE A9 77
DAMAGE COMBAT A8 1
DAMAGE COMBAT B15 1
END TURN 132
TURN 133
COMMAND LEFT START
COMMAND LEFT END
COMMAND RIGHT START
COMMAND RIGHT END
TURN 133 RESULT
TIME LEFT 0 5 RIGHT 0 5
MOVE A9 90
DAMAGE COMBAT A8 1
DAMAGE COMBAT B15 1
END TURN 133
TURN 134
COMMAND LEFT START
COMMAND LEFT END
COMMAND RIGHT START
MOVE B15 176
COMMAND RIGHT END
TURN 134 RESULT
TIME LEFT 0 5 RIGHT 0 5
MOVE A9 88
MOVE B15 103
END TURN 134
TURN 135
COMMAND LEFT START
COMMAND LEFT END
COMMAND RIGHT START
UPGRADE 157
COMMAND RIGHT END
TURN 135 RESULT
TIME LEFT 0 5 RIGHT 0 5
UPGRADE B 157
MOVE A9 87
MOVE B15 114
END TURN 135
TURN 136
COMMAND LEFT START
MOVE A3 0
UPGRADE 0
COMMAND LEFT END
COMMAND RIGHT START
COMMAND RIGHT END
TURN 136 RESULT
TIME LEFT 0 5 RIGHT 0 5
UPGRADE A 0
MOVE A3 32
MOVE B15 131
END TURN 136
TURN 137
COMMAND LEFT START
COMMAND LEFT END
COMMAND RIGHT START
COMMAND RIGHT END
TURN 137 RESULT
TIME LEFT 0 5 RIGHT 0 5
MOVE A3 22
MOVE B15 156
END TURN 137
TURN 138
COMMAND LEFT START
COMMAND LEFT END
COMMAND RIGHT START
COMMAND RIGHT END
TURN 138 RESULT
TIME LEFT 0 5 RIGHT 0 5
MOVE A3 14
MOVE B15 176
END TURN 138
TURN 139
COMMAND LEFT START
COMMAND LEFT END
COMMAND RIGHT START
MOVE B15 86
COMMAND RIGHT END
TURN 139 RESULT
TIME LEFT 0 5 RIGHT 0 5
MOVE A3 7
MOVE B15 154
END TURN 139
TURN 140
COMMAND LEFT START
COMMAND LEFT END
COMMAND RIGHT START
UPGRADE 163
COMMAND RIGHT END
TURN 140 RESULT
TIME LEFT 0 5 RIGHT 0 5
UPGRADE B 163
MOVE A3 4
MOVE B15 145
END TURN 140
TURN 141
COMMAND LEFT START
UPGRADE 87
COMMAND LEFT END
COMMAND RIGHT START
TRAIN 1
COMMAND RIGHT END
TURN 141 RESULT
TIME LEFT 0 5 RIGHT 0 5
UPGRADE A 87
TRAIN B20
MOVE A3 0
MOVE B15 125
END TURN 141
TURN 142
COMMAND LEFT START
COMMAND LEFT END
COMMAND RIGHT START
MOVE B20 198
TRAIN 1
COMMAND RIGHT END
TURN 142 RESULT
TIME LEFT 0 5 RIGHT 0 5
TRAIN B21
MOVE B15 109
MOVE B20 238
END TURN 142
TURN 143
COMMAND LEFT START
COMMAND LEFT END
COMMAND RIGHT START
MOVE B21 198
TRAIN 1
COMMAND RIGHT END
TURN 143 RESULT
TIME LEFT 0 5 RIGHT 0 5
TRAIN B22
MOVE B15 96
MOVE B20 233
MOVE B21 238
END TURN 143
TURN 144
COMMAND LEFT START
COMMAND LEFT END
COMMAND RIGHT START
MOVE B22 198
TRAIN 1
COMMAND RIGHT END
TURN 144 RESULT
TIME LEFT 0 5 RIGHT 0 5
TRAIN B23
MOVE B15 86
MOVE B20 223
MOVE B21 233
MOVE B22 238
END TURN 144
TURN 145
COMMAND LEFT START
COMMAND LEFT END
COMMAND RIGHT START
MOVE B15 54
MOVE B23 220
COMMAND RIGHT END
TURN 145 RESULT
TIME LEFT 0 5 RIGHT 0 5
MOVE B15 72
MOVE B20 213
MOVE B21 223
MOVE B22 233
MOVE B23 238
END TURN 145
TURN 146
COMMAND LEFT START
COMMAND LEFT END
COMMAND RIGHT START
COMMAND RIGHT END
TURN 146 RESULT
TIME LEFT 0 5 RIGHT 0 5
MOVE B15 54
MOVE B20 210
MOVE B21 213
MOVE B22 223
MOVE B23 231
END TURN 146
TURN 147
COMMAND LEFT START
COMMAND LEFT END
COMMAND RIGHT START
MOVE B15 38
COMMAND RIGHT END
TURN 147 RESULT
TIME LEFT 0 5 RIGHT 0 5
MOVE B15 51
MOVE B20 198
MOVE B21 210
MOVE B22 213
MOVE B23 220
END TURN 147
TURN 148
COMMAND LEFT START
COMMAND LEFT END
COMMAND RIGHT START
MOVE B20 176
COMMAND RIGHT END
TURN 148 RESULT
TIME LEFT 0 5 RIGHT 0 5
MOVE B15 38
MOVE B20 176
MOVE B21 198
MOVE B22 210
END TURN 148
TURN 149
COMMAND LEFT START
MOVE A11 122
TRAIN 1
COMMAND LEFT END
COMMAND RIGHT START
MOVE B15 81
MOVE B20 127
MOVE B21 127
UPGRADE 127
COMMAND RIGHT END
TURN 149 RESULT
TIME LEFT 0 5 RIGHT 0 5
UPGRADE B 127
TRAIN A16
MOVE A11 53
MOVE B15 42
MOVE B20 156
MOVE B21 185
MOVE B22 198
END TURN 149
TURN 150
COMMAND LEFT START
MOVE A16 122
TRAIN 1
COMMAND LEFT END
COMMAND RIGHT START
MOVE B22 127
TRAIN 1
COMMAND RIGHT END
TURN 150 RESULT
TIME LEFT 0 5 RIGHT 0 5
TRAIN A17 B24
MOVE A11 65
MOVE A16 4
MOVE B15 53
MOVE B20 131
MOVE B21 169
MOVE B22 185
END TURN 150
TURN 151
COMMAND LEFT START
MOVE A17 122
TRAIN 1
COMMAND LEFT END
COMMAND RIGHT START
MOVE B24 230
COMMAND RIGHT END
TURN 151 RESULT
TIME LEFT 0 5 RIGHT 0 5
TRAIN A18
MOVE A11 70
MOVE A16 10
MOVE A17 4
MOVE B15 62
MOVE B20 127
MOVE B21 153
MOVE B22 169
MOVE B24 240
END TURN 151
TURN 152
COMMAND LEFT START
MOVE A18 122
TRAIN 1
COMMAND LEFT END
COMMAND RIGHT START
COMMAND RIGHT END
TURN 152 RESULT
TIME LEFT 0 5 RIGHT 0 5
TRAIN A19
MOVE A11 86
MOVE A16 23
MOVE A17 10
MOVE A18 4
MOVE B15 63
MOVE B21 127
MOVE B22 153
MOVE B24 237
END TURN 152
TURN 153
COMMAND LEFT START
MOVE A19 122
TRAIN 2
COMMAND LEFT END
COMMAND RIGHT START
COMMAND RIGHT END
TURN 153 RESULT
TIME LEFT 0 5 RIGHT 0 5
TRAIN A20 A21
MOVE A11 105
MOVE A16 40
MOVE A17 23
MOVE A18 10
MOVE A19 4
MOVE B15 64
MOVE B22 127
MOVE B24 230
END TURN 153
TURN 154
COMMAND LEFT START
MOVE A21 81
MOVE A20 122
COMMAND LEFT END
COMMAND RIGHT START
MOVE B20 96
MOVE B21 96
MOVE B22 96
COMMAND RIGHT END
TURN 154 RESULT
TIME LEFT 0 5 RIGHT 0 5
MOVE A11 122
MOVE A16 54
MOVE A17 40
MOVE A18 23
MOVE A19 10
MOVE A20 4
MOVE A21 4
MOVE B15 74
MOVE B20 114
MOVE B21 114
MOVE B22 114
END TURN 154
TURN 155
COMMAND LEFT START
TRAIN 2
COMMAND LEFT END
COMMAND RIGHT START
UPGRADE 220
COMMAND RIGHT END
TURN 155 RESULT
TIME LEFT 0 5 RIGHT 0 5
UPGRADE B 220
TRAIN A22 A23
MOVE A16 71
MOVE A17 54
MOVE A18 40
MOVE A19 23
MOVE A20 10
MOVE A21 7
MOVE B15 81
MOVE B20 120
MOVE B21 120
MOVE B22 120
END TURN 155
TURN 156
COMMAND LEFT START
MOVE A23 117
MOVE A22 122
COMMAND LEFT END
COMMAND RIGHT START
MOVE B15 121
TRAIN 1
COMMAND RIGHT END
TURN 156 RESULT
TIME LEFT 0 5 RIGHT 0 5
TRAIN B25
MOVE A16 85
MOVE A17 71
MOVE A18 54
MOVE A19 40
MOVE A20 23
MOVE A21 14
MOVE A22 4
MOVE A23 6
MOVE B15 101
MOVE B20 110
MOVE B21 110
MOVE B22 110
END TURN 156
TURN 157
COMMAND LEFT START
TRAIN 2
COMMAND LEFT END
COMMAND RIGHT START
MOVE B25 220
COMMAND RIGHT END
TURN 157 RESULT
TIME LEFT 0 5 RIGHT 0 5
TRAIN A24 A25
MOVE A16 105
MOVE A17 85
MOVE A18 71
MOVE A19 54
MOVE A20 40
MOVE A21 22
MOVE A22 10
MOVE A23 11
MOVE B15 110
MOVE B20 106
MOVE B21 106
MOVE B22 106
MOVE B25 238
END TURN 157
TURN 158
COMMAND LEFT START
MOVE A25 122
MOVE A24 122
TRAIN 1
COMMAND LEFT END
COMMAND RIGHT START
COMMAND RIGHT END
TURN 158 RESULT
TIME LEFT 0 5 RIGHT 0 5
TRAIN A26
MOVE A16 122
MOVE A17 105
MOVE A18 85
MOVE A19 71
MOVE A20 54
MOVE A21 32
MOVE A22 23
MOVE A23 21
MOVE A24 4
MOVE A25 4
MOVE B15 106
MOVE B20 95
MOVE B21 95
MOVE B22 95
MOVE B25 231
END TURN 158
TURN 159
COMMAND LEFT START
MOVE A26 122
TRAIN 1
COMMAND LEFT END
COMMAND RIGHT START
COMMAND RIGHT END
TURN 159 RESULT
TIME LEFT 0 5 RIGHT 0 5
TRAIN A27
MOVE A17 122
MOVE A18 105
MOVE A19 85
MOVE A20 71
MOVE A21 41
MOVE A22 40
MOVE A23 31
MOVE A24 10
MOVE A25 10
MOVE A26 4
MOVE B15 109
MOVE B20 96
MOVE B21 96
MOVE B22 96
MOVE B25 220
END TURN 159
TURN 160
COMMAND LEFT START
MOVE A27 122
TRAIN 1
COMMAND LEFT END
COMMAND RIGHT START
MOVE B20 34
MOVE B21 34
MOVE B22 34
UPGRADE 230
COMMAND RIGHT END
TURN 160 RESULT
TIME LEFT 0 5 RIGHT 0 5
UPGRADE B 230
TRAIN A28
MOVE A18 122
MOVE A19 105
MOVE A20 85
MOVE A21 52
MOVE A22 54
MOVE A23 34
MOVE A24 23
MOVE A25 23
MOVE A26 10
MOVE A27 4
MOVE B15 111
MOVE B20 86
MOVE B21 86
MOVE B22 86
END TURN 160
TURN 161
COMMAND LEFT START
MOVE A28 122
TRAIN 1
COMMAND LEFT END
COMMAND RIGHT START
TRAIN 1
COMMAND RIGHT END
TURN 161 RESULT
TIME LEFT 0 5 RIGHT 0 5
TRAIN A29 B26
MOVE A19 122
MOVE A20 105
MOVE A21 63
MOVE A22 71
MOVE A23 46
MOVE A24 40
MOVE A25 40
MOVE A26 23
MOVE A27 10
MOVE A28 4
MOVE B15 121
MOVE B20 72
MOVE B21 72
MOVE B22 72
END TURN 161
TURN 162
COMMAND LEFT START
MOVE A3 24
MOVE A12 24
MOVE A13 24
MOVE A14 24
MOVE A15 24
MOVE A2 0
MOVE A11 0
MOVE A16 0
MOVE A17 0
TRAIN 1
COMMAND LEFT END
COMMAND RIGHT START
MOVE B15 90
MOVE B26 230
COMMAND RIGHT END
TURN 162 RESULT
TIME LEFT 0 5 RIGHT 0 5
TRAIN A30
MOVE A2 105
MOVE A3 6
MOVE A11 105
MOVE A12 6
MOVE A13 6
MOVE A14 6
MOVE A15 6
MOVE A16 105
MOVE A17 105
MOVE A20 122
MOVE A21 64
MOVE A22 85
MOVE A23 59
MOVE A24 54
MOVE A25 54
MOVE A26 40
MOVE A27 23
MOVE A28 10
MOVE B15 122
MOVE B20 54
MOVE B21 54
MOVE B22 54
MOVE B26 240
DAMAGE TURRET B15 1
DAMAGE COMBAT A18 1
DAMAGE COMBAT A24 3
DAMAGE COMBAT B15 2
DAMAGE COMBAT B20 2
END TURN 162
TURN 163
COMMAND LEFT START
COMMAND LEFT END
COMMAND RIGHT START
COMMAND RIGHT END
TURN 163 RESULT
TIME LEFT 0 5 RIGHT 0 5
MOVE A2 85
MOVE A3 13
MOVE A11 85
MOVE A12 13
MOVE A13 13
MOVE A14 13
MOVE A15 13
MOVE A16 85
MOVE A17 85
MOVE A21 74
MOVE A22 105
MOVE A23 75
MOVE A26 54
MOVE A27 40
MOVE A28 23
MOVE B26 237
DAMAGE COMBAT A24 3
DAMAGE COMBAT B20 3
END TURN 163
TURN 164
COMMAND LEFT START
TRAIN 1
COMMAND LEFT END
COMMAND RIGHT START
COMMAND RIGHT END
TURN 164 RESULT
TIME LEFT 0 5 RIGHT 0 5
TRAIN A31
MOVE A2 71
MOVE A3 24
MOVE A11 71
MOVE A12 24
MOVE A13 24
MOVE A14 24
MOVE A15 24
MOVE A16 71
MOVE A17 71
MOVE A21 81
MOVE A22 122
MOVE A23 91
MOVE A27 54
MOVE A28 40
MOVE B26 230
DAMAGE COMBAT A24 2
DAMAGE COMBAT A25 1
DAMAGE COMBAT B20 1
DAMAGE COMBAT B21 3
END TURN 164
TURN 165
COMMAND LEFT START
MOVE A22 163
MOVE A15 122
MOVE A14 122
MOVE A13 122
MOVE A12 122
MOVE A6 122
UPGRADE 81
COMMAND LEFT END
COMMAND RIGHT START
UPGRADE 203
COMMAND RIGHT END
TURN 165 RESULT
TIME LEFT 0 5 RIGHT 0 5
UPGRADE A 81
UPGRADE B 203
MOVE A2 54
MOVE A6 37
MOVE A11 54
MOVE A12 37
MOVE A13 37
MOVE A14 37
MOVE A15 37
MOVE A16 54
MOVE A17 54
MOVE A22 123
MOVE A23 117
MOVE A28 54
DAMAGE COMBAT A2 2
DAMAGE COMBAT B21 3
DAMAGE COMBAT B22 5
END TURN 165
TURN 166
COMMAND LEFT START
UPGRADE 117
COMMAND LEFT END
COMMAND RIGHT START
TRAIN 1
COMMAND RIGHT END
TURN 166 RESULT
TIME LEFT 0 5 RIGHT 0 5
UPGRADE A 117
TRAIN B27
MOVE A6 57
MOVE A12 57
MOVE A13 57
MOVE A14 57
MOVE A15 57
MOVE A22 133
DAMAGE COMBAT A2 1
DAMAGE COMBAT B22 1
END TURN 166
TURN 167
COMMAND LEFT START
COMMAND LEFT END
COMMAND RIGHT START
MOVE B27 184
TRAIN 2
COMMAND RIGHT END
TURN 167 RESULT
TIME LEFT 0 5 RIGHT 0 5
TRAIN B28 B29
MOVE A2 40
MOVE A6 73
MOVE A11 40
MOVE A12 73
MOVE A13 73
MOVE A14 73
MOVE A15 73
MOVE A16 40
MOVE A17 40
MOVE A22 135
MOVE A25 71
MOVE A26 71
MOVE A27 71
MOVE A28 71
MOVE B27 240
END TURN 167
TURN 168
COMMAND LEFT START
COMMAND LEFT END
COMMAND RIGHT START
MOVE B28 184
MOVE B29 184
TRAIN 1
COMMAND RIGHT END
TURN 168 RESULT
TIME LEFT 0 5 RIGHT 0 5
TRAIN B30
MOVE A2 23
MOVE A6 93
MOVE A11 23
MOVE A12 93
MOVE A13 93
MOVE A14 93
MOVE A15 93
MOVE A16 23
MOVE A17 23
MOVE A22 138
MOVE A25 85
MOVE A26 85
MOVE A27 85
MOVE A28 85
MOVE B27 237
MOVE B28 240
MOVE B29 240
END TURN 168
TURN 169
COMMAND LEFT START
MOVE A20 157
COMMAND LEFT END
COMMAND RIGHT START
MOVE B30 184
TRAIN 1
COMMAND RIGHT END
TURN 169 RESULT
TIME LEFT 0 5 RIGHT 0 5
TRAIN B31
MOVE A2 10
MOVE A6 112
MOVE A11 10
MOVE A12 112
MOVE A13 112
MOVE A14 112
MOVE A15 112
MOVE A16 10
MOVE A17 10
MOVE A20 132
MOVE A22 134
MOVE A25 105
MOVE A26 105
MOVE A27 105
MOVE A28 105
MOVE B27 230
MOVE B28 237
MOVE B29 237
MOVE B30 240
END TURN 169
TURN 170
COMMAND LEFT START
COMMAND LEFT END
COMMAND RIGHT START
MOVE B31 203
COMMAND RIGHT END
TURN 170 RESULT
TIME LEFT 0 5 RIGHT 0 5
MOVE A2 4
MOVE A6 122
MOVE A11 4
MOVE A12 122
MOVE A13 122
MOVE A14 122
MOVE A15 122
MOVE A16 4
MOVE A17 4
MOVE A20 140
MOVE A22 143
MOVE A25 122
MOVE A26 122
MOVE A27 122
MOVE A28 122
MOVE B27 226
MOVE B28 230
MOVE B29 230
MOVE B30 237
MOVE B31 240
END TURN 170
TURN 171
COMMAND LEFT START
MOVE A28 176
COMMAND LEFT END
COMMAND RIGHT START
COMMAND RIGHT END
TURN 171 RESULT
TIME LEFT 0 5 RIGHT 0 5
MOVE A2 0
MOVE A11 0
MOVE A16 0
MOVE A17 0
MOVE A20 144
MOVE A22 163
MOVE A28 132
MOVE B27 224
MOVE B28 226
MOVE B29 226
MOVE B30 230
MOVE B31 237
DAMAGE TURRET A22 1
DAMAGE COMBAT A22 1
DAMAGE COMBAT B11 1
END TURN 171
TURN 172
COMMAND LEFT START
MOVE A31 122
MOVE A30 122
COMMAND LEFT END
COMMAND RIGHT START
COMMAND RIGHT END
TURN 172 RESULT
TIME LEFT 0 5 RIGHT 0 5
MOVE A20 145
MOVE A28 140
MOVE A30 4
MOVE A31 4
MOVE B27 216
MOVE B28 224
MOVE B29 224
MOVE B30 226
MOVE B31 230
DAMAGE TURRET A22 1
DAMAGE COMBAT A22 1
DAMAGE COMBAT B11 1
END TURN 172
TURN 173
COMMAND LEFT START
MOVE A27 127
COMMAND LEFT END
COMMAND RIGHT START
UPGRADE 176
COMMAND RIGHT END
TURN 173 RESULT
TIME LEFT 0 5 RIGHT 0 5
UPGRADE B 176
MOVE A20 154
MOVE A27 121
MOVE A28 144
MOVE A30 10
MOVE A31 10
MOVE B27 201
MOVE B28 216
MOVE B29 216
MOVE B30 224
MOVE B31 222
DAMAGE TURRET A22 1
DAMAGE COMBAT A22 1
DAMAGE COMBAT B11 1
END TURN 173
TURN 174
COMMAND LEFT START
MOVE A26 203
COMMAND LEFT END
COMMAND RIGHT START
TRAIN 2
COMMAND RIGHT END
TURN 174 RESULT
TIME LEFT 0 5 RIGHT 0 5
TRAIN B32 B33
MOVE A20 156
MOVE A26 139
MOVE A27 128
MOVE A28 145
MOVE A30 23
MOVE A31 23
MOVE B27 196
MOVE B28 201
MOVE B29 201
MOVE B30 216
MOVE B31 212
DAMAGE TURRET A22 1
DAMAGE COMBAT A22 1
DAMAGE COMBAT B11 1
END TURN 174
TURN 175
COMMAND LEFT START
MOVE A25 163
COMMAND LEFT END
COMMAND RIGHT START
MOVE B32 203
MOVE B33 176
COMMAND RIGHT END
TURN 175 RESULT
TIME LEFT 0 5 RIGHT 0 5
MOVE A20 157
MOVE A25 123
MOVE A26 158
MOVE A27 126
MOVE A28 154
MOVE A30 40
MOVE A31 40
MOVE B27 184
MOVE B28 196
MOVE B29 196
MOVE B30 201
MOVE B31 203
MOVE B32 240
MOVE B33 238
DAMAGE TURRET A20 1
DAMAGE COMBAT A20 1
DAMAGE COMBAT B9 1
END TURN 175
TURN 176
COMMAND LEFT START
TRAIN 3
COMMAND LEFT END
COMMAND RIGHT START
MOVE B27 163
COMMAND RIGHT END
TURN 176 RESULT
TIME LEFT 0 5 RIGHT 0 5
TRAIN A32 A33 A34
MOVE A25 133
MOVE A26 174
MOVE A27 125
MOVE A28 176
MOVE A30 54
MOVE A31 54
MOVE B27 163
MOVE B28 184
MOVE B29 184
MOVE B30 196
MOVE B32 237
MOVE B33 233
DAMAGE TURRET A20 1
DAMAGE TURRET A28 2
DAMAGE COMBAT A20 1
DAMAGE COMBAT A28 1
DAMAGE COMBAT B8 1
DAMAGE COMBAT B9 1
END TURN 176
TURN 177
COMMAND LEFT START
MOVE A34 122
MOVE A33 122
MOVE A32 122
TRAIN 1
COMMAND LEFT END
COMMAND RIGHT START
MOVE B28 163
MOVE B29 163
COMMAND RIGHT END
TURN 177 RESULT
TIME LEFT 0 5 RIGHT 0 5
TRAIN A35
MOVE A25 135
MOVE A26 179
MOVE A27 137
MOVE A30 71
MOVE A31 71
MOVE A32 4
MOVE A33 4
MOVE A34 4
MOVE B28 163
MOVE B29 163
MOVE B30 184
MOVE B32 230
MOVE B33 223
DAMAGE TURRET A20 1
DAMAGE TURRET A28 2
DAMAGE COMBAT A20 1
DAMAGE COMBAT A28 1
DAMAGE COMBAT B8 1
DAMAGE COMBAT B9 1
END TURN 177
TURN 178
COMMAND LEFT START
MOVE A19 220
MOVE A35 122
COMMAND LEFT END
COMMAND RIGHT START
MOVE B27 68
MOVE B28 68
MOVE B29 68
MOVE B30 68
UPGRADE 163
COMMAND RIGHT END
TURN 178 RESULT
TIME LEFT 0 5 RIGHT 0 5
UPGRADE B 163
MOVE A19 132
MOVE A25 138
MOVE A26 191
MOVE A27 129
MOVE A30 85
MOVE A31 85
MOVE A32 10
MOVE A33 10
MOVE A34 10
MOVE A35 4
MOVE B27 141
MOVE B28 141
MOVE B29 141
MOVE B30 163
MOVE B32 222
MOVE B33 213
DAMAGE TURRET A20 1
DAMAGE TURRET A28 2
DAMAGE COMBAT A20 1
DAMAGE COMBAT B8 1
DAMAGE COMBAT B9 1
END TURN 178
TURN 179
COMMAND LEFT START
MOVE A18 157
MOVE A15 157
MOVE A14 157
MOVE A13 157
MOVE A12 157
MOVE A6 157
COMMAND LEFT END
COMMAND RIGHT START
COMMAND RIGHT END
TURN 179 RESULT
TIME LEFT 0 5 RIGHT 0 5
MOVE A6 132
MOVE A12 132
MOVE A13 132
MOVE A14 132
MOVE A15 132
MOVE A18 132
MOVE A19 151
MOVE A25 134
MOVE A26 203
MOVE A27 131
MOVE A30 105
MOVE A31 105
MOVE A32 23
MOVE A33 23
MOVE A34 23
MOVE A35 10
MOVE B27 130
MOVE B28 130
MOVE B29 130
MOVE B30 141
MOVE B32 212
MOVE B33 210
DAMAGE TURRET A26 2
DAMAGE COMBAT A26 2
DAMAGE COMBAT B7 1
END TURN 179
TURN 180
COMMAND LEFT START
MOVE A2 122
TRAIN 3
COMMAND LEFT END
COMMAND RIGHT START
COMMAND RIGHT END
TURN 180 RESULT
TIME LEFT 0 5 RIGHT 0 5
TRAIN A36 A37 A38
MOVE A2 4
MOVE A6 140
MOVE A12 140
MOVE A13 140
MOVE A14 140
MOVE A15 140
MOVE A18 140
MOVE A19 171
MOVE A25 143
MOVE A27 127
MOVE A30 122
MOVE A31 122
MOVE A32 40
MOVE A33 40
MOVE A34 40
MOVE A35 23
MOVE B27 113
MOVE B28 113
MOVE B29 113
MOVE B30 130
MOVE B32 203
MOVE B33 198
DAMAGE TURRET A26 2
DAMAGE TURRET A27 1
DAMAGE COMBAT A26 2
DAMAGE COMBAT A27 1
DAMAGE COMBAT B7 1
DAMAGE COMBAT B12 1
END TURN 180
TURN 181
COMMAND LEFT START
MOVE A30 68
MOVE A38 176
MOVE A37 122
TRAIN 1
COMMAND LEFT END
COMMAND RIGHT START
UPGRADE 157
COMMAND RIGHT END
TURN 181 RESULT
TIME LEFT 0 5 RIGHT 0 5
UPGRADE B 157
TRAIN A39
MOVE A2 10
MOVE A6 144
MOVE A12 144
MOVE A13 144
MOVE A14 144
MOVE A15 144
MOVE A18 144
MOVE A19 187
MOVE A25 163
MOVE A30 112
MOVE A32 54
MOVE A33 54
MOVE A34 54
MOVE A35 40
MOVE A37 4
MOVE A38 4
MOVE B27 88
MOVE B28 88
MOVE B29 88
MOVE B30 113
MOVE B33 176
DAMAGE TURRET A25 2
DAMAGE TURRET A27 1
DAMAGE COMBAT A25 1
DAMAGE COMBAT A27 1
DAMAGE COMBAT B11 1
DAMAGE COMBAT B12 1
END TURN 181
TURN 182
COMMAND LEFT START
MOVE A11 68
MOVE A16 68
MOVE A17 68
TRAIN 1
COMMAND LEFT END
COMMAND RIGHT START
TRAIN 2
COMMAND RIGHT END
TURN 182 RESULT
TIME LEFT 0 5 RIGHT 0 5
TRAIN A40 B34 B35
MOVE A2 23
MOVE A6 145
MOVE A11 6
MOVE A12 145
MOVE A13 145
MOVE A14 145
MOVE A15 145
MOVE A16 6
MOVE A17 6
MOVE A18 145
MOVE A19 207
MOVE A30 104
MOVE A32 71
MOVE A33 71
MOVE A34 71
MOVE A35 54
MOVE A37 10
MOVE A38 10
MOVE B27 68
MOVE B28 68
MOVE B29 68
MOVE B30 88
DAMAGE TURRET A25 2
DAMAGE TURRET A27 1
DAMAGE TURRET B27 1
DAMAGE COMBAT A7 3
DAMAGE COMBAT A25 1
DAMAGE COMBAT A27 1
DAMAGE COMBAT B11 1
DAMAGE COMBAT B12 1
DAMAGE COMBAT B27 1
END TURN 182
TURN 183
COMMAND LEFT START
MOVE A29 24
MOVE A25 117
TRAIN 1
COMMAND LEFT END
COMMAND RIGHT START
MOVE B34 163
MOVE B35 176
COMMAND RIGHT END
TURN 183 RESULT
TIME LEFT 0 5 RIGHT 0 5
TRAIN A41
MOVE A2 40
MOVE A6 154
MOVE A11 11
MOVE A12 154
MOVE A13 154
MOVE A14 154
MOVE A15 154
MOVE A16 11
MOVE A17 11
MOVE A18 154
MOVE A19 220
MOVE A25 141
MOVE A29 6
MOVE A30 100
MOVE A32 85
MOVE A33 85
MOVE A34 85
MOVE A35 71
MOVE A37 23
MOVE A38 17
MOVE B30 68
MOVE B34 240
MOVE B35 238
DAMAGE TURRET A19 2
DAMAGE TURRET A27 1
DAMAGE TURRET B27 1
DAMAGE COMBAT A7 3
DAMAGE COMBAT A19 3
DAMAGE COMBAT A27 1
DAMAGE COMBAT B2 1
DAMAGE COMBAT B12 1
DAMAGE COMBAT B27 1
SIEGE A 68 1
END TURN 183
TURN 184
COMMAND LEFT START
TRAIN 1
COMMAND LEFT END
COMMAND RIGHT START
MOVE B27 87
MOVE B28 87
MOVE B29 87
MOVE B30 87
COMMAND RIGHT END
TURN 184 RESULT
TIME LEFT 0 5 RIGHT 0 5
TRAIN A42
MOVE A2 54
MOVE A6 156
MOVE A11 21
MOVE A12 156
MOVE A13 156
MOVE A14 156
MOVE A15 156
MOVE A16 21
MOVE A17 21
MOVE A18 156
MOVE A25 130
MOVE A29 13
MOVE A30 99
MOVE A32 105
MOVE A33 105
MOVE A34 105
MOVE A35 85
MOVE A37 40
MOVE A38 29
MOVE B27 88
MOVE B28 88
MOVE B29 88
MOVE B30 88
MOVE B34 237
MOVE B35 233
DAMAGE TURRET A19 2
DAMAGE COMBAT A19 1
DAMAGE COMBAT B2 1
END TURN 184
TURN 185
COMMAND LEFT START
MOVE A36 68
TRAIN 1
COMMAND LEFT END
COMMAND RIGHT START
COMMAND RIGHT END
TURN 185 RESULT
TIME LEFT 0 5 RIGHT 0 5
TRAIN A43
MOVE A2 71
MOVE A6 157
MOVE A11 31
MOVE A12 157
MOVE A13 157
MOVE A14 157
MOVE A15 157
MOVE A16 31
MOVE A17 31
MOVE A18 157
MOVE A25 117
MOVE A29 24
MOVE A30 90
MOVE A32 122
MOVE A33 122
MOVE A34 122
MOVE A35 105
MOVE A36 6
MOVE A37 54
MOVE A38 38
MOVE B27 87
MOVE B28 87
MOVE B29 87
MOVE B30 87
MOVE B34 230
MOVE B35 223
DAMAGE TURRET A6 2
DAMAGE TURRET B27 1
DAMAGE COMBAT A6 1
DAMAGE COMBAT A9 4
DAMAGE COMBAT B9 1
DAMAGE COMBAT B27 1
SIEGE B 157 5
END TURN 185
TURN 186
COMMAND LEFT START
MOVE A23 87
MOVE A31 87
MOVE A32 87
MOVE A33 87
MOVE A3 68
TRAIN 1
COMMAND LEFT END
COMMAND RIGHT START
UPGRADE 127
TRAIN 1
COMMAND RIGHT END
TURN 186 RESULT
TIME LEFT 0 5 RIGHT 0 5
UPGRADE B 127
TRAIN A44 B36
MOVE A2 85
MOVE A3 27
MOVE A11 34
MOVE A16 34
MOVE A17 34
MOVE A23 91
MOVE A30 68
MOVE A31 112
MOVE A32 112
MOVE A33 112
MOVE A35 122
MOVE A36 11
MOVE A37 71
MOVE A38 47
MOVE B34 222
MOVE B35 213
DAMAGE TURRET A6 1
DAMAGE TURRET A12 1
DAMAGE TURRET B28 1
DAMAGE COMBAT A9 3
DAMAGE COMBAT B28 1
SIEGE B 157 6
END TURN 186
TURN 187
COMMAND LEFT START
MOVE A44 122
TRAIN 1
COMMAND LEFT END
COMMAND RIGHT START
MOVE B28 68
MOVE B29 68
MOVE B30 68
MOVE B36 157
TRAIN 1
COMMAND RIGHT END
TURN 187 RESULT
TIME LEFT 0 5 RIGHT 0 5
TRAIN A45 B37
MOVE A2 105
MOVE A3 39
MOVE A11 46
MOVE A16 46
MOVE A17 46
MOVE A23 87
MOVE A31 104
MOVE A32 104
MOVE A33 104
MOVE A36 21
MOVE A37 85
MOVE A38 65
MOVE A44 4
MOVE B28 88
MOVE B29 88
MOVE B30 88
MOVE B34 212
MOVE B35 210
MOVE B36 238
DAMAGE TURRET A12 2
SIEGE B 157 5
END TURN 187
TURN 188
COMMAND LEFT START
MOVE A45 122
TRAIN 1
COMMAND LEFT END
COMMAND RIGHT START
MOVE B37 165
TRAIN 1
COMMAND RIGHT END
TURN 188 RESULT
TIME LEFT 0 5 RIGHT 0 5
TRAIN A46 B38
MOVE A2 122
MOVE A3 50
MOVE A11 68
MOVE A16 68
MOVE A17 68
MOVE A31 100
MOVE A32 100
MOVE A33 100
MOVE A36 31
MOVE A37 105
MOVE A38 83
MOVE A44 10
MOVE A45 4
MOVE B28 68
MOVE B29 68
MOVE B30 68
MOVE B34 203
MOVE B35 198
MOVE B36 233
MOVE B37 238
DAMAGE TURRET A12 2
DAMAGE TURRET B28 1
DAMAGE COMBAT A11 3
DAMAGE COMBAT B28 3
DAMAGE COMBAT B29 1
SIEGE B 157 2
END TURN 188
TURN 189
COMMAND LEFT START
MOVE A12 122
MOVE A13 122
MOVE A14 122
MOVE A35 163
MOVE A46 122
UPGRADE 157
COMMAND LEFT END
COMMAND RIGHT START
MOVE B38 165
COMMAND RIGHT END
TURN 189 RESULT
TIME LEFT 0 5 RIGHT 0 5
UPGRADE A 157
MOVE A3 61
MOVE A12 156
MOVE A13 156
MOVE A14 156
MOVE A31 99
MOVE A32 99
MOVE A33 99
MOVE A35 123
MOVE A36 34
MOVE A37 122
MOVE A38 95
MOVE A44 23
MOVE A45 10
MOVE A46 4
MOVE B34 192
MOVE B35 176
MOVE B36 223
MOVE B37 231
MOVE B38 238
DAMAGE TURRET B29 1
DAMAGE COMBAT A11 2
DAMAGE COMBAT B29 4
END TURN 189
TURN 190
COMMAND LEFT START
MOVE A37 203
MOVE A18 122
COMMAND LEFT END
COMMAND RIGHT START
COMMAND RIGHT END
TURN 190 RESULT
TIME LEFT 0 5 RIGHT 0 5
MOVE A3 67
MOVE A12 154
MOVE A13 154
MOVE A14 154
MOVE A18 156
MOVE A31 90
MOVE A32 90
MOVE A33 90
MOVE A35 133
MOVE A36 46
MOVE A37 139
MOVE A38 106
MOVE A44 40
MOVE A45 23
MOVE A46 10
MOVE B34 181
MOVE B36 213
MOVE B37 220
MOVE B38 231
DAMAGE TURRET B30 1
DAMAGE COMBAT A11 1
DAMAGE COMBAT B30 4
END TURN 190
TURN 191
COMMAND LEFT START
COMMAND LEFT END
COMMAND RIGHT START
COMMAND RIGHT END
TURN 191 RESULT
TIME LEFT 0 5 RIGHT 0 5
MOVE A3 68
MOVE A12 145
MOVE A13 145
MOVE A14 145
MOVE A18 154
MOVE A31 88
MOVE A32 88
MOVE A33 88
MOVE A35 135
MOVE A36 68
MOVE A37 158
MOVE A38 137
MOVE A44 54
MOVE A45 40
MOVE A46 23
MOVE B34 180
MOVE B36 210
MOVE B37 207
MOVE B38 220
DAMAGE TURRET B30 1
DAMAGE COMBAT A3 1
END TURN 191
TURN 192
COMMAND LEFT START
MOVE A36 122
MOVE A30 122
MOVE A17 122
MOVE A16 122
COMMAND LEFT END
COMMAND RIGHT START
COMMAND RIGHT END
TURN 192 RESULT
TIME LEFT 0 5 RIGHT 0 5
MOVE A12 144
MOVE A13 144
MOVE A14 144
MOVE A16 90
MOVE A17 90
MOVE A18 145
MOVE A30 90
MOVE A31 87
MOVE A32 87
MOVE A33 87
MOVE A35 138
MOVE A36 90
MOVE A37 174
MOVE A38 154
MOVE A44 71
MOVE A45 54
MOVE A46 40
MOVE B34 170
MOVE B36 198
MOVE B37 186
MOVE B38 207
END TURN 192
TURN 193
COMMAND LEFT START
MOVE A33 122
MOVE A32 122
MOVE A31 122
TRAIN 1
COMMAND LEFT END
COMMAND RIGHT START
COMMAND RIGHT END
TURN 193 RESULT
TIME LEFT 0 5 RIGHT 0 5
TRAIN A47
MOVE A12 140
MOVE A13 140
MOVE A14 140
MOVE A16 99
MOVE A17 99
MOVE A18 144
MOVE A30 99
MOVE A31 88
MOVE A32 88
MOVE A33 88
MOVE A35 134
MOVE A36 99
MOVE A37 179
MOVE A38 176
MOVE A44 85
MOVE A45 71
MOVE A46 54
MOVE B34 163
MOVE B36 185
MOVE B37 165
MOVE B38 186
DAMAGE TURRET A38 2
DAMAGE COMBAT A38 3
DAMAGE COMBAT B8 1
END TURN 193
TURN 194
COMMAND LEFT START
MOVE A47 122
TRAIN 1
COMMAND LEFT END
COMMAND RIGHT START
MOVE B37 72
COMMAND RIGHT END
TURN 194 RESULT
TIME LEFT 0 5 RIGHT 0 5
TRAIN A48
MOVE A12 132
MOVE A13 132
MOVE A14 132
MOVE A16 100
MOVE A17 100
MOVE A18 140
MOVE A30 100
MOVE A31 90
MOVE A32 90
MOVE A33 90
MOVE A35 143
MOVE A36 100
MOVE A37 191
MOVE A44 105
MOVE A45 85
MOVE A46 71
MOVE A47 4
MOVE B36 157
MOVE B37 140
MOVE B38 165
DAMAGE TURRET A38 2
DAMAGE TURRET B36 1
DAMAGE COMBAT A15 1
DAMAGE COMBAT A18 1
DAMAGE COMBAT A38 1
DAMAGE COMBAT B8 1
DAMAGE COMBAT B36 1
DAMAGE COMBAT B37 1
END TURN 194
TURN 195
COMMAND LEFT START
MOVE A48 122
TRAIN 2
COMMAND LEFT END
COMMAND RIGHT START
MOVE B38 72
COMMAND RIGHT END
TURN 195 RESULT
TIME LEFT 0 5 RIGHT 0 5
TRAIN A49 A50
MOVE A12 122
MOVE A13 122
MOVE A14 122
MOVE A16 104
MOVE A17 104
MOVE A30 104
MOVE A31 99
MOVE A32 99
MOVE A33 99
MOVE A35 163
MOVE A36 104
MOVE A37 203
MOVE A44 122
MOVE A45 105
MOVE A46 85
MOVE A47 10
MOVE A48 4
MOVE B38 140
DAMAGE TURRET A35 2
DAMAGE TURRET A37 2
DAMAGE TURRET B36 1
DAMAGE COMBAT A15 1
DAMAGE COMBAT A18 2
DAMAGE COMBAT A35 1
DAMAGE COMBAT A37 3
DAMAGE COMBAT B7 1
DAMAGE COMBAT B34 1
DAMAGE COMBAT B36 1
DAMAGE COMBAT B37 1
END TURN 195
TURN 196
COMMAND LEFT START
MOVE A44 220
MOVE A34 230
MOVE A50 122
MOVE A49 122
COMMAND LEFT END
COMMAND RIGHT START
COMMAND RIGHT END
TURN 196 RESULT
TIME LEFT 0 5 RIGHT 0 5
MOVE A16 112
MOVE A17 112
MOVE A30 112
MOVE A31 100
MOVE A32 100
MOVE A33 100
MOVE A34 139
MOVE A36 112
MOVE A44 132
MOVE A45 122
MOVE A46 105
MOVE A47 23
MOVE A48 10
MOVE A49 4
MOVE A50 4
DAMAGE TURRET A35 2
DAMAGE TURRET A37 2
DAMAGE TURRET B36 1
DAMAGE COMBAT A15 1
DAMAGE COMBAT A18 2
DAMAGE COMBAT A35 1
DAMAGE COMBAT A37 1
DAMAGE COMBAT B7 1
DAMAGE COMBAT B34 1
DAMAGE COMBAT B36 1
DAMAGE COMBAT B37 1
END TURN 196
TURN 197
COMMAND LEFT START
TRAIN 2
COMMAND LEFT END
COMMAND RIGHT START
COMMAND RIGHT END
TURN 197 RESULT
TIME LEFT 0 5 RIGHT 0 5
TRAIN A51 A52
MOVE A16 122
MOVE A17 122
MOVE A30 122
MOVE A31 104
MOVE A32 104
MOVE A33 104
MOVE A34 159
MOVE A36 122
MOVE A44 151
MOVE A46 122
MOVE A47 40
MOVE A48 23
MOVE A49 10
MOVE A50 10
DAMAGE TURRET A35 2
DAMAGE COMBAT A18 2
DAMAGE COMBAT B34 1
DAMAGE COMBAT B37 1
END TURN 197
TURN 198
COMMAND LEFT START
MOVE A52 122
MOVE A51 122
TRAIN 1
COMMAND LEFT END
COMMAND RIGHT START
COMMAND RIGHT END
TURN 198 RESULT
TIME LEFT 0 5 RIGHT 0 5
TRAIN A53
MOVE A31 112
MOVE A32 112
MOVE A33 112
MOVE A34 172
MOVE A44 171
MOVE A47 54
MOVE A48 40
MOVE A49 23
MOVE A50 23
MOVE A51 4
MOVE A52 4
MOVE B37 128
MOVE B38 128
END TURN 198
TURN 199
COMMAND LEFT START
MOVE A46 176
MOVE A45 176
MOVE A36 176
MOVE A30 176
MOVE A17 176
MOVE A16 176
MOVE A14 176
MOVE A13 176
MOVE A12 176
MOVE A2 176
COMMAND LEFT END
COMMAND RIGHT START
UPGRADE 244
COMMAND RIGHT END
TURN 199 RESULT
TIME LEFT 0 5 RIGHT 0 5
UPGRADE B 244
MOVE A2 132
MOVE A12 132
MOVE A13 132
MOVE A14 132
MOVE A16 132
MOVE A17 132
MOVE A30 132
MOVE A31 122
MOVE A32 122
MOVE A33 122
MOVE A34 193
MOVE A36 132
MOVE A44 187
MOVE A45 132
MOVE A46 132
MOVE A47 71
MOVE A48 54
MOVE A49 40
MOVE A50 40
MOVE A51 10
MOVE A52 10
MOVE B37 111
MOVE B38 111
END TURN 199
TURN 200
COMMAND LEFT START
MOVE A33 163
MOVE A53 122
COMMAND LEFT END
COMMAND RIGHT START
TRAIN 2
COMMAND RIGHT END
TURN 200 RESULT
TIME LEFT 0 5 RIGHT 0 5
TRAIN B39 B40
MOVE A2 140
MOVE A12 140
MOVE A13 140
MOVE A14 140
MOVE A16 140
MOVE A17 140
MOVE A30 140
MOVE A33 123
MOVE A34 215
MOVE A36 140
MOVE A44 207
MOVE A45 140
MOVE A46 140
MOVE A47 85
MOVE A48 71
MOVE A49 54
MOVE A50 54
MOVE A51 23
MOVE A52 23
MOVE A53 4
MOVE B37 102
MOVE B38 102
END TURN 200
TURN 201
COMMAND LEFT START
TRAIN 3
COMMAND LEFT END
COMMAND RIGHT START
MOVE B40 165
COMMAND RIGHT END
TURN 201 RESULT
TIME LEFT 0 5 RIGHT 0 5
TRAIN A54 A55 A56
MOVE A2 144
MOVE A12 144
MOVE A13 144
MOVE A14 144
MOVE A16 144
MOVE A17 144
MOVE A30 144
MOVE A33 133
MOVE A34 230
MOVE A36 144
MOVE A44 220
MOVE A45 144
MOVE A46 144
MOVE A47 105
MOVE A48 85
MOVE A49 71
MOVE A50 71
MOVE A51 40
MOVE A52 40
MOVE A53 10
MOVE B37 86
MOVE B38 86
MOVE B40 238
DAMAGE TURRET A34 2
DAMAGE TURRET A44 2
DAMAGE COMBAT A34 3
DAMAGE COMBAT A44 3
DAMAGE COMBAT B2 1
DAMAGE COMBAT B3 1
END TURN 201
TURN 202
COMMAND LEFT START
MOVE A56 203
MOVE A55 122
MOVE A54 122
COMMAND LEFT END
COMMAND RIGHT START
COMMAND RIGHT END
TURN 202 RESULT
TIME LEFT 0 5 RIGHT 0 5
MOVE A2 145
MOVE A12 145
MOVE A13 145
MOVE A14 145
MOVE A16 145
MOVE A17 145
MOVE A30 145
MOVE A33 135
MOVE A36 145
MOVE A45 145
MOVE A46 145
MOVE A47 122
MOVE A48 105
MOVE A49 85
MOVE A50 85
MOVE A51 54
MOVE A52 54
MOVE A53 23
MOVE A54 4
MOVE A55 4
MOVE A56 6
MOVE B37 72
MOVE B38 72
MOVE B40 231
DAMAGE TURRET A34 2
DAMAGE TURRET A44 2
DAMAGE COMBAT A34 1
DAMAGE COMBAT A44 1
DAMAGE COMBAT B2 1
DAMAGE COMBAT B3 1
END TURN 202
TURN 203
COMMAND LEFT START
TRAIN 2
COMMAND LEFT END
COMMAND RIGHT START
MOVE B37 24
MOVE B38 24
TRAIN 2
COMMAND RIGHT END
TURN 203 RESULT
TIME LEFT 0 5 RIGHT 0 5
TRAIN A57 A58 B41 B42
MOVE A2 154
MOVE A12 154
MOVE A13 154
MOVE A14 154
MOVE A16 154
MOVE A17 154
MOVE A30 154
MOVE A33 138
MOVE A36 154
MOVE A45 154
MOVE A46 154
MOVE A48 122
MOVE A49 105
MOVE A50 105
MOVE A51 71
MOVE A52 71
MOVE A53 40
MOVE A54 10
MOVE A55 10
MOVE A56 11
MOVE B37 54
MOVE B38 54
MOVE B40 220
END TURN 203
TURN 204
COMMAND LEFT START
TRAIN 1
COMMAND LEFT END
COMMAND RIGHT START
MOVE B41 165
MOVE B42 220
COMMAND RIGHT END
TURN 204 RESULT
TIME LEFT 0 5 RIGHT 0 5
TRAIN A59
MOVE A2 176
MOVE A12 176
MOVE A13 176
MOVE A14 176
MOVE A16 176
MOVE A17 176
MOVE A30 176
MOVE A33 134
MOVE A36 176
MOVE A45 176
MOVE A46 176
MOVE A49 122
MOVE A50 122
MOVE A51 85
MOVE A52 85
MOVE A53 54
MOVE A54 23
MOVE A55 23
MOVE A56 21
MOVE B37 37
MOVE B38 37
MOVE B40 207
MOVE B41 238
MOVE B42 238
DAMAGE TURRET A2 1
DAMAGE TURRET A12 1
DAMAGE COMBAT A12 1
DAMAGE COMBAT A13 1
DAMAGE COMBAT B33 6
DAMAGE COMBAT B35 4
END TURN 204
TURN 205
COMMAND LEFT START
MOVE A50 220
MOVE A49 127
MOVE A48 127
MOVE A47 127
MOVE A32 127
MOVE A31 127
COMMAND LEFT END
COMMAND RIGHT START
TRAIN 2
COMMAND RIGHT END
TURN 205 RESULT
TIME LEFT 0 5 RIGHT 0 5
TRAIN B43 B44
MOVE A31 121
MOVE A32 121
MOVE A33 143
MOVE A47 121
MOVE A48 121
MOVE A49 121
MOVE A50 132
MOVE A51 105
MOVE A52 105
MOVE A53 71
MOVE A54 40
MOVE A55 40
MOVE A56 39
MOVE B37 24
MOVE B38 24
MOVE B40 186
MOVE B41 231
MOVE B42 231
DAMAGE TURRET A13 2
DAMAGE TURRET B37 1
DAMAGE COMBAT A13 1
DAMAGE COMBAT A29 2
DAMAGE COMBAT B35 2
DAMAGE COMBAT B37 1
SIEGE B 176 6
END TURN 205
TURN 206
COMMAND LEFT START
MOVE A39 122
MOVE A59 122
MOVE A58 122
TRAIN 2
COMMAND LEFT END
COMMAND RIGHT START
MOVE B43 176
MOVE B44 165
TRAIN 2
COMMAND RIGHT END
TURN 206 RESULT
TIME LEFT 0 5 RIGHT 0 5
TRAIN A60 A61 B45 B46
MOVE A31 128
MOVE A32 128
MOVE A33 163
MOVE A39 4
MOVE A47 128
MOVE A48 128
MOVE A49 128
MOVE A50 151
MOVE A51 122
MOVE A52 122
MOVE A53 85
MOVE A54 54
MOVE A55 54
MOVE A56 49
MOVE A58 4
MOVE A59 4
MOVE B40 165
MOVE B41 220
MOVE B42 220
MOVE B43 238
MOVE B44 238
DAMAGE TURRET A13 2
DAMAGE TURRET A33 2
DAMAGE TURRET B38 1
DAMAGE COMBAT A29 1
DAMAGE COMBAT A33 1
DAMAGE COMBAT B34 1
DAMAGE COMBAT B38 1
SIEGE B 176 8
END TURN 206
TURN 207
COMMAND LEFT START
MOVE A61 122
MOVE A60 122
TRAIN 1
COMMAND LEFT END
COMMAND RIGHT START
MOVE B40 72
MOVE B45 176
MOVE B46 176
COMMAND RIGHT END
TURN 207 RESULT
TIME LEFT 0 5 RIGHT 0 5
TRAIN A62
MOVE A31 126
MOVE A32 126
MOVE A39 10
MOVE A47 126
MOVE A48 126
MOVE A49 126
MOVE A50 171
MOVE A53 105
MOVE A54 71
MOVE A55 71
MOVE A56 66
MOVE A58 10
MOVE A59 10
MOVE A60 4
MOVE A61 4
MOVE B40 140
MOVE B41 207
MOVE B43 233
MOVE B44 231
MOVE B45 238
MOVE B46 238
DAMAGE TURRET A13 1
DAMAGE TURRET A14 1
DAMAGE TURRET A33 2
DAMAGE TURRET B38 1
DAMAGE COMBAT A29 1
DAMAGE COMBAT A33 1
DAMAGE COMBAT B34 1
DAMAGE COMBAT B38 1
SIEGE B 176 4
END TURN 207
TURN 208
COMMAND LEFT START
MOVE A62 122
UPGRADE 176
COMMAND LEFT END
COMMAND RIGHT START
COMMAND RIGHT END
TURN 208 RESULT
TIME LEFT 0 5 RIGHT 0 5
UPGRADE A 176
MOVE A31 125
MOVE A32 125
MOVE A39 23
MOVE A47 125
MOVE A48 125
MOVE A49 125
MOVE A50 187
MOVE A53 122
MOVE A54 85
MOVE A55 85
MOVE A56 82
MOVE A58 23
MOVE A59 23
MOVE A60 10
MOVE A61 10
MOVE A62 4
MOVE B40 128
MOVE B41 186
MOVE B43 223
MOVE B44 220
MOVE B45 233
MOVE B46 233
DAMAGE TURRET A33 2
DAMAGE TURRET B38 1
DAMAGE COMBAT A29 1
DAMAGE COMBAT B34 1
DAMAGE COMBAT B38 1
END TURN 208
TURN 209
COMMAND LEFT START
MOVE A46 122
MOVE A45 122
MOVE A36 122
MOVE A30 122
MOVE A17 122
MOVE A16 122
COMMAND LEFT END
COMMAND RIGHT START
COMMAND RIGHT END
TURN 209 RESULT
TIME LEFT 0 5 RIGHT 0 5
MOVE A16 154
MOVE A17 154
MOVE A30 154
MOVE A31 137
MOVE A32 137
MOVE A36 154
MOVE A39 40
MOVE A45 154
MOVE A46 154
MOVE A47 137
MOVE A48 137
MOVE A49 137
MOVE A50 207
MOVE A54 105
MOVE A55 105
MOVE A56 100
MOVE A58 40
MOVE A59 40
MOVE A60 23
MOVE A61 23
MOVE A62 10
MOVE B40 111
MOVE B41 165
MOVE B43 213
MOVE B44 207
MOVE B45 223
MOVE B46 223
DAMAGE COMBAT A50 1
DAMAGE COMBAT B44 1
END TURN 209
TURN 210
COMMAND LEFT START
MOVE A53 163
COMMAND LEFT END
COMMAND RIGHT START
MOVE B41 72
COMMAND RIGHT END
TURN 210 RESULT
TIME LEFT 0 5 RIGHT 0 5
MOVE A16 145
MOVE A17 145
MOVE A30 145
MOVE A31 129
MOVE A32 129
MOVE A36 145
MOVE A39 54
MOVE A45 145
MOVE A46 145
MOVE A47 129
MOVE A48 129
MOVE A49 129
MOVE A53 123
MOVE A54 122
MOVE A55 122
MOVE A56 118
MOVE A58 54
MOVE A59 54
MOVE A60 40
MOVE A61 40
MOVE A62 23
MOVE B40 102
MOVE B41 140
MOVE B43 210
MOVE B45 213
MOVE B46 213
DAMAGE COMBAT A50 1
DAMAGE COMBAT B44 1
END TURN 210
TURN 211
COMMAND LEFT START
COMMAND LEFT END
COMMAND RIGHT START
COMMAND RIGHT END
TURN 211 RESULT
TIME LEFT 0 5 RIGHT 0 5
MOVE A16 144
MOVE A17 144
MOVE A30 144
MOVE A31 131
MOVE A32 131
MOVE A36 144
MOVE A39 71
MOVE A45 144
MOVE A46 144
MOVE A47 131
MOVE A48 131
MOVE A49 131
MOVE A53 133
MOVE A56 135
MOVE A58 71
MOVE A59 71
MOVE A60 54
MOVE A61 54
MOVE A62 40
MOVE B40 86
MOVE B41 128
MOVE B43 198
MOVE B45 210
MOVE B46 210
DAMAGE COMBAT A50 1
DAMAGE COMBAT B44 1
END TURN 211
TURN 212
COMMAND LEFT START
TRAIN 1
COMMAND LEFT END
COMMAND RIGHT START
COMMAND RIGHT END
TURN 212 RESULT
TIME LEFT 0 5 RIGHT 0 5
TRAIN A63
MOVE A16 140
MOVE A17 140
MOVE A30 140
MOVE A31 127
MOVE A32 127
MOVE A36 140
MOVE A39 85
MOVE A45 140
MOVE A46 140
MOVE A47 127
MOVE A48 127
MOVE A49 127
MOVE A53 135
MOVE A56 149
MOVE A58 85
MOVE A59 85
MOVE A60 71
MOVE A61 71
MOVE A62 54
MOVE B40 72
MOVE B41 111
MOVE B43 176
MOVE B45 198
MOVE B46 198
DAMAGE TURRET A31 2
DAMAGE TURRET B43 1
DAMAGE COMBAT A14 1
DAMAGE COMBAT A31 1
DAMAGE COMBAT A50 1
DAMAGE COMBAT B12 2
DAMAGE COMBAT B43 1
DAMAGE COMBAT B44 1
SIEGE B 127 3
END TURN 212
TURN 213
COMMAND LEFT START
MOVE A63 122
TRAIN 2
COMMAND LEFT END
COMMAND RIGHT START
MOVE B40 24
COMMAND RIGHT END
TURN 213 RESULT
TIME LEFT 0 5 RIGHT 0 5
TRAIN A64 A65
MOVE A16 132
MOVE A17 132
MOVE A30 132
MOVE A36 132
MOVE A39 105
MOVE A45 132
MOVE A46 132
MOVE A53 138
MOVE A56 166
MOVE A58 105
MOVE A59 105
MOVE A60 85
MOVE A61 85
MOVE A62 71
MOVE A63 4
MOVE B40 54
MOVE B41 102
MOVE B45 176
MOVE B46 176
DAMAGE TURRET A31 2
DAMAGE TURRET B43 1
DAMAGE COMBAT A14 3
DAMAGE COMBAT A50 1
DAMAGE COMBAT B43 1
DAMAGE COMBAT B44 1
SIEGE B 127 5
END TURN 213
TURN 214
COMMAND LEFT START
MOVE A51 81
TRAIN 1
COMMAND LEFT END
COMMAND RIGHT START
COMMAND RIGHT END
TURN 214 RESULT
TIME LEFT 0 5 RIGHT 0 5
TRAIN A66
MOVE A16 122
MOVE A17 122
MOVE A30 122
MOVE A36 122
MOVE A39 122
MOVE A45 122
MOVE A46 122
MOVE A51 121
MOVE A53 134
MOVE A56 182
MOVE A58 122
MOVE A59 122
MOVE A60 105
MOVE A61 105
MOVE A62 85
MOVE A63 10
MOVE B40 37
MOVE B41 86
DAMAGE TURRET A31 2
DAMAGE TURRET B43 1
DAMAGE COMBAT A14 2
DAMAGE COMBAT A50 1
DAMAGE COMBAT B43 1
DAMAGE COMBAT B44 1
SIEGE B 127 5
SIEGE A 176 1
END TURN 214
TURN 215
COMMAND LEFT START
MOVE A59 230
MOVE A66 122
MOVE A65 122
MOVE A64 122
TRAIN 1
COMMAND LEFT END
COMMAND RIGHT START
MOVE B43 86
COMMAND RIGHT END
TURN 215 RESULT
TIME LEFT 0 5 RIGHT 0 5
TRAIN A67
MOVE A51 111
MOVE A53 143
MOVE A56 191
MOVE A59 139
MOVE A60 122
MOVE A61 122
MOVE A62 105
MOVE A63 23
MOVE A64 4
MOVE A65 4
MOVE A66 4
MOVE B40 24
MOVE B41 72
MOVE B43 154
DAMAGE TURRET A31 1
DAMAGE TURRET A32 1
DAMAGE TURRET B40 1
DAMAGE TURRET B45 1
DAMAGE COMBAT A29 1
DAMAGE COMBAT A50 1
DAMAGE COMBAT B40 1
DAMAGE COMBAT B44 1
SIEGE B 127 5
SIEGE A 176 2
END TURN 215
TURN 216
COMMAND LEFT START
MOVE A32 122
MOVE A47 122
MOVE A67 122
UPGRADE 127
TRAIN 1
COMMAND LEFT END
COMMAND RIGHT START
MOVE B41 24
MOVE B45 163
MOVE B46 163
COMMAND RIGHT END
TURN 216 RESULT
TIME LEFT 0 5 RIGHT 0 5
UPGRADE A 127
TRAIN A68
MOVE A32 131
MOVE A47 131
MOVE A50 220
MOVE A51 109
MOVE A53 163
MOVE A56 203
MOVE A59 159
MOVE A62 122
MOVE A63 40
MOVE A64 10
MOVE A65 10
MOVE A66 10
MOVE A67 4
MOVE B41 54
MOVE B43 145
MOVE B45 177
MOVE B46 177
DAMAGE TURRET A50 1
DAMAGE TURRET A53 2
DAMAGE TURRET A56 2
DAMAGE TURRET B40 1
DAMAGE COMBAT A29 1
DAMAGE COMBAT A56 3
DAMAGE COMBAT B7 1
DAMAGE COMBAT B23 1
DAMAGE COMBAT B40 1
SIEGE B 163 1
END TURN 216
TURN 217
COMMAND LEFT START
MOVE A48 176
MOVE A53 117
MOVE A62 220
COMMAND LEFT END
COMMAND RIGHT START
COMMAND RIGHT END
TURN 217 RESULT
TIME LEFT 0 5 RIGHT 0 5
MOVE A32 129
MOVE A47 129
MOVE A48 131
MOVE A51 106
MOVE A53 141
MOVE A59 172
MOVE A62 132
MOVE A63 54
MOVE A64 23
MOVE A65 23
MOVE A66 23
MOVE A67 10
MOVE B41 37
MOVE B43 125
MOVE B45 167
MOVE B46 167
DAMAGE TURRET A56 2
DAMAGE TURRET B40 1
DAMAGE COMBAT A29 1
DAMAGE COMBAT A56 1
DAMAGE COMBAT B31 1
DAMAGE COMBAT B40 1
END TURN 217
TURN 218
COMMAND LEFT START
MOVE A40 24
MOVE A41 24
MOVE A42 24
MOVE A16 176
MOVE A17 0
MOVE A30 0
MOVE A61 163
MOVE A60 163
MOVE A58 163
MOVE A55 163
MOVE A54 163
MOVE A52 163
MOVE A46 163
MOVE A45 163
MOVE A39 163
MOVE A36 163
COMMAND LEFT END
COMMAND RIGHT START
COMMAND RIGHT END
TURN 218 RESULT
TIME LEFT 0 5 RIGHT 0 5
MOVE A16 132
MOVE A17 105
MOVE A30 105
MOVE A32 137
MOVE A36 123
MOVE A39 123
MOVE A40 6
MOVE A41 6
MOVE A42 6
MOVE A45 123
MOVE A46 123
MOVE A47 137
MOVE A48 156
MOVE A51 110
MOVE A52 123
MOVE A53 130
MOVE A54 123
MOVE A55 123
MOVE A58 123
MOVE A59 193
MOVE A60 123
MOVE A61 123
MOVE A62 151
MOVE A63 71
MOVE A64 40
MOVE A65 40
MOVE A66 40
MOVE A67 23
MOVE B41 24
MOVE B43 109
MOVE B45 162
MOVE B46 162
DAMAGE TURRET B40 1
SIEGE A 24 2
END TURN 218
TURN 219
COMMAND LEFT START
MOVE A43 24
MOVE A57 24
TRAIN 1
COMMAND LEFT END
COMMAND RIGHT START
COMMAND RIGHT END
TURN 219 RESULT
TIME LEFT 0 5 RIGHT 0 5
TRAIN A69
MOVE A16 140
MOVE A17 85
MOVE A30 85
MOVE A32 125
MOVE A36 133
MOVE A39 133
MOVE A40 13
MOVE A41 13
MOVE A42 13
MOVE A43 6
MOVE A45 133
MOVE A46 133
MOVE A47 125
MOVE A48 176
MOVE A51 101
MOVE A52 133
MOVE A53 117
MOVE A54 133
MOVE A55 133
MOVE A57 6
MOVE A58 133
MOVE A59 215
MOVE A60 133
MOVE A61 133
MOVE A62 171
MOVE A63 85
MOVE A64 54
MOVE A65 54
MOVE A66 54
MOVE A67 40
MOVE B43 96
MOVE B45 165
MOVE B46 165
DAMAGE TURRET B41 1
SIEGE A 24 1
END TURN 219
TURN 220
COMMAND LEFT START
MOVE A68 24
MOVE A25 24
TRAIN 1
COMMAND LEFT END
COMMAND RIGHT START
COMMAND RIGHT END
TURN 220 RESULT
TIME LEFT 0 5 RIGHT 0 5
TRAIN A70
MOVE A16 144
MOVE A17 71
MOVE A25 91
MOVE A30 71
MOVE A32 126
MOVE A36 135
MOVE A39 135
MOVE A40 24
MOVE A41 24
MOVE A42 24
MOVE A43 13
MOVE A45 135
MOVE A46 135
MOVE A47 126
MOVE A51 81
MOVE A52 135
MOVE A54 135
MOVE A55 135
MOVE A57 13
MOVE A58 135
MOVE A59 230
MOVE A60 135
MOVE A61 135
MOVE A62 187
MOVE A63 105
MOVE A64 71
MOVE A65 71
MOVE A66 71
MOVE A67 54
MOVE A68 6
MOVE B43 86
MOVE B45 171
MOVE B46 171
DAMAGE TURRET A59 2
DAMAGE TURRET B41 1
DAMAGE COMBAT A40 1
DAMAGE COMBAT A59 3
DAMAGE COMBAT B3 1
DAMAGE COMBAT B41 3
END TURN 220
TURN 221
COMMAND LEFT START
MOVE A69 24
MOVE A21 24
TRAIN 1
COMMAND LEFT END
COMMAND RIGHT START
MOVE B43 24
COMMAND RIGHT END
TURN 221 RESULT
TIME LEFT 0 5 RIGHT 0 5
TRAIN A71
MOVE A16 145
MOVE A17 54
MOVE A21 74
MOVE A25 75
MOVE A30 54
MOVE A32 128
MOVE A36 138
MOVE A39 138
MOVE A43 24
MOVE A45 138
MOVE A46 138
MOVE A47 128
MOVE A52 138
MOVE A54 138
MOVE A55 138
MOVE A57 24
MOVE A58 138
MOVE A60 138
MOVE A61 138
MOVE A62 207
MOVE A63 122
MOVE A64 85
MOVE A65 85
MOVE A66 85
MOVE A67 71
MOVE A68 13
MOVE A69 6
MOVE B43 72
MOVE B45 173
MOVE B46 173
DAMAGE TURRET A59 2
DAMAGE TURRET B41 1
DAMAGE COMBAT A40 1
DAMAGE COMBAT A59 1
DAMAGE COMBAT B3 1
DAMAGE COMBAT B41 1
END TURN 221
TURN 222
COMMAND LEFT START
MOVE A70 24
MOVE A40 0
MOVE A41 0
MOVE A57 122
MOVE A43 122
COMMAND LEFT END
COMMAND RIGHT START
COMMAND RIGHT END
TURN 222 RESULT
TIME LEFT 0 5 RIGHT 0 5
MOVE A16 154
MOVE A17 40
MOVE A21 64
MOVE A25 59
MOVE A30 40
MOVE A32 121
MOVE A36 134
MOVE A39 134
MOVE A40 13
MOVE A41 13
MOVE A43 37
MOVE A45 134
MOVE A46 134
MOVE A47 121
MOVE A52 134
MOVE A54 134
MOVE A55 134
MOVE A57 37
MOVE A58 134
MOVE A60 134
MOVE A61 134
MOVE A62 220
MOVE A64 105
MOVE A65 105
MOVE A66 105
MOVE A67 85
MOVE A68 24
MOVE A69 13
MOVE A70 6
MOVE B43 54
MOVE B45 172
MOVE B46 172
DAMAGE TURRET A62 2
DAMAGE COMBAT A62 3
DAMAGE COMBAT B23 1
END TURN 222
TURN 223
COMMAND LEFT START
MOVE A68 122
COMMAND LEFT END
COMMAND RIGHT START
COMMAND RIGHT END
TURN 223 RESULT
TIME LEFT 0 5 RIGHT 0 5
MOVE A16 176
MOVE A17 23
MOVE A21 63
MOVE A25 46
MOVE A30 23
MOVE A32 122
MOVE A36 143
MOVE A39 143
MOVE A40 6
MOVE A41 6
MOVE A43 57
MOVE A45 143
MOVE A46 143
MOVE A47 122
MOVE A52 143
MOVE A54 143
MOVE A55 143
MOVE A57 57
MOVE A58 143
MOVE A60 143
MOVE A61 143
MOVE A64 122
MOVE A65 122
MOVE A66 122
MOVE A67 105
MOVE A68 37
MOVE A69 24
MOVE A70 13
MOVE B43 37
MOVE B45 175
MOVE B46 175
DAMAGE TURRET A62 2
DAMAGE COMBAT A62 1
DAMAGE COMBAT A68 1
DAMAGE COMBAT B23 1
DAMAGE COMBAT B43 1
END TURN 223
TURN 224
COMMAND LEFT START
MOVE A66 203
MOVE A69 122
MOVE A48 122
COMMAND LEFT END
COMMAND RIGHT START
UPGRADE 244
COMMAND RIGHT END
TURN 224 RESULT
TIME LEFT 0 5 RIGHT 0 5
UPGRADE B 244
MOVE A17 10
MOVE A21 62
MOVE A25 50
MOVE A30 10
MOVE A36 163
MOVE A39 163
MOVE A40 0
MOVE A41 0
MOVE A43 73
MOVE A45 163
MOVE A46 163
MOVE A48 154
MOVE A52 163
MOVE A54 163
MOVE A55 163
MOVE A57 73
MOVE A58 163
MOVE A60 163
MOVE A61 163
MOVE A66 139
MOVE A67 122
MOVE A68 57
MOVE A69 37
MOVE A70 24
MOVE B45 174
MOVE B46 174
DAMAGE TURRET A36 2
SIEGE B 163 10
END TURN 224
TURN 225
COMMAND LEFT START
MOVE A67 220
MOVE A70 122
COMMAND LEFT END
COMMAND RIGHT START
TRAIN 1
COMMAND RIGHT END
TURN 225 RESULT
TIME LEFT 0 5 RIGHT 0 5
TRAIN B47
MOVE A17 4
MOVE A21 53
MOVE A25 39
MOVE A30 4
MOVE A43 93
MOVE A48 145
MOVE A57 93
MOVE A66 158
MOVE A67 132
MOVE A68 73
MOVE A69 57
MOVE A70 37
MOVE B45 179
MOVE B46 179
DAMAGE TURRET A36 2
SIEGE B 163 7
END TURN 225
TURN 226
COMMAND LEFT START
MOVE A36 122
MOVE A39 122
MOVE A45 122
MOVE A46 122
MOVE A52 122
MOVE A54 122
MOVE A55 122
MOVE A58 122
UPGRADE 163
COMMAND LEFT END
COMMAND RIGHT START
MOVE B47 127
TRAIN 1
COMMAND RIGHT END
TURN 226 RESULT
TIME LEFT 0 5 RIGHT 0 5
UPGRADE A 163
TRAIN B48
MOVE A17 0
MOVE A21 42
MOVE A25 27
MOVE A30 0
MOVE A36 143
MOVE A39 143
MOVE A43 112
MOVE A45 143
MOVE A46 143
MOVE A48 144
MOVE A52 143
MOVE A54 143
MOVE A55 143
MOVE A57 112
MOVE A58 143
MOVE A66 174
MOVE A67 151
MOVE A68 93
MOVE A69 73
MOVE A70 57
MOVE B45 182
MOVE B46 182
MOVE B47 238
END TURN 226
TURN 227
COMMAND LEFT START
MOVE A61 122
COMMAND LEFT END
COMMAND RIGHT START
MOVE B48 220
TRAIN 1
COMMAND RIGHT END
TURN 227 RESULT
TIME LEFT 0 5 RIGHT 0 5
TRAIN B49
MOVE A21 38
MOVE A25 24
MOVE A36 134
MOVE A39 134
MOVE A43 122
MOVE A45 134
MOVE A46 134
MOVE A48 140
MOVE A52 134
MOVE A54 134
MOVE A55 134
MOVE A57 122
MOVE A58 134
MOVE A61 143
MOVE A66 179
MOVE A67 171
MOVE A68 112
MOVE A69 93
MOVE A70 73
MOVE B45 181
MOVE B46 181
MOVE B47 233
MOVE B48 238
END TURN 227
TURN 228
COMMAND LEFT START
MOVE A65 230
MOVE A42 122
COMMAND LEFT END
COMMAND RIGHT START
MOVE B49 220
TRAIN 2
COMMAND RIGHT END
TURN 228 RESULT
TIME LEFT 0 5 RIGHT 0 5
TRAIN B50 B51
MOVE A21 29
MOVE A36 138
MOVE A39 138
MOVE A42 37
MOVE A45 138
MOVE A46 138
MOVE A48 132
MOVE A52 138
MOVE A54 138
MOVE A55 138
MOVE A58 138
MOVE A61 134
MOVE A65 139
MOVE A66 191
MOVE A67 187
MOVE A68 122
MOVE A69 112
MOVE A70 93
MOVE B45 180
MOVE B46 180
MOVE B47 223
MOVE B48 231
MOVE B49 238
END TURN 228
TURN 229
COMMAND LEFT START
TRAIN 1
COMMAND LEFT END
COMMAND RIGHT START
MOVE B50 203
MOVE B51 230
COMMAND RIGHT END
TURN 229 RESULT
TIME LEFT 0 5 RIGHT 0 5
TRAIN A72
MOVE A21 23
MOVE A36 135
MOVE A39 135
MOVE A42 57
MOVE A45 135
MOVE A46 135
MOVE A48 122
MOVE A52 135
MOVE A54 135
MOVE A55 135
MOVE A58 135
MOVE A61 138
MOVE A65 159
MOVE A66 203
MOVE A67 207
MOVE A69 122
MOVE A70 112
MOVE B45 170
MOVE B46 170
MOVE B47 213
MOVE B48 220
MOVE B49 231
MOVE B50 240
MOVE B51 240
DAMAGE TURRET A66 2
DAMAGE COMBAT A66 2
DAMAGE COMBAT B31 1
END TURN 229
TURN 230
COMMAND LEFT START
MOVE A72 122
TRAIN 2
COMMAND LEFT END
COMMAND RIGHT START
MOVE B48 203
COMMAND RIGHT END
TURN 230 RESULT
TIME LEFT 0 5 RIGHT 0 5
TRAIN A73 A74
MOVE A21 24
MOVE A36 133
MOVE A39 133
MOVE A42 73
MOVE A45 133
MOVE A46 133
MOVE A52 133
MOVE A54 133
MOVE A55 133
MOVE A58 133
MOVE A61 135
MOVE A65 172
MOVE A67 220
MOVE A70 122
MOVE A72 4
MOVE B45 163
MOVE B46 163
MOVE B47 210
MOVE B48 221
MOVE B49 220
MOVE B50 237
MOVE B51 237
DAMAGE TURRET A66 2
DAMAGE TURRET A67 2
DAMAGE TURRET B45 1
DAMAGE COMBAT A60 2
DAMAGE COMBAT A66 2
DAMAGE COMBAT A67 4
DAMAGE COMBAT B23 1
DAMAGE COMBAT B31 1
DAMAGE COMBAT B45 1
END TURN 230
TURN 231
COMMAND LEFT START
MOVE A25 122
MOVE A74 122
MOVE A73 122
TRAIN 1
COMMAND LEFT END
COMMAND RIGHT START
COMMAND RIGHT END
TURN 231 RESULT
TIME LEFT 0 5 RIGHT 0 5
TRAIN A75
MOVE A25 37
MOVE A36 123
MOVE A39 123
MOVE A42 93
MOVE A45 123
MOVE A46 123
MOVE A52 123
MOVE A54 123
MOVE A55 123
MOVE A58 123
MOVE A61 133
MOVE A65 193
MOVE A72 10
MOVE A73 4
MOVE A74 4
MOVE B47 198
MOVE B48 215
MOVE B50 230
MOVE B51 230
DAMAGE TURRET A67 2
DAMAGE TURRET B45 1
DAMAGE COMBAT A60 2
DAMAGE COMBAT B23 1
DAMAGE COMBAT B45 1
END TURN 231
TURN 232
COMMAND LEFT START
MOVE A32 176
MOVE A43 176
MOVE A47 176
MOVE A75 122
TRAIN 1
COMMAND LEFT END
COMMAND RIGHT START
MOVE B49 203
TRAIN 3
COMMAND RIGHT END
TURN 232 RESULT
TIME LEFT 0 5 RIGHT 0 5
TRAIN A76 B52 B53 B54
MOVE A25 57
MOVE A32 132
MOVE A36 122
MOVE A39 122
MOVE A42 112
MOVE A43 132
MOVE A45 122
MOVE A46 122
MOVE A47 132
MOVE A52 122
MOVE A54 122
MOVE A55 122
MOVE A58 122
MOVE A61 123
MOVE A65 215
MOVE A72 23
MOVE A73 10
MOVE A74 10
MOVE A75 4
MOVE B47 185
MOVE B48 222
MOVE B49 221
MOVE B50 222
DAMAGE TURRET B45 1
DAMAGE COMBAT A60 2
DAMAGE COMBAT B45 1
END TURN 232
TURN 233
COMMAND LEFT START
MOVE A36 176
MOVE A39 176
MOVE A45 176
MOVE A70 203
MOVE A69 220
MOVE A68 220
MOVE A64 220
MOVE A63 220
MOVE A58 220
MOVE A57 220
MOVE A55 220
MOVE A54 220
MOVE A52 220
MOVE A48 220
MOVE A46 220
COMMAND LEFT END
COMMAND RIGHT START
MOVE B52 203
MOVE B53 203
MOVE B54 203
COMMAND RIGHT END
TURN 233 RESULT
TIME LEFT 0 5 RIGHT 0 5
MOVE A25 73
MOVE A32 140
MOVE A36 132
MOVE A39 132
MOVE A42 122
MOVE A43 140
MOVE A45 132
MOVE A46 132
MOVE A47 140
MOVE A48 132
MOVE A52 132
MOVE A54 132
MOVE A55 132
MOVE A57 132
MOVE A58 132
MOVE A61 122
MOVE A63 132
MOVE A64 132
MOVE A65 230
MOVE A68 132
MOVE A69 132
MOVE A70 139
MOVE A72 40
MOVE A73 23
MOVE A74 23
MOVE A75 10
MOVE B47 169
MOVE B48 212
MOVE B49 215
MOVE B50 212
MOVE B52 240
MOVE B53 240
MOVE B54 240
DAMAGE TURRET A65 2
DAMAGE TURRET B46 1
DAMAGE COMBAT A60 1
DAMAGE COMBAT A65 3
DAMAGE COMBAT B24 1
DAMAGE COMBAT B46 1
END TURN 233
TURN 234
COMMAND LEFT START
MOVE A76 122
TRAIN 2
COMMAND LEFT END
COMMAND RIGHT START
TRAIN 3
COMMAND RIGHT END
TURN 234 RESULT
TIME LEFT 0 5 RIGHT 0 5
TRAIN A77 A78 B55 B56 B57
MOVE A25 93
MOVE A32 144
MOVE A36 140
MOVE A39 140
MOVE A43 144
MOVE A45 140
MOVE A46 151
MOVE A47 144
MOVE A48 151
MOVE A52 151
MOVE A54 151
MOVE A55 151
MOVE A57 151
MOVE A58 151
MOVE A63 151
MOVE A64 151
MOVE A68 151
MOVE A69 151
MOVE A70 158
MOVE A72 54
MOVE A73 40
MOVE A74 40
MOVE A75 23
MOVE A76 4
MOVE B47 153
MOVE B48 203
MOVE B49 222
MOVE B50 203
MOVE B52 237
MOVE B53 237
MOVE B54 237
DAMAGE TURRET A65 2
DAMAGE TURRET B46 1
DAMAGE COMBAT A60 1
DAMAGE COMBAT A65 1
DAMAGE COMBAT B24 1
DAMAGE COMBAT B46 1
END TURN 234
TURN 235
COMMAND LEFT START
MOVE A78 122
MOVE A77 122
TRAIN 1
COMMAND LEFT END
COMMAND RIGHT START
MOVE B46 244
MOVE B48 163
MOVE B50 163
MOVE B55 184
MOVE B56 184
MOVE B57 184
TRAIN 2
COMMAND RIGHT END
TURN 235 RESULT
TIME LEFT 0 5 RIGHT 0 5
TRAIN A79 B58 B59
MOVE A25 112
MOVE A32 145
MOVE A36 144
MOVE A39 144
MOVE A43 145
MOVE A45 144
MOVE A46 171
MOVE A47 145
MOVE A48 171
MOVE A52 171
MOVE A54 171
MOVE A55 171
MOVE A57 171
MOVE A58 171
MOVE A63 171
MOVE A64 171
MOVE A68 171
MOVE A69 171
MOVE A70 174
MOVE A72 71
MOVE A73 54
MOVE A74 54
MOVE A75 40
MOVE A76 10
MOVE A77 4
MOVE A78 4
MOVE B46 170
MOVE B47 127
MOVE B48 192
MOVE B49 212
MOVE B50 192
MOVE B52 230
MOVE B53 230
MOVE B54 230
MOVE B55 240
MOVE B56 240
MOVE B57 240
DAMAGE TURRET B47 1
DAMAGE COMBAT A49 1
DAMAGE COMBAT B47 1
END TURN 235
TURN 236
COMMAND LEFT START
MOVE A42 163
MOVE A79 122
TRAIN 2
COMMAND LEFT END
COMMAND RIGHT START
MOVE B58 184
MOVE B59 184
TRAIN 1
COMMAND RIGHT END
TURN 236 RESULT
TIME LEFT 0 5 RIGHT 0 5
TRAIN A80 A81 B60
MOVE A25 122
MOVE A32 154
MOVE A36 145
MOVE A39 145
MOVE A42 123
MOVE A43 154
MOVE A45 145
MOVE A46 187
MOVE A47 154
MOVE A48 187
MOVE A52 187
MOVE A54 187
MOVE A55 187
MOVE A57 187
MOVE A58 187
MOVE A63 187
MOVE A64 187
MOVE A68 187
MOVE A69 187
MOVE A70 179
MOVE A72 85
MOVE A73 71
MOVE A74 71
MOVE A75 54
MOVE A76 23
MOVE A77 10
MOVE A78 10
MOVE A79 4
MOVE B46 180
MOVE B48 181
MOVE B49 203
MOVE B50 181
MOVE B52 222
MOVE B53 222
MOVE B54 222
MOVE B55 237
MOVE B56 237
MOVE B57 237
MOVE B58 240
MOVE B59 240
DAMAGE TURRET B47 1
DAMAGE COMBAT A49 1
DAMAGE COMBAT B47 1
END TURN 236
TURN 237
COMMAND LEFT START
MOVE A25 163
MOVE A81 230
MOVE A80 122
COMMAND LEFT END
COMMAND RIGHT START
MOVE B49 244
TRAIN 1
COMMAND RIGHT END
TURN 237 RESULT
TIME LEFT 0 5 RIGHT 0 5
TRAIN B61
MOVE A25 123
MOVE A32 176
MOVE A36 154
MOVE A39 154
MOVE A42 133
MOVE A43 176
MOVE A45 154
MOVE A46 207
MOVE A47 176
MOVE A48 207
MOVE A52 207
MOVE A54 207
MOVE A55 207
MOVE A57 207
MOVE A58 207
MOVE A63 207
MOVE A64 207
MOVE A68 207
MOVE A69 207
MOVE A70 191
MOVE A72 105
MOVE A73 85
MOVE A74 85
MOVE A75 71
MOVE A76 40
MOVE A77 23
MOVE A78 23
MOVE A79 10
MOVE A80 4
MOVE A81 6
MOVE B46 181
MOVE B48 180
MOVE B49 212
MOVE B50 180
MOVE B52 212
MOVE B53 212
MOVE B54 212
MOVE B55 230
MOVE B56 230
MOVE B57 230
MOVE B58 237
MOVE B59 237
DAMAGE TURRET B47 1
DAMAGE COMBAT A49 1
DAMAGE COMBAT B47 1
END TURN 237
TURN 238
COMMAND LEFT START
MOVE A17 163
MOVE A16 0
MOVE A47 122
MOVE A43 122
TRAIN 2
COMMAND LEFT END
COMMAND RIGHT START
TRAIN 1
COMMAND RIGHT END
TURN 238 RESULT
TIME LEFT 0 5 RIGHT 0 5
TRAIN A82 A83 B62
MOVE A16 154
MOVE A17 6
MOVE A25 133
MOVE A36 176
MOVE A39 176
MOVE A42 135
MOVE A43 154
MOVE A45 176
MOVE A46 220
MOVE A47 154
MOVE A48 220
MOVE A52 220
MOVE A54 220
MOVE A55 220
MOVE A57 220
MOVE A58 220
MOVE A63 220
MOVE A64 220
MOVE A68 220
MOVE A69 220
MOVE A70 203
MOVE A72 122
MOVE A73 105
MOVE A74 105
MOVE A75 85
MOVE A76 54
MOVE A77 40
MOVE A78 40
MOVE A79 23
MOVE A80 10
MOVE A81 13
MOVE B46 192
MOVE B48 170
MOVE B49 222
MOVE B50 170
MOVE B52 203
MOVE B53 203
MOVE B54 203
MOVE B55 226
MOVE B56 226
MOVE B57 226
MOVE B58 230
MOVE B59 230
DAMAGE TURRET A68 2
DAMAGE TURRET A70 2
DAMAGE TURRET B47 1
DAMAGE COMBAT A49 1
DAMAGE COMBAT A68 3
DAMAGE COMBAT A70 5
DAMAGE COMBAT B23 1
DAMAGE COMBAT B25 6
DAMAGE COMBAT B31 1
DAMAGE COMBAT B42 4
DAMAGE COMBAT B47 1
END TURN 238
TURN 239
COMMAND LEFT START
MOVE A61 163
MOVE A83 122
MOVE A45 122
MOVE A39 122
MOVE A36 122
TRAIN 1
COMMAND LEFT END
COMMAND RIGHT START
MOVE B60 220
MOVE B61 220
MOVE B62 203
TRAIN 1
COMMAND RIGHT END
TURN 239 RESULT
TIME LEFT 0 5 RIGHT 0 5
TRAIN A84 B63
MOVE A16 137
MOVE A17 11
MOVE A25 135
MOVE A36 154
MOVE A39 154
MOVE A42 138
MOVE A43 145
MOVE A45 154
MOVE A47 145
MOVE A61 123
MOVE A73 122
MOVE A74 122
MOVE A75 105
MOVE A76 71
MOVE A77 54
MOVE A78 54
MOVE A79 40
MOVE A80 23
MOVE A81 24
MOVE A83 4
MOVE B46 203
MOVE B48 163
MOVE B49 230
MOVE B50 163
MOVE B55 224
MOVE B56 224
MOVE B57 224
MOVE B58 226
MOVE B59 226
MOVE B60 238
MOVE B61 238
MOVE B62 240
DAMAGE TURRET A68 2
DAMAGE TURRET A70 1
DAMAGE TURRET B48 1
DAMAGE COMBAT A46 1
DAMAGE COMBAT B31 1
DAMAGE COMBAT B42 3
SIEGE A 163 2
SIEGE B 220 8
END TURN 239
TURN 240
COMMAND LEFT START
MOVE A72 117
MOVE A84 122
TRAIN 2
COMMAND LEFT END
COMMAND RIGHT START
MOVE B48 243
MOVE B50 243
MOVE B52 244
MOVE B54 244
MOVE B63 220
TRAIN 1
COMMAND RIGHT END
TURN 240 RESULT
TIME LEFT 0 5 RIGHT 0 5
TRAIN A85 A86 B64
MOVE A16 106
MOVE A17 21
MOVE A25 138
MOVE A36 145
MOVE A39 145
MOVE A42 134
MOVE A43 144
MOVE A45 145
MOVE A47 144
MOVE A61 133
MOVE A72 123
MOVE A75 122
MOVE A76 85
MOVE A77 71
MOVE A78 71
MOVE A79 54
MOVE A80 40
MOVE A81 37
MOVE A83 10
MOVE A84 4
MOVE B46 212
MOVE B48 184
MOVE B49 237
MOVE B50 184
MOVE B52 212
MOVE B54 212
MOVE B55 216
MOVE B56 216
MOVE B57 216
MOVE B58 224
MOVE B59 224
MOVE B60 231
MOVE B61 231
MOVE B62 237
MOVE B63 238
DAMAGE TURRET A46 2
SIEGE B 220 10
END TURN 240
TURN 241
COMMAND LEFT START
MOVE A73 163
MOVE A46 122
MOVE A48 122
MOVE A52 122
MOVE A54 122
MOVE A55 122
MOVE A57 122
MOVE A58 122
MOVE A63 122
MOVE A86 203
MOVE A85 122
UPGRADE 220
COMMAND LEFT END
COMMAND RIGHT START
COMMAND RIGHT END
TURN 241 RESULT
TIME LEFT 0 5 RIGHT 0 5
UPGRADE A 220
MOVE A16 95
MOVE A17 39
MOVE A25 134
MOVE A36 144
MOVE A39 144
MOVE A42 143
MOVE A43 140
MOVE A45 144
MOVE A46 207
MOVE A47 140
MOVE A48 207
MOVE A52 207
MOVE A54 207
MOVE A55 207
MOVE A57 207
MOVE A58 207
MOVE A61 135
MOVE A63 207
MOVE A72 116
MOVE A73 123
MOVE A76 105
MOVE A77 85
MOVE A78 85
MOVE A79 71
MOVE A80 54
MOVE A81 57
MOVE A83 23
MOVE A84 10
MOVE A85 4
MOVE A86 6
MOVE B46 222
MOVE B48 196
MOVE B49 240
MOVE B50 196
MOVE B52 222
MOVE B54 222
MOVE B55 201
MOVE B56 201
MOVE B57 201
MOVE B58 216
MOVE B59 216
MOVE B60 220
MOVE B61 220
MOVE B62 230
MOVE B63 231
DAMAGE TURRET B60 1
DAMAGE COMBAT A64 2
DAMAGE COMBAT B60 2
END TURN 241
TURN 242
COMMAND LEFT START
MOVE A74 163
COMMAND LEFT END
COMMAND RIGHT START
COMMAND RIGHT END
TURN 242 RESULT
TIME LEFT 0 5 RIGHT 0 5
MOVE A16 83
MOVE A17 49
MOVE A25 143
MOVE A36 140
MOVE A39 140
MOVE A42 163
MOVE A43 132
MOVE A45 140
MOVE A46 187
MOVE A47 132
MOVE A48 187
MOVE A52 187
MOVE A54 187
MOVE A55 187
MOVE A57 187
MOVE A58 187
MOVE A61 138
MOVE A63 187
MOVE A72 118
MOVE A73 133
MOVE A74 123
MOVE A76 122
MOVE A77 105
MOVE A78 105
MOVE A79 85
MOVE A80 71
MOVE A81 73
MOVE A83 40
MOVE A84 23
MOVE A85 10
MOVE A86 11
MOVE B46 230
MOVE B48 201
MOVE B49 244
MOVE B50 201
MOVE B52 230
MOVE B54 230
MOVE B55 196
MOVE B56 196
MOVE B57 196
MOVE B58 201
MOVE B59 201
MOVE B62 222
MOVE B63 220
DAMAGE TURRET B60 1
DAMAGE COMBAT A64 3
DAMAGE COMBAT B60 2
END TURN 242
TURN 243
COMMAND LEFT START
MOVE A75 220
COMMAND LEFT END
COMMAND RIGHT START
MOVE B49 165
MOVE B64 165
COMMAND RIGHT END
TURN 243 RESULT
TIME LEFT 0 5 RIGHT 0 5
MOVE A16 65
MOVE A17 66
MOVE A25 163
MOVE A36 132
MOVE A39 132
MOVE A43 122
MOVE A45 132
MOVE A46 171
MOVE A47 122
MOVE A48 171
MOVE A52 171
MOVE A54 171
MOVE A55 171
MOVE A57 171
MOVE A58 171
MOVE A61 134
MOVE A63 171
MOVE A72 119
MOVE A73 135
MOVE A74 133
MOVE A75 132
MOVE A77 122
MOVE A78 122
MOVE A79 105
MOVE A80 85
MOVE A81 93
MOVE A83 54
MOVE A84 40
MOVE A85 23
MOVE A86 21
MOVE B46 237
MOVE B48 216
MOVE B49 238
MOVE B50 216
MOVE B52 237
MOVE B54 237
MOVE B55 184
MOVE B56 184
MOVE B57 184
MOVE B58 196
MOVE B59 196
MOVE B62 212
MOVE B64 238
DAMAGE TURRET B60 1
DAMAGE COMBAT A64 3
DAMAGE COMBAT B60 1
DAMAGE COMBAT B61 1
END TURN 243
TURN 244
COMMAND LEFT START
MOVE A42 122
TRAIN 1
COMMAND LEFT END
COMMAND RIGHT START
MOVE B55 77
MOVE B56 77
MOVE B57 77
COMMAND RIGHT END
TURN 244 RESULT
TIME LEFT 0 5 RIGHT 0 5
TRAIN A87
MOVE A16 47
MOVE A17 82
MOVE A36 122
MOVE A39 122
MOVE A42 143
MOVE A45 122
MOVE A46 151
MOVE A48 151
MOVE A52 151
MOVE A54 151
MOVE A55 151
MOVE A57 151
MOVE A58 151
MOVE A61 143
MOVE A63 151
MOVE A72 107
MOVE A73 138
MOVE A74 135
MOVE A75 151
MOVE A79 122
MOVE A80 105
MOVE A81 104
MOVE A83 71
MOVE A84 54
MOVE A85 40
MOVE A86 39
MOVE B46 240
MOVE B48 224
MOVE B49 231
MOVE B50 224
MOVE B52 240
MOVE B54 240
MOVE B55 170
MOVE B56 170
MOVE B57 170
MOVE B58 184
MOVE B59 184
MOVE B62 203
MOVE B64 231
DAMAGE TURRET B61 1
DAMAGE COMBAT A69 2
DAMAGE COMBAT B61 1
END TURN 244
TURN 245
COMMAND LEFT START
MOVE A36 163
MOVE A39 163
MOVE A43 163
MOVE A45 163
MOVE A87 122
TRAIN 1
COMMAND LEFT END
COMMAND RIGHT START
MOVE B58 77
MOVE B59 77
MOVE B62 116
COMMAND RIGHT END
TURN 245 RESULT
TIME LEFT 0 5 RIGHT 0 5
TRAIN A88
MOVE A16 38
MOVE A17 99
MOVE A36 123
MOVE A39 123
MOVE A42 134
MOVE A43 123
MOVE A45 123
MOVE A46 132
MOVE A48 132
MOVE A52 132
MOVE A54 132
MOVE A55 132
MOVE A57 132
MOVE A58 132
MOVE A61 163
MOVE A63 132
MOVE A72 115
MOVE A73 134
MOVE A74 138
MOVE A75 171
MOVE A80 122
MOVE A81 116
MOVE A83 85
MOVE A84 71
MOVE A85 54
MOVE A86 49
MOVE A87 4
MOVE B46 244
MOVE B48 235
MOVE B49 220
MOVE B50 235
MOVE B52 244
MOVE B54 244
MOVE B55 143
MOVE B56 143
MOVE B57 143
MOVE B58 170
MOVE B59 170
MOVE B62 191
MOVE B64 220
DAMAGE TURRET B61 1
DAMAGE COMBAT A69 4
DAMAGE COMBAT B61 1
END TURN 245
TURN 246
COMMAND LEFT START
TRAIN 2
COMMAND LEFT END
COMMAND RIGHT START
MOVE B52 165
MOVE B54 165
COMMAND RIGHT END
TURN 246 RESULT
TIME LEFT 0 5 RIGHT 0 5
TRAIN A89 A90
MOVE A16 29
MOVE A17 107
MOVE A36 133
MOVE A39 133
MOVE A42 138
MOVE A43 133
MOVE A45 133
MOVE A46 122
MOVE A48 122
MOVE A52 122
MOVE A54 122
MOVE A55 122
MOVE A57 122
MOVE A58 122
MOVE A63 122
MOVE A72 113
MOVE A73 143
MOVE A74 134
MOVE A75 187
MOVE A81 133
MOVE A83 105
MOVE A84 85
MOVE A85 71
MOVE A86 66
MOVE A87 10
MOVE B48 241
MOVE B50 241
MOVE B52 238
MOVE B54 238
MOVE B55 134
MOVE B56 134
MOVE B57 134
MOVE B58 143
MOVE B59 143
MOVE B62 179
DAMAGE TURRET B61 1
DAMAGE COMBAT A69 2
DAMAGE COMBAT A73 2
DAMAGE COMBAT A74 3
DAMAGE COMBAT B55 1
DAMAGE COMBAT B58 1
DAMAGE COMBAT B61 1
SIEGE A 220 2
END TURN 246
TURN 247
COMMAND LEFT START
TRAIN 1
COMMAND LEFT END
COMMAND RIGHT START
COMMAND RIGHT END
TURN 247 RESULT
TIME LEFT 0 5 RIGHT 0 5
TRAIN A91
MOVE A16 17
MOVE A17 134
MOVE A36 135
MOVE A39 135
MOVE A42 135
MOVE A43 135
MOVE A45 135
MOVE A72 117
MOVE A75 207
MOVE A81 148
MOVE A83 122
MOVE A84 105
MOVE A85 85
MOVE A86 82
MOVE A87 23
MOVE B48 243
MOVE B49 207
MOVE B50 243
MOVE B52 231
MOVE B54 231
MOVE B62 161
MOVE B64 207
DAMAGE TURRET B61 1
DAMAGE COMBAT A73 2
DAMAGE COMBAT A74 3
DAMAGE COMBAT A75 2
DAMAGE COMBAT B49 1
DAMAGE COMBAT B55 2
DAMAGE COMBAT B58 1
SIEGE A 220 2
END TURN 247
TURN 248
COMMAND LEFT START
TRAIN 1
COMMAND LEFT END
COMMAND RIGHT START
MOVE B48 220
MOVE B50 220
COMMAND RIGHT END
TURN 248 RESULT
TIME LEFT 0 5 RIGHT 0 5
TRAIN A92
MOVE A16 10
MOVE A36 138
MOVE A39 138
MOVE A42 133
MOVE A43 138
MOVE A45 138
MOVE A81 174
MOVE A84 122
MOVE A85 105
MOVE A86 100
MOVE A87 40
MOVE B48 240
MOVE B50 240
MOVE B52 220
MOVE B54 220
MOVE B62 148
DAMAGE TURRET B52 1
DAMAGE COMBAT A17 1
DAMAGE COMBAT A73 2
DAMAGE COMBAT A74 2
DAMAGE COMBAT A75 2
DAMAGE COMBAT B49 1
DAMAGE COMBAT B55 2
DAMAGE COMBAT B58 1
SIEGE A 220 2
END TURN 248
TURN 249
COMMAND LEFT START
TRAIN 1
COMMAND LEFT END
COMMAND RIGHT START
MOVE B63 203
COMMAND RIGHT END
TURN 249 RESULT
TIME LEFT 0 5 RIGHT 0 5
TRAIN A93
MOVE A16 4
MOVE A36 134
MOVE A39 134
MOVE A42 123
MOVE A43 134
MOVE A45 134
MOVE A81 197
MOVE A85 122
MOVE A86 118
MOVE A87 54
MOVE B48 231
MOVE B50 231
MOVE B52 207
MOVE B54 207
MOVE B62 133
MOVE B63 221
DAMAGE COMBAT A36 3
DAMAGE COMBAT A73 2
DAMAGE COMBAT A75 4
DAMAGE COMBAT B49 1
DAMAGE COMBAT B55 3
DAMAGE COMBAT B56 2
DAMAGE COMBAT B58 1
END TURN 249
TURN 250
COMMAND LEFT START
MOVE A85 220
COMMAND LEFT END
COMMAND RIGHT START
TRAIN 1
COMMAND RIGHT END
TURN 250 RESULT
TIME LEFT 0 5 RIGHT 0 5
TRAIN B65
MOVE A16 0
MOVE A42 122
MOVE A81 206
MOVE A85 132
MOVE A86 135
MOVE A87 71
MOVE B48 220
MOVE B49 186
MOVE B50 220
MOVE B52 186
MOVE B54 186
MOVE B58 134
MOVE B59 134
MOVE B62 116
MOVE B63 215
MOVE B64 186
DAMAGE COMBAT A17 3
DAMAGE COMBAT A36 1
DAMAGE COMBAT B56 1
DAMAGE COMBAT B58 4
END TURN 250
TURN 251
COMMAND LEFT START
TRAIN 3
COMMAND LEFT END
COMMAND RIGHT START
MOVE B48 203
MOVE B50 203
MOVE B62 58
MOVE B65 203
TRAIN 1
COMMAND RIGHT END
TURN 251 RESULT
TIME LEFT 0 5 RIGHT 0 5
TRAIN A94 A95 A96 B66
MOVE A81 222
MOVE A85 151
MOVE A86 149
MOVE A87 85
MOVE B48 221
MOVE B49 165
MOVE B50 221
MOVE B52 165
MOVE B54 165
MOVE B62 104
MOVE B63 222
MOVE B64 165
MOVE B65 240
DAMAGE COMBAT A17 3
DAMAGE COMBAT A81 1
DAMAGE COMBAT B56 4
DAMAGE COMBAT B63 1
END TURN 251
TURN 252
COMMAND LEFT START
TRAIN 1
COMMAND LEFT END
COMMAND RIGHT START
MOVE B49 203
MOVE B52 203
MOVE B54 203
MOVE B64 203
MOVE B66 203
COMMAND RIGHT END
TURN 252 RESULT
TIME LEFT 0 5 RIGHT 0 5
TRAIN A97
MOVE A85 171
MOVE A86 166
MOVE A87 105
MOVE B48 215
MOVE B49 171
MOVE B50 215
MOVE B52 171
MOVE B54 171
MOVE B62 79
MOVE B64 171
MOVE B65 237
MOVE B66 240
DAMAGE COMBAT A17 1
DAMAGE COMBAT A39 2
DAMAGE COMBAT A81 1
DAMAGE COMBAT A85 4
DAMAGE COMBAT B49 1
DAMAGE COMBAT B56 1
DAMAGE COMBAT B57 3
DAMAGE COMBAT B63 1
END TURN 252
TURN 253
COMMAND LEFT START
TRAIN 1
COMMAND LEFT END
COMMAND RIGHT START
TRAIN 1
COMMAND RIGHT END
TURN 253 RESULT
TIME LEFT 0 5 RIGHT 0 5
TRAIN A98 B67
MOVE A86 182
MOVE A87 122
MOVE B48 222
MOVE B50 222
MOVE B62 58
MOVE B65 230
MOVE B66 237
DAMAGE COMBAT A39 2
DAMAGE COMBAT A81 3
DAMAGE COMBAT A85 4
DAMAGE COMBAT B49 1
DAMAGE COMBAT B57 3
DAMAGE COMBAT B63 1
END TURN 253
TURN 254
COMMAND LEFT START
TRAIN 2
COMMAND LEFT END
COMMAND RIGHT START
MOVE B62 115
MOVE B67 203
COMMAND RIGHT END
TURN 254 RESULT
TIME LEFT 0 5 RIGHT 0 5
TRAIN A99 A100
MOVE A86 191
MOVE B49 173
MOVE B52 173
MOVE B54 173
MOVE B62 66
MOVE B64 173
MOVE B65 222
MOVE B66 230
MOVE B67 240
DAMAGE COMBAT A39 2
DAMAGE COMBAT A81 3
DAMAGE COMBAT B57 2
DAMAGE COMBAT B59 1
DAMAGE COMBAT B63 1
END TURN 254
TURN 255
COMMAND LEFT START
MOVE A87 220
MOVE A84 230
COMMAND LEFT END
COMMAND RIGHT START
TRAIN 1
COMMAND RIGHT END
TURN 255 RESULT
TIME LEFT 0 5 RIGHT 0 5
TRAIN B68
MOVE A84 139
MOVE A86 203
MOVE A87 132
MOVE B48 212
MOVE B49 172
MOVE B50 212
MOVE B52 172
MOVE B54 172
MOVE B62 77
MOVE B63 212
MOVE B64 172
MOVE B65 212
MOVE B66 222
MOVE B67 237
DAMAGE TURRET A86 2
DAMAGE COMBAT A39 1
DAMAGE COMBAT A86 3
DAMAGE COMBAT B31 1
DAMAGE COMBAT B59 3
END TURN 255
TURN 256
COMMAND LEFT START
TRAIN 2
COMMAND LEFT END
COMMAND RIGHT START
MOVE B68 203
TRAIN 1
COMMAND RIGHT END
TURN 256 RESULT
TIME LEFT 0 5 RIGHT 0 5
TRAIN A101 A102 B69
MOVE A84 159
MOVE A87 151
MOVE B48 203
MOVE B49 175
MOVE B50 203
MOVE B52 175
MOVE B54 175
MOVE B62 90
MOVE B63 203
MOVE B64 175
MOVE B65 203
MOVE B66 212
MOVE B67 230
MOVE B68 240
DAMAGE TURRET A86 2
DAMAGE COMBAT A39 1
DAMAGE COMBAT A86 1
DAMAGE COMBAT B59 3
DAMAGE COMBAT B63 1
END TURN 256
TURN 257
COMMAND LEFT START
MOVE A53 68
MOVE A25 68
MOVE A16 68
MOVE A102 122
MOVE A101 122
MOVE A100 122
MOVE A99 122
MOVE A98 122
MOVE A97 122
MOVE A96 122
MOVE A95 122
MOVE A94 122
MOVE A93 122
MOVE A92 122
TRAIN 1
COMMAND LEFT END
COMMAND RIGHT START
MOVE B48 113
MOVE B50 113
MOVE B63 113
MOVE B65 113
MOVE B69 189
COMMAND RIGHT END
TURN 257 RESULT
TIME LEFT 0 5 RIGHT 0 5
TRAIN A103
MOVE A16 6
MOVE A25 141
MOVE A53 113
MOVE A84 172
MOVE A87 171
MOVE A92 4
MOVE A93 4
MOVE A94 4
MOVE A95 4
MOVE A96 4
MOVE A97 4
MOVE A98 4
MOVE A99 4
MOVE A100 4
MOVE A101 4
MOVE A102 4
MOVE B48 192
MOVE B49 197
MOVE B50 192
MOVE B52 197
MOVE B54 197
MOVE B62 98
MOVE B63 192
MOVE B64 197
MOVE B65 192
MOVE B66 203
MOVE B67 222
MOVE B68 237
MOVE B69 243
DAMAGE COMBAT A43 1
DAMAGE COMBAT B59 1
END TURN 257
TURN 258
COMMAND LEFT START
MOVE A103 122
MOVE A91 122
MOVE A90 122
MOVE A89 122
MOVE A88 122
TRAIN 1
COMMAND LEFT END
COMMAND RIGHT START
MOVE B66 230
TRAIN 1
COMMAND RIGHT END
TURN 258 RESULT
TIME LEFT 0 5 RIGHT 0 5
TRAIN A104 B70
MOVE A16 11
MOVE A25 130
MOVE A43 143
MOVE A45 143
MOVE A53 88
MOVE A84 193
MOVE A87 187
MOVE A88 4
MOVE A89 4
MOVE A90 4
MOVE A91 4
MOVE A92 10
MOVE A93 10
MOVE A94 10
MOVE A95 10
MOVE A96 10
MOVE A97 10
MOVE A98 10
MOVE A99 10
MOVE A100 10
MOVE A101 10
MOVE A102 10
MOVE A103 4
MOVE B48 181
MOVE B49 202
MOVE B50 181
MOVE B52 202
MOVE B54 202
MOVE B62 115
MOVE B63 181
MOVE B64 202
MOVE B65 181
MOVE B66 212
MOVE B67 212
MOVE B68 230
MOVE B69 242
END TURN 258
TURN 259
COMMAND LEFT START
MOVE A104 122
TRAIN 1
COMMAND LEFT END
COMMAND RIGHT START
MOVE B62 54
MOVE B70 230
COMMAND RIGHT END
TURN 259 RESULT
TIME LEFT 0 5 RIGHT 0 5
TRAIN A105
MOVE A16 21
MOVE A25 113
MOVE A43 163
MOVE A45 163
MOVE A53 68
MOVE A84 215
MOVE A87 207
MOVE A88 10
MOVE A89 10
MOVE A90 10
MOVE A91 10
MOVE A92 23
MOVE A93 23
MOVE A94 23
MOVE A95 23
MOVE A96 23
MOVE A97 23
MOVE A98 23
MOVE A99 23
MOVE A100 23
MOVE A101 23
MOVE A102 23
MOVE A103 10
MOVE A104 4
MOVE B48 164
MOVE B49 203
MOVE B50 164
MOVE B52 203
MOVE B54 203
MOVE B62 107
MOVE B63 164
MOVE B64 203
MOVE B65 164
MOVE B66 222
MOVE B67 203
MOVE B68 222
MOVE B69 228
MOVE B70 240
END TURN 259
TURN 260
COMMAND LEFT START
MOVE A53 122
MOVE A61 122
MOVE A45 122
MOVE A105 122
UPGRADE 14
COMMAND LEFT END
COMMAND RIGHT START
MOVE B49 230
MOVE B52 230
MOVE B54 230
MOVE B64 230
MOVE B67 230
COMMAND RIGHT END
TURN 260 RESULT
TIME LEFT 0 5 RIGHT 0 5
UPGRADE A 14
MOVE A16 31
MOVE A25 88
MOVE A45 143
MOVE A53 90
MOVE A61 143
MOVE A84 230
MOVE A87 220
MOVE A88 23
MOVE A89 23
MOVE A90 23
MOVE A91 23
MOVE A92 40
MOVE A93 40
MOVE A94 40
MOVE A95 40
MOVE A96 40
MOVE A97 40
MOVE A98 40
MOVE A99 40
MOVE A100 40
MOVE A101 40
MOVE A102 40
MOVE A103 23
MOVE A104 10
MOVE A105 4
MOVE B48 143
MOVE B49 212
MOVE B50 143
MOVE B52 212
MOVE B54 212
MOVE B62 99
MOVE B63 143
MOVE B64 212
MOVE B65 143
MOVE B66 230
MOVE B67 212
MOVE B68 212
MOVE B69 214
MOVE B70 237
DAMAGE TURRET A84 2
DAMAGE COMBAT A45 4
DAMAGE COMBAT A84 4
DAMAGE COMBAT B24 1
DAMAGE COMBAT B63 2
END TURN 260
TURN 261
COMMAND LEFT START
MOVE A42 14
UPGRADE 220
COMMAND LEFT END
COMMAND RIGHT START
TRAIN 1
COMMAND RIGHT END
TURN 261 RESULT
TIME LEFT 0 5 RIGHT 0 5
UPGRADE A 220
TRAIN B71
MOVE A16 34
MOVE A25 68
MOVE A42 105
MOVE A53 99
MOVE A88 40
MOVE A89 40
MOVE A90 40
MOVE A91 40
MOVE A92 54
MOVE A93 54
MOVE A94 54
MOVE A95 54
MOVE A96 54
MOVE A97 54
MOVE A98 54
MOVE A99 54
MOVE A100 54
MOVE A101 54
MOVE A102 54
MOVE A103 40
MOVE A104 23
MOVE A105 10
MOVE B49 222
MOVE B52 222
MOVE B54 222
MOVE B62 82
MOVE B64 222
MOVE B67 222
MOVE B68 203
MOVE B69 199
MOVE B70 230
DAMAGE TURRET A84 2
DAMAGE COMBAT A45 4
DAMAGE COMBAT B24 1
DAMAGE COMBAT B48 1
DAMAGE COMBAT B63 1
END TURN 261
TURN 262
COMMAND LEFT START
MOVE A25 122
COMMAND LEFT END
COMMAND RIGHT START
MOVE B71 230
TRAIN 1
COMMAND RIGHT END
TURN 262 RESULT
TIME LEFT 0 5 RIGHT 0 5
TRAIN B72
MOVE A16 46
MOVE A25 90
MOVE A42 85
MOVE A53 100
MOVE A88 54
MOVE A89 54
MOVE A90 54
MOVE A91 54
MOVE A92 71
MOVE A93 71
MOVE A94 71
MOVE A95 71
MOVE A96 71
MOVE A97 71
MOVE A98 71
MOVE A99 71
MOVE A100 71
MOVE A101 71
MOVE A102 71
MOVE A103 54
MOVE A104 40
MOVE A105 23
MOVE B49 230
MOVE B52 230
MOVE B54 230
MOVE B62 79
MOVE B64 230
MOVE B67 230
MOVE B69 189
MOVE B71 240
DAMAGE COMBAT A61 3
DAMAGE COMBAT B48 1
END TURN 262
TURN 263
COMMAND LEFT START
MOVE A83 203
COMMAND LEFT END
COMMAND RIGHT START
MOVE B49 122
MOVE B52 122
MOVE B54 122
MOVE B64 122
MOVE B66 122
MOVE B67 122
MOVE B69 82
MOVE B70 122
MOVE B72 165
COMMAND RIGHT END
TURN 263 RESULT
TIME LEFT 0 5 RIGHT 0 5
MOVE A16 68
MOVE A25 99
MOVE A42 72
MOVE A53 104
MOVE A83 139
MOVE A88 71
MOVE A89 71
MOVE A90 71
MOVE A91 71
MOVE A92 85
MOVE A93 85
MOVE A94 85
MOVE A95 85
MOVE A96 85
MOVE A97 85
MOVE A98 85
MOVE A99 85
MOVE A100 85
MOVE A101 85
MOVE A102 85
MOVE A103 71
MOVE A104 54
MOVE A105 40
MOVE B49 215
MOVE B52 215
MOVE B54 215
MOVE B62 73
MOVE B64 215
MOVE B66 215
MOVE B67 215
MOVE B69 163
MOVE B70 215
MOVE B71 237
MOVE B72 238
DAMAGE TURRET B69 1
DAMAGE COMBAT A43 1
DAMAGE COMBAT A61 3
DAMAGE COMBAT B48 1
DAMAGE COMBAT B69 1
END TURN 263
TURN 264
COMMAND LEFT START
MOVE A16 122
UPGRADE 24
COMMAND LEFT END
COMMAND RIGHT START
COMMAND RIGHT END
TURN 264 RESULT
TIME LEFT 0 5 RIGHT 0 5
UPGRADE A 24
MOVE A16 90
MOVE A25 100
MOVE A42 51
MOVE A53 112
MOVE A83 158
MOVE A88 85
MOVE A89 85
MOVE A90 85
MOVE A91 85
MOVE A92 105
MOVE A93 105
MOVE A94 105
MOVE A95 105
MOVE A96 105
MOVE A97 105
MOVE A98 105
MOVE A99 105
MOVE A100 105
MOVE A101 105
MOVE A102 105
MOVE A103 85
MOVE A104 71
MOVE A105 54
MOVE B49 193
MOVE B52 193
MOVE B54 193
MOVE B62 54
MOVE B64 193
MOVE B66 193
MOVE B67 193
MOVE B70 193
MOVE B71 230
MOVE B72 231
DAMAGE TURRET B69 1
DAMAGE COMBAT A43 1
DAMAGE COMBAT A61 2
DAMAGE COMBAT A105 1
DAMAGE COMBAT B48 1
DAMAGE COMBAT B62 1
DAMAGE COMBAT B69 1
END TURN 264
TURN 265
COMMAND LEFT START
MOVE A46 24
COMMAND LEFT END
COMMAND RIGHT START
COMMAND RIGHT END
TURN 265 RESULT
TIME LEFT 0 5 RIGHT 0 5
MOVE A16 99
MOVE A25 104
MOVE A42 29
MOVE A46 112
MOVE A53 122
MOVE A83 174
MOVE A88 105
MOVE A89 105
MOVE A90 105
MOVE A91 105
MOVE A92 122
MOVE A93 122
MOVE A94 122
MOVE A95 122
MOVE A96 122
MOVE A97 122
MOVE A98 122
MOVE A99 122
MOVE A100 122
MOVE A101 122
MOVE A102 122
MOVE A103 105
MOVE A104 85
MOVE B48 124
MOVE B49 172
MOVE B50 124
MOVE B52 172
MOVE B54 172
MOVE B64 172
MOVE B65 124
MOVE B66 172
MOVE B67 172
MOVE B70 172
MOVE B72 220
DAMAGE TURRET B69 1
DAMAGE TURRET B72 1
DAMAGE COMBAT A43 1
DAMAGE COMBAT A87 1
DAMAGE COMBAT A105 1
DAMAGE COMBAT B62 1
DAMAGE COMBAT B69 1
DAMAGE COMBAT B72 1
END TURN 265
TURN 266
COMMAND LEFT START
UPGRADE 41
COMMAND LEFT END
COMMAND RIGHT START
COMMAND RIGHT END
TURN 266 RESULT
TIME LEFT 0 5 RIGHT 0 5
UPGRADE A 41
MOVE A16 100
MOVE A25 112
MOVE A42 14
MOVE A46 93
MOVE A83 179
MOVE A88 122
MOVE A89 122
MOVE A90 122
MOVE A91 122
MOVE A103 122
MOVE A104 105
MOVE B48 113
MOVE B49 159
MOVE B50 113
MOVE B52 159
MOVE B54 159
MOVE B64 159
MOVE B65 113
MOVE B66 159
MOVE B67 159
MOVE B70 159
DAMAGE TURRET B69 1
DAMAGE TURRET B72 1
DAMAGE COMBAT A43 1
DAMAGE COMBAT A87 1
DAMAGE COMBAT A105 1
DAMAGE COMBAT B62 1
DAMAGE COMBAT B69 1
DAMAGE COMBAT B72 1
END TURN 266
TURN 267
COMMAND LEFT START
MOVE A47 87
MOVE A48 87
MOVE A52 87
MOVE A53 41
COMMAND LEFT END
COMMAND RIGHT START
MOVE B48 87
MOVE B50 87
MOVE B65 87
MOVE B71 122
TRAIN 2
COMMAND RIGHT END
TURN 267 RESULT
TIME LEFT 0 5 RIGHT 0 5
TRAIN B73 B74
MOVE A16 104
MOVE A25 122
MOVE A46 73
MOVE A47 112
MOVE A48 112
MOVE A52 112
MOVE A53 105
MOVE A83 191
MOVE A104 122
MOVE B48 87
MOVE B49 139
MOVE B50 87
MOVE B52 139
MOVE B54 139
MOVE B64 139
MOVE B65 87
MOVE B66 139
MOVE B67 139
MOVE B70 139
MOVE B71 215
DAMAGE TURRET B48 1
DAMAGE TURRET B72 1
DAMAGE COMBAT A23 3
DAMAGE COMBAT A87 1
DAMAGE COMBAT A105 1
DAMAGE COMBAT B48 1
DAMAGE COMBAT B62 1
DAMAGE COMBAT B72 1
END TURN 267
TURN 268
COMMAND LEFT START
COMMAND LEFT END
COMMAND RIGHT START
MOVE B73 165
MOVE B74 165
COMMAND RIGHT END
TURN 268 RESULT
TIME LEFT 0 5 RIGHT 0 5
MOVE A16 112
MOVE A46 57
MOVE A47 104
MOVE A48 104
MOVE A52 104
MOVE A53 86
MOVE A83 203
MOVE B49 122
MOVE B52 122
MOVE B54 122
MOVE B64 122
MOVE B66 122
MOVE B67 122
MOVE B70 122
MOVE B71 193
MOVE B73 238
MOVE B74 238
DAMAGE TURRET A83 2
DAMAGE TURRET B48 1
DAMAGE TURRET B49 1
DAMAGE TURRET B72 1
DAMAGE COMBAT A23 3
DAMAGE COMBAT A25 1
DAMAGE COMBAT A54 6
DAMAGE COMBAT A83 3
DAMAGE COMBAT A87 1
DAMAGE COMBAT A105 1
DAMAGE COMBAT B32 1
DAMAGE COMBAT B49 2
DAMAGE COMBAT B50 1
DAMAGE COMBAT B52 7
DAMAGE COMBAT B54 8
DAMAGE COMBAT B62 1
DAMAGE COMBAT B64 8
DAMAGE COMBAT B66 3
DAMAGE COMBAT B72 1
END TURN 268
TURN 269
COMMAND LEFT START
UPGRADE 68
COMMAND LEFT END
COMMAND RIGHT START
TRAIN 3
COMMAND RIGHT END
TURN 269 RESULT
TIME LEFT 0 5 RIGHT 0 5
UPGRADE A 68
TRAIN B75 B76 B77
MOVE A16 122
MOVE A46 37
MOVE A47 100
MOVE A48 100
MOVE A52 100
MOVE A53 70
MOVE B71 172
MOVE B73 231
MOVE B74 231
DAMAGE TURRET A83 2
DAMAGE TURRET B50 1
DAMAGE TURRET B66 1
DAMAGE COMBAT A16 1
DAMAGE COMBAT A23 2
DAMAGE COMBAT A54 2
DAMAGE COMBAT A83 1
DAMAGE COMBAT A105 1
DAMAGE COMBAT B32 1
DAMAGE COMBAT B50 1
DAMAGE COMBAT B62 1
DAMAGE COMBAT B66 4
DAMAGE COMBAT B67 8
DAMAGE COMBAT B70 8
END TURN 269
TURN 270
COMMAND LEFT START
MOVE A16 220
MOVE A55 220
MOVE A57 220
MOVE A58 68
TRAIN 1
COMMAND LEFT END
COMMAND RIGHT START
MOVE B50 23
MOVE B65 23
MOVE B75 230
MOVE B76 230
MOVE B77 230
TRAIN 3
COMMAND RIGHT END
TURN 270 RESULT
TIME LEFT 0 5 RIGHT 0 5
TRAIN A106 B78 B79 B80
MOVE A16 132
MOVE A46 24
MOVE A47 99
MOVE A48 99
MOVE A52 99
MOVE A53 65
MOVE A55 132
MOVE A57 132
MOVE A58 112
MOVE B50 88
MOVE B65 88
MOVE B71 159
MOVE B73 220
MOVE B74 220
MOVE B75 240
MOVE B76 240
MOVE B77 240
DAMAGE TURRET B73 1
DAMAGE COMBAT A87 2
DAMAGE COMBAT A105 1
DAMAGE COMBAT B62 1
DAMAGE COMBAT B73 1
END TURN 270
TURN 271
COMMAND LEFT START
MOVE A30 87
COMMAND LEFT END
COMMAND RIGHT START
MOVE B78 230
MOVE B79 230
MOVE B80 230
TRAIN 1
COMMAND RIGHT END
TURN 271 RESULT
TIME LEFT 0 5 RIGHT 0 5
TRAIN B81
MOVE A16 151
MOVE A30 6
MOVE A47 90
MOVE A48 90
MOVE A52 90
MOVE A53 53
MOVE A55 151
MOVE A57 151
MOVE A58 104
MOVE B50 90
MOVE B65 90
MOVE B71 139
MOVE B75 237
MOVE B76 237
MOVE B77 237
MOVE B78 240
MOVE B79 240
MOVE B80 240
DAMAGE TURRET B73 1
DAMAGE COMBAT A47 2
DAMAGE COMBAT A87 2
DAMAGE COMBAT A105 1
DAMAGE COMBAT B50 3
DAMAGE COMBAT B62 1
DAMAGE COMBAT B73 1
END TURN 271
TURN 272
COMMAND LEFT START
MOVE A21 87
MOVE A63 24
COMMAND LEFT END
COMMAND RIGHT START
MOVE B81 220
TRAIN 1
COMMAND RIGHT END
TURN 272 RESULT
TIME LEFT 0 5 RIGHT 0 5
TRAIN B82
MOVE A16 171
MOVE A21 27
MOVE A30 11
MOVE A53 41
MOVE A55 171
MOVE A57 171
MOVE A58 100
MOVE A63 112
MOVE B71 122
MOVE B73 207
MOVE B74 207
MOVE B75 230
MOVE B76 230
MOVE B77 230
MOVE B78 237
MOVE B79 237
MOVE B80 237
MOVE B81 238
DAMAGE TURRET B71 1
DAMAGE COMBAT A47 2
DAMAGE COMBAT A76 1
DAMAGE COMBAT B50 2
DAMAGE COMBAT B65 1
DAMAGE COMBAT B71 7
END TURN 272
TURN 273
COMMAND LEFT START
MOVE A40 87
TRAIN 1
COMMAND LEFT END
COMMAND RIGHT START
MOVE B75 220
MOVE B76 220
MOVE B77 220
MOVE B82 220
TRAIN 2
COMMAND RIGHT END
TURN 273 RESULT
TIME LEFT 0 5 RIGHT 0 5
TRAIN A107 B83 B84
MOVE A16 187
MOVE A21 39
MOVE A30 21
MOVE A40 6
MOVE A55 187
MOVE A57 187
MOVE A58 99
MOVE A63 93
MOVE B73 186
MOVE B74 186
MOVE B75 227
MOVE B76 227
MOVE B77 227
MOVE B78 230
MOVE B79 230
MOVE B80 230
MOVE B81 231
MOVE B82 238
DAMAGE COMBAT A47 1
DAMAGE COMBAT B65 3
END TURN 273
TURN 274
COMMAND LEFT START
MOVE A41 87
MOVE A76 220
MOVE A77 0
MOVE A104 203
COMMAND LEFT END
COMMAND RIGHT START
MOVE B78 220
MOVE B79 220
MOVE B80 220
MOVE B83 220
MOVE B84 220
COMMAND RIGHT END
TURN 274 RESULT
TIME LEFT 0 5 RIGHT 0 5
MOVE A16 207
MOVE A21 50
MOVE A30 31
MOVE A40 11
MOVE A41 6
MOVE A55 207
MOVE A57 207
MOVE A58 90
MOVE A63 73
MOVE A76 132
MOVE A77 105
MOVE A104 139
MOVE B73 165
MOVE B74 165
MOVE B75 221
MOVE B76 221
MOVE B77 221
MOVE B78 227
MOVE B79 227
MOVE B80 227
MOVE B81 220
MOVE B82 231
MOVE B83 238
MOVE B84 238
DAMAGE TURRET B81 1
DAMAGE COMBAT A47 1
DAMAGE COMBAT B65 4
SIEGE A 220 1
END TURN 274
TURN 275
COMMAND LEFT START
MOVE A78 220
MOVE A79 220
MOVE A80 220
MOVE A88 87
MOVE A103 230
COMMAND LEFT END
COMMAND RIGHT START
MOVE B73 220
MOVE B74 220
TRAIN 1
COMMAND RIGHT END
TURN 275 RESULT
TIME LEFT 0 5 RIGHT 0 5
TRAIN B85
MOVE A16 220
MOVE A21 61
MOVE A30 34
MOVE A40 21
MOVE A41 11
MOVE A47 88
MOVE A48 88
MOVE A52 88
MOVE A55 220
MOVE A57 220
MOVE A58 68
MOVE A63 57
MOVE A76 151
MOVE A77 85
MOVE A78 132
MOVE A79 132
MOVE A80 132
MOVE A88 112
MOVE A103 139
MOVE A104 158
MOVE B73 186
MOVE B74 186
MOVE B75 220
MOVE B76 220
MOVE B77 220
MOVE B78 221
MOVE B79 221
MOVE B80 221
MOVE B82 220
MOVE B83 231
MOVE B84 231
DAMAGE TURRET B81 1
DAMAGE COMBAT A16 5
DAMAGE COMBAT B81 3
END TURN 275
TURN 276
COMMAND LEFT START
MOVE A89 87
UPGRADE 81
COMMAND LEFT END
COMMAND RIGHT START
MOVE B85 220
COMMAND RIGHT END
TURN 276 RESULT
TIME LEFT 0 5 RIGHT 0 5
UPGRADE A 81
MOVE A21 67
MOVE A30 46
MOVE A40 31
MOVE A41 21
MOVE A47 87
MOVE A48 87
MOVE A52 87
MOVE A63 37
MOVE A76 171
MOVE A77 71
MOVE A78 151
MOVE A79 151
MOVE A80 151
MOVE A88 104
MOVE A89 112
MOVE A103 159
MOVE A104 174
MOVE B73 207
MOVE B74 207
MOVE B78 220
MOVE B79 220
MOVE B80 220
MOVE B83 220
MOVE B84 220
MOVE B85 238
DAMAGE TURRET B81 1
DAMAGE COMBAT A16 2
DAMAGE COMBAT A55 8
DAMAGE COMBAT B75 1
DAMAGE COMBAT B81 2
END TURN 276
TURN 277
COMMAND LEFT START
MOVE A90 81
MOVE A52 122
UPGRADE 87
COMMAND LEFT END
COMMAND RIGHT START
TRAIN 1
COMMAND RIGHT END
TURN 277 RESULT
TIME LEFT 0 5 RIGHT 0 5
UPGRADE A 87
TRAIN B86
MOVE A21 68
MOVE A30 59
MOVE A40 34
MOVE A41 31
MOVE A52 88
MOVE A63 24
MOVE A76 187
MOVE A77 54
MOVE A78 171
MOVE A79 171
MOVE A80 171
MOVE A88 100
MOVE A89 104
MOVE A90 121
MOVE A103 172
MOVE A104 179
MOVE B73 220
MOVE B74 220
MOVE B85 231
DAMAGE TURRET B73 1
DAMAGE COMBAT A57 8
DAMAGE COMBAT B73 1
SIEGE A 220 3
END TURN 277
TURN 278
COMMAND LEFT START
COMMAND LEFT END
COMMAND RIGHT START
MOVE B86 220
COMMAND RIGHT END
TURN 278 RESULT
TIME LEFT 0 5 RIGHT 0 5
MOVE A21 88
MOVE A30 87
MOVE A40 46
MOVE A41 34
MOVE A52 90
MOVE A76 207
MOVE A77 40
MOVE A78 187
MOVE A79 187
MOVE A80 187
MOVE A88 99
MOVE A89 100
MOVE A90 111
MOVE A103 193
MOVE A104 191
MOVE B85 220
MOVE B86 238
DAMAGE TURRET B73 1
SIEGE A 220 2
END TURN 278
TURN 279
COMMAND LEFT START
MOVE A48 122
COMMAND LEFT END
COMMAND RIGHT START
MOVE B73 230
MOVE B74 230
MOVE B75 230
MOVE B76 230
MOVE B77 230
MOVE B78 230
MOVE B79 230
MOVE B80 230
MOVE B82 230
MOVE B83 230
MOVE B84 230
MOVE B85 230
COMMAND RIGHT END
TURN 279 RESULT
TIME LEFT 0 5 RIGHT 0 5
MOVE A21 87
MOVE A40 59
MOVE A41 46
MOVE A48 88
MOVE A52 99
MOVE A76 220
MOVE A77 23
MOVE A78 207
MOVE A79 207
MOVE A80 207
MOVE A88 90
MOVE A89 99
MOVE A90 109
MOVE A103 215
MOVE A104 203
MOVE B73 221
MOVE B74 221
MOVE B75 221
MOVE B76 221
MOVE B77 221
MOVE B78 221
MOVE B79 221
MOVE B80 221
MOVE B82 221
MOVE B83 221
MOVE B84 221
MOVE B85 221
MOVE B86 231
DAMAGE TURRET A104 2
DAMAGE COMBAT A104 3
DAMAGE COMBAT B32 1
END TURN 279
TURN 280
COMMAND LEFT START
MOVE A47 122
UPGRADE 220
COMMAND LEFT END
COMMAND RIGHT START
TRAIN 1
COMMAND RIGHT END
TURN 280 RESULT
TIME LEFT 0 5 RIGHT 0 5
UPGRADE A 220
TRAIN B87
MOVE A40 87
MOVE A41 59
MOVE A47 88
MOVE A48 90
MOVE A52 100
MOVE A77 10
MOVE A78 220
MOVE A79 220
MOVE A80 220
MOVE A88 88
MOVE A89 90
MOVE A90 106
MOVE A103 230
MOVE B73 227
MOVE B74 227
MOVE B75 227
MOVE B76 227
MOVE B77 227
MOVE B78 227
MOVE B79 227
MOVE B80 227
MOVE B82 227
MOVE B83 227
MOVE B84 227
MOVE B85 227
MOVE B86 220
DAMAGE TURRET A103 2
DAMAGE TURRET A104 2
DAMAGE TURRET B86 1
DAMAGE COMBAT A76 1
DAMAGE COMBAT A103 3
DAMAGE COMBAT A104 1
DAMAGE COMBAT B24 1
DAMAGE COMBAT B32 1
DAMAGE COMBAT B86 4
END TURN 280
TURN 281
COMMAND LEFT START
MOVE A40 122
COMMAND LEFT END
COMMAND RIGHT START
MOVE B87 230
COMMAND RIGHT END
TURN 281 RESULT
TIME LEFT 0 5 RIGHT 0 5
MOVE A40 88
MOVE A41 87
MOVE A47 90
MOVE A48 99
MOVE A52 104
MOVE A77 4
MOVE A88 87
MOVE A89 88
MOVE A90 110
MOVE B73 230
MOVE B74 230
MOVE B75 230
MOVE B76 230
MOVE B77 230
MOVE B78 230
MOVE B79 230
MOVE B80 230
MOVE B82 230
MOVE B83 230
MOVE B84 230
MOVE B85 230
MOVE B87 240
DAMAGE TURRET A103 2
DAMAGE TURRET B86 1
DAMAGE COMBAT A76 1
DAMAGE COMBAT A103 1
DAMAGE COMBAT B24 1
DAMAGE COMBAT B86 2
END TURN 281
TURN 282
COMMAND LEFT START
MOVE A80 203
MOVE A79 122
MOVE A78 122
MOVE A88 122
MOVE A41 122
COMMAND LEFT END
COMMAND RIGHT START
MOVE B73 122
MOVE B74 122
MOVE B75 122
MOVE B76 122
MOVE B77 122
MOVE B78 122
MOVE B79 122
MOVE B80 122
MOVE B82 122
MOVE B83 122
MOVE B84 122
MOVE B85 122
TRAIN 2
COMMAND RIGHT END
TURN 282 RESULT
TIME LEFT 0 5 RIGHT 0 5
TRAIN B88 B89
MOVE A40 90
MOVE A41 88
MOVE A47 99
MOVE A48 100
MOVE A52 112
MOVE A77 0
MOVE A78 207
MOVE A79 207
MOVE A80 221
MOVE A88 88
MOVE A89 87
MOVE A90 101
MOVE B73 215
MOVE B74 215
MOVE B75 215
MOVE B76 215
MOVE B77 215
MOVE B78 215
MOVE B79 215
MOVE B80 215
MOVE B82 215
MOVE B83 215
MOVE B84 215
MOVE B85 215
MOVE B87 237
END TURN 282
TURN 283
COMMAND LEFT START
MOVE A89 122
UPGRADE 117
COMMAND LEFT END
COMMAND RIGHT START
MOVE B88 230
MOVE B89 230
COMMAND RIGHT END
TURN 283 RESULT
TIME LEFT 0 5 RIGHT 0 5
UPGRADE A 117
MOVE A40 99
MOVE A41 90
MOVE A47 100
MOVE A48 104
MOVE A52 122
MOVE A78 187
MOVE A79 187
MOVE A80 215
MOVE A88 90
MOVE A89 88
MOVE A90 81
MOVE B73 193
MOVE B74 193
MOVE B75 193
MOVE B76 193
MOVE B77 193
MOVE B78 193
MOVE B79 193
MOVE B80 193
MOVE B82 193
MOVE B83 193
MOVE B84 193
MOVE B85 193
MOVE B87 230
MOVE B88 240
MOVE B89 240
END TURN 283
TURN 284
COMMAND LEFT START
MOVE A52 117
UPGRADE 122
COMMAND LEFT END
COMMAND RIGHT START
COMMAND RIGHT END
TURN 284 RESULT
TIME LEFT 0 5 RIGHT 0 5
UPGRADE A 122
MOVE A40 100
MOVE A41 99
MOVE A47 104
MOVE A48 112
MOVE A52 123
MOVE A78 171
MOVE A79 171
MOVE A80 222
MOVE A88 99
MOVE A89 90
MOVE B73 172
MOVE B74 172
MOVE B75 172
MOVE B76 172
MOVE B77 172
MOVE B78 172
MOVE B79 172
MOVE B80 172
MOVE B82 172
MOVE B83 172
MOVE B84 172
MOVE B85 172
MOVE B88 237
MOVE B89 237
END TURN 284
TURN 285
COMMAND LEFT START
COMMAND LEFT END
COMMAND RIGHT START
COMMAND RIGHT END
TURN 285 RESULT
TIME LEFT 0 5 RIGHT 0 5
MOVE A40 104
MOVE A41 100
MOVE A47 112
MOVE A48 122
MOVE A52 116
MOVE A78 151
MOVE A79 151
MOVE A80 212
MOVE A88 100
MOVE A89 99
MOVE B73 159
MOVE B74 159
MOVE B75 159
MOVE B76 159
MOVE B77 159
MOVE B78 159
MOVE B79 159
MOVE B80 159
MOVE B82 159
MOVE B83 159
MOVE B84 159
MOVE B85 159
MOVE B88 230
MOVE B89 230
END TURN 285
TURN 286
COMMAND LEFT START
UPGRADE 127
COMMAND LEFT END
COMMAND RIGHT START
COMMAND RIGHT END
TURN 286 RESULT
TIME LEFT 0 5 RIGHT 0 5
UPGRADE A 127
MOVE A40 112
MOVE A41 104
MOVE A47 122
MOVE A52 118
MOVE A78 132
MOVE A79 132
MOVE A80 203
MOVE A88 104
MOVE A89 100
MOVE B73 139
MOVE B74 139
MOVE B75 139
MOVE B76 139
MOVE B77 139
MOVE B78 139
MOVE B79 139
MOVE B80 139
MOVE B82 139
MOVE B83 139
MOVE B84 139
MOVE B85 139
DAMAGE TURRET A80 2
DAMAGE COMBAT A80 3
DAMAGE COMBAT B32 1
END TURN 286
TURN 287
COMMAND LEFT START
MOVE A47 127
COMMAND LEFT END
COMMAND RIGHT START
COMMAND RIGHT END
TURN 287 RESULT
TIME LEFT 0 5 RIGHT 0 5
MOVE A40 122
MOVE A41 112
MOVE A47 121
MOVE A52 119
MOVE A78 122
MOVE A79 122
MOVE A88 112
MOVE A89 104
MOVE B73 122
MOVE B74 122
MOVE B75 122
MOVE B76 122
MOVE B77 122
MOVE B78 122
MOVE B79 122
MOVE B80 122
MOVE B82 122
MOVE B83 122
MOVE B84 122
MOVE B85 122
DAMAGE TURRET A80 2
DAMAGE TURRET B73 1
DAMAGE COMBAT A40 6
DAMAGE COMBAT A48 6
DAMAGE COMBAT A80 1
DAMAGE COMBAT B32 1
DAMAGE COMBAT B74 8
DAMAGE COMBAT B75 7
DAMAGE COMBAT B76 1
END TURN 287
TURN 288
COMMAND LEFT START
UPGRADE 157
COMMAND LEFT END
COMMAND RIGHT START
TRAIN 3
COMMAND RIGHT END
TURN 288 RESULT
TIME LEFT 0 5 RIGHT 0 5
UPGRADE A 157
TRAIN B90 B91 B92
MOVE A41 122
MOVE A47 128
MOVE A52 107
MOVE A88 122
MOVE A89 112
DAMAGE TURRET B76 1
DAMAGE COMBAT A41 7
DAMAGE COMBAT A48 2
DAMAGE COMBAT B76 6
DAMAGE COMBAT B77 8
DAMAGE COMBAT B78 3
END TURN 288
TURN 289
COMMAND LEFT START
COMMAND LEFT END
COMMAND RIGHT START
MOVE B90 203
MOVE B91 230
MOVE B92 230
TRAIN 3
COMMAND RIGHT END
TURN 289 RESULT
TIME LEFT 0 5 RIGHT 0 5
TRAIN B93 B94 B95
MOVE A47 126
MOVE A52 115
MOVE A89 122
MOVE B90 240
MOVE B91 240
MOVE B92 240
DAMAGE TURRET B78 1
DAMAGE COMBAT A41 1
DAMAGE COMBAT A78 6
DAMAGE COMBAT B78 4
DAMAGE COMBAT B79 8
DAMAGE COMBAT B80 5
END TURN 289
TURN 290
COMMAND LEFT START
TRAIN 1
COMMAND LEFT END
COMMAND RIGHT START
MOVE B93 230
MOVE B94 230
MOVE B95 230
TRAIN 1
COMMAND RIGHT END
TURN 290 RESULT
TIME LEFT 0 5 RIGHT 0 5
TRAIN A108 B96
MOVE A47 125
MOVE A52 113
MOVE B90 237
MOVE B91 237
MOVE B92 237
MOVE B93 240
MOVE B94 240
MOVE B95 240
DAMAGE TURRET B80 1
DAMAGE COMBAT A78 2
DAMAGE COMBAT A79 3
DAMAGE COMBAT B80 2
DAMAGE COMBAT B82 8
DAMAGE COMBAT B83 6
END TURN 290
TURN 291
COMMAND LEFT START
MOVE A71 157
UPGRADE 163
COMMAND LEFT END
COMMAND RIGHT START
MOVE B96 230
TRAIN 2
COMMAND RIGHT END
TURN 291 RESULT
TIME LEFT 0 5 RIGHT 0 5
UPGRADE A 163
TRAIN B97 B98
MOVE A47 137
MOVE A52 117
MOVE A71 4
MOVE B90 230
MOVE B91 230
MOVE B92 230
MOVE B93 237
MOVE B94 237
MOVE B95 237
MOVE B96 240
DAMAGE TURRET B83 1
DAMAGE COMBAT A79 3
DAMAGE COMBAT B83 1
DAMAGE COMBAT B84 8
DAMAGE COMBAT B85 6
END TURN 291
TURN 292
COMMAND LEFT START
TRAIN 1
COMMAND LEFT END
COMMAND RIGHT START
MOVE B87 122
MOVE B89 122
MOVE B91 122
MOVE B92 122
MOVE B97 165
MOVE B98 165
TRAIN 2
COMMAND RIGHT END
TURN 292 RESULT
TIME LEFT 0 5 RIGHT 0 5
TRAIN A109 B99 B100
MOVE A47 129
MOVE A71 7
MOVE B87 215
MOVE B89 215
MOVE B90 222
MOVE B91 215
MOVE B92 215
MOVE B93 230
MOVE B94 230
MOVE B95 230
MOVE B96 237
MOVE B97 238
MOVE B98 238
DAMAGE TURRET B85 1
DAMAGE COMBAT A79 1
DAMAGE COMBAT B85 1
END TURN 292
TURN 293
COMMAND LEFT START
MOVE A79 163
MOVE A109 122
UPGRADE 176
COMMAND LEFT END
COMMAND RIGHT START
MOVE B93 122
MOVE B94 122
MOVE B95 122
MOVE B99 165
MOVE B100 165
COMMAND RIGHT END
TURN 293 RESULT
TIME LEFT 0 5 RIGHT 0 5
UPGRADE A 176
MOVE A47 131
MOVE A71 14
MOVE A79 123
MOVE A109 4
MOVE B87 193
MOVE B89 193
MOVE B90 212
MOVE B91 193
MOVE B92 193
MOVE B93 215
MOVE B94 215
MOVE B95 215
MOVE B96 230
MOVE B97 231
MOVE B98 231
MOVE B99 238
MOVE B100 238
END TURN 293
TURN 294
COMMAND LEFT START
MOVE A88 220
MOVE A89 220
MOVE A91 220
MOVE A92 176
MOVE A102 203
COMMAND LEFT END
COMMAND RIGHT START
COMMAND RIGHT END
TURN 294 RESULT
TIME LEFT 0 5 RIGHT 0 5
MOVE A47 127
MOVE A71 22
MOVE A79 133
MOVE A88 132
MOVE A89 132
MOVE A91 132
MOVE A92 132
MOVE A102 139
MOVE A109 10
MOVE B87 172
MOVE B89 172
MOVE B90 203
MOVE B91 172
MOVE B92 172
MOVE B93 193
MOVE B94 193
MOVE B95 193
MOVE B97 220
MOVE B98 220
MOVE B99 231
MOVE B100 231
DAMAGE TURRET B97 1
DAMAGE COMBAT A76 2
DAMAGE COMBAT B97 1
END TURN 294
TURN 295
COMMAND LEFT START
UPGRADE 14
COMMAND LEFT END
COMMAND RIGHT START
TRAIN 1
COMMAND RIGHT END
TURN 295 RESULT
TIME LEFT 0 5 RIGHT 0 5
UPGRADE A 14
TRAIN B101
MOVE A71 32
MOVE A79 135
MOVE A88 151
MOVE A89 151
MOVE A91 151
MOVE A92 140
MOVE A102 158
MOVE A109 23
MOVE B87 159
MOVE B89 159
MOVE B91 159
MOVE B92 159
MOVE B93 172
MOVE B94 172
MOVE B95 172
MOVE B99 220
MOVE B100 220
DAMAGE TURRET B97 1
DAMAGE COMBAT A76 3
DAMAGE COMBAT B97 1
SIEGE A 220 1
END TURN 295
TURN 296
COMMAND LEFT START
MOVE A93 14
UPGRADE 24
COMMAND LEFT END
COMMAND RIGHT START
MOVE B96 220
MOVE B101 220
COMMAND RIGHT END
TURN 296 RESULT
TIME LEFT 0 5 RIGHT 0 5
UPGRADE A 24
MOVE A71 41
MOVE A79 138
MOVE A88 171
MOVE A89 171
MOVE A91 171
MOVE A92 144
MOVE A93 105
MOVE A102 174
MOVE A109 40
MOVE B87 139
MOVE B89 139
MOVE B91 139
MOVE B92 139
MOVE B93 159
MOVE B94 159
MOVE B95 159
MOVE B96 227
MOVE B97 207
MOVE B98 207
MOVE B99 207
MOVE B100 207
MOVE B101 238
END TURN 296
TURN 297
COMMAND LEFT START
MOVE A47 220
MOVE A94 24
MOVE A95 127
COMMAND LEFT END
COMMAND RIGHT START
COMMAND RIGHT END
TURN 297 RESULT
TIME LEFT 0 5 RIGHT 0 5
MOVE A47 153
MOVE A71 52
MOVE A79 134
MOVE A88 187
MOVE A89 187
MOVE A91 187
MOVE A92 145
MOVE A93 85
MOVE A94 112
MOVE A95 121
MOVE A102 179
MOVE A109 54
MOVE B87 122
MOVE B89 122
MOVE B91 122
MOVE B92 122
MOVE B93 139
MOVE B94 139
MOVE B95 139
MOVE B96 221
MOVE B97 186
MOVE B98 186
MOVE B99 186
MOVE B100 186
MOVE B101 231
DAMAGE TURRET B87 1
DAMAGE COMBAT A96 4
DAMAGE COMBAT B87 6
END TURN 297
TURN 298
COMMAND LEFT START
MOVE A11 220
TRAIN 1
COMMAND LEFT END
COMMAND RIGHT START
COMMAND RIGHT END
TURN 298 RESULT
TIME LEFT 0 5 RIGHT 0 5
TRAIN A110
MOVE A11 90
MOVE A47 169
MOVE A71 63
MOVE A79 143
MOVE A88 207
MOVE A89 207
MOVE A91 207
MOVE A92 154
MOVE A93 72
MOVE A94 93
MOVE A95 128
MOVE A102 191
MOVE A109 71
MOVE B93 122
MOVE B94 122
MOVE B95 122
MOVE B96 220
MOVE B97 165
MOVE B98 165
MOVE B99 165
MOVE B100 165
MOVE B101 220
DAMAGE TURRET B87 1
DAMAGE TURRET B96 1
DAMAGE COMBAT A96 4
DAMAGE COMBAT A97 3
DAMAGE COMBAT B89 6
SIEGE A 220 2
END TURN 298
TURN 299
COMMAND LEFT START
MOVE A10 41
MOVE A51 41
MOVE A46 41
MOVE A77 41
TRAIN 3
COMMAND LEFT END
COMMAND RIGHT START
MOVE B96 230
MOVE B97 230
MOVE B98 230
MOVE B99 230
MOVE B100 230
MOVE B101 230
TRAIN 2
COMMAND RIGHT END
TURN 299 RESULT
TIME LEFT 0 5 RIGHT 0 5
TRAIN A111 A112 A113 B102 B103
MOVE A10 22
MOVE A11 99
MOVE A46 23
MOVE A47 185
MOVE A51 74
MOVE A71 80
MOVE A77 4
MOVE A79 163
MOVE A88 220
MOVE A89 220
MOVE A91 220
MOVE A92 176
MOVE A93 51
MOVE A94 73
MOVE A95 126
MOVE A102 203
MOVE A109 85
MOVE B96 221
MOVE B97 171
MOVE B98 171
MOVE B99 171
MOVE B100 171
MOVE B101 221
DAMAGE TURRET A102 2
DAMAGE TURRET B89 1
DAMAGE COMBAT A97 5
DAMAGE COMBAT A98 1
DAMAGE COMBAT A102 3
DAMAGE COMBAT B53 1
DAMAGE COMBAT B89 1
DAMAGE COMBAT B91 4
END TURN 299
TURN 300
COMMAND LEFT START
MOVE A32 220
MOVE A82 14
MOVE A106 24
MOVE A113 41
MOVE A91 41
MOVE A89 41
TRAIN 1
COMMAND LEFT END
COMMAND RIGHT START
MOVE B102 230
MOVE B103 230
COMMAND RIGHT END
TURN 300 RESULT
TIME LEFT 0 5 RIGHT 0 5
TRAIN A114
MOVE A10 32
MOVE A11 119
MOVE A32 177
MOVE A46 29
MOVE A47 198
MOVE A51 64
MOVE A71 101
MOVE A77 7
MOVE A82 4
MOVE A89 207
MOVE A91 207
MOVE A93 29
MOVE A94 57
MOVE A95 125
MOVE A106 6
MOVE A109 105
MOVE A113 4
MOVE B96 227
MOVE B97 190
MOVE B98 190
MOVE B99 190
MOVE B100 190
MOVE B101 227
MOVE B102 240
MOVE B103 240
DAMAGE TURRET A102 2
DAMAGE TURRET B91 1
DAMAGE COMBAT A98 5
DAMAGE COMBAT A102 1
DAMAGE COMBAT B53 1
DAMAGE COMBAT B91 3
DAMAGE COMBAT B92 1
END TURN 300
TURN 301
COMMAND LEFT START
MOVE A107 68
TRAIN 2
COMMAND LEFT END
COMMAND RIGHT START
TRAIN 2
COMMAND RIGHT END
TURN 301 RESULT
TIME LEFT 0 5 RIGHT 0 5
TRAIN A115 A116 B104 B105
MOVE A10 41
MOVE A11 135
MOVE A32 183
MOVE A46 22
MOVE A47 194
MOVE A51 63
MOVE A71 120
MOVE A77 14
MOVE A82 7
MOVE A89 186
MOVE A91 186
MOVE A93 14
MOVE A94 37
MOVE A95 137
MOVE A106 13
MOVE A107 6
MOVE A109 122
MOVE A113 7
MOVE B96 230
MOVE B97 204
MOVE B98 204
MOVE B99 204
MOVE B100 204
MOVE B101 230
MOVE B102 237
MOVE B103 237
DAMAGE TURRET B92 1
DAMAGE COMBAT A98 2
DAMAGE COMBAT A99 2
DAMAGE COMBAT B92 5
END TURN 301
TURN 302
COMMAND LEFT START
MOVE A4 81
MOVE A108 176
MOVE A116 41
UPGRADE 220
COMMAND LEFT END
COMMAND RIGHT START
MOVE B104 230
MOVE B105 230
COMMAND RIGHT END
TURN 302 RESULT
TIME LEFT 0 5 RIGHT 0 5
UPGRADE A 220
MOVE A4 52
MOVE A11 148
MOVE A32 194
MOVE A46 32
MOVE A47 205
MOVE A51 52
MOVE A71 131
MOVE A77 22
MOVE A82 14
MOVE A89 165
MOVE A91 165
MOVE A94 24
MOVE A95 129
MOVE A106 24
MOVE A107 11
MOVE A108 4
MOVE A113 14
MOVE A116 4
MOVE B97 215
MOVE B98 215
MOVE B99 215
MOVE B100 215
MOVE B102 230
MOVE B103 230
MOVE B104 240
MOVE B105 240
DAMAGE TURRET B92 1
DAMAGE COMBAT A99 4
DAMAGE COMBAT B93 4
END TURN 302
TURN 303
COMMAND LEFT START
UPGRADE 41
COMMAND LEFT END
COMMAND RIGHT START
MOVE B96 122
MOVE B101 122
MOVE B102 122
MOVE B103 122
COMMAND RIGHT END
TURN 303 RESULT
TIME LEFT 0 5 RIGHT 0 5
UPGRADE A 41
MOVE A4 63
MOVE A11 158
MOVE A32 205
MOVE A46 41
MOVE A47 217
MOVE A51 41
MOVE A71 157
MOVE A77 32
MOVE A89 144
MOVE A91 144
MOVE A95 131
MOVE A107 21
MOVE A108 10
MOVE A113 22
MOVE A116 7
MOVE B96 215
MOVE B97 230
MOVE B98 230
MOVE B99 230
MOVE B100 230
MOVE B101 215
MOVE B102 215
MOVE B103 215
MOVE B104 237
MOVE B105 237
DAMAGE TURRET B93 1
DAMAGE COMBAT A99 2
DAMAGE COMBAT A100 1
DAMAGE COMBAT B93 3
DAMAGE COMBAT B94 1
END TURN 303
TURN 304
COMMAND LEFT START
COMMAND LEFT END
COMMAND RIGHT START
MOVE B97 122
MOVE B98 122
MOVE B99 122
MOVE B100 122
TRAIN 2
COMMAND RIGHT END
TURN 304 RESULT
TIME LEFT 0 5 RIGHT 0 5
TRAIN B106 B107
MOVE A4 64
MOVE A11 172
MOVE A32 217
MOVE A47 220
MOVE A77 41
MOVE A89 126
MOVE A91 126
MOVE A95 127
MOVE A107 31
MOVE A108 17
MOVE A113 32
MOVE A116 14
MOVE B96 193
MOVE B97 215
MOVE B98 215
MOVE B99 215
MOVE B100 215
MOVE B101 193
MOVE B102 193
MOVE B103 193
MOVE B104 230
MOVE B105 230
DAMAGE TURRET B94 1
DAMAGE COMBAT A100 2
DAMAGE COMBAT B94 3
END TURN 304
TURN 305
COMMAND LEFT START
UPGRADE 68
COMMAND LEFT END
COMMAND RIGHT START
MOVE B106 230
MOVE B107 230
COMMAND RIGHT END
TURN 305 RESULT
TIME LEFT 0 5 RIGHT 0 5
UPGRADE A 68
MOVE A4 74
MOVE A11 190
MOVE A32 220
MOVE A89 109
MOVE A91 109
MOVE A107 34
MOVE A108 29
MOVE A113 41
MOVE A116 22
MOVE B96 172
MOVE B97 193
MOVE B98 193
MOVE B99 193
MOVE B100 193
MOVE B101 172
MOVE B102 172
MOVE B103 172
MOVE B106 240
MOVE B107 240
DAMAGE TURRET B94 1
DAMAGE COMBAT A100 2
DAMAGE COMBAT B94 2
DAMAGE COMBAT B95 1
END TURN 305
TURN 306
COMMAND LEFT START
MOVE A10 68
MOVE A113 230
MOVE A88 41
COMMAND LEFT END
COMMAND RIGHT START
TRAIN 1
COMMAND RIGHT END
TURN 306 RESULT
TIME LEFT 0 5 RIGHT 0 5
TRAIN B108
MOVE A4 81
MOVE A10 42
MOVE A11 207
MOVE A88 207
MOVE A89 95
MOVE A91 95
MOVE A107 46
MOVE A108 38
MOVE A113 53
MOVE A116 32
MOVE B96 159
MOVE B97 172
MOVE B98 172
MOVE B99 172
MOVE B100 172
MOVE B101 159
MOVE B102 159
MOVE B103 159
MOVE B106 237
MOVE B107 237
DAMAGE TURRET B95 1
DAMAGE COMBAT A100 1
DAMAGE COMBAT B95 3
END TURN 306
TURN 307
COMMAND LEFT START
UPGRADE 81
COMMAND LEFT END
COMMAND RIGHT START
MOVE B108 230
COMMAND RIGHT END
TURN 307 RESULT
TIME LEFT 0 5 RIGHT 0 5
UPGRADE A 81
MOVE A10 47
MOVE A11 220
MOVE A88 186
MOVE A89 78
MOVE A91 78
MOVE A107 68
MOVE A108 47
MOVE A113 62
MOVE A116 41
MOVE B96 139
MOVE B97 159
MOVE B98 159
MOVE B99 159
MOVE B100 159
MOVE B101 139
MOVE B102 139
MOVE B103 139
MOVE B106 230
MOVE B107 230
MOVE B108 240
DAMAGE TURRET B95 1
DAMAGE COMBAT A100 1
DAMAGE COMBAT B95 2
END TURN 307
TURN 308
COMMAND LEFT START
MOVE A46 122
MOVE A51 122
MOVE A11 122
MOVE A53 122
MOVE A100 81
UPGRADE 87
COMMAND LEFT END
COMMAND RIGHT START
MOVE B104 122
MOVE B105 122
MOVE B106 122
MOVE B107 122
TRAIN 1
COMMAND RIGHT END
TURN 308 RESULT
TIME LEFT 0 5 RIGHT 0 5
UPGRADE A 87
TRAIN B109
MOVE A10 51
MOVE A11 207
MOVE A46 53
MOVE A51 53
MOVE A53 53
MOVE A88 165
MOVE A89 62
MOVE A91 62
MOVE A100 121
MOVE A108 65
MOVE A113 78
MOVE B96 122
MOVE B97 139
MOVE B98 139
MOVE B99 139
MOVE B100 139
MOVE B101 122
MOVE B102 122
MOVE B103 122
MOVE B104 215
MOVE B105 215
MOVE B106 215
MOVE B107 215
MOVE B108 237
DAMAGE TURRET B96 1
DAMAGE COMBAT A101 4
DAMAGE COMBAT B96 2
END TURN 308
TURN 309
COMMAND LEFT START
MOVE A77 14
TRAIN 2
COMMAND LEFT END
COMMAND RIGHT START
MOVE B109 165
COMMAND RIGHT END
TURN 309 RESULT
TIME LEFT 0 5 RIGHT 0 5
TRAIN A117 A118
MOVE A10 54
MOVE A11 187
MOVE A46 65
MOVE A51 65
MOVE A53 65
MOVE A77 32
MOVE A88 144
MOVE A89 53
MOVE A91 53
MOVE A100 111
MOVE A108 83
MOVE A113 95
MOVE B97 122
MOVE B98 122
MOVE B99 122
MOVE B100 122
MOVE B104 193
MOVE B105 193
MOVE B106 193
MOVE B107 193
MOVE B108 230
MOVE B109 238
DAMAGE TURRET B96 1
DAMAGE COMBAT A101 4
DAMAGE COMBAT A109 4
DAMAGE COMBAT B96 2
END TURN 309
TURN 310
COMMAND LEFT START
MOVE A110 87
MOVE A118 41
TRAIN 1
COMMAND LEFT END
COMMAND RIGHT START
COMMAND RIGHT END
TURN 310 RESULT
TIME LEFT 0 5 RIGHT 0 5
TRAIN A119
MOVE A10 57
MOVE A11 171
MOVE A46 70
MOVE A51 70
MOVE A53 70
MOVE A77 22
MOVE A88 126
MOVE A89 41
MOVE A91 41
MOVE A100 109
MOVE A108 95
MOVE A110 6
MOVE A113 109
MOVE A118 4
MOVE B104 172
MOVE B105 172
MOVE B106 172
MOVE B107 172
MOVE B109 231
DAMAGE TURRET B96 1
DAMAGE COMBAT A109 4
DAMAGE COMBAT B97 1
SIEGE A 122 4
END TURN 310
TURN 311
COMMAND LEFT START
MOVE A119 41
UPGRADE 117
TRAIN 1
COMMAND LEFT END
COMMAND RIGHT START
MOVE B108 122
TRAIN 1
COMMAND RIGHT END
TURN 311 RESULT
TIME LEFT 0 5 RIGHT 0 5
UPGRADE A 117
TRAIN A120 B110
MOVE A10 58
MOVE A11 151
MOVE A46 86
MOVE A51 86
MOVE A53 86
MOVE A77 14
MOVE A88 109
MOVE A100 106
MOVE A108 106
MOVE A110 11
MOVE A113 126
MOVE A118 7
MOVE A119 4
MOVE B104 159
MOVE B105 159
MOVE B106 159
MOVE B107 159
MOVE B108 215
MOVE B109 220
DAMAGE TURRET B97 1
DAMAGE TURRET B109 1
DAMAGE COMBAT A47 1
DAMAGE COMBAT B109 2
SIEGE A 122 7
END TURN 311
TURN 312
COMMAND LEFT START
MOVE A111 117
MOVE A93 41
TRAIN 1
COMMAND LEFT END
COMMAND RIGHT START
MOVE B110 165
COMMAND RIGHT END
TURN 312 RESULT
TIME LEFT 0 5 RIGHT 0 5
TRAIN A121
MOVE A10 66
MOVE A11 132
MOVE A46 105
MOVE A51 105
MOVE A53 105
MOVE A88 95
MOVE A93 22
MOVE A100 110
MOVE A108 137
MOVE A110 21
MOVE A111 6
MOVE A113 140
MOVE A118 14
MOVE A119 7
MOVE B104 139
MOVE B105 139
MOVE B106 139
MOVE B107 139
MOVE B108 193
MOVE B110 238
DAMAGE TURRET B97 1
DAMAGE TURRET B109 1
DAMAGE COMBAT A47 1
DAMAGE COMBAT B109 2
SIEGE A 122 1
END TURN 312
TURN 313
COMMAND LEFT START
MOVE A121 41
TRAIN 1
COMMAND LEFT END
COMMAND RIGHT START
MOVE B97 47
MOVE B98 47
MOVE B99 47
MOVE B100 47
MOVE B101 47
MOVE B102 47
MOVE B103 47
TRAIN 1
COMMAND RIGHT END
TURN 313 RESULT
TIME LEFT 0 5 RIGHT 0 5
TRAIN A122 B111
MOVE A10 61
MOVE A11 122
MOVE A46 122
MOVE A51 122
MOVE A53 122
MOVE A88 78
MOVE A93 32
MOVE A100 101
MOVE A108 154
MOVE A110 31
MOVE A111 11
MOVE A113 151
MOVE A118 22
MOVE A119 14
MOVE A121 4
MOVE B97 105
MOVE B98 105
MOVE B99 105
MOVE B100 105
MOVE B101 105
MOVE B102 105
MOVE B103 105
MOVE B104 122
MOVE B105 122
MOVE B106 122
MOVE B107 122
MOVE B108 172
MOVE B110 231
DAMAGE TURRET B109 1
DAMAGE COMBAT A11 1
DAMAGE COMBAT A32 1
DAMAGE COMBAT A46 3
DAMAGE COMBAT B104 4
DAMAGE COMBAT B109 1
END TURN 313
TURN 314
COMMAND LEFT START
MOVE A112 220
UPGRADE 127
COMMAND LEFT END
COMMAND RIGHT START
MOVE B111 230
COMMAND RIGHT END
TURN 314 RESULT
TIME LEFT 0 5 RIGHT 0 5
UPGRADE A 127
MOVE A10 67
MOVE A88 62
MOVE A93 41
MOVE A100 81
MOVE A108 176
MOVE A110 34
MOVE A111 21
MOVE A112 4
MOVE A113 171
MOVE A118 32
MOVE A119 22
MOVE A121 7
MOVE B97 86
MOVE B98 86
MOVE B99 86
MOVE B100 86
MOVE B101 86
MOVE B102 86
MOVE B103 86
MOVE B108 159
MOVE B110 220
MOVE B111 240
DAMAGE TURRET B110 1
DAMAGE COMBAT A32 1
DAMAGE COMBAT A46 2
DAMAGE COMBAT A53 2
DAMAGE COMBAT B104 3
DAMAGE COMBAT B110 1
END TURN 314
TURN 315
COMMAND LEFT START
MOVE A89 127
UPGRADE 157
COMMAND LEFT END
COMMAND RIGHT START
TRAIN 1
COMMAND RIGHT END
TURN 315 RESULT
TIME LEFT 0 5 RIGHT 0 5
UPGRADE A 157
TRAIN B112
MOVE A10 68
MOVE A88 53
MOVE A89 52
MOVE A110 46
MOVE A111 31
MOVE A112 10
MOVE A113 190
MOVE A118 41
MOVE A119 32
MOVE A121 14
MOVE B97 69
MOVE B98 69
MOVE B99 69
MOVE B100 69
MOVE B101 69
MOVE B102 69
MOVE B103 69
MOVE B108 139
MOVE B111 237
DAMAGE TURRET B110 1
DAMAGE COMBAT A32 1
DAMAGE COMBAT A53 4
DAMAGE COMBAT B104 1
DAMAGE COMBAT B105 1
DAMAGE COMBAT B110 1
END TURN 315
TURN 316
COMMAND LEFT START
MOVE A91 157
UPGRADE 163
COMMAND LEFT END
COMMAND RIGHT START
MOVE B112 230
TRAIN 1
COMMAND RIGHT END
TURN 316 RESULT
TIME LEFT 0 5 RIGHT 0 5
UPGRADE A 163
TRAIN B113
MOVE A88 41
MOVE A89 63
MOVE A91 52
MOVE A110 59
MOVE A111 34
MOVE A112 23
MOVE A113 204
MOVE A119 41
MOVE A121 22
MOVE B97 47
MOVE B98 47
MOVE B99 47
MOVE B100 47
MOVE B101 47
MOVE B102 47
MOVE B103 47
MOVE B108 122
MOVE B111 230
MOVE B112 240
DAMAGE TURRET B110 1
DAMAGE COMBAT A32 1
DAMAGE COMBAT A51 4
DAMAGE COMBAT B105 1
DAMAGE COMBAT B110 1
END TURN 316
TURN 317
COMMAND LEFT START
TRAIN 1
COMMAND LEFT END
COMMAND RIGHT START
MOVE B97 29
MOVE B98 29
MOVE B99 29
MOVE B100 29
MOVE B101 29
MOVE B102 29
MOVE B103 29
MOVE B113 230
COMMAND RIGHT END
TURN 317 RESULT
TIME LEFT 0 5 RIGHT 0 5
TRAIN A123
MOVE A89 80
MOVE A91 63
MOVE A110 87
MOVE A111 46
MOVE A112 40
MOVE A113 215
MOVE A121 32
MOVE B97 38
MOVE B98 38
MOVE B99 38
MOVE B100 38
MOVE B101 38
MOVE B102 38
MOVE B103 38
MOVE B112 237
MOVE B113 240
DAMAGE TURRET B110 1
DAMAGE COMBAT A32 1
DAMAGE COMBAT A51 4
DAMAGE COMBAT B105 1
DAMAGE COMBAT B110 1
END TURN 317
TURN 318
COMMAND LEFT START
MOVE A114 163
UPGRADE 176
COMMAND LEFT END
COMMAND RIGHT START
MOVE B105 29
MOVE B106 29
MOVE B107 29
MOVE B108 29
TRAIN 1
COMMAND RIGHT END
TURN 318 RESULT
TIME LEFT 0 5 RIGHT 0 5
UPGRADE A 176
TRAIN B114
MOVE A89 101
MOVE A91 80
MOVE A111 59
MOVE A112 51
MOVE A113 230
MOVE A114 6
MOVE A121 41
MOVE B97 29
MOVE B98 29
MOVE B99 29
MOVE B100 29
MOVE B101 29
MOVE B102 29
MOVE B103 29
MOVE B105 105
MOVE B106 105
MOVE B107 105
MOVE B108 105
MOVE B112 230
MOVE B113 237
DAMAGE TURRET A113 2
DAMAGE COMBAT A113 5
DAMAGE COMBAT B26 1
END TURN 318
TURN 319
COMMAND LEFT START
MOVE A88 14
MOVE A93 14
MOVE A116 14
MOVE A118 14
TRAIN 2
COMMAND LEFT END
COMMAND RIGHT START
MOVE B97 14
MOVE B98 14
MOVE B99 14
MOVE B100 14
MOVE B101 14
MOVE B102 14
MOVE B103 14
MOVE B114 165
COMMAND RIGHT END
TURN 319 RESULT
TIME LEFT 0 5 RIGHT 0 5
TRAIN A124 A125
MOVE A88 32
MOVE A89 103
MOVE A91 101
MOVE A93 32
MOVE A111 75
MOVE A112 69
MOVE A114 11
MOVE A116 32
MOVE A118 32
MOVE B97 14
MOVE B98 14
MOVE B99 14
MOVE B100 14
MOVE B101 14
MOVE B102 14
MOVE B103 14
MOVE B105 85
MOVE B106 85
MOVE B107 85
MOVE B108 85
MOVE B113 230
MOVE B114 238
DAMAGE TURRET A113 1
DAMAGE TURRET B97 1
DAMAGE TURRET B98 1
DAMAGE COMBAT A42 7
DAMAGE COMBAT B26 1
DAMAGE COMBAT B98 3
END TURN 319
TURN 320
COMMAND LEFT START
TRAIN 2
COMMAND LEFT END
COMMAND RIGHT START
MOVE B111 122
MOVE B112 122
MOVE B113 122
TRAIN 1
COMMAND RIGHT END
TURN 320 RESULT
TIME LEFT 0 5 RIGHT 0 5
TRAIN A126 A127 B115
MOVE A88 22
MOVE A89 114
MOVE A91 120
MOVE A93 22
MOVE A111 91
MOVE A112 86
MOVE A114 21
MOVE A116 22
MOVE A118 22
MOVE B105 72
MOVE B106 72
MOVE B107 72
MOVE B108 72
MOVE B111 215
MOVE B112 215
MOVE B113 215
MOVE B114 231
DAMAGE TURRET B98 2
DAMAGE COMBAT A42 1
DAMAGE COMBAT A77 5
DAMAGE COMBAT B98 2
DAMAGE COMBAT B99 1
END TURN 320
TURN 321
COMMAND LEFT START
TRAIN 2
COMMAND LEFT END
COMMAND RIGHT START
MOVE B115 165
TRAIN 1
COMMAND RIGHT END
TURN 321 RESULT
TIME LEFT 0 5 RIGHT 0 5
TRAIN A128 A129 B116
MOVE A88 14
MOVE A89 127
MOVE A91 131
MOVE A93 14
MOVE A111 117
MOVE A112 102
MOVE A114 39
MOVE A116 14
MOVE A118 14
MOVE B105 51
MOVE B106 51
MOVE B107 51
MOVE B108 51
MOVE B111 193
MOVE B112 193
MOVE B113 193
MOVE B114 220
MOVE B115 238
DAMAGE TURRET B99 2
DAMAGE TURRET B114 1
DAMAGE COMBAT A32 1
DAMAGE COMBAT A77 3
DAMAGE COMBAT A82 2
DAMAGE COMBAT B99 5
DAMAGE COMBAT B100 1
DAMAGE COMBAT B114 1
END TURN 321
TURN 322
COMMAND LEFT START
TRAIN 2
COMMAND LEFT END
COMMAND RIGHT START
MOVE B116 165
TRAIN 1
COMMAND RIGHT END
TURN 322 RESULT
TIME LEFT 0 5 RIGHT 0 5
TRAIN A130 A131 B117
MOVE A91 157
MOVE A112 121
MOVE A114 49
MOVE B105 29
MOVE B106 29
MOVE B107 29
MOVE B108 29
MOVE B111 172
MOVE B112 172
MOVE B113 172
MOVE B115 231
MOVE B116 238
DAMAGE TURRET B100 2
DAMAGE TURRET B114 1
DAMAGE COMBAT A32 1
DAMAGE COMBAT A82 4
DAMAGE COMBAT B100 5
DAMAGE COMBAT B114 1
END TURN 322
TURN 323
COMMAND LEFT START
TRAIN 3
COMMAND LEFT END
COMMAND RIGHT START
MOVE B105 24
MOVE B106 24
MOVE B107 24
MOVE B108 24
MOVE B117 165
TRAIN 1
COMMAND RIGHT END
TURN 323 RESULT
TIME LEFT 0 5 RIGHT 0 5
TRAIN A132 A133 A134 B118
MOVE A112 132
MOVE A114 66
MOVE B105 23
MOVE B106 23
MOVE B107 23
MOVE B108 23
MOVE B111 159
MOVE B112 159
MOVE B113 159
MOVE B114 207
MOVE B115 220
MOVE B116 231
MOVE B117 238
DAMAGE TURRET B101 2
DAMAGE TURRET B115 1
DAMAGE COMBAT A82 2
DAMAGE COMBAT A88 1
DAMAGE COMBAT B101 5
SIEGE A 220 1
END TURN 323
TURN 324
COMMAND LEFT START
MOVE A92 220
MOVE A15 220
MOVE A71 220
TRAIN 3
COMMAND LEFT END
COMMAND RIGHT START
MOVE B118 165
COMMAND RIGHT END
TURN 324 RESULT
TIME LEFT 0 5 RIGHT 0 5
TRAIN A135 A136 A137
MOVE A15 156
MOVE A71 156
MOVE A92 177
MOVE A112 151
MOVE A114 82
MOVE B105 24
MOVE B106 24
MOVE B107 24
MOVE B108 24
MOVE B111 139
MOVE B112 139
MOVE B113 139
MOVE B114 186
MOVE B115 207
MOVE B116 220
MOVE B117 231
MOVE B118 238
DAMAGE TURRET B101 1
DAMAGE TURRET B102 1
DAMAGE TURRET B105 2
DAMAGE TURRET B116 1
DAMAGE COMBAT A63 4
DAMAGE COMBAT A88 3
DAMAGE COMBAT B102 4
DAMAGE COMBAT B105 3
SIEGE A 220 1
END TURN 324
TURN 325
COMMAND LEFT START
TRAIN 3
COMMAND LEFT END
COMMAND RIGHT START
TRAIN 2
COMMAND RIGHT END
TURN 325 RESULT
TIME LEFT 0 5 RIGHT 0 5
TRAIN A138 A139 A140 B119 B120
MOVE A15 176
MOVE A71 176
MOVE A92 183
MOVE A112 171
MOVE A114 99
MOVE B111 122
MOVE B112 122
MOVE B113 122
MOVE B114 165
MOVE B115 186
MOVE B116 207
MOVE B117 220
MOVE B118 231
DAMAGE TURRET B102 2
DAMAGE TURRET B106 2
DAMAGE TURRET B117 1
DAMAGE COMBAT A63 3
DAMAGE COMBAT A88 2
DAMAGE COMBAT B102 1
DAMAGE COMBAT B103 3
DAMAGE COMBAT B106 3
SIEGE A 220 1
END TURN 325
TURN 326
COMMAND LEFT START
TRAIN 3
COMMAND LEFT END
COMMAND RIGHT START
MOVE B111 24
MOVE B112 24
MOVE B113 24
MOVE B114 72
MOVE B119 165
MOVE B120 165
COMMAND RIGHT END
TURN 326 RESULT
TIME LEFT 0 5 RIGHT 0 5
TRAIN A141 A142 A143
MOVE A15 177
MOVE A71 177
MOVE A92 194
MOVE A112 187
MOVE A114 107
MOVE B111 112
MOVE B112 112
MOVE B113 112
MOVE B114 140
MOVE B115 165
MOVE B116 186
MOVE B117 207
MOVE B118 220
MOVE B119 238
MOVE B120 238
DAMAGE TURRET B103 2
DAMAGE TURRET B106 2
DAMAGE TURRET B118 1
DAMAGE COMBAT A63 1
DAMAGE COMBAT A88 1
DAMAGE COMBAT A94 2
DAMAGE COMBAT B103 3
DAMAGE COMBAT B106 1
DAMAGE COMBAT B107 2
SIEGE A 220 1
END TURN 326
TURN 327
COMMAND LEFT START
MOVE A88 157
MOVE A115 157
MOVE A117 176
MOVE A120 176
MOVE A143 41
MOVE A142 41
MOVE A141 41
MOVE A140 41
MOVE A139 41
MOVE A138 41
MOVE A137 41
MOVE A136 41
MOVE A135 122
MOVE A134 203
MOVE A133 41
MOVE A132 41
MOVE A131 41
MOVE A130 41
MOVE A129 41
MOVE A128 41
MOVE A127 41
TRAIN 2
COMMAND LEFT END
COMMAND RIGHT START
MOVE B115 220
TRAIN 3
COMMAND RIGHT END
TURN 327 RESULT
TIME LEFT 0 5 RIGHT 0 5
TRAIN A144 A145 B121 B122 B123
MOVE A15 183
MOVE A71 183
MOVE A88 22
MOVE A92 205
MOVE A112 207
MOVE A114 134
MOVE A115 4
MOVE A117 4
MOVE A120 4
MOVE A127 4
MOVE A128 4
MOVE A129 4
MOVE A130 4
MOVE A131 4
MOVE A132 4
MOVE A133 4
MOVE A134 6
MOVE A135 4
MOVE A136 4
MOVE A137 4
MOVE A138 4
MOVE A139 4
MOVE A140 4
MOVE A141 4
MOVE A142 4
MOVE A143 4
MOVE B111 93
MOVE B112 93
MOVE B113 93
MOVE B114 128
MOVE B115 186
MOVE B116 165
MOVE B117 186
MOVE B118 207
MOVE B119 231
MOVE B120 231
DAMAGE TURRET B107 2
DAMAGE COMBAT A94 2
DAMAGE COMBAT A112 1
DAMAGE COMBAT B107 2
DAMAGE COMBAT B118 1
END TURN 327
TURN 328
COMMAND LEFT START
MOVE A43 220
MOVE A122 163
MOVE A145 41
TRAIN 1
COMMAND LEFT END
COMMAND RIGHT START
MOVE B116 203
MOVE B121 203
MOVE B122 203
MOVE B123 203
COMMAND RIGHT END
TURN 328 RESULT
TIME LEFT 0 5 RIGHT 0 5
TRAIN A146
MOVE A15 194
MOVE A43 170
MOVE A71 194
MOVE A88 32
MOVE A92 217
MOVE A114 143
MOVE A115 7
MOVE A117 10
MOVE A120 10
MOVE A122 6
MOVE A127 7
MOVE A128 7
MOVE A129 7
MOVE A130 7
MOVE A131 7
MOVE A132 7
MOVE A133 7
MOVE A134 11
MOVE A135 10
MOVE A136 7
MOVE A137 7
MOVE A138 7
MOVE A139 7
MOVE A140 7
MOVE A141 7
MOVE A142 7
MOVE A143 7
MOVE A145 4
MOVE B111 73
MOVE B112 73
MOVE B113 73
MOVE B114 111
MOVE B115 207
MOVE B116 171
MOVE B117 165
MOVE B119 220
MOVE B120 220
MOVE B121 240
MOVE B122 240
MOVE B123 240
DAMAGE TURRET B107 2
DAMAGE TURRET B119 1
DAMAGE COMBAT A94 2
DAMAGE COMBAT A112 2
DAMAGE COMBAT B108 2
DAMAGE COMBAT B118 1
SIEGE A 220 2
END TURN 328
TURN 329
COMMAND LEFT START
MOVE A49 220
MOVE A89 220
MOVE A123 127
TRAIN 2
COMMAND LEFT END
COMMAND RIGHT START
MOVE B117 203
COMMAND RIGHT END
TURN 329 RESULT
TIME LEFT 0 5 RIGHT 0 5
TRAIN A147 A148
MOVE A15 205
MOVE A43 180
MOVE A49 153
MOVE A71 205
MOVE A88 41
MOVE A89 153
MOVE A92 220
MOVE A114 163
MOVE A115 14
MOVE A117 17
MOVE A120 17
MOVE A122 11
MOVE A123 4
MOVE A127 14
MOVE A128 14
MOVE A129 14
MOVE A130 14
MOVE A131 14
MOVE A132 14
MOVE A133 14
MOVE A134 21
MOVE A135 23
MOVE A136 14
MOVE A137 14
MOVE A138 14
MOVE A139 14
MOVE A140 14
MOVE A141 14
MOVE A142 14
MOVE A143 14
MOVE A145 7
MOVE B111 57
MOVE B112 57
MOVE B113 57
MOVE B114 102
MOVE B116 173
MOVE B117 171
MOVE B119 207
MOVE B120 207
MOVE B121 237
MOVE B122 237
MOVE B123 237
DAMAGE TURRET B108 2
DAMAGE COMBAT A94 1
DAMAGE COMBAT A112 4
DAMAGE COMBAT B108 2
DAMAGE COMBAT B118 1
END TURN 329
TURN 330
COMMAND LEFT START
MOVE A124 127
MOVE A148 41
TRAIN 1
COMMAND LEFT END
COMMAND RIGHT START
COMMAND RIGHT END
TURN 330 RESULT
TIME LEFT 0 5 RIGHT 0 5
TRAIN A149
MOVE A15 217
MOVE A43 181
MOVE A49 169
MOVE A71 217
MOVE A88 52
MOVE A89 169
MOVE A115 22
MOVE A117 29
MOVE A120 29
MOVE A122 21
MOVE A123 7
MOVE A124 4
MOVE A127 22
MOVE A128 22
MOVE A129 22
MOVE A130 22
MOVE A131 22
MOVE A132 22
MOVE A133 22
MOVE A134 39
MOVE A135 40
MOVE A136 22
MOVE A137 22
MOVE A138 22
MOVE A139 22
MOVE A140 22
MOVE A141 22
MOVE A142 22
MOVE A143 22
MOVE A145 14
MOVE A148 4
MOVE B111 37
MOVE B112 37
MOVE B113 37
MOVE B114 86
MOVE B116 172
MOVE B117 173
MOVE B121 230
MOVE B122 230
MOVE B123 230
DAMAGE TURRET B108 2
DAMAGE COMBAT A94 1
DAMAGE COMBAT A112 1
DAMAGE COMBAT B118 1
END TURN 330
TURN 331
COMMAND LEFT START
MOVE A79 220
MOVE A125 24
TRAIN 2
COMMAND LEFT END
COMMAND RIGHT START
TRAIN 2
COMMAND RIGHT END
TURN 331 RESULT
TIME LEFT 0 5 RIGHT 0 5
TRAIN A150 A151 B124 B125
MOVE A15 220
MOVE A43 182
MOVE A49 185
MOVE A71 220
MOVE A79 170
MOVE A88 63
MOVE A89 185
MOVE A115 32
MOVE A117 38
MOVE A120 38
MOVE A122 39
MOVE A123 14
MOVE A124 7
MOVE A125 6
MOVE A127 32
MOVE A128 32
MOVE A129 32
MOVE A130 32
MOVE A131 32
MOVE A132 32
MOVE A133 32
MOVE A134 49
MOVE A135 54
MOVE A136 32
MOVE A137 32
MOVE A138 32
MOVE A139 32
MOVE A140 32
MOVE A141 32
MOVE A142 32
MOVE A143 32
MOVE A145 22
MOVE A148 7
MOVE B111 24
MOVE B112 24
MOVE B113 24
MOVE B114 72
MOVE B115 220
MOVE B116 175
MOVE B117 172
MOVE B118 186
MOVE B119 186
MOVE B120 186
MOVE B121 222
MOVE B122 222
MOVE B123 222
DAMAGE TURRET B111 2
DAMAGE TURRET B115 1
DAMAGE COMBAT A15 1
DAMAGE COMBAT A106 3
DAMAGE COMBAT B111 1
DAMAGE COMBAT B115 3
END TURN 331
TURN 332
COMMAND LEFT START
MOVE A10 220
MOVE A58 220
MOVE A126 68
MOVE A144 68
TRAIN 2
COMMAND LEFT END
COMMAND RIGHT START
MOVE B114 68
MOVE B124 189
MOVE B125 189
COMMAND RIGHT END
TURN 332 RESULT
TIME LEFT 0 5 RIGHT 0 5
TRAIN A152 A153
MOVE A10 90
MOVE A43 191
MOVE A49 198
MOVE A58 90
MOVE A79 180
MOVE A88 80
MOVE A89 198
MOVE A115 41
MOVE A117 47
MOVE A120 47
MOVE A122 49
MOVE A123 22
MOVE A124 14
MOVE A125 13
MOVE A126 6
MOVE A127 41
MOVE A128 41
MOVE A129 41
MOVE A130 41
MOVE A131 41
MOVE A132 41
MOVE A133 41
MOVE A134 66
MOVE A135 71
MOVE A136 41
MOVE A137 41
MOVE A138 41
MOVE A139 41
MOVE A140 41
MOVE A141 41
MOVE A142 41
MOVE A143 41
MOVE A144 6
MOVE A145 32
MOVE A148 14
MOVE B114 71
MOVE B116 197
MOVE B117 175
MOVE B118 165
MOVE B119 165
MOVE B120 165
MOVE B121 212
MOVE B122 212
MOVE B123 212
MOVE B124 243
MOVE B125 243
DAMAGE TURRET B111 2
DAMAGE TURRET B115 1
DAMAGE COMBAT A15 1
DAMAGE COMBAT A106 3
DAMAGE COMBAT A135 1
DAMAGE COMBAT B111 1
DAMAGE COMBAT B114 1
DAMAGE COMBAT B115 2
END TURN 332
TURN 333
COMMAND LEFT START
MOVE A15 163
MOVE A143 230
MOVE A153 41
MOVE A152 41
TRAIN 1
COMMAND LEFT END
COMMAND RIGHT START
MOVE B118 100
MOVE B119 100
MOVE B120 100
TRAIN 1
COMMAND RIGHT END
TURN 333 RESULT
TIME LEFT 0 5 RIGHT 0 5
TRAIN A154 B126
MOVE A10 99
MOVE A15 221
MOVE A43 202
MOVE A49 194
MOVE A58 99
MOVE A79 181
MOVE A88 101
MOVE A89 194
MOVE A115 52
MOVE A117 65
MOVE A120 65
MOVE A122 66
MOVE A123 32
MOVE A124 22
MOVE A125 24
MOVE A126 11
MOVE A134 82
MOVE A143 53
MOVE A144 11
MOVE A145 41
MOVE A148 22
MOVE A152 4
MOVE A153 4
MOVE B116 202
MOVE B117 197
MOVE B118 151
MOVE B119 151
MOVE B120 151
MOVE B121 203
MOVE B122 203
MOVE B123 203
MOVE B124 242
MOVE B125 242
DAMAGE TURRET B111 2
DAMAGE COMBAT A43 1
DAMAGE COMBAT A106 2
DAMAGE COMBAT A125 1
DAMAGE COMBAT A135 1
DAMAGE COMBAT B112 2
DAMAGE COMBAT B114 1
DAMAGE COMBAT B116 1
END TURN 333
TURN 334
COMMAND LEFT START
MOVE A154 41
TRAIN 2
COMMAND LEFT END
COMMAND RIGHT START
MOVE B121 107
MOVE B122 107
MOVE B123 107
MOVE B126 189
TRAIN 1
COMMAND RIGHT END
TURN 334 RESULT
TIME LEFT 0 5 RIGHT 0 5
TRAIN A155 A156 B127
MOVE A10 119
MOVE A15 215
MOVE A49 205
MOVE A58 119
MOVE A79 182
MOVE A88 120
MOVE A89 205
MOVE A115 63
MOVE A117 83
MOVE A120 83
MOVE A122 82
MOVE A123 41
MOVE A124 32
MOVE A126 21
MOVE A134 100
MOVE A143 62
MOVE A144 21
MOVE A148 32
MOVE A152 7
MOVE A153 7
MOVE A154 4
MOVE B117 202
MOVE B118 132
MOVE B119 132
MOVE B120 132
MOVE B121 192
MOVE B122 192
MOVE B123 192
MOVE B124 228
MOVE B125 228
MOVE B126 243
DAMAGE TURRET B112 2
DAMAGE COMBAT A43 2
DAMAGE COMBAT A125 2
DAMAGE COMBAT A135 1
DAMAGE COMBAT B112 1
DAMAGE COMBAT B114 1
DAMAGE COMBAT B116 1
END TURN 334
TURN 335
COMMAND LEFT START
MOVE A156 41
MOVE A155 41
TRAIN 2
COMMAND LEFT END
COMMAND RIGHT START
MOVE B127 189
COMMAND RIGHT END
TURN 335 RESULT
TIME LEFT 0 5 RIGHT 0 5
TRAIN A157 A158
MOVE A10 135
MOVE A15 206
MOVE A49 217
MOVE A58 135
MOVE A79 191
MOVE A88 131
MOVE A89 217
MOVE A115 80
MOVE A117 95
MOVE A120 95
MOVE A122 99
MOVE A123 52
MOVE A124 41
MOVE A126 31
MOVE A134 118
MOVE A143 78
MOVE A144 31
MOVE A148 41
MOVE A152 14
MOVE A153 14
MOVE A154 7
MOVE A155 4
MOVE A156 4
MOVE B116 203
MOVE B117 203
MOVE B118 122
MOVE B119 122
MOVE B120 122
MOVE B121 181
MOVE B122 181
MOVE B123 181
MOVE B124 214
MOVE B125 214
MOVE B126 242
MOVE B127 243
DAMAGE TURRET B112 2
DAMAGE COMBAT A125 2
DAMAGE COMBAT A135 1
DAMAGE COMBAT B112 1
DAMAGE COMBAT B114 1
END TURN 335
TURN 336
COMMAND LEFT START
MOVE A158 41
MOVE A157 41
TRAIN 2
COMMAND LEFT END
COMMAND RIGHT START
MOVE B116 107
MOVE B117 107
TRAIN 2
COMMAND RIGHT END
TURN 336 RESULT
TIME LEFT 0 5 RIGHT 0 5
TRAIN A159 A160 B128 B129
MOVE A10 148
MOVE A15 202
MOVE A49 220
MOVE A58 148
MOVE A79 202
MOVE A88 157
MOVE A89 220
MOVE A115 101
MOVE A117 106
MOVE A120 106
MOVE A122 107
MOVE A123 63
MOVE A124 52
MOVE A126 34
MOVE A134 135
MOVE A135 85
MOVE A143 95
MOVE A144 34
MOVE A152 22
MOVE A153 22
MOVE A154 14
MOVE A155 7
MOVE A156 7
MOVE A157 4
MOVE A158 4
MOVE B116 192
MOVE B117 192
MOVE B118 112
MOVE B119 112
MOVE B120 112
MOVE B121 168
MOVE B122 168
MOVE B123 168
MOVE B124 199
MOVE B125 199
MOVE B126 228
MOVE B127 242
DAMAGE TURRET B113 2
DAMAGE COMBAT A125 1
DAMAGE COMBAT B113 1
END TURN 336
TURN 337
COMMAND LEFT START
MOVE A160 41
MOVE A159 41
MOVE A92 41
MOVE A89 41
TRAIN 2
COMMAND LEFT END
COMMAND RIGHT START
MOVE B128 189
MOVE B129 189
COMMAND RIGHT END
TURN 337 RESULT
TIME LEFT 1 5 RIGHT 0 5
TRAIN A161 A162
MOVE A10 158
MOVE A15 191
MOVE A58 158
MOVE A79 206
MOVE A89 207
MOVE A92 207
MOVE A115 120
MOVE A117 137
MOVE A120 137
MOVE A122 134
MOVE A123 80
MOVE A124 63
MOVE A126 46
MOVE A134 149
MOVE A135 105
MOVE A143 109
MOVE A144 46
MOVE A152 32
MOVE A153 32
MOVE A154 22
MOVE A155 14
MOVE A156 14
MOVE A157 7
MOVE A158 7
MOVE A159 4
MOVE A160 4
MOVE B116 181
MOVE B117 181
MOVE B118 104
MOVE B119 104
MOVE B120 104
MOVE B121 152
MOVE B122 152
MOVE B123 152
MOVE B124 189
MOVE B125 189
MOVE B126 214
MOVE B127 228
MOVE B128 243
MOVE B129 243
DAMAGE TURRET B113 2
DAMAGE COMBAT A125 1
DAMAGE COMBAT B113 1
END TURN 337
TURN 338
COMMAND LEFT START
MOVE A162 41
MOVE A161 41
TRAIN 2
COMMAND LEFT END
COMMAND RIGHT START
MOVE B124 68
MOVE B125 68
COMMAND RIGHT END
TURN 338 RESULT
TIME LEFT 0 5 RIGHT 0 5
TRAIN A163 A164
MOVE A10 172
MOVE A15 182
MOVE A58 172
MOVE A79 215
MOVE A89 186
MOVE A92 186
MOVE A115 131
MOVE A117 154
MOVE A120 154
MOVE A122 143
MOVE A123 101
MOVE A124 80
MOVE A126 68
MOVE A134 166
MOVE A135 122
MOVE A143 126
MOVE A144 68
MOVE A152 41
MOVE A153 41
MOVE A154 32
MOVE A155 22
MOVE A156 22
MOVE A157 14
MOVE A158 14
MOVE A159 7
MOVE A160 7
MOVE A161 4
MOVE A162 4
MOVE B116 168
MOVE B117 168
MOVE B118 100
MOVE B119 100
MOVE B120 100
MOVE B121 138
MOVE B122 138
MOVE B123 138
MOVE B124 155
MOVE B125 155
MOVE B126 199
MOVE B127 214
MOVE B128 242
MOVE B129 242
DAMAGE TURRET B113 2
DAMAGE COMBAT A125 1
END TURN 338
TURN 339
COMMAND LEFT START
MOVE A146 24
MOVE A147 24
MOVE A119 24
UPGRADE 122
UPGRADE 220
TRAIN 3
COMMAND LEFT END
COMMAND RIGHT START
MOVE B118 68
MOVE B119 68
MOVE B120 68
TRAIN 1
COMMAND RIGHT END
TURN 339 RESULT
TIME LEFT 1 5 RIGHT 0 5
UPGRADE A 122
UPGRADE A 220
TRAIN A165 A166 A167 B130
MOVE A10 190
MOVE A15 181
MOVE A58 190
MOVE A79 221
MOVE A89 165
MOVE A92 165
MOVE A115 157
MOVE A117 176
MOVE A119 32
MOVE A120 176
MOVE A122 163
MOVE A123 103
MOVE A124 101
MOVE A134 182
MOVE A143 140
MOVE A146 6
MOVE A147 6
MOVE A154 41
MOVE A155 32
MOVE A156 32
MOVE A157 22
MOVE A158 22
MOVE A159 14
MOVE A160 14
MOVE A161 7
MOVE A162 7
MOVE B116 152
MOVE B117 152
MOVE B118 99
MOVE B119 99
MOVE B120 99
MOVE B121 107
MOVE B122 107
MOVE B123 107
MOVE B124 130
MOVE B125 130
MOVE B126 189
MOVE B127 199
MOVE B128 228
MOVE B129 228
END TURN 339
TURN 340
COMMAND LEFT START
MOVE A149 24
MOVE A167 122
MOVE A166 122
MOVE A154 122
MOVE A153 122
MOVE A152 122
MOVE A148 122
MOVE A145 122
MOVE A142 122
MOVE A141 122
MOVE A140 122
MOVE A139 122
MOVE A138 122
MOVE A137 122
UPGRADE 122
TRAIN 3
COMMAND LEFT END
COMMAND RIGHT START
MOVE B5 193
MOVE B18 203
MOVE B26 203
MOVE B51 203
MOVE B88 203
MOVE B121 203
MOVE B122 203
MOVE B123 203
MOVE B126 203
MOVE B130 203
COMMAND RIGHT END
TURN 340 RESULT
TIME LEFT 1 5 RIGHT 0 5
UPGRADE A 122
TRAIN A168 A169 A170
MOVE A10 207
MOVE A15 180
MOVE A58 207
MOVE A79 220
MOVE A89 144
MOVE A92 144
MOVE A119 22
MOVE A123 114
MOVE A124 103
MOVE A134 191
MOVE A137 53
MOVE A138 53
MOVE A139 53
MOVE A140 53
MOVE A141 53
MOVE A142 53
MOVE A143 151
MOVE A145 53
MOVE A146 13
MOVE A147 13
MOVE A148 53
MOVE A149 6
MOVE A152 53
MOVE A153 53
MOVE A154 53
MOVE A155 41
MOVE A156 41
MOVE A157 32
MOVE A158 32
MOVE A159 22
MOVE A160 22
MOVE A161 14
MOVE A162 14
MOVE A166 4
MOVE A167 4
MOVE B5 208
MOVE B18 216
MOVE B26 222
MOVE B51 222
MOVE B88 222
MOVE B116 138
MOVE B117 138
MOVE B118 90
MOVE B119 90
MOVE B120 90
MOVE B121 138
MOVE B122 138
MOVE B123 138
MOVE B124 113
MOVE B125 113
MOVE B126 184
MOVE B127 189
MOVE B128 214
MOVE B129 214
MOVE B130 240
END TURN 340
TURN 341
COMMAND LEFT START
MOVE A150 24
MOVE A156 122
MOVE A155 122
MOVE A136 122
MOVE A133 122
MOVE A132 122
MOVE A131 122
MOVE A130 122
MOVE A129 122
MOVE A170 122
MOVE A169 122
UPGRADE 122
COMMAND LEFT END
COMMAND RIGHT START
MOVE B127 203
COMMAND RIGHT END
TURN 341 RESULT
TIME LEFT 0 5 RIGHT 0 5
UPGRADE A 122
MOVE A10 220
MOVE A15 170
MOVE A58 220
MOVE A89 126
MOVE A92 126
MOVE A119 29
MOVE A123 127
MOVE A124 114
MOVE A129 53
MOVE A130 53
MOVE A131 53
MOVE A132 53
MOVE A133 53
MOVE A134 203
MOVE A136 53
MOVE A137 65
MOVE A138 65
MOVE A139 65
MOVE A140 65
MOVE A141 65
MOVE A142 65
MOVE A143 171
MOVE A145 65
MOVE A146 24
MOVE A147 24
MOVE A148 65
MOVE A149 13
MOVE A150 6
MOVE A152 65
MOVE A153 65
MOVE A154 65
MOVE A155 53
MOVE A156 53
MOVE A157 41
MOVE A158 41
MOVE A159 32
MOVE A160 32
MOVE A161 22
MOVE A162 22
MOVE A166 10
MOVE A167 10
MOVE A169 4
MOVE A170 4
MOVE B5 210
MOVE B18 203
MOVE B26 212
MOVE B51 212
MOVE B88 212
MOVE B116 107
MOVE B117 107
MOVE B118 68
MOVE B119 68
MOVE B120 68
MOVE B121 152
MOVE B122 152
MOVE B123 152
MOVE B124 88
MOVE B125 88
MOVE B126 196
MOVE B127 184
MOVE B128 199
MOVE B129 199
MOVE B130 237
DAMAGE TURRET A134 2
DAMAGE TURRET B118 2
DAMAGE COMBAT A107 3
DAMAGE COMBAT A134 4
DAMAGE COMBAT B18 1
DAMAGE COMBAT B118 1
DAMAGE COMBAT B119 2
END TURN 341
TURN 342
COMMAND LEFT START
MOVE A158 122
MOVE A157 122
MOVE A79 122
MOVE A71 122
TRAIN 2
COMMAND LEFT END
COMMAND RIGHT START
MOVE B116 203
MOVE B117 203
TRAIN 1
COMMAND RIGHT END
TURN 342 RESULT
TIME LEFT 0 5 RIGHT 0 5
TRAIN A171 A172 B131
MOVE A15 163
MOVE A71 207
MOVE A79 207
MOVE A89 109
MOVE A92 109
MOVE A119 23
MOVE A124 127
MOVE A129 65
MOVE A130 65
MOVE A131 65
MOVE A132 65
MOVE A133 65
MOVE A136 65
MOVE A137 70
MOVE A138 70
MOVE A139 70
MOVE A140 70
MOVE A141 70
MOVE A142 70
MOVE A143 190
MOVE A145 70
MOVE A148 70
MOVE A149 24
MOVE A150 13
MOVE A152 70
MOVE A153 70
MOVE A154 70
MOVE A155 65
MOVE A156 65
MOVE A157 53
MOVE A158 53
MOVE A159 41
MOVE A160 41
MOVE A161 32
MOVE A162 32
MOVE A166 23
MOVE A167 23
MOVE A169 10
MOVE A170 10
MOVE B5 205
MOVE B26 203
MOVE B51 203
MOVE B88 203
MOVE B116 138
MOVE B117 138
MOVE B121 168
MOVE B122 168
MOVE B123 168
MOVE B124 68
MOVE B125 68
MOVE B126 201
MOVE B127 196
MOVE B128 189
MOVE B129 189
MOVE B130 230
DAMAGE TURRET A134 2
DAMAGE TURRET B119 2
DAMAGE COMBAT A107 4
DAMAGE COMBAT B26 1
DAMAGE COMBAT B119 3
END TURN 342
TURN 343
COMMAND LEFT START
MOVE A160 203
MOVE A159 122
MOVE A172 122
MOVE A171 122
COMMAND LEFT END
COMMAND RIGHT START
MOVE B128 203
MOVE B129 203
MOVE B131 203
TRAIN 1
COMMAND RIGHT END
TURN 343 RESULT
TIME LEFT 0 5 RIGHT 0 5
TRAIN B132
MOVE A71 187
MOVE A79 187
MOVE A89 95
MOVE A92 95
MOVE A119 24
MOVE A129 70
MOVE A130 70
MOVE A131 70
MOVE A132 70
MOVE A133 70
MOVE A136 70
MOVE A137 86
MOVE A138 86
MOVE A139 86
MOVE A140 86
MOVE A141 86
MOVE A142 86
MOVE A143 204
MOVE A145 86
MOVE A148 86
MOVE A150 24
MOVE A152 86
MOVE A153 86
MOVE A154 86
MOVE A155 70
MOVE A156 70
MOVE A157 65
MOVE A158 65
MOVE A159 53
MOVE A160 53
MOVE A161 41
MOVE A162 41
MOVE A166 40
MOVE A167 40
MOVE A169 23
MOVE A170 23
MOVE A171 4
MOVE A172 4
MOVE B5 207
MOVE B116 152
MOVE B117 152
MOVE B121 181
MOVE B122 181
MOVE B123 181
MOVE B126 203
MOVE B127 201
MOVE B128 184
MOVE B129 184
MOVE B130 222
MOVE B131 240
DAMAGE TURRET B120 2
DAMAGE COMBAT A107 1
DAMAGE COMBAT A126 2
DAMAGE COMBAT B120 3
END TURN 343
TURN 344
COMMAND LEFT START
MOVE A162 122
MOVE A161 122
MOVE A150 122
MOVE A149 122
TRAIN 1
COMMAND LEFT END
COMMAND RIGHT START
MOVE B132 203
COMMAND RIGHT END
TURN 344 RESULT
TIME LEFT 0 5 RIGHT 0 5
TRAIN A173
MOVE A71 171
MOVE A79 171
MOVE A89 78
MOVE A92 78
MOVE A129 86
MOVE A130 86
MOVE A131 86
MOVE A132 86
MOVE A133 86
MOVE A136 86
MOVE A137 105
MOVE A138 105
MOVE A139 105
MOVE A140 105
MOVE A141 105
MOVE A142 105
MOVE A143 215
MOVE A145 105
MOVE A148 105
MOVE A149 37
MOVE A150 37
MOVE A152 105
MOVE A153 105
MOVE A154 105
MOVE A155 86
MOVE A156 86
MOVE A157 70
MOVE A158 70
MOVE A159 65
MOVE A160 65
MOVE A161 53
MOVE A162 53
MOVE A166 54
MOVE A167 54
MOVE A169 40
MOVE A170 40
MOVE A171 10
MOVE A172 10
MOVE B5 204
MOVE B116 168
MOVE B117 168
MOVE B121 192
MOVE B122 192
MOVE B123 192
MOVE B127 203
MOVE B128 196
MOVE B129 196
MOVE B130 212
MOVE B131 237
MOVE B132 240
DAMAGE TURRET B120 2
DAMAGE COMBAT A126 3
DAMAGE COMBAT B120 1
DAMAGE COMBAT B124 1
END TURN 344
TURN 345
COMMAND LEFT START
MOVE A173 122
TRAIN 1
COMMAND LEFT END
COMMAND RIGHT START
TRAIN 1
COMMAND RIGHT END
TURN 345 RESULT
TIME LEFT 0 5 RIGHT 0 5
TRAIN A174 B133
MOVE A71 151
MOVE A79 151
MOVE A89 62
MOVE A92 62
MOVE A129 105
MOVE A130 105
MOVE A131 105
MOVE A132 105
MOVE A133 105
MOVE A136 105
MOVE A137 122
MOVE A138 122
MOVE A139 122
MOVE A140 122
MOVE A141 122
MOVE A142 122
MOVE A143 230
MOVE A145 122
MOVE A148 122
MOVE A149 57
MOVE A150 57
MOVE A152 122
MOVE A153 122
MOVE A154 122
MOVE A155 105
MOVE A156 105
MOVE A157 86
MOVE A158 86
MOVE A159 70
MOVE A160 70
MOVE A161 65
MOVE A162 65
MOVE A166 71
MOVE A167 71
MOVE A169 54
MOVE A170 54
MOVE A171 23
MOVE A172 23
MOVE A173 4
MOVE B5 193
MOVE B116 181
MOVE B117 181
MOVE B121 203
MOVE B122 203
MOVE B123 203
MOVE B128 201
MOVE B129 201
MOVE B130 203
MOVE B131 230
MOVE B132 237
DAMAGE TURRET A143 2
DAMAGE TURRET B124 2
DAMAGE COMBAT A126 2
DAMAGE COMBAT A143 1
DAMAGE COMBAT B124 2
DAMAGE COMBAT B131 1
END TURN 345
TURN 346
COMMAND LEFT START
MOVE A174 122
TRAIN 1
COMMAND LEFT END
COMMAND RIGHT START
MOVE B5 203
MOVE B133 203
COMMAND RIGHT END
TURN 346 RESULT
TIME LEFT 0 5 RIGHT 0 5
TRAIN A175
MOVE A71 132
MOVE A79 132
MOVE A89 53
MOVE A92 53
MOVE A129 122
MOVE A130 122
MOVE A131 122
MOVE A132 122
MOVE A133 122
MOVE A136 122
MOVE A149 73
MOVE A150 73
MOVE A155 122
MOVE A156 122
MOVE A157 105
MOVE A158 105
MOVE A159 86
MOVE A160 86
MOVE A161 70
MOVE A162 70
MOVE A166 85
MOVE A167 85
MOVE A169 71
MOVE A170 71
MOVE A171 40
MOVE A172 40
MOVE A173 10
MOVE A174 4
MOVE B5 197
MOVE B116 192
MOVE B117 192
MOVE B128 203
MOVE B129 203
MOVE B132 230
MOVE B133 240
DAMAGE TURRET A143 2
DAMAGE TURRET B124 2
DAMAGE COMBAT A126 1
DAMAGE COMBAT A143 2
DAMAGE COMBAT A144 1
DAMAGE COMBAT B124 1
DAMAGE COMBAT B125 1
DAMAGE COMBAT B131 1
END TURN 346
TURN 347
COMMAND LEFT START
MOVE A175 122
TRAIN 2
COMMAND LEFT END
COMMAND RIGHT START
TRAIN 1
COMMAND RIGHT END
TURN 347 RESULT
TIME LEFT 0 5 RIGHT 0 5
TRAIN A176 A177 B134
MOVE A71 122
MOVE A79 122
MOVE A89 41
MOVE A92 41
MOVE A149 93
MOVE A150 93
MOVE A157 122
MOVE A158 122
MOVE A159 105
MOVE A160 105
MOVE A161 86
MOVE A162 86
MOVE A166 105
MOVE A167 105
MOVE A169 85
MOVE A170 85
MOVE A171 54
MOVE A172 54
MOVE A173 23
MOVE A174 10
MOVE A175 4
MOVE B5 202
MOVE B116 203
MOVE B117 203
MOVE B133 237
DAMAGE TURRET A143 1
DAMAGE TURRET B125 2
DAMAGE COMBAT A144 1
DAMAGE COMBAT B125 1
DAMAGE COMBAT B131 1
END TURN 347
TURN 348
COMMAND LEFT START
MOVE A128 122
MOVE A127 122
MOVE A177 122
MOVE A176 122
TRAIN 2
COMMAND LEFT END
COMMAND RIGHT START
MOVE B134 203
COMMAND RIGHT END
TURN 348 RESULT
TIME LEFT 1 5 RIGHT 0 5
TRAIN A178 A179
MOVE A127 53
MOVE A128 53
MOVE A149 112
MOVE A150 112
MOVE A159 122
MOVE A160 122
MOVE A161 105
MOVE A162 105
MOVE A166 122
MOVE A167 122
MOVE A169 105
MOVE A170 105
MOVE A171 71
MOVE A172 71
MOVE A173 40
MOVE A174 23
MOVE A175 10
MOVE A176 4
MOVE A177 4
MOVE B5 203
MOVE B131 222
MOVE B132 222
MOVE B133 230
MOVE B134 240
DAMAGE TURRET B125 2
DAMAGE COMBAT A144 1
DAMAGE COMBAT B125 1
END TURN 348
TURN 349
COMMAND LEFT START
MOVE A179 122
MOVE A178 122
TRAIN 2
COMMAND LEFT END
COMMAND RIGHT START
TRAIN 1
COMMAND RIGHT END
TURN 349 RESULT
TIME LEFT 0 5 RIGHT 0 5
TRAIN A180 A181 B135
MOVE A127 65
MOVE A128 65
MOVE A149 122
MOVE A150 122
MOVE A160 139
MOVE A161 122
MOVE A162 122
MOVE A169 122
MOVE A170 122
MOVE A171 85
MOVE A172 85
MOVE A173 54
MOVE A174 40
MOVE A175 23
MOVE A176 10
MOVE A177 10
MOVE A178 4
MOVE A179 4
MOVE B131 212
MOVE B132 212
MOVE B133 222
MOVE B134 237
DAMAGE TURRET B125 1
DAMAGE COMBAT A144 1
END TURN 349
TURN 350
COMMAND LEFT START
MOVE A71 68
MOVE A79 68
MOVE A170 230
MOVE A181 122
MOVE A180 122
TRAIN 3
COMMAND LEFT END
COMMAND RIGHT START
MOVE B135 203
TRAIN 1
COMMAND RIGHT END
TURN 350 RESULT
TIME LEFT 1 5 RIGHT 0 5
TRAIN A182 A183 A184 B136
MOVE A71 112
MOVE A79 112
MOVE A127 70
MOVE A128 70
MOVE A160 158
MOVE A170 139
MOVE A171 105
MOVE A172 105
MOVE A173 71
MOVE A174 54
MOVE A175 40
MOVE A176 23
MOVE A177 23
MOVE A178 10
MOVE A179 10
MOVE A180 4
MOVE A181 4
MOVE B131 203
MOVE B132 203
MOVE B133 212
MOVE B134 230
MOVE B135 240
END TURN 350
TURN 351
COMMAND LEFT START
MOVE A184 122
MOVE A183 122
MOVE A182 122
TRAIN 3
COMMAND LEFT END
COMMAND RIGHT START
MOVE B136 203
COMMAND RIGHT END
TURN 351 RESULT
TIME LEFT 0 5 RIGHT 0 5
TRAIN A185 A186 A187
MOVE A71 104
MOVE A79 104
MOVE A127 86
MOVE A128 86
MOVE A160 174
MOVE A170 159
MOVE A171 122
MOVE A172 122
MOVE A173 85
MOVE A174 71
MOVE A175 54
MOVE A176 40
MOVE A177 40
MOVE A178 23
MOVE A179 23
MOVE A180 10
MOVE A181 10
MOVE A182 4
MOVE A183 4
MOVE A184 4
MOVE B133 203
MOVE B134 222
MOVE B135 237
MOVE B136 240
END TURN 351
TURN 352
COMMAND LEFT START
MOVE A187 122
MOVE A186 122
MOVE A185 122
TRAIN 3
COMMAND LEFT END
COMMAND RIGHT START
COMMAND RIGHT END
TURN 352 RESULT
TIME LEFT 0 5 RIGHT 0 5
TRAIN A188 A189 A190
MOVE A71 100
MOVE A79 100
MOVE A127 105
MOVE A128 105
MOVE A160 179
MOVE A170 172
MOVE A173 105
MOVE A174 85
MOVE A175 71
MOVE A176 54
MOVE A177 54
MOVE A178 40
MOVE A179 40
MOVE A180 23
MOVE A181 23
MOVE A182 10
MOVE A183 10
MOVE A184 10
MOVE A185 4
MOVE A186 4
MOVE A187 4
MOVE B134 212
MOVE B135 230
MOVE B136 237
END TURN 352
TURN 353
COMMAND LEFT START
MOVE A190 122
MOVE A189 122
MOVE A188 122
TRAIN 3
COMMAND LEFT END
COMMAND RIGHT START
COMMAND RIGHT END
TURN 353 RESULT
TIME LEFT 1 5 RIGHT 0 5
TRAIN A191 A192 A193
MOVE A71 99
MOVE A79 99
MOVE A127 122
MOVE A128 122
MOVE A160 191
MOVE A170 193
MOVE A173 122
MOVE A174 105
MOVE A175 85
MOVE A176 71
MOVE A177 71
MOVE A178 54
MOVE A179 54
MOVE A180 40
MOVE A181 40
MOVE A182 23
MOVE A183 23
MOVE A184 23
MOVE A185 10
MOVE A186 10
MOVE A187 10
MOVE A188 4
MOVE A189 4
MOVE A190 4
MOVE B134 203
MOVE B135 222
MOVE B136 230
END TURN 353
TURN 354
COMMAND LEFT START
MOVE A193 122
MOVE A192 122
MOVE A191 122
TRAIN 3
COMMAND LEFT END
COMMAND RIGHT START
COMMAND RIGHT END
TURN 354 RESULT
TIME LEFT 3 5 RIGHT 0 5
TRAIN A194 A195 A196
MOVE A71 90
MOVE A79 90
MOVE A160 203
MOVE A170 215
MOVE A174 122
MOVE A175 105
MOVE A176 85
MOVE A177 85
MOVE A178 71
MOVE A179 71
MOVE A180 54
MOVE A181 54
MOVE A182 40
MOVE A183 40
MOVE A184 40
MOVE A185 23
MOVE A186 23
MOVE A187 23
MOVE A188 10
MOVE A189 10
MOVE A190 10
MOVE A191 4
MOVE A192 4
MOVE A193 4
MOVE B135 212
MOVE B136 222
DAMAGE TURRET A160 2
DAMAGE COMBAT A160 6
DAMAGE COMBAT B26 1
END TURN 354
TURN 355
COMMAND LEFT START
MOVE A174 203
MOVE A196 122
MOVE A195 122
MOVE A194 122
TRAIN 3
COMMAND LEFT END
COMMAND RIGHT START
TRAIN 1
COMMAND RIGHT END
TURN 355 RESULT
TIME LEFT 3 5 RIGHT 0 5
TRAIN A197 A198 A199 B137
MOVE A71 68
MOVE A79 68
MOVE A170 230
MOVE A174 139
MOVE A175 122
MOVE A176 105
MOVE A177 105
MOVE A178 85
MOVE A179 85
MOVE A180 71
MOVE A181 71
MOVE A182 54
MOVE A183 54
MOVE A184 54
MOVE A185 40
MOVE A186 40
MOVE A187 40
MOVE A188 23
MOVE A189 23
MOVE A190 23
MOVE A191 10
MOVE A192 10
MOVE A193 10
MOVE A194 4
MOVE A195 4
MOVE A196 4
MOVE B135 203
MOVE B136 212
DAMAGE TURRET A170 2
SIEGE B 230 1
END TURN 355
TURN 356
COMMAND LEFT START
MOVE A170 220
TRAIN 3
COMMAND LEFT END
COMMAND RIGHT START
MOVE B137 203
COMMAND RIGHT END
TURN 356 RESULT
TIME LEFT 2 5 RIGHT 0 5
TRAIN A200 A201 A202
MOVE A170 227
MOVE A174 158
MOVE A176 122
MOVE A177 122
MOVE A178 105
MOVE A179 105
MOVE A180 85
MOVE A181 85
MOVE A182 71
MOVE A183 71
MOVE A184 71
MOVE A185 54
MOVE A186 54
MOVE A187 54
MOVE A188 40
MOVE A189 40
MOVE A190 40
MOVE A191 23
MOVE A192 23
MOVE A193 23
MOVE A194 10
MOVE A195 10
MOVE A196 10
MOVE B136 203
MOVE B137 240
END TURN 356
TURN 357
COMMAND LEFT START
MOVE A177 230
MOVE A176 230
MOVE A175 230
MOVE A173 230
MOVE A172 230
MOVE A171 230
MOVE A169 230
MOVE A167 230
MOVE A166 230
MOVE A162 230
MOVE A161 230
MOVE A159 230
MOVE A158 230
MOVE A157 230
MOVE A156 230
MOVE A155 230
MOVE A154 230
MOVE A153 230
MOVE A152 230
MOVE A150 230
MOVE A149 230
MOVE A148 230
MOVE A145 230
MOVE A142 230
MOVE A141 230
MOVE A140 230
MOVE A139 230
MOVE A138 230
MOVE A137 230
MOVE A136 230
MOVE A135 230
MOVE A133 230
MOVE A132 230
MOVE A131 230
MOVE A130 230
MOVE A129 230
COMMAND LEFT END
COMMAND RIGHT START
COMMAND RIGHT END
TURN 357 RESULT
TIME LEFT 0 5 RIGHT 0 5
MOVE A129 139
MOVE A130 139
MOVE A131 139
MOVE A132 139
MOVE A133 139
MOVE A135 139
MOVE A136 139
MOVE A137 139
MOVE A138 139
MOVE A139 139
MOVE A140 139
MOVE A141 139
MOVE A142 139
MOVE A145 139
MOVE A148 139
MOVE A149 139
MOVE A150 139
MOVE A152 139
MOVE A153 139
MOVE A154 139
MOVE A155 139
MOVE A156 139
MOVE A157 139
MOVE A158 139
MOVE A159 139
MOVE A161 139
MOVE A162 139
MOVE A166 139
MOVE A167 139
MOVE A169 139
MOVE A170 221
MOVE A171 139
MOVE A172 139
MOVE A173 139
MOVE A174 174
MOVE A175 139
MOVE A176 139
MOVE A177 139
MOVE A178 122
MOVE A179 122
MOVE A180 105
MOVE A181 105
MOVE A182 85
MOVE A183 85
MOVE A184 85
MOVE A185 71
MOVE A186 71
MOVE A187 71
MOVE A188 54
MOVE A189 54
MOVE A190 54
MOVE A191 40
MOVE A192 40
MOVE A193 40
MOVE A194 23
MOVE A195 23
MOVE A196 23
MOVE B137 237
END TURN 357
TURN 358
COMMAND LEFT START
MOVE A202 122
MOVE A201 122
MOVE A200 122
MOVE A199 122
MOVE A198 122
MOVE A197 122
TRAIN 3
COMMAND LEFT END
COMMAND RIGHT START
COMMAND RIGHT END
TURN 358 RESULT
TIME LEFT 0 5 RIGHT 0 5
TRAIN A203 A204 A205
MOVE A129 159
MOVE A130 159
MOVE A131 159
MOVE A132 159
MOVE A133 159
MOVE A135 159
MOVE A136 159
MOVE A137 159
MOVE A138 159
MOVE A139 159
MOVE A140 159
MOVE A141 159
MOVE A142 159
MOVE A145 159
MOVE A148 159
MOVE A149 159
MOVE A150 159
MOVE A152 159
MOVE A153 159
MOVE A154 159
MOVE A155 159
MOVE A156 159
MOVE A157 159
MOVE A158 159
MOVE A159 159
MOVE A161 159
MOVE A162 159
MOVE A166 159
MOVE A167 159
MOVE A169 159
MOVE A170 220
MOVE A171 159
MOVE A172 159
MOVE A173 159
MOVE A174 179
MOVE A175 159
MOVE A176 159
MOVE A177 159
MOVE A180 122
MOVE A181 122
MOVE A182 105
MOVE A183 105
MOVE A184 105
MOVE A185 85
MOVE A186 85
MOVE A187 85
MOVE A188 71
MOVE A189 71
MOVE A190 71
MOVE A191 54
MOVE A192 54
MOVE A193 54
MOVE A194 40
MOVE A195 40
MOVE A196 40
MOVE A197 4
MOVE A198 4
MOVE A199 4
MOVE A200 4
MOVE A201 4
MOVE A202 4
MOVE B137 230
END TURN 358
TURN 359
COMMAND LEFT START
MOVE A205 122
MOVE A204 122
MOVE A203 122
MOVE A170 122
TRAIN 3
COMMAND LEFT END
COMMAND RIGHT START
UPGRADE 230
TRAIN 1
COMMAND RIGHT END
TURN 359 RESULT
TIME LEFT 0 5 RIGHT 0 5
UPGRADE B 230
TRAIN A206 A207 A208 B138
MOVE A129 172
MOVE A130 172
MOVE A131 172
MOVE A132 172
MOVE A133 172
MOVE A135 172
MOVE A136 172
MOVE A137 172
MOVE A138 172
MOVE A139 172
MOVE A140 172
MOVE A141 172
MOVE A142 172
MOVE A145 172
MOVE A148 172
MOVE A149 172
MOVE A150 172
MOVE A152 172
MOVE A153 172
MOVE A154 172
MOVE A155 172
MOVE A156 172
MOVE A157 172
MOVE A158 172
MOVE A159 172
MOVE A161 172
MOVE A162 172
MOVE A166 172
MOVE A167 172
MOVE A169 172
MOVE A170 207
MOVE A171 172
MOVE A172 172
MOVE A173 172
MOVE A174 191
MOVE A175 172
MOVE A176 172
MOVE A177 172
MOVE A182 122
MOVE A183 122
MOVE A184 122
MOVE A185 105
MOVE A186 105
MOVE A187 105
MOVE A188 85
MOVE A189 85
MOVE A190 85
MOVE A191 71
MOVE A192 71
MOVE A193 71
MOVE A194 54
MOVE A195 54
MOVE A196 54
MOVE A197 10
MOVE A198 10
MOVE A199 10
MOVE A200 10
MOVE A201 10
MOVE A202 10
MOVE A203 4
MOVE A204 4
MOVE A205 4
MOVE B137 222
END TURN 359
TURN 360
COMMAND LEFT START
MOVE A208 122
MOVE A207 122
MOVE A206 122
TRAIN 3
COMMAND LEFT END
COMMAND RIGHT START
MOVE B138 203
COMMAND RIGHT END
TURN 360 RESULT
TIME LEFT 0 5 RIGHT 0 5
TRAIN A209 A210 A211
MOVE A129 193
MOVE A130 193
MOVE A131 193
MOVE A132 193
MOVE A133 193
MOVE A135 193
MOVE A136 193
MOVE A137 193
MOVE A138 193
MOVE A139 193
MOVE A140 193
MOVE A141 193
MOVE A142 193
MOVE A145 193
MOVE A148 193
MOVE A149 193
MOVE A150 193
MOVE A152 193
MOVE A153 193
MOVE A154 193
MOVE A155 193
MOVE A156 193
MOVE A157 193
MOVE A158 193
MOVE A159 193
MOVE A161 193
MOVE A162 193
MOVE A166 193
MOVE A167 193
MOVE A169 193
MOVE A170 187
MOVE A171 193
MOVE A172 193
MOVE A173 193
MOVE A174 203
MOVE A175 193
MOVE A176 193
MOVE A177 193
MOVE A185 122
MOVE A186 122
MOVE A187 122
MOVE A188 105
MOVE A189 105
MOVE A190 105
MOVE A191 85
MOVE A192 85
MOVE A193 85
MOVE A194 71
MOVE A195 71
MOVE A196 71
MOVE A197 23
MOVE A198 23
MOVE A199 23
MOVE A200 23
MOVE A201 23
MOVE A202 23
MOVE A203 10
MOVE A204 10
MOVE A205 10
MOVE A206 4
MOVE A207 4
MOVE A208 4
MOVE B137 212
MOVE B138 240
DAMAGE TURRET A174 2
DAMAGE COMBAT A174 6
DAMAGE COMBAT B26 1
END TURN 360
TURN 361
COMMAND LEFT START
MOVE A187 203
MOVE A211 122
MOVE A210 122
MOVE A209 122
TRAIN 3
COMMAND LEFT END
COMMAND RIGHT START
MOVE B5 244
MOVE B18 244
MOVE B26 244
MOVE B51 244
MOVE B53 244
MOVE B68 244
MOVE B88 244
MOVE B90 244
MOVE B116 244
MOVE B117 244
MOVE B121 244
MOVE B122 244
MOVE B123 244
MOVE B126 244
MOVE B127 244
MOVE B128 244
MOVE B129 244
MOVE B130 244
MOVE B131 244
MOVE B132 244
MOVE B133 244
MOVE B134 244
MOVE B135 244
MOVE B136 244
TRAIN 3
COMMAND RIGHT END
TURN 361 RESULT
TIME LEFT 0 5 RIGHT 0 5
TRAIN A212 A213 A214 B139 B140 B141
MOVE A129 215
MOVE A130 215
MOVE A131 215
MOVE A132 215
MOVE A133 215
MOVE A135 215
MOVE A136 215
MOVE A137 215
MOVE A138 215
MOVE A139 215
MOVE A140 215
MOVE A141 215
MOVE A142 215
MOVE A145 215
MOVE A148 215
MOVE A149 215
MOVE A150 215
MOVE A152 215
MOVE A153 215
MOVE A154 215
MOVE A155 215
MOVE A156 215
MOVE A157 215
MOVE A158 215
MOVE A159 215
MOVE A161 215
MOVE A162 215
MOVE A166 215
MOVE A167 215
MOVE A169 215
MOVE A170 171
MOVE A171 215
MOVE A172 215
MOVE A173 215
MOVE A175 215
MOVE A176 215
MOVE A177 215
MOVE A187 139
MOVE A188 122
MOVE A189 122
MOVE A190 122
MOVE A191 105
MOVE A192 105
MOVE A193 105
MOVE A194 85
MOVE A195 85
MOVE A196 85
MOVE A197 40
MOVE A198 40
MOVE A199 40
MOVE A200 40
MOVE A201 40
MOVE A202 40
MOVE A203 23
MOVE A204 23
MOVE A205 23
MOVE A206 10
MOVE A207 10
MOVE A208 10
MOVE A209 4
MOVE A210 4
MOVE A211 4
MOVE B5 212
MOVE B18 212
MOVE B26 212
MOVE B51 212
MOVE B53 212
MOVE B68 212
MOVE B88 212
MOVE B90 212
MOVE B116 212
MOVE B117 212
MOVE B121 212
MOVE B122 212
MOVE B123 212
MOVE B126 212
MOVE B127 212
MOVE B128 212
MOVE B129 212
MOVE B130 212
MOVE B131 212
MOVE B132 212
MOVE B133 212
MOVE B134 212
MOVE B135 212
MOVE B136 212
MOVE B137 203
MOVE B138 237
END TURN 361
TURN 362
COMMAND LEFT START
MOVE A214 122
MOVE A213 122
MOVE A212 122
TRAIN 3
COMMAND LEFT END
COMMAND RIGHT START
MOVE B137 244
TRAIN 3
COMMAND RIGHT END
TURN 362 RESULT
TIME LEFT 0 5 RIGHT 0 5
TRAIN A215 A216 A217 B142 B143 B144
MOVE A129 230
MOVE A130 230
MOVE A131 230
MOVE A132 230
MOVE A133 230
MOVE A135 230
MOVE A136 230
MOVE A137 230
MOVE A138 230
MOVE A139 230
MOVE A140 230
MOVE A141 230
MOVE A142 230
MOVE A145 230
MOVE A148 230
MOVE A149 230
MOVE A150 230
MOVE A152 230
MOVE A153 230
MOVE A154 230
MOVE A155 230
MOVE A156 230
MOVE A157 230
MOVE A158 230
MOVE A159 230
MOVE A161 230
MOVE A162 230
MOVE A166 230
MOVE A167 230
MOVE A169 230
MOVE A170 151
MOVE A171 230
MOVE A172 230
MOVE A173 230
MOVE A175 230
MOVE A176 230
MOVE A177 230
MOVE A187 158
MOVE A191 122
MOVE A192 122
MOVE A193 122
MOVE A194 105
MOVE A195 105
MOVE A196 105
MOVE A197 54
MOVE A198 54
MOVE A199 54
MOVE A200 54
MOVE A201 54
MOVE A202 54
MOVE A203 40
MOVE A204 40
MOVE A205 40
MOVE A206 23
MOVE A207 23
MOVE A208 23
MOVE A209 10
MOVE A210 10
MOVE A211 10
MOVE A212 4
MOVE A213 4
MOVE A214 4
MOVE B5 222
MOVE B18 222
MOVE B26 222
MOVE B51 222
MOVE B53 222
MOVE B68 222
MOVE B88 222
MOVE B90 222
MOVE B116 222
MOVE B117 222
MOVE B121 222
MOVE B122 222
MOVE B123 222
MOVE B126 222
MOVE B127 222
MOVE B128 222
MOVE B129 222
MOVE B130 222
MOVE B131 222
MOVE B132 222
MOVE B133 222
MOVE B134 222
MOVE B135 222
MOVE B136 222
MOVE B137 212
MOVE B138 230
DAMAGE TURRET A135 2
DAMAGE COMBAT A135 1
DAMAGE COMBAT B138 8
SIEGE B 230 18
END TURN 362
TURN 363
COMMAND LEFT START
MOVE A129 122
MOVE A130 122
MOVE A131 122
MOVE A132 122
MOVE A133 122
MOVE A135 122
MOVE A136 122
MOVE A137 122
MOVE A138 122
MOVE A139 122
MOVE A140 122
MOVE A141 122
MOVE A142 122
MOVE A145 122
MOVE A148 122
MOVE A149 122
MOVE A150 122
MOVE A152 122
MOVE A153 122
MOVE A154 122
MOVE A155 122
MOVE A156 122
MOVE A157 122
MOVE A158 122
MOVE A159 122
MOVE A161 122
MOVE A162 122
MOVE A166 122
MOVE A167 122
MOVE A169 122
MOVE A171 122
MOVE A172 122
MOVE A173 122
MOVE A175 122
MOVE A217 122
MOVE A216 122
MOVE A215 122
UPGRADE 230
TRAIN 3
COMMAND LEFT END
COMMAND RIGHT START
MOVE B19 244
COMMAND RIGHT END
TURN 363 RESULT
TIME LEFT 1 5 RIGHT 0 5
UPGRADE A 230
TRAIN A218 A219 A220
MOVE A129 215
MOVE A130 215
MOVE A131 215
MOVE A132 215
MOVE A133 215
MOVE A135 215
MOVE A136 215
MOVE A137 215
MOVE A138 215
MOVE A139 215
MOVE A140 215
MOVE A141 215
MOVE A142 215
MOVE A145 215
MOVE A148 215
MOVE A149 215
MOVE A150 215
MOVE A152 215
MOVE A153 215
MOVE A154 215
MOVE A155 215
MOVE A156 215
MOVE A157 215
MOVE A158 215
MOVE A159 215
MOVE A161 215
MOVE A162 215
MOVE A166 215
MOVE A167 215
MOVE A169 215
MOVE A170 132
MOVE A171 215
MOVE A172 215
MOVE A173 215
MOVE A175 215
MOVE A187 174
MOVE A194 122
MOVE A195 122
MOVE A196 122
MOVE A197 71
MOVE A198 71
MOVE A199 71
MOVE A200 71
MOVE A201 71
MOVE A202 71
MOVE A203 54
MOVE A204 54
MOVE A205 54
MOVE A206 40
MOVE A207 40
MOVE A208 40
MOVE A209 23
MOVE A210 23
MOVE A211 23
MOVE A212 10
MOVE A213 10
MOVE A214 10
MOVE A215 4
MOVE A216 4
MOVE A217 4
MOVE B5 230
MOVE B18 230
MOVE B19 12
MOVE B26 230
MOVE B51 230
MOVE B53 230
MOVE B68 230
MOVE B88 230
MOVE B90 230
MOVE B116 230
MOVE B117 230
MOVE B121 230
MOVE B122 230
MOVE B123 230
MOVE B126 230
MOVE B127 230
MOVE B128 230
MOVE B129 230
MOVE B130 230
MOVE B131 230
MOVE B132 230
MOVE B133 230
MOVE B134 230
MOVE B135 230
MOVE B136 230
MOVE B137 222
DAMAGE TURRET B26 1
DAMAGE COMBAT A176 8
DAMAGE COMBAT A177 8
DAMAGE COMBAT B5 2
SIEGE A 230 6
END TURN 363
TURN 364
COMMAND LEFT START
MOVE A220 122
MOVE A219 122
MOVE A218 122
TRAIN 3
COMMAND LEFT END
COMMAND RIGHT START
COMMAND RIGHT END
TURN 364 RESULT
TIME LEFT 1 5 RIGHT 0 5
TRAIN A221 A222 A223
MOVE A129 193
MOVE A130 193
MOVE A131 193
MOVE A132 193
MOVE A133 193
MOVE A135 193
MOVE A136 193
MOVE A137 193
MOVE A138 193
MOVE A139 193
MOVE A140 193
MOVE A141 193
MOVE A142 193
MOVE A145 193
MOVE A148 193
MOVE A149 193
MOVE A150 193
MOVE A152 193
MOVE A153 193
MOVE A154 193
MOVE A155 193
MOVE A156 193
MOVE A157 193
MOVE A158 193
MOVE A159 193
MOVE A161 193
MOVE A162 193
MOVE A166 193
MOVE A167 193
MOVE A169 193
MOVE A170 122
MOVE A171 193
MOVE A172 193
MOVE A173 193
MOVE A175 193
MOVE A187 179
MOVE A197 85
MOVE A198 85
MOVE A199 85
MOVE A200 85
MOVE A201 85
MOVE A202 85
MOVE A203 71
MOVE A204 71
MOVE A205 71
MOVE A206 54
MOVE A207 54
MOVE A208 54
MOVE A209 40
MOVE A210 40
MOVE A211 40
MOVE A212 23
MOVE A213 23
MOVE A214 23
MOVE A215 10
MOVE A216 10
MOVE A217 10
MOVE A218 4
MOVE A219 4
MOVE A220 4
MOVE B5 237
MOVE B18 237
MOVE B19 20
MOVE B51 237
MOVE B53 237
MOVE B68 237
MOVE B88 237
MOVE B90 237
MOVE B116 237
MOVE B117 237
MOVE B121 237
MOVE B122 237
MOVE B123 237
MOVE B126 237
MOVE B127 237
MOVE B128 237
MOVE B129 237
MOVE B130 237
MOVE B131 237
MOVE B132 237
MOVE B133 237
MOVE B134 237
MOVE B135 237
MOVE B136 237
MOVE B137 230
END TURN 364
TURN 365
COMMAND LEFT START
MOVE A178 230
MOVE A179 230
MOVE A180 230
MOVE A181 230
MOVE A182 230
MOVE A223 122
MOVE A222 122
MOVE A221 122
TRAIN 3
COMMAND LEFT END
COMMAND RIGHT START
COMMAND RIGHT END
TURN 365 RESULT
TIME LEFT 1 5 RIGHT 0 5
TRAIN A224 A225 A226
MOVE A129 172
MOVE A130 172
MOVE A131 172
MOVE A132 172
MOVE A133 172
MOVE A135 172
MOVE A136 172
MOVE A137 172
MOVE A138 172
MOVE A139 172
MOVE A140 172
MOVE A141 172
MOVE A142 172
MOVE A145 172
MOVE A148 172
MOVE A149 172
MOVE A150 172
MOVE A152 172
MOVE A153 172
MOVE A154 172
MOVE A155 172
MOVE A156 172
MOVE A157 172
MOVE A158 172
MOVE A159 172
MOVE A161 172
MOVE A162 172
MOVE A166 172
MOVE A167 172
MOVE A169 172
MOVE A171 172
MOVE A172 172
MOVE A173 172
MOVE A175 172
MOVE A178 139
MOVE A179 139
MOVE A180 139
MOVE A181 139
MOVE A182 139
MOVE A187 191
MOVE A197 105
MOVE A198 105
MOVE A199 105
MOVE A200 105
MOVE A201 105
MOVE A202 105
MOVE A203 85
MOVE A204 85
MOVE A205 85
MOVE A206 71
MOVE A207 71
MOVE A208 71
MOVE A209 54
MOVE A210 54
MOVE A211 54
MOVE A212 40
MOVE A213 40
MOVE A214 40
MOVE A215 23
MOVE A216 23
MOVE A217 23
MOVE A218 10
MOVE A219 10
MOVE A220 10
MOVE A221 4
MOVE A222 4
MOVE A223 4
MOVE B5 240
MOVE B18 240
MOVE B19 41
MOVE B51 240
MOVE B53 240
MOVE B68 240
MOVE B88 240
MOVE B90 240
MOVE B116 240
MOVE B117 240
MOVE B121 240
MOVE B122 240
MOVE B123 240
MOVE B126 240
MOVE B127 240
MOVE B128 240
MOVE B129 240
MOVE B130 240
MOVE B131 240
MOVE B132 240
MOVE B133 240
MOVE B134 240
MOVE B135 240
MOVE B136 240
MOVE B137 237
DAMAGE TURRET B19 2
DAMAGE COMBAT A89 1
DAMAGE COMBAT B19 3
END TURN 365
TURN 366
COMMAND LEFT START
MOVE A226 122
MOVE A225 122
MOVE A224 122
TRAIN 3
COMMAND LEFT END
COMMAND RIGHT START
COMMAND RIGHT END
TURN 366 RESULT
TIME LEFT 0 5 RIGHT 0 5
TRAIN A227 A228 A229
MOVE A129 159
MOVE A130 159
MOVE A131 159
MOVE A132 159
MOVE A133 159
MOVE A135 159
MOVE A136 159
MOVE A137 159
MOVE A138 159
MOVE A139 159
MOVE A140 159
MOVE A141 159
MOVE A142 159
MOVE A145 159
MOVE A148 159
MOVE A149 159
MOVE A150 159
MOVE A152 159
MOVE A153 159
MOVE A154 159
MOVE A155 159
MOVE A156 159
MOVE A157 159
MOVE A158 159
MOVE A159 159
MOVE A161 159
MOVE A162 159
MOVE A166 159
MOVE A167 159
MOVE A169 159
MOVE A171 159
MOVE A172 159
MOVE A173 159
MOVE A175 159
MOVE A178 159
MOVE A179 159
MOVE A180 159
MOVE A181 159
MOVE A182 159
MOVE A187 203
MOVE A197 122
MOVE A198 122
MOVE A199 122
MOVE A200 122
MOVE A201 122
MOVE A202 122
MOVE A203 105
MOVE A204 105
MOVE A205 105
MOVE A206 85
MOVE A207 85
MOVE A208 85
MOVE A209 71
MOVE A210 71
MOVE A211 71
MOVE A212 54
MOVE A213 54
MOVE A214 54
MOVE A215 40
MOVE A216 40
MOVE A217 40
MOVE A218 23
MOVE A219 23
MOVE A220 23
MOVE A221 10
MOVE A222 10
MOVE A223 10
MOVE A224 4
MOVE A225 4
MOVE A226 4
MOVE B5 244
MOVE B18 244
MOVE B51 244
MOVE B53 244
MOVE B68 244
MOVE B88 244
MOVE B90 244
MOVE B116 244
MOVE B117 244
MOVE B121 244
MOVE B122 244
MOVE B123 244
MOVE B126 244
MOVE B127 244
MOVE B128 244
MOVE B129 244
MOVE B130 244
MOVE B131 244
MOVE B132 244
MOVE B133 244
MOVE B134 244
MOVE B135 244
MOVE B136 244
MOVE B137 240
DAMAGE TURRET A187 2
DAMAGE TURRET B19 1
DAMAGE COMBAT A89 1
SIEGE B 203 1
END TURN 366
TURN 367
COMMAND LEFT START
MOVE A187 163
TRAIN 3
COMMAND LEFT END
COMMAND RIGHT START
MOVE B5 203
MOVE B18 203
MOVE B51 203
MOVE B53 185
MOVE B68 203
MOVE B88 203
MOVE B90 203
MOVE B116 203
MOVE B117 203
MOVE B121 203
MOVE B122 203
MOVE B123 203
MOVE B126 203
MOVE B127 203
MOVE B128 203
MOVE B129 203
MOVE B130 203
MOVE B131 203
MOVE B132 203
MOVE B133 203
MOVE B134 203
MOVE B135 203
MOVE B136 203
MOVE B139 203
MOVE B140 203
MOVE B141 203
MOVE B142 203
MOVE B143 203
MOVE B144 203
COMMAND RIGHT END
TURN 367 RESULT
TIME LEFT 0 5 RIGHT 0 5
TRAIN A230 A231 A232
MOVE A129 139
MOVE A130 139
MOVE A131 139
MOVE A132 139
MOVE A133 139
MOVE A135 139
MOVE A136 139
MOVE A137 139
MOVE A138 139
MOVE A139 139
MOVE A140 139
MOVE A141 139
MOVE A142 139
MOVE A145 139
MOVE A148 139
MOVE A149 139
MOVE A150 139
MOVE A152 139
MOVE A153 139
MOVE A154 139
MOVE A155 139
MOVE A156 139
MOVE A157 139
MOVE A158 139
MOVE A159 139
MOVE A161 139
MOVE A162 139
MOVE A166 139
MOVE A167 139
MOVE A169 139
MOVE A171 139
MOVE A172 139
MOVE A173 139
MOVE A175 139
MOVE A178 172
MOVE A179 172
MOVE A180 172
MOVE A181 172
MOVE A182 172
MOVE A187 192
MOVE A203 122
MOVE A204 122
MOVE A205 122
MOVE A206 105
MOVE A207 105
MOVE A208 105
MOVE A209 85
MOVE A210 85
MOVE A211 85
MOVE A212 71
MOVE A213 71
MOVE A214 71
MOVE A215 54
MOVE A216 54
MOVE A217 54
MOVE A218 40
MOVE A219 40
MOVE A220 40
MOVE A221 23
MOVE A222 23
MOVE A223 23
MOVE A224 10
MOVE A225 10
MOVE A226 10
MOVE B5 240
MOVE B18 240
MOVE B51 240
MOVE B53 238
MOVE B68 240
MOVE B88 240
MOVE B90 240
MOVE B116 240
MOVE B117 240
MOVE B121 240
MOVE B122 240
MOVE B123 240
MOVE B126 240
MOVE B127 240
MOVE B128 240
MOVE B129 240
MOVE B130 240
MOVE B131 240
MOVE B132 240
MOVE B133 240
MOVE B134 240
MOVE B135 240
MOVE B136 240
MOVE B137 244
MOVE B139 240
MOVE B140 240
MOVE B141 240
MOVE B142 240
MOVE B143 240
MOVE B144 240
END TURN 367
TURN 368
COMMAND LEFT START
MOVE A205 203
MOVE A204 203
MOVE A203 203
MOVE A202 203
MOVE A201 203
MOVE A200 203
MOVE A199 203
MOVE A198 203
MOVE A197 203
MOVE A196 203
MOVE A195 203
MOVE A194 203
MOVE A193 203
MOVE A192 203
MOVE A191 203
MOVE A190 203
MOVE A189 203
MOVE A188 203
MOVE A186 203
MOVE A185 203
MOVE A184 203
MOVE A183 203
MOVE A170 203
COMMAND LEFT END
COMMAND RIGHT START
COMMAND RIGHT END
TURN 368 RESULT
TIME LEFT 0 5 RIGHT 0 5
MOVE A129 122
MOVE A130 122
MOVE A131 122
MOVE A132 122
MOVE A133 122
MOVE A135 122
MOVE A136 122
MOVE A137 122
MOVE A138 122
MOVE A139 122
MOVE A140 122
MOVE A141 122
MOVE A142 122
MOVE A145 122
MOVE A148 122
MOVE A149 122
MOVE A150 122
MOVE A152 122
MOVE A153 122
MOVE A154 122
MOVE A155 122
MOVE A156 122
MOVE A157 122
MOVE A158 122
MOVE A159 122
MOVE A161 122
MOVE A162 122
MOVE A166 122
MOVE A167 122
MOVE A169 122
MOVE A170 139
MOVE A171 122
MOVE A172 122
MOVE A173 122
MOVE A175 122
MOVE A178 193
MOVE A179 193
MOVE A180 193
MOVE A181 193
MOVE A182 193
MOVE A183 139
MOVE A184 139
MOVE A185 139
MOVE A186 139
MOVE A187 181
MOVE A188 139
MOVE A189 139
MOVE A190 139
MOVE A191 139
MOVE A192 139
MOVE A193 139
MOVE A194 139
MOVE A195 139
MOVE A196 139
MOVE A197 139
MOVE A198 139
MOVE A199 139
MOVE A200 139
MOVE A201 139
MOVE A202 139
MOVE A203 139
MOVE A204 139
MOVE A205 139
MOVE A206 122
MOVE A207 122
MOVE A208 122
MOVE A209 105
MOVE A210 105
MOVE A211 105
MOVE A212 85
MOVE A213 85
MOVE A214 85
MOVE A215 71
MOVE A216 71
MOVE A217 71
MOVE A218 54
MOVE A219 54
MOVE A220 54
MOVE A221 40
MOVE A222 40
MOVE A223 40
MOVE A224 23
MOVE A225 23
MOVE A226 23
MOVE B5 237
MOVE B18 237
MOVE B51 237
MOVE B53 233
MOVE B68 237
MOVE B88 237
MOVE B90 237
MOVE B116 237
MOVE B117 237
MOVE B121 237
MOVE B122 237
MOVE B123 237
MOVE B126 237
MOVE B127 237
MOVE B128 237
MOVE B129 237
MOVE B130 237
MOVE B131 237
MOVE B132 237
MOVE B133 237
MOVE B134 237
MOVE B135 237
MOVE B136 237
MOVE B139 237
MOVE B140 237
MOVE B141 237
MOVE B142 237
MOVE B143 237
MOVE B144 237
END TURN 368
TURN 369
COMMAND LEFT START
MOVE A208 244
MOVE A207 244
MOVE A206 244
MOVE A175 244
MOVE A173 244
MOVE A172 244
MOVE A171 244
MOVE A169 244
MOVE A167 244
MOVE A166 244
MOVE A162 244
MOVE A161 244
MOVE A159 244
MOVE A158 244
MOVE A157 244
MOVE A156 244
MOVE A155 244
MOVE A154 244
MOVE A153 244
MOVE A152 244
MOVE A150 244
MOVE A149 244
MOVE A148 244
MOVE A145 244
MOVE A142 244
MOVE A141 244
MOVE A140 244
MOVE A139 244
MOVE A138 244
MOVE A137 244
MOVE A136 244
MOVE A135 244
MOVE A133 244
MOVE A132 244
MOVE A131 244
MOVE A130 244
MOVE A129 244
COMMAND LEFT END
COMMAND RIGHT START
COMMAND RIGHT END
TURN 369 RESULT
TIME LEFT 1 5 RIGHT 0 5
MOVE A129 139
MOVE A130 139
MOVE A131 139
MOVE A132 139
MOVE A133 139
MOVE A135 139
MOVE A136 139
MOVE A137 139
MOVE A138 139
MOVE A139 139
MOVE A140 139
MOVE A141 139
MOVE A142 139
MOVE A145 139
MOVE A148 139
MOVE A149 139
MOVE A150 139
MOVE A152 139
MOVE A153 139
MOVE A154 139
MOVE A155 139
MOVE A156 139
MOVE A157 139
MOVE A158 139
MOVE A159 139
MOVE A161 139
MOVE A162 139
MOVE A166 139
MOVE A167 139
MOVE A169 139
MOVE A170 158
MOVE A171 139
MOVE A172 139
MOVE A173 139
MOVE A175 139
MOVE A178 215
MOVE A179 215
MOVE A180 215
MOVE A181 215
MOVE A182 215
MOVE A183 158
MOVE A184 158
MOVE A185 158
MOVE A186 158
MOVE A187 180
MOVE A188 158
MOVE A189 158
MOVE A190 158
MOVE A191 158
MOVE A192 158
MOVE A193 158
MOVE A194 158
MOVE A195 158
MOVE A196 158
MOVE A197 158
MOVE A198 158
MOVE A199 158
MOVE A200 158
MOVE A201 158
MOVE A202 158
MOVE A203 158
MOVE A204 158
MOVE A205 158
MOVE A206 139
MOVE A207 139
MOVE A208 139
MOVE A209 122
MOVE A210 122
MOVE A211 122
MOVE A212 105
MOVE A213 105
MOVE A214 105
MOVE A215 85
MOVE A216 85
MOVE A217 85
MOVE A218 71
MOVE A219 71
MOVE A220 71
MOVE A221 54
MOVE A222 54
MOVE A223 54
MOVE A224 40
MOVE A225 40
MOVE A226 40
MOVE B5 230
MOVE B18 230
MOVE B51 230
MOVE B53 223
MOVE B68 230
MOVE B88 230
MOVE B90 230
MOVE B116 230
MOVE B117 230
MOVE B121 230
MOVE B122 230
MOVE B123 230
MOVE B126 230
MOVE B127 230
MOVE B128 230
MOVE B129 230
MOVE B130 230
MOVE B131 230
MOVE B132 230
MOVE B133 230
MOVE B134 230
MOVE B135 230
MOVE B136 230
MOVE B139 230
MOVE B140 230
MOVE B141 230
MOVE B142 230
MOVE B143 230
MOVE B144 230
END TURN 369
TURN 370
COMMAND LEFT START
MOVE A232 122
MOVE A231 122
MOVE A230 122
MOVE A229 122
MOVE A228 122
MOVE A227 122
TRAIN 3
COMMAND LEFT END
COMMAND RIGHT START
MOVE B137 203
COMMAND RIGHT END
TURN 370 RESULT
TIME LEFT 0 5 RIGHT 0 5
TRAIN A233 A234 A235
MOVE A129 159
MOVE A130 159
MOVE A131 159
MOVE A132 159
MOVE A133 159
MOVE A135 159
MOVE A136 159
MOVE A137 159
MOVE A138 159
MOVE A139 159
MOVE A140 159
MOVE A141 159
MOVE A142 159
MOVE A145 159
MOVE A148 159
MOVE A149 159
MOVE A150 159
MOVE A152 159
MOVE A153 159
MOVE A154 159
MOVE A155 159
MOVE A156 159
MOVE A157 159
MOVE A158 159
MOVE A159 159
MOVE A161 159
MOVE A162 159
MOVE A166 159
MOVE A167 159
MOVE A169 159
MOVE A170 174
MOVE A171 159
MOVE A172 159
MOVE A173 159
MOVE A175 159
MOVE A178 230
MOVE A179 230
MOVE A180 230
MOVE A181 230
MOVE A182 230
MOVE A183 174
MOVE A184 174
MOVE A185 174
MOVE A186 174
MOVE A187 170
MOVE A188 174
MOVE A189 174
MOVE A190 174
MOVE A191 174
MOVE A192 174
MOVE A193 174
MOVE A194 174
MOVE A195 174
MOVE A196 174
MOVE A197 174
MOVE A198 174
MOVE A199 174
MOVE A200 174
MOVE A201 174
MOVE A202 174
MOVE A203 174
MOVE A204 174
MOVE A205 174
MOVE A206 159
MOVE A207 159
MOVE A208 159
MOVE A212 122
MOVE A213 122
MOVE A214 122
MOVE A215 105
MOVE A216 105
MOVE A217 105
MOVE A218 85
MOVE A219 85
MOVE A220 85
MOVE A221 71
MOVE A222 71
MOVE A223 71
MOVE A224 54
MOVE A225 54
MOVE A226 54
MOVE A227 4
MOVE A228 4
MOVE A229 4
MOVE A230 4
MOVE A231 4
MOVE A232 4
MOVE B5 222
MOVE B18 222
MOVE B51 222
MOVE B53 213
MOVE B68 222
MOVE B88 222
MOVE B90 222
MOVE B116 222
MOVE B117 222
MOVE B121 222
MOVE B122 222
MOVE B123 222
MOVE B126 222
MOVE B127 222
MOVE B128 222
MOVE B129 222
MOVE B130 222
MOVE B131 222
MOVE B132 222
MOVE B133 222
MOVE B134 222
MOVE B135 222
MOVE B136 222
MOVE B137 240
MOVE B139 222
MOVE B140 222
MOVE B141 222
MOVE B142 222
MOVE B143 222
MOVE B144 222
END TURN 370
TURN 371
COMMAND LEFT START
MOVE A178 122
MOVE A179 122
MOVE A180 122
MOVE A235 122
MOVE A234 122
MOVE A233 122
UPGRADE 230
TRAIN 3
COMMAND LEFT END
COMMAND RIGHT START
COMMAND RIGHT END
TURN 371 RESULT
TIME LEFT 0 5 RIGHT 0 5
UPGRADE A 230
TRAIN A236 A237 A238
MOVE A129 173
MOVE A130 173
MOVE A131 173
MOVE A132 173
MOVE A133 173
MOVE A135 173
MOVE A136 173
MOVE A137 173
MOVE A138 173
MOVE A139 173
MOVE A140 173
MOVE A141 173
MOVE A142 173
MOVE A145 173
MOVE A148 173
MOVE A149 173
MOVE A150 173
MOVE A152 173
MOVE A153 173
MOVE A154 173
MOVE A155 173
MOVE A156 173
MOVE A157 173
MOVE A158 173
MOVE A159 173
MOVE A161 173
MOVE A162 173
MOVE A166 173
MOVE A167 173
MOVE A169 173
MOVE A170 179
MOVE A171 173
MOVE A172 173
MOVE A173 173
MOVE A175 173
MOVE A178 215
MOVE A179 215
MOVE A180 215
MOVE A183 179
MOVE A184 179
MOVE A185 179
MOVE A186 179
MOVE A187 163
MOVE A188 179
MOVE A189 179
MOVE A190 179
MOVE A191 179
MOVE A192 179
MOVE A193 179
MOVE A194 179
MOVE A195 179
MOVE A196 179
MOVE A197 179
MOVE A198 179
MOVE A199 179
MOVE A200 179
MOVE A201 179
MOVE A202 179
MOVE A203 179
MOVE A204 179
MOVE A205 179
MOVE A206 173
MOVE A207 173
MOVE A208 173
MOVE A215 122
MOVE A216 122
MOVE A217 122
MOVE A218 105
MOVE A219 105
MOVE A220 105
MOVE A221 85
MOVE A222 85
MOVE A223 85
MOVE A224 71
MOVE A225 71
MOVE A226 71
MOVE A227 10
MOVE A228 10
MOVE A229 10
MOVE A230 10
MOVE A231 10
MOVE A232 10
MOVE A233 4
MOVE A234 4
MOVE A235 4
MOVE B5 212
MOVE B18 212
MOVE B51 212
MOVE B53 210
MOVE B68 212
MOVE B88 212
MOVE B90 212
MOVE B116 212
MOVE B117 212
MOVE B121 212
MOVE B122 212
MOVE B123 212
MOVE B126 212
MOVE B127 212
MOVE B128 212
MOVE B129 212
MOVE B130 212
MOVE B131 212
MOVE B132 212
MOVE B133 212
MOVE B134 212
MOVE B135 212
MOVE B136 212
MOVE B137 237
MOVE B139 212
MOVE B140 212
MOVE B141 212
MOVE B142 212
MOVE B143 212
MOVE B144 212
END TURN 371
TURN 372
COMMAND LEFT START
MOVE A238 122
UPGRADE 230
TRAIN 3
COMMAND LEFT END
COMMAND RIGHT START
COMMAND RIGHT END
TURN 372 RESULT
TIME LEFT 0 5 RIGHT 0 5
UPGRADE A 230
TRAIN A239 A240 A241
MOVE A129 190
MOVE A130 190
MOVE A131 190
MOVE A132 190
MOVE A133 190
MOVE A135 190
MOVE A136 190
MOVE A137 190
MOVE A138 190
MOVE A139 190
MOVE A140 190
MOVE A141 190
MOVE A142 190
MOVE A145 190
MOVE A148 190
MOVE A149 190
MOVE A150 190
MOVE A152 190
MOVE A153 190
MOVE A154 190
MOVE A155 190
MOVE A156 190
MOVE A157 190
MOVE A158 190
MOVE A159 190
MOVE A161 190
MOVE A162 190
MOVE A166 190
MOVE A167 190
MOVE A169 190
MOVE A170 191
MOVE A171 190
MOVE A172 190
MOVE A173 190
MOVE A175 190
MOVE A178 193
MOVE A179 193
MOVE A180 193
MOVE A183 191
MOVE A184 191
MOVE A185 191
MOVE A186 191
MOVE A188 191
MOVE A189 191
MOVE A190 191
MOVE A191 191
MOVE A192 191
MOVE A193 191
MOVE A194 191
MOVE A195 191
MOVE A196 191
MOVE A197 191
MOVE A198 191
MOVE A199 191
MOVE A200 191
MOVE A201 191
MOVE A202 191
MOVE A203 191
MOVE A204 191
MOVE A205 191
MOVE A206 190
MOVE A207 190
MOVE A208 190
MOVE A218 122
MOVE A219 122
MOVE A220 122
MOVE A221 105
MOVE A222 105
MOVE A223 105
MOVE A224 85
MOVE A225 85
MOVE A226 85
MOVE A227 23
MOVE A228 23
MOVE A229 23
MOVE A230 23
MOVE A231 23
MOVE A232 23
MOVE A233 10
MOVE A234 10
MOVE A235 10
MOVE A238 4
MOVE B5 203
MOVE B18 203
MOVE B51 203
MOVE B53 198
MOVE B68 203
MOVE B88 203
MOVE B90 203
MOVE B116 203
MOVE B117 203
MOVE B121 203
MOVE B122 203
MOVE B123 203
MOVE B126 203
MOVE B127 203
MOVE B128 203
MOVE B129 203
MOVE B130 203
MOVE B131 203
MOVE B132 203
MOVE B133 203
MOVE B134 203
MOVE B135 203
MOVE B136 203
MOVE B137 230
MOVE B139 203
MOVE B140 203
MOVE B141 203
MOVE B142 203
MOVE B143 203
MOVE B144 203
DAMAGE TURRET B137 1
DAMAGE COMBAT A181 1
DAMAGE COMBAT B137 2
END TURN 372
TURN 373
COMMAND LEFT START
TRAIN 3
COMMAND LEFT END
COMMAND RIGHT START
MOVE B5 116
MOVE B18 116
MOVE B51 116
MOVE B68 116
MOVE B88 116
MOVE B90 116
MOVE B116 116
MOVE B117 116
MOVE B121 116
MOVE B122 116
MOVE B123 116
MOVE B126 116
MOVE B127 116
MOVE B128 116
MOVE B129 116
MOVE B130 116
MOVE B131 116
MOVE B132 116
MOVE B133 116
MOVE B134 116
MOVE B135 116
MOVE B136 116
MOVE B139 116
MOVE B140 116
COMMAND RIGHT END
TURN 373 RESULT
TIME LEFT 1 5 RIGHT 0 5
TRAIN A242 A243 A244
MOVE A129 204
MOVE A130 204
MOVE A131 204
MOVE A132 204
MOVE A133 204
MOVE A135 204
MOVE A136 204
MOVE A137 204
MOVE A138 204
MOVE A139 204
MOVE A140 204
MOVE A141 204
MOVE A142 204
MOVE A145 204
MOVE A148 204
MOVE A149 204
MOVE A150 204
MOVE A152 204
MOVE A153 204
MOVE A154 204
MOVE A155 204
MOVE A156 204
MOVE A157 204
MOVE A158 204
MOVE A159 204
MOVE A161 204
MOVE A162 204
MOVE A166 204
MOVE A167 204
MOVE A169 204
MOVE A170 203
MOVE A171 204
MOVE A172 204
MOVE A173 204
MOVE A175 204
MOVE A178 172
MOVE A179 172
MOVE A180 172
MOVE A183 203
MOVE A184 203
MOVE A185 203
MOVE A186 203
MOVE A188 203
MOVE A189 203
MOVE A190 203
MOVE A191 203
MOVE A192 203
MOVE A193 203
MOVE A194 203
MOVE A195 203
MOVE A196 203
MOVE A197 203
MOVE A198 203
MOVE A199 203
MOVE A200 203
MOVE A201 203
MOVE A202 203
MOVE A203 203
MOVE A204 203
MOVE A205 203
MOVE A206 204
MOVE A207 204
MOVE A208 204
MOVE A221 122
MOVE A222 122
MOVE A223 122
MOVE A224 105
MOVE A225 105
MOVE A226 105
MOVE A227 40
MOVE A228 40
MOVE A229 40
MOVE A230 40
MOVE A231 40
MOVE A232 40
MOVE A233 23
MOVE A234 23
MOVE A235 23
MOVE A238 10
MOVE B5 191
MOVE B18 191
MOVE B51 191
MOVE B53 185
MOVE B68 191
MOVE B88 191
MOVE B90 191
MOVE B116 191
MOVE B117 191
MOVE B121 191
MOVE B122 191
MOVE B123 191
MOVE B126 191
MOVE B127 191
MOVE B128 191
MOVE B129 191
MOVE B130 191
MOVE B131 191
MOVE B132 191
MOVE B133 191
MOVE B134 191
MOVE B135 191
MOVE B136 191
MOVE B139 191
MOVE B140 191
DAMAGE TURRET A170 2
DAMAGE TURRET B137 1
DAMAGE COMBAT A170 4
DAMAGE COMBAT A181 1
DAMAGE COMBAT B137 2
DAMAGE COMBAT B141 8
DAMAGE COMBAT B142 8
DAMAGE COMBAT B143 7
END TURN 373
TURN 374
COMMAND LEFT START
TRAIN 3
COMMAND LEFT END
COMMAND RIGHT START
MOVE B53 244
COMMAND RIGHT END
TURN 374 RESULT
TIME LEFT 0 5 RIGHT 0 5
TRAIN A245 A246 A247
MOVE A129 221
MOVE A130 221
MOVE A131 221
MOVE A132 221
MOVE A133 221
MOVE A135 221
MOVE A136 221
MOVE A137 221
MOVE A138 221
MOVE A139 221
MOVE A140 221
MOVE A141 221
MOVE A142 221
MOVE A145 221
MOVE A148 221
MOVE A149 221
MOVE A150 221
MOVE A152 221
MOVE A153 221
MOVE A154 221
MOVE A155 221
MOVE A156 221
MOVE A157 221
MOVE A158 221
MOVE A159 221
MOVE A161 221
MOVE A162 221
MOVE A166 221
MOVE A167 221
MOVE A169 221
MOVE A171 221
MOVE A172 221
MOVE A173 221
MOVE A175 221
MOVE A178 159
MOVE A179 159
MOVE A180 159
MOVE A206 221
MOVE A207 221
MOVE A208 221
MOVE A224 122
MOVE A225 122
MOVE A226 122
MOVE A227 54
MOVE A228 54
MOVE A229 54
MOVE A230 54
MOVE A231 54
MOVE A232 54
MOVE A233 40
MOVE A234 40
MOVE A235 40
MOVE A238 23
MOVE B5 179
MOVE B18 179
MOVE B51 179
MOVE B53 198
MOVE B68 179
MOVE B88 179
MOVE B90 179
MOVE B116 179
MOVE B117 179
MOVE B121 179
MOVE B122 179
MOVE B123 179
MOVE B126 179
MOVE B127 179
MOVE B128 179
MOVE B129 179
MOVE B130 179
MOVE B131 179
MOVE B132 179
MOVE B133 179
MOVE B134 179
MOVE B135 179
MOVE B136 179
MOVE B139 179
MOVE B140 179
DAMAGE TURRET A183 2
DAMAGE TURRET B137 1
DAMAGE COMBAT A181 1
DAMAGE COMBAT A183 2
DAMAGE COMBAT B137 1
DAMAGE COMBAT B143 1
DAMAGE COMBAT B144 8
SIEGE B 203 13
END TURN 374
TURN 375
COMMAND LEFT START
UPGRADE 230
TRAIN 3
COMMAND LEFT END
COMMAND RIGHT START
COMMAND RIGHT END
TURN 375 RESULT
TIME LEFT 0 5 RIGHT 0 5
UPGRADE A 230
TRAIN A248 A249 A250
MOVE A129 234
MOVE A130 234
MOVE A131 234
MOVE A132 234
MOVE A133 234
MOVE A135 234
MOVE A136 234
MOVE A137 234
MOVE A138 234
MOVE A139 234
MOVE A140 234
MOVE A141 234
MOVE A142 234
MOVE A145 234
MOVE A148 234
MOVE A149 234
MOVE A150 234
MOVE A152 234
MOVE A153 234
MOVE A154 234
MOVE A155 234
MOVE A156 234
MOVE A157 234
MOVE A158 234
MOVE A159 234
MOVE A161 234
MOVE A162 234
MOVE A166 234
MOVE A167 234
MOVE A169 234
MOVE A171 234
MOVE A172 234
MOVE A173 234
MOVE A175 234
MOVE A178 139
MOVE A179 139
MOVE A180 139
MOVE A206 234
MOVE A207 234
MOVE A208 234
MOVE A227 71
MOVE A228 71
MOVE A229 71
MOVE A230 71
MOVE A231 71
MOVE A232 71
MOVE A233 54
MOVE A234 54
MOVE A235 54
MOVE A238 40
MOVE B5 161
MOVE B18 161
MOVE B51 161
MOVE B53 210
MOVE B68 161
MOVE B88 161
MOVE B90 161
MOVE B116 161
MOVE B117 161
MOVE B121 161
MOVE B122 161
MOVE B123 161
MOVE B126 161
MOVE B127 161
MOVE B128 161
MOVE B129 161
MOVE B130 161
MOVE B131 161
MOVE B132 161
MOVE B133 161
MOVE B134 161
MOVE B135 161
MOVE B136 161
MOVE B139 161
MOVE B140 161
DAMAGE TURRET A183 2
SIEGE B 203 4
END TURN 375
TURN 376
COMMAND LEFT START
MOVE A127 230
MOVE A183 122
MOVE A184 122
MOVE A185 122
MOVE A186 122
MOVE A188 122
MOVE A189 122
MOVE A190 122
MOVE A191 122
MOVE A192 122
MOVE A193 122
MOVE A194 122
MOVE A195 122
MOVE A196 122
MOVE A197 122
MOVE A198 122
MOVE A199 122
MOVE A200 122
MOVE A201 122
MOVE A202 122
MOVE A203 122
UPGRADE 203
TRAIN 3
COMMAND LEFT END
COMMAND RIGHT START
COMMAND RIGHT END
TURN 376 RESULT
TIME LEFT 0 5 RIGHT 0 5
UPGRADE A 203
TRAIN A251 A252 A253
MOVE A127 139
MOVE A129 240
MOVE A130 240
MOVE A131 240
MOVE A132 240
MOVE A133 240
MOVE A135 240
MOVE A136 240
MOVE A137 240
MOVE A138 240
MOVE A139 240
MOVE A140 240
MOVE A141 240
MOVE A142 240
MOVE A145 240
MOVE A148 240
MOVE A149 240
MOVE A150 240
MOVE A152 240
MOVE A153 240
MOVE A154 240
MOVE A155 240
MOVE A156 240
MOVE A157 240
MOVE A158 240
MOVE A159 240
MOVE A161 240
MOVE A162 240
MOVE A166 240
MOVE A167 240
MOVE A169 240
MOVE A171 240
MOVE A172 240
MOVE A173 240
MOVE A175 240
MOVE A178 122
MOVE A179 122
MOVE A180 122
MOVE A183 191
MOVE A184 191
MOVE A185 191
MOVE A186 191
MOVE A188 191
MOVE A189 191
MOVE A190 191
MOVE A191 191
MOVE A192 191
MOVE A193 191
MOVE A194 191
MOVE A195 191
MOVE A196 191
MOVE A197 191
MOVE A198 191
MOVE A199 191
MOVE A200 191
MOVE A201 191
MOVE A202 191
MOVE A203 191
MOVE A206 240
MOVE A207 240
MOVE A208 240
MOVE A227 85
MOVE A228 85
MOVE A229 85
MOVE A230 85
MOVE A231 85
MOVE A232 85
MOVE A233 71
MOVE A234 71
MOVE A235 71
MOVE A238 54
MOVE B5 148
MOVE B18 148
MOVE B51 148
MOVE B53 213
MOVE B68 148
MOVE B88 148
MOVE B90 148
MOVE B116 148
MOVE B117 148
MOVE B121 148
MOVE B122 148
MOVE B123 148
MOVE B126 148
MOVE B127 148
MOVE B128 148
MOVE B129 148
MOVE B130 148
MOVE B131 148
MOVE B132 148
MOVE B133 148
MOVE B134 148
MOVE B135 148
MOVE B136 148
MOVE B139 148
MOVE B140 148
END TURN 376
TURN 377
COMMAND LEFT START
TRAIN 3
COMMAND LEFT END
COMMAND RIGHT START
COMMAND RIGHT END
TURN 377 RESULT
TIME LEFT 0 5 RIGHT 0 5
TRAIN A254 A255 A256
MOVE A127 159
MOVE A129 244
MOVE A130 244
MOVE A131 244
MOVE A132 244
MOVE A133 244
MOVE A135 244
MOVE A136 244
MOVE A137 244
MOVE A138 244
MOVE A139 244
MOVE A140 244
MOVE A141 244
MOVE A142 244
MOVE A145 244
MOVE A148 244
MOVE A149 244
MOVE A150 244
MOVE A152 244
MOVE A153 244
MOVE A154 244
MOVE A155 244
MOVE A156 244
MOVE A157 244
MOVE A158 244
MOVE A159 244
MOVE A161 244
MOVE A162 244
MOVE A166 244
MOVE A167 244
MOVE A169 244
MOVE A171 244
MOVE A172 244
MOVE A173 244
MOVE A175 244
MOVE A183 179
MOVE A184 179
MOVE A185 179
MOVE A186 179
MOVE A188 179
MOVE A189 179
MOVE A190 179
MOVE A191 179
MOVE A192 179
MOVE A193 179
MOVE A194 179
MOVE A195 179
MOVE A196 179
MOVE A197 179
MOVE A198 179
MOVE A199 179
MOVE A200 179
MOVE A201 179
MOVE A202 179
MOVE A203 179
MOVE A206 244
MOVE A207 244
MOVE A208 244
MOVE A227 105
MOVE A228 105
MOVE A229 105
MOVE A230 105
MOVE A231 105
MOVE A232 105
MOVE A233 85
MOVE A234 85
MOVE A235 85
MOVE A238 71
MOVE B5 133
MOVE B18 133
MOVE B51 133
MOVE B53 223
MOVE B68 133
MOVE B88 133
MOVE B90 133
MOVE B116 133
MOVE B117 133
MOVE B121 133
MOVE B122 133
MOVE B123 133
MOVE B126 133
MOVE B127 133
MOVE B128 133
MOVE B129 133
MOVE B130 133
MOVE B131 133
MOVE B132 133
MOVE B133 133
MOVE B134 133
MOVE B135 133
MOVE B136 133
MOVE B139 133
MOVE B140 133
DAMAGE TURRET A129 2
DAMAGE TURRET A135 1
DAMAGE COMBAT A129 6
DAMAGE COMBAT A130 1
DAMAGE COMBAT B1 4
DAMAGE COMBAT B4 5
DAMAGE COMBAT B6 5
DAMAGE COMBAT B10 6
DAMAGE COMBAT B17 6
DAMAGE COMBAT B39 7
DAMAGE COMBAT B46 3
SIEGE B 244 1
END TURN 377
TURN 378
COMMAND LEFT START
TRAIN 3
COMMAND LEFT END
COMMAND RIGHT START
COMMAND RIGHT END
TURN 378 RESULT
TIME LEFT 0 5 RIGHT 0 5
TRAIN A257 A258 A259
MOVE A127 172
MOVE A183 174
MOVE A184 174
MOVE A185 174
MOVE A186 174
MOVE A188 174
MOVE A189 174
MOVE A190 174
MOVE A191 174
MOVE A192 174
MOVE A193 174
MOVE A194 174
MOVE A195 174
MOVE A196 174
MOVE A197 174
MOVE A198 174
MOVE A199 174
MOVE A200 174
MOVE A201 174
MOVE A202 174
MOVE A203 174
MOVE A227 122
MOVE A228 122
MOVE A229 122
MOVE A230 122
MOVE A231 122
MOVE A232 122
MOVE A233 105
MOVE A234 105
MOVE A235 105
MOVE A238 85
MOVE B5 116
MOVE B18 116
MOVE B51 116
MOVE B53 233
MOVE B68 116
MOVE B88 116
MOVE B90 116
MOVE B116 116
MOVE B117 116
MOVE B121 116
MOVE B122 116
MOVE B123 116
MOVE B126 116
MOVE B127 116
MOVE B128 116
MOVE B129 116
MOVE B130 116
MOVE B131 116
MOVE B132 116
MOVE B133 116
MOVE B134 116
MOVE B135 116
MOVE B136 116
MOVE B139 116
MOVE B140 116
DAMAGE TURRET A130 3
DAMAGE HUNGER B121 1
DAMAGE HUNGER B122 1
DAMAGE HUNGER B123 1
DAMAGE HUNGER B126 1
DAMAGE HUNGER B127 1
DAMAGE HUNGER B128 1
DAMAGE HUNGER B129 1
DAMAGE HUNGER B130 1
DAMAGE HUNGER B131 1
DAMAGE HUNGER B132 1
DAMAGE HUNGER B133 1
DAMAGE HUNGER B134 1
DAMAGE HUNGER B135 1
DAMAGE HUNGER B136 1
DAMAGE HUNGER B139 1
DAMAGE HUNGER B140 1
SIEGE B 244 29
END TURN 378
RESULT LEFT_WIN HQ_DESTROYED
