[LEFT ""]
[RIGHT ""]
MAP
243 19
-11059 -10866 -10694 -10627 -9253 -10066 -9383 -8380 -8844 -8538 -8531 -8258 -9074 -7995 -8655 -7973 -8707 -7512 -7506 -7464 -7433 -7216 -7124 -6861 -6966 -6691 -7285 -6849 -6753 -6569 -6420 -6286 -6879 -6160 -6911 -6012 -5922 -6088 -5798 -5968 -5847 -5714 -5553 -5327 -5318 -5448 -5187 -5171 -5108 -5042 -5649 -5024 -5002 -4648 -4764 -4653 -5163 -4534 -4677 -4488 -4472 -4310 -4048 -3971 -4016 -3995 -3663 -3984 -3696 -3768 -3527 -3690 -3602 -3314 -3173 -3091 -3001 -2919 -2754 -3374 -2861 -3128 -2837 -2533 -2545 -2563 -2301 -2399 -2251 -2490 -2087 -2065 -1981 -2185 -1824 -1941 -1483 -1405 -1571 -1544 -1548 -1450 -1060 -1204 -1094 -1035 -1186 -925 -864 -650 -661 -735 -632 -652 -364 -453 -345 -221 -241 -260 238 0 -238 260 241 221 345 453 364 652 632 735 661 650 864 925 1186 1035 1094 1204 1060 1450 1548 1544 1571 1405 1483 1941 1824 2185 1981 2065 2087 2490 2251 2399 2301 2563 2545 2533 2837 3128 2861 3374 2754 2919 3001 3091 3173 3314 3602 3690 3527 3768 3696 3984 3663 3995 4016 3971 4048 4310 4472 4488 4677 4534 5163 4653 4764 4648 5002 5024 5649 5042 5108 5171 5187 5448 5318 5327 5553 5714 5847 5968 5798 6088 5922 6012 6911 6160 6879 6286 6420 6569 6753 6849 7285 6691 6966 6861 7124 7216 7433 7464 7506 7512 8707 7973 8655 7995 9074 8258 8531 8538 8844 8380 9383 10066 9253 10627 10694 10866 11059
-198 1764 -2163 3584 604 -4902 4296 1512 -3382 -879 -2080 2755 5242 13 6882 -5361 -7094 3592 -2890 -1858 -4362 997 -913 -5708 2165 -3719 -7598 4425 5492 72 -1734 3116 -8891 -2797 7932 6176 1197 -4681 3908 -5813 -787 4872 2348 -32 -7636 -6570 -1590 -3557 -5379 -4449 9718 7602 -2582 6777 5106 1760 -9833 -7062 3606 359 -5944 5974 -2498 8151 -5118 -4013 2749 -1039 4433 -7560 1166 -8844 -6337 -3049 -4597 6202 -1143 -5678 -7063 9566 7899 -10508 133 5100 -8145 -2027 -3139 -4097 3969 10979 932 -5964 -788 2262 -4771 7199 -1992 3267 -7193 8770 -8228 5587 -5633 -10887 -297 1175 -3584 -8891 7839 10752 -6641 2257 6634 -4613 -7857 -2828 5237 8861 -1098 -1989 -3877 0 3877 1989 1098 -8861 -5237 2828 7857 4613 -6634 -2257 6641 -10752 -7839 8891 3584 -1175 297 10887 5633 -5587 8228 -8770 7193 -3267 1992 -7199 4771 -2262 788 5964 -932 -10979 -3969 4097 3139 2027 8145 -5100 -133 10508 -7899 -9566 7063 5678 1143 -6202 4597 3049 6337 8844 -1166 7560 -4433 1039 -2749 4013 5118 -8151 2498 -5974 5944 -359 -3606 7062 9833 -1760 -5106 -6777 2582 -7602 -9718 4449 5379 3557 1590 6570 7636 32 -2348 -4872 787 5813 -3908 4681 -1197 -6176 -7932 2797 8891 -3116 1734 -72 -5492 -4425 7598 3719 -2165 5708 913 -997 4362 1858 2890 -3592 7094 5361 -6882 -13 -5242 -2755 2080 879 3382 -1512 -4296 4902 -604 -3584 2163 -1764 198
STRONGHOLDS 2 31 45 65 68 81 87 96 113 121 129 146 155 161 174 177 197 211 240
4 1 2 4 9
5 0 3 4 7 11
5 0 5 8 9 10
4 1 6 11 12
5 0 1 7 9 13
4 2 8 15 16
4 3 11 12 17
6 1 4 11 13 21 24
6 2 5 10 15 18 20
7 0 2 4 10 13 19 22
5 2 8 9 18 19
6 1 3 6 7 17 24
6 3 6 14 17 27 28
6 4 7 9 21 22 29
3 12 28 34
5 5 8 16 20 23
5 5 15 23 26 32
6 6 11 12 24 27 31
7 8 10 19 20 25 30 33
5 9 10 18 22 30
6 8 15 18 23 25 37
5 7 13 24 29 36
6 9 13 19 29 30 40
7 15 16 20 26 37 39 45
7 7 11 17 21 31 36 42
5 18 20 33 37 47
5 16 23 32 44 45
6 12 17 28 31 38 41
6 12 14 27 34 35 41
6 13 21 22 36 40 43
6 18 19 22 33 40 46
5 17 24 27 38 42
4 16 26 44 56
6 18 25 30 46 47 52
5 14 28 35 50 51
7 28 34 41 51 53 54 61
7 21 24 29 42 43 55 59
7 20 23 25 39 47 48 49
5 27 31 41 42 58
4 23 37 45 48
5 22 29 30 43 46
6 27 28 35 38 54 58
6 24 31 36 38 55 58
6 29 36 40 46 59 67
7 26 32 45 56 57 69 71
7 23 26 39 44 48 57 60
7 30 33 40 43 52 62 67
7 25 33 37 49 52 62 65
6 37 39 45 49 60 64
5 37 47 48 64 65
5 34 51 63 79 89
5 34 35 50 53 63
4 33 46 47 62
5 35 51 61 63 75
5 35 41 58 61 68
6 36 42 58 59 66 70
4 32 44 71 81
5 44 45 60 69 72
7 38 41 42 54 55 66 68
6 36 43 55 67 70 82
5 45 48 57 64 72
5 35 53 54 68 75
8 46 47 52 65 67 73 76 85
6 50 51 53 75 79 80
7 48 49 60 65 72 74 77
6 47 49 62 64 73 74
6 55 58 68 70 88 93
6 43 46 59 62 76 82
7 54 58 61 66 75 83 88
6 44 57 71 72 78 84
6 55 59 66 82 90 93
5 44 56 69 81 84
6 57 60 64 69 77 78
6 62 65 74 85 86 87
6 64 65 73 77 87 94
8 53 61 63 68 80 83 95 101
5 62 67 82 85 92
6 64 72 74 78 91 94
6 69 72 77 84 91 98
5 50 63 80 89 99
5 63 75 79 95 99
5 56 71 84 103 107
6 59 67 70 76 90 92
4 68 75 88 101
7 69 71 78 81 98 100 107
6 62 73 76 86 92 96
5 73 85 87 96 106
5 73 74 86 94 106
7 66 68 83 93 97 101 122
4 50 79 99 109
6 70 82 92 93 104 105
6 77 78 94 98 102 110
6 76 82 85 90 96 104
7 66 70 88 90 97 105 111
7 74 77 87 91 102 106 113
6 75 80 99 101 108 112
8 85 86 92 104 106 115 118 119
4 88 93 111 122
6 78 84 91 100 110 114
7 79 80 89 95 108 109 117
4 84 98 107 114
7 75 83 88 95 112 116 122
5 91 94 110 113 126
3 81 107 133
6 90 92 96 105 118 121
7 90 93 104 111 121 123 124
7 86 87 94 96 113 115 120
7 81 84 100 103 114 125 133
5 95 99 112 117 128
5 89 99 117 135 139
6 91 98 102 114 126 130
6 93 97 105 122 123 127
6 95 101 108 116 128 132
5 94 102 106 120 126
7 98 100 107 110 125 130 134
5 96 106 119 120 131
6 101 112 122 129 132 140
5 99 108 109 128 135
5 96 104 119 121 137
5 96 115 118 131 137
8 106 113 115 126 131 141 145 154
6 104 105 118 124 137 138
8 88 97 101 111 116 127 129 136
5 105 111 124 127 146
5 105 121 123 138 146
5 107 114 133 134 143
6 102 110 113 120 130 141
5 111 122 123 136 146
7 108 112 117 132 135 142 144
5 116 122 136 140 148
6 110 114 126 134 141 147
6 115 119 120 137 145 149
6 112 116 128 140 144 151
5 103 107 125 143 153
5 114 125 130 143 147
7 109 117 128 139 142 158 161
7 122 127 129 146 148 155 156
7 118 119 121 131 138 149 152
6 121 124 137 146 150 152
3 109 135 161
5 116 129 132 148 151
7 120 126 130 147 154 159 167
4 128 135 144 158
7 125 133 134 147 153 162 163
6 128 132 142 151 158 164
4 120 131 149 154
8 123 124 127 136 138 150 156 157
6 130 134 141 143 162 167
7 129 136 140 151 155 165 168
7 131 137 145 152 154 172 176
6 138 146 152 157 160 166
6 132 140 144 148 164 165
6 137 138 149 150 160 172
4 133 143 163 192
7 120 141 145 149 159 174 176
5 136 148 156 168 169
5 136 146 155 157 169
6 146 150 156 166 169 180
7 135 142 144 161 164 171 173
4 141 154 167 174
6 150 152 166 172 175 183
5 135 139 158 171 186
5 143 147 163 167 179
5 143 153 162 179 192
6 144 151 158 165 170 173
6 148 151 164 168 170 178
5 150 157 160 175 180
8 141 147 159 162 174 179 181 189
6 148 155 165 169 177 178
6 155 156 157 168 177 180
6 164 165 173 178 182 185
5 158 161 173 186 198
6 149 152 160 176 183 187
6 158 164 170 171 185 198
7 154 159 167 176 181 184 188
6 160 166 180 183 196 199
6 149 154 172 174 184 187
6 168 169 178 180 193 195
7 165 168 170 177 182 193 194
6 162 163 167 189 191 192
8 157 166 169 175 177 190 195 196
5 167 174 188 189 207
5 170 178 185 194 197
6 160 172 175 187 199 206
7 174 176 187 188 200 201 204
5 170 173 182 197 198
4 161 171 198 210
6 172 176 183 184 200 206
5 174 181 184 201 207
5 167 179 181 191 207
4 180 195 196 209
5 179 189 192 207 208
5 153 163 179 191 208
5 177 178 194 195 205
6 178 182 193 197 203 205
7 177 180 190 193 205 209 217
7 175 180 190 199 202 209 212
7 182 185 194 198 203 216 219
7 171 173 185 186 197 210 216
6 175 183 196 202 206 213
6 184 187 204 206 211 218
6 184 188 204 207 214 215
5 196 199 212 213 220
4 194 197 205 219
5 184 200 201 211 215
7 193 194 195 203 217 219 222
7 183 187 199 200 213 218 221
7 181 188 189 191 201 208 214
5 191 192 207 214 228
6 190 195 196 212 217 224
4 186 198 216 226
5 200 204 215 218 225
6 196 202 209 220 223 224
6 199 202 206 220 221 229
6 201 207 208 215 228 230
6 201 204 211 214 225 230
5 197 198 210 219 226
5 195 205 209 222 224
7 200 206 211 221 225 231 235
7 197 203 205 216 222 226 227
6 202 212 213 223 229 233
5 206 213 218 229 235
6 205 217 219 224 227 234
5 212 220 224 232 233
7 209 212 217 222 223 232 234
6 211 215 218 230 231 236
5 210 216 219 227 237
5 219 222 226 234 237
3 208 214 230
6 213 220 221 233 235 238
6 214 215 225 228 236 239
6 218 225 235 236 239 241
5 223 224 233 234 240
7 220 223 229 232 238 240 242
6 222 224 227 232 237 240
6 218 221 229 231 238 241
4 225 230 231 239
4 226 227 234 240
5 229 233 235 241 242
4 230 231 236 241
5 232 233 234 237 242
5 231 235 238 239 242
4 233 238 240 241
END MAP
TURN 1
COMMAND LEFT START
MOVE A1 2
MOVE A2 121
COMMAND LEFT END
COMMAND RIGHT START
MOVE B2 240
MOVE B3 211
COMMAND RIGHT END
TURN 1 RESULT
TIME LEFT 10 5 RIGHT 0 5
MOVE A1 2
MOVE A2 9
MOVE B2 240
MOVE B3 238
END TURN 1
TURN 2
COMMAND LEFT START
UPGRADE 2
COMMAND LEFT END
COMMAND RIGHT START
UPGRADE 240
COMMAND RIGHT END
TURN 2 RESULT
TIME LEFT 0 5 RIGHT 0 5
UPGRADE A 2
UPGRADE B 240
MOVE A2 22
MOVE B3 235
END TURN 2
TURN 3
COMMAND LEFT START
COMMAND LEFT END
COMMAND RIGHT START
COMMAND RIGHT END
TURN 3 RESULT
TIME LEFT 0 5 RIGHT 0 5
MOVE A2 30
MOVE B3 218
END TURN 3
TURN 4
COMMAND LEFT START
COMMAND LEFT END
COMMAND RIGHT START
COMMAND RIGHT END
TURN 4 RESULT
TIME LEFT 0 5 RIGHT 0 5
MOVE A2 46
MOVE B3 211
END TURN 4
TURN 5
COMMAND LEFT START
COMMAND LEFT END
COMMAND RIGHT START
COMMAND RIGHT END
TURN 5 RESULT
TIME LEFT 0 5 RIGHT 0 5
MOVE A2 67
END TURN 5
TURN 6
COMMAND LEFT START
COMMAND LEFT END
COMMAND RIGHT START
COMMAND RIGHT END
TURN 6 RESULT
TIME LEFT 0 5 RIGHT 0 5
MOVE A2 76
END TURN 6
TURN 7
COMMAND LEFT START
COMMAND LEFT END
COMMAND RIGHT START
COMMAND RIGHT END
TURN 7 RESULT
TIME LEFT 0 5 RIGHT 0 5
MOVE A2 92
END TURN 7
TURN 8
COMMAND LEFT START
COMMAND LEFT END
COMMAND RIGHT START
COMMAND RIGHT END
TURN 8 RESULT
TIME LEFT 0 5 RIGHT 0 5
MOVE A2 104
END TURN 8
TURN 9
COMMAND LEFT START
COMMAND LEFT END
COMMAND RIGHT START
COMMAND RIGHT END
TURN 9 RESULT
TIME LEFT 0 5 RIGHT 0 5
MOVE A2 121
END TURN 9
TURN 10
COMMAND LEFT START
COMMAND LEFT END
COMMAND RIGHT START
COMMAND RIGHT END
TURN 10 RESULT
TIME LEFT 0 5 RIGHT 0 5
END TURN 10
TURN 11
COMMAND LEFT START
COMMAND LEFT END
COMMAND RIGHT START
COMMAND RIGHT END
TURN 11 RESULT
TIME LEFT 0 5 RIGHT 0 5
END TURN 11
TURN 12
COMMAND LEFT START
COMMAND LEFT END
COMMAND RIGHT START
COMMAND RIGHT END
TURN 12 RESULT
TIME LEFT 0 5 RIGHT 0 5
END TURN 12
TURN 13
COMMAND LEFT START
UPGRADE 121
COMMAND LEFT END
COMMAND RIGHT START
COMMAND RIGHT END
TURN 13 RESULT
TIME LEFT 0 5 RIGHT 0 5
UPGRADE A 121
END TURN 13
TURN 14
COMMAND LEFT START
COMMAND LEFT END
COMMAND RIGHT START
UPGRADE 211
COMMAND RIGHT END
TURN 14 RESULT
TIME LEFT 0 5 RIGHT 0 5
UPGRADE B 211
END TURN 14
TURN 15
COMMAND LEFT START
COMMAND LEFT END
COMMAND RIGHT START
COMMAND RIGHT END
TURN 15 RESULT
TIME LEFT 0 5 RIGHT 0 5
END TURN 15
TURN 16
COMMAND LEFT START
TRAIN 1
COMMAND LEFT END
COMMAND RIGHT START
COMMAND RIGHT END
TURN 16 RESULT
TIME LEFT 0 5 RIGHT 0 5
TRAIN A4
END TURN 16
TURN 17
COMMAND LEFT START
COMMAND LEFT END
COMMAND RIGHT START
TRAIN 1
COMMAND RIGHT END
TURN 17 RESULT
TIME LEFT 0 5 RIGHT 0 5
TRAIN B4
END TURN 17
TURN 18
COMMAND LEFT START
COMMAND LEFT END
COMMAND RIGHT START
MOVE B4 177
COMMAND RIGHT END
TURN 18 RESULT
TIME LEFT 0 5 RIGHT 0 5
MOVE B4 233
END TURN 18
TURN 19
COMMAND LEFT START
COMMAND LEFT END
COMMAND RIGHT START
COMMAND RIGHT END
TURN 19 RESULT
TIME LEFT 0 5 RIGHT 0 5
MOVE B4 220
END TURN 19
TURN 20
COMMAND LEFT START
COMMAND LEFT END
COMMAND RIGHT START
COMMAND RIGHT END
TURN 20 RESULT
TIME LEFT 0 5 RIGHT 0 5
MOVE B4 212
END TURN 20
TURN 21
COMMAND LEFT START
COMMAND LEFT END
COMMAND RIGHT START
COMMAND RIGHT END
TURN 21 RESULT
TIME LEFT 0 5 RIGHT 0 5
MOVE B4 209
END TURN 21
TURN 22
COMMAND LEFT START
COMMAND LEFT END
COMMAND RIGHT START
COMMAND RIGHT END
TURN 22 RESULT
TIME LEFT 0 5 RIGHT 0 5
MOVE B4 195
END TURN 22
TURN 23
COMMAND LEFT START
COMMAND LEFT END
COMMAND RIGHT START
COMMAND RIGHT END
TURN 23 RESULT
TIME LEFT 0 5 RIGHT 0 5
MOVE B4 177
END TURN 23
TURN 24
COMMAND LEFT START
COMMAND LEFT END
COMMAND RIGHT START
COMMAND RIGHT END
TURN 24 RESULT
TIME LEFT 0 5 RIGHT 0 5
END TURN 24
TURN 25
COMMAND LEFT START
COMMAND LEFT END
COMMAND RIGHT START
COMMAND RIGHT END
TURN 25 RESULT
TIME LEFT 0 5 RIGHT 0 5
END TURN 25
TURN 26
COMMAND LEFT START
MOVE A3 31
COMMAND LEFT END
COMMAND RIGHT START
COMMAND RIGHT END
TURN 26 RESULT
TIME LEFT 0 5 RIGHT 0 5
MOVE A3 4
END TURN 26
TURN 27
COMMAND LEFT START
COMMAND LEFT END
COMMAND RIGHT START
COMMAND RIGHT END
TURN 27 RESULT
TIME LEFT 0 5 RIGHT 0 5
MOVE A3 7
END TURN 27
TURN 28
COMMAND LEFT START
COMMAND LEFT END
COMMAND RIGHT START
COMMAND RIGHT END
TURN 28 RESULT
TIME LEFT 0 5 RIGHT 0 5
MOVE A3 24
END TURN 28
TURN 29
COMMAND LEFT START
COMMAND LEFT END
COMMAND RIGHT START
COMMAND RIGHT END
TURN 29 RESULT
TIME LEFT 0 5 RIGHT 0 5
MOVE A3 31
END TURN 29
TURN 30
COMMAND LEFT START
UPGRADE 31
COMMAND LEFT END
COMMAND RIGHT START
COMMAND RIGHT END
TURN 30 RESULT
TIME LEFT 0 5 RIGHT 0 5
UPGRADE A 31
END TURN 30
TURN 31
COMMAND LEFT START
COMMAND LEFT END
COMMAND RIGHT START
UPGRADE 177
COMMAND RIGHT END
TURN 31 RESULT
TIME LEFT 0 5 RIGHT 0 5
UPGRADE B 177
END TURN 31
TURN 32
COMMAND LEFT START
COMMAND LEFT END
COMMAND RIGHT START
COMMAND RIGHT END
TURN 32 RESULT
TIME LEFT 0 5 RIGHT 0 5
END TURN 32
TURN 33
COMMAND LEFT START
TRAIN 1
COMMAND LEFT END
COMMAND RIGHT START
TRAIN 1
COMMAND RIGHT END
TURN 33 RESULT
TIME LEFT 0 5 RIGHT 0 5
TRAIN A5 B5
END TURN 33
TURN 34
COMMAND LEFT START
COMMAND LEFT END
COMMAND RIGHT START
MOVE B5 174
COMMAND RIGHT END
TURN 34 RESULT
TIME LEFT 0 5 RIGHT 0 5
MOVE B5 238
END TURN 34
TURN 35
COMMAND LEFT START
COMMAND LEFT END
COMMAND RIGHT START
COMMAND RIGHT END
TURN 35 RESULT
TIME LEFT 0 5 RIGHT 0 5
MOVE B5 235
END TURN 35
TURN 36
COMMAND LEFT START
COMMAND LEFT END
COMMAND RIGHT START
COMMAND RIGHT END
TURN 36 RESULT
TIME LEFT 0 5 RIGHT 0 5
MOVE B5 218
END TURN 36
TURN 37
COMMAND LEFT START
COMMAND LEFT END
COMMAND RIGHT START
COMMAND RIGHT END
TURN 37 RESULT
TIME LEFT 0 5 RIGHT 0 5
MOVE B5 200
END TURN 37
TURN 38
COMMAND LEFT START
MOVE A5 45
COMMAND LEFT END
COMMAND RIGHT START
COMMAND RIGHT END
TURN 38 RESULT
TIME LEFT 0 5 RIGHT 0 5
MOVE A5 2
MOVE B5 184
END TURN 38
TURN 39
COMMAND LEFT START
COMMAND LEFT END
COMMAND RIGHT START
COMMAND RIGHT END
TURN 39 RESULT
TIME LEFT 0 5 RIGHT 0 5
MOVE A5 8
MOVE B5 174
END TURN 39
TURN 40
COMMAND LEFT START
COMMAND LEFT END
COMMAND RIGHT START
COMMAND RIGHT END
TURN 40 RESULT
TIME LEFT 0 5 RIGHT 0 5
MOVE A5 20
END TURN 40
TURN 41
COMMAND LEFT START
COMMAND LEFT END
COMMAND RIGHT START
COMMAND RIGHT END
TURN 41 RESULT
TIME LEFT 0 5 RIGHT 0 5
MOVE A5 23
END TURN 41
TURN 42
COMMAND LEFT START
COMMAND LEFT END
COMMAND RIGHT START
COMMAND RIGHT END
TURN 42 RESULT
TIME LEFT 0 5 RIGHT 0 5
MOVE A5 45
END TURN 42
TURN 43
COMMAND LEFT START
UPGRADE 45
COMMAND LEFT END
COMMAND RIGHT START
COMMAND RIGHT END
TURN 43 RESULT
TIME LEFT 0 5 RIGHT 0 5
UPGRADE A 45
END TURN 43
TURN 44
COMMAND LEFT START
COMMAND LEFT END
COMMAND RIGHT START
UPGRADE 174
COMMAND RIGHT END
TURN 44 RESULT
TIME LEFT 0 5 RIGHT 0 5
UPGRADE B 174
END TURN 44
TURN 45
COMMAND LEFT START
TRAIN 1
COMMAND LEFT END
COMMAND RIGHT START
COMMAND RIGHT END
TURN 45 RESULT
TIME LEFT 0 5 RIGHT 0 5
TRAIN A6
END TURN 45
TURN 46
COMMAND LEFT START
COMMAND LEFT END
COMMAND RIGHT START
TRAIN 1
COMMAND RIGHT END
TURN 46 RESULT
TIME LEFT 0 5 RIGHT 0 5
TRAIN B6
END TURN 46
TURN 47
COMMAND LEFT START
COMMAND LEFT END
COMMAND RIGHT START
MOVE B6 197
COMMAND RIGHT END
TURN 47 RESULT
TIME LEFT 0 5 RIGHT 0 5
MOVE B6 240
END TURN 47
TURN 48
COMMAND LEFT START
COMMAND LEFT END
COMMAND RIGHT START
COMMAND RIGHT END
TURN 48 RESULT
TIME LEFT 0 5 RIGHT 0 5
MOVE B6 234
END TURN 48
TURN 49
COMMAND LEFT START
COMMAND LEFT END
COMMAND RIGHT START
COMMAND RIGHT END
TURN 49 RESULT
TIME LEFT 0 5 RIGHT 0 5
MOVE B6 222
END TURN 49
TURN 50
COMMAND LEFT START
COMMAND LEFT END
COMMAND RIGHT START
COMMAND RIGHT END
TURN 50 RESULT
TIME LEFT 0 5 RIGHT 0 5
MOVE B6 219
END TURN 50
TURN 51
COMMAND LEFT START
COMMAND LEFT END
COMMAND RIGHT START
COMMAND RIGHT END
TURN 51 RESULT
TIME LEFT 0 5 RIGHT 0 5
MOVE B6 197
END TURN 51
TURN 52
COMMAND LEFT START
COMMAND LEFT END
COMMAND RIGHT START
COMMAND RIGHT END
TURN 52 RESULT
TIME LEFT 0 5 RIGHT 0 5
END TURN 52
TURN 53
COMMAND LEFT START
COMMAND LEFT END
COMMAND RIGHT START
COMMAND RIGHT END
TURN 53 RESULT
TIME LEFT 0 5 RIGHT 0 5
END TURN 53
TURN 54
COMMAND LEFT START
UPGRADE 0
COMMAND LEFT END
COMMAND RIGHT START
UPGRADE 197
COMMAND RIGHT END
TURN 54 RESULT
TIME LEFT 0 5 RIGHT 0 5
UPGRADE A 0
UPGRADE B 197
END TURN 54
TURN 55
COMMAND LEFT START
COMMAND LEFT END
COMMAND RIGHT START
COMMAND RIGHT END
TURN 55 RESULT
TIME LEFT 0 5 RIGHT 0 5
END TURN 55
TURN 56
COMMAND LEFT START
COMMAND LEFT END
COMMAND RIGHT START
TRAIN 1
COMMAND RIGHT END
TURN 56 RESULT
TIME LEFT 0 5 RIGHT 0 5
TRAIN B7
END TURN 56
TURN 57
COMMAND LEFT START
COMMAND LEFT END
COMMAND RIGHT START
MOVE B7 155
TRAIN 1
COMMAND RIGHT END
TURN 57 RESULT
TIME LEFT 0 5 RIGHT 0 5
TRAIN B8
MOVE B7 233
END TURN 57
TURN 58
COMMAND LEFT START
COMMAND LEFT END
COMMAND RIGHT START
MOVE B8 146
COMMAND RIGHT END
TURN 58 RESULT
TIME LEFT 0 5 RIGHT 0 5
MOVE B7 220
MOVE B8 233
END TURN 58
TURN 59
COMMAND LEFT START
COMMAND LEFT END
COMMAND RIGHT START
COMMAND RIGHT END
TURN 59 RESULT
TIME LEFT 0 5 RIGHT 0 5
MOVE B7 202
MOVE B8 220
END TURN 59
TURN 60
COMMAND LEFT START
COMMAND LEFT END
COMMAND RIGHT START
COMMAND RIGHT END
TURN 60 RESULT
TIME LEFT 0 5 RIGHT 0 5
MOVE B7 196
MOVE B8 202
END TURN 60
TURN 61
COMMAND LEFT START
COMMAND LEFT END
COMMAND RIGHT START
COMMAND RIGHT END
TURN 61 RESULT
TIME LEFT 0 5 RIGHT 0 5
MOVE B7 180
MOVE B8 196
END TURN 61
TURN 62
COMMAND LEFT START
COMMAND LEFT END
COMMAND RIGHT START
COMMAND RIGHT END
TURN 62 RESULT
TIME LEFT 0 5 RIGHT 0 5
MOVE B7 169
MOVE B8 180
END TURN 62
TURN 63
COMMAND LEFT START
COMMAND LEFT END
COMMAND RIGHT START
COMMAND RIGHT END
TURN 63 RESULT
TIME LEFT 0 5 RIGHT 0 5
MOVE B7 155
MOVE B8 157
END TURN 63
TURN 64
COMMAND LEFT START
COMMAND LEFT END
COMMAND RIGHT START
UPGRADE 155
COMMAND RIGHT END
TURN 64 RESULT
TIME LEFT 0 5 RIGHT 0 5
UPGRADE B 155
MOVE B8 146
END TURN 64
TURN 65
COMMAND LEFT START
COMMAND LEFT END
COMMAND RIGHT START
COMMAND RIGHT END
TURN 65 RESULT
TIME LEFT 0 5 RIGHT 0 5
END TURN 65
TURN 66
COMMAND LEFT START
COMMAND LEFT END
COMMAND RIGHT START
COMMAND RIGHT END
TURN 66 RESULT
TIME LEFT 0 5 RIGHT 0 5
END TURN 66
TURN 67
COMMAND LEFT START
UPGRADE 0
COMMAND LEFT END
COMMAND RIGHT START
COMMAND RIGHT END
TURN 67 RESULT
TIME LEFT 0 5 RIGHT 0 5
UPGRADE A 0
END TURN 67
TURN 68
COMMAND LEFT START
COMMAND LEFT END
COMMAND RIGHT START
COMMAND RIGHT END
TURN 68 RESULT
TIME LEFT 0 5 RIGHT 0 5
END TURN 68
TURN 69
COMMAND LEFT START
TRAIN 1
COMMAND LEFT END
COMMAND RIGHT START
COMMAND RIGHT END
TURN 69 RESULT
TIME LEFT 0 5 RIGHT 0 5
TRAIN A7
END TURN 69
TURN 70
COMMAND LEFT START
COMMAND LEFT END
COMMAND RIGHT START
UPGRADE 146
COMMAND RIGHT END
TURN 70 RESULT
TIME LEFT 0 5 RIGHT 0 5
UPGRADE B 146
END TURN 70
TURN 71
COMMAND LEFT START
COMMAND LEFT END
COMMAND RIGHT START
TRAIN 1
COMMAND RIGHT END
TURN 71 RESULT
TIME LEFT 0 5 RIGHT 0 5
TRAIN B9
END TURN 71
TURN 72
COMMAND LEFT START
COMMAND LEFT END
COMMAND RIGHT START
MOVE B9 129
TRAIN 1
COMMAND RIGHT END
TURN 72 RESULT
TIME LEFT 0 5 RIGHT 0 5
TRAIN B10
MOVE B9 233
END TURN 72
TURN 73
COMMAND LEFT START
COMMAND LEFT END
COMMAND RIGHT START
MOVE B10 161
COMMAND RIGHT END
TURN 73 RESULT
TIME LEFT 0 5 RIGHT 0 5
MOVE B9 220
MOVE B10 240
END TURN 73
TURN 74
COMMAND LEFT START
COMMAND LEFT END
COMMAND RIGHT START
COMMAND RIGHT END
TURN 74 RESULT
TIME LEFT 0 5 RIGHT 0 5
MOVE B9 202
MOVE B10 234
END TURN 74
TURN 75
COMMAND LEFT START
COMMAND LEFT END
COMMAND RIGHT START
COMMAND RIGHT END
TURN 75 RESULT
TIME LEFT 0 5 RIGHT 0 5
MOVE B9 196
MOVE B10 222
END TURN 75
TURN 76
COMMAND LEFT START
COMMAND LEFT END
COMMAND RIGHT START
COMMAND RIGHT END
TURN 76 RESULT
TIME LEFT 0 5 RIGHT 0 5
MOVE B9 180
MOVE B10 219
END TURN 76
TURN 77
COMMAND LEFT START
COMMAND LEFT END
COMMAND RIGHT START
COMMAND RIGHT END
TURN 77 RESULT
TIME LEFT 0 5 RIGHT 0 5
MOVE B9 169
MOVE B10 197
END TURN 77
TURN 78
COMMAND LEFT START
COMMAND LEFT END
COMMAND RIGHT START
COMMAND RIGHT END
TURN 78 RESULT
TIME LEFT 0 5 RIGHT 0 5
MOVE B9 156
MOVE B10 198
END TURN 78
TURN 79
COMMAND LEFT START
COMMAND LEFT END
COMMAND RIGHT START
COMMAND RIGHT END
TURN 79 RESULT
TIME LEFT 0 5 RIGHT 0 5
MOVE B9 136
MOVE B10 171
END TURN 79
TURN 80
COMMAND LEFT START
COMMAND LEFT END
COMMAND RIGHT START
COMMAND RIGHT END
TURN 80 RESULT
TIME LEFT 0 5 RIGHT 0 5
MOVE B9 129
MOVE B10 161
END TURN 80
TURN 81
COMMAND LEFT START
COMMAND LEFT END
COMMAND RIGHT START
UPGRADE 161
COMMAND RIGHT END
TURN 81 RESULT
TIME LEFT 0 5 RIGHT 0 5
UPGRADE B 161
END TURN 81
TURN 82
COMMAND LEFT START
COMMAND LEFT END
COMMAND RIGHT START
UPGRADE 129
COMMAND RIGHT END
TURN 82 RESULT
TIME LEFT 0 5 RIGHT 0 5
UPGRADE B 129
END TURN 82
TURN 83
COMMAND LEFT START
COMMAND LEFT END
COMMAND RIGHT START
COMMAND RIGHT END
TURN 83 RESULT
TIME LEFT 0 5 RIGHT 0 5
END TURN 83
TURN 84
COMMAND LEFT START
COMMAND LEFT END
COMMAND RIGHT START
COMMAND RIGHT END
TURN 84 RESULT
TIME LEFT 0 5 RIGHT 0 5
END TURN 84
TURN 85
COMMAND LEFT START
COMMAND LEFT END
COMMAND RIGHT START
COMMAND RIGHT END
TURN 85 RESULT
TIME LEFT 0 5 RIGHT 0 5
END TURN 85
TURN 86
COMMAND LEFT START
COMMAND LEFT END
COMMAND RIGHT START
COMMAND RIGHT END
TURN 86 RESULT
TIME LEFT 0 5 RIGHT 0 5
END TURN 86
TURN 87
COMMAND LEFT START
COMMAND LEFT END
COMMAND RIGHT START
COMMAND RIGHT END
TURN 87 RESULT
TIME LEFT 0 5 RIGHT 0 5
END TURN 87
TURN 88
COMMAND LEFT START
COMMAND LEFT END
COMMAND RIGHT START
UPGRADE 242
COMMAND RIGHT END
TURN 88 RESULT
TIME LEFT 0 5 RIGHT 0 5
UPGRADE B 242
END TURN 88
TURN 89
COMMAND LEFT START
COMMAND LEFT END
COMMAND RIGHT START
TRAIN 1
COMMAND RIGHT END
TURN 89 RESULT
TIME LEFT 0 5 RIGHT 0 5
TRAIN B11
END TURN 89
TURN 90
COMMAND LEFT START
COMMAND LEFT END
COMMAND RIGHT START
COMMAND RIGHT END
TURN 90 RESULT
TIME LEFT 0 5 RIGHT 0 5
END TURN 90
TURN 91
COMMAND LEFT START
UPGRADE 0
COMMAND LEFT END
COMMAND RIGHT START
COMMAND RIGHT END
TURN 91 RESULT
TIME LEFT 0 5 RIGHT 0 5
UPGRADE A 0
END TURN 91
TURN 92
COMMAND LEFT START
TRAIN 1
COMMAND LEFT END
COMMAND RIGHT START
COMMAND RIGHT END
TURN 92 RESULT
TIME LEFT 0 5 RIGHT 0 5
TRAIN A8
END TURN 92
TURN 93
COMMAND LEFT START
COMMAND LEFT END
COMMAND RIGHT START
COMMAND RIGHT END
TURN 93 RESULT
TIME LEFT 0 5 RIGHT 0 5
END TURN 93
TURN 94
COMMAND LEFT START
COMMAND LEFT END
COMMAND RIGHT START
COMMAND RIGHT END
TURN 94 RESULT
TIME LEFT 0 5 RIGHT 0 5
END TURN 94
TURN 95
COMMAND LEFT START
COMMAND LEFT END
COMMAND RIGHT START
COMMAND RIGHT END
TURN 95 RESULT
TIME LEFT 0 5 RIGHT 0 5
END TURN 95
TURN 96
COMMAND LEFT START
COMMAND LEFT END
COMMAND RIGHT START
UPGRADE 242
COMMAND RIGHT END
TURN 96 RESULT
TIME LEFT 0 5 RIGHT 0 5
UPGRADE B 242
END TURN 96
TURN 97
COMMAND LEFT START
COMMAND LEFT END
COMMAND RIGHT START
TRAIN 1
COMMAND RIGHT END
TURN 97 RESULT
TIME LEFT 0 5 RIGHT 0 5
TRAIN B12
END TURN 97
TURN 98
COMMAND LEFT START
COMMAND LEFT END
COMMAND RIGHT START
COMMAND RIGHT END
TURN 98 RESULT
TIME LEFT 0 5 RIGHT 0 5
END TURN 98
TURN 99
COMMAND LEFT START
COMMAND LEFT END
COMMAND RIGHT START
COMMAND RIGHT END
TURN 99 RESULT
TIME LEFT 0 5 RIGHT 0 5
END TURN 99
TURN 100
COMMAND LEFT START
COMMAND LEFT END
COMMAND RIGHT START
UPGRADE 129
COMMAND RIGHT END
TURN 100 RESULT
TIME LEFT 0 5 RIGHT 0 5
UPGRADE B 129
END TURN 100
TURN 101
COMMAND LEFT START
COMMAND LEFT END
COMMAND RIGHT START
TRAIN 1
COMMAND RIGHT END
TURN 101 RESULT
TIME LEFT 0 5 RIGHT 0 5
TRAIN B13
END TURN 101
TURN 102
COMMAND LEFT START
COMMAND LEFT END
COMMAND RIGHT START
MOVE B13 129
COMMAND RIGHT END
TURN 102 RESULT
TIME LEFT 0 5 RIGHT 0 5
MOVE B13 233
END TURN 102
TURN 103
COMMAND LEFT START
COMMAND LEFT END
COMMAND RIGHT START
COMMAND RIGHT END
TURN 103 RESULT
TIME LEFT 0 5 RIGHT 0 5
MOVE B13 220
END TURN 103
TURN 104
COMMAND LEFT START
COMMAND LEFT END
COMMAND RIGHT START
UPGRADE 146
COMMAND RIGHT END
TURN 104 RESULT
TIME LEFT 0 5 RIGHT 0 5
UPGRADE B 146
MOVE B13 202
END TURN 104
TURN 105
COMMAND LEFT START
COMMAND LEFT END
COMMAND RIGHT START
TRAIN 1
COMMAND RIGHT END
TURN 105 RESULT
TIME LEFT 0 5 RIGHT 0 5
TRAIN B14
MOVE B13 196
END TURN 105
TURN 106
COMMAND LEFT START
COMMAND LEFT END
COMMAND RIGHT START
MOVE B14 146
COMMAND RIGHT END
TURN 106 RESULT
TIME LEFT 0 5 RIGHT 0 5
MOVE B13 180
MOVE B14 233
END TURN 106
TURN 107
COMMAND LEFT START
COMMAND LEFT END
COMMAND RIGHT START
COMMAND RIGHT END
TURN 107 RESULT
TIME LEFT 0 5 RIGHT 0 5
MOVE B13 169
MOVE B14 220
END TURN 107
TURN 108
COMMAND LEFT START
COMMAND LEFT END
COMMAND RIGHT START
UPGRADE 155
COMMAND RIGHT END
TURN 108 RESULT
TIME LEFT 0 5 RIGHT 0 5
UPGRADE B 155
MOVE B13 156
MOVE B14 202
END TURN 108
TURN 109
COMMAND LEFT START
COMMAND LEFT END
COMMAND RIGHT START
TRAIN 1
COMMAND RIGHT END
TURN 109 RESULT
TIME LEFT 0 5 RIGHT 0 5
TRAIN B15
MOVE B13 136
MOVE B14 196
END TURN 109
TURN 110
COMMAND LEFT START
COMMAND LEFT END
COMMAND RIGHT START
MOVE B15 155
COMMAND RIGHT END
TURN 110 RESULT
TIME LEFT 0 5 RIGHT 0 5
MOVE B13 129
MOVE B14 180
MOVE B15 233
END TURN 110
TURN 111
COMMAND LEFT START
COMMAND LEFT END
COMMAND RIGHT START
COMMAND RIGHT END
TURN 111 RESULT
TIME LEFT 0 5 RIGHT 0 5
MOVE B14 157
MOVE B15 220
END TURN 111
TURN 112
COMMAND LEFT START
COMMAND LEFT END
COMMAND RIGHT START
COMMAND RIGHT END
TURN 112 RESULT
TIME LEFT 0 5 RIGHT 0 5
MOVE B14 146
MOVE B15 202
END TURN 112
TURN 113
COMMAND LEFT START
COMMAND LEFT END
COMMAND RIGHT START
UPGRADE 161
COMMAND RIGHT END
TURN 113 RESULT
TIME LEFT 0 5 RIGHT 0 5
UPGRADE B 161
MOVE B15 196
END TURN 113
TURN 114
COMMAND LEFT START
COMMAND LEFT END
COMMAND RIGHT START
TRAIN 1
COMMAND RIGHT END
TURN 114 RESULT
TIME LEFT 0 5 RIGHT 0 5
TRAIN B16
MOVE B15 180
END TURN 114
TURN 115
COMMAND LEFT START
COMMAND LEFT END
COMMAND RIGHT START
MOVE B16 161
COMMAND RIGHT END
TURN 115 RESULT
TIME LEFT 0 5 RIGHT 0 5
MOVE B15 169
MOVE B16 240
END TURN 115
TURN 116
COMMAND LEFT START
COMMAND LEFT END
COMMAND RIGHT START
UPGRADE 174
COMMAND RIGHT END
TURN 116 RESULT
TIME LEFT 0 5 RIGHT 0 5
UPGRADE B 174
MOVE B15 155
MOVE B16 234
END TURN 116
TURN 117
COMMAND LEFT START
COMMAND LEFT END
COMMAND RIGHT START
TRAIN 1
COMMAND RIGHT END
TURN 117 RESULT
TIME LEFT 0 5 RIGHT 0 5
TRAIN B17
MOVE B16 222
END TURN 117
TURN 118
COMMAND LEFT START
COMMAND LEFT END
COMMAND RIGHT START
MOVE B17 174
COMMAND RIGHT END
TURN 118 RESULT
TIME LEFT 0 5 RIGHT 0 5
MOVE B16 219
MOVE B17 238
END TURN 118
TURN 119
COMMAND LEFT START
COMMAND LEFT END
COMMAND RIGHT START
COMMAND RIGHT END
TURN 119 RESULT
TIME LEFT 0 5 RIGHT 0 5
MOVE B16 197
MOVE B17 235
END TURN 119
TURN 120
COMMAND LEFT START
COMMAND LEFT END
COMMAND RIGHT START
UPGRADE 177
COMMAND RIGHT END
TURN 120 RESULT
TIME LEFT 0 5 RIGHT 0 5
UPGRADE B 177
MOVE B16 198
MOVE B17 218
END TURN 120
TURN 121
COMMAND LEFT START
UPGRADE 0
COMMAND LEFT END
COMMAND RIGHT START
TRAIN 1
COMMAND RIGHT END
TURN 121 RESULT
TIME LEFT 0 5 RIGHT 0 5
UPGRADE A 0
TRAIN B18
MOVE B16 171
MOVE B17 200
END TURN 121
TURN 122
COMMAND LEFT START
COMMAND LEFT END
COMMAND RIGHT START
MOVE B18 177
COMMAND RIGHT END
TURN 122 RESULT
TIME LEFT 0 5 RIGHT 0 5
MOVE B16 161
MOVE B17 184
MOVE B18 233
END TURN 122
TURN 123
COMMAND LEFT START
COMMAND LEFT END
COMMAND RIGHT START
UPGRADE 197
COMMAND RIGHT END
TURN 123 RESULT
TIME LEFT 0 5 RIGHT 0 5
UPGRADE B 197
MOVE B17 174
MOVE B18 220
END TURN 123
TURN 124
COMMAND LEFT START
COMMAND LEFT END
COMMAND RIGHT START
TRAIN 1
COMMAND RIGHT END
TURN 124 RESULT
TIME LEFT 0 5 RIGHT 0 5
TRAIN B19
MOVE B18 212
END TURN 124
TURN 125
COMMAND LEFT START
COMMAND LEFT END
COMMAND RIGHT START
MOVE B19 197
COMMAND RIGHT END
TURN 125 RESULT
TIME LEFT 0 5 RIGHT 0 5
MOVE B18 209
MOVE B19 240
END TURN 125
TURN 126
COMMAND LEFT START
TRAIN 1
COMMAND LEFT END
COMMAND RIGHT START
COMMAND RIGHT END
TURN 126 RESULT
TIME LEFT 0 5 RIGHT 0 5
TRAIN A9
MOVE B18 195
MOVE B19 234
END TURN 126
TURN 127
COMMAND LEFT START
COMMAND LEFT END
COMMAND RIGHT START
UPGRADE 211
COMMAND RIGHT END
TURN 127 RESULT
TIME LEFT 0 5 RIGHT 0 5
UPGRADE B 211
MOVE B18 177
MOVE B19 222
END TURN 127
TURN 128
COMMAND LEFT START
COMMAND LEFT END
COMMAND RIGHT START
TRAIN 1
COMMAND RIGHT END
TURN 128 RESULT
TIME LEFT 0 5 RIGHT 0 5
TRAIN B20
MOVE B19 219
END TURN 128
TURN 129
COMMAND LEFT START
COMMAND LEFT END
COMMAND RIGHT START
MOVE B20 211
COMMAND RIGHT END
TURN 129 RESULT
TIME LEFT 0 5 RIGHT 0 5
MOVE B19 197
MOVE B20 238
END TURN 129
TURN 130
COMMAND LEFT START
COMMAND LEFT END
COMMAND RIGHT START
UPGRADE 240
COMMAND RIGHT END
TURN 130 RESULT
TIME LEFT 0 5 RIGHT 0 5
UPGRADE B 240
MOVE B20 235
END TURN 130
TURN 131
COMMAND LEFT START
COMMAND LEFT END
COMMAND RIGHT START
TRAIN 1
COMMAND RIGHT END
TURN 131 RESULT
TIME LEFT 0 5 RIGHT 0 5
TRAIN B21
MOVE B20 218
END TURN 131
TURN 132
COMMAND LEFT START
TRAIN 1
COMMAND LEFT END
COMMAND RIGHT START
MOVE B21 240
UPGRADE 129
COMMAND RIGHT END
TURN 132 RESULT
TIME LEFT 0 5 RIGHT 0 5
UPGRADE B 129
TRAIN A10
MOVE B20 211
MOVE B21 240
END TURN 132
TURN 133
COMMAND LEFT START
MOVE A10 121
TRAIN 1
COMMAND LEFT END
COMMAND RIGHT START
TRAIN 1
COMMAND RIGHT END
TURN 133 RESULT
TIME LEFT 0 5 RIGHT 0 5
TRAIN A11 B22
MOVE A10 9
END TURN 133
TURN 134
COMMAND LEFT START
MOVE A11 121
TRAIN 1
COMMAND LEFT END
COMMAND RIGHT START
MOVE B22 129
COMMAND RIGHT END
TURN 134 RESULT
TIME LEFT 0 5 RIGHT 0 5
TRAIN A12
MOVE A10 22
MOVE A11 9
MOVE B22 233
END TURN 134
TURN 135
COMMAND LEFT START
MOVE A12 121
TRAIN 1
COMMAND LEFT END
COMMAND RIGHT START
UPGRADE 146
COMMAND RIGHT END
TURN 135 RESULT
TIME LEFT 0 5 RIGHT 0 5
UPGRADE B 146
TRAIN A13
MOVE A10 30
MOVE A11 22
MOVE A12 9
MOVE B22 220
END TURN 135
TURN 136
COMMAND LEFT START
MOVE A13 121
TRAIN 1
COMMAND LEFT END
COMMAND RIGHT START
TRAIN 1
COMMAND RIGHT END
TURN 136 RESULT
TIME LEFT 0 5 RIGHT 0 5
TRAIN A14 B23
MOVE A10 46
MOVE A11 30
MOVE A12 22
MOVE A13 9
MOVE B22 202
END TURN 136
TURN 137
COMMAND LEFT START
MOVE A14 121
COMMAND LEFT END
COMMAND RIGHT START
MOVE B23 146
COMMAND RIGHT END
TURN 137 RESULT
TIME LEFT 0 5 RIGHT 0 5
MOVE A10 67
MOVE A11 46
MOVE A12 30
MOVE A13 22
MOVE A14 9
MOVE B22 196
MOVE B23 233
END TURN 137
TURN 138
COMMAND LEFT START
TRAIN 1
COMMAND LEFT END
COMMAND RIGHT START
UPGRADE 155
COMMAND RIGHT END
TURN 138 RESULT
TIME LEFT 0 5 RIGHT 0 5
UPGRADE B 155
TRAIN A15
MOVE A10 76
MOVE A11 67
MOVE A12 46
MOVE A13 30
MOVE A14 22
MOVE B22 180
MOVE B23 220
END TURN 138
TURN 139
COMMAND LEFT START
MOVE A15 121
TRAIN 1
COMMAND LEFT END
COMMAND RIGHT START
TRAIN 1
COMMAND RIGHT END
TURN 139 RESULT
TIME LEFT 0 5 RIGHT 0 5
TRAIN A16 B24
MOVE A10 92
MOVE A11 76
MOVE A12 67
MOVE A13 46
MOVE A14 30
MOVE A15 9
MOVE B22 169
MOVE B23 202
END TURN 139
TURN 140
COMMAND LEFT START
MOVE A16 121
TRAIN 1
COMMAND LEFT END
COMMAND RIGHT START
MOVE B24 155
COMMAND RIGHT END
TURN 140 RESULT
TIME LEFT 0 5 RIGHT 0 5
TRAIN A17
MOVE A10 104
MOVE A11 92
MOVE A12 76
MOVE A13 67
MOVE A14 46
MOVE A15 22
MOVE A16 9
MOVE B22 156
MOVE B23 196
MOVE B24 233
END TURN 140
TURN 141
COMMAND LEFT START
MOVE A17 121
TRAIN 1
COMMAND LEFT END
COMMAND RIGHT START
UPGRADE 161
COMMAND RIGHT END
TURN 141 RESULT
TIME LEFT 0 5 RIGHT 0 5
UPGRADE B 161
TRAIN A18
MOVE A10 121
MOVE A11 104
MOVE A12 92
MOVE A13 76
MOVE A14 67
MOVE A15 30
MOVE A16 22
MOVE A17 9
MOVE B22 136
MOVE B23 180
MOVE B24 220
END TURN 141
TURN 142
COMMAND LEFT START
MOVE A18 121
TRAIN 1
COMMAND LEFT END
COMMAND RIGHT START
TRAIN 1
COMMAND RIGHT END
TURN 142 RESULT
TIME LEFT 0 5 RIGHT 0 5
TRAIN A19 B25
MOVE A11 121
MOVE A12 104
MOVE A13 92
MOVE A14 76
MOVE A15 46
MOVE A16 30
MOVE A17 22
MOVE A18 9
MOVE B22 129
MOVE B23 157
MOVE B24 202
END TURN 142
TURN 143
COMMAND LEFT START
MOVE A11 65
MOVE A19 121
COMMAND LEFT END
COMMAND RIGHT START
MOVE B25 161
UPGRADE 174
COMMAND RIGHT END
TURN 143 RESULT
TIME LEFT 0 5 RIGHT 0 5
UPGRADE B 174
MOVE A11 104
MOVE A12 121
MOVE A13 104
MOVE A14 92
MOVE A15 67
MOVE A16 46
MOVE A17 30
MOVE A18 22
MOVE A19 9
MOVE B23 146
MOVE B24 196
MOVE B25 240
END TURN 143
TURN 144
COMMAND LEFT START
MOVE A12 68
COMMAND LEFT END
COMMAND RIGHT START
TRAIN 1
COMMAND RIGHT END
TURN 144 RESULT
TIME LEFT 0 5 RIGHT 0 5
TRAIN B26
MOVE A11 92
MOVE A12 105
MOVE A13 121
MOVE A14 104
MOVE A15 76
MOVE A16 67
MOVE A17 46
MOVE A18 30
MOVE A19 22
MOVE B24 180
MOVE B25 234
END TURN 144
TURN 145
COMMAND LEFT START
MOVE A13 87
COMMAND LEFT END
COMMAND RIGHT START
MOVE B26 174
COMMAND RIGHT END
TURN 145 RESULT
TIME LEFT 0 5 RIGHT 0 5
MOVE A11 85
MOVE A12 93
MOVE A13 118
MOVE A14 121
MOVE A15 92
MOVE A16 76
MOVE A17 67
MOVE A18 46
MOVE A19 30
MOVE B24 169
MOVE B25 222
MOVE B26 238
END TURN 145
TURN 146
COMMAND LEFT START
MOVE A14 96
COMMAND LEFT END
COMMAND RIGHT START
UPGRADE 177
COMMAND RIGHT END
TURN 146 RESULT
TIME LEFT 0 5 RIGHT 0 5
UPGRADE B 177
MOVE A11 73
MOVE A12 88
MOVE A13 96
MOVE A14 118
MOVE A15 104
MOVE A16 92
MOVE A17 76
MOVE A18 67
MOVE A19 46
MOVE B24 155
MOVE B25 219
MOVE B26 235
END TURN 146
TURN 147
COMMAND LEFT START
TRAIN 3
COMMAND LEFT END
COMMAND RIGHT START
TRAIN 1
COMMAND RIGHT END
TURN 147 RESULT
TIME LEFT 0 5 RIGHT 0 5
TRAIN A20 A21 A22 B27
MOVE A11 65
MOVE A12 68
MOVE A13 86
MOVE A14 96
MOVE A15 121
MOVE A16 104
MOVE A17 92
MOVE A18 76
MOVE A19 67
MOVE B25 197
MOVE B26 218
END TURN 147
TURN 148
COMMAND LEFT START
MOVE A22 121
MOVE A21 121
MOVE A20 121
UPGRADE 65
UPGRADE 68
COMMAND LEFT END
COMMAND RIGHT START
MOVE B27 177
UPGRADE 197
COMMAND RIGHT END
TURN 148 RESULT
TIME LEFT 0 5 RIGHT 0 5
UPGRADE A 65
UPGRADE A 68
UPGRADE B 197
MOVE A13 87
MOVE A16 121
MOVE A17 104
MOVE A18 92
MOVE A19 76
MOVE A20 9
MOVE A21 9
MOVE A22 9
MOVE B25 198
MOVE B26 200
MOVE B27 233
END TURN 148
TURN 149
COMMAND LEFT START
COMMAND LEFT END
COMMAND RIGHT START
TRAIN 1
COMMAND RIGHT END
TURN 149 RESULT
TIME LEFT 0 5 RIGHT 0 5
TRAIN B28
MOVE A17 121
MOVE A18 104
MOVE A19 92
MOVE A20 22
MOVE A21 22
MOVE A22 22
MOVE B25 171
MOVE B26 184
MOVE B27 220
END TURN 149
TURN 150
COMMAND LEFT START
COMMAND LEFT END
COMMAND RIGHT START
MOVE B28 197
UPGRADE 211
COMMAND RIGHT END
TURN 150 RESULT
TIME LEFT 0 5 RIGHT 0 5
UPGRADE B 211
MOVE A18 121
MOVE A19 104
MOVE A20 30
MOVE A21 30
MOVE A22 30
MOVE B25 161
MOVE B26 174
MOVE B27 212
MOVE B28 240
END TURN 150
TURN 151
COMMAND LEFT START
UPGRADE 87
COMMAND LEFT END
COMMAND RIGHT START
TRAIN 1
COMMAND RIGHT END
TURN 151 RESULT
TIME LEFT 0 5 RIGHT 0 5
UPGRADE A 87
TRAIN B29
MOVE A19 121
MOVE A20 46
MOVE A21 46
MOVE A22 46
MOVE B27 209
MOVE B28 234
END TURN 151
TURN 152
COMMAND LEFT START
COMMAND LEFT END
COMMAND RIGHT START
MOVE B29 211
COMMAND RIGHT END
TURN 152 RESULT
TIME LEFT 0 5 RIGHT 0 5
MOVE A20 67
MOVE A21 67
MOVE A22 67
MOVE B27 195
MOVE B28 222
MOVE B29 238
END TURN 152
TURN 153
COMMAND LEFT START
COMMAND LEFT END
COMMAND RIGHT START
UPGRADE 240
COMMAND RIGHT END
TURN 153 RESULT
TIME LEFT 0 5 RIGHT 0 5
UPGRADE B 240
MOVE A20 76
MOVE A21 76
MOVE A22 76
MOVE B27 177
MOVE B28 219
MOVE B29 235
END TURN 153
TURN 154
COMMAND LEFT START
COMMAND LEFT END
COMMAND RIGHT START
TRAIN 1
COMMAND RIGHT END
TURN 154 RESULT
TIME LEFT 0 5 RIGHT 0 5
TRAIN B30
MOVE A20 92
MOVE A21 92
MOVE A22 92
MOVE B28 197
MOVE B29 218
END TURN 154
TURN 155
COMMAND LEFT START
UPGRADE 96
COMMAND LEFT END
COMMAND RIGHT START
MOVE B30 240
COMMAND RIGHT END
TURN 155 RESULT
TIME LEFT 0 5 RIGHT 0 5
UPGRADE A 96
MOVE A20 104
MOVE A21 104
MOVE A22 104
MOVE B29 211
MOVE B30 240
END TURN 155
TURN 156
COMMAND LEFT START
COMMAND LEFT END
COMMAND RIGHT START
COMMAND RIGHT END
TURN 156 RESULT
TIME LEFT 0 5 RIGHT 0 5
MOVE A20 121
MOVE A21 121
MOVE A22 121
END TURN 156
TURN 157
COMMAND LEFT START
COMMAND LEFT END
COMMAND RIGHT START
COMMAND RIGHT END
TURN 157 RESULT
TIME LEFT 0 5 RIGHT 0 5
END TURN 157
TURN 158
COMMAND LEFT START
MOVE A22 113
COMMAND LEFT END
COMMAND RIGHT START
UPGRADE 242
COMMAND RIGHT END
TURN 158 RESULT
TIME LEFT 0 5 RIGHT 0 5
UPGRADE B 242
MOVE A22 118
END TURN 158
TURN 159
COMMAND LEFT START
MOVE A21 129
MOVE A20 146
MOVE A19 146
MOVE A18 146
MOVE A17 146
MOVE A16 146
MOVE A15 146
MOVE A10 146
MOVE A2 146
COMMAND LEFT END
COMMAND RIGHT START
TRAIN 2
COMMAND RIGHT END
TURN 159 RESULT
TIME LEFT 0 5 RIGHT 0 5
TRAIN B31 B32
MOVE A2 124
MOVE A10 124
MOVE A15 124
MOVE A16 124
MOVE A17 124
MOVE A18 124
MOVE A19 124
MOVE A20 124
MOVE A21 124
MOVE A22 119
END TURN 159
TURN 160
COMMAND LEFT START
MOVE A4 121
COMMAND LEFT END
COMMAND RIGHT START
MOVE B32 113
TRAIN 2
COMMAND RIGHT END
TURN 160 RESULT
TIME LEFT 0 5 RIGHT 0 5
TRAIN B33 B34
MOVE A2 146
MOVE A4 9
MOVE A10 146
MOVE A15 146
MOVE A16 146
MOVE A17 146
MOVE A18 146
MOVE A19 146
MOVE A20 146
MOVE A21 123
MOVE A22 115
MOVE B32 238
DAMAGE TURRET A2 2
DAMAGE COMBAT A2 2
DAMAGE COMBAT A10 1
DAMAGE COMBAT B8 4
DAMAGE COMBAT B14 4
END TURN 160
TURN 161
COMMAND LEFT START
MOVE A6 121
COMMAND LEFT END
COMMAND RIGHT START
MOVE B7 146
MOVE B9 146
MOVE B13 146
MOVE B15 146
MOVE B22 146
MOVE B24 146
MOVE B33 155
MOVE B34 155
TRAIN 2
COMMAND RIGHT END
TURN 161 RESULT
TIME LEFT 0 5 RIGHT 0 5
TRAIN B35 B36
MOVE A4 22
MOVE A6 9
MOVE A21 127
MOVE A22 106
MOVE B7 156
MOVE B9 136
MOVE B13 136
MOVE B15 156
MOVE B22 136
MOVE B24 156
MOVE B32 235
MOVE B33 233
MOVE B34 233
DAMAGE TURRET A10 2
DAMAGE COMBAT A10 2
DAMAGE COMBAT B14 2
DAMAGE COMBAT B23 5
END TURN 161
TURN 162
COMMAND LEFT START
MOVE A7 121
COMMAND LEFT END
COMMAND RIGHT START
MOVE B35 155
MOVE B36 129
TRAIN 2
COMMAND RIGHT END
TURN 162 RESULT
TIME LEFT 0 5 RIGHT 0 5
TRAIN B37 B38
MOVE A4 30
MOVE A6 22
MOVE A7 9
MOVE A21 136
MOVE A22 113
MOVE B7 146
MOVE B9 146
MOVE B13 146
MOVE B15 146
MOVE B22 146
MOVE B24 146
MOVE B32 221
MOVE B33 220
MOVE B34 220
MOVE B35 233
MOVE B36 233
DAMAGE TURRET A10 2
DAMAGE COMBAT A10 1
DAMAGE COMBAT A15 6
DAMAGE COMBAT B7 4
DAMAGE COMBAT B9 2
DAMAGE COMBAT B23 1
END TURN 162
TURN 163
COMMAND LEFT START
MOVE A8 121
UPGRADE 113
COMMAND LEFT END
COMMAND RIGHT START
MOVE B4 146
MOVE B37 177
TRAIN 2
COMMAND RIGHT END
TURN 163 RESULT
TIME LEFT 0 5 RIGHT 0 5
UPGRADE A 113
TRAIN B39 B40
MOVE A4 46
MOVE A6 30
MOVE A7 22
MOVE A8 9
MOVE A21 129
MOVE B4 169
MOVE B32 206
MOVE B33 202
MOVE B34 202
MOVE B35 220
MOVE B36 220
MOVE B37 233
DAMAGE TURRET A15 2
DAMAGE TURRET A21 2
DAMAGE COMBAT A16 5
DAMAGE COMBAT B9 2
DAMAGE COMBAT B13 4
SIEGE B 129 1
END TURN 163
TURN 164
COMMAND LEFT START
MOVE A21 121
COMMAND LEFT END
COMMAND RIGHT START
MOVE B38 129
MOVE B39 129
COMMAND RIGHT END
TURN 164 RESULT
TIME LEFT 0 5 RIGHT 0 5
MOVE A4 67
MOVE A6 46
MOVE A7 30
MOVE A8 22
MOVE A21 136
MOVE B4 157
MOVE B32 187
MOVE B33 196
MOVE B34 196
MOVE B35 202
MOVE B36 202
MOVE B37 220
MOVE B38 233
MOVE B39 233
DAMAGE TURRET A16 2
DAMAGE COMBAT A16 1
DAMAGE COMBAT A17 3
DAMAGE COMBAT B13 2
DAMAGE COMBAT B15 3
END TURN 164
TURN 165
COMMAND LEFT START
TRAIN 1
COMMAND LEFT END
COMMAND RIGHT START
COMMAND RIGHT END
TURN 165 RESULT
TIME LEFT 0 5 RIGHT 0 5
TRAIN A23
MOVE A4 76
MOVE A6 67
MOVE A7 46
MOVE A8 30
MOVE A21 127
MOVE B4 146
MOVE B32 176
MOVE B33 180
MOVE B34 180
MOVE B35 196
MOVE B36 196
MOVE B37 212
MOVE B38 220
MOVE B39 220
DAMAGE TURRET A17 2
DAMAGE COMBAT A17 3
DAMAGE COMBAT A18 1
DAMAGE COMBAT B4 1
DAMAGE COMBAT B15 3
END TURN 165
TURN 166
COMMAND LEFT START
MOVE A9 121
COMMAND LEFT END
COMMAND RIGHT START
COMMAND RIGHT END
TURN 166 RESULT
TIME LEFT 0 5 RIGHT 0 5
MOVE A4 92
MOVE A6 76
MOVE A7 67
MOVE A8 46
MOVE A9 9
MOVE A21 123
MOVE B32 154
MOVE B33 169
MOVE B34 169
MOVE B35 180
MOVE B36 180
MOVE B37 209
MOVE B38 202
MOVE B39 202
DAMAGE TURRET A18 2
DAMAGE COMBAT A18 3
DAMAGE COMBAT B4 3
END TURN 166
TURN 167
COMMAND LEFT START
TRAIN 1
COMMAND LEFT END
COMMAND RIGHT START
COMMAND RIGHT END
TURN 167 RESULT
TIME LEFT 0 5 RIGHT 0 5
TRAIN A24
MOVE A4 104
MOVE A6 92
MOVE A7 76
MOVE A8 67
MOVE A9 22
MOVE A21 124
MOVE B32 120
MOVE B33 155
MOVE B34 155
MOVE B35 169
MOVE B36 169
MOVE B37 195
MOVE B38 196
MOVE B39 196
DAMAGE TURRET A18 2
DAMAGE COMBAT A19 2
DAMAGE COMBAT B22 3
END TURN 167
TURN 168
COMMAND LEFT START
MOVE A23 121
COMMAND LEFT END
COMMAND RIGHT START
TRAIN 2
COMMAND RIGHT END
TURN 168 RESULT
TIME LEFT 0 5 RIGHT 0 5
TRAIN B41 B42
MOVE A4 121
MOVE A6 104
MOVE A7 92
MOVE A8 76
MOVE A9 30
MOVE A21 121
MOVE A23 9
MOVE B32 113
MOVE B35 155
MOVE B36 156
MOVE B37 177
MOVE B38 180
MOVE B39 180
DAMAGE TURRET A19 2
DAMAGE TURRET B32 1
DAMAGE COMBAT A19 2
DAMAGE COMBAT A22 1
DAMAGE COMBAT B22 2
DAMAGE COMBAT B32 1
END TURN 168
TURN 169
COMMAND LEFT START
MOVE A4 0
COMMAND LEFT END
COMMAND RIGHT START
MOVE B41 146
MOVE B42 68
TRAIN 2
COMMAND RIGHT END
TURN 169 RESULT
TIME LEFT 0 5 RIGHT 0 5
TRAIN B43 B44
MOVE A4 104
MOVE A6 121
MOVE A7 104
MOVE A8 92
MOVE A9 46
MOVE A23 22
MOVE B36 136
MOVE B38 169
MOVE B39 169
MOVE B41 233
MOVE B42 233
DAMAGE TURRET A19 2
DAMAGE TURRET B32 1
DAMAGE COMBAT A20 2
DAMAGE COMBAT A22 1
DAMAGE COMBAT B22 1
DAMAGE COMBAT B24 1
DAMAGE COMBAT B32 1
END TURN 169
TURN 170
COMMAND LEFT START
MOVE A6 0
COMMAND LEFT END
COMMAND RIGHT START
MOVE B43 146
TRAIN 2
COMMAND RIGHT END
TURN 170 RESULT
TIME LEFT 0 5 RIGHT 0 5
TRAIN B45 B46
MOVE A4 92
MOVE A6 104
MOVE A7 121
MOVE A8 104
MOVE A9 67
MOVE A23 30
MOVE B36 129
MOVE B38 156
MOVE B39 156
MOVE B41 220
MOVE B42 220
MOVE B43 233
DAMAGE TURRET A20 2
DAMAGE TURRET B32 1
DAMAGE COMBAT A20 1
DAMAGE COMBAT A22 1
DAMAGE COMBAT B24 1
DAMAGE COMBAT B32 1
END TURN 170
TURN 171
COMMAND LEFT START
MOVE A7 0
TRAIN 1
COMMAND LEFT END
COMMAND RIGHT START
UPGRADE 129
TRAIN 1
COMMAND RIGHT END
TURN 171 RESULT
TIME LEFT 0 5 RIGHT 0 5
UPGRADE B 129
TRAIN A25 B47
MOVE A4 76
MOVE A6 92
MOVE A7 104
MOVE A8 121
MOVE A9 76
MOVE A23 46
MOVE B38 136
MOVE B39 136
MOVE B41 202
MOVE B42 202
MOVE B43 220
DAMAGE TURRET A20 2
DAMAGE TURRET B32 1
DAMAGE COMBAT A20 1
DAMAGE COMBAT A22 1
DAMAGE COMBAT B24 1
END TURN 171
TURN 172
COMMAND LEFT START
TRAIN 1
COMMAND LEFT END
COMMAND RIGHT START
TRAIN 2
COMMAND RIGHT END
TURN 172 RESULT
TIME LEFT 0 5 RIGHT 0 5
TRAIN A26 B48 B49
MOVE A4 67
MOVE A6 76
MOVE A7 92
MOVE A9 92
MOVE A23 67
MOVE B38 129
MOVE B39 129
MOVE B41 196
MOVE B42 196
MOVE B43 202
END TURN 172
TURN 173
COMMAND LEFT START
TRAIN 1
COMMAND LEFT END
COMMAND RIGHT START
TRAIN 2
COMMAND RIGHT END
TURN 173 RESULT
TIME LEFT 0 5 RIGHT 0 5
TRAIN A27 B50 B51
MOVE A4 46
MOVE A6 67
MOVE A7 76
MOVE A9 104
MOVE A23 76
MOVE B41 180
MOVE B42 180
MOVE B43 196
END TURN 173
TURN 174
COMMAND LEFT START
TRAIN 2
COMMAND LEFT END
COMMAND RIGHT START
TRAIN 2
COMMAND RIGHT END
TURN 174 RESULT
TIME LEFT 0 5 RIGHT 0 5
TRAIN A28 A29 B52 B53
MOVE A4 30
MOVE A6 46
MOVE A7 67
MOVE A9 121
MOVE A23 92
MOVE B41 157
MOVE B42 169
MOVE B43 180
END TURN 174
TURN 175
COMMAND LEFT START
MOVE A21 129
MOVE A29 121
COMMAND LEFT END
COMMAND RIGHT START
TRAIN 2
COMMAND RIGHT END
TURN 175 RESULT
TIME LEFT 0 5 RIGHT 0 5
TRAIN B54 B55
MOVE A4 22
MOVE A6 30
MOVE A7 46
MOVE A21 124
MOVE A23 104
MOVE A29 9
MOVE B41 146
MOVE B42 156
MOVE B43 157
END TURN 175
TURN 176
COMMAND LEFT START
TRAIN 2
COMMAND LEFT END
COMMAND RIGHT START
TRAIN 2
COMMAND RIGHT END
TURN 176 RESULT
TIME LEFT 0 5 RIGHT 0 5
TRAIN A30 A31 B56 B57
MOVE A4 9
MOVE A6 22
MOVE A7 30
MOVE A21 123
MOVE A23 121
MOVE A29 22
MOVE B42 136
MOVE B43 146
END TURN 176
TURN 177
COMMAND LEFT START
MOVE A23 81
MOVE A31 121
MOVE A30 121
COMMAND LEFT END
COMMAND RIGHT START
TRAIN 2
COMMAND RIGHT END
TURN 177 RESULT
TIME LEFT 0 5 RIGHT 0 5
TRAIN B58 B59
MOVE A4 0
MOVE A6 9
MOVE A7 22
MOVE A21 127
MOVE A23 118
MOVE A29 30
MOVE A30 9
MOVE A31 9
MOVE B42 122
END TURN 177
TURN 178
COMMAND LEFT START
MOVE A28 121
TRAIN 3
COMMAND LEFT END
COMMAND RIGHT START
TRAIN 2
COMMAND RIGHT END
TURN 178 RESULT
TIME LEFT 0 5 RIGHT 0 5
TRAIN A32 A33 A34 B60 B61
MOVE A6 0
MOVE A7 9
MOVE A21 136
MOVE A23 119
MOVE A28 9
MOVE A29 46
MOVE A30 22
MOVE A31 22
MOVE B42 88
END TURN 178
TURN 179
COMMAND LEFT START
MOVE A34 174
MOVE A33 121
MOVE A32 121
MOVE A27 121
COMMAND LEFT END
COMMAND RIGHT START
MOVE B60 87
TRAIN 2
COMMAND RIGHT END
TURN 179 RESULT
TIME LEFT 0 5 RIGHT 0 5
TRAIN B62 B63
MOVE A7 0
MOVE A21 129
MOVE A23 115
MOVE A27 9
MOVE A28 22
MOVE A29 67
MOVE A30 30
MOVE A31 30
MOVE A32 9
MOVE A33 9
MOVE A34 9
MOVE B42 68
MOVE B60 238
DAMAGE TURRET A21 2
DAMAGE TURRET B42 1
DAMAGE COMBAT A12 1
DAMAGE COMBAT A21 3
DAMAGE COMBAT B36 1
DAMAGE COMBAT B42 1
END TURN 179
TURN 180
COMMAND LEFT START
MOVE A26 121
TRAIN 3
COMMAND LEFT END
COMMAND RIGHT START
TRAIN 2
COMMAND RIGHT END
TURN 180 RESULT
TIME LEFT 0 5 RIGHT 0 5
TRAIN A35 A36 A37 B64 B65
MOVE A23 106
MOVE A26 9
MOVE A27 22
MOVE A28 30
MOVE A29 76
MOVE A30 46
MOVE A31 46
MOVE A32 22
MOVE A33 22
MOVE A34 22
MOVE B60 229
DAMAGE TURRET A21 1
DAMAGE TURRET B42 1
DAMAGE COMBAT A12 1
DAMAGE COMBAT B36 1
DAMAGE COMBAT B42 1
END TURN 180
TURN 181
COMMAND LEFT START
MOVE A37 121
MOVE A36 121
MOVE A35 121
TRAIN 1
COMMAND LEFT END
COMMAND RIGHT START
TRAIN 2
COMMAND RIGHT END
TURN 181 RESULT
TIME LEFT 0 5 RIGHT 0 5
TRAIN A38 B66 B67
MOVE A23 94
MOVE A26 22
MOVE A27 30
MOVE A28 46
MOVE A29 92
MOVE A30 67
MOVE A31 67
MOVE A32 30
MOVE A33 30
MOVE A34 30
MOVE A35 9
MOVE A36 9
MOVE A37 9
MOVE B60 213
DAMAGE TURRET B42 1
DAMAGE COMBAT A12 1
DAMAGE COMBAT B42 1
END TURN 181
TURN 182
COMMAND LEFT START
MOVE A38 121
TRAIN 1
COMMAND LEFT END
COMMAND RIGHT START
TRAIN 2
COMMAND RIGHT END
TURN 182 RESULT
TIME LEFT 0 5 RIGHT 0 5
TRAIN A39 B68 B69
MOVE A23 91
MOVE A26 30
MOVE A27 46
MOVE A28 67
MOVE A29 104
MOVE A30 76
MOVE A31 76
MOVE A32 46
MOVE A33 46
MOVE A34 46
MOVE A35 22
MOVE A36 22
MOVE A37 22
MOVE A38 9
MOVE B60 199
DAMAGE TURRET B42 1
DAMAGE COMBAT A12 1
END TURN 182
TURN 183
COMMAND LEFT START
MOVE A39 121
TRAIN 1
COMMAND LEFT END
COMMAND RIGHT START
TRAIN 2
COMMAND RIGHT END
TURN 183 RESULT
TIME LEFT 0 5 RIGHT 0 5
TRAIN A40 B70 B71
MOVE A23 78
MOVE A26 46
MOVE A27 67
MOVE A28 76
MOVE A29 121
MOVE A30 92
MOVE A31 92
MOVE A32 67
MOVE A33 67
MOVE A34 62
MOVE A35 30
MOVE A36 30
MOVE A37 30
MOVE A38 22
MOVE A39 9
MOVE B60 183
END TURN 183
TURN 184
COMMAND LEFT START
MOVE A40 121
TRAIN 2
COMMAND LEFT END
COMMAND RIGHT START
TRAIN 2
COMMAND RIGHT END
TURN 184 RESULT
TIME LEFT 0 5 RIGHT 0 5
TRAIN A41 A42 B72 B73
MOVE A23 84
MOVE A26 67
MOVE A27 76
MOVE A28 92
MOVE A30 104
MOVE A31 104
MOVE A32 76
MOVE A33 76
MOVE A34 73
MOVE A35 46
MOVE A36 46
MOVE A37 46
MOVE A38 30
MOVE A39 22
MOVE A40 9
MOVE B60 172
END TURN 184
TURN 185
COMMAND LEFT START
MOVE A42 121
MOVE A41 121
TRAIN 1
COMMAND LEFT END
COMMAND RIGHT START
TRAIN 2
COMMAND RIGHT END
TURN 185 RESULT
TIME LEFT 0 5 RIGHT 0 5
TRAIN A43 B74 B75
MOVE A23 81
MOVE A26 76
MOVE A27 92
MOVE A28 104
MOVE A30 121
MOVE A31 121
MOVE A32 92
MOVE A33 92
MOVE A34 86
MOVE A35 67
MOVE A36 67
MOVE A37 67
MOVE A38 46
MOVE A39 30
MOVE A40 22
MOVE A41 9
MOVE A42 9
MOVE B60 149
END TURN 185
TURN 186
COMMAND LEFT START
MOVE A31 129
MOVE A43 121
UPGRADE 81
COMMAND LEFT END
COMMAND RIGHT START
TRAIN 2
COMMAND RIGHT END
TURN 186 RESULT
TIME LEFT 0 5 RIGHT 0 5
UPGRADE A 81
TRAIN B76 B77
MOVE A26 92
MOVE A27 104
MOVE A28 121
MOVE A31 124
MOVE A32 104
MOVE A33 104
MOVE A34 106
MOVE A35 76
MOVE A36 76
MOVE A37 76
MOVE A38 67
MOVE A39 46
MOVE A40 30
MOVE A41 22
MOVE A42 22
MOVE A43 9
MOVE B60 131
END TURN 186
TURN 187
COMMAND LEFT START
COMMAND LEFT END
COMMAND RIGHT START
MOVE B31 146
MOVE B40 146
MOVE B44 146
MOVE B45 146
MOVE B46 146
MOVE B47 146
MOVE B48 146
TRAIN 2
COMMAND RIGHT END
TURN 187 RESULT
TIME LEFT 0 5 RIGHT 0 5
TRAIN B78 B79
MOVE A26 104
MOVE A27 121
MOVE A31 123
MOVE A32 121
MOVE A33 121
MOVE A34 120
MOVE A35 92
MOVE A36 92
MOVE A37 92
MOVE A38 76
MOVE A39 67
MOVE A40 46
MOVE A41 30
MOVE A42 30
MOVE A43 22
MOVE B31 233
MOVE B40 233
MOVE B44 233
MOVE B45 233
MOVE B46 233
MOVE B47 233
MOVE B48 233
MOVE B60 115
END TURN 187
TURN 188
COMMAND LEFT START
COMMAND LEFT END
COMMAND RIGHT START
MOVE B41 242
MOVE B43 242
TRAIN 2
COMMAND RIGHT END
TURN 188 RESULT
TIME LEFT 0 5 RIGHT 0 5
TRAIN B80 B81
MOVE A26 121
MOVE A31 127
MOVE A34 154
MOVE A35 104
MOVE A36 104
MOVE A37 104
MOVE A38 92
MOVE A39 76
MOVE A40 67
MOVE A41 46
MOVE A42 46
MOVE A43 30
MOVE B31 220
MOVE B40 220
MOVE B41 157
MOVE B43 157
MOVE B44 220
MOVE B45 220
MOVE B46 220
MOVE B47 220
MOVE B48 220
MOVE B60 106
END TURN 188
TURN 189
COMMAND LEFT START
TRAIN 1
COMMAND LEFT END
COMMAND RIGHT START
MOVE B80 81
TRAIN 2
COMMAND RIGHT END
TURN 189 RESULT
TIME LEFT 0 5 RIGHT 0 5
TRAIN A44 B82 B83
MOVE A31 136
MOVE A34 174
MOVE A35 121
MOVE A36 121
MOVE A37 121
MOVE A38 104
MOVE A39 92
MOVE A40 76
MOVE A41 67
MOVE A42 67
MOVE A43 46
MOVE B31 202
MOVE B40 202
MOVE B41 180
MOVE B43 180
MOVE B44 202
MOVE B45 202
MOVE B46 202
MOVE B47 202
MOVE B48 202
MOVE B60 87
MOVE B80 238
DAMAGE TURRET A34 2
DAMAGE TURRET B60 1
DAMAGE COMBAT A13 1
DAMAGE COMBAT A34 3
DAMAGE COMBAT B5 1
DAMAGE COMBAT B60 1
END TURN 189
TURN 190
COMMAND LEFT START
MOVE A37 177
MOVE A36 161
MOVE A35 146
MOVE A33 146
MOVE A32 146
MOVE A30 146
MOVE A29 146
MOVE A28 146
MOVE A27 146
MOVE A26 146
MOVE A9 146
MOVE A8 146
COMMAND LEFT END
COMMAND RIGHT START
TRAIN 2
COMMAND RIGHT END
TURN 190 RESULT
TIME LEFT 0 5 RIGHT 0 5
TRAIN B84 B85
MOVE A8 124
MOVE A9 124
MOVE A26 124
MOVE A27 124
MOVE A28 124
MOVE A29 124
MOVE A30 124
MOVE A31 129
MOVE A32 124
MOVE A33 124
MOVE A35 124
MOVE A36 124
MOVE A37 138
MOVE A38 121
MOVE A39 104
MOVE A40 92
MOVE A41 76
MOVE A42 76
MOVE A43 67
MOVE B31 196
MOVE B40 196
MOVE B41 196
MOVE B43 196
MOVE B44 196
MOVE B45 196
MOVE B46 196
MOVE B47 196
MOVE B48 196
MOVE B80 235
DAMAGE TURRET A31 2
DAMAGE TURRET A34 2
DAMAGE TURRET B60 1
DAMAGE COMBAT A13 1
DAMAGE COMBAT A31 3
DAMAGE COMBAT A34 1
DAMAGE COMBAT B5 1
DAMAGE COMBAT B36 1
DAMAGE COMBAT B60 1
END TURN 190
TURN 191
COMMAND LEFT START
MOVE A44 121
TRAIN 1
COMMAND LEFT END
COMMAND RIGHT START
TRAIN 2
COMMAND RIGHT END
TURN 191 RESULT
TIME LEFT 0 5 RIGHT 0 5
TRAIN A45 B86 B87
MOVE A8 146
MOVE A9 146
MOVE A26 146
MOVE A27 146
MOVE A28 146
MOVE A29 146
MOVE A30 146
MOVE A32 146
MOVE A33 146
MOVE A35 146
MOVE A36 123
MOVE A37 150
MOVE A39 121
MOVE A40 104
MOVE A41 92
MOVE A42 92
MOVE A43 76
MOVE A44 9
MOVE B31 180
MOVE B40 180
MOVE B41 202
MOVE B43 202
MOVE B44 180
MOVE B45 180
MOVE B46 180
MOVE B47 180
MOVE B48 180
MOVE B80 218
DAMAGE TURRET A8 2
DAMAGE TURRET A31 2
DAMAGE TURRET B60 1
DAMAGE COMBAT A8 1
DAMAGE COMBAT A13 1
DAMAGE COMBAT A31 1
DAMAGE COMBAT B24 3
DAMAGE COMBAT B36 1
DAMAGE COMBAT B60 1
SIEGE B 146 7
END TURN 191
TURN 192
COMMAND LEFT START
MOVE A45 121
TRAIN 2
COMMAND LEFT END
COMMAND RIGHT START
TRAIN 2
COMMAND RIGHT END
TURN 192 RESULT
TIME LEFT 0 5 RIGHT 0 5
TRAIN A46 A47 B88 B89
MOVE A36 127
MOVE A37 157
MOVE A40 121
MOVE A41 104
MOVE A42 104
MOVE A43 92
MOVE A44 22
MOVE A45 9
MOVE B31 157
MOVE B40 157
MOVE B41 220
MOVE B43 220
MOVE B44 157
MOVE B45 157
MOVE B46 157
MOVE B47 157
MOVE B48 157
MOVE B80 200
DAMAGE TURRET A8 2
DAMAGE TURRET B60 1
DAMAGE COMBAT A13 1
DAMAGE COMBAT A37 7
DAMAGE COMBAT B31 1
SIEGE B 146 10
END TURN 192
TURN 193
COMMAND LEFT START
MOVE A47 121
MOVE A46 121
TRAIN 1
COMMAND LEFT END
COMMAND RIGHT START
TRAIN 2
COMMAND RIGHT END
TURN 193 RESULT
TIME LEFT 0 5 RIGHT 0 5
TRAIN A48 B90 B91
MOVE A36 136
MOVE A41 121
MOVE A42 121
MOVE A43 104
MOVE A44 30
MOVE A45 22
MOVE A46 9
MOVE A47 9
MOVE B41 233
MOVE B43 233
MOVE B80 184
DAMAGE TURRET A8 2
DAMAGE COMBAT A37 1
DAMAGE COMBAT B31 1
SIEGE B 146 1
END TURN 193
TURN 194
COMMAND LEFT START
MOVE A9 121
MOVE A26 121
MOVE A27 121
MOVE A28 121
MOVE A29 121
MOVE A30 121
MOVE A32 121
MOVE A48 121
UPGRADE 146
COMMAND LEFT END
COMMAND RIGHT START
TRAIN 2
COMMAND RIGHT END
TURN 194 RESULT
TIME LEFT 0 5 RIGHT 0 5
UPGRADE A 146
TRAIN B92 B93
MOVE A9 124
MOVE A26 124
MOVE A27 124
MOVE A28 124
MOVE A29 124
MOVE A30 124
MOVE A32 124
MOVE A36 148
MOVE A43 121
MOVE A44 46
MOVE A45 30
MOVE A46 22
MOVE A47 22
MOVE A48 9
MOVE B31 146
MOVE B40 146
MOVE B41 242
MOVE B43 242
MOVE B44 146
MOVE B45 146
MOVE B46 146
MOVE B47 146
MOVE B48 146
MOVE B80 174
DAMAGE TURRET B31 1
DAMAGE COMBAT A33 7
DAMAGE COMBAT B31 2
END TURN 194
TURN 195
COMMAND LEFT START
MOVE A38 146
MOVE A39 146
MOVE A40 146
MOVE A41 146
MOVE A42 146
COMMAND LEFT END
COMMAND RIGHT START
TRAIN 2
COMMAND RIGHT END
TURN 195 RESULT
TIME LEFT 0 5 RIGHT 0 5
TRAIN B94 B95
MOVE A9 121
MOVE A26 121
MOVE A27 121
MOVE A28 121
MOVE A29 121
MOVE A30 121
MOVE A32 121
MOVE A36 151
MOVE A38 124
MOVE A39 124
MOVE A40 124
MOVE A41 124
MOVE A42 124
MOVE A44 67
MOVE A45 46
MOVE A46 30
MOVE A47 30
MOVE A48 22
MOVE B80 159
DAMAGE TURRET B31 1
DAMAGE COMBAT A33 1
DAMAGE COMBAT A35 6
DAMAGE COMBAT B31 1
DAMAGE COMBAT B40 1
END TURN 195
TURN 196
COMMAND LEFT START
MOVE A43 129
MOVE A32 129
MOVE A30 129
MOVE A29 129
MOVE A28 129
MOVE A27 129
MOVE A26 129
MOVE A9 129
COMMAND LEFT END
COMMAND RIGHT START
MOVE B41 155
MOVE B43 155
MOVE B49 155
MOVE B50 155
MOVE B51 155
TRAIN 2
COMMAND RIGHT END
TURN 196 RESULT
TIME LEFT 0 5 RIGHT 0 5
TRAIN B96 B97
MOVE A9 124
MOVE A26 124
MOVE A27 124
MOVE A28 124
MOVE A29 124
MOVE A30 124
MOVE A32 124
MOVE A36 164
MOVE A38 146
MOVE A39 146
MOVE A40 146
MOVE A41 146
MOVE A42 146
MOVE A43 124
MOVE A44 76
MOVE A45 67
MOVE A46 46
MOVE A47 46
MOVE A48 30
MOVE B41 233
MOVE B43 233
MOVE B49 233
MOVE B50 233
MOVE B51 233
MOVE B80 141
DAMAGE TURRET B40 1
DAMAGE COMBAT A35 2
DAMAGE COMBAT A38 4
DAMAGE COMBAT B40 5
DAMAGE COMBAT B44 1
END TURN 196
TURN 197
COMMAND LEFT START
MOVE A4 121
TRAIN 1
COMMAND LEFT END
COMMAND RIGHT START
TRAIN 2
COMMAND RIGHT END
TURN 197 RESULT
TIME LEFT 0 5 RIGHT 0 5
TRAIN A49 B98 B99
MOVE A4 9
MOVE A9 123
MOVE A26 123
MOVE A27 123
MOVE A28 123
MOVE A29 123
MOVE A30 123
MOVE A32 123
MOVE A36 158
MOVE A43 123
MOVE A44 92
MOVE A45 76
MOVE A46 67
MOVE A47 67
MOVE A48 46
MOVE B41 220
MOVE B43 220
MOVE B49 220
MOVE B50 220
MOVE B51 220
MOVE B80 130
DAMAGE TURRET B44 1
DAMAGE COMBAT A38 4
DAMAGE COMBAT A39 1
DAMAGE COMBAT B44 5
END TURN 197
TURN 198
COMMAND LEFT START
MOVE A6 121
TRAIN 1
COMMAND LEFT END
COMMAND RIGHT START
TRAIN 1
COMMAND RIGHT END
TURN 198 RESULT
TIME LEFT 0 5 RIGHT 0 5
TRAIN A50 B100
MOVE A4 22
MOVE A6 9
MOVE A9 127
MOVE A26 127
MOVE A27 127
MOVE A28 127
MOVE A29 127
MOVE A30 127
MOVE A32 127
MOVE A36 161
MOVE A43 127
MOVE A44 104
MOVE A45 92
MOVE A46 76
MOVE A47 76
MOVE A48 67
MOVE B41 202
MOVE B43 202
MOVE B49 202
MOVE B50 202
MOVE B51 202
MOVE B80 114
DAMAGE TURRET A36 2
DAMAGE TURRET B45 1
DAMAGE COMBAT A36 3
DAMAGE COMBAT A39 4
DAMAGE COMBAT B10 1
DAMAGE COMBAT B45 4
END TURN 198
TURN 199
COMMAND LEFT START
MOVE A7 121
TRAIN 1
COMMAND LEFT END
COMMAND RIGHT START
UPGRADE 242
COMMAND RIGHT END
TURN 199 RESULT
TIME LEFT 0 5 RIGHT 0 5
UPGRADE B 242
TRAIN A51
MOVE A4 30
MOVE A6 22
MOVE A7 9
MOVE A9 136
MOVE A26 136
MOVE A27 136
MOVE A28 136
MOVE A29 136
MOVE A30 136
MOVE A32 136
MOVE A43 136
MOVE A44 121
MOVE A45 104
MOVE A46 92
MOVE A47 92
MOVE A48 76
MOVE B41 196
MOVE B43 196
MOVE B49 196
MOVE B50 196
MOVE B51 196
MOVE B80 107
DAMAGE TURRET A36 2
DAMAGE TURRET B45 1
DAMAGE COMBAT A36 1
DAMAGE COMBAT A39 3
DAMAGE COMBAT A40 1
DAMAGE COMBAT B10 1
DAMAGE COMBAT B45 1
DAMAGE COMBAT B46 3
END TURN 199
TURN 200
COMMAND LEFT START
TRAIN 2
COMMAND LEFT END
COMMAND RIGHT START
COMMAND RIGHT END
TURN 200 RESULT
TIME LEFT 0 5 RIGHT 0 5
TRAIN A52 A53
MOVE A4 46
MOVE A6 30
MOVE A7 22
MOVE A9 129
MOVE A26 129
MOVE A27 129
MOVE A28 129
MOVE A29 129
MOVE A30 129
MOVE A32 129
MOVE A43 129
MOVE A45 121
MOVE A46 104
MOVE A47 104
MOVE A48 92
MOVE B41 180
MOVE B43 180
MOVE B49 180
MOVE B50 180
MOVE B51 180
MOVE B80 81
DAMAGE TURRET A9 2
DAMAGE TURRET B46 1
DAMAGE TURRET B80 1
DAMAGE COMBAT A9 3
DAMAGE COMBAT A23 1
DAMAGE COMBAT A40 3
DAMAGE COMBAT B36 3
DAMAGE COMBAT B38 5
DAMAGE COMBAT B46 3
DAMAGE COMBAT B80 1
END TURN 200
TURN 201
COMMAND LEFT START
MOVE A53 121
MOVE A52 121
TRAIN 1
COMMAND LEFT END
COMMAND RIGHT START
MOVE B18 129
MOVE B27 129
MOVE B33 129
MOVE B34 129
MOVE B35 129
MOVE B37 129
COMMAND RIGHT END
TURN 201 RESULT
TIME LEFT 0 5 RIGHT 0 5
TRAIN A54
MOVE A4 67
MOVE A6 46
MOVE A7 30
MOVE A46 121
MOVE A47 121
MOVE A48 104
MOVE A52 9
MOVE A53 9
MOVE B18 168
MOVE B27 168
MOVE B33 148
MOVE B34 148
MOVE B35 148
MOVE B37 168
MOVE B41 169
MOVE B43 169
MOVE B49 169
MOVE B50 169
MOVE B51 169
DAMAGE TURRET A9 2
DAMAGE TURRET B47 1
DAMAGE TURRET B80 1
DAMAGE COMBAT A9 1
DAMAGE COMBAT A23 1
DAMAGE COMBAT A26 1
DAMAGE COMBAT A40 2
DAMAGE COMBAT B38 2
DAMAGE COMBAT B39 6
DAMAGE COMBAT B47 3
DAMAGE COMBAT B80 1
END TURN 201
TURN 202
COMMAND LEFT START
MOVE A54 121
TRAIN 2
COMMAND LEFT END
COMMAND RIGHT START
COMMAND RIGHT END
TURN 202 RESULT
TIME LEFT 0 5 RIGHT 0 5
TRAIN A55 A56
MOVE A4 76
MOVE A6 67
MOVE A7 46
MOVE A48 121
MOVE A52 22
MOVE A53 22
MOVE A54 9
MOVE B18 148
MOVE B27 148
MOVE B33 129
MOVE B34 129
MOVE B35 129
MOVE B37 148
MOVE B41 155
MOVE B43 155
MOVE B49 155
MOVE B50 155
MOVE B51 155
DAMAGE TURRET A26 2
DAMAGE TURRET B47 1
DAMAGE TURRET B80 1
DAMAGE COMBAT A23 1
DAMAGE COMBAT A26 4
DAMAGE COMBAT A40 2
DAMAGE COMBAT B33 6
DAMAGE COMBAT B39 1
DAMAGE COMBAT B47 2
DAMAGE COMBAT B48 1
DAMAGE COMBAT B80 1
END TURN 202
TURN 203
COMMAND LEFT START
MOVE A56 121
MOVE A55 121
TRAIN 1
COMMAND LEFT END
COMMAND RIGHT START
MOVE B41 129
MOVE B52 155
MOVE B53 155
MOVE B54 155
MOVE B55 155
MOVE B56 155
MOVE B57 155
MOVE B58 155
TRAIN 2
COMMAND RIGHT END
TURN 203 RESULT
TIME LEFT 0 5 RIGHT 0 5
TRAIN A57 B101 B102
MOVE A4 92
MOVE A6 76
MOVE A7 67
MOVE A52 30
MOVE A53 30
MOVE A54 22
MOVE A55 9
MOVE A56 9
MOVE B18 129
MOVE B27 129
MOVE B37 129
MOVE B41 148
MOVE B52 233
MOVE B53 233
MOVE B54 233
MOVE B55 233
MOVE B56 233
MOVE B57 233
MOVE B58 233
DAMAGE TURRET A26 1
DAMAGE TURRET A27 1
DAMAGE TURRET B48 1
DAMAGE TURRET B80 1
DAMAGE COMBAT A23 1
DAMAGE COMBAT A27 6
DAMAGE COMBAT A41 1
DAMAGE COMBAT B18 6
DAMAGE COMBAT B33 1
DAMAGE COMBAT B48 2
END TURN 203
TURN 204
COMMAND LEFT START
MOVE A57 121
TRAIN 1
COMMAND LEFT END
COMMAND RIGHT START
MOVE B101 177
MOVE B102 177
TRAIN 2
COMMAND RIGHT END
TURN 204 RESULT
TIME LEFT 0 5 RIGHT 0 5
TRAIN A58 B103 B104
MOVE A4 104
MOVE A6 92
MOVE A7 76
MOVE A52 46
MOVE A53 46
MOVE A54 30
MOVE A55 22
MOVE A56 22
MOVE A57 9
MOVE B41 129
MOVE B52 220
MOVE B53 220
MOVE B54 220
MOVE B55 220
MOVE B56 220
MOVE B57 220
MOVE B58 220
MOVE B101 233
MOVE B102 233
DAMAGE TURRET A27 1
DAMAGE TURRET A28 1
DAMAGE TURRET B48 1
DAMAGE COMBAT A28 5
DAMAGE COMBAT A41 1
DAMAGE COMBAT B27 6
DAMAGE COMBAT B48 2
END TURN 204
TURN 205
COMMAND LEFT START
MOVE A58 121
MOVE A42 121
TRAIN 2
COMMAND LEFT END
COMMAND RIGHT START
MOVE B103 177
MOVE B104 65
TRAIN 2
COMMAND RIGHT END
TURN 205 RESULT
TIME LEFT 0 5 RIGHT 0 5
TRAIN A59 A60 B105 B106
MOVE A4 121
MOVE A6 104
MOVE A7 92
MOVE A42 124
MOVE A52 67
MOVE A53 67
MOVE A54 46
MOVE A55 30
MOVE A56 30
MOVE A57 22
MOVE A58 9
MOVE B52 202
MOVE B53 202
MOVE B54 202
MOVE B55 202
MOVE B56 202
MOVE B57 202
MOVE B58 202
MOVE B101 220
MOVE B102 220
MOVE B103 233
MOVE B104 238
DAMAGE TURRET A28 2
DAMAGE COMBAT A29 4
DAMAGE COMBAT B34 5
END TURN 205
TURN 206
COMMAND LEFT START
MOVE A60 121
MOVE A59 121
TRAIN 1
COMMAND LEFT END
COMMAND RIGHT START
TRAIN 2
COMMAND RIGHT END
TURN 206 RESULT
TIME LEFT 0 5 RIGHT 0 5
TRAIN A61 B107 B108
MOVE A6 121
MOVE A7 104
MOVE A42 121
MOVE A52 76
MOVE A53 76
MOVE A54 67
MOVE A55 46
MOVE A56 46
MOVE A57 30
MOVE A58 22
MOVE A59 9
MOVE A60 9
MOVE B52 196
MOVE B53 196
MOVE B54 196
MOVE B55 196
MOVE B56 196
MOVE B57 196
MOVE B58 196
MOVE B101 212
MOVE B102 212
MOVE B103 220
MOVE B104 229
DAMAGE TURRET A29 2
DAMAGE COMBAT A29 2
DAMAGE COMBAT A30 2
DAMAGE COMBAT B34 2
DAMAGE COMBAT B35 2
END TURN 206
TURN 207
COMMAND LEFT START
MOVE A61 121
TRAIN 1
COMMAND LEFT END
COMMAND RIGHT START
TRAIN 2
COMMAND RIGHT END
TURN 207 RESULT
TIME LEFT 0 5 RIGHT 0 5
TRAIN A62 B109 B110
MOVE A7 121
MOVE A52 92
MOVE A53 92
MOVE A54 76
MOVE A55 67
MOVE A56 67
MOVE A57 46
MOVE A58 30
MOVE A59 22
MOVE A60 22
MOVE A61 9
MOVE B52 180
MOVE B53 180
MOVE B54 180
MOVE B55 180
MOVE B56 180
MOVE B57 180
MOVE B58 180
MOVE B101 209
MOVE B102 209
MOVE B103 212
MOVE B104 213
DAMAGE TURRET A30 2
DAMAGE COMBAT A30 3
DAMAGE COMBAT B35 3
END TURN 207
TURN 208
COMMAND LEFT START
MOVE A62 121
TRAIN 2
COMMAND LEFT END
COMMAND RIGHT START
TRAIN 1
COMMAND RIGHT END
TURN 208 RESULT
TIME LEFT 0 5 RIGHT 0 5
TRAIN A63 A64 B111
MOVE A52 104
MOVE A53 104
MOVE A54 92
MOVE A55 76
MOVE A56 76
MOVE A57 67
MOVE A58 46
MOVE A59 30
MOVE A60 30
MOVE A61 22
MOVE A62 9
MOVE B52 169
MOVE B53 169
MOVE B54 169
MOVE B55 169
MOVE B56 169
MOVE B57 169
MOVE B58 169
MOVE B101 195
MOVE B102 195
MOVE B103 209
MOVE B104 199
DAMAGE TURRET A30 1
DAMAGE TURRET A32 1
DAMAGE COMBAT A32 3
DAMAGE COMBAT B35 2
DAMAGE COMBAT B37 1
END TURN 208
TURN 209
COMMAND LEFT START
MOVE A64 121
MOVE A63 121
TRAIN 1
COMMAND LEFT END
COMMAND RIGHT START
MOVE B111 129
TRAIN 2
COMMAND RIGHT END
TURN 209 RESULT
TIME LEFT 0 5 RIGHT 0 5
TRAIN A65 B112 B113
MOVE A52 121
MOVE A53 121
MOVE A54 104
MOVE A55 92
MOVE A56 92
MOVE A57 76
MOVE A58 67
MOVE A59 46
MOVE A60 46
MOVE A61 30
MOVE A62 22
MOVE A63 9
MOVE A64 9
MOVE B52 155
MOVE B53 155
MOVE B54 155
MOVE B55 155
MOVE B56 155
MOVE B57 155
MOVE B58 155
MOVE B101 177
MOVE B102 177
MOVE B103 195
MOVE B104 183
MOVE B111 233
DAMAGE TURRET A32 2
DAMAGE COMBAT A32 2
DAMAGE COMBAT B37 2
END TURN 209
TURN 210
COMMAND LEFT START
MOVE A65 121
TRAIN 2
COMMAND LEFT END
COMMAND RIGHT START
MOVE B51 242
MOVE B52 242
MOVE B53 242
MOVE B54 242
MOVE B55 242
MOVE B56 242
MOVE B57 242
MOVE B58 242
TRAIN 2
COMMAND RIGHT END
TURN 210 RESULT
TIME LEFT 0 5 RIGHT 0 5
TRAIN A66 A67 B114 B115
MOVE A54 121
MOVE A55 104
MOVE A56 104
MOVE A57 92
MOVE A58 76
MOVE A59 67
MOVE A60 67
MOVE A61 46
MOVE A62 30
MOVE A63 22
MOVE A64 22
MOVE A65 9
MOVE B51 169
MOVE B52 169
MOVE B53 169
MOVE B54 169
MOVE B55 169
MOVE B56 169
MOVE B57 169
MOVE B58 169
MOVE B103 177
MOVE B104 172
MOVE B111 220
DAMAGE TURRET A43 2
DAMAGE COMBAT A43 2
DAMAGE COMBAT B37 1
END TURN 210
TURN 211
COMMAND LEFT START
MOVE A67 121
MOVE A66 121
TRAIN 1
COMMAND LEFT END
COMMAND RIGHT START
TRAIN 1
COMMAND RIGHT END
TURN 211 RESULT
TIME LEFT 0 5 RIGHT 0 5
TRAIN A68 B116
MOVE A55 121
MOVE A56 121
MOVE A57 104
MOVE A58 92
MOVE A59 76
MOVE A60 76
MOVE A61 67
MOVE A62 46
MOVE A63 30
MOVE A64 30
MOVE A65 22
MOVE A66 9
MOVE A67 9
MOVE B51 180
MOVE B52 180
MOVE B53 180
MOVE B54 180
MOVE B55 180
MOVE B56 180
MOVE B57 180
MOVE B58 180
MOVE B104 149
MOVE B111 202
DAMAGE TURRET A43 2
DAMAGE COMBAT A43 2
DAMAGE COMBAT B37 1
END TURN 211
TURN 212
COMMAND LEFT START
MOVE A56 129
MOVE A55 129
MOVE A54 129
MOVE A53 129
MOVE A52 129
MOVE A48 129
MOVE A47 129
MOVE A46 129
MOVE A45 129
MOVE A44 129
MOVE A42 129
MOVE A7 129
MOVE A6 129
MOVE A4 129
COMMAND LEFT END
COMMAND RIGHT START
COMMAND RIGHT END
TURN 212 RESULT
TIME LEFT 0 5 RIGHT 0 5
MOVE A4 124
MOVE A6 124
MOVE A7 124
MOVE A42 124
MOVE A44 124
MOVE A45 124
MOVE A46 124
MOVE A47 124
MOVE A48 124
MOVE A52 124
MOVE A53 124
MOVE A54 124
MOVE A55 124
MOVE A56 124
MOVE A57 121
MOVE A58 104
MOVE A59 92
MOVE A60 92
MOVE A61 76
MOVE A62 67
MOVE A63 46
MOVE A64 46
MOVE A65 30
MOVE A66 22
MOVE A67 22
MOVE B51 196
MOVE B52 196
MOVE B53 196
MOVE B54 196
MOVE B55 196
MOVE B56 196
MOVE B57 196
MOVE B58 196
MOVE B104 131
MOVE B111 196
END TURN 212
TURN 213
COMMAND LEFT START
MOVE A68 121
TRAIN 1
COMMAND LEFT END
COMMAND RIGHT START
COMMAND RIGHT END
TURN 213 RESULT
TIME LEFT 0 5 RIGHT 0 5
TRAIN A69
MOVE A4 123
MOVE A6 123
MOVE A7 123
MOVE A42 123
MOVE A44 123
MOVE A45 123
MOVE A46 123
MOVE A47 123
MOVE A48 123
MOVE A52 123
MOVE A53 123
MOVE A54 123
MOVE A55 123
MOVE A56 123
MOVE A58 121
MOVE A59 104
MOVE A60 104
MOVE A61 92
MOVE A62 76
MOVE A63 67
MOVE A64 67
MOVE A65 46
MOVE A66 30
MOVE A67 30
MOVE A68 9
MOVE B51 202
MOVE B52 202
MOVE B53 202
MOVE B54 202
MOVE B55 202
MOVE B56 202
MOVE B57 202
MOVE B58 202
MOVE B104 115
MOVE B111 180
END TURN 213
TURN 214
COMMAND LEFT START
MOVE A69 121
TRAIN 2
COMMAND LEFT END
COMMAND RIGHT START
COMMAND RIGHT END
TURN 214 RESULT
TIME LEFT 0 5 RIGHT 0 5
TRAIN A70 A71
MOVE A4 127
MOVE A6 127
MOVE A7 127
MOVE A42 127
MOVE A44 127
MOVE A45 127
MOVE A46 127
MOVE A47 127
MOVE A48 127
MOVE A52 127
MOVE A53 127
MOVE A54 127
MOVE A55 127
MOVE A56 127
MOVE A59 121
MOVE A60 121
MOVE A61 104
MOVE A62 92
MOVE A63 76
MOVE A64 76
MOVE A65 67
MOVE A66 46
MOVE A67 46
MOVE A68 22
MOVE A69 9
MOVE B51 220
MOVE B52 220
MOVE B53 220
MOVE B54 220
MOVE B55 220
MOVE B56 220
MOVE B57 220
MOVE B58 220
MOVE B104 106
MOVE B111 169
END TURN 214
TURN 215
COMMAND LEFT START
MOVE A60 174
MOVE A71 121
MOVE A70 121
COMMAND LEFT END
COMMAND RIGHT START
COMMAND RIGHT END
TURN 215 RESULT
TIME LEFT 0 5 RIGHT 0 5
MOVE A4 136
MOVE A6 136
MOVE A7 136
MOVE A42 136
MOVE A44 136
MOVE A45 136
MOVE A46 136
MOVE A47 136
MOVE A48 136
MOVE A52 136
MOVE A53 136
MOVE A54 136
MOVE A55 136
MOVE A56 136
MOVE A60 137
MOVE A61 121
MOVE A62 104
MOVE A63 92
MOVE A64 92
MOVE A65 76
MOVE A66 67
MOVE A67 67
MOVE A68 30
MOVE A69 22
MOVE A70 9
MOVE A71 9
MOVE B51 233
MOVE B52 233
MOVE B53 233
MOVE B54 233
MOVE B55 233
MOVE B56 233
MOVE B57 233
MOVE B58 233
MOVE B104 87
MOVE B111 156
DAMAGE TURRET B104 1
DAMAGE COMBAT A13 1
DAMAGE COMBAT B104 1
END TURN 215
TURN 216
COMMAND LEFT START
MOVE A61 177
COMMAND LEFT END
COMMAND RIGHT START
COMMAND RIGHT END
TURN 216 RESULT
TIME LEFT 0 5 RIGHT 0 5
MOVE A4 129
MOVE A6 129
MOVE A7 129
MOVE A42 129
MOVE A44 129
MOVE A45 129
MOVE A46 129
MOVE A47 129
MOVE A48 129
MOVE A52 129
MOVE A53 129
MOVE A54 129
MOVE A55 129
MOVE A56 129
MOVE A60 149
MOVE A61 138
MOVE A62 121
MOVE A63 104
MOVE A64 104
MOVE A65 92
MOVE A66 76
MOVE A67 76
MOVE A68 46
MOVE A69 30
MOVE A70 22
MOVE A71 22
MOVE B51 242
MOVE B52 242
MOVE B53 242
MOVE B54 242
MOVE B55 242
MOVE B56 242
MOVE B57 242
MOVE B58 242
MOVE B111 136
DAMAGE TURRET A4 2
DAMAGE TURRET B104 1
DAMAGE COMBAT A4 2
DAMAGE COMBAT A13 1
DAMAGE COMBAT B37 2
DAMAGE COMBAT B41 7
DAMAGE COMBAT B104 1
SIEGE B 129 5
END TURN 216
TURN 217
COMMAND LEFT START
TRAIN 3
COMMAND LEFT END
COMMAND RIGHT START
TRAIN 2
COMMAND RIGHT END
TURN 217 RESULT
TIME LEFT 0 5 RIGHT 0 5
TRAIN A72 A73 A74 B117 B118
MOVE A60 154
MOVE A61 150
MOVE A63 121
MOVE A64 121
MOVE A65 104
MOVE A66 92
MOVE A67 92
MOVE A68 67
MOVE A69 46
MOVE A70 30
MOVE A71 30
MOVE B111 129
DAMAGE TURRET A6 2
DAMAGE TURRET B104 1
DAMAGE COMBAT A6 1
DAMAGE COMBAT A13 1
DAMAGE COMBAT B104 1
DAMAGE COMBAT B111 8
SIEGE B 129 5
END TURN 217
TURN 218
COMMAND LEFT START
MOVE A64 161
MOVE A74 121
MOVE A73 121
MOVE A72 121
COMMAND LEFT END
COMMAND RIGHT START
MOVE B117 121
MOVE B118 129
TRAIN 1
COMMAND RIGHT END
TURN 218 RESULT
TIME LEFT 0 5 RIGHT 0 5
TRAIN B119
MOVE A60 174
MOVE A61 157
MOVE A64 124
MOVE A65 121
MOVE A66 104
MOVE A67 104
MOVE A68 76
MOVE A69 67
MOVE A70 46
MOVE A71 46
MOVE A72 9
MOVE A73 9
MOVE A74 9
MOVE B117 233
MOVE B118 233
DAMAGE TURRET A6 1
DAMAGE TURRET A7 1
DAMAGE TURRET A60 2
DAMAGE TURRET B104 1
DAMAGE COMBAT A13 1
DAMAGE COMBAT A60 3
DAMAGE COMBAT B5 1
DAMAGE COMBAT B104 1
SIEGE B 129 8
END TURN 218
TURN 219
COMMAND LEFT START
MOVE A57 87
MOVE A7 121
MOVE A42 121
MOVE A44 121
MOVE A45 121
MOVE A46 121
MOVE A47 121
MOVE A48 121
MOVE A52 121
MOVE A53 121
MOVE A54 121
UPGRADE 129
COMMAND LEFT END
COMMAND RIGHT START
MOVE B119 31
COMMAND RIGHT END
TURN 219 RESULT
TIME LEFT 0 5 RIGHT 0 5
UPGRADE A 129
MOVE A7 136
MOVE A42 136
MOVE A44 136
MOVE A45 136
MOVE A46 136
MOVE A47 136
MOVE A48 136
MOVE A52 136
MOVE A53 136
MOVE A54 136
MOVE A57 118
MOVE A61 169
MOVE A64 123
MOVE A66 121
MOVE A67 121
MOVE A68 92
MOVE A69 76
MOVE A70 67
MOVE A71 67
MOVE A72 22
MOVE A73 22
MOVE A74 22
MOVE B117 220
MOVE B118 220
MOVE B119 233
DAMAGE TURRET A60 2
DAMAGE COMBAT A60 1
DAMAGE COMBAT B5 1
END TURN 219
TURN 220
COMMAND LEFT START
MOVE A58 87
MOVE A67 174
MOVE A56 121
COMMAND LEFT END
COMMAND RIGHT START
COMMAND RIGHT END
TURN 220 RESULT
TIME LEFT 0 5 RIGHT 0 5
MOVE A7 127
MOVE A42 127
MOVE A44 127
MOVE A45 127
MOVE A46 127
MOVE A47 127
MOVE A48 127
MOVE A52 127
MOVE A53 127
MOVE A54 127
MOVE A56 136
MOVE A57 96
MOVE A58 118
MOVE A61 177
MOVE A64 127
MOVE A67 137
MOVE A68 104
MOVE A69 92
MOVE A70 76
MOVE A71 76
MOVE A72 30
MOVE A73 30
MOVE A74 30
MOVE B117 202
MOVE B118 202
MOVE B119 220
DAMAGE TURRET A61 2
DAMAGE COMBAT A61 3
DAMAGE COMBAT B101 1
END TURN 220
TURN 221
COMMAND LEFT START
MOVE A59 87
TRAIN 1
COMMAND LEFT END
COMMAND RIGHT START
COMMAND RIGHT END
TURN 221 RESULT
TIME LEFT 0 5 RIGHT 0 5
TRAIN A75
MOVE A7 123
MOVE A42 123
MOVE A44 123
MOVE A45 123
MOVE A46 123
MOVE A47 123
MOVE A48 123
MOVE A52 123
MOVE A53 123
MOVE A54 123
MOVE A56 127
MOVE A57 86
MOVE A58 96
MOVE A59 118
MOVE A64 136
MOVE A67 149
MOVE A68 121
MOVE A69 104
MOVE A70 92
MOVE A71 92
MOVE A72 46
MOVE A73 46
MOVE A74 46
MOVE B117 196
MOVE B118 196
MOVE B119 202
DAMAGE TURRET A61 2
DAMAGE COMBAT A61 1
DAMAGE COMBAT B101 1
END TURN 221
TURN 222
COMMAND LEFT START
MOVE A62 87
MOVE A68 177
MOVE A75 121
COMMAND LEFT END
COMMAND RIGHT START
COMMAND RIGHT END
TURN 222 RESULT
TIME LEFT 0 5 RIGHT 0 5
MOVE A7 124
MOVE A42 124
MOVE A44 124
MOVE A45 124
MOVE A46 124
MOVE A47 124
MOVE A48 124
MOVE A52 124
MOVE A53 124
MOVE A54 124
MOVE A56 123
MOVE A57 87
MOVE A58 86
MOVE A59 96
MOVE A62 118
MOVE A64 148
MOVE A67 154
MOVE A68 138
MOVE A69 121
MOVE A70 104
MOVE A71 104
MOVE A72 67
MOVE A73 67
MOVE A74 67
MOVE A75 9
MOVE B117 175
MOVE B118 180
MOVE B119 196
END TURN 222
TURN 223
COMMAND LEFT START
TRAIN 2
COMMAND LEFT END
COMMAND RIGHT START
COMMAND RIGHT END
TURN 223 RESULT
TIME LEFT 0 5 RIGHT 0 5
TRAIN A76 A77
MOVE A7 121
MOVE A42 121
MOVE A44 121
MOVE A45 121
MOVE A46 121
MOVE A47 121
MOVE A48 121
MOVE A52 121
MOVE A53 121
MOVE A54 121
MOVE A56 124
MOVE A58 87
MOVE A59 86
MOVE A62 96
MOVE A64 151
MOVE A67 174
MOVE A68 150
MOVE A70 121
MOVE A71 121
MOVE A72 76
MOVE A73 76
MOVE A74 76
MOVE A75 22
MOVE B117 166
MOVE B118 169
MOVE B119 180
DAMAGE TURRET A67 2
DAMAGE COMBAT A67 2
DAMAGE COMBAT B17 1
END TURN 223
TURN 224
COMMAND LEFT START
MOVE A71 155
MOVE A70 155
MOVE A69 155
MOVE A66 155
MOVE A65 155
MOVE A63 155
MOVE A54 155
MOVE A53 155
MOVE A52 155
MOVE A48 155
MOVE A47 155
MOVE A46 155
MOVE A45 155
MOVE A44 155
MOVE A42 155
MOVE A7 155
COMMAND LEFT END
COMMAND RIGHT START
COMMAND RIGHT END
TURN 224 RESULT
TIME LEFT 0 5 RIGHT 0 5
MOVE A7 124
MOVE A42 124
MOVE A44 124
MOVE A45 124
MOVE A46 124
MOVE A47 124
MOVE A48 124
MOVE A52 124
MOVE A53 124
MOVE A54 124
MOVE A56 121
MOVE A59 87
MOVE A62 86
MOVE A63 124
MOVE A64 164
MOVE A65 124
MOVE A66 124
MOVE A68 157
MOVE A69 124
MOVE A70 124
MOVE A71 124
MOVE A72 92
MOVE A73 92
MOVE A74 92
MOVE A75 30
MOVE B117 150
MOVE B118 156
MOVE B119 157
DAMAGE TURRET A67 2
DAMAGE COMBAT A67 2
DAMAGE COMBAT A68 1
DAMAGE COMBAT B17 1
DAMAGE COMBAT B119 1
END TURN 224
TURN 225
COMMAND LEFT START
MOVE A57 146
MOVE A58 146
MOVE A24 146
MOVE A77 121
TRAIN 2
COMMAND LEFT END
COMMAND RIGHT START
COMMAND RIGHT END
TURN 225 RESULT
TIME LEFT 0 5 RIGHT 0 5
TRAIN A78 A79
MOVE A7 146
MOVE A24 4
MOVE A42 146
MOVE A44 146
MOVE A45 146
MOVE A46 146
MOVE A47 146
MOVE A48 146
MOVE A52 146
MOVE A53 146
MOVE A54 146
MOVE A57 86
MOVE A58 86
MOVE A62 87
MOVE A63 146
MOVE A64 158
MOVE A65 146
MOVE A66 146
MOVE A69 146
MOVE A70 146
MOVE A71 146
MOVE A72 104
MOVE A73 104
MOVE A74 104
MOVE A75 46
MOVE A77 9
MOVE B117 138
MOVE B118 136
DAMAGE COMBAT A68 1
DAMAGE COMBAT B119 1
END TURN 225
TURN 226
COMMAND LEFT START
MOVE A79 174
MOVE A78 121
MOVE A62 121
COMMAND LEFT END
COMMAND RIGHT START
COMMAND RIGHT END
TURN 226 RESULT
TIME LEFT 0 5 RIGHT 0 5
MOVE A7 156
MOVE A24 13
MOVE A42 156
MOVE A44 156
MOVE A45 156
MOVE A46 156
MOVE A47 156
MOVE A48 156
MOVE A52 156
MOVE A53 156
MOVE A54 156
MOVE A57 96
MOVE A58 96
MOVE A62 86
MOVE A63 156
MOVE A64 161
MOVE A65 156
MOVE A66 156
MOVE A69 156
MOVE A70 156
MOVE A71 156
MOVE A72 121
MOVE A73 121
MOVE A74 121
MOVE A75 67
MOVE A77 22
MOVE A78 9
MOVE A79 9
MOVE B117 121
MOVE B118 129
DAMAGE TURRET A64 2
DAMAGE TURRET B117 1
DAMAGE TURRET B118 1
DAMAGE COMBAT A55 1
DAMAGE COMBAT A56 1
DAMAGE COMBAT A64 3
DAMAGE COMBAT A68 1
DAMAGE COMBAT B10 1
DAMAGE COMBAT B117 4
DAMAGE COMBAT B118 1
DAMAGE COMBAT B119 1
END TURN 226
TURN 227
COMMAND LEFT START
TRAIN 3
COMMAND LEFT END
COMMAND RIGHT START
COMMAND RIGHT END
TURN 227 RESULT
TIME LEFT 0 5 RIGHT 0 5
TRAIN A80 A81 A82
MOVE A7 155
MOVE A24 29
MOVE A42 155
MOVE A44 155
MOVE A45 155
MOVE A46 155
MOVE A47 155
MOVE A48 155
MOVE A52 155
MOVE A53 155
MOVE A54 155
MOVE A57 118
MOVE A58 118
MOVE A62 96
MOVE A63 155
MOVE A65 155
MOVE A66 155
MOVE A69 155
MOVE A70 155
MOVE A71 155
MOVE A75 76
MOVE A77 30
MOVE A78 22
MOVE A79 22
DAMAGE TURRET A7 2
DAMAGE TURRET A64 2
DAMAGE TURRET B117 1
DAMAGE TURRET B118 1
DAMAGE COMBAT A7 3
DAMAGE COMBAT A55 1
DAMAGE COMBAT A56 1
DAMAGE COMBAT A64 1
DAMAGE COMBAT A68 1
DAMAGE COMBAT B10 1
DAMAGE COMBAT B43 7
DAMAGE COMBAT B49 7
DAMAGE COMBAT B50 2
DAMAGE COMBAT B117 2
DAMAGE COMBAT B118 1
DAMAGE COMBAT B119 1
END TURN 227
TURN 228
COMMAND LEFT START
MOVE A74 161
MOVE A82 121
MOVE A81 121
MOVE A80 121
COMMAND LEFT END
COMMAND RIGHT START
COMMAND RIGHT END
TURN 228 RESULT
TIME LEFT 0 5 RIGHT 0 5
MOVE A24 43
MOVE A57 121
MOVE A58 121
MOVE A62 118
MOVE A74 124
MOVE A75 92
MOVE A77 46
MOVE A78 30
MOVE A79 30
MOVE A80 9
MOVE A81 9
MOVE A82 9
DAMAGE TURRET A42 2
DAMAGE TURRET B118 1
DAMAGE COMBAT A42 1
DAMAGE COMBAT A55 1
DAMAGE COMBAT A68 1
DAMAGE COMBAT B50 5
DAMAGE COMBAT B118 1
DAMAGE COMBAT B119 1
SIEGE B 155 10
END TURN 228
TURN 229
COMMAND LEFT START
TRAIN 2
COMMAND LEFT END
COMMAND RIGHT START
COMMAND RIGHT END
TURN 229 RESULT
TIME LEFT 0 5 RIGHT 0 5
TRAIN A83 A84
MOVE A24 59
MOVE A57 124
MOVE A58 124
MOVE A62 121
MOVE A74 123
MOVE A75 104
MOVE A77 67
MOVE A78 46
MOVE A79 46
MOVE A80 22
MOVE A81 22
MOVE A82 22
DAMAGE TURRET A42 2
DAMAGE TURRET B118 1
DAMAGE COMBAT A55 1
DAMAGE COMBAT A68 1
DAMAGE COMBAT B118 1
DAMAGE COMBAT B119 1
SIEGE B 155 8
END TURN 229
TURN 230
COMMAND LEFT START
MOVE A42 121
MOVE A44 121
MOVE A45 121
MOVE A46 121
MOVE A47 121
MOVE A48 121
MOVE A52 121
MOVE A53 121
MOVE A54 121
MOVE A63 121
MOVE A65 121
MOVE A66 121
MOVE A69 121
MOVE A84 121
MOVE A83 121
UPGRADE 155
COMMAND LEFT END
COMMAND RIGHT START
COMMAND RIGHT END
TURN 230 RESULT
TIME LEFT 0 5 RIGHT 0 5
UPGRADE A 155
MOVE A24 70
MOVE A42 156
MOVE A44 156
MOVE A45 156
MOVE A46 156
MOVE A47 156
MOVE A48 156
MOVE A52 156
MOVE A53 156
MOVE A54 156
MOVE A57 146
MOVE A58 146
MOVE A63 156
MOVE A65 156
MOVE A66 156
MOVE A69 156
MOVE A74 127
MOVE A75 121
MOVE A77 76
MOVE A78 67
MOVE A79 62
MOVE A80 30
MOVE A81 30
MOVE A82 30
MOVE A83 9
MOVE A84 9
DAMAGE COMBAT A68 1
DAMAGE COMBAT B119 1
END TURN 230
TURN 231
COMMAND LEFT START
MOVE A58 121
MOVE A57 121
MOVE A71 121
COMMAND LEFT END
COMMAND RIGHT START
COMMAND RIGHT END
TURN 231 RESULT
TIME LEFT 0 5 RIGHT 0 5
MOVE A24 90
MOVE A42 146
MOVE A44 146
MOVE A45 146
MOVE A46 146
MOVE A47 146
MOVE A48 146
MOVE A52 146
MOVE A53 146
MOVE A54 146
MOVE A57 124
MOVE A58 124
MOVE A63 146
MOVE A65 146
MOVE A66 146
MOVE A69 146
MOVE A71 156
MOVE A74 136
MOVE A77 92
MOVE A78 76
MOVE A79 73
MOVE A80 46
MOVE A81 46
MOVE A82 46
MOVE A83 22
MOVE A84 22
DAMAGE COMBAT A68 1
DAMAGE COMBAT B119 1
END TURN 231
TURN 232
COMMAND LEFT START
COMMAND LEFT END
COMMAND RIGHT START
COMMAND RIGHT END
TURN 232 RESULT
TIME LEFT 0 5 RIGHT 0 5
MOVE A24 105
MOVE A42 124
MOVE A44 124
MOVE A45 124
MOVE A46 124
MOVE A47 124
MOVE A48 124
MOVE A52 124
MOVE A53 124
MOVE A54 124
MOVE A57 121
MOVE A58 121
MOVE A63 124
MOVE A65 124
MOVE A66 124
MOVE A69 124
MOVE A71 146
MOVE A74 148
MOVE A77 104
MOVE A78 92
MOVE A79 86
MOVE A80 67
MOVE A81 67
MOVE A82 67
MOVE A83 30
MOVE A84 30
END TURN 232
TURN 233
COMMAND LEFT START
MOVE A75 177
MOVE A73 177
MOVE A72 177
MOVE A62 177
MOVE A58 177
MOVE A57 177
MOVE A56 177
COMMAND LEFT END
COMMAND RIGHT START
COMMAND RIGHT END
TURN 233 RESULT
TIME LEFT 0 5 RIGHT 0 5
MOVE A24 123
MOVE A42 121
MOVE A44 121
MOVE A45 121
MOVE A46 121
MOVE A47 121
MOVE A48 121
MOVE A52 121
MOVE A53 121
MOVE A54 121
MOVE A56 138
MOVE A57 138
MOVE A58 138
MOVE A62 138
MOVE A63 121
MOVE A65 121
MOVE A66 121
MOVE A69 121
MOVE A71 124
MOVE A72 138
MOVE A73 138
MOVE A74 151
MOVE A75 138
MOVE A77 121
MOVE A78 104
MOVE A79 106
MOVE A80 76
MOVE A81 76
MOVE A82 76
MOVE A83 46
MOVE A84 46
END TURN 233
TURN 234
COMMAND LEFT START
TRAIN 3
COMMAND LEFT END
COMMAND RIGHT START
COMMAND RIGHT END
TURN 234 RESULT
TIME LEFT 0 5 RIGHT 0 5
TRAIN A85 A86 A87
MOVE A24 146
MOVE A56 150
MOVE A57 150
MOVE A58 150
MOVE A62 150
MOVE A71 121
MOVE A72 150
MOVE A73 150
MOVE A74 164
MOVE A75 150
MOVE A78 121
MOVE A79 120
MOVE A80 92
MOVE A81 92
MOVE A82 92
MOVE A83 67
MOVE A84 67
END TURN 234
TURN 235
COMMAND LEFT START
MOVE A78 197
MOVE A77 211
MOVE A41 121
MOVE A87 121
MOVE A86 121
MOVE A85 121
COMMAND LEFT END
COMMAND RIGHT START
COMMAND RIGHT END
TURN 235 RESULT
TIME LEFT 0 5 RIGHT 0 5
MOVE A41 124
MOVE A56 157
MOVE A57 157
MOVE A58 157
MOVE A62 157
MOVE A72 157
MOVE A73 157
MOVE A74 158
MOVE A75 157
MOVE A77 137
MOVE A78 124
MOVE A79 154
MOVE A80 104
MOVE A81 104
MOVE A82 104
MOVE A83 76
MOVE A84 76
MOVE A85 9
MOVE A86 9
MOVE A87 9
END TURN 235
TURN 236
COMMAND LEFT START
TRAIN 2
COMMAND LEFT END
COMMAND RIGHT START
MOVE B105 177
MOVE B106 177
MOVE B107 177
MOVE B108 177
MOVE B109 177
MOVE B110 177
MOVE B112 177
MOVE B113 177
MOVE B114 177
COMMAND RIGHT END
TURN 236 RESULT
TIME LEFT 0 5 RIGHT 0 5
TRAIN A88 A89
MOVE A41 121
MOVE A56 169
MOVE A57 169
MOVE A58 169
MOVE A62 169
MOVE A72 169
MOVE A73 169
MOVE A74 161
MOVE A75 169
MOVE A77 152
MOVE A78 146
MOVE A79 174
MOVE A80 121
MOVE A81 121
MOVE A82 121
MOVE A83 92
MOVE A84 92
MOVE A85 22
MOVE A86 22
MOVE A87 22
MOVE B105 233
MOVE B106 233
MOVE B107 233
MOVE B108 233
MOVE B109 233
MOVE B110 233
MOVE B112 233
MOVE B113 233
MOVE B114 233
DAMAGE TURRET A74 2
DAMAGE TURRET A79 2
DAMAGE COMBAT A74 2
DAMAGE COMBAT A79 2
DAMAGE COMBAT B16 1
DAMAGE COMBAT B17 1
END TURN 236
TURN 237
COMMAND LEFT START
MOVE A89 121
MOVE A88 121
TRAIN 2
COMMAND LEFT END
COMMAND RIGHT START
COMMAND RIGHT END
TURN 237 RESULT
TIME LEFT 0 5 RIGHT 0 5
TRAIN A90 A91
MOVE A56 177
MOVE A57 177
MOVE A58 177
MOVE A62 177
MOVE A72 177
MOVE A73 177
MOVE A75 177
MOVE A77 172
MOVE A78 156
MOVE A83 104
MOVE A84 104
MOVE A85 30
MOVE A86 30
MOVE A87 30
MOVE A88 9
MOVE A89 9
MOVE B105 220
MOVE B106 220
MOVE B107 220
MOVE B108 220
MOVE B109 220
MOVE B110 220
MOVE B112 220
MOVE B113 220
MOVE B114 220
DAMAGE TURRET A56 2
DAMAGE TURRET A74 2
DAMAGE TURRET A79 2
DAMAGE COMBAT A56 3
DAMAGE COMBAT A74 2
DAMAGE COMBAT A79 2
DAMAGE COMBAT B16 1
DAMAGE COMBAT B17 1
DAMAGE COMBAT B101 6
DAMAGE COMBAT B102 1
END TURN 237
TURN 238
COMMAND LEFT START
MOVE A82 174
MOVE A81 174
MOVE A80 174
MOVE A71 174
MOVE A69 174
MOVE A66 174
MOVE A65 174
MOVE A63 174
MOVE A54 174
MOVE A53 174
MOVE A52 174
MOVE A48 174
MOVE A47 174
MOVE A46 174
MOVE A45 174
MOVE A44 174
MOVE A42 174
MOVE A41 174
COMMAND LEFT END
COMMAND RIGHT START
COMMAND RIGHT END
TURN 238 RESULT
TIME LEFT 0 5 RIGHT 0 5
MOVE A41 137
MOVE A42 137
MOVE A44 137
MOVE A45 137
MOVE A46 137
MOVE A47 137
MOVE A48 137
MOVE A52 137
MOVE A53 137
MOVE A54 137
MOVE A63 137
MOVE A65 137
MOVE A66 137
MOVE A69 137
MOVE A71 137
MOVE A77 187
MOVE A78 155
MOVE A80 137
MOVE A81 137
MOVE A82 137
MOVE A83 121
MOVE A84 121
MOVE A85 46
MOVE A86 46
MOVE A87 46
MOVE A88 22
MOVE A89 22
MOVE B105 212
MOVE B106 212
MOVE B107 212
MOVE B108 212
MOVE B109 212
MOVE B110 212
MOVE B112 212
MOVE B113 212
MOVE B114 212
DAMAGE TURRET A56 1
DAMAGE TURRET A57 1
DAMAGE COMBAT A57 2
DAMAGE COMBAT B102 7
END TURN 238
TURN 239
COMMAND LEFT START
MOVE A91 161
MOVE A90 121
COMMAND LEFT END
COMMAND RIGHT START
MOVE B51 197
MOVE B52 197
MOVE B53 197
MOVE B54 197
MOVE B115 197
MOVE B116 197
COMMAND RIGHT END
TURN 239 RESULT
TIME LEFT 0 5 RIGHT 0 5
MOVE A41 149
MOVE A42 149
MOVE A44 149
MOVE A45 149
MOVE A46 149
MOVE A47 149
MOVE A48 149
MOVE A52 149
MOVE A53 149
MOVE A54 149
MOVE A63 149
MOVE A65 149
MOVE A66 149
MOVE A69 149
MOVE A71 149
MOVE A77 200
MOVE A78 168
MOVE A80 149
MOVE A81 149
MOVE A82 149
MOVE A85 67
MOVE A86 67
MOVE A87 67
MOVE A88 30
MOVE A89 30
MOVE A90 9
MOVE A91 4
MOVE B51 240
MOVE B52 240
MOVE B53 240
MOVE B54 240
MOVE B105 209
MOVE B106 209
MOVE B107 209
MOVE B108 209
MOVE B109 209
MOVE B110 209
MOVE B112 209
MOVE B113 209
MOVE B114 209
MOVE B115 240
MOVE B116 240
DAMAGE TURRET A57 2
DAMAGE COMBAT A57 1
DAMAGE COMBAT B103 6
END TURN 239
TURN 240
COMMAND LEFT START
TRAIN 2
COMMAND LEFT END
COMMAND RIGHT START
COMMAND RIGHT END
TURN 240 RESULT
TIME LEFT 0 5 RIGHT 0 5
TRAIN A92 A93
MOVE A41 154
MOVE A42 154
MOVE A44 154
MOVE A45 154
MOVE A46 154
MOVE A47 154
MOVE A48 154
MOVE A52 154
MOVE A53 154
MOVE A54 154
MOVE A63 154
MOVE A65 154
MOVE A66 154
MOVE A69 154
MOVE A71 154
MOVE A77 211
MOVE A78 178
MOVE A80 154
MOVE A81 154
MOVE A82 154
MOVE A85 76
MOVE A86 76
MOVE A87 76
MOVE A88 46
MOVE A89 46
MOVE A90 22
MOVE A91 7
MOVE B51 234
MOVE B52 234
MOVE B53 234
MOVE B54 234
MOVE B105 195
MOVE B106 195
MOVE B107 195
MOVE B108 195
MOVE B109 195
MOVE B110 195
MOVE B112 195
MOVE B113 195
MOVE B114 195
MOVE B115 234
MOVE B116 234
DAMAGE TURRET A57 2
DAMAGE TURRET A77 2
DAMAGE COMBAT A58 1
DAMAGE COMBAT A77 3
DAMAGE COMBAT B3 1
DAMAGE COMBAT B103 2
SIEGE B 177 4
END TURN 240
TURN 241
COMMAND LEFT START
MOVE A93 121
MOVE A92 121
TRAIN 1
COMMAND LEFT END
COMMAND RIGHT START
COMMAND RIGHT END
TURN 241 RESULT
TIME LEFT 0 5 RIGHT 0 5
TRAIN A94
MOVE A41 174
MOVE A42 174
MOVE A44 174
MOVE A45 174
MOVE A46 174
MOVE A47 174
MOVE A48 174
MOVE A52 174
MOVE A53 174
MOVE A54 174
MOVE A63 174
MOVE A65 174
MOVE A66 174
MOVE A69 174
MOVE A71 174
MOVE A78 182
MOVE A80 174
MOVE A81 174
MOVE A82 174
MOVE A85 92
MOVE A86 92
MOVE A87 92
MOVE A88 67
MOVE A89 67
MOVE A90 30
MOVE A91 24
MOVE A92 9
MOVE A93 9
MOVE B51 222
MOVE B52 222
MOVE B53 222
MOVE B54 222
MOVE B105 177
MOVE B106 177
MOVE B107 177
MOVE B108 177
MOVE B109 177
MOVE B110 177
MOVE B112 177
MOVE B113 177
MOVE B114 177
MOVE B115 222
MOVE B116 222
DAMAGE TURRET A42 2
DAMAGE TURRET A58 2
DAMAGE TURRET A77 2
DAMAGE COMBAT A41 1
DAMAGE COMBAT A42 1
DAMAGE COMBAT A58 5
DAMAGE COMBAT A62 4
DAMAGE COMBAT A77 1
DAMAGE COMBAT B3 1
DAMAGE COMBAT B17 2
DAMAGE COMBAT B26 6
DAMAGE COMBAT B105 5
SIEGE B 174 10
END TURN 241
TURN 242
COMMAND LEFT START
MOVE A94 121
TRAIN 2
COMMAND LEFT END
COMMAND RIGHT START
COMMAND RIGHT END
TURN 242 RESULT
TIME LEFT 0 5 RIGHT 0 5
TRAIN A95 A96
MOVE A78 197
MOVE A85 104
MOVE A86 104
MOVE A87 104
MOVE A88 76
MOVE A89 76
MOVE A90 46
MOVE A91 42
MOVE A92 22
MOVE A93 22
MOVE A94 9
MOVE B51 219
MOVE B52 219
MOVE B53 219
MOVE B54 219
MOVE B115 219
MOVE B116 219
DAMAGE TURRET A41 2
DAMAGE TURRET A62 2
DAMAGE TURRET A78 2
DAMAGE COMBAT A62 2
DAMAGE COMBAT A72 7
DAMAGE COMBAT A78 3
DAMAGE COMBAT B6 1
DAMAGE COMBAT B105 3
DAMAGE COMBAT B106 1
SIEGE B 174 8
END TURN 242
TURN 243
COMMAND LEFT START
MOVE A41 121
MOVE A44 121
MOVE A45 121
MOVE A46 121
MOVE A47 121
MOVE A48 121
MOVE A52 121
MOVE A53 121
MOVE A54 121
MOVE A63 121
MOVE A65 121
MOVE A66 121
MOVE A69 121
MOVE A71 121
MOVE A80 121
MOVE A96 121
MOVE A95 121
UPGRADE 174
COMMAND LEFT END
COMMAND RIGHT START
COMMAND RIGHT END
TURN 243 RESULT
TIME LEFT 0 5 RIGHT 0 5
UPGRADE A 174
MOVE A41 154
MOVE A44 154
MOVE A45 154
MOVE A46 154
MOVE A47 154
MOVE A48 154
MOVE A52 154
MOVE A53 154
MOVE A54 154
MOVE A63 154
MOVE A65 154
MOVE A66 154
MOVE A69 154
MOVE A71 154
MOVE A80 154
MOVE A85 121
MOVE A86 121
MOVE A87 121
MOVE A88 92
MOVE A89 92
MOVE A90 67
MOVE A91 58
MOVE A92 30
MOVE A93 30
MOVE A94 22
MOVE A95 9
MOVE A96 9
MOVE B51 197
MOVE B52 197
MOVE B53 197
MOVE B54 197
MOVE B115 197
MOVE B116 197
DAMAGE TURRET A72 1
DAMAGE TURRET A73 1
DAMAGE TURRET A78 2
DAMAGE COMBAT A73 7
DAMAGE COMBAT A75 1
DAMAGE COMBAT A78 1
DAMAGE COMBAT B6 1
DAMAGE COMBAT B106 3
END TURN 243
TURN 244
COMMAND LEFT START
MOVE A82 121
COMMAND LEFT END
COMMAND RIGHT START
MOVE B51 161
MOVE B52 31
MOVE B53 242
MOVE B54 242
MOVE B115 242
MOVE B116 242
COMMAND RIGHT END
TURN 244 RESULT
TIME LEFT 0 5 RIGHT 0 5
MOVE A41 149
MOVE A44 149
MOVE A45 149
MOVE A46 149
MOVE A47 149
MOVE A48 149
MOVE A52 149
MOVE A53 149
MOVE A54 149
MOVE A63 149
MOVE A65 149
MOVE A66 149
MOVE A69 149
MOVE A71 149
MOVE A80 149
MOVE A82 154
MOVE A88 104
MOVE A89 104
MOVE A90 76
MOVE A91 68
MOVE A92 46
MOVE A93 46
MOVE A94 30
MOVE A95 22
MOVE A96 22
MOVE B51 198
MOVE B52 182
MOVE B53 219
MOVE B54 219
MOVE B115 219
MOVE B116 219
DAMAGE TURRET A75 2
DAMAGE COMBAT A75 5
DAMAGE COMBAT B106 1
END TURN 244
TURN 245
COMMAND LEFT START
TRAIN 3
COMMAND LEFT END
COMMAND RIGHT START
MOVE B109 174
MOVE B110 242
MOVE B112 242
MOVE B113 242
MOVE B114 242
UPGRADE 177
COMMAND RIGHT END
TURN 245 RESULT
TIME LEFT 0 5 RIGHT 0 5
UPGRADE B 177
TRAIN A97 A98 A99
MOVE A41 137
MOVE A44 137
MOVE A45 137
MOVE A46 137
MOVE A47 137
MOVE A48 137
MOVE A52 137
MOVE A53 137
MOVE A54 137
MOVE A63 137
MOVE A65 137
MOVE A66 137
MOVE A69 137
MOVE A71 137
MOVE A80 137
MOVE A82 149
MOVE A88 121
MOVE A89 121
MOVE A90 92
MOVE A91 83
MOVE A92 67
MOVE A93 67
MOVE A94 46
MOVE A95 30
MOVE A96 30
MOVE B51 171
MOVE B52 170
MOVE B53 222
MOVE B54 222
MOVE B109 180
MOVE B110 195
MOVE B112 195
MOVE B113 195
MOVE B114 195
MOVE B115 222
MOVE B116 222
END TURN 245
TURN 246
COMMAND LEFT START
MOVE A89 197
MOVE A99 121
MOVE A98 121
MOVE A97 121
COMMAND LEFT END
COMMAND RIGHT START
COMMAND RIGHT END
TURN 246 RESULT
TIME LEFT 0 5 RIGHT 0 5
MOVE A41 121
MOVE A44 121
MOVE A45 121
MOVE A46 121
MOVE A47 121
MOVE A48 121
MOVE A52 121
MOVE A53 121
MOVE A54 121
MOVE A63 121
MOVE A65 121
MOVE A66 121
MOVE A69 121
MOVE A71 121
MOVE A80 121
MOVE A82 137
MOVE A89 124
MOVE A90 104
MOVE A91 101
MOVE A92 76
MOVE A93 76
MOVE A94 67
MOVE A95 46
MOVE A96 46
MOVE A97 9
MOVE A98 9
MOVE A99 9
MOVE B51 161
MOVE B52 165
MOVE B53 234
MOVE B54 234
MOVE B109 175
MOVE B110 209
MOVE B112 209
MOVE B113 209
MOVE B114 209
MOVE B115 234
MOVE B116 234
END TURN 246
TURN 247
COMMAND LEFT START
MOVE A88 177
MOVE A87 177
MOVE A86 177
MOVE A85 177
MOVE A84 177
MOVE A83 177
MOVE A80 177
MOVE A71 177
MOVE A69 177
MOVE A66 177
MOVE A65 177
MOVE A63 177
MOVE A54 177
MOVE A53 177
MOVE A52 177
MOVE A48 177
MOVE A47 177
MOVE A46 177
MOVE A45 177
MOVE A44 177
MOVE A41 177
COMMAND LEFT END
COMMAND RIGHT START
COMMAND RIGHT END
TURN 247 RESULT
TIME LEFT 0 5 RIGHT 0 5
MOVE A41 138
MOVE A44 138
MOVE A45 138
MOVE A46 138
MOVE A47 138
MOVE A48 138
MOVE A52 138
MOVE A53 138
MOVE A54 138
MOVE A63 138
MOVE A65 138
MOVE A66 138
MOVE A69 138
MOVE A71 138
MOVE A80 138
MOVE A82 121
MOVE A83 138
MOVE A84 138
MOVE A85 138
MOVE A86 138
MOVE A87 138
MOVE A88 138
MOVE A89 146
MOVE A90 121
MOVE A91 112
MOVE A92 92
MOVE A93 92
MOVE A94 76
MOVE A95 67
MOVE A96 67
MOVE A97 22
MOVE A98 22
MOVE A99 22
MOVE B52 151
MOVE B53 240
MOVE B54 240
MOVE B109 183
MOVE B110 212
MOVE B112 212
MOVE B113 212
MOVE B114 212
MOVE B115 240
MOVE B116 240
END TURN 247
TURN 248
COMMAND LEFT START
TRAIN 3
COMMAND LEFT END
COMMAND RIGHT START
COMMAND RIGHT END
TURN 248 RESULT
TIME LEFT 0 5 RIGHT 0 5
TRAIN A100 A101 A102
MOVE A41 150
MOVE A44 150
MOVE A45 150
MOVE A46 150
MOVE A47 150
MOVE A48 150
MOVE A52 150
MOVE A53 150
MOVE A54 150
MOVE A63 150
MOVE A65 150
MOVE A66 150
MOVE A69 150
MOVE A71 150
MOVE A80 150
MOVE A83 150
MOVE A84 150
MOVE A85 150
MOVE A86 150
MOVE A87 150
MOVE A88 150
MOVE A89 156
MOVE A91 128
MOVE A92 104
MOVE A93 104
MOVE A94 92
MOVE A95 76
MOVE A96 76
MOVE A97 30
MOVE A98 30
MOVE A99 30
MOVE B52 140
MOVE B53 242
MOVE B54 242
MOVE B109 187
MOVE B110 220
MOVE B112 220
MOVE B113 220
MOVE B114 220
MOVE B115 242
MOVE B116 242
END TURN 248
TURN 249
COMMAND LEFT START
MOVE A102 211
MOVE A101 121
MOVE A100 121
COMMAND LEFT END
COMMAND RIGHT START
COMMAND RIGHT END
TURN 249 RESULT
TIME LEFT 0 5 RIGHT 0 5
MOVE A41 157
MOVE A44 157
MOVE A45 157
MOVE A46 157
MOVE A47 157
MOVE A48 157
MOVE A52 157
MOVE A53 157
MOVE A54 157
MOVE A63 157
MOVE A65 157
MOVE A66 157
MOVE A69 157
MOVE A71 157
MOVE A80 157
MOVE A83 157
MOVE A84 157
MOVE A85 157
MOVE A86 157
MOVE A87 157
MOVE A88 157
MOVE A89 155
MOVE A91 135
MOVE A92 121
MOVE A93 121
MOVE A94 104
MOVE A95 92
MOVE A96 92
MOVE A97 46
MOVE A98 46
MOVE A99 46
MOVE A100 9
MOVE A101 9
MOVE A102 9
MOVE B52 116
MOVE B109 176
MOVE B110 233
MOVE B112 233
MOVE B113 233
MOVE B114 233
END TURN 249
TURN 250
COMMAND LEFT START
TRAIN 3
COMMAND LEFT END
COMMAND RIGHT START
COMMAND RIGHT END
TURN 250 RESULT
TIME LEFT 0 5 RIGHT 0 5
TRAIN A103 A104 A105
MOVE A41 169
MOVE A44 169
MOVE A45 169
MOVE A46 169
MOVE A47 169
MOVE A48 169
MOVE A52 169
MOVE A53 169
MOVE A54 169
MOVE A63 169
MOVE A65 169
MOVE A66 169
MOVE A69 169
MOVE A71 169
MOVE A80 169
MOVE A83 169
MOVE A84 169
MOVE A85 169
MOVE A86 169
MOVE A87 169
MOVE A88 169
MOVE A89 168
MOVE A91 161
MOVE A94 121
MOVE A95 104
MOVE A96 104
MOVE A97 67
MOVE A98 67
MOVE A99 67
MOVE A100 22
MOVE A101 22
MOVE A102 22
MOVE B52 101
MOVE B109 174
MOVE B110 242
MOVE B112 242
MOVE B113 242
MOVE B114 242
DAMAGE TURRET A91 2
DAMAGE TURRET B109 1
DAMAGE COMBAT A81 1
DAMAGE COMBAT A91 3
DAMAGE COMBAT B16 1
DAMAGE COMBAT B109 1
END TURN 250
TURN 251
COMMAND LEFT START
MOVE A105 121
MOVE A104 121
MOVE A103 121
COMMAND LEFT END
COMMAND RIGHT START
COMMAND RIGHT END
TURN 251 RESULT
TIME LEFT 0 5 RIGHT 0 5
MOVE A41 177
MOVE A44 177
MOVE A45 177
MOVE A46 177
MOVE A47 177
MOVE A48 177
MOVE A52 177
MOVE A53 177
MOVE A54 177
MOVE A63 177
MOVE A65 177
MOVE A66 177
MOVE A69 177
MOVE A71 177
MOVE A80 177
MOVE A83 177
MOVE A84 177
MOVE A85 177
MOVE A86 177
MOVE A87 177
MOVE A88 177
MOVE A89 178
MOVE A95 121
MOVE A96 121
MOVE A97 76
MOVE A98 76
MOVE A99 76
MOVE A100 30
MOVE A101 30
MOVE A102 30
MOVE A103 9
MOVE A104 9
MOVE A105 9
MOVE B52 83
DAMAGE TURRET A41 2
DAMAGE TURRET A91 2
DAMAGE TURRET B109 1
DAMAGE COMBAT A41 1
DAMAGE COMBAT A44 2
DAMAGE COMBAT A81 1
DAMAGE COMBAT A91 1
DAMAGE COMBAT B16 1
DAMAGE COMBAT B106 3
DAMAGE COMBAT B107 8
DAMAGE COMBAT B108 8
DAMAGE COMBAT B109 1
SIEGE B 177 2
END TURN 251
TURN 252
COMMAND LEFT START
MOVE A96 161
COMMAND LEFT END
COMMAND RIGHT START
COMMAND RIGHT END
TURN 252 RESULT
TIME LEFT 0 5 RIGHT 0 5
MOVE A89 182
MOVE A96 124
MOVE A97 92
MOVE A98 92
MOVE A99 92
MOVE A100 46
MOVE A101 46
MOVE A102 46
MOVE A103 22
MOVE A104 22
MOVE A105 22
MOVE B52 68
DAMAGE TURRET A44 2
DAMAGE TURRET B52 1
DAMAGE TURRET B109 1
DAMAGE COMBAT A12 1
DAMAGE COMBAT A81 1
DAMAGE COMBAT B52 1
DAMAGE COMBAT B109 1
SIEGE B 177 16
END TURN 252
TURN 253
COMMAND LEFT START
MOVE A44 121
MOVE A45 121
MOVE A46 121
MOVE A47 121
MOVE A48 121
MOVE A52 121
MOVE A53 121
MOVE A54 121
MOVE A63 121
MOVE A65 121
MOVE A66 121
MOVE A69 121
MOVE A71 121
MOVE A80 121
MOVE A83 121
MOVE A84 121
MOVE A85 121
MOVE A86 121
UPGRADE 177
COMMAND LEFT END
COMMAND RIGHT START
COMMAND RIGHT END
TURN 253 RESULT
TIME LEFT 0 5 RIGHT 0 5
UPGRADE A 177
MOVE A44 169
MOVE A45 169
MOVE A46 169
MOVE A47 169
MOVE A48 169
MOVE A52 169
MOVE A53 169
MOVE A54 169
MOVE A63 169
MOVE A65 169
MOVE A66 169
MOVE A69 169
MOVE A71 169
MOVE A80 169
MOVE A83 169
MOVE A84 169
MOVE A85 169
MOVE A86 169
MOVE A89 197
MOVE A96 123
MOVE A97 104
MOVE A98 104
MOVE A99 104
MOVE A100 67
MOVE A101 67
MOVE A102 62
MOVE A103 30
MOVE A104 30
MOVE A105 30
DAMAGE TURRET A89 2
DAMAGE TURRET B52 1
DAMAGE TURRET B109 1
DAMAGE COMBAT A12 1
DAMAGE COMBAT A81 1
DAMAGE COMBAT A89 3
DAMAGE COMBAT B6 1
DAMAGE COMBAT B52 1
DAMAGE COMBAT B109 1
END TURN 253
TURN 254
COMMAND LEFT START
MOVE A88 121
COMMAND LEFT END
COMMAND RIGHT START
COMMAND RIGHT END
TURN 254 RESULT
TIME LEFT 0 5 RIGHT 0 5
MOVE A44 157
MOVE A45 157
MOVE A46 157
MOVE A47 157
MOVE A48 157
MOVE A52 157
MOVE A53 157
MOVE A54 157
MOVE A63 157
MOVE A65 157
MOVE A66 157
MOVE A69 157
MOVE A71 157
MOVE A80 157
MOVE A83 157
MOVE A84 157
MOVE A85 157
MOVE A86 157
MOVE A88 169
MOVE A96 127
MOVE A97 121
MOVE A98 121
MOVE A99 121
MOVE A100 76
MOVE A101 76
MOVE A102 85
MOVE A103 46
MOVE A104 46
MOVE A105 46
DAMAGE TURRET A89 2
DAMAGE TURRET B52 1
DAMAGE COMBAT A12 1
DAMAGE COMBAT A89 1
DAMAGE COMBAT B6 1
DAMAGE COMBAT B52 1
END TURN 254
TURN 255
COMMAND LEFT START
TRAIN 3
COMMAND LEFT END
COMMAND RIGHT START
COMMAND RIGHT END
TURN 255 RESULT
TIME LEFT 0 5 RIGHT 0 5
TRAIN A106 A107 A108
MOVE A44 150
MOVE A45 150
MOVE A46 150
MOVE A47 150
MOVE A48 150
MOVE A52 150
MOVE A53 150
MOVE A54 150
MOVE A63 150
MOVE A65 150
MOVE A66 150
MOVE A69 150
MOVE A71 150
MOVE A80 150
MOVE A83 150
MOVE A84 150
MOVE A85 150
MOVE A86 150
MOVE A88 157
MOVE A96 136
MOVE A100 92
MOVE A101 92
MOVE A102 96
MOVE A103 67
MOVE A104 67
MOVE A105 67
DAMAGE TURRET B52 1
DAMAGE COMBAT A12 1
END TURN 255
TURN 256
COMMAND LEFT START
MOVE A82 68
MOVE A108 121
MOVE A107 121
MOVE A106 121
COMMAND LEFT END
COMMAND RIGHT START
COMMAND RIGHT END
TURN 256 RESULT
TIME LEFT 0 5 RIGHT 0 5
MOVE A44 138
MOVE A45 138
MOVE A46 138
MOVE A47 138
MOVE A48 138
MOVE A52 138
MOVE A53 138
MOVE A54 138
MOVE A63 138
MOVE A65 138
MOVE A66 138
MOVE A69 138
MOVE A71 138
MOVE A80 138
MOVE A82 105
MOVE A83 138
MOVE A84 138
MOVE A85 138
MOVE A86 138
MOVE A88 150
MOVE A96 148
MOVE A100 104
MOVE A101 104
MOVE A102 119
MOVE A103 76
MOVE A104 76
MOVE A105 76
MOVE A106 9
MOVE A107 9
MOVE A108 9
END TURN 256
TURN 257
COMMAND LEFT START
MOVE A90 68
TRAIN 3
COMMAND LEFT END
COMMAND RIGHT START
COMMAND RIGHT END
TURN 257 RESULT
TIME LEFT 0 5 RIGHT 0 5
TRAIN A109 A110 A111
MOVE A44 121
MOVE A45 121
MOVE A46 121
MOVE A47 121
MOVE A48 121
MOVE A52 121
MOVE A53 121
MOVE A54 121
MOVE A63 121
MOVE A65 121
MOVE A66 121
MOVE A69 121
MOVE A71 121
MOVE A80 121
MOVE A82 93
MOVE A83 121
MOVE A84 121
MOVE A85 121
MOVE A86 121
MOVE A88 138
MOVE A90 105
MOVE A96 151
MOVE A100 121
MOVE A101 121
MOVE A102 131
MOVE A103 92
MOVE A104 92
MOVE A105 92
MOVE A106 22
MOVE A107 22
MOVE A108 22
END TURN 257
TURN 258
COMMAND LEFT START
MOVE A44 68
MOVE A111 121
MOVE A110 121
MOVE A109 121
COMMAND LEFT END
COMMAND RIGHT START
COMMAND RIGHT END
TURN 258 RESULT
TIME LEFT 0 5 RIGHT 0 5
MOVE A44 105
MOVE A82 88
MOVE A88 121
MOVE A90 93
MOVE A96 164
MOVE A102 149
MOVE A103 104
MOVE A104 104
MOVE A105 104
MOVE A106 30
MOVE A107 30
MOVE A108 30
MOVE A109 9
MOVE A110 9
MOVE A111 9
END TURN 258
TURN 259
COMMAND LEFT START
MOVE A45 68
MOVE A101 197
COMMAND LEFT END
COMMAND RIGHT START
COMMAND RIGHT END
TURN 259 RESULT
TIME LEFT 0 5 RIGHT 0 5
MOVE A44 93
MOVE A45 105
MOVE A82 68
MOVE A90 88
MOVE A96 158
MOVE A101 124
MOVE A102 176
MOVE A103 121
MOVE A104 121
MOVE A105 121
MOVE A106 46
MOVE A107 46
MOVE A108 46
MOVE A109 22
MOVE A110 22
MOVE A111 22
END TURN 259
TURN 260
COMMAND LEFT START
UPGRADE 2
COMMAND LEFT END
COMMAND RIGHT START
COMMAND RIGHT END
TURN 260 RESULT
TIME LEFT 0 5 RIGHT 0 5
UPGRADE A 2
MOVE A44 88
MOVE A45 93
MOVE A90 68
MOVE A96 161
MOVE A101 146
MOVE A102 184
MOVE A106 67
MOVE A107 67
MOVE A108 67
MOVE A109 30
MOVE A110 30
MOVE A111 30
DAMAGE TURRET A96 2
DAMAGE COMBAT A96 3
DAMAGE COMBAT B16 1
END TURN 260
TURN 261
COMMAND LEFT START
MOVE A82 2
MOVE A105 240
COMMAND LEFT END
COMMAND RIGHT START
COMMAND RIGHT END
TURN 261 RESULT
TIME LEFT 0 5 RIGHT 0 5
MOVE A44 68
MOVE A45 88
MOVE A82 58
MOVE A101 156
MOVE A102 204
MOVE A105 138
MOVE A106 76
MOVE A107 76
MOVE A108 76
MOVE A109 46
MOVE A110 46
MOVE A111 46
DAMAGE TURRET A96 2
DAMAGE COMBAT A96 1
DAMAGE COMBAT B16 1
END TURN 261
TURN 262
COMMAND LEFT START
MOVE A90 121
UPGRADE 31
COMMAND LEFT END
COMMAND RIGHT START
COMMAND RIGHT END
TURN 262 RESULT
TIME LEFT 0 5 RIGHT 0 5
UPGRADE A 31
MOVE A45 68
MOVE A82 42
MOVE A90 88
MOVE A101 155
MOVE A102 211
MOVE A105 150
MOVE A106 92
MOVE A107 92
MOVE A108 92
MOVE A109 67
MOVE A110 67
MOVE A111 67
DAMAGE TURRET A102 2
DAMAGE COMBAT A102 3
DAMAGE COMBAT B3 1
END TURN 262
TURN 263
COMMAND LEFT START
MOVE A44 31
UPGRADE 45
COMMAND LEFT END
COMMAND RIGHT START
COMMAND RIGHT END
TURN 263 RESULT
TIME LEFT 0 5 RIGHT 0 5
UPGRADE A 45
MOVE A44 58
MOVE A82 36
MOVE A90 93
MOVE A101 168
MOVE A105 166
MOVE A106 104
MOVE A107 104
MOVE A108 104
MOVE A109 76
MOVE A110 76
MOVE A111 76
DAMAGE TURRET A102 2
DAMAGE COMBAT A102 1
DAMAGE COMBAT B3 1
END TURN 263
TURN 264
COMMAND LEFT START
MOVE A46 45
COMMAND LEFT END
COMMAND RIGHT START
COMMAND RIGHT END
TURN 264 RESULT
TIME LEFT 0 5 RIGHT 0 5
MOVE A44 38
MOVE A46 118
MOVE A82 21
MOVE A90 105
MOVE A101 178
MOVE A105 175
MOVE A106 121
MOVE A107 121
MOVE A108 121
MOVE A109 92
MOVE A110 92
MOVE A111 92
END TURN 264
TURN 265
COMMAND LEFT START
COMMAND LEFT END
COMMAND RIGHT START
COMMAND RIGHT END
TURN 265 RESULT
TIME LEFT 0 5 RIGHT 0 5
MOVE A44 31
MOVE A46 96
MOVE A82 13
MOVE A90 121
MOVE A101 182
MOVE A105 196
MOVE A109 104
MOVE A110 104
MOVE A111 104
END TURN 265
TURN 266
COMMAND LEFT START
MOVE A108 161
COMMAND LEFT END
COMMAND RIGHT START
COMMAND RIGHT END
TURN 266 RESULT
TIME LEFT 0 5 RIGHT 0 5
MOVE A46 86
MOVE A82 9
MOVE A101 197
MOVE A105 212
MOVE A108 124
MOVE A109 121
MOVE A110 121
MOVE A111 121
DAMAGE TURRET A101 2
DAMAGE COMBAT A101 2
DAMAGE COMBAT B19 1
END TURN 266
TURN 267
COMMAND LEFT START
UPGRADE 65
COMMAND LEFT END
COMMAND RIGHT START
COMMAND RIGHT END
TURN 267 RESULT
TIME LEFT 0 5 RIGHT 0 5
UPGRADE A 65
MOVE A46 87
MOVE A82 2
MOVE A105 223
MOVE A108 123
DAMAGE TURRET A101 2
DAMAGE COMBAT A101 2
DAMAGE COMBAT B19 1
END TURN 267
TURN 268
COMMAND LEFT START
MOVE A47 65
TRAIN 2
COMMAND LEFT END
COMMAND RIGHT START
COMMAND RIGHT END
TURN 268 RESULT
TIME LEFT 0 5 RIGHT 0 5
TRAIN A112 A113
MOVE A46 74
MOVE A47 104
MOVE A105 232
MOVE A108 127
END TURN 268
TURN 269
COMMAND LEFT START
MOVE A113 121
MOVE A112 121
COMMAND LEFT END
COMMAND RIGHT START
COMMAND RIGHT END
TURN 269 RESULT
TIME LEFT 0 5 RIGHT 0 5
MOVE A46 64
MOVE A47 92
MOVE A105 240
MOVE A108 136
MOVE A112 9
MOVE A113 9
DAMAGE TURRET A105 2
DAMAGE COMBAT A105 3
DAMAGE COMBAT B2 1
END TURN 269
TURN 270
COMMAND LEFT START
UPGRADE 68
COMMAND LEFT END
COMMAND RIGHT START
COMMAND RIGHT END
TURN 270 RESULT
TIME LEFT 0 5 RIGHT 0 5
UPGRADE A 68
MOVE A46 60
MOVE A47 85
MOVE A108 148
MOVE A112 22
MOVE A113 22
DAMAGE TURRET A105 2
DAMAGE COMBAT A105 1
DAMAGE COMBAT B2 1
END TURN 270
TURN 271
COMMAND LEFT START
MOVE A48 68
COMMAND LEFT END
COMMAND RIGHT START
COMMAND RIGHT END
TURN 271 RESULT
TIME LEFT 0 5 RIGHT 0 5
MOVE A46 45
MOVE A47 73
MOVE A48 105
MOVE A108 151
MOVE A112 30
MOVE A113 30
END TURN 271
TURN 272
COMMAND LEFT START
MOVE A111 197
COMMAND LEFT END
COMMAND RIGHT START
COMMAND RIGHT END
TURN 272 RESULT
TIME LEFT 0 5 RIGHT 0 5
MOVE A47 65
MOVE A48 93
MOVE A108 164
MOVE A111 124
MOVE A112 46
MOVE A113 46
END TURN 272
TURN 273
COMMAND LEFT START
MOVE A110 211
COMMAND LEFT END
COMMAND RIGHT START
COMMAND RIGHT END
TURN 273 RESULT
TIME LEFT 0 5 RIGHT 0 5
MOVE A48 88
MOVE A108 158
MOVE A110 137
MOVE A111 146
MOVE A112 67
MOVE A113 67
END TURN 273
TURN 274
COMMAND LEFT START
UPGRADE 81
COMMAND LEFT END
COMMAND RIGHT START
COMMAND RIGHT END
TURN 274 RESULT
TIME LEFT 0 5 RIGHT 0 5
UPGRADE A 81
MOVE A48 68
MOVE A108 161
MOVE A110 152
MOVE A111 156
MOVE A112 76
MOVE A113 76
DAMAGE TURRET A108 2
DAMAGE COMBAT A108 2
DAMAGE COMBAT B25 1
END TURN 274
TURN 275
COMMAND LEFT START
MOVE A52 81
UPGRADE 87
COMMAND LEFT END
COMMAND RIGHT START
COMMAND RIGHT END
TURN 275 RESULT
TIME LEFT 0 5 RIGHT 0 5
UPGRADE A 87
MOVE A52 118
MOVE A110 172
MOVE A111 155
MOVE A112 92
MOVE A113 92
DAMAGE TURRET A108 2
DAMAGE COMBAT A108 2
DAMAGE COMBAT B25 1
END TURN 275
TURN 276
COMMAND LEFT START
MOVE A53 87
COMMAND LEFT END
COMMAND RIGHT START
COMMAND RIGHT END
TURN 276 RESULT
TIME LEFT 0 5 RIGHT 0 5
MOVE A52 119
MOVE A53 118
MOVE A110 187
MOVE A111 168
MOVE A112 104
MOVE A113 104
END TURN 276
TURN 277
COMMAND LEFT START
MOVE A109 161
COMMAND LEFT END
COMMAND RIGHT START
COMMAND RIGHT END
TURN 277 RESULT
TIME LEFT 0 5 RIGHT 0 5
MOVE A52 115
MOVE A53 96
MOVE A109 124
MOVE A110 200
MOVE A111 178
MOVE A112 121
MOVE A113 121
END TURN 277
TURN 278
COMMAND LEFT START
MOVE A113 240
COMMAND LEFT END
COMMAND RIGHT START
COMMAND RIGHT END
TURN 278 RESULT
TIME LEFT 0 5 RIGHT 0 5
MOVE A52 106
MOVE A53 86
MOVE A109 123
MOVE A110 211
MOVE A111 182
MOVE A113 138
DAMAGE TURRET A110 2
DAMAGE COMBAT A110 2
DAMAGE COMBAT B20 1
END TURN 278
TURN 279
COMMAND LEFT START
UPGRADE 96
COMMAND LEFT END
COMMAND RIGHT START
COMMAND RIGHT END
TURN 279 RESULT
TIME LEFT 0 5 RIGHT 0 5
UPGRADE A 96
MOVE A52 94
MOVE A53 87
MOVE A109 127
MOVE A111 197
MOVE A113 150
DAMAGE TURRET A110 2
DAMAGE TURRET A111 2
DAMAGE COMBAT A110 2
DAMAGE COMBAT A111 2
DAMAGE COMBAT B19 1
DAMAGE COMBAT B20 1
END TURN 279
TURN 280
COMMAND LEFT START
MOVE A54 96
UPGRADE 113
COMMAND LEFT END
COMMAND RIGHT START
COMMAND RIGHT END
TURN 280 RESULT
TIME LEFT 0 5 RIGHT 0 5
UPGRADE A 113
MOVE A52 91
MOVE A54 118
MOVE A109 136
MOVE A113 166
DAMAGE TURRET A111 2
DAMAGE COMBAT A111 2
DAMAGE COMBAT B19 1
END TURN 280
TURN 281
COMMAND LEFT START
MOVE A63 113
UPGRADE 121
COMMAND LEFT END
COMMAND RIGHT START
COMMAND RIGHT END
TURN 281 RESULT
TIME LEFT 0 5 RIGHT 0 5
UPGRADE A 121
MOVE A52 78
MOVE A54 96
MOVE A63 118
MOVE A109 148
MOVE A113 175
END TURN 281
TURN 282
COMMAND LEFT START
COMMAND LEFT END
COMMAND RIGHT START
COMMAND RIGHT END
TURN 282 RESULT
TIME LEFT 0 5 RIGHT 0 5
MOVE A52 84
MOVE A63 119
MOVE A109 151
MOVE A113 196
END TURN 282
TURN 283
COMMAND LEFT START
UPGRADE 129
COMMAND LEFT END
COMMAND RIGHT START
COMMAND RIGHT END
TURN 283 RESULT
TIME LEFT 0 5 RIGHT 0 5
UPGRADE A 129
MOVE A52 81
MOVE A63 115
MOVE A109 164
MOVE A113 212
END TURN 283
TURN 284
COMMAND LEFT START
MOVE A65 129
MOVE A112 197
COMMAND LEFT END
COMMAND RIGHT START
COMMAND RIGHT END
TURN 284 RESULT
TIME LEFT 0 5 RIGHT 0 5
MOVE A63 106
MOVE A65 124
MOVE A109 158
MOVE A112 124
MOVE A113 223
END TURN 284
TURN 285
COMMAND LEFT START
MOVE A107 211
TRAIN 3
COMMAND LEFT END
COMMAND RIGHT START
COMMAND RIGHT END
TURN 285 RESULT
TIME LEFT 0 5 RIGHT 0 5
TRAIN A114 A115 A116
MOVE A63 113
MOVE A65 123
MOVE A107 137
MOVE A109 161
MOVE A112 146
MOVE A113 232
DAMAGE TURRET A109 2
DAMAGE COMBAT A109 2
DAMAGE COMBAT B25 1
END TURN 285
TURN 286
COMMAND LEFT START
MOVE A116 121
MOVE A115 121
MOVE A114 121
TRAIN 3
COMMAND LEFT END
COMMAND RIGHT START
COMMAND RIGHT END
TURN 286 RESULT
TIME LEFT 0 5 RIGHT 0 5
TRAIN A117 A118 A119
MOVE A65 127
MOVE A107 152
MOVE A112 156
MOVE A113 240
MOVE A114 9
MOVE A115 9
MOVE A116 9
DAMAGE TURRET A109 2
DAMAGE TURRET A113 2
DAMAGE COMBAT A109 2
DAMAGE COMBAT A113 3
DAMAGE COMBAT B2 1
DAMAGE COMBAT B25 1
END TURN 286
TURN 287
COMMAND LEFT START
MOVE A119 121
MOVE A118 121
MOVE A117 121
UPGRADE 146
COMMAND LEFT END
COMMAND RIGHT START
COMMAND RIGHT END
TURN 287 RESULT
TIME LEFT 0 5 RIGHT 0 5
UPGRADE A 146
MOVE A65 136
MOVE A107 172
MOVE A112 155
MOVE A114 22
MOVE A115 22
MOVE A116 22
MOVE A117 9
MOVE A118 9
MOVE A119 9
DAMAGE TURRET A113 2
DAMAGE COMBAT A113 1
DAMAGE COMBAT B2 1
END TURN 287
TURN 288
COMMAND LEFT START
MOVE A66 146
UPGRADE 155
COMMAND LEFT END
COMMAND RIGHT START
COMMAND RIGHT END
TURN 288 RESULT
TIME LEFT 0 5 RIGHT 0 5
UPGRADE A 155
MOVE A65 129
MOVE A66 124
MOVE A107 187
MOVE A112 168
MOVE A114 30
MOVE A115 30
MOVE A116 30
MOVE A117 22
MOVE A118 22
MOVE A119 22
END TURN 288
TURN 289
COMMAND LEFT START
MOVE A69 155
COMMAND LEFT END
COMMAND RIGHT START
COMMAND RIGHT END
TURN 289 RESULT
TIME LEFT 0 5 RIGHT 0 5
MOVE A66 146
MOVE A69 124
MOVE A107 200
MOVE A112 178
MOVE A114 46
MOVE A115 46
MOVE A116 46
MOVE A117 30
MOVE A118 30
MOVE A119 30
END TURN 289
TURN 290
COMMAND LEFT START
MOVE A106 161
COMMAND LEFT END
COMMAND RIGHT START
COMMAND RIGHT END
TURN 290 RESULT
TIME LEFT 0 5 RIGHT 0 5
MOVE A69 146
MOVE A106 124
MOVE A107 211
MOVE A112 182
MOVE A114 67
MOVE A115 67
MOVE A116 67
MOVE A117 46
MOVE A118 46
MOVE A119 46
DAMAGE TURRET A107 2
DAMAGE COMBAT A107 2
DAMAGE COMBAT B20 1
END TURN 290
TURN 291
COMMAND LEFT START
MOVE A104 240
UPGRADE 174
COMMAND LEFT END
COMMAND RIGHT START
COMMAND RIGHT END
TURN 291 RESULT
TIME LEFT 0 5 RIGHT 0 5
UPGRADE A 174
MOVE A69 156
MOVE A104 138
MOVE A106 123
MOVE A112 197
MOVE A114 76
MOVE A115 76
MOVE A116 76
MOVE A117 67
MOVE A118 67
MOVE A119 67
DAMAGE TURRET A107 2
DAMAGE TURRET A112 2
DAMAGE COMBAT A107 2
DAMAGE COMBAT A112 2
DAMAGE COMBAT B19 1
DAMAGE COMBAT B20 1
END TURN 291
TURN 292
COMMAND LEFT START
MOVE A71 174
UPGRADE 177
COMMAND LEFT END
COMMAND RIGHT START
COMMAND RIGHT END
TURN 292 RESULT
TIME LEFT 0 5 RIGHT 0 5
UPGRADE A 177
MOVE A69 155
MOVE A71 137
MOVE A104 150
MOVE A106 127
MOVE A114 92
MOVE A115 92
MOVE A116 92
MOVE A117 76
MOVE A118 76
MOVE A119 76
DAMAGE TURRET A112 2
DAMAGE COMBAT A112 2
DAMAGE COMBAT B19 1
END TURN 292
TURN 293
COMMAND LEFT START
MOVE A80 177
UPGRADE 2
COMMAND LEFT END
COMMAND RIGHT START
COMMAND RIGHT END
TURN 293 RESULT
TIME LEFT 0 5 RIGHT 0 5
UPGRADE A 2
MOVE A71 149
MOVE A80 138
MOVE A104 166
MOVE A106 136
MOVE A114 104
MOVE A115 104
MOVE A116 104
MOVE A117 92
MOVE A118 92
MOVE A119 92
END TURN 293
TURN 294
COMMAND LEFT START
MOVE A83 2
COMMAND LEFT END
COMMAND RIGHT START
COMMAND RIGHT END
TURN 294 RESULT
TIME LEFT 0 5 RIGHT 0 5
MOVE A71 154
MOVE A80 150
MOVE A83 104
MOVE A104 175
MOVE A106 148
MOVE A114 121
MOVE A115 121
MOVE A116 121
MOVE A117 104
MOVE A118 104
MOVE A119 104
END TURN 294
TURN 295
COMMAND LEFT START
UPGRADE 31
COMMAND LEFT END
COMMAND RIGHT START
COMMAND RIGHT END
TURN 295 RESULT
TIME LEFT 0 5 RIGHT 0 5
UPGRADE A 31
MOVE A71 174
MOVE A80 157
MOVE A83 92
MOVE A104 196
MOVE A106 151
MOVE A117 121
MOVE A118 121
MOVE A119 121
END TURN 295
TURN 296
COMMAND LEFT START
MOVE A84 31
UPGRADE 45
COMMAND LEFT END
COMMAND RIGHT START
COMMAND RIGHT END
TURN 296 RESULT
TIME LEFT 0 5 RIGHT 0 5
UPGRADE A 45
MOVE A80 169
MOVE A83 76
MOVE A84 105
MOVE A104 212
MOVE A106 164
END TURN 296
TURN 297
COMMAND LEFT START
MOVE A85 45
MOVE A119 197
COMMAND LEFT END
COMMAND RIGHT START
COMMAND RIGHT END
TURN 297 RESULT
TIME LEFT 0 5 RIGHT 0 5
MOVE A80 177
MOVE A83 67
MOVE A84 90
MOVE A85 118
MOVE A104 223
MOVE A106 158
MOVE A119 124
END TURN 297
TURN 298
COMMAND LEFT START
MOVE A118 211
TRAIN 3
COMMAND LEFT END
COMMAND RIGHT START
COMMAND RIGHT END
TURN 298 RESULT
TIME LEFT 0 5 RIGHT 0 5
TRAIN A120 A121 A122
MOVE A83 46
MOVE A84 70
MOVE A85 96
MOVE A104 232
MOVE A106 161
MOVE A118 137
MOVE A119 146
DAMAGE TURRET A106 2
DAMAGE COMBAT A106 2
DAMAGE COMBAT B25 1
END TURN 298
TURN 299
COMMAND LEFT START
MOVE A122 121
MOVE A121 121
MOVE A120 121
UPGRADE 65
COMMAND LEFT END
COMMAND RIGHT START
COMMAND RIGHT END
TURN 299 RESULT
TIME LEFT 0 5 RIGHT 0 5
UPGRADE A 65
MOVE A83 30
MOVE A84 55
MOVE A85 86
MOVE A104 240
MOVE A118 152
MOVE A119 156
MOVE A120 9
MOVE A121 9
MOVE A122 9
DAMAGE TURRET A104 2
DAMAGE TURRET A106 2
DAMAGE COMBAT A104 2
DAMAGE COMBAT A106 2
DAMAGE COMBAT B21 1
DAMAGE COMBAT B25 1
END TURN 299
TURN 300
COMMAND LEFT START
MOVE A86 65
UPGRADE 68
COMMAND LEFT END
COMMAND RIGHT START
COMMAND RIGHT END
TURN 300 RESULT
TIME LEFT 0 5 RIGHT 0 5
UPGRADE A 68
MOVE A83 19
MOVE A84 42
MOVE A85 87
MOVE A86 104
MOVE A118 172
MOVE A119 155
MOVE A120 22
MOVE A121 22
MOVE A122 22
DAMAGE TURRET A104 2
DAMAGE COMBAT A104 2
DAMAGE COMBAT B21 1
END TURN 300
TURN 301
COMMAND LEFT START
MOVE A88 68
UPGRADE 81
COMMAND LEFT END
COMMAND RIGHT START
COMMAND RIGHT END
TURN 301 RESULT
TIME LEFT 0 5 RIGHT 0 5
UPGRADE A 81
MOVE A83 10
MOVE A84 31
MOVE A85 74
MOVE A86 92
MOVE A88 105
MOVE A118 187
MOVE A119 168
MOVE A120 30
MOVE A121 30
MOVE A122 30
END TURN 301
TURN 302
COMMAND LEFT START
MOVE A90 81
COMMAND LEFT END
COMMAND RIGHT START
COMMAND RIGHT END
TURN 302 RESULT
TIME LEFT 0 5 RIGHT 0 5
MOVE A83 2
MOVE A85 64
MOVE A86 85
MOVE A88 93
MOVE A90 118
MOVE A118 200
MOVE A119 178
MOVE A120 46
MOVE A121 46
MOVE A122 46
END TURN 302
TURN 303
COMMAND LEFT START
MOVE A117 161
TRAIN 2
COMMAND LEFT END
COMMAND RIGHT START
COMMAND RIGHT END
TURN 303 RESULT
TIME LEFT 0 5 RIGHT 0 5
TRAIN A123 A124
MOVE A85 60
MOVE A86 73
MOVE A88 88
MOVE A90 119
MOVE A117 124
MOVE A118 211
MOVE A119 182
MOVE A120 67
MOVE A121 67
MOVE A122 67
DAMAGE TURRET A118 2
DAMAGE COMBAT A118 2
DAMAGE COMBAT B20 1
END TURN 303
TURN 304
COMMAND LEFT START
MOVE A116 240
MOVE A124 121
MOVE A123 121
TRAIN 3
COMMAND LEFT END
COMMAND RIGHT START
COMMAND RIGHT END
TURN 304 RESULT
TIME LEFT 0 5 RIGHT 0 5
TRAIN A125 A126 A127
MOVE A85 45
MOVE A86 65
MOVE A88 68
MOVE A90 115
MOVE A116 138
MOVE A117 123
MOVE A119 197
MOVE A120 76
MOVE A121 76
MOVE A122 76
MOVE A123 9
MOVE A124 9
DAMAGE TURRET A118 2
DAMAGE TURRET A119 2
DAMAGE COMBAT A118 2
DAMAGE COMBAT A119 1
DAMAGE COMBAT B20 1
DAMAGE COMBAT B28 1
END TURN 304
TURN 305
COMMAND LEFT START
MOVE A127 121
MOVE A126 121
MOVE A125 121
UPGRADE 87
COMMAND LEFT END
COMMAND RIGHT START
COMMAND RIGHT END
TURN 305 RESULT
TIME LEFT 0 5 RIGHT 0 5
UPGRADE A 87
MOVE A90 106
MOVE A116 150
MOVE A117 127
MOVE A120 92
MOVE A121 92
MOVE A122 92
MOVE A123 22
MOVE A124 22
MOVE A125 9
MOVE A126 9
MOVE A127 9
DAMAGE TURRET A119 2
DAMAGE COMBAT A119 1
DAMAGE COMBAT B28 1
END TURN 305
TURN 306
COMMAND LEFT START
MOVE A92 87
UPGRADE 96
COMMAND LEFT END
COMMAND RIGHT START
COMMAND RIGHT END
TURN 306 RESULT
TIME LEFT 0 5 RIGHT 0 5
UPGRADE A 96
MOVE A90 94
MOVE A92 118
MOVE A116 166
MOVE A117 136
MOVE A120 104
MOVE A121 104
MOVE A122 104
MOVE A123 30
MOVE A124 30
MOVE A125 22
MOVE A126 22
MOVE A127 22
DAMAGE TURRET A119 2
DAMAGE COMBAT B28 1
END TURN 306
TURN 307
COMMAND LEFT START
MOVE A93 96
UPGRADE 113
COMMAND LEFT END
COMMAND RIGHT START
COMMAND RIGHT END
TURN 307 RESULT
TIME LEFT 0 5 RIGHT 0 5
UPGRADE A 113
MOVE A90 91
MOVE A92 96
MOVE A93 118
MOVE A116 175
MOVE A117 148
MOVE A120 121
MOVE A121 121
MOVE A122 121
MOVE A123 46
MOVE A124 46
MOVE A125 30
MOVE A126 30
MOVE A127 30
END TURN 307
TURN 308
COMMAND LEFT START
MOVE A94 113
UPGRADE 121
COMMAND LEFT END
COMMAND RIGHT START
COMMAND RIGHT END
TURN 308 RESULT
TIME LEFT 0 5 RIGHT 0 5
UPGRADE A 121
MOVE A90 78
MOVE A92 86
MOVE A93 96
MOVE A94 118
MOVE A116 196
MOVE A117 151
MOVE A123 67
MOVE A124 67
MOVE A125 46
MOVE A126 46
MOVE A127 46
END TURN 308
TURN 309
COMMAND LEFT START
UPGRADE 129
COMMAND LEFT END
COMMAND RIGHT START
COMMAND RIGHT END
TURN 309 RESULT
TIME LEFT 0 5 RIGHT 0 5
UPGRADE A 129
MOVE A90 84
MOVE A92 87
MOVE A94 119
MOVE A116 212
MOVE A117 164
MOVE A123 76
MOVE A124 76
MOVE A125 67
MOVE A126 67
MOVE A127 67
END TURN 309
TURN 310
COMMAND LEFT START
MOVE A95 129
MOVE A122 197
COMMAND LEFT END
COMMAND RIGHT START
COMMAND RIGHT END
TURN 310 RESULT
TIME LEFT 0 5 RIGHT 0 5
MOVE A90 81
MOVE A94 115
MOVE A95 124
MOVE A116 223
MOVE A117 158
MOVE A122 124
MOVE A123 92
MOVE A124 92
MOVE A125 76
MOVE A126 76
MOVE A127 76
END TURN 310
TURN 311
COMMAND LEFT START
MOVE A121 211
UPGRADE 146
COMMAND LEFT END
COMMAND RIGHT START
COMMAND RIGHT END
TURN 311 RESULT
TIME LEFT 0 5 RIGHT 0 5
UPGRADE A 146
MOVE A94 106
MOVE A95 123
MOVE A116 232
MOVE A117 161
MOVE A121 137
MOVE A122 146
MOVE A123 104
MOVE A124 104
MOVE A125 92
MOVE A126 92
MOVE A127 92
DAMAGE TURRET A117 2
DAMAGE COMBAT A117 1
DAMAGE COMBAT B51 1
END TURN 311
TURN 312
COMMAND LEFT START
MOVE A97 146
UPGRADE 155
COMMAND LEFT END
COMMAND RIGHT START
COMMAND RIGHT END
TURN 312 RESULT
TIME LEFT 0 5 RIGHT 0 5
UPGRADE A 155
MOVE A94 113
MOVE A95 127
MOVE A97 124
MOVE A116 240
MOVE A121 152
MOVE A122 156
MOVE A123 121
MOVE A124 121
MOVE A125 104
MOVE A126 104
MOVE A127 104
DAMAGE TURRET A116 2
DAMAGE TURRET A117 2
DAMAGE COMBAT A116 2
DAMAGE COMBAT A117 1
DAMAGE COMBAT B21 1
DAMAGE COMBAT B51 1
END TURN 312
TURN 313
COMMAND LEFT START
MOVE A98 155
UPGRADE 174
COMMAND LEFT END
COMMAND RIGHT START
COMMAND RIGHT END
TURN 313 RESULT
TIME LEFT 0 5 RIGHT 0 5
UPGRADE A 174
MOVE A95 136
MOVE A97 146
MOVE A98 124
MOVE A121 172
MOVE A122 155
MOVE A125 121
MOVE A126 121
MOVE A127 121
DAMAGE TURRET A116 2
DAMAGE TURRET A117 2
DAMAGE COMBAT A116 2
DAMAGE COMBAT B21 1
DAMAGE COMBAT B51 1
END TURN 313
TURN 314
COMMAND LEFT START
MOVE A99 174
UPGRADE 177
COMMAND LEFT END
COMMAND RIGHT START
COMMAND RIGHT END
TURN 314 RESULT
TIME LEFT 0 5 RIGHT 0 5
UPGRADE A 177
MOVE A95 129
MOVE A98 146
MOVE A99 137
MOVE A121 187
MOVE A122 168
END TURN 314
TURN 315
COMMAND LEFT START
MOVE A100 177
MOVE A127 161
COMMAND LEFT END
COMMAND RIGHT START
COMMAND RIGHT END
TURN 315 RESULT
TIME LEFT 0 5 RIGHT 0 5
MOVE A98 156
MOVE A99 149
MOVE A100 138
MOVE A121 200
MOVE A122 178
MOVE A127 124
END TURN 315
TURN 316
COMMAND LEFT START
MOVE A126 240
TRAIN 1
COMMAND LEFT END
COMMAND RIGHT START
COMMAND RIGHT END
TURN 316 RESULT
TIME LEFT 0 5 RIGHT 0 5
TRAIN A128
MOVE A98 155
MOVE A99 154
MOVE A100 150
MOVE A121 211
MOVE A122 182
MOVE A126 138
MOVE A127 123
DAMAGE TURRET A121 2
DAMAGE COMBAT A121 1
DAMAGE COMBAT B29 1
END TURN 316
TURN 317
COMMAND LEFT START
MOVE A128 121
TRAIN 3
COMMAND LEFT END
COMMAND RIGHT START
COMMAND RIGHT END
TURN 317 RESULT
TIME LEFT 0 5 RIGHT 0 5
TRAIN A129 A130 A131
MOVE A99 174
MOVE A100 157
MOVE A122 197
MOVE A126 150
MOVE A127 127
MOVE A128 9
DAMAGE TURRET A121 2
DAMAGE TURRET A122 2
DAMAGE COMBAT A121 1
DAMAGE COMBAT A122 1
DAMAGE COMBAT B28 1
DAMAGE COMBAT B29 1
END TURN 317
TURN 318
COMMAND LEFT START
MOVE A131 121
MOVE A130 121
MOVE A129 121
TRAIN 3
COMMAND LEFT END
COMMAND RIGHT START
MOVE B21 197
MOVE B51 197
COMMAND RIGHT END
TURN 318 RESULT
TIME LEFT 0 5 RIGHT 0 5
TRAIN A132 A133 A134
MOVE A100 169
MOVE A126 166
MOVE A127 136
MOVE A128 22
MOVE A129 9
MOVE A130 9
MOVE A131 9
MOVE B21 234
MOVE B51 171
DAMAGE TURRET A121 2
DAMAGE TURRET A122 2
DAMAGE COMBAT A122 1
DAMAGE COMBAT B28 1
DAMAGE COMBAT B29 1
END TURN 318
TURN 319
COMMAND LEFT START
MOVE A134 121
MOVE A133 121
MOVE A132 121
TRAIN 3
COMMAND LEFT END
COMMAND RIGHT START
COMMAND RIGHT END
TURN 319 RESULT
TIME LEFT 0 5 RIGHT 0 5
TRAIN A135 A136 A137
MOVE A100 177
MOVE A126 175
MOVE A127 148
MOVE A128 30
MOVE A129 22
MOVE A130 22
MOVE A131 22
MOVE A132 9
MOVE A133 9
MOVE A134 9
MOVE B21 222
MOVE B51 198
DAMAGE TURRET A122 2
DAMAGE COMBAT B28 1
END TURN 319
TURN 320
COMMAND LEFT START
MOVE A137 121
MOVE A136 121
MOVE A135 121
TRAIN 3
COMMAND LEFT END
COMMAND RIGHT START
COMMAND RIGHT END
TURN 320 RESULT
TIME LEFT 0 5 RIGHT 0 5
TRAIN A138 A139 A140
MOVE A126 196
MOVE A127 151
MOVE A128 46
MOVE A129 30
MOVE A130 30
MOVE A131 30
MOVE A132 22
MOVE A133 22
MOVE A134 22
MOVE A135 9
MOVE A136 9
MOVE A137 9
MOVE B21 219
MOVE B51 197
END TURN 320
TURN 321
COMMAND LEFT START
MOVE A140 121
MOVE A139 121
MOVE A138 121
TRAIN 3
COMMAND LEFT END
COMMAND RIGHT START
COMMAND RIGHT END
TURN 321 RESULT
TIME LEFT 0 5 RIGHT 0 5
TRAIN A141 A142 A143
MOVE A126 212
MOVE A127 164
MOVE A128 67
MOVE A129 46
MOVE A130 46
MOVE A131 46
MOVE A132 30
MOVE A133 30
MOVE A134 30
MOVE A135 22
MOVE A136 22
MOVE A137 22
MOVE A138 9
MOVE A139 9
MOVE A140 9
MOVE B21 197
END TURN 321
TURN 322
COMMAND LEFT START
MOVE A125 197
MOVE A143 121
MOVE A142 121
MOVE A141 121
TRAIN 3
COMMAND LEFT END
COMMAND RIGHT START
COMMAND RIGHT END
TURN 322 RESULT
TIME LEFT 0 5 RIGHT 0 5
TRAIN A144 A145 A146
MOVE A125 124
MOVE A126 223
MOVE A127 158
MOVE A128 76
MOVE A129 67
MOVE A130 67
MOVE A131 67
MOVE A132 46
MOVE A133 46
MOVE A134 46
MOVE A135 30
MOVE A136 30
MOVE A137 30
MOVE A138 22
MOVE A139 22
MOVE A140 22
MOVE A141 9
MOVE A142 9
MOVE A143 9
END TURN 322
TURN 323
COMMAND LEFT START
MOVE A124 211
MOVE A146 121
MOVE A145 121
MOVE A144 121
TRAIN 3
COMMAND LEFT END
COMMAND RIGHT START
COMMAND RIGHT END
TURN 323 RESULT
TIME LEFT 0 5 RIGHT 0 5
TRAIN A147 A148 A149
MOVE A124 137
MOVE A125 146
MOVE A126 232
MOVE A127 161
MOVE A128 92
MOVE A129 76
MOVE A130 76
MOVE A131 76
MOVE A132 67
MOVE A133 67
MOVE A134 67
MOVE A135 46
MOVE A136 46
MOVE A137 46
MOVE A138 30
MOVE A139 30
MOVE A140 30
MOVE A141 22
MOVE A142 22
MOVE A143 22
MOVE A144 9
MOVE A145 9
MOVE A146 9
DAMAGE TURRET A127 2
SIEGE B 161 1
END TURN 323
TURN 324
COMMAND LEFT START
MOVE A127 177
MOVE A149 121
MOVE A148 121
MOVE A147 121
TRAIN 3
COMMAND LEFT END
COMMAND RIGHT START
MOVE B21 161
MOVE B30 161
MOVE B51 161
COMMAND RIGHT END
TURN 324 RESULT
TIME LEFT 0 5 RIGHT 0 5
TRAIN A150 A151 A152
MOVE A124 152
MOVE A125 156
MOVE A126 240
MOVE A127 171
MOVE A128 104
MOVE A129 92
MOVE A130 92
MOVE A131 92
MOVE A132 76
MOVE A133 76
MOVE A134 76
MOVE A135 67
MOVE A136 67
MOVE A137 67
MOVE A138 46
MOVE A139 46
MOVE A140 46
MOVE A141 30
MOVE A142 30
MOVE A143 30
MOVE A144 22
MOVE A145 22
MOVE A146 22
MOVE A147 9
MOVE A148 9
MOVE A149 9
MOVE B21 198
MOVE B30 234
MOVE B51 198
DAMAGE TURRET A126 2
SIEGE B 240 1
END TURN 324
TURN 325
COMMAND LEFT START
MOVE A126 177
MOVE A152 121
MOVE A151 121
MOVE A150 121
TRAIN 3
COMMAND LEFT END
COMMAND RIGHT START
MOVE B1 240
MOVE B11 240
MOVE B12 240
COMMAND RIGHT END
TURN 325 RESULT
TIME LEFT 0 5 RIGHT 0 5
TRAIN A153 A154 A155
MOVE A124 172
MOVE A125 155
MOVE A126 232
MOVE A127 173
MOVE A128 121
MOVE A129 104
MOVE A130 104
MOVE A131 104
MOVE A132 92
MOVE A133 92
MOVE A134 92
MOVE A135 76
MOVE A136 76
MOVE A137 76
MOVE A138 67
MOVE A139 67
MOVE A140 67
MOVE A141 46
MOVE A142 46
MOVE A143 46
MOVE A144 30
MOVE A145 30
MOVE A146 30
MOVE A147 22
MOVE A148 22
MOVE A149 22
MOVE A150 9
MOVE A151 9
MOVE A152 9
MOVE B1 240
MOVE B11 240
MOVE B12 240
MOVE B21 171
MOVE B30 222
MOVE B51 171
END TURN 325
TURN 326
COMMAND LEFT START
MOVE A155 121
MOVE A154 121
MOVE A153 121
TRAIN 3
COMMAND LEFT END
COMMAND RIGHT START
UPGRADE 240
COMMAND RIGHT END
TURN 326 RESULT
TIME LEFT 0 5 RIGHT 0 5
UPGRADE B 240
TRAIN A156 A157 A158
MOVE A124 187
MOVE A125 168
MOVE A126 224
MOVE A127 170
MOVE A129 121
MOVE A130 121
MOVE A131 121
MOVE A132 104
MOVE A133 104
MOVE A134 104
MOVE A135 92
MOVE A136 92
MOVE A137 92
MOVE A138 76
MOVE A139 76
MOVE A140 76
MOVE A141 67
MOVE A142 67
MOVE A143 67
MOVE A144 46
MOVE A145 46
MOVE A146 46
MOVE A147 30
MOVE A148 30
MOVE A149 30
MOVE A150 22
MOVE A151 22
MOVE A152 22
MOVE A153 9
MOVE A154 9
MOVE A155 9
MOVE B21 161
MOVE B30 219
MOVE B51 161
END TURN 326
TURN 327
COMMAND LEFT START
MOVE A131 161
MOVE A130 240
MOVE A129 240
MOVE A128 240
MOVE A123 240
MOVE A120 240
MOVE A115 240
COMMAND LEFT END
COMMAND RIGHT START
UPGRADE 161
COMMAND RIGHT END
TURN 327 RESULT
TIME LEFT 0 5 RIGHT 0 5
UPGRADE B 161
MOVE A115 138
MOVE A120 138
MOVE A123 138
MOVE A124 200
MOVE A125 178
MOVE A126 209
MOVE A127 178
MOVE A128 138
MOVE A129 138
MOVE A130 138
MOVE A131 124
MOVE A132 121
MOVE A133 121
MOVE A134 121
MOVE A135 104
MOVE A136 104
MOVE A137 104
MOVE A138 92
MOVE A139 92
MOVE A140 92
MOVE A141 76
MOVE A142 76
MOVE A143 76
MOVE A144 67
MOVE A145 67
MOVE A146 67
MOVE A147 46
MOVE A148 46
MOVE A149 46
MOVE A150 30
MOVE A151 30
MOVE A152 30
MOVE A153 22
MOVE A154 22
MOVE A155 22
MOVE B30 197
END TURN 327
TURN 328
COMMAND LEFT START
MOVE A158 121
MOVE A157 121
MOVE A156 121
TRAIN 3
COMMAND LEFT END
COMMAND RIGHT START
COMMAND RIGHT END
TURN 328 RESULT
TIME LEFT 0 5 RIGHT 0 5
TRAIN A159 A160 A161
MOVE A115 150
MOVE A120 150
MOVE A123 150
MOVE A124 211
MOVE A125 182
MOVE A126 195
MOVE A127 177
MOVE A128 150
MOVE A129 150
MOVE A130 150
MOVE A131 123
MOVE A135 121
MOVE A136 121
MOVE A137 121
MOVE A138 104
MOVE A139 104
MOVE A140 104
MOVE A141 92
MOVE A142 92
MOVE A143 92
MOVE A144 76
MOVE A145 76
MOVE A146 76
MOVE A147 67
MOVE A148 67
MOVE A149 67
MOVE A150 46
MOVE A151 46
MOVE A152 46
MOVE A153 30
MOVE A154 30
MOVE A155 30
MOVE A156 9
MOVE A157 9
MOVE A158 9
MOVE B30 198
DAMAGE TURRET A124 2
DAMAGE COMBAT A124 1
DAMAGE COMBAT B29 1
END TURN 328
TURN 329
COMMAND LEFT START
MOVE A127 121
MOVE A161 121
MOVE A160 121
MOVE A159 121
TRAIN 3
COMMAND LEFT END
COMMAND RIGHT START
MOVE B53 211
MOVE B54 211
COMMAND RIGHT END
TURN 329 RESULT
TIME LEFT 0 5 RIGHT 0 5
TRAIN A162 A163 A164
MOVE A115 166
MOVE A120 166
MOVE A123 166
MOVE A125 197
MOVE A126 177
MOVE A127 169
MOVE A128 166
MOVE A129 166
MOVE A130 166
MOVE A131 127
MOVE A138 121
MOVE A139 121
MOVE A140 121
MOVE A141 104
MOVE A142 104
MOVE A143 104
MOVE A144 92
MOVE A145 92
MOVE A146 92
MOVE A147 76
MOVE A148 76
MOVE A149 76
MOVE A150 67
MOVE A151 67
MOVE A152 67
MOVE A153 46
MOVE A154 46
MOVE A155 46
MOVE A156 22
MOVE A157 22
MOVE A158 22
MOVE A159 9
MOVE A160 9
MOVE A161 9
MOVE B30 171
MOVE B53 238
MOVE B54 238
DAMAGE TURRET A124 2
DAMAGE TURRET A125 2
DAMAGE COMBAT A124 1
DAMAGE COMBAT B29 1
SIEGE B 197 1
END TURN 329
TURN 330
COMMAND LEFT START
MOVE A125 177
TRAIN 3
COMMAND LEFT END
COMMAND RIGHT START
MOVE B1 197
MOVE B21 197
MOVE B51 197
COMMAND RIGHT END
TURN 330 RESULT
TIME LEFT 0 5 RIGHT 0 5
TRAIN A165 A166 A167
MOVE A115 175
MOVE A120 175
MOVE A123 175
MOVE A125 182
MOVE A127 157
MOVE A128 175
MOVE A129 175
MOVE A130 175
MOVE A131 136
MOVE A141 121
MOVE A142 121
MOVE A143 121
MOVE A144 104
MOVE A145 104
MOVE A146 104
MOVE A147 92
MOVE A148 92
MOVE A149 92
MOVE A150 76
MOVE A151 76
MOVE A152 76
MOVE A153 67
MOVE A154 67
MOVE A155 67
MOVE A156 30
MOVE A157 30
MOVE A158 30
MOVE A159 22
MOVE A160 22
MOVE A161 22
MOVE B1 234
MOVE B21 171
MOVE B30 161
MOVE B51 171
MOVE B53 235
MOVE B54 235
DAMAGE TURRET A124 2
DAMAGE COMBAT B29 1
END TURN 330
TURN 331
COMMAND LEFT START
MOVE A143 197
MOVE A142 197
MOVE A141 197
MOVE A140 197
MOVE A139 197
MOVE A138 197
MOVE A137 197
MOVE A136 197
MOVE A135 197
MOVE A134 197
MOVE A133 197
MOVE A132 197
COMMAND LEFT END
COMMAND RIGHT START
COMMAND RIGHT END
TURN 331 RESULT
TIME LEFT 0 5 RIGHT 0 5
MOVE A115 196
MOVE A120 196
MOVE A123 196
MOVE A125 178
MOVE A127 150
MOVE A128 196
MOVE A129 196
MOVE A130 196
MOVE A131 148
MOVE A132 124
MOVE A133 124
MOVE A134 124
MOVE A135 124
MOVE A136 124
MOVE A137 124
MOVE A138 124
MOVE A139 124
MOVE A140 124
MOVE A141 124
MOVE A142 124
MOVE A143 124
MOVE A144 121
MOVE A145 121
MOVE A146 121
MOVE A147 104
MOVE A148 104
MOVE A149 104
MOVE A150 92
MOVE A151 92
MOVE A152 92
MOVE A153 76
MOVE A154 76
MOVE A155 76
MOVE A156 46
MOVE A157 46
MOVE A158 46
MOVE A159 30
MOVE A160 30
MOVE A161 30
MOVE B1 222
MOVE B21 198
MOVE B51 198
MOVE B53 218
MOVE B54 218
END TURN 331
TURN 332
COMMAND LEFT START
MOVE A126 121
MOVE A167 121
MOVE A166 121
MOVE A165 121
MOVE A164 121
MOVE A163 121
MOVE A162 121
TRAIN 3
COMMAND LEFT END
COMMAND RIGHT START
COMMAND RIGHT END
TURN 332 RESULT
TIME LEFT 0 5 RIGHT 0 5
TRAIN A168 A169 A170
MOVE A115 212
MOVE A120 212
MOVE A123 212
MOVE A125 177
MOVE A126 169
MOVE A127 138
MOVE A128 212
MOVE A129 212
MOVE A130 212
MOVE A131 151
MOVE A132 146
MOVE A133 146
MOVE A134 146
MOVE A135 146
MOVE A136 146
MOVE A137 146
MOVE A138 146
MOVE A139 146
MOVE A140 146
MOVE A141 146
MOVE A142 146
MOVE A143 146
MOVE A147 121
MOVE A148 121
MOVE A149 121
MOVE A150 104
MOVE A151 104
MOVE A152 104
MOVE A153 92
MOVE A154 92
MOVE A155 92
MOVE A156 67
MOVE A157 67
MOVE A158 67
MOVE A159 46
MOVE A160 46
MOVE A161 46
MOVE A162 9
MOVE A163 9
MOVE A164 9
MOVE A165 9
MOVE A166 9
MOVE A167 9
MOVE B1 219
MOVE B21 197
MOVE B51 197
MOVE B53 211
MOVE B54 211
END TURN 332
TURN 333
COMMAND LEFT START
MOVE A125 121
MOVE A170 121
MOVE A169 121
MOVE A168 121
TRAIN 3
COMMAND LEFT END
COMMAND RIGHT START
UPGRADE 197
COMMAND RIGHT END
TURN 333 RESULT
TIME LEFT 0 5 RIGHT 0 5
UPGRADE B 197
TRAIN A171 A172 A173
MOVE A115 223
MOVE A120 223
MOVE A123 223
MOVE A125 169
MOVE A126 157
MOVE A127 121
MOVE A128 223
MOVE A129 223
MOVE A130 223
MOVE A131 164
MOVE A132 156
MOVE A133 156
MOVE A134 156
MOVE A135 156
MOVE A136 156
MOVE A137 156
MOVE A138 156
MOVE A139 156
MOVE A140 156
MOVE A141 156
MOVE A142 156
MOVE A143 156
MOVE A150 121
MOVE A151 121
MOVE A152 121
MOVE A153 104
MOVE A154 104
MOVE A155 104
MOVE A156 76
MOVE A157 76
MOVE A158 76
MOVE A159 67
MOVE A160 67
MOVE A161 67
MOVE A162 22
MOVE A163 22
MOVE A164 22
MOVE A165 22
MOVE A166 22
MOVE A167 22
MOVE A168 9
MOVE A169 9
MOVE A170 9
MOVE B1 197
END TURN 333
TURN 334
COMMAND LEFT START
MOVE A173 121
MOVE A172 121
MOVE A171 121
TRAIN 3
COMMAND LEFT END
COMMAND RIGHT START
MOVE B55 240
MOVE B110 240
MOVE B112 240
MOVE B113 240
MOVE B114 240
MOVE B115 240
MOVE B116 240
COMMAND RIGHT END
TURN 334 RESULT
TIME LEFT 0 5 RIGHT 0 5
TRAIN A174 A175 A176
MOVE A115 232
MOVE A120 232
MOVE A123 232
MOVE A125 157
MOVE A126 150
MOVE A128 232
MOVE A129 232
MOVE A130 232
MOVE A131 158
MOVE A132 155
MOVE A133 155
MOVE A134 155
MOVE A135 155
MOVE A136 155
MOVE A137 155
MOVE A138 155
MOVE A139 155
MOVE A140 155
MOVE A141 155
MOVE A142 155
MOVE A143 155
MOVE A153 121
MOVE A154 121
MOVE A155 121
MOVE A156 92
MOVE A157 92
MOVE A158 92
MOVE A159 76
MOVE A160 76
MOVE A161 76
MOVE A162 30
MOVE A163 30
MOVE A164 30
MOVE A165 30
MOVE A166 30
MOVE A167 30
MOVE A168 22
MOVE A169 22
MOVE A170 22
MOVE A171 9
MOVE A172 9
MOVE A173 9
MOVE B55 240
MOVE B110 240
MOVE B112 240
MOVE B113 240
MOVE B114 240
MOVE B115 240
MOVE B116 240
END TURN 334
TURN 335
COMMAND LEFT START
MOVE A176 121
MOVE A175 121
MOVE A174 121
TRAIN 3
COMMAND LEFT END
COMMAND RIGHT START
TRAIN 3
COMMAND RIGHT END
TURN 335 RESULT
TIME LEFT 0 5 RIGHT 0 5
TRAIN A177 A178 A179 B120 B121 B122
MOVE A115 240
MOVE A120 240
MOVE A123 240
MOVE A125 150
MOVE A126 138
MOVE A128 240
MOVE A129 240
MOVE A130 240
MOVE A131 161
MOVE A132 168
MOVE A133 168
MOVE A134 168
MOVE A135 168
MOVE A136 168
MOVE A137 168
MOVE A138 168
MOVE A139 168
MOVE A140 168
MOVE A141 168
MOVE A142 168
MOVE A143 168
MOVE A156 104
MOVE A157 104
MOVE A158 104
MOVE A159 92
MOVE A160 92
MOVE A161 92
MOVE A162 46
MOVE A163 46
MOVE A164 46
MOVE A165 46
MOVE A166 46
MOVE A167 46
MOVE A168 30
MOVE A169 30
MOVE A170 30
MOVE A171 22
MOVE A172 22
MOVE A173 22
MOVE A174 9
MOVE A175 9
MOVE A176 9
DAMAGE TURRET A115 2
DAMAGE TURRET A131 2
DAMAGE COMBAT A115 6
DAMAGE COMBAT A120 3
DAMAGE COMBAT A131 1
DAMAGE COMBAT B11 5
DAMAGE COMBAT B12 1
DAMAGE COMBAT B30 1
END TURN 335
TURN 336
COMMAND LEFT START
MOVE A179 121
MOVE A178 121
MOVE A177 121
TRAIN 3
COMMAND LEFT END
COMMAND RIGHT START
MOVE B120 211
MOVE B121 177
TRAIN 3
COMMAND RIGHT END
TURN 336 RESULT
TIME LEFT 1 5 RIGHT 0 5
TRAIN A180 A181 A182 B123 B124 B125
MOVE A125 138
MOVE A126 121
MOVE A132 178
MOVE A133 178
MOVE A134 178
MOVE A135 178
MOVE A136 178
MOVE A137 178
MOVE A138 178
MOVE A139 178
MOVE A140 178
MOVE A141 178
MOVE A142 178
MOVE A143 178
MOVE A156 121
MOVE A157 121
MOVE A158 121
MOVE A159 104
MOVE A160 104
MOVE A161 104
MOVE A162 67
MOVE A163 67
MOVE A164 67
MOVE A165 67
MOVE A166 67
MOVE A167 67
MOVE A168 46
MOVE A169 46
MOVE A170 46
MOVE A171 30
MOVE A172 30
MOVE A173 30
MOVE A174 22
MOVE A175 22
MOVE A176 22
MOVE A177 9
MOVE A178 9
MOVE A179 9
MOVE B120 238
MOVE B121 233
DAMAGE TURRET A120 2
DAMAGE TURRET A131 2
DAMAGE COMBAT A120 3
DAMAGE COMBAT A123 5
DAMAGE COMBAT A131 1
DAMAGE COMBAT B12 5
DAMAGE COMBAT B30 1
END TURN 336
TURN 337
COMMAND LEFT START
MOVE A158 211
MOVE A182 121
MOVE A181 121
MOVE A180 121
TRAIN 3
COMMAND LEFT END
COMMAND RIGHT START
MOVE B124 31
TRAIN 3
COMMAND RIGHT END
TURN 337 RESULT
TIME LEFT 0 5 RIGHT 0 5
TRAIN A183 A184 A185 B126 B127 B128
MOVE A125 121
MOVE A132 182
MOVE A133 182
MOVE A134 182
MOVE A135 182
MOVE A136 182
MOVE A137 182
MOVE A138 182
MOVE A139 182
MOVE A140 182
MOVE A141 182
MOVE A142 182
MOVE A143 182
MOVE A158 137
MOVE A159 121
MOVE A160 121
MOVE A161 121
MOVE A162 76
MOVE A163 76
MOVE A164 76
MOVE A165 76
MOVE A166 76
MOVE A167 76
MOVE A168 67
MOVE A169 67
MOVE A170 67
MOVE A171 46
MOVE A172 46
MOVE A173 46
MOVE A174 30
MOVE A175 30
MOVE A176 30
MOVE A177 22
MOVE A178 22
MOVE A179 22
MOVE A180 9
MOVE A181 9
MOVE A182 9
MOVE B120 235
MOVE B121 220
MOVE B124 233
DAMAGE TURRET A123 2
DAMAGE TURRET A131 2
DAMAGE COMBAT A123 1
DAMAGE COMBAT A128 6
DAMAGE COMBAT B30 1
DAMAGE COMBAT B55 4
END TURN 337
TURN 338
COMMAND LEFT START
MOVE A161 161
MOVE A185 121
MOVE A184 121
MOVE A183 121
TRAIN 3
COMMAND LEFT END
COMMAND RIGHT START
TRAIN 3
COMMAND RIGHT END
TURN 338 RESULT
TIME LEFT 0 5 RIGHT 0 5
TRAIN A186 A187 A188 B129 B130 B131
MOVE A132 197
MOVE A133 197
MOVE A134 197
MOVE A135 197
MOVE A136 197
MOVE A137 197
MOVE A138 197
MOVE A139 197
MOVE A140 197
MOVE A141 197
MOVE A142 197
MOVE A143 197
MOVE A158 152
MOVE A161 124
MOVE A162 92
MOVE A163 92
MOVE A164 92
MOVE A165 92
MOVE A166 92
MOVE A167 92
MOVE A168 76
MOVE A169 76
MOVE A170 76
MOVE A171 67
MOVE A172 67
MOVE A173 67
MOVE A174 46
MOVE A175 46
MOVE A176 46
MOVE A177 30
MOVE A178 30
MOVE A179 30
MOVE A180 22
MOVE A181 22
MOVE A182 22
MOVE A183 9
MOVE A184 9
MOVE A185 9
MOVE B120 218
MOVE B121 212
MOVE B124 220
DAMAGE TURRET A128 2
DAMAGE TURRET A132 2
DAMAGE COMBAT A129 7
DAMAGE COMBAT A132 3
DAMAGE COMBAT B1 4
DAMAGE COMBAT B21 2
DAMAGE COMBAT B51 4
DAMAGE COMBAT B55 3
SIEGE B 197 2
END TURN 338
TURN 339
COMMAND LEFT START
MOVE A188 121
MOVE A187 121
MOVE A186 121
TRAIN 3
COMMAND LEFT END
COMMAND RIGHT START
TRAIN 3
COMMAND RIGHT END
TURN 339 RESULT
TIME LEFT 0 5 RIGHT 0 5
TRAIN A189 A190 A191 B132 B133 B134
MOVE A158 172
MOVE A161 123
MOVE A162 104
MOVE A163 104
MOVE A164 104
MOVE A165 104
MOVE A166 104
MOVE A167 104
MOVE A168 92
MOVE A169 92
MOVE A170 92
MOVE A171 76
MOVE A172 76
MOVE A173 76
MOVE A174 67
MOVE A175 67
MOVE A176 67
MOVE A177 46
MOVE A178 46
MOVE A179 46
MOVE A180 30
MOVE A181 30
MOVE A182 30
MOVE A183 22
MOVE A184 22
MOVE A185 22
MOVE A186 9
MOVE A187 9
MOVE A188 9
MOVE B120 211
MOVE B121 209
MOVE B124 202
DAMAGE TURRET A129 1
DAMAGE TURRET A130 1
DAMAGE TURRET A132 2
DAMAGE COMBAT A130 6
DAMAGE COMBAT B110 2
SIEGE B 197 12
END TURN 339
TURN 340
COMMAND LEFT START
MOVE A191 121
MOVE A190 121
MOVE A189 121
TRAIN 3
COMMAND LEFT END
COMMAND RIGHT START
MOVE B129 197
MOVE B130 197
MOVE B131 197
TRAIN 3
COMMAND RIGHT END
TURN 340 RESULT
TIME LEFT 0 5 RIGHT 0 5
TRAIN A192 A193 A194 B135 B136 B137
MOVE A158 187
MOVE A161 127
MOVE A162 121
MOVE A163 121
MOVE A164 121
MOVE A165 121
MOVE A166 121
MOVE A167 121
MOVE A168 104
MOVE A169 104
MOVE A170 104
MOVE A171 92
MOVE A172 92
MOVE A173 92
MOVE A174 76
MOVE A175 76
MOVE A176 76
MOVE A177 67
MOVE A178 67
MOVE A179 67
MOVE A180 46
MOVE A181 46
MOVE A182 46
MOVE A183 30
MOVE A184 30
MOVE A185 30
MOVE A186 22
MOVE A187 22
MOVE A188 22
MOVE A189 9
MOVE A190 9
MOVE A191 9
MOVE B121 195
MOVE B124 196
MOVE B129 240
MOVE B130 240
MOVE B131 240
DAMAGE TURRET A130 1
DAMAGE TURRET A132 1
DAMAGE TURRET A133 1
DAMAGE COMBAT B110 1
SIEGE B 197 4
END TURN 340
TURN 341
COMMAND LEFT START
MOVE A133 121
MOVE A134 121
MOVE A135 121
MOVE A136 121
MOVE A137 121
MOVE A138 121
MOVE A139 121
MOVE A140 121
MOVE A141 121
MOVE A194 121
MOVE A193 121
MOVE A192 121
UPGRADE 197
TRAIN 3
COMMAND LEFT END
COMMAND RIGHT START
MOVE B114 242
MOVE B115 242
MOVE B116 242
MOVE B122 161
MOVE B123 161
TRAIN 3
COMMAND RIGHT END
TURN 341 RESULT
TIME LEFT 0 5 RIGHT 0 5
UPGRADE A 197
TRAIN A195 A196 A197 B138 B139 B140
MOVE A133 182
MOVE A134 182
MOVE A135 182
MOVE A136 182
MOVE A137 182
MOVE A138 182
MOVE A139 182
MOVE A140 182
MOVE A141 182
MOVE A158 200
MOVE A161 136
MOVE A168 121
MOVE A169 121
MOVE A170 121
MOVE A171 104
MOVE A172 104
MOVE A173 104
MOVE A174 92
MOVE A175 92
MOVE A176 92
MOVE A177 76
MOVE A178 76
MOVE A179 76
MOVE A180 67
MOVE A181 67
MOVE A182 67
MOVE A183 46
MOVE A184 46
MOVE A185 46
MOVE A186 30
MOVE A187 30
MOVE A188 30
MOVE A189 22
MOVE A190 22
MOVE A191 22
MOVE A192 9
MOVE A193 9
MOVE A194 9
MOVE B114 242
MOVE B115 242
MOVE B116 242
MOVE B121 177
MOVE B122 240
MOVE B123 240
MOVE B124 180
MOVE B129 234
MOVE B130 234
MOVE B131 234
DAMAGE TURRET B121 2
DAMAGE COMBAT A80 1
DAMAGE COMBAT B121 3
END TURN 341
TURN 342
COMMAND LEFT START
MOVE A170 240
MOVE A197 121
MOVE A196 121
MOVE A195 121
UPGRADE 197
TRAIN 3
COMMAND LEFT END
COMMAND RIGHT START
TRAIN 3
COMMAND RIGHT END
TURN 342 RESULT
TIME LEFT 1 5 RIGHT 0 5
UPGRADE A 197
TRAIN A198 A199 A200 B141 B142 B143
MOVE A133 178
MOVE A134 178
MOVE A135 178
MOVE A136 178
MOVE A137 178
MOVE A138 178
MOVE A139 178
MOVE A140 178
MOVE A141 178
MOVE A158 211
MOVE A161 148
MOVE A170 138
MOVE A171 121
MOVE A172 121
MOVE A173 121
MOVE A174 104
MOVE A175 104
MOVE A176 104
MOVE A177 92
MOVE A178 92
MOVE A179 92
MOVE A180 76
MOVE A181 76
MOVE A182 76
MOVE A183 67
MOVE A184 67
MOVE A185 67
MOVE A186 46
MOVE A187 46
MOVE A188 46
MOVE A189 30
MOVE A190 30
MOVE A191 30
MOVE A192 22
MOVE A193 22
MOVE A194 22
MOVE A195 9
MOVE A196 9
MOVE A197 9
MOVE B122 234
MOVE B123 234
MOVE B124 157
MOVE B129 222
MOVE B130 222
MOVE B131 222
DAMAGE TURRET A158 2
DAMAGE TURRET B121 2
DAMAGE COMBAT A80 1
DAMAGE COMBAT A158 3
DAMAGE COMBAT B53 1
DAMAGE COMBAT B121 1
END TURN 342
TURN 343
COMMAND LEFT START
MOVE A200 121
MOVE A199 121
MOVE A198 121
UPGRADE 197
TRAIN 3
COMMAND LEFT END
COMMAND RIGHT START
TRAIN 3
COMMAND RIGHT END
TURN 343 RESULT
TIME LEFT 1 5 RIGHT 0 5
UPGRADE A 197
TRAIN A201 A202 A203 B144 B145 B146
MOVE A133 168
MOVE A134 168
MOVE A135 168
MOVE A136 168
MOVE A137 168
MOVE A138 168
MOVE A139 168
MOVE A140 168
MOVE A141 168
MOVE A161 151
MOVE A170 150
MOVE A174 121
MOVE A175 121
MOVE A176 121
MOVE A177 104
MOVE A178 104
MOVE A179 104
MOVE A180 92
MOVE A181 92
MOVE A182 92
MOVE A183 76
MOVE A184 76
MOVE A185 76
MOVE A186 67
MOVE A187 67
MOVE A188 67
MOVE A189 46
MOVE A190 46
MOVE A191 46
MOVE A192 30
MOVE A193 30
MOVE A194 30
MOVE A195 22
MOVE A196 22
MOVE A197 22
MOVE A198 9
MOVE A199 9
MOVE A200 9
MOVE B122 222
MOVE B123 222
MOVE B124 146
MOVE B129 219
MOVE B130 219
MOVE B131 219
DAMAGE TURRET A158 2
DAMAGE TURRET B124 2
DAMAGE COMBAT A24 1
DAMAGE COMBAT A158 1
DAMAGE COMBAT B53 1
DAMAGE COMBAT B124 3
END TURN 343
TURN 344
COMMAND LEFT START
MOVE A25 197
MOVE A203 121
MOVE A202 121
TRAIN 3
COMMAND LEFT END
COMMAND RIGHT START
TRAIN 1
COMMAND RIGHT END
TURN 344 RESULT
TIME LEFT 1 5 RIGHT 0 5
TRAIN A204 A205 A206 B147
MOVE A25 4
MOVE A133 155
MOVE A134 155
MOVE A135 155
MOVE A136 155
MOVE A137 155
MOVE A138 155
MOVE A139 155
MOVE A140 155
MOVE A141 155
MOVE A161 164
MOVE A170 166
MOVE A177 121
MOVE A178 121
MOVE A179 121
MOVE A180 104
MOVE A181 104
MOVE A182 104
MOVE A183 92
MOVE A184 92
MOVE A185 92
MOVE A186 76
MOVE A187 76
MOVE A188 76
MOVE A189 67
MOVE A190 67
MOVE A191 67
MOVE A192 46
MOVE A193 46
MOVE A194 46
MOVE A195 30
MOVE A196 30
MOVE A197 30
MOVE A198 22
MOVE A199 22
MOVE A200 22
MOVE A202 9
MOVE A203 9
MOVE B122 219
MOVE B123 219
MOVE B129 197
MOVE B130 197
MOVE B131 197
DAMAGE TURRET B124 2
DAMAGE TURRET B129 2
DAMAGE COMBAT A24 1
DAMAGE COMBAT A142 3
DAMAGE COMBAT B124 1
DAMAGE COMBAT B129 2
END TURN 344
TURN 345
COMMAND LEFT START
MOVE A80 197
MOVE A87 197
MOVE A69 197
MOVE A103 177
MOVE A114 177
MOVE A125 155
MOVE A179 211
MOVE A206 121
MOVE A205 121
MOVE A204 121
TRAIN 3
COMMAND LEFT END
COMMAND RIGHT START
TRAIN 1
COMMAND RIGHT END
TURN 345 RESULT
TIME LEFT 2 5 RIGHT 0 5
TRAIN A207 A208 A209 B148
MOVE A25 13
MOVE A69 168
MOVE A80 178
MOVE A87 178
MOVE A103 138
MOVE A114 138
MOVE A125 124
MOVE A133 156
MOVE A134 156
MOVE A135 156
MOVE A136 156
MOVE A137 156
MOVE A138 156
MOVE A139 156
MOVE A140 156
MOVE A141 156
MOVE A161 158
MOVE A170 175
MOVE A179 137
MOVE A180 121
MOVE A181 121
MOVE A182 121
MOVE A183 104
MOVE A184 104
MOVE A185 104
MOVE A186 92
MOVE A187 92
MOVE A188 92
MOVE A189 76
MOVE A190 76
MOVE A191 76
MOVE A192 67
MOVE A193 67
MOVE A194 67
MOVE A195 46
MOVE A196 46
MOVE A197 46
MOVE A198 30
MOVE A199 30
MOVE A200 30
MOVE A202 22
MOVE A203 22
MOVE A204 9
MOVE A205 9
MOVE A206 9
MOVE B122 197
MOVE B123 197
DAMAGE TURRET B129 2
DAMAGE COMBAT A142 5
DAMAGE COMBAT B129 2
END TURN 345
TURN 346
COMMAND LEFT START
MOVE A182 242
MOVE A181 242
MOVE A180 242
MOVE A178 242
MOVE A177 242
MOVE A176 242
MOVE A175 242
MOVE A174 242
MOVE A173 242
MOVE A172 242
MOVE A171 242
MOVE A169 242
MOVE A168 242
MOVE A167 242
MOVE A166 242
MOVE A165 242
MOVE A164 242
MOVE A163 242
MOVE A162 242
MOVE A160 242
MOVE A159 242
MOVE A157 242
MOVE A156 242
MOVE A155 242
MOVE A154 242
MOVE A153 242
MOVE A152 242
MOVE A151 242
MOVE A150 242
MOVE A149 242
MOVE A148 242
MOVE A147 242
MOVE A146 242
MOVE A145 242
MOVE A144 242
COMMAND LEFT END
COMMAND RIGHT START
TRAIN 1
COMMAND RIGHT END
TURN 346 RESULT
TIME LEFT 0 5 RIGHT 0 5
TRAIN B149
MOVE A25 29
MOVE A69 178
MOVE A80 182
MOVE A87 182
MOVE A103 150
MOVE A114 150
MOVE A125 146
MOVE A133 146
MOVE A134 146
MOVE A135 146
MOVE A136 146
MOVE A137 146
MOVE A138 146
MOVE A139 146
MOVE A140 146
MOVE A141 146
MOVE A144 138
MOVE A145 138
MOVE A146 138
MOVE A147 138
MOVE A148 138
MOVE A149 138
MOVE A150 138
MOVE A151 138
MOVE A152 138
MOVE A153 138
MOVE A154 138
MOVE A155 138
MOVE A156 138
MOVE A157 138
MOVE A159 138
MOVE A160 138
MOVE A161 161
MOVE A162 138
MOVE A163 138
MOVE A164 138
MOVE A165 138
MOVE A166 138
MOVE A167 138
MOVE A168 138
MOVE A169 138
MOVE A170 196
MOVE A171 138
MOVE A172 138
MOVE A173 138
MOVE A174 138
MOVE A175 138
MOVE A176 138
MOVE A177 138
MOVE A178 138
MOVE A179 152
MOVE A180 138
MOVE A181 138
MOVE A182 138
MOVE A183 121
MOVE A184 121
MOVE A185 121
MOVE A186 104
MOVE A187 104
MOVE A188 104
MOVE A189 92
MOVE A190 92
MOVE A191 92
MOVE A192 76
MOVE A193 76
MOVE A194 76
MOVE A195 67
MOVE A196 67
MOVE A197 67
MOVE A198 46
MOVE A199 46
MOVE A200 46
MOVE A202 30
MOVE A203 30
MOVE A204 22
MOVE A205 22
MOVE A206 22
DAMAGE TURRET A161 2
DAMAGE TURRET B122 2
DAMAGE COMBAT A143 4
DAMAGE COMBAT A161 1
DAMAGE COMBAT B30 1
DAMAGE COMBAT B122 1
END TURN 346
TURN 347
COMMAND LEFT START
TRAIN 3
COMMAND LEFT END
COMMAND RIGHT START
COMMAND RIGHT END
TURN 347 RESULT
TIME LEFT 0 5 RIGHT 0 5
TRAIN A210 A211 A212
MOVE A25 43
MOVE A69 182
MOVE A80 197
MOVE A87 197
MOVE A103 157
MOVE A114 157
MOVE A125 156
MOVE A133 124
MOVE A134 124
MOVE A135 124
MOVE A136 124
MOVE A137 124
MOVE A138 124
MOVE A139 124
MOVE A140 124
MOVE A141 124
MOVE A144 150
MOVE A145 150
MOVE A146 150
MOVE A147 150
MOVE A148 150
MOVE A149 150
MOVE A150 150
MOVE A151 150
MOVE A152 150
MOVE A153 150
MOVE A154 150
MOVE A155 150
MOVE A156 150
MOVE A157 150
MOVE A159 150
MOVE A160 150
MOVE A162 150
MOVE A163 150
MOVE A164 150
MOVE A165 150
MOVE A166 150
MOVE A167 150
MOVE A168 150
MOVE A169 150
MOVE A170 212
MOVE A171 150
MOVE A172 150
MOVE A173 150
MOVE A174 150
MOVE A175 150
MOVE A176 150
MOVE A177 150
MOVE A178 150
MOVE A179 172
MOVE A180 150
MOVE A181 150
MOVE A182 150
MOVE A186 121
MOVE A187 121
MOVE A188 121
MOVE A189 104
MOVE A190 104
MOVE A191 104
MOVE A192 92
MOVE A193 92
MOVE A194 92
MOVE A195 76
MOVE A196 76
MOVE A197 76
MOVE A198 67
MOVE A199 67
MOVE A200 67
MOVE A202 46
MOVE A203 46
MOVE A204 30
MOVE A205 30
MOVE A206 30
DAMAGE TURRET A161 2
DAMAGE TURRET B122 2
DAMAGE COMBAT A143 4
DAMAGE COMBAT A161 1
DAMAGE COMBAT B30 1
DAMAGE COMBAT B122 3
END TURN 347
TURN 348
COMMAND LEFT START
TRAIN 3
COMMAND LEFT END
COMMAND RIGHT START
TRAIN 1
COMMAND RIGHT END
TURN 348 RESULT
TIME LEFT 0 5 RIGHT 0 5
TRAIN A213 A214 A215 B150
MOVE A25 59
MOVE A69 197
MOVE A103 169
MOVE A114 169
MOVE A125 155
MOVE A133 121
MOVE A134 121
MOVE A135 121
MOVE A136 121
MOVE A137 121
MOVE A138 121
MOVE A139 121
MOVE A140 121
MOVE A141 121
MOVE A144 166
MOVE A145 166
MOVE A146 166
MOVE A147 166
MOVE A148 166
MOVE A149 166
MOVE A150 166
MOVE A151 166
MOVE A152 166
MOVE A153 166
MOVE A154 166
MOVE A155 166
MOVE A156 166
MOVE A157 166
MOVE A159 166
MOVE A160 166
MOVE A162 166
MOVE A163 166
MOVE A164 166
MOVE A165 166
MOVE A166 166
MOVE A167 166
MOVE A168 166
MOVE A169 166
MOVE A170 223
MOVE A171 166
MOVE A172 166
MOVE A173 166
MOVE A174 166
MOVE A175 166
MOVE A176 166
MOVE A177 166
MOVE A178 166
MOVE A179 187
MOVE A180 166
MOVE A181 166
MOVE A182 166
MOVE A189 121
MOVE A190 121
MOVE A191 121
MOVE A192 104
MOVE A193 104
MOVE A194 104
MOVE A195 92
MOVE A196 92
MOVE A197 92
MOVE A198 76
MOVE A199 76
MOVE A200 76
MOVE A202 67
MOVE A203 67
MOVE A204 46
MOVE A205 46
MOVE A206 46
DAMAGE TURRET A161 2
DAMAGE TURRET B123 2
DAMAGE COMBAT A80 3
DAMAGE COMBAT B30 1
DAMAGE COMBAT B123 3
END TURN 348
TURN 349
COMMAND LEFT START
MOVE A191 161
TRAIN 3
COMMAND LEFT END
COMMAND RIGHT START
TRAIN 1
COMMAND RIGHT END
TURN 349 RESULT
TIME LEFT 0 5 RIGHT 0 5
TRAIN A216 A217 A218 B151
MOVE A25 70
MOVE A103 177
MOVE A114 177
MOVE A144 175
MOVE A145 175
MOVE A146 175
MOVE A147 175
MOVE A148 175
MOVE A149 175
MOVE A150 175
MOVE A151 175
MOVE A152 175
MOVE A153 175
MOVE A154 175
MOVE A155 175
MOVE A156 175
MOVE A157 175
MOVE A159 175
MOVE A160 175
MOVE A162 175
MOVE A163 175
MOVE A164 175
MOVE A165 175
MOVE A166 175
MOVE A167 175
MOVE A168 175
MOVE A169 175
MOVE A170 232
MOVE A171 175
MOVE A172 175
MOVE A173 175
MOVE A174 175
MOVE A175 175
MOVE A176 175
MOVE A177 175
MOVE A178 175
MOVE A179 200
MOVE A180 175
MOVE A181 175
MOVE A182 175
MOVE A191 124
MOVE A192 121
MOVE A193 121
MOVE A194 121
MOVE A195 104
MOVE A196 104
MOVE A197 104
MOVE A198 92
MOVE A199 92
MOVE A200 92
MOVE A202 76
MOVE A203 76
MOVE A204 67
MOVE A205 67
MOVE A206 67
DAMAGE TURRET B123 2
DAMAGE COMBAT A80 3
DAMAGE COMBAT B123 1
DAMAGE COMBAT B130 2
END TURN 349
TURN 350
COMMAND LEFT START
TRAIN 3
COMMAND LEFT END
COMMAND RIGHT START
MOVE B56 0
MOVE B57 0
MOVE B58 0
MOVE B59 0
MOVE B61 0
MOVE B62 0
MOVE B63 0
MOVE B64 0
MOVE B65 0
MOVE B66 0
MOVE B67 0
MOVE B68 0
MOVE B69 0
MOVE B70 0
MOVE B71 0
MOVE B72 0
MOVE B73 0
MOVE B74 0
MOVE B75 0
MOVE B76 0
MOVE B77 0
MOVE B78 0
MOVE B79 0
MOVE B81 0
MOVE B82 0
MOVE B83 0
MOVE B84 0
MOVE B85 0
MOVE B86 0
MOVE B87 0
MOVE B88 0
MOVE B89 0
MOVE B90 0
MOVE B91 0
MOVE B92 0
MOVE B93 0
MOVE B94 0
MOVE B95 0
MOVE B114 0
MOVE B115 0
MOVE B116 0
MOVE B125 0
MOVE B126 0
MOVE B127 0
MOVE B128 0
MOVE B132 0
MOVE B133 0
MOVE B134 0
MOVE B135 0
MOVE B136 0
MOVE B137 0
MOVE B138 0
MOVE B139 0
MOVE B140 0
MOVE B141 0
MOVE B142 0
MOVE B143 0
MOVE B144 0
MOVE B145 0
MOVE B146 0
MOVE B147 0
MOVE B148 0
MOVE B149 0
MOVE B150 0
MOVE B151 0
TRAIN 1
COMMAND RIGHT END
TURN 350 RESULT
TIME LEFT 0 5 RIGHT 0 5
TRAIN A219 A220 A221 B152
MOVE A25 93
MOVE A144 196
MOVE A145 196
MOVE A146 196
MOVE A147 196
MOVE A148 196
MOVE A149 196
MOVE A150 196
MOVE A151 196
MOVE A152 196
MOVE A153 196
MOVE A154 196
MOVE A155 196
MOVE A156 196
MOVE A157 196
MOVE A159 196
MOVE A160 196
MOVE A162 196
MOVE A163 196
MOVE A164 196
MOVE A165 196
MOVE A166 196
MOVE A167 196
MOVE A168 196
MOVE A169 196
MOVE A170 240
MOVE A171 196
MOVE A172 196
MOVE A173 196
MOVE A174 196
MOVE A175 196
MOVE A176 196
MOVE A177 196
MOVE A178 196
MOVE A179 211
MOVE A180 196
MOVE A181 196
MOVE A182 196
MOVE A191 123
MOVE A195 121
MOVE A196 121
MOVE A197 121
MOVE A198 104
MOVE A199 104
MOVE A200 104
MOVE A202 92
MOVE A203 92
MOVE A204 76
MOVE A205 76
MOVE A206 76
MOVE B56 233
MOVE B57 233
MOVE B58 233
MOVE B59 233
MOVE B61 233
MOVE B62 233
MOVE B63 233
MOVE B64 233
MOVE B65 233
MOVE B66 233
MOVE B67 233
MOVE B68 233
MOVE B69 233
MOVE B70 233
MOVE B71 233
MOVE B72 233
MOVE B73 233
MOVE B74 233
MOVE B75 233
MOVE B76 233
MOVE B77 233
MOVE B78 233
MOVE B79 233
MOVE B81 233
MOVE B82 233
MOVE B83 233
MOVE B84 233
MOVE B85 233
MOVE B86 233
MOVE B87 233
MOVE B88 233
MOVE B89 233
MOVE B90 233
MOVE B91 233
MOVE B92 233
MOVE B93 233
MOVE B94 233
MOVE B95 233
MOVE B114 233
MOVE B115 233
MOVE B116 233
MOVE B125 233
MOVE B126 233
MOVE B127 233
MOVE B128 233
MOVE B132 233
MOVE B133 233
MOVE B134 233
MOVE B135 233
MOVE B136 233
MOVE B137 233
MOVE B138 233
MOVE B139 233
MOVE B140 233
MOVE B141 233
MOVE B142 233
MOVE B143 233
MOVE B144 233
MOVE B145 233
MOVE B146 233
MOVE B147 233
MOVE B148 233
MOVE B149 233
MOVE B150 233
MOVE B151 233
DAMAGE TURRET A170 2
DAMAGE TURRET A179 2
DAMAGE TURRET B130 2
DAMAGE COMBAT A69 2
DAMAGE COMBAT A170 3
DAMAGE COMBAT A179 3
DAMAGE COMBAT B53 1
DAMAGE COMBAT B110 1
DAMAGE COMBAT B130 2
END TURN 350
TURN 351
COMMAND LEFT START
TRAIN 3
COMMAND LEFT END
COMMAND RIGHT START
COMMAND RIGHT END
TURN 351 RESULT
TIME LEFT 0 5 RIGHT 0 5
TRAIN A222 A223 A224
MOVE A25 111
MOVE A144 202
MOVE A145 202
MOVE A146 202
MOVE A147 202
MOVE A148 202
MOVE A149 202
MOVE A150 202
MOVE A151 202
MOVE A152 202
MOVE A153 202
MOVE A154 202
MOVE A155 202
MOVE A156 202
MOVE A157 202
MOVE A159 202
MOVE A160 202
MOVE A162 202
MOVE A163 202
MOVE A164 202
MOVE A165 202
MOVE A166 202
MOVE A167 202
MOVE A168 202
MOVE A169 202
MOVE A171 202
MOVE A172 202
MOVE A173 202
MOVE A174 202
MOVE A175 202
MOVE A176 202
MOVE A177 202
MOVE A178 202
MOVE A180 202
MOVE A181 202
MOVE A182 202
MOVE A191 127
MOVE A198 121
MOVE A199 121
MOVE A200 121
MOVE A202 104
MOVE A203 104
MOVE A204 92
MOVE A205 92
MOVE A206 92
MOVE B56 220
MOVE B57 220
MOVE B58 220
MOVE B59 220
MOVE B61 220
MOVE B62 220
MOVE B63 220
MOVE B64 220
MOVE B65 220
MOVE B66 220
MOVE B67 220
MOVE B68 220
MOVE B69 220
MOVE B70 220
MOVE B71 220
MOVE B72 220
MOVE B73 220
MOVE B74 220
MOVE B75 220
MOVE B76 220
MOVE B77 220
MOVE B78 220
MOVE B79 220
MOVE B81 220
MOVE B82 220
MOVE B83 220
MOVE B84 220
MOVE B85 220
MOVE B86 220
MOVE B87 220
MOVE B88 220
MOVE B89 220
MOVE B90 220
MOVE B91 220
MOVE B92 220
MOVE B93 220
MOVE B94 220
MOVE B95 220
MOVE B114 220
MOVE B115 220
MOVE B116 220
MOVE B125 220
MOVE B126 220
MOVE B127 220
MOVE B128 220
MOVE B132 220
MOVE B133 220
MOVE B134 220
MOVE B135 220
MOVE B136 220
MOVE B137 220
MOVE B138 220
MOVE B139 220
MOVE B140 220
MOVE B141 220
MOVE B142 220
MOVE B143 220
MOVE B144 220
MOVE B145 220
MOVE B146 220
MOVE B147 220
MOVE B148 220
MOVE B149 220
MOVE B150 220
MOVE B151 220
DAMAGE TURRET A170 2
DAMAGE TURRET A179 2
DAMAGE TURRET B130 2
DAMAGE COMBAT A69 2
DAMAGE COMBAT A170 1
DAMAGE COMBAT A179 1
DAMAGE COMBAT B53 1
DAMAGE COMBAT B110 1
DAMAGE COMBAT B131 2
END TURN 351
TURN 352
COMMAND LEFT START
MOVE A200 211
TRAIN 3
COMMAND LEFT END
COMMAND RIGHT START
TRAIN 3
COMMAND RIGHT END
TURN 352 RESULT
TIME LEFT 0 5 RIGHT 0 5
TRAIN A225 A226 A227 B153 B154 B155
MOVE A25 127
MOVE A144 220
MOVE A145 220
MOVE A146 220
MOVE A147 220
MOVE A148 220
MOVE A149 220
MOVE A150 220
MOVE A151 220
MOVE A152 220
MOVE A153 220
MOVE A154 220
MOVE A155 220
MOVE A156 220
MOVE A157 220
MOVE A159 220
MOVE A160 220
MOVE A162 220
MOVE A163 220
MOVE A164 220
MOVE A165 220
MOVE A166 220
MOVE A167 220
MOVE A168 220
MOVE A169 220
MOVE A171 220
MOVE A172 220
MOVE A173 220
MOVE A174 220
MOVE A175 220
MOVE A176 220
MOVE A177 220
MOVE A178 220
MOVE A180 220
MOVE A181 220
MOVE A182 220
MOVE A191 136
MOVE A200 137
MOVE A202 121
MOVE A203 121
MOVE A204 104
MOVE A205 104
MOVE A206 104
MOVE B56 202
MOVE B57 202
MOVE B58 202
MOVE B59 202
MOVE B61 202
MOVE B62 202
MOVE B63 202
MOVE B64 202
MOVE B65 202
MOVE B66 202
MOVE B67 202
MOVE B68 202
MOVE B69 202
MOVE B70 202
MOVE B71 202
MOVE B72 202
MOVE B73 202
MOVE B74 202
MOVE B75 202
MOVE B76 202
MOVE B77 202
MOVE B78 202
MOVE B79 202
MOVE B81 202
MOVE B82 202
MOVE B83 202
MOVE B84 202
MOVE B85 202
MOVE B86 202
MOVE B87 202
MOVE B88 202
MOVE B89 202
MOVE B90 202
MOVE B91 202
MOVE B92 202
MOVE B93 202
MOVE B94 202
MOVE B95 202
MOVE B114 202
MOVE B115 202
MOVE B116 202
MOVE B125 202
MOVE B126 202
MOVE B127 202
MOVE B128 202
MOVE B132 202
MOVE B133 202
MOVE B134 202
MOVE B135 202
MOVE B136 202
MOVE B137 202
MOVE B138 202
MOVE B139 202
MOVE B140 202
MOVE B141 202
MOVE B142 202
MOVE B143 202
MOVE B144 202
MOVE B145 202
MOVE B146 202
MOVE B147 202
MOVE B148 202
MOVE B149 202
MOVE B150 202
MOVE B151 202
DAMAGE TURRET B131 2
DAMAGE COMBAT A69 1
DAMAGE COMBAT B131 2
END TURN 352
TURN 353
COMMAND LEFT START
MOVE A227 121
TRAIN 3
COMMAND LEFT END
COMMAND RIGHT START
TRAIN 3
COMMAND RIGHT END
TURN 353 RESULT
TIME LEFT 0 5 RIGHT 0 5
TRAIN A228 A229 A230 B156 B157 B158
MOVE A25 136
MOVE A144 233
MOVE A145 233
MOVE A146 233
MOVE A147 233
MOVE A148 233
MOVE A149 233
MOVE A150 233
MOVE A151 233
MOVE A152 233
MOVE A153 233
MOVE A154 233
MOVE A155 233
MOVE A156 233
MOVE A157 233
MOVE A159 233
MOVE A160 233
MOVE A162 233
MOVE A163 233
MOVE A164 233
MOVE A165 233
MOVE A166 233
MOVE A167 233
MOVE A168 233
MOVE A169 233
MOVE A171 233
MOVE A172 233
MOVE A173 233
MOVE A174 233
MOVE A175 233
MOVE A176 233
MOVE A177 233
MOVE A178 233
MOVE A180 233
MOVE A181 233
MOVE A182 233
MOVE A191 148
MOVE A200 152
MOVE A204 121
MOVE A205 121
MOVE A206 121
MOVE A227 9
MOVE B56 196
MOVE B57 196
MOVE B58 196
MOVE B59 196
MOVE B61 196
MOVE B62 196
MOVE B63 196
MOVE B64 196
MOVE B65 196
MOVE B66 196
MOVE B67 196
MOVE B68 196
MOVE B69 196
MOVE B70 196
MOVE B71 196
MOVE B72 196
MOVE B73 196
MOVE B74 196
MOVE B75 196
MOVE B76 196
MOVE B77 196
MOVE B78 196
MOVE B79 196
MOVE B81 196
MOVE B82 196
MOVE B83 196
MOVE B84 196
MOVE B85 196
MOVE B86 196
MOVE B87 196
MOVE B88 196
MOVE B89 196
MOVE B90 196
MOVE B91 196
MOVE B92 196
MOVE B93 196
MOVE B94 196
MOVE B95 196
MOVE B114 196
MOVE B115 196
MOVE B116 196
MOVE B125 196
MOVE B126 196
MOVE B127 196
MOVE B128 196
MOVE B132 196
MOVE B133 196
MOVE B134 196
MOVE B135 196
MOVE B136 196
MOVE B137 196
MOVE B138 196
MOVE B139 196
MOVE B140 196
MOVE B141 196
MOVE B142 196
MOVE B143 196
MOVE B144 196
MOVE B145 196
MOVE B146 196
MOVE B147 196
MOVE B148 196
MOVE B149 196
MOVE B150 196
MOVE B151 196
DAMAGE TURRET B131 2
DAMAGE COMBAT A69 1
END TURN 353
TURN 354
COMMAND LEFT START
TRAIN 3
COMMAND LEFT END
COMMAND RIGHT START
TRAIN 3
COMMAND RIGHT END
TURN 354 RESULT
TIME LEFT 0 5 RIGHT 0 5
TRAIN A231 A232 A233 B159 B160 B161
MOVE A25 155
MOVE A144 242
MOVE A145 242
MOVE A146 242
MOVE A147 242
MOVE A148 242
MOVE A149 242
MOVE A150 242
MOVE A151 242
MOVE A152 242
MOVE A153 242
MOVE A154 242
MOVE A155 242
MOVE A156 242
MOVE A157 242
MOVE A159 242
MOVE A160 242
MOVE A162 242
MOVE A163 242
MOVE A164 242
MOVE A165 242
MOVE A166 242
MOVE A167 242
MOVE A168 242
MOVE A169 242
MOVE A171 242
MOVE A172 242
MOVE A173 242
MOVE A174 242
MOVE A175 242
MOVE A176 242
MOVE A177 242
MOVE A178 242
MOVE A180 242
MOVE A181 242
MOVE A182 242
MOVE A191 151
MOVE A200 172
MOVE A227 22
MOVE B56 175
MOVE B57 175
MOVE B58 175
MOVE B59 175
MOVE B61 175
MOVE B62 175
MOVE B63 175
MOVE B64 175
MOVE B65 175
MOVE B66 175
MOVE B67 175
MOVE B68 175
MOVE B69 175
MOVE B70 175
MOVE B71 175
MOVE B72 175
MOVE B73 175
MOVE B74 175
MOVE B75 175
MOVE B76 175
MOVE B77 175
MOVE B78 175
MOVE B79 175
MOVE B81 175
MOVE B82 175
MOVE B83 175
MOVE B84 175
MOVE B85 175
MOVE B86 175
MOVE B87 175
MOVE B88 175
MOVE B89 175
MOVE B90 175
MOVE B91 175
MOVE B92 175
MOVE B93 175
MOVE B94 175
MOVE B95 175
MOVE B114 175
MOVE B115 175
MOVE B116 175
MOVE B125 175
MOVE B126 175
MOVE B127 175
MOVE B128 175
MOVE B132 175
MOVE B133 175
MOVE B134 175
MOVE B135 175
MOVE B136 175
MOVE B137 175
MOVE B138 175
MOVE B139 175
MOVE B140 175
MOVE B141 175
MOVE B142 175
MOVE B143 175
MOVE B144 175
MOVE B145 175
MOVE B146 175
MOVE B147 175
MOVE B148 175
MOVE B149 175
MOVE B150 175
MOVE B151 175
DAMAGE TURRET A144 3
DAMAGE COMBAT A144 5
DAMAGE COMBAT A145 8
DAMAGE COMBAT A146 2
DAMAGE COMBAT B96 7
DAMAGE COMBAT B97 7
DAMAGE COMBAT B98 7
DAMAGE COMBAT B99 7
DAMAGE COMBAT B100 7
END TURN 354
TURN 355
COMMAND LEFT START
TRAIN 3
COMMAND LEFT END
COMMAND RIGHT START
TRAIN 3
COMMAND RIGHT END
TURN 355 RESULT
TIME LEFT 0 5 RIGHT 0 5
TRAIN A234 A235 A236 B162 B163 B164
MOVE A25 168
MOVE A191 164
MOVE A200 187
MOVE A227 30
MOVE B56 166
MOVE B57 166
MOVE B58 166
MOVE B59 166
MOVE B61 166
MOVE B62 166
MOVE B63 166
MOVE B64 166
MOVE B65 166
MOVE B66 166
MOVE B67 166
MOVE B68 166
MOVE B69 166
MOVE B70 166
MOVE B71 166
MOVE B72 166
MOVE B73 166
MOVE B74 166
MOVE B75 166
MOVE B76 166
MOVE B77 166
MOVE B78 166
MOVE B79 166
MOVE B81 166
MOVE B82 166
MOVE B83 166
MOVE B84 166
MOVE B85 166
MOVE B86 166
MOVE B87 166
MOVE B88 166
MOVE B89 166
MOVE B90 166
MOVE B91 166
MOVE B92 166
MOVE B93 166
MOVE B94 166
MOVE B95 166
MOVE B114 166
MOVE B115 166
MOVE B116 166
MOVE B125 166
MOVE B126 166
MOVE B127 166
MOVE B128 166
MOVE B132 166
MOVE B133 166
MOVE B134 166
MOVE B135 166
MOVE B136 166
MOVE B137 166
MOVE B138 166
MOVE B139 166
MOVE B140 166
MOVE B141 166
MOVE B142 166
MOVE B143 166
MOVE B144 166
MOVE B145 166
MOVE B146 166
MOVE B147 166
MOVE B148 166
MOVE B149 166
MOVE B150 166
MOVE B151 166
DAMAGE TURRET A146 3
DAMAGE COMBAT A146 3
DAMAGE COMBAT A147 8
DAMAGE COMBAT A148 2
DAMAGE COMBAT B152 8
DAMAGE COMBAT B153 8
DAMAGE COMBAT B154 8
DAMAGE COMBAT B155 8
DAMAGE COMBAT B156 1
END TURN 355
TURN 356
COMMAND LEFT START
TRAIN 3
COMMAND LEFT END
COMMAND RIGHT START
TRAIN 3
COMMAND RIGHT END
TURN 356 RESULT
TIME LEFT 0 5 RIGHT 0 5
TRAIN A237 A238 A239 B165 B166 B167
MOVE A25 178
MOVE A191 158
MOVE A200 200
MOVE A227 46
MOVE B56 150
MOVE B57 150
MOVE B58 150
MOVE B59 150
MOVE B61 150
MOVE B62 150
MOVE B63 150
MOVE B64 150
MOVE B65 150
MOVE B66 150
MOVE B67 150
MOVE B68 150
MOVE B69 150
MOVE B70 150
MOVE B71 150
MOVE B72 150
MOVE B73 150
MOVE B74 150
MOVE B75 150
MOVE B76 150
MOVE B77 150
MOVE B78 150
MOVE B79 150
MOVE B81 150
MOVE B82 150
MOVE B83 150
MOVE B84 150
MOVE B85 150
MOVE B86 150
MOVE B87 150
MOVE B88 150
MOVE B89 150
MOVE B90 150
MOVE B91 150
MOVE B92 150
MOVE B93 150
MOVE B94 150
MOVE B95 150
MOVE B114 150
MOVE B115 150
MOVE B116 150
MOVE B125 150
MOVE B126 150
MOVE B127 150
MOVE B128 150
MOVE B132 150
MOVE B133 150
MOVE B134 150
MOVE B135 150
MOVE B136 150
MOVE B137 150
MOVE B138 150
MOVE B139 150
MOVE B140 150
MOVE B141 150
MOVE B142 150
MOVE B143 150
MOVE B144 150
MOVE B145 150
MOVE B146 150
MOVE B147 150
MOVE B148 150
MOVE B149 150
MOVE B150 150
MOVE B151 150
DAMAGE TURRET A148 3
DAMAGE COMBAT A148 3
DAMAGE COMBAT A149 8
DAMAGE COMBAT A150 1
DAMAGE COMBAT B156 7
DAMAGE COMBAT B157 8
DAMAGE COMBAT B158 8
DAMAGE COMBAT B159 8
END TURN 356
TURN 357
COMMAND LEFT START
TRAIN 3
COMMAND LEFT END
COMMAND RIGHT START
TRAIN 3
COMMAND RIGHT END
TURN 357 RESULT
TIME LEFT 1 5 RIGHT 0 5
TRAIN A240 A241 A242 B168 B169 B170
MOVE A25 182
MOVE A191 161
MOVE A200 211
MOVE A227 67
MOVE B56 138
MOVE B57 138
MOVE B58 138
MOVE B59 138
MOVE B61 138
MOVE B62 138
MOVE B63 138
MOVE B64 138
MOVE B65 138
MOVE B66 138
MOVE B67 138
MOVE B68 138
MOVE B69 138
MOVE B70 138
MOVE B71 138
MOVE B72 138
MOVE B73 138
MOVE B74 138
MOVE B75 138
MOVE B76 138
MOVE B77 138
MOVE B78 138
MOVE B79 138
MOVE B81 138
MOVE B82 138
MOVE B83 138
MOVE B84 138
MOVE B85 138
MOVE B86 138
MOVE B87 138
MOVE B88 138
MOVE B89 138
MOVE B90 138
MOVE B91 138
MOVE B92 138
MOVE B93 138
MOVE B94 138
MOVE B95 138
MOVE B114 138
MOVE B115 138
MOVE B116 138
MOVE B125 138
MOVE B126 138
MOVE B127 138
MOVE B128 138
MOVE B132 138
MOVE B133 138
MOVE B134 138
MOVE B135 138
MOVE B136 138
MOVE B137 138
MOVE B138 138
MOVE B139 138
MOVE B140 138
MOVE B141 138
MOVE B142 138
MOVE B143 138
MOVE B144 138
MOVE B145 138
MOVE B146 138
MOVE B147 138
MOVE B148 138
MOVE B149 138
MOVE B150 138
MOVE B151 138
DAMAGE TURRET A150 3
DAMAGE TURRET A191 2
DAMAGE TURRET A200 2
DAMAGE COMBAT A150 4
DAMAGE COMBAT A151 7
DAMAGE COMBAT A200 3
DAMAGE COMBAT B53 1
DAMAGE COMBAT B160 8
DAMAGE COMBAT B161 8
DAMAGE COMBAT B162 8
DAMAGE COMBAT B163 5
SIEGE B 161 1
END TURN 357
TURN 358
COMMAND LEFT START
MOVE A191 197
TRAIN 3
COMMAND LEFT END
COMMAND RIGHT START
MOVE B110 161
MOVE B112 161
MOVE B113 161
TRAIN 3
COMMAND RIGHT END
TURN 358 RESULT
TIME LEFT 1 5 RIGHT 0 5
TRAIN A243 A244 A245 B171 B172 B173
MOVE A25 197
MOVE A191 171
MOVE A227 76
MOVE B56 121
MOVE B57 121
MOVE B58 121
MOVE B59 121
MOVE B61 121
MOVE B62 121
MOVE B63 121
MOVE B64 121
MOVE B65 121
MOVE B66 121
MOVE B67 121
MOVE B68 121
MOVE B69 121
MOVE B70 121
MOVE B71 121
MOVE B72 121
MOVE B73 121
MOVE B74 121
MOVE B75 121
MOVE B76 121
MOVE B77 121
MOVE B78 121
MOVE B79 121
MOVE B81 121
MOVE B82 121
MOVE B83 121
MOVE B84 121
MOVE B85 121
MOVE B86 121
MOVE B87 121
MOVE B88 121
MOVE B89 121
MOVE B90 121
MOVE B91 121
MOVE B92 121
MOVE B93 121
MOVE B94 121
MOVE B95 121
MOVE B110 234
MOVE B112 234
MOVE B113 234
MOVE B114 121
MOVE B115 121
MOVE B116 121
MOVE B125 121
MOVE B126 121
MOVE B127 121
MOVE B128 121
MOVE B132 121
MOVE B133 121
MOVE B134 121
MOVE B135 121
MOVE B136 121
MOVE B137 121
MOVE B138 121
MOVE B139 121
MOVE B140 121
MOVE B141 121
MOVE B142 121
MOVE B143 121
MOVE B144 121
MOVE B145 121
MOVE B146 121
MOVE B147 121
MOVE B148 121
MOVE B149 121
MOVE B150 121
MOVE B151 121
DAMAGE TURRET A151 1
DAMAGE TURRET A152 2
DAMAGE TURRET A200 2
DAMAGE TURRET B56 2
DAMAGE COMBAT A126 6
DAMAGE COMBAT A127 6
DAMAGE COMBAT A133 7
DAMAGE COMBAT A134 8
DAMAGE COMBAT A135 8
DAMAGE COMBAT A136 8
DAMAGE COMBAT A137 8
DAMAGE COMBAT A138 8
DAMAGE COMBAT A139 6
DAMAGE COMBAT A152 6
DAMAGE COMBAT A153 5
DAMAGE COMBAT A200 1
DAMAGE COMBAT B53 1
DAMAGE COMBAT B56 5
DAMAGE COMBAT B57 7
DAMAGE COMBAT B58 7
DAMAGE COMBAT B59 7
DAMAGE COMBAT B61 6
DAMAGE COMBAT B163 3
DAMAGE COMBAT B164 8
DAMAGE COMBAT B165 8
DAMAGE COMBAT B166 8
DAMAGE COMBAT B167 1
END TURN 358
TURN 359
COMMAND LEFT START
MOVE A245 96
MOVE A244 96
MOVE A243 96
MOVE A242 96
MOVE A241 96
MOVE A240 96
MOVE A239 96
MOVE A238 96
MOVE A237 96
MOVE A236 96
MOVE A235 96
MOVE A234 96
MOVE A233 96
MOVE A232 96
MOVE A231 96
MOVE A230 96
MOVE A229 96
MOVE A228 96
MOVE A226 211
MOVE A225 96
MOVE A224 96
MOVE A223 96
MOVE A222 96
MOVE A221 96
MOVE A220 96
MOVE A219 96
MOVE A218 96
MOVE A217 96
MOVE A216 96
MOVE A215 96
MOVE A214 96
TRAIN 3
COMMAND LEFT END
COMMAND RIGHT START
MOVE B53 242
TRAIN 3
COMMAND RIGHT END
TURN 359 RESULT
TIME LEFT 1 5 RIGHT 0 5
TRAIN A246 A247 A248 B174 B175 B176
MOVE A191 198
MOVE A214 9
MOVE A215 9
MOVE A216 9
MOVE A217 9
MOVE A218 9
MOVE A219 9
MOVE A220 9
MOVE A221 9
MOVE A222 9
MOVE A223 9
MOVE A224 9
MOVE A225 9
MOVE A226 9
MOVE A227 92
MOVE A228 9
MOVE A229 9
MOVE A230 9
MOVE A231 9
MOVE A232 9
MOVE A233 9
MOVE A234 9
MOVE A235 9
MOVE A236 9
MOVE A237 9
MOVE A238 9
MOVE A239 9
MOVE A240 9
MOVE A241 9
MOVE A242 9
MOVE A243 9
MOVE A244 9
MOVE A245 9
MOVE B53 218
MOVE B110 222
MOVE B112 222
MOVE B113 222
DAMAGE TURRET A153 3
DAMAGE TURRET B61 1
DAMAGE TURRET B62 1
DAMAGE COMBAT A139 2
DAMAGE COMBAT A140 8
DAMAGE COMBAT A141 8
DAMAGE COMBAT A154 8
DAMAGE COMBAT A155 2
DAMAGE COMBAT A183 8
DAMAGE COMBAT A184 8
DAMAGE COMBAT A185 8
DAMAGE COMBAT A186 8
DAMAGE COMBAT A187 8
DAMAGE COMBAT A188 3
DAMAGE COMBAT B62 6
DAMAGE COMBAT B63 7
DAMAGE COMBAT B64 7
DAMAGE COMBAT B65 4
DAMAGE COMBAT B167 7
DAMAGE COMBAT B168 8
DAMAGE COMBAT B169 8
DAMAGE COMBAT B170 3
END TURN 359
TURN 360
COMMAND LEFT START
MOVE A248 96
MOVE A247 96
MOVE A246 96
MOVE A213 96
MOVE A212 96
MOVE A211 96
MOVE A210 96
MOVE A209 96
MOVE A208 96
MOVE A207 96
TRAIN 3
COMMAND LEFT END
COMMAND RIGHT START
TRAIN 3
COMMAND RIGHT END
TURN 360 RESULT
TIME LEFT 0 5 RIGHT 0 5
TRAIN A249 A250 A251 B177 B178 B179
MOVE A191 197
MOVE A207 9
MOVE A208 9
MOVE A209 9
MOVE A210 9
MOVE A211 9
MOVE A212 9
MOVE A213 9
MOVE A214 22
MOVE A215 22
MOVE A216 22
MOVE A217 22
MOVE A218 22
MOVE A219 22
MOVE A220 22
MOVE A221 22
MOVE A222 22
MOVE A223 22
MOVE A224 22
MOVE A225 22
MOVE A226 22
MOVE A227 104
MOVE A228 22
MOVE A229 22
MOVE A230 22
MOVE A231 22
MOVE A232 22
MOVE A233 22
MOVE A234 22
MOVE A235 22
MOVE A236 22
MOVE A237 22
MOVE A238 22
MOVE A239 22
MOVE A240 22
MOVE A241 22
MOVE A242 22
MOVE A243 22
MOVE A244 22
MOVE A245 22
MOVE A246 9
MOVE A247 9
MOVE A248 9
MOVE B53 235
MOVE B110 219
MOVE B112 219
MOVE B113 219
DAMAGE TURRET A155 3
DAMAGE TURRET B65 2
DAMAGE COMBAT A155 3
DAMAGE COMBAT A156 7
DAMAGE COMBAT A188 5
DAMAGE COMBAT A189 8
DAMAGE COMBAT A190 8
DAMAGE COMBAT A192 8
DAMAGE COMBAT A193 8
DAMAGE COMBAT A194 8
DAMAGE COMBAT A195 8
DAMAGE COMBAT A196 4
DAMAGE COMBAT B65 1
DAMAGE COMBAT B66 7
DAMAGE COMBAT B67 7
DAMAGE COMBAT B68 1
DAMAGE COMBAT B170 5
DAMAGE COMBAT B171 8
DAMAGE COMBAT B172 8
DAMAGE COMBAT B173 3
END TURN 360
TURN 361
COMMAND LEFT START
MOVE A251 161
MOVE A250 96
MOVE A249 96
TRAIN 3
COMMAND LEFT END
COMMAND RIGHT START
MOVE B54 242
TRAIN 3
COMMAND RIGHT END
TURN 361 RESULT
TIME LEFT 0 5 RIGHT 0 5
TRAIN A252 A253 A254 B180 B181 B182
MOVE A207 22
MOVE A208 22
MOVE A209 22
MOVE A210 22
MOVE A211 22
MOVE A212 22
MOVE A213 22
MOVE A214 30
MOVE A215 30
MOVE A216 30
MOVE A217 30
MOVE A218 30
MOVE A219 30
MOVE A220 30
MOVE A221 30
MOVE A222 30
MOVE A223 30
MOVE A224 30
MOVE A225 30
MOVE A226 30
MOVE A227 121
MOVE A228 30
MOVE A229 30
MOVE A230 30
MOVE A231 30
MOVE A232 30
MOVE A233 30
MOVE A234 30
MOVE A235 30
MOVE A236 30
MOVE A237 30
MOVE A238 30
MOVE A239 30
MOVE A240 30
MOVE A241 30
MOVE A242 30
MOVE A243 30
MOVE A244 30
MOVE A245 30
MOVE A246 22
MOVE A247 22
MOVE A248 22
MOVE A249 9
MOVE A250 9
MOVE A251 4
MOVE B53 238
MOVE B54 218
MOVE B110 197
MOVE B112 197
MOVE B113 197
DAMAGE TURRET A156 1
DAMAGE TURRET A157 2
DAMAGE TURRET B68 2
DAMAGE TURRET B110 2
DAMAGE COMBAT A69 2
DAMAGE COMBAT A157 6
DAMAGE COMBAT A159 4
DAMAGE COMBAT A191 1
DAMAGE COMBAT A196 4
DAMAGE COMBAT A197 8
DAMAGE COMBAT A198 8
DAMAGE COMBAT A199 8
DAMAGE COMBAT A202 8
DAMAGE COMBAT A203 8
DAMAGE COMBAT A204 8
DAMAGE COMBAT A205 2
DAMAGE COMBAT B68 4
DAMAGE COMBAT B69 6
DAMAGE COMBAT B110 1
DAMAGE COMBAT B112 3
DAMAGE COMBAT B173 5
DAMAGE COMBAT B174 8
DAMAGE COMBAT B175 8
DAMAGE COMBAT B176 2
END TURN 361
TURN 362
COMMAND LEFT START
MOVE A254 96
MOVE A253 96
MOVE A252 96
TRAIN 3
COMMAND LEFT END
COMMAND RIGHT START
TRAIN 3
COMMAND RIGHT END
TURN 362 RESULT
TIME LEFT 0 5 RIGHT 0 5
TRAIN A255 A256 A257 B183 B184 B185
MOVE A207 30
MOVE A208 30
MOVE A209 30
MOVE A210 30
MOVE A211 30
MOVE A212 30
MOVE A213 30
MOVE A214 46
MOVE A215 46
MOVE A216 46
MOVE A217 46
MOVE A218 46
MOVE A219 46
MOVE A220 46
MOVE A221 46
MOVE A222 46
MOVE A223 46
MOVE A224 46
MOVE A225 46
MOVE A226 46
MOVE A228 46
MOVE A229 46
MOVE A230 46
MOVE A231 46
MOVE A232 46
MOVE A233 46
MOVE A234 46
MOVE A235 46
MOVE A236 46
MOVE A237 46
MOVE A238 46
MOVE A239 46
MOVE A240 46
MOVE A241 46
MOVE A242 46
MOVE A243 46
MOVE A244 46
MOVE A245 46
MOVE A246 30
MOVE A247 30
MOVE A248 30
MOVE A249 22
MOVE A250 22
MOVE A251 7
MOVE A252 9
MOVE A253 9
MOVE A254 9
MOVE B53 242
MOVE B54 235
DAMAGE TURRET A159 3
DAMAGE TURRET B69 1
DAMAGE TURRET B70 1
DAMAGE TURRET B112 2
DAMAGE COMBAT A159 1
DAMAGE COMBAT A160 8
DAMAGE COMBAT A162 2
DAMAGE COMBAT A191 2
DAMAGE COMBAT A205 6
DAMAGE COMBAT A206 8
DAMAGE COMBAT A227 8
DAMAGE COMBAT B53 1
DAMAGE COMBAT B70 3
DAMAGE COMBAT B112 3
DAMAGE COMBAT B176 6
DAMAGE COMBAT B177 8
DAMAGE COMBAT B178 6
SIEGE A 121 18
END TURN 362
TURN 363
COMMAND LEFT START
MOVE A257 96
MOVE A256 96
MOVE A255 96
TRAIN 3
COMMAND LEFT END
COMMAND RIGHT START
TRAIN 3
COMMAND RIGHT END
TURN 363 RESULT
TIME LEFT 0 5 RIGHT 0 5
TRAIN A258 A259 A260 B186 B187 B188
MOVE A207 46
MOVE A208 46
MOVE A209 46
MOVE A210 46
MOVE A211 46
MOVE A212 46
MOVE A213 46
MOVE A214 62
MOVE A215 62
MOVE A216 62
MOVE A217 62
MOVE A218 62
MOVE A219 62
MOVE A220 62
MOVE A221 62
MOVE A222 62
MOVE A223 62
MOVE A224 62
MOVE A225 62
MOVE A226 62
MOVE A228 62
MOVE A229 62
MOVE A230 62
MOVE A231 62
MOVE A232 62
MOVE A233 62
MOVE A234 62
MOVE A235 62
MOVE A236 62
MOVE A237 62
MOVE A238 62
MOVE A239 62
MOVE A240 62
MOVE A241 62
MOVE A242 62
MOVE A243 62
MOVE A244 62
MOVE A245 62
MOVE A246 46
MOVE A247 46
MOVE A248 46
MOVE A249 30
MOVE A250 30
MOVE A251 24
MOVE A252 22
MOVE A253 22
MOVE A254 22
MOVE A255 9
MOVE A256 9
MOVE A257 9
MOVE B54 238
MOVE B70 104
MOVE B71 104
MOVE B72 104
MOVE B73 104
MOVE B74 104
MOVE B75 104
MOVE B76 104
MOVE B77 104
MOVE B78 104
MOVE B79 104
MOVE B81 104
MOVE B82 104
MOVE B83 104
MOVE B84 104
MOVE B85 104
MOVE B86 104
MOVE B87 104
MOVE B88 104
MOVE B89 104
MOVE B90 104
MOVE B91 104
MOVE B92 104
MOVE B93 104
MOVE B94 104
MOVE B95 104
MOVE B114 104
MOVE B115 104
MOVE B116 104
MOVE B125 104
MOVE B126 104
MOVE B127 104
MOVE B128 104
MOVE B132 104
MOVE B133 104
MOVE B134 104
MOVE B135 104
MOVE B136 104
MOVE B137 104
MOVE B138 104
MOVE B139 104
MOVE B140 104
MOVE B141 104
MOVE B142 104
MOVE B143 104
MOVE B144 104
MOVE B145 104
MOVE B146 104
MOVE B147 104
MOVE B148 104
MOVE B149 104
MOVE B150 104
MOVE B151 104
DAMAGE TURRET A162 3
DAMAGE TURRET B113 2
DAMAGE COMBAT A162 3
DAMAGE COMBAT A163 8
DAMAGE COMBAT A191 1
DAMAGE COMBAT B113 3
DAMAGE COMBAT B178 2
DAMAGE COMBAT B179 8
DAMAGE COMBAT B180 8
DAMAGE COMBAT B181 1
END TURN 363
TURN 364
COMMAND LEFT START
MOVE A53 96
MOVE A59 96
MOVE A22 96
MOVE A49 87
MOVE A50 87
MOVE A51 113
TRAIN 3
COMMAND LEFT END
COMMAND RIGHT START
TRAIN 3
COMMAND RIGHT END
TURN 364 RESULT
TIME LEFT 1 5 RIGHT 0 5
TRAIN A261 A262 A263 B189 B190 B191
MOVE A22 106
MOVE A49 9
MOVE A50 9
MOVE A51 9
MOVE A53 86
MOVE A59 86
MOVE A207 62
MOVE A208 62
MOVE A209 62
MOVE A210 62
MOVE A211 62
MOVE A212 62
MOVE A213 62
MOVE A214 85
MOVE A215 85
MOVE A216 85
MOVE A217 85
MOVE A218 85
MOVE A219 85
MOVE A220 85
MOVE A221 85
MOVE A222 85
MOVE A223 85
MOVE A224 85
MOVE A225 85
MOVE A226 85
MOVE A228 85
MOVE A229 85
MOVE A230 85
MOVE A231 85
MOVE A232 85
MOVE A233 85
MOVE A234 85
MOVE A235 85
MOVE A236 85
MOVE A237 85
MOVE A238 85
MOVE A239 85
MOVE A240 85
MOVE A241 85
MOVE A242 85
MOVE A243 85
MOVE A244 85
MOVE A245 85
MOVE A246 62
MOVE A247 62
MOVE A248 62
MOVE A249 46
MOVE A250 46
MOVE A251 42
MOVE A252 30
MOVE A253 30
MOVE A254 30
MOVE A255 22
MOVE A256 22
MOVE A257 22
MOVE B54 242
MOVE B70 92
MOVE B71 92
MOVE B72 92
MOVE B73 92
MOVE B74 92
MOVE B75 92
MOVE B76 92
MOVE B77 92
MOVE B78 92
MOVE B79 92
MOVE B81 92
MOVE B82 92
MOVE B83 92
MOVE B84 92
MOVE B85 92
MOVE B86 92
MOVE B87 92
MOVE B88 92
MOVE B89 92
MOVE B90 92
MOVE B91 92
MOVE B92 92
MOVE B93 92
MOVE B94 92
MOVE B95 92
MOVE B114 92
MOVE B115 92
MOVE B116 92
MOVE B125 92
MOVE B126 92
MOVE B127 92
MOVE B128 92
MOVE B132 92
MOVE B133 92
MOVE B134 92
MOVE B135 92
MOVE B136 92
MOVE B137 92
MOVE B138 92
MOVE B139 92
MOVE B140 92
MOVE B141 92
MOVE B142 92
MOVE B143 92
MOVE B144 92
MOVE B145 92
MOVE B146 92
MOVE B147 92
MOVE B148 92
MOVE B149 92
MOVE B150 92
MOVE B151 92
DAMAGE TURRET A164 3
DAMAGE TURRET B113 2
DAMAGE COMBAT A164 5
DAMAGE COMBAT A165 7
DAMAGE COMBAT A191 1
DAMAGE COMBAT B54 7
DAMAGE COMBAT B113 1
DAMAGE COMBAT B181 7
DAMAGE COMBAT B182 3
END TURN 364
TURN 365
COMMAND LEFT START
MOVE A263 96
MOVE A262 96
MOVE A261 96
TRAIN 3
COMMAND LEFT END
COMMAND RIGHT START
TRAIN 3
COMMAND RIGHT END
TURN 365 RESULT
TIME LEFT 0 5 RIGHT 0 5
TRAIN A264 A265 A266 B192 B193 B194
MOVE A22 96
MOVE A49 22
MOVE A50 22
MOVE A51 22
MOVE A53 96
MOVE A59 96
MOVE A207 85
MOVE A208 85
MOVE A209 85
MOVE A210 85
MOVE A211 85
MOVE A212 85
MOVE A213 85
MOVE A214 96
MOVE A215 96
MOVE A216 96
MOVE A217 96
MOVE A218 96
MOVE A219 96
MOVE A220 96
MOVE A221 96
MOVE A222 96
MOVE A223 96
MOVE A224 96
MOVE A225 96
MOVE A226 96
MOVE A228 96
MOVE A229 96
MOVE A230 96
MOVE A231 96
MOVE A232 96
MOVE A233 96
MOVE A234 96
MOVE A235 96
MOVE A236 96
MOVE A237 96
MOVE A238 96
MOVE A239 96
MOVE A240 96
MOVE A241 96
MOVE A242 96
MOVE A243 96
MOVE A244 96
MOVE A245 96
MOVE A246 85
MOVE A247 85
MOVE A248 85
MOVE A249 62
MOVE A250 62
MOVE A251 58
MOVE A252 46
MOVE A253 46
MOVE A254 46
MOVE A255 30
MOVE A256 30
MOVE A257 30
MOVE A261 9
MOVE A262 9
MOVE A263 9
MOVE B70 76
MOVE B71 76
MOVE B72 76
MOVE B73 76
MOVE B74 76
MOVE B75 76
MOVE B76 76
MOVE B77 76
MOVE B78 76
MOVE B79 76
MOVE B81 76
MOVE B82 76
MOVE B83 76
MOVE B84 76
MOVE B85 76
MOVE B86 76
MOVE B87 76
MOVE B88 76
MOVE B89 76
MOVE B90 76
MOVE B91 76
MOVE B92 76
MOVE B93 76
MOVE B94 76
MOVE B95 76
MOVE B114 76
MOVE B115 76
MOVE B116 76
MOVE B125 76
MOVE B126 76
MOVE B127 76
MOVE B128 76
MOVE B132 76
MOVE B133 76
MOVE B134 76
MOVE B135 76
MOVE B136 76
MOVE B137 76
MOVE B138 76
MOVE B139 76
MOVE B140 76
MOVE B141 76
MOVE B142 76
MOVE B143 76
MOVE B144 76
MOVE B145 76
MOVE B146 76
MOVE B147 76
MOVE B148 76
MOVE B149 76
MOVE B150 76
MOVE B151 76
DAMAGE TURRET A165 1
DAMAGE TURRET A166 2
DAMAGE COMBAT A166 6
DAMAGE COMBAT A167 7
DAMAGE COMBAT B182 5
DAMAGE COMBAT B183 8
DAMAGE COMBAT B184 3
END TURN 365
TURN 366
COMMAND LEFT START
MOVE A245 240
MOVE A244 240
MOVE A243 240
MOVE A242 240
MOVE A241 240
MOVE A240 240
MOVE A239 240
MOVE A238 240
MOVE A237 240
MOVE A236 240
MOVE A235 240
MOVE A234 240
MOVE A233 240
MOVE A232 240
MOVE A231 240
MOVE A230 240
MOVE A229 240
MOVE A228 240
MOVE A225 240
MOVE A224 240
MOVE A223 240
MOVE A222 240
MOVE A221 240
MOVE A220 240
MOVE A219 240
MOVE A218 240
MOVE A217 240
MOVE A216 240
MOVE A215 240
MOVE A214 240
MOVE A93 240
MOVE A59 240
MOVE A54 240
MOVE A53 240
COMMAND LEFT END
COMMAND RIGHT START
TRAIN 3
COMMAND RIGHT END
TURN 366 RESULT
TIME LEFT 0 5 RIGHT 0 5
TRAIN B195 B196 B197
MOVE A49 30
MOVE A50 30
MOVE A51 30
MOVE A53 119
MOVE A54 119
MOVE A59 119
MOVE A93 119
MOVE A207 96
MOVE A208 96
MOVE A209 96
MOVE A210 96
MOVE A211 96
MOVE A212 96
MOVE A213 96
MOVE A214 119
MOVE A215 119
MOVE A216 119
MOVE A217 119
MOVE A218 119
MOVE A219 119
MOVE A220 119
MOVE A221 119
MOVE A222 119
MOVE A223 119
MOVE A224 119
MOVE A225 119
MOVE A226 119
MOVE A228 119
MOVE A229 119
MOVE A230 119
MOVE A231 119
MOVE A232 119
MOVE A233 119
MOVE A234 119
MOVE A235 119
MOVE A236 119
MOVE A237 119
MOVE A238 119
MOVE A239 119
MOVE A240 119
MOVE A241 119
MOVE A242 119
MOVE A243 119
MOVE A244 119
MOVE A245 119
MOVE A246 96
MOVE A247 96
MOVE A248 96
MOVE A249 85
MOVE A250 85
MOVE A251 68
MOVE A252 62
MOVE A253 62
MOVE A254 62
MOVE A255 46
MOVE A256 46
MOVE A257 46
MOVE A261 22
MOVE A262 22
MOVE A263 22
MOVE B70 67
MOVE B71 67
MOVE B72 67
MOVE B73 67
MOVE B74 67
MOVE B75 67
MOVE B76 67
MOVE B77 67
MOVE B78 67
MOVE B79 67
MOVE B81 67
MOVE B82 67
MOVE B83 67
MOVE B84 67
MOVE B85 67
MOVE B86 67
MOVE B87 67
MOVE B88 67
MOVE B89 67
MOVE B90 67
MOVE B91 67
MOVE B92 67
MOVE B93 67
MOVE B94 67
MOVE B95 67
MOVE B114 67
MOVE B115 67
MOVE B116 67
MOVE B125 67
MOVE B126 67
MOVE B127 67
MOVE B128 67
MOVE B132 67
MOVE B133 67
MOVE B134 67
MOVE B135 67
MOVE B136 67
MOVE B137 67
MOVE B138 67
MOVE B139 67
MOVE B140 67
MOVE B141 67
MOVE B142 67
MOVE B143 67
MOVE B144 67
MOVE B145 67
MOVE B146 67
MOVE B147 67
MOVE B148 67
MOVE B149 67
MOVE B150 67
MOVE B151 67
DAMAGE TURRET A167 1
DAMAGE TURRET A168 2
DAMAGE COMBAT A168 6
DAMAGE COMBAT A169 8
DAMAGE COMBAT B184 5
DAMAGE COMBAT B185 8
DAMAGE COMBAT B186 1
END TURN 366
TURN 367
COMMAND LEFT START
TRAIN 3
COMMAND LEFT END
COMMAND RIGHT START
TRAIN 3
COMMAND RIGHT END
TURN 367 RESULT
TIME LEFT 0 5 RIGHT 0 5
TRAIN A267 A268 A269 B198 B199 B200
MOVE A49 46
MOVE A50 46
MOVE A51 46
MOVE A53 137
MOVE A54 137
MOVE A59 137
MOVE A93 137
MOVE A214 137
MOVE A215 137
MOVE A216 137
MOVE A217 137
MOVE A218 137
MOVE A219 137
MOVE A220 137
MOVE A221 137
MOVE A222 137
MOVE A223 137
MOVE A224 137
MOVE A225 137
MOVE A226 131
MOVE A228 137
MOVE A229 137
MOVE A230 137
MOVE A231 137
MOVE A232 137
MOVE A233 137
MOVE A234 137
MOVE A235 137
MOVE A236 137
MOVE A237 137
MOVE A238 137
MOVE A239 137
MOVE A240 137
MOVE A241 137
MOVE A242 137
MOVE A243 137
MOVE A244 137
MOVE A245 137
MOVE A249 96
MOVE A250 96
MOVE A251 83
MOVE A252 85
MOVE A253 85
MOVE A254 85
MOVE A255 62
MOVE A256 62
MOVE A257 62
MOVE A261 30
MOVE A262 30
MOVE A263 30
MOVE B70 46
MOVE B71 46
MOVE B72 46
MOVE B73 46
MOVE B74 46
MOVE B75 46
MOVE B76 46
MOVE B77 46
MOVE B78 46
MOVE B79 46
MOVE B81 46
MOVE B82 46
MOVE B83 46
MOVE B84 46
MOVE B85 46
MOVE B86 46
MOVE B87 46
MOVE B88 46
MOVE B89 46
MOVE B90 46
MOVE B91 46
MOVE B92 46
MOVE B93 46
MOVE B94 46
MOVE B95 46
MOVE B114 46
MOVE B115 46
MOVE B116 46
MOVE B125 46
MOVE B126 46
MOVE B127 46
MOVE B128 46
MOVE B132 46
MOVE B133 46
MOVE B134 46
MOVE B135 46
MOVE B136 46
MOVE B137 46
MOVE B138 46
MOVE B139 46
MOVE B140 46
MOVE B141 46
MOVE B142 46
MOVE B143 46
MOVE B144 46
MOVE B145 46
MOVE B146 46
MOVE B147 46
MOVE B148 46
MOVE B149 46
MOVE B150 46
MOVE B151 46
DAMAGE TURRET A171 3
DAMAGE COMBAT A49 8
DAMAGE COMBAT A50 8
DAMAGE COMBAT A51 8
DAMAGE COMBAT A171 5
DAMAGE COMBAT A172 8
DAMAGE COMBAT A173 2
DAMAGE COMBAT B70 3
DAMAGE COMBAT B186 7
DAMAGE COMBAT B187 4
END TURN 367
TURN 368
COMMAND LEFT START
MOVE A14 87
MOVE A22 87
MOVE A207 113
TRAIN 3
COMMAND LEFT END
COMMAND RIGHT START
TRAIN 3
COMMAND RIGHT END
TURN 368 RESULT
TIME LEFT 0 5 RIGHT 0 5
TRAIN A270 A271 A272 B201 B202 B203
MOVE A14 86
MOVE A22 86
MOVE A53 152
MOVE A54 152
MOVE A59 152
MOVE A93 152
MOVE A207 106
MOVE A214 152
MOVE A215 152
MOVE A216 152
MOVE A217 152
MOVE A218 152
MOVE A219 152
MOVE A220 152
MOVE A221 152
MOVE A222 152
MOVE A223 152
MOVE A224 152
MOVE A225 152
MOVE A226 149
MOVE A228 152
MOVE A229 152
MOVE A230 152
MOVE A231 152
MOVE A232 152
MOVE A233 152
MOVE A234 152
MOVE A235 152
MOVE A236 152
MOVE A237 152
MOVE A238 152
MOVE A239 152
MOVE A240 152
MOVE A241 152
MOVE A242 152
MOVE A243 152
MOVE A244 152
MOVE A245 152
MOVE A251 101
MOVE A252 96
MOVE A253 96
MOVE A254 96
MOVE A255 85
MOVE A256 85
MOVE A257 85
MOVE A261 46
MOVE A262 46
MOVE A263 46
MOVE B71 30
MOVE B72 30
MOVE B73 30
MOVE B74 30
MOVE B75 30
MOVE B76 30
MOVE B77 30
MOVE B78 30
MOVE B79 30
MOVE B81 30
MOVE B82 30
MOVE B83 30
MOVE B84 30
MOVE B85 30
MOVE B86 30
MOVE B87 30
MOVE B88 30
MOVE B89 30
MOVE B90 30
MOVE B91 30
MOVE B92 30
MOVE B93 30
MOVE B94 30
MOVE B95 30
MOVE B114 30
MOVE B115 30
MOVE B116 30
MOVE B125 30
MOVE B126 30
MOVE B127 30
MOVE B128 30
MOVE B132 30
MOVE B133 30
MOVE B134 30
MOVE B135 30
MOVE B136 30
MOVE B137 30
MOVE B138 30
MOVE B139 30
MOVE B140 30
MOVE B141 30
MOVE B142 30
MOVE B143 30
MOVE B144 30
MOVE B145 30
MOVE B146 30
MOVE B147 30
MOVE B148 30
MOVE B149 30
MOVE B150 30
MOVE B151 30
DAMAGE TURRET A173 3
DAMAGE COMBAT A173 3
DAMAGE COMBAT A174 8
DAMAGE COMBAT A175 6
DAMAGE COMBAT B187 4
DAMAGE COMBAT B188 5
END TURN 368
TURN 369
COMMAND LEFT START
MOVE A1 0
MOVE A82 0
MOVE A83 0
MOVE A3 0
MOVE A44 0
MOVE A84 0
MOVE A5 0
MOVE A46 0
MOVE A85 0
MOVE A45 0
MOVE A48 0
MOVE A88 0
MOVE A23 0
MOVE A52 0
MOVE A90 0
MOVE A55 0
MOVE A65 0
MOVE A95 0
MOVE A24 0
MOVE A66 0
MOVE A97 0
MOVE A70 0
MOVE A98 0
MOVE A125 0
MOVE A100 0
MOVE A103 0
MOVE A114 0
MOVE A25 0
MOVE A87 0
MOVE A191 0
TRAIN 3
COMMAND LEFT END
COMMAND RIGHT START
TRAIN 3
COMMAND RIGHT END
TURN 369 RESULT
TIME LEFT 0 5 RIGHT 0 5
TRAIN A273 A274 A275 B204 B205 B206
MOVE A1 0
MOVE A3 24
MOVE A5 23
MOVE A14 87
MOVE A22 87
MOVE A23 71
MOVE A24 123
MOVE A25 182
MOVE A44 24
MOVE A45 58
MOVE A46 23
MOVE A48 58
MOVE A52 71
MOVE A53 160
MOVE A54 160
MOVE A55 122
MOVE A59 160
MOVE A65 122
MOVE A66 123
MOVE A70 136
MOVE A82 0
MOVE A83 0
MOVE A84 24
MOVE A85 23
MOVE A87 182
MOVE A88 58
MOVE A90 71
MOVE A93 160
MOVE A95 122
MOVE A97 123
MOVE A98 136
MOVE A100 168
MOVE A103 168
MOVE A114 168
MOVE A125 136
MOVE A191 182
MOVE A207 113
MOVE A214 160
MOVE A215 160
MOVE A216 160
MOVE A217 160
MOVE A218 160
MOVE A219 160
MOVE A220 160
MOVE A221 160
MOVE A222 160
MOVE A223 160
MOVE A224 160
MOVE A225 160
MOVE A226 176
MOVE A228 160
MOVE A229 160
MOVE A230 160
MOVE A231 160
MOVE A232 160
MOVE A233 160
MOVE A234 160
MOVE A235 160
MOVE A236 160
MOVE A237 160
MOVE A238 160
MOVE A239 160
MOVE A240 160
MOVE A241 160
MOVE A242 160
MOVE A243 160
MOVE A244 160
MOVE A245 160
MOVE A251 112
MOVE A255 96
MOVE A256 96
MOVE A257 96
MOVE A261 62
MOVE A262 62
MOVE A263 62
MOVE B71 22
MOVE B72 22
MOVE B73 22
MOVE B74 22
MOVE B75 22
MOVE B76 22
MOVE B77 22
MOVE B78 22
MOVE B79 22
MOVE B81 22
MOVE B82 22
MOVE B83 22
MOVE B84 22
MOVE B85 22
MOVE B86 22
MOVE B87 22
MOVE B88 22
MOVE B89 22
MOVE B90 22
MOVE B91 22
MOVE B92 22
MOVE B93 22
MOVE B94 22
MOVE B95 22
MOVE B114 22
MOVE B115 22
MOVE B116 22
MOVE B125 22
MOVE B126 22
MOVE B127 22
MOVE B128 22
MOVE B132 22
MOVE B133 22
MOVE B134 22
MOVE B135 22
MOVE B136 22
MOVE B137 22
MOVE B138 22
MOVE B139 22
MOVE B140 22
MOVE B141 22
MOVE B142 22
MOVE B143 22
MOVE B144 22
MOVE B145 22
MOVE B146 22
MOVE B147 22
MOVE B148 22
MOVE B149 22
MOVE B150 22
MOVE B151 22
DAMAGE TURRET A175 2
DAMAGE TURRET A176 1
DAMAGE COMBAT A176 7
DAMAGE COMBAT A177 8
DAMAGE COMBAT A178 4
DAMAGE COMBAT B188 3
DAMAGE COMBAT B189 4
END TURN 369
TURN 370
COMMAND LEFT START
TRAIN 3
COMMAND LEFT END
COMMAND RIGHT START
TRAIN 3
COMMAND RIGHT END
TURN 370 RESULT
TIME LEFT 0 5 RIGHT 0 5
TRAIN A276 A277 A278 B207 B208 B209
MOVE A3 7
MOVE A5 20
MOVE A23 44
MOVE A24 105
MOVE A25 178
MOVE A44 7
MOVE A45 42
MOVE A46 20
MOVE A48 42
MOVE A52 44
MOVE A53 175
MOVE A54 175
MOVE A55 88
MOVE A59 175
MOVE A65 88
MOVE A66 105
MOVE A70 127
MOVE A84 7
MOVE A85 20
MOVE A87 178
MOVE A88 42
MOVE A90 44
MOVE A93 175
MOVE A95 88
MOVE A97 105
MOVE A98 127
MOVE A100 155
MOVE A103 155
MOVE A114 155
MOVE A125 127
MOVE A191 178
MOVE A214 175
MOVE A215 175
MOVE A216 175
MOVE A217 175
MOVE A218 175
MOVE A219 175
MOVE A220 175
MOVE A221 175
MOVE A222 175
MOVE A223 175
MOVE A224 175
MOVE A225 175
MOVE A226 184
MOVE A228 175
MOVE A229 175
MOVE A230 175
MOVE A231 175
MOVE A232 175
MOVE A233 175
MOVE A234 175
MOVE A235 175
MOVE A236 175
MOVE A237 175
MOVE A238 175
MOVE A239 175
MOVE A240 175
MOVE A241 175
MOVE A242 175
MOVE A243 175
MOVE A244 175
MOVE A245 175
MOVE A251 128
MOVE A261 85
MOVE A262 85
MOVE A263 85
MOVE B71 9
MOVE B72 9
MOVE B73 9
MOVE B74 9
MOVE B75 9
MOVE B76 9
MOVE B77 9
MOVE B78 9
MOVE B79 9
MOVE B81 9
MOVE B82 9
MOVE B83 9
MOVE B84 9
MOVE B85 9
MOVE B86 9
MOVE B87 9
MOVE B88 9
MOVE B89 9
MOVE B90 9
MOVE B91 9
MOVE B92 9
MOVE B93 9
MOVE B94 9
MOVE B95 9
MOVE B114 9
MOVE B115 9
MOVE B116 9
MOVE B125 9
MOVE B126 9
MOVE B127 9
MOVE B128 9
MOVE B132 9
MOVE B133 9
MOVE B134 9
MOVE B135 9
MOVE B136 9
MOVE B137 9
MOVE B138 9
MOVE B139 9
MOVE B140 9
MOVE B141 9
MOVE B142 9
MOVE B143 9
MOVE B144 9
MOVE B145 9
MOVE B146 9
MOVE B147 9
MOVE B148 9
MOVE B149 9
MOVE B150 9
MOVE B151 9
DAMAGE TURRET A178 3
DAMAGE COMBAT A178 1
DAMAGE COMBAT A180 8
DAMAGE COMBAT A181 8
DAMAGE COMBAT A182 4
DAMAGE COMBAT B189 4
END TURN 370
TURN 371
COMMAND LEFT START
TRAIN 3
COMMAND LEFT END
COMMAND RIGHT START
TRAIN 3
COMMAND RIGHT END
TURN 371 RESULT
TIME LEFT 0 5 RIGHT 0 5
TRAIN A279 A280 A281 B210 B211 B212
MOVE A3 4
MOVE A5 8
MOVE A23 45
MOVE A24 90
MOVE A25 168
MOVE A44 4
MOVE A45 24
MOVE A46 8
MOVE A48 24
MOVE A52 45
MOVE A53 196
MOVE A54 196
MOVE A55 66
MOVE A59 196
MOVE A65 66
MOVE A66 90
MOVE A70 111
MOVE A84 4
MOVE A85 8
MOVE A87 168
MOVE A88 24
MOVE A90 45
MOVE A93 196
MOVE A95 66
MOVE A97 90
MOVE A98 111
MOVE A100 136
MOVE A103 136
MOVE A114 136
MOVE A125 111
MOVE A191 168
MOVE A214 196
MOVE A215 196
MOVE A216 196
MOVE A217 196
MOVE A218 196
MOVE A219 196
MOVE A220 196
MOVE A221 196
MOVE A222 196
MOVE A223 196
MOVE A224 196
MOVE A225 196
MOVE A226 204
MOVE A228 196
MOVE A229 196
MOVE A230 196
MOVE A231 196
MOVE A232 196
MOVE A233 196
MOVE A234 196
MOVE A235 196
MOVE A236 196
MOVE A237 196
MOVE A238 196
MOVE A239 196
MOVE A240 196
MOVE A241 196
MOVE A242 196
MOVE A243 196
MOVE A244 196
MOVE A245 196
MOVE A251 135
MOVE A261 96
MOVE A262 96
MOVE A263 96
MOVE B71 0
MOVE B72 0
MOVE B73 0
MOVE B74 0
MOVE B75 0
MOVE B76 0
MOVE B77 0
MOVE B78 0
MOVE B79 0
MOVE B81 0
MOVE B82 0
MOVE B83 0
MOVE B84 0
MOVE B85 0
MOVE B86 0
MOVE B87 0
MOVE B88 0
MOVE B89 0
MOVE B90 0
MOVE B91 0
MOVE B92 0
MOVE B93 0
MOVE B94 0
MOVE B95 0
MOVE B114 0
MOVE B115 0
MOVE B116 0
MOVE B125 0
MOVE B126 0
MOVE B127 0
MOVE B128 0
MOVE B132 0
MOVE B133 0
MOVE B134 0
MOVE B135 0
MOVE B136 0
MOVE B137 0
MOVE B138 0
MOVE B139 0
MOVE B140 0
MOVE B141 0
MOVE B142 0
MOVE B143 0
MOVE B144 0
MOVE B145 0
MOVE B146 0
MOVE B147 0
MOVE B148 0
MOVE B149 0
MOVE B150 0
MOVE B151 0
DAMAGE TURRET A182 3
DAMAGE TURRET B71 3
DAMAGE COMBAT A1 4
DAMAGE COMBAT A76 8
DAMAGE COMBAT A82 8
DAMAGE COMBAT A83 8
DAMAGE COMBAT A182 1
DAMAGE COMBAT A201 8
DAMAGE COMBAT A258 8
DAMAGE COMBAT A259 7
DAMAGE COMBAT B71 4
DAMAGE COMBAT B72 7
DAMAGE COMBAT B73 7
DAMAGE COMBAT B74 7
DAMAGE COMBAT B75 1
DAMAGE COMBAT B190 1
END TURN 371
TURN 372
COMMAND LEFT START
TRAIN 3
COMMAND LEFT END
COMMAND RIGHT START
MOVE B210 240
MOVE B211 240
MOVE B212 240
COMMAND RIGHT END
TURN 372 RESULT
TIME LEFT 0 5 RIGHT 0 5
TRAIN A282 A283 A284
MOVE A3 0
MOVE A5 2
MOVE A23 23
MOVE A24 70
MOVE A25 155
MOVE A44 0
MOVE A45 7
MOVE A46 2
MOVE A48 7
MOVE A52 23
MOVE A53 212
MOVE A54 212
MOVE A55 55
MOVE A59 212
MOVE A65 55
MOVE A66 70
MOVE A70 93
MOVE A84 0
MOVE A85 2
MOVE A87 155
MOVE A88 7
MOVE A90 23
MOVE A93 212
MOVE A95 55
MOVE A97 70
MOVE A98 93
MOVE A100 127
MOVE A103 127
MOVE A114 127
MOVE A125 93
MOVE A191 155
MOVE A214 212
MOVE A215 212
MOVE A216 212
MOVE A217 212
MOVE A218 212
MOVE A219 212
MOVE A220 212
MOVE A221 212
MOVE A222 212
MOVE A223 212
MOVE A224 212
MOVE A225 212
MOVE A226 211
MOVE A228 212
MOVE A229 212
MOVE A230 212
MOVE A231 212
MOVE A232 212
MOVE A233 212
MOVE A234 212
MOVE A235 212
MOVE A236 212
MOVE A237 212
MOVE A238 212
MOVE A239 212
MOVE A240 212
MOVE A241 212
MOVE A242 212
MOVE A243 212
MOVE A244 212
MOVE A245 212
MOVE A251 161
MOVE B210 240
MOVE B211 240
MOVE B212 240
DAMAGE TURRET A226 2
DAMAGE TURRET A251 2
DAMAGE TURRET B75 3
DAMAGE COMBAT A3 4
DAMAGE COMBAT A44 4
DAMAGE COMBAT A84 8
DAMAGE COMBAT A226 1
DAMAGE COMBAT A259 1
DAMAGE COMBAT A260 8
DAMAGE COMBAT A264 8
DAMAGE COMBAT A265 8
DAMAGE COMBAT A266 6
DAMAGE COMBAT B75 3
DAMAGE COMBAT B76 7
DAMAGE COMBAT B77 7
DAMAGE COMBAT B78 7
DAMAGE COMBAT B79 2
DAMAGE COMBAT B120 1
SIEGE B 161 1
END TURN 372
TURN 373
COMMAND LEFT START
TRAIN 2
COMMAND LEFT END
COMMAND RIGHT START
MOVE B210 161
MOVE B211 161
MOVE B212 161
COMMAND RIGHT END
TURN 373 RESULT
TIME LEFT 0 5 RIGHT 0 5
TRAIN A285 A286
MOVE A5 0
MOVE A23 20
MOVE A24 59
MOVE A25 136
MOVE A45 4
MOVE A46 0
MOVE A48 4
MOVE A52 20
MOVE A53 223
MOVE A54 223
MOVE A55 36
MOVE A59 223
MOVE A65 36
MOVE A66 59
MOVE A70 70
MOVE A85 0
MOVE A87 136
MOVE A88 4
MOVE A90 20
MOVE A93 223
MOVE A95 36
MOVE A97 59
MOVE A98 70
MOVE A100 111
MOVE A103 111
MOVE A114 111
MOVE A125 70
MOVE A191 136
MOVE A214 223
MOVE A215 223
MOVE A216 223
MOVE A217 223
MOVE A218 223
MOVE A219 223
MOVE A220 223
MOVE A221 223
MOVE A222 223
MOVE A223 223
MOVE A224 223
MOVE A225 223
MOVE A228 223
MOVE A229 223
MOVE A230 223
MOVE A231 223
MOVE A232 223
MOVE A233 223
MOVE A234 223
MOVE A235 223
MOVE A236 223
MOVE A237 223
MOVE A238 223
MOVE A239 223
MOVE A240 223
MOVE A241 223
MOVE A242 223
MOVE A243 223
MOVE A244 223
MOVE A245 223
MOVE B210 234
MOVE B211 234
MOVE B212 234
DAMAGE TURRET A226 2
DAMAGE TURRET A251 2
DAMAGE TURRET B79 3
DAMAGE COMBAT A5 4
DAMAGE COMBAT A46 8
DAMAGE COMBAT A85 8
DAMAGE COMBAT A226 1
DAMAGE COMBAT A266 2
DAMAGE COMBAT A267 8
DAMAGE COMBAT A268 8
DAMAGE COMBAT A269 5
DAMAGE COMBAT B79 2
DAMAGE COMBAT B81 7
DAMAGE COMBAT B82 7
DAMAGE COMBAT B83 7
DAMAGE COMBAT B84 1
DAMAGE COMBAT B120 1
SIEGE B 161 1
END TURN 373
TURN 374
COMMAND LEFT START
TRAIN 2
COMMAND LEFT END
COMMAND RIGHT START
COMMAND RIGHT END
TURN 374 RESULT
TIME LEFT 0 5 RIGHT 0 5
TRAIN A287 A288
MOVE A23 8
MOVE A24 43
MOVE A25 127
MOVE A45 0
MOVE A48 0
MOVE A52 8
MOVE A53 232
MOVE A54 232
MOVE A55 21
MOVE A59 232
MOVE A65 21
MOVE A66 43
MOVE A70 59
MOVE A87 127
MOVE A88 0
MOVE A90 8
MOVE A93 232
MOVE A95 21
MOVE A97 43
MOVE A98 59
MOVE A100 93
MOVE A103 93
MOVE A114 93
MOVE A125 59
MOVE A191 127
MOVE A214 232
MOVE A215 232
MOVE A216 232
MOVE A217 232
MOVE A218 232
MOVE A219 232
MOVE A220 232
MOVE A221 232
MOVE A222 232
MOVE A223 232
MOVE A224 232
MOVE A225 232
MOVE A228 232
MOVE A229 232
MOVE A230 232
MOVE A231 232
MOVE A232 232
MOVE A233 232
MOVE A234 232
MOVE A235 232
MOVE A236 232
MOVE A237 232
MOVE A238 232
MOVE A239 232
MOVE A240 232
MOVE A241 232
MOVE A242 232
MOVE A243 232
MOVE A244 232
MOVE A245 232
MOVE B210 222
MOVE B211 222
MOVE B212 222
DAMAGE TURRET A226 2
DAMAGE TURRET A251 2
DAMAGE TURRET B84 3
DAMAGE COMBAT A45 8
DAMAGE COMBAT A48 8
DAMAGE COMBAT A88 8
DAMAGE COMBAT A269 3
DAMAGE COMBAT A270 8
DAMAGE COMBAT A271 4
DAMAGE COMBAT B84 3
DAMAGE COMBAT B85 7
DAMAGE COMBAT B86 7
DAMAGE COMBAT B87 6
DAMAGE COMBAT B120 1
SIEGE B 161 1
END TURN 374
TURN 375
COMMAND LEFT START
TRAIN 1
COMMAND LEFT END
COMMAND RIGHT START
MOVE B120 242
COMMAND RIGHT END
TURN 375 RESULT
TIME LEFT 0 5 RIGHT 0 5
TRAIN A289
MOVE A23 2
MOVE A24 29
MOVE A25 111
MOVE A52 2
MOVE A53 240
MOVE A54 240
MOVE A55 7
MOVE A59 240
MOVE A65 7
MOVE A66 29
MOVE A70 43
MOVE A87 111
MOVE A90 2
MOVE A93 240
MOVE A95 7
MOVE A97 29
MOVE A98 43
MOVE A100 70
MOVE A103 70
MOVE A114 70
MOVE A125 43
MOVE A191 111
MOVE A214 240
MOVE A215 240
MOVE A216 240
MOVE A217 240
MOVE A218 240
MOVE A219 240
MOVE A220 240
MOVE A221 240
MOVE A222 240
MOVE A223 240
MOVE A224 240
MOVE A225 240
MOVE A228 240
MOVE A229 240
MOVE A230 240
MOVE A231 240
MOVE A232 240
MOVE A233 240
MOVE A234 240
MOVE A235 240
MOVE A236 240
MOVE A237 240
MOVE A238 240
MOVE A239 240
MOVE A240 240
MOVE A241 240
MOVE A242 240
MOVE A243 240
MOVE A244 240
MOVE A245 240
MOVE B120 218
MOVE B210 219
MOVE B211 219
MOVE B212 219
DAMAGE TURRET A53 2
DAMAGE TURRET A251 2
DAMAGE TURRET B87 1
DAMAGE TURRET B88 2
DAMAGE COMBAT A271 4
DAMAGE COMBAT A272 8
DAMAGE COMBAT A273 8
DAMAGE COMBAT A274 8
DAMAGE COMBAT A275 8
DAMAGE COMBAT B88 5
DAMAGE COMBAT B89 7
DAMAGE COMBAT B90 7
SIEGE B 161 1
SIEGE B 240 18
END TURN 375
TURN 376
COMMAND LEFT START
TRAIN 2
COMMAND LEFT END
COMMAND RIGHT START
COMMAND RIGHT END
TURN 376 RESULT
TIME LEFT 0 5 RIGHT 0 5
TRAIN A290 A291
MOVE A23 0
MOVE A24 13
MOVE A25 93
MOVE A52 0
MOVE A55 4
MOVE A65 4
MOVE A66 13
MOVE A70 29
MOVE A87 93
MOVE A90 0
MOVE A95 4
MOVE A97 13
MOVE A98 29
MOVE A100 59
MOVE A103 59
MOVE A114 59
MOVE A125 29
MOVE A191 93
MOVE B120 235
MOVE B210 197
MOVE B211 197
MOVE B212 197
DAMAGE TURRET B91 3
DAMAGE TURRET B210 2
DAMAGE COMBAT A23 4
DAMAGE COMBAT A52 8
DAMAGE COMBAT A90 8
DAMAGE COMBAT A276 8
DAMAGE COMBAT A277 4
DAMAGE COMBAT B91 4
DAMAGE COMBAT B92 7
DAMAGE COMBAT B93 7
DAMAGE COMBAT B94 1
SIEGE A 197 3
END TURN 376
TURN 377
COMMAND LEFT START
TRAIN 1
COMMAND LEFT END
COMMAND RIGHT START
COMMAND RIGHT END
TURN 377 RESULT
TIME LEFT 0 5 RIGHT 0 5
TRAIN A292
MOVE A24 4
MOVE A25 70
MOVE A55 0
MOVE A65 0
MOVE A66 4
MOVE A70 13
MOVE A87 70
MOVE A95 0
MOVE A97 4
MOVE A98 13
MOVE A100 43
MOVE A103 43
MOVE A114 43
MOVE A125 13
MOVE A191 70
MOVE B120 238
MOVE B210 198
MOVE B211 198
MOVE B212 198
DAMAGE TURRET B94 3
DAMAGE COMBAT A55 4
DAMAGE COMBAT A65 8
DAMAGE COMBAT A95 8
DAMAGE COMBAT A277 4
DAMAGE COMBAT A278 5
DAMAGE COMBAT B94 3
DAMAGE COMBAT B95 7
DAMAGE COMBAT B114 8
DAMAGE COMBAT B115 1
END TURN 377
TURN 378
COMMAND LEFT START
TRAIN 1
COMMAND LEFT END
COMMAND RIGHT START
COMMAND RIGHT END
TURN 378 RESULT
TIME LEFT 0 5 RIGHT 0 5
TRAIN A293
MOVE A24 0
MOVE A25 59
MOVE A66 0
MOVE A70 4
MOVE A87 59
MOVE A97 0
MOVE A98 4
MOVE A100 29
MOVE A103 29
MOVE A114 29
MOVE A125 4
MOVE A191 59
MOVE B120 242
MOVE B210 171
MOVE B211 171
MOVE B212 171
DAMAGE TURRET B115 3
DAMAGE COMBAT A24 6
DAMAGE COMBAT A66 8
DAMAGE COMBAT A97 8
DAMAGE COMBAT A278 3
DAMAGE COMBAT A279 1
DAMAGE COMBAT B115 4
DAMAGE COMBAT B116 8
DAMAGE COMBAT B125 7
END TURN 378
TURN 379
COMMAND LEFT START
TRAIN 1
COMMAND LEFT END
COMMAND RIGHT START
COMMAND RIGHT END
TURN 379 RESULT
TIME LEFT 0 5 RIGHT 0 5
TRAIN A294
MOVE A25 43
MOVE A70 0
MOVE A87 43
MOVE A98 0
MOVE A100 13
MOVE A103 13
MOVE A114 13
MOVE A125 0
MOVE A191 43
MOVE B210 161
MOVE B211 161
MOVE B212 161
DAMAGE TURRET B125 1
DAMAGE TURRET B126 2
DAMAGE COMBAT A70 8
DAMAGE COMBAT A98 3
DAMAGE COMBAT A125 6
DAMAGE COMBAT A279 7
DAMAGE COMBAT B126 6
DAMAGE COMBAT B127 8
DAMAGE COMBAT B128 5
END TURN 379
TURN 380
COMMAND LEFT START
MOVE A208 2
MOVE A209 31
MOVE A210 68
MOVE A211 45
MOVE A212 146
MOVE A213 129
MOVE A246 81
MOVE A247 155
MOVE A248 177
MOVE A249 197
MOVE A250 2
MOVE A252 2
MOVE A253 31
MOVE A254 31
MOVE A53 197
MOVE A54 177
MOVE A59 155
MOVE A93 146
MOVE A214 129
MOVE A215 68
MOVE A216 45
MOVE A217 81
MOVE A218 197
MOVE A219 177
MOVE A220 155
MOVE A221 146
MOVE A222 129
MOVE A223 68
MOVE A224 45
MOVE A225 81
UPGRADE 240
TRAIN 3
COMMAND LEFT END
COMMAND RIGHT START
COMMAND RIGHT END
TURN 380 RESULT
TIME LEFT 1 5 RIGHT 0 5
UPGRADE A 240
TRAIN A295 A296 A297
MOVE A25 29
MOVE A53 234
MOVE A54 232
MOVE A59 232
MOVE A87 29
MOVE A93 232
MOVE A100 4
MOVE A103 4
MOVE A114 4
MOVE A191 29
MOVE A208 85
MOVE A209 92
MOVE A210 92
MOVE A211 86
MOVE A212 118
MOVE A213 104
MOVE A214 232
MOVE A215 232
MOVE A216 233
MOVE A217 233
MOVE A218 234
MOVE A219 232
MOVE A220 232
MOVE A221 232
MOVE A222 232
MOVE A223 232
MOVE A224 233
MOVE A225 233
MOVE A246 106
MOVE A247 118
MOVE A248 118
MOVE A249 118
MOVE A250 85
MOVE A252 85
MOVE A253 92
MOVE A254 92
DAMAGE TURRET B128 3
DAMAGE COMBAT A98 5
DAMAGE COMBAT A280 8
DAMAGE COMBAT A281 8
DAMAGE COMBAT B132 8
DAMAGE COMBAT B133 8
DAMAGE COMBAT B134 3
END TURN 380
TURN 381
COMMAND LEFT START
MOVE A71 240
MOVE A81 240
MOVE A255 240
MOVE A256 240
MOVE A257 240
MOVE A228 2
MOVE A229 31
MOVE A230 68
MOVE A231 45
MOVE A232 146
MOVE A233 129
MOVE A234 81
MOVE A235 155
MOVE A236 177
MOVE A237 197
MOVE A238 174
MOVE A239 174
MOVE A245 121
MOVE A244 161
MOVE A243 96
MOVE A242 96
UPGRADE 240
TRAIN 3
COMMAND LEFT END
COMMAND RIGHT START
COMMAND RIGHT END
TURN 381 RESULT
TIME LEFT 2 5 RIGHT 0 5
UPGRADE A 240
TRAIN A298 A299 A300
MOVE A25 13
MOVE A53 222
MOVE A54 224
MOVE A59 224
MOVE A71 184
MOVE A81 184
MOVE A87 13
MOVE A93 224
MOVE A100 0
MOVE A103 0
MOVE A114 0
MOVE A191 13
MOVE A208 62
MOVE A209 82
MOVE A210 82
MOVE A211 87
MOVE A212 121
MOVE A213 105
MOVE A214 224
MOVE A215 224
MOVE A216 220
MOVE A217 229
MOVE A218 222
MOVE A219 224
MOVE A220 224
MOVE A221 224
MOVE A222 224
MOVE A223 224
MOVE A224 220
MOVE A225 229
MOVE A228 232
MOVE A229 232
MOVE A230 232
MOVE A231 233
MOVE A232 232
MOVE A233 232
MOVE A234 233
MOVE A235 232
MOVE A236 232
MOVE A237 234
MOVE A238 233
MOVE A239 233
MOVE A242 232
MOVE A243 232
MOVE A244 234
MOVE A245 232
MOVE A246 94
MOVE A247 121
MOVE A248 121
MOVE A249 121
MOVE A250 62
MOVE A252 62
MOVE A253 82
MOVE A254 82
MOVE A255 119
MOVE A256 119
MOVE A257 119
DAMAGE TURRET B134 3
DAMAGE COMBAT A100 8
DAMAGE COMBAT A103 8
DAMAGE COMBAT A114 2
DAMAGE COMBAT B134 2
DAMAGE COMBAT B135 8
DAMAGE COMBAT B136 8
DAMAGE COMBAT B137 4
END TURN 381
TURN 382
COMMAND LEFT START
MOVE A11 2
MOVE A261 31
MOVE A262 68
MOVE A47 45
MOVE A63 146
MOVE A14 129
MOVE A22 81
MOVE A240 155
MOVE A94 177
TRAIN 3
COMMAND LEFT END
COMMAND RIGHT START
COMMAND RIGHT END
TURN 382 RESULT
TIME LEFT 1 5 RIGHT 0 5
TRAIN A301 A302 A303
MOVE A11 47
MOVE A14 86
MOVE A22 94
MOVE A25 4
MOVE A47 64
MOVE A53 219
MOVE A54 209
MOVE A59 209
MOVE A63 120
MOVE A71 200
MOVE A81 200
MOVE A87 4
MOVE A93 209
MOVE A94 120
MOVE A191 4
MOVE A208 52
MOVE A209 70
MOVE A210 70
MOVE A211 74
MOVE A212 124
MOVE A213 111
MOVE A214 209
MOVE A215 209
MOVE A216 202
MOVE A217 221
MOVE A218 219
MOVE A219 209
MOVE A220 209
MOVE A221 209
MOVE A222 209
MOVE A223 209
MOVE A224 202
MOVE A225 221
MOVE A228 223
MOVE A229 224
MOVE A230 224
MOVE A231 220
MOVE A232 224
MOVE A233 224
MOVE A234 229
MOVE A235 224
MOVE A236 224
MOVE A237 222
MOVE A238 229
MOVE A239 229
MOVE A240 232
MOVE A242 223
MOVE A243 223
MOVE A244 222
MOVE A245 223
MOVE A246 91
MOVE A247 124
MOVE A248 138
MOVE A249 124
MOVE A250 52
MOVE A252 52
MOVE A253 70
MOVE A254 70
MOVE A255 137
MOVE A256 137
MOVE A257 137
MOVE A261 92
MOVE A262 92
DAMAGE TURRET B137 3
DAMAGE COMBAT A114 6
DAMAGE COMBAT A282 8
DAMAGE COMBAT A283 1
DAMAGE COMBAT B137 1
DAMAGE COMBAT B138 8
DAMAGE COMBAT B139 8
DAMAGE COMBAT B140 6
END TURN 382
TURN 383
COMMAND LEFT START
TRAIN 3
COMMAND LEFT END
COMMAND RIGHT START
MOVE B211 242
COMMAND RIGHT END
TURN 383 RESULT
TIME LEFT 0 5 RIGHT 0 5
TRAIN A304 A305 A306
MOVE A11 33
MOVE A14 96
MOVE A22 91
MOVE A25 0
MOVE A47 60
MOVE A53 197
MOVE A54 195
MOVE A59 195
MOVE A63 131
MOVE A71 206
MOVE A81 206
MOVE A87 0
MOVE A93 190
MOVE A94 131
MOVE A191 0
MOVE A208 33
MOVE A209 55
MOVE A210 66
MOVE A211 64
MOVE A212 146
MOVE A213 122
MOVE A214 195
MOVE A215 190
MOVE A216 199
MOVE A217 206
MOVE A218 197
MOVE A219 195
MOVE A220 195
MOVE A221 190
MOVE A222 195
MOVE A223 190
MOVE A224 199
MOVE A225 206
MOVE A228 212
MOVE A229 209
MOVE A230 209
MOVE A231 202
MOVE A232 209
MOVE A233 209
MOVE A234 221
MOVE A235 209
MOVE A236 209
MOVE A237 219
MOVE A238 221
MOVE A239 221
MOVE A240 224
MOVE A242 212
MOVE A243 212
MOVE A244 219
MOVE A245 212
MOVE A246 78
MOVE A247 146
MOVE A248 150
MOVE A249 146
MOVE A250 33
MOVE A252 33
MOVE A253 55
MOVE A254 55
MOVE A255 152
MOVE A256 152
MOVE A257 152
MOVE A261 82
MOVE A262 82
MOVE B211 171
DAMAGE TURRET B140 2
DAMAGE TURRET B141 1
DAMAGE COMBAT A25 4
DAMAGE COMBAT A191 1
DAMAGE COMBAT A283 7
DAMAGE COMBAT B141 7
DAMAGE COMBAT B142 8
DAMAGE COMBAT B143 8
DAMAGE COMBAT B144 4
END TURN 383
TURN 384
COMMAND LEFT START
MOVE A53 2
TRAIN 3
COMMAND LEFT END
COMMAND RIGHT START
TRAIN 1
COMMAND RIGHT END
TURN 384 RESULT
TIME LEFT 0 5 RIGHT 0 5
TRAIN A307 A308 A309 B213
MOVE A11 18
MOVE A14 104
MOVE A22 78
MOVE A47 45
MOVE A53 182
MOVE A54 177
MOVE A59 177
MOVE A63 137
MOVE A71 221
MOVE A81 221
MOVE A93 180
MOVE A94 137
MOVE A208 18
MOVE A209 42
MOVE A210 68
MOVE A211 60
MOVE A213 129
MOVE A214 177
MOVE A215 180
MOVE A216 183
MOVE A217 187
MOVE A219 177
MOVE A220 177
MOVE A221 180
MOVE A222 177
MOVE A223 180
MOVE A224 183
MOVE A225 187
MOVE A228 196
MOVE A229 190
MOVE A230 190
MOVE A231 199
MOVE A232 190
MOVE A233 195
MOVE A234 206
MOVE A235 195
MOVE A236 195
MOVE A237 197
MOVE A238 206
MOVE A239 206
MOVE A240 209
MOVE A242 196
MOVE A243 196
MOVE A244 197
MOVE A245 196
MOVE A246 84
MOVE A247 156
MOVE A248 157
MOVE A249 156
MOVE A250 18
MOVE A252 18
MOVE A253 42
MOVE A254 42
MOVE A255 160
MOVE A256 160
MOVE A257 160
MOVE A261 70
MOVE A262 70
MOVE B211 198
DAMAGE TURRET B144 3
DAMAGE COMBAT A25 4
DAMAGE COMBAT A87 4
DAMAGE COMBAT B144 1
DAMAGE COMBAT B145 8
DAMAGE COMBAT B146 8
DAMAGE COMBAT B147 8
DAMAGE COMBAT B148 3
END TURN 384
TURN 385
COMMAND LEFT START
MOVE A54 2
MOVE A218 31
TRAIN 3
COMMAND LEFT END
COMMAND RIGHT START
MOVE B213 211
COMMAND RIGHT END
TURN 385 RESULT
TIME LEFT 0 5 RIGHT 0 5
TRAIN A310 A311 A312
MOVE A11 10
MOVE A14 105
MOVE A22 84
MOVE A53 178
MOVE A54 169
MOVE A59 168
MOVE A63 138
MOVE A71 229
MOVE A81 229
MOVE A93 157
MOVE A94 138
MOVE A208 10
MOVE A209 31
MOVE A211 45
MOVE A214 168
MOVE A215 169
MOVE A216 172
MOVE A217 176
MOVE A218 182
MOVE A220 168
MOVE A221 157
MOVE A222 168
MOVE A223 169
MOVE A224 172
MOVE A225 176
MOVE A228 175
MOVE A229 180
MOVE A230 180
MOVE A231 183
MOVE A232 180
MOVE A233 177
MOVE A234 187
MOVE A235 177
MOVE A236 177
MOVE A238 200
MOVE A239 200
MOVE A240 195
MOVE A242 175
MOVE A243 175
MOVE A244 198
MOVE A245 175
MOVE A246 81
MOVE A247 155
MOVE A248 169
MOVE A249 155
MOVE A250 10
MOVE A252 10
MOVE A253 31
MOVE A254 31
MOVE A255 175
MOVE A256 175
MOVE A257 175
MOVE A261 55
MOVE A262 66
MOVE B211 197
MOVE B213 238
DAMAGE TURRET B148 3
DAMAGE TURRET B211 2
DAMAGE COMBAT A87 4
DAMAGE COMBAT A237 1
DAMAGE COMBAT B148 2
DAMAGE COMBAT B149 8
DAMAGE COMBAT B150 8
DAMAGE COMBAT B151 8
DAMAGE COMBAT B211 1
END TURN 385
TURN 386
COMMAND LEFT START
MOVE A284 2
MOVE A236 242
MOVE A254 242
MOVE A286 242
MOVE A287 242
MOVE A288 242
MOVE A289 242
MOVE A290 242
MOVE A291 242
MOVE A292 242
MOVE A293 242
MOVE A294 242
MOVE A295 242
MOVE A296 242
MOVE A297 242
MOVE A298 242
MOVE A299 242
MOVE A300 242
MOVE A301 242
MOVE A302 242
MOVE A303 242
MOVE A304 242
MOVE A305 242
MOVE A306 242
MOVE A307 242
MOVE A308 242
MOVE A309 242
MOVE A310 242
MOVE A311 242
MOVE A312 242
TRAIN 3
COMMAND LEFT END
COMMAND RIGHT START
TRAIN 1
COMMAND RIGHT END
TURN 386 RESULT
TIME LEFT 0 5 RIGHT 0 5
TRAIN A313 A314 A315 B214
MOVE A11 2
MOVE A14 111
MOVE A22 81
MOVE A53 168
MOVE A54 157
MOVE A59 155
MOVE A63 146
MOVE A71 233
MOVE A81 233
MOVE A93 146
MOVE A94 150
MOVE A208 2
MOVE A214 148
MOVE A215 156
MOVE A216 149
MOVE A217 154
MOVE A218 170
MOVE A220 155
MOVE A221 146
MOVE A222 148
MOVE A223 156
MOVE A224 149
MOVE A225 154
MOVE A228 166
MOVE A229 157
MOVE A230 169
MOVE A231 172
MOVE A232 157
MOVE A233 168
MOVE A234 176
MOVE A235 168
MOVE A236 195
MOVE A238 184
MOVE A239 184
MOVE A240 177
MOVE A242 160
MOVE A243 160
MOVE A244 171
MOVE A245 166
MOVE A248 177
MOVE A249 168
MOVE A250 2
MOVE A252 2
MOVE A254 38
MOVE A255 196
MOVE A256 196
MOVE A257 196
MOVE A261 42
MOVE A262 68
MOVE A284 2
MOVE A286 9
MOVE A287 9
MOVE A288 9
MOVE A289 9
MOVE A290 9
MOVE A291 9
MOVE A292 9
MOVE A293 9
MOVE A294 9
MOVE A295 9
MOVE A296 9
MOVE A297 9
MOVE A298 9
MOVE A299 9
MOVE A300 9
MOVE A301 9
MOVE A302 9
MOVE A303 9
MOVE A304 9
MOVE A305 9
MOVE A306 9
MOVE A307 9
MOVE A308 9
MOVE A309 9
MOVE A310 9
MOVE A311 9
MOVE A312 9
MOVE B213 235
DAMAGE TURRET B211 2
DAMAGE COMBAT A237 1
DAMAGE COMBAT B211 1
END TURN 386
TURN 387
COMMAND LEFT START
MOVE A93 242
MOVE A211 242
MOVE A212 242
MOVE A220 242
MOVE A221 242
MOVE A247 242
MOVE A248 242
MOVE A250 242
MOVE A252 242
MOVE A253 242
MOVE A262 242
MOVE A284 242
MOVE A314 242
MOVE A315 242
TRAIN 3
COMMAND LEFT END
COMMAND RIGHT START
MOVE B214 211
COMMAND RIGHT END
TURN 387 RESULT
TIME LEFT 0 5 RIGHT 0 5
TRAIN A316 A317 A318
MOVE A14 122
MOVE A53 155
MOVE A54 146
MOVE A71 240
MOVE A81 240
MOVE A93 157
MOVE A94 157
MOVE A211 60
MOVE A212 157
MOVE A214 129
MOVE A215 136
MOVE A216 131
MOVE A217 141
MOVE A218 165
MOVE A220 169
MOVE A221 157
MOVE A222 129
MOVE A223 136
MOVE A224 131
MOVE A225 141
MOVE A228 150
MOVE A229 146
MOVE A230 156
MOVE A231 149
MOVE A232 146
MOVE A233 148
MOVE A234 154
MOVE A235 155
MOVE A236 209
MOVE A238 174
MOVE A239 174
MOVE A240 168
MOVE A242 152
MOVE A243 152
MOVE A244 161
MOVE A245 150
MOVE A247 169
MOVE A248 195
MOVE A249 178
MOVE A250 10
MOVE A252 10
MOVE A253 38
MOVE A254 58
MOVE A255 212
MOVE A256 212
MOVE A257 212
MOVE A261 31
MOVE A262 88
MOVE A284 10
MOVE A286 22
MOVE A287 22
MOVE A288 22
MOVE A289 22
MOVE A290 22
MOVE A291 22
MOVE A292 22
MOVE A293 22
MOVE A294 22
MOVE A295 22
MOVE A296 22
MOVE A297 22
MOVE A298 22
MOVE A299 22
MOVE A300 22
MOVE A301 22
MOVE A302 22
MOVE A303 22
MOVE A304 22
MOVE A305 22
MOVE A306 22
MOVE A307 22
MOVE A308 22
MOVE A309 22
MOVE A310 22
MOVE A311 22
MOVE A312 22
MOVE A314 9
MOVE A315 9
MOVE B213 218
MOVE B214 238
DAMAGE TURRET A244 2
DAMAGE TURRET B211 2
DAMAGE COMBAT A237 1
DAMAGE COMBAT A244 2
DAMAGE COMBAT B210 1
END TURN 387
TURN 388
COMMAND LEFT START
MOVE A81 242
MOVE A214 242
MOVE A222 242
MOVE A232 242
MOVE A235 242
MOVE A241 242
MOVE A261 242
MOVE A316 242
MOVE A317 242
MOVE A318 242
TRAIN 3
COMMAND LEFT END
COMMAND RIGHT START
TRAIN 1
COMMAND RIGHT END
TURN 388 RESULT
TIME LEFT 0 5 RIGHT 0 5
TRAIN A319 A320 A321 B215
MOVE A14 129
MOVE A53 136
MOVE A54 123
MOVE A81 242
MOVE A93 180
MOVE A94 169
MOVE A211 64
MOVE A212 180
MOVE A214 136
MOVE A215 122
MOVE A216 115
MOVE A217 130
MOVE A218 151
MOVE A220 180
MOVE A221 180
MOVE A222 136
MOVE A223 122
MOVE A224 115
MOVE A225 130
MOVE A228 138
MOVE A229 123
MOVE A230 136
MOVE A231 131
MOVE A232 157
MOVE A233 129
MOVE A234 141
MOVE A235 169
MOVE A236 212
MOVE A240 155
MOVE A241 242
MOVE A242 137
MOVE A243 137
MOVE A245 138
MOVE A247 180
MOVE A248 209
MOVE A249 182
MOVE A250 19
MOVE A252 19
MOVE A253 58
MOVE A254 66
MOVE A255 223
MOVE A256 223
MOVE A257 223
MOVE A261 38
MOVE A262 122
MOVE A284 19
MOVE A286 30
MOVE A287 30
MOVE A288 30
MOVE A289 30
MOVE A290 30
MOVE A291 30
MOVE A292 30
MOVE A293 30
MOVE A294 30
MOVE A295 30
MOVE A296 30
MOVE A297 30
MOVE A298 30
MOVE A299 30
MOVE A300 30
MOVE A301 30
MOVE A302 30
MOVE A303 30
MOVE A304 30
MOVE A305 30
MOVE A306 30
MOVE A307 30
MOVE A308 30
MOVE A309 30
MOVE A310 30
MOVE A311 30
MOVE A312 30
MOVE A314 22
MOVE A315 22
MOVE A316 9
MOVE A317 9
MOVE A318 9
MOVE B213 211
MOVE B214 235
DAMAGE TURRET A81 3
DAMAGE TURRET A244 2
DAMAGE COMBAT A81 1
DAMAGE COMBAT A241 8
DAMAGE COMBAT A244 2
DAMAGE COMBAT B120 2
DAMAGE COMBAT B210 1
END TURN 388
TURN 389
COMMAND LEFT START
MOVE A213 242
MOVE A233 242
MOVE A238 242
MOVE A239 242
MOVE A240 242
MOVE A246 242
MOVE A319 242
MOVE A320 242
MOVE A321 242
TRAIN 3
COMMAND LEFT END
COMMAND RIGHT START
MOVE B215 211
COMMAND RIGHT END
TURN 389 RESULT
TIME LEFT 0 5 RIGHT 0 5
TRAIN A322 A323 A324
MOVE A53 127
MOVE A54 105
MOVE A93 196
MOVE A94 177
MOVE A211 74
MOVE A212 196
MOVE A213 136
MOVE A214 156
MOVE A215 88
MOVE A216 106
MOVE A217 114
MOVE A218 140
MOVE A220 196
MOVE A221 196
MOVE A222 156
MOVE A223 88
MOVE A224 106
MOVE A225 114
MOVE A228 121
MOVE A229 111
MOVE A230 122
MOVE A231 115
MOVE A232 180
MOVE A233 136
MOVE A234 130
MOVE A235 180
MOVE A236 220
MOVE A238 184
MOVE A239 184
MOVE A240 169
MOVE A242 119
MOVE A243 119
MOVE A245 121
MOVE A246 107
MOVE A247 196
MOVE A248 212
MOVE A249 197
MOVE A250 30
MOVE A252 30
MOVE A253 66
MOVE A254 93
MOVE A255 232
MOVE A256 232
MOVE A257 232
MOVE A261 58
MOVE A262 136
MOVE A284 30
MOVE A286 46
MOVE A287 46
MOVE A288 46
MOVE A289 46
MOVE A290 46
MOVE A291 46
MOVE A292 46
MOVE A293 46
MOVE A294 46
MOVE A295 46
MOVE A296 46
MOVE A297 46
MOVE A298 46
MOVE A299 46
MOVE A300 46
MOVE A301 46
MOVE A302 46
MOVE A303 46
MOVE A304 46
MOVE A305 46
MOVE A306 46
MOVE A307 46
MOVE A308 46
MOVE A309 46
MOVE A310 46
MOVE A311 46
MOVE A312 46
MOVE A314 30
MOVE A315 30
MOVE A316 22
MOVE A317 22
MOVE A318 22
MOVE A319 9
MOVE A320 9
MOVE A321 9
MOVE B214 218
MOVE B215 238
END TURN 389
TURN 390
COMMAND LEFT START
MOVE A219 242
MOVE A249 242
MOVE A322 242
MOVE A323 242
MOVE A324 242
TRAIN 3
COMMAND LEFT END
COMMAND RIGHT START
TRAIN 1
COMMAND RIGHT END
TURN 390 RESULT
TIME LEFT 0 5 RIGHT 0 5
TRAIN A325 A326 A327 B216
MOVE A53 111
MOVE A54 90
MOVE A93 202
MOVE A211 87
MOVE A212 202
MOVE A213 156
MOVE A214 169
MOVE A215 68
MOVE A216 87
MOVE A217 107
MOVE A218 116
MOVE A219 195
MOVE A220 202
MOVE A221 202
MOVE A222 169
MOVE A223 68
MOVE A224 87
MOVE A225 107
MOVE A228 104
MOVE A229 93
MOVE A230 88
MOVE A231 106
MOVE A232 196
MOVE A233 156
MOVE A234 114
MOVE A235 196
MOVE A236 233
MOVE A238 200
MOVE A239 200
MOVE A240 180
MOVE A242 96
MOVE A243 96
MOVE A246 114
MOVE A247 202
MOVE A248 220
MOVE A249 219
MOVE A250 46
MOVE A252 46
MOVE A253 93
MOVE A254 111
MOVE A255 240
MOVE A256 240
MOVE A257 240
MOVE A261 66
MOVE A262 156
MOVE A284 46
MOVE A286 67
MOVE A287 67
MOVE A288 67
MOVE A289 67
MOVE A290 67
MOVE A291 67
MOVE A292 67
MOVE A293 67
MOVE A294 67
MOVE A295 67
MOVE A296 67
MOVE A297 67
MOVE A298 67
MOVE A299 67
MOVE A300 67
MOVE A301 67
MOVE A302 67
MOVE A303 67
MOVE A304 67
MOVE A305 67
MOVE A306 67
MOVE A307 67
MOVE A308 67
MOVE A309 67
MOVE A310 67
MOVE A311 67
MOVE A312 67
MOVE A314 46
MOVE A315 46
MOVE A316 30
MOVE A317 30
MOVE A318 30
MOVE A319 22
MOVE A320 22
MOVE A321 22
MOVE A322 9
MOVE A323 9
MOVE A324 9
MOVE B214 211
MOVE B215 235
END TURN 390
TURN 391
COMMAND LEFT START
MOVE A223 242
MOVE A243 242
MOVE A255 242
MOVE A256 242
MOVE A257 242
MOVE A263 242
MOVE A325 242
MOVE A326 242
MOVE A327 242
TRAIN 3
COMMAND LEFT END
COMMAND RIGHT START
COMMAND RIGHT END
TURN 391 RESULT
TIME LEFT 0 5 RIGHT 0 5
TRAIN A328 A329 A330
MOVE A53 93
MOVE A54 82
MOVE A93 220
MOVE A211 106
MOVE A212 220
MOVE A213 169
MOVE A214 180
MOVE A216 74
MOVE A217 81
MOVE A218 101
MOVE A219 209
MOVE A220 220
MOVE A221 220
MOVE A222 180
MOVE A223 88
MOVE A224 74
MOVE A225 81
MOVE A228 92
MOVE A229 66
MOVE A230 68
MOVE A231 87
MOVE A232 202
MOVE A233 169
MOVE A234 107
MOVE A235 202
MOVE A236 242
MOVE A238 218
MOVE A239 218
MOVE A240 196
MOVE A243 119
MOVE A246 130
MOVE A247 220
MOVE A248 233
MOVE A249 222
MOVE A250 67
MOVE A252 67
MOVE A253 111
MOVE A254 123
MOVE A255 242
MOVE A256 242
MOVE A257 242
MOVE A261 93
MOVE A262 169
MOVE A263 119
MOVE A284 67
MOVE A286 76
MOVE A287 76
MOVE A288 76
MOVE A289 76
MOVE A290 76
MOVE A291 76
MOVE A292 76
MOVE A293 76
MOVE A294 76
MOVE A295 76
MOVE A296 76
MOVE A297 76
MOVE A298 76
MOVE A299 76
MOVE A300 76
MOVE A301 76
MOVE A302 76
MOVE A303 76
MOVE A304 76
MOVE A305 76
MOVE A306 76
MOVE A307 76
MOVE A308 76
MOVE A309 76
MOVE A310 76
MOVE A311 76
MOVE A312 76
MOVE A314 67
MOVE A315 67
MOVE A316 46
MOVE A317 46
MOVE A318 46
MOVE A319 30
MOVE A320 30
MOVE A321 30
MOVE A322 22
MOVE A323 22
MOVE A324 22
MOVE A325 9
MOVE A326 9
MOVE A327 9
MOVE B215 218
DAMAGE TURRET A236 3
DAMAGE COMBAT A236 5
DAMAGE COMBAT A238 1
DAMAGE COMBAT A255 8
DAMAGE COMBAT A256 8
DAMAGE COMBAT A257 1
DAMAGE COMBAT B120 3
DAMAGE COMBAT B190 1
DAMAGE COMBAT B215 2
END TURN 391
TURN 392
COMMAND LEFT START
TRAIN 3
COMMAND LEFT END
COMMAND RIGHT START
TRAIN 1
COMMAND RIGHT END
TURN 392 RESULT
TIME LEFT 0 5 RIGHT 0 5
TRAIN A331 A332 A333 B217
MOVE A53 70
MOVE A54 67
MOVE A93 233
MOVE A211 115
MOVE A212 233
MOVE A213 180
MOVE A214 196
MOVE A216 64
MOVE A218 83
MOVE A219 212
MOVE A220 233
MOVE A221 233
MOVE A222 196
MOVE A223 122
MOVE A224 64
MOVE A228 76
MOVE A229 58
MOVE A231 74
MOVE A232 220
MOVE A233 180
MOVE A234 81
MOVE A235 220
MOVE A240 202
MOVE A243 137
MOVE A246 141
MOVE A247 233
MOVE A248 242
MOVE A249 234
MOVE A250 76
MOVE A252 76
MOVE A253 123
MOVE A254 146
MOVE A261 111
MOVE A262 180
MOVE A263 137
MOVE A284 76
MOVE A286 92
MOVE A287 92
MOVE A288 92
MOVE A289 92
MOVE A290 92
MOVE A291 92
MOVE A292 92
MOVE A293 92
MOVE A294 92
MOVE A295 92
MOVE A296 92
MOVE A297 92
MOVE A298 92
MOVE A299 92
MOVE A300 92
MOVE A301 92
MOVE A302 92
MOVE A303 92
MOVE A304 92
MOVE A305 92
MOVE A306 92
MOVE A307 92
MOVE A308 92
MOVE A309 92
MOVE A310 92
MOVE A311 92
MOVE A312 92
MOVE A314 76
MOVE A315 76
MOVE A316 67
MOVE A317 67
MOVE A318 67
MOVE A319 46
MOVE A320 46
MOVE A321 46
MOVE A322 30
MOVE A323 30
MOVE A324 30
MOVE A325 22
MOVE A326 22
MOVE A327 22
DAMAGE TURRET A257 3
DAMAGE COMBAT A238 1
DAMAGE COMBAT A248 8
DAMAGE COMBAT A257 4
DAMAGE COMBAT B190 2
DAMAGE COMBAT B215 2
END TURN 392
TURN 393
COMMAND LEFT START
MOVE A230 242
MOVE A328 242
MOVE A329 242
MOVE A330 242
MOVE A331 242
MOVE A332 242
MOVE A333 242
TRAIN 3
COMMAND LEFT END
COMMAND RIGHT START
MOVE B217 161
TRAIN 1
COMMAND RIGHT END
TURN 393 RESULT
TIME LEFT 0 5 RIGHT 0 5
TRAIN A334 A335 A336 B218
MOVE A53 59
MOVE A54 46
MOVE A93 242
MOVE A211 131
MOVE A212 242
MOVE A213 196
MOVE A214 202
MOVE A216 60
MOVE A218 68
MOVE A219 220
MOVE A220 242
MOVE A221 242
MOVE A222 202
MOVE A223 136
MOVE A224 60
MOVE A228 67
MOVE A229 38
MOVE A230 88
MOVE A231 64
MOVE A232 233
MOVE A233 196
MOVE A235 233
MOVE A240 220
MOVE A243 152
MOVE A246 159
MOVE A247 242
MOVE A249 240
MOVE A250 92
MOVE A252 92
MOVE A253 146
MOVE A254 157
MOVE A261 123
MOVE A262 196
MOVE A263 152
MOVE A284 92
MOVE A286 104
MOVE A287 104
MOVE A288 104
MOVE A289 104
MOVE A290 104
MOVE A291 104
MOVE A292 104
MOVE A293 104
MOVE A294 104
MOVE A295 104
MOVE A296 104
MOVE A297 104
MOVE A298 104
MOVE A299 104
MOVE A300 104
MOVE A301 104
MOVE A302 104
MOVE A303 104
MOVE A304 104
MOVE A305 104
MOVE A306 104
MOVE A307 104
MOVE A308 104
MOVE A309 104
MOVE A310 104
MOVE A311 104
MOVE A312 104
MOVE A314 92
MOVE A315 92
MOVE A316 76
MOVE A317 76
MOVE A318 76
MOVE A319 67
MOVE A320 67
MOVE A321 67
MOVE A322 46
MOVE A323 46
MOVE A324 46
MOVE A325 30
MOVE A326 30
MOVE A327 30
MOVE A328 9
MOVE A329 9
MOVE A330 9
MOVE A331 9
MOVE A332 9
MOVE A333 9
MOVE B217 240
DAMAGE TURRET A93 3
DAMAGE TURRET B217 1
DAMAGE COMBAT A71 1
DAMAGE COMBAT A93 5
DAMAGE COMBAT A212 8
DAMAGE COMBAT A220 8
DAMAGE COMBAT A221 1
DAMAGE COMBAT A238 1
DAMAGE COMBAT B190 4
DAMAGE COMBAT B191 1
DAMAGE COMBAT B215 2
DAMAGE COMBAT B217 2
END TURN 393
TURN 394
COMMAND LEFT START
TRAIN 3
COMMAND LEFT END
COMMAND RIGHT START
COMMAND RIGHT END
TURN 394 RESULT
TIME LEFT 0 5 RIGHT 0 5
TRAIN A337 A338 A339
MOVE A53 43
MOVE A54 30
MOVE A211 149
MOVE A213 202
MOVE A214 220
MOVE A216 45
MOVE A218 58
MOVE A219 233
MOVE A222 220
MOVE A223 156
MOVE A224 45
MOVE A228 46
MOVE A229 31
MOVE A230 122
MOVE A231 60
MOVE A232 242
MOVE A233 202
MOVE A235 242
MOVE A240 233
MOVE A243 172
MOVE A246 174
MOVE A250 104
MOVE A252 104
MOVE A253 157
MOVE A254 180
MOVE A261 146
MOVE A262 202
MOVE A263 172
MOVE A284 104
MOVE A286 121
MOVE A287 121
MOVE A288 121
MOVE A289 121
MOVE A290 121
MOVE A291 121
MOVE A292 121
MOVE A293 121
MOVE A294 121
MOVE A295 121
MOVE A296 121
MOVE A297 121
MOVE A298 121
MOVE A299 121
MOVE A300 121
MOVE A301 121
MOVE A302 121
MOVE A303 121
MOVE A304 121
MOVE A305 121
MOVE A306 121
MOVE A307 121
MOVE A308 121
MOVE A309 121
MOVE A310 121
MOVE A311 121
MOVE A312 121
MOVE A314 104
MOVE A315 104
MOVE A316 92
MOVE A317 92
MOVE A318 92
MOVE A319 76
MOVE A320 76
MOVE A321 76
MOVE A322 67
MOVE A323 67
MOVE A324 67
MOVE A325 46
MOVE A326 46
MOVE A327 46
MOVE A328 22
MOVE A329 22
MOVE A330 22
MOVE A331 22
MOVE A332 22
MOVE A333 22
DAMAGE TURRET A221 3
DAMAGE TURRET B217 1
DAMAGE COMBAT A71 1
DAMAGE COMBAT A221 4
DAMAGE COMBAT A232 8
DAMAGE COMBAT A235 8
DAMAGE COMBAT A238 1
DAMAGE COMBAT A247 1
DAMAGE COMBAT B191 4
DAMAGE COMBAT B215 2
DAMAGE COMBAT B217 2
END TURN 394
TURN 395
COMMAND LEFT START
MOVE A339 96
MOVE A338 96
MOVE A337 96
TRAIN 3
COMMAND LEFT END
COMMAND RIGHT START
TRAIN 1
COMMAND RIGHT END
TURN 395 RESULT
TIME LEFT 0 5 RIGHT 0 5
TRAIN A340 A341 A342 B219
MOVE A53 40
MOVE A54 19
MOVE A211 172
MOVE A213 220
MOVE A214 233
MOVE A218 38
MOVE A219 242
MOVE A222 233
MOVE A223 169
MOVE A228 30
MOVE A230 136
MOVE A231 45
MOVE A233 220
MOVE A238 235
MOVE A239 235
MOVE A240 242
MOVE A243 183
MOVE A246 184
MOVE A250 121
MOVE A252 121
MOVE A253 180
MOVE A254 196
MOVE A261 157
MOVE A262 220
MOVE A263 183
MOVE A284 121
MOVE A286 138
MOVE A287 138
MOVE A288 138
MOVE A289 138
MOVE A290 138
MOVE A291 138
MOVE A292 138
MOVE A293 138
MOVE A294 138
MOVE A295 138
MOVE A296 138
MOVE A297 138
MOVE A298 138
MOVE A299 138
MOVE A300 138
MOVE A301 138
MOVE A302 138
MOVE A303 138
MOVE A304 138
MOVE A305 138
MOVE A306 138
MOVE A307 138
MOVE A308 138
MOVE A309 138
MOVE A310 138
MOVE A311 138
MOVE A312 138
MOVE A314 121
MOVE A315 121
MOVE A316 104
MOVE A317 104
MOVE A318 104
MOVE A319 92
MOVE A320 92
MOVE A321 92
MOVE A322 76
MOVE A323 76
MOVE A324 76
MOVE A325 67
MOVE A326 67
MOVE A327 67
MOVE A328 30
MOVE A329 30
MOVE A330 30
MOVE A331 30
MOVE A332 30
MOVE A333 30
MOVE A337 9
MOVE A338 9
MOVE A339 9
DAMAGE TURRET A247 3
DAMAGE TURRET B217 1
DAMAGE COMBAT A71 1
DAMAGE COMBAT A219 8
DAMAGE COMBAT A240 8
DAMAGE COMBAT A247 4
DAMAGE COMBAT B191 3
DAMAGE COMBAT B217 1
END TURN 395
TURN 396
COMMAND LEFT START
MOVE A215 242
MOVE A216 242
MOVE A217 242
MOVE A224 242
MOVE A225 242
MOVE A231 242
MOVE A234 242
MOVE A334 242
MOVE A335 242
MOVE A336 242
MOVE A340 242
MOVE A341 242
MOVE A342 242
TRAIN 3
COMMAND LEFT END
COMMAND RIGHT START
TRAIN 1
COMMAND RIGHT END
TURN 396 RESULT
TIME LEFT 0 5 RIGHT 0 5
TRAIN A343 A344 A345 B220
MOVE A53 22
MOVE A54 10
MOVE A211 183
MOVE A213 233
MOVE A214 242
MOVE A215 88
MOVE A216 60
MOVE A217 107
MOVE A218 31
MOVE A222 242
MOVE A223 180
MOVE A224 60
MOVE A225 107
MOVE A228 19
MOVE A230 156
MOVE A231 60
MOVE A233 233
MOVE A234 107
MOVE A238 238
MOVE A239 238
MOVE A243 199
MOVE A246 200
MOVE A249 242
MOVE A250 138
MOVE A252 138
MOVE A253 196
MOVE A254 202
MOVE A261 180
MOVE A262 233
MOVE A263 199
MOVE A284 138
MOVE A286 150
MOVE A287 150
MOVE A288 150
MOVE A289 150
MOVE A290 150
MOVE A291 150
MOVE A292 150
MOVE A293 150
MOVE A294 150
MOVE A295 150
MOVE A296 150
MOVE A297 150
MOVE A298 150
MOVE A299 150
MOVE A300 150
MOVE A301 150
MOVE A302 150
MOVE A303 150
MOVE A304 150
MOVE A305 150
MOVE A306 150
MOVE A307 150
MOVE A308 150
MOVE A309 150
MOVE A310 150
MOVE A311 150
MOVE A312 150
MOVE A314 138
MOVE A315 138
MOVE A316 121
MOVE A317 121
MOVE A318 121
MOVE A319 104
MOVE A320 104
MOVE A321 104
MOVE A322 92
MOVE A323 92
MOVE A324 92
MOVE A325 76
MOVE A326 76
MOVE A327 76
MOVE A328 46
MOVE A329 46
MOVE A330 46
MOVE A331 46
MOVE A332 46
MOVE A333 46
MOVE A334 9
MOVE A335 9
MOVE A336 9
MOVE A337 22
MOVE A338 22
MOVE A339 22
MOVE A340 9
MOVE A341 9
MOVE A342 9
DAMAGE TURRET A214 3
DAMAGE COMBAT A214 5
DAMAGE COMBAT A222 8
DAMAGE COMBAT A249 8
DAMAGE COMBAT B192 3
END TURN 396
TURN 397
COMMAND LEFT START
MOVE A229 242
MOVE A343 242
MOVE A344 242
MOVE A345 242
TRAIN 3
COMMAND LEFT END
COMMAND RIGHT START
MOVE B220 161
COMMAND RIGHT END
TURN 397 RESULT
TIME LEFT 0 5 RIGHT 0 5
TRAIN A346 A347 A348
MOVE A53 9
MOVE A54 2
MOVE A211 199
MOVE A213 242
MOVE A215 122
MOVE A216 64
MOVE A217 114
MOVE A223 196
MOVE A224 64
MOVE A225 114
MOVE A228 10
MOVE A229 38
MOVE A230 169
MOVE A231 64
MOVE A233 242
MOVE A234 114
MOVE A238 242
MOVE A239 242
MOVE A243 213
MOVE A246 218
MOVE A250 150
MOVE A252 150
MOVE A253 202
MOVE A254 220
MOVE A261 196
MOVE A262 242
MOVE A263 213
MOVE A284 150
MOVE A286 166
MOVE A287 166
MOVE A288 166
MOVE A289 166
MOVE A290 166
MOVE A291 166
MOVE A292 166
MOVE A293 166
MOVE A294 166
MOVE A295 166
MOVE A296 166
MOVE A297 166
MOVE A298 166
MOVE A299 166
MOVE A300 166
MOVE A301 166
MOVE A302 166
MOVE A303 166
MOVE A304 166
MOVE A305 166
MOVE A306 166
MOVE A307 166
MOVE A308 166
MOVE A309 166
MOVE A310 166
MOVE A311 166
MOVE A312 166
MOVE A314 150
MOVE A315 150
MOVE A316 138
MOVE A317 138
MOVE A318 138
MOVE A319 121
MOVE A320 121
MOVE A321 121
MOVE A322 104
MOVE A323 104
MOVE A324 104
MOVE A325 92
MOVE A326 92
MOVE A327 92
MOVE A328 67
MOVE A329 67
MOVE A330 67
MOVE A331 67
MOVE A332 67
MOVE A333 67
MOVE A334 22
MOVE A335 22
MOVE A336 22
MOVE A337 30
MOVE A338 30
MOVE A339 30
MOVE A340 22
MOVE A341 22
MOVE A342 22
MOVE A343 9
MOVE A344 9
MOVE A345 9
MOVE B220 240
DAMAGE TURRET A238 3
DAMAGE TURRET B220 1
DAMAGE COMBAT A71 1
DAMAGE COMBAT A213 8
DAMAGE COMBAT A233 8
DAMAGE COMBAT A238 1
DAMAGE COMBAT A239 4
DAMAGE COMBAT B192 5
DAMAGE COMBAT B220 1
END TURN 397
TURN 398
COMMAND LEFT START
TRAIN 3
COMMAND LEFT END
COMMAND RIGHT START
COMMAND RIGHT END
TURN 398 RESULT
TIME LEFT 0 5 RIGHT 0 5
TRAIN A349 A350 A351
MOVE A53 2
MOVE A211 213
MOVE A215 136
MOVE A216 74
MOVE A217 130
MOVE A223 202
MOVE A224 74
MOVE A225 130
MOVE A228 2
MOVE A229 58
MOVE A230 180
MOVE A231 74
MOVE A234 130
MOVE A243 229
MOVE A246 235
MOVE A250 166
MOVE A252 166
MOVE A253 220
MOVE A254 233
MOVE A261 202
MOVE A263 229
MOVE A284 166
MOVE A286 175
MOVE A287 175
MOVE A288 175
MOVE A289 175
MOVE A290 175
MOVE A291 175
MOVE A292 175
MOVE A293 175
MOVE A294 175
MOVE A295 175
MOVE A296 175
MOVE A297 175
MOVE A298 175
MOVE A299 175
MOVE A300 175
MOVE A301 175
MOVE A302 175
MOVE A303 175
MOVE A304 175
MOVE A305 175
MOVE A306 175
MOVE A307 175
MOVE A308 175
MOVE A309 175
MOVE A310 175
MOVE A311 175
MOVE A312 175
MOVE A314 166
MOVE A315 166
MOVE A316 150
MOVE A317 150
MOVE A318 150
MOVE A319 138
MOVE A320 138
MOVE A321 138
MOVE A322 121
MOVE A323 121
MOVE A324 121
MOVE A325 104
MOVE A326 104
MOVE A327 104
MOVE A328 76
MOVE A329 76
MOVE A330 76
MOVE A331 76
MOVE A332 76
MOVE A333 76
MOVE A334 30
MOVE A335 30
MOVE A336 30
MOVE A337 46
MOVE A338 46
MOVE A339 46
MOVE A340 30
MOVE A341 30
MOVE A342 30
MOVE A343 22
MOVE A344 22
MOVE A345 22
DAMAGE TURRET A239 3
DAMAGE TURRET B220 1
DAMAGE COMBAT A71 1
DAMAGE COMBAT A239 1
DAMAGE COMBAT A262 8
DAMAGE COMBAT B193 2
DAMAGE COMBAT B220 1
END TURN 398
TURN 399
COMMAND LEFT START
MOVE A54 242
MOVE A208 242
MOVE A228 242
MOVE A346 242
MOVE A347 242
MOVE A348 242
MOVE A349 242
MOVE A350 242
MOVE A351 242
TRAIN 3
COMMAND LEFT END
COMMAND RIGHT START
COMMAND RIGHT END
TURN 399 RESULT
TIME LEFT 0 5 RIGHT 0 5
TRAIN A352 A353 A354
MOVE A54 10
MOVE A208 10
MOVE A211 229
MOVE A215 156
MOVE A216 87
MOVE A217 141
MOVE A223 220
MOVE A224 87
MOVE A225 141
MOVE A228 10
MOVE A229 66
MOVE A230 196
MOVE A231 87
MOVE A234 141
MOVE A243 238
MOVE A246 238
MOVE A250 175
MOVE A252 175
MOVE A253 233
MOVE A254 242
MOVE A261 220
MOVE A263 238
MOVE A284 175
MOVE A286 196
MOVE A287 196
MOVE A288 196
MOVE A289 196
MOVE A290 196
MOVE A291 196
MOVE A292 196
MOVE A293 196
MOVE A294 196
MOVE A295 196
MOVE A296 196
MOVE A297 196
MOVE A298 196
MOVE A299 196
MOVE A300 196
MOVE A301 196
MOVE A302 196
MOVE A303 196
MOVE A304 196
MOVE A305 196
MOVE A306 196
MOVE A307 196
MOVE A308 196
MOVE A309 196
MOVE A310 196
MOVE A311 196
MOVE A312 196
MOVE A314 175
MOVE A315 175
MOVE A316 166
MOVE A317 166
MOVE A318 166
MOVE A319 150
MOVE A320 150
MOVE A321 150
MOVE A322 138
MOVE A323 138
MOVE A324 138
MOVE A325 121
MOVE A326 121
MOVE A327 121
MOVE A328 92
MOVE A329 92
MOVE A330 92
MOVE A331 92
MOVE A332 92
MOVE A333 92
MOVE A334 46
MOVE A335 46
MOVE A336 46
MOVE A337 62
MOVE A338 62
MOVE A339 62
MOVE A340 46
MOVE A341 46
MOVE A342 46
MOVE A343 30
MOVE A344 30
MOVE A345 30
MOVE A346 9
MOVE A347 9
MOVE A348 9
MOVE A349 9
MOVE A350 9
MOVE A351 9
DAMAGE TURRET A254 3
DAMAGE TURRET B220 1
DAMAGE COMBAT A71 1
DAMAGE COMBAT A254 5
DAMAGE COMBAT B193 1
DAMAGE COMBAT B220 1
END TURN 399
TURN 400
COMMAND LEFT START
MOVE A352 242
MOVE A353 242
MOVE A354 242
TRAIN 3
COMMAND LEFT END
COMMAND RIGHT START
COMMAND RIGHT END
TURN 400 RESULT
TIME LEFT 0 5 RIGHT 0 5
TRAIN A355 A356 A357
MOVE A54 19
MOVE A208 19
MOVE A211 238
MOVE A215 169
MOVE A216 106
MOVE A217 159
MOVE A223 233
MOVE A224 106
MOVE A225 159
MOVE A228 19
MOVE A229 93
MOVE A230 202
MOVE A231 106
MOVE A234 159
MOVE A243 242
MOVE A246 242
MOVE A250 196
MOVE A252 196
MOVE A253 242
MOVE A261 233
MOVE A263 242
MOVE A284 196
MOVE A286 202
MOVE A287 202
MOVE A288 202
MOVE A289 202
MOVE A290 202
MOVE A291 202
MOVE A292 202
MOVE A293 202
MOVE A294 202
MOVE A295 202
MOVE A296 202
MOVE A297 202
MOVE A298 202
MOVE A299 202
MOVE A300 202
MOVE A301 202
MOVE A302 202
MOVE A303 202
MOVE A304 202
MOVE A305 202
MOVE A306 202
MOVE A307 202
MOVE A308 202
MOVE A309 202
MOVE A310 202
MOVE A311 202
MOVE A312 202
MOVE A314 196
MOVE A315 196
MOVE A316 175
MOVE A317 175
MOVE A318 175
MOVE A319 166
MOVE A320 166
MOVE A321 166
MOVE A322 150
MOVE A323 150
MOVE A324 150
MOVE A325 138
MOVE A326 138
MOVE A327 138
MOVE A328 104
MOVE A329 104
MOVE A330 104
MOVE A331 104
MOVE A332 104
MOVE A333 104
MOVE A334 67
MOVE A335 67
MOVE A336 67
MOVE A337 85
MOVE A338 85
MOVE A339 85
MOVE A340 67
MOVE A341 67
MOVE A342 67
MOVE A343 46
MOVE A344 46
MOVE A345 46
MOVE A346 22
MOVE A347 22
MOVE A348 22
MOVE A349 22
MOVE A350 22
MOVE A351 22
MOVE A352 9
MOVE A353 9
MOVE A354 9
DAMAGE TURRET A243 3
DAMAGE TURRET B220 1
DAMAGE COMBAT A71 1
DAMAGE COMBAT A243 5
DAMAGE COMBAT A246 8
DAMAGE COMBAT A253 7
DAMAGE COMBAT B193 4
DAMAGE COMBAT B220 1
END TURN 400
RESULT DRAW TURN_LIMIT
