[LEFT ""]
[RIGHT ""]
MAP
221 17
-11181 -10904 -10738 -10568 -10486 -9125 -9039 -9054 -8530 -8445 -8820 -9238 -8470 -8305 -8085 -8169 -8525 -7808 -7549 -7433 -7357 -7305 -7214 -8177 -7073 -6815 -6439 -6479 -6317 -6302 -6163 -7157 -6127 -6065 -6004 -5884 -6291 -5590 -5214 -6315 -5085 -5137 -5167 -5120 -5342 -5128 -4896 -5260 -4719 -4648 -4351 -4261 -4299 -4175 -4122 -4337 -4137 -4076 -3965 -3647 -3578 -3367 -3785 -3058 -3452 -3346 -3067 -3260 -3023 -3062 -3082 -2908 -2823 -2778 -2681 -2570 -2929 -2729 -2231 -2217 -2144 -2152 -2219 -2070 -1811 -1820 -1953 -1903 -1392 -1546 -1482 -1321 -1271 -1308 -1227 -1295 -1301 -1062 -992 -890 -750 -875 -623 -437 -478 -254 -181 171 12 -91 0 91 -12 -171 181 254 478 437 623 875 750 890 992 1062 1301 1295 1227 1308 1271 1321 1482 1546 1392 1903 1953 1820 1811 2070 2219 2152 2144 2217 2231 2729 2929 2570 2681 2778 2823 2908 3082 3062 3023 3260 3067 3346 3452 3058 3785 3367 3578 3647 3965 4076 4137 4337 4122 4175 4299 4261 4351 4648 4719 5260 4896 5128 5342 5120 5167 5137 5085 6315 5214 5590 6291 5884 6004 6065 6127 7157 6163 6302 6317 6479 6439 6815 7073 8177 7214 7305 7357 7433 7549 7808 8525 8169 8085 8305 8470 9238 8820 8445 8530 9054 9039 9125 10486 10568 10738 10904 11181
321 1915 -1396 -3669 3902 -121 876 2392 -3113 1580 4516 -5123 -2120 -1104 2876 107 6424 -4958 1888 632 -1838 -3258 -556 -6507 3246 1512 -1789 5518 658 -4195 3768 -8600 -442 -5348 -2927 2612 -6697 1757 -5939 8967 -1988 -7322 696 -673 6413 -4405 3746 -9435 5052 -3451 7177 -5844 9663 -4632 -352 2004 -7327 793 -2542 5224 3012 7566 -10494 -5040 -1006 -7819 1801 -3958 -6055 -2241 3973 581 -8619 5054 -6866 -3481 10083 6741 -1329 3060 -304 -7920 5775 7933 -10587 -2517 4596 1132 6625 -6410 -3917 -7483 150 2213 3406 10646 -5188 4390 -8768 5473 1255 8000 -872 -2959 -1851 3639 -6321 10233 7454 -4749 0 4749 -7454 -10233 6321 -3639 1851 2959 872 -8000 -1255 -5473 8768 -4390 5188 -10646 -3406 -2213 -150 7483 3917 6410 -6625 -1132 -4596 2517 10587 -7933 -5775 7920 304 -3060 1329 -6741 -10083 3481 6866 -5054 8619 -581 -3973 2241 6055 3958 -1801 7819 1006 5040 10494 -7566 -3012 -5224 2542 -793 7327 -2004 352 4632 -9663 5844 -7177 3451 -5052 9435 -3746 4405 -6413 673 -696 7322 1988 -8967 5939 -1757 6697 -2612 2927 5348 442 8600 -3768 4195 -658 -5518 1789 -1512 -3246 6507 556 3258 1838 -632 -1888 4958 -6424 -107 -2876 1104 2120 5123 -4516 -1580 3113 -2392 -876 121 -3902 3669 1396 -1915 -321
STRONGHOLDS 11 27 52 57 60 81 89 101 110 119 131 139 160 163 168 193 209
4 1 2 5 6
4 0 4 6 7
5 0 3 5 12 13
4 2 8 11 12
4 1 7 10 16
5 0 2 6 13 15
6 0 1 5 7 9 15
6 1 4 6 9 10 14
5 3 11 12 17 21
6 6 7 14 15 18 19
6 4 7 14 16 24 27
4 3 8 17 23
6 2 3 8 13 20 21
6 2 5 12 15 20 22
5 7 9 10 18 24
6 5 6 9 13 19 22
5 4 10 27 39 44
7 8 11 21 23 29 33 36
5 9 14 19 24 25
6 9 15 18 22 25 28
5 12 13 21 22 26
7 8 12 17 20 26 29 34
7 13 15 19 20 26 28 32
4 11 17 31 36
7 10 14 18 25 27 30 35
6 18 19 24 28 35 37
7 20 21 22 32 34 40 43
6 10 16 24 30 44 48
6 19 22 25 32 37 42
5 17 21 33 34 45
5 24 27 35 46 48
4 23 36 41 47
5 22 26 28 42 43
5 17 29 36 38 45
6 21 26 29 40 45 49
6 24 25 30 37 46 55
6 17 23 31 33 38 41
5 25 28 35 42 55
6 33 36 41 45 51 53
4 16 44 50 52
6 26 34 43 49 58 64
6 31 36 38 47 51 56
7 28 32 37 43 54 55 57
6 26 32 40 42 54 64
6 16 27 39 48 50 59
6 29 33 34 38 49 53
7 30 35 48 55 59 60 70
6 31 41 56 62 65 72
5 27 30 44 46 59
6 34 40 45 53 58 67
6 39 44 52 59 61 77
6 38 41 53 56 63 68
4 39 50 61 76
6 38 45 49 51 63 67
5 42 43 57 64 71
7 35 37 42 46 57 60 66
6 41 47 51 65 68 74
5 42 54 55 66 71
6 40 49 64 67 69 75
8 44 46 48 50 70 73 77 82
5 46 55 66 70 79
5 50 52 76 77 83
3 47 72 84
7 51 53 67 68 75 90 96
8 40 43 54 58 69 71 78 80
5 47 56 72 74 81
7 55 57 60 71 79 87 93
5 49 53 58 63 75
6 51 56 63 74 89 96
5 58 64 75 78 85
6 46 59 60 73 79 86
6 54 57 64 66 80 87
6 47 62 65 81 84 98
4 59 70 82 86
6 56 65 68 81 89 91
6 58 63 67 69 85 90
4 52 61 83 95
6 50 59 61 82 83 88
6 64 69 80 85 102 104
6 60 66 70 86 93 94
6 64 71 78 87 92 102
5 65 72 74 91 98
6 59 73 77 86 88 99
6 61 76 77 88 95 101
4 62 72 98 113
6 69 75 78 90 103 104
7 70 73 79 82 94 97 99
6 66 71 80 92 93 100
7 77 82 83 99 101 108 114
5 68 74 91 96 106
7 63 75 85 96 103 109 115
6 74 81 89 98 106 112
5 80 87 100 102 110
8 66 79 87 94 100 105 116 117
5 79 86 93 97 105
4 76 83 101 107
6 63 68 89 90 106 109
5 86 94 99 105 111
7 72 81 84 91 112 113 119
6 82 86 88 97 111 114
6 87 92 93 110 116 118
6 83 88 95 107 108 122
6 78 80 92 104 110 120
5 85 90 104 115 127
6 78 85 102 103 120 127
6 93 94 97 111 117 130
7 89 91 96 109 112 121 132
4 95 101 122 136
5 88 101 114 122 129
6 90 96 106 115 121 123
6 92 100 102 118 120 128
6 97 99 105 114 124 130
5 91 98 106 119 132
4 84 98 119 125
7 88 99 108 111 124 129 131
6 90 103 109 123 126 127
6 93 100 117 118 135 142
5 93 105 116 130 135
6 100 110 116 128 140 142
6 98 112 113 125 132 137
6 102 104 110 127 128 133
6 106 109 123 132 134 138
7 101 107 108 129 136 139 148
5 109 115 121 126 134
6 111 114 130 131 152 157
4 113 119 137 144
5 115 123 127 134 141
8 103 104 115 120 126 133 141 154
5 110 118 120 133 140
6 108 114 122 131 139 146
7 105 111 117 124 135 145 157
5 114 124 129 146 152
7 106 112 119 121 137 138 143
6 120 127 128 140 149 154
7 121 123 126 138 141 147 150
6 116 117 130 142 145 151
4 107 122 148 158
6 119 125 132 143 144 159
6 121 132 134 143 147 161
5 122 129 146 148 155
6 118 128 133 142 149 156
6 126 127 134 150 154 160
6 116 118 135 140 151 156
6 132 137 138 159 161 170
4 125 137 159 168
6 130 135 151 153 157 162
6 129 131 139 152 155 164
4 134 138 150 161
6 122 136 139 155 158 173
6 133 140 154 156 163 166
6 134 141 147 160 161 174
5 135 142 145 156 162
6 124 131 146 157 164 169
5 145 157 162 167 171
7 127 133 141 149 160 163 165
5 139 146 148 164 173
8 140 142 149 151 162 166 177 180
7 124 130 145 152 153 167 169
3 136 148 173
5 137 143 144 168 170
5 141 150 154 165 174
8 138 143 147 150 170 172 174 176
6 145 151 153 156 171 180
5 149 154 165 166 178
6 146 152 155 169 173 179
7 154 160 163 174 178 183 185
5 149 156 163 177 178
6 153 157 169 171 175 182
4 144 159 170 181
6 152 157 164 167 179 182
6 143 159 161 168 176 181
6 153 162 167 175 180 186
5 161 174 176 190 193
6 148 155 158 164 179 189
7 150 160 161 165 172 185 190
6 167 171 182 186 187 191
6 161 170 172 181 193 204
6 156 166 178 180 188 194
7 163 165 166 177 183 188 192
6 164 169 173 182 184 189
6 156 162 171 177 186 194
4 168 170 176 204
6 167 169 175 179 184 187
5 165 178 185 192 195
6 179 182 187 189 197 203
6 165 174 183 190 195 196
6 171 175 180 191 194 199
5 175 182 184 191 203
5 177 178 192 194 198
4 173 179 184 197
5 172 174 185 193 196
5 175 186 187 199 203
6 178 183 188 195 198 201
6 172 176 190 196 204 210
7 177 180 186 188 198 199 200
6 183 185 192 196 201 202
7 185 190 193 195 202 206 210
4 184 189 203 209
7 188 192 194 200 201 205 207
7 186 191 194 200 203 208 212
5 194 198 199 207 208
6 192 195 198 202 205 211
5 195 196 201 206 211
7 184 187 191 197 199 209 212
5 176 181 193 210 216
6 198 201 207 211 214 215
5 196 202 210 211 213
6 198 200 205 208 215 218
6 199 200 207 212 217 218
4 197 203 212 217
6 193 196 204 206 213 216
6 201 202 205 206 213 214
5 199 203 208 209 217
6 206 210 211 214 216 219
6 205 211 213 215 219 220
5 205 207 214 218 220
4 204 210 213 219
4 208 209 212 218
5 207 208 215 217 220
4 213 214 216 220
4 214 215 218 219
END MAP
TURN 1
COMMAND LEFT START
MOVE A3 11
UPGRADE 0
COMMAND LEFT END
COMMAND RIGHT START
MOVE B1 209
MOVE B2 110
COMMAND RIGHT END
TURN 1 RESULT
TIME LEFT 38 5 RIGHT 7 5
UPGRADE A 0
MOVE A3 2
MOVE B1 218
MOVE B2 215
END TURN 1
TURN 2
COMMAND LEFT START
COMMAND LEFT END
COMMAND RIGHT START
COMMAND RIGHT END
TURN 2 RESULT
TIME LEFT 0 5 RIGHT 0 5
MOVE A3 3
MOVE B1 217
MOVE B2 205
END TURN 2
TURN 3
COMMAND LEFT START
COMMAND LEFT END
COMMAND RIGHT START
COMMAND RIGHT END
TURN 3 RESULT
TIME LEFT 0 5 RIGHT 0 5
MOVE A3 11
MOVE B1 209
MOVE B2 198
END TURN 3
TURN 4
COMMAND LEFT START
COMMAND LEFT END
COMMAND RIGHT START
UPGRADE 209
COMMAND RIGHT END
TURN 4 RESULT
TIME LEFT 0 5 RIGHT 0 5
UPGRADE B 209
MOVE B2 188
END TURN 4
TURN 5
COMMAND LEFT START
COMMAND LEFT END
COMMAND RIGHT START
COMMAND RIGHT END
TURN 5 RESULT
TIME LEFT 0 5 RIGHT 0 5
MOVE B2 177
END TURN 5
TURN 6
COMMAND LEFT START
COMMAND LEFT END
COMMAND RIGHT START
COMMAND RIGHT END
TURN 6 RESULT
TIME LEFT 0 5 RIGHT 0 5
MOVE B2 156
END TURN 6
TURN 7
COMMAND LEFT START
COMMAND LEFT END
COMMAND RIGHT START
COMMAND RIGHT END
TURN 7 RESULT
TIME LEFT 0 5 RIGHT 0 5
MOVE B2 140
END TURN 7
TURN 8
COMMAND LEFT START
COMMAND LEFT END
COMMAND RIGHT START
COMMAND RIGHT END
TURN 8 RESULT
TIME LEFT 0 5 RIGHT 0 5
MOVE B2 128
END TURN 8
TURN 9
COMMAND LEFT START
COMMAND LEFT END
COMMAND RIGHT START
COMMAND RIGHT END
TURN 9 RESULT
TIME LEFT 0 5 RIGHT 0 5
MOVE B2 110
END TURN 9
TURN 10
COMMAND LEFT START
COMMAND LEFT END
COMMAND RIGHT START
COMMAND RIGHT END
TURN 10 RESULT
TIME LEFT 0 5 RIGHT 0 5
END TURN 10
TURN 11
COMMAND LEFT START
COMMAND LEFT END
COMMAND RIGHT START
COMMAND RIGHT END
TURN 11 RESULT
TIME LEFT 0 5 RIGHT 0 5
END TURN 11
TURN 12
COMMAND LEFT START
COMMAND LEFT END
COMMAND RIGHT START
COMMAND RIGHT END
TURN 12 RESULT
TIME LEFT 0 5 RIGHT 0 5
END TURN 12
TURN 13
COMMAND LEFT START
COMMAND LEFT END
COMMAND RIGHT START
COMMAND RIGHT END
TURN 13 RESULT
TIME LEFT 0 5 RIGHT 0 5
END TURN 13
TURN 14
COMMAND LEFT START
COMMAND LEFT END
COMMAND RIGHT START
COMMAND RIGHT END
TURN 14 RESULT
TIME LEFT 0 5 RIGHT 0 5
END TURN 14
TURN 15
COMMAND LEFT START
COMMAND LEFT END
COMMAND RIGHT START
UPGRADE 110
COMMAND RIGHT END
TURN 15 RESULT
TIME LEFT 0 5 RIGHT 0 5
UPGRADE B 110
END TURN 15
TURN 16
COMMAND LEFT START
UPGRADE 11
COMMAND LEFT END
COMMAND RIGHT START
COMMAND RIGHT END
TURN 16 RESULT
TIME LEFT 0 5 RIGHT 0 5
UPGRADE A 11
END TURN 16
TURN 17
COMMAND LEFT START
COMMAND LEFT END
COMMAND RIGHT START
COMMAND RIGHT END
TURN 17 RESULT
TIME LEFT 0 5 RIGHT 0 5
END TURN 17
TURN 18
COMMAND LEFT START
COMMAND LEFT END
COMMAND RIGHT START
TRAIN 1
COMMAND RIGHT END
TURN 18 RESULT
TIME LEFT 0 5 RIGHT 0 5
TRAIN B4
END TURN 18
TURN 19
COMMAND LEFT START
COMMAND LEFT END
COMMAND RIGHT START
COMMAND RIGHT END
TURN 19 RESULT
TIME LEFT 0 5 RIGHT 0 5
END TURN 19
TURN 20
COMMAND LEFT START
MOVE A1 27
TRAIN 1
COMMAND LEFT END
COMMAND RIGHT START
COMMAND RIGHT END
TURN 20 RESULT
TIME LEFT 0 5 RIGHT 0 5
TRAIN A4
MOVE A1 6
END TURN 20
TURN 21
COMMAND LEFT START
COMMAND LEFT END
COMMAND RIGHT START
COMMAND RIGHT END
TURN 21 RESULT
TIME LEFT 0 5 RIGHT 0 5
MOVE A1 9
END TURN 21
TURN 22
COMMAND LEFT START
COMMAND LEFT END
COMMAND RIGHT START
COMMAND RIGHT END
TURN 22 RESULT
TIME LEFT 0 5 RIGHT 0 5
MOVE A1 18
END TURN 22
TURN 23
COMMAND LEFT START
COMMAND LEFT END
COMMAND RIGHT START
COMMAND RIGHT END
TURN 23 RESULT
TIME LEFT 0 5 RIGHT 0 5
MOVE A1 24
END TURN 23
TURN 24
COMMAND LEFT START
COMMAND LEFT END
COMMAND RIGHT START
COMMAND RIGHT END
TURN 24 RESULT
TIME LEFT 0 5 RIGHT 0 5
MOVE A1 27
END TURN 24
TURN 25
COMMAND LEFT START
COMMAND LEFT END
COMMAND RIGHT START
COMMAND RIGHT END
TURN 25 RESULT
TIME LEFT 0 5 RIGHT 0 5
END TURN 25
TURN 26
COMMAND LEFT START
COMMAND LEFT END
COMMAND RIGHT START
MOVE B3 163
COMMAND RIGHT END
TURN 26 RESULT
TIME LEFT 0 5 RIGHT 0 5
MOVE B3 215
END TURN 26
TURN 27
COMMAND LEFT START
COMMAND LEFT END
COMMAND RIGHT START
COMMAND RIGHT END
TURN 27 RESULT
TIME LEFT 0 5 RIGHT 0 5
MOVE B3 205
END TURN 27
TURN 28
COMMAND LEFT START
COMMAND LEFT END
COMMAND RIGHT START
COMMAND RIGHT END
TURN 28 RESULT
TIME LEFT 0 5 RIGHT 0 5
MOVE B3 201
END TURN 28
TURN 29
COMMAND LEFT START
COMMAND LEFT END
COMMAND RIGHT START
COMMAND RIGHT END
TURN 29 RESULT
TIME LEFT 0 5 RIGHT 0 5
MOVE B3 192
END TURN 29
TURN 30
COMMAND LEFT START
COMMAND LEFT END
COMMAND RIGHT START
COMMAND RIGHT END
TURN 30 RESULT
TIME LEFT 0 5 RIGHT 0 5
MOVE B3 178
END TURN 30
TURN 31
COMMAND LEFT START
COMMAND LEFT END
COMMAND RIGHT START
COMMAND RIGHT END
TURN 31 RESULT
TIME LEFT 0 5 RIGHT 0 5
MOVE B3 163
END TURN 31
TURN 32
COMMAND LEFT START
COMMAND LEFT END
COMMAND RIGHT START
UPGRADE 163
COMMAND RIGHT END
TURN 32 RESULT
TIME LEFT 0 5 RIGHT 0 5
UPGRADE B 163
END TURN 32
TURN 33
COMMAND LEFT START
UPGRADE 27
COMMAND LEFT END
COMMAND RIGHT START
COMMAND RIGHT END
TURN 33 RESULT
TIME LEFT 0 5 RIGHT 0 5
UPGRADE A 27
END TURN 33
TURN 34
COMMAND LEFT START
COMMAND LEFT END
COMMAND RIGHT START
TRAIN 1
COMMAND RIGHT END
TURN 34 RESULT
TIME LEFT 0 5 RIGHT 0 5
TRAIN B5
END TURN 34
TURN 35
COMMAND LEFT START
COMMAND LEFT END
COMMAND RIGHT START
COMMAND RIGHT END
TURN 35 RESULT
TIME LEFT 0 5 RIGHT 0 5
END TURN 35
TURN 36
COMMAND LEFT START
TRAIN 1
COMMAND LEFT END
COMMAND RIGHT START
COMMAND RIGHT END
TURN 36 RESULT
TIME LEFT 0 5 RIGHT 0 5
TRAIN A5
END TURN 36
TURN 37
COMMAND LEFT START
COMMAND LEFT END
COMMAND RIGHT START
COMMAND RIGHT END
TURN 37 RESULT
TIME LEFT 0 5 RIGHT 0 5
END TURN 37
TURN 38
COMMAND LEFT START
COMMAND LEFT END
COMMAND RIGHT START
COMMAND RIGHT END
TURN 38 RESULT
TIME LEFT 0 5 RIGHT 0 5
END TURN 38
TURN 39
COMMAND LEFT START
COMMAND LEFT END
COMMAND RIGHT START
MOVE B5 193
COMMAND RIGHT END
TURN 39 RESULT
TIME LEFT 0 5 RIGHT 0 5
MOVE B5 214
END TURN 39
TURN 40
COMMAND LEFT START
COMMAND LEFT END
COMMAND RIGHT START
COMMAND RIGHT END
TURN 40 RESULT
TIME LEFT 0 5 RIGHT 0 5
MOVE B5 211
END TURN 40
TURN 41
COMMAND LEFT START
MOVE A5 52
COMMAND LEFT END
COMMAND RIGHT START
COMMAND RIGHT END
TURN 41 RESULT
TIME LEFT 0 5 RIGHT 0 5
MOVE A5 1
MOVE B5 202
END TURN 41
TURN 42
COMMAND LEFT START
COMMAND LEFT END
COMMAND RIGHT START
COMMAND RIGHT END
TURN 42 RESULT
TIME LEFT 0 5 RIGHT 0 5
MOVE A5 4
MOVE B5 196
END TURN 42
TURN 43
COMMAND LEFT START
COMMAND LEFT END
COMMAND RIGHT START
COMMAND RIGHT END
TURN 43 RESULT
TIME LEFT 0 5 RIGHT 0 5
MOVE A5 16
MOVE B5 193
END TURN 43
TURN 44
COMMAND LEFT START
COMMAND LEFT END
COMMAND RIGHT START
UPGRADE 193
COMMAND RIGHT END
TURN 44 RESULT
TIME LEFT 0 5 RIGHT 0 5
UPGRADE B 193
MOVE A5 39
END TURN 44
TURN 45
COMMAND LEFT START
COMMAND LEFT END
COMMAND RIGHT START
COMMAND RIGHT END
TURN 45 RESULT
TIME LEFT 0 5 RIGHT 0 5
MOVE A5 52
END TURN 45
TURN 46
COMMAND LEFT START
UPGRADE 52
COMMAND LEFT END
COMMAND RIGHT START
TRAIN 1
COMMAND RIGHT END
TURN 46 RESULT
TIME LEFT 0 5 RIGHT 0 5
UPGRADE A 52
TRAIN B6
END TURN 46
TURN 47
COMMAND LEFT START
COMMAND LEFT END
COMMAND RIGHT START
COMMAND RIGHT END
TURN 47 RESULT
TIME LEFT 0 5 RIGHT 0 5
END TURN 47
TURN 48
COMMAND LEFT START
COMMAND LEFT END
COMMAND RIGHT START
COMMAND RIGHT END
TURN 48 RESULT
TIME LEFT 0 5 RIGHT 0 5
END TURN 48
TURN 49
COMMAND LEFT START
MOVE A2 57
TRAIN 1
COMMAND LEFT END
COMMAND RIGHT START
COMMAND RIGHT END
TURN 49 RESULT
TIME LEFT 0 5 RIGHT 0 5
TRAIN A6
MOVE A2 5
END TURN 49
TURN 50
COMMAND LEFT START
COMMAND LEFT END
COMMAND RIGHT START
COMMAND RIGHT END
TURN 50 RESULT
TIME LEFT 0 5 RIGHT 0 5
MOVE A2 15
END TURN 50
TURN 51
COMMAND LEFT START
COMMAND LEFT END
COMMAND RIGHT START
COMMAND RIGHT END
TURN 51 RESULT
TIME LEFT 0 5 RIGHT 0 5
MOVE A2 19
END TURN 51
TURN 52
COMMAND LEFT START
COMMAND LEFT END
COMMAND RIGHT START
COMMAND RIGHT END
TURN 52 RESULT
TIME LEFT 0 5 RIGHT 0 5
MOVE A2 28
END TURN 52
TURN 53
COMMAND LEFT START
COMMAND LEFT END
COMMAND RIGHT START
COMMAND RIGHT END
TURN 53 RESULT
TIME LEFT 0 5 RIGHT 0 5
MOVE A2 42
END TURN 53
TURN 54
COMMAND LEFT START
COMMAND LEFT END
COMMAND RIGHT START
COMMAND RIGHT END
TURN 54 RESULT
TIME LEFT 0 5 RIGHT 0 5
MOVE A2 57
END TURN 54
TURN 55
COMMAND LEFT START
COMMAND LEFT END
COMMAND RIGHT START
COMMAND RIGHT END
TURN 55 RESULT
TIME LEFT 0 5 RIGHT 0 5
END TURN 55
TURN 56
COMMAND LEFT START
UPGRADE 57
COMMAND LEFT END
COMMAND RIGHT START
UPGRADE 220
COMMAND RIGHT END
TURN 56 RESULT
TIME LEFT 0 5 RIGHT 0 5
UPGRADE A 57
UPGRADE B 220
END TURN 56
TURN 57
COMMAND LEFT START
COMMAND LEFT END
COMMAND RIGHT START
COMMAND RIGHT END
TURN 57 RESULT
TIME LEFT 0 5 RIGHT 0 5
END TURN 57
TURN 58
COMMAND LEFT START
COMMAND LEFT END
COMMAND RIGHT START
COMMAND RIGHT END
TURN 58 RESULT
TIME LEFT 0 5 RIGHT 0 5
END TURN 58
TURN 59
COMMAND LEFT START
COMMAND LEFT END
COMMAND RIGHT START
COMMAND RIGHT END
TURN 59 RESULT
TIME LEFT 0 5 RIGHT 0 5
END TURN 59
TURN 60
COMMAND LEFT START
COMMAND LEFT END
COMMAND RIGHT START
COMMAND RIGHT END
TURN 60 RESULT
TIME LEFT 0 5 RIGHT 0 5
END TURN 60
TURN 61
COMMAND LEFT START
COMMAND LEFT END
COMMAND RIGHT START
COMMAND RIGHT END
TURN 61 RESULT
TIME LEFT 0 5 RIGHT 0 5
END TURN 61
TURN 62
COMMAND LEFT START
COMMAND LEFT END
COMMAND RIGHT START
COMMAND RIGHT END
TURN 62 RESULT
TIME LEFT 0 5 RIGHT 0 5
END TURN 62
TURN 63
COMMAND LEFT START
COMMAND LEFT END
COMMAND RIGHT START
UPGRADE 209
COMMAND RIGHT END
TURN 63 RESULT
TIME LEFT 0 5 RIGHT 0 5
UPGRADE B 209
END TURN 63
TURN 64
COMMAND LEFT START
COMMAND LEFT END
COMMAND RIGHT START
COMMAND RIGHT END
TURN 64 RESULT
TIME LEFT 0 5 RIGHT 0 5
END TURN 64
TURN 65
COMMAND LEFT START
COMMAND LEFT END
COMMAND RIGHT START
TRAIN 1
COMMAND RIGHT END
TURN 65 RESULT
TIME LEFT 0 5 RIGHT 0 5
TRAIN B7
END TURN 65
TURN 66
COMMAND LEFT START
COMMAND LEFT END
COMMAND RIGHT START
MOVE B4 209
COMMAND RIGHT END
TURN 66 RESULT
TIME LEFT 0 5 RIGHT 0 5
MOVE B4 218
END TURN 66
TURN 67
COMMAND LEFT START
COMMAND LEFT END
COMMAND RIGHT START
COMMAND RIGHT END
TURN 67 RESULT
TIME LEFT 0 5 RIGHT 0 5
MOVE B4 217
END TURN 67
TURN 68
COMMAND LEFT START
COMMAND LEFT END
COMMAND RIGHT START
COMMAND RIGHT END
TURN 68 RESULT
TIME LEFT 0 5 RIGHT 0 5
MOVE B4 209
END TURN 68
TURN 69
COMMAND LEFT START
COMMAND LEFT END
COMMAND RIGHT START
COMMAND RIGHT END
TURN 69 RESULT
TIME LEFT 0 5 RIGHT 0 5
END TURN 69
TURN 70
COMMAND LEFT START
UPGRADE 0
COMMAND LEFT END
COMMAND RIGHT START
COMMAND RIGHT END
TURN 70 RESULT
TIME LEFT 0 5 RIGHT 0 5
UPGRADE A 0
END TURN 70
TURN 71
COMMAND LEFT START
TRAIN 1
COMMAND LEFT END
COMMAND RIGHT START
COMMAND RIGHT END
TURN 71 RESULT
TIME LEFT 0 5 RIGHT 0 5
TRAIN A7
END TURN 71
TURN 72
COMMAND LEFT START
TRAIN 1
COMMAND LEFT END
COMMAND RIGHT START
COMMAND RIGHT END
TURN 72 RESULT
TIME LEFT 0 5 RIGHT 0 5
TRAIN A8
END TURN 72
TURN 73
COMMAND LEFT START
TRAIN 1
COMMAND LEFT END
COMMAND RIGHT START
COMMAND RIGHT END
TURN 73 RESULT
TIME LEFT 0 5 RIGHT 0 5
TRAIN A9
END TURN 73
TURN 74
COMMAND LEFT START
COMMAND LEFT END
COMMAND RIGHT START
COMMAND RIGHT END
TURN 74 RESULT
TIME LEFT 0 5 RIGHT 0 5
END TURN 74
TURN 75
COMMAND LEFT START
TRAIN 1
COMMAND LEFT END
COMMAND RIGHT START
COMMAND RIGHT END
TURN 75 RESULT
TIME LEFT 0 5 RIGHT 0 5
TRAIN A10
END TURN 75
TURN 76
COMMAND LEFT START
TRAIN 1
COMMAND LEFT END
COMMAND RIGHT START
UPGRADE 220
COMMAND RIGHT END
TURN 76 RESULT
TIME LEFT 0 5 RIGHT 0 5
UPGRADE B 220
TRAIN A11
END TURN 76
TURN 77
COMMAND LEFT START
TRAIN 1
COMMAND LEFT END
COMMAND RIGHT START
COMMAND RIGHT END
TURN 77 RESULT
TIME LEFT 0 5 RIGHT 0 5
TRAIN A12
END TURN 77
TURN 78
COMMAND LEFT START
COMMAND LEFT END
COMMAND RIGHT START
TRAIN 1
COMMAND RIGHT END
TURN 78 RESULT
TIME LEFT 0 5 RIGHT 0 5
TRAIN B8
END TURN 78
TURN 79
COMMAND LEFT START
TRAIN 1
COMMAND LEFT END
COMMAND RIGHT START
COMMAND RIGHT END
TURN 79 RESULT
TIME LEFT 0 5 RIGHT 0 5
TRAIN A13
END TURN 79
TURN 80
COMMAND LEFT START
TRAIN 1
COMMAND LEFT END
COMMAND RIGHT START
COMMAND RIGHT END
TURN 80 RESULT
TIME LEFT 0 5 RIGHT 0 5
TRAIN A14
END TURN 80
TURN 81
COMMAND LEFT START
COMMAND LEFT END
COMMAND RIGHT START
COMMAND RIGHT END
TURN 81 RESULT
TIME LEFT 0 5 RIGHT 0 5
END TURN 81
TURN 82
COMMAND LEFT START
TRAIN 1
COMMAND LEFT END
COMMAND RIGHT START
COMMAND RIGHT END
TURN 82 RESULT
TIME LEFT 0 5 RIGHT 0 5
TRAIN A15
END TURN 82
TURN 83
COMMAND LEFT START
TRAIN 1
COMMAND LEFT END
COMMAND RIGHT START
UPGRADE 193
COMMAND RIGHT END
TURN 83 RESULT
TIME LEFT 0 5 RIGHT 0 5
UPGRADE B 193
TRAIN A16
END TURN 83
TURN 84
COMMAND LEFT START
COMMAND LEFT END
COMMAND RIGHT START
TRAIN 1
COMMAND RIGHT END
TURN 84 RESULT
TIME LEFT 0 5 RIGHT 0 5
TRAIN B9
END TURN 84
TURN 85
COMMAND LEFT START
TRAIN 1
COMMAND LEFT END
COMMAND RIGHT START
MOVE B6 193
COMMAND RIGHT END
TURN 85 RESULT
TIME LEFT 0 5 RIGHT 0 5
TRAIN A17
MOVE B6 214
END TURN 85
TURN 86
COMMAND LEFT START
COMMAND LEFT END
COMMAND RIGHT START
COMMAND RIGHT END
TURN 86 RESULT
TIME LEFT 0 5 RIGHT 0 5
MOVE B6 211
END TURN 86
TURN 87
COMMAND LEFT START
TRAIN 1
COMMAND LEFT END
COMMAND RIGHT START
COMMAND RIGHT END
TURN 87 RESULT
TIME LEFT 0 5 RIGHT 0 5
TRAIN A18
MOVE B6 202
END TURN 87
TURN 88
COMMAND LEFT START
COMMAND LEFT END
COMMAND RIGHT START
COMMAND RIGHT END
TURN 88 RESULT
TIME LEFT 0 5 RIGHT 0 5
MOVE B6 196
END TURN 88
TURN 89
COMMAND LEFT START
TRAIN 1
COMMAND LEFT END
COMMAND RIGHT START
UPGRADE 163
COMMAND RIGHT END
TURN 89 RESULT
TIME LEFT 0 5 RIGHT 0 5
UPGRADE B 163
TRAIN A19
MOVE B6 193
END TURN 89
TURN 90
COMMAND LEFT START
MOVE A8 220
MOVE A9 220
MOVE A10 220
MOVE A11 220
MOVE A12 220
MOVE A13 220
MOVE A14 220
MOVE A15 220
MOVE A16 220
MOVE A17 220
MOVE A18 220
MOVE A19 220
COMMAND LEFT END
COMMAND RIGHT START
TRAIN 1
COMMAND RIGHT END
TURN 90 RESULT
TIME LEFT 0 5 RIGHT 0 5
TRAIN B10
MOVE A8 5
MOVE A9 5
MOVE A10 5
MOVE A11 5
MOVE A12 5
MOVE A13 5
MOVE A14 5
MOVE A15 5
MOVE A16 5
MOVE A17 5
MOVE A18 5
MOVE A19 5
END TURN 90
TURN 91
COMMAND LEFT START
COMMAND LEFT END
COMMAND RIGHT START
MOVE B7 163
COMMAND RIGHT END
TURN 91 RESULT
TIME LEFT 0 5 RIGHT 0 5
MOVE A8 15
MOVE A9 15
MOVE A10 15
MOVE A11 15
MOVE A12 15
MOVE A13 15
MOVE A14 15
MOVE A15 15
MOVE A16 15
MOVE A17 15
MOVE A18 15
MOVE A19 15
MOVE B7 215
END TURN 91
TURN 92
COMMAND LEFT START
COMMAND LEFT END
COMMAND RIGHT START
COMMAND RIGHT END
TURN 92 RESULT
TIME LEFT 0 5 RIGHT 0 5
MOVE A8 19
MOVE A9 19
MOVE A10 19
MOVE A11 19
MOVE A12 19
MOVE A13 19
MOVE A14 19
MOVE A15 19
MOVE A16 19
MOVE A17 19
MOVE A18 19
MOVE A19 19
MOVE B7 205
END TURN 92
TURN 93
COMMAND LEFT START
COMMAND LEFT END
COMMAND RIGHT START
COMMAND RIGHT END
TURN 93 RESULT
TIME LEFT 0 5 RIGHT 0 5
MOVE A8 28
MOVE A9 28
MOVE A10 28
MOVE A11 28
MOVE A12 28
MOVE A13 28
MOVE A14 28
MOVE A15 28
MOVE A16 28
MOVE A17 28
MOVE A18 28
MOVE A19 28
MOVE B7 201
END TURN 93
TURN 94
COMMAND LEFT START
COMMAND LEFT END
COMMAND RIGHT START
COMMAND RIGHT END
TURN 94 RESULT
TIME LEFT 0 5 RIGHT 0 5
MOVE A8 42
MOVE A9 42
MOVE A10 42
MOVE A11 42
MOVE A12 42
MOVE A13 42
MOVE A14 42
MOVE A15 42
MOVE A16 42
MOVE A17 42
MOVE A18 42
MOVE A19 42
MOVE B7 192
END TURN 94
TURN 95
COMMAND LEFT START
COMMAND LEFT END
COMMAND RIGHT START
UPGRADE 110
COMMAND RIGHT END
TURN 95 RESULT
TIME LEFT 0 5 RIGHT 0 5
UPGRADE B 110
MOVE A8 57
MOVE A9 57
MOVE A10 57
MOVE A11 57
MOVE A12 57
MOVE A13 57
MOVE A14 57
MOVE A15 57
MOVE A16 57
MOVE A17 57
MOVE A18 57
MOVE A19 57
MOVE B7 178
END TURN 95
TURN 96
COMMAND LEFT START
COMMAND LEFT END
COMMAND RIGHT START
TRAIN 1
COMMAND RIGHT END
TURN 96 RESULT
TIME LEFT 0 5 RIGHT 0 5
TRAIN B11
MOVE A8 71
MOVE A9 71
MOVE A10 71
MOVE A11 71
MOVE A12 71
MOVE A13 71
MOVE A14 71
MOVE A15 71
MOVE A16 71
MOVE A17 71
MOVE A18 71
MOVE A19 71
MOVE B7 163
END TURN 96
TURN 97
COMMAND LEFT START
COMMAND LEFT END
COMMAND RIGHT START
MOVE B8 110
COMMAND RIGHT END
TURN 97 RESULT
TIME LEFT 0 5 RIGHT 0 5
MOVE A8 87
MOVE A9 87
MOVE A10 87
MOVE A11 87
MOVE A12 87
MOVE A13 87
MOVE A14 87
MOVE A15 87
MOVE A16 87
MOVE A17 87
MOVE A18 87
MOVE A19 87
MOVE B8 215
END TURN 97
TURN 98
COMMAND LEFT START
COMMAND LEFT END
COMMAND RIGHT START
TRAIN 1
COMMAND RIGHT END
TURN 98 RESULT
TIME LEFT 0 5 RIGHT 0 5
TRAIN B12
MOVE A8 100
MOVE A9 100
MOVE A10 100
MOVE A11 100
MOVE A12 100
MOVE A13 100
MOVE A14 100
MOVE A15 100
MOVE A16 100
MOVE A17 100
MOVE A18 100
MOVE A19 100
MOVE B8 205
END TURN 98
TURN 99
COMMAND LEFT START
COMMAND LEFT END
COMMAND RIGHT START
MOVE B12 110
COMMAND RIGHT END
TURN 99 RESULT
TIME LEFT 0 5 RIGHT 0 5
MOVE A8 118
MOVE A9 118
MOVE A10 118
MOVE A11 118
MOVE A12 118
MOVE A13 118
MOVE A14 118
MOVE A15 118
MOVE A16 118
MOVE A17 118
MOVE A18 118
MOVE A19 118
MOVE B8 198
MOVE B12 215
END TURN 99
TURN 100
COMMAND LEFT START
COMMAND LEFT END
COMMAND RIGHT START
COMMAND RIGHT END
TURN 100 RESULT
TIME LEFT 0 5 RIGHT 0 5
MOVE A8 142
MOVE A9 142
MOVE A10 142
MOVE A11 142
MOVE A12 142
MOVE A13 142
MOVE A14 142
MOVE A15 142
MOVE A16 142
MOVE A17 142
MOVE A18 142
MOVE A19 142
MOVE B8 188
MOVE B12 205
END TURN 100
TURN 101
COMMAND LEFT START
COMMAND LEFT END
COMMAND RIGHT START
COMMAND RIGHT END
TURN 101 RESULT
TIME LEFT 0 5 RIGHT 0 5
MOVE A8 156
MOVE A9 156
MOVE A10 156
MOVE A11 156
MOVE A12 156
MOVE A13 156
MOVE A14 156
MOVE A15 156
MOVE A16 156
MOVE A17 156
MOVE A18 156
MOVE A19 156
MOVE B8 177
MOVE B12 198
END TURN 101
TURN 102
COMMAND LEFT START
COMMAND LEFT END
COMMAND RIGHT START
UPGRADE 209
COMMAND RIGHT END
TURN 102 RESULT
TIME LEFT 0 5 RIGHT 0 5
UPGRADE B 209
MOVE A8 177
MOVE A9 177
MOVE A10 177
MOVE A11 177
MOVE A12 177
MOVE A13 177
MOVE A14 177
MOVE A15 177
MOVE A16 177
MOVE A17 177
MOVE A18 177
MOVE A19 177
MOVE B8 156
MOVE B12 188
END TURN 102
TURN 103
COMMAND LEFT START
COMMAND LEFT END
COMMAND RIGHT START
TRAIN 1
COMMAND RIGHT END
TURN 103 RESULT
TIME LEFT 0 5 RIGHT 0 5
TRAIN B13
MOVE A8 188
MOVE A9 188
MOVE A10 188
MOVE A11 188
MOVE A12 188
MOVE A13 188
MOVE A14 188
MOVE A15 188
MOVE A16 188
MOVE A17 188
MOVE A18 188
MOVE A19 188
MOVE B8 140
MOVE B12 177
END TURN 103
TURN 104
COMMAND LEFT START
COMMAND LEFT END
COMMAND RIGHT START
MOVE B9 209
COMMAND RIGHT END
TURN 104 RESULT
TIME LEFT 0 5 RIGHT 0 5
MOVE A8 198
MOVE A9 198
MOVE A10 198
MOVE A11 198
MOVE A12 198
MOVE A13 198
MOVE A14 198
MOVE A15 198
MOVE A16 198
MOVE A17 198
MOVE A18 198
MOVE A19 198
MOVE B8 128
MOVE B9 218
MOVE B12 156
END TURN 104
TURN 105
COMMAND LEFT START
COMMAND LEFT END
COMMAND RIGHT START
MOVE B1 220
MOVE B4 220
MOVE B5 220
MOVE B6 220
MOVE B3 220
MOVE B7 220
TRAIN 2
COMMAND RIGHT END
TURN 105 RESULT
TIME LEFT 0 5 RIGHT 0 5
TRAIN B14 B15
MOVE A8 205
MOVE A9 205
MOVE A10 205
MOVE A11 205
MOVE A12 205
MOVE A13 205
MOVE A14 205
MOVE A15 205
MOVE A16 205
MOVE A17 205
MOVE A18 205
MOVE A19 205
MOVE B1 217
MOVE B3 178
MOVE B4 217
MOVE B5 196
MOVE B6 196
MOVE B7 178
MOVE B8 110
MOVE B9 217
MOVE B12 140
END TURN 105
TURN 106
COMMAND LEFT START
COMMAND LEFT END
COMMAND RIGHT START
TRAIN 1
COMMAND RIGHT END
TURN 106 RESULT
TIME LEFT 0 5 RIGHT 0 5
TRAIN B16
MOVE A8 215
MOVE A9 215
MOVE A10 215
MOVE A11 215
MOVE A12 215
MOVE A13 215
MOVE A14 215
MOVE A15 215
MOVE A16 215
MOVE A17 215
MOVE A18 215
MOVE A19 215
MOVE B1 218
MOVE B3 192
MOVE B4 218
MOVE B5 202
MOVE B6 202
MOVE B7 192
MOVE B9 209
MOVE B12 128
END TURN 106
TURN 107
COMMAND LEFT START
COMMAND LEFT END
COMMAND RIGHT START
MOVE B9 220
COMMAND RIGHT END
TURN 107 RESULT
TIME LEFT 0 5 RIGHT 0 5
MOVE A8 220
MOVE A9 220
MOVE A10 220
MOVE A11 220
MOVE A12 220
MOVE A13 220
MOVE A14 220
MOVE A15 220
MOVE A16 220
MOVE A17 220
MOVE A18 220
MOVE A19 220
MOVE B1 220
MOVE B3 201
MOVE B4 220
MOVE B5 211
MOVE B6 211
MOVE B7 201
MOVE B9 217
MOVE B12 110
DAMAGE TURRET A8 2
DAMAGE COMBAT A8 4
DAMAGE COMBAT A9 4
DAMAGE COMBAT B1 4
DAMAGE COMBAT B4 4
DAMAGE COMBAT B10 4
END TURN 107
TURN 108
COMMAND LEFT START
COMMAND LEFT END
COMMAND RIGHT START
MOVE B2 220
MOVE B8 220
COMMAND RIGHT END
TURN 108 RESULT
TIME LEFT 0 5 RIGHT 0 5
MOVE B2 128
MOVE B3 205
MOVE B5 214
MOVE B6 214
MOVE B7 205
MOVE B8 128
MOVE B9 218
DAMAGE TURRET A9 2
DAMAGE COMBAT A10 6
DAMAGE COMBAT B10 2
DAMAGE COMBAT B11 6
DAMAGE COMBAT B13 3
END TURN 108
TURN 109
COMMAND LEFT START
COMMAND LEFT END
COMMAND RIGHT START
TRAIN 1
COMMAND RIGHT END
TURN 109 RESULT
TIME LEFT 0 5 RIGHT 0 5
TRAIN B17
MOVE B2 140
MOVE B3 215
MOVE B5 220
MOVE B6 220
MOVE B7 215
MOVE B8 140
MOVE B9 220
DAMAGE TURRET A11 2
DAMAGE COMBAT A11 4
DAMAGE COMBAT A12 4
DAMAGE COMBAT B5 4
DAMAGE COMBAT B6 2
DAMAGE COMBAT B13 3
END TURN 109
TURN 110
COMMAND LEFT START
COMMAND LEFT END
COMMAND RIGHT START
COMMAND RIGHT END
TURN 110 RESULT
TIME LEFT 0 5 RIGHT 0 5
MOVE B2 156
MOVE B3 220
MOVE B7 220
MOVE B8 156
DAMAGE TURRET A12 2
DAMAGE COMBAT A13 6
DAMAGE COMBAT A14 2
DAMAGE COMBAT B3 4
DAMAGE COMBAT B6 2
DAMAGE COMBAT B7 2
END TURN 110
TURN 111
COMMAND LEFT START
COMMAND LEFT END
COMMAND RIGHT START
COMMAND RIGHT END
TURN 111 RESULT
TIME LEFT 0 5 RIGHT 0 5
MOVE B2 177
MOVE B8 177
DAMAGE TURRET A14 2
DAMAGE COMBAT A14 2
DAMAGE COMBAT A15 4
DAMAGE COMBAT B7 3
DAMAGE COMBAT B9 3
END TURN 111
TURN 112
COMMAND LEFT START
COMMAND LEFT END
COMMAND RIGHT START
TRAIN 1
COMMAND RIGHT END
TURN 112 RESULT
TIME LEFT 0 5 RIGHT 0 5
TRAIN B18
MOVE B2 188
MOVE B8 188
DAMAGE TURRET A15 2
DAMAGE COMBAT A16 6
DAMAGE COMBAT B9 3
DAMAGE COMBAT B14 2
END TURN 112
TURN 113
COMMAND LEFT START
COMMAND LEFT END
COMMAND RIGHT START
COMMAND RIGHT END
TURN 113 RESULT
TIME LEFT 0 5 RIGHT 0 5
MOVE B2 198
MOVE B8 198
DAMAGE TURRET A17 2
DAMAGE COMBAT A17 4
DAMAGE COMBAT A18 1
DAMAGE COMBAT B14 3
END TURN 113
TURN 114
COMMAND LEFT START
COMMAND LEFT END
COMMAND RIGHT START
COMMAND RIGHT END
TURN 114 RESULT
TIME LEFT 0 5 RIGHT 0 5
MOVE B2 205
MOVE B8 205
DAMAGE TURRET A18 2
DAMAGE COMBAT A18 3
DAMAGE COMBAT A19 2
DAMAGE COMBAT B14 1
DAMAGE COMBAT B15 1
END TURN 114
TURN 115
COMMAND LEFT START
COMMAND LEFT END
COMMAND RIGHT START
TRAIN 1
COMMAND RIGHT END
TURN 115 RESULT
TIME LEFT 0 5 RIGHT 0 5
TRAIN B19
MOVE B2 215
MOVE B8 215
DAMAGE TURRET A19 2
DAMAGE COMBAT A19 2
DAMAGE COMBAT B15 1
END TURN 115
TURN 116
COMMAND LEFT START
UPGRADE 57
UPGRADE 52
TRAIN 2
COMMAND LEFT END
COMMAND RIGHT START
MOVE B15 209
MOVE B16 163
MOVE B17 193
COMMAND RIGHT END
TURN 116 RESULT
TIME LEFT 0 5 RIGHT 0 5
UPGRADE A 52
UPGRADE A 57
TRAIN A20 A21
MOVE B2 220
MOVE B8 220
MOVE B15 218
MOVE B16 215
MOVE B17 214
END TURN 116
TURN 117
COMMAND LEFT START
MOVE A20 52
MOVE A21 57
TRAIN 2
COMMAND LEFT END
COMMAND RIGHT START
MOVE B2 209
MOVE B8 163
MOVE B18 193
COMMAND RIGHT END
TURN 117 RESULT
TIME LEFT 0 5 RIGHT 0 5
TRAIN A22 A23
MOVE A20 1
MOVE A21 5
MOVE B2 218
MOVE B8 215
MOVE B15 217
MOVE B16 205
MOVE B17 211
MOVE B18 214
END TURN 117
TURN 118
COMMAND LEFT START
TRAIN 2
COMMAND LEFT END
COMMAND RIGHT START
TRAIN 1
COMMAND RIGHT END
TURN 118 RESULT
TIME LEFT 0 5 RIGHT 0 5
TRAIN A24 A25 B20
MOVE A20 4
MOVE A21 15
MOVE B2 217
MOVE B8 205
MOVE B15 209
MOVE B16 201
MOVE B17 202
MOVE B18 211
END TURN 118
TURN 119
COMMAND LEFT START
TRAIN 2
COMMAND LEFT END
COMMAND RIGHT START
MOVE B19 163
COMMAND RIGHT END
TURN 119 RESULT
TIME LEFT 0 5 RIGHT 0 5
TRAIN A26 A27
MOVE A20 16
MOVE A21 19
MOVE B2 209
MOVE B8 201
MOVE B16 192
MOVE B17 196
MOVE B18 202
MOVE B19 215
END TURN 119
TURN 120
COMMAND LEFT START
TRAIN 1
COMMAND LEFT END
COMMAND RIGHT START
MOVE B2 163
COMMAND RIGHT END
TURN 120 RESULT
TIME LEFT 0 5 RIGHT 0 5
TRAIN A28
MOVE A20 39
MOVE A21 28
MOVE B2 203
MOVE B8 192
MOVE B16 178
MOVE B17 193
MOVE B18 196
MOVE B19 205
END TURN 120
TURN 121
COMMAND LEFT START
COMMAND LEFT END
COMMAND RIGHT START
TRAIN 1
COMMAND RIGHT END
TURN 121 RESULT
TIME LEFT 0 5 RIGHT 0 5
TRAIN B21
MOVE A20 52
MOVE A21 42
MOVE B2 199
MOVE B8 178
MOVE B16 163
MOVE B18 193
MOVE B19 201
END TURN 121
TURN 122
COMMAND LEFT START
TRAIN 1
COMMAND LEFT END
COMMAND RIGHT START
COMMAND RIGHT END
TURN 122 RESULT
TIME LEFT 0 5 RIGHT 0 5
TRAIN A29
MOVE A21 57
MOVE B2 194
MOVE B8 163
MOVE B19 192
END TURN 122
TURN 123
COMMAND LEFT START
TRAIN 1
COMMAND LEFT END
COMMAND RIGHT START
TRAIN 1
COMMAND RIGHT END
TURN 123 RESULT
TIME LEFT 0 5 RIGHT 0 5
TRAIN A30 B22
MOVE B2 177
MOVE B19 178
END TURN 123
TURN 124
COMMAND LEFT START
TRAIN 1
COMMAND LEFT END
COMMAND RIGHT START
TRAIN 1
COMMAND RIGHT END
TURN 124 RESULT
TIME LEFT 0 5 RIGHT 0 5
TRAIN A31 B23
MOVE B2 166
MOVE B19 163
END TURN 124
TURN 125
COMMAND LEFT START
TRAIN 1
COMMAND LEFT END
COMMAND RIGHT START
MOVE B20 209
MOVE B8 209
TRAIN 1
COMMAND RIGHT END
TURN 125 RESULT
TIME LEFT 0 5 RIGHT 0 5
TRAIN A32 B24
MOVE B2 163
MOVE B8 166
MOVE B20 218
END TURN 125
TURN 126
COMMAND LEFT START
COMMAND LEFT END
COMMAND RIGHT START
MOVE B2 110
MOVE B24 110
COMMAND RIGHT END
TURN 126 RESULT
TIME LEFT 0 5 RIGHT 0 5
MOVE B2 149
MOVE B8 177
MOVE B20 217
MOVE B24 215
END TURN 126
TURN 127
COMMAND LEFT START
TRAIN 1
COMMAND LEFT END
COMMAND RIGHT START
COMMAND RIGHT END
TURN 127 RESULT
TIME LEFT 0 5 RIGHT 0 5
TRAIN A33
MOVE B2 140
MOVE B8 194
MOVE B20 209
MOVE B24 205
END TURN 127
TURN 128
COMMAND LEFT START
MOVE A22 220
MOVE A23 220
MOVE A24 220
MOVE A25 220
MOVE A26 220
MOVE A27 220
MOVE A28 220
MOVE A29 220
MOVE A30 220
MOVE A31 220
MOVE A32 220
MOVE A33 220
COMMAND LEFT END
COMMAND RIGHT START
COMMAND RIGHT END
TURN 128 RESULT
TIME LEFT 0 5 RIGHT 0 5
MOVE A22 5
MOVE A23 5
MOVE A24 5
MOVE A25 5
MOVE A26 5
MOVE A27 5
MOVE A28 5
MOVE A29 5
MOVE A30 5
MOVE A31 5
MOVE A32 5
MOVE A33 5
MOVE B2 128
MOVE B8 199
MOVE B24 198
END TURN 128
TURN 129
COMMAND LEFT START
COMMAND LEFT END
COMMAND RIGHT START
COMMAND RIGHT END
TURN 129 RESULT
TIME LEFT 0 5 RIGHT 0 5
MOVE A22 15
MOVE A23 15
MOVE A24 15
MOVE A25 15
MOVE A26 15
MOVE A27 15
MOVE A28 15
MOVE A29 15
MOVE A30 15
MOVE A31 15
MOVE A32 15
MOVE A33 15
MOVE B2 110
MOVE B8 203
MOVE B24 188
END TURN 129
TURN 130
COMMAND LEFT START
COMMAND LEFT END
COMMAND RIGHT START
UPGRADE 193
COMMAND RIGHT END
TURN 130 RESULT
TIME LEFT 0 5 RIGHT 0 5
UPGRADE B 193
MOVE A22 19
MOVE A23 19
MOVE A24 19
MOVE A25 19
MOVE A26 19
MOVE A27 19
MOVE A28 19
MOVE A29 19
MOVE A30 19
MOVE A31 19
MOVE A32 19
MOVE A33 19
MOVE B8 209
MOVE B24 177
END TURN 130
TURN 131
COMMAND LEFT START
COMMAND LEFT END
COMMAND RIGHT START
TRAIN 1
COMMAND RIGHT END
TURN 131 RESULT
TIME LEFT 0 5 RIGHT 0 5
TRAIN B25
MOVE A22 28
MOVE A23 28
MOVE A24 28
MOVE A25 28
MOVE A26 28
MOVE A27 28
MOVE A28 28
MOVE A29 28
MOVE A30 28
MOVE A31 28
MOVE A32 28
MOVE A33 28
MOVE B24 156
END TURN 131
TURN 132
COMMAND LEFT START
COMMAND LEFT END
COMMAND RIGHT START
MOVE B21 193
COMMAND RIGHT END
TURN 132 RESULT
TIME LEFT 0 5 RIGHT 0 5
MOVE A22 42
MOVE A23 42
MOVE A24 42
MOVE A25 42
MOVE A26 42
MOVE A27 42
MOVE A28 42
MOVE A29 42
MOVE A30 42
MOVE A31 42
MOVE A32 42
MOVE A33 42
MOVE B21 214
MOVE B24 140
END TURN 132
TURN 133
COMMAND LEFT START
COMMAND LEFT END
COMMAND RIGHT START
COMMAND RIGHT END
TURN 133 RESULT
TIME LEFT 0 5 RIGHT 0 5
MOVE A22 57
MOVE A23 57
MOVE A24 57
MOVE A25 57
MOVE A26 57
MOVE A27 57
MOVE A28 57
MOVE A29 57
MOVE A30 57
MOVE A31 57
MOVE A32 57
MOVE A33 57
MOVE B21 211
MOVE B24 128
END TURN 133
TURN 134
COMMAND LEFT START
COMMAND LEFT END
COMMAND RIGHT START
COMMAND RIGHT END
TURN 134 RESULT
TIME LEFT 0 5 RIGHT 0 5
MOVE A22 71
MOVE A23 71
MOVE A24 71
MOVE A25 71
MOVE A26 71
MOVE A27 71
MOVE A28 71
MOVE A29 71
MOVE A30 71
MOVE A31 71
MOVE A32 71
MOVE A33 71
MOVE B21 202
MOVE B24 110
END TURN 134
TURN 135
COMMAND LEFT START
COMMAND LEFT END
COMMAND RIGHT START
UPGRADE 163
COMMAND RIGHT END
TURN 135 RESULT
TIME LEFT 0 5 RIGHT 0 5
UPGRADE B 163
MOVE A22 87
MOVE A23 87
MOVE A24 87
MOVE A25 87
MOVE A26 87
MOVE A27 87
MOVE A28 87
MOVE A29 87
MOVE A30 87
MOVE A31 87
MOVE A32 87
MOVE A33 87
MOVE B21 196
END TURN 135
TURN 136
COMMAND LEFT START
COMMAND LEFT END
COMMAND RIGHT START
MOVE B2 163
COMMAND RIGHT END
TURN 136 RESULT
TIME LEFT 0 5 RIGHT 0 5
MOVE A22 100
MOVE A23 100
MOVE A24 100
MOVE A25 100
MOVE A26 100
MOVE A27 100
MOVE A28 100
MOVE A29 100
MOVE A30 100
MOVE A31 100
MOVE A32 100
MOVE A33 100
MOVE B2 128
MOVE B21 193
END TURN 136
TURN 137
COMMAND LEFT START
COMMAND LEFT END
COMMAND RIGHT START
COMMAND RIGHT END
TURN 137 RESULT
TIME LEFT 0 5 RIGHT 0 5
MOVE A22 118
MOVE A23 118
MOVE A24 118
MOVE A25 118
MOVE A26 118
MOVE A27 118
MOVE A28 118
MOVE A29 118
MOVE A30 118
MOVE A31 118
MOVE A32 118
MOVE A33 118
MOVE B2 140
END TURN 137
TURN 138
COMMAND LEFT START
COMMAND LEFT END
COMMAND RIGHT START
UPGRADE 110
COMMAND RIGHT END
TURN 138 RESULT
TIME LEFT 0 5 RIGHT 0 5
UPGRADE B 110
MOVE A22 142
MOVE A23 142
MOVE A24 142
MOVE A25 142
MOVE A26 142
MOVE A27 142
MOVE A28 142
MOVE A29 142
MOVE A30 142
MOVE A31 142
MOVE A32 142
MOVE A33 142
MOVE B2 149
END TURN 138
TURN 139
COMMAND LEFT START
COMMAND LEFT END
COMMAND RIGHT START
TRAIN 1
COMMAND RIGHT END
TURN 139 RESULT
TIME LEFT 0 5 RIGHT 0 5
TRAIN B26
MOVE A22 156
MOVE A23 156
MOVE A24 156
MOVE A25 156
MOVE A26 156
MOVE A27 156
MOVE A28 156
MOVE A29 156
MOVE A30 156
MOVE A31 156
MOVE A32 156
MOVE A33 156
MOVE B2 163
END TURN 139
TURN 140
COMMAND LEFT START
COMMAND LEFT END
COMMAND RIGHT START
MOVE B8 220
MOVE B15 220
MOVE B17 220
MOVE B18 220
MOVE B2 220
MOVE B16 220
MOVE B22 209
TRAIN 1
COMMAND RIGHT END
TURN 140 RESULT
TIME LEFT 0 5 RIGHT 0 5
TRAIN B27
MOVE A22 177
MOVE A23 177
MOVE A24 177
MOVE A25 177
MOVE A26 177
MOVE A27 177
MOVE A28 177
MOVE A29 177
MOVE A30 177
MOVE A31 177
MOVE A32 177
MOVE A33 177
MOVE B2 178
MOVE B8 217
MOVE B15 217
MOVE B16 178
MOVE B17 196
MOVE B18 196
MOVE B22 218
END TURN 140
TURN 141
COMMAND LEFT START
COMMAND LEFT END
COMMAND RIGHT START
MOVE B23 193
TRAIN 1
COMMAND RIGHT END
TURN 141 RESULT
TIME LEFT 0 5 RIGHT 0 5
TRAIN B28
MOVE A22 188
MOVE A23 188
MOVE A24 188
MOVE A25 188
MOVE A26 188
MOVE A27 188
MOVE A28 188
MOVE A29 188
MOVE A30 188
MOVE A31 188
MOVE A32 188
MOVE A33 188
MOVE B2 192
MOVE B8 218
MOVE B15 218
MOVE B16 192
MOVE B17 202
MOVE B18 202
MOVE B22 217
MOVE B23 214
END TURN 141
TURN 142
COMMAND LEFT START
COMMAND LEFT END
COMMAND RIGHT START
MOVE B25 163
TRAIN 1
COMMAND RIGHT END
TURN 142 RESULT
TIME LEFT 0 5 RIGHT 0 5
TRAIN B29
MOVE A22 198
MOVE A23 198
MOVE A24 198
MOVE A25 198
MOVE A26 198
MOVE A27 198
MOVE A28 198
MOVE A29 198
MOVE A30 198
MOVE A31 198
MOVE A32 198
MOVE A33 198
MOVE B2 201
MOVE B8 220
MOVE B15 220
MOVE B16 201
MOVE B17 211
MOVE B18 211
MOVE B22 209
MOVE B23 211
MOVE B25 215
END TURN 142
TURN 143
COMMAND LEFT START
COMMAND LEFT END
COMMAND RIGHT START
MOVE B20 220
MOVE B22 220
TRAIN 1
COMMAND RIGHT END
TURN 143 RESULT
TIME LEFT 0 5 RIGHT 0 5
TRAIN B30
MOVE A22 205
MOVE A23 205
MOVE A24 205
MOVE A25 205
MOVE A26 205
MOVE A27 205
MOVE A28 205
MOVE A29 205
MOVE A30 205
MOVE A31 205
MOVE A32 205
MOVE A33 205
MOVE B2 205
MOVE B16 205
MOVE B17 214
MOVE B18 214
MOVE B20 217
MOVE B22 217
MOVE B23 202
MOVE B25 205
DAMAGE COMBAT A22 3
DAMAGE COMBAT B2 4
DAMAGE COMBAT B16 6
DAMAGE COMBAT B25 2
END TURN 143
TURN 144
COMMAND LEFT START
COMMAND LEFT END
COMMAND RIGHT START
MOVE B21 220
COMMAND RIGHT END
TURN 144 RESULT
TIME LEFT 0 5 RIGHT 0 5
MOVE B17 220
MOVE B18 220
MOVE B20 218
MOVE B21 196
MOVE B22 218
MOVE B23 196
DAMAGE COMBAT A22 1
DAMAGE COMBAT B25 4
END TURN 144
TURN 145
COMMAND LEFT START
COMMAND LEFT END
COMMAND RIGHT START
TRAIN 1
COMMAND RIGHT END
TURN 145 RESULT
TIME LEFT 4 5 RIGHT 4 5
TRAIN B31
MOVE A22 215
MOVE A23 215
MOVE A24 215
MOVE A25 215
MOVE A26 215
MOVE A27 215
MOVE A28 215
MOVE A29 215
MOVE A30 215
MOVE A31 215
MOVE A32 215
MOVE A33 215
MOVE B20 220
MOVE B21 202
MOVE B22 220
MOVE B23 193
END TURN 145
TURN 146
COMMAND LEFT START
COMMAND LEFT END
COMMAND RIGHT START
COMMAND RIGHT END
TURN 146 RESULT
TIME LEFT 0 5 RIGHT 0 5
MOVE A22 220
MOVE A23 220
MOVE A24 220
MOVE A25 220
MOVE A26 220
MOVE A27 220
MOVE A28 220
MOVE A29 220
MOVE A30 220
MOVE A31 220
MOVE A32 220
MOVE A33 220
MOVE B21 211
DAMAGE TURRET A22 2
DAMAGE COMBAT A23 6
DAMAGE COMBAT A24 6
DAMAGE COMBAT B8 6
DAMAGE COMBAT B15 4
DAMAGE COMBAT B17 2
END TURN 146
TURN 147
COMMAND LEFT START
COMMAND LEFT END
COMMAND RIGHT START
MOVE B12 209
TRAIN 1
COMMAND RIGHT END
TURN 147 RESULT
TIME LEFT 0 5 RIGHT 0 5
TRAIN B32
MOVE B12 128
MOVE B21 214
DAMAGE TURRET A25 2
DAMAGE COMBAT A25 4
DAMAGE COMBAT A26 6
DAMAGE COMBAT A27 1
DAMAGE COMBAT B17 4
DAMAGE COMBAT B18 5
END TURN 147
TURN 148
COMMAND LEFT START
COMMAND LEFT END
COMMAND RIGHT START
TRAIN 1
COMMAND RIGHT END
TURN 148 RESULT
TIME LEFT 0 5 RIGHT 0 5
TRAIN B33
MOVE B12 140
MOVE B21 220
DAMAGE TURRET A27 2
DAMAGE COMBAT A27 3
DAMAGE COMBAT A28 6
DAMAGE COMBAT A29 3
DAMAGE COMBAT B18 1
DAMAGE COMBAT B20 6
END TURN 148
TURN 149
COMMAND LEFT START
COMMAND LEFT END
COMMAND RIGHT START
COMMAND RIGHT END
TURN 149 RESULT
TIME LEFT 0 5 RIGHT 0 5
MOVE B12 156
DAMAGE TURRET A29 2
DAMAGE COMBAT A29 1
DAMAGE COMBAT A30 6
DAMAGE COMBAT A31 3
DAMAGE COMBAT B21 5
END TURN 149
TURN 150
COMMAND LEFT START
COMMAND LEFT END
COMMAND RIGHT START
TRAIN 1
COMMAND RIGHT END
TURN 150 RESULT
TIME LEFT 0 5 RIGHT 6 5
TRAIN B34
MOVE B12 180
DAMAGE TURRET A31 2
DAMAGE COMBAT A31 1
DAMAGE COMBAT A32 6
DAMAGE COMBAT A33 4
DAMAGE COMBAT B21 1
DAMAGE COMBAT B22 2
END TURN 150
TURN 151
COMMAND LEFT START
COMMAND LEFT END
COMMAND RIGHT START
COMMAND RIGHT END
TURN 151 RESULT
TIME LEFT 2 5 RIGHT 0 5
MOVE B12 186
DAMAGE TURRET A33 2
DAMAGE COMBAT B22 1
END TURN 151
TURN 152
COMMAND LEFT START
UPGRADE 27
UPGRADE 11
TRAIN 2
COMMAND LEFT END
COMMAND RIGHT START
MOVE B22 209
MOVE B26 193
MOVE B27 193
MOVE B28 163
MOVE B29 163
MOVE B34 110
MOVE B33 110
TRAIN 1
COMMAND RIGHT END
TURN 152 RESULT
TIME LEFT 0 5 RIGHT 0 5
UPGRADE A 11
UPGRADE A 27
TRAIN A34 A35 B35
MOVE B12 191
MOVE B22 218
MOVE B26 214
MOVE B27 214
MOVE B28 215
MOVE B29 215
MOVE B33 215
MOVE B34 215
END TURN 152
TURN 153
COMMAND LEFT START
MOVE A34 11
MOVE A35 27
TRAIN 2
COMMAND LEFT END
COMMAND RIGHT START
MOVE B30 209
COMMAND RIGHT END
TURN 153 RESULT
TIME LEFT 0 5 RIGHT 0 5
TRAIN A36 A37
MOVE A34 2
MOVE A35 6
MOVE B12 203
MOVE B22 217
MOVE B26 211
MOVE B27 211
MOVE B28 205
MOVE B29 205
MOVE B30 218
MOVE B33 205
MOVE B34 205
END TURN 153
TURN 154
COMMAND LEFT START
TRAIN 2
COMMAND LEFT END
COMMAND RIGHT START
MOVE B31 209
TRAIN 1
COMMAND RIGHT END
TURN 154 RESULT
TIME LEFT 0 5 RIGHT 0 5
TRAIN A38 A39 B36
MOVE A34 3
MOVE A35 9
MOVE B12 209
MOVE B22 209
MOVE B26 202
MOVE B27 202
MOVE B28 201
MOVE B29 201
MOVE B30 217
MOVE B31 218
MOVE B33 198
MOVE B34 198
END TURN 154
TURN 155
COMMAND LEFT START
TRAIN 2
COMMAND LEFT END
COMMAND RIGHT START
COMMAND RIGHT END
TURN 155 RESULT
TIME LEFT 0 5 RIGHT 0 5
TRAIN A40 A41
MOVE A34 11
MOVE A35 18
MOVE B26 196
MOVE B27 196
MOVE B28 192
MOVE B29 192
MOVE B30 209
MOVE B31 217
MOVE B33 188
MOVE B34 188
END TURN 155
TURN 156
COMMAND LEFT START
TRAIN 2
COMMAND LEFT END
COMMAND RIGHT START
COMMAND RIGHT END
TURN 156 RESULT
TIME LEFT 0 5 RIGHT 0 5
TRAIN A42 A43
MOVE A35 24
MOVE B26 193
MOVE B27 193
MOVE B28 178
MOVE B29 178
MOVE B31 209
MOVE B33 177
MOVE B34 177
END TURN 156
TURN 157
COMMAND LEFT START
TRAIN 2
COMMAND LEFT END
COMMAND RIGHT START
MOVE B31 110
COMMAND RIGHT END
TURN 157 RESULT
TIME LEFT 0 5 RIGHT 0 5
TRAIN A44 A45
MOVE A35 27
MOVE B28 163
MOVE B29 163
MOVE B31 203
MOVE B33 156
MOVE B34 156
END TURN 157
TURN 158
COMMAND LEFT START
TRAIN 2
COMMAND LEFT END
COMMAND RIGHT START
COMMAND RIGHT END
TURN 158 RESULT
TIME LEFT 0 5 RIGHT 0 5
TRAIN A46 A47
MOVE B31 191
MOVE B33 140
MOVE B34 140
END TURN 158
TURN 159
COMMAND LEFT START
MOVE A36 220
MOVE A37 220
MOVE A38 220
MOVE A39 220
MOVE A40 220
MOVE A41 220
MOVE A42 220
MOVE A43 220
MOVE A44 220
MOVE A45 220
MOVE A46 220
MOVE A47 220
COMMAND LEFT END
COMMAND RIGHT START
TRAIN 1
COMMAND RIGHT END
TURN 159 RESULT
TIME LEFT 0 5 RIGHT 0 5
TRAIN B37
MOVE A36 5
MOVE A37 5
MOVE A38 5
MOVE A39 5
MOVE A40 5
MOVE A41 5
MOVE A42 5
MOVE A43 5
MOVE A44 5
MOVE A45 5
MOVE A46 5
MOVE A47 5
MOVE B31 186
MOVE B33 128
MOVE B34 128
END TURN 159
TURN 160
COMMAND LEFT START
COMMAND LEFT END
COMMAND RIGHT START
MOVE B37 110
TRAIN 1
COMMAND RIGHT END
TURN 160 RESULT
TIME LEFT 0 5 RIGHT 0 5
TRAIN B38
MOVE A36 15
MOVE A37 15
MOVE A38 15
MOVE A39 15
MOVE A40 15
MOVE A41 15
MOVE A42 15
MOVE A43 15
MOVE A44 15
MOVE A45 15
MOVE A46 15
MOVE A47 15
MOVE B31 180
MOVE B33 110
MOVE B34 110
MOVE B37 215
END TURN 160
TURN 161
COMMAND LEFT START
COMMAND LEFT END
COMMAND RIGHT START
MOVE B38 110
TRAIN 2
COMMAND RIGHT END
TURN 161 RESULT
TIME LEFT 0 5 RIGHT 0 5
TRAIN B39 B40
MOVE A36 19
MOVE A37 19
MOVE A38 19
MOVE A39 19
MOVE A40 19
MOVE A41 19
MOVE A42 19
MOVE A43 19
MOVE A44 19
MOVE A45 19
MOVE A46 19
MOVE A47 19
MOVE B31 156
MOVE B37 205
MOVE B38 215
END TURN 161
TURN 162
COMMAND LEFT START
COMMAND LEFT END
COMMAND RIGHT START
MOVE B40 160
MOVE B39 110
COMMAND RIGHT END
TURN 162 RESULT
TIME LEFT 0 5 RIGHT 0 5
MOVE A36 28
MOVE A37 28
MOVE A38 28
MOVE A39 28
MOVE A40 28
MOVE A41 28
MOVE A42 28
MOVE A43 28
MOVE A44 28
MOVE A45 28
MOVE A46 28
MOVE A47 28
MOVE B31 140
MOVE B37 198
MOVE B38 205
MOVE B39 215
MOVE B40 214
END TURN 162
TURN 163
COMMAND LEFT START
COMMAND LEFT END
COMMAND RIGHT START
TRAIN 2
COMMAND RIGHT END
TURN 163 RESULT
TIME LEFT 0 5 RIGHT 0 5
TRAIN B41 B42
MOVE A36 42
MOVE A37 42
MOVE A38 42
MOVE A39 42
MOVE A40 42
MOVE A41 42
MOVE A42 42
MOVE A43 42
MOVE A44 42
MOVE A45 42
MOVE A46 42
MOVE A47 42
MOVE B31 128
MOVE B37 188
MOVE B38 198
MOVE B39 205
MOVE B40 211
END TURN 163
TURN 164
COMMAND LEFT START
COMMAND LEFT END
COMMAND RIGHT START
MOVE B42 110
MOVE B41 110
TRAIN 2
COMMAND RIGHT END
TURN 164 RESULT
TIME LEFT 0 5 RIGHT 0 5
TRAIN B43 B44
MOVE A36 57
MOVE A37 57
MOVE A38 57
MOVE A39 57
MOVE A40 57
MOVE A41 57
MOVE A42 57
MOVE A43 57
MOVE A44 57
MOVE A45 57
MOVE A46 57
MOVE A47 57
MOVE B31 110
MOVE B37 177
MOVE B38 188
MOVE B39 198
MOVE B40 202
MOVE B41 215
MOVE B42 215
END TURN 164
TURN 165
COMMAND LEFT START
COMMAND LEFT END
COMMAND RIGHT START
MOVE B44 110
MOVE B43 110
TRAIN 2
COMMAND RIGHT END
TURN 165 RESULT
TIME LEFT 0 5 RIGHT 0 5
TRAIN B45 B46
MOVE A36 71
MOVE A37 71
MOVE A38 71
MOVE A39 71
MOVE A40 71
MOVE A41 71
MOVE A42 71
MOVE A43 71
MOVE A44 71
MOVE A45 71
MOVE A46 71
MOVE A47 71
MOVE B37 156
MOVE B38 177
MOVE B39 188
MOVE B40 195
MOVE B41 205
MOVE B42 205
MOVE B43 215
MOVE B44 215
END TURN 165
TURN 166
COMMAND LEFT START
COMMAND LEFT END
COMMAND RIGHT START
MOVE B46 110
MOVE B45 110
TRAIN 1
COMMAND RIGHT END
TURN 166 RESULT
TIME LEFT 0 5 RIGHT 0 5
TRAIN B47
MOVE A36 87
MOVE A37 87
MOVE A38 87
MOVE A39 87
MOVE A40 87
MOVE A41 87
MOVE A42 87
MOVE A43 87
MOVE A44 87
MOVE A45 87
MOVE A46 87
MOVE A47 87
MOVE B37 140
MOVE B38 156
MOVE B39 177
MOVE B40 183
MOVE B41 198
MOVE B42 198
MOVE B43 205
MOVE B44 205
MOVE B45 215
MOVE B46 215
END TURN 166
TURN 167
COMMAND LEFT START
COMMAND LEFT END
COMMAND RIGHT START
MOVE B47 110
TRAIN 2
COMMAND RIGHT END
TURN 167 RESULT
TIME LEFT 0 5 RIGHT 0 5
TRAIN B48 B49
MOVE A36 100
MOVE A37 100
MOVE A38 100
MOVE A39 100
MOVE A40 100
MOVE A41 100
MOVE A42 100
MOVE A43 100
MOVE A44 100
MOVE A45 100
MOVE A46 100
MOVE A47 100
MOVE B37 128
MOVE B38 140
MOVE B39 156
MOVE B40 165
MOVE B41 188
MOVE B42 188
MOVE B43 198
MOVE B44 198
MOVE B45 205
MOVE B46 205
MOVE B47 215
END TURN 167
TURN 168
COMMAND LEFT START
COMMAND LEFT END
COMMAND RIGHT START
MOVE B49 110
MOVE B48 110
TRAIN 1
COMMAND RIGHT END
TURN 168 RESULT
TIME LEFT 0 5 RIGHT 0 5
TRAIN B50
MOVE A36 118
MOVE A37 118
MOVE A38 118
MOVE A39 118
MOVE A40 118
MOVE A41 118
MOVE A42 118
MOVE A43 118
MOVE A44 118
MOVE A45 118
MOVE A46 118
MOVE A47 118
MOVE B37 110
MOVE B38 128
MOVE B39 140
MOVE B40 160
MOVE B41 177
MOVE B42 177
MOVE B43 188
MOVE B44 188
MOVE B45 198
MOVE B46 198
MOVE B47 205
MOVE B48 215
MOVE B49 215
END TURN 168
TURN 169
COMMAND LEFT START
COMMAND LEFT END
COMMAND RIGHT START
MOVE B50 110
UPGRADE 160
COMMAND RIGHT END
TURN 169 RESULT
TIME LEFT 0 5 RIGHT 0 5
UPGRADE B 160
MOVE A36 142
MOVE A37 142
MOVE A38 142
MOVE A39 142
MOVE A40 142
MOVE A41 142
MOVE A42 142
MOVE A43 142
MOVE A44 142
MOVE A45 142
MOVE A46 142
MOVE A47 142
MOVE B38 110
MOVE B39 128
MOVE B41 156
MOVE B42 156
MOVE B43 177
MOVE B44 177
MOVE B45 188
MOVE B46 188
MOVE B47 198
MOVE B48 205
MOVE B49 205
MOVE B50 215
END TURN 169
TURN 170
COMMAND LEFT START
COMMAND LEFT END
COMMAND RIGHT START
MOVE B12 220
MOVE B22 220
MOVE B23 220
MOVE B26 220
MOVE B19 220
MOVE B28 220
MOVE B24 209
MOVE B31 209
MOVE B33 193
TRAIN 2
COMMAND RIGHT END
TURN 170 RESULT
TIME LEFT 0 5 RIGHT 0 5
TRAIN B51 B52
MOVE A36 156
MOVE A37 156
MOVE A38 156
MOVE A39 156
MOVE A40 156
MOVE A41 156
MOVE A42 156
MOVE A43 156
MOVE A44 156
MOVE A45 156
MOVE A46 156
MOVE A47 156
MOVE B12 217
MOVE B19 178
MOVE B22 217
MOVE B23 196
MOVE B24 128
MOVE B26 196
MOVE B28 178
MOVE B31 128
MOVE B33 120
MOVE B39 110
MOVE B41 140
MOVE B42 140
MOVE B43 156
MOVE B44 156
MOVE B45 177
MOVE B46 177
MOVE B47 188
MOVE B48 198
MOVE B49 198
MOVE B50 205
DAMAGE COMBAT A36 2
DAMAGE COMBAT B43 6
DAMAGE COMBAT B44 6
END TURN 170
TURN 171
COMMAND LEFT START
COMMAND LEFT END
COMMAND RIGHT START
MOVE B34 163
MOVE B32 163
MOVE B35 193
COMMAND RIGHT END
TURN 171 RESULT
TIME LEFT 0 5 RIGHT 0 5
MOVE A36 177
MOVE A37 177
MOVE A38 177
MOVE A39 177
MOVE A40 177
MOVE A41 177
MOVE A42 177
MOVE A43 177
MOVE A44 177
MOVE A45 177
MOVE A46 177
MOVE A47 177
MOVE B12 218
MOVE B19 192
MOVE B22 218
MOVE B23 202
MOVE B24 140
MOVE B26 202
MOVE B28 192
MOVE B31 140
MOVE B32 215
MOVE B33 127
MOVE B34 128
MOVE B35 214
MOVE B41 128
MOVE B42 128
MOVE B45 156
MOVE B46 156
MOVE B47 177
MOVE B48 188
MOVE B49 188
MOVE B50 198
DAMAGE COMBAT A36 1
DAMAGE COMBAT B47 6
END TURN 171
TURN 172
COMMAND LEFT START
COMMAND LEFT END
COMMAND RIGHT START
TRAIN 1
COMMAND RIGHT END
TURN 172 RESULT
TIME LEFT 0 5 RIGHT 0 5
TRAIN B53
MOVE A36 188
MOVE A37 188
MOVE A38 188
MOVE A39 188
MOVE A40 188
MOVE A41 188
MOVE A42 188
MOVE A43 188
MOVE A44 188
MOVE A45 188
MOVE A46 188
MOVE A47 188
MOVE B12 220
MOVE B19 201
MOVE B22 220
MOVE B23 211
MOVE B24 156
MOVE B26 211
MOVE B28 201
MOVE B31 156
MOVE B32 205
MOVE B33 141
MOVE B34 140
MOVE B35 211
MOVE B41 110
MOVE B42 110
MOVE B45 140
MOVE B46 140
MOVE B48 177
MOVE B49 177
MOVE B50 188
DAMAGE COMBAT A36 1
DAMAGE COMBAT B50 6
END TURN 172
TURN 173
COMMAND LEFT START
COMMAND LEFT END
COMMAND RIGHT START
COMMAND RIGHT END
TURN 173 RESULT
TIME LEFT 0 5 RIGHT 5 5
MOVE A36 198
MOVE A37 198
MOVE A38 198
MOVE A39 198
MOVE A40 198
MOVE A41 198
MOVE A42 198
MOVE A43 198
MOVE A44 198
MOVE A45 198
MOVE A46 198
MOVE A47 198
MOVE B19 205
MOVE B23 214
MOVE B24 180
MOVE B26 214
MOVE B28 205
MOVE B31 180
MOVE B32 201
MOVE B33 150
MOVE B34 149
MOVE B35 202
MOVE B45 128
MOVE B46 128
MOVE B48 156
MOVE B49 156
END TURN 173
TURN 174
COMMAND LEFT START
COMMAND LEFT END
COMMAND RIGHT START
TRAIN 2
COMMAND RIGHT END
TURN 174 RESULT
TIME LEFT 0 5 RIGHT 0 5
TRAIN B54 B55
MOVE A36 205
MOVE A37 205
MOVE A38 205
MOVE A39 205
MOVE A40 205
MOVE A41 205
MOVE A42 205
MOVE A43 205
MOVE A44 205
MOVE A45 205
MOVE A46 205
MOVE A47 205
MOVE B19 215
MOVE B23 220
MOVE B24 186
MOVE B26 220
MOVE B28 215
MOVE B31 186
MOVE B32 192
MOVE B33 161
MOVE B34 163
MOVE B35 196
MOVE B45 110
MOVE B46 110
MOVE B48 140
MOVE B49 140
END TURN 174
TURN 175
COMMAND LEFT START
COMMAND LEFT END
COMMAND RIGHT START
COMMAND RIGHT END
TURN 175 RESULT
TIME LEFT 0 5 RIGHT 0 5
MOVE A36 215
MOVE A37 215
MOVE A38 215
MOVE A39 215
MOVE A40 215
MOVE A41 215
MOVE A42 215
MOVE A43 215
MOVE A44 215
MOVE A45 215
MOVE A46 215
MOVE A47 215
MOVE B19 220
MOVE B24 191
MOVE B28 220
MOVE B31 191
MOVE B32 178
MOVE B33 172
MOVE B35 193
MOVE B48 128
MOVE B49 128
END TURN 175
TURN 176
COMMAND LEFT START
COMMAND LEFT END
COMMAND RIGHT START
COMMAND RIGHT END
TURN 176 RESULT
TIME LEFT 0 5 RIGHT 0 5
MOVE A36 220
MOVE A37 220
MOVE A38 220
MOVE A39 220
MOVE A40 220
MOVE A41 220
MOVE A42 220
MOVE A43 220
MOVE A44 220
MOVE A45 220
MOVE A46 220
MOVE A47 220
MOVE B24 203
MOVE B31 203
MOVE B32 163
MOVE B33 193
MOVE B48 110
MOVE B49 110
DAMAGE TURRET A36 2
DAMAGE COMBAT A37 6
DAMAGE COMBAT A38 6
DAMAGE COMBAT B12 6
DAMAGE COMBAT B19 3
DAMAGE COMBAT B22 3
END TURN 176
TURN 177
COMMAND LEFT START
COMMAND LEFT END
COMMAND RIGHT START
MOVE B49 168
COMMAND RIGHT END
TURN 177 RESULT
TIME LEFT 0 5 RIGHT 0 5
MOVE B24 209
MOVE B31 209
MOVE B49 120
DAMAGE TURRET A39 2
DAMAGE COMBAT A39 4
DAMAGE COMBAT A40 6
DAMAGE COMBAT B19 3
DAMAGE COMBAT B23 6
END TURN 177
TURN 178
COMMAND LEFT START
COMMAND LEFT END
COMMAND RIGHT START
UPGRADE 160
COMMAND RIGHT END
TURN 178 RESULT
TIME LEFT 0 5 RIGHT 0 5
UPGRADE B 160
MOVE B49 127
DAMAGE TURRET A41 2
DAMAGE COMBAT A41 4
DAMAGE COMBAT A42 4
DAMAGE COMBAT B26 6
DAMAGE COMBAT B28 1
END TURN 178
TURN 179
COMMAND LEFT START
COMMAND LEFT END
COMMAND RIGHT START
MOVE B37 160
COMMAND RIGHT END
TURN 179 RESULT
TIME LEFT 0 5 RIGHT 0 5
MOVE B37 128
MOVE B49 126
DAMAGE TURRET A42 2
DAMAGE COMBAT A43 6
DAMAGE COMBAT A44 1
DAMAGE COMBAT B28 5
DAMAGE COMBAT B36 1
END TURN 179
TURN 180
COMMAND LEFT START
COMMAND LEFT END
COMMAND RIGHT START
COMMAND RIGHT END
TURN 180 RESULT
TIME LEFT 0 5 RIGHT 0 5
MOVE B37 133
MOVE B49 134
DAMAGE TURRET A44 2
DAMAGE COMBAT A44 3
DAMAGE COMBAT A45 3
DAMAGE COMBAT B36 4
END TURN 180
TURN 181
COMMAND LEFT START
COMMAND LEFT END
COMMAND RIGHT START
UPGRADE 160
COMMAND RIGHT END
TURN 181 RESULT
TIME LEFT 0 5 RIGHT 0 5
UPGRADE B 160
MOVE B37 154
MOVE B49 138
DAMAGE TURRET A45 2
DAMAGE COMBAT A45 1
DAMAGE COMBAT A46 5
DAMAGE COMBAT B36 1
DAMAGE COMBAT B51 2
END TURN 181
TURN 182
COMMAND LEFT START
COMMAND LEFT END
COMMAND RIGHT START
MOVE B38 160
COMMAND RIGHT END
TURN 182 RESULT
TIME LEFT 0 5 RIGHT 0 5
MOVE B37 160
MOVE B38 128
MOVE B49 143
DAMAGE TURRET A46 1
DAMAGE TURRET A47 1
DAMAGE COMBAT A47 5
DAMAGE COMBAT B51 2
END TURN 182
TURN 183
COMMAND LEFT START
TRAIN 2
COMMAND LEFT END
COMMAND RIGHT START
MOVE B55 110
MOVE B54 110
COMMAND RIGHT END
TURN 183 RESULT
TIME LEFT 0 5 RIGHT 0 5
TRAIN A48 A49
MOVE B38 133
MOVE B49 159
MOVE B54 215
MOVE B55 215
END TURN 183
TURN 184
COMMAND LEFT START
TRAIN 2
COMMAND LEFT END
COMMAND RIGHT START
TRAIN 1
COMMAND RIGHT END
TURN 184 RESULT
TIME LEFT 0 5 RIGHT 0 5
TRAIN A50 A51 B56
MOVE B38 154
MOVE B49 168
MOVE B54 205
MOVE B55 205
END TURN 184
TURN 185
COMMAND LEFT START
TRAIN 2
COMMAND LEFT END
COMMAND RIGHT START
MOVE B56 110
UPGRADE 168
COMMAND RIGHT END
TURN 185 RESULT
TIME LEFT 0 5 RIGHT 0 5
UPGRADE B 168
TRAIN A52 A53
MOVE B38 160
MOVE B54 198
MOVE B55 198
MOVE B56 215
END TURN 185
TURN 186
COMMAND LEFT START
TRAIN 2
COMMAND LEFT END
COMMAND RIGHT START
MOVE B48 131
COMMAND RIGHT END
TURN 186 RESULT
TIME LEFT 0 5 RIGHT 0 5
TRAIN A54 A55
MOVE B48 118
MOVE B54 188
MOVE B55 188
MOVE B56 205
END TURN 186
TURN 187
COMMAND LEFT START
TRAIN 2
COMMAND LEFT END
COMMAND RIGHT START
UPGRADE 168
COMMAND RIGHT END
TURN 187 RESULT
TIME LEFT 0 5 RIGHT 0 5
UPGRADE B 168
TRAIN A56 A57
MOVE B48 116
MOVE B54 177
MOVE B55 177
MOVE B56 198
END TURN 187
TURN 188
COMMAND LEFT START
TRAIN 2
COMMAND LEFT END
COMMAND RIGHT START
MOVE B39 168
COMMAND RIGHT END
TURN 188 RESULT
TIME LEFT 0 5 RIGHT 0 5
TRAIN A58 A59
MOVE B39 120
MOVE B48 117
MOVE B54 156
MOVE B55 156
MOVE B56 188
END TURN 188
TURN 189
COMMAND LEFT START
MOVE A48 220
MOVE A49 220
MOVE A50 220
MOVE A51 220
MOVE A52 220
MOVE A53 220
MOVE A54 220
MOVE A55 220
MOVE A56 220
MOVE A57 220
MOVE A58 220
MOVE A59 220
COMMAND LEFT END
COMMAND RIGHT START
UPGRADE 168
COMMAND RIGHT END
TURN 189 RESULT
TIME LEFT 0 5 RIGHT 0 5
UPGRADE B 168
MOVE A48 5
MOVE A49 5
MOVE A50 5
MOVE A51 5
MOVE A52 5
MOVE A53 5
MOVE A54 5
MOVE A55 5
MOVE A56 5
MOVE A57 5
MOVE A58 5
MOVE A59 5
MOVE B39 127
MOVE B48 130
MOVE B54 140
MOVE B55 140
MOVE B56 177
END TURN 189
TURN 190
COMMAND LEFT START
COMMAND LEFT END
COMMAND RIGHT START
MOVE B41 168
COMMAND RIGHT END
TURN 190 RESULT
TIME LEFT 0 5 RIGHT 0 5
MOVE A48 15
MOVE A49 15
MOVE A50 15
MOVE A51 15
MOVE A52 15
MOVE A53 15
MOVE A54 15
MOVE A55 15
MOVE A56 15
MOVE A57 15
MOVE A58 15
MOVE A59 15
MOVE B39 126
MOVE B41 120
MOVE B48 124
MOVE B54 128
MOVE B55 128
MOVE B56 156
END TURN 190
TURN 191
COMMAND LEFT START
COMMAND LEFT END
COMMAND RIGHT START
COMMAND RIGHT END
TURN 191 RESULT
TIME LEFT 0 5 RIGHT 0 5
MOVE A48 19
MOVE A49 19
MOVE A50 19
MOVE A51 19
MOVE A52 19
MOVE A53 19
MOVE A54 19
MOVE A55 19
MOVE A56 19
MOVE A57 19
MOVE A58 19
MOVE A59 19
MOVE B39 134
MOVE B41 127
MOVE B48 131
MOVE B54 110
MOVE B55 110
MOVE B56 140
END TURN 191
TURN 192
COMMAND LEFT START
COMMAND LEFT END
COMMAND RIGHT START
UPGRADE 131
COMMAND RIGHT END
TURN 192 RESULT
TIME LEFT 0 5 RIGHT 0 5
UPGRADE B 131
MOVE A48 28
MOVE A49 28
MOVE A50 28
MOVE A51 28
MOVE A52 28
MOVE A53 28
MOVE A54 28
MOVE A55 28
MOVE A56 28
MOVE A57 28
MOVE A58 28
MOVE A59 28
MOVE B39 138
MOVE B41 126
MOVE B56 128
END TURN 192
TURN 193
COMMAND LEFT START
COMMAND LEFT END
COMMAND RIGHT START
MOVE B55 139
COMMAND RIGHT END
TURN 193 RESULT
TIME LEFT 0 5 RIGHT 0 5
MOVE A48 42
MOVE A49 42
MOVE A50 42
MOVE A51 42
MOVE A52 42
MOVE A53 42
MOVE A54 42
MOVE A55 42
MOVE A56 42
MOVE A57 42
MOVE A58 42
MOVE A59 42
MOVE B39 143
MOVE B41 134
MOVE B55 118
MOVE B56 110
END TURN 193
TURN 194
COMMAND LEFT START
COMMAND LEFT END
COMMAND RIGHT START
COMMAND RIGHT END
TURN 194 RESULT
TIME LEFT 0 5 RIGHT 0 5
MOVE A48 57
MOVE A49 57
MOVE A50 57
MOVE A51 57
MOVE A52 57
MOVE A53 57
MOVE A54 57
MOVE A55 57
MOVE A56 57
MOVE A57 57
MOVE A58 57
MOVE A59 57
MOVE B39 159
MOVE B41 138
MOVE B55 116
END TURN 194
TURN 195
COMMAND LEFT START
COMMAND LEFT END
COMMAND RIGHT START
COMMAND RIGHT END
TURN 195 RESULT
TIME LEFT 0 5 RIGHT 0 5
MOVE A48 71
MOVE A49 71
MOVE A50 71
MOVE A51 71
MOVE A52 71
MOVE A53 71
MOVE A54 71
MOVE A55 71
MOVE A56 71
MOVE A57 71
MOVE A58 71
MOVE A59 71
MOVE B39 168
MOVE B41 143
MOVE B55 117
END TURN 195
TURN 196
COMMAND LEFT START
COMMAND LEFT END
COMMAND RIGHT START
COMMAND RIGHT END
TURN 196 RESULT
TIME LEFT 0 5 RIGHT 0 5
MOVE A48 87
MOVE A49 87
MOVE A50 87
MOVE A51 87
MOVE A52 87
MOVE A53 87
MOVE A54 87
MOVE A55 87
MOVE A56 87
MOVE A57 87
MOVE A58 87
MOVE A59 87
MOVE B41 159
MOVE B55 130
END TURN 196
TURN 197
COMMAND LEFT START
COMMAND LEFT END
COMMAND RIGHT START
UPGRADE 131
COMMAND RIGHT END
TURN 197 RESULT
TIME LEFT 0 5 RIGHT 0 5
UPGRADE B 131
MOVE A48 100
MOVE A49 100
MOVE A50 100
MOVE A51 100
MOVE A52 100
MOVE A53 100
MOVE A54 100
MOVE A55 100
MOVE A56 100
MOVE A57 100
MOVE A58 100
MOVE A59 100
MOVE B41 168
MOVE B55 124
END TURN 197
TURN 198
COMMAND LEFT START
COMMAND LEFT END
COMMAND RIGHT START
MOVE B42 131
UPGRADE 131
COMMAND RIGHT END
TURN 198 RESULT
TIME LEFT 0 5 RIGHT 0 5
UPGRADE B 131
MOVE A48 118
MOVE A49 118
MOVE A50 118
MOVE A51 118
MOVE A52 118
MOVE A53 118
MOVE A54 118
MOVE A55 118
MOVE A56 118
MOVE A57 118
MOVE A58 118
MOVE A59 118
MOVE B42 118
MOVE B55 131
DAMAGE COMBAT A48 1
DAMAGE COMBAT B42 6
END TURN 198
TURN 199
COMMAND LEFT START
COMMAND LEFT END
COMMAND RIGHT START
TRAIN 2
COMMAND RIGHT END
TURN 199 RESULT
TIME LEFT 0 5 RIGHT 0 5
TRAIN B57 B58
MOVE A48 142
MOVE A49 142
MOVE A50 142
MOVE A51 142
MOVE A52 142
MOVE A53 142
MOVE A54 142
MOVE A55 142
MOVE A56 142
MOVE A57 142
MOVE A58 142
MOVE A59 142
MOVE B55 129
END TURN 199
TURN 200
COMMAND LEFT START
MOVE A4 220
MOVE A6 220
TRAIN 2
COMMAND LEFT END
COMMAND RIGHT START
MOVE B24 220
MOVE B30 220
MOVE B27 220
MOVE B33 220
MOVE B39 220
MOVE B41 220
MOVE B51 209
MOVE B52 209
MOVE B45 193
TRAIN 2
COMMAND RIGHT END
TURN 200 RESULT
TIME LEFT 0 5 RIGHT 0 5
TRAIN A60 A61 B59 B60
MOVE A4 5
MOVE A6 5
MOVE A48 156
MOVE A49 156
MOVE A50 156
MOVE A51 156
MOVE A52 156
MOVE A53 156
MOVE A54 156
MOVE A55 156
MOVE A56 156
MOVE A57 156
MOVE A58 156
MOVE A59 156
MOVE B24 217
MOVE B27 196
MOVE B30 217
MOVE B33 196
MOVE B39 181
MOVE B41 181
MOVE B45 120
MOVE B51 218
MOVE B52 218
MOVE B55 139
END TURN 200
TURN 201
COMMAND LEFT START
MOVE A7 220
MOVE A60 220
TRAIN 2
COMMAND LEFT END
COMMAND RIGHT START
MOVE B53 168
MOVE B57 168
MOVE B55 131
TRAIN 2
COMMAND RIGHT END
TURN 201 RESULT
TIME LEFT 0 5 RIGHT 0 5
TRAIN A62 A63 B61 B62
MOVE A4 15
MOVE A6 15
MOVE A7 5
MOVE A48 177
MOVE A49 177
MOVE A50 177
MOVE A51 177
MOVE A52 177
MOVE A53 177
MOVE A54 177
MOVE A55 177
MOVE A56 177
MOVE A57 177
MOVE A58 177
MOVE A59 177
MOVE A60 5
MOVE B24 218
MOVE B27 202
MOVE B30 218
MOVE B33 202
MOVE B39 204
MOVE B41 204
MOVE B45 127
MOVE B51 217
MOVE B52 217
MOVE B53 219
MOVE B55 129
MOVE B57 219
END TURN 201
TURN 202
COMMAND LEFT START
MOVE A61 220
MOVE A62 220
TRAIN 2
COMMAND LEFT END
COMMAND RIGHT START
MOVE B58 193
MOVE B59 131
TRAIN 2
COMMAND RIGHT END
TURN 202 RESULT
TIME LEFT 0 5 RIGHT 0 5
TRAIN A64 A65 B63 B64
MOVE A4 19
MOVE A6 19
MOVE A7 15
MOVE A48 188
MOVE A49 188
MOVE A50 188
MOVE A51 188
MOVE A52 188
MOVE A53 188
MOVE A54 188
MOVE A55 188
MOVE A56 188
MOVE A57 188
MOVE A58 188
MOVE A59 188
MOVE A60 15
MOVE A61 5
MOVE A62 5
MOVE B24 220
MOVE B27 211
MOVE B30 220
MOVE B33 211
MOVE B39 216
MOVE B41 216
MOVE B45 141
MOVE B51 209
MOVE B52 209
MOVE B53 216
MOVE B55 131
MOVE B57 216
MOVE B58 214
MOVE B59 218
END TURN 202
TURN 203
COMMAND LEFT START
MOVE A63 220
MOVE A64 220
TRAIN 2
COMMAND LEFT END
COMMAND RIGHT START
MOVE B64 139
COMMAND RIGHT END
TURN 203 RESULT
TIME LEFT 0 5 RIGHT 0 5
TRAIN A66 A67
MOVE A4 28
MOVE A6 28
MOVE A7 19
MOVE A48 198
MOVE A49 198
MOVE A50 198
MOVE A51 198
MOVE A52 198
MOVE A53 198
MOVE A54 198
MOVE A55 198
MOVE A56 198
MOVE A57 198
MOVE A58 198
MOVE A59 198
MOVE A60 19
MOVE A61 15
MOVE A62 15
MOVE A63 5
MOVE A64 5
MOVE B27 214
MOVE B33 214
MOVE B39 219
MOVE B41 219
MOVE B45 150
MOVE B53 204
MOVE B57 204
MOVE B58 211
MOVE B59 208
MOVE B64 218
END TURN 203
TURN 204
COMMAND LEFT START
MOVE A65 220
MOVE A66 220
TRAIN 2
COMMAND LEFT END
COMMAND RIGHT START
TRAIN 2
COMMAND RIGHT END
TURN 204 RESULT
TIME LEFT 0 5 RIGHT 0 5
TRAIN A68 A69 B65 B66
MOVE A4 42
MOVE A6 42
MOVE A7 28
MOVE A48 205
MOVE A49 205
MOVE A50 205
MOVE A51 205
MOVE A52 205
MOVE A53 205
MOVE A54 205
MOVE A55 205
MOVE A56 205
MOVE A57 205
MOVE A58 205
MOVE A59 205
MOVE A60 28
MOVE A61 19
MOVE A62 19
MOVE A63 15
MOVE A64 15
MOVE A65 5
MOVE A66 5
MOVE B27 220
MOVE B33 220
MOVE B39 220
MOVE B41 220
MOVE B45 161
MOVE B53 181
MOVE B57 181
MOVE B58 202
MOVE B59 199
MOVE B64 208
END TURN 204
TURN 205
COMMAND LEFT START
MOVE A67 220
MOVE A68 220
TRAIN 2
COMMAND LEFT END
COMMAND RIGHT START
TRAIN 2
COMMAND RIGHT END
TURN 205 RESULT
TIME LEFT 0 5 RIGHT 0 5
TRAIN A70 A71 B67 B68
MOVE A4 57
MOVE A6 57
MOVE A7 42
MOVE A48 215
MOVE A49 215
MOVE A50 215
MOVE A51 215
MOVE A52 215
MOVE A53 215
MOVE A54 215
MOVE A55 215
MOVE A56 215
MOVE A57 215
MOVE A58 215
MOVE A59 215
MOVE A60 42
MOVE A61 28
MOVE A62 28
MOVE A63 19
MOVE A64 19
MOVE A65 15
MOVE A66 15
MOVE A67 5
MOVE A68 5
MOVE B45 172
MOVE B53 168
MOVE B57 168
MOVE B58 196
MOVE B59 191
MOVE B64 199
END TURN 205
TURN 206
COMMAND LEFT START
MOVE A69 220
MOVE A70 220
TRAIN 2
COMMAND LEFT END
COMMAND RIGHT START
TRAIN 2
COMMAND RIGHT END
TURN 206 RESULT
TIME LEFT 0 5 RIGHT 0 5
TRAIN A72 A73 B69 B70
MOVE A4 71
MOVE A6 71
MOVE A7 57
MOVE A48 220
MOVE A49 220
MOVE A50 220
MOVE A51 220
MOVE A52 220
MOVE A53 220
MOVE A54 220
MOVE A55 220
MOVE A56 220
MOVE A57 220
MOVE A58 220
MOVE A59 220
MOVE A60 57
MOVE A61 42
MOVE A62 42
MOVE A63 28
MOVE A64 28
MOVE A65 19
MOVE A66 19
MOVE A67 15
MOVE A68 15
MOVE A69 5
MOVE A70 5
MOVE B45 193
MOVE B58 193
MOVE B59 175
MOVE B64 191
DAMAGE TURRET A48 2
DAMAGE COMBAT A48 3
DAMAGE COMBAT A49 6
DAMAGE COMBAT A50 6
DAMAGE COMBAT A51 1
DAMAGE COMBAT B24 6
DAMAGE COMBAT B27 6
END TURN 206
TURN 207
COMMAND LEFT START
MOVE A71 220
MOVE A72 220
TRAIN 2
COMMAND LEFT END
COMMAND RIGHT START
TRAIN 2
COMMAND RIGHT END
TURN 207 RESULT
TIME LEFT 0 5 RIGHT 0 5
TRAIN A74 A75 B71 B72
MOVE A4 87
MOVE A6 87
MOVE A7 71
MOVE A60 71
MOVE A61 57
MOVE A62 57
MOVE A63 42
MOVE A64 42
MOVE A65 28
MOVE A66 28
MOVE A67 19
MOVE A68 19
MOVE A69 15
MOVE A70 15
MOVE A71 5
MOVE A72 5
MOVE B59 167
MOVE B64 175
DAMAGE TURRET A51 2
DAMAGE COMBAT A51 3
DAMAGE COMBAT A52 6
DAMAGE COMBAT A53 6
DAMAGE COMBAT A54 1
DAMAGE COMBAT B30 6
DAMAGE COMBAT B33 3
END TURN 207
TURN 208
COMMAND LEFT START
MOVE A73 220
MOVE A74 220
TRAIN 2
COMMAND LEFT END
COMMAND RIGHT START
TRAIN 2
COMMAND RIGHT END
TURN 208 RESULT
TIME LEFT 0 5 RIGHT 0 5
TRAIN A76 A77 B73 B74
MOVE A4 100
MOVE A6 100
MOVE A7 87
MOVE A60 87
MOVE A61 71
MOVE A62 71
MOVE A63 57
MOVE A64 57
MOVE A65 42
MOVE A66 42
MOVE A67 28
MOVE A68 28
MOVE A69 19
MOVE A70 19
MOVE A71 15
MOVE A72 15
MOVE A73 5
MOVE A74 5
MOVE B59 157
MOVE B64 167
DAMAGE TURRET A54 2
DAMAGE COMBAT A54 3
DAMAGE COMBAT A55 6
DAMAGE COMBAT A56 6
DAMAGE COMBAT A57 2
DAMAGE COMBAT B33 3
DAMAGE COMBAT B39 3
END TURN 208
TURN 209
COMMAND LEFT START
MOVE A75 220
MOVE A76 220
TRAIN 2
COMMAND LEFT END
COMMAND RIGHT START
COMMAND RIGHT END
TURN 209 RESULT
TIME LEFT 0 5 RIGHT 0 5
TRAIN A78 A79
MOVE A4 118
MOVE A6 118
MOVE A7 100
MOVE A60 100
MOVE A61 87
MOVE A62 87
MOVE A63 71
MOVE A64 71
MOVE A65 57
MOVE A66 57
MOVE A67 42
MOVE A68 42
MOVE A69 28
MOVE A70 28
MOVE A71 19
MOVE A72 19
MOVE A73 15
MOVE A74 15
MOVE A75 5
MOVE A76 5
MOVE B59 152
MOVE B64 157
DAMAGE TURRET A57 2
DAMAGE COMBAT A57 2
DAMAGE COMBAT A58 6
DAMAGE COMBAT A59 6
DAMAGE COMBAT B39 3
END TURN 209
TURN 210
COMMAND LEFT START
MOVE A77 220
MOVE A78 220
TRAIN 2
COMMAND LEFT END
COMMAND RIGHT START
COMMAND RIGHT END
TURN 210 RESULT
TIME LEFT 0 5 RIGHT 0 5
TRAIN A80 A81
MOVE A4 142
MOVE A6 142
MOVE A7 118
MOVE A60 118
MOVE A61 100
MOVE A62 100
MOVE A63 87
MOVE A64 87
MOVE A65 71
MOVE A66 71
MOVE A67 57
MOVE A68 57
MOVE A69 42
MOVE A70 42
MOVE A71 28
MOVE A72 28
MOVE A73 19
MOVE A74 19
MOVE A75 15
MOVE A76 15
MOVE A77 5
MOVE A78 5
MOVE B59 131
MOVE B64 152
END TURN 210
TURN 211
COMMAND LEFT START
MOVE A79 220
MOVE A80 220
TRAIN 2
COMMAND LEFT END
COMMAND RIGHT START
COMMAND RIGHT END
TURN 211 RESULT
TIME LEFT 0 5 RIGHT 0 5
TRAIN A82 A83
MOVE A4 156
MOVE A6 156
MOVE A7 142
MOVE A60 142
MOVE A61 118
MOVE A62 118
MOVE A63 100
MOVE A64 100
MOVE A65 87
MOVE A66 87
MOVE A67 71
MOVE A68 71
MOVE A69 57
MOVE A70 57
MOVE A71 42
MOVE A72 42
MOVE A73 28
MOVE A74 28
MOVE A75 19
MOVE A76 19
MOVE A77 15
MOVE A78 15
MOVE A79 5
MOVE A80 5
MOVE B64 146
END TURN 211
TURN 212
COMMAND LEFT START
MOVE A81 220
MOVE A82 220
TRAIN 2
COMMAND LEFT END
COMMAND RIGHT START
UPGRADE 220
COMMAND RIGHT END
TURN 212 RESULT
TIME LEFT 0 5 RIGHT 0 5
UPGRADE B 220
TRAIN A84 A85
MOVE A4 177
MOVE A6 177
MOVE A7 156
MOVE A60 156
MOVE A61 142
MOVE A62 142
MOVE A63 118
MOVE A64 118
MOVE A65 100
MOVE A66 100
MOVE A67 87
MOVE A68 87
MOVE A69 71
MOVE A70 71
MOVE A71 57
MOVE A72 57
MOVE A73 42
MOVE A74 42
MOVE A75 28
MOVE A76 28
MOVE A77 19
MOVE A78 19
MOVE A79 15
MOVE A80 15
MOVE A81 5
MOVE A82 5
MOVE B64 139
END TURN 212
TURN 213
COMMAND LEFT START
MOVE A83 220
MOVE A84 220
TRAIN 2
COMMAND LEFT END
COMMAND RIGHT START
COMMAND RIGHT END
TURN 213 RESULT
TIME LEFT 0 5 RIGHT 0 5
TRAIN A86 A87
MOVE A4 188
MOVE A6 188
MOVE A7 177
MOVE A60 177
MOVE A61 156
MOVE A62 156
MOVE A63 142
MOVE A64 142
MOVE A65 118
MOVE A66 118
MOVE A67 100
MOVE A68 100
MOVE A69 87
MOVE A70 87
MOVE A71 71
MOVE A72 71
MOVE A73 57
MOVE A74 57
MOVE A75 42
MOVE A76 42
MOVE A77 28
MOVE A78 28
MOVE A79 19
MOVE A80 19
MOVE A81 15
MOVE A82 15
MOVE A83 5
MOVE A84 5
END TURN 213
TURN 214
COMMAND LEFT START
MOVE A85 220
MOVE A86 220
TRAIN 2
COMMAND LEFT END
COMMAND RIGHT START
UPGRADE 139
COMMAND RIGHT END
TURN 214 RESULT
TIME LEFT 0 5 RIGHT 0 5
UPGRADE B 139
TRAIN A88 A89
MOVE A4 198
MOVE A6 198
MOVE A7 188
MOVE A60 188
MOVE A61 177
MOVE A62 177
MOVE A63 156
MOVE A64 156
MOVE A65 142
MOVE A66 142
MOVE A67 118
MOVE A68 118
MOVE A69 100
MOVE A70 100
MOVE A71 87
MOVE A72 87
MOVE A73 71
MOVE A74 71
MOVE A75 57
MOVE A76 57
MOVE A77 42
MOVE A78 42
MOVE A79 28
MOVE A80 28
MOVE A81 19
MOVE A82 19
MOVE A83 15
MOVE A84 15
MOVE A85 5
MOVE A86 5
END TURN 214
TURN 215
COMMAND LEFT START
MOVE A87 220
MOVE A88 220
TRAIN 2
COMMAND LEFT END
COMMAND RIGHT START
COMMAND RIGHT END
TURN 215 RESULT
TIME LEFT 0 5 RIGHT 0 5
TRAIN A90 A91
MOVE A4 205
MOVE A6 205
MOVE A7 198
MOVE A60 198
MOVE A61 188
MOVE A62 188
MOVE A63 177
MOVE A64 177
MOVE A65 156
MOVE A66 156
MOVE A67 142
MOVE A68 142
MOVE A69 118
MOVE A70 118
MOVE A71 100
MOVE A72 100
MOVE A73 87
MOVE A74 87
MOVE A75 71
MOVE A76 71
MOVE A77 57
MOVE A78 57
MOVE A79 42
MOVE A80 42
MOVE A81 28
MOVE A82 28
MOVE A83 19
MOVE A84 19
MOVE A85 15
MOVE A86 15
MOVE A87 5
MOVE A88 5
END TURN 215
TURN 216
COMMAND LEFT START
MOVE A89 220
MOVE A90 220
TRAIN 2
COMMAND LEFT END
COMMAND RIGHT START
MOVE B74 119
COMMAND RIGHT END
TURN 216 RESULT
TIME LEFT 0 5 RIGHT 0 5
TRAIN A92 A93
MOVE A4 215
MOVE A6 215
MOVE A7 205
MOVE A60 205
MOVE A61 198
MOVE A62 198
MOVE A63 188
MOVE A64 188
MOVE A65 177
MOVE A66 177
MOVE A67 156
MOVE A68 156
MOVE A69 142
MOVE A70 142
MOVE A71 118
MOVE A72 118
MOVE A73 100
MOVE A74 100
MOVE A75 87
MOVE A76 87
MOVE A77 71
MOVE A78 71
MOVE A79 57
MOVE A80 57
MOVE A81 42
MOVE A82 42
MOVE A83 28
MOVE A84 28
MOVE A85 19
MOVE A86 19
MOVE A87 15
MOVE A88 15
MOVE A89 5
MOVE A90 5
MOVE B74 214
END TURN 216
TURN 217
COMMAND LEFT START
MOVE A91 220
MOVE A92 220
TRAIN 2
COMMAND LEFT END
COMMAND RIGHT START
UPGRADE 139
COMMAND RIGHT END
TURN 217 RESULT
TIME LEFT 0 5 RIGHT 0 5
UPGRADE B 139
TRAIN A94 A95
MOVE A4 220
MOVE A6 220
MOVE A7 215
MOVE A60 215
MOVE A61 205
MOVE A62 205
MOVE A63 198
MOVE A64 198
MOVE A65 188
MOVE A66 188
MOVE A67 177
MOVE A68 177
MOVE A69 156
MOVE A70 156
MOVE A71 142
MOVE A72 142
MOVE A73 118
MOVE A74 118
MOVE A75 100
MOVE A76 100
MOVE A77 87
MOVE A78 87
MOVE A79 71
MOVE A80 71
MOVE A81 57
MOVE A82 57
MOVE A83 42
MOVE A84 42
MOVE A85 28
MOVE A86 28
MOVE A87 19
MOVE A88 19
MOVE A89 15
MOVE A90 15
MOVE A91 5
MOVE A92 5
MOVE B74 211
DAMAGE TURRET A4 3
DAMAGE COMBAT A4 2
DAMAGE COMBAT A6 5
DAMAGE COMBAT B41 2
END TURN 217
TURN 218
COMMAND LEFT START
MOVE A93 220
MOVE A94 220
TRAIN 2
COMMAND LEFT END
COMMAND RIGHT START
MOVE B41 139
UPGRADE 139
COMMAND RIGHT END
TURN 218 RESULT
TIME LEFT 0 5 RIGHT 0 5
UPGRADE B 139
TRAIN A96 A97
MOVE A7 220
MOVE A60 220
MOVE A61 215
MOVE A62 215
MOVE A63 205
MOVE A64 205
MOVE A65 198
MOVE A66 198
MOVE A67 188
MOVE A68 188
MOVE A69 177
MOVE A70 177
MOVE A71 156
MOVE A72 156
MOVE A73 142
MOVE A74 142
MOVE A75 118
MOVE A76 118
MOVE A77 100
MOVE A78 100
MOVE A79 87
MOVE A80 87
MOVE A81 71
MOVE A82 71
MOVE A83 57
MOVE A84 57
MOVE A85 42
MOVE A86 42
MOVE A87 28
MOVE A88 28
MOVE A89 19
MOVE A90 19
MOVE A91 15
MOVE A92 15
MOVE A93 5
MOVE A94 5
MOVE B41 218
MOVE B74 202
DAMAGE TURRET A7 3
DAMAGE COMBAT A7 3
DAMAGE COMBAT A60 6
DAMAGE COMBAT B60 2
END TURN 218
TURN 219
COMMAND LEFT START
MOVE A95 220
MOVE A96 220
TRAIN 2
COMMAND LEFT END
COMMAND RIGHT START
MOVE B60 139
COMMAND RIGHT END
TURN 219 RESULT
TIME LEFT 0 5 RIGHT 0 5
TRAIN A98 A99
MOVE A61 220
MOVE A62 220
MOVE A63 215
MOVE A64 215
MOVE A65 205
MOVE A66 205
MOVE A67 198
MOVE A68 198
MOVE A69 188
MOVE A70 188
MOVE A71 177
MOVE A72 177
MOVE A73 156
MOVE A74 156
MOVE A75 142
MOVE A76 142
MOVE A77 118
MOVE A78 118
MOVE A79 100
MOVE A80 100
MOVE A81 87
MOVE A82 87
MOVE A83 71
MOVE A84 71
MOVE A85 57
MOVE A86 57
MOVE A87 42
MOVE A88 42
MOVE A89 28
MOVE A90 28
MOVE A91 19
MOVE A92 19
MOVE A93 15
MOVE A94 15
MOVE A95 5
MOVE A96 5
MOVE B41 208
MOVE B60 218
MOVE B74 196
DAMAGE TURRET A61 3
DAMAGE COMBAT A61 3
DAMAGE COMBAT A62 6
DAMAGE COMBAT B61 2
END TURN 219
TURN 220
COMMAND LEFT START
COMMAND LEFT END
COMMAND RIGHT START
TRAIN 2
COMMAND RIGHT END
TURN 220 RESULT
TIME LEFT 0 5 RIGHT 0 5
TRAIN B75 B76
MOVE A63 220
MOVE A64 220
MOVE A65 215
MOVE A66 215
MOVE A67 205
MOVE A68 205
MOVE A69 198
MOVE A70 198
MOVE A71 188
MOVE A72 188
MOVE A73 177
MOVE A74 177
MOVE A75 156
MOVE A76 156
MOVE A77 142
MOVE A78 142
MOVE A79 118
MOVE A80 118
MOVE A81 100
MOVE A82 100
MOVE A83 87
MOVE A84 87
MOVE A85 71
MOVE A86 71
MOVE A87 57
MOVE A88 57
MOVE A89 42
MOVE A90 42
MOVE A91 28
MOVE A92 28
MOVE A93 19
MOVE A94 19
MOVE A95 15
MOVE A96 15
MOVE B41 199
MOVE B60 208
MOVE B74 190
DAMAGE TURRET A63 3
DAMAGE COMBAT A63 3
DAMAGE COMBAT A64 6
DAMAGE COMBAT B61 2
END TURN 220
TURN 221
COMMAND LEFT START
MOVE A97 220
TRAIN 1
COMMAND LEFT END
COMMAND RIGHT START
TRAIN 2
COMMAND RIGHT END
TURN 221 RESULT
TIME LEFT 0 5 RIGHT 0 5
TRAIN A100 B77 B78
MOVE A65 220
MOVE A66 220
MOVE A67 215
MOVE A68 215
MOVE A69 205
MOVE A70 205
MOVE A71 198
MOVE A72 198
MOVE A73 188
MOVE A74 188
MOVE A75 177
MOVE A76 177
MOVE A77 156
MOVE A78 156
MOVE A79 142
MOVE A80 142
MOVE A81 118
MOVE A82 118
MOVE A83 100
MOVE A84 100
MOVE A85 87
MOVE A86 87
MOVE A87 71
MOVE A88 71
MOVE A89 57
MOVE A90 57
MOVE A91 42
MOVE A92 42
MOVE A93 28
MOVE A94 28
MOVE A95 19
MOVE A96 19
MOVE A97 5
MOVE B41 191
MOVE B60 199
MOVE B74 172
DAMAGE TURRET A65 3
DAMAGE COMBAT A65 3
DAMAGE COMBAT A66 6
DAMAGE COMBAT B61 2
END TURN 221
TURN 222
COMMAND LEFT START
MOVE A98 220
TRAIN 1
COMMAND LEFT END
COMMAND RIGHT START
TRAIN 2
COMMAND RIGHT END
TURN 222 RESULT
TIME LEFT 0 5 RIGHT 0 5
TRAIN A101 B79 B80
MOVE A67 220
MOVE A68 220
MOVE A69 215
MOVE A70 215
MOVE A71 205
MOVE A72 205
MOVE A73 198
MOVE A74 198
MOVE A75 188
MOVE A76 188
MOVE A77 177
MOVE A78 177
MOVE A79 156
MOVE A80 156
MOVE A81 142
MOVE A82 142
MOVE A83 118
MOVE A84 118
MOVE A85 100
MOVE A86 100
MOVE A87 87
MOVE A88 87
MOVE A89 71
MOVE A90 71
MOVE A91 57
MOVE A92 57
MOVE A93 42
MOVE A94 42
MOVE A95 28
MOVE A96 28
MOVE A97 15
MOVE A98 5
MOVE B41 175
MOVE B60 191
MOVE B74 161
DAMAGE TURRET A67 3
DAMAGE COMBAT A67 3
DAMAGE COMBAT A68 6
DAMAGE COMBAT B62 2
END TURN 222
TURN 223
COMMAND LEFT START
COMMAND LEFT END
COMMAND RIGHT START
TRAIN 2
COMMAND RIGHT END
TURN 223 RESULT
TIME LEFT 0 5 RIGHT 0 5
TRAIN B81 B82
MOVE A69 220
MOVE A70 220
MOVE A71 215
MOVE A72 215
MOVE A73 205
MOVE A74 205
MOVE A75 198
MOVE A76 198
MOVE A77 188
MOVE A78 188
MOVE A79 177
MOVE A80 177
MOVE A81 156
MOVE A82 156
MOVE A83 142
MOVE A84 142
MOVE A85 118
MOVE A86 118
MOVE A87 100
MOVE A88 100
MOVE A89 87
MOVE A90 87
MOVE A91 71
MOVE A92 71
MOVE A93 57
MOVE A94 57
MOVE A95 42
MOVE A96 42
MOVE A97 19
MOVE A98 15
MOVE B41 167
MOVE B60 175
MOVE B74 138
DAMAGE TURRET A69 3
DAMAGE COMBAT A69 3
DAMAGE COMBAT A70 6
DAMAGE COMBAT B62 2
END TURN 223
TURN 224
COMMAND LEFT START
MOVE A99 220
TRAIN 1
COMMAND LEFT END
COMMAND RIGHT START
TRAIN 2
COMMAND RIGHT END
TURN 224 RESULT
TIME LEFT 0 5 RIGHT 0 5
TRAIN A102 B83 B84
MOVE A71 220
MOVE A72 220
MOVE A73 215
MOVE A74 215
MOVE A75 205
MOVE A76 205
MOVE A77 198
MOVE A78 198
MOVE A79 188
MOVE A80 188
MOVE A81 177
MOVE A82 177
MOVE A83 156
MOVE A84 156
MOVE A85 142
MOVE A86 142
MOVE A87 118
MOVE A88 118
MOVE A89 100
MOVE A90 100
MOVE A91 87
MOVE A92 87
MOVE A93 71
MOVE A94 71
MOVE A95 57
MOVE A96 57
MOVE A97 28
MOVE A98 19
MOVE A99 5
MOVE B41 157
MOVE B60 167
MOVE B74 132
DAMAGE TURRET A71 3
DAMAGE COMBAT A71 3
DAMAGE COMBAT A72 6
DAMAGE COMBAT B62 2
END TURN 224
TURN 225
COMMAND LEFT START
MOVE A100 220
TRAIN 1
COMMAND LEFT END
COMMAND RIGHT START
TRAIN 2
COMMAND RIGHT END
TURN 225 RESULT
TIME LEFT 0 5 RIGHT 0 5
TRAIN A103 B85 B86
MOVE A73 220
MOVE A74 220
MOVE A75 215
MOVE A76 215
MOVE A77 205
MOVE A78 205
MOVE A79 198
MOVE A80 198
MOVE A81 188
MOVE A82 188
MOVE A83 177
MOVE A84 177
MOVE A85 156
MOVE A86 156
MOVE A87 142
MOVE A88 142
MOVE A89 118
MOVE A90 118
MOVE A91 100
MOVE A92 100
MOVE A93 87
MOVE A94 87
MOVE A95 71
MOVE A96 71
MOVE A97 42
MOVE A98 28
MOVE A99 15
MOVE A100 5
MOVE B41 152
MOVE B60 157
MOVE B74 119
DAMAGE TURRET A73 3
DAMAGE COMBAT A73 3
DAMAGE COMBAT A74 6
DAMAGE COMBAT B63 2
END TURN 225
TURN 226
COMMAND LEFT START
MOVE A101 220
TRAIN 1
COMMAND LEFT END
COMMAND RIGHT START
MOVE B86 89
UPGRADE 119
COMMAND RIGHT END
TURN 226 RESULT
TIME LEFT 0 5 RIGHT 0 5
UPGRADE B 119
TRAIN A104
MOVE A75 220
MOVE A76 220
MOVE A77 215
MOVE A78 215
MOVE A79 205
MOVE A80 205
MOVE A81 198
MOVE A82 198
MOVE A83 188
MOVE A84 188
MOVE A85 177
MOVE A86 177
MOVE A87 156
MOVE A88 156
MOVE A89 142
MOVE A90 142
MOVE A91 118
MOVE A92 118
MOVE A93 100
MOVE A94 100
MOVE A95 87
MOVE A96 87
MOVE A97 57
MOVE A98 42
MOVE A99 19
MOVE A100 15
MOVE A101 5
MOVE B41 146
MOVE B60 152
MOVE B86 214
DAMAGE TURRET A75 3
DAMAGE COMBAT A75 3
DAMAGE COMBAT A76 6
DAMAGE COMBAT B63 2
END TURN 226
TURN 227
COMMAND LEFT START
COMMAND LEFT END
COMMAND RIGHT START
UPGRADE 119
COMMAND RIGHT END
TURN 227 RESULT
TIME LEFT 0 5 RIGHT 0 5
UPGRADE B 119
MOVE A77 220
MOVE A78 220
MOVE A79 215
MOVE A80 215
MOVE A81 205
MOVE A82 205
MOVE A83 198
MOVE A84 198
MOVE A85 188
MOVE A86 188
MOVE A87 177
MOVE A88 177
MOVE A89 156
MOVE A90 156
MOVE A91 142
MOVE A92 142
MOVE A93 118
MOVE A94 118
MOVE A95 100
MOVE A96 100
MOVE A97 71
MOVE A98 57
MOVE A99 28
MOVE A100 19
MOVE A101 15
MOVE B41 139
MOVE B60 146
MOVE B86 211
DAMAGE TURRET A77 3
DAMAGE COMBAT A77 3
DAMAGE COMBAT A78 6
DAMAGE COMBAT B63 2
END TURN 227
TURN 228
COMMAND LEFT START
MOVE A102 220
TRAIN 1
COMMAND LEFT END
COMMAND RIGHT START
MOVE B65 119
UPGRADE 119
COMMAND RIGHT END
TURN 228 RESULT
TIME LEFT 0 5 RIGHT 0 5
UPGRADE B 119
TRAIN A105
MOVE A79 220
MOVE A80 220
MOVE A81 215
MOVE A82 215
MOVE A83 205
MOVE A84 205
MOVE A85 198
MOVE A86 198
MOVE A87 188
MOVE A88 188
MOVE A89 177
MOVE A90 177
MOVE A91 156
MOVE A92 156
MOVE A93 142
MOVE A94 142
MOVE A95 118
MOVE A96 118
MOVE A97 87
MOVE A98 71
MOVE A99 42
MOVE A100 28
MOVE A101 19
MOVE A102 5
MOVE B60 139
MOVE B65 214
MOVE B86 202
DAMAGE TURRET A79 3
DAMAGE COMBAT A79 3
DAMAGE COMBAT A80 6
DAMAGE COMBAT B66 2
END TURN 228
TURN 229
COMMAND LEFT START
MOVE A103 220
TRAIN 1
COMMAND LEFT END
COMMAND RIGHT START
MOVE B66 119
COMMAND RIGHT END
TURN 229 RESULT
TIME LEFT 0 5 RIGHT 0 5
TRAIN A106
MOVE A81 220
MOVE A82 220
MOVE A83 215
MOVE A84 215
MOVE A85 205
MOVE A86 205
MOVE A87 198
MOVE A88 198
MOVE A89 188
MOVE A90 188
MOVE A91 177
MOVE A92 177
MOVE A93 156
MOVE A94 156
MOVE A95 142
MOVE A96 142
MOVE A97 100
MOVE A98 87
MOVE A99 57
MOVE A100 42
MOVE A101 28
MOVE A102 15
MOVE A103 5
MOVE B65 211
MOVE B66 214
MOVE B86 196
DAMAGE TURRET A81 3
DAMAGE COMBAT A81 3
DAMAGE COMBAT A82 6
DAMAGE COMBAT B67 2
END TURN 229
TURN 230
COMMAND LEFT START
MOVE A104 220
TRAIN 1
COMMAND LEFT END
COMMAND RIGHT START
TRAIN 2
COMMAND RIGHT END
TURN 230 RESULT
TIME LEFT 0 5 RIGHT 0 5
TRAIN A107 B87 B88
MOVE A83 220
MOVE A84 220
MOVE A85 215
MOVE A86 215
MOVE A87 205
MOVE A88 205
MOVE A89 198
MOVE A90 198
MOVE A91 188
MOVE A92 188
MOVE A93 177
MOVE A94 177
MOVE A95 156
MOVE A96 156
MOVE A97 118
MOVE A98 100
MOVE A99 71
MOVE A100 57
MOVE A101 42
MOVE A102 19
MOVE A103 15
MOVE A104 5
MOVE B65 202
MOVE B66 211
MOVE B86 190
DAMAGE TURRET A83 3
DAMAGE COMBAT A83 3
DAMAGE COMBAT A84 6
DAMAGE COMBAT B67 2
END TURN 230
TURN 231
COMMAND LEFT START
MOVE A105 220
TRAIN 1
COMMAND LEFT END
COMMAND RIGHT START
TRAIN 2
COMMAND RIGHT END
TURN 231 RESULT
TIME LEFT 0 5 RIGHT 0 5
TRAIN A108 B89 B90
MOVE A85 220
MOVE A86 220
MOVE A87 215
MOVE A88 215
MOVE A89 205
MOVE A90 205
MOVE A91 198
MOVE A92 198
MOVE A93 188
MOVE A94 188
MOVE A95 177
MOVE A96 177
MOVE A97 142
MOVE A98 118
MOVE A99 87
MOVE A100 71
MOVE A101 57
MOVE A102 28
MOVE A103 19
MOVE A104 15
MOVE A105 5
MOVE B65 196
MOVE B66 202
MOVE B86 174
DAMAGE TURRET A85 3
DAMAGE COMBAT A85 3
DAMAGE COMBAT A86 6
DAMAGE COMBAT B67 2
END TURN 231
TURN 232
COMMAND LEFT START
MOVE A106 220
TRAIN 1
COMMAND LEFT END
COMMAND RIGHT START
TRAIN 2
COMMAND RIGHT END
TURN 232 RESULT
TIME LEFT 0 5 RIGHT 0 5
TRAIN A109 B91 B92
MOVE A87 220
MOVE A88 220
MOVE A89 215
MOVE A90 215
MOVE A91 205
MOVE A92 205
MOVE A93 198
MOVE A94 198
MOVE A95 188
MOVE A96 188
MOVE A97 156
MOVE A98 142
MOVE A99 100
MOVE A100 87
MOVE A101 71
MOVE A102 42
MOVE A103 28
MOVE A104 19
MOVE A105 15
MOVE A106 5
MOVE B65 190
MOVE B66 196
MOVE B86 150
DAMAGE TURRET A87 3
DAMAGE COMBAT A87 3
DAMAGE COMBAT A88 6
DAMAGE COMBAT B68 2
END TURN 232
TURN 233
COMMAND LEFT START
MOVE A107 220
TRAIN 1
COMMAND LEFT END
COMMAND RIGHT START
TRAIN 2
COMMAND RIGHT END
TURN 233 RESULT
TIME LEFT 0 5 RIGHT 0 5
TRAIN A110 B93 B94
MOVE A89 220
MOVE A90 220
MOVE A91 215
MOVE A92 215
MOVE A93 205
MOVE A94 205
MOVE A95 198
MOVE A96 198
MOVE A97 177
MOVE A98 156
MOVE A99 118
MOVE A100 100
MOVE A101 87
MOVE A102 57
MOVE A103 42
MOVE A104 28
MOVE A105 19
MOVE A106 15
MOVE A107 5
MOVE B65 172
MOVE B66 190
MOVE B86 134
DAMAGE TURRET A89 3
DAMAGE COMBAT A89 3
DAMAGE COMBAT A90 6
DAMAGE COMBAT B68 2
END TURN 233
TURN 234
COMMAND LEFT START
MOVE A108 220
TRAIN 1
COMMAND LEFT END
COMMAND RIGHT START
TRAIN 2
COMMAND RIGHT END
TURN 234 RESULT
TIME LEFT 0 5 RIGHT 0 5
TRAIN A111 B95 B96
MOVE A91 220
MOVE A92 220
MOVE A93 215
MOVE A94 215
MOVE A95 205
MOVE A96 205
MOVE A97 188
MOVE A98 177
MOVE A99 142
MOVE A100 118
MOVE A101 100
MOVE A102 71
MOVE A103 57
MOVE A104 42
MOVE A105 28
MOVE A106 19
MOVE A107 15
MOVE A108 5
MOVE B65 161
MOVE B66 172
MOVE B86 121
DAMAGE TURRET A91 3
DAMAGE COMBAT A91 3
DAMAGE COMBAT A92 6
DAMAGE COMBAT B68 2
END TURN 234
TURN 235
COMMAND LEFT START
MOVE A109 220
TRAIN 1
COMMAND LEFT END
COMMAND RIGHT START
COMMAND RIGHT END
TURN 235 RESULT
TIME LEFT 0 5 RIGHT 0 5
TRAIN A112
MOVE A93 220
MOVE A94 220
MOVE A95 215
MOVE A96 215
MOVE A97 198
MOVE A98 188
MOVE A99 156
MOVE A100 142
MOVE A101 118
MOVE A102 87
MOVE A103 71
MOVE A104 57
MOVE A105 42
MOVE A106 28
MOVE A107 19
MOVE A108 15
MOVE A109 5
MOVE B65 138
MOVE B66 161
MOVE B86 106
DAMAGE TURRET A93 3
DAMAGE COMBAT A93 3
DAMAGE COMBAT A94 6
DAMAGE COMBAT B69 2
END TURN 235
TURN 236
COMMAND LEFT START
COMMAND LEFT END
COMMAND RIGHT START
COMMAND RIGHT END
TURN 236 RESULT
TIME LEFT 0 5 RIGHT 0 5
MOVE A95 220
MOVE A96 220
MOVE A97 205
MOVE A98 198
MOVE A99 177
MOVE A100 156
MOVE A101 142
MOVE A102 100
MOVE A103 87
MOVE A104 71
MOVE A105 57
MOVE A106 42
MOVE A107 28
MOVE A108 19
MOVE A109 15
MOVE B65 132
MOVE B66 138
MOVE B86 89
DAMAGE TURRET A95 3
DAMAGE COMBAT A95 3
DAMAGE COMBAT A96 6
DAMAGE COMBAT B69 2
END TURN 236
TURN 237
COMMAND LEFT START
MOVE A110 220
MOVE A111 220
TRAIN 2
COMMAND LEFT END
COMMAND RIGHT START
COMMAND RIGHT END
TURN 237 RESULT
TIME LEFT 0 5 RIGHT 0 5
TRAIN A113 A114
MOVE A97 215
MOVE A98 205
MOVE A99 188
MOVE A100 177
MOVE A101 156
MOVE A102 118
MOVE A103 100
MOVE A104 87
MOVE A105 71
MOVE A106 57
MOVE A107 42
MOVE A108 28
MOVE A109 19
MOVE A110 5
MOVE A111 5
MOVE B65 119
MOVE B66 132
END TURN 237
TURN 238
COMMAND LEFT START
COMMAND LEFT END
COMMAND RIGHT START
COMMAND RIGHT END
TURN 238 RESULT
TIME LEFT 0 5 RIGHT 0 5
MOVE A97 220
MOVE A98 215
MOVE A99 198
MOVE A100 188
MOVE A101 177
MOVE A102 142
MOVE A103 118
MOVE A104 100
MOVE A105 87
MOVE A106 71
MOVE A107 57
MOVE A108 42
MOVE A109 28
MOVE A110 15
MOVE A111 15
MOVE B66 119
DAMAGE TURRET A97 3
DAMAGE COMBAT A97 3
DAMAGE COMBAT B69 1
END TURN 238
TURN 239
COMMAND LEFT START
MOVE A112 220
TRAIN 1
COMMAND LEFT END
COMMAND RIGHT START
COMMAND RIGHT END
TURN 239 RESULT
TIME LEFT 0 5 RIGHT 0 5
TRAIN A115
MOVE A98 220
MOVE A99 205
MOVE A100 198
MOVE A101 188
MOVE A102 156
MOVE A103 142
MOVE A104 118
MOVE A105 100
MOVE A106 87
MOVE A107 71
MOVE A108 57
MOVE A109 42
MOVE A110 19
MOVE A111 19
MOVE A112 5
DAMAGE TURRET A98 3
DAMAGE COMBAT A98 3
DAMAGE COMBAT B69 1
END TURN 239
TURN 240
COMMAND LEFT START
MOVE A113 220
TRAIN 1
COMMAND LEFT END
COMMAND RIGHT START
UPGRADE 220
COMMAND RIGHT END
TURN 240 RESULT
TIME LEFT 0 5 RIGHT 0 5
UPGRADE B 220
TRAIN A116
MOVE A99 215
MOVE A100 205
MOVE A101 198
MOVE A102 177
MOVE A103 156
MOVE A104 142
MOVE A105 118
MOVE A106 100
MOVE A107 87
MOVE A108 71
MOVE A109 57
MOVE A110 28
MOVE A111 28
MOVE A112 15
MOVE A113 5
END TURN 240
TURN 241
COMMAND LEFT START
MOVE A114 220
TRAIN 1
COMMAND LEFT END
COMMAND RIGHT START
COMMAND RIGHT END
TURN 241 RESULT
TIME LEFT 0 5 RIGHT 0 5
TRAIN A117
MOVE A99 220
MOVE A100 215
MOVE A101 205
MOVE A102 188
MOVE A103 177
MOVE A104 156
MOVE A105 142
MOVE A106 118
MOVE A107 100
MOVE A108 87
MOVE A109 71
MOVE A110 42
MOVE A111 42
MOVE A112 19
MOVE A113 15
MOVE A114 5
DAMAGE TURRET A99 3
DAMAGE COMBAT A99 3
DAMAGE COMBAT B70 1
END TURN 241
TURN 242
COMMAND LEFT START
MOVE A115 220
TRAIN 1
COMMAND LEFT END
COMMAND RIGHT START
UPGRADE 89
COMMAND RIGHT END
TURN 242 RESULT
TIME LEFT 0 5 RIGHT 0 5
UPGRADE B 89
TRAIN A118
MOVE A100 220
MOVE A101 215
MOVE A102 198
MOVE A103 188
MOVE A104 177
MOVE A105 156
MOVE A106 142
MOVE A107 118
MOVE A108 100
MOVE A109 87
MOVE A110 57
MOVE A111 57
MOVE A112 28
MOVE A113 19
MOVE A114 15
MOVE A115 5
DAMAGE TURRET A100 3
DAMAGE COMBAT A100 3
DAMAGE COMBAT B70 1
END TURN 242
TURN 243
COMMAND LEFT START
MOVE A116 220
TRAIN 1
COMMAND LEFT END
COMMAND RIGHT START
UPGRADE 89
COMMAND RIGHT END
TURN 243 RESULT
TIME LEFT 0 5 RIGHT 0 5
UPGRADE B 89
TRAIN A119
MOVE A101 220
MOVE A102 205
MOVE A103 198
MOVE A104 188
MOVE A105 177
MOVE A106 156
MOVE A107 142
MOVE A108 118
MOVE A109 100
MOVE A110 71
MOVE A111 71
MOVE A112 42
MOVE A113 28
MOVE A114 19
MOVE A115 15
MOVE A116 5
DAMAGE TURRET A101 3
DAMAGE COMBAT A101 3
DAMAGE COMBAT B70 1
END TURN 243
TURN 244
COMMAND LEFT START
COMMAND LEFT END
COMMAND RIGHT START
MOVE B70 89
COMMAND RIGHT END
TURN 244 RESULT
TIME LEFT 0 5 RIGHT 0 5
MOVE A102 215
MOVE A103 205
MOVE A104 198
MOVE A105 188
MOVE A106 177
MOVE A107 156
MOVE A108 142
MOVE A109 118
MOVE A110 87
MOVE A111 87
MOVE A112 57
MOVE A113 42
MOVE A114 28
MOVE A115 19
MOVE A116 15
MOVE B70 214
END TURN 244
TURN 245
COMMAND LEFT START
MOVE A117 220
TRAIN 1
COMMAND LEFT END
COMMAND RIGHT START
UPGRADE 89
COMMAND RIGHT END
TURN 245 RESULT
TIME LEFT 0 5 RIGHT 0 5
UPGRADE B 89
TRAIN A120
MOVE A102 220
MOVE A103 215
MOVE A104 205
MOVE A105 198
MOVE A106 188
MOVE A107 177
MOVE A108 156
MOVE A109 142
MOVE A110 100
MOVE A111 100
MOVE A112 71
MOVE A113 57
MOVE A114 42
MOVE A115 28
MOVE A116 19
MOVE A117 5
MOVE B70 211
DAMAGE TURRET A102 3
DAMAGE COMBAT A102 3
DAMAGE COMBAT B71 1
END TURN 245
TURN 246
COMMAND LEFT START
MOVE A118 220
TRAIN 1
COMMAND LEFT END
COMMAND RIGHT START
MOVE B71 89
TRAIN 2
COMMAND RIGHT END
TURN 246 RESULT
TIME LEFT 0 5 RIGHT 0 5
TRAIN A121 B97 B98
MOVE A103 220
MOVE A104 215
MOVE A105 205
MOVE A106 198
MOVE A107 188
MOVE A108 177
MOVE A109 156
MOVE A110 118
MOVE A111 118
MOVE A112 87
MOVE A113 71
MOVE A114 57
MOVE A115 42
MOVE A116 28
MOVE A117 15
MOVE A118 5
MOVE B70 202
MOVE B71 214
DAMAGE TURRET A103 3
DAMAGE COMBAT A103 3
DAMAGE COMBAT B72 1
END TURN 246
TURN 247
COMMAND LEFT START
MOVE A119 220
TRAIN 1
COMMAND LEFT END
COMMAND RIGHT START
TRAIN 3
COMMAND RIGHT END
TURN 247 RESULT
TIME LEFT 0 5 RIGHT 0 5
TRAIN A122 B99 B100 B101
MOVE A104 220
MOVE A105 215
MOVE A106 205
MOVE A107 198
MOVE A108 188
MOVE A109 177
MOVE A110 142
MOVE A111 142
MOVE A112 100
MOVE A113 87
MOVE A114 71
MOVE A115 57
MOVE A116 42
MOVE A117 19
MOVE A118 15
MOVE A119 5
MOVE B70 196
MOVE B71 211
DAMAGE TURRET A104 3
DAMAGE COMBAT A104 3
DAMAGE COMBAT B72 1
END TURN 247
TURN 248
COMMAND LEFT START
MOVE A120 220
TRAIN 1
COMMAND LEFT END
COMMAND RIGHT START
TRAIN 3
COMMAND RIGHT END
TURN 248 RESULT
TIME LEFT 0 5 RIGHT 0 5
TRAIN A123 B102 B103 B104
MOVE A105 220
MOVE A106 215
MOVE A107 205
MOVE A108 198
MOVE A109 188
MOVE A110 156
MOVE A111 156
MOVE A112 118
MOVE A113 100
MOVE A114 87
MOVE A115 71
MOVE A116 57
MOVE A117 28
MOVE A118 19
MOVE A119 15
MOVE A120 5
MOVE B70 190
MOVE B71 202
DAMAGE TURRET A105 3
DAMAGE COMBAT A105 3
DAMAGE COMBAT B72 1
END TURN 248
TURN 249
COMMAND LEFT START
MOVE A121 220
TRAIN 1
COMMAND LEFT END
COMMAND RIGHT START
TRAIN 3
COMMAND RIGHT END
TURN 249 RESULT
TIME LEFT 0 5 RIGHT 0 5
TRAIN A124 B105 B106 B107
MOVE A106 220
MOVE A107 215
MOVE A108 205
MOVE A109 198
MOVE A110 177
MOVE A111 177
MOVE A112 142
MOVE A113 118
MOVE A114 100
MOVE A115 87
MOVE A116 71
MOVE A117 42
MOVE A118 28
MOVE A119 19
MOVE A120 15
MOVE A121 5
MOVE B70 174
MOVE B71 196
DAMAGE TURRET A106 3
DAMAGE COMBAT A106 3
DAMAGE COMBAT B72 1
END TURN 249
TURN 250
COMMAND LEFT START
MOVE A122 220
TRAIN 1
COMMAND LEFT END
COMMAND RIGHT START
MOVE B107 81
COMMAND RIGHT END
TURN 250 RESULT
TIME LEFT 0 5 RIGHT 0 5
TRAIN A125
MOVE A107 220
MOVE A108 215
MOVE A109 205
MOVE A110 188
MOVE A111 188
MOVE A112 156
MOVE A113 142
MOVE A114 118
MOVE A115 100
MOVE A116 87
MOVE A117 57
MOVE A118 42
MOVE A119 28
MOVE A120 19
MOVE A121 15
MOVE A122 5
MOVE B70 150
MOVE B71 190
MOVE B107 214
DAMAGE TURRET A107 3
DAMAGE COMBAT A107 3
DAMAGE COMBAT B72 1
END TURN 250
TURN 251
COMMAND LEFT START
MOVE A123 220
TRAIN 1
COMMAND LEFT END
COMMAND RIGHT START
TRAIN 2
COMMAND RIGHT END
TURN 251 RESULT
TIME LEFT 0 5 RIGHT 0 5
TRAIN A126 B108 B109
MOVE A108 220
MOVE A109 215
MOVE A110 198
MOVE A111 198
MOVE A112 177
MOVE A113 156
MOVE A114 142
MOVE A115 118
MOVE A116 100
MOVE A117 71
MOVE A118 57
MOVE A119 42
MOVE A120 28
MOVE A121 19
MOVE A122 15
MOVE A123 5
MOVE B70 134
MOVE B71 174
MOVE B107 211
DAMAGE TURRET A108 3
DAMAGE COMBAT A108 3
DAMAGE COMBAT B72 1
END TURN 251
TURN 252
COMMAND LEFT START
COMMAND LEFT END
COMMAND RIGHT START
TRAIN 3
COMMAND RIGHT END
TURN 252 RESULT
TIME LEFT 0 5 RIGHT 0 5
TRAIN B110 B111 B112
MOVE A109 220
MOVE A110 205
MOVE A111 205
MOVE A112 188
MOVE A113 177
MOVE A114 156
MOVE A115 142
MOVE A116 118
MOVE A117 87
MOVE A118 71
MOVE A119 57
MOVE A120 42
MOVE A121 28
MOVE A122 19
MOVE A123 15
MOVE B70 121
MOVE B71 150
MOVE B107 202
DAMAGE TURRET A109 3
DAMAGE COMBAT A109 3
DAMAGE COMBAT B73 1
END TURN 252
TURN 253
COMMAND LEFT START
MOVE A124 220
TRAIN 1
COMMAND LEFT END
COMMAND RIGHT START
TRAIN 3
COMMAND RIGHT END
TURN 253 RESULT
TIME LEFT 0 5 RIGHT 0 5
TRAIN A127 B113 B114 B115
MOVE A110 215
MOVE A111 215
MOVE A112 198
MOVE A113 188
MOVE A114 177
MOVE A115 156
MOVE A116 142
MOVE A117 100
MOVE A118 87
MOVE A119 71
MOVE A120 57
MOVE A121 42
MOVE A122 28
MOVE A123 19
MOVE A124 5
MOVE B70 106
MOVE B71 134
MOVE B107 196
END TURN 253
TURN 254
COMMAND LEFT START
MOVE A125 220
TRAIN 1
COMMAND LEFT END
COMMAND RIGHT START
TRAIN 3
COMMAND RIGHT END
TURN 254 RESULT
TIME LEFT 0 5 RIGHT 0 5
TRAIN A128 B116 B117 B118
MOVE A110 220
MOVE A111 220
MOVE A112 205
MOVE A113 198
MOVE A114 188
MOVE A115 177
MOVE A116 156
MOVE A117 118
MOVE A118 100
MOVE A119 87
MOVE A120 71
MOVE A121 57
MOVE A122 42
MOVE A123 28
MOVE A124 15
MOVE A125 5
MOVE B70 89
MOVE B71 121
MOVE B107 190
DAMAGE TURRET A110 3
DAMAGE COMBAT A110 3
DAMAGE COMBAT A111 6
DAMAGE COMBAT B73 2
END TURN 254
TURN 255
COMMAND LEFT START
MOVE A126 220
TRAIN 1
COMMAND LEFT END
COMMAND RIGHT START
TRAIN 3
COMMAND RIGHT END
TURN 255 RESULT
TIME LEFT 0 5 RIGHT 0 5
TRAIN A129 B119 B120 B121
MOVE A112 215
MOVE A113 205
MOVE A114 198
MOVE A115 188
MOVE A116 177
MOVE A117 142
MOVE A118 118
MOVE A119 100
MOVE A120 87
MOVE A121 71
MOVE A122 57
MOVE A123 42
MOVE A124 19
MOVE A125 15
MOVE A126 5
MOVE B71 106
MOVE B107 172
END TURN 255
TURN 256
COMMAND LEFT START
MOVE A127 220
TRAIN 1
COMMAND LEFT END
COMMAND RIGHT START
TRAIN 3
COMMAND RIGHT END
TURN 256 RESULT
TIME LEFT 0 5 RIGHT 0 5
TRAIN A130 B122 B123 B124
MOVE A112 220
MOVE A113 215
MOVE A114 205
MOVE A115 198
MOVE A116 188
MOVE A117 156
MOVE A118 142
MOVE A119 118
MOVE A120 100
MOVE A121 87
MOVE A122 71
MOVE A123 57
MOVE A124 28
MOVE A125 19
MOVE A126 15
MOVE A127 5
MOVE B71 89
MOVE B107 161
DAMAGE TURRET A112 3
DAMAGE COMBAT A112 3
DAMAGE COMBAT B73 1
END TURN 256
TURN 257
COMMAND LEFT START
MOVE A128 220
TRAIN 1
COMMAND LEFT END
COMMAND RIGHT START
TRAIN 3
COMMAND RIGHT END
TURN 257 RESULT
TIME LEFT 0 5 RIGHT 0 5
TRAIN A131 B125 B126 B127
MOVE A113 220
MOVE A114 215
MOVE A115 205
MOVE A116 198
MOVE A117 177
MOVE A118 156
MOVE A119 142
MOVE A120 118
MOVE A121 100
MOVE A122 87
MOVE A123 71
MOVE A124 42
MOVE A125 28
MOVE A126 19
MOVE A127 15
MOVE A128 5
MOVE B107 138
DAMAGE TURRET A113 3
DAMAGE COMBAT A113 3
DAMAGE COMBAT B73 1
END TURN 257
TURN 258
COMMAND LEFT START
MOVE A129 220
TRAIN 1
COMMAND LEFT END
COMMAND RIGHT START
TRAIN 3
COMMAND RIGHT END
TURN 258 RESULT
TIME LEFT 0 5 RIGHT 0 5
TRAIN A132 B128 B129 B130
MOVE A114 220
MOVE A115 215
MOVE A116 205
MOVE A117 188
MOVE A118 177
MOVE A119 156
MOVE A120 142
MOVE A121 118
MOVE A122 100
MOVE A123 87
MOVE A124 57
MOVE A125 42
MOVE A126 28
MOVE A127 19
MOVE A128 15
MOVE A129 5
MOVE B107 132
DAMAGE TURRET A114 3
DAMAGE COMBAT A114 3
DAMAGE COMBAT B73 1
END TURN 258
TURN 259
COMMAND LEFT START
MOVE A130 220
TRAIN 1
COMMAND LEFT END
COMMAND RIGHT START
TRAIN 3
COMMAND RIGHT END
TURN 259 RESULT
TIME LEFT 0 5 RIGHT 0 5
TRAIN A133 B131 B132 B133
MOVE A115 220
MOVE A116 215
MOVE A117 198
MOVE A118 188
MOVE A119 177
MOVE A120 156
MOVE A121 142
MOVE A122 118
MOVE A123 100
MOVE A124 71
MOVE A125 57
MOVE A126 42
MOVE A127 28
MOVE A128 19
MOVE A129 15
MOVE A130 5
MOVE B107 112
DAMAGE TURRET A115 3
DAMAGE COMBAT A115 3
DAMAGE COMBAT B75 1
END TURN 259
TURN 260
COMMAND LEFT START
COMMAND LEFT END
COMMAND RIGHT START
TRAIN 3
COMMAND RIGHT END
TURN 260 RESULT
TIME LEFT 0 5 RIGHT 0 5
TRAIN B134 B135 B136
MOVE A116 220
MOVE A117 205
MOVE A118 198
MOVE A119 188
MOVE A120 177
MOVE A121 156
MOVE A122 142
MOVE A123 118
MOVE A124 87
MOVE A125 71
MOVE A126 57
MOVE A127 42
MOVE A128 28
MOVE A129 19
MOVE A130 15
MOVE B107 91
DAMAGE TURRET A116 3
DAMAGE COMBAT A116 3
DAMAGE COMBAT B75 1
END TURN 260
TURN 261
COMMAND LEFT START
MOVE A131 220
TRAIN 1
COMMAND LEFT END
COMMAND RIGHT START
TRAIN 3
COMMAND RIGHT END
TURN 261 RESULT
TIME LEFT 0 5 RIGHT 0 5
TRAIN A134 B137 B138 B139
MOVE A117 215
MOVE A118 205
MOVE A119 198
MOVE A120 188
MOVE A121 177
MOVE A122 156
MOVE A123 142
MOVE A124 100
MOVE A125 87
MOVE A126 71
MOVE A127 57
MOVE A128 42
MOVE A129 28
MOVE A130 19
MOVE A131 5
MOVE B107 81
END TURN 261
TURN 262
COMMAND LEFT START
MOVE A132 220
TRAIN 1
COMMAND LEFT END
COMMAND RIGHT START
UPGRADE 81
TRAIN 2
COMMAND RIGHT END
TURN 262 RESULT
TIME LEFT 0 5 RIGHT 0 5
UPGRADE B 81
TRAIN A135 B140 B141
MOVE A117 220
MOVE A118 215
MOVE A119 205
MOVE A120 198
MOVE A121 188
MOVE A122 177
MOVE A123 156
MOVE A124 118
MOVE A125 100
MOVE A126 87
MOVE A127 71
MOVE A128 57
MOVE A129 42
MOVE A130 28
MOVE A131 15
MOVE A132 5
DAMAGE TURRET A117 3
DAMAGE COMBAT A117 3
DAMAGE COMBAT B75 1
END TURN 262
TURN 263
COMMAND LEFT START
MOVE A133 220
TRAIN 1
COMMAND LEFT END
COMMAND RIGHT START
UPGRADE 81
COMMAND RIGHT END
TURN 263 RESULT
TIME LEFT 0 5 RIGHT 0 5
UPGRADE B 81
TRAIN A136
MOVE A118 220
MOVE A119 215
MOVE A120 205
MOVE A121 198
MOVE A122 188
MOVE A123 177
MOVE A124 142
MOVE A125 118
MOVE A126 100
MOVE A127 87
MOVE A128 71
MOVE A129 57
MOVE A130 42
MOVE A131 19
MOVE A132 15
MOVE A133 5
DAMAGE TURRET A118 3
DAMAGE COMBAT A118 3
DAMAGE COMBAT B75 1
END TURN 263
TURN 264
COMMAND LEFT START
MOVE A134 220
TRAIN 1
COMMAND LEFT END
COMMAND RIGHT START
MOVE B75 81
UPGRADE 81
COMMAND RIGHT END
TURN 264 RESULT
TIME LEFT 0 5 RIGHT 0 5
UPGRADE B 81
TRAIN A137
MOVE A119 220
MOVE A120 215
MOVE A121 205
MOVE A122 198
MOVE A123 188
MOVE A124 156
MOVE A125 142
MOVE A126 118
MOVE A127 100
MOVE A128 87
MOVE A129 71
MOVE A130 57
MOVE A131 28
MOVE A132 19
MOVE A133 15
MOVE A134 5
MOVE B75 214
DAMAGE TURRET A119 3
DAMAGE COMBAT A119 3
DAMAGE COMBAT B76 1
END TURN 264
TURN 265
COMMAND LEFT START
MOVE A135 220
TRAIN 1
COMMAND LEFT END
COMMAND RIGHT START
MOVE B76 81
COMMAND RIGHT END
TURN 265 RESULT
TIME LEFT 0 5 RIGHT 0 5
TRAIN A138
MOVE A120 220
MOVE A121 215
MOVE A122 205
MOVE A123 198
MOVE A124 177
MOVE A125 156
MOVE A126 142
MOVE A127 118
MOVE A128 100
MOVE A129 87
MOVE A130 71
MOVE A131 42
MOVE A132 28
MOVE A133 19
MOVE A134 15
MOVE A135 5
MOVE B75 211
MOVE B76 214
DAMAGE TURRET A120 3
DAMAGE COMBAT A120 3
DAMAGE COMBAT B77 1
END TURN 265
TURN 266
COMMAND LEFT START
MOVE A136 220
TRAIN 1
COMMAND LEFT END
COMMAND RIGHT START
TRAIN 2
COMMAND RIGHT END
TURN 266 RESULT
TIME LEFT 0 5 RIGHT 0 5
TRAIN A139 B142 B143
MOVE A121 220
MOVE A122 215
MOVE A123 205
MOVE A124 188
MOVE A125 177
MOVE A126 156
MOVE A127 142
MOVE A128 118
MOVE A129 100
MOVE A130 87
MOVE A131 57
MOVE A132 42
MOVE A133 28
MOVE A134 19
MOVE A135 15
MOVE A136 5
MOVE B75 202
MOVE B76 211
DAMAGE TURRET A121 3
DAMAGE COMBAT A121 3
DAMAGE COMBAT B77 1
END TURN 266
TURN 267
COMMAND LEFT START
MOVE A137 220
TRAIN 1
COMMAND LEFT END
COMMAND RIGHT START
TRAIN 3
COMMAND RIGHT END
TURN 267 RESULT
TIME LEFT 0 5 RIGHT 0 5
TRAIN A140 B144 B145 B146
MOVE A122 220
MOVE A123 215
MOVE A124 198
MOVE A125 188
MOVE A126 177
MOVE A127 156
MOVE A128 142
MOVE A129 118
MOVE A130 100
MOVE A131 71
MOVE A132 57
MOVE A133 42
MOVE A134 28
MOVE A135 19
MOVE A136 15
MOVE A137 5
MOVE B75 196
MOVE B76 202
DAMAGE TURRET A122 3
DAMAGE COMBAT A122 3
DAMAGE COMBAT B77 1
END TURN 267
TURN 268
COMMAND LEFT START
COMMAND LEFT END
COMMAND RIGHT START
TRAIN 3
COMMAND RIGHT END
TURN 268 RESULT
TIME LEFT 0 5 RIGHT 0 5
TRAIN B147 B148 B149
MOVE A123 220
MOVE A124 205
MOVE A125 198
MOVE A126 188
MOVE A127 177
MOVE A128 156
MOVE A129 142
MOVE A130 118
MOVE A131 87
MOVE A132 71
MOVE A133 57
MOVE A134 42
MOVE A135 28
MOVE A136 19
MOVE A137 15
MOVE B75 190
MOVE B76 196
DAMAGE TURRET A123 3
DAMAGE COMBAT A123 3
DAMAGE COMBAT B77 1
END TURN 268
TURN 269
COMMAND LEFT START
MOVE A138 220
TRAIN 1
COMMAND LEFT END
COMMAND RIGHT START
TRAIN 3
COMMAND RIGHT END
TURN 269 RESULT
TIME LEFT 0 5 RIGHT 0 5
TRAIN A141 B150 B151 B152
MOVE A124 215
MOVE A125 205
MOVE A126 198
MOVE A127 188
MOVE A128 177
MOVE A129 156
MOVE A130 142
MOVE A131 100
MOVE A132 87
MOVE A133 71
MOVE A134 57
MOVE A135 42
MOVE A136 28
MOVE A137 19
MOVE A138 5
MOVE B75 172
MOVE B76 190
END TURN 269
TURN 270
COMMAND LEFT START
MOVE A139 220
TRAIN 1
COMMAND LEFT END
COMMAND RIGHT START
TRAIN 3
COMMAND RIGHT END
TURN 270 RESULT
TIME LEFT 0 5 RIGHT 0 5
TRAIN A142 B153 B154 B155
MOVE A124 220
MOVE A125 215
MOVE A126 205
MOVE A127 198
MOVE A128 188
MOVE A129 177
MOVE A130 156
MOVE A131 118
MOVE A132 100
MOVE A133 87
MOVE A134 71
MOVE A135 57
MOVE A136 42
MOVE A137 28
MOVE A138 15
MOVE A139 5
MOVE B75 161
MOVE B76 172
DAMAGE TURRET A124 3
DAMAGE COMBAT A124 3
DAMAGE COMBAT B77 1
END TURN 270
TURN 271
COMMAND LEFT START
MOVE A140 220
TRAIN 1
COMMAND LEFT END
COMMAND RIGHT START
TRAIN 2
COMMAND RIGHT END
TURN 271 RESULT
TIME LEFT 0 5 RIGHT 0 5
TRAIN A143 B156 B157
MOVE A125 220
MOVE A126 215
MOVE A127 205
MOVE A128 198
MOVE A129 188
MOVE A130 177
MOVE A131 142
MOVE A132 118
MOVE A133 100
MOVE A134 87
MOVE A135 71
MOVE A136 57
MOVE A137 42
MOVE A138 19
MOVE A139 15
MOVE A140 5
MOVE B75 138
MOVE B76 161
DAMAGE TURRET A125 3
DAMAGE COMBAT A125 3
DAMAGE COMBAT B77 1
END TURN 271
TURN 272
COMMAND LEFT START
MOVE A141 220
TRAIN 1
COMMAND LEFT END
COMMAND RIGHT START
TRAIN 3
COMMAND RIGHT END
TURN 272 RESULT
TIME LEFT 0 5 RIGHT 0 5
TRAIN A144 B158 B159 B160
MOVE A126 220
MOVE A127 215
MOVE A128 205
MOVE A129 198
MOVE A130 188
MOVE A131 156
MOVE A132 142
MOVE A133 118
MOVE A134 100
MOVE A135 87
MOVE A136 71
MOVE A137 57
MOVE A138 28
MOVE A139 19
MOVE A140 15
MOVE A141 5
MOVE B75 132
MOVE B76 138
DAMAGE TURRET A126 3
DAMAGE COMBAT A126 3
DAMAGE COMBAT B77 1
END TURN 272
TURN 273
COMMAND LEFT START
MOVE A142 220
TRAIN 1
COMMAND LEFT END
COMMAND RIGHT START
TRAIN 3
COMMAND RIGHT END
TURN 273 RESULT
TIME LEFT 0 5 RIGHT 0 5
TRAIN A145 B161 B162 B163
MOVE A127 220
MOVE A128 215
MOVE A129 205
MOVE A130 198
MOVE A131 177
MOVE A132 156
MOVE A133 142
MOVE A134 118
MOVE A135 100
MOVE A136 87
MOVE A137 71
MOVE A138 42
MOVE A139 28
MOVE A140 19
MOVE A141 15
MOVE A142 5
MOVE B75 112
MOVE B76 132
DAMAGE TURRET A127 3
DAMAGE COMBAT A127 3
DAMAGE COMBAT B78 1
END TURN 273
TURN 274
COMMAND LEFT START
MOVE A143 220
TRAIN 1
COMMAND LEFT END
COMMAND RIGHT START
TRAIN 2
COMMAND RIGHT END
TURN 274 RESULT
TIME LEFT 0 5 RIGHT 0 5
TRAIN A146 B164 B165
MOVE A128 220
MOVE A129 215
MOVE A130 205
MOVE A131 188
MOVE A132 177
MOVE A133 156
MOVE A134 142
MOVE A135 118
MOVE A136 100
MOVE A137 87
MOVE A138 57
MOVE A139 42
MOVE A140 28
MOVE A141 19
MOVE A142 15
MOVE A143 5
MOVE B75 91
MOVE B76 112
DAMAGE TURRET A128 3
DAMAGE COMBAT A128 3
DAMAGE COMBAT B78 1
END TURN 274
TURN 275
COMMAND LEFT START
MOVE A144 220
TRAIN 1
COMMAND LEFT END
COMMAND RIGHT START
TRAIN 3
COMMAND RIGHT END
TURN 275 RESULT
TIME LEFT 0 5 RIGHT 1 5
TRAIN A147 B166 B167 B168
MOVE A129 220
MOVE A130 215
MOVE A131 198
MOVE A132 188
MOVE A133 177
MOVE A134 156
MOVE A135 142
MOVE A136 118
MOVE A137 100
MOVE A138 71
MOVE A139 57
MOVE A140 42
MOVE A141 28
MOVE A142 19
MOVE A143 15
MOVE A144 5
MOVE B75 81
MOVE B76 91
DAMAGE TURRET A129 3
DAMAGE COMBAT A129 3
DAMAGE COMBAT B78 1
END TURN 275
TURN 276
COMMAND LEFT START
COMMAND LEFT END
COMMAND RIGHT START
TRAIN 2
COMMAND RIGHT END
TURN 276 RESULT
TIME LEFT 0 5 RIGHT 0 5
TRAIN B169 B170
MOVE A130 220
MOVE A131 205
MOVE A132 198
MOVE A133 188
MOVE A134 177
MOVE A135 156
MOVE A136 142
MOVE A137 118
MOVE A138 87
MOVE A139 71
MOVE A140 57
MOVE A141 42
MOVE A142 28
MOVE A143 19
MOVE A144 15
MOVE B76 81
DAMAGE TURRET A130 3
DAMAGE COMBAT A130 3
DAMAGE COMBAT B78 1
END TURN 276
TURN 277
COMMAND LEFT START
MOVE A145 220
TRAIN 1
COMMAND LEFT END
COMMAND RIGHT START
MOVE B170 101
COMMAND RIGHT END
TURN 277 RESULT
TIME LEFT 0 5 RIGHT 0 5
TRAIN A148
MOVE A131 215
MOVE A132 205
MOVE A133 198
MOVE A134 188
MOVE A135 177
MOVE A136 156
MOVE A137 142
MOVE A138 100
MOVE A139 87
MOVE A140 71
MOVE A141 57
MOVE A142 42
MOVE A143 28
MOVE A144 19
MOVE A145 5
MOVE B170 215
DAMAGE COMBAT A131 1
DAMAGE COMBAT B170 1
END TURN 277
TURN 278
COMMAND LEFT START
MOVE A146 220
TRAIN 1
COMMAND LEFT END
COMMAND RIGHT START
TRAIN 1
COMMAND RIGHT END
TURN 278 RESULT
TIME LEFT 0 5 RIGHT 0 5
TRAIN A149 B171
MOVE A132 215
MOVE A133 205
MOVE A134 198
MOVE A135 188
MOVE A136 177
MOVE A137 156
MOVE A138 118
MOVE A139 100
MOVE A140 87
MOVE A141 71
MOVE A142 57
MOVE A143 42
MOVE A144 28
MOVE A145 15
MOVE A146 5
DAMAGE COMBAT A131 1
DAMAGE COMBAT B170 2
END TURN 278
TURN 279
COMMAND LEFT START
MOVE A147 220
TRAIN 1
COMMAND LEFT END
COMMAND RIGHT START
TRAIN 3
COMMAND RIGHT END
TURN 279 RESULT
TIME LEFT 0 5 RIGHT 0 5
TRAIN A150 B172 B173 B174
MOVE A133 215
MOVE A134 205
MOVE A135 198
MOVE A136 188
MOVE A137 177
MOVE A138 142
MOVE A139 118
MOVE A140 100
MOVE A141 87
MOVE A142 71
MOVE A143 57
MOVE A144 42
MOVE A145 19
MOVE A146 15
MOVE A147 5
DAMAGE COMBAT A131 1
DAMAGE COMBAT B170 3
END TURN 279
TURN 280
COMMAND LEFT START
MOVE A148 220
TRAIN 1
COMMAND LEFT END
COMMAND RIGHT START
TRAIN 3
COMMAND RIGHT END
TURN 280 RESULT
TIME LEFT 0 5 RIGHT 0 5
TRAIN A151 B175 B176 B177
MOVE A134 215
MOVE A135 205
MOVE A136 198
MOVE A137 188
MOVE A138 156
MOVE A139 142
MOVE A140 118
MOVE A141 100
MOVE A142 87
MOVE A143 71
MOVE A144 57
MOVE A145 28
MOVE A146 19
MOVE A147 15
MOVE A148 5
DAMAGE COMBAT A131 1
DAMAGE COMBAT B170 2
END TURN 280
TURN 281
COMMAND LEFT START
COMMAND LEFT END
COMMAND RIGHT START
TRAIN 2
COMMAND RIGHT END
TURN 281 RESULT
TIME LEFT 0 5 RIGHT 0 5
TRAIN B178 B179
MOVE A131 220
MOVE A132 220
MOVE A133 220
MOVE A134 220
MOVE A135 215
MOVE A136 205
MOVE A137 198
MOVE A138 177
MOVE A139 156
MOVE A140 142
MOVE A141 118
MOVE A142 100
MOVE A143 87
MOVE A144 71
MOVE A145 42
MOVE A146 28
MOVE A147 19
MOVE A148 15
DAMAGE TURRET A131 2
DAMAGE TURRET A132 1
DAMAGE COMBAT A132 5
DAMAGE COMBAT A133 6
DAMAGE COMBAT A134 6
DAMAGE COMBAT B78 3
DAMAGE COMBAT B79 1
END TURN 281
TURN 282
COMMAND LEFT START
MOVE A149 220
MOVE A150 220
TRAIN 2
COMMAND LEFT END
COMMAND RIGHT START
TRAIN 3
COMMAND RIGHT END
TURN 282 RESULT
TIME LEFT 0 5 RIGHT 0 5
TRAIN A152 A153 B180 B181 B182
MOVE A135 220
MOVE A136 215
MOVE A137 205
MOVE A138 188
MOVE A139 177
MOVE A140 156
MOVE A141 142
MOVE A142 118
MOVE A143 100
MOVE A144 87
MOVE A145 57
MOVE A146 42
MOVE A147 28
MOVE A148 19
MOVE A149 5
MOVE A150 5
DAMAGE TURRET A135 3
DAMAGE COMBAT A135 3
DAMAGE COMBAT B79 1
END TURN 282
TURN 283
COMMAND LEFT START
COMMAND LEFT END
COMMAND RIGHT START
TRAIN 2
COMMAND RIGHT END
TURN 283 RESULT
TIME LEFT 0 5 RIGHT 0 5
TRAIN B183 B184
MOVE A136 220
MOVE A137 215
MOVE A138 198
MOVE A139 188
MOVE A140 177
MOVE A141 156
MOVE A142 142
MOVE A143 118
MOVE A144 100
MOVE A145 71
MOVE A146 57
MOVE A147 42
MOVE A148 28
MOVE A149 15
MOVE A150 15
DAMAGE TURRET A136 3
DAMAGE COMBAT A136 3
DAMAGE COMBAT B79 1
END TURN 283
TURN 284
COMMAND LEFT START
MOVE A151 220
TRAIN 1
COMMAND LEFT END
COMMAND RIGHT START
TRAIN 3
COMMAND RIGHT END
TURN 284 RESULT
TIME LEFT 0 5 RIGHT 0 5
TRAIN A154 B185 B186 B187
MOVE A137 220
MOVE A138 205
MOVE A139 198
MOVE A140 188
MOVE A141 177
MOVE A142 156
MOVE A143 142
MOVE A144 118
MOVE A145 87
MOVE A146 71
MOVE A147 57
MOVE A148 42
MOVE A149 19
MOVE A150 19
MOVE A151 5
DAMAGE TURRET A137 3
DAMAGE COMBAT A137 3
DAMAGE COMBAT B79 1
END TURN 284
TURN 285
COMMAND LEFT START
MOVE A152 220
TRAIN 1
COMMAND LEFT END
COMMAND RIGHT START
TRAIN 2
COMMAND RIGHT END
TURN 285 RESULT
TIME LEFT 0 5 RIGHT 0 5
TRAIN A155 B188 B189
MOVE A138 215
MOVE A139 205
MOVE A140 198
MOVE A141 188
MOVE A142 177
MOVE A143 156
MOVE A144 142
MOVE A145 100
MOVE A146 87
MOVE A147 71
MOVE A148 57
MOVE A149 28
MOVE A150 28
MOVE A151 15
MOVE A152 5
END TURN 285
TURN 286
COMMAND LEFT START
MOVE A153 220
TRAIN 1
COMMAND LEFT END
COMMAND RIGHT START
TRAIN 3
COMMAND RIGHT END
TURN 286 RESULT
TIME LEFT 0 5 RIGHT 0 5
TRAIN A156 B190 B191 B192
MOVE A138 220
MOVE A139 215
MOVE A140 205
MOVE A141 198
MOVE A142 188
MOVE A143 177
MOVE A144 156
MOVE A145 118
MOVE A146 100
MOVE A147 87
MOVE A148 71
MOVE A149 42
MOVE A150 42
MOVE A151 19
MOVE A152 15
MOVE A153 5
DAMAGE TURRET A138 3
DAMAGE COMBAT A138 3
DAMAGE COMBAT B79 1
END TURN 286
TURN 287
COMMAND LEFT START
MOVE A154 220
TRAIN 1
COMMAND LEFT END
COMMAND RIGHT START
TRAIN 2
COMMAND RIGHT END
TURN 287 RESULT
TIME LEFT 0 5 RIGHT 0 5
TRAIN A157 B193 B194
MOVE A139 220
MOVE A140 215
MOVE A141 205
MOVE A142 198
MOVE A143 188
MOVE A144 177
MOVE A145 142
MOVE A146 118
MOVE A147 100
MOVE A148 87
MOVE A149 57
MOVE A150 57
MOVE A151 28
MOVE A152 19
MOVE A153 15
MOVE A154 5
DAMAGE TURRET A139 3
DAMAGE COMBAT A139 3
DAMAGE COMBAT B79 1
END TURN 287
TURN 288
COMMAND LEFT START
MOVE A155 220
TRAIN 1
COMMAND LEFT END
COMMAND RIGHT START
TRAIN 2
COMMAND RIGHT END
TURN 288 RESULT
TIME LEFT 0 5 RIGHT 0 5
TRAIN A158 B195 B196
MOVE A140 220
MOVE A141 215
MOVE A142 205
MOVE A143 198
MOVE A144 188
MOVE A145 156
MOVE A146 142
MOVE A147 118
MOVE A148 100
MOVE A149 71
MOVE A150 71
MOVE A151 42
MOVE A152 28
MOVE A153 19
MOVE A154 15
MOVE A155 5
DAMAGE TURRET A140 3
DAMAGE COMBAT A140 3
DAMAGE COMBAT B79 1
END TURN 288
TURN 289
COMMAND LEFT START
MOVE A156 220
TRAIN 1
COMMAND LEFT END
COMMAND RIGHT START
TRAIN 3
COMMAND RIGHT END
TURN 289 RESULT
TIME LEFT 0 5 RIGHT 0 5
TRAIN A159 B197 B198 B199
MOVE A141 220
MOVE A142 215
MOVE A143 205
MOVE A144 198
MOVE A145 177
MOVE A146 156
MOVE A147 142
MOVE A148 118
MOVE A149 87
MOVE A150 87
MOVE A151 57
MOVE A152 42
MOVE A153 28
MOVE A154 19
MOVE A155 15
MOVE A156 5
DAMAGE TURRET A141 3
DAMAGE COMBAT A141 3
DAMAGE COMBAT B80 1
END TURN 289
TURN 290
COMMAND LEFT START
MOVE A157 220
TRAIN 1
COMMAND LEFT END
COMMAND RIGHT START
TRAIN 2
COMMAND RIGHT END
TURN 290 RESULT
TIME LEFT 0 5 RIGHT 0 5
TRAIN A160 B200 B201
MOVE A142 220
MOVE A143 215
MOVE A144 205
MOVE A145 188
MOVE A146 177
MOVE A147 156
MOVE A148 142
MOVE A149 100
MOVE A150 100
MOVE A151 71
MOVE A152 57
MOVE A153 42
MOVE A154 28
MOVE A155 19
MOVE A156 15
MOVE A157 5
DAMAGE TURRET A142 3
DAMAGE COMBAT A142 3
DAMAGE COMBAT B80 1
END TURN 290
TURN 291
COMMAND LEFT START
COMMAND LEFT END
COMMAND RIGHT START
TRAIN 2
COMMAND RIGHT END
TURN 291 RESULT
TIME LEFT 0 5 RIGHT 0 5
TRAIN B202 B203
MOVE A143 220
MOVE A144 215
MOVE A145 198
MOVE A146 188
MOVE A147 177
MOVE A148 156
MOVE A149 118
MOVE A150 118
MOVE A151 87
MOVE A152 71
MOVE A153 57
MOVE A154 42
MOVE A155 28
MOVE A156 19
MOVE A157 15
DAMAGE TURRET A143 3
DAMAGE COMBAT A143 3
DAMAGE COMBAT B80 1
END TURN 291
TURN 292
COMMAND LEFT START
MOVE A158 220
TRAIN 1
COMMAND LEFT END
COMMAND RIGHT START
TRAIN 2
COMMAND RIGHT END
TURN 292 RESULT
TIME LEFT 0 5 RIGHT 0 5
TRAIN A161 B204 B205
MOVE A144 220
MOVE A145 205
MOVE A146 198
MOVE A147 188
MOVE A148 177
MOVE A149 142
MOVE A150 142
MOVE A151 100
MOVE A152 87
MOVE A153 71
MOVE A154 57
MOVE A155 42
MOVE A156 28
MOVE A157 19
MOVE A158 5
DAMAGE TURRET A144 3
DAMAGE COMBAT A144 3
DAMAGE COMBAT B80 1
END TURN 292
TURN 293
COMMAND LEFT START
MOVE A159 220
TRAIN 1
COMMAND LEFT END
COMMAND RIGHT START
MOVE B205 101
TRAIN 2
COMMAND RIGHT END
TURN 293 RESULT
TIME LEFT 0 5 RIGHT 0 5
TRAIN A162 B206 B207
MOVE A145 215
MOVE A146 205
MOVE A147 198
MOVE A148 188
MOVE A149 156
MOVE A150 156
MOVE A151 118
MOVE A152 100
MOVE A153 87
MOVE A154 71
MOVE A155 57
MOVE A156 42
MOVE A157 28
MOVE A158 15
MOVE A159 5
MOVE B205 215
DAMAGE COMBAT A145 1
DAMAGE COMBAT B205 1
END TURN 293
TURN 294
COMMAND LEFT START
MOVE A160 220
TRAIN 1
COMMAND LEFT END
COMMAND RIGHT START
TRAIN 2
COMMAND RIGHT END
TURN 294 RESULT
TIME LEFT 0 5 RIGHT 0 5
TRAIN A163 B208 B209
MOVE A146 215
MOVE A147 205
MOVE A148 198
MOVE A149 177
MOVE A150 177
MOVE A151 142
MOVE A152 118
MOVE A153 100
MOVE A154 87
MOVE A155 71
MOVE A156 57
MOVE A157 42
MOVE A158 19
MOVE A159 15
MOVE A160 5
DAMAGE COMBAT A145 1
DAMAGE COMBAT B205 2
END TURN 294
TURN 295
COMMAND LEFT START
MOVE A161 220
TRAIN 1
COMMAND LEFT END
COMMAND RIGHT START
TRAIN 3
COMMAND RIGHT END
TURN 295 RESULT
TIME LEFT 0 5 RIGHT 1 5
TRAIN A164 B210 B211 B212
MOVE A147 215
MOVE A148 205
MOVE A149 188
MOVE A150 188
MOVE A151 156
MOVE A152 142
MOVE A153 118
MOVE A154 100
MOVE A155 87
MOVE A156 71
MOVE A157 57
MOVE A158 28
MOVE A159 19
MOVE A160 15
MOVE A161 5
DAMAGE COMBAT A145 1
DAMAGE COMBAT B205 3
END TURN 295
TURN 296
COMMAND LEFT START
MOVE A162 220
TRAIN 1
COMMAND LEFT END
COMMAND RIGHT START
TRAIN 2
COMMAND RIGHT END
TURN 296 RESULT
TIME LEFT 0 5 RIGHT 0 5
TRAIN A165 B213 B214
MOVE A148 215
MOVE A149 198
MOVE A150 198
MOVE A151 177
MOVE A152 156
MOVE A153 142
MOVE A154 118
MOVE A155 100
MOVE A156 87
MOVE A157 71
MOVE A158 42
MOVE A159 28
MOVE A160 19
MOVE A161 15
MOVE A162 5
DAMAGE COMBAT A145 1
DAMAGE COMBAT B205 2
END TURN 296
TURN 297
COMMAND LEFT START
COMMAND LEFT END
COMMAND RIGHT START
TRAIN 2
COMMAND RIGHT END
TURN 297 RESULT
TIME LEFT 0 5 RIGHT 0 5
TRAIN B215 B216
MOVE A145 220
MOVE A146 220
MOVE A147 220
MOVE A148 220
MOVE A149 205
MOVE A150 205
MOVE A151 188
MOVE A152 177
MOVE A153 156
MOVE A154 142
MOVE A155 118
MOVE A156 100
MOVE A157 87
MOVE A158 57
MOVE A159 42
MOVE A160 28
MOVE A161 19
MOVE A162 15
DAMAGE TURRET A145 2
DAMAGE TURRET A146 1
DAMAGE COMBAT A146 5
DAMAGE COMBAT A147 6
DAMAGE COMBAT A148 6
DAMAGE COMBAT B80 3
DAMAGE COMBAT B81 1
END TURN 297
TURN 298
COMMAND LEFT START
MOVE A163 220
TRAIN 1
COMMAND LEFT END
COMMAND RIGHT START
TRAIN 2
COMMAND RIGHT END
TURN 298 RESULT
TIME LEFT 0 5 RIGHT 0 5
TRAIN A166 B217 B218
MOVE A149 215
MOVE A150 215
MOVE A151 198
MOVE A152 188
MOVE A153 177
MOVE A154 156
MOVE A155 142
MOVE A156 118
MOVE A157 100
MOVE A158 71
MOVE A159 57
MOVE A160 42
MOVE A161 28
MOVE A162 19
MOVE A163 5
END TURN 298
TURN 299
COMMAND LEFT START
MOVE A164 220
TRAIN 1
COMMAND LEFT END
COMMAND RIGHT START
TRAIN 2
COMMAND RIGHT END
TURN 299 RESULT
TIME LEFT 4 5 RIGHT 4 5
TRAIN A167 B219 B220
MOVE A149 220
MOVE A150 220
MOVE A151 205
MOVE A152 198
MOVE A153 188
MOVE A154 177
MOVE A155 156
MOVE A156 142
MOVE A157 118
MOVE A158 87
MOVE A159 71
MOVE A160 57
MOVE A161 42
MOVE A162 28
MOVE A163 15
MOVE A164 5
DAMAGE TURRET A149 3
DAMAGE COMBAT A149 3
DAMAGE COMBAT A150 6
DAMAGE COMBAT B81 2
END TURN 299
TURN 300
COMMAND LEFT START
MOVE A165 220
TRAIN 1
COMMAND LEFT END
COMMAND RIGHT START
TRAIN 2
COMMAND RIGHT END
TURN 300 RESULT
TIME LEFT 0 5 RIGHT 0 5
TRAIN A168 B221 B222
MOVE A151 215
MOVE A152 205
MOVE A153 198
MOVE A154 188
MOVE A155 177
MOVE A156 156
MOVE A157 142
MOVE A158 100
MOVE A159 87
MOVE A160 71
MOVE A161 57
MOVE A162 42
MOVE A163 19
MOVE A164 15
MOVE A165 5
END TURN 300
TURN 301
COMMAND LEFT START
MOVE A166 220
TRAIN 1
COMMAND LEFT END
COMMAND RIGHT START
TRAIN 1
COMMAND RIGHT END
TURN 301 RESULT
TIME LEFT 0 5 RIGHT 0 5
TRAIN A169 B223
MOVE A151 220
MOVE A152 215
MOVE A153 205
MOVE A154 198
MOVE A155 188
MOVE A156 177
MOVE A157 156
MOVE A158 118
MOVE A159 100
MOVE A160 87
MOVE A161 71
MOVE A162 57
MOVE A163 28
MOVE A164 19
MOVE A165 15
MOVE A166 5
DAMAGE TURRET A151 3
DAMAGE COMBAT A151 3
DAMAGE COMBAT B81 1
END TURN 301
TURN 302
COMMAND LEFT START
MOVE A167 220
TRAIN 1
COMMAND LEFT END
COMMAND RIGHT START
TRAIN 2
COMMAND RIGHT END
TURN 302 RESULT
TIME LEFT 0 5 RIGHT 0 5
TRAIN A170 B224 B225
MOVE A152 220
MOVE A153 215
MOVE A154 205
MOVE A155 198
MOVE A156 188
MOVE A157 177
MOVE A158 142
MOVE A159 118
MOVE A160 100
MOVE A161 87
MOVE A162 71
MOVE A163 42
MOVE A164 28
MOVE A165 19
MOVE A166 15
MOVE A167 5
DAMAGE TURRET A152 3
DAMAGE COMBAT A152 3
DAMAGE COMBAT B81 1
END TURN 302
TURN 303
COMMAND LEFT START
MOVE A168 220
TRAIN 1
COMMAND LEFT END
COMMAND RIGHT START
TRAIN 2
COMMAND RIGHT END
TURN 303 RESULT
TIME LEFT 0 5 RIGHT 0 5
TRAIN A171 B226 B227
MOVE A153 220
MOVE A154 215
MOVE A155 205
MOVE A156 198
MOVE A157 188
MOVE A158 156
MOVE A159 142
MOVE A160 118
MOVE A161 100
MOVE A162 87
MOVE A163 57
MOVE A164 42
MOVE A165 28
MOVE A166 19
MOVE A167 15
MOVE A168 5
DAMAGE TURRET A153 3
DAMAGE COMBAT A153 3
DAMAGE COMBAT B81 1
END TURN 303
TURN 304
COMMAND LEFT START
MOVE A169 220
TRAIN 1
COMMAND LEFT END
COMMAND RIGHT START
TRAIN 2
COMMAND RIGHT END
TURN 304 RESULT
TIME LEFT 0 5 RIGHT 0 5
TRAIN A172 B228 B229
MOVE A154 220
MOVE A155 215
MOVE A156 205
MOVE A157 198
MOVE A158 177
MOVE A159 156
MOVE A160 142
MOVE A161 118
MOVE A162 100
MOVE A163 71
MOVE A164 57
MOVE A165 42
MOVE A166 28
MOVE A167 19
MOVE A168 15
MOVE A169 5
DAMAGE TURRET A154 3
DAMAGE COMBAT A154 3
DAMAGE COMBAT B81 1
END TURN 304
TURN 305
COMMAND LEFT START
MOVE A170 220
TRAIN 1
COMMAND LEFT END
COMMAND RIGHT START
TRAIN 2
COMMAND RIGHT END
TURN 305 RESULT
TIME LEFT 0 5 RIGHT 0 5
TRAIN A173 B230 B231
MOVE A155 220
MOVE A156 215
MOVE A157 205
MOVE A158 188
MOVE A159 177
MOVE A160 156
MOVE A161 142
MOVE A162 118
MOVE A163 87
MOVE A164 71
MOVE A165 57
MOVE A166 42
MOVE A167 28
MOVE A168 19
MOVE A169 15
MOVE A170 5
DAMAGE TURRET A155 3
DAMAGE COMBAT A155 3
DAMAGE COMBAT B82 1
END TURN 305
TURN 306
COMMAND LEFT START
COMMAND LEFT END
COMMAND RIGHT START
TRAIN 2
COMMAND RIGHT END
TURN 306 RESULT
TIME LEFT 0 5 RIGHT 0 5
TRAIN B232 B233
MOVE A156 220
MOVE A157 215
MOVE A158 198
MOVE A159 188
MOVE A160 177
MOVE A161 156
MOVE A162 142
MOVE A163 100
MOVE A164 87
MOVE A165 71
MOVE A166 57
MOVE A167 42
MOVE A168 28
MOVE A169 19
MOVE A170 15
DAMAGE TURRET A156 3
DAMAGE COMBAT A156 3
DAMAGE COMBAT B82 1
END TURN 306
TURN 307
COMMAND LEFT START
MOVE A171 220
TRAIN 1
COMMAND LEFT END
COMMAND RIGHT START
TRAIN 1
COMMAND RIGHT END
TURN 307 RESULT
TIME LEFT 0 5 RIGHT 0 5
TRAIN A174 B234
MOVE A157 220
MOVE A158 205
MOVE A159 198
MOVE A160 188
MOVE A161 177
MOVE A162 156
MOVE A163 118
MOVE A164 100
MOVE A165 87
MOVE A166 71
MOVE A167 57
MOVE A168 42
MOVE A169 28
MOVE A170 19
MOVE A171 5
DAMAGE TURRET A157 3
DAMAGE COMBAT A157 3
DAMAGE COMBAT B82 1
END TURN 307
TURN 308
COMMAND LEFT START
MOVE A172 220
TRAIN 1
COMMAND LEFT END
COMMAND RIGHT START
MOVE B234 101
TRAIN 2
COMMAND RIGHT END
TURN 308 RESULT
TIME LEFT 0 5 RIGHT 0 5
TRAIN A175 B235 B236
MOVE A158 215
MOVE A159 205
MOVE A160 198
MOVE A161 188
MOVE A162 177
MOVE A163 142
MOVE A164 118
MOVE A165 100
MOVE A166 87
MOVE A167 71
MOVE A168 57
MOVE A169 42
MOVE A170 28
MOVE A171 15
MOVE A172 5
MOVE B234 215
DAMAGE COMBAT A158 1
DAMAGE COMBAT B234 1
END TURN 308
TURN 309
COMMAND LEFT START
MOVE A173 220
TRAIN 1
COMMAND LEFT END
COMMAND RIGHT START
TRAIN 2
COMMAND RIGHT END
TURN 309 RESULT
TIME LEFT 0 5 RIGHT 0 5
TRAIN A176 B237 B238
MOVE A159 215
MOVE A160 205
MOVE A161 198
MOVE A162 188
MOVE A163 156
MOVE A164 142
MOVE A165 118
MOVE A166 100
MOVE A167 87
MOVE A168 71
MOVE A169 57
MOVE A170 42
MOVE A171 19
MOVE A172 15
MOVE A173 5
DAMAGE COMBAT A158 1
DAMAGE COMBAT B234 2
END TURN 309
TURN 310
COMMAND LEFT START
MOVE A174 220
TRAIN 1
COMMAND LEFT END
COMMAND RIGHT START
TRAIN 1
COMMAND RIGHT END
TURN 310 RESULT
TIME LEFT 0 5 RIGHT 0 5
TRAIN A177 B239
MOVE A160 215
MOVE A161 205
MOVE A162 198
MOVE A163 177
MOVE A164 156
MOVE A165 142
MOVE A166 118
MOVE A167 100
MOVE A168 87
MOVE A169 71
MOVE A170 57
MOVE A171 28
MOVE A172 19
MOVE A173 15
MOVE A174 5
DAMAGE COMBAT A158 1
DAMAGE COMBAT B234 3
END TURN 310
TURN 311
COMMAND LEFT START
MOVE A175 220
TRAIN 1
COMMAND LEFT END
COMMAND RIGHT START
TRAIN 2
COMMAND RIGHT END
TURN 311 RESULT
TIME LEFT 0 5 RIGHT 0 5
TRAIN A178 B240 B241
MOVE A161 215
MOVE A162 205
MOVE A163 188
MOVE A164 177
MOVE A165 156
MOVE A166 142
MOVE A167 118
MOVE A168 100
MOVE A169 87
MOVE A170 71
MOVE A171 42
MOVE A172 28
MOVE A173 19
MOVE A174 15
MOVE A175 5
DAMAGE COMBAT A158 1
DAMAGE COMBAT B234 2
END TURN 311
TURN 312
COMMAND LEFT START
COMMAND LEFT END
COMMAND RIGHT START
TRAIN 1
COMMAND RIGHT END
TURN 312 RESULT
TIME LEFT 0 5 RIGHT 0 5
TRAIN B242
MOVE A158 220
MOVE A159 220
MOVE A160 220
MOVE A161 220
MOVE A162 215
MOVE A163 198
MOVE A164 188
MOVE A165 177
MOVE A166 156
MOVE A167 142
MOVE A168 118
MOVE A169 100
MOVE A170 87
MOVE A171 57
MOVE A172 42
MOVE A173 28
MOVE A174 19
MOVE A175 15
DAMAGE TURRET A158 2
DAMAGE TURRET A159 1
DAMAGE COMBAT A159 5
DAMAGE COMBAT A160 6
DAMAGE COMBAT A161 6
DAMAGE COMBAT B82 4
END TURN 312
TURN 313
COMMAND LEFT START
MOVE A176 220
MOVE A177 220
TRAIN 2
COMMAND LEFT END
COMMAND RIGHT START
TRAIN 2
COMMAND RIGHT END
TURN 313 RESULT
TIME LEFT 0 5 RIGHT 0 5
TRAIN A179 A180 B243 B244
MOVE A162 220
MOVE A163 205
MOVE A164 198
MOVE A165 188
MOVE A166 177
MOVE A167 156
MOVE A168 142
MOVE A169 118
MOVE A170 100
MOVE A171 71
MOVE A172 57
MOVE A173 42
MOVE A174 28
MOVE A175 19
MOVE A176 5
MOVE A177 5
DAMAGE TURRET A162 3
DAMAGE COMBAT A162 3
DAMAGE COMBAT B83 1
END TURN 313
TURN 314
COMMAND LEFT START
COMMAND LEFT END
COMMAND RIGHT START
TRAIN 2
COMMAND RIGHT END
TURN 314 RESULT
TIME LEFT 0 5 RIGHT 0 5
TRAIN B245 B246
MOVE A163 215
MOVE A164 205
MOVE A165 198
MOVE A166 188
MOVE A167 177
MOVE A168 156
MOVE A169 142
MOVE A170 118
MOVE A171 87
MOVE A172 71
MOVE A173 57
MOVE A174 42
MOVE A175 28
MOVE A176 15
MOVE A177 15
END TURN 314
TURN 315
COMMAND LEFT START
MOVE A178 220
TRAIN 1
COMMAND LEFT END
COMMAND RIGHT START
TRAIN 1
COMMAND RIGHT END
TURN 315 RESULT
TIME LEFT 0 5 RIGHT 0 5
TRAIN A181 B247
MOVE A163 220
MOVE A164 215
MOVE A165 205
MOVE A166 198
MOVE A167 188
MOVE A168 177
MOVE A169 156
MOVE A170 142
MOVE A171 100
MOVE A172 87
MOVE A173 71
MOVE A174 57
MOVE A175 42
MOVE A176 19
MOVE A177 19
MOVE A178 5
DAMAGE TURRET A163 3
DAMAGE COMBAT A163 3
DAMAGE COMBAT B83 1
END TURN 315
TURN 316
COMMAND LEFT START
MOVE A179 220
TRAIN 1
COMMAND LEFT END
COMMAND RIGHT START
TRAIN 2
COMMAND RIGHT END
TURN 316 RESULT
TIME LEFT 0 5 RIGHT 0 5
TRAIN A182 B248 B249
MOVE A164 220
MOVE A165 215
MOVE A166 205
MOVE A167 198
MOVE A168 188
MOVE A169 177
MOVE A170 156
MOVE A171 118
MOVE A172 100
MOVE A173 87
MOVE A174 71
MOVE A175 57
MOVE A176 28
MOVE A177 28
MOVE A178 15
MOVE A179 5
DAMAGE TURRET A164 3
DAMAGE COMBAT A164 3
DAMAGE COMBAT B83 1
END TURN 316
TURN 317
COMMAND LEFT START
MOVE A180 220
TRAIN 1
COMMAND LEFT END
COMMAND RIGHT START
TRAIN 1
COMMAND RIGHT END
TURN 317 RESULT
TIME LEFT 0 5 RIGHT 0 5
TRAIN A183 B250
MOVE A165 220
MOVE A166 215
MOVE A167 205
MOVE A168 198
MOVE A169 188
MOVE A170 177
MOVE A171 142
MOVE A172 118
MOVE A173 100
MOVE A174 87
MOVE A175 71
MOVE A176 42
MOVE A177 42
MOVE A178 19
MOVE A179 15
MOVE A180 5
DAMAGE TURRET A165 3
DAMAGE COMBAT A165 3
DAMAGE COMBAT B83 1
END TURN 317
TURN 318
COMMAND LEFT START
MOVE A181 220
TRAIN 1
COMMAND LEFT END
COMMAND RIGHT START
TRAIN 2
COMMAND RIGHT END
TURN 318 RESULT
TIME LEFT 0 5 RIGHT 0 5
TRAIN A184 B251 B252
MOVE A166 220
MOVE A167 215
MOVE A168 205
MOVE A169 198
MOVE A170 188
MOVE A171 156
MOVE A172 142
MOVE A173 118
MOVE A174 100
MOVE A175 87
MOVE A176 57
MOVE A177 57
MOVE A178 28
MOVE A179 19
MOVE A180 15
MOVE A181 5
DAMAGE TURRET A166 3
DAMAGE COMBAT A166 3
DAMAGE COMBAT B83 1
END TURN 318
TURN 319
COMMAND LEFT START
MOVE A182 220
TRAIN 1
COMMAND LEFT END
COMMAND RIGHT START
TRAIN 1
COMMAND RIGHT END
TURN 319 RESULT
TIME LEFT 0 5 RIGHT 0 5
TRAIN A185 B253
MOVE A167 220
MOVE A168 215
MOVE A169 205
MOVE A170 198
MOVE A171 177
MOVE A172 156
MOVE A173 142
MOVE A174 118
MOVE A175 100
MOVE A176 71
MOVE A177 71
MOVE A178 42
MOVE A179 28
MOVE A180 19
MOVE A181 15
MOVE A182 5
DAMAGE TURRET A167 3
DAMAGE COMBAT A167 3
DAMAGE COMBAT B83 1
END TURN 319
TURN 320
COMMAND LEFT START
MOVE A183 220
TRAIN 1
COMMAND LEFT END
COMMAND RIGHT START
TRAIN 2
COMMAND RIGHT END
TURN 320 RESULT
TIME LEFT 0 5 RIGHT 0 5
TRAIN A186 B254 B255
MOVE A168 220
MOVE A169 215
MOVE A170 205
MOVE A171 188
MOVE A172 177
MOVE A173 156
MOVE A174 142
MOVE A175 118
MOVE A176 87
MOVE A177 87
MOVE A178 57
MOVE A179 42
MOVE A180 28
MOVE A181 19
MOVE A182 15
MOVE A183 5
DAMAGE TURRET A168 3
DAMAGE COMBAT A168 3
DAMAGE COMBAT B83 1
END TURN 320
TURN 321
COMMAND LEFT START
COMMAND LEFT END
COMMAND RIGHT START
TRAIN 1
COMMAND RIGHT END
TURN 321 RESULT
TIME LEFT 0 5 RIGHT 0 5
TRAIN B256
MOVE A169 220
MOVE A170 215
MOVE A171 198
MOVE A172 188
MOVE A173 177
MOVE A174 156
MOVE A175 142
MOVE A176 100
MOVE A177 100
MOVE A178 71
MOVE A179 57
MOVE A180 42
MOVE A181 28
MOVE A182 19
MOVE A183 15
DAMAGE TURRET A169 3
DAMAGE COMBAT A169 3
DAMAGE COMBAT B84 1
END TURN 321
TURN 322
COMMAND LEFT START
MOVE A184 220
TRAIN 1
COMMAND LEFT END
COMMAND RIGHT START
TRAIN 1
COMMAND RIGHT END
TURN 322 RESULT
TIME LEFT 0 5 RIGHT 0 5
TRAIN A187 B257
MOVE A170 220
MOVE A171 205
MOVE A172 198
MOVE A173 188
MOVE A174 177
MOVE A175 156
MOVE A176 118
MOVE A177 118
MOVE A178 87
MOVE A179 71
MOVE A180 57
MOVE A181 42
MOVE A182 28
MOVE A183 19
MOVE A184 5
DAMAGE TURRET A170 3
DAMAGE COMBAT A170 3
DAMAGE COMBAT B84 1
END TURN 322
TURN 323
COMMAND LEFT START
MOVE A185 220
TRAIN 1
COMMAND LEFT END
COMMAND RIGHT START
MOVE B257 101
TRAIN 2
COMMAND RIGHT END
TURN 323 RESULT
TIME LEFT 0 5 RIGHT 0 5
TRAIN A188 B258 B259
MOVE A171 215
MOVE A172 205
MOVE A173 198
MOVE A174 188
MOVE A175 177
MOVE A176 142
MOVE A177 142
MOVE A178 100
MOVE A179 87
MOVE A180 71
MOVE A181 57
MOVE A182 42
MOVE A183 28
MOVE A184 15
MOVE A185 5
MOVE B257 215
DAMAGE COMBAT A171 1
DAMAGE COMBAT B257 1
END TURN 323
TURN 324
COMMAND LEFT START
MOVE A186 220
TRAIN 1
COMMAND LEFT END
COMMAND RIGHT START
TRAIN 1
COMMAND RIGHT END
TURN 324 RESULT
TIME LEFT 0 5 RIGHT 0 5
TRAIN A189 B260
MOVE A172 215
MOVE A173 205
MOVE A174 198
MOVE A175 188
MOVE A176 156
MOVE A177 156
MOVE A178 118
MOVE A179 100
MOVE A180 87
MOVE A181 71
MOVE A182 57
MOVE A183 42
MOVE A184 19
MOVE A185 15
MOVE A186 5
DAMAGE COMBAT A171 1
DAMAGE COMBAT B257 2
END TURN 324
TURN 325
COMMAND LEFT START
MOVE A187 220
TRAIN 1
COMMAND LEFT END
COMMAND RIGHT START
TRAIN 1
COMMAND RIGHT END
TURN 325 RESULT
TIME LEFT 0 5 RIGHT 0 5
TRAIN A190 B261
MOVE A173 215
MOVE A174 205
MOVE A175 198
MOVE A176 177
MOVE A177 177
MOVE A178 142
MOVE A179 118
MOVE A180 100
MOVE A181 87
MOVE A182 71
MOVE A183 57
MOVE A184 28
MOVE A185 19
MOVE A186 15
MOVE A187 5
DAMAGE COMBAT A171 1
DAMAGE COMBAT B257 3
END TURN 325
TURN 326
COMMAND LEFT START
MOVE A188 220
TRAIN 1
COMMAND LEFT END
COMMAND RIGHT START
TRAIN 2
COMMAND RIGHT END
TURN 326 RESULT
TIME LEFT 0 5 RIGHT 0 5
TRAIN A191 B262 B263
MOVE A174 215
MOVE A175 205
MOVE A176 188
MOVE A177 188
MOVE A178 156
MOVE A179 142
MOVE A180 118
MOVE A181 100
MOVE A182 87
MOVE A183 71
MOVE A184 42
MOVE A185 28
MOVE A186 19
MOVE A187 15
MOVE A188 5
DAMAGE COMBAT A171 1
DAMAGE COMBAT B257 2
END TURN 326
TURN 327
COMMAND LEFT START
COMMAND LEFT END
COMMAND RIGHT START
TRAIN 1
COMMAND RIGHT END
TURN 327 RESULT
TIME LEFT 0 5 RIGHT 0 5
TRAIN B264
MOVE A171 220
MOVE A172 220
MOVE A173 220
MOVE A174 220
MOVE A175 215
MOVE A176 198
MOVE A177 198
MOVE A178 177
MOVE A179 156
MOVE A180 142
MOVE A181 118
MOVE A182 100
MOVE A183 87
MOVE A184 57
MOVE A185 42
MOVE A186 28
MOVE A187 19
MOVE A188 15
DAMAGE TURRET A171 2
DAMAGE TURRET A172 1
DAMAGE COMBAT A172 5
DAMAGE COMBAT A173 6
DAMAGE COMBAT A174 6
DAMAGE COMBAT B84 4
END TURN 327
TURN 328
COMMAND LEFT START
MOVE A189 220
TRAIN 1
COMMAND LEFT END
COMMAND RIGHT START
TRAIN 1
COMMAND RIGHT END
TURN 328 RESULT
TIME LEFT 0 5 RIGHT 0 5
TRAIN A192 B265
MOVE A175 220
MOVE A176 205
MOVE A177 205
MOVE A178 188
MOVE A179 177
MOVE A180 156
MOVE A181 142
MOVE A182 118
MOVE A183 100
MOVE A184 71
MOVE A185 57
MOVE A186 42
MOVE A187 28
MOVE A188 19
MOVE A189 5
DAMAGE TURRET A175 3
DAMAGE COMBAT A175 3
DAMAGE COMBAT B84 1
END TURN 328
TURN 329
COMMAND LEFT START
MOVE A190 220
TRAIN 1
COMMAND LEFT END
COMMAND RIGHT START
TRAIN 2
COMMAND RIGHT END
TURN 329 RESULT
TIME LEFT 0 5 RIGHT 0 5
TRAIN A193 B266 B267
MOVE A176 215
MOVE A177 215
MOVE A178 198
MOVE A179 188
MOVE A180 177
MOVE A181 156
MOVE A182 142
MOVE A183 118
MOVE A184 87
MOVE A185 71
MOVE A186 57
MOVE A187 42
MOVE A188 28
MOVE A189 15
MOVE A190 5
END TURN 329
TURN 330
COMMAND LEFT START
MOVE A191 220
TRAIN 1
COMMAND LEFT END
COMMAND RIGHT START
TRAIN 1
COMMAND RIGHT END
TURN 330 RESULT
TIME LEFT 0 5 RIGHT 0 5
TRAIN A194 B268
MOVE A176 220
MOVE A177 220
MOVE A178 205
MOVE A179 198
MOVE A180 188
MOVE A181 177
MOVE A182 156
MOVE A183 142
MOVE A184 100
MOVE A185 87
MOVE A186 71
MOVE A187 57
MOVE A188 42
MOVE A189 19
MOVE A190 15
MOVE A191 5
DAMAGE TURRET A176 3
DAMAGE COMBAT A176 3
DAMAGE COMBAT A177 6
DAMAGE COMBAT B85 2
END TURN 330
TURN 331
COMMAND LEFT START
MOVE A192 220
TRAIN 1
COMMAND LEFT END
COMMAND RIGHT START
TRAIN 1
COMMAND RIGHT END
TURN 331 RESULT
TIME LEFT 0 5 RIGHT 0 5
TRAIN A195 B269
MOVE A178 215
MOVE A179 205
MOVE A180 198
MOVE A181 188
MOVE A182 177
MOVE A183 156
MOVE A184 118
MOVE A185 100
MOVE A186 87
MOVE A187 71
MOVE A188 57
MOVE A189 28
MOVE A190 19
MOVE A191 15
MOVE A192 5
END TURN 331
TURN 332
COMMAND LEFT START
MOVE A193 220
TRAIN 1
COMMAND LEFT END
COMMAND RIGHT START
TRAIN 1
COMMAND RIGHT END
TURN 332 RESULT
TIME LEFT 0 5 RIGHT 0 5
TRAIN A196 B270
MOVE A178 220
MOVE A179 215
MOVE A180 205
MOVE A181 198
MOVE A182 188
MOVE A183 177
MOVE A184 142
MOVE A185 118
MOVE A186 100
MOVE A187 87
MOVE A188 71
MOVE A189 42
MOVE A190 28
MOVE A191 19
MOVE A192 15
MOVE A193 5
DAMAGE TURRET A178 3
DAMAGE COMBAT A178 3
DAMAGE COMBAT B85 1
END TURN 332
TURN 333
COMMAND LEFT START
MOVE A194 220
TRAIN 1
COMMAND LEFT END
COMMAND RIGHT START
TRAIN 2
COMMAND RIGHT END
TURN 333 RESULT
TIME LEFT 0 5 RIGHT 0 5
TRAIN A197 B271 B272
MOVE A179 220
MOVE A180 215
MOVE A181 205
MOVE A182 198
MOVE A183 188
MOVE A184 156
MOVE A185 142
MOVE A186 118
MOVE A187 100
MOVE A188 87
MOVE A189 57
MOVE A190 42
MOVE A191 28
MOVE A192 19
MOVE A193 15
MOVE A194 5
DAMAGE TURRET A179 3
DAMAGE COMBAT A179 3
DAMAGE COMBAT B85 1
END TURN 333
TURN 334
COMMAND LEFT START
MOVE A195 220
TRAIN 1
COMMAND LEFT END
COMMAND RIGHT START
TRAIN 1
COMMAND RIGHT END
TURN 334 RESULT
TIME LEFT 0 5 RIGHT 0 5
TRAIN A198 B273
MOVE A180 220
MOVE A181 215
MOVE A182 205
MOVE A183 198
MOVE A184 177
MOVE A185 156
MOVE A186 142
MOVE A187 118
MOVE A188 100
MOVE A189 71
MOVE A190 57
MOVE A191 42
MOVE A192 28
MOVE A193 19
MOVE A194 15
MOVE A195 5
DAMAGE TURRET A180 3
DAMAGE COMBAT A180 3
DAMAGE COMBAT B85 1
END TURN 334
TURN 335
COMMAND LEFT START
MOVE A196 220
TRAIN 1
COMMAND LEFT END
COMMAND RIGHT START
TRAIN 1
COMMAND RIGHT END
TURN 335 RESULT
TIME LEFT 0 5 RIGHT 0 5
TRAIN A199 B274
MOVE A181 220
MOVE A182 215
MOVE A183 205
MOVE A184 188
MOVE A185 177
MOVE A186 156
MOVE A187 142
MOVE A188 118
MOVE A189 87
MOVE A190 71
MOVE A191 57
MOVE A192 42
MOVE A193 28
MOVE A194 19
MOVE A195 15
MOVE A196 5
DAMAGE TURRET A181 3
DAMAGE COMBAT A181 3
DAMAGE COMBAT B85 1
END TURN 335
TURN 336
COMMAND LEFT START
COMMAND LEFT END
COMMAND RIGHT START
TRAIN 1
COMMAND RIGHT END
TURN 336 RESULT
TIME LEFT 0 5 RIGHT 0 5
TRAIN B275
MOVE A182 220
MOVE A183 215
MOVE A184 198
MOVE A185 188
MOVE A186 177
MOVE A187 156
MOVE A188 142
MOVE A189 100
MOVE A190 87
MOVE A191 71
MOVE A192 57
MOVE A193 42
MOVE A194 28
MOVE A195 19
MOVE A196 15
DAMAGE TURRET A182 3
DAMAGE COMBAT A182 3
DAMAGE COMBAT B85 1
END TURN 336
TURN 337
COMMAND LEFT START
MOVE A197 220
TRAIN 1
COMMAND LEFT END
COMMAND RIGHT START
TRAIN 1
COMMAND RIGHT END
TURN 337 RESULT
TIME LEFT 0 5 RIGHT 0 5
TRAIN A200 B276
MOVE A183 220
MOVE A184 205
MOVE A185 198
MOVE A186 188
MOVE A187 177
MOVE A188 156
MOVE A189 118
MOVE A190 100
MOVE A191 87
MOVE A192 71
MOVE A193 57
MOVE A194 42
MOVE A195 28
MOVE A196 19
MOVE A197 5
DAMAGE TURRET A183 3
DAMAGE COMBAT A183 3
DAMAGE COMBAT B87 1
END TURN 337
TURN 338
COMMAND LEFT START
MOVE A198 220
TRAIN 1
COMMAND LEFT END
COMMAND RIGHT START
MOVE B276 101
TRAIN 1
COMMAND RIGHT END
TURN 338 RESULT
TIME LEFT 0 5 RIGHT 0 5
TRAIN A201 B277
MOVE A184 215
MOVE A185 205
MOVE A186 198
MOVE A187 188
MOVE A188 177
MOVE A189 142
MOVE A190 118
MOVE A191 100
MOVE A192 87
MOVE A193 71
MOVE A194 57
MOVE A195 42
MOVE A196 28
MOVE A197 15
MOVE A198 5
MOVE B276 215
DAMAGE COMBAT A184 1
DAMAGE COMBAT B276 1
END TURN 338
TURN 339
COMMAND LEFT START
MOVE A199 220
TRAIN 1
COMMAND LEFT END
COMMAND RIGHT START
TRAIN 1
COMMAND RIGHT END
TURN 339 RESULT
TIME LEFT 0 5 RIGHT 0 5
TRAIN A202 B278
MOVE A185 215
MOVE A186 205
MOVE A187 198
MOVE A188 188
MOVE A189 156
MOVE A190 142
MOVE A191 118
MOVE A192 100
MOVE A193 87
MOVE A194 71
MOVE A195 57
MOVE A196 42
MOVE A197 19
MOVE A198 15
MOVE A199 5
DAMAGE COMBAT A184 1
DAMAGE COMBAT B276 2
END TURN 339
TURN 340
COMMAND LEFT START
MOVE A200 220
TRAIN 1
COMMAND LEFT END
COMMAND RIGHT START
TRAIN 1
COMMAND RIGHT END
TURN 340 RESULT
TIME LEFT 0 5 RIGHT 0 5
TRAIN A203 B279
MOVE A186 215
MOVE A187 205
MOVE A188 198
MOVE A189 177
MOVE A190 156
MOVE A191 142
MOVE A192 118
MOVE A193 100
MOVE A194 87
MOVE A195 71
MOVE A196 57
MOVE A197 28
MOVE A198 19
MOVE A199 15
MOVE A200 5
DAMAGE COMBAT A184 1
DAMAGE COMBAT B276 3
END TURN 340
TURN 341
COMMAND LEFT START
MOVE A201 220
TRAIN 1
COMMAND LEFT END
COMMAND RIGHT START
TRAIN 1
COMMAND RIGHT END
TURN 341 RESULT
TIME LEFT 0 5 RIGHT 0 5
TRAIN A204 B280
MOVE A187 215
MOVE A188 205
MOVE A189 188
MOVE A190 177
MOVE A191 156
MOVE A192 142
MOVE A193 118
MOVE A194 100
MOVE A195 87
MOVE A196 71
MOVE A197 42
MOVE A198 28
MOVE A199 19
MOVE A200 15
MOVE A201 5
DAMAGE COMBAT A184 1
DAMAGE COMBAT B276 2
END TURN 341
TURN 342
COMMAND LEFT START
COMMAND LEFT END
COMMAND RIGHT START
TRAIN 1
COMMAND RIGHT END
TURN 342 RESULT
TIME LEFT 0 5 RIGHT 0 5
TRAIN B281
MOVE A184 220
MOVE A185 220
MOVE A186 220
MOVE A187 220
MOVE A188 215
MOVE A189 198
MOVE A190 188
MOVE A191 177
MOVE A192 156
MOVE A193 142
MOVE A194 118
MOVE A195 100
MOVE A196 87
MOVE A197 57
MOVE A198 42
MOVE A199 28
MOVE A200 19
MOVE A201 15
DAMAGE TURRET A184 2
DAMAGE TURRET A185 1
DAMAGE COMBAT A185 5
DAMAGE COMBAT A186 6
DAMAGE COMBAT A187 6
DAMAGE COMBAT B87 4
END TURN 342
TURN 343
COMMAND LEFT START
MOVE A202 220
MOVE A203 220
TRAIN 2
COMMAND LEFT END
COMMAND RIGHT START
TRAIN 1
COMMAND RIGHT END
TURN 343 RESULT
TIME LEFT 0 5 RIGHT 0 5
TRAIN A205 A206 B282
MOVE A188 220
MOVE A189 205
MOVE A190 198
MOVE A191 188
MOVE A192 177
MOVE A193 156
MOVE A194 142
MOVE A195 118
MOVE A196 100
MOVE A197 71
MOVE A198 57
MOVE A199 42
MOVE A200 28
MOVE A201 19
MOVE A202 5
MOVE A203 5
DAMAGE TURRET A188 3
DAMAGE COMBAT A188 3
DAMAGE COMBAT B87 1
END TURN 343
TURN 344
COMMAND LEFT START
COMMAND LEFT END
COMMAND RIGHT START
TRAIN 2
COMMAND RIGHT END
TURN 344 RESULT
TIME LEFT 0 5 RIGHT 0 5
TRAIN B283 B284
MOVE A189 215
MOVE A190 205
MOVE A191 198
MOVE A192 188
MOVE A193 177
MOVE A194 156
MOVE A195 142
MOVE A196 118
MOVE A197 87
MOVE A198 71
MOVE A199 57
MOVE A200 42
MOVE A201 28
MOVE A202 15
MOVE A203 15
END TURN 344
TURN 345
COMMAND LEFT START
MOVE A204 220
TRAIN 1
COMMAND LEFT END
COMMAND RIGHT START
TRAIN 1
COMMAND RIGHT END
TURN 345 RESULT
TIME LEFT 0 5 RIGHT 0 5
TRAIN A207 B285
MOVE A189 220
MOVE A190 215
MOVE A191 205
MOVE A192 198
MOVE A193 188
MOVE A194 177
MOVE A195 156
MOVE A196 142
MOVE A197 100
MOVE A198 87
MOVE A199 71
MOVE A200 57
MOVE A201 42
MOVE A202 19
MOVE A203 19
MOVE A204 5
DAMAGE TURRET A189 3
DAMAGE COMBAT A189 3
DAMAGE COMBAT B87 1
END TURN 345
TURN 346
COMMAND LEFT START
MOVE A205 220
TRAIN 1
COMMAND LEFT END
COMMAND RIGHT START
TRAIN 1
COMMAND RIGHT END
TURN 346 RESULT
TIME LEFT 0 5 RIGHT 0 5
TRAIN A208 B286
MOVE A190 220
MOVE A191 215
MOVE A192 205
MOVE A193 198
MOVE A194 188
MOVE A195 177
MOVE A196 156
MOVE A197 118
MOVE A198 100
MOVE A199 87
MOVE A200 71
MOVE A201 57
MOVE A202 28
MOVE A203 28
MOVE A204 15
MOVE A205 5
DAMAGE TURRET A190 3
DAMAGE COMBAT A190 3
DAMAGE COMBAT B88 1
END TURN 346
TURN 347
COMMAND LEFT START
MOVE A206 220
TRAIN 1
COMMAND LEFT END
COMMAND RIGHT START
TRAIN 1
COMMAND RIGHT END
TURN 347 RESULT
TIME LEFT 0 5 RIGHT 0 5
TRAIN A209 B287
MOVE A191 220
MOVE A192 215
MOVE A193 205
MOVE A194 198
MOVE A195 188
MOVE A196 177
MOVE A197 142
MOVE A198 118
MOVE A199 100
MOVE A200 87
MOVE A201 71
MOVE A202 42
MOVE A203 42
MOVE A204 19
MOVE A205 15
MOVE A206 5
DAMAGE TURRET A191 3
DAMAGE COMBAT A191 3
DAMAGE COMBAT B88 1
END TURN 347
TURN 348
COMMAND LEFT START
MOVE A207 220
TRAIN 1
COMMAND LEFT END
COMMAND RIGHT START
TRAIN 3
COMMAND RIGHT END
TURN 348 RESULT
TIME LEFT 0 5 RIGHT 0 5
TRAIN A210 B288 B289 B290
MOVE A192 220
MOVE A193 215
MOVE A194 205
MOVE A195 198
MOVE A196 188
MOVE A197 156
MOVE A198 142
MOVE A199 118
MOVE A200 100
MOVE A201 87
MOVE A202 57
MOVE A203 57
MOVE A204 28
MOVE A205 19
MOVE A206 15
MOVE A207 5
DAMAGE TURRET A192 3
DAMAGE COMBAT A192 3
DAMAGE COMBAT B88 1
END TURN 348
TURN 349
COMMAND LEFT START
MOVE A208 220
TRAIN 1
COMMAND LEFT END
COMMAND RIGHT START
TRAIN 3
COMMAND RIGHT END
TURN 349 RESULT
TIME LEFT 0 5 RIGHT 4 5
TRAIN A211 B291 B292 B293
MOVE A193 220
MOVE A194 215
MOVE A195 205
MOVE A196 198
MOVE A197 177
MOVE A198 156
MOVE A199 142
MOVE A200 118
MOVE A201 100
MOVE A202 71
MOVE A203 71
MOVE A204 42
MOVE A205 28
MOVE A206 19
MOVE A207 15
MOVE A208 5
DAMAGE TURRET A193 3
DAMAGE COMBAT A193 3
DAMAGE COMBAT B88 1
END TURN 349
TURN 350
COMMAND LEFT START
MOVE A209 220
TRAIN 1
COMMAND LEFT END
COMMAND RIGHT START
TRAIN 3
COMMAND RIGHT END
TURN 350 RESULT
TIME LEFT 6 5 RIGHT 9 5
TRAIN A212 B294 B295 B296
MOVE A194 220
MOVE A195 215
MOVE A196 205
MOVE A197 188
MOVE A198 177
MOVE A199 156
MOVE A200 142
MOVE A201 118
MOVE A202 87
MOVE A203 87
MOVE A204 57
MOVE A205 42
MOVE A206 28
MOVE A207 19
MOVE A208 15
MOVE A209 5
DAMAGE TURRET A194 3
DAMAGE COMBAT A194 3
DAMAGE COMBAT B88 1
END TURN 350
TURN 351
COMMAND LEFT START
COMMAND LEFT END
COMMAND RIGHT START
TRAIN 2
COMMAND RIGHT END
TURN 351 RESULT
TIME LEFT 0 5 RIGHT 1 5
TRAIN B297 B298
MOVE A195 220
MOVE A196 215
MOVE A197 198
MOVE A198 188
MOVE A199 177
MOVE A200 156
MOVE A201 142
MOVE A202 100
MOVE A203 100
MOVE A204 71
MOVE A205 57
MOVE A206 42
MOVE A207 28
MOVE A208 19
MOVE A209 15
DAMAGE TURRET A195 3
DAMAGE COMBAT A195 3
DAMAGE COMBAT B88 1
END TURN 351
TURN 352
COMMAND LEFT START
MOVE A210 220
TRAIN 1
COMMAND LEFT END
COMMAND RIGHT START
TRAIN 1
COMMAND RIGHT END
TURN 352 RESULT
TIME LEFT 0 5 RIGHT 1 5
TRAIN A213 B299
MOVE A196 220
MOVE A197 205
MOVE A198 198
MOVE A199 188
MOVE A200 177
MOVE A201 156
MOVE A202 118
MOVE A203 118
MOVE A204 87
MOVE A205 71
MOVE A206 57
MOVE A207 42
MOVE A208 28
MOVE A209 19
MOVE A210 5
DAMAGE TURRET A196 3
DAMAGE COMBAT A196 3
DAMAGE COMBAT B88 1
END TURN 352
TURN 353
COMMAND LEFT START
MOVE A211 220
TRAIN 1
COMMAND LEFT END
COMMAND RIGHT START
TRAIN 1
COMMAND RIGHT END
TURN 353 RESULT
TIME LEFT 0 5 RIGHT 0 5
TRAIN A214 B300
MOVE A197 215
MOVE A198 205
MOVE A199 198
MOVE A200 188
MOVE A201 177
MOVE A202 142
MOVE A203 142
MOVE A204 100
MOVE A205 87
MOVE A206 71
MOVE A207 57
MOVE A208 42
MOVE A209 28
MOVE A210 15
MOVE A211 5
END TURN 353
TURN 354
COMMAND LEFT START
MOVE A212 220
TRAIN 1
COMMAND LEFT END
COMMAND RIGHT START
TRAIN 1
COMMAND RIGHT END
TURN 354 RESULT
TIME LEFT 0 5 RIGHT 1 5
TRAIN A215 B301
MOVE A197 220
MOVE A198 215
MOVE A199 205
MOVE A200 198
MOVE A201 188
MOVE A202 156
MOVE A203 156
MOVE A204 118
MOVE A205 100
MOVE A206 87
MOVE A207 71
MOVE A208 57
MOVE A209 42
MOVE A210 19
MOVE A211 15
MOVE A212 5
DAMAGE TURRET A197 3
DAMAGE COMBAT A197 3
DAMAGE COMBAT B89 1
END TURN 354
TURN 355
COMMAND LEFT START
MOVE A213 220
TRAIN 1
COMMAND LEFT END
COMMAND RIGHT START
COMMAND RIGHT END
TURN 355 RESULT
TIME LEFT 0 5 RIGHT 1 5
TRAIN A216
MOVE A198 220
MOVE A199 215
MOVE A200 205
MOVE A201 198
MOVE A202 177
MOVE A203 177
MOVE A204 142
MOVE A205 118
MOVE A206 100
MOVE A207 87
MOVE A208 71
MOVE A209 57
MOVE A210 28
MOVE A211 19
MOVE A212 15
MOVE A213 5
DAMAGE TURRET A198 3
DAMAGE COMBAT A198 3
DAMAGE COMBAT B89 1
END TURN 355
TURN 356
COMMAND LEFT START
MOVE A214 220
TRAIN 1
COMMAND LEFT END
COMMAND RIGHT START
TRAIN 1
COMMAND RIGHT END
TURN 356 RESULT
TIME LEFT 0 5 RIGHT 1 5
TRAIN A217 B302
MOVE A199 220
MOVE A200 215
MOVE A201 205
MOVE A202 188
MOVE A203 188
MOVE A204 156
MOVE A205 142
MOVE A206 118
MOVE A207 100
MOVE A208 87
MOVE A209 71
MOVE A210 42
MOVE A211 28
MOVE A212 19
MOVE A213 15
MOVE A214 5
DAMAGE TURRET A199 3
DAMAGE COMBAT A199 3
DAMAGE COMBAT B89 1
END TURN 356
TURN 357
COMMAND LEFT START
MOVE A215 220
TRAIN 1
COMMAND LEFT END
COMMAND RIGHT START
TRAIN 1
COMMAND RIGHT END
TURN 357 RESULT
TIME LEFT 0 5 RIGHT 1 5
TRAIN A218 B303
MOVE A200 220
MOVE A201 215
MOVE A202 198
MOVE A203 198
MOVE A204 177
MOVE A205 156
MOVE A206 142
MOVE A207 118
MOVE A208 100
MOVE A209 87
MOVE A210 57
MOVE A211 42
MOVE A212 28
MOVE A213 19
MOVE A214 15
MOVE A215 5
DAMAGE TURRET A200 3
DAMAGE COMBAT A200 3
DAMAGE COMBAT B89 1
END TURN 357
TURN 358
COMMAND LEFT START
MOVE A216 220
TRAIN 1
COMMAND LEFT END
COMMAND RIGHT START
TRAIN 1
COMMAND RIGHT END
TURN 358 RESULT
TIME LEFT 0 5 RIGHT 1 5
TRAIN A219 B304
MOVE A201 220
MOVE A202 205
MOVE A203 205
MOVE A204 188
MOVE A205 177
MOVE A206 156
MOVE A207 142
MOVE A208 118
MOVE A209 100
MOVE A210 71
MOVE A211 57
MOVE A212 42
MOVE A213 28
MOVE A214 19
MOVE A215 15
MOVE A216 5
DAMAGE TURRET A201 3
DAMAGE COMBAT A201 3
DAMAGE COMBAT B89 1
END TURN 358
TURN 359
COMMAND LEFT START
COMMAND LEFT END
COMMAND RIGHT START
COMMAND RIGHT END
TURN 359 RESULT
TIME LEFT 0 5 RIGHT 1 5
MOVE A202 215
MOVE A203 215
MOVE A204 198
MOVE A205 188
MOVE A206 177
MOVE A207 156
MOVE A208 142
MOVE A209 118
MOVE A210 87
MOVE A211 71
MOVE A212 57
MOVE A213 42
MOVE A214 28
MOVE A215 19
MOVE A216 15
END TURN 359
TURN 360
COMMAND LEFT START
MOVE A217 220
TRAIN 1
COMMAND LEFT END
COMMAND RIGHT START
TRAIN 1
COMMAND RIGHT END
TURN 360 RESULT
TIME LEFT 0 5 RIGHT 1 5
TRAIN A220 B305
MOVE A202 220
MOVE A203 220
MOVE A204 205
MOVE A205 198
MOVE A206 188
MOVE A207 177
MOVE A208 156
MOVE A209 142
MOVE A210 100
MOVE A211 87
MOVE A212 71
MOVE A213 57
MOVE A214 42
MOVE A215 28
MOVE A216 19
MOVE A217 5
DAMAGE TURRET A202 3
DAMAGE COMBAT A202 3
DAMAGE COMBAT A203 6
DAMAGE COMBAT B89 2
END TURN 360
TURN 361
COMMAND LEFT START
MOVE A218 220
TRAIN 1
COMMAND LEFT END
COMMAND RIGHT START
TRAIN 1
COMMAND RIGHT END
TURN 361 RESULT
TIME LEFT 0 5 RIGHT 0 5
TRAIN A221 B306
MOVE A204 215
MOVE A205 205
MOVE A206 198
MOVE A207 188
MOVE A208 177
MOVE A209 156
MOVE A210 118
MOVE A211 100
MOVE A212 87
MOVE A213 71
MOVE A214 57
MOVE A215 42
MOVE A216 28
MOVE A217 15
MOVE A218 5
END TURN 361
TURN 362
COMMAND LEFT START
MOVE A219 220
TRAIN 1
COMMAND LEFT END
COMMAND RIGHT START
COMMAND RIGHT END
TURN 362 RESULT
TIME LEFT 0 5 RIGHT 0 5
TRAIN A222
MOVE A204 220
MOVE A205 215
MOVE A206 205
MOVE A207 198
MOVE A208 188
MOVE A209 177
MOVE A210 142
MOVE A211 118
MOVE A212 100
MOVE A213 87
MOVE A214 71
MOVE A215 57
MOVE A216 42
MOVE A217 19
MOVE A218 15
MOVE A219 5
DAMAGE TURRET A204 3
DAMAGE COMBAT A204 3
DAMAGE COMBAT B90 1
END TURN 362
TURN 363
COMMAND LEFT START
MOVE A220 220
TRAIN 1
COMMAND LEFT END
COMMAND RIGHT START
TRAIN 1
COMMAND RIGHT END
TURN 363 RESULT
TIME LEFT 0 5 RIGHT 1 5
TRAIN A223 B307
MOVE A205 220
MOVE A206 215
MOVE A207 205
MOVE A208 198
MOVE A209 188
MOVE A210 156
MOVE A211 142
MOVE A212 118
MOVE A213 100
MOVE A214 87
MOVE A215 71
MOVE A216 57
MOVE A217 28
MOVE A218 19
MOVE A219 15
MOVE A220 5
DAMAGE TURRET A205 3
DAMAGE COMBAT A205 3
DAMAGE COMBAT B90 1
END TURN 363
TURN 364
COMMAND LEFT START
MOVE A221 220
TRAIN 1
COMMAND LEFT END
COMMAND RIGHT START
TRAIN 1
COMMAND RIGHT END
TURN 364 RESULT
TIME LEFT 0 5 RIGHT 1 5
TRAIN A224 B308
MOVE A206 220
MOVE A207 215
MOVE A208 205
MOVE A209 198
MOVE A210 177
MOVE A211 156
MOVE A212 142
MOVE A213 118
MOVE A214 100
MOVE A215 87
MOVE A216 71
MOVE A217 42
MOVE A218 28
MOVE A219 19
MOVE A220 15
MOVE A221 5
DAMAGE TURRET A206 3
DAMAGE COMBAT A206 3
DAMAGE COMBAT B90 1
END TURN 364
TURN 365
COMMAND LEFT START
MOVE A222 220
TRAIN 1
COMMAND LEFT END
COMMAND RIGHT START
COMMAND RIGHT END
TURN 365 RESULT
TIME LEFT 0 5 RIGHT 0 5
TRAIN A225
MOVE A207 220
MOVE A208 215
MOVE A209 205
MOVE A210 188
MOVE A211 177
MOVE A212 156
MOVE A213 142
MOVE A214 118
MOVE A215 100
MOVE A216 87
MOVE A217 57
MOVE A218 42
MOVE A219 28
MOVE A220 19
MOVE A221 15
MOVE A222 5
DAMAGE TURRET A207 3
DAMAGE COMBAT A207 3
DAMAGE COMBAT B90 1
END TURN 365
TURN 366
COMMAND LEFT START
COMMAND LEFT END
COMMAND RIGHT START
TRAIN 1
COMMAND RIGHT END
TURN 366 RESULT
TIME LEFT 0 5 RIGHT 0 5
TRAIN B309
MOVE A208 220
MOVE A209 215
MOVE A210 198
MOVE A211 188
MOVE A212 177
MOVE A213 156
MOVE A214 142
MOVE A215 118
MOVE A216 100
MOVE A217 71
MOVE A218 57
MOVE A219 42
MOVE A220 28
MOVE A221 19
MOVE A222 15
DAMAGE TURRET A208 3
DAMAGE COMBAT A208 3
DAMAGE COMBAT B90 1
END TURN 366
TURN 367
COMMAND LEFT START
MOVE A223 220
TRAIN 1
COMMAND LEFT END
COMMAND RIGHT START
TRAIN 1
COMMAND RIGHT END
TURN 367 RESULT
TIME LEFT 0 5 RIGHT 1 5
TRAIN A226 B310
MOVE A209 220
MOVE A210 205
MOVE A211 198
MOVE A212 188
MOVE A213 177
MOVE A214 156
MOVE A215 142
MOVE A216 118
MOVE A217 87
MOVE A218 71
MOVE A219 57
MOVE A220 42
MOVE A221 28
MOVE A222 19
MOVE A223 5
DAMAGE TURRET A209 3
DAMAGE COMBAT A209 3
DAMAGE COMBAT B90 1
END TURN 367
TURN 368
COMMAND LEFT START
MOVE A224 220
TRAIN 1
COMMAND LEFT END
COMMAND RIGHT START
COMMAND RIGHT END
TURN 368 RESULT
TIME LEFT 0 5 RIGHT 0 5
TRAIN A227
MOVE A210 215
MOVE A211 205
MOVE A212 198
MOVE A213 188
MOVE A214 177
MOVE A215 156
MOVE A216 142
MOVE A217 100
MOVE A218 87
MOVE A219 71
MOVE A220 57
MOVE A221 42
MOVE A222 28
MOVE A223 15
MOVE A224 5
END TURN 368
TURN 369
COMMAND LEFT START
MOVE A225 220
TRAIN 1
COMMAND LEFT END
COMMAND RIGHT START
TRAIN 1
COMMAND RIGHT END
TURN 369 RESULT
TIME LEFT 0 5 RIGHT 1 5
TRAIN A228 B311
MOVE A210 220
MOVE A211 215
MOVE A212 205
MOVE A213 198
MOVE A214 188
MOVE A215 177
MOVE A216 156
MOVE A217 118
MOVE A218 100
MOVE A219 87
MOVE A220 71
MOVE A221 57
MOVE A222 42
MOVE A223 19
MOVE A224 15
MOVE A225 5
DAMAGE TURRET A210 3
DAMAGE COMBAT A210 3
DAMAGE COMBAT B90 1
END TURN 369
TURN 370
COMMAND LEFT START
MOVE A226 220
TRAIN 1
COMMAND LEFT END
COMMAND RIGHT START
TRAIN 1
COMMAND RIGHT END
TURN 370 RESULT
TIME LEFT 0 5 RIGHT 1 5
TRAIN A229 B312
MOVE A211 220
MOVE A212 215
MOVE A213 205
MOVE A214 198
MOVE A215 188
MOVE A216 177
MOVE A217 142
MOVE A218 118
MOVE A219 100
MOVE A220 87
MOVE A221 71
MOVE A222 57
MOVE A223 28
MOVE A224 19
MOVE A225 15
MOVE A226 5
DAMAGE TURRET A211 3
DAMAGE COMBAT A211 3
DAMAGE COMBAT B91 1
END TURN 370
TURN 371
COMMAND LEFT START
MOVE A227 220
TRAIN 1
COMMAND LEFT END
COMMAND RIGHT START
COMMAND RIGHT END
TURN 371 RESULT
TIME LEFT 0 5 RIGHT 0 5
TRAIN A230
MOVE A212 220
MOVE A213 215
MOVE A214 205
MOVE A215 198
MOVE A216 188
MOVE A217 156
MOVE A218 142
MOVE A219 118
MOVE A220 100
MOVE A221 87
MOVE A222 71
MOVE A223 42
MOVE A224 28
MOVE A225 19
MOVE A226 15
MOVE A227 5
DAMAGE TURRET A212 3
DAMAGE COMBAT A212 3
DAMAGE COMBAT B91 1
END TURN 371
TURN 372
COMMAND LEFT START
MOVE A228 220
TRAIN 1
COMMAND LEFT END
COMMAND RIGHT START
TRAIN 1
COMMAND RIGHT END
TURN 372 RESULT
TIME LEFT 0 5 RIGHT 1 5
TRAIN A231 B313
MOVE A213 220
MOVE A214 215
MOVE A215 205
MOVE A216 198
MOVE A217 177
MOVE A218 156
MOVE A219 142
MOVE A220 118
MOVE A221 100
MOVE A222 87
MOVE A223 57
MOVE A224 42
MOVE A225 28
MOVE A226 19
MOVE A227 15
MOVE A228 5
DAMAGE TURRET A213 3
DAMAGE COMBAT A213 3
DAMAGE COMBAT B91 1
END TURN 372
TURN 373
COMMAND LEFT START
MOVE A229 220
TRAIN 1
COMMAND LEFT END
COMMAND RIGHT START
COMMAND RIGHT END
TURN 373 RESULT
TIME LEFT 0 5 RIGHT 1 5
TRAIN A232
MOVE A214 220
MOVE A215 215
MOVE A216 205
MOVE A217 188
MOVE A218 177
MOVE A219 156
MOVE A220 142
MOVE A221 118
MOVE A222 100
MOVE A223 71
MOVE A224 57
MOVE A225 42
MOVE A226 28
MOVE A227 19
MOVE A228 15
MOVE A229 5
DAMAGE TURRET A214 3
DAMAGE COMBAT A214 3
DAMAGE COMBAT B91 1
END TURN 373
TURN 374
COMMAND LEFT START
COMMAND LEFT END
COMMAND RIGHT START
TRAIN 1
COMMAND RIGHT END
TURN 374 RESULT
TIME LEFT 0 5 RIGHT 1 5
TRAIN B314
MOVE A215 220
MOVE A216 215
MOVE A217 198
MOVE A218 188
MOVE A219 177
MOVE A220 156
MOVE A221 142
MOVE A222 118
MOVE A223 87
MOVE A224 71
MOVE A225 57
MOVE A226 42
MOVE A227 28
MOVE A228 19
MOVE A229 15
DAMAGE TURRET A215 3
DAMAGE COMBAT A215 3
DAMAGE COMBAT B91 1
END TURN 374
TURN 375
COMMAND LEFT START
MOVE A230 220
TRAIN 1
COMMAND LEFT END
COMMAND RIGHT START
TRAIN 1
COMMAND RIGHT END
TURN 375 RESULT
TIME LEFT 0 5 RIGHT 1 5
TRAIN A233 B315
MOVE A216 220
MOVE A217 205
MOVE A218 198
MOVE A219 188
MOVE A220 177
MOVE A221 156
MOVE A222 142
MOVE A223 100
MOVE A224 87
MOVE A225 71
MOVE A226 57
MOVE A227 42
MOVE A228 28
MOVE A229 19
MOVE A230 5
DAMAGE TURRET A216 3
DAMAGE COMBAT A216 3
DAMAGE COMBAT B91 1
END TURN 375
TURN 376
COMMAND LEFT START
MOVE A231 220
TRAIN 1
COMMAND LEFT END
COMMAND RIGHT START
COMMAND RIGHT END
TURN 376 RESULT
TIME LEFT 0 5 RIGHT 0 5
TRAIN A234
MOVE A217 215
MOVE A218 205
MOVE A219 198
MOVE A220 188
MOVE A221 177
MOVE A222 156
MOVE A223 118
MOVE A224 100
MOVE A225 87
MOVE A226 71
MOVE A227 57
MOVE A228 42
MOVE A229 28
MOVE A230 15
MOVE A231 5
END TURN 376
TURN 377
COMMAND LEFT START
COMMAND LEFT END
COMMAND RIGHT START
TRAIN 1
COMMAND RIGHT END
TURN 377 RESULT
TIME LEFT 0 5 RIGHT 1 5
TRAIN B316
MOVE A217 220
MOVE A218 215
MOVE A219 205
MOVE A220 198
MOVE A221 188
MOVE A222 177
MOVE A223 142
MOVE A224 118
MOVE A225 100
MOVE A226 87
MOVE A227 71
MOVE A228 57
MOVE A229 42
MOVE A230 19
MOVE A231 15
DAMAGE TURRET A217 3
DAMAGE COMBAT A217 3
DAMAGE COMBAT B91 1
END TURN 377
TURN 378
COMMAND LEFT START
COMMAND LEFT END
COMMAND RIGHT START
COMMAND RIGHT END
TURN 378 RESULT
TIME LEFT 0 5 RIGHT 1 5
MOVE A218 220
MOVE A219 215
MOVE A220 205
MOVE A221 198
MOVE A222 188
MOVE A223 156
MOVE A224 142
MOVE A225 118
MOVE A226 100
MOVE A227 87
MOVE A228 71
MOVE A229 57
MOVE A230 28
MOVE A231 19
DAMAGE TURRET A218 3
DAMAGE COMBAT A218 3
DAMAGE COMBAT B92 1
END TURN 378
TURN 379
COMMAND LEFT START
COMMAND LEFT END
COMMAND RIGHT START
TRAIN 1
COMMAND RIGHT END
TURN 379 RESULT
TIME LEFT 0 5 RIGHT 1 5
TRAIN B317
MOVE A219 220
MOVE A220 215
MOVE A221 205
MOVE A222 198
MOVE A223 177
MOVE A224 156
MOVE A225 142
MOVE A226 118
MOVE A227 100
MOVE A228 87
MOVE A229 71
MOVE A230 42
MOVE A231 28
DAMAGE TURRET A219 3
DAMAGE COMBAT A219 3
DAMAGE COMBAT B92 1
END TURN 379
TURN 380
COMMAND LEFT START
COMMAND LEFT END
COMMAND RIGHT START
COMMAND RIGHT END
TURN 380 RESULT
TIME LEFT 0 5 RIGHT 0 5
MOVE A220 220
MOVE A221 215
MOVE A222 205
MOVE A223 188
MOVE A224 177
MOVE A225 156
MOVE A226 142
MOVE A227 118
MOVE A228 100
MOVE A229 87
MOVE A230 57
MOVE A231 42
DAMAGE TURRET A220 3
DAMAGE COMBAT A220 3
DAMAGE COMBAT B92 1
END TURN 380
TURN 381
COMMAND LEFT START
COMMAND LEFT END
COMMAND RIGHT START
TRAIN 1
COMMAND RIGHT END
TURN 381 RESULT
TIME LEFT 0 5 RIGHT 1 5
TRAIN B318
MOVE A221 220
MOVE A222 215
MOVE A223 198
MOVE A224 188
MOVE A225 177
MOVE A226 156
MOVE A227 142
MOVE A228 118
MOVE A229 100
MOVE A230 71
MOVE A231 57
DAMAGE TURRET A221 3
DAMAGE COMBAT A221 3
DAMAGE COMBAT B92 1
END TURN 381
TURN 382
COMMAND LEFT START
COMMAND LEFT END
COMMAND RIGHT START
COMMAND RIGHT END
TURN 382 RESULT
TIME LEFT 0 5 RIGHT 0 5
MOVE A222 220
MOVE A223 205
MOVE A224 198
MOVE A225 188
MOVE A226 177
MOVE A227 156
MOVE A228 142
MOVE A229 118
MOVE A230 87
MOVE A231 71
DAMAGE TURRET A222 3
DAMAGE COMBAT A222 3
DAMAGE COMBAT B92 1
END TURN 382
TURN 383
COMMAND LEFT START
COMMAND LEFT END
COMMAND RIGHT START
TRAIN 1
COMMAND RIGHT END
TURN 383 RESULT
TIME LEFT 0 5 RIGHT 1 5
TRAIN B319
MOVE A223 215
MOVE A224 205
MOVE A225 198
MOVE A226 188
MOVE A227 177
MOVE A228 156
MOVE A229 142
MOVE A230 100
MOVE A231 87
END TURN 383
TURN 384
COMMAND LEFT START
COMMAND LEFT END
COMMAND RIGHT START
COMMAND RIGHT END
TURN 384 RESULT
TIME LEFT 0 5 RIGHT 0 5
MOVE A223 220
MOVE A224 215
MOVE A225 205
MOVE A226 198
MOVE A227 188
MOVE A228 177
MOVE A229 156
MOVE A230 118
MOVE A231 100
DAMAGE TURRET A223 3
DAMAGE COMBAT A223 3
DAMAGE COMBAT B92 1
END TURN 384
TURN 385
COMMAND LEFT START
COMMAND LEFT END
COMMAND RIGHT START
COMMAND RIGHT END
TURN 385 RESULT
TIME LEFT 0 5 RIGHT 0 5
MOVE A224 220
MOVE A225 215
MOVE A226 205
MOVE A227 198
MOVE A228 188
MOVE A229 177
MOVE A230 142
MOVE A231 118
DAMAGE TURRET A224 3
DAMAGE COMBAT A224 3
DAMAGE COMBAT B92 1
END TURN 385
TURN 386
COMMAND LEFT START
COMMAND LEFT END
COMMAND RIGHT START
TRAIN 1
COMMAND RIGHT END
TURN 386 RESULT
TIME LEFT 0 5 RIGHT 0 5
TRAIN B320
MOVE A225 220
MOVE A226 215
MOVE A227 205
MOVE A228 198
MOVE A229 188
MOVE A230 156
MOVE A231 142
DAMAGE TURRET A225 3
DAMAGE COMBAT A225 3
DAMAGE COMBAT B93 1
END TURN 386
TURN 387
COMMAND LEFT START
COMMAND LEFT END
COMMAND RIGHT START
COMMAND RIGHT END
TURN 387 RESULT
TIME LEFT 0 5 RIGHT 0 5
MOVE A226 220
MOVE A227 215
MOVE A228 205
MOVE A229 198
MOVE A230 177
MOVE A231 156
DAMAGE TURRET A226 3
DAMAGE COMBAT A226 3
DAMAGE COMBAT B93 1
END TURN 387
TURN 388
COMMAND LEFT START
COMMAND LEFT END
COMMAND RIGHT START
COMMAND RIGHT END
TURN 388 RESULT
TIME LEFT 0 5 RIGHT 0 5
MOVE A227 220
MOVE A228 215
MOVE A229 205
MOVE A230 188
MOVE A231 177
DAMAGE TURRET A227 3
DAMAGE COMBAT A227 3
DAMAGE COMBAT B93 1
END TURN 388
TURN 389
COMMAND LEFT START
COMMAND LEFT END
COMMAND RIGHT START
COMMAND RIGHT END
TURN 389 RESULT
TIME LEFT 0 5 RIGHT 0 5
MOVE A228 220
MOVE A229 215
MOVE A230 198
MOVE A231 188
DAMAGE TURRET A228 3
DAMAGE COMBAT A228 3
DAMAGE COMBAT B93 1
END TURN 389
TURN 390
COMMAND LEFT START
COMMAND LEFT END
COMMAND RIGHT START
COMMAND RIGHT END
TURN 390 RESULT
TIME LEFT 0 5 RIGHT 0 5
MOVE A229 220
MOVE A230 205
MOVE A231 198
DAMAGE TURRET A229 3
DAMAGE COMBAT A229 3
DAMAGE COMBAT B93 1
END TURN 390
TURN 391
COMMAND LEFT START
UPGRADE 0
COMMAND LEFT END
COMMAND RIGHT START
COMMAND RIGHT END
TURN 391 RESULT
TIME LEFT 0 5 RIGHT 0 5
UPGRADE A 0
MOVE A230 215
MOVE A231 205
END TURN 391
TURN 392
COMMAND LEFT START
COMMAND LEFT END
COMMAND RIGHT START
COMMAND RIGHT END
TURN 392 RESULT
TIME LEFT 0 5 RIGHT 0 5
MOVE A230 220
MOVE A231 215
DAMAGE TURRET A230 3
DAMAGE COMBAT A230 3
DAMAGE COMBAT B93 1
END TURN 392
TURN 393
COMMAND LEFT START
COMMAND LEFT END
COMMAND RIGHT START
COMMAND RIGHT END
TURN 393 RESULT
TIME LEFT 0 5 RIGHT 0 5
MOVE A231 220
DAMAGE TURRET A231 3
DAMAGE COMBAT A231 3
DAMAGE COMBAT B93 1
END TURN 393
TURN 394
COMMAND LEFT START
COMMAND LEFT END
COMMAND RIGHT START
MOVE B320 110
MOVE B319 110
MOVE B318 110
MOVE B317 110
MOVE B316 110
MOVE B315 110
MOVE B314 110
MOVE B313 110
MOVE B312 110
MOVE B311 110
MOVE B310 110
MOVE B309 110
MOVE B308 110
MOVE B307 110
MOVE B306 110
MOVE B305 110
MOVE B304 110
MOVE B303 110
COMMAND RIGHT END
TURN 394 RESULT
TIME LEFT 0 5 RIGHT 0 5
MOVE B303 215
MOVE B304 215
MOVE B305 215
MOVE B306 215
MOVE B307 215
MOVE B308 215
MOVE B309 215
MOVE B310 215
MOVE B311 215
MOVE B312 215
MOVE B313 215
MOVE B314 215
MOVE B315 215
MOVE B316 215
MOVE B317 215
MOVE B318 215
MOVE B319 215
MOVE B320 215
END TURN 394
TURN 395
COMMAND LEFT START
COMMAND LEFT END
COMMAND RIGHT START
MOVE B302 110
MOVE B301 110
MOVE B300 110
MOVE B299 110
MOVE B298 110
MOVE B297 110
MOVE B296 110
MOVE B295 110
MOVE B294 110
MOVE B293 110
MOVE B292 110
MOVE B291 110
COMMAND RIGHT END
TURN 395 RESULT
TIME LEFT 0 5 RIGHT 0 5
MOVE B291 215
MOVE B292 215
MOVE B293 215
MOVE B294 215
MOVE B295 215
MOVE B296 215
MOVE B297 215
MOVE B298 215
MOVE B299 215
MOVE B300 215
MOVE B301 215
MOVE B302 215
MOVE B303 205
MOVE B304 205
MOVE B305 205
MOVE B306 205
MOVE B307 205
MOVE B308 205
MOVE B309 205
MOVE B310 205
MOVE B311 205
MOVE B312 205
MOVE B313 205
MOVE B314 205
MOVE B315 205
MOVE B316 205
MOVE B317 205
MOVE B318 205
MOVE B319 205
MOVE B320 205
END TURN 395
TURN 396
COMMAND LEFT START
COMMAND LEFT END
COMMAND RIGHT START
COMMAND RIGHT END
TURN 396 RESULT
TIME LEFT 0 5 RIGHT 0 5
MOVE B291 205
MOVE B292 205
MOVE B293 205
MOVE B294 205
MOVE B295 205
MOVE B296 205
MOVE B297 205
MOVE B298 205
MOVE B299 205
MOVE B300 205
MOVE B301 205
MOVE B302 205
MOVE B303 198
MOVE B304 198
MOVE B305 198
MOVE B306 198
MOVE B307 198
MOVE B308 198
MOVE B309 198
MOVE B310 198
MOVE B311 198
MOVE B312 198
MOVE B313 198
MOVE B314 198
MOVE B315 198
MOVE B316 198
MOVE B317 198
MOVE B318 198
MOVE B319 198
MOVE B320 198
END TURN 396
TURN 397
COMMAND LEFT START
COMMAND LEFT END
COMMAND RIGHT START
COMMAND RIGHT END
TURN 397 RESULT
TIME LEFT 0 5 RIGHT 0 5
MOVE B291 198
MOVE B292 198
MOVE B293 198
MOVE B294 198
MOVE B295 198
MOVE B296 198
MOVE B297 198
MOVE B298 198
MOVE B299 198
MOVE B300 198
MOVE B301 198
MOVE B302 198
MOVE B303 188
MOVE B304 188
MOVE B305 188
MOVE B306 188
MOVE B307 188
MOVE B308 188
MOVE B309 188
MOVE B310 188
MOVE B311 188
MOVE B312 188
MOVE B313 188
MOVE B314 188
MOVE B315 188
MOVE B316 188
MOVE B317 188
MOVE B318 188
MOVE B319 188
MOVE B320 188
END TURN 397
TURN 398
COMMAND LEFT START
COMMAND LEFT END
COMMAND RIGHT START
COMMAND RIGHT END
TURN 398 RESULT
TIME LEFT 0 5 RIGHT 0 5
MOVE B291 188
MOVE B292 188
MOVE B293 188
MOVE B294 188
MOVE B295 188
MOVE B296 188
MOVE B297 188
MOVE B298 188
MOVE B299 188
MOVE B300 188
MOVE B301 188
MOVE B302 188
MOVE B303 177
MOVE B304 177
MOVE B305 177
MOVE B306 177
MOVE B307 177
MOVE B308 177
MOVE B309 177
MOVE B310 177
MOVE B311 177
MOVE B312 177
MOVE B313 177
MOVE B314 177
MOVE B315 177
MOVE B316 177
MOVE B317 177
MOVE B318 177
MOVE B319 177
MOVE B320 177
END TURN 398
TURN 399
COMMAND LEFT START
COMMAND LEFT END
COMMAND RIGHT START
COMMAND RIGHT END
TURN 399 RESULT
TIME LEFT 0 5 RIGHT 0 5
MOVE B291 177
MOVE B292 177
MOVE B293 177
MOVE B294 177
MOVE B295 177
MOVE B296 177
MOVE B297 177
MOVE B298 177
MOVE B299 177
MOVE B300 177
MOVE B301 177
MOVE B302 177
MOVE B303 156
MOVE B304 156
MOVE B305 156
MOVE B306 156
MOVE B307 156
MOVE B308 156
MOVE B309 156
MOVE B310 156
MOVE B311 156
MOVE B312 156
MOVE B313 156
MOVE B314 156
MOVE B315 156
MOVE B316 156
MOVE B317 156
MOVE B318 156
MOVE B319 156
MOVE B320 156
END TURN 399
TURN 400
COMMAND LEFT START
COMMAND LEFT END
COMMAND RIGHT START
TRAIN 3
COMMAND RIGHT END
TURN 400 RESULT
TIME LEFT 0 5 RIGHT 0 5
TRAIN B321 B322 B323
MOVE B291 156
MOVE B292 156
MOVE B293 156
MOVE B294 156
MOVE B295 156
MOVE B296 156
MOVE B297 156
MOVE B298 156
MOVE B299 156
MOVE B300 156
MOVE B301 156
MOVE B302 156
MOVE B303 140
MOVE B304 140
MOVE B305 140
MOVE B306 140
MOVE B307 140
MOVE B308 140
MOVE B309 140
MOVE B310 140
MOVE B311 140
MOVE B312 140
MOVE B313 140
MOVE B314 140
MOVE B315 140
MOVE B316 140
MOVE B317 140
MOVE B318 140
MOVE B319 140
MOVE B320 140
END TURN 400
RESULT RIGHT_WIN TURN_LIMIT
