[LEFT ""]
[RIGHT ""]
MAP
201 17
-11060 -10732 -9899 -10286 -8926 -10171 -9755 -9040 -8432 -8827 -7989 -8719 -7886 -7610 -7647 -7459 -7577 -7402 -7039 -7250 -6585 -8043 -6657 -6911 -6485 -6597 -7386 -6452 -6986 -5986 -5901 -5713 -5631 -5697 -5484 -5599 -5697 -5214 -5448 -5194 -5165 -4894 -5340 -4750 -4747 -4536 -4889 -4697 -4541 -5109 -4226 -4161 -3785 -3958 -3954 -3918 -3703 -3305 -3515 -3502 -3418 -3438 -3259 -2955 -3030 -2836 -2678 -2643 -2894 -2477 -2382 -2006 -1952 -2016 -2035 -1873 -2031 -2316 -1768 -1740 -1653 -1838 -1488 -1155 -1084 -1169 -1036 -1685 -741 -956 -629 -494 -714 -413 -477 -511 -329 -426 -395 -31 0 31 395 426 329 511 477 413 714 494 629 956 741 1685 1036 1169 1084 1155 1488 1838 1653 1740 1768 2316 2031 1873 2035 2016 1952 2006 2382 2477 2894 2643 2678 2836 3030 2955 3259 3438 3418 3502 3515 3305 3703 3918 3954 3958 3785 4161 4226 5109 4541 4697 4889 4536 4747 4750 5340 4894 5165 5194 5448 5214 5697 5599 5484 5697 5631 5713 5901 5986 6986 6452 7386 6597 6485 6911 6657 8043 6585 7250 7039 7402 7577 7459 7647 7610 7886 8719 7989 8827 8432 9040 9755 10171 8926 10286 9899 10732 11060
-691 1448 2463 -4657 -491 4304 -2916 -1626 460 5576 1806 -5969 2923 -3798 -530 3814 -1643 -2656 765 -6012 -334 7247 4493 5652 -1819 1939 -7778 -3958 8465 3503 -5361 892 -1540 2577 5011 6285 -7514 7290 -3049 -4123 -254 1610 9652 -2057 -5269 2805 -8003 -6598 6344 -9921 5292 -3372 -6984 -972 632 4142 7228 -8171 -5508 -4371 -2545 9428 1660 5916 -122 -6503 -1631 -3415 2978 4396 7817 -659 6551 -5603 2286 -4370 764 -10133 -8084 -7109 -2649 8900 4523 1990 -6212 7400 3299 10686 1107 -233 -7981 -2509 4963 8276 -1558 -4961 -3542 6148 -10868 -7079 0 7079 10868 -6148 3542 4961 1558 -8276 -4963 2509 7981 233 -1107 -10686 -3299 -7400 6212 -1990 -4523 -8900 2649 7109 8084 10133 -764 4370 -2286 5603 -6551 659 -7817 -4396 -2978 3415 1631 6503 122 -5916 -1660 -9428 2545 4371 5508 8171 -7228 -4142 -632 972 6984 3372 -5292 9921 -6344 6598 8003 -2805 5269 2057 -9652 -1610 254 4123 3049 -7290 7514 -6285 -5011 -2577 1540 -892 5361 -3503 -8465 3958 7778 -1939 1819 -5652 -4493 -7247 334 6012 -765 2656 1643 -3814 530 3798 -2923 5969 -1806 -5576 -460 1626 2916 -4304 491 4657 -2463 -1448 691
STRONGHOLDS 13 15 18 35 54 75 82 97 100 103 118 125 146 165 182 185 187
4 1 4 6 7
5 0 2 4 5 8
5 1 5 8 10 12
3 6 11 13
5 0 1 7 8 14
5 1 2 9 12 15
5 0 3 7 13 17
6 0 4 6 14 16 17
6 1 2 4 10 14 18
4 5 15 21 23
5 2 8 12 18 25
4 3 13 19 26
6 2 5 10 15 25 29
6 3 6 11 17 19 27
6 4 7 8 16 18 20
6 5 9 12 22 23 29
5 7 14 17 20 24
7 6 7 13 16 24 27 38
6 8 10 14 20 25 31
6 11 13 26 27 30 36
7 14 16 18 24 31 32 40
4 9 23 28 35
4 15 23 29 34
6 9 15 21 22 34 35
5 16 17 20 32 38
6 10 12 18 29 31 33
4 11 19 36 49
6 13 17 19 30 38 39
4 21 35 37 42
8 12 15 22 25 33 34 45 55
6 19 27 36 39 44 47
7 18 20 25 33 40 41 54
6 20 24 38 40 43 53
5 25 29 31 41 45
7 22 23 29 35 48 50 55
6 21 23 28 34 37 48
6 19 26 30 46 47 49
6 28 35 42 48 56 61
7 17 24 27 32 39 43 51
6 27 30 38 44 51 59
5 20 31 32 53 54
5 31 33 45 54 62
3 28 37 61
5 32 38 51 53 60
5 30 39 47 58 59
6 29 33 41 55 62 68
5 36 47 49 52 57
6 30 36 44 46 52 58
6 34 35 37 50 56 63
5 26 36 46 57 77
5 34 48 55 63 69
6 38 39 43 59 60 67
5 46 47 57 58 65
7 32 40 43 54 60 64 66
6 31 40 41 53 62 64
6 29 34 45 50 68 69
6 37 48 61 63 70 72
7 46 49 52 65 77 78 79
6 44 47 52 59 65 73
7 39 44 51 58 67 73 75
6 43 51 53 66 67 80
6 37 42 56 70 81 87
7 41 45 54 64 68 74 76
6 48 50 56 69 72 82
6 53 54 62 66 71 76
5 52 57 58 73 79
5 53 60 64 71 80
5 51 59 60 75 80
6 45 55 62 69 74 86
6 50 55 63 68 82 86
5 56 61 72 81 85
6 64 66 76 80 89 94
7 56 63 70 82 85 92 97
7 58 59 65 75 79 84 95
5 62 68 76 83 86
6 59 67 73 80 95 96
7 62 64 71 74 83 88 89
5 49 57 78 90 98
4 57 77 79 90
7 57 65 73 78 84 90 99
8 60 66 67 71 75 91 94 96
5 61 70 85 87 93
5 63 69 72 86 92
6 74 76 86 88 106 109
5 73 79 95 99 103
6 70 72 81 93 97 101
8 68 69 74 82 83 92 104 109
4 61 81 93 102
5 76 83 89 100 106
5 71 76 88 94 100
6 77 78 79 98 99 107
5 80 94 96 114 117
6 72 82 86 97 104 105
6 81 85 87 101 102 110
7 71 80 89 91 100 112 117
6 73 75 84 96 103 108
6 75 80 91 95 108 114
6 72 85 92 101 105 116
4 77 90 107 113
6 79 84 90 103 107 115
6 88 89 94 106 111 112
6 85 93 97 110 116 121
4 87 93 110 123
6 84 95 99 108 115 128
6 86 92 105 109 120 125
6 92 97 104 116 125 127
7 83 88 100 109 111 120 129
6 90 98 99 113 115 119
6 95 96 103 114 118 128
5 83 86 104 106 120
6 93 101 102 121 122 123
5 100 106 112 124 129
5 94 100 111 117 124
4 98 107 119 139
8 91 96 108 117 118 126 131 132
6 99 103 107 119 128 130
5 97 101 105 121 127
6 91 94 112 114 124 126
5 108 114 128 131 137
5 107 113 115 130 139
8 104 106 109 125 129 133 134 140
7 101 110 116 122 127 135 143
4 110 121 123 143
5 102 110 122 143 151
7 111 112 117 126 129 136 138
6 104 105 120 127 133 141
5 114 117 124 132 138
7 105 116 121 125 135 141 142
7 103 108 115 118 130 137 144
6 106 111 120 124 134 136
5 115 119 128 139 144
6 114 118 132 137 145 150
6 114 126 131 138 145 155
5 120 125 140 141 149
5 120 129 136 140 147
5 121 127 142 143 148
6 124 129 134 138 146 147
6 118 128 131 144 150 152
7 124 126 132 136 146 155 159
6 113 119 130 144 158 163
6 120 133 134 147 149 157
7 125 127 133 142 149 156 161
6 127 135 141 148 153 156
7 121 122 123 135 148 151 154
6 128 130 137 139 152 163
6 131 132 150 155 166 171
6 136 138 147 159 160 169
7 134 136 140 146 157 160 168
5 135 142 143 153 154
6 133 140 141 157 161 162
5 131 137 145 152 166
5 123 143 154 164 174
6 137 144 150 163 165 166
6 142 148 154 156 164 170
5 143 148 151 153 164
6 132 138 145 159 167 171
5 141 142 153 161 170
5 140 147 149 162 168
3 139 163 172
5 138 146 155 167 169
5 146 147 168 169 180
6 141 149 156 162 170 173
7 149 157 161 168 173 176 183
6 139 144 152 158 165 172
6 151 153 154 170 174 181
6 152 163 166 172 177 179
7 145 150 152 165 171 177 178
5 155 159 169 171 175
6 147 157 160 162 176 180
7 146 159 160 167 175 180 182
6 153 156 161 164 173 181
8 145 155 166 167 175 178 185 188
4 158 163 165 179
6 161 162 170 181 183 187
4 151 164 181 189
6 167 169 171 182 188 190
5 162 168 180 183 184
6 165 166 178 179 185 191
4 166 171 177 185
4 165 172 177 191
7 160 168 169 176 182 184 186
6 164 170 173 174 187 189
6 169 175 180 186 190 192
7 162 173 176 184 187 193 194
5 176 180 183 186 193
6 171 177 178 188 191 195
6 180 182 184 192 193 196
6 173 181 183 189 194 197
6 171 175 185 190 195 198
4 174 181 187 197
5 175 182 188 192 198
4 177 179 185 195
6 182 186 190 196 198 199
6 183 184 186 194 196 200
5 183 187 193 197 200
5 185 188 191 198 199
5 186 192 193 199 200
3 187 189 194
5 188 190 192 195 199
5 192 195 196 198 200
4 193 194 196 199
END MAP
TURN 1
COMMAND LEFT START
MOVE A1 18
MOVE A2 100
COMMAND LEFT END
COMMAND RIGHT START
MOVE B2 182
MOVE B3 187
COMMAND RIGHT END
TURN 1 RESULT
TIME LEFT 5 5 RIGHT 0 5
MOVE A1 4
MOVE A2 4
MOVE B2 196
MOVE B3 194
END TURN 1
TURN 2
COMMAND LEFT START
COMMAND LEFT END
COMMAND RIGHT START
COMMAND RIGHT END
TURN 2 RESULT
TIME LEFT 0 5 RIGHT 0 5
MOVE A1 8
MOVE A2 14
MOVE B2 192
MOVE B3 187
END TURN 2
TURN 3
COMMAND LEFT START
COMMAND LEFT END
COMMAND RIGHT START
UPGRADE 187
COMMAND RIGHT END
TURN 3 RESULT
TIME LEFT 0 5 RIGHT 0 5
UPGRADE B 187
MOVE A1 18
MOVE A2 20
MOVE B2 182
END TURN 3
TURN 4
COMMAND LEFT START
UPGRADE 18
COMMAND LEFT END
COMMAND RIGHT START
COMMAND RIGHT END
TURN 4 RESULT
TIME LEFT 0 5 RIGHT 0 5
UPGRADE A 18
MOVE A2 40
END TURN 4
TURN 5
COMMAND LEFT START
COMMAND LEFT END
COMMAND RIGHT START
COMMAND RIGHT END
TURN 5 RESULT
TIME LEFT 0 5 RIGHT 0 5
MOVE A2 53
END TURN 5
TURN 6
COMMAND LEFT START
COMMAND LEFT END
COMMAND RIGHT START
COMMAND RIGHT END
TURN 6 RESULT
TIME LEFT 0 5 RIGHT 0 5
MOVE A2 64
END TURN 6
TURN 7
COMMAND LEFT START
COMMAND LEFT END
COMMAND RIGHT START
COMMAND RIGHT END
TURN 7 RESULT
TIME LEFT 0 5 RIGHT 0 5
MOVE A2 71
END TURN 7
TURN 8
COMMAND LEFT START
COMMAND LEFT END
COMMAND RIGHT START
COMMAND RIGHT END
TURN 8 RESULT
TIME LEFT 0 5 RIGHT 0 5
MOVE A2 89
END TURN 8
TURN 9
COMMAND LEFT START
COMMAND LEFT END
COMMAND RIGHT START
COMMAND RIGHT END
TURN 9 RESULT
TIME LEFT 0 5 RIGHT 0 5
MOVE A2 100
END TURN 9
TURN 10
COMMAND LEFT START
COMMAND LEFT END
COMMAND RIGHT START
COMMAND RIGHT END
TURN 10 RESULT
TIME LEFT 0 5 RIGHT 0 5
END TURN 10
TURN 11
COMMAND LEFT START
COMMAND LEFT END
COMMAND RIGHT START
COMMAND RIGHT END
TURN 11 RESULT
TIME LEFT 0 5 RIGHT 0 5
END TURN 11
TURN 12
COMMAND LEFT START
COMMAND LEFT END
COMMAND RIGHT START
COMMAND RIGHT END
TURN 12 RESULT
TIME LEFT 0 5 RIGHT 0 5
END TURN 12
TURN 13
COMMAND LEFT START
COMMAND LEFT END
COMMAND RIGHT START
COMMAND RIGHT END
TURN 13 RESULT
TIME LEFT 0 5 RIGHT 0 5
END TURN 13
TURN 14
COMMAND LEFT START
COMMAND LEFT END
COMMAND RIGHT START
UPGRADE 182
COMMAND RIGHT END
TURN 14 RESULT
TIME LEFT 0 5 RIGHT 0 5
UPGRADE B 182
END TURN 14
TURN 15
COMMAND LEFT START
UPGRADE 100
COMMAND LEFT END
COMMAND RIGHT START
COMMAND RIGHT END
TURN 15 RESULT
TIME LEFT 0 5 RIGHT 0 5
UPGRADE A 100
END TURN 15
TURN 16
COMMAND LEFT START
COMMAND LEFT END
COMMAND RIGHT START
COMMAND RIGHT END
TURN 16 RESULT
TIME LEFT 0 5 RIGHT 0 5
END TURN 16
TURN 17
COMMAND LEFT START
COMMAND LEFT END
COMMAND RIGHT START
TRAIN 1
COMMAND RIGHT END
TURN 17 RESULT
TIME LEFT 0 5 RIGHT 0 5
TRAIN B4
END TURN 17
TURN 18
COMMAND LEFT START
TRAIN 1
COMMAND LEFT END
COMMAND RIGHT START
MOVE B4 185
COMMAND RIGHT END
TURN 18 RESULT
TIME LEFT 0 5 RIGHT 0 5
TRAIN A4
MOVE B4 199
END TURN 18
TURN 19
COMMAND LEFT START
COMMAND LEFT END
COMMAND RIGHT START
COMMAND RIGHT END
TURN 19 RESULT
TIME LEFT 0 5 RIGHT 0 5
MOVE B4 198
END TURN 19
TURN 20
COMMAND LEFT START
COMMAND LEFT END
COMMAND RIGHT START
COMMAND RIGHT END
TURN 20 RESULT
TIME LEFT 0 5 RIGHT 0 5
MOVE B4 188
END TURN 20
TURN 21
COMMAND LEFT START
COMMAND LEFT END
COMMAND RIGHT START
COMMAND RIGHT END
TURN 21 RESULT
TIME LEFT 0 5 RIGHT 0 5
MOVE B4 185
END TURN 21
TURN 22
COMMAND LEFT START
COMMAND LEFT END
COMMAND RIGHT START
COMMAND RIGHT END
TURN 22 RESULT
TIME LEFT 0 5 RIGHT 0 5
END TURN 22
TURN 23
COMMAND LEFT START
COMMAND LEFT END
COMMAND RIGHT START
COMMAND RIGHT END
TURN 23 RESULT
TIME LEFT 0 5 RIGHT 0 5
END TURN 23
TURN 24
COMMAND LEFT START
COMMAND LEFT END
COMMAND RIGHT START
COMMAND RIGHT END
TURN 24 RESULT
TIME LEFT 0 5 RIGHT 0 5
END TURN 24
TURN 25
COMMAND LEFT START
COMMAND LEFT END
COMMAND RIGHT START
COMMAND RIGHT END
TURN 25 RESULT
TIME LEFT 0 5 RIGHT 0 5
END TURN 25
TURN 26
COMMAND LEFT START
COMMAND LEFT END
COMMAND RIGHT START
COMMAND RIGHT END
TURN 26 RESULT
TIME LEFT 0 5 RIGHT 0 5
END TURN 26
TURN 27
COMMAND LEFT START
COMMAND LEFT END
COMMAND RIGHT START
COMMAND RIGHT END
TURN 27 RESULT
TIME LEFT 0 5 RIGHT 0 5
END TURN 27
TURN 28
COMMAND LEFT START
COMMAND LEFT END
COMMAND RIGHT START
COMMAND RIGHT END
TURN 28 RESULT
TIME LEFT 0 5 RIGHT 0 5
END TURN 28
TURN 29
COMMAND LEFT START
COMMAND LEFT END
COMMAND RIGHT START
COMMAND RIGHT END
TURN 29 RESULT
TIME LEFT 0 5 RIGHT 0 5
END TURN 29
TURN 30
COMMAND LEFT START
MOVE A3 13
COMMAND LEFT END
COMMAND RIGHT START
COMMAND RIGHT END
TURN 30 RESULT
TIME LEFT 0 5 RIGHT 0 5
MOVE A3 6
END TURN 30
TURN 31
COMMAND LEFT START
COMMAND LEFT END
COMMAND RIGHT START
UPGRADE 185
COMMAND RIGHT END
TURN 31 RESULT
TIME LEFT 0 5 RIGHT 0 5
UPGRADE B 185
MOVE A3 13
END TURN 31
TURN 32
COMMAND LEFT START
UPGRADE 13
COMMAND LEFT END
COMMAND RIGHT START
COMMAND RIGHT END
TURN 32 RESULT
TIME LEFT 0 5 RIGHT 0 5
UPGRADE A 13
END TURN 32
TURN 33
COMMAND LEFT START
COMMAND LEFT END
COMMAND RIGHT START
COMMAND RIGHT END
TURN 33 RESULT
TIME LEFT 0 5 RIGHT 0 5
END TURN 33
TURN 34
COMMAND LEFT START
TRAIN 1
COMMAND LEFT END
COMMAND RIGHT START
TRAIN 1
COMMAND RIGHT END
TURN 34 RESULT
TIME LEFT 0 5 RIGHT 0 5
TRAIN A5 B5
END TURN 34
TURN 35
COMMAND LEFT START
COMMAND LEFT END
COMMAND RIGHT START
MOVE B5 182
COMMAND RIGHT END
TURN 35 RESULT
TIME LEFT 0 5 RIGHT 0 5
MOVE B5 196
END TURN 35
TURN 36
COMMAND LEFT START
COMMAND LEFT END
COMMAND RIGHT START
COMMAND RIGHT END
TURN 36 RESULT
TIME LEFT 0 5 RIGHT 0 5
MOVE B5 192
END TURN 36
TURN 37
COMMAND LEFT START
COMMAND LEFT END
COMMAND RIGHT START
MOVE B2 146
COMMAND RIGHT END
TURN 37 RESULT
TIME LEFT 0 5 RIGHT 0 5
MOVE B2 169
MOVE B5 182
END TURN 37
TURN 38
COMMAND LEFT START
COMMAND LEFT END
COMMAND RIGHT START
COMMAND RIGHT END
TURN 38 RESULT
TIME LEFT 0 5 RIGHT 0 5
MOVE B2 146
END TURN 38
TURN 39
COMMAND LEFT START
COMMAND LEFT END
COMMAND RIGHT START
COMMAND RIGHT END
TURN 39 RESULT
TIME LEFT 0 5 RIGHT 0 5
END TURN 39
TURN 40
COMMAND LEFT START
MOVE A5 15
COMMAND LEFT END
COMMAND RIGHT START
COMMAND RIGHT END
TURN 40 RESULT
TIME LEFT 0 5 RIGHT 0 5
MOVE A5 1
END TURN 40
TURN 41
COMMAND LEFT START
COMMAND LEFT END
COMMAND RIGHT START
COMMAND RIGHT END
TURN 41 RESULT
TIME LEFT 0 5 RIGHT 0 5
MOVE A5 2
END TURN 41
TURN 42
COMMAND LEFT START
COMMAND LEFT END
COMMAND RIGHT START
COMMAND RIGHT END
TURN 42 RESULT
TIME LEFT 0 5 RIGHT 0 5
MOVE A5 12
END TURN 42
TURN 43
COMMAND LEFT START
COMMAND LEFT END
COMMAND RIGHT START
COMMAND RIGHT END
TURN 43 RESULT
TIME LEFT 0 5 RIGHT 0 5
MOVE A5 15
END TURN 43
TURN 44
COMMAND LEFT START
UPGRADE 15
COMMAND LEFT END
COMMAND RIGHT START
UPGRADE 146
COMMAND RIGHT END
TURN 44 RESULT
TIME LEFT 0 5 RIGHT 0 5
UPGRADE A 15
UPGRADE B 146
END TURN 44
TURN 45
COMMAND LEFT START
COMMAND LEFT END
COMMAND RIGHT START
COMMAND RIGHT END
TURN 45 RESULT
TIME LEFT 0 5 RIGHT 0 5
END TURN 45
TURN 46
COMMAND LEFT START
COMMAND LEFT END
COMMAND RIGHT START
TRAIN 1
COMMAND RIGHT END
TURN 46 RESULT
TIME LEFT 0 5 RIGHT 0 5
TRAIN B6
END TURN 46
TURN 47
COMMAND LEFT START
COMMAND LEFT END
COMMAND RIGHT START
MOVE B6 185
COMMAND RIGHT END
TURN 47 RESULT
TIME LEFT 0 5 RIGHT 0 5
MOVE B6 199
END TURN 47
TURN 48
COMMAND LEFT START
COMMAND LEFT END
COMMAND RIGHT START
COMMAND RIGHT END
TURN 48 RESULT
TIME LEFT 0 5 RIGHT 0 5
MOVE B6 198
END TURN 48
TURN 49
COMMAND LEFT START
COMMAND LEFT END
COMMAND RIGHT START
COMMAND RIGHT END
TURN 49 RESULT
TIME LEFT 0 5 RIGHT 0 5
MOVE B6 188
END TURN 49
TURN 50
COMMAND LEFT START
COMMAND LEFT END
COMMAND RIGHT START
MOVE B4 165
COMMAND RIGHT END
TURN 50 RESULT
TIME LEFT 0 5 RIGHT 0 5
MOVE B4 177
MOVE B6 185
END TURN 50
TURN 51
COMMAND LEFT START
COMMAND LEFT END
COMMAND RIGHT START
COMMAND RIGHT END
TURN 51 RESULT
TIME LEFT 0 5 RIGHT 0 5
MOVE B4 165
END TURN 51
TURN 52
COMMAND LEFT START
COMMAND LEFT END
COMMAND RIGHT START
COMMAND RIGHT END
TURN 52 RESULT
TIME LEFT 0 5 RIGHT 0 5
END TURN 52
TURN 53
COMMAND LEFT START
COMMAND LEFT END
COMMAND RIGHT START
COMMAND RIGHT END
TURN 53 RESULT
TIME LEFT 0 5 RIGHT 0 5
END TURN 53
TURN 54
COMMAND LEFT START
UPGRADE 0
COMMAND LEFT END
COMMAND RIGHT START
UPGRADE 165
COMMAND RIGHT END
TURN 54 RESULT
TIME LEFT 0 5 RIGHT 0 5
UPGRADE A 0
UPGRADE B 165
END TURN 54
TURN 55
COMMAND LEFT START
COMMAND LEFT END
COMMAND RIGHT START
COMMAND RIGHT END
TURN 55 RESULT
TIME LEFT 0 5 RIGHT 0 5
END TURN 55
TURN 56
COMMAND LEFT START
TRAIN 1
COMMAND LEFT END
COMMAND RIGHT START
TRAIN 1
COMMAND RIGHT END
TURN 56 RESULT
TIME LEFT 0 5 RIGHT 0 5
TRAIN A6 B7
END TURN 56
TURN 57
COMMAND LEFT START
COMMAND LEFT END
COMMAND RIGHT START
MOVE B7 187
COMMAND RIGHT END
TURN 57 RESULT
TIME LEFT 0 5 RIGHT 0 5
MOVE B7 194
END TURN 57
TURN 58
COMMAND LEFT START
COMMAND LEFT END
COMMAND RIGHT START
MOVE B3 125
COMMAND RIGHT END
TURN 58 RESULT
TIME LEFT 0 5 RIGHT 0 5
MOVE B3 173
MOVE B7 187
END TURN 58
TURN 59
COMMAND LEFT START
COMMAND LEFT END
COMMAND RIGHT START
COMMAND RIGHT END
TURN 59 RESULT
TIME LEFT 0 5 RIGHT 0 5
MOVE B3 161
END TURN 59
TURN 60
COMMAND LEFT START
COMMAND LEFT END
COMMAND RIGHT START
COMMAND RIGHT END
TURN 60 RESULT
TIME LEFT 0 5 RIGHT 0 5
MOVE B3 141
END TURN 60
TURN 61
COMMAND LEFT START
COMMAND LEFT END
COMMAND RIGHT START
COMMAND RIGHT END
TURN 61 RESULT
TIME LEFT 0 5 RIGHT 0 5
MOVE B3 125
END TURN 61
TURN 62
COMMAND LEFT START
COMMAND LEFT END
COMMAND RIGHT START
UPGRADE 125
COMMAND RIGHT END
TURN 62 RESULT
TIME LEFT 0 5 RIGHT 0 5
UPGRADE B 125
END TURN 62
TURN 63
COMMAND LEFT START
UPGRADE 13
COMMAND LEFT END
COMMAND RIGHT START
COMMAND RIGHT END
TURN 63 RESULT
TIME LEFT 0 5 RIGHT 0 5
UPGRADE A 13
END TURN 63
TURN 64
COMMAND LEFT START
TRAIN 1
COMMAND LEFT END
COMMAND RIGHT START
TRAIN 1
COMMAND RIGHT END
TURN 64 RESULT
TIME LEFT 0 5 RIGHT 0 5
TRAIN A7 B8
END TURN 64
TURN 65
COMMAND LEFT START
MOVE A4 13
COMMAND LEFT END
COMMAND RIGHT START
MOVE B8 185
COMMAND RIGHT END
TURN 65 RESULT
TIME LEFT 0 5 RIGHT 0 5
MOVE A4 6
MOVE B8 199
END TURN 65
TURN 66
COMMAND LEFT START
COMMAND LEFT END
COMMAND RIGHT START
COMMAND RIGHT END
TURN 66 RESULT
TIME LEFT 0 5 RIGHT 0 5
MOVE A4 13
MOVE B8 198
END TURN 66
TURN 67
COMMAND LEFT START
COMMAND LEFT END
COMMAND RIGHT START
COMMAND RIGHT END
TURN 67 RESULT
TIME LEFT 0 5 RIGHT 0 5
MOVE B8 188
END TURN 67
TURN 68
COMMAND LEFT START
COMMAND LEFT END
COMMAND RIGHT START
MOVE B6 118
COMMAND RIGHT END
TURN 68 RESULT
TIME LEFT 0 5 RIGHT 0 5
MOVE B6 171
MOVE B8 185
END TURN 68
TURN 69
COMMAND LEFT START
COMMAND LEFT END
COMMAND RIGHT START
COMMAND RIGHT END
TURN 69 RESULT
TIME LEFT 0 5 RIGHT 0 5
MOVE B6 145
END TURN 69
TURN 70
COMMAND LEFT START
COMMAND LEFT END
COMMAND RIGHT START
COMMAND RIGHT END
TURN 70 RESULT
TIME LEFT 0 5 RIGHT 0 5
MOVE B6 131
END TURN 70
TURN 71
COMMAND LEFT START
UPGRADE 15
COMMAND LEFT END
COMMAND RIGHT START
TRAIN 1
COMMAND RIGHT END
TURN 71 RESULT
TIME LEFT 0 5 RIGHT 0 5
UPGRADE A 15
TRAIN B9
MOVE B6 118
END TURN 71
TURN 72
COMMAND LEFT START
TRAIN 1
COMMAND LEFT END
COMMAND RIGHT START
MOVE B9 187
UPGRADE 118
COMMAND RIGHT END
TURN 72 RESULT
TIME LEFT 0 5 RIGHT 0 5
UPGRADE B 118
TRAIN A8
MOVE B9 194
END TURN 72
TURN 73
COMMAND LEFT START
MOVE A6 15
COMMAND LEFT END
COMMAND RIGHT START
MOVE B7 125
COMMAND RIGHT END
TURN 73 RESULT
TIME LEFT 0 5 RIGHT 0 5
MOVE A6 1
MOVE B7 173
MOVE B9 187
END TURN 73
TURN 74
COMMAND LEFT START
COMMAND LEFT END
COMMAND RIGHT START
COMMAND RIGHT END
TURN 74 RESULT
TIME LEFT 0 5 RIGHT 0 5
MOVE A6 2
MOVE B7 161
END TURN 74
TURN 75
COMMAND LEFT START
COMMAND LEFT END
COMMAND RIGHT START
COMMAND RIGHT END
TURN 75 RESULT
TIME LEFT 0 5 RIGHT 0 5
MOVE A6 12
MOVE B7 141
END TURN 75
TURN 76
COMMAND LEFT START
COMMAND LEFT END
COMMAND RIGHT START
MOVE B3 97
COMMAND RIGHT END
TURN 76 RESULT
TIME LEFT 0 5 RIGHT 0 5
MOVE A6 15
MOVE B3 105
MOVE B7 125
END TURN 76
TURN 77
COMMAND LEFT START
COMMAND LEFT END
COMMAND RIGHT START
TRAIN 1
COMMAND RIGHT END
TURN 77 RESULT
TIME LEFT 0 5 RIGHT 0 5
TRAIN B10
MOVE B3 97
END TURN 77
TURN 78
COMMAND LEFT START
UPGRADE 18
COMMAND LEFT END
COMMAND RIGHT START
MOVE B10 149
UPGRADE 97
COMMAND RIGHT END
TURN 78 RESULT
TIME LEFT 0 5 RIGHT 0 5
UPGRADE A 18
UPGRADE B 97
MOVE B10 193
END TURN 78
TURN 79
COMMAND LEFT START
TRAIN 1
COMMAND LEFT END
COMMAND RIGHT START
TRAIN 1
COMMAND RIGHT END
TURN 79 RESULT
TIME LEFT 0 5 RIGHT 0 5
TRAIN A9 B11
MOVE B10 183
END TURN 79
TURN 80
COMMAND LEFT START
MOVE A7 18
COMMAND LEFT END
COMMAND RIGHT START
MOVE B11 182
TRAIN 1
COMMAND RIGHT END
TURN 80 RESULT
TIME LEFT 0 5 RIGHT 0 5
TRAIN B12
MOVE A7 4
MOVE B10 162
MOVE B11 196
END TURN 80
TURN 81
COMMAND LEFT START
COMMAND LEFT END
COMMAND RIGHT START
MOVE B12 187
TRAIN 1
COMMAND RIGHT END
TURN 81 RESULT
TIME LEFT 0 5 RIGHT 0 5
TRAIN B13
MOVE A7 8
MOVE B10 149
MOVE B11 192
MOVE B12 194
END TURN 81
TURN 82
COMMAND LEFT START
COMMAND LEFT END
COMMAND RIGHT START
MOVE B5 146
MOVE B9 125
MOVE B13 185
TRAIN 1
COMMAND RIGHT END
TURN 82 RESULT
TIME LEFT 0 5 RIGHT 0 5
TRAIN B14
MOVE A7 18
MOVE B5 169
MOVE B9 173
MOVE B11 182
MOVE B12 187
MOVE B13 199
END TURN 82
TURN 83
COMMAND LEFT START
COMMAND LEFT END
COMMAND RIGHT START
MOVE B2 100
MOVE B14 160
COMMAND RIGHT END
TURN 83 RESULT
TIME LEFT 0 5 RIGHT 0 5
MOVE B2 136
MOVE B5 146
MOVE B9 161
MOVE B13 198
MOVE B14 196
END TURN 83
TURN 84
COMMAND LEFT START
UPGRADE 100
COMMAND LEFT END
COMMAND RIGHT START
COMMAND RIGHT END
TURN 84 RESULT
TIME LEFT 0 5 RIGHT 0 5
UPGRADE A 100
MOVE B2 129
MOVE B9 141
MOVE B13 188
MOVE B14 186
END TURN 84
TURN 85
COMMAND LEFT START
TRAIN 1
COMMAND LEFT END
COMMAND RIGHT START
MOVE B7 82
MOVE B8 165
COMMAND RIGHT END
TURN 85 RESULT
TIME LEFT 0 5 RIGHT 0 5
TRAIN A10
MOVE B2 111
MOVE B7 105
MOVE B8 177
MOVE B9 125
MOVE B13 185
MOVE B14 180
END TURN 85
TURN 86
COMMAND LEFT START
MOVE A8 100
COMMAND LEFT END
COMMAND RIGHT START
MOVE B4 103
COMMAND RIGHT END
TURN 86 RESULT
TIME LEFT 0 5 RIGHT 0 5
MOVE A8 4
MOVE B2 100
MOVE B4 152
MOVE B7 92
MOVE B8 165
MOVE B14 160
DAMAGE TURRET B2 1
DAMAGE COMBAT A2 1
DAMAGE COMBAT B2 1
END TURN 86
TURN 87
COMMAND LEFT START
COMMAND LEFT END
COMMAND RIGHT START
COMMAND RIGHT END
TURN 87 RESULT
TIME LEFT 0 5 RIGHT 0 5
MOVE A8 14
MOVE B4 137
MOVE B7 82
DAMAGE TURRET B2 1
DAMAGE COMBAT A2 1
DAMAGE COMBAT B2 1
END TURN 87
TURN 88
COMMAND LEFT START
COMMAND LEFT END
COMMAND RIGHT START
UPGRADE 200
COMMAND RIGHT END
TURN 88 RESULT
TIME LEFT 0 5 RIGHT 0 5
UPGRADE B 200
MOVE A8 20
MOVE B4 128
END TURN 88
TURN 89
COMMAND LEFT START
COMMAND LEFT END
COMMAND RIGHT START
MOVE B14 200
TRAIN 1
COMMAND RIGHT END
TURN 89 RESULT
TIME LEFT 0 5 RIGHT 0 5
TRAIN B15
MOVE A8 40
MOVE B4 103
MOVE B14 180
END TURN 89
TURN 90
COMMAND LEFT START
UPGRADE 13
COMMAND LEFT END
COMMAND RIGHT START
MOVE B15 160
COMMAND RIGHT END
TURN 90 RESULT
TIME LEFT 0 5 RIGHT 0 5
UPGRADE A 13
MOVE A8 53
MOVE B14 186
MOVE B15 196
END TURN 90
TURN 91
COMMAND LEFT START
COMMAND LEFT END
COMMAND RIGHT START
COMMAND RIGHT END
TURN 91 RESULT
TIME LEFT 0 5 RIGHT 0 5
MOVE A8 64
MOVE B14 196
MOVE B15 186
END TURN 91
TURN 92
COMMAND LEFT START
TRAIN 1
COMMAND LEFT END
COMMAND RIGHT START
COMMAND RIGHT END
TURN 92 RESULT
TIME LEFT 0 5 RIGHT 0 5
TRAIN A11
MOVE A8 71
MOVE B14 200
MOVE B15 180
END TURN 92
TURN 93
COMMAND LEFT START
MOVE A9 13
COMMAND LEFT END
COMMAND RIGHT START
COMMAND RIGHT END
TURN 93 RESULT
TIME LEFT 0 5 RIGHT 0 5
MOVE A8 89
MOVE A9 6
MOVE B15 160
END TURN 93
TURN 94
COMMAND LEFT START
COMMAND LEFT END
COMMAND RIGHT START
UPGRADE 82
COMMAND RIGHT END
TURN 94 RESULT
TIME LEFT 0 5 RIGHT 0 5
UPGRADE B 82
MOVE A8 100
MOVE A9 13
END TURN 94
TURN 95
COMMAND LEFT START
COMMAND LEFT END
COMMAND RIGHT START
COMMAND RIGHT END
TURN 95 RESULT
TIME LEFT 0 5 RIGHT 0 5
END TURN 95
TURN 96
COMMAND LEFT START
UPGRADE 15
COMMAND LEFT END
COMMAND RIGHT START
COMMAND RIGHT END
TURN 96 RESULT
TIME LEFT 0 5 RIGHT 0 5
UPGRADE A 15
END TURN 96
TURN 97
COMMAND LEFT START
TRAIN 1
COMMAND LEFT END
COMMAND RIGHT START
COMMAND RIGHT END
TURN 97 RESULT
TIME LEFT 0 5 RIGHT 0 5
TRAIN A12
END TURN 97
TURN 98
COMMAND LEFT START
MOVE A10 15
COMMAND LEFT END
COMMAND RIGHT START
UPGRADE 82
COMMAND RIGHT END
TURN 98 RESULT
TIME LEFT 0 5 RIGHT 0 5
UPGRADE B 82
MOVE A10 1
END TURN 98
TURN 99
COMMAND LEFT START
COMMAND LEFT END
COMMAND RIGHT START
MOVE B10 125
MOVE B15 149
TRAIN 1
COMMAND RIGHT END
TURN 99 RESULT
TIME LEFT 0 5 RIGHT 0 5
TRAIN B16
MOVE A10 2
MOVE B10 133
MOVE B15 168
END TURN 99
TURN 100
COMMAND LEFT START
COMMAND LEFT END
COMMAND RIGHT START
MOVE B9 82
MOVE B16 160
COMMAND RIGHT END
TURN 100 RESULT
TIME LEFT 0 5 RIGHT 0 5
MOVE A10 12
MOVE B9 105
MOVE B10 125
MOVE B15 157
MOVE B16 196
END TURN 100
TURN 101
COMMAND LEFT START
UPGRADE 18
COMMAND LEFT END
COMMAND RIGHT START
COMMAND RIGHT END
TURN 101 RESULT
TIME LEFT 0 5 RIGHT 0 5
UPGRADE A 18
MOVE A10 15
MOVE B9 92
MOVE B15 149
MOVE B16 186
END TURN 101
TURN 102
COMMAND LEFT START
TRAIN 1
COMMAND LEFT END
COMMAND RIGHT START
COMMAND RIGHT END
TURN 102 RESULT
TIME LEFT 0 5 RIGHT 0 5
TRAIN A13
MOVE B9 82
MOVE B16 180
END TURN 102
TURN 103
COMMAND LEFT START
MOVE A11 18
COMMAND LEFT END
COMMAND RIGHT START
UPGRADE 97
COMMAND RIGHT END
TURN 103 RESULT
TIME LEFT 0 5 RIGHT 0 5
UPGRADE B 97
MOVE A11 4
MOVE B16 160
END TURN 103
TURN 104
COMMAND LEFT START
COMMAND LEFT END
COMMAND RIGHT START
MOVE B9 97
MOVE B15 125
MOVE B16 149
TRAIN 1
COMMAND RIGHT END
TURN 104 RESULT
TIME LEFT 0 5 RIGHT 0 5
TRAIN B17
MOVE A11 8
MOVE B9 92
MOVE B15 133
MOVE B16 168
END TURN 104
TURN 105
COMMAND LEFT START
COMMAND LEFT END
COMMAND RIGHT START
MOVE B10 82
MOVE B17 160
COMMAND RIGHT END
TURN 105 RESULT
TIME LEFT 0 5 RIGHT 0 5
MOVE A11 18
MOVE B9 97
MOVE B10 105
MOVE B15 125
MOVE B16 157
MOVE B17 196
END TURN 105
TURN 106
COMMAND LEFT START
COMMAND LEFT END
COMMAND RIGHT START
COMMAND RIGHT END
TURN 106 RESULT
TIME LEFT 0 5 RIGHT 0 5
MOVE B10 92
MOVE B16 149
MOVE B17 186
END TURN 106
TURN 107
COMMAND LEFT START
COMMAND LEFT END
COMMAND RIGHT START
COMMAND RIGHT END
TURN 107 RESULT
TIME LEFT 0 5 RIGHT 0 5
MOVE B10 82
MOVE B17 180
END TURN 107
TURN 108
COMMAND LEFT START
UPGRADE 0
COMMAND LEFT END
COMMAND RIGHT START
UPGRADE 118
COMMAND RIGHT END
TURN 108 RESULT
TIME LEFT 0 5 RIGHT 0 5
UPGRADE A 0
UPGRADE B 118
MOVE B17 160
END TURN 108
TURN 109
COMMAND LEFT START
TRAIN 1
COMMAND LEFT END
COMMAND RIGHT START
MOVE B4 118
MOVE B17 146
TRAIN 1
COMMAND RIGHT END
TURN 109 RESULT
TIME LEFT 0 5 RIGHT 0 5
TRAIN A14 B18
MOVE B4 108
MOVE B17 146
END TURN 109
TURN 110
COMMAND LEFT START
COMMAND LEFT END
COMMAND RIGHT START
MOVE B17 103
MOVE B18 160
COMMAND RIGHT END
TURN 110 RESULT
TIME LEFT 0 5 RIGHT 0 5
MOVE B4 118
MOVE B17 138
MOVE B18 196
END TURN 110
TURN 111
COMMAND LEFT START
COMMAND LEFT END
COMMAND RIGHT START
COMMAND RIGHT END
TURN 111 RESULT
TIME LEFT 0 5 RIGHT 0 5
MOVE B17 126
MOVE B18 186
END TURN 111
TURN 112
COMMAND LEFT START
UPGRADE 100
COMMAND LEFT END
COMMAND RIGHT START
UPGRADE 125
COMMAND RIGHT END
TURN 112 RESULT
TIME LEFT 0 5 RIGHT 0 5
UPGRADE A 100
UPGRADE B 125
MOVE B17 114
MOVE B18 180
END TURN 112
TURN 113
COMMAND LEFT START
TRAIN 1
COMMAND LEFT END
COMMAND RIGHT START
MOVE B16 125
TRAIN 1
COMMAND RIGHT END
TURN 113 RESULT
TIME LEFT 0 5 RIGHT 0 5
TRAIN A15 B19
MOVE B16 133
MOVE B17 108
MOVE B18 160
END TURN 113
TURN 114
COMMAND LEFT START
MOVE A12 100
COMMAND LEFT END
COMMAND RIGHT START
MOVE B18 149
MOVE B19 160
COMMAND RIGHT END
TURN 114 RESULT
TIME LEFT 0 5 RIGHT 0 5
MOVE A12 4
MOVE B16 125
MOVE B17 103
MOVE B18 168
MOVE B19 196
END TURN 114
TURN 115
COMMAND LEFT START
COMMAND LEFT END
COMMAND RIGHT START
COMMAND RIGHT END
TURN 115 RESULT
TIME LEFT 0 5 RIGHT 0 5
MOVE A12 14
MOVE B18 157
MOVE B19 186
END TURN 115
TURN 116
COMMAND LEFT START
COMMAND LEFT END
COMMAND RIGHT START
UPGRADE 146
COMMAND RIGHT END
TURN 116 RESULT
TIME LEFT 0 5 RIGHT 0 5
UPGRADE B 146
MOVE A12 20
MOVE B18 149
MOVE B19 180
END TURN 116
TURN 117
COMMAND LEFT START
TRAIN 1
COMMAND LEFT END
COMMAND RIGHT START
MOVE B17 146
MOVE B18 146
TRAIN 1
COMMAND RIGHT END
TURN 117 RESULT
TIME LEFT 0 5 RIGHT 0 5
TRAIN A16 B20
MOVE A12 40
MOVE B17 108
MOVE B18 140
MOVE B19 160
END TURN 117
TURN 118
COMMAND LEFT START
TRAIN 2
COMMAND LEFT END
COMMAND RIGHT START
MOVE B19 146
MOVE B20 160
COMMAND RIGHT END
TURN 118 RESULT
TIME LEFT 0 5 RIGHT 0 5
TRAIN A17 A18
MOVE A12 53
MOVE B17 114
MOVE B18 147
MOVE B19 146
MOVE B20 196
END TURN 118
TURN 119
COMMAND LEFT START
MOVE A18 54
COMMAND LEFT END
COMMAND RIGHT START
MOVE B19 103
COMMAND RIGHT END
TURN 119 RESULT
TIME LEFT 0 5 RIGHT 0 5
MOVE A12 64
MOVE A18 4
MOVE B17 126
MOVE B18 146
MOVE B19 138
MOVE B20 186
END TURN 119
TURN 120
COMMAND LEFT START
MOVE A17 200
TRAIN 2
COMMAND LEFT END
COMMAND RIGHT START
UPGRADE 165
COMMAND RIGHT END
TURN 120 RESULT
TIME LEFT 0 5 RIGHT 0 5
UPGRADE B 165
TRAIN A19 A20
MOVE A12 71
MOVE A17 4
MOVE A18 14
MOVE B17 138
MOVE B19 126
MOVE B20 180
END TURN 120
TURN 121
COMMAND LEFT START
TRAIN 2
COMMAND LEFT END
COMMAND RIGHT START
MOVE B6 165
MOVE B10 118
MOVE B18 149
TRAIN 1
COMMAND RIGHT END
TURN 121 RESULT
TIME LEFT 0 5 RIGHT 0 5
TRAIN A21 A22 B21
MOVE A12 89
MOVE A17 14
MOVE A18 20
MOVE B6 137
MOVE B10 86
MOVE B17 146
MOVE B18 147
MOVE B19 114
MOVE B20 160
END TURN 121
TURN 122
COMMAND LEFT START
TRAIN 1
COMMAND LEFT END
COMMAND RIGHT START
MOVE B20 82
MOVE B21 160
COMMAND RIGHT END
TURN 122 RESULT
TIME LEFT 0 5 RIGHT 0 5
TRAIN A23
MOVE A12 100
MOVE A17 20
MOVE A18 40
MOVE B6 152
MOVE B10 83
MOVE B18 140
MOVE B19 108
MOVE B20 147
MOVE B21 196
END TURN 122
TURN 123
COMMAND LEFT START
TRAIN 2
COMMAND LEFT END
COMMAND RIGHT START
UPGRADE 182
COMMAND RIGHT END
TURN 123 RESULT
TIME LEFT 0 5 RIGHT 0 5
UPGRADE B 182
TRAIN A24 A25
MOVE A17 40
MOVE A18 54
MOVE B6 165
MOVE B10 88
MOVE B18 149
MOVE B19 103
MOVE B20 134
MOVE B21 186
END TURN 123
TURN 124
COMMAND LEFT START
MOVE A25 100
MOVE A24 100
MOVE A23 100
MOVE A22 100
MOVE A21 100
MOVE A20 100
MOVE A19 100
MOVE A16 100
UPGRADE 54
COMMAND LEFT END
COMMAND RIGHT START
MOVE B17 182
MOVE B18 146
MOVE B19 146
TRAIN 1
COMMAND RIGHT END
TURN 124 RESULT
TIME LEFT 0 5 RIGHT 0 5
UPGRADE A 54
TRAIN B22
MOVE A16 4
MOVE A17 53
MOVE A19 4
MOVE A20 4
MOVE A21 4
MOVE A22 4
MOVE A23 4
MOVE A24 4
MOVE A25 4
MOVE B10 100
MOVE B17 169
MOVE B18 140
MOVE B19 108
MOVE B20 120
MOVE B21 180
DAMAGE TURRET B10 2
DAMAGE COMBAT A2 1
DAMAGE COMBAT B10 2
END TURN 124
TURN 125
COMMAND LEFT START
COMMAND LEFT END
COMMAND RIGHT START
MOVE B9 125
MOVE B22 187
TRAIN 1
COMMAND RIGHT END
TURN 125 RESULT
TIME LEFT 0 5 RIGHT 0 5
TRAIN B23
MOVE A16 14
MOVE A17 64
MOVE A19 14
MOVE A20 14
MOVE A21 14
MOVE A22 14
MOVE A23 14
MOVE A24 14
MOVE A25 14
MOVE B9 105
MOVE B17 182
MOVE B18 147
MOVE B19 114
MOVE B20 109
MOVE B21 160
MOVE B22 194
END TURN 125
TURN 126
COMMAND LEFT START
UPGRADE 54
COMMAND LEFT END
COMMAND RIGHT START
MOVE B12 125
MOVE B15 118
MOVE B21 146
MOVE B23 160
COMMAND RIGHT END
TURN 126 RESULT
TIME LEFT 0 5 RIGHT 0 5
UPGRADE A 54
MOVE A16 20
MOVE A17 71
MOVE A19 20
MOVE A20 20
MOVE A21 20
MOVE A22 20
MOVE A23 20
MOVE A24 20
MOVE A25 20
MOVE B9 125
MOVE B12 173
MOVE B15 120
MOVE B18 146
MOVE B19 126
MOVE B20 86
MOVE B21 146
MOVE B22 187
MOVE B23 196
END TURN 126
TURN 127
COMMAND LEFT START
TRAIN 1
COMMAND LEFT END
COMMAND RIGHT START
MOVE B21 103
COMMAND RIGHT END
TURN 127 RESULT
TIME LEFT 0 5 RIGHT 0 5
TRAIN A26
MOVE A16 40
MOVE A17 89
MOVE A19 40
MOVE A20 40
MOVE A21 40
MOVE A22 40
MOVE A23 40
MOVE A24 40
MOVE A25 40
MOVE B12 161
MOVE B15 129
MOVE B19 138
MOVE B20 82
MOVE B21 138
MOVE B23 186
END TURN 127
TURN 128
COMMAND LEFT START
MOVE A13 54
COMMAND LEFT END
COMMAND RIGHT START
MOVE B18 149
UPGRADE 185
COMMAND RIGHT END
TURN 128 RESULT
TIME LEFT 0 5 RIGHT 0 5
UPGRADE B 185
MOVE A13 4
MOVE A16 53
MOVE A17 100
MOVE A19 53
MOVE A20 53
MOVE A21 53
MOVE A22 53
MOVE A23 53
MOVE A24 53
MOVE A25 53
MOVE B12 141
MOVE B15 124
MOVE B18 147
MOVE B19 146
MOVE B21 126
MOVE B23 180
END TURN 128
TURN 129
COMMAND LEFT START
COMMAND LEFT END
COMMAND RIGHT START
MOVE B8 185
MOVE B9 97
MOVE B16 146
MOVE B20 125
TRAIN 1
COMMAND RIGHT END
TURN 129 RESULT
TIME LEFT 0 5 RIGHT 0 5
TRAIN B24
MOVE A13 14
MOVE A16 64
MOVE A17 111
MOVE A19 64
MOVE A20 64
MOVE A21 64
MOVE A22 64
MOVE A23 64
MOVE A24 64
MOVE A25 64
MOVE B8 177
MOVE B9 105
MOVE B12 125
MOVE B15 117
MOVE B16 133
MOVE B18 140
MOVE B20 92
MOVE B21 114
MOVE B23 160
END TURN 129
TURN 130
COMMAND LEFT START
UPGRADE 54
COMMAND LEFT END
COMMAND RIGHT START
MOVE B23 82
MOVE B24 160
COMMAND RIGHT END
TURN 130 RESULT
TIME LEFT 0 5 RIGHT 0 5
UPGRADE A 54
MOVE A13 20
MOVE A16 71
MOVE A17 129
MOVE A19 71
MOVE A20 71
MOVE A21 71
MOVE A22 71
MOVE A23 71
MOVE A24 71
MOVE A25 71
MOVE B8 185
MOVE B9 97
MOVE B15 114
MOVE B16 140
MOVE B18 149
MOVE B20 105
MOVE B21 108
MOVE B23 147
MOVE B24 196
END TURN 130
TURN 131
COMMAND LEFT START
TRAIN 1
COMMAND LEFT END
COMMAND RIGHT START
COMMAND RIGHT END
TURN 131 RESULT
TIME LEFT 0 5 RIGHT 0 5
TRAIN A27
MOVE A13 40
MOVE A16 89
MOVE A17 136
MOVE A19 89
MOVE A20 89
MOVE A21 89
MOVE A22 89
MOVE A23 89
MOVE A24 89
MOVE A25 89
MOVE B15 118
MOVE B16 147
MOVE B20 125
MOVE B21 103
MOVE B23 134
MOVE B24 186
END TURN 131
TURN 132
COMMAND LEFT START
MOVE A14 54
COMMAND LEFT END
COMMAND RIGHT START
MOVE B19 165
UPGRADE 187
TRAIN 1
COMMAND RIGHT END
TURN 132 RESULT
TIME LEFT 0 5 RIGHT 0 5
UPGRADE B 187
TRAIN B25
MOVE A13 54
MOVE A14 4
MOVE A16 100
MOVE A17 147
MOVE A19 100
MOVE A20 100
MOVE A21 100
MOVE A22 100
MOVE A23 100
MOVE A24 100
MOVE A25 100
MOVE B16 146
MOVE B19 159
MOVE B23 120
MOVE B24 180
END TURN 132
TURN 133
COMMAND LEFT START
MOVE A25 35
MOVE A24 146
MOVE A23 146
MOVE A22 146
MOVE A21 146
MOVE A20 146
MOVE A19 146
MOVE A16 146
MOVE A12 146
COMMAND LEFT END
COMMAND RIGHT START
MOVE B18 187
MOVE B25 149
TRAIN 1
COMMAND RIGHT END
TURN 133 RESULT
TIME LEFT 0 5 RIGHT 0 5
TRAIN B26
MOVE A12 111
MOVE A14 14
MOVE A16 111
MOVE A17 160
MOVE A19 111
MOVE A20 111
MOVE A21 111
MOVE A22 111
MOVE A23 111
MOVE A24 111
MOVE A25 88
MOVE B18 161
MOVE B19 167
MOVE B23 109
MOVE B24 160
MOVE B25 193
DAMAGE COMBAT A17 1
DAMAGE COMBAT B24 1
END TURN 133
TURN 134
COMMAND LEFT START
TRAIN 1
COMMAND LEFT END
COMMAND RIGHT START
TRAIN 1
COMMAND RIGHT END
TURN 134 RESULT
TIME LEFT 0 5 RIGHT 0 5
TRAIN A28 B27
MOVE A12 129
MOVE A14 20
MOVE A16 129
MOVE A19 129
MOVE A20 129
MOVE A21 129
MOVE A22 129
MOVE A23 129
MOVE A24 129
MOVE A25 83
MOVE B18 173
MOVE B19 171
MOVE B23 86
MOVE B25 183
DAMAGE COMBAT A17 1
DAMAGE COMBAT B24 1
END TURN 134
TURN 135
COMMAND LEFT START
MOVE A15 100
TRAIN 1
COMMAND LEFT END
COMMAND RIGHT START
MOVE B27 187
TRAIN 1
COMMAND RIGHT END
TURN 135 RESULT
TIME LEFT 0 5 RIGHT 0 5
TRAIN A29 B28
MOVE A12 136
MOVE A14 40
MOVE A15 4
MOVE A16 136
MOVE A19 136
MOVE A20 136
MOVE A21 136
MOVE A22 136
MOVE A23 136
MOVE A24 136
MOVE A25 74
MOVE B18 187
MOVE B19 166
MOVE B23 82
MOVE B25 162
MOVE B27 194
DAMAGE COMBAT A17 1
DAMAGE COMBAT B24 1
END TURN 135
TURN 136
COMMAND LEFT START
MOVE A29 100
TRAIN 2
COMMAND LEFT END
COMMAND RIGHT START
MOVE B18 125
MOVE B28 187
UPGRADE 103
TRAIN 1
COMMAND RIGHT END
TURN 136 RESULT
TIME LEFT 0 5 RIGHT 0 5
UPGRADE B 103
TRAIN A30 A31 B29
MOVE A12 146
MOVE A14 54
MOVE A15 14
MOVE A16 146
MOVE A19 146
MOVE A20 146
MOVE A21 146
MOVE A22 146
MOVE A23 146
MOVE A24 146
MOVE A25 68
MOVE A29 4
MOVE B18 173
MOVE B19 165
MOVE B25 149
MOVE B27 187
MOVE B28 194
DAMAGE TURRET A12 1
DAMAGE COMBAT A12 2
DAMAGE COMBAT A17 1
DAMAGE COMBAT B5 4
DAMAGE COMBAT B16 4
DAMAGE COMBAT B24 1
END TURN 136
TURN 137
COMMAND LEFT START
MOVE A31 100
MOVE A30 100
TRAIN 1
COMMAND LEFT END
COMMAND RIGHT START
MOVE B3 125
MOVE B4 146
MOVE B6 146
MOVE B7 97
MOVE B9 125
MOVE B12 146
MOVE B13 146
MOVE B15 146
MOVE B17 146
MOVE B20 146
MOVE B21 118
MOVE B25 146
MOVE B26 185
MOVE B27 146
TRAIN 1
COMMAND RIGHT END
TURN 137 RESULT
TIME LEFT 0 5 RIGHT 0 5
TRAIN A32 B30
MOVE A15 20
MOVE A25 55
MOVE A29 14
MOVE A30 4
MOVE A31 4
MOVE B3 105
MOVE B4 131
MOVE B6 166
MOVE B7 92
MOVE B9 105
MOVE B12 133
MOVE B13 171
MOVE B15 131
MOVE B17 169
MOVE B18 161
MOVE B20 133
MOVE B21 108
MOVE B25 140
MOVE B26 199
MOVE B27 183
MOVE B28 187
DAMAGE TURRET A12 1
DAMAGE COMBAT A12 1
DAMAGE COMBAT A17 1
DAMAGE COMBAT B16 1
DAMAGE COMBAT B24 1
SIEGE B 146 7
END TURN 137
TURN 138
COMMAND LEFT START
MOVE A32 100
TRAIN 2
COMMAND LEFT END
COMMAND RIGHT START
MOVE B28 146
MOVE B30 182
TRAIN 1
COMMAND RIGHT END
TURN 138 RESULT
TIME LEFT 0 5 RIGHT 0 5
TRAIN A33 A34 B31
MOVE A15 40
MOVE A17 180
MOVE A25 34
MOVE A29 20
MOVE A30 14
MOVE A31 14
MOVE A32 4
MOVE B3 125
MOVE B4 132
MOVE B6 171
MOVE B7 97
MOVE B9 125
MOVE B12 140
MOVE B13 167
MOVE B15 132
MOVE B17 146
MOVE B18 141
MOVE B20 140
MOVE B21 118
MOVE B25 147
MOVE B26 198
MOVE B27 176
MOVE B28 183
MOVE B30 196
DAMAGE TURRET A16 1
DAMAGE COMBAT A16 1
DAMAGE COMBAT B17 5
SIEGE B 146 2
END TURN 138
TURN 139
COMMAND LEFT START
MOVE A34 100
MOVE A33 100
TRAIN 1
COMMAND LEFT END
COMMAND RIGHT START
MOVE B3 149
MOVE B21 146
MOVE B23 118
MOVE B29 187
TRAIN 1
COMMAND RIGHT END
TURN 139 RESULT
TIME LEFT 0 5 RIGHT 0 5
TRAIN A35 B32
MOVE A15 53
MOVE A17 186
MOVE A25 35
MOVE A29 40
MOVE A30 20
MOVE A31 20
MOVE A32 14
MOVE A33 4
MOVE A34 4
MOVE B3 133
MOVE B4 138
MOVE B6 167
MOVE B12 147
MOVE B13 159
MOVE B15 138
MOVE B18 125
MOVE B20 147
MOVE B21 131
MOVE B23 86
MOVE B25 146
MOVE B26 188
MOVE B27 168
MOVE B28 176
MOVE B29 194
MOVE B30 192
DAMAGE TURRET A16 1
DAMAGE COMBAT A16 1
DAMAGE COMBAT B25 5
SIEGE B 146 2
END TURN 139
TURN 140
COMMAND LEFT START
MOVE A35 100
UPGRADE 35
COMMAND LEFT END
COMMAND RIGHT START
MOVE B8 165
MOVE B9 146
MOVE B22 125
MOVE B32 187
TRAIN 1
COMMAND RIGHT END
TURN 140 RESULT
TIME LEFT 0 5 RIGHT 0 5
UPGRADE A 35
TRAIN B33
MOVE A15 64
MOVE A17 196
MOVE A29 53
MOVE A30 40
MOVE A31 40
MOVE A32 20
MOVE A33 14
MOVE A34 14
MOVE A35 4
MOVE B3 149
MOVE B4 146
MOVE B6 159
MOVE B8 177
MOVE B9 133
MOVE B12 146
MOVE B13 146
MOVE B15 146
MOVE B20 146
MOVE B21 132
MOVE B22 173
MOVE B23 83
MOVE B26 185
MOVE B27 160
MOVE B28 168
MOVE B29 187
MOVE B30 182
MOVE B32 194
DAMAGE TURRET A16 1
DAMAGE COMBAT A16 1
DAMAGE COMBAT A19 4
DAMAGE COMBAT B4 4
DAMAGE COMBAT B12 3
END TURN 140
TURN 141
COMMAND LEFT START
UPGRADE 35
COMMAND LEFT END
COMMAND RIGHT START
MOVE B19 103
MOVE B33 185
TRAIN 1
COMMAND RIGHT END
TURN 141 RESULT
TIME LEFT 0 5 RIGHT 0 5
UPGRADE A 35
TRAIN B34
MOVE A15 71
MOVE A17 200
MOVE A29 64
MOVE A30 53
MOVE A31 53
MOVE A32 40
MOVE A33 20
MOVE A34 20
MOVE A35 14
MOVE B6 146
MOVE B8 165
MOVE B9 140
MOVE B19 152
MOVE B21 138
MOVE B22 161
MOVE B23 88
MOVE B27 146
MOVE B28 160
MOVE B32 187
MOVE B33 199
DAMAGE TURRET A17 1
DAMAGE TURRET A19 1
DAMAGE COMBAT A19 1
DAMAGE COMBAT A20 5
DAMAGE COMBAT B1 1
DAMAGE COMBAT B6 4
DAMAGE COMBAT B12 1
DAMAGE COMBAT B13 1
END TURN 141
TURN 142
COMMAND LEFT START
TRAIN 1
COMMAND LEFT END
COMMAND RIGHT START
MOVE B3 125
MOVE B14 182
MOVE B30 146
MOVE B34 185
TRAIN 1
COMMAND RIGHT END
TURN 142 RESULT
TIME LEFT 0 5 RIGHT 0 5
TRAIN A36 B35
MOVE A15 89
MOVE A29 71
MOVE A30 64
MOVE A31 64
MOVE A32 53
MOVE A33 40
MOVE A34 40
MOVE A35 20
MOVE B3 133
MOVE B9 147
MOVE B14 196
MOVE B19 137
MOVE B21 146
MOVE B22 141
MOVE B23 100
MOVE B28 146
MOVE B30 169
MOVE B33 198
MOVE B34 199
DAMAGE TURRET A20 1
DAMAGE TURRET B23 2
DAMAGE COMBAT A2 1
DAMAGE COMBAT A21 6
DAMAGE COMBAT B13 3
DAMAGE COMBAT B15 2
DAMAGE COMBAT B23 2
END TURN 142
TURN 143
COMMAND LEFT START
MOVE A26 35
COMMAND LEFT END
COMMAND RIGHT START
MOVE B18 82
MOVE B35 185
TRAIN 1
COMMAND RIGHT END
TURN 143 RESULT
TIME LEFT 0 5 RIGHT 0 5
TRAIN B36
MOVE A15 100
MOVE A26 1
MOVE A29 89
MOVE A30 71
MOVE A31 71
MOVE A32 64
MOVE A33 53
MOVE A34 53
MOVE A35 40
MOVE B3 125
MOVE B9 146
MOVE B14 192
MOVE B18 105
MOVE B19 128
MOVE B22 125
MOVE B30 146
MOVE B33 188
MOVE B34 198
MOVE B35 199
DAMAGE TURRET A22 1
DAMAGE TURRET B23 1
DAMAGE COMBAT A8 1
DAMAGE COMBAT A22 5
DAMAGE COMBAT A23 2
DAMAGE COMBAT B15 3
END TURN 143
TURN 144
COMMAND LEFT START
COMMAND LEFT END
COMMAND RIGHT START
MOVE B36 185
TRAIN 1
COMMAND RIGHT END
TURN 144 RESULT
TIME LEFT 0 5 RIGHT 0 5
TRAIN B37
MOVE A26 2
MOVE A29 100
MOVE A30 89
MOVE A31 89
MOVE A32 71
MOVE A33 64
MOVE A34 64
MOVE A35 53
MOVE B14 182
MOVE B18 92
MOVE B19 103
MOVE B33 185
MOVE B34 188
MOVE B35 198
MOVE B36 199
DAMAGE TURRET A23 1
DAMAGE COMBAT A23 3
DAMAGE COMBAT A24 3
DAMAGE COMBAT B9 2
END TURN 144
TURN 145
COMMAND LEFT START
UPGRADE 35
COMMAND LEFT END
COMMAND RIGHT START
MOVE B26 165
MOVE B37 187
TRAIN 1
COMMAND RIGHT END
TURN 145 RESULT
TIME LEFT 0 5 RIGHT 0 5
UPGRADE A 35
TRAIN B38
MOVE A26 12
MOVE A30 100
MOVE A31 100
MOVE A32 89
MOVE A33 71
MOVE A34 71
MOVE A35 64
MOVE B18 82
MOVE B26 177
MOVE B34 185
MOVE B35 188
MOVE B36 198
MOVE B37 194
DAMAGE TURRET A24 1
DAMAGE COMBAT A24 2
DAMAGE COMBAT B9 1
END TURN 145
TURN 146
COMMAND LEFT START
MOVE A8 35
COMMAND LEFT END
COMMAND RIGHT START
MOVE B9 82
MOVE B20 149
MOVE B21 160
MOVE B29 125
MOVE B30 182
MOVE B33 118
COMMAND RIGHT END
TURN 146 RESULT
TIME LEFT 0 5 RIGHT 0 5
MOVE A8 88
MOVE A26 15
MOVE A32 100
MOVE A33 89
MOVE A34 89
MOVE A35 71
MOVE B9 136
MOVE B20 147
MOVE B21 160
MOVE B26 165
MOVE B29 173
MOVE B30 169
MOVE B33 171
MOVE B35 185
MOVE B36 188
MOVE B37 187
END TURN 146
TURN 147
COMMAND LEFT START
MOVE A32 75
COMMAND LEFT END
COMMAND RIGHT START
MOVE B11 200
MOVE B34 118
COMMAND RIGHT END
TURN 147 RESULT
TIME LEFT 0 5 RIGHT 0 5
MOVE A8 83
MOVE A26 23
MOVE A32 94
MOVE A33 100
MOVE A34 100
MOVE A35 89
MOVE B9 129
MOVE B11 192
MOVE B20 140
MOVE B29 161
MOVE B30 182
MOVE B33 145
MOVE B34 171
MOVE B36 185
END TURN 147
TURN 148
COMMAND LEFT START
MOVE A34 82
MOVE A33 82
MOVE A31 82
MOVE A30 82
COMMAND LEFT END
COMMAND RIGHT START
MOVE B38 187
UPGRADE 103
TRAIN 1
COMMAND RIGHT END
TURN 148 RESULT
TIME LEFT 0 5 RIGHT 0 5
UPGRADE B 103
TRAIN B39
MOVE A8 74
MOVE A26 35
MOVE A30 88
MOVE A31 88
MOVE A32 80
MOVE A33 88
MOVE A34 88
MOVE A35 100
MOVE B9 106
MOVE B11 196
MOVE B20 149
MOVE B29 141
MOVE B33 131
MOVE B34 145
MOVE B38 194
END TURN 148
TURN 149
COMMAND LEFT START
TRAIN 2
COMMAND LEFT END
COMMAND RIGHT START
MOVE B21 146
MOVE B22 97
MOVE B27 103
MOVE B32 125
MOVE B39 160
TRAIN 1
COMMAND RIGHT END
TURN 149 RESULT
TIME LEFT 0 5 RIGHT 0 5
TRAIN A37 A38 B40
MOVE A8 68
MOVE A30 83
MOVE A31 83
MOVE A32 75
MOVE A33 83
MOVE A34 83
MOVE B9 109
MOVE B11 200
MOVE B21 146
MOVE B22 105
MOVE B27 138
MOVE B29 125
MOVE B32 173
MOVE B33 118
MOVE B34 131
MOVE B38 187
MOVE B39 196
END TURN 149
TURN 150
COMMAND LEFT START
MOVE A38 118
MOVE A37 100
UPGRADE 75
COMMAND LEFT END
COMMAND RIGHT START
MOVE B11 187
MOVE B40 187
TRAIN 1
COMMAND RIGHT END
TURN 150 RESULT
TIME LEFT 0 5 RIGHT 0 5
UPGRADE A 75
TRAIN B41
MOVE A8 55
MOVE A30 86
MOVE A31 86
MOVE A33 86
MOVE A34 86
MOVE A37 4
MOVE A38 7
MOVE B9 86
MOVE B11 194
MOVE B22 97
MOVE B27 126
MOVE B32 161
MOVE B34 118
MOVE B39 186
MOVE B40 194
DAMAGE COMBAT A30 1
DAMAGE COMBAT B9 1
END TURN 150
TURN 151
COMMAND LEFT START
UPGRADE 75
COMMAND LEFT END
COMMAND RIGHT START
MOVE B20 125
MOVE B37 125
MOVE B38 125
MOVE B41 149
TRAIN 1
COMMAND RIGHT END
TURN 151 RESULT
TIME LEFT 0 5 RIGHT 0 5
UPGRADE A 75
TRAIN B42
MOVE A8 34
MOVE A30 82
MOVE A31 82
MOVE A33 82
MOVE A34 82
MOVE A37 14
MOVE A38 17
MOVE B11 187
MOVE B20 133
MOVE B27 114
MOVE B32 141
MOVE B37 173
MOVE B38 173
MOVE B39 180
MOVE B40 187
MOVE B41 193
DAMAGE TURRET A30 1
DAMAGE COMBAT A30 1
DAMAGE COMBAT B18 4
END TURN 151
TURN 152
COMMAND LEFT START
TRAIN 1
COMMAND LEFT END
COMMAND RIGHT START
MOVE B3 82
MOVE B7 82
MOVE B22 82
MOVE B28 125
MOVE B29 82
MOVE B34 146
MOVE B40 125
MOVE B42 187
TRAIN 1
COMMAND RIGHT END
TURN 152 RESULT
TIME LEFT 0 5 RIGHT 0 5
TRAIN A39 B43
MOVE A8 35
MOVE A37 20
MOVE A38 38
MOVE B3 105
MOVE B7 92
MOVE B20 125
MOVE B22 92
MOVE B27 108
MOVE B28 147
MOVE B29 105
MOVE B32 125
MOVE B34 131
MOVE B37 161
MOVE B38 161
MOVE B39 160
MOVE B40 173
MOVE B41 183
MOVE B42 194
DAMAGE TURRET A30 1
DAMAGE COMBAT A30 1
DAMAGE COMBAT B18 1
SIEGE B 82 3
END TURN 152
TURN 153
COMMAND LEFT START
MOVE A27 75
UPGRADE 75
COMMAND LEFT END
COMMAND RIGHT START
MOVE B20 82
MOVE B32 82
MOVE B39 125
MOVE B43 185
TRAIN 1
COMMAND RIGHT END
TURN 153 RESULT
TIME LEFT 0 5 RIGHT 0 5
UPGRADE A 75
TRAIN B44
MOVE A27 7
MOVE A37 40
MOVE A38 51
MOVE B3 92
MOVE B7 82
MOVE B20 105
MOVE B22 82
MOVE B27 103
MOVE B28 140
MOVE B29 92
MOVE B32 105
MOVE B34 132
MOVE B37 141
MOVE B38 141
MOVE B39 147
MOVE B40 161
MOVE B41 162
MOVE B42 187
MOVE B43 199
DAMAGE TURRET A30 1
DAMAGE COMBAT A31 2
DAMAGE COMBAT B7 4
END TURN 153
TURN 154
COMMAND LEFT START
TRAIN 1
COMMAND LEFT END
COMMAND RIGHT START
MOVE B27 125
MOVE B44 187
TRAIN 1
COMMAND RIGHT END
TURN 154 RESULT
TIME LEFT 0 5 RIGHT 0 5
TRAIN A40 B45
MOVE A27 17
MOVE A37 53
MOVE A38 67
MOVE B3 82
MOVE B20 92
MOVE B27 108
MOVE B28 133
MOVE B29 82
MOVE B32 92
MOVE B34 138
MOVE B37 125
MOVE B38 125
MOVE B39 140
MOVE B40 141
MOVE B41 149
MOVE B43 198
MOVE B44 194
DAMAGE TURRET A31 1
DAMAGE COMBAT A31 3
DAMAGE COMBAT B3 3
END TURN 154
TURN 155
COMMAND LEFT START
MOVE A28 75
COMMAND LEFT END
COMMAND RIGHT START
MOVE B37 149
MOVE B38 160
MOVE B41 146
MOVE B42 125
MOVE B45 187
UPGRADE 103
COMMAND RIGHT END
TURN 155 RESULT
TIME LEFT 0 5 RIGHT 0 5
UPGRADE B 103
MOVE A27 38
MOVE A28 7
MOVE A37 64
MOVE A38 75
MOVE B20 82
MOVE B27 114
MOVE B28 125
MOVE B32 82
MOVE B34 146
MOVE B37 133
MOVE B38 133
MOVE B39 133
MOVE B40 125
MOVE B41 140
MOVE B42 173
MOVE B43 188
MOVE B44 187
MOVE B45 194
DAMAGE TURRET A33 1
DAMAGE COMBAT A33 5
DAMAGE COMBAT B3 1
DAMAGE COMBAT B20 1
END TURN 155
TURN 156
COMMAND LEFT START
TRAIN 1
COMMAND LEFT END
COMMAND RIGHT START
MOVE B35 118
MOVE B40 97
MOVE B44 125
TRAIN 1
COMMAND RIGHT END
TURN 156 RESULT
TIME LEFT 0 5 RIGHT 0 5
TRAIN A41 B46
MOVE A27 51
MOVE A28 17
MOVE A37 71
MOVE A38 95
MOVE B27 117
MOVE B35 171
MOVE B37 149
MOVE B38 140
MOVE B39 125
MOVE B40 105
MOVE B41 147
MOVE B42 161
MOVE B43 185
MOVE B44 173
MOVE B45 187
DAMAGE TURRET A34 1
DAMAGE COMBAT A34 4
DAMAGE COMBAT B20 1
END TURN 156
TURN 157
COMMAND LEFT START
MOVE A41 100
TRAIN 2
COMMAND LEFT END
COMMAND RIGHT START
MOVE B21 103
MOVE B37 146
MOVE B46 149
TRAIN 1
COMMAND RIGHT END
TURN 157 RESULT
TIME LEFT 0 5 RIGHT 0 5
TRAIN A42 A43 B47
MOVE A27 67
MOVE A28 38
MOVE A37 89
MOVE A38 108
MOVE A41 4
MOVE B21 138
MOVE B27 124
MOVE B35 145
MOVE B37 140
MOVE B38 147
MOVE B40 97
MOVE B41 146
MOVE B42 141
MOVE B44 161
MOVE B46 193
DAMAGE TURRET A34 1
DAMAGE COMBAT B20 1
END TURN 157
TURN 158
COMMAND LEFT START
MOVE A43 82
MOVE A42 100
COMMAND LEFT END
COMMAND RIGHT START
MOVE B28 82
MOVE B47 187
TRAIN 1
COMMAND RIGHT END
TURN 158 RESULT
TIME LEFT 0 5 RIGHT 0 5
TRAIN B48
MOVE A27 75
MOVE A28 51
MOVE A37 100
MOVE A38 118
MOVE A41 14
MOVE A42 4
MOVE A43 4
MOVE B21 126
MOVE B27 129
MOVE B28 105
MOVE B35 131
MOVE B37 147
MOVE B38 160
MOVE B42 125
MOVE B44 141
MOVE B46 183
MOVE B47 194
DAMAGE TURRET A38 1
DAMAGE COMBAT A38 1
DAMAGE COMBAT B33 1
END TURN 158
TURN 159
COMMAND LEFT START
TRAIN 2
COMMAND LEFT END
COMMAND RIGHT START
MOVE B19 118
MOVE B20 103
MOVE B34 103
MOVE B38 146
MOVE B39 82
MOVE B41 118
MOVE B45 125
MOVE B48 160
TRAIN 1
COMMAND RIGHT END
TURN 159 RESULT
TIME LEFT 0 5 RIGHT 0 5
TRAIN A44 A45 B49
MOVE A28 67
MOVE A41 20
MOVE A42 14
MOVE A43 8
MOVE B19 108
MOVE B20 86
MOVE B21 114
MOVE B27 120
MOVE B28 92
MOVE B34 138
MOVE B35 118
MOVE B37 146
MOVE B38 146
MOVE B39 105
MOVE B41 138
MOVE B44 125
MOVE B45 173
MOVE B46 162
MOVE B47 187
MOVE B48 196
DAMAGE TURRET A38 1
DAMAGE COMBAT A38 2
DAMAGE COMBAT B33 1
END TURN 159
TURN 160
COMMAND LEFT START
MOVE A45 100
MOVE A44 100
TRAIN 2
COMMAND LEFT END
COMMAND RIGHT START
MOVE B42 97
MOVE B49 187
TRAIN 1
COMMAND RIGHT END
TURN 160 RESULT
TIME LEFT 0 5 RIGHT 0 5
TRAIN A46 A47 B50
MOVE A28 75
MOVE A41 40
MOVE A42 20
MOVE A43 18
MOVE A44 4
MOVE A45 4
MOVE B19 118
MOVE B20 83
MOVE B21 108
MOVE B27 125
MOVE B28 82
MOVE B34 126
MOVE B39 92
MOVE B41 132
MOVE B42 105
MOVE B45 161
MOVE B46 149
MOVE B48 186
MOVE B49 194
DAMAGE TURRET A38 1
DAMAGE COMBAT B33 1
END TURN 160
TURN 161
COMMAND LEFT START
MOVE A47 100
MOVE A46 100
TRAIN 2
COMMAND LEFT END
COMMAND RIGHT START
MOVE B19 82
MOVE B33 82
MOVE B47 125
MOVE B50 187
UPGRADE 82
TRAIN 1
COMMAND RIGHT END
TURN 161 RESULT
TIME LEFT 0 5 RIGHT 0 5
UPGRADE B 82
TRAIN A48 A49 B51
MOVE A41 53
MOVE A42 40
MOVE A43 25
MOVE A44 14
MOVE A45 14
MOVE A46 4
MOVE A47 4
MOVE B19 114
MOVE B20 88
MOVE B21 103
MOVE B33 114
MOVE B34 114
MOVE B39 82
MOVE B41 131
MOVE B42 97
MOVE B45 141
MOVE B47 173
MOVE B48 180
MOVE B49 187
MOVE B50 194
END TURN 161
TURN 162
COMMAND LEFT START
MOVE A49 100
MOVE A48 100
TRAIN 2
COMMAND LEFT END
COMMAND RIGHT START
MOVE B27 82
MOVE B49 125
MOVE B51 187
TRAIN 1
COMMAND RIGHT END
TURN 162 RESULT
TIME LEFT 0 5 RIGHT 0 5
TRAIN A50 A51 B52
MOVE A41 64
MOVE A42 53
MOVE A43 33
MOVE A44 20
MOVE A45 20
MOVE A46 14
MOVE A47 14
MOVE A48 4
MOVE A49 4
MOVE B19 117
MOVE B20 89
MOVE B27 105
MOVE B33 117
MOVE B34 108
MOVE B41 118
MOVE B45 125
MOVE B47 161
MOVE B48 160
MOVE B49 173
MOVE B50 187
MOVE B51 194
END TURN 162
TURN 163
COMMAND LEFT START
COMMAND LEFT END
COMMAND RIGHT START
MOVE B50 125
MOVE B52 187
TRAIN 1
COMMAND RIGHT END
TURN 163 RESULT
TIME LEFT 0 5 RIGHT 0 5
TRAIN B53
MOVE A41 71
MOVE A42 64
MOVE A43 45
MOVE A44 40
MOVE A45 40
MOVE A46 20
MOVE A47 20
MOVE A48 14
MOVE A49 14
MOVE B19 112
MOVE B20 94
MOVE B27 92
MOVE B33 112
MOVE B34 103
MOVE B47 141
MOVE B49 161
MOVE B50 173
MOVE B51 187
MOVE B52 194
END TURN 163
TURN 164
COMMAND LEFT START
COMMAND LEFT END
COMMAND RIGHT START
MOVE B44 82
MOVE B51 125
MOVE B53 187
TRAIN 1
COMMAND RIGHT END
TURN 164 RESULT
TIME LEFT 0 5 RIGHT 0 5
TRAIN B54
MOVE A41 89
MOVE A42 71
MOVE A43 55
MOVE A44 53
MOVE A45 53
MOVE A46 40
MOVE A47 40
MOVE A48 20
MOVE A49 20
MOVE B19 100
MOVE B20 91
MOVE B27 82
MOVE B33 100
MOVE B44 105
MOVE B47 125
MOVE B49 141
MOVE B50 161
MOVE B51 173
MOVE B52 187
MOVE B53 194
DAMAGE TURRET B33 2
DAMAGE COMBAT A15 2
DAMAGE COMBAT B19 4
END TURN 164
TURN 165
COMMAND LEFT START
MOVE A51 54
UPGRADE 0
COMMAND LEFT END
COMMAND RIGHT START
MOVE B45 82
MOVE B52 125
MOVE B54 187
UPGRADE 97
TRAIN 1
COMMAND RIGHT END
TURN 165 RESULT
TIME LEFT 0 5 RIGHT 0 5
UPGRADE A 0
UPGRADE B 97
TRAIN B55
MOVE A41 100
MOVE A42 89
MOVE A43 69
MOVE A44 64
MOVE A45 64
MOVE A46 53
MOVE A47 53
MOVE A48 40
MOVE A49 40
MOVE A51 4
MOVE B20 96
MOVE B44 92
MOVE B45 105
MOVE B49 125
MOVE B50 141
MOVE B51 161
MOVE B52 173
MOVE B53 187
MOVE B54 194
DAMAGE TURRET B19 1
DAMAGE COMBAT A15 1
END TURN 165
TURN 166
COMMAND LEFT START
COMMAND LEFT END
COMMAND RIGHT START
MOVE B27 97
MOVE B47 82
MOVE B53 125
MOVE B55 187
TRAIN 1
COMMAND RIGHT END
TURN 166 RESULT
TIME LEFT 0 5 RIGHT 0 5
TRAIN B56
MOVE A42 100
MOVE A43 82
MOVE A44 71
MOVE A45 71
MOVE A46 64
MOVE A47 64
MOVE A48 53
MOVE A49 53
MOVE A51 14
MOVE B20 95
MOVE B27 92
MOVE B44 82
MOVE B45 92
MOVE B47 105
MOVE B50 125
MOVE B51 141
MOVE B52 161
MOVE B53 173
MOVE B54 187
MOVE B55 194
DAMAGE TURRET A43 2
DAMAGE COMBAT A43 4
DAMAGE COMBAT B22 1
END TURN 166
TURN 167
COMMAND LEFT START
MOVE A42 82
COMMAND LEFT END
COMMAND RIGHT START
MOVE B49 82
MOVE B54 125
MOVE B56 187
TRAIN 1
COMMAND RIGHT END
TURN 167 RESULT
TIME LEFT 0 5 RIGHT 0 5
TRAIN B57
MOVE A42 88
MOVE A44 89
MOVE A45 89
MOVE A46 71
MOVE A47 71
MOVE A48 64
MOVE A49 64
MOVE A51 20
MOVE B20 103
MOVE B27 97
MOVE B45 82
MOVE B47 92
MOVE B49 105
MOVE B51 125
MOVE B52 141
MOVE B53 161
MOVE B54 173
MOVE B55 187
MOVE B56 194
END TURN 167
TURN 168
COMMAND LEFT START
TRAIN 2
COMMAND LEFT END
COMMAND RIGHT START
MOVE B50 82
MOVE B55 125
MOVE B57 187
TRAIN 1
COMMAND RIGHT END
TURN 168 RESULT
TIME LEFT 0 5 RIGHT 0 5
TRAIN A52 A53 B58
MOVE A42 83
MOVE A44 100
MOVE A45 100
MOVE A46 89
MOVE A47 89
MOVE A48 71
MOVE A49 71
MOVE A51 40
MOVE B47 82
MOVE B49 92
MOVE B50 105
MOVE B52 125
MOVE B53 141
MOVE B54 161
MOVE B55 173
MOVE B56 187
MOVE B57 194
END TURN 168
TURN 169
COMMAND LEFT START
MOVE A53 100
MOVE A52 100
MOVE A45 118
COMMAND LEFT END
COMMAND RIGHT START
MOVE B51 82
MOVE B56 125
MOVE B58 187
UPGRADE 118
TRAIN 1
COMMAND RIGHT END
TURN 169 RESULT
TIME LEFT 0 5 RIGHT 0 5
UPGRADE B 118
TRAIN B59
MOVE A42 86
MOVE A45 112
MOVE A46 100
MOVE A47 100
MOVE A48 89
MOVE A49 89
MOVE A51 54
MOVE A52 4
MOVE A53 4
MOVE B49 82
MOVE B50 92
MOVE B51 105
MOVE B53 125
MOVE B54 141
MOVE B55 161
MOVE B56 173
MOVE B57 187
MOVE B58 194
END TURN 169
TURN 170
COMMAND LEFT START
MOVE A51 100
TRAIN 2
COMMAND LEFT END
COMMAND RIGHT START
MOVE B21 118
MOVE B37 103
MOVE B48 146
MOVE B52 82
MOVE B57 125
MOVE B59 160
TRAIN 1
COMMAND RIGHT END
TURN 170 RESULT
TIME LEFT 0 5 RIGHT 0 5
TRAIN A54 A55 B60
MOVE A42 82
MOVE A45 117
MOVE A48 100
MOVE A49 100
MOVE A51 64
MOVE A52 14
MOVE A53 14
MOVE B21 108
MOVE B37 138
MOVE B48 146
MOVE B50 82
MOVE B51 92
MOVE B52 105
MOVE B54 125
MOVE B55 141
MOVE B56 161
MOVE B57 173
MOVE B58 187
MOVE B59 196
DAMAGE TURRET A42 2
DAMAGE COMBAT A42 4
DAMAGE COMBAT B22 1
END TURN 170
TURN 171
COMMAND LEFT START
MOVE A49 82
MOVE A55 100
MOVE A54 100
TRAIN 2
COMMAND LEFT END
COMMAND RIGHT START
MOVE B53 82
MOVE B60 187
TRAIN 1
COMMAND RIGHT END
TURN 171 RESULT
TIME LEFT 0 5 RIGHT 0 5
TRAIN A56 A57 B61
MOVE A45 114
MOVE A49 88
MOVE A51 71
MOVE A52 20
MOVE A53 20
MOVE A54 4
MOVE A55 4
MOVE B21 118
MOVE B37 126
MOVE B51 82
MOVE B52 92
MOVE B53 105
MOVE B55 125
MOVE B56 141
MOVE B57 161
MOVE B59 186
MOVE B60 194
END TURN 171
TURN 172
COMMAND LEFT START
MOVE A57 100
MOVE A56 100
TRAIN 2
COMMAND LEFT END
COMMAND RIGHT START
MOVE B54 82
MOVE B58 125
MOVE B61 187
TRAIN 1
COMMAND RIGHT END
TURN 172 RESULT
TIME LEFT 0 5 RIGHT 0 5
TRAIN A58 A59 B62
MOVE A45 118
MOVE A49 83
MOVE A51 89
MOVE A52 40
MOVE A53 40
MOVE A54 14
MOVE A55 14
MOVE A56 4
MOVE A57 4
MOVE B37 114
MOVE B52 82
MOVE B53 92
MOVE B54 105
MOVE B56 125
MOVE B57 141
MOVE B58 173
MOVE B59 180
MOVE B60 187
MOVE B61 194
DAMAGE TURRET A45 2
DAMAGE COMBAT A45 3
DAMAGE COMBAT B21 1
END TURN 172
TURN 173
COMMAND LEFT START
MOVE A59 100
MOVE A58 100
MOVE A48 125
TRAIN 2
COMMAND LEFT END
COMMAND RIGHT START
MOVE B29 103
MOVE B34 118
MOVE B39 125
MOVE B46 146
MOVE B55 82
MOVE B60 125
MOVE B62 187
UPGRADE 125
TRAIN 1
COMMAND RIGHT END
TURN 173 RESULT
TIME LEFT 0 5 RIGHT 0 5
UPGRADE B 125
TRAIN A60 A61 B63
MOVE A48 106
MOVE A49 86
MOVE A51 100
MOVE A52 53
MOVE A53 53
MOVE A54 20
MOVE A55 20
MOVE A56 14
MOVE A57 14
MOVE A58 4
MOVE A59 4
MOVE B29 86
MOVE B34 108
MOVE B37 108
MOVE B39 92
MOVE B46 140
MOVE B53 82
MOVE B54 92
MOVE B55 105
MOVE B57 125
MOVE B58 161
MOVE B59 160
MOVE B60 173
MOVE B61 187
MOVE B62 194
DAMAGE TURRET A45 1
DAMAGE COMBAT A49 1
DAMAGE COMBAT B21 1
DAMAGE COMBAT B29 1
END TURN 173
TURN 174
COMMAND LEFT START
MOVE A61 100
MOVE A60 100
MOVE A51 118
TRAIN 2
COMMAND LEFT END
COMMAND RIGHT START
MOVE B21 82
MOVE B28 97
MOVE B35 82
MOVE B40 125
MOVE B61 125
MOVE B63 187
TRAIN 1
COMMAND RIGHT END
TURN 174 RESULT
TIME LEFT 0 5 RIGHT 0 5
TRAIN A62 A63 B64
MOVE A48 120
MOVE A51 112
MOVE A52 64
MOVE A53 64
MOVE A54 40
MOVE A55 40
MOVE A56 20
MOVE A57 20
MOVE A58 14
MOVE A59 14
MOVE A60 4
MOVE A61 4
MOVE B21 114
MOVE B28 92
MOVE B34 118
MOVE B35 114
MOVE B37 103
MOVE B39 105
MOVE B40 105
MOVE B46 147
MOVE B54 82
MOVE B55 92
MOVE B58 141
MOVE B60 161
MOVE B61 173
MOVE B62 187
MOVE B63 194
DAMAGE COMBAT A49 1
DAMAGE COMBAT B29 1
END TURN 174
TURN 175
COMMAND LEFT START
MOVE A63 100
MOVE A62 100
TRAIN 2
COMMAND LEFT END
COMMAND RIGHT START
MOVE B38 118
MOVE B56 149
MOVE B57 82
MOVE B62 125
MOVE B64 187
TRAIN 1
COMMAND RIGHT END
TURN 175 RESULT
TIME LEFT 0 5 RIGHT 0 5
TRAIN A64 A65 B65
MOVE A48 125
MOVE A51 117
MOVE A52 71
MOVE A53 71
MOVE A54 53
MOVE A55 53
MOVE A56 40
MOVE A57 40
MOVE A58 20
MOVE A59 20
MOVE A60 14
MOVE A61 14
MOVE A62 4
MOVE A63 4
MOVE B21 117
MOVE B28 97
MOVE B35 117
MOVE B38 138
MOVE B39 125
MOVE B40 125
MOVE B46 146
MOVE B55 82
MOVE B56 133
MOVE B57 105
MOVE B58 125
MOVE B60 141
MOVE B61 161
MOVE B62 173
MOVE B63 187
MOVE B64 194
DAMAGE TURRET A48 2
DAMAGE COMBAT A48 3
DAMAGE COMBAT A49 1
DAMAGE COMBAT A51 2
DAMAGE COMBAT B21 1
DAMAGE COMBAT B29 1
DAMAGE COMBAT B39 1
END TURN 175
TURN 176
COMMAND LEFT START
MOVE A65 100
MOVE A64 100
MOVE A47 146
TRAIN 2
COMMAND LEFT END
COMMAND RIGHT START
MOVE B28 125
MOVE B32 97
MOVE B42 125
MOVE B44 97
MOVE B63 125
MOVE B65 187
TRAIN 1
COMMAND RIGHT END
TURN 176 RESULT
TIME LEFT 0 5 RIGHT 0 5
TRAIN A66 A67 B66
MOVE A47 111
MOVE A52 89
MOVE A53 89
MOVE A54 64
MOVE A55 64
MOVE A56 53
MOVE A57 53
MOVE A58 40
MOVE A59 40
MOVE A60 20
MOVE A61 20
MOVE A62 14
MOVE A63 14
MOVE A64 4
MOVE A65 4
MOVE B28 105
MOVE B32 92
MOVE B38 132
MOVE B42 105
MOVE B44 92
MOVE B56 149
MOVE B57 92
MOVE B60 125
MOVE B61 141
MOVE B62 161
MOVE B63 173
MOVE B64 187
MOVE B65 194
DAMAGE TURRET A48 1
DAMAGE COMBAT A49 1
DAMAGE COMBAT A51 2
DAMAGE COMBAT B21 1
DAMAGE COMBAT B29 1
DAMAGE COMBAT B39 1
END TURN 176
TURN 177
COMMAND LEFT START
MOVE A67 100
MOVE A66 100
TRAIN 2
COMMAND LEFT END
COMMAND RIGHT START
MOVE B40 82
MOVE B58 82
MOVE B60 82
MOVE B64 125
MOVE B66 187
UPGRADE 146
TRAIN 1
COMMAND RIGHT END
TURN 177 RESULT
TIME LEFT 0 5 RIGHT 0 5
UPGRADE B 146
TRAIN A68 A69 B67
MOVE A47 129
MOVE A52 100
MOVE A53 100
MOVE A54 71
MOVE A55 71
MOVE A56 64
MOVE A57 64
MOVE A58 53
MOVE A59 53
MOVE A60 40
MOVE A61 40
MOVE A62 20
MOVE A63 20
MOVE A64 14
MOVE A65 14
MOVE A66 4
MOVE A67 4
MOVE B28 125
MOVE B32 97
MOVE B38 131
MOVE B40 105
MOVE B42 125
MOVE B44 97
MOVE B57 82
MOVE B58 105
MOVE B60 105
MOVE B61 125
MOVE B62 141
MOVE B63 161
MOVE B64 173
MOVE B65 187
MOVE B66 194
DAMAGE COMBAT A49 1
DAMAGE COMBAT A51 2
DAMAGE COMBAT B21 1
DAMAGE COMBAT B29 1
END TURN 177
TURN 178
COMMAND LEFT START
MOVE A69 100
MOVE A68 100
MOVE A53 185
TRAIN 2
COMMAND LEFT END
COMMAND RIGHT START
MOVE B28 82
MOVE B56 146
MOVE B59 146
MOVE B61 149
MOVE B65 125
MOVE B67 160
TRAIN 1
COMMAND RIGHT END
TURN 178 RESULT
TIME LEFT 0 5 RIGHT 0 5
TRAIN A70 A71 B68
MOVE A47 136
MOVE A49 82
MOVE A53 111
MOVE A54 89
MOVE A55 89
MOVE A56 71
MOVE A57 71
MOVE A58 64
MOVE A59 64
MOVE A60 53
MOVE A61 53
MOVE A62 40
MOVE A63 40
MOVE A64 20
MOVE A65 20
MOVE A66 14
MOVE A67 14
MOVE A68 4
MOVE A69 4
MOVE B28 105
MOVE B35 112
MOVE B38 118
MOVE B40 92
MOVE B56 140
MOVE B58 92
MOVE B59 146
MOVE B60 92
MOVE B61 133
MOVE B62 125
MOVE B63 141
MOVE B64 161
MOVE B65 173
MOVE B66 187
MOVE B67 196
DAMAGE TURRET A49 1
DAMAGE COMBAT B22 1
END TURN 178
TURN 179
COMMAND LEFT START
MOVE A71 100
MOVE A70 100
TRAIN 2
COMMAND LEFT END
COMMAND RIGHT START
MOVE B42 82
MOVE B68 187
TRAIN 1
COMMAND RIGHT END
TURN 179 RESULT
TIME LEFT 0 5 RIGHT 0 5
TRAIN A72 A73 B69
MOVE A47 146
MOVE A53 124
MOVE A54 100
MOVE A55 100
MOVE A56 89
MOVE A57 89
MOVE A58 71
MOVE A59 71
MOVE A60 64
MOVE A61 64
MOVE A62 53
MOVE A63 53
MOVE A64 40
MOVE A65 40
MOVE A66 20
MOVE A67 20
MOVE A68 14
MOVE A69 14
MOVE A70 4
MOVE A71 4
MOVE B28 92
MOVE B35 100
MOVE B40 82
MOVE B42 105
MOVE B56 147
MOVE B58 82
MOVE B60 82
MOVE B61 149
MOVE B63 125
MOVE B64 141
MOVE B65 161
MOVE B67 186
MOVE B68 194
DAMAGE TURRET A47 2
DAMAGE TURRET B35 2
DAMAGE COMBAT A15 1
DAMAGE COMBAT A47 3
DAMAGE COMBAT B35 3
DAMAGE COMBAT B46 1
END TURN 179
TURN 180
COMMAND LEFT START
MOVE A55 103
MOVE A54 103
MOVE A52 103
MOVE A46 103
MOVE A44 103
MOVE A41 103
MOVE A37 103
MOVE A35 103
COMMAND LEFT END
COMMAND RIGHT START
MOVE B37 118
MOVE B38 146
MOVE B40 103
MOVE B49 125
MOVE B61 146
MOVE B62 82
MOVE B66 125
MOVE B69 187
UPGRADE 165
TRAIN 1
COMMAND RIGHT END
TURN 180 RESULT
TIME LEFT 0 5 RIGHT 0 5
UPGRADE B 165
TRAIN B70
MOVE A35 112
MOVE A37 112
MOVE A41 112
MOVE A44 112
MOVE A46 112
MOVE A52 112
MOVE A53 138
MOVE A54 112
MOVE A55 112
MOVE A56 100
MOVE A57 100
MOVE A58 89
MOVE A59 89
MOVE A60 71
MOVE A61 71
MOVE A62 64
MOVE A63 64
MOVE A64 53
MOVE A65 53
MOVE A66 40
MOVE A67 40
MOVE A68 20
MOVE A69 20
MOVE A70 14
MOVE A71 14
MOVE B28 82
MOVE B37 108
MOVE B38 131
MOVE B40 86
MOVE B42 92
MOVE B49 92
MOVE B56 146
MOVE B61 140
MOVE B62 105
MOVE B64 125
MOVE B65 141
MOVE B66 173
MOVE B67 180
MOVE B68 187
MOVE B69 194
DAMAGE TURRET A47 1
DAMAGE COMBAT B46 1
END TURN 180
TURN 181
COMMAND LEFT START
MOVE A73 100
MOVE A72 100
TRAIN 2
COMMAND LEFT END
COMMAND RIGHT START
MOVE B41 165
MOVE B48 118
MOVE B56 103
MOVE B59 82
MOVE B63 82
MOVE B68 125
MOVE B70 187
TRAIN 1
COMMAND RIGHT END
TURN 181 RESULT
TIME LEFT 0 5 RIGHT 0 5
TRAIN A74 A75 B71
MOVE A35 117
MOVE A37 117
MOVE A41 117
MOVE A44 117
MOVE A46 117
MOVE A52 117
MOVE A53 155
MOVE A54 117
MOVE A55 117
MOVE A58 100
MOVE A59 100
MOVE A60 89
MOVE A61 89
MOVE A62 71
MOVE A63 71
MOVE A64 64
MOVE A65 64
MOVE A66 53
MOVE A67 53
MOVE A68 40
MOVE A69 40
MOVE A70 20
MOVE A71 20
MOVE A72 4
MOVE A73 4
MOVE B37 118
MOVE B38 132
MOVE B40 83
MOVE B41 137
MOVE B42 82
MOVE B48 138
MOVE B49 105
MOVE B56 138
MOVE B59 136
MOVE B61 147
MOVE B62 92
MOVE B63 105
MOVE B65 125
MOVE B66 161
MOVE B67 160
MOVE B68 173
MOVE B69 187
MOVE B70 194
END TURN 181
TURN 182
COMMAND LEFT START
MOVE A75 100
MOVE A74 100
MOVE A59 125
TRAIN 2
COMMAND LEFT END
COMMAND RIGHT START
MOVE B64 149
MOVE B69 125
MOVE B71 187
TRAIN 1
COMMAND RIGHT END
TURN 182 RESULT
TIME LEFT 0 5 RIGHT 0 5
TRAIN A76 A77 B72
MOVE A35 114
MOVE A37 114
MOVE A41 114
MOVE A44 114
MOVE A46 114
MOVE A52 114
MOVE A53 171
MOVE A54 114
MOVE A55 114
MOVE A59 106
MOVE A60 100
MOVE A61 100
MOVE A62 89
MOVE A63 89
MOVE A64 71
MOVE A65 71
MOVE A66 64
MOVE A67 64
MOVE A68 53
MOVE A69 53
MOVE A70 40
MOVE A71 40
MOVE A72 14
MOVE A73 14
MOVE A74 4
MOVE A75 4
MOVE B38 138
MOVE B40 88
MOVE B41 152
MOVE B48 132
MOVE B49 125
MOVE B56 126
MOVE B59 129
MOVE B61 146
MOVE B62 82
MOVE B63 92
MOVE B64 133
MOVE B66 141
MOVE B68 161
MOVE B69 173
MOVE B70 187
MOVE B71 194
END TURN 182
TURN 183
COMMAND LEFT START
MOVE A77 100
MOVE A76 100
TRAIN 2
COMMAND LEFT END
COMMAND RIGHT START
MOVE B49 82
MOVE B70 125
TRAIN 1
COMMAND RIGHT END
TURN 183 RESULT
TIME LEFT 0 5 RIGHT 0 5
TRAIN A78 A79 B73
MOVE A35 108
MOVE A37 108
MOVE A41 108
MOVE A44 108
MOVE A46 108
MOVE A52 108
MOVE A53 185
MOVE A54 108
MOVE A55 108
MOVE A59 120
MOVE A62 100
MOVE A63 100
MOVE A64 89
MOVE A65 89
MOVE A66 71
MOVE A67 71
MOVE A68 64
MOVE A69 64
MOVE A70 53
MOVE A71 53
MOVE A72 20
MOVE A73 20
MOVE A74 14
MOVE A75 14
MOVE A76 4
MOVE A77 4
MOVE B38 146
MOVE B40 89
MOVE B41 165
MOVE B48 131
MOVE B49 105
MOVE B56 114
MOVE B59 106
MOVE B63 82
MOVE B64 149
MOVE B66 125
MOVE B68 141
MOVE B69 161
MOVE B70 173
MOVE B71 187
DAMAGE TURRET A53 1
DAMAGE COMBAT A53 2
DAMAGE COMBAT A64 1
DAMAGE COMBAT B36 1
DAMAGE COMBAT B40 2
END TURN 183
TURN 184
COMMAND LEFT START
MOVE A63 82
TRAIN 2
COMMAND LEFT END
COMMAND RIGHT START
MOVE B26 185
MOVE B28 118
MOVE B37 165
MOVE B41 185
MOVE B65 82
MOVE B67 165
MOVE B73 160
UPGRADE 182
COMMAND RIGHT END
TURN 184 RESULT
TIME LEFT 0 5 RIGHT 0 5
UPGRADE B 182
TRAIN A80 A81
MOVE A35 103
MOVE A37 103
MOVE A41 103
MOVE A44 103
MOVE A46 103
MOVE A52 103
MOVE A54 103
MOVE A55 103
MOVE A59 125
MOVE A63 88
MOVE A66 89
MOVE A67 89
MOVE A68 71
MOVE A69 71
MOVE A70 64
MOVE A71 64
MOVE A72 40
MOVE A73 40
MOVE A74 20
MOVE A75 20
MOVE A76 14
MOVE A77 14
MOVE B26 177
MOVE B28 86
MOVE B37 137
MOVE B41 177
MOVE B48 118
MOVE B49 92
MOVE B56 108
MOVE B59 109
MOVE B65 105
MOVE B67 169
MOVE B68 125
MOVE B69 141
MOVE B70 161
MOVE B73 196
DAMAGE TURRET A35 2
DAMAGE TURRET A53 1
DAMAGE TURRET A59 2
DAMAGE COMBAT A35 1
DAMAGE COMBAT A53 2
DAMAGE COMBAT A59 3
DAMAGE COMBAT A64 1
DAMAGE COMBAT B20 2
DAMAGE COMBAT B36 1
DAMAGE COMBAT B39 1
DAMAGE COMBAT B40 3
SIEGE B 103 6
END TURN 184
TURN 185
COMMAND LEFT START
MOVE A81 100
MOVE A80 100
MOVE A79 100
MOVE A78 100
TRAIN 2
COMMAND LEFT END
COMMAND RIGHT START
MOVE B22 103
MOVE B30 146
MOVE B32 125
MOVE B34 103
MOVE B42 103
MOVE B44 125
MOVE B45 103
MOVE B46 103
MOVE B48 103
MOVE B50 125
MOVE B51 146
MOVE B52 146
MOVE B53 125
MOVE B54 125
MOVE B55 118
MOVE B57 118
MOVE B58 97
MOVE B60 97
MOVE B61 103
MOVE B64 146
MOVE B71 149
TRAIN 1
COMMAND RIGHT END
TURN 185 RESULT
TIME LEFT 0 5 RIGHT 0 5
TRAIN A82 A83 B74
MOVE A63 83
MOVE A64 100
MOVE A65 100
MOVE A66 100
MOVE A67 100
MOVE A68 89
MOVE A69 89
MOVE A70 71
MOVE A71 71
MOVE A72 53
MOVE A73 53
MOVE A74 40
MOVE A75 40
MOVE A76 20
MOVE A77 20
MOVE A78 4
MOVE A79 4
MOVE A80 4
MOVE A81 4
MOVE B22 86
MOVE B26 185
MOVE B28 83
MOVE B30 169
MOVE B32 105
MOVE B34 108
MOVE B37 152
MOVE B41 185
MOVE B42 86
MOVE B44 105
MOVE B45 86
MOVE B46 138
MOVE B48 108
MOVE B49 82
MOVE B50 92
MOVE B51 86
MOVE B52 86
MOVE B53 92
MOVE B54 92
MOVE B55 86
MOVE B56 103
MOVE B57 86
MOVE B58 92
MOVE B59 86
MOVE B60 92
MOVE B61 138
MOVE B64 140
MOVE B65 92
MOVE B67 167
MOVE B69 125
MOVE B70 141
MOVE B71 173
MOVE B73 186
DAMAGE TURRET A35 2
DAMAGE TURRET A53 1
DAMAGE TURRET A59 2
DAMAGE COMBAT A35 1
DAMAGE COMBAT A63 1
DAMAGE COMBAT B28 1
DAMAGE COMBAT B36 1
DAMAGE COMBAT B39 1
DAMAGE COMBAT B56 5
SIEGE B 103 3
END TURN 185
TURN 186
COMMAND LEFT START
MOVE A67 118
MOVE A66 118
MOVE A65 118
MOVE A64 118
MOVE A62 118
MOVE A61 118
MOVE A60 118
MOVE A58 118
MOVE A57 118
MOVE A56 118
COMMAND LEFT END
COMMAND RIGHT START
MOVE B26 165
MOVE B31 187
MOVE B38 103
MOVE B39 146
MOVE B43 165
MOVE B66 103
MOVE B68 82
MOVE B69 82
MOVE B74 187
TRAIN 1
COMMAND RIGHT END
TURN 186 RESULT
TIME LEFT 0 5 RIGHT 0 5
TRAIN B75
MOVE A56 112
MOVE A57 112
MOVE A58 112
MOVE A60 112
MOVE A61 112
MOVE A62 112
MOVE A64 112
MOVE A65 112
MOVE A66 112
MOVE A67 112
MOVE A68 100
MOVE A69 100
MOVE A70 89
MOVE A71 89
MOVE A72 64
MOVE A73 64
MOVE A74 53
MOVE A75 53
MOVE A76 40
MOVE A77 40
MOVE A78 14
MOVE A79 14
MOVE A80 14
MOVE A81 14
MOVE B22 83
MOVE B26 177
MOVE B30 146
MOVE B31 194
MOVE B32 125
MOVE B34 103
MOVE B37 165
MOVE B38 138
MOVE B39 133
MOVE B42 83
MOVE B43 177
MOVE B44 125
MOVE B45 83
MOVE B46 126
MOVE B48 103
MOVE B50 105
MOVE B51 109
MOVE B52 109
MOVE B53 105
MOVE B54 105
MOVE B55 83
MOVE B57 83
MOVE B58 97
MOVE B59 82
MOVE B60 97
MOVE B61 126
MOVE B64 147
MOVE B65 82
MOVE B66 120
MOVE B67 171
MOVE B68 105
MOVE B69 105
MOVE B70 125
MOVE B71 161
MOVE B73 180
MOVE B74 194
DAMAGE TURRET A37 2
DAMAGE COMBAT A37 2
DAMAGE COMBAT A63 6
DAMAGE COMBAT B22 1
DAMAGE COMBAT B34 5
DAMAGE COMBAT B48 2
END TURN 186
TURN 187
COMMAND LEFT START
MOVE A83 82
MOVE A82 100
TRAIN 2
COMMAND LEFT END
COMMAND RIGHT START
MOVE B8 103
MOVE B30 103
MOVE B32 187
MOVE B37 103
MOVE B44 146
MOVE B70 82
MOVE B75 187
TRAIN 1
COMMAND RIGHT END
TURN 187 RESULT
TIME LEFT 0 5 RIGHT 0 5
TRAIN A84 A85 B76
MOVE A56 117
MOVE A57 117
MOVE A58 117
MOVE A60 117
MOVE A61 117
MOVE A62 117
MOVE A64 117
MOVE A65 117
MOVE A66 117
MOVE A67 117
MOVE A70 100
MOVE A71 100
MOVE A72 71
MOVE A73 71
MOVE A74 64
MOVE A75 64
MOVE A76 53
MOVE A77 53
MOVE A78 20
MOVE A79 20
MOVE A80 20
MOVE A81 20
MOVE A82 4
MOVE A83 4
MOVE B8 152
MOVE B22 88
MOVE B26 165
MOVE B28 88
MOVE B30 138
MOVE B31 187
MOVE B32 141
MOVE B37 152
MOVE B38 126
MOVE B39 140
MOVE B42 88
MOVE B43 165
MOVE B44 133
MOVE B45 88
MOVE B46 114
MOVE B50 125
MOVE B51 106
MOVE B52 106
MOVE B53 125
MOVE B54 125
MOVE B55 88
MOVE B57 88
MOVE B61 114
MOVE B64 146
MOVE B66 129
MOVE B67 166
MOVE B68 92
MOVE B69 92
MOVE B70 105
MOVE B71 149
MOVE B73 160
MOVE B74 187
MOVE B75 194
DAMAGE TURRET A37 2
DAMAGE COMBAT A41 1
DAMAGE COMBAT B48 3
SIEGE B 103 4
END TURN 187
TURN 188
COMMAND LEFT START
MOVE A85 100
MOVE A84 100
TRAIN 2
COMMAND LEFT END
COMMAND RIGHT START
MOVE B31 125
MOVE B74 125
MOVE B76 187
TRAIN 1
COMMAND RIGHT END
TURN 188 RESULT
TIME LEFT 0 5 RIGHT 0 5
TRAIN A86 A87 B77
MOVE A56 114
MOVE A57 114
MOVE A58 114
MOVE A60 114
MOVE A61 114
MOVE A62 114
MOVE A64 114
MOVE A65 114
MOVE A66 114
MOVE A67 114
MOVE A72 89
MOVE A73 89
MOVE A74 71
MOVE A75 71
MOVE A76 64
MOVE A77 64
MOVE A78 40
MOVE A79 40
MOVE A80 40
MOVE A81 40
MOVE A82 14
MOVE A83 8
MOVE A84 4
MOVE A85 4
MOVE B8 137
MOVE B22 89
MOVE B28 100
MOVE B30 126
MOVE B31 173
MOVE B32 161
MOVE B37 137
MOVE B38 114
MOVE B39 147
MOVE B42 89
MOVE B44 140
MOVE B45 89
MOVE B46 108
MOVE B51 129
MOVE B52 129
MOVE B55 100
MOVE B57 100
MOVE B61 108
MOVE B66 124
MOVE B67 165
MOVE B68 82
MOVE B69 82
MOVE B70 92
MOVE B74 173
MOVE B75 187
MOVE B76 194
DAMAGE TURRET A41 2
DAMAGE TURRET B28 2
DAMAGE COMBAT A15 2
DAMAGE COMBAT A29 1
DAMAGE COMBAT A64 1
DAMAGE COMBAT A72 3
DAMAGE COMBAT B22 1
DAMAGE COMBAT B28 2
DAMAGE COMBAT B38 5
DAMAGE COMBAT B42 1
DAMAGE COMBAT B55 4
SIEGE B 103 5
END TURN 188
TURN 189
COMMAND LEFT START
MOVE A41 54
MOVE A44 54
MOVE A46 54
MOVE A52 54
MOVE A54 54
MOVE A87 54
MOVE A86 54
UPGRADE 103
TRAIN 2
COMMAND LEFT END
COMMAND RIGHT START
MOVE B49 103
MOVE B64 182
MOVE B73 146
MOVE B75 160
MOVE B77 187
TRAIN 1
COMMAND RIGHT END
TURN 189 RESULT
TIME LEFT 0 5 RIGHT 0 5
UPGRADE A 103
TRAIN A88 A89 B78
MOVE A41 95
MOVE A44 95
MOVE A46 95
MOVE A52 95
MOVE A54 95
MOVE A56 118
MOVE A57 118
MOVE A58 118
MOVE A60 118
MOVE A61 118
MOVE A62 118
MOVE A64 118
MOVE A65 118
MOVE A66 118
MOVE A67 118
MOVE A74 89
MOVE A75 89
MOVE A76 71
MOVE A77 71
MOVE A78 53
MOVE A79 53
MOVE A80 53
MOVE A81 53
MOVE A82 20
MOVE A83 18
MOVE A84 14
MOVE A85 14
MOVE A86 4
MOVE A87 4
MOVE B8 128
MOVE B30 114
MOVE B31 161
MOVE B32 173
MOVE B37 128
MOVE B39 146
MOVE B44 147
MOVE B46 103
MOVE B49 86
MOVE B51 136
MOVE B52 136
MOVE B61 103
MOVE B64 169
MOVE B66 117
MOVE B70 82
MOVE B73 146
MOVE B74 161
MOVE B75 183
MOVE B76 187
MOVE B77 194
DAMAGE TURRET A64 2
DAMAGE TURRET B46 1
DAMAGE TURRET B55 1
DAMAGE TURRET B57 1
DAMAGE COMBAT A29 2
DAMAGE COMBAT A55 2
DAMAGE COMBAT A72 2
DAMAGE COMBAT B42 4
DAMAGE COMBAT B46 1
DAMAGE COMBAT B57 4
SIEGE B 118 10
END TURN 189
TURN 190
COMMAND LEFT START
MOVE A27 103
MOVE A28 103
MOVE A13 103
MOVE A29 75
MOVE A68 75
TRAIN 2
COMMAND LEFT END
COMMAND RIGHT START
MOVE B39 182
MOVE B41 118
MOVE B43 118
MOVE B47 118
MOVE B53 118
MOVE B54 118
MOVE B58 125
MOVE B59 118
MOVE B60 125
MOVE B62 118
MOVE B63 118
MOVE B65 118
MOVE B67 118
MOVE B69 146
MOVE B70 118
MOVE B71 146
MOVE B73 118
MOVE B76 200
MOVE B78 185
TRAIN 1
COMMAND RIGHT END
TURN 190 RESULT
TIME LEFT 0 5 RIGHT 0 5
TRAIN A90 A91 B79
MOVE A13 53
MOVE A27 95
MOVE A28 95
MOVE A29 94
MOVE A41 75
MOVE A44 75
MOVE A46 75
MOVE A52 75
MOVE A54 75
MOVE A68 94
MOVE A76 89
MOVE A77 89
MOVE A78 64
MOVE A79 64
MOVE A80 64
MOVE A81 64
MOVE A82 40
MOVE A83 25
MOVE A84 20
MOVE A85 20
MOVE A86 14
MOVE A87 14
MOVE B8 103
MOVE B30 108
MOVE B31 141
MOVE B32 187
MOVE B37 103
MOVE B39 169
MOVE B41 171
MOVE B43 152
MOVE B44 146
MOVE B47 86
MOVE B49 83
MOVE B51 146
MOVE B52 146
MOVE B53 120
MOVE B54 120
MOVE B58 105
MOVE B59 86
MOVE B60 105
MOVE B62 86
MOVE B63 86
MOVE B64 182
MOVE B65 86
MOVE B66 114
MOVE B67 152
MOVE B69 86
MOVE B70 86
MOVE B71 140
MOVE B73 138
MOVE B74 141
MOVE B75 176
MOVE B76 194
MOVE B77 187
MOVE B78 199
DAMAGE TURRET A64 2
DAMAGE TURRET B46 1
DAMAGE COMBAT A55 4
DAMAGE COMBAT A72 1
DAMAGE COMBAT B8 1
DAMAGE COMBAT B45 5
SIEGE B 118 8
END TURN 190
TURN 191
COMMAND LEFT START
MOVE A91 100
MOVE A90 100
MOVE A89 100
MOVE A88 100
UPGRADE 118
TRAIN 2
COMMAND LEFT END
COMMAND RIGHT START
MOVE B50 82
MOVE B72 185
MOVE B77 125
MOVE B79 187
TRAIN 1
COMMAND RIGHT END
TURN 191 RESULT
TIME LEFT 0 5 RIGHT 0 5
UPGRADE A 118
TRAIN A92 A93 B80
MOVE A13 60
MOVE A27 103
MOVE A28 103
MOVE A29 80
MOVE A41 67
MOVE A44 67
MOVE A46 67
MOVE A52 67
MOVE A54 67
MOVE A68 80
MOVE A72 100
MOVE A73 100
MOVE A74 100
MOVE A75 100
MOVE A76 100
MOVE A77 100
MOVE A78 71
MOVE A79 71
MOVE A80 71
MOVE A81 71
MOVE A82 53
MOVE A83 33
MOVE A84 40
MOVE A85 40
MOVE A86 20
MOVE A87 20
MOVE A88 4
MOVE A89 4
MOVE A90 4
MOVE A91 4
MOVE B30 103
MOVE B31 125
MOVE B39 182
MOVE B41 145
MOVE B43 137
MOVE B47 83
MOVE B49 88
MOVE B50 105
MOVE B53 129
MOVE B54 129
MOVE B58 125
MOVE B59 83
MOVE B60 125
MOVE B62 83
MOVE B63 83
MOVE B65 83
MOVE B66 108
MOVE B67 137
MOVE B69 109
MOVE B70 83
MOVE B71 147
MOVE B72 199
MOVE B73 132
MOVE B74 125
MOVE B75 168
MOVE B76 200
MOVE B77 173
MOVE B78 198
MOVE B79 194
DAMAGE TURRET B8 1
DAMAGE COMBAT A27 3
DAMAGE COMBAT A55 1
DAMAGE COMBAT B8 2
DAMAGE COMBAT B30 1
END TURN 191
TURN 192
COMMAND LEFT START
MOVE A14 103
MOVE A3 103
MOVE A4 103
MOVE A36 13
MOVE A39 13
MOVE A67 100
MOVE A66 100
MOVE A65 100
MOVE A62 100
MOVE A61 100
MOVE A60 100
MOVE A58 100
UPGRADE 118
COMMAND LEFT END
COMMAND RIGHT START
MOVE B32 125
MOVE B44 118
MOVE B74 82
MOVE B80 187
UPGRADE 185
TRAIN 1
COMMAND RIGHT END
TURN 192 RESULT
TIME LEFT 0 5 RIGHT 0 5
UPGRADE A 118
UPGRADE B 185
TRAIN B81
MOVE A3 27
MOVE A4 27
MOVE A13 67
MOVE A14 53
MOVE A29 75
MOVE A36 6
MOVE A39 6
MOVE A41 60
MOVE A44 60
MOVE A46 60
MOVE A52 60
MOVE A54 60
MOVE A58 114
MOVE A60 114
MOVE A61 114
MOVE A62 114
MOVE A65 114
MOVE A66 114
MOVE A67 114
MOVE A68 75
MOVE A78 89
MOVE A79 89
MOVE A80 89
MOVE A81 89
MOVE A82 64
MOVE A83 45
MOVE A84 53
MOVE A85 53
MOVE A86 40
MOVE A87 40
MOVE A88 14
MOVE A89 14
MOVE A90 14
MOVE A91 14
MOVE B32 173
MOVE B41 131
MOVE B43 118
MOVE B44 138
MOVE B47 88
MOVE B49 89
MOVE B50 92
MOVE B53 124
MOVE B54 124
MOVE B59 88
MOVE B62 88
MOVE B63 88
MOVE B65 88
MOVE B66 103
MOVE B67 118
MOVE B69 106
MOVE B70 88
MOVE B71 146
MOVE B72 198
MOVE B73 131
MOVE B74 105
MOVE B75 160
MOVE B77 161
MOVE B78 188
MOVE B79 187
MOVE B80 194
DAMAGE TURRET B30 1
DAMAGE TURRET B43 1
DAMAGE COMBAT A27 3
DAMAGE COMBAT A28 1
DAMAGE COMBAT A56 2
DAMAGE COMBAT A78 1
DAMAGE COMBAT B30 2
DAMAGE COMBAT B43 2
DAMAGE COMBAT B49 4
END TURN 192
TURN 193
COMMAND LEFT START
TRAIN 2
COMMAND LEFT END
COMMAND RIGHT START
MOVE B52 185
MOVE B75 146
MOVE B79 125
MOVE B81 149
TRAIN 1
COMMAND RIGHT END
TURN 193 RESULT
TIME LEFT 0 5 RIGHT 0 5
TRAIN A94 A95 B82
MOVE A3 39
MOVE A4 39
MOVE A13 75
MOVE A14 60
MOVE A36 13
MOVE A39 13
MOVE A41 53
MOVE A44 53
MOVE A46 53
MOVE A52 53
MOVE A54 53
MOVE A58 117
MOVE A60 117
MOVE A61 117
MOVE A62 117
MOVE A65 117
MOVE A66 117
MOVE A67 117
MOVE A82 71
MOVE A83 55
MOVE A84 64
MOVE A85 64
MOVE A86 54
MOVE A87 54
MOVE A88 20
MOVE A89 20
MOVE A90 20
MOVE A91 20
MOVE B32 161
MOVE B41 118
MOVE B44 132
MOVE B47 100
MOVE B50 82
MOVE B52 159
MOVE B53 117
MOVE B54 117
MOVE B59 100
MOVE B62 100
MOVE B63 100
MOVE B65 100
MOVE B69 129
MOVE B70 100
MOVE B72 188
MOVE B73 118
MOVE B74 92
MOVE B75 146
MOVE B77 141
MOVE B78 185
MOVE B79 173
MOVE B80 187
MOVE B81 193
DAMAGE TURRET B30 1
DAMAGE TURRET B43 1
DAMAGE TURRET B47 2
DAMAGE COMBAT A28 4
DAMAGE COMBAT A56 4
DAMAGE COMBAT A58 2
DAMAGE COMBAT A69 5
DAMAGE COMBAT A72 1
DAMAGE COMBAT A78 1
DAMAGE COMBAT B37 1
DAMAGE COMBAT B41 1
DAMAGE COMBAT B43 1
DAMAGE COMBAT B47 3
DAMAGE COMBAT B49 1
DAMAGE COMBAT B53 5
DAMAGE COMBAT B54 2
DAMAGE COMBAT B59 5
DAMAGE COMBAT B62 1
END TURN 193
TURN 194
COMMAND LEFT START
MOVE A95 54
MOVE A94 54
TRAIN 2
COMMAND LEFT END
COMMAND RIGHT START
MOVE B31 97
MOVE B78 165
MOVE B82 160
TRAIN 1
COMMAND RIGHT END
TURN 194 RESULT
TIME LEFT 0 5 RIGHT 0 5
TRAIN A96 A97 B83
MOVE A3 59
MOVE A4 59
MOVE A13 95
MOVE A14 67
MOVE A41 54
MOVE A44 54
MOVE A46 54
MOVE A52 54
MOVE A54 54
MOVE A78 100
MOVE A79 100
MOVE A80 100
MOVE A81 100
MOVE A82 89
MOVE A83 69
MOVE A84 71
MOVE A85 71
MOVE A88 40
MOVE A89 40
MOVE A90 40
MOVE A91 40
MOVE A94 4
MOVE A95 4
MOVE B31 105
MOVE B32 141
MOVE B44 131
MOVE B52 167
MOVE B69 136
MOVE B72 185
MOVE B74 82
MOVE B77 125
MOVE B78 177
MOVE B79 161
MOVE B81 183
MOVE B82 196
DAMAGE TURRET B37 1
DAMAGE TURRET B41 1
DAMAGE TURRET B62 2
DAMAGE COMBAT A28 1
DAMAGE COMBAT A56 1
DAMAGE COMBAT A57 2
DAMAGE COMBAT A58 1
DAMAGE COMBAT A69 2
DAMAGE COMBAT A78 2
DAMAGE COMBAT B37 1
DAMAGE COMBAT B41 2
DAMAGE COMBAT B54 3
DAMAGE COMBAT B62 2
DAMAGE COMBAT B63 5
DAMAGE COMBAT B65 5
SIEGE A 103 2
END TURN 194
TURN 195
COMMAND LEFT START
MOVE A29 118
MOVE A32 118
MOVE A18 118
MOVE A41 118
MOVE A44 75
MOVE A46 75
MOVE A97 54
MOVE A96 54
TRAIN 2
COMMAND LEFT END
COMMAND RIGHT START
MOVE B37 82
MOVE B51 165
MOVE B58 97
MOVE B61 82
MOVE B66 82
MOVE B83 187
TRAIN 1
COMMAND RIGHT END
TURN 195 RESULT
TIME LEFT 0 5 RIGHT 0 5
TRAIN A98 A99 B84
MOVE A3 73
MOVE A4 73
MOVE A13 103
MOVE A14 75
MOVE A18 64
MOVE A29 95
MOVE A32 95
MOVE A41 64
MOVE A44 53
MOVE A46 53
MOVE A58 112
MOVE A60 112
MOVE A61 112
MOVE A62 112
MOVE A65 112
MOVE A66 112
MOVE A67 112
MOVE A82 100
MOVE A83 82
MOVE A84 89
MOVE A85 89
MOVE A88 53
MOVE A89 53
MOVE A90 53
MOVE A91 53
MOVE A94 14
MOVE A95 14
MOVE A96 4
MOVE A97 4
MOVE B31 97
MOVE B32 125
MOVE B37 95
MOVE B44 118
MOVE B51 159
MOVE B52 171
MOVE B58 105
MOVE B61 95
MOVE B66 95
MOVE B69 146
MOVE B78 165
MOVE B79 141
MOVE B81 162
MOVE B82 186
MOVE B83 194
DAMAGE TURRET A83 2
DAMAGE TURRET B41 1
DAMAGE TURRET B70 2
DAMAGE COMBAT A29 3
DAMAGE COMBAT A57 4
DAMAGE COMBAT A78 1
DAMAGE COMBAT A83 3
DAMAGE COMBAT B37 2
DAMAGE COMBAT B44 1
DAMAGE COMBAT B50 1
DAMAGE COMBAT B70 3
END TURN 195
TURN 196
COMMAND LEFT START
MOVE A82 125
MOVE A81 97
MOVE A80 97
MOVE A79 97
MOVE A78 97
MOVE A77 97
MOVE A76 97
MOVE A75 97
MOVE A74 97
MOVE A73 97
COMMAND LEFT END
COMMAND RIGHT START
MOVE B32 82
MOVE B80 125
MOVE B84 187
TRAIN 1
COMMAND RIGHT END
TURN 196 RESULT
TIME LEFT 0 5 RIGHT 0 5
TRAIN B85
MOVE A3 84
MOVE A4 84
MOVE A14 95
MOVE A18 71
MOVE A41 71
MOVE A44 60
MOVE A46 60
MOVE A58 100
MOVE A60 100
MOVE A61 100
MOVE A62 100
MOVE A65 100
MOVE A66 100
MOVE A67 100
MOVE A73 88
MOVE A74 88
MOVE A75 88
MOVE A76 88
MOVE A77 88
MOVE A78 88
MOVE A79 88
MOVE A80 88
MOVE A81 88
MOVE A82 106
MOVE A84 100
MOVE A85 100
MOVE A88 64
MOVE A89 64
MOVE A90 64
MOVE A91 64
MOVE A94 20
MOVE A95 20
MOVE A96 14
MOVE A97 14
MOVE B32 105
MOVE B51 167
MOVE B52 185
MOVE B58 97
MOVE B79 125
MOVE B80 173
MOVE B81 149
MOVE B82 180
MOVE B83 187
MOVE B84 194
DAMAGE TURRET A83 2
DAMAGE TURRET B44 1
DAMAGE COMBAT A14 2
DAMAGE COMBAT A57 1
DAMAGE COMBAT B44 1
DAMAGE COMBAT B50 1
DAMAGE COMBAT B61 2
SIEGE A 118 2
END TURN 196
TURN 197
COMMAND LEFT START
MOVE A87 100
MOVE A99 100
MOVE A98 100
UPGRADE 103
COMMAND LEFT END
COMMAND RIGHT START
MOVE B44 82
MOVE B67 82
MOVE B73 82
MOVE B83 125
MOVE B85 187
TRAIN 1
COMMAND RIGHT END
TURN 197 RESULT
TIME LEFT 0 5 RIGHT 0 5
UPGRADE A 103
TRAIN B86
MOVE A3 103
MOVE A4 103
MOVE A18 94
MOVE A41 94
MOVE A44 67
MOVE A46 67
MOVE A73 83
MOVE A74 83
MOVE A75 83
MOVE A76 83
MOVE A77 83
MOVE A78 83
MOVE A79 83
MOVE A80 83
MOVE A81 83
MOVE A82 120
MOVE A87 64
MOVE A88 71
MOVE A89 71
MOVE A90 71
MOVE A91 71
MOVE A94 40
MOVE A95 40
MOVE A96 20
MOVE A97 20
MOVE A98 4
MOVE A99 4
MOVE B32 92
MOVE B44 114
MOVE B51 171
MOVE B67 114
MOVE B73 114
MOVE B80 161
MOVE B82 160
MOVE B83 173
MOVE B84 187
MOVE B85 194
DAMAGE COMBAT A14 2
DAMAGE COMBAT B61 2
END TURN 197
TURN 198
COMMAND LEFT START
MOVE A3 118
MOVE A85 82
MOVE A84 82
MOVE A71 82
MOVE A70 82
MOVE A67 82
MOVE A66 82
MOVE A65 82
MOVE A62 82
MOVE A61 82
COMMAND LEFT END
COMMAND RIGHT START
MOVE B84 125
MOVE B86 187
UPGRADE 187
TRAIN 1
COMMAND RIGHT END
TURN 198 RESULT
TIME LEFT 0 5 RIGHT 0 5
UPGRADE B 187
TRAIN B87
MOVE A3 108
MOVE A18 91
MOVE A41 91
MOVE A44 75
MOVE A46 75
MOVE A61 88
MOVE A62 88
MOVE A65 88
MOVE A66 88
MOVE A67 88
MOVE A70 88
MOVE A71 88
MOVE A73 86
MOVE A74 86
MOVE A75 86
MOVE A76 86
MOVE A77 86
MOVE A78 86
MOVE A79 86
MOVE A80 86
MOVE A81 86
MOVE A82 125
MOVE A84 88
MOVE A85 88
MOVE A87 71
MOVE A88 89
MOVE A89 89
MOVE A90 89
MOVE A91 89
MOVE A94 54
MOVE A95 54
MOVE A96 40
MOVE A97 40
MOVE A98 14
MOVE A99 14
MOVE B32 82
MOVE B44 117
MOVE B51 166
MOVE B67 117
MOVE B73 117
MOVE B80 141
MOVE B83 161
MOVE B84 173
MOVE B85 187
MOVE B86 194
DAMAGE TURRET A82 2
DAMAGE COMBAT A14 2
DAMAGE COMBAT A82 3
DAMAGE COMBAT B60 1
DAMAGE COMBAT B61 1
DAMAGE COMBAT B66 1
END TURN 198
TURN 199
COMMAND LEFT START
MOVE A52 118
MOVE A95 100
UPGRADE 103
COMMAND LEFT END
COMMAND RIGHT START
MOVE B31 125
MOVE B50 97
MOVE B58 125
MOVE B68 97
MOVE B81 187
MOVE B82 149
MOVE B85 125
MOVE B87 160
TRAIN 1
COMMAND RIGHT END
TURN 199 RESULT
TIME LEFT 0 5 RIGHT 0 5
UPGRADE A 103
TRAIN B88
MOVE A3 118
MOVE A18 114
MOVE A41 114
MOVE A52 64
MOVE A61 83
MOVE A62 83
MOVE A65 83
MOVE A66 83
MOVE A67 83
MOVE A70 83
MOVE A71 83
MOVE A73 92
MOVE A74 92
MOVE A75 92
MOVE A76 92
MOVE A77 92
MOVE A78 92
MOVE A79 92
MOVE A80 92
MOVE A81 92
MOVE A84 83
MOVE A85 83
MOVE A87 89
MOVE A88 100
MOVE A89 100
MOVE A90 100
MOVE A91 100
MOVE A95 64
MOVE A96 54
MOVE A97 54
MOVE A98 20
MOVE A99 20
MOVE B31 105
MOVE B44 112
MOVE B50 92
MOVE B51 165
MOVE B58 105
MOVE B67 112
MOVE B68 92
MOVE B73 112
MOVE B80 125
MOVE B81 161
MOVE B82 168
MOVE B83 141
MOVE B84 161
MOVE B85 173
MOVE B86 187
MOVE B87 196
DAMAGE TURRET A82 2
DAMAGE COMBAT A32 1
DAMAGE COMBAT A78 2
DAMAGE COMBAT B50 3
DAMAGE COMBAT B60 1
DAMAGE COMBAT B66 1
DAMAGE COMBAT B68 5
END TURN 199
TURN 200
COMMAND LEFT START
MOVE A97 100
MOVE A96 100
TRAIN 1
COMMAND LEFT END
COMMAND RIGHT START
MOVE B60 97
MOVE B74 97
MOVE B77 82
MOVE B79 82
MOVE B80 82
MOVE B88 187
TRAIN 1
COMMAND RIGHT END
TURN 200 RESULT
TIME LEFT 0 5 RIGHT 0 5
TRAIN A100 B89
MOVE A18 118
MOVE A41 118
MOVE A52 71
MOVE A61 86
MOVE A62 86
MOVE A65 86
MOVE A66 86
MOVE A67 86
MOVE A70 86
MOVE A71 86
MOVE A73 97
MOVE A74 97
MOVE A75 97
MOVE A76 97
MOVE A77 97
MOVE A79 97
MOVE A80 97
MOVE A81 97
MOVE A84 86
MOVE A85 86
MOVE A87 100
MOVE A95 71
MOVE A96 64
MOVE A97 64
MOVE A98 40
MOVE A99 40
MOVE B31 125
MOVE B44 100
MOVE B58 125
MOVE B60 105
MOVE B67 100
MOVE B73 100
MOVE B74 92
MOVE B77 105
MOVE B79 105
MOVE B80 105
MOVE B81 173
MOVE B82 157
MOVE B83 125
MOVE B84 141
MOVE B85 161
MOVE B87 186
MOVE B88 194
DAMAGE TURRET A73 2
DAMAGE TURRET B44 2
DAMAGE COMBAT A32 1
DAMAGE COMBAT A58 3
DAMAGE COMBAT A73 1
DAMAGE COMBAT B27 5
DAMAGE COMBAT B66 1
DAMAGE COMBAT B67 5
DAMAGE COMBAT B73 2
SIEGE B 97 3
END TURN 200
TURN 201
COMMAND LEFT START
MOVE A3 103
MOVE A100 54
UPGRADE 118
COMMAND LEFT END
COMMAND RIGHT START
MOVE B31 97
MOVE B32 97
MOVE B39 146
MOVE B51 182
MOVE B52 182
MOVE B58 97
MOVE B64 146
MOVE B71 125
MOVE B72 182
MOVE B75 125
MOVE B76 187
MOVE B78 185
MOVE B83 97
MOVE B86 125
TRAIN 1
COMMAND RIGHT END
TURN 201 RESULT
TIME LEFT 0 5 RIGHT 0 5
UPGRADE A 118
TRAIN B90
MOVE A3 108
MOVE A52 94
MOVE A61 82
MOVE A62 82
MOVE A65 82
MOVE A66 82
MOVE A67 82
MOVE A70 82
MOVE A71 82
MOVE A84 82
MOVE A85 82
MOVE A95 89
MOVE A96 71
MOVE A97 71
MOVE A98 53
MOVE A99 53
MOVE A100 4
MOVE B31 105
MOVE B32 92
MOVE B39 169
MOVE B51 166
MOVE B52 188
MOVE B58 105
MOVE B60 97
MOVE B64 169
MOVE B71 147
MOVE B72 188
MOVE B74 97
MOVE B75 147
MOVE B76 194
MOVE B77 92
MOVE B78 177
MOVE B79 92
MOVE B80 92
MOVE B81 187
MOVE B82 149
MOVE B83 105
MOVE B84 125
MOVE B85 141
MOVE B86 173
MOVE B87 180
MOVE B88 187
DAMAGE TURRET A61 2
DAMAGE TURRET A73 2
DAMAGE TURRET B73 2
DAMAGE COMBAT A32 1
DAMAGE COMBAT A58 1
DAMAGE COMBAT A73 2
DAMAGE COMBAT B60 3
DAMAGE COMBAT B66 1
DAMAGE COMBAT B73 1
DAMAGE COMBAT B74 5
SIEGE B 82 9
END TURN 201
TURN 202
COMMAND LEFT START
MOVE A91 146
COMMAND LEFT END
COMMAND RIGHT START
MOVE B11 125
MOVE B69 125
MOVE B81 125
MOVE B82 125
MOVE B84 82
MOVE B88 125
MOVE B89 187
MOVE B90 187
TRAIN 1
COMMAND RIGHT END
TURN 202 RESULT
TIME LEFT 0 5 RIGHT 0 5
TRAIN B91
MOVE A3 103
MOVE A52 91
MOVE A91 111
MOVE A95 100
MOVE A96 89
MOVE A97 89
MOVE A98 64
MOVE A99 64
MOVE A100 14
MOVE B11 173
MOVE B31 97
MOVE B32 97
MOVE B39 146
MOVE B51 171
MOVE B52 190
MOVE B58 97
MOVE B64 146
MOVE B69 147
MOVE B71 140
MOVE B72 190
MOVE B75 140
MOVE B76 187
MOVE B77 82
MOVE B78 185
MOVE B79 82
MOVE B80 82
MOVE B81 173
MOVE B82 133
MOVE B83 97
MOVE B84 105
MOVE B85 125
MOVE B86 161
MOVE B87 160
MOVE B88 173
MOVE B89 194
MOVE B90 194
DAMAGE TURRET A61 2
DAMAGE TURRET A74 2
DAMAGE COMBAT A32 1
DAMAGE COMBAT A61 3
DAMAGE COMBAT A74 4
DAMAGE COMBAT B31 5
DAMAGE COMBAT B32 2
DAMAGE COMBAT B66 1
DAMAGE COMBAT B77 5
DAMAGE COMBAT B79 4
END TURN 202
TURN 203
COMMAND LEFT START
TRAIN 2
COMMAND LEFT END
COMMAND RIGHT START
MOVE B64 125
MOVE B76 125
MOVE B78 146
MOVE B85 97
MOVE B87 82
TRAIN 1
COMMAND RIGHT END
TURN 203 RESULT
TIME LEFT 0 5 RIGHT 0 5
TRAIN A101 A102 B92
MOVE A32 108
MOVE A52 114
MOVE A91 129
MOVE A96 100
MOVE A97 100
MOVE A98 71
MOVE A99 71
MOVE A100 20
MOVE B11 161
MOVE B51 175
MOVE B52 182
MOVE B64 147
MOVE B69 140
MOVE B71 133
MOVE B72 182
MOVE B75 133
MOVE B76 173
MOVE B78 171
MOVE B81 161
MOVE B82 125
MOVE B84 92
MOVE B85 105
MOVE B86 141
MOVE B87 147
MOVE B88 161
MOVE B89 187
MOVE B90 187
DAMAGE TURRET A62 2
DAMAGE TURRET A74 1
DAMAGE TURRET A75 1
DAMAGE COMBAT A62 2
DAMAGE COMBAT A75 3
DAMAGE COMBAT B32 3
DAMAGE COMBAT B58 4
DAMAGE COMBAT B79 1
DAMAGE COMBAT B80 5
SIEGE B 82 2
END TURN 203
TURN 204
COMMAND LEFT START
MOVE A97 165
MOVE A102 100
MOVE A101 100
COMMAND LEFT END
COMMAND RIGHT START
MOVE B14 187
MOVE B52 146
MOVE B72 146
MOVE B82 82
MOVE B89 125
MOVE B90 125
MOVE B92 182
TRAIN 1
COMMAND RIGHT END
TURN 204 RESULT
TIME LEFT 0 5 RIGHT 0 5
TRAIN B93
MOVE A32 118
MOVE A52 118
MOVE A91 136
MOVE A97 112
MOVE A98 89
MOVE A99 89
MOVE A100 40
MOVE A101 4
MOVE A102 4
MOVE B11 141
MOVE B14 186
MOVE B51 182
MOVE B52 169
MOVE B64 140
MOVE B69 133
MOVE B71 125
MOVE B72 169
MOVE B75 125
MOVE B76 161
MOVE B78 167
MOVE B81 141
MOVE B82 105
MOVE B84 82
MOVE B85 97
MOVE B86 125
MOVE B87 134
MOVE B88 141
MOVE B89 173
MOVE B90 173
MOVE B92 196
DAMAGE TURRET A62 2
DAMAGE TURRET A75 2
DAMAGE COMBAT A62 1
DAMAGE COMBAT A75 1
DAMAGE COMBAT A76 2
DAMAGE COMBAT B58 1
DAMAGE COMBAT B83 5
DAMAGE COMBAT B84 5
SIEGE B 82 3
END TURN 204
TURN 205
COMMAND LEFT START
MOVE A52 100
TRAIN 2
COMMAND LEFT END
COMMAND RIGHT START
MOVE B71 97
MOVE B75 97
MOVE B86 97
MOVE B93 182
TRAIN 1
COMMAND RIGHT END
TURN 205 RESULT
TIME LEFT 0 5 RIGHT 0 5
TRAIN A103 A104 B94
MOVE A52 114
MOVE A91 146
MOVE A97 117
MOVE A98 100
MOVE A99 100
MOVE A100 54
MOVE A101 14
MOVE A102 14
MOVE B11 125
MOVE B14 184
MOVE B52 146
MOVE B64 133
MOVE B69 125
MOVE B71 105
MOVE B72 146
MOVE B75 105
MOVE B76 141
MOVE B78 159
MOVE B81 125
MOVE B82 92
MOVE B86 105
MOVE B87 120
MOVE B88 125
MOVE B89 161
MOVE B90 161
MOVE B92 192
MOVE B93 196
DAMAGE TURRET A65 2
DAMAGE TURRET A76 2
DAMAGE TURRET A91 2
DAMAGE COMBAT A76 1
DAMAGE COMBAT A91 3
DAMAGE COMBAT B39 1
DAMAGE COMBAT B85 5
SIEGE B 82 4
END TURN 205
TURN 206
COMMAND LEFT START
MOVE A65 100
MOVE A66 100
MOVE A67 100
MOVE A70 100
MOVE A71 100
MOVE A84 100
MOVE A104 100
MOVE A103 100
MOVE A100 100
UPGRADE 82
TRAIN 2
COMMAND LEFT END
COMMAND RIGHT START
MOVE B11 146
MOVE B69 97
MOVE B81 97
MOVE B88 97
MOVE B94 187
TRAIN 1
COMMAND RIGHT END
TURN 206 RESULT
TIME LEFT 0 5 RIGHT 0 5
UPGRADE A 82
TRAIN A105 A106 B95
MOVE A52 117
MOVE A65 86
MOVE A66 86
MOVE A67 86
MOVE A70 86
MOVE A71 86
MOVE A84 86
MOVE A97 126
MOVE A100 64
MOVE A101 20
MOVE A102 20
MOVE A103 4
MOVE A104 4
MOVE B11 133
MOVE B14 183
MOVE B64 125
MOVE B69 105
MOVE B71 97
MOVE B75 97
MOVE B76 125
MOVE B78 146
MOVE B81 105
MOVE B82 82
MOVE B86 97
MOVE B87 109
MOVE B88 105
MOVE B89 141
MOVE B90 141
MOVE B92 182
MOVE B93 192
MOVE B94 194
DAMAGE TURRET A76 2
DAMAGE TURRET A91 2
DAMAGE TURRET B82 1
DAMAGE COMBAT A77 3
DAMAGE COMBAT A85 1
DAMAGE COMBAT B52 1
DAMAGE COMBAT B71 5
DAMAGE COMBAT B82 1
END TURN 206
TURN 207
COMMAND LEFT START
MOVE A99 146
MOVE A98 146
MOVE A96 146
MOVE A95 146
MOVE A90 146
MOVE A89 146
MOVE A88 146
COMMAND LEFT END
COMMAND RIGHT START
MOVE B72 185
MOVE B76 97
MOVE B78 185
MOVE B95 187
TRAIN 1
COMMAND RIGHT END
TURN 207 RESULT
TIME LEFT 0 5 RIGHT 0 5
TRAIN B96
MOVE A52 112
MOVE A65 83
MOVE A66 83
MOVE A67 83
MOVE A70 83
MOVE A71 83
MOVE A84 83
MOVE A88 111
MOVE A89 111
MOVE A90 111
MOVE A95 111
MOVE A96 111
MOVE A97 132
MOVE A98 111
MOVE A99 111
MOVE A100 71
MOVE A101 40
MOVE A102 40
MOVE A103 14
MOVE A104 14
MOVE B11 140
MOVE B14 187
MOVE B69 97
MOVE B72 159
MOVE B76 105
MOVE B78 159
MOVE B81 97
MOVE B87 86
MOVE B88 97
MOVE B89 125
MOVE B90 125
MOVE B93 182
MOVE B94 187
MOVE B95 194
DAMAGE TURRET A77 2
DAMAGE TURRET B82 1
DAMAGE COMBAT A77 2
DAMAGE COMBAT A79 3
DAMAGE COMBAT A85 1
DAMAGE COMBAT B69 4
DAMAGE COMBAT B82 1
END TURN 207
TURN 208
COMMAND LEFT START
MOVE A106 100
MOVE A105 100
TRAIN 2
COMMAND LEFT END
COMMAND RIGHT START
MOVE B89 146
MOVE B90 146
MOVE B96 185
TRAIN 1
COMMAND RIGHT END
TURN 208 RESULT
TIME LEFT 0 5 RIGHT 0 5
TRAIN A107 A108 B97
MOVE A52 100
MOVE A65 88
MOVE A66 88
MOVE A67 88
MOVE A70 88
MOVE A71 88
MOVE A84 88
MOVE A88 129
MOVE A89 129
MOVE A90 129
MOVE A95 129
MOVE A96 129
MOVE A97 145
MOVE A98 129
MOVE A99 129
MOVE A100 89
MOVE A101 53
MOVE A102 53
MOVE A103 20
MOVE A104 20
MOVE A105 4
MOVE A106 4
MOVE B11 147
MOVE B72 167
MOVE B76 97
MOVE B78 167
MOVE B87 82
MOVE B89 133
MOVE B90 133
MOVE B95 187
MOVE B96 199
DAMAGE TURRET A79 2
DAMAGE TURRET B82 1
DAMAGE COMBAT A79 2
DAMAGE COMBAT A80 4
DAMAGE COMBAT A85 2
DAMAGE COMBAT B69 1
DAMAGE COMBAT B75 2
DAMAGE COMBAT B87 1
END TURN 208
TURN 209
COMMAND LEFT START
MOVE A108 100
MOVE A107 100
TRAIN 2
COMMAND LEFT END
COMMAND RIGHT START
MOVE B97 187
TRAIN 1
COMMAND RIGHT END
TURN 209 RESULT
TIME LEFT 0 5 RIGHT 0 5
TRAIN A109 A110 B98
MOVE A65 100
MOVE A66 100
MOVE A67 100
MOVE A70 100
MOVE A71 100
MOVE A84 100
MOVE A88 136
MOVE A89 136
MOVE A90 136
MOVE A95 136
MOVE A96 136
MOVE A97 166
MOVE A98 136
MOVE A99 136
MOVE A100 100
MOVE A101 64
MOVE A102 64
MOVE A103 40
MOVE A104 40
MOVE A105 14
MOVE A106 14
MOVE A107 4
MOVE A108 4
MOVE B11 146
MOVE B72 171
MOVE B78 171
MOVE B89 140
MOVE B90 140
MOVE B96 198
MOVE B97 194
DAMAGE TURRET A80 2
DAMAGE TURRET B87 1
DAMAGE COMBAT A80 1
DAMAGE COMBAT A81 4
DAMAGE COMBAT A85 1
DAMAGE COMBAT B75 2
DAMAGE COMBAT B87 1
END TURN 209
TURN 210
COMMAND LEFT START
MOVE A100 125
MOVE A87 125
MOVE A84 125
MOVE A71 125
MOVE A70 125
MOVE A67 125
MOVE A66 125
MOVE A65 125
COMMAND LEFT END
COMMAND RIGHT START
MOVE B94 125
MOVE B98 187
TRAIN 1
COMMAND RIGHT END
TURN 210 RESULT
TIME LEFT 0 5 RIGHT 0 5
TRAIN B99
MOVE A65 106
MOVE A66 106
MOVE A67 106
MOVE A70 106
MOVE A71 106
MOVE A84 106
MOVE A87 106
MOVE A88 146
MOVE A89 146
MOVE A90 146
MOVE A95 146
MOVE A96 146
MOVE A97 165
MOVE A98 146
MOVE A99 146
MOVE A100 106
MOVE A101 71
MOVE A102 71
MOVE A103 53
MOVE A104 53
MOVE A105 20
MOVE A106 20
MOVE A107 14
MOVE A108 14
MOVE B72 185
MOVE B78 185
MOVE B89 147
MOVE B90 147
MOVE B94 173
MOVE B96 188
MOVE B97 187
MOVE B98 194
DAMAGE TURRET A81 2
DAMAGE TURRET A88 2
DAMAGE TURRET A97 2
DAMAGE TURRET B87 1
DAMAGE COMBAT A81 1
DAMAGE COMBAT A85 1
DAMAGE COMBAT A88 2
DAMAGE COMBAT A97 1
DAMAGE COMBAT B11 4
DAMAGE COMBAT B26 1
DAMAGE COMBAT B52 3
DAMAGE COMBAT B75 1
DAMAGE COMBAT B87 1
END TURN 210
TURN 211
COMMAND LEFT START
MOVE A110 100
MOVE A109 100
UPGRADE 82
COMMAND LEFT END
COMMAND RIGHT START
MOVE B64 146
MOVE B72 146
MOVE B78 146
MOVE B81 125
MOVE B86 125
MOVE B88 125
MOVE B91 182
MOVE B92 146
MOVE B93 146
MOVE B95 146
MOVE B97 146
MOVE B99 185
TRAIN 1
COMMAND RIGHT END
TURN 211 RESULT
TIME LEFT 0 5 RIGHT 0 5
UPGRADE A 82
TRAIN B100
MOVE A65 120
MOVE A66 120
MOVE A67 120
MOVE A70 120
MOVE A71 120
MOVE A84 120
MOVE A87 120
MOVE A100 120
MOVE A101 89
MOVE A102 89
MOVE A103 64
MOVE A104 64
MOVE A105 40
MOVE A106 40
MOVE A107 20
MOVE A108 20
MOVE A109 4
MOVE A110 4
MOVE B64 133
MOVE B72 171
MOVE B78 171
MOVE B81 105
MOVE B86 105
MOVE B88 105
MOVE B89 146
MOVE B90 146
MOVE B91 196
MOVE B92 169
MOVE B93 169
MOVE B94 161
MOVE B95 183
MOVE B96 185
MOVE B97 183
MOVE B98 187
MOVE B99 199
DAMAGE TURRET A88 2
DAMAGE TURRET A97 2
DAMAGE COMBAT A88 1
DAMAGE COMBAT A89 2
DAMAGE COMBAT A97 1
DAMAGE COMBAT B26 1
DAMAGE COMBAT B52 1
DAMAGE COMBAT B89 5
DAMAGE COMBAT B90 1
END TURN 211
TURN 212
COMMAND LEFT START
TRAIN 1
COMMAND LEFT END
COMMAND RIGHT START
MOVE B96 165
MOVE B100 187
TRAIN 1
COMMAND RIGHT END
TURN 212 RESULT
TIME LEFT 0 5 RIGHT 0 5
TRAIN A111 B101
MOVE A65 125
MOVE A66 125
MOVE A67 125
MOVE A70 125
MOVE A71 125
MOVE A84 125
MOVE A87 125
MOVE A100 125
MOVE A101 100
MOVE A102 100
MOVE A103 71
MOVE A104 71
MOVE A105 53
MOVE A106 53
MOVE A107 40
MOVE A108 40
MOVE A109 14
MOVE A110 14
MOVE B64 140
MOVE B72 167
MOVE B78 167
MOVE B81 125
MOVE B86 125
MOVE B88 125
MOVE B91 192
MOVE B92 146
MOVE B93 146
MOVE B94 141
MOVE B95 176
MOVE B96 177
MOVE B97 176
MOVE B99 198
MOVE B100 194
DAMAGE TURRET A65 2
DAMAGE TURRET A89 2
DAMAGE TURRET A97 1
DAMAGE COMBAT A65 3
DAMAGE COMBAT A89 3
DAMAGE COMBAT B26 1
DAMAGE COMBAT B81 5
DAMAGE COMBAT B86 3
DAMAGE COMBAT B90 4
DAMAGE COMBAT B92 2
END TURN 212
TURN 213
COMMAND LEFT START
MOVE A52 82
MOVE A111 100
UPGRADE 82
COMMAND LEFT END
COMMAND RIGHT START
MOVE B26 146
MOVE B51 146
MOVE B76 125
MOVE B98 125
MOVE B101 187
TRAIN 1
COMMAND RIGHT END
TURN 213 RESULT
TIME LEFT 0 5 RIGHT 0 5
UPGRADE A 82
TRAIN B102
MOVE A52 88
MOVE A103 89
MOVE A104 89
MOVE A105 64
MOVE A106 64
MOVE A107 53
MOVE A108 53
MOVE A109 20
MOVE A110 20
MOVE A111 4
MOVE B26 166
MOVE B51 169
MOVE B64 147
MOVE B72 159
MOVE B76 105
MOVE B78 159
MOVE B91 182
MOVE B94 125
MOVE B95 168
MOVE B96 165
MOVE B97 168
MOVE B98 173
MOVE B99 188
MOVE B100 187
MOVE B101 194
DAMAGE TURRET A66 2
DAMAGE TURRET A90 2
DAMAGE COMBAT A66 3
DAMAGE COMBAT A90 2
DAMAGE COMBAT B86 2
DAMAGE COMBAT B88 5
DAMAGE COMBAT B92 3
DAMAGE COMBAT B93 2
END TURN 213
TURN 214
COMMAND LEFT START
TRAIN 1
COMMAND LEFT END
COMMAND RIGHT START
MOVE B96 146
MOVE B100 146
MOVE B102 187
TRAIN 1
COMMAND RIGHT END
TURN 214 RESULT
TIME LEFT 0 5 RIGHT 0 5
TRAIN A112 B103
MOVE A52 83
MOVE A103 100
MOVE A104 100
MOVE A105 71
MOVE A106 71
MOVE A107 64
MOVE A108 64
MOVE A109 40
MOVE A110 40
MOVE A111 14
MOVE B26 171
MOVE B51 146
MOVE B64 146
MOVE B72 146
MOVE B76 125
MOVE B78 146
MOVE B95 160
MOVE B96 166
MOVE B97 160
MOVE B98 161
MOVE B99 185
MOVE B100 183
MOVE B101 187
MOVE B102 194
DAMAGE TURRET A66 2
DAMAGE TURRET A90 2
DAMAGE COMBAT A67 2
DAMAGE COMBAT A90 1
DAMAGE COMBAT A95 4
DAMAGE COMBAT B51 2
DAMAGE COMBAT B76 5
DAMAGE COMBAT B93 3
DAMAGE COMBAT B94 2
END TURN 214
TURN 215
COMMAND LEFT START
MOVE A60 82
MOVE A112 100
TRAIN 2
COMMAND LEFT END
COMMAND RIGHT START
MOVE B99 165
MOVE B101 125
MOVE B103 187
TRAIN 1
COMMAND RIGHT END
TURN 215 RESULT
TIME LEFT 0 5 RIGHT 0 5
TRAIN A113 A114 B104
MOVE A52 86
MOVE A60 88
MOVE A105 89
MOVE A106 89
MOVE A107 71
MOVE A108 71
MOVE A109 53
MOVE A110 53
MOVE A111 20
MOVE A112 4
MOVE B26 167
MOVE B95 146
MOVE B96 171
MOVE B97 146
MOVE B98 141
MOVE B99 177
MOVE B100 176
MOVE B101 173
MOVE B102 187
MOVE B103 194
DAMAGE TURRET A67 2
DAMAGE TURRET A95 2
DAMAGE COMBAT A67 1
DAMAGE COMBAT A95 1
DAMAGE COMBAT A96 5
DAMAGE COMBAT B51 3
DAMAGE COMBAT B64 1
DAMAGE COMBAT B94 3
SIEGE B 125 3
END TURN 215
TURN 216
COMMAND LEFT START
MOVE A114 100
MOVE A113 100
TRAIN 2
COMMAND LEFT END
COMMAND RIGHT START
MOVE B102 125
MOVE B104 187
TRAIN 1
COMMAND RIGHT END
TURN 216 RESULT
TIME LEFT 0 5 RIGHT 0 5
TRAIN A115 A116 B105
MOVE A52 82
MOVE A60 83
MOVE A105 100
MOVE A106 100
MOVE A107 89
MOVE A108 89
MOVE A109 64
MOVE A110 64
MOVE A111 40
MOVE A112 14
MOVE A113 4
MOVE A114 4
MOVE B26 159
MOVE B96 167
MOVE B98 125
MOVE B99 165
MOVE B100 168
MOVE B101 161
MOVE B102 173
MOVE B103 187
MOVE B104 194
DAMAGE TURRET A67 2
DAMAGE TURRET A96 2
DAMAGE COMBAT A70 1
DAMAGE COMBAT A98 5
DAMAGE COMBAT B64 3
DAMAGE COMBAT B98 5
SIEGE B 125 1
END TURN 216
TURN 217
COMMAND LEFT START
MOVE A106 97
MOVE A105 97
MOVE A104 97
MOVE A103 97
COMMAND LEFT END
COMMAND RIGHT START
MOVE B103 125
MOVE B105 187
TRAIN 1
COMMAND RIGHT END
TURN 217 RESULT
TIME LEFT 0 5 RIGHT 0 5
TRAIN B106
MOVE A60 86
MOVE A103 88
MOVE A104 88
MOVE A105 88
MOVE A106 88
MOVE A107 100
MOVE A108 100
MOVE A109 71
MOVE A110 71
MOVE A111 53
MOVE A112 20
MOVE A113 14
MOVE A114 14
MOVE B26 146
MOVE B96 159
MOVE B100 160
MOVE B101 141
MOVE B102 161
MOVE B103 173
MOVE B104 187
MOVE B105 194
DAMAGE TURRET A70 2
DAMAGE TURRET A98 2
DAMAGE COMBAT A99 6
DAMAGE COMBAT B26 1
DAMAGE COMBAT B64 1
SIEGE B 125 5
END TURN 217
TURN 218
COMMAND LEFT START
MOVE A116 100
MOVE A115 100
TRAIN 2
COMMAND LEFT END
COMMAND RIGHT START
MOVE B14 125
MOVE B104 125
MOVE B106 187
TRAIN 1
COMMAND RIGHT END
TURN 218 RESULT
TIME LEFT 0 5 RIGHT 0 5
TRAIN A117 A118 B107
MOVE A60 82
MOVE A103 83
MOVE A104 83
MOVE A105 83
MOVE A106 83
MOVE A109 89
MOVE A110 89
MOVE A111 64
MOVE A112 40
MOVE A113 20
MOVE A114 20
MOVE A115 4
MOVE A116 4
MOVE B14 173
MOVE B96 146
MOVE B100 146
MOVE B101 125
MOVE B102 141
MOVE B103 161
MOVE B104 173
MOVE B105 187
MOVE B106 194
DAMAGE TURRET A70 2
DAMAGE TURRET A99 1
DAMAGE COMBAT A70 1
DAMAGE COMBAT B26 1
DAMAGE COMBAT B101 5
END TURN 218
TURN 219
COMMAND LEFT START
COMMAND LEFT END
COMMAND RIGHT START
MOVE B72 125
MOVE B78 125
MOVE B96 125
MOVE B97 182
MOVE B100 182
MOVE B105 125
TRAIN 1
COMMAND RIGHT END
TURN 219 RESULT
TIME LEFT 0 5 RIGHT 0 5
TRAIN B108
MOVE A103 86
MOVE A104 86
MOVE A105 86
MOVE A106 86
MOVE A109 100
MOVE A110 100
MOVE A111 71
MOVE A112 53
MOVE A113 40
MOVE A114 40
MOVE A115 14
MOVE A116 14
MOVE B14 161
MOVE B72 147
MOVE B78 147
MOVE B96 147
MOVE B97 169
MOVE B100 169
MOVE B102 125
MOVE B103 141
MOVE B104 161
MOVE B105 173
MOVE B106 187
DAMAGE TURRET A70 1
DAMAGE TURRET A71 1
DAMAGE COMBAT A71 1
DAMAGE COMBAT B102 5
END TURN 219
TURN 220
COMMAND LEFT START
MOVE A118 100
UPGRADE 0
COMMAND LEFT END
COMMAND RIGHT START
MOVE B108 187
TRAIN 1
COMMAND RIGHT END
TURN 220 RESULT
TIME LEFT 0 5 RIGHT 0 5
UPGRADE A 0
TRAIN B109
MOVE A103 92
MOVE A104 92
MOVE A105 92
MOVE A106 92
MOVE A111 89
MOVE A112 64
MOVE A113 53
MOVE A114 53
MOVE A115 20
MOVE A116 20
MOVE A118 4
MOVE B14 141
MOVE B72 140
MOVE B78 140
MOVE B96 140
MOVE B97 182
MOVE B100 182
MOVE B103 125
MOVE B104 141
MOVE B105 161
MOVE B108 194
DAMAGE TURRET A71 2
DAMAGE COMBAT A71 1
DAMAGE COMBAT B103 4
END TURN 220
TURN 221
COMMAND LEFT START
MOVE A110 146
COMMAND LEFT END
COMMAND RIGHT START
MOVE B109 187
TRAIN 1
COMMAND RIGHT END
TURN 221 RESULT
TIME LEFT 0 5 RIGHT 0 5
TRAIN B110
MOVE A103 97
MOVE A104 97
MOVE A105 97
MOVE A106 97
MOVE A110 111
MOVE A111 100
MOVE A112 71
MOVE A113 64
MOVE A114 64
MOVE A115 40
MOVE A116 40
MOVE A118 14
MOVE B14 125
MOVE B72 133
MOVE B78 133
MOVE B96 133
MOVE B104 125
MOVE B105 141
MOVE B108 187
MOVE B109 194
DAMAGE TURRET A71 2
DAMAGE TURRET A103 2
DAMAGE COMBAT A84 3
DAMAGE COMBAT B14 3
DAMAGE COMBAT B103 1
SIEGE B 97 4
END TURN 221
TURN 222
COMMAND LEFT START
TRAIN 3
COMMAND LEFT END
COMMAND RIGHT START
MOVE B95 125
MOVE B97 146
MOVE B99 146
MOVE B100 146
MOVE B107 187
MOVE B108 125
MOVE B110 185
TRAIN 1
COMMAND RIGHT END
TURN 222 RESULT
TIME LEFT 0 5 RIGHT 0 5
TRAIN A119 A120 A121 B111
MOVE A110 129
MOVE A112 89
MOVE A113 71
MOVE A114 71
MOVE A115 53
MOVE A116 53
MOVE A118 20
MOVE B72 125
MOVE B78 125
MOVE B95 147
MOVE B96 125
MOVE B97 169
MOVE B99 166
MOVE B100 169
MOVE B105 125
MOVE B107 194
MOVE B108 173
MOVE B109 187
MOVE B110 199
DAMAGE TURRET A84 2
DAMAGE TURRET A103 2
DAMAGE COMBAT A84 2
DAMAGE COMBAT A87 4
DAMAGE COMBAT B14 1
DAMAGE COMBAT B72 2
SIEGE B 97 4
END TURN 222
TURN 223
COMMAND LEFT START
MOVE A121 100
MOVE A111 165
MOVE A120 100
MOVE A119 100
COMMAND LEFT END
COMMAND RIGHT START
MOVE B106 125
MOVE B109 182
TRAIN 1
COMMAND RIGHT END
TURN 223 RESULT
TIME LEFT 0 5 RIGHT 0 5
TRAIN B112
MOVE A110 136
MOVE A111 112
MOVE A112 100
MOVE A113 89
MOVE A114 89
MOVE A115 64
MOVE A116 64
MOVE A118 40
MOVE A119 4
MOVE A120 4
MOVE A121 4
MOVE B95 140
MOVE B97 146
MOVE B99 171
MOVE B100 146
MOVE B106 173
MOVE B107 187
MOVE B108 161
MOVE B109 183
MOVE B110 198
DAMAGE TURRET A87 2
DAMAGE TURRET A103 2
DAMAGE COMBAT A87 1
DAMAGE COMBAT A100 4
DAMAGE COMBAT B72 2
SIEGE B 97 4
END TURN 223
TURN 224
COMMAND LEFT START
TRAIN 3
COMMAND LEFT END
COMMAND RIGHT START
MOVE B97 125
MOVE B100 125
MOVE B112 182
TRAIN 1
COMMAND RIGHT END
TURN 224 RESULT
TIME LEFT 0 5 RIGHT 0 5
TRAIN A122 A123 A124 B113
MOVE A110 146
MOVE A111 117
MOVE A113 100
MOVE A114 100
MOVE A115 71
MOVE A116 71
MOVE A118 53
MOVE A119 14
MOVE A120 14
MOVE A121 14
MOVE B95 133
MOVE B97 147
MOVE B99 167
MOVE B100 147
MOVE B106 161
MOVE B108 141
MOVE B109 184
MOVE B110 188
MOVE B112 196
DAMAGE TURRET A100 2
DAMAGE TURRET A103 1
DAMAGE TURRET A104 1
DAMAGE TURRET A110 2
DAMAGE COMBAT A100 1
DAMAGE COMBAT B72 1
SIEGE B 97 3
SIEGE B 146 1
END TURN 224
TURN 225
COMMAND LEFT START
MOVE A110 100
MOVE A104 100
MOVE A105 100
MOVE A124 100
MOVE A123 100
MOVE A122 100
UPGRADE 97
TRAIN 3
COMMAND LEFT END
COMMAND RIGHT START
MOVE B36 165
MOVE B78 146
MOVE B96 146
MOVE B105 187
MOVE B113 187
TRAIN 1
COMMAND RIGHT END
TURN 225 RESULT
TIME LEFT 0 5 RIGHT 0 5
UPGRADE A 97
TRAIN A125 A126 A127 B114
MOVE A104 92
MOVE A105 92
MOVE A110 136
MOVE A111 126
MOVE A115 89
MOVE A116 89
MOVE A118 64
MOVE A119 20
MOVE A120 20
MOVE A121 20
MOVE A122 4
MOVE A123 4
MOVE A124 4
MOVE B36 177
MOVE B78 133
MOVE B95 125
MOVE B96 133
MOVE B97 140
MOVE B99 159
MOVE B100 140
MOVE B105 141
MOVE B106 141
MOVE B108 125
MOVE B109 186
MOVE B110 185
MOVE B112 192
MOVE B113 194
END TURN 225
TURN 226
COMMAND LEFT START
MOVE A127 100
MOVE A126 100
MOVE A125 100
UPGRADE 97
COMMAND LEFT END
COMMAND RIGHT START
MOVE B104 146
MOVE B108 146
MOVE B114 185
TRAIN 1
COMMAND RIGHT END
TURN 226 RESULT
TIME LEFT 0 5 RIGHT 0 5
UPGRADE A 97
TRAIN B115
MOVE A104 86
MOVE A105 86
MOVE A110 129
MOVE A111 132
MOVE A115 100
MOVE A116 100
MOVE A118 71
MOVE A119 40
MOVE A120 40
MOVE A121 40
MOVE A122 14
MOVE A123 14
MOVE A124 14
MOVE A125 4
MOVE A126 4
MOVE A127 4
MOVE B36 165
MOVE B78 140
MOVE B96 140
MOVE B97 133
MOVE B99 146
MOVE B100 133
MOVE B104 133
MOVE B105 161
MOVE B106 125
MOVE B108 133
MOVE B109 182
MOVE B112 182
MOVE B113 187
MOVE B114 199
END TURN 226
TURN 227
COMMAND LEFT START
MOVE A101 97
UPGRADE 97
COMMAND LEFT END
COMMAND RIGHT START
MOVE B106 146
MOVE B115 185
TRAIN 1
COMMAND RIGHT END
TURN 227 RESULT
TIME LEFT 0 5 RIGHT 0 5
UPGRADE A 97
TRAIN B116
MOVE A101 88
MOVE A104 83
MOVE A105 83
MOVE A110 111
MOVE A111 145
MOVE A118 89
MOVE A119 53
MOVE A120 53
MOVE A121 53
MOVE A122 20
MOVE A123 20
MOVE A124 20
MOVE A125 14
MOVE A126 14
MOVE A127 14
MOVE B78 147
MOVE B96 147
MOVE B97 125
MOVE B100 125
MOVE B104 140
MOVE B105 173
MOVE B106 133
MOVE B108 140
MOVE B114 198
MOVE B115 199
END TURN 227
TURN 228
COMMAND LEFT START
MOVE A102 97
MOVE A116 146
MOVE A115 185
MOVE A114 185
MOVE A113 185
MOVE A112 185
MOVE A109 185
COMMAND LEFT END
COMMAND RIGHT START
MOVE B116 149
COMMAND RIGHT END
TURN 228 RESULT
TIME LEFT 0 5 RIGHT 0 5
MOVE A101 83
MOVE A102 88
MOVE A104 88
MOVE A105 88
MOVE A109 111
MOVE A110 100
MOVE A111 166
MOVE A112 111
MOVE A113 111
MOVE A114 111
MOVE A115 111
MOVE A116 111
MOVE A118 100
MOVE A119 64
MOVE A120 64
MOVE A121 64
MOVE A122 40
MOVE A123 40
MOVE A124 40
MOVE A125 20
MOVE A126 20
MOVE A127 20
MOVE B78 146
MOVE B96 146
MOVE B104 147
MOVE B105 187
MOVE B106 140
MOVE B108 147
MOVE B114 188
MOVE B115 198
MOVE B116 193
END TURN 228
TURN 229
COMMAND LEFT START
TRAIN 1
COMMAND LEFT END
COMMAND RIGHT START
MOVE B78 185
MOVE B96 160
COMMAND RIGHT END
TURN 229 RESULT
TIME LEFT 0 5 RIGHT 0 5
TRAIN A128
MOVE A101 86
MOVE A102 83
MOVE A104 100
MOVE A105 100
MOVE A109 124
MOVE A111 165
MOVE A112 124
MOVE A113 124
MOVE A114 124
MOVE A115 124
MOVE A116 129
MOVE A119 71
MOVE A120 71
MOVE A121 71
MOVE A122 53
MOVE A123 53
MOVE A124 53
MOVE A125 40
MOVE A126 40
MOVE A127 40
MOVE B78 159
MOVE B96 160
MOVE B104 146
MOVE B106 147
MOVE B108 146
MOVE B114 185
MOVE B115 188
MOVE B116 183
DAMAGE TURRET A111 2
DAMAGE COMBAT A111 1
DAMAGE COMBAT B36 1
END TURN 229
TURN 230
COMMAND LEFT START
MOVE A118 187
MOVE A128 100
TRAIN 3
COMMAND LEFT END
COMMAND RIGHT START
MOVE B96 146
MOVE B97 146
MOVE B99 165
MOVE B104 185
MOVE B110 165
MOVE B114 165
UPGRADE 200
TRAIN 1
COMMAND RIGHT END
TURN 230 RESULT
TIME LEFT 0 5 RIGHT 0 5
UPGRADE B 200
TRAIN A129 A130 A131 B117
MOVE A101 92
MOVE A102 86
MOVE A109 138
MOVE A112 138
MOVE A113 138
MOVE A114 138
MOVE A115 138
MOVE A116 136
MOVE A118 111
MOVE A119 89
MOVE A120 89
MOVE A121 89
MOVE A122 64
MOVE A123 64
MOVE A124 64
MOVE A125 53
MOVE A126 53
MOVE A127 53
MOVE A128 4
MOVE B78 167
MOVE B96 146
MOVE B97 133
MOVE B99 159
MOVE B104 159
MOVE B106 146
MOVE B110 177
MOVE B114 177
MOVE B115 185
MOVE B116 162
DAMAGE TURRET A111 2
DAMAGE COMBAT A111 1
DAMAGE COMBAT B36 1
END TURN 230
TURN 231
COMMAND LEFT START
MOVE A111 118
MOVE A131 100
MOVE A130 100
MOVE A129 100
TRAIN 3
COMMAND LEFT END
COMMAND RIGHT START
MOVE B100 146
MOVE B106 185
MOVE B115 165
TRAIN 1
COMMAND RIGHT END
TURN 231 RESULT
TIME LEFT 0 5 RIGHT 0 5
TRAIN A132 A133 A134 B118
MOVE A101 97
MOVE A102 92
MOVE A109 155
MOVE A111 152
MOVE A112 155
MOVE A113 155
MOVE A114 155
MOVE A115 155
MOVE A116 146
MOVE A118 129
MOVE A119 100
MOVE A120 100
MOVE A121 100
MOVE A122 71
MOVE A123 71
MOVE A124 71
MOVE A125 64
MOVE A126 64
MOVE A127 64
MOVE A128 14
MOVE A129 4
MOVE A130 4
MOVE A131 4
MOVE B78 171
MOVE B97 140
MOVE B99 167
MOVE B100 133
MOVE B104 167
MOVE B106 159
MOVE B110 165
MOVE B114 165
MOVE B115 177
MOVE B116 149
DAMAGE TURRET A116 2
DAMAGE COMBAT A116 2
DAMAGE COMBAT B96 1
END TURN 231
TURN 232
COMMAND LEFT START
MOVE A121 125
MOVE A120 125
MOVE A119 125
MOVE A110 125
MOVE A108 125
MOVE A107 125
COMMAND LEFT END
COMMAND RIGHT START
MOVE B109 146
MOVE B110 146
MOVE B116 146
MOVE B118 182
TRAIN 2
COMMAND RIGHT END
TURN 232 RESULT
TIME LEFT 0 5 RIGHT 0 5
TRAIN B119 B120
MOVE A102 97
MOVE A107 106
MOVE A108 106
MOVE A109 171
MOVE A110 106
MOVE A111 137
MOVE A112 171
MOVE A113 171
MOVE A114 171
MOVE A115 171
MOVE A118 134
MOVE A119 106
MOVE A120 106
MOVE A121 106
MOVE A122 89
MOVE A123 89
MOVE A124 89
MOVE A125 71
MOVE A126 71
MOVE A127 71
MOVE A128 20
MOVE A129 14
MOVE A130 14
MOVE A131 14
MOVE B78 185
MOVE B97 147
MOVE B99 171
MOVE B100 140
MOVE B104 171
MOVE B106 167
MOVE B109 169
MOVE B110 166
MOVE B115 165
MOVE B116 140
MOVE B118 196
DAMAGE TURRET A116 2
DAMAGE COMBAT A109 2
DAMAGE COMBAT A116 1
DAMAGE COMBAT B96 1
DAMAGE COMBAT B99 5
END TURN 232
TURN 233
COMMAND LEFT START
MOVE A134 100
MOVE A133 100
MOVE A132 100
TRAIN 3
COMMAND LEFT END
COMMAND RIGHT START
MOVE B95 149
MOVE B96 165
MOVE B107 200
MOVE B108 182
MOVE B112 200
MOVE B113 200
MOVE B114 182
MOVE B115 182
TRAIN 1
COMMAND RIGHT END
TURN 233 RESULT
TIME LEFT 0 5 RIGHT 0 5
TRAIN A135 A136 A137 B121
MOVE A107 120
MOVE A108 120
MOVE A110 120
MOVE A111 118
MOVE A118 140
MOVE A119 120
MOVE A120 120
MOVE A121 120
MOVE A122 100
MOVE A123 100
MOVE A124 100
MOVE A125 89
MOVE A126 89
MOVE A127 89
MOVE A128 40
MOVE A129 20
MOVE A130 20
MOVE A131 20
MOVE A132 4
MOVE A133 4
MOVE A134 4
MOVE B95 133
MOVE B96 159
MOVE B97 146
MOVE B100 147
MOVE B106 171
MOVE B107 194
MOVE B108 169
MOVE B109 146
MOVE B110 171
MOVE B112 192
MOVE B113 194
MOVE B114 166
MOVE B115 166
MOVE B116 147
MOVE B118 192
DAMAGE COMBAT A109 3
DAMAGE COMBAT B104 5
END TURN 233
TURN 234
COMMAND LEFT START
MOVE A137 100
MOVE A136 100
MOVE A135 100
MOVE A111 100
TRAIN 3
COMMAND LEFT END
COMMAND RIGHT START
MOVE B109 185
MOVE B121 185
TRAIN 1
COMMAND RIGHT END
TURN 234 RESULT
TIME LEFT 0 5 RIGHT 0 5
TRAIN A138 A139 A140 B122
MOVE A107 125
MOVE A108 125
MOVE A110 125
MOVE A111 114
MOVE A118 149
MOVE A119 125
MOVE A120 125
MOVE A121 125
MOVE A125 100
MOVE A126 100
MOVE A127 100
MOVE A128 53
MOVE A129 40
MOVE A130 40
MOVE A131 40
MOVE A132 14
MOVE A133 14
MOVE A134 14
MOVE A135 4
MOVE A136 4
MOVE A137 4
MOVE B95 149
MOVE B96 167
MOVE B100 146
MOVE B107 200
MOVE B108 182
MOVE B109 159
MOVE B112 196
MOVE B113 200
MOVE B114 171
MOVE B115 171
MOVE B116 146
MOVE B118 182
MOVE B121 199
DAMAGE TURRET A110 2
DAMAGE COMBAT A109 2
DAMAGE COMBAT A112 2
DAMAGE COMBAT A118 1
DAMAGE COMBAT B95 1
DAMAGE COMBAT B106 5
SIEGE B 125 6
END TURN 234
TURN 235
COMMAND LEFT START
MOVE A140 100
MOVE A139 100
MOVE A138 100
TRAIN 3
COMMAND LEFT END
COMMAND RIGHT START
MOVE B100 125
MOVE B107 187
MOVE B108 146
MOVE B111 187
MOVE B113 187
MOVE B116 125
MOVE B118 146
TRAIN 1
COMMAND RIGHT END
TURN 235 RESULT
TIME LEFT 0 5 RIGHT 0 5
TRAIN A141 A142 A143 B123
MOVE A111 117
MOVE A128 64
MOVE A129 53
MOVE A130 53
MOVE A131 53
MOVE A132 20
MOVE A133 20
MOVE A134 20
MOVE A135 14
MOVE A136 14
MOVE A137 14
MOVE A138 4
MOVE A139 4
MOVE A140 4
MOVE B96 171
MOVE B100 147
MOVE B107 194
MOVE B108 169
MOVE B109 167
MOVE B111 194
MOVE B112 200
MOVE B113 194
MOVE B116 147
MOVE B118 169
MOVE B121 198
DAMAGE TURRET A110 2
DAMAGE COMBAT A112 4
DAMAGE COMBAT A118 1
DAMAGE COMBAT B95 1
DAMAGE COMBAT B96 3
DAMAGE COMBAT B110 1
SIEGE B 125 3
END TURN 235
TURN 236
COMMAND LEFT START
MOVE A107 100
MOVE A108 100
MOVE A110 100
MOVE A119 100
MOVE A120 100
MOVE A143 100
MOVE A142 100
MOVE A141 100
UPGRADE 125
TRAIN 3
COMMAND LEFT END
COMMAND RIGHT START
MOVE B105 125
MOVE B122 185
COMMAND RIGHT END
TURN 236 RESULT
TIME LEFT 0 5 RIGHT 0 5
UPGRADE A 125
TRAIN A144 A145 A146
MOVE A107 120
MOVE A108 120
MOVE A110 120
MOVE A111 112
MOVE A119 120
MOVE A120 120
MOVE A128 71
MOVE A129 64
MOVE A130 64
MOVE A131 64
MOVE A132 40
MOVE A133 40
MOVE A134 40
MOVE A135 20
MOVE A136 20
MOVE A137 20
MOVE A138 14
MOVE A139 14
MOVE A140 14
MOVE A141 4
MOVE A142 4
MOVE A143 4
MOVE B100 140
MOVE B105 173
MOVE B107 187
MOVE B108 146
MOVE B109 171
MOVE B111 187
MOVE B113 187
MOVE B116 140
MOVE B118 146
MOVE B121 188
MOVE B122 199
DAMAGE COMBAT A112 1
DAMAGE COMBAT A113 3
DAMAGE COMBAT A118 1
DAMAGE COMBAT B95 1
DAMAGE COMBAT B110 4
END TURN 236
TURN 237
COMMAND LEFT START
MOVE A127 165
MOVE A126 165
MOVE A125 165
MOVE A124 165
MOVE A123 165
MOVE A122 165
COMMAND LEFT END
COMMAND RIGHT START
MOVE B108 182
MOVE B111 146
MOVE B113 146
MOVE B118 182
COMMAND RIGHT END
TURN 237 RESULT
TIME LEFT 0 5 RIGHT 0 5
MOVE A107 106
MOVE A108 106
MOVE A110 106
MOVE A111 100
MOVE A119 106
MOVE A120 106
MOVE A122 112
MOVE A123 112
MOVE A124 112
MOVE A125 112
MOVE A126 112
MOVE A127 112
MOVE A128 89
MOVE A129 71
MOVE A130 71
MOVE A131 71
MOVE A132 53
MOVE A133 53
MOVE A134 53
MOVE A135 40
MOVE A136 40
MOVE A137 40
MOVE A138 20
MOVE A139 20
MOVE A140 20
MOVE A141 14
MOVE A142 14
MOVE A143 14
MOVE B100 133
MOVE B105 161
MOVE B108 169
MOVE B111 183
MOVE B113 183
MOVE B116 133
MOVE B118 169
MOVE B121 185
MOVE B122 198
DAMAGE COMBAT A113 3
DAMAGE COMBAT A118 1
DAMAGE COMBAT B95 1
DAMAGE COMBAT B109 3
END TURN 237
TURN 238
COMMAND LEFT START
MOVE A146 100
MOVE A145 100
MOVE A144 100
UPGRADE 125
TRAIN 3
COMMAND LEFT END
COMMAND RIGHT START
COMMAND RIGHT END
TURN 238 RESULT
TIME LEFT 0 5 RIGHT 0 5
UPGRADE A 125
TRAIN A147 A148 A149
MOVE A107 100
MOVE A108 100
MOVE A110 100
MOVE A119 100
MOVE A120 100
MOVE A122 117
MOVE A123 117
MOVE A124 117
MOVE A125 117
MOVE A126 117
MOVE A127 117
MOVE A128 100
MOVE A129 89
MOVE A130 89
MOVE A131 89
MOVE A132 64
MOVE A133 64
MOVE A134 64
MOVE A135 53
MOVE A136 53
MOVE A137 53
MOVE A138 40
MOVE A139 40
MOVE A140 40
MOVE A141 20
MOVE A142 20
MOVE A143 20
MOVE A144 4
MOVE A145 4
MOVE A146 4
MOVE B100 125
MOVE B105 141
MOVE B108 182
MOVE B111 176
MOVE B113 176
MOVE B116 125
MOVE B118 182
MOVE B122 188
DAMAGE TURRET B100 1
DAMAGE COMBAT A113 1
DAMAGE COMBAT A114 2
DAMAGE COMBAT A118 1
DAMAGE COMBAT A121 2
DAMAGE COMBAT B95 1
DAMAGE COMBAT B100 1
DAMAGE COMBAT B109 2
DAMAGE COMBAT B114 1
END TURN 238
TURN 239
COMMAND LEFT START
MOVE A149 100
MOVE A148 100
MOVE A147 100
TRAIN 1
COMMAND LEFT END
COMMAND RIGHT START
MOVE B97 149
MOVE B119 185
MOVE B121 165
TRAIN 1
COMMAND RIGHT END
TURN 239 RESULT
TIME LEFT 0 5 RIGHT 0 5
TRAIN A150 B124
MOVE A118 161
MOVE A122 126
MOVE A123 126
MOVE A124 126
MOVE A125 126
MOVE A126 126
MOVE A127 126
MOVE A129 100
MOVE A130 100
MOVE A131 100
MOVE A132 71
MOVE A133 71
MOVE A134 71
MOVE A135 64
MOVE A136 64
MOVE A137 64
MOVE A138 53
MOVE A139 53
MOVE A140 53
MOVE A141 40
MOVE A142 40
MOVE A143 40
MOVE A144 14
MOVE A145 14
MOVE A146 14
MOVE A147 4
MOVE A148 4
MOVE A149 4
MOVE B97 147
MOVE B105 125
MOVE B111 168
MOVE B113 168
MOVE B119 199
MOVE B121 177
MOVE B122 185
DAMAGE TURRET B100 1
DAMAGE COMBAT A114 2
DAMAGE COMBAT A121 3
DAMAGE COMBAT B100 1
DAMAGE COMBAT B114 2
END TURN 239
TURN 240
COMMAND LEFT START
MOVE A101 125
MOVE A102 125
MOVE A104 125
MOVE A105 97
MOVE A107 97
MOVE A150 100
TRAIN 3
COMMAND LEFT END
COMMAND RIGHT START
MOVE B124 182
COMMAND RIGHT END
TURN 240 RESULT
TIME LEFT 0 5 RIGHT 0 5
TRAIN A151 A152 A153
MOVE A101 105
MOVE A102 105
MOVE A104 106
MOVE A105 88
MOVE A107 88
MOVE A118 173
MOVE A122 132
MOVE A123 132
MOVE A124 132
MOVE A125 132
MOVE A126 132
MOVE A127 132
MOVE A132 89
MOVE A133 89
MOVE A134 89
MOVE A135 71
MOVE A136 71
MOVE A137 71
MOVE A138 64
MOVE A139 64
MOVE A140 64
MOVE A141 53
MOVE A142 53
MOVE A143 53
MOVE A144 20
MOVE A145 20
MOVE A146 20
MOVE A147 14
MOVE A148 14
MOVE A149 14
MOVE A150 4
MOVE B97 140
MOVE B111 160
MOVE B113 160
MOVE B119 198
MOVE B121 165
MOVE B124 196
DAMAGE TURRET B100 1
DAMAGE COMBAT A114 2
DAMAGE COMBAT A121 3
DAMAGE COMBAT B105 1
DAMAGE COMBAT B114 2
END TURN 240
TURN 241
COMMAND LEFT START
MOVE A153 100
MOVE A152 100
MOVE A151 100
TRAIN 3
COMMAND LEFT END
COMMAND RIGHT START
MOVE B105 187
MOVE B116 146
TRAIN 2
COMMAND RIGHT END
TURN 241 RESULT
TIME LEFT 0 5 RIGHT 0 5
TRAIN A154 A155 A156 B125 B126
MOVE A101 125
MOVE A102 125
MOVE A104 120
MOVE A105 83
MOVE A107 83
MOVE A118 187
MOVE A122 145
MOVE A123 145
MOVE A124 145
MOVE A125 145
MOVE A126 145
MOVE A127 145
MOVE A132 100
MOVE A133 100
MOVE A134 100
MOVE A135 89
MOVE A136 89
MOVE A137 89
MOVE A138 71
MOVE A139 71
MOVE A140 71
MOVE A141 64
MOVE A142 64
MOVE A143 64
MOVE A144 40
MOVE A145 40
MOVE A146 40
MOVE A147 20
MOVE A148 20
MOVE A149 20
MOVE A150 14
MOVE A151 4
MOVE A152 4
MOVE A153 4
MOVE B97 149
MOVE B105 141
MOVE B111 146
MOVE B113 146
MOVE B116 133
MOVE B119 188
MOVE B124 192
DAMAGE TURRET A118 2
DAMAGE COMBAT A114 1
DAMAGE COMBAT B107 1
DAMAGE COMBAT B115 2
END TURN 241
TURN 242
COMMAND LEFT START
MOVE A134 146
MOVE A156 100
MOVE A155 100
MOVE A154 100
UPGRADE 125
COMMAND LEFT END
COMMAND RIGHT START
MOVE B117 185
MOVE B118 146
MOVE B125 160
COMMAND RIGHT END
TURN 242 RESULT
TIME LEFT 0 5 RIGHT 0 5
UPGRADE A 125
MOVE A104 125
MOVE A105 86
MOVE A107 86
MOVE A122 166
MOVE A123 166
MOVE A124 166
MOVE A125 166
MOVE A126 166
MOVE A127 166
MOVE A134 111
MOVE A135 100
MOVE A136 100
MOVE A137 100
MOVE A138 89
MOVE A139 89
MOVE A140 89
MOVE A141 71
MOVE A142 71
MOVE A143 71
MOVE A144 53
MOVE A145 53
MOVE A146 53
MOVE A147 40
MOVE A148 40
MOVE A149 40
MOVE A150 20
MOVE A151 14
MOVE A152 14
MOVE A153 14
MOVE A154 4
MOVE A155 4
MOVE A156 4
MOVE B105 161
MOVE B116 140
MOVE B117 199
MOVE B118 169
MOVE B119 185
MOVE B124 182
MOVE B125 196
DAMAGE COMBAT A115 1
DAMAGE COMBAT B115 1
END TURN 242
TURN 243
COMMAND LEFT START
TRAIN 3
COMMAND LEFT END
COMMAND RIGHT START
COMMAND RIGHT END
TURN 243 RESULT
TIME LEFT 0 5 RIGHT 0 5
TRAIN A157 A158 A159
MOVE A105 92
MOVE A107 92
MOVE A122 165
MOVE A123 165
MOVE A124 165
MOVE A125 165
MOVE A126 165
MOVE A127 165
MOVE A134 129
MOVE A138 100
MOVE A139 100
MOVE A140 100
MOVE A141 89
MOVE A142 89
MOVE A143 89
MOVE A144 64
MOVE A145 64
MOVE A146 64
MOVE A147 53
MOVE A148 53
MOVE A149 53
MOVE A150 40
MOVE A151 20
MOVE A152 20
MOVE A153 20
MOVE A154 14
MOVE A155 14
MOVE A156 14
MOVE B105 173
MOVE B116 147
MOVE B117 198
MOVE B118 146
MOVE B125 186
DAMAGE TURRET A122 2
DAMAGE COMBAT A115 1
DAMAGE COMBAT A122 1
DAMAGE COMBAT B115 1
DAMAGE COMBAT B121 6
END TURN 243
TURN 244
COMMAND LEFT START
MOVE A159 100
MOVE A158 100
MOVE A157 100
TRAIN 3
COMMAND LEFT END
COMMAND RIGHT START
MOVE B107 146
MOVE B108 165
MOVE B111 165
MOVE B113 165
MOVE B118 165
MOVE B119 165
MOVE B122 165
MOVE B124 165
MOVE B126 182
TRAIN 2
COMMAND RIGHT END
TURN 244 RESULT
TIME LEFT 0 5 RIGHT 0 5
TRAIN A160 A161 A162 B127 B128
MOVE A105 97
MOVE A107 97
MOVE A134 136
MOVE A141 100
MOVE A142 100
MOVE A143 100
MOVE A144 71
MOVE A145 71
MOVE A146 71
MOVE A147 64
MOVE A148 64
MOVE A149 64
MOVE A150 53
MOVE A151 40
MOVE A152 40
MOVE A153 40
MOVE A154 20
MOVE A155 20
MOVE A156 20
MOVE A157 4
MOVE A158 4
MOVE A159 4
MOVE B105 187
MOVE B107 183
MOVE B108 175
MOVE B111 159
MOVE B113 159
MOVE B116 146
MOVE B117 188
MOVE B118 159
MOVE B119 177
MOVE B122 177
MOVE B124 175
MOVE B125 180
MOVE B126 196
DAMAGE TURRET A122 2
DAMAGE COMBAT A115 1
DAMAGE COMBAT B115 1
SIEGE B 165 6
END TURN 244
TURN 245
COMMAND LEFT START
MOVE A162 100
MOVE A161 100
MOVE A160 100
TRAIN 3
COMMAND LEFT END
COMMAND RIGHT START
MOVE B116 165
MOVE B127 182
MOVE B128 187
TRAIN 2
COMMAND RIGHT END
TURN 245 RESULT
TIME LEFT 0 5 RIGHT 0 5
TRAIN A163 A164 A165 B129 B130
MOVE A115 185
MOVE A134 146
MOVE A144 89
MOVE A145 89
MOVE A146 89
MOVE A147 71
MOVE A148 71
MOVE A149 71
MOVE A150 64
MOVE A151 53
MOVE A152 53
MOVE A153 53
MOVE A154 40
MOVE A155 40
MOVE A156 40
MOVE A157 14
MOVE A158 14
MOVE A159 14
MOVE A160 4
MOVE A161 4
MOVE A162 4
MOVE B107 176
MOVE B108 171
MOVE B111 167
MOVE B113 167
MOVE B116 159
MOVE B117 185
MOVE B118 167
MOVE B119 165
MOVE B122 165
MOVE B124 171
MOVE B125 160
MOVE B126 192
MOVE B127 196
MOVE B128 194
DAMAGE TURRET A115 2
DAMAGE TURRET A122 2
DAMAGE TURRET A134 2
DAMAGE COMBAT A115 2
DAMAGE COMBAT A122 1
DAMAGE COMBAT A123 1
DAMAGE COMBAT B78 1
DAMAGE COMBAT B119 6
SIEGE B 146 1
END TURN 245
TURN 246
COMMAND LEFT START
MOVE A134 100
TRAIN 3
COMMAND LEFT END
COMMAND RIGHT START
MOVE B97 146
MOVE B112 187
MOVE B125 146
MOVE B129 185
MOVE B130 182
TRAIN 2
COMMAND RIGHT END
TURN 246 RESULT
TIME LEFT 0 5 RIGHT 0 5
TRAIN A166 A167 A168 B131 B132
MOVE A134 136
MOVE A144 100
MOVE A145 100
MOVE A146 100
MOVE A147 89
MOVE A148 89
MOVE A149 89
MOVE A150 71
MOVE A151 64
MOVE A152 64
MOVE A153 64
MOVE A154 53
MOVE A155 53
MOVE A156 53
MOVE A157 20
MOVE A158 20
MOVE A159 20
MOVE A160 14
MOVE A161 14
MOVE A162 14
MOVE B97 140
MOVE B107 168
MOVE B108 166
MOVE B111 171
MOVE B112 194
MOVE B113 171
MOVE B116 167
MOVE B118 171
MOVE B124 166
MOVE B125 146
MOVE B126 182
MOVE B127 192
MOVE B128 187
MOVE B129 199
MOVE B130 196
DAMAGE TURRET A123 2
DAMAGE COMBAT A123 1
DAMAGE COMBAT B122 5
END TURN 246
TURN 247
COMMAND LEFT START
MOVE A146 146
MOVE A145 146
MOVE A144 146
MOVE A143 146
MOVE A142 146
MOVE A141 146
MOVE A140 146
MOVE A139 146
MOVE A138 146
MOVE A137 146
MOVE A136 146
MOVE A135 146
MOVE A133 146
MOVE A132 146
MOVE A131 146
MOVE A130 146
MOVE A129 146
MOVE A128 146
MOVE A120 146
MOVE A119 146
MOVE A111 146
COMMAND LEFT END
COMMAND RIGHT START
MOVE B131 185
MOVE B132 185
TRAIN 1
COMMAND RIGHT END
TURN 247 RESULT
TIME LEFT 0 5 RIGHT 0 5
TRAIN B133
MOVE A111 111
MOVE A119 111
MOVE A120 111
MOVE A128 111
MOVE A129 111
MOVE A130 111
MOVE A131 111
MOVE A132 111
MOVE A133 111
MOVE A134 129
MOVE A135 111
MOVE A136 111
MOVE A137 111
MOVE A138 111
MOVE A139 111
MOVE A140 111
MOVE A141 111
MOVE A142 111
MOVE A143 111
MOVE A144 111
MOVE A145 111
MOVE A146 111
MOVE A147 100
MOVE A148 100
MOVE A149 100
MOVE A150 89
MOVE A151 71
MOVE A152 71
MOVE A153 71
MOVE A154 64
MOVE A155 64
MOVE A156 64
MOVE A157 40
MOVE A158 40
MOVE A159 40
MOVE A160 20
MOVE A161 20
MOVE A162 20
MOVE B97 147
MOVE B107 160
MOVE B108 165
MOVE B111 166
MOVE B112 187
MOVE B113 166
MOVE B116 171
MOVE B118 166
MOVE B124 165
MOVE B127 182
MOVE B129 198
MOVE B130 192
MOVE B131 199
MOVE B132 199
DAMAGE TURRET A123 2
DAMAGE COMBAT A123 2
DAMAGE COMBAT A124 1
DAMAGE COMBAT B108 4
DAMAGE COMBAT B122 1
END TURN 247
TURN 248
COMMAND LEFT START
MOVE A149 187
MOVE A168 100
MOVE A167 100
MOVE A166 100
MOVE A165 100
MOVE A164 100
MOVE A163 100
TRAIN 3
COMMAND LEFT END
COMMAND RIGHT START
MOVE B126 146
MOVE B133 149
COMMAND RIGHT END
TURN 248 RESULT
TIME LEFT 0 5 RIGHT 0 5
TRAIN A169 A170 A171
MOVE A111 129
MOVE A119 129
MOVE A120 129
MOVE A128 129
MOVE A129 129
MOVE A130 129
MOVE A131 129
MOVE A132 129
MOVE A133 129
MOVE A134 111
MOVE A135 129
MOVE A136 129
MOVE A137 129
MOVE A138 129
MOVE A139 129
MOVE A140 129
MOVE A141 129
MOVE A142 129
MOVE A143 129
MOVE A144 129
MOVE A145 129
MOVE A146 129
MOVE A149 111
MOVE A150 100
MOVE A151 89
MOVE A152 89
MOVE A153 89
MOVE A154 71
MOVE A155 71
MOVE A156 71
MOVE A157 53
MOVE A158 53
MOVE A159 53
MOVE A160 40
MOVE A161 40
MOVE A162 40
MOVE A163 4
MOVE A164 4
MOVE A165 4
MOVE A166 4
MOVE A167 4
MOVE A168 4
MOVE B97 146
MOVE B107 146
MOVE B111 165
MOVE B113 165
MOVE B116 166
MOVE B118 165
MOVE B126 169
MOVE B129 188
MOVE B130 182
MOVE B131 198
MOVE B132 198
MOVE B133 193
DAMAGE TURRET A124 2
DAMAGE COMBAT A124 5
DAMAGE COMBAT B108 1
DAMAGE COMBAT B111 3
END TURN 248
TURN 249
COMMAND LEFT START
MOVE A171 100
MOVE A170 100
MOVE A169 100
TRAIN 3
COMMAND LEFT END
COMMAND RIGHT START
MOVE B97 160
TRAIN 2
COMMAND RIGHT END
TURN 249 RESULT
TIME LEFT 0 5 RIGHT 0 5
TRAIN A172 A173 A174 B134 B135
MOVE A111 136
MOVE A119 136
MOVE A120 136
MOVE A128 136
MOVE A129 136
MOVE A130 136
MOVE A131 136
MOVE A132 136
MOVE A133 136
MOVE A134 100
MOVE A135 136
MOVE A136 136
MOVE A137 136
MOVE A138 136
MOVE A139 136
MOVE A140 136
MOVE A141 136
MOVE A142 136
MOVE A143 136
MOVE A144 136
MOVE A145 136
MOVE A146 136
MOVE A149 129
MOVE A151 100
MOVE A152 100
MOVE A153 100
MOVE A154 89
MOVE A155 89
MOVE A156 89
MOVE A157 64
MOVE A158 64
MOVE A159 64
MOVE A160 53
MOVE A161 53
MOVE A162 53
MOVE A163 14
MOVE A164 14
MOVE A165 14
MOVE A166 14
MOVE A167 14
MOVE A168 14
MOVE A169 4
MOVE A170 4
MOVE A171 4
MOVE B97 160
MOVE B116 165
MOVE B126 146
MOVE B129 185
MOVE B131 188
MOVE B132 188
MOVE B133 183
DAMAGE TURRET A125 2
DAMAGE COMBAT A125 5
DAMAGE COMBAT B111 2
DAMAGE COMBAT B113 1
END TURN 249
TURN 250
COMMAND LEFT START
MOVE A174 100
MOVE A173 100
MOVE A172 100
TRAIN 3
COMMAND LEFT END
COMMAND RIGHT START
MOVE B97 165
MOVE B117 165
MOVE B129 165
MOVE B134 160
MOVE B135 182
TRAIN 2
COMMAND RIGHT END
TURN 250 RESULT
TIME LEFT 0 5 RIGHT 0 5
TRAIN A175 A176 A177 B136 B137
MOVE A111 146
MOVE A119 146
MOVE A120 146
MOVE A128 146
MOVE A129 146
MOVE A130 146
MOVE A131 146
MOVE A132 146
MOVE A133 146
MOVE A135 146
MOVE A136 146
MOVE A137 146
MOVE A138 146
MOVE A139 146
MOVE A140 146
MOVE A141 146
MOVE A142 146
MOVE A143 146
MOVE A144 146
MOVE A145 146
MOVE A146 146
MOVE A149 134
MOVE A154 100
MOVE A155 100
MOVE A156 100
MOVE A157 71
MOVE A158 71
MOVE A159 71
MOVE A160 64
MOVE A161 64
MOVE A162 64
MOVE A163 20
MOVE A164 20
MOVE A165 20
MOVE A166 20
MOVE A167 20
MOVE A168 20
MOVE A169 14
MOVE A170 14
MOVE A171 14
MOVE A172 4
MOVE A173 4
MOVE A174 4
MOVE B97 169
MOVE B117 177
MOVE B129 177
MOVE B131 185
MOVE B132 185
MOVE B133 162
MOVE B134 196
MOVE B135 196
DAMAGE TURRET A111 1
DAMAGE TURRET A119 1
DAMAGE TURRET A125 1
DAMAGE TURRET A126 1
DAMAGE COMBAT A119 3
DAMAGE COMBAT A126 4
DAMAGE COMBAT B107 4
DAMAGE COMBAT B113 3
DAMAGE COMBAT B125 6
DAMAGE COMBAT B126 6
SIEGE B 146 5
END TURN 250
TURN 251
COMMAND LEFT START
MOVE A177 100
MOVE A176 100
MOVE A175 100
TRAIN 3
COMMAND LEFT END
COMMAND RIGHT START
MOVE B112 146
MOVE B120 182
MOVE B123 182
MOVE B127 146
MOVE B128 146
MOVE B130 146
MOVE B131 146
MOVE B132 146
MOVE B136 182
MOVE B137 182
TRAIN 2
COMMAND RIGHT END
TURN 251 RESULT
TIME LEFT 1 5 RIGHT 0 5
TRAIN A178 A179 A180 B138 B139
MOVE A149 140
MOVE A157 89
MOVE A158 89
MOVE A159 89
MOVE A160 71
MOVE A161 71
MOVE A162 71
MOVE A163 40
MOVE A164 40
MOVE A165 40
MOVE A166 40
MOVE A167 40
MOVE A168 40
MOVE A169 20
MOVE A170 20
MOVE A171 20
MOVE A172 14
MOVE A173 14
MOVE A174 14
MOVE A175 4
MOVE A176 4
MOVE A177 4
MOVE B97 167
MOVE B112 183
MOVE B117 165
MOVE B120 196
MOVE B123 196
MOVE B127 169
MOVE B128 183
MOVE B129 165
MOVE B130 169
MOVE B131 171
MOVE B132 171
MOVE B133 149
MOVE B134 186
MOVE B135 192
MOVE B136 196
MOVE B137 196
DAMAGE TURRET A119 2
DAMAGE TURRET A126 2
DAMAGE COMBAT A126 1
DAMAGE COMBAT A127 5
DAMAGE COMBAT B113 1
DAMAGE COMBAT B116 1
SIEGE B 146 11
END TURN 251
TURN 252
COMMAND LEFT START
MOVE A119 100
MOVE A120 100
MOVE A128 100
MOVE A129 100
MOVE A130 100
MOVE A131 100
MOVE A132 100
MOVE A133 100
MOVE A135 100
MOVE A136 100
MOVE A137 100
MOVE A138 100
MOVE A139 100
MOVE A140 100
MOVE A141 100
MOVE A142 100
MOVE A143 100
MOVE A144 100
MOVE A145 100
UPGRADE 146
TRAIN 3
COMMAND LEFT END
COMMAND RIGHT START
MOVE B133 182
COMMAND RIGHT END
TURN 252 RESULT
TIME LEFT 1 5 RIGHT 0 5
UPGRADE A 146
TRAIN A181 A182 A183
MOVE A119 136
MOVE A120 136
MOVE A128 136
MOVE A129 136
MOVE A130 136
MOVE A131 136
MOVE A132 136
MOVE A133 136
MOVE A135 136
MOVE A136 136
MOVE A137 136
MOVE A138 136
MOVE A139 136
MOVE A140 136
MOVE A141 136
MOVE A142 136
MOVE A143 136
MOVE A144 136
MOVE A145 136
MOVE A149 149
MOVE A157 100
MOVE A158 100
MOVE A159 100
MOVE A160 89
MOVE A161 89
MOVE A162 89
MOVE A163 53
MOVE A164 53
MOVE A165 53
MOVE A166 53
MOVE A167 53
MOVE A168 53
MOVE A169 40
MOVE A170 40
MOVE A171 40
MOVE A172 20
MOVE A173 20
MOVE A174 20
MOVE A175 14
MOVE A176 14
MOVE A177 14
MOVE B97 171
MOVE B112 176
MOVE B120 192
MOVE B123 192
MOVE B127 146
MOVE B128 176
MOVE B130 146
MOVE B131 167
MOVE B132 167
MOVE B133 157
MOVE B134 180
MOVE B135 182
MOVE B136 192
MOVE B137 192
DAMAGE TURRET A127 2
DAMAGE TURRET B127 1
DAMAGE COMBAT A127 1
DAMAGE COMBAT A146 2
DAMAGE COMBAT B116 1
DAMAGE COMBAT B127 1
END TURN 252
TURN 253
COMMAND LEFT START
TRAIN 3
COMMAND LEFT END
COMMAND RIGHT START
MOVE B116 185
MOVE B117 182
MOVE B118 182
MOVE B124 182
MOVE B129 185
MOVE B135 149
TRAIN 1
COMMAND RIGHT END
TURN 253 RESULT
TIME LEFT 0 5 RIGHT 0 5
TRAIN A184 A185 A186 B140
MOVE A119 129
MOVE A120 129
MOVE A128 129
MOVE A129 129
MOVE A130 129
MOVE A131 129
MOVE A132 129
MOVE A133 129
MOVE A135 129
MOVE A136 129
MOVE A137 129
MOVE A138 129
MOVE A139 129
MOVE A140 129
MOVE A141 129
MOVE A142 129
MOVE A143 129
MOVE A144 129
MOVE A145 129
MOVE A149 161
MOVE A160 100
MOVE A161 100
MOVE A162 100
MOVE A163 64
MOVE A164 64
MOVE A165 64
MOVE A166 64
MOVE A167 64
MOVE A168 64
MOVE A169 53
MOVE A170 53
MOVE A171 53
MOVE A172 40
MOVE A173 40
MOVE A174 40
MOVE A175 20
MOVE A176 20
MOVE A177 20
MOVE B97 166
MOVE B112 168
MOVE B116 177
MOVE B117 166
MOVE B118 166
MOVE B120 182
MOVE B123 182
MOVE B124 166
MOVE B128 168
MOVE B129 177
MOVE B131 159
MOVE B132 159
MOVE B133 168
MOVE B134 160
MOVE B135 180
MOVE B136 182
MOVE B137 182
DAMAGE TURRET B127 1
DAMAGE COMBAT A146 2
DAMAGE COMBAT B127 1
END TURN 253
TURN 254
COMMAND LEFT START
MOVE A162 165
TRAIN 3
COMMAND LEFT END
COMMAND RIGHT START
MOVE B78 200
MOVE B120 185
MOVE B123 165
MOVE B136 165
MOVE B137 200
COMMAND RIGHT END
TURN 254 RESULT
TIME LEFT 0 5 RIGHT 0 5
TRAIN A187 A188 A189
MOVE A119 111
MOVE A120 111
MOVE A128 111
MOVE A129 111
MOVE A130 111
MOVE A131 111
MOVE A132 111
MOVE A133 111
MOVE A135 111
MOVE A136 111
MOVE A137 111
MOVE A138 111
MOVE A139 111
MOVE A140 111
MOVE A141 111
MOVE A142 111
MOVE A143 111
MOVE A144 111
MOVE A145 111
MOVE A149 173
MOVE A162 112
MOVE A163 71
MOVE A164 71
MOVE A165 71
MOVE A166 71
MOVE A167 71
MOVE A168 71
MOVE A169 64
MOVE A170 64
MOVE A171 64
MOVE A172 53
MOVE A173 53
MOVE A174 53
MOVE A175 40
MOVE A176 40
MOVE A177 40
MOVE B78 188
MOVE B97 165
MOVE B112 160
MOVE B116 185
MOVE B117 171
MOVE B118 171
MOVE B120 190
MOVE B123 175
MOVE B124 171
MOVE B128 160
MOVE B129 185
MOVE B131 146
MOVE B132 146
MOVE B133 180
MOVE B135 168
MOVE B136 175
MOVE B137 192
DAMAGE TURRET B127 1
DAMAGE COMBAT A146 4
DAMAGE COMBAT B127 1
END TURN 254
TURN 255
COMMAND LEFT START
TRAIN 1
COMMAND LEFT END
COMMAND RIGHT START
MOVE B130 182
MOVE B131 182
MOVE B132 182
COMMAND RIGHT END
TURN 255 RESULT
TIME LEFT 0 5 RIGHT 0 5
TRAIN A190
MOVE A119 100
MOVE A120 100
MOVE A128 100
MOVE A129 100
MOVE A130 100
MOVE A131 100
MOVE A132 100
MOVE A133 100
MOVE A135 100
MOVE A136 100
MOVE A137 100
MOVE A138 100
MOVE A139 100
MOVE A140 100
MOVE A141 100
MOVE A142 100
MOVE A143 100
MOVE A144 100
MOVE A145 100
MOVE A149 187
MOVE A162 117
MOVE A163 89
MOVE A164 89
MOVE A165 89
MOVE A166 89
MOVE A167 89
MOVE A168 89
MOVE A169 71
MOVE A170 71
MOVE A171 71
MOVE A172 64
MOVE A173 64
MOVE A174 64
MOVE A175 53
MOVE A176 53
MOVE A177 53
MOVE B78 198
MOVE B112 146
MOVE B117 175
MOVE B118 175
MOVE B120 188
MOVE B123 171
MOVE B124 175
MOVE B128 146
MOVE B130 169
MOVE B131 169
MOVE B132 169
MOVE B133 182
MOVE B135 157
MOVE B136 171
MOVE B137 196
DAMAGE TURRET A149 2
DAMAGE TURRET B112 1
DAMAGE COMBAT A149 1
DAMAGE COMBAT B105 1
SIEGE A 146 2
END TURN 255
TURN 256
COMMAND LEFT START
TRAIN 1
COMMAND LEFT END
COMMAND RIGHT START
MOVE B91 187
MOVE B112 182
MOVE B128 160
MOVE B133 187
MOVE B134 187
MOVE B138 185
MOVE B140 185
TRAIN 2
COMMAND RIGHT END
TURN 256 RESULT
TIME LEFT 0 5 RIGHT 0 5
TRAIN A191 B141 B142
MOVE A162 126
MOVE A163 100
MOVE A164 100
MOVE A165 100
MOVE A166 100
MOVE A167 100
MOVE A168 100
MOVE A169 89
MOVE A170 89
MOVE A171 89
MOVE A172 71
MOVE A173 71
MOVE A174 71
MOVE A175 64
MOVE A176 64
MOVE A177 64
MOVE B78 199
MOVE B91 186
MOVE B112 169
MOVE B117 182
MOVE B118 182
MOVE B120 185
MOVE B123 166
MOVE B124 182
MOVE B128 160
MOVE B130 182
MOVE B131 182
MOVE B132 182
MOVE B133 186
MOVE B134 168
MOVE B135 149
MOVE B136 166
MOVE B137 200
MOVE B138 199
MOVE B140 199
DAMAGE TURRET A149 2
DAMAGE COMBAT A149 1
DAMAGE COMBAT B105 1
END TURN 256
TURN 257
COMMAND LEFT START
MOVE A108 146
TRAIN 3
COMMAND LEFT END
COMMAND RIGHT START
MOVE B124 187
MOVE B130 200
MOVE B131 165
MOVE B132 165
MOVE B137 185
MOVE B141 185
MOVE B142 185
TRAIN 1
COMMAND RIGHT END
TURN 257 RESULT
TIME LEFT 0 5 RIGHT 0 5
TRAIN A192 A193 A194 B143
MOVE A108 111
MOVE A162 132
MOVE A169 100
MOVE A170 100
MOVE A171 100
MOVE A172 89
MOVE A173 89
MOVE A174 89
MOVE A175 71
MOVE A176 71
MOVE A177 71
MOVE B78 200
MOVE B91 184
MOVE B112 182
MOVE B123 165
MOVE B124 186
MOVE B130 192
MOVE B131 175
MOVE B132 175
MOVE B133 184
MOVE B134 176
MOVE B136 165
MOVE B137 199
MOVE B138 198
MOVE B140 198
MOVE B141 199
MOVE B142 199
DAMAGE TURRET A149 2
DAMAGE COMBAT B105 1
END TURN 257
TURN 258
COMMAND LEFT START
MOVE A110 146
MOVE A171 182
MOVE A170 182
MOVE A169 182
MOVE A168 182
MOVE A167 182
MOVE A166 182
MOVE A165 182
MOVE A164 182
MOVE A163 182
MOVE A161 182
MOVE A160 182
MOVE A159 182
MOVE A158 182
MOVE A157 182
MOVE A156 182
MOVE A155 182
MOVE A154 182
MOVE A153 182
MOVE A152 182
MOVE A151 182
MOVE A150 182
MOVE A148 182
MOVE A147 182
MOVE A145 182
MOVE A144 182
MOVE A143 182
MOVE A142 182
MOVE A141 182
MOVE A140 182
MOVE A139 182
MOVE A138 182
MOVE A137 182
MOVE A136 182
MOVE A135 182
MOVE A134 182
MOVE A133 182
MOVE A132 182
MOVE A131 182
MOVE A130 182
MOVE A129 182
MOVE A128 182
COMMAND LEFT END
COMMAND RIGHT START
MOVE B143 185
TRAIN 1
COMMAND RIGHT END
TURN 258 RESULT
TIME LEFT 0 5 RIGHT 0 5
TRAIN B144
MOVE A108 129
MOVE A110 111
MOVE A128 111
MOVE A129 111
MOVE A130 111
MOVE A131 111
MOVE A132 111
MOVE A133 111
MOVE A134 111
MOVE A135 111
MOVE A136 111
MOVE A137 111
MOVE A138 111
MOVE A139 111
MOVE A140 111
MOVE A141 111
MOVE A142 111
MOVE A143 111
MOVE A144 111
MOVE A145 111
MOVE A147 111
MOVE A148 111
MOVE A150 111
MOVE A151 111
MOVE A152 111
MOVE A153 111
MOVE A154 111
MOVE A155 111
MOVE A156 111
MOVE A157 111
MOVE A158 111
MOVE A159 111
MOVE A160 111
MOVE A161 111
MOVE A162 145
MOVE A163 111
MOVE A164 111
MOVE A165 111
MOVE A166 111
MOVE A167 111
MOVE A168 111
MOVE A169 111
MOVE A170 111
MOVE A171 111
MOVE A172 100
MOVE A173 100
MOVE A174 100
MOVE A175 89
MOVE A176 89
MOVE A177 89
MOVE B91 183
MOVE B124 184
MOVE B130 196
MOVE B131 171
MOVE B132 171
MOVE B133 183
MOVE B134 183
MOVE B137 198
MOVE B138 188
MOVE B140 188
MOVE B141 198
MOVE B142 198
MOVE B143 199
END TURN 258
TURN 259
COMMAND LEFT START
MOVE A119 146
MOVE A194 100
MOVE A193 100
MOVE A192 100
MOVE A191 100
MOVE A190 100
MOVE A189 100
MOVE A188 100
MOVE A187 100
MOVE A186 100
MOVE A185 100
MOVE A184 100
MOVE A183 100
MOVE A182 100
MOVE A181 100
MOVE A180 100
MOVE A179 100
MOVE A178 100
TRAIN 3
COMMAND LEFT END
COMMAND RIGHT START
MOVE B120 165
MOVE B129 165
MOVE B144 185
TRAIN 1
COMMAND RIGHT END
TURN 259 RESULT
TIME LEFT 1 5 RIGHT 0 5
TRAIN A195 A196 A197 B145
MOVE A108 136
MOVE A110 129
MOVE A119 111
MOVE A128 129
MOVE A129 129
MOVE A130 129
MOVE A131 129
MOVE A132 129
MOVE A133 129
MOVE A134 129
MOVE A135 129
MOVE A136 129
MOVE A137 129
MOVE A138 129
MOVE A139 129
MOVE A140 129
MOVE A141 129
MOVE A142 129
MOVE A143 129
MOVE A144 129
MOVE A145 129
MOVE A147 129
MOVE A148 129
MOVE A150 129
MOVE A151 129
MOVE A152 129
MOVE A153 129
MOVE A154 129
MOVE A155 129
MOVE A156 129
MOVE A157 129
MOVE A158 129
MOVE A159 129
MOVE A160 129
MOVE A161 129
MOVE A162 166
MOVE A163 129
MOVE A164 129
MOVE A165 129
MOVE A166 129
MOVE A167 129
MOVE A168 129
MOVE A169 129
MOVE A170 129
MOVE A171 129
MOVE A175 100
MOVE A176 100
MOVE A177 100
MOVE A178 4
MOVE A179 4
MOVE A180 4
MOVE A181 4
MOVE A182 4
MOVE A183 4
MOVE A184 4
MOVE A185 4
MOVE A186 4
MOVE A187 4
MOVE A188 4
MOVE A189 4
MOVE A190 4
MOVE A191 4
MOVE A192 4
MOVE A193 4
MOVE A194 4
MOVE B91 187
MOVE B120 177
MOVE B124 183
MOVE B129 177
MOVE B130 200
MOVE B131 166
MOVE B132 166
MOVE B133 187
MOVE B134 187
MOVE B137 188
MOVE B138 185
MOVE B140 185
MOVE B141 188
MOVE B142 188
MOVE B143 198
MOVE B144 199
DAMAGE COMBAT A162 2
DAMAGE COMBAT B131 1
END TURN 259
TURN 260
COMMAND LEFT START
MOVE A120 146
MOVE A197 100
MOVE A196 100
MOVE A195 100
TRAIN 3
COMMAND LEFT END
COMMAND RIGHT START
MOVE B130 185
MOVE B133 200
MOVE B134 200
MOVE B138 165
MOVE B140 165
MOVE B145 185
TRAIN 2
COMMAND RIGHT END
TURN 260 RESULT
TIME LEFT 0 5 RIGHT 0 5
TRAIN A198 A199 A200 B146 B147
MOVE A108 146
MOVE A110 136
MOVE A119 129
MOVE A120 111
MOVE A128 136
MOVE A129 136
MOVE A130 136
MOVE A131 136
MOVE A132 136
MOVE A133 136
MOVE A134 136
MOVE A135 136
MOVE A136 136
MOVE A137 136
MOVE A138 136
MOVE A139 136
MOVE A140 136
MOVE A141 136
MOVE A142 136
MOVE A143 136
MOVE A144 136
MOVE A145 136
MOVE A147 136
MOVE A148 136
MOVE A150 136
MOVE A151 136
MOVE A152 136
MOVE A153 136
MOVE A154 136
MOVE A155 136
MOVE A156 136
MOVE A157 136
MOVE A158 136
MOVE A159 136
MOVE A160 136
MOVE A161 136
MOVE A163 136
MOVE A164 136
MOVE A165 136
MOVE A166 136
MOVE A167 136
MOVE A168 136
MOVE A169 136
MOVE A170 136
MOVE A171 136
MOVE A178 14
MOVE A179 14
MOVE A180 14
MOVE A181 14
MOVE A182 14
MOVE A183 14
MOVE A184 14
MOVE A185 14
MOVE A186 14
MOVE A187 14
MOVE A188 14
MOVE A189 14
MOVE A190 14
MOVE A191 14
MOVE A192 14
MOVE A193 14
MOVE A194 14
MOVE A195 4
MOVE A196 4
MOVE A197 4
MOVE B120 165
MOVE B124 187
MOVE B129 165
MOVE B130 199
MOVE B133 194
MOVE B134 194
MOVE B137 185
MOVE B138 177
MOVE B140 177
MOVE B141 185
MOVE B142 185
MOVE B143 188
MOVE B144 198
MOVE B145 199
DAMAGE COMBAT A162 2
DAMAGE COMBAT B131 1
END TURN 260
TURN 261
COMMAND LEFT START
MOVE A200 100
MOVE A199 100
MOVE A198 100
UPGRADE 146
TRAIN 3
COMMAND LEFT END
COMMAND RIGHT START
MOVE B137 165
MOVE B139 185
MOVE B142 165
MOVE B146 185
MOVE B147 185
TRAIN 1
COMMAND RIGHT END
TURN 261 RESULT
TIME LEFT 0 5 RIGHT 0 5
UPGRADE A 146
TRAIN A201 A202 A203 B148
MOVE A110 146
MOVE A119 136
MOVE A120 129
MOVE A128 146
MOVE A129 146
MOVE A130 146
MOVE A131 146
MOVE A132 146
MOVE A133 146
MOVE A134 146
MOVE A135 146
MOVE A136 146
MOVE A137 146
MOVE A138 146
MOVE A139 146
MOVE A140 146
MOVE A141 146
MOVE A142 146
MOVE A143 146
MOVE A144 146
MOVE A145 146
MOVE A147 146
MOVE A148 146
MOVE A150 146
MOVE A151 146
MOVE A152 146
MOVE A153 146
MOVE A154 146
MOVE A155 146
MOVE A156 146
MOVE A157 146
MOVE A158 146
MOVE A159 146
MOVE A160 146
MOVE A161 146
MOVE A163 146
MOVE A164 146
MOVE A165 146
MOVE A166 146
MOVE A167 146
MOVE A168 146
MOVE A169 146
MOVE A170 146
MOVE A171 146
MOVE A178 20
MOVE A179 20
MOVE A180 20
MOVE A181 20
MOVE A182 20
MOVE A183 20
MOVE A184 20
MOVE A185 20
MOVE A186 20
MOVE A187 20
MOVE A188 20
MOVE A189 20
MOVE A190 20
MOVE A191 20
MOVE A192 20
MOVE A193 20
MOVE A194 20
MOVE A195 14
MOVE A196 14
MOVE A197 14
MOVE A198 4
MOVE A199 4
MOVE A200 4
MOVE B130 198
MOVE B133 200
MOVE B134 200
MOVE B137 177
MOVE B138 165
MOVE B139 199
MOVE B140 165
MOVE B142 177
MOVE B143 185
MOVE B144 188
MOVE B145 198
MOVE B146 199
MOVE B147 199
DAMAGE COMBAT A162 2
DAMAGE COMBAT B131 1
END TURN 261
TURN 262
COMMAND LEFT START
MOVE A203 100
MOVE A202 100
MOVE A201 100
UPGRADE 146
TRAIN 3
COMMAND LEFT END
COMMAND RIGHT START
MOVE B134 185
MOVE B141 165
MOVE B148 185
TRAIN 1
COMMAND RIGHT END
TURN 262 RESULT
TIME LEFT 0 5 RIGHT 0 5
UPGRADE A 146
TRAIN A204 A205 A206 B149
MOVE A119 146
MOVE A120 136
MOVE A128 169
MOVE A129 169
MOVE A130 169
MOVE A131 169
MOVE A132 169
MOVE A133 169
MOVE A134 169
MOVE A135 169
MOVE A136 169
MOVE A137 169
MOVE A138 169
MOVE A139 169
MOVE A140 169
MOVE A141 169
MOVE A142 169
MOVE A143 169
MOVE A144 169
MOVE A145 169
MOVE A147 169
MOVE A148 169
MOVE A150 169
MOVE A151 169
MOVE A152 169
MOVE A153 169
MOVE A154 169
MOVE A155 169
MOVE A156 169
MOVE A157 169
MOVE A158 169
MOVE A159 169
MOVE A160 169
MOVE A161 169
MOVE A163 169
MOVE A164 169
MOVE A165 169
MOVE A166 169
MOVE A167 169
MOVE A168 169
MOVE A169 169
MOVE A170 169
MOVE A171 169
MOVE A178 40
MOVE A179 40
MOVE A180 40
MOVE A181 40
MOVE A182 40
MOVE A183 40
MOVE A184 40
MOVE A185 40
MOVE A186 40
MOVE A187 40
MOVE A188 40
MOVE A189 40
MOVE A190 40
MOVE A191 40
MOVE A192 40
MOVE A193 40
MOVE A194 40
MOVE A195 20
MOVE A196 20
MOVE A197 20
MOVE A198 14
MOVE A199 14
MOVE A200 14
MOVE A201 4
MOVE A202 4
MOVE A203 4
MOVE B130 188
MOVE B134 199
MOVE B137 165
MOVE B139 198
MOVE B141 177
MOVE B142 165
MOVE B144 185
MOVE B145 188
MOVE B146 198
MOVE B147 198
MOVE B148 199
DAMAGE COMBAT A162 2
DAMAGE COMBAT B131 1
END TURN 262
TURN 263
COMMAND LEFT START
MOVE A177 165
MOVE A206 100
MOVE A205 100
MOVE A204 100
TRAIN 3
COMMAND LEFT END
COMMAND RIGHT START
MOVE B105 200
MOVE B117 200
MOVE B118 200
MOVE B120 185
MOVE B123 185
MOVE B124 200
MOVE B128 200
MOVE B129 185
MOVE B135 200
MOVE B136 185
MOVE B137 185
MOVE B138 185
MOVE B140 185
MOVE B142 185
MOVE B143 200
MOVE B144 200
TRAIN 2
COMMAND RIGHT END
TURN 263 RESULT
TIME LEFT 0 5 RIGHT 0 5
TRAIN A207 A208 A209 B150 B151
MOVE A120 146
MOVE A128 182
MOVE A129 182
MOVE A130 182
MOVE A131 182
MOVE A132 182
MOVE A133 182
MOVE A134 182
MOVE A135 182
MOVE A136 182
MOVE A137 182
MOVE A138 182
MOVE A139 182
MOVE A140 182
MOVE A141 182
MOVE A142 182
MOVE A143 182
MOVE A144 182
MOVE A145 182
MOVE A147 182
MOVE A148 182
MOVE A150 182
MOVE A151 182
MOVE A152 182
MOVE A153 182
MOVE A154 182
MOVE A155 182
MOVE A156 182
MOVE A157 182
MOVE A158 182
MOVE A159 182
MOVE A160 182
MOVE A161 182
MOVE A163 182
MOVE A164 182
MOVE A165 182
MOVE A166 182
MOVE A167 182
MOVE A168 182
MOVE A169 182
MOVE A170 182
MOVE A171 182
MOVE A177 112
MOVE A178 53
MOVE A179 53
MOVE A180 53
MOVE A181 53
MOVE A182 53
MOVE A183 53
MOVE A184 53
MOVE A185 53
MOVE A186 53
MOVE A187 53
MOVE A188 53
MOVE A189 53
MOVE A190 53
MOVE A191 53
MOVE A192 53
MOVE A193 53
MOVE A194 53
MOVE A195 40
MOVE A196 40
MOVE A197 40
MOVE A198 20
MOVE A199 20
MOVE A200 20
MOVE A201 14
MOVE A202 14
MOVE A203 14
MOVE A204 4
MOVE A205 4
MOVE A206 4
MOVE B105 194
MOVE B117 192
MOVE B118 192
MOVE B120 177
MOVE B123 177
MOVE B124 194
MOVE B128 180
MOVE B129 177
MOVE B130 185
MOVE B131 165
MOVE B132 165
MOVE B134 198
MOVE B135 162
MOVE B136 177
MOVE B137 177
MOVE B138 177
MOVE B139 188
MOVE B140 177
MOVE B141 165
MOVE B142 177
MOVE B143 188
MOVE B144 188
MOVE B145 185
MOVE B146 188
MOVE B147 188
MOVE B148 198
DAMAGE TURRET A134 2
DAMAGE COMBAT A134 1
DAMAGE COMBAT B112 4
SIEGE B 182 18
END TURN 263
TURN 264
COMMAND LEFT START
MOVE A128 100
MOVE A129 100
MOVE A130 100
MOVE A131 100
MOVE A132 100
MOVE A133 100
MOVE A134 100
MOVE A135 100
MOVE A136 100
MOVE A137 100
MOVE A138 100
MOVE A139 100
MOVE A140 100
MOVE A141 100
MOVE A142 100
MOVE A143 100
MOVE A144 100
MOVE A145 100
MOVE A147 100
MOVE A148 100
MOVE A150 100
MOVE A151 100
MOVE A152 100
MOVE A153 100
MOVE A154 100
MOVE A155 100
MOVE A156 100
MOVE A157 100
MOVE A158 100
MOVE A159 100
MOVE A160 100
MOVE A161 100
MOVE A163 100
MOVE A164 100
MOVE A165 100
MOVE A166 100
MOVE A167 100
MOVE A168 100
MOVE A169 100
MOVE A170 100
MOVE A120 100
MOVE A209 100
MOVE A208 100
MOVE A207 100
UPGRADE 182
TRAIN 3
COMMAND LEFT END
COMMAND RIGHT START
MOVE B116 200
MOVE B130 200
MOVE B131 185
MOVE B132 185
MOVE B141 185
MOVE B145 200
COMMAND RIGHT END
TURN 264 RESULT
TIME LEFT 0 5 RIGHT 0 5
UPGRADE A 182
TRAIN A210 A211 A212
MOVE A120 136
MOVE A128 169
MOVE A129 169
MOVE A130 169
MOVE A131 169
MOVE A132 169
MOVE A133 169
MOVE A134 169
MOVE A135 169
MOVE A136 169
MOVE A137 169
MOVE A138 169
MOVE A139 169
MOVE A140 169
MOVE A141 169
MOVE A142 169
MOVE A143 169
MOVE A144 169
MOVE A145 169
MOVE A147 169
MOVE A148 169
MOVE A150 169
MOVE A151 169
MOVE A152 169
MOVE A153 169
MOVE A154 169
MOVE A155 169
MOVE A156 169
MOVE A157 169
MOVE A158 169
MOVE A159 169
MOVE A160 169
MOVE A161 169
MOVE A163 169
MOVE A164 169
MOVE A165 169
MOVE A166 169
MOVE A167 169
MOVE A168 169
MOVE A169 169
MOVE A170 169
MOVE A177 117
MOVE A178 64
MOVE A179 64
MOVE A180 64
MOVE A181 64
MOVE A182 64
MOVE A183 64
MOVE A184 64
MOVE A185 64
MOVE A186 64
MOVE A187 64
MOVE A188 64
MOVE A189 64
MOVE A190 64
MOVE A191 64
MOVE A192 64
MOVE A193 64
MOVE A194 64
MOVE A195 53
MOVE A196 53
MOVE A197 53
MOVE A198 40
MOVE A199 40
MOVE A200 40
MOVE A201 20
MOVE A202 20
MOVE A203 20
MOVE A204 14
MOVE A205 14
MOVE A206 14
MOVE A207 4
MOVE A208 4
MOVE A209 4
MOVE B105 200
MOVE B116 188
MOVE B117 196
MOVE B118 196
MOVE B120 185
MOVE B123 185
MOVE B124 200
MOVE B128 186
MOVE B129 185
MOVE B130 188
MOVE B131 177
MOVE B132 177
MOVE B134 188
MOVE B135 183
MOVE B136 185
MOVE B137 185
MOVE B138 185
MOVE B139 185
MOVE B140 185
MOVE B141 177
MOVE B142 185
MOVE B143 198
MOVE B144 198
MOVE B145 188
MOVE B146 185
MOVE B147 185
MOVE B148 188
END TURN 264
TURN 265
COMMAND LEFT START
MOVE A212 100
MOVE A211 100
MOVE A210 100
UPGRADE 182
TRAIN 3
COMMAND LEFT END
COMMAND RIGHT START
MOVE B120 200
MOVE B123 200
MOVE B129 200
MOVE B136 200
MOVE B137 200
MOVE B138 200
MOVE B139 200
MOVE B140 200
MOVE B142 200
MOVE B146 200
MOVE B147 200
TRAIN 1
COMMAND RIGHT END
TURN 265 RESULT
TIME LEFT 1 5 RIGHT 0 5
UPGRADE A 182
TRAIN A213 A214 A215 B152
MOVE A120 129
MOVE A128 146
MOVE A129 146
MOVE A130 146
MOVE A131 146
MOVE A132 146
MOVE A133 146
MOVE A134 146
MOVE A135 146
MOVE A136 146
MOVE A137 146
MOVE A138 146
MOVE A139 146
MOVE A140 146
MOVE A141 146
MOVE A142 146
MOVE A143 146
MOVE A144 146
MOVE A145 146
MOVE A147 146
MOVE A148 146
MOVE A150 146
MOVE A151 146
MOVE A152 146
MOVE A153 146
MOVE A154 146
MOVE A155 146
MOVE A156 146
MOVE A157 146
MOVE A158 146
MOVE A159 146
MOVE A160 146
MOVE A161 146
MOVE A163 146
MOVE A164 146
MOVE A165 146
MOVE A166 146
MOVE A167 146
MOVE A168 146
MOVE A169 146
MOVE A170 146
MOVE A177 126
MOVE A178 71
MOVE A179 71
MOVE A180 71
MOVE A181 71
MOVE A182 71
MOVE A183 71
MOVE A184 71
MOVE A185 71
MOVE A186 71
MOVE A187 71
MOVE A188 71
MOVE A189 71
MOVE A190 71
MOVE A191 71
MOVE A192 71
MOVE A193 71
MOVE A194 71
MOVE A195 64
MOVE A196 64
MOVE A197 64
MOVE A198 53
MOVE A199 53
MOVE A200 53
MOVE A201 40
MOVE A202 40
MOVE A203 40
MOVE A204 20
MOVE A205 20
MOVE A206 20
MOVE A207 14
MOVE A208 14
MOVE A209 14
MOVE A210 4
MOVE A211 4
MOVE A212 4
MOVE B116 198
MOVE B117 200
MOVE B118 200
MOVE B120 188
MOVE B123 188
MOVE B128 196
MOVE B129 188
MOVE B130 198
MOVE B131 185
MOVE B132 185
MOVE B134 185
MOVE B135 193
MOVE B136 188
MOVE B137 188
MOVE B138 188
MOVE B139 188
MOVE B140 188
MOVE B141 185
MOVE B142 188
MOVE B143 199
MOVE B144 199
MOVE B145 198
MOVE B146 188
MOVE B147 188
MOVE B148 185
END TURN 265
TURN 266
COMMAND LEFT START
MOVE A172 182
MOVE A215 100
MOVE A214 100
MOVE A213 100
UPGRADE 182
COMMAND LEFT END
COMMAND RIGHT START
MOVE B117 149
MOVE B118 187
MOVE B124 187
MOVE B141 165
MOVE B148 165
MOVE B149 160
MOVE B150 185
MOVE B151 185
MOVE B152 185
COMMAND RIGHT END
TURN 266 RESULT
TIME LEFT 0 5 RIGHT 0 5
UPGRADE A 182
MOVE A120 111
MOVE A128 136
MOVE A129 136
MOVE A130 136
MOVE A131 136
MOVE A132 136
MOVE A133 136
MOVE A134 136
MOVE A135 136
MOVE A136 136
MOVE A137 136
MOVE A138 136
MOVE A139 136
MOVE A140 136
MOVE A141 136
MOVE A142 136
MOVE A143 136
MOVE A144 136
MOVE A145 136
MOVE A147 136
MOVE A148 136
MOVE A150 136
MOVE A151 136
MOVE A152 136
MOVE A153 136
MOVE A154 136
MOVE A155 136
MOVE A156 136
MOVE A157 136
MOVE A158 136
MOVE A159 136
MOVE A160 136
MOVE A161 136
MOVE A163 136
MOVE A164 136
MOVE A165 136
MOVE A166 136
MOVE A167 136
MOVE A168 136
MOVE A169 136
MOVE A170 136
MOVE A172 111
MOVE A177 132
MOVE A178 89
MOVE A179 89
MOVE A180 89
MOVE A181 89
MOVE A182 89
MOVE A183 89
MOVE A184 89
MOVE A185 89
MOVE A186 89
MOVE A187 89
MOVE A188 89
MOVE A189 89
MOVE A190 89
MOVE A191 89
MOVE A192 89
MOVE A193 89
MOVE A194 89
MOVE A195 71
MOVE A196 71
MOVE A197 71
MOVE A198 64
MOVE A199 64
MOVE A200 64
MOVE A201 53
MOVE A202 53
MOVE A203 53
MOVE A204 40
MOVE A205 40
MOVE A206 40
MOVE A207 20
MOVE A208 20
MOVE A209 20
MOVE A210 14
MOVE A211 14
MOVE A212 14
MOVE A213 4
MOVE A214 4
MOVE A215 4
MOVE B116 199
MOVE B117 193
MOVE B118 194
MOVE B120 198
MOVE B123 198
MOVE B124 194
MOVE B128 200
MOVE B129 198
MOVE B130 199
MOVE B135 200
MOVE B136 198
MOVE B137 198
MOVE B138 198
MOVE B139 198
MOVE B140 198
MOVE B141 177
MOVE B142 198
MOVE B143 200
MOVE B144 200
MOVE B145 199
MOVE B146 198
MOVE B147 198
MOVE B148 177
MOVE B149 196
MOVE B150 199
MOVE B151 199
MOVE B152 199
END TURN 266
TURN 267
COMMAND LEFT START
MOVE A173 182
TRAIN 3
COMMAND LEFT END
COMMAND RIGHT START
MOVE B128 185
MOVE B135 185
MOVE B143 185
MOVE B144 185
COMMAND RIGHT END
TURN 267 RESULT
TIME LEFT 0 5 RIGHT 0 5
TRAIN A216 A217 A218
MOVE A120 100
MOVE A128 129
MOVE A129 129
MOVE A130 129
MOVE A131 129
MOVE A132 129
MOVE A133 129
MOVE A134 129
MOVE A135 129
MOVE A136 129
MOVE A137 129
MOVE A138 129
MOVE A139 129
MOVE A140 129
MOVE A141 129
MOVE A142 129
MOVE A143 129
MOVE A144 129
MOVE A145 129
MOVE A147 129
MOVE A148 129
MOVE A150 129
MOVE A151 129
MOVE A152 129
MOVE A153 129
MOVE A154 129
MOVE A155 129
MOVE A156 129
MOVE A157 129
MOVE A158 129
MOVE A159 129
MOVE A160 129
MOVE A161 129
MOVE A163 129
MOVE A164 129
MOVE A165 129
MOVE A166 129
MOVE A167 129
MOVE A168 129
MOVE A169 129
MOVE A170 129
MOVE A172 129
MOVE A173 111
MOVE A177 145
MOVE A178 100
MOVE A179 100
MOVE A180 100
MOVE A181 100
MOVE A182 100
MOVE A183 100
MOVE A184 100
MOVE A185 100
MOVE A186 100
MOVE A187 100
MOVE A188 100
MOVE A189 100
MOVE A190 100
MOVE A191 100
MOVE A192 100
MOVE A193 100
MOVE A194 100
MOVE A195 89
MOVE A196 89
MOVE A197 89
MOVE A198 71
MOVE A199 71
MOVE A200 71
MOVE A201 64
MOVE A202 64
MOVE A203 64
MOVE A204 53
MOVE A205 53
MOVE A206 53
MOVE A207 40
MOVE A208 40
MOVE A209 40
MOVE A210 20
MOVE A211 20
MOVE A212 20
MOVE A213 14
MOVE A214 14
MOVE A215 14
MOVE B116 200
MOVE B117 183
MOVE B118 187
MOVE B120 199
MOVE B123 199
MOVE B124 187
MOVE B128 199
MOVE B129 199
MOVE B130 200
MOVE B135 199
MOVE B136 199
MOVE B137 199
MOVE B138 199
MOVE B139 199
MOVE B140 199
MOVE B141 165
MOVE B142 199
MOVE B143 199
MOVE B144 199
MOVE B145 200
MOVE B146 199
MOVE B147 199
MOVE B148 165
MOVE B149 186
MOVE B150 198
MOVE B151 198
MOVE B152 198
END TURN 267
TURN 268
COMMAND LEFT START
MOVE A194 187
MOVE A218 100
MOVE A217 100
MOVE A216 100
COMMAND LEFT END
COMMAND RIGHT START
MOVE B116 185
MOVE B130 185
MOVE B145 185
TRAIN 1
COMMAND RIGHT END
TURN 268 RESULT
TIME LEFT 1 5 RIGHT 0 5
TRAIN B153
MOVE A128 111
MOVE A129 111
MOVE A130 111
MOVE A131 111
MOVE A132 111
MOVE A133 111
MOVE A134 111
MOVE A135 111
MOVE A136 111
MOVE A137 111
MOVE A138 111
MOVE A139 111
MOVE A140 111
MOVE A141 111
MOVE A142 111
MOVE A143 111
MOVE A144 111
MOVE A145 111
MOVE A147 111
MOVE A148 111
MOVE A150 111
MOVE A151 111
MOVE A152 111
MOVE A153 111
MOVE A154 111
MOVE A155 111
MOVE A156 111
MOVE A157 111
MOVE A158 111
MOVE A159 111
MOVE A160 111
MOVE A161 111
MOVE A163 111
MOVE A164 111
MOVE A165 111
MOVE A166 111
MOVE A167 111
MOVE A168 111
MOVE A169 111
MOVE A170 111
MOVE A172 136
MOVE A173 129
MOVE A177 166
MOVE A194 111
MOVE A195 100
MOVE A196 100
MOVE A197 100
MOVE A198 89
MOVE A199 89
MOVE A200 89
MOVE A201 71
MOVE A202 71
MOVE A203 71
MOVE A204 64
MOVE A205 64
MOVE A206 64
MOVE A207 53
MOVE A208 53
MOVE A209 53
MOVE A210 40
MOVE A211 40
MOVE A212 40
MOVE A213 20
MOVE A214 20
MOVE A215 20
MOVE A216 4
MOVE A217 4
MOVE A218 4
MOVE B116 199
MOVE B117 162
MOVE B120 200
MOVE B123 200
MOVE B128 198
MOVE B129 200
MOVE B130 199
MOVE B135 198
MOVE B136 200
MOVE B137 200
MOVE B138 200
MOVE B139 200
MOVE B140 200
MOVE B142 200
MOVE B143 198
MOVE B144 198
MOVE B145 199
MOVE B146 200
MOVE B147 200
MOVE B149 180
MOVE B150 188
MOVE B151 188
MOVE B152 188
END TURN 268
TURN 269
COMMAND LEFT START
MOVE A197 185
MOVE A196 185
MOVE A195 185
MOVE A193 185
MOVE A192 185
MOVE A191 185
MOVE A190 185
MOVE A189 185
MOVE A188 185
MOVE A187 185
MOVE A186 185
MOVE A185 185
MOVE A184 185
MOVE A183 185
MOVE A182 185
MOVE A181 185
MOVE A180 185
MOVE A179 185
MOVE A178 185
MOVE A176 185
MOVE A175 185
COMMAND LEFT END
COMMAND RIGHT START
MOVE B120 185
MOVE B123 185
MOVE B129 185
MOVE B132 165
MOVE B134 165
MOVE B136 185
MOVE B137 185
MOVE B138 185
MOVE B139 185
MOVE B140 185
MOVE B142 185
MOVE B146 185
MOVE B147 185
MOVE B153 185
TRAIN 1
COMMAND RIGHT END
TURN 269 RESULT
TIME LEFT 0 5 RIGHT 0 5
TRAIN B154
MOVE A128 100
MOVE A129 100
MOVE A130 100
MOVE A131 100
MOVE A132 100
MOVE A133 100
MOVE A134 100
MOVE A135 100
MOVE A136 100
MOVE A137 100
MOVE A138 100
MOVE A139 100
MOVE A140 100
MOVE A141 100
MOVE A142 100
MOVE A143 100
MOVE A144 100
MOVE A145 100
MOVE A147 100
MOVE A148 100
MOVE A150 100
MOVE A151 100
MOVE A152 100
MOVE A153 100
MOVE A154 100
MOVE A155 100
MOVE A156 100
MOVE A157 100
MOVE A158 100
MOVE A159 100
MOVE A160 100
MOVE A161 100
MOVE A163 100
MOVE A164 100
MOVE A165 100
MOVE A166 100
MOVE A167 100
MOVE A168 100
MOVE A169 100
MOVE A170 100
MOVE A172 146
MOVE A173 136
MOVE A175 111
MOVE A176 111
MOVE A177 165
MOVE A178 111
MOVE A179 111
MOVE A180 111
MOVE A181 111
MOVE A182 111
MOVE A183 111
MOVE A184 111
MOVE A185 111
MOVE A186 111
MOVE A187 111
MOVE A188 111
MOVE A189 111
MOVE A190 111
MOVE A191 111
MOVE A192 111
MOVE A193 111
MOVE A194 129
MOVE A195 111
MOVE A196 111
MOVE A197 111
MOVE A198 100
MOVE A199 100
MOVE A200 100
MOVE A201 89
MOVE A202 89
MOVE A203 89
MOVE A204 71
MOVE A205 71
MOVE A206 71
MOVE A207 64
MOVE A208 64
MOVE A209 64
MOVE A210 53
MOVE A211 53
MOVE A212 53
MOVE A213 40
MOVE A214 40
MOVE A215 40
MOVE A216 14
MOVE A217 14
MOVE A218 14
MOVE B116 198
MOVE B117 149
MOVE B120 199
MOVE B123 199
MOVE B128 188
MOVE B129 199
MOVE B130 198
MOVE B132 177
MOVE B134 177
MOVE B135 188
MOVE B136 199
MOVE B137 199
MOVE B138 199
MOVE B139 199
MOVE B140 199
MOVE B142 199
MOVE B143 188
MOVE B144 188
MOVE B145 198
MOVE B146 199
MOVE B147 199
MOVE B149 160
MOVE B150 185
MOVE B151 185
MOVE B152 185
MOVE B153 199
DAMAGE TURRET A177 2
DAMAGE COMBAT A177 3
DAMAGE COMBAT B97 1
END TURN 269
TURN 270
COMMAND LEFT START
TRAIN 3
COMMAND LEFT END
COMMAND RIGHT START
MOVE B149 165
MOVE B150 165
MOVE B151 165
MOVE B152 165
MOVE B154 160
TRAIN 1
COMMAND RIGHT END
TURN 270 RESULT
TIME LEFT 1 5 RIGHT 0 5
TRAIN A219 A220 A221 B155
MOVE A172 169
MOVE A173 146
MOVE A175 124
MOVE A176 124
MOVE A178 124
MOVE A179 124
MOVE A180 124
MOVE A181 124
MOVE A182 124
MOVE A183 124
MOVE A184 124
MOVE A185 124
MOVE A186 124
MOVE A187 124
MOVE A188 124
MOVE A189 124
MOVE A190 124
MOVE A191 124
MOVE A192 124
MOVE A193 124
MOVE A194 134
MOVE A195 124
MOVE A196 124
MOVE A197 124
MOVE A201 100
MOVE A202 100
MOVE A203 100
MOVE A204 89
MOVE A205 89
MOVE A206 89
MOVE A207 71
MOVE A208 71
MOVE A209 71
MOVE A210 64
MOVE A211 64
MOVE A212 64
MOVE A213 53
MOVE A214 53
MOVE A215 53
MOVE A216 20
MOVE A217 20
MOVE A218 20
MOVE B116 188
MOVE B120 198
MOVE B123 198
MOVE B128 185
MOVE B129 198
MOVE B130 188
MOVE B132 165
MOVE B134 165
MOVE B135 185
MOVE B136 198
MOVE B137 198
MOVE B138 198
MOVE B139 198
MOVE B140 198
MOVE B142 198
MOVE B143 185
MOVE B144 185
MOVE B145 188
MOVE B146 198
MOVE B147 198
MOVE B149 169
MOVE B150 177
MOVE B151 177
MOVE B152 177
MOVE B153 198
MOVE B154 196
DAMAGE TURRET A177 2
DAMAGE COMBAT A172 1
DAMAGE COMBAT A177 1
DAMAGE COMBAT B97 1
DAMAGE COMBAT B149 1
END TURN 270
TURN 271
COMMAND LEFT START
TRAIN 3
COMMAND LEFT END
COMMAND RIGHT START
MOVE B128 165
MOVE B135 165
MOVE B143 165
MOVE B144 165
TRAIN 1
COMMAND RIGHT END
TURN 271 RESULT
TIME LEFT 1 5 RIGHT 0 5
TRAIN A222 A223 A224 B156
MOVE A173 169
MOVE A175 138
MOVE A176 138
MOVE A178 138
MOVE A179 138
MOVE A180 138
MOVE A181 138
MOVE A182 138
MOVE A183 138
MOVE A184 138
MOVE A185 138
MOVE A186 138
MOVE A187 138
MOVE A188 138
MOVE A189 138
MOVE A190 138
MOVE A191 138
MOVE A192 138
MOVE A193 138
MOVE A194 140
MOVE A195 138
MOVE A196 138
MOVE A197 138
MOVE A204 100
MOVE A205 100
MOVE A206 100
MOVE A207 89
MOVE A208 89
MOVE A209 89
MOVE A210 71
MOVE A211 71
MOVE A212 71
MOVE A213 64
MOVE A214 64
MOVE A215 64
MOVE A216 40
MOVE A217 40
MOVE A218 40
MOVE B116 185
MOVE B120 188
MOVE B123 188
MOVE B128 177
MOVE B129 188
MOVE B130 185
MOVE B135 177
MOVE B136 188
MOVE B137 188
MOVE B138 188
MOVE B139 188
MOVE B140 188
MOVE B142 188
MOVE B143 177
MOVE B144 177
MOVE B145 185
MOVE B146 188
MOVE B147 188
MOVE B150 165
MOVE B151 165
MOVE B152 165
MOVE B153 188
MOVE B154 186
DAMAGE COMBAT A172 1
DAMAGE COMBAT B149 2
END TURN 271
TURN 272
COMMAND LEFT START
TRAIN 3
COMMAND LEFT END
COMMAND RIGHT START
MOVE B130 165
MOVE B145 165
COMMAND RIGHT END
TURN 272 RESULT
TIME LEFT 0 5 RIGHT 0 5
TRAIN A225 A226 A227
MOVE A175 155
MOVE A176 155
MOVE A178 155
MOVE A179 155
MOVE A180 155
MOVE A181 155
MOVE A182 155
MOVE A183 155
MOVE A184 155
MOVE A185 155
MOVE A186 155
MOVE A187 155
MOVE A188 155
MOVE A189 155
MOVE A190 155
MOVE A191 155
MOVE A192 155
MOVE A193 155
MOVE A194 149
MOVE A195 155
MOVE A196 155
MOVE A197 155
MOVE A207 100
MOVE A208 100
MOVE A209 100
MOVE A210 89
MOVE A211 89
MOVE A212 89
MOVE A213 71
MOVE A214 71
MOVE A215 71
MOVE A216 53
MOVE A217 53
MOVE A218 53
MOVE B120 185
MOVE B123 185
MOVE B128 165
MOVE B129 185
MOVE B130 177
MOVE B135 165
MOVE B136 185
MOVE B137 185
MOVE B138 185
MOVE B139 185
MOVE B140 185
MOVE B142 185
MOVE B143 165
MOVE B144 165
MOVE B145 177
MOVE B146 185
MOVE B147 185
MOVE B153 185
MOVE B154 180
DAMAGE COMBAT A172 1
DAMAGE COMBAT A194 1
DAMAGE COMBAT B117 1
DAMAGE COMBAT B149 2
END TURN 272
TURN 273
COMMAND LEFT START
TRAIN 3
COMMAND LEFT END
COMMAND RIGHT START
MOVE B123 165
MOVE B128 0
MOVE B129 165
MOVE B132 0
MOVE B134 0
MOVE B135 0
MOVE B136 165
MOVE B137 165
MOVE B138 165
MOVE B139 165
MOVE B140 165
MOVE B141 0
MOVE B142 165
MOVE B143 0
MOVE B144 0
MOVE B146 165
MOVE B147 165
MOVE B148 0
MOVE B150 0
MOVE B151 0
MOVE B153 165
COMMAND RIGHT END
TURN 273 RESULT
TIME LEFT 0 5 RIGHT 0 5
TRAIN A228 A229 A230
MOVE A175 171
MOVE A176 171
MOVE A178 171
MOVE A179 171
MOVE A180 171
MOVE A181 171
MOVE A182 171
MOVE A183 171
MOVE A184 171
MOVE A185 171
MOVE A186 171
MOVE A187 171
MOVE A188 171
MOVE A189 171
MOVE A190 171
MOVE A191 171
MOVE A192 171
MOVE A193 171
MOVE A195 171
MOVE A196 171
MOVE A197 171
MOVE A210 100
MOVE A211 100
MOVE A212 100
MOVE A213 89
MOVE A214 89
MOVE A215 89
MOVE A216 64
MOVE A217 64
MOVE A218 64
MOVE B123 177
MOVE B128 152
MOVE B129 177
MOVE B130 165
MOVE B132 152
MOVE B134 152
MOVE B135 152
MOVE B136 177
MOVE B137 177
MOVE B138 177
MOVE B139 177
MOVE B140 177
MOVE B141 152
MOVE B142 177
MOVE B143 152
MOVE B144 152
MOVE B145 165
MOVE B146 177
MOVE B147 177
MOVE B148 152
MOVE B150 152
MOVE B151 152
MOVE B153 177
MOVE B154 160
DAMAGE COMBAT A172 1
DAMAGE COMBAT A194 1
DAMAGE COMBAT B117 1
DAMAGE COMBAT B149 1
END TURN 273
TURN 274
COMMAND LEFT START
MOVE A212 165
MOVE A211 165
MOVE A210 165
MOVE A209 165
MOVE A208 165
MOVE A207 165
MOVE A206 165
MOVE A205 165
MOVE A204 165
MOVE A203 165
MOVE A202 165
MOVE A201 165
MOVE A200 165
MOVE A199 165
MOVE A198 165
MOVE A174 165
MOVE A170 165
MOVE A169 165
MOVE A168 165
MOVE A167 165
MOVE A166 165
MOVE A165 165
MOVE A164 165
MOVE A163 165
MOVE A161 165
MOVE A160 165
MOVE A159 165
MOVE A158 165
MOVE A157 165
MOVE A156 165
MOVE A155 165
MOVE A154 165
MOVE A153 165
MOVE A152 165
MOVE A151 165
MOVE A150 165
MOVE A148 165
MOVE A147 165
MOVE A145 165
MOVE A144 165
MOVE A143 165
MOVE A142 165
MOVE A141 165
MOVE A140 165
MOVE A139 165
MOVE A138 165
MOVE A137 165
MOVE A136 165
MOVE A135 165
MOVE A134 165
MOVE A133 165
MOVE A132 165
MOVE A131 165
MOVE A130 165
MOVE A129 165
COMMAND LEFT END
COMMAND RIGHT START
MOVE B120 200
MOVE B124 200
MOVE B130 185
MOVE B131 200
MOVE B145 185
MOVE B152 185
MOVE B154 200
TRAIN 1
COMMAND RIGHT END
TURN 274 RESULT
TIME LEFT 0 5 RIGHT 0 5
TRAIN B157
MOVE A129 112
MOVE A130 112
MOVE A131 112
MOVE A132 112
MOVE A133 112
MOVE A134 112
MOVE A135 112
MOVE A136 112
MOVE A137 112
MOVE A138 112
MOVE A139 112
MOVE A140 112
MOVE A141 112
MOVE A142 112
MOVE A143 112
MOVE A144 112
MOVE A145 112
MOVE A147 112
MOVE A148 112
MOVE A150 112
MOVE A151 112
MOVE A152 112
MOVE A153 112
MOVE A154 112
MOVE A155 112
MOVE A156 112
MOVE A157 112
MOVE A158 112
MOVE A159 112
MOVE A160 112
MOVE A161 112
MOVE A163 112
MOVE A164 112
MOVE A165 112
MOVE A166 112
MOVE A167 112
MOVE A168 112
MOVE A169 112
MOVE A170 112
MOVE A172 182
MOVE A173 182
MOVE A174 112
MOVE A175 185
MOVE A176 185
MOVE A178 185
MOVE A179 185
MOVE A180 185
MOVE A181 185
MOVE A182 185
MOVE A183 185
MOVE A184 185
MOVE A185 185
MOVE A186 185
MOVE A187 185
MOVE A188 185
MOVE A189 185
MOVE A190 185
MOVE A191 185
MOVE A192 185
MOVE A193 185
MOVE A195 185
MOVE A196 185
MOVE A197 185
MOVE A198 112
MOVE A199 112
MOVE A200 112
MOVE A201 112
MOVE A202 112
MOVE A203 112
MOVE A204 112
MOVE A205 112
MOVE A206 112
MOVE A207 112
MOVE A208 112
MOVE A209 112
MOVE A210 112
MOVE A211 112
MOVE A212 112
MOVE A213 100
MOVE A214 100
MOVE A215 100
MOVE A216 71
MOVE A217 71
MOVE A218 71
MOVE B120 188
MOVE B123 165
MOVE B124 194
MOVE B128 137
MOVE B129 165
MOVE B130 177
MOVE B131 188
MOVE B132 137
MOVE B134 137
MOVE B135 137
MOVE B136 165
MOVE B137 165
MOVE B138 165
MOVE B139 165
MOVE B140 165
MOVE B141 137
MOVE B142 165
MOVE B143 137
MOVE B144 137
MOVE B145 177
MOVE B146 165
MOVE B147 165
MOVE B148 137
MOVE B150 137
MOVE B151 137
MOVE B152 177
MOVE B153 165
MOVE B154 180
DAMAGE TURRET A175 2
DAMAGE COMBAT A175 1
DAMAGE COMBAT A194 1
DAMAGE COMBAT B116 3
DAMAGE COMBAT B117 1
SIEGE B 185 18
END TURN 274
TURN 275
COMMAND LEFT START
MOVE A175 100
MOVE A176 100
MOVE A178 100
MOVE A179 100
MOVE A180 100
MOVE A181 100
MOVE A182 100
MOVE A183 100
MOVE A184 100
MOVE A185 100
MOVE A186 100
MOVE A187 100
MOVE A188 100
MOVE A189 100
MOVE A190 100
MOVE A191 100
MOVE A192 100
MOVE A193 100
MOVE A195 100
MOVE A196 100
MOVE A230 100
MOVE A229 100
MOVE A228 100
MOVE A227 100
MOVE A226 100
MOVE A225 100
MOVE A224 100
MOVE A223 100
MOVE A222 100
MOVE A221 100
MOVE A220 100
UPGRADE 185
TRAIN 1
COMMAND LEFT END
COMMAND RIGHT START
MOVE B105 187
MOVE B123 200
MOVE B129 200
MOVE B136 200
MOVE B137 200
MOVE B138 200
MOVE B139 200
MOVE B140 200
MOVE B142 200
MOVE B146 200
MOVE B147 200
MOVE B153 200
COMMAND RIGHT END
TURN 275 RESULT
TIME LEFT 1 5 RIGHT 0 5
UPGRADE A 185
TRAIN A231
MOVE A129 117
MOVE A130 117
MOVE A131 117
MOVE A132 117
MOVE A133 117
MOVE A134 117
MOVE A135 117
MOVE A136 117
MOVE A137 117
MOVE A138 117
MOVE A139 117
MOVE A140 117
MOVE A141 117
MOVE A142 117
MOVE A143 117
MOVE A144 117
MOVE A145 117
MOVE A147 117
MOVE A148 117
MOVE A150 117
MOVE A151 117
MOVE A152 117
MOVE A153 117
MOVE A154 117
MOVE A155 117
MOVE A156 117
MOVE A157 117
MOVE A158 117
MOVE A159 117
MOVE A160 117
MOVE A161 117
MOVE A163 117
MOVE A164 117
MOVE A165 117
MOVE A166 117
MOVE A167 117
MOVE A168 117
MOVE A169 117
MOVE A170 117
MOVE A174 117
MOVE A175 171
MOVE A176 171
MOVE A178 171
MOVE A179 171
MOVE A180 171
MOVE A181 171
MOVE A182 171
MOVE A183 171
MOVE A184 171
MOVE A185 171
MOVE A186 171
MOVE A187 171
MOVE A188 171
MOVE A189 171
MOVE A190 171
MOVE A191 171
MOVE A192 171
MOVE A193 171
MOVE A195 171
MOVE A196 171
MOVE A198 117
MOVE A199 117
MOVE A200 117
MOVE A201 117
MOVE A202 117
MOVE A203 117
MOVE A204 117
MOVE A205 117
MOVE A206 117
MOVE A207 117
MOVE A208 117
MOVE A209 117
MOVE A210 117
MOVE A211 117
MOVE A212 117
MOVE A216 89
MOVE A217 89
MOVE A218 89
MOVE A220 4
MOVE A221 4
MOVE A222 4
MOVE A223 4
MOVE A224 4
MOVE A225 4
MOVE A226 4
MOVE A227 4
MOVE A228 4
MOVE A229 4
MOVE A230 4
MOVE B105 194
MOVE B120 198
MOVE B123 177
MOVE B124 200
MOVE B128 118
MOVE B129 177
MOVE B130 185
MOVE B131 198
MOVE B132 118
MOVE B134 118
MOVE B135 118
MOVE B136 177
MOVE B137 177
MOVE B138 177
MOVE B139 177
MOVE B140 177
MOVE B141 118
MOVE B142 177
MOVE B143 118
MOVE B144 118
MOVE B145 185
MOVE B146 177
MOVE B147 177
MOVE B148 118
MOVE B150 118
MOVE B151 118
MOVE B152 185
MOVE B153 177
MOVE B154 186
DAMAGE TURRET B128 2
DAMAGE TURRET B130 1
DAMAGE COMBAT A18 5
DAMAGE COMBAT A32 2
DAMAGE COMBAT A41 3
DAMAGE COMBAT A194 1
DAMAGE COMBAT A197 3
DAMAGE COMBAT B117 1
DAMAGE COMBAT B128 3
DAMAGE COMBAT B130 1
END TURN 275
TURN 276
COMMAND LEFT START
MOVE A44 103
MOVE A46 103
MOVE A120 103
MOVE A128 103
MOVE A213 103
MOVE A40 75
MOVE A50 75
TRAIN 2
COMMAND LEFT END
COMMAND RIGHT START
COMMAND RIGHT END
TURN 276 RESULT
TIME LEFT 0 5 RIGHT 0 5
TRAIN A232 A233
MOVE A40 7
MOVE A44 95
MOVE A46 95
MOVE A50 7
MOVE A120 112
MOVE A128 112
MOVE A129 126
MOVE A130 126
MOVE A131 126
MOVE A132 126
MOVE A133 126
MOVE A134 126
MOVE A135 126
MOVE A136 126
MOVE A137 126
MOVE A138 126
MOVE A139 126
MOVE A140 126
MOVE A141 126
MOVE A142 126
MOVE A143 126
MOVE A144 126
MOVE A145 126
MOVE A147 126
MOVE A148 126
MOVE A150 126
MOVE A151 126
MOVE A152 126
MOVE A153 126
MOVE A154 126
MOVE A155 126
MOVE A156 126
MOVE A157 126
MOVE A158 126
MOVE A159 126
MOVE A160 126
MOVE A161 126
MOVE A163 126
MOVE A164 126
MOVE A165 126
MOVE A166 126
MOVE A167 126
MOVE A168 126
MOVE A169 126
MOVE A170 126
MOVE A174 126
MOVE A175 155
MOVE A176 155
MOVE A178 155
MOVE A179 155
MOVE A180 155
MOVE A181 155
MOVE A182 155
MOVE A183 155
MOVE A184 155
MOVE A185 155
MOVE A186 155
MOVE A187 155
MOVE A188 155
MOVE A189 155
MOVE A190 155
MOVE A191 155
MOVE A192 155
MOVE A193 155
MOVE A195 155
MOVE A196 155
MOVE A198 126
MOVE A199 126
MOVE A200 126
MOVE A201 126
MOVE A202 126
MOVE A203 126
MOVE A204 126
MOVE A205 126
MOVE A206 126
MOVE A207 126
MOVE A208 126
MOVE A209 126
MOVE A210 126
MOVE A211 126
MOVE A212 126
MOVE A213 112
MOVE A216 100
MOVE A217 100
MOVE A218 100
MOVE A220 14
MOVE A221 14
MOVE A222 14
MOVE A223 14
MOVE A224 14
MOVE A225 14
MOVE A226 14
MOVE A227 14
MOVE A228 14
MOVE A229 14
MOVE A230 14
MOVE B105 187
MOVE B120 199
MOVE B123 185
MOVE B129 185
MOVE B131 199
MOVE B136 185
MOVE B137 185
MOVE B138 185
MOVE B139 185
MOVE B140 185
MOVE B142 185
MOVE B146 185
MOVE B147 185
MOVE B153 185
MOVE B154 196
DAMAGE TURRET B128 1
DAMAGE TURRET B130 1
DAMAGE TURRET B132 1
DAMAGE COMBAT A18 1
DAMAGE COMBAT A194 1
DAMAGE COMBAT A197 5
DAMAGE COMBAT B117 1
DAMAGE COMBAT B130 1
DAMAGE COMBAT B132 1
SIEGE A 118 9
SIEGE A 185 6
END TURN 276
TURN 277
COMMAND LEFT START
MOVE A233 100
MOVE A232 100
TRAIN 3
COMMAND LEFT END
COMMAND RIGHT START
MOVE B130 165
MOVE B145 165
MOVE B155 160
MOVE B156 165
MOVE B157 165
COMMAND RIGHT END
TURN 277 RESULT
TIME LEFT 1 5 RIGHT 0 5
TRAIN A234 A235 A236
MOVE A40 17
MOVE A44 103
MOVE A46 103
MOVE A50 17
MOVE A120 117
MOVE A128 117
MOVE A129 132
MOVE A130 132
MOVE A131 132
MOVE A132 132
MOVE A133 132
MOVE A134 132
MOVE A135 132
MOVE A136 132
MOVE A137 132
MOVE A138 132
MOVE A139 132
MOVE A140 132
MOVE A141 132
MOVE A142 132
MOVE A143 132
MOVE A144 132
MOVE A145 132
MOVE A147 132
MOVE A148 132
MOVE A150 132
MOVE A151 132
MOVE A152 132
MOVE A153 132
MOVE A154 132
MOVE A155 132
MOVE A156 132
MOVE A157 132
MOVE A158 132
MOVE A159 132
MOVE A160 132
MOVE A161 132
MOVE A163 132
MOVE A164 132
MOVE A165 132
MOVE A166 132
MOVE A167 132
MOVE A168 132
MOVE A169 132
MOVE A170 132
MOVE A174 132
MOVE A175 138
MOVE A176 138
MOVE A178 138
MOVE A179 138
MOVE A180 138
MOVE A181 138
MOVE A182 138
MOVE A183 138
MOVE A184 138
MOVE A185 138
MOVE A186 138
MOVE A187 138
MOVE A188 138
MOVE A189 138
MOVE A190 138
MOVE A191 138
MOVE A192 138
MOVE A193 138
MOVE A195 138
MOVE A196 138
MOVE A198 132
MOVE A199 132
MOVE A200 132
MOVE A201 132
MOVE A202 132
MOVE A203 132
MOVE A204 132
MOVE A205 132
MOVE A206 132
MOVE A207 132
MOVE A208 132
MOVE A209 132
MOVE A210 132
MOVE A211 132
MOVE A212 132
MOVE A213 117
MOVE A220 20
MOVE A221 20
MOVE A222 20
MOVE A223 20
MOVE A224 20
MOVE A225 20
MOVE A226 20
MOVE A227 20
MOVE A228 20
MOVE A229 20
MOVE A230 20
MOVE A232 4
MOVE A233 4
MOVE B120 200
MOVE B123 188
MOVE B129 188
MOVE B130 177
MOVE B131 200
MOVE B132 108
MOVE B134 108
MOVE B135 108
MOVE B136 188
MOVE B137 188
MOVE B138 188
MOVE B139 188
MOVE B140 188
MOVE B141 108
MOVE B142 188
MOVE B143 108
MOVE B144 108
MOVE B145 177
MOVE B146 188
MOVE B147 188
MOVE B148 108
MOVE B150 108
MOVE B151 108
MOVE B153 188
MOVE B154 200
MOVE B155 196
MOVE B156 199
MOVE B157 199
DAMAGE COMBAT A194 1
DAMAGE COMBAT B117 1
END TURN 277
TURN 278
COMMAND LEFT START
MOVE A214 118
MOVE A215 118
TRAIN 1
COMMAND LEFT END
COMMAND RIGHT START
MOVE B118 149
MOVE B131 187
MOVE B154 165
COMMAND RIGHT END
TURN 278 RESULT
TIME LEFT 1 5 RIGHT 0 5
TRAIN A237
MOVE A40 38
MOVE A50 38
MOVE A120 114
MOVE A128 114
MOVE A129 145
MOVE A130 145
MOVE A131 145
MOVE A132 145
MOVE A133 145
MOVE A134 145
MOVE A135 145
MOVE A136 145
MOVE A137 145
MOVE A138 145
MOVE A139 145
MOVE A140 145
MOVE A141 145
MOVE A142 145
MOVE A143 145
MOVE A144 145
MOVE A145 145
MOVE A147 145
MOVE A148 145
MOVE A150 145
MOVE A151 145
MOVE A152 145
MOVE A153 145
MOVE A154 145
MOVE A155 145
MOVE A156 145
MOVE A157 145
MOVE A158 145
MOVE A159 145
MOVE A160 145
MOVE A161 145
MOVE A163 145
MOVE A164 145
MOVE A165 145
MOVE A166 145
MOVE A167 145
MOVE A168 145
MOVE A169 145
MOVE A170 145
MOVE A174 145
MOVE A175 124
MOVE A176 124
MOVE A178 124
MOVE A179 124
MOVE A180 124
MOVE A181 124
MOVE A182 124
MOVE A183 124
MOVE A184 124
MOVE A185 124
MOVE A186 124
MOVE A187 124
MOVE A188 124
MOVE A189 124
MOVE A190 124
MOVE A191 124
MOVE A192 124
MOVE A193 124
MOVE A194 161
MOVE A195 124
MOVE A196 124
MOVE A198 145
MOVE A199 145
MOVE A200 145
MOVE A201 145
MOVE A202 145
MOVE A203 145
MOVE A204 145
MOVE A205 145
MOVE A206 145
MOVE A207 145
MOVE A208 145
MOVE A209 145
MOVE A210 145
MOVE A211 145
MOVE A212 145
MOVE A213 114
MOVE A214 112
MOVE A215 112
MOVE A220 40
MOVE A221 40
MOVE A222 40
MOVE A223 40
MOVE A224 40
MOVE A225 40
MOVE A226 40
MOVE A227 40
MOVE A228 40
MOVE A229 40
MOVE A230 40
MOVE A232 14
MOVE A233 14
MOVE B118 173
MOVE B123 198
MOVE B129 198
MOVE B130 165
MOVE B131 194
MOVE B132 95
MOVE B134 95
MOVE B135 95
MOVE B136 198
MOVE B137 198
MOVE B138 198
MOVE B139 198
MOVE B140 198
MOVE B141 95
MOVE B142 198
MOVE B143 95
MOVE B144 95
MOVE B145 165
MOVE B146 198
MOVE B147 198
MOVE B148 95
MOVE B150 95
MOVE B151 95
MOVE B153 198
MOVE B154 199
MOVE B155 186
MOVE B156 198
MOVE B157 198
END TURN 278
TURN 279
COMMAND LEFT START
MOVE A216 75
MOVE A217 75
MOVE A54 75
MOVE A86 75
MOVE A9 75
MOVE A3 118
MOVE A92 54
MOVE A93 54
MOVE A117 13
MOVE A46 100
MOVE A237 100
TRAIN 3
COMMAND LEFT END
COMMAND RIGHT START
COMMAND RIGHT END
TURN 279 RESULT
TIME LEFT 1 5 RIGHT 0 5
TRAIN A238 A239 A240
MOVE A3 108
MOVE A9 27
MOVE A40 51
MOVE A46 108
MOVE A50 51
MOVE A54 53
MOVE A86 53
MOVE A92 4
MOVE A93 4
MOVE A117 6
MOVE A120 108
MOVE A128 108
MOVE A129 166
MOVE A130 166
MOVE A131 166
MOVE A132 166
MOVE A133 166
MOVE A134 166
MOVE A135 166
MOVE A136 166
MOVE A137 166
MOVE A138 166
MOVE A139 166
MOVE A140 166
MOVE A141 166
MOVE A142 166
MOVE A143 166
MOVE A144 166
MOVE A145 166
MOVE A147 166
MOVE A148 166
MOVE A150 166
MOVE A151 166
MOVE A152 166
MOVE A153 166
MOVE A154 166
MOVE A155 166
MOVE A156 166
MOVE A157 166
MOVE A158 166
MOVE A159 166
MOVE A160 166
MOVE A161 166
MOVE A163 166
MOVE A164 166
MOVE A165 166
MOVE A166 166
MOVE A167 166
MOVE A168 166
MOVE A169 166
MOVE A170 166
MOVE A174 166
MOVE A175 111
MOVE A176 111
MOVE A178 111
MOVE A179 111
MOVE A180 111
MOVE A181 111
MOVE A182 111
MOVE A183 111
MOVE A184 111
MOVE A185 111
MOVE A186 111
MOVE A187 111
MOVE A188 111
MOVE A189 111
MOVE A190 111
MOVE A191 111
MOVE A192 111
MOVE A193 111
MOVE A194 173
MOVE A195 111
MOVE A196 111
MOVE A198 166
MOVE A199 166
MOVE A200 166
MOVE A201 166
MOVE A202 166
MOVE A203 166
MOVE A204 166
MOVE A205 166
MOVE A206 166
MOVE A207 166
MOVE A208 166
MOVE A209 166
MOVE A210 166
MOVE A211 166
MOVE A212 166
MOVE A213 108
MOVE A214 117
MOVE A215 117
MOVE A216 94
MOVE A217 94
MOVE A220 53
MOVE A221 53
MOVE A222 53
MOVE A223 53
MOVE A224 53
MOVE A225 53
MOVE A226 53
MOVE A227 53
MOVE A228 53
MOVE A229 53
MOVE A230 53
MOVE A232 20
MOVE A233 20
MOVE A237 4
MOVE B118 161
MOVE B123 199
MOVE B129 199
MOVE B131 187
MOVE B132 75
MOVE B134 75
MOVE B135 75
MOVE B136 199
MOVE B137 199
MOVE B138 199
MOVE B139 199
MOVE B140 199
MOVE B141 75
MOVE B142 199
MOVE B143 75
MOVE B144 75
MOVE B146 199
MOVE B147 199
MOVE B148 75
MOVE B150 75
MOVE B151 75
MOVE B153 199
MOVE B154 198
MOVE B155 180
MOVE B156 188
MOVE B157 188
DAMAGE TURRET B132 2
DAMAGE COMBAT A68 7
DAMAGE COMBAT B132 1
SIEGE A 75 2
END TURN 279
TURN 280
COMMAND LEFT START
MOVE A4 118
MOVE A240 100
MOVE A239 100
MOVE A238 100
TRAIN 3
COMMAND LEFT END
COMMAND RIGHT START
COMMAND RIGHT END
TURN 280 RESULT
TIME LEFT 0 5 RIGHT 0 5
TRAIN A241 A242 A243
MOVE A3 118
MOVE A4 108
MOVE A9 39
MOVE A40 67
MOVE A46 114
MOVE A50 67
MOVE A54 60
MOVE A86 60
MOVE A92 14
MOVE A93 14
MOVE A117 13
MOVE A120 103
MOVE A128 103
MOVE A129 165
MOVE A130 165
MOVE A131 165
MOVE A132 165
MOVE A133 165
MOVE A134 165
MOVE A135 165
MOVE A136 165
MOVE A137 165
MOVE A138 165
MOVE A139 165
MOVE A140 165
MOVE A141 165
MOVE A142 165
MOVE A143 165
MOVE A144 165
MOVE A145 165
MOVE A147 165
MOVE A148 165
MOVE A150 165
MOVE A151 165
MOVE A152 165
MOVE A153 165
MOVE A154 165
MOVE A155 165
MOVE A156 165
MOVE A157 165
MOVE A158 165
MOVE A159 165
MOVE A160 165
MOVE A161 165
MOVE A163 165
MOVE A164 165
MOVE A165 165
MOVE A166 165
MOVE A167 165
MOVE A168 165
MOVE A169 165
MOVE A170 165
MOVE A174 165
MOVE A175 100
MOVE A176 100
MOVE A178 100
MOVE A179 100
MOVE A180 100
MOVE A181 100
MOVE A182 100
MOVE A183 100
MOVE A184 100
MOVE A185 100
MOVE A186 100
MOVE A187 100
MOVE A188 100
MOVE A189 100
MOVE A190 100
MOVE A191 100
MOVE A192 100
MOVE A193 100
MOVE A194 187
MOVE A195 100
MOVE A196 100
MOVE A198 165
MOVE A199 165
MOVE A200 165
MOVE A201 165
MOVE A202 165
MOVE A203 165
MOVE A204 165
MOVE A205 165
MOVE A206 165
MOVE A207 165
MOVE A208 165
MOVE A209 165
MOVE A210 165
MOVE A211 165
MOVE A212 165
MOVE A213 103
MOVE A214 114
MOVE A215 114
MOVE A216 80
MOVE A217 80
MOVE A220 64
MOVE A221 64
MOVE A222 64
MOVE A223 64
MOVE A224 64
MOVE A225 64
MOVE A226 64
MOVE A227 64
MOVE A228 64
MOVE A229 64
MOVE A230 64
MOVE A232 40
MOVE A233 40
MOVE A237 14
MOVE A238 4
MOVE A239 4
MOVE A240 4
MOVE B118 149
MOVE B123 200
MOVE B129 200
MOVE B132 67
MOVE B134 67
MOVE B135 67
MOVE B136 200
MOVE B137 200
MOVE B138 200
MOVE B139 200
MOVE B140 200
MOVE B141 67
MOVE B142 200
MOVE B143 67
MOVE B144 67
MOVE B146 200
MOVE B147 200
MOVE B148 67
MOVE B150 67
MOVE B151 67
MOVE B153 200
MOVE B154 188
MOVE B155 160
MOVE B156 185
MOVE B157 185
DAMAGE TURRET A134 2
DAMAGE TURRET A194 2
DAMAGE COMBAT A40 6
DAMAGE COMBAT A50 3
DAMAGE COMBAT A129 2
DAMAGE COMBAT A134 1
DAMAGE COMBAT B97 3
DAMAGE COMBAT B105 1
DAMAGE COMBAT B130 2
DAMAGE COMBAT B132 1
DAMAGE COMBAT B134 1
DAMAGE COMBAT B145 6
SIEGE B 165 12
END TURN 280
TURN 281
COMMAND LEFT START
MOVE A13 75
MOVE A129 100
MOVE A130 100
MOVE A131 100
MOVE A132 100
MOVE A133 100
MOVE A135 100
MOVE A136 100
MOVE A137 100
MOVE A138 100
MOVE A139 100
MOVE A140 100
MOVE A141 100
MOVE A142 100
MOVE A143 100
MOVE A144 100
MOVE A145 100
MOVE A147 100
MOVE A148 100
MOVE A150 100
MOVE A151 100
MOVE A152 100
MOVE A153 100
MOVE A154 100
MOVE A155 100
MOVE A156 100
MOVE A157 100
MOVE A158 100
MOVE A159 100
MOVE A160 100
MOVE A161 100
MOVE A163 100
MOVE A164 100
MOVE A165 100
MOVE A166 100
MOVE A167 100
MOVE A168 100
MOVE A169 100
MOVE A170 100
MOVE A174 100
MOVE A198 100
MOVE A199 100
MOVE A200 100
MOVE A201 100
MOVE A202 100
MOVE A203 100
MOVE A204 100
MOVE A205 100
MOVE A206 100
MOVE A207 100
MOVE A208 100
MOVE A209 100
MOVE A210 100
MOVE A211 100
MOVE A213 100
MOVE A243 100
MOVE A242 100
MOVE A241 100
UPGRADE 165
TRAIN 3
COMMAND LEFT END
COMMAND RIGHT START
MOVE B118 187
MOVE B129 165
MOVE B136 160
MOVE B137 187
MOVE B138 187
MOVE B139 187
MOVE B155 149
COMMAND RIGHT END
TURN 281 RESULT
TIME LEFT 1 5 RIGHT 0 5
UPGRADE A 165
TRAIN A244 A245 A246
MOVE A4 118
MOVE A9 59
MOVE A13 95
MOVE A46 117
MOVE A54 67
MOVE A86 67
MOVE A92 20
MOVE A93 20
MOVE A129 166
MOVE A130 166
MOVE A131 166
MOVE A132 166
MOVE A133 166
MOVE A135 166
MOVE A136 166
MOVE A137 166
MOVE A138 166
MOVE A139 166
MOVE A140 166
MOVE A141 166
MOVE A142 166
MOVE A143 166
MOVE A144 166
MOVE A145 166
MOVE A147 166
MOVE A148 166
MOVE A150 166
MOVE A151 166
MOVE A152 166
MOVE A153 166
MOVE A154 166
MOVE A155 166
MOVE A156 166
MOVE A157 166
MOVE A158 166
MOVE A159 166
MOVE A160 166
MOVE A161 166
MOVE A163 166
MOVE A164 166
MOVE A165 166
MOVE A166 166
MOVE A167 166
MOVE A168 166
MOVE A169 166
MOVE A170 166
MOVE A174 166
MOVE A198 166
MOVE A199 166
MOVE A200 166
MOVE A201 166
MOVE A202 166
MOVE A203 166
MOVE A204 166
MOVE A205 166
MOVE A206 166
MOVE A207 166
MOVE A208 166
MOVE A209 166
MOVE A210 166
MOVE A211 166
MOVE A213 108
MOVE A214 118
MOVE A215 118
MOVE A216 75
MOVE A217 75
MOVE A220 71
MOVE A221 71
MOVE A222 71
MOVE A223 71
MOVE A224 71
MOVE A225 71
MOVE A226 71
MOVE A227 71
MOVE A228 71
MOVE A229 71
MOVE A230 71
MOVE A232 53
MOVE A233 53
MOVE A237 20
MOVE A238 14
MOVE A239 14
MOVE A240 14
MOVE A241 4
MOVE A242 4
MOVE A243 4
MOVE B118 161
MOVE B129 199
MOVE B136 196
MOVE B137 194
MOVE B138 194
MOVE B139 194
MOVE B154 185
MOVE B155 168
MOVE B156 177
MOVE B157 177
DAMAGE COMBAT A50 3
DAMAGE COMBAT A54 5
DAMAGE COMBAT B134 3
END TURN 281
TURN 282
COMMAND LEFT START
MOVE A215 185
MOVE A179 185
MOVE A180 185
MOVE A181 185
MOVE A182 185
MOVE A246 100
MOVE A245 100
MOVE A244 100
UPGRADE 165
COMMAND LEFT END
COMMAND RIGHT START
COMMAND RIGHT END
TURN 282 RESULT
TIME LEFT 0 5 RIGHT 0 5
UPGRADE A 165
MOVE A9 75
MOVE A13 75
MOVE A46 112
MOVE A92 40
MOVE A93 40
MOVE A129 145
MOVE A130 145
MOVE A131 145
MOVE A132 145
MOVE A133 145
MOVE A135 145
MOVE A136 145
MOVE A137 145
MOVE A138 145
MOVE A139 145
MOVE A140 145
MOVE A141 145
MOVE A142 145
MOVE A143 145
MOVE A144 145
MOVE A145 145
MOVE A147 145
MOVE A148 145
MOVE A150 145
MOVE A151 145
MOVE A152 145
MOVE A153 145
MOVE A154 145
MOVE A155 145
MOVE A156 145
MOVE A157 145
MOVE A158 145
MOVE A159 145
MOVE A160 145
MOVE A161 145
MOVE A163 145
MOVE A164 145
MOVE A165 145
MOVE A166 145
MOVE A167 145
MOVE A168 145
MOVE A169 145
MOVE A170 145
MOVE A174 145
MOVE A179 111
MOVE A180 111
MOVE A181 111
MOVE A182 111
MOVE A198 145
MOVE A199 145
MOVE A200 145
MOVE A201 145
MOVE A202 145
MOVE A203 145
MOVE A204 145
MOVE A205 145
MOVE A206 145
MOVE A207 145
MOVE A208 145
MOVE A209 145
MOVE A210 145
MOVE A211 145
MOVE A213 114
MOVE A215 131
MOVE A220 89
MOVE A221 89
MOVE A222 89
MOVE A223 89
MOVE A224 89
MOVE A225 89
MOVE A226 89
MOVE A227 89
MOVE A228 89
MOVE A229 89
MOVE A230 89
MOVE A232 64
MOVE A233 64
MOVE A237 40
MOVE A238 20
MOVE A239 20
MOVE A240 20
MOVE A241 14
MOVE A242 14
MOVE A243 14
MOVE A244 4
MOVE A245 4
MOVE A246 4
MOVE B118 173
MOVE B129 198
MOVE B136 186
MOVE B137 187
MOVE B138 187
MOVE B139 187
MOVE B154 177
MOVE B155 157
MOVE B156 165
MOVE B157 165
DAMAGE TURRET B156 1
DAMAGE COMBAT A54 2
DAMAGE COMBAT A86 6
DAMAGE COMBAT A212 2
DAMAGE COMBAT B134 2
DAMAGE COMBAT B156 1
END TURN 282
TURN 283
COMMAND LEFT START
MOVE A3 165
MOVE A4 165
MOVE A44 165
MOVE A9 118
MOVE A175 118
MOVE A176 103
TRAIN 3
COMMAND LEFT END
COMMAND RIGHT START
MOVE B140 187
COMMAND RIGHT END
TURN 283 RESULT
TIME LEFT 0 5 RIGHT 0 5
TRAIN A247 A248 A249
MOVE A3 137
MOVE A4 137
MOVE A9 95
MOVE A44 128
MOVE A46 100
MOVE A92 54
MOVE A93 54
MOVE A129 132
MOVE A130 132
MOVE A131 132
MOVE A132 132
MOVE A133 132
MOVE A135 132
MOVE A136 132
MOVE A137 132
MOVE A138 132
MOVE A139 132
MOVE A140 132
MOVE A141 132
MOVE A142 132
MOVE A143 132
MOVE A144 132
MOVE A145 132
MOVE A147 132
MOVE A148 132
MOVE A150 132
MOVE A151 132
MOVE A152 132
MOVE A153 132
MOVE A154 132
MOVE A155 132
MOVE A156 132
MOVE A157 132
MOVE A158 132
MOVE A159 132
MOVE A160 132
MOVE A161 132
MOVE A163 132
MOVE A164 132
MOVE A165 132
MOVE A166 132
MOVE A167 132
MOVE A168 132
MOVE A169 132
MOVE A170 132
MOVE A174 132
MOVE A175 112
MOVE A176 112
MOVE A179 124
MOVE A180 124
MOVE A181 124
MOVE A182 124
MOVE A198 132
MOVE A199 132
MOVE A200 132
MOVE A201 132
MOVE A202 132
MOVE A203 132
MOVE A204 132
MOVE A205 132
MOVE A206 132
MOVE A207 132
MOVE A208 132
MOVE A209 132
MOVE A210 132
MOVE A211 132
MOVE A213 117
MOVE A215 145
MOVE A220 100
MOVE A221 100
MOVE A222 100
MOVE A223 100
MOVE A224 100
MOVE A225 100
MOVE A226 100
MOVE A227 100
MOVE A228 100
MOVE A229 100
MOVE A230 100
MOVE A232 71
MOVE A233 71
MOVE A237 53
MOVE A238 40
MOVE A239 40
MOVE A240 40
MOVE A241 20
MOVE A242 20
MOVE A243 20
MOVE A244 14
MOVE A245 14
MOVE A246 14
MOVE B118 187
MOVE B129 188
MOVE B136 180
MOVE B140 194
MOVE B154 165
MOVE B155 149
DAMAGE TURRET B156 1
DAMAGE COMBAT A86 1
DAMAGE COMBAT A212 3
DAMAGE COMBAT B135 1
DAMAGE COMBAT B156 1
END TURN 283
TURN 284
COMMAND LEFT START
MOVE A120 75
MOVE A46 75
MOVE A178 75
MOVE A183 75
MOVE A184 103
MOVE A249 100
MOVE A248 100
MOVE A247 100
TRAIN 3
COMMAND LEFT END
COMMAND RIGHT START
COMMAND RIGHT END
TURN 284 RESULT
TIME LEFT 1 5 RIGHT 0 5
TRAIN A250 A251 A252
MOVE A3 152
MOVE A4 152
MOVE A9 108
MOVE A44 137
MOVE A46 94
MOVE A120 95
MOVE A129 126
MOVE A130 126
MOVE A131 126
MOVE A132 126
MOVE A133 126
MOVE A135 126
MOVE A136 126
MOVE A137 126
MOVE A138 126
MOVE A139 126
MOVE A140 126
MOVE A141 126
MOVE A142 126
MOVE A143 126
MOVE A144 126
MOVE A145 126
MOVE A147 126
MOVE A148 126
MOVE A150 126
MOVE A151 126
MOVE A152 126
MOVE A153 126
MOVE A154 126
MOVE A155 126
MOVE A156 126
MOVE A157 126
MOVE A158 126
MOVE A159 126
MOVE A160 126
MOVE A161 126
MOVE A163 126
MOVE A164 126
MOVE A165 126
MOVE A166 126
MOVE A167 126
MOVE A168 126
MOVE A169 126
MOVE A170 126
MOVE A174 126
MOVE A175 117
MOVE A176 117
MOVE A178 94
MOVE A179 138
MOVE A180 138
MOVE A181 138
MOVE A182 138
MOVE A183 94
MOVE A184 112
MOVE A198 126
MOVE A199 126
MOVE A200 126
MOVE A201 126
MOVE A202 126
MOVE A203 126
MOVE A204 126
MOVE A205 126
MOVE A206 126
MOVE A207 126
MOVE A208 126
MOVE A209 126
MOVE A210 126
MOVE A211 126
MOVE A213 112
MOVE A215 171
MOVE A232 89
MOVE A233 89
MOVE A237 64
MOVE A238 53
MOVE A239 53
MOVE A240 53
MOVE A241 40
MOVE A242 40
MOVE A243 40
MOVE A244 20
MOVE A245 20
MOVE A246 20
MOVE A247 4
MOVE A248 4
MOVE A249 4
MOVE B129 185
MOVE B135 51
MOVE B136 160
MOVE B140 187
MOVE B141 51
MOVE B143 51
MOVE B144 51
MOVE B148 51
MOVE B150 51
MOVE B151 51
DAMAGE TURRET B156 1
DAMAGE COMBAT A212 3
DAMAGE COMBAT B156 1
END TURN 284
TURN 285
COMMAND LEFT START
MOVE A252 100
MOVE A251 100
MOVE A250 100
TRAIN 3
COMMAND LEFT END
COMMAND RIGHT START
MOVE B140 200
MOVE B154 200
MOVE B157 200
COMMAND RIGHT END
TURN 285 RESULT
TIME LEFT 1 5 RIGHT 0 5
TRAIN A253 A254 A255
MOVE A3 165
MOVE A4 165
MOVE A9 118
MOVE A44 152
MOVE A46 80
MOVE A120 75
MOVE A129 117
MOVE A130 117
MOVE A131 117
MOVE A132 117
MOVE A133 117
MOVE A135 117
MOVE A136 117
MOVE A137 117
MOVE A138 117
MOVE A139 117
MOVE A140 117
MOVE A141 117
MOVE A142 117
MOVE A143 117
MOVE A144 117
MOVE A145 117
MOVE A147 117
MOVE A148 117
MOVE A150 117
MOVE A151 117
MOVE A152 117
MOVE A153 117
MOVE A154 117
MOVE A155 117
MOVE A156 117
MOVE A157 117
MOVE A158 117
MOVE A159 117
MOVE A160 117
MOVE A161 117
MOVE A163 117
MOVE A164 117
MOVE A165 117
MOVE A166 117
MOVE A167 117
MOVE A168 117
MOVE A169 117
MOVE A170 117
MOVE A174 117
MOVE A175 114
MOVE A176 114
MOVE A178 80
MOVE A179 155
MOVE A180 155
MOVE A181 155
MOVE A182 155
MOVE A183 80
MOVE A184 117
MOVE A198 117
MOVE A199 117
MOVE A200 117
MOVE A201 117
MOVE A202 117
MOVE A203 117
MOVE A204 117
MOVE A205 117
MOVE A206 117
MOVE A207 117
MOVE A208 117
MOVE A209 117
MOVE A210 117
MOVE A211 117
MOVE A213 100
MOVE A215 185
MOVE A232 100
MOVE A233 100
MOVE A237 71
MOVE A238 64
MOVE A239 64
MOVE A240 64
MOVE A241 53
MOVE A242 53
MOVE A243 53
MOVE A244 40
MOVE A245 40
MOVE A246 40
MOVE A247 14
MOVE A248 14
MOVE A249 14
MOVE A250 4
MOVE A251 4
MOVE A252 4
MOVE B129 177
MOVE B135 38
MOVE B140 194
MOVE B141 38
MOVE B143 38
MOVE B144 38
MOVE B148 38
MOVE B150 38
MOVE B151 38
MOVE B154 177
MOVE B157 177
DAMAGE COMBAT A215 1
DAMAGE COMBAT B152 1
END TURN 285
TURN 286
COMMAND LEFT START
MOVE A217 100
MOVE A255 100
MOVE A254 100
MOVE A253 100
UPGRADE 165
COMMAND LEFT END
COMMAND RIGHT START
MOVE B142 187
COMMAND RIGHT END
TURN 286 RESULT
TIME LEFT 0 5 RIGHT 0 5
UPGRADE A 165
MOVE A44 165
MOVE A46 75
MOVE A129 112
MOVE A130 112
MOVE A131 112
MOVE A132 112
MOVE A133 112
MOVE A135 112
MOVE A136 112
MOVE A137 112
MOVE A138 112
MOVE A139 112
MOVE A140 112
MOVE A141 112
MOVE A142 112
MOVE A143 112
MOVE A144 112
MOVE A145 112
MOVE A147 112
MOVE A148 112
MOVE A150 112
MOVE A151 112
MOVE A152 112
MOVE A153 112
MOVE A154 112
MOVE A155 112
MOVE A156 112
MOVE A157 112
MOVE A158 112
MOVE A159 112
MOVE A160 112
MOVE A161 112
MOVE A163 112
MOVE A164 112
MOVE A165 112
MOVE A166 112
MOVE A167 112
MOVE A168 112
MOVE A169 112
MOVE A170 112
MOVE A174 112
MOVE A175 118
MOVE A176 108
MOVE A178 75
MOVE A179 171
MOVE A180 171
MOVE A181 171
MOVE A182 171
MOVE A183 75
MOVE A184 114
MOVE A198 112
MOVE A199 112
MOVE A200 112
MOVE A201 112
MOVE A202 112
MOVE A203 112
MOVE A204 112
MOVE A205 112
MOVE A206 112
MOVE A207 112
MOVE A208 112
MOVE A209 112
MOVE A210 112
MOVE A211 112
MOVE A217 80
MOVE A237 89
MOVE A238 71
MOVE A239 71
MOVE A240 71
MOVE A241 64
MOVE A242 64
MOVE A243 64
MOVE A244 53
MOVE A245 53
MOVE A246 53
MOVE A247 20
MOVE A248 20
MOVE A249 20
MOVE A250 14
MOVE A251 14
MOVE A252 14
MOVE A253 4
MOVE A254 4
MOVE A255 4
MOVE B129 165
MOVE B135 17
MOVE B140 200
MOVE B141 17
MOVE B142 194
MOVE B143 17
MOVE B144 17
MOVE B148 17
MOVE B150 17
MOVE B151 17
MOVE B154 185
MOVE B157 185
DAMAGE TURRET B129 2
DAMAGE COMBAT A3 1
DAMAGE COMBAT A215 3
DAMAGE COMBAT B129 3
DAMAGE COMBAT B152 1
END TURN 286
TURN 287
COMMAND LEFT START
TRAIN 2
COMMAND LEFT END
COMMAND RIGHT START
MOVE B137 200
MOVE B138 200
MOVE B139 200
COMMAND RIGHT END
TURN 287 RESULT
TIME LEFT 0 5 RIGHT 0 5
TRAIN A256 A257
MOVE A129 100
MOVE A130 100
MOVE A131 100
MOVE A132 100
MOVE A133 100
MOVE A135 100
MOVE A136 100
MOVE A137 100
MOVE A138 100
MOVE A139 100
MOVE A140 100
MOVE A141 100
MOVE A142 100
MOVE A143 100
MOVE A144 100
MOVE A145 100
MOVE A147 100
MOVE A148 100
MOVE A150 100
MOVE A151 100
MOVE A152 100
MOVE A153 100
MOVE A154 100
MOVE A155 100
MOVE A156 100
MOVE A157 100
MOVE A158 100
MOVE A159 100
MOVE A160 100
MOVE A161 100
MOVE A163 100
MOVE A164 100
MOVE A165 100
MOVE A166 100
MOVE A167 100
MOVE A168 100
MOVE A169 100
MOVE A170 100
MOVE A174 100
MOVE A176 103
MOVE A179 185
MOVE A180 185
MOVE A181 185
MOVE A182 185
MOVE A184 108
MOVE A198 100
MOVE A199 100
MOVE A200 100
MOVE A201 100
MOVE A202 100
MOVE A203 100
MOVE A204 100
MOVE A205 100
MOVE A206 100
MOVE A207 100
MOVE A208 100
MOVE A209 100
MOVE A210 100
MOVE A211 100
MOVE A217 94
MOVE A237 100
MOVE A238 89
MOVE A239 89
MOVE A240 89
MOVE A241 71
MOVE A242 71
MOVE A243 71
MOVE A244 64
MOVE A245 64
MOVE A246 64
MOVE A247 40
MOVE A248 40
MOVE A249 40
MOVE A250 20
MOVE A251 20
MOVE A252 20
MOVE A253 14
MOVE A254 14
MOVE A255 14
MOVE B135 7
MOVE B137 194
MOVE B138 194
MOVE B139 194
MOVE B141 7
MOVE B142 187
MOVE B143 7
MOVE B144 7
MOVE B148 7
MOVE B150 7
MOVE B151 7
DAMAGE TURRET B129 1
DAMAGE COMBAT A3 1
DAMAGE COMBAT A215 3
DAMAGE COMBAT B152 4
DAMAGE COMBAT B154 1
END TURN 287
TURN 288
COMMAND LEFT START
MOVE A179 100
MOVE A180 100
MOVE A181 100
MOVE A182 100
TRAIN 3
COMMAND LEFT END
COMMAND RIGHT START
MOVE B136 185
MOVE B140 187
MOVE B142 160
MOVE B146 187
COMMAND RIGHT END
TURN 288 RESULT
TIME LEFT 1 5 RIGHT 0 5
TRAIN A258 A259 A260
MOVE A184 103
MOVE A217 100
MOVE A238 100
MOVE A239 100
MOVE A240 100
MOVE A241 89
MOVE A242 89
MOVE A243 89
MOVE A244 71
MOVE A245 71
MOVE A246 71
MOVE A247 53
MOVE A248 53
MOVE A249 53
MOVE A250 40
MOVE A251 40
MOVE A252 40
MOVE A253 20
MOVE A254 20
MOVE A255 20
MOVE B135 0
MOVE B136 169
MOVE B137 200
MOVE B138 200
MOVE B139 200
MOVE B140 194
MOVE B141 0
MOVE B142 183
MOVE B143 0
MOVE B144 0
MOVE B146 194
MOVE B148 0
MOVE B150 0
MOVE B151 0
DAMAGE TURRET B135 3
DAMAGE COMBAT A179 1
DAMAGE COMBAT A215 1
DAMAGE COMBAT A219 7
DAMAGE COMBAT B135 2
DAMAGE COMBAT B141 6
DAMAGE COMBAT B143 2
DAMAGE COMBAT B154 5
END TURN 288
TURN 289
COMMAND LEFT START
MOVE A240 200
MOVE A239 200
MOVE A238 200
MOVE A237 200
MOVE A233 200
MOVE A232 200
MOVE A230 200
MOVE A229 200
MOVE A228 200
MOVE A227 200
MOVE A226 200
MOVE A225 200
MOVE A224 200
MOVE A223 200
MOVE A222 200
MOVE A221 200
MOVE A220 200
MOVE A218 200
MOVE A217 200
MOVE A213 200
MOVE A211 200
MOVE A210 200
MOVE A209 200
MOVE A208 200
MOVE A207 200
MOVE A206 200
MOVE A205 200
MOVE A204 200
MOVE A203 200
MOVE A202 200
MOVE A201 200
MOVE A200 200
MOVE A199 200
MOVE A198 200
MOVE A196 200
MOVE A195 200
MOVE A193 200
MOVE A192 200
MOVE A191 200
MOVE A190 200
MOVE A189 200
MOVE A188 200
MOVE A187 200
MOVE A186 200
MOVE A185 200
MOVE A174 200
MOVE A170 200
MOVE A169 200
MOVE A168 200
MOVE A167 200
MOVE A166 200
MOVE A165 200
MOVE A164 200
MOVE A163 200
MOVE A161 200
MOVE A160 200
MOVE A159 200
MOVE A158 200
MOVE A157 200
MOVE A156 200
MOVE A155 200
MOVE A154 200
MOVE A153 200
MOVE A152 200
MOVE A151 200
MOVE A150 200
MOVE A148 200
MOVE A147 200
MOVE A145 200
MOVE A144 200
MOVE A143 200
MOVE A142 200
MOVE A141 200
MOVE A140 200
MOVE A139 200
MOVE A138 200
MOVE A137 200
MOVE A136 200
MOVE A135 200
MOVE A133 200
MOVE A132 200
MOVE A131 200
COMMAND LEFT END
COMMAND RIGHT START
MOVE B138 187
MOVE B139 187
MOVE B147 187
COMMAND RIGHT END
TURN 289 RESULT
TIME LEFT 1 5 RIGHT 0 5
MOVE A131 111
MOVE A132 111
MOVE A133 111
MOVE A135 111
MOVE A136 111
MOVE A137 111
MOVE A138 111
MOVE A139 111
MOVE A140 111
MOVE A141 111
MOVE A142 111
MOVE A143 111
MOVE A144 111
MOVE A145 111
MOVE A147 111
MOVE A148 111
MOVE A150 111
MOVE A151 111
MOVE A152 111
MOVE A153 111
MOVE A154 111
MOVE A155 111
MOVE A156 111
MOVE A157 111
MOVE A158 111
MOVE A159 111
MOVE A160 111
MOVE A161 111
MOVE A163 111
MOVE A164 111
MOVE A165 111
MOVE A166 111
MOVE A167 111
MOVE A168 111
MOVE A169 111
MOVE A170 111
MOVE A174 111
MOVE A185 111
MOVE A186 111
MOVE A187 111
MOVE A188 111
MOVE A189 111
MOVE A190 111
MOVE A191 111
MOVE A192 111
MOVE A193 111
MOVE A195 111
MOVE A196 111
MOVE A198 111
MOVE A199 111
MOVE A200 111
MOVE A201 111
MOVE A202 111
MOVE A203 111
MOVE A204 111
MOVE A205 111
MOVE A206 111
MOVE A207 111
MOVE A208 111
MOVE A209 111
MOVE A210 111
MOVE A211 111
MOVE A213 111
MOVE A217 111
MOVE A218 111
MOVE A220 111
MOVE A221 111
MOVE A222 111
MOVE A223 111
MOVE A224 111
MOVE A225 111
MOVE A226 111
MOVE A227 111
MOVE A228 111
MOVE A229 111
MOVE A230 111
MOVE A232 111
MOVE A233 111
MOVE A237 111
MOVE A238 111
MOVE A239 111
MOVE A240 111
MOVE A241 100
MOVE A242 100
MOVE A243 100
MOVE A244 89
MOVE A245 89
MOVE A246 89
MOVE A247 64
MOVE A248 64
MOVE A249 64
MOVE A250 53
MOVE A251 53
MOVE A252 53
MOVE A253 40
MOVE A254 40
MOVE A255 40
MOVE B136 175
MOVE B138 194
MOVE B139 194
MOVE B140 187
MOVE B142 176
MOVE B146 187
MOVE B147 194
DAMAGE TURRET B143 3
DAMAGE COMBAT A179 1
DAMAGE COMBAT A219 1
DAMAGE COMBAT A231 4
DAMAGE COMBAT B143 1
DAMAGE COMBAT B144 6
DAMAGE COMBAT B148 3
DAMAGE COMBAT B157 4
END TURN 289
TURN 290
COMMAND LEFT START
COMMAND LEFT END
COMMAND RIGHT START
MOVE B153 187
COMMAND RIGHT END
TURN 290 RESULT
TIME LEFT 0 5 RIGHT 0 5
MOVE A131 129
MOVE A132 129
MOVE A133 129
MOVE A135 129
MOVE A136 129
MOVE A137 129
MOVE A138 129
MOVE A139 129
MOVE A140 129
MOVE A141 129
MOVE A142 129
MOVE A143 129
MOVE A144 129
MOVE A145 129
MOVE A147 129
MOVE A148 129
MOVE A150 129
MOVE A151 129
MOVE A152 129
MOVE A153 129
MOVE A154 129
MOVE A155 129
MOVE A156 129
MOVE A157 129
MOVE A158 129
MOVE A159 129
MOVE A160 129
MOVE A161 129
MOVE A163 129
MOVE A164 129
MOVE A165 129
MOVE A166 129
MOVE A167 129
MOVE A168 129
MOVE A169 129
MOVE A170 129
MOVE A174 129
MOVE A185 129
MOVE A186 129
MOVE A187 129
MOVE A188 129
MOVE A189 129
MOVE A190 129
MOVE A191 129
MOVE A192 129
MOVE A193 129
MOVE A195 129
MOVE A196 129
MOVE A198 129
MOVE A199 129
MOVE A200 129
MOVE A201 129
MOVE A202 129
MOVE A203 129
MOVE A204 129
MOVE A205 129
MOVE A206 129
MOVE A207 129
MOVE A208 129
MOVE A209 129
MOVE A210 129
MOVE A211 129
MOVE A213 129
MOVE A217 129
MOVE A218 129
MOVE A220 129
MOVE A221 129
MOVE A222 129
MOVE A223 129
MOVE A224 129
MOVE A225 129
MOVE A226 129
MOVE A227 129
MOVE A228 129
MOVE A229 129
MOVE A230 129
MOVE A232 129
MOVE A233 129
MOVE A237 129
MOVE A238 129
MOVE A239 129
MOVE A240 129
MOVE A244 100
MOVE A245 100
MOVE A246 100
MOVE A247 71
MOVE A248 71
MOVE A249 71
MOVE A250 64
MOVE A251 64
MOVE A252 64
MOVE A253 53
MOVE A254 53
MOVE A255 53
MOVE B136 188
MOVE B138 187
MOVE B139 187
MOVE B142 168
MOVE B147 187
MOVE B153 194
DAMAGE TURRET B148 3
DAMAGE COMBAT A179 1
DAMAGE COMBAT A231 3
DAMAGE COMBAT B150 6
DAMAGE COMBAT B151 3
DAMAGE COMBAT B157 2
END TURN 290
TURN 291
COMMAND LEFT START
TRAIN 3
COMMAND LEFT END
COMMAND RIGHT START
COMMAND RIGHT END
TURN 291 RESULT
TIME LEFT 0 5 RIGHT 0 5
TRAIN A261 A262 A263
MOVE A131 136
MOVE A132 136
MOVE A133 136
MOVE A135 136
MOVE A136 136
MOVE A137 136
MOVE A138 136
MOVE A139 136
MOVE A140 136
MOVE A141 136
MOVE A142 136
MOVE A143 136
MOVE A144 136
MOVE A145 136
MOVE A147 136
MOVE A148 136
MOVE A150 136
MOVE A151 136
MOVE A152 136
MOVE A153 136
MOVE A154 136
MOVE A155 136
MOVE A156 136
MOVE A157 136
MOVE A158 136
MOVE A159 136
MOVE A160 136
MOVE A161 136
MOVE A163 136
MOVE A164 136
MOVE A165 136
MOVE A166 136
MOVE A167 136
MOVE A168 136
MOVE A169 136
MOVE A170 136
MOVE A174 136
MOVE A179 171
MOVE A180 171
MOVE A181 171
MOVE A182 171
MOVE A185 136
MOVE A186 136
MOVE A187 136
MOVE A188 136
MOVE A189 136
MOVE A190 136
MOVE A191 136
MOVE A192 136
MOVE A193 136
MOVE A195 136
MOVE A196 136
MOVE A198 136
MOVE A199 136
MOVE A200 136
MOVE A201 136
MOVE A202 136
MOVE A203 136
MOVE A204 136
MOVE A205 136
MOVE A206 136
MOVE A207 136
MOVE A208 136
MOVE A209 136
MOVE A210 136
MOVE A211 136
MOVE A213 136
MOVE A217 136
MOVE A218 136
MOVE A220 136
MOVE A221 136
MOVE A222 136
MOVE A223 136
MOVE A224 136
MOVE A225 136
MOVE A226 136
MOVE A227 136
MOVE A228 136
MOVE A229 136
MOVE A230 136
MOVE A232 136
MOVE A233 136
MOVE A237 136
MOVE A238 136
MOVE A239 136
MOVE A240 136
MOVE A247 89
MOVE A248 89
MOVE A249 89
MOVE A250 71
MOVE A251 71
MOVE A252 71
MOVE A253 64
MOVE A254 64
MOVE A255 64
MOVE B136 185
MOVE B142 160
MOVE B153 187
DAMAGE TURRET B151 3
DAMAGE COMBAT A231 1
END TURN 291
TURN 292
COMMAND LEFT START
MOVE A242 185
MOVE A243 185
MOVE A244 185
MOVE A245 185
MOVE A246 185
TRAIN 3
COMMAND LEFT END
COMMAND RIGHT START
MOVE B118 200
MOVE B131 200
MOVE B138 200
UPGRADE 185
COMMAND RIGHT END
TURN 292 RESULT
TIME LEFT 0 5 RIGHT 0 5
UPGRADE B 185
TRAIN A264 A265 A266
MOVE A131 147
MOVE A132 147
MOVE A133 147
MOVE A135 147
MOVE A136 147
MOVE A137 147
MOVE A138 147
MOVE A139 147
MOVE A140 147
MOVE A141 147
MOVE A142 147
MOVE A143 147
MOVE A144 147
MOVE A145 147
MOVE A147 147
MOVE A148 147
MOVE A150 147
MOVE A151 147
MOVE A152 147
MOVE A153 147
MOVE A154 147
MOVE A155 147
MOVE A156 147
MOVE A157 147
MOVE A158 147
MOVE A159 147
MOVE A160 147
MOVE A161 147
MOVE A163 147
MOVE A164 147
MOVE A165 147
MOVE A166 147
MOVE A167 147
MOVE A168 147
MOVE A169 147
MOVE A170 147
MOVE A174 147
MOVE A179 155
MOVE A180 155
MOVE A181 155
MOVE A182 155
MOVE A185 147
MOVE A186 147
MOVE A187 147
MOVE A188 147
MOVE A189 147
MOVE A190 147
MOVE A191 147
MOVE A192 147
MOVE A193 147
MOVE A195 147
MOVE A196 147
MOVE A198 147
MOVE A199 147
MOVE A200 147
MOVE A201 147
MOVE A202 147
MOVE A203 147
MOVE A204 147
MOVE A205 147
MOVE A206 147
MOVE A207 147
MOVE A208 147
MOVE A209 147
MOVE A210 147
MOVE A211 147
MOVE A213 147
MOVE A217 147
MOVE A218 147
MOVE A220 147
MOVE A221 147
MOVE A222 147
MOVE A223 147
MOVE A224 147
MOVE A225 147
MOVE A226 147
MOVE A227 147
MOVE A228 147
MOVE A229 147
MOVE A230 147
MOVE A232 147
MOVE A233 147
MOVE A237 147
MOVE A238 147
MOVE A239 147
MOVE A240 147
MOVE A242 111
MOVE A243 111
MOVE A244 111
MOVE A245 111
MOVE A246 111
MOVE A247 100
MOVE A248 100
MOVE A249 100
MOVE A250 89
MOVE A251 89
MOVE A252 89
MOVE A253 71
MOVE A254 71
MOVE A255 71
MOVE B118 194
MOVE B131 194
MOVE B138 194
END TURN 292
TURN 293
COMMAND LEFT START
TRAIN 1
COMMAND LEFT END
COMMAND RIGHT START
MOVE B124 185
MOVE B137 185
MOVE B146 200
MOVE B147 200
MOVE B153 200
TRAIN 1
COMMAND RIGHT END
TURN 293 RESULT
TIME LEFT 0 5 RIGHT 0 5
TRAIN A267 B158
MOVE A131 160
MOVE A132 160
MOVE A133 160
MOVE A135 160
MOVE A136 160
MOVE A137 160
MOVE A138 160
MOVE A139 160
MOVE A140 160
MOVE A141 160
MOVE A142 160
MOVE A143 160
MOVE A144 160
MOVE A145 160
MOVE A147 160
MOVE A148 160
MOVE A150 160
MOVE A151 160
MOVE A152 160
MOVE A153 160
MOVE A154 160
MOVE A155 160
MOVE A156 160
MOVE A157 160
MOVE A158 160
MOVE A159 160
MOVE A160 160
MOVE A161 160
MOVE A163 160
MOVE A164 160
MOVE A165 160
MOVE A166 160
MOVE A167 160
MOVE A168 160
MOVE A169 160
MOVE A170 160
MOVE A174 160
MOVE A179 138
MOVE A180 138
MOVE A181 138
MOVE A182 138
MOVE A185 160
MOVE A186 160
MOVE A187 160
MOVE A188 160
MOVE A189 160
MOVE A190 160
MOVE A191 160
MOVE A192 160
MOVE A193 160
MOVE A195 160
MOVE A196 160
MOVE A198 160
MOVE A199 160
MOVE A200 160
MOVE A201 160
MOVE A202 160
MOVE A203 160
MOVE A204 160
MOVE A205 160
MOVE A206 160
MOVE A207 160
MOVE A208 160
MOVE A209 160
MOVE A210 160
MOVE A211 160
MOVE A213 160
MOVE A217 160
MOVE A218 160
MOVE A220 160
MOVE A221 160
MOVE A222 160
MOVE A223 160
MOVE A224 160
MOVE A225 160
MOVE A226 160
MOVE A227 160
MOVE A228 160
MOVE A229 160
MOVE A230 160
MOVE A232 160
MOVE A233 160
MOVE A237 160
MOVE A238 160
MOVE A239 160
MOVE A240 160
MOVE A242 124
MOVE A243 124
MOVE A244 124
MOVE A245 124
MOVE A246 124
MOVE A250 100
MOVE A251 100
MOVE A252 100
MOVE A253 89
MOVE A254 89
MOVE A255 89
MOVE B118 200
MOVE B124 199
MOVE B131 200
MOVE B137 199
MOVE B138 200
MOVE B146 194
MOVE B147 194
MOVE B153 194
DAMAGE COMBAT A131 1
DAMAGE COMBAT B142 6
END TURN 293
TURN 294
COMMAND LEFT START
TRAIN 3
COMMAND LEFT END
COMMAND RIGHT START
MOVE B118 185
MOVE B120 185
MOVE B123 185
MOVE B131 160
MOVE B138 185
MOVE B158 185
TRAIN 1
COMMAND RIGHT END
TURN 294 RESULT
TIME LEFT 0 5 RIGHT 0 5
TRAIN A268 A269 A270 B159
MOVE A131 180
MOVE A132 180
MOVE A133 180
MOVE A135 180
MOVE A136 180
MOVE A137 180
MOVE A138 180
MOVE A139 180
MOVE A140 180
MOVE A141 180
MOVE A142 180
MOVE A143 180
MOVE A144 180
MOVE A145 180
MOVE A147 180
MOVE A148 180
MOVE A150 180
MOVE A151 180
MOVE A152 180
MOVE A153 180
MOVE A154 180
MOVE A155 180
MOVE A156 180
MOVE A157 180
MOVE A158 180
MOVE A159 180
MOVE A160 180
MOVE A161 180
MOVE A163 180
MOVE A164 180
MOVE A165 180
MOVE A166 180
MOVE A167 180
MOVE A168 180
MOVE A169 180
MOVE A170 180
MOVE A174 180
MOVE A179 124
MOVE A180 124
MOVE A181 124
MOVE A182 124
MOVE A185 180
MOVE A186 180
MOVE A187 180
MOVE A188 180
MOVE A189 180
MOVE A190 180
MOVE A191 180
MOVE A192 180
MOVE A193 180
MOVE A195 180
MOVE A196 180
MOVE A198 180
MOVE A199 180
MOVE A200 180
MOVE A201 180
MOVE A202 180
MOVE A203 180
MOVE A204 180
MOVE A205 180
MOVE A206 180
MOVE A207 180
MOVE A208 180
MOVE A209 180
MOVE A210 180
MOVE A211 180
MOVE A213 180
MOVE A217 180
MOVE A218 180
MOVE A220 180
MOVE A221 180
MOVE A222 180
MOVE A223 180
MOVE A224 180
MOVE A225 180
MOVE A226 180
MOVE A227 180
MOVE A228 180
MOVE A229 180
MOVE A230 180
MOVE A232 180
MOVE A233 180
MOVE A237 180
MOVE A238 180
MOVE A239 180
MOVE A240 180
MOVE A242 138
MOVE A243 138
MOVE A244 138
MOVE A245 138
MOVE A246 138
MOVE A253 100
MOVE A254 100
MOVE A255 100
MOVE B118 199
MOVE B120 199
MOVE B123 199
MOVE B124 198
MOVE B131 196
MOVE B137 198
MOVE B138 199
MOVE B146 200
MOVE B147 200
MOVE B153 200
MOVE B158 199
END TURN 294
TURN 295
COMMAND LEFT START
TRAIN 3
COMMAND LEFT END
COMMAND RIGHT START
MOVE B139 200
MOVE B140 200
MOVE B155 200
COMMAND RIGHT END
TURN 295 RESULT
TIME LEFT 0 5 RIGHT 0 5
TRAIN A271 A272 A273
MOVE A131 186
MOVE A132 186
MOVE A133 186
MOVE A135 186
MOVE A136 186
MOVE A137 186
MOVE A138 186
MOVE A139 186
MOVE A140 186
MOVE A141 186
MOVE A142 186
MOVE A143 186
MOVE A144 186
MOVE A145 186
MOVE A147 186
MOVE A148 186
MOVE A150 186
MOVE A151 186
MOVE A152 186
MOVE A153 186
MOVE A154 186
MOVE A155 186
MOVE A156 186
MOVE A157 186
MOVE A158 186
MOVE A159 186
MOVE A160 186
MOVE A161 186
MOVE A163 186
MOVE A164 186
MOVE A165 186
MOVE A166 186
MOVE A167 186
MOVE A168 186
MOVE A169 186
MOVE A170 186
MOVE A174 186
MOVE A179 111
MOVE A180 111
MOVE A181 111
MOVE A182 111
MOVE A185 186
MOVE A186 186
MOVE A187 186
MOVE A188 186
MOVE A189 186
MOVE A190 186
MOVE A191 186
MOVE A192 186
MOVE A193 186
MOVE A195 186
MOVE A196 186
MOVE A198 186
MOVE A199 186
MOVE A200 186
MOVE A201 186
MOVE A202 186
MOVE A203 186
MOVE A204 186
MOVE A205 186
MOVE A206 186
MOVE A207 186
MOVE A208 186
MOVE A209 186
MOVE A210 186
MOVE A211 186
MOVE A213 186
MOVE A217 186
MOVE A218 186
MOVE A220 186
MOVE A221 186
MOVE A222 186
MOVE A223 186
MOVE A224 186
MOVE A225 186
MOVE A226 186
MOVE A227 186
MOVE A228 186
MOVE A229 186
MOVE A230 186
MOVE A232 186
MOVE A233 186
MOVE A237 186
MOVE A238 186
MOVE A239 186
MOVE A240 186
MOVE A242 155
MOVE A243 155
MOVE A244 155
MOVE A245 155
MOVE A246 155
MOVE B118 198
MOVE B120 198
MOVE B123 198
MOVE B124 188
MOVE B131 186
MOVE B137 188
MOVE B138 198
MOVE B139 194
MOVE B140 194
MOVE B155 162
MOVE B158 198
DAMAGE COMBAT A131 1
DAMAGE COMBAT B131 2
END TURN 295
TURN 296
COMMAND LEFT START
MOVE A255 187
TRAIN 3
COMMAND LEFT END
COMMAND RIGHT START
TRAIN 1
COMMAND RIGHT END
TURN 296 RESULT
TIME LEFT 1 5 RIGHT 0 5
TRAIN A274 A275 A276 B160
MOVE A131 196
MOVE A132 196
MOVE A133 196
MOVE A135 196
MOVE A136 196
MOVE A137 196
MOVE A138 196
MOVE A139 196
MOVE A140 196
MOVE A141 196
MOVE A142 196
MOVE A143 196
MOVE A144 196
MOVE A145 196
MOVE A147 196
MOVE A148 196
MOVE A150 196
MOVE A151 196
MOVE A152 196
MOVE A153 196
MOVE A154 196
MOVE A155 196
MOVE A156 196
MOVE A157 196
MOVE A158 196
MOVE A159 196
MOVE A160 196
MOVE A161 196
MOVE A163 196
MOVE A164 196
MOVE A165 196
MOVE A166 196
MOVE A167 196
MOVE A168 196
MOVE A169 196
MOVE A170 196
MOVE A174 196
MOVE A179 100
MOVE A180 100
MOVE A181 100
MOVE A182 100
MOVE A185 196
MOVE A186 196
MOVE A187 196
MOVE A188 196
MOVE A189 196
MOVE A190 196
MOVE A191 196
MOVE A192 196
MOVE A193 196
MOVE A195 196
MOVE A196 196
MOVE A198 196
MOVE A199 196
MOVE A200 196
MOVE A201 196
MOVE A202 196
MOVE A203 196
MOVE A204 196
MOVE A205 196
MOVE A206 196
MOVE A207 196
MOVE A208 196
MOVE A209 196
MOVE A210 196
MOVE A211 196
MOVE A213 196
MOVE A217 196
MOVE A218 196
MOVE A220 196
MOVE A221 196
MOVE A222 196
MOVE A223 196
MOVE A224 196
MOVE A225 196
MOVE A226 196
MOVE A227 196
MOVE A228 196
MOVE A229 196
MOVE A230 196
MOVE A232 196
MOVE A233 196
MOVE A237 196
MOVE A238 196
MOVE A239 196
MOVE A240 196
MOVE A242 171
MOVE A243 171
MOVE A244 171
MOVE A245 171
MOVE A246 171
MOVE A255 111
MOVE B118 188
MOVE B120 188
MOVE B123 188
MOVE B124 185
MOVE B137 185
MOVE B138 188
MOVE B139 200
MOVE B140 200
MOVE B155 183
MOVE B158 188
END TURN 296
TURN 297
COMMAND LEFT START
TRAIN 3
COMMAND LEFT END
COMMAND RIGHT START
MOVE B124 200
MOVE B137 200
COMMAND RIGHT END
TURN 297 RESULT
TIME LEFT 1 5 RIGHT 0 5
TRAIN A277 A278 A279
MOVE A131 200
MOVE A132 200
MOVE A133 200
MOVE A135 200
MOVE A136 200
MOVE A137 200
MOVE A138 200
MOVE A139 200
MOVE A140 200
MOVE A141 200
MOVE A142 200
MOVE A143 200
MOVE A144 200
MOVE A145 200
MOVE A147 200
MOVE A148 200
MOVE A150 200
MOVE A151 200
MOVE A152 200
MOVE A153 200
MOVE A154 200
MOVE A155 200
MOVE A156 200
MOVE A157 200
MOVE A158 200
MOVE A159 200
MOVE A160 200
MOVE A161 200
MOVE A163 200
MOVE A164 200
MOVE A165 200
MOVE A166 200
MOVE A167 200
MOVE A168 200
MOVE A169 200
MOVE A170 200
MOVE A174 200
MOVE A185 200
MOVE A186 200
MOVE A187 200
MOVE A188 200
MOVE A189 200
MOVE A190 200
MOVE A191 200
MOVE A192 200
MOVE A193 200
MOVE A195 200
MOVE A196 200
MOVE A198 200
MOVE A199 200
MOVE A200 200
MOVE A201 200
MOVE A202 200
MOVE A203 200
MOVE A204 200
MOVE A205 200
MOVE A206 200
MOVE A207 200
MOVE A208 200
MOVE A209 200
MOVE A210 200
MOVE A211 200
MOVE A213 200
MOVE A217 200
MOVE A218 200
MOVE A220 200
MOVE A221 200
MOVE A222 200
MOVE A223 200
MOVE A224 200
MOVE A225 200
MOVE A226 200
MOVE A227 200
MOVE A228 200
MOVE A229 200
MOVE A230 200
MOVE A232 200
MOVE A233 200
MOVE A237 200
MOVE A238 200
MOVE A239 200
MOVE A240 200
MOVE A242 185
MOVE A243 185
MOVE A244 185
MOVE A245 185
MOVE A246 185
MOVE A255 129
MOVE B118 185
MOVE B120 185
MOVE B123 185
MOVE B124 188
MOVE B137 188
MOVE B138 185
MOVE B155 193
MOVE B158 185
DAMAGE TURRET A131 2
DAMAGE TURRET A242 1
DAMAGE COMBAT A131 4
DAMAGE COMBAT A132 6
DAMAGE COMBAT A242 6
DAMAGE COMBAT B1 3
DAMAGE COMBAT B78 4
DAMAGE COMBAT B118 5
DAMAGE COMBAT B133 6
DAMAGE COMBAT B139 6
DAMAGE COMBAT B140 6
DAMAGE COMBAT B146 6
DAMAGE COMBAT B147 6
DAMAGE COMBAT B153 6
DAMAGE COMBAT B159 6
DAMAGE COMBAT B160 6
SIEGE B 200 20
END TURN 297
RESULT LEFT_WIN HQ_DESTROYED
