[LEFT ""]
[RIGHT ""]
MAP
219 15
-10648 -10530 -10503 -10084 -9231 -9686 -8472 -8299 -8812 -8889 -9262 -8100 -8009 -7807 -7663 -7283 -8221 -7097 -7088 -7164 -6951 -6919 -6890 -6918 -7185 -6536 -6723 -7734 -6391 -6206 -6230 -5851 -5729 -5875 -6265 -5740 -5776 -6325 -5369 -5554 -5176 -5884 -5335 -5105 -5056 -5343 -4786 -4577 -4691 -4611 -4549 -4483 -4356 -4361 -4081 -3942 -4119 -3957 -3858 -3942 -3764 -3660 -3586 -3514 -3433 -3311 -3224 -3140 -3035 -3397 -3106 -3134 -2756 -2859 -2732 -2589 -2577 -2501 -2291 -2279 -2172 -2196 -2014 -1868 -2100 -2089 -1805 -1688 -1825 -1612 -1597 -1135 -1234 -1147 -928 -1065 -1104 -899 -773 -856 -927 -616 -594 -644 -428 -188 -66 -84 -113 0 113 84 66 188 428 644 594 616 927 856 773 899 1104 1065 928 1147 1234 1135 1597 1612 1825 1688 1805 2089 2100 1868 2014 2196 2172 2279 2291 2501 2577 2589 2732 2859 2756 3134 3106 3397 3035 3140 3224 3311 3433 3514 3586 3660 3764 3942 3858 3957 4119 3942 4081 4361 4356 4483 4549 4611 4691 4577 4786 5343 5056 5105 5335 5884 5176 5554 5369 6325 5776 5740 6265 5875 5729 5851 6230 6206 6391 7734 6723 6536 7185 6918 6890 6919 6951 7164 7088 7097 8221 7283 7663 7807 8009 8100 9262 8889 8812 8299 8472 9686 9231 10084 10503 10530 10648
-3104 2972 432 -1086 1599 -4634 -2299 3171 4257 -5781 5615 1218 -1189 167 2087 -3445 7613 1003 2946 -894 3826 -2438 4810 -4722 -6010 1974 5928 -7734 -66 -1585 6932 754 -6457 -4351 8167 5102 3156 -8516 6188 -3261 1798 9421 -5347 4333 -955 -9875 526 -7050 -2317 -4530 3091 -3502 -5980 6101 -241 4644 10245 -8300 -4997 7652 1021 -3660 2125 -1931 3294 6256 -7291 -936 28 -9743 5284 -5799 -4667 7151 -3448 935 3531 4547 -2389 10456 -6041 2194 5842 -7241 8161 -10543 7124 4037 -1015 360 -3787 9812 -4824 2377 -5953 -2446 -8923 6852 1092 3718 5161 -1116 7859 -7847 -3561 6233 4551 -10624 2500 0 -2500 10624 -4551 -6233 3561 7847 -7859 1116 -5161 -3718 -1092 -6852 8923 2446 5953 -2377 4824 -9812 3787 -360 1015 -4037 -7124 10543 -8161 7241 -5842 -2194 6041 -10456 2389 -4547 -3531 -935 3448 -7151 4667 5799 -5284 9743 -28 936 7291 -6256 -3294 1931 -2125 3660 -1021 -7652 4997 8300 -10245 -4644 241 -6101 5980 3502 -3091 4530 2317 7050 -526 9875 955 -4333 5347 -9421 -1798 3261 -6188 8516 -3156 -5102 -8167 4351 6457 -754 -6932 1585 66 7734 -5928 -1974 6010 4722 -4810 2438 -3826 894 -2946 -1003 -7613 3445 -2087 -167 1189 -1218 -5615 5781 -4257 -3171 2299 4634 -1599 1086 -432 -2972 3104
STRONGHOLDS 47 55 60 61 80 100 107 109 111 118 138 157 158 163 171
3 3 5 6
5 2 4 7 8 10
4 1 3 4 13
5 0 2 6 12 13
6 1 2 7 11 13 14
5 0 6 9 15 23
6 0 3 5 12 15 21
6 1 4 8 14 18 20
5 1 7 10 20 22
4 5 23 24 27
5 1 8 16 22 26
4 4 13 14 17
5 3 6 13 19 21
8 2 3 4 11 12 17 19 28
6 4 7 11 17 18 25
6 5 6 21 23 33 39
5 10 26 30 34 41
6 11 13 14 25 28 31
5 7 14 20 25 36
5 12 13 21 28 29
7 7 8 18 22 35 36 43
6 6 12 15 19 29 39
5 8 10 20 26 35
6 5 9 15 24 33 42
5 9 23 27 32 42
6 14 17 18 31 36 40
6 10 16 22 30 35 38
4 9 24 32 37
7 13 17 19 29 31 44 46
6 19 21 28 39 44 48
5 16 26 34 38 59
5 17 25 28 40 46
6 24 27 37 42 47 52
5 15 23 39 42 49
4 16 30 41 59
6 20 22 26 38 43 53
6 18 20 25 40 43 50
5 27 32 45 47 57
5 26 30 35 53 59
7 15 21 29 33 48 49 51
7 25 31 36 46 50 60 62
4 16 34 56 59
6 23 24 32 33 49 52
6 20 35 36 50 53 55
6 28 29 46 48 54 63
3 37 57 69
6 28 31 40 44 54 60
5 32 37 52 57 66
6 29 39 44 51 61 63
7 33 39 42 51 52 58 61
6 36 40 43 55 62 64
4 39 48 49 61
7 32 42 47 49 58 66 71
7 35 38 43 55 59 65 70
6 44 46 60 63 67 68
6 43 50 53 64 70 77
4 41 59 79 84
6 37 45 47 66 69 96
5 49 52 61 71 72
9 30 34 38 41 53 56 65 73 84
6 40 46 54 62 68 75
7 48 49 51 58 63 72 74
6 40 50 60 64 75 81
7 44 48 54 61 67 74 78
6 50 55 62 76 77 81
5 53 59 70 73 82
7 47 52 57 71 80 83 96
5 54 63 68 78 88
6 54 60 67 75 88 89
4 45 57 85 96
5 53 55 65 77 82
5 52 58 66 72 80
7 58 61 71 74 80 90 92
5 59 65 82 84 86
5 61 63 72 78 90
6 60 62 68 81 89 98
5 64 77 81 87 93
7 55 64 70 76 82 87 100
6 63 67 74 88 90 95
4 56 84 91 111
6 66 71 72 83 92 94
6 62 64 75 76 93 98
7 65 70 73 77 86 97 100
5 66 80 94 96 103
7 56 59 73 79 86 91 102
3 69 96 107
5 73 82 84 97 102
5 76 77 93 99 100
6 67 68 78 89 95 101
6 68 75 88 98 101 109
6 72 74 78 92 95 104
5 79 84 102 111 122
6 72 80 90 94 104 112
6 76 81 87 98 99 108
6 80 83 92 103 112 113
6 78 88 90 101 104 110
9 57 66 69 83 85 103 107 116 127
5 82 86 100 102 105
7 75 81 89 93 108 109 117
6 87 93 100 106 108 114
7 77 82 87 97 99 105 106
6 88 89 95 109 110 120
7 84 86 91 97 105 115 122
5 83 94 96 113 116
6 90 92 95 110 112 119
6 97 100 102 106 115 124
6 99 100 105 114 124 126
4 85 96 127 139
6 93 98 99 114 117 123
6 89 98 101 117 120 129
6 95 101 104 119 120 125
4 79 91 122 133
6 92 94 104 113 118 119
6 94 103 112 116 118 121
6 99 106 108 123 126 128
5 102 105 122 124 135
7 96 103 113 121 127 132 134
6 98 108 109 123 129 130
7 112 113 119 121 131 136 141
6 104 110 112 118 125 131
7 101 109 110 125 129 137 143
5 113 116 118 132 136
9 91 102 111 115 133 135 149 152 161
6 108 114 117 128 130 140
6 105 106 115 126 135 138
6 110 119 120 131 137 142
6 106 114 124 128 138 146
5 96 107 116 134 139
6 114 123 126 140 144 146
6 109 117 120 130 143 150
6 117 123 129 140 150 151
5 118 119 125 141 142
5 116 121 134 136 145
3 111 122 149
7 116 127 132 139 145 159 162
5 115 122 124 138 152
7 118 121 132 141 145 148 153
6 120 125 142 143 154 156
6 124 126 135 146 147 152
4 107 127 134 162
6 123 128 130 144 151 155
7 118 131 136 142 148 154 163
5 125 131 137 141 154
6 120 129 137 150 156 158
5 128 140 146 155 157
5 132 134 136 153 159
7 126 128 138 144 147 157 160
5 138 146 152 160 166
5 136 141 153 163 165
4 122 133 161 173
6 129 130 143 151 158 164
5 130 140 150 155 164
7 122 135 138 147 161 166 171
5 136 145 148 159 165
6 137 141 142 156 163 168
7 140 144 151 157 164 170 174
6 137 143 154 158 168 178
7 144 146 155 160 167 169 170
6 143 150 156 164 172 178
9 134 145 153 162 165 177 180 184 188
5 146 147 157 166 169
6 122 149 152 171 173 181
4 134 139 159 177
6 141 148 154 165 168 175
6 150 151 155 158 172 174
7 148 153 159 163 175 180 183
7 147 152 160 169 171 176 186
4 157 169 170 179
6 154 156 163 175 178 182
7 157 160 166 167 176 179 185
6 155 157 167 174 179 189
5 152 161 166 181 186
6 158 164 174 178 187 190
3 149 161 181
6 155 164 170 172 189 190
6 163 165 168 182 183 198
6 166 169 185 186 194 195
4 159 162 184 202
7 156 158 168 172 182 187 193
7 167 169 170 185 189 197 203
5 159 165 183 188 192
5 161 171 173 186 191
6 168 175 178 193 198 200
6 165 175 180 192 196 198
4 159 177 188 202
5 169 176 179 195 203
6 166 171 176 181 191 194
5 172 178 190 193 201
5 159 180 184 192 202
6 170 174 179 190 197 199
7 172 174 187 189 199 201 205
4 181 186 194 209
6 180 183 188 196 202 208
6 178 182 187 200 201 204
5 176 186 191 195 209
6 176 185 194 203 209 213
5 183 192 198 208 210
6 179 189 199 203 206 212
7 175 182 183 196 200 210 211
5 189 190 197 205 206
5 182 193 198 204 211
6 187 190 193 204 205 207
5 177 184 188 192 208
6 179 185 195 197 212 213
6 193 200 201 207 211 214
8 190 199 201 206 207 214 215 216
5 197 199 205 212 215
4 201 204 205 214
5 192 196 202 210 217
4 191 194 195 213
5 196 198 208 211 217
6 198 200 204 210 214 217
6 197 203 206 213 215 218
5 195 203 209 212 218
6 204 205 207 211 216 217
5 205 206 212 216 218
4 205 214 215 217
5 208 210 211 214 216
3 212 213 215
END MAP
TURN 1
COMMAND LEFT START
MOVE A1 61
MOVE A2 60
TRAIN 1
COMMAND LEFT END
COMMAND RIGHT START
MOVE B1 157
TRAIN 1
COMMAND RIGHT END
TURN 1 RESULT
TIME LEFT 48 5 RIGHT 0 5
TRAIN A4 B4
MOVE A1 6
MOVE A2 6
MOVE B1 212
END TURN 1
TURN 2
COMMAND LEFT START
TRAIN 1
COMMAND LEFT END
COMMAND RIGHT START
MOVE B4 166
COMMAND RIGHT END
TURN 2 RESULT
TIME LEFT 0 5 RIGHT 0 5
TRAIN A5
MOVE A1 21
MOVE A2 12
MOVE B1 197
MOVE B4 213
END TURN 2
TURN 3
COMMAND LEFT START
TRAIN 1
COMMAND LEFT END
COMMAND RIGHT START
COMMAND RIGHT END
TURN 3 RESULT
TIME LEFT 0 5 RIGHT 0 5
TRAIN A6
MOVE A1 39
MOVE A2 19
MOVE B1 179
MOVE B4 195
END TURN 3
TURN 4
COMMAND LEFT START
COMMAND LEFT END
COMMAND RIGHT START
COMMAND RIGHT END
TURN 4 RESULT
TIME LEFT 0 5 RIGHT 0 5
MOVE A1 51
MOVE A2 28
MOVE B1 167
MOVE B4 176
END TURN 4
TURN 5
COMMAND LEFT START
COMMAND LEFT END
COMMAND RIGHT START
COMMAND RIGHT END
TURN 5 RESULT
TIME LEFT 0 5 RIGHT 0 5
MOVE A1 61
MOVE A2 46
MOVE B1 157
MOVE B4 166
END TURN 5
TURN 6
COMMAND LEFT START
COMMAND LEFT END
COMMAND RIGHT START
MOVE B4 2
UPGRADE 157
COMMAND RIGHT END
TURN 6 RESULT
TIME LEFT 0 5 RIGHT 0 5
UPGRADE B 157
MOVE A2 60
MOVE B4 160
END TURN 6
TURN 7
COMMAND LEFT START
COMMAND LEFT END
COMMAND RIGHT START
COMMAND RIGHT END
TURN 7 RESULT
TIME LEFT 0 5 RIGHT 0 5
MOVE B4 146
END TURN 7
TURN 8
COMMAND LEFT START
COMMAND LEFT END
COMMAND RIGHT START
COMMAND RIGHT END
TURN 8 RESULT
TIME LEFT 0 5 RIGHT 0 5
MOVE B4 128
END TURN 8
TURN 9
COMMAND LEFT START
COMMAND LEFT END
COMMAND RIGHT START
COMMAND RIGHT END
TURN 9 RESULT
TIME LEFT 0 5 RIGHT 0 5
MOVE B4 114
END TURN 9
TURN 10
COMMAND LEFT START
COMMAND LEFT END
COMMAND RIGHT START
COMMAND RIGHT END
TURN 10 RESULT
TIME LEFT 0 5 RIGHT 0 5
MOVE B4 108
END TURN 10
TURN 11
COMMAND LEFT START
COMMAND LEFT END
COMMAND RIGHT START
COMMAND RIGHT END
TURN 11 RESULT
TIME LEFT 0 5 RIGHT 0 5
MOVE B4 93
END TURN 11
TURN 12
COMMAND LEFT START
COMMAND LEFT END
COMMAND RIGHT START
COMMAND RIGHT END
TURN 12 RESULT
TIME LEFT 0 5 RIGHT 0 5
MOVE B4 81
END TURN 12
TURN 13
COMMAND LEFT START
COMMAND LEFT END
COMMAND RIGHT START
COMMAND RIGHT END
TURN 13 RESULT
TIME LEFT 0 5 RIGHT 0 5
MOVE B4 62
END TURN 13
TURN 14
COMMAND LEFT START
COMMAND LEFT END
COMMAND RIGHT START
COMMAND RIGHT END
TURN 14 RESULT
TIME LEFT 0 5 RIGHT 0 5
MOVE B4 40
END TURN 14
TURN 15
COMMAND LEFT START
COMMAND LEFT END
COMMAND RIGHT START
COMMAND RIGHT END
TURN 15 RESULT
TIME LEFT 0 5 RIGHT 0 5
MOVE B4 25
END TURN 15
TURN 16
COMMAND LEFT START
COMMAND LEFT END
COMMAND RIGHT START
COMMAND RIGHT END
TURN 16 RESULT
TIME LEFT 0 5 RIGHT 0 5
MOVE B4 14
END TURN 16
TURN 17
COMMAND LEFT START
COMMAND LEFT END
COMMAND RIGHT START
MOVE B2 171
COMMAND RIGHT END
TURN 17 RESULT
TIME LEFT 0 5 RIGHT 0 5
MOVE B2 213
MOVE B4 4
END TURN 17
TURN 18
COMMAND LEFT START
COMMAND LEFT END
COMMAND RIGHT START
COMMAND RIGHT END
TURN 18 RESULT
TIME LEFT 0 5 RIGHT 0 5
MOVE B2 209
MOVE B4 2
END TURN 18
TURN 19
COMMAND LEFT START
COMMAND LEFT END
COMMAND RIGHT START
COMMAND RIGHT END
TURN 19 RESULT
TIME LEFT 0 5 RIGHT 0 5
MOVE B2 194
END TURN 19
TURN 20
COMMAND LEFT START
COMMAND LEFT END
COMMAND RIGHT START
COMMAND RIGHT END
TURN 20 RESULT
TIME LEFT 0 5 RIGHT 0 5
MOVE B2 186
END TURN 20
TURN 21
COMMAND LEFT START
COMMAND LEFT END
COMMAND RIGHT START
COMMAND RIGHT END
TURN 21 RESULT
TIME LEFT 0 5 RIGHT 0 5
MOVE B2 171
END TURN 21
TURN 22
COMMAND LEFT START
COMMAND LEFT END
COMMAND RIGHT START
COMMAND RIGHT END
TURN 22 RESULT
TIME LEFT 0 5 RIGHT 0 5
END TURN 22
TURN 23
COMMAND LEFT START
COMMAND LEFT END
COMMAND RIGHT START
COMMAND RIGHT END
TURN 23 RESULT
TIME LEFT 0 5 RIGHT 0 5
END TURN 23
TURN 24
COMMAND LEFT START
COMMAND LEFT END
COMMAND RIGHT START
UPGRADE 171
COMMAND RIGHT END
TURN 24 RESULT
TIME LEFT 0 5 RIGHT 0 5
UPGRADE B 171
END TURN 24
TURN 25
COMMAND LEFT START
COMMAND LEFT END
COMMAND RIGHT START
COMMAND RIGHT END
TURN 25 RESULT
TIME LEFT 0 5 RIGHT 0 5
END TURN 25
TURN 26
COMMAND LEFT START
COMMAND LEFT END
COMMAND RIGHT START
COMMAND RIGHT END
TURN 26 RESULT
TIME LEFT 0 5 RIGHT 0 5
END TURN 26
TURN 27
COMMAND LEFT START
COMMAND LEFT END
COMMAND RIGHT START
COMMAND RIGHT END
TURN 27 RESULT
TIME LEFT 0 5 RIGHT 0 5
END TURN 27
TURN 28
COMMAND LEFT START
COMMAND LEFT END
COMMAND RIGHT START
COMMAND RIGHT END
TURN 28 RESULT
TIME LEFT 0 5 RIGHT 0 5
END TURN 28
TURN 29
COMMAND LEFT START
COMMAND LEFT END
COMMAND RIGHT START
COMMAND RIGHT END
TURN 29 RESULT
TIME LEFT 0 5 RIGHT 0 5
END TURN 29
TURN 30
COMMAND LEFT START
COMMAND LEFT END
COMMAND RIGHT START
COMMAND RIGHT END
TURN 30 RESULT
TIME LEFT 0 5 RIGHT 0 5
END TURN 30
TURN 31
COMMAND LEFT START
COMMAND LEFT END
COMMAND RIGHT START
TRAIN 1
COMMAND RIGHT END
TURN 31 RESULT
TIME LEFT 0 5 RIGHT 0 5
TRAIN B5
END TURN 31
TURN 32
COMMAND LEFT START
COMMAND LEFT END
COMMAND RIGHT START
COMMAND RIGHT END
TURN 32 RESULT
TIME LEFT 0 5 RIGHT 0 5
END TURN 32
TURN 33
COMMAND LEFT START
COMMAND LEFT END
COMMAND RIGHT START
COMMAND RIGHT END
TURN 33 RESULT
TIME LEFT 0 5 RIGHT 0 5
END TURN 33
TURN 34
COMMAND LEFT START
COMMAND LEFT END
COMMAND RIGHT START
COMMAND RIGHT END
TURN 34 RESULT
TIME LEFT 0 5 RIGHT 0 5
END TURN 34
TURN 35
COMMAND LEFT START
COMMAND LEFT END
COMMAND RIGHT START
MOVE B3 138
COMMAND RIGHT END
TURN 35 RESULT
TIME LEFT 0 5 RIGHT 0 5
MOVE B3 213
END TURN 35
TURN 36
COMMAND LEFT START
COMMAND LEFT END
COMMAND RIGHT START
COMMAND RIGHT END
TURN 36 RESULT
TIME LEFT 0 5 RIGHT 0 5
MOVE B3 195
END TURN 36
TURN 37
COMMAND LEFT START
COMMAND LEFT END
COMMAND RIGHT START
COMMAND RIGHT END
TURN 37 RESULT
TIME LEFT 0 5 RIGHT 0 5
MOVE B3 176
END TURN 37
TURN 38
COMMAND LEFT START
COMMAND LEFT END
COMMAND RIGHT START
COMMAND RIGHT END
TURN 38 RESULT
TIME LEFT 0 5 RIGHT 0 5
MOVE B3 166
END TURN 38
TURN 39
COMMAND LEFT START
COMMAND LEFT END
COMMAND RIGHT START
COMMAND RIGHT END
TURN 39 RESULT
TIME LEFT 0 5 RIGHT 0 5
MOVE B3 147
END TURN 39
TURN 40
COMMAND LEFT START
COMMAND LEFT END
COMMAND RIGHT START
COMMAND RIGHT END
TURN 40 RESULT
TIME LEFT 0 5 RIGHT 0 5
MOVE B3 138
END TURN 40
TURN 41
COMMAND LEFT START
COMMAND LEFT END
COMMAND RIGHT START
UPGRADE 138
COMMAND RIGHT END
TURN 41 RESULT
TIME LEFT 0 5 RIGHT 0 5
UPGRADE B 138
END TURN 41
TURN 42
COMMAND LEFT START
COMMAND LEFT END
COMMAND RIGHT START
COMMAND RIGHT END
TURN 42 RESULT
TIME LEFT 0 5 RIGHT 0 5
END TURN 42
TURN 43
COMMAND LEFT START
UPGRADE 61
COMMAND LEFT END
COMMAND RIGHT START
COMMAND RIGHT END
TURN 43 RESULT
TIME LEFT 0 5 RIGHT 0 5
UPGRADE A 61
END TURN 43
TURN 44
COMMAND LEFT START
COMMAND LEFT END
COMMAND RIGHT START
COMMAND RIGHT END
TURN 44 RESULT
TIME LEFT 0 5 RIGHT 0 5
END TURN 44
TURN 45
COMMAND LEFT START
COMMAND LEFT END
COMMAND RIGHT START
TRAIN 1
COMMAND RIGHT END
TURN 45 RESULT
TIME LEFT 0 5 RIGHT 0 5
TRAIN B6
END TURN 45
TURN 46
COMMAND LEFT START
COMMAND LEFT END
COMMAND RIGHT START
COMMAND RIGHT END
TURN 46 RESULT
TIME LEFT 0 5 RIGHT 0 5
END TURN 46
TURN 47
COMMAND LEFT START
COMMAND LEFT END
COMMAND RIGHT START
COMMAND RIGHT END
TURN 47 RESULT
TIME LEFT 0 5 RIGHT 0 5
END TURN 47
TURN 48
COMMAND LEFT START
COMMAND LEFT END
COMMAND RIGHT START
MOVE B5 158
COMMAND RIGHT END
TURN 48 RESULT
TIME LEFT 0 5 RIGHT 0 5
MOVE B5 212
END TURN 48
TURN 49
COMMAND LEFT START
COMMAND LEFT END
COMMAND RIGHT START
COMMAND RIGHT END
TURN 49 RESULT
TIME LEFT 0 5 RIGHT 0 5
MOVE B5 206
END TURN 49
TURN 50
COMMAND LEFT START
COMMAND LEFT END
COMMAND RIGHT START
COMMAND RIGHT END
TURN 50 RESULT
TIME LEFT 0 5 RIGHT 0 5
MOVE B5 199
END TURN 50
TURN 51
COMMAND LEFT START
COMMAND LEFT END
COMMAND RIGHT START
COMMAND RIGHT END
TURN 51 RESULT
TIME LEFT 0 5 RIGHT 0 5
MOVE B5 190
END TURN 51
TURN 52
COMMAND LEFT START
COMMAND LEFT END
COMMAND RIGHT START
COMMAND RIGHT END
TURN 52 RESULT
TIME LEFT 0 5 RIGHT 0 5
MOVE B5 172
END TURN 52
TURN 53
COMMAND LEFT START
COMMAND LEFT END
COMMAND RIGHT START
COMMAND RIGHT END
TURN 53 RESULT
TIME LEFT 0 5 RIGHT 0 5
MOVE B5 158
END TURN 53
TURN 54
COMMAND LEFT START
COMMAND LEFT END
COMMAND RIGHT START
UPGRADE 158
COMMAND RIGHT END
TURN 54 RESULT
TIME LEFT 0 5 RIGHT 0 5
UPGRADE B 158
END TURN 54
TURN 55
COMMAND LEFT START
COMMAND LEFT END
COMMAND RIGHT START
COMMAND RIGHT END
TURN 55 RESULT
TIME LEFT 0 5 RIGHT 0 5
END TURN 55
TURN 56
COMMAND LEFT START
COMMAND LEFT END
COMMAND RIGHT START
TRAIN 1
COMMAND RIGHT END
TURN 56 RESULT
TIME LEFT 0 5 RIGHT 0 5
TRAIN B7
END TURN 56
TURN 57
COMMAND LEFT START
COMMAND LEFT END
COMMAND RIGHT START
COMMAND RIGHT END
TURN 57 RESULT
TIME LEFT 0 5 RIGHT 0 5
END TURN 57
TURN 58
COMMAND LEFT START
COMMAND LEFT END
COMMAND RIGHT START
COMMAND RIGHT END
TURN 58 RESULT
TIME LEFT 0 5 RIGHT 0 5
END TURN 58
TURN 59
COMMAND LEFT START
COMMAND LEFT END
COMMAND RIGHT START
MOVE B6 163
COMMAND RIGHT END
TURN 59 RESULT
TIME LEFT 0 5 RIGHT 0 5
MOVE B6 215
END TURN 59
TURN 60
COMMAND LEFT START
COMMAND LEFT END
COMMAND RIGHT START
COMMAND RIGHT END
TURN 60 RESULT
TIME LEFT 0 5 RIGHT 0 5
MOVE B6 205
END TURN 60
TURN 61
COMMAND LEFT START
COMMAND LEFT END
COMMAND RIGHT START
COMMAND RIGHT END
TURN 61 RESULT
TIME LEFT 0 5 RIGHT 0 5
MOVE B6 201
END TURN 61
TURN 62
COMMAND LEFT START
COMMAND LEFT END
COMMAND RIGHT START
COMMAND RIGHT END
TURN 62 RESULT
TIME LEFT 0 5 RIGHT 0 5
MOVE B6 193
END TURN 62
TURN 63
COMMAND LEFT START
COMMAND LEFT END
COMMAND RIGHT START
COMMAND RIGHT END
TURN 63 RESULT
TIME LEFT 0 5 RIGHT 0 5
MOVE B6 182
END TURN 63
TURN 64
COMMAND LEFT START
COMMAND LEFT END
COMMAND RIGHT START
COMMAND RIGHT END
TURN 64 RESULT
TIME LEFT 0 5 RIGHT 0 5
MOVE B6 175
END TURN 64
TURN 65
COMMAND LEFT START
COMMAND LEFT END
COMMAND RIGHT START
COMMAND RIGHT END
TURN 65 RESULT
TIME LEFT 0 5 RIGHT 0 5
MOVE B6 163
END TURN 65
TURN 66
COMMAND LEFT START
COMMAND LEFT END
COMMAND RIGHT START
UPGRADE 163
COMMAND RIGHT END
TURN 66 RESULT
TIME LEFT 0 5 RIGHT 0 5
UPGRADE B 163
END TURN 66
TURN 67
COMMAND LEFT START
COMMAND LEFT END
COMMAND RIGHT START
TRAIN 1
COMMAND RIGHT END
TURN 67 RESULT
TIME LEFT 0 5 RIGHT 0 5
TRAIN B8
END TURN 67
TURN 68
COMMAND LEFT START
COMMAND LEFT END
COMMAND RIGHT START
MOVE B7 109
COMMAND RIGHT END
TURN 68 RESULT
TIME LEFT 0 5 RIGHT 0 5
MOVE B7 212
END TURN 68
TURN 69
COMMAND LEFT START
COMMAND LEFT END
COMMAND RIGHT START
COMMAND RIGHT END
TURN 69 RESULT
TIME LEFT 0 5 RIGHT 0 5
MOVE B7 197
END TURN 69
TURN 70
COMMAND LEFT START
COMMAND LEFT END
COMMAND RIGHT START
COMMAND RIGHT END
TURN 70 RESULT
TIME LEFT 0 5 RIGHT 0 5
MOVE B7 189
END TURN 70
TURN 71
COMMAND LEFT START
UPGRADE 60
COMMAND LEFT END
COMMAND RIGHT START
COMMAND RIGHT END
TURN 71 RESULT
TIME LEFT 0 5 RIGHT 0 5
UPGRADE A 60
MOVE B7 174
END TURN 71
TURN 72
COMMAND LEFT START
MOVE A4 109
MOVE A5 109
MOVE A6 109
COMMAND LEFT END
COMMAND RIGHT START
COMMAND RIGHT END
TURN 72 RESULT
TIME LEFT 0 5 RIGHT 0 5
MOVE A4 6
MOVE A5 6
MOVE A6 6
MOVE B7 164
END TURN 72
TURN 73
COMMAND LEFT START
COMMAND LEFT END
COMMAND RIGHT START
COMMAND RIGHT END
TURN 73 RESULT
TIME LEFT 0 5 RIGHT 0 5
MOVE A4 21
MOVE A5 21
MOVE A6 21
MOVE B7 150
END TURN 73
TURN 74
COMMAND LEFT START
COMMAND LEFT END
COMMAND RIGHT START
COMMAND RIGHT END
TURN 74 RESULT
TIME LEFT 0 5 RIGHT 0 5
MOVE A4 29
MOVE A5 29
MOVE A6 29
MOVE B7 129
END TURN 74
TURN 75
COMMAND LEFT START
COMMAND LEFT END
COMMAND RIGHT START
TRAIN 1
COMMAND RIGHT END
TURN 75 RESULT
TIME LEFT 0 5 RIGHT 0 5
TRAIN B9
MOVE A4 44
MOVE A5 44
MOVE A6 44
MOVE B7 109
END TURN 75
TURN 76
COMMAND LEFT START
COMMAND LEFT END
COMMAND RIGHT START
MOVE B8 109
UPGRADE 109
COMMAND RIGHT END
TURN 76 RESULT
TIME LEFT 0 5 RIGHT 0 5
UPGRADE B 109
MOVE A4 54
MOVE A5 54
MOVE A6 54
MOVE B8 212
END TURN 76
TURN 77
COMMAND LEFT START
COMMAND LEFT END
COMMAND RIGHT START
TRAIN 1
COMMAND RIGHT END
TURN 77 RESULT
TIME LEFT 0 5 RIGHT 0 5
TRAIN B10
MOVE A4 68
MOVE A5 68
MOVE A6 68
MOVE B8 197
END TURN 77
TURN 78
COMMAND LEFT START
COMMAND LEFT END
COMMAND RIGHT START
MOVE B9 111
COMMAND RIGHT END
TURN 78 RESULT
TIME LEFT 0 5 RIGHT 0 5
MOVE A4 89
MOVE A5 89
MOVE A6 89
MOVE B8 189
MOVE B9 213
END TURN 78
TURN 79
COMMAND LEFT START
COMMAND LEFT END
COMMAND RIGHT START
MOVE B7 218
COMMAND RIGHT END
TURN 79 RESULT
TIME LEFT 0 5 RIGHT 0 5
MOVE A4 109
MOVE A5 109
MOVE A6 109
MOVE B7 129
MOVE B8 174
MOVE B9 209
DAMAGE TURRET A4 1
SIEGE B 109 3
END TURN 79
TURN 80
COMMAND LEFT START
MOVE A4 0
MOVE A5 0
COMMAND LEFT END
COMMAND RIGHT START
COMMAND RIGHT END
TURN 80 RESULT
TIME LEFT 0 5 RIGHT 0 5
MOVE A4 89
MOVE A5 89
MOVE B7 150
MOVE B8 164
MOVE B9 194
DAMAGE TURRET A6 1
SIEGE B 109 1
END TURN 80
TURN 81
COMMAND LEFT START
MOVE A6 0
COMMAND LEFT END
COMMAND RIGHT START
COMMAND RIGHT END
TURN 81 RESULT
TIME LEFT 0 5 RIGHT 0 5
MOVE A4 68
MOVE A5 68
MOVE A6 89
MOVE B7 164
MOVE B8 150
MOVE B9 186
END TURN 81
TURN 82
COMMAND LEFT START
COMMAND LEFT END
COMMAND RIGHT START
COMMAND RIGHT END
TURN 82 RESULT
TIME LEFT 0 5 RIGHT 0 5
MOVE A4 54
MOVE A5 54
MOVE A6 68
MOVE B7 174
MOVE B8 129
MOVE B9 171
END TURN 82
TURN 83
COMMAND LEFT START
COMMAND LEFT END
COMMAND RIGHT START
COMMAND RIGHT END
TURN 83 RESULT
TIME LEFT 0 5 RIGHT 0 5
MOVE A4 44
MOVE A5 44
MOVE A6 54
MOVE B7 189
MOVE B8 109
MOVE B9 152
END TURN 83
TURN 84
COMMAND LEFT START
COMMAND LEFT END
COMMAND RIGHT START
COMMAND RIGHT END
TURN 84 RESULT
TIME LEFT 0 5 RIGHT 0 5
MOVE A4 29
MOVE A5 29
MOVE A6 44
MOVE B7 197
MOVE B9 122
END TURN 84
TURN 85
COMMAND LEFT START
COMMAND LEFT END
COMMAND RIGHT START
TRAIN 1
COMMAND RIGHT END
TURN 85 RESULT
TIME LEFT 0 5 RIGHT 0 5
TRAIN B11
MOVE A4 21
MOVE A5 21
MOVE A6 29
MOVE B7 212
MOVE B9 111
END TURN 85
TURN 86
COMMAND LEFT START
COMMAND LEFT END
COMMAND RIGHT START
MOVE B10 111
UPGRADE 111
COMMAND RIGHT END
TURN 86 RESULT
TIME LEFT 0 5 RIGHT 0 5
UPGRADE B 111
MOVE A4 6
MOVE A5 6
MOVE A6 21
MOVE B7 218
MOVE B10 213
END TURN 86
TURN 87
COMMAND LEFT START
MOVE A3 109
TRAIN 1
COMMAND LEFT END
COMMAND RIGHT START
MOVE B7 100
COMMAND RIGHT END
TURN 87 RESULT
TIME LEFT 0 5 RIGHT 0 5
TRAIN A7
MOVE A3 6
MOVE A4 0
MOVE A5 0
MOVE A6 6
MOVE B7 212
MOVE B10 209
END TURN 87
TURN 88
COMMAND LEFT START
MOVE A5 109
MOVE A7 109
COMMAND LEFT END
COMMAND RIGHT START
COMMAND RIGHT END
TURN 88 RESULT
TIME LEFT 0 5 RIGHT 0 5
MOVE A3 21
MOVE A5 6
MOVE A6 0
MOVE A7 6
MOVE B7 197
MOVE B10 194
END TURN 88
TURN 89
COMMAND LEFT START
MOVE A6 109
COMMAND LEFT END
COMMAND RIGHT START
TRAIN 1
COMMAND RIGHT END
TURN 89 RESULT
TIME LEFT 0 5 RIGHT 0 5
TRAIN B12
MOVE A3 29
MOVE A5 21
MOVE A6 6
MOVE A7 21
MOVE B7 179
MOVE B10 186
END TURN 89
TURN 90
COMMAND LEFT START
COMMAND LEFT END
COMMAND RIGHT START
COMMAND RIGHT END
TURN 90 RESULT
TIME LEFT 0 5 RIGHT 0 5
MOVE A3 44
MOVE A5 29
MOVE A6 21
MOVE A7 29
MOVE B7 167
MOVE B10 171
END TURN 90
TURN 91
COMMAND LEFT START
COMMAND LEFT END
COMMAND RIGHT START
MOVE B11 118
COMMAND RIGHT END
TURN 91 RESULT
TIME LEFT 0 5 RIGHT 0 5
MOVE A3 54
MOVE A5 44
MOVE A6 29
MOVE A7 44
MOVE B7 157
MOVE B10 152
MOVE B11 212
END TURN 91
TURN 92
COMMAND LEFT START
MOVE A4 109
TRAIN 1
COMMAND LEFT END
COMMAND RIGHT START
UPGRADE 157
COMMAND RIGHT END
TURN 92 RESULT
TIME LEFT 0 5 RIGHT 0 5
UPGRADE B 157
TRAIN A8
MOVE A3 68
MOVE A4 6
MOVE A5 54
MOVE A6 44
MOVE A7 54
MOVE B7 146
MOVE B10 122
MOVE B11 206
END TURN 92
TURN 93
COMMAND LEFT START
COMMAND LEFT END
COMMAND RIGHT START
COMMAND RIGHT END
TURN 93 RESULT
TIME LEFT 0 5 RIGHT 0 5
MOVE A3 89
MOVE A4 21
MOVE A5 68
MOVE A6 54
MOVE A7 68
MOVE B7 126
MOVE B10 111
MOVE B11 199
END TURN 93
TURN 94
COMMAND LEFT START
COMMAND LEFT END
COMMAND RIGHT START
MOVE B9 157
COMMAND RIGHT END
TURN 94 RESULT
TIME LEFT 0 5 RIGHT 0 5
MOVE A3 109
MOVE A4 29
MOVE A5 89
MOVE A6 68
MOVE A7 89
MOVE B7 106
MOVE B9 122
MOVE B11 190
DAMAGE TURRET A3 1
DAMAGE COMBAT A3 1
DAMAGE COMBAT B8 1
END TURN 94
TURN 95
COMMAND LEFT START
MOVE A3 0
COMMAND LEFT END
COMMAND RIGHT START
COMMAND RIGHT END
TURN 95 RESULT
TIME LEFT 0 5 RIGHT 0 5
MOVE A4 44
MOVE A5 109
MOVE A6 89
MOVE A7 109
MOVE B7 100
MOVE B9 135
MOVE B11 187
DAMAGE TURRET A3 1
DAMAGE COMBAT A3 1
DAMAGE COMBAT B8 3
END TURN 95
TURN 96
COMMAND LEFT START
MOVE A5 0
MOVE A7 0
COMMAND LEFT END
COMMAND RIGHT START
COMMAND RIGHT END
TURN 96 RESULT
TIME LEFT 0 5 RIGHT 0 5
MOVE A4 54
MOVE A5 89
MOVE A6 109
MOVE A7 89
MOVE B9 138
MOVE B11 178
DAMAGE TURRET A6 1
SIEGE B 109 1
END TURN 96
TURN 97
COMMAND LEFT START
MOVE A6 0
COMMAND LEFT END
COMMAND RIGHT START
COMMAND RIGHT END
TURN 97 RESULT
TIME LEFT 0 5 RIGHT 0 5
MOVE A4 68
MOVE A5 68
MOVE A6 89
MOVE A7 68
MOVE B9 146
MOVE B11 168
END TURN 97
TURN 98
COMMAND LEFT START
COMMAND LEFT END
COMMAND RIGHT START
UPGRADE 100
COMMAND RIGHT END
TURN 98 RESULT
TIME LEFT 0 5 RIGHT 0 5
UPGRADE B 100
MOVE A4 89
MOVE A5 54
MOVE A6 68
MOVE A7 54
MOVE B9 157
MOVE B11 154
END TURN 98
TURN 99
COMMAND LEFT START
COMMAND LEFT END
COMMAND RIGHT START
COMMAND RIGHT END
TURN 99 RESULT
TIME LEFT 0 5 RIGHT 0 5
MOVE A4 109
MOVE A5 44
MOVE A6 54
MOVE A7 44
MOVE B11 141
DAMAGE TURRET A4 1
SIEGE B 109 1
END TURN 99
TURN 100
COMMAND LEFT START
MOVE A4 0
UPGRADE 109
COMMAND LEFT END
COMMAND RIGHT START
COMMAND RIGHT END
TURN 100 RESULT
TIME LEFT 0 5 RIGHT 0 5
UPGRADE A 109
MOVE A4 89
MOVE A5 29
MOVE A6 44
MOVE A7 29
MOVE B11 118
END TURN 100
TURN 101
COMMAND LEFT START
MOVE A8 109
TRAIN 1
COMMAND LEFT END
COMMAND RIGHT START
COMMAND RIGHT END
TURN 101 RESULT
TIME LEFT 0 5 RIGHT 0 5
TRAIN A9
MOVE A4 68
MOVE A5 21
MOVE A6 29
MOVE A7 21
MOVE A8 6
END TURN 101
TURN 102
COMMAND LEFT START
COMMAND LEFT END
COMMAND RIGHT START
UPGRADE 118
COMMAND RIGHT END
TURN 102 RESULT
TIME LEFT 0 5 RIGHT 0 5
UPGRADE B 118
MOVE A4 54
MOVE A5 6
MOVE A6 21
MOVE A7 6
MOVE A8 21
END TURN 102
TURN 103
COMMAND LEFT START
COMMAND LEFT END
COMMAND RIGHT START
TRAIN 1
COMMAND RIGHT END
TURN 103 RESULT
TIME LEFT 0 5 RIGHT 0 5
TRAIN B13
MOVE A4 44
MOVE A5 0
MOVE A6 6
MOVE A7 0
MOVE A8 29
END TURN 103
TURN 104
COMMAND LEFT START
MOVE A7 109
MOVE A9 109
COMMAND LEFT END
COMMAND RIGHT START
MOVE B12 109
COMMAND RIGHT END
TURN 104 RESULT
TIME LEFT 0 5 RIGHT 0 5
MOVE A4 29
MOVE A6 0
MOVE A7 6
MOVE A8 44
MOVE A9 6
MOVE B12 212
END TURN 104
TURN 105
COMMAND LEFT START
MOVE A5 109
MOVE A6 109
TRAIN 1
COMMAND LEFT END
COMMAND RIGHT START
COMMAND RIGHT END
TURN 105 RESULT
TIME LEFT 0 5 RIGHT 0 5
TRAIN A10
MOVE A4 21
MOVE A5 6
MOVE A6 6
MOVE A7 21
MOVE A8 54
MOVE A9 21
MOVE B12 197
END TURN 105
TURN 106
COMMAND LEFT START
COMMAND LEFT END
COMMAND RIGHT START
COMMAND RIGHT END
TURN 106 RESULT
TIME LEFT 0 5 RIGHT 0 5
MOVE A4 6
MOVE A5 21
MOVE A6 21
MOVE A7 29
MOVE A8 68
MOVE A9 29
MOVE B12 189
END TURN 106
TURN 107
COMMAND LEFT START
COMMAND LEFT END
COMMAND RIGHT START
COMMAND RIGHT END
TURN 107 RESULT
TIME LEFT 0 5 RIGHT 0 5
MOVE A4 0
MOVE A5 29
MOVE A6 29
MOVE A7 44
MOVE A8 89
MOVE A9 44
MOVE B12 174
END TURN 107
TURN 108
COMMAND LEFT START
MOVE A10 109
COMMAND LEFT END
COMMAND RIGHT START
UPGRADE 218
COMMAND RIGHT END
TURN 108 RESULT
TIME LEFT 0 5 RIGHT 0 5
UPGRADE B 218
MOVE A5 44
MOVE A6 44
MOVE A7 54
MOVE A8 109
MOVE A9 54
MOVE A10 6
MOVE B12 164
END TURN 108
TURN 109
COMMAND LEFT START
MOVE A4 109
TRAIN 1
COMMAND LEFT END
COMMAND RIGHT START
COMMAND RIGHT END
TURN 109 RESULT
TIME LEFT 0 5 RIGHT 0 5
TRAIN A11
MOVE A4 6
MOVE A5 54
MOVE A6 54
MOVE A7 68
MOVE A9 68
MOVE A10 21
MOVE B12 150
END TURN 109
TURN 110
COMMAND LEFT START
COMMAND LEFT END
COMMAND RIGHT START
TRAIN 1
COMMAND RIGHT END
TURN 110 RESULT
TIME LEFT 0 5 RIGHT 0 5
TRAIN B14
MOVE A4 21
MOVE A5 68
MOVE A6 68
MOVE A7 89
MOVE A9 89
MOVE A10 29
MOVE B12 129
END TURN 110
TURN 111
COMMAND LEFT START
COMMAND LEFT END
COMMAND RIGHT START
COMMAND RIGHT END
TURN 111 RESULT
TIME LEFT 0 5 RIGHT 0 5
MOVE A4 29
MOVE A5 89
MOVE A6 89
MOVE A7 109
MOVE A9 109
MOVE A10 44
MOVE B12 109
DAMAGE TURRET B12 1
DAMAGE COMBAT A7 1
DAMAGE COMBAT B12 3
END TURN 111
TURN 112
COMMAND LEFT START
MOVE A8 0
MOVE A9 0
COMMAND LEFT END
COMMAND RIGHT START
COMMAND RIGHT END
TURN 112 RESULT
TIME LEFT 0 5 RIGHT 0 5
MOVE A4 44
MOVE A5 109
MOVE A6 109
MOVE A8 89
MOVE A9 89
MOVE A10 54
END TURN 112
TURN 113
COMMAND LEFT START
MOVE A6 0
MOVE A7 0
MOVE A11 109
TRAIN 1
COMMAND LEFT END
COMMAND RIGHT START
UPGRADE 171
COMMAND RIGHT END
TURN 113 RESULT
TIME LEFT 0 5 RIGHT 0 5
UPGRADE B 171
TRAIN A12
MOVE A4 54
MOVE A6 89
MOVE A7 89
MOVE A8 68
MOVE A9 68
MOVE A10 68
MOVE A11 6
END TURN 113
TURN 114
COMMAND LEFT START
COMMAND LEFT END
COMMAND RIGHT START
TRAIN 1
COMMAND RIGHT END
TURN 114 RESULT
TIME LEFT 0 5 RIGHT 0 5
TRAIN B15
MOVE A4 68
MOVE A6 68
MOVE A7 68
MOVE A8 54
MOVE A9 54
MOVE A10 89
MOVE A11 21
END TURN 114
TURN 115
COMMAND LEFT START
COMMAND LEFT END
COMMAND RIGHT START
MOVE B13 171
COMMAND RIGHT END
TURN 115 RESULT
TIME LEFT 0 5 RIGHT 0 5
MOVE A4 89
MOVE A6 54
MOVE A7 54
MOVE A8 44
MOVE A9 44
MOVE A10 109
MOVE A11 29
MOVE B13 213
END TURN 115
TURN 116
COMMAND LEFT START
MOVE A10 0
MOVE A12 109
TRAIN 1
COMMAND LEFT END
COMMAND RIGHT START
COMMAND RIGHT END
TURN 116 RESULT
TIME LEFT 0 5 RIGHT 0 5
TRAIN A13
MOVE A4 109
MOVE A6 44
MOVE A7 44
MOVE A8 29
MOVE A9 29
MOVE A10 89
MOVE A11 44
MOVE A12 6
MOVE B13 209
END TURN 116
TURN 117
COMMAND LEFT START
MOVE A5 0
COMMAND LEFT END
COMMAND RIGHT START
COMMAND RIGHT END
TURN 117 RESULT
TIME LEFT 0 5 RIGHT 0 5
MOVE A5 89
MOVE A6 29
MOVE A7 29
MOVE A8 21
MOVE A9 21
MOVE A10 68
MOVE A11 54
MOVE A12 21
MOVE B13 194
END TURN 117
TURN 118
COMMAND LEFT START
COMMAND LEFT END
COMMAND RIGHT START
UPGRADE 138
COMMAND RIGHT END
TURN 118 RESULT
TIME LEFT 0 5 RIGHT 0 5
UPGRADE B 138
MOVE A5 68
MOVE A6 21
MOVE A7 21
MOVE A8 6
MOVE A9 6
MOVE A10 54
MOVE A11 68
MOVE A12 29
MOVE B13 186
END TURN 118
TURN 119
COMMAND LEFT START
MOVE A13 109
TRAIN 1
COMMAND LEFT END
COMMAND RIGHT START
TRAIN 1
COMMAND RIGHT END
TURN 119 RESULT
TIME LEFT 0 5 RIGHT 0 5
TRAIN A14 B16
MOVE A5 54
MOVE A6 6
MOVE A7 6
MOVE A8 0
MOVE A9 0
MOVE A10 44
MOVE A11 89
MOVE A12 44
MOVE A13 6
MOVE B13 171
END TURN 119
TURN 120
COMMAND LEFT START
MOVE A9 109
MOVE A14 109
COMMAND LEFT END
COMMAND RIGHT START
MOVE B14 138
COMMAND RIGHT END
TURN 120 RESULT
TIME LEFT 0 5 RIGHT 0 5
MOVE A5 44
MOVE A6 0
MOVE A7 0
MOVE A9 6
MOVE A10 29
MOVE A11 109
MOVE A12 54
MOVE A13 21
MOVE A14 6
MOVE B14 213
END TURN 120
TURN 121
COMMAND LEFT START
MOVE A7 109
MOVE A8 109
COMMAND LEFT END
COMMAND RIGHT START
COMMAND RIGHT END
TURN 121 RESULT
TIME LEFT 0 5 RIGHT 0 5
MOVE A5 29
MOVE A7 6
MOVE A8 6
MOVE A9 21
MOVE A10 21
MOVE A12 68
MOVE A13 29
MOVE A14 21
MOVE B14 195
END TURN 121
TURN 122
COMMAND LEFT START
MOVE A11 0
COMMAND LEFT END
COMMAND RIGHT START
UPGRADE 158
COMMAND RIGHT END
TURN 122 RESULT
TIME LEFT 0 5 RIGHT 0 5
UPGRADE B 158
MOVE A5 21
MOVE A7 21
MOVE A8 21
MOVE A9 29
MOVE A10 6
MOVE A11 89
MOVE A12 89
MOVE A13 44
MOVE A14 29
MOVE B14 176
END TURN 122
TURN 123
COMMAND LEFT START
MOVE A6 109
TRAIN 1
COMMAND LEFT END
COMMAND RIGHT START
TRAIN 1
COMMAND RIGHT END
TURN 123 RESULT
TIME LEFT 0 5 RIGHT 0 5
TRAIN A15 B17
MOVE A5 6
MOVE A6 6
MOVE A7 29
MOVE A8 29
MOVE A9 44
MOVE A10 0
MOVE A11 68
MOVE A12 109
MOVE A13 54
MOVE A14 44
MOVE B14 166
END TURN 123
TURN 124
COMMAND LEFT START
MOVE A12 0
MOVE A15 109
COMMAND LEFT END
COMMAND RIGHT START
MOVE B15 158
COMMAND RIGHT END
TURN 124 RESULT
TIME LEFT 0 5 RIGHT 0 5
MOVE A5 0
MOVE A6 21
MOVE A7 44
MOVE A8 44
MOVE A9 54
MOVE A11 54
MOVE A12 89
MOVE A13 68
MOVE A14 54
MOVE A15 6
MOVE B14 147
MOVE B15 212
END TURN 124
TURN 125
COMMAND LEFT START
MOVE A10 109
COMMAND LEFT END
COMMAND RIGHT START
COMMAND RIGHT END
TURN 125 RESULT
TIME LEFT 0 5 RIGHT 0 5
MOVE A6 29
MOVE A7 54
MOVE A8 54
MOVE A9 68
MOVE A10 6
MOVE A11 44
MOVE A12 68
MOVE A13 89
MOVE A14 68
MOVE A15 21
MOVE B14 138
MOVE B15 206
END TURN 125
TURN 126
COMMAND LEFT START
MOVE A5 109
TRAIN 1
COMMAND LEFT END
COMMAND RIGHT START
COMMAND RIGHT END
TURN 126 RESULT
TIME LEFT 0 5 RIGHT 0 5
TRAIN A16
MOVE A5 6
MOVE A6 44
MOVE A7 68
MOVE A8 68
MOVE A9 89
MOVE A10 21
MOVE A11 29
MOVE A12 54
MOVE A13 109
MOVE A14 89
MOVE A15 29
MOVE B15 199
END TURN 126
TURN 127
COMMAND LEFT START
MOVE A13 0
COMMAND LEFT END
COMMAND RIGHT START
UPGRADE 163
COMMAND RIGHT END
TURN 127 RESULT
TIME LEFT 0 5 RIGHT 0 5
UPGRADE B 163
MOVE A5 21
MOVE A6 54
MOVE A7 89
MOVE A8 89
MOVE A9 109
MOVE A10 29
MOVE A11 21
MOVE A12 44
MOVE A13 89
MOVE A14 109
MOVE A15 44
MOVE B15 190
END TURN 127
TURN 128
COMMAND LEFT START
MOVE A9 0
MOVE A14 0
COMMAND LEFT END
COMMAND RIGHT START
TRAIN 1
COMMAND RIGHT END
TURN 128 RESULT
TIME LEFT 0 5 RIGHT 0 5
TRAIN B18
MOVE A5 29
MOVE A6 68
MOVE A7 109
MOVE A8 109
MOVE A9 89
MOVE A10 44
MOVE A11 6
MOVE A12 29
MOVE A13 68
MOVE A14 89
MOVE A15 54
MOVE B15 172
END TURN 128
TURN 129
COMMAND LEFT START
MOVE A7 0
MOVE A8 0
COMMAND LEFT END
COMMAND RIGHT START
MOVE B16 163
COMMAND RIGHT END
TURN 129 RESULT
TIME LEFT 0 5 RIGHT 0 5
MOVE A5 44
MOVE A6 89
MOVE A7 89
MOVE A8 89
MOVE A9 68
MOVE A10 54
MOVE A11 0
MOVE A12 21
MOVE A13 54
MOVE A14 68
MOVE A15 68
MOVE B15 158
MOVE B16 215
END TURN 129
TURN 130
COMMAND LEFT START
MOVE A11 109
MOVE A16 109
TRAIN 1
COMMAND LEFT END
COMMAND RIGHT START
COMMAND RIGHT END
TURN 130 RESULT
TIME LEFT 0 5 RIGHT 0 5
TRAIN A17
MOVE A5 54
MOVE A6 109
MOVE A7 68
MOVE A8 68
MOVE A9 54
MOVE A10 68
MOVE A11 6
MOVE A12 6
MOVE A13 44
MOVE A14 54
MOVE A15 89
MOVE A16 6
MOVE B16 205
END TURN 130
TURN 131
COMMAND LEFT START
MOVE A6 0
COMMAND LEFT END
COMMAND RIGHT START
UPGRADE 111
COMMAND RIGHT END
TURN 131 RESULT
TIME LEFT 0 5 RIGHT 0 5
UPGRADE B 111
MOVE A5 68
MOVE A6 89
MOVE A7 54
MOVE A8 54
MOVE A9 44
MOVE A10 89
MOVE A11 21
MOVE A12 0
MOVE A13 29
MOVE A14 44
MOVE A15 109
MOVE A16 21
MOVE B16 201
END TURN 131
TURN 132
COMMAND LEFT START
MOVE A15 0
MOVE A17 109
COMMAND LEFT END
COMMAND RIGHT START
TRAIN 1
COMMAND RIGHT END
TURN 132 RESULT
TIME LEFT 0 5 RIGHT 0 5
TRAIN B19
MOVE A5 89
MOVE A6 68
MOVE A7 44
MOVE A8 44
MOVE A9 29
MOVE A10 109
MOVE A11 29
MOVE A13 21
MOVE A14 29
MOVE A15 89
MOVE A16 29
MOVE A17 6
MOVE B16 193
END TURN 132
TURN 133
COMMAND LEFT START
MOVE A10 0
COMMAND LEFT END
COMMAND RIGHT START
MOVE B17 111
COMMAND RIGHT END
TURN 133 RESULT
TIME LEFT 0 5 RIGHT 0 5
MOVE A5 109
MOVE A6 54
MOVE A7 29
MOVE A8 29
MOVE A9 21
MOVE A10 89
MOVE A11 44
MOVE A13 6
MOVE A14 21
MOVE A15 68
MOVE A16 44
MOVE A17 21
MOVE B16 182
MOVE B17 213
END TURN 133
TURN 134
COMMAND LEFT START
MOVE A5 0
COMMAND LEFT END
COMMAND RIGHT START
COMMAND RIGHT END
TURN 134 RESULT
TIME LEFT 0 5 RIGHT 0 5
MOVE A5 89
MOVE A6 44
MOVE A7 21
MOVE A8 21
MOVE A9 6
MOVE A10 68
MOVE A11 54
MOVE A13 0
MOVE A14 6
MOVE A15 54
MOVE A16 54
MOVE A17 29
MOVE B16 175
MOVE B17 209
END TURN 134
TURN 135
COMMAND LEFT START
MOVE A12 109
MOVE A13 109
TRAIN 1
COMMAND LEFT END
COMMAND RIGHT START
UPGRADE 100
COMMAND RIGHT END
TURN 135 RESULT
TIME LEFT 0 5 RIGHT 0 5
UPGRADE B 100
TRAIN A18
MOVE A5 68
MOVE A6 29
MOVE A7 6
MOVE A8 6
MOVE A9 0
MOVE A10 54
MOVE A11 68
MOVE A12 6
MOVE A13 6
MOVE A14 0
MOVE A15 44
MOVE A16 68
MOVE A17 44
MOVE B16 163
MOVE B17 194
END TURN 135
TURN 136
COMMAND LEFT START
MOVE A14 109
MOVE A18 109
COMMAND LEFT END
COMMAND RIGHT START
TRAIN 1
COMMAND RIGHT END
TURN 136 RESULT
TIME LEFT 0 5 RIGHT 0 5
TRAIN B20
MOVE A5 54
MOVE A6 21
MOVE A7 0
MOVE A8 0
MOVE A10 44
MOVE A11 89
MOVE A12 21
MOVE A13 21
MOVE A14 6
MOVE A15 29
MOVE A16 89
MOVE A17 54
MOVE A18 6
MOVE B17 186
END TURN 136
TURN 137
COMMAND LEFT START
MOVE A8 109
MOVE A9 109
COMMAND LEFT END
COMMAND RIGHT START
MOVE B18 100
COMMAND RIGHT END
TURN 137 RESULT
TIME LEFT 0 5 RIGHT 0 5
MOVE A5 44
MOVE A6 6
MOVE A8 6
MOVE A9 6
MOVE A10 29
MOVE A11 109
MOVE A12 29
MOVE A13 29
MOVE A14 21
MOVE A15 21
MOVE A16 109
MOVE A17 68
MOVE A18 21
MOVE B17 171
MOVE B18 212
END TURN 137
TURN 138
COMMAND LEFT START
MOVE A11 0
MOVE A16 0
COMMAND LEFT END
COMMAND RIGHT START
UPGRADE 118
COMMAND RIGHT END
TURN 138 RESULT
TIME LEFT 0 5 RIGHT 0 5
UPGRADE B 118
MOVE A5 29
MOVE A6 0
MOVE A8 21
MOVE A9 21
MOVE A10 21
MOVE A11 89
MOVE A12 44
MOVE A13 44
MOVE A14 29
MOVE A15 6
MOVE A16 89
MOVE A17 89
MOVE A18 29
MOVE B17 152
MOVE B18 197
END TURN 138
TURN 139
COMMAND LEFT START
MOVE A6 109
MOVE A7 109
TRAIN 1
COMMAND LEFT END
COMMAND RIGHT START
TRAIN 1
COMMAND RIGHT END
TURN 139 RESULT
TIME LEFT 0 5 RIGHT 0 5
TRAIN A19 B21
MOVE A5 21
MOVE A6 6
MOVE A7 6
MOVE A8 29
MOVE A9 29
MOVE A10 6
MOVE A11 68
MOVE A12 54
MOVE A13 54
MOVE A14 44
MOVE A15 0
MOVE A16 68
MOVE A17 109
MOVE A18 44
MOVE B17 122
MOVE B18 179
END TURN 139
TURN 140
COMMAND LEFT START
MOVE A17 0
MOVE A19 109
COMMAND LEFT END
COMMAND RIGHT START
MOVE B19 118
COMMAND RIGHT END
TURN 140 RESULT
TIME LEFT 0 5 RIGHT 0 5
MOVE A5 6
MOVE A6 21
MOVE A7 21
MOVE A8 44
MOVE A9 44
MOVE A10 0
MOVE A11 54
MOVE A12 68
MOVE A13 68
MOVE A14 54
MOVE A16 54
MOVE A17 89
MOVE A18 54
MOVE A19 6
MOVE B17 111
MOVE B18 167
MOVE B19 212
END TURN 140
TURN 141
COMMAND LEFT START
MOVE A15 109
COMMAND LEFT END
COMMAND RIGHT START
COMMAND RIGHT END
TURN 141 RESULT
TIME LEFT 0 5 RIGHT 0 5
MOVE A5 0
MOVE A6 29
MOVE A7 29
MOVE A8 54
MOVE A9 54
MOVE A11 44
MOVE A12 89
MOVE A13 89
MOVE A14 68
MOVE A15 6
MOVE A16 44
MOVE A17 68
MOVE A18 68
MOVE A19 21
MOVE B18 157
MOVE B19 206
END TURN 141
TURN 142
COMMAND LEFT START
MOVE A10 109
COMMAND LEFT END
COMMAND RIGHT START
UPGRADE 157
COMMAND RIGHT END
TURN 142 RESULT
TIME LEFT 0 5 RIGHT 0 5
UPGRADE B 157
MOVE A6 44
MOVE A7 44
MOVE A8 68
MOVE A9 68
MOVE A10 6
MOVE A11 29
MOVE A12 109
MOVE A13 109
MOVE A14 89
MOVE A15 21
MOVE A16 29
MOVE A17 54
MOVE A18 89
MOVE A19 29
MOVE B18 146
MOVE B19 199
END TURN 142
TURN 143
COMMAND LEFT START
MOVE A12 0
MOVE A13 0
COMMAND LEFT END
COMMAND RIGHT START
TRAIN 1
COMMAND RIGHT END
TURN 143 RESULT
TIME LEFT 0 5 RIGHT 0 5
TRAIN B22
MOVE A6 54
MOVE A7 54
MOVE A8 89
MOVE A9 89
MOVE A10 21
MOVE A11 21
MOVE A12 89
MOVE A13 89
MOVE A14 109
MOVE A15 29
MOVE A16 21
MOVE A17 44
MOVE A18 109
MOVE A19 44
MOVE B18 126
MOVE B19 190
END TURN 143
TURN 144
COMMAND LEFT START
MOVE A5 109
MOVE A14 0
MOVE A18 0
TRAIN 1
COMMAND LEFT END
COMMAND RIGHT START
MOVE B20 157
COMMAND RIGHT END
TURN 144 RESULT
TIME LEFT 0 5 RIGHT 0 5
TRAIN A20
MOVE A5 6
MOVE A6 68
MOVE A7 68
MOVE A8 109
MOVE A9 109
MOVE A10 29
MOVE A11 6
MOVE A12 68
MOVE A13 68
MOVE A14 89
MOVE A15 44
MOVE A16 6
MOVE A17 29
MOVE A18 89
MOVE A19 54
MOVE B18 106
MOVE B19 187
MOVE B20 212
END TURN 144
TURN 145
COMMAND LEFT START
MOVE A8 0
MOVE A9 0
COMMAND LEFT END
COMMAND RIGHT START
UPGRADE 171
COMMAND RIGHT END
TURN 145 RESULT
TIME LEFT 0 5 RIGHT 0 5
UPGRADE B 171
MOVE A5 21
MOVE A6 89
MOVE A7 89
MOVE A8 89
MOVE A9 89
MOVE A10 44
MOVE A11 0
MOVE A12 54
MOVE A13 54
MOVE A14 68
MOVE A15 54
MOVE A16 0
MOVE A17 21
MOVE A18 68
MOVE A19 68
MOVE B18 100
MOVE B19 178
MOVE B20 197
END TURN 145
TURN 146
COMMAND LEFT START
MOVE A16 109
MOVE A20 109
COMMAND LEFT END
COMMAND RIGHT START
TRAIN 1
COMMAND RIGHT END
TURN 146 RESULT
TIME LEFT 0 5 RIGHT 0 5
TRAIN B23
MOVE A5 29
MOVE A6 109
MOVE A7 109
MOVE A8 68
MOVE A9 68
MOVE A10 54
MOVE A12 44
MOVE A13 44
MOVE A14 54
MOVE A15 68
MOVE A16 6
MOVE A17 6
MOVE A18 54
MOVE A19 89
MOVE A20 6
MOVE B19 168
MOVE B20 179
END TURN 146
TURN 147
COMMAND LEFT START
MOVE A6 0
MOVE A7 0
COMMAND LEFT END
COMMAND RIGHT START
MOVE B21 171
COMMAND RIGHT END
TURN 147 RESULT
TIME LEFT 0 5 RIGHT 0 5
MOVE A5 44
MOVE A6 89
MOVE A7 89
MOVE A8 54
MOVE A9 54
MOVE A10 68
MOVE A12 29
MOVE A13 29
MOVE A14 44
MOVE A15 89
MOVE A16 21
MOVE A17 0
MOVE A18 44
MOVE A19 109
MOVE A20 21
MOVE B19 154
MOVE B20 167
MOVE B21 213
END TURN 147
TURN 148
COMMAND LEFT START
MOVE A17 109
MOVE A19 0
COMMAND LEFT END
COMMAND RIGHT START
COMMAND RIGHT END
TURN 148 RESULT
TIME LEFT 0 5 RIGHT 0 5
MOVE A5 54
MOVE A6 68
MOVE A7 68
MOVE A8 44
MOVE A9 44
MOVE A10 89
MOVE A12 21
MOVE A13 21
MOVE A14 29
MOVE A15 109
MOVE A16 29
MOVE A17 6
MOVE A18 29
MOVE A19 89
MOVE A20 29
MOVE B19 141
MOVE B20 157
MOVE B21 209
END TURN 148
TURN 149
COMMAND LEFT START
MOVE A15 0
COMMAND LEFT END
COMMAND RIGHT START
UPGRADE 138
COMMAND RIGHT END
TURN 149 RESULT
TIME LEFT 0 5 RIGHT 0 5
UPGRADE B 138
MOVE A5 68
MOVE A6 54
MOVE A7 54
MOVE A8 29
MOVE A9 29
MOVE A10 109
MOVE A12 6
MOVE A13 6
MOVE A14 21
MOVE A15 89
MOVE A16 44
MOVE A17 21
MOVE A18 21
MOVE A19 68
MOVE A20 44
MOVE B19 118
MOVE B21 194
END TURN 149
TURN 150
COMMAND LEFT START
MOVE A10 0
MOVE A11 109
TRAIN 1
COMMAND LEFT END
COMMAND RIGHT START
TRAIN 1
COMMAND RIGHT END
TURN 150 RESULT
TIME LEFT 0 5 RIGHT 0 5
TRAIN A21 B24
MOVE A5 89
MOVE A6 44
MOVE A7 44
MOVE A8 21
MOVE A9 21
MOVE A10 89
MOVE A11 6
MOVE A12 0
MOVE A13 0
MOVE A14 6
MOVE A15 68
MOVE A16 54
MOVE A17 29
MOVE A18 6
MOVE A19 54
MOVE A20 54
MOVE B21 186
END TURN 150
TURN 151
COMMAND LEFT START
MOVE A13 109
MOVE A21 109
COMMAND LEFT END
COMMAND RIGHT START
MOVE B22 138
TRAIN 1
COMMAND RIGHT END
TURN 151 RESULT
TIME LEFT 0 5 RIGHT 0 5
TRAIN B25
MOVE A5 109
MOVE A6 29
MOVE A7 29
MOVE A8 6
MOVE A9 6
MOVE A10 68
MOVE A11 21
MOVE A13 6
MOVE A14 0
MOVE A15 54
MOVE A16 68
MOVE A17 44
MOVE A18 0
MOVE A19 44
MOVE A20 68
MOVE A21 6
MOVE B21 171
MOVE B22 213
END TURN 151
TURN 152
COMMAND LEFT START
MOVE A14 109
MOVE A18 109
COMMAND LEFT END
COMMAND RIGHT START
MOVE B23 60
UPGRADE 158
COMMAND RIGHT END
TURN 152 RESULT
TIME LEFT 0 5 RIGHT 0 5
UPGRADE B 158
MOVE A6 21
MOVE A7 21
MOVE A8 0
MOVE A9 0
MOVE A10 54
MOVE A11 29
MOVE A13 21
MOVE A14 6
MOVE A15 44
MOVE A16 89
MOVE A17 54
MOVE A18 6
MOVE A19 29
MOVE A20 89
MOVE A21 21
MOVE B22 195
MOVE B23 212
END TURN 152
TURN 153
COMMAND LEFT START
MOVE A9 109
MOVE A12 109
COMMAND LEFT END
COMMAND RIGHT START
TRAIN 1
COMMAND RIGHT END
TURN 153 RESULT
TIME LEFT 0 5 RIGHT 0 5
TRAIN B26
MOVE A6 6
MOVE A7 6
MOVE A9 6
MOVE A10 44
MOVE A11 44
MOVE A12 6
MOVE A13 29
MOVE A14 21
MOVE A15 29
MOVE A16 109
MOVE A17 68
MOVE A18 21
MOVE A19 21
MOVE A20 109
MOVE A21 29
MOVE B22 176
MOVE B23 197
END TURN 153
TURN 154
COMMAND LEFT START
MOVE A5 0
MOVE A16 0
COMMAND LEFT END
COMMAND RIGHT START
MOVE B24 158
TRAIN 1
COMMAND RIGHT END
TURN 154 RESULT
TIME LEFT 0 5 RIGHT 0 5
TRAIN B27
MOVE A5 89
MOVE A6 0
MOVE A7 0
MOVE A9 21
MOVE A10 29
MOVE A11 54
MOVE A12 21
MOVE A13 44
MOVE A14 29
MOVE A15 21
MOVE A16 89
MOVE A17 89
MOVE A18 29
MOVE A19 6
MOVE A21 44
MOVE B22 166
MOVE B23 189
MOVE B24 212
END TURN 154
TURN 155
COMMAND LEFT START
MOVE A7 109
MOVE A8 109
COMMAND LEFT END
COMMAND RIGHT START
MOVE B25 55
COMMAND RIGHT END
TURN 155 RESULT
TIME LEFT 0 5 RIGHT 0 5
MOVE A5 68
MOVE A7 6
MOVE A8 6
MOVE A9 29
MOVE A10 21
MOVE A11 68
MOVE A12 29
MOVE A13 54
MOVE A14 44
MOVE A15 6
MOVE A16 68
MOVE A17 109
MOVE A18 44
MOVE A19 0
MOVE A21 54
MOVE B22 147
MOVE B23 174
MOVE B24 206
MOVE B25 212
END TURN 155
TURN 156
COMMAND LEFT START
MOVE A6 109
MOVE A17 0
MOVE A19 109
TRAIN 1
COMMAND LEFT END
COMMAND RIGHT START
UPGRADE 163
COMMAND RIGHT END
TURN 156 RESULT
TIME LEFT 0 5 RIGHT 0 5
UPGRADE B 163
TRAIN A22
MOVE A5 54
MOVE A6 6
MOVE A7 21
MOVE A8 21
MOVE A9 44
MOVE A10 6
MOVE A11 89
MOVE A12 44
MOVE A13 68
MOVE A14 54
MOVE A15 0
MOVE A16 54
MOVE A17 89
MOVE A18 54
MOVE A19 6
MOVE A21 68
MOVE B22 138
MOVE B23 164
MOVE B24 199
MOVE B25 197
END TURN 156
TURN 157
COMMAND LEFT START
MOVE A20 0
MOVE A22 109
COMMAND LEFT END
COMMAND RIGHT START
TRAIN 1
COMMAND RIGHT END
TURN 157 RESULT
TIME LEFT 0 5 RIGHT 0 5
TRAIN B28
MOVE A5 44
MOVE A6 21
MOVE A7 29
MOVE A8 29
MOVE A9 54
MOVE A10 0
MOVE A11 109
MOVE A12 54
MOVE A13 89
MOVE A14 68
MOVE A16 44
MOVE A17 68
MOVE A18 68
MOVE A19 21
MOVE A20 89
MOVE A21 89
MOVE A22 6
MOVE B23 151
MOVE B24 190
MOVE B25 179
END TURN 157
TURN 158
COMMAND LEFT START
MOVE A11 0
MOVE A15 109
COMMAND LEFT END
COMMAND RIGHT START
MOVE B26 163
UPGRADE 111
COMMAND RIGHT END
TURN 158 RESULT
TIME LEFT 0 5 RIGHT 0 5
UPGRADE B 111
MOVE A5 29
MOVE A6 29
MOVE A7 44
MOVE A8 44
MOVE A9 68
MOVE A11 89
MOVE A12 68
MOVE A13 109
MOVE A14 89
MOVE A15 6
MOVE A16 29
MOVE A17 54
MOVE A18 89
MOVE A19 29
MOVE A20 68
MOVE A21 109
MOVE A22 21
MOVE B23 130
MOVE B24 172
MOVE B25 167
MOVE B26 215
END TURN 158
TURN 159
COMMAND LEFT START
MOVE A13 0
MOVE A21 0
COMMAND LEFT END
COMMAND RIGHT START
TRAIN 1
COMMAND RIGHT END
TURN 159 RESULT
TIME LEFT 0 5 RIGHT 0 5
TRAIN B29
MOVE A5 21
MOVE A6 44
MOVE A7 54
MOVE A8 54
MOVE A9 89
MOVE A11 68
MOVE A12 89
MOVE A13 89
MOVE A14 109
MOVE A15 21
MOVE A16 21
MOVE A17 44
MOVE A18 109
MOVE A19 44
MOVE A20 54
MOVE A21 89
MOVE A22 29
MOVE B23 117
MOVE B24 158
MOVE B25 157
MOVE B26 205
END TURN 159
TURN 160
COMMAND LEFT START
MOVE A14 0
MOVE A18 0
COMMAND LEFT END
COMMAND RIGHT START
MOVE B27 111
COMMAND RIGHT END
TURN 160 RESULT
TIME LEFT 0 5 RIGHT 0 5
MOVE A5 6
MOVE A6 54
MOVE A7 68
MOVE A8 68
MOVE A9 109
MOVE A11 54
MOVE A12 109
MOVE A13 68
MOVE A14 89
MOVE A15 29
MOVE A16 6
MOVE A17 29
MOVE A18 89
MOVE A19 54
MOVE A20 44
MOVE A21 68
MOVE A22 44
MOVE B23 98
MOVE B25 144
MOVE B26 201
MOVE B27 213
END TURN 160
TURN 161
COMMAND LEFT START
MOVE A9 0
MOVE A12 0
COMMAND LEFT END
COMMAND RIGHT START
UPGRADE 100
COMMAND RIGHT END
TURN 161 RESULT
TIME LEFT 0 5 RIGHT 0 5
UPGRADE B 100
MOVE A5 0
MOVE A6 68
MOVE A7 89
MOVE A8 89
MOVE A9 89
MOVE A11 44
MOVE A12 89
MOVE A13 54
MOVE A14 68
MOVE A15 44
MOVE A16 0
MOVE A17 21
MOVE A18 68
MOVE A19 68
MOVE A20 29
MOVE A21 54
MOVE A22 54
MOVE B23 75
MOVE B25 128
MOVE B26 193
MOVE B27 209
END TURN 161
TURN 162
COMMAND LEFT START
MOVE A10 109
MOVE A16 109
COMMAND LEFT END
COMMAND RIGHT START
TRAIN 1
COMMAND RIGHT END
TURN 162 RESULT
TIME LEFT 0 5 RIGHT 0 5
TRAIN B30
MOVE A6 89
MOVE A7 109
MOVE A8 109
MOVE A9 68
MOVE A10 6
MOVE A11 29
MOVE A12 68
MOVE A13 44
MOVE A14 54
MOVE A15 54
MOVE A16 6
MOVE A17 6
MOVE A18 54
MOVE A19 89
MOVE A20 21
MOVE A21 44
MOVE A22 68
MOVE B23 60
MOVE B25 114
MOVE B26 182
MOVE B27 194
DAMAGE TURRET B23 1
DAMAGE COMBAT A2 1
DAMAGE COMBAT B23 1
END TURN 162
TURN 163
COMMAND LEFT START
MOVE A5 109
MOVE A7 0
MOVE A8 0
TRAIN 1
COMMAND LEFT END
COMMAND RIGHT START
MOVE B28 100
TRAIN 1
COMMAND RIGHT END
TURN 163 RESULT
TIME LEFT 0 5 RIGHT 0 5
TRAIN A23 B31
MOVE A5 6
MOVE A6 109
MOVE A7 89
MOVE A8 89
MOVE A9 54
MOVE A10 21
MOVE A11 21
MOVE A12 54
MOVE A13 29
MOVE A14 44
MOVE A15 68
MOVE A16 21
MOVE A17 0
MOVE A18 44
MOVE A19 109
MOVE A20 6
MOVE A21 29
MOVE A22 89
MOVE B25 99
MOVE B26 175
MOVE B27 186
MOVE B28 212
DAMAGE TURRET B23 1
DAMAGE COMBAT A2 1
DAMAGE COMBAT B23 1
END TURN 163
TURN 164
COMMAND LEFT START
MOVE A6 0
MOVE A23 109
COMMAND LEFT END
COMMAND RIGHT START
MOVE B29 80
COMMAND RIGHT END
TURN 164 RESULT
TIME LEFT 0 5 RIGHT 0 5
MOVE A5 21
MOVE A6 89
MOVE A7 68
MOVE A8 68
MOVE A9 44
MOVE A10 29
MOVE A11 6
MOVE A12 44
MOVE A13 21
MOVE A14 29
MOVE A15 89
MOVE A16 29
MOVE A18 29
MOVE A20 0
MOVE A21 21
MOVE A22 109
MOVE A23 6
MOVE B25 87
MOVE B26 163
MOVE B27 171
MOVE B28 197
MOVE B29 212
DAMAGE TURRET B23 1
DAMAGE COMBAT A2 1
END TURN 164
TURN 165
COMMAND LEFT START
MOVE A19 0
MOVE A20 109
COMMAND LEFT END
COMMAND RIGHT START
COMMAND RIGHT END
TURN 165 RESULT
TIME LEFT 0 5 RIGHT 0 5
MOVE A5 29
MOVE A6 68
MOVE A7 54
MOVE A8 54
MOVE A9 29
MOVE A10 44
MOVE A11 0
MOVE A12 29
MOVE A13 6
MOVE A14 21
MOVE A15 109
MOVE A16 44
MOVE A18 21
MOVE A19 89
MOVE A20 6
MOVE A21 6
MOVE A23 21
MOVE B25 77
MOVE B27 152
MOVE B28 179
MOVE B29 197
END TURN 165
TURN 166
COMMAND LEFT START
MOVE A15 0
MOVE A17 109
COMMAND LEFT END
COMMAND RIGHT START
UPGRADE 118
COMMAND RIGHT END
TURN 166 RESULT
TIME LEFT 0 5 RIGHT 0 5
UPGRADE B 118
MOVE A5 44
MOVE A6 54
MOVE A7 44
MOVE A8 44
MOVE A9 21
MOVE A10 54
MOVE A12 21
MOVE A13 0
MOVE A14 6
MOVE A15 89
MOVE A16 54
MOVE A17 6
MOVE A18 6
MOVE A19 68
MOVE A20 21
MOVE A21 0
MOVE A23 29
MOVE B25 55
MOVE B27 122
MOVE B28 167
MOVE B29 189
END TURN 166
TURN 167
COMMAND LEFT START
MOVE A13 109
MOVE A21 109
COMMAND LEFT END
COMMAND RIGHT START
UPGRADE 55
TRAIN 1
COMMAND RIGHT END
TURN 167 RESULT
TIME LEFT 0 5 RIGHT 0 5
UPGRADE B 55
TRAIN B32
MOVE A5 54
MOVE A6 44
MOVE A7 29
MOVE A8 29
MOVE A9 6
MOVE A10 68
MOVE A12 6
MOVE A13 6
MOVE A14 0
MOVE A15 68
MOVE A16 68
MOVE A17 21
MOVE A18 0
MOVE A19 54
MOVE A20 29
MOVE A21 6
MOVE A23 44
MOVE B27 111
MOVE B28 157
MOVE B29 174
END TURN 167
TURN 168
COMMAND LEFT START
MOVE A14 109
MOVE A18 109
COMMAND LEFT END
COMMAND RIGHT START
MOVE B30 118
UPGRADE 55
COMMAND RIGHT END
TURN 168 RESULT
TIME LEFT 0 5 RIGHT 0 5
UPGRADE B 55
MOVE A5 68
MOVE A6 29
MOVE A7 21
MOVE A8 21
MOVE A9 0
MOVE A10 89
MOVE A12 0
MOVE A13 21
MOVE A14 6
MOVE A15 54
MOVE A16 89
MOVE A17 29
MOVE A18 6
MOVE A19 44
MOVE A20 44
MOVE A21 21
MOVE A23 54
MOVE B28 146
MOVE B29 164
MOVE B30 212
END TURN 168
TURN 169
COMMAND LEFT START
MOVE A11 109
MOVE A12 109
COMMAND LEFT END
COMMAND RIGHT START
TRAIN 1
COMMAND RIGHT END
TURN 169 RESULT
TIME LEFT 0 5 RIGHT 0 5
TRAIN B33
MOVE A5 89
MOVE A6 21
MOVE A7 6
MOVE A8 6
MOVE A10 109
MOVE A11 6
MOVE A12 6
MOVE A13 29
MOVE A14 21
MOVE A15 44
MOVE A16 109
MOVE A17 44
MOVE A18 21
MOVE A19 29
MOVE A20 54
MOVE A21 29
MOVE A23 68
MOVE B28 126
MOVE B29 150
MOVE B30 206
END TURN 169
TURN 170
COMMAND LEFT START
MOVE A9 109
MOVE A10 0
MOVE A16 0
TRAIN 1
COMMAND LEFT END
COMMAND RIGHT START
MOVE B31 55
TRAIN 1
COMMAND RIGHT END
TURN 170 RESULT
TIME LEFT 0 5 RIGHT 0 5
TRAIN A24 B34
MOVE A5 109
MOVE A6 6
MOVE A7 0
MOVE A8 0
MOVE A9 6
MOVE A10 89
MOVE A11 21
MOVE A12 21
MOVE A13 44
MOVE A14 29
MOVE A15 29
MOVE A16 89
MOVE A17 54
MOVE A18 29
MOVE A19 21
MOVE A20 68
MOVE A21 44
MOVE A23 89
MOVE B28 106
MOVE B29 129
MOVE B30 199
MOVE B31 212
END TURN 170
TURN 171
COMMAND LEFT START
MOVE A8 109
MOVE A24 109
COMMAND LEFT END
COMMAND RIGHT START
MOVE B32 107
UPGRADE 55
COMMAND RIGHT END
TURN 171 RESULT
TIME LEFT 0 5 RIGHT 0 5
UPGRADE B 55
MOVE A6 0
MOVE A8 6
MOVE A9 21
MOVE A10 68
MOVE A11 29
MOVE A12 29
MOVE A13 54
MOVE A14 44
MOVE A15 21
MOVE A16 68
MOVE A17 68
MOVE A18 44
MOVE A19 6
MOVE A20 89
MOVE A21 54
MOVE A23 109
MOVE A24 6
MOVE B28 100
MOVE B29 120
MOVE B30 190
MOVE B31 197
MOVE B32 215
END TURN 171
TURN 172
COMMAND LEFT START
MOVE A5 0
MOVE A7 109
COMMAND LEFT END
COMMAND RIGHT START
TRAIN 1
COMMAND RIGHT END
TURN 172 RESULT
TIME LEFT 0 5 RIGHT 0 5
TRAIN B35
MOVE A5 89
MOVE A7 6
MOVE A8 21
MOVE A9 29
MOVE A10 54
MOVE A11 44
MOVE A12 44
MOVE A13 68
MOVE A14 54
MOVE A15 6
MOVE A16 54
MOVE A17 89
MOVE A18 54
MOVE A19 0
MOVE A20 109
MOVE A21 68
MOVE A24 21
MOVE B29 110
MOVE B30 187
MOVE B31 179
MOVE B32 205
END TURN 172
TURN 173
COMMAND LEFT START
MOVE A19 109
MOVE A20 0
COMMAND LEFT END
COMMAND RIGHT START
MOVE B33 55
COMMAND RIGHT END
TURN 173 RESULT
TIME LEFT 0 5 RIGHT 0 5
MOVE A5 68
MOVE A7 21
MOVE A8 29
MOVE A9 44
MOVE A10 44
MOVE A11 54
MOVE A12 54
MOVE A13 89
MOVE A14 68
MOVE A15 0
MOVE A16 44
MOVE A17 109
MOVE A18 68
MOVE A19 6
MOVE A20 89
MOVE A21 89
MOVE A24 29
MOVE B29 104
MOVE B30 178
MOVE B31 167
MOVE B32 201
MOVE B33 212
END TURN 173
TURN 174
COMMAND LEFT START
MOVE A15 109
MOVE A17 0
COMMAND LEFT END
COMMAND RIGHT START
COMMAND RIGHT END
TURN 174 RESULT
TIME LEFT 0 5 RIGHT 0 5
MOVE A5 54
MOVE A7 29
MOVE A8 44
MOVE A9 54
MOVE A10 29
MOVE A11 68
MOVE A12 68
MOVE A13 109
MOVE A14 89
MOVE A15 6
MOVE A16 29
MOVE A17 89
MOVE A18 89
MOVE A19 21
MOVE A20 68
MOVE A21 109
MOVE A24 44
MOVE B29 92
MOVE B30 168
MOVE B31 157
MOVE B32 193
MOVE B33 197
END TURN 174
TURN 175
COMMAND LEFT START
MOVE A13 0
MOVE A21 0
COMMAND LEFT END
COMMAND RIGHT START
COMMAND RIGHT END
TURN 175 RESULT
TIME LEFT 0 5 RIGHT 0 5
MOVE A5 44
MOVE A7 44
MOVE A8 54
MOVE A9 68
MOVE A10 21
MOVE A11 89
MOVE A12 89
MOVE A13 89
MOVE A14 109
MOVE A15 21
MOVE A16 21
MOVE A17 68
MOVE A18 109
MOVE A19 29
MOVE A20 54
MOVE A21 89
MOVE A24 54
MOVE B29 80
MOVE B30 154
MOVE B31 144
MOVE B32 182
MOVE B33 179
END TURN 175
TURN 176
COMMAND LEFT START
MOVE A14 0
MOVE A18 0
COMMAND LEFT END
COMMAND RIGHT START
UPGRADE 80
UPGRADE 218
TRAIN 1
COMMAND RIGHT END
TURN 176 RESULT
TIME LEFT 0 5 RIGHT 0 5
UPGRADE B 80
UPGRADE B 218
TRAIN B36
MOVE A5 29
MOVE A7 54
MOVE A8 68
MOVE A9 89
MOVE A10 6
MOVE A11 109
MOVE A12 109
MOVE A13 68
MOVE A14 89
MOVE A15 29
MOVE A16 6
MOVE A17 54
MOVE A18 89
MOVE A19 44
MOVE A20 44
MOVE A21 68
MOVE A24 68
MOVE B30 141
MOVE B31 128
MOVE B32 175
MOVE B33 167
END TURN 176
TURN 177
COMMAND LEFT START
MOVE A11 0
MOVE A12 0
COMMAND LEFT END
COMMAND RIGHT START
TRAIN 1
COMMAND RIGHT END
TURN 177 RESULT
TIME LEFT 0 5 RIGHT 0 5
TRAIN B37
MOVE A5 21
MOVE A7 68
MOVE A8 89
MOVE A9 109
MOVE A10 0
MOVE A11 89
MOVE A12 89
MOVE A13 54
MOVE A14 68
MOVE A15 44
MOVE A16 0
MOVE A17 44
MOVE A18 68
MOVE A19 54
MOVE A20 29
MOVE A21 54
MOVE A24 89
MOVE B30 118
MOVE B31 114
MOVE B32 165
MOVE B33 157
END TURN 177
TURN 178
COMMAND LEFT START
MOVE A10 109
MOVE A16 109
COMMAND LEFT END
COMMAND RIGHT START
MOVE B34 47
UPGRADE 80
COMMAND RIGHT END
TURN 178 RESULT
TIME LEFT 0 5 RIGHT 0 5
UPGRADE B 80
MOVE A5 6
MOVE A7 89
MOVE A8 109
MOVE A10 6
MOVE A11 68
MOVE A12 68
MOVE A13 44
MOVE A14 54
MOVE A15 54
MOVE A16 6
MOVE A17 29
MOVE A18 54
MOVE A19 68
MOVE A20 21
MOVE A21 44
MOVE A24 109
MOVE B31 99
MOVE B32 153
MOVE B33 144
MOVE B34 212
END TURN 178
TURN 179
COMMAND LEFT START
MOVE A6 109
MOVE A8 0
MOVE A9 0
TRAIN 1
COMMAND LEFT END
COMMAND RIGHT START
TRAIN 1
COMMAND RIGHT END
TURN 179 RESULT
TIME LEFT 0 5 RIGHT 0 5
TRAIN A25 B38
MOVE A5 0
MOVE A6 6
MOVE A7 109
MOVE A8 89
MOVE A9 89
MOVE A10 21
MOVE A11 54
MOVE A12 54
MOVE A13 29
MOVE A14 44
MOVE A15 68
MOVE A16 21
MOVE A17 21
MOVE A18 44
MOVE A19 89
MOVE A20 6
MOVE A21 29
MOVE B31 87
MOVE B32 145
MOVE B33 128
MOVE B34 197
END TURN 179
TURN 180
COMMAND LEFT START
MOVE A7 0
MOVE A25 109
COMMAND LEFT END
COMMAND RIGHT START
MOVE B35 80
COMMAND RIGHT END
TURN 180 RESULT
TIME LEFT 0 5 RIGHT 0 5
MOVE A6 21
MOVE A7 89
MOVE A8 68
MOVE A9 68
MOVE A10 29
MOVE A11 44
MOVE A12 44
MOVE A13 21
MOVE A14 29
MOVE A15 89
MOVE A16 29
MOVE A17 6
MOVE A18 29
MOVE A19 109
MOVE A20 0
MOVE A21 21
MOVE A25 6
MOVE B31 77
MOVE B32 134
MOVE B33 114
MOVE B34 189
MOVE B35 212
END TURN 180
TURN 181
COMMAND LEFT START
MOVE A19 0
MOVE A20 109
COMMAND LEFT END
COMMAND RIGHT START
COMMAND RIGHT END
TURN 181 RESULT
TIME LEFT 0 5 RIGHT 0 5
MOVE A6 29
MOVE A7 68
MOVE A8 54
MOVE A9 54
MOVE A10 44
MOVE A11 29
MOVE A12 29
MOVE A13 6
MOVE A14 21
MOVE A15 109
MOVE A16 44
MOVE A17 0
MOVE A18 21
MOVE A19 89
MOVE A20 6
MOVE A21 6
MOVE A25 21
MOVE B31 55
MOVE B32 127
MOVE B33 99
MOVE B34 174
MOVE B35 197
END TURN 181
TURN 182
COMMAND LEFT START
MOVE A15 0
MOVE A17 109
COMMAND LEFT END
COMMAND RIGHT START
UPGRADE 80
COMMAND RIGHT END
TURN 182 RESULT
TIME LEFT 0 5 RIGHT 0 5
UPGRADE B 80
MOVE A6 44
MOVE A7 54
MOVE A8 44
MOVE A9 44
MOVE A10 54
MOVE A11 21
MOVE A12 21
MOVE A13 0
MOVE A14 6
MOVE A15 89
MOVE A16 54
MOVE A17 6
MOVE A18 6
MOVE A19 68
MOVE A20 21
MOVE A21 0
MOVE A25 29
MOVE B32 107
MOVE B33 87
MOVE B34 164
MOVE B35 189
END TURN 182
TURN 183
COMMAND LEFT START
MOVE A13 109
MOVE A21 109
COMMAND LEFT END
COMMAND RIGHT START
UPGRADE 107
TRAIN 2
COMMAND RIGHT END
TURN 183 RESULT
TIME LEFT 0 5 RIGHT 0 5
UPGRADE B 107
TRAIN B39 B40
MOVE A6 54
MOVE A7 44
MOVE A8 29
MOVE A9 29
MOVE A10 68
MOVE A11 6
MOVE A12 6
MOVE A13 6
MOVE A14 0
MOVE A15 68
MOVE A16 68
MOVE A17 21
MOVE A18 0
MOVE A19 54
MOVE A20 29
MOVE A21 6
MOVE A25 44
MOVE B33 77
MOVE B34 150
MOVE B35 174
END TURN 183
TURN 184
COMMAND LEFT START
MOVE A14 109
MOVE A18 109
COMMAND LEFT END
COMMAND RIGHT START
MOVE B36 80
UPGRADE 107
COMMAND RIGHT END
TURN 184 RESULT
TIME LEFT 0 5 RIGHT 0 5
UPGRADE B 107
MOVE A6 68
MOVE A7 29
MOVE A8 21
MOVE A9 21
MOVE A10 89
MOVE A11 0
MOVE A12 0
MOVE A13 21
MOVE A14 6
MOVE A15 54
MOVE A16 89
MOVE A17 29
MOVE A18 6
MOVE A19 44
MOVE A20 44
MOVE A21 21
MOVE A25 54
MOVE B33 55
MOVE B34 129
MOVE B35 164
MOVE B36 212
END TURN 184
TURN 185
COMMAND LEFT START
MOVE A11 109
MOVE A12 109
COMMAND LEFT END
COMMAND RIGHT START
MOVE B37 107
COMMAND RIGHT END
TURN 185 RESULT
TIME LEFT 0 5 RIGHT 0 5
MOVE A6 89
MOVE A7 21
MOVE A8 6
MOVE A9 6
MOVE A10 109
MOVE A11 6
MOVE A12 6
MOVE A13 29
MOVE A14 21
MOVE A15 44
MOVE A16 109
MOVE A17 44
MOVE A18 21
MOVE A19 29
MOVE A20 54
MOVE A21 29
MOVE A25 68
MOVE B34 120
MOVE B35 150
MOVE B36 197
MOVE B37 215
END TURN 185
TURN 186
COMMAND LEFT START
MOVE A10 0
MOVE A16 0
COMMAND LEFT END
COMMAND RIGHT START
UPGRADE 107
COMMAND RIGHT END
TURN 186 RESULT
TIME LEFT 0 5 RIGHT 0 5
UPGRADE B 107
MOVE A6 109
MOVE A7 6
MOVE A8 0
MOVE A9 0
MOVE A10 89
MOVE A11 21
MOVE A12 21
MOVE A13 44
MOVE A14 29
MOVE A15 29
MOVE A16 89
MOVE A17 54
MOVE A18 29
MOVE A19 21
MOVE A20 68
MOVE A21 44
MOVE A25 89
MOVE B34 110
MOVE B35 129
MOVE B36 189
MOVE B37 205
END TURN 186
TURN 187
COMMAND LEFT START
MOVE A8 109
MOVE A9 109
COMMAND LEFT END
COMMAND RIGHT START
TRAIN 1
COMMAND RIGHT END
TURN 187 RESULT
TIME LEFT 0 5 RIGHT 0 5
TRAIN B41
MOVE A7 0
MOVE A8 6
MOVE A9 6
MOVE A10 68
MOVE A11 29
MOVE A12 29
MOVE A13 54
MOVE A14 44
MOVE A15 21
MOVE A16 68
MOVE A17 68
MOVE A18 44
MOVE A19 6
MOVE A20 89
MOVE A21 54
MOVE A25 109
MOVE B34 104
MOVE B35 120
MOVE B36 174
MOVE B37 201
END TURN 187
TURN 188
COMMAND LEFT START
MOVE A6 0
MOVE A7 109
COMMAND LEFT END
COMMAND RIGHT START
MOVE B38 107
COMMAND RIGHT END
TURN 188 RESULT
TIME LEFT 0 5 RIGHT 0 5
MOVE A6 89
MOVE A7 6
MOVE A8 21
MOVE A9 21
MOVE A10 54
MOVE A11 44
MOVE A12 44
MOVE A13 68
MOVE A14 54
MOVE A15 6
MOVE A16 54
MOVE A17 89
MOVE A18 54
MOVE A19 0
MOVE A20 109
MOVE A21 68
MOVE B34 90
MOVE B35 110
MOVE B36 164
MOVE B37 193
MOVE B38 215
END TURN 188
TURN 189
COMMAND LEFT START
MOVE A5 109
MOVE A19 109
MOVE A20 0
TRAIN 1
COMMAND LEFT END
COMMAND RIGHT START
COMMAND RIGHT END
TURN 189 RESULT
TIME LEFT 0 5 RIGHT 0 5
TRAIN A26
MOVE A5 6
MOVE A6 68
MOVE A7 21
MOVE A8 29
MOVE A9 29
MOVE A10 44
MOVE A11 54
MOVE A12 54
MOVE A13 89
MOVE A14 68
MOVE A15 0
MOVE A16 44
MOVE A17 109
MOVE A18 68
MOVE A19 6
MOVE A20 89
MOVE A21 89
MOVE B34 72
MOVE B35 104
MOVE B36 150
MOVE B37 182
MOVE B38 205
END TURN 189
TURN 190
COMMAND LEFT START
MOVE A17 0
MOVE A26 109
COMMAND LEFT END
COMMAND RIGHT START
COMMAND RIGHT END
TURN 190 RESULT
TIME LEFT 0 5 RIGHT 0 5
MOVE A5 21
MOVE A6 54
MOVE A7 29
MOVE A8 44
MOVE A9 44
MOVE A10 29
MOVE A11 68
MOVE A12 68
MOVE A13 109
MOVE A14 89
MOVE A16 29
MOVE A17 89
MOVE A18 89
MOVE A19 21
MOVE A20 68
MOVE A21 109
MOVE A26 6
MOVE B34 58
MOVE B35 92
MOVE B36 129
MOVE B37 175
MOVE B38 201
END TURN 190
TURN 191
COMMAND LEFT START
MOVE A13 0
MOVE A21 0
COMMAND LEFT END
COMMAND RIGHT START
COMMAND RIGHT END
TURN 191 RESULT
TIME LEFT 0 5 RIGHT 0 5
MOVE A5 29
MOVE A6 44
MOVE A7 44
MOVE A8 54
MOVE A9 54
MOVE A10 21
MOVE A11 89
MOVE A12 89
MOVE A13 89
MOVE A14 109
MOVE A16 21
MOVE A17 68
MOVE A18 109
MOVE A19 29
MOVE A20 54
MOVE A21 89
MOVE A26 21
MOVE B34 52
MOVE B35 80
MOVE B36 120
MOVE B37 165
MOVE B38 193
END TURN 191
TURN 192
COMMAND LEFT START
MOVE A14 0
MOVE A18 0
MOVE A22 0
COMMAND LEFT END
COMMAND RIGHT START
UPGRADE 218
TRAIN 2
COMMAND RIGHT END
TURN 192 RESULT
TIME LEFT 0 5 RIGHT 0 5
UPGRADE B 218
TRAIN B42 B43
MOVE A5 44
MOVE A6 29
MOVE A7 54
MOVE A8 68
MOVE A9 68
MOVE A10 6
MOVE A11 109
MOVE A12 109
MOVE A13 68
MOVE A14 89
MOVE A16 6
MOVE A17 54
MOVE A18 89
MOVE A19 44
MOVE A20 44
MOVE A21 68
MOVE A22 89
MOVE A26 29
MOVE B34 47
MOVE B36 110
MOVE B37 153
MOVE B38 182
END TURN 192
TURN 193
COMMAND LEFT START
MOVE A11 0
MOVE A12 0
COMMAND LEFT END
COMMAND RIGHT START
MOVE B39 47
UPGRADE 47
COMMAND RIGHT END
TURN 193 RESULT
TIME LEFT 0 5 RIGHT 0 5
UPGRADE B 47
MOVE A5 54
MOVE A6 21
MOVE A7 68
MOVE A8 89
MOVE A9 89
MOVE A10 0
MOVE A11 89
MOVE A12 89
MOVE A13 54
MOVE A14 68
MOVE A16 0
MOVE A17 44
MOVE A18 68
MOVE A19 54
MOVE A20 29
MOVE A21 54
MOVE A22 68
MOVE A26 44
MOVE B36 104
MOVE B37 145
MOVE B38 175
MOVE B39 212
END TURN 193
TURN 194
COMMAND LEFT START
MOVE A15 109
MOVE A16 109
COMMAND LEFT END
COMMAND RIGHT START
UPGRADE 47
COMMAND RIGHT END
TURN 194 RESULT
TIME LEFT 0 5 RIGHT 0 5
UPGRADE B 47
MOVE A5 68
MOVE A6 6
MOVE A7 89
MOVE A8 109
MOVE A9 109
MOVE A11 68
MOVE A12 68
MOVE A13 44
MOVE A14 54
MOVE A15 6
MOVE A16 6
MOVE A17 29
MOVE A18 54
MOVE A19 68
MOVE A20 21
MOVE A21 44
MOVE A22 54
MOVE A26 54
MOVE B36 92
MOVE B37 134
MOVE B38 165
MOVE B39 197
END TURN 194
TURN 195
COMMAND LEFT START
MOVE A8 0
MOVE A9 0
COMMAND LEFT END
COMMAND RIGHT START
UPGRADE 47
COMMAND RIGHT END
TURN 195 RESULT
TIME LEFT 0 5 RIGHT 0 5
UPGRADE B 47
MOVE A5 89
MOVE A6 0
MOVE A7 109
MOVE A8 89
MOVE A9 89
MOVE A11 54
MOVE A12 54
MOVE A13 29
MOVE A14 44
MOVE A15 21
MOVE A16 21
MOVE A17 21
MOVE A18 44
MOVE A19 89
MOVE A20 6
MOVE A21 29
MOVE A22 44
MOVE A26 68
MOVE B36 80
MOVE B37 127
MOVE B38 153
MOVE B39 189
END TURN 195
TURN 196
COMMAND LEFT START
MOVE A7 0
MOVE A10 109
COMMAND LEFT END
COMMAND RIGHT START
TRAIN 1
COMMAND RIGHT END
TURN 196 RESULT
TIME LEFT 0 5 RIGHT 0 5
TRAIN B44
MOVE A5 109
MOVE A7 89
MOVE A8 68
MOVE A9 68
MOVE A10 6
MOVE A11 44
MOVE A12 44
MOVE A13 21
MOVE A14 29
MOVE A15 29
MOVE A16 29
MOVE A17 6
MOVE A18 29
MOVE A19 109
MOVE A20 0
MOVE A21 21
MOVE A22 29
MOVE A26 89
MOVE B37 107
MOVE B38 145
MOVE B39 174
END TURN 196
TURN 197
COMMAND LEFT START
MOVE A5 0
MOVE A20 109
COMMAND LEFT END
COMMAND RIGHT START
MOVE B40 47
COMMAND RIGHT END
TURN 197 RESULT
TIME LEFT 0 5 RIGHT 0 5
MOVE A5 89
MOVE A7 68
MOVE A8 54
MOVE A9 54
MOVE A10 21
MOVE A11 29
MOVE A12 29
MOVE A13 6
MOVE A14 21
MOVE A15 44
MOVE A16 44
MOVE A17 0
MOVE A18 21
MOVE A20 6
MOVE A21 6
MOVE A22 21
MOVE A26 109
MOVE B38 134
MOVE B39 164
MOVE B40 212
END TURN 197
TURN 198
COMMAND LEFT START
MOVE A17 109
MOVE A19 0
COMMAND LEFT END
COMMAND RIGHT START
COMMAND RIGHT END
TURN 198 RESULT
TIME LEFT 0 5 RIGHT 0 5
MOVE A5 68
MOVE A7 54
MOVE A8 44
MOVE A9 44
MOVE A10 29
MOVE A11 21
MOVE A12 21
MOVE A13 0
MOVE A14 6
MOVE A15 54
MOVE A16 54
MOVE A17 6
MOVE A18 6
MOVE A19 89
MOVE A20 21
MOVE A21 0
MOVE A22 6
MOVE B38 127
MOVE B39 150
MOVE B40 197
END TURN 198
TURN 199
COMMAND LEFT START
MOVE A13 109
MOVE A21 109
COMMAND LEFT END
COMMAND RIGHT START
COMMAND RIGHT END
TURN 199 RESULT
TIME LEFT 0 5 RIGHT 0 5
MOVE A5 54
MOVE A7 44
MOVE A8 29
MOVE A9 29
MOVE A10 44
MOVE A11 6
MOVE A12 6
MOVE A13 6
MOVE A14 0
MOVE A15 68
MOVE A16 68
MOVE A17 21
MOVE A18 0
MOVE A19 68
MOVE A20 29
MOVE A21 6
MOVE A22 0
MOVE B38 107
MOVE B39 129
MOVE B40 189
END TURN 199
TURN 200
COMMAND LEFT START
MOVE A14 109
MOVE A18 109
MOVE A22 109
COMMAND LEFT END
COMMAND RIGHT START
COMMAND RIGHT END
TURN 200 RESULT
TIME LEFT 0 5 RIGHT 0 5
MOVE A5 44
MOVE A7 29
MOVE A8 21
MOVE A9 21
MOVE A10 54
MOVE A11 0
MOVE A12 0
MOVE A13 21
MOVE A14 6
MOVE A15 89
MOVE A16 89
MOVE A17 29
MOVE A18 6
MOVE A19 54
MOVE A20 44
MOVE A21 21
MOVE A22 6
MOVE B39 120
MOVE B40 174
END TURN 200
TURN 201
COMMAND LEFT START
MOVE A6 109
MOVE A11 109
MOVE A12 109
TRAIN 1
COMMAND LEFT END
COMMAND RIGHT START
UPGRADE 218
COMMAND RIGHT END
TURN 201 RESULT
TIME LEFT 0 5 RIGHT 0 5
UPGRADE B 218
TRAIN A27
MOVE A5 29
MOVE A6 6
MOVE A7 21
MOVE A8 6
MOVE A9 6
MOVE A10 68
MOVE A11 6
MOVE A12 6
MOVE A13 29
MOVE A14 21
MOVE A15 109
MOVE A16 109
MOVE A17 44
MOVE A18 21
MOVE A19 44
MOVE A20 54
MOVE A21 29
MOVE A22 21
MOVE B39 110
MOVE B40 164
END TURN 201
TURN 202
COMMAND LEFT START
MOVE A15 0
MOVE A16 0
COMMAND LEFT END
COMMAND RIGHT START
TRAIN 3
COMMAND RIGHT END
TURN 202 RESULT
TIME LEFT 0 5 RIGHT 0 5
TRAIN B45 B46 B47
MOVE A5 21
MOVE A6 21
MOVE A7 6
MOVE A8 0
MOVE A9 0
MOVE A10 89
MOVE A11 21
MOVE A12 21
MOVE A13 44
MOVE A14 29
MOVE A15 89
MOVE A16 89
MOVE A17 54
MOVE A18 29
MOVE A19 29
MOVE A20 68
MOVE A21 44
MOVE A22 29
MOVE B39 104
MOVE B40 150
END TURN 202
TURN 203
COMMAND LEFT START
MOVE A9 109
MOVE A27 109
COMMAND LEFT END
COMMAND RIGHT START
TRAIN 3
COMMAND RIGHT END
TURN 203 RESULT
TIME LEFT 0 5 RIGHT 0 5
TRAIN B48 B49 B50
MOVE A5 6
MOVE A6 29
MOVE A7 0
MOVE A9 6
MOVE A10 109
MOVE A11 29
MOVE A12 29
MOVE A13 54
MOVE A14 44
MOVE A15 68
MOVE A16 68
MOVE A17 68
MOVE A18 44
MOVE A19 21
MOVE A20 89
MOVE A21 54
MOVE A22 44
MOVE A27 6
MOVE B39 90
MOVE B40 129
END TURN 203
TURN 204
COMMAND LEFT START
MOVE A8 109
MOVE A10 0
COMMAND LEFT END
COMMAND RIGHT START
TRAIN 3
COMMAND RIGHT END
TURN 204 RESULT
TIME LEFT 0 5 RIGHT 0 5
TRAIN B51 B52 B53
MOVE A5 0
MOVE A6 44
MOVE A8 6
MOVE A9 21
MOVE A10 89
MOVE A11 44
MOVE A12 44
MOVE A13 68
MOVE A14 54
MOVE A15 54
MOVE A16 54
MOVE A17 89
MOVE A18 54
MOVE A19 6
MOVE A20 109
MOVE A21 68
MOVE A22 54
MOVE A27 21
MOVE B39 72
MOVE B40 120
END TURN 204
TURN 205
COMMAND LEFT START
MOVE A7 109
MOVE A20 0
COMMAND LEFT END
COMMAND RIGHT START
TRAIN 3
COMMAND RIGHT END
TURN 205 RESULT
TIME LEFT 0 5 RIGHT 0 5
TRAIN B54 B55 B56
MOVE A6 54
MOVE A7 6
MOVE A8 21
MOVE A9 29
MOVE A10 68
MOVE A11 54
MOVE A12 54
MOVE A13 89
MOVE A14 68
MOVE A15 44
MOVE A16 44
MOVE A17 109
MOVE A18 68
MOVE A19 0
MOVE A20 89
MOVE A21 89
MOVE A22 68
MOVE A27 29
MOVE B39 58
MOVE B40 110
END TURN 205
TURN 206
COMMAND LEFT START
MOVE A17 0
MOVE A19 109
COMMAND LEFT END
COMMAND RIGHT START
MOVE B45 47
MOVE B46 47
MOVE B47 47
TRAIN 3
COMMAND RIGHT END
TURN 206 RESULT
TIME LEFT 0 5 RIGHT 0 5
TRAIN B57 B58 B59
MOVE A6 68
MOVE A7 21
MOVE A8 29
MOVE A9 44
MOVE A10 54
MOVE A11 68
MOVE A12 68
MOVE A13 109
MOVE A14 89
MOVE A15 29
MOVE A16 29
MOVE A17 89
MOVE A18 89
MOVE A19 6
MOVE A20 68
MOVE A21 109
MOVE A22 89
MOVE A27 44
MOVE B39 52
MOVE B40 104
MOVE B45 212
MOVE B46 212
MOVE B47 212
END TURN 206
TURN 207
COMMAND LEFT START
MOVE A13 0
MOVE A21 0
MOVE A23 0
COMMAND LEFT END
COMMAND RIGHT START
MOVE B48 47
MOVE B49 47
MOVE B50 47
TRAIN 3
COMMAND RIGHT END
TURN 207 RESULT
TIME LEFT 0 5 RIGHT 0 5
TRAIN B60 B61 B62
MOVE A6 89
MOVE A7 29
MOVE A8 44
MOVE A9 54
MOVE A10 44
MOVE A11 89
MOVE A12 89
MOVE A13 89
MOVE A14 109
MOVE A15 21
MOVE A16 21
MOVE A17 68
MOVE A18 109
MOVE A19 21
MOVE A20 54
MOVE A21 89
MOVE A22 109
MOVE A23 89
MOVE A27 54
MOVE B39 47
MOVE B40 90
MOVE B45 197
MOVE B46 197
MOVE B47 197
MOVE B48 212
MOVE B49 212
MOVE B50 212
END TURN 207
TURN 208
COMMAND LEFT START
MOVE A14 0
MOVE A18 0
COMMAND LEFT END
COMMAND RIGHT START
MOVE B51 47
MOVE B52 47
MOVE B53 47
TRAIN 3
COMMAND RIGHT END
TURN 208 RESULT
TIME LEFT 0 5 RIGHT 0 5
TRAIN B63 B64 B65
MOVE A6 109
MOVE A7 44
MOVE A8 54
MOVE A9 68
MOVE A10 29
MOVE A11 109
MOVE A12 109
MOVE A13 68
MOVE A14 89
MOVE A15 6
MOVE A16 6
MOVE A17 54
MOVE A18 89
MOVE A19 29
MOVE A20 44
MOVE A21 68
MOVE A23 68
MOVE A27 68
MOVE B40 72
MOVE B45 189
MOVE B46 189
MOVE B47 189
MOVE B48 197
MOVE B49 197
MOVE B50 197
MOVE B51 212
MOVE B52 212
MOVE B53 212
END TURN 208
TURN 209
COMMAND LEFT START
MOVE A6 0
MOVE A11 0
COMMAND LEFT END
COMMAND RIGHT START
MOVE B54 47
MOVE B55 47
MOVE B56 47
TRAIN 3
COMMAND RIGHT END
TURN 209 RESULT
TIME LEFT 0 5 RIGHT 0 5
TRAIN B66 B67 B68
MOVE A6 89
MOVE A7 54
MOVE A8 68
MOVE A9 89
MOVE A10 21
MOVE A11 89
MOVE A13 54
MOVE A14 68
MOVE A15 0
MOVE A16 0
MOVE A17 44
MOVE A18 68
MOVE A19 44
MOVE A20 29
MOVE A21 54
MOVE A23 54
MOVE A27 89
MOVE B40 58
MOVE B45 174
MOVE B46 174
MOVE B47 174
MOVE B48 189
MOVE B49 189
MOVE B50 189
MOVE B51 197
MOVE B52 197
MOVE B53 197
MOVE B54 212
MOVE B55 212
MOVE B56 212
END TURN 209
TURN 210
COMMAND LEFT START
MOVE A15 109
MOVE A16 109
COMMAND LEFT END
COMMAND RIGHT START
MOVE B57 47
MOVE B58 47
MOVE B59 47
TRAIN 3
COMMAND RIGHT END
TURN 210 RESULT
TIME LEFT 0 5 RIGHT 0 5
TRAIN B69 B70 B71
MOVE A6 68
MOVE A7 68
MOVE A8 89
MOVE A9 109
MOVE A10 6
MOVE A11 68
MOVE A13 44
MOVE A14 54
MOVE A15 6
MOVE A16 6
MOVE A17 29
MOVE A18 54
MOVE A19 54
MOVE A20 21
MOVE A21 44
MOVE A23 44
MOVE A27 109
MOVE B40 52
MOVE B45 164
MOVE B46 164
MOVE B47 164
MOVE B48 174
MOVE B49 174
MOVE B50 174
MOVE B51 189
MOVE B52 189
MOVE B53 189
MOVE B54 197
MOVE B55 197
MOVE B56 197
MOVE B57 212
MOVE B58 212
MOVE B59 212
END TURN 210
TURN 211
COMMAND LEFT START
MOVE A9 0
MOVE A12 0
MOVE A22 0
COMMAND LEFT END
COMMAND RIGHT START
MOVE B60 47
MOVE B61 47
MOVE B62 47
TRAIN 3
COMMAND RIGHT END
TURN 211 RESULT
TIME LEFT 0 5 RIGHT 0 5
TRAIN B72 B73 B74
MOVE A6 54
MOVE A7 89
MOVE A8 109
MOVE A9 89
MOVE A10 0
MOVE A11 54
MOVE A12 89
MOVE A13 29
MOVE A14 44
MOVE A15 21
MOVE A16 21
MOVE A17 21
MOVE A18 44
MOVE A19 68
MOVE A20 6
MOVE A21 29
MOVE A22 89
MOVE A23 29
MOVE B40 47
MOVE B45 150
MOVE B46 150
MOVE B47 150
MOVE B48 164
MOVE B49 164
MOVE B50 164
MOVE B51 174
MOVE B52 174
MOVE B53 174
MOVE B54 189
MOVE B55 189
MOVE B56 189
MOVE B57 197
MOVE B58 197
MOVE B59 197
MOVE B60 212
MOVE B61 212
MOVE B62 212
END TURN 211
TURN 212
COMMAND LEFT START
MOVE A8 0
MOVE A10 109
COMMAND LEFT END
COMMAND RIGHT START
MOVE B63 47
MOVE B64 47
MOVE B65 47
TRAIN 3
COMMAND RIGHT END
TURN 212 RESULT
TIME LEFT 0 5 RIGHT 0 5
TRAIN B75 B76 B77
MOVE A6 44
MOVE A7 109
MOVE A8 89
MOVE A9 68
MOVE A10 6
MOVE A11 44
MOVE A12 68
MOVE A13 21
MOVE A14 29
MOVE A15 29
MOVE A16 29
MOVE A17 6
MOVE A18 29
MOVE A19 89
MOVE A20 0
MOVE A21 21
MOVE A22 68
MOVE A23 21
MOVE B45 129
MOVE B46 129
MOVE B47 129
MOVE B48 150
MOVE B49 150
MOVE B50 150
MOVE B51 164
MOVE B52 164
MOVE B53 164
MOVE B54 174
MOVE B55 174
MOVE B56 174
MOVE B57 189
MOVE B58 189
MOVE B59 189
MOVE B60 197
MOVE B61 197
MOVE B62 197
MOVE B63 212
MOVE B64 212
MOVE B65 212
END TURN 212
TURN 213
COMMAND LEFT START
MOVE A7 0
MOVE A20 109
COMMAND LEFT END
COMMAND RIGHT START
MOVE B66 47
MOVE B67 47
MOVE B68 47
TRAIN 3
COMMAND RIGHT END
TURN 213 RESULT
TIME LEFT 0 5 RIGHT 0 5
TRAIN B78 B79 B80
MOVE A6 29
MOVE A7 89
MOVE A8 68
MOVE A9 54
MOVE A10 21
MOVE A11 29
MOVE A12 54
MOVE A13 6
MOVE A14 21
MOVE A15 44
MOVE A16 44
MOVE A17 0
MOVE A18 21
MOVE A19 109
MOVE A20 6
MOVE A21 6
MOVE A22 54
MOVE A23 6
MOVE B45 120
MOVE B46 120
MOVE B47 120
MOVE B48 129
MOVE B49 129
MOVE B50 129
MOVE B51 150
MOVE B52 150
MOVE B53 150
MOVE B54 164
MOVE B55 164
MOVE B56 164
MOVE B57 174
MOVE B58 174
MOVE B59 174
MOVE B60 189
MOVE B61 189
MOVE B62 189
MOVE B63 197
MOVE B64 197
MOVE B65 197
MOVE B66 212
MOVE B67 212
MOVE B68 212
END TURN 213
TURN 214
COMMAND LEFT START
MOVE A17 109
MOVE A19 0
COMMAND LEFT END
COMMAND RIGHT START
MOVE B69 47
MOVE B70 47
MOVE B71 47
TRAIN 3
COMMAND RIGHT END
TURN 214 RESULT
TIME LEFT 0 5 RIGHT 0 5
TRAIN B81 B82 B83
MOVE A6 21
MOVE A7 68
MOVE A8 54
MOVE A9 44
MOVE A10 29
MOVE A11 21
MOVE A12 44
MOVE A13 0
MOVE A14 6
MOVE A15 54
MOVE A16 54
MOVE A17 6
MOVE A18 6
MOVE A19 89
MOVE A20 21
MOVE A21 0
MOVE A22 44
MOVE A23 0
MOVE B45 110
MOVE B46 110
MOVE B47 110
MOVE B48 120
MOVE B49 120
MOVE B50 120
MOVE B51 129
MOVE B52 129
MOVE B53 129
MOVE B54 150
MOVE B55 150
MOVE B56 150
MOVE B57 164
MOVE B58 164
MOVE B59 164
MOVE B60 174
MOVE B61 174
MOVE B62 174
MOVE B63 189
MOVE B64 189
MOVE B65 189
MOVE B66 197
MOVE B67 197
MOVE B68 197
MOVE B69 212
MOVE B70 212
MOVE B71 212
END TURN 214
TURN 215
COMMAND LEFT START
MOVE A13 109
MOVE A21 109
MOVE A23 109
COMMAND LEFT END
COMMAND RIGHT START
MOVE B72 47
MOVE B73 47
MOVE B74 47
TRAIN 3
COMMAND RIGHT END
TURN 215 RESULT
TIME LEFT 0 5 RIGHT 0 5
TRAIN B84 B85 B86
MOVE A6 6
MOVE A7 54
MOVE A8 44
MOVE A9 29
MOVE A10 44
MOVE A11 6
MOVE A12 29
MOVE A13 6
MOVE A14 0
MOVE A15 68
MOVE A16 68
MOVE A17 21
MOVE A18 0
MOVE A19 68
MOVE A20 29
MOVE A21 6
MOVE A22 29
MOVE A23 6
MOVE B45 104
MOVE B46 104
MOVE B47 104
MOVE B48 110
MOVE B49 110
MOVE B50 110
MOVE B51 120
MOVE B52 120
MOVE B53 120
MOVE B54 129
MOVE B55 129
MOVE B56 129
MOVE B57 150
MOVE B58 150
MOVE B59 150
MOVE B60 164
MOVE B61 164
MOVE B62 164
MOVE B63 174
MOVE B64 174
MOVE B65 174
MOVE B66 189
MOVE B67 189
MOVE B68 189
MOVE B69 197
MOVE B70 197
MOVE B71 197
MOVE B72 212
MOVE B73 212
MOVE B74 212
END TURN 215
TURN 216
COMMAND LEFT START
MOVE A5 109
MOVE A14 109
MOVE A18 109
TRAIN 1
COMMAND LEFT END
COMMAND RIGHT START
MOVE B75 47
MOVE B76 47
MOVE B77 47
TRAIN 3
COMMAND RIGHT END
TURN 216 RESULT
TIME LEFT 0 5 RIGHT 0 5
TRAIN A28 B87 B88 B89
MOVE A5 6
MOVE A6 0
MOVE A7 44
MOVE A8 29
MOVE A9 21
MOVE A10 54
MOVE A11 0
MOVE A12 21
MOVE A13 21
MOVE A14 6
MOVE A15 89
MOVE A16 89
MOVE A17 29
MOVE A18 6
MOVE A19 54
MOVE A20 44
MOVE A21 21
MOVE A22 21
MOVE A23 21
MOVE B45 90
MOVE B46 90
MOVE B47 90
MOVE B48 104
MOVE B49 104
MOVE B50 104
MOVE B51 110
MOVE B52 110
MOVE B53 110
MOVE B54 120
MOVE B55 120
MOVE B56 120
MOVE B57 129
MOVE B58 129
MOVE B59 129
MOVE B60 150
MOVE B61 150
MOVE B62 150
MOVE B63 164
MOVE B64 164
MOVE B65 164
MOVE B66 174
MOVE B67 174
MOVE B68 174
MOVE B69 189
MOVE B70 189
MOVE B71 189
MOVE B72 197
MOVE B73 197
MOVE B74 197
MOVE B75 212
MOVE B76 212
MOVE B77 212
END TURN 216
TURN 217
COMMAND LEFT START
MOVE A11 109
MOVE A28 109
COMMAND LEFT END
COMMAND RIGHT START
MOVE B78 47
MOVE B79 47
TRAIN 3
COMMAND RIGHT END
TURN 217 RESULT
TIME LEFT 0 5 RIGHT 0 5
TRAIN B90 B91 B92
MOVE A5 21
MOVE A7 29
MOVE A8 21
MOVE A9 6
MOVE A10 68
MOVE A11 6
MOVE A12 6
MOVE A13 29
MOVE A14 21
MOVE A15 109
MOVE A16 109
MOVE A17 44
MOVE A18 21
MOVE A19 44
MOVE A20 54
MOVE A21 29
MOVE A22 6
MOVE A23 29
MOVE A28 6
MOVE B45 72
MOVE B46 72
MOVE B47 72
MOVE B48 90
MOVE B49 90
MOVE B50 90
MOVE B51 104
MOVE B52 104
MOVE B53 104
MOVE B54 110
MOVE B55 110
MOVE B56 110
MOVE B57 120
MOVE B58 120
MOVE B59 120
MOVE B60 129
MOVE B61 129
MOVE B62 129
MOVE B63 150
MOVE B64 150
MOVE B65 150
MOVE B66 164
MOVE B67 164
MOVE B68 164
MOVE B69 174
MOVE B70 174
MOVE B71 174
MOVE B72 189
MOVE B73 189
MOVE B74 189
MOVE B75 197
MOVE B76 197
MOVE B77 197
MOVE B78 212
MOVE B79 212
END TURN 217
TURN 218
COMMAND LEFT START
MOVE A15 0
MOVE A16 0
COMMAND LEFT END
COMMAND RIGHT START
MOVE B80 47
MOVE B81 47
MOVE B82 47
TRAIN 3
COMMAND RIGHT END
TURN 218 RESULT
TIME LEFT 0 5 RIGHT 0 5
TRAIN B93 B94 B95
MOVE A5 29
MOVE A7 21
MOVE A8 6
MOVE A9 0
MOVE A10 89
MOVE A11 21
MOVE A12 0
MOVE A13 44
MOVE A14 29
MOVE A15 89
MOVE A16 89
MOVE A17 54
MOVE A18 29
MOVE A19 29
MOVE A20 68
MOVE A21 44
MOVE A22 0
MOVE A23 44
MOVE A28 21
MOVE B45 58
MOVE B46 58
MOVE B47 58
MOVE B48 72
MOVE B49 72
MOVE B50 72
MOVE B51 90
MOVE B52 90
MOVE B53 90
MOVE B54 104
MOVE B55 104
MOVE B56 104
MOVE B57 110
MOVE B58 110
MOVE B59 110
MOVE B60 120
MOVE B61 120
MOVE B62 120
MOVE B63 129
MOVE B64 129
MOVE B65 129
MOVE B66 150
MOVE B67 150
MOVE B68 150
MOVE B69 164
MOVE B70 164
MOVE B71 164
MOVE B72 174
MOVE B73 174
MOVE B74 174
MOVE B75 189
MOVE B76 189
MOVE B77 189
MOVE B78 197
MOVE B79 197
MOVE B80 212
MOVE B81 212
MOVE B82 212
END TURN 218
TURN 219
COMMAND LEFT START
MOVE A9 109
MOVE A12 109
MOVE A22 109
COMMAND LEFT END
COMMAND RIGHT START
MOVE B83 47
MOVE B84 47
MOVE B85 47
TRAIN 3
COMMAND RIGHT END
TURN 219 RESULT
TIME LEFT 0 5 RIGHT 0 5
TRAIN B96 B97 B98
MOVE A5 44
MOVE A7 6
MOVE A8 0
MOVE A9 6
MOVE A10 109
MOVE A11 29
MOVE A12 6
MOVE A13 54
MOVE A14 44
MOVE A15 68
MOVE A16 68
MOVE A17 68
MOVE A18 44
MOVE A19 21
MOVE A20 89
MOVE A21 54
MOVE A22 6
MOVE A23 54
MOVE A28 29
MOVE B45 52
MOVE B46 52
MOVE B47 52
MOVE B48 58
MOVE B49 58
MOVE B50 58
MOVE B51 72
MOVE B52 72
MOVE B53 72
MOVE B54 90
MOVE B55 90
MOVE B56 90
MOVE B57 104
MOVE B58 104
MOVE B59 104
MOVE B60 110
MOVE B61 110
MOVE B62 110
MOVE B63 120
MOVE B64 120
MOVE B65 120
MOVE B66 129
MOVE B67 129
MOVE B68 129
MOVE B69 150
MOVE B70 150
MOVE B71 150
MOVE B72 164
MOVE B73 164
MOVE B74 164
MOVE B75 174
MOVE B76 174
MOVE B77 174
MOVE B78 189
MOVE B79 189
MOVE B80 197
MOVE B81 197
MOVE B82 197
MOVE B83 212
MOVE B84 212
MOVE B85 212
END TURN 219
TURN 220
COMMAND LEFT START
MOVE A8 109
MOVE A10 0
MOVE A24 0
MOVE A25 0
MOVE A26 0
COMMAND LEFT END
COMMAND RIGHT START
MOVE B86 47
MOVE B87 47
MOVE B88 47
TRAIN 3
COMMAND RIGHT END
TURN 220 RESULT
TIME LEFT 0 5 RIGHT 0 5
TRAIN B99 B100 B101
MOVE A5 54
MOVE A7 0
MOVE A8 6
MOVE A9 21
MOVE A10 89
MOVE A11 44
MOVE A12 21
MOVE A13 68
MOVE A14 54
MOVE A15 54
MOVE A16 54
MOVE A17 89
MOVE A18 54
MOVE A19 6
MOVE A20 109
MOVE A21 68
MOVE A22 21
MOVE A23 68
MOVE A24 89
MOVE A25 89
MOVE A26 89
MOVE A28 44
MOVE B45 47
MOVE B46 47
MOVE B47 47
MOVE B48 52
MOVE B49 52
MOVE B50 52
MOVE B51 58
MOVE B52 58
MOVE B53 58
MOVE B54 72
MOVE B55 72
MOVE B56 72
MOVE B57 90
MOVE B58 90
MOVE B59 90
MOVE B60 104
MOVE B61 104
MOVE B62 104
MOVE B63 110
MOVE B64 110
MOVE B65 110
MOVE B66 120
MOVE B67 120
MOVE B68 120
MOVE B69 129
MOVE B70 129
MOVE B71 129
MOVE B72 150
MOVE B73 150
MOVE B74 150
MOVE B75 164
MOVE B76 164
MOVE B77 164
MOVE B78 174
MOVE B79 174
MOVE B80 189
MOVE B81 189
MOVE B82 189
MOVE B83 197
MOVE B84 197
MOVE B85 197
MOVE B86 212
MOVE B87 212
MOVE B88 212
END TURN 220
TURN 221
COMMAND LEFT START
MOVE A7 109
MOVE A20 0
MOVE A27 0
COMMAND LEFT END
COMMAND RIGHT START
MOVE B89 47
MOVE B90 47
MOVE B91 47
TRAIN 3
COMMAND RIGHT END
TURN 221 RESULT
TIME LEFT 0 5 RIGHT 0 5
TRAIN B102 B103 B104
MOVE A5 68
MOVE A7 6
MOVE A8 21
MOVE A9 29
MOVE A10 68
MOVE A11 54
MOVE A12 29
MOVE A13 89
MOVE A14 68
MOVE A15 44
MOVE A16 44
MOVE A17 109
MOVE A18 68
MOVE A19 0
MOVE A20 89
MOVE A21 89
MOVE A22 29
MOVE A23 89
MOVE A24 68
MOVE A25 68
MOVE A26 68
MOVE A27 89
MOVE A28 54
MOVE B48 47
MOVE B49 47
MOVE B50 47
MOVE B51 52
MOVE B52 52
MOVE B53 52
MOVE B54 58
MOVE B55 58
MOVE B56 58
MOVE B57 72
MOVE B58 72
MOVE B59 72
MOVE B60 90
MOVE B61 90
MOVE B62 90
MOVE B63 104
MOVE B64 104
MOVE B65 104
MOVE B66 110
MOVE B67 110
MOVE B68 110
MOVE B69 120
MOVE B70 120
MOVE B71 120
MOVE B72 129
MOVE B73 129
MOVE B74 129
MOVE B75 150
MOVE B76 150
MOVE B77 150
MOVE B78 164
MOVE B79 164
MOVE B80 174
MOVE B81 174
MOVE B82 174
MOVE B83 189
MOVE B84 189
MOVE B85 189
MOVE B86 197
MOVE B87 197
MOVE B88 197
MOVE B89 212
MOVE B90 212
MOVE B91 212
END TURN 221
TURN 222
COMMAND LEFT START
MOVE A17 0
MOVE A19 109
COMMAND LEFT END
COMMAND RIGHT START
MOVE B92 47
MOVE B93 47
MOVE B94 47
TRAIN 3
COMMAND RIGHT END
TURN 222 RESULT
TIME LEFT 0 5 RIGHT 0 5
TRAIN B105 B106 B107
MOVE A5 89
MOVE A7 21
MOVE A8 29
MOVE A9 44
MOVE A10 54
MOVE A11 68
MOVE A12 44
MOVE A13 109
MOVE A14 89
MOVE A15 29
MOVE A16 29
MOVE A17 89
MOVE A18 89
MOVE A19 6
MOVE A20 68
MOVE A21 109
MOVE A22 44
MOVE A23 109
MOVE A24 54
MOVE A25 54
MOVE A26 54
MOVE A27 68
MOVE A28 68
MOVE B51 47
MOVE B52 47
MOVE B53 47
MOVE B54 52
MOVE B55 52
MOVE B56 52
MOVE B57 58
MOVE B58 58
MOVE B59 58
MOVE B60 72
MOVE B61 72
MOVE B62 72
MOVE B63 90
MOVE B64 90
MOVE B65 90
MOVE B66 104
MOVE B67 104
MOVE B68 104
MOVE B69 110
MOVE B70 110
MOVE B71 110
MOVE B72 120
MOVE B73 120
MOVE B74 120
MOVE B75 129
MOVE B76 129
MOVE B77 129
MOVE B78 150
MOVE B79 150
MOVE B80 164
MOVE B81 164
MOVE B82 164
MOVE B83 174
MOVE B84 174
MOVE B85 174
MOVE B86 189
MOVE B87 189
MOVE B88 189
MOVE B89 197
MOVE B90 197
MOVE B91 197
MOVE B92 212
MOVE B93 212
MOVE B94 212
END TURN 222
TURN 223
COMMAND LEFT START
MOVE A13 0
MOVE A21 0
MOVE A23 0
COMMAND LEFT END
COMMAND RIGHT START
MOVE B95 47
MOVE B96 47
MOVE B97 47
TRAIN 3
COMMAND RIGHT END
TURN 223 RESULT
TIME LEFT 0 5 RIGHT 0 5
TRAIN B108 B109 B110
MOVE A5 109
MOVE A7 29
MOVE A8 44
MOVE A9 54
MOVE A10 44
MOVE A11 89
MOVE A12 54
MOVE A13 89
MOVE A14 109
MOVE A15 21
MOVE A16 21
MOVE A17 68
MOVE A18 109
MOVE A19 21
MOVE A20 54
MOVE A21 89
MOVE A22 54
MOVE A23 89
MOVE A24 44
MOVE A25 44
MOVE A26 44
MOVE A27 54
MOVE A28 89
MOVE B54 47
MOVE B55 47
MOVE B56 47
MOVE B57 52
MOVE B58 52
MOVE B59 52
MOVE B60 58
MOVE B61 58
MOVE B62 58
MOVE B63 72
MOVE B64 72
MOVE B65 72
MOVE B66 90
MOVE B67 90
MOVE B68 90
MOVE B69 104
MOVE B70 104
MOVE B71 104
MOVE B72 110
MOVE B73 110
MOVE B74 110
MOVE B75 120
MOVE B76 120
MOVE B77 120
MOVE B78 129
MOVE B79 129
MOVE B80 150
MOVE B81 150
MOVE B82 150
MOVE B83 164
MOVE B84 164
MOVE B85 164
MOVE B86 174
MOVE B87 174
MOVE B88 174
MOVE B89 189
MOVE B90 189
MOVE B91 189
MOVE B92 197
MOVE B93 197
MOVE B94 197
MOVE B95 212
MOVE B96 212
MOVE B97 212
END TURN 223
TURN 224
COMMAND LEFT START
MOVE A5 0
MOVE A14 0
MOVE A18 0
COMMAND LEFT END
COMMAND RIGHT START
MOVE B98 47
MOVE B99 47
MOVE B100 47
TRAIN 3
COMMAND RIGHT END
TURN 224 RESULT
TIME LEFT 0 5 RIGHT 0 5
TRAIN B111 B112 B113
MOVE A5 89
MOVE A7 44
MOVE A8 54
MOVE A9 68
MOVE A10 29
MOVE A11 109
MOVE A12 68
MOVE A13 68
MOVE A14 89
MOVE A15 6
MOVE A16 6
MOVE A17 54
MOVE A18 89
MOVE A19 29
MOVE A20 44
MOVE A21 68
MOVE A22 68
MOVE A23 68
MOVE A24 29
MOVE A25 29
MOVE A26 29
MOVE A27 44
MOVE A28 109
MOVE B57 47
MOVE B58 47
MOVE B59 47
MOVE B60 52
MOVE B61 52
MOVE B62 52
MOVE B63 58
MOVE B64 58
MOVE B65 58
MOVE B66 72
MOVE B67 72
MOVE B68 72
MOVE B69 90
MOVE B70 90
MOVE B71 90
MOVE B72 104
MOVE B73 104
MOVE B74 104
MOVE B75 110
MOVE B76 110
MOVE B77 110
MOVE B78 120
MOVE B79 120
MOVE B80 129
MOVE B81 129
MOVE B82 129
MOVE B83 150
MOVE B84 150
MOVE B85 150
MOVE B86 164
MOVE B87 164
MOVE B88 164
MOVE B89 174
MOVE B90 174
MOVE B91 174
MOVE B92 189
MOVE B93 189
MOVE B94 189
MOVE B95 197
MOVE B96 197
MOVE B97 197
MOVE B98 212
MOVE B99 212
MOVE B100 212
END TURN 224
TURN 225
COMMAND LEFT START
MOVE A11 0
MOVE A28 0
COMMAND LEFT END
COMMAND RIGHT START
MOVE B101 47
MOVE B102 47
MOVE B103 47
TRAIN 3
COMMAND RIGHT END
TURN 225 RESULT
TIME LEFT 0 5 RIGHT 0 5
TRAIN B114 B115 B116
MOVE A5 68
MOVE A7 54
MOVE A8 68
MOVE A9 89
MOVE A10 21
MOVE A11 89
MOVE A12 89
MOVE A13 54
MOVE A14 68
MOVE A15 0
MOVE A16 0
MOVE A17 44
MOVE A18 68
MOVE A19 44
MOVE A20 29
MOVE A21 54
MOVE A22 89
MOVE A23 54
MOVE A24 21
MOVE A25 21
MOVE A26 21
MOVE A27 29
MOVE A28 89
MOVE B60 47
MOVE B61 47
MOVE B62 47
MOVE B63 52
MOVE B64 52
MOVE B65 52
MOVE B66 58
MOVE B67 58
MOVE B68 58
MOVE B69 72
MOVE B70 72
MOVE B71 72
MOVE B72 90
MOVE B73 90
MOVE B74 90
MOVE B75 104
MOVE B76 104
MOVE B77 104
MOVE B78 110
MOVE B79 110
MOVE B80 120
MOVE B81 120
MOVE B82 120
MOVE B83 129
MOVE B84 129
MOVE B85 129
MOVE B86 150
MOVE B87 150
MOVE B88 150
MOVE B89 164
MOVE B90 164
MOVE B91 164
MOVE B92 174
MOVE B93 174
MOVE B94 174
MOVE B95 189
MOVE B96 189
MOVE B97 189
MOVE B98 197
MOVE B99 197
MOVE B100 197
MOVE B101 212
MOVE B102 212
MOVE B103 212
END TURN 225
TURN 226
COMMAND LEFT START
MOVE A15 109
MOVE A16 109
COMMAND LEFT END
COMMAND RIGHT START
MOVE B45 61
MOVE B46 61
MOVE B47 61
MOVE B48 61
MOVE B49 61
MOVE B50 61
MOVE B51 61
MOVE B52 61
MOVE B53 61
MOVE B54 61
MOVE B55 61
MOVE B56 61
MOVE B57 61
MOVE B58 61
MOVE B59 61
MOVE B60 61
MOVE B61 61
MOVE B62 61
MOVE B104 47
MOVE B105 47
MOVE B106 47
TRAIN 3
COMMAND RIGHT END
TURN 226 RESULT
TIME LEFT 0 5 RIGHT 0 5
TRAIN B117 B118 B119
MOVE A5 54
MOVE A7 68
MOVE A8 89
MOVE A9 109
MOVE A10 6
MOVE A11 68
MOVE A12 109
MOVE A13 44
MOVE A14 54
MOVE A15 6
MOVE A16 6
MOVE A17 29
MOVE A18 54
MOVE A19 54
MOVE A20 21
MOVE A21 44
MOVE A22 109
MOVE A23 44
MOVE A24 6
MOVE A25 6
MOVE A26 6
MOVE A27 21
MOVE A28 68
MOVE B45 52
MOVE B46 52
MOVE B47 52
MOVE B48 52
MOVE B49 52
MOVE B50 52
MOVE B51 52
MOVE B52 52
MOVE B53 52
MOVE B54 52
MOVE B55 52
MOVE B56 52
MOVE B57 52
MOVE B58 52
MOVE B59 52
MOVE B60 52
MOVE B61 52
MOVE B62 52
MOVE B63 47
MOVE B64 47
MOVE B65 47
MOVE B66 52
MOVE B67 52
MOVE B68 52
MOVE B69 58
MOVE B70 58
MOVE B71 58
MOVE B72 72
MOVE B73 72
MOVE B74 72
MOVE B75 90
MOVE B76 90
MOVE B77 90
MOVE B78 104
MOVE B79 104
MOVE B80 110
MOVE B81 110
MOVE B82 110
MOVE B83 120
MOVE B84 120
MOVE B85 120
MOVE B86 129
MOVE B87 129
MOVE B88 129
MOVE B89 150
MOVE B90 150
MOVE B91 150
MOVE B92 164
MOVE B93 164
MOVE B94 164
MOVE B95 174
MOVE B96 174
MOVE B97 174
MOVE B98 189
MOVE B99 189
MOVE B100 189
MOVE B101 197
MOVE B102 197
MOVE B103 197
MOVE B104 212
MOVE B105 212
MOVE B106 212
END TURN 226
TURN 227
COMMAND LEFT START
MOVE A9 0
MOVE A12 0
MOVE A22 0
COMMAND LEFT END
COMMAND RIGHT START
MOVE B107 47
MOVE B108 47
MOVE B109 47
TRAIN 3
COMMAND RIGHT END
TURN 227 RESULT
TIME LEFT 0 5 RIGHT 0 5
TRAIN B120 B121 B122
MOVE A5 44
MOVE A7 89
MOVE A8 109
MOVE A9 89
MOVE A10 0
MOVE A11 54
MOVE A12 89
MOVE A13 29
MOVE A14 44
MOVE A15 21
MOVE A16 21
MOVE A17 21
MOVE A18 44
MOVE A19 68
MOVE A20 6
MOVE A21 29
MOVE A22 89
MOVE A23 29
MOVE A24 0
MOVE A25 0
MOVE A26 0
MOVE A27 6
MOVE A28 54
MOVE B45 58
MOVE B46 58
MOVE B47 58
MOVE B48 58
MOVE B49 58
MOVE B50 58
MOVE B51 58
MOVE B52 58
MOVE B53 58
MOVE B54 58
MOVE B55 58
MOVE B56 58
MOVE B57 58
MOVE B58 58
MOVE B59 58
MOVE B60 58
MOVE B61 58
MOVE B62 58
MOVE B66 47
MOVE B67 47
MOVE B68 47
MOVE B69 52
MOVE B70 52
MOVE B71 52
MOVE B72 58
MOVE B73 58
MOVE B74 58
MOVE B75 72
MOVE B76 72
MOVE B77 72
MOVE B78 90
MOVE B79 90
MOVE B80 104
MOVE B81 104
MOVE B82 104
MOVE B83 110
MOVE B84 110
MOVE B85 110
MOVE B86 120
MOVE B87 120
MOVE B88 120
MOVE B89 129
MOVE B90 129
MOVE B91 129
MOVE B92 150
MOVE B93 150
MOVE B94 150
MOVE B95 164
MOVE B96 164
MOVE B97 164
MOVE B98 174
MOVE B99 174
MOVE B100 174
MOVE B101 189
MOVE B102 189
MOVE B103 189
MOVE B104 197
MOVE B105 197
MOVE B106 197
MOVE B107 212
MOVE B108 212
MOVE B109 212
END TURN 227
TURN 228
COMMAND LEFT START
MOVE A8 0
MOVE A10 109
MOVE A24 109
MOVE A25 109
MOVE A26 109
COMMAND LEFT END
COMMAND RIGHT START
MOVE B110 47
MOVE B111 47
MOVE B112 47
TRAIN 3
COMMAND RIGHT END
TURN 228 RESULT
TIME LEFT 0 5 RIGHT 1 5
TRAIN B123 B124 B125
MOVE A5 29
MOVE A7 109
MOVE A8 89
MOVE A9 68
MOVE A10 6
MOVE A11 44
MOVE A12 68
MOVE A13 21
MOVE A14 29
MOVE A15 29
MOVE A16 29
MOVE A17 6
MOVE A18 29
MOVE A19 89
MOVE A20 0
MOVE A21 21
MOVE A22 68
MOVE A23 21
MOVE A24 6
MOVE A25 6
MOVE A26 6
MOVE A27 0
MOVE A28 44
MOVE B45 61
MOVE B46 61
MOVE B47 61
MOVE B48 61
MOVE B49 61
MOVE B50 61
MOVE B51 61
MOVE B52 61
MOVE B53 61
MOVE B54 61
MOVE B55 61
MOVE B56 61
MOVE B57 61
MOVE B58 61
MOVE B59 61
MOVE B60 61
MOVE B61 61
MOVE B62 61
MOVE B69 47
MOVE B70 47
MOVE B71 47
MOVE B72 52
MOVE B73 52
MOVE B74 52
MOVE B75 58
MOVE B76 58
MOVE B77 58
MOVE B78 72
MOVE B79 72
MOVE B80 90
MOVE B81 90
MOVE B82 90
MOVE B83 104
MOVE B84 104
MOVE B85 104
MOVE B86 110
MOVE B87 110
MOVE B88 110
MOVE B89 120
MOVE B90 120
MOVE B91 120
MOVE B92 129
MOVE B93 129
MOVE B94 129
MOVE B95 150
MOVE B96 150
MOVE B97 150
MOVE B98 164
MOVE B99 164
MOVE B100 164
MOVE B101 174
MOVE B102 174
MOVE B103 174
MOVE B104 189
MOVE B105 189
MOVE B106 189
MOVE B107 197
MOVE B108 197
MOVE B109 197
MOVE B110 212
MOVE B111 212
MOVE B112 212
DAMAGE TURRET B45 1
DAMAGE COMBAT A1 4
DAMAGE COMBAT B45 1
SIEGE A 61 6
END TURN 228
TURN 229
COMMAND LEFT START
MOVE A20 109
MOVE A27 109
COMMAND LEFT END
COMMAND RIGHT START
MOVE B113 47
MOVE B114 47
MOVE B115 47
UPGRADE 61
TRAIN 3
COMMAND RIGHT END
TURN 229 RESULT
TIME LEFT 0 5 RIGHT 0 5
UPGRADE B 61
TRAIN B126 B127 B128
MOVE A5 21
MOVE A8 68
MOVE A9 54
MOVE A10 21
MOVE A11 29
MOVE A12 54
MOVE A13 6
MOVE A14 21
MOVE A15 44
MOVE A16 44
MOVE A17 0
MOVE A18 21
MOVE A19 109
MOVE A20 6
MOVE A21 6
MOVE A22 54
MOVE A23 6
MOVE A24 21
MOVE A25 21
MOVE A26 21
MOVE A27 6
MOVE A28 29
MOVE B72 47
MOVE B73 47
MOVE B74 47
MOVE B75 52
MOVE B76 52
MOVE B77 52
MOVE B78 58
MOVE B79 58
MOVE B80 72
MOVE B81 72
MOVE B82 72
MOVE B83 90
MOVE B84 90
MOVE B85 90
MOVE B86 104
MOVE B87 104
MOVE B88 104
MOVE B89 110
MOVE B90 110
MOVE B91 110
MOVE B92 120
MOVE B93 120
MOVE B94 120
MOVE B95 129
MOVE B96 129
MOVE B97 129
MOVE B98 150
MOVE B99 150
MOVE B100 150
MOVE B101 164
MOVE B102 164
MOVE B103 164
MOVE B104 174
MOVE B105 174
MOVE B106 174
MOVE B107 189
MOVE B108 189
MOVE B109 189
MOVE B110 197
MOVE B111 197
MOVE B112 197
MOVE B113 212
MOVE B114 212
MOVE B115 212
END TURN 229
TURN 230
COMMAND LEFT START
MOVE A7 0
MOVE A17 109
COMMAND LEFT END
COMMAND RIGHT START
MOVE B116 47
MOVE B117 47
MOVE B118 47
MOVE B46 47
MOVE B47 47
MOVE B48 47
MOVE B49 47
MOVE B50 47
MOVE B51 47
MOVE B52 47
MOVE B53 47
MOVE B54 47
MOVE B55 47
MOVE B56 47
MOVE B57 47
MOVE B58 47
MOVE B59 47
MOVE B60 47
MOVE B61 47
MOVE B62 47
UPGRADE 61
TRAIN 3
COMMAND RIGHT END
TURN 230 RESULT
TIME LEFT 0 5 RIGHT 0 5
UPGRADE B 61
TRAIN B129 B130 B131
MOVE A5 6
MOVE A7 89
MOVE A8 54
MOVE A9 44
MOVE A10 29
MOVE A11 21
MOVE A12 44
MOVE A13 0
MOVE A14 6
MOVE A15 54
MOVE A16 54
MOVE A17 6
MOVE A18 6
MOVE A20 21
MOVE A21 0
MOVE A22 44
MOVE A23 0
MOVE A24 29
MOVE A25 29
MOVE A26 29
MOVE A27 21
MOVE A28 21
MOVE B46 58
MOVE B47 58
MOVE B48 58
MOVE B49 58
MOVE B50 58
MOVE B51 58
MOVE B52 58
MOVE B53 58
MOVE B54 58
MOVE B55 58
MOVE B56 58
MOVE B57 58
MOVE B58 58
MOVE B59 58
MOVE B60 58
MOVE B61 58
MOVE B62 58
MOVE B75 47
MOVE B76 47
MOVE B77 47
MOVE B78 52
MOVE B79 52
MOVE B80 58
MOVE B81 58
MOVE B82 58
MOVE B83 72
MOVE B84 72
MOVE B85 72
MOVE B86 90
MOVE B87 90
MOVE B88 90
MOVE B89 104
MOVE B90 104
MOVE B91 104
MOVE B92 110
MOVE B93 110
MOVE B94 110
MOVE B95 120
MOVE B96 120
MOVE B97 120
MOVE B98 129
MOVE B99 129
MOVE B100 129
MOVE B101 150
MOVE B102 150
MOVE B103 150
MOVE B104 164
MOVE B105 164
MOVE B106 164
MOVE B107 174
MOVE B108 174
MOVE B109 174
MOVE B110 189
MOVE B111 189
MOVE B112 189
MOVE B113 197
MOVE B114 197
MOVE B115 197
MOVE B116 212
MOVE B117 212
MOVE B118 212
END TURN 230
TURN 231
COMMAND LEFT START
MOVE A13 109
MOVE A21 109
MOVE A23 109
COMMAND LEFT END
COMMAND RIGHT START
MOVE B41 61
MOVE B119 47
MOVE B120 47
TRAIN 3
COMMAND RIGHT END
TURN 231 RESULT
TIME LEFT 0 5 RIGHT 0 5
TRAIN B132 B133 B134
MOVE A5 0
MOVE A7 68
MOVE A8 44
MOVE A9 29
MOVE A10 44
MOVE A11 6
MOVE A12 29
MOVE A13 6
MOVE A14 0
MOVE A15 68
MOVE A16 68
MOVE A17 21
MOVE A18 0
MOVE A20 29
MOVE A21 6
MOVE A22 29
MOVE A23 6
MOVE A24 44
MOVE A25 44
MOVE A26 44
MOVE A27 29
MOVE A28 6
MOVE B41 212
MOVE B46 52
MOVE B47 52
MOVE B48 52
MOVE B49 52
MOVE B50 52
MOVE B51 52
MOVE B52 52
MOVE B53 52
MOVE B54 52
MOVE B55 52
MOVE B56 52
MOVE B57 52
MOVE B58 52
MOVE B59 52
MOVE B60 52
MOVE B61 52
MOVE B62 52
MOVE B78 47
MOVE B79 47
MOVE B80 52
MOVE B81 52
MOVE B82 52
MOVE B83 58
MOVE B84 58
MOVE B85 58
MOVE B86 72
MOVE B87 72
MOVE B88 72
MOVE B89 90
MOVE B90 90
MOVE B91 90
MOVE B92 104
MOVE B93 104
MOVE B94 104
MOVE B95 110
MOVE B96 110
MOVE B97 110
MOVE B98 120
MOVE B99 120
MOVE B100 120
MOVE B101 129
MOVE B102 129
MOVE B103 129
MOVE B104 150
MOVE B105 150
MOVE B106 150
MOVE B107 164
MOVE B108 164
MOVE B109 164
MOVE B110 174
MOVE B111 174
MOVE B112 174
MOVE B113 189
MOVE B114 189
MOVE B115 189
MOVE B116 197
MOVE B117 197
MOVE B118 197
MOVE B119 212
MOVE B120 212
END TURN 231
TURN 232
COMMAND LEFT START
MOVE A6 109
MOVE A14 109
MOVE A18 109
COMMAND LEFT END
COMMAND RIGHT START
MOVE B63 60
MOVE B64 60
MOVE B65 60
MOVE B66 60
MOVE B67 60
MOVE B68 60
MOVE B69 60
MOVE B70 60
MOVE B71 60
MOVE B72 60
MOVE B73 60
MOVE B74 60
MOVE B75 60
MOVE B76 60
MOVE B77 60
MOVE B78 60
MOVE B79 60
MOVE B121 47
MOVE B122 47
MOVE B123 47
UPGRADE 61
TRAIN 3
COMMAND RIGHT END
TURN 232 RESULT
TIME LEFT 0 5 RIGHT 0 5
UPGRADE B 61
TRAIN B135 B136 B137
MOVE A6 6
MOVE A7 54
MOVE A8 29
MOVE A9 21
MOVE A10 54
MOVE A11 0
MOVE A12 21
MOVE A13 21
MOVE A14 6
MOVE A15 89
MOVE A16 89
MOVE A17 29
MOVE A18 6
MOVE A20 44
MOVE A21 21
MOVE A22 21
MOVE A23 21
MOVE A24 54
MOVE A25 54
MOVE A26 54
MOVE A27 44
MOVE A28 0
MOVE B41 197
MOVE B46 47
MOVE B47 47
MOVE B48 47
MOVE B49 47
MOVE B50 47
MOVE B51 47
MOVE B52 47
MOVE B53 47
MOVE B54 47
MOVE B55 47
MOVE B56 47
MOVE B57 47
MOVE B58 47
MOVE B59 47
MOVE B60 47
MOVE B61 47
MOVE B62 47
MOVE B63 52
MOVE B64 52
MOVE B65 52
MOVE B66 52
MOVE B67 52
MOVE B68 52
MOVE B69 52
MOVE B70 52
MOVE B71 52
MOVE B72 52
MOVE B73 52
MOVE B74 52
MOVE B75 52
MOVE B76 52
MOVE B77 52
MOVE B78 52
MOVE B79 52
MOVE B80 47
MOVE B81 47
MOVE B82 47
MOVE B83 52
MOVE B84 52
MOVE B85 52
MOVE B86 58
MOVE B87 58
MOVE B88 58
MOVE B89 72
MOVE B90 72
MOVE B91 72
MOVE B92 90
MOVE B93 90
MOVE B94 90
MOVE B95 104
MOVE B96 104
MOVE B97 104
MOVE B98 110
MOVE B99 110
MOVE B100 110
MOVE B101 120
MOVE B102 120
MOVE B103 120
MOVE B104 129
MOVE B105 129
MOVE B106 129
MOVE B107 150
MOVE B108 150
MOVE B109 150
MOVE B110 164
MOVE B111 164
MOVE B112 164
MOVE B113 174
MOVE B114 174
MOVE B115 174
MOVE B116 189
MOVE B117 189
MOVE B118 189
MOVE B119 197
MOVE B120 197
MOVE B121 212
MOVE B122 212
MOVE B123 212
END TURN 232
TURN 233
COMMAND LEFT START
MOVE A11 109
MOVE A28 109
COMMAND LEFT END
COMMAND RIGHT START
MOVE B46 60
MOVE B47 60
MOVE B48 60
MOVE B49 60
MOVE B50 60
MOVE B51 60
MOVE B52 60
MOVE B53 60
MOVE B54 60
MOVE B55 60
MOVE B56 60
MOVE B57 60
MOVE B58 60
MOVE B59 60
MOVE B60 60
MOVE B61 60
MOVE B62 60
MOVE B80 60
MOVE B81 60
MOVE B82 60
MOVE B42 61
MOVE B124 47
MOVE B125 47
TRAIN 3
COMMAND RIGHT END
TURN 233 RESULT
TIME LEFT 0 5 RIGHT 0 5
TRAIN B138 B139 B140
MOVE A6 21
MOVE A7 44
MOVE A8 21
MOVE A9 6
MOVE A10 68
MOVE A11 6
MOVE A12 6
MOVE A13 29
MOVE A14 21
MOVE A15 109
MOVE A16 109
MOVE A17 44
MOVE A18 21
MOVE A20 54
MOVE A21 29
MOVE A22 6
MOVE A23 29
MOVE A24 68
MOVE A25 68
MOVE A26 68
MOVE A27 54
MOVE A28 6
MOVE B41 189
MOVE B42 212
MOVE B46 52
MOVE B47 52
MOVE B48 52
MOVE B49 52
MOVE B50 52
MOVE B51 52
MOVE B52 52
MOVE B53 52
MOVE B54 52
MOVE B55 52
MOVE B56 52
MOVE B57 52
MOVE B58 52
MOVE B59 52
MOVE B60 52
MOVE B61 52
MOVE B62 52
MOVE B63 58
MOVE B64 58
MOVE B65 58
MOVE B66 58
MOVE B67 58
MOVE B68 58
MOVE B69 58
MOVE B70 58
MOVE B71 58
MOVE B72 58
MOVE B73 58
MOVE B74 58
MOVE B75 58
MOVE B76 58
MOVE B77 58
MOVE B78 58
MOVE B79 58
MOVE B80 52
MOVE B81 52
MOVE B82 52
MOVE B83 47
MOVE B84 47
MOVE B85 47
MOVE B86 52
MOVE B87 52
MOVE B88 52
MOVE B89 58
MOVE B90 58
MOVE B91 58
MOVE B92 72
MOVE B93 72
MOVE B94 72
MOVE B95 90
MOVE B96 90
MOVE B97 90
MOVE B98 104
MOVE B99 104
MOVE B100 104
MOVE B101 110
MOVE B102 110
MOVE B103 110
MOVE B104 120
MOVE B105 120
MOVE B106 120
MOVE B107 129
MOVE B108 129
MOVE B109 129
MOVE B110 150
MOVE B111 150
MOVE B112 150
MOVE B113 164
MOVE B114 164
MOVE B115 164
MOVE B116 174
MOVE B117 174
MOVE B118 174
MOVE B119 189
MOVE B120 189
MOVE B121 197
MOVE B122 197
MOVE B123 197
MOVE B124 212
MOVE B125 212
END TURN 233
TURN 234
COMMAND LEFT START
MOVE A15 0
MOVE A16 0
COMMAND LEFT END
COMMAND RIGHT START
MOVE B126 47
MOVE B127 47
MOVE B128 47
TRAIN 3
COMMAND RIGHT END
TURN 234 RESULT
TIME LEFT 0 5 RIGHT 0 5
TRAIN B141 B142 B143
MOVE A6 29
MOVE A7 29
MOVE A8 6
MOVE A9 0
MOVE A10 89
MOVE A11 21
MOVE A12 0
MOVE A13 44
MOVE A14 29
MOVE A15 89
MOVE A16 89
MOVE A17 54
MOVE A18 29
MOVE A20 68
MOVE A21 44
MOVE A22 0
MOVE A23 44
MOVE A24 89
MOVE A25 89
MOVE A26 89
MOVE A27 68
MOVE A28 21
MOVE B41 174
MOVE B42 197
MOVE B46 58
MOVE B47 58
MOVE B48 58
MOVE B49 58
MOVE B50 58
MOVE B51 58
MOVE B52 58
MOVE B53 58
MOVE B54 58
MOVE B55 58
MOVE B56 58
MOVE B57 58
MOVE B58 58
MOVE B59 58
MOVE B60 58
MOVE B61 58
MOVE B62 58
MOVE B63 61
MOVE B64 61
MOVE B65 61
MOVE B66 61
MOVE B67 61
MOVE B68 61
MOVE B69 61
MOVE B70 61
MOVE B71 61
MOVE B72 61
MOVE B73 61
MOVE B74 61
MOVE B75 61
MOVE B76 61
MOVE B77 61
MOVE B78 61
MOVE B79 61
MOVE B80 58
MOVE B81 58
MOVE B82 58
MOVE B86 47
MOVE B87 47
MOVE B88 47
MOVE B89 52
MOVE B90 52
MOVE B91 52
MOVE B92 58
MOVE B93 58
MOVE B94 58
MOVE B95 72
MOVE B96 72
MOVE B97 72
MOVE B98 90
MOVE B99 90
MOVE B100 90
MOVE B101 104
MOVE B102 104
MOVE B103 104
MOVE B104 110
MOVE B105 110
MOVE B106 110
MOVE B107 120
MOVE B108 120
MOVE B109 120
MOVE B110 129
MOVE B111 129
MOVE B112 129
MOVE B113 150
MOVE B114 150
MOVE B115 150
MOVE B116 164
MOVE B117 164
MOVE B118 164
MOVE B119 174
MOVE B120 174
MOVE B121 189
MOVE B122 189
MOVE B123 189
MOVE B124 197
MOVE B125 197
MOVE B126 212
MOVE B127 212
MOVE B128 212
END TURN 234
TURN 235
COMMAND LEFT START
MOVE A9 109
MOVE A12 109
MOVE A22 109
COMMAND LEFT END
COMMAND RIGHT START
MOVE B129 47
MOVE B130 47
MOVE B131 47
TRAIN 3
COMMAND RIGHT END
TURN 235 RESULT
TIME LEFT 0 5 RIGHT 0 5
TRAIN B144 B145 B146
MOVE A6 44
MOVE A7 21
MOVE A8 0
MOVE A9 6
MOVE A10 109
MOVE A11 29
MOVE A12 6
MOVE A13 54
MOVE A14 44
MOVE A15 68
MOVE A16 68
MOVE A17 68
MOVE A18 44
MOVE A20 89
MOVE A21 54
MOVE A22 6
MOVE A23 54
MOVE A24 109
MOVE A25 109
MOVE A26 109
MOVE A27 89
MOVE A28 29
MOVE B41 164
MOVE B42 189
MOVE B46 61
MOVE B47 61
MOVE B48 61
MOVE B49 61
MOVE B50 61
MOVE B51 61
MOVE B52 61
MOVE B53 61
MOVE B54 61
MOVE B55 61
MOVE B56 61
MOVE B57 61
MOVE B58 61
MOVE B59 61
MOVE B60 61
MOVE B61 61
MOVE B62 61
MOVE B63 63
MOVE B64 63
MOVE B65 63
MOVE B66 63
MOVE B67 63
MOVE B68 63
MOVE B69 63
MOVE B70 63
MOVE B71 63
MOVE B72 63
MOVE B73 63
MOVE B74 63
MOVE B75 63
MOVE B76 63
MOVE B77 63
MOVE B78 63
MOVE B79 63
MOVE B80 61
MOVE B81 61
MOVE B82 61
MOVE B89 47
MOVE B90 47
MOVE B91 47
MOVE B92 52
MOVE B93 52
MOVE B94 52
MOVE B95 58
MOVE B96 58
MOVE B97 58
MOVE B98 72
MOVE B99 72
MOVE B100 72
MOVE B101 90
MOVE B102 90
MOVE B103 90
MOVE B104 104
MOVE B105 104
MOVE B106 104
MOVE B107 110
MOVE B108 110
MOVE B109 110
MOVE B110 120
MOVE B111 120
MOVE B112 120
MOVE B113 129
MOVE B114 129
MOVE B115 129
MOVE B116 150
MOVE B117 150
MOVE B118 150
MOVE B119 164
MOVE B120 164
MOVE B121 174
MOVE B122 174
MOVE B123 174
MOVE B124 189
MOVE B125 189
MOVE B126 197
MOVE B127 197
MOVE B128 197
MOVE B129 212
MOVE B130 212
MOVE B131 212
END TURN 235
TURN 236
COMMAND LEFT START
MOVE A8 109
MOVE A10 0
COMMAND LEFT END
COMMAND RIGHT START
MOVE B132 47
MOVE B133 47
MOVE B134 47
TRAIN 3
COMMAND RIGHT END
TURN 236 RESULT
TIME LEFT 0 5 RIGHT 0 5
TRAIN B147 B148 B149
MOVE A6 54
MOVE A7 6
MOVE A8 6
MOVE A9 21
MOVE A10 89
MOVE A11 44
MOVE A12 21
MOVE A13 68
MOVE A14 54
MOVE A15 54
MOVE A16 54
MOVE A17 89
MOVE A18 54
MOVE A20 109
MOVE A21 68
MOVE A22 21
MOVE A23 68
MOVE A27 109
MOVE A28 44
MOVE B41 150
MOVE B42 174
MOVE B46 63
MOVE B47 63
MOVE B48 63
MOVE B49 63
MOVE B50 63
MOVE B51 63
MOVE B52 63
MOVE B53 63
MOVE B54 63
MOVE B55 63
MOVE B56 63
MOVE B57 63
MOVE B58 63
MOVE B59 63
MOVE B60 63
MOVE B61 63
MOVE B62 63
MOVE B63 54
MOVE B64 54
MOVE B65 54
MOVE B66 54
MOVE B67 54
MOVE B68 54
MOVE B69 54
MOVE B70 54
MOVE B71 54
MOVE B72 54
MOVE B73 54
MOVE B74 54
MOVE B75 54
MOVE B76 54
MOVE B77 54
MOVE B78 54
MOVE B79 54
MOVE B80 63
MOVE B81 63
MOVE B82 63
MOVE B92 47
MOVE B93 47
MOVE B94 47
MOVE B95 52
MOVE B96 52
MOVE B97 52
MOVE B98 58
MOVE B99 58
MOVE B100 58
MOVE B101 72
MOVE B102 72
MOVE B103 72
MOVE B104 90
MOVE B105 90
MOVE B106 90
MOVE B107 104
MOVE B108 104
MOVE B109 104
MOVE B110 110
MOVE B111 110
MOVE B112 110
MOVE B113 120
MOVE B114 120
MOVE B115 120
MOVE B116 129
MOVE B117 129
MOVE B118 129
MOVE B119 150
MOVE B120 150
MOVE B121 164
MOVE B122 164
MOVE B123 164
MOVE B124 174
MOVE B125 174
MOVE B126 189
MOVE B127 189
MOVE B128 189
MOVE B129 197
MOVE B130 197
MOVE B131 197
MOVE B132 212
MOVE B133 212
MOVE B134 212
DAMAGE COMBAT A6 2
DAMAGE COMBAT A14 4
DAMAGE COMBAT A15 4
DAMAGE COMBAT A16 4
DAMAGE COMBAT A18 3
DAMAGE COMBAT B63 5
END TURN 236
TURN 237
COMMAND LEFT START
MOVE A19 0
MOVE A20 0
COMMAND LEFT END
COMMAND RIGHT START
MOVE B135 47
MOVE B136 47
MOVE B137 47
TRAIN 3
COMMAND RIGHT END
TURN 237 RESULT
TIME LEFT 0 5 RIGHT 0 5
TRAIN B150 B151 B152
MOVE A7 0
MOVE A8 21
MOVE A9 29
MOVE A10 68
MOVE A11 54
MOVE A12 29
MOVE A13 89
MOVE A17 109
MOVE A19 89
MOVE A20 89
MOVE A21 89
MOVE A22 29
MOVE A23 89
MOVE A28 54
MOVE B41 129
MOVE B42 164
MOVE B46 54
MOVE B47 54
MOVE B48 54
MOVE B49 54
MOVE B50 54
MOVE B51 54
MOVE B52 54
MOVE B53 54
MOVE B54 54
MOVE B55 54
MOVE B56 54
MOVE B57 54
MOVE B58 54
MOVE B59 54
MOVE B60 54
MOVE B61 54
MOVE B62 54
MOVE B80 54
MOVE B81 54
MOVE B82 54
MOVE B95 47
MOVE B96 47
MOVE B97 47
MOVE B98 52
MOVE B99 52
MOVE B100 52
MOVE B101 58
MOVE B102 58
MOVE B103 58
MOVE B104 72
MOVE B105 72
MOVE B106 72
MOVE B107 90
MOVE B108 90
MOVE B109 90
MOVE B110 104
MOVE B111 104
MOVE B112 104
MOVE B113 110
MOVE B114 110
MOVE B115 110
MOVE B116 120
MOVE B117 120
MOVE B118 120
MOVE B119 129
MOVE B120 129
MOVE B121 150
MOVE B122 150
MOVE B123 150
MOVE B124 164
MOVE B125 164
MOVE B126 174
MOVE B127 174
MOVE B128 174
MOVE B129 189
MOVE B130 189
MOVE B131 189
MOVE B132 197
MOVE B133 197
MOVE B134 197
MOVE B135 212
MOVE B136 212
MOVE B137 212
DAMAGE COMBAT A11 4
DAMAGE COMBAT A18 1
DAMAGE COMBAT A28 4
DAMAGE COMBAT B63 3
END TURN 237
TURN 238
COMMAND LEFT START
MOVE A7 109
MOVE A17 0
COMMAND LEFT END
COMMAND RIGHT START
MOVE B138 47
MOVE B139 47
MOVE B140 47
MOVE B141 47
TRAIN 3
COMMAND RIGHT END
TURN 238 RESULT
TIME LEFT 0 5 RIGHT 0 5
TRAIN B153 B154 B155
MOVE A7 6
MOVE A8 29
MOVE A9 44
MOVE A10 54
MOVE A12 44
MOVE A13 109
MOVE A17 89
MOVE A19 68
MOVE A20 68
MOVE A21 109
MOVE A22 44
MOVE A23 109
MOVE B41 120
MOVE B42 150
MOVE B46 60
MOVE B47 60
MOVE B48 60
MOVE B49 60
MOVE B50 60
MOVE B51 60
MOVE B52 60
MOVE B53 60
MOVE B54 60
MOVE B55 60
MOVE B56 60
MOVE B57 60
MOVE B58 60
MOVE B59 60
MOVE B60 60
MOVE B61 60
MOVE B62 60
MOVE B64 60
MOVE B65 60
MOVE B66 60
MOVE B67 60
MOVE B68 60
MOVE B69 60
MOVE B70 60
MOVE B71 60
MOVE B72 60
MOVE B73 60
MOVE B74 60
MOVE B75 60
MOVE B76 60
MOVE B77 60
MOVE B78 60
MOVE B79 60
MOVE B80 60
MOVE B81 60
MOVE B82 60
MOVE B98 47
MOVE B99 47
MOVE B100 47
MOVE B101 52
MOVE B102 52
MOVE B103 52
MOVE B104 58
MOVE B105 58
MOVE B106 58
MOVE B107 72
MOVE B108 72
MOVE B109 72
MOVE B110 90
MOVE B111 90
MOVE B112 90
MOVE B113 104
MOVE B114 104
MOVE B115 104
MOVE B116 110
MOVE B117 110
MOVE B118 110
MOVE B119 120
MOVE B120 120
MOVE B121 129
MOVE B122 129
MOVE B123 129
MOVE B124 150
MOVE B125 150
MOVE B126 164
MOVE B127 164
MOVE B128 164
MOVE B129 174
MOVE B130 174
MOVE B131 174
MOVE B132 189
MOVE B133 189
MOVE B134 189
MOVE B135 197
MOVE B136 197
MOVE B137 197
MOVE B138 212
MOVE B139 212
MOVE B140 212
MOVE B141 212
DAMAGE TURRET B46 1
DAMAGE COMBAT A2 1
DAMAGE COMBAT B46 1
SIEGE A 60 6
END TURN 238
TURN 239
COMMAND LEFT START
MOVE A13 0
MOVE A21 0
COMMAND LEFT END
COMMAND RIGHT START
MOVE B142 47
MOVE B143 47
MOVE B144 47
UPGRADE 60
COMMAND RIGHT END
TURN 239 RESULT
TIME LEFT 0 5 RIGHT 0 5
UPGRADE B 60
MOVE A7 21
MOVE A8 44
MOVE A9 54
MOVE A10 44
MOVE A12 54
MOVE A13 89
MOVE A17 68
MOVE A19 54
MOVE A20 54
MOVE A21 89
MOVE A22 54
MOVE B41 110
MOVE B42 129
MOVE B101 47
MOVE B102 47
MOVE B103 47
MOVE B104 52
MOVE B105 52
MOVE B106 52
MOVE B107 58
MOVE B108 58
MOVE B109 58
MOVE B110 72
MOVE B111 72
MOVE B112 72
MOVE B113 90
MOVE B114 90
MOVE B115 90
MOVE B116 104
MOVE B117 104
MOVE B118 104
MOVE B119 110
MOVE B120 110
MOVE B121 120
MOVE B122 120
MOVE B123 120
MOVE B124 129
MOVE B125 129
MOVE B126 150
MOVE B127 150
MOVE B128 150
MOVE B129 164
MOVE B130 164
MOVE B131 164
MOVE B132 174
MOVE B133 174
MOVE B134 174
MOVE B135 189
MOVE B136 189
MOVE B137 189
MOVE B138 197
MOVE B139 197
MOVE B140 197
MOVE B141 197
MOVE B142 212
MOVE B143 212
MOVE B144 212
END TURN 239
TURN 240
COMMAND LEFT START
MOVE A23 0
MOVE A24 0
COMMAND LEFT END
COMMAND RIGHT START
MOVE B83 109
MOVE B84 109
MOVE B85 109
MOVE B86 109
MOVE B87 109
MOVE B88 109
MOVE B89 109
MOVE B90 109
MOVE B91 109
MOVE B92 109
MOVE B93 109
MOVE B94 109
MOVE B95 109
MOVE B96 109
MOVE B97 109
MOVE B98 109
MOVE B99 109
MOVE B100 109
MOVE B101 109
MOVE B102 109
MOVE B103 109
COMMAND RIGHT END
TURN 240 RESULT
TIME LEFT 0 5 RIGHT 0 5
MOVE A7 29
MOVE A8 54
MOVE A9 68
MOVE A10 29
MOVE A12 68
MOVE A13 68
MOVE A17 54
MOVE A19 44
MOVE A20 44
MOVE A21 68
MOVE A22 68
MOVE A23 89
MOVE A24 89
MOVE B41 95
MOVE B42 120
MOVE B83 52
MOVE B84 52
MOVE B85 52
MOVE B86 52
MOVE B87 52
MOVE B88 52
MOVE B89 52
MOVE B90 52
MOVE B91 52
MOVE B92 52
MOVE B93 52
MOVE B94 52
MOVE B95 52
MOVE B96 52
MOVE B97 52
MOVE B98 52
MOVE B99 52
MOVE B100 52
MOVE B101 52
MOVE B102 52
MOVE B103 52
MOVE B104 47
MOVE B105 47
MOVE B106 47
MOVE B107 52
MOVE B108 52
MOVE B109 52
MOVE B110 58
MOVE B111 58
MOVE B112 58
MOVE B113 72
MOVE B114 72
MOVE B115 72
MOVE B116 90
MOVE B117 90
MOVE B118 90
MOVE B119 104
MOVE B120 104
MOVE B121 110
MOVE B122 110
MOVE B123 110
MOVE B124 120
MOVE B125 120
MOVE B126 129
MOVE B127 129
MOVE B128 129
MOVE B129 150
MOVE B130 150
MOVE B131 150
MOVE B132 164
MOVE B133 164
MOVE B134 164
MOVE B135 174
MOVE B136 174
MOVE B137 174
MOVE B138 189
MOVE B139 189
MOVE B140 189
MOVE B141 189
MOVE B142 197
MOVE B143 197
MOVE B144 197
END TURN 240
TURN 241
COMMAND LEFT START
MOVE A25 0
MOVE A26 0
COMMAND LEFT END
COMMAND RIGHT START
COMMAND RIGHT END
TURN 241 RESULT
TIME LEFT 0 5 RIGHT 0 5
MOVE A7 44
MOVE A8 68
MOVE A9 89
MOVE A10 21
MOVE A12 89
MOVE A13 54
MOVE A17 44
MOVE A19 29
MOVE A20 29
MOVE A21 54
MOVE A22 89
MOVE A23 68
MOVE A24 68
MOVE A25 89
MOVE A26 89
MOVE B41 78
MOVE B42 110
MOVE B83 58
MOVE B84 58
MOVE B85 58
MOVE B86 58
MOVE B87 58
MOVE B88 58
MOVE B89 58
MOVE B90 58
MOVE B91 58
MOVE B92 58
MOVE B93 58
MOVE B94 58
MOVE B95 58
MOVE B96 58
MOVE B97 58
MOVE B98 58
MOVE B99 58
MOVE B100 58
MOVE B101 58
MOVE B102 58
MOVE B103 58
MOVE B107 47
MOVE B108 47
MOVE B109 47
MOVE B110 52
MOVE B111 52
MOVE B112 52
MOVE B113 58
MOVE B114 58
MOVE B115 58
MOVE B116 72
MOVE B117 72
MOVE B118 72
MOVE B119 90
MOVE B120 90
MOVE B121 104
MOVE B122 104
MOVE B123 104
MOVE B124 110
MOVE B125 110
MOVE B126 120
MOVE B127 120
MOVE B128 120
MOVE B129 129
MOVE B130 129
MOVE B131 129
MOVE B132 150
MOVE B133 150
MOVE B134 150
MOVE B135 164
MOVE B136 164
MOVE B137 164
MOVE B138 174
MOVE B139 174
MOVE B140 174
MOVE B141 174
MOVE B142 189
MOVE B143 189
MOVE B144 189
END TURN 241
TURN 242
COMMAND LEFT START
MOVE A27 0
COMMAND LEFT END
COMMAND RIGHT START
UPGRADE 60
TRAIN 2
COMMAND RIGHT END
TURN 242 RESULT
TIME LEFT 0 5 RIGHT 0 5
UPGRADE B 60
TRAIN B156 B157
MOVE A7 54
MOVE A8 89
MOVE A9 109
MOVE A10 6
MOVE A12 109
MOVE A13 44
MOVE A17 29
MOVE A19 21
MOVE A20 21
MOVE A21 44
MOVE A22 109
MOVE A23 54
MOVE A24 54
MOVE A25 68
MOVE A26 68
MOVE A27 89
MOVE B41 74
MOVE B42 95
MOVE B83 72
MOVE B84 72
MOVE B85 72
MOVE B86 72
MOVE B87 72
MOVE B88 72
MOVE B89 72
MOVE B90 72
MOVE B91 72
MOVE B92 72
MOVE B93 72
MOVE B94 72
MOVE B95 72
MOVE B96 72
MOVE B97 72
MOVE B98 72
MOVE B99 72
MOVE B100 72
MOVE B101 72
MOVE B102 72
MOVE B103 72
MOVE B110 47
MOVE B111 47
MOVE B112 47
MOVE B113 52
MOVE B114 52
MOVE B115 52
MOVE B116 58
MOVE B117 58
MOVE B118 58
MOVE B119 72
MOVE B120 72
MOVE B121 90
MOVE B122 90
MOVE B123 90
MOVE B124 104
MOVE B125 104
MOVE B126 110
MOVE B127 110
MOVE B128 110
MOVE B129 120
MOVE B130 120
MOVE B131 120
MOVE B132 129
MOVE B133 129
MOVE B134 129
MOVE B135 150
MOVE B136 150
MOVE B137 150
MOVE B138 164
MOVE B139 164
MOVE B140 164
MOVE B141 164
MOVE B142 174
MOVE B143 174
MOVE B144 174
END TURN 242
TURN 243
COMMAND LEFT START
MOVE A9 0
MOVE A12 0
COMMAND LEFT END
COMMAND RIGHT START
MOVE B145 47
MOVE B146 47
MOVE B47 47
MOVE B48 47
MOVE B49 47
MOVE B50 47
MOVE B51 47
MOVE B52 47
MOVE B53 47
MOVE B54 47
MOVE B55 47
MOVE B56 47
MOVE B57 47
MOVE B58 47
MOVE B59 47
MOVE B60 47
MOVE B61 47
MOVE B62 47
MOVE B64 47
MOVE B65 47
MOVE B66 47
MOVE B67 47
MOVE B68 47
MOVE B69 47
MOVE B70 47
MOVE B71 47
MOVE B72 47
MOVE B73 47
MOVE B74 47
MOVE B75 47
MOVE B76 47
MOVE B77 47
MOVE B78 47
MOVE B79 47
MOVE B80 47
MOVE B81 47
COMMAND RIGHT END
TURN 243 RESULT
TIME LEFT 0 5 RIGHT 0 5
MOVE A7 68
MOVE A8 109
MOVE A9 89
MOVE A10 0
MOVE A12 89
MOVE A13 29
MOVE A17 21
MOVE A19 6
MOVE A20 6
MOVE A21 29
MOVE A23 44
MOVE A24 44
MOVE A25 54
MOVE A26 54
MOVE A27 68
MOVE B41 61
MOVE B42 78
MOVE B47 54
MOVE B48 54
MOVE B49 54
MOVE B50 54
MOVE B51 54
MOVE B52 54
MOVE B53 54
MOVE B54 54
MOVE B55 54
MOVE B56 54
MOVE B57 54
MOVE B58 54
MOVE B59 54
MOVE B60 54
MOVE B61 54
MOVE B62 54
MOVE B64 54
MOVE B65 54
MOVE B66 54
MOVE B67 54
MOVE B68 54
MOVE B69 54
MOVE B70 54
MOVE B71 54
MOVE B72 54
MOVE B73 54
MOVE B74 54
MOVE B75 54
MOVE B76 54
MOVE B77 54
MOVE B78 54
MOVE B79 54
MOVE B80 54
MOVE B81 54
MOVE B83 90
MOVE B84 90
MOVE B85 90
MOVE B86 90
MOVE B87 90
MOVE B88 90
MOVE B89 90
MOVE B90 90
MOVE B91 90
MOVE B92 90
MOVE B93 90
MOVE B94 90
MOVE B95 90
MOVE B96 90
MOVE B97 90
MOVE B98 90
MOVE B99 90
MOVE B100 90
MOVE B101 90
MOVE B102 90
MOVE B103 90
MOVE B113 47
MOVE B114 47
MOVE B115 47
MOVE B116 52
MOVE B117 52
MOVE B118 52
MOVE B119 58
MOVE B120 58
MOVE B121 72
MOVE B122 72
MOVE B123 72
MOVE B124 90
MOVE B125 90
MOVE B126 104
MOVE B127 104
MOVE B128 104
MOVE B129 110
MOVE B130 110
MOVE B131 110
MOVE B132 120
MOVE B133 120
MOVE B134 120
MOVE B135 129
MOVE B136 129
MOVE B137 129
MOVE B138 150
MOVE B139 150
MOVE B140 150
MOVE B141 150
MOVE B142 164
MOVE B143 164
MOVE B144 164
MOVE B145 212
MOVE B146 212
DAMAGE COMBAT A25 4
DAMAGE COMBAT A26 4
DAMAGE COMBAT B47 2
END TURN 243
TURN 244
COMMAND LEFT START
MOVE A8 0
MOVE A10 109
COMMAND LEFT END
COMMAND RIGHT START
UPGRADE 60
TRAIN 1
COMMAND RIGHT END
TURN 244 RESULT
TIME LEFT 0 5 RIGHT 0 5
UPGRADE B 60
TRAIN B158
MOVE A7 89
MOVE A8 89
MOVE A9 68
MOVE A10 6
MOVE A12 68
MOVE A13 21
MOVE A17 6
MOVE A19 0
MOVE A20 0
MOVE A21 21
MOVE A23 29
MOVE A24 29
MOVE A27 54
MOVE B42 74
MOVE B47 63
MOVE B48 63
MOVE B49 63
MOVE B50 63
MOVE B51 63
MOVE B52 63
MOVE B53 63
MOVE B54 63
MOVE B55 63
MOVE B56 63
MOVE B57 63
MOVE B58 63
MOVE B59 63
MOVE B60 63
MOVE B61 63
MOVE B62 63
MOVE B64 63
MOVE B65 63
MOVE B66 63
MOVE B67 63
MOVE B68 63
MOVE B69 63
MOVE B70 63
MOVE B71 63
MOVE B72 63
MOVE B73 63
MOVE B74 63
MOVE B75 63
MOVE B76 63
MOVE B77 63
MOVE B78 63
MOVE B79 63
MOVE B80 63
MOVE B81 63
MOVE B83 95
MOVE B84 95
MOVE B85 95
MOVE B86 95
MOVE B87 95
MOVE B88 95
MOVE B89 95
MOVE B90 95
MOVE B91 95
MOVE B92 95
MOVE B93 95
MOVE B94 95
MOVE B95 95
MOVE B96 95
MOVE B97 95
MOVE B98 95
MOVE B99 95
MOVE B100 95
MOVE B101 95
MOVE B102 95
MOVE B103 95
MOVE B116 47
MOVE B117 47
MOVE B118 47
MOVE B119 52
MOVE B120 52
MOVE B121 58
MOVE B122 58
MOVE B123 58
MOVE B124 72
MOVE B125 72
MOVE B126 90
MOVE B127 90
MOVE B128 90
MOVE B129 104
MOVE B130 104
MOVE B131 104
MOVE B132 110
MOVE B133 110
MOVE B134 110
MOVE B135 120
MOVE B136 120
MOVE B137 120
MOVE B138 129
MOVE B139 129
MOVE B140 129
MOVE B141 129
MOVE B142 150
MOVE B143 150
MOVE B144 150
MOVE B145 197
MOVE B146 197
END TURN 244
TURN 245
COMMAND LEFT START
MOVE A19 109
MOVE A20 109
COMMAND LEFT END
COMMAND RIGHT START
MOVE B43 60
TRAIN 3
COMMAND RIGHT END
TURN 245 RESULT
TIME LEFT 0 5 RIGHT 0 5
TRAIN B159 B160 B161
MOVE A7 109
MOVE A8 68
MOVE A9 54
MOVE A10 21
MOVE A12 54
MOVE A13 6
MOVE A17 0
MOVE A19 6
MOVE A20 6
MOVE A21 6
MOVE A23 21
MOVE A24 21
MOVE A27 44
MOVE B42 61
MOVE B43 212
MOVE B47 61
MOVE B48 61
MOVE B49 61
MOVE B50 61
MOVE B51 61
MOVE B52 61
MOVE B53 61
MOVE B54 61
MOVE B55 61
MOVE B56 61
MOVE B57 61
MOVE B58 61
MOVE B59 61
MOVE B60 61
MOVE B61 61
MOVE B62 61
MOVE B64 61
MOVE B65 61
MOVE B66 61
MOVE B67 61
MOVE B68 61
MOVE B69 61
MOVE B70 61
MOVE B71 61
MOVE B72 61
MOVE B73 61
MOVE B74 61
MOVE B75 61
MOVE B76 61
MOVE B77 61
MOVE B78 61
MOVE B79 61
MOVE B80 61
MOVE B81 61
MOVE B83 101
MOVE B84 101
MOVE B85 101
MOVE B86 101
MOVE B87 101
MOVE B88 101
MOVE B89 101
MOVE B90 101
MOVE B91 101
MOVE B92 101
MOVE B93 101
MOVE B94 101
MOVE B95 101
MOVE B96 101
MOVE B97 101
MOVE B98 101
MOVE B99 101
MOVE B100 101
MOVE B101 101
MOVE B102 101
MOVE B103 101
MOVE B119 47
MOVE B120 47
MOVE B121 52
MOVE B122 52
MOVE B123 52
MOVE B124 58
MOVE B125 58
MOVE B126 72
MOVE B127 72
MOVE B128 72
MOVE B129 90
MOVE B130 90
MOVE B131 90
MOVE B132 104
MOVE B133 104
MOVE B134 104
MOVE B135 110
MOVE B136 110
MOVE B137 110
MOVE B138 120
MOVE B139 120
MOVE B140 120
MOVE B141 120
MOVE B142 129
MOVE B143 129
MOVE B144 129
MOVE B145 189
MOVE B146 189
END TURN 245
TURN 246
COMMAND LEFT START
MOVE A7 0
MOVE A17 109
COMMAND LEFT END
COMMAND RIGHT START
MOVE B104 109
MOVE B105 109
MOVE B106 109
MOVE B107 109
MOVE B108 109
MOVE B109 109
MOVE B110 109
MOVE B111 109
MOVE B112 109
MOVE B113 109
MOVE B114 109
MOVE B115 109
MOVE B116 109
MOVE B117 109
MOVE B118 109
MOVE B119 109
MOVE B120 109
MOVE B147 47
MOVE B148 47
MOVE B149 47
TRAIN 2
COMMAND RIGHT END
TURN 246 RESULT
TIME LEFT 0 5 RIGHT 0 5
TRAIN B162 B163
MOVE A7 89
MOVE A8 54
MOVE A9 44
MOVE A10 29
MOVE A12 44
MOVE A13 0
MOVE A17 6
MOVE A19 21
MOVE A20 21
MOVE A21 0
MOVE A23 6
MOVE A24 6
MOVE A27 29
MOVE B43 197
MOVE B47 58
MOVE B48 58
MOVE B49 58
MOVE B50 58
MOVE B51 58
MOVE B52 58
MOVE B53 58
MOVE B54 58
MOVE B55 58
MOVE B56 58
MOVE B57 58
MOVE B58 58
MOVE B59 58
MOVE B60 58
MOVE B61 58
MOVE B62 58
MOVE B64 58
MOVE B65 58
MOVE B66 58
MOVE B67 58
MOVE B68 58
MOVE B69 58
MOVE B70 58
MOVE B71 58
MOVE B72 58
MOVE B73 58
MOVE B74 58
MOVE B75 58
MOVE B76 58
MOVE B77 58
MOVE B78 58
MOVE B79 58
MOVE B80 58
MOVE B81 58
MOVE B83 109
MOVE B84 109
MOVE B85 109
MOVE B86 109
MOVE B87 109
MOVE B88 109
MOVE B89 109
MOVE B90 109
MOVE B91 109
MOVE B92 109
MOVE B93 109
MOVE B94 109
MOVE B95 109
MOVE B96 109
MOVE B97 109
MOVE B98 109
MOVE B99 109
MOVE B100 109
MOVE B101 109
MOVE B102 109
MOVE B103 109
MOVE B104 52
MOVE B105 52
MOVE B106 52
MOVE B107 52
MOVE B108 52
MOVE B109 52
MOVE B110 52
MOVE B111 52
MOVE B112 52
MOVE B113 52
MOVE B114 52
MOVE B115 52
MOVE B116 52
MOVE B117 52
MOVE B118 52
MOVE B119 52
MOVE B120 52
MOVE B121 47
MOVE B122 47
MOVE B123 47
MOVE B124 52
MOVE B125 52
MOVE B126 58
MOVE B127 58
MOVE B128 58
MOVE B129 72
MOVE B130 72
MOVE B131 72
MOVE B132 90
MOVE B133 90
MOVE B134 90
MOVE B135 104
MOVE B136 104
MOVE B137 104
MOVE B138 110
MOVE B139 110
MOVE B140 110
MOVE B141 110
MOVE B142 120
MOVE B143 120
MOVE B144 120
MOVE B145 174
MOVE B146 174
MOVE B147 212
MOVE B148 212
MOVE B149 212
DAMAGE TURRET B83 1
DAMAGE COMBAT A4 2
DAMAGE COMBAT A22 4
DAMAGE COMBAT B83 2
SIEGE A 109 6
END TURN 246
TURN 247
COMMAND LEFT START
MOVE A13 109
MOVE A21 109
COMMAND LEFT END
COMMAND RIGHT START
MOVE B150 47
MOVE B151 47
TRAIN 3
COMMAND RIGHT END
TURN 247 RESULT
TIME LEFT 0 5 RIGHT 0 5
TRAIN B164 B165 B166
MOVE A7 68
MOVE A8 44
MOVE A9 29
MOVE A10 44
MOVE A12 29
MOVE A13 6
MOVE A17 21
MOVE A19 29
MOVE A20 29
MOVE A21 6
MOVE A23 0
MOVE A24 0
MOVE A27 21
MOVE B43 189
MOVE B47 52
MOVE B48 52
MOVE B49 52
MOVE B50 52
MOVE B51 52
MOVE B52 52
MOVE B53 52
MOVE B54 52
MOVE B55 52
MOVE B56 52
MOVE B57 52
MOVE B58 52
MOVE B59 52
MOVE B60 52
MOVE B61 52
MOVE B62 52
MOVE B64 52
MOVE B65 52
MOVE B66 52
MOVE B67 52
MOVE B68 52
MOVE B69 52
MOVE B70 52
MOVE B71 52
MOVE B72 52
MOVE B73 52
MOVE B74 52
MOVE B75 52
MOVE B76 52
MOVE B77 52
MOVE B78 52
MOVE B79 52
MOVE B80 52
MOVE B81 52
MOVE B104 58
MOVE B105 58
MOVE B106 58
MOVE B107 58
MOVE B108 58
MOVE B109 58
MOVE B110 58
MOVE B111 58
MOVE B112 58
MOVE B113 58
MOVE B114 58
MOVE B115 58
MOVE B116 58
MOVE B117 58
MOVE B118 58
MOVE B119 58
MOVE B120 58
MOVE B124 47
MOVE B125 47
MOVE B126 52
MOVE B127 52
MOVE B128 52
MOVE B129 58
MOVE B130 58
MOVE B131 58
MOVE B132 72
MOVE B133 72
MOVE B134 72
MOVE B135 90
MOVE B136 90
MOVE B137 90
MOVE B138 104
MOVE B139 104
MOVE B140 104
MOVE B141 104
MOVE B142 110
MOVE B143 110
MOVE B144 110
MOVE B145 164
MOVE B146 164
MOVE B147 197
MOVE B148 197
MOVE B149 197
MOVE B150 212
MOVE B151 212
DAMAGE HUNGER A24 1
DAMAGE HUNGER A27 1
END TURN 247
TURN 248
COMMAND LEFT START
COMMAND LEFT END
COMMAND RIGHT START
MOVE B152 47
MOVE B153 47
MOVE B154 47
TRAIN 3
COMMAND RIGHT END
TURN 248 RESULT
TIME LEFT 0 5 RIGHT 0 5
TRAIN B167 B168 B169
MOVE A7 54
MOVE A8 29
MOVE A9 21
MOVE A10 54
MOVE A12 21
MOVE A13 21
MOVE A17 29
MOVE A19 44
MOVE A20 44
MOVE A21 21
MOVE A27 6
MOVE B43 174
MOVE B47 47
MOVE B48 47
MOVE B49 47
MOVE B50 47
MOVE B51 47
MOVE B52 47
MOVE B53 47
MOVE B54 47
MOVE B55 47
MOVE B56 47
MOVE B57 47
MOVE B58 47
MOVE B59 47
MOVE B60 47
MOVE B61 47
MOVE B62 47
MOVE B64 47
MOVE B65 47
MOVE B66 47
MOVE B67 47
MOVE B68 47
MOVE B69 47
MOVE B70 47
MOVE B71 47
MOVE B72 47
MOVE B73 47
MOVE B74 47
MOVE B75 47
MOVE B76 47
MOVE B77 47
MOVE B78 47
MOVE B79 47
MOVE B80 47
MOVE B81 47
MOVE B104 72
MOVE B105 72
MOVE B106 72
MOVE B107 72
MOVE B108 72
MOVE B109 72
MOVE B110 72
MOVE B111 72
MOVE B112 72
MOVE B113 72
MOVE B114 72
MOVE B115 72
MOVE B116 72
MOVE B117 72
MOVE B118 72
MOVE B119 72
MOVE B120 72
MOVE B126 47
MOVE B127 47
MOVE B128 47
MOVE B129 52
MOVE B130 52
MOVE B131 52
MOVE B132 58
MOVE B133 58
MOVE B134 58
MOVE B135 72
MOVE B136 72
MOVE B137 72
MOVE B138 90
MOVE B139 90
MOVE B140 90
MOVE B141 90
MOVE B142 104
MOVE B143 104
MOVE B144 104
MOVE B145 150
MOVE B146 150
MOVE B147 189
MOVE B148 189
MOVE B149 189
MOVE B150 197
MOVE B151 197
MOVE B152 212
MOVE B153 212
MOVE B154 212
DAMAGE HUNGER A19 1
DAMAGE HUNGER A20 1
DAMAGE HUNGER A21 1
DAMAGE HUNGER A23 1
DAMAGE HUNGER A24 1
DAMAGE HUNGER A27 1
END TURN 248
TURN 249
COMMAND LEFT START
COMMAND LEFT END
COMMAND RIGHT START
MOVE B34 109
MOVE B155 47
MOVE B156 47
MOVE B157 47
COMMAND RIGHT END
TURN 249 RESULT
TIME LEFT 0 5 RIGHT 0 5
MOVE A7 44
MOVE A8 21
MOVE A9 6
MOVE A10 68
MOVE A12 6
MOVE A13 29
MOVE A17 44
MOVE A19 54
MOVE A20 54
MOVE A21 29
MOVE A27 0
MOVE B34 52
MOVE B43 164
MOVE B104 90
MOVE B105 90
MOVE B106 90
MOVE B107 90
MOVE B108 90
MOVE B109 90
MOVE B110 90
MOVE B111 90
MOVE B112 90
MOVE B113 90
MOVE B114 90
MOVE B115 90
MOVE B116 90
MOVE B117 90
MOVE B118 90
MOVE B119 90
MOVE B120 90
MOVE B129 47
MOVE B130 47
MOVE B131 47
MOVE B132 52
MOVE B133 52
MOVE B134 52
MOVE B135 58
MOVE B136 58
MOVE B137 58
MOVE B138 72
MOVE B139 72
MOVE B140 72
MOVE B141 72
MOVE B142 90
MOVE B143 90
MOVE B144 90
MOVE B145 129
MOVE B146 129
MOVE B147 174
MOVE B148 174
MOVE B149 174
MOVE B150 189
MOVE B151 189
MOVE B152 197
MOVE B153 197
MOVE B154 197
MOVE B155 212
MOVE B156 212
MOVE B157 212
DAMAGE HUNGER A17 1
DAMAGE HUNGER A19 1
DAMAGE HUNGER A20 1
DAMAGE HUNGER A21 1
DAMAGE HUNGER A23 1
DAMAGE HUNGER A24 1
DAMAGE HUNGER A27 1
END TURN 249
TURN 250
COMMAND LEFT START
COMMAND LEFT END
COMMAND RIGHT START
UPGRADE 109
COMMAND RIGHT END
TURN 250 RESULT
TIME LEFT 0 5 RIGHT 0 5
UPGRADE B 109
MOVE A7 29
MOVE A8 6
MOVE A9 0
MOVE A10 89
MOVE A12 0
MOVE A13 44
MOVE A17 54
MOVE A19 68
MOVE A20 68
MOVE A21 44
MOVE B34 58
MOVE B43 151
MOVE B104 95
MOVE B105 95
MOVE B106 95
MOVE B107 95
MOVE B108 95
MOVE B109 95
MOVE B110 95
MOVE B111 95
MOVE B112 95
MOVE B113 95
MOVE B114 95
MOVE B115 95
MOVE B116 95
MOVE B117 95
MOVE B118 95
MOVE B119 95
MOVE B120 95
MOVE B132 47
MOVE B133 47
MOVE B134 47
MOVE B135 52
MOVE B136 52
MOVE B137 52
MOVE B138 58
MOVE B139 58
MOVE B140 58
MOVE B141 58
MOVE B142 72
MOVE B143 72
MOVE B144 72
MOVE B145 120
MOVE B146 120
MOVE B147 164
MOVE B148 164
MOVE B149 164
MOVE B150 174
MOVE B151 174
MOVE B152 189
MOVE B153 189
MOVE B154 189
MOVE B155 197
MOVE B156 197
MOVE B157 197
DAMAGE HUNGER A19 1
DAMAGE HUNGER A20 1
DAMAGE HUNGER A21 1
DAMAGE HUNGER A23 1
DAMAGE HUNGER A24 1
DAMAGE HUNGER A27 1
END TURN 250
TURN 251
COMMAND LEFT START
COMMAND LEFT END
COMMAND RIGHT START
MOVE B48 0
MOVE B49 0
MOVE B50 0
MOVE B51 0
MOVE B52 0
MOVE B53 0
MOVE B54 0
MOVE B55 0
MOVE B56 0
MOVE B57 0
MOVE B58 0
MOVE B59 0
MOVE B60 0
MOVE B61 0
MOVE B62 0
MOVE B64 0
MOVE B65 0
MOVE B66 0
MOVE B67 0
MOVE B68 0
MOVE B69 0
MOVE B70 0
MOVE B71 0
MOVE B72 0
MOVE B73 0
MOVE B74 0
MOVE B75 0
MOVE B76 0
MOVE B77 0
MOVE B78 0
MOVE B79 0
MOVE B80 0
MOVE B81 0
MOVE B121 0
MOVE B122 0
MOVE B123 0
MOVE B124 0
MOVE B125 0
MOVE B126 0
MOVE B127 0
MOVE B128 0
MOVE B129 0
MOVE B130 0
MOVE B131 0
MOVE B132 0
MOVE B133 0
MOVE B134 0
COMMAND RIGHT END
TURN 251 RESULT
TIME LEFT 0 5 RIGHT 0 5
MOVE A7 21
MOVE A8 0
MOVE A10 109
MOVE A13 54
MOVE A17 68
MOVE A19 89
MOVE A20 89
MOVE A21 54
MOVE B34 72
MOVE B43 130
MOVE B48 32
MOVE B49 32
MOVE B50 32
MOVE B51 32
MOVE B52 32
MOVE B53 32
MOVE B54 32
MOVE B55 32
MOVE B56 32
MOVE B57 32
MOVE B58 32
MOVE B59 32
MOVE B60 32
MOVE B61 32
MOVE B62 32
MOVE B64 32
MOVE B65 32
MOVE B66 32
MOVE B67 32
MOVE B68 32
MOVE B69 32
MOVE B70 32
MOVE B71 32
MOVE B72 32
MOVE B73 32
MOVE B74 32
MOVE B75 32
MOVE B76 32
MOVE B77 32
MOVE B78 32
MOVE B79 32
MOVE B80 32
MOVE B81 32
MOVE B104 101
MOVE B105 101
MOVE B106 101
MOVE B107 101
MOVE B108 101
MOVE B109 101
MOVE B110 101
MOVE B111 101
MOVE B112 101
MOVE B113 101
MOVE B114 101
MOVE B115 101
MOVE B116 101
MOVE B117 101
MOVE B118 101
MOVE B119 101
MOVE B120 101
MOVE B121 32
MOVE B122 32
MOVE B123 32
MOVE B124 32
MOVE B125 32
MOVE B126 32
MOVE B127 32
MOVE B128 32
MOVE B129 32
MOVE B130 32
MOVE B131 32
MOVE B132 32
MOVE B133 32
MOVE B134 32
MOVE B135 47
MOVE B136 47
MOVE B137 47
MOVE B138 52
MOVE B139 52
MOVE B140 52
MOVE B141 52
MOVE B142 58
MOVE B143 58
MOVE B144 58
MOVE B145 110
MOVE B146 110
MOVE B147 150
MOVE B148 150
MOVE B149 150
MOVE B150 164
MOVE B151 164
MOVE B152 174
MOVE B153 174
MOVE B154 174
MOVE B155 189
MOVE B156 189
MOVE B157 189
DAMAGE TURRET A10 1
DAMAGE COMBAT A10 3
DAMAGE COMBAT B83 1
DAMAGE HUNGER A19 1
DAMAGE HUNGER A20 1
DAMAGE HUNGER A21 1
DAMAGE HUNGER A23 1
END TURN 251
TURN 252
COMMAND LEFT START
COMMAND LEFT END
COMMAND RIGHT START
COMMAND RIGHT END
TURN 252 RESULT
TIME LEFT 0 5 RIGHT 0 5
MOVE A7 6
MOVE A13 68
MOVE A17 89
MOVE B34 90
MOVE B43 117
MOVE B48 24
MOVE B49 24
MOVE B50 24
MOVE B51 24
MOVE B52 24
MOVE B53 24
MOVE B54 24
MOVE B55 24
MOVE B56 24
MOVE B57 24
MOVE B58 24
MOVE B59 24
MOVE B60 24
MOVE B61 24
MOVE B62 24
MOVE B64 24
MOVE B65 24
MOVE B66 24
MOVE B67 24
MOVE B68 24
MOVE B69 24
MOVE B70 24
MOVE B71 24
MOVE B72 24
MOVE B73 24
MOVE B74 24
MOVE B75 24
MOVE B76 24
MOVE B77 24
MOVE B78 24
MOVE B79 24
MOVE B80 24
MOVE B81 24
MOVE B104 109
MOVE B105 109
MOVE B106 109
MOVE B107 109
MOVE B108 109
MOVE B109 109
MOVE B110 109
MOVE B111 109
MOVE B112 109
MOVE B113 109
MOVE B114 109
MOVE B115 109
MOVE B116 109
MOVE B117 109
MOVE B118 109
MOVE B119 109
MOVE B120 109
MOVE B121 24
MOVE B122 24
MOVE B123 24
MOVE B124 24
MOVE B125 24
MOVE B126 24
MOVE B127 24
MOVE B128 24
MOVE B129 24
MOVE B130 24
MOVE B131 24
MOVE B132 24
MOVE B133 24
MOVE B134 24
MOVE B138 47
MOVE B139 47
MOVE B140 47
MOVE B141 47
MOVE B142 52
MOVE B143 52
MOVE B144 52
MOVE B145 104
MOVE B146 104
MOVE B147 129
MOVE B148 129
MOVE B149 129
MOVE B150 150
MOVE B151 150
MOVE B152 164
MOVE B153 164
MOVE B154 164
MOVE B155 174
MOVE B156 174
MOVE B157 174
END TURN 252
TURN 253
COMMAND LEFT START
COMMAND LEFT END
COMMAND RIGHT START
UPGRADE 109
TRAIN 3
COMMAND RIGHT END
TURN 253 RESULT
TIME LEFT 0 5 RIGHT 0 5
UPGRADE B 109
TRAIN B170 B171 B172
MOVE A7 0
MOVE A13 89
MOVE A17 109
MOVE B34 95
MOVE B43 98
MOVE B48 9
MOVE B49 9
MOVE B50 9
MOVE B51 9
MOVE B52 9
MOVE B53 9
MOVE B54 9
MOVE B55 9
MOVE B56 9
MOVE B57 9
MOVE B58 9
MOVE B59 9
MOVE B60 9
MOVE B61 9
MOVE B62 9
MOVE B64 9
MOVE B65 9
MOVE B66 9
MOVE B67 9
MOVE B68 9
MOVE B69 9
MOVE B70 9
MOVE B71 9
MOVE B72 9
MOVE B73 9
MOVE B74 9
MOVE B75 9
MOVE B76 9
MOVE B77 9
MOVE B78 9
MOVE B79 9
MOVE B80 9
MOVE B81 9
MOVE B121 9
MOVE B122 9
MOVE B123 9
MOVE B124 9
MOVE B125 9
MOVE B126 9
MOVE B127 9
MOVE B128 9
MOVE B129 9
MOVE B130 9
MOVE B131 9
MOVE B132 9
MOVE B133 9
MOVE B134 9
MOVE B142 47
MOVE B143 47
MOVE B144 47
MOVE B145 90
MOVE B146 90
MOVE B147 120
MOVE B148 120
MOVE B149 120
MOVE B150 129
MOVE B151 129
MOVE B152 150
MOVE B153 150
MOVE B154 150
MOVE B155 164
MOVE B156 164
MOVE B157 164
DAMAGE TURRET A17 1
DAMAGE COMBAT A17 2
DAMAGE COMBAT B83 1
END TURN 253
TURN 254
COMMAND LEFT START
COMMAND LEFT END
COMMAND RIGHT START
MOVE B158 47
MOVE B159 47
MOVE B160 47
MOVE B84 47
MOVE B85 47
MOVE B86 47
MOVE B87 47
MOVE B88 47
MOVE B89 47
MOVE B90 47
MOVE B91 47
MOVE B92 47
MOVE B93 47
MOVE B94 47
MOVE B95 47
MOVE B96 47
MOVE B97 47
MOVE B98 47
MOVE B99 47
MOVE B100 47
MOVE B101 47
MOVE B102 47
MOVE B103 47
MOVE B104 47
MOVE B105 47
MOVE B106 47
MOVE B107 47
MOVE B108 47
MOVE B109 47
MOVE B110 47
MOVE B111 47
MOVE B112 47
MOVE B113 47
MOVE B114 47
MOVE B115 47
MOVE B116 47
MOVE B117 47
MOVE B118 47
MOVE B119 47
COMMAND RIGHT END
TURN 254 RESULT
TIME LEFT 0 5 RIGHT 0 5
MOVE A13 109
MOVE B34 101
MOVE B43 75
MOVE B48 5
MOVE B49 5
MOVE B50 5
MOVE B51 5
MOVE B52 5
MOVE B53 5
MOVE B54 5
MOVE B55 5
MOVE B56 5
MOVE B57 5
MOVE B58 5
MOVE B59 5
MOVE B60 5
MOVE B61 5
MOVE B62 5
MOVE B64 5
MOVE B65 5
MOVE B66 5
MOVE B67 5
MOVE B68 5
MOVE B69 5
MOVE B70 5
MOVE B71 5
MOVE B72 5
MOVE B73 5
MOVE B74 5
MOVE B75 5
MOVE B76 5
MOVE B77 5
MOVE B78 5
MOVE B79 5
MOVE B80 5
MOVE B81 5
MOVE B84 101
MOVE B85 101
MOVE B86 101
MOVE B87 101
MOVE B88 101
MOVE B89 101
MOVE B90 101
MOVE B91 101
MOVE B92 101
MOVE B93 101
MOVE B94 101
MOVE B95 101
MOVE B96 101
MOVE B97 101
MOVE B98 101
MOVE B99 101
MOVE B100 101
MOVE B101 101
MOVE B102 101
MOVE B103 101
MOVE B104 101
MOVE B105 101
MOVE B106 101
MOVE B107 101
MOVE B108 101
MOVE B109 101
MOVE B110 101
MOVE B111 101
MOVE B112 101
MOVE B113 101
MOVE B114 101
MOVE B115 101
MOVE B116 101
MOVE B117 101
MOVE B118 101
MOVE B119 101
MOVE B121 5
MOVE B122 5
MOVE B123 5
MOVE B124 5
MOVE B125 5
MOVE B126 5
MOVE B127 5
MOVE B128 5
MOVE B129 5
MOVE B130 5
MOVE B131 5
MOVE B132 5
MOVE B133 5
MOVE B134 5
MOVE B145 72
MOVE B146 72
MOVE B147 110
MOVE B148 110
MOVE B149 110
MOVE B150 120
MOVE B151 120
MOVE B152 129
MOVE B153 129
MOVE B154 129
MOVE B155 150
MOVE B156 150
MOVE B157 150
MOVE B158 212
MOVE B159 212
MOVE B160 212
DAMAGE TURRET A13 1
DAMAGE COMBAT A13 2
DAMAGE COMBAT B83 1
END TURN 254
TURN 255
COMMAND LEFT START
MOVE A13 0
COMMAND LEFT END
COMMAND RIGHT START
TRAIN 3
COMMAND RIGHT END
TURN 255 RESULT
TIME LEFT 0 5 RIGHT 0 5
TRAIN B173 B174 B175
MOVE B34 109
MOVE B43 60
MOVE B48 0
MOVE B49 0
MOVE B50 0
MOVE B51 0
MOVE B52 0
MOVE B53 0
MOVE B54 0
MOVE B55 0
MOVE B56 0
MOVE B57 0
MOVE B58 0
MOVE B59 0
MOVE B60 0
MOVE B61 0
MOVE B62 0
MOVE B64 0
MOVE B65 0
MOVE B66 0
MOVE B67 0
MOVE B68 0
MOVE B69 0
MOVE B70 0
MOVE B71 0
MOVE B72 0
MOVE B73 0
MOVE B74 0
MOVE B75 0
MOVE B76 0
MOVE B77 0
MOVE B78 0
MOVE B79 0
MOVE B80 0
MOVE B81 0
MOVE B84 95
MOVE B85 95
MOVE B86 95
MOVE B87 95
MOVE B88 95
MOVE B89 95
MOVE B90 95
MOVE B91 95
MOVE B92 95
MOVE B93 95
MOVE B94 95
MOVE B95 95
MOVE B96 95
MOVE B97 95
MOVE B98 95
MOVE B99 95
MOVE B100 95
MOVE B101 95
MOVE B102 95
MOVE B103 95
MOVE B104 95
MOVE B105 95
MOVE B106 95
MOVE B107 95
MOVE B108 95
MOVE B109 95
MOVE B110 95
MOVE B111 95
MOVE B112 95
MOVE B113 95
MOVE B114 95
MOVE B115 95
MOVE B116 95
MOVE B117 95
MOVE B118 95
MOVE B119 95
MOVE B121 0
MOVE B122 0
MOVE B123 0
MOVE B124 0
MOVE B125 0
MOVE B126 0
MOVE B127 0
MOVE B128 0
MOVE B129 0
MOVE B130 0
MOVE B131 0
MOVE B132 0
MOVE B133 0
MOVE B134 0
MOVE B145 58
MOVE B146 58
MOVE B147 104
MOVE B148 104
MOVE B149 104
MOVE B150 110
MOVE B151 110
MOVE B152 120
MOVE B153 120
MOVE B154 120
MOVE B155 129
MOVE B156 129
MOVE B157 129
MOVE B158 197
MOVE B159 197
MOVE B160 197
DAMAGE TURRET A13 1
DAMAGE TURRET B48 1
DAMAGE COMBAT A5 4
DAMAGE COMBAT A7 3
DAMAGE COMBAT A8 4
DAMAGE COMBAT A9 4
DAMAGE COMBAT A12 4
DAMAGE COMBAT B48 5
DAMAGE COMBAT B83 1
SIEGE A 0 10
END TURN 255
RESULT RIGHT_WIN HQ_DESTROYED
