[LEFT ""]
[RIGHT ""]
MAP
215 17
-10974 -10855 -10126 -10164 -9970 -8749 -9439 -8417 -8501 -8329 -8146 -9371 -8203 -8397 -7469 -7518 -7399 -8248 -8426 -7172 -7016 -6934 -6996 -6931 -6645 -6308 -6343 -6266 -6316 -6179 -6211 -6828 -6332 -5902 -5949 -5769 -5549 -5215 -5316 -5153 -5114 -5015 -5670 -4942 -4962 -4851 -4900 -4818 -4441 -4040 -4091 -3953 -4515 -3824 -3797 -3823 -3646 -3609 -3740 -3764 -3512 -3547 -3748 -3038 -3089 -3028 -3076 -2737 -2691 -2583 -2482 -2661 -2637 -2737 -2351 -2488 -2277 -2288 -1953 -1943 -1722 -1659 -1740 -1669 -1708 -1518 -1585 -1477 -1375 -1269 -1191 -1155 -1327 -994 -894 -924 -843 -678 -558 -557 -392 -841 -310 -437 -179 -367 -188 0 188 367 179 437 310 841 392 557 558 678 843 924 894 994 1327 1155 1191 1269 1375 1477 1585 1518 1708 1669 1740 1659 1722 1943 1953 2288 2277 2488 2351 2737 2637 2661 2482 2583 2691 2737 3076 3028 3089 3038 3748 3547 3512 3764 3740 3609 3646 3823 3797 3824 4515 3953 4091 4040 4441 4818 4900 4851 4962 4942 5670 5015 5114 5153 5316 5215 5549 5769 5949 5902 6332 6828 6211 6179 6316 6266 6343 6308 6645 6931 6996 6934 7016 7172 8426 8248 7399 7518 7469 8397 8203 9371 8146 8329 8501 8417 9439 8749 9970 10164 10126 10855 10974
-1772 1844 -51 -3806 3687 -2428 -4809 642 -1482 3941 -493 5892 2000 -5464 -4042 -2839 -1479 7094 -7381 1452 373 4455 6975 2916 -412 -6049 5223 -3840 -2705 -4921 -1215 8882 -7624 3075 1815 878 5686 -1601 6603 -3039 7966 -29 -9524 2375 4705 -7095 3478 -4860 1623 6084 -3005 3903 9149 797 -8272 -1887 7311 2406 -717 -5908 -7011 -4447 10520 -3406 4664 3395 -10402 1862 -2239 -841 -8243 -5084 779 6020 -6197 7666 3061 9545 -3976 -7432 6455 2167 8279 5009 -2794 -4885 341 -762 4031 -1814 9007 3094 11130 -5785 1254 -6696 7689 -7853 -2565 6663 -4782 -10743 -1141 5577 8810 2713 -3820 0 3820 -2713 -8810 -5577 1141 10743 4782 -6663 2565 7853 -7689 6696 -1254 5785 -11130 -3094 -9007 1814 -4031 762 -341 4885 2794 -5009 -8279 -2167 -6455 7432 3976 -9545 -3061 -7666 6197 -6020 -779 5084 8243 841 2239 -1862 10402 -3395 -4664 3406 -10520 4447 7011 5908 717 -2406 -7311 1887 8272 -797 -9149 -3903 3005 -6084 -1623 4860 -3478 7095 -4705 -2375 9524 29 -7966 3039 -6603 1601 -5686 -878 -1815 -3075 7624 -8882 1215 4921 2705 3840 -5223 6049 412 -2916 -6975 -4455 -373 -1452 7381 -7094 1479 2839 4042 5464 -2000 -5892 493 -3941 1482 -642 4809 2428 -3687 3806 51 -1844 1772
STRONGHOLDS 25 37 46 48 60 62 69 100 107 114 145 152 154 166 168 177 189
4 2 3 5 8
4 2 4 7 12
5 0 1 7 8 10
3 0 5 6
4 1 9 11 12
6 0 3 6 8 14 15
5 3 5 13 14 18
6 1 2 10 12 19 20
6 0 2 5 10 15 16
5 4 11 12 21 23
6 2 7 8 16 20 24
4 4 9 17 21
6 1 4 7 9 19 23
5 6 14 18 25 29
6 5 6 13 15 27 29
6 5 8 14 16 27 28
6 8 10 15 24 28 30
5 11 21 22 26 31
5 6 13 25 32 42
6 7 12 20 23 34 35
5 7 10 19 24 35
7 9 11 17 23 26 33 44
6 17 26 31 36 38 40
6 9 12 19 21 33 34
6 10 16 20 30 35 41
6 13 18 29 32 45 47
5 17 21 22 36 44
6 14 15 28 29 39 47
6 15 16 27 30 37 39
5 13 14 25 27 47
5 16 24 28 37 41
5 17 22 40 52 62
4 18 25 42 45
6 21 23 34 43 44 46
6 19 23 33 35 43 48
6 19 20 24 34 41 48
5 22 26 38 44 49
7 28 30 39 41 50 55 58
5 22 36 40 49 56
5 27 28 37 47 50
5 22 31 38 52 56
7 24 30 35 37 48 53 58
5 18 32 45 54 66
5 33 34 46 48 57
8 21 26 33 36 46 49 51 64
7 25 32 42 47 54 59 60
5 33 43 44 51 57
8 25 27 29 39 45 50 59 61
6 34 35 41 43 53 57
6 36 38 44 56 64 73
7 37 39 47 55 61 63 68
5 44 46 57 64 65
6 31 40 56 62 75 77
6 41 48 57 58 67 72
5 42 45 60 66 70
5 37 50 58 68 69
6 38 40 49 52 73 75
8 43 46 48 51 53 65 67 76
6 37 41 53 55 69 72
6 45 47 60 61 71 74
6 45 54 59 70 74 79
6 47 50 59 63 71 78
4 31 52 77 92
5 50 61 68 78 84
7 44 49 51 65 73 83 88
5 51 57 64 76 88
4 42 54 70 101
5 53 57 72 76 81
6 50 55 63 69 84 89
7 55 58 68 72 86 87 89
6 54 60 66 79 97 101
5 59 61 74 78 85
7 53 58 67 69 81 86 94
6 49 56 64 75 80 83
7 59 60 71 79 85 93 95
7 52 56 73 77 80 82 96
6 57 65 67 81 88 91
6 52 62 75 82 90 92
6 61 63 71 84 85 106
5 60 70 74 95 97
6 73 75 83 96 99 103
6 67 72 76 91 94 105
4 75 77 90 96
5 64 73 80 88 103
6 63 68 78 89 98 106
6 71 74 78 93 100 106
5 69 72 87 94 107
5 69 86 89 102 107
8 64 65 76 83 91 103 108 114
6 68 69 84 87 98 102
5 77 82 92 96 104
5 76 81 88 105 108
5 62 77 90 104 113
5 74 85 95 100 111
6 72 81 86 105 107 112
6 74 79 93 97 111 115
7 75 80 82 90 99 104 117
7 70 79 95 101 110 115 118
5 84 89 102 106 109
5 80 96 103 117 119
5 85 93 106 111 126
5 66 70 97 110 122
6 87 89 98 107 109 120
7 80 83 88 99 114 119 121
5 90 92 96 113 117
6 81 91 94 108 112 116
8 78 84 85 98 100 109 123 126
8 86 87 94 102 112 120 127 128
8 88 91 105 114 116 129 130 136
6 98 102 106 120 123 133
5 97 101 118 122 124
7 93 95 100 115 126 131 134
6 94 105 107 116 125 127
5 92 104 117 144 148
5 88 103 108 121 129
5 95 97 111 118 134
5 105 108 112 125 130
7 96 99 104 113 119 135 144
7 97 110 115 124 132 134 139
6 99 103 117 121 135 140
6 102 107 109 128 133 142
5 103 114 119 129 140
5 101 110 124 137 152
5 106 109 126 133 138
5 110 118 122 132 137
6 112 116 127 130 145 146
8 100 106 111 123 131 138 149 150
5 107 112 125 128 145
5 107 120 127 142 145
6 108 114 121 136 140 143
6 108 116 125 136 146 151
5 111 126 134 141 150
4 118 124 137 139
6 109 120 123 138 142 147
6 111 115 118 131 139 141
5 117 119 140 144 154
6 108 129 130 143 151 153
6 122 124 132 139 152 162
6 123 126 133 147 149 157
7 118 132 134 137 141 158 162
7 119 121 129 135 143 154 155
6 131 134 139 150 158 165
7 120 128 133 145 147 156 161
5 129 136 140 153 155
6 113 117 135 148 154 160
7 125 127 128 142 146 156 159
6 125 130 145 151 159 164
5 133 138 142 157 161
4 113 144 160 172
5 126 138 150 157 163
7 126 131 141 149 163 165 170
5 130 136 146 153 164
4 122 137 162 183
6 136 143 151 155 164 167
6 135 140 144 155 160 169
6 140 143 153 154 167 169
6 142 145 159 161 173 177
8 138 147 149 161 163 166 168 171
6 139 141 162 165 174 176
5 145 146 156 164 177
5 144 148 154 169 172
6 142 147 156 157 166 173
6 137 139 152 158 174 183
5 149 150 157 168 170
7 146 151 153 159 167 175 177
6 141 150 158 170 176 178
6 157 161 171 173 179 180
8 153 155 164 169 175 185 187 189
5 157 163 170 171 181
7 154 155 160 167 172 182 189
8 150 163 165 168 178 181 188 193
5 157 166 168 180 181
5 148 160 169 182 196
7 156 161 166 177 179 184 190
5 158 162 176 183 192
5 164 167 177 186 187
5 158 165 174 178 192
7 156 159 164 173 175 184 186
5 165 170 176 188 192
6 166 173 180 190 194 195
6 166 171 179 181 191 195
6 168 170 171 180 191 193
4 169 172 189 196
5 152 162 174 192 197
5 173 177 186 190 198
5 167 187 189 200 201
6 175 177 184 187 198 199
6 167 175 185 186 199 200
5 170 178 192 193 197
6 167 169 182 185 196 201
6 173 179 184 194 198 204
6 180 181 193 195 202 205
6 174 176 178 183 188 197
7 170 181 188 191 197 203 205
5 179 190 195 204 207
6 179 180 191 194 202 207
5 172 182 189 201 208
5 183 188 192 193 203
6 184 186 190 199 204 206
6 186 187 198 200 206 209
6 185 187 199 201 208 209
5 185 189 196 200 208
6 191 195 205 207 210 213
4 193 197 205 210
6 190 194 198 206 207 212
5 191 193 202 203 210
6 198 199 204 209 212 214
6 194 195 202 204 212 213
5 196 200 201 209 211
6 199 200 206 208 211 214
4 202 203 205 213
3 208 209 214
5 204 206 207 213 214
4 202 207 210 212
4 206 209 211 212
END MAP
TURN 1
COMMAND LEFT START
MOVE A1 37
MOVE A2 25
COMMAND LEFT END
COMMAND RIGHT START
MOVE B1 177
MOVE B2 107
COMMAND RIGHT END
TURN 1 RESULT
TIME LEFT 1 5 RIGHT 0 5
MOVE A1 8
MOVE A2 3
MOVE B1 206
MOVE B2 206
END TURN 1
TURN 2
COMMAND LEFT START
COMMAND LEFT END
COMMAND RIGHT START
COMMAND RIGHT END
TURN 2 RESULT
TIME LEFT 0 5 RIGHT 0 5
MOVE A1 16
MOVE A2 6
MOVE B1 198
MOVE B2 198
END TURN 2
TURN 3
COMMAND LEFT START
COMMAND LEFT END
COMMAND RIGHT START
COMMAND RIGHT END
TURN 3 RESULT
TIME LEFT 0 5 RIGHT 0 5
MOVE A1 30
MOVE A2 13
MOVE B1 184
MOVE B2 184
END TURN 3
TURN 4
COMMAND LEFT START
COMMAND LEFT END
COMMAND RIGHT START
COMMAND RIGHT END
TURN 4 RESULT
TIME LEFT 0 5 RIGHT 0 5
MOVE A1 37
MOVE A2 25
MOVE B1 177
MOVE B2 177
END TURN 4
TURN 5
COMMAND LEFT START
UPGRADE 37
COMMAND LEFT END
COMMAND RIGHT START
UPGRADE 177
COMMAND RIGHT END
TURN 5 RESULT
TIME LEFT 0 5 RIGHT 0 5
UPGRADE A 37
UPGRADE B 177
MOVE B2 156
END TURN 5
TURN 6
COMMAND LEFT START
COMMAND LEFT END
COMMAND RIGHT START
COMMAND RIGHT END
TURN 6 RESULT
TIME LEFT 0 5 RIGHT 0 5
MOVE B2 145
END TURN 6
TURN 7
COMMAND LEFT START
COMMAND LEFT END
COMMAND RIGHT START
COMMAND RIGHT END
TURN 7 RESULT
TIME LEFT 0 5 RIGHT 0 5
MOVE B2 127
END TURN 7
TURN 8
COMMAND LEFT START
COMMAND LEFT END
COMMAND RIGHT START
COMMAND RIGHT END
TURN 8 RESULT
TIME LEFT 0 5 RIGHT 0 5
MOVE B2 107
END TURN 8
TURN 9
COMMAND LEFT START
COMMAND LEFT END
COMMAND RIGHT START
COMMAND RIGHT END
TURN 9 RESULT
TIME LEFT 0 5 RIGHT 0 5
END TURN 9
TURN 10
COMMAND LEFT START
COMMAND LEFT END
COMMAND RIGHT START
COMMAND RIGHT END
TURN 10 RESULT
TIME LEFT 0 5 RIGHT 0 5
END TURN 10
TURN 11
COMMAND LEFT START
COMMAND LEFT END
COMMAND RIGHT START
COMMAND RIGHT END
TURN 11 RESULT
TIME LEFT 0 5 RIGHT 0 5
END TURN 11
TURN 12
COMMAND LEFT START
COMMAND LEFT END
COMMAND RIGHT START
COMMAND RIGHT END
TURN 12 RESULT
TIME LEFT 0 5 RIGHT 0 5
END TURN 12
TURN 13
COMMAND LEFT START
COMMAND LEFT END
COMMAND RIGHT START
COMMAND RIGHT END
TURN 13 RESULT
TIME LEFT 0 5 RIGHT 0 5
END TURN 13
TURN 14
COMMAND LEFT START
COMMAND LEFT END
COMMAND RIGHT START
COMMAND RIGHT END
TURN 14 RESULT
TIME LEFT 0 5 RIGHT 0 5
END TURN 14
TURN 15
COMMAND LEFT START
UPGRADE 25
COMMAND LEFT END
COMMAND RIGHT START
UPGRADE 107
COMMAND RIGHT END
TURN 15 RESULT
TIME LEFT 0 5 RIGHT 0 5
UPGRADE A 25
UPGRADE B 107
END TURN 15
TURN 16
COMMAND LEFT START
COMMAND LEFT END
COMMAND RIGHT START
COMMAND RIGHT END
TURN 16 RESULT
TIME LEFT 0 5 RIGHT 0 5
END TURN 16
TURN 17
COMMAND LEFT START
COMMAND LEFT END
COMMAND RIGHT START
COMMAND RIGHT END
TURN 17 RESULT
TIME LEFT 0 5 RIGHT 0 5
END TURN 17
TURN 18
COMMAND LEFT START
COMMAND LEFT END
COMMAND RIGHT START
TRAIN 1
COMMAND RIGHT END
TURN 18 RESULT
TIME LEFT 0 5 RIGHT 0 5
TRAIN B4
END TURN 18
TURN 19
COMMAND LEFT START
COMMAND LEFT END
COMMAND RIGHT START
COMMAND RIGHT END
TURN 19 RESULT
TIME LEFT 0 5 RIGHT 0 5
END TURN 19
TURN 20
COMMAND LEFT START
COMMAND LEFT END
COMMAND RIGHT START
COMMAND RIGHT END
TURN 20 RESULT
TIME LEFT 0 5 RIGHT 0 5
END TURN 20
TURN 21
COMMAND LEFT START
COMMAND LEFT END
COMMAND RIGHT START
COMMAND RIGHT END
TURN 21 RESULT
TIME LEFT 0 5 RIGHT 0 5
END TURN 21
TURN 22
COMMAND LEFT START
COMMAND LEFT END
COMMAND RIGHT START
COMMAND RIGHT END
TURN 22 RESULT
TIME LEFT 0 5 RIGHT 0 5
END TURN 22
TURN 23
COMMAND LEFT START
COMMAND LEFT END
COMMAND RIGHT START
COMMAND RIGHT END
TURN 23 RESULT
TIME LEFT 0 5 RIGHT 0 5
END TURN 23
TURN 24
COMMAND LEFT START
COMMAND LEFT END
COMMAND RIGHT START
COMMAND RIGHT END
TURN 24 RESULT
TIME LEFT 0 5 RIGHT 0 5
END TURN 24
TURN 25
COMMAND LEFT START
COMMAND LEFT END
COMMAND RIGHT START
COMMAND RIGHT END
TURN 25 RESULT
TIME LEFT 0 5 RIGHT 0 5
END TURN 25
TURN 26
COMMAND LEFT START
COMMAND LEFT END
COMMAND RIGHT START
COMMAND RIGHT END
TURN 26 RESULT
TIME LEFT 0 5 RIGHT 0 5
END TURN 26
TURN 27
COMMAND LEFT START
COMMAND LEFT END
COMMAND RIGHT START
COMMAND RIGHT END
TURN 27 RESULT
TIME LEFT 0 5 RIGHT 0 5
END TURN 27
TURN 28
COMMAND LEFT START
COMMAND LEFT END
COMMAND RIGHT START
MOVE B3 189
COMMAND RIGHT END
TURN 28 RESULT
TIME LEFT 0 5 RIGHT 0 5
MOVE B3 211
END TURN 28
TURN 29
COMMAND LEFT START
COMMAND LEFT END
COMMAND RIGHT START
COMMAND RIGHT END
TURN 29 RESULT
TIME LEFT 0 5 RIGHT 0 5
MOVE B3 208
END TURN 29
TURN 30
COMMAND LEFT START
COMMAND LEFT END
COMMAND RIGHT START
COMMAND RIGHT END
TURN 30 RESULT
TIME LEFT 0 5 RIGHT 0 5
MOVE B3 201
END TURN 30
TURN 31
COMMAND LEFT START
COMMAND LEFT END
COMMAND RIGHT START
COMMAND RIGHT END
TURN 31 RESULT
TIME LEFT 0 5 RIGHT 0 5
MOVE B3 189
END TURN 31
TURN 32
COMMAND LEFT START
COMMAND LEFT END
COMMAND RIGHT START
UPGRADE 189
COMMAND RIGHT END
TURN 32 RESULT
TIME LEFT 0 5 RIGHT 0 5
UPGRADE B 189
END TURN 32
TURN 33
COMMAND LEFT START
COMMAND LEFT END
COMMAND RIGHT START
COMMAND RIGHT END
TURN 33 RESULT
TIME LEFT 0 5 RIGHT 0 5
END TURN 33
TURN 34
COMMAND LEFT START
COMMAND LEFT END
COMMAND RIGHT START
COMMAND RIGHT END
TURN 34 RESULT
TIME LEFT 0 5 RIGHT 0 5
END TURN 34
TURN 35
COMMAND LEFT START
COMMAND LEFT END
COMMAND RIGHT START
TRAIN 1
COMMAND RIGHT END
TURN 35 RESULT
TIME LEFT 0 5 RIGHT 0 5
TRAIN B5
END TURN 35
TURN 36
COMMAND LEFT START
COMMAND LEFT END
COMMAND RIGHT START
COMMAND RIGHT END
TURN 36 RESULT
TIME LEFT 0 5 RIGHT 0 5
END TURN 36
TURN 37
COMMAND LEFT START
COMMAND LEFT END
COMMAND RIGHT START
COMMAND RIGHT END
TURN 37 RESULT
TIME LEFT 0 5 RIGHT 0 5
END TURN 37
TURN 38
COMMAND LEFT START
COMMAND LEFT END
COMMAND RIGHT START
COMMAND RIGHT END
TURN 38 RESULT
TIME LEFT 0 5 RIGHT 0 5
END TURN 38
TURN 39
COMMAND LEFT START
COMMAND LEFT END
COMMAND RIGHT START
COMMAND RIGHT END
TURN 39 RESULT
TIME LEFT 0 5 RIGHT 0 5
END TURN 39
TURN 40
COMMAND LEFT START
COMMAND LEFT END
COMMAND RIGHT START
MOVE B4 166
COMMAND RIGHT END
TURN 40 RESULT
TIME LEFT 0 5 RIGHT 0 5
MOVE B4 206
END TURN 40
TURN 41
COMMAND LEFT START
COMMAND LEFT END
COMMAND RIGHT START
COMMAND RIGHT END
TURN 41 RESULT
TIME LEFT 0 5 RIGHT 0 5
MOVE B4 204
END TURN 41
TURN 42
COMMAND LEFT START
COMMAND LEFT END
COMMAND RIGHT START
COMMAND RIGHT END
TURN 42 RESULT
TIME LEFT 0 5 RIGHT 0 5
MOVE B4 194
END TURN 42
TURN 43
COMMAND LEFT START
COMMAND LEFT END
COMMAND RIGHT START
COMMAND RIGHT END
TURN 43 RESULT
TIME LEFT 0 5 RIGHT 0 5
MOVE B4 179
END TURN 43
TURN 44
COMMAND LEFT START
COMMAND LEFT END
COMMAND RIGHT START
COMMAND RIGHT END
TURN 44 RESULT
TIME LEFT 0 5 RIGHT 0 5
MOVE B4 166
END TURN 44
TURN 45
COMMAND LEFT START
COMMAND LEFT END
COMMAND RIGHT START
UPGRADE 166
COMMAND RIGHT END
TURN 45 RESULT
TIME LEFT 0 5 RIGHT 0 5
UPGRADE B 166
END TURN 45
TURN 46
COMMAND LEFT START
COMMAND LEFT END
COMMAND RIGHT START
COMMAND RIGHT END
TURN 46 RESULT
TIME LEFT 0 5 RIGHT 0 5
END TURN 46
TURN 47
COMMAND LEFT START
COMMAND LEFT END
COMMAND RIGHT START
TRAIN 1
COMMAND RIGHT END
TURN 47 RESULT
TIME LEFT 0 5 RIGHT 0 5
TRAIN B6
END TURN 47
TURN 48
COMMAND LEFT START
COMMAND LEFT END
COMMAND RIGHT START
COMMAND RIGHT END
TURN 48 RESULT
TIME LEFT 0 5 RIGHT 0 5
END TURN 48
TURN 49
COMMAND LEFT START
COMMAND LEFT END
COMMAND RIGHT START
MOVE B5 145
COMMAND RIGHT END
TURN 49 RESULT
TIME LEFT 0 5 RIGHT 0 5
MOVE B5 206
END TURN 49
TURN 50
COMMAND LEFT START
COMMAND LEFT END
COMMAND RIGHT START
COMMAND RIGHT END
TURN 50 RESULT
TIME LEFT 0 5 RIGHT 0 5
MOVE B5 198
END TURN 50
TURN 51
COMMAND LEFT START
TRAIN 1
COMMAND LEFT END
COMMAND RIGHT START
COMMAND RIGHT END
TURN 51 RESULT
TIME LEFT 0 5 RIGHT 0 5
TRAIN A4
MOVE B5 184
END TURN 51
TURN 52
COMMAND LEFT START
COMMAND LEFT END
COMMAND RIGHT START
COMMAND RIGHT END
TURN 52 RESULT
TIME LEFT 0 5 RIGHT 0 5
MOVE B5 177
END TURN 52
TURN 53
COMMAND LEFT START
COMMAND LEFT END
COMMAND RIGHT START
COMMAND RIGHT END
TURN 53 RESULT
TIME LEFT 0 5 RIGHT 0 5
MOVE B5 156
END TURN 53
TURN 54
COMMAND LEFT START
TRAIN 1
COMMAND LEFT END
COMMAND RIGHT START
COMMAND RIGHT END
TURN 54 RESULT
TIME LEFT 0 5 RIGHT 0 5
TRAIN A5
MOVE B5 145
END TURN 54
TURN 55
COMMAND LEFT START
MOVE A4 48
COMMAND LEFT END
COMMAND RIGHT START
UPGRADE 145
COMMAND RIGHT END
TURN 55 RESULT
TIME LEFT 0 5 RIGHT 0 5
UPGRADE B 145
MOVE A4 8
END TURN 55
TURN 56
COMMAND LEFT START
COMMAND LEFT END
COMMAND RIGHT START
COMMAND RIGHT END
TURN 56 RESULT
TIME LEFT 0 5 RIGHT 0 5
MOVE A4 10
END TURN 56
TURN 57
COMMAND LEFT START
COMMAND LEFT END
COMMAND RIGHT START
TRAIN 1
COMMAND RIGHT END
TURN 57 RESULT
TIME LEFT 0 5 RIGHT 0 5
TRAIN B7
MOVE A4 20
END TURN 57
TURN 58
COMMAND LEFT START
TRAIN 1
COMMAND LEFT END
COMMAND RIGHT START
MOVE B6 168
COMMAND RIGHT END
TURN 58 RESULT
TIME LEFT 0 5 RIGHT 0 5
TRAIN A6
MOVE A4 35
MOVE B6 212
END TURN 58
TURN 59
COMMAND LEFT START
COMMAND LEFT END
COMMAND RIGHT START
COMMAND RIGHT END
TURN 59 RESULT
TIME LEFT 0 5 RIGHT 0 5
MOVE A4 48
MOVE B6 207
END TURN 59
TURN 60
COMMAND LEFT START
UPGRADE 48
COMMAND LEFT END
COMMAND RIGHT START
COMMAND RIGHT END
TURN 60 RESULT
TIME LEFT 0 5 RIGHT 0 5
UPGRADE A 48
MOVE B6 195
END TURN 60
TURN 61
COMMAND LEFT START
UPGRADE 0
COMMAND LEFT END
COMMAND RIGHT START
COMMAND RIGHT END
TURN 61 RESULT
TIME LEFT 0 5 RIGHT 0 5
UPGRADE A 0
MOVE B6 180
END TURN 61
TURN 62
COMMAND LEFT START
COMMAND LEFT END
COMMAND RIGHT START
COMMAND RIGHT END
TURN 62 RESULT
TIME LEFT 0 5 RIGHT 0 5
MOVE B6 171
END TURN 62
TURN 63
COMMAND LEFT START
COMMAND LEFT END
COMMAND RIGHT START
COMMAND RIGHT END
TURN 63 RESULT
TIME LEFT 0 5 RIGHT 0 5
MOVE B6 168
END TURN 63
TURN 64
COMMAND LEFT START
COMMAND LEFT END
COMMAND RIGHT START
UPGRADE 168
COMMAND RIGHT END
TURN 64 RESULT
TIME LEFT 0 5 RIGHT 0 5
UPGRADE B 168
END TURN 64
TURN 65
COMMAND LEFT START
COMMAND LEFT END
COMMAND RIGHT START
TRAIN 1
COMMAND RIGHT END
TURN 65 RESULT
TIME LEFT 0 5 RIGHT 0 5
TRAIN B8
END TURN 65
TURN 66
COMMAND LEFT START
COMMAND LEFT END
COMMAND RIGHT START
MOVE B7 154
TRAIN 1
COMMAND RIGHT END
TURN 66 RESULT
TIME LEFT 0 5 RIGHT 0 5
TRAIN B9
MOVE B7 209
END TURN 66
TURN 67
COMMAND LEFT START
UPGRADE 25
COMMAND LEFT END
COMMAND RIGHT START
COMMAND RIGHT END
TURN 67 RESULT
TIME LEFT 0 5 RIGHT 0 5
UPGRADE A 25
MOVE B7 199
END TURN 67
TURN 68
COMMAND LEFT START
MOVE A6 25
COMMAND LEFT END
COMMAND RIGHT START
COMMAND RIGHT END
TURN 68 RESULT
TIME LEFT 0 5 RIGHT 0 5
MOVE A6 3
MOVE B7 187
END TURN 68
TURN 69
COMMAND LEFT START
COMMAND LEFT END
COMMAND RIGHT START
MOVE B8 114
COMMAND RIGHT END
TURN 69 RESULT
TIME LEFT 0 5 RIGHT 0 5
MOVE A6 6
MOVE B7 167
MOVE B8 209
END TURN 69
TURN 70
COMMAND LEFT START
COMMAND LEFT END
COMMAND RIGHT START
COMMAND RIGHT END
TURN 70 RESULT
TIME LEFT 0 5 RIGHT 0 5
MOVE A6 13
MOVE B7 155
MOVE B8 199
END TURN 70
TURN 71
COMMAND LEFT START
COMMAND LEFT END
COMMAND RIGHT START
COMMAND RIGHT END
TURN 71 RESULT
TIME LEFT 0 5 RIGHT 0 5
MOVE A6 25
MOVE B7 154
MOVE B8 186
END TURN 71
TURN 72
COMMAND LEFT START
COMMAND LEFT END
COMMAND RIGHT START
UPGRADE 154
COMMAND RIGHT END
TURN 72 RESULT
TIME LEFT 0 5 RIGHT 0 5
UPGRADE B 154
MOVE B8 175
END TURN 72
TURN 73
COMMAND LEFT START
COMMAND LEFT END
COMMAND RIGHT START
TRAIN 1
COMMAND RIGHT END
TURN 73 RESULT
TIME LEFT 0 5 RIGHT 0 5
TRAIN B10
MOVE B8 164
END TURN 73
TURN 74
COMMAND LEFT START
COMMAND LEFT END
COMMAND RIGHT START
MOVE B9 100
COMMAND RIGHT END
TURN 74 RESULT
TIME LEFT 0 5 RIGHT 0 5
MOVE B8 151
MOVE B9 206
END TURN 74
TURN 75
COMMAND LEFT START
UPGRADE 37
COMMAND LEFT END
COMMAND RIGHT START
COMMAND RIGHT END
TURN 75 RESULT
TIME LEFT 0 5 RIGHT 0 5
UPGRADE A 37
MOVE B8 136
MOVE B9 204
END TURN 75
TURN 76
COMMAND LEFT START
TRAIN 1
COMMAND LEFT END
COMMAND RIGHT START
COMMAND RIGHT END
TURN 76 RESULT
TIME LEFT 0 5 RIGHT 0 5
TRAIN A7
MOVE B8 129
MOVE B9 194
END TURN 76
TURN 77
COMMAND LEFT START
MOVE A7 37
COMMAND LEFT END
COMMAND RIGHT START
COMMAND RIGHT END
TURN 77 RESULT
TIME LEFT 0 5 RIGHT 0 5
MOVE A7 8
MOVE B8 114
MOVE B9 179
END TURN 77
TURN 78
COMMAND LEFT START
COMMAND LEFT END
COMMAND RIGHT START
UPGRADE 114
COMMAND RIGHT END
TURN 78 RESULT
TIME LEFT 0 5 RIGHT 0 5
UPGRADE B 114
MOVE A7 16
MOVE B9 166
END TURN 78
TURN 79
COMMAND LEFT START
COMMAND LEFT END
COMMAND RIGHT START
COMMAND RIGHT END
TURN 79 RESULT
TIME LEFT 0 5 RIGHT 0 5
MOVE A7 30
MOVE B9 157
END TURN 79
TURN 80
COMMAND LEFT START
COMMAND LEFT END
COMMAND RIGHT START
COMMAND RIGHT END
TURN 80 RESULT
TIME LEFT 0 5 RIGHT 0 5
MOVE A7 37
MOVE B9 138
END TURN 80
TURN 81
COMMAND LEFT START
COMMAND LEFT END
COMMAND RIGHT START
COMMAND RIGHT END
TURN 81 RESULT
TIME LEFT 0 5 RIGHT 0 5
MOVE B9 126
END TURN 81
TURN 82
COMMAND LEFT START
COMMAND LEFT END
COMMAND RIGHT START
COMMAND RIGHT END
TURN 82 RESULT
TIME LEFT 0 5 RIGHT 0 5
MOVE B9 100
END TURN 82
TURN 83
COMMAND LEFT START
UPGRADE 48
COMMAND LEFT END
COMMAND RIGHT START
COMMAND RIGHT END
TURN 83 RESULT
TIME LEFT 0 5 RIGHT 0 5
UPGRADE A 48
END TURN 83
TURN 84
COMMAND LEFT START
TRAIN 1
COMMAND LEFT END
COMMAND RIGHT START
UPGRADE 214
COMMAND RIGHT END
TURN 84 RESULT
TIME LEFT 0 5 RIGHT 0 5
UPGRADE B 214
TRAIN A8
END TURN 84
TURN 85
COMMAND LEFT START
MOVE A8 48
COMMAND LEFT END
COMMAND RIGHT START
TRAIN 1
COMMAND RIGHT END
TURN 85 RESULT
TIME LEFT 0 5 RIGHT 0 5
TRAIN B11
MOVE A8 8
END TURN 85
TURN 86
COMMAND LEFT START
COMMAND LEFT END
COMMAND RIGHT START
COMMAND RIGHT END
TURN 86 RESULT
TIME LEFT 0 5 RIGHT 0 5
MOVE A8 10
END TURN 86
TURN 87
COMMAND LEFT START
COMMAND LEFT END
COMMAND RIGHT START
COMMAND RIGHT END
TURN 87 RESULT
TIME LEFT 0 5 RIGHT 0 5
MOVE A8 20
END TURN 87
TURN 88
COMMAND LEFT START
COMMAND LEFT END
COMMAND RIGHT START
COMMAND RIGHT END
TURN 88 RESULT
TIME LEFT 0 5 RIGHT 0 5
MOVE A8 35
END TURN 88
TURN 89
COMMAND LEFT START
COMMAND LEFT END
COMMAND RIGHT START
COMMAND RIGHT END
TURN 89 RESULT
TIME LEFT 0 5 RIGHT 0 5
MOVE A8 48
END TURN 89
TURN 90
COMMAND LEFT START
COMMAND LEFT END
COMMAND RIGHT START
COMMAND RIGHT END
TURN 90 RESULT
TIME LEFT 0 5 RIGHT 0 5
END TURN 90
TURN 91
COMMAND LEFT START
COMMAND LEFT END
COMMAND RIGHT START
COMMAND RIGHT END
TURN 91 RESULT
TIME LEFT 0 5 RIGHT 0 5
END TURN 91
TURN 92
COMMAND LEFT START
COMMAND LEFT END
COMMAND RIGHT START
COMMAND RIGHT END
TURN 92 RESULT
TIME LEFT 0 5 RIGHT 0 5
END TURN 92
TURN 93
COMMAND LEFT START
TRAIN 1
COMMAND LEFT END
COMMAND RIGHT START
UPGRADE 214
TRAIN 1
COMMAND RIGHT END
TURN 93 RESULT
TIME LEFT 0 5 RIGHT 0 5
UPGRADE B 214
TRAIN A9 B12
END TURN 93
TURN 94
COMMAND LEFT START
TRAIN 1
COMMAND LEFT END
COMMAND RIGHT START
COMMAND RIGHT END
TURN 94 RESULT
TIME LEFT 0 5 RIGHT 0 5
TRAIN A10
END TURN 94
TURN 95
COMMAND LEFT START
TRAIN 1
COMMAND LEFT END
COMMAND RIGHT START
COMMAND RIGHT END
TURN 95 RESULT
TIME LEFT 0 5 RIGHT 0 5
TRAIN A11
END TURN 95
TURN 96
COMMAND LEFT START
TRAIN 1
COMMAND LEFT END
COMMAND RIGHT START
COMMAND RIGHT END
TURN 96 RESULT
TIME LEFT 0 5 RIGHT 0 5
TRAIN A12
END TURN 96
TURN 97
COMMAND LEFT START
TRAIN 1
COMMAND LEFT END
COMMAND RIGHT START
UPGRADE 100
COMMAND RIGHT END
TURN 97 RESULT
TIME LEFT 0 5 RIGHT 0 5
UPGRADE B 100
TRAIN A13
END TURN 97
TURN 98
COMMAND LEFT START
COMMAND LEFT END
COMMAND RIGHT START
COMMAND RIGHT END
TURN 98 RESULT
TIME LEFT 0 5 RIGHT 0 5
END TURN 98
TURN 99
COMMAND LEFT START
TRAIN 1
COMMAND LEFT END
COMMAND RIGHT START
COMMAND RIGHT END
TURN 99 RESULT
TIME LEFT 0 5 RIGHT 0 5
TRAIN A14
END TURN 99
TURN 100
COMMAND LEFT START
TRAIN 1
COMMAND LEFT END
COMMAND RIGHT START
COMMAND RIGHT END
TURN 100 RESULT
TIME LEFT 0 5 RIGHT 0 5
TRAIN A15
END TURN 100
TURN 101
COMMAND LEFT START
TRAIN 1
COMMAND LEFT END
COMMAND RIGHT START
UPGRADE 189
TRAIN 1
COMMAND RIGHT END
TURN 101 RESULT
TIME LEFT 0 5 RIGHT 0 5
UPGRADE B 189
TRAIN A16 B13
END TURN 101
TURN 102
COMMAND LEFT START
COMMAND LEFT END
COMMAND RIGHT START
MOVE B10 189
COMMAND RIGHT END
TURN 102 RESULT
TIME LEFT 0 5 RIGHT 0 5
MOVE B10 211
END TURN 102
TURN 103
COMMAND LEFT START
TRAIN 1
COMMAND LEFT END
COMMAND RIGHT START
COMMAND RIGHT END
TURN 103 RESULT
TIME LEFT 0 5 RIGHT 0 5
TRAIN A17
MOVE B10 208
END TURN 103
TURN 104
COMMAND LEFT START
TRAIN 1
COMMAND LEFT END
COMMAND RIGHT START
COMMAND RIGHT END
TURN 104 RESULT
TIME LEFT 0 5 RIGHT 0 5
TRAIN A18
MOVE B10 201
END TURN 104
TURN 105
COMMAND LEFT START
COMMAND LEFT END
COMMAND RIGHT START
UPGRADE 177
COMMAND RIGHT END
TURN 105 RESULT
TIME LEFT 0 5 RIGHT 0 5
UPGRADE B 177
MOVE B10 189
END TURN 105
TURN 106
COMMAND LEFT START
TRAIN 1
COMMAND LEFT END
COMMAND RIGHT START
TRAIN 1
COMMAND RIGHT END
TURN 106 RESULT
TIME LEFT 0 5 RIGHT 0 5
TRAIN A19 B14
END TURN 106
TURN 107
COMMAND LEFT START
TRAIN 1
COMMAND LEFT END
COMMAND RIGHT START
MOVE B11 177
COMMAND RIGHT END
TURN 107 RESULT
TIME LEFT 0 5 RIGHT 0 5
TRAIN A20
MOVE B11 206
END TURN 107
TURN 108
COMMAND LEFT START
TRAIN 1
COMMAND LEFT END
COMMAND RIGHT START
COMMAND RIGHT END
TURN 108 RESULT
TIME LEFT 0 5 RIGHT 0 5
TRAIN A21
MOVE B11 198
END TURN 108
TURN 109
COMMAND LEFT START
COMMAND LEFT END
COMMAND RIGHT START
UPGRADE 168
COMMAND RIGHT END
TURN 109 RESULT
TIME LEFT 0 5 RIGHT 0 5
UPGRADE B 168
MOVE B11 184
END TURN 109
TURN 110
COMMAND LEFT START
TRAIN 1
COMMAND LEFT END
COMMAND RIGHT START
TRAIN 1
COMMAND RIGHT END
TURN 110 RESULT
TIME LEFT 0 5 RIGHT 0 5
TRAIN A22 B15
MOVE B11 177
END TURN 110
TURN 111
COMMAND LEFT START
COMMAND LEFT END
COMMAND RIGHT START
MOVE B12 168
COMMAND RIGHT END
TURN 111 RESULT
TIME LEFT 0 5 RIGHT 0 5
MOVE B12 212
END TURN 111
TURN 112
COMMAND LEFT START
TRAIN 1
COMMAND LEFT END
COMMAND RIGHT START
COMMAND RIGHT END
TURN 112 RESULT
TIME LEFT 0 5 RIGHT 0 5
TRAIN A23
MOVE B12 207
END TURN 112
TURN 113
COMMAND LEFT START
TRAIN 1
COMMAND LEFT END
COMMAND RIGHT START
UPGRADE 166
TRAIN 1
COMMAND RIGHT END
TURN 113 RESULT
TIME LEFT 0 5 RIGHT 0 5
UPGRADE B 166
TRAIN A24 B16
MOVE B12 195
END TURN 113
TURN 114
COMMAND LEFT START
COMMAND LEFT END
COMMAND RIGHT START
MOVE B13 166
COMMAND RIGHT END
TURN 114 RESULT
TIME LEFT 0 5 RIGHT 0 5
MOVE B12 180
MOVE B13 206
END TURN 114
TURN 115
COMMAND LEFT START
TRAIN 1
COMMAND LEFT END
COMMAND RIGHT START
COMMAND RIGHT END
TURN 115 RESULT
TIME LEFT 0 5 RIGHT 0 5
TRAIN A25
MOVE B12 171
MOVE B13 204
END TURN 115
TURN 116
COMMAND LEFT START
COMMAND LEFT END
COMMAND RIGHT START
COMMAND RIGHT END
TURN 116 RESULT
TIME LEFT 0 5 RIGHT 0 5
MOVE B12 168
MOVE B13 194
END TURN 116
TURN 117
COMMAND LEFT START
TRAIN 1
COMMAND LEFT END
COMMAND RIGHT START
UPGRADE 154
TRAIN 1
COMMAND RIGHT END
TURN 117 RESULT
TIME LEFT 0 5 RIGHT 0 5
UPGRADE B 154
TRAIN A26 B17
MOVE B13 179
END TURN 117
TURN 118
COMMAND LEFT START
TRAIN 1
COMMAND LEFT END
COMMAND RIGHT START
MOVE B14 154
COMMAND RIGHT END
TURN 118 RESULT
TIME LEFT 0 5 RIGHT 0 5
TRAIN A27
MOVE B13 166
MOVE B14 209
END TURN 118
TURN 119
COMMAND LEFT START
COMMAND LEFT END
COMMAND RIGHT START
COMMAND RIGHT END
TURN 119 RESULT
TIME LEFT 0 5 RIGHT 0 5
MOVE B14 199
END TURN 119
TURN 120
COMMAND LEFT START
TRAIN 1
COMMAND LEFT END
COMMAND RIGHT START
UPGRADE 145
COMMAND RIGHT END
TURN 120 RESULT
TIME LEFT 0 5 RIGHT 0 5
UPGRADE B 145
TRAIN A28
MOVE B14 187
END TURN 120
TURN 121
COMMAND LEFT START
COMMAND LEFT END
COMMAND RIGHT START
TRAIN 1
COMMAND RIGHT END
TURN 121 RESULT
TIME LEFT 0 5 RIGHT 0 5
TRAIN B18
MOVE B14 167
END TURN 121
TURN 122
COMMAND LEFT START
TRAIN 1
COMMAND LEFT END
COMMAND RIGHT START
MOVE B15 145
COMMAND RIGHT END
TURN 122 RESULT
TIME LEFT 0 5 RIGHT 0 5
TRAIN A29
MOVE B14 155
MOVE B15 206
END TURN 122
TURN 123
COMMAND LEFT START
COMMAND LEFT END
COMMAND RIGHT START
UPGRADE 114
COMMAND RIGHT END
TURN 123 RESULT
TIME LEFT 0 5 RIGHT 0 5
UPGRADE B 114
MOVE B14 154
MOVE B15 198
END TURN 123
TURN 124
COMMAND LEFT START
TRAIN 1
COMMAND LEFT END
COMMAND RIGHT START
TRAIN 1
COMMAND RIGHT END
TURN 124 RESULT
TIME LEFT 0 5 RIGHT 0 5
TRAIN A30 B19
MOVE B15 184
END TURN 124
TURN 125
COMMAND LEFT START
COMMAND LEFT END
COMMAND RIGHT START
MOVE B16 114
COMMAND RIGHT END
TURN 125 RESULT
TIME LEFT 0 5 RIGHT 0 5
MOVE B15 177
MOVE B16 209
END TURN 125
TURN 126
COMMAND LEFT START
TRAIN 1
COMMAND LEFT END
COMMAND RIGHT START
UPGRADE 107
COMMAND RIGHT END
TURN 126 RESULT
TIME LEFT 0 5 RIGHT 0 5
UPGRADE B 107
TRAIN A31
MOVE B15 156
MOVE B16 199
END TURN 126
TURN 127
COMMAND LEFT START
COMMAND LEFT END
COMMAND RIGHT START
TRAIN 1
COMMAND RIGHT END
TURN 127 RESULT
TIME LEFT 0 5 RIGHT 0 5
TRAIN B20
MOVE B15 145
MOVE B16 186
END TURN 127
TURN 128
COMMAND LEFT START
TRAIN 1
COMMAND LEFT END
COMMAND RIGHT START
MOVE B17 107
COMMAND RIGHT END
TURN 128 RESULT
TIME LEFT 0 5 RIGHT 0 5
TRAIN A32
MOVE B16 175
MOVE B17 206
END TURN 128
TURN 129
COMMAND LEFT START
COMMAND LEFT END
COMMAND RIGHT START
UPGRADE 100
COMMAND RIGHT END
TURN 129 RESULT
TIME LEFT 0 5 RIGHT 0 5
UPGRADE B 100
MOVE B16 164
MOVE B17 198
END TURN 129
TURN 130
COMMAND LEFT START
TRAIN 1
COMMAND LEFT END
COMMAND RIGHT START
TRAIN 1
COMMAND RIGHT END
TURN 130 RESULT
TIME LEFT 0 5 RIGHT 0 5
TRAIN A33 B21
MOVE B16 151
MOVE B17 184
END TURN 130
TURN 131
COMMAND LEFT START
COMMAND LEFT END
COMMAND RIGHT START
MOVE B18 100
COMMAND RIGHT END
TURN 131 RESULT
TIME LEFT 0 5 RIGHT 0 5
MOVE B16 136
MOVE B17 177
MOVE B18 206
END TURN 131
TURN 132
COMMAND LEFT START
TRAIN 1
COMMAND LEFT END
COMMAND RIGHT START
UPGRADE 189
COMMAND RIGHT END
TURN 132 RESULT
TIME LEFT 0 5 RIGHT 0 5
UPGRADE B 189
TRAIN A34
MOVE B16 129
MOVE B17 156
MOVE B18 204
END TURN 132
TURN 133
COMMAND LEFT START
COMMAND LEFT END
COMMAND RIGHT START
TRAIN 1
COMMAND RIGHT END
TURN 133 RESULT
TIME LEFT 0 5 RIGHT 0 5
TRAIN B22
MOVE B16 114
MOVE B17 145
MOVE B18 194
END TURN 133
TURN 134
COMMAND LEFT START
TRAIN 1
COMMAND LEFT END
COMMAND RIGHT START
MOVE B19 189
COMMAND RIGHT END
TURN 134 RESULT
TIME LEFT 0 5 RIGHT 0 5
TRAIN A35
MOVE B17 127
MOVE B18 179
MOVE B19 211
END TURN 134
TURN 135
COMMAND LEFT START
COMMAND LEFT END
COMMAND RIGHT START
UPGRADE 177
COMMAND RIGHT END
TURN 135 RESULT
TIME LEFT 0 5 RIGHT 0 5
UPGRADE B 177
MOVE B17 107
MOVE B18 166
MOVE B19 208
END TURN 135
TURN 136
COMMAND LEFT START
COMMAND LEFT END
COMMAND RIGHT START
TRAIN 1
COMMAND RIGHT END
TURN 136 RESULT
TIME LEFT 0 5 RIGHT 0 5
TRAIN B23
MOVE B18 157
MOVE B19 201
END TURN 136
TURN 137
COMMAND LEFT START
TRAIN 1
COMMAND LEFT END
COMMAND RIGHT START
MOVE B20 177
COMMAND RIGHT END
TURN 137 RESULT
TIME LEFT 0 5 RIGHT 0 5
TRAIN A36
MOVE B18 138
MOVE B19 189
MOVE B20 206
END TURN 137
TURN 138
COMMAND LEFT START
COMMAND LEFT END
COMMAND RIGHT START
COMMAND RIGHT END
TURN 138 RESULT
TIME LEFT 0 5 RIGHT 0 5
MOVE B18 126
MOVE B20 198
END TURN 138
TURN 139
COMMAND LEFT START
TRAIN 1
COMMAND LEFT END
COMMAND RIGHT START
COMMAND RIGHT END
TURN 139 RESULT
TIME LEFT 0 5 RIGHT 0 5
TRAIN A37
MOVE B18 100
MOVE B20 184
END TURN 139
TURN 140
COMMAND LEFT START
COMMAND LEFT END
COMMAND RIGHT START
COMMAND RIGHT END
TURN 140 RESULT
TIME LEFT 0 5 RIGHT 0 5
MOVE B20 177
END TURN 140
TURN 141
COMMAND LEFT START
COMMAND LEFT END
COMMAND RIGHT START
COMMAND RIGHT END
TURN 141 RESULT
TIME LEFT 0 5 RIGHT 0 5
END TURN 141
TURN 142
COMMAND LEFT START
TRAIN 1
COMMAND LEFT END
COMMAND RIGHT START
COMMAND RIGHT END
TURN 142 RESULT
TIME LEFT 0 5 RIGHT 0 5
TRAIN A38
END TURN 142
TURN 143
COMMAND LEFT START
MOVE A9 214
MOVE A10 214
MOVE A11 214
MOVE A12 214
MOVE A13 214
MOVE A14 214
MOVE A15 214
MOVE A16 214
MOVE A17 214
MOVE A18 214
MOVE A19 214
MOVE A20 214
MOVE A21 214
MOVE A22 214
MOVE A23 214
MOVE A24 214
MOVE A25 214
MOVE A26 214
MOVE A27 214
MOVE A28 214
MOVE A29 214
MOVE A30 214
MOVE A31 214
MOVE A32 214
MOVE A33 214
MOVE A34 214
MOVE A35 214
MOVE A36 214
MOVE A37 214
MOVE A38 214
COMMAND LEFT END
COMMAND RIGHT START
UPGRADE 214
COMMAND RIGHT END
TURN 143 RESULT
TIME LEFT 0 5 RIGHT 0 5
UPGRADE B 214
MOVE A9 8
MOVE A10 8
MOVE A11 8
MOVE A12 8
MOVE A13 8
MOVE A14 8
MOVE A15 8
MOVE A16 8
MOVE A17 8
MOVE A18 8
MOVE A19 8
MOVE A20 8
MOVE A21 8
MOVE A22 8
MOVE A23 8
MOVE A24 8
MOVE A25 8
MOVE A26 8
MOVE A27 8
MOVE A28 8
MOVE A29 8
MOVE A30 8
MOVE A31 8
MOVE A32 8
MOVE A33 8
MOVE A34 8
MOVE A35 8
MOVE A36 8
MOVE A37 8
MOVE A38 8
END TURN 143
TURN 144
COMMAND LEFT START
COMMAND LEFT END
COMMAND RIGHT START
TRAIN 1
COMMAND RIGHT END
TURN 144 RESULT
TIME LEFT 0 5 RIGHT 0 5
TRAIN B24
MOVE A9 16
MOVE A10 16
MOVE A11 16
MOVE A12 16
MOVE A13 16
MOVE A14 16
MOVE A15 16
MOVE A16 16
MOVE A17 16
MOVE A18 16
MOVE A19 16
MOVE A20 16
MOVE A21 16
MOVE A22 16
MOVE A23 16
MOVE A24 16
MOVE A25 16
MOVE A26 16
MOVE A27 16
MOVE A28 16
MOVE A29 16
MOVE A30 16
MOVE A31 16
MOVE A32 16
MOVE A33 16
MOVE A34 16
MOVE A35 16
MOVE A36 16
MOVE A37 16
MOVE A38 16
END TURN 144
TURN 145
COMMAND LEFT START
COMMAND LEFT END
COMMAND RIGHT START
UPGRADE 168
COMMAND RIGHT END
TURN 145 RESULT
TIME LEFT 0 5 RIGHT 0 5
UPGRADE B 168
MOVE A9 30
MOVE A10 30
MOVE A11 30
MOVE A12 30
MOVE A13 30
MOVE A14 30
MOVE A15 30
MOVE A16 30
MOVE A17 30
MOVE A18 30
MOVE A19 30
MOVE A20 30
MOVE A21 30
MOVE A22 30
MOVE A23 30
MOVE A24 30
MOVE A25 30
MOVE A26 30
MOVE A27 30
MOVE A28 30
MOVE A29 30
MOVE A30 30
MOVE A31 30
MOVE A32 30
MOVE A33 30
MOVE A34 30
MOVE A35 30
MOVE A36 30
MOVE A37 30
MOVE A38 30
END TURN 145
TURN 146
COMMAND LEFT START
COMMAND LEFT END
COMMAND RIGHT START
TRAIN 1
COMMAND RIGHT END
TURN 146 RESULT
TIME LEFT 0 5 RIGHT 0 5
TRAIN B25
MOVE A9 37
MOVE A10 37
MOVE A11 37
MOVE A12 37
MOVE A13 37
MOVE A14 37
MOVE A15 37
MOVE A16 37
MOVE A17 37
MOVE A18 37
MOVE A19 37
MOVE A20 37
MOVE A21 37
MOVE A22 37
MOVE A23 37
MOVE A24 37
MOVE A25 37
MOVE A26 37
MOVE A27 37
MOVE A28 37
MOVE A29 37
MOVE A30 37
MOVE A31 37
MOVE A32 37
MOVE A33 37
MOVE A34 37
MOVE A35 37
MOVE A36 37
MOVE A37 37
MOVE A38 37
END TURN 146
TURN 147
COMMAND LEFT START
COMMAND LEFT END
COMMAND RIGHT START
MOVE B21 168
COMMAND RIGHT END
TURN 147 RESULT
TIME LEFT 0 5 RIGHT 0 5
MOVE A9 58
MOVE A10 58
MOVE A11 58
MOVE A12 58
MOVE A13 58
MOVE A14 58
MOVE A15 58
MOVE A16 58
MOVE A17 58
MOVE A18 58
MOVE A19 58
MOVE A20 58
MOVE A21 58
MOVE A22 58
MOVE A23 58
MOVE A24 58
MOVE A25 58
MOVE A26 58
MOVE A27 58
MOVE A28 58
MOVE A29 58
MOVE A30 58
MOVE A31 58
MOVE A32 58
MOVE A33 58
MOVE A34 58
MOVE A35 58
MOVE A36 58
MOVE A37 58
MOVE A38 58
MOVE B21 212
END TURN 147
TURN 148
COMMAND LEFT START
COMMAND LEFT END
COMMAND RIGHT START
UPGRADE 166
TRAIN 1
COMMAND RIGHT END
TURN 148 RESULT
TIME LEFT 0 5 RIGHT 0 5
UPGRADE B 166
TRAIN B26
MOVE A9 69
MOVE A10 69
MOVE A11 69
MOVE A12 69
MOVE A13 69
MOVE A14 69
MOVE A15 69
MOVE A16 69
MOVE A17 69
MOVE A18 69
MOVE A19 69
MOVE A20 69
MOVE A21 69
MOVE A22 69
MOVE A23 69
MOVE A24 69
MOVE A25 69
MOVE A26 69
MOVE A27 69
MOVE A28 69
MOVE A29 69
MOVE A30 69
MOVE A31 69
MOVE A32 69
MOVE A33 69
MOVE A34 69
MOVE A35 69
MOVE A36 69
MOVE A37 69
MOVE A38 69
MOVE B21 207
END TURN 148
TURN 149
COMMAND LEFT START
COMMAND LEFT END
COMMAND RIGHT START
MOVE B22 166
TRAIN 2
COMMAND RIGHT END
TURN 149 RESULT
TIME LEFT 0 5 RIGHT 0 5
TRAIN B27 B28
MOVE A9 87
MOVE A10 87
MOVE A11 87
MOVE A12 87
MOVE A13 87
MOVE A14 87
MOVE A15 87
MOVE A16 87
MOVE A17 87
MOVE A18 87
MOVE A19 87
MOVE A20 87
MOVE A21 87
MOVE A22 87
MOVE A23 87
MOVE A24 87
MOVE A25 87
MOVE A26 87
MOVE A27 87
MOVE A28 87
MOVE A29 87
MOVE A30 87
MOVE A31 87
MOVE A32 87
MOVE A33 87
MOVE A34 87
MOVE A35 87
MOVE A36 87
MOVE A37 87
MOVE A38 87
MOVE B21 195
MOVE B22 206
END TURN 149
TURN 150
COMMAND LEFT START
COMMAND LEFT END
COMMAND RIGHT START
MOVE B28 107
MOVE B27 107
TRAIN 2
COMMAND RIGHT END
TURN 150 RESULT
TIME LEFT 0 5 RIGHT 0 5
TRAIN B29 B30
MOVE A9 107
MOVE A10 107
MOVE A11 107
MOVE A12 107
MOVE A13 107
MOVE A14 107
MOVE A15 107
MOVE A16 107
MOVE A17 107
MOVE A18 107
MOVE A19 107
MOVE A20 107
MOVE A21 107
MOVE A22 107
MOVE A23 107
MOVE A24 107
MOVE A25 107
MOVE A26 107
MOVE A27 107
MOVE A28 107
MOVE A29 107
MOVE A30 107
MOVE A31 107
MOVE A32 107
MOVE A33 107
MOVE A34 107
MOVE A35 107
MOVE A36 107
MOVE A37 107
MOVE A38 107
MOVE B21 180
MOVE B22 204
MOVE B27 206
MOVE B28 206
DAMAGE TURRET A9 1
DAMAGE COMBAT A9 2
DAMAGE COMBAT B2 4
DAMAGE COMBAT B17 6
SIEGE B 107 12
END TURN 150
TURN 151
COMMAND LEFT START
TRAIN 1
COMMAND LEFT END
COMMAND RIGHT START
MOVE B30 145
MOVE B29 145
TRAIN 2
COMMAND RIGHT END
TURN 151 RESULT
TIME LEFT 0 5 RIGHT 0 5
TRAIN A39 B31 B32
MOVE A9 127
MOVE A10 127
MOVE A11 127
MOVE A12 127
MOVE A13 127
MOVE A14 127
MOVE A15 127
MOVE A16 127
MOVE A17 127
MOVE A18 127
MOVE A19 127
MOVE A20 127
MOVE A21 127
MOVE A22 127
MOVE A23 127
MOVE A24 127
MOVE A25 127
MOVE A26 127
MOVE A27 127
MOVE A28 127
MOVE A29 127
MOVE A30 127
MOVE A31 127
MOVE A32 127
MOVE A33 127
MOVE A34 127
MOVE A35 127
MOVE A36 127
MOVE A37 127
MOVE A38 127
MOVE B21 171
MOVE B22 194
MOVE B27 198
MOVE B28 198
MOVE B29 206
MOVE B30 206
END TURN 151
TURN 152
COMMAND LEFT START
COMMAND LEFT END
COMMAND RIGHT START
MOVE B32 145
MOVE B31 145
COMMAND RIGHT END
TURN 152 RESULT
TIME LEFT 0 5 RIGHT 0 5
MOVE A9 145
MOVE A10 145
MOVE A11 145
MOVE A12 145
MOVE A13 145
MOVE A14 145
MOVE A15 145
MOVE A16 145
MOVE A17 145
MOVE A18 145
MOVE A19 145
MOVE A20 145
MOVE A21 145
MOVE A22 145
MOVE A23 145
MOVE A24 145
MOVE A25 145
MOVE A26 145
MOVE A27 145
MOVE A28 145
MOVE A29 145
MOVE A30 145
MOVE A31 145
MOVE A32 145
MOVE A33 145
MOVE A34 145
MOVE A35 145
MOVE A36 145
MOVE A37 145
MOVE A38 145
MOVE B21 168
MOVE B22 179
MOVE B27 184
MOVE B28 184
MOVE B29 198
MOVE B30 198
MOVE B31 206
MOVE B32 206
DAMAGE TURRET A9 1
DAMAGE COMBAT A9 1
DAMAGE COMBAT A10 1
DAMAGE COMBAT B5 4
DAMAGE COMBAT B15 6
SIEGE B 145 12
END TURN 152
TURN 153
COMMAND LEFT START
COMMAND LEFT END
COMMAND RIGHT START
MOVE B1 214
MOVE B11 214
MOVE B20 214
MOVE B3 214
MOVE B10 214
MOVE B19 214
MOVE B4 214
MOVE B13 214
MOVE B7 214
MOVE B14 214
MOVE B6 214
MOVE B12 214
MOVE B21 214
MOVE B9 214
MOVE B18 214
MOVE B8 214
MOVE B16 214
TRAIN 2
COMMAND RIGHT END
TURN 153 RESULT
TIME LEFT 0 5 RIGHT 0 5
TRAIN B33 B34
MOVE A10 156
MOVE A11 156
MOVE A12 156
MOVE A13 156
MOVE A14 156
MOVE A15 156
MOVE A16 156
MOVE A17 156
MOVE A18 156
MOVE A19 156
MOVE A20 156
MOVE A21 156
MOVE A22 156
MOVE A23 156
MOVE A24 156
MOVE A25 156
MOVE A26 156
MOVE A27 156
MOVE A28 156
MOVE A29 156
MOVE A30 156
MOVE A31 156
MOVE A32 156
MOVE A33 156
MOVE A34 156
MOVE A35 156
MOVE A36 156
MOVE A37 156
MOVE A38 156
MOVE B1 184
MOVE B3 201
MOVE B4 179
MOVE B6 171
MOVE B7 155
MOVE B8 129
MOVE B9 126
MOVE B10 201
MOVE B11 184
MOVE B12 171
MOVE B13 179
MOVE B14 155
MOVE B16 129
MOVE B18 126
MOVE B19 201
MOVE B20 184
MOVE B21 171
MOVE B22 166
MOVE B27 177
MOVE B28 177
MOVE B29 184
MOVE B30 184
MOVE B31 198
MOVE B32 198
END TURN 153
TURN 154
COMMAND LEFT START
TRAIN 1
COMMAND LEFT END
COMMAND RIGHT START
MOVE B22 214
TRAIN 2
COMMAND RIGHT END
TURN 154 RESULT
TIME LEFT 0 5 RIGHT 0 5
TRAIN A40 B35 B36
MOVE A10 177
MOVE A11 177
MOVE A12 177
MOVE A13 177
MOVE A14 177
MOVE A15 177
MOVE A16 177
MOVE A17 177
MOVE A18 177
MOVE A19 177
MOVE A20 177
MOVE A21 177
MOVE A22 177
MOVE A23 177
MOVE A24 177
MOVE A25 177
MOVE A26 177
MOVE A27 177
MOVE A28 177
MOVE A29 177
MOVE A30 177
MOVE A31 177
MOVE A32 177
MOVE A33 177
MOVE A34 177
MOVE A35 177
MOVE A36 177
MOVE A37 177
MOVE A38 177
MOVE B1 198
MOVE B3 208
MOVE B4 194
MOVE B6 180
MOVE B7 167
MOVE B8 136
MOVE B9 138
MOVE B10 208
MOVE B11 198
MOVE B12 180
MOVE B13 194
MOVE B14 167
MOVE B16 136
MOVE B18 138
MOVE B19 208
MOVE B20 198
MOVE B21 180
MOVE B22 179
MOVE B27 156
MOVE B28 156
MOVE B29 177
MOVE B30 177
MOVE B31 184
MOVE B32 184
DAMAGE TURRET A10 2
DAMAGE COMBAT A10 2
DAMAGE COMBAT B29 7
DAMAGE COMBAT B30 7
SIEGE B 177 15
END TURN 154
TURN 155
COMMAND LEFT START
COMMAND LEFT END
COMMAND RIGHT START
TRAIN 2
COMMAND RIGHT END
TURN 155 RESULT
TIME LEFT 0 5 RIGHT 0 5
TRAIN B37 B38
MOVE A11 184
MOVE A12 184
MOVE A13 184
MOVE A14 184
MOVE A15 184
MOVE A16 184
MOVE A17 184
MOVE A18 184
MOVE A19 184
MOVE A20 184
MOVE A21 184
MOVE A22 184
MOVE A23 184
MOVE A24 184
MOVE A25 184
MOVE A26 184
MOVE A27 184
MOVE A28 184
MOVE A29 184
MOVE A30 184
MOVE A31 184
MOVE A32 184
MOVE A33 184
MOVE A34 184
MOVE A35 184
MOVE A36 184
MOVE A37 184
MOVE A38 184
MOVE B1 206
MOVE B3 211
MOVE B4 204
MOVE B6 195
MOVE B7 187
MOVE B8 151
MOVE B9 157
MOVE B10 211
MOVE B11 206
MOVE B12 195
MOVE B13 204
MOVE B14 187
MOVE B16 151
MOVE B18 157
MOVE B19 211
MOVE B20 206
MOVE B21 195
MOVE B22 194
MOVE B27 145
MOVE B28 145
MOVE B31 177
MOVE B32 177
END TURN 155
TURN 156
COMMAND LEFT START
COMMAND LEFT END
COMMAND RIGHT START
TRAIN 1
COMMAND RIGHT END
TURN 156 RESULT
TIME LEFT 0 5 RIGHT 0 5
TRAIN B39
MOVE A11 198
MOVE A12 198
MOVE A13 198
MOVE A14 198
MOVE A15 198
MOVE A16 198
MOVE A17 198
MOVE A18 198
MOVE A19 198
MOVE A20 198
MOVE A21 198
MOVE A22 198
MOVE A23 198
MOVE A24 198
MOVE A25 198
MOVE A26 198
MOVE A27 198
MOVE A28 198
MOVE A29 198
MOVE A30 198
MOVE A31 198
MOVE A32 198
MOVE A33 198
MOVE A34 198
MOVE A35 198
MOVE A36 198
MOVE A37 198
MOVE A38 198
MOVE B1 214
MOVE B3 214
MOVE B4 206
MOVE B6 207
MOVE B7 199
MOVE B8 164
MOVE B9 166
MOVE B10 214
MOVE B11 214
MOVE B12 207
MOVE B13 206
MOVE B14 199
MOVE B16 164
MOVE B18 166
MOVE B19 214
MOVE B20 214
MOVE B21 207
MOVE B22 204
MOVE B27 127
MOVE B28 127
MOVE B31 156
MOVE B32 156
END TURN 156
TURN 157
COMMAND LEFT START
TRAIN 1
COMMAND LEFT END
COMMAND RIGHT START
COMMAND RIGHT END
TURN 157 RESULT
TIME LEFT 0 5 RIGHT 0 5
TRAIN A41
MOVE A11 206
MOVE A12 206
MOVE A13 206
MOVE A14 206
MOVE A15 206
MOVE A16 206
MOVE A17 206
MOVE A18 206
MOVE A19 206
MOVE A20 206
MOVE A21 206
MOVE A22 206
MOVE A23 206
MOVE A24 206
MOVE A25 206
MOVE A26 206
MOVE A27 206
MOVE A28 206
MOVE A29 206
MOVE A30 206
MOVE A31 206
MOVE A32 206
MOVE A33 206
MOVE A34 206
MOVE A35 206
MOVE A36 206
MOVE A37 206
MOVE A38 206
MOVE B4 214
MOVE B6 212
MOVE B7 209
MOVE B8 175
MOVE B9 179
MOVE B12 212
MOVE B13 214
MOVE B14 209
MOVE B16 175
MOVE B18 179
MOVE B21 212
MOVE B22 206
MOVE B27 107
MOVE B28 107
MOVE B31 145
MOVE B32 145
DAMAGE COMBAT A11 1
DAMAGE COMBAT B22 6
END TURN 157
TURN 158
COMMAND LEFT START
COMMAND LEFT END
COMMAND RIGHT START
COMMAND RIGHT END
TURN 158 RESULT
TIME LEFT 0 5 RIGHT 0 5
MOVE A11 214
MOVE A12 214
MOVE A13 214
MOVE A14 214
MOVE A15 214
MOVE A16 214
MOVE A17 214
MOVE A18 214
MOVE A19 214
MOVE A20 214
MOVE A21 214
MOVE A22 214
MOVE A23 214
MOVE A24 214
MOVE A25 214
MOVE A26 214
MOVE A27 214
MOVE A28 214
MOVE A29 214
MOVE A30 214
MOVE A31 214
MOVE A32 214
MOVE A33 214
MOVE A34 214
MOVE A35 214
MOVE A36 214
MOVE A37 214
MOVE A38 214
MOVE B6 214
MOVE B7 214
MOVE B8 186
MOVE B9 194
MOVE B12 214
MOVE B14 214
MOVE B16 186
MOVE B18 194
MOVE B21 214
DAMAGE TURRET A11 3
DAMAGE COMBAT A11 1
DAMAGE COMBAT A12 5
DAMAGE COMBAT A13 5
DAMAGE COMBAT A14 5
DAMAGE COMBAT A15 5
DAMAGE COMBAT A16 3
DAMAGE COMBAT B1 4
DAMAGE COMBAT B3 4
DAMAGE COMBAT B4 4
DAMAGE COMBAT B6 4
DAMAGE COMBAT B7 4
DAMAGE COMBAT B10 4
DAMAGE COMBAT B11 4
END TURN 158
TURN 159
COMMAND LEFT START
COMMAND LEFT END
COMMAND RIGHT START
MOVE B31 214
MOVE B32 214
MOVE B27 214
MOVE B28 214
COMMAND RIGHT END
TURN 159 RESULT
TIME LEFT 0 5 RIGHT 0 5
MOVE B8 199
MOVE B9 204
MOVE B16 199
MOVE B18 204
MOVE B27 127
MOVE B28 127
MOVE B31 156
MOVE B32 156
DAMAGE TURRET A16 2
DAMAGE TURRET A17 1
DAMAGE COMBAT A17 4
DAMAGE COMBAT A18 5
DAMAGE COMBAT A19 5
DAMAGE COMBAT A20 4
DAMAGE COMBAT B11 1
DAMAGE COMBAT B12 6
DAMAGE COMBAT B13 6
DAMAGE COMBAT B14 6
DAMAGE COMBAT B19 4
END TURN 159
TURN 160
COMMAND LEFT START
TRAIN 1
COMMAND LEFT END
COMMAND RIGHT START
COMMAND RIGHT END
TURN 160 RESULT
TIME LEFT 0 5 RIGHT 0 5
TRAIN A42
MOVE B8 209
MOVE B9 206
MOVE B16 209
MOVE B18 206
MOVE B27 145
MOVE B28 145
MOVE B31 177
MOVE B32 177
DAMAGE TURRET A20 1
DAMAGE TURRET A21 2
DAMAGE COMBAT A21 3
DAMAGE COMBAT A22 5
DAMAGE COMBAT A23 5
DAMAGE COMBAT A24 1
DAMAGE COMBAT B19 2
DAMAGE COMBAT B20 6
DAMAGE COMBAT B21 6
DAMAGE COMBAT B23 5
END TURN 160
TURN 161
COMMAND LEFT START
TRAIN 1
COMMAND LEFT END
COMMAND RIGHT START
COMMAND RIGHT END
TURN 161 RESULT
TIME LEFT 0 5 RIGHT 0 5
TRAIN A43
MOVE B8 214
MOVE B9 214
MOVE B16 214
MOVE B18 214
MOVE B27 156
MOVE B28 156
MOVE B31 184
MOVE B32 184
DAMAGE TURRET A24 3
DAMAGE COMBAT A24 1
DAMAGE COMBAT A25 5
DAMAGE COMBAT A26 5
DAMAGE COMBAT A27 4
DAMAGE COMBAT B8 4
DAMAGE COMBAT B9 4
DAMAGE COMBAT B16 6
DAMAGE COMBAT B23 1
END TURN 161
TURN 162
COMMAND LEFT START
COMMAND LEFT END
COMMAND RIGHT START
TRAIN 1
COMMAND RIGHT END
TURN 162 RESULT
TIME LEFT 0 5 RIGHT 0 5
TRAIN B40
MOVE B27 177
MOVE B28 177
MOVE B31 198
MOVE B32 198
DAMAGE TURRET A27 1
DAMAGE TURRET A28 2
DAMAGE COMBAT A28 3
DAMAGE COMBAT A29 5
DAMAGE COMBAT A30 4
DAMAGE COMBAT B18 6
DAMAGE COMBAT B24 6
END TURN 162
TURN 163
COMMAND LEFT START
TRAIN 1
COMMAND LEFT END
COMMAND RIGHT START
COMMAND RIGHT END
TURN 163 RESULT
TIME LEFT 0 5 RIGHT 0 5
TRAIN A44
MOVE B27 184
MOVE B28 184
MOVE B31 206
MOVE B32 206
DAMAGE TURRET A30 1
DAMAGE TURRET A31 2
DAMAGE COMBAT A31 3
DAMAGE COMBAT A32 5
DAMAGE COMBAT A33 3
DAMAGE COMBAT B24 1
DAMAGE COMBAT B25 7
DAMAGE COMBAT B26 1
END TURN 163
TURN 164
COMMAND LEFT START
COMMAND LEFT END
COMMAND RIGHT START
TRAIN 1
COMMAND RIGHT END
TURN 164 RESULT
TIME LEFT 0 5 RIGHT 0 5
TRAIN B41
MOVE B27 198
MOVE B28 198
MOVE B31 214
MOVE B32 214
DAMAGE TURRET A33 2
DAMAGE TURRET A34 1
DAMAGE COMBAT A34 4
DAMAGE COMBAT A35 5
DAMAGE COMBAT A36 3
DAMAGE COMBAT B26 6
END TURN 164
TURN 165
COMMAND LEFT START
TRAIN 1
COMMAND LEFT END
COMMAND RIGHT START
COMMAND RIGHT END
TURN 165 RESULT
TIME LEFT 0 5 RIGHT 0 5
TRAIN A45
MOVE B27 206
MOVE B28 206
DAMAGE TURRET A36 2
DAMAGE TURRET A37 1
DAMAGE COMBAT A37 4
DAMAGE COMBAT A38 5
DAMAGE COMBAT B31 3
END TURN 165
TURN 166
COMMAND LEFT START
TRAIN 1
COMMAND LEFT END
COMMAND RIGHT START
COMMAND RIGHT END
TURN 166 RESULT
TIME LEFT 0 5 RIGHT 0 5
TRAIN A46
MOVE B27 214
MOVE B28 214
END TURN 166
TURN 167
COMMAND LEFT START
TRAIN 1
COMMAND LEFT END
COMMAND RIGHT START
COMMAND RIGHT END
TURN 167 RESULT
TIME LEFT 0 5 RIGHT 0 5
TRAIN A47
END TURN 167
TURN 168
COMMAND LEFT START
COMMAND LEFT END
COMMAND RIGHT START
MOVE B27 177
TRAIN 1
COMMAND RIGHT END
TURN 168 RESULT
TIME LEFT 0 5 RIGHT 0 5
TRAIN B42
MOVE B27 206
END TURN 168
TURN 169
COMMAND LEFT START
TRAIN 1
COMMAND LEFT END
COMMAND RIGHT START
COMMAND RIGHT END
TURN 169 RESULT
TIME LEFT 0 5 RIGHT 0 5
TRAIN A48
MOVE B27 198
END TURN 169
TURN 170
COMMAND LEFT START
TRAIN 1
COMMAND LEFT END
COMMAND RIGHT START
COMMAND RIGHT END
TURN 170 RESULT
TIME LEFT 0 5 RIGHT 0 5
TRAIN A49
MOVE B27 184
END TURN 170
TURN 171
COMMAND LEFT START
COMMAND LEFT END
COMMAND RIGHT START
COMMAND RIGHT END
TURN 171 RESULT
TIME LEFT 0 5 RIGHT 0 5
MOVE B27 177
END TURN 171
TURN 172
COMMAND LEFT START
TRAIN 1
COMMAND LEFT END
COMMAND RIGHT START
TRAIN 1
COMMAND RIGHT END
TURN 172 RESULT
TIME LEFT 0 5 RIGHT 0 5
TRAIN A50 B43
END TURN 172
TURN 173
COMMAND LEFT START
TRAIN 1
COMMAND LEFT END
COMMAND RIGHT START
COMMAND RIGHT END
TURN 173 RESULT
TIME LEFT 0 5 RIGHT 0 5
TRAIN A51
END TURN 173
TURN 174
COMMAND LEFT START
COMMAND LEFT END
COMMAND RIGHT START
TRAIN 1
COMMAND RIGHT END
TURN 174 RESULT
TIME LEFT 0 5 RIGHT 0 5
TRAIN B44
END TURN 174
TURN 175
COMMAND LEFT START
TRAIN 1
COMMAND LEFT END
COMMAND RIGHT START
COMMAND RIGHT END
TURN 175 RESULT
TIME LEFT 0 5 RIGHT 0 5
TRAIN A52
END TURN 175
TURN 176
COMMAND LEFT START
TRAIN 1
COMMAND LEFT END
COMMAND RIGHT START
COMMAND RIGHT END
TURN 176 RESULT
TIME LEFT 0 5 RIGHT 0 5
TRAIN A53
END TURN 176
TURN 177
COMMAND LEFT START
COMMAND LEFT END
COMMAND RIGHT START
TRAIN 1
COMMAND RIGHT END
TURN 177 RESULT
TIME LEFT 0 5 RIGHT 0 5
TRAIN B45
END TURN 177
TURN 178
COMMAND LEFT START
TRAIN 1
COMMAND LEFT END
COMMAND RIGHT START
COMMAND RIGHT END
TURN 178 RESULT
TIME LEFT 0 5 RIGHT 0 5
TRAIN A54
END TURN 178
TURN 179
COMMAND LEFT START
TRAIN 1
COMMAND LEFT END
COMMAND RIGHT START
COMMAND RIGHT END
TURN 179 RESULT
TIME LEFT 0 5 RIGHT 0 5
TRAIN A55
END TURN 179
TURN 180
COMMAND LEFT START
COMMAND LEFT END
COMMAND RIGHT START
TRAIN 1
COMMAND RIGHT END
TURN 180 RESULT
TIME LEFT 0 5 RIGHT 0 5
TRAIN B46
END TURN 180
TURN 181
COMMAND LEFT START
TRAIN 1
COMMAND LEFT END
COMMAND RIGHT START
COMMAND RIGHT END
TURN 181 RESULT
TIME LEFT 0 5 RIGHT 0 5
TRAIN A56
END TURN 181
TURN 182
COMMAND LEFT START
COMMAND LEFT END
COMMAND RIGHT START
COMMAND RIGHT END
TURN 182 RESULT
TIME LEFT 0 5 RIGHT 0 5
END TURN 182
TURN 183
COMMAND LEFT START
TRAIN 1
COMMAND LEFT END
COMMAND RIGHT START
TRAIN 1
COMMAND RIGHT END
TURN 183 RESULT
TIME LEFT 0 5 RIGHT 0 5
TRAIN A57 B47
END TURN 183
TURN 184
COMMAND LEFT START
COMMAND LEFT END
COMMAND RIGHT START
COMMAND RIGHT END
TURN 184 RESULT
TIME LEFT 0 5 RIGHT 0 5
END TURN 184
TURN 185
COMMAND LEFT START
TRAIN 1
COMMAND LEFT END
COMMAND RIGHT START
COMMAND RIGHT END
TURN 185 RESULT
TIME LEFT 0 5 RIGHT 0 5
TRAIN A58
END TURN 185
TURN 186
COMMAND LEFT START
COMMAND LEFT END
COMMAND RIGHT START
TRAIN 1
COMMAND RIGHT END
TURN 186 RESULT
TIME LEFT 0 5 RIGHT 0 5
TRAIN B48
END TURN 186
TURN 187
COMMAND LEFT START
TRAIN 1
COMMAND LEFT END
COMMAND RIGHT START
COMMAND RIGHT END
TURN 187 RESULT
TIME LEFT 0 5 RIGHT 0 5
TRAIN A59
END TURN 187
TURN 188
COMMAND LEFT START
TRAIN 1
COMMAND LEFT END
COMMAND RIGHT START
COMMAND RIGHT END
TURN 188 RESULT
TIME LEFT 0 5 RIGHT 0 5
TRAIN A60
END TURN 188
TURN 189
COMMAND LEFT START
COMMAND LEFT END
COMMAND RIGHT START
COMMAND RIGHT END
TURN 189 RESULT
TIME LEFT 0 5 RIGHT 0 5
END TURN 189
TURN 190
COMMAND LEFT START
TRAIN 1
COMMAND LEFT END
COMMAND RIGHT START
MOVE B28 189
MOVE B31 166
MOVE B32 168
MOVE B33 154
MOVE B34 114
MOVE B35 100
MOVE B36 189
MOVE B37 189
MOVE B38 177
MOVE B39 177
MOVE B48 100
MOVE B47 100
MOVE B46 100
MOVE B45 100
MOVE B44 100
TRAIN 1
COMMAND RIGHT END
TURN 190 RESULT
TIME LEFT 0 5 RIGHT 0 5
TRAIN A61 B49
MOVE B28 211
MOVE B31 206
MOVE B32 212
MOVE B33 209
MOVE B34 209
MOVE B35 206
MOVE B36 211
MOVE B37 211
MOVE B38 206
MOVE B39 206
MOVE B44 206
MOVE B45 206
MOVE B46 206
MOVE B47 206
MOVE B48 206
END TURN 190
TURN 191
COMMAND LEFT START
COMMAND LEFT END
COMMAND RIGHT START
MOVE B40 189
MOVE B41 166
MOVE B42 168
MOVE B43 154
COMMAND RIGHT END
TURN 191 RESULT
TIME LEFT 0 5 RIGHT 0 5
MOVE B28 208
MOVE B31 204
MOVE B32 207
MOVE B33 199
MOVE B34 199
MOVE B35 204
MOVE B36 208
MOVE B37 208
MOVE B38 198
MOVE B39 198
MOVE B40 211
MOVE B41 206
MOVE B42 212
MOVE B43 209
MOVE B44 204
MOVE B45 204
MOVE B46 204
MOVE B47 204
MOVE B48 204
END TURN 191
TURN 192
COMMAND LEFT START
COMMAND LEFT END
COMMAND RIGHT START
COMMAND RIGHT END
TURN 192 RESULT
TIME LEFT 0 5 RIGHT 0 5
MOVE B28 201
MOVE B31 194
MOVE B32 195
MOVE B33 187
MOVE B34 186
MOVE B35 194
MOVE B36 201
MOVE B37 201
MOVE B38 184
MOVE B39 184
MOVE B40 208
MOVE B41 204
MOVE B42 207
MOVE B43 199
MOVE B44 194
MOVE B45 194
MOVE B46 194
MOVE B47 194
MOVE B48 194
END TURN 192
TURN 193
COMMAND LEFT START
TRAIN 1
COMMAND LEFT END
COMMAND RIGHT START
COMMAND RIGHT END
TURN 193 RESULT
TIME LEFT 0 5 RIGHT 0 5
TRAIN A62
MOVE B28 189
MOVE B31 179
MOVE B32 180
MOVE B33 167
MOVE B34 175
MOVE B35 179
MOVE B36 189
MOVE B37 189
MOVE B38 177
MOVE B39 177
MOVE B40 201
MOVE B41 194
MOVE B42 195
MOVE B43 187
MOVE B44 179
MOVE B45 179
MOVE B46 179
MOVE B47 179
MOVE B48 179
END TURN 193
TURN 194
COMMAND LEFT START
COMMAND LEFT END
COMMAND RIGHT START
MOVE B27 166
MOVE B38 168
MOVE B28 154
MOVE B36 114
COMMAND RIGHT END
TURN 194 RESULT
TIME LEFT 0 5 RIGHT 0 5
MOVE B27 173
MOVE B28 169
MOVE B31 166
MOVE B32 171
MOVE B33 155
MOVE B34 164
MOVE B35 166
MOVE B36 167
MOVE B38 173
MOVE B40 189
MOVE B41 179
MOVE B42 180
MOVE B43 167
MOVE B44 166
MOVE B45 166
MOVE B46 166
MOVE B47 166
MOVE B48 166
END TURN 194
TURN 195
COMMAND LEFT START
TRAIN 1
COMMAND LEFT END
COMMAND RIGHT START
MOVE B37 168
TRAIN 1
COMMAND RIGHT END
TURN 195 RESULT
TIME LEFT 0 5 RIGHT 0 5
TRAIN A63 B50
MOVE B27 166
MOVE B28 154
MOVE B32 168
MOVE B33 154
MOVE B34 151
MOVE B35 157
MOVE B36 153
MOVE B37 185
MOVE B38 166
MOVE B41 166
MOVE B42 171
MOVE B43 155
MOVE B44 157
MOVE B45 157
MOVE B46 157
MOVE B47 157
MOVE B48 157
END TURN 195
TURN 196
COMMAND LEFT START
COMMAND LEFT END
COMMAND RIGHT START
MOVE B28 114
MOVE B27 100
TRAIN 1
COMMAND RIGHT END
TURN 196 RESULT
TIME LEFT 0 5 RIGHT 0 5
TRAIN B51
MOVE B27 157
MOVE B28 140
MOVE B34 136
MOVE B35 138
MOVE B36 143
MOVE B37 187
MOVE B38 171
MOVE B42 168
MOVE B43 154
MOVE B44 138
MOVE B45 138
MOVE B46 138
MOVE B47 138
MOVE B48 138
END TURN 196
TURN 197
COMMAND LEFT START
TRAIN 1
COMMAND LEFT END
COMMAND RIGHT START
MOVE B33 114
MOVE B32 100
TRAIN 1
COMMAND RIGHT END
TURN 197 RESULT
TIME LEFT 0 5 RIGHT 0 5
TRAIN A64 B52
MOVE B27 138
MOVE B28 121
MOVE B32 163
MOVE B33 140
MOVE B34 129
MOVE B35 126
MOVE B36 129
MOVE B37 186
MOVE B38 168
MOVE B44 126
MOVE B45 126
MOVE B46 126
MOVE B47 126
MOVE B48 126
END TURN 197
TURN 198
COMMAND LEFT START
COMMAND LEFT END
COMMAND RIGHT START
MOVE B31 114
MOVE B38 100
TRAIN 1
COMMAND RIGHT END
TURN 198 RESULT
TIME LEFT 0 5 RIGHT 0 5
TRAIN B53
MOVE B27 126
MOVE B28 114
MOVE B31 161
MOVE B32 149
MOVE B33 121
MOVE B34 114
MOVE B35 100
MOVE B36 114
MOVE B37 177
MOVE B38 163
MOVE B44 100
MOVE B45 100
MOVE B46 100
MOVE B47 100
MOVE B48 100
END TURN 198
TURN 199
COMMAND LEFT START
TRAIN 1
COMMAND LEFT END
COMMAND RIGHT START
MOVE B28 189
MOVE B49 189
MOVE B35 177
MOVE B44 177
TRAIN 1
COMMAND RIGHT END
TURN 199 RESULT
TIME LEFT 0 5 RIGHT 0 5
TRAIN A65 B54
MOVE B27 100
MOVE B28 129
MOVE B31 156
MOVE B32 126
MOVE B33 114
MOVE B35 106
MOVE B37 173
MOVE B38 149
MOVE B44 106
MOVE B49 211
END TURN 199
TURN 200
COMMAND LEFT START
COMMAND LEFT END
COMMAND RIGHT START
MOVE B27 166
MOVE B45 166
MOVE B46 168
MOVE B54 100
TRAIN 1
COMMAND RIGHT END
TURN 200 RESULT
TIME LEFT 0 5 RIGHT 0 5
TRAIN B55
MOVE B27 126
MOVE B28 143
MOVE B31 145
MOVE B32 100
MOVE B35 123
MOVE B37 166
MOVE B38 126
MOVE B44 123
MOVE B45 126
MOVE B46 126
MOVE B49 208
MOVE B54 206
END TURN 200
TURN 201
COMMAND LEFT START
TRAIN 1
COMMAND LEFT END
COMMAND RIGHT START
MOVE B33 154
MOVE B55 100
COMMAND RIGHT END
TURN 201 RESULT
TIME LEFT 0 5 RIGHT 0 5
TRAIN A66
MOVE B27 138
MOVE B28 153
MOVE B31 125
MOVE B33 121
MOVE B35 133
MOVE B37 171
MOVE B38 100
MOVE B44 133
MOVE B45 138
MOVE B46 149
MOVE B49 201
MOVE B54 204
MOVE B55 206
END TURN 201
TURN 202
COMMAND LEFT START
COMMAND LEFT END
COMMAND RIGHT START
COMMAND RIGHT END
TURN 202 RESULT
TIME LEFT 0 5 RIGHT 0 5
MOVE B27 157
MOVE B28 167
MOVE B31 116
MOVE B33 140
MOVE B35 142
MOVE B37 168
MOVE B44 142
MOVE B45 157
MOVE B46 163
MOVE B49 189
MOVE B54 194
MOVE B55 204
END TURN 202
TURN 203
COMMAND LEFT START
COMMAND LEFT END
COMMAND RIGHT START
MOVE B48 145
COMMAND RIGHT END
TURN 203 RESULT
TIME LEFT 0 5 RIGHT 0 5
MOVE B27 166
MOVE B28 189
MOVE B31 108
MOVE B33 154
MOVE B35 156
MOVE B44 156
MOVE B45 166
MOVE B46 168
MOVE B48 106
MOVE B54 179
MOVE B55 194
END TURN 203
TURN 204
COMMAND LEFT START
TRAIN 1
COMMAND LEFT END
COMMAND RIGHT START
UPGRADE 154
COMMAND RIGHT END
TURN 204 RESULT
TIME LEFT 0 5 RIGHT 0 5
UPGRADE B 154
TRAIN A67
MOVE B31 114
MOVE B35 177
MOVE B44 177
MOVE B48 109
MOVE B54 166
MOVE B55 179
END TURN 204
TURN 205
COMMAND LEFT START
COMMAND LEFT END
COMMAND RIGHT START
MOVE B31 154
COMMAND RIGHT END
TURN 205 RESULT
TIME LEFT 0 5 RIGHT 0 5
MOVE B31 121
MOVE B48 120
MOVE B54 157
MOVE B55 166
END TURN 205
TURN 206
COMMAND LEFT START
COMMAND LEFT END
COMMAND RIGHT START
UPGRADE 114
COMMAND RIGHT END
TURN 206 RESULT
TIME LEFT 0 5 RIGHT 0 5
UPGRADE B 114
MOVE B31 140
MOVE B48 128
MOVE B54 138
MOVE B55 157
END TURN 206
TURN 207
COMMAND LEFT START
TRAIN 1
COMMAND LEFT END
COMMAND RIGHT START
MOVE B32 114
COMMAND RIGHT END
TURN 207 RESULT
TIME LEFT 0 5 RIGHT 0 5
TRAIN A68
MOVE B31 154
MOVE B32 106
MOVE B48 145
MOVE B54 126
MOVE B55 138
END TURN 207
TURN 208
COMMAND LEFT START
MOVE A39 214
MOVE A40 214
MOVE A41 214
MOVE A42 214
MOVE A43 214
MOVE A44 214
MOVE A45 214
MOVE A46 214
MOVE A47 214
MOVE A48 214
MOVE A49 214
MOVE A50 214
MOVE A51 214
MOVE A52 214
MOVE A53 214
MOVE A54 214
MOVE A55 214
MOVE A56 214
MOVE A57 214
MOVE A58 214
MOVE A59 214
MOVE A60 214
MOVE A61 214
MOVE A62 214
MOVE A63 214
MOVE A64 214
MOVE A65 214
MOVE A66 214
MOVE A67 214
MOVE A68 214
COMMAND LEFT END
COMMAND RIGHT START
UPGRADE 145
COMMAND RIGHT END
TURN 208 RESULT
TIME LEFT 0 5 RIGHT 0 5
UPGRADE B 145
MOVE A39 8
MOVE A40 8
MOVE A41 8
MOVE A42 8
MOVE A43 8
MOVE A44 8
MOVE A45 8
MOVE A46 8
MOVE A47 8
MOVE A48 8
MOVE A49 8
MOVE A50 8
MOVE A51 8
MOVE A52 8
MOVE A53 8
MOVE A54 8
MOVE A55 8
MOVE A56 8
MOVE A57 8
MOVE A58 8
MOVE A59 8
MOVE A60 8
MOVE A61 8
MOVE A62 8
MOVE A63 8
MOVE A64 8
MOVE A65 8
MOVE A66 8
MOVE A67 8
MOVE A68 8
MOVE B32 98
MOVE B54 100
MOVE B55 126
END TURN 208
TURN 209
COMMAND LEFT START
COMMAND LEFT END
COMMAND RIGHT START
MOVE B54 107
COMMAND RIGHT END
TURN 209 RESULT
TIME LEFT 0 5 RIGHT 0 5
MOVE A39 16
MOVE A40 16
MOVE A41 16
MOVE A42 16
MOVE A43 16
MOVE A44 16
MOVE A45 16
MOVE A46 16
MOVE A47 16
MOVE A48 16
MOVE A49 16
MOVE A50 16
MOVE A51 16
MOVE A52 16
MOVE A53 16
MOVE A54 16
MOVE A55 16
MOVE A56 16
MOVE A57 16
MOVE A58 16
MOVE A59 16
MOVE A60 16
MOVE A61 16
MOVE A62 16
MOVE A63 16
MOVE A64 16
MOVE A65 16
MOVE A66 16
MOVE A67 16
MOVE A68 16
MOVE B32 102
MOVE B54 106
MOVE B55 100
END TURN 209
TURN 210
COMMAND LEFT START
COMMAND LEFT END
COMMAND RIGHT START
UPGRADE 145
COMMAND RIGHT END
TURN 210 RESULT
TIME LEFT 0 5 RIGHT 0 5
UPGRADE B 145
MOVE A39 30
MOVE A40 30
MOVE A41 30
MOVE A42 30
MOVE A43 30
MOVE A44 30
MOVE A45 30
MOVE A46 30
MOVE A47 30
MOVE A48 30
MOVE A49 30
MOVE A50 30
MOVE A51 30
MOVE A52 30
MOVE A53 30
MOVE A54 30
MOVE A55 30
MOVE A56 30
MOVE A57 30
MOVE A58 30
MOVE A59 30
MOVE A60 30
MOVE A61 30
MOVE A62 30
MOVE A63 30
MOVE A64 30
MOVE A65 30
MOVE A66 30
MOVE A67 30
MOVE A68 30
MOVE B32 107
MOVE B54 98
END TURN 210
TURN 211
COMMAND LEFT START
COMMAND LEFT END
COMMAND RIGHT START
MOVE B38 145
COMMAND RIGHT END
TURN 211 RESULT
TIME LEFT 0 5 RIGHT 0 5
MOVE A39 37
MOVE A40 37
MOVE A41 37
MOVE A42 37
MOVE A43 37
MOVE A44 37
MOVE A45 37
MOVE A46 37
MOVE A47 37
MOVE A48 37
MOVE A49 37
MOVE A50 37
MOVE A51 37
MOVE A52 37
MOVE A53 37
MOVE A54 37
MOVE A55 37
MOVE A56 37
MOVE A57 37
MOVE A58 37
MOVE A59 37
MOVE A60 37
MOVE A61 37
MOVE A62 37
MOVE A63 37
MOVE A64 37
MOVE A65 37
MOVE A66 37
MOVE A67 37
MOVE A68 37
MOVE B32 112
MOVE B38 106
MOVE B54 102
END TURN 211
TURN 212
COMMAND LEFT START
COMMAND LEFT END
COMMAND RIGHT START
UPGRADE 145
COMMAND RIGHT END
TURN 212 RESULT
TIME LEFT 0 5 RIGHT 0 5
UPGRADE B 145
MOVE A39 58
MOVE A40 58
MOVE A41 58
MOVE A42 58
MOVE A43 58
MOVE A44 58
MOVE A45 58
MOVE A46 58
MOVE A47 58
MOVE A48 58
MOVE A49 58
MOVE A50 58
MOVE A51 58
MOVE A52 58
MOVE A53 58
MOVE A54 58
MOVE A55 58
MOVE A56 58
MOVE A57 58
MOVE A58 58
MOVE A59 58
MOVE A60 58
MOVE A61 58
MOVE A62 58
MOVE A63 58
MOVE A64 58
MOVE A65 58
MOVE A66 58
MOVE A67 58
MOVE A68 58
MOVE B32 116
MOVE B38 109
MOVE B54 107
END TURN 212
TURN 213
COMMAND LEFT START
COMMAND LEFT END
COMMAND RIGHT START
MOVE B54 145
TRAIN 1
COMMAND RIGHT END
TURN 213 RESULT
TIME LEFT 0 5 RIGHT 0 5
TRAIN B56
MOVE A39 69
MOVE A40 69
MOVE A41 69
MOVE A42 69
MOVE A43 69
MOVE A44 69
MOVE A45 69
MOVE A46 69
MOVE A47 69
MOVE A48 69
MOVE A49 69
MOVE A50 69
MOVE A51 69
MOVE A52 69
MOVE A53 69
MOVE A54 69
MOVE A55 69
MOVE A56 69
MOVE A57 69
MOVE A58 69
MOVE A59 69
MOVE A60 69
MOVE A61 69
MOVE A62 69
MOVE A63 69
MOVE A64 69
MOVE A65 69
MOVE A66 69
MOVE A67 69
MOVE A68 69
MOVE B32 108
MOVE B38 120
MOVE B54 127
END TURN 213
TURN 214
COMMAND LEFT START
COMMAND LEFT END
COMMAND RIGHT START
MOVE B56 107
COMMAND RIGHT END
TURN 214 RESULT
TIME LEFT 0 5 RIGHT 0 5
MOVE A39 87
MOVE A40 87
MOVE A41 87
MOVE A42 87
MOVE A43 87
MOVE A44 87
MOVE A45 87
MOVE A46 87
MOVE A47 87
MOVE A48 87
MOVE A49 87
MOVE A50 87
MOVE A51 87
MOVE A52 87
MOVE A53 87
MOVE A54 87
MOVE A55 87
MOVE A56 87
MOVE A57 87
MOVE A58 87
MOVE A59 87
MOVE A60 87
MOVE A61 87
MOVE A62 87
MOVE A63 87
MOVE A64 87
MOVE A65 87
MOVE A66 87
MOVE A67 87
MOVE A68 87
MOVE B32 114
MOVE B38 128
MOVE B54 145
MOVE B56 206
END TURN 214
TURN 215
COMMAND LEFT START
COMMAND LEFT END
COMMAND RIGHT START
UPGRADE 100
TRAIN 2
COMMAND RIGHT END
TURN 215 RESULT
TIME LEFT 0 5 RIGHT 0 5
UPGRADE B 100
TRAIN B57 B58
MOVE A39 107
MOVE A40 107
MOVE A41 107
MOVE A42 107
MOVE A43 107
MOVE A44 107
MOVE A45 107
MOVE A46 107
MOVE A47 107
MOVE A48 107
MOVE A49 107
MOVE A50 107
MOVE A51 107
MOVE A52 107
MOVE A53 107
MOVE A54 107
MOVE A55 107
MOVE A56 107
MOVE A57 107
MOVE A58 107
MOVE A59 107
MOVE A60 107
MOVE A61 107
MOVE A62 107
MOVE A63 107
MOVE A64 107
MOVE A65 107
MOVE A66 107
MOVE A67 107
MOVE A68 107
MOVE B38 145
MOVE B56 198
END TURN 215
TURN 216
COMMAND LEFT START
TRAIN 1
COMMAND LEFT END
COMMAND RIGHT START
MOVE B50 100
MOVE B58 145
COMMAND RIGHT END
TURN 216 RESULT
TIME LEFT 0 5 RIGHT 0 5
TRAIN A69
MOVE A39 127
MOVE A40 127
MOVE A41 127
MOVE A42 127
MOVE A43 127
MOVE A44 127
MOVE A45 127
MOVE A46 127
MOVE A47 127
MOVE A48 127
MOVE A49 127
MOVE A50 127
MOVE A51 127
MOVE A52 127
MOVE A53 127
MOVE A54 127
MOVE A55 127
MOVE A56 127
MOVE A57 127
MOVE A58 127
MOVE A59 127
MOVE A60 127
MOVE A61 127
MOVE A62 127
MOVE A63 127
MOVE A64 127
MOVE A65 127
MOVE A66 127
MOVE A67 127
MOVE A68 127
MOVE B50 206
MOVE B56 184
MOVE B58 206
END TURN 216
TURN 217
COMMAND LEFT START
COMMAND LEFT END
COMMAND RIGHT START
TRAIN 2
COMMAND RIGHT END
TURN 217 RESULT
TIME LEFT 0 5 RIGHT 0 5
TRAIN B59 B60
MOVE A39 145
MOVE A40 145
MOVE A41 145
MOVE A42 145
MOVE A43 145
MOVE A44 145
MOVE A45 145
MOVE A46 145
MOVE A47 145
MOVE A48 145
MOVE A49 145
MOVE A50 145
MOVE A51 145
MOVE A52 145
MOVE A53 145
MOVE A54 145
MOVE A55 145
MOVE A56 145
MOVE A57 145
MOVE A58 145
MOVE A59 145
MOVE A60 145
MOVE A61 145
MOVE A62 145
MOVE A63 145
MOVE A64 145
MOVE A65 145
MOVE A66 145
MOVE A67 145
MOVE A68 145
MOVE B50 204
MOVE B56 177
MOVE B58 198
DAMAGE TURRET A39 2
DAMAGE COMBAT A39 3
DAMAGE COMBAT B38 7
DAMAGE COMBAT B48 7
DAMAGE COMBAT B54 7
SIEGE B 145 9
END TURN 217
TURN 218
COMMAND LEFT START
COMMAND LEFT END
COMMAND RIGHT START
MOVE B35 214
MOVE B39 214
MOVE B44 214
MOVE B28 214
MOVE B40 214
MOVE B49 214
MOVE B27 214
MOVE B41 214
MOVE B45 214
MOVE B31 214
MOVE B33 214
MOVE B43 214
MOVE B37 214
MOVE B42 214
MOVE B46 214
MOVE B47 214
MOVE B55 214
MOVE B32 214
MOVE B34 214
MOVE B36 214
TRAIN 2
COMMAND RIGHT END
TURN 218 RESULT
TIME LEFT 0 5 RIGHT 0 5
TRAIN B61 B62
MOVE A40 156
MOVE A41 156
MOVE A42 156
MOVE A43 156
MOVE A44 156
MOVE A45 156
MOVE A46 156
MOVE A47 156
MOVE A48 156
MOVE A49 156
MOVE A50 156
MOVE A51 156
MOVE A52 156
MOVE A53 156
MOVE A54 156
MOVE A55 156
MOVE A56 156
MOVE A57 156
MOVE A58 156
MOVE A59 156
MOVE A60 156
MOVE A61 156
MOVE A62 156
MOVE A63 156
MOVE A64 156
MOVE A65 156
MOVE A66 156
MOVE A67 156
MOVE A68 156
MOVE B27 179
MOVE B28 201
MOVE B31 155
MOVE B32 129
MOVE B33 155
MOVE B34 129
MOVE B35 184
MOVE B36 129
MOVE B37 171
MOVE B39 184
MOVE B40 201
MOVE B41 179
MOVE B42 171
MOVE B43 155
MOVE B44 184
MOVE B45 179
MOVE B46 171
MOVE B47 126
MOVE B49 201
MOVE B50 194
MOVE B55 126
MOVE B56 156
MOVE B58 184
DAMAGE COMBAT A40 1
DAMAGE COMBAT B56 7
END TURN 218
TURN 219
COMMAND LEFT START
TRAIN 1
COMMAND LEFT END
COMMAND RIGHT START
TRAIN 2
COMMAND RIGHT END
TURN 219 RESULT
TIME LEFT 0 5 RIGHT 0 5
TRAIN A70 B63 B64
MOVE A40 177
MOVE A41 177
MOVE A42 177
MOVE A43 177
MOVE A44 177
MOVE A45 177
MOVE A46 177
MOVE A47 177
MOVE A48 177
MOVE A49 177
MOVE A50 177
MOVE A51 177
MOVE A52 177
MOVE A53 177
MOVE A54 177
MOVE A55 177
MOVE A56 177
MOVE A57 177
MOVE A58 177
MOVE A59 177
MOVE A60 177
MOVE A61 177
MOVE A62 177
MOVE A63 177
MOVE A64 177
MOVE A65 177
MOVE A66 177
MOVE A67 177
MOVE A68 177
MOVE B27 194
MOVE B28 208
MOVE B31 167
MOVE B32 136
MOVE B33 167
MOVE B34 136
MOVE B35 198
MOVE B36 136
MOVE B37 180
MOVE B39 198
MOVE B40 208
MOVE B41 194
MOVE B42 180
MOVE B43 167
MOVE B44 198
MOVE B45 194
MOVE B46 180
MOVE B47 138
MOVE B49 208
MOVE B50 179
MOVE B55 138
MOVE B58 177
DAMAGE TURRET A40 2
DAMAGE COMBAT A40 1
DAMAGE COMBAT B58 7
SIEGE B 177 3
END TURN 219
TURN 220
COMMAND LEFT START
COMMAND LEFT END
COMMAND RIGHT START
TRAIN 2
COMMAND RIGHT END
TURN 220 RESULT
TIME LEFT 0 5 RIGHT 0 5
TRAIN B65 B66
MOVE A40 184
MOVE A41 184
MOVE A42 184
MOVE A43 184
MOVE A44 184
MOVE A45 184
MOVE A46 184
MOVE A47 184
MOVE A48 184
MOVE A49 184
MOVE A50 184
MOVE A51 184
MOVE A52 184
MOVE A53 184
MOVE A54 184
MOVE A55 184
MOVE A56 184
MOVE A57 184
MOVE A58 184
MOVE A59 184
MOVE A60 184
MOVE A61 184
MOVE A62 184
MOVE A63 184
MOVE A64 184
MOVE A65 184
MOVE A66 184
MOVE A67 184
MOVE A68 184
MOVE B27 204
MOVE B28 211
MOVE B31 187
MOVE B32 151
MOVE B33 187
MOVE B34 151
MOVE B35 206
MOVE B36 151
MOVE B37 195
MOVE B39 206
MOVE B40 211
MOVE B41 204
MOVE B42 195
MOVE B43 187
MOVE B44 206
MOVE B45 204
MOVE B46 195
MOVE B47 157
MOVE B49 211
MOVE B50 166
MOVE B55 157
END TURN 220
TURN 221
COMMAND LEFT START
COMMAND LEFT END
COMMAND RIGHT START
TRAIN 2
COMMAND RIGHT END
TURN 221 RESULT
TIME LEFT 0 5 RIGHT 0 5
TRAIN B67 B68
MOVE A40 198
MOVE A41 198
MOVE A42 198
MOVE A43 198
MOVE A44 198
MOVE A45 198
MOVE A46 198
MOVE A47 198
MOVE A48 198
MOVE A49 198
MOVE A50 198
MOVE A51 198
MOVE A52 198
MOVE A53 198
MOVE A54 198
MOVE A55 198
MOVE A56 198
MOVE A57 198
MOVE A58 198
MOVE A59 198
MOVE A60 198
MOVE A61 198
MOVE A62 198
MOVE A63 198
MOVE A64 198
MOVE A65 198
MOVE A66 198
MOVE A67 198
MOVE A68 198
MOVE B27 206
MOVE B28 214
MOVE B31 199
MOVE B32 164
MOVE B33 199
MOVE B34 164
MOVE B35 214
MOVE B36 164
MOVE B37 207
MOVE B39 214
MOVE B40 214
MOVE B41 206
MOVE B42 207
MOVE B43 199
MOVE B44 214
MOVE B45 206
MOVE B46 207
MOVE B47 166
MOVE B49 214
MOVE B50 157
MOVE B55 166
END TURN 221
TURN 222
COMMAND LEFT START
TRAIN 1
COMMAND LEFT END
COMMAND RIGHT START
COMMAND RIGHT END
TURN 222 RESULT
TIME LEFT 0 5 RIGHT 0 5
TRAIN A71
MOVE A40 206
MOVE A41 206
MOVE A42 206
MOVE A43 206
MOVE A44 206
MOVE A45 206
MOVE A46 206
MOVE A47 206
MOVE A48 206
MOVE A49 206
MOVE A50 206
MOVE A51 206
MOVE A52 206
MOVE A53 206
MOVE A54 206
MOVE A55 206
MOVE A56 206
MOVE A57 206
MOVE A58 206
MOVE A59 206
MOVE A60 206
MOVE A61 206
MOVE A62 206
MOVE A63 206
MOVE A64 206
MOVE A65 206
MOVE A66 206
MOVE A67 206
MOVE A68 206
MOVE B27 214
MOVE B31 209
MOVE B32 175
MOVE B33 209
MOVE B34 175
MOVE B36 175
MOVE B37 212
MOVE B41 214
MOVE B42 212
MOVE B43 209
MOVE B45 214
MOVE B46 212
MOVE B47 179
MOVE B50 138
MOVE B55 179
END TURN 222
TURN 223
COMMAND LEFT START
COMMAND LEFT END
COMMAND RIGHT START
COMMAND RIGHT END
TURN 223 RESULT
TIME LEFT 0 5 RIGHT 0 5
MOVE A40 214
MOVE A41 214
MOVE A42 214
MOVE A43 214
MOVE A44 214
MOVE A45 214
MOVE A46 214
MOVE A47 214
MOVE A48 214
MOVE A49 214
MOVE A50 214
MOVE A51 214
MOVE A52 214
MOVE A53 214
MOVE A54 214
MOVE A55 214
MOVE A56 214
MOVE A57 214
MOVE A58 214
MOVE A59 214
MOVE A60 214
MOVE A61 214
MOVE A62 214
MOVE A63 214
MOVE A64 214
MOVE A65 214
MOVE A66 214
MOVE A67 214
MOVE A68 214
MOVE B31 214
MOVE B32 186
MOVE B33 214
MOVE B34 186
MOVE B36 186
MOVE B37 214
MOVE B42 214
MOVE B43 214
MOVE B46 214
MOVE B47 194
MOVE B50 126
MOVE B55 194
DAMAGE TURRET A40 1
DAMAGE TURRET A41 2
DAMAGE COMBAT A41 3
DAMAGE COMBAT A42 5
DAMAGE COMBAT A43 5
DAMAGE COMBAT A44 5
DAMAGE COMBAT A45 5
DAMAGE COMBAT A46 5
DAMAGE COMBAT A47 1
DAMAGE COMBAT B27 7
DAMAGE COMBAT B28 7
DAMAGE COMBAT B31 4
DAMAGE COMBAT B33 7
DAMAGE COMBAT B35 4
END TURN 223
TURN 224
COMMAND LEFT START
TRAIN 1
COMMAND LEFT END
COMMAND RIGHT START
COMMAND RIGHT END
TURN 224 RESULT
TIME LEFT 0 5 RIGHT 0 5
TRAIN A72
MOVE B32 199
MOVE B34 199
MOVE B36 199
MOVE B47 204
MOVE B50 100
MOVE B55 204
DAMAGE TURRET A47 3
DAMAGE COMBAT A47 1
DAMAGE COMBAT A48 5
DAMAGE COMBAT A49 5
DAMAGE COMBAT A50 5
DAMAGE COMBAT A51 5
DAMAGE COMBAT A52 4
DAMAGE COMBAT B35 3
DAMAGE COMBAT B37 7
DAMAGE COMBAT B39 7
DAMAGE COMBAT B40 5
END TURN 224
TURN 225
COMMAND LEFT START
COMMAND LEFT END
COMMAND RIGHT START
MOVE B50 214
COMMAND RIGHT END
TURN 225 RESULT
TIME LEFT 0 5 RIGHT 0 5
MOVE B32 209
MOVE B34 209
MOVE B36 209
MOVE B47 206
MOVE B50 126
MOVE B55 206
DAMAGE TURRET A52 1
DAMAGE TURRET A53 2
DAMAGE COMBAT A53 3
DAMAGE COMBAT A54 5
DAMAGE COMBAT A55 5
DAMAGE COMBAT A56 5
DAMAGE COMBAT A57 4
DAMAGE COMBAT B40 2
DAMAGE COMBAT B41 7
DAMAGE COMBAT B42 7
DAMAGE COMBAT B43 1
END TURN 225
TURN 226
COMMAND LEFT START
TRAIN 1
COMMAND LEFT END
COMMAND RIGHT START
COMMAND RIGHT END
TURN 226 RESULT
TIME LEFT 0 5 RIGHT 0 5
TRAIN A73
MOVE B32 214
MOVE B34 214
MOVE B36 214
MOVE B47 214
MOVE B50 138
MOVE B55 214
DAMAGE TURRET A57 1
DAMAGE TURRET A58 2
DAMAGE COMBAT A58 3
DAMAGE COMBAT A59 5
DAMAGE COMBAT A60 5
DAMAGE COMBAT A61 5
DAMAGE COMBAT A62 5
DAMAGE COMBAT A63 1
DAMAGE COMBAT B32 6
DAMAGE COMBAT B43 6
END TURN 226
TURN 227
COMMAND LEFT START
COMMAND LEFT END
COMMAND RIGHT START
COMMAND RIGHT END
TURN 227 RESULT
TIME LEFT 0 5 RIGHT 0 5
MOVE B50 157
DAMAGE TURRET A63 3
DAMAGE COMBAT A63 1
DAMAGE COMBAT A64 5
DAMAGE COMBAT A65 5
DAMAGE COMBAT A66 5
DAMAGE COMBAT A67 5
DAMAGE COMBAT A68 2
DAMAGE COMBAT B32 1
DAMAGE COMBAT B34 5
END TURN 227
TURN 228
COMMAND LEFT START
TRAIN 1
COMMAND LEFT END
COMMAND RIGHT START
COMMAND RIGHT END
TURN 228 RESULT
TIME LEFT 0 5 RIGHT 0 5
TRAIN A74
MOVE B50 166
DAMAGE TURRET A68 3
DAMAGE COMBAT B34 1
END TURN 228
TURN 229
COMMAND LEFT START
TRAIN 1
COMMAND LEFT END
COMMAND RIGHT START
TRAIN 1
COMMAND RIGHT END
TURN 229 RESULT
TIME LEFT 0 5 RIGHT 0 5
TRAIN A75 B69
MOVE B50 179
END TURN 229
TURN 230
COMMAND LEFT START
TRAIN 1
COMMAND LEFT END
COMMAND RIGHT START
COMMAND RIGHT END
TURN 230 RESULT
TIME LEFT 0 5 RIGHT 0 5
TRAIN A76
MOVE B50 194
END TURN 230
TURN 231
COMMAND LEFT START
COMMAND LEFT END
COMMAND RIGHT START
COMMAND RIGHT END
TURN 231 RESULT
TIME LEFT 0 5 RIGHT 0 5
MOVE B50 204
END TURN 231
TURN 232
COMMAND LEFT START
TRAIN 1
COMMAND LEFT END
COMMAND RIGHT START
COMMAND RIGHT END
TURN 232 RESULT
TIME LEFT 0 5 RIGHT 0 5
TRAIN A77
MOVE B50 206
END TURN 232
TURN 233
COMMAND LEFT START
TRAIN 1
COMMAND LEFT END
COMMAND RIGHT START
COMMAND RIGHT END
TURN 233 RESULT
TIME LEFT 0 5 RIGHT 0 5
TRAIN A78
MOVE B50 214
END TURN 233
TURN 234
COMMAND LEFT START
TRAIN 1
COMMAND LEFT END
COMMAND RIGHT START
COMMAND RIGHT END
TURN 234 RESULT
TIME LEFT 0 5 RIGHT 0 5
TRAIN A79
END TURN 234
TURN 235
COMMAND LEFT START
COMMAND LEFT END
COMMAND RIGHT START
COMMAND RIGHT END
TURN 235 RESULT
TIME LEFT 0 5 RIGHT 0 5
END TURN 235
TURN 236
COMMAND LEFT START
TRAIN 1
COMMAND LEFT END
COMMAND RIGHT START
COMMAND RIGHT END
TURN 236 RESULT
TIME LEFT 0 5 RIGHT 0 5
TRAIN A80
END TURN 236
TURN 237
COMMAND LEFT START
TRAIN 1
COMMAND LEFT END
COMMAND RIGHT START
COMMAND RIGHT END
TURN 237 RESULT
TIME LEFT 0 5 RIGHT 0 5
TRAIN A81
END TURN 237
TURN 238
COMMAND LEFT START
COMMAND LEFT END
COMMAND RIGHT START
MOVE B34 189
TRAIN 1
COMMAND RIGHT END
TURN 238 RESULT
TIME LEFT 0 5 RIGHT 0 5
TRAIN B70
MOVE B34 211
END TURN 238
TURN 239
COMMAND LEFT START
TRAIN 1
COMMAND LEFT END
COMMAND RIGHT START
COMMAND RIGHT END
TURN 239 RESULT
TIME LEFT 0 5 RIGHT 0 5
TRAIN A82
MOVE B34 208
END TURN 239
TURN 240
COMMAND LEFT START
TRAIN 1
COMMAND LEFT END
COMMAND RIGHT START
COMMAND RIGHT END
TURN 240 RESULT
TIME LEFT 0 5 RIGHT 0 5
TRAIN A83
MOVE B34 201
END TURN 240
TURN 241
COMMAND LEFT START
COMMAND LEFT END
COMMAND RIGHT START
COMMAND RIGHT END
TURN 241 RESULT
TIME LEFT 0 5 RIGHT 0 5
MOVE B34 189
END TURN 241
TURN 242
COMMAND LEFT START
TRAIN 1
COMMAND LEFT END
COMMAND RIGHT START
COMMAND RIGHT END
TURN 242 RESULT
TIME LEFT 0 5 RIGHT 0 5
TRAIN A84
END TURN 242
TURN 243
COMMAND LEFT START
COMMAND LEFT END
COMMAND RIGHT START
COMMAND RIGHT END
TURN 243 RESULT
TIME LEFT 0 5 RIGHT 0 5
END TURN 243
TURN 244
COMMAND LEFT START
TRAIN 1
COMMAND LEFT END
COMMAND RIGHT START
COMMAND RIGHT END
TURN 244 RESULT
TIME LEFT 0 5 RIGHT 0 5
TRAIN A85
END TURN 244
TURN 245
COMMAND LEFT START
TRAIN 1
COMMAND LEFT END
COMMAND RIGHT START
MOVE B36 166
TRAIN 1
COMMAND RIGHT END
TURN 245 RESULT
TIME LEFT 0 5 RIGHT 0 5
TRAIN A86 B71
MOVE B36 206
END TURN 245
TURN 246
COMMAND LEFT START
COMMAND LEFT END
COMMAND RIGHT START
COMMAND RIGHT END
TURN 246 RESULT
TIME LEFT 0 5 RIGHT 0 5
MOVE B36 204
END TURN 246
TURN 247
COMMAND LEFT START
TRAIN 1
COMMAND LEFT END
COMMAND RIGHT START
COMMAND RIGHT END
TURN 247 RESULT
TIME LEFT 0 5 RIGHT 0 5
TRAIN A87
MOVE B36 194
END TURN 247
TURN 248
COMMAND LEFT START
COMMAND LEFT END
COMMAND RIGHT START
COMMAND RIGHT END
TURN 248 RESULT
TIME LEFT 0 5 RIGHT 0 5
MOVE B36 179
END TURN 248
TURN 249
COMMAND LEFT START
TRAIN 1
COMMAND LEFT END
COMMAND RIGHT START
COMMAND RIGHT END
TURN 249 RESULT
TIME LEFT 0 5 RIGHT 0 5
TRAIN A88
MOVE B36 166
END TURN 249
TURN 250
COMMAND LEFT START
COMMAND LEFT END
COMMAND RIGHT START
MOVE B44 145
TRAIN 1
COMMAND RIGHT END
TURN 250 RESULT
TIME LEFT 0 5 RIGHT 0 5
TRAIN B72
MOVE B44 206
END TURN 250
TURN 251
COMMAND LEFT START
TRAIN 1
COMMAND LEFT END
COMMAND RIGHT START
COMMAND RIGHT END
TURN 251 RESULT
TIME LEFT 0 5 RIGHT 0 5
TRAIN A89
MOVE B44 198
END TURN 251
TURN 252
COMMAND LEFT START
COMMAND LEFT END
COMMAND RIGHT START
COMMAND RIGHT END
TURN 252 RESULT
TIME LEFT 0 5 RIGHT 0 5
MOVE B44 184
END TURN 252
TURN 253
COMMAND LEFT START
TRAIN 1
COMMAND LEFT END
COMMAND RIGHT START
MOVE B45 145
MOVE B46 168
MOVE B47 154
MOVE B49 114
MOVE B50 100
MOVE B51 189
MOVE B52 189
MOVE B53 168
MOVE B55 168
MOVE B72 145
MOVE B71 145
MOVE B70 145
MOVE B69 145
MOVE B68 145
MOVE B67 145
MOVE B66 145
MOVE B65 145
TRAIN 1
COMMAND RIGHT END
TURN 253 RESULT
TIME LEFT 0 5 RIGHT 0 5
TRAIN A90 B73
MOVE B44 177
MOVE B45 206
MOVE B46 212
MOVE B47 209
MOVE B49 209
MOVE B50 206
MOVE B51 211
MOVE B52 211
MOVE B53 212
MOVE B55 212
MOVE B65 206
MOVE B66 206
MOVE B67 206
MOVE B68 206
MOVE B69 206
MOVE B70 206
MOVE B71 206
MOVE B72 206
END TURN 253
TURN 254
COMMAND LEFT START
COMMAND LEFT END
COMMAND RIGHT START
MOVE B57 145
MOVE B59 168
MOVE B60 154
MOVE B61 114
MOVE B62 100
COMMAND RIGHT END
TURN 254 RESULT
TIME LEFT 0 5 RIGHT 0 5
MOVE B44 156
MOVE B45 198
MOVE B46 207
MOVE B47 199
MOVE B49 199
MOVE B50 204
MOVE B51 208
MOVE B52 208
MOVE B53 207
MOVE B55 207
MOVE B57 206
MOVE B59 212
MOVE B60 209
MOVE B61 209
MOVE B62 206
MOVE B65 198
MOVE B66 198
MOVE B67 198
MOVE B68 198
MOVE B69 198
MOVE B70 198
MOVE B71 198
MOVE B72 198
END TURN 254
TURN 255
COMMAND LEFT START
TRAIN 1
COMMAND LEFT END
COMMAND RIGHT START
MOVE B63 145
MOVE B64 168
COMMAND RIGHT END
TURN 255 RESULT
TIME LEFT 0 5 RIGHT 0 5
TRAIN A91
MOVE B44 145
MOVE B45 184
MOVE B46 195
MOVE B47 187
MOVE B49 186
MOVE B50 194
MOVE B51 201
MOVE B52 201
MOVE B53 195
MOVE B55 195
MOVE B57 198
MOVE B59 207
MOVE B60 199
MOVE B61 199
MOVE B62 204
MOVE B63 206
MOVE B64 212
MOVE B65 184
MOVE B66 184
MOVE B67 184
MOVE B68 184
MOVE B69 184
MOVE B70 184
MOVE B71 184
MOVE B72 184
END TURN 255
TURN 256
COMMAND LEFT START
COMMAND LEFT END
COMMAND RIGHT START
COMMAND RIGHT END
TURN 256 RESULT
TIME LEFT 0 5 RIGHT 0 5
MOVE B45 177
MOVE B46 180
MOVE B47 167
MOVE B49 175
MOVE B50 179
MOVE B51 189
MOVE B52 189
MOVE B53 180
MOVE B55 180
MOVE B57 184
MOVE B59 195
MOVE B60 187
MOVE B61 186
MOVE B62 194
MOVE B63 198
MOVE B64 207
MOVE B65 177
MOVE B66 177
MOVE B67 177
MOVE B68 177
MOVE B69 177
MOVE B70 177
MOVE B71 177
MOVE B72 177
END TURN 256
TURN 257
COMMAND LEFT START
TRAIN 1
COMMAND LEFT END
COMMAND RIGHT START
MOVE B34 168
MOVE B51 154
COMMAND RIGHT END
TURN 257 RESULT
TIME LEFT 0 5 RIGHT 0 5
TRAIN A92
MOVE B34 185
MOVE B45 156
MOVE B46 171
MOVE B47 155
MOVE B49 164
MOVE B50 166
MOVE B51 169
MOVE B53 171
MOVE B55 171
MOVE B57 177
MOVE B59 180
MOVE B60 167
MOVE B61 175
MOVE B62 179
MOVE B63 184
MOVE B64 195
MOVE B65 156
MOVE B66 156
MOVE B67 156
MOVE B68 156
MOVE B69 156
MOVE B70 156
MOVE B71 156
MOVE B72 156
END TURN 257
TURN 258
COMMAND LEFT START
COMMAND LEFT END
COMMAND RIGHT START
TRAIN 1
COMMAND RIGHT END
TURN 258 RESULT
TIME LEFT 0 5 RIGHT 0 5
TRAIN B74
MOVE B34 187
MOVE B45 145
MOVE B46 168
MOVE B47 154
MOVE B49 151
MOVE B50 157
MOVE B51 154
MOVE B53 168
MOVE B55 168
MOVE B57 156
MOVE B59 171
MOVE B60 155
MOVE B61 164
MOVE B62 166
MOVE B63 177
MOVE B64 180
MOVE B65 145
MOVE B66 145
MOVE B67 145
MOVE B68 145
MOVE B69 145
MOVE B70 145
MOVE B71 145
MOVE B72 145
END TURN 258
TURN 259
COMMAND LEFT START
TRAIN 1
COMMAND LEFT END
COMMAND RIGHT START
MOVE B44 114
MOVE B45 100
MOVE B65 214
MOVE B66 214
MOVE B67 189
MOVE B68 189
TRAIN 1
COMMAND RIGHT END
TURN 259 RESULT
TIME LEFT 0 5 RIGHT 0 5
TRAIN A93 B75
MOVE B34 186
MOVE B44 125
MOVE B45 128
MOVE B49 136
MOVE B50 138
MOVE B57 145
MOVE B59 168
MOVE B60 154
MOVE B61 151
MOVE B62 157
MOVE B63 156
MOVE B64 171
MOVE B65 156
MOVE B66 156
MOVE B67 159
MOVE B68 159
END TURN 259
TURN 260
COMMAND LEFT START
COMMAND LEFT END
COMMAND RIGHT START
MOVE B57 114
MOVE B46 100
MOVE B69 166
TRAIN 1
COMMAND RIGHT END
TURN 260 RESULT
TIME LEFT 0 5 RIGHT 0 5
TRAIN B76
MOVE B34 177
MOVE B44 116
MOVE B45 120
MOVE B46 163
MOVE B49 129
MOVE B50 126
MOVE B57 125
MOVE B61 136
MOVE B62 138
MOVE B63 145
MOVE B64 168
MOVE B65 177
MOVE B66 177
MOVE B67 164
MOVE B68 164
MOVE B69 156
END TURN 260
TURN 261
COMMAND LEFT START
TRAIN 1
COMMAND LEFT END
COMMAND RIGHT START
MOVE B63 114
MOVE B53 100
TRAIN 1
COMMAND RIGHT END
TURN 261 RESULT
TIME LEFT 0 5 RIGHT 0 5
TRAIN A94 B77
MOVE B34 173
MOVE B44 108
MOVE B45 109
MOVE B46 149
MOVE B49 114
MOVE B50 100
MOVE B53 163
MOVE B57 116
MOVE B61 129
MOVE B62 126
MOVE B63 125
MOVE B65 184
MOVE B66 184
MOVE B67 167
MOVE B68 167
MOVE B69 161
END TURN 261
TURN 262
COMMAND LEFT START
COMMAND LEFT END
COMMAND RIGHT START
MOVE B73 166
COMMAND RIGHT END
TURN 262 RESULT
TIME LEFT 0 5 RIGHT 0 5
MOVE B34 166
MOVE B44 114
MOVE B45 106
MOVE B46 126
MOVE B53 149
MOVE B57 108
MOVE B61 114
MOVE B62 100
MOVE B63 116
MOVE B65 198
MOVE B66 198
MOVE B67 189
MOVE B68 189
MOVE B69 166
MOVE B73 206
END TURN 262
TURN 263
COMMAND LEFT START
TRAIN 1
COMMAND LEFT END
COMMAND RIGHT START
COMMAND RIGHT END
TURN 263 RESULT
TIME LEFT 0 5 RIGHT 0 5
TRAIN A95
MOVE B34 171
MOVE B45 100
MOVE B46 100
MOVE B53 126
MOVE B57 114
MOVE B63 108
MOVE B65 206
MOVE B66 206
MOVE B73 204
END TURN 263
TURN 264
COMMAND LEFT START
COMMAND LEFT END
COMMAND RIGHT START
MOVE B61 177
COMMAND RIGHT END
TURN 264 RESULT
TIME LEFT 0 5 RIGHT 0 5
MOVE B34 168
MOVE B53 100
MOVE B61 129
MOVE B63 114
MOVE B65 214
MOVE B66 214
MOVE B73 194
END TURN 264
TURN 265
COMMAND LEFT START
COMMAND LEFT END
COMMAND RIGHT START
MOVE B77 145
MOVE B76 145
TRAIN 2
COMMAND RIGHT END
TURN 265 RESULT
TIME LEFT 0 5 RIGHT 0 5
TRAIN B78 B79
MOVE B61 136
MOVE B73 179
MOVE B76 206
MOVE B77 206
END TURN 265
TURN 266
COMMAND LEFT START
TRAIN 1
COMMAND LEFT END
COMMAND RIGHT START
MOVE B79 145
MOVE B78 145
TRAIN 2
COMMAND RIGHT END
TURN 266 RESULT
TIME LEFT 0 5 RIGHT 0 5
TRAIN A96 B80 B81
MOVE B61 151
MOVE B73 166
MOVE B76 198
MOVE B77 198
MOVE B78 206
MOVE B79 206
END TURN 266
TURN 267
COMMAND LEFT START
COMMAND LEFT END
COMMAND RIGHT START
MOVE B81 145
MOVE B80 145
TRAIN 2
COMMAND RIGHT END
TURN 267 RESULT
TIME LEFT 0 5 RIGHT 0 5
TRAIN B82 B83
MOVE B61 164
MOVE B76 184
MOVE B77 184
MOVE B78 198
MOVE B79 198
MOVE B80 206
MOVE B81 206
END TURN 267
TURN 268
COMMAND LEFT START
TRAIN 1
COMMAND LEFT END
COMMAND RIGHT START
MOVE B83 145
MOVE B82 145
TRAIN 2
COMMAND RIGHT END
TURN 268 RESULT
TIME LEFT 0 5 RIGHT 0 5
TRAIN A97 B84 B85
MOVE B61 177
MOVE B76 177
MOVE B77 177
MOVE B78 184
MOVE B79 184
MOVE B80 198
MOVE B81 198
MOVE B82 206
MOVE B83 206
END TURN 268
TURN 269
COMMAND LEFT START
COMMAND LEFT END
COMMAND RIGHT START
MOVE B62 107
MOVE B85 145
MOVE B84 145
MOVE B63 145
MOVE B64 145
MOVE B53 145
UPGRADE 177
COMMAND RIGHT END
TURN 269 RESULT
TIME LEFT 0 5 RIGHT 0 5
UPGRADE B 177
MOVE B53 106
MOVE B62 106
MOVE B63 108
MOVE B64 157
MOVE B76 156
MOVE B77 156
MOVE B78 177
MOVE B79 177
MOVE B80 184
MOVE B81 184
MOVE B82 198
MOVE B83 198
MOVE B84 206
MOVE B85 206
END TURN 269
TURN 270
COMMAND LEFT START
COMMAND LEFT END
COMMAND RIGHT START
UPGRADE 177
COMMAND RIGHT END
TURN 270 RESULT
TIME LEFT 0 5 RIGHT 0 5
UPGRADE B 177
MOVE B53 109
MOVE B62 98
MOVE B63 116
MOVE B64 147
MOVE B76 145
MOVE B77 145
MOVE B78 156
MOVE B79 156
MOVE B80 177
MOVE B81 177
MOVE B82 184
MOVE B83 184
MOVE B84 198
MOVE B85 198
END TURN 270
TURN 271
COMMAND LEFT START
TRAIN 1
COMMAND LEFT END
COMMAND RIGHT START
MOVE B70 177
UPGRADE 177
COMMAND RIGHT END
TURN 271 RESULT
TIME LEFT 0 5 RIGHT 0 5
UPGRADE B 177
TRAIN A98
MOVE B53 120
MOVE B62 102
MOVE B63 125
MOVE B64 142
MOVE B70 156
MOVE B78 145
MOVE B79 145
MOVE B80 156
MOVE B81 156
MOVE B82 177
MOVE B83 177
MOVE B84 184
MOVE B85 184
END TURN 271
TURN 272
COMMAND LEFT START
MOVE A69 214
MOVE A70 214
MOVE A71 214
MOVE A72 214
MOVE A73 214
MOVE A74 214
MOVE A75 214
MOVE A76 214
MOVE A77 214
MOVE A78 214
MOVE A79 214
MOVE A80 214
MOVE A81 214
MOVE A82 214
MOVE A83 214
MOVE A84 214
MOVE A85 214
MOVE A86 214
MOVE A87 214
MOVE A88 214
MOVE A89 214
MOVE A90 214
MOVE A91 214
MOVE A92 214
MOVE A93 214
MOVE A94 214
MOVE A95 214
MOVE A96 214
MOVE A97 214
MOVE A98 214
COMMAND LEFT END
COMMAND RIGHT START
MOVE B71 177
TRAIN 1
COMMAND RIGHT END
TURN 272 RESULT
TIME LEFT 0 5 RIGHT 0 5
TRAIN B86
MOVE A69 8
MOVE A70 8
MOVE A71 8
MOVE A72 8
MOVE A73 8
MOVE A74 8
MOVE A75 8
MOVE A76 8
MOVE A77 8
MOVE A78 8
MOVE A79 8
MOVE A80 8
MOVE A81 8
MOVE A82 8
MOVE A83 8
MOVE A84 8
MOVE A85 8
MOVE A86 8
MOVE A87 8
MOVE A88 8
MOVE A89 8
MOVE A90 8
MOVE A91 8
MOVE A92 8
MOVE A93 8
MOVE A94 8
MOVE A95 8
MOVE A96 8
MOVE A97 8
MOVE A98 8
MOVE B53 128
MOVE B62 107
MOVE B63 145
MOVE B64 145
MOVE B70 177
MOVE B71 156
MOVE B80 145
MOVE B81 145
MOVE B82 156
MOVE B83 156
MOVE B84 177
MOVE B85 177
END TURN 272
TURN 273
COMMAND LEFT START
COMMAND LEFT END
COMMAND RIGHT START
UPGRADE 107
COMMAND RIGHT END
TURN 273 RESULT
TIME LEFT 0 5 RIGHT 0 5
UPGRADE B 107
MOVE A69 16
MOVE A70 16
MOVE A71 16
MOVE A72 16
MOVE A73 16
MOVE A74 16
MOVE A75 16
MOVE A76 16
MOVE A77 16
MOVE A78 16
MOVE A79 16
MOVE A80 16
MOVE A81 16
MOVE A82 16
MOVE A83 16
MOVE A84 16
MOVE A85 16
MOVE A86 16
MOVE A87 16
MOVE A88 16
MOVE A89 16
MOVE A90 16
MOVE A91 16
MOVE A92 16
MOVE A93 16
MOVE A94 16
MOVE A95 16
MOVE A96 16
MOVE A97 16
MOVE A98 16
MOVE B53 145
MOVE B71 177
MOVE B82 145
MOVE B83 145
MOVE B84 156
MOVE B85 156
END TURN 273
TURN 274
COMMAND LEFT START
COMMAND LEFT END
COMMAND RIGHT START
MOVE B83 69
MOVE B86 107
MOVE B82 107
MOVE B81 107
MOVE B80 107
MOVE B79 107
MOVE B78 107
MOVE B77 107
MOVE B76 107
MOVE B72 107
COMMAND RIGHT END
TURN 274 RESULT
TIME LEFT 0 5 RIGHT 0 5
MOVE A69 30
MOVE A70 30
MOVE A71 30
MOVE A72 30
MOVE A73 30
MOVE A74 30
MOVE A75 30
MOVE A76 30
MOVE A77 30
MOVE A78 30
MOVE A79 30
MOVE A80 30
MOVE A81 30
MOVE A82 30
MOVE A83 30
MOVE A84 30
MOVE A85 30
MOVE A86 30
MOVE A87 30
MOVE A88 30
MOVE A89 30
MOVE A90 30
MOVE A91 30
MOVE A92 30
MOVE A93 30
MOVE A94 30
MOVE A95 30
MOVE A96 30
MOVE A97 30
MOVE A98 30
MOVE B72 127
MOVE B76 127
MOVE B77 127
MOVE B78 127
MOVE B79 127
MOVE B80 127
MOVE B81 127
MOVE B82 127
MOVE B83 127
MOVE B84 145
MOVE B85 145
MOVE B86 206
END TURN 274
TURN 275
COMMAND LEFT START
COMMAND LEFT END
COMMAND RIGHT START
MOVE B85 107
MOVE B84 107
UPGRADE 107
COMMAND RIGHT END
TURN 275 RESULT
TIME LEFT 0 5 RIGHT 0 5
UPGRADE B 107
MOVE A69 37
MOVE A70 37
MOVE A71 37
MOVE A72 37
MOVE A73 37
MOVE A74 37
MOVE A75 37
MOVE A76 37
MOVE A77 37
MOVE A78 37
MOVE A79 37
MOVE A80 37
MOVE A81 37
MOVE A82 37
MOVE A83 37
MOVE A84 37
MOVE A85 37
MOVE A86 37
MOVE A87 37
MOVE A88 37
MOVE A89 37
MOVE A90 37
MOVE A91 37
MOVE A92 37
MOVE A93 37
MOVE A94 37
MOVE A95 37
MOVE A96 37
MOVE A97 37
MOVE A98 37
MOVE B72 107
MOVE B76 107
MOVE B77 107
MOVE B78 107
MOVE B79 107
MOVE B80 107
MOVE B81 107
MOVE B82 107
MOVE B83 107
MOVE B84 127
MOVE B85 127
MOVE B86 198
END TURN 275
TURN 276
COMMAND LEFT START
COMMAND LEFT END
COMMAND RIGHT START
UPGRADE 107
COMMAND RIGHT END
TURN 276 RESULT
TIME LEFT 0 5 RIGHT 0 5
UPGRADE B 107
MOVE A69 58
MOVE A70 58
MOVE A71 58
MOVE A72 58
MOVE A73 58
MOVE A74 58
MOVE A75 58
MOVE A76 58
MOVE A77 58
MOVE A78 58
MOVE A79 58
MOVE A80 58
MOVE A81 58
MOVE A82 58
MOVE A83 58
MOVE A84 58
MOVE A85 58
MOVE A86 58
MOVE A87 58
MOVE A88 58
MOVE A89 58
MOVE A90 58
MOVE A91 58
MOVE A92 58
MOVE A93 58
MOVE A94 58
MOVE A95 58
MOVE A96 58
MOVE A97 58
MOVE A98 58
MOVE B83 87
MOVE B84 107
MOVE B85 107
MOVE B86 184
END TURN 276
TURN 277
COMMAND LEFT START
COMMAND LEFT END
COMMAND RIGHT START
TRAIN 1
COMMAND RIGHT END
TURN 277 RESULT
TIME LEFT 0 5 RIGHT 0 5
TRAIN B87
MOVE A69 69
MOVE A70 69
MOVE A71 69
MOVE A72 69
MOVE A73 69
MOVE A74 69
MOVE A75 69
MOVE A76 69
MOVE A77 69
MOVE A78 69
MOVE A79 69
MOVE A80 69
MOVE A81 69
MOVE A82 69
MOVE A83 69
MOVE A84 69
MOVE A85 69
MOVE A86 69
MOVE A87 69
MOVE A88 69
MOVE A89 69
MOVE A90 69
MOVE A91 69
MOVE A92 69
MOVE A93 69
MOVE A94 69
MOVE A95 69
MOVE A96 69
MOVE A97 69
MOVE A98 69
MOVE B83 69
MOVE B86 177
DAMAGE COMBAT A69 1
DAMAGE COMBAT B83 7
END TURN 277
TURN 278
COMMAND LEFT START
COMMAND LEFT END
COMMAND RIGHT START
MOVE B87 107
MOVE B85 152
COMMAND RIGHT END
TURN 278 RESULT
TIME LEFT 0 5 RIGHT 0 5
MOVE A69 87
MOVE A70 87
MOVE A71 87
MOVE A72 87
MOVE A73 87
MOVE A74 87
MOVE A75 87
MOVE A76 87
MOVE A77 87
MOVE A78 87
MOVE A79 87
MOVE A80 87
MOVE A81 87
MOVE A82 87
MOVE A83 87
MOVE A84 87
MOVE A85 87
MOVE A86 87
MOVE A87 87
MOVE A88 87
MOVE A89 87
MOVE A90 87
MOVE A91 87
MOVE A92 87
MOVE A93 87
MOVE A94 87
MOVE A95 87
MOVE A96 87
MOVE A97 87
MOVE A98 87
MOVE B85 102
MOVE B86 156
MOVE B87 206
END TURN 278
TURN 279
COMMAND LEFT START
COMMAND LEFT END
COMMAND RIGHT START
TRAIN 2
COMMAND RIGHT END
TURN 279 RESULT
TIME LEFT 0 5 RIGHT 0 5
TRAIN B88 B89
MOVE A69 107
MOVE A70 107
MOVE A71 107
MOVE A72 107
MOVE A73 107
MOVE A74 107
MOVE A75 107
MOVE A76 107
MOVE A77 107
MOVE A78 107
MOVE A79 107
MOVE A80 107
MOVE A81 107
MOVE A82 107
MOVE A83 107
MOVE A84 107
MOVE A85 107
MOVE A86 107
MOVE A87 107
MOVE A88 107
MOVE A89 107
MOVE A90 107
MOVE A91 107
MOVE A92 107
MOVE A93 107
MOVE A94 107
MOVE A95 107
MOVE A96 107
MOVE A97 107
MOVE A98 107
MOVE B85 109
MOVE B86 145
MOVE B87 198
DAMAGE TURRET A69 2
DAMAGE COMBAT A69 2
DAMAGE COMBAT A70 5
DAMAGE COMBAT A71 3
DAMAGE COMBAT B62 7
DAMAGE COMBAT B72 7
DAMAGE COMBAT B76 7
DAMAGE COMBAT B77 7
DAMAGE COMBAT B78 2
END TURN 279
TURN 280
COMMAND LEFT START
TRAIN 1
COMMAND LEFT END
COMMAND RIGHT START
MOVE B89 145
MOVE B88 145
TRAIN 2
COMMAND RIGHT END
TURN 280 RESULT
TIME LEFT 0 5 RIGHT 0 5
TRAIN A99 B90 B91
MOVE B85 123
MOVE B86 127
MOVE B87 184
MOVE B88 206
MOVE B89 206
DAMAGE TURRET A71 2
DAMAGE COMBAT A72 5
DAMAGE COMBAT A73 1
DAMAGE COMBAT B78 5
DAMAGE COMBAT B79 7
DAMAGE COMBAT B80 7
DAMAGE COMBAT B81 7
DAMAGE COMBAT B82 2
END TURN 280
TURN 281
COMMAND LEFT START
COMMAND LEFT END
COMMAND RIGHT START
MOVE B91 145
MOVE B90 145
TRAIN 2
COMMAND RIGHT END
TURN 281 RESULT
TIME LEFT 0 5 RIGHT 0 5
TRAIN B92 B93
MOVE B85 126
MOVE B86 107
MOVE B87 177
MOVE B88 198
MOVE B89 198
MOVE B90 206
MOVE B91 206
DAMAGE TURRET A73 2
DAMAGE COMBAT A73 2
DAMAGE COMBAT A74 1
DAMAGE COMBAT B82 5
DAMAGE COMBAT B84 7
DAMAGE COMBAT B86 7
SIEGE B 107 7
END TURN 281
TURN 282
COMMAND LEFT START
COMMAND LEFT END
COMMAND RIGHT START
MOVE B93 145
MOVE B92 145
TRAIN 2
COMMAND RIGHT END
TURN 282 RESULT
TIME LEFT 0 5 RIGHT 0 5
TRAIN B94 B95
MOVE A74 127
MOVE A75 127
MOVE A76 127
MOVE A77 127
MOVE A78 127
MOVE A79 127
MOVE A80 127
MOVE A81 127
MOVE A82 127
MOVE A83 127
MOVE A84 127
MOVE A85 127
MOVE A86 127
MOVE A87 127
MOVE A88 127
MOVE A89 127
MOVE A90 127
MOVE A91 127
MOVE A92 127
MOVE A93 127
MOVE A94 127
MOVE A95 127
MOVE A96 127
MOVE A97 127
MOVE A98 127
MOVE B85 131
MOVE B87 156
MOVE B88 184
MOVE B89 184
MOVE B90 198
MOVE B91 198
MOVE B92 206
MOVE B93 206
END TURN 282
TURN 283
COMMAND LEFT START
TRAIN 1
COMMAND LEFT END
COMMAND RIGHT START
MOVE B44 107
MOVE B65 114
TRAIN 1
COMMAND RIGHT END
TURN 283 RESULT
TIME LEFT 0 5 RIGHT 0 5
TRAIN A100 B96
MOVE A74 145
MOVE A75 145
MOVE A76 145
MOVE A77 145
MOVE A78 145
MOVE A79 145
MOVE A80 145
MOVE A81 145
MOVE A82 145
MOVE A83 145
MOVE A84 145
MOVE A85 145
MOVE A86 145
MOVE A87 145
MOVE A88 145
MOVE A89 145
MOVE A90 145
MOVE A91 145
MOVE A92 145
MOVE A93 145
MOVE A94 145
MOVE A95 145
MOVE A96 145
MOVE A97 145
MOVE A98 145
MOVE B44 108
MOVE B65 209
MOVE B85 134
MOVE B87 145
MOVE B88 177
MOVE B89 177
MOVE B90 184
MOVE B91 184
MOVE B92 198
MOVE B93 198
DAMAGE TURRET A74 2
DAMAGE COMBAT A74 2
DAMAGE COMBAT A75 2
DAMAGE COMBAT B53 7
DAMAGE COMBAT B63 7
DAMAGE COMBAT B64 7
DAMAGE COMBAT B87 4
END TURN 283
TURN 284
COMMAND LEFT START
COMMAND LEFT END
COMMAND RIGHT START
MOVE B61 214
MOVE B70 214
MOVE B71 214
MOVE B52 214
MOVE B67 214
MOVE B68 214
MOVE B36 214
MOVE B69 214
MOVE B73 214
MOVE B47 214
MOVE B51 214
MOVE B60 214
MOVE B34 214
MOVE B55 214
MOVE B59 214
MOVE B45 214
MOVE B46 214
MOVE B50 214
MOVE B49 214
MOVE B57 214
TRAIN 2
COMMAND RIGHT END
TURN 284 RESULT
TIME LEFT 0 5 RIGHT 0 5
TRAIN B97 B98
MOVE B34 171
MOVE B36 179
MOVE B44 116
MOVE B45 126
MOVE B46 126
MOVE B47 155
MOVE B49 129
MOVE B50 126
MOVE B51 155
MOVE B52 201
MOVE B55 171
MOVE B57 129
MOVE B59 171
MOVE B60 155
MOVE B61 184
MOVE B65 199
MOVE B67 201
MOVE B68 201
MOVE B69 179
MOVE B70 184
MOVE B71 184
MOVE B73 179
MOVE B85 139
MOVE B88 156
MOVE B89 156
MOVE B90 177
MOVE B91 177
MOVE B92 184
MOVE B93 184
DAMAGE TURRET A75 2
DAMAGE COMBAT A75 1
DAMAGE COMBAT B87 3
SIEGE B 145 9
END TURN 284
TURN 285
COMMAND LEFT START
TRAIN 1
COMMAND LEFT END
COMMAND RIGHT START
TRAIN 2
COMMAND RIGHT END
TURN 285 RESULT
TIME LEFT 0 5 RIGHT 0 5
TRAIN A101 B99 B100
MOVE A76 156
MOVE A77 156
MOVE A78 156
MOVE A79 156
MOVE A80 156
MOVE A81 156
MOVE A82 156
MOVE A83 156
MOVE A84 156
MOVE A85 156
MOVE A86 156
MOVE A87 156
MOVE A88 156
MOVE A89 156
MOVE A90 156
MOVE A91 156
MOVE A92 156
MOVE A93 156
MOVE A94 156
MOVE A95 156
MOVE A96 156
MOVE A97 156
MOVE A98 156
MOVE B34 180
MOVE B36 194
MOVE B44 112
MOVE B45 138
MOVE B46 138
MOVE B47 167
MOVE B49 136
MOVE B50 138
MOVE B51 167
MOVE B52 208
MOVE B55 180
MOVE B57 136
MOVE B59 180
MOVE B60 167
MOVE B61 198
MOVE B65 186
MOVE B67 208
MOVE B68 208
MOVE B69 194
MOVE B70 198
MOVE B71 198
MOVE B73 194
MOVE B85 137
MOVE B88 145
MOVE B89 145
MOVE B90 156
MOVE B91 156
MOVE B92 177
MOVE B93 177
DAMAGE COMBAT A76 2
DAMAGE COMBAT B90 7
DAMAGE COMBAT B91 7
END TURN 285
TURN 286
COMMAND LEFT START
COMMAND LEFT END
COMMAND RIGHT START
TRAIN 2
COMMAND RIGHT END
TURN 286 RESULT
TIME LEFT 0 5 RIGHT 0 5
TRAIN B101 B102
MOVE A76 177
MOVE A77 177
MOVE A78 177
MOVE A79 177
MOVE A80 177
MOVE A81 177
MOVE A82 177
MOVE A83 177
MOVE A84 177
MOVE A85 177
MOVE A86 177
MOVE A87 177
MOVE A88 177
MOVE A89 177
MOVE A90 177
MOVE A91 177
MOVE A92 177
MOVE A93 177
MOVE A94 177
MOVE A95 177
MOVE A96 177
MOVE A97 177
MOVE A98 177
MOVE B34 195
MOVE B36 204
MOVE B44 107
MOVE B45 157
MOVE B46 157
MOVE B47 187
MOVE B49 151
MOVE B50 157
MOVE B51 187
MOVE B52 211
MOVE B55 195
MOVE B57 151
MOVE B59 195
MOVE B60 187
MOVE B61 206
MOVE B65 175
MOVE B67 211
MOVE B68 211
MOVE B69 204
MOVE B70 206
MOVE B71 206
MOVE B73 204
MOVE B85 152
MOVE B92 156
MOVE B93 156
DAMAGE TURRET A76 2
SIEGE B 177 18
END TURN 286
TURN 287
COMMAND LEFT START
TRAIN 1
COMMAND LEFT END
COMMAND RIGHT START
TRAIN 2
COMMAND RIGHT END
TURN 287 RESULT
TIME LEFT 0 5 RIGHT 0 5
TRAIN A102 B103 B104
MOVE A76 184
MOVE A77 184
MOVE A78 184
MOVE A79 184
MOVE A80 184
MOVE A81 184
MOVE A82 184
MOVE A83 184
MOVE A84 184
MOVE A85 184
MOVE A86 184
MOVE A87 184
MOVE A88 184
MOVE A89 184
MOVE A90 184
MOVE A91 184
MOVE A92 184
MOVE A93 184
MOVE A94 184
MOVE A95 184
MOVE A96 184
MOVE A97 184
MOVE A98 184
MOVE B34 207
MOVE B36 206
MOVE B45 166
MOVE B46 166
MOVE B47 199
MOVE B49 164
MOVE B50 166
MOVE B51 199
MOVE B52 214
MOVE B55 207
MOVE B57 164
MOVE B59 207
MOVE B60 199
MOVE B61 214
MOVE B65 164
MOVE B67 214
MOVE B68 214
MOVE B69 206
MOVE B70 214
MOVE B71 214
MOVE B73 206
MOVE B92 145
MOVE B93 145
END TURN 287
TURN 288
COMMAND LEFT START
COMMAND LEFT END
COMMAND RIGHT START
COMMAND RIGHT END
TURN 288 RESULT
TIME LEFT 0 5 RIGHT 0 5
MOVE A76 198
MOVE A77 198
MOVE A78 198
MOVE A79 198
MOVE A80 198
MOVE A81 198
MOVE A82 198
MOVE A83 198
MOVE A84 198
MOVE A85 198
MOVE A86 198
MOVE A87 198
MOVE A88 198
MOVE A89 198
MOVE A90 198
MOVE A91 198
MOVE A92 198
MOVE A93 198
MOVE A94 198
MOVE A95 198
MOVE A96 198
MOVE A97 198
MOVE A98 198
MOVE B34 212
MOVE B36 214
MOVE B45 179
MOVE B46 179
MOVE B47 209
MOVE B49 175
MOVE B50 179
MOVE B51 209
MOVE B55 212
MOVE B57 175
MOVE B59 212
MOVE B60 209
MOVE B65 151
MOVE B69 214
MOVE B73 214
END TURN 288
TURN 289
COMMAND LEFT START
COMMAND LEFT END
COMMAND RIGHT START
COMMAND RIGHT END
TURN 289 RESULT
TIME LEFT 0 5 RIGHT 0 5
MOVE A76 206
MOVE A77 206
MOVE A78 206
MOVE A79 206
MOVE A80 206
MOVE A81 206
MOVE A82 206
MOVE A83 206
MOVE A84 206
MOVE A85 206
MOVE A86 206
MOVE A87 206
MOVE A88 206
MOVE A89 206
MOVE A90 206
MOVE A91 206
MOVE A92 206
MOVE A93 206
MOVE A94 206
MOVE A95 206
MOVE A96 206
MOVE A97 206
MOVE A98 206
MOVE B34 214
MOVE B45 194
MOVE B46 194
MOVE B47 214
MOVE B49 186
MOVE B50 194
MOVE B51 214
MOVE B55 214
MOVE B57 186
MOVE B59 214
MOVE B60 214
MOVE B65 136
END TURN 289
TURN 290
COMMAND LEFT START
TRAIN 1
COMMAND LEFT END
COMMAND RIGHT START
COMMAND RIGHT END
TURN 290 RESULT
TIME LEFT 0 5 RIGHT 0 5
TRAIN A103
MOVE A76 214
MOVE A77 214
MOVE A78 214
MOVE A79 214
MOVE A80 214
MOVE A81 214
MOVE A82 214
MOVE A83 214
MOVE A84 214
MOVE A85 214
MOVE A86 214
MOVE A87 214
MOVE A88 214
MOVE A89 214
MOVE A90 214
MOVE A91 214
MOVE A92 214
MOVE A93 214
MOVE A94 214
MOVE A95 214
MOVE A96 214
MOVE A97 214
MOVE A98 214
MOVE B45 204
MOVE B46 204
MOVE B49 199
MOVE B50 204
MOVE B57 199
MOVE B65 129
DAMAGE TURRET A76 1
DAMAGE TURRET A77 2
DAMAGE COMBAT A77 3
DAMAGE COMBAT A78 5
DAMAGE COMBAT A79 5
DAMAGE COMBAT A80 5
DAMAGE COMBAT A81 5
DAMAGE COMBAT A82 5
DAMAGE COMBAT A83 1
DAMAGE COMBAT B34 1
DAMAGE COMBAT B36 7
DAMAGE COMBAT B47 7
DAMAGE COMBAT B51 7
DAMAGE COMBAT B52 1
END TURN 290
TURN 291
COMMAND LEFT START
COMMAND LEFT END
COMMAND RIGHT START
MOVE B44 214
MOVE B88 214
TRAIN 2
COMMAND RIGHT END
TURN 291 RESULT
TIME LEFT 0 5 RIGHT 0 5
TRAIN B105 B106
MOVE B44 127
MOVE B45 206
MOVE B46 206
MOVE B49 209
MOVE B50 206
MOVE B57 209
MOVE B65 114
MOVE B88 156
DAMAGE TURRET A83 3
DAMAGE COMBAT A83 1
DAMAGE COMBAT A84 5
DAMAGE COMBAT A85 5
DAMAGE COMBAT A86 5
DAMAGE COMBAT A87 5
DAMAGE COMBAT A88 5
DAMAGE COMBAT A89 1
DAMAGE COMBAT B52 6
DAMAGE COMBAT B55 7
DAMAGE COMBAT B59 3
END TURN 291
TURN 292
COMMAND LEFT START
TRAIN 1
COMMAND LEFT END
COMMAND RIGHT START
TRAIN 2
COMMAND RIGHT END
TURN 292 RESULT
TIME LEFT 0 5 RIGHT 0 5
TRAIN A104 B107 B108
MOVE B44 145
MOVE B45 214
MOVE B46 214
MOVE B49 214
MOVE B50 214
MOVE B57 214
MOVE B88 177
DAMAGE TURRET A89 3
DAMAGE COMBAT A89 1
DAMAGE COMBAT A90 5
DAMAGE COMBAT A91 5
DAMAGE COMBAT A92 5
DAMAGE COMBAT A93 5
DAMAGE COMBAT A94 5
DAMAGE COMBAT A95 5
DAMAGE COMBAT A96 1
DAMAGE COMBAT B45 6
DAMAGE COMBAT B59 4
END TURN 292
TURN 293
COMMAND LEFT START
TRAIN 1
COMMAND LEFT END
COMMAND RIGHT START
TRAIN 1
COMMAND RIGHT END
TURN 293 RESULT
TIME LEFT 0 5 RIGHT 0 5
TRAIN A105 B109
MOVE B44 156
MOVE B88 184
DAMAGE TURRET A96 3
DAMAGE COMBAT A96 1
DAMAGE COMBAT A97 5
DAMAGE COMBAT A98 5
DAMAGE COMBAT B45 1
DAMAGE COMBAT B46 2
END TURN 293
TURN 294
COMMAND LEFT START
COMMAND LEFT END
COMMAND RIGHT START
MOVE B46 189
MOVE B49 166
MOVE B50 168
MOVE B57 154
MOVE B60 107
MOVE B61 100
MOVE B66 189
MOVE B67 189
MOVE B68 168
MOVE B89 107
MOVE B92 166
MOVE B93 114
MOVE B85 100
TRAIN 2
COMMAND RIGHT END
TURN 294 RESULT
TIME LEFT 0 5 RIGHT 0 5
TRAIN B110 B111
MOVE B44 177
MOVE B46 211
MOVE B49 206
MOVE B50 212
MOVE B57 209
MOVE B60 206
MOVE B61 206
MOVE B66 211
MOVE B67 211
MOVE B68 212
MOVE B85 137
MOVE B88 198
MOVE B89 127
MOVE B92 156
MOVE B93 125
END TURN 294
TURN 295
COMMAND LEFT START
TRAIN 1
COMMAND LEFT END
COMMAND RIGHT START
COMMAND RIGHT END
TURN 295 RESULT
TIME LEFT 0 5 RIGHT 0 5
TRAIN A106
MOVE B44 184
MOVE B46 208
MOVE B49 204
MOVE B50 207
MOVE B57 199
MOVE B60 198
MOVE B61 204
MOVE B66 208
MOVE B67 208
MOVE B68 207
MOVE B85 132
MOVE B88 206
MOVE B89 107
MOVE B92 161
MOVE B93 116
END TURN 295
TURN 296
COMMAND LEFT START
TRAIN 1
COMMAND LEFT END
COMMAND RIGHT START
MOVE B69 189
TRAIN 1
COMMAND RIGHT END
TURN 296 RESULT
TIME LEFT 0 5 RIGHT 0 5
TRAIN A107 B112
MOVE B44 198
MOVE B46 201
MOVE B49 194
MOVE B50 195
MOVE B57 187
MOVE B60 184
MOVE B61 194
MOVE B66 201
MOVE B67 201
MOVE B68 195
MOVE B69 211
MOVE B85 118
MOVE B88 214
MOVE B92 166
MOVE B93 108
END TURN 296
TURN 297
COMMAND LEFT START
TRAIN 1
COMMAND LEFT END
COMMAND RIGHT START
MOVE B70 189
MOVE B71 168
TRAIN 1
COMMAND RIGHT END
TURN 297 RESULT
TIME LEFT 0 5 RIGHT 0 5
TRAIN A108 B113
MOVE B44 206
MOVE B46 189
MOVE B49 179
MOVE B50 180
MOVE B57 167
MOVE B60 177
MOVE B61 179
MOVE B66 189
MOVE B67 189
MOVE B68 180
MOVE B69 208
MOVE B70 211
MOVE B71 212
MOVE B85 115
MOVE B93 114
END TURN 297
TURN 298
COMMAND LEFT START
COMMAND LEFT END
COMMAND RIGHT START
MOVE B73 168
TRAIN 1
COMMAND RIGHT END
TURN 298 RESULT
TIME LEFT 0 5 RIGHT 0 5
TRAIN B114
MOVE B44 214
MOVE B49 166
MOVE B50 171
MOVE B57 155
MOVE B60 156
MOVE B61 166
MOVE B68 171
MOVE B69 201
MOVE B70 208
MOVE B71 207
MOVE B73 212
MOVE B85 111
END TURN 298
TURN 299
COMMAND LEFT START
TRAIN 1
COMMAND LEFT END
COMMAND RIGHT START
MOVE B44 168
MOVE B74 154
TRAIN 1
COMMAND RIGHT END
TURN 299 RESULT
TIME LEFT 0 5 RIGHT 0 5
TRAIN A109 B115
MOVE B44 212
MOVE B50 168
MOVE B57 154
MOVE B60 145
MOVE B61 157
MOVE B68 168
MOVE B69 189
MOVE B70 201
MOVE B71 195
MOVE B73 207
MOVE B74 209
MOVE B85 100
END TURN 299
TURN 300
COMMAND LEFT START
TRAIN 1
COMMAND LEFT END
COMMAND RIGHT START
MOVE B75 166
MOVE B46 154
TRAIN 1
COMMAND RIGHT END
TURN 300 RESULT
TIME LEFT 0 5 RIGHT 0 5
TRAIN A110 B116
MOVE B44 207
MOVE B46 169
MOVE B60 127
MOVE B61 138
MOVE B70 189
MOVE B71 180
MOVE B73 195
MOVE B74 199
MOVE B75 206
END TURN 300
TURN 301
COMMAND LEFT START
COMMAND LEFT END
COMMAND RIGHT START
MOVE B66 114
MOVE B88 107
TRAIN 1
COMMAND RIGHT END
TURN 301 RESULT
TIME LEFT 0 5 RIGHT 0 5
TRAIN B117
MOVE B44 195
MOVE B46 154
MOVE B60 107
MOVE B61 126
MOVE B66 167
MOVE B71 171
MOVE B73 180
MOVE B74 187
MOVE B75 204
MOVE B88 206
END TURN 301
TURN 302
COMMAND LEFT START
TRAIN 1
COMMAND LEFT END
COMMAND RIGHT START
COMMAND RIGHT END
TURN 302 RESULT
TIME LEFT 0 5 RIGHT 0 5
TRAIN A111
MOVE B44 180
MOVE B61 100
MOVE B66 153
MOVE B71 168
MOVE B73 171
MOVE B74 167
MOVE B75 194
MOVE B88 198
END TURN 302
TURN 303
COMMAND LEFT START
TRAIN 1
COMMAND LEFT END
COMMAND RIGHT START
COMMAND RIGHT END
TURN 303 RESULT
TIME LEFT 0 5 RIGHT 0 5
TRAIN A112
MOVE B44 171
MOVE B66 143
MOVE B73 168
MOVE B74 155
MOVE B75 179
MOVE B88 184
END TURN 303
TURN 304
COMMAND LEFT START
COMMAND LEFT END
COMMAND RIGHT START
MOVE B50 100
COMMAND RIGHT END
TURN 304 RESULT
TIME LEFT 0 5 RIGHT 0 5
MOVE B44 168
MOVE B50 163
MOVE B66 129
MOVE B74 154
MOVE B75 166
MOVE B88 177
END TURN 304
TURN 305
COMMAND LEFT START
TRAIN 1
COMMAND LEFT END
COMMAND RIGHT START
COMMAND RIGHT END
TURN 305 RESULT
TIME LEFT 0 5 RIGHT 0 5
TRAIN A113
MOVE B50 149
MOVE B66 114
MOVE B88 156
END TURN 305
TURN 306
COMMAND LEFT START
TRAIN 1
COMMAND LEFT END
COMMAND RIGHT START
COMMAND RIGHT END
TURN 306 RESULT
TIME LEFT 0 5 RIGHT 0 5
TRAIN A114
MOVE B50 126
MOVE B88 145
END TURN 306
TURN 307
COMMAND LEFT START
COMMAND LEFT END
COMMAND RIGHT START
COMMAND RIGHT END
TURN 307 RESULT
TIME LEFT 0 5 RIGHT 0 5
MOVE B50 100
MOVE B88 127
END TURN 307
TURN 308
COMMAND LEFT START
TRAIN 1
COMMAND LEFT END
COMMAND RIGHT START
COMMAND RIGHT END
TURN 308 RESULT
TIME LEFT 0 5 RIGHT 0 5
TRAIN A115
MOVE B88 107
END TURN 308
TURN 309
COMMAND LEFT START
COMMAND LEFT END
COMMAND RIGHT START
COMMAND RIGHT END
TURN 309 RESULT
TIME LEFT 0 5 RIGHT 0 5
END TURN 309
TURN 310
COMMAND LEFT START
TRAIN 1
COMMAND LEFT END
COMMAND RIGHT START
COMMAND RIGHT END
TURN 310 RESULT
TIME LEFT 0 5 RIGHT 0 5
TRAIN A116
END TURN 310
TURN 311
COMMAND LEFT START
TRAIN 1
COMMAND LEFT END
COMMAND RIGHT START
COMMAND RIGHT END
TURN 311 RESULT
TIME LEFT 0 5 RIGHT 0 5
TRAIN A117
END TURN 311
TURN 312
COMMAND LEFT START
COMMAND LEFT END
COMMAND RIGHT START
COMMAND RIGHT END
TURN 312 RESULT
TIME LEFT 0 5 RIGHT 0 5
END TURN 312
TURN 313
COMMAND LEFT START
TRAIN 1
COMMAND LEFT END
COMMAND RIGHT START
UPGRADE 214
COMMAND RIGHT END
TURN 313 RESULT
TIME LEFT 0 5 RIGHT 0 5
UPGRADE B 214
TRAIN A118
END TURN 313
TURN 314
COMMAND LEFT START
COMMAND LEFT END
COMMAND RIGHT START
COMMAND RIGHT END
TURN 314 RESULT
TIME LEFT 0 5 RIGHT 0 5
END TURN 314
TURN 315
COMMAND LEFT START
TRAIN 1
COMMAND LEFT END
COMMAND RIGHT START
MOVE B73 177
COMMAND RIGHT END
TURN 315 RESULT
TIME LEFT 0 5 RIGHT 0 5
TRAIN A119
MOVE B73 171
END TURN 315
TURN 316
COMMAND LEFT START
COMMAND LEFT END
COMMAND RIGHT START
TRAIN 3
COMMAND RIGHT END
TURN 316 RESULT
TIME LEFT 0 5 RIGHT 0 5
TRAIN B118 B119 B120
MOVE B73 166
END TURN 316
TURN 317
COMMAND LEFT START
TRAIN 1
COMMAND LEFT END
COMMAND RIGHT START
MOVE B120 107
MOVE B119 107
MOVE B118 107
TRAIN 3
COMMAND RIGHT END
TURN 317 RESULT
TIME LEFT 0 5 RIGHT 0 5
TRAIN A120 B121 B122 B123
MOVE B73 173
MOVE B118 206
MOVE B119 206
MOVE B120 206
END TURN 317
TURN 318
COMMAND LEFT START
COMMAND LEFT END
COMMAND RIGHT START
MOVE B123 107
MOVE B122 107
MOVE B121 107
TRAIN 2
COMMAND RIGHT END
TURN 318 RESULT
TIME LEFT 0 5 RIGHT 0 5
TRAIN B124 B125
MOVE B73 177
MOVE B118 198
MOVE B119 198
MOVE B120 198
MOVE B121 206
MOVE B122 206
MOVE B123 206
END TURN 318
TURN 319
COMMAND LEFT START
TRAIN 1
COMMAND LEFT END
COMMAND RIGHT START
MOVE B125 107
MOVE B124 107
MOVE B117 107
MOVE B116 107
UPGRADE 177
COMMAND RIGHT END
TURN 319 RESULT
TIME LEFT 0 5 RIGHT 0 5
UPGRADE B 177
TRAIN A121
MOVE B116 206
MOVE B117 206
MOVE B118 184
MOVE B119 184
MOVE B120 184
MOVE B121 198
MOVE B122 198
MOVE B123 198
MOVE B124 206
MOVE B125 206
END TURN 319
TURN 320
COMMAND LEFT START
COMMAND LEFT END
COMMAND RIGHT START
MOVE B115 145
COMMAND RIGHT END
TURN 320 RESULT
TIME LEFT 0 5 RIGHT 0 5
MOVE B115 206
MOVE B116 198
MOVE B117 198
MOVE B118 177
MOVE B119 177
MOVE B120 177
MOVE B121 184
MOVE B122 184
MOVE B123 184
MOVE B124 198
MOVE B125 198
END TURN 320
TURN 321
COMMAND LEFT START
TRAIN 1
COMMAND LEFT END
COMMAND RIGHT START
UPGRADE 177
COMMAND RIGHT END
TURN 321 RESULT
TIME LEFT 0 5 RIGHT 0 5
UPGRADE B 177
TRAIN A122
MOVE B115 198
MOVE B116 184
MOVE B117 184
MOVE B118 156
MOVE B119 156
MOVE B120 156
MOVE B121 177
MOVE B122 177
MOVE B123 177
MOVE B124 184
MOVE B125 184
END TURN 321
TURN 322
COMMAND LEFT START
COMMAND LEFT END
COMMAND RIGHT START
MOVE B94 177
UPGRADE 177
COMMAND RIGHT END
TURN 322 RESULT
TIME LEFT 0 5 RIGHT 0 5
UPGRADE B 177
MOVE B94 206
MOVE B115 184
MOVE B116 177
MOVE B117 177
MOVE B118 145
MOVE B119 145
MOVE B120 145
MOVE B121 156
MOVE B122 156
MOVE B123 156
MOVE B124 177
MOVE B125 177
END TURN 322
TURN 323
COMMAND LEFT START
TRAIN 1
COMMAND LEFT END
COMMAND RIGHT START
MOVE B95 177
COMMAND RIGHT END
TURN 323 RESULT
TIME LEFT 0 5 RIGHT 0 5
TRAIN A123
MOVE B94 198
MOVE B95 206
MOVE B115 177
MOVE B116 156
MOVE B117 156
MOVE B118 127
MOVE B119 127
MOVE B120 127
MOVE B121 145
MOVE B122 145
MOVE B123 145
MOVE B124 156
MOVE B125 156
END TURN 323
TURN 324
COMMAND LEFT START
COMMAND LEFT END
COMMAND RIGHT START
TRAIN 2
COMMAND RIGHT END
TURN 324 RESULT
TIME LEFT 0 5 RIGHT 0 5
TRAIN B126 B127
MOVE B94 184
MOVE B95 198
MOVE B115 156
MOVE B116 145
MOVE B117 145
MOVE B118 107
MOVE B119 107
MOVE B120 107
MOVE B121 127
MOVE B122 127
MOVE B123 127
MOVE B124 145
MOVE B125 145
END TURN 324
TURN 325
COMMAND LEFT START
TRAIN 1
COMMAND LEFT END
COMMAND RIGHT START
TRAIN 2
COMMAND RIGHT END
TURN 325 RESULT
TIME LEFT 0 5 RIGHT 0 5
TRAIN A124 B128 B129
MOVE B94 177
MOVE B95 184
MOVE B115 145
MOVE B116 127
MOVE B117 127
MOVE B121 107
MOVE B122 107
MOVE B123 107
MOVE B124 127
MOVE B125 127
END TURN 325
TURN 326
COMMAND LEFT START
COMMAND LEFT END
COMMAND RIGHT START
UPGRADE 145
COMMAND RIGHT END
TURN 326 RESULT
TIME LEFT 0 5 RIGHT 0 5
UPGRADE B 145
MOVE B95 177
MOVE B116 107
MOVE B117 107
MOVE B124 107
MOVE B125 107
END TURN 326
TURN 327
COMMAND LEFT START
COMMAND LEFT END
COMMAND RIGHT START
MOVE B125 69
MOVE B129 107
MOVE B128 107
MOVE B127 107
MOVE B126 107
MOVE B114 107
MOVE B113 107
MOVE B112 107
MOVE B111 107
MOVE B110 107
MOVE B109 107
MOVE B108 107
COMMAND RIGHT END
TURN 327 RESULT
TIME LEFT 0 5 RIGHT 0 5
MOVE B108 206
MOVE B109 206
MOVE B110 206
MOVE B111 206
MOVE B112 206
MOVE B113 206
MOVE B114 206
MOVE B125 87
MOVE B126 206
MOVE B127 206
MOVE B128 206
MOVE B129 206
END TURN 327
TURN 328
COMMAND LEFT START
TRAIN 1
COMMAND LEFT END
COMMAND RIGHT START
MOVE B107 107
MOVE B106 107
MOVE B105 107
MOVE B104 107
MOVE B103 107
MOVE B102 107
MOVE B101 107
UPGRADE 145
COMMAND RIGHT END
TURN 328 RESULT
TIME LEFT 0 5 RIGHT 0 5
UPGRADE B 145
TRAIN A125
MOVE B101 206
MOVE B102 206
MOVE B103 206
MOVE B104 206
MOVE B105 206
MOVE B106 206
MOVE B107 206
MOVE B108 198
MOVE B109 198
MOVE B110 198
MOVE B111 198
MOVE B112 198
MOVE B113 198
MOVE B114 198
MOVE B125 69
MOVE B126 198
MOVE B127 198
MOVE B128 198
MOVE B129 198
END TURN 328
TURN 329
COMMAND LEFT START
COMMAND LEFT END
COMMAND RIGHT START
MOVE B60 145
MOVE B124 37
MOVE B123 37
MOVE B122 37
MOVE B121 37
MOVE B120 37
MOVE B119 37
MOVE B118 37
MOVE B117 37
MOVE B116 37
UPGRADE 69
COMMAND RIGHT END
TURN 329 RESULT
TIME LEFT 0 5 RIGHT 0 5
UPGRADE B 69
MOVE B60 127
MOVE B101 198
MOVE B102 198
MOVE B103 198
MOVE B104 198
MOVE B105 198
MOVE B106 198
MOVE B107 198
MOVE B108 184
MOVE B109 184
MOVE B110 184
MOVE B111 184
MOVE B112 184
MOVE B113 184
MOVE B114 184
MOVE B116 87
MOVE B117 87
MOVE B118 87
MOVE B119 87
MOVE B120 87
MOVE B121 87
MOVE B122 87
MOVE B123 87
MOVE B124 87
MOVE B126 184
MOVE B127 184
MOVE B128 184
MOVE B129 184
END TURN 329
TURN 330
COMMAND LEFT START
TRAIN 1
COMMAND LEFT END
COMMAND RIGHT START
UPGRADE 69
COMMAND RIGHT END
TURN 330 RESULT
TIME LEFT 0 5 RIGHT 0 5
UPGRADE B 69
TRAIN A126
MOVE B60 145
MOVE B101 184
MOVE B102 184
MOVE B103 184
MOVE B104 184
MOVE B105 184
MOVE B106 184
MOVE B107 184
MOVE B108 177
MOVE B109 177
MOVE B110 177
MOVE B111 177
MOVE B112 177
MOVE B113 177
MOVE B114 177
MOVE B116 69
MOVE B117 69
MOVE B118 69
MOVE B119 69
MOVE B120 69
MOVE B121 69
MOVE B122 69
MOVE B123 69
MOVE B124 69
MOVE B126 177
MOVE B127 177
MOVE B128 177
MOVE B129 177
END TURN 330
TURN 331
COMMAND LEFT START
COMMAND LEFT END
COMMAND RIGHT START
TRAIN 1
COMMAND RIGHT END
TURN 331 RESULT
TIME LEFT 0 5 RIGHT 0 5
TRAIN B130
MOVE B101 177
MOVE B102 177
MOVE B103 177
MOVE B104 177
MOVE B105 177
MOVE B106 177
MOVE B107 177
MOVE B108 156
MOVE B109 156
MOVE B110 156
MOVE B111 156
MOVE B112 156
MOVE B113 156
MOVE B114 156
MOVE B116 58
MOVE B117 58
MOVE B118 58
MOVE B119 58
MOVE B120 58
MOVE B121 58
MOVE B122 58
MOVE B123 58
MOVE B124 58
MOVE B126 156
MOVE B127 156
MOVE B128 156
MOVE B129 156
END TURN 331
TURN 332
COMMAND LEFT START
COMMAND LEFT END
COMMAND RIGHT START
MOVE B96 69
UPGRADE 145
COMMAND RIGHT END
TURN 332 RESULT
TIME LEFT 0 5 RIGHT 0 5
UPGRADE B 145
MOVE B96 206
MOVE B101 156
MOVE B102 156
MOVE B103 156
MOVE B104 156
MOVE B105 156
MOVE B106 156
MOVE B107 156
MOVE B108 145
MOVE B109 145
MOVE B110 145
MOVE B111 145
MOVE B112 145
MOVE B113 145
MOVE B114 145
MOVE B116 37
MOVE B117 37
MOVE B118 37
MOVE B119 37
MOVE B120 37
MOVE B121 37
MOVE B122 37
MOVE B123 37
MOVE B124 37
MOVE B126 145
MOVE B127 145
MOVE B128 145
MOVE B129 145
DAMAGE TURRET B116 1
DAMAGE COMBAT A1 4
DAMAGE COMBAT A7 5
DAMAGE COMBAT B116 2
END TURN 332
TURN 333
COMMAND LEFT START
MOVE A99 37
MOVE A100 37
TRAIN 1
COMMAND LEFT END
COMMAND RIGHT START
MOVE B116 145
COMMAND RIGHT END
TURN 333 RESULT
TIME LEFT 0 5 RIGHT 0 5
TRAIN A127
MOVE A99 8
MOVE A100 8
MOVE B96 198
MOVE B101 145
MOVE B102 145
MOVE B103 145
MOVE B104 145
MOVE B105 145
MOVE B106 145
MOVE B107 145
MOVE B108 127
MOVE B109 127
MOVE B110 127
MOVE B111 127
MOVE B112 127
MOVE B113 127
MOVE B114 127
MOVE B116 58
MOVE B126 127
MOVE B127 127
MOVE B128 127
MOVE B129 127
DAMAGE TURRET B117 1
SIEGE A 37 8
END TURN 333
TURN 334
COMMAND LEFT START
COMMAND LEFT END
COMMAND RIGHT START
UPGRADE 69
COMMAND RIGHT END
TURN 334 RESULT
TIME LEFT 0 5 RIGHT 0 5
UPGRADE B 69
MOVE A99 16
MOVE A100 16
MOVE B96 184
MOVE B101 127
MOVE B102 127
MOVE B103 127
MOVE B104 127
MOVE B105 127
MOVE B106 127
MOVE B107 127
MOVE B108 107
MOVE B109 107
MOVE B110 107
MOVE B111 107
MOVE B112 107
MOVE B113 107
MOVE B114 107
MOVE B116 69
MOVE B126 107
MOVE B127 107
MOVE B128 107
MOVE B129 107
DAMAGE TURRET B117 1
SIEGE A 37 4
END TURN 334
TURN 335
COMMAND LEFT START
MOVE A101 37
COMMAND LEFT END
COMMAND RIGHT START
MOVE B88 69
MOVE B117 107
MOVE B118 107
MOVE B119 107
MOVE B120 107
MOVE B121 107
MOVE B122 107
MOVE B123 107
UPGRADE 37
COMMAND RIGHT END
TURN 335 RESULT
TIME LEFT 0 5 RIGHT 0 5
UPGRADE B 37
MOVE A99 30
MOVE A100 30
MOVE A101 8
MOVE B88 87
MOVE B96 177
MOVE B101 107
MOVE B102 107
MOVE B103 107
MOVE B104 107
MOVE B105 107
MOVE B106 107
MOVE B107 107
MOVE B116 87
MOVE B117 58
MOVE B118 58
MOVE B119 58
MOVE B120 58
MOVE B121 58
MOVE B122 58
MOVE B123 58
END TURN 335
TURN 336
COMMAND LEFT START
COMMAND LEFT END
COMMAND RIGHT START
MOVE B129 48
MOVE B128 48
MOVE B127 48
MOVE B126 48
MOVE B114 48
MOVE B113 48
MOVE B112 48
MOVE B111 48
MOVE B110 48
MOVE B109 48
MOVE B108 48
MOVE B107 48
MOVE B106 48
MOVE B105 48
MOVE B104 48
MOVE B103 48
MOVE B102 48
COMMAND RIGHT END
TURN 336 RESULT
TIME LEFT 0 5 RIGHT 0 5
MOVE A99 37
MOVE A100 37
MOVE A101 16
MOVE B88 69
MOVE B96 156
MOVE B102 86
MOVE B103 86
MOVE B104 86
MOVE B105 86
MOVE B106 86
MOVE B107 86
MOVE B108 86
MOVE B109 86
MOVE B110 86
MOVE B111 86
MOVE B112 86
MOVE B113 86
MOVE B114 86
MOVE B116 107
MOVE B117 69
MOVE B118 69
MOVE B119 69
MOVE B120 69
MOVE B121 69
MOVE B122 69
MOVE B123 69
MOVE B126 86
MOVE B127 86
MOVE B128 86
MOVE B129 86
DAMAGE TURRET A99 1
DAMAGE COMBAT A99 1
DAMAGE COMBAT B124 2
END TURN 336
TURN 337
COMMAND LEFT START
COMMAND LEFT END
COMMAND RIGHT START
TRAIN 1
COMMAND RIGHT END
TURN 337 RESULT
TIME LEFT 0 5 RIGHT 0 5
TRAIN B131
MOVE A101 30
MOVE B96 145
MOVE B102 72
MOVE B103 72
MOVE B104 72
MOVE B105 72
MOVE B106 72
MOVE B107 72
MOVE B108 72
MOVE B109 72
MOVE B110 72
MOVE B111 72
MOVE B112 72
MOVE B113 72
MOVE B114 72
MOVE B116 127
MOVE B117 87
MOVE B118 87
MOVE B119 87
MOVE B120 87
MOVE B121 87
MOVE B122 87
MOVE B123 87
MOVE B126 72
MOVE B127 72
MOVE B128 72
MOVE B129 72
DAMAGE TURRET A99 1
DAMAGE COMBAT A99 1
DAMAGE COMBAT B124 2
END TURN 337
TURN 338
COMMAND LEFT START
COMMAND LEFT END
COMMAND RIGHT START
MOVE B88 37
MOVE B89 37
MOVE B50 37
MOVE B97 100
TRAIN 1
COMMAND RIGHT END
TURN 338 RESULT
TIME LEFT 0 5 RIGHT 0 5
TRAIN B132
MOVE A101 37
MOVE B50 85
MOVE B88 58
MOVE B89 87
MOVE B96 127
MOVE B97 206
MOVE B102 53
MOVE B103 53
MOVE B104 53
MOVE B105 53
MOVE B106 53
MOVE B107 53
MOVE B108 53
MOVE B109 53
MOVE B110 53
MOVE B111 53
MOVE B112 53
MOVE B113 53
MOVE B114 53
MOVE B116 145
MOVE B117 107
MOVE B118 107
MOVE B119 107
MOVE B120 107
MOVE B121 107
MOVE B122 107
MOVE B123 107
MOVE B126 53
MOVE B127 53
MOVE B128 53
MOVE B129 53
DAMAGE TURRET A99 1
DAMAGE COMBAT A100 1
DAMAGE COMBAT B124 3
END TURN 338
TURN 339
COMMAND LEFT START
TRAIN 1
COMMAND LEFT END
COMMAND RIGHT START
MOVE B101 69
MOVE B123 152
MOVE B132 107
TRAIN 1
COMMAND RIGHT END
TURN 339 RESULT
TIME LEFT 0 5 RIGHT 0 5
TRAIN A128 B133
MOVE B50 78
MOVE B88 37
MOVE B89 69
MOVE B96 107
MOVE B97 204
MOVE B101 87
MOVE B102 48
MOVE B103 48
MOVE B104 48
MOVE B105 48
MOVE B106 48
MOVE B107 48
MOVE B108 48
MOVE B109 48
MOVE B110 48
MOVE B111 48
MOVE B112 48
MOVE B113 48
MOVE B114 48
MOVE B123 102
MOVE B126 48
MOVE B127 48
MOVE B128 48
MOVE B129 48
MOVE B132 206
DAMAGE TURRET A100 1
DAMAGE TURRET B102 1
DAMAGE COMBAT A4 4
DAMAGE COMBAT A8 5
DAMAGE COMBAT A100 2
DAMAGE COMBAT B88 1
DAMAGE COMBAT B102 2
DAMAGE COMBAT B124 1
SIEGE A 48 8
END TURN 339
TURN 340
COMMAND LEFT START
MOVE A102 48
COMMAND LEFT END
COMMAND RIGHT START
MOVE B133 107
TRAIN 3
COMMAND RIGHT END
TURN 340 RESULT
TIME LEFT 0 5 RIGHT 0 5
TRAIN B134 B135 B136
MOVE A102 8
MOVE B50 63
MOVE B89 58
MOVE B96 87
MOVE B97 194
MOVE B101 69
MOVE B123 109
MOVE B132 198
MOVE B133 206
DAMAGE TURRET A100 1
DAMAGE TURRET B102 1
DAMAGE COMBAT A101 1
DAMAGE COMBAT B88 2
SIEGE A 48 4
END TURN 340
TURN 341
COMMAND LEFT START
MOVE A103 48
COMMAND LEFT END
COMMAND RIGHT START
MOVE B102 107
MOVE B103 107
MOVE B104 107
MOVE B105 107
MOVE B106 107
MOVE B107 107
MOVE B108 107
MOVE B109 107
MOVE B110 107
MOVE B111 107
MOVE B112 107
MOVE B113 107
MOVE B114 107
MOVE B126 107
MOVE B127 107
MOVE B128 107
UPGRADE 48
TRAIN 3
COMMAND RIGHT END
TURN 341 RESULT
TIME LEFT 0 5 RIGHT 0 5
UPGRADE B 48
TRAIN B137 B138 B139
MOVE A102 10
MOVE A103 8
MOVE B50 50
MOVE B89 37
MOVE B96 69
MOVE B97 179
MOVE B102 53
MOVE B103 53
MOVE B104 53
MOVE B105 53
MOVE B106 53
MOVE B107 53
MOVE B108 53
MOVE B109 53
MOVE B110 53
MOVE B111 53
MOVE B112 53
MOVE B113 53
MOVE B114 53
MOVE B123 123
MOVE B126 53
MOVE B127 53
MOVE B128 53
MOVE B132 184
MOVE B133 198
DAMAGE TURRET A101 1
DAMAGE COMBAT A101 2
DAMAGE COMBAT B88 1
END TURN 341
TURN 342
COMMAND LEFT START
COMMAND LEFT END
COMMAND RIGHT START
MOVE B139 107
MOVE B138 107
MOVE B137 107
MOVE B136 107
UPGRADE 48
COMMAND RIGHT END
TURN 342 RESULT
TIME LEFT 0 5 RIGHT 0 5
UPGRADE B 48
MOVE A102 20
MOVE A103 10
MOVE B50 37
MOVE B97 166
MOVE B102 72
MOVE B103 72
MOVE B104 72
MOVE B105 72
MOVE B106 72
MOVE B107 72
MOVE B108 72
MOVE B109 72
MOVE B110 72
MOVE B111 72
MOVE B112 72
MOVE B113 72
MOVE B114 72
MOVE B123 126
MOVE B126 72
MOVE B127 72
MOVE B128 72
MOVE B132 177
MOVE B133 184
MOVE B136 206
MOVE B137 206
MOVE B138 206
MOVE B139 206
DAMAGE TURRET A101 1
DAMAGE COMBAT B88 1
END TURN 342
TURN 343
COMMAND LEFT START
COMMAND LEFT END
COMMAND RIGHT START
MOVE B50 48
UPGRADE 37
COMMAND RIGHT END
TURN 343 RESULT
TIME LEFT 0 5 RIGHT 0 5
UPGRADE B 37
MOVE A102 35
MOVE A103 20
MOVE B50 41
MOVE B97 157
MOVE B102 86
MOVE B103 86
MOVE B104 86
MOVE B105 86
MOVE B106 86
MOVE B107 86
MOVE B108 86
MOVE B109 86
MOVE B110 86
MOVE B111 86
MOVE B112 86
MOVE B113 86
MOVE B114 86
MOVE B123 131
MOVE B126 86
MOVE B127 86
MOVE B128 86
MOVE B132 156
MOVE B133 177
MOVE B136 198
MOVE B137 198
MOVE B138 198
MOVE B139 198
END TURN 343
TURN 344
COMMAND LEFT START
COMMAND LEFT END
COMMAND RIGHT START
UPGRADE 48
COMMAND RIGHT END
TURN 344 RESULT
TIME LEFT 0 5 RIGHT 0 5
UPGRADE B 48
MOVE A102 48
MOVE A103 35
MOVE B50 48
MOVE B97 138
MOVE B102 107
MOVE B103 107
MOVE B104 107
MOVE B105 107
MOVE B106 107
MOVE B107 107
MOVE B108 107
MOVE B109 107
MOVE B110 107
MOVE B111 107
MOVE B112 107
MOVE B113 107
MOVE B114 107
MOVE B123 134
MOVE B126 107
MOVE B127 107
MOVE B128 107
MOVE B132 145
MOVE B133 156
MOVE B136 184
MOVE B137 184
MOVE B138 184
MOVE B139 184
DAMAGE TURRET A102 2
DAMAGE COMBAT A102 2
DAMAGE COMBAT B50 1
END TURN 344
TURN 345
COMMAND LEFT START
COMMAND LEFT END
COMMAND RIGHT START
TRAIN 1
COMMAND RIGHT END
TURN 345 RESULT
TIME LEFT 0 5 RIGHT 0 5
TRAIN B140
MOVE A103 48
MOVE B97 126
MOVE B123 139
MOVE B132 127
MOVE B133 145
MOVE B136 177
MOVE B137 177
MOVE B138 177
MOVE B139 177
DAMAGE TURRET A102 1
DAMAGE TURRET A103 1
DAMAGE COMBAT A103 2
DAMAGE COMBAT B50 2
END TURN 345
TURN 346
COMMAND LEFT START
COMMAND LEFT END
COMMAND RIGHT START
TRAIN 1
COMMAND RIGHT END
TURN 346 RESULT
TIME LEFT 0 5 RIGHT 0 5
TRAIN B141
MOVE B97 100
MOVE B123 137
MOVE B132 107
MOVE B133 127
MOVE B136 156
MOVE B137 156
MOVE B138 156
MOVE B139 156
DAMAGE TURRET A103 2
DAMAGE COMBAT B50 1
END TURN 346
TURN 347
COMMAND LEFT START
COMMAND LEFT END
COMMAND RIGHT START
MOVE B102 48
UPGRADE 37
COMMAND RIGHT END
TURN 347 RESULT
TIME LEFT 0 5 RIGHT 0 5
UPGRADE B 37
MOVE B102 86
MOVE B123 152
MOVE B133 107
MOVE B136 145
MOVE B137 145
MOVE B138 145
MOVE B139 145
END TURN 347
TURN 348
COMMAND LEFT START
COMMAND LEFT END
COMMAND RIGHT START
MOVE B103 37
MOVE B133 46
MOVE B141 107
MOVE B140 107
MOVE B135 107
MOVE B134 107
UPGRADE 152
COMMAND RIGHT END
TURN 348 RESULT
TIME LEFT 0 5 RIGHT 0 5
UPGRADE B 152
MOVE B102 72
MOVE B103 87
MOVE B133 86
MOVE B134 206
MOVE B135 206
MOVE B136 127
MOVE B137 127
MOVE B138 127
MOVE B139 127
MOVE B140 206
MOVE B141 206
END TURN 348
TURN 349
COMMAND LEFT START
COMMAND LEFT END
COMMAND RIGHT START
UPGRADE 152
TRAIN 3
COMMAND RIGHT END
TURN 349 RESULT
TIME LEFT 0 5 RIGHT 0 5
UPGRADE B 152
TRAIN B142 B143 B144
MOVE B102 53
MOVE B103 69
MOVE B133 72
MOVE B134 198
MOVE B135 198
MOVE B136 107
MOVE B137 107
MOVE B138 107
MOVE B139 107
MOVE B140 198
MOVE B141 198
END TURN 349
TURN 350
COMMAND LEFT START
COMMAND LEFT END
COMMAND RIGHT START
MOVE B104 152
MOVE B144 107
MOVE B143 107
MOVE B142 107
TRAIN 3
COMMAND RIGHT END
TURN 350 RESULT
TIME LEFT 0 5 RIGHT 0 5
TRAIN B145 B146 B147
MOVE B102 48
MOVE B103 58
MOVE B104 102
MOVE B133 67
MOVE B134 184
MOVE B135 184
MOVE B140 184
MOVE B141 184
MOVE B142 206
MOVE B143 206
MOVE B144 206
END TURN 350
TURN 351
COMMAND LEFT START
COMMAND LEFT END
COMMAND RIGHT START
MOVE B147 107
MOVE B146 107
MOVE B145 107
UPGRADE 152
COMMAND RIGHT END
TURN 351 RESULT
TIME LEFT 0 5 RIGHT 4 5
UPGRADE B 152
MOVE B103 37
MOVE B104 109
MOVE B133 57
MOVE B134 177
MOVE B135 177
MOVE B140 177
MOVE B141 177
MOVE B142 198
MOVE B143 198
MOVE B144 198
MOVE B145 206
MOVE B146 206
MOVE B147 206
END TURN 351
TURN 352
COMMAND LEFT START
COMMAND LEFT END
COMMAND RIGHT START
MOVE B105 152
TRAIN 3
COMMAND RIGHT END
TURN 352 RESULT
TIME LEFT 0 5 RIGHT 0 5
TRAIN B148 B149 B150
MOVE B104 123
MOVE B105 102
MOVE B133 46
MOVE B134 156
MOVE B135 156
MOVE B140 156
MOVE B141 156
MOVE B142 184
MOVE B143 184
MOVE B144 184
MOVE B145 198
MOVE B146 198
MOVE B147 198
END TURN 352
TURN 353
COMMAND LEFT START
COMMAND LEFT END
COMMAND RIGHT START
MOVE B150 107
MOVE B149 107
MOVE B148 107
UPGRADE 46
TRAIN 1
COMMAND RIGHT END
TURN 353 RESULT
TIME LEFT 0 5 RIGHT 0 5
UPGRADE B 46
TRAIN B151
MOVE B104 126
MOVE B105 109
MOVE B134 145
MOVE B135 145
MOVE B140 145
MOVE B141 145
MOVE B142 177
MOVE B143 177
MOVE B144 177
MOVE B145 184
MOVE B146 184
MOVE B147 184
MOVE B148 206
MOVE B149 206
MOVE B150 206
END TURN 353
TURN 354
COMMAND LEFT START
COMMAND LEFT END
COMMAND RIGHT START
MOVE B151 107
TRAIN 3
COMMAND RIGHT END
TURN 354 RESULT
TIME LEFT 0 5 RIGHT 0 5
TRAIN B152 B153 B154
MOVE B104 131
MOVE B105 123
MOVE B134 127
MOVE B135 127
MOVE B140 127
MOVE B141 127
MOVE B142 156
MOVE B143 156
MOVE B144 156
MOVE B145 177
MOVE B146 177
MOVE B147 177
MOVE B148 198
MOVE B149 198
MOVE B150 198
MOVE B151 206
END TURN 354
TURN 355
COMMAND LEFT START
COMMAND LEFT END
COMMAND RIGHT START
MOVE B139 60
MOVE B154 107
MOVE B153 107
MOVE B152 107
COMMAND RIGHT END
TURN 355 RESULT
TIME LEFT 0 5 RIGHT 0 5
MOVE B104 134
MOVE B105 126
MOVE B134 107
MOVE B135 107
MOVE B139 102
MOVE B140 107
MOVE B141 107
MOVE B142 145
MOVE B143 145
MOVE B144 145
MOVE B145 156
MOVE B146 156
MOVE B147 156
MOVE B148 184
MOVE B149 184
MOVE B150 184
MOVE B151 198
MOVE B152 206
MOVE B153 206
MOVE B154 206
END TURN 355
TURN 356
COMMAND LEFT START
COMMAND LEFT END
COMMAND RIGHT START
UPGRADE 46
TRAIN 3
COMMAND RIGHT END
TURN 356 RESULT
TIME LEFT 0 5 RIGHT 0 5
UPGRADE B 46
TRAIN B155 B156 B157
MOVE B104 139
MOVE B105 131
MOVE B139 89
MOVE B142 127
MOVE B143 127
MOVE B144 127
MOVE B145 145
MOVE B146 145
MOVE B147 145
MOVE B148 177
MOVE B149 177
MOVE B150 177
MOVE B151 184
MOVE B152 198
MOVE B153 198
MOVE B154 198
END TURN 356
TURN 357
COMMAND LEFT START
COMMAND LEFT END
COMMAND RIGHT START
MOVE B106 46
MOVE B157 107
MOVE B156 107
MOVE B155 107
UPGRADE 46
COMMAND RIGHT END
TURN 357 RESULT
TIME LEFT 0 5 RIGHT 0 5
UPGRADE B 46
MOVE B104 137
MOVE B105 134
MOVE B106 86
MOVE B139 84
MOVE B142 107
MOVE B143 107
MOVE B144 107
MOVE B145 127
MOVE B146 127
MOVE B147 127
MOVE B148 156
MOVE B149 156
MOVE B150 156
MOVE B151 177
MOVE B152 184
MOVE B153 184
MOVE B154 184
MOVE B155 206
MOVE B156 206
MOVE B157 206
END TURN 357
TURN 358
COMMAND LEFT START
COMMAND LEFT END
COMMAND RIGHT START
MOVE B107 46
TRAIN 3
COMMAND RIGHT END
TURN 358 RESULT
TIME LEFT 0 5 RIGHT 0 5
TRAIN B158 B159 B160
MOVE B104 152
MOVE B105 139
MOVE B106 72
MOVE B107 86
MOVE B139 78
MOVE B145 107
MOVE B146 107
MOVE B147 107
MOVE B148 145
MOVE B149 145
MOVE B150 145
MOVE B151 156
MOVE B152 177
MOVE B153 177
MOVE B154 177
MOVE B155 198
MOVE B156 198
MOVE B157 198
END TURN 358
TURN 359
COMMAND LEFT START
COMMAND LEFT END
COMMAND RIGHT START
MOVE B160 107
MOVE B159 107
MOVE B158 107
TRAIN 3
COMMAND RIGHT END
TURN 359 RESULT
TIME LEFT 0 5 RIGHT 0 5
TRAIN B161 B162 B163
MOVE B105 137
MOVE B106 67
MOVE B107 72
MOVE B139 71
MOVE B148 127
MOVE B149 127
MOVE B150 127
MOVE B151 145
MOVE B152 156
MOVE B153 156
MOVE B154 156
MOVE B155 184
MOVE B156 184
MOVE B157 184
MOVE B158 206
MOVE B159 206
MOVE B160 206
END TURN 359
TURN 360
COMMAND LEFT START
COMMAND LEFT END
COMMAND RIGHT START
MOVE B163 107
MOVE B162 107
MOVE B161 107
TRAIN 3
COMMAND RIGHT END
TURN 360 RESULT
TIME LEFT 0 5 RIGHT 0 5
TRAIN B164 B165 B166
MOVE B105 152
MOVE B106 57
MOVE B107 67
MOVE B139 59
MOVE B148 107
MOVE B149 107
MOVE B150 107
MOVE B151 127
MOVE B152 145
MOVE B153 145
MOVE B154 145
MOVE B155 177
MOVE B156 177
MOVE B157 177
MOVE B158 198
MOVE B159 198
MOVE B160 198
MOVE B161 206
MOVE B162 206
MOVE B163 206
END TURN 360
TURN 361
COMMAND LEFT START
COMMAND LEFT END
COMMAND RIGHT START
MOVE B150 25
MOVE B149 25
MOVE B148 25
MOVE B147 25
MOVE B146 25
MOVE B145 25
MOVE B144 25
MOVE B143 25
MOVE B142 25
MOVE B141 25
MOVE B140 25
MOVE B138 25
MOVE B137 25
MOVE B136 25
MOVE B135 25
MOVE B134 25
MOVE B132 25
MOVE B128 25
MOVE B127 25
MOVE B126 25
MOVE B122 25
MOVE B121 25
MOVE B120 25
MOVE B119 25
MOVE B118 25
MOVE B117 25
MOVE B114 25
MOVE B113 25
MOVE B112 25
MOVE B111 25
MOVE B110 25
COMMAND RIGHT END
TURN 361 RESULT
TIME LEFT 0 5 RIGHT 0 5
MOVE B106 46
MOVE B107 57
MOVE B110 102
MOVE B111 102
MOVE B112 102
MOVE B113 102
MOVE B114 102
MOVE B117 102
MOVE B118 102
MOVE B119 102
MOVE B120 102
MOVE B121 102
MOVE B122 102
MOVE B126 102
MOVE B127 102
MOVE B128 102
MOVE B132 102
MOVE B134 102
MOVE B135 102
MOVE B136 102
MOVE B137 102
MOVE B138 102
MOVE B139 60
MOVE B140 102
MOVE B141 102
MOVE B142 102
MOVE B143 102
MOVE B144 102
MOVE B145 102
MOVE B146 102
MOVE B147 102
MOVE B148 102
MOVE B149 102
MOVE B150 102
MOVE B151 107
MOVE B152 127
MOVE B153 127
MOVE B154 127
MOVE B155 156
MOVE B156 156
MOVE B157 156
MOVE B158 184
MOVE B159 184
MOVE B160 184
MOVE B161 198
MOVE B162 198
MOVE B163 198
END TURN 361
TURN 362
COMMAND LEFT START
COMMAND LEFT END
COMMAND RIGHT START
MOVE B166 62
MOVE B165 107
MOVE B164 107
UPGRADE 60
COMMAND RIGHT END
TURN 362 RESULT
TIME LEFT 0 5 RIGHT 0 5
UPGRADE B 60
MOVE B107 46
MOVE B110 89
MOVE B111 89
MOVE B112 89
MOVE B113 89
MOVE B114 89
MOVE B117 89
MOVE B118 89
MOVE B119 89
MOVE B120 89
MOVE B121 89
MOVE B122 89
MOVE B126 89
MOVE B127 89
MOVE B128 89
MOVE B132 89
MOVE B134 89
MOVE B135 89
MOVE B136 89
MOVE B137 89
MOVE B138 89
MOVE B140 89
MOVE B141 89
MOVE B142 89
MOVE B143 89
MOVE B144 89
MOVE B145 89
MOVE B146 89
MOVE B147 89
MOVE B148 89
MOVE B149 89
MOVE B150 89
MOVE B152 107
MOVE B153 107
MOVE B154 107
MOVE B155 145
MOVE B156 145
MOVE B157 145
MOVE B158 177
MOVE B159 177
MOVE B160 177
MOVE B161 184
MOVE B162 184
MOVE B163 184
MOVE B164 206
MOVE B165 206
MOVE B166 209
END TURN 362
TURN 363
COMMAND LEFT START
COMMAND LEFT END
COMMAND RIGHT START
UPGRADE 60
TRAIN 3
COMMAND RIGHT END
TURN 363 RESULT
TIME LEFT 0 5 RIGHT 0 5
UPGRADE B 60
TRAIN B167 B168 B169
MOVE B110 84
MOVE B111 84
MOVE B112 84
MOVE B113 84
MOVE B114 84
MOVE B117 84
MOVE B118 84
MOVE B119 84
MOVE B120 84
MOVE B121 84
MOVE B122 84
MOVE B126 84
MOVE B127 84
MOVE B128 84
MOVE B132 84
MOVE B134 84
MOVE B135 84
MOVE B136 84
MOVE B137 84
MOVE B138 84
MOVE B140 84
MOVE B141 84
MOVE B142 84
MOVE B143 84
MOVE B144 84
MOVE B145 84
MOVE B146 84
MOVE B147 84
MOVE B148 84
MOVE B149 84
MOVE B150 84
MOVE B155 127
MOVE B156 127
MOVE B157 127
MOVE B158 156
MOVE B159 156
MOVE B160 156
MOVE B161 177
MOVE B162 177
MOVE B163 177
MOVE B164 198
MOVE B165 198
MOVE B166 199
END TURN 363
TURN 364
COMMAND LEFT START
COMMAND LEFT END
COMMAND RIGHT START
MOVE B108 60
MOVE B169 107
MOVE B168 107
MOVE B167 107
UPGRADE 60
TRAIN 1
COMMAND RIGHT END
TURN 364 RESULT
TIME LEFT 0 5 RIGHT 0 5
UPGRADE B 60
TRAIN B170
MOVE B108 102
MOVE B110 63
MOVE B111 63
MOVE B112 63
MOVE B113 63
MOVE B114 63
MOVE B117 63
MOVE B118 63
MOVE B119 63
MOVE B120 63
MOVE B121 63
MOVE B122 63
MOVE B126 63
MOVE B127 63
MOVE B128 63
MOVE B132 63
MOVE B134 63
MOVE B135 63
MOVE B136 63
MOVE B137 63
MOVE B138 63
MOVE B140 63
MOVE B141 63
MOVE B142 63
MOVE B143 63
MOVE B144 63
MOVE B145 63
MOVE B146 63
MOVE B147 63
MOVE B148 63
MOVE B149 63
MOVE B150 63
MOVE B155 107
MOVE B156 107
MOVE B157 107
MOVE B158 145
MOVE B159 145
MOVE B160 145
MOVE B161 156
MOVE B162 156
MOVE B163 156
MOVE B164 184
MOVE B165 184
MOVE B166 187
MOVE B167 206
MOVE B168 206
MOVE B169 206
END TURN 364
TURN 365
COMMAND LEFT START
COMMAND LEFT END
COMMAND RIGHT START
MOVE B109 60
MOVE B170 107
TRAIN 3
COMMAND RIGHT END
TURN 365 RESULT
TIME LEFT 0 5 RIGHT 0 5
TRAIN B171 B172 B173
MOVE B108 89
MOVE B109 102
MOVE B110 61
MOVE B111 61
MOVE B112 61
MOVE B113 61
MOVE B114 61
MOVE B117 61
MOVE B118 61
MOVE B119 61
MOVE B120 61
MOVE B121 61
MOVE B122 61
MOVE B126 61
MOVE B127 61
MOVE B128 61
MOVE B132 61
MOVE B134 61
MOVE B135 61
MOVE B136 61
MOVE B137 61
MOVE B138 61
MOVE B140 61
MOVE B141 61
MOVE B142 61
MOVE B143 61
MOVE B144 61
MOVE B145 61
MOVE B146 61
MOVE B147 61
MOVE B148 61
MOVE B149 61
MOVE B150 61
MOVE B158 127
MOVE B159 127
MOVE B160 127
MOVE B161 145
MOVE B162 145
MOVE B163 145
MOVE B164 177
MOVE B165 177
MOVE B166 167
MOVE B167 198
MOVE B168 198
MOVE B169 198
MOVE B170 206
END TURN 365
TURN 366
COMMAND LEFT START
COMMAND LEFT END
COMMAND RIGHT START
MOVE B173 107
MOVE B172 107
MOVE B171 107
TRAIN 3
COMMAND RIGHT END
TURN 366 RESULT
TIME LEFT 0 5 RIGHT 0 5
TRAIN B174 B175 B176
MOVE B108 84
MOVE B109 89
MOVE B110 47
MOVE B111 47
MOVE B112 47
MOVE B113 47
MOVE B114 47
MOVE B117 47
MOVE B118 47
MOVE B119 47
MOVE B120 47
MOVE B121 47
MOVE B122 47
MOVE B126 47
MOVE B127 47
MOVE B128 47
MOVE B132 47
MOVE B134 47
MOVE B135 47
MOVE B136 47
MOVE B137 47
MOVE B138 47
MOVE B140 47
MOVE B141 47
MOVE B142 47
MOVE B143 47
MOVE B144 47
MOVE B145 47
MOVE B146 47
MOVE B147 47
MOVE B148 47
MOVE B149 47
MOVE B150 47
MOVE B158 107
MOVE B159 107
MOVE B160 107
MOVE B161 127
MOVE B162 127
MOVE B163 127
MOVE B164 156
MOVE B165 156
MOVE B166 155
MOVE B167 184
MOVE B168 184
MOVE B169 184
MOVE B170 198
MOVE B171 206
MOVE B172 206
MOVE B173 206
END TURN 366
TURN 367
COMMAND LEFT START
COMMAND LEFT END
COMMAND RIGHT START
MOVE B176 107
MOVE B175 107
MOVE B174 107
TRAIN 3
COMMAND RIGHT END
TURN 367 RESULT
TIME LEFT 0 5 RIGHT 0 5
TRAIN B177 B178 B179
MOVE B108 78
MOVE B109 84
MOVE B110 25
MOVE B111 25
MOVE B112 25
MOVE B113 25
MOVE B114 25
MOVE B117 25
MOVE B118 25
MOVE B119 25
MOVE B120 25
MOVE B121 25
MOVE B122 25
MOVE B126 25
MOVE B127 25
MOVE B128 25
MOVE B132 25
MOVE B134 25
MOVE B135 25
MOVE B136 25
MOVE B137 25
MOVE B138 25
MOVE B140 25
MOVE B141 25
MOVE B142 25
MOVE B143 25
MOVE B144 25
MOVE B145 25
MOVE B146 25
MOVE B147 25
MOVE B148 25
MOVE B149 25
MOVE B150 25
MOVE B161 107
MOVE B162 107
MOVE B163 107
MOVE B164 145
MOVE B165 145
MOVE B166 140
MOVE B167 177
MOVE B168 177
MOVE B169 177
MOVE B170 184
MOVE B171 198
MOVE B172 198
MOVE B173 198
MOVE B174 206
MOVE B175 206
MOVE B176 206
DAMAGE TURRET B117 1
DAMAGE COMBAT A2 4
DAMAGE COMBAT A6 4
DAMAGE COMBAT B117 2
SIEGE A 25 12
END TURN 367
TURN 368
COMMAND LEFT START
MOVE A104 25
COMMAND LEFT END
COMMAND RIGHT START
MOVE B110 107
MOVE B111 107
MOVE B112 107
MOVE B113 107
MOVE B114 107
MOVE B117 107
MOVE B118 107
MOVE B119 107
MOVE B120 107
MOVE B121 107
MOVE B122 107
MOVE B126 107
MOVE B127 107
MOVE B128 107
MOVE B132 107
MOVE B134 107
MOVE B135 107
MOVE B136 107
MOVE B137 107
MOVE B138 107
MOVE B140 107
MOVE B141 107
MOVE B142 107
MOVE B143 107
MOVE B144 107
MOVE B145 107
MOVE B146 107
MOVE B147 107
MOVE B148 107
MOVE B149 107
MOVE B179 107
MOVE B178 107
MOVE B177 107
UPGRADE 25
TRAIN 3
COMMAND RIGHT END
TURN 368 RESULT
TIME LEFT 0 5 RIGHT 0 5
UPGRADE B 25
TRAIN B180 B181 B182
MOVE A104 3
MOVE B108 71
MOVE B109 78
MOVE B110 47
MOVE B111 47
MOVE B112 47
MOVE B113 47
MOVE B114 47
MOVE B117 47
MOVE B118 47
MOVE B119 47
MOVE B120 47
MOVE B121 47
MOVE B122 47
MOVE B126 47
MOVE B127 47
MOVE B128 47
MOVE B132 47
MOVE B134 47
MOVE B135 47
MOVE B136 47
MOVE B137 47
MOVE B138 47
MOVE B140 47
MOVE B141 47
MOVE B142 47
MOVE B143 47
MOVE B144 47
MOVE B145 47
MOVE B146 47
MOVE B147 47
MOVE B148 47
MOVE B149 47
MOVE B164 127
MOVE B165 127
MOVE B166 135
MOVE B167 156
MOVE B168 156
MOVE B169 156
MOVE B170 177
MOVE B171 184
MOVE B172 184
MOVE B173 184
MOVE B174 198
MOVE B175 198
MOVE B176 198
MOVE B177 206
MOVE B178 206
MOVE B179 206
END TURN 368
TURN 369
COMMAND LEFT START
COMMAND LEFT END
COMMAND RIGHT START
MOVE B182 107
MOVE B181 107
MOVE B180 107
UPGRADE 25
COMMAND RIGHT END
TURN 369 RESULT
TIME LEFT 0 5 RIGHT 0 5
UPGRADE B 25
MOVE A104 6
MOVE B108 59
MOVE B109 71
MOVE B110 61
MOVE B111 61
MOVE B112 61
MOVE B113 61
MOVE B114 61
MOVE B117 61
MOVE B118 61
MOVE B119 61
MOVE B120 61
MOVE B121 61
MOVE B122 61
MOVE B126 61
MOVE B127 61
MOVE B128 61
MOVE B132 61
MOVE B134 61
MOVE B135 61
MOVE B136 61
MOVE B137 61
MOVE B138 61
MOVE B140 61
MOVE B141 61
MOVE B142 61
MOVE B143 61
MOVE B144 61
MOVE B145 61
MOVE B146 61
MOVE B147 61
MOVE B148 61
MOVE B149 61
MOVE B164 107
MOVE B165 107
MOVE B166 117
MOVE B167 145
MOVE B168 145
MOVE B169 145
MOVE B170 156
MOVE B171 177
MOVE B172 177
MOVE B173 177
MOVE B174 184
MOVE B175 184
MOVE B176 184
MOVE B177 198
MOVE B178 198
MOVE B179 198
MOVE B180 206
MOVE B181 206
MOVE B182 206
END TURN 369
TURN 370
COMMAND LEFT START
COMMAND LEFT END
COMMAND RIGHT START
MOVE B151 25
UPGRADE 25
COMMAND RIGHT END
TURN 370 RESULT
TIME LEFT 0 5 RIGHT 0 5
UPGRADE B 25
MOVE A104 13
MOVE B108 60
MOVE B109 59
MOVE B110 63
MOVE B111 63
MOVE B112 63
MOVE B113 63
MOVE B114 63
MOVE B117 63
MOVE B118 63
MOVE B119 63
MOVE B120 63
MOVE B121 63
MOVE B122 63
MOVE B126 63
MOVE B127 63
MOVE B128 63
MOVE B132 63
MOVE B134 63
MOVE B135 63
MOVE B136 63
MOVE B137 63
MOVE B138 63
MOVE B140 63
MOVE B141 63
MOVE B142 63
MOVE B143 63
MOVE B144 63
MOVE B145 63
MOVE B146 63
MOVE B147 63
MOVE B148 63
MOVE B149 63
MOVE B151 102
MOVE B166 104
MOVE B167 127
MOVE B168 127
MOVE B169 127
MOVE B170 145
MOVE B171 156
MOVE B172 156
MOVE B173 156
MOVE B174 177
MOVE B175 177
MOVE B176 177
MOVE B177 184
MOVE B178 184
MOVE B179 184
MOVE B180 198
MOVE B181 198
MOVE B182 198
END TURN 370
TURN 371
COMMAND LEFT START
COMMAND LEFT END
COMMAND RIGHT START
MOVE B152 25
TRAIN 3
COMMAND RIGHT END
TURN 371 RESULT
TIME LEFT 0 5 RIGHT 0 5
TRAIN B183 B184 B185
MOVE A104 25
MOVE B109 60
MOVE B110 84
MOVE B111 84
MOVE B112 84
MOVE B113 84
MOVE B114 84
MOVE B117 84
MOVE B118 84
MOVE B119 84
MOVE B120 84
MOVE B121 84
MOVE B122 84
MOVE B126 84
MOVE B127 84
MOVE B128 84
MOVE B132 84
MOVE B134 84
MOVE B135 84
MOVE B136 84
MOVE B137 84
MOVE B138 84
MOVE B140 84
MOVE B141 84
MOVE B142 84
MOVE B143 84
MOVE B144 84
MOVE B145 84
MOVE B146 84
MOVE B147 84
MOVE B148 84
MOVE B149 84
MOVE B151 89
MOVE B152 102
MOVE B166 90
MOVE B167 107
MOVE B168 107
MOVE B169 107
MOVE B170 127
MOVE B171 145
MOVE B172 145
MOVE B173 145
MOVE B174 156
MOVE B175 156
MOVE B176 156
MOVE B177 177
MOVE B178 177
MOVE B179 177
MOVE B180 184
MOVE B181 184
MOVE B182 184
DAMAGE TURRET A104 2
DAMAGE COMBAT A104 1
DAMAGE COMBAT B150 1
END TURN 371
TURN 372
COMMAND LEFT START
COMMAND LEFT END
COMMAND RIGHT START
MOVE B185 107
MOVE B184 107
MOVE B183 107
TRAIN 3
COMMAND RIGHT END
TURN 372 RESULT
TIME LEFT 0 5 RIGHT 0 5
TRAIN B186 B187 B188
MOVE B110 89
MOVE B111 89
MOVE B112 89
MOVE B113 89
MOVE B114 89
MOVE B117 89
MOVE B118 89
MOVE B119 89
MOVE B120 89
MOVE B121 89
MOVE B122 89
MOVE B126 89
MOVE B127 89
MOVE B128 89
MOVE B132 89
MOVE B134 89
MOVE B135 89
MOVE B136 89
MOVE B137 89
MOVE B138 89
MOVE B140 89
MOVE B141 89
MOVE B142 89
MOVE B143 89
MOVE B144 89
MOVE B145 89
MOVE B146 89
MOVE B147 89
MOVE B148 89
MOVE B149 89
MOVE B151 84
MOVE B152 89
MOVE B166 77
MOVE B170 107
MOVE B171 127
MOVE B172 127
MOVE B173 127
MOVE B174 145
MOVE B175 145
MOVE B176 145
MOVE B177 156
MOVE B178 156
MOVE B179 156
MOVE B180 177
MOVE B181 177
MOVE B182 177
MOVE B183 206
MOVE B184 206
MOVE B185 206
DAMAGE TURRET A104 2
DAMAGE COMBAT B150 1
END TURN 372
TURN 373
COMMAND LEFT START
COMMAND LEFT END
COMMAND RIGHT START
MOVE B188 107
MOVE B187 107
MOVE B186 107
TRAIN 3
COMMAND RIGHT END
TURN 373 RESULT
TIME LEFT 0 5 RIGHT 0 5
TRAIN B189 B190 B191
MOVE B110 102
MOVE B111 102
MOVE B112 102
MOVE B113 102
MOVE B114 102
MOVE B117 102
MOVE B118 102
MOVE B119 102
MOVE B120 102
MOVE B121 102
MOVE B122 102
MOVE B126 102
MOVE B127 102
MOVE B128 102
MOVE B132 102
MOVE B134 102
MOVE B135 102
MOVE B136 102
MOVE B137 102
MOVE B138 102
MOVE B140 102
MOVE B141 102
MOVE B142 102
MOVE B143 102
MOVE B144 102
MOVE B145 102
MOVE B146 102
MOVE B147 102
MOVE B148 102
MOVE B149 102
MOVE B151 63
MOVE B152 84
MOVE B166 62
MOVE B171 107
MOVE B172 107
MOVE B173 107
MOVE B174 127
MOVE B175 127
MOVE B176 127
MOVE B177 145
MOVE B178 145
MOVE B179 145
MOVE B180 156
MOVE B181 156
MOVE B182 156
MOVE B183 198
MOVE B184 198
MOVE B185 198
MOVE B186 206
MOVE B187 206
MOVE B188 206
END TURN 373
TURN 374
COMMAND LEFT START
COMMAND LEFT END
COMMAND RIGHT START
MOVE B191 107
MOVE B190 107
MOVE B189 107
UPGRADE 62
TRAIN 3
COMMAND RIGHT END
TURN 374 RESULT
TIME LEFT 0 5 RIGHT 0 5
UPGRADE B 62
TRAIN B192 B193 B194
MOVE B110 107
MOVE B111 107
MOVE B112 107
MOVE B113 107
MOVE B114 107
MOVE B117 107
MOVE B118 107
MOVE B119 107
MOVE B120 107
MOVE B121 107
MOVE B122 107
MOVE B126 107
MOVE B127 107
MOVE B128 107
MOVE B132 107
MOVE B134 107
MOVE B135 107
MOVE B136 107
MOVE B137 107
MOVE B138 107
MOVE B140 107
MOVE B141 107
MOVE B142 107
MOVE B143 107
MOVE B144 107
MOVE B145 107
MOVE B146 107
MOVE B147 107
MOVE B148 107
MOVE B149 107
MOVE B151 61
MOVE B152 63
MOVE B174 107
MOVE B175 107
MOVE B176 107
MOVE B177 127
MOVE B178 127
MOVE B179 127
MOVE B180 145
MOVE B181 145
MOVE B182 145
MOVE B183 184
MOVE B184 184
MOVE B185 184
MOVE B186 198
MOVE B187 198
MOVE B188 198
MOVE B189 206
MOVE B190 206
MOVE B191 206
END TURN 374
TURN 375
COMMAND LEFT START
COMMAND LEFT END
COMMAND RIGHT START
MOVE B176 0
MOVE B175 0
MOVE B174 0
MOVE B173 0
MOVE B172 0
MOVE B171 0
MOVE B170 0
MOVE B169 0
MOVE B168 0
MOVE B167 0
MOVE B165 0
MOVE B164 0
MOVE B163 0
MOVE B162 0
MOVE B161 0
MOVE B160 0
MOVE B159 0
MOVE B158 0
MOVE B157 0
MOVE B156 0
MOVE B155 0
MOVE B154 0
MOVE B153 0
MOVE B149 0
MOVE B148 0
MOVE B147 0
MOVE B146 0
MOVE B145 0
MOVE B144 0
MOVE B143 0
MOVE B142 0
MOVE B141 0
MOVE B140 0
MOVE B138 0
MOVE B137 0
MOVE B136 0
MOVE B135 0
MOVE B134 0
MOVE B132 0
MOVE B128 0
MOVE B127 0
MOVE B126 0
MOVE B122 0
MOVE B121 0
MOVE B120 0
MOVE B119 0
MOVE B118 0
MOVE B117 0
MOVE B114 0
MOVE B113 0
MOVE B112 0
COMMAND RIGHT END
TURN 375 RESULT
TIME LEFT 0 5 RIGHT 0 5
MOVE B112 87
MOVE B113 87
MOVE B114 87
MOVE B117 87
MOVE B118 87
MOVE B119 87
MOVE B120 87
MOVE B121 87
MOVE B122 87
MOVE B126 87
MOVE B127 87
MOVE B128 87
MOVE B132 87
MOVE B134 87
MOVE B135 87
MOVE B136 87
MOVE B137 87
MOVE B138 87
MOVE B140 87
MOVE B141 87
MOVE B142 87
MOVE B143 87
MOVE B144 87
MOVE B145 87
MOVE B146 87
MOVE B147 87
MOVE B148 87
MOVE B149 87
MOVE B151 47
MOVE B152 61
MOVE B153 87
MOVE B154 87
MOVE B155 87
MOVE B156 87
MOVE B157 87
MOVE B158 87
MOVE B159 87
MOVE B160 87
MOVE B161 87
MOVE B162 87
MOVE B163 87
MOVE B164 87
MOVE B165 87
MOVE B167 87
MOVE B168 87
MOVE B169 87
MOVE B170 87
MOVE B171 87
MOVE B172 87
MOVE B173 87
MOVE B174 87
MOVE B175 87
MOVE B176 87
MOVE B177 107
MOVE B178 107
MOVE B179 107
MOVE B180 127
MOVE B181 127
MOVE B182 127
MOVE B183 177
MOVE B184 177
MOVE B185 177
MOVE B186 184
MOVE B187 184
MOVE B188 184
MOVE B189 198
MOVE B190 198
MOVE B191 198
END TURN 375
TURN 376
COMMAND LEFT START
COMMAND LEFT END
COMMAND RIGHT START
MOVE B194 107
MOVE B193 107
MOVE B192 107
TRAIN 3
COMMAND RIGHT END
TURN 376 RESULT
TIME LEFT 0 5 RIGHT 0 5
TRAIN B195 B196 B197
MOVE B112 69
MOVE B113 69
MOVE B114 69
MOVE B117 69
MOVE B118 69
MOVE B119 69
MOVE B120 69
MOVE B121 69
MOVE B122 69
MOVE B126 69
MOVE B127 69
MOVE B128 69
MOVE B132 69
MOVE B134 69
MOVE B135 69
MOVE B136 69
MOVE B137 69
MOVE B138 69
MOVE B140 69
MOVE B141 69
MOVE B142 69
MOVE B143 69
MOVE B144 69
MOVE B145 69
MOVE B146 69
MOVE B147 69
MOVE B148 69
MOVE B149 69
MOVE B151 25
MOVE B152 47
MOVE B153 69
MOVE B154 69
MOVE B155 69
MOVE B156 69
MOVE B157 69
MOVE B158 69
MOVE B159 69
MOVE B160 69
MOVE B161 69
MOVE B162 69
MOVE B163 69
MOVE B164 69
MOVE B165 69
MOVE B167 69
MOVE B168 69
MOVE B169 69
MOVE B170 69
MOVE B171 69
MOVE B172 69
MOVE B173 69
MOVE B174 69
MOVE B175 69
MOVE B176 69
MOVE B180 107
MOVE B181 107
MOVE B182 107
MOVE B183 156
MOVE B184 156
MOVE B185 156
MOVE B186 177
MOVE B187 177
MOVE B188 177
MOVE B189 184
MOVE B190 184
MOVE B191 184
MOVE B192 206
MOVE B193 206
MOVE B194 206
END TURN 376
TURN 377
COMMAND LEFT START
COMMAND LEFT END
COMMAND RIGHT START
MOVE B197 107
MOVE B196 107
MOVE B195 107
TRAIN 3
COMMAND RIGHT END
TURN 377 RESULT
TIME LEFT 0 5 RIGHT 0 5
TRAIN B198 B199 B200
MOVE B112 58
MOVE B113 58
MOVE B114 58
MOVE B117 58
MOVE B118 58
MOVE B119 58
MOVE B120 58
MOVE B121 58
MOVE B122 58
MOVE B126 58
MOVE B127 58
MOVE B128 58
MOVE B132 58
MOVE B134 58
MOVE B135 58
MOVE B136 58
MOVE B137 58
MOVE B138 58
MOVE B140 58
MOVE B141 58
MOVE B142 58
MOVE B143 58
MOVE B144 58
MOVE B145 58
MOVE B146 58
MOVE B147 58
MOVE B148 58
MOVE B149 58
MOVE B152 25
MOVE B153 58
MOVE B154 58
MOVE B155 58
MOVE B156 58
MOVE B157 58
MOVE B158 58
MOVE B159 58
MOVE B160 58
MOVE B161 58
MOVE B162 58
MOVE B163 58
MOVE B164 58
MOVE B165 58
MOVE B167 58
MOVE B168 58
MOVE B169 58
MOVE B170 58
MOVE B171 58
MOVE B172 58
MOVE B173 58
MOVE B174 58
MOVE B175 58
MOVE B176 58
MOVE B183 145
MOVE B184 145
MOVE B185 145
MOVE B186 156
MOVE B187 156
MOVE B188 156
MOVE B189 177
MOVE B190 177
MOVE B191 177
MOVE B192 198
MOVE B193 198
MOVE B194 198
MOVE B195 206
MOVE B196 206
MOVE B197 206
END TURN 377
TURN 378
COMMAND LEFT START
COMMAND LEFT END
COMMAND RIGHT START
MOVE B200 107
MOVE B199 107
MOVE B198 107
TRAIN 1
COMMAND RIGHT END
TURN 378 RESULT
TIME LEFT 0 5 RIGHT 0 5
TRAIN B201
MOVE B112 37
MOVE B113 37
MOVE B114 37
MOVE B117 37
MOVE B118 37
MOVE B119 37
MOVE B120 37
MOVE B121 37
MOVE B122 37
MOVE B126 37
MOVE B127 37
MOVE B128 37
MOVE B132 37
MOVE B134 37
MOVE B135 37
MOVE B136 37
MOVE B137 37
MOVE B138 37
MOVE B140 37
MOVE B141 37
MOVE B142 37
MOVE B143 37
MOVE B144 37
MOVE B145 37
MOVE B146 37
MOVE B147 37
MOVE B148 37
MOVE B149 37
MOVE B153 37
MOVE B154 37
MOVE B155 37
MOVE B156 37
MOVE B157 37
MOVE B158 37
MOVE B159 37
MOVE B160 37
MOVE B161 37
MOVE B162 37
MOVE B163 37
MOVE B164 37
MOVE B165 37
MOVE B167 37
MOVE B168 37
MOVE B169 37
MOVE B170 37
MOVE B171 37
MOVE B172 37
MOVE B173 37
MOVE B174 37
MOVE B175 37
MOVE B176 37
MOVE B183 127
MOVE B184 127
MOVE B185 127
MOVE B186 145
MOVE B187 145
MOVE B188 145
MOVE B189 156
MOVE B190 156
MOVE B191 156
MOVE B192 184
MOVE B193 184
MOVE B194 184
MOVE B195 198
MOVE B196 198
MOVE B197 198
MOVE B198 206
MOVE B199 206
MOVE B200 206
END TURN 378
TURN 379
COMMAND LEFT START
COMMAND LEFT END
COMMAND RIGHT START
MOVE B201 107
TRAIN 3
COMMAND RIGHT END
TURN 379 RESULT
TIME LEFT 0 5 RIGHT 0 5
TRAIN B202 B203 B204
MOVE B112 30
MOVE B113 30
MOVE B114 30
MOVE B117 30
MOVE B118 30
MOVE B119 30
MOVE B120 30
MOVE B121 30
MOVE B122 30
MOVE B126 30
MOVE B127 30
MOVE B128 30
MOVE B132 30
MOVE B134 30
MOVE B135 30
MOVE B136 30
MOVE B137 30
MOVE B138 30
MOVE B140 30
MOVE B141 30
MOVE B142 30
MOVE B143 30
MOVE B144 30
MOVE B145 30
MOVE B146 30
MOVE B147 30
MOVE B148 30
MOVE B149 30
MOVE B153 30
MOVE B154 30
MOVE B155 30
MOVE B156 30
MOVE B157 30
MOVE B158 30
MOVE B159 30
MOVE B160 30
MOVE B161 30
MOVE B162 30
MOVE B163 30
MOVE B164 30
MOVE B165 30
MOVE B167 30
MOVE B168 30
MOVE B169 30
MOVE B170 30
MOVE B171 30
MOVE B172 30
MOVE B173 30
MOVE B174 30
MOVE B175 30
MOVE B176 30
MOVE B183 107
MOVE B184 107
MOVE B185 107
MOVE B186 127
MOVE B187 127
MOVE B188 127
MOVE B189 145
MOVE B190 145
MOVE B191 145
MOVE B192 177
MOVE B193 177
MOVE B194 177
MOVE B195 184
MOVE B196 184
MOVE B197 184
MOVE B198 198
MOVE B199 198
MOVE B200 198
MOVE B201 206
END TURN 379
TURN 380
COMMAND LEFT START
COMMAND LEFT END
COMMAND RIGHT START
MOVE B204 107
MOVE B203 107
MOVE B202 107
TRAIN 3
COMMAND RIGHT END
TURN 380 RESULT
TIME LEFT 0 5 RIGHT 0 5
TRAIN B205 B206 B207
MOVE B112 16
MOVE B113 16
MOVE B114 16
MOVE B117 16
MOVE B118 16
MOVE B119 16
MOVE B120 16
MOVE B121 16
MOVE B122 16
MOVE B126 16
MOVE B127 16
MOVE B128 16
MOVE B132 16
MOVE B134 16
MOVE B135 16
MOVE B136 16
MOVE B137 16
MOVE B138 16
MOVE B140 16
MOVE B141 16
MOVE B142 16
MOVE B143 16
MOVE B144 16
MOVE B145 16
MOVE B146 16
MOVE B147 16
MOVE B148 16
MOVE B149 16
MOVE B153 16
MOVE B154 16
MOVE B155 16
MOVE B156 16
MOVE B157 16
MOVE B158 16
MOVE B159 16
MOVE B160 16
MOVE B161 16
MOVE B162 16
MOVE B163 16
MOVE B164 16
MOVE B165 16
MOVE B167 16
MOVE B168 16
MOVE B169 16
MOVE B170 16
MOVE B171 16
MOVE B172 16
MOVE B173 16
MOVE B174 16
MOVE B175 16
MOVE B176 16
MOVE B186 107
MOVE B187 107
MOVE B188 107
MOVE B189 127
MOVE B190 127
MOVE B191 127
MOVE B192 156
MOVE B193 156
MOVE B194 156
MOVE B195 177
MOVE B196 177
MOVE B197 177
MOVE B198 184
MOVE B199 184
MOVE B200 184
MOVE B201 198
MOVE B202 206
MOVE B203 206
MOVE B204 206
END TURN 380
TURN 381
COMMAND LEFT START
COMMAND LEFT END
COMMAND RIGHT START
MOVE B207 107
MOVE B206 107
MOVE B205 107
TRAIN 3
COMMAND RIGHT END
TURN 381 RESULT
TIME LEFT 0 5 RIGHT 0 5
TRAIN B208 B209 B210
MOVE B112 8
MOVE B113 8
MOVE B114 8
MOVE B117 8
MOVE B118 8
MOVE B119 8
MOVE B120 8
MOVE B121 8
MOVE B122 8
MOVE B126 8
MOVE B127 8
MOVE B128 8
MOVE B132 8
MOVE B134 8
MOVE B135 8
MOVE B136 8
MOVE B137 8
MOVE B138 8
MOVE B140 8
MOVE B141 8
MOVE B142 8
MOVE B143 8
MOVE B144 8
MOVE B145 8
MOVE B146 8
MOVE B147 8
MOVE B148 8
MOVE B149 8
MOVE B153 8
MOVE B154 8
MOVE B155 8
MOVE B156 8
MOVE B157 8
MOVE B158 8
MOVE B159 8
MOVE B160 8
MOVE B161 8
MOVE B162 8
MOVE B163 8
MOVE B164 8
MOVE B165 8
MOVE B167 8
MOVE B168 8
MOVE B169 8
MOVE B170 8
MOVE B171 8
MOVE B172 8
MOVE B173 8
MOVE B174 8
MOVE B175 8
MOVE B176 8
MOVE B189 107
MOVE B190 107
MOVE B191 107
MOVE B192 145
MOVE B193 145
MOVE B194 145
MOVE B195 156
MOVE B196 156
MOVE B197 156
MOVE B198 177
MOVE B199 177
MOVE B200 177
MOVE B201 184
MOVE B202 198
MOVE B203 198
MOVE B204 198
MOVE B205 206
MOVE B206 206
MOVE B207 206
END TURN 381
TURN 382
COMMAND LEFT START
COMMAND LEFT END
COMMAND RIGHT START
TRAIN 3
COMMAND RIGHT END
TURN 382 RESULT
TIME LEFT 0 5 RIGHT 0 5
TRAIN B211 B212 B213
MOVE B112 0
MOVE B113 0
MOVE B114 0
MOVE B117 0
MOVE B118 0
MOVE B119 0
MOVE B120 0
MOVE B121 0
MOVE B122 0
MOVE B126 0
MOVE B127 0
MOVE B128 0
MOVE B132 0
MOVE B134 0
MOVE B135 0
MOVE B136 0
MOVE B137 0
MOVE B138 0
MOVE B140 0
MOVE B141 0
MOVE B142 0
MOVE B143 0
MOVE B144 0
MOVE B145 0
MOVE B146 0
MOVE B147 0
MOVE B148 0
MOVE B149 0
MOVE B153 0
MOVE B154 0
MOVE B155 0
MOVE B156 0
MOVE B157 0
MOVE B158 0
MOVE B159 0
MOVE B160 0
MOVE B161 0
MOVE B162 0
MOVE B163 0
MOVE B164 0
MOVE B165 0
MOVE B167 0
MOVE B168 0
MOVE B169 0
MOVE B170 0
MOVE B171 0
MOVE B172 0
MOVE B173 0
MOVE B174 0
MOVE B175 0
MOVE B176 0
MOVE B192 127
MOVE B193 127
MOVE B194 127
MOVE B195 145
MOVE B196 145
MOVE B197 145
MOVE B198 156
MOVE B199 156
MOVE B200 156
MOVE B201 177
MOVE B202 184
MOVE B203 184
MOVE B204 184
MOVE B205 198
MOVE B206 198
MOVE B207 198
DAMAGE TURRET B117 2
DAMAGE COMBAT A3 4
DAMAGE COMBAT A5 4
DAMAGE COMBAT A105 5
DAMAGE COMBAT A106 5
DAMAGE COMBAT A107 5
DAMAGE COMBAT A108 5
DAMAGE COMBAT A109 5
DAMAGE COMBAT A110 5
DAMAGE COMBAT A111 5
DAMAGE COMBAT A112 5
DAMAGE COMBAT A113 3
DAMAGE COMBAT B112 7
DAMAGE COMBAT B113 7
DAMAGE COMBAT B114 7
DAMAGE COMBAT B118 5
END TURN 382
TURN 383
COMMAND LEFT START
COMMAND LEFT END
COMMAND RIGHT START
TRAIN 3
COMMAND RIGHT END
TURN 383 RESULT
TIME LEFT 0 5 RIGHT 0 5
TRAIN B214 B215 B216
MOVE B192 107
MOVE B193 107
MOVE B194 107
MOVE B195 127
MOVE B196 127
MOVE B197 127
MOVE B198 145
MOVE B199 145
MOVE B200 145
MOVE B201 156
MOVE B202 177
MOVE B203 177
MOVE B204 177
MOVE B205 184
MOVE B206 184
MOVE B207 184
DAMAGE TURRET B118 2
DAMAGE COMBAT A113 2
DAMAGE COMBAT A114 5
DAMAGE COMBAT A115 5
DAMAGE COMBAT A116 5
DAMAGE COMBAT A117 5
DAMAGE COMBAT A118 5
DAMAGE COMBAT A119 5
DAMAGE COMBAT A120 5
DAMAGE COMBAT A121 5
DAMAGE COMBAT A122 5
DAMAGE COMBAT B118 1
DAMAGE COMBAT B119 8
DAMAGE COMBAT B120 7
END TURN 383
TURN 384
COMMAND LEFT START
COMMAND LEFT END
COMMAND RIGHT START
TRAIN 3
COMMAND RIGHT END
TURN 384 RESULT
TIME LEFT 0 5 RIGHT 0 5
TRAIN B217 B218 B219
MOVE B195 107
MOVE B196 107
MOVE B197 107
MOVE B198 127
MOVE B199 127
MOVE B200 127
MOVE B201 145
MOVE B202 156
MOVE B203 156
MOVE B204 156
MOVE B205 177
MOVE B206 177
MOVE B207 177
DAMAGE TURRET B120 1
DAMAGE TURRET B121 1
DAMAGE COMBAT A123 5
DAMAGE COMBAT A124 5
DAMAGE COMBAT A125 5
DAMAGE COMBAT A126 5
DAMAGE COMBAT A127 5
DAMAGE COMBAT A128 5
DAMAGE COMBAT B121 6
SIEGE A 0 15
END TURN 384
RESULT RIGHT_WIN HQ_DESTROYED
